asset_key,domain,asset_type,resref,bam_container,bam_version,frame_count,cycle_count,source_bif,locator,source_size,source_sha256,extracted_path
supplemental:effects:misc-animation-bam:0202A,effects,misc-animation-bam,0202A,BAMC,V1,9,1,data/MISCAnim.bif,0x01300000,265056,10044B8F674700577B2B29B58538E190EDF95CF586049922BE60225051C55506,graphics/source/effects/0202A.bam
supplemental:ui:ui-bam:25MAPIC,ui,ui-bam,25MAPIC,BAM,V2,651,19,data/25GuiBam.bif,0x08F00000,31468,5D67EF642B05365B91B8980F9316DB3279414DECD2413EFBAF3871D7EF4B1256,graphics/source/ui/25MAPIC.bam
supplemental:effects:spell-animation-bam:ACIDDTH,effects,spell-animation-bam,ACIDDTH,BAM,V1,63,2,data/SPELAnim.bif,0x01500001,18750,1B25F6AC0161A7059D025F1BBC56855BADA5B7B8B9B89DE0210522D05058D512,graphics/source/effects/ACIDDTH.bam
supplemental:effects:misc-animation-bam:AM0021A,effects,misc-animation-bam,AM0021A,BAMC,V1,9,1,data/MISCAnim.bif,0x01300001,176317,2FBF9E54929E529B07B80A1E5A3B726F2017BF4E70DA18F8DB26EBE248652BEF,graphics/source/effects/AM0021A.bam
supplemental:effects:misc-animation-bam:AM0202AT,effects,misc-animation-bam,AM0202AT,BAMC,V1,6,1,data/MISCAnim.bif,0x01300005,158047,DD782D98DB38EC77AEE4DC2919A71FFC471FD327002AAC3D436846844161D16A,graphics/source/effects/AM0202AT.bam
supplemental:effects:misc-animation-bam:AM0404A,effects,misc-animation-bam,AM0404A,BAMC,V1,9,1,data/MISCAnim.bif,0x01300013,77815,68CEBA9B21F1598124B69667021145BB7CE02788B6B51ECD20F5E664890ABC1C,graphics/source/effects/AM0404A.bam
supplemental:effects:misc-animation-bam:AM0404B,effects,misc-animation-bam,AM0404B,BAMC,V1,9,1,data/MISCAnim.bif,0x01300014,88103,FAFB57042CBEB102530C66FFE149E2A97206ED240242BB16445EC0E0FDFFE9DB,graphics/source/effects/AM0404B.bam
supplemental:effects:misc-animation-bam:AM0411A,effects,misc-animation-bam,AM0411A,BAMC,V1,7,1,data/MISCAnim.bif,0x01300017,253081,F23649664BFC0BD2A4D41285FE7A72D200E78B936EA8653C1C3B772DCD02C3E2,graphics/source/effects/AM0411A.bam
supplemental:effects:misc-animation-bam:AM0411B,effects,misc-animation-bam,AM0411B,BAMC,V1,7,1,data/MISCAnim.bif,0x01300018,281018,F0538C96A5847D305AB55D270BC349B6A9DD04552A587F432C69CB182A6DD50A,graphics/source/effects/AM0411B.bam
supplemental:effects:misc-animation-bam:AM0411B1,effects,misc-animation-bam,AM0411B1,BAMC,V1,7,1,data/MISCAnim.bif,0x01300019,162608,9835E76F02337A4F6A646CD006B0B16034D43EF05D877E6124DAF29AA94A0BE1,graphics/source/effects/AM0411B1.bam
supplemental:effects:misc-animation-bam:AM0411B2,effects,misc-animation-bam,AM0411B2,BAMC,V1,7,1,data/MISCAnim.bif,0x0130001A,160385,6D9692340EAD8718B00C647158F345695ABB005910BEC2DB6AF5EF0D924CA4E4,graphics/source/effects/AM0411B2.bam
supplemental:effects:misc-animation-bam:AM0603D4,effects,misc-animation-bam,AM0603D4,BAMC,V1,6,1,data/MISCAnim.bif,0x01300038,9243,DDE14A183239B4E29D89765E279489AD1BDA53452F6B3F950B3EF16F593880A6,graphics/source/effects/AM0603D4.bam
supplemental:effects:misc-animation-bam:AM0902L1,effects,misc-animation-bam,AM0902L1,BAMC,V1,8,1,data/MISCAnim.bif,0x0130004A,122614,AE0104BBEFC46FBC77B9CD46C5D1049BF20EC3B215290BB87D9E0C417ACE29EB,graphics/source/effects/AM0902L1.bam
supplemental:effects:misc-animation-bam:AM0902L2,effects,misc-animation-bam,AM0902L2,BAMC,V1,8,1,data/MISCAnim.bif,0x0130004B,52266,95BE65AA6E9C7F003FFA170643498C3E16638CB5C74958D984BE0066CF9711ED,graphics/source/effects/AM0902L2.bam
supplemental:effects:misc-animation-bam:AM0902L3,effects,misc-animation-bam,AM0902L3,BAMC,V1,8,1,data/MISCAnim.bif,0x0130004C,107371,88C752A0765B9D526443D8194648B23991E43C8E4786737F16727488252760CB,graphics/source/effects/AM0902L3.bam
supplemental:effects:misc-animation-bam:AM0902L4,effects,misc-animation-bam,AM0902L4,BAMC,V1,8,1,data/MISCAnim.bif,0x0130004D,90755,D88D4579F452673F305D171AC9F138AC6D5F74F4388BBB7DABE2676AB70BC368,graphics/source/effects/AM0902L4.bam
supplemental:effects:misc-animation-bam:AM2000A1,effects,misc-animation-bam,AM2000A1,BAMC,V1,7,1,data/MISCAnim.bif,0x0130005B,53094,AE49E90264F6331568BBD867C3C1D8821358D5CC8EBFCFBF8D522AD6D100ED4F,graphics/source/effects/AM2000A1.bam
supplemental:effects:misc-animation-bam:AM2000A2,effects,misc-animation-bam,AM2000A2,BAMC,V1,7,1,data/MISCAnim.bif,0x0130005C,51315,8CD188033E65CEC7EBEF9355733FD6116B9237DF1A46CB1ABB53E2FC7981F849,graphics/source/effects/AM2000A2.bam
supplemental:effects:misc-animation-bam:AM2000A3,effects,misc-animation-bam,AM2000A3,BAMC,V1,7,1,data/MISCAnim.bif,0x0130005D,82795,C255B419DD6D9B719A2DF0931453693769A71858473817BAE1C2B48B5853607E,graphics/source/effects/AM2000A3.bam
supplemental:effects:misc-animation-bam:AM2000A4,effects,misc-animation-bam,AM2000A4,BAMC,V1,7,1,data/MISCAnim.bif,0x0130005E,80044,461C11AB9973F2591D4CDEF5820D2D5BD39D1AEE0F32468EFCF63EE59A8D9D3B,graphics/source/effects/AM2000A4.bam
supplemental:effects:misc-animation-bam:AM2000B1,effects,misc-animation-bam,AM2000B1,BAMC,V1,7,1,data/MISCAnim.bif,0x01300060,51527,3AAE4C40D3CE13DA93156FB83EAF4362A8A959A99928A73600ACA8E36A061651,graphics/source/effects/AM2000B1.bam
supplemental:effects:misc-animation-bam:AM2000B2,effects,misc-animation-bam,AM2000B2,BAMC,V1,7,1,data/MISCAnim.bif,0x01300061,53453,AB4F5F6C3180F2F394F0902792AD5236BD1D0583B2B7E1F3452621409FCF4A9E,graphics/source/effects/AM2000B2.bam
supplemental:effects:misc-animation-bam:AM2000B3,effects,misc-animation-bam,AM2000B3,BAMC,V1,7,1,data/MISCAnim.bif,0x01300062,81353,8680118490C903E1AC51D3034EE4E52481D7D7600E2434491C91C334049DC19B,graphics/source/effects/AM2000B3.bam
supplemental:effects:misc-animation-bam:AM2000B4,effects,misc-animation-bam,AM2000B4,BAMC,V1,7,1,data/MISCAnim.bif,0x01300063,80972,EEC224BC8F744FB402F29B931CEF4BB273A2D5AEF5F7B2112CC7CAD44305A148,graphics/source/effects/AM2000B4.bam
supplemental:effects:misc-animation-bam:AM3000G,effects,misc-animation-bam,AM3000G,BAMC,V1,8,1,data/25MiscAn.bif,0x09B00002,43232,0D53F5A0A385B24EEE610E1918F79F5C55411FD83DADECA88C2B8856916D75CF,graphics/source/effects/AM3000G.bam
supplemental:effects:misc-animation-bam:AM307TT2,effects,misc-animation-bam,AM307TT2,BAMC,V1,5,1,data/MISCAnim.bif,0x01300072,11199,D11E114C218BACBAF301E5EF2593B2340AB4DA80DCF93E996D97D8CE6A8AF6AF,graphics/source/effects/AM307TT2.bam
supplemental:effects:misc-animation-bam:AM307TT3,effects,misc-animation-bam,AM307TT3,BAMC,V1,5,1,data/MISCAnim.bif,0x01300073,9504,02DBEEABFA0B7601B74D1448506371999D9BB37B1ADC29C58142B740AF97B702,graphics/source/effects/AM307TT3.bam
supplemental:effects:misc-animation-bam:AM60406B,effects,misc-animation-bam,AM60406B,BAMC,V1,9,1,data/MISCAnim.bif,0x0130007B,130069,9CC5F2027DFCDF0ACC91CD1A96925FF9A377638CF9781F9D34FA17CA044B9367,graphics/source/effects/AM60406B.bam
supplemental:effects:misc-animation-bam:AM6200C,effects,misc-animation-bam,AM6200C,BAMC,V1,9,1,data/25MiscAn.bif,0x09B00042,198914,E5668DEF1724800230CE23F169138195668C32A26A6E1003D3CED3DC1E21BE2D,graphics/source/effects/AM6200C.bam
supplemental:effects:misc-animation-bam:AM6200D,effects,misc-animation-bam,AM6200D,BAMC,V1,9,1,data/25MiscAn.bif,0x09B00043,182685,5C87B445DF0179AF77E0BD58E47113F7AECB64C1CA865E0DD903526E12427271,graphics/source/effects/AM6200D.bam
supplemental:effects:misc-animation-bam:AMDEMGT,effects,misc-animation-bam,AMDEMGT,BAMC,V1,42,2,data/25MiscAn.bif,0x09B0004A,405058,51382DACD59F0AF394C1B3F33A2FB37199B4B96F904006EB4F9C7AD72FD017A6,graphics/source/effects/AMDEMGT.bam
supplemental:sprites:object-animation-bam:ARROCK,sprites,object-animation-bam,ARROCK,BAMC,V1,1,1,data/OBJAnim.bif,0x00200001,706,8F0B07F583B563F73B8807FBE1353F6F03AB0CC2675147693929CD9B6C2CBB01,graphics/source/sprites/ARROCK.bam
supplemental:effects:spell-animation-bam:BLOODCR,effects,spell-animation-bam,BLOODCR,BAMC,V1,6,1,data/SPELAnim.bif,0x01500002,1679,7C00A722C57C68F49C02478A1201A9ACB66000C6D047B0D230B70BA0A0EE254D,graphics/source/effects/BLOODCR.bam
supplemental:effects:spell-animation-bam:BLOODL,effects,spell-animation-bam,BLOODL,BAMC,V1,13,1,data/SPELAnim.bif,0x01500003,2035,D961D83152B32B8650BA214AA81ABA3C5F49D7689E8C2F252EF1F86B767CF5B2,graphics/source/effects/BLOODL.bam
supplemental:effects:spell-animation-bam:BLOODM,effects,spell-animation-bam,BLOODM,BAMC,V1,13,1,data/SPELAnim.bif,0x01500004,1729,48E557BF9147E4F25773734856417E86308C9136A0C2FFAF2C189F1D352C271D,graphics/source/effects/BLOODM.bam
supplemental:effects:spell-animation-bam:BLOODS,effects,spell-animation-bam,BLOODS,BAMC,V1,8,1,data/SPELAnim.bif,0x01500005,1030,A07239692AB630D339EC881384306A841FC092CC67BBA30027E053744E3D8693,graphics/source/effects/BLOODS.bam
supplemental:effects:misc-animation-bam:BUBBLES1,effects,misc-animation-bam,BUBBLES1,BAMC,V1,8,5,data/MISCAnim.bif,0x01300081,2266,A7EBBBBEDC4557983C1093701E5443854710A797AC546210C6B8D2CA2AFA781E,graphics/source/effects/BUBBLES1.bam
supplemental:effects:misc-animation-bam:BUBLES,effects,misc-animation-bam,BUBLES,BAMC,V1,108,1,data/MISCAnim.bif,0x01300083,19134,F0E5D0CA21B2D6C5A8FB20D3B89160A191D938F501379AD31E568DF281BA3976,graphics/source/effects/BUBLES.bam
supplemental:effects:spell-animation-bam:BURNHAND,effects,spell-animation-bam,BURNHAND,BAMC,V1,30,5,data/SPELAnim.bif,0x01500006,19099,D841B2357874FF46621F3FDFDAC9C71A7597DE2D60734BF16F6A4A17FD7D62CB,graphics/source/effects/BURNHAND.bam
supplemental:effects:misc-animation-bam:DEMB1A1,effects,misc-animation-bam,DEMB1A1,BAMC,V1,135,9,data/MISCAnim.bif,0x01300085,57341,E181EF6A8C8A3703742FDDDDE866705D92404F290665EB562375667D2D9D32A3,graphics/source/effects/DEMB1A1.bam
supplemental:effects:misc-animation-bam:DEMB1A2,effects,misc-animation-bam,DEMB1A2,BAMC,V1,135,9,data/MISCAnim.bif,0x01300086,54121,C8E2E17FEF2ED58A0F41A2788C74182E8EC59ADA1E1256B549CF86EAB16479CF,graphics/source/effects/DEMB1A2.bam
supplemental:effects:misc-animation-bam:DEMB1A3,effects,misc-animation-bam,DEMB1A3,BAMC,V1,135,9,data/MISCAnim.bif,0x01300087,58378,F058BF5EDEB530C39CD06A19B20A8EC341986757B40F0D7ED02A20F880138A1B,graphics/source/effects/DEMB1A3.bam
supplemental:effects:misc-animation-bam:DEMB1A4,effects,misc-animation-bam,DEMB1A4,BAMC,V1,135,9,data/MISCAnim.bif,0x01300088,56362,C43EA0FBF1889130CCF670A88C1FA69A974E45AE760DC6483B6DC8177DDCDF13,graphics/source/effects/DEMB1A4.bam
supplemental:effects:misc-animation-bam:DEMB1A5,effects,misc-animation-bam,DEMB1A5,BAMC,V1,135,9,data/MISCAnim.bif,0x01300089,56812,4D6F5C0C950E41CBA99AC7619A61F9EB0BF0440602103F7C773F22E82D850A1C,graphics/source/effects/DEMB1A5.bam
supplemental:effects:misc-animation-bam:DEMB1A6,effects,misc-animation-bam,DEMB1A6,BAMC,V1,126,9,data/MISCAnim.bif,0x0130008A,48097,E89AF389CE92EB3649F9B5B56AF508474EA6BBC1E51BE74DA1D58C3E0CF1C151,graphics/source/effects/DEMB1A6.bam
supplemental:effects:misc-animation-bam:DEMB1A7,effects,misc-animation-bam,DEMB1A7,BAMC,V1,135,9,data/MISCAnim.bif,0x0130008B,56061,FC8A87EA74FAE133E12715BF1558DDD85AAC45C5E9EECBA0BF1C8E4DC2A3874C,graphics/source/effects/DEMB1A7.bam
supplemental:effects:misc-animation-bam:DEMB1A8,effects,misc-animation-bam,DEMB1A8,BAMC,V1,135,9,data/MISCAnim.bif,0x0130008C,57241,391EC0A6F499B04E0AE1688A2F38F1EA829B7719162F683BA3768E950352AD64,graphics/source/effects/DEMB1A8.bam
supplemental:effects:misc-animation-bam:DEMB1A9,effects,misc-animation-bam,DEMB1A9,BAMC,V1,135,9,data/MISCAnim.bif,0x0130008D,56061,FC8A87EA74FAE133E12715BF1558DDD85AAC45C5E9EECBA0BF1C8E4DC2A3874C,graphics/source/effects/DEMB1A9.bam
supplemental:effects:misc-animation-bam:DEMB1CA,effects,misc-animation-bam,DEMB1CA,BAMC,V1,270,72,data/MISCAnim.bif,0x0130008E,114790,E935F5FDCDD85857F75E6617970710556BE8352497945BAF6284C70D038CD27B,graphics/source/effects/DEMB1CA.bam
supplemental:effects:misc-animation-bam:DEMB1G1,effects,misc-animation-bam,DEMB1G1,BAMC,V1,846,99,data/MISCAnim.bif,0x0130008F,319766,77BDC70FF4C7AA9A7F08FC34F978D4DD4CC2CB439286B8D1F29C47EB96FC31D0,graphics/source/effects/DEMB1G1.bam
supplemental:effects:misc-animation-bam:DSTDVL2A,effects,misc-animation-bam,DSTDVL2A,BAMC,V1,18,1,data/MISCAnim.bif,0x01300093,55866,C1D754E64CC7D9669516586741F36D0E802F34BCB811026CA7D76F90B29EA432,graphics/source/effects/DSTDVL2A.bam
supplemental:effects:misc-animation-bam:DUST,effects,misc-animation-bam,DUST,BAMC,V1,30,1,data/MISCAnim.bif,0x01300096,9164,3E38053E8C2D1EA23C6FE926EAB61C3469BCA6DC24108C4781B85E4FBE3E5898,graphics/source/effects/DUST.bam
supplemental:effects:spell-animation-bam:EXPLODE,effects,spell-animation-bam,EXPLODE,BAMC,V1,12,1,data/SPELAnim.bif,0x01500007,20660,2A6B43BC61CDD631506EC048F06DB7EE2F9CAD609E2B6A4EE731C8A8F4B559CC,graphics/source/effects/EXPLODE.bam
supplemental:effects:misc-animation-bam:FALLMIST,effects,misc-animation-bam,FALLMIST,BAMC,V1,9,1,data/MISCAnim.bif,0x013000A3,7405,941413E7B7E05C73AEE9AA24E460B4BE5CD2AD49EE822420C20E3C25F67F541A,graphics/source/effects/FALLMIST.bam
supplemental:effects:misc-animation-bam:FIM1YEL,effects,misc-animation-bam,FIM1YEL,BAMC,V1,16,1,data/MISCAnim.bif,0x013000A4,2820,61B334077D4CDDB6A575DC1332305754E3EE004FDE8171CC7E77C59ABAF132D7,graphics/source/effects/FIM1YEL.bam
supplemental:effects:misc-animation-bam:FIM2YEL,effects,misc-animation-bam,FIM2YEL,BAMC,V1,16,1,data/MISCAnim.bif,0x013000A5,4749,ABE89FABA2279D9E3913041DDAE0BBE122EB6168AEA3FE84C5C6DC088C843BC0,graphics/source/effects/FIM2YEL.bam
supplemental:effects:misc-animation-bam:FIRE_1B,effects,misc-animation-bam,FIRE_1B,BAMC,V1,15,5,data/MISCAnim.bif,0x013000A7,9521,1E4E99E9339DB3E68AD592BECC24D6BE8D004F5EC42B8441BD57851EF599192C,graphics/source/effects/FIRE_1B.bam
supplemental:effects:misc-animation-bam:FIRE_1C,effects,misc-animation-bam,FIRE_1C,BAMC,V1,15,5,data/MISCAnim.bif,0x013000A8,11883,E5B94689788F120DF584475E636299D7BAE5FE05FE68A39A1EC9143AA3B91407,graphics/source/effects/FIRE_1C.bam
supplemental:effects:misc-animation-bam:FIRE_1GR,effects,misc-animation-bam,FIRE_1GR,BAMC,V1,15,5,data/MISCAnim.bif,0x013000A9,19351,F577EFB33F7F2A087C897EE34D964BB5E522530C88C238B0A9FE3EB90011B411,graphics/source/effects/FIRE_1GR.bam
supplemental:effects:misc-animation-bam:FIRE_1GS,effects,misc-animation-bam,FIRE_1GS,BAMC,V1,15,5,data/MISCAnim.bif,0x013000AA,19461,E9B93E1012676A49C81AEC701598DB6D597BAD4675B7E4AAAB11C9765208BF54,graphics/source/effects/FIRE_1GS.bam
supplemental:effects:misc-animation-bam:FIRE_2,effects,misc-animation-bam,FIRE_2,BAMC,V1,16,5,data/MISCAnim.bif,0x013000AB,29816,694578D328B896E2FB614261B33E605324C4642CCA61FD57030903E3BD70C4EA,graphics/source/effects/FIRE_2.bam
supplemental:effects:misc-animation-bam:FIRE_2A,effects,misc-animation-bam,FIRE_2A,BAMC,V1,16,5,data/MISCAnim.bif,0x013000AC,29639,1504D75A99F317AD01ED80F97B7A247AF2F27BD4F657EDBC8600FA5206996890,graphics/source/effects/FIRE_2A.bam
supplemental:effects:misc-animation-bam:FIRE_4BL,effects,misc-animation-bam,FIRE_4BL,BAMC,V1,14,5,data/MISCAnim.bif,0x013000B2,4787,4A32D607DB4FA6848D9169D006274076E759D51B5327034BC8F02767A18D8A41,graphics/source/effects/FIRE_4BL.bam
supplemental:effects:misc-animation-bam:FIRE_4G2,effects,misc-animation-bam,FIRE_4G2,BAMC,V1,14,5,data/MISCAnim.bif,0x013000B3,5024,BC0CAC6A475740EF429846B3F3F5F5D42311A3D4D688C7EC3FAEC408F5E771FB,graphics/source/effects/FIRE_4G2.bam
supplemental:effects:misc-animation-bam:FIRE_4GR,effects,misc-animation-bam,FIRE_4GR,BAMC,V1,14,5,data/MISCAnim.bif,0x013000B4,4790,AA479EC1AC4082EF9A92664D66DE91C393B956CD71796B248BAC09B597EEC852,graphics/source/effects/FIRE_4GR.bam
supplemental:effects:misc-animation-bam:FISH4SA,effects,misc-animation-bam,FISH4SA,BAMC,V1,18,1,data/MISCAnim.bif,0x013000BC,1708,EF4B33129581D3BAD02FF5A3EF5447D1696D2C659DE282F90A81A43098E858BB,graphics/source/effects/FISH4SA.bam
supplemental:effects:misc-animation-bam:FISH4SB,effects,misc-animation-bam,FISH4SB,BAMC,V1,18,1,data/MISCAnim.bif,0x013000BD,1712,5C00A22B03B5D4AFD09686E6FA58FB824E43E24472E42F848419A970A77111BD,graphics/source/effects/FISH4SB.bam
supplemental:effects:misc-animation-bam:FISH4SC,effects,misc-animation-bam,FISH4SC,BAMC,V1,18,1,data/MISCAnim.bif,0x013000BE,1714,B90C30139A6B0913A88F7AF137986638024F5F84A1EC7FB545D3CD9D17C35E79,graphics/source/effects/FISH4SC.bam
supplemental:effects:misc-animation-bam:FISH5SA,effects,misc-animation-bam,FISH5SA,BAMC,V1,18,1,data/MISCAnim.bif,0x013000BF,1864,8CA635FC09AD1DB90C250E08AC377059C06F2082462BB742B1780852546D8DA1,graphics/source/effects/FISH5SA.bam
supplemental:effects:misc-animation-bam:FISH5SB,effects,misc-animation-bam,FISH5SB,BAMC,V1,18,1,data/MISCAnim.bif,0x013000C0,1866,42EE584886D391DF85EAE6A0FA5A033AA65C5029471878A26707273A69345703,graphics/source/effects/FISH5SB.bam
supplemental:effects:misc-animation-bam:FISH5SC,effects,misc-animation-bam,FISH5SC,BAMC,V1,18,1,data/MISCAnim.bif,0x013000C1,1866,FFD5C9F0DC1C8EA1EE1E2057C8C33602BC7CB1DC2E8B293098A6484738B4FC6A,graphics/source/effects/FISH5SC.bam
supplemental:effects:misc-animation-bam:FISM1YEL,effects,misc-animation-bam,FISM1YEL,BAMC,V1,10,1,data/MISCAnim.bif,0x013000C2,1383,91D7B4ED849CFECA27FDB7BCA589458D1F05904E641E95EF7681D8AE5902C3A7,graphics/source/effects/FISM1YEL.bam
supplemental:effects:misc-animation-bam:FLLGBLU,effects,misc-animation-bam,FLLGBLU,BAMC,V1,16,1,data/MISCAnim.bif,0x013000C8,15181,FCB32862194CFD9151FF081E459831893FFDC140AD3AABD97C7E8C6714A4B68F,graphics/source/effects/FLLGBLU.bam
supplemental:effects:misc-animation-bam:FLLGBLUE,effects,misc-animation-bam,FLLGBLUE,BAMC,V1,16,1,data/MISCAnim.bif,0x013000C9,8215,65F3226FF563D4B8B540E0B4FDFA2F9BF57C5E07602FB80309936327F17CE2CE,graphics/source/effects/FLLGBLUE.bam
supplemental:effects:misc-animation-bam:FLLGRED,effects,misc-animation-bam,FLLGRED,BAMC,V1,16,1,data/MISCAnim.bif,0x013000CA,7845,7966CFDD36CB49AC70A99B9B4143365A48E23CF0DDCFAD65F2F72549C2B314BF,graphics/source/effects/FLLGRED.bam
supplemental:effects:misc-animation-bam:FLM1PUR,effects,misc-animation-bam,FLM1PUR,BAMC,V1,16,1,data/MISCAnim.bif,0x013000CB,4580,2C41BC027BF4DAC2189455C4004A8E8B1D690E213327F1BC279378C0A563A87C,graphics/source/effects/FLM1PUR.bam
supplemental:effects:misc-animation-bam:FLM1RED,effects,misc-animation-bam,FLM1RED,BAMC,V1,16,1,data/MISCAnim.bif,0x013000CC,2423,5F0D479BBB96946D19E9C9436F5828CEF85A01F1104F5C2733030F3D3EC2B503,graphics/source/effects/FLM1RED.bam
supplemental:effects:misc-animation-bam:FLM2RED,effects,misc-animation-bam,FLM2RED,BAMC,V1,16,1,data/MISCAnim.bif,0x013000CE,4098,8A0ACA453DF888FDA0530F02420EB9C4DDA4F7D5791CDC5BD6D4081088E14FA5,graphics/source/effects/FLM2RED.bam
supplemental:effects:misc-animation-bam:FLMDBLU,effects,misc-animation-bam,FLMDBLU,BAMC,V1,16,1,data/MISCAnim.bif,0x013000CF,3747,B8506C448A7AF9C17E5AB5EB46E21F0D281B51D174789D4573D1DE9BB5E3EDEB,graphics/source/effects/FLMDBLU.bam
supplemental:effects:spell-animation-bam:FLML,effects,spell-animation-bam,FLML,BAMC,V1,6,1,data/SPELAnim.bif,0x0150000A,955,08247D3823959477A2E775551A15F08ECB267C1440898B42367D4382A736E4FC,graphics/source/effects/FLML.bam
supplemental:effects:misc-animation-bam:FLSM1PUR,effects,misc-animation-bam,FLSM1PUR,BAMC,V1,10,1,data/MISCAnim.bif,0x013000D0,1511,43549E1F6AE6F2EB48E57478EEE0C80D2CCF36559AB1D38BF53B6087D7A966E7,graphics/source/effects/FLSM1PUR.bam
supplemental:effects:misc-animation-bam:FLSM1RED,effects,misc-animation-bam,FLSM1RED,BAMC,V1,10,1,data/MISCAnim.bif,0x013000D1,800,4B5F1E6D5C38250D073B7BDD87EC22BF6D261494900A5C9513543A0EBE9DA4FB,graphics/source/effects/FLSM1RED.bam
supplemental:effects:misc-animation-bam:FOUNT2,effects,misc-animation-bam,FOUNT2,BAMC,V1,6,1,data/MISCAnim.bif,0x013000D3,12581,BE60C9DDCCEDD56141C9E4656605CF8543750FC40E07F4B259D46F43D12C2E45,graphics/source/effects/FOUNT2.bam
supplemental:effects:misc-animation-bam:FOUNTN,effects,misc-animation-bam,FOUNTN,BAMC,V1,18,1,data/MISCAnim.bif,0x013000D4,41797,F2FC559016B6B6E091C552B8F5731337EBA3D692EFDB27AFF6BED723518EF2DD,graphics/source/effects/FOUNTN.bam
supplemental:ui:ui-bam:GLOBBLU1,ui,ui-bam,GLOBBLU1,BAMC,V1,1,1,data/25GuiDes.bif,0x0A600000,15923,8759D799D9F15AD01435378C9F826275CABFF93CD680C269A9B78962514A84DD,graphics/source/ui/GLOBBLU1.bam
supplemental:ui:ui-bam:GLOBGRE1,ui,ui-bam,GLOBGRE1,BAMC,V1,1,1,data/25GuiDes.bif,0x0A600001,15923,8759D799D9F15AD01435378C9F826275CABFF93CD680C269A9B78962514A84DD,graphics/source/ui/GLOBGRE1.bam
supplemental:ui:ui-bam:GLOBPUR1,ui,ui-bam,GLOBPUR1,BAMC,V1,1,1,data/25GuiDes.bif,0x0A600002,15924,B7CB38110D9DEC9A7A7A1C22D666D9EFFC41F577C02C2B0F311CA319690FBD82,graphics/source/ui/GLOBPUR1.bam
supplemental:ui:ui-bam:GLOBRED1,ui,ui-bam,GLOBRED1,BAMC,V1,1,1,data/25GuiDes.bif,0x0A600003,15923,8759D799D9F15AD01435378C9F826275CABFF93CD680C269A9B78962514A84DD,graphics/source/ui/GLOBRED1.bam
supplemental:effects:spell-animation-bam:GLPHWRDH,effects,spell-animation-bam,GLPHWRDH,BAMC,V1,30,5,data/SPELAnim.bif,0x0150000E,3348,086B1970C2655AEF7D1CE4EF052DACCB1122514577AB010BF84D3B62F433DC99,graphics/source/effects/GLPHWRDH.bam
supplemental:effects:spell-animation-bam:GREASED,effects,spell-animation-bam,GREASED,BAMC,V1,24,3,data/SPELAnim.bif,0x01500010,26359,ECAD8F8A2DACC293F5068EAD6A14E49F75A4BCE45CB502AE00F74EB94493F191,graphics/source/effects/GREASED.bam
supplemental:effects:spell-animation-bam:GREASEH,effects,spell-animation-bam,GREASEH,BAMC,V1,6,1,data/SPELAnim.bif,0x01500011,8464,3100F7A46793072D49AFCB8972E2D6023BD940E4F05ED71BEFF1661FF8F7D2B4,graphics/source/effects/GREASEH.bam
supplemental:effects:misc-animation-bam:HARPDISC,effects,misc-animation-bam,HARPDISC,BAMC,V1,11,1,data/MISCAnim.bif,0x013000D8,21742,C90D694AABEAF3BEDD266F515A3AA1D6E9CD1413EAFCB2B012ABEEC2B1E678CE,graphics/source/effects/HARPDISC.bam
supplemental:ui:ui-bam:HGWARD01,ui,ui-bam,HGWARD01,BAMC,V1,2,2,data/25GuiBam.bif,0x08F00001,1503,FDCC4C75E68324BBA96255AD29B684CFDAC9AD96112746F4BA4C717C2CFE3117,graphics/source/ui/HGWARD01.bam
supplemental:ui:ui-bam:HGWARD02,ui,ui-bam,HGWARD02,BAMC,V1,2,2,data/25GuiBam.bif,0x08F00002,1501,F96FFA160F08FD258F420E2113D2770351A6D6A710680B8270BECFBB8D4F370D,graphics/source/ui/HGWARD02.bam
supplemental:ui:ui-bam:HGWARD03,ui,ui-bam,HGWARD03,BAMC,V1,2,2,data/25GuiBam.bif,0x08F00003,1492,9712BFFF9DE79A51D56E2382B16804D04303F811D3F3F88971B05779FC7B13EE,graphics/source/ui/HGWARD03.bam
supplemental:effects:misc-animation-bam:HIHEDGE,effects,misc-animation-bam,HIHEDGE,BAMC,V1,12,1,data/MISCAnim.bif,0x013000D9,26946,1EE588007C2D9A4339A4AE9A44EBAA0420541E7C5AF968EC9B4891C997D1B18A,graphics/source/effects/HIHEDGE.bam
supplemental:effects:spell-animation-bam:HLYMITE,effects,spell-animation-bam,HLYMITE,BAMC,V1,6,1,data/SPELAnim.bif,0x01500013,56755,ECE4F1A8C3E4FCA7B2031E3AE8E7AB21DB1F9113E2A1AF1A04FF6DCE9CF3667C,graphics/source/effects/HLYMITE.bam
supplemental:ui:ui-bam:ICOMPO05,ui,ui-bam,ICOMPO05,BAMC,V1,2,2,data/25GuiBam.bif,0x08F00033,2893,294DBEDD66794B24CE5D31ADB23A3C6A6C6D2C7CEEF1F7B7A059E21C2D06BD46,graphics/source/ui/ICOMPO05.bam
supplemental:ui:ui-bam:ICOMPO17,ui,ui-bam,ICOMPO17,BAMC,V1,2,2,data/25GuiBam.bif,0x08F0003A,1806,1E9E23ADDEA0D83BB6AA6925002082E77F18FC04E39726A0C185634DCD447476,graphics/source/ui/ICOMPO17.bam
supplemental:ui:ui-bam:IHEIM23,ui,ui-bam,IHEIM23,BAMC,V1,2,2,data/25GuiBam.bif,0x08F0004B,1892,478D1F9112455D69EC0FD7C4FFF01A6071FC281E6900F8990727F530968FBB43,graphics/source/ui/IHEIM23.bam
supplemental:ui:ui-bam:IHELM22,ui,ui-bam,IHELM22,BAMC,V1,2,2,data/25GuiBam.bif,0x08F0004C,2823,D522A44194808E8B67324D9236359108FAACA2EC08D7A4A85B50E72C288C64D3,graphics/source/ui/IHELM22.bam
supplemental:ui:ui-bam:IQUIV03,ui,ui-bam,IQUIV03,BAMC,V1,2,2,data/25GuiBam.bif,0x08F0007F,2354,40A265EE118D241906A0A4FA4F5A69E33E52CC8B092EB4636A917FD3131E50E4,graphics/source/ui/IQUIV03.bam
supplemental:ui:ui-bam:IQUIV05,ui,ui-bam,IQUIV05,BAMC,V1,2,2,data/25GuiBam.bif,0x08F00080,2354,8366691A4DC8AAB956A6D00FAB610A382D2F4AA2BA51927962930E39058FCB83,graphics/source/ui/IQUIV05.bam
supplemental:ui:ui-bam:IQUIVR01,ui,ui-bam,IQUIVR01,BAMC,V1,2,2,data/25GuiBam.bif,0x08F00081,2601,A515907AC4E414FAC3E6D62A4A76C2EA26F9E3C59A82E2FD855213A58FCFF52D,graphics/source/ui/IQUIVR01.bam
supplemental:ui:ui-bam:IQUIVR03,ui,ui-bam,IQUIVR03,BAMC,V1,2,2,data/25GuiBam.bif,0x08F00082,2354,40A265EE118D241906A0A4FA4F5A69E33E52CC8B092EB4636A917FD3131E50E4,graphics/source/ui/IQUIVR03.bam
supplemental:ui:ui-bam:ISHLD31,ui,ui-bam,ISHLD31,BAMC,V1,2,2,data/25GuiBam.bif,0x08F0008C,3021,2B1D04B28E29611AAECC5EBE5D85FBAA450AC8C578729C1C6923133D086F33D4,graphics/source/ui/ISHLD31.bam
supplemental:effects:misc-animation-bam:JDPROP,effects,misc-animation-bam,JDPROP,BAMC,V1,4,1,data/MISCAnim.bif,0x013000DA,25609,002BAF8BE96872A8331451FF4C65A7E647CE15F3ABE0FDE3DA9344F5DAACCFEC,graphics/source/effects/JDPROP.bam
supplemental:effects:misc-animation-bam:LAVABUB1,effects,misc-animation-bam,LAVABUB1,BAMC,V1,15,5,data/MISCAnim.bif,0x013000DB,1636,9B5626AB5763A4E743EDB67543B6D2691F8E60804E3CB62374A866C4A9E33FF6,graphics/source/effects/LAVABUB1.bam
supplemental:effects:misc-animation-bam:LAVABUB2,effects,misc-animation-bam,LAVABUB2,BAMC,V1,15,5,data/MISCAnim.bif,0x013000DC,1389,970855675DC1D815E563E4BC72C02EEE21B0D4EF831D359EB145F5A0CC2617F3,graphics/source/effects/LAVABUB2.bam
supplemental:effects:misc-animation-bam:LAVAFIR1,effects,misc-animation-bam,LAVAFIR1,BAMC,V1,10,5,data/MISCAnim.bif,0x013000DD,34460,A5CC256491E22B508020B0D8FBD1F1FA24294B57E92CF3D2E636A1CDBF572D45,graphics/source/effects/LAVAFIR1.bam
supplemental:ui:ui-bam:LDCNTR,ui,ui-bam,LDCNTR,BAMC,V1,8,2,data/25GuiBam.bif,0x08F000AB,303727,3B8E3291E56B28786D1D32624E38465937BF9EB76F6376D45685FE05EF2330F7,graphics/source/ui/LDCNTR.bam
supplemental:sprites:creature-animation-bam:MASLG1,sprites,creature-animation-bam,MASLG1,BAMC,V1,387,54,data/25CreAni.bif,0x09700011,143024,4A286B8299EC66A60DD0B64261E4CC612F3B33831A552A254A3F338207D1C640,graphics/source/sprites/MASLG1.bam
supplemental:sprites:creature-animation-bam:MASLG11,sprites,creature-animation-bam,MASLG11,BAMC,V1,387,54,data/25CreAni.bif,0x09700012,254542,1BD075C441B41D8A1DDA1723D6F70975413D21087BA3CEF6F9681BFA7DC32D2A,graphics/source/sprites/MASLG11.bam
supplemental:sprites:creature-animation-bam:MASLG12,sprites,creature-animation-bam,MASLG12,BAMC,V1,387,54,data/25CreAni.bif,0x09700013,453981,CF588F6A3223086987C03CAA2C30C26FB8422AA3D789301FD5D3C34CB09682D5,graphics/source/sprites/MASLG12.bam
supplemental:sprites:creature-animation-bam:MASLG13,sprites,creature-animation-bam,MASLG13,BAMC,V1,387,54,data/25CreAni.bif,0x09700014,154471,A9DAD83B80B5E07E0A157D7D0609F5FBF727A00D8FB7A20CDA7838E493BE0E49,graphics/source/sprites/MASLG13.bam
supplemental:sprites:creature-animation-bam:MASLG14,sprites,creature-animation-bam,MASLG14,BAMC,V1,387,54,data/25CreAni.bif,0x09700015,154471,A9DAD83B80B5E07E0A157D7D0609F5FBF727A00D8FB7A20CDA7838E493BE0E49,graphics/source/sprites/MASLG14.bam
supplemental:sprites:creature-animation-bam:MASLG15,sprites,creature-animation-bam,MASLG15,BAMC,V1,432,54,data/25CreAni.bif,0x09700016,62344,00A75FC2EDD164687AF42AF673A9AD71DA2D3AF113149D9E03EA332603F533B5,graphics/source/sprites/MASLG15.bam
supplemental:sprites:creature-animation-bam:MASLG1BW,sprites,creature-animation-bam,MASLG1BW,BAMC,V1,1017,54,data/25CreAni.bif,0x09700017,314371,700877693B546221CAE3E53D3187EB319EBB0474D825643CF4500139191867DC,graphics/source/sprites/MASLG1BW.bam
supplemental:sprites:creature-animation-bam:MASLG1S1,sprites,creature-animation-bam,MASLG1S1,BAMC,V1,1017,54,data/25CreAni.bif,0x09700018,172637,5EB9C8A4BF09E9D30A9492F51CCBC84CE9FCAD91EB0232C90834DEDE41709BDD,graphics/source/sprites/MASLG1S1.bam
supplemental:sprites:creature-animation-bam:MASLG2,sprites,creature-animation-bam,MASLG2,BAMC,V1,801,63,data/25CreAni.bif,0x09700019,382729,3F840C397CF23663A194C56B3FAD6FC97381101BC0BC178F536FC6790BA42233,graphics/source/sprites/MASLG2.bam
supplemental:sprites:creature-animation-bam:MASLG21,sprites,creature-animation-bam,MASLG21,BAMC,V1,801,63,data/25CreAni.bif,0x0970001A,384450,E6175B7BEC2ECEAA529CDA40177E1B66FE8C7117DB24E31D31E18BF4FE804FF0,graphics/source/sprites/MASLG21.bam
supplemental:sprites:creature-animation-bam:MASLG22,sprites,creature-animation-bam,MASLG22,BAMC,V1,801,63,data/25CreAni.bif,0x0970001B,398910,B1DC054F1F7569514196BFA913271C1A02170B9373EE93AA21BF5D5CB75089FA,graphics/source/sprites/MASLG22.bam
supplemental:sprites:creature-animation-bam:MASLG23,sprites,creature-animation-bam,MASLG23,BAMC,V1,801,63,data/25CreAni.bif,0x0970001C,360139,C0BF0F47D97AE6BB2EC95A729E01A055D00DB0FA1E3EB2E1D614DFAF2D371A0D,graphics/source/sprites/MASLG23.bam
supplemental:sprites:creature-animation-bam:MASLG24,sprites,creature-animation-bam,MASLG24,BAMC,V1,801,63,data/25CreAni.bif,0x0970001D,360139,C0BF0F47D97AE6BB2EC95A729E01A055D00DB0FA1E3EB2E1D614DFAF2D371A0D,graphics/source/sprites/MASLG24.bam
supplemental:sprites:creature-animation-bam:MASLG25,sprites,creature-animation-bam,MASLG25,BAMC,V1,801,63,data/25CreAni.bif,0x0970001E,509769,755A8B497114DBFEE7CFA6CEA778B4471128C5D1FEA1D9FA943B05FAD96923EF,graphics/source/sprites/MASLG25.bam
supplemental:sprites:creature-animation-bam:MASLG26,sprites,creature-animation-bam,MASLG26,BAMC,V1,801,63,data/25CreAni.bif,0x0970001F,256997,447AE4505C6D60842A05C8E187A6873A363682F3C43C713D1DDCCC35738A0B12,graphics/source/sprites/MASLG26.bam
supplemental:sprites:creature-animation-bam:MASLG2BW,sprites,creature-animation-bam,MASLG2BW,BAMC,V1,801,63,data/25CreAni.bif,0x09700020,604647,DC0499F132A7DB9FC5D86928CB6C49CF30383F81FB6774DD519B84EAF5DE7254,graphics/source/sprites/MASLG2BW.bam
supplemental:sprites:creature-animation-bam:MASLG2S1,sprites,creature-animation-bam,MASLG2S1,BAMC,V1,801,63,data/25CreAni.bif,0x09700021,387310,DE0DD92ED9F30F2628906EAE3210AE05CD4CCF0746FAD3F52832A366FA83BD39,graphics/source/sprites/MASLG2S1.bam
supplemental:sprites:creature-animation-bam:MSOLG11,sprites,creature-animation-bam,MSOLG11,BAMC,V1,387,54,data/25CreAni.bif,0x09700086,238204,AA4D1A8BE288E8D1E2D0A1F43175CA6D4DBB952C74E196277848FF406933D5A7,graphics/source/sprites/MSOLG11.bam
supplemental:sprites:creature-animation-bam:MSOLG12,sprites,creature-animation-bam,MSOLG12,BAMC,V1,387,54,data/25CreAni.bif,0x09700087,456939,265906C9114C8B370D71F5A3D64428149944B7197EECA2C233C0C1943FF97849,graphics/source/sprites/MSOLG12.bam
supplemental:sprites:creature-animation-bam:MSOLG13,sprites,creature-animation-bam,MSOLG13,BAMC,V1,387,54,data/25CreAni.bif,0x09700088,150358,FDFF9304AC97D915B02F3DB421E5285F8F2B6BA6E32CAF0AC7340AAF1C9A7085,graphics/source/sprites/MSOLG13.bam
supplemental:sprites:creature-animation-bam:MSOLG14,sprites,creature-animation-bam,MSOLG14,BAMC,V1,387,54,data/25CreAni.bif,0x09700089,150358,FDFF9304AC97D915B02F3DB421E5285F8F2B6BA6E32CAF0AC7340AAF1C9A7085,graphics/source/sprites/MSOLG14.bam
supplemental:sprites:creature-animation-bam:MSOLG15,sprites,creature-animation-bam,MSOLG15,BAMC,V1,432,54,data/25CreAni.bif,0x0970008A,60652,2FB0286250DCAACC5EFE5ED657C04F092BC0B7787278259FD109D8A1B66B8A7C,graphics/source/sprites/MSOLG15.bam
supplemental:sprites:creature-animation-bam:MSOLG1BW,sprites,creature-animation-bam,MSOLG1BW,BAMC,V1,387,54,data/25CreAni.bif,0x0970008B,261411,1D03641739905718475A60417D62600E417ED91D27F72800388D0EF6D564C1C4,graphics/source/sprites/MSOLG1BW.bam
supplemental:sprites:creature-animation-bam:MSOLG1S1,sprites,creature-animation-bam,MSOLG1S1,BAMC,V1,387,54,data/25CreAni.bif,0x0970008C,147768,FE94A629A7ECE20C07FA0D159C3C58A8841E3C84A75738F3CF45214A6748E728,graphics/source/sprites/MSOLG1S1.bam
supplemental:sprites:creature-animation-bam:MSOLG2,sprites,creature-animation-bam,MSOLG2,BAMC,V1,801,63,data/25CreAni.bif,0x0970008D,383507,F46843DD6FFE2828ABBF57E7CED5084A91CC65861C7E095BBD6355F15617BD22,graphics/source/sprites/MSOLG2.bam
supplemental:sprites:creature-animation-bam:MSOLG21,sprites,creature-animation-bam,MSOLG21,BAMC,V1,801,63,data/25CreAni.bif,0x0970008E,377501,34A9A47AA9DE30F79FA55B410CA896036B294CEB47C80640AF8E408BD9493938,graphics/source/sprites/MSOLG21.bam
supplemental:sprites:creature-animation-bam:MSOLG22,sprites,creature-animation-bam,MSOLG22,BAMC,V1,801,63,data/25CreAni.bif,0x0970008F,394637,3C78966DA1288CB9BAAADB661F5CF2A29765860A6657C941BC423FFD47B55335,graphics/source/sprites/MSOLG22.bam
supplemental:sprites:creature-animation-bam:MSOLG23,sprites,creature-animation-bam,MSOLG23,BAMC,V1,801,63,data/25CreAni.bif,0x09700090,357175,A5500BBDFDBDC09B09521BE207CAF220702ADC6AA78A6207A600F1B75AC4043C,graphics/source/sprites/MSOLG23.bam
supplemental:sprites:creature-animation-bam:MSOLG24,sprites,creature-animation-bam,MSOLG24,BAMC,V1,801,63,data/25CreAni.bif,0x09700091,46350,F15097C1C6F2CD1BDD8EF6AFFA2FA99C7E2D9D33B534FB5D0D16B1A3A1D05A4B,graphics/source/sprites/MSOLG24.bam
supplemental:sprites:creature-animation-bam:MSOLG25,sprites,creature-animation-bam,MSOLG25,BAMC,V1,801,63,data/25CreAni.bif,0x09700092,504558,33A0BAE205DDFE80439766E2B2EEF6029D4FDBB5F590F832A0593C592B3A6F01,graphics/source/sprites/MSOLG25.bam
supplemental:sprites:creature-animation-bam:MSOLG26,sprites,creature-animation-bam,MSOLG26,BAMC,V1,801,63,data/25CreAni.bif,0x09700093,252467,A54CFAF92A9DC2E3120908E89587A8E142756FC433EFA236B8E94857197734D3,graphics/source/sprites/MSOLG26.bam
supplemental:sprites:creature-animation-bam:MSOLG2BW,sprites,creature-animation-bam,MSOLG2BW,BAMC,V1,801,63,data/25CreAni.bif,0x09700094,565575,E8836B0ECF61D0D92E92390EDF88347A784E37833462CED21A7698BA045CA304,graphics/source/sprites/MSOLG2BW.bam
supplemental:sprites:creature-animation-bam:MSOLG2S1,sprites,creature-animation-bam,MSOLG2S1,BAMC,V1,801,63,data/25CreAni.bif,0x09700095,353076,D6E0000B7E7C27696083EE2F7B0B69DF8D5ED5B605C474D02E743A7A7ADCC5A9,graphics/source/sprites/MSOLG2S1.bam
supplemental:ui:ui-bam:PBELT05,ui,ui-bam,PBELT05,BAMC,V1,1,1,data/25GuiDes.bif,0x0A60000B,31569,4E404DA8E87E0685A061FD90BBE8C4166836EB41A8E8486EF7E27564836E0D9E,graphics/source/ui/PBELT05.bam
supplemental:ui:ui-bam:PBLUN30C,ui,ui-bam,PBLUN30C,BAMC,V1,1,1,data/25GuiDes.bif,0x0A600015,23165,B7B55E7EA27D8BA1A283C2AF428DA4F695A4CD0F07D84627D19E45277FE587CD,graphics/source/ui/PBLUN30C.bam
supplemental:ui:ui-bam:PBLUN30D,ui,ui-bam,PBLUN30D,BAMC,V1,1,1,data/25GuiDes.bif,0x0A600016,25437,7E64383926167B90E14755C25632E66AD1D2B099F57AF9D03C1A6E220AE079E1,graphics/source/ui/PBLUN30D.bam
supplemental:ui:ui-bam:PCOMPO05,ui,ui-bam,PCOMPO05,BAMC,V1,1,1,data/25GuiDes.bif,0x0A600028,19256,F172A47940FA5E94A1E0488C302D9925C9A51A3B3BFF4E2C8BF4FE99937FC189,graphics/source/ui/PCOMPO05.bam
supplemental:ui:ui-bam:PHALB10,ui,ui-bam,PHALB10,BAMC,V1,1,1,data/25GuiDes.bif,0x0A600036,37311,4C7D3ACC9A5A947BD39FFED91FFD9816AEE68B29C0D5E6EB589575CD59B00BBB,graphics/source/ui/PHALB10.bam
supplemental:ui:ui-bam:PHELM31,ui,ui-bam,PHELM31,BAMC,V1,1,1,data/25GuiDes.bif,0x0A60003A,26249,DCD99AC08F75D4C4E6434A2FC7884A393955B437DB185152A75FE1AA1E60211B,graphics/source/ui/PHELM31.bam
supplemental:ui:ui-bam:PHELM32,ui,ui-bam,PHELM32,BAMC,V1,1,1,data/25GuiDes.bif,0x0A60003B,30706,1AEC9DE9B7DB7911C7F835482109EF07F9F5D1C2613976BA965B0018662EDD8E,graphics/source/ui/PHELM32.bam
supplemental:sprites:paperdoll-animation-bam:PLYBEAR1,sprites,paperdoll-animation-bam,PLYBEAR1,BAMC,V1,1,2,data/PaperDol.bif,0x062000AA,1637,A4332D357332EFC4D767EC3E42D5DEE179E9AA996350CF1BCFC9F6892F672E52,graphics/source/sprites/PLYBEAR1.bam
supplemental:sprites:paperdoll-animation-bam:PLYBEAR2,sprites,paperdoll-animation-bam,PLYBEAR2,BAMC,V1,1,2,data/PaperDol.bif,0x062000AB,1633,291830232B82F75CC40AFD2C9D67B811A3091977A6AA817BADE36582358ECDA1,graphics/source/sprites/PLYBEAR2.bam
supplemental:sprites:paperdoll-animation-bam:PLYFLIND,sprites,paperdoll-animation-bam,PLYFLIND,BAMC,V1,1,2,data/PaperDol.bif,0x062000AC,1578,0D2EAD6D7197C229805DEDD6DE415635521D5325384C1AEB7A0BB4C4C920DD34,graphics/source/sprites/PLYFLIND.bam
supplemental:sprites:paperdoll-animation-bam:PLYJELLY,sprites,paperdoll-animation-bam,PLYJELLY,BAMC,V1,1,2,data/PaperDol.bif,0x062000AD,1512,D69A579B9D862E2AF00B329B4579B8DDECAECCFAC0452059B490061BAE4C82C4,graphics/source/sprites/PLYJELLY.bam
supplemental:sprites:paperdoll-animation-bam:PLYMAN,sprites,paperdoll-animation-bam,PLYMAN,BAMC,V1,1,2,data/PaperDol.bif,0x062000AE,1512,2C304551C209225A7E3BBCBF41CA43D28B0AA238C4A481A2FC03251B95B13EDE,graphics/source/sprites/PLYMAN.bam
supplemental:sprites:paperdoll-animation-bam:PLYOGRE,sprites,paperdoll-animation-bam,PLYOGRE,BAMC,V1,1,2,data/PaperDol.bif,0x062000AF,1609,4C55CB811FD1C17569AC50841D7D381AB9E4CCD94B4DCA0223ADBF4D097BF6D2,graphics/source/sprites/PLYOGRE.bam
supplemental:sprites:paperdoll-animation-bam:PLYSPIDR,sprites,paperdoll-animation-bam,PLYSPIDR,BAMC,V1,1,2,data/PaperDol.bif,0x062000B0,1638,D98DF87FB8DE649506580C133F154626A486922436CDFD17C881579BBFAD645B,graphics/source/sprites/PLYSPIDR.bam
supplemental:sprites:paperdoll-animation-bam:PLYWOLF,sprites,paperdoll-animation-bam,PLYWOLF,BAMC,V1,1,2,data/PaperDol.bif,0x062000B1,1567,C2E673D7DCAEA95BDCB7EA335DA3870975C289AB6CEACCBEEAD2E107FCFEBBDB,graphics/source/sprites/PLYWOLF.bam
supplemental:ui:ui-bam:PPL02A01,ui,ui-bam,PPL02A01,BAMC,V1,1,1,data/25GuiDes.bif,0x0A60003E,13561,39AECADDA381FD02A65F866CB8A7B9EE1FD5A4A634044E333B41555F88E8EDDA,graphics/source/ui/PPL02A01.bam
supplemental:ui:ui-bam:PPL02A02,ui,ui-bam,PPL02A02,BAMC,V1,1,1,data/25GuiDes.bif,0x0A60003F,11420,88D25DC92CC128D7BA4904043E21EC048545EDC3CC16923E938540EAC59C9D75,graphics/source/ui/PPL02A02.bam
supplemental:ui:ui-bam:PPL02B01,ui,ui-bam,PPL02B01,BAMC,V1,1,1,data/25GuiDes.bif,0x0A600040,13397,9EED9FF582C309179FB54E6284F43AE61047C31B48F56646FAE60BEACE726136,graphics/source/ui/PPL02B01.bam
supplemental:ui:ui-bam:PPL02B02,ui,ui-bam,PPL02B02,BAMC,V1,1,1,data/25GuiDes.bif,0x0A600041,11420,88D25DC92CC128D7BA4904043E21EC048545EDC3CC16923E938540EAC59C9D75,graphics/source/ui/PPL02B02.bam
supplemental:ui:ui-bam:PSHLD31,ui,ui-bam,PSHLD31,BAMC,V1,1,1,data/25GuiDes.bif,0x0A60006F,36507,C53CBC888AB3DF68A51798D24F4DF4759690FE70E36CA2CD213BA56AE818F5EA,graphics/source/ui/PSHLD31.bam
supplemental:ui:ui-bam:PSW2H18,ui,ui-bam,PSW2H18,BAMC,V1,1,1,data/25GuiDes.bif,0x0A60007D,24781,39CC76B37C2B1CB2CEDA659F62ACC22FCB84182BCC7C3F4FB82D0E8CAC1B9975,graphics/source/ui/PSW2H18.bam
supplemental:effects:misc-animation-bam:RIPPLE_1,effects,misc-animation-bam,RIPPLE_1,BAMC,V1,13,5,data/MISCAnim.bif,0x013000E1,2139,B54166C72ACC68F88CB00ED737A5FBB0816229E3133464FAB0F6079194341B5C,graphics/source/effects/RIPPLE_1.bam
supplemental:effects:misc-animation-bam:RIPPLE_2,effects,misc-animation-bam,RIPPLE_2,BAMC,V1,30,5,data/MISCAnim.bif,0x013000E2,102339,D933E4C6DD989AFEBE06F6E5BE2F1E7A7E7C686B9A581428741D4D7D7691BB37,graphics/source/effects/RIPPLE_2.bam
supplemental:effects:misc-animation-bam:RIPPLE_3,effects,misc-animation-bam,RIPPLE_3,BAMC,V1,20,5,data/MISCAnim.bif,0x013000E3,10454,4D8BD43C91ED8CC4DB2FEB4F71C74DD02CEDBDE32CEFCFA653F54935E7F8A2B7,graphics/source/effects/RIPPLE_3.bam
supplemental:effects:spell-animation-bam:SANCTRY,effects,spell-animation-bam,SANCTRY,BAMC,V1,18,1,data/SPELAnim.bif,0x01500017,95540,1C9E7A29DFF872489594133C86D6481B5C15B1EEA39A18036F0469781118985B,graphics/source/effects/SANCTRY.bam
supplemental:effects:spell-animation-bam:SETTRAP,effects,spell-animation-bam,SETTRAP,BAMC,V1,1,2,data/SPELAnim.bif,0x01500019,1447,C02180FB96A96059298D8E17CCB17B3DA63627B2EF463703481D2B0B67754B65,graphics/source/effects/SETTRAP.bam
supplemental:effects:spell-animation-bam:SHAREA,effects,spell-animation-bam,SHAREA,BAMC,V1,6,1,data/SPELAnim.bif,0x01500023,12888,8B9C776DA0BEA3F6C557DC26D43BB8BB3FD0CCFE3A499BC7FFD43E186ECE6711,graphics/source/effects/SHAREA.bam
supplemental:effects:spell-animation-bam:SHEARTH,effects,spell-animation-bam,SHEARTH,BAMC,V1,18,1,data/SPELAnim.bif,0x0150002B,17217,495391342A51E054577D87382A6B021D82AEFAD68FB3F7592DB0C903BEC8CF0F,graphics/source/effects/SHEARTH.bam
supplemental:effects:spell-animation-bam:SHWATER,effects,spell-animation-bam,SHWATER,BAMC,V1,18,1,data/SPELAnim.bif,0x01500035,16404,0D2999695FD3077D5B64D1559C82E054BD23DE53B1C5BD62B3A5B7222886917D,graphics/source/effects/SHWATER.bam
supplemental:effects:spell-animation-bam:SKLH,effects,spell-animation-bam,SKLH,BAMC,V1,36,6,data/SPELAnim.bif,0x0150003D,2469,51B6D0D169FCB8912A09DCF26CB63A7C659E659023EB71765C396C40C2EF2CA0,graphics/source/effects/SKLH.bam
supplemental:effects:misc-animation-bam:SNOWFAL1,effects,misc-animation-bam,SNOWFAL1,BAMC,V1,18,5,data/MISCAnim.bif,0x013000E5,7367,F71448994496296AE9CD08147D3A2787B64C3E8781FE392383E8DCCDD205D2A7,graphics/source/effects/SNOWFAL1.bam
supplemental:effects:misc-animation-bam:SNOWFAL2,effects,misc-animation-bam,SNOWFAL2,BAMC,V1,21,5,data/MISCAnim.bif,0x013000E6,9445,B57038950AC2D82D977EF1BDB8CD59C9604FFB2B7F1841DDA2109E4CDA073243,graphics/source/effects/SNOWFAL2.bam
supplemental:effects:spell-animation-bam:SPAGSCHO,effects,spell-animation-bam,SPAGSCHO,BAMC,V1,30,5,data/SPELAnim.bif,0x01500041,8536,D4FDAC9CD5EDF72BFE596136C94CC4A4CE70B544C732AFB2484EF41EA661FB43,graphics/source/effects/SPAGSCHO.bam
supplemental:effects:spell-animation-bam:SPARMOR2,effects,spell-animation-bam,SPARMOR2,BAMC,V1,30,1,data/SPELAnim.bif,0x01500044,34771,43502961C8E26B1688E8008B487C81FBF117D1891E7D480B9D389E0E32B5E2DF,graphics/source/effects/SPARMOR2.bam
supplemental:effects:spell-animation-bam:SPBASEWT,effects,spell-animation-bam,SPBASEWT,BAMC,V1,49,1,data/SPELAnim.bif,0x0150004A,141515,F03797953119B0074E45172C4C9D4DC9802DC74ABD1E4C1AAB01C249C1484381,graphics/source/effects/SPBASEWT.bam
supplemental:effects:spell-animation-bam:SPBDBUR,effects,spell-animation-bam,SPBDBUR,BAMC,V1,15,1,data/SPELAnim.bif,0x0150004B,4893,B54BF8B22C9165AEFA5169B61BC9C81DE1D44929819A9D9AF71CE5EC3A5C9A4E,graphics/source/effects/SPBDBUR.bam
supplemental:effects:spell-animation-bam:SPBDBURS,effects,spell-animation-bam,SPBDBURS,BAMC,V1,73,9,data/SPELAnim.bif,0x0150004C,155893,D77A0D26B024C5C2E03DE12594B94DE88F174ECFF373BC2019ED28D4D557EEF9,graphics/source/effects/SPBDBURS.bam
supplemental:effects:spell-animation-bam:SPBLOOD,effects,spell-animation-bam,SPBLOOD,BAMC,V1,30,5,data/SPELAnim.bif,0x01500054,4739,0FF12A2C943534D0EFDBB66A60A4E880392BD8B9BCB3E0E27AA1508A4416C3FA,graphics/source/effects/SPBLOOD.bam
supplemental:effects:spell-animation-bam:SPBOOM,effects,spell-animation-bam,SPBOOM,BAMC,V1,12,1,data/SPELAnim.bif,0x01500055,11214,982B744717089A1B88FF33FD84711ED8CD0B47AC1DDFC8410BC5BE8808B0872A,graphics/source/effects/SPBOOM.bam
supplemental:effects:spell-animation-bam:SPBRNHND,effects,spell-animation-bam,SPBRNHND,BAMC,V1,30,5,data/SPELAnim.bif,0x01500056,19099,D841B2357874FF46621F3FDFDAC9C71A7597DE2D60734BF16F6A4A17FD7D62CB,graphics/source/effects/SPBRNHND.bam
supplemental:effects:spell-animation-bam:SPBURN,effects,spell-animation-bam,SPBURN,BAMC,V1,12,3,data/SPELAnim.bif,0x01500057,1551,3E0C3D3623ECD8961E6C8D0EB374828F190CFC75D3D1453EB7A895925060BD37,graphics/source/effects/SPBURN.bam
supplemental:effects:spell-animation-bam:SPBURNS1,effects,spell-animation-bam,SPBURNS1,BAMC,V1,24,3,data/SPELAnim.bif,0x01500058,17775,906AFF960F6DF32DDFB09F547EFCA4D8E8091911FEAE74EF24260EBFB9A55C82,graphics/source/effects/SPBURNS1.bam
supplemental:effects:spell-animation-bam:SPCCOLDE,effects,spell-animation-bam,SPCCOLDE,BAMC,V1,80,5,data/SPELAnim.bif,0x0150005C,74325,F019301117A9F077D4BFE92F0A12CB49BAD4419D31DC56747A9D5B33D7606648,graphics/source/effects/SPCCOLDE.bam
supplemental:effects:spell-animation-bam:SPCCOLDL,effects,spell-animation-bam,SPCCOLDL,BAMC,V1,60,5,data/SPELAnim.bif,0x0150005D,78748,EF55A7306D1F588C77F1DA099A1605B4B172D6D9CCD34A008680B8372AD9FA19,graphics/source/effects/SPCCOLDL.bam
supplemental:effects:spell-animation-bam:SPCCWOUI,effects,spell-animation-bam,SPCCWOUI,BAMC,V1,41,2,data/SPELAnim.bif,0x0150005E,170023,C578DD59F0CD4494DBA29F4CA2995D4939792E68A74D17C1AAA0DC075DD836B3,graphics/source/effects/SPCCWOUI.bam
supplemental:effects:spell-animation-bam:SPCHROMI,effects,spell-animation-bam,SPCHROMI,BAMC,V1,72,9,data/SPELAnim.bif,0x01500063,74740,12059A6AF79D3AC94C7E3C2735774BE8C04F5DBFB4E7710DB5E37ABAD73FE2D9,graphics/source/effects/SPCHROMI.bam
supplemental:effects:spell-animation-bam:SPCHUNKS,effects,spell-animation-bam,SPCHUNKS,BAMC,V1,30,10,data/SPELAnim.bif,0x01500065,1215,B574FB59E1171F5C38A3E1327AA66ED968F4A9FF7CBDEE5EA0D8A68A45D95736,graphics/source/effects/SPCHUNKS.bam
supplemental:effects:spell-animation-bam:SPCSPRA2,effects,spell-animation-bam,SPCSPRA2,BAMC,V1,24,1,data/SPELAnim.bif,0x0150006D,19766,20659C8BFF45F84F8D85FFC8B88EAB259722B27E58B2629CAB331916FF5A58B6,graphics/source/effects/SPCSPRA2.bam
supplemental:effects:spell-animation-bam:SPCSPRA3,effects,spell-animation-bam,SPCSPRA3,BAMC,V1,25,1,data/SPELAnim.bif,0x0150006E,28036,D2CEF78EA0BE98584613F8628CC220D121166AB4EB848D8C2E16995A48645E70,graphics/source/effects/SPCSPRA3.bam
supplemental:effects:spell-animation-bam:SPCSPRAI,effects,spell-animation-bam,SPCSPRAI,BAMC,V1,24,1,data/SPELAnim.bif,0x0150006F,5905,00B136EFF5385E3299696D28202FF1C9113C6DCDF6D00D26A47763322CCE25CB,graphics/source/effects/SPCSPRAI.bam
supplemental:effects:spell-animation-bam:SPDEATH3,effects,spell-animation-bam,SPDEATH3,BAMC,V1,30,1,data/SPELAnim.bif,0x01500071,37456,5060274A3A4F26EE5BE40568EC74D32E52EF14C366A2CD9D90163218D083E3E7,graphics/source/effects/SPDEATH3.bam
supplemental:effects:spell-animation-bam:SPDIMDR1,effects,spell-animation-bam,SPDIMDR1,BAMC,V1,6,1,data/SPELAnim.bif,0x01500072,14558,D4E6CBB43145EE6E747670590A5286F1DB9A47D06D45B303136B0F1552CF1E46,graphics/source/effects/SPDIMDR1.bam
supplemental:effects:spell-animation-bam:SPDIMDR2,effects,spell-animation-bam,SPDIMDR2,BAMC,V1,6,1,data/SPELAnim.bif,0x01500073,8836,DCC03C5F49D1383B7F7CA85BA9B1959829537A385AED8A633350CE3A8A54AFEB,graphics/source/effects/SPDIMDR2.bam
supplemental:effects:spell-animation-bam:SPELLTIN,effects,spell-animation-bam,SPELLTIN,BAMC,V1,1,1,data/SPELAnim.bif,0x01500078,655,11CF9B1FFEBB4200DD0165893B2750CE0C2CD5B10BBD7E4D95A3EB3D88F32223,graphics/source/effects/SPELLTIN.bam
supplemental:ui:ui-bam:SPENBARA,ui,ui-bam,SPENBARA,BAM,V1,2,2,data/25GuiBam.bif,0x08F000AC,3132,5659750B23DBFBD399900AB15B8DF14E279B88A46F51EACF4A8B4AD46D632385,graphics/source/ui/SPENBARA.bam
supplemental:ui:ui-bam:SPENBARC,ui,ui-bam,SPENBARC,BAM,V1,2,2,data/25GuiBam.bif,0x08F000AE,3132,5659750B23DBFBD399900AB15B8DF14E279B88A46F51EACF4A8B4AD46D632385,graphics/source/ui/SPENBARC.bam
supplemental:ui:ui-bam:SPENBARD,ui,ui-bam,SPENBARD,BAM,V1,2,2,data/25GuiBam.bif,0x08F000AF,3132,5659750B23DBFBD399900AB15B8DF14E279B88A46F51EACF4A8B4AD46D632385,graphics/source/ui/SPENBARD.bam
supplemental:effects:spell-animation-bam:SPENTACI,effects,spell-animation-bam,SPENTACI,BAMC,V1,32,3,data/SPELAnim.bif,0x0150007A,33544,B9D5F48BA291B7FF2A29E4E68DCFF41D866A79295385771BE96BB2D33F214437,graphics/source/effects/SPENTACI.bam
supplemental:effects:spell-animation-bam:SPENTAXI,effects,spell-animation-bam,SPENTAXI,BAMC,V1,24,1,data/SPELAnim.bif,0x0150007B,79538,618BD5B5A3550B25B5E4D9DCE2D65135E87AAADBFCB3A9BB820E017CECF16AE2,graphics/source/effects/SPENTAXI.bam
supplemental:effects:spell-animation-bam:SPFBSMAL,effects,spell-animation-bam,SPFBSMAL,BAMC,V1,30,5,data/SPELAnim.bif,0x0150007C,3912,81DBBFD664FC865B8C8336820DAE2FBD775166B0223E0C83A4776CC679976C58,graphics/source/effects/SPFBSMAL.bam
supplemental:effects:spell-animation-bam:SPFDETH3,effects,spell-animation-bam,SPFDETH3,BAMC,V1,30,1,data/SPELAnim.bif,0x0150007E,55117,C33B08C0A034B62F206D825A6B290E3BED6134CCF83975A290CFDFCE3FEDF0F3,graphics/source/effects/SPFDETH3.bam
supplemental:effects:spell-animation-bam:SPFINODI,effects,spell-animation-bam,SPFINODI,BAMC,V1,28,1,data/SPELAnim.bif,0x01500080,36946,1D743D698047A5345D94A3F14E09915B7D9200A087D39DCA737890354C157EFB,graphics/source/effects/SPFINODI.bam
supplemental:effects:spell-animation-bam:SPFIRE,effects,spell-animation-bam,SPFIRE,BAMC,V1,6,1,data/SPELAnim.bif,0x01500081,1300,61A3D4D437FCEF7C49543B8295E2790A045B51662CB91F74164651409B32B046,graphics/source/effects/SPFIRE.bam
supplemental:effects:spell-animation-bam:SPFIRET,effects,spell-animation-bam,SPFIRET,BAMC,V1,13,1,data/SPELAnim.bif,0x01500086,9818,7C3CC28B4A9B1F508B812746752344771C847E21C52F1EA15254751C653AF474,graphics/source/effects/SPFIRET.bam
supplemental:effects:spell-animation-bam:SPFIRIMP,effects,spell-animation-bam,SPFIRIMP,BAMC,V1,16,1,data/SPELAnim.bif,0x01500088,33191,AD37CF20A2180863F1BB91081DDEFEE77465E3FFFA67FEBE77F17533334C858C,graphics/source/effects/SPFIRIMP.bam
supplemental:effects:spell-animation-bam:SPFLADOW,effects,spell-animation-bam,SPFLADOW,BAMC,V1,11,1,data/SPELAnim.bif,0x0150008C,38585,10A2F5B44BF0B92116371A7667088B4307F282876735C7106B66F6D33D0F7417,graphics/source/effects/SPFLADOW.bam
supplemental:effects:spell-animation-bam:SPFLMSTI,effects,spell-animation-bam,SPFLMSTI,BAMC,V1,34,1,data/SPELAnim.bif,0x01500093,463953,13EAD5E2F0FC77E619451B5F656945BEF215EA4B6BCF50A492A3795195F75428,graphics/source/effects/SPFLMSTI.bam
supplemental:effects:spell-animation-bam:SPFLSTRI,effects,spell-animation-bam,SPFLSTRI,BAMC,V1,11,1,data/SPELAnim.bif,0x01500095,41525,A56BC292EFEB7873381A0A753249A8F81AC7EB9EBB1EE52DD2C61B3B75BF5790,graphics/source/effects/SPFLSTRI.bam
supplemental:effects:spell-animation-bam:SPFSTRMI,effects,spell-animation-bam,SPFSTRMI,BAMC,V1,50,1,data/SPELAnim.bif,0x01500097,331798,CFBA3C885EA9930AF05653CB4E7DD80C433DB2829AD51D6459F39A2EE1A24B12,graphics/source/effects/SPFSTRMI.bam
supplemental:effects:spell-animation-bam:SPGENHLA,effects,spell-animation-bam,SPGENHLA,BAMC,V1,11,1,data/SPELAnim.bif,0x01500098,162787,B6FC563CE5A1BAE095F13E4D6B116A3DDAC27DA5EFC93A7339159130A60F0FD6,graphics/source/effects/SPGENHLA.bam
supplemental:effects:spell-animation-bam:SPGENHLB,effects,spell-animation-bam,SPGENHLB,BAMC,V1,15,4,data/SPELAnim.bif,0x01500099,152402,C15EF8E2E167889A3E2204B4D9DFED3B996E1FFBE9A0FAF75BB1F6C109A4605A,graphics/source/effects/SPGENHLB.bam
supplemental:effects:spell-animation-bam:SPGREAAI,effects,spell-animation-bam,SPGREAAI,BAMC,V1,16,1,data/SPELAnim.bif,0x0150009D,14005,A865632839EF2BD46F2A08C74149330432E2C29B7A70C79EC2E3DC37A2670CC9,graphics/source/effects/SPGREAAI.bam
supplemental:effects:spell-animation-bam:SPGREACI,effects,spell-animation-bam,SPGREACI,BAMC,V1,16,1,data/SPELAnim.bif,0x0150009E,20104,8504402E04BD9EA4B341FC2BC226723B8F3C4E98C02F27ADE9151E28428FEFC5,graphics/source/effects/SPGREACI.bam
supplemental:effects:spell-animation-bam:SPGREAXI,effects,spell-animation-bam,SPGREAXI,BAMC,V1,20,1,data/SPELAnim.bif,0x0150009F,51282,D9E835172E8AEF475E07F5DE08CFDBA5D8DA8702F850D6B06CEBB71BB5622191,graphics/source/effects/SPGREAXI.bam
supplemental:effects:spell-animation-bam:SPHLHI01,effects,spell-animation-bam,SPHLHI01,BAMC,V1,20,1,data/SPELAnim.bif,0x015000A4,22646,0E7B1247C424F0DFD064A256DADE928AD112720A412C26B5EF94F10CA6C5D2D6,graphics/source/effects/SPHLHI01.bam
supplemental:effects:spell-animation-bam:SPHLHI02,effects,spell-animation-bam,SPHLHI02,BAMC,V1,20,1,data/SPELAnim.bif,0x015000A5,23178,F90094602018075439A66AC892EE0F87FA91BC8C07D18E76AD24E50FDDFF8125,graphics/source/effects/SPHLHI02.bam
supplemental:effects:spell-animation-bam:SPHLYSM2,effects,spell-animation-bam,SPHLYSM2,BAMC,V1,46,3,data/SPELAnim.bif,0x015000A7,78397,5555E7BF94C938119A2EB19F770B410AE275639CF357F22A5DF2E2FDDBC09B7F,graphics/source/effects/SPHLYSM2.bam
supplemental:effects:spell-animation-bam:SPHLYSM3,effects,spell-animation-bam,SPHLYSM3,BAMC,V1,45,3,data/SPELAnim.bif,0x015000A8,99009,1928490D39C701AD7543DA3144136F3B600A6D2F5CE766773DF849352284DFD9,graphics/source/effects/SPHLYSM3.bam
supplemental:effects:spell-animation-bam:SPHLYSMT,effects,spell-animation-bam,SPHLYSMT,BAMC,V1,45,3,data/SPELAnim.bif,0x015000A9,46346,2743E55FCDE69EA26D0F2A017C61C54D03F16FA345A8E6361C32864DE9D252FB,graphics/source/effects/SPHLYSMT.bam
supplemental:effects:spell-animation-bam:SPHOLMIG,effects,spell-animation-bam,SPHOLMIG,BAMC,V1,12,1,data/SPELAnim.bif,0x015000AB,93594,C3DC0C725B09E3DF36C5C3011F71FE2F5A5F8A245C0742681EAB38CC0E4F42EF,graphics/source/effects/SPHOLMIG.bam
supplemental:effects:spell-animation-bam:SPHOLYWD,effects,spell-animation-bam,SPHOLYWD,BAMC,V1,27,2,data/SPELAnim.bif,0x015000AD,95519,9468359AC403964AE07676DDF1DC62BB6111C36B1B8367134E4FFD6ED2E0A4C0,graphics/source/effects/SPHOLYWD.bam
supplemental:effects:spell-animation-bam:SPHORPUF,effects,spell-animation-bam,SPHORPUF,BAMC,V1,109,2,data/SPELAnim.bif,0x015000AE,405104,91614BB9B3E754D1D3D8F721D1CCF3562E51D5E0E7EC68E3066F1848E6BD38A6,graphics/source/effects/SPHORPUF.bam
supplemental:effects:spell-animation-bam:SPICEIMP,effects,spell-animation-bam,SPICEIMP,BAMC,V1,16,1,data/SPELAnim.bif,0x015000B1,38975,F3658B79AFBFF8481DD9C8483BAB27A304E1663C48ADB8D3B5CE1BA8BBC1A5F6,graphics/source/effects/SPICEIMP.bam
supplemental:effects:spell-animation-bam:SPICESTM,effects,spell-animation-bam,SPICESTM,BAMC,V1,45,3,data/SPELAnim.bif,0x015000B2,133882,D1C57412D7A90C51D33E230258CD7C3039CFBDAFF2B13E98977BA033A97CC06F,graphics/source/effects/SPICESTM.bam
supplemental:effects:spell-animation-bam:SPILUSIO,effects,spell-animation-bam,SPILUSIO,BAMC,V1,450,10,data/SPELAnim.bif,0x015000B4,118697,6B7F869B9A4F805BD8D35C546208A68EB7CAE8A53DB93637C0940F07388C4B7B,graphics/source/effects/SPILUSIO.bam
supplemental:effects:spell-animation-bam:SPIMPPT,effects,spell-animation-bam,SPIMPPT,BAMC,V1,30,1,data/25SpelAn.bif,0x0980000B,31033,060565F70D10D04F710E479978CE3DC1DC5DBF29B0B2787C0F87CF03441D8C0C,graphics/source/effects/SPIMPPT.bam
supplemental:effects:misc-animation-bam:SPLASH,effects,misc-animation-bam,SPLASH,BAMC,V1,12,1,data/MISCAnim.bif,0x013000E9,9728,7513620A0E7A2C59C7500009C2537E28CECC580277DAFF76FD96FD5F28F0152B,graphics/source/effects/SPLASH.bam
supplemental:effects:spell-animation-bam:SPMETSWM,effects,spell-animation-bam,SPMETSWM,BAMC,V1,45,3,data/SPELAnim.bif,0x015000BC,187266,F24C4CD7C6450D27B67DF1B25F80CAC243859DF948CACCAC035D07DAF355E4F1,graphics/source/effects/SPMETSWM.bam
supplemental:effects:spell-animation-bam:SPMETSWN,effects,spell-animation-bam,SPMETSWN,BAMC,V1,45,3,data/SPELAnim.bif,0x015000BD,62493,9763053C851ADAADDD789C3810028D91557F4DFDEF88991AF4DA757554F5C86E,graphics/source/effects/SPMETSWN.bam
supplemental:effects:spell-animation-bam:SPMIRROI,effects,spell-animation-bam,SPMIRROI,BAMC,V1,20,1,data/SPELAnim.bif,0x015000BF,77260,F92888EA7DAFBFDB57F3B38080B46AC0CA598E592CB2C14E0EAFB3F8D15583CC,graphics/source/effects/SPMIRROI.bam
supplemental:effects:spell-animation-bam:SPNPOISI,effects,spell-animation-bam,SPNPOISI,BAMC,V1,21,1,data/SPELAnim.bif,0x015000C2,51328,2F21F43FDBDDA68E1449A11C4A77C06BA8656BD6F78B60FD022571A19DB8BEF4,graphics/source/effects/SPNPOISI.bam
supplemental:effects:misc-animation-bam:SPOUTA,effects,misc-animation-bam,SPOUTA,BAMC,V1,24,3,data/MISCAnim.bif,0x013000EA,45765,F91AF1762E84FD2FEBD44BC7B99DA6B879FF74F6959D24C85EAFCE3E0EB8BECA,graphics/source/effects/SPOUTA.bam
supplemental:effects:spell-animation-bam:SPPFIRAI,effects,spell-animation-bam,SPPFIRAI,BAMC,V1,89,3,data/SPELAnim.bif,0x015000C4,169255,EF24DF1460A6DBBBCF4078535275B4FDA7F26BD4011617FB8BAF421FA7657FF5,graphics/source/effects/SPPFIRAI.bam
supplemental:effects:spell-animation-bam:SPPFIRXI,effects,spell-animation-bam,SPPFIRXI,BAMC,V1,28,1,data/SPELAnim.bif,0x015000C6,151017,3E671D211B00E8AB9DA63FEE62D0D5AF6BAAC45B6F10FCA9955E208830F69441,graphics/source/effects/SPPFIRXI.bam
supplemental:ui:ui-bam:SPPR721A,ui,ui-bam,SPPR721A,BAM,V1,2,2,data/25GuiBam.bif,0x08F000B0,3132,020BA8C5F55CF7078F683457F0BA8C4618B5E74811428CB08CD997199EBF2012,graphics/source/ui/SPPR721A.bam
supplemental:ui:ui-bam:SPPR721B,ui,ui-bam,SPPR721B,BAM,V1,2,2,data/25GuiBam.bif,0x08F000B1,3132,C22C5AF7F49937C8D242BD43104C103953631445BCF909AD54E6579CF46482E2,graphics/source/ui/SPPR721B.bam
supplemental:ui:ui-bam:SPPR722A,ui,ui-bam,SPPR722A,BAM,V1,2,2,data/25GuiBam.bif,0x08F000B3,3132,51970B6362EC16C73F0B32678CAE84EEE6C916FD8F344F4355AAF1DEA2D82E8E,graphics/source/ui/SPPR722A.bam
supplemental:ui:ui-bam:SPPR722B,ui,ui-bam,SPPR722B,BAM,V1,2,2,data/25GuiBam.bif,0x08F000B4,3132,B2ED7AD7299CA6D80A807062913A8414F2FE9B5968C7C749C97261F21A600C9A,graphics/source/ui/SPPR722B.bam
supplemental:ui:ui-bam:SPPR723A,ui,ui-bam,SPPR723A,BAM,V1,2,2,data/25GuiBam.bif,0x08F000B6,3132,4EBA304D6C50F622E04AD681C72BB5171B95205C77AA721FECBC1EB12F969B5D,graphics/source/ui/SPPR723A.bam
supplemental:ui:ui-bam:SPPR723B,ui,ui-bam,SPPR723B,BAM,V1,2,2,data/25GuiBam.bif,0x08F000B7,3132,248B7500C19C162AAA9FB810081509185AE104EA984139D7072C0BAB973D9A28,graphics/source/ui/SPPR723B.bam
supplemental:ui:ui-bam:SPPR724A,ui,ui-bam,SPPR724A,BAM,V1,2,2,data/25GuiBam.bif,0x08F000B9,3132,4F64FF65D7B0D78959048972E9B2FCE1254C73F42861E5A6550AD8CD94ABC169,graphics/source/ui/SPPR724A.bam
supplemental:ui:ui-bam:SPPR724B,ui,ui-bam,SPPR724B,BAM,V1,2,2,data/25GuiBam.bif,0x08F000BA,3132,76B45E0CF401D783337C2F79EF18ACACA0FD1751F19E2251C0CCD58C7FF3079D,graphics/source/ui/SPPR724B.bam
supplemental:ui:ui-bam:SPPR725A,ui,ui-bam,SPPR725A,BAM,V1,2,2,data/25GuiBam.bif,0x08F000BC,3132,8BFED811DAAF6FDCC8C94E2E2A611E167D8D0257043D667E7823E0808306E26C,graphics/source/ui/SPPR725A.bam
supplemental:ui:ui-bam:SPPR725B,ui,ui-bam,SPPR725B,BAM,V1,2,2,data/25GuiBam.bif,0x08F000BD,3132,E4CA4547318618FB94824F87C89839DC6B263D731AB53F6A2AEDFF70CAFEC07A,graphics/source/ui/SPPR725B.bam
supplemental:ui:ui-bam:SPPR726A,ui,ui-bam,SPPR726A,BAM,V1,2,2,data/25GuiBam.bif,0x08F000BF,3132,89CA3EC0934697C11A3E6F25457123CDB9FBE3C3C5F29134032CCE73CED816F6,graphics/source/ui/SPPR726A.bam
supplemental:ui:ui-bam:SPPR726B,ui,ui-bam,SPPR726B,BAM,V1,2,2,data/25GuiBam.bif,0x08F000C0,3132,BC78C4816DC7277F89662EE3850840387349EFC7F60E4BC1B9959A3FA5B5A83A,graphics/source/ui/SPPR726B.bam
supplemental:ui:ui-bam:SPPR727A,ui,ui-bam,SPPR727A,BAM,V1,2,2,data/25GuiBam.bif,0x08F000C2,3132,EC052EDB1613578DC16F8A06542F67F818256D67AB8096709DB3B15932421789,graphics/source/ui/SPPR727A.bam
supplemental:ui:ui-bam:SPPR727B,ui,ui-bam,SPPR727B,BAM,V1,2,2,data/25GuiBam.bif,0x08F000C3,3132,4C16B8FFBB82FBD3D8FC470B24BEF6A04C8F88886D9A084DAFC8AB5904F432DD,graphics/source/ui/SPPR727B.bam
supplemental:ui:ui-bam:SPPR728A,ui,ui-bam,SPPR728A,BAM,V1,2,2,data/25GuiBam.bif,0x08F000C5,3132,F010F3556F0B267AC29AEC87B06A249CC7C6C3487625525E2ECA04FE7C3AEF6F,graphics/source/ui/SPPR728A.bam
supplemental:ui:ui-bam:SPPR728B,ui,ui-bam,SPPR728B,BAM,V1,2,2,data/25GuiBam.bif,0x08F000C6,3132,AF58068A969157E6045AD582B91478EBBA02A6A8C5508B0CB88674944FF4BAA3,graphics/source/ui/SPPR728B.bam
supplemental:ui:ui-bam:SPPR729A,ui,ui-bam,SPPR729A,BAM,V1,2,2,data/25GuiBam.bif,0x08F000C8,3132,355B5066B3DC96E846F8979C48803F8A21BAEBE0D1C4A1983B5A45E58D8A30E1,graphics/source/ui/SPPR729A.bam
supplemental:ui:ui-bam:SPPR729B,ui,ui-bam,SPPR729B,BAM,V1,2,2,data/25GuiBam.bif,0x08F000C9,3132,60CF1E12ADACE9E0BEFE8815CEAA662556DBEAAE17DD3A770AD58D44009D0E03,graphics/source/ui/SPPR729B.bam
supplemental:ui:ui-bam:SPPR730A,ui,ui-bam,SPPR730A,BAM,V1,2,2,data/25GuiBam.bif,0x08F000CB,3132,3A7D628417AA67D0D58A51D5FB42DCF94E539BBE69817703864B0AA3F6770704,graphics/source/ui/SPPR730A.bam
supplemental:ui:ui-bam:SPPR730B,ui,ui-bam,SPPR730B,BAM,V1,2,2,data/25GuiBam.bif,0x08F000CC,3132,439AC76434C7C8EE831AFC704A085EA7186C715B496FE29200F27B7E5295425E,graphics/source/ui/SPPR730B.bam
supplemental:ui:ui-bam:SPPR731A,ui,ui-bam,SPPR731A,BAM,V1,2,2,data/25GuiBam.bif,0x08F000CE,3132,A6EAE3F9AED6108D894F2888B273A96B0E34F56D5547E82315D19916AACDD66F,graphics/source/ui/SPPR731A.bam
supplemental:ui:ui-bam:SPPR731B,ui,ui-bam,SPPR731B,BAM,V1,2,2,data/25GuiBam.bif,0x08F000CF,3132,7E14003DACDF65BDF4F0A4454A530C2199806B6AC7DB8D199DDEA652641214C9,graphics/source/ui/SPPR731B.bam
supplemental:ui:ui-bam:SPPR732A,ui,ui-bam,SPPR732A,BAM,V1,2,2,data/25GuiBam.bif,0x08F000D1,3132,0774EBBFC7A3E9EDFE1B9DB95A942AEAD102BCA129D8A095E6B43698F5B51ABF,graphics/source/ui/SPPR732A.bam
supplemental:ui:ui-bam:SPPR732B,ui,ui-bam,SPPR732B,BAM,V1,2,2,data/25GuiBam.bif,0x08F000D2,3132,16EEE458C91B8CE062038E321CF82F08F053682C8F59AB51AE89ADFD79354D93,graphics/source/ui/SPPR732B.bam
supplemental:effects:spell-animation-bam:SPPRISM2,effects,spell-animation-bam,SPPRISM2,BAMC,V1,30,1,data/SPELAnim.bif,0x015000CC,11234,77CBCE6274B5CFCCFCB1482943752ECD2A0B50E80DB4BBE82F220286FCE2EF16,graphics/source/effects/SPPRISM2.bam
supplemental:effects:spell-animation-bam:SPPRISM3,effects,spell-animation-bam,SPPRISM3,BAMC,V1,30,1,data/SPELAnim.bif,0x015000CD,11249,C0EDAD651CEF73FFB0B135882C0EF782BCC3A1D2388C1A65E32A6922F7EB18E6,graphics/source/effects/SPPRISM3.bam
supplemental:effects:spell-animation-bam:SPPRISMT,effects,spell-animation-bam,SPPRISMT,BAMC,V1,30,1,data/SPELAnim.bif,0x015000CE,11234,77CBCE6274B5CFCCFCB1482943752ECD2A0B50E80DB4BBE82F220286FCE2EF16,graphics/source/effects/SPPRISMT.bam
supplemental:effects:spell-animation-bam:SPRDRAEX,effects,spell-animation-bam,SPRDRAEX,BAMC,V1,11,1,data/SPELAnim.bif,0x015000D5,36603,72BCF72870BCD9102C52C22AC6AFBB1BBB006F2C6B51A8859702890BF2E45925,graphics/source/effects/SPRDRAEX.bam
supplemental:effects:spell-animation-bam:SPRDRASI,effects,spell-animation-bam,SPRDRASI,BAMC,V1,99,9,data/SPELAnim.bif,0x015000D7,234047,439F7EB5F56FD5C34BE6F50F53F4CED38B4C7BBA79226F73ED2AA5AD7F67785D,graphics/source/effects/SPRDRASI.bam
supplemental:effects:spell-animation-bam:SPRESURI,effects,spell-animation-bam,SPRESURI,BAMC,V1,37,1,data/SPELAnim.bif,0x015000D8,76740,6CF6BA6FA7C5568D1A1B189A841E08276DA9B294FB2F3B9CA986ADB7CFFAAB8F,graphics/source/effects/SPRESURI.bam
supplemental:effects:spell-animation-bam:SPRING,effects,spell-animation-bam,SPRING,BAMC,V1,6,1,data/SPELAnim.bif,0x015000D9,3031,8E7A1711E6828EE45992D19619CB539125710FBD34A63F2A2F77E65828E40585,graphics/source/effects/SPRING.bam
supplemental:effects:spell-animation-bam:SPRMPARI,effects,spell-animation-bam,SPRMPARI,BAMC,V1,34,1,data/SPELAnim.bif,0x015000DA,79919,09B369354CFB4056C9654F77C66F6FF79440C9D69BED2A93CAB41F4ED22239C8,graphics/source/effects/SPRMPARI.bam
supplemental:effects:spell-animation-bam:SPRWRA2I,effects,spell-animation-bam,SPRWRA2I,BAMC,V1,48,1,data/SPELAnim.bif,0x015000DC,74710,0A80128F2776AFDAA879543E7884F14546205E33BD40F560F595F4FBEC6D7569,graphics/source/effects/SPRWRA2I.bam
supplemental:effects:spell-animation-bam:SPSCHGI,effects,spell-animation-bam,SPSCHGI,BAMC,V1,18,1,data/SPELAnim.bif,0x015000DF,19642,A67A948C03E96BC7428AC8A4A76072ED6F4E98D8797F64FD3767DA5FAA57668A,graphics/source/effects/SPSCHGI.bam
supplemental:effects:spell-animation-bam:SPSCORIC,effects,spell-animation-bam,SPSCORIC,BAMC,V1,180,9,data/SPELAnim.bif,0x015000E1,243286,9D3AEBECC2005F201103AED40DC05A898702CEE25873A822A6B9D37A2A9791F9,graphics/source/effects/SPSCORIC.bam
supplemental:effects:spell-animation-bam:SPSDRBUR,effects,spell-animation-bam,SPSDRBUR,BAMC,V1,72,9,data/SPELAnim.bif,0x015000E4,396990,65A6442652DE12DD7FCE44C73721A2651BB17F42D1D143F690A3AE1A9D0927E1,graphics/source/effects/SPSDRBUR.bam
supplemental:effects:spell-animation-bam:SPSHIELD,effects,spell-animation-bam,SPSHIELD,BAMC,V1,18,1,data/SPELAnim.bif,0x015000E6,77356,F2916CF508DA13DA5BAC954F2B7F62D0C529DA91FE9EB5A3954EBEEA20FC6279,graphics/source/effects/SPSHIELD.bam
supplemental:effects:spell-animation-bam:SPSMKJET,effects,spell-animation-bam,SPSMKJET,BAMC,V1,6,1,data/SPELAnim.bif,0x015000E9,1257,C7906827AE25477D8F8404BC0EE7A6A1055D8602A9C000241F2CFAD8252D6DA2,graphics/source/effects/SPSMKJET.bam
supplemental:effects:spell-animation-bam:SPSMOLD,effects,spell-animation-bam,SPSMOLD,BAMC,V1,6,1,data/SPELAnim.bif,0x015000EA,579,3BE89BA870213A8EF4D4205DBEE6BCCDC1FEAA76DF3F1F0C4499775B17AB4631,graphics/source/effects/SPSMOLD.bam
supplemental:effects:spell-animation-bam:SPSMPUFF,effects,spell-animation-bam,SPSMPUFF,BAMC,V1,12,2,data/SPELAnim.bif,0x015000EB,1570,1191A157BD8058B57EC8DAB1DE2C63AB7812E44A58881842417F5BDE1D0A7A06,graphics/source/effects/SPSMPUFF.bam
supplemental:effects:spell-animation-bam:SPSNRAYI,effects,spell-animation-bam,SPSNRAYI,BAMC,V1,24,1,data/SPELAnim.bif,0x015000EC,30249,AEE1D9115FF455A2E31E2C3E4737F0274166311CE07C8F3C4ACFB8DB3B63F55B,graphics/source/effects/SPSNRAYI.bam
supplemental:effects:spell-animation-bam:SPSPARKS,effects,spell-animation-bam,SPSPARKS,BAMC,V1,24,4,data/SPELAnim.bif,0x015000EF,4392,7D08C36111FE03CE236FB757B3ED2D2AFD6745258B3F4599D88CE9AD943268F7,graphics/source/effects/SPSPARKS.bam
supplemental:effects:spell-animation-bam:SPSTINK,effects,spell-animation-bam,SPSTINK,BAMC,V1,6,1,data/SPELAnim.bif,0x015000F2,1222,422A0C7B6FF225DE8A16BB1A1FF1CCD9B7C6E1177D52F722209DA48BD53D85FD,graphics/source/effects/SPSTINK.bam
supplemental:effects:spell-animation-bam:SPUNHBL2,effects,spell-animation-bam,SPUNHBL2,BAMC,V1,45,3,data/SPELAnim.bif,0x015000FD,102221,3184AB039397BA3B6AF3529D989FD19C642D87D458A687A59B5A0CE92B111F98,graphics/source/effects/SPUNHBL2.bam
supplemental:effects:spell-animation-bam:SPUNHBL3,effects,spell-animation-bam,SPUNHBL3,BAMC,V1,45,3,data/SPELAnim.bif,0x015000FE,114702,61F265F63A56C7E8BE8D12186D829053CE9F6802BC1D8A0162BFEBA39AA85152,graphics/source/effects/SPUNHBL3.bam
supplemental:effects:spell-animation-bam:SPUNHBLT,effects,spell-animation-bam,SPUNHBLT,BAMC,V1,45,3,data/SPELAnim.bif,0x015000FF,48093,65DACE74BECFE4198CD5560AEE48CD62E637D52F130FF026E1375485E87C4574,graphics/source/effects/SPUNHBLT.bam
supplemental:effects:spell-animation-bam:SPWI124A,effects,spell-animation-bam,SPWI124A,BAMC,V1,1,2,data/SPELAnim.bif,0x01500101,1985,17DD9BC27DFEC2C1992B170AC228C52278D38E3DC323ABFBA0FE095D11BB53D5,graphics/source/effects/SPWI124A.bam
supplemental:effects:spell-animation-bam:SPWI124B,effects,spell-animation-bam,SPWI124B,BAMC,V1,1,2,data/SPELAnim.bif,0x01500102,1754,EE7BD279D5D27B96BE8A94072DEECCA63DD1F62B55E97D17E134285E2F976C20,graphics/source/effects/SPWI124B.bam
supplemental:ui:ui-bam:SPWI222A,ui,ui-bam,SPWI222A,BAM,V1,2,2,data/25GuiBam.bif,0x08F000D4,3132,507F97C4BB2A7747A8F6DB8BF225E011937B82B64E506D9F4410131A3FFDAEA9,graphics/source/ui/SPWI222A.bam
supplemental:ui:ui-bam:SPWI222B,ui,ui-bam,SPWI222B,BAM,V1,2,2,data/25GuiBam.bif,0x08F000D5,3132,DD592FCCD0DFAEEF64F1543D9BE22180E8DF162A54E29ACB2D2C1C05E95D280F,graphics/source/ui/SPWI222B.bam
supplemental:ui:ui-bam:SPWI723A,ui,ui-bam,SPWI723A,BAM,V1,2,2,data/25GuiBam.bif,0x08F000D7,3132,DFE24D8E50DBA9E4CFF1566CF3A66DAF42876D057D5B5667E2368A21F773B70F,graphics/source/ui/SPWI723A.bam
supplemental:ui:ui-bam:SPWI723B,ui,ui-bam,SPWI723B,BAM,V1,2,2,data/25GuiBam.bif,0x08F000D8,3132,FD0213EC70C0DF1ABFECF466693CC5126A48A45647DEB5B5B06DED5513F00792,graphics/source/ui/SPWI723B.bam
supplemental:ui:ui-bam:SPWI818B,ui,ui-bam,SPWI818B,BAM,V1,2,2,data/25GuiBam.bif,0x08F000DB,3132,2207415211C2B102DEF5B4A234B779B2E62807E23D3EC9CD21E02C09F8DB4F19,graphics/source/ui/SPWI818B.bam
supplemental:ui:ui-bam:SPWI918B,ui,ui-bam,SPWI918B,BAM,V1,2,2,data/25GuiBam.bif,0x08F000DE,3132,60E8BF75A3E30050B7D616F85448E05484CD437B7F2CD239D8685BAA4F0F11B2,graphics/source/ui/SPWI918B.bam
supplemental:ui:ui-bam:SPWI919B,ui,ui-bam,SPWI919B,BAM,V1,2,2,data/25GuiBam.bif,0x08F000E1,3132,3A106BAA5128D26EDA9E70F2EC6FE86BCA5776E316962C71B42E8EAED19DE8BC,graphics/source/ui/SPWI919B.bam
supplemental:ui:ui-bam:SPWI920A,ui,ui-bam,SPWI920A,BAM,V1,2,2,data/25GuiBam.bif,0x08F000E3,3132,F7BAD616E4D660EE06E9DE634143A7951C99C196BE2DA64162FF58C82658EDFD,graphics/source/ui/SPWI920A.bam
supplemental:ui:ui-bam:SPWI920B,ui,ui-bam,SPWI920B,BAM,V1,2,2,data/25GuiBam.bif,0x08F000E4,3132,568C8AE1C0F029699332D13035EA22C80DBE5E53D392AAEE7BC185CA34210316,graphics/source/ui/SPWI920B.bam
supplemental:ui:ui-bam:SPWI920C,ui,ui-bam,SPWI920C,BAM,V1,2,2,data/25GuiBam.bif,0x08F000E5,3132,ABBB1869CE73783C995334D6DE2961BE2BE9FCAFF10CA50D97AD9F193230E95F,graphics/source/ui/SPWI920C.bam
supplemental:ui:ui-bam:SPWI921A,ui,ui-bam,SPWI921A,BAM,V1,2,2,data/25GuiBam.bif,0x08F000E6,3132,20F79EB2583A099330914DB677B83FB2D65C62AF5B2CAED88E73F6930E08F873,graphics/source/ui/SPWI921A.bam
supplemental:ui:ui-bam:SPWI921B,ui,ui-bam,SPWI921B,BAM,V1,2,2,data/25GuiBam.bif,0x08F000E7,3132,9435567FB5A142740FA45085E7CCB50601B3163AEB4F0C95B64DDEA1F58E48B0,graphics/source/ui/SPWI921B.bam
supplemental:ui:ui-bam:SPWI922A,ui,ui-bam,SPWI922A,BAM,V1,2,2,data/25GuiBam.bif,0x08F000E9,3132,3E677E7FF587B30A69E49B35D8016682F8116785D40E6F6327A424C415F895A0,graphics/source/ui/SPWI922A.bam
supplemental:ui:ui-bam:SPWI922B,ui,ui-bam,SPWI922B,BAM,V1,2,2,data/25GuiBam.bif,0x08F000EA,3132,D302ED6AE138484B04FD07E14806ACA311D8DA470DD21B169FD622867F9ED485,graphics/source/ui/SPWI922B.bam
supplemental:ui:ui-bam:SPWI923A,ui,ui-bam,SPWI923A,BAM,V1,2,2,data/25GuiBam.bif,0x08F000EC,3132,84E1AB5CA98E4F583180FECBBD505C78F5FA05D2C055B151DC8221D39DA2471A,graphics/source/ui/SPWI923A.bam
supplemental:ui:ui-bam:SPWI923B,ui,ui-bam,SPWI923B,BAM,V1,2,2,data/25GuiBam.bif,0x08F000ED,3132,B32A7CAB1A2359ADA70FE89C0A81DCED97A48F452767730805D88FFF01563256,graphics/source/ui/SPWI923B.bam
supplemental:ui:ui-bam:SPWI924A,ui,ui-bam,SPWI924A,BAM,V1,2,2,data/25GuiBam.bif,0x08F000EF,3132,DF062C964D44F4837475BBEE41B083B0E138D8810FFF285F5316FDA4DADD21FD,graphics/source/ui/SPWI924A.bam
supplemental:ui:ui-bam:SPWI924B,ui,ui-bam,SPWI924B,BAM,V1,2,2,data/25GuiBam.bif,0x08F000F0,3132,D40A9FE1746C57325CCC22C4772B870CBABAF141A86F923E0ED8EAE411BDE4B2,graphics/source/ui/SPWI924B.bam
supplemental:ui:ui-bam:SPWI925A,ui,ui-bam,SPWI925A,BAM,V1,2,2,data/25GuiBam.bif,0x08F000F2,3132,E11261334C6BEDF0A51F950A824BCE80C7CA51D1B0AF2E00037D0289B07FF589,graphics/source/ui/SPWI925A.bam
supplemental:ui:ui-bam:SPWI925B,ui,ui-bam,SPWI925B,BAM,V1,2,2,data/25GuiBam.bif,0x08F000F3,3132,EE73FA4E68868CCB61FA21789F9CF4C992F4A72946C3F42784DF27A66C73B287,graphics/source/ui/SPWI925B.bam
supplemental:effects:spell-animation-bam:SPWIRBLA,effects,spell-animation-bam,SPWIRBLA,BAMC,V1,46,1,data/SPELAnim.bif,0x01500104,117030,75E543DE59FBB953E17DD8755CC71DDFD15F7ADDB59699BD5B98F3A5AAFD0F9C,graphics/source/effects/SPWIRBLA.bam
supplemental:effects:spell-animation-bam:SP_DEMGT,effects,spell-animation-bam,SP_DEMGT,BAMC,V1,42,2,data/25SpelAn.bif,0x0980001C,405058,51382DACD59F0AF394C1B3F33A2FB37199B4B96F904006EB4F9C7AD72FD017A6,graphics/source/effects/SP_DEMGT.bam
supplemental:sprites:character-animation-bam:SSHDA1,sprites,character-animation-bam,SSHDA1,BAMC,V1,50,8,data/CHAAnim.bif,0x00500000,7409,D8DCEE8B65D7559C9E8FFB26E73FCB8B57F31B6A90FA8D4D7EC36E20E3C217C9,graphics/source/sprites/SSHDA1.bam
supplemental:sprites:character-animation-bam:SSHDA1E,sprites,character-animation-bam,SSHDA1E,BAMC,V1,30,8,data/CHAAnim.bif,0x00500001,4805,47A2F18C1F7A02B9CE39FC8603C1AE2DFD29B600EFA6162663F517C458ADF5C2,graphics/source/sprites/SSHDA1E.bam
supplemental:sprites:character-animation-bam:SSHDA1X,sprites,character-animation-bam,SSHDA1X,BAMC,V1,30,8,data/CHAAnim.bif,0x00500002,4861,70103899658DC9D6446AD4931EC9E772EC78BA7BFE48B33252D919B77F08B160,graphics/source/sprites/SSHDA1X.bam
supplemental:sprites:character-animation-bam:SSHDA3,sprites,character-animation-bam,SSHDA3,BAMC,V1,50,8,data/CHAAnim.bif,0x00500003,6507,9A872BC887ED0D3312E14A5E72FEDA39B3DC8B75B73B77E1FD9F828E700B7D9F,graphics/source/sprites/SSHDA3.bam
supplemental:sprites:character-animation-bam:SSHDA3E,sprites,character-animation-bam,SSHDA3E,BAMC,V1,30,8,data/CHAAnim.bif,0x00500004,4273,7D3EF8AD006DCC3884A5F4DADC9343E3155DC4CE7529BCA993DCA72E7F9E92E4,graphics/source/sprites/SSHDA3E.bam
supplemental:sprites:character-animation-bam:SSHDA3X,sprites,character-animation-bam,SSHDA3X,BAMC,V1,30,8,data/CHAAnim.bif,0x00500005,4339,0AF281C5D07DAC2834AC92720B202E75E36BBE3ED355D5B0A48EE077BA9AC4D6,graphics/source/sprites/SSHDA3X.bam
supplemental:sprites:character-animation-bam:SSHDA5,sprites,character-animation-bam,SSHDA5,BAMC,V1,50,8,data/CHAAnim.bif,0x00500006,7039,673A9855DDCEF8EE28BF77A6A697823CCC7043B7E7E3D6F4FF3CF2F3FDA37B50,graphics/source/sprites/SSHDA5.bam
supplemental:sprites:character-animation-bam:SSHDA5E,sprites,character-animation-bam,SSHDA5E,BAMC,V1,30,8,data/CHAAnim.bif,0x00500007,4311,5B9B0E867A54486732D0D07FDB9CA0C088F4409662D301034A5C4126A72A0BE7,graphics/source/sprites/SSHDA5E.bam
supplemental:sprites:character-animation-bam:SSHDA5X,sprites,character-animation-bam,SSHDA5X,BAMC,V1,30,8,data/CHAAnim.bif,0x00500008,4477,A2463A12B0F5F9F1E85E7F4D1923F415E571AD44F242892427ACD61C0F1A671F,graphics/source/sprites/SSHDA5X.bam
supplemental:sprites:character-animation-bam:SSHDG1,sprites,character-animation-bam,SSHDG1,BAMC,V1,173,64,data/CHAAnim.bif,0x00500009,19563,5B9484F306F73558B1F8837189267226C81768DDF2E2753CC5A74F40A1B14633,graphics/source/sprites/SSHDG1.bam
supplemental:sprites:character-animation-bam:SSHDG1E,sprites,character-animation-bam,SSHDG1E,BAMC,V1,123,64,data/CHAAnim.bif,0x0050000A,14215,B647188AAABBCEEE49CBAB9A7D28EB12CC7F6596360A7F0093AF6117368D17F1,graphics/source/sprites/SSHDG1E.bam
supplemental:sprites:character-animation-bam:SSHDG1X,sprites,character-animation-bam,SSHDG1X,BAMC,V1,123,64,data/CHAAnim.bif,0x0050000B,14845,89B66077933AA8F3D78087D83A4963B7F46160F094C91A2FE11E5F96011095F4,graphics/source/sprites/SSHDG1X.bam
supplemental:sprites:character-animation-bam:SSHDW2,sprites,character-animation-bam,SSHDW2,BAMC,V1,50,8,data/CHAAnim.bif,0x0050000C,6761,D64DDB829E6DDD5D25E8200BDB5068C9FBC6FF7D47CDAE73D95DDD1B6A124E50,graphics/source/sprites/SSHDW2.bam
supplemental:sprites:character-animation-bam:SSHDW2E,sprites,character-animation-bam,SSHDW2E,BAMC,V1,30,8,data/CHAAnim.bif,0x0050000D,4346,C11885C9B279F94380541A94AF2D44281664C44BED9687A0C9B7B2D630D5F637,graphics/source/sprites/SSHDW2E.bam
supplemental:sprites:character-animation-bam:SSHDW2X,sprites,character-animation-bam,SSHDW2X,BAMC,V1,40,8,data/CHAAnim.bif,0x0050000E,5215,A6E84D47F4AB403FE4BE0177193F40FB12AD262F7C599BC2BF13A863B97E446D,graphics/source/sprites/SSHDW2X.bam
supplemental:effects:misc-animation-bam:STEAM1,effects,misc-animation-bam,STEAM1,BAMC,V1,9,1,data/MISCAnim.bif,0x013000EB,25352,8CD825567EED4345407548E6D19CA8058892D822DBED59FD4A03C060B790C4D8,graphics/source/effects/STEAM1.bam
supplemental:effects:misc-animation-bam:STEAM4,effects,misc-animation-bam,STEAM4,BAMC,V1,9,1,data/MISCAnim.bif,0x013000EE,27867,F8A311F7B59B1C22AF134ABE127B8BAE7187B974791893BA725580DEB98BC5C7,graphics/source/effects/STEAM4.bam
supplemental:effects:spell-animation-bam:STNKCLDD,effects,spell-animation-bam,STNKCLDD,BAMC,V1,18,3,data/SPELAnim.bif,0x01500106,3399,5FCAA1A398CEC224127C955665D795161795B3DDAD050ECB89ED9BEE9859B4E7,graphics/source/effects/STNKCLDD.bam
supplemental:effects:spell-animation-bam:TRBLOBA,effects,spell-animation-bam,TRBLOBA,BAMC,V1,70,2,data/SPELAnim.bif,0x01500111,112874,E3EDC5007A03F3FA9C6D375869326CDFA8DAC0300195ECB0C35D31D431E5610A,graphics/source/effects/TRBLOBA.bam
supplemental:effects:spell-animation-bam:TRBLOBB,effects,spell-animation-bam,TRBLOBB,BAMC,V1,70,2,data/SPELAnim.bif,0x01500112,82872,484A36CC23071619BDF2A00CB3762B1C4F05A7446C752CA2447807FB51FFDF76,graphics/source/effects/TRBLOBB.bam
supplemental:effects:misc-animation-bam:TREE01,effects,misc-animation-bam,TREE01,BAMC,V1,1,1,data/MISCAnim.bif,0x013000EF,23368,E43C8F611679216FCB7BF5B58B7FFBFC39A7C192F4BCEAFBFFEB85ECB3DCAD1F,graphics/source/effects/TREE01.bam
supplemental:effects:misc-animation-bam:TREE02,effects,misc-animation-bam,TREE02,BAMC,V1,1,1,data/MISCAnim.bif,0x013000F0,11054,38C7F70B5051FEE0406B3548509DE05FD0A0521EA80C46EDDBB59772FD7C7535,graphics/source/effects/TREE02.bam
supplemental:effects:misc-animation-bam:TREE03,effects,misc-animation-bam,TREE03,BAMC,V1,1,1,data/MISCAnim.bif,0x013000F1,35732,1EFE6B223384148DBA575BE959152A31D17F897919D285DC7958A00C9E43F82B,graphics/source/effects/TREE03.bam
supplemental:effects:misc-animation-bam:TREE04,effects,misc-animation-bam,TREE04,BAMC,V1,1,1,data/MISCAnim.bif,0x013000F2,32177,4FA57CA659D087ACDC99ACD084C0DFF7CAE9107F5E72213704E49B4789AE7422,graphics/source/effects/TREE04.bam
supplemental:effects:misc-animation-bam:TREE05,effects,misc-animation-bam,TREE05,BAMC,V1,1,1,data/MISCAnim.bif,0x013000F3,12087,6BD90A9726FE0E45BE7F5D8A3A95AAE728399244F76049061657738177A71586,graphics/source/effects/TREE05.bam
supplemental:effects:misc-animation-bam:TREE06,effects,misc-animation-bam,TREE06,BAMC,V1,1,1,data/MISCAnim.bif,0x013000F4,35912,29CE59C47C5B01662BF1AB473F2E59450AA3DE42A1E9F7C4929EA4B21AB02408,graphics/source/effects/TREE06.bam
supplemental:effects:misc-animation-bam:TREE07,effects,misc-animation-bam,TREE07,BAMC,V1,1,1,data/MISCAnim.bif,0x013000F5,9739,55F2442E930E11A2B65807AD9A47B56AC7AAA74F97ADD328AAE32159A6FBD110,graphics/source/effects/TREE07.bam
supplemental:effects:misc-animation-bam:TREE08,effects,misc-animation-bam,TREE08,BAMC,V1,1,1,data/MISCAnim.bif,0x013000F6,21202,D0CA889EA493E013A82214301269CD5ACF6E7B3DC065DDACF16B4942E8C5B2AE,graphics/source/effects/TREE08.bam
supplemental:effects:misc-animation-bam:TREE09,effects,misc-animation-bam,TREE09,BAMC,V1,1,1,data/MISCAnim.bif,0x013000F7,12956,D4513E7BBED325AA2138E4151E4761D09B789EEC12B99B7FBEAF859BEB3D1189,graphics/source/effects/TREE09.bam
supplemental:effects:misc-animation-bam:TREE10,effects,misc-animation-bam,TREE10,BAMC,V1,1,1,data/MISCAnim.bif,0x013000F8,24780,5AAC8D3C3B8FAF676FCEA8641BD65FA5AA4F83DEA00BE6BA80B2AD5ABD0F22F6,graphics/source/effects/TREE10.bam
supplemental:effects:misc-animation-bam:WBRAZR1,effects,misc-animation-bam,WBRAZR1,BAMC,V1,10,5,data/MISCAnim.bif,0x013000F9,6462,B4E86A8F57E6A2001637EB5C8791273445C2CFD36F3FC13C39A28379D0BEB71C,graphics/source/effects/WBRAZR1.bam
supplemental:effects:misc-animation-bam:WBRAZR2,effects,misc-animation-bam,WBRAZR2,BAMC,V1,10,5,data/MISCAnim.bif,0x013000FA,6005,6009466F72B3F40DBDD6901D04BF7CA588A20ADFD8B558398A44BE66358B3954,graphics/source/effects/WBRAZR2.bam
supplemental:effects:misc-animation-bam:WBRAZR3,effects,misc-animation-bam,WBRAZR3,BAMC,V1,10,5,data/MISCAnim.bif,0x013000FB,6350,415832AB30B32241987325E3797107539194FC22FE4EDD6D898067E21B02733B,graphics/source/effects/WBRAZR3.bam
supplemental:effects:misc-animation-bam:WBRAZR4,effects,misc-animation-bam,WBRAZR4,BAMC,V1,10,5,data/MISCAnim.bif,0x013000FC,6187,66E027F35D3C014C8C11396F6578EB965D6A6B44C1762AFBAD0884979BB0F1D7,graphics/source/effects/WBRAZR4.bam
supplemental:effects:spell-animation-bam:WEBBOMB,effects,spell-animation-bam,WEBBOMB,BAMC,V1,15,1,data/SPELAnim.bif,0x01500119,27601,028720FE232E27C3992BE00E196787BB11578C0254B7071256B7F26E531C7788,graphics/source/effects/WEBBOMB.bam
supplemental:effects:spell-animation-bam:WEBC,effects,spell-animation-bam,WEBC,BAMC,V1,32,3,data/SPELAnim.bif,0x0150011A,26102,B6AE8F3155D2C1005C62FD2D658C2766223141CE3DCF250C39FDE5DAF5825B3E,graphics/source/effects/WEBC.bam
supplemental:effects:spell-animation-bam:WEBENTD,effects,spell-animation-bam,WEBENTD,BAMC,V1,6,3,data/SPELAnim.bif,0x0150011B,2491,28EBF51FC9B0E0D53A1A18479051D61D33308B394ACAF0ECF0A7EE87E34B4303,graphics/source/effects/WEBENTD.bam
supplemental:effects:spell-animation-bam:WEBENTH,effects,spell-animation-bam,WEBENTH,BAMC,V1,6,1,data/SPELAnim.bif,0x0150011C,2798,61807B9D78DD217C448C0AFF86CD7A33C3232D6ECBFE1BAAFE344F1531970E50,graphics/source/effects/WEBENTH.bam
supplemental:effects:misc-animation-bam:WHIRL01,effects,misc-animation-bam,WHIRL01,BAMC,V1,12,1,data/MISCAnim.bif,0x013000FD,174499,DC8F61B476BF020FAAA683AA5F775D9B20DA14C10C4AC48A505C3A2077C4D46C,graphics/source/effects/WHIRL01.bam
supplemental:effects:spell-animation-bam:WHIRLY,effects,spell-animation-bam,WHIRLY,BAMC,V1,24,1,data/Spells.bif,0x01400421,83776,F731CDA15D58D8437312688BBDB7EF0B10838519085CC01EA7CFF17115983030,graphics/source/effects/WHIRLY.bam
supplemental:sprites:paperdoll-animation-bam:WPHAXINV,sprites,paperdoll-animation-bam,WPHAXINV,BAMC,V1,2,1,data/PaperDol.bif,0x062000B2,1062,E5EA44BB646306F565D0C31336FAD990B20B50730E6AB25C5B65F2C3B404255F,graphics/source/sprites/WPHAXINV.bam
supplemental:sprites:object-animation-bam:WPHAXOA7,sprites,object-animation-bam,WPHAXOA7,BAMC,V1,135,9,data/OBJAnim.bif,0x00200007,9012,950579E6C80D49EA61CB4EB44F5A94C426D60E1933989059B93E4B4D9AC5270D,graphics/source/sprites/WPHAXOA7.bam
supplemental:sprites:object-animation-bam:WPHAXOA8,sprites,object-animation-bam,WPHAXOA8,BAMC,V1,135,9,data/OBJAnim.bif,0x00200008,8880,BA699BB3EBC86834FA0AC9C8E09E23B777E58B6A0C92D929169E478173602667,graphics/source/sprites/WPHAXOA8.bam
supplemental:sprites:object-animation-bam:WPHAXOA9,sprites,object-animation-bam,WPHAXOA9,BAMC,V1,135,9,data/OBJAnim.bif,0x00200009,9012,950579E6C80D49EA61CB4EB44F5A94C426D60E1933989059B93E4B4D9AC5270D,graphics/source/sprites/WPHAXOA9.bam
supplemental:sprites:object-animation-bam:WPHAXOG1,sprites,object-animation-bam,WPHAXOG1,BAMC,V1,846,99,data/OBJAnim.bif,0x0020000A,51885,489C4A72DEB9013CA54D78533FFB006693E0366F75877A094C3B0BDA0B84679A,graphics/source/sprites/WPHAXOG1.bam
supplemental:sprites:paperdoll-animation-bam:WPHAXOIN,sprites,paperdoll-animation-bam,WPHAXOIN,BAM,V1,2,1,data/PaperDol.bif,0x062000B3,1626,56BE596F28ACCE08964789560B7E4E4670FF2E6B62AF1845D41AFA0E334B6C29,graphics/source/sprites/WPHAXOIN.bam
supplemental:sprites:paperdoll-animation-bam:WPHBWINV,sprites,paperdoll-animation-bam,WPHBWINV,BAMC,V1,2,1,data/PaperDol.bif,0x062000B4,1140,5888E5891E89D6BA1AF4F7A17848617EC1897FAE608FCEF98DB4E527F99C108A,graphics/source/sprites/WPHBWINV.bam
supplemental:sprites:paperdoll-animation-bam:WPHC0INV,sprites,paperdoll-animation-bam,WPHC0INV,BAM,V1,2,1,data/PaperDol.bif,0x062000B5,2874,6A94462599A6E620F6106F29D8B792B0F6ACEA601397D688539F44A5F131A0B1,graphics/source/sprites/WPHC0INV.bam
supplemental:sprites:paperdoll-animation-bam:WPHC1INV,sprites,paperdoll-animation-bam,WPHC1INV,BAM,V1,2,1,data/PaperDol.bif,0x062000B6,3543,E260B54178C3BBFDAE7563DED04B699734919E6A712EA8B8FDBD2F7F2AF73EC4,graphics/source/sprites/WPHC1INV.bam
supplemental:sprites:paperdoll-animation-bam:WPHC2INV,sprites,paperdoll-animation-bam,WPHC2INV,BAM,V1,2,1,data/PaperDol.bif,0x062000B7,3951,AC41A95EDACCF52A30F07F05649B743BDE8AA9A8CE75AF215B84883A8F3322F0,graphics/source/sprites/WPHC2INV.bam
supplemental:sprites:paperdoll-animation-bam:WPHC3INV,sprites,paperdoll-animation-bam,WPHC3INV,BAM,V1,2,1,data/PaperDol.bif,0x062000B8,3543,3D25AB2230BEF6192E525543704D26A4132A4AAFDD91D40646F97EFA99AA50C2,graphics/source/sprites/WPHC3INV.bam
supplemental:sprites:paperdoll-animation-bam:WPHC4INV,sprites,paperdoll-animation-bam,WPHC4INV,BAM,V1,2,1,data/PaperDol.bif,0x062000B9,1801,B423A0733E51476B8EAB69E6F5E6DAF99D3D20D1F865A92FA8FD4AFAB0251E32,graphics/source/sprites/WPHC4INV.bam
supplemental:sprites:paperdoll-animation-bam:WPHC5INV,sprites,paperdoll-animation-bam,WPHC5INV,BAM,V1,2,1,data/PaperDol.bif,0x062000BA,2676,7DEB628A7A2EB3366641AC8A9435B5D306A28140942F592B89AC0BD2AC118F5D,graphics/source/sprites/WPHC5INV.bam
supplemental:sprites:paperdoll-animation-bam:WPHC6INV,sprites,paperdoll-animation-bam,WPHC6INV,BAM,V1,2,1,data/PaperDol.bif,0x062000BB,3752,5517FC9918F50741F0D3CCEC7074C12409D5A9E982B5ED0D4E7DC4E3CA67246C,graphics/source/sprites/WPHC6INV.bam
supplemental:sprites:paperdoll-animation-bam:WPHC7INV,sprites,paperdoll-animation-bam,WPHC7INV,BAM,V1,2,1,data/PaperDol.bif,0x062000BC,3095,69BA3F6A3ABE37FA253583E3E6964B15240DAD871FF873C1BF3F1C32B0121673,graphics/source/sprites/WPHC7INV.bam
supplemental:sprites:paperdoll-animation-bam:WPHCBINV,sprites,paperdoll-animation-bam,WPHCBINV,BAMC,V1,2,1,data/PaperDol.bif,0x062000BD,1153,BE41C87721AFBD640F8126506DDF83C199230B19BA985ECCB7480083F629FC86,graphics/source/sprites/WPHCBINV.bam
supplemental:sprites:paperdoll-animation-bam:WPHCLINV,sprites,paperdoll-animation-bam,WPHCLINV,BAMC,V1,2,1,data/PaperDol.bif,0x062000BE,895,DF272B59A71C373BADA4670088D95F85A66FF586B0BC62537D4BA857667EEDBE,graphics/source/sprites/WPHCLINV.bam
supplemental:sprites:paperdoll-animation-bam:WPHCLOIN,sprites,paperdoll-animation-bam,WPHCLOIN,BAM,V1,2,1,data/PaperDol.bif,0x062000BF,1345,272862B46C26F448D24997DF0932DBA9B7E512F33235C1EB21850D0605FC854E,graphics/source/sprites/WPHCLOIN.bam
supplemental:sprites:paperdoll-animation-bam:WPHD1INV,sprites,paperdoll-animation-bam,WPHD1INV,BAM,V1,2,1,data/PaperDol.bif,0x062000C0,1844,2BD3C3C1206C871F419F4D6634E9ECDE8884FE4DEF8FA8A6645E247946B6923C,graphics/source/sprites/WPHD1INV.bam
supplemental:sprites:paperdoll-animation-bam:WPHD2INV,sprites,paperdoll-animation-bam,WPHD2INV,BAM,V1,2,1,data/PaperDol.bif,0x062000C1,2751,8A2A0A5A043512D881B09B2EA9AF6BBFCB91F12F59C8AED7EBEABBDB27AF2429,graphics/source/sprites/WPHD2INV.bam
supplemental:sprites:paperdoll-animation-bam:WPHD3INV,sprites,paperdoll-animation-bam,WPHD3INV,BAM,V1,2,1,data/PaperDol.bif,0x062000C3,3356,A723295884658B087DD81023D0440E2CADCBE95CFEE203123C922828DE6FD172,graphics/source/sprites/WPHD3INV.bam
supplemental:sprites:paperdoll-animation-bam:WPHD4INV,sprites,paperdoll-animation-bam,WPHD4INV,BAM,V1,2,1,data/PaperDol.bif,0x062000C5,4130,E7B6F660F9242EADEDC079E552067C68A74AED98CB6820CFF8BBB3CB65A052B4,graphics/source/sprites/WPHD4INV.bam
supplemental:sprites:paperdoll-animation-bam:WPHDDINV,sprites,paperdoll-animation-bam,WPHDDINV,BAMC,V1,2,1,data/PaperDol.bif,0x062000C7,831,1645BB1C16046EC915B53CC05BCD075C5E9E5FA10E1A9C3CBFDF65727B7E70AE,graphics/source/sprites/WPHDDINV.bam
supplemental:sprites:paperdoll-animation-bam:WPHDDOIN,sprites,paperdoll-animation-bam,WPHDDOIN,BAM,V1,2,1,data/PaperDol.bif,0x062000C8,1244,94F45371020395BAF20F7D61DBEF8E1EA70ECBA0E856345204B883B9CB98B94C,graphics/source/sprites/WPHDDOIN.bam
supplemental:sprites:paperdoll-animation-bam:WPHF0OIN,sprites,paperdoll-animation-bam,WPHF0OIN,BAM,V1,2,1,data/PaperDol.bif,0x062000C9,1704,6A176F61BD3AB3D362BA1D3F64B045318920BCD4A87016F855527E61BD5CAB0D,graphics/source/sprites/WPHF0OIN.bam
supplemental:sprites:paperdoll-animation-bam:WPHF1OIN,sprites,paperdoll-animation-bam,WPHF1OIN,BAM,V1,2,1,data/PaperDol.bif,0x062000CA,1972,F1CCF2CBEB1BB61541C69222547239FC9A19902F57AAF42448D2A78C3A022DEC,graphics/source/sprites/WPHF1OIN.bam
supplemental:sprites:paperdoll-animation-bam:WPHF2OIN,sprites,paperdoll-animation-bam,WPHF2OIN,BAM,V1,2,1,data/PaperDol.bif,0x062000CB,2518,4868039302A19371C610FD641B916F01BC9C7E1D5D928D3D284F0CA9938436EC,graphics/source/sprites/WPHF2OIN.bam
supplemental:sprites:paperdoll-animation-bam:WPHF3OIN,sprites,paperdoll-animation-bam,WPHF3OIN,BAM,V1,2,1,data/PaperDol.bif,0x062000CC,2003,3C6800505183DE7AF250187DAC5FB560BDCBDC0ED660B7E3E87D29E52C627469,graphics/source/sprites/WPHF3OIN.bam
supplemental:sprites:paperdoll-animation-bam:WPHFLINV,sprites,paperdoll-animation-bam,WPHFLINV,BAMC,V1,2,1,data/PaperDol.bif,0x062000CD,1129,14A2698C3861371DF0FC2C13C9F3961561D9E0F0EABFC00F27748B905E613BC6,graphics/source/sprites/WPHFLINV.bam
supplemental:sprites:paperdoll-animation-bam:WPHFLOIN,sprites,paperdoll-animation-bam,WPHFLOIN,BAM,V1,2,1,data/PaperDol.bif,0x062000CE,1722,16D2CA720E7F8547AE37D95206EFF440ECA5F0B5F6E30E988B2B8204F2B84C4C,graphics/source/sprites/WPHFLOIN.bam
supplemental:sprites:paperdoll-animation-bam:WPHFSINV,sprites,paperdoll-animation-bam,WPHFSINV,BAMC,V1,2,1,data/PaperDol.bif,0x062000CF,970,DCCCA1FF0832714B959990218EF3B5BFD4E8963146D8E51FFA54516A6E82285A,graphics/source/sprites/WPHFSINV.bam
supplemental:sprites:paperdoll-animation-bam:WPHFSOIN,sprites,paperdoll-animation-bam,WPHFSOIN,BAM,V1,2,1,data/PaperDol.bif,0x062000D0,2243,BB8F6D2DF8ADC3CCE2923B8F1656460CA2917BBE91D9E9D3DDE66047DA8C7396,graphics/source/sprites/WPHFSOIN.bam
supplemental:sprites:paperdoll-animation-bam:WPHHBINV,sprites,paperdoll-animation-bam,WPHHBINV,BAMC,V1,2,1,data/PaperDol.bif,0x062000D1,1333,22C7AC34CC64D57A44110A0C9E28EBFB658CA7E58BEC01DD0B72A109B83520AA,graphics/source/sprites/WPHHBINV.bam
supplemental:sprites:paperdoll-animation-bam:WPHM2OIN,sprites,paperdoll-animation-bam,WPHM2OIN,BAM,V1,2,1,data/PaperDol.bif,0x062000D2,1699,329BD7CF3094B8D56B34940FDC71ACE2C21D400AA61D401AE3D97DB7A63C739B,graphics/source/sprites/WPHM2OIN.bam
supplemental:sprites:paperdoll-animation-bam:WPHMCINV,sprites,paperdoll-animation-bam,WPHMCINV,BAMC,V1,2,1,data/PaperDol.bif,0x062000D3,928,3E10530D4570BE6009AD46B9AABE0EB713B9497D489EE04825C60F0C397B5A4A,graphics/source/sprites/WPHMCINV.bam
supplemental:sprites:paperdoll-animation-bam:WPHMCOIN,sprites,paperdoll-animation-bam,WPHMCOIN,BAM,V1,2,1,data/PaperDol.bif,0x062000D4,1436,BBFBA91262C92F9E356F34337DABE2284014ED389AFE0B5CA630B5E6D8BA16A4,graphics/source/sprites/WPHMCOIN.bam
supplemental:sprites:paperdoll-animation-bam:WPHMSINV,sprites,paperdoll-animation-bam,WPHMSINV,BAMC,V1,2,1,data/PaperDol.bif,0x062000D5,997,F48E2F8D7473AF8DEBB67741FCDE18C5545EDE9CC469808F6F41150D7F3E03B2,graphics/source/sprites/WPHMSINV.bam
supplemental:sprites:paperdoll-animation-bam:WPHMSOIN,sprites,paperdoll-animation-bam,WPHMSOIN,BAM,V1,2,1,data/PaperDol.bif,0x062000D6,1546,120D7F8D25F8B9FD3A673E150BF2428A15069F1C494F0C170135B3C088C20A83,graphics/source/sprites/WPHMSOIN.bam
supplemental:sprites:paperdoll-animation-bam:WPHQSINV,sprites,paperdoll-animation-bam,WPHQSINV,BAMC,V1,2,1,data/PaperDol.bif,0x062000D7,1112,1BBFFDBD9BBD9939D23E3504171A124A3F6D30CA47689EE072DF0071F11C89B1,graphics/source/sprites/WPHQSINV.bam
supplemental:sprites:paperdoll-animation-bam:WPHS0OIN,sprites,paperdoll-animation-bam,WPHS0OIN,BAM,V1,2,1,data/PaperDol.bif,0x062000D8,1500,4ACB792DCFC371553AE19697292CD4DC4F1490241DAA0DC6093A34C5DFDF1B5F,graphics/source/sprites/WPHS0OIN.bam
supplemental:sprites:paperdoll-animation-bam:WPHS1INV,sprites,paperdoll-animation-bam,WPHS1INV,BAMC,V1,2,1,data/PaperDol.bif,0x062000D9,904,D14A0278E545E5E103026FF591B43F34C9A3B06C3377FD60801498DC0135DC75,graphics/source/sprites/WPHS1INV.bam
supplemental:sprites:paperdoll-animation-bam:WPHS1OIN,sprites,paperdoll-animation-bam,WPHS1OIN,BAM,V1,2,1,data/PaperDol.bif,0x062000DA,1438,344281DB828022990C190DA23331A77C281429477E09C743E2612AF8ED4489AE,graphics/source/sprites/WPHS1OIN.bam
supplemental:sprites:paperdoll-animation-bam:WPHS2INV,sprites,paperdoll-animation-bam,WPHS2INV,BAMC,V1,2,1,data/PaperDol.bif,0x062000DB,1040,D7C25697AAE475C8CF56193EEC1060A4BF544FED7BEFCCA2E43235B0007ABAAB,graphics/source/sprites/WPHS2INV.bam
supplemental:sprites:paperdoll-animation-bam:WPHS3INV,sprites,paperdoll-animation-bam,WPHS3INV,BAMC,V1,2,1,data/PaperDol.bif,0x062000DC,853,A7261198D9A6E798F46B900E97A5FF72379266DF284A021FBDD91E2EA0EA7E0F,graphics/source/sprites/WPHS3INV.bam
supplemental:sprites:paperdoll-animation-bam:WPHS3OIN,sprites,paperdoll-animation-bam,WPHS3OIN,BAM,V1,2,1,data/PaperDol.bif,0x062000DD,1517,23D92DA1B028066F0A1985FEDACEF4691A08B3E900141089EC9F12E21A028225,graphics/source/sprites/WPHS3OIN.bam
supplemental:sprites:paperdoll-animation-bam:WPHSCINV,sprites,paperdoll-animation-bam,WPHSCINV,BAMC,V1,2,1,data/PaperDol.bif,0x062000DE,900,EBCE1F6EA6FC65F359BB22E8C30762F3A8CEEBB0FEC8302C6DEDAA3BF40BBBE8,graphics/source/sprites/WPHSCINV.bam
supplemental:sprites:paperdoll-animation-bam:WPHSCOIN,sprites,paperdoll-animation-bam,WPHSCOIN,BAM,V1,2,1,data/PaperDol.bif,0x062000DF,1473,B498147804EF5DDBCA0AEAE293462D1FC0CB81B89C69587B7B96AF16D36B8ECE,graphics/source/sprites/WPHSCOIN.bam
supplemental:sprites:paperdoll-animation-bam:WPHSLINV,sprites,paperdoll-animation-bam,WPHSLINV,BAMC,V1,2,1,data/PaperDol.bif,0x062000E0,919,D76CA2F3715A251C32A02B0DCF0099BE51A2AC07DC3B5C545D27E669451FC3CE,graphics/source/sprites/WPHSLINV.bam
supplemental:sprites:paperdoll-animation-bam:WPHSPINV,sprites,paperdoll-animation-bam,WPHSPINV,BAMC,V1,2,1,data/PaperDol.bif,0x062000E1,1049,D6EA6FAB52818C756822C32561227047D2FD5C72C535C869CAF1913D05E37499,graphics/source/sprites/WPHSPINV.bam
supplemental:sprites:paperdoll-animation-bam:WPHSSINV,sprites,paperdoll-animation-bam,WPHSSINV,BAMC,V1,2,1,data/PaperDol.bif,0x062000E2,917,115FA59E05C46FB19AD93E30EADB7714007A0FBF1E924408DF68A5C4EFE924C6,graphics/source/sprites/WPHSSINV.bam
supplemental:sprites:paperdoll-animation-bam:WPHSSOIN,sprites,paperdoll-animation-bam,WPHSSOIN,BAM,V1,2,1,data/PaperDol.bif,0x062000E3,1375,2893219A896A91B8E5DC00772521FE72C62E98AFBD8073A6CD3E967A045A8F9E,graphics/source/sprites/WPHSSOIN.bam
supplemental:sprites:paperdoll-animation-bam:WPHWHINV,sprites,paperdoll-animation-bam,WPHWHINV,BAMC,V1,2,1,data/PaperDol.bif,0x062000E4,1103,8B521297294C8B40C5E79944D1D1B576509001A5D2294AFD26B21C45C69A71F1,graphics/source/sprites/WPHWHINV.bam
supplemental:sprites:paperdoll-animation-bam:WPHWHOIN,sprites,paperdoll-animation-bam,WPHWHOIN,BAM,V1,2,1,data/PaperDol.bif,0x062000E5,1739,8E67AEC80D60A8A55D6938A535DDA32371D57A36AC41C3B7DD192BDFF5B9C113,graphics/source/sprites/WPHWHOIN.bam
supplemental:sprites:object-animation-bam:WPLAXA1,sprites,object-animation-bam,WPLAXA1,BAMC,V1,50,16,data/OBJAnim.bif,0x0020000B,4051,2646BF890D05EFBDB97B7F687F5988575468886797AFBC7716F4DB08E0413FED,graphics/source/sprites/WPLAXA1.bam
supplemental:sprites:object-animation-bam:WPLAXA1E,sprites,object-animation-bam,WPLAXA1E,BAMC,V1,30,16,data/OBJAnim.bif,0x0020000C,2722,02A6A6FA5E8800192A6F99F1BB522CA5FE6E5F0072BDB9B592AE2038EA32F124,graphics/source/sprites/WPLAXA1E.bam
supplemental:sprites:object-animation-bam:WPLAXA2,sprites,object-animation-bam,WPLAXA2,BAMC,V1,50,8,data/OBJAnim.bif,0x0020000D,4103,5A82F8E0AEBD64FE597630569F29973AD868F1E98F77F6BCD92A7B1866ACFC91,graphics/source/sprites/WPLAXA2.bam
supplemental:sprites:object-animation-bam:WPLAXA2E,sprites,object-animation-bam,WPLAXA2E,BAMC,V1,30,8,data/OBJAnim.bif,0x0020000E,2609,510CE2AD81F0E6BC8E0EF2029EEB6DE10007CE45BFA5CBF379BBBBC37B67FFDB,graphics/source/sprites/WPLAXA2E.bam
supplemental:sprites:object-animation-bam:WPLAXA3,sprites,object-animation-bam,WPLAXA3,BAMC,V1,50,8,data/OBJAnim.bif,0x0020000F,3594,C7E5410C0E98160639E7429491A0F1B698D920BE95CAE8518D9DB2BA0F847336,graphics/source/sprites/WPLAXA3.bam
supplemental:sprites:object-animation-bam:WPLAXA3E,sprites,object-animation-bam,WPLAXA3E,BAMC,V1,30,8,data/OBJAnim.bif,0x00200010,3042,2A128DDA5E35D09C462A8EBA92C19341A9A1215BECA9A8D5F1D43858ED274E02,graphics/source/sprites/WPLAXA3E.bam
supplemental:sprites:object-animation-bam:WPLAXA4,sprites,object-animation-bam,WPLAXA4,BAMC,V1,50,8,data/OBJAnim.bif,0x00200011,3735,037AF02192B547A0D3CFA3CDBC44A819167C5E6A45EBDDAF79187ABF4C4C5081,graphics/source/sprites/WPLAXA4.bam
supplemental:sprites:object-animation-bam:WPLAXA4E,sprites,object-animation-bam,WPLAXA4E,BAMC,V1,30,8,data/OBJAnim.bif,0x00200012,2835,24E5D00A610B8E6F5483D902F352CEF05AF9003E70C981A47F85270AEB06FBBF,graphics/source/sprites/WPLAXA4E.bam
supplemental:sprites:object-animation-bam:WPLAXG1,sprites,object-animation-bam,WPLAXG1,BAMC,V1,180,72,data/OBJAnim.bif,0x00200013,7210,9647D944545E0CD0F21DF9C4E99F73B342FE14F2E62A0EF652732FA1EFDDF594,graphics/source/sprites/WPLAXG1.bam
supplemental:sprites:object-animation-bam:WPLAXG1E,sprites,object-animation-bam,WPLAXG1E,BAMC,V1,108,72,data/OBJAnim.bif,0x00200014,5218,9B70357BD11527757887100F189F28B076B9E3561E4601A63B4BAC49B8761471,graphics/source/sprites/WPLAXG1E.bam
supplemental:sprites:paperdoll-animation-bam:WPLAXINV,sprites,paperdoll-animation-bam,WPLAXINV,BAM,V1,2,1,data/PaperDol.bif,0x062000E6,1671,BA72D9C12FD451D74ACE2A36C5D5B8B7423AC0AD33F1455BBA698F77DDCD43EB,graphics/source/sprites/WPLAXINV.bam
supplemental:sprites:paperdoll-animation-bam:WPLAXOIN,sprites,paperdoll-animation-bam,WPLAXOIN,BAM,V1,2,1,data/PaperDol.bif,0x062000E7,1634,7C1163929179DB5E661C41841D92131F45734198FDF03F49FA9A23F94D42DC92,graphics/source/sprites/WPLAXOIN.bam
supplemental:sprites:object-animation-bam:WPLAXW2,sprites,object-animation-bam,WPLAXW2,BAMC,V1,50,8,data/OBJAnim.bif,0x00200015,3126,E78F56FA60A7821CBB8E11F5A22B10ACCB94899A11D3D6D4806F673B05C96E3A,graphics/source/sprites/WPLAXW2.bam
supplemental:sprites:object-animation-bam:WPLAXW2E,sprites,object-animation-bam,WPLAXW2E,BAMC,V1,30,8,data/OBJAnim.bif,0x00200016,2913,A8BE89C2AF82C81625FE45C62A44D871BF2263360D1C25124BB7A704650313BF,graphics/source/sprites/WPLAXW2E.bam
supplemental:sprites:paperdoll-animation-bam:WPLBSG1,sprites,paperdoll-animation-bam,WPLBSG1,BAMC,V1,180,72,data/PaperDol.bif,0x062000E8,13134,D2A6C61EA7A6CC1CF2A8EB5851CE500D01915916A6FBD8857F90144709DFCC93,graphics/source/sprites/WPLBSG1.bam
supplemental:sprites:paperdoll-animation-bam:WPLBSG1E,sprites,paperdoll-animation-bam,WPLBSG1E,BAMC,V1,108,72,data/PaperDol.bif,0x062000E9,7164,68CD9F857DC0529C768CC2136026D462EB6C44D2376EBE4785F00388F6616D94,graphics/source/sprites/WPLBSG1E.bam
supplemental:sprites:paperdoll-animation-bam:WPLBSINV,sprites,paperdoll-animation-bam,WPLBSINV,BAM,V1,2,1,data/PaperDol.bif,0x062000EA,1617,DC4606BF93059CAB161EEB61F4CBCF2502DEF3B74513C27876211E8332188F1D,graphics/source/sprites/WPLBSINV.bam
supplemental:sprites:paperdoll-animation-bam:WPLBSSA,sprites,paperdoll-animation-bam,WPLBSSA,BAMC,V1,20,8,data/PaperDol.bif,0x062000EB,2393,67C3389701E4E75E1145D0153E0B72CC5E68CD92B6CB787DC77D98BBAEC99355,graphics/source/sprites/WPLBSSA.bam
supplemental:sprites:paperdoll-animation-bam:WPLBSSAE,sprites,paperdoll-animation-bam,WPLBSSAE,BAMC,V1,12,8,data/PaperDol.bif,0x062000EC,1999,CF0B5C7496444F4AE2F3148B4561F174087280416ABFAAA4A77551A5166B7D67,graphics/source/sprites/WPLBSSAE.bam
supplemental:sprites:paperdoll-animation-bam:WPLBSW2,sprites,paperdoll-animation-bam,WPLBSW2,BAMC,V1,50,8,data/PaperDol.bif,0x062000ED,5390,895C120633C87805C3C4EFD864B123B623E18C23BBF3EDF9F9150F09C9AA067F,graphics/source/sprites/WPLBSW2.bam
supplemental:sprites:paperdoll-animation-bam:WPLBSW2E,sprites,paperdoll-animation-bam,WPLBSW2E,BAMC,V1,30,8,data/PaperDol.bif,0x062000EE,2669,B55DC0991D50FC7C90B5E388A8FEAD8703E43AFBA7AED62CD8BD80A1359FE3D4,graphics/source/sprites/WPLBSW2E.bam
supplemental:sprites:object-animation-bam:WPLBWG1,sprites,object-animation-bam,WPLBWG1,BAMC,V1,180,72,data/OBJAnim.bif,0x00200017,13134,D2A6C61EA7A6CC1CF2A8EB5851CE500D01915916A6FBD8857F90144709DFCC93,graphics/source/sprites/WPLBWG1.bam
supplemental:sprites:object-animation-bam:WPLBWG1E,sprites,object-animation-bam,WPLBWG1E,BAMC,V1,108,72,data/OBJAnim.bif,0x00200018,7164,68CD9F857DC0529C768CC2136026D462EB6C44D2376EBE4785F00388F6616D94,graphics/source/sprites/WPLBWG1E.bam
supplemental:sprites:paperdoll-animation-bam:WPLBWINV,sprites,paperdoll-animation-bam,WPLBWINV,BAM,V1,2,1,data/PaperDol.bif,0x062000EF,1892,33A3544446E9013B798C1F1EE79A62851BC8F5F882C87C2B71E70B64D03AE269,graphics/source/sprites/WPLBWINV.bam
supplemental:sprites:object-animation-bam:WPLBWSA,sprites,object-animation-bam,WPLBWSA,BAMC,V1,20,8,data/OBJAnim.bif,0x00200019,2393,67C3389701E4E75E1145D0153E0B72CC5E68CD92B6CB787DC77D98BBAEC99355,graphics/source/sprites/WPLBWSA.bam
supplemental:sprites:object-animation-bam:WPLBWSAE,sprites,object-animation-bam,WPLBWSAE,BAMC,V1,12,8,data/OBJAnim.bif,0x0020001A,1999,CF0B5C7496444F4AE2F3148B4561F174087280416ABFAAA4A77551A5166B7D67,graphics/source/sprites/WPLBWSAE.bam
supplemental:sprites:object-animation-bam:WPLBWW2,sprites,object-animation-bam,WPLBWW2,BAMC,V1,50,8,data/OBJAnim.bif,0x0020001B,5390,895C120633C87805C3C4EFD864B123B623E18C23BBF3EDF9F9150F09C9AA067F,graphics/source/sprites/WPLBWW2.bam
supplemental:sprites:object-animation-bam:WPLBWW2E,sprites,object-animation-bam,WPLBWW2E,BAMC,V1,30,8,data/OBJAnim.bif,0x0020001C,2669,B55DC0991D50FC7C90B5E388A8FEAD8703E43AFBA7AED62CD8BD80A1359FE3D4,graphics/source/sprites/WPLBWW2E.bam
supplemental:sprites:paperdoll-animation-bam:WPLC0A1,sprites,paperdoll-animation-bam,WPLC0A1,BAMC,V1,50,16,data/PaperDol.bif,0x062000F0,9936,B1A042DBD64D2F8CD60FD5F9D85289834C32E72434E84438F734B45790162BFF,graphics/source/sprites/WPLC0A1.bam
supplemental:sprites:paperdoll-animation-bam:WPLC0A1E,sprites,paperdoll-animation-bam,WPLC0A1E,BAMC,V1,30,16,data/PaperDol.bif,0x062000F1,4489,9C0F9DB20CBDA9821DE90F2E04D3B7F8983BD39E933953CB951DC0DF85E79EBB,graphics/source/sprites/WPLC0A1E.bam
supplemental:sprites:paperdoll-animation-bam:WPLC0A3,sprites,paperdoll-animation-bam,WPLC0A3,BAMC,V1,50,8,data/PaperDol.bif,0x062000F2,10468,C6770653E658CADCB1F88686C33FF3327AA8F448112722EB7908B1BC8EB36C6A,graphics/source/sprites/WPLC0A3.bam
supplemental:sprites:paperdoll-animation-bam:WPLC0A3E,sprites,paperdoll-animation-bam,WPLC0A3E,BAMC,V1,30,8,data/PaperDol.bif,0x062000F3,4394,73189ACD4A50ADD28C6D3806B12368A214E0FAD45908A29C7BA93157DF76C3D3,graphics/source/sprites/WPLC0A3E.bam
supplemental:sprites:paperdoll-animation-bam:WPLC0A5,sprites,paperdoll-animation-bam,WPLC0A5,BAMC,V1,30,8,data/PaperDol.bif,0x062000F4,5735,4AB07C681997AEF99A96C3AB2F349673D680C52565E86E070A2D76F911A75872,graphics/source/sprites/WPLC0A5.bam
supplemental:sprites:paperdoll-animation-bam:WPLC0A5E,sprites,paperdoll-animation-bam,WPLC0A5E,BAMC,V1,18,8,data/PaperDol.bif,0x062000F5,3338,53FBD04F4E75A38865B4F6017160E51AE4350FEA035547B70FBB5F64831B2EFF,graphics/source/sprites/WPLC0A5E.bam
supplemental:sprites:paperdoll-animation-bam:WPLC0G1,sprites,paperdoll-animation-bam,WPLC0G1,BAMC,V1,180,72,data/PaperDol.bif,0x062000F6,23964,A4327AED323E3AEE696EE57D37A4741DEBB7311A93ECE66D11CEE608A5A180E9,graphics/source/sprites/WPLC0G1.bam
supplemental:sprites:paperdoll-animation-bam:WPLC0G1E,sprites,paperdoll-animation-bam,WPLC0G1E,BAMC,V1,108,72,data/PaperDol.bif,0x062000F7,10330,64BFB02F8CC63749DC74C0E9EB62EE08757117DE6158AD683D9AC60466F9C5C8,graphics/source/sprites/WPLC0G1E.bam
supplemental:sprites:paperdoll-animation-bam:WPLC0INV,sprites,paperdoll-animation-bam,WPLC0INV,BAM,V1,2,1,data/PaperDol.bif,0x062000F8,2874,9978E97E227AB0E297C9AE25AD388ED2BD881C0229EE9540FF6DFD6D3890FAA2,graphics/source/sprites/WPLC0INV.bam
supplemental:sprites:paperdoll-animation-bam:WPLC0W2,sprites,paperdoll-animation-bam,WPLC0W2,BAMC,V1,40,8,data/PaperDol.bif,0x062000F9,8155,80D1D92532A3DD8D6EB5DFDB41DA2B82E6755EF32DFD5A703A39D1C23179D955,graphics/source/sprites/WPLC0W2.bam
supplemental:sprites:paperdoll-animation-bam:WPLC0W2E,sprites,paperdoll-animation-bam,WPLC0W2E,BAMC,V1,40,8,data/PaperDol.bif,0x062000FA,5060,7C4145B808D815CCD06C8FC10025A1151BDDDBAA2A9903FDF97CC0AF57ACEB66,graphics/source/sprites/WPLC0W2E.bam
supplemental:sprites:paperdoll-animation-bam:WPLC1A1,sprites,paperdoll-animation-bam,WPLC1A1,BAMC,V1,50,16,data/PaperDol.bif,0x062000FB,11462,2562BA0F7AC69288B4EFCD3F67E80CE18CF7B8CB04F3E9C0579B6C3E82594FA0,graphics/source/sprites/WPLC1A1.bam
supplemental:sprites:paperdoll-animation-bam:WPLC1A1E,sprites,paperdoll-animation-bam,WPLC1A1E,BAMC,V1,30,16,data/PaperDol.bif,0x062000FC,5137,8B765A639C188DDE45D215A43EDC83DAC54B164B44667D95042383E2AFBDDAB2,graphics/source/sprites/WPLC1A1E.bam
supplemental:sprites:paperdoll-animation-bam:WPLC1A3,sprites,paperdoll-animation-bam,WPLC1A3,BAMC,V1,50,8,data/PaperDol.bif,0x062000FD,12275,DC91FBD521BC54310FD022B2A4B3B4914B1DAD756632CAA72F8413BB062AC5A3,graphics/source/sprites/WPLC1A3.bam
supplemental:sprites:paperdoll-animation-bam:WPLC1A3E,sprites,paperdoll-animation-bam,WPLC1A3E,BAMC,V1,30,8,data/PaperDol.bif,0x062000FE,4868,00FF8B229F7D4F54E367A3AC1165E07AD235AFDC0BF97E8FFC2FCF8AFF5EA896,graphics/source/sprites/WPLC1A3E.bam
supplemental:sprites:paperdoll-animation-bam:WPLC1A5,sprites,paperdoll-animation-bam,WPLC1A5,BAMC,V1,30,8,data/PaperDol.bif,0x062000FF,6618,A5B9EC8B0D6BE955760857F246D429207DF03482A42C9A65070BD5A5F59835A3,graphics/source/sprites/WPLC1A5.bam
supplemental:sprites:paperdoll-animation-bam:WPLC1A5E,sprites,paperdoll-animation-bam,WPLC1A5E,BAMC,V1,18,8,data/PaperDol.bif,0x06200100,3841,7928510D94EA8AAB046D730F129554070E4618A35F2A1ED1BA29015C3176BA9D,graphics/source/sprites/WPLC1A5E.bam
supplemental:sprites:paperdoll-animation-bam:WPLC1G1,sprites,paperdoll-animation-bam,WPLC1G1,BAMC,V1,180,72,data/PaperDol.bif,0x06200101,26694,DE273304E16CB5A3AE91C45D0078ECE28434D30D3C83C75C388EF5AF0C754269,graphics/source/sprites/WPLC1G1.bam
supplemental:sprites:paperdoll-animation-bam:WPLC1G1E,sprites,paperdoll-animation-bam,WPLC1G1E,BAMC,V1,108,72,data/PaperDol.bif,0x06200102,12842,879203608B9020F9A1DE2A5642B809E9E765DC4B5F9539232EE9AF70CAD81506,graphics/source/sprites/WPLC1G1E.bam
supplemental:sprites:paperdoll-animation-bam:WPLC1INV,sprites,paperdoll-animation-bam,WPLC1INV,BAM,V1,2,1,data/PaperDol.bif,0x06200103,3543,DA8C7AD10FA685C6CFD3C55B34C7259D0990A4A3722D35DBCC2946197705468E,graphics/source/sprites/WPLC1INV.bam
supplemental:sprites:paperdoll-animation-bam:WPLC1W2,sprites,paperdoll-animation-bam,WPLC1W2,BAMC,V1,40,8,data/PaperDol.bif,0x06200104,9694,0FEE2E060237E9FC73BEC587835A919CAE8BF32B3A981C0F17D72EC44B41CE3D,graphics/source/sprites/WPLC1W2.bam
supplemental:sprites:paperdoll-animation-bam:WPLC1W2E,sprites,paperdoll-animation-bam,WPLC1W2E,BAMC,V1,40,8,data/PaperDol.bif,0x06200105,5827,74DC685BA0450ACF77E1E309205421C6AB3E5E3678CCDBA80A3595FAA8F2A60E,graphics/source/sprites/WPLC1W2E.bam
supplemental:sprites:paperdoll-animation-bam:WPLC2A1,sprites,paperdoll-animation-bam,WPLC2A1,BAMC,V1,50,16,data/PaperDol.bif,0x06200106,11264,85C472B5FEBED2AE50041DF044C7162B1A6D06F1E5FD3308283DC15E9DD9DA3E,graphics/source/sprites/WPLC2A1.bam
supplemental:sprites:paperdoll-animation-bam:WPLC2A1E,sprites,paperdoll-animation-bam,WPLC2A1E,BAMC,V1,30,16,data/PaperDol.bif,0x06200107,5171,ADCE0B4AFD5C3039DF49A9541A1EB310E18656174BB278D69B7A7F4EC48E3228,graphics/source/sprites/WPLC2A1E.bam
supplemental:sprites:paperdoll-animation-bam:WPLC2A3,sprites,paperdoll-animation-bam,WPLC2A3,BAMC,V1,50,8,data/PaperDol.bif,0x06200108,14249,6D8926D72F9252DA4057A8F931375E3570A0C5B811F3BCCEC45B29150B3B72D5,graphics/source/sprites/WPLC2A3.bam
supplemental:sprites:paperdoll-animation-bam:WPLC2A3E,sprites,paperdoll-animation-bam,WPLC2A3E,BAMC,V1,30,8,data/PaperDol.bif,0x06200109,3856,9527B50CD69C15E1FA1BD1E8E12117AAB074EA4237A112133EE394B632C8FB5A,graphics/source/sprites/WPLC2A3E.bam
supplemental:sprites:paperdoll-animation-bam:WPLC2A5,sprites,paperdoll-animation-bam,WPLC2A5,BAMC,V1,30,8,data/PaperDol.bif,0x0620010A,6968,94EABCA1BD59608C5F105F02C7C7FB4AF511F0E5736CBE4F1F5B2DCE3B8D5D0A,graphics/source/sprites/WPLC2A5.bam
supplemental:sprites:paperdoll-animation-bam:WPLC2A5E,sprites,paperdoll-animation-bam,WPLC2A5E,BAMC,V1,18,8,data/PaperDol.bif,0x0620010B,3376,9EBAAC4C2D07A229EA91FDFFA51C3E56393037EC467E0B061867D1E96062CEAD,graphics/source/sprites/WPLC2A5E.bam
supplemental:sprites:paperdoll-animation-bam:WPLC2G1,sprites,paperdoll-animation-bam,WPLC2G1,BAMC,V1,180,72,data/PaperDol.bif,0x0620010C,32577,BE36D6B5320CB8B8F1950FD120AE9F9E54F919CBC2B980715A47414A3D10555E,graphics/source/sprites/WPLC2G1.bam
supplemental:sprites:paperdoll-animation-bam:WPLC2G1E,sprites,paperdoll-animation-bam,WPLC2G1E,BAMC,V1,108,72,data/PaperDol.bif,0x0620010D,14803,D17E05223897248867B6ACE2B4E721377204468248FC70731BD99C42B4EA636D,graphics/source/sprites/WPLC2G1E.bam
supplemental:sprites:paperdoll-animation-bam:WPLC2INV,sprites,paperdoll-animation-bam,WPLC2INV,BAM,V1,2,1,data/PaperDol.bif,0x0620010E,3951,7C508E9169F148ED8ACDE81C2778369A3546575D6678CC7DF6834DD4C3732F4C,graphics/source/sprites/WPLC2INV.bam
supplemental:sprites:paperdoll-animation-bam:WPLC2W2,sprites,paperdoll-animation-bam,WPLC2W2,BAMC,V1,50,8,data/PaperDol.bif,0x0620010F,11798,FE6E4FDA634FAC1506831EF6D3EF9BB81EB7D6EC77DCB32D715C7E9473927947,graphics/source/sprites/WPLC2W2.bam
supplemental:sprites:paperdoll-animation-bam:WPLC2W2E,sprites,paperdoll-animation-bam,WPLC2W2E,BAMC,V1,30,8,data/PaperDol.bif,0x06200110,4169,611D273FB9E2EBEADE474541EA12FD5AB8FBEF1D0925301EAFEC5DB5748976C7,graphics/source/sprites/WPLC2W2E.bam
supplemental:sprites:paperdoll-animation-bam:WPLC3A1,sprites,paperdoll-animation-bam,WPLC3A1,BAMC,V1,50,16,data/PaperDol.bif,0x06200111,11462,2562BA0F7AC69288B4EFCD3F67E80CE18CF7B8CB04F3E9C0579B6C3E82594FA0,graphics/source/sprites/WPLC3A1.bam
supplemental:sprites:paperdoll-animation-bam:WPLC3A1E,sprites,paperdoll-animation-bam,WPLC3A1E,BAMC,V1,30,16,data/PaperDol.bif,0x06200112,5137,8B765A639C188DDE45D215A43EDC83DAC54B164B44667D95042383E2AFBDDAB2,graphics/source/sprites/WPLC3A1E.bam
supplemental:sprites:paperdoll-animation-bam:WPLC3A3,sprites,paperdoll-animation-bam,WPLC3A3,BAMC,V1,50,8,data/PaperDol.bif,0x06200113,12275,DC91FBD521BC54310FD022B2A4B3B4914B1DAD756632CAA72F8413BB062AC5A3,graphics/source/sprites/WPLC3A3.bam
supplemental:sprites:paperdoll-animation-bam:WPLC3A3E,sprites,paperdoll-animation-bam,WPLC3A3E,BAMC,V1,30,8,data/PaperDol.bif,0x06200114,4868,00FF8B229F7D4F54E367A3AC1165E07AD235AFDC0BF97E8FFC2FCF8AFF5EA896,graphics/source/sprites/WPLC3A3E.bam
supplemental:sprites:paperdoll-animation-bam:WPLC3A5,sprites,paperdoll-animation-bam,WPLC3A5,BAMC,V1,30,8,data/PaperDol.bif,0x06200115,6618,A5B9EC8B0D6BE955760857F246D429207DF03482A42C9A65070BD5A5F59835A3,graphics/source/sprites/WPLC3A5.bam
supplemental:sprites:paperdoll-animation-bam:WPLC3A5E,sprites,paperdoll-animation-bam,WPLC3A5E,BAMC,V1,18,8,data/PaperDol.bif,0x06200116,3841,7928510D94EA8AAB046D730F129554070E4618A35F2A1ED1BA29015C3176BA9D,graphics/source/sprites/WPLC3A5E.bam
supplemental:sprites:paperdoll-animation-bam:WPLC3G1,sprites,paperdoll-animation-bam,WPLC3G1,BAMC,V1,180,72,data/PaperDol.bif,0x06200117,26694,DE273304E16CB5A3AE91C45D0078ECE28434D30D3C83C75C388EF5AF0C754269,graphics/source/sprites/WPLC3G1.bam
supplemental:sprites:paperdoll-animation-bam:WPLC3G1E,sprites,paperdoll-animation-bam,WPLC3G1E,BAMC,V1,108,72,data/PaperDol.bif,0x06200118,12842,879203608B9020F9A1DE2A5642B809E9E765DC4B5F9539232EE9AF70CAD81506,graphics/source/sprites/WPLC3G1E.bam
supplemental:sprites:paperdoll-animation-bam:WPLC3INV,sprites,paperdoll-animation-bam,WPLC3INV,BAM,V1,2,1,data/PaperDol.bif,0x06200119,3543,A60620DA3DC8E99C8AE09A2DF06754163694F6DD44451D339FC8F2CBAC558138,graphics/source/sprites/WPLC3INV.bam
supplemental:sprites:paperdoll-animation-bam:WPLC3W2,sprites,paperdoll-animation-bam,WPLC3W2,BAMC,V1,40,8,data/PaperDol.bif,0x0620011A,9694,0FEE2E060237E9FC73BEC587835A919CAE8BF32B3A981C0F17D72EC44B41CE3D,graphics/source/sprites/WPLC3W2.bam
supplemental:sprites:paperdoll-animation-bam:WPLC3W2E,sprites,paperdoll-animation-bam,WPLC3W2E,BAMC,V1,40,8,data/PaperDol.bif,0x0620011B,5827,74DC685BA0450ACF77E1E309205421C6AB3E5E3678CCDBA80A3595FAA8F2A60E,graphics/source/sprites/WPLC3W2E.bam
supplemental:sprites:paperdoll-animation-bam:WPLC4A1,sprites,paperdoll-animation-bam,WPLC4A1,BAMC,V1,50,16,data/PaperDol.bif,0x0620011C,4983,31092EBAA8ED2A6247EC5AC6CE3E74E582208BBB771A0A185856FA4278EE0A68,graphics/source/sprites/WPLC4A1.bam
supplemental:sprites:paperdoll-animation-bam:WPLC4A1E,sprites,paperdoll-animation-bam,WPLC4A1E,BAMC,V1,30,16,data/PaperDol.bif,0x0620011D,2690,AD2738127B06931C9D7B34B546AB5ED22692061C9A4EBF4C65204F03370BFA4B,graphics/source/sprites/WPLC4A1E.bam
supplemental:sprites:paperdoll-animation-bam:WPLC4A3,sprites,paperdoll-animation-bam,WPLC4A3,BAMC,V1,50,8,data/PaperDol.bif,0x0620011E,5248,E1EC9ADE1A519A000790BEF6186949346DEA6BDD5EBB519B847518C3B72F0167,graphics/source/sprites/WPLC4A3.bam
supplemental:sprites:paperdoll-animation-bam:WPLC4A3E,sprites,paperdoll-animation-bam,WPLC4A3E,BAMC,V1,30,8,data/PaperDol.bif,0x0620011F,2546,D27FE735BF664408429FEB09586E2D1AF7AAA965121437647B9EF7E64E9347EB,graphics/source/sprites/WPLC4A3E.bam
supplemental:sprites:paperdoll-animation-bam:WPLC4A5,sprites,paperdoll-animation-bam,WPLC4A5,BAMC,V1,30,8,data/PaperDol.bif,0x06200120,3094,51EAFAF2D84EA84547A0131FD0C55F14140B1562BB867C14358740F71ECF2AE8,graphics/source/sprites/WPLC4A5.bam
supplemental:sprites:paperdoll-animation-bam:WPLC4A5E,sprites,paperdoll-animation-bam,WPLC4A5E,BAMC,V1,18,8,data/PaperDol.bif,0x06200121,1995,946B3DCF58C1F149EE52E0DB77960829E9E15D665F019831AA14D12796A8551E,graphics/source/sprites/WPLC4A5E.bam
supplemental:sprites:paperdoll-animation-bam:WPLC4G1,sprites,paperdoll-animation-bam,WPLC4G1,BAMC,V1,180,72,data/PaperDol.bif,0x06200122,12003,EB4821757F0005FFBA23F50547018FF00FD464DA754B86451F6FDFDD764E5E03,graphics/source/sprites/WPLC4G1.bam
supplemental:sprites:paperdoll-animation-bam:WPLC4G1E,sprites,paperdoll-animation-bam,WPLC4G1E,BAMC,V1,108,72,data/PaperDol.bif,0x06200123,5832,B732EA5319FB762C132BFA12F3612C1B6C17E2B8F83F21B14611C8B0B779E4DD,graphics/source/sprites/WPLC4G1E.bam
supplemental:sprites:paperdoll-animation-bam:WPLC4INV,sprites,paperdoll-animation-bam,WPLC4INV,BAM,V1,2,1,data/PaperDol.bif,0x06200124,1869,83A2BD681C05D8322FA3C951872AFA8C4A6D1976B90AF212BF3B803EACCB9505,graphics/source/sprites/WPLC4INV.bam
supplemental:sprites:paperdoll-animation-bam:WPLC4W2,sprites,paperdoll-animation-bam,WPLC4W2,BAMC,V1,50,8,data/PaperDol.bif,0x06200125,4615,BC4FD1B8826C38846197621634BDFC3DB32BDA24BAB5965B7FF6CC6AB27FA52A,graphics/source/sprites/WPLC4W2.bam
supplemental:sprites:paperdoll-animation-bam:WPLC4W2E,sprites,paperdoll-animation-bam,WPLC4W2E,BAMC,V1,30,8,data/PaperDol.bif,0x06200126,2390,CC6C2EDD65A201F1A91A94CEC0D67AC8CF2054304831A00AF62D6F323A80CA15,graphics/source/sprites/WPLC4W2E.bam
supplemental:sprites:paperdoll-animation-bam:WPLC5A1,sprites,paperdoll-animation-bam,WPLC5A1,BAMC,V1,50,16,data/PaperDol.bif,0x06200127,9936,B1A042DBD64D2F8CD60FD5F9D85289834C32E72434E84438F734B45790162BFF,graphics/source/sprites/WPLC5A1.bam
supplemental:sprites:paperdoll-animation-bam:WPLC5A1E,sprites,paperdoll-animation-bam,WPLC5A1E,BAMC,V1,30,16,data/PaperDol.bif,0x06200128,4489,9C0F9DB20CBDA9821DE90F2E04D3B7F8983BD39E933953CB951DC0DF85E79EBB,graphics/source/sprites/WPLC5A1E.bam
supplemental:sprites:paperdoll-animation-bam:WPLC5A3,sprites,paperdoll-animation-bam,WPLC5A3,BAMC,V1,50,8,data/PaperDol.bif,0x06200129,10468,C6770653E658CADCB1F88686C33FF3327AA8F448112722EB7908B1BC8EB36C6A,graphics/source/sprites/WPLC5A3.bam
supplemental:sprites:paperdoll-animation-bam:WPLC5A3E,sprites,paperdoll-animation-bam,WPLC5A3E,BAMC,V1,30,8,data/PaperDol.bif,0x0620012A,4394,73189ACD4A50ADD28C6D3806B12368A214E0FAD45908A29C7BA93157DF76C3D3,graphics/source/sprites/WPLC5A3E.bam
supplemental:sprites:paperdoll-animation-bam:WPLC5A5,sprites,paperdoll-animation-bam,WPLC5A5,BAMC,V1,30,8,data/PaperDol.bif,0x0620012B,5735,4AB07C681997AEF99A96C3AB2F349673D680C52565E86E070A2D76F911A75872,graphics/source/sprites/WPLC5A5.bam
supplemental:sprites:paperdoll-animation-bam:WPLC5A5E,sprites,paperdoll-animation-bam,WPLC5A5E,BAMC,V1,18,8,data/PaperDol.bif,0x0620012C,3338,53FBD04F4E75A38865B4F6017160E51AE4350FEA035547B70FBB5F64831B2EFF,graphics/source/sprites/WPLC5A5E.bam
supplemental:sprites:paperdoll-animation-bam:WPLC5G1,sprites,paperdoll-animation-bam,WPLC5G1,BAMC,V1,180,72,data/PaperDol.bif,0x0620012D,23964,A4327AED323E3AEE696EE57D37A4741DEBB7311A93ECE66D11CEE608A5A180E9,graphics/source/sprites/WPLC5G1.bam
supplemental:sprites:paperdoll-animation-bam:WPLC5G1E,sprites,paperdoll-animation-bam,WPLC5G1E,BAMC,V1,108,72,data/PaperDol.bif,0x0620012E,10330,64BFB02F8CC63749DC74C0E9EB62EE08757117DE6158AD683D9AC60466F9C5C8,graphics/source/sprites/WPLC5G1E.bam
supplemental:sprites:paperdoll-animation-bam:WPLC5INV,sprites,paperdoll-animation-bam,WPLC5INV,BAM,V1,2,1,data/PaperDol.bif,0x0620012F,2676,1426B657F5057618AA6341CEE1371CC9CAC8003FF66F83A41EFAF7DBD02C2625,graphics/source/sprites/WPLC5INV.bam
supplemental:sprites:paperdoll-animation-bam:WPLC5W2,sprites,paperdoll-animation-bam,WPLC5W2,BAMC,V1,40,8,data/PaperDol.bif,0x06200130,8155,80D1D92532A3DD8D6EB5DFDB41DA2B82E6755EF32DFD5A703A39D1C23179D955,graphics/source/sprites/WPLC5W2.bam
supplemental:sprites:paperdoll-animation-bam:WPLC5W2E,sprites,paperdoll-animation-bam,WPLC5W2E,BAMC,V1,40,8,data/PaperDol.bif,0x06200131,5060,7C4145B808D815CCD06C8FC10025A1151BDDDBAA2A9903FDF97CC0AF57ACEB66,graphics/source/sprites/WPLC5W2E.bam
supplemental:sprites:paperdoll-animation-bam:WPLC6A1,sprites,paperdoll-animation-bam,WPLC6A1,BAMC,V1,50,16,data/PaperDol.bif,0x06200132,11264,85C472B5FEBED2AE50041DF044C7162B1A6D06F1E5FD3308283DC15E9DD9DA3E,graphics/source/sprites/WPLC6A1.bam
supplemental:sprites:paperdoll-animation-bam:WPLC6A1E,sprites,paperdoll-animation-bam,WPLC6A1E,BAMC,V1,30,16,data/PaperDol.bif,0x06200133,5171,ADCE0B4AFD5C3039DF49A9541A1EB310E18656174BB278D69B7A7F4EC48E3228,graphics/source/sprites/WPLC6A1E.bam
supplemental:sprites:paperdoll-animation-bam:WPLC6A3,sprites,paperdoll-animation-bam,WPLC6A3,BAMC,V1,50,8,data/PaperDol.bif,0x06200134,14249,6D8926D72F9252DA4057A8F931375E3570A0C5B811F3BCCEC45B29150B3B72D5,graphics/source/sprites/WPLC6A3.bam
supplemental:sprites:paperdoll-animation-bam:WPLC6A3E,sprites,paperdoll-animation-bam,WPLC6A3E,BAMC,V1,30,8,data/PaperDol.bif,0x06200135,3856,9527B50CD69C15E1FA1BD1E8E12117AAB074EA4237A112133EE394B632C8FB5A,graphics/source/sprites/WPLC6A3E.bam
supplemental:sprites:paperdoll-animation-bam:WPLC6A5,sprites,paperdoll-animation-bam,WPLC6A5,BAMC,V1,30,8,data/PaperDol.bif,0x06200136,6968,94EABCA1BD59608C5F105F02C7C7FB4AF511F0E5736CBE4F1F5B2DCE3B8D5D0A,graphics/source/sprites/WPLC6A5.bam
supplemental:sprites:paperdoll-animation-bam:WPLC6A5E,sprites,paperdoll-animation-bam,WPLC6A5E,BAMC,V1,18,8,data/PaperDol.bif,0x06200137,3376,9EBAAC4C2D07A229EA91FDFFA51C3E56393037EC467E0B061867D1E96062CEAD,graphics/source/sprites/WPLC6A5E.bam
supplemental:sprites:paperdoll-animation-bam:WPLC6G1,sprites,paperdoll-animation-bam,WPLC6G1,BAMC,V1,180,72,data/PaperDol.bif,0x06200138,32577,BE36D6B5320CB8B8F1950FD120AE9F9E54F919CBC2B980715A47414A3D10555E,graphics/source/sprites/WPLC6G1.bam
supplemental:sprites:paperdoll-animation-bam:WPLC6G1E,sprites,paperdoll-animation-bam,WPLC6G1E,BAMC,V1,108,72,data/PaperDol.bif,0x06200139,14803,D17E05223897248867B6ACE2B4E721377204468248FC70731BD99C42B4EA636D,graphics/source/sprites/WPLC6G1E.bam
supplemental:sprites:paperdoll-animation-bam:WPLC6INV,sprites,paperdoll-animation-bam,WPLC6INV,BAM,V1,2,1,data/PaperDol.bif,0x0620013A,3752,D76AB7D9A9CFFC72D65E4C38CBD2F23FF50AC817D2FE8482A8756263CA9D7A18,graphics/source/sprites/WPLC6INV.bam
supplemental:sprites:paperdoll-animation-bam:WPLC6W2,sprites,paperdoll-animation-bam,WPLC6W2,BAMC,V1,50,8,data/PaperDol.bif,0x0620013B,11798,FE6E4FDA634FAC1506831EF6D3EF9BB81EB7D6EC77DCB32D715C7E9473927947,graphics/source/sprites/WPLC6W2.bam
supplemental:sprites:paperdoll-animation-bam:WPLC6W2E,sprites,paperdoll-animation-bam,WPLC6W2E,BAMC,V1,30,8,data/PaperDol.bif,0x0620013C,4169,611D273FB9E2EBEADE474541EA12FD5AB8FBEF1D0925301EAFEC5DB5748976C7,graphics/source/sprites/WPLC6W2E.bam
supplemental:sprites:paperdoll-animation-bam:WPLC7A1,sprites,paperdoll-animation-bam,WPLC7A1,BAMC,V1,50,16,data/PaperDol.bif,0x0620013D,11462,2562BA0F7AC69288B4EFCD3F67E80CE18CF7B8CB04F3E9C0579B6C3E82594FA0,graphics/source/sprites/WPLC7A1.bam
supplemental:sprites:paperdoll-animation-bam:WPLC7A1E,sprites,paperdoll-animation-bam,WPLC7A1E,BAMC,V1,30,16,data/PaperDol.bif,0x0620013E,5137,8B765A639C188DDE45D215A43EDC83DAC54B164B44667D95042383E2AFBDDAB2,graphics/source/sprites/WPLC7A1E.bam
supplemental:sprites:paperdoll-animation-bam:WPLC7A3,sprites,paperdoll-animation-bam,WPLC7A3,BAMC,V1,50,8,data/PaperDol.bif,0x0620013F,12275,DC91FBD521BC54310FD022B2A4B3B4914B1DAD756632CAA72F8413BB062AC5A3,graphics/source/sprites/WPLC7A3.bam
supplemental:sprites:paperdoll-animation-bam:WPLC7A3E,sprites,paperdoll-animation-bam,WPLC7A3E,BAMC,V1,30,8,data/PaperDol.bif,0x06200140,4868,00FF8B229F7D4F54E367A3AC1165E07AD235AFDC0BF97E8FFC2FCF8AFF5EA896,graphics/source/sprites/WPLC7A3E.bam
supplemental:sprites:paperdoll-animation-bam:WPLC7A5,sprites,paperdoll-animation-bam,WPLC7A5,BAMC,V1,30,8,data/PaperDol.bif,0x06200141,6618,A5B9EC8B0D6BE955760857F246D429207DF03482A42C9A65070BD5A5F59835A3,graphics/source/sprites/WPLC7A5.bam
supplemental:sprites:paperdoll-animation-bam:WPLC7A5E,sprites,paperdoll-animation-bam,WPLC7A5E,BAMC,V1,18,8,data/PaperDol.bif,0x06200142,3841,7928510D94EA8AAB046D730F129554070E4618A35F2A1ED1BA29015C3176BA9D,graphics/source/sprites/WPLC7A5E.bam
supplemental:sprites:paperdoll-animation-bam:WPLC7G1,sprites,paperdoll-animation-bam,WPLC7G1,BAMC,V1,180,72,data/PaperDol.bif,0x06200143,26694,DE273304E16CB5A3AE91C45D0078ECE28434D30D3C83C75C388EF5AF0C754269,graphics/source/sprites/WPLC7G1.bam
supplemental:sprites:paperdoll-animation-bam:WPLC7G1E,sprites,paperdoll-animation-bam,WPLC7G1E,BAMC,V1,108,72,data/PaperDol.bif,0x06200144,12842,879203608B9020F9A1DE2A5642B809E9E765DC4B5F9539232EE9AF70CAD81506,graphics/source/sprites/WPLC7G1E.bam
supplemental:sprites:paperdoll-animation-bam:WPLC7INV,sprites,paperdoll-animation-bam,WPLC7INV,BAM,V1,2,1,data/PaperDol.bif,0x06200145,3097,9218B3B3B911FB50AB0B5F29859DFA05547D81A9DE687813F9D7AC7214BFEF0C,graphics/source/sprites/WPLC7INV.bam
supplemental:sprites:paperdoll-animation-bam:WPLC7W2,sprites,paperdoll-animation-bam,WPLC7W2,BAMC,V1,40,8,data/PaperDol.bif,0x06200146,9694,0FEE2E060237E9FC73BEC587835A919CAE8BF32B3A981C0F17D72EC44B41CE3D,graphics/source/sprites/WPLC7W2.bam
supplemental:sprites:paperdoll-animation-bam:WPLC7W2E,sprites,paperdoll-animation-bam,WPLC7W2E,BAMC,V1,40,8,data/PaperDol.bif,0x06200147,5827,74DC685BA0450ACF77E1E309205421C6AB3E5E3678CCDBA80A3595FAA8F2A60E,graphics/source/sprites/WPLC7W2E.bam
supplemental:sprites:object-animation-bam:WPLCBG1,sprites,object-animation-bam,WPLCBG1,BAMC,V1,180,72,data/OBJAnim.bif,0x0020001D,13626,E648BA6E59ED60757F2644AF5DE6824983CA98EA638BD6AE35D1EB9F1FC63573,graphics/source/sprites/WPLCBG1.bam
supplemental:sprites:object-animation-bam:WPLCBG1E,sprites,object-animation-bam,WPLCBG1E,BAMC,V1,108,72,data/OBJAnim.bif,0x0020001E,9761,B9B5F1676012AE04E5532799D472926B06A372E9C14C33CAF60CEDC6A57E4551,graphics/source/sprites/WPLCBG1E.bam
supplemental:sprites:paperdoll-animation-bam:WPLCBINV,sprites,paperdoll-animation-bam,WPLCBINV,BAM,V1,2,1,data/PaperDol.bif,0x06200148,1786,2353DA5F14EE8F21A898E7D2A8CAE489D347CDE4AB2A008B8069D244B561E47F,graphics/source/sprites/WPLCBINV.bam
supplemental:sprites:object-animation-bam:WPLCBSX,sprites,object-animation-bam,WPLCBSX,BAMC,V1,15,8,data/OBJAnim.bif,0x0020001F,2341,8AA39BC9CEDC6461D7C9B4951E025AAD1F5ABC62F54236E80F3333F409BA3E88,graphics/source/sprites/WPLCBSX.bam
supplemental:sprites:object-animation-bam:WPLCBSXE,sprites,object-animation-bam,WPLCBSXE,BAMC,V1,9,8,data/OBJAnim.bif,0x00200020,1794,2436199037F9247E635980C08E4951C97DE9CEDBF9FB731CB6ECB2024A180BB9,graphics/source/sprites/WPLCBSXE.bam
supplemental:sprites:object-animation-bam:WPLCBW2,sprites,object-animation-bam,WPLCBW2,BAMC,V1,50,8,data/OBJAnim.bif,0x00200021,5168,1455B5205A4A6967F1639104975E664FA73E06C21B2F4E9D26D600A71741A84A,graphics/source/sprites/WPLCBW2.bam
supplemental:sprites:object-animation-bam:WPLCBW2E,sprites,object-animation-bam,WPLCBW2E,BAMC,V1,30,8,data/OBJAnim.bif,0x00200022,4196,3A263C4F75D1DEA218616BA9BCE718E0B4BEC88F1A18F12C2ABFF3B3DF04E02D,graphics/source/sprites/WPLCBW2E.bam
supplemental:sprites:object-animation-bam:WPLCLA1,sprites,object-animation-bam,WPLCLA1,BAMC,V1,50,15,data/OBJAnim.bif,0x00200023,4351,7F8C37E4F94CE52805FCA3848C447BB608D2189AF5DD71BB770E89151AC558EC,graphics/source/sprites/WPLCLA1.bam
supplemental:sprites:object-animation-bam:WPLCLA1E,sprites,object-animation-bam,WPLCLA1E,BAMC,V1,30,15,data/OBJAnim.bif,0x00200024,2825,4EF1244405451F630C32B8A1D329CF966755E11CC4333AF13BEFD1DF3A0ABF4C,graphics/source/sprites/WPLCLA1E.bam
supplemental:sprites:object-animation-bam:WPLCLA3,sprites,object-animation-bam,WPLCLA3,BAMC,V1,50,8,data/OBJAnim.bif,0x00200025,3956,9B32798A0FEEE2F46C6ECE7EC6F72CFF5C70CD48E84A843B635ECD04548C7374,graphics/source/sprites/WPLCLA3.bam
supplemental:sprites:object-animation-bam:WPLCLA3E,sprites,object-animation-bam,WPLCLA3E,BAMC,V1,30,8,data/OBJAnim.bif,0x00200026,2950,703E1D2DECBBC7F1F97555C32503090762DC0049211B03681F1698FF924633E5,graphics/source/sprites/WPLCLA3E.bam
supplemental:sprites:object-animation-bam:WPLCLG1,sprites,object-animation-bam,WPLCLG1,BAMC,V1,180,72,data/OBJAnim.bif,0x00200027,8970,788CDA887E2E126A7B5DA58ED9A11ED3E1CDE7B779E06CB95CCE6F9D1FE8BD7D,graphics/source/sprites/WPLCLG1.bam
supplemental:sprites:object-animation-bam:WPLCLG1E,sprites,object-animation-bam,WPLCLG1E,BAMC,V1,108,72,data/OBJAnim.bif,0x00200028,6239,36AFDF2460A32B698CA4F98168DE2793C53DD18F4E60043645E6A48955F72073,graphics/source/sprites/WPLCLG1E.bam
supplemental:sprites:paperdoll-animation-bam:WPLCLINV,sprites,paperdoll-animation-bam,WPLCLINV,BAM,V1,2,1,data/PaperDol.bif,0x06200149,1404,59BACFEEF4443B54A3D60047C7E3FC3F8C92979D4D06F20DB743FA8035E198B9,graphics/source/sprites/WPLCLINV.bam
supplemental:sprites:paperdoll-animation-bam:WPLCLOIN,sprites,paperdoll-animation-bam,WPLCLOIN,BAM,V1,2,1,data/PaperDol.bif,0x0620014A,1345,B3363FF94EAAF6A4D577FD5B4EF8F3CDC59456A71B80B370755F1EEAAD537F48,graphics/source/sprites/WPLCLOIN.bam
supplemental:sprites:object-animation-bam:WPLCLW2,sprites,object-animation-bam,WPLCLW2,BAMC,V1,50,8,data/OBJAnim.bif,0x00200029,3525,3DF7F95B22815354A40B177B3381CFA18ABBF09CA79F95C600875D9526E062EF,graphics/source/sprites/WPLCLW2.bam
supplemental:sprites:object-animation-bam:WPLCLW2E,sprites,object-animation-bam,WPLCLW2E,BAMC,V1,30,8,data/OBJAnim.bif,0x0020002A,2765,0AD5C289C10C58F33A16E5109FD7F33C0925D2DCA428C8034B2E45FDAC91C5D2,graphics/source/sprites/WPLCLW2E.bam
supplemental:sprites:object-animation-bam:WPLD1A1,sprites,object-animation-bam,WPLD1A1,BAMC,V1,50,16,data/OBJAnim.bif,0x0020002B,4983,31092EBAA8ED2A6247EC5AC6CE3E74E582208BBB771A0A185856FA4278EE0A68,graphics/source/sprites/WPLD1A1.bam
supplemental:sprites:object-animation-bam:WPLD1A1E,sprites,object-animation-bam,WPLD1A1E,BAMC,V1,30,16,data/OBJAnim.bif,0x0020002C,2690,AD2738127B06931C9D7B34B546AB5ED22692061C9A4EBF4C65204F03370BFA4B,graphics/source/sprites/WPLD1A1E.bam
supplemental:sprites:object-animation-bam:WPLD1A3,sprites,object-animation-bam,WPLD1A3,BAMC,V1,50,8,data/OBJAnim.bif,0x0020002D,5248,E1EC9ADE1A519A000790BEF6186949346DEA6BDD5EBB519B847518C3B72F0167,graphics/source/sprites/WPLD1A3.bam
supplemental:sprites:object-animation-bam:WPLD1A3E,sprites,object-animation-bam,WPLD1A3E,BAMC,V1,30,8,data/OBJAnim.bif,0x0020002E,2546,D27FE735BF664408429FEB09586E2D1AF7AAA965121437647B9EF7E64E9347EB,graphics/source/sprites/WPLD1A3E.bam
supplemental:sprites:object-animation-bam:WPLD1A5,sprites,object-animation-bam,WPLD1A5,BAMC,V1,30,8,data/OBJAnim.bif,0x0020002F,3094,51EAFAF2D84EA84547A0131FD0C55F14140B1562BB867C14358740F71ECF2AE8,graphics/source/sprites/WPLD1A5.bam
supplemental:sprites:object-animation-bam:WPLD1A5E,sprites,object-animation-bam,WPLD1A5E,BAMC,V1,18,8,data/OBJAnim.bif,0x00200030,1995,946B3DCF58C1F149EE52E0DB77960829E9E15D665F019831AA14D12796A8551E,graphics/source/sprites/WPLD1A5E.bam
supplemental:sprites:object-animation-bam:WPLD1G1,sprites,object-animation-bam,WPLD1G1,BAMC,V1,180,72,data/OBJAnim.bif,0x00200031,12003,EB4821757F0005FFBA23F50547018FF00FD464DA754B86451F6FDFDD764E5E03,graphics/source/sprites/WPLD1G1.bam
supplemental:sprites:object-animation-bam:WPLD1G1E,sprites,object-animation-bam,WPLD1G1E,BAMC,V1,108,72,data/OBJAnim.bif,0x00200032,5832,B732EA5319FB762C132BFA12F3612C1B6C17E2B8F83F21B14611C8B0B779E4DD,graphics/source/sprites/WPLD1G1E.bam
supplemental:sprites:paperdoll-animation-bam:WPLD1INV,sprites,paperdoll-animation-bam,WPLD1INV,BAM,V1,2,1,data/PaperDol.bif,0x0620014B,1844,BE3FCC8996247556DB1EB78C94B095B9E3A60B947BBE4F21320B5BB91603F372,graphics/source/sprites/WPLD1INV.bam
supplemental:sprites:object-animation-bam:WPLD1W2,sprites,object-animation-bam,WPLD1W2,BAMC,V1,50,8,data/OBJAnim.bif,0x00200033,4615,BC4FD1B8826C38846197621634BDFC3DB32BDA24BAB5965B7FF6CC6AB27FA52A,graphics/source/sprites/WPLD1W2.bam
supplemental:sprites:object-animation-bam:WPLD1W2E,sprites,object-animation-bam,WPLD1W2E,BAMC,V1,30,8,data/OBJAnim.bif,0x00200034,2390,CC6C2EDD65A201F1A91A94CEC0D67AC8CF2054304831A00AF62D6F323A80CA15,graphics/source/sprites/WPLD1W2E.bam
supplemental:sprites:object-animation-bam:WPLD2A1,sprites,object-animation-bam,WPLD2A1,BAMC,V1,50,16,data/OBJAnim.bif,0x00200035,9936,B1A042DBD64D2F8CD60FD5F9D85289834C32E72434E84438F734B45790162BFF,graphics/source/sprites/WPLD2A1.bam
supplemental:sprites:object-animation-bam:WPLD2A1E,sprites,object-animation-bam,WPLD2A1E,BAMC,V1,30,16,data/OBJAnim.bif,0x00200036,4489,9C0F9DB20CBDA9821DE90F2E04D3B7F8983BD39E933953CB951DC0DF85E79EBB,graphics/source/sprites/WPLD2A1E.bam
supplemental:sprites:object-animation-bam:WPLD2A3,sprites,object-animation-bam,WPLD2A3,BAMC,V1,50,8,data/OBJAnim.bif,0x00200037,10468,C6770653E658CADCB1F88686C33FF3327AA8F448112722EB7908B1BC8EB36C6A,graphics/source/sprites/WPLD2A3.bam
supplemental:sprites:object-animation-bam:WPLD2A3E,sprites,object-animation-bam,WPLD2A3E,BAMC,V1,30,8,data/OBJAnim.bif,0x00200038,4394,73189ACD4A50ADD28C6D3806B12368A214E0FAD45908A29C7BA93157DF76C3D3,graphics/source/sprites/WPLD2A3E.bam
supplemental:sprites:object-animation-bam:WPLD2A5,sprites,object-animation-bam,WPLD2A5,BAMC,V1,30,8,data/OBJAnim.bif,0x00200039,5735,4AB07C681997AEF99A96C3AB2F349673D680C52565E86E070A2D76F911A75872,graphics/source/sprites/WPLD2A5.bam
supplemental:sprites:object-animation-bam:WPLD2A5E,sprites,object-animation-bam,WPLD2A5E,BAMC,V1,18,8,data/OBJAnim.bif,0x0020003A,3338,53FBD04F4E75A38865B4F6017160E51AE4350FEA035547B70FBB5F64831B2EFF,graphics/source/sprites/WPLD2A5E.bam
supplemental:sprites:object-animation-bam:WPLD2G1,sprites,object-animation-bam,WPLD2G1,BAMC,V1,180,72,data/OBJAnim.bif,0x0020003B,23964,A4327AED323E3AEE696EE57D37A4741DEBB7311A93ECE66D11CEE608A5A180E9,graphics/source/sprites/WPLD2G1.bam
supplemental:sprites:object-animation-bam:WPLD2G1E,sprites,object-animation-bam,WPLD2G1E,BAMC,V1,108,72,data/OBJAnim.bif,0x0020003C,10330,64BFB02F8CC63749DC74C0E9EB62EE08757117DE6158AD683D9AC60466F9C5C8,graphics/source/sprites/WPLD2G1E.bam
supplemental:sprites:paperdoll-animation-bam:WPLD2INV,sprites,paperdoll-animation-bam,WPLD2INV,BAM,V1,2,1,data/PaperDol.bif,0x0620014D,2751,1B3797A3F0E8EE2FA9D70E04D24E57BA92A3E691D07A2DA7BE36B3FCD1285926,graphics/source/sprites/WPLD2INV.bam
supplemental:sprites:object-animation-bam:WPLD2W2,sprites,object-animation-bam,WPLD2W2,BAMC,V1,40,8,data/OBJAnim.bif,0x0020003D,8155,80D1D92532A3DD8D6EB5DFDB41DA2B82E6755EF32DFD5A703A39D1C23179D955,graphics/source/sprites/WPLD2W2.bam
supplemental:sprites:object-animation-bam:WPLD2W2E,sprites,object-animation-bam,WPLD2W2E,BAMC,V1,40,8,data/OBJAnim.bif,0x0020003E,5060,7C4145B808D815CCD06C8FC10025A1151BDDDBAA2A9903FDF97CC0AF57ACEB66,graphics/source/sprites/WPLD2W2E.bam
supplemental:sprites:object-animation-bam:WPLD3A1,sprites,object-animation-bam,WPLD3A1,BAMC,V1,50,16,data/OBJAnim.bif,0x0020003F,11462,2562BA0F7AC69288B4EFCD3F67E80CE18CF7B8CB04F3E9C0579B6C3E82594FA0,graphics/source/sprites/WPLD3A1.bam
supplemental:sprites:object-animation-bam:WPLD3A1E,sprites,object-animation-bam,WPLD3A1E,BAMC,V1,30,16,data/OBJAnim.bif,0x00200040,5137,8B765A639C188DDE45D215A43EDC83DAC54B164B44667D95042383E2AFBDDAB2,graphics/source/sprites/WPLD3A1E.bam
supplemental:sprites:object-animation-bam:WPLD3A3,sprites,object-animation-bam,WPLD3A3,BAMC,V1,50,8,data/OBJAnim.bif,0x00200041,12275,DC91FBD521BC54310FD022B2A4B3B4914B1DAD756632CAA72F8413BB062AC5A3,graphics/source/sprites/WPLD3A3.bam
supplemental:sprites:object-animation-bam:WPLD3A3E,sprites,object-animation-bam,WPLD3A3E,BAMC,V1,30,8,data/OBJAnim.bif,0x00200042,4868,00FF8B229F7D4F54E367A3AC1165E07AD235AFDC0BF97E8FFC2FCF8AFF5EA896,graphics/source/sprites/WPLD3A3E.bam
supplemental:sprites:object-animation-bam:WPLD3A5,sprites,object-animation-bam,WPLD3A5,BAMC,V1,30,8,data/OBJAnim.bif,0x00200043,6618,A5B9EC8B0D6BE955760857F246D429207DF03482A42C9A65070BD5A5F59835A3,graphics/source/sprites/WPLD3A5.bam
supplemental:sprites:object-animation-bam:WPLD3A5E,sprites,object-animation-bam,WPLD3A5E,BAMC,V1,18,8,data/OBJAnim.bif,0x00200044,3841,7928510D94EA8AAB046D730F129554070E4618A35F2A1ED1BA29015C3176BA9D,graphics/source/sprites/WPLD3A5E.bam
supplemental:sprites:object-animation-bam:WPLD3G1,sprites,object-animation-bam,WPLD3G1,BAMC,V1,180,72,data/OBJAnim.bif,0x00200045,26694,DE273304E16CB5A3AE91C45D0078ECE28434D30D3C83C75C388EF5AF0C754269,graphics/source/sprites/WPLD3G1.bam
supplemental:sprites:object-animation-bam:WPLD3G1E,sprites,object-animation-bam,WPLD3G1E,BAMC,V1,108,72,data/OBJAnim.bif,0x00200046,12842,879203608B9020F9A1DE2A5642B809E9E765DC4B5F9539232EE9AF70CAD81506,graphics/source/sprites/WPLD3G1E.bam
supplemental:sprites:paperdoll-animation-bam:WPLD3INV,sprites,paperdoll-animation-bam,WPLD3INV,BAM,V1,2,1,data/PaperDol.bif,0x0620014F,3356,06CA38B42CA4224939B66F7C0DA376535F4ECE2010F06A4C23F63E6841BCF45E,graphics/source/sprites/WPLD3INV.bam
supplemental:sprites:object-animation-bam:WPLD3W2,sprites,object-animation-bam,WPLD3W2,BAMC,V1,40,8,data/OBJAnim.bif,0x00200047,9694,0FEE2E060237E9FC73BEC587835A919CAE8BF32B3A981C0F17D72EC44B41CE3D,graphics/source/sprites/WPLD3W2.bam
supplemental:sprites:object-animation-bam:WPLD3W2E,sprites,object-animation-bam,WPLD3W2E,BAMC,V1,40,8,data/OBJAnim.bif,0x00200048,5827,74DC685BA0450ACF77E1E309205421C6AB3E5E3678CCDBA80A3595FAA8F2A60E,graphics/source/sprites/WPLD3W2E.bam
supplemental:sprites:object-animation-bam:WPLD4A1,sprites,object-animation-bam,WPLD4A1,BAMC,V1,50,16,data/OBJAnim.bif,0x00200049,11264,85C472B5FEBED2AE50041DF044C7162B1A6D06F1E5FD3308283DC15E9DD9DA3E,graphics/source/sprites/WPLD4A1.bam
supplemental:sprites:object-animation-bam:WPLD4A1E,sprites,object-animation-bam,WPLD4A1E,BAMC,V1,30,16,data/OBJAnim.bif,0x0020004A,5171,ADCE0B4AFD5C3039DF49A9541A1EB310E18656174BB278D69B7A7F4EC48E3228,graphics/source/sprites/WPLD4A1E.bam
supplemental:sprites:object-animation-bam:WPLD4A3,sprites,object-animation-bam,WPLD4A3,BAMC,V1,50,8,data/OBJAnim.bif,0x0020004B,14249,6D8926D72F9252DA4057A8F931375E3570A0C5B811F3BCCEC45B29150B3B72D5,graphics/source/sprites/WPLD4A3.bam
supplemental:sprites:object-animation-bam:WPLD4A3E,sprites,object-animation-bam,WPLD4A3E,BAMC,V1,30,8,data/OBJAnim.bif,0x0020004C,3856,9527B50CD69C15E1FA1BD1E8E12117AAB074EA4237A112133EE394B632C8FB5A,graphics/source/sprites/WPLD4A3E.bam
supplemental:sprites:object-animation-bam:WPLD4A5,sprites,object-animation-bam,WPLD4A5,BAMC,V1,30,8,data/OBJAnim.bif,0x0020004D,6968,94EABCA1BD59608C5F105F02C7C7FB4AF511F0E5736CBE4F1F5B2DCE3B8D5D0A,graphics/source/sprites/WPLD4A5.bam
supplemental:sprites:object-animation-bam:WPLD4A5E,sprites,object-animation-bam,WPLD4A5E,BAMC,V1,18,8,data/OBJAnim.bif,0x0020004E,3376,9EBAAC4C2D07A229EA91FDFFA51C3E56393037EC467E0B061867D1E96062CEAD,graphics/source/sprites/WPLD4A5E.bam
supplemental:sprites:object-animation-bam:WPLD4G1,sprites,object-animation-bam,WPLD4G1,BAMC,V1,180,72,data/OBJAnim.bif,0x0020004F,32577,BE36D6B5320CB8B8F1950FD120AE9F9E54F919CBC2B980715A47414A3D10555E,graphics/source/sprites/WPLD4G1.bam
supplemental:sprites:object-animation-bam:WPLD4G1E,sprites,object-animation-bam,WPLD4G1E,BAMC,V1,108,72,data/OBJAnim.bif,0x00200050,14803,D17E05223897248867B6ACE2B4E721377204468248FC70731BD99C42B4EA636D,graphics/source/sprites/WPLD4G1E.bam
supplemental:sprites:paperdoll-animation-bam:WPLD4INV,sprites,paperdoll-animation-bam,WPLD4INV,BAM,V1,2,1,data/PaperDol.bif,0x06200151,4130,B23420A7DFC8CAB8C3E50FFF10FB91B306121381EAC9050E20CA54A0EEA2A4FB,graphics/source/sprites/WPLD4INV.bam
supplemental:sprites:object-animation-bam:WPLD4W2,sprites,object-animation-bam,WPLD4W2,BAMC,V1,50,8,data/OBJAnim.bif,0x00200051,11798,FE6E4FDA634FAC1506831EF6D3EF9BB81EB7D6EC77DCB32D715C7E9473927947,graphics/source/sprites/WPLD4W2.bam
supplemental:sprites:object-animation-bam:WPLD4W2E,sprites,object-animation-bam,WPLD4W2E,BAMC,V1,30,8,data/OBJAnim.bif,0x00200052,4169,611D273FB9E2EBEADE474541EA12FD5AB8FBEF1D0925301EAFEC5DB5748976C7,graphics/source/sprites/WPLD4W2E.bam
supplemental:sprites:object-animation-bam:WPLDDA1,sprites,object-animation-bam,WPLDDA1,BAMC,V1,50,16,data/OBJAnim.bif,0x00200053,2345,3543118CFD185C561C0BD42ACE4F586C8CBF0D86A43F288F8D15858FC7AB7485,graphics/source/sprites/WPLDDA1.bam
supplemental:sprites:object-animation-bam:WPLDDA1E,sprites,object-animation-bam,WPLDDA1E,BAMC,V1,30,16,data/OBJAnim.bif,0x00200054,1761,65E706E811F39E35ABD1433C7AFC63CBC3412976E8365F6AA08B00D435A3AC4A,graphics/source/sprites/WPLDDA1E.bam
supplemental:sprites:object-animation-bam:WPLDDA3,sprites,object-animation-bam,WPLDDA3,BAMC,V1,50,8,data/OBJAnim.bif,0x00200055,2126,FCE0D93F26C846F8DA1E15E67FFF219B93AEB82271741EDC5BF20E14D3D409ED,graphics/source/sprites/WPLDDA3.bam
supplemental:sprites:object-animation-bam:WPLDDA3E,sprites,object-animation-bam,WPLDDA3E,BAMC,V1,30,8,data/OBJAnim.bif,0x00200056,1817,C1A75711902E88CC19521195B6FED03D1EC9206B017D873542D28CC64ED1B779,graphics/source/sprites/WPLDDA3E.bam
supplemental:sprites:object-animation-bam:WPLDDA5,sprites,object-animation-bam,WPLDDA5,BAMC,V1,30,8,data/OBJAnim.bif,0x00200057,1595,1BFA6A14118C6F5B2A582E556E8F5C92B94D7E02163E2358AB6CED3705051F12,graphics/source/sprites/WPLDDA5.bam
supplemental:sprites:object-animation-bam:WPLDDA5E,sprites,object-animation-bam,WPLDDA5E,BAMC,V1,18,8,data/OBJAnim.bif,0x00200058,1291,0A54FA9D792E2A1085A7368FD234D88760D1CDF905FD7A01A0E49D4B2CCFC853,graphics/source/sprites/WPLDDA5E.bam
supplemental:sprites:object-animation-bam:WPLDDG1,sprites,object-animation-bam,WPLDDG1,BAMC,V1,180,72,data/OBJAnim.bif,0x00200059,4683,D6B088941E640077AFE9F623C7DCDA7C737A1EE969E0727F3FA60D361A9FCEB8,graphics/source/sprites/WPLDDG1.bam
supplemental:sprites:object-animation-bam:WPLDDG1E,sprites,object-animation-bam,WPLDDG1E,BAMC,V1,108,72,data/OBJAnim.bif,0x0020005A,3594,7B7ED1DB4A8695F79D0D93985E55C19BB9D54798D79166961325DB100C3FE0FD,graphics/source/sprites/WPLDDG1E.bam
supplemental:sprites:paperdoll-animation-bam:WPLDDINV,sprites,paperdoll-animation-bam,WPLDDINV,BAM,V1,2,1,data/PaperDol.bif,0x06200153,1286,7598C7BA769AFE46F03CD313DD5BA8BE0AF9F819BEA74CB057AD923826655841,graphics/source/sprites/WPLDDINV.bam
supplemental:sprites:paperdoll-animation-bam:WPLDDOIN,sprites,paperdoll-animation-bam,WPLDDOIN,BAM,V1,2,1,data/PaperDol.bif,0x06200154,1244,925EA90C163C5DA562CA5316F8410B3AD154343FFCE48287FF5FEA9B0E7BFA02,graphics/source/sprites/WPLDDOIN.bam
supplemental:sprites:object-animation-bam:WPLDDW2,sprites,object-animation-bam,WPLDDW2,BAMC,V1,50,8,data/OBJAnim.bif,0x0020005B,1872,9E743115526B539B405354C5035D46307806691C098D118E29C22E1AF267DABE,graphics/source/sprites/WPLDDW2.bam
supplemental:sprites:object-animation-bam:WPLDDW2E,sprites,object-animation-bam,WPLDDW2E,BAMC,V1,30,8,data/OBJAnim.bif,0x0020005C,1804,8DE9E3019EC1D560C4F247D1B8AD407D50439CF5F0F335DDA75D9C69FB913EC0,graphics/source/sprites/WPLDDW2E.bam
supplemental:sprites:paperdoll-animation-bam:WPLF0A1,sprites,paperdoll-animation-bam,WPLF0A1,BAMC,V1,50,15,data/PaperDol.bif,0x06200155,4904,587EC460ABE8D0D19C991783F74A4ABFF06DFE9DAADED642AEB46F9C38C5D7DE,graphics/source/sprites/WPLF0A1.bam
supplemental:sprites:paperdoll-animation-bam:WPLF0A1E,sprites,paperdoll-animation-bam,WPLF0A1E,BAMC,V1,30,15,data/PaperDol.bif,0x06200156,3347,C3DD54B8B3B17416A92493C7CAF2CF89B687B8576723727AE29F8FD750210F00,graphics/source/sprites/WPLF0A1E.bam
supplemental:sprites:paperdoll-animation-bam:WPLF0A3,sprites,paperdoll-animation-bam,WPLF0A3,BAMC,V1,50,8,data/PaperDol.bif,0x06200157,4590,A56EC33339DF760774AFE8C7199729FD3148868A8DE673DAAAE02B3F1127FBB7,graphics/source/sprites/WPLF0A3.bam
supplemental:sprites:paperdoll-animation-bam:WPLF0A3E,sprites,paperdoll-animation-bam,WPLF0A3E,BAMC,V1,30,8,data/PaperDol.bif,0x06200158,3385,19D3EFFBDD6CE9890D8BB53F497357B9D19115B2BE22FBF7CA6D18840C1AD6A5,graphics/source/sprites/WPLF0A3E.bam
supplemental:sprites:paperdoll-animation-bam:WPLF0G1,sprites,paperdoll-animation-bam,WPLF0G1,BAMC,V1,180,72,data/PaperDol.bif,0x06200159,10503,28F4D742A3BE88850C5F9C3DD9C4DDC6DBF2E64550D6705A382B1345B3E4BF8B,graphics/source/sprites/WPLF0G1.bam
supplemental:sprites:paperdoll-animation-bam:WPLF0G1E,sprites,paperdoll-animation-bam,WPLF0G1E,BAMC,V1,108,72,data/PaperDol.bif,0x0620015A,7196,46B89CF6E9F71D0437B49FC5D62A6CEB8AE164FD110A860F0540B64EA57B31DD,graphics/source/sprites/WPLF0G1E.bam
supplemental:sprites:paperdoll-animation-bam:WPLF0INV,sprites,paperdoll-animation-bam,WPLF0INV,BAM,V1,2,1,data/PaperDol.bif,0x0620015B,1777,7B6E5961625D3EF093A0FA9CFFC1B10B3172555C0562CE751BB74BF0EC0DB08A,graphics/source/sprites/WPLF0INV.bam
supplemental:sprites:paperdoll-animation-bam:WPLF0OIN,sprites,paperdoll-animation-bam,WPLF0OIN,BAM,V1,2,1,data/PaperDol.bif,0x0620015C,1706,B075E001D9041E36BE783D8EB599AE7C1BE72C8A4C56EB3BD9FDD0D800541C53,graphics/source/sprites/WPLF0OIN.bam
supplemental:sprites:paperdoll-animation-bam:WPLF0W2,sprites,paperdoll-animation-bam,WPLF0W2,BAMC,V1,50,8,data/PaperDol.bif,0x0620015D,4169,4861F0C48056AE4658E453F860A2D9A690A369087E06514B60AF6B0E7B043A4C,graphics/source/sprites/WPLF0W2.bam
supplemental:sprites:paperdoll-animation-bam:WPLF0W2E,sprites,paperdoll-animation-bam,WPLF0W2E,BAMC,V1,30,8,data/PaperDol.bif,0x0620015E,3134,5D4197E68710BE024A8969355C83884F7537502D4BDB371D5FB50B6135368677,graphics/source/sprites/WPLF0W2E.bam
supplemental:sprites:paperdoll-animation-bam:WPLF1A1,sprites,paperdoll-animation-bam,WPLF1A1,BAMC,V1,50,15,data/PaperDol.bif,0x0620015F,4904,587EC460ABE8D0D19C991783F74A4ABFF06DFE9DAADED642AEB46F9C38C5D7DE,graphics/source/sprites/WPLF1A1.bam
supplemental:sprites:paperdoll-animation-bam:WPLF1A1E,sprites,paperdoll-animation-bam,WPLF1A1E,BAMC,V1,30,15,data/PaperDol.bif,0x06200160,3347,C3DD54B8B3B17416A92493C7CAF2CF89B687B8576723727AE29F8FD750210F00,graphics/source/sprites/WPLF1A1E.bam
supplemental:sprites:paperdoll-animation-bam:WPLF1A3,sprites,paperdoll-animation-bam,WPLF1A3,BAMC,V1,50,8,data/PaperDol.bif,0x06200161,4590,A56EC33339DF760774AFE8C7199729FD3148868A8DE673DAAAE02B3F1127FBB7,graphics/source/sprites/WPLF1A3.bam
supplemental:sprites:paperdoll-animation-bam:WPLF1A3E,sprites,paperdoll-animation-bam,WPLF1A3E,BAMC,V1,30,8,data/PaperDol.bif,0x06200162,3385,19D3EFFBDD6CE9890D8BB53F497357B9D19115B2BE22FBF7CA6D18840C1AD6A5,graphics/source/sprites/WPLF1A3E.bam
supplemental:sprites:paperdoll-animation-bam:WPLF1G1,sprites,paperdoll-animation-bam,WPLF1G1,BAMC,V1,180,72,data/PaperDol.bif,0x06200163,10503,28F4D742A3BE88850C5F9C3DD9C4DDC6DBF2E64550D6705A382B1345B3E4BF8B,graphics/source/sprites/WPLF1G1.bam
supplemental:sprites:paperdoll-animation-bam:WPLF1G1E,sprites,paperdoll-animation-bam,WPLF1G1E,BAMC,V1,108,72,data/PaperDol.bif,0x06200164,7196,46B89CF6E9F71D0437B49FC5D62A6CEB8AE164FD110A860F0540B64EA57B31DD,graphics/source/sprites/WPLF1G1E.bam
supplemental:sprites:paperdoll-animation-bam:WPLF1INV,sprites,paperdoll-animation-bam,WPLF1INV,BAM,V1,2,1,data/PaperDol.bif,0x06200165,2041,802BEB757BFE70B91863C672B026112A191020E68C117861821A742065846DA7,graphics/source/sprites/WPLF1INV.bam
supplemental:sprites:paperdoll-animation-bam:WPLF1OIN,sprites,paperdoll-animation-bam,WPLF1OIN,BAM,V1,2,1,data/PaperDol.bif,0x06200166,1974,77EDE23DB9C919C43E7123BD1AC5FDF465EB2296B14A2722F21C012D72683AA9,graphics/source/sprites/WPLF1OIN.bam
supplemental:sprites:paperdoll-animation-bam:WPLF1W2,sprites,paperdoll-animation-bam,WPLF1W2,BAMC,V1,50,8,data/PaperDol.bif,0x06200167,4169,4861F0C48056AE4658E453F860A2D9A690A369087E06514B60AF6B0E7B043A4C,graphics/source/sprites/WPLF1W2.bam
supplemental:sprites:paperdoll-animation-bam:WPLF1W2E,sprites,paperdoll-animation-bam,WPLF1W2E,BAMC,V1,30,8,data/PaperDol.bif,0x06200168,3134,5D4197E68710BE024A8969355C83884F7537502D4BDB371D5FB50B6135368677,graphics/source/sprites/WPLF1W2E.bam
supplemental:sprites:paperdoll-animation-bam:WPLF2A1,sprites,paperdoll-animation-bam,WPLF2A1,BAM,V1,60,16,data/PaperDol.bif,0x06200169,13527,FFDF25B2D62E154507F946B783C6B66D044F0F1386DD9EEB3269C410DABF8633,graphics/source/sprites/WPLF2A1.bam
supplemental:sprites:paperdoll-animation-bam:WPLF2A1E,sprites,paperdoll-animation-bam,WPLF2A1E,BAM,V1,36,16,data/PaperDol.bif,0x0620016A,8901,1F1EA6B9CE6BCB58E8AFD7645BB63611E7F535583889DE458FD1357D9AE46E99,graphics/source/sprites/WPLF2A1E.bam
supplemental:sprites:paperdoll-animation-bam:WPLF2A3,sprites,paperdoll-animation-bam,WPLF2A3,BAM,V1,55,8,data/PaperDol.bif,0x0620016B,11672,29FF7A9E42FB82E823BD2ACE6C8A182746EF7F292F97967962A4F40639BD013F,graphics/source/sprites/WPLF2A3.bam
supplemental:sprites:paperdoll-animation-bam:WPLF2A3E,sprites,paperdoll-animation-bam,WPLF2A3E,BAM,V1,33,8,data/PaperDol.bif,0x0620016C,10150,E0D5A94E79DA3D9BEE451AA2794274B315F739A59461ED29DC8272D76CCABFA6,graphics/source/sprites/WPLF2A3E.bam
supplemental:sprites:paperdoll-animation-bam:WPLF2A5,sprites,paperdoll-animation-bam,WPLF2A5,BAM,V1,45,8,data/PaperDol.bif,0x0620016D,10597,4E0175BC7D5EF83EA408361F450467F31AB11C50FD9772AE70C423CB219066BA,graphics/source/sprites/WPLF2A5.bam
supplemental:sprites:paperdoll-animation-bam:WPLF2A5E,sprites,paperdoll-animation-bam,WPLF2A5E,BAM,V1,27,8,data/PaperDol.bif,0x0620016E,6423,B3640A8ADCC47F7F1342BABA73A4E45B1150D946397F43C22CCDFEB2984DAD93,graphics/source/sprites/WPLF2A5E.bam
supplemental:sprites:paperdoll-animation-bam:WPLF2G1,sprites,paperdoll-animation-bam,WPLF2G1,BAM,V1,175,72,data/PaperDol.bif,0x0620016F,36705,F6B2F78C7482DDEA0037D038BE4D667ADC2F5D15FFFF2103EAEF5F6F87B22089,graphics/source/sprites/WPLF2G1.bam
supplemental:sprites:paperdoll-animation-bam:WPLF2G1E,sprites,paperdoll-animation-bam,WPLF2G1E,BAM,V1,105,72,data/PaperDol.bif,0x06200170,25931,0738A7441C6B92D578120F6147C262AE797AC913F42214EE043BAC70D64CA4FB,graphics/source/sprites/WPLF2G1E.bam
supplemental:sprites:paperdoll-animation-bam:WPLF2INV,sprites,paperdoll-animation-bam,WPLF2INV,BAM,V1,2,1,data/PaperDol.bif,0x06200171,1871,62A08E1958C3973F02E8FB8BFAC014AE6C0C7AF9E187A8B95736DE55E60E2E7A,graphics/source/sprites/WPLF2INV.bam
supplemental:sprites:paperdoll-animation-bam:WPLF2OIN,sprites,paperdoll-animation-bam,WPLF2OIN,BAM,V1,2,1,data/PaperDol.bif,0x06200172,2518,5632DDE4AE3393FBC7685F116186B7930B1F156786E027D2AB0A2084F4A7B66B,graphics/source/sprites/WPLF2OIN.bam
supplemental:sprites:paperdoll-animation-bam:WPLF2W2,sprites,paperdoll-animation-bam,WPLF2W2,BAM,V1,50,8,data/PaperDol.bif,0x06200173,9045,046CF44102344F5FC77F9497F5206DE6C51546C4A9C8993A190AC4B38812DC2C,graphics/source/sprites/WPLF2W2.bam
supplemental:sprites:paperdoll-animation-bam:WPLF2W2E,sprites,paperdoll-animation-bam,WPLF2W2E,BAM,V1,30,8,data/PaperDol.bif,0x06200174,9211,93DE036F31AA480CA2A581A4A636F1B5D49C45EA95931E6352DD84C8DEB8DADC,graphics/source/sprites/WPLF2W2E.bam
supplemental:sprites:paperdoll-animation-bam:WPLF3A1,sprites,paperdoll-animation-bam,WPLF3A1,BAMC,V1,50,15,data/PaperDol.bif,0x06200175,4904,587EC460ABE8D0D19C991783F74A4ABFF06DFE9DAADED642AEB46F9C38C5D7DE,graphics/source/sprites/WPLF3A1.bam
supplemental:sprites:paperdoll-animation-bam:WPLF3A1E,sprites,paperdoll-animation-bam,WPLF3A1E,BAMC,V1,30,15,data/PaperDol.bif,0x06200176,3347,C3DD54B8B3B17416A92493C7CAF2CF89B687B8576723727AE29F8FD750210F00,graphics/source/sprites/WPLF3A1E.bam
supplemental:sprites:paperdoll-animation-bam:WPLF3A3,sprites,paperdoll-animation-bam,WPLF3A3,BAMC,V1,50,8,data/PaperDol.bif,0x06200177,4590,A56EC33339DF760774AFE8C7199729FD3148868A8DE673DAAAE02B3F1127FBB7,graphics/source/sprites/WPLF3A3.bam
supplemental:sprites:paperdoll-animation-bam:WPLF3A3E,sprites,paperdoll-animation-bam,WPLF3A3E,BAMC,V1,30,8,data/PaperDol.bif,0x06200178,3385,19D3EFFBDD6CE9890D8BB53F497357B9D19115B2BE22FBF7CA6D18840C1AD6A5,graphics/source/sprites/WPLF3A3E.bam
supplemental:sprites:paperdoll-animation-bam:WPLF3G1,sprites,paperdoll-animation-bam,WPLF3G1,BAMC,V1,180,72,data/PaperDol.bif,0x06200179,10503,28F4D742A3BE88850C5F9C3DD9C4DDC6DBF2E64550D6705A382B1345B3E4BF8B,graphics/source/sprites/WPLF3G1.bam
supplemental:sprites:paperdoll-animation-bam:WPLF3G1E,sprites,paperdoll-animation-bam,WPLF3G1E,BAMC,V1,108,72,data/PaperDol.bif,0x0620017A,7196,46B89CF6E9F71D0437B49FC5D62A6CEB8AE164FD110A860F0540B64EA57B31DD,graphics/source/sprites/WPLF3G1E.bam
supplemental:sprites:paperdoll-animation-bam:WPLF3INV,sprites,paperdoll-animation-bam,WPLF3INV,BAM,V1,2,1,data/PaperDol.bif,0x0620017B,2065,BBCFB2D0A2FD9807FCC782D8FEFC34366D9CC25A8ABFAA95C9997A91C70F47A4,graphics/source/sprites/WPLF3INV.bam
supplemental:sprites:paperdoll-animation-bam:WPLF3OIN,sprites,paperdoll-animation-bam,WPLF3OIN,BAM,V1,2,1,data/PaperDol.bif,0x0620017C,2005,3B35950475E18A1D2D472D2EE27F074FCB6531DEA5784E17B5D82752FB862F18,graphics/source/sprites/WPLF3OIN.bam
supplemental:sprites:paperdoll-animation-bam:WPLF3W2,sprites,paperdoll-animation-bam,WPLF3W2,BAMC,V1,50,8,data/PaperDol.bif,0x0620017D,4169,4861F0C48056AE4658E453F860A2D9A690A369087E06514B60AF6B0E7B043A4C,graphics/source/sprites/WPLF3W2.bam
supplemental:sprites:paperdoll-animation-bam:WPLF3W2E,sprites,paperdoll-animation-bam,WPLF3W2E,BAMC,V1,30,8,data/PaperDol.bif,0x0620017E,3134,5D4197E68710BE024A8969355C83884F7537502D4BDB371D5FB50B6135368677,graphics/source/sprites/WPLF3W2E.bam
supplemental:sprites:object-animation-bam:WPLFLA1,sprites,object-animation-bam,WPLFLA1,BAMC,V1,50,15,data/OBJAnim.bif,0x0020005D,4904,587EC460ABE8D0D19C991783F74A4ABFF06DFE9DAADED642AEB46F9C38C5D7DE,graphics/source/sprites/WPLFLA1.bam
supplemental:sprites:object-animation-bam:WPLFLA1E,sprites,object-animation-bam,WPLFLA1E,BAMC,V1,30,15,data/OBJAnim.bif,0x0020005E,3347,C3DD54B8B3B17416A92493C7CAF2CF89B687B8576723727AE29F8FD750210F00,graphics/source/sprites/WPLFLA1E.bam
supplemental:sprites:object-animation-bam:WPLFLA3,sprites,object-animation-bam,WPLFLA3,BAMC,V1,50,8,data/OBJAnim.bif,0x0020005F,4590,A56EC33339DF760774AFE8C7199729FD3148868A8DE673DAAAE02B3F1127FBB7,graphics/source/sprites/WPLFLA3.bam
supplemental:sprites:object-animation-bam:WPLFLA3E,sprites,object-animation-bam,WPLFLA3E,BAMC,V1,30,8,data/OBJAnim.bif,0x00200060,3385,19D3EFFBDD6CE9890D8BB53F497357B9D19115B2BE22FBF7CA6D18840C1AD6A5,graphics/source/sprites/WPLFLA3E.bam
supplemental:sprites:object-animation-bam:WPLFLG1,sprites,object-animation-bam,WPLFLG1,BAMC,V1,180,72,data/OBJAnim.bif,0x00200061,10503,28F4D742A3BE88850C5F9C3DD9C4DDC6DBF2E64550D6705A382B1345B3E4BF8B,graphics/source/sprites/WPLFLG1.bam
supplemental:sprites:object-animation-bam:WPLFLG1E,sprites,object-animation-bam,WPLFLG1E,BAMC,V1,108,72,data/OBJAnim.bif,0x00200062,7196,46B89CF6E9F71D0437B49FC5D62A6CEB8AE164FD110A860F0540B64EA57B31DD,graphics/source/sprites/WPLFLG1E.bam
supplemental:sprites:paperdoll-animation-bam:WPLFLINV,sprites,paperdoll-animation-bam,WPLFLINV,BAM,V1,2,1,data/PaperDol.bif,0x0620017F,1796,84F29B41AD99054AD1B0BF3C2F99F2C6250BA65E83202A4F4D91D2162BAD953C,graphics/source/sprites/WPLFLINV.bam
supplemental:sprites:paperdoll-animation-bam:WPLFLOIN,sprites,paperdoll-animation-bam,WPLFLOIN,BAM,V1,2,1,data/PaperDol.bif,0x06200180,1724,F3420A0C759AA858CA2C57E8779CFAFB61379D265B85CF69655AB239CA4AA88F,graphics/source/sprites/WPLFLOIN.bam
supplemental:sprites:object-animation-bam:WPLFLW2,sprites,object-animation-bam,WPLFLW2,BAMC,V1,50,8,data/OBJAnim.bif,0x00200063,4169,4861F0C48056AE4658E453F860A2D9A690A369087E06514B60AF6B0E7B043A4C,graphics/source/sprites/WPLFLW2.bam
supplemental:sprites:object-animation-bam:WPLFLW2E,sprites,object-animation-bam,WPLFLW2E,BAMC,V1,30,8,data/OBJAnim.bif,0x00200064,3134,5D4197E68710BE024A8969355C83884F7537502D4BDB371D5FB50B6135368677,graphics/source/sprites/WPLFLW2E.bam
supplemental:sprites:paperdoll-animation-bam:WPLFSA1,sprites,paperdoll-animation-bam,WPLFSA1,BAM,V1,60,16,data/PaperDol.bif,0x06200181,13527,FFDF25B2D62E154507F946B783C6B66D044F0F1386DD9EEB3269C410DABF8633,graphics/source/sprites/WPLFSA1.bam
supplemental:sprites:paperdoll-animation-bam:WPLFSA1E,sprites,paperdoll-animation-bam,WPLFSA1E,BAM,V1,36,16,data/PaperDol.bif,0x06200182,8901,1F1EA6B9CE6BCB58E8AFD7645BB63611E7F535583889DE458FD1357D9AE46E99,graphics/source/sprites/WPLFSA1E.bam
supplemental:sprites:paperdoll-animation-bam:WPLFSA3,sprites,paperdoll-animation-bam,WPLFSA3,BAM,V1,55,8,data/PaperDol.bif,0x06200183,11672,29FF7A9E42FB82E823BD2ACE6C8A182746EF7F292F97967962A4F40639BD013F,graphics/source/sprites/WPLFSA3.bam
supplemental:sprites:paperdoll-animation-bam:WPLFSA3E,sprites,paperdoll-animation-bam,WPLFSA3E,BAM,V1,33,8,data/PaperDol.bif,0x06200184,10150,E0D5A94E79DA3D9BEE451AA2794274B315F739A59461ED29DC8272D76CCABFA6,graphics/source/sprites/WPLFSA3E.bam
supplemental:sprites:paperdoll-animation-bam:WPLFSA5,sprites,paperdoll-animation-bam,WPLFSA5,BAM,V1,45,8,data/PaperDol.bif,0x06200185,10597,4E0175BC7D5EF83EA408361F450467F31AB11C50FD9772AE70C423CB219066BA,graphics/source/sprites/WPLFSA5.bam
supplemental:sprites:paperdoll-animation-bam:WPLFSA5E,sprites,paperdoll-animation-bam,WPLFSA5E,BAM,V1,27,8,data/PaperDol.bif,0x06200186,6423,B3640A8ADCC47F7F1342BABA73A4E45B1150D946397F43C22CCDFEB2984DAD93,graphics/source/sprites/WPLFSA5E.bam
supplemental:sprites:paperdoll-animation-bam:WPLFSG1,sprites,paperdoll-animation-bam,WPLFSG1,BAM,V1,175,72,data/PaperDol.bif,0x06200187,36705,F6B2F78C7482DDEA0037D038BE4D667ADC2F5D15FFFF2103EAEF5F6F87B22089,graphics/source/sprites/WPLFSG1.bam
supplemental:sprites:paperdoll-animation-bam:WPLFSG1E,sprites,paperdoll-animation-bam,WPLFSG1E,BAM,V1,105,72,data/PaperDol.bif,0x06200188,25931,0738A7441C6B92D578120F6147C262AE797AC913F42214EE043BAC70D64CA4FB,graphics/source/sprites/WPLFSG1E.bam
supplemental:sprites:paperdoll-animation-bam:WPLFSINV,sprites,paperdoll-animation-bam,WPLFSINV,BAM,V1,2,1,data/PaperDol.bif,0x06200189,2372,BE42600F5FF703BBF0CFE6CAA06B42FB14871324766A8AD6CA34BFD8B6090FFC,graphics/source/sprites/WPLFSINV.bam
supplemental:sprites:paperdoll-animation-bam:WPLFSOIN,sprites,paperdoll-animation-bam,WPLFSOIN,BAM,V1,2,1,data/PaperDol.bif,0x0620018A,2243,9BC52C9623CDC9967404A368EE01D58B1064331FA701FF9BF3C8D1922DE3B455,graphics/source/sprites/WPLFSOIN.bam
supplemental:sprites:paperdoll-animation-bam:WPLFSW2,sprites,paperdoll-animation-bam,WPLFSW2,BAM,V1,50,8,data/PaperDol.bif,0x0620018B,9045,046CF44102344F5FC77F9497F5206DE6C51546C4A9C8993A190AC4B38812DC2C,graphics/source/sprites/WPLFSW2.bam
supplemental:sprites:paperdoll-animation-bam:WPLFSW2E,sprites,paperdoll-animation-bam,WPLFSW2E,BAM,V1,30,8,data/PaperDol.bif,0x0620018C,9211,93DE036F31AA480CA2A581A4A636F1B5D49C45EA95931E6352DD84C8DEB8DADC,graphics/source/sprites/WPLFSW2E.bam
supplemental:sprites:paperdoll-animation-bam:WPLGSA2,sprites,paperdoll-animation-bam,WPLGSA2,BAMC,V1,50,8,data/PaperDol.bif,0x0620018D,7211,6008B1AA0C014F5674C88379CC071B4A730334C227ABB4EC804E4670084CDA17,graphics/source/sprites/WPLGSA2.bam
supplemental:sprites:paperdoll-animation-bam:WPLGSA2E,sprites,paperdoll-animation-bam,WPLGSA2E,BAMC,V1,30,8,data/PaperDol.bif,0x0620018E,4346,633C05FE2C887D016A5CF5BCA8E2D5A18F95EAEDB458F9849BEB282292374149,graphics/source/sprites/WPLGSA2E.bam
supplemental:sprites:paperdoll-animation-bam:WPLGSA4,sprites,paperdoll-animation-bam,WPLGSA4,BAMC,V1,50,8,data/PaperDol.bif,0x0620018F,6917,9761699F7E353BE3ED6F1D05885BB42C4005DF4BA1EB20A8468F4804DA8802B3,graphics/source/sprites/WPLGSA4.bam
supplemental:sprites:paperdoll-animation-bam:WPLGSA4E,sprites,paperdoll-animation-bam,WPLGSA4E,BAMC,V1,30,8,data/PaperDol.bif,0x06200190,4534,FE06C2B23FFC3D2C6935A24A6E3664E085DEDDA9DB45A922FCCD160B04F5F1E2,graphics/source/sprites/WPLGSA4E.bam
supplemental:sprites:paperdoll-animation-bam:WPLGSA6,sprites,paperdoll-animation-bam,WPLGSA6,BAMC,V1,40,8,data/PaperDol.bif,0x06200191,5523,D0222CD6E4DDC17A898E8DB0E060058EBBAA45F2623026EB3C30E8F6017889C0,graphics/source/sprites/WPLGSA6.bam
supplemental:sprites:paperdoll-animation-bam:WPLGSA6E,sprites,paperdoll-animation-bam,WPLGSA6E,BAMC,V1,24,8,data/PaperDol.bif,0x06200192,3480,13F4BCCF08FCF3802BF113880B69A830D86136AE499788095FF87189A0B37833,graphics/source/sprites/WPLGSA6E.bam
supplemental:sprites:paperdoll-animation-bam:WPLGSG1,sprites,paperdoll-animation-bam,WPLGSG1,BAMC,V1,180,72,data/PaperDol.bif,0x06200193,18270,4794CA282CC5D0828FBEB8CC945873E2164085DE2EB8E5F6D461D89B9775DEB7,graphics/source/sprites/WPLGSG1.bam
supplemental:sprites:paperdoll-animation-bam:WPLGSG1E,sprites,paperdoll-animation-bam,WPLGSG1E,BAMC,V1,108,72,data/PaperDol.bif,0x06200194,12505,C197622AA22301FD33E18453F86977EF02F59510DC326615DFEBA1E5F418A1B1,graphics/source/sprites/WPLGSG1E.bam
supplemental:sprites:paperdoll-animation-bam:WPLGSINV,sprites,paperdoll-animation-bam,WPLGSINV,BAM,V1,2,1,data/PaperDol.bif,0x06200195,2508,F2FFAC75E1C581DBC5FC0B1EB97C0F060C14592730E5798E3F0B667C04157DA5,graphics/source/sprites/WPLGSINV.bam
supplemental:sprites:paperdoll-animation-bam:WPLGSW2,sprites,paperdoll-animation-bam,WPLGSW2,BAMC,V1,50,8,data/PaperDol.bif,0x06200196,5859,1BA0677AB990B34392A01F638CE509D198CD8905CB769149AD22FDBF140F9D4C,graphics/source/sprites/WPLGSW2.bam
supplemental:sprites:paperdoll-animation-bam:WPLGSW2E,sprites,paperdoll-animation-bam,WPLGSW2E,BAMC,V1,30,8,data/PaperDol.bif,0x06200197,4682,F0499A50E12C36624C5D0226C150C28B76F3B7D21EA8117E65612AD9A681271D,graphics/source/sprites/WPLGSW2E.bam
supplemental:sprites:object-animation-bam:WPLH0A1,sprites,object-animation-bam,WPLH0A1,BAMC,V1,50,16,data/OBJAnim.bif,0x00200065,5547,E202813509164C9F6BEF790341DC2AE84F91528A664A1DBC99795F8FE36BACB1,graphics/source/sprites/WPLH0A1.bam
supplemental:sprites:object-animation-bam:WPLH0A1E,sprites,object-animation-bam,WPLH0A1E,BAMC,V1,30,16,data/OBJAnim.bif,0x00200066,3624,201A52138F13EDA1F3C6006C16519F61CF27C5EF95EDD3D8DE2CF6BA352B9E7E,graphics/source/sprites/WPLH0A1E.bam
supplemental:sprites:object-animation-bam:WPLH0A2,sprites,object-animation-bam,WPLH0A2,BAMC,V1,50,8,data/OBJAnim.bif,0x00200067,5404,FEB095C785A3B5A323A09739905AC84AEDBAD93CF3F8455017515BB11492FA89,graphics/source/sprites/WPLH0A2.bam
supplemental:sprites:object-animation-bam:WPLH0A2E,sprites,object-animation-bam,WPLH0A2E,BAMC,V1,30,8,data/OBJAnim.bif,0x00200068,3447,6DA81D7B0D327B42019CCF59E23D624E9B0667397EDE3B222585F7FB755D7BCB,graphics/source/sprites/WPLH0A2E.bam
supplemental:sprites:object-animation-bam:WPLH0A3,sprites,object-animation-bam,WPLH0A3,BAMC,V1,50,8,data/OBJAnim.bif,0x00200069,5243,E3BFB31E7A4DE76247F1CDFE751F3D14F033E0325A8C582DDF6478C9F45F2ADA,graphics/source/sprites/WPLH0A3.bam
supplemental:sprites:object-animation-bam:WPLH0A3E,sprites,object-animation-bam,WPLH0A3E,BAMC,V1,30,8,data/OBJAnim.bif,0x0020006A,3439,B85AF097121097A56F94F7346E7082F17A34E3E6F9760CFDB25C633C3350AE1B,graphics/source/sprites/WPLH0A3E.bam
supplemental:sprites:object-animation-bam:WPLH0A4,sprites,object-animation-bam,WPLH0A4,BAMC,V1,50,8,data/OBJAnim.bif,0x0020006B,5262,B43197B97F7E6484DA6BBD3EDD7BF110A6A7E4D9BE9DE1644103380ABB0ECB5C,graphics/source/sprites/WPLH0A4.bam
supplemental:sprites:object-animation-bam:WPLH0A4E,sprites,object-animation-bam,WPLH0A4E,BAMC,V1,30,8,data/OBJAnim.bif,0x0020006C,3436,85D362C52DF9FE1B2A5695B1B1A75A670F16D1F9B5F1D8CF699D07E65E391F3B,graphics/source/sprites/WPLH0A4E.bam
supplemental:sprites:object-animation-bam:WPLH0A5,sprites,object-animation-bam,WPLH0A5,BAMC,V1,30,8,data/OBJAnim.bif,0x0020006D,3613,E9CBB18848DEBCD341703B832E2F4B8973900A1275CD2CC14E76ACF148B6E8CE,graphics/source/sprites/WPLH0A5.bam
supplemental:sprites:object-animation-bam:WPLH0A5E,sprites,object-animation-bam,WPLH0A5E,BAMC,V1,18,8,data/OBJAnim.bif,0x0020006E,2430,64B06239E83A9EEDB6C8F76729C7448172EF00A4E7441F5D41CAECC5F1117BE5,graphics/source/sprites/WPLH0A5E.bam
supplemental:sprites:object-animation-bam:WPLH0A6,sprites,object-animation-bam,WPLH0A6,BAMC,V1,40,8,data/OBJAnim.bif,0x0020006F,4579,75E3528907A2153656BE1929897AE0243FA6447B248098B4BA08DC05A16F8582,graphics/source/sprites/WPLH0A6.bam
supplemental:sprites:object-animation-bam:WPLH0A6E,sprites,object-animation-bam,WPLH0A6E,BAMC,V1,24,8,data/OBJAnim.bif,0x00200070,2991,B417130FF49679F41DA65C9C8EE923E0B9771832D34F465399B9DCE695C693EE,graphics/source/sprites/WPLH0A6E.bam
supplemental:sprites:object-animation-bam:WPLH0CA,sprites,object-animation-bam,WPLH0CA,BAMC,V1,50,64,data/OBJAnim.bif,0x00200071,5772,71704AA030EFB29BF3B3C6F8DCC568E9F1B8019CCCAD8DFA4724B69F0ADA50E0,graphics/source/sprites/WPLH0CA.bam
supplemental:sprites:object-animation-bam:WPLH0CAE,sprites,object-animation-bam,WPLH0CAE,BAMC,V1,30,64,data/OBJAnim.bif,0x00200072,3633,669AB961D9BC6E861986F9D53A93CA04738882E83C7C3C47B39882A0A2B15E82,graphics/source/sprites/WPLH0CAE.bam
supplemental:sprites:object-animation-bam:WPLH0G1,sprites,object-animation-bam,WPLH0G1,BAMC,V1,180,72,data/OBJAnim.bif,0x00200073,15186,D15A77A91A7FC651657A8BB8889BE32EE64223ABF3CA9786FEE6653B5F3D97B1,graphics/source/sprites/WPLH0G1.bam
supplemental:sprites:object-animation-bam:WPLH0G1E,sprites,object-animation-bam,WPLH0G1E,BAMC,V1,108,72,data/OBJAnim.bif,0x00200074,9129,879A16A365E9C0D0F7B9DEF1D91B2334EDA1569FBAC8C6BAC3A1590E8CCF978A,graphics/source/sprites/WPLH0G1E.bam
supplemental:sprites:paperdoll-animation-bam:WPLH0INV,sprites,paperdoll-animation-bam,WPLH0INV,BAM,V1,2,1,data/PaperDol.bif,0x06200198,1514,ABE3C5510F60588B334BC32A0206FFA6B0D84ECD8CE7BFAF37722229420F1CD3,graphics/source/sprites/WPLH0INV.bam
supplemental:sprites:object-animation-bam:WPLH0SA,sprites,object-animation-bam,WPLH0SA,BAMC,V1,20,8,data/OBJAnim.bif,0x00200075,2727,14DFC1CD3D6792360D4084A04A0CA9395719C6DC010430D43111DA730B7BC564,graphics/source/sprites/WPLH0SA.bam
supplemental:sprites:object-animation-bam:WPLH0SAE,sprites,object-animation-bam,WPLH0SAE,BAMC,V1,12,8,data/OBJAnim.bif,0x00200076,1954,D9923607F341D300509E8D8B0145CF980983A33C0E8757C5F0A574284B951DC1,graphics/source/sprites/WPLH0SAE.bam
supplemental:sprites:object-animation-bam:WPLH0SX,sprites,object-animation-bam,WPLH0SX,BAMC,V1,15,8,data/OBJAnim.bif,0x00200077,2003,9E1C9F457BA69FE766D29563E2285900AABE00A1F3808C4258DA9450E9CA0B62,graphics/source/sprites/WPLH0SX.bam
supplemental:sprites:object-animation-bam:WPLH0SXE,sprites,object-animation-bam,WPLH0SXE,BAMC,V1,9,8,data/OBJAnim.bif,0x00200078,1536,29A75D5E3BA2C6745637674AEFF1B485ACDCDF0ED5AB10DE676799D8A9BEAE29,graphics/source/sprites/WPLH0SXE.bam
supplemental:sprites:object-animation-bam:WPLH0W2,sprites,object-animation-bam,WPLH0W2,BAMC,V1,50,8,data/OBJAnim.bif,0x00200079,5049,4967A5AF9B7E42DE97C394C3F0684F0CC0856043EAB6CFD842F5B78720D50F70,graphics/source/sprites/WPLH0W2.bam
supplemental:sprites:object-animation-bam:WPLH0W2E,sprites,object-animation-bam,WPLH0W2E,BAMC,V1,30,8,data/OBJAnim.bif,0x0020007A,3262,957D0CCB058F82316CB24C63C124F609FA7C5D074A2A26565B269C4994B3E8BF,graphics/source/sprites/WPLH0W2E.bam
supplemental:sprites:object-animation-bam:WPLH1A1,sprites,object-animation-bam,WPLH1A1,BAMC,V1,50,16,data/OBJAnim.bif,0x0020007B,5691,619FE8C78134036459DE5BF4D1360B27E93B1B7EB4B8A0759190BC0586355D37,graphics/source/sprites/WPLH1A1.bam
supplemental:sprites:object-animation-bam:WPLH1A1E,sprites,object-animation-bam,WPLH1A1E,BAMC,V1,30,16,data/OBJAnim.bif,0x0020007C,3567,382F1965C24029AFAA81A72738A7501F200871490C219F47C3B092C31D7E9E97,graphics/source/sprites/WPLH1A1E.bam
supplemental:sprites:object-animation-bam:WPLH1A2,sprites,object-animation-bam,WPLH1A2,BAMC,V1,50,8,data/OBJAnim.bif,0x0020007D,5654,346780D8B06503BD3D97EC8A1A6E249309A5818BFED301632193E5911D7D8119,graphics/source/sprites/WPLH1A2.bam
supplemental:sprites:object-animation-bam:WPLH1A2E,sprites,object-animation-bam,WPLH1A2E,BAMC,V1,30,8,data/OBJAnim.bif,0x0020007E,3385,641FAE9169C051706ADF9C40EEA78BB279C22B8D9B3B9F0466B4954EEBE3EDEE,graphics/source/sprites/WPLH1A2E.bam
supplemental:sprites:object-animation-bam:WPLH1A3,sprites,object-animation-bam,WPLH1A3,BAMC,V1,50,8,data/OBJAnim.bif,0x0020007F,5495,F5714F2593C4E3BFA2A8DB19E90F5761A9A6253969F9BE4C163DA9817B490923,graphics/source/sprites/WPLH1A3.bam
supplemental:sprites:object-animation-bam:WPLH1A3E,sprites,object-animation-bam,WPLH1A3E,BAMC,V1,30,8,data/OBJAnim.bif,0x00200080,3328,29EFD381E0155B15CF5161D45C9BD9FF975158DB1686387426AE7122ED4E95AC,graphics/source/sprites/WPLH1A3E.bam
supplemental:sprites:object-animation-bam:WPLH1A4,sprites,object-animation-bam,WPLH1A4,BAMC,V1,50,8,data/OBJAnim.bif,0x00200081,5496,60B398830E14FFC84690A6C085D85E4FC07A04122B9D75049C081E931E6C7716,graphics/source/sprites/WPLH1A4.bam
supplemental:sprites:object-animation-bam:WPLH1A4E,sprites,object-animation-bam,WPLH1A4E,BAMC,V1,30,8,data/OBJAnim.bif,0x00200082,3322,8277ADD102A4F4869F342D15D3966EEAA621FA0C0B93A8DD73927DC23958568B,graphics/source/sprites/WPLH1A4E.bam
supplemental:sprites:object-animation-bam:WPLH1A5,sprites,object-animation-bam,WPLH1A5,BAMC,V1,30,8,data/OBJAnim.bif,0x00200083,3593,81FCBECF8574760BC167B18D76510F12EC0A6D187EAD7DA07CC295884B29E8E6,graphics/source/sprites/WPLH1A5.bam
supplemental:sprites:object-animation-bam:WPLH1A5E,sprites,object-animation-bam,WPLH1A5E,BAMC,V1,18,8,data/OBJAnim.bif,0x00200084,2411,2F4D72396FFA97D6992E661652513885EDC27869602855266BE99055655BF5CC,graphics/source/sprites/WPLH1A5E.bam
supplemental:sprites:object-animation-bam:WPLH1A6,sprites,object-animation-bam,WPLH1A6,BAMC,V1,40,8,data/OBJAnim.bif,0x00200085,4557,012D94E3B6D9E257D84B0C59C2A68D79F44951EFB20BD5988B5132FC2EE77760,graphics/source/sprites/WPLH1A6.bam
supplemental:sprites:object-animation-bam:WPLH1A6E,sprites,object-animation-bam,WPLH1A6E,BAMC,V1,24,8,data/OBJAnim.bif,0x00200086,2950,CD872A482826F666DDFFEA4382B79BAD8F34676C6BEED8A62DDF8B3D3AFDE4DD,graphics/source/sprites/WPLH1A6E.bam
supplemental:sprites:object-animation-bam:WPLH1CA,sprites,object-animation-bam,WPLH1CA,BAMC,V1,50,62,data/OBJAnim.bif,0x00200087,5664,7F3E60D00B230081FA4D02E128337AF1AE2A6990C399DFC865301DCA566FE5EF,graphics/source/sprites/WPLH1CA.bam
supplemental:sprites:object-animation-bam:WPLH1CAE,sprites,object-animation-bam,WPLH1CAE,BAMC,V1,30,64,data/OBJAnim.bif,0x00200088,3679,A7EB883E59466F502AB5F0410437A80C3D4C34907ADC1A7C03A559518E9FBB6B,graphics/source/sprites/WPLH1CAE.bam
supplemental:sprites:object-animation-bam:WPLH1G1,sprites,object-animation-bam,WPLH1G1,BAMC,V1,180,72,data/OBJAnim.bif,0x00200089,16217,38B39BEA42C65DEF487785260623B3A00293A1A8D5595914099107C1B7258063,graphics/source/sprites/WPLH1G1.bam
supplemental:sprites:object-animation-bam:WPLH1G1E,sprites,object-animation-bam,WPLH1G1E,BAMC,V1,108,72,data/OBJAnim.bif,0x0020008A,9573,D567B9C23AA400D24EE50C7A1BAD5EF4F1775BD24C39BED11895379B1C5F9842,graphics/source/sprites/WPLH1G1E.bam
supplemental:sprites:paperdoll-animation-bam:WPLH1INV,sprites,paperdoll-animation-bam,WPLH1INV,BAM,V1,2,1,data/PaperDol.bif,0x0620019A,1901,F90B216D56ECF96BCA88B7212D072E67E8528A859A677A76BF31057D5E5DBAE0,graphics/source/sprites/WPLH1INV.bam
supplemental:sprites:object-animation-bam:WPLH1SA,sprites,object-animation-bam,WPLH1SA,BAMC,V1,20,8,data/OBJAnim.bif,0x0020008B,2892,36CF1660665B044557C44AFC561685AEA6A83AE587C981B0D174677F86B758B3,graphics/source/sprites/WPLH1SA.bam
supplemental:sprites:object-animation-bam:WPLH1SAE,sprites,object-animation-bam,WPLH1SAE,BAMC,V1,12,8,data/OBJAnim.bif,0x0020008C,1843,9769FDD711E1D2713C9B18D580F1E216A0E5997D767176043E7F4F4D08D2F031,graphics/source/sprites/WPLH1SAE.bam
supplemental:sprites:object-animation-bam:WPLH1SX,sprites,object-animation-bam,WPLH1SX,BAMC,V1,15,8,data/OBJAnim.bif,0x0020008D,2068,7AECF7A6DF484C8A4E6908FDAE2DD1376555C3C8E1AC03E5C0FB8D8FCA642AED,graphics/source/sprites/WPLH1SX.bam
supplemental:sprites:object-animation-bam:WPLH1SXE,sprites,object-animation-bam,WPLH1SXE,BAMC,V1,9,8,data/OBJAnim.bif,0x0020008E,1559,A20DC76A1E81BAA766BA1607A39EF93A09055B728D21F85EF038ED46A8B6CC63,graphics/source/sprites/WPLH1SXE.bam
supplemental:sprites:object-animation-bam:WPLH1W2,sprites,object-animation-bam,WPLH1W2,BAMC,V1,50,8,data/OBJAnim.bif,0x0020008F,5232,88D1FA8853426C8753745803A7B9F76EF5961D76D14ECB200E37DA0AFB032270,graphics/source/sprites/WPLH1W2.bam
supplemental:sprites:object-animation-bam:WPLH1W2E,sprites,object-animation-bam,WPLH1W2E,BAMC,V1,30,8,data/OBJAnim.bif,0x00200090,3208,D7DF60662AF3A4C458F61EC55287DFF32F967E33BB7E33BCB5E0B4C10472F805,graphics/source/sprites/WPLH1W2E.bam
supplemental:sprites:object-animation-bam:WPLH2A1,sprites,object-animation-bam,WPLH2A1,BAMC,V1,50,16,data/OBJAnim.bif,0x00200091,5205,59628B1445D7D9696D55F62362E12EFAB6E27BCF7E185289CD00BD66DB5C8452,graphics/source/sprites/WPLH2A1.bam
supplemental:sprites:object-animation-bam:WPLH2A1E,sprites,object-animation-bam,WPLH2A1E,BAMC,V1,30,16,data/OBJAnim.bif,0x00200092,3487,D964916E8826EA7D88CE8F351C48A505FA64E2FACEF27E1250695C904F87AAD0,graphics/source/sprites/WPLH2A1E.bam
supplemental:sprites:object-animation-bam:WPLH2A2,sprites,object-animation-bam,WPLH2A2,BAMC,V1,50,8,data/OBJAnim.bif,0x00200093,5170,C1EF1A318AEA8EA5F64B9B78BEFC235D502B61DBF67E2B6436D61B5F2E325BA9,graphics/source/sprites/WPLH2A2.bam
supplemental:sprites:object-animation-bam:WPLH2A2E,sprites,object-animation-bam,WPLH2A2E,BAMC,V1,30,8,data/OBJAnim.bif,0x00200094,3294,BBF8253FF9ED06E9981DCD2C2B066928468F02B7C2519BBC5E862729232E0E0B,graphics/source/sprites/WPLH2A2E.bam
supplemental:sprites:object-animation-bam:WPLH2A3,sprites,object-animation-bam,WPLH2A3,BAMC,V1,50,8,data/OBJAnim.bif,0x00200095,5006,5DE99A4ECB3BB43A8EB7DE1B4D5BFB82C1D9723379420137E8AFD9E9D5C316A9,graphics/source/sprites/WPLH2A3.bam
supplemental:sprites:object-animation-bam:WPLH2A3E,sprites,object-animation-bam,WPLH2A3E,BAMC,V1,30,8,data/OBJAnim.bif,0x00200096,3332,589C4843A7F478FD7FCA7BDB2C1A778B3148657554BC50222F53A1B356BA436A,graphics/source/sprites/WPLH2A3E.bam
supplemental:sprites:object-animation-bam:WPLH2A4,sprites,object-animation-bam,WPLH2A4,BAMC,V1,50,8,data/OBJAnim.bif,0x00200097,5008,A01B740B545236301FACD6A8E1A0F3CF0866482BC776FE1D1D5755299A6CAA42,graphics/source/sprites/WPLH2A4.bam
supplemental:sprites:object-animation-bam:WPLH2A4E,sprites,object-animation-bam,WPLH2A4E,BAMC,V1,30,8,data/OBJAnim.bif,0x00200098,3329,BC60ADEB54C9583FC26C90418978942BEFBA4EBC219AE2D0150CB1A1758B1F3A,graphics/source/sprites/WPLH2A4E.bam
supplemental:sprites:object-animation-bam:WPLH2A5,sprites,object-animation-bam,WPLH2A5,BAMC,V1,30,8,data/OBJAnim.bif,0x00200099,3443,0FF96013199D7320C063FF882952DB00E9D6AA7FE6D98219B6CF8738AC20B611,graphics/source/sprites/WPLH2A5.bam
supplemental:sprites:object-animation-bam:WPLH2A5E,sprites,object-animation-bam,WPLH2A5E,BAMC,V1,18,8,data/OBJAnim.bif,0x0020009A,2427,BFB0728CB2B3E1334BF0DBCB1BD31B8487068EEE593C8A51324010BBDF6199EE,graphics/source/sprites/WPLH2A5E.bam
supplemental:sprites:object-animation-bam:WPLH2A6,sprites,object-animation-bam,WPLH2A6,BAMC,V1,40,8,data/OBJAnim.bif,0x0020009B,4283,A8847B6F1C054B2BBBA2099A47FE4C48B40663FCCA467E05955B218DFB9A4BC7,graphics/source/sprites/WPLH2A6.bam
supplemental:sprites:object-animation-bam:WPLH2A6E,sprites,object-animation-bam,WPLH2A6E,BAMC,V1,24,8,data/OBJAnim.bif,0x0020009C,2944,D4A0F68533455E6FA4A294A7BA145D6209459084214174E03A5353EC1E88D54C,graphics/source/sprites/WPLH2A6E.bam
supplemental:sprites:object-animation-bam:WPLH2CA,sprites,object-animation-bam,WPLH2CA,BAMC,V1,50,62,data/OBJAnim.bif,0x0020009D,5502,FFDB3410C7DF268A7ED49C2EB2A2E72874D8301508809A03A1A562454A8CF57B,graphics/source/sprites/WPLH2CA.bam
supplemental:sprites:object-animation-bam:WPLH2CAE,sprites,object-animation-bam,WPLH2CAE,BAMC,V1,30,64,data/OBJAnim.bif,0x0020009E,3725,CC0C5B6A829B823F06691437A5240BC980C88BD17905B7C6AEB96E2B0F313A3E,graphics/source/sprites/WPLH2CAE.bam
supplemental:sprites:object-animation-bam:WPLH2G1,sprites,object-animation-bam,WPLH2G1,BAMC,V1,180,72,data/OBJAnim.bif,0x0020009F,15083,29F8DAAA32EBCEE9E42D61F5090C1727B6F6E4110E158D1B2E5582E2268D92C2,graphics/source/sprites/WPLH2G1.bam
supplemental:sprites:object-animation-bam:WPLH2G1E,sprites,object-animation-bam,WPLH2G1E,BAMC,V1,108,72,data/OBJAnim.bif,0x002000A0,9472,743947A1F34AA5DA3325ACAF3E7D18BD51859196B4CA7991583E72F681D0B0B3,graphics/source/sprites/WPLH2G1E.bam
supplemental:sprites:paperdoll-animation-bam:WPLH2INV,sprites,paperdoll-animation-bam,WPLH2INV,BAM,V1,2,1,data/PaperDol.bif,0x0620019C,2028,C44055BC8B504F38D25E348AAA872256FF3A64F7488748F1F30226EFF9141425,graphics/source/sprites/WPLH2INV.bam
supplemental:sprites:object-animation-bam:WPLH2SA,sprites,object-animation-bam,WPLH2SA,BAMC,V1,20,8,data/OBJAnim.bif,0x002000A1,2627,DF435EB495BFB9CD438F1AB4276BCA348720F4216E988461ECD4ED635B5F339C,graphics/source/sprites/WPLH2SA.bam
supplemental:sprites:object-animation-bam:WPLH2SAE,sprites,object-animation-bam,WPLH2SAE,BAMC,V1,12,8,data/OBJAnim.bif,0x002000A2,1836,F69E4C73BB365368FA4FC1064520F016082BE763251815695D54795D71960245,graphics/source/sprites/WPLH2SAE.bam
supplemental:sprites:object-animation-bam:WPLH2SX,sprites,object-animation-bam,WPLH2SX,BAMC,V1,15,8,data/OBJAnim.bif,0x002000A3,1940,F6AB7C19BD09BB4893EA39DE74DCB583422C6EF09AB5D695C7FEE138E856FDF2,graphics/source/sprites/WPLH2SX.bam
supplemental:sprites:object-animation-bam:WPLH2SXE,sprites,object-animation-bam,WPLH2SXE,BAMC,V1,9,8,data/OBJAnim.bif,0x002000A4,1540,7942383626A70C5FB63828BD773208BB366607852A88D66F90D16DA30894FAAE,graphics/source/sprites/WPLH2SXE.bam
supplemental:sprites:object-animation-bam:WPLH2W2,sprites,object-animation-bam,WPLH2W2,BAMC,V1,50,8,data/OBJAnim.bif,0x002000A5,4858,6F1A25E6B4DB82F6E53BAD40471D834762AA5121D60870B1EF3E6712D45A00B6,graphics/source/sprites/WPLH2W2.bam
supplemental:sprites:object-animation-bam:WPLH2W2E,sprites,object-animation-bam,WPLH2W2E,BAMC,V1,30,8,data/OBJAnim.bif,0x002000A6,3188,8F60335E8C71EC86786A2FDD39FBF28EFA6CBC647800FCD88629D533589E1291,graphics/source/sprites/WPLH2W2E.bam
supplemental:sprites:object-animation-bam:WPLH3A1,sprites,object-animation-bam,WPLH3A1,BAMC,V1,50,16,data/OBJAnim.bif,0x002000A7,6682,45976A0C8F4C5A22C3F98F33CEA81F4E15CB275528642658B1EAC61AA8ABDA7E,graphics/source/sprites/WPLH3A1.bam
supplemental:sprites:object-animation-bam:WPLH3A1E,sprites,object-animation-bam,WPLH3A1E,BAMC,V1,30,16,data/OBJAnim.bif,0x002000A8,4542,C002D1070ED18C269A46702E89108A20B01F11EB97381F926EF0D9EECDCCB466,graphics/source/sprites/WPLH3A1E.bam
supplemental:sprites:object-animation-bam:WPLH3A2,sprites,object-animation-bam,WPLH3A2,BAMC,V1,50,8,data/OBJAnim.bif,0x002000A9,6333,E7822DA536EA6768CDD0E779B922E3E94404C8F044E517D035440F032F0D1F0C,graphics/source/sprites/WPLH3A2.bam
supplemental:sprites:object-animation-bam:WPLH3A2E,sprites,object-animation-bam,WPLH3A2E,BAMC,V1,30,8,data/OBJAnim.bif,0x002000AA,4366,502B223250552C249D8D3E28D07BBF06F1A3551D399F2E1ED0A2C067740ADBD9,graphics/source/sprites/WPLH3A2E.bam
supplemental:sprites:object-animation-bam:WPLH3A3,sprites,object-animation-bam,WPLH3A3,BAMC,V1,50,8,data/OBJAnim.bif,0x002000AB,6101,80EA24A207E14AD2C17BF7548B63D0BF8EC9B0B1DDAA63FC404948B152B2C025,graphics/source/sprites/WPLH3A3.bam
supplemental:sprites:object-animation-bam:WPLH3A3E,sprites,object-animation-bam,WPLH3A3E,BAMC,V1,30,8,data/OBJAnim.bif,0x002000AC,4292,201BA97893E12147FC1B0840007C4E43555727FF40635B00E5D88E9878B2D348,graphics/source/sprites/WPLH3A3E.bam
supplemental:sprites:object-animation-bam:WPLH3A4,sprites,object-animation-bam,WPLH3A4,BAMC,V1,50,8,data/OBJAnim.bif,0x002000AD,6140,8142CAE3017CA4C68795DF7ABC0320BDF4B263F80A23228AB78353008D42A96D,graphics/source/sprites/WPLH3A4.bam
supplemental:sprites:object-animation-bam:WPLH3A4E,sprites,object-animation-bam,WPLH3A4E,BAMC,V1,30,8,data/OBJAnim.bif,0x002000AE,4293,6F4864FF3C6CEF9B2B77C30B68DC7211D259329950D4A7354CCB43D0914CA994,graphics/source/sprites/WPLH3A4E.bam
supplemental:sprites:object-animation-bam:WPLH3A5,sprites,object-animation-bam,WPLH3A5,BAMC,V1,30,8,data/OBJAnim.bif,0x002000AF,4278,BD7D20F3C6EEC1E1461E6C756F16897A7C8FB56926A9E2D049D9C568D0759F33,graphics/source/sprites/WPLH3A5.bam
supplemental:sprites:object-animation-bam:WPLH3A5E,sprites,object-animation-bam,WPLH3A5E,BAMC,V1,18,8,data/OBJAnim.bif,0x002000B0,2930,409A0C7DD012B1843CA3BE8D917A69560694AE160EE67B46B01A824BD11EBB72,graphics/source/sprites/WPLH3A5E.bam
supplemental:sprites:object-animation-bam:WPLH3A6,sprites,object-animation-bam,WPLH3A6,BAMC,V1,40,8,data/OBJAnim.bif,0x002000B1,5318,70249A0A2441C5E16FCB0DF8F539C8F2BC8450689AC2336235DB315B8839297A,graphics/source/sprites/WPLH3A6.bam
supplemental:sprites:object-animation-bam:WPLH3A6E,sprites,object-animation-bam,WPLH3A6E,BAMC,V1,24,8,data/OBJAnim.bif,0x002000B2,3674,FDAFF00835BAA7107457C28FA5B315C0092171DD361DDA8AD6B59DD31296BEFF,graphics/source/sprites/WPLH3A6E.bam
supplemental:sprites:object-animation-bam:WPLH3CA,sprites,object-animation-bam,WPLH3CA,BAMC,V1,50,62,data/OBJAnim.bif,0x002000B3,6615,A32E589F0B1339B7D78D4C5709B39C2560AAE210BA2D9D0C83B5180B6383E6B4,graphics/source/sprites/WPLH3CA.bam
supplemental:sprites:object-animation-bam:WPLH3CAE,sprites,object-animation-bam,WPLH3CAE,BAMC,V1,30,64,data/OBJAnim.bif,0x002000B4,4490,6C7EDAD54E99BE2A7516C9FE81DE86370BE76B1AB0EA8BC938E91290C3DE7A39,graphics/source/sprites/WPLH3CAE.bam
supplemental:sprites:object-animation-bam:WPLH3G1,sprites,object-animation-bam,WPLH3G1,BAMC,V1,180,72,data/OBJAnim.bif,0x002000B5,18925,944A245D68C30832DA0B8112E50B5D2C4738C2D2CF4A6115B5572AEFA8633440,graphics/source/sprites/WPLH3G1.bam
supplemental:sprites:object-animation-bam:WPLH3G1E,sprites,object-animation-bam,WPLH3G1E,BAMC,V1,108,72,data/OBJAnim.bif,0x002000B6,12109,0A39E8BA23AEA2AB9A5F14017A9AA6DF9DDA0A6758F0D8EF0F5CE48520DA49FE,graphics/source/sprites/WPLH3G1E.bam
supplemental:sprites:paperdoll-animation-bam:WPLH3INV,sprites,paperdoll-animation-bam,WPLH3INV,BAM,V1,2,1,data/PaperDol.bif,0x0620019E,1696,ECE318CE0FD94FF955A296B1C5758015B680771EE983F2C4AE5F23B7BD7B1CEC,graphics/source/sprites/WPLH3INV.bam
supplemental:sprites:object-animation-bam:WPLH3SA,sprites,object-animation-bam,WPLH3SA,BAMC,V1,20,8,data/OBJAnim.bif,0x002000B7,3114,A7CF669B3DF50080C96540E6E6D3E5159B08A44E871B6A8263E5E972BAFDA9A6,graphics/source/sprites/WPLH3SA.bam
supplemental:sprites:object-animation-bam:WPLH3SAE,sprites,object-animation-bam,WPLH3SAE,BAMC,V1,12,8,data/OBJAnim.bif,0x002000B8,2368,B57CFA7035D1841D198B5781817605416771ECF97EE194DA309833BA21522D19,graphics/source/sprites/WPLH3SAE.bam
supplemental:sprites:object-animation-bam:WPLH3SX,sprites,object-animation-bam,WPLH3SX,BAMC,V1,15,8,data/OBJAnim.bif,0x002000B9,2238,C7897F505B240F669225D47776A7AADC0A43BD0EA6A2616DE7E259C13B204D67,graphics/source/sprites/WPLH3SX.bam
supplemental:sprites:object-animation-bam:WPLH3SXE,sprites,object-animation-bam,WPLH3SXE,BAMC,V1,9,8,data/OBJAnim.bif,0x002000BA,1805,252465E3181B5E2EDE268F7057D392F748C33A5660D071CE54084D96AC41CC80,graphics/source/sprites/WPLH3SXE.bam
supplemental:sprites:object-animation-bam:WPLH3W2,sprites,object-animation-bam,WPLH3W2,BAMC,V1,50,8,data/OBJAnim.bif,0x002000BB,5750,2AE3038475C7280B76ED308280E84EBBE1C57D3EBC52E8BE71A48DF3A583F5F8,graphics/source/sprites/WPLH3W2.bam
supplemental:sprites:object-animation-bam:WPLH3W2E,sprites,object-animation-bam,WPLH3W2E,BAMC,V1,30,8,data/OBJAnim.bif,0x002000BC,4037,910679B8453F0FED43E97B61B2EDCE3F2BD93ACF80FDF63DAB6CE08FDD93D33F,graphics/source/sprites/WPLH3W2E.bam
supplemental:sprites:object-animation-bam:WPLH4A1,sprites,object-animation-bam,WPLH4A1,BAMC,V1,50,16,data/OBJAnim.bif,0x002000BD,9498,3ED583122EEEBFF7F257C6EDA6B2800D671C0B85B20261763184D254EEF85458,graphics/source/sprites/WPLH4A1.bam
supplemental:sprites:object-animation-bam:WPLH4A1E,sprites,object-animation-bam,WPLH4A1E,BAMC,V1,30,16,data/OBJAnim.bif,0x002000BE,6010,845131CCF1ED55A7BD3C3BF0DB6862F2CAF51E883843229B1932ED028425248A,graphics/source/sprites/WPLH4A1E.bam
supplemental:sprites:object-animation-bam:WPLH4A2,sprites,object-animation-bam,WPLH4A2,BAMC,V1,50,8,data/OBJAnim.bif,0x002000BF,9302,69D5BADA2CB59CABF4AE55D7DC6528D006D2AD23665251E1B9D6D119D77B0743,graphics/source/sprites/WPLH4A2.bam
supplemental:sprites:object-animation-bam:WPLH4A2E,sprites,object-animation-bam,WPLH4A2E,BAMC,V1,30,8,data/OBJAnim.bif,0x002000C0,5625,BB57F862D6863A20E35F97A04E0B8216AAD7D1DF6F63A7A7E3AAEC503F40037D,graphics/source/sprites/WPLH4A2E.bam
supplemental:sprites:object-animation-bam:WPLH4A3,sprites,object-animation-bam,WPLH4A3,BAMC,V1,50,8,data/OBJAnim.bif,0x002000C1,9239,26D60F9BE58C1907CA1B2F784AA27A2FC8F2C8D8DBEBEA23997277BF9E750DBA,graphics/source/sprites/WPLH4A3.bam
supplemental:sprites:object-animation-bam:WPLH4A3E,sprites,object-animation-bam,WPLH4A3E,BAMC,V1,30,8,data/OBJAnim.bif,0x002000C2,5657,B6D4D548C66A7D5726DD07EA5E771AE694F22A29E3FDB955803C3180CCFAE75C,graphics/source/sprites/WPLH4A3E.bam
supplemental:sprites:object-animation-bam:WPLH4A4,sprites,object-animation-bam,WPLH4A4,BAMC,V1,50,8,data/OBJAnim.bif,0x002000C3,9210,8B9306DD42E24C45F558E494C44878C7E8E96C7921FCE55FC3D4509DD22B37DB,graphics/source/sprites/WPLH4A4.bam
supplemental:sprites:object-animation-bam:WPLH4A4E,sprites,object-animation-bam,WPLH4A4E,BAMC,V1,30,8,data/OBJAnim.bif,0x002000C4,5641,3ED938FA4209935980C37AB4828B667F9215F3557E2814AC6470ED5D015F1F90,graphics/source/sprites/WPLH4A4E.bam
supplemental:sprites:object-animation-bam:WPLH4A5,sprites,object-animation-bam,WPLH4A5,BAMC,V1,30,8,data/OBJAnim.bif,0x002000C5,6147,A7DC2A10B784867F63B3A2D04CF3ADB886A7E30CB5BE92A71BEB9754D86A8113,graphics/source/sprites/WPLH4A5.bam
supplemental:sprites:object-animation-bam:WPLH4A5E,sprites,object-animation-bam,WPLH4A5E,BAMC,V1,18,8,data/OBJAnim.bif,0x002000C6,3833,7A5023ACC9347E4AEDBD5BA7BCE41CF956AD6CB8BD2B9FC49E1D165A004B2F96,graphics/source/sprites/WPLH4A5E.bam
supplemental:sprites:object-animation-bam:WPLH4A6,sprites,object-animation-bam,WPLH4A6,BAMC,V1,40,8,data/OBJAnim.bif,0x002000C7,7895,86D875BCC1F1CC344ADBB2AA4C0B4DE7FAD17D3235DAD86171C5864C5F9E3C26,graphics/source/sprites/WPLH4A6.bam
supplemental:sprites:object-animation-bam:WPLH4A6E,sprites,object-animation-bam,WPLH4A6E,BAMC,V1,24,8,data/OBJAnim.bif,0x002000C8,4837,72199BA86FDE3FA7BD31464A5CCDE3F0F69410C27A053A333047FB3C896C6B74,graphics/source/sprites/WPLH4A6E.bam
supplemental:sprites:object-animation-bam:WPLH4CA,sprites,object-animation-bam,WPLH4CA,BAMC,V1,50,62,data/OBJAnim.bif,0x002000C9,9946,EDFBF676C4D3C6471D9FEBC1E6381556DA2C8AC96167C896616DCB9B34CF3C2D,graphics/source/sprites/WPLH4CA.bam
supplemental:sprites:object-animation-bam:WPLH4CAE,sprites,object-animation-bam,WPLH4CAE,BAMC,V1,30,64,data/OBJAnim.bif,0x002000CA,6067,60E36F08DC05C36578B6A9DE2EA8D7D6FA3D76EB1D80F8B55375318992143BF9,graphics/source/sprites/WPLH4CAE.bam
supplemental:sprites:object-animation-bam:WPLH4G1,sprites,object-animation-bam,WPLH4G1,BAMC,V1,180,72,data/OBJAnim.bif,0x002000CB,29367,A3B6FC77A47E12572F3B2B763514F36CB297501E6919267B9220334CAE14D283,graphics/source/sprites/WPLH4G1.bam
supplemental:sprites:object-animation-bam:WPLH4G1E,sprites,object-animation-bam,WPLH4G1E,BAMC,V1,108,72,data/OBJAnim.bif,0x002000CC,16989,6C7FB24E5E93B4A16DF3E6DBE15BF7A32B9EF3C1B2A128FD80D94969D5ABC8F0,graphics/source/sprites/WPLH4G1E.bam
supplemental:sprites:paperdoll-animation-bam:WPLH4INV,sprites,paperdoll-animation-bam,WPLH4INV,BAM,V1,2,1,data/PaperDol.bif,0x062001A0,1782,8B9E9632039CAB977BBB073BF36051ADC6927D44D6F4984AB46C2577C517E6D0,graphics/source/sprites/WPLH4INV.bam
supplemental:sprites:object-animation-bam:WPLH4SA,sprites,object-animation-bam,WPLH4SA,BAMC,V1,20,8,data/OBJAnim.bif,0x002000CD,4475,23E139F6B66F57876C392A72311EB7C67EC138299BA95643146B39BCB4D04F5D,graphics/source/sprites/WPLH4SA.bam
supplemental:sprites:object-animation-bam:WPLH4SAE,sprites,object-animation-bam,WPLH4SAE,BAMC,V1,12,8,data/OBJAnim.bif,0x002000CE,2922,A451813C4761729712126E94F387690408E80CA80D6C4F08BDE0293FA539945A,graphics/source/sprites/WPLH4SAE.bam
supplemental:sprites:object-animation-bam:WPLH4SX,sprites,object-animation-bam,WPLH4SX,BAMC,V1,15,8,data/OBJAnim.bif,0x002000CF,3194,DC2BDE49102DCC4E1A231944FCBF1E13F4FA7B476EDF88C6615D82AB7ACEBB6E,graphics/source/sprites/WPLH4SX.bam
supplemental:sprites:object-animation-bam:WPLH4SXE,sprites,object-animation-bam,WPLH4SXE,BAMC,V1,9,8,data/OBJAnim.bif,0x002000D0,2224,D2C863526A8B5DF1D984C2CFEDA58150830498720AC0CC776B0B3846BDF5D783,graphics/source/sprites/WPLH4SXE.bam
supplemental:sprites:object-animation-bam:WPLH4W2,sprites,object-animation-bam,WPLH4W2,BAMC,V1,50,8,data/OBJAnim.bif,0x002000D1,8815,CF3249BD3A02ED74391A6EBFCEB7D2CF05DBE47DF9C988187F5924296FAD9ED7,graphics/source/sprites/WPLH4W2.bam
supplemental:sprites:object-animation-bam:WPLH4W2E,sprites,object-animation-bam,WPLH4W2E,BAMC,V1,30,8,data/OBJAnim.bif,0x002000D2,5561,2A633C5D31C7548B029F9301C72B1ADF77F9DCDBB02B587798E92BC5F42A980D,graphics/source/sprites/WPLH4W2E.bam
supplemental:sprites:object-animation-bam:WPLH5A1,sprites,object-animation-bam,WPLH5A1,BAMC,V1,50,16,data/OBJAnim.bif,0x002000D3,5777,6444EE28A6A8132B8AF75D4E2363900C13CF4054242B7ABF87BDE446DFB558FA,graphics/source/sprites/WPLH5A1.bam
supplemental:sprites:object-animation-bam:WPLH5A1E,sprites,object-animation-bam,WPLH5A1E,BAMC,V1,30,16,data/OBJAnim.bif,0x002000D4,3690,2DDA8115348D3CEA38B565DFEB9D4099C485DA256B4224166A0C77E4B5A8E7C2,graphics/source/sprites/WPLH5A1E.bam
supplemental:sprites:object-animation-bam:WPLH5A2,sprites,object-animation-bam,WPLH5A2,BAMC,V1,50,8,data/OBJAnim.bif,0x002000D5,5544,44E1B167B7682FE0ED9E8CD9B6917E1B432BA5C812155A205DDD91472C1E6BB6,graphics/source/sprites/WPLH5A2.bam
supplemental:sprites:object-animation-bam:WPLH5A2E,sprites,object-animation-bam,WPLH5A2E,BAMC,V1,30,8,data/OBJAnim.bif,0x002000D6,3442,02E654F9811E44A1A7C5DEFD1DC20F9547AE20FC7EF47FD08875BD8A2CA7DF73,graphics/source/sprites/WPLH5A2E.bam
supplemental:sprites:object-animation-bam:WPLH5A3,sprites,object-animation-bam,WPLH5A3,BAMC,V1,50,8,data/OBJAnim.bif,0x002000D7,5305,CA154B7B5A3A9293A0A614CFAF747099C90079CD30B81A201AB1611A3C659979,graphics/source/sprites/WPLH5A3.bam
supplemental:sprites:object-animation-bam:WPLH5A3E,sprites,object-animation-bam,WPLH5A3E,BAMC,V1,30,8,data/OBJAnim.bif,0x002000D8,3371,6A6BA4E823B06219820C69ABFF3048B8B1F42BE2C4E52E883CDC6F8D05C409DB,graphics/source/sprites/WPLH5A3E.bam
supplemental:sprites:object-animation-bam:WPLH5A4,sprites,object-animation-bam,WPLH5A4,BAMC,V1,50,8,data/OBJAnim.bif,0x002000D9,5368,5E87F311ECFCB719B258C982C8C03EAA9FA4D28AF69D2817A9579193B3AC0376,graphics/source/sprites/WPLH5A4.bam
supplemental:sprites:object-animation-bam:WPLH5A4E,sprites,object-animation-bam,WPLH5A4E,BAMC,V1,30,8,data/OBJAnim.bif,0x002000DA,3351,DAA18DB5AAE4AD24504B60531A9A0526C869F9D784308B0B7E09F84501EDB8B8,graphics/source/sprites/WPLH5A4E.bam
supplemental:sprites:object-animation-bam:WPLH5A5,sprites,object-animation-bam,WPLH5A5,BAMC,V1,30,8,data/OBJAnim.bif,0x002000DB,3676,8DB9E9F4C4D2DCB4312896888929D8A31355879730605D7D5065DE7F6F9BA6BA,graphics/source/sprites/WPLH5A5.bam
supplemental:sprites:object-animation-bam:WPLH5A5E,sprites,object-animation-bam,WPLH5A5E,BAMC,V1,18,8,data/OBJAnim.bif,0x002000DC,2454,13B6C6A5C62DC4D52D3D50B4457C6030A208C49758C4E25685F9D09716116F76,graphics/source/sprites/WPLH5A5E.bam
supplemental:sprites:object-animation-bam:WPLH5A6,sprites,object-animation-bam,WPLH5A6,BAMC,V1,40,8,data/OBJAnim.bif,0x002000DD,4702,367E9C60EF1FB49D5C8A6B94BCBD4AA44AFE6F67A20C9838A6909814B63E57D6,graphics/source/sprites/WPLH5A6.bam
supplemental:sprites:object-animation-bam:WPLH5A6E,sprites,object-animation-bam,WPLH5A6E,BAMC,V1,24,8,data/OBJAnim.bif,0x002000DE,2991,2AEC79566F65FA44CCB27A0F4108098BBCBFBBE9C0A9454ADC3B532321C99E70,graphics/source/sprites/WPLH5A6E.bam
supplemental:sprites:object-animation-bam:WPLH5CA,sprites,object-animation-bam,WPLH5CA,BAMC,V1,50,64,data/OBJAnim.bif,0x002000DF,5860,6EB813D15D63FACD49934134E493407EAE74A127918D10D7F974B0EF2B559769,graphics/source/sprites/WPLH5CA.bam
supplemental:sprites:object-animation-bam:WPLH5CAE,sprites,object-animation-bam,WPLH5CAE,BAMC,V1,30,64,data/OBJAnim.bif,0x002000E0,3731,2B6B29C380EC2BB0FDFB5B7E3DD485AE68C35825BEA9BB2E8FAE082E1EA42EAA,graphics/source/sprites/WPLH5CAE.bam
supplemental:sprites:object-animation-bam:WPLH5G1,sprites,object-animation-bam,WPLH5G1,BAMC,V1,180,72,data/OBJAnim.bif,0x002000E1,15737,FEECD039FF6C789A6753B3A758225BB5D94BB49DFBFDDA68EDB58434ED48F4BE,graphics/source/sprites/WPLH5G1.bam
supplemental:sprites:object-animation-bam:WPLH5G1E,sprites,object-animation-bam,WPLH5G1E,BAMC,V1,108,72,data/OBJAnim.bif,0x002000E2,9381,61F7E0F7D2D25E7618603E8433BF144EBBCE271DFD1187B99711F6E5F64DE29C,graphics/source/sprites/WPLH5G1E.bam
supplemental:sprites:paperdoll-animation-bam:WPLH5INV,sprites,paperdoll-animation-bam,WPLH5INV,BAM,V1,2,1,data/PaperDol.bif,0x062001A2,1595,B623434E4C679066CDC14B68CDBFE01038FD8633F52C975C9DDC8550325512FB,graphics/source/sprites/WPLH5INV.bam
supplemental:sprites:object-animation-bam:WPLH5SA,sprites,object-animation-bam,WPLH5SA,BAMC,V1,20,8,data/OBJAnim.bif,0x002000E3,2817,D2BD25A6707A5455DD7758C78FCA7A2334DCC14636241FE9055E000C1271E9D6,graphics/source/sprites/WPLH5SA.bam
supplemental:sprites:object-animation-bam:WPLH5SAE,sprites,object-animation-bam,WPLH5SAE,BAMC,V1,12,8,data/OBJAnim.bif,0x002000E4,1949,87E44EC744EC2B02CCE71E38C570C31DD5DF14A9F402BD7525EE5FE4376675EC,graphics/source/sprites/WPLH5SAE.bam
supplemental:sprites:object-animation-bam:WPLH5SX,sprites,object-animation-bam,WPLH5SX,BAMC,V1,15,8,data/OBJAnim.bif,0x002000E5,2028,BF85AF864333878ACBC5434C9E15FBB9E58220498F5C2E13009A7EB6B7B0C142,graphics/source/sprites/WPLH5SX.bam
supplemental:sprites:object-animation-bam:WPLH5SXE,sprites,object-animation-bam,WPLH5SXE,BAMC,V1,9,8,data/OBJAnim.bif,0x002000E6,1511,E9FD353275C92F8F52C82D3EA4637D6617460843FC5C3DC289BD4604BE5388B7,graphics/source/sprites/WPLH5SXE.bam
supplemental:sprites:object-animation-bam:WPLH5W2,sprites,object-animation-bam,WPLH5W2,BAMC,V1,50,8,data/OBJAnim.bif,0x002000E7,5043,E973BADCFA1A71AC7A01EE2EC3C73DA551634107AAA6D41D6550D25D6CE73B98,graphics/source/sprites/WPLH5W2.bam
supplemental:sprites:object-animation-bam:WPLH5W2E,sprites,object-animation-bam,WPLH5W2E,BAMC,V1,30,8,data/OBJAnim.bif,0x002000E8,3247,108B5B2312CF5EA70A8DB08A978590F631BDB681C2A74E7C351BD938DFD5E0B8,graphics/source/sprites/WPLH5W2E.bam
supplemental:sprites:object-animation-bam:WPLH6A1,sprites,object-animation-bam,WPLH6A1,BAMC,V1,50,16,data/OBJAnim.bif,0x002000E9,5957,4159D23267721FE0ADC65E1F3B33D6503DABB1AA0DBDD0A57F2D0E99B77A5CFB,graphics/source/sprites/WPLH6A1.bam
supplemental:sprites:object-animation-bam:WPLH6A1E,sprites,object-animation-bam,WPLH6A1E,BAMC,V1,30,16,data/OBJAnim.bif,0x002000EA,3814,53B57A186F24F60E21F84D93721B99D3BBD04996F8AB6322254EEF064D49679B,graphics/source/sprites/WPLH6A1E.bam
supplemental:sprites:object-animation-bam:WPLH6A2,sprites,object-animation-bam,WPLH6A2,BAMC,V1,50,8,data/OBJAnim.bif,0x002000EB,5893,EE3ACABCAD6EEB9131D6B9EA50C9E47FAF21E91B45DA2F26E0EB012447563149,graphics/source/sprites/WPLH6A2.bam
supplemental:sprites:object-animation-bam:WPLH6A2E,sprites,object-animation-bam,WPLH6A2E,BAMC,V1,30,8,data/OBJAnim.bif,0x002000EC,3603,771471D748613A762C344D855EF49AE8C99A08188FEAA96C20925953CB8E259B,graphics/source/sprites/WPLH6A2E.bam
supplemental:sprites:object-animation-bam:WPLH6A3,sprites,object-animation-bam,WPLH6A3,BAMC,V1,50,8,data/OBJAnim.bif,0x002000ED,5704,04F3B04566A2B2E6D4DF5350BAB8CCCFDAA6DD4F428C450DACB8BA7461F3D540,graphics/source/sprites/WPLH6A3.bam
supplemental:sprites:object-animation-bam:WPLH6A3E,sprites,object-animation-bam,WPLH6A3E,BAMC,V1,30,8,data/OBJAnim.bif,0x002000EE,3498,68043447AC311A3CF4D1DD59923B5E65CCDBB5BD927CF7F37098A5C3AA5BE292,graphics/source/sprites/WPLH6A3E.bam
supplemental:sprites:object-animation-bam:WPLH6A4,sprites,object-animation-bam,WPLH6A4,BAMC,V1,50,8,data/OBJAnim.bif,0x002000EF,5710,A5B631F31BD960FF11E07CDCC80F48C7E90628617175D2FEC12F520EF41C01AA,graphics/source/sprites/WPLH6A4.bam
supplemental:sprites:object-animation-bam:WPLH6A4E,sprites,object-animation-bam,WPLH6A4E,BAMC,V1,30,8,data/OBJAnim.bif,0x002000F0,3509,0FF6B2B2DF7836714EFB6DDC643FA9F35A5EC2890821CE0D3C8BCAFA7D2750D2,graphics/source/sprites/WPLH6A4E.bam
supplemental:sprites:object-animation-bam:WPLH6A5,sprites,object-animation-bam,WPLH6A5,BAMC,V1,30,8,data/OBJAnim.bif,0x002000F1,3716,D17D0AA0734A7E9A6045DE2F1E62117635902A0CA4ADBC61BF0A8FB3599FDCD4,graphics/source/sprites/WPLH6A5.bam
supplemental:sprites:object-animation-bam:WPLH6A5E,sprites,object-animation-bam,WPLH6A5E,BAMC,V1,18,8,data/OBJAnim.bif,0x002000F2,2541,EA1B86FDCD3B4CD214A1840BDB8CC352EF57741333A18ECA148478EE271FEAAB,graphics/source/sprites/WPLH6A5E.bam
supplemental:sprites:object-animation-bam:WPLH6A6,sprites,object-animation-bam,WPLH6A6,BAMC,V1,40,8,data/OBJAnim.bif,0x002000F3,4833,99175648ED12D3D7325D4279AC87EE5AB04E9F22411F7A54634302903D2E339D,graphics/source/sprites/WPLH6A6.bam
supplemental:sprites:object-animation-bam:WPLH6A6E,sprites,object-animation-bam,WPLH6A6E,BAMC,V1,24,8,data/OBJAnim.bif,0x002000F4,3068,9B7A42B773C9E953542C0DFCCD987D89520A211E470E04FE5433895C9B7E61F8,graphics/source/sprites/WPLH6A6E.bam
supplemental:sprites:object-animation-bam:WPLH6CA,sprites,object-animation-bam,WPLH6CA,BAMC,V1,50,62,data/OBJAnim.bif,0x002000F5,5923,9E4A1A0224DC801DBA157408D61D65BFE8D78E87B8EC12F1134B194A9938D89B,graphics/source/sprites/WPLH6CA.bam
supplemental:sprites:object-animation-bam:WPLH6CAE,sprites,object-animation-bam,WPLH6CAE,BAMC,V1,30,64,data/OBJAnim.bif,0x002000F6,3826,2B4E0FA929ED46EDB3A3FD9CB1180484C0E8228D708C99258B31CD31FF6C62D3,graphics/source/sprites/WPLH6CAE.bam
supplemental:sprites:object-animation-bam:WPLH6G1,sprites,object-animation-bam,WPLH6G1,BAMC,V1,180,72,data/OBJAnim.bif,0x002000F7,16963,8018DE8B1975F5FC1E9519B319B6383691EDE832D8447A6B6B020BA9AE655915,graphics/source/sprites/WPLH6G1.bam
supplemental:sprites:object-animation-bam:WPLH6G1E,sprites,object-animation-bam,WPLH6G1E,BAMC,V1,108,72,data/OBJAnim.bif,0x002000F8,10246,DBBB6753166561AA6DC28D44C1EF1AECBE9D9F54D6CAA476ACC9D7A2D983905C,graphics/source/sprites/WPLH6G1E.bam
supplemental:sprites:paperdoll-animation-bam:WPLH6INV,sprites,paperdoll-animation-bam,WPLH6INV,BAM,V1,2,1,data/PaperDol.bif,0x062001A4,1508,3F5A4EB11BF15293270DE43E07FB25B028FB2892B10BD1B1EB9D005989394749,graphics/source/sprites/WPLH6INV.bam
supplemental:sprites:object-animation-bam:WPLH6SA,sprites,object-animation-bam,WPLH6SA,BAMC,V1,20,8,data/OBJAnim.bif,0x002000F9,2972,198BCC0AC4C7265C06D5D1CB4BAFA88CC82FCB368F7264653E6735824CE28B87,graphics/source/sprites/WPLH6SA.bam
supplemental:sprites:object-animation-bam:WPLH6SAE,sprites,object-animation-bam,WPLH6SAE,BAMC,V1,12,8,data/OBJAnim.bif,0x002000FA,1939,B3EC4B0117EAF49A924535187AD7E13CAA2976A3E9324C85F6EAC298C1D5ED63,graphics/source/sprites/WPLH6SAE.bam
supplemental:sprites:object-animation-bam:WPLH6SX,sprites,object-animation-bam,WPLH6SX,BAMC,V1,15,8,data/OBJAnim.bif,0x002000FB,2130,7F378D56AB8572514AD591886C100153CDEAAD7D1346D250445D8C6DC687E738,graphics/source/sprites/WPLH6SX.bam
supplemental:sprites:object-animation-bam:WPLH6SXE,sprites,object-animation-bam,WPLH6SXE,BAMC,V1,9,8,data/OBJAnim.bif,0x002000FC,1599,B71A91487A94BBF3B1162F6230C89DD10981EE978316A7B72987BC80642C5F92,graphics/source/sprites/WPLH6SXE.bam
supplemental:sprites:object-animation-bam:WPLH6W2,sprites,object-animation-bam,WPLH6W2,BAMC,V1,50,8,data/OBJAnim.bif,0x002000FD,5681,DADFB978A3C4F0E1E950BDD2FC14D622A10E531C172C6FE43E60B077CB78807C,graphics/source/sprites/WPLH6W2.bam
supplemental:sprites:object-animation-bam:WPLH6W2E,sprites,object-animation-bam,WPLH6W2E,BAMC,V1,30,8,data/OBJAnim.bif,0x002000FE,3407,EB3FDB7C35063648B83E628B89CD7F2A6FC8C34041F12F022CF747567B0DBD27,graphics/source/sprites/WPLH6W2E.bam
supplemental:sprites:paperdoll-animation-bam:WPLH7INV,sprites,paperdoll-animation-bam,WPLH7INV,BAMC,V1,2,3,data/PaperDol.bif,0x062001A5,1056,B6510BBECF049619A926094BC4B5A42B2FF428BD3ED46D893A2A5750EFEA01C0,graphics/source/sprites/WPLH7INV.bam
supplemental:sprites:object-animation-bam:WPLHBA2,sprites,object-animation-bam,WPLHBA2,BAMC,V1,50,8,data/OBJAnim.bif,0x002000FF,9914,916E32D8C357CA54E0F2DDDB79C1532EBBF153A4EDB3B46EA5247AE252EE1BA4,graphics/source/sprites/WPLHBA2.bam
supplemental:sprites:object-animation-bam:WPLHBA2E,sprites,object-animation-bam,WPLHBA2E,BAMC,V1,30,8,data/OBJAnim.bif,0x00200100,5820,018B1D1046CB81221371B91D20B1CCEA7696119A718895A8348BF25D4413D239,graphics/source/sprites/WPLHBA2E.bam
supplemental:sprites:object-animation-bam:WPLHBA4,sprites,object-animation-bam,WPLHBA4,BAMC,V1,50,8,data/OBJAnim.bif,0x00200101,9305,869FC8BE477DE7D7235DA9E093F0D672D30D41344DA091FDEFB103E9373E2CA0,graphics/source/sprites/WPLHBA4.bam
supplemental:sprites:object-animation-bam:WPLHBA4E,sprites,object-animation-bam,WPLHBA4E,BAMC,V1,30,8,data/OBJAnim.bif,0x00200102,6158,9E4DE662AE25FAA8530030EA19AD67690E8F5F9C5F73C4211FFC7FA04EBA47B5,graphics/source/sprites/WPLHBA4E.bam
supplemental:sprites:object-animation-bam:WPLHBA6,sprites,object-animation-bam,WPLHBA6,BAMC,V1,40,8,data/OBJAnim.bif,0x00200103,7453,3FA406F37CA69965E8ED49F95F37A285A5FBC8D582941D5BE4040E2C0B7C38B6,graphics/source/sprites/WPLHBA6.bam
supplemental:sprites:object-animation-bam:WPLHBA6E,sprites,object-animation-bam,WPLHBA6E,BAMC,V1,24,8,data/OBJAnim.bif,0x00200104,4218,2CD6E84737559B331F3517401DCE97C6E4E9CCF285A2DD204FACBADE3BADE5F7,graphics/source/sprites/WPLHBA6E.bam
supplemental:sprites:object-animation-bam:WPLHBG1,sprites,object-animation-bam,WPLHBG1,BAMC,V1,180,72,data/OBJAnim.bif,0x00200105,25022,41B2EBC5586AA3A20A6D8EDC5A0BBF09232C3C55FD4396383FCFDE5391B7E637,graphics/source/sprites/WPLHBG1.bam
supplemental:sprites:object-animation-bam:WPLHBG1E,sprites,object-animation-bam,WPLHBG1E,BAMC,V1,108,72,data/OBJAnim.bif,0x00200106,17196,3F70B492F4F699199A59CD5D78F7D406BEB11DFC88085A736E6721B48AAC2F0F,graphics/source/sprites/WPLHBG1E.bam
supplemental:sprites:paperdoll-animation-bam:WPLHBINV,sprites,paperdoll-animation-bam,WPLHBINV,BAM,V1,2,1,data/PaperDol.bif,0x062001A6,2317,828E1C5284CFADC1EDBB6CD72CEA482C8F7B274E8F6A612CA7668D9D6C494D98,graphics/source/sprites/WPLHBINV.bam
supplemental:sprites:object-animation-bam:WPLHBW2,sprites,object-animation-bam,WPLHBW2,BAMC,V1,50,8,data/OBJAnim.bif,0x00200107,7514,6A2E551B2CECC09F04E4924579A9FDD3F15BDE574E63682B7D5F2FDAD4B58915,graphics/source/sprites/WPLHBW2.bam
supplemental:sprites:object-animation-bam:WPLHBW2E,sprites,object-animation-bam,WPLHBW2E,BAMC,V1,30,8,data/OBJAnim.bif,0x00200108,6341,4D2477221D99C9F278B21CFAFB8BACC46A4F4F0920730A15E5241AD71BE9CC24,graphics/source/sprites/WPLHBW2E.bam
supplemental:sprites:paperdoll-animation-bam:WPLJ0A1,sprites,paperdoll-animation-bam,WPLJ0A1,BAMC,V1,50,16,data/PaperDol.bif,0x062001A7,5547,E202813509164C9F6BEF790341DC2AE84F91528A664A1DBC99795F8FE36BACB1,graphics/source/sprites/WPLJ0A1.bam
supplemental:sprites:paperdoll-animation-bam:WPLJ0A1E,sprites,paperdoll-animation-bam,WPLJ0A1E,BAMC,V1,30,16,data/PaperDol.bif,0x062001A8,3624,201A52138F13EDA1F3C6006C16519F61CF27C5EF95EDD3D8DE2CF6BA352B9E7E,graphics/source/sprites/WPLJ0A1E.bam
supplemental:sprites:paperdoll-animation-bam:WPLJ0A2,sprites,paperdoll-animation-bam,WPLJ0A2,BAMC,V1,50,8,data/PaperDol.bif,0x062001A9,5404,FEB095C785A3B5A323A09739905AC84AEDBAD93CF3F8455017515BB11492FA89,graphics/source/sprites/WPLJ0A2.bam
supplemental:sprites:paperdoll-animation-bam:WPLJ0A2E,sprites,paperdoll-animation-bam,WPLJ0A2E,BAMC,V1,30,8,data/PaperDol.bif,0x062001AA,3447,6DA81D7B0D327B42019CCF59E23D624E9B0667397EDE3B222585F7FB755D7BCB,graphics/source/sprites/WPLJ0A2E.bam
supplemental:sprites:paperdoll-animation-bam:WPLJ0A3,sprites,paperdoll-animation-bam,WPLJ0A3,BAMC,V1,50,8,data/PaperDol.bif,0x062001AB,5243,E3BFB31E7A4DE76247F1CDFE751F3D14F033E0325A8C582DDF6478C9F45F2ADA,graphics/source/sprites/WPLJ0A3.bam
supplemental:sprites:paperdoll-animation-bam:WPLJ0A3E,sprites,paperdoll-animation-bam,WPLJ0A3E,BAMC,V1,30,8,data/PaperDol.bif,0x062001AC,3439,B85AF097121097A56F94F7346E7082F17A34E3E6F9760CFDB25C633C3350AE1B,graphics/source/sprites/WPLJ0A3E.bam
supplemental:sprites:paperdoll-animation-bam:WPLJ0A4,sprites,paperdoll-animation-bam,WPLJ0A4,BAMC,V1,50,8,data/PaperDol.bif,0x062001AD,5262,B43197B97F7E6484DA6BBD3EDD7BF110A6A7E4D9BE9DE1644103380ABB0ECB5C,graphics/source/sprites/WPLJ0A4.bam
supplemental:sprites:paperdoll-animation-bam:WPLJ0A4E,sprites,paperdoll-animation-bam,WPLJ0A4E,BAMC,V1,30,8,data/PaperDol.bif,0x062001AE,3436,85D362C52DF9FE1B2A5695B1B1A75A670F16D1F9B5F1D8CF699D07E65E391F3B,graphics/source/sprites/WPLJ0A4E.bam
supplemental:sprites:paperdoll-animation-bam:WPLJ0A5,sprites,paperdoll-animation-bam,WPLJ0A5,BAMC,V1,30,8,data/PaperDol.bif,0x062001AF,3613,E9CBB18848DEBCD341703B832E2F4B8973900A1275CD2CC14E76ACF148B6E8CE,graphics/source/sprites/WPLJ0A5.bam
supplemental:sprites:paperdoll-animation-bam:WPLJ0A5E,sprites,paperdoll-animation-bam,WPLJ0A5E,BAMC,V1,18,8,data/PaperDol.bif,0x062001B0,2430,64B06239E83A9EEDB6C8F76729C7448172EF00A4E7441F5D41CAECC5F1117BE5,graphics/source/sprites/WPLJ0A5E.bam
supplemental:sprites:paperdoll-animation-bam:WPLJ0A6,sprites,paperdoll-animation-bam,WPLJ0A6,BAMC,V1,40,8,data/PaperDol.bif,0x062001B1,4579,75E3528907A2153656BE1929897AE0243FA6447B248098B4BA08DC05A16F8582,graphics/source/sprites/WPLJ0A6.bam
supplemental:sprites:paperdoll-animation-bam:WPLJ0A6E,sprites,paperdoll-animation-bam,WPLJ0A6E,BAMC,V1,24,8,data/PaperDol.bif,0x062001B2,2991,B417130FF49679F41DA65C9C8EE923E0B9771832D34F465399B9DCE695C693EE,graphics/source/sprites/WPLJ0A6E.bam
supplemental:sprites:paperdoll-animation-bam:WPLJ0CA,sprites,paperdoll-animation-bam,WPLJ0CA,BAMC,V1,50,64,data/PaperDol.bif,0x062001B3,5772,71704AA030EFB29BF3B3C6F8DCC568E9F1B8019CCCAD8DFA4724B69F0ADA50E0,graphics/source/sprites/WPLJ0CA.bam
supplemental:sprites:paperdoll-animation-bam:WPLJ0CAE,sprites,paperdoll-animation-bam,WPLJ0CAE,BAMC,V1,30,64,data/PaperDol.bif,0x062001B4,3633,669AB961D9BC6E861986F9D53A93CA04738882E83C7C3C47B39882A0A2B15E82,graphics/source/sprites/WPLJ0CAE.bam
supplemental:sprites:paperdoll-animation-bam:WPLJ0G1,sprites,paperdoll-animation-bam,WPLJ0G1,BAMC,V1,180,72,data/PaperDol.bif,0x062001B5,15186,D15A77A91A7FC651657A8BB8889BE32EE64223ABF3CA9786FEE6653B5F3D97B1,graphics/source/sprites/WPLJ0G1.bam
supplemental:sprites:paperdoll-animation-bam:WPLJ0G1E,sprites,paperdoll-animation-bam,WPLJ0G1E,BAMC,V1,108,72,data/PaperDol.bif,0x062001B6,9129,879A16A365E9C0D0F7B9DEF1D91B2334EDA1569FBAC8C6BAC3A1590E8CCF978A,graphics/source/sprites/WPLJ0G1E.bam
supplemental:sprites:paperdoll-animation-bam:WPLJ0INV,sprites,paperdoll-animation-bam,WPLJ0INV,BAM,V1,2,1,data/PaperDol.bif,0x062001B7,1514,ABE3C5510F60588B334BC32A0206FFA6B0D84ECD8CE7BFAF37722229420F1CD3,graphics/source/sprites/WPLJ0INV.bam
supplemental:sprites:paperdoll-animation-bam:WPLJ0SA,sprites,paperdoll-animation-bam,WPLJ0SA,BAMC,V1,20,8,data/PaperDol.bif,0x062001B8,2727,14DFC1CD3D6792360D4084A04A0CA9395719C6DC010430D43111DA730B7BC564,graphics/source/sprites/WPLJ0SA.bam
supplemental:sprites:paperdoll-animation-bam:WPLJ0SAE,sprites,paperdoll-animation-bam,WPLJ0SAE,BAMC,V1,12,8,data/PaperDol.bif,0x062001B9,1954,D9923607F341D300509E8D8B0145CF980983A33C0E8757C5F0A574284B951DC1,graphics/source/sprites/WPLJ0SAE.bam
supplemental:sprites:paperdoll-animation-bam:WPLJ0SX,sprites,paperdoll-animation-bam,WPLJ0SX,BAMC,V1,15,8,data/PaperDol.bif,0x062001BA,2003,9E1C9F457BA69FE766D29563E2285900AABE00A1F3808C4258DA9450E9CA0B62,graphics/source/sprites/WPLJ0SX.bam
supplemental:sprites:paperdoll-animation-bam:WPLJ0SXE,sprites,paperdoll-animation-bam,WPLJ0SXE,BAMC,V1,9,8,data/PaperDol.bif,0x062001BB,1536,29A75D5E3BA2C6745637674AEFF1B485ACDCDF0ED5AB10DE676799D8A9BEAE29,graphics/source/sprites/WPLJ0SXE.bam
supplemental:sprites:paperdoll-animation-bam:WPLJ0W2,sprites,paperdoll-animation-bam,WPLJ0W2,BAMC,V1,50,8,data/PaperDol.bif,0x062001BC,5049,4967A5AF9B7E42DE97C394C3F0684F0CC0856043EAB6CFD842F5B78720D50F70,graphics/source/sprites/WPLJ0W2.bam
supplemental:sprites:paperdoll-animation-bam:WPLJ0W2E,sprites,paperdoll-animation-bam,WPLJ0W2E,BAMC,V1,30,8,data/PaperDol.bif,0x062001BD,3262,957D0CCB058F82316CB24C63C124F609FA7C5D074A2A26565B269C4994B3E8BF,graphics/source/sprites/WPLJ0W2E.bam
supplemental:sprites:paperdoll-animation-bam:WPLJ1A1,sprites,paperdoll-animation-bam,WPLJ1A1,BAMC,V1,50,16,data/PaperDol.bif,0x062001BE,5691,619FE8C78134036459DE5BF4D1360B27E93B1B7EB4B8A0759190BC0586355D37,graphics/source/sprites/WPLJ1A1.bam
supplemental:sprites:paperdoll-animation-bam:WPLJ1A1E,sprites,paperdoll-animation-bam,WPLJ1A1E,BAMC,V1,30,16,data/PaperDol.bif,0x062001BF,3567,382F1965C24029AFAA81A72738A7501F200871490C219F47C3B092C31D7E9E97,graphics/source/sprites/WPLJ1A1E.bam
supplemental:sprites:paperdoll-animation-bam:WPLJ1A2,sprites,paperdoll-animation-bam,WPLJ1A2,BAMC,V1,50,8,data/PaperDol.bif,0x062001C0,5654,346780D8B06503BD3D97EC8A1A6E249309A5818BFED301632193E5911D7D8119,graphics/source/sprites/WPLJ1A2.bam
supplemental:sprites:paperdoll-animation-bam:WPLJ1A2E,sprites,paperdoll-animation-bam,WPLJ1A2E,BAMC,V1,30,8,data/PaperDol.bif,0x062001C1,3385,641FAE9169C051706ADF9C40EEA78BB279C22B8D9B3B9F0466B4954EEBE3EDEE,graphics/source/sprites/WPLJ1A2E.bam
supplemental:sprites:paperdoll-animation-bam:WPLJ1A3,sprites,paperdoll-animation-bam,WPLJ1A3,BAMC,V1,50,8,data/PaperDol.bif,0x062001C2,5495,F5714F2593C4E3BFA2A8DB19E90F5761A9A6253969F9BE4C163DA9817B490923,graphics/source/sprites/WPLJ1A3.bam
supplemental:sprites:paperdoll-animation-bam:WPLJ1A3E,sprites,paperdoll-animation-bam,WPLJ1A3E,BAMC,V1,30,8,data/PaperDol.bif,0x062001C3,3328,29EFD381E0155B15CF5161D45C9BD9FF975158DB1686387426AE7122ED4E95AC,graphics/source/sprites/WPLJ1A3E.bam
supplemental:sprites:paperdoll-animation-bam:WPLJ1A4,sprites,paperdoll-animation-bam,WPLJ1A4,BAMC,V1,50,8,data/PaperDol.bif,0x062001C4,5496,60B398830E14FFC84690A6C085D85E4FC07A04122B9D75049C081E931E6C7716,graphics/source/sprites/WPLJ1A4.bam
supplemental:sprites:paperdoll-animation-bam:WPLJ1A4E,sprites,paperdoll-animation-bam,WPLJ1A4E,BAMC,V1,30,8,data/PaperDol.bif,0x062001C5,3322,8277ADD102A4F4869F342D15D3966EEAA621FA0C0B93A8DD73927DC23958568B,graphics/source/sprites/WPLJ1A4E.bam
supplemental:sprites:paperdoll-animation-bam:WPLJ1A5,sprites,paperdoll-animation-bam,WPLJ1A5,BAMC,V1,30,8,data/PaperDol.bif,0x062001C6,3593,81FCBECF8574760BC167B18D76510F12EC0A6D187EAD7DA07CC295884B29E8E6,graphics/source/sprites/WPLJ1A5.bam
supplemental:sprites:paperdoll-animation-bam:WPLJ1A5E,sprites,paperdoll-animation-bam,WPLJ1A5E,BAMC,V1,18,8,data/PaperDol.bif,0x062001C7,2411,2F4D72396FFA97D6992E661652513885EDC27869602855266BE99055655BF5CC,graphics/source/sprites/WPLJ1A5E.bam
supplemental:sprites:paperdoll-animation-bam:WPLJ1A6,sprites,paperdoll-animation-bam,WPLJ1A6,BAMC,V1,40,8,data/PaperDol.bif,0x062001C8,4557,012D94E3B6D9E257D84B0C59C2A68D79F44951EFB20BD5988B5132FC2EE77760,graphics/source/sprites/WPLJ1A6.bam
supplemental:sprites:paperdoll-animation-bam:WPLJ1A6E,sprites,paperdoll-animation-bam,WPLJ1A6E,BAMC,V1,24,8,data/PaperDol.bif,0x062001C9,2950,CD872A482826F666DDFFEA4382B79BAD8F34676C6BEED8A62DDF8B3D3AFDE4DD,graphics/source/sprites/WPLJ1A6E.bam
supplemental:sprites:paperdoll-animation-bam:WPLJ1CA,sprites,paperdoll-animation-bam,WPLJ1CA,BAMC,V1,50,62,data/PaperDol.bif,0x062001CA,5664,7F3E60D00B230081FA4D02E128337AF1AE2A6990C399DFC865301DCA566FE5EF,graphics/source/sprites/WPLJ1CA.bam
supplemental:sprites:paperdoll-animation-bam:WPLJ1CAE,sprites,paperdoll-animation-bam,WPLJ1CAE,BAMC,V1,30,64,data/PaperDol.bif,0x062001CB,3679,A7EB883E59466F502AB5F0410437A80C3D4C34907ADC1A7C03A559518E9FBB6B,graphics/source/sprites/WPLJ1CAE.bam
supplemental:sprites:paperdoll-animation-bam:WPLJ1G1,sprites,paperdoll-animation-bam,WPLJ1G1,BAMC,V1,180,72,data/PaperDol.bif,0x062001CC,16217,38B39BEA42C65DEF487785260623B3A00293A1A8D5595914099107C1B7258063,graphics/source/sprites/WPLJ1G1.bam
supplemental:sprites:paperdoll-animation-bam:WPLJ1G1E,sprites,paperdoll-animation-bam,WPLJ1G1E,BAMC,V1,108,72,data/PaperDol.bif,0x062001CD,9573,D567B9C23AA400D24EE50C7A1BAD5EF4F1775BD24C39BED11895379B1C5F9842,graphics/source/sprites/WPLJ1G1E.bam
supplemental:sprites:paperdoll-animation-bam:WPLJ1INV,sprites,paperdoll-animation-bam,WPLJ1INV,BAM,V1,2,1,data/PaperDol.bif,0x062001CE,1901,F90B216D56ECF96BCA88B7212D072E67E8528A859A677A76BF31057D5E5DBAE0,graphics/source/sprites/WPLJ1INV.bam
supplemental:sprites:paperdoll-animation-bam:WPLJ1SA,sprites,paperdoll-animation-bam,WPLJ1SA,BAMC,V1,20,8,data/PaperDol.bif,0x062001CF,2892,36CF1660665B044557C44AFC561685AEA6A83AE587C981B0D174677F86B758B3,graphics/source/sprites/WPLJ1SA.bam
supplemental:sprites:paperdoll-animation-bam:WPLJ1SAE,sprites,paperdoll-animation-bam,WPLJ1SAE,BAMC,V1,12,8,data/PaperDol.bif,0x062001D0,1843,9769FDD711E1D2713C9B18D580F1E216A0E5997D767176043E7F4F4D08D2F031,graphics/source/sprites/WPLJ1SAE.bam
supplemental:sprites:paperdoll-animation-bam:WPLJ1SX,sprites,paperdoll-animation-bam,WPLJ1SX,BAMC,V1,15,8,data/PaperDol.bif,0x062001D1,2068,7AECF7A6DF484C8A4E6908FDAE2DD1376555C3C8E1AC03E5C0FB8D8FCA642AED,graphics/source/sprites/WPLJ1SX.bam
supplemental:sprites:paperdoll-animation-bam:WPLJ1SXE,sprites,paperdoll-animation-bam,WPLJ1SXE,BAMC,V1,9,8,data/PaperDol.bif,0x062001D2,1559,A20DC76A1E81BAA766BA1607A39EF93A09055B728D21F85EF038ED46A8B6CC63,graphics/source/sprites/WPLJ1SXE.bam
supplemental:sprites:paperdoll-animation-bam:WPLJ1W2,sprites,paperdoll-animation-bam,WPLJ1W2,BAMC,V1,50,8,data/PaperDol.bif,0x062001D3,5232,88D1FA8853426C8753745803A7B9F76EF5961D76D14ECB200E37DA0AFB032270,graphics/source/sprites/WPLJ1W2.bam
supplemental:sprites:paperdoll-animation-bam:WPLJ1W2E,sprites,paperdoll-animation-bam,WPLJ1W2E,BAMC,V1,30,8,data/PaperDol.bif,0x062001D4,3208,D7DF60662AF3A4C458F61EC55287DFF32F967E33BB7E33BCB5E0B4C10472F805,graphics/source/sprites/WPLJ1W2E.bam
supplemental:sprites:paperdoll-animation-bam:WPLJ2A1,sprites,paperdoll-animation-bam,WPLJ2A1,BAMC,V1,50,16,data/PaperDol.bif,0x062001D5,5205,59628B1445D7D9696D55F62362E12EFAB6E27BCF7E185289CD00BD66DB5C8452,graphics/source/sprites/WPLJ2A1.bam
supplemental:sprites:paperdoll-animation-bam:WPLJ2A1E,sprites,paperdoll-animation-bam,WPLJ2A1E,BAMC,V1,30,16,data/PaperDol.bif,0x062001D6,3487,D964916E8826EA7D88CE8F351C48A505FA64E2FACEF27E1250695C904F87AAD0,graphics/source/sprites/WPLJ2A1E.bam
supplemental:sprites:paperdoll-animation-bam:WPLJ2A2,sprites,paperdoll-animation-bam,WPLJ2A2,BAMC,V1,50,8,data/PaperDol.bif,0x062001D7,5170,C1EF1A318AEA8EA5F64B9B78BEFC235D502B61DBF67E2B6436D61B5F2E325BA9,graphics/source/sprites/WPLJ2A2.bam
supplemental:sprites:paperdoll-animation-bam:WPLJ2A2E,sprites,paperdoll-animation-bam,WPLJ2A2E,BAMC,V1,30,8,data/PaperDol.bif,0x062001D8,3294,BBF8253FF9ED06E9981DCD2C2B066928468F02B7C2519BBC5E862729232E0E0B,graphics/source/sprites/WPLJ2A2E.bam
supplemental:sprites:paperdoll-animation-bam:WPLJ2A3,sprites,paperdoll-animation-bam,WPLJ2A3,BAMC,V1,50,8,data/PaperDol.bif,0x062001D9,5006,5DE99A4ECB3BB43A8EB7DE1B4D5BFB82C1D9723379420137E8AFD9E9D5C316A9,graphics/source/sprites/WPLJ2A3.bam
supplemental:sprites:paperdoll-animation-bam:WPLJ2A3E,sprites,paperdoll-animation-bam,WPLJ2A3E,BAMC,V1,30,8,data/PaperDol.bif,0x062001DA,3332,589C4843A7F478FD7FCA7BDB2C1A778B3148657554BC50222F53A1B356BA436A,graphics/source/sprites/WPLJ2A3E.bam
supplemental:sprites:paperdoll-animation-bam:WPLJ2A4,sprites,paperdoll-animation-bam,WPLJ2A4,BAMC,V1,50,8,data/PaperDol.bif,0x062001DB,5008,A01B740B545236301FACD6A8E1A0F3CF0866482BC776FE1D1D5755299A6CAA42,graphics/source/sprites/WPLJ2A4.bam
supplemental:sprites:paperdoll-animation-bam:WPLJ2A4E,sprites,paperdoll-animation-bam,WPLJ2A4E,BAMC,V1,30,8,data/PaperDol.bif,0x062001DC,3329,BC60ADEB54C9583FC26C90418978942BEFBA4EBC219AE2D0150CB1A1758B1F3A,graphics/source/sprites/WPLJ2A4E.bam
supplemental:sprites:paperdoll-animation-bam:WPLJ2A5,sprites,paperdoll-animation-bam,WPLJ2A5,BAMC,V1,30,8,data/PaperDol.bif,0x062001DD,3443,0FF96013199D7320C063FF882952DB00E9D6AA7FE6D98219B6CF8738AC20B611,graphics/source/sprites/WPLJ2A5.bam
supplemental:sprites:paperdoll-animation-bam:WPLJ2A5E,sprites,paperdoll-animation-bam,WPLJ2A5E,BAMC,V1,18,8,data/PaperDol.bif,0x062001DE,2427,BFB0728CB2B3E1334BF0DBCB1BD31B8487068EEE593C8A51324010BBDF6199EE,graphics/source/sprites/WPLJ2A5E.bam
supplemental:sprites:paperdoll-animation-bam:WPLJ2A6,sprites,paperdoll-animation-bam,WPLJ2A6,BAMC,V1,40,8,data/PaperDol.bif,0x062001DF,4283,A8847B6F1C054B2BBBA2099A47FE4C48B40663FCCA467E05955B218DFB9A4BC7,graphics/source/sprites/WPLJ2A6.bam
supplemental:sprites:paperdoll-animation-bam:WPLJ2A6E,sprites,paperdoll-animation-bam,WPLJ2A6E,BAMC,V1,24,8,data/PaperDol.bif,0x062001E0,2944,D4A0F68533455E6FA4A294A7BA145D6209459084214174E03A5353EC1E88D54C,graphics/source/sprites/WPLJ2A6E.bam
supplemental:sprites:paperdoll-animation-bam:WPLJ2CA,sprites,paperdoll-animation-bam,WPLJ2CA,BAMC,V1,50,62,data/PaperDol.bif,0x062001E1,5502,FFDB3410C7DF268A7ED49C2EB2A2E72874D8301508809A03A1A562454A8CF57B,graphics/source/sprites/WPLJ2CA.bam
supplemental:sprites:paperdoll-animation-bam:WPLJ2CAE,sprites,paperdoll-animation-bam,WPLJ2CAE,BAMC,V1,30,64,data/PaperDol.bif,0x062001E2,3725,CC0C5B6A829B823F06691437A5240BC980C88BD17905B7C6AEB96E2B0F313A3E,graphics/source/sprites/WPLJ2CAE.bam
supplemental:sprites:paperdoll-animation-bam:WPLJ2G1,sprites,paperdoll-animation-bam,WPLJ2G1,BAMC,V1,180,72,data/PaperDol.bif,0x062001E3,15083,29F8DAAA32EBCEE9E42D61F5090C1727B6F6E4110E158D1B2E5582E2268D92C2,graphics/source/sprites/WPLJ2G1.bam
supplemental:sprites:paperdoll-animation-bam:WPLJ2G1E,sprites,paperdoll-animation-bam,WPLJ2G1E,BAMC,V1,108,72,data/PaperDol.bif,0x062001E4,9472,743947A1F34AA5DA3325ACAF3E7D18BD51859196B4CA7991583E72F681D0B0B3,graphics/source/sprites/WPLJ2G1E.bam
supplemental:sprites:paperdoll-animation-bam:WPLJ2INV,sprites,paperdoll-animation-bam,WPLJ2INV,BAM,V1,2,1,data/PaperDol.bif,0x062001E5,2028,C44055BC8B504F38D25E348AAA872256FF3A64F7488748F1F30226EFF9141425,graphics/source/sprites/WPLJ2INV.bam
supplemental:sprites:paperdoll-animation-bam:WPLJ2SA,sprites,paperdoll-animation-bam,WPLJ2SA,BAMC,V1,20,8,data/PaperDol.bif,0x062001E6,2627,DF435EB495BFB9CD438F1AB4276BCA348720F4216E988461ECD4ED635B5F339C,graphics/source/sprites/WPLJ2SA.bam
supplemental:sprites:paperdoll-animation-bam:WPLJ2SAE,sprites,paperdoll-animation-bam,WPLJ2SAE,BAMC,V1,12,8,data/PaperDol.bif,0x062001E7,1836,F69E4C73BB365368FA4FC1064520F016082BE763251815695D54795D71960245,graphics/source/sprites/WPLJ2SAE.bam
supplemental:sprites:paperdoll-animation-bam:WPLJ2SX,sprites,paperdoll-animation-bam,WPLJ2SX,BAMC,V1,15,8,data/PaperDol.bif,0x062001E8,1940,F6AB7C19BD09BB4893EA39DE74DCB583422C6EF09AB5D695C7FEE138E856FDF2,graphics/source/sprites/WPLJ2SX.bam
supplemental:sprites:paperdoll-animation-bam:WPLJ2SXE,sprites,paperdoll-animation-bam,WPLJ2SXE,BAMC,V1,9,8,data/PaperDol.bif,0x062001E9,1540,7942383626A70C5FB63828BD773208BB366607852A88D66F90D16DA30894FAAE,graphics/source/sprites/WPLJ2SXE.bam
supplemental:sprites:paperdoll-animation-bam:WPLJ2W2,sprites,paperdoll-animation-bam,WPLJ2W2,BAMC,V1,50,8,data/PaperDol.bif,0x062001EA,4858,6F1A25E6B4DB82F6E53BAD40471D834762AA5121D60870B1EF3E6712D45A00B6,graphics/source/sprites/WPLJ2W2.bam
supplemental:sprites:paperdoll-animation-bam:WPLJ2W2E,sprites,paperdoll-animation-bam,WPLJ2W2E,BAMC,V1,30,8,data/PaperDol.bif,0x062001EB,3188,8F60335E8C71EC86786A2FDD39FBF28EFA6CBC647800FCD88629D533589E1291,graphics/source/sprites/WPLJ2W2E.bam
supplemental:sprites:paperdoll-animation-bam:WPLJ3A1,sprites,paperdoll-animation-bam,WPLJ3A1,BAMC,V1,50,16,data/PaperDol.bif,0x062001EC,5547,E202813509164C9F6BEF790341DC2AE84F91528A664A1DBC99795F8FE36BACB1,graphics/source/sprites/WPLJ3A1.bam
supplemental:sprites:paperdoll-animation-bam:WPLJ3A1E,sprites,paperdoll-animation-bam,WPLJ3A1E,BAMC,V1,30,16,data/PaperDol.bif,0x062001ED,3624,201A52138F13EDA1F3C6006C16519F61CF27C5EF95EDD3D8DE2CF6BA352B9E7E,graphics/source/sprites/WPLJ3A1E.bam
supplemental:sprites:paperdoll-animation-bam:WPLJ3A2,sprites,paperdoll-animation-bam,WPLJ3A2,BAMC,V1,50,8,data/PaperDol.bif,0x062001EE,5404,FEB095C785A3B5A323A09739905AC84AEDBAD93CF3F8455017515BB11492FA89,graphics/source/sprites/WPLJ3A2.bam
supplemental:sprites:paperdoll-animation-bam:WPLJ3A2E,sprites,paperdoll-animation-bam,WPLJ3A2E,BAMC,V1,30,8,data/PaperDol.bif,0x062001EF,3447,6DA81D7B0D327B42019CCF59E23D624E9B0667397EDE3B222585F7FB755D7BCB,graphics/source/sprites/WPLJ3A2E.bam
supplemental:sprites:paperdoll-animation-bam:WPLJ3A3,sprites,paperdoll-animation-bam,WPLJ3A3,BAMC,V1,50,8,data/PaperDol.bif,0x062001F0,5243,E3BFB31E7A4DE76247F1CDFE751F3D14F033E0325A8C582DDF6478C9F45F2ADA,graphics/source/sprites/WPLJ3A3.bam
supplemental:sprites:paperdoll-animation-bam:WPLJ3A3E,sprites,paperdoll-animation-bam,WPLJ3A3E,BAMC,V1,30,8,data/PaperDol.bif,0x062001F1,3439,B85AF097121097A56F94F7346E7082F17A34E3E6F9760CFDB25C633C3350AE1B,graphics/source/sprites/WPLJ3A3E.bam
supplemental:sprites:paperdoll-animation-bam:WPLJ3A4,sprites,paperdoll-animation-bam,WPLJ3A4,BAMC,V1,50,8,data/PaperDol.bif,0x062001F2,5262,B43197B97F7E6484DA6BBD3EDD7BF110A6A7E4D9BE9DE1644103380ABB0ECB5C,graphics/source/sprites/WPLJ3A4.bam
supplemental:sprites:paperdoll-animation-bam:WPLJ3A4E,sprites,paperdoll-animation-bam,WPLJ3A4E,BAMC,V1,30,8,data/PaperDol.bif,0x062001F3,3436,85D362C52DF9FE1B2A5695B1B1A75A670F16D1F9B5F1D8CF699D07E65E391F3B,graphics/source/sprites/WPLJ3A4E.bam
supplemental:sprites:paperdoll-animation-bam:WPLJ3A5,sprites,paperdoll-animation-bam,WPLJ3A5,BAMC,V1,30,8,data/PaperDol.bif,0x062001F4,3613,E9CBB18848DEBCD341703B832E2F4B8973900A1275CD2CC14E76ACF148B6E8CE,graphics/source/sprites/WPLJ3A5.bam
supplemental:sprites:paperdoll-animation-bam:WPLJ3A5E,sprites,paperdoll-animation-bam,WPLJ3A5E,BAMC,V1,18,8,data/PaperDol.bif,0x062001F5,2430,64B06239E83A9EEDB6C8F76729C7448172EF00A4E7441F5D41CAECC5F1117BE5,graphics/source/sprites/WPLJ3A5E.bam
supplemental:sprites:paperdoll-animation-bam:WPLJ3A6,sprites,paperdoll-animation-bam,WPLJ3A6,BAMC,V1,40,8,data/PaperDol.bif,0x062001F6,4579,75E3528907A2153656BE1929897AE0243FA6447B248098B4BA08DC05A16F8582,graphics/source/sprites/WPLJ3A6.bam
supplemental:sprites:paperdoll-animation-bam:WPLJ3A6E,sprites,paperdoll-animation-bam,WPLJ3A6E,BAMC,V1,24,8,data/PaperDol.bif,0x062001F7,2991,B417130FF49679F41DA65C9C8EE923E0B9771832D34F465399B9DCE695C693EE,graphics/source/sprites/WPLJ3A6E.bam
supplemental:sprites:paperdoll-animation-bam:WPLJ3CA,sprites,paperdoll-animation-bam,WPLJ3CA,BAMC,V1,50,64,data/PaperDol.bif,0x062001F8,5772,71704AA030EFB29BF3B3C6F8DCC568E9F1B8019CCCAD8DFA4724B69F0ADA50E0,graphics/source/sprites/WPLJ3CA.bam
supplemental:sprites:paperdoll-animation-bam:WPLJ3CAE,sprites,paperdoll-animation-bam,WPLJ3CAE,BAMC,V1,30,64,data/PaperDol.bif,0x062001F9,3633,669AB961D9BC6E861986F9D53A93CA04738882E83C7C3C47B39882A0A2B15E82,graphics/source/sprites/WPLJ3CAE.bam
supplemental:sprites:paperdoll-animation-bam:WPLJ3G1,sprites,paperdoll-animation-bam,WPLJ3G1,BAMC,V1,180,72,data/PaperDol.bif,0x062001FA,15186,D15A77A91A7FC651657A8BB8889BE32EE64223ABF3CA9786FEE6653B5F3D97B1,graphics/source/sprites/WPLJ3G1.bam
supplemental:sprites:paperdoll-animation-bam:WPLJ3G1E,sprites,paperdoll-animation-bam,WPLJ3G1E,BAMC,V1,108,72,data/PaperDol.bif,0x062001FB,9129,879A16A365E9C0D0F7B9DEF1D91B2334EDA1569FBAC8C6BAC3A1590E8CCF978A,graphics/source/sprites/WPLJ3G1E.bam
supplemental:sprites:paperdoll-animation-bam:WPLJ3INV,sprites,paperdoll-animation-bam,WPLJ3INV,BAM,V1,2,1,data/PaperDol.bif,0x062001FC,1696,ECE318CE0FD94FF955A296B1C5758015B680771EE983F2C4AE5F23B7BD7B1CEC,graphics/source/sprites/WPLJ3INV.bam
supplemental:sprites:paperdoll-animation-bam:WPLJ3SA,sprites,paperdoll-animation-bam,WPLJ3SA,BAMC,V1,20,8,data/PaperDol.bif,0x062001FD,2727,14DFC1CD3D6792360D4084A04A0CA9395719C6DC010430D43111DA730B7BC564,graphics/source/sprites/WPLJ3SA.bam
supplemental:sprites:paperdoll-animation-bam:WPLJ3SAE,sprites,paperdoll-animation-bam,WPLJ3SAE,BAMC,V1,12,8,data/PaperDol.bif,0x062001FE,1954,D9923607F341D300509E8D8B0145CF980983A33C0E8757C5F0A574284B951DC1,graphics/source/sprites/WPLJ3SAE.bam
supplemental:sprites:paperdoll-animation-bam:WPLJ3SX,sprites,paperdoll-animation-bam,WPLJ3SX,BAMC,V1,15,8,data/PaperDol.bif,0x062001FF,2003,9E1C9F457BA69FE766D29563E2285900AABE00A1F3808C4258DA9450E9CA0B62,graphics/source/sprites/WPLJ3SX.bam
supplemental:sprites:paperdoll-animation-bam:WPLJ3SXE,sprites,paperdoll-animation-bam,WPLJ3SXE,BAMC,V1,9,8,data/PaperDol.bif,0x06200200,1536,29A75D5E3BA2C6745637674AEFF1B485ACDCDF0ED5AB10DE676799D8A9BEAE29,graphics/source/sprites/WPLJ3SXE.bam
supplemental:sprites:paperdoll-animation-bam:WPLJ3W2,sprites,paperdoll-animation-bam,WPLJ3W2,BAMC,V1,50,8,data/PaperDol.bif,0x06200201,5049,4967A5AF9B7E42DE97C394C3F0684F0CC0856043EAB6CFD842F5B78720D50F70,graphics/source/sprites/WPLJ3W2.bam
supplemental:sprites:paperdoll-animation-bam:WPLJ3W2E,sprites,paperdoll-animation-bam,WPLJ3W2E,BAMC,V1,30,8,data/PaperDol.bif,0x06200202,3262,957D0CCB058F82316CB24C63C124F609FA7C5D074A2A26565B269C4994B3E8BF,graphics/source/sprites/WPLJ3W2E.bam
supplemental:sprites:paperdoll-animation-bam:WPLJ4A1,sprites,paperdoll-animation-bam,WPLJ4A1,BAMC,V1,50,16,data/PaperDol.bif,0x06200203,6682,45976A0C8F4C5A22C3F98F33CEA81F4E15CB275528642658B1EAC61AA8ABDA7E,graphics/source/sprites/WPLJ4A1.bam
supplemental:sprites:paperdoll-animation-bam:WPLJ4A1E,sprites,paperdoll-animation-bam,WPLJ4A1E,BAMC,V1,30,16,data/PaperDol.bif,0x06200204,4542,C002D1070ED18C269A46702E89108A20B01F11EB97381F926EF0D9EECDCCB466,graphics/source/sprites/WPLJ4A1E.bam
supplemental:sprites:paperdoll-animation-bam:WPLJ4A2,sprites,paperdoll-animation-bam,WPLJ4A2,BAMC,V1,50,8,data/PaperDol.bif,0x06200205,6333,E7822DA536EA6768CDD0E779B922E3E94404C8F044E517D035440F032F0D1F0C,graphics/source/sprites/WPLJ4A2.bam
supplemental:sprites:paperdoll-animation-bam:WPLJ4A2E,sprites,paperdoll-animation-bam,WPLJ4A2E,BAMC,V1,30,8,data/PaperDol.bif,0x06200206,4366,502B223250552C249D8D3E28D07BBF06F1A3551D399F2E1ED0A2C067740ADBD9,graphics/source/sprites/WPLJ4A2E.bam
supplemental:sprites:paperdoll-animation-bam:WPLJ4A3,sprites,paperdoll-animation-bam,WPLJ4A3,BAMC,V1,50,8,data/PaperDol.bif,0x06200207,6101,80EA24A207E14AD2C17BF7548B63D0BF8EC9B0B1DDAA63FC404948B152B2C025,graphics/source/sprites/WPLJ4A3.bam
supplemental:sprites:paperdoll-animation-bam:WPLJ4A3E,sprites,paperdoll-animation-bam,WPLJ4A3E,BAMC,V1,30,8,data/PaperDol.bif,0x06200208,4292,201BA97893E12147FC1B0840007C4E43555727FF40635B00E5D88E9878B2D348,graphics/source/sprites/WPLJ4A3E.bam
supplemental:sprites:paperdoll-animation-bam:WPLJ4A4,sprites,paperdoll-animation-bam,WPLJ4A4,BAMC,V1,50,8,data/PaperDol.bif,0x06200209,6140,8142CAE3017CA4C68795DF7ABC0320BDF4B263F80A23228AB78353008D42A96D,graphics/source/sprites/WPLJ4A4.bam
supplemental:sprites:paperdoll-animation-bam:WPLJ4A4E,sprites,paperdoll-animation-bam,WPLJ4A4E,BAMC,V1,30,8,data/PaperDol.bif,0x0620020A,4293,6F4864FF3C6CEF9B2B77C30B68DC7211D259329950D4A7354CCB43D0914CA994,graphics/source/sprites/WPLJ4A4E.bam
supplemental:sprites:paperdoll-animation-bam:WPLJ4A5,sprites,paperdoll-animation-bam,WPLJ4A5,BAMC,V1,30,8,data/PaperDol.bif,0x0620020B,4278,BD7D20F3C6EEC1E1461E6C756F16897A7C8FB56926A9E2D049D9C568D0759F33,graphics/source/sprites/WPLJ4A5.bam
supplemental:sprites:paperdoll-animation-bam:WPLJ4A5E,sprites,paperdoll-animation-bam,WPLJ4A5E,BAMC,V1,18,8,data/PaperDol.bif,0x0620020C,2930,409A0C7DD012B1843CA3BE8D917A69560694AE160EE67B46B01A824BD11EBB72,graphics/source/sprites/WPLJ4A5E.bam
supplemental:sprites:paperdoll-animation-bam:WPLJ4A6,sprites,paperdoll-animation-bam,WPLJ4A6,BAMC,V1,40,8,data/PaperDol.bif,0x0620020D,5318,70249A0A2441C5E16FCB0DF8F539C8F2BC8450689AC2336235DB315B8839297A,graphics/source/sprites/WPLJ4A6.bam
supplemental:sprites:paperdoll-animation-bam:WPLJ4A6E,sprites,paperdoll-animation-bam,WPLJ4A6E,BAMC,V1,24,8,data/PaperDol.bif,0x0620020E,3674,FDAFF00835BAA7107457C28FA5B315C0092171DD361DDA8AD6B59DD31296BEFF,graphics/source/sprites/WPLJ4A6E.bam
supplemental:sprites:paperdoll-animation-bam:WPLJ4CA,sprites,paperdoll-animation-bam,WPLJ4CA,BAMC,V1,50,62,data/PaperDol.bif,0x0620020F,6615,A32E589F0B1339B7D78D4C5709B39C2560AAE210BA2D9D0C83B5180B6383E6B4,graphics/source/sprites/WPLJ4CA.bam
supplemental:sprites:paperdoll-animation-bam:WPLJ4CAE,sprites,paperdoll-animation-bam,WPLJ4CAE,BAMC,V1,30,64,data/PaperDol.bif,0x06200210,4490,6C7EDAD54E99BE2A7516C9FE81DE86370BE76B1AB0EA8BC938E91290C3DE7A39,graphics/source/sprites/WPLJ4CAE.bam
supplemental:sprites:paperdoll-animation-bam:WPLJ4G1,sprites,paperdoll-animation-bam,WPLJ4G1,BAMC,V1,180,72,data/PaperDol.bif,0x06200211,18925,944A245D68C30832DA0B8112E50B5D2C4738C2D2CF4A6115B5572AEFA8633440,graphics/source/sprites/WPLJ4G1.bam
supplemental:sprites:paperdoll-animation-bam:WPLJ4G1E,sprites,paperdoll-animation-bam,WPLJ4G1E,BAMC,V1,108,72,data/PaperDol.bif,0x06200212,12109,0A39E8BA23AEA2AB9A5F14017A9AA6DF9DDA0A6758F0D8EF0F5CE48520DA49FE,graphics/source/sprites/WPLJ4G1E.bam
supplemental:sprites:paperdoll-animation-bam:WPLJ4INV,sprites,paperdoll-animation-bam,WPLJ4INV,BAM,V1,2,1,data/PaperDol.bif,0x06200213,1782,8B9E9632039CAB977BBB073BF36051ADC6927D44D6F4984AB46C2577C517E6D0,graphics/source/sprites/WPLJ4INV.bam
supplemental:sprites:paperdoll-animation-bam:WPLJ4SA,sprites,paperdoll-animation-bam,WPLJ4SA,BAMC,V1,20,8,data/PaperDol.bif,0x06200214,3114,A7CF669B3DF50080C96540E6E6D3E5159B08A44E871B6A8263E5E972BAFDA9A6,graphics/source/sprites/WPLJ4SA.bam
supplemental:sprites:paperdoll-animation-bam:WPLJ4SAE,sprites,paperdoll-animation-bam,WPLJ4SAE,BAMC,V1,12,8,data/PaperDol.bif,0x06200215,2368,B57CFA7035D1841D198B5781817605416771ECF97EE194DA309833BA21522D19,graphics/source/sprites/WPLJ4SAE.bam
supplemental:sprites:paperdoll-animation-bam:WPLJ4SX,sprites,paperdoll-animation-bam,WPLJ4SX,BAMC,V1,15,8,data/PaperDol.bif,0x06200216,2238,C7897F505B240F669225D47776A7AADC0A43BD0EA6A2616DE7E259C13B204D67,graphics/source/sprites/WPLJ4SX.bam
supplemental:sprites:paperdoll-animation-bam:WPLJ4SXE,sprites,paperdoll-animation-bam,WPLJ4SXE,BAMC,V1,9,8,data/PaperDol.bif,0x06200217,1805,252465E3181B5E2EDE268F7057D392F748C33A5660D071CE54084D96AC41CC80,graphics/source/sprites/WPLJ4SXE.bam
supplemental:sprites:paperdoll-animation-bam:WPLJ4W2,sprites,paperdoll-animation-bam,WPLJ4W2,BAMC,V1,50,8,data/PaperDol.bif,0x06200218,5750,2AE3038475C7280B76ED308280E84EBBE1C57D3EBC52E8BE71A48DF3A583F5F8,graphics/source/sprites/WPLJ4W2.bam
supplemental:sprites:paperdoll-animation-bam:WPLJ4W2E,sprites,paperdoll-animation-bam,WPLJ4W2E,BAMC,V1,30,8,data/PaperDol.bif,0x06200219,4037,910679B8453F0FED43E97B61B2EDCE3F2BD93ACF80FDF63DAB6CE08FDD93D33F,graphics/source/sprites/WPLJ4W2E.bam
supplemental:sprites:paperdoll-animation-bam:WPLJ5A1,sprites,paperdoll-animation-bam,WPLJ5A1,BAMC,V1,50,16,data/PaperDol.bif,0x0620021A,5777,6444EE28A6A8132B8AF75D4E2363900C13CF4054242B7ABF87BDE446DFB558FA,graphics/source/sprites/WPLJ5A1.bam
supplemental:sprites:paperdoll-animation-bam:WPLJ5A1E,sprites,paperdoll-animation-bam,WPLJ5A1E,BAMC,V1,30,16,data/PaperDol.bif,0x0620021B,3690,2DDA8115348D3CEA38B565DFEB9D4099C485DA256B4224166A0C77E4B5A8E7C2,graphics/source/sprites/WPLJ5A1E.bam
supplemental:sprites:paperdoll-animation-bam:WPLJ5A2,sprites,paperdoll-animation-bam,WPLJ5A2,BAMC,V1,50,8,data/PaperDol.bif,0x0620021C,5544,44E1B167B7682FE0ED9E8CD9B6917E1B432BA5C812155A205DDD91472C1E6BB6,graphics/source/sprites/WPLJ5A2.bam
supplemental:sprites:paperdoll-animation-bam:WPLJ5A2E,sprites,paperdoll-animation-bam,WPLJ5A2E,BAMC,V1,30,8,data/PaperDol.bif,0x0620021D,3442,02E654F9811E44A1A7C5DEFD1DC20F9547AE20FC7EF47FD08875BD8A2CA7DF73,graphics/source/sprites/WPLJ5A2E.bam
supplemental:sprites:paperdoll-animation-bam:WPLJ5A3,sprites,paperdoll-animation-bam,WPLJ5A3,BAMC,V1,50,8,data/PaperDol.bif,0x0620021E,5305,CA154B7B5A3A9293A0A614CFAF747099C90079CD30B81A201AB1611A3C659979,graphics/source/sprites/WPLJ5A3.bam
supplemental:sprites:paperdoll-animation-bam:WPLJ5A3E,sprites,paperdoll-animation-bam,WPLJ5A3E,BAMC,V1,30,8,data/PaperDol.bif,0x0620021F,3371,6A6BA4E823B06219820C69ABFF3048B8B1F42BE2C4E52E883CDC6F8D05C409DB,graphics/source/sprites/WPLJ5A3E.bam
supplemental:sprites:paperdoll-animation-bam:WPLJ5A4,sprites,paperdoll-animation-bam,WPLJ5A4,BAMC,V1,50,8,data/PaperDol.bif,0x06200220,5368,5E87F311ECFCB719B258C982C8C03EAA9FA4D28AF69D2817A9579193B3AC0376,graphics/source/sprites/WPLJ5A4.bam
supplemental:sprites:paperdoll-animation-bam:WPLJ5A4E,sprites,paperdoll-animation-bam,WPLJ5A4E,BAMC,V1,30,8,data/PaperDol.bif,0x06200221,3351,DAA18DB5AAE4AD24504B60531A9A0526C869F9D784308B0B7E09F84501EDB8B8,graphics/source/sprites/WPLJ5A4E.bam
supplemental:sprites:paperdoll-animation-bam:WPLJ5A5,sprites,paperdoll-animation-bam,WPLJ5A5,BAMC,V1,30,8,data/PaperDol.bif,0x06200222,3676,8DB9E9F4C4D2DCB4312896888929D8A31355879730605D7D5065DE7F6F9BA6BA,graphics/source/sprites/WPLJ5A5.bam
supplemental:sprites:paperdoll-animation-bam:WPLJ5A5E,sprites,paperdoll-animation-bam,WPLJ5A5E,BAMC,V1,18,8,data/PaperDol.bif,0x06200223,2454,13B6C6A5C62DC4D52D3D50B4457C6030A208C49758C4E25685F9D09716116F76,graphics/source/sprites/WPLJ5A5E.bam
supplemental:sprites:paperdoll-animation-bam:WPLJ5A6,sprites,paperdoll-animation-bam,WPLJ5A6,BAMC,V1,40,8,data/PaperDol.bif,0x06200224,4702,367E9C60EF1FB49D5C8A6B94BCBD4AA44AFE6F67A20C9838A6909814B63E57D6,graphics/source/sprites/WPLJ5A6.bam
supplemental:sprites:paperdoll-animation-bam:WPLJ5A6E,sprites,paperdoll-animation-bam,WPLJ5A6E,BAMC,V1,24,8,data/PaperDol.bif,0x06200225,2991,2AEC79566F65FA44CCB27A0F4108098BBCBFBBE9C0A9454ADC3B532321C99E70,graphics/source/sprites/WPLJ5A6E.bam
supplemental:sprites:paperdoll-animation-bam:WPLJ5CA,sprites,paperdoll-animation-bam,WPLJ5CA,BAMC,V1,50,64,data/PaperDol.bif,0x06200226,5860,6EB813D15D63FACD49934134E493407EAE74A127918D10D7F974B0EF2B559769,graphics/source/sprites/WPLJ5CA.bam
supplemental:sprites:paperdoll-animation-bam:WPLJ5CAE,sprites,paperdoll-animation-bam,WPLJ5CAE,BAMC,V1,30,64,data/PaperDol.bif,0x06200227,3731,2B6B29C380EC2BB0FDFB5B7E3DD485AE68C35825BEA9BB2E8FAE082E1EA42EAA,graphics/source/sprites/WPLJ5CAE.bam
supplemental:sprites:paperdoll-animation-bam:WPLJ5G1,sprites,paperdoll-animation-bam,WPLJ5G1,BAMC,V1,180,72,data/PaperDol.bif,0x06200228,15737,FEECD039FF6C789A6753B3A758225BB5D94BB49DFBFDDA68EDB58434ED48F4BE,graphics/source/sprites/WPLJ5G1.bam
supplemental:sprites:paperdoll-animation-bam:WPLJ5G1E,sprites,paperdoll-animation-bam,WPLJ5G1E,BAMC,V1,108,72,data/PaperDol.bif,0x06200229,9381,61F7E0F7D2D25E7618603E8433BF144EBBCE271DFD1187B99711F6E5F64DE29C,graphics/source/sprites/WPLJ5G1E.bam
supplemental:sprites:paperdoll-animation-bam:WPLJ5INV,sprites,paperdoll-animation-bam,WPLJ5INV,BAM,V1,2,1,data/PaperDol.bif,0x0620022A,1595,B623434E4C679066CDC14B68CDBFE01038FD8633F52C975C9DDC8550325512FB,graphics/source/sprites/WPLJ5INV.bam
supplemental:sprites:paperdoll-animation-bam:WPLJ5SA,sprites,paperdoll-animation-bam,WPLJ5SA,BAMC,V1,20,8,data/PaperDol.bif,0x0620022B,2817,D2BD25A6707A5455DD7758C78FCA7A2334DCC14636241FE9055E000C1271E9D6,graphics/source/sprites/WPLJ5SA.bam
supplemental:sprites:paperdoll-animation-bam:WPLJ5SAE,sprites,paperdoll-animation-bam,WPLJ5SAE,BAMC,V1,12,8,data/PaperDol.bif,0x0620022C,1949,87E44EC744EC2B02CCE71E38C570C31DD5DF14A9F402BD7525EE5FE4376675EC,graphics/source/sprites/WPLJ5SAE.bam
supplemental:sprites:paperdoll-animation-bam:WPLJ5SX,sprites,paperdoll-animation-bam,WPLJ5SX,BAMC,V1,15,8,data/PaperDol.bif,0x0620022D,2028,BF85AF864333878ACBC5434C9E15FBB9E58220498F5C2E13009A7EB6B7B0C142,graphics/source/sprites/WPLJ5SX.bam
supplemental:sprites:paperdoll-animation-bam:WPLJ5SXE,sprites,paperdoll-animation-bam,WPLJ5SXE,BAMC,V1,9,8,data/PaperDol.bif,0x0620022E,1511,E9FD353275C92F8F52C82D3EA4637D6617460843FC5C3DC289BD4604BE5388B7,graphics/source/sprites/WPLJ5SXE.bam
supplemental:sprites:paperdoll-animation-bam:WPLJ5W2,sprites,paperdoll-animation-bam,WPLJ5W2,BAMC,V1,50,8,data/PaperDol.bif,0x0620022F,5043,E973BADCFA1A71AC7A01EE2EC3C73DA551634107AAA6D41D6550D25D6CE73B98,graphics/source/sprites/WPLJ5W2.bam
supplemental:sprites:paperdoll-animation-bam:WPLJ5W2E,sprites,paperdoll-animation-bam,WPLJ5W2E,BAMC,V1,30,8,data/PaperDol.bif,0x06200230,3247,108B5B2312CF5EA70A8DB08A978590F631BDB681C2A74E7C351BD938DFD5E0B8,graphics/source/sprites/WPLJ5W2E.bam
supplemental:sprites:paperdoll-animation-bam:WPLJ6A1,sprites,paperdoll-animation-bam,WPLJ6A1,BAMC,V1,50,16,data/PaperDol.bif,0x06200231,5547,E202813509164C9F6BEF790341DC2AE84F91528A664A1DBC99795F8FE36BACB1,graphics/source/sprites/WPLJ6A1.bam
supplemental:sprites:paperdoll-animation-bam:WPLJ6A1E,sprites,paperdoll-animation-bam,WPLJ6A1E,BAMC,V1,30,16,data/PaperDol.bif,0x06200232,3624,201A52138F13EDA1F3C6006C16519F61CF27C5EF95EDD3D8DE2CF6BA352B9E7E,graphics/source/sprites/WPLJ6A1E.bam
supplemental:sprites:paperdoll-animation-bam:WPLJ6A2,sprites,paperdoll-animation-bam,WPLJ6A2,BAMC,V1,50,8,data/PaperDol.bif,0x06200233,5404,FEB095C785A3B5A323A09739905AC84AEDBAD93CF3F8455017515BB11492FA89,graphics/source/sprites/WPLJ6A2.bam
supplemental:sprites:paperdoll-animation-bam:WPLJ6A2E,sprites,paperdoll-animation-bam,WPLJ6A2E,BAMC,V1,30,8,data/PaperDol.bif,0x06200234,3447,6DA81D7B0D327B42019CCF59E23D624E9B0667397EDE3B222585F7FB755D7BCB,graphics/source/sprites/WPLJ6A2E.bam
supplemental:sprites:paperdoll-animation-bam:WPLJ6A3,sprites,paperdoll-animation-bam,WPLJ6A3,BAMC,V1,50,8,data/PaperDol.bif,0x06200235,5243,E3BFB31E7A4DE76247F1CDFE751F3D14F033E0325A8C582DDF6478C9F45F2ADA,graphics/source/sprites/WPLJ6A3.bam
supplemental:sprites:paperdoll-animation-bam:WPLJ6A3E,sprites,paperdoll-animation-bam,WPLJ6A3E,BAMC,V1,30,8,data/PaperDol.bif,0x06200236,3439,B85AF097121097A56F94F7346E7082F17A34E3E6F9760CFDB25C633C3350AE1B,graphics/source/sprites/WPLJ6A3E.bam
supplemental:sprites:paperdoll-animation-bam:WPLJ6A4,sprites,paperdoll-animation-bam,WPLJ6A4,BAMC,V1,50,8,data/PaperDol.bif,0x06200237,5262,B43197B97F7E6484DA6BBD3EDD7BF110A6A7E4D9BE9DE1644103380ABB0ECB5C,graphics/source/sprites/WPLJ6A4.bam
supplemental:sprites:paperdoll-animation-bam:WPLJ6A4E,sprites,paperdoll-animation-bam,WPLJ6A4E,BAMC,V1,30,8,data/PaperDol.bif,0x06200238,3436,85D362C52DF9FE1B2A5695B1B1A75A670F16D1F9B5F1D8CF699D07E65E391F3B,graphics/source/sprites/WPLJ6A4E.bam
supplemental:sprites:paperdoll-animation-bam:WPLJ6A5,sprites,paperdoll-animation-bam,WPLJ6A5,BAMC,V1,30,8,data/PaperDol.bif,0x06200239,3613,E9CBB18848DEBCD341703B832E2F4B8973900A1275CD2CC14E76ACF148B6E8CE,graphics/source/sprites/WPLJ6A5.bam
supplemental:sprites:paperdoll-animation-bam:WPLJ6A5E,sprites,paperdoll-animation-bam,WPLJ6A5E,BAMC,V1,18,8,data/PaperDol.bif,0x0620023A,2430,64B06239E83A9EEDB6C8F76729C7448172EF00A4E7441F5D41CAECC5F1117BE5,graphics/source/sprites/WPLJ6A5E.bam
supplemental:sprites:paperdoll-animation-bam:WPLJ6A6,sprites,paperdoll-animation-bam,WPLJ6A6,BAMC,V1,40,8,data/PaperDol.bif,0x0620023B,4579,75E3528907A2153656BE1929897AE0243FA6447B248098B4BA08DC05A16F8582,graphics/source/sprites/WPLJ6A6.bam
supplemental:sprites:paperdoll-animation-bam:WPLJ6A6E,sprites,paperdoll-animation-bam,WPLJ6A6E,BAMC,V1,24,8,data/PaperDol.bif,0x0620023C,2991,B417130FF49679F41DA65C9C8EE923E0B9771832D34F465399B9DCE695C693EE,graphics/source/sprites/WPLJ6A6E.bam
supplemental:sprites:paperdoll-animation-bam:WPLJ6CA,sprites,paperdoll-animation-bam,WPLJ6CA,BAMC,V1,50,64,data/PaperDol.bif,0x0620023D,5772,71704AA030EFB29BF3B3C6F8DCC568E9F1B8019CCCAD8DFA4724B69F0ADA50E0,graphics/source/sprites/WPLJ6CA.bam
supplemental:sprites:paperdoll-animation-bam:WPLJ6CAE,sprites,paperdoll-animation-bam,WPLJ6CAE,BAMC,V1,30,64,data/PaperDol.bif,0x0620023E,3633,669AB961D9BC6E861986F9D53A93CA04738882E83C7C3C47B39882A0A2B15E82,graphics/source/sprites/WPLJ6CAE.bam
supplemental:sprites:paperdoll-animation-bam:WPLJ6G1,sprites,paperdoll-animation-bam,WPLJ6G1,BAMC,V1,180,72,data/PaperDol.bif,0x0620023F,15186,D15A77A91A7FC651657A8BB8889BE32EE64223ABF3CA9786FEE6653B5F3D97B1,graphics/source/sprites/WPLJ6G1.bam
supplemental:sprites:paperdoll-animation-bam:WPLJ6G1E,sprites,paperdoll-animation-bam,WPLJ6G1E,BAMC,V1,108,72,data/PaperDol.bif,0x06200240,9129,879A16A365E9C0D0F7B9DEF1D91B2334EDA1569FBAC8C6BAC3A1590E8CCF978A,graphics/source/sprites/WPLJ6G1E.bam
supplemental:sprites:paperdoll-animation-bam:WPLJ6INV,sprites,paperdoll-animation-bam,WPLJ6INV,BAM,V1,2,1,data/PaperDol.bif,0x06200241,1583,6B8411EE6D147809911E631F024F7FFA0ED9BD9A6B3FABB39D57A9959F63220F,graphics/source/sprites/WPLJ6INV.bam
supplemental:sprites:paperdoll-animation-bam:WPLJ6SA,sprites,paperdoll-animation-bam,WPLJ6SA,BAMC,V1,20,8,data/PaperDol.bif,0x06200242,2727,14DFC1CD3D6792360D4084A04A0CA9395719C6DC010430D43111DA730B7BC564,graphics/source/sprites/WPLJ6SA.bam
supplemental:sprites:paperdoll-animation-bam:WPLJ6SAE,sprites,paperdoll-animation-bam,WPLJ6SAE,BAMC,V1,12,8,data/PaperDol.bif,0x06200243,1954,D9923607F341D300509E8D8B0145CF980983A33C0E8757C5F0A574284B951DC1,graphics/source/sprites/WPLJ6SAE.bam
supplemental:sprites:paperdoll-animation-bam:WPLJ6SX,sprites,paperdoll-animation-bam,WPLJ6SX,BAMC,V1,15,8,data/PaperDol.bif,0x06200244,2003,9E1C9F457BA69FE766D29563E2285900AABE00A1F3808C4258DA9450E9CA0B62,graphics/source/sprites/WPLJ6SX.bam
supplemental:sprites:paperdoll-animation-bam:WPLJ6SXE,sprites,paperdoll-animation-bam,WPLJ6SXE,BAMC,V1,9,8,data/PaperDol.bif,0x06200245,1536,29A75D5E3BA2C6745637674AEFF1B485ACDCDF0ED5AB10DE676799D8A9BEAE29,graphics/source/sprites/WPLJ6SXE.bam
supplemental:sprites:paperdoll-animation-bam:WPLJ6W2,sprites,paperdoll-animation-bam,WPLJ6W2,BAMC,V1,50,8,data/PaperDol.bif,0x06200246,5049,4967A5AF9B7E42DE97C394C3F0684F0CC0856043EAB6CFD842F5B78720D50F70,graphics/source/sprites/WPLJ6W2.bam
supplemental:sprites:paperdoll-animation-bam:WPLJ6W2E,sprites,paperdoll-animation-bam,WPLJ6W2E,BAMC,V1,30,8,data/PaperDol.bif,0x06200247,3262,957D0CCB058F82316CB24C63C124F609FA7C5D074A2A26565B269C4994B3E8BF,graphics/source/sprites/WPLJ6W2E.bam
supplemental:sprites:paperdoll-animation-bam:WPLJ7A1,sprites,paperdoll-animation-bam,WPLJ7A1,BAMC,V1,50,16,data/PaperDol.bif,0x06200248,5691,619FE8C78134036459DE5BF4D1360B27E93B1B7EB4B8A0759190BC0586355D37,graphics/source/sprites/WPLJ7A1.bam
supplemental:sprites:paperdoll-animation-bam:WPLJ7A1E,sprites,paperdoll-animation-bam,WPLJ7A1E,BAMC,V1,30,16,data/PaperDol.bif,0x06200249,3567,382F1965C24029AFAA81A72738A7501F200871490C219F47C3B092C31D7E9E97,graphics/source/sprites/WPLJ7A1E.bam
supplemental:sprites:paperdoll-animation-bam:WPLJ7A2,sprites,paperdoll-animation-bam,WPLJ7A2,BAMC,V1,50,8,data/PaperDol.bif,0x0620024A,5654,346780D8B06503BD3D97EC8A1A6E249309A5818BFED301632193E5911D7D8119,graphics/source/sprites/WPLJ7A2.bam
supplemental:sprites:paperdoll-animation-bam:WPLJ7A2E,sprites,paperdoll-animation-bam,WPLJ7A2E,BAMC,V1,30,8,data/PaperDol.bif,0x0620024B,3385,641FAE9169C051706ADF9C40EEA78BB279C22B8D9B3B9F0466B4954EEBE3EDEE,graphics/source/sprites/WPLJ7A2E.bam
supplemental:sprites:paperdoll-animation-bam:WPLJ7A3,sprites,paperdoll-animation-bam,WPLJ7A3,BAMC,V1,50,8,data/PaperDol.bif,0x0620024C,5495,F5714F2593C4E3BFA2A8DB19E90F5761A9A6253969F9BE4C163DA9817B490923,graphics/source/sprites/WPLJ7A3.bam
supplemental:sprites:paperdoll-animation-bam:WPLJ7A3E,sprites,paperdoll-animation-bam,WPLJ7A3E,BAMC,V1,30,8,data/PaperDol.bif,0x0620024D,3328,29EFD381E0155B15CF5161D45C9BD9FF975158DB1686387426AE7122ED4E95AC,graphics/source/sprites/WPLJ7A3E.bam
supplemental:sprites:paperdoll-animation-bam:WPLJ7A4,sprites,paperdoll-animation-bam,WPLJ7A4,BAMC,V1,50,8,data/PaperDol.bif,0x0620024E,5496,60B398830E14FFC84690A6C085D85E4FC07A04122B9D75049C081E931E6C7716,graphics/source/sprites/WPLJ7A4.bam
supplemental:sprites:paperdoll-animation-bam:WPLJ7A4E,sprites,paperdoll-animation-bam,WPLJ7A4E,BAMC,V1,30,8,data/PaperDol.bif,0x0620024F,3322,8277ADD102A4F4869F342D15D3966EEAA621FA0C0B93A8DD73927DC23958568B,graphics/source/sprites/WPLJ7A4E.bam
supplemental:sprites:paperdoll-animation-bam:WPLJ7A5,sprites,paperdoll-animation-bam,WPLJ7A5,BAMC,V1,30,8,data/PaperDol.bif,0x06200250,3593,81FCBECF8574760BC167B18D76510F12EC0A6D187EAD7DA07CC295884B29E8E6,graphics/source/sprites/WPLJ7A5.bam
supplemental:sprites:paperdoll-animation-bam:WPLJ7A5E,sprites,paperdoll-animation-bam,WPLJ7A5E,BAMC,V1,18,8,data/PaperDol.bif,0x06200251,2411,2F4D72396FFA97D6992E661652513885EDC27869602855266BE99055655BF5CC,graphics/source/sprites/WPLJ7A5E.bam
supplemental:sprites:paperdoll-animation-bam:WPLJ7A6,sprites,paperdoll-animation-bam,WPLJ7A6,BAMC,V1,40,8,data/PaperDol.bif,0x06200252,4557,012D94E3B6D9E257D84B0C59C2A68D79F44951EFB20BD5988B5132FC2EE77760,graphics/source/sprites/WPLJ7A6.bam
supplemental:sprites:paperdoll-animation-bam:WPLJ7A6E,sprites,paperdoll-animation-bam,WPLJ7A6E,BAMC,V1,24,8,data/PaperDol.bif,0x06200253,2950,CD872A482826F666DDFFEA4382B79BAD8F34676C6BEED8A62DDF8B3D3AFDE4DD,graphics/source/sprites/WPLJ7A6E.bam
supplemental:sprites:paperdoll-animation-bam:WPLJ7CA,sprites,paperdoll-animation-bam,WPLJ7CA,BAMC,V1,50,62,data/PaperDol.bif,0x06200254,5664,7F3E60D00B230081FA4D02E128337AF1AE2A6990C399DFC865301DCA566FE5EF,graphics/source/sprites/WPLJ7CA.bam
supplemental:sprites:paperdoll-animation-bam:WPLJ7CAE,sprites,paperdoll-animation-bam,WPLJ7CAE,BAMC,V1,30,64,data/PaperDol.bif,0x06200255,3679,A7EB883E59466F502AB5F0410437A80C3D4C34907ADC1A7C03A559518E9FBB6B,graphics/source/sprites/WPLJ7CAE.bam
supplemental:sprites:paperdoll-animation-bam:WPLJ7G1,sprites,paperdoll-animation-bam,WPLJ7G1,BAMC,V1,180,72,data/PaperDol.bif,0x06200256,16217,38B39BEA42C65DEF487785260623B3A00293A1A8D5595914099107C1B7258063,graphics/source/sprites/WPLJ7G1.bam
supplemental:sprites:paperdoll-animation-bam:WPLJ7G1E,sprites,paperdoll-animation-bam,WPLJ7G1E,BAMC,V1,108,72,data/PaperDol.bif,0x06200257,9573,D567B9C23AA400D24EE50C7A1BAD5EF4F1775BD24C39BED11895379B1C5F9842,graphics/source/sprites/WPLJ7G1E.bam
supplemental:sprites:paperdoll-animation-bam:WPLJ7INV,sprites,paperdoll-animation-bam,WPLJ7INV,BAM,V1,2,1,data/PaperDol.bif,0x06200258,1713,22F4DB7908055EB153760EA0AE402226441BCFA358C0C9F3191A844BFD38525C,graphics/source/sprites/WPLJ7INV.bam
supplemental:sprites:paperdoll-animation-bam:WPLJ7SA,sprites,paperdoll-animation-bam,WPLJ7SA,BAMC,V1,20,8,data/PaperDol.bif,0x06200259,2892,36CF1660665B044557C44AFC561685AEA6A83AE587C981B0D174677F86B758B3,graphics/source/sprites/WPLJ7SA.bam
supplemental:sprites:paperdoll-animation-bam:WPLJ7SAE,sprites,paperdoll-animation-bam,WPLJ7SAE,BAMC,V1,12,8,data/PaperDol.bif,0x0620025A,1843,9769FDD711E1D2713C9B18D580F1E216A0E5997D767176043E7F4F4D08D2F031,graphics/source/sprites/WPLJ7SAE.bam
supplemental:sprites:paperdoll-animation-bam:WPLJ7SX,sprites,paperdoll-animation-bam,WPLJ7SX,BAMC,V1,15,8,data/PaperDol.bif,0x0620025B,2068,7AECF7A6DF484C8A4E6908FDAE2DD1376555C3C8E1AC03E5C0FB8D8FCA642AED,graphics/source/sprites/WPLJ7SX.bam
supplemental:sprites:paperdoll-animation-bam:WPLJ7SXE,sprites,paperdoll-animation-bam,WPLJ7SXE,BAMC,V1,9,8,data/PaperDol.bif,0x0620025C,1559,A20DC76A1E81BAA766BA1607A39EF93A09055B728D21F85EF038ED46A8B6CC63,graphics/source/sprites/WPLJ7SXE.bam
supplemental:sprites:paperdoll-animation-bam:WPLJ7W2,sprites,paperdoll-animation-bam,WPLJ7W2,BAMC,V1,50,8,data/PaperDol.bif,0x0620025D,5232,88D1FA8853426C8753745803A7B9F76EF5961D76D14ECB200E37DA0AFB032270,graphics/source/sprites/WPLJ7W2.bam
supplemental:sprites:paperdoll-animation-bam:WPLJ7W2E,sprites,paperdoll-animation-bam,WPLJ7W2E,BAMC,V1,30,8,data/PaperDol.bif,0x0620025E,3208,D7DF60662AF3A4C458F61EC55287DFF32F967E33BB7E33BCB5E0B4C10472F805,graphics/source/sprites/WPLJ7W2E.bam
supplemental:sprites:paperdoll-animation-bam:WPLJ8A1,sprites,paperdoll-animation-bam,WPLJ8A1,BAMC,V1,50,16,data/PaperDol.bif,0x0620025F,5205,59628B1445D7D9696D55F62362E12EFAB6E27BCF7E185289CD00BD66DB5C8452,graphics/source/sprites/WPLJ8A1.bam
supplemental:sprites:paperdoll-animation-bam:WPLJ8A1E,sprites,paperdoll-animation-bam,WPLJ8A1E,BAMC,V1,30,16,data/PaperDol.bif,0x06200260,3487,D964916E8826EA7D88CE8F351C48A505FA64E2FACEF27E1250695C904F87AAD0,graphics/source/sprites/WPLJ8A1E.bam
supplemental:sprites:paperdoll-animation-bam:WPLJ8A2,sprites,paperdoll-animation-bam,WPLJ8A2,BAMC,V1,50,8,data/PaperDol.bif,0x06200261,5170,C1EF1A318AEA8EA5F64B9B78BEFC235D502B61DBF67E2B6436D61B5F2E325BA9,graphics/source/sprites/WPLJ8A2.bam
supplemental:sprites:paperdoll-animation-bam:WPLJ8A2E,sprites,paperdoll-animation-bam,WPLJ8A2E,BAMC,V1,30,8,data/PaperDol.bif,0x06200262,3294,BBF8253FF9ED06E9981DCD2C2B066928468F02B7C2519BBC5E862729232E0E0B,graphics/source/sprites/WPLJ8A2E.bam
supplemental:sprites:paperdoll-animation-bam:WPLJ8A3,sprites,paperdoll-animation-bam,WPLJ8A3,BAMC,V1,50,8,data/PaperDol.bif,0x06200263,5006,5DE99A4ECB3BB43A8EB7DE1B4D5BFB82C1D9723379420137E8AFD9E9D5C316A9,graphics/source/sprites/WPLJ8A3.bam
supplemental:sprites:paperdoll-animation-bam:WPLJ8A3E,sprites,paperdoll-animation-bam,WPLJ8A3E,BAMC,V1,30,8,data/PaperDol.bif,0x06200264,3332,589C4843A7F478FD7FCA7BDB2C1A778B3148657554BC50222F53A1B356BA436A,graphics/source/sprites/WPLJ8A3E.bam
supplemental:sprites:paperdoll-animation-bam:WPLJ8A4,sprites,paperdoll-animation-bam,WPLJ8A4,BAMC,V1,50,8,data/PaperDol.bif,0x06200265,5008,A01B740B545236301FACD6A8E1A0F3CF0866482BC776FE1D1D5755299A6CAA42,graphics/source/sprites/WPLJ8A4.bam
supplemental:sprites:paperdoll-animation-bam:WPLJ8A4E,sprites,paperdoll-animation-bam,WPLJ8A4E,BAMC,V1,30,8,data/PaperDol.bif,0x06200266,3329,BC60ADEB54C9583FC26C90418978942BEFBA4EBC219AE2D0150CB1A1758B1F3A,graphics/source/sprites/WPLJ8A4E.bam
supplemental:sprites:paperdoll-animation-bam:WPLJ8A5,sprites,paperdoll-animation-bam,WPLJ8A5,BAMC,V1,30,8,data/PaperDol.bif,0x06200267,3443,0FF96013199D7320C063FF882952DB00E9D6AA7FE6D98219B6CF8738AC20B611,graphics/source/sprites/WPLJ8A5.bam
supplemental:sprites:paperdoll-animation-bam:WPLJ8A5E,sprites,paperdoll-animation-bam,WPLJ8A5E,BAMC,V1,18,8,data/PaperDol.bif,0x06200268,2427,BFB0728CB2B3E1334BF0DBCB1BD31B8487068EEE593C8A51324010BBDF6199EE,graphics/source/sprites/WPLJ8A5E.bam
supplemental:sprites:paperdoll-animation-bam:WPLJ8A6,sprites,paperdoll-animation-bam,WPLJ8A6,BAMC,V1,40,8,data/PaperDol.bif,0x06200269,4283,A8847B6F1C054B2BBBA2099A47FE4C48B40663FCCA467E05955B218DFB9A4BC7,graphics/source/sprites/WPLJ8A6.bam
supplemental:sprites:paperdoll-animation-bam:WPLJ8A6E,sprites,paperdoll-animation-bam,WPLJ8A6E,BAMC,V1,24,8,data/PaperDol.bif,0x0620026A,2944,D4A0F68533455E6FA4A294A7BA145D6209459084214174E03A5353EC1E88D54C,graphics/source/sprites/WPLJ8A6E.bam
supplemental:sprites:paperdoll-animation-bam:WPLJ8CA,sprites,paperdoll-animation-bam,WPLJ8CA,BAMC,V1,50,62,data/PaperDol.bif,0x0620026B,5502,FFDB3410C7DF268A7ED49C2EB2A2E72874D8301508809A03A1A562454A8CF57B,graphics/source/sprites/WPLJ8CA.bam
supplemental:sprites:paperdoll-animation-bam:WPLJ8CAE,sprites,paperdoll-animation-bam,WPLJ8CAE,BAMC,V1,30,64,data/PaperDol.bif,0x0620026C,3725,CC0C5B6A829B823F06691437A5240BC980C88BD17905B7C6AEB96E2B0F313A3E,graphics/source/sprites/WPLJ8CAE.bam
supplemental:sprites:paperdoll-animation-bam:WPLJ8G1,sprites,paperdoll-animation-bam,WPLJ8G1,BAMC,V1,180,72,data/PaperDol.bif,0x0620026D,15083,29F8DAAA32EBCEE9E42D61F5090C1727B6F6E4110E158D1B2E5582E2268D92C2,graphics/source/sprites/WPLJ8G1.bam
supplemental:sprites:paperdoll-animation-bam:WPLJ8G1E,sprites,paperdoll-animation-bam,WPLJ8G1E,BAMC,V1,108,72,data/PaperDol.bif,0x0620026E,9472,743947A1F34AA5DA3325ACAF3E7D18BD51859196B4CA7991583E72F681D0B0B3,graphics/source/sprites/WPLJ8G1E.bam
supplemental:sprites:paperdoll-animation-bam:WPLJ8INV,sprites,paperdoll-animation-bam,WPLJ8INV,BAM,V1,2,1,data/PaperDol.bif,0x0620026F,1885,C699C225FB5251FF77BE376D9261C33DAD56C6BFDFB633156F92B4E524ACDEFA,graphics/source/sprites/WPLJ8INV.bam
supplemental:sprites:paperdoll-animation-bam:WPLJ8SA,sprites,paperdoll-animation-bam,WPLJ8SA,BAMC,V1,20,8,data/PaperDol.bif,0x06200270,2627,DF435EB495BFB9CD438F1AB4276BCA348720F4216E988461ECD4ED635B5F339C,graphics/source/sprites/WPLJ8SA.bam
supplemental:sprites:paperdoll-animation-bam:WPLJ8SAE,sprites,paperdoll-animation-bam,WPLJ8SAE,BAMC,V1,12,8,data/PaperDol.bif,0x06200271,1836,F69E4C73BB365368FA4FC1064520F016082BE763251815695D54795D71960245,graphics/source/sprites/WPLJ8SAE.bam
supplemental:sprites:paperdoll-animation-bam:WPLJ8SX,sprites,paperdoll-animation-bam,WPLJ8SX,BAMC,V1,15,8,data/PaperDol.bif,0x06200272,1940,F6AB7C19BD09BB4893EA39DE74DCB583422C6EF09AB5D695C7FEE138E856FDF2,graphics/source/sprites/WPLJ8SX.bam
supplemental:sprites:paperdoll-animation-bam:WPLJ8SXE,sprites,paperdoll-animation-bam,WPLJ8SXE,BAMC,V1,9,8,data/PaperDol.bif,0x06200273,1540,7942383626A70C5FB63828BD773208BB366607852A88D66F90D16DA30894FAAE,graphics/source/sprites/WPLJ8SXE.bam
supplemental:sprites:paperdoll-animation-bam:WPLJ8W2,sprites,paperdoll-animation-bam,WPLJ8W2,BAMC,V1,50,8,data/PaperDol.bif,0x06200274,4858,6F1A25E6B4DB82F6E53BAD40471D834762AA5121D60870B1EF3E6712D45A00B6,graphics/source/sprites/WPLJ8W2.bam
supplemental:sprites:paperdoll-animation-bam:WPLJ8W2E,sprites,paperdoll-animation-bam,WPLJ8W2E,BAMC,V1,30,8,data/PaperDol.bif,0x06200275,3188,8F60335E8C71EC86786A2FDD39FBF28EFA6CBC647800FCD88629D533589E1291,graphics/source/sprites/WPLJ8W2E.bam
supplemental:sprites:paperdoll-animation-bam:WPLJ9A1,sprites,paperdoll-animation-bam,WPLJ9A1,BAMC,V1,50,16,data/PaperDol.bif,0x06200276,5777,6444EE28A6A8132B8AF75D4E2363900C13CF4054242B7ABF87BDE446DFB558FA,graphics/source/sprites/WPLJ9A1.bam
supplemental:sprites:paperdoll-animation-bam:WPLJ9A1E,sprites,paperdoll-animation-bam,WPLJ9A1E,BAMC,V1,30,16,data/PaperDol.bif,0x06200277,3690,2DDA8115348D3CEA38B565DFEB9D4099C485DA256B4224166A0C77E4B5A8E7C2,graphics/source/sprites/WPLJ9A1E.bam
supplemental:sprites:paperdoll-animation-bam:WPLJ9A2,sprites,paperdoll-animation-bam,WPLJ9A2,BAMC,V1,50,8,data/PaperDol.bif,0x06200278,5544,44E1B167B7682FE0ED9E8CD9B6917E1B432BA5C812155A205DDD91472C1E6BB6,graphics/source/sprites/WPLJ9A2.bam
supplemental:sprites:paperdoll-animation-bam:WPLJ9A2E,sprites,paperdoll-animation-bam,WPLJ9A2E,BAMC,V1,30,8,data/PaperDol.bif,0x06200279,3442,02E654F9811E44A1A7C5DEFD1DC20F9547AE20FC7EF47FD08875BD8A2CA7DF73,graphics/source/sprites/WPLJ9A2E.bam
supplemental:sprites:paperdoll-animation-bam:WPLJ9A3,sprites,paperdoll-animation-bam,WPLJ9A3,BAMC,V1,50,8,data/PaperDol.bif,0x0620027A,5305,CA154B7B5A3A9293A0A614CFAF747099C90079CD30B81A201AB1611A3C659979,graphics/source/sprites/WPLJ9A3.bam
supplemental:sprites:paperdoll-animation-bam:WPLJ9A3E,sprites,paperdoll-animation-bam,WPLJ9A3E,BAMC,V1,30,8,data/PaperDol.bif,0x0620027B,3371,6A6BA4E823B06219820C69ABFF3048B8B1F42BE2C4E52E883CDC6F8D05C409DB,graphics/source/sprites/WPLJ9A3E.bam
supplemental:sprites:paperdoll-animation-bam:WPLJ9A4,sprites,paperdoll-animation-bam,WPLJ9A4,BAMC,V1,50,8,data/PaperDol.bif,0x0620027C,5368,5E87F311ECFCB719B258C982C8C03EAA9FA4D28AF69D2817A9579193B3AC0376,graphics/source/sprites/WPLJ9A4.bam
supplemental:sprites:paperdoll-animation-bam:WPLJ9A4E,sprites,paperdoll-animation-bam,WPLJ9A4E,BAMC,V1,30,8,data/PaperDol.bif,0x0620027D,3351,DAA18DB5AAE4AD24504B60531A9A0526C869F9D784308B0B7E09F84501EDB8B8,graphics/source/sprites/WPLJ9A4E.bam
supplemental:sprites:paperdoll-animation-bam:WPLJ9A5,sprites,paperdoll-animation-bam,WPLJ9A5,BAMC,V1,30,8,data/PaperDol.bif,0x0620027E,3676,8DB9E9F4C4D2DCB4312896888929D8A31355879730605D7D5065DE7F6F9BA6BA,graphics/source/sprites/WPLJ9A5.bam
supplemental:sprites:paperdoll-animation-bam:WPLJ9A5E,sprites,paperdoll-animation-bam,WPLJ9A5E,BAMC,V1,18,8,data/PaperDol.bif,0x0620027F,2454,13B6C6A5C62DC4D52D3D50B4457C6030A208C49758C4E25685F9D09716116F76,graphics/source/sprites/WPLJ9A5E.bam
supplemental:sprites:paperdoll-animation-bam:WPLJ9A6,sprites,paperdoll-animation-bam,WPLJ9A6,BAMC,V1,40,8,data/PaperDol.bif,0x06200280,4702,367E9C60EF1FB49D5C8A6B94BCBD4AA44AFE6F67A20C9838A6909814B63E57D6,graphics/source/sprites/WPLJ9A6.bam
supplemental:sprites:paperdoll-animation-bam:WPLJ9A6E,sprites,paperdoll-animation-bam,WPLJ9A6E,BAMC,V1,24,8,data/PaperDol.bif,0x06200281,2991,2AEC79566F65FA44CCB27A0F4108098BBCBFBBE9C0A9454ADC3B532321C99E70,graphics/source/sprites/WPLJ9A6E.bam
supplemental:sprites:paperdoll-animation-bam:WPLJ9CA,sprites,paperdoll-animation-bam,WPLJ9CA,BAMC,V1,50,64,data/PaperDol.bif,0x06200282,5860,6EB813D15D63FACD49934134E493407EAE74A127918D10D7F974B0EF2B559769,graphics/source/sprites/WPLJ9CA.bam
supplemental:sprites:paperdoll-animation-bam:WPLJ9CAE,sprites,paperdoll-animation-bam,WPLJ9CAE,BAMC,V1,30,64,data/PaperDol.bif,0x06200283,3731,2B6B29C380EC2BB0FDFB5B7E3DD485AE68C35825BEA9BB2E8FAE082E1EA42EAA,graphics/source/sprites/WPLJ9CAE.bam
supplemental:sprites:paperdoll-animation-bam:WPLJ9G1,sprites,paperdoll-animation-bam,WPLJ9G1,BAMC,V1,180,72,data/PaperDol.bif,0x06200284,15737,FEECD039FF6C789A6753B3A758225BB5D94BB49DFBFDDA68EDB58434ED48F4BE,graphics/source/sprites/WPLJ9G1.bam
supplemental:sprites:paperdoll-animation-bam:WPLJ9G1E,sprites,paperdoll-animation-bam,WPLJ9G1E,BAMC,V1,108,72,data/PaperDol.bif,0x06200285,9381,61F7E0F7D2D25E7618603E8433BF144EBBCE271DFD1187B99711F6E5F64DE29C,graphics/source/sprites/WPLJ9G1E.bam
supplemental:sprites:paperdoll-animation-bam:WPLJ9INV,sprites,paperdoll-animation-bam,WPLJ9INV,BAM,V1,2,1,data/PaperDol.bif,0x06200286,1931,499775634EEB3825B048B27BF821608DC9D7A7177E882D1ACCF5007BB2642372,graphics/source/sprites/WPLJ9INV.bam
supplemental:sprites:paperdoll-animation-bam:WPLJ9SA,sprites,paperdoll-animation-bam,WPLJ9SA,BAMC,V1,20,8,data/PaperDol.bif,0x06200287,2817,D2BD25A6707A5455DD7758C78FCA7A2334DCC14636241FE9055E000C1271E9D6,graphics/source/sprites/WPLJ9SA.bam
supplemental:sprites:paperdoll-animation-bam:WPLJ9SAE,sprites,paperdoll-animation-bam,WPLJ9SAE,BAMC,V1,12,8,data/PaperDol.bif,0x06200288,1949,87E44EC744EC2B02CCE71E38C570C31DD5DF14A9F402BD7525EE5FE4376675EC,graphics/source/sprites/WPLJ9SAE.bam
supplemental:sprites:paperdoll-animation-bam:WPLJ9SX,sprites,paperdoll-animation-bam,WPLJ9SX,BAMC,V1,15,8,data/PaperDol.bif,0x06200289,2028,BF85AF864333878ACBC5434C9E15FBB9E58220498F5C2E13009A7EB6B7B0C142,graphics/source/sprites/WPLJ9SX.bam
supplemental:sprites:paperdoll-animation-bam:WPLJ9SXE,sprites,paperdoll-animation-bam,WPLJ9SXE,BAMC,V1,9,8,data/PaperDol.bif,0x0620028A,1511,E9FD353275C92F8F52C82D3EA4637D6617460843FC5C3DC289BD4604BE5388B7,graphics/source/sprites/WPLJ9SXE.bam
supplemental:sprites:paperdoll-animation-bam:WPLJ9W2,sprites,paperdoll-animation-bam,WPLJ9W2,BAMC,V1,50,8,data/PaperDol.bif,0x0620028B,5043,E973BADCFA1A71AC7A01EE2EC3C73DA551634107AAA6D41D6550D25D6CE73B98,graphics/source/sprites/WPLJ9W2.bam
supplemental:sprites:paperdoll-animation-bam:WPLJ9W2E,sprites,paperdoll-animation-bam,WPLJ9W2E,BAMC,V1,30,8,data/PaperDol.bif,0x0620028C,3247,108B5B2312CF5EA70A8DB08A978590F631BDB681C2A74E7C351BD938DFD5E0B8,graphics/source/sprites/WPLJ9W2E.bam
supplemental:sprites:paperdoll-animation-bam:WPLJAA1,sprites,paperdoll-animation-bam,WPLJAA1,BAMC,V1,50,16,data/PaperDol.bif,0x0620028D,9498,3ED583122EEEBFF7F257C6EDA6B2800D671C0B85B20261763184D254EEF85458,graphics/source/sprites/WPLJAA1.bam
supplemental:sprites:paperdoll-animation-bam:WPLJAA1E,sprites,paperdoll-animation-bam,WPLJAA1E,BAMC,V1,30,16,data/PaperDol.bif,0x0620028E,6010,845131CCF1ED55A7BD3C3BF0DB6862F2CAF51E883843229B1932ED028425248A,graphics/source/sprites/WPLJAA1E.bam
supplemental:sprites:paperdoll-animation-bam:WPLJAA2,sprites,paperdoll-animation-bam,WPLJAA2,BAMC,V1,50,8,data/PaperDol.bif,0x0620028F,9302,69D5BADA2CB59CABF4AE55D7DC6528D006D2AD23665251E1B9D6D119D77B0743,graphics/source/sprites/WPLJAA2.bam
supplemental:sprites:paperdoll-animation-bam:WPLJAA2E,sprites,paperdoll-animation-bam,WPLJAA2E,BAMC,V1,30,8,data/PaperDol.bif,0x06200290,5625,BB57F862D6863A20E35F97A04E0B8216AAD7D1DF6F63A7A7E3AAEC503F40037D,graphics/source/sprites/WPLJAA2E.bam
supplemental:sprites:paperdoll-animation-bam:WPLJAA3,sprites,paperdoll-animation-bam,WPLJAA3,BAMC,V1,50,8,data/PaperDol.bif,0x06200291,9239,26D60F9BE58C1907CA1B2F784AA27A2FC8F2C8D8DBEBEA23997277BF9E750DBA,graphics/source/sprites/WPLJAA3.bam
supplemental:sprites:paperdoll-animation-bam:WPLJAA3E,sprites,paperdoll-animation-bam,WPLJAA3E,BAMC,V1,30,8,data/PaperDol.bif,0x06200292,5657,B6D4D548C66A7D5726DD07EA5E771AE694F22A29E3FDB955803C3180CCFAE75C,graphics/source/sprites/WPLJAA3E.bam
supplemental:sprites:paperdoll-animation-bam:WPLJAA4,sprites,paperdoll-animation-bam,WPLJAA4,BAMC,V1,50,8,data/PaperDol.bif,0x06200293,9210,8B9306DD42E24C45F558E494C44878C7E8E96C7921FCE55FC3D4509DD22B37DB,graphics/source/sprites/WPLJAA4.bam
supplemental:sprites:paperdoll-animation-bam:WPLJAA4E,sprites,paperdoll-animation-bam,WPLJAA4E,BAMC,V1,30,8,data/PaperDol.bif,0x06200294,5641,3ED938FA4209935980C37AB4828B667F9215F3557E2814AC6470ED5D015F1F90,graphics/source/sprites/WPLJAA4E.bam
supplemental:sprites:paperdoll-animation-bam:WPLJAA5,sprites,paperdoll-animation-bam,WPLJAA5,BAMC,V1,30,8,data/PaperDol.bif,0x06200295,6147,A7DC2A10B784867F63B3A2D04CF3ADB886A7E30CB5BE92A71BEB9754D86A8113,graphics/source/sprites/WPLJAA5.bam
supplemental:sprites:paperdoll-animation-bam:WPLJAA5E,sprites,paperdoll-animation-bam,WPLJAA5E,BAMC,V1,18,8,data/PaperDol.bif,0x06200296,3833,7A5023ACC9347E4AEDBD5BA7BCE41CF956AD6CB8BD2B9FC49E1D165A004B2F96,graphics/source/sprites/WPLJAA5E.bam
supplemental:sprites:paperdoll-animation-bam:WPLJAA6,sprites,paperdoll-animation-bam,WPLJAA6,BAMC,V1,40,8,data/PaperDol.bif,0x06200297,7895,86D875BCC1F1CC344ADBB2AA4C0B4DE7FAD17D3235DAD86171C5864C5F9E3C26,graphics/source/sprites/WPLJAA6.bam
supplemental:sprites:paperdoll-animation-bam:WPLJAA6E,sprites,paperdoll-animation-bam,WPLJAA6E,BAMC,V1,24,8,data/PaperDol.bif,0x06200298,4837,72199BA86FDE3FA7BD31464A5CCDE3F0F69410C27A053A333047FB3C896C6B74,graphics/source/sprites/WPLJAA6E.bam
supplemental:sprites:paperdoll-animation-bam:WPLJACA,sprites,paperdoll-animation-bam,WPLJACA,BAMC,V1,50,62,data/PaperDol.bif,0x06200299,9946,EDFBF676C4D3C6471D9FEBC1E6381556DA2C8AC96167C896616DCB9B34CF3C2D,graphics/source/sprites/WPLJACA.bam
supplemental:sprites:paperdoll-animation-bam:WPLJACAE,sprites,paperdoll-animation-bam,WPLJACAE,BAMC,V1,30,64,data/PaperDol.bif,0x0620029A,6067,60E36F08DC05C36578B6A9DE2EA8D7D6FA3D76EB1D80F8B55375318992143BF9,graphics/source/sprites/WPLJACAE.bam
supplemental:sprites:paperdoll-animation-bam:WPLJAG1,sprites,paperdoll-animation-bam,WPLJAG1,BAMC,V1,180,72,data/PaperDol.bif,0x0620029B,29367,A3B6FC77A47E12572F3B2B763514F36CB297501E6919267B9220334CAE14D283,graphics/source/sprites/WPLJAG1.bam
supplemental:sprites:paperdoll-animation-bam:WPLJAG1E,sprites,paperdoll-animation-bam,WPLJAG1E,BAMC,V1,108,72,data/PaperDol.bif,0x0620029C,16989,6C7FB24E5E93B4A16DF3E6DBE15BF7A32B9EF3C1B2A128FD80D94969D5ABC8F0,graphics/source/sprites/WPLJAG1E.bam
supplemental:sprites:paperdoll-animation-bam:WPLJAINV,sprites,paperdoll-animation-bam,WPLJAINV,BAM,V1,2,1,data/PaperDol.bif,0x0620029D,2456,74D1C58FC06F9A99FB9EACD1FD47C8598B2D1ADD867D7819768B06649B073548,graphics/source/sprites/WPLJAINV.bam
supplemental:sprites:paperdoll-animation-bam:WPLJASA,sprites,paperdoll-animation-bam,WPLJASA,BAMC,V1,20,8,data/PaperDol.bif,0x0620029E,4475,23E139F6B66F57876C392A72311EB7C67EC138299BA95643146B39BCB4D04F5D,graphics/source/sprites/WPLJASA.bam
supplemental:sprites:paperdoll-animation-bam:WPLJASAE,sprites,paperdoll-animation-bam,WPLJASAE,BAMC,V1,12,8,data/PaperDol.bif,0x0620029F,2922,A451813C4761729712126E94F387690408E80CA80D6C4F08BDE0293FA539945A,graphics/source/sprites/WPLJASAE.bam
supplemental:sprites:paperdoll-animation-bam:WPLJASX,sprites,paperdoll-animation-bam,WPLJASX,BAMC,V1,15,8,data/PaperDol.bif,0x062002A0,3194,DC2BDE49102DCC4E1A231944FCBF1E13F4FA7B476EDF88C6615D82AB7ACEBB6E,graphics/source/sprites/WPLJASX.bam
supplemental:sprites:paperdoll-animation-bam:WPLJASXE,sprites,paperdoll-animation-bam,WPLJASXE,BAMC,V1,9,8,data/PaperDol.bif,0x062002A1,2224,D2C863526A8B5DF1D984C2CFEDA58150830498720AC0CC776B0B3846BDF5D783,graphics/source/sprites/WPLJASXE.bam
supplemental:sprites:paperdoll-animation-bam:WPLJAW2,sprites,paperdoll-animation-bam,WPLJAW2,BAMC,V1,50,8,data/PaperDol.bif,0x062002A2,8815,CF3249BD3A02ED74391A6EBFCEB7D2CF05DBE47DF9C988187F5924296FAD9ED7,graphics/source/sprites/WPLJAW2.bam
supplemental:sprites:paperdoll-animation-bam:WPLJAW2E,sprites,paperdoll-animation-bam,WPLJAW2E,BAMC,V1,30,8,data/PaperDol.bif,0x062002A3,5561,2A633C5D31C7548B029F9301C72B1ADF77F9DCDBB02B587798E92BC5F42A980D,graphics/source/sprites/WPLJAW2E.bam
supplemental:sprites:paperdoll-animation-bam:WPLJBA1,sprites,paperdoll-animation-bam,WPLJBA1,BAM,V1,50,16,data/PaperDol.bif,0x062002A4,2034,9A8B9161D7BC061C2894D55A7A9DDE0F091018B98BF593140645DA87CEA0A007,graphics/source/sprites/WPLJBA1.bam
supplemental:sprites:paperdoll-animation-bam:WPLJBA1E,sprites,paperdoll-animation-bam,WPLJBA1E,BAM,V1,30,16,data/PaperDol.bif,0x062002A5,1678,353EDA3947CCEEFD61C427C7D4A909B815FBC95EAC3F195B0A60CA31A8738647,graphics/source/sprites/WPLJBA1E.bam
supplemental:sprites:paperdoll-animation-bam:WPLJBA2,sprites,paperdoll-animation-bam,WPLJBA2,BAM,V1,50,8,data/PaperDol.bif,0x062002A6,1936,944B3DFC003D223ACAB015C23B27D941299B07006B0DFF136ADE9DBF91DDB3EB,graphics/source/sprites/WPLJBA2.bam
supplemental:sprites:paperdoll-animation-bam:WPLJBA2E,sprites,paperdoll-animation-bam,WPLJBA2E,BAM,V1,30,8,data/PaperDol.bif,0x062002A7,1572,BB6CCC3EECAA0A68A82F1CF88992A5068044D8624BE6BCCF3B41B0A32226122E,graphics/source/sprites/WPLJBA2E.bam
supplemental:sprites:paperdoll-animation-bam:WPLJBA3,sprites,paperdoll-animation-bam,WPLJBA3,BAM,V1,50,8,data/PaperDol.bif,0x062002A8,1936,944B3DFC003D223ACAB015C23B27D941299B07006B0DFF136ADE9DBF91DDB3EB,graphics/source/sprites/WPLJBA3.bam
supplemental:sprites:paperdoll-animation-bam:WPLJBA3E,sprites,paperdoll-animation-bam,WPLJBA3E,BAM,V1,30,8,data/PaperDol.bif,0x062002A9,1572,BB6CCC3EECAA0A68A82F1CF88992A5068044D8624BE6BCCF3B41B0A32226122E,graphics/source/sprites/WPLJBA3E.bam
supplemental:sprites:paperdoll-animation-bam:WPLJBA4,sprites,paperdoll-animation-bam,WPLJBA4,BAM,V1,50,8,data/PaperDol.bif,0x062002AA,1936,944B3DFC003D223ACAB015C23B27D941299B07006B0DFF136ADE9DBF91DDB3EB,graphics/source/sprites/WPLJBA4.bam
supplemental:sprites:paperdoll-animation-bam:WPLJBA4E,sprites,paperdoll-animation-bam,WPLJBA4E,BAM,V1,30,8,data/PaperDol.bif,0x062002AB,1572,BB6CCC3EECAA0A68A82F1CF88992A5068044D8624BE6BCCF3B41B0A32226122E,graphics/source/sprites/WPLJBA4E.bam
supplemental:sprites:paperdoll-animation-bam:WPLJBA5,sprites,paperdoll-animation-bam,WPLJBA5,BAM,V1,30,8,data/PaperDol.bif,0x062002AC,1644,47B0FE52DE05862965FA8892CA6B5108ED5AD2B3B1110D73A50B720317BD4DA4,graphics/source/sprites/WPLJBA5.bam
supplemental:sprites:paperdoll-animation-bam:WPLJBA5E,sprites,paperdoll-animation-bam,WPLJBA5E,BAM,V1,18,8,data/PaperDol.bif,0x062002AD,1444,B511ADCF02F08A11E0E9A6969440311C6A90AC9F0056DBBDFB7C0CB8D88E7CA5,graphics/source/sprites/WPLJBA5E.bam
supplemental:sprites:paperdoll-animation-bam:WPLJBA6,sprites,paperdoll-animation-bam,WPLJBA6,BAM,V1,40,8,data/PaperDol.bif,0x062002AE,1796,C55F90E379F1881021FE00292A4E5F766572253F4EE2E4FCFA18AC9D813EEC2B,graphics/source/sprites/WPLJBA6.bam
supplemental:sprites:paperdoll-animation-bam:WPLJBA6E,sprites,paperdoll-animation-bam,WPLJBA6E,BAM,V1,24,8,data/PaperDol.bif,0x062002AF,1518,12EACC26D45100F19E7877DB25DCA4B034C65C4761013735E6D82CC418AB95C3,graphics/source/sprites/WPLJBA6E.bam
supplemental:sprites:paperdoll-animation-bam:WPLJBCA,sprites,paperdoll-animation-bam,WPLJBCA,BAM,V1,50,64,data/PaperDol.bif,0x062002B0,3092,796E62E25B878F803BF874624865B82AE8964D76A559C293C209382F4F2F382C,graphics/source/sprites/WPLJBCA.bam
supplemental:sprites:paperdoll-animation-bam:WPLJBCAE,sprites,paperdoll-animation-bam,WPLJBCAE,BAM,V1,30,64,data/PaperDol.bif,0x062002B1,2354,512CB092F3A2BB9D2E060FB618AF4E8D56CED5FDFC66BA7171BFB935FD67431E,graphics/source/sprites/WPLJBCAE.bam
supplemental:sprites:paperdoll-animation-bam:WPLJBG1,sprites,paperdoll-animation-bam,WPLJBG1,BAM,V1,180,72,data/PaperDol.bif,0x062002B2,5754,256E8DF9FF3763DBED66CDE303A3297F38A92C9BC27A6C874DBFD32642F8335E,graphics/source/sprites/WPLJBG1.bam
supplemental:sprites:paperdoll-animation-bam:WPLJBG1E,sprites,paperdoll-animation-bam,WPLJBG1E,BAM,V1,108,72,data/PaperDol.bif,0x062002B3,3946,6E10D76E375058AC3CF38375E8FC486031D55C3100CC560C8EBEC3BC7207CF1F,graphics/source/sprites/WPLJBG1E.bam
supplemental:sprites:paperdoll-animation-bam:WPLJBINV,sprites,paperdoll-animation-bam,WPLJBINV,BAM,V1,2,1,data/PaperDol.bif,0x062002B4,1232,26BC2173141811809F1BEC3EE6DF0F1FE8269D213E0A93A52A889BCBA757F3C6,graphics/source/sprites/WPLJBINV.bam
supplemental:sprites:paperdoll-animation-bam:WPLJBSA,sprites,paperdoll-animation-bam,WPLJBSA,BAM,V1,20,8,data/PaperDol.bif,0x062002B5,1516,3ACDA5E0B8F1CCAE46185709147343DBE2AC6D9E74CD3D112451EB4F2C959627,graphics/source/sprites/WPLJBSA.bam
supplemental:sprites:paperdoll-animation-bam:WPLJBSAE,sprites,paperdoll-animation-bam,WPLJBSAE,BAM,V1,12,8,data/PaperDol.bif,0x062002B6,1350,C4182AE17FED09D6F93D65E91BA3E252660A424A6B850E4DC63A474784396131,graphics/source/sprites/WPLJBSAE.bam
supplemental:sprites:paperdoll-animation-bam:WPLJBSX,sprites,paperdoll-animation-bam,WPLJBSX,BAM,V1,15,8,data/PaperDol.bif,0x062002B7,1446,19D89EAE8A347996A132BCA73E1DB0310ABAFB4D166572561778690A2EE6FC4F,graphics/source/sprites/WPLJBSX.bam
supplemental:sprites:paperdoll-animation-bam:WPLJBSXE,sprites,paperdoll-animation-bam,WPLJBSXE,BAM,V1,9,8,data/PaperDol.bif,0x062002B8,1298,E41B7930EA0F5B79D5AB91A50A861F8AC219C6BA360AC4696B153D50104F5C31,graphics/source/sprites/WPLJBSXE.bam
supplemental:sprites:paperdoll-animation-bam:WPLJBW2,sprites,paperdoll-animation-bam,WPLJBW2,BAM,V1,50,8,data/PaperDol.bif,0x062002B9,2502,F4361518F5BC7040D3F74B2BCF015577E13771877C94758B3772563F5B3AFF45,graphics/source/sprites/WPLJBW2.bam
supplemental:sprites:paperdoll-animation-bam:WPLJBW2E,sprites,paperdoll-animation-bam,WPLJBW2E,BAM,V1,30,8,data/PaperDol.bif,0x062002BA,1560,21D59C452D8D505F6C60B435368DAD0841A9F8585B35E2F4BD193E2625A80163,graphics/source/sprites/WPLJBW2E.bam
supplemental:sprites:paperdoll-animation-bam:WPLJCINV,sprites,paperdoll-animation-bam,WPLJCINV,BAM,V1,2,1,data/PaperDol.bif,0x062002BB,2244,8D92E6EE11DC5B72455D417FAD05A9B051CC2A519E84FD80FAFD3E8C15BC1966,graphics/source/sprites/WPLJCINV.bam
supplemental:sprites:paperdoll-animation-bam:WPLM2A1,sprites,paperdoll-animation-bam,WPLM2A1,BAMC,V1,50,15,data/PaperDol.bif,0x062002BC,4351,7F8C37E4F94CE52805FCA3848C447BB608D2189AF5DD71BB770E89151AC558EC,graphics/source/sprites/WPLM2A1.bam
supplemental:sprites:paperdoll-animation-bam:WPLM2A1E,sprites,paperdoll-animation-bam,WPLM2A1E,BAMC,V1,30,15,data/PaperDol.bif,0x062002BD,2825,4EF1244405451F630C32B8A1D329CF966755E11CC4333AF13BEFD1DF3A0ABF4C,graphics/source/sprites/WPLM2A1E.bam
supplemental:sprites:paperdoll-animation-bam:WPLM2A3,sprites,paperdoll-animation-bam,WPLM2A3,BAMC,V1,50,8,data/PaperDol.bif,0x062002BE,3956,9B32798A0FEEE2F46C6ECE7EC6F72CFF5C70CD48E84A843B635ECD04548C7374,graphics/source/sprites/WPLM2A3.bam
supplemental:sprites:paperdoll-animation-bam:WPLM2A3E,sprites,paperdoll-animation-bam,WPLM2A3E,BAMC,V1,30,8,data/PaperDol.bif,0x062002BF,2950,703E1D2DECBBC7F1F97555C32503090762DC0049211B03681F1698FF924633E5,graphics/source/sprites/WPLM2A3E.bam
supplemental:sprites:paperdoll-animation-bam:WPLM2G1,sprites,paperdoll-animation-bam,WPLM2G1,BAMC,V1,180,72,data/PaperDol.bif,0x062002C0,8970,788CDA887E2E126A7B5DA58ED9A11ED3E1CDE7B779E06CB95CCE6F9D1FE8BD7D,graphics/source/sprites/WPLM2G1.bam
supplemental:sprites:paperdoll-animation-bam:WPLM2G1E,sprites,paperdoll-animation-bam,WPLM2G1E,BAMC,V1,108,72,data/PaperDol.bif,0x062002C1,6239,36AFDF2460A32B698CA4F98168DE2793C53DD18F4E60043645E6A48955F72073,graphics/source/sprites/WPLM2G1E.bam
supplemental:sprites:paperdoll-animation-bam:WPLM2INV,sprites,paperdoll-animation-bam,WPLM2INV,BAM,V1,2,1,data/PaperDol.bif,0x062002C2,1810,6FEDE1859064419512CC61088FC50B1383D4B929B718416F0C3C33076C8497CF,graphics/source/sprites/WPLM2INV.bam
supplemental:sprites:paperdoll-animation-bam:WPLM2OIN,sprites,paperdoll-animation-bam,WPLM2OIN,BAM,V1,2,1,data/PaperDol.bif,0x062002C3,1704,1FE5556A5B31BBEF575C9F06696A9DFD0A5B663FE4A177157A9F5415CCC4FF03,graphics/source/sprites/WPLM2OIN.bam
supplemental:sprites:paperdoll-animation-bam:WPLM2W2,sprites,paperdoll-animation-bam,WPLM2W2,BAMC,V1,50,8,data/PaperDol.bif,0x062002C4,3525,3DF7F95B22815354A40B177B3381CFA18ABBF09CA79F95C600875D9526E062EF,graphics/source/sprites/WPLM2W2.bam
supplemental:sprites:paperdoll-animation-bam:WPLM2W2E,sprites,paperdoll-animation-bam,WPLM2W2E,BAMC,V1,30,8,data/PaperDol.bif,0x062002C5,2765,0AD5C289C10C58F33A16E5109FD7F33C0925D2DCA428C8034B2E45FDAC91C5D2,graphics/source/sprites/WPLM2W2E.bam
supplemental:sprites:object-animation-bam:WPLMCA1,sprites,object-animation-bam,WPLMCA1,BAMC,V1,50,15,data/OBJAnim.bif,0x00200109,4351,7F8C37E4F94CE52805FCA3848C447BB608D2189AF5DD71BB770E89151AC558EC,graphics/source/sprites/WPLMCA1.bam
supplemental:sprites:object-animation-bam:WPLMCA1E,sprites,object-animation-bam,WPLMCA1E,BAMC,V1,30,15,data/OBJAnim.bif,0x0020010A,2825,4EF1244405451F630C32B8A1D329CF966755E11CC4333AF13BEFD1DF3A0ABF4C,graphics/source/sprites/WPLMCA1E.bam
supplemental:sprites:object-animation-bam:WPLMCA3,sprites,object-animation-bam,WPLMCA3,BAMC,V1,50,8,data/OBJAnim.bif,0x0020010B,3956,9B32798A0FEEE2F46C6ECE7EC6F72CFF5C70CD48E84A843B635ECD04548C7374,graphics/source/sprites/WPLMCA3.bam
supplemental:sprites:object-animation-bam:WPLMCA3E,sprites,object-animation-bam,WPLMCA3E,BAMC,V1,30,8,data/OBJAnim.bif,0x0020010C,2950,703E1D2DECBBC7F1F97555C32503090762DC0049211B03681F1698FF924633E5,graphics/source/sprites/WPLMCA3E.bam
supplemental:sprites:object-animation-bam:WPLMCG1,sprites,object-animation-bam,WPLMCG1,BAMC,V1,180,72,data/OBJAnim.bif,0x0020010D,8970,788CDA887E2E126A7B5DA58ED9A11ED3E1CDE7B779E06CB95CCE6F9D1FE8BD7D,graphics/source/sprites/WPLMCG1.bam
supplemental:sprites:object-animation-bam:WPLMCG1E,sprites,object-animation-bam,WPLMCG1E,BAMC,V1,108,72,data/OBJAnim.bif,0x0020010E,6239,36AFDF2460A32B698CA4F98168DE2793C53DD18F4E60043645E6A48955F72073,graphics/source/sprites/WPLMCG1E.bam
supplemental:sprites:paperdoll-animation-bam:WPLMCINV,sprites,paperdoll-animation-bam,WPLMCINV,BAM,V1,2,1,data/PaperDol.bif,0x062002C6,1478,694DC0522494E9E6B2D41053883B5DE129D147CA617B1FABCFD9647725434FC7,graphics/source/sprites/WPLMCINV.bam
supplemental:sprites:paperdoll-animation-bam:WPLMCOIN,sprites,paperdoll-animation-bam,WPLMCOIN,BAM,V1,2,1,data/PaperDol.bif,0x062002C7,1438,12A2DF58E5E05EA48BBFF69CC7A8274BCB4932DFBC756B5FD8B418CC50390D51,graphics/source/sprites/WPLMCOIN.bam
supplemental:sprites:object-animation-bam:WPLMCW2,sprites,object-animation-bam,WPLMCW2,BAMC,V1,50,8,data/OBJAnim.bif,0x0020010F,3525,3DF7F95B22815354A40B177B3381CFA18ABBF09CA79F95C600875D9526E062EF,graphics/source/sprites/WPLMCW2.bam
supplemental:sprites:object-animation-bam:WPLMCW2E,sprites,object-animation-bam,WPLMCW2E,BAMC,V1,30,8,data/OBJAnim.bif,0x00200110,2765,0AD5C289C10C58F33A16E5109FD7F33C0925D2DCA428C8034B2E45FDAC91C5D2,graphics/source/sprites/WPLMCW2E.bam
supplemental:sprites:object-animation-bam:WPLMSA1,sprites,object-animation-bam,WPLMSA1,BAMC,V1,50,15,data/OBJAnim.bif,0x00200111,4351,7F8C37E4F94CE52805FCA3848C447BB608D2189AF5DD71BB770E89151AC558EC,graphics/source/sprites/WPLMSA1.bam
supplemental:sprites:object-animation-bam:WPLMSA1E,sprites,object-animation-bam,WPLMSA1E,BAMC,V1,30,15,data/OBJAnim.bif,0x00200112,2825,4EF1244405451F630C32B8A1D329CF966755E11CC4333AF13BEFD1DF3A0ABF4C,graphics/source/sprites/WPLMSA1E.bam
supplemental:sprites:object-animation-bam:WPLMSA3,sprites,object-animation-bam,WPLMSA3,BAMC,V1,50,8,data/OBJAnim.bif,0x00200113,3956,9B32798A0FEEE2F46C6ECE7EC6F72CFF5C70CD48E84A843B635ECD04548C7374,graphics/source/sprites/WPLMSA3.bam
supplemental:sprites:object-animation-bam:WPLMSA3E,sprites,object-animation-bam,WPLMSA3E,BAMC,V1,30,8,data/OBJAnim.bif,0x00200114,2950,703E1D2DECBBC7F1F97555C32503090762DC0049211B03681F1698FF924633E5,graphics/source/sprites/WPLMSA3E.bam
supplemental:sprites:object-animation-bam:WPLMSG1,sprites,object-animation-bam,WPLMSG1,BAMC,V1,180,72,data/OBJAnim.bif,0x00200115,8970,788CDA887E2E126A7B5DA58ED9A11ED3E1CDE7B779E06CB95CCE6F9D1FE8BD7D,graphics/source/sprites/WPLMSG1.bam
supplemental:sprites:object-animation-bam:WPLMSG1E,sprites,object-animation-bam,WPLMSG1E,BAMC,V1,108,72,data/OBJAnim.bif,0x00200116,6239,36AFDF2460A32B698CA4F98168DE2793C53DD18F4E60043645E6A48955F72073,graphics/source/sprites/WPLMSG1E.bam
supplemental:sprites:paperdoll-animation-bam:WPLMSINV,sprites,paperdoll-animation-bam,WPLMSINV,BAM,V1,2,1,data/PaperDol.bif,0x062002C8,1525,114985DF3561787598846D17CBCAC54E42611CF08D3DDE2FE670DB6F0F3B86C2,graphics/source/sprites/WPLMSINV.bam
supplemental:sprites:paperdoll-animation-bam:WPLMSOIN,sprites,paperdoll-animation-bam,WPLMSOIN,BAM,V1,2,1,data/PaperDol.bif,0x062002C9,1548,78D752CE9B141BABEFB40E13179817C40D3218577984167BB4D52763CE2A414C,graphics/source/sprites/WPLMSOIN.bam
supplemental:sprites:object-animation-bam:WPLMSW2,sprites,object-animation-bam,WPLMSW2,BAMC,V1,50,8,data/OBJAnim.bif,0x00200117,3525,3DF7F95B22815354A40B177B3381CFA18ABBF09CA79F95C600875D9526E062EF,graphics/source/sprites/WPLMSW2.bam
supplemental:sprites:object-animation-bam:WPLMSW2E,sprites,object-animation-bam,WPLMSW2E,BAMC,V1,30,8,data/OBJAnim.bif,0x00200118,2765,0AD5C289C10C58F33A16E5109FD7F33C0925D2DCA428C8034B2E45FDAC91C5D2,graphics/source/sprites/WPLMSW2E.bam
supplemental:sprites:paperdoll-animation-bam:WPLQ2A2,sprites,paperdoll-animation-bam,WPLQ2A2,BAMC,V1,50,8,data/PaperDol.bif,0x062002CA,7211,6008B1AA0C014F5674C88379CC071B4A730334C227ABB4EC804E4670084CDA17,graphics/source/sprites/WPLQ2A2.bam
supplemental:sprites:paperdoll-animation-bam:WPLQ2A2E,sprites,paperdoll-animation-bam,WPLQ2A2E,BAMC,V1,30,8,data/PaperDol.bif,0x062002CB,4346,633C05FE2C887D016A5CF5BCA8E2D5A18F95EAEDB458F9849BEB282292374149,graphics/source/sprites/WPLQ2A2E.bam
supplemental:sprites:paperdoll-animation-bam:WPLQ2A4,sprites,paperdoll-animation-bam,WPLQ2A4,BAMC,V1,50,8,data/PaperDol.bif,0x062002CC,6917,9761699F7E353BE3ED6F1D05885BB42C4005DF4BA1EB20A8468F4804DA8802B3,graphics/source/sprites/WPLQ2A4.bam
supplemental:sprites:paperdoll-animation-bam:WPLQ2A4E,sprites,paperdoll-animation-bam,WPLQ2A4E,BAMC,V1,30,8,data/PaperDol.bif,0x062002CD,4534,FE06C2B23FFC3D2C6935A24A6E3664E085DEDDA9DB45A922FCCD160B04F5F1E2,graphics/source/sprites/WPLQ2A4E.bam
supplemental:sprites:paperdoll-animation-bam:WPLQ2A6,sprites,paperdoll-animation-bam,WPLQ2A6,BAMC,V1,40,8,data/PaperDol.bif,0x062002CE,5523,D0222CD6E4DDC17A898E8DB0E060058EBBAA45F2623026EB3C30E8F6017889C0,graphics/source/sprites/WPLQ2A6.bam
supplemental:sprites:paperdoll-animation-bam:WPLQ2A6E,sprites,paperdoll-animation-bam,WPLQ2A6E,BAMC,V1,24,8,data/PaperDol.bif,0x062002CF,3480,13F4BCCF08FCF3802BF113880B69A830D86136AE499788095FF87189A0B37833,graphics/source/sprites/WPLQ2A6E.bam
supplemental:sprites:paperdoll-animation-bam:WPLQ2G1,sprites,paperdoll-animation-bam,WPLQ2G1,BAMC,V1,180,72,data/PaperDol.bif,0x062002D0,18270,4794CA282CC5D0828FBEB8CC945873E2164085DE2EB8E5F6D461D89B9775DEB7,graphics/source/sprites/WPLQ2G1.bam
supplemental:sprites:paperdoll-animation-bam:WPLQ2G1E,sprites,paperdoll-animation-bam,WPLQ2G1E,BAMC,V1,108,72,data/PaperDol.bif,0x062002D1,12505,C197622AA22301FD33E18453F86977EF02F59510DC326615DFEBA1E5F418A1B1,graphics/source/sprites/WPLQ2G1E.bam
supplemental:sprites:paperdoll-animation-bam:WPLQ2INV,sprites,paperdoll-animation-bam,WPLQ2INV,BAM,V1,2,1,data/PaperDol.bif,0x062002D2,1883,1E9C04F900CDA623BAB2161B7503366AF747422E0C40CEEA70FDDEE67993D6A0,graphics/source/sprites/WPLQ2INV.bam
supplemental:sprites:paperdoll-animation-bam:WPLQ2W2,sprites,paperdoll-animation-bam,WPLQ2W2,BAMC,V1,50,8,data/PaperDol.bif,0x062002D3,5859,1BA0677AB990B34392A01F638CE509D198CD8905CB769149AD22FDBF140F9D4C,graphics/source/sprites/WPLQ2W2.bam
supplemental:sprites:paperdoll-animation-bam:WPLQ2W2E,sprites,paperdoll-animation-bam,WPLQ2W2E,BAMC,V1,30,8,data/PaperDol.bif,0x062002D4,4682,F0499A50E12C36624C5D0226C150C28B76F3B7D21EA8117E65612AD9A681271D,graphics/source/sprites/WPLQ2W2E.bam
supplemental:sprites:paperdoll-animation-bam:WPLQ3A2,sprites,paperdoll-animation-bam,WPLQ3A2,BAMC,V1,50,8,data/PaperDol.bif,0x062002D5,7211,6008B1AA0C014F5674C88379CC071B4A730334C227ABB4EC804E4670084CDA17,graphics/source/sprites/WPLQ3A2.bam
supplemental:sprites:paperdoll-animation-bam:WPLQ3A2E,sprites,paperdoll-animation-bam,WPLQ3A2E,BAMC,V1,30,8,data/PaperDol.bif,0x062002D6,4346,633C05FE2C887D016A5CF5BCA8E2D5A18F95EAEDB458F9849BEB282292374149,graphics/source/sprites/WPLQ3A2E.bam
supplemental:sprites:paperdoll-animation-bam:WPLQ3A4,sprites,paperdoll-animation-bam,WPLQ3A4,BAMC,V1,50,8,data/PaperDol.bif,0x062002D7,6917,9761699F7E353BE3ED6F1D05885BB42C4005DF4BA1EB20A8468F4804DA8802B3,graphics/source/sprites/WPLQ3A4.bam
supplemental:sprites:paperdoll-animation-bam:WPLQ3A4E,sprites,paperdoll-animation-bam,WPLQ3A4E,BAMC,V1,30,8,data/PaperDol.bif,0x062002D8,4534,FE06C2B23FFC3D2C6935A24A6E3664E085DEDDA9DB45A922FCCD160B04F5F1E2,graphics/source/sprites/WPLQ3A4E.bam
supplemental:sprites:paperdoll-animation-bam:WPLQ3A6,sprites,paperdoll-animation-bam,WPLQ3A6,BAMC,V1,40,8,data/PaperDol.bif,0x062002D9,5523,D0222CD6E4DDC17A898E8DB0E060058EBBAA45F2623026EB3C30E8F6017889C0,graphics/source/sprites/WPLQ3A6.bam
supplemental:sprites:paperdoll-animation-bam:WPLQ3A6E,sprites,paperdoll-animation-bam,WPLQ3A6E,BAMC,V1,24,8,data/PaperDol.bif,0x062002DA,3480,13F4BCCF08FCF3802BF113880B69A830D86136AE499788095FF87189A0B37833,graphics/source/sprites/WPLQ3A6E.bam
supplemental:sprites:paperdoll-animation-bam:WPLQ3G1,sprites,paperdoll-animation-bam,WPLQ3G1,BAMC,V1,180,72,data/PaperDol.bif,0x062002DB,18270,4794CA282CC5D0828FBEB8CC945873E2164085DE2EB8E5F6D461D89B9775DEB7,graphics/source/sprites/WPLQ3G1.bam
supplemental:sprites:paperdoll-animation-bam:WPLQ3G1E,sprites,paperdoll-animation-bam,WPLQ3G1E,BAMC,V1,108,72,data/PaperDol.bif,0x062002DC,12505,C197622AA22301FD33E18453F86977EF02F59510DC326615DFEBA1E5F418A1B1,graphics/source/sprites/WPLQ3G1E.bam
supplemental:sprites:paperdoll-animation-bam:WPLQ3INV,sprites,paperdoll-animation-bam,WPLQ3INV,BAM,V1,2,1,data/PaperDol.bif,0x062002DD,2294,288A6FBAF491BE6BD435BA3DFCC3676257F773945B0151AE6A0449DA694DFE67,graphics/source/sprites/WPLQ3INV.bam
supplemental:sprites:paperdoll-animation-bam:WPLQ3W2,sprites,paperdoll-animation-bam,WPLQ3W2,BAMC,V1,50,8,data/PaperDol.bif,0x062002DE,5859,1BA0677AB990B34392A01F638CE509D198CD8905CB769149AD22FDBF140F9D4C,graphics/source/sprites/WPLQ3W2.bam
supplemental:sprites:paperdoll-animation-bam:WPLQ3W2E,sprites,paperdoll-animation-bam,WPLQ3W2E,BAMC,V1,30,8,data/PaperDol.bif,0x062002DF,4682,F0499A50E12C36624C5D0226C150C28B76F3B7D21EA8117E65612AD9A681271D,graphics/source/sprites/WPLQ3W2E.bam
supplemental:sprites:paperdoll-animation-bam:WPLQ4A2,sprites,paperdoll-animation-bam,WPLQ4A2,BAMC,V1,50,8,data/PaperDol.bif,0x062002E0,7211,6008B1AA0C014F5674C88379CC071B4A730334C227ABB4EC804E4670084CDA17,graphics/source/sprites/WPLQ4A2.bam
supplemental:sprites:paperdoll-animation-bam:WPLQ4A2E,sprites,paperdoll-animation-bam,WPLQ4A2E,BAMC,V1,30,8,data/PaperDol.bif,0x062002E1,4346,633C05FE2C887D016A5CF5BCA8E2D5A18F95EAEDB458F9849BEB282292374149,graphics/source/sprites/WPLQ4A2E.bam
supplemental:sprites:paperdoll-animation-bam:WPLQ4A4,sprites,paperdoll-animation-bam,WPLQ4A4,BAMC,V1,50,8,data/PaperDol.bif,0x062002E2,6917,9761699F7E353BE3ED6F1D05885BB42C4005DF4BA1EB20A8468F4804DA8802B3,graphics/source/sprites/WPLQ4A4.bam
supplemental:sprites:paperdoll-animation-bam:WPLQ4A4E,sprites,paperdoll-animation-bam,WPLQ4A4E,BAMC,V1,30,8,data/PaperDol.bif,0x062002E3,4534,FE06C2B23FFC3D2C6935A24A6E3664E085DEDDA9DB45A922FCCD160B04F5F1E2,graphics/source/sprites/WPLQ4A4E.bam
supplemental:sprites:paperdoll-animation-bam:WPLQ4A6,sprites,paperdoll-animation-bam,WPLQ4A6,BAMC,V1,40,8,data/PaperDol.bif,0x062002E4,5523,D0222CD6E4DDC17A898E8DB0E060058EBBAA45F2623026EB3C30E8F6017889C0,graphics/source/sprites/WPLQ4A6.bam
supplemental:sprites:paperdoll-animation-bam:WPLQ4A6E,sprites,paperdoll-animation-bam,WPLQ4A6E,BAMC,V1,24,8,data/PaperDol.bif,0x062002E5,3480,13F4BCCF08FCF3802BF113880B69A830D86136AE499788095FF87189A0B37833,graphics/source/sprites/WPLQ4A6E.bam
supplemental:sprites:paperdoll-animation-bam:WPLQ4G1,sprites,paperdoll-animation-bam,WPLQ4G1,BAMC,V1,180,72,data/PaperDol.bif,0x062002E6,18270,4794CA282CC5D0828FBEB8CC945873E2164085DE2EB8E5F6D461D89B9775DEB7,graphics/source/sprites/WPLQ4G1.bam
supplemental:sprites:paperdoll-animation-bam:WPLQ4G1E,sprites,paperdoll-animation-bam,WPLQ4G1E,BAMC,V1,108,72,data/PaperDol.bif,0x062002E7,12505,C197622AA22301FD33E18453F86977EF02F59510DC326615DFEBA1E5F418A1B1,graphics/source/sprites/WPLQ4G1E.bam
supplemental:sprites:paperdoll-animation-bam:WPLQ4INV,sprites,paperdoll-animation-bam,WPLQ4INV,BAM,V1,2,1,data/PaperDol.bif,0x062002E8,2526,D44A8EDBFCA00F9D7EC4D2C8F8E8372E16E830C7C137C10CF2E6D6637B2EF91A,graphics/source/sprites/WPLQ4INV.bam
supplemental:sprites:paperdoll-animation-bam:WPLQ4W2,sprites,paperdoll-animation-bam,WPLQ4W2,BAMC,V1,50,8,data/PaperDol.bif,0x062002E9,5859,1BA0677AB990B34392A01F638CE509D198CD8905CB769149AD22FDBF140F9D4C,graphics/source/sprites/WPLQ4W2.bam
supplemental:sprites:paperdoll-animation-bam:WPLQ4W2E,sprites,paperdoll-animation-bam,WPLQ4W2E,BAMC,V1,30,8,data/PaperDol.bif,0x062002EA,4682,F0499A50E12C36624C5D0226C150C28B76F3B7D21EA8117E65612AD9A681271D,graphics/source/sprites/WPLQ4W2E.bam
supplemental:sprites:object-animation-bam:WPLQSA2,sprites,object-animation-bam,WPLQSA2,BAMC,V1,50,8,data/OBJAnim.bif,0x00200119,7211,6008B1AA0C014F5674C88379CC071B4A730334C227ABB4EC804E4670084CDA17,graphics/source/sprites/WPLQSA2.bam
supplemental:sprites:object-animation-bam:WPLQSA2E,sprites,object-animation-bam,WPLQSA2E,BAMC,V1,30,8,data/OBJAnim.bif,0x0020011A,4346,633C05FE2C887D016A5CF5BCA8E2D5A18F95EAEDB458F9849BEB282292374149,graphics/source/sprites/WPLQSA2E.bam
supplemental:sprites:object-animation-bam:WPLQSA4,sprites,object-animation-bam,WPLQSA4,BAMC,V1,50,8,data/OBJAnim.bif,0x0020011B,6917,9761699F7E353BE3ED6F1D05885BB42C4005DF4BA1EB20A8468F4804DA8802B3,graphics/source/sprites/WPLQSA4.bam
supplemental:sprites:object-animation-bam:WPLQSA4E,sprites,object-animation-bam,WPLQSA4E,BAMC,V1,30,8,data/OBJAnim.bif,0x0020011C,4534,FE06C2B23FFC3D2C6935A24A6E3664E085DEDDA9DB45A922FCCD160B04F5F1E2,graphics/source/sprites/WPLQSA4E.bam
supplemental:sprites:object-animation-bam:WPLQSA6,sprites,object-animation-bam,WPLQSA6,BAMC,V1,40,8,data/OBJAnim.bif,0x0020011D,5523,D0222CD6E4DDC17A898E8DB0E060058EBBAA45F2623026EB3C30E8F6017889C0,graphics/source/sprites/WPLQSA6.bam
supplemental:sprites:object-animation-bam:WPLQSA6E,sprites,object-animation-bam,WPLQSA6E,BAMC,V1,24,8,data/OBJAnim.bif,0x0020011E,3480,13F4BCCF08FCF3802BF113880B69A830D86136AE499788095FF87189A0B37833,graphics/source/sprites/WPLQSA6E.bam
supplemental:sprites:object-animation-bam:WPLQSG1,sprites,object-animation-bam,WPLQSG1,BAMC,V1,180,72,data/OBJAnim.bif,0x0020011F,18270,4794CA282CC5D0828FBEB8CC945873E2164085DE2EB8E5F6D461D89B9775DEB7,graphics/source/sprites/WPLQSG1.bam
supplemental:sprites:object-animation-bam:WPLQSG1E,sprites,object-animation-bam,WPLQSG1E,BAMC,V1,108,72,data/OBJAnim.bif,0x00200120,12505,C197622AA22301FD33E18453F86977EF02F59510DC326615DFEBA1E5F418A1B1,graphics/source/sprites/WPLQSG1E.bam
supplemental:sprites:paperdoll-animation-bam:WPLQSINV,sprites,paperdoll-animation-bam,WPLQSINV,BAM,V1,2,1,data/PaperDol.bif,0x062002EB,1907,2DF5F97AADE3DABEFBF597D1A9531E3FDC32F301E51BA0F3A830E1CB547FB7F9,graphics/source/sprites/WPLQSINV.bam
supplemental:sprites:object-animation-bam:WPLQSW2,sprites,object-animation-bam,WPLQSW2,BAMC,V1,50,8,data/OBJAnim.bif,0x00200121,5859,1BA0677AB990B34392A01F638CE509D198CD8905CB769149AD22FDBF140F9D4C,graphics/source/sprites/WPLQSW2.bam
supplemental:sprites:object-animation-bam:WPLQSW2E,sprites,object-animation-bam,WPLQSW2E,BAMC,V1,30,8,data/OBJAnim.bif,0x00200122,4682,F0499A50E12C36624C5D0226C150C28B76F3B7D21EA8117E65612AD9A681271D,graphics/source/sprites/WPLQSW2E.bam
supplemental:sprites:paperdoll-animation-bam:WPLS0A1,sprites,paperdoll-animation-bam,WPLS0A1,BAMC,V1,50,16,data/PaperDol.bif,0x062002EC,4125,4881771971D847C90D8F38D19D3E3AFA7C24A3765F76985A7EFDDD98521A19B3,graphics/source/sprites/WPLS0A1.bam
supplemental:sprites:paperdoll-animation-bam:WPLS0A1E,sprites,paperdoll-animation-bam,WPLS0A1E,BAMC,V1,30,16,data/PaperDol.bif,0x062002ED,2915,DB385F3593E1ADE78EF8B1835FCCD5443E63CB9E89FE98A2849A1055A349CB8E,graphics/source/sprites/WPLS0A1E.bam
supplemental:sprites:paperdoll-animation-bam:WPLS0A3,sprites,paperdoll-animation-bam,WPLS0A3,BAMC,V1,50,8,data/PaperDol.bif,0x062002EE,3545,537859D635074263D883D67BE5706E312FE6E5A6D12AC2911390464CEECB9064,graphics/source/sprites/WPLS0A3.bam
supplemental:sprites:paperdoll-animation-bam:WPLS0A3E,sprites,paperdoll-animation-bam,WPLS0A3E,BAMC,V1,30,8,data/PaperDol.bif,0x062002EF,3171,6B906F445ADCAFC2EE4969F7849393EE1BB37E5FB65890A4E7F94C0C78570149,graphics/source/sprites/WPLS0A3E.bam
supplemental:sprites:paperdoll-animation-bam:WPLS0A5,sprites,paperdoll-animation-bam,WPLS0A5,BAMC,V1,30,8,data/PaperDol.bif,0x062002F0,2464,D22ACEE3A497ACAEFEE0836F6C39CC7285502D0A5A73A0C327BAA3988AEC2A1D,graphics/source/sprites/WPLS0A5.bam
supplemental:sprites:paperdoll-animation-bam:WPLS0A5E,sprites,paperdoll-animation-bam,WPLS0A5E,BAMC,V1,18,8,data/PaperDol.bif,0x062002F1,1960,2834A31640C68F3ACD9B40C4F333CEBC4A4E86A2D13D69B30B087C9B6CFD9CC0,graphics/source/sprites/WPLS0A5E.bam
supplemental:sprites:paperdoll-animation-bam:WPLS0G1,sprites,paperdoll-animation-bam,WPLS0G1,BAMC,V1,180,72,data/PaperDol.bif,0x062002F2,8370,DB910434DAB81A23449B9E29EAF4B6813757E6457B0D5D9BA8061EEB94334BE1,graphics/source/sprites/WPLS0G1.bam
supplemental:sprites:paperdoll-animation-bam:WPLS0G1E,sprites,paperdoll-animation-bam,WPLS0G1E,BAMC,V1,108,72,data/PaperDol.bif,0x062002F3,6756,DF3DC0C01C6DA885018906047179332CF23FCEB29AEF57D066CC87429E4DA069,graphics/source/sprites/WPLS0G1E.bam
supplemental:sprites:paperdoll-animation-bam:WPLS0INV,sprites,paperdoll-animation-bam,WPLS0INV,BAM,V1,2,1,data/PaperDol.bif,0x062002F4,1602,084854E06B8D8FF7A4875C40E31DA7457016275C7A20EDF2628E4D8D1CC1FF03,graphics/source/sprites/WPLS0INV.bam
supplemental:sprites:paperdoll-animation-bam:WPLS0OIN,sprites,paperdoll-animation-bam,WPLS0OIN,BAM,V1,2,1,data/PaperDol.bif,0x062002F5,1503,CFD14207AED525C4DD8FA124075F4E3D4C28DF2A89021333CF0A91203F5D3C3A,graphics/source/sprites/WPLS0OIN.bam
supplemental:sprites:paperdoll-animation-bam:WPLS0W2,sprites,paperdoll-animation-bam,WPLS0W2,BAMC,V1,50,8,data/PaperDol.bif,0x062002F6,3266,253F1A98645742057680DA4B8914D8DC5FF194B2190E2D68C804CA6A56CF3439,graphics/source/sprites/WPLS0W2.bam
supplemental:sprites:paperdoll-animation-bam:WPLS0W2E,sprites,paperdoll-animation-bam,WPLS0W2E,BAMC,V1,30,8,data/PaperDol.bif,0x062002F7,3360,4DFC85F6AF952AB1DAD4232779F42593DE40108231D3C2BAD98FBFEA80995809,graphics/source/sprites/WPLS0W2E.bam
supplemental:sprites:object-animation-bam:WPLS1A1,sprites,object-animation-bam,WPLS1A1,BAMC,V1,50,16,data/OBJAnim.bif,0x00200123,4125,4881771971D847C90D8F38D19D3E3AFA7C24A3765F76985A7EFDDD98521A19B3,graphics/source/sprites/WPLS1A1.bam
supplemental:sprites:object-animation-bam:WPLS1A1E,sprites,object-animation-bam,WPLS1A1E,BAMC,V1,30,16,data/OBJAnim.bif,0x00200124,2915,DB385F3593E1ADE78EF8B1835FCCD5443E63CB9E89FE98A2849A1055A349CB8E,graphics/source/sprites/WPLS1A1E.bam
supplemental:sprites:object-animation-bam:WPLS1A3,sprites,object-animation-bam,WPLS1A3,BAMC,V1,50,8,data/OBJAnim.bif,0x00200125,3545,537859D635074263D883D67BE5706E312FE6E5A6D12AC2911390464CEECB9064,graphics/source/sprites/WPLS1A3.bam
supplemental:sprites:object-animation-bam:WPLS1A3E,sprites,object-animation-bam,WPLS1A3E,BAMC,V1,30,8,data/OBJAnim.bif,0x00200126,3171,6B906F445ADCAFC2EE4969F7849393EE1BB37E5FB65890A4E7F94C0C78570149,graphics/source/sprites/WPLS1A3E.bam
supplemental:sprites:object-animation-bam:WPLS1A5,sprites,object-animation-bam,WPLS1A5,BAMC,V1,30,8,data/OBJAnim.bif,0x00200127,2464,D22ACEE3A497ACAEFEE0836F6C39CC7285502D0A5A73A0C327BAA3988AEC2A1D,graphics/source/sprites/WPLS1A5.bam
supplemental:sprites:object-animation-bam:WPLS1A5E,sprites,object-animation-bam,WPLS1A5E,BAMC,V1,18,8,data/OBJAnim.bif,0x00200128,1960,2834A31640C68F3ACD9B40C4F333CEBC4A4E86A2D13D69B30B087C9B6CFD9CC0,graphics/source/sprites/WPLS1A5E.bam
supplemental:sprites:object-animation-bam:WPLS1G1,sprites,object-animation-bam,WPLS1G1,BAMC,V1,180,72,data/OBJAnim.bif,0x00200129,8370,DB910434DAB81A23449B9E29EAF4B6813757E6457B0D5D9BA8061EEB94334BE1,graphics/source/sprites/WPLS1G1.bam
supplemental:sprites:object-animation-bam:WPLS1G1E,sprites,object-animation-bam,WPLS1G1E,BAMC,V1,108,72,data/OBJAnim.bif,0x0020012A,6756,DF3DC0C01C6DA885018906047179332CF23FCEB29AEF57D066CC87429E4DA069,graphics/source/sprites/WPLS1G1E.bam
supplemental:sprites:paperdoll-animation-bam:WPLS1INV,sprites,paperdoll-animation-bam,WPLS1INV,BAM,V1,2,1,data/PaperDol.bif,0x062002F8,1481,A1F8B7C86B2FC91AE6F8CE39656DC2BDA1E54969A1B48250BFBF6DDAAEB49B46,graphics/source/sprites/WPLS1INV.bam
supplemental:sprites:paperdoll-animation-bam:WPLS1OIN,sprites,paperdoll-animation-bam,WPLS1OIN,BAM,V1,2,1,data/PaperDol.bif,0x062002F9,1442,5C4D1475BDD016538ADC9FC74B1CE7DE20A49794DDC9B9CCA87BA35B66284168,graphics/source/sprites/WPLS1OIN.bam
supplemental:sprites:object-animation-bam:WPLS1W2,sprites,object-animation-bam,WPLS1W2,BAMC,V1,50,8,data/OBJAnim.bif,0x0020012B,3266,253F1A98645742057680DA4B8914D8DC5FF194B2190E2D68C804CA6A56CF3439,graphics/source/sprites/WPLS1W2.bam
supplemental:sprites:object-animation-bam:WPLS1W2E,sprites,object-animation-bam,WPLS1W2E,BAMC,V1,30,8,data/OBJAnim.bif,0x0020012C,3360,4DFC85F6AF952AB1DAD4232779F42593DE40108231D3C2BAD98FBFEA80995809,graphics/source/sprites/WPLS1W2E.bam
supplemental:sprites:object-animation-bam:WPLS2A2,sprites,object-animation-bam,WPLS2A2,BAMC,V1,50,8,data/OBJAnim.bif,0x0020012D,4898,96DD3788D4E1F94E0D5750A5C04122A3584175C9F09BA820D10A8C4644BC3175,graphics/source/sprites/WPLS2A2.bam
supplemental:sprites:object-animation-bam:WPLS2A2E,sprites,object-animation-bam,WPLS2A2E,BAMC,V1,30,8,data/OBJAnim.bif,0x0020012E,3235,149636154168CC446172C5E1BECCAF984766EDFA304CA14C6BD028245F197969,graphics/source/sprites/WPLS2A2E.bam
supplemental:sprites:object-animation-bam:WPLS2A4,sprites,object-animation-bam,WPLS2A4,BAMC,V1,50,8,data/OBJAnim.bif,0x0020012F,4422,045933869D9383F9585FCDF3C87AEBA8B1257CD90EE37753DF5DC8197C8FF74A,graphics/source/sprites/WPLS2A4.bam
supplemental:sprites:object-animation-bam:WPLS2A4E,sprites,object-animation-bam,WPLS2A4E,BAMC,V1,30,8,data/OBJAnim.bif,0x00200130,3500,EA7E6B9D690B8F858AA04A0F51EB4021FCCEFD0C94722BF8239E122931EA8C92,graphics/source/sprites/WPLS2A4E.bam
supplemental:sprites:object-animation-bam:WPLS2A6,sprites,object-animation-bam,WPLS2A6,BAMC,V1,40,8,data/OBJAnim.bif,0x00200131,3797,80B958B19C62B01B559BD9B66F63305E2E757403903732F0EB4DF177FD64A2B0,graphics/source/sprites/WPLS2A6.bam
supplemental:sprites:object-animation-bam:WPLS2A6E,sprites,object-animation-bam,WPLS2A6E,BAMC,V1,24,8,data/OBJAnim.bif,0x00200132,2683,6B11FB823A9391CAD44C913F39511E4D582B9EE1D1F7C87BD0148A7E9239417F,graphics/source/sprites/WPLS2A6E.bam
supplemental:sprites:object-animation-bam:WPLS2G1,sprites,object-animation-bam,WPLS2G1,BAMC,V1,180,72,data/OBJAnim.bif,0x00200133,9685,00440101B419243D88713055BB656801C7D6AC6EEBE573B0F8870D3C901396DA,graphics/source/sprites/WPLS2G1.bam
supplemental:sprites:object-animation-bam:WPLS2G1E,sprites,object-animation-bam,WPLS2G1E,BAMC,V1,108,72,data/OBJAnim.bif,0x00200134,7667,3699165529F485126DDC5B24E00B9A7285E1400819199602CF01273EDCFEC238,graphics/source/sprites/WPLS2G1E.bam
supplemental:sprites:paperdoll-animation-bam:WPLS2INV,sprites,paperdoll-animation-bam,WPLS2INV,BAM,V1,2,1,data/PaperDol.bif,0x062002FA,1616,AA7BA79E66E58645D9686683AEA76D51710647907421BB35EE82F5B3A76E4AB4,graphics/source/sprites/WPLS2INV.bam
supplemental:sprites:object-animation-bam:WPLS2W2,sprites,object-animation-bam,WPLS2W2,BAMC,V1,50,8,data/OBJAnim.bif,0x00200135,3571,FF1057E41CFC2A39F6FA4C592E0CCEF8D6CD13B8C8F07D30C66AAFB17EEE534B,graphics/source/sprites/WPLS2W2.bam
supplemental:sprites:object-animation-bam:WPLS2W2E,sprites,object-animation-bam,WPLS2W2E,BAMC,V1,30,8,data/OBJAnim.bif,0x00200136,3452,26DF25B786F83C5C838951F20647B8B76A94B260024DDA649B060C44C6ADAECD,graphics/source/sprites/WPLS2W2E.bam
supplemental:sprites:object-animation-bam:WPLS3A1,sprites,object-animation-bam,WPLS3A1,BAMC,V1,50,16,data/OBJAnim.bif,0x00200137,4125,4881771971D847C90D8F38D19D3E3AFA7C24A3765F76985A7EFDDD98521A19B3,graphics/source/sprites/WPLS3A1.bam
supplemental:sprites:object-animation-bam:WPLS3A1E,sprites,object-animation-bam,WPLS3A1E,BAMC,V1,30,16,data/OBJAnim.bif,0x00200138,2915,DB385F3593E1ADE78EF8B1835FCCD5443E63CB9E89FE98A2849A1055A349CB8E,graphics/source/sprites/WPLS3A1E.bam
supplemental:sprites:object-animation-bam:WPLS3A3,sprites,object-animation-bam,WPLS3A3,BAMC,V1,50,8,data/OBJAnim.bif,0x00200139,3545,537859D635074263D883D67BE5706E312FE6E5A6D12AC2911390464CEECB9064,graphics/source/sprites/WPLS3A3.bam
supplemental:sprites:object-animation-bam:WPLS3A3E,sprites,object-animation-bam,WPLS3A3E,BAMC,V1,30,8,data/OBJAnim.bif,0x0020013A,3171,6B906F445ADCAFC2EE4969F7849393EE1BB37E5FB65890A4E7F94C0C78570149,graphics/source/sprites/WPLS3A3E.bam
supplemental:sprites:object-animation-bam:WPLS3A5,sprites,object-animation-bam,WPLS3A5,BAMC,V1,30,8,data/OBJAnim.bif,0x0020013B,2464,D22ACEE3A497ACAEFEE0836F6C39CC7285502D0A5A73A0C327BAA3988AEC2A1D,graphics/source/sprites/WPLS3A5.bam
supplemental:sprites:object-animation-bam:WPLS3A5E,sprites,object-animation-bam,WPLS3A5E,BAMC,V1,18,8,data/OBJAnim.bif,0x0020013C,1960,2834A31640C68F3ACD9B40C4F333CEBC4A4E86A2D13D69B30B087C9B6CFD9CC0,graphics/source/sprites/WPLS3A5E.bam
supplemental:sprites:object-animation-bam:WPLS3G1,sprites,object-animation-bam,WPLS3G1,BAMC,V1,180,72,data/OBJAnim.bif,0x0020013D,8370,DB910434DAB81A23449B9E29EAF4B6813757E6457B0D5D9BA8061EEB94334BE1,graphics/source/sprites/WPLS3G1.bam
supplemental:sprites:object-animation-bam:WPLS3G1E,sprites,object-animation-bam,WPLS3G1E,BAMC,V1,108,72,data/OBJAnim.bif,0x0020013E,6756,DF3DC0C01C6DA885018906047179332CF23FCEB29AEF57D066CC87429E4DA069,graphics/source/sprites/WPLS3G1E.bam
supplemental:sprites:paperdoll-animation-bam:WPLS3INV,sprites,paperdoll-animation-bam,WPLS3INV,BAM,V1,2,1,data/PaperDol.bif,0x062002FB,1579,972073C46D15E517D85EBD08D2A121FEAE51E4F118C8F113634E5283F34581A3,graphics/source/sprites/WPLS3INV.bam
supplemental:sprites:paperdoll-animation-bam:WPLS3OIN,sprites,paperdoll-animation-bam,WPLS3OIN,BAM,V1,2,1,data/PaperDol.bif,0x062002FC,1525,41B2CFC9FBC8484DFCF1617ADF6905751DE115D23B9915ACD26C92073203E43D,graphics/source/sprites/WPLS3OIN.bam
supplemental:sprites:object-animation-bam:WPLS3W2,sprites,object-animation-bam,WPLS3W2,BAMC,V1,50,8,data/OBJAnim.bif,0x0020013F,3266,253F1A98645742057680DA4B8914D8DC5FF194B2190E2D68C804CA6A56CF3439,graphics/source/sprites/WPLS3W2.bam
supplemental:sprites:object-animation-bam:WPLS3W2E,sprites,object-animation-bam,WPLS3W2E,BAMC,V1,30,8,data/OBJAnim.bif,0x00200140,3360,4DFC85F6AF952AB1DAD4232779F42593DE40108231D3C2BAD98FBFEA80995809,graphics/source/sprites/WPLS3W2E.bam
supplemental:sprites:paperdoll-animation-bam:WPLSCINV,sprites,paperdoll-animation-bam,WPLSCINV,BAM,V1,2,1,data/PaperDol.bif,0x062002FD,1632,28EAEE60313F0E12E9160FC6989BEB83091F0BEE4CD35ED22B384E8EAFB724FF,graphics/source/sprites/WPLSCINV.bam
supplemental:sprites:paperdoll-animation-bam:WPLSCOIN,sprites,paperdoll-animation-bam,WPLSCOIN,BAM,V1,2,1,data/PaperDol.bif,0x062002FE,1469,64BD896BF4DE0F79DA85D1C185E81EB7213E9DE37CDB48A5264232F71448D02B,graphics/source/sprites/WPLSCOIN.bam
supplemental:sprites:object-animation-bam:WPLSLA1,sprites,object-animation-bam,WPLSLA1,BAMC,V1,50,16,data/OBJAnim.bif,0x00200141,2933,A466BE82E51DE73871A8D2B11A8D9622A0F724F39D0CAB77B6C180C2D62A0057,graphics/source/sprites/WPLSLA1.bam
supplemental:sprites:object-animation-bam:WPLSLA1E,sprites,object-animation-bam,WPLSLA1E,BAMC,V1,30,16,data/OBJAnim.bif,0x00200142,2178,7A55A28361A1D15EE777798079A1FBE181265D5524B2D29F9179FEA917955B84,graphics/source/sprites/WPLSLA1E.bam
supplemental:sprites:object-animation-bam:WPLSLG1,sprites,object-animation-bam,WPLSLG1,BAMC,V1,180,72,data/OBJAnim.bif,0x00200143,5610,0A319A2A19AADEB529D9D96C30187EC1D3986E1E0629AE7EFE88E2E92F26F89D,graphics/source/sprites/WPLSLG1.bam
supplemental:sprites:object-animation-bam:WPLSLG1E,sprites,object-animation-bam,WPLSLG1E,BAMC,V1,108,72,data/OBJAnim.bif,0x00200144,3908,422D50E8E087F82A6649CDC289665010AF73699CABEDE95ED9D9CD803C1D6BAF,graphics/source/sprites/WPLSLG1E.bam
supplemental:sprites:paperdoll-animation-bam:WPLSLINV,sprites,paperdoll-animation-bam,WPLSLINV,BAM,V1,2,1,data/PaperDol.bif,0x062002FF,1517,1F49F7C6E47D75284AEE1735E70A590D136AEB40BE3E203CAEAB55D8CE74D322,graphics/source/sprites/WPLSLINV.bam
supplemental:sprites:object-animation-bam:WPLSLW2,sprites,object-animation-bam,WPLSLW2,BAMC,V1,50,8,data/OBJAnim.bif,0x00200145,2390,34145B40A75C7E4DD88F9701781321A42FD59737F17D39196E1099A4B798E240,graphics/source/sprites/WPLSLW2.bam
supplemental:sprites:object-animation-bam:WPLSLW2E,sprites,object-animation-bam,WPLSLW2E,BAMC,V1,30,8,data/OBJAnim.bif,0x00200146,1812,35E9662EE8FA76F89F1C5A3A435387A88CAB226C068C1E4AAC55EBA23FA0E453,graphics/source/sprites/WPLSLW2E.bam
supplemental:sprites:object-animation-bam:WPLSPA2,sprites,object-animation-bam,WPLSPA2,BAMC,V1,50,8,data/OBJAnim.bif,0x00200147,5525,183DE8238AFB0E07291C8862327D0C6A82D5060CE261895732E8848B020C54F7,graphics/source/sprites/WPLSPA2.bam
supplemental:sprites:object-animation-bam:WPLSPA2E,sprites,object-animation-bam,WPLSPA2E,BAMC,V1,30,8,data/OBJAnim.bif,0x00200148,3435,174BEE0545827FE414B64EB66AC808DB97E1AC937C3A3281EE5D4328D57840BE,graphics/source/sprites/WPLSPA2E.bam
supplemental:sprites:object-animation-bam:WPLSPA4,sprites,object-animation-bam,WPLSPA4,BAMC,V1,50,8,data/OBJAnim.bif,0x00200149,5280,96A92CF2A0E8D66DDA78F1DC8AC6065301372EA3FF827392FC49F9B27B169785,graphics/source/sprites/WPLSPA4.bam
supplemental:sprites:object-animation-bam:WPLSPA4E,sprites,object-animation-bam,WPLSPA4E,BAMC,V1,30,8,data/OBJAnim.bif,0x0020014A,3688,4AD3147880BDC8A8FCC2F530A2107660D7E96107DB68992BE91A07FC76C740D2,graphics/source/sprites/WPLSPA4E.bam
supplemental:sprites:object-animation-bam:WPLSPA6,sprites,object-animation-bam,WPLSPA6,BAMC,V1,40,8,data/OBJAnim.bif,0x0020014B,4151,1D075D13AA18D4EC23AE8AC942A640F83FDD0825DD3379C311BAF42F137D7276,graphics/source/sprites/WPLSPA6.bam
supplemental:sprites:object-animation-bam:WPLSPA6E,sprites,object-animation-bam,WPLSPA6E,BAMC,V1,24,8,data/OBJAnim.bif,0x0020014C,2740,30C6DD156CC333C39BE92758ED7E1ACD6A53BA0BF2A4302D2CF8396E45C331AA,graphics/source/sprites/WPLSPA6E.bam
supplemental:sprites:object-animation-bam:WPLSPG1,sprites,object-animation-bam,WPLSPG1,BAMC,V1,180,72,data/OBJAnim.bif,0x0020014D,12100,01E385E24CB9DAF0575A47F7FB1C231320E172545055DAF5374D4856FF824289,graphics/source/sprites/WPLSPG1.bam
supplemental:sprites:object-animation-bam:WPLSPG1E,sprites,object-animation-bam,WPLSPG1E,BAMC,V1,108,72,data/OBJAnim.bif,0x0020014E,8578,C107EF5B1B237834565A2AFDEFD99DFEB51C6DFB2AC2177779A90ABD7E0B289D,graphics/source/sprites/WPLSPG1E.bam
supplemental:sprites:paperdoll-animation-bam:WPLSPINV,sprites,paperdoll-animation-bam,WPLSPINV,BAM,V1,2,1,data/PaperDol.bif,0x06200300,1803,32C6EA20C473DEA8297BAA2E85CCF45092814B2B2D76BDA6E46AE830BF4AABB6,graphics/source/sprites/WPLSPINV.bam
supplemental:sprites:object-animation-bam:WPLSPW2,sprites,object-animation-bam,WPLSPW2,BAMC,V1,50,8,data/OBJAnim.bif,0x0020014F,4402,88504E5D9975C6773177592B6F3CBD1A5435CD354D81DF874DD6A07CEC290C88,graphics/source/sprites/WPLSPW2.bam
supplemental:sprites:object-animation-bam:WPLSPW2E,sprites,object-animation-bam,WPLSPW2E,BAMC,V1,30,8,data/OBJAnim.bif,0x00200150,3718,E896D6EBEEBED101777B658DC05BA098524CB77787711CD561EC75E0C1C62FE1,graphics/source/sprites/WPLSPW2E.bam
supplemental:sprites:object-animation-bam:WPLSSA1,sprites,object-animation-bam,WPLSSA1,BAMC,V1,50,16,data/OBJAnim.bif,0x00200151,4125,4881771971D847C90D8F38D19D3E3AFA7C24A3765F76985A7EFDDD98521A19B3,graphics/source/sprites/WPLSSA1.bam
supplemental:sprites:object-animation-bam:WPLSSA1E,sprites,object-animation-bam,WPLSSA1E,BAMC,V1,30,16,data/OBJAnim.bif,0x00200152,2915,DB385F3593E1ADE78EF8B1835FCCD5443E63CB9E89FE98A2849A1055A349CB8E,graphics/source/sprites/WPLSSA1E.bam
supplemental:sprites:object-animation-bam:WPLSSA3,sprites,object-animation-bam,WPLSSA3,BAMC,V1,50,8,data/OBJAnim.bif,0x00200153,3545,537859D635074263D883D67BE5706E312FE6E5A6D12AC2911390464CEECB9064,graphics/source/sprites/WPLSSA3.bam
supplemental:sprites:object-animation-bam:WPLSSA3E,sprites,object-animation-bam,WPLSSA3E,BAMC,V1,30,8,data/OBJAnim.bif,0x00200154,3171,6B906F445ADCAFC2EE4969F7849393EE1BB37E5FB65890A4E7F94C0C78570149,graphics/source/sprites/WPLSSA3E.bam
supplemental:sprites:object-animation-bam:WPLSSA5,sprites,object-animation-bam,WPLSSA5,BAMC,V1,30,8,data/OBJAnim.bif,0x00200155,2464,D22ACEE3A497ACAEFEE0836F6C39CC7285502D0A5A73A0C327BAA3988AEC2A1D,graphics/source/sprites/WPLSSA5.bam
supplemental:sprites:object-animation-bam:WPLSSA5E,sprites,object-animation-bam,WPLSSA5E,BAMC,V1,18,8,data/OBJAnim.bif,0x00200156,1960,2834A31640C68F3ACD9B40C4F333CEBC4A4E86A2D13D69B30B087C9B6CFD9CC0,graphics/source/sprites/WPLSSA5E.bam
supplemental:sprites:object-animation-bam:WPLSSG1,sprites,object-animation-bam,WPLSSG1,BAMC,V1,180,72,data/OBJAnim.bif,0x00200157,8370,DB910434DAB81A23449B9E29EAF4B6813757E6457B0D5D9BA8061EEB94334BE1,graphics/source/sprites/WPLSSG1.bam
supplemental:sprites:object-animation-bam:WPLSSG1E,sprites,object-animation-bam,WPLSSG1E,BAMC,V1,108,72,data/OBJAnim.bif,0x00200158,6756,DF3DC0C01C6DA885018906047179332CF23FCEB29AEF57D066CC87429E4DA069,graphics/source/sprites/WPLSSG1E.bam
supplemental:sprites:paperdoll-animation-bam:WPLSSINV,sprites,paperdoll-animation-bam,WPLSSINV,BAM,V1,2,1,data/PaperDol.bif,0x06200301,1448,D0836BD00C4961BB816E9F47FE1FCE843D87C5D445C8DC2F1988A9D4A6C91340,graphics/source/sprites/WPLSSINV.bam
supplemental:sprites:paperdoll-animation-bam:WPLSSOIN,sprites,paperdoll-animation-bam,WPLSSOIN,BAM,V1,2,1,data/PaperDol.bif,0x06200302,1375,AAB3CE9852ACF99DF66F3CC961C157F06E993F372948D94B7CDB59D6E9F00747,graphics/source/sprites/WPLSSOIN.bam
supplemental:sprites:object-animation-bam:WPLSSW2,sprites,object-animation-bam,WPLSSW2,BAMC,V1,50,8,data/OBJAnim.bif,0x00200159,3266,253F1A98645742057680DA4B8914D8DC5FF194B2190E2D68C804CA6A56CF3439,graphics/source/sprites/WPLSSW2.bam
supplemental:sprites:object-animation-bam:WPLSSW2E,sprites,object-animation-bam,WPLSSW2E,BAMC,V1,30,8,data/OBJAnim.bif,0x0020015A,3360,4DFC85F6AF952AB1DAD4232779F42593DE40108231D3C2BAD98FBFEA80995809,graphics/source/sprites/WPLSSW2E.bam
supplemental:sprites:object-animation-bam:WPLWHA1,sprites,object-animation-bam,WPLWHA1,BAMC,V1,50,16,data/OBJAnim.bif,0x0020015B,4807,57870F2CEEE49233D9332E57E2038796EAEC0BF08E7C3DDFB35B5F407B165CD2,graphics/source/sprites/WPLWHA1.bam
supplemental:sprites:object-animation-bam:WPLWHA1E,sprites,object-animation-bam,WPLWHA1E,BAMC,V1,30,16,data/OBJAnim.bif,0x0020015C,3343,005C04B12904A8CFF9F629CCDE1AC033C6776457D2E75D7BB8457C53D7521C87,graphics/source/sprites/WPLWHA1E.bam
supplemental:sprites:object-animation-bam:WPLWHA3,sprites,object-animation-bam,WPLWHA3,BAMC,V1,50,8,data/OBJAnim.bif,0x0020015D,4338,ED466374C58F739DC07C8635EC167A7DDD7C2FC0DAE87A815F5FAD1E82CD03F9,graphics/source/sprites/WPLWHA3.bam
supplemental:sprites:object-animation-bam:WPLWHA3E,sprites,object-animation-bam,WPLWHA3E,BAMC,V1,30,8,data/OBJAnim.bif,0x0020015E,3277,53BF9A14B7C0B941B7AFAB84C37DA255F63C9CC79B8B600456B234589BEC0C0D,graphics/source/sprites/WPLWHA3E.bam
supplemental:sprites:object-animation-bam:WPLWHG1,sprites,object-animation-bam,WPLWHG1,BAMC,V1,179,72,data/OBJAnim.bif,0x0020015F,10150,CFD1A5E59B986E3767253785AC40AF8726155DC3464F0BE89098D17AC476E6E0,graphics/source/sprites/WPLWHG1.bam
supplemental:sprites:object-animation-bam:WPLWHG1E,sprites,object-animation-bam,WPLWHG1E,BAMC,V1,108,72,data/OBJAnim.bif,0x00200160,7088,1498AEBE1C3DDC7E9C6F76124A91180A8B7C17C48B8CEF3F23B37C49DF869EF0,graphics/source/sprites/WPLWHG1E.bam
supplemental:sprites:paperdoll-animation-bam:WPLWHINV,sprites,paperdoll-animation-bam,WPLWHINV,BAM,V1,2,1,data/PaperDol.bif,0x06200303,1814,3CA38746CF0A9C87ABBCC2454293DD056235E97679C4C07916205D5B41502BD6,graphics/source/sprites/WPLWHINV.bam
supplemental:sprites:paperdoll-animation-bam:WPLWHOIN,sprites,paperdoll-animation-bam,WPLWHOIN,BAM,V1,2,1,data/PaperDol.bif,0x06200304,1745,235FB9096E20348A2605D3BACE2B17F0B2948631A9BFB77E447DB8BFB84568CB,graphics/source/sprites/WPLWHOIN.bam
supplemental:sprites:object-animation-bam:WPLWHW2,sprites,object-animation-bam,WPLWHW2,BAMC,V1,50,8,data/OBJAnim.bif,0x00200161,3984,5108586B872F6CB187251382FA16D719CE5AEE449CE8C10E1A2382D548863F07,graphics/source/sprites/WPLWHW2.bam
supplemental:sprites:object-animation-bam:WPLWHW2E,sprites,object-animation-bam,WPLWHW2E,BAMC,V1,30,8,data/OBJAnim.bif,0x00200162,3148,DBDE58A312B35AB6565AFAC79607CD8EE2820C281642072BE19AAC29C9795048,graphics/source/sprites/WPLWHW2E.bam
supplemental:sprites:paperdoll-animation-bam:WPLWMOIN,sprites,paperdoll-animation-bam,WPLWMOIN,BAMC,V1,2,1,data/PaperDol.bif,0x06200305,929,CAD9675478884456F6ADCA2056F9CAA31E2D59481E48E9A8595D0A897B2424D9,graphics/source/sprites/WPLWMOIN.bam
supplemental:sprites:paperdoll-animation-bam:WPLZWA1,sprites,paperdoll-animation-bam,WPLZWA1,BAM,V1,50,16,data/PaperDol.bif,0x06200306,2034,9A8B9161D7BC061C2894D55A7A9DDE0F091018B98BF593140645DA87CEA0A007,graphics/source/sprites/WPLZWA1.bam
supplemental:sprites:paperdoll-animation-bam:WPLZWA1E,sprites,paperdoll-animation-bam,WPLZWA1E,BAM,V1,30,16,data/PaperDol.bif,0x06200307,1678,353EDA3947CCEEFD61C427C7D4A909B815FBC95EAC3F195B0A60CA31A8738647,graphics/source/sprites/WPLZWA1E.bam
supplemental:sprites:paperdoll-animation-bam:WPLZWA2,sprites,paperdoll-animation-bam,WPLZWA2,BAM,V1,50,8,data/PaperDol.bif,0x06200308,1936,944B3DFC003D223ACAB015C23B27D941299B07006B0DFF136ADE9DBF91DDB3EB,graphics/source/sprites/WPLZWA2.bam
supplemental:sprites:paperdoll-animation-bam:WPLZWA2E,sprites,paperdoll-animation-bam,WPLZWA2E,BAM,V1,30,8,data/PaperDol.bif,0x06200309,1572,BB6CCC3EECAA0A68A82F1CF88992A5068044D8624BE6BCCF3B41B0A32226122E,graphics/source/sprites/WPLZWA2E.bam
supplemental:sprites:paperdoll-animation-bam:WPLZWA3,sprites,paperdoll-animation-bam,WPLZWA3,BAM,V1,50,8,data/PaperDol.bif,0x0620030A,1936,944B3DFC003D223ACAB015C23B27D941299B07006B0DFF136ADE9DBF91DDB3EB,graphics/source/sprites/WPLZWA3.bam
supplemental:sprites:paperdoll-animation-bam:WPLZWA3E,sprites,paperdoll-animation-bam,WPLZWA3E,BAM,V1,30,8,data/PaperDol.bif,0x0620030B,1572,BB6CCC3EECAA0A68A82F1CF88992A5068044D8624BE6BCCF3B41B0A32226122E,graphics/source/sprites/WPLZWA3E.bam
supplemental:sprites:paperdoll-animation-bam:WPLZWA4,sprites,paperdoll-animation-bam,WPLZWA4,BAM,V1,50,8,data/PaperDol.bif,0x0620030C,1936,944B3DFC003D223ACAB015C23B27D941299B07006B0DFF136ADE9DBF91DDB3EB,graphics/source/sprites/WPLZWA4.bam
supplemental:sprites:paperdoll-animation-bam:WPLZWA4E,sprites,paperdoll-animation-bam,WPLZWA4E,BAM,V1,30,8,data/PaperDol.bif,0x0620030D,1572,BB6CCC3EECAA0A68A82F1CF88992A5068044D8624BE6BCCF3B41B0A32226122E,graphics/source/sprites/WPLZWA4E.bam
supplemental:sprites:paperdoll-animation-bam:WPLZWA5,sprites,paperdoll-animation-bam,WPLZWA5,BAM,V1,30,8,data/PaperDol.bif,0x0620030E,1644,47B0FE52DE05862965FA8892CA6B5108ED5AD2B3B1110D73A50B720317BD4DA4,graphics/source/sprites/WPLZWA5.bam
supplemental:sprites:paperdoll-animation-bam:WPLZWA5E,sprites,paperdoll-animation-bam,WPLZWA5E,BAM,V1,18,8,data/PaperDol.bif,0x0620030F,1444,B511ADCF02F08A11E0E9A6969440311C6A90AC9F0056DBBDFB7C0CB8D88E7CA5,graphics/source/sprites/WPLZWA5E.bam
supplemental:sprites:paperdoll-animation-bam:WPLZWA6,sprites,paperdoll-animation-bam,WPLZWA6,BAM,V1,40,8,data/PaperDol.bif,0x06200310,1796,C55F90E379F1881021FE00292A4E5F766572253F4EE2E4FCFA18AC9D813EEC2B,graphics/source/sprites/WPLZWA6.bam
supplemental:sprites:paperdoll-animation-bam:WPLZWA6E,sprites,paperdoll-animation-bam,WPLZWA6E,BAM,V1,24,8,data/PaperDol.bif,0x06200311,1518,12EACC26D45100F19E7877DB25DCA4B034C65C4761013735E6D82CC418AB95C3,graphics/source/sprites/WPLZWA6E.bam
supplemental:sprites:paperdoll-animation-bam:WPLZWCA,sprites,paperdoll-animation-bam,WPLZWCA,BAM,V1,50,64,data/PaperDol.bif,0x06200312,3092,796E62E25B878F803BF874624865B82AE8964D76A559C293C209382F4F2F382C,graphics/source/sprites/WPLZWCA.bam
supplemental:sprites:paperdoll-animation-bam:WPLZWCAE,sprites,paperdoll-animation-bam,WPLZWCAE,BAM,V1,30,64,data/PaperDol.bif,0x06200313,2354,512CB092F3A2BB9D2E060FB618AF4E8D56CED5FDFC66BA7171BFB935FD67431E,graphics/source/sprites/WPLZWCAE.bam
supplemental:sprites:paperdoll-animation-bam:WPLZWG1,sprites,paperdoll-animation-bam,WPLZWG1,BAM,V1,180,72,data/PaperDol.bif,0x06200314,5754,256E8DF9FF3763DBED66CDE303A3297F38A92C9BC27A6C874DBFD32642F8335E,graphics/source/sprites/WPLZWG1.bam
supplemental:sprites:paperdoll-animation-bam:WPLZWG1E,sprites,paperdoll-animation-bam,WPLZWG1E,BAM,V1,108,72,data/PaperDol.bif,0x06200315,3946,6E10D76E375058AC3CF38375E8FC486031D55C3100CC560C8EBEC3BC7207CF1F,graphics/source/sprites/WPLZWG1E.bam
supplemental:sprites:paperdoll-animation-bam:WPLZWSA,sprites,paperdoll-animation-bam,WPLZWSA,BAM,V1,20,8,data/PaperDol.bif,0x06200316,1516,3ACDA5E0B8F1CCAE46185709147343DBE2AC6D9E74CD3D112451EB4F2C959627,graphics/source/sprites/WPLZWSA.bam
supplemental:sprites:paperdoll-animation-bam:WPLZWSAE,sprites,paperdoll-animation-bam,WPLZWSAE,BAM,V1,12,8,data/PaperDol.bif,0x06200317,1350,C4182AE17FED09D6F93D65E91BA3E252660A424A6B850E4DC63A474784396131,graphics/source/sprites/WPLZWSAE.bam
supplemental:sprites:paperdoll-animation-bam:WPLZWSX,sprites,paperdoll-animation-bam,WPLZWSX,BAM,V1,15,8,data/PaperDol.bif,0x06200318,1446,19D89EAE8A347996A132BCA73E1DB0310ABAFB4D166572561778690A2EE6FC4F,graphics/source/sprites/WPLZWSX.bam
supplemental:sprites:paperdoll-animation-bam:WPLZWSXE,sprites,paperdoll-animation-bam,WPLZWSXE,BAM,V1,9,8,data/PaperDol.bif,0x06200319,1298,E41B7930EA0F5B79D5AB91A50A861F8AC219C6BA360AC4696B153D50104F5C31,graphics/source/sprites/WPLZWSXE.bam
supplemental:sprites:paperdoll-animation-bam:WPLZWW2,sprites,paperdoll-animation-bam,WPLZWW2,BAM,V1,50,8,data/PaperDol.bif,0x0620031A,2502,F4361518F5BC7040D3F74B2BCF015577E13771877C94758B3772563F5B3AFF45,graphics/source/sprites/WPLZWW2.bam
supplemental:sprites:paperdoll-animation-bam:WPLZWW2E,sprites,paperdoll-animation-bam,WPLZWW2E,BAM,V1,30,8,data/PaperDol.bif,0x0620031B,1560,21D59C452D8D505F6C60B435368DAD0841A9F8585B35E2F4BD193E2625A80163,graphics/source/sprites/WPLZWW2E.bam
supplemental:sprites:object-animation-bam:WPMAXA1,sprites,object-animation-bam,WPMAXA1,BAMC,V1,50,16,data/OBJAnim.bif,0x00200163,4057,7742BF31B90C150380F6CAC4C46821F75022A4500F93AC0A2DCF248B0F9444F1,graphics/source/sprites/WPMAXA1.bam
supplemental:sprites:object-animation-bam:WPMAXA1E,sprites,object-animation-bam,WPMAXA1E,BAMC,V1,30,16,data/OBJAnim.bif,0x00200164,2807,EF6CB96F4DC930AA303E5E5207F0C9866388C1902706C69C7F65D3A7C8832094,graphics/source/sprites/WPMAXA1E.bam
supplemental:sprites:object-animation-bam:WPMAXA3,sprites,object-animation-bam,WPMAXA3,BAMC,V1,50,8,data/OBJAnim.bif,0x00200165,3658,C0EEA6D7D2DAF7BB3871CF80BA436026666CE4A73564DFA0443E94FD27840D5B,graphics/source/sprites/WPMAXA3.bam
supplemental:sprites:object-animation-bam:WPMAXA3E,sprites,object-animation-bam,WPMAXA3E,BAMC,V1,30,8,data/OBJAnim.bif,0x00200166,3183,C2F3FF620E235E59E633358622FD5D07ED41D6B0EED7FB2426FA985229308F8F,graphics/source/sprites/WPMAXA3E.bam
supplemental:sprites:object-animation-bam:WPMAXG1,sprites,object-animation-bam,WPMAXG1,BAMC,V1,180,72,data/OBJAnim.bif,0x00200167,11109,DCAC129BF09D16D30EC00DC993D238109A8AF49D16ABDEBDB5CF298F3B46469F,graphics/source/sprites/WPMAXG1.bam
supplemental:sprites:object-animation-bam:WPMAXG1E,sprites,object-animation-bam,WPMAXG1E,BAMC,V1,108,72,data/OBJAnim.bif,0x00200168,8078,D5ED608213ACA00A7F27B5E8DB7157855EE20D4292C9EA9AF36F94AAC77B595D,graphics/source/sprites/WPMAXG1E.bam
supplemental:sprites:paperdoll-animation-bam:WPMAXINV,sprites,paperdoll-animation-bam,WPMAXINV,BAM,V1,2,1,data/PaperDol.bif,0x0620031C,1671,8DFA3A2E0A909EAD4FB2A501EDC2F2A1A09E130184BD73943D53BCEC265CC41D,graphics/source/sprites/WPMAXINV.bam
supplemental:sprites:paperdoll-animation-bam:WPMAXOIN,sprites,paperdoll-animation-bam,WPMAXOIN,BAM,V1,2,1,data/PaperDol.bif,0x0620031D,1633,F7FBEADDE6B92848BF4B3D595A0F6939AACF2468610FF5270A323DC8EA7AFEFE,graphics/source/sprites/WPMAXOIN.bam
supplemental:sprites:object-animation-bam:WPMAXW2,sprites,object-animation-bam,WPMAXW2,BAMC,V1,50,8,data/OBJAnim.bif,0x00200169,3306,8A3FA286C719733DDCC34DE6F08A83BE82AEC6980D23606BA8926FCB30844153,graphics/source/sprites/WPMAXW2.bam
supplemental:sprites:object-animation-bam:WPMAXW2E,sprites,object-animation-bam,WPMAXW2E,BAMC,V1,30,8,data/OBJAnim.bif,0x0020016A,2756,648EAB7A7377D68841E96F181BA03C48881BA69C31184F79C3CD83E450B82319,graphics/source/sprites/WPMAXW2E.bam
supplemental:sprites:paperdoll-animation-bam:WPMBSG1,sprites,paperdoll-animation-bam,WPMBSG1,BAMC,V1,180,72,data/PaperDol.bif,0x0620031E,15344,EA050A78774A46B13307FD2C775F1A1752BE0C4211E0C4565DD8ADC66C552C6C,graphics/source/sprites/WPMBSG1.bam
supplemental:sprites:paperdoll-animation-bam:WPMBSG1E,sprites,paperdoll-animation-bam,WPMBSG1E,BAMC,V1,108,72,data/PaperDol.bif,0x0620031F,8395,AF4C77D28A96491144C415DFFB17D41FD595E82AA83163545082D97E8DFA3E00,graphics/source/sprites/WPMBSG1E.bam
supplemental:sprites:paperdoll-animation-bam:WPMBSINV,sprites,paperdoll-animation-bam,WPMBSINV,BAM,V1,2,1,data/PaperDol.bif,0x06200320,1615,7C682AAA07C90666D319EC282C59D68F044F47AFE1304F2687FBF179912BDF52,graphics/source/sprites/WPMBSINV.bam
supplemental:sprites:paperdoll-animation-bam:WPMBSSA,sprites,paperdoll-animation-bam,WPMBSSA,BAMC,V1,20,8,data/PaperDol.bif,0x06200321,2328,21A3394E1ECD9D680401F6FB40B68D02B948D867B2B1316DA7F82CC126017084,graphics/source/sprites/WPMBSSA.bam
supplemental:sprites:paperdoll-animation-bam:WPMBSSAE,sprites,paperdoll-animation-bam,WPMBSSAE,BAMC,V1,12,8,data/PaperDol.bif,0x06200322,1768,D056DFD8F20BC14842A701F1A50F996160FF9119E32BF5F84A743A45F1B24704,graphics/source/sprites/WPMBSSAE.bam
supplemental:sprites:paperdoll-animation-bam:WPMBSW2,sprites,paperdoll-animation-bam,WPMBSW2,BAMC,V1,50,8,data/PaperDol.bif,0x06200323,4400,6EFC9EEBAFD3DAB88D61026C258144E2DC237CDC68B0CD34638BE27AB48D6A08,graphics/source/sprites/WPMBSW2.bam
supplemental:sprites:paperdoll-animation-bam:WPMBSW2E,sprites,paperdoll-animation-bam,WPMBSW2E,BAMC,V1,30,8,data/PaperDol.bif,0x06200324,2961,1D9AD4230BEFE46F5C6188C309DE4EB0B4C1C9D401F5169794721101A30C78B5,graphics/source/sprites/WPMBSW2E.bam
supplemental:sprites:object-animation-bam:WPMBWG1,sprites,object-animation-bam,WPMBWG1,BAMC,V1,180,72,data/OBJAnim.bif,0x0020016B,15344,EA050A78774A46B13307FD2C775F1A1752BE0C4211E0C4565DD8ADC66C552C6C,graphics/source/sprites/WPMBWG1.bam
supplemental:sprites:object-animation-bam:WPMBWG1E,sprites,object-animation-bam,WPMBWG1E,BAMC,V1,108,72,data/OBJAnim.bif,0x0020016C,8395,AF4C77D28A96491144C415DFFB17D41FD595E82AA83163545082D97E8DFA3E00,graphics/source/sprites/WPMBWG1E.bam
supplemental:sprites:paperdoll-animation-bam:WPMBWINV,sprites,paperdoll-animation-bam,WPMBWINV,BAM,V1,2,1,data/PaperDol.bif,0x06200325,1892,78A631D2789AE406DAE6EBACFA9EDBC47159A31A5126F97E8BF2713BC14AAAA8,graphics/source/sprites/WPMBWINV.bam
supplemental:sprites:object-animation-bam:WPMBWSA,sprites,object-animation-bam,WPMBWSA,BAMC,V1,20,8,data/OBJAnim.bif,0x0020016D,2328,21A3394E1ECD9D680401F6FB40B68D02B948D867B2B1316DA7F82CC126017084,graphics/source/sprites/WPMBWSA.bam
supplemental:sprites:object-animation-bam:WPMBWSAE,sprites,object-animation-bam,WPMBWSAE,BAMC,V1,12,8,data/OBJAnim.bif,0x0020016E,1768,D056DFD8F20BC14842A701F1A50F996160FF9119E32BF5F84A743A45F1B24704,graphics/source/sprites/WPMBWSAE.bam
supplemental:sprites:object-animation-bam:WPMBWW2,sprites,object-animation-bam,WPMBWW2,BAMC,V1,50,8,data/OBJAnim.bif,0x0020016F,4400,6EFC9EEBAFD3DAB88D61026C258144E2DC237CDC68B0CD34638BE27AB48D6A08,graphics/source/sprites/WPMBWW2.bam
supplemental:sprites:object-animation-bam:WPMBWW2E,sprites,object-animation-bam,WPMBWW2E,BAMC,V1,30,8,data/OBJAnim.bif,0x00200170,2961,1D9AD4230BEFE46F5C6188C309DE4EB0B4C1C9D401F5169794721101A30C78B5,graphics/source/sprites/WPMBWW2E.bam
supplemental:sprites:paperdoll-animation-bam:WPMC0A1,sprites,paperdoll-animation-bam,WPMC0A1,BAMC,V1,50,16,data/PaperDol.bif,0x06200326,7710,552E60E655C76D05E4D4E44CEB46C92D1420D06AF44CB7EC0672772320354D55,graphics/source/sprites/WPMC0A1.bam
supplemental:sprites:paperdoll-animation-bam:WPMC0A1E,sprites,paperdoll-animation-bam,WPMC0A1E,BAMC,V1,30,16,data/PaperDol.bif,0x06200327,3444,B6BE5F10487C7EC9C4DA4DD0805E874CBCA15D8AC13C073E4EE97B55B53D5022,graphics/source/sprites/WPMC0A1E.bam
supplemental:sprites:paperdoll-animation-bam:WPMC0A3,sprites,paperdoll-animation-bam,WPMC0A3,BAMC,V1,50,8,data/PaperDol.bif,0x06200328,7860,F81D0C3C8796F70E0572993EB36FB06932D59053AE7AD490B2E30847F2A4661D,graphics/source/sprites/WPMC0A3.bam
supplemental:sprites:paperdoll-animation-bam:WPMC0A3E,sprites,paperdoll-animation-bam,WPMC0A3E,BAMC,V1,30,8,data/PaperDol.bif,0x06200329,3614,471D365D852B75F172E481BEBD83F73C9B8E306A7B81FF7075DDA255E0BBC82C,graphics/source/sprites/WPMC0A3E.bam
supplemental:sprites:paperdoll-animation-bam:WPMC0A5,sprites,paperdoll-animation-bam,WPMC0A5,BAMC,V1,30,8,data/PaperDol.bif,0x0620032A,4559,FCCD9165E41C077EAC059236F7584CC30EED77413358C877825C2B81ABADBF57,graphics/source/sprites/WPMC0A5.bam
supplemental:sprites:paperdoll-animation-bam:WPMC0A5E,sprites,paperdoll-animation-bam,WPMC0A5E,BAMC,V1,18,8,data/PaperDol.bif,0x0620032B,2553,AF54ED57A51E45272602E669DA6868D11731918319BC487CCD04E004E8AC8FFF,graphics/source/sprites/WPMC0A5E.bam
supplemental:sprites:paperdoll-animation-bam:WPMC0G1,sprites,paperdoll-animation-bam,WPMC0G1,BAMC,V1,180,72,data/PaperDol.bif,0x0620032C,23344,2F0B4E368A582CC77127A5A2B4101CE07787DA1E3D468D9E05D719F35E66E071,graphics/source/sprites/WPMC0G1.bam
supplemental:sprites:paperdoll-animation-bam:WPMC0G1E,sprites,paperdoll-animation-bam,WPMC0G1E,BAMC,V1,108,72,data/PaperDol.bif,0x0620032D,11248,595F303B62405CE46F870254A587BB06F865182D41DC18BE8E83EF0FAAF81B07,graphics/source/sprites/WPMC0G1E.bam
supplemental:sprites:paperdoll-animation-bam:WPMC0INV,sprites,paperdoll-animation-bam,WPMC0INV,BAM,V1,2,1,data/PaperDol.bif,0x0620032E,2874,C429713E9ABB74D5EB036FC556C931E34D513F4571AF48BA0A48030125C325B3,graphics/source/sprites/WPMC0INV.bam
supplemental:sprites:paperdoll-animation-bam:WPMC0W2,sprites,paperdoll-animation-bam,WPMC0W2,BAMC,V1,50,8,data/PaperDol.bif,0x0620032F,6637,F41436DE2956257A816EC2E4868DAAAC6A2AF7DC15918519ED6A8B4A2A7C2AD1,graphics/source/sprites/WPMC0W2.bam
supplemental:sprites:paperdoll-animation-bam:WPMC0W2E,sprites,paperdoll-animation-bam,WPMC0W2E,BAMC,V1,30,8,data/PaperDol.bif,0x06200330,3395,B1D5E29E54423F068070A997271D38B60447B06654AB3E7B19EC40BD57806ABC,graphics/source/sprites/WPMC0W2E.bam
supplemental:sprites:paperdoll-animation-bam:WPMC1A1,sprites,paperdoll-animation-bam,WPMC1A1,BAMC,V1,50,16,data/PaperDol.bif,0x06200331,8267,8F8F7AD83CB520C926EC08F1FD7F95C890F16F401556EBB089C3CDE8664645DD,graphics/source/sprites/WPMC1A1.bam
supplemental:sprites:paperdoll-animation-bam:WPMC1A1E,sprites,paperdoll-animation-bam,WPMC1A1E,BAMC,V1,30,16,data/PaperDol.bif,0x06200332,3338,007AF056D9CE3CE8FF2960ED4AA4D8565A8057FD992D5193AF89AD5C2D943898,graphics/source/sprites/WPMC1A1E.bam
supplemental:sprites:paperdoll-animation-bam:WPMC1A3,sprites,paperdoll-animation-bam,WPMC1A3,BAMC,V1,50,8,data/PaperDol.bif,0x06200333,8631,E3642A9B3F4CC6FBB7102A5C0094486D6FC63F2ADDCFE36BFD5453112F921276,graphics/source/sprites/WPMC1A3.bam
supplemental:sprites:paperdoll-animation-bam:WPMC1A3E,sprites,paperdoll-animation-bam,WPMC1A3E,BAMC,V1,30,8,data/PaperDol.bif,0x06200334,3613,DCBC4FEFB39B9A6D91A96514ED0E916BC14D0171EA9E90E41F370C2FB58B9E23,graphics/source/sprites/WPMC1A3E.bam
supplemental:sprites:paperdoll-animation-bam:WPMC1A5,sprites,paperdoll-animation-bam,WPMC1A5,BAMC,V1,30,8,data/PaperDol.bif,0x06200335,5036,2A7C947A4031187B5A49C05D98324664BC5F607BBB69ED3DB096F96C9EAAEA00,graphics/source/sprites/WPMC1A5.bam
supplemental:sprites:paperdoll-animation-bam:WPMC1A5E,sprites,paperdoll-animation-bam,WPMC1A5E,BAMC,V1,18,8,data/PaperDol.bif,0x06200336,2795,E3E276CC98383892CE850DED036F0AAA7DC72C670C8AAEEA69AC8BA350F22D9E,graphics/source/sprites/WPMC1A5E.bam
supplemental:sprites:paperdoll-animation-bam:WPMC1G1,sprites,paperdoll-animation-bam,WPMC1G1,BAMC,V1,180,72,data/PaperDol.bif,0x06200337,24564,E2B18F10B1922BDC8B43C81960D2BB07569EB63552F7DEC8DE83B0483DCF7417,graphics/source/sprites/WPMC1G1.bam
supplemental:sprites:paperdoll-animation-bam:WPMC1G1E,sprites,paperdoll-animation-bam,WPMC1G1E,BAMC,V1,108,72,data/PaperDol.bif,0x06200338,12973,B1CB295B1D9B33417A4BB6A2F0465C94331047C8815813A382067B461DDAD977,graphics/source/sprites/WPMC1G1E.bam
supplemental:sprites:paperdoll-animation-bam:WPMC1INV,sprites,paperdoll-animation-bam,WPMC1INV,BAM,V1,2,1,data/PaperDol.bif,0x06200339,3543,79479C454B87264961311AF5BD78F5B8E4CFDA6943160626CD75636B78A37ACA,graphics/source/sprites/WPMC1INV.bam
supplemental:sprites:paperdoll-animation-bam:WPMC1W2,sprites,paperdoll-animation-bam,WPMC1W2,BAMC,V1,50,8,data/PaperDol.bif,0x0620033A,7376,72E5144E4ABA1CAC132DB77AA1B0AAC0A08B74EECEA8E89F887F806CAA94ECE6,graphics/source/sprites/WPMC1W2.bam
supplemental:sprites:paperdoll-animation-bam:WPMC1W2E,sprites,paperdoll-animation-bam,WPMC1W2E,BAMC,V1,30,8,data/PaperDol.bif,0x0620033B,3683,38BBCF46355B87339C7A970983F392E62326953D8957A52CF8F946C74B9190D5,graphics/source/sprites/WPMC1W2E.bam
supplemental:sprites:paperdoll-animation-bam:WPMC2A1,sprites,paperdoll-animation-bam,WPMC2A1,BAMC,V1,50,16,data/PaperDol.bif,0x0620033C,9433,1F2B6ECE954CD1AA4AEB0141FB0D5569BE19253B2BAEA3F9B7649947FEF1BE4B,graphics/source/sprites/WPMC2A1.bam
supplemental:sprites:paperdoll-animation-bam:WPMC2A1E,sprites,paperdoll-animation-bam,WPMC2A1E,BAMC,V1,30,16,data/PaperDol.bif,0x0620033D,4050,E94BD89AFAADB7980AE73B3D598634487BBEEF588C500E5EEA5625BDC9AF7476,graphics/source/sprites/WPMC2A1E.bam
supplemental:sprites:paperdoll-animation-bam:WPMC2A3,sprites,paperdoll-animation-bam,WPMC2A3,BAMC,V1,50,8,data/PaperDol.bif,0x0620033E,10519,895C6921508328B68E4C66B509387E0535568F3AB45EC06C3C753F6A58D503E0,graphics/source/sprites/WPMC2A3.bam
supplemental:sprites:paperdoll-animation-bam:WPMC2A3E,sprites,paperdoll-animation-bam,WPMC2A3E,BAMC,V1,30,8,data/PaperDol.bif,0x0620033F,3727,83B418C5DF69428A920E841921EA09F026134342F2AF5C25D1DF91E18285B928,graphics/source/sprites/WPMC2A3E.bam
supplemental:sprites:paperdoll-animation-bam:WPMC2A5,sprites,paperdoll-animation-bam,WPMC2A5,BAMC,V1,30,8,data/PaperDol.bif,0x06200340,5374,07C68B4136657943E077564E00637E72EC55A345D3D72E2CDD715A61E3A186DF,graphics/source/sprites/WPMC2A5.bam
supplemental:sprites:paperdoll-animation-bam:WPMC2A5E,sprites,paperdoll-animation-bam,WPMC2A5E,BAMC,V1,18,8,data/PaperDol.bif,0x06200341,2820,C37A8E310C1137E87CE1CF6314CBB346DF873796A5022A70E0B03D4DBCABF32D,graphics/source/sprites/WPMC2A5E.bam
supplemental:sprites:paperdoll-animation-bam:WPMC2G1,sprites,paperdoll-animation-bam,WPMC2G1,BAMC,V1,180,72,data/PaperDol.bif,0x06200342,25945,0444F400E6E60FBED364151E3DBBE8EF8DB3585BA87E17A8EBFFB049954FCD61,graphics/source/sprites/WPMC2G1.bam
supplemental:sprites:paperdoll-animation-bam:WPMC2G1E,sprites,paperdoll-animation-bam,WPMC2G1E,BAMC,V1,108,72,data/PaperDol.bif,0x06200343,13102,2BE1B316D0B2B027F6C5E1950DAA06F6D0849DE321F759DF1C387537D522F88C,graphics/source/sprites/WPMC2G1E.bam
supplemental:sprites:paperdoll-animation-bam:WPMC2INV,sprites,paperdoll-animation-bam,WPMC2INV,BAM,V1,2,1,data/PaperDol.bif,0x06200344,3951,6458EFB91F47AAEBAA41E9228C7477B7AC284F56CC35700747615E904B0DF545,graphics/source/sprites/WPMC2INV.bam
supplemental:sprites:paperdoll-animation-bam:WPMC2W2,sprites,paperdoll-animation-bam,WPMC2W2,BAMC,V1,50,8,data/PaperDol.bif,0x06200345,7762,C9C10A346D2A571E578AED0762457219C0B9AE9CD6EB2D4AF3D182AF309C818C,graphics/source/sprites/WPMC2W2.bam
supplemental:sprites:paperdoll-animation-bam:WPMC2W2E,sprites,paperdoll-animation-bam,WPMC2W2E,BAMC,V1,30,8,data/PaperDol.bif,0x06200346,3975,20BE90762865F9DD6AFAB597DBB02F490EAD8BE109AB97D0504F9747F4009B7B,graphics/source/sprites/WPMC2W2E.bam
supplemental:sprites:paperdoll-animation-bam:WPMC3A1,sprites,paperdoll-animation-bam,WPMC3A1,BAMC,V1,50,16,data/PaperDol.bif,0x06200347,8267,8F8F7AD83CB520C926EC08F1FD7F95C890F16F401556EBB089C3CDE8664645DD,graphics/source/sprites/WPMC3A1.bam
supplemental:sprites:paperdoll-animation-bam:WPMC3A1E,sprites,paperdoll-animation-bam,WPMC3A1E,BAMC,V1,30,16,data/PaperDol.bif,0x06200348,3338,007AF056D9CE3CE8FF2960ED4AA4D8565A8057FD992D5193AF89AD5C2D943898,graphics/source/sprites/WPMC3A1E.bam
supplemental:sprites:paperdoll-animation-bam:WPMC3A3,sprites,paperdoll-animation-bam,WPMC3A3,BAMC,V1,50,8,data/PaperDol.bif,0x06200349,8631,E3642A9B3F4CC6FBB7102A5C0094486D6FC63F2ADDCFE36BFD5453112F921276,graphics/source/sprites/WPMC3A3.bam
supplemental:sprites:paperdoll-animation-bam:WPMC3A3E,sprites,paperdoll-animation-bam,WPMC3A3E,BAMC,V1,30,8,data/PaperDol.bif,0x0620034A,3613,DCBC4FEFB39B9A6D91A96514ED0E916BC14D0171EA9E90E41F370C2FB58B9E23,graphics/source/sprites/WPMC3A3E.bam
supplemental:sprites:paperdoll-animation-bam:WPMC3A5,sprites,paperdoll-animation-bam,WPMC3A5,BAMC,V1,30,8,data/PaperDol.bif,0x0620034B,5036,2A7C947A4031187B5A49C05D98324664BC5F607BBB69ED3DB096F96C9EAAEA00,graphics/source/sprites/WPMC3A5.bam
supplemental:sprites:paperdoll-animation-bam:WPMC3A5E,sprites,paperdoll-animation-bam,WPMC3A5E,BAMC,V1,18,8,data/PaperDol.bif,0x0620034C,2795,E3E276CC98383892CE850DED036F0AAA7DC72C670C8AAEEA69AC8BA350F22D9E,graphics/source/sprites/WPMC3A5E.bam
supplemental:sprites:paperdoll-animation-bam:WPMC3G1,sprites,paperdoll-animation-bam,WPMC3G1,BAMC,V1,180,72,data/PaperDol.bif,0x0620034D,24564,E2B18F10B1922BDC8B43C81960D2BB07569EB63552F7DEC8DE83B0483DCF7417,graphics/source/sprites/WPMC3G1.bam
supplemental:sprites:paperdoll-animation-bam:WPMC3G1E,sprites,paperdoll-animation-bam,WPMC3G1E,BAMC,V1,108,72,data/PaperDol.bif,0x0620034E,12973,B1CB295B1D9B33417A4BB6A2F0465C94331047C8815813A382067B461DDAD977,graphics/source/sprites/WPMC3G1E.bam
supplemental:sprites:paperdoll-animation-bam:WPMC3INV,sprites,paperdoll-animation-bam,WPMC3INV,BAM,V1,2,1,data/PaperDol.bif,0x0620034F,3543,D5DFB98894E4B065B6F94E102F95F97F439680906A2E08C98FCE1704F89867EB,graphics/source/sprites/WPMC3INV.bam
supplemental:sprites:paperdoll-animation-bam:WPMC3W2,sprites,paperdoll-animation-bam,WPMC3W2,BAMC,V1,50,8,data/PaperDol.bif,0x06200350,7376,72E5144E4ABA1CAC132DB77AA1B0AAC0A08B74EECEA8E89F887F806CAA94ECE6,graphics/source/sprites/WPMC3W2.bam
supplemental:sprites:paperdoll-animation-bam:WPMC3W2E,sprites,paperdoll-animation-bam,WPMC3W2E,BAMC,V1,30,8,data/PaperDol.bif,0x06200351,3683,38BBCF46355B87339C7A970983F392E62326953D8957A52CF8F946C74B9190D5,graphics/source/sprites/WPMC3W2E.bam
supplemental:sprites:paperdoll-animation-bam:WPMC4A1,sprites,paperdoll-animation-bam,WPMC4A1,BAMC,V1,50,16,data/PaperDol.bif,0x06200352,4038,285A396B97FC341E1DA26205CFA5B016423E456C7A164C3C4CDA41709CC8E33F,graphics/source/sprites/WPMC4A1.bam
supplemental:sprites:paperdoll-animation-bam:WPMC4A1E,sprites,paperdoll-animation-bam,WPMC4A1E,BAMC,V1,30,16,data/PaperDol.bif,0x06200353,2209,EB4C1A2D32365883E126C3025C160CF61BB0882E9B95AD18E608A2648F6235FD,graphics/source/sprites/WPMC4A1E.bam
supplemental:sprites:paperdoll-animation-bam:WPMC4A3,sprites,paperdoll-animation-bam,WPMC4A3,BAMC,V1,50,8,data/PaperDol.bif,0x06200354,4117,B9C4908F2C7E5C2C2BAA218796E92F2C3268F04E58CDACD1EC9C3558E430E7A8,graphics/source/sprites/WPMC4A3.bam
supplemental:sprites:paperdoll-animation-bam:WPMC4A3E,sprites,paperdoll-animation-bam,WPMC4A3E,BAMC,V1,30,8,data/PaperDol.bif,0x06200355,2235,E558B4B448C180412402C110B3155F545808DD328CA98FCDFD380CC98861F5E0,graphics/source/sprites/WPMC4A3E.bam
supplemental:sprites:paperdoll-animation-bam:WPMC4A5,sprites,paperdoll-animation-bam,WPMC4A5,BAMC,V1,30,8,data/PaperDol.bif,0x06200356,2650,1E5EF66CC663663E8F770260C97910A8334F1521110E7961E3543938B5B8C178,graphics/source/sprites/WPMC4A5.bam
supplemental:sprites:paperdoll-animation-bam:WPMC4A5E,sprites,paperdoll-animation-bam,WPMC4A5E,BAMC,V1,18,8,data/PaperDol.bif,0x06200357,1698,A38250FF500C051D9652675E34B9C45CB7C9553A240BF1B212EAB5E8E106CC78,graphics/source/sprites/WPMC4A5E.bam
supplemental:sprites:paperdoll-animation-bam:WPMC4G1,sprites,paperdoll-animation-bam,WPMC4G1,BAMC,V1,180,72,data/PaperDol.bif,0x06200358,11450,961716E0EE2881B70B9C78444FA680300E67CB3AEBE18EE8ED033DE805071221,graphics/source/sprites/WPMC4G1.bam
supplemental:sprites:paperdoll-animation-bam:WPMC4G1E,sprites,paperdoll-animation-bam,WPMC4G1E,BAMC,V1,108,72,data/PaperDol.bif,0x06200359,6310,24FAE58BA76A5F8AA75C908F0090214D3169CCEB88DFDE216955352443D08C53,graphics/source/sprites/WPMC4G1E.bam
supplemental:sprites:paperdoll-animation-bam:WPMC4INV,sprites,paperdoll-animation-bam,WPMC4INV,BAM,V1,2,1,data/PaperDol.bif,0x0620035A,1869,31ABDE9C0C0A9F324185A8415058737D0BC1C55000F04E0EF7BEF5303090828F,graphics/source/sprites/WPMC4INV.bam
supplemental:sprites:paperdoll-animation-bam:WPMC4W2,sprites,paperdoll-animation-bam,WPMC4W2,BAMC,V1,50,8,data/PaperDol.bif,0x0620035B,3563,B7CFBBD2B6BC173B702A964F7B03251C2D3F5241CD121831D9D0E7F1C4831B3D,graphics/source/sprites/WPMC4W2.bam
supplemental:sprites:paperdoll-animation-bam:WPMC4W2E,sprites,paperdoll-animation-bam,WPMC4W2E,BAMC,V1,30,8,data/PaperDol.bif,0x0620035C,2108,89B761B6F2DB46B80B310CDD71F2F4AFFA33E2147DDAA28C63FF96AD6F720553,graphics/source/sprites/WPMC4W2E.bam
supplemental:sprites:paperdoll-animation-bam:WPMC5A1,sprites,paperdoll-animation-bam,WPMC5A1,BAMC,V1,50,16,data/PaperDol.bif,0x0620035D,7710,552E60E655C76D05E4D4E44CEB46C92D1420D06AF44CB7EC0672772320354D55,graphics/source/sprites/WPMC5A1.bam
supplemental:sprites:paperdoll-animation-bam:WPMC5A1E,sprites,paperdoll-animation-bam,WPMC5A1E,BAMC,V1,30,16,data/PaperDol.bif,0x0620035E,3444,B6BE5F10487C7EC9C4DA4DD0805E874CBCA15D8AC13C073E4EE97B55B53D5022,graphics/source/sprites/WPMC5A1E.bam
supplemental:sprites:paperdoll-animation-bam:WPMC5A3,sprites,paperdoll-animation-bam,WPMC5A3,BAMC,V1,50,8,data/PaperDol.bif,0x0620035F,7860,F81D0C3C8796F70E0572993EB36FB06932D59053AE7AD490B2E30847F2A4661D,graphics/source/sprites/WPMC5A3.bam
supplemental:sprites:paperdoll-animation-bam:WPMC5A3E,sprites,paperdoll-animation-bam,WPMC5A3E,BAMC,V1,30,8,data/PaperDol.bif,0x06200360,3614,471D365D852B75F172E481BEBD83F73C9B8E306A7B81FF7075DDA255E0BBC82C,graphics/source/sprites/WPMC5A3E.bam
supplemental:sprites:paperdoll-animation-bam:WPMC5A5,sprites,paperdoll-animation-bam,WPMC5A5,BAMC,V1,30,8,data/PaperDol.bif,0x06200361,4559,FCCD9165E41C077EAC059236F7584CC30EED77413358C877825C2B81ABADBF57,graphics/source/sprites/WPMC5A5.bam
supplemental:sprites:paperdoll-animation-bam:WPMC5A5E,sprites,paperdoll-animation-bam,WPMC5A5E,BAMC,V1,18,8,data/PaperDol.bif,0x06200362,2553,AF54ED57A51E45272602E669DA6868D11731918319BC487CCD04E004E8AC8FFF,graphics/source/sprites/WPMC5A5E.bam
supplemental:sprites:paperdoll-animation-bam:WPMC5G1,sprites,paperdoll-animation-bam,WPMC5G1,BAMC,V1,180,72,data/PaperDol.bif,0x06200363,23344,2F0B4E368A582CC77127A5A2B4101CE07787DA1E3D468D9E05D719F35E66E071,graphics/source/sprites/WPMC5G1.bam
supplemental:sprites:paperdoll-animation-bam:WPMC5G1E,sprites,paperdoll-animation-bam,WPMC5G1E,BAMC,V1,108,72,data/PaperDol.bif,0x06200364,11248,595F303B62405CE46F870254A587BB06F865182D41DC18BE8E83EF0FAAF81B07,graphics/source/sprites/WPMC5G1E.bam
supplemental:sprites:paperdoll-animation-bam:WPMC5INV,sprites,paperdoll-animation-bam,WPMC5INV,BAM,V1,2,1,data/PaperDol.bif,0x06200365,2676,00CCFF06D33F57252DCF1AB14FFC886E3567FFF6D9F15E5CE9098E8072ED13BD,graphics/source/sprites/WPMC5INV.bam
supplemental:sprites:paperdoll-animation-bam:WPMC5W2,sprites,paperdoll-animation-bam,WPMC5W2,BAMC,V1,50,8,data/PaperDol.bif,0x06200366,6637,F41436DE2956257A816EC2E4868DAAAC6A2AF7DC15918519ED6A8B4A2A7C2AD1,graphics/source/sprites/WPMC5W2.bam
supplemental:sprites:paperdoll-animation-bam:WPMC5W2E,sprites,paperdoll-animation-bam,WPMC5W2E,BAMC,V1,30,8,data/PaperDol.bif,0x06200367,3395,B1D5E29E54423F068070A997271D38B60447B06654AB3E7B19EC40BD57806ABC,graphics/source/sprites/WPMC5W2E.bam
supplemental:sprites:paperdoll-animation-bam:WPMC6A1,sprites,paperdoll-animation-bam,WPMC6A1,BAMC,V1,50,16,data/PaperDol.bif,0x06200368,9433,1F2B6ECE954CD1AA4AEB0141FB0D5569BE19253B2BAEA3F9B7649947FEF1BE4B,graphics/source/sprites/WPMC6A1.bam
supplemental:sprites:paperdoll-animation-bam:WPMC6A1E,sprites,paperdoll-animation-bam,WPMC6A1E,BAMC,V1,30,16,data/PaperDol.bif,0x06200369,4050,E94BD89AFAADB7980AE73B3D598634487BBEEF588C500E5EEA5625BDC9AF7476,graphics/source/sprites/WPMC6A1E.bam
supplemental:sprites:paperdoll-animation-bam:WPMC6A3,sprites,paperdoll-animation-bam,WPMC6A3,BAMC,V1,50,8,data/PaperDol.bif,0x0620036A,10519,895C6921508328B68E4C66B509387E0535568F3AB45EC06C3C753F6A58D503E0,graphics/source/sprites/WPMC6A3.bam
supplemental:sprites:paperdoll-animation-bam:WPMC6A3E,sprites,paperdoll-animation-bam,WPMC6A3E,BAMC,V1,30,8,data/PaperDol.bif,0x0620036B,3727,83B418C5DF69428A920E841921EA09F026134342F2AF5C25D1DF91E18285B928,graphics/source/sprites/WPMC6A3E.bam
supplemental:sprites:paperdoll-animation-bam:WPMC6A5,sprites,paperdoll-animation-bam,WPMC6A5,BAMC,V1,30,8,data/PaperDol.bif,0x0620036C,5374,07C68B4136657943E077564E00637E72EC55A345D3D72E2CDD715A61E3A186DF,graphics/source/sprites/WPMC6A5.bam
supplemental:sprites:paperdoll-animation-bam:WPMC6A5E,sprites,paperdoll-animation-bam,WPMC6A5E,BAMC,V1,18,8,data/PaperDol.bif,0x0620036D,2820,C37A8E310C1137E87CE1CF6314CBB346DF873796A5022A70E0B03D4DBCABF32D,graphics/source/sprites/WPMC6A5E.bam
supplemental:sprites:paperdoll-animation-bam:WPMC6G1,sprites,paperdoll-animation-bam,WPMC6G1,BAMC,V1,180,72,data/PaperDol.bif,0x0620036E,25945,0444F400E6E60FBED364151E3DBBE8EF8DB3585BA87E17A8EBFFB049954FCD61,graphics/source/sprites/WPMC6G1.bam
supplemental:sprites:paperdoll-animation-bam:WPMC6G1E,sprites,paperdoll-animation-bam,WPMC6G1E,BAMC,V1,108,72,data/PaperDol.bif,0x0620036F,13102,2BE1B316D0B2B027F6C5E1950DAA06F6D0849DE321F759DF1C387537D522F88C,graphics/source/sprites/WPMC6G1E.bam
supplemental:sprites:paperdoll-animation-bam:WPMC6INV,sprites,paperdoll-animation-bam,WPMC6INV,BAM,V1,2,1,data/PaperDol.bif,0x06200370,3752,5D80442E1FF0F5980B404B9E83FF45E4DFF336A1F92E49CB796148D683236B35,graphics/source/sprites/WPMC6INV.bam
supplemental:sprites:paperdoll-animation-bam:WPMC6W2,sprites,paperdoll-animation-bam,WPMC6W2,BAMC,V1,50,8,data/PaperDol.bif,0x06200371,7762,C9C10A346D2A571E578AED0762457219C0B9AE9CD6EB2D4AF3D182AF309C818C,graphics/source/sprites/WPMC6W2.bam
supplemental:sprites:paperdoll-animation-bam:WPMC6W2E,sprites,paperdoll-animation-bam,WPMC6W2E,BAMC,V1,30,8,data/PaperDol.bif,0x06200372,3975,20BE90762865F9DD6AFAB597DBB02F490EAD8BE109AB97D0504F9747F4009B7B,graphics/source/sprites/WPMC6W2E.bam
supplemental:sprites:paperdoll-animation-bam:WPMC7A1,sprites,paperdoll-animation-bam,WPMC7A1,BAMC,V1,50,16,data/PaperDol.bif,0x06200373,8267,8F8F7AD83CB520C926EC08F1FD7F95C890F16F401556EBB089C3CDE8664645DD,graphics/source/sprites/WPMC7A1.bam
supplemental:sprites:paperdoll-animation-bam:WPMC7A1E,sprites,paperdoll-animation-bam,WPMC7A1E,BAMC,V1,30,16,data/PaperDol.bif,0x06200374,3338,007AF056D9CE3CE8FF2960ED4AA4D8565A8057FD992D5193AF89AD5C2D943898,graphics/source/sprites/WPMC7A1E.bam
supplemental:sprites:paperdoll-animation-bam:WPMC7A3,sprites,paperdoll-animation-bam,WPMC7A3,BAMC,V1,50,8,data/PaperDol.bif,0x06200375,8631,E3642A9B3F4CC6FBB7102A5C0094486D6FC63F2ADDCFE36BFD5453112F921276,graphics/source/sprites/WPMC7A3.bam
supplemental:sprites:paperdoll-animation-bam:WPMC7A3E,sprites,paperdoll-animation-bam,WPMC7A3E,BAMC,V1,30,8,data/PaperDol.bif,0x06200376,3613,DCBC4FEFB39B9A6D91A96514ED0E916BC14D0171EA9E90E41F370C2FB58B9E23,graphics/source/sprites/WPMC7A3E.bam
supplemental:sprites:paperdoll-animation-bam:WPMC7A5,sprites,paperdoll-animation-bam,WPMC7A5,BAMC,V1,30,8,data/PaperDol.bif,0x06200377,5036,2A7C947A4031187B5A49C05D98324664BC5F607BBB69ED3DB096F96C9EAAEA00,graphics/source/sprites/WPMC7A5.bam
supplemental:sprites:paperdoll-animation-bam:WPMC7A5E,sprites,paperdoll-animation-bam,WPMC7A5E,BAMC,V1,18,8,data/PaperDol.bif,0x06200378,2795,E3E276CC98383892CE850DED036F0AAA7DC72C670C8AAEEA69AC8BA350F22D9E,graphics/source/sprites/WPMC7A5E.bam
supplemental:sprites:paperdoll-animation-bam:WPMC7G1,sprites,paperdoll-animation-bam,WPMC7G1,BAMC,V1,180,72,data/PaperDol.bif,0x06200379,24564,E2B18F10B1922BDC8B43C81960D2BB07569EB63552F7DEC8DE83B0483DCF7417,graphics/source/sprites/WPMC7G1.bam
supplemental:sprites:paperdoll-animation-bam:WPMC7G1E,sprites,paperdoll-animation-bam,WPMC7G1E,BAMC,V1,108,72,data/PaperDol.bif,0x0620037A,12973,B1CB295B1D9B33417A4BB6A2F0465C94331047C8815813A382067B461DDAD977,graphics/source/sprites/WPMC7G1E.bam
supplemental:sprites:paperdoll-animation-bam:WPMC7INV,sprites,paperdoll-animation-bam,WPMC7INV,BAM,V1,2,1,data/PaperDol.bif,0x0620037B,3097,D34A044CFB84E50A73335D4F91BF33F71C5F0364F7CFB1CF5D2EAA0968733326,graphics/source/sprites/WPMC7INV.bam
supplemental:sprites:paperdoll-animation-bam:WPMC7W2,sprites,paperdoll-animation-bam,WPMC7W2,BAMC,V1,50,8,data/PaperDol.bif,0x0620037C,7376,72E5144E4ABA1CAC132DB77AA1B0AAC0A08B74EECEA8E89F887F806CAA94ECE6,graphics/source/sprites/WPMC7W2.bam
supplemental:sprites:paperdoll-animation-bam:WPMC7W2E,sprites,paperdoll-animation-bam,WPMC7W2E,BAMC,V1,30,8,data/PaperDol.bif,0x0620037D,3683,38BBCF46355B87339C7A970983F392E62326953D8957A52CF8F946C74B9190D5,graphics/source/sprites/WPMC7W2E.bam
supplemental:sprites:object-animation-bam:WPMCBG1,sprites,object-animation-bam,WPMCBG1,BAMC,V1,180,72,data/OBJAnim.bif,0x00200171,17713,F746583807ADFD1CB8B343D266450802851F9CEDAEB2DC3531886D9B9B6E5A41,graphics/source/sprites/WPMCBG1.bam
supplemental:sprites:object-animation-bam:WPMCBG1E,sprites,object-animation-bam,WPMCBG1E,BAMC,V1,108,72,data/OBJAnim.bif,0x00200172,12601,31A68A7B44BE4D66AB0B38FCF2781D436DDCD61E73C45F2B513DDA5C49B133F4,graphics/source/sprites/WPMCBG1E.bam
supplemental:sprites:paperdoll-animation-bam:WPMCBINV,sprites,paperdoll-animation-bam,WPMCBINV,BAM,V1,2,1,data/PaperDol.bif,0x0620037E,1788,C34DDD99DB063CBB97776864986F2337B5392D02D88B9B679C982E97D3C6AE1E,graphics/source/sprites/WPMCBINV.bam
supplemental:sprites:object-animation-bam:WPMCBSX,sprites,object-animation-bam,WPMCBSX,BAMC,V1,15,8,data/OBJAnim.bif,0x00200173,2363,2E57EF4AB44F372EA4A7C45D9106F008D3ABD3CD375379D2A1F596A841375406,graphics/source/sprites/WPMCBSX.bam
supplemental:sprites:object-animation-bam:WPMCBSXE,sprites,object-animation-bam,WPMCBSXE,BAMC,V1,9,8,data/OBJAnim.bif,0x00200174,1779,1EF96F01BAA38B813120F4870F27CE9F37AE1CFA4AB394D13757367CEC49CF3B,graphics/source/sprites/WPMCBSXE.bam
supplemental:sprites:object-animation-bam:WPMCBW2,sprites,object-animation-bam,WPMCBW2,BAMC,V1,50,8,data/OBJAnim.bif,0x00200175,5255,ECB41C5E3B7AFDA005BC38EF56229253E6483833349BA7729644974B1F00842F,graphics/source/sprites/WPMCBW2.bam
supplemental:sprites:object-animation-bam:WPMCBW2E,sprites,object-animation-bam,WPMCBW2E,BAMC,V1,30,8,data/OBJAnim.bif,0x00200176,4084,84DBCD20167540186B69BECAB88FB5B3BE6413DFA7AF1A8F59BE06F63E403171,graphics/source/sprites/WPMCBW2E.bam
supplemental:sprites:object-animation-bam:WPMCLA1,sprites,object-animation-bam,WPMCLA1,BAMC,V1,50,15,data/OBJAnim.bif,0x00200177,4417,00F346DD0E0BE7FFABC526833B9315AB72C27FA5A3601E3090C122C60F18D233,graphics/source/sprites/WPMCLA1.bam
supplemental:sprites:object-animation-bam:WPMCLA1E,sprites,object-animation-bam,WPMCLA1E,BAMC,V1,30,16,data/OBJAnim.bif,0x00200178,2940,D7F1E760B9275BB12F21A665B2177297C78EAED087460769E14700FC470222CB,graphics/source/sprites/WPMCLA1E.bam
supplemental:sprites:object-animation-bam:WPMCLA3,sprites,object-animation-bam,WPMCLA3,BAMC,V1,50,8,data/OBJAnim.bif,0x00200179,4047,84DD3DCEDA186EAB796F55AC59748466D383871160B63E7D46EDDEE12D33FEBE,graphics/source/sprites/WPMCLA3.bam
supplemental:sprites:object-animation-bam:WPMCLA3E,sprites,object-animation-bam,WPMCLA3E,BAMC,V1,30,8,data/OBJAnim.bif,0x0020017A,3032,AC9B2360DE96853D64DCCBECF8E33C799D3F1BB50CAEAEE9C83CF5037D1AFB51,graphics/source/sprites/WPMCLA3E.bam
supplemental:sprites:object-animation-bam:WPMCLG1,sprites,object-animation-bam,WPMCLG1,BAMC,V1,180,72,data/OBJAnim.bif,0x0020017B,11966,C9E82CD591D32E1F3EE3536F5368C92B80E57D6078F79C1EDFA5243052CF00A5,graphics/source/sprites/WPMCLG1.bam
supplemental:sprites:object-animation-bam:WPMCLG1E,sprites,object-animation-bam,WPMCLG1E,BAMC,V1,108,72,data/OBJAnim.bif,0x0020017C,8317,655C83655CF556A7A18B2D9BE34DD6541EEF5FB5B0979D2887F3F3B257AE5011,graphics/source/sprites/WPMCLG1E.bam
supplemental:sprites:paperdoll-animation-bam:WPMCLINV,sprites,paperdoll-animation-bam,WPMCLINV,BAM,V1,2,1,data/PaperDol.bif,0x0620037F,1402,CD2B4E96B5C753445F996691ECF656977821A75CB26D098C63626B5A7CE8793F,graphics/source/sprites/WPMCLINV.bam
supplemental:sprites:paperdoll-animation-bam:WPMCLOIN,sprites,paperdoll-animation-bam,WPMCLOIN,BAM,V1,2,1,data/PaperDol.bif,0x06200380,1345,7B52F456131951751549D1D0FB3036D7C820FEE040BDA506DE043A1B06DB4002,graphics/source/sprites/WPMCLOIN.bam
supplemental:sprites:object-animation-bam:WPMCLW2,sprites,object-animation-bam,WPMCLW2,BAMC,V1,50,8,data/OBJAnim.bif,0x0020017D,3696,C7E85B7DB5D000E00F8A5DFE8A91F1205272D39134B9DA764F230E9B65C8A643,graphics/source/sprites/WPMCLW2.bam
supplemental:sprites:object-animation-bam:WPMCLW2E,sprites,object-animation-bam,WPMCLW2E,BAMC,V1,30,8,data/OBJAnim.bif,0x0020017E,2787,7FE9C971EC415CA3EBBE1A00D65968BE27A06C17B8F73DFAF7F6FBF60A189016,graphics/source/sprites/WPMCLW2E.bam
supplemental:sprites:object-animation-bam:WPMD1A1,sprites,object-animation-bam,WPMD1A1,BAMC,V1,50,16,data/OBJAnim.bif,0x0020017F,4038,285A396B97FC341E1DA26205CFA5B016423E456C7A164C3C4CDA41709CC8E33F,graphics/source/sprites/WPMD1A1.bam
supplemental:sprites:object-animation-bam:WPMD1A1E,sprites,object-animation-bam,WPMD1A1E,BAMC,V1,30,16,data/OBJAnim.bif,0x00200180,2209,EB4C1A2D32365883E126C3025C160CF61BB0882E9B95AD18E608A2648F6235FD,graphics/source/sprites/WPMD1A1E.bam
supplemental:sprites:object-animation-bam:WPMD1A3,sprites,object-animation-bam,WPMD1A3,BAMC,V1,50,8,data/OBJAnim.bif,0x00200181,4117,B9C4908F2C7E5C2C2BAA218796E92F2C3268F04E58CDACD1EC9C3558E430E7A8,graphics/source/sprites/WPMD1A3.bam
supplemental:sprites:object-animation-bam:WPMD1A3E,sprites,object-animation-bam,WPMD1A3E,BAMC,V1,30,8,data/OBJAnim.bif,0x00200182,2235,E558B4B448C180412402C110B3155F545808DD328CA98FCDFD380CC98861F5E0,graphics/source/sprites/WPMD1A3E.bam
supplemental:sprites:object-animation-bam:WPMD1A5,sprites,object-animation-bam,WPMD1A5,BAMC,V1,30,8,data/OBJAnim.bif,0x00200183,2650,1E5EF66CC663663E8F770260C97910A8334F1521110E7961E3543938B5B8C178,graphics/source/sprites/WPMD1A5.bam
supplemental:sprites:object-animation-bam:WPMD1A5E,sprites,object-animation-bam,WPMD1A5E,BAMC,V1,18,8,data/OBJAnim.bif,0x00200184,1698,A38250FF500C051D9652675E34B9C45CB7C9553A240BF1B212EAB5E8E106CC78,graphics/source/sprites/WPMD1A5E.bam
supplemental:sprites:object-animation-bam:WPMD1G1,sprites,object-animation-bam,WPMD1G1,BAMC,V1,180,72,data/OBJAnim.bif,0x00200185,11450,961716E0EE2881B70B9C78444FA680300E67CB3AEBE18EE8ED033DE805071221,graphics/source/sprites/WPMD1G1.bam
supplemental:sprites:object-animation-bam:WPMD1G1E,sprites,object-animation-bam,WPMD1G1E,BAMC,V1,108,72,data/OBJAnim.bif,0x00200186,6310,24FAE58BA76A5F8AA75C908F0090214D3169CCEB88DFDE216955352443D08C53,graphics/source/sprites/WPMD1G1E.bam
supplemental:sprites:paperdoll-animation-bam:WPMD1INV,sprites,paperdoll-animation-bam,WPMD1INV,BAM,V1,2,1,data/PaperDol.bif,0x06200381,1844,89B0797469B438B0F6D121C18FB640302E1320A6D189F98EFFB433356AA2C658,graphics/source/sprites/WPMD1INV.bam
supplemental:sprites:object-animation-bam:WPMD1W2,sprites,object-animation-bam,WPMD1W2,BAMC,V1,50,8,data/OBJAnim.bif,0x00200187,3563,B7CFBBD2B6BC173B702A964F7B03251C2D3F5241CD121831D9D0E7F1C4831B3D,graphics/source/sprites/WPMD1W2.bam
supplemental:sprites:object-animation-bam:WPMD1W2E,sprites,object-animation-bam,WPMD1W2E,BAMC,V1,30,8,data/OBJAnim.bif,0x00200188,2108,89B761B6F2DB46B80B310CDD71F2F4AFFA33E2147DDAA28C63FF96AD6F720553,graphics/source/sprites/WPMD1W2E.bam
supplemental:sprites:object-animation-bam:WPMD2A1,sprites,object-animation-bam,WPMD2A1,BAMC,V1,50,16,data/OBJAnim.bif,0x00200189,7710,552E60E655C76D05E4D4E44CEB46C92D1420D06AF44CB7EC0672772320354D55,graphics/source/sprites/WPMD2A1.bam
supplemental:sprites:object-animation-bam:WPMD2A1E,sprites,object-animation-bam,WPMD2A1E,BAMC,V1,30,16,data/OBJAnim.bif,0x0020018A,3444,B6BE5F10487C7EC9C4DA4DD0805E874CBCA15D8AC13C073E4EE97B55B53D5022,graphics/source/sprites/WPMD2A1E.bam
supplemental:sprites:object-animation-bam:WPMD2A3,sprites,object-animation-bam,WPMD2A3,BAMC,V1,50,8,data/OBJAnim.bif,0x0020018B,7860,F81D0C3C8796F70E0572993EB36FB06932D59053AE7AD490B2E30847F2A4661D,graphics/source/sprites/WPMD2A3.bam
supplemental:sprites:object-animation-bam:WPMD2A3E,sprites,object-animation-bam,WPMD2A3E,BAMC,V1,30,8,data/OBJAnim.bif,0x0020018C,3614,471D365D852B75F172E481BEBD83F73C9B8E306A7B81FF7075DDA255E0BBC82C,graphics/source/sprites/WPMD2A3E.bam
supplemental:sprites:object-animation-bam:WPMD2A5,sprites,object-animation-bam,WPMD2A5,BAMC,V1,30,8,data/OBJAnim.bif,0x0020018D,4559,FCCD9165E41C077EAC059236F7584CC30EED77413358C877825C2B81ABADBF57,graphics/source/sprites/WPMD2A5.bam
supplemental:sprites:object-animation-bam:WPMD2A5E,sprites,object-animation-bam,WPMD2A5E,BAMC,V1,18,8,data/OBJAnim.bif,0x0020018E,2553,AF54ED57A51E45272602E669DA6868D11731918319BC487CCD04E004E8AC8FFF,graphics/source/sprites/WPMD2A5E.bam
supplemental:sprites:object-animation-bam:WPMD2G1,sprites,object-animation-bam,WPMD2G1,BAMC,V1,180,72,data/OBJAnim.bif,0x0020018F,23344,2F0B4E368A582CC77127A5A2B4101CE07787DA1E3D468D9E05D719F35E66E071,graphics/source/sprites/WPMD2G1.bam
supplemental:sprites:object-animation-bam:WPMD2G1E,sprites,object-animation-bam,WPMD2G1E,BAMC,V1,108,72,data/OBJAnim.bif,0x00200190,11248,595F303B62405CE46F870254A587BB06F865182D41DC18BE8E83EF0FAAF81B07,graphics/source/sprites/WPMD2G1E.bam
supplemental:sprites:paperdoll-animation-bam:WPMD2INV,sprites,paperdoll-animation-bam,WPMD2INV,BAM,V1,2,1,data/PaperDol.bif,0x06200382,2744,644C53FB9A62FE37FB9E7E66910245302D8144CA3C1A994FD207524D48127BC8,graphics/source/sprites/WPMD2INV.bam
supplemental:sprites:object-animation-bam:WPMD2W2,sprites,object-animation-bam,WPMD2W2,BAMC,V1,50,8,data/OBJAnim.bif,0x00200191,6637,F41436DE2956257A816EC2E4868DAAAC6A2AF7DC15918519ED6A8B4A2A7C2AD1,graphics/source/sprites/WPMD2W2.bam
supplemental:sprites:object-animation-bam:WPMD2W2E,sprites,object-animation-bam,WPMD2W2E,BAMC,V1,30,8,data/OBJAnim.bif,0x00200192,3395,B1D5E29E54423F068070A997271D38B60447B06654AB3E7B19EC40BD57806ABC,graphics/source/sprites/WPMD2W2E.bam
supplemental:sprites:object-animation-bam:WPMD3A1,sprites,object-animation-bam,WPMD3A1,BAMC,V1,50,16,data/OBJAnim.bif,0x00200193,8267,8F8F7AD83CB520C926EC08F1FD7F95C890F16F401556EBB089C3CDE8664645DD,graphics/source/sprites/WPMD3A1.bam
supplemental:sprites:object-animation-bam:WPMD3A1E,sprites,object-animation-bam,WPMD3A1E,BAMC,V1,30,16,data/OBJAnim.bif,0x00200194,3338,007AF056D9CE3CE8FF2960ED4AA4D8565A8057FD992D5193AF89AD5C2D943898,graphics/source/sprites/WPMD3A1E.bam
supplemental:sprites:object-animation-bam:WPMD3A3,sprites,object-animation-bam,WPMD3A3,BAMC,V1,50,8,data/OBJAnim.bif,0x00200195,8631,E3642A9B3F4CC6FBB7102A5C0094486D6FC63F2ADDCFE36BFD5453112F921276,graphics/source/sprites/WPMD3A3.bam
supplemental:sprites:object-animation-bam:WPMD3A3E,sprites,object-animation-bam,WPMD3A3E,BAMC,V1,30,8,data/OBJAnim.bif,0x00200196,3613,DCBC4FEFB39B9A6D91A96514ED0E916BC14D0171EA9E90E41F370C2FB58B9E23,graphics/source/sprites/WPMD3A3E.bam
supplemental:sprites:object-animation-bam:WPMD3A5,sprites,object-animation-bam,WPMD3A5,BAMC,V1,30,8,data/OBJAnim.bif,0x00200197,5036,2A7C947A4031187B5A49C05D98324664BC5F607BBB69ED3DB096F96C9EAAEA00,graphics/source/sprites/WPMD3A5.bam
supplemental:sprites:object-animation-bam:WPMD3A5E,sprites,object-animation-bam,WPMD3A5E,BAMC,V1,18,8,data/OBJAnim.bif,0x00200198,2795,E3E276CC98383892CE850DED036F0AAA7DC72C670C8AAEEA69AC8BA350F22D9E,graphics/source/sprites/WPMD3A5E.bam
supplemental:sprites:object-animation-bam:WPMD3G1,sprites,object-animation-bam,WPMD3G1,BAMC,V1,180,72,data/OBJAnim.bif,0x00200199,24564,E2B18F10B1922BDC8B43C81960D2BB07569EB63552F7DEC8DE83B0483DCF7417,graphics/source/sprites/WPMD3G1.bam
supplemental:sprites:object-animation-bam:WPMD3G1E,sprites,object-animation-bam,WPMD3G1E,BAMC,V1,108,72,data/OBJAnim.bif,0x0020019A,12973,B1CB295B1D9B33417A4BB6A2F0465C94331047C8815813A382067B461DDAD977,graphics/source/sprites/WPMD3G1E.bam
supplemental:sprites:paperdoll-animation-bam:WPMD3INV,sprites,paperdoll-animation-bam,WPMD3INV,BAM,V1,2,1,data/PaperDol.bif,0x06200384,3356,066E3191A7EE73C0415576AECF6E93F98F3F3A3AD920382820FA5D8AD588491F,graphics/source/sprites/WPMD3INV.bam
supplemental:sprites:object-animation-bam:WPMD3W2,sprites,object-animation-bam,WPMD3W2,BAMC,V1,50,8,data/OBJAnim.bif,0x0020019B,7376,72E5144E4ABA1CAC132DB77AA1B0AAC0A08B74EECEA8E89F887F806CAA94ECE6,graphics/source/sprites/WPMD3W2.bam
supplemental:sprites:object-animation-bam:WPMD3W2E,sprites,object-animation-bam,WPMD3W2E,BAMC,V1,30,8,data/OBJAnim.bif,0x0020019C,3683,38BBCF46355B87339C7A970983F392E62326953D8957A52CF8F946C74B9190D5,graphics/source/sprites/WPMD3W2E.bam
supplemental:sprites:object-animation-bam:WPMD4A1,sprites,object-animation-bam,WPMD4A1,BAMC,V1,50,16,data/OBJAnim.bif,0x0020019D,9433,1F2B6ECE954CD1AA4AEB0141FB0D5569BE19253B2BAEA3F9B7649947FEF1BE4B,graphics/source/sprites/WPMD4A1.bam
supplemental:sprites:object-animation-bam:WPMD4A1E,sprites,object-animation-bam,WPMD4A1E,BAMC,V1,30,16,data/OBJAnim.bif,0x0020019E,4050,E94BD89AFAADB7980AE73B3D598634487BBEEF588C500E5EEA5625BDC9AF7476,graphics/source/sprites/WPMD4A1E.bam
supplemental:sprites:object-animation-bam:WPMD4A3,sprites,object-animation-bam,WPMD4A3,BAMC,V1,50,8,data/OBJAnim.bif,0x0020019F,10519,895C6921508328B68E4C66B509387E0535568F3AB45EC06C3C753F6A58D503E0,graphics/source/sprites/WPMD4A3.bam
supplemental:sprites:object-animation-bam:WPMD4A3E,sprites,object-animation-bam,WPMD4A3E,BAMC,V1,30,8,data/OBJAnim.bif,0x002001A0,3727,83B418C5DF69428A920E841921EA09F026134342F2AF5C25D1DF91E18285B928,graphics/source/sprites/WPMD4A3E.bam
supplemental:sprites:object-animation-bam:WPMD4A5,sprites,object-animation-bam,WPMD4A5,BAMC,V1,30,8,data/OBJAnim.bif,0x002001A1,5374,07C68B4136657943E077564E00637E72EC55A345D3D72E2CDD715A61E3A186DF,graphics/source/sprites/WPMD4A5.bam
supplemental:sprites:object-animation-bam:WPMD4A5E,sprites,object-animation-bam,WPMD4A5E,BAMC,V1,18,8,data/OBJAnim.bif,0x002001A2,2820,C37A8E310C1137E87CE1CF6314CBB346DF873796A5022A70E0B03D4DBCABF32D,graphics/source/sprites/WPMD4A5E.bam
supplemental:sprites:object-animation-bam:WPMD4G1,sprites,object-animation-bam,WPMD4G1,BAMC,V1,180,72,data/OBJAnim.bif,0x002001A3,25945,0444F400E6E60FBED364151E3DBBE8EF8DB3585BA87E17A8EBFFB049954FCD61,graphics/source/sprites/WPMD4G1.bam
supplemental:sprites:object-animation-bam:WPMD4G1E,sprites,object-animation-bam,WPMD4G1E,BAMC,V1,108,72,data/OBJAnim.bif,0x002001A4,13102,2BE1B316D0B2B027F6C5E1950DAA06F6D0849DE321F759DF1C387537D522F88C,graphics/source/sprites/WPMD4G1E.bam
supplemental:sprites:paperdoll-animation-bam:WPMD4INV,sprites,paperdoll-animation-bam,WPMD4INV,BAM,V1,2,1,data/PaperDol.bif,0x06200386,4130,045A65B51361DDCC1B6E5F268D42E3691B99AC9E7FD4380DB8B255E954E87F46,graphics/source/sprites/WPMD4INV.bam
supplemental:sprites:object-animation-bam:WPMD4W2,sprites,object-animation-bam,WPMD4W2,BAMC,V1,50,8,data/OBJAnim.bif,0x002001A5,7762,C9C10A346D2A571E578AED0762457219C0B9AE9CD6EB2D4AF3D182AF309C818C,graphics/source/sprites/WPMD4W2.bam
supplemental:sprites:object-animation-bam:WPMD4W2E,sprites,object-animation-bam,WPMD4W2E,BAMC,V1,30,8,data/OBJAnim.bif,0x002001A6,3975,20BE90762865F9DD6AFAB597DBB02F490EAD8BE109AB97D0504F9747F4009B7B,graphics/source/sprites/WPMD4W2E.bam
supplemental:sprites:object-animation-bam:WPMDDA1,sprites,object-animation-bam,WPMDDA1,BAMC,V1,50,16,data/OBJAnim.bif,0x002001A7,2235,3CF7ACB6E0CB815449388DCCC318F06492D55DF559C01A839403131556E150C9,graphics/source/sprites/WPMDDA1.bam
supplemental:sprites:object-animation-bam:WPMDDA1E,sprites,object-animation-bam,WPMDDA1E,BAMC,V1,30,16,data/OBJAnim.bif,0x002001A8,1713,274B52BF0FC9F593F7167B38139588980972F348EA8DF46914743E0ED3532597,graphics/source/sprites/WPMDDA1E.bam
supplemental:sprites:object-animation-bam:WPMDDA3,sprites,object-animation-bam,WPMDDA3,BAMC,V1,50,8,data/OBJAnim.bif,0x002001A9,2026,7F700345DA0B991946D3147AE9B2248453E103461E97220F9ECEE8A8E5747858,graphics/source/sprites/WPMDDA3.bam
supplemental:sprites:object-animation-bam:WPMDDA3E,sprites,object-animation-bam,WPMDDA3E,BAMC,V1,30,8,data/OBJAnim.bif,0x002001AA,1722,95E3B3F17C88F98FFE8A1BD2EDDC60C90ACF7DC17B0B74C5F7DEB234B5A9DF88,graphics/source/sprites/WPMDDA3E.bam
supplemental:sprites:object-animation-bam:WPMDDA5,sprites,object-animation-bam,WPMDDA5,BAMC,V1,30,8,data/OBJAnim.bif,0x002001AB,1582,DC5B58FFC751F0921CE4F086B3C445992EDA2A497774BA6D5BEAEFA624E7CC44,graphics/source/sprites/WPMDDA5.bam
supplemental:sprites:object-animation-bam:WPMDDA5E,sprites,object-animation-bam,WPMDDA5E,BAMC,V1,18,8,data/OBJAnim.bif,0x002001AC,1228,9156F9A0EE8EAB043094DB3C55B6734F36BE6199F62049F33DC8F56A98F300D4,graphics/source/sprites/WPMDDA5E.bam
supplemental:sprites:object-animation-bam:WPMDDG1,sprites,object-animation-bam,WPMDDG1,BAMC,V1,180,72,data/OBJAnim.bif,0x002001AD,5548,081D737CE5DCB85D95FC0AC299BA5D74B651A50A71069CE336E28E3CBCFBA901,graphics/source/sprites/WPMDDG1.bam
supplemental:sprites:object-animation-bam:WPMDDG1E,sprites,object-animation-bam,WPMDDG1E,BAMC,V1,108,72,data/OBJAnim.bif,0x002001AE,4146,69D8556A4E5BE38E0DF75BEE9E9DA7A0C28B9CE747897CB2DE7AC2F7E37D2690,graphics/source/sprites/WPMDDG1E.bam
supplemental:sprites:paperdoll-animation-bam:WPMDDINV,sprites,paperdoll-animation-bam,WPMDDINV,BAM,V1,2,1,data/PaperDol.bif,0x06200388,1280,B7E08250BECDFABAB322B30FB48FB6B94E52069B69E05C956C143F79AE6BFBE6,graphics/source/sprites/WPMDDINV.bam
supplemental:sprites:paperdoll-animation-bam:WPMDDOIN,sprites,paperdoll-animation-bam,WPMDDOIN,BAM,V1,2,1,data/PaperDol.bif,0x06200389,1246,4AACE9C6C34CA03E1FF515C11B5C4727C813990C2FAEFB26D832CFD3AB6534CB,graphics/source/sprites/WPMDDOIN.bam
supplemental:sprites:object-animation-bam:WPMDDW2,sprites,object-animation-bam,WPMDDW2,BAMC,V1,50,8,data/OBJAnim.bif,0x002001AF,2033,F09F0B52F62B1C3056C38DF757B4D41D978ADDC9611ABF3C93428AEB645010B0,graphics/source/sprites/WPMDDW2.bam
supplemental:sprites:object-animation-bam:WPMDDW2E,sprites,object-animation-bam,WPMDDW2E,BAMC,V1,30,8,data/OBJAnim.bif,0x002001B0,1742,53D86C01F0316247248F416A78E5C0BDF867FBAB2B7E723A858A58667C37F510,graphics/source/sprites/WPMDDW2E.bam
supplemental:sprites:paperdoll-animation-bam:WPMF0A1,sprites,paperdoll-animation-bam,WPMF0A1,BAMC,V1,50,15,data/PaperDol.bif,0x0620038A,5078,E14CAE7A3EA4BCD45DA35D8EAA3A2F45B2BF87F839F52AB15E991941FEBFA5DA,graphics/source/sprites/WPMF0A1.bam
supplemental:sprites:paperdoll-animation-bam:WPMF0A1E,sprites,paperdoll-animation-bam,WPMF0A1E,BAMC,V1,30,16,data/PaperDol.bif,0x0620038B,3464,5024AF940BA10E114B56CEDCDBA00C956FD0E086E4BBF0F31357E8E6FF7477D2,graphics/source/sprites/WPMF0A1E.bam
supplemental:sprites:paperdoll-animation-bam:WPMF0A3,sprites,paperdoll-animation-bam,WPMF0A3,BAMC,V1,50,8,data/PaperDol.bif,0x0620038C,4934,1E6562BDEE8FF887D1DFF0EAB3CE33CF095163B9D78D5418E70DE0B17D593A7C,graphics/source/sprites/WPMF0A3.bam
supplemental:sprites:paperdoll-animation-bam:WPMF0A3E,sprites,paperdoll-animation-bam,WPMF0A3E,BAMC,V1,30,8,data/PaperDol.bif,0x0620038D,3448,05B43217A3C831B70D8B41813B3CCEC5685DE8E673EFD6462A51545AEC17FD83,graphics/source/sprites/WPMF0A3E.bam
supplemental:sprites:paperdoll-animation-bam:WPMF0G1,sprites,paperdoll-animation-bam,WPMF0G1,BAMC,V1,180,72,data/PaperDol.bif,0x0620038E,13533,35138955CA833A0D955974CCC1D7E11D986C2383F8DEDEA29E56CE964A49905A,graphics/source/sprites/WPMF0G1.bam
supplemental:sprites:paperdoll-animation-bam:WPMF0G1E,sprites,paperdoll-animation-bam,WPMF0G1E,BAMC,V1,108,72,data/PaperDol.bif,0x0620038F,9681,9A33D4601D59547561CE9915D39E148AEA86EFA14C9A503EE3837CED5A17676A,graphics/source/sprites/WPMF0G1E.bam
supplemental:sprites:paperdoll-animation-bam:WPMF0INV,sprites,paperdoll-animation-bam,WPMF0INV,BAM,V1,2,1,data/PaperDol.bif,0x06200390,1778,9AAC2E75C5613718555598D74DB09C24669BB43EEFEAAB0DC048A0BF6ED3F201,graphics/source/sprites/WPMF0INV.bam
supplemental:sprites:paperdoll-animation-bam:WPMF0OIN,sprites,paperdoll-animation-bam,WPMF0OIN,BAM,V1,2,1,data/PaperDol.bif,0x06200391,1709,3DCF0DA521567CD2E6B9A7AF8803EDB729EC6E680A0846573E64B5E2229ABE83,graphics/source/sprites/WPMF0OIN.bam
supplemental:sprites:paperdoll-animation-bam:WPMF0W2,sprites,paperdoll-animation-bam,WPMF0W2,BAMC,V1,50,8,data/PaperDol.bif,0x06200392,4255,32AD24BB71E583EA25ABB1F11C7787AFF20D8D0E3C579106E83CC969385E7DE9,graphics/source/sprites/WPMF0W2.bam
supplemental:sprites:paperdoll-animation-bam:WPMF0W2E,sprites,paperdoll-animation-bam,WPMF0W2E,BAMC,V1,30,8,data/PaperDol.bif,0x06200393,3148,02243AAD1FBC116F49088117B737D49C0389A9E6DBBBA247C05177C9371D7A0A,graphics/source/sprites/WPMF0W2E.bam
supplemental:sprites:paperdoll-animation-bam:WPMF1A1,sprites,paperdoll-animation-bam,WPMF1A1,BAMC,V1,50,15,data/PaperDol.bif,0x06200394,5078,E14CAE7A3EA4BCD45DA35D8EAA3A2F45B2BF87F839F52AB15E991941FEBFA5DA,graphics/source/sprites/WPMF1A1.bam
supplemental:sprites:paperdoll-animation-bam:WPMF1A1E,sprites,paperdoll-animation-bam,WPMF1A1E,BAMC,V1,30,16,data/PaperDol.bif,0x06200395,3464,5024AF940BA10E114B56CEDCDBA00C956FD0E086E4BBF0F31357E8E6FF7477D2,graphics/source/sprites/WPMF1A1E.bam
supplemental:sprites:paperdoll-animation-bam:WPMF1A3,sprites,paperdoll-animation-bam,WPMF1A3,BAMC,V1,50,8,data/PaperDol.bif,0x06200396,4934,1E6562BDEE8FF887D1DFF0EAB3CE33CF095163B9D78D5418E70DE0B17D593A7C,graphics/source/sprites/WPMF1A3.bam
supplemental:sprites:paperdoll-animation-bam:WPMF1A3E,sprites,paperdoll-animation-bam,WPMF1A3E,BAMC,V1,30,8,data/PaperDol.bif,0x06200397,3448,05B43217A3C831B70D8B41813B3CCEC5685DE8E673EFD6462A51545AEC17FD83,graphics/source/sprites/WPMF1A3E.bam
supplemental:sprites:paperdoll-animation-bam:WPMF1G1,sprites,paperdoll-animation-bam,WPMF1G1,BAMC,V1,180,72,data/PaperDol.bif,0x06200398,13533,35138955CA833A0D955974CCC1D7E11D986C2383F8DEDEA29E56CE964A49905A,graphics/source/sprites/WPMF1G1.bam
supplemental:sprites:paperdoll-animation-bam:WPMF1G1E,sprites,paperdoll-animation-bam,WPMF1G1E,BAMC,V1,108,72,data/PaperDol.bif,0x06200399,9681,9A33D4601D59547561CE9915D39E148AEA86EFA14C9A503EE3837CED5A17676A,graphics/source/sprites/WPMF1G1E.bam
supplemental:sprites:paperdoll-animation-bam:WPMF1INV,sprites,paperdoll-animation-bam,WPMF1INV,BAM,V1,2,1,data/PaperDol.bif,0x0620039A,2040,40EAE9D738850B2F95AFAB48EDAFFAD5459C1175CF237925EC248B235F90C730,graphics/source/sprites/WPMF1INV.bam
supplemental:sprites:paperdoll-animation-bam:WPMF1OIN,sprites,paperdoll-animation-bam,WPMF1OIN,BAM,V1,2,1,data/PaperDol.bif,0x0620039B,1977,9CB677B106559551A623CDECF41A4F194E2B647EECBEF5CD2DCA21317031FB81,graphics/source/sprites/WPMF1OIN.bam
supplemental:sprites:paperdoll-animation-bam:WPMF1W2,sprites,paperdoll-animation-bam,WPMF1W2,BAMC,V1,50,8,data/PaperDol.bif,0x0620039C,4255,32AD24BB71E583EA25ABB1F11C7787AFF20D8D0E3C579106E83CC969385E7DE9,graphics/source/sprites/WPMF1W2.bam
supplemental:sprites:paperdoll-animation-bam:WPMF1W2E,sprites,paperdoll-animation-bam,WPMF1W2E,BAMC,V1,30,8,data/PaperDol.bif,0x0620039D,3148,02243AAD1FBC116F49088117B737D49C0389A9E6DBBBA247C05177C9371D7A0A,graphics/source/sprites/WPMF1W2E.bam
supplemental:sprites:paperdoll-animation-bam:WPMF2A1,sprites,paperdoll-animation-bam,WPMF2A1,BAM,V1,60,16,data/PaperDol.bif,0x0620039E,11820,444E8BE8460B0E93BF46128EDE26D9F8B79D90D7EB9E742086B4C7A1690B30EA,graphics/source/sprites/WPMF2A1.bam
supplemental:sprites:paperdoll-animation-bam:WPMF2A1E,sprites,paperdoll-animation-bam,WPMF2A1E,BAM,V1,36,16,data/PaperDol.bif,0x0620039F,7937,7742E3AE3D7F05691C19817C6095E4E879B341F9BB6A2C7E10FB4B89936B9250,graphics/source/sprites/WPMF2A1E.bam
supplemental:sprites:paperdoll-animation-bam:WPMF2A3,sprites,paperdoll-animation-bam,WPMF2A3,BAM,V1,55,8,data/PaperDol.bif,0x062003A0,9496,94B803BB801321F432F5DB24FDF545E595DFB9B3F109B1D90A7C3BFFAC302BD2,graphics/source/sprites/WPMF2A3.bam
supplemental:sprites:paperdoll-animation-bam:WPMF2A3E,sprites,paperdoll-animation-bam,WPMF2A3E,BAM,V1,33,8,data/PaperDol.bif,0x062003A1,8891,F77E870DC99B767AD6319D72A77E8D2536BA86171BC003D4CE1160A76B8FC8A5,graphics/source/sprites/WPMF2A3E.bam
supplemental:sprites:paperdoll-animation-bam:WPMF2A5,sprites,paperdoll-animation-bam,WPMF2A5,BAM,V1,45,8,data/PaperDol.bif,0x062003A2,8339,73ACEDC129567B5512C788381BDCA2F3D81BE5D14FE04184647DC34A9C067F3D,graphics/source/sprites/WPMF2A5.bam
supplemental:sprites:paperdoll-animation-bam:WPMF2A5E,sprites,paperdoll-animation-bam,WPMF2A5E,BAM,V1,27,8,data/PaperDol.bif,0x062003A3,6173,624D0437541E2E53CF343338CD040B2356B6D6B4D3EE4BE8E7C996284D9A2416,graphics/source/sprites/WPMF2A5E.bam
supplemental:sprites:paperdoll-animation-bam:WPMF2G1,sprites,paperdoll-animation-bam,WPMF2G1,BAM,V1,175,72,data/PaperDol.bif,0x062003A4,30747,61EBF447162C583CB1BA3B6E5AFFEE0D79798A7C94DCC9F9DA3FA549374E2DAB,graphics/source/sprites/WPMF2G1.bam
supplemental:sprites:paperdoll-animation-bam:WPMF2G1E,sprites,paperdoll-animation-bam,WPMF2G1E,BAM,V1,105,72,data/PaperDol.bif,0x062003A5,21440,7DE7EA6497C918411138E0F4067F7F078D63550C2B681ECBE23C7138F353CA80,graphics/source/sprites/WPMF2G1E.bam
supplemental:sprites:paperdoll-animation-bam:WPMF2INV,sprites,paperdoll-animation-bam,WPMF2INV,BAM,V1,2,1,data/PaperDol.bif,0x062003A6,1873,42229E0EA79669725780E6A22C120F7CF357DEFB5DBF02CB953B3E2EF1BAC6B2,graphics/source/sprites/WPMF2INV.bam
supplemental:sprites:paperdoll-animation-bam:WPMF2OIN,sprites,paperdoll-animation-bam,WPMF2OIN,BAM,V1,2,1,data/PaperDol.bif,0x062003A7,1799,0CF3135D647EAEC8263410B59419C5A9943BA43AB90E10EC4C38A58961325DB0,graphics/source/sprites/WPMF2OIN.bam
supplemental:sprites:paperdoll-animation-bam:WPMF2W2,sprites,paperdoll-animation-bam,WPMF2W2,BAM,V1,50,8,data/PaperDol.bif,0x062003A8,8249,BD21A3E1A1817CE5728D900E0BBAEA99A57EFDBCA36BA81EADD77F17D4295D5B,graphics/source/sprites/WPMF2W2.bam
supplemental:sprites:paperdoll-animation-bam:WPMF2W2E,sprites,paperdoll-animation-bam,WPMF2W2E,BAM,V1,30,8,data/PaperDol.bif,0x062003A9,7395,5F5D1DD93BA292350EA6F90CC8D309119F4B0B9EFD76E809117ECFA3A8506235,graphics/source/sprites/WPMF2W2E.bam
supplemental:sprites:paperdoll-animation-bam:WPMF3A1,sprites,paperdoll-animation-bam,WPMF3A1,BAMC,V1,50,15,data/PaperDol.bif,0x062003AA,5078,E14CAE7A3EA4BCD45DA35D8EAA3A2F45B2BF87F839F52AB15E991941FEBFA5DA,graphics/source/sprites/WPMF3A1.bam
supplemental:sprites:paperdoll-animation-bam:WPMF3A1E,sprites,paperdoll-animation-bam,WPMF3A1E,BAMC,V1,30,16,data/PaperDol.bif,0x062003AB,3464,5024AF940BA10E114B56CEDCDBA00C956FD0E086E4BBF0F31357E8E6FF7477D2,graphics/source/sprites/WPMF3A1E.bam
supplemental:sprites:paperdoll-animation-bam:WPMF3A3,sprites,paperdoll-animation-bam,WPMF3A3,BAMC,V1,50,8,data/PaperDol.bif,0x062003AC,4934,1E6562BDEE8FF887D1DFF0EAB3CE33CF095163B9D78D5418E70DE0B17D593A7C,graphics/source/sprites/WPMF3A3.bam
supplemental:sprites:paperdoll-animation-bam:WPMF3A3E,sprites,paperdoll-animation-bam,WPMF3A3E,BAMC,V1,30,8,data/PaperDol.bif,0x062003AD,3448,05B43217A3C831B70D8B41813B3CCEC5685DE8E673EFD6462A51545AEC17FD83,graphics/source/sprites/WPMF3A3E.bam
supplemental:sprites:paperdoll-animation-bam:WPMF3G1,sprites,paperdoll-animation-bam,WPMF3G1,BAMC,V1,180,72,data/PaperDol.bif,0x062003AE,13533,35138955CA833A0D955974CCC1D7E11D986C2383F8DEDEA29E56CE964A49905A,graphics/source/sprites/WPMF3G1.bam
supplemental:sprites:paperdoll-animation-bam:WPMF3G1E,sprites,paperdoll-animation-bam,WPMF3G1E,BAMC,V1,108,72,data/PaperDol.bif,0x062003AF,9681,9A33D4601D59547561CE9915D39E148AEA86EFA14C9A503EE3837CED5A17676A,graphics/source/sprites/WPMF3G1E.bam
supplemental:sprites:paperdoll-animation-bam:WPMF3INV,sprites,paperdoll-animation-bam,WPMF3INV,BAM,V1,3,1,data/PaperDol.bif,0x062003B0,5192,96FB43D33FF68036B2265DCB3557787D9E71D3D40A4541B0CC314B4DBC565B57,graphics/source/sprites/WPMF3INV.bam
supplemental:sprites:paperdoll-animation-bam:WPMF3OIN,sprites,paperdoll-animation-bam,WPMF3OIN,BAM,V1,2,1,data/PaperDol.bif,0x062003B1,2008,949878008EC64FAF9E1A9447CB4A87478A506199A67BEFD12B984E08ECE4ED43,graphics/source/sprites/WPMF3OIN.bam
supplemental:sprites:paperdoll-animation-bam:WPMF3W2,sprites,paperdoll-animation-bam,WPMF3W2,BAMC,V1,50,8,data/PaperDol.bif,0x062003B2,4255,32AD24BB71E583EA25ABB1F11C7787AFF20D8D0E3C579106E83CC969385E7DE9,graphics/source/sprites/WPMF3W2.bam
supplemental:sprites:paperdoll-animation-bam:WPMF3W2E,sprites,paperdoll-animation-bam,WPMF3W2E,BAMC,V1,30,8,data/PaperDol.bif,0x062003B3,3148,02243AAD1FBC116F49088117B737D49C0389A9E6DBBBA247C05177C9371D7A0A,graphics/source/sprites/WPMF3W2E.bam
supplemental:sprites:object-animation-bam:WPMFLA1,sprites,object-animation-bam,WPMFLA1,BAMC,V1,50,15,data/OBJAnim.bif,0x002001B1,5078,E14CAE7A3EA4BCD45DA35D8EAA3A2F45B2BF87F839F52AB15E991941FEBFA5DA,graphics/source/sprites/WPMFLA1.bam
supplemental:sprites:object-animation-bam:WPMFLA1E,sprites,object-animation-bam,WPMFLA1E,BAMC,V1,30,16,data/OBJAnim.bif,0x002001B2,3464,5024AF940BA10E114B56CEDCDBA00C956FD0E086E4BBF0F31357E8E6FF7477D2,graphics/source/sprites/WPMFLA1E.bam
supplemental:sprites:object-animation-bam:WPMFLA3,sprites,object-animation-bam,WPMFLA3,BAMC,V1,50,8,data/OBJAnim.bif,0x002001B3,4934,1E6562BDEE8FF887D1DFF0EAB3CE33CF095163B9D78D5418E70DE0B17D593A7C,graphics/source/sprites/WPMFLA3.bam
supplemental:sprites:object-animation-bam:WPMFLA3E,sprites,object-animation-bam,WPMFLA3E,BAMC,V1,30,8,data/OBJAnim.bif,0x002001B4,3448,05B43217A3C831B70D8B41813B3CCEC5685DE8E673EFD6462A51545AEC17FD83,graphics/source/sprites/WPMFLA3E.bam
supplemental:sprites:object-animation-bam:WPMFLG1,sprites,object-animation-bam,WPMFLG1,BAMC,V1,180,72,data/OBJAnim.bif,0x002001B5,13533,35138955CA833A0D955974CCC1D7E11D986C2383F8DEDEA29E56CE964A49905A,graphics/source/sprites/WPMFLG1.bam
supplemental:sprites:object-animation-bam:WPMFLG1E,sprites,object-animation-bam,WPMFLG1E,BAMC,V1,108,72,data/OBJAnim.bif,0x002001B6,9681,9A33D4601D59547561CE9915D39E148AEA86EFA14C9A503EE3837CED5A17676A,graphics/source/sprites/WPMFLG1E.bam
supplemental:sprites:paperdoll-animation-bam:WPMFLINV,sprites,paperdoll-animation-bam,WPMFLINV,BAM,V1,2,1,data/PaperDol.bif,0x062003B4,1795,6A83EB57A48F2A15D3BD53D4912D289B9443A82BD80DD54191DA1142AE513993,graphics/source/sprites/WPMFLINV.bam
supplemental:sprites:paperdoll-animation-bam:WPMFLOIN,sprites,paperdoll-animation-bam,WPMFLOIN,BAM,V1,2,1,data/PaperDol.bif,0x062003B5,1723,6BCEBCD1A7374667C2EFD8293A2CB2CC4751F538D4BCCFABAE6E114DF2A2F565,graphics/source/sprites/WPMFLOIN.bam
supplemental:sprites:object-animation-bam:WPMFLW2,sprites,object-animation-bam,WPMFLW2,BAMC,V1,50,8,data/OBJAnim.bif,0x002001B7,4255,32AD24BB71E583EA25ABB1F11C7787AFF20D8D0E3C579106E83CC969385E7DE9,graphics/source/sprites/WPMFLW2.bam
supplemental:sprites:object-animation-bam:WPMFLW2E,sprites,object-animation-bam,WPMFLW2E,BAMC,V1,30,8,data/OBJAnim.bif,0x002001B8,3148,02243AAD1FBC116F49088117B737D49C0389A9E6DBBBA247C05177C9371D7A0A,graphics/source/sprites/WPMFLW2E.bam
supplemental:sprites:paperdoll-animation-bam:WPMFSA1,sprites,paperdoll-animation-bam,WPMFSA1,BAM,V1,60,16,data/PaperDol.bif,0x062003B6,11820,444E8BE8460B0E93BF46128EDE26D9F8B79D90D7EB9E742086B4C7A1690B30EA,graphics/source/sprites/WPMFSA1.bam
supplemental:sprites:paperdoll-animation-bam:WPMFSA1E,sprites,paperdoll-animation-bam,WPMFSA1E,BAM,V1,36,16,data/PaperDol.bif,0x062003B7,7937,7742E3AE3D7F05691C19817C6095E4E879B341F9BB6A2C7E10FB4B89936B9250,graphics/source/sprites/WPMFSA1E.bam
supplemental:sprites:paperdoll-animation-bam:WPMFSA3,sprites,paperdoll-animation-bam,WPMFSA3,BAM,V1,55,8,data/PaperDol.bif,0x062003B8,9496,94B803BB801321F432F5DB24FDF545E595DFB9B3F109B1D90A7C3BFFAC302BD2,graphics/source/sprites/WPMFSA3.bam
supplemental:sprites:paperdoll-animation-bam:WPMFSA3E,sprites,paperdoll-animation-bam,WPMFSA3E,BAM,V1,33,8,data/PaperDol.bif,0x062003B9,8891,F77E870DC99B767AD6319D72A77E8D2536BA86171BC003D4CE1160A76B8FC8A5,graphics/source/sprites/WPMFSA3E.bam
supplemental:sprites:paperdoll-animation-bam:WPMFSA5,sprites,paperdoll-animation-bam,WPMFSA5,BAM,V1,45,8,data/PaperDol.bif,0x062003BA,8339,73ACEDC129567B5512C788381BDCA2F3D81BE5D14FE04184647DC34A9C067F3D,graphics/source/sprites/WPMFSA5.bam
supplemental:sprites:paperdoll-animation-bam:WPMFSA5E,sprites,paperdoll-animation-bam,WPMFSA5E,BAM,V1,27,8,data/PaperDol.bif,0x062003BB,6173,624D0437541E2E53CF343338CD040B2356B6D6B4D3EE4BE8E7C996284D9A2416,graphics/source/sprites/WPMFSA5E.bam
supplemental:sprites:paperdoll-animation-bam:WPMFSG1,sprites,paperdoll-animation-bam,WPMFSG1,BAM,V1,175,72,data/PaperDol.bif,0x062003BC,30747,61EBF447162C583CB1BA3B6E5AFFEE0D79798A7C94DCC9F9DA3FA549374E2DAB,graphics/source/sprites/WPMFSG1.bam
supplemental:sprites:paperdoll-animation-bam:WPMFSG1E,sprites,paperdoll-animation-bam,WPMFSG1E,BAM,V1,105,72,data/PaperDol.bif,0x062003BD,21440,7DE7EA6497C918411138E0F4067F7F078D63550C2B681ECBE23C7138F353CA80,graphics/source/sprites/WPMFSG1E.bam
supplemental:sprites:paperdoll-animation-bam:WPMFSINV,sprites,paperdoll-animation-bam,WPMFSINV,BAM,V1,2,1,data/PaperDol.bif,0x062003BE,2374,E7AD7D456937F7007ECDBA8EBF187CE420DBF09B36B57D4B7085321E6623895E,graphics/source/sprites/WPMFSINV.bam
supplemental:sprites:paperdoll-animation-bam:WPMFSOIN,sprites,paperdoll-animation-bam,WPMFSOIN,BAM,V1,2,1,data/PaperDol.bif,0x062003BF,2246,C2C1CEE0590167B27C63276F0260A43A46C37CAC722B15E87A196C8C49E314B4,graphics/source/sprites/WPMFSOIN.bam
supplemental:sprites:paperdoll-animation-bam:WPMFSW2,sprites,paperdoll-animation-bam,WPMFSW2,BAM,V1,50,8,data/PaperDol.bif,0x062003C0,8249,BD21A3E1A1817CE5728D900E0BBAEA99A57EFDBCA36BA81EADD77F17D4295D5B,graphics/source/sprites/WPMFSW2.bam
supplemental:sprites:paperdoll-animation-bam:WPMFSW2E,sprites,paperdoll-animation-bam,WPMFSW2E,BAM,V1,30,8,data/PaperDol.bif,0x062003C1,7395,5F5D1DD93BA292350EA6F90CC8D309119F4B0B9EFD76E809117ECFA3A8506235,graphics/source/sprites/WPMFSW2E.bam
supplemental:sprites:paperdoll-animation-bam:WPMGSA2,sprites,paperdoll-animation-bam,WPMGSA2,BAMC,V1,50,8,data/PaperDol.bif,0x062003C2,6258,B0996E1DFF8719E0CBEAB6733DF3D56EEC9BAED3D7C377CDEC8338B2C438EA9F,graphics/source/sprites/WPMGSA2.bam
supplemental:sprites:paperdoll-animation-bam:WPMGSA2E,sprites,paperdoll-animation-bam,WPMGSA2E,BAMC,V1,30,8,data/PaperDol.bif,0x062003C3,3797,C3E2B52B3E8F5801CF2DC89481BC1A5C7AAD43DB28BA377B80A0EE264A835374,graphics/source/sprites/WPMGSA2E.bam
supplemental:sprites:paperdoll-animation-bam:WPMGSA4,sprites,paperdoll-animation-bam,WPMGSA4,BAMC,V1,50,8,data/PaperDol.bif,0x062003C4,5940,42BD7F6F7DF25925F31CD2753D30D9924D44EB9591D5ACD32FA156EDC612AE49,graphics/source/sprites/WPMGSA4.bam
supplemental:sprites:paperdoll-animation-bam:WPMGSA4E,sprites,paperdoll-animation-bam,WPMGSA4E,BAMC,V1,30,8,data/PaperDol.bif,0x062003C5,4101,BD7F30DBA924C668C5B5E4576A398D81FCF70FEABC2696FA0ED0E84FB14D66D2,graphics/source/sprites/WPMGSA4E.bam
supplemental:sprites:paperdoll-animation-bam:WPMGSA6,sprites,paperdoll-animation-bam,WPMGSA6,BAMC,V1,40,8,data/PaperDol.bif,0x062003C6,4801,289C0F68D387B1656C6ED440B2B29135EAE713DFC846392B17445EA905151DDB,graphics/source/sprites/WPMGSA6.bam
supplemental:sprites:paperdoll-animation-bam:WPMGSA6E,sprites,paperdoll-animation-bam,WPMGSA6E,BAMC,V1,24,8,data/PaperDol.bif,0x062003C7,3080,C39A4A89DD6DC8B60ADC7D9D4B2F8AFCAA09DD32343CE212A1CBE08E3CEA33C9,graphics/source/sprites/WPMGSA6E.bam
supplemental:sprites:paperdoll-animation-bam:WPMGSG1,sprites,paperdoll-animation-bam,WPMGSG1,BAMC,V1,180,72,data/PaperDol.bif,0x062003C8,17362,23198E154D3C1FE4B542DB2B15634FC5F981A709778A43F2DEF95E712C396EA6,graphics/source/sprites/WPMGSG1.bam
supplemental:sprites:paperdoll-animation-bam:WPMGSG1E,sprites,paperdoll-animation-bam,WPMGSG1E,BAMC,V1,108,72,data/PaperDol.bif,0x062003C9,12162,17C1377D9568C151BBC9927002F597A56C32866A655C8C47B234C98DFEDC5374,graphics/source/sprites/WPMGSG1E.bam
supplemental:sprites:paperdoll-animation-bam:WPMGSINV,sprites,paperdoll-animation-bam,WPMGSINV,BAM,V1,2,1,data/PaperDol.bif,0x062003CA,2492,3149CF1866ACADB89F89C02D194867503175BA5C7C6DE86AE8A0C5907437718F,graphics/source/sprites/WPMGSINV.bam
supplemental:sprites:paperdoll-animation-bam:WPMGSW2,sprites,paperdoll-animation-bam,WPMGSW2,BAMC,V1,50,8,data/PaperDol.bif,0x062003CB,5102,018E75F4C1C213142E55CE55BFD741F751C774608A2DF9C17122B4015A54D371,graphics/source/sprites/WPMGSW2.bam
supplemental:sprites:paperdoll-animation-bam:WPMGSW2E,sprites,paperdoll-animation-bam,WPMGSW2E,BAMC,V1,30,8,data/PaperDol.bif,0x062003CC,3896,7B1EBEEB56B282A1C43B4D7C0C534F2ADFA65618E6BBD8704D89F4FADAFD6495,graphics/source/sprites/WPMGSW2E.bam
supplemental:sprites:object-animation-bam:WPMH0A1,sprites,object-animation-bam,WPMH0A1,BAMC,V1,50,16,data/OBJAnim.bif,0x002001B9,5099,D5C6B3E8D8AE2674017A26576FD7DA281900F75FD5187DC29956E3944163DDFB,graphics/source/sprites/WPMH0A1.bam
supplemental:sprites:object-animation-bam:WPMH0A1E,sprites,object-animation-bam,WPMH0A1E,BAMC,V1,30,16,data/OBJAnim.bif,0x002001BA,3455,256B04B15077069697653320076BA76E4E2CF9F3228E6D534DDC556DC6028877,graphics/source/sprites/WPMH0A1E.bam
supplemental:sprites:object-animation-bam:WPMH0A2,sprites,object-animation-bam,WPMH0A2,BAMC,V1,50,8,data/OBJAnim.bif,0x002001BB,5077,7EA1F0A75FC08808D7D97EA0006040061BAE2878D7CD389D8E586B2C24636190,graphics/source/sprites/WPMH0A2.bam
supplemental:sprites:object-animation-bam:WPMH0A2E,sprites,object-animation-bam,WPMH0A2E,BAMC,V1,30,8,data/OBJAnim.bif,0x002001BC,3377,018979D961E0D9C64961EB68038D1D1F8D46CDDEDC9A678D6889DD737F964AE9,graphics/source/sprites/WPMH0A2E.bam
supplemental:sprites:object-animation-bam:WPMH0A3,sprites,object-animation-bam,WPMH0A3,BAMC,V1,50,8,data/OBJAnim.bif,0x002001BD,5123,A364295313D930B974A3BD6C56E6C0BBC5D214BA13E79F1AFE23EE8E90B57C24,graphics/source/sprites/WPMH0A3.bam
supplemental:sprites:object-animation-bam:WPMH0A3E,sprites,object-animation-bam,WPMH0A3E,BAMC,V1,30,8,data/OBJAnim.bif,0x002001BE,3314,B3154F14D8CCFFEB1B03CA16C3A42BBE2B534E3851AA62E61DE3B63DDB20F940,graphics/source/sprites/WPMH0A3E.bam
supplemental:sprites:object-animation-bam:WPMH0A4,sprites,object-animation-bam,WPMH0A4,BAMC,V1,50,8,data/OBJAnim.bif,0x002001BF,5127,BF3E637193A8454FEF57C073E056BCE2B1BAC0827E02E1B64C128053C9D68DC5,graphics/source/sprites/WPMH0A4.bam
supplemental:sprites:object-animation-bam:WPMH0A4E,sprites,object-animation-bam,WPMH0A4E,BAMC,V1,30,8,data/OBJAnim.bif,0x002001C0,3263,C48E026EEDB2486C6A7FA135DF0A97CDF8065B3D60D4A0CDEFA237C28C7096E3,graphics/source/sprites/WPMH0A4E.bam
supplemental:sprites:object-animation-bam:WPMH0A5,sprites,object-animation-bam,WPMH0A5,BAMC,V1,30,8,data/OBJAnim.bif,0x002001C1,3375,A528DB4219B9E8E901077E007FF6849B60F36B5992015F69D40FFC087BFE922E,graphics/source/sprites/WPMH0A5.bam
supplemental:sprites:object-animation-bam:WPMH0A5E,sprites,object-animation-bam,WPMH0A5E,BAMC,V1,18,8,data/OBJAnim.bif,0x002001C2,2281,149CC90EC05224A9905DE5BBE7ADFAFC1682AFA9627420182DA3657202A88A25,graphics/source/sprites/WPMH0A5E.bam
supplemental:sprites:object-animation-bam:WPMH0A6,sprites,object-animation-bam,WPMH0A6,BAMC,V1,40,8,data/OBJAnim.bif,0x002001C3,4214,C59F46152121C854C0B3CD7D8F8E09709039951D0842709A5A1D4700828B6D2B,graphics/source/sprites/WPMH0A6.bam
supplemental:sprites:object-animation-bam:WPMH0A6E,sprites,object-animation-bam,WPMH0A6E,BAMC,V1,24,8,data/OBJAnim.bif,0x002001C4,2788,5A5C1CCB4C760C9911B82A1FB6355484D03FB7A40E610B01571925B48BBBC527,graphics/source/sprites/WPMH0A6E.bam
supplemental:sprites:object-animation-bam:WPMH0CA,sprites,object-animation-bam,WPMH0CA,BAMC,V1,50,64,data/OBJAnim.bif,0x002001C5,5530,7607B963A9C8548607A7243AACA89A37CACB855D4235BE3B45B7075564EA49D6,graphics/source/sprites/WPMH0CA.bam
supplemental:sprites:object-animation-bam:WPMH0CAE,sprites,object-animation-bam,WPMH0CAE,BAMC,V1,30,64,data/OBJAnim.bif,0x002001C6,3577,06EF8C0B0179212C5F90C4D02887E363376B1ACF0FB7822F6CF99E4863995168,graphics/source/sprites/WPMH0CAE.bam
supplemental:sprites:object-animation-bam:WPMH0G1,sprites,object-animation-bam,WPMH0G1,BAMC,V1,180,72,data/OBJAnim.bif,0x002001C7,15068,2C7C0B2C80C8AECB6E0467AB1D670C88FF5415E034FA66959BC5DE9007A4D6AE,graphics/source/sprites/WPMH0G1.bam
supplemental:sprites:object-animation-bam:WPMH0G1E,sprites,object-animation-bam,WPMH0G1E,BAMC,V1,108,72,data/OBJAnim.bif,0x002001C8,9345,9F686FB941275F8F93F98E15F03DFD6124FB5302308C4D370884B7FD7E42DC9D,graphics/source/sprites/WPMH0G1E.bam
supplemental:sprites:paperdoll-animation-bam:WPMH0INV,sprites,paperdoll-animation-bam,WPMH0INV,BAM,V1,2,1,data/PaperDol.bif,0x062003CD,1493,BC9FB09E9488BDAA552C45BE1065E9272B537B45C0F61B455BD53376AD7C9D18,graphics/source/sprites/WPMH0INV.bam
supplemental:sprites:object-animation-bam:WPMH0SA,sprites,object-animation-bam,WPMH0SA,BAMC,V1,20,8,data/OBJAnim.bif,0x002001C9,2603,5217EDC9C77C3EB88555470ACF7EE54D22EA62AACD633DF9F958AA363D411D1D,graphics/source/sprites/WPMH0SA.bam
supplemental:sprites:object-animation-bam:WPMH0SAE,sprites,object-animation-bam,WPMH0SAE,BAMC,V1,12,8,data/OBJAnim.bif,0x002001CA,1848,1B00456D35B4B4200802EA35FDB31EF1A153D0D03412178D593EF2C454F94729,graphics/source/sprites/WPMH0SAE.bam
supplemental:sprites:object-animation-bam:WPMH0SX,sprites,object-animation-bam,WPMH0SX,BAMC,V1,15,8,data/OBJAnim.bif,0x002001CB,2102,64420CC680E5ECEB1B0AFDEDB434C1CACBDD0DA4D9082E1CE22A331B7061598A,graphics/source/sprites/WPMH0SX.bam
supplemental:sprites:object-animation-bam:WPMH0SXE,sprites,object-animation-bam,WPMH0SXE,BAMC,V1,9,8,data/OBJAnim.bif,0x002001CC,1555,4BEE8FB813420C87AF8313D068B4F3B42E53E2F8985311535946BB6714C89F39,graphics/source/sprites/WPMH0SXE.bam
supplemental:sprites:object-animation-bam:WPMH0W2,sprites,object-animation-bam,WPMH0W2,BAMC,V1,50,8,data/OBJAnim.bif,0x002001CD,4441,CF63E1283A9E5030F5642C40A3DF450F84C912358947EC54A3D4E5934E3F1416,graphics/source/sprites/WPMH0W2.bam
supplemental:sprites:object-animation-bam:WPMH0W2E,sprites,object-animation-bam,WPMH0W2E,BAMC,V1,30,8,data/OBJAnim.bif,0x002001CE,2848,97298763ABA0C1DCC9E769F7FABDF1518F7E24F6837EAFB8D4BE593CB8552E57,graphics/source/sprites/WPMH0W2E.bam
supplemental:sprites:object-animation-bam:WPMH1A1,sprites,object-animation-bam,WPMH1A1,BAMC,V1,50,16,data/OBJAnim.bif,0x002001CF,4430,82C2C9E824BA54A65F48BC5D2A5597E0DE5FBC206272D0E824F8328D5D921402,graphics/source/sprites/WPMH1A1.bam
supplemental:sprites:object-animation-bam:WPMH1A1E,sprites,object-animation-bam,WPMH1A1E,BAMC,V1,30,16,data/OBJAnim.bif,0x002001D0,2914,D8A7B51F4D70B97109F08B2073CD47E6F1039FD8D541D057FB7DFE4182634F11,graphics/source/sprites/WPMH1A1E.bam
supplemental:sprites:object-animation-bam:WPMH1A2,sprites,object-animation-bam,WPMH1A2,BAMC,V1,50,8,data/OBJAnim.bif,0x002001D1,4441,05A0BBE437E621A25B51202A990E86AF1B51479E375452A6BD007151ED5C6FA8,graphics/source/sprites/WPMH1A2.bam
supplemental:sprites:object-animation-bam:WPMH1A2E,sprites,object-animation-bam,WPMH1A2E,BAMC,V1,30,8,data/OBJAnim.bif,0x002001D2,2825,EA8B438F72E158998385953FE1E9B2A56211EC36DFCE5DDB546B0D8D3B4DC454,graphics/source/sprites/WPMH1A2E.bam
supplemental:sprites:object-animation-bam:WPMH1A3,sprites,object-animation-bam,WPMH1A3,BAMC,V1,50,8,data/OBJAnim.bif,0x002001D3,4310,28AAAEF991C577AC5E7E319D7D329D18BAECD15964A21B6FB9F509EEDB78DFC0,graphics/source/sprites/WPMH1A3.bam
supplemental:sprites:object-animation-bam:WPMH1A3E,sprites,object-animation-bam,WPMH1A3E,BAMC,V1,30,8,data/OBJAnim.bif,0x002001D4,2849,37F04980D714B604B4FDABC181753F06FBEE440007E17A0BD6BC3BB7F180C8F8,graphics/source/sprites/WPMH1A3E.bam
supplemental:sprites:object-animation-bam:WPMH1A4,sprites,object-animation-bam,WPMH1A4,BAMC,V1,50,8,data/OBJAnim.bif,0x002001D5,4280,906D297FA730BE4D211CF0D50E040341D7E642AB5597B46C56E85BC9FA614EF5,graphics/source/sprites/WPMH1A4.bam
supplemental:sprites:object-animation-bam:WPMH1A4E,sprites,object-animation-bam,WPMH1A4E,BAMC,V1,30,8,data/OBJAnim.bif,0x002001D6,2823,24E8BFE62719940221A09708F702AA01EDABD961D8825FAB795DF2D70F4F4BDD,graphics/source/sprites/WPMH1A4E.bam
supplemental:sprites:object-animation-bam:WPMH1A5,sprites,object-animation-bam,WPMH1A5,BAMC,V1,30,8,data/OBJAnim.bif,0x002001D7,2915,23A27D46335F6EA3E5481A25C22E80C7AD05A4018D220CB738B516CD77012B10,graphics/source/sprites/WPMH1A5.bam
supplemental:sprites:object-animation-bam:WPMH1A5E,sprites,object-animation-bam,WPMH1A5E,BAMC,V1,18,8,data/OBJAnim.bif,0x002001D8,2013,59BAD9DE0C133AE09294D8DA4969D8A7821D049B1E087EDE8C5E3DA4DDD23598,graphics/source/sprites/WPMH1A5E.bam
supplemental:sprites:object-animation-bam:WPMH1A6,sprites,object-animation-bam,WPMH1A6,BAMC,V1,40,8,data/OBJAnim.bif,0x002001D9,3574,80D7E683AB143ED25DBEAC0559A296A41D1A8DE4202742AA3745714A4409C0F6,graphics/source/sprites/WPMH1A6.bam
supplemental:sprites:object-animation-bam:WPMH1A6E,sprites,object-animation-bam,WPMH1A6E,BAMC,V1,24,8,data/OBJAnim.bif,0x002001DA,2413,AE48EB41C5FCCB07728F3463CBE23841C81A212857D67CA30B876E81D992B3AD,graphics/source/sprites/WPMH1A6E.bam
supplemental:sprites:object-animation-bam:WPMH1CA,sprites,object-animation-bam,WPMH1CA,BAMC,V1,50,62,data/OBJAnim.bif,0x002001DB,4634,763ACAFF121A0E0AF8FDA3BCC2096C674C1F2D780F9E3D2718C3F864EF2AACCD,graphics/source/sprites/WPMH1CA.bam
supplemental:sprites:object-animation-bam:WPMH1CAE,sprites,object-animation-bam,WPMH1CAE,BAMC,V1,30,64,data/OBJAnim.bif,0x002001DC,3114,F2E35E704699D0B513CF06ABC764BF3B1D9551AD78EB3910092DBEF477D536A5,graphics/source/sprites/WPMH1CAE.bam
supplemental:sprites:object-animation-bam:WPMH1G1,sprites,object-animation-bam,WPMH1G1,BAMC,V1,180,72,data/OBJAnim.bif,0x002001DD,12953,DC2B7F516EE833A2EF5B480D2F4DA0999D403F2CD571228478D2E9A00DD93C58,graphics/source/sprites/WPMH1G1.bam
supplemental:sprites:object-animation-bam:WPMH1G1E,sprites,object-animation-bam,WPMH1G1E,BAMC,V1,108,72,data/OBJAnim.bif,0x002001DE,7982,B49255CC9817EC1D3480E712CD230C61F9454DF17AC00CFEDCC9F0B3FE981987,graphics/source/sprites/WPMH1G1E.bam
supplemental:sprites:paperdoll-animation-bam:WPMH1INV,sprites,paperdoll-animation-bam,WPMH1INV,BAM,V1,2,1,data/PaperDol.bif,0x062003CF,1872,E85A57E06A5EC5A1A063CC7AD853948255DEC422B1023A9D7E32A54FCCFAE0D4,graphics/source/sprites/WPMH1INV.bam
supplemental:sprites:object-animation-bam:WPMH1SA,sprites,object-animation-bam,WPMH1SA,BAMC,V1,20,8,data/OBJAnim.bif,0x002001DF,2344,65CF5EC6E1B4804DFFFCCCC33B4A965A667E990801769A1B8C36F410E576FCA0,graphics/source/sprites/WPMH1SA.bam
supplemental:sprites:object-animation-bam:WPMH1SAE,sprites,object-animation-bam,WPMH1SAE,BAMC,V1,12,8,data/OBJAnim.bif,0x002001E0,1579,AD061BCA189E75DC386F330F83A946B76234808EC631B8CAE1DA292611A829A7,graphics/source/sprites/WPMH1SAE.bam
supplemental:sprites:object-animation-bam:WPMH1SX,sprites,object-animation-bam,WPMH1SX,BAMC,V1,15,8,data/OBJAnim.bif,0x002001E1,1891,70EC0EB6D3416F45310F8ADAA5CABFB358C737838FB851CD59A57251051DCD9C,graphics/source/sprites/WPMH1SX.bam
supplemental:sprites:object-animation-bam:WPMH1SXE,sprites,object-animation-bam,WPMH1SXE,BAMC,V1,9,8,data/OBJAnim.bif,0x002001E2,1394,A1B57AB1B8935F89AAD19EF6288BCDD3F3D7FEA6CD4AFCA7595B4E066575A7D5,graphics/source/sprites/WPMH1SXE.bam
supplemental:sprites:object-animation-bam:WPMH1W2,sprites,object-animation-bam,WPMH1W2,BAMC,V1,50,8,data/OBJAnim.bif,0x002001E3,4017,A9B700C78CF6CCAD03577082A21175F10A7582B42194D595E2812C4C1102A2A2,graphics/source/sprites/WPMH1W2.bam
supplemental:sprites:object-animation-bam:WPMH1W2E,sprites,object-animation-bam,WPMH1W2E,BAMC,V1,30,8,data/OBJAnim.bif,0x002001E4,2520,4CDD9EEB6A24CAAF70BEC66EFFE1B65A66505DE51B3E13CA5603E45B4E48648B,graphics/source/sprites/WPMH1W2E.bam
supplemental:sprites:object-animation-bam:WPMH2A1,sprites,object-animation-bam,WPMH2A1,BAMC,V1,50,16,data/OBJAnim.bif,0x002001E5,4173,B2B3590C44E08851EAF569DB4280DA3BAD3148EADBFA17D0972E6CC05D5E82BC,graphics/source/sprites/WPMH2A1.bam
supplemental:sprites:object-animation-bam:WPMH2A1E,sprites,object-animation-bam,WPMH2A1E,BAMC,V1,30,16,data/OBJAnim.bif,0x002001E6,2823,0980E21C1514210F1D277BA9192BABFF286D450114CC920AF135FA62D31C069F,graphics/source/sprites/WPMH2A1E.bam
supplemental:sprites:object-animation-bam:WPMH2A2,sprites,object-animation-bam,WPMH2A2,BAMC,V1,50,8,data/OBJAnim.bif,0x002001E7,4117,9B5E1A145C87A704D8EF0C225DCF6F2341F9B46F91662C4149EC1955E18FDD09,graphics/source/sprites/WPMH2A2.bam
supplemental:sprites:object-animation-bam:WPMH2A2E,sprites,object-animation-bam,WPMH2A2E,BAMC,V1,30,8,data/OBJAnim.bif,0x002001E8,2793,D719372C7EFE9C803220D40E554CAB086A4C9C22915ADFA819EE7BEDF424B141,graphics/source/sprites/WPMH2A2E.bam
supplemental:sprites:object-animation-bam:WPMH2A3,sprites,object-animation-bam,WPMH2A3,BAMC,V1,50,8,data/OBJAnim.bif,0x002001E9,4045,295589EE224A65755832778FE9E85F50E06DE7C7DE769C2729B4F52CE1585B7B,graphics/source/sprites/WPMH2A3.bam
supplemental:sprites:object-animation-bam:WPMH2A3E,sprites,object-animation-bam,WPMH2A3E,BAMC,V1,30,8,data/OBJAnim.bif,0x002001EA,2816,9DC7B7F1A4F417192525FC1486C225A634A98C17483482C7DBDD169136C43FF1,graphics/source/sprites/WPMH2A3E.bam
supplemental:sprites:object-animation-bam:WPMH2A4,sprites,object-animation-bam,WPMH2A4,BAMC,V1,50,8,data/OBJAnim.bif,0x002001EB,4019,626C60218359F4F83313A6F8451D67EB99D9C484883E969DB11F8F81E7C79C18,graphics/source/sprites/WPMH2A4.bam
supplemental:sprites:object-animation-bam:WPMH2A4E,sprites,object-animation-bam,WPMH2A4E,BAMC,V1,30,8,data/OBJAnim.bif,0x002001EC,2793,9A55D53ECFEB3D6FC9BF9A6B76B284E0AEEB2CAD8528A66973C009FA21B6C737,graphics/source/sprites/WPMH2A4E.bam
supplemental:sprites:object-animation-bam:WPMH2A5,sprites,object-animation-bam,WPMH2A5,BAMC,V1,30,8,data/OBJAnim.bif,0x002001ED,2726,171689B69076E13FF7E1CB0E2751B5452FAAA73EF123A981E1B5D9913A7090C1,graphics/source/sprites/WPMH2A5.bam
supplemental:sprites:object-animation-bam:WPMH2A5E,sprites,object-animation-bam,WPMH2A5E,BAMC,V1,18,8,data/OBJAnim.bif,0x002001EE,1986,655D06219EFA655EA4A1B6C1D795662707EEA2766D4D8DE5AF9EF2D8CC34E516,graphics/source/sprites/WPMH2A5E.bam
supplemental:sprites:object-animation-bam:WPMH2A6,sprites,object-animation-bam,WPMH2A6,BAMC,V1,40,8,data/OBJAnim.bif,0x002001EF,3449,DFF9A3FC82E902A9C02402BBB86A7218492ABE930484E589C84D94E1AF84A9F2,graphics/source/sprites/WPMH2A6.bam
supplemental:sprites:object-animation-bam:WPMH2A6E,sprites,object-animation-bam,WPMH2A6E,BAMC,V1,24,8,data/OBJAnim.bif,0x002001F0,2430,F0CCD1F0739BB9C674E680FECB4A57465F48F90320365A491B406CF031924832,graphics/source/sprites/WPMH2A6E.bam
supplemental:sprites:object-animation-bam:WPMH2CA,sprites,object-animation-bam,WPMH2CA,BAMC,V1,50,62,data/OBJAnim.bif,0x002001F1,4530,7137FB2C917B46D3389949FF9991B7348EA3C5645F73BFEAF6ABE789247BED83,graphics/source/sprites/WPMH2CA.bam
supplemental:sprites:object-animation-bam:WPMH2CAE,sprites,object-animation-bam,WPMH2CAE,BAMC,V1,30,64,data/OBJAnim.bif,0x002001F2,3130,6EA032F0930315ABD1D58A4D868309200CE472F5D2987B563A6049ED665DC3B9,graphics/source/sprites/WPMH2CAE.bam
supplemental:sprites:object-animation-bam:WPMH2G1,sprites,object-animation-bam,WPMH2G1,BAMC,V1,180,72,data/OBJAnim.bif,0x002001F3,12182,FDE8422B3C5D8E31BA61715D8A8ABE5AA3C48363DEA9A77ABCF64F11D0B289AE,graphics/source/sprites/WPMH2G1.bam
supplemental:sprites:object-animation-bam:WPMH2G1E,sprites,object-animation-bam,WPMH2G1E,BAMC,V1,108,72,data/OBJAnim.bif,0x002001F4,7681,339C8214343BC22CC35CD37D5AD746FA25E4A01E4A083130DBB575464E4E5B95,graphics/source/sprites/WPMH2G1E.bam
supplemental:sprites:paperdoll-animation-bam:WPMH2INV,sprites,paperdoll-animation-bam,WPMH2INV,BAM,V1,2,1,data/PaperDol.bif,0x062003D1,2079,BC78D09F2350B2F1BB635226DAA2099544BFA6613EB2FD8C72C54EA23440099F,graphics/source/sprites/WPMH2INV.bam
supplemental:sprites:object-animation-bam:WPMH2SA,sprites,object-animation-bam,WPMH2SA,BAMC,V1,20,8,data/OBJAnim.bif,0x002001F5,2162,BCE70FB60E558EE9F1D64EC98E6B797E84AE7F12C841F3B7163CC83C66002352,graphics/source/sprites/WPMH2SA.bam
supplemental:sprites:object-animation-bam:WPMH2SAE,sprites,object-animation-bam,WPMH2SAE,BAMC,V1,12,8,data/OBJAnim.bif,0x002001F6,1599,AE24EFC61829D98DEACF95961905D4DC5FD0BDBAB07B57473839A4B71824E654,graphics/source/sprites/WPMH2SAE.bam
supplemental:sprites:object-animation-bam:WPMH2SX,sprites,object-animation-bam,WPMH2SX,BAMC,V1,15,8,data/OBJAnim.bif,0x002001F7,1763,942BBD01F9701FBB97F26E197324B57B956202263CFDC1761F0C44B715692112,graphics/source/sprites/WPMH2SX.bam
supplemental:sprites:object-animation-bam:WPMH2SXE,sprites,object-animation-bam,WPMH2SXE,BAMC,V1,9,8,data/OBJAnim.bif,0x002001F8,1376,7BF3EAA76DF8392C361CA3357D5BC22A00F1FFFFF9265E75E38D953C1883393F,graphics/source/sprites/WPMH2SXE.bam
supplemental:sprites:object-animation-bam:WPMH2W2,sprites,object-animation-bam,WPMH2W2,BAMC,V1,50,8,data/OBJAnim.bif,0x002001F9,3731,432FD5F442938353B725C2F3A63CC64271AAA2561FF2639E590118CF1C3D5086,graphics/source/sprites/WPMH2W2.bam
supplemental:sprites:object-animation-bam:WPMH2W2E,sprites,object-animation-bam,WPMH2W2E,BAMC,V1,30,8,data/OBJAnim.bif,0x002001FA,2533,6CEB5AE66A52E09914D45601F5BBD134BC48E077A39E49C5C39AD938814BB99E,graphics/source/sprites/WPMH2W2E.bam
supplemental:sprites:object-animation-bam:WPMH3A1,sprites,object-animation-bam,WPMH3A1,BAMC,V1,50,16,data/OBJAnim.bif,0x002001FB,5093,7176C8A16F8692752CEE78A00457CDADA14E04E958AD71B029EEB2D69F0728CF,graphics/source/sprites/WPMH3A1.bam
supplemental:sprites:object-animation-bam:WPMH3A1E,sprites,object-animation-bam,WPMH3A1E,BAMC,V1,30,16,data/OBJAnim.bif,0x002001FC,3653,810EA6713B162BD21A633471A7D87E80ACC1F3CD5A7ECC6C9F9D9A97E256F766,graphics/source/sprites/WPMH3A1E.bam
supplemental:sprites:object-animation-bam:WPMH3A2,sprites,object-animation-bam,WPMH3A2,BAMC,V1,50,8,data/OBJAnim.bif,0x002001FD,5104,8BBDEF3AE4BE6D2D92595A7D34A22781B3148FC84947287FE9FC894C9AF29D98,graphics/source/sprites/WPMH3A2.bam
supplemental:sprites:object-animation-bam:WPMH3A2E,sprites,object-animation-bam,WPMH3A2E,BAMC,V1,30,8,data/OBJAnim.bif,0x002001FE,3641,3539098203E3E0FBE8420577C5A0665C7635EB28F0D707744337B70B19E14218,graphics/source/sprites/WPMH3A2E.bam
supplemental:sprites:object-animation-bam:WPMH3A3,sprites,object-animation-bam,WPMH3A3,BAMC,V1,50,8,data/OBJAnim.bif,0x002001FF,5073,6E9D1C814D3EAEBB432302B5963A7DFBB5E8CBAE5F6321CDC5B36A6F96628F01,graphics/source/sprites/WPMH3A3.bam
supplemental:sprites:object-animation-bam:WPMH3A3E,sprites,object-animation-bam,WPMH3A3E,BAMC,V1,30,8,data/OBJAnim.bif,0x00200200,3545,B6A4399457B9B177E0EE8F96A18B3DDBCFCA643B3B6D6C1664BEEF8E7D75FD8A,graphics/source/sprites/WPMH3A3E.bam
supplemental:sprites:object-animation-bam:WPMH3A4,sprites,object-animation-bam,WPMH3A4,BAMC,V1,50,8,data/OBJAnim.bif,0x00200201,5030,D498ED8C4389543ABB991575F9E56819294E51044B505C8CD21C13FBE62B2861,graphics/source/sprites/WPMH3A4.bam
supplemental:sprites:object-animation-bam:WPMH3A4E,sprites,object-animation-bam,WPMH3A4E,BAMC,V1,30,8,data/OBJAnim.bif,0x00200202,3467,D3FAFEC07F339428DD07748084783A1952214247ED9093960C24FA8779A8015F,graphics/source/sprites/WPMH3A4E.bam
supplemental:sprites:object-animation-bam:WPMH3A5,sprites,object-animation-bam,WPMH3A5,BAMC,V1,30,8,data/OBJAnim.bif,0x00200203,3356,886F4D0299E7F3BCED4ECF7FC5372366D3B6738E9FDB39315A05467FC43A8183,graphics/source/sprites/WPMH3A5.bam
supplemental:sprites:object-animation-bam:WPMH3A5E,sprites,object-animation-bam,WPMH3A5E,BAMC,V1,18,8,data/OBJAnim.bif,0x00200204,2416,A9618BE8C94994574669DC78C3567AF80899730EC19C844E843A701B29C7D059,graphics/source/sprites/WPMH3A5E.bam
supplemental:sprites:object-animation-bam:WPMH3A6,sprites,object-animation-bam,WPMH3A6,BAMC,V1,40,8,data/OBJAnim.bif,0x00200205,4219,96ACEB2B1EE703E18E3108B3EA4D294E24234DD1DB645DDDBCD50D0C7FAA2FFD,graphics/source/sprites/WPMH3A6.bam
supplemental:sprites:object-animation-bam:WPMH3A6E,sprites,object-animation-bam,WPMH3A6E,BAMC,V1,24,8,data/OBJAnim.bif,0x00200206,2957,DEE94CF01673673189705175BF64FE64E5A5C35DCE614EB6D256BA13579BB590,graphics/source/sprites/WPMH3A6E.bam
supplemental:sprites:object-animation-bam:WPMH3CA,sprites,object-animation-bam,WPMH3CA,BAMC,V1,50,62,data/OBJAnim.bif,0x00200207,5520,829D3044FD4071EBA7BBD26D52252ABAADD5A297F406DB264428FD498260FE67,graphics/source/sprites/WPMH3CA.bam
supplemental:sprites:object-animation-bam:WPMH3CAE,sprites,object-animation-bam,WPMH3CAE,BAMC,V1,30,64,data/OBJAnim.bif,0x00200208,3738,6B80C23F7E2C4269CD9C012EC5238F007A4BFCBAD0D783F63266A785C0545433,graphics/source/sprites/WPMH3CAE.bam
supplemental:sprites:object-animation-bam:WPMH3G1,sprites,object-animation-bam,WPMH3G1,BAMC,V1,180,72,data/OBJAnim.bif,0x00200209,14979,9CC6BF06696001425849AB1F31E00BAD6CC6A7D890BB45A2571A17AECB6324A9,graphics/source/sprites/WPMH3G1.bam
supplemental:sprites:object-animation-bam:WPMH3G1E,sprites,object-animation-bam,WPMH3G1E,BAMC,V1,108,72,data/OBJAnim.bif,0x0020020A,9810,37553F049828BD11849C98902EC7F65E3F0BDDECD0DD51CD3E4FF02D7FDE2126,graphics/source/sprites/WPMH3G1E.bam
supplemental:sprites:paperdoll-animation-bam:WPMH3INV,sprites,paperdoll-animation-bam,WPMH3INV,BAM,V1,2,1,data/PaperDol.bif,0x062003D3,1711,976C2CA28AF7C120645E65156E956525F320AC502323B769B84DEFFC0DA4FB2A,graphics/source/sprites/WPMH3INV.bam
supplemental:sprites:object-animation-bam:WPMH3SA,sprites,object-animation-bam,WPMH3SA,BAMC,V1,20,8,data/OBJAnim.bif,0x0020020B,2597,2CE66E7194BA5359B5A8F11CA2FA266BBA61A8C70611965E47F38C0F3B767BE2,graphics/source/sprites/WPMH3SA.bam
supplemental:sprites:object-animation-bam:WPMH3SAE,sprites,object-animation-bam,WPMH3SAE,BAMC,V1,12,8,data/OBJAnim.bif,0x0020020C,1959,BFD67E632EBC3849708BC90A752D3D48DE5A617589FFF1B936BC281FD13EAB89,graphics/source/sprites/WPMH3SAE.bam
supplemental:sprites:object-animation-bam:WPMH3SX,sprites,object-animation-bam,WPMH3SX,BAMC,V1,15,8,data/OBJAnim.bif,0x0020020D,2126,9CB62A2EE4D0AE25308FB085DF45CD231FF1DF41C441188761C87FE5387486C2,graphics/source/sprites/WPMH3SX.bam
supplemental:sprites:object-animation-bam:WPMH3SXE,sprites,object-animation-bam,WPMH3SXE,BAMC,V1,9,8,data/OBJAnim.bif,0x0020020E,1594,4DF453C872F9BE4A3E4E6161329CE8A6D4DFCE67A150FC9AC70172B4855D5E7A,graphics/source/sprites/WPMH3SXE.bam
supplemental:sprites:object-animation-bam:WPMH3W2,sprites,object-animation-bam,WPMH3W2,BAMC,V1,50,8,data/OBJAnim.bif,0x0020020F,4248,C4ABED9A5F0066A614B3AE465B2FFE394E3AD6F0469BF9F685E4CA16D2C9E572,graphics/source/sprites/WPMH3W2.bam
supplemental:sprites:object-animation-bam:WPMH3W2E,sprites,object-animation-bam,WPMH3W2E,BAMC,V1,30,8,data/OBJAnim.bif,0x00200210,2958,B7C5984BAAB18DC744BF89C6FDA8C2ED764AEB74F81F8186B0A8C08CE8653217,graphics/source/sprites/WPMH3W2E.bam
supplemental:sprites:object-animation-bam:WPMH4A1,sprites,object-animation-bam,WPMH4A1,BAMC,V1,50,16,data/OBJAnim.bif,0x00200211,7058,8352EBF852FCD910FE4ABAF2FFE9F254F3DB9E89D7FA7BCC9295926CB2D9E5CB,graphics/source/sprites/WPMH4A1.bam
supplemental:sprites:object-animation-bam:WPMH4A1E,sprites,object-animation-bam,WPMH4A1E,BAMC,V1,30,16,data/OBJAnim.bif,0x00200212,4577,DC32188A352437F5EC8A29D483D274584CFBD7122DF9C62776447FF18ACC6740,graphics/source/sprites/WPMH4A1E.bam
supplemental:sprites:object-animation-bam:WPMH4A2,sprites,object-animation-bam,WPMH4A2,BAMC,V1,50,8,data/OBJAnim.bif,0x00200213,6988,29E52EEEAF8889269917CCC8F662D327C83166C2143278805855C0BE45E8D461,graphics/source/sprites/WPMH4A2.bam
supplemental:sprites:object-animation-bam:WPMH4A2E,sprites,object-animation-bam,WPMH4A2E,BAMC,V1,30,8,data/OBJAnim.bif,0x00200214,4564,091265A5B0B20213806734FD91202621FE1AFEFDE1B125477ED75CA0BF38FD5F,graphics/source/sprites/WPMH4A2E.bam
supplemental:sprites:object-animation-bam:WPMH4A3,sprites,object-animation-bam,WPMH4A3,BAMC,V1,50,8,data/OBJAnim.bif,0x00200215,7223,8FA43DEB802CCB411B5AC546FAAE3A1466A76988D5B0DC8399B0DF09BCBEE1F6,graphics/source/sprites/WPMH4A3.bam
supplemental:sprites:object-animation-bam:WPMH4A3E,sprites,object-animation-bam,WPMH4A3E,BAMC,V1,30,8,data/OBJAnim.bif,0x00200216,4432,71E8EF6E643B2950B14C4C8FB20A43F140FDCF17624673000C96234F6F14662A,graphics/source/sprites/WPMH4A3E.bam
supplemental:sprites:object-animation-bam:WPMH4A4,sprites,object-animation-bam,WPMH4A4,BAMC,V1,50,8,data/OBJAnim.bif,0x00200217,7030,0ED62412DB19D946AFFEE41FB5742C2574ABEE84E04326659D379E39ACB87D22,graphics/source/sprites/WPMH4A4.bam
supplemental:sprites:object-animation-bam:WPMH4A4E,sprites,object-animation-bam,WPMH4A4E,BAMC,V1,30,8,data/OBJAnim.bif,0x00200218,4355,E407A7185FA7B0CB164F0F6A4C26047BC431E414D659666AA879DF238424F287,graphics/source/sprites/WPMH4A4E.bam
supplemental:sprites:object-animation-bam:WPMH4A5,sprites,object-animation-bam,WPMH4A5,BAMC,V1,30,8,data/OBJAnim.bif,0x00200219,4549,92E2573B3E4381EA0821BBBE087CCC9030D80558C5ED9715A96B0993DEE4A9D2,graphics/source/sprites/WPMH4A5.bam
supplemental:sprites:object-animation-bam:WPMH4A5E,sprites,object-animation-bam,WPMH4A5E,BAMC,V1,18,8,data/OBJAnim.bif,0x0020021A,2961,DBBA68DAC4AA466130CE3D25A4ECD6970E042D438A1F65D6C6AA6B05973FE7D4,graphics/source/sprites/WPMH4A5E.bam
supplemental:sprites:object-animation-bam:WPMH4A6,sprites,object-animation-bam,WPMH4A6,BAMC,V1,40,8,data/OBJAnim.bif,0x0020021B,5934,1907CD7F2C9633ACBF0488557DBCFFB1F4ADEBCD7BF437B5B39DE59D23EF4C35,graphics/source/sprites/WPMH4A6.bam
supplemental:sprites:object-animation-bam:WPMH4A6E,sprites,object-animation-bam,WPMH4A6E,BAMC,V1,24,8,data/OBJAnim.bif,0x0020021C,3734,1BCEF668C914DCC4D8EFEC0C184FA362D28A419C7BE20741D35B6E597937DE7B,graphics/source/sprites/WPMH4A6E.bam
supplemental:sprites:object-animation-bam:WPMH4CA,sprites,object-animation-bam,WPMH4CA,BAMC,V1,50,62,data/OBJAnim.bif,0x0020021D,7696,33D5F57F81A089578FAB051C1DFE751EED0895FACFFDCED973B97286D6F1C2C9,graphics/source/sprites/WPMH4CA.bam
supplemental:sprites:object-animation-bam:WPMH4CAE,sprites,object-animation-bam,WPMH4CAE,BAMC,V1,30,64,data/OBJAnim.bif,0x0020021E,4790,E2A0676DAB3163AB7D0E855E401EA1A5DBC3A08BE7EE99960CAA17C16E88ABCE,graphics/source/sprites/WPMH4CAE.bam
supplemental:sprites:object-animation-bam:WPMH4G1,sprites,object-animation-bam,WPMH4G1,BAMC,V1,180,72,data/OBJAnim.bif,0x0020021F,22585,27D5879CB53A80BD8A92E4D5B9C56BB6E99B1AA438056889BF4E423229A72089,graphics/source/sprites/WPMH4G1.bam
supplemental:sprites:object-animation-bam:WPMH4G1E,sprites,object-animation-bam,WPMH4G1E,BAMC,V1,108,72,data/OBJAnim.bif,0x00200220,13345,C67CD96550BF5F9D9969C833541BA40B24B87205AA664CE2F7DABBB378FC7508,graphics/source/sprites/WPMH4G1E.bam
supplemental:sprites:paperdoll-animation-bam:WPMH4INV,sprites,paperdoll-animation-bam,WPMH4INV,BAM,V1,2,1,data/PaperDol.bif,0x062003D5,1789,51D88DEDF1E5D4754E15775B7F9166FEE8E4869708E3B48111932D6754A9DE6F,graphics/source/sprites/WPMH4INV.bam
supplemental:sprites:object-animation-bam:WPMH4SA,sprites,object-animation-bam,WPMH4SA,BAMC,V1,20,8,data/OBJAnim.bif,0x00200221,3436,B6AEB59FAD227D1FB7568C827CAACA4BC74CE5BAC4AB886B66540CE889C18E47,graphics/source/sprites/WPMH4SA.bam
supplemental:sprites:object-animation-bam:WPMH4SAE,sprites,object-animation-bam,WPMH4SAE,BAMC,V1,12,8,data/OBJAnim.bif,0x00200222,2304,9CF136847B4534A0FA7066CDFA06115BBD4731EAD216D560542861A2BDB9AF8A,graphics/source/sprites/WPMH4SAE.bam
supplemental:sprites:object-animation-bam:WPMH4SX,sprites,object-animation-bam,WPMH4SX,BAMC,V1,15,8,data/OBJAnim.bif,0x00200223,2743,F2A17F55B7EC2AD3C9E8AD14B0F88D481222C2A824B7BD6878497064F8FA9D50,graphics/source/sprites/WPMH4SX.bam
supplemental:sprites:object-animation-bam:WPMH4SXE,sprites,object-animation-bam,WPMH4SXE,BAMC,V1,9,8,data/OBJAnim.bif,0x00200224,1892,191D91DA55B7B62D635FDCF4134E0D58656DB466F6E7F21F4DC442645C137984,graphics/source/sprites/WPMH4SXE.bam
supplemental:sprites:object-animation-bam:WPMH4W2,sprites,object-animation-bam,WPMH4W2,BAMC,V1,50,8,data/OBJAnim.bif,0x00200225,6304,1067DD41488BC334333511F42C45CF656A83B494C8AE1C60C2AF8DE953E392A2,graphics/source/sprites/WPMH4W2.bam
supplemental:sprites:object-animation-bam:WPMH4W2E,sprites,object-animation-bam,WPMH4W2E,BAMC,V1,30,8,data/OBJAnim.bif,0x00200226,3957,266C4D591B40FD928F0C591D039F1B3F3EBCC4A4ADE5194D01C5D72F2A036AE2,graphics/source/sprites/WPMH4W2E.bam
supplemental:sprites:object-animation-bam:WPMH5A1,sprites,object-animation-bam,WPMH5A1,BAMC,V1,50,16,data/OBJAnim.bif,0x00200227,5276,F9B8C4E33BEB100DB0A95ACCB3ED625644BF7B99A0BA6976C9DD21CA3F1C7AF9,graphics/source/sprites/WPMH5A1.bam
supplemental:sprites:object-animation-bam:WPMH5A1E,sprites,object-animation-bam,WPMH5A1E,BAMC,V1,30,16,data/OBJAnim.bif,0x00200228,3537,264A90D12CD95AF073FB131C11F0BE9852203F7C89F10FDF04F73D445B97EF77,graphics/source/sprites/WPMH5A1E.bam
supplemental:sprites:object-animation-bam:WPMH5A2,sprites,object-animation-bam,WPMH5A2,BAMC,V1,50,8,data/OBJAnim.bif,0x00200229,5196,6F2B94A213556C0D4982B4E486FBE5412F40B44DF768D592FF053530D19B327D,graphics/source/sprites/WPMH5A2.bam
supplemental:sprites:object-animation-bam:WPMH5A2E,sprites,object-animation-bam,WPMH5A2E,BAMC,V1,30,8,data/OBJAnim.bif,0x0020022A,3379,0A4D6746F40BEA0C5312AB96D5A6A24E3BF4F60D72F5FF1DE852C8D05A4C9ACE,graphics/source/sprites/WPMH5A2E.bam
supplemental:sprites:object-animation-bam:WPMH5A3,sprites,object-animation-bam,WPMH5A3,BAMC,V1,50,8,data/OBJAnim.bif,0x0020022B,5329,BE210BFE33A20586C6DE74D18F2A6BE4111D8D7779E058301BAD21C00C39B595,graphics/source/sprites/WPMH5A3.bam
supplemental:sprites:object-animation-bam:WPMH5A3E,sprites,object-animation-bam,WPMH5A3E,BAMC,V1,30,8,data/OBJAnim.bif,0x0020022C,3384,6D0698FB66DB612C64551498C315016C8BB5C0D8FE1CE4E123D50D394FA23AA2,graphics/source/sprites/WPMH5A3E.bam
supplemental:sprites:object-animation-bam:WPMH5A4,sprites,object-animation-bam,WPMH5A4,BAMC,V1,50,8,data/OBJAnim.bif,0x0020022D,5226,2E4363E6FB3AEDD12998EFDA1F803433541C82D246FBD0C33FC747A910905C7B,graphics/source/sprites/WPMH5A4.bam
supplemental:sprites:object-animation-bam:WPMH5A4E,sprites,object-animation-bam,WPMH5A4E,BAMC,V1,30,8,data/OBJAnim.bif,0x0020022E,3290,B358FE23DC0C0AD67FA46054A42966BECCBC92353554F927C7D5314A88F3826F,graphics/source/sprites/WPMH5A4E.bam
supplemental:sprites:object-animation-bam:WPMH5A5,sprites,object-animation-bam,WPMH5A5,BAMC,V1,30,8,data/OBJAnim.bif,0x0020022F,3352,0DFF9BFEDAFDF7A0D1B5E539D3D7FB670D5BE1E107F8CD9FA30AC29FCDA9A04F,graphics/source/sprites/WPMH5A5.bam
supplemental:sprites:object-animation-bam:WPMH5A5E,sprites,object-animation-bam,WPMH5A5E,BAMC,V1,18,8,data/OBJAnim.bif,0x00200230,2242,0125EFD917E2A2101D9C6D693A7EEE7961D3DE8AC6D0C8B09AC11EAC5ADB7414,graphics/source/sprites/WPMH5A5E.bam
supplemental:sprites:object-animation-bam:WPMH5A6,sprites,object-animation-bam,WPMH5A6,BAMC,V1,40,8,data/OBJAnim.bif,0x00200231,4334,18091E74E389A426472F7001AACB31F3D9A3C5A7936180622BBE030A4BEB1E19,graphics/source/sprites/WPMH5A6.bam
supplemental:sprites:object-animation-bam:WPMH5A6E,sprites,object-animation-bam,WPMH5A6E,BAMC,V1,24,8,data/OBJAnim.bif,0x00200232,2825,C45D8AC3B9524F4BF246525D5DD60B42BF183F6DF178C7151AC44219F394EF96,graphics/source/sprites/WPMH5A6E.bam
supplemental:sprites:object-animation-bam:WPMH5CA,sprites,object-animation-bam,WPMH5CA,BAMC,V1,50,64,data/OBJAnim.bif,0x00200233,5622,F3DE50605659E7974F9A2E5EFFC99E57E03D69A25344F296FB60A3EB711D1813,graphics/source/sprites/WPMH5CA.bam
supplemental:sprites:object-animation-bam:WPMH5CAE,sprites,object-animation-bam,WPMH5CAE,BAMC,V1,30,64,data/OBJAnim.bif,0x00200234,3599,BBE4BD87440639AAA4F61163FCCA88560F85ED10B794E8733C6532650E7CBE81,graphics/source/sprites/WPMH5CAE.bam
supplemental:sprites:object-animation-bam:WPMH5G1,sprites,object-animation-bam,WPMH5G1,BAMC,V1,180,72,data/OBJAnim.bif,0x00200235,15290,AB71B4F1F1B7A8E7428D4DA6C7BFFC24C90E2104C2DBBBF970FA3BCA92BBC6A0,graphics/source/sprites/WPMH5G1.bam
supplemental:sprites:object-animation-bam:WPMH5G1E,sprites,object-animation-bam,WPMH5G1E,BAMC,V1,108,72,data/OBJAnim.bif,0x00200236,9477,CBF18F80D1151D9284214332B90F090436ED3FF15E79B69DA6DDA166C4503CF5,graphics/source/sprites/WPMH5G1E.bam
supplemental:sprites:paperdoll-animation-bam:WPMH5INV,sprites,paperdoll-animation-bam,WPMH5INV,BAM,V1,2,1,data/PaperDol.bif,0x062003D7,1569,A3FDF6DC2F7BFF9926ABCEDC9100DC112DD151248437F7DE5E05AA70103BD4DB,graphics/source/sprites/WPMH5INV.bam
supplemental:sprites:object-animation-bam:WPMH5SA,sprites,object-animation-bam,WPMH5SA,BAMC,V1,20,8,data/OBJAnim.bif,0x00200237,2666,E79D47E9D9E5EFE2E31DFE42451892537E7749611C152760F3154DF928B878B0,graphics/source/sprites/WPMH5SA.bam
supplemental:sprites:object-animation-bam:WPMH5SAE,sprites,object-animation-bam,WPMH5SAE,BAMC,V1,12,8,data/OBJAnim.bif,0x00200238,1817,E023774DED932D9018BD9D08911635C5325DB4072785A48D527110DE5416EA68,graphics/source/sprites/WPMH5SAE.bam
supplemental:sprites:object-animation-bam:WPMH5SX,sprites,object-animation-bam,WPMH5SX,BAMC,V1,15,8,data/OBJAnim.bif,0x00200239,2126,8BC11E1DC2B2482EBED0ECC5F4A5B6AEDF8F3999AD6D6082E12DA2148CE6A5F1,graphics/source/sprites/WPMH5SX.bam
supplemental:sprites:object-animation-bam:WPMH5SXE,sprites,object-animation-bam,WPMH5SXE,BAMC,V1,9,8,data/OBJAnim.bif,0x0020023A,1548,5AA6E4B0E6F3CA1EA53E598240FC0B7A12063B7BE53AC9C3E23F8755D5853A2C,graphics/source/sprites/WPMH5SXE.bam
supplemental:sprites:object-animation-bam:WPMH5W2,sprites,object-animation-bam,WPMH5W2,BAMC,V1,50,8,data/OBJAnim.bif,0x0020023B,4324,668336138D3A7C958A88821B99F9541D45BDA02875A54F8EDAFCA35A9DC3C747,graphics/source/sprites/WPMH5W2.bam
supplemental:sprites:object-animation-bam:WPMH5W2E,sprites,object-animation-bam,WPMH5W2E,BAMC,V1,30,8,data/OBJAnim.bif,0x0020023C,2876,1D82D404F3C48E4C4A7DE0AC03A855A46F0BAF2A8F0B05F48B5B0A4EAFF6E7BE,graphics/source/sprites/WPMH5W2E.bam
supplemental:sprites:object-animation-bam:WPMH6A1,sprites,object-animation-bam,WPMH6A1,BAMC,V1,50,16,data/OBJAnim.bif,0x0020023D,4753,2ED986C5D0A56D70AC63E36CA760D6EFD58C619BB78E78325385C42B1D1A98D8,graphics/source/sprites/WPMH6A1.bam
supplemental:sprites:object-animation-bam:WPMH6A1E,sprites,object-animation-bam,WPMH6A1E,BAMC,V1,30,16,data/OBJAnim.bif,0x0020023E,3062,9F1AF03722E2F1BE34E68541B637A44A410681956C4456E7513B8BCC2E277306,graphics/source/sprites/WPMH6A1E.bam
supplemental:sprites:object-animation-bam:WPMH6A2,sprites,object-animation-bam,WPMH6A2,BAMC,V1,50,8,data/OBJAnim.bif,0x0020023F,4742,47C3D9BB5567DE3191C8919A4ABF497D160CC277883DA2C60E52CF43CE5272CA,graphics/source/sprites/WPMH6A2.bam
supplemental:sprites:object-animation-bam:WPMH6A2E,sprites,object-animation-bam,WPMH6A2E,BAMC,V1,30,8,data/OBJAnim.bif,0x00200240,3030,0503519288DC130F83BC897B6C868081A4484B2D0C2F13154FCB2E68DCD21DAD,graphics/source/sprites/WPMH6A2E.bam
supplemental:sprites:object-animation-bam:WPMH6A3,sprites,object-animation-bam,WPMH6A3,BAMC,V1,50,8,data/OBJAnim.bif,0x00200241,4717,2C3D508F28DDBD3A3E1C90D59CA6C549A044E3C41FF1B17A95CDDD41DEC64874,graphics/source/sprites/WPMH6A3.bam
supplemental:sprites:object-animation-bam:WPMH6A3E,sprites,object-animation-bam,WPMH6A3E,BAMC,V1,30,8,data/OBJAnim.bif,0x00200242,3059,29150F187F64568AC4D13197964491B6D604CE2CF358CEE22DF21604D04E4C45,graphics/source/sprites/WPMH6A3E.bam
supplemental:sprites:object-animation-bam:WPMH6A4,sprites,object-animation-bam,WPMH6A4,BAMC,V1,50,8,data/OBJAnim.bif,0x00200243,4620,E7C3F22859D98116FFDD2C8CA57E7185C45F9A256109AC9A0909179398DFBCAA,graphics/source/sprites/WPMH6A4.bam
supplemental:sprites:object-animation-bam:WPMH6A4E,sprites,object-animation-bam,WPMH6A4E,BAMC,V1,30,8,data/OBJAnim.bif,0x00200244,3005,1A53B3F03E902A0F1D98E37B6F43DCE848AAFBDE25174B3050640D854B07D6B8,graphics/source/sprites/WPMH6A4E.bam
supplemental:sprites:object-animation-bam:WPMH6A5,sprites,object-animation-bam,WPMH6A5,BAMC,V1,30,8,data/OBJAnim.bif,0x00200245,3116,70BB6C6D99D38A13A04E635ECC7236AE1F557C7658E650C790D7C90F723E89CD,graphics/source/sprites/WPMH6A5.bam
supplemental:sprites:object-animation-bam:WPMH6A5E,sprites,object-animation-bam,WPMH6A5E,BAMC,V1,18,8,data/OBJAnim.bif,0x00200246,2132,8AE78EAC5C24F4AEA0EFBF06CC2E4E7978D0DD6F0336F064AE6DD08AF87EBDDB,graphics/source/sprites/WPMH6A5E.bam
supplemental:sprites:object-animation-bam:WPMH6A6,sprites,object-animation-bam,WPMH6A6,BAMC,V1,40,8,data/OBJAnim.bif,0x00200247,3796,9879F99D8F70F438EE7E7358FC8879B56B12E437206D375D40ED3F0A7FC90A3F,graphics/source/sprites/WPMH6A6.bam
supplemental:sprites:object-animation-bam:WPMH6A6E,sprites,object-animation-bam,WPMH6A6E,BAMC,V1,24,8,data/OBJAnim.bif,0x00200248,2577,6BAC0A0FA81E60ACAB10198B22A0E748479EB6953C498F80216D684919993F95,graphics/source/sprites/WPMH6A6E.bam
supplemental:sprites:object-animation-bam:WPMH6CA,sprites,object-animation-bam,WPMH6CA,BAMC,V1,50,62,data/OBJAnim.bif,0x00200249,4964,5B15BA1305D2BD460301A26A910035EDA9B58DC6D9E99481B474BD378444DB2F,graphics/source/sprites/WPMH6CA.bam
supplemental:sprites:object-animation-bam:WPMH6CAE,sprites,object-animation-bam,WPMH6CAE,BAMC,V1,30,64,data/OBJAnim.bif,0x0020024A,3343,01CF870016D3FAF04C55538A1DC133E654E261063CFFA009CD6BDDC7C3CFE728,graphics/source/sprites/WPMH6CAE.bam
supplemental:sprites:object-animation-bam:WPMH6G1,sprites,object-animation-bam,WPMH6G1,BAMC,V1,180,72,data/OBJAnim.bif,0x0020024B,14085,0BDC72AE75B5EAC9DA50003B353E241EC293C212C59349FE9B593A34BB97F52B,graphics/source/sprites/WPMH6G1.bam
supplemental:sprites:object-animation-bam:WPMH6G1E,sprites,object-animation-bam,WPMH6G1E,BAMC,V1,108,72,data/OBJAnim.bif,0x0020024C,8543,D455017752469D4DDE3F1AF5D1234A1D4007E9E8E5F9E930F8F8080A1B830CC1,graphics/source/sprites/WPMH6G1E.bam
supplemental:sprites:paperdoll-animation-bam:WPMH6INV,sprites,paperdoll-animation-bam,WPMH6INV,BAM,V1,2,1,data/PaperDol.bif,0x062003D9,1507,71D8281E7F3105808529F95D4D8DEAA371E5F5A3200659F85CF35AEB27EEC61C,graphics/source/sprites/WPMH6INV.bam
supplemental:sprites:object-animation-bam:WPMH6SA,sprites,object-animation-bam,WPMH6SA,BAMC,V1,20,8,data/OBJAnim.bif,0x0020024D,2445,D660077D7EEAF8C2D19F24F0503DDA713461B157EBD0F51DCA8CA60DF4643C9F,graphics/source/sprites/WPMH6SA.bam
supplemental:sprites:object-animation-bam:WPMH6SAE,sprites,object-animation-bam,WPMH6SAE,BAMC,V1,12,8,data/OBJAnim.bif,0x0020024E,1662,3968878A3B181FB888AFA936AB56DFF4D4F734308FD685B2AD5CB65E4B22B34F,graphics/source/sprites/WPMH6SAE.bam
supplemental:sprites:object-animation-bam:WPMH6SX,sprites,object-animation-bam,WPMH6SX,BAMC,V1,15,8,data/OBJAnim.bif,0x0020024F,1980,117474AA02972A05D49654ECF39990FF8842C937F58631DF6AE490E45967D7FF,graphics/source/sprites/WPMH6SX.bam
supplemental:sprites:object-animation-bam:WPMH6SXE,sprites,object-animation-bam,WPMH6SXE,BAMC,V1,9,8,data/OBJAnim.bif,0x00200250,1464,EB44BC518A59E6B8BF8A2B2BC414896A1DF16CE643148918D72F3C01B6BF9BA6,graphics/source/sprites/WPMH6SXE.bam
supplemental:sprites:object-animation-bam:WPMH6W2,sprites,object-animation-bam,WPMH6W2,BAMC,V1,50,8,data/OBJAnim.bif,0x00200251,4416,22D7707EC06F7B7DF914A7B9BC7A1FEB0A0262AE428BEE190CDEC3453AEEC8FF,graphics/source/sprites/WPMH6W2.bam
supplemental:sprites:object-animation-bam:WPMH6W2E,sprites,object-animation-bam,WPMH6W2E,BAMC,V1,30,8,data/OBJAnim.bif,0x00200252,2693,8B3EA968120881D9B8BD914C9C14024385D912D14F1F2F69F37AFCE959ADE152,graphics/source/sprites/WPMH6W2E.bam
supplemental:sprites:object-animation-bam:WPMH7A1,sprites,object-animation-bam,WPMH7A1,BAMC,V1,50,15,data/OBJAnim.bif,0x00200253,5212,5D80610A73EB1D0D24BEC6D06E229A12CB3AF2866D24AA3C9338E1DC0CB7B7C9,graphics/source/sprites/WPMH7A1.bam
supplemental:sprites:object-animation-bam:WPMH7A1E,sprites,object-animation-bam,WPMH7A1E,BAMC,V1,30,16,data/OBJAnim.bif,0x00200254,3498,ADFA405EBD6FB9C3FA76E89F1F7DF559DA0BDC567FAB28594675D25572DC1419,graphics/source/sprites/WPMH7A1E.bam
supplemental:sprites:object-animation-bam:WPMH7A2,sprites,object-animation-bam,WPMH7A2,BAMC,V1,50,8,data/OBJAnim.bif,0x00200255,5077,7EA1F0A75FC08808D7D97EA0006040061BAE2878D7CD389D8E586B2C24636190,graphics/source/sprites/WPMH7A2.bam
supplemental:sprites:object-animation-bam:WPMH7A2E,sprites,object-animation-bam,WPMH7A2E,BAMC,V1,30,8,data/OBJAnim.bif,0x00200256,3377,018979D961E0D9C64961EB68038D1D1F8D46CDDEDC9A678D6889DD737F964AE9,graphics/source/sprites/WPMH7A2E.bam
supplemental:sprites:object-animation-bam:WPMH7A3,sprites,object-animation-bam,WPMH7A3,BAMC,V1,50,8,data/OBJAnim.bif,0x00200257,5123,A364295313D930B974A3BD6C56E6C0BBC5D214BA13E79F1AFE23EE8E90B57C24,graphics/source/sprites/WPMH7A3.bam
supplemental:sprites:object-animation-bam:WPMH7A3E,sprites,object-animation-bam,WPMH7A3E,BAMC,V1,30,8,data/OBJAnim.bif,0x00200258,3314,B3154F14D8CCFFEB1B03CA16C3A42BBE2B534E3851AA62E61DE3B63DDB20F940,graphics/source/sprites/WPMH7A3E.bam
supplemental:sprites:object-animation-bam:WPMH7A4,sprites,object-animation-bam,WPMH7A4,BAMC,V1,50,8,data/OBJAnim.bif,0x00200259,5127,BF3E637193A8454FEF57C073E056BCE2B1BAC0827E02E1B64C128053C9D68DC5,graphics/source/sprites/WPMH7A4.bam
supplemental:sprites:object-animation-bam:WPMH7A4E,sprites,object-animation-bam,WPMH7A4E,BAMC,V1,30,8,data/OBJAnim.bif,0x0020025A,3263,C48E026EEDB2486C6A7FA135DF0A97CDF8065B3D60D4A0CDEFA237C28C7096E3,graphics/source/sprites/WPMH7A4E.bam
supplemental:sprites:object-animation-bam:WPMH7A5,sprites,object-animation-bam,WPMH7A5,BAMC,V1,30,8,data/OBJAnim.bif,0x0020025B,3375,A528DB4219B9E8E901077E007FF6849B60F36B5992015F69D40FFC087BFE922E,graphics/source/sprites/WPMH7A5.bam
supplemental:sprites:object-animation-bam:WPMH7A5E,sprites,object-animation-bam,WPMH7A5E,BAMC,V1,18,8,data/OBJAnim.bif,0x0020025C,2281,149CC90EC05224A9905DE5BBE7ADFAFC1682AFA9627420182DA3657202A88A25,graphics/source/sprites/WPMH7A5E.bam
supplemental:sprites:object-animation-bam:WPMH7A6,sprites,object-animation-bam,WPMH7A6,BAMC,V1,40,8,data/OBJAnim.bif,0x0020025D,4214,C59F46152121C854C0B3CD7D8F8E09709039951D0842709A5A1D4700828B6D2B,graphics/source/sprites/WPMH7A6.bam
supplemental:sprites:object-animation-bam:WPMH7A6E,sprites,object-animation-bam,WPMH7A6E,BAMC,V1,24,8,data/OBJAnim.bif,0x0020025E,2788,5A5C1CCB4C760C9911B82A1FB6355484D03FB7A40E610B01571925B48BBBC527,graphics/source/sprites/WPMH7A6E.bam
supplemental:sprites:object-animation-bam:WPMH7CA,sprites,object-animation-bam,WPMH7CA,BAMC,V1,50,64,data/OBJAnim.bif,0x0020025F,5530,7607B963A9C8548607A7243AACA89A37CACB855D4235BE3B45B7075564EA49D6,graphics/source/sprites/WPMH7CA.bam
supplemental:sprites:object-animation-bam:WPMH7CAE,sprites,object-animation-bam,WPMH7CAE,BAMC,V1,30,64,data/OBJAnim.bif,0x00200260,3577,06EF8C0B0179212C5F90C4D02887E363376B1ACF0FB7822F6CF99E4863995168,graphics/source/sprites/WPMH7CAE.bam
supplemental:sprites:object-animation-bam:WPMH7G1,sprites,object-animation-bam,WPMH7G1,BAMC,V1,180,72,data/OBJAnim.bif,0x00200261,15068,2C7C0B2C80C8AECB6E0467AB1D670C88FF5415E034FA66959BC5DE9007A4D6AE,graphics/source/sprites/WPMH7G1.bam
supplemental:sprites:object-animation-bam:WPMH7G1E,sprites,object-animation-bam,WPMH7G1E,BAMC,V1,108,72,data/OBJAnim.bif,0x00200262,9345,9F686FB941275F8F93F98E15F03DFD6124FB5302308C4D370884B7FD7E42DC9D,graphics/source/sprites/WPMH7G1E.bam
supplemental:sprites:paperdoll-animation-bam:WPMH7INV,sprites,paperdoll-animation-bam,WPMH7INV,BAMC,V1,2,3,data/PaperDol.bif,0x062003DA,1060,4D6C5C0A7268772529C02D96EC73E080207F962E3B534495AE8D491C94FDBDE4,graphics/source/sprites/WPMH7INV.bam
supplemental:sprites:object-animation-bam:WPMH7SA,sprites,object-animation-bam,WPMH7SA,BAMC,V1,20,8,data/OBJAnim.bif,0x00200263,2603,5217EDC9C77C3EB88555470ACF7EE54D22EA62AACD633DF9F958AA363D411D1D,graphics/source/sprites/WPMH7SA.bam
supplemental:sprites:object-animation-bam:WPMH7SAE,sprites,object-animation-bam,WPMH7SAE,BAMC,V1,12,8,data/OBJAnim.bif,0x00200264,1848,1B00456D35B4B4200802EA35FDB31EF1A153D0D03412178D593EF2C454F94729,graphics/source/sprites/WPMH7SAE.bam
supplemental:sprites:object-animation-bam:WPMH7SX,sprites,object-animation-bam,WPMH7SX,BAMC,V1,15,8,data/OBJAnim.bif,0x00200265,2102,64420CC680E5ECEB1B0AFDEDB434C1CACBDD0DA4D9082E1CE22A331B7061598A,graphics/source/sprites/WPMH7SX.bam
supplemental:sprites:object-animation-bam:WPMH7SXE,sprites,object-animation-bam,WPMH7SXE,BAMC,V1,9,8,data/OBJAnim.bif,0x00200266,1555,4BEE8FB813420C87AF8313D068B4F3B42E53E2F8985311535946BB6714C89F39,graphics/source/sprites/WPMH7SXE.bam
supplemental:sprites:object-animation-bam:WPMH7W2,sprites,object-animation-bam,WPMH7W2,BAMC,V1,50,8,data/OBJAnim.bif,0x00200267,4441,CF63E1283A9E5030F5642C40A3DF450F84C912358947EC54A3D4E5934E3F1416,graphics/source/sprites/WPMH7W2.bam
supplemental:sprites:object-animation-bam:WPMH7W2E,sprites,object-animation-bam,WPMH7W2E,BAMC,V1,30,8,data/OBJAnim.bif,0x00200268,2848,97298763ABA0C1DCC9E769F7FABDF1518F7E24F6837EAFB8D4BE593CB8552E57,graphics/source/sprites/WPMH7W2E.bam
supplemental:sprites:object-animation-bam:WPMHBA2,sprites,object-animation-bam,WPMHBA2,BAMC,V1,50,8,data/OBJAnim.bif,0x00200269,8730,A54B9EA72E33398F823F7430C8130CB623A2E0DA8F8132D99FB5CC15CF279AC0,graphics/source/sprites/WPMHBA2.bam
supplemental:sprites:object-animation-bam:WPMHBA2E,sprites,object-animation-bam,WPMHBA2E,BAMC,V1,30,8,data/OBJAnim.bif,0x0020026A,5232,44CFC75E9CACDB28AB54174937E30AC2DE19054EC4E2D7217222AA46BAB5B535,graphics/source/sprites/WPMHBA2E.bam
supplemental:sprites:object-animation-bam:WPMHBA4,sprites,object-animation-bam,WPMHBA4,BAMC,V1,50,8,data/OBJAnim.bif,0x0020026B,8175,F62E6582DF6F2D9EBF55F6908474D76FB40AE03143D6DE291C8D1E5AF6ECFE32,graphics/source/sprites/WPMHBA4.bam
supplemental:sprites:object-animation-bam:WPMHBA4E,sprites,object-animation-bam,WPMHBA4E,BAMC,V1,30,8,data/OBJAnim.bif,0x0020026C,5590,8329A5DDB2F40FA6AB928B5FBFC3EEF2261D8C1C0354967A855372E35018D6C5,graphics/source/sprites/WPMHBA4E.bam
supplemental:sprites:object-animation-bam:WPMHBA6,sprites,object-animation-bam,WPMHBA6,BAMC,V1,40,8,data/OBJAnim.bif,0x0020026D,6808,64B00CAAC195C257259717266AF9CC5FBC6A880549ACB0A541CD969B1A9D0C92,graphics/source/sprites/WPMHBA6.bam
supplemental:sprites:object-animation-bam:WPMHBA6E,sprites,object-animation-bam,WPMHBA6E,BAMC,V1,24,8,data/OBJAnim.bif,0x0020026E,3884,A29AB8EAA40274FBD8898E297B2500A7B3B3A94F633230EA9D8D8E0758D57602,graphics/source/sprites/WPMHBA6E.bam
supplemental:sprites:object-animation-bam:WPMHBG1,sprites,object-animation-bam,WPMHBG1,BAMC,V1,180,72,data/OBJAnim.bif,0x0020026F,24540,AB5108C6F5FD77867F644CF9B14FF4FC7043AF69D77EECF80DF9EE3217ABC5CC,graphics/source/sprites/WPMHBG1.bam
supplemental:sprites:object-animation-bam:WPMHBG1E,sprites,object-animation-bam,WPMHBG1E,BAMC,V1,108,72,data/OBJAnim.bif,0x00200270,16870,E27699012813EF20B0213D89A718B2183FFFC789777D92F6B7E3D4D617D8A19D,graphics/source/sprites/WPMHBG1E.bam
supplemental:sprites:paperdoll-animation-bam:WPMHBINV,sprites,paperdoll-animation-bam,WPMHBINV,BAM,V1,2,1,data/PaperDol.bif,0x062003DB,2317,509B7C25009D5C9905EC8656D77B483E257BF24824B1D34E29E15ACC7D8D4412,graphics/source/sprites/WPMHBINV.bam
supplemental:sprites:object-animation-bam:WPMHBW2,sprites,object-animation-bam,WPMHBW2,BAMC,V1,50,8,data/OBJAnim.bif,0x00200271,7096,41CF2B80EFACD93A02884B8ED998EEEF50E65853C14B0AACF6C6A78532A5302F,graphics/source/sprites/WPMHBW2.bam
supplemental:sprites:object-animation-bam:WPMHBW2E,sprites,object-animation-bam,WPMHBW2E,BAMC,V1,30,8,data/OBJAnim.bif,0x00200272,5387,8B155075CB06F04463EC41566962E639877A84EB057478E8B6687531DFB7B005,graphics/source/sprites/WPMHBW2E.bam
supplemental:sprites:paperdoll-animation-bam:WPMJ0A1,sprites,paperdoll-animation-bam,WPMJ0A1,BAMC,V1,50,16,data/PaperDol.bif,0x062003DC,5099,D5C6B3E8D8AE2674017A26576FD7DA281900F75FD5187DC29956E3944163DDFB,graphics/source/sprites/WPMJ0A1.bam
supplemental:sprites:paperdoll-animation-bam:WPMJ0A1E,sprites,paperdoll-animation-bam,WPMJ0A1E,BAMC,V1,30,16,data/PaperDol.bif,0x062003DD,3455,256B04B15077069697653320076BA76E4E2CF9F3228E6D534DDC556DC6028877,graphics/source/sprites/WPMJ0A1E.bam
supplemental:sprites:paperdoll-animation-bam:WPMJ0A2,sprites,paperdoll-animation-bam,WPMJ0A2,BAMC,V1,50,8,data/PaperDol.bif,0x062003DE,5077,7EA1F0A75FC08808D7D97EA0006040061BAE2878D7CD389D8E586B2C24636190,graphics/source/sprites/WPMJ0A2.bam
supplemental:sprites:paperdoll-animation-bam:WPMJ0A2E,sprites,paperdoll-animation-bam,WPMJ0A2E,BAMC,V1,30,8,data/PaperDol.bif,0x062003DF,3377,018979D961E0D9C64961EB68038D1D1F8D46CDDEDC9A678D6889DD737F964AE9,graphics/source/sprites/WPMJ0A2E.bam
supplemental:sprites:paperdoll-animation-bam:WPMJ0A3,sprites,paperdoll-animation-bam,WPMJ0A3,BAMC,V1,50,8,data/PaperDol.bif,0x062003E0,5123,A364295313D930B974A3BD6C56E6C0BBC5D214BA13E79F1AFE23EE8E90B57C24,graphics/source/sprites/WPMJ0A3.bam
supplemental:sprites:paperdoll-animation-bam:WPMJ0A3E,sprites,paperdoll-animation-bam,WPMJ0A3E,BAMC,V1,30,8,data/PaperDol.bif,0x062003E1,3314,B3154F14D8CCFFEB1B03CA16C3A42BBE2B534E3851AA62E61DE3B63DDB20F940,graphics/source/sprites/WPMJ0A3E.bam
supplemental:sprites:paperdoll-animation-bam:WPMJ0A4,sprites,paperdoll-animation-bam,WPMJ0A4,BAMC,V1,50,8,data/PaperDol.bif,0x062003E2,5127,BF3E637193A8454FEF57C073E056BCE2B1BAC0827E02E1B64C128053C9D68DC5,graphics/source/sprites/WPMJ0A4.bam
supplemental:sprites:paperdoll-animation-bam:WPMJ0A4E,sprites,paperdoll-animation-bam,WPMJ0A4E,BAMC,V1,30,8,data/PaperDol.bif,0x062003E3,3263,C48E026EEDB2486C6A7FA135DF0A97CDF8065B3D60D4A0CDEFA237C28C7096E3,graphics/source/sprites/WPMJ0A4E.bam
supplemental:sprites:paperdoll-animation-bam:WPMJ0A5,sprites,paperdoll-animation-bam,WPMJ0A5,BAMC,V1,30,8,data/PaperDol.bif,0x062003E4,3375,A528DB4219B9E8E901077E007FF6849B60F36B5992015F69D40FFC087BFE922E,graphics/source/sprites/WPMJ0A5.bam
supplemental:sprites:paperdoll-animation-bam:WPMJ0A5E,sprites,paperdoll-animation-bam,WPMJ0A5E,BAMC,V1,18,8,data/PaperDol.bif,0x062003E5,2281,149CC90EC05224A9905DE5BBE7ADFAFC1682AFA9627420182DA3657202A88A25,graphics/source/sprites/WPMJ0A5E.bam
supplemental:sprites:paperdoll-animation-bam:WPMJ0A6,sprites,paperdoll-animation-bam,WPMJ0A6,BAMC,V1,40,8,data/PaperDol.bif,0x062003E6,4214,C59F46152121C854C0B3CD7D8F8E09709039951D0842709A5A1D4700828B6D2B,graphics/source/sprites/WPMJ0A6.bam
supplemental:sprites:paperdoll-animation-bam:WPMJ0A6E,sprites,paperdoll-animation-bam,WPMJ0A6E,BAMC,V1,24,8,data/PaperDol.bif,0x062003E7,2788,5A5C1CCB4C760C9911B82A1FB6355484D03FB7A40E610B01571925B48BBBC527,graphics/source/sprites/WPMJ0A6E.bam
supplemental:sprites:paperdoll-animation-bam:WPMJ0CA,sprites,paperdoll-animation-bam,WPMJ0CA,BAMC,V1,50,64,data/PaperDol.bif,0x062003E8,5530,7607B963A9C8548607A7243AACA89A37CACB855D4235BE3B45B7075564EA49D6,graphics/source/sprites/WPMJ0CA.bam
supplemental:sprites:paperdoll-animation-bam:WPMJ0CAE,sprites,paperdoll-animation-bam,WPMJ0CAE,BAMC,V1,30,64,data/PaperDol.bif,0x062003E9,3577,06EF8C0B0179212C5F90C4D02887E363376B1ACF0FB7822F6CF99E4863995168,graphics/source/sprites/WPMJ0CAE.bam
supplemental:sprites:paperdoll-animation-bam:WPMJ0G1,sprites,paperdoll-animation-bam,WPMJ0G1,BAMC,V1,180,72,data/PaperDol.bif,0x062003EA,15068,2C7C0B2C80C8AECB6E0467AB1D670C88FF5415E034FA66959BC5DE9007A4D6AE,graphics/source/sprites/WPMJ0G1.bam
supplemental:sprites:paperdoll-animation-bam:WPMJ0G1E,sprites,paperdoll-animation-bam,WPMJ0G1E,BAMC,V1,108,72,data/PaperDol.bif,0x062003EB,9345,9F686FB941275F8F93F98E15F03DFD6124FB5302308C4D370884B7FD7E42DC9D,graphics/source/sprites/WPMJ0G1E.bam
supplemental:sprites:paperdoll-animation-bam:WPMJ0INV,sprites,paperdoll-animation-bam,WPMJ0INV,BAM,V1,2,1,data/PaperDol.bif,0x062003EC,1493,BC9FB09E9488BDAA552C45BE1065E9272B537B45C0F61B455BD53376AD7C9D18,graphics/source/sprites/WPMJ0INV.bam
supplemental:sprites:paperdoll-animation-bam:WPMJ0SA,sprites,paperdoll-animation-bam,WPMJ0SA,BAMC,V1,20,8,data/PaperDol.bif,0x062003ED,2603,5217EDC9C77C3EB88555470ACF7EE54D22EA62AACD633DF9F958AA363D411D1D,graphics/source/sprites/WPMJ0SA.bam
supplemental:sprites:paperdoll-animation-bam:WPMJ0SAE,sprites,paperdoll-animation-bam,WPMJ0SAE,BAMC,V1,12,8,data/PaperDol.bif,0x062003EE,1848,1B00456D35B4B4200802EA35FDB31EF1A153D0D03412178D593EF2C454F94729,graphics/source/sprites/WPMJ0SAE.bam
supplemental:sprites:paperdoll-animation-bam:WPMJ0SX,sprites,paperdoll-animation-bam,WPMJ0SX,BAMC,V1,15,8,data/PaperDol.bif,0x062003EF,2102,64420CC680E5ECEB1B0AFDEDB434C1CACBDD0DA4D9082E1CE22A331B7061598A,graphics/source/sprites/WPMJ0SX.bam
supplemental:sprites:paperdoll-animation-bam:WPMJ0SXE,sprites,paperdoll-animation-bam,WPMJ0SXE,BAMC,V1,9,8,data/PaperDol.bif,0x062003F0,1555,4BEE8FB813420C87AF8313D068B4F3B42E53E2F8985311535946BB6714C89F39,graphics/source/sprites/WPMJ0SXE.bam
supplemental:sprites:paperdoll-animation-bam:WPMJ0W2,sprites,paperdoll-animation-bam,WPMJ0W2,BAMC,V1,50,8,data/PaperDol.bif,0x062003F1,4441,CF63E1283A9E5030F5642C40A3DF450F84C912358947EC54A3D4E5934E3F1416,graphics/source/sprites/WPMJ0W2.bam
supplemental:sprites:paperdoll-animation-bam:WPMJ0W2E,sprites,paperdoll-animation-bam,WPMJ0W2E,BAMC,V1,30,8,data/PaperDol.bif,0x062003F2,2848,97298763ABA0C1DCC9E769F7FABDF1518F7E24F6837EAFB8D4BE593CB8552E57,graphics/source/sprites/WPMJ0W2E.bam
supplemental:sprites:paperdoll-animation-bam:WPMJ1A1,sprites,paperdoll-animation-bam,WPMJ1A1,BAMC,V1,50,16,data/PaperDol.bif,0x062003F3,4430,82C2C9E824BA54A65F48BC5D2A5597E0DE5FBC206272D0E824F8328D5D921402,graphics/source/sprites/WPMJ1A1.bam
supplemental:sprites:paperdoll-animation-bam:WPMJ1A1E,sprites,paperdoll-animation-bam,WPMJ1A1E,BAMC,V1,30,16,data/PaperDol.bif,0x062003F4,2914,D8A7B51F4D70B97109F08B2073CD47E6F1039FD8D541D057FB7DFE4182634F11,graphics/source/sprites/WPMJ1A1E.bam
supplemental:sprites:paperdoll-animation-bam:WPMJ1A2,sprites,paperdoll-animation-bam,WPMJ1A2,BAMC,V1,50,8,data/PaperDol.bif,0x062003F5,4441,05A0BBE437E621A25B51202A990E86AF1B51479E375452A6BD007151ED5C6FA8,graphics/source/sprites/WPMJ1A2.bam
supplemental:sprites:paperdoll-animation-bam:WPMJ1A2E,sprites,paperdoll-animation-bam,WPMJ1A2E,BAMC,V1,30,8,data/PaperDol.bif,0x062003F6,2825,EA8B438F72E158998385953FE1E9B2A56211EC36DFCE5DDB546B0D8D3B4DC454,graphics/source/sprites/WPMJ1A2E.bam
supplemental:sprites:paperdoll-animation-bam:WPMJ1A3,sprites,paperdoll-animation-bam,WPMJ1A3,BAMC,V1,50,8,data/PaperDol.bif,0x062003F7,4310,28AAAEF991C577AC5E7E319D7D329D18BAECD15964A21B6FB9F509EEDB78DFC0,graphics/source/sprites/WPMJ1A3.bam
supplemental:sprites:paperdoll-animation-bam:WPMJ1A3E,sprites,paperdoll-animation-bam,WPMJ1A3E,BAMC,V1,30,8,data/PaperDol.bif,0x062003F8,2849,37F04980D714B604B4FDABC181753F06FBEE440007E17A0BD6BC3BB7F180C8F8,graphics/source/sprites/WPMJ1A3E.bam
supplemental:sprites:paperdoll-animation-bam:WPMJ1A4,sprites,paperdoll-animation-bam,WPMJ1A4,BAMC,V1,50,8,data/PaperDol.bif,0x062003F9,4280,906D297FA730BE4D211CF0D50E040341D7E642AB5597B46C56E85BC9FA614EF5,graphics/source/sprites/WPMJ1A4.bam
supplemental:sprites:paperdoll-animation-bam:WPMJ1A4E,sprites,paperdoll-animation-bam,WPMJ1A4E,BAMC,V1,30,8,data/PaperDol.bif,0x062003FA,2823,24E8BFE62719940221A09708F702AA01EDABD961D8825FAB795DF2D70F4F4BDD,graphics/source/sprites/WPMJ1A4E.bam
supplemental:sprites:paperdoll-animation-bam:WPMJ1A5,sprites,paperdoll-animation-bam,WPMJ1A5,BAMC,V1,30,8,data/PaperDol.bif,0x062003FB,2915,23A27D46335F6EA3E5481A25C22E80C7AD05A4018D220CB738B516CD77012B10,graphics/source/sprites/WPMJ1A5.bam
supplemental:sprites:paperdoll-animation-bam:WPMJ1A5E,sprites,paperdoll-animation-bam,WPMJ1A5E,BAMC,V1,18,8,data/PaperDol.bif,0x062003FC,2013,59BAD9DE0C133AE09294D8DA4969D8A7821D049B1E087EDE8C5E3DA4DDD23598,graphics/source/sprites/WPMJ1A5E.bam
supplemental:sprites:paperdoll-animation-bam:WPMJ1A6,sprites,paperdoll-animation-bam,WPMJ1A6,BAMC,V1,40,8,data/PaperDol.bif,0x062003FD,3574,80D7E683AB143ED25DBEAC0559A296A41D1A8DE4202742AA3745714A4409C0F6,graphics/source/sprites/WPMJ1A6.bam
supplemental:sprites:paperdoll-animation-bam:WPMJ1A6E,sprites,paperdoll-animation-bam,WPMJ1A6E,BAMC,V1,24,8,data/PaperDol.bif,0x062003FE,2413,AE48EB41C5FCCB07728F3463CBE23841C81A212857D67CA30B876E81D992B3AD,graphics/source/sprites/WPMJ1A6E.bam
supplemental:sprites:paperdoll-animation-bam:WPMJ1CA,sprites,paperdoll-animation-bam,WPMJ1CA,BAMC,V1,50,62,data/PaperDol.bif,0x062003FF,4634,763ACAFF121A0E0AF8FDA3BCC2096C674C1F2D780F9E3D2718C3F864EF2AACCD,graphics/source/sprites/WPMJ1CA.bam
supplemental:sprites:paperdoll-animation-bam:WPMJ1CAE,sprites,paperdoll-animation-bam,WPMJ1CAE,BAMC,V1,30,64,data/PaperDol.bif,0x06200400,3114,F2E35E704699D0B513CF06ABC764BF3B1D9551AD78EB3910092DBEF477D536A5,graphics/source/sprites/WPMJ1CAE.bam
supplemental:sprites:paperdoll-animation-bam:WPMJ1G1,sprites,paperdoll-animation-bam,WPMJ1G1,BAMC,V1,180,72,data/PaperDol.bif,0x06200401,12953,DC2B7F516EE833A2EF5B480D2F4DA0999D403F2CD571228478D2E9A00DD93C58,graphics/source/sprites/WPMJ1G1.bam
supplemental:sprites:paperdoll-animation-bam:WPMJ1G1E,sprites,paperdoll-animation-bam,WPMJ1G1E,BAMC,V1,108,72,data/PaperDol.bif,0x06200402,7982,B49255CC9817EC1D3480E712CD230C61F9454DF17AC00CFEDCC9F0B3FE981987,graphics/source/sprites/WPMJ1G1E.bam
supplemental:sprites:paperdoll-animation-bam:WPMJ1INV,sprites,paperdoll-animation-bam,WPMJ1INV,BAM,V1,2,1,data/PaperDol.bif,0x06200403,1872,E85A57E06A5EC5A1A063CC7AD853948255DEC422B1023A9D7E32A54FCCFAE0D4,graphics/source/sprites/WPMJ1INV.bam
supplemental:sprites:paperdoll-animation-bam:WPMJ1SA,sprites,paperdoll-animation-bam,WPMJ1SA,BAMC,V1,20,8,data/PaperDol.bif,0x06200404,2344,65CF5EC6E1B4804DFFFCCCC33B4A965A667E990801769A1B8C36F410E576FCA0,graphics/source/sprites/WPMJ1SA.bam
supplemental:sprites:paperdoll-animation-bam:WPMJ1SAE,sprites,paperdoll-animation-bam,WPMJ1SAE,BAMC,V1,12,8,data/PaperDol.bif,0x06200405,1579,AD061BCA189E75DC386F330F83A946B76234808EC631B8CAE1DA292611A829A7,graphics/source/sprites/WPMJ1SAE.bam
supplemental:sprites:paperdoll-animation-bam:WPMJ1SX,sprites,paperdoll-animation-bam,WPMJ1SX,BAMC,V1,15,8,data/PaperDol.bif,0x06200406,1891,70EC0EB6D3416F45310F8ADAA5CABFB358C737838FB851CD59A57251051DCD9C,graphics/source/sprites/WPMJ1SX.bam
supplemental:sprites:paperdoll-animation-bam:WPMJ1SXE,sprites,paperdoll-animation-bam,WPMJ1SXE,BAMC,V1,9,8,data/PaperDol.bif,0x06200407,1394,A1B57AB1B8935F89AAD19EF6288BCDD3F3D7FEA6CD4AFCA7595B4E066575A7D5,graphics/source/sprites/WPMJ1SXE.bam
supplemental:sprites:paperdoll-animation-bam:WPMJ1W2,sprites,paperdoll-animation-bam,WPMJ1W2,BAMC,V1,50,8,data/PaperDol.bif,0x06200408,4017,A9B700C78CF6CCAD03577082A21175F10A7582B42194D595E2812C4C1102A2A2,graphics/source/sprites/WPMJ1W2.bam
supplemental:sprites:paperdoll-animation-bam:WPMJ1W2E,sprites,paperdoll-animation-bam,WPMJ1W2E,BAMC,V1,30,8,data/PaperDol.bif,0x06200409,2520,4CDD9EEB6A24CAAF70BEC66EFFE1B65A66505DE51B3E13CA5603E45B4E48648B,graphics/source/sprites/WPMJ1W2E.bam
supplemental:sprites:paperdoll-animation-bam:WPMJ2A1,sprites,paperdoll-animation-bam,WPMJ2A1,BAMC,V1,50,16,data/PaperDol.bif,0x0620040A,4173,B2B3590C44E08851EAF569DB4280DA3BAD3148EADBFA17D0972E6CC05D5E82BC,graphics/source/sprites/WPMJ2A1.bam
supplemental:sprites:paperdoll-animation-bam:WPMJ2A1E,sprites,paperdoll-animation-bam,WPMJ2A1E,BAMC,V1,30,16,data/PaperDol.bif,0x0620040B,2823,0980E21C1514210F1D277BA9192BABFF286D450114CC920AF135FA62D31C069F,graphics/source/sprites/WPMJ2A1E.bam
supplemental:sprites:paperdoll-animation-bam:WPMJ2A2,sprites,paperdoll-animation-bam,WPMJ2A2,BAMC,V1,50,8,data/PaperDol.bif,0x0620040C,4117,9B5E1A145C87A704D8EF0C225DCF6F2341F9B46F91662C4149EC1955E18FDD09,graphics/source/sprites/WPMJ2A2.bam
supplemental:sprites:paperdoll-animation-bam:WPMJ2A2E,sprites,paperdoll-animation-bam,WPMJ2A2E,BAMC,V1,30,8,data/PaperDol.bif,0x0620040D,2793,D719372C7EFE9C803220D40E554CAB086A4C9C22915ADFA819EE7BEDF424B141,graphics/source/sprites/WPMJ2A2E.bam
supplemental:sprites:paperdoll-animation-bam:WPMJ2A3,sprites,paperdoll-animation-bam,WPMJ2A3,BAMC,V1,50,8,data/PaperDol.bif,0x0620040E,4045,295589EE224A65755832778FE9E85F50E06DE7C7DE769C2729B4F52CE1585B7B,graphics/source/sprites/WPMJ2A3.bam
supplemental:sprites:paperdoll-animation-bam:WPMJ2A3E,sprites,paperdoll-animation-bam,WPMJ2A3E,BAMC,V1,30,8,data/PaperDol.bif,0x0620040F,2816,9DC7B7F1A4F417192525FC1486C225A634A98C17483482C7DBDD169136C43FF1,graphics/source/sprites/WPMJ2A3E.bam
supplemental:sprites:paperdoll-animation-bam:WPMJ2A4,sprites,paperdoll-animation-bam,WPMJ2A4,BAMC,V1,50,8,data/PaperDol.bif,0x06200410,4019,626C60218359F4F83313A6F8451D67EB99D9C484883E969DB11F8F81E7C79C18,graphics/source/sprites/WPMJ2A4.bam
supplemental:sprites:paperdoll-animation-bam:WPMJ2A4E,sprites,paperdoll-animation-bam,WPMJ2A4E,BAMC,V1,30,8,data/PaperDol.bif,0x06200411,2793,9A55D53ECFEB3D6FC9BF9A6B76B284E0AEEB2CAD8528A66973C009FA21B6C737,graphics/source/sprites/WPMJ2A4E.bam
supplemental:sprites:paperdoll-animation-bam:WPMJ2A5,sprites,paperdoll-animation-bam,WPMJ2A5,BAMC,V1,30,8,data/PaperDol.bif,0x06200412,2726,171689B69076E13FF7E1CB0E2751B5452FAAA73EF123A981E1B5D9913A7090C1,graphics/source/sprites/WPMJ2A5.bam
supplemental:sprites:paperdoll-animation-bam:WPMJ2A5E,sprites,paperdoll-animation-bam,WPMJ2A5E,BAMC,V1,18,8,data/PaperDol.bif,0x06200413,1986,655D06219EFA655EA4A1B6C1D795662707EEA2766D4D8DE5AF9EF2D8CC34E516,graphics/source/sprites/WPMJ2A5E.bam
supplemental:sprites:paperdoll-animation-bam:WPMJ2A6,sprites,paperdoll-animation-bam,WPMJ2A6,BAMC,V1,40,8,data/PaperDol.bif,0x06200414,3449,DFF9A3FC82E902A9C02402BBB86A7218492ABE930484E589C84D94E1AF84A9F2,graphics/source/sprites/WPMJ2A6.bam
supplemental:sprites:paperdoll-animation-bam:WPMJ2A6E,sprites,paperdoll-animation-bam,WPMJ2A6E,BAMC,V1,24,8,data/PaperDol.bif,0x06200415,2430,F0CCD1F0739BB9C674E680FECB4A57465F48F90320365A491B406CF031924832,graphics/source/sprites/WPMJ2A6E.bam
supplemental:sprites:paperdoll-animation-bam:WPMJ2CA,sprites,paperdoll-animation-bam,WPMJ2CA,BAMC,V1,50,62,data/PaperDol.bif,0x06200416,4530,7137FB2C917B46D3389949FF9991B7348EA3C5645F73BFEAF6ABE789247BED83,graphics/source/sprites/WPMJ2CA.bam
supplemental:sprites:paperdoll-animation-bam:WPMJ2CAE,sprites,paperdoll-animation-bam,WPMJ2CAE,BAMC,V1,30,64,data/PaperDol.bif,0x06200417,3130,6EA032F0930315ABD1D58A4D868309200CE472F5D2987B563A6049ED665DC3B9,graphics/source/sprites/WPMJ2CAE.bam
supplemental:sprites:paperdoll-animation-bam:WPMJ2G1,sprites,paperdoll-animation-bam,WPMJ2G1,BAMC,V1,180,72,data/PaperDol.bif,0x06200418,12182,FDE8422B3C5D8E31BA61715D8A8ABE5AA3C48363DEA9A77ABCF64F11D0B289AE,graphics/source/sprites/WPMJ2G1.bam
supplemental:sprites:paperdoll-animation-bam:WPMJ2G1E,sprites,paperdoll-animation-bam,WPMJ2G1E,BAMC,V1,108,72,data/PaperDol.bif,0x06200419,7681,339C8214343BC22CC35CD37D5AD746FA25E4A01E4A083130DBB575464E4E5B95,graphics/source/sprites/WPMJ2G1E.bam
supplemental:sprites:paperdoll-animation-bam:WPMJ2INV,sprites,paperdoll-animation-bam,WPMJ2INV,BAM,V1,2,1,data/PaperDol.bif,0x0620041A,2079,BC78D09F2350B2F1BB635226DAA2099544BFA6613EB2FD8C72C54EA23440099F,graphics/source/sprites/WPMJ2INV.bam
supplemental:sprites:paperdoll-animation-bam:WPMJ2SA,sprites,paperdoll-animation-bam,WPMJ2SA,BAMC,V1,20,8,data/PaperDol.bif,0x0620041B,2162,BCE70FB60E558EE9F1D64EC98E6B797E84AE7F12C841F3B7163CC83C66002352,graphics/source/sprites/WPMJ2SA.bam
supplemental:sprites:paperdoll-animation-bam:WPMJ2SAE,sprites,paperdoll-animation-bam,WPMJ2SAE,BAMC,V1,12,8,data/PaperDol.bif,0x0620041C,1599,AE24EFC61829D98DEACF95961905D4DC5FD0BDBAB07B57473839A4B71824E654,graphics/source/sprites/WPMJ2SAE.bam
supplemental:sprites:paperdoll-animation-bam:WPMJ2SX,sprites,paperdoll-animation-bam,WPMJ2SX,BAMC,V1,15,8,data/PaperDol.bif,0x0620041D,1763,942BBD01F9701FBB97F26E197324B57B956202263CFDC1761F0C44B715692112,graphics/source/sprites/WPMJ2SX.bam
supplemental:sprites:paperdoll-animation-bam:WPMJ2SXE,sprites,paperdoll-animation-bam,WPMJ2SXE,BAMC,V1,9,8,data/PaperDol.bif,0x0620041E,1376,7BF3EAA76DF8392C361CA3357D5BC22A00F1FFFFF9265E75E38D953C1883393F,graphics/source/sprites/WPMJ2SXE.bam
supplemental:sprites:paperdoll-animation-bam:WPMJ2W2,sprites,paperdoll-animation-bam,WPMJ2W2,BAMC,V1,50,8,data/PaperDol.bif,0x0620041F,3731,432FD5F442938353B725C2F3A63CC64271AAA2561FF2639E590118CF1C3D5086,graphics/source/sprites/WPMJ2W2.bam
supplemental:sprites:paperdoll-animation-bam:WPMJ2W2E,sprites,paperdoll-animation-bam,WPMJ2W2E,BAMC,V1,30,8,data/PaperDol.bif,0x06200420,2533,6CEB5AE66A52E09914D45601F5BBD134BC48E077A39E49C5C39AD938814BB99E,graphics/source/sprites/WPMJ2W2E.bam
supplemental:sprites:paperdoll-animation-bam:WPMJ3A1,sprites,paperdoll-animation-bam,WPMJ3A1,BAMC,V1,50,16,data/PaperDol.bif,0x06200421,5099,D5C6B3E8D8AE2674017A26576FD7DA281900F75FD5187DC29956E3944163DDFB,graphics/source/sprites/WPMJ3A1.bam
supplemental:sprites:paperdoll-animation-bam:WPMJ3A1E,sprites,paperdoll-animation-bam,WPMJ3A1E,BAMC,V1,30,16,data/PaperDol.bif,0x06200422,3455,256B04B15077069697653320076BA76E4E2CF9F3228E6D534DDC556DC6028877,graphics/source/sprites/WPMJ3A1E.bam
supplemental:sprites:paperdoll-animation-bam:WPMJ3A2,sprites,paperdoll-animation-bam,WPMJ3A2,BAMC,V1,50,8,data/PaperDol.bif,0x06200423,5077,7EA1F0A75FC08808D7D97EA0006040061BAE2878D7CD389D8E586B2C24636190,graphics/source/sprites/WPMJ3A2.bam
supplemental:sprites:paperdoll-animation-bam:WPMJ3A2E,sprites,paperdoll-animation-bam,WPMJ3A2E,BAMC,V1,30,8,data/PaperDol.bif,0x06200424,3377,018979D961E0D9C64961EB68038D1D1F8D46CDDEDC9A678D6889DD737F964AE9,graphics/source/sprites/WPMJ3A2E.bam
supplemental:sprites:paperdoll-animation-bam:WPMJ3A3,sprites,paperdoll-animation-bam,WPMJ3A3,BAMC,V1,50,8,data/PaperDol.bif,0x06200425,5123,A364295313D930B974A3BD6C56E6C0BBC5D214BA13E79F1AFE23EE8E90B57C24,graphics/source/sprites/WPMJ3A3.bam
supplemental:sprites:paperdoll-animation-bam:WPMJ3A3E,sprites,paperdoll-animation-bam,WPMJ3A3E,BAMC,V1,30,8,data/PaperDol.bif,0x06200426,3314,B3154F14D8CCFFEB1B03CA16C3A42BBE2B534E3851AA62E61DE3B63DDB20F940,graphics/source/sprites/WPMJ3A3E.bam
supplemental:sprites:paperdoll-animation-bam:WPMJ3A4,sprites,paperdoll-animation-bam,WPMJ3A4,BAMC,V1,50,8,data/PaperDol.bif,0x06200427,5127,BF3E637193A8454FEF57C073E056BCE2B1BAC0827E02E1B64C128053C9D68DC5,graphics/source/sprites/WPMJ3A4.bam
supplemental:sprites:paperdoll-animation-bam:WPMJ3A4E,sprites,paperdoll-animation-bam,WPMJ3A4E,BAMC,V1,30,8,data/PaperDol.bif,0x06200428,3263,C48E026EEDB2486C6A7FA135DF0A97CDF8065B3D60D4A0CDEFA237C28C7096E3,graphics/source/sprites/WPMJ3A4E.bam
supplemental:sprites:paperdoll-animation-bam:WPMJ3A5,sprites,paperdoll-animation-bam,WPMJ3A5,BAMC,V1,30,8,data/PaperDol.bif,0x06200429,3375,A528DB4219B9E8E901077E007FF6849B60F36B5992015F69D40FFC087BFE922E,graphics/source/sprites/WPMJ3A5.bam
supplemental:sprites:paperdoll-animation-bam:WPMJ3A5E,sprites,paperdoll-animation-bam,WPMJ3A5E,BAMC,V1,18,8,data/PaperDol.bif,0x0620042A,2281,149CC90EC05224A9905DE5BBE7ADFAFC1682AFA9627420182DA3657202A88A25,graphics/source/sprites/WPMJ3A5E.bam
supplemental:sprites:paperdoll-animation-bam:WPMJ3A6,sprites,paperdoll-animation-bam,WPMJ3A6,BAMC,V1,40,8,data/PaperDol.bif,0x0620042B,4214,C59F46152121C854C0B3CD7D8F8E09709039951D0842709A5A1D4700828B6D2B,graphics/source/sprites/WPMJ3A6.bam
supplemental:sprites:paperdoll-animation-bam:WPMJ3A6E,sprites,paperdoll-animation-bam,WPMJ3A6E,BAMC,V1,24,8,data/PaperDol.bif,0x0620042C,2788,5A5C1CCB4C760C9911B82A1FB6355484D03FB7A40E610B01571925B48BBBC527,graphics/source/sprites/WPMJ3A6E.bam
supplemental:sprites:paperdoll-animation-bam:WPMJ3CA,sprites,paperdoll-animation-bam,WPMJ3CA,BAMC,V1,50,64,data/PaperDol.bif,0x0620042D,5530,7607B963A9C8548607A7243AACA89A37CACB855D4235BE3B45B7075564EA49D6,graphics/source/sprites/WPMJ3CA.bam
supplemental:sprites:paperdoll-animation-bam:WPMJ3CAE,sprites,paperdoll-animation-bam,WPMJ3CAE,BAMC,V1,30,64,data/PaperDol.bif,0x0620042E,3577,06EF8C0B0179212C5F90C4D02887E363376B1ACF0FB7822F6CF99E4863995168,graphics/source/sprites/WPMJ3CAE.bam
supplemental:sprites:paperdoll-animation-bam:WPMJ3G1,sprites,paperdoll-animation-bam,WPMJ3G1,BAMC,V1,180,72,data/PaperDol.bif,0x0620042F,15068,2C7C0B2C80C8AECB6E0467AB1D670C88FF5415E034FA66959BC5DE9007A4D6AE,graphics/source/sprites/WPMJ3G1.bam
supplemental:sprites:paperdoll-animation-bam:WPMJ3G1E,sprites,paperdoll-animation-bam,WPMJ3G1E,BAMC,V1,108,72,data/PaperDol.bif,0x06200430,9345,9F686FB941275F8F93F98E15F03DFD6124FB5302308C4D370884B7FD7E42DC9D,graphics/source/sprites/WPMJ3G1E.bam
supplemental:sprites:paperdoll-animation-bam:WPMJ3INV,sprites,paperdoll-animation-bam,WPMJ3INV,BAM,V1,2,1,data/PaperDol.bif,0x06200431,1711,976C2CA28AF7C120645E65156E956525F320AC502323B769B84DEFFC0DA4FB2A,graphics/source/sprites/WPMJ3INV.bam
supplemental:sprites:paperdoll-animation-bam:WPMJ3SA,sprites,paperdoll-animation-bam,WPMJ3SA,BAMC,V1,20,8,data/PaperDol.bif,0x06200432,2603,5217EDC9C77C3EB88555470ACF7EE54D22EA62AACD633DF9F958AA363D411D1D,graphics/source/sprites/WPMJ3SA.bam
supplemental:sprites:paperdoll-animation-bam:WPMJ3SAE,sprites,paperdoll-animation-bam,WPMJ3SAE,BAMC,V1,12,8,data/PaperDol.bif,0x06200433,1848,1B00456D35B4B4200802EA35FDB31EF1A153D0D03412178D593EF2C454F94729,graphics/source/sprites/WPMJ3SAE.bam
supplemental:sprites:paperdoll-animation-bam:WPMJ3SX,sprites,paperdoll-animation-bam,WPMJ3SX,BAMC,V1,15,8,data/PaperDol.bif,0x06200434,2102,64420CC680E5ECEB1B0AFDEDB434C1CACBDD0DA4D9082E1CE22A331B7061598A,graphics/source/sprites/WPMJ3SX.bam
supplemental:sprites:paperdoll-animation-bam:WPMJ3SXE,sprites,paperdoll-animation-bam,WPMJ3SXE,BAMC,V1,9,8,data/PaperDol.bif,0x06200435,1555,4BEE8FB813420C87AF8313D068B4F3B42E53E2F8985311535946BB6714C89F39,graphics/source/sprites/WPMJ3SXE.bam
supplemental:sprites:paperdoll-animation-bam:WPMJ3W2,sprites,paperdoll-animation-bam,WPMJ3W2,BAMC,V1,50,8,data/PaperDol.bif,0x06200436,4441,CF63E1283A9E5030F5642C40A3DF450F84C912358947EC54A3D4E5934E3F1416,graphics/source/sprites/WPMJ3W2.bam
supplemental:sprites:paperdoll-animation-bam:WPMJ3W2E,sprites,paperdoll-animation-bam,WPMJ3W2E,BAMC,V1,30,8,data/PaperDol.bif,0x06200437,2848,97298763ABA0C1DCC9E769F7FABDF1518F7E24F6837EAFB8D4BE593CB8552E57,graphics/source/sprites/WPMJ3W2E.bam
supplemental:sprites:paperdoll-animation-bam:WPMJ4A1,sprites,paperdoll-animation-bam,WPMJ4A1,BAMC,V1,50,16,data/PaperDol.bif,0x06200438,5093,7176C8A16F8692752CEE78A00457CDADA14E04E958AD71B029EEB2D69F0728CF,graphics/source/sprites/WPMJ4A1.bam
supplemental:sprites:paperdoll-animation-bam:WPMJ4A1E,sprites,paperdoll-animation-bam,WPMJ4A1E,BAMC,V1,30,16,data/PaperDol.bif,0x06200439,3653,810EA6713B162BD21A633471A7D87E80ACC1F3CD5A7ECC6C9F9D9A97E256F766,graphics/source/sprites/WPMJ4A1E.bam
supplemental:sprites:paperdoll-animation-bam:WPMJ4A2,sprites,paperdoll-animation-bam,WPMJ4A2,BAMC,V1,50,8,data/PaperDol.bif,0x0620043A,5104,8BBDEF3AE4BE6D2D92595A7D34A22781B3148FC84947287FE9FC894C9AF29D98,graphics/source/sprites/WPMJ4A2.bam
supplemental:sprites:paperdoll-animation-bam:WPMJ4A2E,sprites,paperdoll-animation-bam,WPMJ4A2E,BAMC,V1,30,8,data/PaperDol.bif,0x0620043B,3641,3539098203E3E0FBE8420577C5A0665C7635EB28F0D707744337B70B19E14218,graphics/source/sprites/WPMJ4A2E.bam
supplemental:sprites:paperdoll-animation-bam:WPMJ4A3,sprites,paperdoll-animation-bam,WPMJ4A3,BAMC,V1,50,8,data/PaperDol.bif,0x0620043C,5073,6E9D1C814D3EAEBB432302B5963A7DFBB5E8CBAE5F6321CDC5B36A6F96628F01,graphics/source/sprites/WPMJ4A3.bam
supplemental:sprites:paperdoll-animation-bam:WPMJ4A3E,sprites,paperdoll-animation-bam,WPMJ4A3E,BAMC,V1,30,8,data/PaperDol.bif,0x0620043D,3545,B6A4399457B9B177E0EE8F96A18B3DDBCFCA643B3B6D6C1664BEEF8E7D75FD8A,graphics/source/sprites/WPMJ4A3E.bam
supplemental:sprites:paperdoll-animation-bam:WPMJ4A4,sprites,paperdoll-animation-bam,WPMJ4A4,BAMC,V1,50,8,data/PaperDol.bif,0x0620043E,5030,D498ED8C4389543ABB991575F9E56819294E51044B505C8CD21C13FBE62B2861,graphics/source/sprites/WPMJ4A4.bam
supplemental:sprites:paperdoll-animation-bam:WPMJ4A4E,sprites,paperdoll-animation-bam,WPMJ4A4E,BAMC,V1,30,8,data/PaperDol.bif,0x0620043F,3467,D3FAFEC07F339428DD07748084783A1952214247ED9093960C24FA8779A8015F,graphics/source/sprites/WPMJ4A4E.bam
supplemental:sprites:paperdoll-animation-bam:WPMJ4A5,sprites,paperdoll-animation-bam,WPMJ4A5,BAMC,V1,30,8,data/PaperDol.bif,0x06200440,3356,886F4D0299E7F3BCED4ECF7FC5372366D3B6738E9FDB39315A05467FC43A8183,graphics/source/sprites/WPMJ4A5.bam
supplemental:sprites:paperdoll-animation-bam:WPMJ4A5E,sprites,paperdoll-animation-bam,WPMJ4A5E,BAMC,V1,18,8,data/PaperDol.bif,0x06200441,2416,A9618BE8C94994574669DC78C3567AF80899730EC19C844E843A701B29C7D059,graphics/source/sprites/WPMJ4A5E.bam
supplemental:sprites:paperdoll-animation-bam:WPMJ4A6,sprites,paperdoll-animation-bam,WPMJ4A6,BAMC,V1,40,8,data/PaperDol.bif,0x06200442,4219,96ACEB2B1EE703E18E3108B3EA4D294E24234DD1DB645DDDBCD50D0C7FAA2FFD,graphics/source/sprites/WPMJ4A6.bam
supplemental:sprites:paperdoll-animation-bam:WPMJ4A6E,sprites,paperdoll-animation-bam,WPMJ4A6E,BAMC,V1,24,8,data/PaperDol.bif,0x06200443,2957,DEE94CF01673673189705175BF64FE64E5A5C35DCE614EB6D256BA13579BB590,graphics/source/sprites/WPMJ4A6E.bam
supplemental:sprites:paperdoll-animation-bam:WPMJ4CA,sprites,paperdoll-animation-bam,WPMJ4CA,BAMC,V1,50,62,data/PaperDol.bif,0x06200444,5520,829D3044FD4071EBA7BBD26D52252ABAADD5A297F406DB264428FD498260FE67,graphics/source/sprites/WPMJ4CA.bam
supplemental:sprites:paperdoll-animation-bam:WPMJ4CAE,sprites,paperdoll-animation-bam,WPMJ4CAE,BAMC,V1,30,64,data/PaperDol.bif,0x06200445,3738,6B80C23F7E2C4269CD9C012EC5238F007A4BFCBAD0D783F63266A785C0545433,graphics/source/sprites/WPMJ4CAE.bam
supplemental:sprites:paperdoll-animation-bam:WPMJ4G1,sprites,paperdoll-animation-bam,WPMJ4G1,BAMC,V1,180,72,data/PaperDol.bif,0x06200446,14979,9CC6BF06696001425849AB1F31E00BAD6CC6A7D890BB45A2571A17AECB6324A9,graphics/source/sprites/WPMJ4G1.bam
supplemental:sprites:paperdoll-animation-bam:WPMJ4G1E,sprites,paperdoll-animation-bam,WPMJ4G1E,BAMC,V1,108,72,data/PaperDol.bif,0x06200447,9810,37553F049828BD11849C98902EC7F65E3F0BDDECD0DD51CD3E4FF02D7FDE2126,graphics/source/sprites/WPMJ4G1E.bam
supplemental:sprites:paperdoll-animation-bam:WPMJ4INV,sprites,paperdoll-animation-bam,WPMJ4INV,BAM,V1,2,1,data/PaperDol.bif,0x06200448,1789,51D88DEDF1E5D4754E15775B7F9166FEE8E4869708E3B48111932D6754A9DE6F,graphics/source/sprites/WPMJ4INV.bam
supplemental:sprites:paperdoll-animation-bam:WPMJ4SA,sprites,paperdoll-animation-bam,WPMJ4SA,BAMC,V1,20,8,data/PaperDol.bif,0x06200449,2597,2CE66E7194BA5359B5A8F11CA2FA266BBA61A8C70611965E47F38C0F3B767BE2,graphics/source/sprites/WPMJ4SA.bam
supplemental:sprites:paperdoll-animation-bam:WPMJ4SAE,sprites,paperdoll-animation-bam,WPMJ4SAE,BAMC,V1,12,8,data/PaperDol.bif,0x0620044A,1959,BFD67E632EBC3849708BC90A752D3D48DE5A617589FFF1B936BC281FD13EAB89,graphics/source/sprites/WPMJ4SAE.bam
supplemental:sprites:paperdoll-animation-bam:WPMJ4SX,sprites,paperdoll-animation-bam,WPMJ4SX,BAMC,V1,15,8,data/PaperDol.bif,0x0620044B,2126,9CB62A2EE4D0AE25308FB085DF45CD231FF1DF41C441188761C87FE5387486C2,graphics/source/sprites/WPMJ4SX.bam
supplemental:sprites:paperdoll-animation-bam:WPMJ4SXE,sprites,paperdoll-animation-bam,WPMJ4SXE,BAMC,V1,9,8,data/PaperDol.bif,0x0620044C,1594,4DF453C872F9BE4A3E4E6161329CE8A6D4DFCE67A150FC9AC70172B4855D5E7A,graphics/source/sprites/WPMJ4SXE.bam
supplemental:sprites:paperdoll-animation-bam:WPMJ4W2,sprites,paperdoll-animation-bam,WPMJ4W2,BAMC,V1,50,8,data/PaperDol.bif,0x0620044D,4248,C4ABED9A5F0066A614B3AE465B2FFE394E3AD6F0469BF9F685E4CA16D2C9E572,graphics/source/sprites/WPMJ4W2.bam
supplemental:sprites:paperdoll-animation-bam:WPMJ4W2E,sprites,paperdoll-animation-bam,WPMJ4W2E,BAMC,V1,30,8,data/PaperDol.bif,0x0620044E,2958,B7C5984BAAB18DC744BF89C6FDA8C2ED764AEB74F81F8186B0A8C08CE8653217,graphics/source/sprites/WPMJ4W2E.bam
supplemental:sprites:paperdoll-animation-bam:WPMJ5A1,sprites,paperdoll-animation-bam,WPMJ5A1,BAMC,V1,50,16,data/PaperDol.bif,0x0620044F,5276,F9B8C4E33BEB100DB0A95ACCB3ED625644BF7B99A0BA6976C9DD21CA3F1C7AF9,graphics/source/sprites/WPMJ5A1.bam
supplemental:sprites:paperdoll-animation-bam:WPMJ5A1E,sprites,paperdoll-animation-bam,WPMJ5A1E,BAMC,V1,30,16,data/PaperDol.bif,0x06200450,3537,264A90D12CD95AF073FB131C11F0BE9852203F7C89F10FDF04F73D445B97EF77,graphics/source/sprites/WPMJ5A1E.bam
supplemental:sprites:paperdoll-animation-bam:WPMJ5A2,sprites,paperdoll-animation-bam,WPMJ5A2,BAMC,V1,50,8,data/PaperDol.bif,0x06200451,5196,6F2B94A213556C0D4982B4E486FBE5412F40B44DF768D592FF053530D19B327D,graphics/source/sprites/WPMJ5A2.bam
supplemental:sprites:paperdoll-animation-bam:WPMJ5A2E,sprites,paperdoll-animation-bam,WPMJ5A2E,BAMC,V1,30,8,data/PaperDol.bif,0x06200452,3379,0A4D6746F40BEA0C5312AB96D5A6A24E3BF4F60D72F5FF1DE852C8D05A4C9ACE,graphics/source/sprites/WPMJ5A2E.bam
supplemental:sprites:paperdoll-animation-bam:WPMJ5A3,sprites,paperdoll-animation-bam,WPMJ5A3,BAMC,V1,50,8,data/PaperDol.bif,0x06200453,5329,BE210BFE33A20586C6DE74D18F2A6BE4111D8D7779E058301BAD21C00C39B595,graphics/source/sprites/WPMJ5A3.bam
supplemental:sprites:paperdoll-animation-bam:WPMJ5A3E,sprites,paperdoll-animation-bam,WPMJ5A3E,BAMC,V1,30,8,data/PaperDol.bif,0x06200454,3384,6D0698FB66DB612C64551498C315016C8BB5C0D8FE1CE4E123D50D394FA23AA2,graphics/source/sprites/WPMJ5A3E.bam
supplemental:sprites:paperdoll-animation-bam:WPMJ5A4,sprites,paperdoll-animation-bam,WPMJ5A4,BAMC,V1,50,8,data/PaperDol.bif,0x06200455,5226,2E4363E6FB3AEDD12998EFDA1F803433541C82D246FBD0C33FC747A910905C7B,graphics/source/sprites/WPMJ5A4.bam
supplemental:sprites:paperdoll-animation-bam:WPMJ5A4E,sprites,paperdoll-animation-bam,WPMJ5A4E,BAMC,V1,30,8,data/PaperDol.bif,0x06200456,3290,B358FE23DC0C0AD67FA46054A42966BECCBC92353554F927C7D5314A88F3826F,graphics/source/sprites/WPMJ5A4E.bam
supplemental:sprites:paperdoll-animation-bam:WPMJ5A5,sprites,paperdoll-animation-bam,WPMJ5A5,BAMC,V1,30,8,data/PaperDol.bif,0x06200457,3352,0DFF9BFEDAFDF7A0D1B5E539D3D7FB670D5BE1E107F8CD9FA30AC29FCDA9A04F,graphics/source/sprites/WPMJ5A5.bam
supplemental:sprites:paperdoll-animation-bam:WPMJ5A5E,sprites,paperdoll-animation-bam,WPMJ5A5E,BAMC,V1,18,8,data/PaperDol.bif,0x06200458,2242,0125EFD917E2A2101D9C6D693A7EEE7961D3DE8AC6D0C8B09AC11EAC5ADB7414,graphics/source/sprites/WPMJ5A5E.bam
supplemental:sprites:paperdoll-animation-bam:WPMJ5A6,sprites,paperdoll-animation-bam,WPMJ5A6,BAMC,V1,40,8,data/PaperDol.bif,0x06200459,4334,18091E74E389A426472F7001AACB31F3D9A3C5A7936180622BBE030A4BEB1E19,graphics/source/sprites/WPMJ5A6.bam
supplemental:sprites:paperdoll-animation-bam:WPMJ5A6E,sprites,paperdoll-animation-bam,WPMJ5A6E,BAMC,V1,24,8,data/PaperDol.bif,0x0620045A,2825,C45D8AC3B9524F4BF246525D5DD60B42BF183F6DF178C7151AC44219F394EF96,graphics/source/sprites/WPMJ5A6E.bam
supplemental:sprites:paperdoll-animation-bam:WPMJ5CA,sprites,paperdoll-animation-bam,WPMJ5CA,BAMC,V1,50,64,data/PaperDol.bif,0x0620045B,5622,F3DE50605659E7974F9A2E5EFFC99E57E03D69A25344F296FB60A3EB711D1813,graphics/source/sprites/WPMJ5CA.bam
supplemental:sprites:paperdoll-animation-bam:WPMJ5CAE,sprites,paperdoll-animation-bam,WPMJ5CAE,BAMC,V1,30,64,data/PaperDol.bif,0x0620045C,3599,BBE4BD87440639AAA4F61163FCCA88560F85ED10B794E8733C6532650E7CBE81,graphics/source/sprites/WPMJ5CAE.bam
supplemental:sprites:paperdoll-animation-bam:WPMJ5G1,sprites,paperdoll-animation-bam,WPMJ5G1,BAMC,V1,180,72,data/PaperDol.bif,0x0620045D,15290,AB71B4F1F1B7A8E7428D4DA6C7BFFC24C90E2104C2DBBBF970FA3BCA92BBC6A0,graphics/source/sprites/WPMJ5G1.bam
supplemental:sprites:paperdoll-animation-bam:WPMJ5G1E,sprites,paperdoll-animation-bam,WPMJ5G1E,BAMC,V1,108,72,data/PaperDol.bif,0x0620045E,9477,CBF18F80D1151D9284214332B90F090436ED3FF15E79B69DA6DDA166C4503CF5,graphics/source/sprites/WPMJ5G1E.bam
supplemental:sprites:paperdoll-animation-bam:WPMJ5INV,sprites,paperdoll-animation-bam,WPMJ5INV,BAM,V1,2,1,data/PaperDol.bif,0x0620045F,1569,A3FDF6DC2F7BFF9926ABCEDC9100DC112DD151248437F7DE5E05AA70103BD4DB,graphics/source/sprites/WPMJ5INV.bam
supplemental:sprites:paperdoll-animation-bam:WPMJ5SA,sprites,paperdoll-animation-bam,WPMJ5SA,BAMC,V1,20,8,data/PaperDol.bif,0x06200460,2666,E79D47E9D9E5EFE2E31DFE42451892537E7749611C152760F3154DF928B878B0,graphics/source/sprites/WPMJ5SA.bam
supplemental:sprites:paperdoll-animation-bam:WPMJ5SAE,sprites,paperdoll-animation-bam,WPMJ5SAE,BAMC,V1,12,8,data/PaperDol.bif,0x06200461,1817,E023774DED932D9018BD9D08911635C5325DB4072785A48D527110DE5416EA68,graphics/source/sprites/WPMJ5SAE.bam
supplemental:sprites:paperdoll-animation-bam:WPMJ5SX,sprites,paperdoll-animation-bam,WPMJ5SX,BAMC,V1,15,8,data/PaperDol.bif,0x06200462,2126,8BC11E1DC2B2482EBED0ECC5F4A5B6AEDF8F3999AD6D6082E12DA2148CE6A5F1,graphics/source/sprites/WPMJ5SX.bam
supplemental:sprites:paperdoll-animation-bam:WPMJ5SXE,sprites,paperdoll-animation-bam,WPMJ5SXE,BAMC,V1,9,8,data/PaperDol.bif,0x06200463,1548,5AA6E4B0E6F3CA1EA53E598240FC0B7A12063B7BE53AC9C3E23F8755D5853A2C,graphics/source/sprites/WPMJ5SXE.bam
supplemental:sprites:paperdoll-animation-bam:WPMJ5W2,sprites,paperdoll-animation-bam,WPMJ5W2,BAMC,V1,50,8,data/PaperDol.bif,0x06200464,4324,668336138D3A7C958A88821B99F9541D45BDA02875A54F8EDAFCA35A9DC3C747,graphics/source/sprites/WPMJ5W2.bam
supplemental:sprites:paperdoll-animation-bam:WPMJ5W2E,sprites,paperdoll-animation-bam,WPMJ5W2E,BAMC,V1,30,8,data/PaperDol.bif,0x06200465,2876,1D82D404F3C48E4C4A7DE0AC03A855A46F0BAF2A8F0B05F48B5B0A4EAFF6E7BE,graphics/source/sprites/WPMJ5W2E.bam
supplemental:sprites:paperdoll-animation-bam:WPMJ6A1,sprites,paperdoll-animation-bam,WPMJ6A1,BAMC,V1,50,16,data/PaperDol.bif,0x06200466,5099,D5C6B3E8D8AE2674017A26576FD7DA281900F75FD5187DC29956E3944163DDFB,graphics/source/sprites/WPMJ6A1.bam
supplemental:sprites:paperdoll-animation-bam:WPMJ6A1E,sprites,paperdoll-animation-bam,WPMJ6A1E,BAMC,V1,30,16,data/PaperDol.bif,0x06200467,3455,256B04B15077069697653320076BA76E4E2CF9F3228E6D534DDC556DC6028877,graphics/source/sprites/WPMJ6A1E.bam
supplemental:sprites:paperdoll-animation-bam:WPMJ6A2,sprites,paperdoll-animation-bam,WPMJ6A2,BAMC,V1,50,8,data/PaperDol.bif,0x06200468,5077,7EA1F0A75FC08808D7D97EA0006040061BAE2878D7CD389D8E586B2C24636190,graphics/source/sprites/WPMJ6A2.bam
supplemental:sprites:paperdoll-animation-bam:WPMJ6A2E,sprites,paperdoll-animation-bam,WPMJ6A2E,BAMC,V1,30,8,data/PaperDol.bif,0x06200469,3377,018979D961E0D9C64961EB68038D1D1F8D46CDDEDC9A678D6889DD737F964AE9,graphics/source/sprites/WPMJ6A2E.bam
supplemental:sprites:paperdoll-animation-bam:WPMJ6A3,sprites,paperdoll-animation-bam,WPMJ6A3,BAMC,V1,50,8,data/PaperDol.bif,0x0620046A,5123,A364295313D930B974A3BD6C56E6C0BBC5D214BA13E79F1AFE23EE8E90B57C24,graphics/source/sprites/WPMJ6A3.bam
supplemental:sprites:paperdoll-animation-bam:WPMJ6A3E,sprites,paperdoll-animation-bam,WPMJ6A3E,BAMC,V1,30,8,data/PaperDol.bif,0x0620046B,3314,B3154F14D8CCFFEB1B03CA16C3A42BBE2B534E3851AA62E61DE3B63DDB20F940,graphics/source/sprites/WPMJ6A3E.bam
supplemental:sprites:paperdoll-animation-bam:WPMJ6A4,sprites,paperdoll-animation-bam,WPMJ6A4,BAMC,V1,50,8,data/PaperDol.bif,0x0620046C,5127,BF3E637193A8454FEF57C073E056BCE2B1BAC0827E02E1B64C128053C9D68DC5,graphics/source/sprites/WPMJ6A4.bam
supplemental:sprites:paperdoll-animation-bam:WPMJ6A4E,sprites,paperdoll-animation-bam,WPMJ6A4E,BAMC,V1,30,8,data/PaperDol.bif,0x0620046D,3263,C48E026EEDB2486C6A7FA135DF0A97CDF8065B3D60D4A0CDEFA237C28C7096E3,graphics/source/sprites/WPMJ6A4E.bam
supplemental:sprites:paperdoll-animation-bam:WPMJ6A5,sprites,paperdoll-animation-bam,WPMJ6A5,BAMC,V1,30,8,data/PaperDol.bif,0x0620046E,3375,A528DB4219B9E8E901077E007FF6849B60F36B5992015F69D40FFC087BFE922E,graphics/source/sprites/WPMJ6A5.bam
supplemental:sprites:paperdoll-animation-bam:WPMJ6A5E,sprites,paperdoll-animation-bam,WPMJ6A5E,BAMC,V1,18,8,data/PaperDol.bif,0x0620046F,2281,149CC90EC05224A9905DE5BBE7ADFAFC1682AFA9627420182DA3657202A88A25,graphics/source/sprites/WPMJ6A5E.bam
supplemental:sprites:paperdoll-animation-bam:WPMJ6A6,sprites,paperdoll-animation-bam,WPMJ6A6,BAMC,V1,40,8,data/PaperDol.bif,0x06200470,4214,C59F46152121C854C0B3CD7D8F8E09709039951D0842709A5A1D4700828B6D2B,graphics/source/sprites/WPMJ6A6.bam
supplemental:sprites:paperdoll-animation-bam:WPMJ6A6E,sprites,paperdoll-animation-bam,WPMJ6A6E,BAMC,V1,24,8,data/PaperDol.bif,0x06200471,2788,5A5C1CCB4C760C9911B82A1FB6355484D03FB7A40E610B01571925B48BBBC527,graphics/source/sprites/WPMJ6A6E.bam
supplemental:sprites:paperdoll-animation-bam:WPMJ6CA,sprites,paperdoll-animation-bam,WPMJ6CA,BAMC,V1,50,64,data/PaperDol.bif,0x06200472,5530,7607B963A9C8548607A7243AACA89A37CACB855D4235BE3B45B7075564EA49D6,graphics/source/sprites/WPMJ6CA.bam
supplemental:sprites:paperdoll-animation-bam:WPMJ6CAE,sprites,paperdoll-animation-bam,WPMJ6CAE,BAMC,V1,30,64,data/PaperDol.bif,0x06200473,3577,06EF8C0B0179212C5F90C4D02887E363376B1ACF0FB7822F6CF99E4863995168,graphics/source/sprites/WPMJ6CAE.bam
supplemental:sprites:paperdoll-animation-bam:WPMJ6G1,sprites,paperdoll-animation-bam,WPMJ6G1,BAMC,V1,180,72,data/PaperDol.bif,0x06200474,15068,2C7C0B2C80C8AECB6E0467AB1D670C88FF5415E034FA66959BC5DE9007A4D6AE,graphics/source/sprites/WPMJ6G1.bam
supplemental:sprites:paperdoll-animation-bam:WPMJ6G1E,sprites,paperdoll-animation-bam,WPMJ6G1E,BAMC,V1,108,72,data/PaperDol.bif,0x06200475,9345,9F686FB941275F8F93F98E15F03DFD6124FB5302308C4D370884B7FD7E42DC9D,graphics/source/sprites/WPMJ6G1E.bam
supplemental:sprites:paperdoll-animation-bam:WPMJ6INV,sprites,paperdoll-animation-bam,WPMJ6INV,BAM,V1,2,1,data/PaperDol.bif,0x06200476,1570,739BECC35C7B91D5C4EC944389505377AE7F2BC3CB4CA5815C36FA9958015F2F,graphics/source/sprites/WPMJ6INV.bam
supplemental:sprites:paperdoll-animation-bam:WPMJ6SA,sprites,paperdoll-animation-bam,WPMJ6SA,BAMC,V1,20,8,data/PaperDol.bif,0x06200477,2603,5217EDC9C77C3EB88555470ACF7EE54D22EA62AACD633DF9F958AA363D411D1D,graphics/source/sprites/WPMJ6SA.bam
supplemental:sprites:paperdoll-animation-bam:WPMJ6SAE,sprites,paperdoll-animation-bam,WPMJ6SAE,BAMC,V1,12,8,data/PaperDol.bif,0x06200478,1848,1B00456D35B4B4200802EA35FDB31EF1A153D0D03412178D593EF2C454F94729,graphics/source/sprites/WPMJ6SAE.bam
supplemental:sprites:paperdoll-animation-bam:WPMJ6SX,sprites,paperdoll-animation-bam,WPMJ6SX,BAMC,V1,15,8,data/PaperDol.bif,0x06200479,2102,64420CC680E5ECEB1B0AFDEDB434C1CACBDD0DA4D9082E1CE22A331B7061598A,graphics/source/sprites/WPMJ6SX.bam
supplemental:sprites:paperdoll-animation-bam:WPMJ6SXE,sprites,paperdoll-animation-bam,WPMJ6SXE,BAMC,V1,9,8,data/PaperDol.bif,0x0620047A,1555,4BEE8FB813420C87AF8313D068B4F3B42E53E2F8985311535946BB6714C89F39,graphics/source/sprites/WPMJ6SXE.bam
supplemental:sprites:paperdoll-animation-bam:WPMJ6W2,sprites,paperdoll-animation-bam,WPMJ6W2,BAMC,V1,50,8,data/PaperDol.bif,0x0620047B,4441,CF63E1283A9E5030F5642C40A3DF450F84C912358947EC54A3D4E5934E3F1416,graphics/source/sprites/WPMJ6W2.bam
supplemental:sprites:paperdoll-animation-bam:WPMJ6W2E,sprites,paperdoll-animation-bam,WPMJ6W2E,BAMC,V1,30,8,data/PaperDol.bif,0x0620047C,2848,97298763ABA0C1DCC9E769F7FABDF1518F7E24F6837EAFB8D4BE593CB8552E57,graphics/source/sprites/WPMJ6W2E.bam
supplemental:sprites:paperdoll-animation-bam:WPMJ7A1,sprites,paperdoll-animation-bam,WPMJ7A1,BAMC,V1,50,16,data/PaperDol.bif,0x0620047D,4430,82C2C9E824BA54A65F48BC5D2A5597E0DE5FBC206272D0E824F8328D5D921402,graphics/source/sprites/WPMJ7A1.bam
supplemental:sprites:paperdoll-animation-bam:WPMJ7A1E,sprites,paperdoll-animation-bam,WPMJ7A1E,BAMC,V1,30,16,data/PaperDol.bif,0x0620047E,2914,D8A7B51F4D70B97109F08B2073CD47E6F1039FD8D541D057FB7DFE4182634F11,graphics/source/sprites/WPMJ7A1E.bam
supplemental:sprites:paperdoll-animation-bam:WPMJ7A2,sprites,paperdoll-animation-bam,WPMJ7A2,BAMC,V1,50,8,data/PaperDol.bif,0x0620047F,4441,05A0BBE437E621A25B51202A990E86AF1B51479E375452A6BD007151ED5C6FA8,graphics/source/sprites/WPMJ7A2.bam
supplemental:sprites:paperdoll-animation-bam:WPMJ7A2E,sprites,paperdoll-animation-bam,WPMJ7A2E,BAMC,V1,30,8,data/PaperDol.bif,0x06200480,2825,EA8B438F72E158998385953FE1E9B2A56211EC36DFCE5DDB546B0D8D3B4DC454,graphics/source/sprites/WPMJ7A2E.bam
supplemental:sprites:paperdoll-animation-bam:WPMJ7A3,sprites,paperdoll-animation-bam,WPMJ7A3,BAMC,V1,50,8,data/PaperDol.bif,0x06200481,4310,28AAAEF991C577AC5E7E319D7D329D18BAECD15964A21B6FB9F509EEDB78DFC0,graphics/source/sprites/WPMJ7A3.bam
supplemental:sprites:paperdoll-animation-bam:WPMJ7A3E,sprites,paperdoll-animation-bam,WPMJ7A3E,BAMC,V1,30,8,data/PaperDol.bif,0x06200482,2849,37F04980D714B604B4FDABC181753F06FBEE440007E17A0BD6BC3BB7F180C8F8,graphics/source/sprites/WPMJ7A3E.bam
supplemental:sprites:paperdoll-animation-bam:WPMJ7A4,sprites,paperdoll-animation-bam,WPMJ7A4,BAMC,V1,50,8,data/PaperDol.bif,0x06200483,4280,906D297FA730BE4D211CF0D50E040341D7E642AB5597B46C56E85BC9FA614EF5,graphics/source/sprites/WPMJ7A4.bam
supplemental:sprites:paperdoll-animation-bam:WPMJ7A4E,sprites,paperdoll-animation-bam,WPMJ7A4E,BAMC,V1,30,8,data/PaperDol.bif,0x06200484,2823,24E8BFE62719940221A09708F702AA01EDABD961D8825FAB795DF2D70F4F4BDD,graphics/source/sprites/WPMJ7A4E.bam
supplemental:sprites:paperdoll-animation-bam:WPMJ7A5,sprites,paperdoll-animation-bam,WPMJ7A5,BAMC,V1,30,8,data/PaperDol.bif,0x06200485,2915,23A27D46335F6EA3E5481A25C22E80C7AD05A4018D220CB738B516CD77012B10,graphics/source/sprites/WPMJ7A5.bam
supplemental:sprites:paperdoll-animation-bam:WPMJ7A5E,sprites,paperdoll-animation-bam,WPMJ7A5E,BAMC,V1,18,8,data/PaperDol.bif,0x06200486,2013,59BAD9DE0C133AE09294D8DA4969D8A7821D049B1E087EDE8C5E3DA4DDD23598,graphics/source/sprites/WPMJ7A5E.bam
supplemental:sprites:paperdoll-animation-bam:WPMJ7A6,sprites,paperdoll-animation-bam,WPMJ7A6,BAMC,V1,40,8,data/PaperDol.bif,0x06200487,3574,80D7E683AB143ED25DBEAC0559A296A41D1A8DE4202742AA3745714A4409C0F6,graphics/source/sprites/WPMJ7A6.bam
supplemental:sprites:paperdoll-animation-bam:WPMJ7A6E,sprites,paperdoll-animation-bam,WPMJ7A6E,BAMC,V1,24,8,data/PaperDol.bif,0x06200488,2413,AE48EB41C5FCCB07728F3463CBE23841C81A212857D67CA30B876E81D992B3AD,graphics/source/sprites/WPMJ7A6E.bam
supplemental:sprites:paperdoll-animation-bam:WPMJ7CA,sprites,paperdoll-animation-bam,WPMJ7CA,BAMC,V1,50,62,data/PaperDol.bif,0x06200489,4634,763ACAFF121A0E0AF8FDA3BCC2096C674C1F2D780F9E3D2718C3F864EF2AACCD,graphics/source/sprites/WPMJ7CA.bam
supplemental:sprites:paperdoll-animation-bam:WPMJ7CAE,sprites,paperdoll-animation-bam,WPMJ7CAE,BAMC,V1,30,64,data/PaperDol.bif,0x0620048A,3114,F2E35E704699D0B513CF06ABC764BF3B1D9551AD78EB3910092DBEF477D536A5,graphics/source/sprites/WPMJ7CAE.bam
supplemental:sprites:paperdoll-animation-bam:WPMJ7G1,sprites,paperdoll-animation-bam,WPMJ7G1,BAMC,V1,180,72,data/PaperDol.bif,0x0620048B,12953,DC2B7F516EE833A2EF5B480D2F4DA0999D403F2CD571228478D2E9A00DD93C58,graphics/source/sprites/WPMJ7G1.bam
supplemental:sprites:paperdoll-animation-bam:WPMJ7G1E,sprites,paperdoll-animation-bam,WPMJ7G1E,BAMC,V1,108,72,data/PaperDol.bif,0x0620048C,7982,B49255CC9817EC1D3480E712CD230C61F9454DF17AC00CFEDCC9F0B3FE981987,graphics/source/sprites/WPMJ7G1E.bam
supplemental:sprites:paperdoll-animation-bam:WPMJ7INV,sprites,paperdoll-animation-bam,WPMJ7INV,BAM,V1,2,1,data/PaperDol.bif,0x0620048D,1716,470852FC6507E1691B333CFC8CEF0CFCDEEB2A54547406C367BBAFE4DACF200A,graphics/source/sprites/WPMJ7INV.bam
supplemental:sprites:paperdoll-animation-bam:WPMJ7SA,sprites,paperdoll-animation-bam,WPMJ7SA,BAMC,V1,20,8,data/PaperDol.bif,0x0620048E,2344,65CF5EC6E1B4804DFFFCCCC33B4A965A667E990801769A1B8C36F410E576FCA0,graphics/source/sprites/WPMJ7SA.bam
supplemental:sprites:paperdoll-animation-bam:WPMJ7SAE,sprites,paperdoll-animation-bam,WPMJ7SAE,BAMC,V1,12,8,data/PaperDol.bif,0x0620048F,1579,AD061BCA189E75DC386F330F83A946B76234808EC631B8CAE1DA292611A829A7,graphics/source/sprites/WPMJ7SAE.bam
supplemental:sprites:paperdoll-animation-bam:WPMJ7SX,sprites,paperdoll-animation-bam,WPMJ7SX,BAMC,V1,15,8,data/PaperDol.bif,0x06200490,1891,70EC0EB6D3416F45310F8ADAA5CABFB358C737838FB851CD59A57251051DCD9C,graphics/source/sprites/WPMJ7SX.bam
supplemental:sprites:paperdoll-animation-bam:WPMJ7SXE,sprites,paperdoll-animation-bam,WPMJ7SXE,BAMC,V1,9,8,data/PaperDol.bif,0x06200491,1394,A1B57AB1B8935F89AAD19EF6288BCDD3F3D7FEA6CD4AFCA7595B4E066575A7D5,graphics/source/sprites/WPMJ7SXE.bam
supplemental:sprites:paperdoll-animation-bam:WPMJ7W2,sprites,paperdoll-animation-bam,WPMJ7W2,BAMC,V1,50,8,data/PaperDol.bif,0x06200492,4017,A9B700C78CF6CCAD03577082A21175F10A7582B42194D595E2812C4C1102A2A2,graphics/source/sprites/WPMJ7W2.bam
supplemental:sprites:paperdoll-animation-bam:WPMJ7W2E,sprites,paperdoll-animation-bam,WPMJ7W2E,BAMC,V1,30,8,data/PaperDol.bif,0x06200493,2520,4CDD9EEB6A24CAAF70BEC66EFFE1B65A66505DE51B3E13CA5603E45B4E48648B,graphics/source/sprites/WPMJ7W2E.bam
supplemental:sprites:paperdoll-animation-bam:WPMJ8A1,sprites,paperdoll-animation-bam,WPMJ8A1,BAMC,V1,50,16,data/PaperDol.bif,0x06200494,4173,B2B3590C44E08851EAF569DB4280DA3BAD3148EADBFA17D0972E6CC05D5E82BC,graphics/source/sprites/WPMJ8A1.bam
supplemental:sprites:paperdoll-animation-bam:WPMJ8A1E,sprites,paperdoll-animation-bam,WPMJ8A1E,BAMC,V1,30,16,data/PaperDol.bif,0x06200495,2823,0980E21C1514210F1D277BA9192BABFF286D450114CC920AF135FA62D31C069F,graphics/source/sprites/WPMJ8A1E.bam
supplemental:sprites:paperdoll-animation-bam:WPMJ8A2,sprites,paperdoll-animation-bam,WPMJ8A2,BAMC,V1,50,8,data/PaperDol.bif,0x06200496,4117,9B5E1A145C87A704D8EF0C225DCF6F2341F9B46F91662C4149EC1955E18FDD09,graphics/source/sprites/WPMJ8A2.bam
supplemental:sprites:paperdoll-animation-bam:WPMJ8A2E,sprites,paperdoll-animation-bam,WPMJ8A2E,BAMC,V1,30,8,data/PaperDol.bif,0x06200497,2793,D719372C7EFE9C803220D40E554CAB086A4C9C22915ADFA819EE7BEDF424B141,graphics/source/sprites/WPMJ8A2E.bam
supplemental:sprites:paperdoll-animation-bam:WPMJ8A3,sprites,paperdoll-animation-bam,WPMJ8A3,BAMC,V1,50,8,data/PaperDol.bif,0x06200498,4045,295589EE224A65755832778FE9E85F50E06DE7C7DE769C2729B4F52CE1585B7B,graphics/source/sprites/WPMJ8A3.bam
supplemental:sprites:paperdoll-animation-bam:WPMJ8A3E,sprites,paperdoll-animation-bam,WPMJ8A3E,BAMC,V1,30,8,data/PaperDol.bif,0x06200499,2816,9DC7B7F1A4F417192525FC1486C225A634A98C17483482C7DBDD169136C43FF1,graphics/source/sprites/WPMJ8A3E.bam
supplemental:sprites:paperdoll-animation-bam:WPMJ8A4,sprites,paperdoll-animation-bam,WPMJ8A4,BAMC,V1,50,8,data/PaperDol.bif,0x0620049A,4019,626C60218359F4F83313A6F8451D67EB99D9C484883E969DB11F8F81E7C79C18,graphics/source/sprites/WPMJ8A4.bam
supplemental:sprites:paperdoll-animation-bam:WPMJ8A4E,sprites,paperdoll-animation-bam,WPMJ8A4E,BAMC,V1,30,8,data/PaperDol.bif,0x0620049B,2793,9A55D53ECFEB3D6FC9BF9A6B76B284E0AEEB2CAD8528A66973C009FA21B6C737,graphics/source/sprites/WPMJ8A4E.bam
supplemental:sprites:paperdoll-animation-bam:WPMJ8A5,sprites,paperdoll-animation-bam,WPMJ8A5,BAMC,V1,30,8,data/PaperDol.bif,0x0620049C,2726,171689B69076E13FF7E1CB0E2751B5452FAAA73EF123A981E1B5D9913A7090C1,graphics/source/sprites/WPMJ8A5.bam
supplemental:sprites:paperdoll-animation-bam:WPMJ8A5E,sprites,paperdoll-animation-bam,WPMJ8A5E,BAMC,V1,18,8,data/PaperDol.bif,0x0620049D,1986,655D06219EFA655EA4A1B6C1D795662707EEA2766D4D8DE5AF9EF2D8CC34E516,graphics/source/sprites/WPMJ8A5E.bam
supplemental:sprites:paperdoll-animation-bam:WPMJ8A6,sprites,paperdoll-animation-bam,WPMJ8A6,BAMC,V1,40,8,data/PaperDol.bif,0x0620049E,3449,DFF9A3FC82E902A9C02402BBB86A7218492ABE930484E589C84D94E1AF84A9F2,graphics/source/sprites/WPMJ8A6.bam
supplemental:sprites:paperdoll-animation-bam:WPMJ8A6E,sprites,paperdoll-animation-bam,WPMJ8A6E,BAMC,V1,24,8,data/PaperDol.bif,0x0620049F,2430,F0CCD1F0739BB9C674E680FECB4A57465F48F90320365A491B406CF031924832,graphics/source/sprites/WPMJ8A6E.bam
supplemental:sprites:paperdoll-animation-bam:WPMJ8CA,sprites,paperdoll-animation-bam,WPMJ8CA,BAMC,V1,50,62,data/PaperDol.bif,0x062004A0,4530,7137FB2C917B46D3389949FF9991B7348EA3C5645F73BFEAF6ABE789247BED83,graphics/source/sprites/WPMJ8CA.bam
supplemental:sprites:paperdoll-animation-bam:WPMJ8CAE,sprites,paperdoll-animation-bam,WPMJ8CAE,BAMC,V1,30,64,data/PaperDol.bif,0x062004A1,3130,6EA032F0930315ABD1D58A4D868309200CE472F5D2987B563A6049ED665DC3B9,graphics/source/sprites/WPMJ8CAE.bam
supplemental:sprites:paperdoll-animation-bam:WPMJ8G1,sprites,paperdoll-animation-bam,WPMJ8G1,BAMC,V1,180,72,data/PaperDol.bif,0x062004A2,12182,FDE8422B3C5D8E31BA61715D8A8ABE5AA3C48363DEA9A77ABCF64F11D0B289AE,graphics/source/sprites/WPMJ8G1.bam
supplemental:sprites:paperdoll-animation-bam:WPMJ8G1E,sprites,paperdoll-animation-bam,WPMJ8G1E,BAMC,V1,108,72,data/PaperDol.bif,0x062004A3,7681,339C8214343BC22CC35CD37D5AD746FA25E4A01E4A083130DBB575464E4E5B95,graphics/source/sprites/WPMJ8G1E.bam
supplemental:sprites:paperdoll-animation-bam:WPMJ8INV,sprites,paperdoll-animation-bam,WPMJ8INV,BAM,V1,2,1,data/PaperDol.bif,0x062004A4,1922,61E878A3B4441B9B51C56556898DA4780E8024429E2D5F9AD994506915D5B783,graphics/source/sprites/WPMJ8INV.bam
supplemental:sprites:paperdoll-animation-bam:WPMJ8SA,sprites,paperdoll-animation-bam,WPMJ8SA,BAMC,V1,20,8,data/PaperDol.bif,0x062004A5,2162,BCE70FB60E558EE9F1D64EC98E6B797E84AE7F12C841F3B7163CC83C66002352,graphics/source/sprites/WPMJ8SA.bam
supplemental:sprites:paperdoll-animation-bam:WPMJ8SAE,sprites,paperdoll-animation-bam,WPMJ8SAE,BAMC,V1,12,8,data/PaperDol.bif,0x062004A6,1599,AE24EFC61829D98DEACF95961905D4DC5FD0BDBAB07B57473839A4B71824E654,graphics/source/sprites/WPMJ8SAE.bam
supplemental:sprites:paperdoll-animation-bam:WPMJ8SX,sprites,paperdoll-animation-bam,WPMJ8SX,BAMC,V1,15,8,data/PaperDol.bif,0x062004A7,1763,942BBD01F9701FBB97F26E197324B57B956202263CFDC1761F0C44B715692112,graphics/source/sprites/WPMJ8SX.bam
supplemental:sprites:paperdoll-animation-bam:WPMJ8SXE,sprites,paperdoll-animation-bam,WPMJ8SXE,BAMC,V1,9,8,data/PaperDol.bif,0x062004A8,1376,7BF3EAA76DF8392C361CA3357D5BC22A00F1FFFFF9265E75E38D953C1883393F,graphics/source/sprites/WPMJ8SXE.bam
supplemental:sprites:paperdoll-animation-bam:WPMJ8W2,sprites,paperdoll-animation-bam,WPMJ8W2,BAMC,V1,50,8,data/PaperDol.bif,0x062004A9,3731,432FD5F442938353B725C2F3A63CC64271AAA2561FF2639E590118CF1C3D5086,graphics/source/sprites/WPMJ8W2.bam
supplemental:sprites:paperdoll-animation-bam:WPMJ8W2E,sprites,paperdoll-animation-bam,WPMJ8W2E,BAMC,V1,30,8,data/PaperDol.bif,0x062004AA,2533,6CEB5AE66A52E09914D45601F5BBD134BC48E077A39E49C5C39AD938814BB99E,graphics/source/sprites/WPMJ8W2E.bam
supplemental:sprites:paperdoll-animation-bam:WPMJ9A1,sprites,paperdoll-animation-bam,WPMJ9A1,BAMC,V1,50,16,data/PaperDol.bif,0x062004AB,5276,F9B8C4E33BEB100DB0A95ACCB3ED625644BF7B99A0BA6976C9DD21CA3F1C7AF9,graphics/source/sprites/WPMJ9A1.bam
supplemental:sprites:paperdoll-animation-bam:WPMJ9A1E,sprites,paperdoll-animation-bam,WPMJ9A1E,BAMC,V1,30,16,data/PaperDol.bif,0x062004AC,3537,264A90D12CD95AF073FB131C11F0BE9852203F7C89F10FDF04F73D445B97EF77,graphics/source/sprites/WPMJ9A1E.bam
supplemental:sprites:paperdoll-animation-bam:WPMJ9A2,sprites,paperdoll-animation-bam,WPMJ9A2,BAMC,V1,50,8,data/PaperDol.bif,0x062004AD,5196,6F2B94A213556C0D4982B4E486FBE5412F40B44DF768D592FF053530D19B327D,graphics/source/sprites/WPMJ9A2.bam
supplemental:sprites:paperdoll-animation-bam:WPMJ9A2E,sprites,paperdoll-animation-bam,WPMJ9A2E,BAMC,V1,30,8,data/PaperDol.bif,0x062004AE,3379,0A4D6746F40BEA0C5312AB96D5A6A24E3BF4F60D72F5FF1DE852C8D05A4C9ACE,graphics/source/sprites/WPMJ9A2E.bam
supplemental:sprites:paperdoll-animation-bam:WPMJ9A3,sprites,paperdoll-animation-bam,WPMJ9A3,BAMC,V1,50,8,data/PaperDol.bif,0x062004AF,5329,BE210BFE33A20586C6DE74D18F2A6BE4111D8D7779E058301BAD21C00C39B595,graphics/source/sprites/WPMJ9A3.bam
supplemental:sprites:paperdoll-animation-bam:WPMJ9A3E,sprites,paperdoll-animation-bam,WPMJ9A3E,BAMC,V1,30,8,data/PaperDol.bif,0x062004B0,3384,6D0698FB66DB612C64551498C315016C8BB5C0D8FE1CE4E123D50D394FA23AA2,graphics/source/sprites/WPMJ9A3E.bam
supplemental:sprites:paperdoll-animation-bam:WPMJ9A4,sprites,paperdoll-animation-bam,WPMJ9A4,BAMC,V1,50,8,data/PaperDol.bif,0x062004B1,5226,2E4363E6FB3AEDD12998EFDA1F803433541C82D246FBD0C33FC747A910905C7B,graphics/source/sprites/WPMJ9A4.bam
supplemental:sprites:paperdoll-animation-bam:WPMJ9A4E,sprites,paperdoll-animation-bam,WPMJ9A4E,BAMC,V1,30,8,data/PaperDol.bif,0x062004B2,3290,B358FE23DC0C0AD67FA46054A42966BECCBC92353554F927C7D5314A88F3826F,graphics/source/sprites/WPMJ9A4E.bam
supplemental:sprites:paperdoll-animation-bam:WPMJ9A5,sprites,paperdoll-animation-bam,WPMJ9A5,BAMC,V1,30,8,data/PaperDol.bif,0x062004B3,3352,0DFF9BFEDAFDF7A0D1B5E539D3D7FB670D5BE1E107F8CD9FA30AC29FCDA9A04F,graphics/source/sprites/WPMJ9A5.bam
supplemental:sprites:paperdoll-animation-bam:WPMJ9A5E,sprites,paperdoll-animation-bam,WPMJ9A5E,BAMC,V1,18,8,data/PaperDol.bif,0x062004B4,2242,0125EFD917E2A2101D9C6D693A7EEE7961D3DE8AC6D0C8B09AC11EAC5ADB7414,graphics/source/sprites/WPMJ9A5E.bam
supplemental:sprites:paperdoll-animation-bam:WPMJ9A6,sprites,paperdoll-animation-bam,WPMJ9A6,BAMC,V1,40,8,data/PaperDol.bif,0x062004B5,4334,18091E74E389A426472F7001AACB31F3D9A3C5A7936180622BBE030A4BEB1E19,graphics/source/sprites/WPMJ9A6.bam
supplemental:sprites:paperdoll-animation-bam:WPMJ9A6E,sprites,paperdoll-animation-bam,WPMJ9A6E,BAMC,V1,24,8,data/PaperDol.bif,0x062004B6,2825,C45D8AC3B9524F4BF246525D5DD60B42BF183F6DF178C7151AC44219F394EF96,graphics/source/sprites/WPMJ9A6E.bam
supplemental:sprites:paperdoll-animation-bam:WPMJ9CA,sprites,paperdoll-animation-bam,WPMJ9CA,BAMC,V1,50,64,data/PaperDol.bif,0x062004B7,5622,F3DE50605659E7974F9A2E5EFFC99E57E03D69A25344F296FB60A3EB711D1813,graphics/source/sprites/WPMJ9CA.bam
supplemental:sprites:paperdoll-animation-bam:WPMJ9CAE,sprites,paperdoll-animation-bam,WPMJ9CAE,BAMC,V1,30,64,data/PaperDol.bif,0x062004B8,3599,BBE4BD87440639AAA4F61163FCCA88560F85ED10B794E8733C6532650E7CBE81,graphics/source/sprites/WPMJ9CAE.bam
supplemental:sprites:paperdoll-animation-bam:WPMJ9G1,sprites,paperdoll-animation-bam,WPMJ9G1,BAMC,V1,180,72,data/PaperDol.bif,0x062004B9,15290,AB71B4F1F1B7A8E7428D4DA6C7BFFC24C90E2104C2DBBBF970FA3BCA92BBC6A0,graphics/source/sprites/WPMJ9G1.bam
supplemental:sprites:paperdoll-animation-bam:WPMJ9G1E,sprites,paperdoll-animation-bam,WPMJ9G1E,BAMC,V1,108,72,data/PaperDol.bif,0x062004BA,9477,CBF18F80D1151D9284214332B90F090436ED3FF15E79B69DA6DDA166C4503CF5,graphics/source/sprites/WPMJ9G1E.bam
supplemental:sprites:paperdoll-animation-bam:WPMJ9INV,sprites,paperdoll-animation-bam,WPMJ9INV,BAM,V1,2,1,data/PaperDol.bif,0x062004BB,1959,6B787E74ED988E1E64B9319604FC00AB3191105E5196764023A6B51D9905D526,graphics/source/sprites/WPMJ9INV.bam
supplemental:sprites:paperdoll-animation-bam:WPMJ9SA,sprites,paperdoll-animation-bam,WPMJ9SA,BAMC,V1,20,8,data/PaperDol.bif,0x062004BC,2666,E79D47E9D9E5EFE2E31DFE42451892537E7749611C152760F3154DF928B878B0,graphics/source/sprites/WPMJ9SA.bam
supplemental:sprites:paperdoll-animation-bam:WPMJ9SAE,sprites,paperdoll-animation-bam,WPMJ9SAE,BAMC,V1,12,8,data/PaperDol.bif,0x062004BD,1817,E023774DED932D9018BD9D08911635C5325DB4072785A48D527110DE5416EA68,graphics/source/sprites/WPMJ9SAE.bam
supplemental:sprites:paperdoll-animation-bam:WPMJ9SX,sprites,paperdoll-animation-bam,WPMJ9SX,BAMC,V1,15,8,data/PaperDol.bif,0x062004BE,2126,8BC11E1DC2B2482EBED0ECC5F4A5B6AEDF8F3999AD6D6082E12DA2148CE6A5F1,graphics/source/sprites/WPMJ9SX.bam
supplemental:sprites:paperdoll-animation-bam:WPMJ9SXE,sprites,paperdoll-animation-bam,WPMJ9SXE,BAMC,V1,9,8,data/PaperDol.bif,0x062004BF,1548,5AA6E4B0E6F3CA1EA53E598240FC0B7A12063B7BE53AC9C3E23F8755D5853A2C,graphics/source/sprites/WPMJ9SXE.bam
supplemental:sprites:paperdoll-animation-bam:WPMJ9W2,sprites,paperdoll-animation-bam,WPMJ9W2,BAMC,V1,50,8,data/PaperDol.bif,0x062004C0,4324,668336138D3A7C958A88821B99F9541D45BDA02875A54F8EDAFCA35A9DC3C747,graphics/source/sprites/WPMJ9W2.bam
supplemental:sprites:paperdoll-animation-bam:WPMJ9W2E,sprites,paperdoll-animation-bam,WPMJ9W2E,BAMC,V1,30,8,data/PaperDol.bif,0x062004C1,2876,1D82D404F3C48E4C4A7DE0AC03A855A46F0BAF2A8F0B05F48B5B0A4EAFF6E7BE,graphics/source/sprites/WPMJ9W2E.bam
supplemental:sprites:paperdoll-animation-bam:WPMJAA1,sprites,paperdoll-animation-bam,WPMJAA1,BAMC,V1,50,16,data/PaperDol.bif,0x062004C2,7058,8352EBF852FCD910FE4ABAF2FFE9F254F3DB9E89D7FA7BCC9295926CB2D9E5CB,graphics/source/sprites/WPMJAA1.bam
supplemental:sprites:paperdoll-animation-bam:WPMJAA1E,sprites,paperdoll-animation-bam,WPMJAA1E,BAMC,V1,30,16,data/PaperDol.bif,0x062004C3,4577,DC32188A352437F5EC8A29D483D274584CFBD7122DF9C62776447FF18ACC6740,graphics/source/sprites/WPMJAA1E.bam
supplemental:sprites:paperdoll-animation-bam:WPMJAA2,sprites,paperdoll-animation-bam,WPMJAA2,BAMC,V1,50,8,data/PaperDol.bif,0x062004C4,6988,29E52EEEAF8889269917CCC8F662D327C83166C2143278805855C0BE45E8D461,graphics/source/sprites/WPMJAA2.bam
supplemental:sprites:paperdoll-animation-bam:WPMJAA2E,sprites,paperdoll-animation-bam,WPMJAA2E,BAMC,V1,30,8,data/PaperDol.bif,0x062004C5,4564,091265A5B0B20213806734FD91202621FE1AFEFDE1B125477ED75CA0BF38FD5F,graphics/source/sprites/WPMJAA2E.bam
supplemental:sprites:paperdoll-animation-bam:WPMJAA3,sprites,paperdoll-animation-bam,WPMJAA3,BAMC,V1,50,8,data/PaperDol.bif,0x062004C6,7223,8FA43DEB802CCB411B5AC546FAAE3A1466A76988D5B0DC8399B0DF09BCBEE1F6,graphics/source/sprites/WPMJAA3.bam
supplemental:sprites:paperdoll-animation-bam:WPMJAA3E,sprites,paperdoll-animation-bam,WPMJAA3E,BAMC,V1,30,8,data/PaperDol.bif,0x062004C7,4432,71E8EF6E643B2950B14C4C8FB20A43F140FDCF17624673000C96234F6F14662A,graphics/source/sprites/WPMJAA3E.bam
supplemental:sprites:paperdoll-animation-bam:WPMJAA4,sprites,paperdoll-animation-bam,WPMJAA4,BAMC,V1,50,8,data/PaperDol.bif,0x062004C8,7030,0ED62412DB19D946AFFEE41FB5742C2574ABEE84E04326659D379E39ACB87D22,graphics/source/sprites/WPMJAA4.bam
supplemental:sprites:paperdoll-animation-bam:WPMJAA4E,sprites,paperdoll-animation-bam,WPMJAA4E,BAMC,V1,30,8,data/PaperDol.bif,0x062004C9,4355,E407A7185FA7B0CB164F0F6A4C26047BC431E414D659666AA879DF238424F287,graphics/source/sprites/WPMJAA4E.bam
supplemental:sprites:paperdoll-animation-bam:WPMJAA5,sprites,paperdoll-animation-bam,WPMJAA5,BAMC,V1,30,8,data/PaperDol.bif,0x062004CA,4549,92E2573B3E4381EA0821BBBE087CCC9030D80558C5ED9715A96B0993DEE4A9D2,graphics/source/sprites/WPMJAA5.bam
supplemental:sprites:paperdoll-animation-bam:WPMJAA5E,sprites,paperdoll-animation-bam,WPMJAA5E,BAMC,V1,18,8,data/PaperDol.bif,0x062004CB,2961,DBBA68DAC4AA466130CE3D25A4ECD6970E042D438A1F65D6C6AA6B05973FE7D4,graphics/source/sprites/WPMJAA5E.bam
supplemental:sprites:paperdoll-animation-bam:WPMJAA6,sprites,paperdoll-animation-bam,WPMJAA6,BAMC,V1,40,8,data/PaperDol.bif,0x062004CC,5934,1907CD7F2C9633ACBF0488557DBCFFB1F4ADEBCD7BF437B5B39DE59D23EF4C35,graphics/source/sprites/WPMJAA6.bam
supplemental:sprites:paperdoll-animation-bam:WPMJAA6E,sprites,paperdoll-animation-bam,WPMJAA6E,BAMC,V1,24,8,data/PaperDol.bif,0x062004CD,3734,1BCEF668C914DCC4D8EFEC0C184FA362D28A419C7BE20741D35B6E597937DE7B,graphics/source/sprites/WPMJAA6E.bam
supplemental:sprites:paperdoll-animation-bam:WPMJACA,sprites,paperdoll-animation-bam,WPMJACA,BAMC,V1,50,62,data/PaperDol.bif,0x062004CE,7696,33D5F57F81A089578FAB051C1DFE751EED0895FACFFDCED973B97286D6F1C2C9,graphics/source/sprites/WPMJACA.bam
supplemental:sprites:paperdoll-animation-bam:WPMJACAE,sprites,paperdoll-animation-bam,WPMJACAE,BAMC,V1,30,64,data/PaperDol.bif,0x062004CF,4790,E2A0676DAB3163AB7D0E855E401EA1A5DBC3A08BE7EE99960CAA17C16E88ABCE,graphics/source/sprites/WPMJACAE.bam
supplemental:sprites:paperdoll-animation-bam:WPMJAG1,sprites,paperdoll-animation-bam,WPMJAG1,BAMC,V1,180,72,data/PaperDol.bif,0x062004D0,22585,27D5879CB53A80BD8A92E4D5B9C56BB6E99B1AA438056889BF4E423229A72089,graphics/source/sprites/WPMJAG1.bam
supplemental:sprites:paperdoll-animation-bam:WPMJAG1E,sprites,paperdoll-animation-bam,WPMJAG1E,BAMC,V1,108,72,data/PaperDol.bif,0x062004D1,13345,C67CD96550BF5F9D9969C833541BA40B24B87205AA664CE2F7DABBB378FC7508,graphics/source/sprites/WPMJAG1E.bam
supplemental:sprites:paperdoll-animation-bam:WPMJAINV,sprites,paperdoll-animation-bam,WPMJAINV,BAM,V1,2,1,data/PaperDol.bif,0x062004D2,2476,E7CC8CDD15209DFA8814AF16DDB13B3FDCAC40DF7756AF6C848086F7CF1A77AD,graphics/source/sprites/WPMJAINV.bam
supplemental:sprites:paperdoll-animation-bam:WPMJASA,sprites,paperdoll-animation-bam,WPMJASA,BAMC,V1,20,8,data/PaperDol.bif,0x062004D3,3436,B6AEB59FAD227D1FB7568C827CAACA4BC74CE5BAC4AB886B66540CE889C18E47,graphics/source/sprites/WPMJASA.bam
supplemental:sprites:paperdoll-animation-bam:WPMJASAE,sprites,paperdoll-animation-bam,WPMJASAE,BAMC,V1,12,8,data/PaperDol.bif,0x062004D4,2304,9CF136847B4534A0FA7066CDFA06115BBD4731EAD216D560542861A2BDB9AF8A,graphics/source/sprites/WPMJASAE.bam
supplemental:sprites:paperdoll-animation-bam:WPMJASX,sprites,paperdoll-animation-bam,WPMJASX,BAMC,V1,15,8,data/PaperDol.bif,0x062004D5,2743,F2A17F55B7EC2AD3C9E8AD14B0F88D481222C2A824B7BD6878497064F8FA9D50,graphics/source/sprites/WPMJASX.bam
supplemental:sprites:paperdoll-animation-bam:WPMJASXE,sprites,paperdoll-animation-bam,WPMJASXE,BAMC,V1,9,8,data/PaperDol.bif,0x062004D6,1892,191D91DA55B7B62D635FDCF4134E0D58656DB466F6E7F21F4DC442645C137984,graphics/source/sprites/WPMJASXE.bam
supplemental:sprites:paperdoll-animation-bam:WPMJAW2,sprites,paperdoll-animation-bam,WPMJAW2,BAMC,V1,50,8,data/PaperDol.bif,0x062004D7,6304,1067DD41488BC334333511F42C45CF656A83B494C8AE1C60C2AF8DE953E392A2,graphics/source/sprites/WPMJAW2.bam
supplemental:sprites:paperdoll-animation-bam:WPMJAW2E,sprites,paperdoll-animation-bam,WPMJAW2E,BAMC,V1,30,8,data/PaperDol.bif,0x062004D8,3957,266C4D591B40FD928F0C591D039F1B3F3EBCC4A4ADE5194D01C5D72F2A036AE2,graphics/source/sprites/WPMJAW2E.bam
supplemental:sprites:paperdoll-animation-bam:WPMJBA1,sprites,paperdoll-animation-bam,WPMJBA1,BAM,V1,50,16,data/PaperDol.bif,0x062004D9,2034,9A8B9161D7BC061C2894D55A7A9DDE0F091018B98BF593140645DA87CEA0A007,graphics/source/sprites/WPMJBA1.bam
supplemental:sprites:paperdoll-animation-bam:WPMJBA1E,sprites,paperdoll-animation-bam,WPMJBA1E,BAM,V1,30,16,data/PaperDol.bif,0x062004DA,1678,353EDA3947CCEEFD61C427C7D4A909B815FBC95EAC3F195B0A60CA31A8738647,graphics/source/sprites/WPMJBA1E.bam
supplemental:sprites:paperdoll-animation-bam:WPMJBA2,sprites,paperdoll-animation-bam,WPMJBA2,BAM,V1,50,8,data/PaperDol.bif,0x062004DB,1936,944B3DFC003D223ACAB015C23B27D941299B07006B0DFF136ADE9DBF91DDB3EB,graphics/source/sprites/WPMJBA2.bam
supplemental:sprites:paperdoll-animation-bam:WPMJBA2E,sprites,paperdoll-animation-bam,WPMJBA2E,BAM,V1,30,8,data/PaperDol.bif,0x062004DC,1572,BB6CCC3EECAA0A68A82F1CF88992A5068044D8624BE6BCCF3B41B0A32226122E,graphics/source/sprites/WPMJBA2E.bam
supplemental:sprites:paperdoll-animation-bam:WPMJBA3,sprites,paperdoll-animation-bam,WPMJBA3,BAM,V1,50,8,data/PaperDol.bif,0x062004DD,1936,944B3DFC003D223ACAB015C23B27D941299B07006B0DFF136ADE9DBF91DDB3EB,graphics/source/sprites/WPMJBA3.bam
supplemental:sprites:paperdoll-animation-bam:WPMJBA3E,sprites,paperdoll-animation-bam,WPMJBA3E,BAM,V1,30,8,data/PaperDol.bif,0x062004DE,1572,BB6CCC3EECAA0A68A82F1CF88992A5068044D8624BE6BCCF3B41B0A32226122E,graphics/source/sprites/WPMJBA3E.bam
supplemental:sprites:paperdoll-animation-bam:WPMJBA4,sprites,paperdoll-animation-bam,WPMJBA4,BAM,V1,50,8,data/PaperDol.bif,0x062004DF,1936,944B3DFC003D223ACAB015C23B27D941299B07006B0DFF136ADE9DBF91DDB3EB,graphics/source/sprites/WPMJBA4.bam
supplemental:sprites:paperdoll-animation-bam:WPMJBA4E,sprites,paperdoll-animation-bam,WPMJBA4E,BAM,V1,30,8,data/PaperDol.bif,0x062004E0,1572,BB6CCC3EECAA0A68A82F1CF88992A5068044D8624BE6BCCF3B41B0A32226122E,graphics/source/sprites/WPMJBA4E.bam
supplemental:sprites:paperdoll-animation-bam:WPMJBA5,sprites,paperdoll-animation-bam,WPMJBA5,BAM,V1,30,8,data/PaperDol.bif,0x062004E1,1644,47B0FE52DE05862965FA8892CA6B5108ED5AD2B3B1110D73A50B720317BD4DA4,graphics/source/sprites/WPMJBA5.bam
supplemental:sprites:paperdoll-animation-bam:WPMJBA5E,sprites,paperdoll-animation-bam,WPMJBA5E,BAM,V1,18,8,data/PaperDol.bif,0x062004E2,1444,B511ADCF02F08A11E0E9A6969440311C6A90AC9F0056DBBDFB7C0CB8D88E7CA5,graphics/source/sprites/WPMJBA5E.bam
supplemental:sprites:paperdoll-animation-bam:WPMJBA6,sprites,paperdoll-animation-bam,WPMJBA6,BAM,V1,40,8,data/PaperDol.bif,0x062004E3,1796,C55F90E379F1881021FE00292A4E5F766572253F4EE2E4FCFA18AC9D813EEC2B,graphics/source/sprites/WPMJBA6.bam
supplemental:sprites:paperdoll-animation-bam:WPMJBA6E,sprites,paperdoll-animation-bam,WPMJBA6E,BAM,V1,24,8,data/PaperDol.bif,0x062004E4,1518,12EACC26D45100F19E7877DB25DCA4B034C65C4761013735E6D82CC418AB95C3,graphics/source/sprites/WPMJBA6E.bam
supplemental:sprites:paperdoll-animation-bam:WPMJBCA,sprites,paperdoll-animation-bam,WPMJBCA,BAM,V1,50,64,data/PaperDol.bif,0x062004E5,3092,796E62E25B878F803BF874624865B82AE8964D76A559C293C209382F4F2F382C,graphics/source/sprites/WPMJBCA.bam
supplemental:sprites:paperdoll-animation-bam:WPMJBCAE,sprites,paperdoll-animation-bam,WPMJBCAE,BAM,V1,30,64,data/PaperDol.bif,0x062004E6,2354,512CB092F3A2BB9D2E060FB618AF4E8D56CED5FDFC66BA7171BFB935FD67431E,graphics/source/sprites/WPMJBCAE.bam
supplemental:sprites:paperdoll-animation-bam:WPMJBG1,sprites,paperdoll-animation-bam,WPMJBG1,BAM,V1,180,72,data/PaperDol.bif,0x062004E7,5754,256E8DF9FF3763DBED66CDE303A3297F38A92C9BC27A6C874DBFD32642F8335E,graphics/source/sprites/WPMJBG1.bam
supplemental:sprites:paperdoll-animation-bam:WPMJBG1E,sprites,paperdoll-animation-bam,WPMJBG1E,BAM,V1,108,72,data/PaperDol.bif,0x062004E8,3946,6E10D76E375058AC3CF38375E8FC486031D55C3100CC560C8EBEC3BC7207CF1F,graphics/source/sprites/WPMJBG1E.bam
supplemental:sprites:paperdoll-animation-bam:WPMJBINV,sprites,paperdoll-animation-bam,WPMJBINV,BAM,V1,2,1,data/PaperDol.bif,0x062004E9,1214,8B0F82F6A86262D0F4306AE053EF6C3227BA34AEBB02D7DE8638ED12AB0CE305,graphics/source/sprites/WPMJBINV.bam
supplemental:sprites:paperdoll-animation-bam:WPMJBSA,sprites,paperdoll-animation-bam,WPMJBSA,BAM,V1,20,8,data/PaperDol.bif,0x062004EA,1516,3ACDA5E0B8F1CCAE46185709147343DBE2AC6D9E74CD3D112451EB4F2C959627,graphics/source/sprites/WPMJBSA.bam
supplemental:sprites:paperdoll-animation-bam:WPMJBSAE,sprites,paperdoll-animation-bam,WPMJBSAE,BAM,V1,12,8,data/PaperDol.bif,0x062004EB,1350,C4182AE17FED09D6F93D65E91BA3E252660A424A6B850E4DC63A474784396131,graphics/source/sprites/WPMJBSAE.bam
supplemental:sprites:paperdoll-animation-bam:WPMJBSX,sprites,paperdoll-animation-bam,WPMJBSX,BAM,V1,15,8,data/PaperDol.bif,0x062004EC,1446,19D89EAE8A347996A132BCA73E1DB0310ABAFB4D166572561778690A2EE6FC4F,graphics/source/sprites/WPMJBSX.bam
supplemental:sprites:paperdoll-animation-bam:WPMJBSXE,sprites,paperdoll-animation-bam,WPMJBSXE,BAM,V1,9,8,data/PaperDol.bif,0x062004ED,1298,E41B7930EA0F5B79D5AB91A50A861F8AC219C6BA360AC4696B153D50104F5C31,graphics/source/sprites/WPMJBSXE.bam
supplemental:sprites:paperdoll-animation-bam:WPMJBW2,sprites,paperdoll-animation-bam,WPMJBW2,BAM,V1,50,8,data/PaperDol.bif,0x062004EE,2502,F4361518F5BC7040D3F74B2BCF015577E13771877C94758B3772563F5B3AFF45,graphics/source/sprites/WPMJBW2.bam
supplemental:sprites:paperdoll-animation-bam:WPMJBW2E,sprites,paperdoll-animation-bam,WPMJBW2E,BAM,V1,30,8,data/PaperDol.bif,0x062004EF,1560,21D59C452D8D505F6C60B435368DAD0841A9F8585B35E2F4BD193E2625A80163,graphics/source/sprites/WPMJBW2E.bam
supplemental:sprites:paperdoll-animation-bam:WPMJCINV,sprites,paperdoll-animation-bam,WPMJCINV,BAM,V1,2,1,data/PaperDol.bif,0x062004F0,2259,81F2EE7403A7214644A32A2B0BEF2DC686E7D3D49D37B0554EE1B0DFC97D60E2,graphics/source/sprites/WPMJCINV.bam
supplemental:sprites:paperdoll-animation-bam:WPMM2A1,sprites,paperdoll-animation-bam,WPMM2A1,BAMC,V1,50,15,data/PaperDol.bif,0x062004F1,4417,00F346DD0E0BE7FFABC526833B9315AB72C27FA5A3601E3090C122C60F18D233,graphics/source/sprites/WPMM2A1.bam
supplemental:sprites:paperdoll-animation-bam:WPMM2A1E,sprites,paperdoll-animation-bam,WPMM2A1E,BAMC,V1,30,16,data/PaperDol.bif,0x062004F2,2940,D7F1E760B9275BB12F21A665B2177297C78EAED087460769E14700FC470222CB,graphics/source/sprites/WPMM2A1E.bam
supplemental:sprites:paperdoll-animation-bam:WPMM2A3,sprites,paperdoll-animation-bam,WPMM2A3,BAMC,V1,50,8,data/PaperDol.bif,0x062004F3,4047,84DD3DCEDA186EAB796F55AC59748466D383871160B63E7D46EDDEE12D33FEBE,graphics/source/sprites/WPMM2A3.bam
supplemental:sprites:paperdoll-animation-bam:WPMM2A3E,sprites,paperdoll-animation-bam,WPMM2A3E,BAMC,V1,30,8,data/PaperDol.bif,0x062004F4,3032,AC9B2360DE96853D64DCCBECF8E33C799D3F1BB50CAEAEE9C83CF5037D1AFB51,graphics/source/sprites/WPMM2A3E.bam
supplemental:sprites:paperdoll-animation-bam:WPMM2G1,sprites,paperdoll-animation-bam,WPMM2G1,BAMC,V1,180,72,data/PaperDol.bif,0x062004F5,11966,C9E82CD591D32E1F3EE3536F5368C92B80E57D6078F79C1EDFA5243052CF00A5,graphics/source/sprites/WPMM2G1.bam
supplemental:sprites:paperdoll-animation-bam:WPMM2G1E,sprites,paperdoll-animation-bam,WPMM2G1E,BAMC,V1,108,72,data/PaperDol.bif,0x062004F6,8317,655C83655CF556A7A18B2D9BE34DD6541EEF5FB5B0979D2887F3F3B257AE5011,graphics/source/sprites/WPMM2G1E.bam
supplemental:sprites:paperdoll-animation-bam:WPMM2INV,sprites,paperdoll-animation-bam,WPMM2INV,BAM,V1,2,1,data/PaperDol.bif,0x062004F7,1811,3118D58F14988DDB24ACFC4EFC46FF10633FBDC3365C4746707AB5BE7D0157BF,graphics/source/sprites/WPMM2INV.bam
supplemental:sprites:paperdoll-animation-bam:WPMM2OIN,sprites,paperdoll-animation-bam,WPMM2OIN,BAM,V1,2,1,data/PaperDol.bif,0x062004F8,1707,0152C77AA8E18B4683DDB81D64DF052B591DC24B7BF22218704A47FB626968D9,graphics/source/sprites/WPMM2OIN.bam
supplemental:sprites:paperdoll-animation-bam:WPMM2W2,sprites,paperdoll-animation-bam,WPMM2W2,BAMC,V1,50,8,data/PaperDol.bif,0x062004F9,3696,C7E85B7DB5D000E00F8A5DFE8A91F1205272D39134B9DA764F230E9B65C8A643,graphics/source/sprites/WPMM2W2.bam
supplemental:sprites:paperdoll-animation-bam:WPMM2W2E,sprites,paperdoll-animation-bam,WPMM2W2E,BAMC,V1,30,8,data/PaperDol.bif,0x062004FA,2787,7FE9C971EC415CA3EBBE1A00D65968BE27A06C17B8F73DFAF7F6FBF60A189016,graphics/source/sprites/WPMM2W2E.bam
supplemental:sprites:object-animation-bam:WPMMCA1,sprites,object-animation-bam,WPMMCA1,BAMC,V1,50,15,data/OBJAnim.bif,0x00200273,4417,00F346DD0E0BE7FFABC526833B9315AB72C27FA5A3601E3090C122C60F18D233,graphics/source/sprites/WPMMCA1.bam
supplemental:sprites:object-animation-bam:WPMMCA1E,sprites,object-animation-bam,WPMMCA1E,BAMC,V1,30,16,data/OBJAnim.bif,0x00200274,2940,D7F1E760B9275BB12F21A665B2177297C78EAED087460769E14700FC470222CB,graphics/source/sprites/WPMMCA1E.bam
supplemental:sprites:object-animation-bam:WPMMCA3,sprites,object-animation-bam,WPMMCA3,BAMC,V1,50,8,data/OBJAnim.bif,0x00200275,4047,84DD3DCEDA186EAB796F55AC59748466D383871160B63E7D46EDDEE12D33FEBE,graphics/source/sprites/WPMMCA3.bam
supplemental:sprites:object-animation-bam:WPMMCA3E,sprites,object-animation-bam,WPMMCA3E,BAMC,V1,30,8,data/OBJAnim.bif,0x00200276,3032,AC9B2360DE96853D64DCCBECF8E33C799D3F1BB50CAEAEE9C83CF5037D1AFB51,graphics/source/sprites/WPMMCA3E.bam
supplemental:sprites:object-animation-bam:WPMMCG1,sprites,object-animation-bam,WPMMCG1,BAMC,V1,180,72,data/OBJAnim.bif,0x00200277,11966,C9E82CD591D32E1F3EE3536F5368C92B80E57D6078F79C1EDFA5243052CF00A5,graphics/source/sprites/WPMMCG1.bam
supplemental:sprites:object-animation-bam:WPMMCG1E,sprites,object-animation-bam,WPMMCG1E,BAMC,V1,108,72,data/OBJAnim.bif,0x00200278,8317,655C83655CF556A7A18B2D9BE34DD6541EEF5FB5B0979D2887F3F3B257AE5011,graphics/source/sprites/WPMMCG1E.bam
supplemental:sprites:paperdoll-animation-bam:WPMMCINV,sprites,paperdoll-animation-bam,WPMMCINV,BAM,V1,2,1,data/PaperDol.bif,0x062004FB,1474,8BCD010E065D9B28991AF1B31254450F7B046B4CF67C7FF8E666F3E5025D2B8F,graphics/source/sprites/WPMMCINV.bam
supplemental:sprites:paperdoll-animation-bam:WPMMCOIN,sprites,paperdoll-animation-bam,WPMMCOIN,BAM,V1,2,1,data/PaperDol.bif,0x062004FC,1442,C913AA856927A659758E4BBBC083EA6A124AE9C419C60A8993EFD363D4D11980,graphics/source/sprites/WPMMCOIN.bam
supplemental:sprites:object-animation-bam:WPMMCW2,sprites,object-animation-bam,WPMMCW2,BAMC,V1,50,8,data/OBJAnim.bif,0x00200279,3696,C7E85B7DB5D000E00F8A5DFE8A91F1205272D39134B9DA764F230E9B65C8A643,graphics/source/sprites/WPMMCW2.bam
supplemental:sprites:object-animation-bam:WPMMCW2E,sprites,object-animation-bam,WPMMCW2E,BAMC,V1,30,8,data/OBJAnim.bif,0x0020027A,2787,7FE9C971EC415CA3EBBE1A00D65968BE27A06C17B8F73DFAF7F6FBF60A189016,graphics/source/sprites/WPMMCW2E.bam
supplemental:sprites:object-animation-bam:WPMMSA1,sprites,object-animation-bam,WPMMSA1,BAMC,V1,50,15,data/OBJAnim.bif,0x0020027B,4417,00F346DD0E0BE7FFABC526833B9315AB72C27FA5A3601E3090C122C60F18D233,graphics/source/sprites/WPMMSA1.bam
supplemental:sprites:object-animation-bam:WPMMSA1E,sprites,object-animation-bam,WPMMSA1E,BAMC,V1,30,16,data/OBJAnim.bif,0x0020027C,2940,D7F1E760B9275BB12F21A665B2177297C78EAED087460769E14700FC470222CB,graphics/source/sprites/WPMMSA1E.bam
supplemental:sprites:object-animation-bam:WPMMSA3,sprites,object-animation-bam,WPMMSA3,BAMC,V1,50,8,data/OBJAnim.bif,0x0020027D,4047,84DD3DCEDA186EAB796F55AC59748466D383871160B63E7D46EDDEE12D33FEBE,graphics/source/sprites/WPMMSA3.bam
supplemental:sprites:object-animation-bam:WPMMSA3E,sprites,object-animation-bam,WPMMSA3E,BAMC,V1,30,8,data/OBJAnim.bif,0x0020027E,3032,AC9B2360DE96853D64DCCBECF8E33C799D3F1BB50CAEAEE9C83CF5037D1AFB51,graphics/source/sprites/WPMMSA3E.bam
supplemental:sprites:object-animation-bam:WPMMSG1,sprites,object-animation-bam,WPMMSG1,BAMC,V1,180,72,data/OBJAnim.bif,0x0020027F,11966,C9E82CD591D32E1F3EE3536F5368C92B80E57D6078F79C1EDFA5243052CF00A5,graphics/source/sprites/WPMMSG1.bam
supplemental:sprites:object-animation-bam:WPMMSG1E,sprites,object-animation-bam,WPMMSG1E,BAMC,V1,108,72,data/OBJAnim.bif,0x00200280,8317,655C83655CF556A7A18B2D9BE34DD6541EEF5FB5B0979D2887F3F3B257AE5011,graphics/source/sprites/WPMMSG1E.bam
supplemental:sprites:paperdoll-animation-bam:WPMMSINV,sprites,paperdoll-animation-bam,WPMMSINV,BAM,V1,2,1,data/PaperDol.bif,0x062004FD,1523,826A00CE4F9A0CC61BA79757CD1A2BB621B12D33F0D1E5FC2C0CC28F12E4B15D,graphics/source/sprites/WPMMSINV.bam
supplemental:sprites:paperdoll-animation-bam:WPMMSOIN,sprites,paperdoll-animation-bam,WPMMSOIN,BAM,V1,2,1,data/PaperDol.bif,0x062004FE,1548,67C7FAFE94131F626FB291BB6211F2B85F517F4A6DF07B4A7B5FAB99E3935073,graphics/source/sprites/WPMMSOIN.bam
supplemental:sprites:object-animation-bam:WPMMSW2,sprites,object-animation-bam,WPMMSW2,BAMC,V1,50,8,data/OBJAnim.bif,0x00200281,3696,C7E85B7DB5D000E00F8A5DFE8A91F1205272D39134B9DA764F230E9B65C8A643,graphics/source/sprites/WPMMSW2.bam
supplemental:sprites:object-animation-bam:WPMMSW2E,sprites,object-animation-bam,WPMMSW2E,BAMC,V1,30,8,data/OBJAnim.bif,0x00200282,2787,7FE9C971EC415CA3EBBE1A00D65968BE27A06C17B8F73DFAF7F6FBF60A189016,graphics/source/sprites/WPMMSW2E.bam
supplemental:sprites:paperdoll-animation-bam:WPMQ2A2,sprites,paperdoll-animation-bam,WPMQ2A2,BAMC,V1,50,8,data/PaperDol.bif,0x062004FF,6258,B0996E1DFF8719E0CBEAB6733DF3D56EEC9BAED3D7C377CDEC8338B2C438EA9F,graphics/source/sprites/WPMQ2A2.bam
supplemental:sprites:paperdoll-animation-bam:WPMQ2A2E,sprites,paperdoll-animation-bam,WPMQ2A2E,BAMC,V1,30,8,data/PaperDol.bif,0x06200500,3797,C3E2B52B3E8F5801CF2DC89481BC1A5C7AAD43DB28BA377B80A0EE264A835374,graphics/source/sprites/WPMQ2A2E.bam
supplemental:sprites:paperdoll-animation-bam:WPMQ2A4,sprites,paperdoll-animation-bam,WPMQ2A4,BAMC,V1,50,8,data/PaperDol.bif,0x06200501,5940,42BD7F6F7DF25925F31CD2753D30D9924D44EB9591D5ACD32FA156EDC612AE49,graphics/source/sprites/WPMQ2A4.bam
supplemental:sprites:paperdoll-animation-bam:WPMQ2A4E,sprites,paperdoll-animation-bam,WPMQ2A4E,BAMC,V1,30,8,data/PaperDol.bif,0x06200502,4101,BD7F30DBA924C668C5B5E4576A398D81FCF70FEABC2696FA0ED0E84FB14D66D2,graphics/source/sprites/WPMQ2A4E.bam
supplemental:sprites:paperdoll-animation-bam:WPMQ2A6,sprites,paperdoll-animation-bam,WPMQ2A6,BAMC,V1,40,8,data/PaperDol.bif,0x06200503,4801,289C0F68D387B1656C6ED440B2B29135EAE713DFC846392B17445EA905151DDB,graphics/source/sprites/WPMQ2A6.bam
supplemental:sprites:paperdoll-animation-bam:WPMQ2A6E,sprites,paperdoll-animation-bam,WPMQ2A6E,BAMC,V1,24,8,data/PaperDol.bif,0x06200504,3080,C39A4A89DD6DC8B60ADC7D9D4B2F8AFCAA09DD32343CE212A1CBE08E3CEA33C9,graphics/source/sprites/WPMQ2A6E.bam
supplemental:sprites:paperdoll-animation-bam:WPMQ2G1,sprites,paperdoll-animation-bam,WPMQ2G1,BAMC,V1,180,72,data/PaperDol.bif,0x06200505,17362,23198E154D3C1FE4B542DB2B15634FC5F981A709778A43F2DEF95E712C396EA6,graphics/source/sprites/WPMQ2G1.bam
supplemental:sprites:paperdoll-animation-bam:WPMQ2G1E,sprites,paperdoll-animation-bam,WPMQ2G1E,BAMC,V1,108,72,data/PaperDol.bif,0x06200506,12162,17C1377D9568C151BBC9927002F597A56C32866A655C8C47B234C98DFEDC5374,graphics/source/sprites/WPMQ2G1E.bam
supplemental:sprites:paperdoll-animation-bam:WPMQ2INV,sprites,paperdoll-animation-bam,WPMQ2INV,BAM,V1,2,1,data/PaperDol.bif,0x06200507,1876,EA1AC95C5693DEBD2856F37E319FCEBD0F62F592336819FD25DE74078C64B8D9,graphics/source/sprites/WPMQ2INV.bam
supplemental:sprites:paperdoll-animation-bam:WPMQ2W2,sprites,paperdoll-animation-bam,WPMQ2W2,BAMC,V1,50,8,data/PaperDol.bif,0x06200508,5102,018E75F4C1C213142E55CE55BFD741F751C774608A2DF9C17122B4015A54D371,graphics/source/sprites/WPMQ2W2.bam
supplemental:sprites:paperdoll-animation-bam:WPMQ2W2E,sprites,paperdoll-animation-bam,WPMQ2W2E,BAMC,V1,30,8,data/PaperDol.bif,0x06200509,3896,7B1EBEEB56B282A1C43B4D7C0C534F2ADFA65618E6BBD8704D89F4FADAFD6495,graphics/source/sprites/WPMQ2W2E.bam
supplemental:sprites:paperdoll-animation-bam:WPMQ3A2,sprites,paperdoll-animation-bam,WPMQ3A2,BAMC,V1,50,8,data/PaperDol.bif,0x0620050A,6258,B0996E1DFF8719E0CBEAB6733DF3D56EEC9BAED3D7C377CDEC8338B2C438EA9F,graphics/source/sprites/WPMQ3A2.bam
supplemental:sprites:paperdoll-animation-bam:WPMQ3A2E,sprites,paperdoll-animation-bam,WPMQ3A2E,BAMC,V1,30,8,data/PaperDol.bif,0x0620050B,3797,C3E2B52B3E8F5801CF2DC89481BC1A5C7AAD43DB28BA377B80A0EE264A835374,graphics/source/sprites/WPMQ3A2E.bam
supplemental:sprites:paperdoll-animation-bam:WPMQ3A4,sprites,paperdoll-animation-bam,WPMQ3A4,BAMC,V1,50,8,data/PaperDol.bif,0x0620050C,5940,42BD7F6F7DF25925F31CD2753D30D9924D44EB9591D5ACD32FA156EDC612AE49,graphics/source/sprites/WPMQ3A4.bam
supplemental:sprites:paperdoll-animation-bam:WPMQ3A4E,sprites,paperdoll-animation-bam,WPMQ3A4E,BAMC,V1,30,8,data/PaperDol.bif,0x0620050D,4101,BD7F30DBA924C668C5B5E4576A398D81FCF70FEABC2696FA0ED0E84FB14D66D2,graphics/source/sprites/WPMQ3A4E.bam
supplemental:sprites:paperdoll-animation-bam:WPMQ3A6,sprites,paperdoll-animation-bam,WPMQ3A6,BAMC,V1,40,8,data/PaperDol.bif,0x0620050E,4801,289C0F68D387B1656C6ED440B2B29135EAE713DFC846392B17445EA905151DDB,graphics/source/sprites/WPMQ3A6.bam
supplemental:sprites:paperdoll-animation-bam:WPMQ3A6E,sprites,paperdoll-animation-bam,WPMQ3A6E,BAMC,V1,24,8,data/PaperDol.bif,0x0620050F,3080,C39A4A89DD6DC8B60ADC7D9D4B2F8AFCAA09DD32343CE212A1CBE08E3CEA33C9,graphics/source/sprites/WPMQ3A6E.bam
supplemental:sprites:paperdoll-animation-bam:WPMQ3G1,sprites,paperdoll-animation-bam,WPMQ3G1,BAMC,V1,180,72,data/PaperDol.bif,0x06200510,17362,23198E154D3C1FE4B542DB2B15634FC5F981A709778A43F2DEF95E712C396EA6,graphics/source/sprites/WPMQ3G1.bam
supplemental:sprites:paperdoll-animation-bam:WPMQ3G1E,sprites,paperdoll-animation-bam,WPMQ3G1E,BAMC,V1,108,72,data/PaperDol.bif,0x06200511,12162,17C1377D9568C151BBC9927002F597A56C32866A655C8C47B234C98DFEDC5374,graphics/source/sprites/WPMQ3G1E.bam
supplemental:sprites:paperdoll-animation-bam:WPMQ3INV,sprites,paperdoll-animation-bam,WPMQ3INV,BAM,V1,2,1,data/PaperDol.bif,0x06200512,2300,8B820516AB7D35E729A340A273331ED5AC83216BCAA017ED210EE036C390048B,graphics/source/sprites/WPMQ3INV.bam
supplemental:sprites:paperdoll-animation-bam:WPMQ3W2,sprites,paperdoll-animation-bam,WPMQ3W2,BAMC,V1,50,8,data/PaperDol.bif,0x06200513,5102,018E75F4C1C213142E55CE55BFD741F751C774608A2DF9C17122B4015A54D371,graphics/source/sprites/WPMQ3W2.bam
supplemental:sprites:paperdoll-animation-bam:WPMQ3W2E,sprites,paperdoll-animation-bam,WPMQ3W2E,BAMC,V1,30,8,data/PaperDol.bif,0x06200514,3896,7B1EBEEB56B282A1C43B4D7C0C534F2ADFA65618E6BBD8704D89F4FADAFD6495,graphics/source/sprites/WPMQ3W2E.bam
supplemental:sprites:paperdoll-animation-bam:WPMQ4A2,sprites,paperdoll-animation-bam,WPMQ4A2,BAMC,V1,50,8,data/PaperDol.bif,0x06200515,6258,B0996E1DFF8719E0CBEAB6733DF3D56EEC9BAED3D7C377CDEC8338B2C438EA9F,graphics/source/sprites/WPMQ4A2.bam
supplemental:sprites:paperdoll-animation-bam:WPMQ4A2E,sprites,paperdoll-animation-bam,WPMQ4A2E,BAMC,V1,30,8,data/PaperDol.bif,0x06200516,3797,C3E2B52B3E8F5801CF2DC89481BC1A5C7AAD43DB28BA377B80A0EE264A835374,graphics/source/sprites/WPMQ4A2E.bam
supplemental:sprites:paperdoll-animation-bam:WPMQ4A4,sprites,paperdoll-animation-bam,WPMQ4A4,BAMC,V1,50,8,data/PaperDol.bif,0x06200517,5940,42BD7F6F7DF25925F31CD2753D30D9924D44EB9591D5ACD32FA156EDC612AE49,graphics/source/sprites/WPMQ4A4.bam
supplemental:sprites:paperdoll-animation-bam:WPMQ4A4E,sprites,paperdoll-animation-bam,WPMQ4A4E,BAMC,V1,30,8,data/PaperDol.bif,0x06200518,4101,BD7F30DBA924C668C5B5E4576A398D81FCF70FEABC2696FA0ED0E84FB14D66D2,graphics/source/sprites/WPMQ4A4E.bam
supplemental:sprites:paperdoll-animation-bam:WPMQ4A6,sprites,paperdoll-animation-bam,WPMQ4A6,BAMC,V1,40,8,data/PaperDol.bif,0x06200519,4801,289C0F68D387B1656C6ED440B2B29135EAE713DFC846392B17445EA905151DDB,graphics/source/sprites/WPMQ4A6.bam
supplemental:sprites:paperdoll-animation-bam:WPMQ4A6E,sprites,paperdoll-animation-bam,WPMQ4A6E,BAMC,V1,24,8,data/PaperDol.bif,0x0620051A,3080,C39A4A89DD6DC8B60ADC7D9D4B2F8AFCAA09DD32343CE212A1CBE08E3CEA33C9,graphics/source/sprites/WPMQ4A6E.bam
supplemental:sprites:paperdoll-animation-bam:WPMQ4G1,sprites,paperdoll-animation-bam,WPMQ4G1,BAMC,V1,180,72,data/PaperDol.bif,0x0620051B,17362,23198E154D3C1FE4B542DB2B15634FC5F981A709778A43F2DEF95E712C396EA6,graphics/source/sprites/WPMQ4G1.bam
supplemental:sprites:paperdoll-animation-bam:WPMQ4G1E,sprites,paperdoll-animation-bam,WPMQ4G1E,BAMC,V1,108,72,data/PaperDol.bif,0x0620051C,12162,17C1377D9568C151BBC9927002F597A56C32866A655C8C47B234C98DFEDC5374,graphics/source/sprites/WPMQ4G1E.bam
supplemental:sprites:paperdoll-animation-bam:WPMQ4INV,sprites,paperdoll-animation-bam,WPMQ4INV,BAM,V1,2,1,data/PaperDol.bif,0x0620051D,2528,DCD0476BA72413C7AADFE37B43EE7E4EAABF9B3339710486EF5FB84CBC2AE886,graphics/source/sprites/WPMQ4INV.bam
supplemental:sprites:paperdoll-animation-bam:WPMQ4W2,sprites,paperdoll-animation-bam,WPMQ4W2,BAMC,V1,50,8,data/PaperDol.bif,0x0620051E,5102,018E75F4C1C213142E55CE55BFD741F751C774608A2DF9C17122B4015A54D371,graphics/source/sprites/WPMQ4W2.bam
supplemental:sprites:paperdoll-animation-bam:WPMQ4W2E,sprites,paperdoll-animation-bam,WPMQ4W2E,BAMC,V1,30,8,data/PaperDol.bif,0x0620051F,3896,7B1EBEEB56B282A1C43B4D7C0C534F2ADFA65618E6BBD8704D89F4FADAFD6495,graphics/source/sprites/WPMQ4W2E.bam
supplemental:sprites:object-animation-bam:WPMQSA2,sprites,object-animation-bam,WPMQSA2,BAMC,V1,50,8,data/OBJAnim.bif,0x00200283,6258,B0996E1DFF8719E0CBEAB6733DF3D56EEC9BAED3D7C377CDEC8338B2C438EA9F,graphics/source/sprites/WPMQSA2.bam
supplemental:sprites:object-animation-bam:WPMQSA2E,sprites,object-animation-bam,WPMQSA2E,BAMC,V1,30,8,data/OBJAnim.bif,0x00200284,3797,C3E2B52B3E8F5801CF2DC89481BC1A5C7AAD43DB28BA377B80A0EE264A835374,graphics/source/sprites/WPMQSA2E.bam
supplemental:sprites:object-animation-bam:WPMQSA4,sprites,object-animation-bam,WPMQSA4,BAMC,V1,50,8,data/OBJAnim.bif,0x00200285,5940,42BD7F6F7DF25925F31CD2753D30D9924D44EB9591D5ACD32FA156EDC612AE49,graphics/source/sprites/WPMQSA4.bam
supplemental:sprites:object-animation-bam:WPMQSA4E,sprites,object-animation-bam,WPMQSA4E,BAMC,V1,30,8,data/OBJAnim.bif,0x00200286,4101,BD7F30DBA924C668C5B5E4576A398D81FCF70FEABC2696FA0ED0E84FB14D66D2,graphics/source/sprites/WPMQSA4E.bam
supplemental:sprites:object-animation-bam:WPMQSA6,sprites,object-animation-bam,WPMQSA6,BAMC,V1,40,8,data/OBJAnim.bif,0x00200287,4801,289C0F68D387B1656C6ED440B2B29135EAE713DFC846392B17445EA905151DDB,graphics/source/sprites/WPMQSA6.bam
supplemental:sprites:object-animation-bam:WPMQSA6E,sprites,object-animation-bam,WPMQSA6E,BAMC,V1,24,8,data/OBJAnim.bif,0x00200288,3080,C39A4A89DD6DC8B60ADC7D9D4B2F8AFCAA09DD32343CE212A1CBE08E3CEA33C9,graphics/source/sprites/WPMQSA6E.bam
supplemental:sprites:object-animation-bam:WPMQSG1,sprites,object-animation-bam,WPMQSG1,BAMC,V1,180,72,data/OBJAnim.bif,0x00200289,17362,23198E154D3C1FE4B542DB2B15634FC5F981A709778A43F2DEF95E712C396EA6,graphics/source/sprites/WPMQSG1.bam
supplemental:sprites:object-animation-bam:WPMQSG1E,sprites,object-animation-bam,WPMQSG1E,BAMC,V1,108,72,data/OBJAnim.bif,0x0020028A,12162,17C1377D9568C151BBC9927002F597A56C32866A655C8C47B234C98DFEDC5374,graphics/source/sprites/WPMQSG1E.bam
supplemental:sprites:paperdoll-animation-bam:WPMQSINV,sprites,paperdoll-animation-bam,WPMQSINV,BAM,V1,2,1,data/PaperDol.bif,0x06200520,1902,5B1899638AA9E267B8CB6DFCC969ED10A3812160D457D6D231B8212750037506,graphics/source/sprites/WPMQSINV.bam
supplemental:sprites:object-animation-bam:WPMQSW2,sprites,object-animation-bam,WPMQSW2,BAMC,V1,50,8,data/OBJAnim.bif,0x0020028B,5102,018E75F4C1C213142E55CE55BFD741F751C774608A2DF9C17122B4015A54D371,graphics/source/sprites/WPMQSW2.bam
supplemental:sprites:object-animation-bam:WPMQSW2E,sprites,object-animation-bam,WPMQSW2E,BAMC,V1,30,8,data/OBJAnim.bif,0x0020028C,3896,7B1EBEEB56B282A1C43B4D7C0C534F2ADFA65618E6BBD8704D89F4FADAFD6495,graphics/source/sprites/WPMQSW2E.bam
supplemental:sprites:paperdoll-animation-bam:WPMS0A1,sprites,paperdoll-animation-bam,WPMS0A1,BAMC,V1,50,15,data/PaperDol.bif,0x06200521,4176,0FA56FE793718CC2EEF17135546074FCA19ADF9A6D348F802668B9DA637F5BE0,graphics/source/sprites/WPMS0A1.bam
supplemental:sprites:paperdoll-animation-bam:WPMS0A1E,sprites,paperdoll-animation-bam,WPMS0A1E,BAMC,V1,30,16,data/PaperDol.bif,0x06200522,3086,3EA569E4659ADB0F3EA491D71E5E5ECAAAEE08176199B91D2FDA20EA4056DA39,graphics/source/sprites/WPMS0A1E.bam
supplemental:sprites:paperdoll-animation-bam:WPMS0A3,sprites,paperdoll-animation-bam,WPMS0A3,BAMC,V1,50,8,data/PaperDol.bif,0x06200523,3693,E55D77CDA1C9A05C54BA08C441544179BE4673FEBC67EBA4918D2C43F5776580,graphics/source/sprites/WPMS0A3.bam
supplemental:sprites:paperdoll-animation-bam:WPMS0A3E,sprites,paperdoll-animation-bam,WPMS0A3E,BAMC,V1,30,8,data/PaperDol.bif,0x06200524,3261,17E64506C96E1C3E785B3F9FD0B64EF656209FF026BF92E850EA13F963C2F430,graphics/source/sprites/WPMS0A3E.bam
supplemental:sprites:paperdoll-animation-bam:WPMS0A5,sprites,paperdoll-animation-bam,WPMS0A5,BAMC,V1,30,8,data/PaperDol.bif,0x06200525,2533,92E61AE938DAC0FAB4853D99F71B0D07542483FED4C1487A4577305BB0A3A5C2,graphics/source/sprites/WPMS0A5.bam
supplemental:sprites:paperdoll-animation-bam:WPMS0A5E,sprites,paperdoll-animation-bam,WPMS0A5E,BAMC,V1,18,8,data/PaperDol.bif,0x06200526,1962,FDBC9BF05B280F1914E9F9C4A4462EDB9F7570BCC617C8D72EE28B4803118119,graphics/source/sprites/WPMS0A5E.bam
supplemental:sprites:paperdoll-animation-bam:WPMS0G1,sprites,paperdoll-animation-bam,WPMS0G1,BAMC,V1,180,72,data/PaperDol.bif,0x06200527,10858,FBE55BC1240AF4971A7A0E0B5D847C7131AECDE0AF1D5806B5BD8901EBA2B6A8,graphics/source/sprites/WPMS0G1.bam
supplemental:sprites:paperdoll-animation-bam:WPMS0G1E,sprites,paperdoll-animation-bam,WPMS0G1E,BAMC,V1,108,72,data/PaperDol.bif,0x06200528,8589,91CDD8BA0A9E232A21841910D30211017F0AAFE275F3D412792C7E6F228B34E5,graphics/source/sprites/WPMS0G1E.bam
supplemental:sprites:paperdoll-animation-bam:WPMS0INV,sprites,paperdoll-animation-bam,WPMS0INV,BAM,V1,2,1,data/PaperDol.bif,0x06200529,1603,058E7B5B55719A8DBBD1400F910F0ED288AAB315B62E4DF1AAE59198A099DFAB,graphics/source/sprites/WPMS0INV.bam
supplemental:sprites:paperdoll-animation-bam:WPMS0OIN,sprites,paperdoll-animation-bam,WPMS0OIN,BAM,V1,2,1,data/PaperDol.bif,0x0620052A,1499,D6F146C174F0808C9EE5620C8A7EEBF521E2778EDAC9C220CAD5A3940C15A3CD,graphics/source/sprites/WPMS0OIN.bam
supplemental:sprites:paperdoll-animation-bam:WPMS0W2,sprites,paperdoll-animation-bam,WPMS0W2,BAMC,V1,50,8,data/PaperDol.bif,0x0620052B,3209,2BB83DD932902804E1DA2133D76EE3901E7217559D271B377F04CFCE6389EE6F,graphics/source/sprites/WPMS0W2.bam
supplemental:sprites:paperdoll-animation-bam:WPMS0W2E,sprites,paperdoll-animation-bam,WPMS0W2E,BAMC,V1,30,8,data/PaperDol.bif,0x0620052C,2949,E79DE27A5426B13A0D683859EF59DDF897047D09E04F5CE17F3A7FEA7FC4D34E,graphics/source/sprites/WPMS0W2E.bam
supplemental:sprites:object-animation-bam:WPMS1A1,sprites,object-animation-bam,WPMS1A1,BAMC,V1,50,15,data/OBJAnim.bif,0x0020028D,4176,0FA56FE793718CC2EEF17135546074FCA19ADF9A6D348F802668B9DA637F5BE0,graphics/source/sprites/WPMS1A1.bam
supplemental:sprites:object-animation-bam:WPMS1A1E,sprites,object-animation-bam,WPMS1A1E,BAMC,V1,30,16,data/OBJAnim.bif,0x0020028E,3086,3EA569E4659ADB0F3EA491D71E5E5ECAAAEE08176199B91D2FDA20EA4056DA39,graphics/source/sprites/WPMS1A1E.bam
supplemental:sprites:object-animation-bam:WPMS1A3,sprites,object-animation-bam,WPMS1A3,BAMC,V1,50,8,data/OBJAnim.bif,0x0020028F,3693,E55D77CDA1C9A05C54BA08C441544179BE4673FEBC67EBA4918D2C43F5776580,graphics/source/sprites/WPMS1A3.bam
supplemental:sprites:object-animation-bam:WPMS1A3E,sprites,object-animation-bam,WPMS1A3E,BAMC,V1,30,8,data/OBJAnim.bif,0x00200290,3261,17E64506C96E1C3E785B3F9FD0B64EF656209FF026BF92E850EA13F963C2F430,graphics/source/sprites/WPMS1A3E.bam
supplemental:sprites:object-animation-bam:WPMS1A5,sprites,object-animation-bam,WPMS1A5,BAMC,V1,30,8,data/OBJAnim.bif,0x00200291,2533,92E61AE938DAC0FAB4853D99F71B0D07542483FED4C1487A4577305BB0A3A5C2,graphics/source/sprites/WPMS1A5.bam
supplemental:sprites:object-animation-bam:WPMS1A5E,sprites,object-animation-bam,WPMS1A5E,BAMC,V1,18,8,data/OBJAnim.bif,0x00200292,1962,FDBC9BF05B280F1914E9F9C4A4462EDB9F7570BCC617C8D72EE28B4803118119,graphics/source/sprites/WPMS1A5E.bam
supplemental:sprites:object-animation-bam:WPMS1G1,sprites,object-animation-bam,WPMS1G1,BAMC,V1,180,72,data/OBJAnim.bif,0x00200293,10858,FBE55BC1240AF4971A7A0E0B5D847C7131AECDE0AF1D5806B5BD8901EBA2B6A8,graphics/source/sprites/WPMS1G1.bam
supplemental:sprites:object-animation-bam:WPMS1G1E,sprites,object-animation-bam,WPMS1G1E,BAMC,V1,108,72,data/OBJAnim.bif,0x00200294,8589,91CDD8BA0A9E232A21841910D30211017F0AAFE275F3D412792C7E6F228B34E5,graphics/source/sprites/WPMS1G1E.bam
supplemental:sprites:paperdoll-animation-bam:WPMS1INV,sprites,paperdoll-animation-bam,WPMS1INV,BAM,V1,2,1,data/PaperDol.bif,0x0620052D,1476,25AA5EFAEE8CE941951E7FFF79C811F3DF0B9A9F727A39BDFF8E8526736A58B5,graphics/source/sprites/WPMS1INV.bam
supplemental:sprites:paperdoll-animation-bam:WPMS1OIN,sprites,paperdoll-animation-bam,WPMS1OIN,BAM,V1,2,1,data/PaperDol.bif,0x0620052E,1445,E94C470031CE930A1C003FB6D489E097970FA15927A042C70D8922842FEC9C1D,graphics/source/sprites/WPMS1OIN.bam
supplemental:sprites:object-animation-bam:WPMS1W2,sprites,object-animation-bam,WPMS1W2,BAMC,V1,50,8,data/OBJAnim.bif,0x00200295,3209,2BB83DD932902804E1DA2133D76EE3901E7217559D271B377F04CFCE6389EE6F,graphics/source/sprites/WPMS1W2.bam
supplemental:sprites:object-animation-bam:WPMS1W2E,sprites,object-animation-bam,WPMS1W2E,BAMC,V1,30,8,data/OBJAnim.bif,0x00200296,2949,E79DE27A5426B13A0D683859EF59DDF897047D09E04F5CE17F3A7FEA7FC4D34E,graphics/source/sprites/WPMS1W2E.bam
supplemental:sprites:object-animation-bam:WPMS2A2,sprites,object-animation-bam,WPMS2A2,BAMC,V1,50,8,data/OBJAnim.bif,0x00200297,4947,58853B4AAB50A09775F4F6BFBBB3CC9991BDF1BAA30A902072C06E20A66B1711,graphics/source/sprites/WPMS2A2.bam
supplemental:sprites:object-animation-bam:WPMS2A2E,sprites,object-animation-bam,WPMS2A2E,BAMC,V1,30,8,data/OBJAnim.bif,0x00200298,3260,19081AC07A1284F36F9D463A77A1FF05F9EEAA26C111DAA7CF742843A62A9EED,graphics/source/sprites/WPMS2A2E.bam
supplemental:sprites:object-animation-bam:WPMS2A4,sprites,object-animation-bam,WPMS2A4,BAMC,V1,50,8,data/OBJAnim.bif,0x00200299,4531,766F6AFF26A3C0B2712AD3A0FB38F023247E7CB2B9D89BBF33F984B6C619ACE4,graphics/source/sprites/WPMS2A4.bam
supplemental:sprites:object-animation-bam:WPMS2A4E,sprites,object-animation-bam,WPMS2A4E,BAMC,V1,30,8,data/OBJAnim.bif,0x0020029A,3632,5A918BCD51BF01612D5AD030526FBA7350304E399316415E8F74F490EA692E0D,graphics/source/sprites/WPMS2A4E.bam
supplemental:sprites:object-animation-bam:WPMS2A6,sprites,object-animation-bam,WPMS2A6,BAMC,V1,40,8,data/OBJAnim.bif,0x0020029B,3778,F65AB8FBA96DAFCEC9F73D9E234FD802B9E3812602288349C63D01FDC2883FAC,graphics/source/sprites/WPMS2A6.bam
supplemental:sprites:object-animation-bam:WPMS2A6E,sprites,object-animation-bam,WPMS2A6E,BAMC,V1,24,8,data/OBJAnim.bif,0x0020029C,2666,A688134FA0B7A0F6F3632D4F5671AC135FB6106ACA98BE221E19954A8447FF00,graphics/source/sprites/WPMS2A6E.bam
supplemental:sprites:object-animation-bam:WPMS2G1,sprites,object-animation-bam,WPMS2G1,BAMC,V1,180,72,data/OBJAnim.bif,0x0020029D,12837,86ED54B1D83E90B89AAA3357FE9A9CF75BA68F95B812A1633DAE9AB0EAC7F490,graphics/source/sprites/WPMS2G1.bam
supplemental:sprites:object-animation-bam:WPMS2G1E,sprites,object-animation-bam,WPMS2G1E,BAMC,V1,108,72,data/OBJAnim.bif,0x0020029E,10185,ADB1A30819806661FBCE6BF77EE39AF8BE4562A3495637BED457FD9FDA593005,graphics/source/sprites/WPMS2G1E.bam
supplemental:sprites:paperdoll-animation-bam:WPMS2INV,sprites,paperdoll-animation-bam,WPMS2INV,BAM,V1,2,1,data/PaperDol.bif,0x0620052F,1620,568D684558ADECB03B7DD72C49368C39314C7135CC78C92C202B646DE51F43F0,graphics/source/sprites/WPMS2INV.bam
supplemental:sprites:object-animation-bam:WPMS2W2,sprites,object-animation-bam,WPMS2W2,BAMC,V1,50,8,data/OBJAnim.bif,0x0020029F,3587,6AE34026E7DEC5D18233EF55E0B37E9A282EC01528F8858ED2C337A9761B6AB9,graphics/source/sprites/WPMS2W2.bam
supplemental:sprites:object-animation-bam:WPMS2W2E,sprites,object-animation-bam,WPMS2W2E,BAMC,V1,30,8,data/OBJAnim.bif,0x002002A0,3339,7F3ECDAD147F3F71D8D14B6BEAD7AEAA97AC695455A3211517758AA4034617A2,graphics/source/sprites/WPMS2W2E.bam
supplemental:sprites:object-animation-bam:WPMS3A1,sprites,object-animation-bam,WPMS3A1,BAMC,V1,50,15,data/OBJAnim.bif,0x002002A1,4176,0FA56FE793718CC2EEF17135546074FCA19ADF9A6D348F802668B9DA637F5BE0,graphics/source/sprites/WPMS3A1.bam
supplemental:sprites:object-animation-bam:WPMS3A1E,sprites,object-animation-bam,WPMS3A1E,BAMC,V1,30,16,data/OBJAnim.bif,0x002002A2,3086,3EA569E4659ADB0F3EA491D71E5E5ECAAAEE08176199B91D2FDA20EA4056DA39,graphics/source/sprites/WPMS3A1E.bam
supplemental:sprites:object-animation-bam:WPMS3A3,sprites,object-animation-bam,WPMS3A3,BAMC,V1,50,8,data/OBJAnim.bif,0x002002A3,3693,E55D77CDA1C9A05C54BA08C441544179BE4673FEBC67EBA4918D2C43F5776580,graphics/source/sprites/WPMS3A3.bam
supplemental:sprites:object-animation-bam:WPMS3A3E,sprites,object-animation-bam,WPMS3A3E,BAMC,V1,30,8,data/OBJAnim.bif,0x002002A4,3261,17E64506C96E1C3E785B3F9FD0B64EF656209FF026BF92E850EA13F963C2F430,graphics/source/sprites/WPMS3A3E.bam
supplemental:sprites:object-animation-bam:WPMS3A5,sprites,object-animation-bam,WPMS3A5,BAMC,V1,30,8,data/OBJAnim.bif,0x002002A5,2533,92E61AE938DAC0FAB4853D99F71B0D07542483FED4C1487A4577305BB0A3A5C2,graphics/source/sprites/WPMS3A5.bam
supplemental:sprites:object-animation-bam:WPMS3A5E,sprites,object-animation-bam,WPMS3A5E,BAMC,V1,18,8,data/OBJAnim.bif,0x002002A6,1962,FDBC9BF05B280F1914E9F9C4A4462EDB9F7570BCC617C8D72EE28B4803118119,graphics/source/sprites/WPMS3A5E.bam
supplemental:sprites:object-animation-bam:WPMS3G1,sprites,object-animation-bam,WPMS3G1,BAMC,V1,180,72,data/OBJAnim.bif,0x002002A7,10858,FBE55BC1240AF4971A7A0E0B5D847C7131AECDE0AF1D5806B5BD8901EBA2B6A8,graphics/source/sprites/WPMS3G1.bam
supplemental:sprites:object-animation-bam:WPMS3G1E,sprites,object-animation-bam,WPMS3G1E,BAMC,V1,108,72,data/OBJAnim.bif,0x002002A8,8589,91CDD8BA0A9E232A21841910D30211017F0AAFE275F3D412792C7E6F228B34E5,graphics/source/sprites/WPMS3G1E.bam
supplemental:sprites:paperdoll-animation-bam:WPMS3INV,sprites,paperdoll-animation-bam,WPMS3INV,BAM,V1,2,1,data/PaperDol.bif,0x06200530,1577,57744050C86BBE8FD2FD94E073D17AE020DE2FBB2E412B9CD4544A9AF914FBF9,graphics/source/sprites/WPMS3INV.bam
supplemental:sprites:paperdoll-animation-bam:WPMS3OIN,sprites,paperdoll-animation-bam,WPMS3OIN,BAM,V1,2,1,data/PaperDol.bif,0x06200531,1526,B817F315CDC4623F78C0D0AD5A35DF2C6EABB0B3EC1A9214D4411FB4057F7A63,graphics/source/sprites/WPMS3OIN.bam
supplemental:sprites:object-animation-bam:WPMS3W2,sprites,object-animation-bam,WPMS3W2,BAMC,V1,50,8,data/OBJAnim.bif,0x002002A9,3209,2BB83DD932902804E1DA2133D76EE3901E7217559D271B377F04CFCE6389EE6F,graphics/source/sprites/WPMS3W2.bam
supplemental:sprites:object-animation-bam:WPMS3W2E,sprites,object-animation-bam,WPMS3W2E,BAMC,V1,30,8,data/OBJAnim.bif,0x002002AA,2949,E79DE27A5426B13A0D683859EF59DDF897047D09E04F5CE17F3A7FEA7FC4D34E,graphics/source/sprites/WPMS3W2E.bam
supplemental:sprites:paperdoll-animation-bam:WPMSCINV,sprites,paperdoll-animation-bam,WPMSCINV,BAM,V1,2,1,data/PaperDol.bif,0x06200532,1631,4E0F2D171FC3BEBBFC6D3668A198B70E3C073E5ECF4C61F816E8A4F95DAF3A35,graphics/source/sprites/WPMSCINV.bam
supplemental:sprites:paperdoll-animation-bam:WPMSCOIN,sprites,paperdoll-animation-bam,WPMSCOIN,BAM,V1,2,1,data/PaperDol.bif,0x06200533,1469,F9D4C0230EEE65C5282CBA3DD1B2A5FF1506D282B6D92F225472DDD3819C1BFC,graphics/source/sprites/WPMSCOIN.bam
supplemental:sprites:object-animation-bam:WPMSLA1,sprites,object-animation-bam,WPMSLA1,BAMC,V1,50,16,data/OBJAnim.bif,0x002002AB,2702,53B75773FC772252B116F142DF01504F71B7A9E99063626010DE9C8EA6CD06C2,graphics/source/sprites/WPMSLA1.bam
supplemental:sprites:object-animation-bam:WPMSLA1E,sprites,object-animation-bam,WPMSLA1E,BAMC,V1,30,16,data/OBJAnim.bif,0x002002AC,1902,CC1B40C0F628B05681F502E3CC73B1F5B8025484BC09BD790A7B13A2726C3095,graphics/source/sprites/WPMSLA1E.bam
supplemental:sprites:object-animation-bam:WPMSLG1,sprites,object-animation-bam,WPMSLG1,BAMC,V1,180,72,data/OBJAnim.bif,0x002002AD,6496,7F6CFE1884BBE048DB69A619A2A92482EB40D3FB9BAECEDB47C73A4668A53848,graphics/source/sprites/WPMSLG1.bam
supplemental:sprites:object-animation-bam:WPMSLG1E,sprites,object-animation-bam,WPMSLG1E,BAMC,V1,108,72,data/OBJAnim.bif,0x002002AE,4520,C67B305BD8A4B63BCB0AA143BB2DAC4C988D8D06D8E848EF4503A4DBB9A5C334,graphics/source/sprites/WPMSLG1E.bam
supplemental:sprites:paperdoll-animation-bam:WPMSLINV,sprites,paperdoll-animation-bam,WPMSLINV,BAM,V1,2,1,data/PaperDol.bif,0x06200534,1517,AD346A6DFD1912806A199F2A60CD8174859BD6DEDEC38E7BFF07BDD4FA652112,graphics/source/sprites/WPMSLINV.bam
supplemental:sprites:object-animation-bam:WPMSLW2,sprites,object-animation-bam,WPMSLW2,BAMC,V1,50,8,data/OBJAnim.bif,0x002002AF,2122,C990912D4110ADC42082895CED1899B17816F11717FFE8535305AB3504B2FD7F,graphics/source/sprites/WPMSLW2.bam
supplemental:sprites:object-animation-bam:WPMSLW2E,sprites,object-animation-bam,WPMSLW2E,BAMC,V1,30,8,data/OBJAnim.bif,0x002002B0,1692,B281D683B38AF1B6A5A506E873A049A18C91949A4EE17BBBAF61520B2F1057E6,graphics/source/sprites/WPMSLW2E.bam
supplemental:sprites:object-animation-bam:WPMSPA2,sprites,object-animation-bam,WPMSPA2,BAMC,V1,50,8,data/OBJAnim.bif,0x002002B1,5306,50DFB643B0B79DCC6FB1B8319F5C202C393657D4A68DF49822B4C9429A8D6DCB,graphics/source/sprites/WPMSPA2.bam
supplemental:sprites:object-animation-bam:WPMSPA2E,sprites,object-animation-bam,WPMSPA2E,BAMC,V1,30,8,data/OBJAnim.bif,0x002002B2,3389,6524471EE97C22C6557628B25CE0C4C12D0B5FB78DB626A53F7C60BCA8C7735B,graphics/source/sprites/WPMSPA2E.bam
supplemental:sprites:object-animation-bam:WPMSPA4,sprites,object-animation-bam,WPMSPA4,BAMC,V1,50,8,data/OBJAnim.bif,0x002002B3,5122,A3EDCB167EA49983727791CAC171C245D7BD71E9A856FA6DF6C5797C9D7D1E59,graphics/source/sprites/WPMSPA4.bam
supplemental:sprites:object-animation-bam:WPMSPA4E,sprites,object-animation-bam,WPMSPA4E,BAMC,V1,30,8,data/OBJAnim.bif,0x002002B4,3595,0ADBAF041B1BC0118952B55AB1DEC5C65A73933322E256B00BC35454BF6D21C0,graphics/source/sprites/WPMSPA4E.bam
supplemental:sprites:object-animation-bam:WPMSPA6,sprites,object-animation-bam,WPMSPA6,BAMC,V1,40,8,data/OBJAnim.bif,0x002002B5,4147,93F5DCA4DBBE0B64F6A16FB8BA89655C4057106B8B1292730383EA625DA9513F,graphics/source/sprites/WPMSPA6.bam
supplemental:sprites:object-animation-bam:WPMSPA6E,sprites,object-animation-bam,WPMSPA6E,BAMC,V1,24,8,data/OBJAnim.bif,0x002002B6,2762,47653906547780C29B1D563D1281C834CC96E06F34C5B7634EA0B50DCAE06DAB,graphics/source/sprites/WPMSPA6E.bam
supplemental:sprites:object-animation-bam:WPMSPG1,sprites,object-animation-bam,WPMSPG1,BAMC,V1,180,72,data/OBJAnim.bif,0x002002B7,14768,E924BB59303065827D443FEB8883AB6179D9A0B533F9EB68E4D53EE03A395D68,graphics/source/sprites/WPMSPG1.bam
supplemental:sprites:object-animation-bam:WPMSPG1E,sprites,object-animation-bam,WPMSPG1E,BAMC,V1,108,72,data/OBJAnim.bif,0x002002B8,10689,85D00131C1B17E73A4B5FBA20F4DF413EC701E4096060FFA4562264E8188041D,graphics/source/sprites/WPMSPG1E.bam
supplemental:sprites:paperdoll-animation-bam:WPMSPINV,sprites,paperdoll-animation-bam,WPMSPINV,BAM,V1,2,1,data/PaperDol.bif,0x06200535,1803,464A20F43C4646C774F58F88BDFC17F813D397903104A3FFCD7225B8FBF97576,graphics/source/sprites/WPMSPINV.bam
supplemental:sprites:object-animation-bam:WPMSPW2,sprites,object-animation-bam,WPMSPW2,BAMC,V1,50,8,data/OBJAnim.bif,0x002002B9,4483,5794C4A1D0677C80FD31C6CC0069A2A68FBCEE88A61BB701BF02D96DD4D724B0,graphics/source/sprites/WPMSPW2.bam
supplemental:sprites:object-animation-bam:WPMSPW2E,sprites,object-animation-bam,WPMSPW2E,BAMC,V1,30,8,data/OBJAnim.bif,0x002002BA,3567,A1D51C9ACEF096150DFA1B1E8F6BC9E1AB53250CF6C896C03623C9FF3EF22E4E,graphics/source/sprites/WPMSPW2E.bam
supplemental:sprites:object-animation-bam:WPMSSA1,sprites,object-animation-bam,WPMSSA1,BAMC,V1,50,15,data/OBJAnim.bif,0x002002BB,4176,0FA56FE793718CC2EEF17135546074FCA19ADF9A6D348F802668B9DA637F5BE0,graphics/source/sprites/WPMSSA1.bam
supplemental:sprites:object-animation-bam:WPMSSA1E,sprites,object-animation-bam,WPMSSA1E,BAMC,V1,30,16,data/OBJAnim.bif,0x002002BC,3086,3EA569E4659ADB0F3EA491D71E5E5ECAAAEE08176199B91D2FDA20EA4056DA39,graphics/source/sprites/WPMSSA1E.bam
supplemental:sprites:object-animation-bam:WPMSSA3,sprites,object-animation-bam,WPMSSA3,BAMC,V1,50,8,data/OBJAnim.bif,0x002002BD,3693,E55D77CDA1C9A05C54BA08C441544179BE4673FEBC67EBA4918D2C43F5776580,graphics/source/sprites/WPMSSA3.bam
supplemental:sprites:object-animation-bam:WPMSSA3E,sprites,object-animation-bam,WPMSSA3E,BAMC,V1,30,8,data/OBJAnim.bif,0x002002BE,3261,17E64506C96E1C3E785B3F9FD0B64EF656209FF026BF92E850EA13F963C2F430,graphics/source/sprites/WPMSSA3E.bam
supplemental:sprites:object-animation-bam:WPMSSA5,sprites,object-animation-bam,WPMSSA5,BAMC,V1,30,8,data/OBJAnim.bif,0x002002BF,2533,92E61AE938DAC0FAB4853D99F71B0D07542483FED4C1487A4577305BB0A3A5C2,graphics/source/sprites/WPMSSA5.bam
supplemental:sprites:object-animation-bam:WPMSSA5E,sprites,object-animation-bam,WPMSSA5E,BAMC,V1,18,8,data/OBJAnim.bif,0x002002C0,1962,FDBC9BF05B280F1914E9F9C4A4462EDB9F7570BCC617C8D72EE28B4803118119,graphics/source/sprites/WPMSSA5E.bam
supplemental:sprites:object-animation-bam:WPMSSG1,sprites,object-animation-bam,WPMSSG1,BAMC,V1,180,72,data/OBJAnim.bif,0x002002C1,10858,FBE55BC1240AF4971A7A0E0B5D847C7131AECDE0AF1D5806B5BD8901EBA2B6A8,graphics/source/sprites/WPMSSG1.bam
supplemental:sprites:object-animation-bam:WPMSSG1E,sprites,object-animation-bam,WPMSSG1E,BAMC,V1,108,72,data/OBJAnim.bif,0x002002C2,8589,91CDD8BA0A9E232A21841910D30211017F0AAFE275F3D412792C7E6F228B34E5,graphics/source/sprites/WPMSSG1E.bam
supplemental:sprites:paperdoll-animation-bam:WPMSSINV,sprites,paperdoll-animation-bam,WPMSSINV,BAM,V1,2,1,data/PaperDol.bif,0x06200536,1448,9D94240D3ADF0BB4192570F89DD360D4B68282C28406950157E528634A8CE971,graphics/source/sprites/WPMSSINV.bam
supplemental:sprites:paperdoll-animation-bam:WPMSSOIN,sprites,paperdoll-animation-bam,WPMSSOIN,BAM,V1,2,1,data/PaperDol.bif,0x06200537,1375,7E21952666E0C9A939E576821E002681A7D1AB9FBC0D2DFB47C963CE8F2FA4CC,graphics/source/sprites/WPMSSOIN.bam
supplemental:sprites:object-animation-bam:WPMSSW2,sprites,object-animation-bam,WPMSSW2,BAMC,V1,50,8,data/OBJAnim.bif,0x002002C3,3209,2BB83DD932902804E1DA2133D76EE3901E7217559D271B377F04CFCE6389EE6F,graphics/source/sprites/WPMSSW2.bam
supplemental:sprites:object-animation-bam:WPMSSW2E,sprites,object-animation-bam,WPMSSW2E,BAMC,V1,30,8,data/OBJAnim.bif,0x002002C4,2949,E79DE27A5426B13A0D683859EF59DDF897047D09E04F5CE17F3A7FEA7FC4D34E,graphics/source/sprites/WPMSSW2E.bam
supplemental:sprites:object-animation-bam:WPMWHA1,sprites,object-animation-bam,WPMWHA1,BAMC,V1,50,15,data/OBJAnim.bif,0x002002C5,4756,1ECDC7074EF5553C45CAD2B5A4851738A3326183E5EB4FAE3B13587AB6379F89,graphics/source/sprites/WPMWHA1.bam
supplemental:sprites:object-animation-bam:WPMWHA1E,sprites,object-animation-bam,WPMWHA1E,BAMC,V1,30,16,data/OBJAnim.bif,0x002002C6,3343,DEB709D51ADDDDE0F2C07BA64EF760AE848B2DA5ABF16B1AB21ACD8A7B2BC642,graphics/source/sprites/WPMWHA1E.bam
supplemental:sprites:object-animation-bam:WPMWHA3,sprites,object-animation-bam,WPMWHA3,BAMC,V1,50,8,data/OBJAnim.bif,0x002002C7,4398,0265765F1F7D605803DB880C8D0CC71E16B4187E305172FF5BA422ADE4BBB4DF,graphics/source/sprites/WPMWHA3.bam
supplemental:sprites:object-animation-bam:WPMWHA3E,sprites,object-animation-bam,WPMWHA3E,BAMC,V1,30,8,data/OBJAnim.bif,0x002002C8,3340,FFCE89F006DBF44FFDD2F8232D937697F0D63A504D983EE49F2CCD45C6B6C085,graphics/source/sprites/WPMWHA3E.bam
supplemental:sprites:object-animation-bam:WPMWHG1,sprites,object-animation-bam,WPMWHG1,BAMC,V1,180,72,data/OBJAnim.bif,0x002002C9,13237,E72651987F3CE6CFFE88209CAB9932D45791ACBAA85E7C41F89A1767C200FC28,graphics/source/sprites/WPMWHG1.bam
supplemental:sprites:object-animation-bam:WPMWHG1E,sprites,object-animation-bam,WPMWHG1E,BAMC,V1,108,72,data/OBJAnim.bif,0x002002CA,9185,8D56F23D84491895890A8D9BC1C24E64D19B23CE8E3C1F61522C3367A2437290,graphics/source/sprites/WPMWHG1E.bam
supplemental:sprites:paperdoll-animation-bam:WPMWHINV,sprites,paperdoll-animation-bam,WPMWHINV,BAM,V1,2,1,data/PaperDol.bif,0x06200538,1812,8300BE2C9CABF13C00B9735E833CF6F84497D9B177858193A17B264349646267,graphics/source/sprites/WPMWHINV.bam
supplemental:sprites:paperdoll-animation-bam:WPMWHOIN,sprites,paperdoll-animation-bam,WPMWHOIN,BAM,V1,2,1,data/PaperDol.bif,0x06200539,1746,3A0E9A60E1012202D7311841E818B023512C0B2C83EE05B494DA79B4E56B84B2,graphics/source/sprites/WPMWHOIN.bam
supplemental:sprites:object-animation-bam:WPMWHW2,sprites,object-animation-bam,WPMWHW2,BAMC,V1,50,8,data/OBJAnim.bif,0x002002CB,4110,0F8B349CE7AA53F51DA63C22D2498D5B9E691639F78CB44749C6948FF57F48B8,graphics/source/sprites/WPMWHW2.bam
supplemental:sprites:object-animation-bam:WPMWHW2E,sprites,object-animation-bam,WPMWHW2E,BAMC,V1,30,8,data/OBJAnim.bif,0x002002CC,3139,1407797463F16C7E160A3C1EDDE80D7DCE08EF948776A95B7D22C3F4F165F802,graphics/source/sprites/WPMWHW2E.bam
supplemental:sprites:paperdoll-animation-bam:WPMWMOIN,sprites,paperdoll-animation-bam,WPMWMOIN,BAMC,V1,2,1,data/PaperDol.bif,0x0620053A,1005,D0B6F427F48DF736A9926B7815FD59000CF83E3A9D84D59A0ACE76AF8F4486A0,graphics/source/sprites/WPMWMOIN.bam
supplemental:sprites:paperdoll-animation-bam:WPMZWA1,sprites,paperdoll-animation-bam,WPMZWA1,BAM,V1,50,16,data/PaperDol.bif,0x0620053B,2034,9A8B9161D7BC061C2894D55A7A9DDE0F091018B98BF593140645DA87CEA0A007,graphics/source/sprites/WPMZWA1.bam
supplemental:sprites:paperdoll-animation-bam:WPMZWA1E,sprites,paperdoll-animation-bam,WPMZWA1E,BAM,V1,30,16,data/PaperDol.bif,0x0620053C,1678,353EDA3947CCEEFD61C427C7D4A909B815FBC95EAC3F195B0A60CA31A8738647,graphics/source/sprites/WPMZWA1E.bam
supplemental:sprites:paperdoll-animation-bam:WPMZWA2,sprites,paperdoll-animation-bam,WPMZWA2,BAM,V1,50,8,data/PaperDol.bif,0x0620053D,1936,944B3DFC003D223ACAB015C23B27D941299B07006B0DFF136ADE9DBF91DDB3EB,graphics/source/sprites/WPMZWA2.bam
supplemental:sprites:paperdoll-animation-bam:WPMZWA2E,sprites,paperdoll-animation-bam,WPMZWA2E,BAM,V1,30,8,data/PaperDol.bif,0x0620053E,1572,BB6CCC3EECAA0A68A82F1CF88992A5068044D8624BE6BCCF3B41B0A32226122E,graphics/source/sprites/WPMZWA2E.bam
supplemental:sprites:paperdoll-animation-bam:WPMZWA3,sprites,paperdoll-animation-bam,WPMZWA3,BAM,V1,50,8,data/PaperDol.bif,0x0620053F,1936,944B3DFC003D223ACAB015C23B27D941299B07006B0DFF136ADE9DBF91DDB3EB,graphics/source/sprites/WPMZWA3.bam
supplemental:sprites:paperdoll-animation-bam:WPMZWA3E,sprites,paperdoll-animation-bam,WPMZWA3E,BAM,V1,30,8,data/PaperDol.bif,0x06200540,1572,BB6CCC3EECAA0A68A82F1CF88992A5068044D8624BE6BCCF3B41B0A32226122E,graphics/source/sprites/WPMZWA3E.bam
supplemental:sprites:paperdoll-animation-bam:WPMZWA4,sprites,paperdoll-animation-bam,WPMZWA4,BAM,V1,50,8,data/PaperDol.bif,0x06200541,1936,944B3DFC003D223ACAB015C23B27D941299B07006B0DFF136ADE9DBF91DDB3EB,graphics/source/sprites/WPMZWA4.bam
supplemental:sprites:paperdoll-animation-bam:WPMZWA4E,sprites,paperdoll-animation-bam,WPMZWA4E,BAM,V1,30,8,data/PaperDol.bif,0x06200542,1572,BB6CCC3EECAA0A68A82F1CF88992A5068044D8624BE6BCCF3B41B0A32226122E,graphics/source/sprites/WPMZWA4E.bam
supplemental:sprites:paperdoll-animation-bam:WPMZWA5,sprites,paperdoll-animation-bam,WPMZWA5,BAM,V1,30,8,data/PaperDol.bif,0x06200543,1644,47B0FE52DE05862965FA8892CA6B5108ED5AD2B3B1110D73A50B720317BD4DA4,graphics/source/sprites/WPMZWA5.bam
supplemental:sprites:paperdoll-animation-bam:WPMZWA5E,sprites,paperdoll-animation-bam,WPMZWA5E,BAM,V1,18,8,data/PaperDol.bif,0x06200544,1444,B511ADCF02F08A11E0E9A6969440311C6A90AC9F0056DBBDFB7C0CB8D88E7CA5,graphics/source/sprites/WPMZWA5E.bam
supplemental:sprites:paperdoll-animation-bam:WPMZWA6,sprites,paperdoll-animation-bam,WPMZWA6,BAM,V1,40,8,data/PaperDol.bif,0x06200545,1796,C55F90E379F1881021FE00292A4E5F766572253F4EE2E4FCFA18AC9D813EEC2B,graphics/source/sprites/WPMZWA6.bam
supplemental:sprites:paperdoll-animation-bam:WPMZWA6E,sprites,paperdoll-animation-bam,WPMZWA6E,BAM,V1,24,8,data/PaperDol.bif,0x06200546,1518,12EACC26D45100F19E7877DB25DCA4B034C65C4761013735E6D82CC418AB95C3,graphics/source/sprites/WPMZWA6E.bam
supplemental:sprites:paperdoll-animation-bam:WPMZWCA,sprites,paperdoll-animation-bam,WPMZWCA,BAM,V1,50,64,data/PaperDol.bif,0x06200547,3092,796E62E25B878F803BF874624865B82AE8964D76A559C293C209382F4F2F382C,graphics/source/sprites/WPMZWCA.bam
supplemental:sprites:paperdoll-animation-bam:WPMZWCAE,sprites,paperdoll-animation-bam,WPMZWCAE,BAM,V1,30,64,data/PaperDol.bif,0x06200548,2354,512CB092F3A2BB9D2E060FB618AF4E8D56CED5FDFC66BA7171BFB935FD67431E,graphics/source/sprites/WPMZWCAE.bam
supplemental:sprites:paperdoll-animation-bam:WPMZWG1,sprites,paperdoll-animation-bam,WPMZWG1,BAM,V1,180,72,data/PaperDol.bif,0x06200549,5754,256E8DF9FF3763DBED66CDE303A3297F38A92C9BC27A6C874DBFD32642F8335E,graphics/source/sprites/WPMZWG1.bam
supplemental:sprites:paperdoll-animation-bam:WPMZWG1E,sprites,paperdoll-animation-bam,WPMZWG1E,BAM,V1,108,72,data/PaperDol.bif,0x0620054A,3946,6E10D76E375058AC3CF38375E8FC486031D55C3100CC560C8EBEC3BC7207CF1F,graphics/source/sprites/WPMZWG1E.bam
supplemental:sprites:paperdoll-animation-bam:WPMZWINV,sprites,paperdoll-animation-bam,WPMZWINV,BAM,V1,2,1,data/PaperDol.bif,0x0620054B,6661,7A079DF99E858877873CDC459C434F8C0B0ED52EBE14053887E4AD1686BCC535,graphics/source/sprites/WPMZWINV.bam
supplemental:sprites:paperdoll-animation-bam:WPMZWSA,sprites,paperdoll-animation-bam,WPMZWSA,BAM,V1,20,8,data/PaperDol.bif,0x0620054C,1516,3ACDA5E0B8F1CCAE46185709147343DBE2AC6D9E74CD3D112451EB4F2C959627,graphics/source/sprites/WPMZWSA.bam
supplemental:sprites:paperdoll-animation-bam:WPMZWSAE,sprites,paperdoll-animation-bam,WPMZWSAE,BAM,V1,12,8,data/PaperDol.bif,0x0620054D,1350,C4182AE17FED09D6F93D65E91BA3E252660A424A6B850E4DC63A474784396131,graphics/source/sprites/WPMZWSAE.bam
supplemental:sprites:paperdoll-animation-bam:WPMZWSX,sprites,paperdoll-animation-bam,WPMZWSX,BAM,V1,15,8,data/PaperDol.bif,0x0620054E,1446,19D89EAE8A347996A132BCA73E1DB0310ABAFB4D166572561778690A2EE6FC4F,graphics/source/sprites/WPMZWSX.bam
supplemental:sprites:paperdoll-animation-bam:WPMZWSXE,sprites,paperdoll-animation-bam,WPMZWSXE,BAM,V1,9,8,data/PaperDol.bif,0x0620054F,1298,E41B7930EA0F5B79D5AB91A50A861F8AC219C6BA360AC4696B153D50104F5C31,graphics/source/sprites/WPMZWSXE.bam
supplemental:sprites:paperdoll-animation-bam:WPMZWW2,sprites,paperdoll-animation-bam,WPMZWW2,BAM,V1,50,8,data/PaperDol.bif,0x06200550,2502,F4361518F5BC7040D3F74B2BCF015577E13771877C94758B3772563F5B3AFF45,graphics/source/sprites/WPMZWW2.bam
supplemental:sprites:paperdoll-animation-bam:WPMZWW2E,sprites,paperdoll-animation-bam,WPMZWW2E,BAM,V1,30,8,data/PaperDol.bif,0x06200551,1560,21D59C452D8D505F6C60B435368DAD0841A9F8585B35E2F4BD193E2625A80163,graphics/source/sprites/WPMZWW2E.bam
supplemental:sprites:paperdoll-animation-bam:WPNAXINV,sprites,paperdoll-animation-bam,WPNAXINV,BAM,V1,2,1,data/PaperDol.bif,0x06200552,1671,FC7A464F199762C8AF7B6E8E9E4F01EEF35A39CA0624A10F6B961F2D50DE87D1,graphics/source/sprites/WPNAXINV.bam
supplemental:sprites:paperdoll-animation-bam:WPNAXOIN,sprites,paperdoll-animation-bam,WPNAXOIN,BAM,V1,2,1,data/PaperDol.bif,0x06200553,1630,6D525D60E5378456444C33AD712CE94895029B0A40D75E29B2B1D042F762BDD3,graphics/source/sprites/WPNAXOIN.bam
supplemental:sprites:paperdoll-animation-bam:WPNBSINV,sprites,paperdoll-animation-bam,WPNBSINV,BAM,V1,2,1,data/PaperDol.bif,0x06200554,1617,2EB4A133DBDC60EF111A0E985C301275358EAB5AB0D8A1D55E9A19ECF721C788,graphics/source/sprites/WPNBSINV.bam
supplemental:sprites:paperdoll-animation-bam:WPNBWINV,sprites,paperdoll-animation-bam,WPNBWINV,BAM,V1,2,1,data/PaperDol.bif,0x06200555,1892,C2359BFCD8AE9E2BBDB247F4D0AE5A3EBC446E7A1ADE18DD9CA7790259EEAC19,graphics/source/sprites/WPNBWINV.bam
supplemental:sprites:paperdoll-animation-bam:WPNC0INV,sprites,paperdoll-animation-bam,WPNC0INV,BAM,V1,2,1,data/PaperDol.bif,0x06200556,2876,9E93C573608555B462018A1DC7D20EE993C684B3DCF4E8805DFE83AAAB019711,graphics/source/sprites/WPNC0INV.bam
supplemental:sprites:paperdoll-animation-bam:WPNC1INV,sprites,paperdoll-animation-bam,WPNC1INV,BAM,V1,2,1,data/PaperDol.bif,0x06200557,3543,3126E29CF8F9C4B225D6CC3F01D9001727A0989A6475BA710EE0B8A776E3A658,graphics/source/sprites/WPNC1INV.bam
supplemental:sprites:paperdoll-animation-bam:WPNC2INV,sprites,paperdoll-animation-bam,WPNC2INV,BAM,V1,2,1,data/PaperDol.bif,0x06200558,3951,D4D5D9F1E40A8B00625DC51699FA37DC4D48104E98CD1156D99EE44D4B64BDE6,graphics/source/sprites/WPNC2INV.bam
supplemental:sprites:paperdoll-animation-bam:WPNC3INV,sprites,paperdoll-animation-bam,WPNC3INV,BAM,V1,2,1,data/PaperDol.bif,0x06200559,3543,A05E259C39DC78EE9B02B5389615E28C7B067E180CBACDBAC0CC3BEE9331BAE2,graphics/source/sprites/WPNC3INV.bam
supplemental:sprites:paperdoll-animation-bam:WPNC4INV,sprites,paperdoll-animation-bam,WPNC4INV,BAM,V1,2,1,data/PaperDol.bif,0x0620055A,1869,62E4403138DB55593C8BC0952E6F70015FFCA861F961CE011EDA3BF2A98F3059,graphics/source/sprites/WPNC4INV.bam
supplemental:sprites:paperdoll-animation-bam:WPNC5INV,sprites,paperdoll-animation-bam,WPNC5INV,BAM,V1,2,1,data/PaperDol.bif,0x0620055B,2676,FFA64CFF201F254FF8DECF50EDCE0D2A6263C4660731802DDEA1F7A08720307E,graphics/source/sprites/WPNC5INV.bam
supplemental:sprites:paperdoll-animation-bam:WPNC6INV,sprites,paperdoll-animation-bam,WPNC6INV,BAM,V1,2,1,data/PaperDol.bif,0x0620055C,3752,9EDF1CBFF47083F55BD140A1E6372F847C3FC3E053BB3E7A5ACD32AC808F480B,graphics/source/sprites/WPNC6INV.bam
supplemental:sprites:paperdoll-animation-bam:WPNC7INV,sprites,paperdoll-animation-bam,WPNC7INV,BAM,V1,2,1,data/PaperDol.bif,0x0620055D,3097,853B527BCE1FD1BBA275437C2C5E449235A720A9A9CB0DBB088F5C44F7458FE0,graphics/source/sprites/WPNC7INV.bam
supplemental:sprites:paperdoll-animation-bam:WPNCBINV,sprites,paperdoll-animation-bam,WPNCBINV,BAM,V1,2,1,data/PaperDol.bif,0x0620055E,1789,02C91C2A89C98A55E533A83B33E6C8B59FC65823730B409BA2AD7D097C1F4552,graphics/source/sprites/WPNCBINV.bam
supplemental:sprites:paperdoll-animation-bam:WPNCLINV,sprites,paperdoll-animation-bam,WPNCLINV,BAM,V1,2,1,data/PaperDol.bif,0x0620055F,1404,1699F9CC632E59E150D91DF5B3C672404BCFDFD82FEA39EF51688C5A4BDC6F01,graphics/source/sprites/WPNCLINV.bam
supplemental:sprites:paperdoll-animation-bam:WPNCLOIN,sprites,paperdoll-animation-bam,WPNCLOIN,BAM,V1,2,1,data/PaperDol.bif,0x06200560,1345,D71DD52C430DDB1405560343291BC697599E457150AA8C848F23E5BBCAA73839,graphics/source/sprites/WPNCLOIN.bam
supplemental:sprites:paperdoll-animation-bam:WPND1INV,sprites,paperdoll-animation-bam,WPND1INV,BAM,V1,2,1,data/PaperDol.bif,0x06200561,1844,6DABF9493C42199878F2847CADAB264C58D36F682E4655E2E164D28D7BB07576,graphics/source/sprites/WPND1INV.bam
supplemental:sprites:paperdoll-animation-bam:WPND2INV,sprites,paperdoll-animation-bam,WPND2INV,BAM,V1,2,1,data/PaperDol.bif,0x06200562,2751,7B663A7F1FA0455EA0D78A8D818C2C172D793E11EADF77DD4464934D287FCEE6,graphics/source/sprites/WPND2INV.bam
supplemental:sprites:paperdoll-animation-bam:WPND3INV,sprites,paperdoll-animation-bam,WPND3INV,BAM,V1,2,1,data/PaperDol.bif,0x06200564,3356,6802B63FD00EFFA6E06C02FC9F3BC6E309F674CEF0C71FE3EAAF87CDD7032130,graphics/source/sprites/WPND3INV.bam
supplemental:sprites:paperdoll-animation-bam:WPND4INV,sprites,paperdoll-animation-bam,WPND4INV,BAM,V1,2,1,data/PaperDol.bif,0x06200566,4130,11AD2EA6F69DC0DF81910D5B9C67441C594739BC3FFD0B152F34A06974CFF76A,graphics/source/sprites/WPND4INV.bam
supplemental:sprites:paperdoll-animation-bam:WPNDDINV,sprites,paperdoll-animation-bam,WPNDDINV,BAM,V1,2,1,data/PaperDol.bif,0x06200568,1286,1B85DADA562D1CF614BC154D68E2CB275C549C90FB03046ED58E0521F646B96C,graphics/source/sprites/WPNDDINV.bam
supplemental:sprites:paperdoll-animation-bam:WPNDDOIN,sprites,paperdoll-animation-bam,WPNDDOIN,BAM,V1,2,1,data/PaperDol.bif,0x06200569,1244,9B821FA47C9BD3733F2330A15ABBA5932B703AD0860A80675DDAE57BD8141A3D,graphics/source/sprites/WPNDDOIN.bam
supplemental:sprites:paperdoll-animation-bam:WPNF0INV,sprites,paperdoll-animation-bam,WPNF0INV,BAM,V1,2,1,data/PaperDol.bif,0x0620056A,1777,A1D30203F4D2DEBB16C2BA15A2D9A237BBB487CC7F029938C2C09A2C1D4A6EF1,graphics/source/sprites/WPNF0INV.bam
supplemental:sprites:paperdoll-animation-bam:WPNF0OIN,sprites,paperdoll-animation-bam,WPNF0OIN,BAM,V1,2,1,data/PaperDol.bif,0x0620056B,1707,3AE22F6EBAABC0133578CED934FF4E7BA87F6C39EACBC1E2D776DBEBD64D0366,graphics/source/sprites/WPNF0OIN.bam
supplemental:sprites:paperdoll-animation-bam:WPNF1INV,sprites,paperdoll-animation-bam,WPNF1INV,BAM,V1,2,1,data/PaperDol.bif,0x0620056C,2041,ADEA8755DEC84CE32AEF41A4BCE39EA233BF6B4E213B2D3370B6114E4D34724B,graphics/source/sprites/WPNF1INV.bam
supplemental:sprites:paperdoll-animation-bam:WPNF1OIN,sprites,paperdoll-animation-bam,WPNF1OIN,BAM,V1,2,1,data/PaperDol.bif,0x0620056D,1975,604343448E2BAE27F9A47CE91C267C1BAE50B4ECFD82ECB733B84ECD1F4C2EF0,graphics/source/sprites/WPNF1OIN.bam
supplemental:sprites:paperdoll-animation-bam:WPNF2INV,sprites,paperdoll-animation-bam,WPNF2INV,BAM,V1,2,1,data/PaperDol.bif,0x0620056E,1875,B1BAA178230F8BD6EE66883399856FBCB1FC3A278B86FE773611C5B063CCBFAB,graphics/source/sprites/WPNF2INV.bam
supplemental:sprites:paperdoll-animation-bam:WPNF2OIN,sprites,paperdoll-animation-bam,WPNF2OIN,BAM,V1,2,1,data/PaperDol.bif,0x0620056F,2518,B4129E9F181DE82D7A3ECAF78453FAA9502B41CD3F2D24EB98B5920720E5ED1C,graphics/source/sprites/WPNF2OIN.bam
supplemental:sprites:paperdoll-animation-bam:WPNF3INV,sprites,paperdoll-animation-bam,WPNF3INV,BAM,V1,2,1,data/PaperDol.bif,0x06200570,2065,CF563D6CF5C8C702FD5AA9D262DA93FE811B1BCE2A50AD939EB836710EFAF4D0,graphics/source/sprites/WPNF3INV.bam
supplemental:sprites:paperdoll-animation-bam:WPNF3OIN,sprites,paperdoll-animation-bam,WPNF3OIN,BAM,V1,2,1,data/PaperDol.bif,0x06200571,2006,2BF0C7E7305FBC3DEB1C1B7663E8A006DE5DBA18BDAA8AF2103A031F439032F1,graphics/source/sprites/WPNF3OIN.bam
supplemental:sprites:paperdoll-animation-bam:WPNFLINV,sprites,paperdoll-animation-bam,WPNFLINV,BAM,V1,2,1,data/PaperDol.bif,0x06200572,1796,E5846F1005247A17D34A7428CB7B18EE2A9D544953166F11055060BF7D8799AD,graphics/source/sprites/WPNFLINV.bam
supplemental:sprites:paperdoll-animation-bam:WPNFLOIN,sprites,paperdoll-animation-bam,WPNFLOIN,BAM,V1,2,1,data/PaperDol.bif,0x06200573,1720,FEAC7774D5CEDB6855B5C59BBA2A1AF72D555BFACCC0A48ED38B28972704A3AB,graphics/source/sprites/WPNFLOIN.bam
supplemental:sprites:paperdoll-animation-bam:WPNFSINV,sprites,paperdoll-animation-bam,WPNFSINV,BAM,V1,2,1,data/PaperDol.bif,0x06200574,2372,46EBBF063D780CB9D94A6A706255722259AED91FE5F565CA9EC66130BF0C5D29,graphics/source/sprites/WPNFSINV.bam
supplemental:sprites:paperdoll-animation-bam:WPNFSOIN,sprites,paperdoll-animation-bam,WPNFSOIN,BAM,V1,2,1,data/PaperDol.bif,0x06200575,2241,C10F3B3BE08CBAE16C59E1B8BE42E1208920D4325AE7D55D02AF132CFE77DC7A,graphics/source/sprites/WPNFSOIN.bam
supplemental:sprites:paperdoll-animation-bam:WPNGSINV,sprites,paperdoll-animation-bam,WPNGSINV,BAM,V1,2,1,data/PaperDol.bif,0x06200576,2503,6A57CA185432352D4A064EA0825B2F7F46EBED12A4022F182E65C64ECEAD50CD,graphics/source/sprites/WPNGSINV.bam
supplemental:sprites:paperdoll-animation-bam:WPNH0INV,sprites,paperdoll-animation-bam,WPNH0INV,BAM,V1,2,1,data/PaperDol.bif,0x06200577,1510,DB25B81AAA2F5290B20D8AF4D78FAF367E059AC625F62685EA17F0B6C897C681,graphics/source/sprites/WPNH0INV.bam
supplemental:sprites:paperdoll-animation-bam:WPNH1INV,sprites,paperdoll-animation-bam,WPNH1INV,BAM,V1,2,1,data/PaperDol.bif,0x06200579,1902,BB5827D89CE70812D0B4BB282D5DA8E45255533188F077F9057A733CE29AB7B3,graphics/source/sprites/WPNH1INV.bam
supplemental:sprites:paperdoll-animation-bam:WPNH2INV,sprites,paperdoll-animation-bam,WPNH2INV,BAM,V1,2,1,data/PaperDol.bif,0x0620057B,2080,9AA50234CC9FE6F48BF7DFE006A184289684D6D482458097AC0FFD1DBB3EAEF4,graphics/source/sprites/WPNH2INV.bam
supplemental:sprites:paperdoll-animation-bam:WPNH3INV,sprites,paperdoll-animation-bam,WPNH3INV,BAM,V1,2,1,data/PaperDol.bif,0x0620057D,1735,1A355BFF8E194A14C39C089B029C701BD557AEAB1AFDEDF31A31066A24CA5546,graphics/source/sprites/WPNH3INV.bam
supplemental:sprites:paperdoll-animation-bam:WPNH4INV,sprites,paperdoll-animation-bam,WPNH4INV,BAM,V1,2,1,data/PaperDol.bif,0x0620057F,1792,FE1C3EC91D522A8FB189DDA6638BC65AA26734BEEF28B68EAD2BCEC141AD9BFF,graphics/source/sprites/WPNH4INV.bam
supplemental:sprites:paperdoll-animation-bam:WPNH5INV,sprites,paperdoll-animation-bam,WPNH5INV,BAM,V1,2,1,data/PaperDol.bif,0x06200581,1584,808D246140BBAC531176C5D561A9425E9B906393B42613153985A9BDCB7740E7,graphics/source/sprites/WPNH5INV.bam
supplemental:sprites:paperdoll-animation-bam:WPNH6INV,sprites,paperdoll-animation-bam,WPNH6INV,BAM,V1,2,1,data/PaperDol.bif,0x06200583,1507,6A9A4048CB2F09E64A0D850FF44304B5D586B191E7E62B1DCDCF61F1E8EF14A9,graphics/source/sprites/WPNH6INV.bam
supplemental:sprites:paperdoll-animation-bam:WPNHBINV,sprites,paperdoll-animation-bam,WPNHBINV,BAM,V1,2,1,data/PaperDol.bif,0x06200584,2316,8BD66A36EC74C3C18D1DBC49BCA4B4DDBFA8C86306373B33ED6DF4618003F10C,graphics/source/sprites/WPNHBINV.bam
supplemental:sprites:paperdoll-animation-bam:WPNJ0INV,sprites,paperdoll-animation-bam,WPNJ0INV,BAM,V1,2,1,data/PaperDol.bif,0x06200585,1510,DB25B81AAA2F5290B20D8AF4D78FAF367E059AC625F62685EA17F0B6C897C681,graphics/source/sprites/WPNJ0INV.bam
supplemental:sprites:paperdoll-animation-bam:WPNJ1INV,sprites,paperdoll-animation-bam,WPNJ1INV,BAM,V1,2,1,data/PaperDol.bif,0x06200586,1902,BB5827D89CE70812D0B4BB282D5DA8E45255533188F077F9057A733CE29AB7B3,graphics/source/sprites/WPNJ1INV.bam
supplemental:sprites:paperdoll-animation-bam:WPNJ2INV,sprites,paperdoll-animation-bam,WPNJ2INV,BAM,V1,2,1,data/PaperDol.bif,0x06200587,2080,9AA50234CC9FE6F48BF7DFE006A184289684D6D482458097AC0FFD1DBB3EAEF4,graphics/source/sprites/WPNJ2INV.bam
supplemental:sprites:paperdoll-animation-bam:WPNJ3INV,sprites,paperdoll-animation-bam,WPNJ3INV,BAM,V1,2,1,data/PaperDol.bif,0x06200588,1735,1A355BFF8E194A14C39C089B029C701BD557AEAB1AFDEDF31A31066A24CA5546,graphics/source/sprites/WPNJ3INV.bam
supplemental:sprites:paperdoll-animation-bam:WPNJ4INV,sprites,paperdoll-animation-bam,WPNJ4INV,BAM,V1,2,1,data/PaperDol.bif,0x06200589,1792,FE1C3EC91D522A8FB189DDA6638BC65AA26734BEEF28B68EAD2BCEC141AD9BFF,graphics/source/sprites/WPNJ4INV.bam
supplemental:sprites:paperdoll-animation-bam:WPNJ5INV,sprites,paperdoll-animation-bam,WPNJ5INV,BAM,V1,2,1,data/PaperDol.bif,0x0620058A,1584,808D246140BBAC531176C5D561A9425E9B906393B42613153985A9BDCB7740E7,graphics/source/sprites/WPNJ5INV.bam
supplemental:sprites:paperdoll-animation-bam:WPNJ6INV,sprites,paperdoll-animation-bam,WPNJ6INV,BAM,V1,2,1,data/PaperDol.bif,0x0620058B,1576,83F40EA9A664017ABFFA67BC50504FB930AACCDB8A016000AEB70787904BED62,graphics/source/sprites/WPNJ6INV.bam
supplemental:sprites:paperdoll-animation-bam:WPNJ7INV,sprites,paperdoll-animation-bam,WPNJ7INV,BAM,V1,2,1,data/PaperDol.bif,0x0620058C,1711,6EE049A810646C8B92D3330697D824C72F877784941596A33AB76347764851A6,graphics/source/sprites/WPNJ7INV.bam
supplemental:sprites:paperdoll-animation-bam:WPNJ8INV,sprites,paperdoll-animation-bam,WPNJ8INV,BAM,V1,2,1,data/PaperDol.bif,0x0620058D,1919,A6A499C3C25E2BA6E10709ABF259D8B6FC9730EDC39B885CF2D92F3587E8C108,graphics/source/sprites/WPNJ8INV.bam
supplemental:sprites:paperdoll-animation-bam:WPNJ9INV,sprites,paperdoll-animation-bam,WPNJ9INV,BAM,V1,2,1,data/PaperDol.bif,0x0620058E,1968,3921AC618DFFAEAD964778AA9771D3B646CB1329FC3012AB942DE626692380A2,graphics/source/sprites/WPNJ9INV.bam
supplemental:sprites:paperdoll-animation-bam:WPNJAINV,sprites,paperdoll-animation-bam,WPNJAINV,BAM,V1,2,1,data/PaperDol.bif,0x0620058F,2482,56EA188CE4236700E5884579A659E9DE24C79792BD0BE48EBAE5D46C0CDAB0A0,graphics/source/sprites/WPNJAINV.bam
supplemental:sprites:paperdoll-animation-bam:WPNJBINV,sprites,paperdoll-animation-bam,WPNJBINV,BAM,V1,2,1,data/PaperDol.bif,0x06200590,1215,94BCCD7245F72DC84C0725A4C7BFBDAAD363A421C052EA599A3F8A9417C19F95,graphics/source/sprites/WPNJBINV.bam
supplemental:sprites:paperdoll-animation-bam:WPNJCINV,sprites,paperdoll-animation-bam,WPNJCINV,BAM,V1,2,1,data/PaperDol.bif,0x06200591,2258,6F414F3ADBBD6E9B2ABDD9F6E846AC71BC98EA92782B76E11447464032A8D39E,graphics/source/sprites/WPNJCINV.bam
supplemental:sprites:paperdoll-animation-bam:WPNM2INV,sprites,paperdoll-animation-bam,WPNM2INV,BAM,V1,2,1,data/PaperDol.bif,0x06200592,1817,1D5667321028D8287EF3BDD1A06CB187022743E69BEAD826B403066EB97498BB,graphics/source/sprites/WPNM2INV.bam
supplemental:sprites:paperdoll-animation-bam:WPNM2OIN,sprites,paperdoll-animation-bam,WPNM2OIN,BAM,V1,2,1,data/PaperDol.bif,0x06200593,1704,3C447EA6713E6325394177455C00196BD8197E5B8A85F0FD9032BB5FB227EC82,graphics/source/sprites/WPNM2OIN.bam
supplemental:sprites:paperdoll-animation-bam:WPNMCINV,sprites,paperdoll-animation-bam,WPNMCINV,BAM,V1,2,1,data/PaperDol.bif,0x06200594,1476,82E5CC17BA783E44898D253C561D9135B2FF3FAC0A3CA7C8C21944D134FB5B84,graphics/source/sprites/WPNMCINV.bam
supplemental:sprites:paperdoll-animation-bam:WPNMCOIN,sprites,paperdoll-animation-bam,WPNMCOIN,BAM,V1,2,1,data/PaperDol.bif,0x06200595,1437,3613529D7BD8F2B80BBB1FE7642E265D60F7B690FBA90F383015C36F35E50199,graphics/source/sprites/WPNMCOIN.bam
supplemental:sprites:paperdoll-animation-bam:WPNMSINV,sprites,paperdoll-animation-bam,WPNMSINV,BAM,V1,2,1,data/PaperDol.bif,0x06200596,1522,A050E0A618040153A0E772B4710CC10ECBF84443210495B43608D4941E9D4421,graphics/source/sprites/WPNMSINV.bam
supplemental:sprites:paperdoll-animation-bam:WPNMSOIN,sprites,paperdoll-animation-bam,WPNMSOIN,BAM,V1,2,1,data/PaperDol.bif,0x06200597,1548,E18473DD7F4FF57120F2BFC275EA9E18E1BFC117EA2BC23FADFAD88BC3E4A5F5,graphics/source/sprites/WPNMSOIN.bam
supplemental:sprites:paperdoll-animation-bam:WPNQ2INV,sprites,paperdoll-animation-bam,WPNQ2INV,BAM,V1,2,1,data/PaperDol.bif,0x06200598,1878,0255FB23EE6FEE5E547367AB03D5FC75AD39130EC7C313A56210675A1ED4282A,graphics/source/sprites/WPNQ2INV.bam
supplemental:sprites:paperdoll-animation-bam:WPNQ3INV,sprites,paperdoll-animation-bam,WPNQ3INV,BAM,V1,2,1,data/PaperDol.bif,0x06200599,2287,71393352A5F87D4A66527EE1DB1DE20A8B0A2B4FF600229F255F517B052E0EED,graphics/source/sprites/WPNQ3INV.bam
supplemental:sprites:paperdoll-animation-bam:WPNQ4INV,sprites,paperdoll-animation-bam,WPNQ4INV,BAM,V1,2,1,data/PaperDol.bif,0x0620059A,2522,7DF3518954C68586C133145DD2312BFD2FE955835D5726FB63EBC975CEE75BBA,graphics/source/sprites/WPNQ4INV.bam
supplemental:sprites:paperdoll-animation-bam:WPNQSINV,sprites,paperdoll-animation-bam,WPNQSINV,BAM,V1,2,1,data/PaperDol.bif,0x0620059B,1906,0204CA9A52A69B73919DB959B35426E4FB0115539D8A22FD237B1CF880305634,graphics/source/sprites/WPNQSINV.bam
supplemental:sprites:paperdoll-animation-bam:WPNS0INV,sprites,paperdoll-animation-bam,WPNS0INV,BAM,V1,2,1,data/PaperDol.bif,0x0620059C,1602,CB09FDAE42907A9BB5FF35188B3254BA837E26CBFD92820E887D726E2DC9C6D4,graphics/source/sprites/WPNS0INV.bam
supplemental:sprites:paperdoll-animation-bam:WPNS0OIN,sprites,paperdoll-animation-bam,WPNS0OIN,BAM,V1,2,1,data/PaperDol.bif,0x0620059D,1504,9EBF02E189D2C4028DD4A5AF84EB59486EFF5DBD84AE1261D4DCF3BB5D80262E,graphics/source/sprites/WPNS0OIN.bam
supplemental:sprites:paperdoll-animation-bam:WPNS1INV,sprites,paperdoll-animation-bam,WPNS1INV,BAM,V1,2,1,data/PaperDol.bif,0x0620059E,1478,E4FBF05EA40F7F24BEB9EEF32CDC87D6BECFEFD0AFD2B768944DED3081C2BCBD,graphics/source/sprites/WPNS1INV.bam
supplemental:sprites:paperdoll-animation-bam:WPNS1OIN,sprites,paperdoll-animation-bam,WPNS1OIN,BAM,V1,2,1,data/PaperDol.bif,0x0620059F,1442,5C4D1475BDD016538ADC9FC74B1CE7DE20A49794DDC9B9CCA87BA35B66284168,graphics/source/sprites/WPNS1OIN.bam
supplemental:sprites:paperdoll-animation-bam:WPNS2INV,sprites,paperdoll-animation-bam,WPNS2INV,BAM,V1,2,1,data/PaperDol.bif,0x062005A0,1616,B0CE27CC7EB350EA7345C10D77ED74E0AE928CEDC1C623557AC5FC8B1214F38A,graphics/source/sprites/WPNS2INV.bam
supplemental:sprites:paperdoll-animation-bam:WPNS3INV,sprites,paperdoll-animation-bam,WPNS3INV,BAM,V1,2,1,data/PaperDol.bif,0x062005A1,1579,CF6C40E3B36FBE716D0E22208C85C482FF70EE624560AEBD16148907E91CDB37,graphics/source/sprites/WPNS3INV.bam
supplemental:sprites:paperdoll-animation-bam:WPNS3OIN,sprites,paperdoll-animation-bam,WPNS3OIN,BAM,V1,2,1,data/PaperDol.bif,0x062005A2,1527,454B3AD147D7585873B62222AE6D5A4F5903BC9D972D125EAEA7CE069948DE08,graphics/source/sprites/WPNS3OIN.bam
supplemental:sprites:paperdoll-animation-bam:WPNSCINV,sprites,paperdoll-animation-bam,WPNSCINV,BAM,V1,2,1,data/PaperDol.bif,0x062005A3,1632,57C05C5B037877F7D599E22523E5D0F05D29713BE01C10A9D048DCB50B2C558A,graphics/source/sprites/WPNSCINV.bam
supplemental:sprites:paperdoll-animation-bam:WPNSCOIN,sprites,paperdoll-animation-bam,WPNSCOIN,BAM,V1,2,1,data/PaperDol.bif,0x062005A4,1470,72B783FB48FEDC167F3C1A64668F762074D789535B1C7B8B4205D9B8CC4F23FE,graphics/source/sprites/WPNSCOIN.bam
supplemental:sprites:paperdoll-animation-bam:WPNSLINV,sprites,paperdoll-animation-bam,WPNSLINV,BAM,V1,2,1,data/PaperDol.bif,0x062005A5,1517,7EDA41DF8C5F17E011A088D87A559EA4663DBCDE6CECED89E9A26F4C4F9F4CAA,graphics/source/sprites/WPNSLINV.bam
supplemental:sprites:paperdoll-animation-bam:WPNSPINV,sprites,paperdoll-animation-bam,WPNSPINV,BAM,V1,2,1,data/PaperDol.bif,0x062005A6,1803,F91C360DEEDDC26A31DC942D224837E1A11FFBAA28DC7ED7C14E31891F1754E6,graphics/source/sprites/WPNSPINV.bam
supplemental:sprites:paperdoll-animation-bam:WPNSSINV,sprites,paperdoll-animation-bam,WPNSSINV,BAM,V1,2,1,data/PaperDol.bif,0x062005A7,1448,931668695E8119528E864C3D47595D4D2DF6F2CBAFA26C47CBB21F76A0A0ECF5,graphics/source/sprites/WPNSSINV.bam
supplemental:sprites:paperdoll-animation-bam:WPNSSOIN,sprites,paperdoll-animation-bam,WPNSSOIN,BAM,V1,2,1,data/PaperDol.bif,0x062005A8,1375,DE1F74668FC0264C0CACCF170882A455F36B60A848F9FBB9030DDA6A404544EF,graphics/source/sprites/WPNSSOIN.bam
supplemental:sprites:paperdoll-animation-bam:WPNWHINV,sprites,paperdoll-animation-bam,WPNWHINV,BAM,V1,2,1,data/PaperDol.bif,0x062005A9,1814,B590F896ECE15FC24ACAD3D38D848EC979CB7B12DB025B71C605489D67F9D7BA,graphics/source/sprites/WPNWHINV.bam
supplemental:sprites:paperdoll-animation-bam:WPNWHOIN,sprites,paperdoll-animation-bam,WPNWHOIN,BAM,V1,2,1,data/PaperDol.bif,0x062005AA,1744,3D8732A28F4F7C4FB18D03CC365C4741E691CF1C1BC0EDB14D012E296E62AE62,graphics/source/sprites/WPNWHOIN.bam
supplemental:sprites:paperdoll-animation-bam:WPNWMOIN,sprites,paperdoll-animation-bam,WPNWMOIN,BAMC,V1,2,1,data/PaperDol.bif,0x062005AB,1005,D0B6F427F48DF736A9926B7815FD59000CF83E3A9D84D59A0ACE76AF8F4486A0,graphics/source/sprites/WPNWMOIN.bam
supplemental:sprites:object-animation-bam:WPSAXA1,sprites,object-animation-bam,WPSAXA1,BAMC,V1,50,16,data/OBJAnim.bif,0x002002CD,3712,3A8686C1C4FD7F9C7652F8BEE78C5F5CCDE0407CFE9DE24E68B637C37DC5979D,graphics/source/sprites/WPSAXA1.bam
supplemental:sprites:object-animation-bam:WPSAXA1E,sprites,object-animation-bam,WPSAXA1E,BAMC,V1,30,16,data/OBJAnim.bif,0x002002CE,2574,1689DFAA0D7AC0AA4D25F5C0ED1A576513CDE1AB6ECF76299400D3E19F95571C,graphics/source/sprites/WPSAXA1E.bam
supplemental:sprites:object-animation-bam:WPSAXA3,sprites,object-animation-bam,WPSAXA3,BAMC,V1,50,8,data/OBJAnim.bif,0x002002CF,3250,2783D6052625F1C2034E1CD73E1320F7FB0EB6217AF6DAAEAF1111859AE826B2,graphics/source/sprites/WPSAXA3.bam
supplemental:sprites:object-animation-bam:WPSAXA3E,sprites,object-animation-bam,WPSAXA3E,BAMC,V1,30,8,data/OBJAnim.bif,0x002002D0,2912,70EEDAAA9CBB06BD550788B0BC94B317BF41523B67A9B9545F6E8338FCDA09BE,graphics/source/sprites/WPSAXA3E.bam
supplemental:sprites:object-animation-bam:WPSAXG1,sprites,object-animation-bam,WPSAXG1,BAMC,V1,180,72,data/OBJAnim.bif,0x002002D1,9160,2743218592BC056314ABB0B1CF4EC21846D9A2B96E572DE7D57AF6E34D631688,graphics/source/sprites/WPSAXG1.bam
supplemental:sprites:object-animation-bam:WPSAXG1E,sprites,object-animation-bam,WPSAXG1E,BAMC,V1,108,72,data/OBJAnim.bif,0x002002D2,7223,2B4053C6DB2FD970966CDCF952CF34AA368A55A7CFBB3BDE970CA8C7628016CC,graphics/source/sprites/WPSAXG1E.bam
supplemental:sprites:paperdoll-animation-bam:WPSAXINV,sprites,paperdoll-animation-bam,WPSAXINV,BAM,V1,2,1,data/PaperDol.bif,0x062005AC,1673,A7A2507C63573DDCA1898E386D4D12A56834575CDF9752D9173C7C87A90226C4,graphics/source/sprites/WPSAXINV.bam
supplemental:sprites:paperdoll-animation-bam:WPSAXOIN,sprites,paperdoll-animation-bam,WPSAXOIN,BAM,V1,2,1,data/PaperDol.bif,0x062005AD,1618,8151151A2E38E435FCF3FA63FA4B7F02CEC7297BD682C9DA25A1F54FB47A8B89,graphics/source/sprites/WPSAXOIN.bam
supplemental:sprites:object-animation-bam:WPSAXW2,sprites,object-animation-bam,WPSAXW2,BAMC,V1,50,8,data/OBJAnim.bif,0x002002D3,2715,6601872BBB1E94C5F4B313EB22C1B23444107F02D973DC86D878D41D3838D2A5,graphics/source/sprites/WPSAXW2.bam
supplemental:sprites:object-animation-bam:WPSAXW2E,sprites,object-animation-bam,WPSAXW2E,BAMC,V1,30,8,data/OBJAnim.bif,0x002002D4,2409,0E171A640E4A83064A19EFB903E4775E69D5730FC297DF4DF89833A2A5E14B4E,graphics/source/sprites/WPSAXW2E.bam
supplemental:sprites:paperdoll-animation-bam:WPSBSG1,sprites,paperdoll-animation-bam,WPSBSG1,BAMC,V1,180,72,data/PaperDol.bif,0x062005AE,14256,9C4834FA3F774FA087341B7B849A32BFFD63B8FA62193739BCE72058B53971B7,graphics/source/sprites/WPSBSG1.bam
supplemental:sprites:paperdoll-animation-bam:WPSBSG1E,sprites,paperdoll-animation-bam,WPSBSG1E,BAMC,V1,108,72,data/PaperDol.bif,0x062005AF,7428,1004E8E6B5F211AD20D9E15841B1799E9B668655B7C8CA1117FF2570F7E9999D,graphics/source/sprites/WPSBSG1E.bam
supplemental:sprites:paperdoll-animation-bam:WPSBSINV,sprites,paperdoll-animation-bam,WPSBSINV,BAM,V1,2,1,data/PaperDol.bif,0x062005B0,1612,5729ED23CEE04D9E7E38349AA6375167C15080696D131C0769E75D36D4BDD9A7,graphics/source/sprites/WPSBSINV.bam
supplemental:sprites:paperdoll-animation-bam:WPSBSSA,sprites,paperdoll-animation-bam,WPSBSSA,BAMC,V1,20,8,data/PaperDol.bif,0x062005B1,2120,0A91597609722C0218E2025E540776843238D29D07887BCC33AE16FB4BEE9DB7,graphics/source/sprites/WPSBSSA.bam
supplemental:sprites:paperdoll-animation-bam:WPSBSSAE,sprites,paperdoll-animation-bam,WPSBSSAE,BAMC,V1,12,8,data/PaperDol.bif,0x062005B2,1764,D5FD876DAFAB310CF27CA2264C67642ED707FF49CF2CB6C8F99DA268E0900B62,graphics/source/sprites/WPSBSSAE.bam
supplemental:sprites:paperdoll-animation-bam:WPSBSW2,sprites,paperdoll-animation-bam,WPSBSW2,BAMC,V1,50,8,data/PaperDol.bif,0x062005B3,4090,810E37E8ED228F85B811002A9F4FBF011B1ED637E99EF47BCF87CDB4684EE3DE,graphics/source/sprites/WPSBSW2.bam
supplemental:sprites:paperdoll-animation-bam:WPSBSW2E,sprites,paperdoll-animation-bam,WPSBSW2E,BAMC,V1,30,8,data/PaperDol.bif,0x062005B4,2338,FF177BBDC4521643E249BED0B14E7569C5544E4D458899EE9B4D9B3224A2EE86,graphics/source/sprites/WPSBSW2E.bam
supplemental:sprites:object-animation-bam:WPSBWG1,sprites,object-animation-bam,WPSBWG1,BAMC,V1,180,72,data/OBJAnim.bif,0x002002D5,14256,9C4834FA3F774FA087341B7B849A32BFFD63B8FA62193739BCE72058B53971B7,graphics/source/sprites/WPSBWG1.bam
supplemental:sprites:object-animation-bam:WPSBWG1E,sprites,object-animation-bam,WPSBWG1E,BAMC,V1,108,72,data/OBJAnim.bif,0x002002D6,7428,1004E8E6B5F211AD20D9E15841B1799E9B668655B7C8CA1117FF2570F7E9999D,graphics/source/sprites/WPSBWG1E.bam
supplemental:sprites:paperdoll-animation-bam:WPSBWINV,sprites,paperdoll-animation-bam,WPSBWINV,BAM,V1,2,1,data/PaperDol.bif,0x062005B5,1889,B9E555102AF92E3534A85FDEB6B3B11F178812A8B3DD5FA74DC8A005EDB1D1DE,graphics/source/sprites/WPSBWINV.bam
supplemental:sprites:object-animation-bam:WPSBWSA,sprites,object-animation-bam,WPSBWSA,BAMC,V1,20,8,data/OBJAnim.bif,0x002002D7,2120,0A91597609722C0218E2025E540776843238D29D07887BCC33AE16FB4BEE9DB7,graphics/source/sprites/WPSBWSA.bam
supplemental:sprites:object-animation-bam:WPSBWSAE,sprites,object-animation-bam,WPSBWSAE,BAMC,V1,12,8,data/OBJAnim.bif,0x002002D8,1764,D5FD876DAFAB310CF27CA2264C67642ED707FF49CF2CB6C8F99DA268E0900B62,graphics/source/sprites/WPSBWSAE.bam
supplemental:sprites:object-animation-bam:WPSBWW2,sprites,object-animation-bam,WPSBWW2,BAMC,V1,50,8,data/OBJAnim.bif,0x002002D9,4090,810E37E8ED228F85B811002A9F4FBF011B1ED637E99EF47BCF87CDB4684EE3DE,graphics/source/sprites/WPSBWW2.bam
supplemental:sprites:object-animation-bam:WPSBWW2E,sprites,object-animation-bam,WPSBWW2E,BAMC,V1,30,8,data/OBJAnim.bif,0x002002DA,2338,FF177BBDC4521643E249BED0B14E7569C5544E4D458899EE9B4D9B3224A2EE86,graphics/source/sprites/WPSBWW2E.bam
supplemental:sprites:paperdoll-animation-bam:WPSC0A1,sprites,paperdoll-animation-bam,WPSC0A1,BAMC,V1,50,16,data/PaperDol.bif,0x062005B6,7129,82262FD2B354F61A6C4619123052EF738840EFF35FDD7251333DEEC29C505409,graphics/source/sprites/WPSC0A1.bam
supplemental:sprites:paperdoll-animation-bam:WPSC0A1E,sprites,paperdoll-animation-bam,WPSC0A1E,BAMC,V1,30,16,data/PaperDol.bif,0x062005B7,3156,2DD1CC32ED2993B885E278D0D11B4C84201F24E02FA238FF16AABED3627883AE,graphics/source/sprites/WPSC0A1E.bam
supplemental:sprites:paperdoll-animation-bam:WPSC0A3,sprites,paperdoll-animation-bam,WPSC0A3,BAMC,V1,50,8,data/PaperDol.bif,0x062005B8,7099,F5984EA21D63200857BC71DDEB37E108E6C96000A5B33877505308F6A8E3829C,graphics/source/sprites/WPSC0A3.bam
supplemental:sprites:paperdoll-animation-bam:WPSC0A3E,sprites,paperdoll-animation-bam,WPSC0A3E,BAMC,V1,30,8,data/PaperDol.bif,0x062005B9,3075,B582240C02F6DCD3FCC5184A26858E5AFC7DD7A24F74F3B2848EB1A566635EBD,graphics/source/sprites/WPSC0A3E.bam
supplemental:sprites:paperdoll-animation-bam:WPSC0A5,sprites,paperdoll-animation-bam,WPSC0A5,BAMC,V1,30,8,data/PaperDol.bif,0x062005BA,4131,4039A2A063AEA1F702634D837D22B781AC1200FF2644853C50914CBC3C605DDF,graphics/source/sprites/WPSC0A5.bam
supplemental:sprites:paperdoll-animation-bam:WPSC0A5E,sprites,paperdoll-animation-bam,WPSC0A5E,BAMC,V1,18,8,data/PaperDol.bif,0x062005BB,2345,56A437DB315E87902B7FC4FE56BA4804FC80505B207CFAB800A4448FE47FF24D,graphics/source/sprites/WPSC0A5E.bam
supplemental:sprites:paperdoll-animation-bam:WPSC0G1,sprites,paperdoll-animation-bam,WPSC0G1,BAMC,V1,180,72,data/PaperDol.bif,0x062005BC,21431,94A7AAA82A50E266370E75084C94CD856CF3ADC4C256BCF3F5649391CAC8A57C,graphics/source/sprites/WPSC0G1.bam
supplemental:sprites:paperdoll-animation-bam:WPSC0G1E,sprites,paperdoll-animation-bam,WPSC0G1E,BAMC,V1,108,72,data/PaperDol.bif,0x062005BD,9156,395BD04C474DE1DEE870F909685C39E5984E5864E1B4759A74E575D9693F9FEB,graphics/source/sprites/WPSC0G1E.bam
supplemental:sprites:paperdoll-animation-bam:WPSC0INV,sprites,paperdoll-animation-bam,WPSC0INV,BAM,V1,2,1,data/PaperDol.bif,0x062005BE,2874,17CD298C53FBFFE5C201158A924200A29D788FC5248E6D0DBFF31F26238F0003,graphics/source/sprites/WPSC0INV.bam
supplemental:sprites:paperdoll-animation-bam:WPSC0W2,sprites,paperdoll-animation-bam,WPSC0W2,BAMC,V1,50,8,data/PaperDol.bif,0x062005BF,5947,15AA7CBB27AA4AA34D6329FFE42EAEF48BC65BFB343442A9569944D4D38968A9,graphics/source/sprites/WPSC0W2.bam
supplemental:sprites:paperdoll-animation-bam:WPSC0W2E,sprites,paperdoll-animation-bam,WPSC0W2E,BAMC,V1,30,8,data/PaperDol.bif,0x062005C0,2588,367B8FF2118160A82400345554A595C3CAE01A24AD407C9C440153BF7062ED15,graphics/source/sprites/WPSC0W2E.bam
supplemental:sprites:paperdoll-animation-bam:WPSC1A1,sprites,paperdoll-animation-bam,WPSC1A1,BAMC,V1,50,16,data/PaperDol.bif,0x062005C1,7663,15B3A11E4B10156E2B37F078FC7B0C6AA72E74139E60FABDFFBC6E620A6F1A6F,graphics/source/sprites/WPSC1A1.bam
supplemental:sprites:paperdoll-animation-bam:WPSC1A1E,sprites,paperdoll-animation-bam,WPSC1A1E,BAMC,V1,30,16,data/PaperDol.bif,0x062005C2,3289,23727BFB6293A8B1C98C07DA5DB9D45A913827F4B1EE49856DF973B3D860F81F,graphics/source/sprites/WPSC1A1E.bam
supplemental:sprites:paperdoll-animation-bam:WPSC1A3,sprites,paperdoll-animation-bam,WPSC1A3,BAMC,V1,50,8,data/PaperDol.bif,0x062005C3,7621,D97A8E80CE4FE5D0214D1F40FAF6E76234A8E4B6B8F86BDD50D415CCC8E975E6,graphics/source/sprites/WPSC1A3.bam
supplemental:sprites:paperdoll-animation-bam:WPSC1A3E,sprites,paperdoll-animation-bam,WPSC1A3E,BAMC,V1,30,8,data/PaperDol.bif,0x062005C4,3150,EC7E694249A94CA01614D6BF7A18797588A992A917D2E2F6604D8577C900ACB5,graphics/source/sprites/WPSC1A3E.bam
supplemental:sprites:paperdoll-animation-bam:WPSC1A5,sprites,paperdoll-animation-bam,WPSC1A5,BAMC,V1,30,8,data/PaperDol.bif,0x062005C5,4443,32E1D07E91AAE125F5A1367EDB009F0956073DE229C12ECF65F6E5FB651BEDB8,graphics/source/sprites/WPSC1A5.bam
supplemental:sprites:paperdoll-animation-bam:WPSC1A5E,sprites,paperdoll-animation-bam,WPSC1A5E,BAMC,V1,18,8,data/PaperDol.bif,0x062005C6,2434,C3D42E9B716F74435BBCA0016F8FBDD6F2880B1FC760C91C514E56D883D3A1CC,graphics/source/sprites/WPSC1A5E.bam
supplemental:sprites:paperdoll-animation-bam:WPSC1G1,sprites,paperdoll-animation-bam,WPSC1G1,BAMC,V1,180,72,data/PaperDol.bif,0x062005C7,22279,8B1CF932408173BB11CD41AF6D0A2B397B9B83FB134F381F4A2370000A514A35,graphics/source/sprites/WPSC1G1.bam
supplemental:sprites:paperdoll-animation-bam:WPSC1G1E,sprites,paperdoll-animation-bam,WPSC1G1E,BAMC,V1,108,72,data/PaperDol.bif,0x062005C8,10123,ADE18CCE6BD8896AFBCA161983A000D1F5400B38DB795D8E946757E62EA6A91A,graphics/source/sprites/WPSC1G1E.bam
supplemental:sprites:paperdoll-animation-bam:WPSC1INV,sprites,paperdoll-animation-bam,WPSC1INV,BAM,V1,2,1,data/PaperDol.bif,0x062005C9,3543,38EDD5347D89CF53D0954D5393763915B3A52F4C33E9D87D9C65561C9F725792,graphics/source/sprites/WPSC1INV.bam
supplemental:sprites:paperdoll-animation-bam:WPSC1W2,sprites,paperdoll-animation-bam,WPSC1W2,BAMC,V1,50,8,data/PaperDol.bif,0x062005CA,6416,A0B49AE6D0C1F0221EF3808A424080FA39ADF36B425B948BE15E151FE7EBBC41,graphics/source/sprites/WPSC1W2.bam
supplemental:sprites:paperdoll-animation-bam:WPSC1W2E,sprites,paperdoll-animation-bam,WPSC1W2E,BAMC,V1,30,8,data/PaperDol.bif,0x062005CB,2697,47A0F3EF2339EF3A2C26D1B54FF13E8829E7C2BB3D4350F109E77D9407145BD9,graphics/source/sprites/WPSC1W2E.bam
supplemental:sprites:paperdoll-animation-bam:WPSC2A1,sprites,paperdoll-animation-bam,WPSC2A1,BAMC,V1,50,16,data/PaperDol.bif,0x062005CC,7550,90456EC9EB6C28EC9473FDF456628A16DE70FBEC1FFCD067259F8476275DC1C5,graphics/source/sprites/WPSC2A1.bam
supplemental:sprites:paperdoll-animation-bam:WPSC2A1E,sprites,paperdoll-animation-bam,WPSC2A1E,BAMC,V1,30,16,data/PaperDol.bif,0x062005CD,3362,E96147C6D047A034700C31FF29F9FD13FC4F8C92A338EF04D622EB7D59CCA3E9,graphics/source/sprites/WPSC2A1E.bam
supplemental:sprites:paperdoll-animation-bam:WPSC2A3,sprites,paperdoll-animation-bam,WPSC2A3,BAMC,V1,50,8,data/PaperDol.bif,0x062005CE,7959,0CB24511D7B1948F8CBE836BE63E03B0090671BD138622884469475F29DE7799,graphics/source/sprites/WPSC2A3.bam
supplemental:sprites:paperdoll-animation-bam:WPSC2A3E,sprites,paperdoll-animation-bam,WPSC2A3E,BAMC,V1,30,8,data/PaperDol.bif,0x062005CF,2852,88F5D7DEEFD38E156D565509EF8B207BD55275D310E21B9F88069A068B0677A6,graphics/source/sprites/WPSC2A3E.bam
supplemental:sprites:paperdoll-animation-bam:WPSC2A5,sprites,paperdoll-animation-bam,WPSC2A5,BAMC,V1,30,8,data/PaperDol.bif,0x062005D0,4300,E57A1617035ABEB88AB7947A164DD9C278EDEFC0312750FCA1319D4CC61B9BA6,graphics/source/sprites/WPSC2A5.bam
supplemental:sprites:paperdoll-animation-bam:WPSC2A5E,sprites,paperdoll-animation-bam,WPSC2A5E,BAMC,V1,18,8,data/PaperDol.bif,0x062005D1,2356,7BC407F957537187586430C056B6DD5DB90A02C369D64423C16F7271F9473308,graphics/source/sprites/WPSC2A5E.bam
supplemental:sprites:paperdoll-animation-bam:WPSC2G1,sprites,paperdoll-animation-bam,WPSC2G1,BAMC,V1,180,72,data/PaperDol.bif,0x062005D2,21254,3531B20032D682BC2A84C8913992B1FA86A83F3D18137B6F6DD3A0664767351D,graphics/source/sprites/WPSC2G1.bam
supplemental:sprites:paperdoll-animation-bam:WPSC2G1E,sprites,paperdoll-animation-bam,WPSC2G1E,BAMC,V1,108,72,data/PaperDol.bif,0x062005D3,8657,35AECB3D048107519B6C206D5BAF982B1A2D6FF296564C6D8E95E78828B55DB6,graphics/source/sprites/WPSC2G1E.bam
supplemental:sprites:paperdoll-animation-bam:WPSC2INV,sprites,paperdoll-animation-bam,WPSC2INV,BAM,V1,2,1,data/PaperDol.bif,0x062005D4,3951,10977A3C5EE879B7BEDEED41D5E4609C1C946BE18A21682035C7161C1340107B,graphics/source/sprites/WPSC2INV.bam
supplemental:sprites:paperdoll-animation-bam:WPSC2W2,sprites,paperdoll-animation-bam,WPSC2W2,BAMC,V1,50,8,data/PaperDol.bif,0x062005D5,6339,88169CA29C1EA0C3B72F9CB6BE2EAD5CBF793019C59AE3C522E6F2A80DAAAA73,graphics/source/sprites/WPSC2W2.bam
supplemental:sprites:paperdoll-animation-bam:WPSC2W2E,sprites,paperdoll-animation-bam,WPSC2W2E,BAMC,V1,30,8,data/PaperDol.bif,0x062005D6,2662,3F5091E30F3B0C1EC6CBE08A3A807A0711E4B0BA820CEC0C37030576D41234FC,graphics/source/sprites/WPSC2W2E.bam
supplemental:sprites:paperdoll-animation-bam:WPSC3A1,sprites,paperdoll-animation-bam,WPSC3A1,BAMC,V1,50,16,data/PaperDol.bif,0x062005D7,7663,15B3A11E4B10156E2B37F078FC7B0C6AA72E74139E60FABDFFBC6E620A6F1A6F,graphics/source/sprites/WPSC3A1.bam
supplemental:sprites:paperdoll-animation-bam:WPSC3A1E,sprites,paperdoll-animation-bam,WPSC3A1E,BAMC,V1,30,16,data/PaperDol.bif,0x062005D8,3289,23727BFB6293A8B1C98C07DA5DB9D45A913827F4B1EE49856DF973B3D860F81F,graphics/source/sprites/WPSC3A1E.bam
supplemental:sprites:paperdoll-animation-bam:WPSC3A3,sprites,paperdoll-animation-bam,WPSC3A3,BAMC,V1,50,8,data/PaperDol.bif,0x062005D9,7621,D97A8E80CE4FE5D0214D1F40FAF6E76234A8E4B6B8F86BDD50D415CCC8E975E6,graphics/source/sprites/WPSC3A3.bam
supplemental:sprites:paperdoll-animation-bam:WPSC3A3E,sprites,paperdoll-animation-bam,WPSC3A3E,BAMC,V1,30,8,data/PaperDol.bif,0x062005DA,3150,EC7E694249A94CA01614D6BF7A18797588A992A917D2E2F6604D8577C900ACB5,graphics/source/sprites/WPSC3A3E.bam
supplemental:sprites:paperdoll-animation-bam:WPSC3A5,sprites,paperdoll-animation-bam,WPSC3A5,BAMC,V1,30,8,data/PaperDol.bif,0x062005DB,4443,32E1D07E91AAE125F5A1367EDB009F0956073DE229C12ECF65F6E5FB651BEDB8,graphics/source/sprites/WPSC3A5.bam
supplemental:sprites:paperdoll-animation-bam:WPSC3A5E,sprites,paperdoll-animation-bam,WPSC3A5E,BAMC,V1,18,8,data/PaperDol.bif,0x062005DC,2434,C3D42E9B716F74435BBCA0016F8FBDD6F2880B1FC760C91C514E56D883D3A1CC,graphics/source/sprites/WPSC3A5E.bam
supplemental:sprites:paperdoll-animation-bam:WPSC3G1,sprites,paperdoll-animation-bam,WPSC3G1,BAMC,V1,180,72,data/PaperDol.bif,0x062005DD,22279,8B1CF932408173BB11CD41AF6D0A2B397B9B83FB134F381F4A2370000A514A35,graphics/source/sprites/WPSC3G1.bam
supplemental:sprites:paperdoll-animation-bam:WPSC3G1E,sprites,paperdoll-animation-bam,WPSC3G1E,BAMC,V1,108,72,data/PaperDol.bif,0x062005DE,10123,ADE18CCE6BD8896AFBCA161983A000D1F5400B38DB795D8E946757E62EA6A91A,graphics/source/sprites/WPSC3G1E.bam
supplemental:sprites:paperdoll-animation-bam:WPSC3INV,sprites,paperdoll-animation-bam,WPSC3INV,BAM,V1,2,1,data/PaperDol.bif,0x062005DF,3537,AF558720DFFBB9445061F302B1A9B4A828C4D4574F0B4CD0F79ED271D0491F12,graphics/source/sprites/WPSC3INV.bam
supplemental:sprites:paperdoll-animation-bam:WPSC3W2,sprites,paperdoll-animation-bam,WPSC3W2,BAMC,V1,50,8,data/PaperDol.bif,0x062005E0,6416,A0B49AE6D0C1F0221EF3808A424080FA39ADF36B425B948BE15E151FE7EBBC41,graphics/source/sprites/WPSC3W2.bam
supplemental:sprites:paperdoll-animation-bam:WPSC3W2E,sprites,paperdoll-animation-bam,WPSC3W2E,BAMC,V1,30,8,data/PaperDol.bif,0x062005E1,2697,47A0F3EF2339EF3A2C26D1B54FF13E8829E7C2BB3D4350F109E77D9407145BD9,graphics/source/sprites/WPSC3W2E.bam
supplemental:sprites:paperdoll-animation-bam:WPSC4A1,sprites,paperdoll-animation-bam,WPSC4A1,BAMC,V1,50,16,data/PaperDol.bif,0x062005E2,3766,784115E9A9898CF79AC56C109F4F48EA22433EEC1AFD5BA2E3263B45BEA4EDB4,graphics/source/sprites/WPSC4A1.bam
supplemental:sprites:paperdoll-animation-bam:WPSC4A1E,sprites,paperdoll-animation-bam,WPSC4A1E,BAMC,V1,30,16,data/PaperDol.bif,0x062005E3,2048,AE14BCABEB7971208F59F809963DED2F80FCDD4DE9449C926F6AC897F0424833,graphics/source/sprites/WPSC4A1E.bam
supplemental:sprites:paperdoll-animation-bam:WPSC4A3,sprites,paperdoll-animation-bam,WPSC4A3,BAMC,V1,50,8,data/PaperDol.bif,0x062005E4,3764,7190433EB4252322C63EB2BFEB201C70C31EA9926DBBA011A56E7293B67543B4,graphics/source/sprites/WPSC4A3.bam
supplemental:sprites:paperdoll-animation-bam:WPSC4A3E,sprites,paperdoll-animation-bam,WPSC4A3E,BAMC,V1,30,8,data/PaperDol.bif,0x062005E5,1928,592B99D9C2AF9DB1AE2141FBA1CC7762C474D8438ED700BA0BB505DA4D571741,graphics/source/sprites/WPSC4A3E.bam
supplemental:sprites:paperdoll-animation-bam:WPSC4A5,sprites,paperdoll-animation-bam,WPSC4A5,BAMC,V1,30,8,data/PaperDol.bif,0x062005E6,2406,0E422EBCF487C2EAD52627E1DF992F21E81B8B358F4861444A29A0452C16D2B8,graphics/source/sprites/WPSC4A5.bam
supplemental:sprites:paperdoll-animation-bam:WPSC4A5E,sprites,paperdoll-animation-bam,WPSC4A5E,BAMC,V1,18,8,data/PaperDol.bif,0x062005E7,1535,90A956CC793E0ECCB3403AF9068667074F1241D170755B7839A8C12E66E1DA46,graphics/source/sprites/WPSC4A5E.bam
supplemental:sprites:paperdoll-animation-bam:WPSC4G1,sprites,paperdoll-animation-bam,WPSC4G1,BAMC,V1,180,72,data/PaperDol.bif,0x062005E8,10830,3C97B9B610706E4D8DB8A25AED545130037F987D207D9340DE209DD33CD37B5B,graphics/source/sprites/WPSC4G1.bam
supplemental:sprites:paperdoll-animation-bam:WPSC4G1E,sprites,paperdoll-animation-bam,WPSC4G1E,BAMC,V1,108,72,data/PaperDol.bif,0x062005E9,5305,435DBD495B22552F4C3DAE1671055DE722AF2CFF73151CDDF9E1E8B9727ECC6C,graphics/source/sprites/WPSC4G1E.bam
supplemental:sprites:paperdoll-animation-bam:WPSC4INV,sprites,paperdoll-animation-bam,WPSC4INV,BAM,V1,2,1,data/PaperDol.bif,0x062005EA,1801,A2058436B941D4764DECA7D8A662871CA31C5A7CA9E2A589D68A72734B977703,graphics/source/sprites/WPSC4INV.bam
supplemental:sprites:paperdoll-animation-bam:WPSC4W2,sprites,paperdoll-animation-bam,WPSC4W2,BAMC,V1,50,8,data/PaperDol.bif,0x062005EB,3209,6DE6AFB345CCBFCB4F5FE2484D30EC74954538108FFABC49BACBEAC5A73E9097,graphics/source/sprites/WPSC4W2.bam
supplemental:sprites:paperdoll-animation-bam:WPSC4W2E,sprites,paperdoll-animation-bam,WPSC4W2E,BAMC,V1,30,8,data/PaperDol.bif,0x062005EC,1754,0550F9D4E03EAB206A2F5A0808C42233BC973C0115DF0BE62C8D1FE25C968ED5,graphics/source/sprites/WPSC4W2E.bam
supplemental:sprites:paperdoll-animation-bam:WPSC5A1,sprites,paperdoll-animation-bam,WPSC5A1,BAMC,V1,50,16,data/PaperDol.bif,0x062005ED,7129,82262FD2B354F61A6C4619123052EF738840EFF35FDD7251333DEEC29C505409,graphics/source/sprites/WPSC5A1.bam
supplemental:sprites:paperdoll-animation-bam:WPSC5A1E,sprites,paperdoll-animation-bam,WPSC5A1E,BAMC,V1,30,16,data/PaperDol.bif,0x062005EE,3156,2DD1CC32ED2993B885E278D0D11B4C84201F24E02FA238FF16AABED3627883AE,graphics/source/sprites/WPSC5A1E.bam
supplemental:sprites:paperdoll-animation-bam:WPSC5A3,sprites,paperdoll-animation-bam,WPSC5A3,BAMC,V1,50,8,data/PaperDol.bif,0x062005EF,7099,F5984EA21D63200857BC71DDEB37E108E6C96000A5B33877505308F6A8E3829C,graphics/source/sprites/WPSC5A3.bam
supplemental:sprites:paperdoll-animation-bam:WPSC5A3E,sprites,paperdoll-animation-bam,WPSC5A3E,BAMC,V1,30,8,data/PaperDol.bif,0x062005F0,3075,B582240C02F6DCD3FCC5184A26858E5AFC7DD7A24F74F3B2848EB1A566635EBD,graphics/source/sprites/WPSC5A3E.bam
supplemental:sprites:paperdoll-animation-bam:WPSC5A5,sprites,paperdoll-animation-bam,WPSC5A5,BAMC,V1,30,8,data/PaperDol.bif,0x062005F1,4131,4039A2A063AEA1F702634D837D22B781AC1200FF2644853C50914CBC3C605DDF,graphics/source/sprites/WPSC5A5.bam
supplemental:sprites:paperdoll-animation-bam:WPSC5A5E,sprites,paperdoll-animation-bam,WPSC5A5E,BAMC,V1,18,8,data/PaperDol.bif,0x062005F2,2345,56A437DB315E87902B7FC4FE56BA4804FC80505B207CFAB800A4448FE47FF24D,graphics/source/sprites/WPSC5A5E.bam
supplemental:sprites:paperdoll-animation-bam:WPSC5G1,sprites,paperdoll-animation-bam,WPSC5G1,BAMC,V1,180,72,data/PaperDol.bif,0x062005F3,21431,94A7AAA82A50E266370E75084C94CD856CF3ADC4C256BCF3F5649391CAC8A57C,graphics/source/sprites/WPSC5G1.bam
supplemental:sprites:paperdoll-animation-bam:WPSC5G1E,sprites,paperdoll-animation-bam,WPSC5G1E,BAMC,V1,108,72,data/PaperDol.bif,0x062005F4,9156,395BD04C474DE1DEE870F909685C39E5984E5864E1B4759A74E575D9693F9FEB,graphics/source/sprites/WPSC5G1E.bam
supplemental:sprites:paperdoll-animation-bam:WPSC5INV,sprites,paperdoll-animation-bam,WPSC5INV,BAM,V1,2,1,data/PaperDol.bif,0x062005F5,2676,F8C31572744771E02CD68F9515C4B78D310767C13A6357CB2CD95184D3F6E939,graphics/source/sprites/WPSC5INV.bam
supplemental:sprites:paperdoll-animation-bam:WPSC5W2,sprites,paperdoll-animation-bam,WPSC5W2,BAMC,V1,50,8,data/PaperDol.bif,0x062005F6,5947,15AA7CBB27AA4AA34D6329FFE42EAEF48BC65BFB343442A9569944D4D38968A9,graphics/source/sprites/WPSC5W2.bam
supplemental:sprites:paperdoll-animation-bam:WPSC5W2E,sprites,paperdoll-animation-bam,WPSC5W2E,BAMC,V1,30,8,data/PaperDol.bif,0x062005F7,2588,367B8FF2118160A82400345554A595C3CAE01A24AD407C9C440153BF7062ED15,graphics/source/sprites/WPSC5W2E.bam
supplemental:sprites:paperdoll-animation-bam:WPSC6A1,sprites,paperdoll-animation-bam,WPSC6A1,BAMC,V1,50,16,data/PaperDol.bif,0x062005F8,7550,90456EC9EB6C28EC9473FDF456628A16DE70FBEC1FFCD067259F8476275DC1C5,graphics/source/sprites/WPSC6A1.bam
supplemental:sprites:paperdoll-animation-bam:WPSC6A1E,sprites,paperdoll-animation-bam,WPSC6A1E,BAMC,V1,30,16,data/PaperDol.bif,0x062005F9,3362,E96147C6D047A034700C31FF29F9FD13FC4F8C92A338EF04D622EB7D59CCA3E9,graphics/source/sprites/WPSC6A1E.bam
supplemental:sprites:paperdoll-animation-bam:WPSC6A3,sprites,paperdoll-animation-bam,WPSC6A3,BAMC,V1,50,8,data/PaperDol.bif,0x062005FA,7959,0CB24511D7B1948F8CBE836BE63E03B0090671BD138622884469475F29DE7799,graphics/source/sprites/WPSC6A3.bam
supplemental:sprites:paperdoll-animation-bam:WPSC6A3E,sprites,paperdoll-animation-bam,WPSC6A3E,BAMC,V1,30,8,data/PaperDol.bif,0x062005FB,2852,88F5D7DEEFD38E156D565509EF8B207BD55275D310E21B9F88069A068B0677A6,graphics/source/sprites/WPSC6A3E.bam
supplemental:sprites:paperdoll-animation-bam:WPSC6A5,sprites,paperdoll-animation-bam,WPSC6A5,BAMC,V1,30,8,data/PaperDol.bif,0x062005FC,4300,E57A1617035ABEB88AB7947A164DD9C278EDEFC0312750FCA1319D4CC61B9BA6,graphics/source/sprites/WPSC6A5.bam
supplemental:sprites:paperdoll-animation-bam:WPSC6A5E,sprites,paperdoll-animation-bam,WPSC6A5E,BAMC,V1,18,8,data/PaperDol.bif,0x062005FD,2356,7BC407F957537187586430C056B6DD5DB90A02C369D64423C16F7271F9473308,graphics/source/sprites/WPSC6A5E.bam
supplemental:sprites:paperdoll-animation-bam:WPSC6G1,sprites,paperdoll-animation-bam,WPSC6G1,BAMC,V1,180,72,data/PaperDol.bif,0x062005FE,21254,3531B20032D682BC2A84C8913992B1FA86A83F3D18137B6F6DD3A0664767351D,graphics/source/sprites/WPSC6G1.bam
supplemental:sprites:paperdoll-animation-bam:WPSC6G1E,sprites,paperdoll-animation-bam,WPSC6G1E,BAMC,V1,108,72,data/PaperDol.bif,0x062005FF,8657,35AECB3D048107519B6C206D5BAF982B1A2D6FF296564C6D8E95E78828B55DB6,graphics/source/sprites/WPSC6G1E.bam
supplemental:sprites:paperdoll-animation-bam:WPSC6INV,sprites,paperdoll-animation-bam,WPSC6INV,BAM,V1,2,1,data/PaperDol.bif,0x06200600,3752,8B71BE1F098B22F81F5AD56FFCC4A2594162EBCC6F29D5D3DF0A2D257966E2D0,graphics/source/sprites/WPSC6INV.bam
supplemental:sprites:paperdoll-animation-bam:WPSC6W2,sprites,paperdoll-animation-bam,WPSC6W2,BAMC,V1,50,8,data/PaperDol.bif,0x06200601,6339,88169CA29C1EA0C3B72F9CB6BE2EAD5CBF793019C59AE3C522E6F2A80DAAAA73,graphics/source/sprites/WPSC6W2.bam
supplemental:sprites:paperdoll-animation-bam:WPSC6W2E,sprites,paperdoll-animation-bam,WPSC6W2E,BAMC,V1,30,8,data/PaperDol.bif,0x06200602,2662,3F5091E30F3B0C1EC6CBE08A3A807A0711E4B0BA820CEC0C37030576D41234FC,graphics/source/sprites/WPSC6W2E.bam
supplemental:sprites:paperdoll-animation-bam:WPSC7A1,sprites,paperdoll-animation-bam,WPSC7A1,BAMC,V1,50,16,data/PaperDol.bif,0x06200603,7663,15B3A11E4B10156E2B37F078FC7B0C6AA72E74139E60FABDFFBC6E620A6F1A6F,graphics/source/sprites/WPSC7A1.bam
supplemental:sprites:paperdoll-animation-bam:WPSC7A1E,sprites,paperdoll-animation-bam,WPSC7A1E,BAMC,V1,30,16,data/PaperDol.bif,0x06200604,3289,23727BFB6293A8B1C98C07DA5DB9D45A913827F4B1EE49856DF973B3D860F81F,graphics/source/sprites/WPSC7A1E.bam
supplemental:sprites:paperdoll-animation-bam:WPSC7A3,sprites,paperdoll-animation-bam,WPSC7A3,BAMC,V1,50,8,data/PaperDol.bif,0x06200605,7621,D97A8E80CE4FE5D0214D1F40FAF6E76234A8E4B6B8F86BDD50D415CCC8E975E6,graphics/source/sprites/WPSC7A3.bam
supplemental:sprites:paperdoll-animation-bam:WPSC7A3E,sprites,paperdoll-animation-bam,WPSC7A3E,BAMC,V1,30,8,data/PaperDol.bif,0x06200606,3150,EC7E694249A94CA01614D6BF7A18797588A992A917D2E2F6604D8577C900ACB5,graphics/source/sprites/WPSC7A3E.bam
supplemental:sprites:paperdoll-animation-bam:WPSC7A5,sprites,paperdoll-animation-bam,WPSC7A5,BAMC,V1,30,8,data/PaperDol.bif,0x06200607,4443,32E1D07E91AAE125F5A1367EDB009F0956073DE229C12ECF65F6E5FB651BEDB8,graphics/source/sprites/WPSC7A5.bam
supplemental:sprites:paperdoll-animation-bam:WPSC7A5E,sprites,paperdoll-animation-bam,WPSC7A5E,BAMC,V1,18,8,data/PaperDol.bif,0x06200608,2434,C3D42E9B716F74435BBCA0016F8FBDD6F2880B1FC760C91C514E56D883D3A1CC,graphics/source/sprites/WPSC7A5E.bam
supplemental:sprites:paperdoll-animation-bam:WPSC7G1,sprites,paperdoll-animation-bam,WPSC7G1,BAMC,V1,180,72,data/PaperDol.bif,0x06200609,22279,8B1CF932408173BB11CD41AF6D0A2B397B9B83FB134F381F4A2370000A514A35,graphics/source/sprites/WPSC7G1.bam
supplemental:sprites:paperdoll-animation-bam:WPSC7G1E,sprites,paperdoll-animation-bam,WPSC7G1E,BAMC,V1,108,72,data/PaperDol.bif,0x0620060A,10123,ADE18CCE6BD8896AFBCA161983A000D1F5400B38DB795D8E946757E62EA6A91A,graphics/source/sprites/WPSC7G1E.bam
supplemental:sprites:paperdoll-animation-bam:WPSC7INV,sprites,paperdoll-animation-bam,WPSC7INV,BAM,V1,2,1,data/PaperDol.bif,0x0620060B,3095,9F5B5DA8ECB23B74F248CA0B48181CCDDF406BADC0CD99F1B163B8F655F9104F,graphics/source/sprites/WPSC7INV.bam
supplemental:sprites:paperdoll-animation-bam:WPSC7W2,sprites,paperdoll-animation-bam,WPSC7W2,BAMC,V1,50,8,data/PaperDol.bif,0x0620060C,6416,A0B49AE6D0C1F0221EF3808A424080FA39ADF36B425B948BE15E151FE7EBBC41,graphics/source/sprites/WPSC7W2.bam
supplemental:sprites:paperdoll-animation-bam:WPSC7W2E,sprites,paperdoll-animation-bam,WPSC7W2E,BAMC,V1,30,8,data/PaperDol.bif,0x0620060D,2697,47A0F3EF2339EF3A2C26D1B54FF13E8829E7C2BB3D4350F109E77D9407145BD9,graphics/source/sprites/WPSC7W2E.bam
supplemental:sprites:object-animation-bam:WPSCBG1,sprites,object-animation-bam,WPSCBG1,BAMC,V1,180,72,data/OBJAnim.bif,0x002002DB,15963,70CF8B8E850E522117A9A57B8E19C6C0EBD36B8DFE6F571856E6A81899B778BD,graphics/source/sprites/WPSCBG1.bam
supplemental:sprites:object-animation-bam:WPSCBG1E,sprites,object-animation-bam,WPSCBG1E,BAMC,V1,108,72,data/OBJAnim.bif,0x002002DC,11309,6F2624C7BAB990C2F4B1F28CA46F9249AC1F243225C9932B89821532E0E983FB,graphics/source/sprites/WPSCBG1E.bam
supplemental:sprites:paperdoll-animation-bam:WPSCBINV,sprites,paperdoll-animation-bam,WPSCBINV,BAM,V1,2,1,data/PaperDol.bif,0x0620060E,1708,7AC45AFF6C60FDFC7B1892396E64ABDEB8803CC5AB5A077D9504003DCE8345FC,graphics/source/sprites/WPSCBINV.bam
supplemental:sprites:object-animation-bam:WPSCBSX,sprites,object-animation-bam,WPSCBSX,BAMC,V1,15,8,data/OBJAnim.bif,0x002002DD,2298,4AB1FA73EB9374C3ED688AC8EDA2EAE2C5565D55B3B5E52C850984BF32B65D04,graphics/source/sprites/WPSCBSX.bam
supplemental:sprites:object-animation-bam:WPSCBSXE,sprites,object-animation-bam,WPSCBSXE,BAMC,V1,9,8,data/OBJAnim.bif,0x002002DE,1745,D1A6105EDD408B42C1E13183958D6B68EE419C95295EB02AB71D63452EF9E70C,graphics/source/sprites/WPSCBSXE.bam
supplemental:sprites:object-animation-bam:WPSCBW2,sprites,object-animation-bam,WPSCBW2,BAMC,V1,50,8,data/OBJAnim.bif,0x002002DF,4320,7197B62931D464487A45D7790ED591B31CA4D8D9A86A74BBB8F454A148A28344,graphics/source/sprites/WPSCBW2.bam
supplemental:sprites:object-animation-bam:WPSCBW2E,sprites,object-animation-bam,WPSCBW2E,BAMC,V1,30,8,data/OBJAnim.bif,0x002002E0,3450,CE031214D346B229B99FF1B95E24824C205AC4F3650E56E648499F97D1A8DB72,graphics/source/sprites/WPSCBW2E.bam
supplemental:sprites:object-animation-bam:WPSCLA1,sprites,object-animation-bam,WPSCLA1,BAMC,V1,50,15,data/OBJAnim.bif,0x002002E1,4036,B93E5B9A3EFB8614A140E59B57D1CB48C466F21C7FC57C9D728F170FA750B353,graphics/source/sprites/WPSCLA1.bam
supplemental:sprites:object-animation-bam:WPSCLA1E,sprites,object-animation-bam,WPSCLA1E,BAMC,V1,30,16,data/OBJAnim.bif,0x002002E2,2686,0C27F99B7FD3B84B48715EDE0934208809F20AE7A5846020642BCE949C70D09B,graphics/source/sprites/WPSCLA1E.bam
supplemental:sprites:object-animation-bam:WPSCLA3,sprites,object-animation-bam,WPSCLA3,BAMC,V1,50,8,data/OBJAnim.bif,0x002002E3,3642,C8B2236C4C10EEFB70E0AEDCDA0265328836ACF49789A131D2FFE5B322DB65B2,graphics/source/sprites/WPSCLA3.bam
supplemental:sprites:object-animation-bam:WPSCLA3E,sprites,object-animation-bam,WPSCLA3E,BAMC,V1,30,8,data/OBJAnim.bif,0x002002E4,2761,3493768E1791571D081B204C06625A8816F3FB33219D9A419FC07EC246E0D5ED,graphics/source/sprites/WPSCLA3E.bam
supplemental:sprites:object-animation-bam:WPSCLG1,sprites,object-animation-bam,WPSCLG1,BAMC,V1,180,72,data/OBJAnim.bif,0x002002E5,10109,93E70D31A99C9B575D5C1AD614E3EB74EE64ABE8B064A3036066B25560EFE104,graphics/source/sprites/WPSCLG1.bam
supplemental:sprites:object-animation-bam:WPSCLG1E,sprites,object-animation-bam,WPSCLG1E,BAMC,V1,108,72,data/OBJAnim.bif,0x002002E6,7307,66A4AA0B8ABF9EFFF09754EF3DC95E520AB2770B8D697F4567A7A0E430E6FE62,graphics/source/sprites/WPSCLG1E.bam
supplemental:sprites:paperdoll-animation-bam:WPSCLINV,sprites,paperdoll-animation-bam,WPSCLINV,BAM,V1,2,1,data/PaperDol.bif,0x0620060F,1404,59BACFEEF4443B54A3D60047C7E3FC3F8C92979D4D06F20DB743FA8035E198B9,graphics/source/sprites/WPSCLINV.bam
supplemental:sprites:paperdoll-animation-bam:WPSCLOIN,sprites,paperdoll-animation-bam,WPSCLOIN,BAM,V1,2,1,data/PaperDol.bif,0x06200610,1344,206B0211D9876AD34F1252E73D18D69F1CAAB4AD8F7B325ECB3AF7DEC9943B7A,graphics/source/sprites/WPSCLOIN.bam
supplemental:sprites:object-animation-bam:WPSCLW2,sprites,object-animation-bam,WPSCLW2,BAMC,V1,50,8,data/OBJAnim.bif,0x002002E7,2979,562F228B3C485893A6B774655CF03DDC45E2A1BBE0A8A04BE44234DF7C16B8A6,graphics/source/sprites/WPSCLW2.bam
supplemental:sprites:object-animation-bam:WPSCLW2E,sprites,object-animation-bam,WPSCLW2E,BAMC,V1,30,8,data/OBJAnim.bif,0x002002E8,2416,5295554C3A19ED511AEE8BF1CED377275B3599D94ECFDD1B5FB0A1C862A32000,graphics/source/sprites/WPSCLW2E.bam
supplemental:sprites:object-animation-bam:WPSD1A1,sprites,object-animation-bam,WPSD1A1,BAMC,V1,50,16,data/OBJAnim.bif,0x002002E9,3766,784115E9A9898CF79AC56C109F4F48EA22433EEC1AFD5BA2E3263B45BEA4EDB4,graphics/source/sprites/WPSD1A1.bam
supplemental:sprites:object-animation-bam:WPSD1A1E,sprites,object-animation-bam,WPSD1A1E,BAMC,V1,30,16,data/OBJAnim.bif,0x002002EA,2048,AE14BCABEB7971208F59F809963DED2F80FCDD4DE9449C926F6AC897F0424833,graphics/source/sprites/WPSD1A1E.bam
supplemental:sprites:object-animation-bam:WPSD1A3,sprites,object-animation-bam,WPSD1A3,BAMC,V1,50,8,data/OBJAnim.bif,0x002002EB,3764,7190433EB4252322C63EB2BFEB201C70C31EA9926DBBA011A56E7293B67543B4,graphics/source/sprites/WPSD1A3.bam
supplemental:sprites:object-animation-bam:WPSD1A3E,sprites,object-animation-bam,WPSD1A3E,BAMC,V1,30,8,data/OBJAnim.bif,0x002002EC,1928,592B99D9C2AF9DB1AE2141FBA1CC7762C474D8438ED700BA0BB505DA4D571741,graphics/source/sprites/WPSD1A3E.bam
supplemental:sprites:object-animation-bam:WPSD1A5,sprites,object-animation-bam,WPSD1A5,BAMC,V1,30,8,data/OBJAnim.bif,0x002002ED,2406,0E422EBCF487C2EAD52627E1DF992F21E81B8B358F4861444A29A0452C16D2B8,graphics/source/sprites/WPSD1A5.bam
supplemental:sprites:object-animation-bam:WPSD1A5E,sprites,object-animation-bam,WPSD1A5E,BAMC,V1,18,8,data/OBJAnim.bif,0x002002EE,1535,90A956CC793E0ECCB3403AF9068667074F1241D170755B7839A8C12E66E1DA46,graphics/source/sprites/WPSD1A5E.bam
supplemental:sprites:object-animation-bam:WPSD1G1,sprites,object-animation-bam,WPSD1G1,BAMC,V1,180,72,data/OBJAnim.bif,0x002002EF,10830,3C97B9B610706E4D8DB8A25AED545130037F987D207D9340DE209DD33CD37B5B,graphics/source/sprites/WPSD1G1.bam
supplemental:sprites:object-animation-bam:WPSD1G1E,sprites,object-animation-bam,WPSD1G1E,BAMC,V1,108,72,data/OBJAnim.bif,0x002002F0,5305,435DBD495B22552F4C3DAE1671055DE722AF2CFF73151CDDF9E1E8B9727ECC6C,graphics/source/sprites/WPSD1G1E.bam
supplemental:sprites:paperdoll-animation-bam:WPSD1INV,sprites,paperdoll-animation-bam,WPSD1INV,BAM,V1,2,1,data/PaperDol.bif,0x06200611,1844,8163BBBF35EB23F18951A7DFD8BC2884834C1709E9D5E6A9311A426622D93E3C,graphics/source/sprites/WPSD1INV.bam
supplemental:sprites:object-animation-bam:WPSD1W2,sprites,object-animation-bam,WPSD1W2,BAMC,V1,50,8,data/OBJAnim.bif,0x002002F1,3209,6DE6AFB345CCBFCB4F5FE2484D30EC74954538108FFABC49BACBEAC5A73E9097,graphics/source/sprites/WPSD1W2.bam
supplemental:sprites:object-animation-bam:WPSD1W2E,sprites,object-animation-bam,WPSD1W2E,BAMC,V1,30,8,data/OBJAnim.bif,0x002002F2,1754,0550F9D4E03EAB206A2F5A0808C42233BC973C0115DF0BE62C8D1FE25C968ED5,graphics/source/sprites/WPSD1W2E.bam
supplemental:sprites:object-animation-bam:WPSD2A1,sprites,object-animation-bam,WPSD2A1,BAMC,V1,50,16,data/OBJAnim.bif,0x002002F3,7129,82262FD2B354F61A6C4619123052EF738840EFF35FDD7251333DEEC29C505409,graphics/source/sprites/WPSD2A1.bam
supplemental:sprites:object-animation-bam:WPSD2A1E,sprites,object-animation-bam,WPSD2A1E,BAMC,V1,30,16,data/OBJAnim.bif,0x002002F4,3156,2DD1CC32ED2993B885E278D0D11B4C84201F24E02FA238FF16AABED3627883AE,graphics/source/sprites/WPSD2A1E.bam
supplemental:sprites:object-animation-bam:WPSD2A3,sprites,object-animation-bam,WPSD2A3,BAMC,V1,50,8,data/OBJAnim.bif,0x002002F5,7099,F5984EA21D63200857BC71DDEB37E108E6C96000A5B33877505308F6A8E3829C,graphics/source/sprites/WPSD2A3.bam
supplemental:sprites:object-animation-bam:WPSD2A3E,sprites,object-animation-bam,WPSD2A3E,BAMC,V1,30,8,data/OBJAnim.bif,0x002002F6,3075,B582240C02F6DCD3FCC5184A26858E5AFC7DD7A24F74F3B2848EB1A566635EBD,graphics/source/sprites/WPSD2A3E.bam
supplemental:sprites:object-animation-bam:WPSD2A5,sprites,object-animation-bam,WPSD2A5,BAMC,V1,30,8,data/OBJAnim.bif,0x002002F7,4131,4039A2A063AEA1F702634D837D22B781AC1200FF2644853C50914CBC3C605DDF,graphics/source/sprites/WPSD2A5.bam
supplemental:sprites:object-animation-bam:WPSD2A5E,sprites,object-animation-bam,WPSD2A5E,BAMC,V1,18,8,data/OBJAnim.bif,0x002002F8,2345,56A437DB315E87902B7FC4FE56BA4804FC80505B207CFAB800A4448FE47FF24D,graphics/source/sprites/WPSD2A5E.bam
supplemental:sprites:object-animation-bam:WPSD2G1,sprites,object-animation-bam,WPSD2G1,BAMC,V1,180,72,data/OBJAnim.bif,0x002002F9,21431,94A7AAA82A50E266370E75084C94CD856CF3ADC4C256BCF3F5649391CAC8A57C,graphics/source/sprites/WPSD2G1.bam
supplemental:sprites:object-animation-bam:WPSD2G1E,sprites,object-animation-bam,WPSD2G1E,BAMC,V1,108,72,data/OBJAnim.bif,0x002002FA,9156,395BD04C474DE1DEE870F909685C39E5984E5864E1B4759A74E575D9693F9FEB,graphics/source/sprites/WPSD2G1E.bam
supplemental:sprites:paperdoll-animation-bam:WPSD2INV,sprites,paperdoll-animation-bam,WPSD2INV,BAM,V1,2,1,data/PaperDol.bif,0x06200612,2751,513590B2D6E54B3D80D6531F584B02AA420486C759CA1BC177B8020526BC8713,graphics/source/sprites/WPSD2INV.bam
supplemental:sprites:object-animation-bam:WPSD2W2,sprites,object-animation-bam,WPSD2W2,BAMC,V1,50,8,data/OBJAnim.bif,0x002002FB,5947,15AA7CBB27AA4AA34D6329FFE42EAEF48BC65BFB343442A9569944D4D38968A9,graphics/source/sprites/WPSD2W2.bam
supplemental:sprites:object-animation-bam:WPSD2W2E,sprites,object-animation-bam,WPSD2W2E,BAMC,V1,30,8,data/OBJAnim.bif,0x002002FC,2588,367B8FF2118160A82400345554A595C3CAE01A24AD407C9C440153BF7062ED15,graphics/source/sprites/WPSD2W2E.bam
supplemental:sprites:object-animation-bam:WPSD3A1,sprites,object-animation-bam,WPSD3A1,BAMC,V1,50,16,data/OBJAnim.bif,0x002002FD,7663,15B3A11E4B10156E2B37F078FC7B0C6AA72E74139E60FABDFFBC6E620A6F1A6F,graphics/source/sprites/WPSD3A1.bam
supplemental:sprites:object-animation-bam:WPSD3A1E,sprites,object-animation-bam,WPSD3A1E,BAMC,V1,30,16,data/OBJAnim.bif,0x002002FE,3289,23727BFB6293A8B1C98C07DA5DB9D45A913827F4B1EE49856DF973B3D860F81F,graphics/source/sprites/WPSD3A1E.bam
supplemental:sprites:object-animation-bam:WPSD3A3,sprites,object-animation-bam,WPSD3A3,BAMC,V1,50,8,data/OBJAnim.bif,0x002002FF,7621,D97A8E80CE4FE5D0214D1F40FAF6E76234A8E4B6B8F86BDD50D415CCC8E975E6,graphics/source/sprites/WPSD3A3.bam
supplemental:sprites:object-animation-bam:WPSD3A3E,sprites,object-animation-bam,WPSD3A3E,BAMC,V1,30,8,data/OBJAnim.bif,0x00200300,3150,EC7E694249A94CA01614D6BF7A18797588A992A917D2E2F6604D8577C900ACB5,graphics/source/sprites/WPSD3A3E.bam
supplemental:sprites:object-animation-bam:WPSD3A5,sprites,object-animation-bam,WPSD3A5,BAMC,V1,30,8,data/OBJAnim.bif,0x00200301,4443,32E1D07E91AAE125F5A1367EDB009F0956073DE229C12ECF65F6E5FB651BEDB8,graphics/source/sprites/WPSD3A5.bam
supplemental:sprites:object-animation-bam:WPSD3A5E,sprites,object-animation-bam,WPSD3A5E,BAMC,V1,18,8,data/OBJAnim.bif,0x00200302,2434,C3D42E9B716F74435BBCA0016F8FBDD6F2880B1FC760C91C514E56D883D3A1CC,graphics/source/sprites/WPSD3A5E.bam
supplemental:sprites:object-animation-bam:WPSD3G1,sprites,object-animation-bam,WPSD3G1,BAMC,V1,180,72,data/OBJAnim.bif,0x00200303,22279,8B1CF932408173BB11CD41AF6D0A2B397B9B83FB134F381F4A2370000A514A35,graphics/source/sprites/WPSD3G1.bam
supplemental:sprites:object-animation-bam:WPSD3G1E,sprites,object-animation-bam,WPSD3G1E,BAMC,V1,108,72,data/OBJAnim.bif,0x00200304,10123,ADE18CCE6BD8896AFBCA161983A000D1F5400B38DB795D8E946757E62EA6A91A,graphics/source/sprites/WPSD3G1E.bam
supplemental:sprites:paperdoll-animation-bam:WPSD3INV,sprites,paperdoll-animation-bam,WPSD3INV,BAM,V1,2,1,data/PaperDol.bif,0x06200614,3356,62A06668957DE85BC420C12B2BFD95BC1A56EA2ADCFFAD99B48719918654916C,graphics/source/sprites/WPSD3INV.bam
supplemental:sprites:object-animation-bam:WPSD3W2,sprites,object-animation-bam,WPSD3W2,BAMC,V1,50,8,data/OBJAnim.bif,0x00200305,6416,A0B49AE6D0C1F0221EF3808A424080FA39ADF36B425B948BE15E151FE7EBBC41,graphics/source/sprites/WPSD3W2.bam
supplemental:sprites:object-animation-bam:WPSD3W2E,sprites,object-animation-bam,WPSD3W2E,BAMC,V1,30,8,data/OBJAnim.bif,0x00200306,2697,47A0F3EF2339EF3A2C26D1B54FF13E8829E7C2BB3D4350F109E77D9407145BD9,graphics/source/sprites/WPSD3W2E.bam
supplemental:sprites:object-animation-bam:WPSD4A1,sprites,object-animation-bam,WPSD4A1,BAMC,V1,50,16,data/OBJAnim.bif,0x00200307,7550,90456EC9EB6C28EC9473FDF456628A16DE70FBEC1FFCD067259F8476275DC1C5,graphics/source/sprites/WPSD4A1.bam
supplemental:sprites:object-animation-bam:WPSD4A1E,sprites,object-animation-bam,WPSD4A1E,BAMC,V1,30,16,data/OBJAnim.bif,0x00200308,3362,E96147C6D047A034700C31FF29F9FD13FC4F8C92A338EF04D622EB7D59CCA3E9,graphics/source/sprites/WPSD4A1E.bam
supplemental:sprites:object-animation-bam:WPSD4A3,sprites,object-animation-bam,WPSD4A3,BAMC,V1,50,8,data/OBJAnim.bif,0x00200309,7959,0CB24511D7B1948F8CBE836BE63E03B0090671BD138622884469475F29DE7799,graphics/source/sprites/WPSD4A3.bam
supplemental:sprites:object-animation-bam:WPSD4A3E,sprites,object-animation-bam,WPSD4A3E,BAMC,V1,30,8,data/OBJAnim.bif,0x0020030A,2852,88F5D7DEEFD38E156D565509EF8B207BD55275D310E21B9F88069A068B0677A6,graphics/source/sprites/WPSD4A3E.bam
supplemental:sprites:object-animation-bam:WPSD4A5,sprites,object-animation-bam,WPSD4A5,BAMC,V1,30,8,data/OBJAnim.bif,0x0020030B,4300,E57A1617035ABEB88AB7947A164DD9C278EDEFC0312750FCA1319D4CC61B9BA6,graphics/source/sprites/WPSD4A5.bam
supplemental:sprites:object-animation-bam:WPSD4A5E,sprites,object-animation-bam,WPSD4A5E,BAMC,V1,18,8,data/OBJAnim.bif,0x0020030C,2356,7BC407F957537187586430C056B6DD5DB90A02C369D64423C16F7271F9473308,graphics/source/sprites/WPSD4A5E.bam
supplemental:sprites:object-animation-bam:WPSD4G1,sprites,object-animation-bam,WPSD4G1,BAMC,V1,180,72,data/OBJAnim.bif,0x0020030D,21254,3531B20032D682BC2A84C8913992B1FA86A83F3D18137B6F6DD3A0664767351D,graphics/source/sprites/WPSD4G1.bam
supplemental:sprites:object-animation-bam:WPSD4G1E,sprites,object-animation-bam,WPSD4G1E,BAMC,V1,108,72,data/OBJAnim.bif,0x0020030E,8657,35AECB3D048107519B6C206D5BAF982B1A2D6FF296564C6D8E95E78828B55DB6,graphics/source/sprites/WPSD4G1E.bam
supplemental:sprites:paperdoll-animation-bam:WPSD4INV,sprites,paperdoll-animation-bam,WPSD4INV,BAM,V1,2,1,data/PaperDol.bif,0x06200616,4130,9F0255CE96B355C87E57B10094BEBA8ACF6D8D03411AFF732EC3EBCDB0A5FE7F,graphics/source/sprites/WPSD4INV.bam
supplemental:sprites:object-animation-bam:WPSD4W2,sprites,object-animation-bam,WPSD4W2,BAMC,V1,50,8,data/OBJAnim.bif,0x0020030F,6339,88169CA29C1EA0C3B72F9CB6BE2EAD5CBF793019C59AE3C522E6F2A80DAAAA73,graphics/source/sprites/WPSD4W2.bam
supplemental:sprites:object-animation-bam:WPSD4W2E,sprites,object-animation-bam,WPSD4W2E,BAMC,V1,30,8,data/OBJAnim.bif,0x00200310,2662,3F5091E30F3B0C1EC6CBE08A3A807A0711E4B0BA820CEC0C37030576D41234FC,graphics/source/sprites/WPSD4W2E.bam
supplemental:sprites:object-animation-bam:WPSDDA1,sprites,object-animation-bam,WPSDDA1,BAMC,V1,50,16,data/OBJAnim.bif,0x00200311,2162,6E10E2A644DC3A7D93F9270616DEC2B2C5F7D543017CBFE6BAA2A5E08D40D1ED,graphics/source/sprites/WPSDDA1.bam
supplemental:sprites:object-animation-bam:WPSDDA1E,sprites,object-animation-bam,WPSDDA1E,BAMC,V1,30,16,data/OBJAnim.bif,0x00200312,1652,B9D736C88DB132AE3103B02A94EE31F2E17F654A47BA0DEF85D9CE5142AE85C4,graphics/source/sprites/WPSDDA1E.bam
supplemental:sprites:object-animation-bam:WPSDDA3,sprites,object-animation-bam,WPSDDA3,BAMC,V1,50,8,data/OBJAnim.bif,0x00200313,1950,69CCE4C782842D0F62F673E463816EEBDB720B4489B12453136849D7CBEDF0F9,graphics/source/sprites/WPSDDA3.bam
supplemental:sprites:object-animation-bam:WPSDDA3E,sprites,object-animation-bam,WPSDDA3E,BAMC,V1,30,8,data/OBJAnim.bif,0x00200314,1682,6994566A39DB0D8771E3620C88F9E37B7D02BCD8695F6EEC39F65DD672130B2C,graphics/source/sprites/WPSDDA3E.bam
supplemental:sprites:object-animation-bam:WPSDDA5,sprites,object-animation-bam,WPSDDA5,BAMC,V1,30,8,data/OBJAnim.bif,0x00200315,1488,9604685075AEA986827FEE6448F5AC7DCB364CD14C8C4EA4E2D42D2831D97B8B,graphics/source/sprites/WPSDDA5.bam
supplemental:sprites:object-animation-bam:WPSDDA5E,sprites,object-animation-bam,WPSDDA5E,BAMC,V1,18,8,data/OBJAnim.bif,0x00200316,1219,41608FB3EE045960C38EA900A2BFE45D35FCC0B5174285859EF16B4BF8393B24,graphics/source/sprites/WPSDDA5E.bam
supplemental:sprites:object-animation-bam:WPSDDG1,sprites,object-animation-bam,WPSDDG1,BAMC,V1,180,72,data/OBJAnim.bif,0x00200317,4933,B75F7D3ED1A3416B905FD9DABDC8F1973654CD74A591B8D092552B8B23A89085,graphics/source/sprites/WPSDDG1.bam
supplemental:sprites:object-animation-bam:WPSDDG1E,sprites,object-animation-bam,WPSDDG1E,BAMC,V1,108,72,data/OBJAnim.bif,0x00200318,3799,7416125794689FDB4D962034D1A6840B80F2C0C67D2FC0752DE78525144FED15,graphics/source/sprites/WPSDDG1E.bam
supplemental:sprites:paperdoll-animation-bam:WPSDDINV,sprites,paperdoll-animation-bam,WPSDDINV,BAM,V1,2,1,data/PaperDol.bif,0x06200618,1286,7598C7BA769AFE46F03CD313DD5BA8BE0AF9F819BEA74CB057AD923826655841,graphics/source/sprites/WPSDDINV.bam
supplemental:sprites:paperdoll-animation-bam:WPSDDOIN,sprites,paperdoll-animation-bam,WPSDDOIN,BAM,V1,2,1,data/PaperDol.bif,0x06200619,1235,47C961D0F5F3EA456574C7C431FD45145A93B2E35464EB435384BCD9FE77844C,graphics/source/sprites/WPSDDOIN.bam
supplemental:sprites:object-animation-bam:WPSDDW2,sprites,object-animation-bam,WPSDDW2,BAMC,V1,50,8,data/OBJAnim.bif,0x00200319,1765,40377096781AA6B002E125437656C01CC1B2C7825954E1302F0AA95155318590,graphics/source/sprites/WPSDDW2.bam
supplemental:sprites:object-animation-bam:WPSDDW2E,sprites,object-animation-bam,WPSDDW2E,BAMC,V1,30,8,data/OBJAnim.bif,0x0020031A,1506,839D840F01CC3EBD3DF488BA8EE10E92E6EFA26EBB95C3298785002DA00E7507,graphics/source/sprites/WPSDDW2E.bam
supplemental:sprites:paperdoll-animation-bam:WPSF0A1,sprites,paperdoll-animation-bam,WPSF0A1,BAMC,V1,50,15,data/PaperDol.bif,0x0620061A,4753,CCFBBF134663C27B0D8C759716B8378DBA4589026CDF987327DB10A615053864,graphics/source/sprites/WPSF0A1.bam
supplemental:sprites:paperdoll-animation-bam:WPSF0A1E,sprites,paperdoll-animation-bam,WPSF0A1E,BAMC,V1,30,16,data/PaperDol.bif,0x0620061B,2998,DBC7458DDDEF0DF6ADA036C2DE0DD1C03C42F7776B5D84D19B669FFD7FB692F0,graphics/source/sprites/WPSF0A1E.bam
supplemental:sprites:paperdoll-animation-bam:WPSF0A3,sprites,paperdoll-animation-bam,WPSF0A3,BAMC,V1,50,8,data/PaperDol.bif,0x0620061C,4062,C4938746C31EFABB126F3406A90179F105D6442315F9D8BCC76D646F283E6A16,graphics/source/sprites/WPSF0A3.bam
supplemental:sprites:paperdoll-animation-bam:WPSF0A3E,sprites,paperdoll-animation-bam,WPSF0A3E,BAMC,V1,30,8,data/PaperDol.bif,0x0620061D,3019,09965C7549743E864FD7A6E56978F0FED183D6E049398B0309024B24C68542BA,graphics/source/sprites/WPSF0A3E.bam
supplemental:sprites:paperdoll-animation-bam:WPSF0G1,sprites,paperdoll-animation-bam,WPSF0G1,BAMC,V1,180,72,data/PaperDol.bif,0x0620061E,11698,C31FAD1383A309878A945FEBF28C6518F53F4BB5DA28D05AF9F00559EBE20421,graphics/source/sprites/WPSF0G1.bam
supplemental:sprites:paperdoll-animation-bam:WPSF0G1E,sprites,paperdoll-animation-bam,WPSF0G1E,BAMC,V1,108,72,data/PaperDol.bif,0x0620061F,8234,48A84CABAB786669BDC7E6BCFBE8A7D3C7263EA240BA632C8B4C53DE497872C6,graphics/source/sprites/WPSF0G1E.bam
supplemental:sprites:paperdoll-animation-bam:WPSF0INV,sprites,paperdoll-animation-bam,WPSF0INV,BAM,V1,2,1,data/PaperDol.bif,0x06200620,1766,7ECD8BE4F4356938E8E387770003ED1B1CD9A8CE2B96A559E279DADD9002DD19,graphics/source/sprites/WPSF0INV.bam
supplemental:sprites:paperdoll-animation-bam:WPSF0OIN,sprites,paperdoll-animation-bam,WPSF0OIN,BAM,V1,2,1,data/PaperDol.bif,0x06200621,1692,8ECB24357F1BA186249C62A6661096350A85C5C8126F8FA5F7474D8843702CE5,graphics/source/sprites/WPSF0OIN.bam
supplemental:sprites:paperdoll-animation-bam:WPSF0W2,sprites,paperdoll-animation-bam,WPSF0W2,BAMC,V1,50,8,data/PaperDol.bif,0x06200622,3475,FCABD766AD5E22E23BE3881022FF9AF383403DD87E02E05C13B4F4EB618C30D2,graphics/source/sprites/WPSF0W2.bam
supplemental:sprites:paperdoll-animation-bam:WPSF0W2E,sprites,paperdoll-animation-bam,WPSF0W2E,BAMC,V1,30,8,data/PaperDol.bif,0x06200623,2604,8B056372944BE96B964E3E0246D1DA8DF1AEDB19247F6964698B335580FE831D,graphics/source/sprites/WPSF0W2E.bam
supplemental:sprites:paperdoll-animation-bam:WPSF1A1,sprites,paperdoll-animation-bam,WPSF1A1,BAMC,V1,50,15,data/PaperDol.bif,0x06200624,4753,CCFBBF134663C27B0D8C759716B8378DBA4589026CDF987327DB10A615053864,graphics/source/sprites/WPSF1A1.bam
supplemental:sprites:paperdoll-animation-bam:WPSF1A1E,sprites,paperdoll-animation-bam,WPSF1A1E,BAMC,V1,30,16,data/PaperDol.bif,0x06200625,2998,DBC7458DDDEF0DF6ADA036C2DE0DD1C03C42F7776B5D84D19B669FFD7FB692F0,graphics/source/sprites/WPSF1A1E.bam
supplemental:sprites:paperdoll-animation-bam:WPSF1A3,sprites,paperdoll-animation-bam,WPSF1A3,BAMC,V1,50,8,data/PaperDol.bif,0x06200626,4062,C4938746C31EFABB126F3406A90179F105D6442315F9D8BCC76D646F283E6A16,graphics/source/sprites/WPSF1A3.bam
supplemental:sprites:paperdoll-animation-bam:WPSF1A3E,sprites,paperdoll-animation-bam,WPSF1A3E,BAMC,V1,30,8,data/PaperDol.bif,0x06200627,3019,09965C7549743E864FD7A6E56978F0FED183D6E049398B0309024B24C68542BA,graphics/source/sprites/WPSF1A3E.bam
supplemental:sprites:paperdoll-animation-bam:WPSF1G1,sprites,paperdoll-animation-bam,WPSF1G1,BAMC,V1,180,72,data/PaperDol.bif,0x06200628,11698,C31FAD1383A309878A945FEBF28C6518F53F4BB5DA28D05AF9F00559EBE20421,graphics/source/sprites/WPSF1G1.bam
supplemental:sprites:paperdoll-animation-bam:WPSF1G1E,sprites,paperdoll-animation-bam,WPSF1G1E,BAMC,V1,108,72,data/PaperDol.bif,0x06200629,8234,48A84CABAB786669BDC7E6BCFBE8A7D3C7263EA240BA632C8B4C53DE497872C6,graphics/source/sprites/WPSF1G1E.bam
supplemental:sprites:paperdoll-animation-bam:WPSF1INV,sprites,paperdoll-animation-bam,WPSF1INV,BAM,V1,2,1,data/PaperDol.bif,0x0620062A,2030,CEBCE7729874589AD69B987FB2307BBB48C9EE1E36868840E42F448D2910B3AB,graphics/source/sprites/WPSF1INV.bam
supplemental:sprites:paperdoll-animation-bam:WPSF1OIN,sprites,paperdoll-animation-bam,WPSF1OIN,BAM,V1,2,1,data/PaperDol.bif,0x0620062B,1962,1F4FCC377D9184AF02535D8B9F2FDEBC13DBAEF6136FC31AE0CF301FEF19F24D,graphics/source/sprites/WPSF1OIN.bam
supplemental:sprites:paperdoll-animation-bam:WPSF1W2,sprites,paperdoll-animation-bam,WPSF1W2,BAMC,V1,50,8,data/PaperDol.bif,0x0620062C,3475,FCABD766AD5E22E23BE3881022FF9AF383403DD87E02E05C13B4F4EB618C30D2,graphics/source/sprites/WPSF1W2.bam
supplemental:sprites:paperdoll-animation-bam:WPSF1W2E,sprites,paperdoll-animation-bam,WPSF1W2E,BAMC,V1,30,8,data/PaperDol.bif,0x0620062D,2604,8B056372944BE96B964E3E0246D1DA8DF1AEDB19247F6964698B335580FE831D,graphics/source/sprites/WPSF1W2E.bam
supplemental:sprites:paperdoll-animation-bam:WPSF2A1,sprites,paperdoll-animation-bam,WPSF2A1,BAM,V1,60,16,data/PaperDol.bif,0x0620062E,12874,895A27919949A7F5686D33F06F728D1A9C49709E9A8EFA0C8A503936FC935099,graphics/source/sprites/WPSF2A1.bam
supplemental:sprites:paperdoll-animation-bam:WPSF2A1E,sprites,paperdoll-animation-bam,WPSF2A1E,BAM,V1,36,16,data/PaperDol.bif,0x0620062F,8448,00EAAE37C18521AC66B73DF51B5D806DC5B6DB64976BE4B66D607255C4370AB6,graphics/source/sprites/WPSF2A1E.bam
supplemental:sprites:paperdoll-animation-bam:WPSF2A3,sprites,paperdoll-animation-bam,WPSF2A3,BAM,V1,55,8,data/PaperDol.bif,0x06200630,9984,F5384FEB0BAAF01FD15BEF53EEA8F6AA7C9F53DC1768577235206D94FFFE3552,graphics/source/sprites/WPSF2A3.bam
supplemental:sprites:paperdoll-animation-bam:WPSF2A3E,sprites,paperdoll-animation-bam,WPSF2A3E,BAM,V1,33,8,data/PaperDol.bif,0x06200631,9742,C6D29BA6476F869BC515921FCE676724388EF45884C84FFAE618FA3ECA625C22,graphics/source/sprites/WPSF2A3E.bam
supplemental:sprites:paperdoll-animation-bam:WPSF2A5,sprites,paperdoll-animation-bam,WPSF2A5,BAM,V1,45,8,data/PaperDol.bif,0x06200632,8832,77084F0FEAB11900167DF6BF3FC9E365E53CD472707A2EAECA42849D51AAC6C0,graphics/source/sprites/WPSF2A5.bam
supplemental:sprites:paperdoll-animation-bam:WPSF2A5E,sprites,paperdoll-animation-bam,WPSF2A5E,BAM,V1,27,8,data/PaperDol.bif,0x06200633,7172,C1D4A0ACE97B445F05B88A68E0EA2D623BF9A9ED1AADD5EB93F031244138A96F,graphics/source/sprites/WPSF2A5E.bam
supplemental:sprites:paperdoll-animation-bam:WPSF2G1,sprites,paperdoll-animation-bam,WPSF2G1,BAM,V1,175,72,data/PaperDol.bif,0x06200634,32157,BAF12CAD0287AD00E8D41BAB85B359CE20218A8D7E1183B547911A94DA9A1975,graphics/source/sprites/WPSF2G1.bam
supplemental:sprites:paperdoll-animation-bam:WPSF2G1E,sprites,paperdoll-animation-bam,WPSF2G1E,BAM,V1,105,72,data/PaperDol.bif,0x06200635,22962,A921C349D47E18DFF89EE55428D2ED19A3876642F6DAE5CDDD0A767253F19FC8,graphics/source/sprites/WPSF2G1E.bam
supplemental:sprites:paperdoll-animation-bam:WPSF2INV,sprites,paperdoll-animation-bam,WPSF2INV,BAM,V1,2,1,data/PaperDol.bif,0x06200636,1863,DD84D93D28220C53077B1B6E5E4BC8675B14959E92657AF478639F79C84D22B5,graphics/source/sprites/WPSF2INV.bam
supplemental:sprites:paperdoll-animation-bam:WPSF2OIN,sprites,paperdoll-animation-bam,WPSF2OIN,BAM,V1,2,1,data/PaperDol.bif,0x06200637,2518,492659B4F813FD2C44B1F8CDDA50A3B47BDE6A1FDCF22E0E9A3564F3DE4800F7,graphics/source/sprites/WPSF2OIN.bam
supplemental:sprites:paperdoll-animation-bam:WPSF2W2,sprites,paperdoll-animation-bam,WPSF2W2,BAM,V1,50,8,data/PaperDol.bif,0x06200638,7901,1B677439A16787CB85914A9030ED65CD992942AEA9810B79B2F70C544A564952,graphics/source/sprites/WPSF2W2.bam
supplemental:sprites:paperdoll-animation-bam:WPSF2W2E,sprites,paperdoll-animation-bam,WPSF2W2E,BAM,V1,30,8,data/PaperDol.bif,0x06200639,6791,43E11C532B31E6BE53C67E50E0F16928A7E13D7208E2677FFCE1EE277925F178,graphics/source/sprites/WPSF2W2E.bam
supplemental:sprites:paperdoll-animation-bam:WPSF3A1,sprites,paperdoll-animation-bam,WPSF3A1,BAMC,V1,50,15,data/PaperDol.bif,0x0620063A,4753,CCFBBF134663C27B0D8C759716B8378DBA4589026CDF987327DB10A615053864,graphics/source/sprites/WPSF3A1.bam
supplemental:sprites:paperdoll-animation-bam:WPSF3A1E,sprites,paperdoll-animation-bam,WPSF3A1E,BAMC,V1,30,16,data/PaperDol.bif,0x0620063B,2998,DBC7458DDDEF0DF6ADA036C2DE0DD1C03C42F7776B5D84D19B669FFD7FB692F0,graphics/source/sprites/WPSF3A1E.bam
supplemental:sprites:paperdoll-animation-bam:WPSF3A3,sprites,paperdoll-animation-bam,WPSF3A3,BAMC,V1,50,8,data/PaperDol.bif,0x0620063C,4062,C4938746C31EFABB126F3406A90179F105D6442315F9D8BCC76D646F283E6A16,graphics/source/sprites/WPSF3A3.bam
supplemental:sprites:paperdoll-animation-bam:WPSF3A3E,sprites,paperdoll-animation-bam,WPSF3A3E,BAMC,V1,30,8,data/PaperDol.bif,0x0620063D,3019,09965C7549743E864FD7A6E56978F0FED183D6E049398B0309024B24C68542BA,graphics/source/sprites/WPSF3A3E.bam
supplemental:sprites:paperdoll-animation-bam:WPSF3G1,sprites,paperdoll-animation-bam,WPSF3G1,BAMC,V1,180,72,data/PaperDol.bif,0x0620063E,11698,C31FAD1383A309878A945FEBF28C6518F53F4BB5DA28D05AF9F00559EBE20421,graphics/source/sprites/WPSF3G1.bam
supplemental:sprites:paperdoll-animation-bam:WPSF3G1E,sprites,paperdoll-animation-bam,WPSF3G1E,BAMC,V1,108,72,data/PaperDol.bif,0x0620063F,8234,48A84CABAB786669BDC7E6BCFBE8A7D3C7263EA240BA632C8B4C53DE497872C6,graphics/source/sprites/WPSF3G1E.bam
supplemental:sprites:paperdoll-animation-bam:WPSF3INV,sprites,paperdoll-animation-bam,WPSF3INV,BAM,V1,2,1,data/PaperDol.bif,0x06200640,2054,98DBC47B1FC12C07314555996998EF964DC6669C0AD72EA479AA91D435F98B4F,graphics/source/sprites/WPSF3INV.bam
supplemental:sprites:paperdoll-animation-bam:WPSF3OIN,sprites,paperdoll-animation-bam,WPSF3OIN,BAM,V1,2,1,data/PaperDol.bif,0x06200641,1991,900E7C58A730505693774C58AD875FC06121B086B8DCD3A72400F78EAFB804E7,graphics/source/sprites/WPSF3OIN.bam
supplemental:sprites:paperdoll-animation-bam:WPSF3W2,sprites,paperdoll-animation-bam,WPSF3W2,BAMC,V1,50,8,data/PaperDol.bif,0x06200642,3475,FCABD766AD5E22E23BE3881022FF9AF383403DD87E02E05C13B4F4EB618C30D2,graphics/source/sprites/WPSF3W2.bam
supplemental:sprites:paperdoll-animation-bam:WPSF3W2E,sprites,paperdoll-animation-bam,WPSF3W2E,BAMC,V1,30,8,data/PaperDol.bif,0x06200643,2604,8B056372944BE96B964E3E0246D1DA8DF1AEDB19247F6964698B335580FE831D,graphics/source/sprites/WPSF3W2E.bam
supplemental:sprites:object-animation-bam:WPSFLA1,sprites,object-animation-bam,WPSFLA1,BAMC,V1,50,15,data/OBJAnim.bif,0x0020031B,4753,CCFBBF134663C27B0D8C759716B8378DBA4589026CDF987327DB10A615053864,graphics/source/sprites/WPSFLA1.bam
supplemental:sprites:object-animation-bam:WPSFLA1E,sprites,object-animation-bam,WPSFLA1E,BAMC,V1,30,16,data/OBJAnim.bif,0x0020031C,2998,DBC7458DDDEF0DF6ADA036C2DE0DD1C03C42F7776B5D84D19B669FFD7FB692F0,graphics/source/sprites/WPSFLA1E.bam
supplemental:sprites:object-animation-bam:WPSFLA3,sprites,object-animation-bam,WPSFLA3,BAMC,V1,50,8,data/OBJAnim.bif,0x0020031D,4062,C4938746C31EFABB126F3406A90179F105D6442315F9D8BCC76D646F283E6A16,graphics/source/sprites/WPSFLA3.bam
supplemental:sprites:object-animation-bam:WPSFLA3E,sprites,object-animation-bam,WPSFLA3E,BAMC,V1,30,8,data/OBJAnim.bif,0x0020031E,3019,09965C7549743E864FD7A6E56978F0FED183D6E049398B0309024B24C68542BA,graphics/source/sprites/WPSFLA3E.bam
supplemental:sprites:object-animation-bam:WPSFLG1,sprites,object-animation-bam,WPSFLG1,BAMC,V1,180,72,data/OBJAnim.bif,0x0020031F,11698,C31FAD1383A309878A945FEBF28C6518F53F4BB5DA28D05AF9F00559EBE20421,graphics/source/sprites/WPSFLG1.bam
supplemental:sprites:object-animation-bam:WPSFLG1E,sprites,object-animation-bam,WPSFLG1E,BAMC,V1,108,72,data/OBJAnim.bif,0x00200320,8234,48A84CABAB786669BDC7E6BCFBE8A7D3C7263EA240BA632C8B4C53DE497872C6,graphics/source/sprites/WPSFLG1E.bam
supplemental:sprites:paperdoll-animation-bam:WPSFLINV,sprites,paperdoll-animation-bam,WPSFLINV,BAM,V1,2,1,data/PaperDol.bif,0x06200644,1787,576B0E6E10B3B7653F002E3E751461623CF1AFE52B2AB508803A7D186162ED43,graphics/source/sprites/WPSFLINV.bam
supplemental:sprites:paperdoll-animation-bam:WPSFLOIN,sprites,paperdoll-animation-bam,WPSFLOIN,BAM,V1,2,1,data/PaperDol.bif,0x06200645,1722,0EA0EC3AFBBDAAF139E7D1CAE0296C824FB578B5DA85FCC5CF18E072B5491124,graphics/source/sprites/WPSFLOIN.bam
supplemental:sprites:object-animation-bam:WPSFLW2,sprites,object-animation-bam,WPSFLW2,BAMC,V1,50,8,data/OBJAnim.bif,0x00200321,3475,FCABD766AD5E22E23BE3881022FF9AF383403DD87E02E05C13B4F4EB618C30D2,graphics/source/sprites/WPSFLW2.bam
supplemental:sprites:object-animation-bam:WPSFLW2E,sprites,object-animation-bam,WPSFLW2E,BAMC,V1,30,8,data/OBJAnim.bif,0x00200322,2604,8B056372944BE96B964E3E0246D1DA8DF1AEDB19247F6964698B335580FE831D,graphics/source/sprites/WPSFLW2E.bam
supplemental:sprites:paperdoll-animation-bam:WPSFSA1,sprites,paperdoll-animation-bam,WPSFSA1,BAM,V1,60,16,data/PaperDol.bif,0x06200646,12874,895A27919949A7F5686D33F06F728D1A9C49709E9A8EFA0C8A503936FC935099,graphics/source/sprites/WPSFSA1.bam
supplemental:sprites:paperdoll-animation-bam:WPSFSA1E,sprites,paperdoll-animation-bam,WPSFSA1E,BAM,V1,36,16,data/PaperDol.bif,0x06200647,8448,00EAAE37C18521AC66B73DF51B5D806DC5B6DB64976BE4B66D607255C4370AB6,graphics/source/sprites/WPSFSA1E.bam
supplemental:sprites:paperdoll-animation-bam:WPSFSA3,sprites,paperdoll-animation-bam,WPSFSA3,BAM,V1,55,8,data/PaperDol.bif,0x06200648,9984,F5384FEB0BAAF01FD15BEF53EEA8F6AA7C9F53DC1768577235206D94FFFE3552,graphics/source/sprites/WPSFSA3.bam
supplemental:sprites:paperdoll-animation-bam:WPSFSA3E,sprites,paperdoll-animation-bam,WPSFSA3E,BAM,V1,33,8,data/PaperDol.bif,0x06200649,9742,C6D29BA6476F869BC515921FCE676724388EF45884C84FFAE618FA3ECA625C22,graphics/source/sprites/WPSFSA3E.bam
supplemental:sprites:paperdoll-animation-bam:WPSFSA5,sprites,paperdoll-animation-bam,WPSFSA5,BAM,V1,45,8,data/PaperDol.bif,0x0620064A,8832,77084F0FEAB11900167DF6BF3FC9E365E53CD472707A2EAECA42849D51AAC6C0,graphics/source/sprites/WPSFSA5.bam
supplemental:sprites:paperdoll-animation-bam:WPSFSA5E,sprites,paperdoll-animation-bam,WPSFSA5E,BAM,V1,27,8,data/PaperDol.bif,0x0620064B,7172,C1D4A0ACE97B445F05B88A68E0EA2D623BF9A9ED1AADD5EB93F031244138A96F,graphics/source/sprites/WPSFSA5E.bam
supplemental:sprites:paperdoll-animation-bam:WPSFSG1,sprites,paperdoll-animation-bam,WPSFSG1,BAM,V1,175,72,data/PaperDol.bif,0x0620064C,32157,BAF12CAD0287AD00E8D41BAB85B359CE20218A8D7E1183B547911A94DA9A1975,graphics/source/sprites/WPSFSG1.bam
supplemental:sprites:paperdoll-animation-bam:WPSFSG1E,sprites,paperdoll-animation-bam,WPSFSG1E,BAM,V1,105,72,data/PaperDol.bif,0x0620064D,22962,A921C349D47E18DFF89EE55428D2ED19A3876642F6DAE5CDDD0A767253F19FC8,graphics/source/sprites/WPSFSG1E.bam
supplemental:sprites:paperdoll-animation-bam:WPSFSINV,sprites,paperdoll-animation-bam,WPSFSINV,BAM,V1,2,1,data/PaperDol.bif,0x0620064E,2373,9A435F085F0E658CEF76C0F9105FA3276000DBBAE78EC152E430E2074BF58DF5,graphics/source/sprites/WPSFSINV.bam
supplemental:sprites:paperdoll-animation-bam:WPSFSOIN,sprites,paperdoll-animation-bam,WPSFSOIN,BAM,V1,2,1,data/PaperDol.bif,0x0620064F,2246,60FD37578B9FB553C6D0D9B35BCE0E133BA9A782767DF3B0071D0151690F61B5,graphics/source/sprites/WPSFSOIN.bam
supplemental:sprites:paperdoll-animation-bam:WPSFSW2,sprites,paperdoll-animation-bam,WPSFSW2,BAM,V1,50,8,data/PaperDol.bif,0x06200650,7901,1B677439A16787CB85914A9030ED65CD992942AEA9810B79B2F70C544A564952,graphics/source/sprites/WPSFSW2.bam
supplemental:sprites:paperdoll-animation-bam:WPSFSW2E,sprites,paperdoll-animation-bam,WPSFSW2E,BAM,V1,30,8,data/PaperDol.bif,0x06200651,6791,43E11C532B31E6BE53C67E50E0F16928A7E13D7208E2677FFCE1EE277925F178,graphics/source/sprites/WPSFSW2E.bam
supplemental:sprites:paperdoll-animation-bam:WPSGSA2,sprites,paperdoll-animation-bam,WPSGSA2,BAMC,V1,50,8,data/PaperDol.bif,0x06200652,5683,C54403F1A8FBFF95A45EA6FE78A3139DD5D463AB5F8200019E6040A7292338C9,graphics/source/sprites/WPSGSA2.bam
supplemental:sprites:paperdoll-animation-bam:WPSGSA2E,sprites,paperdoll-animation-bam,WPSGSA2E,BAMC,V1,30,8,data/PaperDol.bif,0x06200653,3631,F8E0B424CE262C0CF6405B588DBFDDEB24F89178C5D27AB7EB61E9AFE372C747,graphics/source/sprites/WPSGSA2E.bam
supplemental:sprites:paperdoll-animation-bam:WPSGSA4,sprites,paperdoll-animation-bam,WPSGSA4,BAMC,V1,50,8,data/PaperDol.bif,0x06200654,5441,5BAD7EFA51354417169D0E0A6A3C13D38529A722185CAA41520143B7CE158BFD,graphics/source/sprites/WPSGSA4.bam
supplemental:sprites:paperdoll-animation-bam:WPSGSA4E,sprites,paperdoll-animation-bam,WPSGSA4E,BAMC,V1,30,8,data/PaperDol.bif,0x06200655,3834,55C474842962DEDBF4D3A7A37841B4DAFEBD455952C15E40663F64D62CC7B588,graphics/source/sprites/WPSGSA4E.bam
supplemental:sprites:paperdoll-animation-bam:WPSGSA6,sprites,paperdoll-animation-bam,WPSGSA6,BAMC,V1,40,8,data/PaperDol.bif,0x06200656,4585,E9DBE3F8D2D4CC39500E1AA7C3F9DB54AEDA09FCA490AE6C8CAADC17D8D3C7E2,graphics/source/sprites/WPSGSA6.bam
supplemental:sprites:paperdoll-animation-bam:WPSGSA6E,sprites,paperdoll-animation-bam,WPSGSA6E,BAMC,V1,24,8,data/PaperDol.bif,0x06200657,2957,B55C899B49307C99303BD6B5C32C9416312D81B14C9457E7D1355CC54BF67289,graphics/source/sprites/WPSGSA6E.bam
supplemental:sprites:paperdoll-animation-bam:WPSGSG1,sprites,paperdoll-animation-bam,WPSGSG1,BAMC,V1,180,72,data/PaperDol.bif,0x06200658,15437,272BA8BA2E3CE2B061DE5DAEA595D6A0D65EB4BCA4F73DDB1374100D91979FA8,graphics/source/sprites/WPSGSG1.bam
supplemental:sprites:paperdoll-animation-bam:WPSGSG1E,sprites,paperdoll-animation-bam,WPSGSG1E,BAMC,V1,108,72,data/PaperDol.bif,0x06200659,11569,1169FA502B6DABC335E879154EBDE7B254C0760788B4C0F14FF8ACA20DEBA877,graphics/source/sprites/WPSGSG1E.bam
supplemental:sprites:paperdoll-animation-bam:WPSGSINV,sprites,paperdoll-animation-bam,WPSGSINV,BAM,V1,2,1,data/PaperDol.bif,0x0620065A,2498,2B285D319E54CB1699A757750137294970B71355F1DEF02209EAFDAB1BDE5EBA,graphics/source/sprites/WPSGSINV.bam
supplemental:sprites:paperdoll-animation-bam:WPSGSW2,sprites,paperdoll-animation-bam,WPSGSW2,BAMC,V1,50,8,data/PaperDol.bif,0x0620065B,4235,7B91A455DD93A6D1A7A4D5C2D263856072936EA1164490FE0CBFC1615802B263,graphics/source/sprites/WPSGSW2.bam
supplemental:sprites:paperdoll-animation-bam:WPSGSW2E,sprites,paperdoll-animation-bam,WPSGSW2E,BAMC,V1,30,8,data/PaperDol.bif,0x0620065C,3460,F23E8FB955FFDF7EC059035B8010FEEE17716749941C14969868167141DA5BAC,graphics/source/sprites/WPSGSW2E.bam
supplemental:sprites:object-animation-bam:WPSH0A1,sprites,object-animation-bam,WPSH0A1,BAMC,V1,50,16,data/OBJAnim.bif,0x00200323,5361,443D755F8B178D2EBB7CAF208F5788B40A2C8942EBE21F60B81329B9E7797031,graphics/source/sprites/WPSH0A1.bam
supplemental:sprites:object-animation-bam:WPSH0A1E,sprites,object-animation-bam,WPSH0A1E,BAMC,V1,30,16,data/OBJAnim.bif,0x00200324,3595,90B98BEDC05AED252062AE88D4DC6357FD866D85C499B360479CFD77B18669A0,graphics/source/sprites/WPSH0A1E.bam
supplemental:sprites:object-animation-bam:WPSH0A2,sprites,object-animation-bam,WPSH0A2,BAMC,V1,50,8,data/OBJAnim.bif,0x00200325,5223,F2830E77465BB014273B24A3ABBADD84CB8759A64D5956AE65B4E6433DC2D665,graphics/source/sprites/WPSH0A2.bam
supplemental:sprites:object-animation-bam:WPSH0A2E,sprites,object-animation-bam,WPSH0A2E,BAMC,V1,30,8,data/OBJAnim.bif,0x00200326,3596,A44F124853FDC7B5234DE122F5A2904DAA9FFD28140D3027117FA8E9F3BE534D,graphics/source/sprites/WPSH0A2E.bam
supplemental:sprites:object-animation-bam:WPSH0A3,sprites,object-animation-bam,WPSH0A3,BAMC,V1,50,8,data/OBJAnim.bif,0x00200327,5330,7AB555460210B980442D16A726659A7E6C1928E1C009FC84E49A2996A8D2D002,graphics/source/sprites/WPSH0A3.bam
supplemental:sprites:object-animation-bam:WPSH0A3E,sprites,object-animation-bam,WPSH0A3E,BAMC,V1,30,8,data/OBJAnim.bif,0x00200328,3409,4F67EDAC4B77C70E7F88F3EC888E3390B9A6539DF790FDD5312DD56C39215DEE,graphics/source/sprites/WPSH0A3E.bam
supplemental:sprites:object-animation-bam:WPSH0A4,sprites,object-animation-bam,WPSH0A4,BAMC,V1,50,8,data/OBJAnim.bif,0x00200329,5198,D2940C8903456924BF919FAE078B1898FA970994B6CDCF9B8BE8471339100DAE,graphics/source/sprites/WPSH0A4.bam
supplemental:sprites:object-animation-bam:WPSH0A4E,sprites,object-animation-bam,WPSH0A4E,BAMC,V1,30,8,data/OBJAnim.bif,0x0020032A,3402,FE20A987478306E4D71825F16967A4C2A6E5E72BE348DEC8070ECC01066D3965,graphics/source/sprites/WPSH0A4E.bam
supplemental:sprites:object-animation-bam:WPSH0A5,sprites,object-animation-bam,WPSH0A5,BAMC,V1,30,8,data/OBJAnim.bif,0x0020032B,3455,61F2DDB9B1A55F93F87D019A65109FE45F26A5100897C70E1C6A88C29D5B1720,graphics/source/sprites/WPSH0A5.bam
supplemental:sprites:object-animation-bam:WPSH0A5E,sprites,object-animation-bam,WPSH0A5E,BAMC,V1,18,8,data/OBJAnim.bif,0x0020032C,2393,09A642D018FE2811C087C1256724454DEF4DF0BF1BCEA563D615E2970CFE0E3D,graphics/source/sprites/WPSH0A5E.bam
supplemental:sprites:object-animation-bam:WPSH0A6,sprites,object-animation-bam,WPSH0A6,BAMC,V1,40,8,data/OBJAnim.bif,0x0020032D,4341,49FEBA7BA745D0AA3CFA9A516C160476C202B422E81DAE523C803AFBF9160942,graphics/source/sprites/WPSH0A6.bam
supplemental:sprites:object-animation-bam:WPSH0A6E,sprites,object-animation-bam,WPSH0A6E,BAMC,V1,24,8,data/OBJAnim.bif,0x0020032E,2950,2F9140E89671F1FFB669DAC02DEE3D6F627512B3BDDA30E8CAD4AC6CF668EFFB,graphics/source/sprites/WPSH0A6E.bam
supplemental:sprites:object-animation-bam:WPSH0CA,sprites,object-animation-bam,WPSH0CA,BAMC,V1,50,64,data/OBJAnim.bif,0x0020032F,5585,03A9FBE62B3D99FBDA6B60BE4B9367B5065CF078D3C32F489B5C5FAE12DECF98,graphics/source/sprites/WPSH0CA.bam
supplemental:sprites:object-animation-bam:WPSH0CAE,sprites,object-animation-bam,WPSH0CAE,BAMC,V1,30,64,data/OBJAnim.bif,0x00200330,3766,ADE6EC1A0F8C9B23CF439A23F5C4EDE71452018BCF8D99683B41AB89BAEE0C7C,graphics/source/sprites/WPSH0CAE.bam
supplemental:sprites:object-animation-bam:WPSH0G1,sprites,object-animation-bam,WPSH0G1,BAMC,V1,180,72,data/OBJAnim.bif,0x00200331,15392,909FD934699C9D3EA656E5CB0BF12C207EE44E237C7559AE156C27DB7E386E9A,graphics/source/sprites/WPSH0G1.bam
supplemental:sprites:object-animation-bam:WPSH0G1E,sprites,object-animation-bam,WPSH0G1E,BAMC,V1,108,72,data/OBJAnim.bif,0x00200332,9540,2D6A8C6F973BE443AC5684B7EB79774007E708DFFAC18A2D9DF62C7D69EC8BA2,graphics/source/sprites/WPSH0G1E.bam
supplemental:sprites:paperdoll-animation-bam:WPSH0INV,sprites,paperdoll-animation-bam,WPSH0INV,BAM,V1,2,1,data/PaperDol.bif,0x0620065D,1554,2F117CB432D1A4B14AE13F082F042F8ED3848573E91C390B23022BEAB083FC7A,graphics/source/sprites/WPSH0INV.bam
supplemental:sprites:object-animation-bam:WPSH0SA,sprites,object-animation-bam,WPSH0SA,BAMC,V1,20,8,data/OBJAnim.bif,0x00200333,2601,E4917DFFC4820A874B5677194B958D9D9FEBB9B400C04B743E22FB7D0AEF4500,graphics/source/sprites/WPSH0SA.bam
supplemental:sprites:object-animation-bam:WPSH0SAE,sprites,object-animation-bam,WPSH0SAE,BAMC,V1,12,8,data/OBJAnim.bif,0x00200334,1926,200A09B6A7BCFAE4E9D0C4E9562FD41A897A75B9F1E563BE873C47E319685CE5,graphics/source/sprites/WPSH0SAE.bam
supplemental:sprites:object-animation-bam:WPSH0SX,sprites,object-animation-bam,WPSH0SX,BAMC,V1,15,8,data/OBJAnim.bif,0x00200335,2180,CB25BCD84C96019F1A8A8368A663984E66FD212066A204B9F30DFA41038E9F27,graphics/source/sprites/WPSH0SX.bam
supplemental:sprites:object-animation-bam:WPSH0SXE,sprites,object-animation-bam,WPSH0SXE,BAMC,V1,9,8,data/OBJAnim.bif,0x00200336,1617,7DE71352E18AA269ECBC129B0B01F21A94CC774168F6A3C3BB11126A4B93C086,graphics/source/sprites/WPSH0SXE.bam
supplemental:sprites:object-animation-bam:WPSH0W2,sprites,object-animation-bam,WPSH0W2,BAMC,V1,50,8,data/OBJAnim.bif,0x00200337,4307,ACF4373E5AC8B770233BFE19F6F27478F4797189AA040BCC5A6901007BAC45A8,graphics/source/sprites/WPSH0W2.bam
supplemental:sprites:object-animation-bam:WPSH0W2E,sprites,object-animation-bam,WPSH0W2E,BAMC,V1,30,8,data/OBJAnim.bif,0x00200338,2808,87FE62ED3A9EE163587A2F0C90F3EB063B2F14652114646F1624DC0690C9E647,graphics/source/sprites/WPSH0W2E.bam
supplemental:sprites:object-animation-bam:WPSH1A1,sprites,object-animation-bam,WPSH1A1,BAMC,V1,50,16,data/OBJAnim.bif,0x00200339,5871,8BCB92C1C8523B09530E6A73CBEF3F8700DC641675193D012DDFF67D0E3FD130,graphics/source/sprites/WPSH1A1.bam
supplemental:sprites:object-animation-bam:WPSH1A1E,sprites,object-animation-bam,WPSH1A1E,BAMC,V1,30,16,data/OBJAnim.bif,0x0020033A,3707,4B94D1FBAAEEF97477EF42653A3007183BF986F704059355B7D0C4EE055224A9,graphics/source/sprites/WPSH1A1E.bam
supplemental:sprites:object-animation-bam:WPSH1A2,sprites,object-animation-bam,WPSH1A2,BAMC,V1,50,8,data/OBJAnim.bif,0x0020033B,5886,A7499168369F0116A0E30C1E065FE55E39EAE82A3345039330B09AD8183D7DD9,graphics/source/sprites/WPSH1A2.bam
supplemental:sprites:object-animation-bam:WPSH1A2E,sprites,object-animation-bam,WPSH1A2E,BAMC,V1,30,8,data/OBJAnim.bif,0x0020033C,3690,AF72FBE3CCA4F743EB003CC5A577AC242543E19456DB85B780805A19AB36E411,graphics/source/sprites/WPSH1A2E.bam
supplemental:sprites:object-animation-bam:WPSH1A3,sprites,object-animation-bam,WPSH1A3,BAMC,V1,50,8,data/OBJAnim.bif,0x0020033D,5727,078957BC0478CC2297704A7EDB898F68E702D285CD86FC5AC92508FDD8F2E224,graphics/source/sprites/WPSH1A3.bam
supplemental:sprites:object-animation-bam:WPSH1A3E,sprites,object-animation-bam,WPSH1A3E,BAMC,V1,30,8,data/OBJAnim.bif,0x0020033E,3699,D523638DE11FAB83C91D65F6B7A2804A11267E6D6828433757EAE2D324B523AF,graphics/source/sprites/WPSH1A3E.bam
supplemental:sprites:object-animation-bam:WPSH1A4,sprites,object-animation-bam,WPSH1A4,BAMC,V1,50,8,data/OBJAnim.bif,0x0020033F,5617,668A47D66260CE545D8E347E1D10696F8EBC2D3030FFD5BA99214497E0D57A23,graphics/source/sprites/WPSH1A4.bam
supplemental:sprites:object-animation-bam:WPSH1A4E,sprites,object-animation-bam,WPSH1A4E,BAMC,V1,30,8,data/OBJAnim.bif,0x00200340,3623,603BB0BB670832DAF99B01FDDDC9842618CFD27423CD280B1CB02354D346D6B9,graphics/source/sprites/WPSH1A4E.bam
supplemental:sprites:object-animation-bam:WPSH1A5,sprites,object-animation-bam,WPSH1A5,BAMC,V1,30,8,data/OBJAnim.bif,0x00200341,3747,5FE532A4573BE0D18EADA88020DA0E8D0F88B54BFA380B9165CC437E2AF81845,graphics/source/sprites/WPSH1A5.bam
supplemental:sprites:object-animation-bam:WPSH1A5E,sprites,object-animation-bam,WPSH1A5E,BAMC,V1,18,8,data/OBJAnim.bif,0x00200342,2507,D465DCE1C90D9CF64E58EA5920291C33AA76F47CDC77267D34FC0C7F79BBCE5C,graphics/source/sprites/WPSH1A5E.bam
supplemental:sprites:object-animation-bam:WPSH1A6,sprites,object-animation-bam,WPSH1A6,BAMC,V1,40,8,data/OBJAnim.bif,0x00200343,4588,1CDFEB8E6A41ACD610B8D92D35C225BFE38B53929413B1EC6EB3C3DDD6C4C4AA,graphics/source/sprites/WPSH1A6.bam
supplemental:sprites:object-animation-bam:WPSH1A6E,sprites,object-animation-bam,WPSH1A6E,BAMC,V1,24,8,data/OBJAnim.bif,0x00200344,3026,E5D84306ADD68193311C46C17A39EAA58606A9258E186E9AF4A33FB9F61A8A78,graphics/source/sprites/WPSH1A6E.bam
supplemental:sprites:object-animation-bam:WPSH1CA,sprites,object-animation-bam,WPSH1CA,BAMC,V1,50,62,data/OBJAnim.bif,0x00200345,5933,33ED7F03015FA7BFD90A46AD10911EC78A0EE1E7DAA1551AF308D05C0634AE03,graphics/source/sprites/WPSH1CA.bam
supplemental:sprites:object-animation-bam:WPSH1CAE,sprites,object-animation-bam,WPSH1CAE,BAMC,V1,30,64,data/OBJAnim.bif,0x00200346,3908,4288F134AF5712BD27A910F3A3726BB94D443B167BB41AD607DD4EA97ADAE0DC,graphics/source/sprites/WPSH1CAE.bam
supplemental:sprites:object-animation-bam:WPSH1G1,sprites,object-animation-bam,WPSH1G1,BAMC,V1,180,72,data/OBJAnim.bif,0x00200347,16922,9B41D101D24381A7D79021621F2E6D78F7664BBBB7B487E7B8C7CE86212D0C08,graphics/source/sprites/WPSH1G1.bam
supplemental:sprites:object-animation-bam:WPSH1G1E,sprites,object-animation-bam,WPSH1G1E,BAMC,V1,108,72,data/OBJAnim.bif,0x00200348,10348,821272C69BFBF79D959BD2E5C4BB669590A53A1D9B3E4F2BD2DED0B0CE763533,graphics/source/sprites/WPSH1G1E.bam
supplemental:sprites:paperdoll-animation-bam:WPSH1INV,sprites,paperdoll-animation-bam,WPSH1INV,BAM,V1,2,1,data/PaperDol.bif,0x0620065F,2004,FCC2D05DA027F7CA047F640218E9B7B1A8B51AD853D9D48B250C892F755B0749,graphics/source/sprites/WPSH1INV.bam
supplemental:sprites:object-animation-bam:WPSH1SA,sprites,object-animation-bam,WPSH1SA,BAMC,V1,20,8,data/OBJAnim.bif,0x00200349,2937,C4335CE1D590EE4F09F7F4F5A173EA40C8BCB4A33543FBD965BF3AB79E8411DA,graphics/source/sprites/WPSH1SA.bam
supplemental:sprites:object-animation-bam:WPSH1SAE,sprites,object-animation-bam,WPSH1SAE,BAMC,V1,12,8,data/OBJAnim.bif,0x0020034A,1924,67C90209EDD7A41F3AEAF04FC327761C6AAD27DB5899DC5534050C3B6AF2E7F7,graphics/source/sprites/WPSH1SAE.bam
supplemental:sprites:object-animation-bam:WPSH1SX,sprites,object-animation-bam,WPSH1SX,BAMC,V1,15,8,data/OBJAnim.bif,0x0020034B,2318,450F026C9B0A40EFF15B907192C8F9F47AC01B928FEFA47C87E5DA0CFE2A087D,graphics/source/sprites/WPSH1SX.bam
supplemental:sprites:object-animation-bam:WPSH1SXE,sprites,object-animation-bam,WPSH1SXE,BAMC,V1,9,8,data/OBJAnim.bif,0x0020034C,1688,3BA75BB5544DBFFE463AD86AF58D0E09AD5EB4130685D4AC0660262ABCE46B44,graphics/source/sprites/WPSH1SXE.bam
supplemental:sprites:object-animation-bam:WPSH1W2,sprites,object-animation-bam,WPSH1W2,BAMC,V1,50,8,data/OBJAnim.bif,0x0020034D,4680,AB4D1FC5FB3BD2B4AF5EB2940182769626D1BFC973CA90E86B453C196956F8F0,graphics/source/sprites/WPSH1W2.bam
supplemental:sprites:object-animation-bam:WPSH1W2E,sprites,object-animation-bam,WPSH1W2E,BAMC,V1,30,8,data/OBJAnim.bif,0x0020034E,3011,BBDB0CE5BBEE7988C259B8B075903F7D1BBE64FCEFE585CACE8633882A2FB740,graphics/source/sprites/WPSH1W2E.bam
supplemental:sprites:object-animation-bam:WPSH2A1,sprites,object-animation-bam,WPSH2A1,BAMC,V1,50,16,data/OBJAnim.bif,0x0020034F,5466,C982F1F5F19C99A699C9812FC7163DEDF399F0CDEEEEF5EB1162D5995D9CCB8C,graphics/source/sprites/WPSH2A1.bam
supplemental:sprites:object-animation-bam:WPSH2A1E,sprites,object-animation-bam,WPSH2A1E,BAMC,V1,30,16,data/OBJAnim.bif,0x00200350,3635,59A4DB9AA205A0F3A61C363956747257CCEF464B5FE811DA1E2E73D9A8FC8D22,graphics/source/sprites/WPSH2A1E.bam
supplemental:sprites:object-animation-bam:WPSH2A2,sprites,object-animation-bam,WPSH2A2,BAMC,V1,50,8,data/OBJAnim.bif,0x00200351,5458,53FA5D81823371BBA1B94DA713832ABE9E6E704397C81E711E0EB91E4C1F6313,graphics/source/sprites/WPSH2A2.bam
supplemental:sprites:object-animation-bam:WPSH2A2E,sprites,object-animation-bam,WPSH2A2E,BAMC,V1,30,8,data/OBJAnim.bif,0x00200352,3562,CC08698D5A25403905AAE7CA971E5A3ECDBE798BA29C3665F74E0C4F8C2219AD,graphics/source/sprites/WPSH2A2E.bam
supplemental:sprites:object-animation-bam:WPSH2A3,sprites,object-animation-bam,WPSH2A3,BAMC,V1,50,8,data/OBJAnim.bif,0x00200353,5383,D3CEF36E5753BAE8A142369CAF41B17C0D1718EC938761199E2E30A574A767EE,graphics/source/sprites/WPSH2A3.bam
supplemental:sprites:object-animation-bam:WPSH2A3E,sprites,object-animation-bam,WPSH2A3E,BAMC,V1,30,8,data/OBJAnim.bif,0x00200354,3625,615A80091932B30FEB273BD05901FC5DDD44E6EBA647A8570BB5F142A1EA5A96,graphics/source/sprites/WPSH2A3E.bam
supplemental:sprites:object-animation-bam:WPSH2A4,sprites,object-animation-bam,WPSH2A4,BAMC,V1,50,8,data/OBJAnim.bif,0x00200355,5325,724AE357D0F947BAE72C1F237088143922784F3EDB8AA28588B8046EF3DA454D,graphics/source/sprites/WPSH2A4.bam
supplemental:sprites:object-animation-bam:WPSH2A4E,sprites,object-animation-bam,WPSH2A4E,BAMC,V1,30,8,data/OBJAnim.bif,0x00200356,3577,64D524030ECEA2A988CD5C1E691AF11871ABC6D38B7F3CD0E1905A7D0FDC3454,graphics/source/sprites/WPSH2A4E.bam
supplemental:sprites:object-animation-bam:WPSH2A5,sprites,object-animation-bam,WPSH2A5,BAMC,V1,30,8,data/OBJAnim.bif,0x00200357,3587,4BD9C9CA4003920878D34A7C864FF65A523CE9D100E54E6D8A415C8888606FDC,graphics/source/sprites/WPSH2A5.bam
supplemental:sprites:object-animation-bam:WPSH2A5E,sprites,object-animation-bam,WPSH2A5E,BAMC,V1,18,8,data/OBJAnim.bif,0x00200358,2428,0B31EF40FED6E43C470CB405945B7066568A6EB14CEFD2D0D86D5904DA243BF9,graphics/source/sprites/WPSH2A5E.bam
supplemental:sprites:object-animation-bam:WPSH2A6,sprites,object-animation-bam,WPSH2A6,BAMC,V1,40,8,data/OBJAnim.bif,0x00200359,4468,53194D855D486D1170A682AB996DFE1E9B498DFE7F7A06B2CC26EE5333816A9F,graphics/source/sprites/WPSH2A6.bam
supplemental:sprites:object-animation-bam:WPSH2A6E,sprites,object-animation-bam,WPSH2A6E,BAMC,V1,24,8,data/OBJAnim.bif,0x0020035A,3059,3B298C604695536955C7FBB15A3AB577B0B12EC402DB8D3B4EB5F033CF783E75,graphics/source/sprites/WPSH2A6E.bam
supplemental:sprites:object-animation-bam:WPSH2CA,sprites,object-animation-bam,WPSH2CA,BAMC,V1,50,62,data/OBJAnim.bif,0x0020035B,5847,170E0DC0B74C34E3037871798DE40DCC768F56DF2FF1EE1196C8A609DF0E0233,graphics/source/sprites/WPSH2CA.bam
supplemental:sprites:object-animation-bam:WPSH2CAE,sprites,object-animation-bam,WPSH2CAE,BAMC,V1,30,64,data/OBJAnim.bif,0x0020035C,3918,45E522F9A37216D39E321EB05F10ED45854542706BDEFE7C8C75BC5F09E6D086,graphics/source/sprites/WPSH2CAE.bam
supplemental:sprites:object-animation-bam:WPSH2G1,sprites,object-animation-bam,WPSH2G1,BAMC,V1,180,72,data/OBJAnim.bif,0x0020035D,16066,260DBD64D0AA27556E5924C0217B80B90719849BE8320226FF0B2A3373225153,graphics/source/sprites/WPSH2G1.bam
supplemental:sprites:object-animation-bam:WPSH2G1E,sprites,object-animation-bam,WPSH2G1E,BAMC,V1,108,72,data/OBJAnim.bif,0x0020035E,10166,0C5E5A7C6236ABF04E4E524F9454930D27F7F2A91ADC2E6389C26D2500B018C0,graphics/source/sprites/WPSH2G1E.bam
supplemental:sprites:paperdoll-animation-bam:WPSH2INV,sprites,paperdoll-animation-bam,WPSH2INV,BAM,V1,2,1,data/PaperDol.bif,0x06200661,2472,710A98EBB42A991BABE9D3D1DBEF326AA71719001DB472DEFD0C5C8F72512AA7,graphics/source/sprites/WPSH2INV.bam
supplemental:sprites:object-animation-bam:WPSH2SA,sprites,object-animation-bam,WPSH2SA,BAMC,V1,20,8,data/OBJAnim.bif,0x0020035F,2687,3B76D99466C2B4693514523DE54F931BF7CFE807254771F91AF80DCFCCCCE312,graphics/source/sprites/WPSH2SA.bam
supplemental:sprites:object-animation-bam:WPSH2SAE,sprites,object-animation-bam,WPSH2SAE,BAMC,V1,12,8,data/OBJAnim.bif,0x00200360,1960,EE717050635546EEC07EB7E82BDFB80AC25FABE30A5EF97CCE96AB7A202082DE,graphics/source/sprites/WPSH2SAE.bam
supplemental:sprites:object-animation-bam:WPSH2SX,sprites,object-animation-bam,WPSH2SX,BAMC,V1,15,8,data/OBJAnim.bif,0x00200361,2167,F647DEF181F8DE03A0EC74998FB7EA163C9C6E78FF9575B2E3E55E82FFB43DDC,graphics/source/sprites/WPSH2SX.bam
supplemental:sprites:object-animation-bam:WPSH2SXE,sprites,object-animation-bam,WPSH2SXE,BAMC,V1,9,8,data/OBJAnim.bif,0x00200362,1636,2280E349AB9F582C99990E7DA34A40D4311C4D839447AAED2AC2D8462E72D472,graphics/source/sprites/WPSH2SXE.bam
supplemental:sprites:object-animation-bam:WPSH2W2,sprites,object-animation-bam,WPSH2W2,BAMC,V1,50,8,data/OBJAnim.bif,0x00200363,4356,42A5E8A870C1FB42EB922DA59D64E9397052D888C975A65E010F00327A313050,graphics/source/sprites/WPSH2W2.bam
supplemental:sprites:object-animation-bam:WPSH2W2E,sprites,object-animation-bam,WPSH2W2E,BAMC,V1,30,8,data/OBJAnim.bif,0x00200364,3024,C1372338C00A6035AA594162097C826F827B209DCBD68016F9E3C9AE04354EA7,graphics/source/sprites/WPSH2W2E.bam
supplemental:sprites:object-animation-bam:WPSH3A1,sprites,object-animation-bam,WPSH3A1,BAMC,V1,50,16,data/OBJAnim.bif,0x00200365,6064,3F817849121AA193A5B0FBD5ED1C3AC7AC5AE8A86375BA8F2AA2CE01147020D9,graphics/source/sprites/WPSH3A1.bam
supplemental:sprites:object-animation-bam:WPSH3A1E,sprites,object-animation-bam,WPSH3A1E,BAMC,V1,30,16,data/OBJAnim.bif,0x00200366,4305,534AE46DE932164790562DCAD7F83211B57AB96AD6E0F046AE40FE6394432D49,graphics/source/sprites/WPSH3A1E.bam
supplemental:sprites:object-animation-bam:WPSH3A2,sprites,object-animation-bam,WPSH3A2,BAMC,V1,50,8,data/OBJAnim.bif,0x00200367,6030,E873D8A27515C0D398DE001BDBC1E6F5EB5AF609245A3C397C4184C3398FBE5D,graphics/source/sprites/WPSH3A2.bam
supplemental:sprites:object-animation-bam:WPSH3A2E,sprites,object-animation-bam,WPSH3A2E,BAMC,V1,30,8,data/OBJAnim.bif,0x00200368,4221,0D205456A9D2BF84ECFC49C63F81AFA5FB10E6832E2C905CCCCBC95956FD88C0,graphics/source/sprites/WPSH3A2E.bam
supplemental:sprites:object-animation-bam:WPSH3A3,sprites,object-animation-bam,WPSH3A3,BAMC,V1,50,8,data/OBJAnim.bif,0x00200369,5907,BEADE84975FAC8003C481ED1F5CA0945293A59020DC03298C756C73E8D0DDDE7,graphics/source/sprites/WPSH3A3.bam
supplemental:sprites:object-animation-bam:WPSH3A3E,sprites,object-animation-bam,WPSH3A3E,BAMC,V1,30,8,data/OBJAnim.bif,0x0020036A,4089,3B2D06E9E3356F6C0EA5161F44B61203CAD42C61A2FCCBA24A3388006FC2FE02,graphics/source/sprites/WPSH3A3E.bam
supplemental:sprites:object-animation-bam:WPSH3A4,sprites,object-animation-bam,WPSH3A4,BAMC,V1,50,8,data/OBJAnim.bif,0x0020036B,5910,F9D97B4AA7ED1FED4729F8FDE203BEBE170E0123355F115D2D1A76EA209EC2D7,graphics/source/sprites/WPSH3A4.bam
supplemental:sprites:object-animation-bam:WPSH3A4E,sprites,object-animation-bam,WPSH3A4E,BAMC,V1,30,8,data/OBJAnim.bif,0x0020036C,4051,F80012D0AE2D85DF494BF0E75F05DC20C5AFA94E165B636A39CA2A4480941414,graphics/source/sprites/WPSH3A4E.bam
supplemental:sprites:object-animation-bam:WPSH3A5,sprites,object-animation-bam,WPSH3A5,BAMC,V1,30,8,data/OBJAnim.bif,0x0020036D,3935,DA7489B0B2DD7953342F303A223DFD759F798DABC107FBEC27AC96C599EEF42A,graphics/source/sprites/WPSH3A5.bam
supplemental:sprites:object-animation-bam:WPSH3A5E,sprites,object-animation-bam,WPSH3A5E,BAMC,V1,18,8,data/OBJAnim.bif,0x0020036E,2672,8AC4AC53C6854A666EEC408DB613E3B747258D25D1A63903DDDB8F936B6E2D3D,graphics/source/sprites/WPSH3A5E.bam
supplemental:sprites:object-animation-bam:WPSH3A6,sprites,object-animation-bam,WPSH3A6,BAMC,V1,40,8,data/OBJAnim.bif,0x0020036F,4941,1356044772DC9D538DF421D89A6AC9DFE533E0FBB15285381AAE5C6F06A82FDF,graphics/source/sprites/WPSH3A6.bam
supplemental:sprites:object-animation-bam:WPSH3A6E,sprites,object-animation-bam,WPSH3A6E,BAMC,V1,24,8,data/OBJAnim.bif,0x00200370,3344,400BBBA3564542624E3A6858844FB67402EF73F920E7C35896140941833C3D5B,graphics/source/sprites/WPSH3A6E.bam
supplemental:sprites:object-animation-bam:WPSH3CA,sprites,object-animation-bam,WPSH3CA,BAMC,V1,50,62,data/OBJAnim.bif,0x00200371,6368,015EC324267D6FA7B5D7E661A4F7055355F44D5852A4E7193F08D7E61A9C56E1,graphics/source/sprites/WPSH3CA.bam
supplemental:sprites:object-animation-bam:WPSH3CAE,sprites,object-animation-bam,WPSH3CAE,BAMC,V1,30,64,data/OBJAnim.bif,0x00200372,4272,F2F460957C6AD13AFD13023B2305E20DDD7FA41780557AFE9CF875329C3921FC,graphics/source/sprites/WPSH3CAE.bam
supplemental:sprites:object-animation-bam:WPSH3G1,sprites,object-animation-bam,WPSH3G1,BAMC,V1,180,72,data/OBJAnim.bif,0x00200373,17136,166BA8C7A511B69224CA938BDC0DA932F957E3FF7F74148F916C853D9CF6B58D,graphics/source/sprites/WPSH3G1.bam
supplemental:sprites:object-animation-bam:WPSH3G1E,sprites,object-animation-bam,WPSH3G1E,BAMC,V1,108,72,data/OBJAnim.bif,0x00200374,10934,F9292AF2A49B6AE90D0443DA6D513028C5B7685A534326EE15B434F8C50A17AD,graphics/source/sprites/WPSH3G1E.bam
supplemental:sprites:paperdoll-animation-bam:WPSH3INV,sprites,paperdoll-animation-bam,WPSH3INV,BAM,V1,2,1,data/PaperDol.bif,0x06200663,1974,0150BB83197AF847F6F7B5AE76CA92941F011B4654E86EECBE017CB42ED0072F,graphics/source/sprites/WPSH3INV.bam
supplemental:sprites:object-animation-bam:WPSH3SA,sprites,object-animation-bam,WPSH3SA,BAMC,V1,20,8,data/OBJAnim.bif,0x00200375,2941,A40CEEE303EB0F2BF1E72434D8796A1A5B2B2F36C5BF3A3C66F5BD0BC27D970F,graphics/source/sprites/WPSH3SA.bam
supplemental:sprites:object-animation-bam:WPSH3SAE,sprites,object-animation-bam,WPSH3SAE,BAMC,V1,12,8,data/OBJAnim.bif,0x00200376,2216,D8338F3E274FEBA18BC4C3566B2E8206C1D860B4896C834B60DB59C75B5D4250,graphics/source/sprites/WPSH3SAE.bam
supplemental:sprites:object-animation-bam:WPSH3SX,sprites,object-animation-bam,WPSH3SX,BAMC,V1,15,8,data/OBJAnim.bif,0x00200377,2394,638C2693F9CA70B6681CCC5708B358DEC500016BBDE41D73B4F7F10A60DDC8B0,graphics/source/sprites/WPSH3SX.bam
supplemental:sprites:object-animation-bam:WPSH3SXE,sprites,object-animation-bam,WPSH3SXE,BAMC,V1,9,8,data/OBJAnim.bif,0x00200378,1800,0563AFA1253FA84A4A2F0A51E8A01E593FB1AD737941668C5D5173931ECC4439,graphics/source/sprites/WPSH3SXE.bam
supplemental:sprites:object-animation-bam:WPSH3W2,sprites,object-animation-bam,WPSH3W2,BAMC,V1,50,8,data/OBJAnim.bif,0x00200379,4784,2C74031A8D44F1BA677EBB1EA7049298612F22E199041A6188D0205BAE7CD634,graphics/source/sprites/WPSH3W2.bam
supplemental:sprites:object-animation-bam:WPSH3W2E,sprites,object-animation-bam,WPSH3W2E,BAMC,V1,30,8,data/OBJAnim.bif,0x0020037A,3399,B0D1EEAC35F1B942AAC82F8B5B7D2084428F8DCEDFAD80E47416F5D5FB45E6A8,graphics/source/sprites/WPSH3W2E.bam
supplemental:sprites:object-animation-bam:WPSH4A1,sprites,object-animation-bam,WPSH4A1,BAMC,V1,50,16,data/OBJAnim.bif,0x0020037B,10378,67081AD11CBA9BBCC332B8B0AAADD557073633F45612BF1EA7D497E80CD971B9,graphics/source/sprites/WPSH4A1.bam
supplemental:sprites:object-animation-bam:WPSH4A1E,sprites,object-animation-bam,WPSH4A1E,BAMC,V1,30,16,data/OBJAnim.bif,0x0020037C,6493,BDF1E1D73D239D493269E9A2CF688AB633F050B448F69CE5BE2C06F4044C4D50,graphics/source/sprites/WPSH4A1E.bam
supplemental:sprites:object-animation-bam:WPSH4A2,sprites,object-animation-bam,WPSH4A2,BAMC,V1,50,8,data/OBJAnim.bif,0x0020037D,10295,E230B465F55F09AD906F13B4972B0C469473DCF93FAF8C328233A1E3EE1A1E2F,graphics/source/sprites/WPSH4A2.bam
supplemental:sprites:object-animation-bam:WPSH4A2E,sprites,object-animation-bam,WPSH4A2E,BAMC,V1,30,8,data/OBJAnim.bif,0x0020037E,6589,1DC68182B654F20AC96B3D79777BA21045B1ACB5FC857BBA5AAB20EE1112851F,graphics/source/sprites/WPSH4A2E.bam
supplemental:sprites:object-animation-bam:WPSH4A3,sprites,object-animation-bam,WPSH4A3,BAMC,V1,50,8,data/OBJAnim.bif,0x0020037F,10614,A19BA8C016F6E6B9CDB9471DE7D20E1D22CD36B09F57C7B7E379B2559EA078A9,graphics/source/sprites/WPSH4A3.bam
supplemental:sprites:object-animation-bam:WPSH4A3E,sprites,object-animation-bam,WPSH4A3E,BAMC,V1,30,8,data/OBJAnim.bif,0x00200380,6201,99146E9159A26A464388B489D7927F6F7B59B85EBB3DE5AA4849C18AC11DD69C,graphics/source/sprites/WPSH4A3E.bam
supplemental:sprites:object-animation-bam:WPSH4A4,sprites,object-animation-bam,WPSH4A4,BAMC,V1,50,8,data/OBJAnim.bif,0x00200381,10285,800A48A77965742A91488FBEE1E28BE787AFA940ADC7FDC56D7A0A6821A898B4,graphics/source/sprites/WPSH4A4.bam
supplemental:sprites:object-animation-bam:WPSH4A4E,sprites,object-animation-bam,WPSH4A4E,BAMC,V1,30,8,data/OBJAnim.bif,0x00200382,6197,2AC95F0F0237EE3FF240A426083C716345364FB4FE029E2228292AC80537D7E0,graphics/source/sprites/WPSH4A4E.bam
supplemental:sprites:object-animation-bam:WPSH4A5,sprites,object-animation-bam,WPSH4A5,BAMC,V1,30,8,data/OBJAnim.bif,0x00200383,6420,A38434E4AA1C0D5D08B009BAA9D2C55B63987F9AD7CBEF650BFE4D1658A89942,graphics/source/sprites/WPSH4A5.bam
supplemental:sprites:object-animation-bam:WPSH4A5E,sprites,object-animation-bam,WPSH4A5E,BAMC,V1,18,8,data/OBJAnim.bif,0x00200384,4104,6A646A81958F43296523AE20F8D92586CFBA53E510CA96C433A504E7E37D0E06,graphics/source/sprites/WPSH4A5E.bam
supplemental:sprites:object-animation-bam:WPSH4A6,sprites,object-animation-bam,WPSH4A6,BAMC,V1,40,8,data/OBJAnim.bif,0x00200385,8478,9AC1C3FBB223C8026227B6588A8C431D769CC5D20CDB274783E677AB3AFE1CDE,graphics/source/sprites/WPSH4A6.bam
supplemental:sprites:object-animation-bam:WPSH4A6E,sprites,object-animation-bam,WPSH4A6E,BAMC,V1,24,8,data/OBJAnim.bif,0x00200386,5207,6A97F0B561EE497A984D4818BBAEF8DD622ED30CBEFA307CBB9244A105E43CD4,graphics/source/sprites/WPSH4A6E.bam
supplemental:sprites:object-animation-bam:WPSH4CA,sprites,object-animation-bam,WPSH4CA,BAMC,V1,50,62,data/OBJAnim.bif,0x00200387,10899,9719765552920B25879862D0D0E2C91BEC2B8267988EFA8B37D5CED808340876,graphics/source/sprites/WPSH4CA.bam
supplemental:sprites:object-animation-bam:WPSH4CAE,sprites,object-animation-bam,WPSH4CAE,BAMC,V1,30,64,data/OBJAnim.bif,0x00200388,6705,C119C1BD802AC05A5840F505DC54FCEDBD274997411B35E1B753E4B3AC6A774A,graphics/source/sprites/WPSH4CAE.bam
supplemental:sprites:object-animation-bam:WPSH4G1,sprites,object-animation-bam,WPSH4G1,BAMC,V1,180,72,data/OBJAnim.bif,0x00200389,31422,32A91C63A6348004DF5C46254560446ED70A5B8AC6865CA9A8C1D8C7E001E358,graphics/source/sprites/WPSH4G1.bam
supplemental:sprites:object-animation-bam:WPSH4G1E,sprites,object-animation-bam,WPSH4G1E,BAMC,V1,108,72,data/OBJAnim.bif,0x0020038A,18388,6FA359476E4F8CC4A07C9E6CC0166C3E5A9B69846CAD86B78B59BA9EE97B2E32,graphics/source/sprites/WPSH4G1E.bam
supplemental:sprites:paperdoll-animation-bam:WPSH4INV,sprites,paperdoll-animation-bam,WPSH4INV,BAM,V1,2,1,data/PaperDol.bif,0x06200665,1828,9D09364C733AAB11AC555AA70540EA809D3624BFA2EE6A5936C64912D21CC536,graphics/source/sprites/WPSH4INV.bam
supplemental:sprites:object-animation-bam:WPSH4SA,sprites,object-animation-bam,WPSH4SA,BAMC,V1,20,8,data/OBJAnim.bif,0x0020038B,4726,5D4ADDB5B8A1ACCA736340EA1711901D0F6D572E154A8B6D82D74A4C20B6E1E5,graphics/source/sprites/WPSH4SA.bam
supplemental:sprites:object-animation-bam:WPSH4SAE,sprites,object-animation-bam,WPSH4SAE,BAMC,V1,12,8,data/OBJAnim.bif,0x0020038C,3141,7665E5E92F544B51EB0CF1FFD1F76B2304AEEE4933454FBB55AD253ABF5738AC,graphics/source/sprites/WPSH4SAE.bam
supplemental:sprites:object-animation-bam:WPSH4SX,sprites,object-animation-bam,WPSH4SX,BAMC,V1,15,8,data/OBJAnim.bif,0x0020038D,3760,406D26BBED1EA5DD1043EB93BB75FAA833A8EB6ACF33B7939ADE196E59F81DD7,graphics/source/sprites/WPSH4SX.bam
supplemental:sprites:object-animation-bam:WPSH4SXE,sprites,object-animation-bam,WPSH4SXE,BAMC,V1,9,8,data/OBJAnim.bif,0x0020038E,2523,A26C809D43126BBC2A4B429CD846BBA31C90CD20CB4E171EAD1718F7D28FF7E3,graphics/source/sprites/WPSH4SXE.bam
supplemental:sprites:object-animation-bam:WPSH4W2,sprites,object-animation-bam,WPSH4W2,BAMC,V1,50,8,data/OBJAnim.bif,0x0020038F,8388,EC989D7947504FD5BF9A7C84C51265697B07B3EE902E964D23D7ED72716841BB,graphics/source/sprites/WPSH4W2.bam
supplemental:sprites:object-animation-bam:WPSH4W2E,sprites,object-animation-bam,WPSH4W2E,BAMC,V1,30,8,data/OBJAnim.bif,0x00200390,5162,6BBEB3B902CEF8C15E82CF6E3E534021352CA9A32AAABF7C982A12DAA2AEFBC6,graphics/source/sprites/WPSH4W2E.bam
supplemental:sprites:object-animation-bam:WPSH5A1,sprites,object-animation-bam,WPSH5A1,BAMC,V1,50,16,data/OBJAnim.bif,0x00200391,5333,04B23B77B76BF9323DE55C6975710FB7B72159245E78BB12B060CDC72968B855,graphics/source/sprites/WPSH5A1.bam
supplemental:sprites:object-animation-bam:WPSH5A1E,sprites,object-animation-bam,WPSH5A1E,BAMC,V1,30,16,data/OBJAnim.bif,0x00200392,3561,B7A7CD679FD1565971D9F21408DD9420D8C68477DE33CEDC0E8BD344C8B34082,graphics/source/sprites/WPSH5A1E.bam
supplemental:sprites:object-animation-bam:WPSH5A2,sprites,object-animation-bam,WPSH5A2,BAMC,V1,50,8,data/OBJAnim.bif,0x00200393,5324,CD31D7A1645193F606B4AB2F80F44D0EA0A2A05387E061FCC32D595F585AEFA5,graphics/source/sprites/WPSH5A2.bam
supplemental:sprites:object-animation-bam:WPSH5A2E,sprites,object-animation-bam,WPSH5A2E,BAMC,V1,30,8,data/OBJAnim.bif,0x00200394,3599,ABD0BBEE0D94EB949410CFF5CD8666759CC5AB50AA5DE7FBE6BA92FE48689DA7,graphics/source/sprites/WPSH5A2E.bam
supplemental:sprites:object-animation-bam:WPSH5A3,sprites,object-animation-bam,WPSH5A3,BAMC,V1,50,8,data/OBJAnim.bif,0x00200395,5332,2ED8AE7295401843D9B57353D2BA0A3C8222647ED4480F08DFB09D74E4DA8D76,graphics/source/sprites/WPSH5A3.bam
supplemental:sprites:object-animation-bam:WPSH5A3E,sprites,object-animation-bam,WPSH5A3E,BAMC,V1,30,8,data/OBJAnim.bif,0x00200396,3317,BCBAFDDEA2FFB753CA951B87C84B78C7084DD9FFD611014BD8799D99E220F7DC,graphics/source/sprites/WPSH5A3E.bam
supplemental:sprites:object-animation-bam:WPSH5A4,sprites,object-animation-bam,WPSH5A4,BAMC,V1,50,8,data/OBJAnim.bif,0x00200397,5190,3F650711C9561954966B132626EF59BD995BB21D515347ACF10D7BBF9F3CBD67,graphics/source/sprites/WPSH5A4.bam
supplemental:sprites:object-animation-bam:WPSH5A4E,sprites,object-animation-bam,WPSH5A4E,BAMC,V1,30,8,data/OBJAnim.bif,0x00200398,3315,CA5B4CF1FA6F53426EC760B3696A7D3FA4F4679E91EC52524FB413A39FFEF30F,graphics/source/sprites/WPSH5A4E.bam
supplemental:sprites:object-animation-bam:WPSH5A5,sprites,object-animation-bam,WPSH5A5,BAMC,V1,30,8,data/OBJAnim.bif,0x00200399,3392,36D9784876AF09F86D044FCBA04AE673A66A056C2C3C5176839AF7178CA180DE,graphics/source/sprites/WPSH5A5.bam
supplemental:sprites:object-animation-bam:WPSH5A5E,sprites,object-animation-bam,WPSH5A5E,BAMC,V1,18,8,data/OBJAnim.bif,0x0020039A,2313,FCFE5203652FBB64E31D42B8407D02D6C01AF7D07716FC3AAD2BEBC83997DD72,graphics/source/sprites/WPSH5A5E.bam
supplemental:sprites:object-animation-bam:WPSH5A6,sprites,object-animation-bam,WPSH5A6,BAMC,V1,40,8,data/OBJAnim.bif,0x0020039B,4289,42E5F6CB830CD85E5B408ECCF4E6CA11C035690FB4F083902447D4BB32AAF6BE,graphics/source/sprites/WPSH5A6.bam
supplemental:sprites:object-animation-bam:WPSH5A6E,sprites,object-animation-bam,WPSH5A6E,BAMC,V1,24,8,data/OBJAnim.bif,0x0020039C,2856,5BDC6062D1EE5B3CB7A2E8FC5CA64DA16BA8EC81F351686167617518506FA35C,graphics/source/sprites/WPSH5A6E.bam
supplemental:sprites:object-animation-bam:WPSH5CA,sprites,object-animation-bam,WPSH5CA,BAMC,V1,50,64,data/OBJAnim.bif,0x0020039D,5486,3E8260E99E2B7FB5F6799923530963098287879AF87CD02FDC2211CD4D219092,graphics/source/sprites/WPSH5CA.bam
supplemental:sprites:object-animation-bam:WPSH5CAE,sprites,object-animation-bam,WPSH5CAE,BAMC,V1,30,64,data/OBJAnim.bif,0x0020039E,3689,AF42C612459D3F109442EFDFDC82420AB5721BE3ABEBD340134D8DD7D067840F,graphics/source/sprites/WPSH5CAE.bam
supplemental:sprites:object-animation-bam:WPSH5G1,sprites,object-animation-bam,WPSH5G1,BAMC,V1,180,72,data/OBJAnim.bif,0x0020039F,15361,9CDF39693C9142314CC12F76CF3CAAD5393AF854EF25D55D0DC95E3704F8F822,graphics/source/sprites/WPSH5G1.bam
supplemental:sprites:object-animation-bam:WPSH5G1E,sprites,object-animation-bam,WPSH5G1E,BAMC,V1,108,72,data/OBJAnim.bif,0x002003A0,9236,5DEFAA0403338E2F55CE091C27FCDAC9AF4746EC36C10D5D76DD1E5BB205261A,graphics/source/sprites/WPSH5G1E.bam
supplemental:sprites:paperdoll-animation-bam:WPSH5INV,sprites,paperdoll-animation-bam,WPSH5INV,BAM,V1,2,1,data/PaperDol.bif,0x06200667,1633,15F4C0E6322410FFD4A879AA77FA96D19B996409FF79876F9B2A70A8B9A6A7BC,graphics/source/sprites/WPSH5INV.bam
supplemental:sprites:object-animation-bam:WPSH5SA,sprites,object-animation-bam,WPSH5SA,BAMC,V1,20,8,data/OBJAnim.bif,0x002003A1,2648,A2A72F36DCA68DCA1116F51320B279B8550B3CC4B9854112A6D656569EC052E4,graphics/source/sprites/WPSH5SA.bam
supplemental:sprites:object-animation-bam:WPSH5SAE,sprites,object-animation-bam,WPSH5SAE,BAMC,V1,12,8,data/OBJAnim.bif,0x002003A2,1867,9B3260F0CA2C92D10482199509288790DF04458383730CEE8A2227885A437745,graphics/source/sprites/WPSH5SAE.bam
supplemental:sprites:object-animation-bam:WPSH5SX,sprites,object-animation-bam,WPSH5SX,BAMC,V1,15,8,data/OBJAnim.bif,0x002003A3,2193,586C8B1C9A0717C757188BA06B11FA5D994BDB564E1FAE7FB289F74046E1562C,graphics/source/sprites/WPSH5SX.bam
supplemental:sprites:object-animation-bam:WPSH5SXE,sprites,object-animation-bam,WPSH5SXE,BAMC,V1,9,8,data/OBJAnim.bif,0x002003A4,1592,2B89756ABCE2D0ED1961B1879641B2814B83304192D55D8AE245CFE7A73A2583,graphics/source/sprites/WPSH5SXE.bam
supplemental:sprites:object-animation-bam:WPSH5W2,sprites,object-animation-bam,WPSH5W2,BAMC,V1,50,8,data/OBJAnim.bif,0x002003A5,4275,5AD17FBD7BA90B46F72D2958FA48189EFBE0DB2085A72FB8B65998CC74D8C6F7,graphics/source/sprites/WPSH5W2.bam
supplemental:sprites:object-animation-bam:WPSH5W2E,sprites,object-animation-bam,WPSH5W2E,BAMC,V1,30,8,data/OBJAnim.bif,0x002003A6,2751,57B3CCB8B3CB47A1F01B97E35F1DEE988DDD951120C0F0A4A5B4152B4667AE1C,graphics/source/sprites/WPSH5W2E.bam
supplemental:sprites:object-animation-bam:WPSH6A1,sprites,object-animation-bam,WPSH6A1,BAMC,V1,50,16,data/OBJAnim.bif,0x002003A7,6922,566956BFCB8A11881C4F3EC76F980E93DDEF044AB49125D39C9806ADB98B72D0,graphics/source/sprites/WPSH6A1.bam
supplemental:sprites:object-animation-bam:WPSH6A1E,sprites,object-animation-bam,WPSH6A1E,BAMC,V1,30,16,data/OBJAnim.bif,0x002003A8,4333,4C37CF86FE34BEEC342FB9483898497F9D0D67DFBCF826D74675E25F41461187,graphics/source/sprites/WPSH6A1E.bam
supplemental:sprites:object-animation-bam:WPSH6A2,sprites,object-animation-bam,WPSH6A2,BAMC,V1,50,8,data/OBJAnim.bif,0x002003A9,6865,0DEBD46B9E607471E3D5BEAFCC8416F462F85D06C286C5FD92613F17B66DF823,graphics/source/sprites/WPSH6A2.bam
supplemental:sprites:object-animation-bam:WPSH6A2E,sprites,object-animation-bam,WPSH6A2E,BAMC,V1,30,8,data/OBJAnim.bif,0x002003AA,4302,FFE0F48256D7EC177F9CCAD863A91BA5E4C39EF2972DAEAFCE1C745901F06080,graphics/source/sprites/WPSH6A2E.bam
supplemental:sprites:object-animation-bam:WPSH6A3,sprites,object-animation-bam,WPSH6A3,BAMC,V1,50,8,data/OBJAnim.bif,0x002003AB,6789,249A560531C2B1F6CD64060D0B2AC0E9B98AB289A11BB46BB27382FC1C933B01,graphics/source/sprites/WPSH6A3.bam
supplemental:sprites:object-animation-bam:WPSH6A3E,sprites,object-animation-bam,WPSH6A3E,BAMC,V1,30,8,data/OBJAnim.bif,0x002003AC,4321,D652F19D8AC7AB03974C599D7C4F2248A09EF906328BBAA245FF9AC5500D81DD,graphics/source/sprites/WPSH6A3E.bam
supplemental:sprites:object-animation-bam:WPSH6A4,sprites,object-animation-bam,WPSH6A4,BAMC,V1,50,8,data/OBJAnim.bif,0x002003AD,6633,EDC60A06CC5FEB40FB798BAAB7E8644712E5A56F9009D9B73D9A304434EE5C7F,graphics/source/sprites/WPSH6A4.bam
supplemental:sprites:object-animation-bam:WPSH6A4E,sprites,object-animation-bam,WPSH6A4E,BAMC,V1,30,8,data/OBJAnim.bif,0x002003AE,4189,C22C19EDC06166A67185165526488A94984471B77D03E7C16C21E21F71971B12,graphics/source/sprites/WPSH6A4E.bam
supplemental:sprites:object-animation-bam:WPSH6A5,sprites,object-animation-bam,WPSH6A5,BAMC,V1,30,8,data/OBJAnim.bif,0x002003AF,4318,AC1B30366FC55581C0E3BBF37CD8B9BA90862155E5D277F9EDDF9ED103E74F06,graphics/source/sprites/WPSH6A5.bam
supplemental:sprites:object-animation-bam:WPSH6A5E,sprites,object-animation-bam,WPSH6A5E,BAMC,V1,18,8,data/OBJAnim.bif,0x002003B0,2936,44A957593CBA5EEA51662501F6A3F691237BF44090ECBDBEC95B2A48D0ECB3C1,graphics/source/sprites/WPSH6A5E.bam
supplemental:sprites:object-animation-bam:WPSH6A6,sprites,object-animation-bam,WPSH6A6,BAMC,V1,40,8,data/OBJAnim.bif,0x002003B1,5435,442FF86B9EC25FC6BAF79061C60FEEAECE53F1067906ABEAB2DACEAB6690C5F0,graphics/source/sprites/WPSH6A6.bam
supplemental:sprites:object-animation-bam:WPSH6A6E,sprites,object-animation-bam,WPSH6A6E,BAMC,V1,24,8,data/OBJAnim.bif,0x002003B2,3572,6E613365F1AA8A642A0BD40816D1F5F5A02807E5BE3C6CB46B422591A2699EC4,graphics/source/sprites/WPSH6A6E.bam
supplemental:sprites:object-animation-bam:WPSH6CA,sprites,object-animation-bam,WPSH6CA,BAMC,V1,50,62,data/OBJAnim.bif,0x002003B3,6930,3DA0D0678284750E7848B46CB26364BCBA547F86D4FEAD9431943811878993D2,graphics/source/sprites/WPSH6CA.bam
supplemental:sprites:object-animation-bam:WPSH6CAE,sprites,object-animation-bam,WPSH6CAE,BAMC,V1,30,64,data/OBJAnim.bif,0x002003B4,4597,2176D3F14B6EF80CBDB9BEA8FCDEA8CF45817CD51901C603DEE64DACFE278298,graphics/source/sprites/WPSH6CAE.bam
supplemental:sprites:object-animation-bam:WPSH6G1,sprites,object-animation-bam,WPSH6G1,BAMC,V1,180,72,data/OBJAnim.bif,0x002003B5,19954,F57E75A3564CB8340A0941CCA808E357912783545CEF8F8FB5AA129931B0DDC4,graphics/source/sprites/WPSH6G1.bam
supplemental:sprites:object-animation-bam:WPSH6G1E,sprites,object-animation-bam,WPSH6G1E,BAMC,V1,108,72,data/OBJAnim.bif,0x002003B6,12086,72F20FFD052DA740E1A2D3F967F605B331019B6814FF16FDC91DF21B49E7AB20,graphics/source/sprites/WPSH6G1E.bam
supplemental:sprites:paperdoll-animation-bam:WPSH6INV,sprites,paperdoll-animation-bam,WPSH6INV,BAM,V1,2,1,data/PaperDol.bif,0x06200669,1644,B90846214C5ED6DEE44E6645C738596670F14F0FD47FCC358A6A7DF7B820F71E,graphics/source/sprites/WPSH6INV.bam
supplemental:sprites:object-animation-bam:WPSH6SA,sprites,object-animation-bam,WPSH6SA,BAMC,V1,20,8,data/OBJAnim.bif,0x002003B7,3288,73D373E8B59DF782A4CA8135DE8CB0EA480B1885509EEA2575159A93C352CA19,graphics/source/sprites/WPSH6SA.bam
supplemental:sprites:object-animation-bam:WPSH6SAE,sprites,object-animation-bam,WPSH6SAE,BAMC,V1,12,8,data/OBJAnim.bif,0x002003B8,2177,3740C088A12E6D4F7A396BF0141CD8B3B690A96272F500F97A0A587722907B72,graphics/source/sprites/WPSH6SAE.bam
supplemental:sprites:object-animation-bam:WPSH6SX,sprites,object-animation-bam,WPSH6SX,BAMC,V1,15,8,data/OBJAnim.bif,0x002003B9,2549,3CB20042E2AF7951E94BF7A27DCDC852F3B16C037FF40C55DBC341BC75A23E63,graphics/source/sprites/WPSH6SX.bam
supplemental:sprites:object-animation-bam:WPSH6SXE,sprites,object-animation-bam,WPSH6SXE,BAMC,V1,9,8,data/OBJAnim.bif,0x002003BA,1864,B8C86E4DF332B05312534BFAA0B1DC3FE4649A7B5E211E953049BB80B706C2B2,graphics/source/sprites/WPSH6SXE.bam
supplemental:sprites:object-animation-bam:WPSH6W2,sprites,object-animation-bam,WPSH6W2,BAMC,V1,50,8,data/OBJAnim.bif,0x002003BB,5672,4DECBD533AD3BE6872110F729FC5735C72855FAC4C4AE36CE97B0D5D15DB45EE,graphics/source/sprites/WPSH6W2.bam
supplemental:sprites:object-animation-bam:WPSH6W2E,sprites,object-animation-bam,WPSH6W2E,BAMC,V1,30,8,data/OBJAnim.bif,0x002003BC,3479,BA6F23E12E3B708CE21A750F6F6182FAD92A67AAF994AF9036C33C37FFC4D0C1,graphics/source/sprites/WPSH6W2E.bam
supplemental:sprites:paperdoll-animation-bam:WPSH7INV,sprites,paperdoll-animation-bam,WPSH7INV,BAMC,V1,2,3,data/PaperDol.bif,0x0620066A,1061,1A3EAA147B09303B11FAA945B9F4B87881BF3B4991D1443641794F4B2F908075,graphics/source/sprites/WPSH7INV.bam
supplemental:sprites:object-animation-bam:WPSHBA2,sprites,object-animation-bam,WPSHBA2,BAMC,V1,50,8,data/OBJAnim.bif,0x002003BD,8170,946B940029F19E6C59B948D4991A10814D411DB51F303D4F5C5BE66EA6BF813B,graphics/source/sprites/WPSHBA2.bam
supplemental:sprites:object-animation-bam:WPSHBA2E,sprites,object-animation-bam,WPSHBA2E,BAMC,V1,30,8,data/OBJAnim.bif,0x002003BE,4959,DD9EB60D7D89104DF0C9ECAC2F635556DAE5A883ED0364C8E18C1F227A428C46,graphics/source/sprites/WPSHBA2E.bam
supplemental:sprites:object-animation-bam:WPSHBA4,sprites,object-animation-bam,WPSHBA4,BAMC,V1,50,8,data/OBJAnim.bif,0x002003BF,7820,5D218E6C029D9B15D09E384965C684610EF0D38D8F6BA185E704659A69071D9B,graphics/source/sprites/WPSHBA4.bam
supplemental:sprites:object-animation-bam:WPSHBA4E,sprites,object-animation-bam,WPSHBA4E,BAMC,V1,30,8,data/OBJAnim.bif,0x002003C0,5371,21647524AC5FA842787A2EA36214EA80834588E42FFC88CBDE6686D9CCE27FB6,graphics/source/sprites/WPSHBA4E.bam
supplemental:sprites:object-animation-bam:WPSHBA6,sprites,object-animation-bam,WPSHBA6,BAMC,V1,40,8,data/OBJAnim.bif,0x002003C1,6514,146083B84E12DB1AC81A3BE8A7A3103BBB4E618416B8BD948DA04F095D77CF00,graphics/source/sprites/WPSHBA6.bam
supplemental:sprites:object-animation-bam:WPSHBA6E,sprites,object-animation-bam,WPSHBA6E,BAMC,V1,24,8,data/OBJAnim.bif,0x002003C2,3727,74C9E2B007E44FA0F49A2A5313E91B1AC43F1BA1C83A3FA03497259A7BAB7255,graphics/source/sprites/WPSHBA6E.bam
supplemental:sprites:object-animation-bam:WPSHBG1,sprites,object-animation-bam,WPSHBG1,BAMC,V1,180,72,data/OBJAnim.bif,0x002003C3,21696,F08862498600F9332B3521CE8377385AA961C9ACA6B2CE0977EC760D2451C73E,graphics/source/sprites/WPSHBG1.bam
supplemental:sprites:object-animation-bam:WPSHBG1E,sprites,object-animation-bam,WPSHBG1E,BAMC,V1,108,72,data/OBJAnim.bif,0x002003C4,15761,FF2E5E1B7DEFE660D81E4E1E9FDA562B782435532BD533737256FFBE54D848CC,graphics/source/sprites/WPSHBG1E.bam
supplemental:sprites:paperdoll-animation-bam:WPSHBINV,sprites,paperdoll-animation-bam,WPSHBINV,BAM,V1,2,1,data/PaperDol.bif,0x0620066B,2309,0E9628BF781473D3FD0571D2777F4FA855751CC29ECC14F22A43BA568BDFCDB8,graphics/source/sprites/WPSHBINV.bam
supplemental:sprites:object-animation-bam:WPSHBW2,sprites,object-animation-bam,WPSHBW2,BAMC,V1,50,8,data/OBJAnim.bif,0x002003C5,5652,7449BE16A6354002DD34756285D3894EF0EA59D67B753C1207CF732229B785D7,graphics/source/sprites/WPSHBW2.bam
supplemental:sprites:object-animation-bam:WPSHBW2E,sprites,object-animation-bam,WPSHBW2E,BAMC,V1,30,8,data/OBJAnim.bif,0x002003C6,4678,28314FE5F956EB9E674F4BE3FD040D485FDEE022932A6A50D1A0A4C403E2800E,graphics/source/sprites/WPSHBW2E.bam
supplemental:sprites:paperdoll-animation-bam:WPSJ0A1,sprites,paperdoll-animation-bam,WPSJ0A1,BAMC,V1,50,16,data/PaperDol.bif,0x0620066C,5361,443D755F8B178D2EBB7CAF208F5788B40A2C8942EBE21F60B81329B9E7797031,graphics/source/sprites/WPSJ0A1.bam
supplemental:sprites:paperdoll-animation-bam:WPSJ0A1E,sprites,paperdoll-animation-bam,WPSJ0A1E,BAMC,V1,30,16,data/PaperDol.bif,0x0620066D,3595,90B98BEDC05AED252062AE88D4DC6357FD866D85C499B360479CFD77B18669A0,graphics/source/sprites/WPSJ0A1E.bam
supplemental:sprites:paperdoll-animation-bam:WPSJ0A2,sprites,paperdoll-animation-bam,WPSJ0A2,BAMC,V1,50,8,data/PaperDol.bif,0x0620066E,5223,F2830E77465BB014273B24A3ABBADD84CB8759A64D5956AE65B4E6433DC2D665,graphics/source/sprites/WPSJ0A2.bam
supplemental:sprites:paperdoll-animation-bam:WPSJ0A2E,sprites,paperdoll-animation-bam,WPSJ0A2E,BAMC,V1,30,8,data/PaperDol.bif,0x0620066F,3596,A44F124853FDC7B5234DE122F5A2904DAA9FFD28140D3027117FA8E9F3BE534D,graphics/source/sprites/WPSJ0A2E.bam
supplemental:sprites:paperdoll-animation-bam:WPSJ0A3,sprites,paperdoll-animation-bam,WPSJ0A3,BAMC,V1,50,8,data/PaperDol.bif,0x06200670,5330,7AB555460210B980442D16A726659A7E6C1928E1C009FC84E49A2996A8D2D002,graphics/source/sprites/WPSJ0A3.bam
supplemental:sprites:paperdoll-animation-bam:WPSJ0A3E,sprites,paperdoll-animation-bam,WPSJ0A3E,BAMC,V1,30,8,data/PaperDol.bif,0x06200671,3409,4F67EDAC4B77C70E7F88F3EC888E3390B9A6539DF790FDD5312DD56C39215DEE,graphics/source/sprites/WPSJ0A3E.bam
supplemental:sprites:paperdoll-animation-bam:WPSJ0A4,sprites,paperdoll-animation-bam,WPSJ0A4,BAMC,V1,50,8,data/PaperDol.bif,0x06200672,5198,D2940C8903456924BF919FAE078B1898FA970994B6CDCF9B8BE8471339100DAE,graphics/source/sprites/WPSJ0A4.bam
supplemental:sprites:paperdoll-animation-bam:WPSJ0A4E,sprites,paperdoll-animation-bam,WPSJ0A4E,BAMC,V1,30,8,data/PaperDol.bif,0x06200673,3402,FE20A987478306E4D71825F16967A4C2A6E5E72BE348DEC8070ECC01066D3965,graphics/source/sprites/WPSJ0A4E.bam
supplemental:sprites:paperdoll-animation-bam:WPSJ0A5,sprites,paperdoll-animation-bam,WPSJ0A5,BAMC,V1,30,8,data/PaperDol.bif,0x06200674,3455,61F2DDB9B1A55F93F87D019A65109FE45F26A5100897C70E1C6A88C29D5B1720,graphics/source/sprites/WPSJ0A5.bam
supplemental:sprites:paperdoll-animation-bam:WPSJ0A5E,sprites,paperdoll-animation-bam,WPSJ0A5E,BAMC,V1,18,8,data/PaperDol.bif,0x06200675,2393,09A642D018FE2811C087C1256724454DEF4DF0BF1BCEA563D615E2970CFE0E3D,graphics/source/sprites/WPSJ0A5E.bam
supplemental:sprites:paperdoll-animation-bam:WPSJ0A6,sprites,paperdoll-animation-bam,WPSJ0A6,BAMC,V1,40,8,data/PaperDol.bif,0x06200676,4341,49FEBA7BA745D0AA3CFA9A516C160476C202B422E81DAE523C803AFBF9160942,graphics/source/sprites/WPSJ0A6.bam
supplemental:sprites:paperdoll-animation-bam:WPSJ0A6E,sprites,paperdoll-animation-bam,WPSJ0A6E,BAMC,V1,24,8,data/PaperDol.bif,0x06200677,2950,2F9140E89671F1FFB669DAC02DEE3D6F627512B3BDDA30E8CAD4AC6CF668EFFB,graphics/source/sprites/WPSJ0A6E.bam
supplemental:sprites:paperdoll-animation-bam:WPSJ0CA,sprites,paperdoll-animation-bam,WPSJ0CA,BAMC,V1,50,64,data/PaperDol.bif,0x06200678,5585,03A9FBE62B3D99FBDA6B60BE4B9367B5065CF078D3C32F489B5C5FAE12DECF98,graphics/source/sprites/WPSJ0CA.bam
supplemental:sprites:paperdoll-animation-bam:WPSJ0CAE,sprites,paperdoll-animation-bam,WPSJ0CAE,BAMC,V1,30,64,data/PaperDol.bif,0x06200679,3766,ADE6EC1A0F8C9B23CF439A23F5C4EDE71452018BCF8D99683B41AB89BAEE0C7C,graphics/source/sprites/WPSJ0CAE.bam
supplemental:sprites:paperdoll-animation-bam:WPSJ0G1,sprites,paperdoll-animation-bam,WPSJ0G1,BAMC,V1,180,72,data/PaperDol.bif,0x0620067A,15392,909FD934699C9D3EA656E5CB0BF12C207EE44E237C7559AE156C27DB7E386E9A,graphics/source/sprites/WPSJ0G1.bam
supplemental:sprites:paperdoll-animation-bam:WPSJ0G1E,sprites,paperdoll-animation-bam,WPSJ0G1E,BAMC,V1,108,72,data/PaperDol.bif,0x0620067B,9540,2D6A8C6F973BE443AC5684B7EB79774007E708DFFAC18A2D9DF62C7D69EC8BA2,graphics/source/sprites/WPSJ0G1E.bam
supplemental:sprites:paperdoll-animation-bam:WPSJ0INV,sprites,paperdoll-animation-bam,WPSJ0INV,BAM,V1,2,1,data/PaperDol.bif,0x0620067C,1554,2F117CB432D1A4B14AE13F082F042F8ED3848573E91C390B23022BEAB083FC7A,graphics/source/sprites/WPSJ0INV.bam
supplemental:sprites:paperdoll-animation-bam:WPSJ0SA,sprites,paperdoll-animation-bam,WPSJ0SA,BAMC,V1,20,8,data/PaperDol.bif,0x0620067D,2601,E4917DFFC4820A874B5677194B958D9D9FEBB9B400C04B743E22FB7D0AEF4500,graphics/source/sprites/WPSJ0SA.bam
supplemental:sprites:paperdoll-animation-bam:WPSJ0SAE,sprites,paperdoll-animation-bam,WPSJ0SAE,BAMC,V1,12,8,data/PaperDol.bif,0x0620067E,1926,200A09B6A7BCFAE4E9D0C4E9562FD41A897A75B9F1E563BE873C47E319685CE5,graphics/source/sprites/WPSJ0SAE.bam
supplemental:sprites:paperdoll-animation-bam:WPSJ0SX,sprites,paperdoll-animation-bam,WPSJ0SX,BAMC,V1,15,8,data/PaperDol.bif,0x0620067F,2180,CB25BCD84C96019F1A8A8368A663984E66FD212066A204B9F30DFA41038E9F27,graphics/source/sprites/WPSJ0SX.bam
supplemental:sprites:paperdoll-animation-bam:WPSJ0SXE,sprites,paperdoll-animation-bam,WPSJ0SXE,BAMC,V1,9,8,data/PaperDol.bif,0x06200680,1617,7DE71352E18AA269ECBC129B0B01F21A94CC774168F6A3C3BB11126A4B93C086,graphics/source/sprites/WPSJ0SXE.bam
supplemental:sprites:paperdoll-animation-bam:WPSJ0W2,sprites,paperdoll-animation-bam,WPSJ0W2,BAMC,V1,50,8,data/PaperDol.bif,0x06200681,4307,ACF4373E5AC8B770233BFE19F6F27478F4797189AA040BCC5A6901007BAC45A8,graphics/source/sprites/WPSJ0W2.bam
supplemental:sprites:paperdoll-animation-bam:WPSJ0W2E,sprites,paperdoll-animation-bam,WPSJ0W2E,BAMC,V1,30,8,data/PaperDol.bif,0x06200682,2808,87FE62ED3A9EE163587A2F0C90F3EB063B2F14652114646F1624DC0690C9E647,graphics/source/sprites/WPSJ0W2E.bam
supplemental:sprites:paperdoll-animation-bam:WPSJ1A1,sprites,paperdoll-animation-bam,WPSJ1A1,BAMC,V1,50,16,data/PaperDol.bif,0x06200683,5871,8BCB92C1C8523B09530E6A73CBEF3F8700DC641675193D012DDFF67D0E3FD130,graphics/source/sprites/WPSJ1A1.bam
supplemental:sprites:paperdoll-animation-bam:WPSJ1A1E,sprites,paperdoll-animation-bam,WPSJ1A1E,BAMC,V1,30,16,data/PaperDol.bif,0x06200684,3707,4B94D1FBAAEEF97477EF42653A3007183BF986F704059355B7D0C4EE055224A9,graphics/source/sprites/WPSJ1A1E.bam
supplemental:sprites:paperdoll-animation-bam:WPSJ1A2,sprites,paperdoll-animation-bam,WPSJ1A2,BAMC,V1,50,8,data/PaperDol.bif,0x06200685,5886,A7499168369F0116A0E30C1E065FE55E39EAE82A3345039330B09AD8183D7DD9,graphics/source/sprites/WPSJ1A2.bam
supplemental:sprites:paperdoll-animation-bam:WPSJ1A2E,sprites,paperdoll-animation-bam,WPSJ1A2E,BAMC,V1,30,8,data/PaperDol.bif,0x06200686,3690,AF72FBE3CCA4F743EB003CC5A577AC242543E19456DB85B780805A19AB36E411,graphics/source/sprites/WPSJ1A2E.bam
supplemental:sprites:paperdoll-animation-bam:WPSJ1A3,sprites,paperdoll-animation-bam,WPSJ1A3,BAMC,V1,50,8,data/PaperDol.bif,0x06200687,5727,078957BC0478CC2297704A7EDB898F68E702D285CD86FC5AC92508FDD8F2E224,graphics/source/sprites/WPSJ1A3.bam
supplemental:sprites:paperdoll-animation-bam:WPSJ1A3E,sprites,paperdoll-animation-bam,WPSJ1A3E,BAMC,V1,30,8,data/PaperDol.bif,0x06200688,3699,D523638DE11FAB83C91D65F6B7A2804A11267E6D6828433757EAE2D324B523AF,graphics/source/sprites/WPSJ1A3E.bam
supplemental:sprites:paperdoll-animation-bam:WPSJ1A4,sprites,paperdoll-animation-bam,WPSJ1A4,BAMC,V1,50,8,data/PaperDol.bif,0x06200689,5617,668A47D66260CE545D8E347E1D10696F8EBC2D3030FFD5BA99214497E0D57A23,graphics/source/sprites/WPSJ1A4.bam
supplemental:sprites:paperdoll-animation-bam:WPSJ1A4E,sprites,paperdoll-animation-bam,WPSJ1A4E,BAMC,V1,30,8,data/PaperDol.bif,0x0620068A,3623,603BB0BB670832DAF99B01FDDDC9842618CFD27423CD280B1CB02354D346D6B9,graphics/source/sprites/WPSJ1A4E.bam
supplemental:sprites:paperdoll-animation-bam:WPSJ1A5,sprites,paperdoll-animation-bam,WPSJ1A5,BAMC,V1,30,8,data/PaperDol.bif,0x0620068B,3747,5FE532A4573BE0D18EADA88020DA0E8D0F88B54BFA380B9165CC437E2AF81845,graphics/source/sprites/WPSJ1A5.bam
supplemental:sprites:paperdoll-animation-bam:WPSJ1A5E,sprites,paperdoll-animation-bam,WPSJ1A5E,BAMC,V1,18,8,data/PaperDol.bif,0x0620068C,2507,D465DCE1C90D9CF64E58EA5920291C33AA76F47CDC77267D34FC0C7F79BBCE5C,graphics/source/sprites/WPSJ1A5E.bam
supplemental:sprites:paperdoll-animation-bam:WPSJ1A6,sprites,paperdoll-animation-bam,WPSJ1A6,BAMC,V1,40,8,data/PaperDol.bif,0x0620068D,4588,1CDFEB8E6A41ACD610B8D92D35C225BFE38B53929413B1EC6EB3C3DDD6C4C4AA,graphics/source/sprites/WPSJ1A6.bam
supplemental:sprites:paperdoll-animation-bam:WPSJ1A6E,sprites,paperdoll-animation-bam,WPSJ1A6E,BAMC,V1,24,8,data/PaperDol.bif,0x0620068E,3026,E5D84306ADD68193311C46C17A39EAA58606A9258E186E9AF4A33FB9F61A8A78,graphics/source/sprites/WPSJ1A6E.bam
supplemental:sprites:paperdoll-animation-bam:WPSJ1CA,sprites,paperdoll-animation-bam,WPSJ1CA,BAMC,V1,50,62,data/PaperDol.bif,0x0620068F,5933,33ED7F03015FA7BFD90A46AD10911EC78A0EE1E7DAA1551AF308D05C0634AE03,graphics/source/sprites/WPSJ1CA.bam
supplemental:sprites:paperdoll-animation-bam:WPSJ1CAE,sprites,paperdoll-animation-bam,WPSJ1CAE,BAMC,V1,30,64,data/PaperDol.bif,0x06200690,3908,4288F134AF5712BD27A910F3A3726BB94D443B167BB41AD607DD4EA97ADAE0DC,graphics/source/sprites/WPSJ1CAE.bam
supplemental:sprites:paperdoll-animation-bam:WPSJ1G1,sprites,paperdoll-animation-bam,WPSJ1G1,BAMC,V1,180,72,data/PaperDol.bif,0x06200691,16922,9B41D101D24381A7D79021621F2E6D78F7664BBBB7B487E7B8C7CE86212D0C08,graphics/source/sprites/WPSJ1G1.bam
supplemental:sprites:paperdoll-animation-bam:WPSJ1G1E,sprites,paperdoll-animation-bam,WPSJ1G1E,BAMC,V1,108,72,data/PaperDol.bif,0x06200692,10348,821272C69BFBF79D959BD2E5C4BB669590A53A1D9B3E4F2BD2DED0B0CE763533,graphics/source/sprites/WPSJ1G1E.bam
supplemental:sprites:paperdoll-animation-bam:WPSJ1INV,sprites,paperdoll-animation-bam,WPSJ1INV,BAM,V1,2,1,data/PaperDol.bif,0x06200693,2004,FCC2D05DA027F7CA047F640218E9B7B1A8B51AD853D9D48B250C892F755B0749,graphics/source/sprites/WPSJ1INV.bam
supplemental:sprites:paperdoll-animation-bam:WPSJ1SA,sprites,paperdoll-animation-bam,WPSJ1SA,BAMC,V1,20,8,data/PaperDol.bif,0x06200694,2937,C4335CE1D590EE4F09F7F4F5A173EA40C8BCB4A33543FBD965BF3AB79E8411DA,graphics/source/sprites/WPSJ1SA.bam
supplemental:sprites:paperdoll-animation-bam:WPSJ1SAE,sprites,paperdoll-animation-bam,WPSJ1SAE,BAMC,V1,12,8,data/PaperDol.bif,0x06200695,1924,67C90209EDD7A41F3AEAF04FC327761C6AAD27DB5899DC5534050C3B6AF2E7F7,graphics/source/sprites/WPSJ1SAE.bam
supplemental:sprites:paperdoll-animation-bam:WPSJ1SX,sprites,paperdoll-animation-bam,WPSJ1SX,BAMC,V1,15,8,data/PaperDol.bif,0x06200696,2318,450F026C9B0A40EFF15B907192C8F9F47AC01B928FEFA47C87E5DA0CFE2A087D,graphics/source/sprites/WPSJ1SX.bam
supplemental:sprites:paperdoll-animation-bam:WPSJ1SXE,sprites,paperdoll-animation-bam,WPSJ1SXE,BAMC,V1,9,8,data/PaperDol.bif,0x06200697,1688,3BA75BB5544DBFFE463AD86AF58D0E09AD5EB4130685D4AC0660262ABCE46B44,graphics/source/sprites/WPSJ1SXE.bam
supplemental:sprites:paperdoll-animation-bam:WPSJ1W2,sprites,paperdoll-animation-bam,WPSJ1W2,BAMC,V1,50,8,data/PaperDol.bif,0x06200698,4680,AB4D1FC5FB3BD2B4AF5EB2940182769626D1BFC973CA90E86B453C196956F8F0,graphics/source/sprites/WPSJ1W2.bam
supplemental:sprites:paperdoll-animation-bam:WPSJ1W2E,sprites,paperdoll-animation-bam,WPSJ1W2E,BAMC,V1,30,8,data/PaperDol.bif,0x06200699,3011,BBDB0CE5BBEE7988C259B8B075903F7D1BBE64FCEFE585CACE8633882A2FB740,graphics/source/sprites/WPSJ1W2E.bam
supplemental:sprites:paperdoll-animation-bam:WPSJ2A1,sprites,paperdoll-animation-bam,WPSJ2A1,BAMC,V1,50,16,data/PaperDol.bif,0x0620069A,5466,C982F1F5F19C99A699C9812FC7163DEDF399F0CDEEEEF5EB1162D5995D9CCB8C,graphics/source/sprites/WPSJ2A1.bam
supplemental:sprites:paperdoll-animation-bam:WPSJ2A1E,sprites,paperdoll-animation-bam,WPSJ2A1E,BAMC,V1,30,16,data/PaperDol.bif,0x0620069B,3635,59A4DB9AA205A0F3A61C363956747257CCEF464B5FE811DA1E2E73D9A8FC8D22,graphics/source/sprites/WPSJ2A1E.bam
supplemental:sprites:paperdoll-animation-bam:WPSJ2A2,sprites,paperdoll-animation-bam,WPSJ2A2,BAMC,V1,50,8,data/PaperDol.bif,0x0620069C,5458,53FA5D81823371BBA1B94DA713832ABE9E6E704397C81E711E0EB91E4C1F6313,graphics/source/sprites/WPSJ2A2.bam
supplemental:sprites:paperdoll-animation-bam:WPSJ2A2E,sprites,paperdoll-animation-bam,WPSJ2A2E,BAMC,V1,30,8,data/PaperDol.bif,0x0620069D,3562,CC08698D5A25403905AAE7CA971E5A3ECDBE798BA29C3665F74E0C4F8C2219AD,graphics/source/sprites/WPSJ2A2E.bam
supplemental:sprites:paperdoll-animation-bam:WPSJ2A3,sprites,paperdoll-animation-bam,WPSJ2A3,BAMC,V1,50,8,data/PaperDol.bif,0x0620069E,5383,D3CEF36E5753BAE8A142369CAF41B17C0D1718EC938761199E2E30A574A767EE,graphics/source/sprites/WPSJ2A3.bam
supplemental:sprites:paperdoll-animation-bam:WPSJ2A3E,sprites,paperdoll-animation-bam,WPSJ2A3E,BAMC,V1,30,8,data/PaperDol.bif,0x0620069F,3625,615A80091932B30FEB273BD05901FC5DDD44E6EBA647A8570BB5F142A1EA5A96,graphics/source/sprites/WPSJ2A3E.bam
supplemental:sprites:paperdoll-animation-bam:WPSJ2A4,sprites,paperdoll-animation-bam,WPSJ2A4,BAMC,V1,50,8,data/PaperDol.bif,0x062006A0,5325,724AE357D0F947BAE72C1F237088143922784F3EDB8AA28588B8046EF3DA454D,graphics/source/sprites/WPSJ2A4.bam
supplemental:sprites:paperdoll-animation-bam:WPSJ2A4E,sprites,paperdoll-animation-bam,WPSJ2A4E,BAMC,V1,30,8,data/PaperDol.bif,0x062006A1,3577,64D524030ECEA2A988CD5C1E691AF11871ABC6D38B7F3CD0E1905A7D0FDC3454,graphics/source/sprites/WPSJ2A4E.bam
supplemental:sprites:paperdoll-animation-bam:WPSJ2A5,sprites,paperdoll-animation-bam,WPSJ2A5,BAMC,V1,30,8,data/PaperDol.bif,0x062006A2,3587,4BD9C9CA4003920878D34A7C864FF65A523CE9D100E54E6D8A415C8888606FDC,graphics/source/sprites/WPSJ2A5.bam
supplemental:sprites:paperdoll-animation-bam:WPSJ2A5E,sprites,paperdoll-animation-bam,WPSJ2A5E,BAMC,V1,18,8,data/PaperDol.bif,0x062006A3,2428,0B31EF40FED6E43C470CB405945B7066568A6EB14CEFD2D0D86D5904DA243BF9,graphics/source/sprites/WPSJ2A5E.bam
supplemental:sprites:paperdoll-animation-bam:WPSJ2A6,sprites,paperdoll-animation-bam,WPSJ2A6,BAMC,V1,40,8,data/PaperDol.bif,0x062006A4,4468,53194D855D486D1170A682AB996DFE1E9B498DFE7F7A06B2CC26EE5333816A9F,graphics/source/sprites/WPSJ2A6.bam
supplemental:sprites:paperdoll-animation-bam:WPSJ2A6E,sprites,paperdoll-animation-bam,WPSJ2A6E,BAMC,V1,24,8,data/PaperDol.bif,0x062006A5,3059,3B298C604695536955C7FBB15A3AB577B0B12EC402DB8D3B4EB5F033CF783E75,graphics/source/sprites/WPSJ2A6E.bam
supplemental:sprites:paperdoll-animation-bam:WPSJ2CA,sprites,paperdoll-animation-bam,WPSJ2CA,BAMC,V1,50,62,data/PaperDol.bif,0x062006A6,5847,170E0DC0B74C34E3037871798DE40DCC768F56DF2FF1EE1196C8A609DF0E0233,graphics/source/sprites/WPSJ2CA.bam
supplemental:sprites:paperdoll-animation-bam:WPSJ2CAE,sprites,paperdoll-animation-bam,WPSJ2CAE,BAMC,V1,30,64,data/PaperDol.bif,0x062006A7,3918,45E522F9A37216D39E321EB05F10ED45854542706BDEFE7C8C75BC5F09E6D086,graphics/source/sprites/WPSJ2CAE.bam
supplemental:sprites:paperdoll-animation-bam:WPSJ2G1,sprites,paperdoll-animation-bam,WPSJ2G1,BAMC,V1,180,72,data/PaperDol.bif,0x062006A8,16066,260DBD64D0AA27556E5924C0217B80B90719849BE8320226FF0B2A3373225153,graphics/source/sprites/WPSJ2G1.bam
supplemental:sprites:paperdoll-animation-bam:WPSJ2G1E,sprites,paperdoll-animation-bam,WPSJ2G1E,BAMC,V1,108,72,data/PaperDol.bif,0x062006A9,10166,0C5E5A7C6236ABF04E4E524F9454930D27F7F2A91ADC2E6389C26D2500B018C0,graphics/source/sprites/WPSJ2G1E.bam
supplemental:sprites:paperdoll-animation-bam:WPSJ2INV,sprites,paperdoll-animation-bam,WPSJ2INV,BAM,V1,2,1,data/PaperDol.bif,0x062006AA,2472,710A98EBB42A991BABE9D3D1DBEF326AA71719001DB472DEFD0C5C8F72512AA7,graphics/source/sprites/WPSJ2INV.bam
supplemental:sprites:paperdoll-animation-bam:WPSJ2SA,sprites,paperdoll-animation-bam,WPSJ2SA,BAMC,V1,20,8,data/PaperDol.bif,0x062006AB,2687,3B76D99466C2B4693514523DE54F931BF7CFE807254771F91AF80DCFCCCCE312,graphics/source/sprites/WPSJ2SA.bam
supplemental:sprites:paperdoll-animation-bam:WPSJ2SAE,sprites,paperdoll-animation-bam,WPSJ2SAE,BAMC,V1,12,8,data/PaperDol.bif,0x062006AC,1960,EE717050635546EEC07EB7E82BDFB80AC25FABE30A5EF97CCE96AB7A202082DE,graphics/source/sprites/WPSJ2SAE.bam
supplemental:sprites:paperdoll-animation-bam:WPSJ2SX,sprites,paperdoll-animation-bam,WPSJ2SX,BAMC,V1,15,8,data/PaperDol.bif,0x062006AD,2167,F647DEF181F8DE03A0EC74998FB7EA163C9C6E78FF9575B2E3E55E82FFB43DDC,graphics/source/sprites/WPSJ2SX.bam
supplemental:sprites:paperdoll-animation-bam:WPSJ2SXE,sprites,paperdoll-animation-bam,WPSJ2SXE,BAMC,V1,9,8,data/PaperDol.bif,0x062006AE,1636,2280E349AB9F582C99990E7DA34A40D4311C4D839447AAED2AC2D8462E72D472,graphics/source/sprites/WPSJ2SXE.bam
supplemental:sprites:paperdoll-animation-bam:WPSJ2W2,sprites,paperdoll-animation-bam,WPSJ2W2,BAMC,V1,50,8,data/PaperDol.bif,0x062006AF,4356,42A5E8A870C1FB42EB922DA59D64E9397052D888C975A65E010F00327A313050,graphics/source/sprites/WPSJ2W2.bam
supplemental:sprites:paperdoll-animation-bam:WPSJ2W2E,sprites,paperdoll-animation-bam,WPSJ2W2E,BAMC,V1,30,8,data/PaperDol.bif,0x062006B0,3024,C1372338C00A6035AA594162097C826F827B209DCBD68016F9E3C9AE04354EA7,graphics/source/sprites/WPSJ2W2E.bam
supplemental:sprites:paperdoll-animation-bam:WPSJ3A1,sprites,paperdoll-animation-bam,WPSJ3A1,BAMC,V1,50,16,data/PaperDol.bif,0x062006B1,5361,443D755F8B178D2EBB7CAF208F5788B40A2C8942EBE21F60B81329B9E7797031,graphics/source/sprites/WPSJ3A1.bam
supplemental:sprites:paperdoll-animation-bam:WPSJ3A1E,sprites,paperdoll-animation-bam,WPSJ3A1E,BAMC,V1,30,16,data/PaperDol.bif,0x062006B2,3595,90B98BEDC05AED252062AE88D4DC6357FD866D85C499B360479CFD77B18669A0,graphics/source/sprites/WPSJ3A1E.bam
supplemental:sprites:paperdoll-animation-bam:WPSJ3A2,sprites,paperdoll-animation-bam,WPSJ3A2,BAMC,V1,50,8,data/PaperDol.bif,0x062006B3,5223,F2830E77465BB014273B24A3ABBADD84CB8759A64D5956AE65B4E6433DC2D665,graphics/source/sprites/WPSJ3A2.bam
supplemental:sprites:paperdoll-animation-bam:WPSJ3A2E,sprites,paperdoll-animation-bam,WPSJ3A2E,BAMC,V1,30,8,data/PaperDol.bif,0x062006B4,3596,A44F124853FDC7B5234DE122F5A2904DAA9FFD28140D3027117FA8E9F3BE534D,graphics/source/sprites/WPSJ3A2E.bam
supplemental:sprites:paperdoll-animation-bam:WPSJ3A3,sprites,paperdoll-animation-bam,WPSJ3A3,BAMC,V1,50,8,data/PaperDol.bif,0x062006B5,5330,7AB555460210B980442D16A726659A7E6C1928E1C009FC84E49A2996A8D2D002,graphics/source/sprites/WPSJ3A3.bam
supplemental:sprites:paperdoll-animation-bam:WPSJ3A3E,sprites,paperdoll-animation-bam,WPSJ3A3E,BAMC,V1,30,8,data/PaperDol.bif,0x062006B6,3409,4F67EDAC4B77C70E7F88F3EC888E3390B9A6539DF790FDD5312DD56C39215DEE,graphics/source/sprites/WPSJ3A3E.bam
supplemental:sprites:paperdoll-animation-bam:WPSJ3A4,sprites,paperdoll-animation-bam,WPSJ3A4,BAMC,V1,50,8,data/PaperDol.bif,0x062006B7,5198,D2940C8903456924BF919FAE078B1898FA970994B6CDCF9B8BE8471339100DAE,graphics/source/sprites/WPSJ3A4.bam
supplemental:sprites:paperdoll-animation-bam:WPSJ3A4E,sprites,paperdoll-animation-bam,WPSJ3A4E,BAMC,V1,30,8,data/PaperDol.bif,0x062006B8,3402,FE20A987478306E4D71825F16967A4C2A6E5E72BE348DEC8070ECC01066D3965,graphics/source/sprites/WPSJ3A4E.bam
supplemental:sprites:paperdoll-animation-bam:WPSJ3A5,sprites,paperdoll-animation-bam,WPSJ3A5,BAMC,V1,30,8,data/PaperDol.bif,0x062006B9,3455,61F2DDB9B1A55F93F87D019A65109FE45F26A5100897C70E1C6A88C29D5B1720,graphics/source/sprites/WPSJ3A5.bam
supplemental:sprites:paperdoll-animation-bam:WPSJ3A5E,sprites,paperdoll-animation-bam,WPSJ3A5E,BAMC,V1,18,8,data/PaperDol.bif,0x062006BA,2393,09A642D018FE2811C087C1256724454DEF4DF0BF1BCEA563D615E2970CFE0E3D,graphics/source/sprites/WPSJ3A5E.bam
supplemental:sprites:paperdoll-animation-bam:WPSJ3A6,sprites,paperdoll-animation-bam,WPSJ3A6,BAMC,V1,40,8,data/PaperDol.bif,0x062006BB,4341,49FEBA7BA745D0AA3CFA9A516C160476C202B422E81DAE523C803AFBF9160942,graphics/source/sprites/WPSJ3A6.bam
supplemental:sprites:paperdoll-animation-bam:WPSJ3A6E,sprites,paperdoll-animation-bam,WPSJ3A6E,BAMC,V1,24,8,data/PaperDol.bif,0x062006BC,2950,2F9140E89671F1FFB669DAC02DEE3D6F627512B3BDDA30E8CAD4AC6CF668EFFB,graphics/source/sprites/WPSJ3A6E.bam
supplemental:sprites:paperdoll-animation-bam:WPSJ3CA,sprites,paperdoll-animation-bam,WPSJ3CA,BAMC,V1,50,64,data/PaperDol.bif,0x062006BD,5585,03A9FBE62B3D99FBDA6B60BE4B9367B5065CF078D3C32F489B5C5FAE12DECF98,graphics/source/sprites/WPSJ3CA.bam
supplemental:sprites:paperdoll-animation-bam:WPSJ3CAE,sprites,paperdoll-animation-bam,WPSJ3CAE,BAMC,V1,30,64,data/PaperDol.bif,0x062006BE,3766,ADE6EC1A0F8C9B23CF439A23F5C4EDE71452018BCF8D99683B41AB89BAEE0C7C,graphics/source/sprites/WPSJ3CAE.bam
supplemental:sprites:paperdoll-animation-bam:WPSJ3G1,sprites,paperdoll-animation-bam,WPSJ3G1,BAMC,V1,180,72,data/PaperDol.bif,0x062006BF,15392,909FD934699C9D3EA656E5CB0BF12C207EE44E237C7559AE156C27DB7E386E9A,graphics/source/sprites/WPSJ3G1.bam
supplemental:sprites:paperdoll-animation-bam:WPSJ3G1E,sprites,paperdoll-animation-bam,WPSJ3G1E,BAMC,V1,108,72,data/PaperDol.bif,0x062006C0,9540,2D6A8C6F973BE443AC5684B7EB79774007E708DFFAC18A2D9DF62C7D69EC8BA2,graphics/source/sprites/WPSJ3G1E.bam
supplemental:sprites:paperdoll-animation-bam:WPSJ3INV,sprites,paperdoll-animation-bam,WPSJ3INV,BAM,V1,2,1,data/PaperDol.bif,0x062006C1,1974,0150BB83197AF847F6F7B5AE76CA92941F011B4654E86EECBE017CB42ED0072F,graphics/source/sprites/WPSJ3INV.bam
supplemental:sprites:paperdoll-animation-bam:WPSJ3SA,sprites,paperdoll-animation-bam,WPSJ3SA,BAMC,V1,20,8,data/PaperDol.bif,0x062006C2,2601,E4917DFFC4820A874B5677194B958D9D9FEBB9B400C04B743E22FB7D0AEF4500,graphics/source/sprites/WPSJ3SA.bam
supplemental:sprites:paperdoll-animation-bam:WPSJ3SAE,sprites,paperdoll-animation-bam,WPSJ3SAE,BAMC,V1,12,8,data/PaperDol.bif,0x062006C3,1926,200A09B6A7BCFAE4E9D0C4E9562FD41A897A75B9F1E563BE873C47E319685CE5,graphics/source/sprites/WPSJ3SAE.bam
supplemental:sprites:paperdoll-animation-bam:WPSJ3SX,sprites,paperdoll-animation-bam,WPSJ3SX,BAMC,V1,15,8,data/PaperDol.bif,0x062006C4,2180,CB25BCD84C96019F1A8A8368A663984E66FD212066A204B9F30DFA41038E9F27,graphics/source/sprites/WPSJ3SX.bam
supplemental:sprites:paperdoll-animation-bam:WPSJ3SXE,sprites,paperdoll-animation-bam,WPSJ3SXE,BAMC,V1,9,8,data/PaperDol.bif,0x062006C5,1617,7DE71352E18AA269ECBC129B0B01F21A94CC774168F6A3C3BB11126A4B93C086,graphics/source/sprites/WPSJ3SXE.bam
supplemental:sprites:paperdoll-animation-bam:WPSJ3W2,sprites,paperdoll-animation-bam,WPSJ3W2,BAMC,V1,50,8,data/PaperDol.bif,0x062006C6,4307,ACF4373E5AC8B770233BFE19F6F27478F4797189AA040BCC5A6901007BAC45A8,graphics/source/sprites/WPSJ3W2.bam
supplemental:sprites:paperdoll-animation-bam:WPSJ3W2E,sprites,paperdoll-animation-bam,WPSJ3W2E,BAMC,V1,30,8,data/PaperDol.bif,0x062006C7,2808,87FE62ED3A9EE163587A2F0C90F3EB063B2F14652114646F1624DC0690C9E647,graphics/source/sprites/WPSJ3W2E.bam
supplemental:sprites:paperdoll-animation-bam:WPSJ4A1,sprites,paperdoll-animation-bam,WPSJ4A1,BAMC,V1,50,16,data/PaperDol.bif,0x062006C8,6064,3F817849121AA193A5B0FBD5ED1C3AC7AC5AE8A86375BA8F2AA2CE01147020D9,graphics/source/sprites/WPSJ4A1.bam
supplemental:sprites:paperdoll-animation-bam:WPSJ4A1E,sprites,paperdoll-animation-bam,WPSJ4A1E,BAMC,V1,30,16,data/PaperDol.bif,0x062006C9,4305,534AE46DE932164790562DCAD7F83211B57AB96AD6E0F046AE40FE6394432D49,graphics/source/sprites/WPSJ4A1E.bam
supplemental:sprites:paperdoll-animation-bam:WPSJ4A2,sprites,paperdoll-animation-bam,WPSJ4A2,BAMC,V1,50,8,data/PaperDol.bif,0x062006CA,6030,E873D8A27515C0D398DE001BDBC1E6F5EB5AF609245A3C397C4184C3398FBE5D,graphics/source/sprites/WPSJ4A2.bam
supplemental:sprites:paperdoll-animation-bam:WPSJ4A2E,sprites,paperdoll-animation-bam,WPSJ4A2E,BAMC,V1,30,8,data/PaperDol.bif,0x062006CB,4221,0D205456A9D2BF84ECFC49C63F81AFA5FB10E6832E2C905CCCCBC95956FD88C0,graphics/source/sprites/WPSJ4A2E.bam
supplemental:sprites:paperdoll-animation-bam:WPSJ4A3,sprites,paperdoll-animation-bam,WPSJ4A3,BAMC,V1,50,8,data/PaperDol.bif,0x062006CC,5907,BEADE84975FAC8003C481ED1F5CA0945293A59020DC03298C756C73E8D0DDDE7,graphics/source/sprites/WPSJ4A3.bam
supplemental:sprites:paperdoll-animation-bam:WPSJ4A3E,sprites,paperdoll-animation-bam,WPSJ4A3E,BAMC,V1,30,8,data/PaperDol.bif,0x062006CD,4089,3B2D06E9E3356F6C0EA5161F44B61203CAD42C61A2FCCBA24A3388006FC2FE02,graphics/source/sprites/WPSJ4A3E.bam
supplemental:sprites:paperdoll-animation-bam:WPSJ4A4,sprites,paperdoll-animation-bam,WPSJ4A4,BAMC,V1,50,8,data/PaperDol.bif,0x062006CE,5910,F9D97B4AA7ED1FED4729F8FDE203BEBE170E0123355F115D2D1A76EA209EC2D7,graphics/source/sprites/WPSJ4A4.bam
supplemental:sprites:paperdoll-animation-bam:WPSJ4A4E,sprites,paperdoll-animation-bam,WPSJ4A4E,BAMC,V1,30,8,data/PaperDol.bif,0x062006CF,4051,F80012D0AE2D85DF494BF0E75F05DC20C5AFA94E165B636A39CA2A4480941414,graphics/source/sprites/WPSJ4A4E.bam
supplemental:sprites:paperdoll-animation-bam:WPSJ4A5,sprites,paperdoll-animation-bam,WPSJ4A5,BAMC,V1,30,8,data/PaperDol.bif,0x062006D0,3935,DA7489B0B2DD7953342F303A223DFD759F798DABC107FBEC27AC96C599EEF42A,graphics/source/sprites/WPSJ4A5.bam
supplemental:sprites:paperdoll-animation-bam:WPSJ4A5E,sprites,paperdoll-animation-bam,WPSJ4A5E,BAMC,V1,18,8,data/PaperDol.bif,0x062006D1,2672,8AC4AC53C6854A666EEC408DB613E3B747258D25D1A63903DDDB8F936B6E2D3D,graphics/source/sprites/WPSJ4A5E.bam
supplemental:sprites:paperdoll-animation-bam:WPSJ4A6,sprites,paperdoll-animation-bam,WPSJ4A6,BAMC,V1,40,8,data/PaperDol.bif,0x062006D2,4941,1356044772DC9D538DF421D89A6AC9DFE533E0FBB15285381AAE5C6F06A82FDF,graphics/source/sprites/WPSJ4A6.bam
supplemental:sprites:paperdoll-animation-bam:WPSJ4A6E,sprites,paperdoll-animation-bam,WPSJ4A6E,BAMC,V1,24,8,data/PaperDol.bif,0x062006D3,3344,400BBBA3564542624E3A6858844FB67402EF73F920E7C35896140941833C3D5B,graphics/source/sprites/WPSJ4A6E.bam
supplemental:sprites:paperdoll-animation-bam:WPSJ4CA,sprites,paperdoll-animation-bam,WPSJ4CA,BAMC,V1,50,62,data/PaperDol.bif,0x062006D4,6368,015EC324267D6FA7B5D7E661A4F7055355F44D5852A4E7193F08D7E61A9C56E1,graphics/source/sprites/WPSJ4CA.bam
supplemental:sprites:paperdoll-animation-bam:WPSJ4CAE,sprites,paperdoll-animation-bam,WPSJ4CAE,BAMC,V1,30,64,data/PaperDol.bif,0x062006D5,4272,F2F460957C6AD13AFD13023B2305E20DDD7FA41780557AFE9CF875329C3921FC,graphics/source/sprites/WPSJ4CAE.bam
supplemental:sprites:paperdoll-animation-bam:WPSJ4G1,sprites,paperdoll-animation-bam,WPSJ4G1,BAMC,V1,180,72,data/PaperDol.bif,0x062006D6,17136,166BA8C7A511B69224CA938BDC0DA932F957E3FF7F74148F916C853D9CF6B58D,graphics/source/sprites/WPSJ4G1.bam
supplemental:sprites:paperdoll-animation-bam:WPSJ4G1E,sprites,paperdoll-animation-bam,WPSJ4G1E,BAMC,V1,108,72,data/PaperDol.bif,0x062006D7,10934,F9292AF2A49B6AE90D0443DA6D513028C5B7685A534326EE15B434F8C50A17AD,graphics/source/sprites/WPSJ4G1E.bam
supplemental:sprites:paperdoll-animation-bam:WPSJ4INV,sprites,paperdoll-animation-bam,WPSJ4INV,BAM,V1,2,1,data/PaperDol.bif,0x062006D8,1828,9D09364C733AAB11AC555AA70540EA809D3624BFA2EE6A5936C64912D21CC536,graphics/source/sprites/WPSJ4INV.bam
supplemental:sprites:paperdoll-animation-bam:WPSJ4SA,sprites,paperdoll-animation-bam,WPSJ4SA,BAMC,V1,20,8,data/PaperDol.bif,0x062006D9,2941,A40CEEE303EB0F2BF1E72434D8796A1A5B2B2F36C5BF3A3C66F5BD0BC27D970F,graphics/source/sprites/WPSJ4SA.bam
supplemental:sprites:paperdoll-animation-bam:WPSJ4SAE,sprites,paperdoll-animation-bam,WPSJ4SAE,BAMC,V1,12,8,data/PaperDol.bif,0x062006DA,2216,D8338F3E274FEBA18BC4C3566B2E8206C1D860B4896C834B60DB59C75B5D4250,graphics/source/sprites/WPSJ4SAE.bam
supplemental:sprites:paperdoll-animation-bam:WPSJ4SX,sprites,paperdoll-animation-bam,WPSJ4SX,BAMC,V1,15,8,data/PaperDol.bif,0x062006DB,2394,638C2693F9CA70B6681CCC5708B358DEC500016BBDE41D73B4F7F10A60DDC8B0,graphics/source/sprites/WPSJ4SX.bam
supplemental:sprites:paperdoll-animation-bam:WPSJ4SXE,sprites,paperdoll-animation-bam,WPSJ4SXE,BAMC,V1,9,8,data/PaperDol.bif,0x062006DC,1800,0563AFA1253FA84A4A2F0A51E8A01E593FB1AD737941668C5D5173931ECC4439,graphics/source/sprites/WPSJ4SXE.bam
supplemental:sprites:paperdoll-animation-bam:WPSJ4W2,sprites,paperdoll-animation-bam,WPSJ4W2,BAMC,V1,50,8,data/PaperDol.bif,0x062006DD,4784,2C74031A8D44F1BA677EBB1EA7049298612F22E199041A6188D0205BAE7CD634,graphics/source/sprites/WPSJ4W2.bam
supplemental:sprites:paperdoll-animation-bam:WPSJ4W2E,sprites,paperdoll-animation-bam,WPSJ4W2E,BAMC,V1,30,8,data/PaperDol.bif,0x062006DE,3399,B0D1EEAC35F1B942AAC82F8B5B7D2084428F8DCEDFAD80E47416F5D5FB45E6A8,graphics/source/sprites/WPSJ4W2E.bam
supplemental:sprites:paperdoll-animation-bam:WPSJ5A1,sprites,paperdoll-animation-bam,WPSJ5A1,BAMC,V1,50,16,data/PaperDol.bif,0x062006DF,5333,04B23B77B76BF9323DE55C6975710FB7B72159245E78BB12B060CDC72968B855,graphics/source/sprites/WPSJ5A1.bam
supplemental:sprites:paperdoll-animation-bam:WPSJ5A1E,sprites,paperdoll-animation-bam,WPSJ5A1E,BAMC,V1,30,16,data/PaperDol.bif,0x062006E0,3561,B7A7CD679FD1565971D9F21408DD9420D8C68477DE33CEDC0E8BD344C8B34082,graphics/source/sprites/WPSJ5A1E.bam
supplemental:sprites:paperdoll-animation-bam:WPSJ5A2,sprites,paperdoll-animation-bam,WPSJ5A2,BAMC,V1,50,8,data/PaperDol.bif,0x062006E1,5324,CD31D7A1645193F606B4AB2F80F44D0EA0A2A05387E061FCC32D595F585AEFA5,graphics/source/sprites/WPSJ5A2.bam
supplemental:sprites:paperdoll-animation-bam:WPSJ5A2E,sprites,paperdoll-animation-bam,WPSJ5A2E,BAMC,V1,30,8,data/PaperDol.bif,0x062006E2,3599,ABD0BBEE0D94EB949410CFF5CD8666759CC5AB50AA5DE7FBE6BA92FE48689DA7,graphics/source/sprites/WPSJ5A2E.bam
supplemental:sprites:paperdoll-animation-bam:WPSJ5A3,sprites,paperdoll-animation-bam,WPSJ5A3,BAMC,V1,50,8,data/PaperDol.bif,0x062006E3,5332,2ED8AE7295401843D9B57353D2BA0A3C8222647ED4480F08DFB09D74E4DA8D76,graphics/source/sprites/WPSJ5A3.bam
supplemental:sprites:paperdoll-animation-bam:WPSJ5A3E,sprites,paperdoll-animation-bam,WPSJ5A3E,BAMC,V1,30,8,data/PaperDol.bif,0x062006E4,3317,BCBAFDDEA2FFB753CA951B87C84B78C7084DD9FFD611014BD8799D99E220F7DC,graphics/source/sprites/WPSJ5A3E.bam
supplemental:sprites:paperdoll-animation-bam:WPSJ5A4,sprites,paperdoll-animation-bam,WPSJ5A4,BAMC,V1,50,8,data/PaperDol.bif,0x062006E5,5190,3F650711C9561954966B132626EF59BD995BB21D515347ACF10D7BBF9F3CBD67,graphics/source/sprites/WPSJ5A4.bam
supplemental:sprites:paperdoll-animation-bam:WPSJ5A4E,sprites,paperdoll-animation-bam,WPSJ5A4E,BAMC,V1,30,8,data/PaperDol.bif,0x062006E6,3315,CA5B4CF1FA6F53426EC760B3696A7D3FA4F4679E91EC52524FB413A39FFEF30F,graphics/source/sprites/WPSJ5A4E.bam
supplemental:sprites:paperdoll-animation-bam:WPSJ5A5,sprites,paperdoll-animation-bam,WPSJ5A5,BAMC,V1,30,8,data/PaperDol.bif,0x062006E7,3392,36D9784876AF09F86D044FCBA04AE673A66A056C2C3C5176839AF7178CA180DE,graphics/source/sprites/WPSJ5A5.bam
supplemental:sprites:paperdoll-animation-bam:WPSJ5A5E,sprites,paperdoll-animation-bam,WPSJ5A5E,BAMC,V1,18,8,data/PaperDol.bif,0x062006E8,2313,FCFE5203652FBB64E31D42B8407D02D6C01AF7D07716FC3AAD2BEBC83997DD72,graphics/source/sprites/WPSJ5A5E.bam
supplemental:sprites:paperdoll-animation-bam:WPSJ5A6,sprites,paperdoll-animation-bam,WPSJ5A6,BAMC,V1,40,8,data/PaperDol.bif,0x062006E9,4289,42E5F6CB830CD85E5B408ECCF4E6CA11C035690FB4F083902447D4BB32AAF6BE,graphics/source/sprites/WPSJ5A6.bam
supplemental:sprites:paperdoll-animation-bam:WPSJ5A6E,sprites,paperdoll-animation-bam,WPSJ5A6E,BAMC,V1,24,8,data/PaperDol.bif,0x062006EA,2856,5BDC6062D1EE5B3CB7A2E8FC5CA64DA16BA8EC81F351686167617518506FA35C,graphics/source/sprites/WPSJ5A6E.bam
supplemental:sprites:paperdoll-animation-bam:WPSJ5CA,sprites,paperdoll-animation-bam,WPSJ5CA,BAMC,V1,50,64,data/PaperDol.bif,0x062006EB,5486,3E8260E99E2B7FB5F6799923530963098287879AF87CD02FDC2211CD4D219092,graphics/source/sprites/WPSJ5CA.bam
supplemental:sprites:paperdoll-animation-bam:WPSJ5CAE,sprites,paperdoll-animation-bam,WPSJ5CAE,BAMC,V1,30,64,data/PaperDol.bif,0x062006EC,3689,AF42C612459D3F109442EFDFDC82420AB5721BE3ABEBD340134D8DD7D067840F,graphics/source/sprites/WPSJ5CAE.bam
supplemental:sprites:paperdoll-animation-bam:WPSJ5G1,sprites,paperdoll-animation-bam,WPSJ5G1,BAMC,V1,180,72,data/PaperDol.bif,0x062006ED,15361,9CDF39693C9142314CC12F76CF3CAAD5393AF854EF25D55D0DC95E3704F8F822,graphics/source/sprites/WPSJ5G1.bam
supplemental:sprites:paperdoll-animation-bam:WPSJ5G1E,sprites,paperdoll-animation-bam,WPSJ5G1E,BAMC,V1,108,72,data/PaperDol.bif,0x062006EE,9236,5DEFAA0403338E2F55CE091C27FCDAC9AF4746EC36C10D5D76DD1E5BB205261A,graphics/source/sprites/WPSJ5G1E.bam
supplemental:sprites:paperdoll-animation-bam:WPSJ5INV,sprites,paperdoll-animation-bam,WPSJ5INV,BAM,V1,2,1,data/PaperDol.bif,0x062006EF,1633,15F4C0E6322410FFD4A879AA77FA96D19B996409FF79876F9B2A70A8B9A6A7BC,graphics/source/sprites/WPSJ5INV.bam
supplemental:sprites:paperdoll-animation-bam:WPSJ5SA,sprites,paperdoll-animation-bam,WPSJ5SA,BAMC,V1,20,8,data/PaperDol.bif,0x062006F0,2648,A2A72F36DCA68DCA1116F51320B279B8550B3CC4B9854112A6D656569EC052E4,graphics/source/sprites/WPSJ5SA.bam
supplemental:sprites:paperdoll-animation-bam:WPSJ5SAE,sprites,paperdoll-animation-bam,WPSJ5SAE,BAMC,V1,12,8,data/PaperDol.bif,0x062006F1,1867,9B3260F0CA2C92D10482199509288790DF04458383730CEE8A2227885A437745,graphics/source/sprites/WPSJ5SAE.bam
supplemental:sprites:paperdoll-animation-bam:WPSJ5SX,sprites,paperdoll-animation-bam,WPSJ5SX,BAMC,V1,15,8,data/PaperDol.bif,0x062006F2,2193,586C8B1C9A0717C757188BA06B11FA5D994BDB564E1FAE7FB289F74046E1562C,graphics/source/sprites/WPSJ5SX.bam
supplemental:sprites:paperdoll-animation-bam:WPSJ5SXE,sprites,paperdoll-animation-bam,WPSJ5SXE,BAMC,V1,9,8,data/PaperDol.bif,0x062006F3,1592,2B89756ABCE2D0ED1961B1879641B2814B83304192D55D8AE245CFE7A73A2583,graphics/source/sprites/WPSJ5SXE.bam
supplemental:sprites:paperdoll-animation-bam:WPSJ5W2,sprites,paperdoll-animation-bam,WPSJ5W2,BAMC,V1,50,8,data/PaperDol.bif,0x062006F4,4275,5AD17FBD7BA90B46F72D2958FA48189EFBE0DB2085A72FB8B65998CC74D8C6F7,graphics/source/sprites/WPSJ5W2.bam
supplemental:sprites:paperdoll-animation-bam:WPSJ5W2E,sprites,paperdoll-animation-bam,WPSJ5W2E,BAMC,V1,30,8,data/PaperDol.bif,0x062006F5,2751,57B3CCB8B3CB47A1F01B97E35F1DEE988DDD951120C0F0A4A5B4152B4667AE1C,graphics/source/sprites/WPSJ5W2E.bam
supplemental:sprites:paperdoll-animation-bam:WPSJ6A1,sprites,paperdoll-animation-bam,WPSJ6A1,BAMC,V1,50,16,data/PaperDol.bif,0x062006F6,5361,443D755F8B178D2EBB7CAF208F5788B40A2C8942EBE21F60B81329B9E7797031,graphics/source/sprites/WPSJ6A1.bam
supplemental:sprites:paperdoll-animation-bam:WPSJ6A1E,sprites,paperdoll-animation-bam,WPSJ6A1E,BAMC,V1,30,16,data/PaperDol.bif,0x062006F7,3595,90B98BEDC05AED252062AE88D4DC6357FD866D85C499B360479CFD77B18669A0,graphics/source/sprites/WPSJ6A1E.bam
supplemental:sprites:paperdoll-animation-bam:WPSJ6A2,sprites,paperdoll-animation-bam,WPSJ6A2,BAMC,V1,50,8,data/PaperDol.bif,0x062006F8,5223,F2830E77465BB014273B24A3ABBADD84CB8759A64D5956AE65B4E6433DC2D665,graphics/source/sprites/WPSJ6A2.bam
supplemental:sprites:paperdoll-animation-bam:WPSJ6A2E,sprites,paperdoll-animation-bam,WPSJ6A2E,BAMC,V1,30,8,data/PaperDol.bif,0x062006F9,3596,A44F124853FDC7B5234DE122F5A2904DAA9FFD28140D3027117FA8E9F3BE534D,graphics/source/sprites/WPSJ6A2E.bam
supplemental:sprites:paperdoll-animation-bam:WPSJ6A3,sprites,paperdoll-animation-bam,WPSJ6A3,BAMC,V1,50,8,data/PaperDol.bif,0x062006FA,5330,7AB555460210B980442D16A726659A7E6C1928E1C009FC84E49A2996A8D2D002,graphics/source/sprites/WPSJ6A3.bam
supplemental:sprites:paperdoll-animation-bam:WPSJ6A3E,sprites,paperdoll-animation-bam,WPSJ6A3E,BAMC,V1,30,8,data/PaperDol.bif,0x062006FB,3409,4F67EDAC4B77C70E7F88F3EC888E3390B9A6539DF790FDD5312DD56C39215DEE,graphics/source/sprites/WPSJ6A3E.bam
supplemental:sprites:paperdoll-animation-bam:WPSJ6A4,sprites,paperdoll-animation-bam,WPSJ6A4,BAMC,V1,50,8,data/PaperDol.bif,0x062006FC,5198,D2940C8903456924BF919FAE078B1898FA970994B6CDCF9B8BE8471339100DAE,graphics/source/sprites/WPSJ6A4.bam
supplemental:sprites:paperdoll-animation-bam:WPSJ6A4E,sprites,paperdoll-animation-bam,WPSJ6A4E,BAMC,V1,30,8,data/PaperDol.bif,0x062006FD,3402,FE20A987478306E4D71825F16967A4C2A6E5E72BE348DEC8070ECC01066D3965,graphics/source/sprites/WPSJ6A4E.bam
supplemental:sprites:paperdoll-animation-bam:WPSJ6A5,sprites,paperdoll-animation-bam,WPSJ6A5,BAMC,V1,30,8,data/PaperDol.bif,0x062006FE,3455,61F2DDB9B1A55F93F87D019A65109FE45F26A5100897C70E1C6A88C29D5B1720,graphics/source/sprites/WPSJ6A5.bam
supplemental:sprites:paperdoll-animation-bam:WPSJ6A5E,sprites,paperdoll-animation-bam,WPSJ6A5E,BAMC,V1,18,8,data/PaperDol.bif,0x062006FF,2393,09A642D018FE2811C087C1256724454DEF4DF0BF1BCEA563D615E2970CFE0E3D,graphics/source/sprites/WPSJ6A5E.bam
supplemental:sprites:paperdoll-animation-bam:WPSJ6A6,sprites,paperdoll-animation-bam,WPSJ6A6,BAMC,V1,40,8,data/PaperDol.bif,0x06200700,4341,49FEBA7BA745D0AA3CFA9A516C160476C202B422E81DAE523C803AFBF9160942,graphics/source/sprites/WPSJ6A6.bam
supplemental:sprites:paperdoll-animation-bam:WPSJ6A6E,sprites,paperdoll-animation-bam,WPSJ6A6E,BAMC,V1,24,8,data/PaperDol.bif,0x06200701,2950,2F9140E89671F1FFB669DAC02DEE3D6F627512B3BDDA30E8CAD4AC6CF668EFFB,graphics/source/sprites/WPSJ6A6E.bam
supplemental:sprites:paperdoll-animation-bam:WPSJ6CA,sprites,paperdoll-animation-bam,WPSJ6CA,BAMC,V1,50,64,data/PaperDol.bif,0x06200702,5585,03A9FBE62B3D99FBDA6B60BE4B9367B5065CF078D3C32F489B5C5FAE12DECF98,graphics/source/sprites/WPSJ6CA.bam
supplemental:sprites:paperdoll-animation-bam:WPSJ6CAE,sprites,paperdoll-animation-bam,WPSJ6CAE,BAMC,V1,30,64,data/PaperDol.bif,0x06200703,3766,ADE6EC1A0F8C9B23CF439A23F5C4EDE71452018BCF8D99683B41AB89BAEE0C7C,graphics/source/sprites/WPSJ6CAE.bam
supplemental:sprites:paperdoll-animation-bam:WPSJ6G1,sprites,paperdoll-animation-bam,WPSJ6G1,BAMC,V1,180,72,data/PaperDol.bif,0x06200704,15392,909FD934699C9D3EA656E5CB0BF12C207EE44E237C7559AE156C27DB7E386E9A,graphics/source/sprites/WPSJ6G1.bam
supplemental:sprites:paperdoll-animation-bam:WPSJ6G1E,sprites,paperdoll-animation-bam,WPSJ6G1E,BAMC,V1,108,72,data/PaperDol.bif,0x06200705,9540,2D6A8C6F973BE443AC5684B7EB79774007E708DFFAC18A2D9DF62C7D69EC8BA2,graphics/source/sprites/WPSJ6G1E.bam
supplemental:sprites:paperdoll-animation-bam:WPSJ6INV,sprites,paperdoll-animation-bam,WPSJ6INV,BAM,V1,2,1,data/PaperDol.bif,0x06200706,1619,93033705BA70558EF07A9518D2A051FE6902445E75D2DE9842D3276800FB1086,graphics/source/sprites/WPSJ6INV.bam
supplemental:sprites:paperdoll-animation-bam:WPSJ6SA,sprites,paperdoll-animation-bam,WPSJ6SA,BAMC,V1,20,8,data/PaperDol.bif,0x06200707,2601,E4917DFFC4820A874B5677194B958D9D9FEBB9B400C04B743E22FB7D0AEF4500,graphics/source/sprites/WPSJ6SA.bam
supplemental:sprites:paperdoll-animation-bam:WPSJ6SAE,sprites,paperdoll-animation-bam,WPSJ6SAE,BAMC,V1,12,8,data/PaperDol.bif,0x06200708,1926,200A09B6A7BCFAE4E9D0C4E9562FD41A897A75B9F1E563BE873C47E319685CE5,graphics/source/sprites/WPSJ6SAE.bam
supplemental:sprites:paperdoll-animation-bam:WPSJ6SX,sprites,paperdoll-animation-bam,WPSJ6SX,BAMC,V1,15,8,data/PaperDol.bif,0x06200709,2180,CB25BCD84C96019F1A8A8368A663984E66FD212066A204B9F30DFA41038E9F27,graphics/source/sprites/WPSJ6SX.bam
supplemental:sprites:paperdoll-animation-bam:WPSJ6SXE,sprites,paperdoll-animation-bam,WPSJ6SXE,BAMC,V1,9,8,data/PaperDol.bif,0x0620070A,1617,7DE71352E18AA269ECBC129B0B01F21A94CC774168F6A3C3BB11126A4B93C086,graphics/source/sprites/WPSJ6SXE.bam
supplemental:sprites:paperdoll-animation-bam:WPSJ6W2,sprites,paperdoll-animation-bam,WPSJ6W2,BAMC,V1,50,8,data/PaperDol.bif,0x0620070B,4307,ACF4373E5AC8B770233BFE19F6F27478F4797189AA040BCC5A6901007BAC45A8,graphics/source/sprites/WPSJ6W2.bam
supplemental:sprites:paperdoll-animation-bam:WPSJ6W2E,sprites,paperdoll-animation-bam,WPSJ6W2E,BAMC,V1,30,8,data/PaperDol.bif,0x0620070C,2808,87FE62ED3A9EE163587A2F0C90F3EB063B2F14652114646F1624DC0690C9E647,graphics/source/sprites/WPSJ6W2E.bam
supplemental:sprites:paperdoll-animation-bam:WPSJ7A1,sprites,paperdoll-animation-bam,WPSJ7A1,BAMC,V1,50,16,data/PaperDol.bif,0x0620070D,5871,8BCB92C1C8523B09530E6A73CBEF3F8700DC641675193D012DDFF67D0E3FD130,graphics/source/sprites/WPSJ7A1.bam
supplemental:sprites:paperdoll-animation-bam:WPSJ7A1E,sprites,paperdoll-animation-bam,WPSJ7A1E,BAMC,V1,30,16,data/PaperDol.bif,0x0620070E,3707,4B94D1FBAAEEF97477EF42653A3007183BF986F704059355B7D0C4EE055224A9,graphics/source/sprites/WPSJ7A1E.bam
supplemental:sprites:paperdoll-animation-bam:WPSJ7A2,sprites,paperdoll-animation-bam,WPSJ7A2,BAMC,V1,50,8,data/PaperDol.bif,0x0620070F,5886,A7499168369F0116A0E30C1E065FE55E39EAE82A3345039330B09AD8183D7DD9,graphics/source/sprites/WPSJ7A2.bam
supplemental:sprites:paperdoll-animation-bam:WPSJ7A2E,sprites,paperdoll-animation-bam,WPSJ7A2E,BAMC,V1,30,8,data/PaperDol.bif,0x06200710,3690,AF72FBE3CCA4F743EB003CC5A577AC242543E19456DB85B780805A19AB36E411,graphics/source/sprites/WPSJ7A2E.bam
supplemental:sprites:paperdoll-animation-bam:WPSJ7A3,sprites,paperdoll-animation-bam,WPSJ7A3,BAMC,V1,50,8,data/PaperDol.bif,0x06200711,5727,078957BC0478CC2297704A7EDB898F68E702D285CD86FC5AC92508FDD8F2E224,graphics/source/sprites/WPSJ7A3.bam
supplemental:sprites:paperdoll-animation-bam:WPSJ7A3E,sprites,paperdoll-animation-bam,WPSJ7A3E,BAMC,V1,30,8,data/PaperDol.bif,0x06200712,3699,D523638DE11FAB83C91D65F6B7A2804A11267E6D6828433757EAE2D324B523AF,graphics/source/sprites/WPSJ7A3E.bam
supplemental:sprites:paperdoll-animation-bam:WPSJ7A4,sprites,paperdoll-animation-bam,WPSJ7A4,BAMC,V1,50,8,data/PaperDol.bif,0x06200713,5617,668A47D66260CE545D8E347E1D10696F8EBC2D3030FFD5BA99214497E0D57A23,graphics/source/sprites/WPSJ7A4.bam
supplemental:sprites:paperdoll-animation-bam:WPSJ7A4E,sprites,paperdoll-animation-bam,WPSJ7A4E,BAMC,V1,30,8,data/PaperDol.bif,0x06200714,3623,603BB0BB670832DAF99B01FDDDC9842618CFD27423CD280B1CB02354D346D6B9,graphics/source/sprites/WPSJ7A4E.bam
supplemental:sprites:paperdoll-animation-bam:WPSJ7A5,sprites,paperdoll-animation-bam,WPSJ7A5,BAMC,V1,30,8,data/PaperDol.bif,0x06200715,3747,5FE532A4573BE0D18EADA88020DA0E8D0F88B54BFA380B9165CC437E2AF81845,graphics/source/sprites/WPSJ7A5.bam
supplemental:sprites:paperdoll-animation-bam:WPSJ7A5E,sprites,paperdoll-animation-bam,WPSJ7A5E,BAMC,V1,18,8,data/PaperDol.bif,0x06200716,2507,D465DCE1C90D9CF64E58EA5920291C33AA76F47CDC77267D34FC0C7F79BBCE5C,graphics/source/sprites/WPSJ7A5E.bam
supplemental:sprites:paperdoll-animation-bam:WPSJ7A6,sprites,paperdoll-animation-bam,WPSJ7A6,BAMC,V1,40,8,data/PaperDol.bif,0x06200717,4588,1CDFEB8E6A41ACD610B8D92D35C225BFE38B53929413B1EC6EB3C3DDD6C4C4AA,graphics/source/sprites/WPSJ7A6.bam
supplemental:sprites:paperdoll-animation-bam:WPSJ7A6E,sprites,paperdoll-animation-bam,WPSJ7A6E,BAMC,V1,24,8,data/PaperDol.bif,0x06200718,3026,E5D84306ADD68193311C46C17A39EAA58606A9258E186E9AF4A33FB9F61A8A78,graphics/source/sprites/WPSJ7A6E.bam
supplemental:sprites:paperdoll-animation-bam:WPSJ7CA,sprites,paperdoll-animation-bam,WPSJ7CA,BAMC,V1,50,62,data/PaperDol.bif,0x06200719,5933,33ED7F03015FA7BFD90A46AD10911EC78A0EE1E7DAA1551AF308D05C0634AE03,graphics/source/sprites/WPSJ7CA.bam
supplemental:sprites:paperdoll-animation-bam:WPSJ7CAE,sprites,paperdoll-animation-bam,WPSJ7CAE,BAMC,V1,30,64,data/PaperDol.bif,0x0620071A,3908,4288F134AF5712BD27A910F3A3726BB94D443B167BB41AD607DD4EA97ADAE0DC,graphics/source/sprites/WPSJ7CAE.bam
supplemental:sprites:paperdoll-animation-bam:WPSJ7G1,sprites,paperdoll-animation-bam,WPSJ7G1,BAMC,V1,180,72,data/PaperDol.bif,0x0620071B,16922,9B41D101D24381A7D79021621F2E6D78F7664BBBB7B487E7B8C7CE86212D0C08,graphics/source/sprites/WPSJ7G1.bam
supplemental:sprites:paperdoll-animation-bam:WPSJ7G1E,sprites,paperdoll-animation-bam,WPSJ7G1E,BAMC,V1,108,72,data/PaperDol.bif,0x0620071C,10348,821272C69BFBF79D959BD2E5C4BB669590A53A1D9B3E4F2BD2DED0B0CE763533,graphics/source/sprites/WPSJ7G1E.bam
supplemental:sprites:paperdoll-animation-bam:WPSJ7INV,sprites,paperdoll-animation-bam,WPSJ7INV,BAM,V1,2,1,data/PaperDol.bif,0x0620071D,1881,E06B8943401470CACDCE0461B05E6AAE68077B1EE794F234BA08F3953FF5350D,graphics/source/sprites/WPSJ7INV.bam
supplemental:sprites:paperdoll-animation-bam:WPSJ7SA,sprites,paperdoll-animation-bam,WPSJ7SA,BAMC,V1,20,8,data/PaperDol.bif,0x0620071E,2937,C4335CE1D590EE4F09F7F4F5A173EA40C8BCB4A33543FBD965BF3AB79E8411DA,graphics/source/sprites/WPSJ7SA.bam
supplemental:sprites:paperdoll-animation-bam:WPSJ7SAE,sprites,paperdoll-animation-bam,WPSJ7SAE,BAMC,V1,12,8,data/PaperDol.bif,0x0620071F,1924,67C90209EDD7A41F3AEAF04FC327761C6AAD27DB5899DC5534050C3B6AF2E7F7,graphics/source/sprites/WPSJ7SAE.bam
supplemental:sprites:paperdoll-animation-bam:WPSJ7SX,sprites,paperdoll-animation-bam,WPSJ7SX,BAMC,V1,15,8,data/PaperDol.bif,0x06200720,2318,450F026C9B0A40EFF15B907192C8F9F47AC01B928FEFA47C87E5DA0CFE2A087D,graphics/source/sprites/WPSJ7SX.bam
supplemental:sprites:paperdoll-animation-bam:WPSJ7SXE,sprites,paperdoll-animation-bam,WPSJ7SXE,BAMC,V1,9,8,data/PaperDol.bif,0x06200721,1688,3BA75BB5544DBFFE463AD86AF58D0E09AD5EB4130685D4AC0660262ABCE46B44,graphics/source/sprites/WPSJ7SXE.bam
supplemental:sprites:paperdoll-animation-bam:WPSJ7W2,sprites,paperdoll-animation-bam,WPSJ7W2,BAMC,V1,50,8,data/PaperDol.bif,0x06200722,4680,AB4D1FC5FB3BD2B4AF5EB2940182769626D1BFC973CA90E86B453C196956F8F0,graphics/source/sprites/WPSJ7W2.bam
supplemental:sprites:paperdoll-animation-bam:WPSJ7W2E,sprites,paperdoll-animation-bam,WPSJ7W2E,BAMC,V1,30,8,data/PaperDol.bif,0x06200723,3011,BBDB0CE5BBEE7988C259B8B075903F7D1BBE64FCEFE585CACE8633882A2FB740,graphics/source/sprites/WPSJ7W2E.bam
supplemental:sprites:paperdoll-animation-bam:WPSJ8A1,sprites,paperdoll-animation-bam,WPSJ8A1,BAMC,V1,50,16,data/PaperDol.bif,0x06200724,5466,C982F1F5F19C99A699C9812FC7163DEDF399F0CDEEEEF5EB1162D5995D9CCB8C,graphics/source/sprites/WPSJ8A1.bam
supplemental:sprites:paperdoll-animation-bam:WPSJ8A1E,sprites,paperdoll-animation-bam,WPSJ8A1E,BAMC,V1,30,16,data/PaperDol.bif,0x06200725,3635,59A4DB9AA205A0F3A61C363956747257CCEF464B5FE811DA1E2E73D9A8FC8D22,graphics/source/sprites/WPSJ8A1E.bam
supplemental:sprites:paperdoll-animation-bam:WPSJ8A2,sprites,paperdoll-animation-bam,WPSJ8A2,BAMC,V1,50,8,data/PaperDol.bif,0x06200726,5458,53FA5D81823371BBA1B94DA713832ABE9E6E704397C81E711E0EB91E4C1F6313,graphics/source/sprites/WPSJ8A2.bam
supplemental:sprites:paperdoll-animation-bam:WPSJ8A2E,sprites,paperdoll-animation-bam,WPSJ8A2E,BAMC,V1,30,8,data/PaperDol.bif,0x06200727,3562,CC08698D5A25403905AAE7CA971E5A3ECDBE798BA29C3665F74E0C4F8C2219AD,graphics/source/sprites/WPSJ8A2E.bam
supplemental:sprites:paperdoll-animation-bam:WPSJ8A3,sprites,paperdoll-animation-bam,WPSJ8A3,BAMC,V1,50,8,data/PaperDol.bif,0x06200728,5383,D3CEF36E5753BAE8A142369CAF41B17C0D1718EC938761199E2E30A574A767EE,graphics/source/sprites/WPSJ8A3.bam
supplemental:sprites:paperdoll-animation-bam:WPSJ8A3E,sprites,paperdoll-animation-bam,WPSJ8A3E,BAMC,V1,30,8,data/PaperDol.bif,0x06200729,3625,615A80091932B30FEB273BD05901FC5DDD44E6EBA647A8570BB5F142A1EA5A96,graphics/source/sprites/WPSJ8A3E.bam
supplemental:sprites:paperdoll-animation-bam:WPSJ8A4,sprites,paperdoll-animation-bam,WPSJ8A4,BAMC,V1,50,8,data/PaperDol.bif,0x0620072A,5325,724AE357D0F947BAE72C1F237088143922784F3EDB8AA28588B8046EF3DA454D,graphics/source/sprites/WPSJ8A4.bam
supplemental:sprites:paperdoll-animation-bam:WPSJ8A4E,sprites,paperdoll-animation-bam,WPSJ8A4E,BAMC,V1,30,8,data/PaperDol.bif,0x0620072B,3577,64D524030ECEA2A988CD5C1E691AF11871ABC6D38B7F3CD0E1905A7D0FDC3454,graphics/source/sprites/WPSJ8A4E.bam
supplemental:sprites:paperdoll-animation-bam:WPSJ8A5,sprites,paperdoll-animation-bam,WPSJ8A5,BAMC,V1,30,8,data/PaperDol.bif,0x0620072C,3587,4BD9C9CA4003920878D34A7C864FF65A523CE9D100E54E6D8A415C8888606FDC,graphics/source/sprites/WPSJ8A5.bam
supplemental:sprites:paperdoll-animation-bam:WPSJ8A5E,sprites,paperdoll-animation-bam,WPSJ8A5E,BAMC,V1,18,8,data/PaperDol.bif,0x0620072D,2428,0B31EF40FED6E43C470CB405945B7066568A6EB14CEFD2D0D86D5904DA243BF9,graphics/source/sprites/WPSJ8A5E.bam
supplemental:sprites:paperdoll-animation-bam:WPSJ8A6,sprites,paperdoll-animation-bam,WPSJ8A6,BAMC,V1,40,8,data/PaperDol.bif,0x0620072E,4468,53194D855D486D1170A682AB996DFE1E9B498DFE7F7A06B2CC26EE5333816A9F,graphics/source/sprites/WPSJ8A6.bam
supplemental:sprites:paperdoll-animation-bam:WPSJ8A6E,sprites,paperdoll-animation-bam,WPSJ8A6E,BAMC,V1,24,8,data/PaperDol.bif,0x0620072F,3059,3B298C604695536955C7FBB15A3AB577B0B12EC402DB8D3B4EB5F033CF783E75,graphics/source/sprites/WPSJ8A6E.bam
supplemental:sprites:paperdoll-animation-bam:WPSJ8CA,sprites,paperdoll-animation-bam,WPSJ8CA,BAMC,V1,50,62,data/PaperDol.bif,0x06200730,5847,170E0DC0B74C34E3037871798DE40DCC768F56DF2FF1EE1196C8A609DF0E0233,graphics/source/sprites/WPSJ8CA.bam
supplemental:sprites:paperdoll-animation-bam:WPSJ8CAE,sprites,paperdoll-animation-bam,WPSJ8CAE,BAMC,V1,30,64,data/PaperDol.bif,0x06200731,3918,45E522F9A37216D39E321EB05F10ED45854542706BDEFE7C8C75BC5F09E6D086,graphics/source/sprites/WPSJ8CAE.bam
supplemental:sprites:paperdoll-animation-bam:WPSJ8G1,sprites,paperdoll-animation-bam,WPSJ8G1,BAMC,V1,180,72,data/PaperDol.bif,0x06200732,16066,260DBD64D0AA27556E5924C0217B80B90719849BE8320226FF0B2A3373225153,graphics/source/sprites/WPSJ8G1.bam
supplemental:sprites:paperdoll-animation-bam:WPSJ8G1E,sprites,paperdoll-animation-bam,WPSJ8G1E,BAMC,V1,108,72,data/PaperDol.bif,0x06200733,10166,0C5E5A7C6236ABF04E4E524F9454930D27F7F2A91ADC2E6389C26D2500B018C0,graphics/source/sprites/WPSJ8G1E.bam
supplemental:sprites:paperdoll-animation-bam:WPSJ8INV,sprites,paperdoll-animation-bam,WPSJ8INV,BAM,V1,2,1,data/PaperDol.bif,0x06200734,2232,75999C8E0563941392280DBB1CE49F6DADD7CFF0F31A22C13867EF6F9669B563,graphics/source/sprites/WPSJ8INV.bam
supplemental:sprites:paperdoll-animation-bam:WPSJ8SA,sprites,paperdoll-animation-bam,WPSJ8SA,BAMC,V1,20,8,data/PaperDol.bif,0x06200735,2687,3B76D99466C2B4693514523DE54F931BF7CFE807254771F91AF80DCFCCCCE312,graphics/source/sprites/WPSJ8SA.bam
supplemental:sprites:paperdoll-animation-bam:WPSJ8SAE,sprites,paperdoll-animation-bam,WPSJ8SAE,BAMC,V1,12,8,data/PaperDol.bif,0x06200736,1960,EE717050635546EEC07EB7E82BDFB80AC25FABE30A5EF97CCE96AB7A202082DE,graphics/source/sprites/WPSJ8SAE.bam
supplemental:sprites:paperdoll-animation-bam:WPSJ8SX,sprites,paperdoll-animation-bam,WPSJ8SX,BAMC,V1,15,8,data/PaperDol.bif,0x06200737,2167,F647DEF181F8DE03A0EC74998FB7EA163C9C6E78FF9575B2E3E55E82FFB43DDC,graphics/source/sprites/WPSJ8SX.bam
supplemental:sprites:paperdoll-animation-bam:WPSJ8SXE,sprites,paperdoll-animation-bam,WPSJ8SXE,BAMC,V1,9,8,data/PaperDol.bif,0x06200738,1636,2280E349AB9F582C99990E7DA34A40D4311C4D839447AAED2AC2D8462E72D472,graphics/source/sprites/WPSJ8SXE.bam
supplemental:sprites:paperdoll-animation-bam:WPSJ8W2,sprites,paperdoll-animation-bam,WPSJ8W2,BAMC,V1,50,8,data/PaperDol.bif,0x06200739,4356,42A5E8A870C1FB42EB922DA59D64E9397052D888C975A65E010F00327A313050,graphics/source/sprites/WPSJ8W2.bam
supplemental:sprites:paperdoll-animation-bam:WPSJ8W2E,sprites,paperdoll-animation-bam,WPSJ8W2E,BAMC,V1,30,8,data/PaperDol.bif,0x0620073A,3024,C1372338C00A6035AA594162097C826F827B209DCBD68016F9E3C9AE04354EA7,graphics/source/sprites/WPSJ8W2E.bam
supplemental:sprites:paperdoll-animation-bam:WPSJ9A1,sprites,paperdoll-animation-bam,WPSJ9A1,BAMC,V1,50,16,data/PaperDol.bif,0x0620073B,5333,04B23B77B76BF9323DE55C6975710FB7B72159245E78BB12B060CDC72968B855,graphics/source/sprites/WPSJ9A1.bam
supplemental:sprites:paperdoll-animation-bam:WPSJ9A1E,sprites,paperdoll-animation-bam,WPSJ9A1E,BAMC,V1,30,16,data/PaperDol.bif,0x0620073C,3561,B7A7CD679FD1565971D9F21408DD9420D8C68477DE33CEDC0E8BD344C8B34082,graphics/source/sprites/WPSJ9A1E.bam
supplemental:sprites:paperdoll-animation-bam:WPSJ9A2,sprites,paperdoll-animation-bam,WPSJ9A2,BAMC,V1,50,8,data/PaperDol.bif,0x0620073D,5324,CD31D7A1645193F606B4AB2F80F44D0EA0A2A05387E061FCC32D595F585AEFA5,graphics/source/sprites/WPSJ9A2.bam
supplemental:sprites:paperdoll-animation-bam:WPSJ9A2E,sprites,paperdoll-animation-bam,WPSJ9A2E,BAMC,V1,30,8,data/PaperDol.bif,0x0620073E,3599,ABD0BBEE0D94EB949410CFF5CD8666759CC5AB50AA5DE7FBE6BA92FE48689DA7,graphics/source/sprites/WPSJ9A2E.bam
supplemental:sprites:paperdoll-animation-bam:WPSJ9A3,sprites,paperdoll-animation-bam,WPSJ9A3,BAMC,V1,50,8,data/PaperDol.bif,0x0620073F,5332,2ED8AE7295401843D9B57353D2BA0A3C8222647ED4480F08DFB09D74E4DA8D76,graphics/source/sprites/WPSJ9A3.bam
supplemental:sprites:paperdoll-animation-bam:WPSJ9A3E,sprites,paperdoll-animation-bam,WPSJ9A3E,BAMC,V1,30,8,data/PaperDol.bif,0x06200740,3317,BCBAFDDEA2FFB753CA951B87C84B78C7084DD9FFD611014BD8799D99E220F7DC,graphics/source/sprites/WPSJ9A3E.bam
supplemental:sprites:paperdoll-animation-bam:WPSJ9A4,sprites,paperdoll-animation-bam,WPSJ9A4,BAMC,V1,50,8,data/PaperDol.bif,0x06200741,5190,3F650711C9561954966B132626EF59BD995BB21D515347ACF10D7BBF9F3CBD67,graphics/source/sprites/WPSJ9A4.bam
supplemental:sprites:paperdoll-animation-bam:WPSJ9A4E,sprites,paperdoll-animation-bam,WPSJ9A4E,BAMC,V1,30,8,data/PaperDol.bif,0x06200742,3315,CA5B4CF1FA6F53426EC760B3696A7D3FA4F4679E91EC52524FB413A39FFEF30F,graphics/source/sprites/WPSJ9A4E.bam
supplemental:sprites:paperdoll-animation-bam:WPSJ9A5,sprites,paperdoll-animation-bam,WPSJ9A5,BAMC,V1,30,8,data/PaperDol.bif,0x06200743,3392,36D9784876AF09F86D044FCBA04AE673A66A056C2C3C5176839AF7178CA180DE,graphics/source/sprites/WPSJ9A5.bam
supplemental:sprites:paperdoll-animation-bam:WPSJ9A5E,sprites,paperdoll-animation-bam,WPSJ9A5E,BAMC,V1,18,8,data/PaperDol.bif,0x06200744,2313,FCFE5203652FBB64E31D42B8407D02D6C01AF7D07716FC3AAD2BEBC83997DD72,graphics/source/sprites/WPSJ9A5E.bam
supplemental:sprites:paperdoll-animation-bam:WPSJ9A6,sprites,paperdoll-animation-bam,WPSJ9A6,BAMC,V1,40,8,data/PaperDol.bif,0x06200745,4289,42E5F6CB830CD85E5B408ECCF4E6CA11C035690FB4F083902447D4BB32AAF6BE,graphics/source/sprites/WPSJ9A6.bam
supplemental:sprites:paperdoll-animation-bam:WPSJ9A6E,sprites,paperdoll-animation-bam,WPSJ9A6E,BAMC,V1,24,8,data/PaperDol.bif,0x06200746,2856,5BDC6062D1EE5B3CB7A2E8FC5CA64DA16BA8EC81F351686167617518506FA35C,graphics/source/sprites/WPSJ9A6E.bam
supplemental:sprites:paperdoll-animation-bam:WPSJ9CA,sprites,paperdoll-animation-bam,WPSJ9CA,BAMC,V1,50,64,data/PaperDol.bif,0x06200747,5486,3E8260E99E2B7FB5F6799923530963098287879AF87CD02FDC2211CD4D219092,graphics/source/sprites/WPSJ9CA.bam
supplemental:sprites:paperdoll-animation-bam:WPSJ9CAE,sprites,paperdoll-animation-bam,WPSJ9CAE,BAMC,V1,30,64,data/PaperDol.bif,0x06200748,3689,AF42C612459D3F109442EFDFDC82420AB5721BE3ABEBD340134D8DD7D067840F,graphics/source/sprites/WPSJ9CAE.bam
supplemental:sprites:paperdoll-animation-bam:WPSJ9G1,sprites,paperdoll-animation-bam,WPSJ9G1,BAMC,V1,180,72,data/PaperDol.bif,0x06200749,15361,9CDF39693C9142314CC12F76CF3CAAD5393AF854EF25D55D0DC95E3704F8F822,graphics/source/sprites/WPSJ9G1.bam
supplemental:sprites:paperdoll-animation-bam:WPSJ9G1E,sprites,paperdoll-animation-bam,WPSJ9G1E,BAMC,V1,108,72,data/PaperDol.bif,0x0620074A,9236,5DEFAA0403338E2F55CE091C27FCDAC9AF4746EC36C10D5D76DD1E5BB205261A,graphics/source/sprites/WPSJ9G1E.bam
supplemental:sprites:paperdoll-animation-bam:WPSJ9INV,sprites,paperdoll-animation-bam,WPSJ9INV,BAM,V1,2,1,data/PaperDol.bif,0x0620074B,2302,9378F9E4092F055098BFB9F8016D6AEC673DECF7A8826009403ADF07B3224875,graphics/source/sprites/WPSJ9INV.bam
supplemental:sprites:paperdoll-animation-bam:WPSJ9SA,sprites,paperdoll-animation-bam,WPSJ9SA,BAMC,V1,20,8,data/PaperDol.bif,0x0620074C,2648,A2A72F36DCA68DCA1116F51320B279B8550B3CC4B9854112A6D656569EC052E4,graphics/source/sprites/WPSJ9SA.bam
supplemental:sprites:paperdoll-animation-bam:WPSJ9SAE,sprites,paperdoll-animation-bam,WPSJ9SAE,BAMC,V1,12,8,data/PaperDol.bif,0x0620074D,1867,9B3260F0CA2C92D10482199509288790DF04458383730CEE8A2227885A437745,graphics/source/sprites/WPSJ9SAE.bam
supplemental:sprites:paperdoll-animation-bam:WPSJ9SX,sprites,paperdoll-animation-bam,WPSJ9SX,BAMC,V1,15,8,data/PaperDol.bif,0x0620074E,2193,586C8B1C9A0717C757188BA06B11FA5D994BDB564E1FAE7FB289F74046E1562C,graphics/source/sprites/WPSJ9SX.bam
supplemental:sprites:paperdoll-animation-bam:WPSJ9SXE,sprites,paperdoll-animation-bam,WPSJ9SXE,BAMC,V1,9,8,data/PaperDol.bif,0x0620074F,1592,2B89756ABCE2D0ED1961B1879641B2814B83304192D55D8AE245CFE7A73A2583,graphics/source/sprites/WPSJ9SXE.bam
supplemental:sprites:paperdoll-animation-bam:WPSJ9W2,sprites,paperdoll-animation-bam,WPSJ9W2,BAMC,V1,50,8,data/PaperDol.bif,0x06200750,4275,5AD17FBD7BA90B46F72D2958FA48189EFBE0DB2085A72FB8B65998CC74D8C6F7,graphics/source/sprites/WPSJ9W2.bam
supplemental:sprites:paperdoll-animation-bam:WPSJ9W2E,sprites,paperdoll-animation-bam,WPSJ9W2E,BAMC,V1,30,8,data/PaperDol.bif,0x06200751,2751,57B3CCB8B3CB47A1F01B97E35F1DEE988DDD951120C0F0A4A5B4152B4667AE1C,graphics/source/sprites/WPSJ9W2E.bam
supplemental:sprites:paperdoll-animation-bam:WPSJAA1,sprites,paperdoll-animation-bam,WPSJAA1,BAMC,V1,50,16,data/PaperDol.bif,0x06200752,10378,67081AD11CBA9BBCC332B8B0AAADD557073633F45612BF1EA7D497E80CD971B9,graphics/source/sprites/WPSJAA1.bam
supplemental:sprites:paperdoll-animation-bam:WPSJAA1E,sprites,paperdoll-animation-bam,WPSJAA1E,BAMC,V1,30,16,data/PaperDol.bif,0x06200753,6493,BDF1E1D73D239D493269E9A2CF688AB633F050B448F69CE5BE2C06F4044C4D50,graphics/source/sprites/WPSJAA1E.bam
supplemental:sprites:paperdoll-animation-bam:WPSJAA2,sprites,paperdoll-animation-bam,WPSJAA2,BAMC,V1,50,8,data/PaperDol.bif,0x06200754,10295,E230B465F55F09AD906F13B4972B0C469473DCF93FAF8C328233A1E3EE1A1E2F,graphics/source/sprites/WPSJAA2.bam
supplemental:sprites:paperdoll-animation-bam:WPSJAA2E,sprites,paperdoll-animation-bam,WPSJAA2E,BAMC,V1,30,8,data/PaperDol.bif,0x06200755,6589,1DC68182B654F20AC96B3D79777BA21045B1ACB5FC857BBA5AAB20EE1112851F,graphics/source/sprites/WPSJAA2E.bam
supplemental:sprites:paperdoll-animation-bam:WPSJAA3,sprites,paperdoll-animation-bam,WPSJAA3,BAMC,V1,50,8,data/PaperDol.bif,0x06200756,10614,A19BA8C016F6E6B9CDB9471DE7D20E1D22CD36B09F57C7B7E379B2559EA078A9,graphics/source/sprites/WPSJAA3.bam
supplemental:sprites:paperdoll-animation-bam:WPSJAA3E,sprites,paperdoll-animation-bam,WPSJAA3E,BAMC,V1,30,8,data/PaperDol.bif,0x06200757,6201,99146E9159A26A464388B489D7927F6F7B59B85EBB3DE5AA4849C18AC11DD69C,graphics/source/sprites/WPSJAA3E.bam
supplemental:sprites:paperdoll-animation-bam:WPSJAA4,sprites,paperdoll-animation-bam,WPSJAA4,BAMC,V1,50,8,data/PaperDol.bif,0x06200758,10285,800A48A77965742A91488FBEE1E28BE787AFA940ADC7FDC56D7A0A6821A898B4,graphics/source/sprites/WPSJAA4.bam
supplemental:sprites:paperdoll-animation-bam:WPSJAA4E,sprites,paperdoll-animation-bam,WPSJAA4E,BAMC,V1,30,8,data/PaperDol.bif,0x06200759,6197,2AC95F0F0237EE3FF240A426083C716345364FB4FE029E2228292AC80537D7E0,graphics/source/sprites/WPSJAA4E.bam
supplemental:sprites:paperdoll-animation-bam:WPSJAA5,sprites,paperdoll-animation-bam,WPSJAA5,BAMC,V1,30,8,data/PaperDol.bif,0x0620075A,6420,A38434E4AA1C0D5D08B009BAA9D2C55B63987F9AD7CBEF650BFE4D1658A89942,graphics/source/sprites/WPSJAA5.bam
supplemental:sprites:paperdoll-animation-bam:WPSJAA5E,sprites,paperdoll-animation-bam,WPSJAA5E,BAMC,V1,18,8,data/PaperDol.bif,0x0620075B,4104,6A646A81958F43296523AE20F8D92586CFBA53E510CA96C433A504E7E37D0E06,graphics/source/sprites/WPSJAA5E.bam
supplemental:sprites:paperdoll-animation-bam:WPSJAA6,sprites,paperdoll-animation-bam,WPSJAA6,BAMC,V1,40,8,data/PaperDol.bif,0x0620075C,8478,9AC1C3FBB223C8026227B6588A8C431D769CC5D20CDB274783E677AB3AFE1CDE,graphics/source/sprites/WPSJAA6.bam
supplemental:sprites:paperdoll-animation-bam:WPSJAA6E,sprites,paperdoll-animation-bam,WPSJAA6E,BAMC,V1,24,8,data/PaperDol.bif,0x0620075D,5207,6A97F0B561EE497A984D4818BBAEF8DD622ED30CBEFA307CBB9244A105E43CD4,graphics/source/sprites/WPSJAA6E.bam
supplemental:sprites:paperdoll-animation-bam:WPSJACA,sprites,paperdoll-animation-bam,WPSJACA,BAMC,V1,50,62,data/PaperDol.bif,0x0620075E,10899,9719765552920B25879862D0D0E2C91BEC2B8267988EFA8B37D5CED808340876,graphics/source/sprites/WPSJACA.bam
supplemental:sprites:paperdoll-animation-bam:WPSJACAE,sprites,paperdoll-animation-bam,WPSJACAE,BAMC,V1,30,64,data/PaperDol.bif,0x0620075F,6705,C119C1BD802AC05A5840F505DC54FCEDBD274997411B35E1B753E4B3AC6A774A,graphics/source/sprites/WPSJACAE.bam
supplemental:sprites:paperdoll-animation-bam:WPSJAG1,sprites,paperdoll-animation-bam,WPSJAG1,BAMC,V1,180,72,data/PaperDol.bif,0x06200760,31422,32A91C63A6348004DF5C46254560446ED70A5B8AC6865CA9A8C1D8C7E001E358,graphics/source/sprites/WPSJAG1.bam
supplemental:sprites:paperdoll-animation-bam:WPSJAG1E,sprites,paperdoll-animation-bam,WPSJAG1E,BAMC,V1,108,72,data/PaperDol.bif,0x06200761,18388,6FA359476E4F8CC4A07C9E6CC0166C3E5A9B69846CAD86B78B59BA9EE97B2E32,graphics/source/sprites/WPSJAG1E.bam
supplemental:sprites:paperdoll-animation-bam:WPSJAINV,sprites,paperdoll-animation-bam,WPSJAINV,BAM,V1,2,1,data/PaperDol.bif,0x06200762,2924,43736B6A1CD97E7A5DF71459C7B8419044D6183C836CBCFC7A57B13475AC8779,graphics/source/sprites/WPSJAINV.bam
supplemental:sprites:paperdoll-animation-bam:WPSJASA,sprites,paperdoll-animation-bam,WPSJASA,BAMC,V1,20,8,data/PaperDol.bif,0x06200763,4726,5D4ADDB5B8A1ACCA736340EA1711901D0F6D572E154A8B6D82D74A4C20B6E1E5,graphics/source/sprites/WPSJASA.bam
supplemental:sprites:paperdoll-animation-bam:WPSJASAE,sprites,paperdoll-animation-bam,WPSJASAE,BAMC,V1,12,8,data/PaperDol.bif,0x06200764,3141,7665E5E92F544B51EB0CF1FFD1F76B2304AEEE4933454FBB55AD253ABF5738AC,graphics/source/sprites/WPSJASAE.bam
supplemental:sprites:paperdoll-animation-bam:WPSJASX,sprites,paperdoll-animation-bam,WPSJASX,BAMC,V1,15,8,data/PaperDol.bif,0x06200765,3760,406D26BBED1EA5DD1043EB93BB75FAA833A8EB6ACF33B7939ADE196E59F81DD7,graphics/source/sprites/WPSJASX.bam
supplemental:sprites:paperdoll-animation-bam:WPSJASXE,sprites,paperdoll-animation-bam,WPSJASXE,BAMC,V1,9,8,data/PaperDol.bif,0x06200766,2523,A26C809D43126BBC2A4B429CD846BBA31C90CD20CB4E171EAD1718F7D28FF7E3,graphics/source/sprites/WPSJASXE.bam
supplemental:sprites:paperdoll-animation-bam:WPSJAW2,sprites,paperdoll-animation-bam,WPSJAW2,BAMC,V1,50,8,data/PaperDol.bif,0x06200767,8388,EC989D7947504FD5BF9A7C84C51265697B07B3EE902E964D23D7ED72716841BB,graphics/source/sprites/WPSJAW2.bam
supplemental:sprites:paperdoll-animation-bam:WPSJAW2E,sprites,paperdoll-animation-bam,WPSJAW2E,BAMC,V1,30,8,data/PaperDol.bif,0x06200768,5162,6BBEB3B902CEF8C15E82CF6E3E534021352CA9A32AAABF7C982A12DAA2AEFBC6,graphics/source/sprites/WPSJAW2E.bam
supplemental:sprites:paperdoll-animation-bam:WPSJBA1,sprites,paperdoll-animation-bam,WPSJBA1,BAM,V1,50,16,data/PaperDol.bif,0x06200769,2034,9A8B9161D7BC061C2894D55A7A9DDE0F091018B98BF593140645DA87CEA0A007,graphics/source/sprites/WPSJBA1.bam
supplemental:sprites:paperdoll-animation-bam:WPSJBA1E,sprites,paperdoll-animation-bam,WPSJBA1E,BAM,V1,30,16,data/PaperDol.bif,0x0620076A,1678,353EDA3947CCEEFD61C427C7D4A909B815FBC95EAC3F195B0A60CA31A8738647,graphics/source/sprites/WPSJBA1E.bam
supplemental:sprites:paperdoll-animation-bam:WPSJBA2,sprites,paperdoll-animation-bam,WPSJBA2,BAM,V1,50,8,data/PaperDol.bif,0x0620076B,1936,944B3DFC003D223ACAB015C23B27D941299B07006B0DFF136ADE9DBF91DDB3EB,graphics/source/sprites/WPSJBA2.bam
supplemental:sprites:paperdoll-animation-bam:WPSJBA2E,sprites,paperdoll-animation-bam,WPSJBA2E,BAM,V1,30,8,data/PaperDol.bif,0x0620076C,1572,BB6CCC3EECAA0A68A82F1CF88992A5068044D8624BE6BCCF3B41B0A32226122E,graphics/source/sprites/WPSJBA2E.bam
supplemental:sprites:paperdoll-animation-bam:WPSJBA3,sprites,paperdoll-animation-bam,WPSJBA3,BAM,V1,50,8,data/PaperDol.bif,0x0620076D,1936,944B3DFC003D223ACAB015C23B27D941299B07006B0DFF136ADE9DBF91DDB3EB,graphics/source/sprites/WPSJBA3.bam
supplemental:sprites:paperdoll-animation-bam:WPSJBA3E,sprites,paperdoll-animation-bam,WPSJBA3E,BAM,V1,30,8,data/PaperDol.bif,0x0620076E,1572,BB6CCC3EECAA0A68A82F1CF88992A5068044D8624BE6BCCF3B41B0A32226122E,graphics/source/sprites/WPSJBA3E.bam
supplemental:sprites:paperdoll-animation-bam:WPSJBA4,sprites,paperdoll-animation-bam,WPSJBA4,BAM,V1,50,8,data/PaperDol.bif,0x0620076F,1936,944B3DFC003D223ACAB015C23B27D941299B07006B0DFF136ADE9DBF91DDB3EB,graphics/source/sprites/WPSJBA4.bam
supplemental:sprites:paperdoll-animation-bam:WPSJBA4E,sprites,paperdoll-animation-bam,WPSJBA4E,BAM,V1,30,8,data/PaperDol.bif,0x06200770,1572,BB6CCC3EECAA0A68A82F1CF88992A5068044D8624BE6BCCF3B41B0A32226122E,graphics/source/sprites/WPSJBA4E.bam
supplemental:sprites:paperdoll-animation-bam:WPSJBA5,sprites,paperdoll-animation-bam,WPSJBA5,BAM,V1,30,8,data/PaperDol.bif,0x06200771,1644,47B0FE52DE05862965FA8892CA6B5108ED5AD2B3B1110D73A50B720317BD4DA4,graphics/source/sprites/WPSJBA5.bam
supplemental:sprites:paperdoll-animation-bam:WPSJBA5E,sprites,paperdoll-animation-bam,WPSJBA5E,BAM,V1,18,8,data/PaperDol.bif,0x06200772,1444,B511ADCF02F08A11E0E9A6969440311C6A90AC9F0056DBBDFB7C0CB8D88E7CA5,graphics/source/sprites/WPSJBA5E.bam
supplemental:sprites:paperdoll-animation-bam:WPSJBA6,sprites,paperdoll-animation-bam,WPSJBA6,BAM,V1,40,8,data/PaperDol.bif,0x06200773,1796,C55F90E379F1881021FE00292A4E5F766572253F4EE2E4FCFA18AC9D813EEC2B,graphics/source/sprites/WPSJBA6.bam
supplemental:sprites:paperdoll-animation-bam:WPSJBA6E,sprites,paperdoll-animation-bam,WPSJBA6E,BAM,V1,24,8,data/PaperDol.bif,0x06200774,1518,12EACC26D45100F19E7877DB25DCA4B034C65C4761013735E6D82CC418AB95C3,graphics/source/sprites/WPSJBA6E.bam
supplemental:sprites:paperdoll-animation-bam:WPSJBCA,sprites,paperdoll-animation-bam,WPSJBCA,BAM,V1,50,64,data/PaperDol.bif,0x06200775,3092,796E62E25B878F803BF874624865B82AE8964D76A559C293C209382F4F2F382C,graphics/source/sprites/WPSJBCA.bam
supplemental:sprites:paperdoll-animation-bam:WPSJBCAE,sprites,paperdoll-animation-bam,WPSJBCAE,BAM,V1,30,64,data/PaperDol.bif,0x06200776,2354,512CB092F3A2BB9D2E060FB618AF4E8D56CED5FDFC66BA7171BFB935FD67431E,graphics/source/sprites/WPSJBCAE.bam
supplemental:sprites:paperdoll-animation-bam:WPSJBG1,sprites,paperdoll-animation-bam,WPSJBG1,BAM,V1,180,72,data/PaperDol.bif,0x06200777,5754,256E8DF9FF3763DBED66CDE303A3297F38A92C9BC27A6C874DBFD32642F8335E,graphics/source/sprites/WPSJBG1.bam
supplemental:sprites:paperdoll-animation-bam:WPSJBG1E,sprites,paperdoll-animation-bam,WPSJBG1E,BAM,V1,108,72,data/PaperDol.bif,0x06200778,3946,6E10D76E375058AC3CF38375E8FC486031D55C3100CC560C8EBEC3BC7207CF1F,graphics/source/sprites/WPSJBG1E.bam
supplemental:sprites:paperdoll-animation-bam:WPSJBINV,sprites,paperdoll-animation-bam,WPSJBINV,BAM,V1,2,1,data/PaperDol.bif,0x06200779,1238,8FDF01227BE5B12046F97938EB24159B3045181AE502F0A299CF082B54DC3DB0,graphics/source/sprites/WPSJBINV.bam
supplemental:sprites:paperdoll-animation-bam:WPSJBSA,sprites,paperdoll-animation-bam,WPSJBSA,BAM,V1,20,8,data/PaperDol.bif,0x0620077A,1516,3ACDA5E0B8F1CCAE46185709147343DBE2AC6D9E74CD3D112451EB4F2C959627,graphics/source/sprites/WPSJBSA.bam
supplemental:sprites:paperdoll-animation-bam:WPSJBSAE,sprites,paperdoll-animation-bam,WPSJBSAE,BAM,V1,12,8,data/PaperDol.bif,0x0620077B,1350,C4182AE17FED09D6F93D65E91BA3E252660A424A6B850E4DC63A474784396131,graphics/source/sprites/WPSJBSAE.bam
supplemental:sprites:paperdoll-animation-bam:WPSJBSX,sprites,paperdoll-animation-bam,WPSJBSX,BAM,V1,15,8,data/PaperDol.bif,0x0620077C,1446,19D89EAE8A347996A132BCA73E1DB0310ABAFB4D166572561778690A2EE6FC4F,graphics/source/sprites/WPSJBSX.bam
supplemental:sprites:paperdoll-animation-bam:WPSJBSXE,sprites,paperdoll-animation-bam,WPSJBSXE,BAM,V1,9,8,data/PaperDol.bif,0x0620077D,1298,E41B7930EA0F5B79D5AB91A50A861F8AC219C6BA360AC4696B153D50104F5C31,graphics/source/sprites/WPSJBSXE.bam
supplemental:sprites:paperdoll-animation-bam:WPSJBW2,sprites,paperdoll-animation-bam,WPSJBW2,BAM,V1,50,8,data/PaperDol.bif,0x0620077E,2502,F4361518F5BC7040D3F74B2BCF015577E13771877C94758B3772563F5B3AFF45,graphics/source/sprites/WPSJBW2.bam
supplemental:sprites:paperdoll-animation-bam:WPSJBW2E,sprites,paperdoll-animation-bam,WPSJBW2E,BAM,V1,30,8,data/PaperDol.bif,0x0620077F,1560,21D59C452D8D505F6C60B435368DAD0841A9F8585B35E2F4BD193E2625A80163,graphics/source/sprites/WPSJBW2E.bam
supplemental:sprites:paperdoll-animation-bam:WPSJCINV,sprites,paperdoll-animation-bam,WPSJCINV,BAM,V1,2,1,data/PaperDol.bif,0x06200780,2567,D39BB33F511EEFD2E8297B507B1C38764A4223E49DCD5903606F263FD81BABA0,graphics/source/sprites/WPSJCINV.bam
supplemental:sprites:paperdoll-animation-bam:WPSM2A1,sprites,paperdoll-animation-bam,WPSM2A1,BAMC,V1,50,15,data/PaperDol.bif,0x06200781,4036,B93E5B9A3EFB8614A140E59B57D1CB48C466F21C7FC57C9D728F170FA750B353,graphics/source/sprites/WPSM2A1.bam
supplemental:sprites:paperdoll-animation-bam:WPSM2A1E,sprites,paperdoll-animation-bam,WPSM2A1E,BAMC,V1,30,16,data/PaperDol.bif,0x06200782,2686,0C27F99B7FD3B84B48715EDE0934208809F20AE7A5846020642BCE949C70D09B,graphics/source/sprites/WPSM2A1E.bam
supplemental:sprites:paperdoll-animation-bam:WPSM2A3,sprites,paperdoll-animation-bam,WPSM2A3,BAMC,V1,50,8,data/PaperDol.bif,0x06200783,3642,C8B2236C4C10EEFB70E0AEDCDA0265328836ACF49789A131D2FFE5B322DB65B2,graphics/source/sprites/WPSM2A3.bam
supplemental:sprites:paperdoll-animation-bam:WPSM2A3E,sprites,paperdoll-animation-bam,WPSM2A3E,BAMC,V1,30,8,data/PaperDol.bif,0x06200784,2761,3493768E1791571D081B204C06625A8816F3FB33219D9A419FC07EC246E0D5ED,graphics/source/sprites/WPSM2A3E.bam
supplemental:sprites:paperdoll-animation-bam:WPSM2G1,sprites,paperdoll-animation-bam,WPSM2G1,BAMC,V1,180,72,data/PaperDol.bif,0x06200785,10110,26EF2DC37695D8677EA51A36AB83B476FF5726648DE18CD67F89C0508C759DF0,graphics/source/sprites/WPSM2G1.bam
supplemental:sprites:paperdoll-animation-bam:WPSM2G1E,sprites,paperdoll-animation-bam,WPSM2G1E,BAMC,V1,108,72,data/PaperDol.bif,0x06200786,7307,66A4AA0B8ABF9EFFF09754EF3DC95E520AB2770B8D697F4567A7A0E430E6FE62,graphics/source/sprites/WPSM2G1E.bam
supplemental:sprites:paperdoll-animation-bam:WPSM2INV,sprites,paperdoll-animation-bam,WPSM2INV,BAM,V1,2,1,data/PaperDol.bif,0x06200787,1807,35844E127F3D5AD346DAFF797AB9F7DE2E9D54678F366F2CF1A4CF86052DD836,graphics/source/sprites/WPSM2INV.bam
supplemental:sprites:paperdoll-animation-bam:WPSM2OIN,sprites,paperdoll-animation-bam,WPSM2OIN,BAM,V1,2,1,data/PaperDol.bif,0x06200788,1695,5DF1FA0F5026654D0A6AA203F609E63FB06F931D6255250FBCA1CABE8B3DFE1E,graphics/source/sprites/WPSM2OIN.bam
supplemental:sprites:paperdoll-animation-bam:WPSM2W2,sprites,paperdoll-animation-bam,WPSM2W2,BAMC,V1,50,8,data/PaperDol.bif,0x06200789,2979,562F228B3C485893A6B774655CF03DDC45E2A1BBE0A8A04BE44234DF7C16B8A6,graphics/source/sprites/WPSM2W2.bam
supplemental:sprites:paperdoll-animation-bam:WPSM2W2E,sprites,paperdoll-animation-bam,WPSM2W2E,BAMC,V1,30,8,data/PaperDol.bif,0x0620078A,2416,5295554C3A19ED511AEE8BF1CED377275B3599D94ECFDD1B5FB0A1C862A32000,graphics/source/sprites/WPSM2W2E.bam
supplemental:sprites:object-animation-bam:WPSMCA1,sprites,object-animation-bam,WPSMCA1,BAMC,V1,50,15,data/OBJAnim.bif,0x002003C7,4036,B93E5B9A3EFB8614A140E59B57D1CB48C466F21C7FC57C9D728F170FA750B353,graphics/source/sprites/WPSMCA1.bam
supplemental:sprites:object-animation-bam:WPSMCA1E,sprites,object-animation-bam,WPSMCA1E,BAMC,V1,30,16,data/OBJAnim.bif,0x002003C8,2686,0C27F99B7FD3B84B48715EDE0934208809F20AE7A5846020642BCE949C70D09B,graphics/source/sprites/WPSMCA1E.bam
supplemental:sprites:object-animation-bam:WPSMCA3,sprites,object-animation-bam,WPSMCA3,BAMC,V1,50,8,data/OBJAnim.bif,0x002003C9,3642,C8B2236C4C10EEFB70E0AEDCDA0265328836ACF49789A131D2FFE5B322DB65B2,graphics/source/sprites/WPSMCA3.bam
supplemental:sprites:object-animation-bam:WPSMCA3E,sprites,object-animation-bam,WPSMCA3E,BAMC,V1,30,8,data/OBJAnim.bif,0x002003CA,2761,3493768E1791571D081B204C06625A8816F3FB33219D9A419FC07EC246E0D5ED,graphics/source/sprites/WPSMCA3E.bam
supplemental:sprites:object-animation-bam:WPSMCG1,sprites,object-animation-bam,WPSMCG1,BAMC,V1,180,72,data/OBJAnim.bif,0x002003CB,10110,26EF2DC37695D8677EA51A36AB83B476FF5726648DE18CD67F89C0508C759DF0,graphics/source/sprites/WPSMCG1.bam
supplemental:sprites:object-animation-bam:WPSMCG1E,sprites,object-animation-bam,WPSMCG1E,BAMC,V1,108,72,data/OBJAnim.bif,0x002003CC,7307,66A4AA0B8ABF9EFFF09754EF3DC95E520AB2770B8D697F4567A7A0E430E6FE62,graphics/source/sprites/WPSMCG1E.bam
supplemental:sprites:paperdoll-animation-bam:WPSMCINV,sprites,paperdoll-animation-bam,WPSMCINV,BAM,V1,2,1,data/PaperDol.bif,0x0620078B,1475,5FE5457B5CAD5205B91FDF1309ED4DCF9BC693A8E47CA9E56AB7BF8E93747537,graphics/source/sprites/WPSMCINV.bam
supplemental:sprites:paperdoll-animation-bam:WPSMCOIN,sprites,paperdoll-animation-bam,WPSMCOIN,BAM,V1,2,1,data/PaperDol.bif,0x0620078C,1430,9BE7187C028A65C78470F8E7335A9E593D197538AAD0138C554AE9214091D2B3,graphics/source/sprites/WPSMCOIN.bam
supplemental:sprites:object-animation-bam:WPSMCW2,sprites,object-animation-bam,WPSMCW2,BAMC,V1,50,8,data/OBJAnim.bif,0x002003CD,2979,562F228B3C485893A6B774655CF03DDC45E2A1BBE0A8A04BE44234DF7C16B8A6,graphics/source/sprites/WPSMCW2.bam
supplemental:sprites:object-animation-bam:WPSMCW2E,sprites,object-animation-bam,WPSMCW2E,BAMC,V1,30,8,data/OBJAnim.bif,0x002003CE,2416,5295554C3A19ED511AEE8BF1CED377275B3599D94ECFDD1B5FB0A1C862A32000,graphics/source/sprites/WPSMCW2E.bam
supplemental:sprites:object-animation-bam:WPSMSA1,sprites,object-animation-bam,WPSMSA1,BAMC,V1,50,15,data/OBJAnim.bif,0x002003CF,4036,B93E5B9A3EFB8614A140E59B57D1CB48C466F21C7FC57C9D728F170FA750B353,graphics/source/sprites/WPSMSA1.bam
supplemental:sprites:object-animation-bam:WPSMSA1E,sprites,object-animation-bam,WPSMSA1E,BAMC,V1,30,16,data/OBJAnim.bif,0x002003D0,2686,0C27F99B7FD3B84B48715EDE0934208809F20AE7A5846020642BCE949C70D09B,graphics/source/sprites/WPSMSA1E.bam
supplemental:sprites:object-animation-bam:WPSMSA3,sprites,object-animation-bam,WPSMSA3,BAMC,V1,50,8,data/OBJAnim.bif,0x002003D1,3642,C8B2236C4C10EEFB70E0AEDCDA0265328836ACF49789A131D2FFE5B322DB65B2,graphics/source/sprites/WPSMSA3.bam
supplemental:sprites:object-animation-bam:WPSMSA3E,sprites,object-animation-bam,WPSMSA3E,BAMC,V1,30,8,data/OBJAnim.bif,0x002003D2,2761,3493768E1791571D081B204C06625A8816F3FB33219D9A419FC07EC246E0D5ED,graphics/source/sprites/WPSMSA3E.bam
supplemental:sprites:object-animation-bam:WPSMSG1,sprites,object-animation-bam,WPSMSG1,BAMC,V1,180,72,data/OBJAnim.bif,0x002003D3,11699,18A6B141E932D676A20C589D4B714ADF5EBAB35997D9B038C877A9929EC10011,graphics/source/sprites/WPSMSG1.bam
supplemental:sprites:object-animation-bam:WPSMSG1E,sprites,object-animation-bam,WPSMSG1E,BAMC,V1,108,72,data/OBJAnim.bif,0x002003D4,7307,66A4AA0B8ABF9EFFF09754EF3DC95E520AB2770B8D697F4567A7A0E430E6FE62,graphics/source/sprites/WPSMSG1E.bam
supplemental:sprites:paperdoll-animation-bam:WPSMSINV,sprites,paperdoll-animation-bam,WPSMSINV,BAM,V1,2,1,data/PaperDol.bif,0x0620078D,1528,87D61FB7E120700F34E82C5E4834CEFE6D1FDE41C86A0B6865B98558940E5DCB,graphics/source/sprites/WPSMSINV.bam
supplemental:sprites:paperdoll-animation-bam:WPSMSOIN,sprites,paperdoll-animation-bam,WPSMSOIN,BAM,V1,2,1,data/PaperDol.bif,0x0620078E,1540,36DDDEEF6B387ACAE2601BDDA549C71726C0162B19E3E250E1633B1174AB5DD7,graphics/source/sprites/WPSMSOIN.bam
supplemental:sprites:object-animation-bam:WPSMSW2,sprites,object-animation-bam,WPSMSW2,BAMC,V1,50,8,data/OBJAnim.bif,0x002003D5,2979,562F228B3C485893A6B774655CF03DDC45E2A1BBE0A8A04BE44234DF7C16B8A6,graphics/source/sprites/WPSMSW2.bam
supplemental:sprites:object-animation-bam:WPSMSW2E,sprites,object-animation-bam,WPSMSW2E,BAMC,V1,30,8,data/OBJAnim.bif,0x002003D6,2416,5295554C3A19ED511AEE8BF1CED377275B3599D94ECFDD1B5FB0A1C862A32000,graphics/source/sprites/WPSMSW2E.bam
supplemental:sprites:paperdoll-animation-bam:WPSQ2A2,sprites,paperdoll-animation-bam,WPSQ2A2,BAMC,V1,50,8,data/PaperDol.bif,0x0620078F,5683,C54403F1A8FBFF95A45EA6FE78A3139DD5D463AB5F8200019E6040A7292338C9,graphics/source/sprites/WPSQ2A2.bam
supplemental:sprites:paperdoll-animation-bam:WPSQ2A2E,sprites,paperdoll-animation-bam,WPSQ2A2E,BAMC,V1,30,8,data/PaperDol.bif,0x06200790,3631,F8E0B424CE262C0CF6405B588DBFDDEB24F89178C5D27AB7EB61E9AFE372C747,graphics/source/sprites/WPSQ2A2E.bam
supplemental:sprites:paperdoll-animation-bam:WPSQ2A4,sprites,paperdoll-animation-bam,WPSQ2A4,BAMC,V1,50,8,data/PaperDol.bif,0x06200791,5441,5BAD7EFA51354417169D0E0A6A3C13D38529A722185CAA41520143B7CE158BFD,graphics/source/sprites/WPSQ2A4.bam
supplemental:sprites:paperdoll-animation-bam:WPSQ2A4E,sprites,paperdoll-animation-bam,WPSQ2A4E,BAMC,V1,30,8,data/PaperDol.bif,0x06200792,3834,55C474842962DEDBF4D3A7A37841B4DAFEBD455952C15E40663F64D62CC7B588,graphics/source/sprites/WPSQ2A4E.bam
supplemental:sprites:paperdoll-animation-bam:WPSQ2A6,sprites,paperdoll-animation-bam,WPSQ2A6,BAMC,V1,40,8,data/PaperDol.bif,0x06200793,4585,E9DBE3F8D2D4CC39500E1AA7C3F9DB54AEDA09FCA490AE6C8CAADC17D8D3C7E2,graphics/source/sprites/WPSQ2A6.bam
supplemental:sprites:paperdoll-animation-bam:WPSQ2A6E,sprites,paperdoll-animation-bam,WPSQ2A6E,BAMC,V1,24,8,data/PaperDol.bif,0x06200794,2957,B55C899B49307C99303BD6B5C32C9416312D81B14C9457E7D1355CC54BF67289,graphics/source/sprites/WPSQ2A6E.bam
supplemental:sprites:paperdoll-animation-bam:WPSQ2G1,sprites,paperdoll-animation-bam,WPSQ2G1,BAMC,V1,180,72,data/PaperDol.bif,0x06200795,15437,272BA8BA2E3CE2B061DE5DAEA595D6A0D65EB4BCA4F73DDB1374100D91979FA8,graphics/source/sprites/WPSQ2G1.bam
supplemental:sprites:paperdoll-animation-bam:WPSQ2G1E,sprites,paperdoll-animation-bam,WPSQ2G1E,BAMC,V1,108,72,data/PaperDol.bif,0x06200796,11569,1169FA502B6DABC335E879154EBDE7B254C0760788B4C0F14FF8ACA20DEBA877,graphics/source/sprites/WPSQ2G1E.bam
supplemental:sprites:paperdoll-animation-bam:WPSQ2INV,sprites,paperdoll-animation-bam,WPSQ2INV,BAM,V1,2,1,data/PaperDol.bif,0x06200797,1873,57DA19500C010F645F77FDD72DD5C201BBC41DD9955CF545B8A963EB20B3C701,graphics/source/sprites/WPSQ2INV.bam
supplemental:sprites:paperdoll-animation-bam:WPSQ2W2,sprites,paperdoll-animation-bam,WPSQ2W2,BAMC,V1,50,8,data/PaperDol.bif,0x06200798,4235,7B91A455DD93A6D1A7A4D5C2D263856072936EA1164490FE0CBFC1615802B263,graphics/source/sprites/WPSQ2W2.bam
supplemental:sprites:paperdoll-animation-bam:WPSQ2W2E,sprites,paperdoll-animation-bam,WPSQ2W2E,BAMC,V1,30,8,data/PaperDol.bif,0x06200799,3460,F23E8FB955FFDF7EC059035B8010FEEE17716749941C14969868167141DA5BAC,graphics/source/sprites/WPSQ2W2E.bam
supplemental:sprites:paperdoll-animation-bam:WPSQ3A2,sprites,paperdoll-animation-bam,WPSQ3A2,BAMC,V1,50,8,data/PaperDol.bif,0x0620079A,5683,C54403F1A8FBFF95A45EA6FE78A3139DD5D463AB5F8200019E6040A7292338C9,graphics/source/sprites/WPSQ3A2.bam
supplemental:sprites:paperdoll-animation-bam:WPSQ3A2E,sprites,paperdoll-animation-bam,WPSQ3A2E,BAMC,V1,30,8,data/PaperDol.bif,0x0620079B,3631,F8E0B424CE262C0CF6405B588DBFDDEB24F89178C5D27AB7EB61E9AFE372C747,graphics/source/sprites/WPSQ3A2E.bam
supplemental:sprites:paperdoll-animation-bam:WPSQ3A4,sprites,paperdoll-animation-bam,WPSQ3A4,BAMC,V1,50,8,data/PaperDol.bif,0x0620079C,5441,5BAD7EFA51354417169D0E0A6A3C13D38529A722185CAA41520143B7CE158BFD,graphics/source/sprites/WPSQ3A4.bam
supplemental:sprites:paperdoll-animation-bam:WPSQ3A4E,sprites,paperdoll-animation-bam,WPSQ3A4E,BAMC,V1,30,8,data/PaperDol.bif,0x0620079D,3834,55C474842962DEDBF4D3A7A37841B4DAFEBD455952C15E40663F64D62CC7B588,graphics/source/sprites/WPSQ3A4E.bam
supplemental:sprites:paperdoll-animation-bam:WPSQ3A6,sprites,paperdoll-animation-bam,WPSQ3A6,BAMC,V1,40,8,data/PaperDol.bif,0x0620079E,4585,E9DBE3F8D2D4CC39500E1AA7C3F9DB54AEDA09FCA490AE6C8CAADC17D8D3C7E2,graphics/source/sprites/WPSQ3A6.bam
supplemental:sprites:paperdoll-animation-bam:WPSQ3A6E,sprites,paperdoll-animation-bam,WPSQ3A6E,BAMC,V1,24,8,data/PaperDol.bif,0x0620079F,2957,B55C899B49307C99303BD6B5C32C9416312D81B14C9457E7D1355CC54BF67289,graphics/source/sprites/WPSQ3A6E.bam
supplemental:sprites:paperdoll-animation-bam:WPSQ3G1,sprites,paperdoll-animation-bam,WPSQ3G1,BAMC,V1,180,72,data/PaperDol.bif,0x062007A0,15437,272BA8BA2E3CE2B061DE5DAEA595D6A0D65EB4BCA4F73DDB1374100D91979FA8,graphics/source/sprites/WPSQ3G1.bam
supplemental:sprites:paperdoll-animation-bam:WPSQ3G1E,sprites,paperdoll-animation-bam,WPSQ3G1E,BAMC,V1,108,72,data/PaperDol.bif,0x062007A1,11569,1169FA502B6DABC335E879154EBDE7B254C0760788B4C0F14FF8ACA20DEBA877,graphics/source/sprites/WPSQ3G1E.bam
supplemental:sprites:paperdoll-animation-bam:WPSQ3INV,sprites,paperdoll-animation-bam,WPSQ3INV,BAM,V1,2,1,data/PaperDol.bif,0x062007A2,2275,6EB862602D6A342298E988258F3F95A62E8820AAC08FEEC8420F2F0269B45DAF,graphics/source/sprites/WPSQ3INV.bam
supplemental:sprites:paperdoll-animation-bam:WPSQ3W2,sprites,paperdoll-animation-bam,WPSQ3W2,BAMC,V1,50,8,data/PaperDol.bif,0x062007A3,4235,7B91A455DD93A6D1A7A4D5C2D263856072936EA1164490FE0CBFC1615802B263,graphics/source/sprites/WPSQ3W2.bam
supplemental:sprites:paperdoll-animation-bam:WPSQ3W2E,sprites,paperdoll-animation-bam,WPSQ3W2E,BAMC,V1,30,8,data/PaperDol.bif,0x062007A4,3460,F23E8FB955FFDF7EC059035B8010FEEE17716749941C14969868167141DA5BAC,graphics/source/sprites/WPSQ3W2E.bam
supplemental:sprites:paperdoll-animation-bam:WPSQ4A2,sprites,paperdoll-animation-bam,WPSQ4A2,BAMC,V1,50,8,data/PaperDol.bif,0x062007A5,5683,C54403F1A8FBFF95A45EA6FE78A3139DD5D463AB5F8200019E6040A7292338C9,graphics/source/sprites/WPSQ4A2.bam
supplemental:sprites:paperdoll-animation-bam:WPSQ4A2E,sprites,paperdoll-animation-bam,WPSQ4A2E,BAMC,V1,30,8,data/PaperDol.bif,0x062007A6,3631,F8E0B424CE262C0CF6405B588DBFDDEB24F89178C5D27AB7EB61E9AFE372C747,graphics/source/sprites/WPSQ4A2E.bam
supplemental:sprites:paperdoll-animation-bam:WPSQ4A4,sprites,paperdoll-animation-bam,WPSQ4A4,BAMC,V1,50,8,data/PaperDol.bif,0x062007A7,5441,5BAD7EFA51354417169D0E0A6A3C13D38529A722185CAA41520143B7CE158BFD,graphics/source/sprites/WPSQ4A4.bam
supplemental:sprites:paperdoll-animation-bam:WPSQ4A4E,sprites,paperdoll-animation-bam,WPSQ4A4E,BAMC,V1,30,8,data/PaperDol.bif,0x062007A8,3834,55C474842962DEDBF4D3A7A37841B4DAFEBD455952C15E40663F64D62CC7B588,graphics/source/sprites/WPSQ4A4E.bam
supplemental:sprites:paperdoll-animation-bam:WPSQ4A6,sprites,paperdoll-animation-bam,WPSQ4A6,BAMC,V1,40,8,data/PaperDol.bif,0x062007A9,4585,E9DBE3F8D2D4CC39500E1AA7C3F9DB54AEDA09FCA490AE6C8CAADC17D8D3C7E2,graphics/source/sprites/WPSQ4A6.bam
supplemental:sprites:paperdoll-animation-bam:WPSQ4A6E,sprites,paperdoll-animation-bam,WPSQ4A6E,BAMC,V1,24,8,data/PaperDol.bif,0x062007AA,2957,B55C899B49307C99303BD6B5C32C9416312D81B14C9457E7D1355CC54BF67289,graphics/source/sprites/WPSQ4A6E.bam
supplemental:sprites:paperdoll-animation-bam:WPSQ4G1,sprites,paperdoll-animation-bam,WPSQ4G1,BAMC,V1,180,72,data/PaperDol.bif,0x062007AB,15437,272BA8BA2E3CE2B061DE5DAEA595D6A0D65EB4BCA4F73DDB1374100D91979FA8,graphics/source/sprites/WPSQ4G1.bam
supplemental:sprites:paperdoll-animation-bam:WPSQ4G1E,sprites,paperdoll-animation-bam,WPSQ4G1E,BAMC,V1,108,72,data/PaperDol.bif,0x062007AC,11569,1169FA502B6DABC335E879154EBDE7B254C0760788B4C0F14FF8ACA20DEBA877,graphics/source/sprites/WPSQ4G1E.bam
supplemental:sprites:paperdoll-animation-bam:WPSQ4INV,sprites,paperdoll-animation-bam,WPSQ4INV,BAM,V1,2,1,data/PaperDol.bif,0x062007AD,2518,C250FD92DEB6F9E9D01571F2FFAB615A8C821274B897AC552A21106B243B29E6,graphics/source/sprites/WPSQ4INV.bam
supplemental:sprites:paperdoll-animation-bam:WPSQ4W2,sprites,paperdoll-animation-bam,WPSQ4W2,BAMC,V1,50,8,data/PaperDol.bif,0x062007AE,4235,7B91A455DD93A6D1A7A4D5C2D263856072936EA1164490FE0CBFC1615802B263,graphics/source/sprites/WPSQ4W2.bam
supplemental:sprites:paperdoll-animation-bam:WPSQ4W2E,sprites,paperdoll-animation-bam,WPSQ4W2E,BAMC,V1,30,8,data/PaperDol.bif,0x062007AF,3460,F23E8FB955FFDF7EC059035B8010FEEE17716749941C14969868167141DA5BAC,graphics/source/sprites/WPSQ4W2E.bam
supplemental:sprites:object-animation-bam:WPSQSA2,sprites,object-animation-bam,WPSQSA2,BAMC,V1,50,8,data/OBJAnim.bif,0x002003D7,5683,C54403F1A8FBFF95A45EA6FE78A3139DD5D463AB5F8200019E6040A7292338C9,graphics/source/sprites/WPSQSA2.bam
supplemental:sprites:object-animation-bam:WPSQSA2E,sprites,object-animation-bam,WPSQSA2E,BAMC,V1,30,8,data/OBJAnim.bif,0x002003D8,3631,F8E0B424CE262C0CF6405B588DBFDDEB24F89178C5D27AB7EB61E9AFE372C747,graphics/source/sprites/WPSQSA2E.bam
supplemental:sprites:object-animation-bam:WPSQSA4,sprites,object-animation-bam,WPSQSA4,BAMC,V1,50,8,data/OBJAnim.bif,0x002003D9,5441,5BAD7EFA51354417169D0E0A6A3C13D38529A722185CAA41520143B7CE158BFD,graphics/source/sprites/WPSQSA4.bam
supplemental:sprites:object-animation-bam:WPSQSA4E,sprites,object-animation-bam,WPSQSA4E,BAMC,V1,30,8,data/OBJAnim.bif,0x002003DA,3834,55C474842962DEDBF4D3A7A37841B4DAFEBD455952C15E40663F64D62CC7B588,graphics/source/sprites/WPSQSA4E.bam
supplemental:sprites:object-animation-bam:WPSQSA6,sprites,object-animation-bam,WPSQSA6,BAMC,V1,40,8,data/OBJAnim.bif,0x002003DB,4585,E9DBE3F8D2D4CC39500E1AA7C3F9DB54AEDA09FCA490AE6C8CAADC17D8D3C7E2,graphics/source/sprites/WPSQSA6.bam
supplemental:sprites:object-animation-bam:WPSQSA6E,sprites,object-animation-bam,WPSQSA6E,BAMC,V1,24,8,data/OBJAnim.bif,0x002003DC,2957,B55C899B49307C99303BD6B5C32C9416312D81B14C9457E7D1355CC54BF67289,graphics/source/sprites/WPSQSA6E.bam
supplemental:sprites:object-animation-bam:WPSQSG1,sprites,object-animation-bam,WPSQSG1,BAMC,V1,180,72,data/OBJAnim.bif,0x002003DD,15437,272BA8BA2E3CE2B061DE5DAEA595D6A0D65EB4BCA4F73DDB1374100D91979FA8,graphics/source/sprites/WPSQSG1.bam
supplemental:sprites:object-animation-bam:WPSQSG1E,sprites,object-animation-bam,WPSQSG1E,BAMC,V1,108,72,data/OBJAnim.bif,0x002003DE,11569,1169FA502B6DABC335E879154EBDE7B254C0760788B4C0F14FF8ACA20DEBA877,graphics/source/sprites/WPSQSG1E.bam
supplemental:sprites:paperdoll-animation-bam:WPSQSINV,sprites,paperdoll-animation-bam,WPSQSINV,BAM,V1,2,1,data/PaperDol.bif,0x062007B0,1906,0E2FDB82087193114411AC4FB70B02B77C8E3927B0DCDF2C06F5B3106628F435,graphics/source/sprites/WPSQSINV.bam
supplemental:sprites:object-animation-bam:WPSQSW2,sprites,object-animation-bam,WPSQSW2,BAMC,V1,50,8,data/OBJAnim.bif,0x002003DF,4235,7B91A455DD93A6D1A7A4D5C2D263856072936EA1164490FE0CBFC1615802B263,graphics/source/sprites/WPSQSW2.bam
supplemental:sprites:object-animation-bam:WPSQSW2E,sprites,object-animation-bam,WPSQSW2E,BAMC,V1,30,8,data/OBJAnim.bif,0x002003E0,3460,F23E8FB955FFDF7EC059035B8010FEEE17716749941C14969868167141DA5BAC,graphics/source/sprites/WPSQSW2E.bam
supplemental:sprites:paperdoll-animation-bam:WPSS0A1,sprites,paperdoll-animation-bam,WPSS0A1,BAMC,V1,50,15,data/PaperDol.bif,0x062007B1,3799,98B30A93EFEDA397FB437AC0CA578791A968A6F1752A4278A3DC136325568C4E,graphics/source/sprites/WPSS0A1.bam
supplemental:sprites:paperdoll-animation-bam:WPSS0A1E,sprites,paperdoll-animation-bam,WPSS0A1E,BAMC,V1,30,16,data/PaperDol.bif,0x062007B2,2760,019E349EE7B857D119DDA7F5E7E4C2DFD3053D4BE2DE4C0B68233A8F998C8247,graphics/source/sprites/WPSS0A1E.bam
supplemental:sprites:paperdoll-animation-bam:WPSS0A3,sprites,paperdoll-animation-bam,WPSS0A3,BAMC,V1,50,8,data/PaperDol.bif,0x062007B3,3272,08E2B702C65572D89E62CB5A9695320D571921D5E04920145B49BFA8E7C59299,graphics/source/sprites/WPSS0A3.bam
supplemental:sprites:paperdoll-animation-bam:WPSS0A3E,sprites,paperdoll-animation-bam,WPSS0A3E,BAMC,V1,30,8,data/PaperDol.bif,0x062007B4,2954,DC3575E353B723DFB9477F755C22F37E1552F8184651B68E9716B30A89B271B6,graphics/source/sprites/WPSS0A3E.bam
supplemental:sprites:paperdoll-animation-bam:WPSS0A5,sprites,paperdoll-animation-bam,WPSS0A5,BAMC,V1,30,8,data/PaperDol.bif,0x062007B5,2289,59ED24CF463987BD1655E945D96D2878C0CA060510559B2C18DFC5318473D605,graphics/source/sprites/WPSS0A5.bam
supplemental:sprites:paperdoll-animation-bam:WPSS0A5E,sprites,paperdoll-animation-bam,WPSS0A5E,BAMC,V1,18,8,data/PaperDol.bif,0x062007B6,1848,E33DBA3EF1218EF69850AFCA93F0D2A069595DB779CCDDBD158D04FD66F97D75,graphics/source/sprites/WPSS0A5E.bam
supplemental:sprites:paperdoll-animation-bam:WPSS0G1,sprites,paperdoll-animation-bam,WPSS0G1,BAMC,V1,180,72,data/PaperDol.bif,0x062007B7,9232,5D31DF7EE7B5448F5C10439957607851F97B591295B59E09C913092BA2EADB24,graphics/source/sprites/WPSS0G1.bam
supplemental:sprites:paperdoll-animation-bam:WPSS0G1E,sprites,paperdoll-animation-bam,WPSS0G1E,BAMC,V1,108,72,data/PaperDol.bif,0x062007B8,7429,2916F96CD0BE8310DE62D9430232D5F877030BC440A4E9329ECF8919B8E44673,graphics/source/sprites/WPSS0G1E.bam
supplemental:sprites:paperdoll-animation-bam:WPSS0INV,sprites,paperdoll-animation-bam,WPSS0INV,BAM,V1,2,1,data/PaperDol.bif,0x062007B9,1600,72CEFA6FB48E42E9264A94D36A301995FC26DCEDBD524FF9ED719C68A00953DF,graphics/source/sprites/WPSS0INV.bam
supplemental:sprites:paperdoll-animation-bam:WPSS0OIN,sprites,paperdoll-animation-bam,WPSS0OIN,BAM,V1,2,1,data/PaperDol.bif,0x062007BA,1492,EA9768B0D49A4C15A992A4306BE53128DA1AD234B831A189D63EB2396AA39A59,graphics/source/sprites/WPSS0OIN.bam
supplemental:sprites:paperdoll-animation-bam:WPSS0W2,sprites,paperdoll-animation-bam,WPSS0W2,BAMC,V1,50,8,data/PaperDol.bif,0x062007BB,2660,AE1031BCF3325C9DA03917E2F3D0A1BB7AF88C966A84AE4DB4D6AD6955D2AA61,graphics/source/sprites/WPSS0W2.bam
supplemental:sprites:paperdoll-animation-bam:WPSS0W2E,sprites,paperdoll-animation-bam,WPSS0W2E,BAMC,V1,30,8,data/PaperDol.bif,0x062007BC,2546,AE2E62ECB003DDE65D0B75B93A969DAF8176490A7A9915740EA51862E4F3C771,graphics/source/sprites/WPSS0W2E.bam
supplemental:sprites:object-animation-bam:WPSS1A1,sprites,object-animation-bam,WPSS1A1,BAMC,V1,50,15,data/OBJAnim.bif,0x002003E1,3799,98B30A93EFEDA397FB437AC0CA578791A968A6F1752A4278A3DC136325568C4E,graphics/source/sprites/WPSS1A1.bam
supplemental:sprites:object-animation-bam:WPSS1A1E,sprites,object-animation-bam,WPSS1A1E,BAMC,V1,30,16,data/OBJAnim.bif,0x002003E2,2760,019E349EE7B857D119DDA7F5E7E4C2DFD3053D4BE2DE4C0B68233A8F998C8247,graphics/source/sprites/WPSS1A1E.bam
supplemental:sprites:object-animation-bam:WPSS1A3,sprites,object-animation-bam,WPSS1A3,BAMC,V1,50,8,data/OBJAnim.bif,0x002003E3,3272,08E2B702C65572D89E62CB5A9695320D571921D5E04920145B49BFA8E7C59299,graphics/source/sprites/WPSS1A3.bam
supplemental:sprites:object-animation-bam:WPSS1A3E,sprites,object-animation-bam,WPSS1A3E,BAMC,V1,30,8,data/OBJAnim.bif,0x002003E4,2954,DC3575E353B723DFB9477F755C22F37E1552F8184651B68E9716B30A89B271B6,graphics/source/sprites/WPSS1A3E.bam
supplemental:sprites:object-animation-bam:WPSS1A5,sprites,object-animation-bam,WPSS1A5,BAMC,V1,30,8,data/OBJAnim.bif,0x002003E5,2289,59ED24CF463987BD1655E945D96D2878C0CA060510559B2C18DFC5318473D605,graphics/source/sprites/WPSS1A5.bam
supplemental:sprites:object-animation-bam:WPSS1A5E,sprites,object-animation-bam,WPSS1A5E,BAMC,V1,18,8,data/OBJAnim.bif,0x002003E6,1848,E33DBA3EF1218EF69850AFCA93F0D2A069595DB779CCDDBD158D04FD66F97D75,graphics/source/sprites/WPSS1A5E.bam
supplemental:sprites:object-animation-bam:WPSS1G1,sprites,object-animation-bam,WPSS1G1,BAMC,V1,180,72,data/OBJAnim.bif,0x002003E7,9232,5D31DF7EE7B5448F5C10439957607851F97B591295B59E09C913092BA2EADB24,graphics/source/sprites/WPSS1G1.bam
supplemental:sprites:object-animation-bam:WPSS1G1E,sprites,object-animation-bam,WPSS1G1E,BAMC,V1,108,72,data/OBJAnim.bif,0x002003E8,7429,2916F96CD0BE8310DE62D9430232D5F877030BC440A4E9329ECF8919B8E44673,graphics/source/sprites/WPSS1G1E.bam
supplemental:sprites:paperdoll-animation-bam:WPSS1INV,sprites,paperdoll-animation-bam,WPSS1INV,BAM,V1,2,1,data/PaperDol.bif,0x062007BD,1478,9B1286F36F8D544FAAF4EB4D937E369772D45E6B5A4B2B3BC1235821F67BB3A9,graphics/source/sprites/WPSS1INV.bam
supplemental:sprites:paperdoll-animation-bam:WPSS1OIN,sprites,paperdoll-animation-bam,WPSS1OIN,BAM,V1,2,1,data/PaperDol.bif,0x062007BE,1432,C2FD1C6CF78F62D05CBAF34F9F1E2BC1C1DC1DC34BF15A1D6F34D67D8BF9E7FA,graphics/source/sprites/WPSS1OIN.bam
supplemental:sprites:object-animation-bam:WPSS1W2,sprites,object-animation-bam,WPSS1W2,BAMC,V1,50,8,data/OBJAnim.bif,0x002003E9,2660,AE1031BCF3325C9DA03917E2F3D0A1BB7AF88C966A84AE4DB4D6AD6955D2AA61,graphics/source/sprites/WPSS1W2.bam
supplemental:sprites:object-animation-bam:WPSS1W2E,sprites,object-animation-bam,WPSS1W2E,BAMC,V1,30,8,data/OBJAnim.bif,0x002003EA,2546,AE2E62ECB003DDE65D0B75B93A969DAF8176490A7A9915740EA51862E4F3C771,graphics/source/sprites/WPSS1W2E.bam
supplemental:sprites:object-animation-bam:WPSS2A2,sprites,object-animation-bam,WPSS2A2,BAMC,V1,50,8,data/OBJAnim.bif,0x002003EB,4323,D5AB30B720894A19985B8F365D34F6CE8CA5105722726CDA361E5ADC58C6A8A0,graphics/source/sprites/WPSS2A2.bam
supplemental:sprites:object-animation-bam:WPSS2A2E,sprites,object-animation-bam,WPSS2A2E,BAMC,V1,30,8,data/OBJAnim.bif,0x002003EC,2935,50F5D1B5FB5CCB682A9A75DC18C07478E0C70F684AC284FD440292B3C0469635,graphics/source/sprites/WPSS2A2E.bam
supplemental:sprites:object-animation-bam:WPSS2A4,sprites,object-animation-bam,WPSS2A4,BAMC,V1,50,8,data/OBJAnim.bif,0x002003ED,3852,07F94FD9AADD015A95C91AE6E4CC963D784265A816C23CDD8B54BD6F7A723575,graphics/source/sprites/WPSS2A4.bam
supplemental:sprites:object-animation-bam:WPSS2A4E,sprites,object-animation-bam,WPSS2A4E,BAMC,V1,30,8,data/OBJAnim.bif,0x002003EE,3280,EEDF4FA891E0C56658729545109F33730D6F11CBC81EFF1B2716FE66F439B5A2,graphics/source/sprites/WPSS2A4E.bam
supplemental:sprites:object-animation-bam:WPSS2A6,sprites,object-animation-bam,WPSS2A6,BAMC,V1,40,8,data/OBJAnim.bif,0x002003EF,3357,A23B400D6CDE310F38BB5B794D37E37BF5236542D6DEFB44DA92D2B1BC60564A,graphics/source/sprites/WPSS2A6.bam
supplemental:sprites:object-animation-bam:WPSS2A6E,sprites,object-animation-bam,WPSS2A6E,BAMC,V1,24,8,data/OBJAnim.bif,0x002003F0,2411,21C3CD0AFAAC2A8094905D28BF4E9C21FE011B31B553159D662D8BE277DCE980,graphics/source/sprites/WPSS2A6E.bam
supplemental:sprites:object-animation-bam:WPSS2G1,sprites,object-animation-bam,WPSS2G1,BAMC,V1,180,72,data/OBJAnim.bif,0x002003F1,10920,2F98027DE2111A2F74112CA7FFA023F655F3F14F968048B8956671D045D6C86C,graphics/source/sprites/WPSS2G1.bam
supplemental:sprites:object-animation-bam:WPSS2G1E,sprites,object-animation-bam,WPSS2G1E,BAMC,V1,108,72,data/OBJAnim.bif,0x002003F2,8848,FC471D6E11770F2ABEBD9BD5BD3414B91EF4C2745F2B03757BBEA46406BA5D31,graphics/source/sprites/WPSS2G1E.bam
supplemental:sprites:paperdoll-animation-bam:WPSS2INV,sprites,paperdoll-animation-bam,WPSS2INV,BAM,V1,2,1,data/PaperDol.bif,0x062007BF,1600,916CADA87CF8547564B8035536D1D28641F46BDE65289AC8628E649F7BDDE650,graphics/source/sprites/WPSS2INV.bam
supplemental:sprites:object-animation-bam:WPSS2W2,sprites,object-animation-bam,WPSS2W2,BAMC,V1,50,8,data/OBJAnim.bif,0x002003F3,3024,0A41D06DEBF836AA2CB1311D7155BC86DF3FEB1FF92E7EC11701F539C6DB9EF7,graphics/source/sprites/WPSS2W2.bam
supplemental:sprites:object-animation-bam:WPSS2W2E,sprites,object-animation-bam,WPSS2W2E,BAMC,V1,30,8,data/OBJAnim.bif,0x002003F4,2896,4C4EE6C4361B97D8317DD98A62169E6F3F106172CC2EF2718B4D9E93AF282636,graphics/source/sprites/WPSS2W2E.bam
supplemental:sprites:object-animation-bam:WPSS3A1,sprites,object-animation-bam,WPSS3A1,BAMC,V1,50,15,data/OBJAnim.bif,0x002003F5,3799,98B30A93EFEDA397FB437AC0CA578791A968A6F1752A4278A3DC136325568C4E,graphics/source/sprites/WPSS3A1.bam
supplemental:sprites:object-animation-bam:WPSS3A1E,sprites,object-animation-bam,WPSS3A1E,BAMC,V1,30,16,data/OBJAnim.bif,0x002003F6,2760,019E349EE7B857D119DDA7F5E7E4C2DFD3053D4BE2DE4C0B68233A8F998C8247,graphics/source/sprites/WPSS3A1E.bam
supplemental:sprites:object-animation-bam:WPSS3A3,sprites,object-animation-bam,WPSS3A3,BAMC,V1,50,8,data/OBJAnim.bif,0x002003F7,3272,08E2B702C65572D89E62CB5A9695320D571921D5E04920145B49BFA8E7C59299,graphics/source/sprites/WPSS3A3.bam
supplemental:sprites:object-animation-bam:WPSS3A3E,sprites,object-animation-bam,WPSS3A3E,BAMC,V1,30,8,data/OBJAnim.bif,0x002003F8,2954,DC3575E353B723DFB9477F755C22F37E1552F8184651B68E9716B30A89B271B6,graphics/source/sprites/WPSS3A3E.bam
supplemental:sprites:object-animation-bam:WPSS3A5,sprites,object-animation-bam,WPSS3A5,BAMC,V1,30,8,data/OBJAnim.bif,0x002003F9,2289,59ED24CF463987BD1655E945D96D2878C0CA060510559B2C18DFC5318473D605,graphics/source/sprites/WPSS3A5.bam
supplemental:sprites:object-animation-bam:WPSS3A5E,sprites,object-animation-bam,WPSS3A5E,BAMC,V1,18,8,data/OBJAnim.bif,0x002003FA,1848,E33DBA3EF1218EF69850AFCA93F0D2A069595DB779CCDDBD158D04FD66F97D75,graphics/source/sprites/WPSS3A5E.bam
supplemental:sprites:object-animation-bam:WPSS3G1,sprites,object-animation-bam,WPSS3G1,BAMC,V1,180,72,data/OBJAnim.bif,0x002003FB,9232,5D31DF7EE7B5448F5C10439957607851F97B591295B59E09C913092BA2EADB24,graphics/source/sprites/WPSS3G1.bam
supplemental:sprites:object-animation-bam:WPSS3G1E,sprites,object-animation-bam,WPSS3G1E,BAMC,V1,108,72,data/OBJAnim.bif,0x002003FC,7429,2916F96CD0BE8310DE62D9430232D5F877030BC440A4E9329ECF8919B8E44673,graphics/source/sprites/WPSS3G1E.bam
supplemental:sprites:paperdoll-animation-bam:WPSS3INV,sprites,paperdoll-animation-bam,WPSS3INV,BAM,V1,2,1,data/PaperDol.bif,0x062007C0,1571,9E26A8CEAEB479562CC537CEF693382B06B8704B56E20F4FD6004267870E6415,graphics/source/sprites/WPSS3INV.bam
supplemental:sprites:paperdoll-animation-bam:WPSS3OIN,sprites,paperdoll-animation-bam,WPSS3OIN,BAM,V1,2,1,data/PaperDol.bif,0x062007C1,1517,67330F551649CA642B2C0D5271684683FE2C58FFC1FB5D4196DA590FD5429106,graphics/source/sprites/WPSS3OIN.bam
supplemental:sprites:object-animation-bam:WPSS3W2,sprites,object-animation-bam,WPSS3W2,BAMC,V1,50,8,data/OBJAnim.bif,0x002003FD,2660,AE1031BCF3325C9DA03917E2F3D0A1BB7AF88C966A84AE4DB4D6AD6955D2AA61,graphics/source/sprites/WPSS3W2.bam
supplemental:sprites:object-animation-bam:WPSS3W2E,sprites,object-animation-bam,WPSS3W2E,BAMC,V1,30,8,data/OBJAnim.bif,0x002003FE,2546,AE2E62ECB003DDE65D0B75B93A969DAF8176490A7A9915740EA51862E4F3C771,graphics/source/sprites/WPSS3W2E.bam
supplemental:sprites:paperdoll-animation-bam:WPSSCINV,sprites,paperdoll-animation-bam,WPSSCINV,BAM,V1,2,1,data/PaperDol.bif,0x062007C2,1619,62E9484522098C1B0B0C8A15373C4356D89A3EBE2992290AF64152E12DA72D49,graphics/source/sprites/WPSSCINV.bam
supplemental:sprites:paperdoll-animation-bam:WPSSCOIN,sprites,paperdoll-animation-bam,WPSSCOIN,BAM,V1,2,1,data/PaperDol.bif,0x062007C3,1461,0D2F145AF97F228DDB775F5869871A4451AD1E7F64F8697D9989ABA52BDDE76D,graphics/source/sprites/WPSSCOIN.bam
supplemental:sprites:object-animation-bam:WPSSLA1,sprites,object-animation-bam,WPSSLA1,BAMC,V1,50,16,data/OBJAnim.bif,0x002003FF,2892,5C80B1A8E5FBC6A85D2D44213855B40B28A4981A42FDA3B937AF2EE412CA3F5A,graphics/source/sprites/WPSSLA1.bam
supplemental:sprites:object-animation-bam:WPSSLA1E,sprites,object-animation-bam,WPSSLA1E,BAMC,V1,30,16,data/OBJAnim.bif,0x00200400,2008,8AE81D4C202B1882F50ED901E9CF8A9608B29E0026797CA9494ABEA7E07A095E,graphics/source/sprites/WPSSLA1E.bam
supplemental:sprites:object-animation-bam:WPSSLG1,sprites,object-animation-bam,WPSSLG1,BAMC,V1,180,72,data/OBJAnim.bif,0x00200401,5609,71CC56E7B61AFA3D6F8E69B7DD50ECBB05CEBEEB57C31E3CCD4285D8D49C8C69,graphics/source/sprites/WPSSLG1.bam
supplemental:sprites:object-animation-bam:WPSSLG1E,sprites,object-animation-bam,WPSSLG1E,BAMC,V1,108,72,data/OBJAnim.bif,0x00200402,3869,68956A418CED9B0EAD21009F1B9B62F6EF9777969645948E49BD9AF366677455,graphics/source/sprites/WPSSLG1E.bam
supplemental:sprites:paperdoll-animation-bam:WPSSLINV,sprites,paperdoll-animation-bam,WPSSLINV,BAM,V1,2,1,data/PaperDol.bif,0x062007C4,1512,ED2582CB0D6CE7F88E04BD84D3BC0BBAC4CFE85D33C36D257B81BE706E70CB34,graphics/source/sprites/WPSSLINV.bam
supplemental:sprites:object-animation-bam:WPSSLW2,sprites,object-animation-bam,WPSSLW2,BAMC,V1,50,8,data/OBJAnim.bif,0x00200403,1887,2D2EE91A91E2C9AEBF70130D4C5BB521F7113FF6E0E388F4D82AC494BA7359D7,graphics/source/sprites/WPSSLW2.bam
supplemental:sprites:object-animation-bam:WPSSLW2E,sprites,object-animation-bam,WPSSLW2E,BAMC,V1,30,8,data/OBJAnim.bif,0x00200404,1516,EFB7168A6BA5F35815065A48172930D4F729DA278218FD762948E29D64E8A1E8,graphics/source/sprites/WPSSLW2E.bam
supplemental:sprites:object-animation-bam:WPSSPA2,sprites,object-animation-bam,WPSSPA2,BAMC,V1,50,8,data/OBJAnim.bif,0x00200405,5084,6BFEA75C5A75A6B6F63B0169D4B21578DFB7FB76CBFE4DDF80F71DDE5A7F1E9D,graphics/source/sprites/WPSSPA2.bam
supplemental:sprites:object-animation-bam:WPSSPA2E,sprites,object-animation-bam,WPSSPA2E,BAMC,V1,30,8,data/OBJAnim.bif,0x00200406,3263,AAEC0ADD88BE3BA82E730A8B380C6EE0DC768D827C4D3BB40D4CCD1A162A506C,graphics/source/sprites/WPSSPA2E.bam
supplemental:sprites:object-animation-bam:WPSSPA4,sprites,object-animation-bam,WPSSPA4,BAMC,V1,50,8,data/OBJAnim.bif,0x00200407,4816,49B8F961C6757BFCF7764B04F164908FD581226F772A3310936FE6A702B0A87B,graphics/source/sprites/WPSSPA4.bam
supplemental:sprites:object-animation-bam:WPSSPA4E,sprites,object-animation-bam,WPSSPA4E,BAMC,V1,30,8,data/OBJAnim.bif,0x00200408,3478,459237F605BB4794A5C8654B012820040EE17D2F5F09DF41F0B35651D77B9144,graphics/source/sprites/WPSSPA4E.bam
supplemental:sprites:object-animation-bam:WPSSPA6,sprites,object-animation-bam,WPSSPA6,BAMC,V1,40,8,data/OBJAnim.bif,0x00200409,4057,9F4E41818DF2DBCA605666875188CAAC9EA4B2239DB74D482CAFE657BED01C0E,graphics/source/sprites/WPSSPA6.bam
supplemental:sprites:object-animation-bam:WPSSPA6E,sprites,object-animation-bam,WPSSPA6E,BAMC,V1,24,8,data/OBJAnim.bif,0x0020040A,2664,91BD2F78417784882D4AE90491F83ACD8F9141D1EE0CECCC3F85136E49C8D017,graphics/source/sprites/WPSSPA6E.bam
supplemental:sprites:object-animation-bam:WPSSPG1,sprites,object-animation-bam,WPSSPG1,BAMC,V1,180,72,data/OBJAnim.bif,0x0020040B,13248,A736E67C9A9A3E2EA427C26B0E40F53458C5E0BBB21F3BED67FDBB1CC3DB9989,graphics/source/sprites/WPSSPG1.bam
supplemental:sprites:object-animation-bam:WPSSPG1E,sprites,object-animation-bam,WPSSPG1E,BAMC,V1,108,72,data/OBJAnim.bif,0x0020040C,10054,389BFAAE35556B3C10DC1377BCCB0A4B60C3C257DAA8A0C4B3BF362D57893D53,graphics/source/sprites/WPSSPG1E.bam
supplemental:sprites:paperdoll-animation-bam:WPSSPINV,sprites,paperdoll-animation-bam,WPSSPINV,BAM,V1,2,1,data/PaperDol.bif,0x062007C5,1792,BC84EDAB164B1A3D2681EDA8A1A0886B1E2692DB81E85B4C2429E1B431BCED06,graphics/source/sprites/WPSSPINV.bam
supplemental:sprites:object-animation-bam:WPSSPW2,sprites,object-animation-bam,WPSSPW2,BAMC,V1,50,8,data/OBJAnim.bif,0x0020040D,3693,459BC8929B852DF4C77DF3ECD885F6F27F876F98A31026C6A921785687A8D1B6,graphics/source/sprites/WPSSPW2.bam
supplemental:sprites:object-animation-bam:WPSSPW2E,sprites,object-animation-bam,WPSSPW2E,BAMC,V1,30,8,data/OBJAnim.bif,0x0020040E,3179,307C3FA86B06E9A981C6E70C3DB4561C113604EB7ECFDAEE1789F490C5026457,graphics/source/sprites/WPSSPW2E.bam
supplemental:sprites:object-animation-bam:WPSSSA1,sprites,object-animation-bam,WPSSSA1,BAMC,V1,50,15,data/OBJAnim.bif,0x0020040F,3799,98B30A93EFEDA397FB437AC0CA578791A968A6F1752A4278A3DC136325568C4E,graphics/source/sprites/WPSSSA1.bam
supplemental:sprites:object-animation-bam:WPSSSA1E,sprites,object-animation-bam,WPSSSA1E,BAMC,V1,30,16,data/OBJAnim.bif,0x00200410,2760,019E349EE7B857D119DDA7F5E7E4C2DFD3053D4BE2DE4C0B68233A8F998C8247,graphics/source/sprites/WPSSSA1E.bam
supplemental:sprites:object-animation-bam:WPSSSA3,sprites,object-animation-bam,WPSSSA3,BAMC,V1,50,8,data/OBJAnim.bif,0x00200411,3272,08E2B702C65572D89E62CB5A9695320D571921D5E04920145B49BFA8E7C59299,graphics/source/sprites/WPSSSA3.bam
supplemental:sprites:object-animation-bam:WPSSSA3E,sprites,object-animation-bam,WPSSSA3E,BAMC,V1,30,8,data/OBJAnim.bif,0x00200412,2954,DC3575E353B723DFB9477F755C22F37E1552F8184651B68E9716B30A89B271B6,graphics/source/sprites/WPSSSA3E.bam
supplemental:sprites:object-animation-bam:WPSSSA5,sprites,object-animation-bam,WPSSSA5,BAMC,V1,30,8,data/OBJAnim.bif,0x00200413,2289,59ED24CF463987BD1655E945D96D2878C0CA060510559B2C18DFC5318473D605,graphics/source/sprites/WPSSSA5.bam
supplemental:sprites:object-animation-bam:WPSSSA5E,sprites,object-animation-bam,WPSSSA5E,BAMC,V1,18,8,data/OBJAnim.bif,0x00200414,1848,E33DBA3EF1218EF69850AFCA93F0D2A069595DB779CCDDBD158D04FD66F97D75,graphics/source/sprites/WPSSSA5E.bam
supplemental:sprites:object-animation-bam:WPSSSG1,sprites,object-animation-bam,WPSSSG1,BAMC,V1,180,72,data/OBJAnim.bif,0x00200415,9232,5D31DF7EE7B5448F5C10439957607851F97B591295B59E09C913092BA2EADB24,graphics/source/sprites/WPSSSG1.bam
supplemental:sprites:object-animation-bam:WPSSSG1E,sprites,object-animation-bam,WPSSSG1E,BAMC,V1,108,72,data/OBJAnim.bif,0x00200416,7429,2916F96CD0BE8310DE62D9430232D5F877030BC440A4E9329ECF8919B8E44673,graphics/source/sprites/WPSSSG1E.bam
supplemental:sprites:paperdoll-animation-bam:WPSSSINV,sprites,paperdoll-animation-bam,WPSSSINV,BAM,V1,2,1,data/PaperDol.bif,0x062007C6,1449,B9C9E20D518EE5BD7DB56F9BB5E56593A37D852CE3B03A35B3A2742BA03DCA29,graphics/source/sprites/WPSSSINV.bam
supplemental:sprites:paperdoll-animation-bam:WPSSSOIN,sprites,paperdoll-animation-bam,WPSSSOIN,BAM,V1,2,1,data/PaperDol.bif,0x062007C7,1361,3CC521F9650794B9685C7B6B6E9EDD46CBD976D7C1B5B832B7AB3D52A38F3C2F,graphics/source/sprites/WPSSSOIN.bam
supplemental:sprites:object-animation-bam:WPSSSW2,sprites,object-animation-bam,WPSSSW2,BAMC,V1,50,8,data/OBJAnim.bif,0x00200417,2660,AE1031BCF3325C9DA03917E2F3D0A1BB7AF88C966A84AE4DB4D6AD6955D2AA61,graphics/source/sprites/WPSSSW2.bam
supplemental:sprites:object-animation-bam:WPSSSW2E,sprites,object-animation-bam,WPSSSW2E,BAMC,V1,30,8,data/OBJAnim.bif,0x00200418,2546,AE2E62ECB003DDE65D0B75B93A969DAF8176490A7A9915740EA51862E4F3C771,graphics/source/sprites/WPSSSW2E.bam
supplemental:sprites:object-animation-bam:WPSWHA1,sprites,object-animation-bam,WPSWHA1,BAMC,V1,50,15,data/OBJAnim.bif,0x00200419,4371,97DBA07B75D4F736C605E90F583BA4BB0E5382D520540CE1E4889E0A2F400DCA,graphics/source/sprites/WPSWHA1.bam
supplemental:sprites:object-animation-bam:WPSWHA1E,sprites,object-animation-bam,WPSWHA1E,BAMC,V1,30,16,data/OBJAnim.bif,0x0020041A,3076,9F39EB53C0BD3F14B23DBD237230C066AF71005632DD28D0C717554E09B81FB7,graphics/source/sprites/WPSWHA1E.bam
supplemental:sprites:object-animation-bam:WPSWHA3,sprites,object-animation-bam,WPSWHA3,BAMC,V1,50,8,data/OBJAnim.bif,0x0020041B,3970,8EE25B606B497BA927885AE49D9F1BC1AD5F66CED831BA4C45A84614FF0610CC,graphics/source/sprites/WPSWHA3.bam
supplemental:sprites:object-animation-bam:WPSWHA3E,sprites,object-animation-bam,WPSWHA3E,BAMC,V1,30,8,data/OBJAnim.bif,0x0020041C,3025,B85BABE9667320CA5767B5C2260F20EE3B3AA992F1DB90C70AD08A756CC156D5,graphics/source/sprites/WPSWHA3E.bam
supplemental:sprites:object-animation-bam:WPSWHA5,sprites,object-animation-bam,WPSWHA5,BAMC,V1,30,8,data/OBJAnim.bif,0x0020041D,2686,C6C081ECBA4FA4EF9A021E5284A511FFDE04D02782B49899064F4EE9A53A2BD6,graphics/source/sprites/WPSWHA5.bam
supplemental:sprites:object-animation-bam:WPSWHA5E,sprites,object-animation-bam,WPSWHA5E,BAMC,V1,18,8,data/OBJAnim.bif,0x0020041E,2074,6C50553FFFBF9F87B9916C982C9DBD6E48D6B36B5C8075EFFBE59A75DCA72E6C,graphics/source/sprites/WPSWHA5E.bam
supplemental:sprites:object-animation-bam:WPSWHG1,sprites,object-animation-bam,WPSWHG1,BAMC,V1,180,72,data/OBJAnim.bif,0x0020041F,11513,6DFA74DA2070938F2B5665AADC9E6FA0FEDC895158D7C14EB052B3D2BA718D7B,graphics/source/sprites/WPSWHG1.bam
supplemental:sprites:object-animation-bam:WPSWHG1E,sprites,object-animation-bam,WPSWHG1E,BAMC,V1,108,72,data/OBJAnim.bif,0x00200420,7999,74301C3174AC408DA15D2E3B459DA9F4C6ED1B95BA95620B8216A8BDF576AE1A,graphics/source/sprites/WPSWHG1E.bam
supplemental:sprites:paperdoll-animation-bam:WPSWHINV,sprites,paperdoll-animation-bam,WPSWHINV,BAM,V1,2,1,data/PaperDol.bif,0x062007C8,1814,3CA38746CF0A9C87ABBCC2454293DD056235E97679C4C07916205D5B41502BD6,graphics/source/sprites/WPSWHINV.bam
supplemental:sprites:paperdoll-animation-bam:WPSWHOIN,sprites,paperdoll-animation-bam,WPSWHOIN,BAM,V1,2,1,data/PaperDol.bif,0x062007C9,1733,EF267D7AED2E789A0ABBFF15C75E73E8F3F2F137DA5495845A5E4338568A4AE8,graphics/source/sprites/WPSWHOIN.bam
supplemental:sprites:object-animation-bam:WPSWHW2,sprites,object-animation-bam,WPSWHW2,BAMC,V1,50,8,data/OBJAnim.bif,0x00200421,3363,7A419FEB98F0F713EF91F79950617E81545FC670C66646F19E0DC4FF7BF53AB0,graphics/source/sprites/WPSWHW2.bam
supplemental:sprites:object-animation-bam:WPSWHW2E,sprites,object-animation-bam,WPSWHW2E,BAMC,V1,30,8,data/OBJAnim.bif,0x00200422,2670,A29018C36FF1B90F6E3A862101D1C11FAD417B4DF2F907DCE94EF4381A1FFFEB,graphics/source/sprites/WPSWHW2E.bam
supplemental:sprites:paperdoll-animation-bam:WPSWMOIN,sprites,paperdoll-animation-bam,WPSWMOIN,BAMC,V1,2,1,data/PaperDol.bif,0x062007CA,1000,938F0E0748F16412CA6AB947BA0E1324AF566B74EBC5D933032333FD13F556D7,graphics/source/sprites/WPSWMOIN.bam
supplemental:sprites:paperdoll-animation-bam:WPSZWA1,sprites,paperdoll-animation-bam,WPSZWA1,BAM,V1,50,16,data/PaperDol.bif,0x062007CB,2034,9A8B9161D7BC061C2894D55A7A9DDE0F091018B98BF593140645DA87CEA0A007,graphics/source/sprites/WPSZWA1.bam
supplemental:sprites:paperdoll-animation-bam:WPSZWA1E,sprites,paperdoll-animation-bam,WPSZWA1E,BAM,V1,30,16,data/PaperDol.bif,0x062007CC,1678,353EDA3947CCEEFD61C427C7D4A909B815FBC95EAC3F195B0A60CA31A8738647,graphics/source/sprites/WPSZWA1E.bam
supplemental:sprites:paperdoll-animation-bam:WPSZWA2,sprites,paperdoll-animation-bam,WPSZWA2,BAM,V1,50,8,data/PaperDol.bif,0x062007CD,1936,944B3DFC003D223ACAB015C23B27D941299B07006B0DFF136ADE9DBF91DDB3EB,graphics/source/sprites/WPSZWA2.bam
supplemental:sprites:paperdoll-animation-bam:WPSZWA2E,sprites,paperdoll-animation-bam,WPSZWA2E,BAM,V1,30,8,data/PaperDol.bif,0x062007CE,1572,BB6CCC3EECAA0A68A82F1CF88992A5068044D8624BE6BCCF3B41B0A32226122E,graphics/source/sprites/WPSZWA2E.bam
supplemental:sprites:paperdoll-animation-bam:WPSZWA3,sprites,paperdoll-animation-bam,WPSZWA3,BAM,V1,50,8,data/PaperDol.bif,0x062007CF,1936,944B3DFC003D223ACAB015C23B27D941299B07006B0DFF136ADE9DBF91DDB3EB,graphics/source/sprites/WPSZWA3.bam
supplemental:sprites:paperdoll-animation-bam:WPSZWA3E,sprites,paperdoll-animation-bam,WPSZWA3E,BAM,V1,30,8,data/PaperDol.bif,0x062007D0,1572,BB6CCC3EECAA0A68A82F1CF88992A5068044D8624BE6BCCF3B41B0A32226122E,graphics/source/sprites/WPSZWA3E.bam
supplemental:sprites:paperdoll-animation-bam:WPSZWA4,sprites,paperdoll-animation-bam,WPSZWA4,BAM,V1,50,8,data/PaperDol.bif,0x062007D1,1936,944B3DFC003D223ACAB015C23B27D941299B07006B0DFF136ADE9DBF91DDB3EB,graphics/source/sprites/WPSZWA4.bam
supplemental:sprites:paperdoll-animation-bam:WPSZWA4E,sprites,paperdoll-animation-bam,WPSZWA4E,BAM,V1,30,8,data/PaperDol.bif,0x062007D2,1572,BB6CCC3EECAA0A68A82F1CF88992A5068044D8624BE6BCCF3B41B0A32226122E,graphics/source/sprites/WPSZWA4E.bam
supplemental:sprites:paperdoll-animation-bam:WPSZWA5,sprites,paperdoll-animation-bam,WPSZWA5,BAM,V1,30,8,data/PaperDol.bif,0x062007D3,1644,47B0FE52DE05862965FA8892CA6B5108ED5AD2B3B1110D73A50B720317BD4DA4,graphics/source/sprites/WPSZWA5.bam
supplemental:sprites:paperdoll-animation-bam:WPSZWA5E,sprites,paperdoll-animation-bam,WPSZWA5E,BAM,V1,18,8,data/PaperDol.bif,0x062007D4,1444,B511ADCF02F08A11E0E9A6969440311C6A90AC9F0056DBBDFB7C0CB8D88E7CA5,graphics/source/sprites/WPSZWA5E.bam
supplemental:sprites:paperdoll-animation-bam:WPSZWA6,sprites,paperdoll-animation-bam,WPSZWA6,BAM,V1,40,8,data/PaperDol.bif,0x062007D5,1796,C55F90E379F1881021FE00292A4E5F766572253F4EE2E4FCFA18AC9D813EEC2B,graphics/source/sprites/WPSZWA6.bam
supplemental:sprites:paperdoll-animation-bam:WPSZWA6E,sprites,paperdoll-animation-bam,WPSZWA6E,BAM,V1,24,8,data/PaperDol.bif,0x062007D6,1518,12EACC26D45100F19E7877DB25DCA4B034C65C4761013735E6D82CC418AB95C3,graphics/source/sprites/WPSZWA6E.bam
supplemental:sprites:paperdoll-animation-bam:WPSZWCA,sprites,paperdoll-animation-bam,WPSZWCA,BAM,V1,50,64,data/PaperDol.bif,0x062007D7,3092,796E62E25B878F803BF874624865B82AE8964D76A559C293C209382F4F2F382C,graphics/source/sprites/WPSZWCA.bam
supplemental:sprites:paperdoll-animation-bam:WPSZWCAE,sprites,paperdoll-animation-bam,WPSZWCAE,BAM,V1,30,64,data/PaperDol.bif,0x062007D8,2354,512CB092F3A2BB9D2E060FB618AF4E8D56CED5FDFC66BA7171BFB935FD67431E,graphics/source/sprites/WPSZWCAE.bam
supplemental:sprites:paperdoll-animation-bam:WPSZWG1,sprites,paperdoll-animation-bam,WPSZWG1,BAM,V1,180,72,data/PaperDol.bif,0x062007D9,5754,256E8DF9FF3763DBED66CDE303A3297F38A92C9BC27A6C874DBFD32642F8335E,graphics/source/sprites/WPSZWG1.bam
supplemental:sprites:paperdoll-animation-bam:WPSZWG1E,sprites,paperdoll-animation-bam,WPSZWG1E,BAM,V1,108,72,data/PaperDol.bif,0x062007DA,3946,6E10D76E375058AC3CF38375E8FC486031D55C3100CC560C8EBEC3BC7207CF1F,graphics/source/sprites/WPSZWG1E.bam
supplemental:sprites:paperdoll-animation-bam:WPSZWSA,sprites,paperdoll-animation-bam,WPSZWSA,BAM,V1,20,8,data/PaperDol.bif,0x062007DB,1516,3ACDA5E0B8F1CCAE46185709147343DBE2AC6D9E74CD3D112451EB4F2C959627,graphics/source/sprites/WPSZWSA.bam
supplemental:sprites:paperdoll-animation-bam:WPSZWSAE,sprites,paperdoll-animation-bam,WPSZWSAE,BAM,V1,12,8,data/PaperDol.bif,0x062007DC,1350,C4182AE17FED09D6F93D65E91BA3E252660A424A6B850E4DC63A474784396131,graphics/source/sprites/WPSZWSAE.bam
supplemental:sprites:paperdoll-animation-bam:WPSZWSX,sprites,paperdoll-animation-bam,WPSZWSX,BAM,V1,15,8,data/PaperDol.bif,0x062007DD,1446,19D89EAE8A347996A132BCA73E1DB0310ABAFB4D166572561778690A2EE6FC4F,graphics/source/sprites/WPSZWSX.bam
supplemental:sprites:paperdoll-animation-bam:WPSZWSXE,sprites,paperdoll-animation-bam,WPSZWSXE,BAM,V1,9,8,data/PaperDol.bif,0x062007DE,1298,E41B7930EA0F5B79D5AB91A50A861F8AC219C6BA360AC4696B153D50104F5C31,graphics/source/sprites/WPSZWSXE.bam
supplemental:sprites:paperdoll-animation-bam:WPSZWW2,sprites,paperdoll-animation-bam,WPSZWW2,BAM,V1,50,8,data/PaperDol.bif,0x062007DF,2502,F4361518F5BC7040D3F74B2BCF015577E13771877C94758B3772563F5B3AFF45,graphics/source/sprites/WPSZWW2.bam
supplemental:sprites:paperdoll-animation-bam:WPSZWW2E,sprites,paperdoll-animation-bam,WPSZWW2E,BAM,V1,30,8,data/PaperDol.bif,0x062007E0,1560,21D59C452D8D505F6C60B435368DAD0841A9F8585B35E2F4BD193E2625A80163,graphics/source/sprites/WPSZWW2E.bam
supplemental:sprites:object-animation-bam:WPTH0A1,sprites,object-animation-bam,WPTH0A1,BAMC,V1,50,16,data/OBJAnim.bif,0x00200423,5361,443D755F8B178D2EBB7CAF208F5788B40A2C8942EBE21F60B81329B9E7797031,graphics/source/sprites/WPTH0A1.bam
supplemental:sprites:object-animation-bam:WPTH0A1E,sprites,object-animation-bam,WPTH0A1E,BAMC,V1,30,16,data/OBJAnim.bif,0x00200424,3595,90B98BEDC05AED252062AE88D4DC6357FD866D85C499B360479CFD77B18669A0,graphics/source/sprites/WPTH0A1E.bam
supplemental:sprites:object-animation-bam:WPTH0A2,sprites,object-animation-bam,WPTH0A2,BAMC,V1,50,8,data/OBJAnim.bif,0x00200425,5223,F2830E77465BB014273B24A3ABBADD84CB8759A64D5956AE65B4E6433DC2D665,graphics/source/sprites/WPTH0A2.bam
supplemental:sprites:object-animation-bam:WPTH0A2E,sprites,object-animation-bam,WPTH0A2E,BAMC,V1,30,8,data/OBJAnim.bif,0x00200426,3596,A44F124853FDC7B5234DE122F5A2904DAA9FFD28140D3027117FA8E9F3BE534D,graphics/source/sprites/WPTH0A2E.bam
supplemental:sprites:object-animation-bam:WPTH0A3,sprites,object-animation-bam,WPTH0A3,BAMC,V1,50,8,data/OBJAnim.bif,0x00200427,5330,7AB555460210B980442D16A726659A7E6C1928E1C009FC84E49A2996A8D2D002,graphics/source/sprites/WPTH0A3.bam
supplemental:sprites:object-animation-bam:WPTH0A3E,sprites,object-animation-bam,WPTH0A3E,BAMC,V1,30,8,data/OBJAnim.bif,0x00200428,3409,4F67EDAC4B77C70E7F88F3EC888E3390B9A6539DF790FDD5312DD56C39215DEE,graphics/source/sprites/WPTH0A3E.bam
supplemental:sprites:object-animation-bam:WPTH0A4,sprites,object-animation-bam,WPTH0A4,BAMC,V1,50,8,data/OBJAnim.bif,0x00200429,5198,D2940C8903456924BF919FAE078B1898FA970994B6CDCF9B8BE8471339100DAE,graphics/source/sprites/WPTH0A4.bam
supplemental:sprites:object-animation-bam:WPTH0A4E,sprites,object-animation-bam,WPTH0A4E,BAMC,V1,30,8,data/OBJAnim.bif,0x0020042A,3402,FE20A987478306E4D71825F16967A4C2A6E5E72BE348DEC8070ECC01066D3965,graphics/source/sprites/WPTH0A4E.bam
supplemental:sprites:object-animation-bam:WPTH0A5,sprites,object-animation-bam,WPTH0A5,BAMC,V1,30,8,data/OBJAnim.bif,0x0020042B,3455,61F2DDB9B1A55F93F87D019A65109FE45F26A5100897C70E1C6A88C29D5B1720,graphics/source/sprites/WPTH0A5.bam
supplemental:sprites:object-animation-bam:WPTH0A5E,sprites,object-animation-bam,WPTH0A5E,BAMC,V1,18,8,data/OBJAnim.bif,0x0020042C,2393,09A642D018FE2811C087C1256724454DEF4DF0BF1BCEA563D615E2970CFE0E3D,graphics/source/sprites/WPTH0A5E.bam
supplemental:sprites:object-animation-bam:WPTH0A6,sprites,object-animation-bam,WPTH0A6,BAMC,V1,40,8,data/OBJAnim.bif,0x0020042D,4341,49FEBA7BA745D0AA3CFA9A516C160476C202B422E81DAE523C803AFBF9160942,graphics/source/sprites/WPTH0A6.bam
supplemental:sprites:object-animation-bam:WPTH0A6E,sprites,object-animation-bam,WPTH0A6E,BAMC,V1,24,8,data/OBJAnim.bif,0x0020042E,2950,2F9140E89671F1FFB669DAC02DEE3D6F627512B3BDDA30E8CAD4AC6CF668EFFB,graphics/source/sprites/WPTH0A6E.bam
supplemental:sprites:object-animation-bam:WPTH0CA,sprites,object-animation-bam,WPTH0CA,BAMC,V1,50,64,data/OBJAnim.bif,0x0020042F,5585,03A9FBE62B3D99FBDA6B60BE4B9367B5065CF078D3C32F489B5C5FAE12DECF98,graphics/source/sprites/WPTH0CA.bam
supplemental:sprites:object-animation-bam:WPTH0CAE,sprites,object-animation-bam,WPTH0CAE,BAMC,V1,30,64,data/OBJAnim.bif,0x00200430,3766,ADE6EC1A0F8C9B23CF439A23F5C4EDE71452018BCF8D99683B41AB89BAEE0C7C,graphics/source/sprites/WPTH0CAE.bam
supplemental:sprites:object-animation-bam:WPTH0G1,sprites,object-animation-bam,WPTH0G1,BAMC,V1,180,72,data/OBJAnim.bif,0x00200431,15392,909FD934699C9D3EA656E5CB0BF12C207EE44E237C7559AE156C27DB7E386E9A,graphics/source/sprites/WPTH0G1.bam
supplemental:sprites:object-animation-bam:WPTH0G1E,sprites,object-animation-bam,WPTH0G1E,BAMC,V1,108,72,data/OBJAnim.bif,0x00200432,9540,2D6A8C6F973BE443AC5684B7EB79774007E708DFFAC18A2D9DF62C7D69EC8BA2,graphics/source/sprites/WPTH0G1E.bam
supplemental:sprites:object-animation-bam:WPTH0SA,sprites,object-animation-bam,WPTH0SA,BAMC,V1,20,8,data/OBJAnim.bif,0x00200433,2601,E4917DFFC4820A874B5677194B958D9D9FEBB9B400C04B743E22FB7D0AEF4500,graphics/source/sprites/WPTH0SA.bam
supplemental:sprites:object-animation-bam:WPTH0SAE,sprites,object-animation-bam,WPTH0SAE,BAMC,V1,12,8,data/OBJAnim.bif,0x00200434,1926,200A09B6A7BCFAE4E9D0C4E9562FD41A897A75B9F1E563BE873C47E319685CE5,graphics/source/sprites/WPTH0SAE.bam
supplemental:sprites:object-animation-bam:WPTH0SX,sprites,object-animation-bam,WPTH0SX,BAMC,V1,15,8,data/OBJAnim.bif,0x00200435,2180,CB25BCD84C96019F1A8A8368A663984E66FD212066A204B9F30DFA41038E9F27,graphics/source/sprites/WPTH0SX.bam
supplemental:sprites:object-animation-bam:WPTH0SXE,sprites,object-animation-bam,WPTH0SXE,BAMC,V1,9,8,data/OBJAnim.bif,0x00200436,1617,7DE71352E18AA269ECBC129B0B01F21A94CC774168F6A3C3BB11126A4B93C086,graphics/source/sprites/WPTH0SXE.bam
supplemental:sprites:object-animation-bam:WPTH0W2,sprites,object-animation-bam,WPTH0W2,BAMC,V1,50,8,data/OBJAnim.bif,0x00200437,4307,ACF4373E5AC8B770233BFE19F6F27478F4797189AA040BCC5A6901007BAC45A8,graphics/source/sprites/WPTH0W2.bam
supplemental:sprites:object-animation-bam:WPTH0W2E,sprites,object-animation-bam,WPTH0W2E,BAMC,V1,30,8,data/OBJAnim.bif,0x00200438,2808,87FE62ED3A9EE163587A2F0C90F3EB063B2F14652114646F1624DC0690C9E647,graphics/source/sprites/WPTH0W2E.bam
supplemental:sprites:object-animation-bam:WPTH1A1,sprites,object-animation-bam,WPTH1A1,BAMC,V1,50,16,data/OBJAnim.bif,0x00200439,5871,8BCB92C1C8523B09530E6A73CBEF3F8700DC641675193D012DDFF67D0E3FD130,graphics/source/sprites/WPTH1A1.bam
supplemental:sprites:object-animation-bam:WPTH1A1E,sprites,object-animation-bam,WPTH1A1E,BAMC,V1,30,16,data/OBJAnim.bif,0x0020043A,3707,4B94D1FBAAEEF97477EF42653A3007183BF986F704059355B7D0C4EE055224A9,graphics/source/sprites/WPTH1A1E.bam
supplemental:sprites:object-animation-bam:WPTH1A2,sprites,object-animation-bam,WPTH1A2,BAMC,V1,50,8,data/OBJAnim.bif,0x0020043B,5886,A7499168369F0116A0E30C1E065FE55E39EAE82A3345039330B09AD8183D7DD9,graphics/source/sprites/WPTH1A2.bam
supplemental:sprites:object-animation-bam:WPTH1A2E,sprites,object-animation-bam,WPTH1A2E,BAMC,V1,30,8,data/OBJAnim.bif,0x0020043C,3690,AF72FBE3CCA4F743EB003CC5A577AC242543E19456DB85B780805A19AB36E411,graphics/source/sprites/WPTH1A2E.bam
supplemental:sprites:object-animation-bam:WPTH1A3,sprites,object-animation-bam,WPTH1A3,BAMC,V1,50,8,data/OBJAnim.bif,0x0020043D,5727,078957BC0478CC2297704A7EDB898F68E702D285CD86FC5AC92508FDD8F2E224,graphics/source/sprites/WPTH1A3.bam
supplemental:sprites:object-animation-bam:WPTH1A3E,sprites,object-animation-bam,WPTH1A3E,BAMC,V1,30,8,data/OBJAnim.bif,0x0020043E,3699,D523638DE11FAB83C91D65F6B7A2804A11267E6D6828433757EAE2D324B523AF,graphics/source/sprites/WPTH1A3E.bam
supplemental:sprites:object-animation-bam:WPTH1A4,sprites,object-animation-bam,WPTH1A4,BAMC,V1,50,8,data/OBJAnim.bif,0x0020043F,5617,668A47D66260CE545D8E347E1D10696F8EBC2D3030FFD5BA99214497E0D57A23,graphics/source/sprites/WPTH1A4.bam
supplemental:sprites:object-animation-bam:WPTH1A4E,sprites,object-animation-bam,WPTH1A4E,BAMC,V1,30,8,data/OBJAnim.bif,0x00200440,3623,603BB0BB670832DAF99B01FDDDC9842618CFD27423CD280B1CB02354D346D6B9,graphics/source/sprites/WPTH1A4E.bam
supplemental:sprites:object-animation-bam:WPTH1A5,sprites,object-animation-bam,WPTH1A5,BAMC,V1,30,8,data/OBJAnim.bif,0x00200441,3747,5FE532A4573BE0D18EADA88020DA0E8D0F88B54BFA380B9165CC437E2AF81845,graphics/source/sprites/WPTH1A5.bam
supplemental:sprites:object-animation-bam:WPTH1A5E,sprites,object-animation-bam,WPTH1A5E,BAMC,V1,18,8,data/OBJAnim.bif,0x00200442,2507,D465DCE1C90D9CF64E58EA5920291C33AA76F47CDC77267D34FC0C7F79BBCE5C,graphics/source/sprites/WPTH1A5E.bam
supplemental:sprites:object-animation-bam:WPTH1A6,sprites,object-animation-bam,WPTH1A6,BAMC,V1,40,8,data/OBJAnim.bif,0x00200443,4588,1CDFEB8E6A41ACD610B8D92D35C225BFE38B53929413B1EC6EB3C3DDD6C4C4AA,graphics/source/sprites/WPTH1A6.bam
supplemental:sprites:object-animation-bam:WPTH1A6E,sprites,object-animation-bam,WPTH1A6E,BAMC,V1,24,8,data/OBJAnim.bif,0x00200444,3026,E5D84306ADD68193311C46C17A39EAA58606A9258E186E9AF4A33FB9F61A8A78,graphics/source/sprites/WPTH1A6E.bam
supplemental:sprites:object-animation-bam:WPTH1CA,sprites,object-animation-bam,WPTH1CA,BAMC,V1,50,62,data/OBJAnim.bif,0x00200445,5933,33ED7F03015FA7BFD90A46AD10911EC78A0EE1E7DAA1551AF308D05C0634AE03,graphics/source/sprites/WPTH1CA.bam
supplemental:sprites:object-animation-bam:WPTH1CAE,sprites,object-animation-bam,WPTH1CAE,BAMC,V1,30,64,data/OBJAnim.bif,0x00200446,3908,4288F134AF5712BD27A910F3A3726BB94D443B167BB41AD607DD4EA97ADAE0DC,graphics/source/sprites/WPTH1CAE.bam
supplemental:sprites:object-animation-bam:WPTH1G1,sprites,object-animation-bam,WPTH1G1,BAMC,V1,180,72,data/OBJAnim.bif,0x00200447,16922,9B41D101D24381A7D79021621F2E6D78F7664BBBB7B487E7B8C7CE86212D0C08,graphics/source/sprites/WPTH1G1.bam
supplemental:sprites:object-animation-bam:WPTH1G1E,sprites,object-animation-bam,WPTH1G1E,BAMC,V1,108,72,data/OBJAnim.bif,0x00200448,10348,821272C69BFBF79D959BD2E5C4BB669590A53A1D9B3E4F2BD2DED0B0CE763533,graphics/source/sprites/WPTH1G1E.bam
supplemental:sprites:object-animation-bam:WPTH1SA,sprites,object-animation-bam,WPTH1SA,BAMC,V1,20,8,data/OBJAnim.bif,0x00200449,2937,C4335CE1D590EE4F09F7F4F5A173EA40C8BCB4A33543FBD965BF3AB79E8411DA,graphics/source/sprites/WPTH1SA.bam
supplemental:sprites:object-animation-bam:WPTH1SAE,sprites,object-animation-bam,WPTH1SAE,BAMC,V1,12,8,data/OBJAnim.bif,0x0020044A,1924,67C90209EDD7A41F3AEAF04FC327761C6AAD27DB5899DC5534050C3B6AF2E7F7,graphics/source/sprites/WPTH1SAE.bam
supplemental:sprites:object-animation-bam:WPTH1SX,sprites,object-animation-bam,WPTH1SX,BAMC,V1,15,8,data/OBJAnim.bif,0x0020044B,2318,450F026C9B0A40EFF15B907192C8F9F47AC01B928FEFA47C87E5DA0CFE2A087D,graphics/source/sprites/WPTH1SX.bam
supplemental:sprites:object-animation-bam:WPTH1SXE,sprites,object-animation-bam,WPTH1SXE,BAMC,V1,9,8,data/OBJAnim.bif,0x0020044C,1688,3BA75BB5544DBFFE463AD86AF58D0E09AD5EB4130685D4AC0660262ABCE46B44,graphics/source/sprites/WPTH1SXE.bam
supplemental:sprites:object-animation-bam:WPTH1W2,sprites,object-animation-bam,WPTH1W2,BAMC,V1,50,8,data/OBJAnim.bif,0x0020044D,4680,AB4D1FC5FB3BD2B4AF5EB2940182769626D1BFC973CA90E86B453C196956F8F0,graphics/source/sprites/WPTH1W2.bam
supplemental:sprites:object-animation-bam:WPTH1W2E,sprites,object-animation-bam,WPTH1W2E,BAMC,V1,30,8,data/OBJAnim.bif,0x0020044E,3011,BBDB0CE5BBEE7988C259B8B075903F7D1BBE64FCEFE585CACE8633882A2FB740,graphics/source/sprites/WPTH1W2E.bam
supplemental:sprites:object-animation-bam:WPTH2A1,sprites,object-animation-bam,WPTH2A1,BAMC,V1,50,16,data/OBJAnim.bif,0x0020044F,5466,C982F1F5F19C99A699C9812FC7163DEDF399F0CDEEEEF5EB1162D5995D9CCB8C,graphics/source/sprites/WPTH2A1.bam
supplemental:sprites:object-animation-bam:WPTH2A1E,sprites,object-animation-bam,WPTH2A1E,BAMC,V1,30,16,data/OBJAnim.bif,0x00200450,3635,59A4DB9AA205A0F3A61C363956747257CCEF464B5FE811DA1E2E73D9A8FC8D22,graphics/source/sprites/WPTH2A1E.bam
supplemental:sprites:object-animation-bam:WPTH2A2,sprites,object-animation-bam,WPTH2A2,BAMC,V1,50,8,data/OBJAnim.bif,0x00200451,5458,53FA5D81823371BBA1B94DA713832ABE9E6E704397C81E711E0EB91E4C1F6313,graphics/source/sprites/WPTH2A2.bam
supplemental:sprites:object-animation-bam:WPTH2A2E,sprites,object-animation-bam,WPTH2A2E,BAMC,V1,30,8,data/OBJAnim.bif,0x00200452,3562,CC08698D5A25403905AAE7CA971E5A3ECDBE798BA29C3665F74E0C4F8C2219AD,graphics/source/sprites/WPTH2A2E.bam
supplemental:sprites:object-animation-bam:WPTH2A3,sprites,object-animation-bam,WPTH2A3,BAMC,V1,50,8,data/OBJAnim.bif,0x00200453,5383,D3CEF36E5753BAE8A142369CAF41B17C0D1718EC938761199E2E30A574A767EE,graphics/source/sprites/WPTH2A3.bam
supplemental:sprites:object-animation-bam:WPTH2A3E,sprites,object-animation-bam,WPTH2A3E,BAMC,V1,30,8,data/OBJAnim.bif,0x00200454,3625,615A80091932B30FEB273BD05901FC5DDD44E6EBA647A8570BB5F142A1EA5A96,graphics/source/sprites/WPTH2A3E.bam
supplemental:sprites:object-animation-bam:WPTH2A4,sprites,object-animation-bam,WPTH2A4,BAMC,V1,50,8,data/OBJAnim.bif,0x00200455,5325,724AE357D0F947BAE72C1F237088143922784F3EDB8AA28588B8046EF3DA454D,graphics/source/sprites/WPTH2A4.bam
supplemental:sprites:object-animation-bam:WPTH2A4E,sprites,object-animation-bam,WPTH2A4E,BAMC,V1,30,8,data/OBJAnim.bif,0x00200456,3577,64D524030ECEA2A988CD5C1E691AF11871ABC6D38B7F3CD0E1905A7D0FDC3454,graphics/source/sprites/WPTH2A4E.bam
supplemental:sprites:object-animation-bam:WPTH2A5,sprites,object-animation-bam,WPTH2A5,BAMC,V1,30,8,data/OBJAnim.bif,0x00200457,3587,4BD9C9CA4003920878D34A7C864FF65A523CE9D100E54E6D8A415C8888606FDC,graphics/source/sprites/WPTH2A5.bam
supplemental:sprites:object-animation-bam:WPTH2A5E,sprites,object-animation-bam,WPTH2A5E,BAMC,V1,18,8,data/OBJAnim.bif,0x00200458,2428,0B31EF40FED6E43C470CB405945B7066568A6EB14CEFD2D0D86D5904DA243BF9,graphics/source/sprites/WPTH2A5E.bam
supplemental:sprites:object-animation-bam:WPTH2A6,sprites,object-animation-bam,WPTH2A6,BAMC,V1,40,8,data/OBJAnim.bif,0x00200459,4468,53194D855D486D1170A682AB996DFE1E9B498DFE7F7A06B2CC26EE5333816A9F,graphics/source/sprites/WPTH2A6.bam
supplemental:sprites:object-animation-bam:WPTH2A6E,sprites,object-animation-bam,WPTH2A6E,BAMC,V1,24,8,data/OBJAnim.bif,0x0020045A,3059,3B298C604695536955C7FBB15A3AB577B0B12EC402DB8D3B4EB5F033CF783E75,graphics/source/sprites/WPTH2A6E.bam
supplemental:sprites:object-animation-bam:WPTH2CA,sprites,object-animation-bam,WPTH2CA,BAMC,V1,50,62,data/OBJAnim.bif,0x0020045B,5847,170E0DC0B74C34E3037871798DE40DCC768F56DF2FF1EE1196C8A609DF0E0233,graphics/source/sprites/WPTH2CA.bam
supplemental:sprites:object-animation-bam:WPTH2CAE,sprites,object-animation-bam,WPTH2CAE,BAMC,V1,30,64,data/OBJAnim.bif,0x0020045C,3918,45E522F9A37216D39E321EB05F10ED45854542706BDEFE7C8C75BC5F09E6D086,graphics/source/sprites/WPTH2CAE.bam
supplemental:sprites:object-animation-bam:WPTH2G1,sprites,object-animation-bam,WPTH2G1,BAMC,V1,180,72,data/OBJAnim.bif,0x0020045D,16066,260DBD64D0AA27556E5924C0217B80B90719849BE8320226FF0B2A3373225153,graphics/source/sprites/WPTH2G1.bam
supplemental:sprites:object-animation-bam:WPTH2G1E,sprites,object-animation-bam,WPTH2G1E,BAMC,V1,108,72,data/OBJAnim.bif,0x0020045E,10166,0C5E5A7C6236ABF04E4E524F9454930D27F7F2A91ADC2E6389C26D2500B018C0,graphics/source/sprites/WPTH2G1E.bam
supplemental:sprites:object-animation-bam:WPTH2SA,sprites,object-animation-bam,WPTH2SA,BAMC,V1,20,8,data/OBJAnim.bif,0x0020045F,2687,3B76D99466C2B4693514523DE54F931BF7CFE807254771F91AF80DCFCCCCE312,graphics/source/sprites/WPTH2SA.bam
supplemental:sprites:object-animation-bam:WPTH2SAE,sprites,object-animation-bam,WPTH2SAE,BAMC,V1,12,8,data/OBJAnim.bif,0x00200460,1960,EE717050635546EEC07EB7E82BDFB80AC25FABE30A5EF97CCE96AB7A202082DE,graphics/source/sprites/WPTH2SAE.bam
supplemental:sprites:object-animation-bam:WPTH2SX,sprites,object-animation-bam,WPTH2SX,BAMC,V1,15,8,data/OBJAnim.bif,0x00200461,2167,F647DEF181F8DE03A0EC74998FB7EA163C9C6E78FF9575B2E3E55E82FFB43DDC,graphics/source/sprites/WPTH2SX.bam
supplemental:sprites:object-animation-bam:WPTH2SXE,sprites,object-animation-bam,WPTH2SXE,BAMC,V1,9,8,data/OBJAnim.bif,0x00200462,1636,2280E349AB9F582C99990E7DA34A40D4311C4D839447AAED2AC2D8462E72D472,graphics/source/sprites/WPTH2SXE.bam
supplemental:sprites:object-animation-bam:WPTH2W2,sprites,object-animation-bam,WPTH2W2,BAMC,V1,50,8,data/OBJAnim.bif,0x00200463,4386,7D5E3CE148245DFC555D559D168E880D835A2A64BC9D6A1D2CDFB354FFA99316,graphics/source/sprites/WPTH2W2.bam
supplemental:sprites:object-animation-bam:WPTH2W2E,sprites,object-animation-bam,WPTH2W2E,BAMC,V1,30,8,data/OBJAnim.bif,0x00200464,2985,44EA0BC9E0B7EFBA39F85F4E5213BB0C7075696ED01501974178E7D3520557EE,graphics/source/sprites/WPTH2W2E.bam
supplemental:sprites:object-animation-bam:WPTH3A1,sprites,object-animation-bam,WPTH3A1,BAMC,V1,50,16,data/OBJAnim.bif,0x00200465,6064,3F817849121AA193A5B0FBD5ED1C3AC7AC5AE8A86375BA8F2AA2CE01147020D9,graphics/source/sprites/WPTH3A1.bam
supplemental:sprites:object-animation-bam:WPTH3A1E,sprites,object-animation-bam,WPTH3A1E,BAMC,V1,30,16,data/OBJAnim.bif,0x00200466,4305,534AE46DE932164790562DCAD7F83211B57AB96AD6E0F046AE40FE6394432D49,graphics/source/sprites/WPTH3A1E.bam
supplemental:sprites:object-animation-bam:WPTH3A2,sprites,object-animation-bam,WPTH3A2,BAMC,V1,50,8,data/OBJAnim.bif,0x00200467,6030,E873D8A27515C0D398DE001BDBC1E6F5EB5AF609245A3C397C4184C3398FBE5D,graphics/source/sprites/WPTH3A2.bam
supplemental:sprites:object-animation-bam:WPTH3A2E,sprites,object-animation-bam,WPTH3A2E,BAMC,V1,30,8,data/OBJAnim.bif,0x00200468,4221,0D205456A9D2BF84ECFC49C63F81AFA5FB10E6832E2C905CCCCBC95956FD88C0,graphics/source/sprites/WPTH3A2E.bam
supplemental:sprites:object-animation-bam:WPTH3A3,sprites,object-animation-bam,WPTH3A3,BAMC,V1,50,8,data/OBJAnim.bif,0x00200469,5907,BEADE84975FAC8003C481ED1F5CA0945293A59020DC03298C756C73E8D0DDDE7,graphics/source/sprites/WPTH3A3.bam
supplemental:sprites:object-animation-bam:WPTH3A3E,sprites,object-animation-bam,WPTH3A3E,BAMC,V1,30,8,data/OBJAnim.bif,0x0020046A,4089,3B2D06E9E3356F6C0EA5161F44B61203CAD42C61A2FCCBA24A3388006FC2FE02,graphics/source/sprites/WPTH3A3E.bam
supplemental:sprites:object-animation-bam:WPTH3A4,sprites,object-animation-bam,WPTH3A4,BAMC,V1,50,8,data/OBJAnim.bif,0x0020046B,5910,F9D97B4AA7ED1FED4729F8FDE203BEBE170E0123355F115D2D1A76EA209EC2D7,graphics/source/sprites/WPTH3A4.bam
supplemental:sprites:object-animation-bam:WPTH3A4E,sprites,object-animation-bam,WPTH3A4E,BAMC,V1,30,8,data/OBJAnim.bif,0x0020046C,4051,F80012D0AE2D85DF494BF0E75F05DC20C5AFA94E165B636A39CA2A4480941414,graphics/source/sprites/WPTH3A4E.bam
supplemental:sprites:object-animation-bam:WPTH3A5,sprites,object-animation-bam,WPTH3A5,BAMC,V1,30,8,data/OBJAnim.bif,0x0020046D,3935,DA7489B0B2DD7953342F303A223DFD759F798DABC107FBEC27AC96C599EEF42A,graphics/source/sprites/WPTH3A5.bam
supplemental:sprites:object-animation-bam:WPTH3A5E,sprites,object-animation-bam,WPTH3A5E,BAMC,V1,18,8,data/OBJAnim.bif,0x0020046E,2672,8AC4AC53C6854A666EEC408DB613E3B747258D25D1A63903DDDB8F936B6E2D3D,graphics/source/sprites/WPTH3A5E.bam
supplemental:sprites:object-animation-bam:WPTH3A6,sprites,object-animation-bam,WPTH3A6,BAMC,V1,40,8,data/OBJAnim.bif,0x0020046F,4941,1356044772DC9D538DF421D89A6AC9DFE533E0FBB15285381AAE5C6F06A82FDF,graphics/source/sprites/WPTH3A6.bam
supplemental:sprites:object-animation-bam:WPTH3A6E,sprites,object-animation-bam,WPTH3A6E,BAMC,V1,24,8,data/OBJAnim.bif,0x00200470,3344,400BBBA3564542624E3A6858844FB67402EF73F920E7C35896140941833C3D5B,graphics/source/sprites/WPTH3A6E.bam
supplemental:sprites:object-animation-bam:WPTH3CA,sprites,object-animation-bam,WPTH3CA,BAMC,V1,50,62,data/OBJAnim.bif,0x00200471,6368,015EC324267D6FA7B5D7E661A4F7055355F44D5852A4E7193F08D7E61A9C56E1,graphics/source/sprites/WPTH3CA.bam
supplemental:sprites:object-animation-bam:WPTH3CAE,sprites,object-animation-bam,WPTH3CAE,BAMC,V1,30,64,data/OBJAnim.bif,0x00200472,4272,F2F460957C6AD13AFD13023B2305E20DDD7FA41780557AFE9CF875329C3921FC,graphics/source/sprites/WPTH3CAE.bam
supplemental:sprites:object-animation-bam:WPTH3G1,sprites,object-animation-bam,WPTH3G1,BAMC,V1,180,72,data/OBJAnim.bif,0x00200473,17136,166BA8C7A511B69224CA938BDC0DA932F957E3FF7F74148F916C853D9CF6B58D,graphics/source/sprites/WPTH3G1.bam
supplemental:sprites:object-animation-bam:WPTH3G1E,sprites,object-animation-bam,WPTH3G1E,BAMC,V1,108,72,data/OBJAnim.bif,0x00200474,10934,F9292AF2A49B6AE90D0443DA6D513028C5B7685A534326EE15B434F8C50A17AD,graphics/source/sprites/WPTH3G1E.bam
supplemental:sprites:object-animation-bam:WPTH3SA,sprites,object-animation-bam,WPTH3SA,BAMC,V1,20,8,data/OBJAnim.bif,0x00200475,2941,A40CEEE303EB0F2BF1E72434D8796A1A5B2B2F36C5BF3A3C66F5BD0BC27D970F,graphics/source/sprites/WPTH3SA.bam
supplemental:sprites:object-animation-bam:WPTH3SAE,sprites,object-animation-bam,WPTH3SAE,BAMC,V1,12,8,data/OBJAnim.bif,0x00200476,2216,D8338F3E274FEBA18BC4C3566B2E8206C1D860B4896C834B60DB59C75B5D4250,graphics/source/sprites/WPTH3SAE.bam
supplemental:sprites:object-animation-bam:WPTH3SX,sprites,object-animation-bam,WPTH3SX,BAMC,V1,15,8,data/OBJAnim.bif,0x00200477,2394,638C2693F9CA70B6681CCC5708B358DEC500016BBDE41D73B4F7F10A60DDC8B0,graphics/source/sprites/WPTH3SX.bam
supplemental:sprites:object-animation-bam:WPTH3SXE,sprites,object-animation-bam,WPTH3SXE,BAMC,V1,9,8,data/OBJAnim.bif,0x00200478,1800,0563AFA1253FA84A4A2F0A51E8A01E593FB1AD737941668C5D5173931ECC4439,graphics/source/sprites/WPTH3SXE.bam
supplemental:sprites:object-animation-bam:WPTH3W2,sprites,object-animation-bam,WPTH3W2,BAMC,V1,50,8,data/OBJAnim.bif,0x00200479,4784,2C74031A8D44F1BA677EBB1EA7049298612F22E199041A6188D0205BAE7CD634,graphics/source/sprites/WPTH3W2.bam
supplemental:sprites:object-animation-bam:WPTH3W2E,sprites,object-animation-bam,WPTH3W2E,BAMC,V1,30,8,data/OBJAnim.bif,0x0020047A,3399,B0D1EEAC35F1B942AAC82F8B5B7D2084428F8DCEDFAD80E47416F5D5FB45E6A8,graphics/source/sprites/WPTH3W2E.bam
supplemental:sprites:object-animation-bam:WPTH4A1,sprites,object-animation-bam,WPTH4A1,BAMC,V1,50,16,data/OBJAnim.bif,0x0020047B,10378,67081AD11CBA9BBCC332B8B0AAADD557073633F45612BF1EA7D497E80CD971B9,graphics/source/sprites/WPTH4A1.bam
supplemental:sprites:object-animation-bam:WPTH4A1E,sprites,object-animation-bam,WPTH4A1E,BAMC,V1,30,16,data/OBJAnim.bif,0x0020047C,6493,BDF1E1D73D239D493269E9A2CF688AB633F050B448F69CE5BE2C06F4044C4D50,graphics/source/sprites/WPTH4A1E.bam
supplemental:sprites:object-animation-bam:WPTH4A2,sprites,object-animation-bam,WPTH4A2,BAMC,V1,50,8,data/OBJAnim.bif,0x0020047D,10295,E230B465F55F09AD906F13B4972B0C469473DCF93FAF8C328233A1E3EE1A1E2F,graphics/source/sprites/WPTH4A2.bam
supplemental:sprites:object-animation-bam:WPTH4A2E,sprites,object-animation-bam,WPTH4A2E,BAMC,V1,30,8,data/OBJAnim.bif,0x0020047E,6589,1DC68182B654F20AC96B3D79777BA21045B1ACB5FC857BBA5AAB20EE1112851F,graphics/source/sprites/WPTH4A2E.bam
supplemental:sprites:object-animation-bam:WPTH4A3,sprites,object-animation-bam,WPTH4A3,BAMC,V1,50,8,data/OBJAnim.bif,0x0020047F,10614,A19BA8C016F6E6B9CDB9471DE7D20E1D22CD36B09F57C7B7E379B2559EA078A9,graphics/source/sprites/WPTH4A3.bam
supplemental:sprites:object-animation-bam:WPTH4A3E,sprites,object-animation-bam,WPTH4A3E,BAMC,V1,30,8,data/OBJAnim.bif,0x00200480,6201,99146E9159A26A464388B489D7927F6F7B59B85EBB3DE5AA4849C18AC11DD69C,graphics/source/sprites/WPTH4A3E.bam
supplemental:sprites:object-animation-bam:WPTH4A4,sprites,object-animation-bam,WPTH4A4,BAMC,V1,50,8,data/OBJAnim.bif,0x00200481,10285,800A48A77965742A91488FBEE1E28BE787AFA940ADC7FDC56D7A0A6821A898B4,graphics/source/sprites/WPTH4A4.bam
supplemental:sprites:object-animation-bam:WPTH4A4E,sprites,object-animation-bam,WPTH4A4E,BAMC,V1,30,8,data/OBJAnim.bif,0x00200482,6197,2AC95F0F0237EE3FF240A426083C716345364FB4FE029E2228292AC80537D7E0,graphics/source/sprites/WPTH4A4E.bam
supplemental:sprites:object-animation-bam:WPTH4A5,sprites,object-animation-bam,WPTH4A5,BAMC,V1,30,8,data/OBJAnim.bif,0x00200483,6420,A38434E4AA1C0D5D08B009BAA9D2C55B63987F9AD7CBEF650BFE4D1658A89942,graphics/source/sprites/WPTH4A5.bam
supplemental:sprites:object-animation-bam:WPTH4A5E,sprites,object-animation-bam,WPTH4A5E,BAMC,V1,18,8,data/OBJAnim.bif,0x00200484,4104,6A646A81958F43296523AE20F8D92586CFBA53E510CA96C433A504E7E37D0E06,graphics/source/sprites/WPTH4A5E.bam
supplemental:sprites:object-animation-bam:WPTH4A6,sprites,object-animation-bam,WPTH4A6,BAMC,V1,40,8,data/OBJAnim.bif,0x00200485,8478,9AC1C3FBB223C8026227B6588A8C431D769CC5D20CDB274783E677AB3AFE1CDE,graphics/source/sprites/WPTH4A6.bam
supplemental:sprites:object-animation-bam:WPTH4A6E,sprites,object-animation-bam,WPTH4A6E,BAMC,V1,24,8,data/OBJAnim.bif,0x00200486,5207,6A97F0B561EE497A984D4818BBAEF8DD622ED30CBEFA307CBB9244A105E43CD4,graphics/source/sprites/WPTH4A6E.bam
supplemental:sprites:object-animation-bam:WPTH4CA,sprites,object-animation-bam,WPTH4CA,BAMC,V1,50,62,data/OBJAnim.bif,0x00200487,10899,9719765552920B25879862D0D0E2C91BEC2B8267988EFA8B37D5CED808340876,graphics/source/sprites/WPTH4CA.bam
supplemental:sprites:object-animation-bam:WPTH4CAE,sprites,object-animation-bam,WPTH4CAE,BAMC,V1,30,64,data/OBJAnim.bif,0x00200488,6705,C119C1BD802AC05A5840F505DC54FCEDBD274997411B35E1B753E4B3AC6A774A,graphics/source/sprites/WPTH4CAE.bam
supplemental:sprites:object-animation-bam:WPTH4G1,sprites,object-animation-bam,WPTH4G1,BAMC,V1,180,72,data/OBJAnim.bif,0x00200489,31422,32A91C63A6348004DF5C46254560446ED70A5B8AC6865CA9A8C1D8C7E001E358,graphics/source/sprites/WPTH4G1.bam
supplemental:sprites:object-animation-bam:WPTH4G1E,sprites,object-animation-bam,WPTH4G1E,BAMC,V1,108,72,data/OBJAnim.bif,0x0020048A,18388,6FA359476E4F8CC4A07C9E6CC0166C3E5A9B69846CAD86B78B59BA9EE97B2E32,graphics/source/sprites/WPTH4G1E.bam
supplemental:sprites:object-animation-bam:WPTH4SA,sprites,object-animation-bam,WPTH4SA,BAMC,V1,20,8,data/OBJAnim.bif,0x0020048B,4726,5D4ADDB5B8A1ACCA736340EA1711901D0F6D572E154A8B6D82D74A4C20B6E1E5,graphics/source/sprites/WPTH4SA.bam
supplemental:sprites:object-animation-bam:WPTH4SAE,sprites,object-animation-bam,WPTH4SAE,BAMC,V1,12,8,data/OBJAnim.bif,0x0020048C,3141,7665E5E92F544B51EB0CF1FFD1F76B2304AEEE4933454FBB55AD253ABF5738AC,graphics/source/sprites/WPTH4SAE.bam
supplemental:sprites:object-animation-bam:WPTH4SX,sprites,object-animation-bam,WPTH4SX,BAMC,V1,15,8,data/OBJAnim.bif,0x0020048D,3760,406D26BBED1EA5DD1043EB93BB75FAA833A8EB6ACF33B7939ADE196E59F81DD7,graphics/source/sprites/WPTH4SX.bam
supplemental:sprites:object-animation-bam:WPTH4SXE,sprites,object-animation-bam,WPTH4SXE,BAMC,V1,9,8,data/OBJAnim.bif,0x0020048E,2523,A26C809D43126BBC2A4B429CD846BBA31C90CD20CB4E171EAD1718F7D28FF7E3,graphics/source/sprites/WPTH4SXE.bam
supplemental:sprites:object-animation-bam:WPTH4W2,sprites,object-animation-bam,WPTH4W2,BAMC,V1,50,8,data/OBJAnim.bif,0x0020048F,8388,EC989D7947504FD5BF9A7C84C51265697B07B3EE902E964D23D7ED72716841BB,graphics/source/sprites/WPTH4W2.bam
supplemental:sprites:object-animation-bam:WPTH4W2E,sprites,object-animation-bam,WPTH4W2E,BAMC,V1,30,8,data/OBJAnim.bif,0x00200490,5162,6BBEB3B902CEF8C15E82CF6E3E534021352CA9A32AAABF7C982A12DAA2AEFBC6,graphics/source/sprites/WPTH4W2E.bam
supplemental:sprites:object-animation-bam:WPTH5A1,sprites,object-animation-bam,WPTH5A1,BAMC,V1,50,16,data/OBJAnim.bif,0x00200491,5333,04B23B77B76BF9323DE55C6975710FB7B72159245E78BB12B060CDC72968B855,graphics/source/sprites/WPTH5A1.bam
supplemental:sprites:object-animation-bam:WPTH5A1E,sprites,object-animation-bam,WPTH5A1E,BAMC,V1,30,16,data/OBJAnim.bif,0x00200492,3561,B7A7CD679FD1565971D9F21408DD9420D8C68477DE33CEDC0E8BD344C8B34082,graphics/source/sprites/WPTH5A1E.bam
supplemental:sprites:object-animation-bam:WPTH5A2,sprites,object-animation-bam,WPTH5A2,BAMC,V1,50,8,data/OBJAnim.bif,0x00200493,5324,CD31D7A1645193F606B4AB2F80F44D0EA0A2A05387E061FCC32D595F585AEFA5,graphics/source/sprites/WPTH5A2.bam
supplemental:sprites:object-animation-bam:WPTH5A2E,sprites,object-animation-bam,WPTH5A2E,BAMC,V1,30,8,data/OBJAnim.bif,0x00200494,3599,ABD0BBEE0D94EB949410CFF5CD8666759CC5AB50AA5DE7FBE6BA92FE48689DA7,graphics/source/sprites/WPTH5A2E.bam
supplemental:sprites:object-animation-bam:WPTH5A3,sprites,object-animation-bam,WPTH5A3,BAMC,V1,50,8,data/OBJAnim.bif,0x00200495,5332,2ED8AE7295401843D9B57353D2BA0A3C8222647ED4480F08DFB09D74E4DA8D76,graphics/source/sprites/WPTH5A3.bam
supplemental:sprites:object-animation-bam:WPTH5A3E,sprites,object-animation-bam,WPTH5A3E,BAMC,V1,30,8,data/OBJAnim.bif,0x00200496,3317,BCBAFDDEA2FFB753CA951B87C84B78C7084DD9FFD611014BD8799D99E220F7DC,graphics/source/sprites/WPTH5A3E.bam
supplemental:sprites:object-animation-bam:WPTH5A4,sprites,object-animation-bam,WPTH5A4,BAMC,V1,50,8,data/OBJAnim.bif,0x00200497,5190,3F650711C9561954966B132626EF59BD995BB21D515347ACF10D7BBF9F3CBD67,graphics/source/sprites/WPTH5A4.bam
supplemental:sprites:object-animation-bam:WPTH5A4E,sprites,object-animation-bam,WPTH5A4E,BAMC,V1,30,8,data/OBJAnim.bif,0x00200498,3315,CA5B4CF1FA6F53426EC760B3696A7D3FA4F4679E91EC52524FB413A39FFEF30F,graphics/source/sprites/WPTH5A4E.bam
supplemental:sprites:object-animation-bam:WPTH5A5,sprites,object-animation-bam,WPTH5A5,BAMC,V1,30,8,data/OBJAnim.bif,0x00200499,3392,36D9784876AF09F86D044FCBA04AE673A66A056C2C3C5176839AF7178CA180DE,graphics/source/sprites/WPTH5A5.bam
supplemental:sprites:object-animation-bam:WPTH5A5E,sprites,object-animation-bam,WPTH5A5E,BAMC,V1,18,8,data/OBJAnim.bif,0x0020049A,2313,FCFE5203652FBB64E31D42B8407D02D6C01AF7D07716FC3AAD2BEBC83997DD72,graphics/source/sprites/WPTH5A5E.bam
supplemental:sprites:object-animation-bam:WPTH5A6,sprites,object-animation-bam,WPTH5A6,BAMC,V1,40,8,data/OBJAnim.bif,0x0020049B,4289,42E5F6CB830CD85E5B408ECCF4E6CA11C035690FB4F083902447D4BB32AAF6BE,graphics/source/sprites/WPTH5A6.bam
supplemental:sprites:object-animation-bam:WPTH5A6E,sprites,object-animation-bam,WPTH5A6E,BAMC,V1,24,8,data/OBJAnim.bif,0x0020049C,2856,5BDC6062D1EE5B3CB7A2E8FC5CA64DA16BA8EC81F351686167617518506FA35C,graphics/source/sprites/WPTH5A6E.bam
supplemental:sprites:object-animation-bam:WPTH5CA,sprites,object-animation-bam,WPTH5CA,BAMC,V1,50,64,data/OBJAnim.bif,0x0020049D,5486,3E8260E99E2B7FB5F6799923530963098287879AF87CD02FDC2211CD4D219092,graphics/source/sprites/WPTH5CA.bam
supplemental:sprites:object-animation-bam:WPTH5CAE,sprites,object-animation-bam,WPTH5CAE,BAMC,V1,30,64,data/OBJAnim.bif,0x0020049E,3689,AF42C612459D3F109442EFDFDC82420AB5721BE3ABEBD340134D8DD7D067840F,graphics/source/sprites/WPTH5CAE.bam
supplemental:sprites:object-animation-bam:WPTH5G1,sprites,object-animation-bam,WPTH5G1,BAMC,V1,180,72,data/OBJAnim.bif,0x0020049F,15361,9CDF39693C9142314CC12F76CF3CAAD5393AF854EF25D55D0DC95E3704F8F822,graphics/source/sprites/WPTH5G1.bam
supplemental:sprites:object-animation-bam:WPTH5G1E,sprites,object-animation-bam,WPTH5G1E,BAMC,V1,108,72,data/OBJAnim.bif,0x002004A0,9236,5DEFAA0403338E2F55CE091C27FCDAC9AF4746EC36C10D5D76DD1E5BB205261A,graphics/source/sprites/WPTH5G1E.bam
supplemental:sprites:object-animation-bam:WPTH5SA,sprites,object-animation-bam,WPTH5SA,BAMC,V1,20,8,data/OBJAnim.bif,0x002004A1,2648,A2A72F36DCA68DCA1116F51320B279B8550B3CC4B9854112A6D656569EC052E4,graphics/source/sprites/WPTH5SA.bam
supplemental:sprites:object-animation-bam:WPTH5SAE,sprites,object-animation-bam,WPTH5SAE,BAMC,V1,12,8,data/OBJAnim.bif,0x002004A2,1867,9B3260F0CA2C92D10482199509288790DF04458383730CEE8A2227885A437745,graphics/source/sprites/WPTH5SAE.bam
supplemental:sprites:object-animation-bam:WPTH5SX,sprites,object-animation-bam,WPTH5SX,BAMC,V1,15,8,data/OBJAnim.bif,0x002004A3,2193,586C8B1C9A0717C757188BA06B11FA5D994BDB564E1FAE7FB289F74046E1562C,graphics/source/sprites/WPTH5SX.bam
supplemental:sprites:object-animation-bam:WPTH5SXE,sprites,object-animation-bam,WPTH5SXE,BAMC,V1,9,8,data/OBJAnim.bif,0x002004A4,1592,2B89756ABCE2D0ED1961B1879641B2814B83304192D55D8AE245CFE7A73A2583,graphics/source/sprites/WPTH5SXE.bam
supplemental:sprites:object-animation-bam:WPTH5W2,sprites,object-animation-bam,WPTH5W2,BAMC,V1,50,8,data/OBJAnim.bif,0x002004A5,4275,5AD17FBD7BA90B46F72D2958FA48189EFBE0DB2085A72FB8B65998CC74D8C6F7,graphics/source/sprites/WPTH5W2.bam
supplemental:sprites:object-animation-bam:WPTH5W2E,sprites,object-animation-bam,WPTH5W2E,BAMC,V1,30,8,data/OBJAnim.bif,0x002004A6,2751,57B3CCB8B3CB47A1F01B97E35F1DEE988DDD951120C0F0A4A5B4152B4667AE1C,graphics/source/sprites/WPTH5W2E.bam
supplemental:sprites:object-animation-bam:WPTH6A1,sprites,object-animation-bam,WPTH6A1,BAMC,V1,50,16,data/OBJAnim.bif,0x002004A7,6922,566956BFCB8A11881C4F3EC76F980E93DDEF044AB49125D39C9806ADB98B72D0,graphics/source/sprites/WPTH6A1.bam
supplemental:sprites:object-animation-bam:WPTH6A1E,sprites,object-animation-bam,WPTH6A1E,BAMC,V1,30,16,data/OBJAnim.bif,0x002004A8,4333,4C37CF86FE34BEEC342FB9483898497F9D0D67DFBCF826D74675E25F41461187,graphics/source/sprites/WPTH6A1E.bam
supplemental:sprites:object-animation-bam:WPTH6A2,sprites,object-animation-bam,WPTH6A2,BAMC,V1,50,8,data/OBJAnim.bif,0x002004A9,6865,0DEBD46B9E607471E3D5BEAFCC8416F462F85D06C286C5FD92613F17B66DF823,graphics/source/sprites/WPTH6A2.bam
supplemental:sprites:object-animation-bam:WPTH6A2E,sprites,object-animation-bam,WPTH6A2E,BAMC,V1,30,8,data/OBJAnim.bif,0x002004AA,4302,FFE0F48256D7EC177F9CCAD863A91BA5E4C39EF2972DAEAFCE1C745901F06080,graphics/source/sprites/WPTH6A2E.bam
supplemental:sprites:object-animation-bam:WPTH6A3,sprites,object-animation-bam,WPTH6A3,BAMC,V1,50,8,data/OBJAnim.bif,0x002004AB,6789,249A560531C2B1F6CD64060D0B2AC0E9B98AB289A11BB46BB27382FC1C933B01,graphics/source/sprites/WPTH6A3.bam
supplemental:sprites:object-animation-bam:WPTH6A3E,sprites,object-animation-bam,WPTH6A3E,BAMC,V1,30,8,data/OBJAnim.bif,0x002004AC,4321,D652F19D8AC7AB03974C599D7C4F2248A09EF906328BBAA245FF9AC5500D81DD,graphics/source/sprites/WPTH6A3E.bam
supplemental:sprites:object-animation-bam:WPTH6A4,sprites,object-animation-bam,WPTH6A4,BAMC,V1,50,8,data/OBJAnim.bif,0x002004AD,6633,EDC60A06CC5FEB40FB798BAAB7E8644712E5A56F9009D9B73D9A304434EE5C7F,graphics/source/sprites/WPTH6A4.bam
supplemental:sprites:object-animation-bam:WPTH6A4E,sprites,object-animation-bam,WPTH6A4E,BAMC,V1,30,8,data/OBJAnim.bif,0x002004AE,4189,C22C19EDC06166A67185165526488A94984471B77D03E7C16C21E21F71971B12,graphics/source/sprites/WPTH6A4E.bam
supplemental:sprites:object-animation-bam:WPTH6A5,sprites,object-animation-bam,WPTH6A5,BAMC,V1,30,8,data/OBJAnim.bif,0x002004AF,4318,AC1B30366FC55581C0E3BBF37CD8B9BA90862155E5D277F9EDDF9ED103E74F06,graphics/source/sprites/WPTH6A5.bam
supplemental:sprites:object-animation-bam:WPTH6A5E,sprites,object-animation-bam,WPTH6A5E,BAMC,V1,18,8,data/OBJAnim.bif,0x002004B0,2936,44A957593CBA5EEA51662501F6A3F691237BF44090ECBDBEC95B2A48D0ECB3C1,graphics/source/sprites/WPTH6A5E.bam
supplemental:sprites:object-animation-bam:WPTH6A6,sprites,object-animation-bam,WPTH6A6,BAMC,V1,40,8,data/OBJAnim.bif,0x002004B1,5435,442FF86B9EC25FC6BAF79061C60FEEAECE53F1067906ABEAB2DACEAB6690C5F0,graphics/source/sprites/WPTH6A6.bam
supplemental:sprites:object-animation-bam:WPTH6A6E,sprites,object-animation-bam,WPTH6A6E,BAMC,V1,24,8,data/OBJAnim.bif,0x002004B2,3572,6E613365F1AA8A642A0BD40816D1F5F5A02807E5BE3C6CB46B422591A2699EC4,graphics/source/sprites/WPTH6A6E.bam
supplemental:sprites:object-animation-bam:WPTH6CA,sprites,object-animation-bam,WPTH6CA,BAMC,V1,50,62,data/OBJAnim.bif,0x002004B3,6930,3DA0D0678284750E7848B46CB26364BCBA547F86D4FEAD9431943811878993D2,graphics/source/sprites/WPTH6CA.bam
supplemental:sprites:object-animation-bam:WPTH6CAE,sprites,object-animation-bam,WPTH6CAE,BAMC,V1,30,64,data/OBJAnim.bif,0x002004B4,4597,2176D3F14B6EF80CBDB9BEA8FCDEA8CF45817CD51901C603DEE64DACFE278298,graphics/source/sprites/WPTH6CAE.bam
supplemental:sprites:object-animation-bam:WPTH6G1,sprites,object-animation-bam,WPTH6G1,BAMC,V1,180,72,data/OBJAnim.bif,0x002004B5,19954,F57E75A3564CB8340A0941CCA808E357912783545CEF8F8FB5AA129931B0DDC4,graphics/source/sprites/WPTH6G1.bam
supplemental:sprites:object-animation-bam:WPTH6G1E,sprites,object-animation-bam,WPTH6G1E,BAMC,V1,108,72,data/OBJAnim.bif,0x002004B6,12086,72F20FFD052DA740E1A2D3F967F605B331019B6814FF16FDC91DF21B49E7AB20,graphics/source/sprites/WPTH6G1E.bam
supplemental:sprites:object-animation-bam:WPTH6SA,sprites,object-animation-bam,WPTH6SA,BAMC,V1,20,8,data/OBJAnim.bif,0x002004B7,3288,73D373E8B59DF782A4CA8135DE8CB0EA480B1885509EEA2575159A93C352CA19,graphics/source/sprites/WPTH6SA.bam
supplemental:sprites:object-animation-bam:WPTH6SAE,sprites,object-animation-bam,WPTH6SAE,BAMC,V1,12,8,data/OBJAnim.bif,0x002004B8,2177,3740C088A12E6D4F7A396BF0141CD8B3B690A96272F500F97A0A587722907B72,graphics/source/sprites/WPTH6SAE.bam
supplemental:sprites:object-animation-bam:WPTH6SX,sprites,object-animation-bam,WPTH6SX,BAMC,V1,15,8,data/OBJAnim.bif,0x002004B9,2549,3CB20042E2AF7951E94BF7A27DCDC852F3B16C037FF40C55DBC341BC75A23E63,graphics/source/sprites/WPTH6SX.bam
supplemental:sprites:object-animation-bam:WPTH6SXE,sprites,object-animation-bam,WPTH6SXE,BAMC,V1,9,8,data/OBJAnim.bif,0x002004BA,1864,B8C86E4DF332B05312534BFAA0B1DC3FE4649A7B5E211E953049BB80B706C2B2,graphics/source/sprites/WPTH6SXE.bam
supplemental:sprites:object-animation-bam:WPTH6W2,sprites,object-animation-bam,WPTH6W2,BAMC,V1,50,8,data/OBJAnim.bif,0x002004BB,5672,4DECBD533AD3BE6872110F729FC5735C72855FAC4C4AE36CE97B0D5D15DB45EE,graphics/source/sprites/WPTH6W2.bam
supplemental:sprites:object-animation-bam:WPTH6W2E,sprites,object-animation-bam,WPTH6W2E,BAMC,V1,30,8,data/OBJAnim.bif,0x002004BC,3479,BA6F23E12E3B708CE21A750F6F6182FAD92A67AAF994AF9036C33C37FFC4D0C1,graphics/source/sprites/WPTH6W2E.bam
supplemental:sprites:paperdoll-animation-bam:WPTJ0A1,sprites,paperdoll-animation-bam,WPTJ0A1,BAMC,V1,50,16,data/PaperDol.bif,0x062007E1,5361,443D755F8B178D2EBB7CAF208F5788B40A2C8942EBE21F60B81329B9E7797031,graphics/source/sprites/WPTJ0A1.bam
supplemental:sprites:paperdoll-animation-bam:WPTJ0A1E,sprites,paperdoll-animation-bam,WPTJ0A1E,BAMC,V1,30,16,data/PaperDol.bif,0x062007E2,3595,90B98BEDC05AED252062AE88D4DC6357FD866D85C499B360479CFD77B18669A0,graphics/source/sprites/WPTJ0A1E.bam
supplemental:sprites:paperdoll-animation-bam:WPTJ0A2,sprites,paperdoll-animation-bam,WPTJ0A2,BAMC,V1,50,8,data/PaperDol.bif,0x062007E3,5223,F2830E77465BB014273B24A3ABBADD84CB8759A64D5956AE65B4E6433DC2D665,graphics/source/sprites/WPTJ0A2.bam
supplemental:sprites:paperdoll-animation-bam:WPTJ0A2E,sprites,paperdoll-animation-bam,WPTJ0A2E,BAMC,V1,30,8,data/PaperDol.bif,0x062007E4,3596,A44F124853FDC7B5234DE122F5A2904DAA9FFD28140D3027117FA8E9F3BE534D,graphics/source/sprites/WPTJ0A2E.bam
supplemental:sprites:paperdoll-animation-bam:WPTJ0A3,sprites,paperdoll-animation-bam,WPTJ0A3,BAMC,V1,50,8,data/PaperDol.bif,0x062007E5,5330,7AB555460210B980442D16A726659A7E6C1928E1C009FC84E49A2996A8D2D002,graphics/source/sprites/WPTJ0A3.bam
supplemental:sprites:paperdoll-animation-bam:WPTJ0A3E,sprites,paperdoll-animation-bam,WPTJ0A3E,BAMC,V1,30,8,data/PaperDol.bif,0x062007E6,3409,4F67EDAC4B77C70E7F88F3EC888E3390B9A6539DF790FDD5312DD56C39215DEE,graphics/source/sprites/WPTJ0A3E.bam
supplemental:sprites:paperdoll-animation-bam:WPTJ0A4,sprites,paperdoll-animation-bam,WPTJ0A4,BAMC,V1,50,8,data/PaperDol.bif,0x062007E7,5198,D2940C8903456924BF919FAE078B1898FA970994B6CDCF9B8BE8471339100DAE,graphics/source/sprites/WPTJ0A4.bam
supplemental:sprites:paperdoll-animation-bam:WPTJ0A4E,sprites,paperdoll-animation-bam,WPTJ0A4E,BAMC,V1,30,8,data/PaperDol.bif,0x062007E8,3402,FE20A987478306E4D71825F16967A4C2A6E5E72BE348DEC8070ECC01066D3965,graphics/source/sprites/WPTJ0A4E.bam
supplemental:sprites:paperdoll-animation-bam:WPTJ0A5,sprites,paperdoll-animation-bam,WPTJ0A5,BAMC,V1,30,8,data/PaperDol.bif,0x062007E9,3455,61F2DDB9B1A55F93F87D019A65109FE45F26A5100897C70E1C6A88C29D5B1720,graphics/source/sprites/WPTJ0A5.bam
supplemental:sprites:paperdoll-animation-bam:WPTJ0A5E,sprites,paperdoll-animation-bam,WPTJ0A5E,BAMC,V1,18,8,data/PaperDol.bif,0x062007EA,2393,09A642D018FE2811C087C1256724454DEF4DF0BF1BCEA563D615E2970CFE0E3D,graphics/source/sprites/WPTJ0A5E.bam
supplemental:sprites:paperdoll-animation-bam:WPTJ0A6,sprites,paperdoll-animation-bam,WPTJ0A6,BAMC,V1,40,8,data/PaperDol.bif,0x062007EB,4341,49FEBA7BA745D0AA3CFA9A516C160476C202B422E81DAE523C803AFBF9160942,graphics/source/sprites/WPTJ0A6.bam
supplemental:sprites:paperdoll-animation-bam:WPTJ0A6E,sprites,paperdoll-animation-bam,WPTJ0A6E,BAMC,V1,24,8,data/PaperDol.bif,0x062007EC,2950,2F9140E89671F1FFB669DAC02DEE3D6F627512B3BDDA30E8CAD4AC6CF668EFFB,graphics/source/sprites/WPTJ0A6E.bam
supplemental:sprites:paperdoll-animation-bam:WPTJ0CA,sprites,paperdoll-animation-bam,WPTJ0CA,BAMC,V1,50,64,data/PaperDol.bif,0x062007ED,5585,03A9FBE62B3D99FBDA6B60BE4B9367B5065CF078D3C32F489B5C5FAE12DECF98,graphics/source/sprites/WPTJ0CA.bam
supplemental:sprites:paperdoll-animation-bam:WPTJ0CAE,sprites,paperdoll-animation-bam,WPTJ0CAE,BAMC,V1,30,64,data/PaperDol.bif,0x062007EE,3766,ADE6EC1A0F8C9B23CF439A23F5C4EDE71452018BCF8D99683B41AB89BAEE0C7C,graphics/source/sprites/WPTJ0CAE.bam
supplemental:sprites:paperdoll-animation-bam:WPTJ0G1,sprites,paperdoll-animation-bam,WPTJ0G1,BAMC,V1,180,72,data/PaperDol.bif,0x062007EF,15392,909FD934699C9D3EA656E5CB0BF12C207EE44E237C7559AE156C27DB7E386E9A,graphics/source/sprites/WPTJ0G1.bam
supplemental:sprites:paperdoll-animation-bam:WPTJ0G1E,sprites,paperdoll-animation-bam,WPTJ0G1E,BAMC,V1,108,72,data/PaperDol.bif,0x062007F0,9540,2D6A8C6F973BE443AC5684B7EB79774007E708DFFAC18A2D9DF62C7D69EC8BA2,graphics/source/sprites/WPTJ0G1E.bam
supplemental:sprites:paperdoll-animation-bam:WPTJ0SA,sprites,paperdoll-animation-bam,WPTJ0SA,BAMC,V1,20,8,data/PaperDol.bif,0x062007F1,2601,E4917DFFC4820A874B5677194B958D9D9FEBB9B400C04B743E22FB7D0AEF4500,graphics/source/sprites/WPTJ0SA.bam
supplemental:sprites:paperdoll-animation-bam:WPTJ0SAE,sprites,paperdoll-animation-bam,WPTJ0SAE,BAMC,V1,12,8,data/PaperDol.bif,0x062007F2,1926,200A09B6A7BCFAE4E9D0C4E9562FD41A897A75B9F1E563BE873C47E319685CE5,graphics/source/sprites/WPTJ0SAE.bam
supplemental:sprites:paperdoll-animation-bam:WPTJ0SX,sprites,paperdoll-animation-bam,WPTJ0SX,BAMC,V1,15,8,data/PaperDol.bif,0x062007F3,2180,CB25BCD84C96019F1A8A8368A663984E66FD212066A204B9F30DFA41038E9F27,graphics/source/sprites/WPTJ0SX.bam
supplemental:sprites:paperdoll-animation-bam:WPTJ0SXE,sprites,paperdoll-animation-bam,WPTJ0SXE,BAMC,V1,9,8,data/PaperDol.bif,0x062007F4,1617,7DE71352E18AA269ECBC129B0B01F21A94CC774168F6A3C3BB11126A4B93C086,graphics/source/sprites/WPTJ0SXE.bam
supplemental:sprites:paperdoll-animation-bam:WPTJ0W2,sprites,paperdoll-animation-bam,WPTJ0W2,BAMC,V1,50,8,data/PaperDol.bif,0x062007F5,4307,ACF4373E5AC8B770233BFE19F6F27478F4797189AA040BCC5A6901007BAC45A8,graphics/source/sprites/WPTJ0W2.bam
supplemental:sprites:paperdoll-animation-bam:WPTJ0W2E,sprites,paperdoll-animation-bam,WPTJ0W2E,BAMC,V1,30,8,data/PaperDol.bif,0x062007F6,2808,87FE62ED3A9EE163587A2F0C90F3EB063B2F14652114646F1624DC0690C9E647,graphics/source/sprites/WPTJ0W2E.bam
supplemental:sprites:paperdoll-animation-bam:WPTJ1A1,sprites,paperdoll-animation-bam,WPTJ1A1,BAMC,V1,50,16,data/PaperDol.bif,0x062007F7,5871,8BCB92C1C8523B09530E6A73CBEF3F8700DC641675193D012DDFF67D0E3FD130,graphics/source/sprites/WPTJ1A1.bam
supplemental:sprites:paperdoll-animation-bam:WPTJ1A1E,sprites,paperdoll-animation-bam,WPTJ1A1E,BAMC,V1,30,16,data/PaperDol.bif,0x062007F8,3707,4B94D1FBAAEEF97477EF42653A3007183BF986F704059355B7D0C4EE055224A9,graphics/source/sprites/WPTJ1A1E.bam
supplemental:sprites:paperdoll-animation-bam:WPTJ1A2,sprites,paperdoll-animation-bam,WPTJ1A2,BAMC,V1,50,8,data/PaperDol.bif,0x062007F9,5886,A7499168369F0116A0E30C1E065FE55E39EAE82A3345039330B09AD8183D7DD9,graphics/source/sprites/WPTJ1A2.bam
supplemental:sprites:paperdoll-animation-bam:WPTJ1A2E,sprites,paperdoll-animation-bam,WPTJ1A2E,BAMC,V1,30,8,data/PaperDol.bif,0x062007FA,3690,AF72FBE3CCA4F743EB003CC5A577AC242543E19456DB85B780805A19AB36E411,graphics/source/sprites/WPTJ1A2E.bam
supplemental:sprites:paperdoll-animation-bam:WPTJ1A3,sprites,paperdoll-animation-bam,WPTJ1A3,BAMC,V1,50,8,data/PaperDol.bif,0x062007FB,5727,078957BC0478CC2297704A7EDB898F68E702D285CD86FC5AC92508FDD8F2E224,graphics/source/sprites/WPTJ1A3.bam
supplemental:sprites:paperdoll-animation-bam:WPTJ1A3E,sprites,paperdoll-animation-bam,WPTJ1A3E,BAMC,V1,30,8,data/PaperDol.bif,0x062007FC,3699,D523638DE11FAB83C91D65F6B7A2804A11267E6D6828433757EAE2D324B523AF,graphics/source/sprites/WPTJ1A3E.bam
supplemental:sprites:paperdoll-animation-bam:WPTJ1A4,sprites,paperdoll-animation-bam,WPTJ1A4,BAMC,V1,50,8,data/PaperDol.bif,0x062007FD,5617,668A47D66260CE545D8E347E1D10696F8EBC2D3030FFD5BA99214497E0D57A23,graphics/source/sprites/WPTJ1A4.bam
supplemental:sprites:paperdoll-animation-bam:WPTJ1A4E,sprites,paperdoll-animation-bam,WPTJ1A4E,BAMC,V1,30,8,data/PaperDol.bif,0x062007FE,3623,603BB0BB670832DAF99B01FDDDC9842618CFD27423CD280B1CB02354D346D6B9,graphics/source/sprites/WPTJ1A4E.bam
supplemental:sprites:paperdoll-animation-bam:WPTJ1A5,sprites,paperdoll-animation-bam,WPTJ1A5,BAMC,V1,30,8,data/PaperDol.bif,0x062007FF,3747,5FE532A4573BE0D18EADA88020DA0E8D0F88B54BFA380B9165CC437E2AF81845,graphics/source/sprites/WPTJ1A5.bam
supplemental:sprites:paperdoll-animation-bam:WPTJ1A5E,sprites,paperdoll-animation-bam,WPTJ1A5E,BAMC,V1,18,8,data/PaperDol.bif,0x06200800,2507,D465DCE1C90D9CF64E58EA5920291C33AA76F47CDC77267D34FC0C7F79BBCE5C,graphics/source/sprites/WPTJ1A5E.bam
supplemental:sprites:paperdoll-animation-bam:WPTJ1A6,sprites,paperdoll-animation-bam,WPTJ1A6,BAMC,V1,40,8,data/PaperDol.bif,0x06200801,4588,1CDFEB8E6A41ACD610B8D92D35C225BFE38B53929413B1EC6EB3C3DDD6C4C4AA,graphics/source/sprites/WPTJ1A6.bam
supplemental:sprites:paperdoll-animation-bam:WPTJ1A6E,sprites,paperdoll-animation-bam,WPTJ1A6E,BAMC,V1,24,8,data/PaperDol.bif,0x06200802,3026,E5D84306ADD68193311C46C17A39EAA58606A9258E186E9AF4A33FB9F61A8A78,graphics/source/sprites/WPTJ1A6E.bam
supplemental:sprites:paperdoll-animation-bam:WPTJ1CA,sprites,paperdoll-animation-bam,WPTJ1CA,BAMC,V1,50,62,data/PaperDol.bif,0x06200803,5933,33ED7F03015FA7BFD90A46AD10911EC78A0EE1E7DAA1551AF308D05C0634AE03,graphics/source/sprites/WPTJ1CA.bam
supplemental:sprites:paperdoll-animation-bam:WPTJ1CAE,sprites,paperdoll-animation-bam,WPTJ1CAE,BAMC,V1,30,64,data/PaperDol.bif,0x06200804,3908,4288F134AF5712BD27A910F3A3726BB94D443B167BB41AD607DD4EA97ADAE0DC,graphics/source/sprites/WPTJ1CAE.bam
supplemental:sprites:paperdoll-animation-bam:WPTJ1G1,sprites,paperdoll-animation-bam,WPTJ1G1,BAMC,V1,180,72,data/PaperDol.bif,0x06200805,16922,9B41D101D24381A7D79021621F2E6D78F7664BBBB7B487E7B8C7CE86212D0C08,graphics/source/sprites/WPTJ1G1.bam
supplemental:sprites:paperdoll-animation-bam:WPTJ1G1E,sprites,paperdoll-animation-bam,WPTJ1G1E,BAMC,V1,108,72,data/PaperDol.bif,0x06200806,10348,821272C69BFBF79D959BD2E5C4BB669590A53A1D9B3E4F2BD2DED0B0CE763533,graphics/source/sprites/WPTJ1G1E.bam
supplemental:sprites:paperdoll-animation-bam:WPTJ1SA,sprites,paperdoll-animation-bam,WPTJ1SA,BAMC,V1,20,8,data/PaperDol.bif,0x06200807,2937,C4335CE1D590EE4F09F7F4F5A173EA40C8BCB4A33543FBD965BF3AB79E8411DA,graphics/source/sprites/WPTJ1SA.bam
supplemental:sprites:paperdoll-animation-bam:WPTJ1SAE,sprites,paperdoll-animation-bam,WPTJ1SAE,BAMC,V1,12,8,data/PaperDol.bif,0x06200808,1924,67C90209EDD7A41F3AEAF04FC327761C6AAD27DB5899DC5534050C3B6AF2E7F7,graphics/source/sprites/WPTJ1SAE.bam
supplemental:sprites:paperdoll-animation-bam:WPTJ1SX,sprites,paperdoll-animation-bam,WPTJ1SX,BAMC,V1,15,8,data/PaperDol.bif,0x06200809,2318,450F026C9B0A40EFF15B907192C8F9F47AC01B928FEFA47C87E5DA0CFE2A087D,graphics/source/sprites/WPTJ1SX.bam
supplemental:sprites:paperdoll-animation-bam:WPTJ1SXE,sprites,paperdoll-animation-bam,WPTJ1SXE,BAMC,V1,9,8,data/PaperDol.bif,0x0620080A,1688,3BA75BB5544DBFFE463AD86AF58D0E09AD5EB4130685D4AC0660262ABCE46B44,graphics/source/sprites/WPTJ1SXE.bam
supplemental:sprites:paperdoll-animation-bam:WPTJ1W2,sprites,paperdoll-animation-bam,WPTJ1W2,BAMC,V1,50,8,data/PaperDol.bif,0x0620080B,4680,AB4D1FC5FB3BD2B4AF5EB2940182769626D1BFC973CA90E86B453C196956F8F0,graphics/source/sprites/WPTJ1W2.bam
supplemental:sprites:paperdoll-animation-bam:WPTJ1W2E,sprites,paperdoll-animation-bam,WPTJ1W2E,BAMC,V1,30,8,data/PaperDol.bif,0x0620080C,3011,BBDB0CE5BBEE7988C259B8B075903F7D1BBE64FCEFE585CACE8633882A2FB740,graphics/source/sprites/WPTJ1W2E.bam
supplemental:sprites:paperdoll-animation-bam:WPTJ2A1,sprites,paperdoll-animation-bam,WPTJ2A1,BAMC,V1,50,16,data/PaperDol.bif,0x0620080D,5466,C982F1F5F19C99A699C9812FC7163DEDF399F0CDEEEEF5EB1162D5995D9CCB8C,graphics/source/sprites/WPTJ2A1.bam
supplemental:sprites:paperdoll-animation-bam:WPTJ2A1E,sprites,paperdoll-animation-bam,WPTJ2A1E,BAMC,V1,30,16,data/PaperDol.bif,0x0620080E,3635,59A4DB9AA205A0F3A61C363956747257CCEF464B5FE811DA1E2E73D9A8FC8D22,graphics/source/sprites/WPTJ2A1E.bam
supplemental:sprites:paperdoll-animation-bam:WPTJ2A2,sprites,paperdoll-animation-bam,WPTJ2A2,BAMC,V1,50,8,data/PaperDol.bif,0x0620080F,5458,53FA5D81823371BBA1B94DA713832ABE9E6E704397C81E711E0EB91E4C1F6313,graphics/source/sprites/WPTJ2A2.bam
supplemental:sprites:paperdoll-animation-bam:WPTJ2A2E,sprites,paperdoll-animation-bam,WPTJ2A2E,BAMC,V1,30,8,data/PaperDol.bif,0x06200810,3562,CC08698D5A25403905AAE7CA971E5A3ECDBE798BA29C3665F74E0C4F8C2219AD,graphics/source/sprites/WPTJ2A2E.bam
supplemental:sprites:paperdoll-animation-bam:WPTJ2A3,sprites,paperdoll-animation-bam,WPTJ2A3,BAMC,V1,50,8,data/PaperDol.bif,0x06200811,5383,D3CEF36E5753BAE8A142369CAF41B17C0D1718EC938761199E2E30A574A767EE,graphics/source/sprites/WPTJ2A3.bam
supplemental:sprites:paperdoll-animation-bam:WPTJ2A3E,sprites,paperdoll-animation-bam,WPTJ2A3E,BAMC,V1,30,8,data/PaperDol.bif,0x06200812,3625,615A80091932B30FEB273BD05901FC5DDD44E6EBA647A8570BB5F142A1EA5A96,graphics/source/sprites/WPTJ2A3E.bam
supplemental:sprites:paperdoll-animation-bam:WPTJ2A4,sprites,paperdoll-animation-bam,WPTJ2A4,BAMC,V1,50,8,data/PaperDol.bif,0x06200813,5325,724AE357D0F947BAE72C1F237088143922784F3EDB8AA28588B8046EF3DA454D,graphics/source/sprites/WPTJ2A4.bam
supplemental:sprites:paperdoll-animation-bam:WPTJ2A4E,sprites,paperdoll-animation-bam,WPTJ2A4E,BAMC,V1,30,8,data/PaperDol.bif,0x06200814,3577,64D524030ECEA2A988CD5C1E691AF11871ABC6D38B7F3CD0E1905A7D0FDC3454,graphics/source/sprites/WPTJ2A4E.bam
supplemental:sprites:paperdoll-animation-bam:WPTJ2A5,sprites,paperdoll-animation-bam,WPTJ2A5,BAMC,V1,30,8,data/PaperDol.bif,0x06200815,3587,4BD9C9CA4003920878D34A7C864FF65A523CE9D100E54E6D8A415C8888606FDC,graphics/source/sprites/WPTJ2A5.bam
supplemental:sprites:paperdoll-animation-bam:WPTJ2A5E,sprites,paperdoll-animation-bam,WPTJ2A5E,BAMC,V1,18,8,data/PaperDol.bif,0x06200816,2428,0B31EF40FED6E43C470CB405945B7066568A6EB14CEFD2D0D86D5904DA243BF9,graphics/source/sprites/WPTJ2A5E.bam
supplemental:sprites:paperdoll-animation-bam:WPTJ2A6,sprites,paperdoll-animation-bam,WPTJ2A6,BAMC,V1,40,8,data/PaperDol.bif,0x06200817,4468,53194D855D486D1170A682AB996DFE1E9B498DFE7F7A06B2CC26EE5333816A9F,graphics/source/sprites/WPTJ2A6.bam
supplemental:sprites:paperdoll-animation-bam:WPTJ2A6E,sprites,paperdoll-animation-bam,WPTJ2A6E,BAMC,V1,24,8,data/PaperDol.bif,0x06200818,3059,3B298C604695536955C7FBB15A3AB577B0B12EC402DB8D3B4EB5F033CF783E75,graphics/source/sprites/WPTJ2A6E.bam
supplemental:sprites:paperdoll-animation-bam:WPTJ2CA,sprites,paperdoll-animation-bam,WPTJ2CA,BAMC,V1,50,62,data/PaperDol.bif,0x06200819,5847,170E0DC0B74C34E3037871798DE40DCC768F56DF2FF1EE1196C8A609DF0E0233,graphics/source/sprites/WPTJ2CA.bam
supplemental:sprites:paperdoll-animation-bam:WPTJ2CAE,sprites,paperdoll-animation-bam,WPTJ2CAE,BAMC,V1,30,64,data/PaperDol.bif,0x0620081A,3918,45E522F9A37216D39E321EB05F10ED45854542706BDEFE7C8C75BC5F09E6D086,graphics/source/sprites/WPTJ2CAE.bam
supplemental:sprites:paperdoll-animation-bam:WPTJ2G1,sprites,paperdoll-animation-bam,WPTJ2G1,BAMC,V1,180,72,data/PaperDol.bif,0x0620081B,16066,260DBD64D0AA27556E5924C0217B80B90719849BE8320226FF0B2A3373225153,graphics/source/sprites/WPTJ2G1.bam
supplemental:sprites:paperdoll-animation-bam:WPTJ2G1E,sprites,paperdoll-animation-bam,WPTJ2G1E,BAMC,V1,108,72,data/PaperDol.bif,0x0620081C,10166,0C5E5A7C6236ABF04E4E524F9454930D27F7F2A91ADC2E6389C26D2500B018C0,graphics/source/sprites/WPTJ2G1E.bam
supplemental:sprites:paperdoll-animation-bam:WPTJ2SA,sprites,paperdoll-animation-bam,WPTJ2SA,BAMC,V1,20,8,data/PaperDol.bif,0x0620081D,2687,3B76D99466C2B4693514523DE54F931BF7CFE807254771F91AF80DCFCCCCE312,graphics/source/sprites/WPTJ2SA.bam
supplemental:sprites:paperdoll-animation-bam:WPTJ2SAE,sprites,paperdoll-animation-bam,WPTJ2SAE,BAMC,V1,12,8,data/PaperDol.bif,0x0620081E,1960,EE717050635546EEC07EB7E82BDFB80AC25FABE30A5EF97CCE96AB7A202082DE,graphics/source/sprites/WPTJ2SAE.bam
supplemental:sprites:paperdoll-animation-bam:WPTJ2SX,sprites,paperdoll-animation-bam,WPTJ2SX,BAMC,V1,15,8,data/PaperDol.bif,0x0620081F,2167,F647DEF181F8DE03A0EC74998FB7EA163C9C6E78FF9575B2E3E55E82FFB43DDC,graphics/source/sprites/WPTJ2SX.bam
supplemental:sprites:paperdoll-animation-bam:WPTJ2SXE,sprites,paperdoll-animation-bam,WPTJ2SXE,BAMC,V1,9,8,data/PaperDol.bif,0x06200820,1636,2280E349AB9F582C99990E7DA34A40D4311C4D839447AAED2AC2D8462E72D472,graphics/source/sprites/WPTJ2SXE.bam
supplemental:sprites:paperdoll-animation-bam:WPTJ2W2,sprites,paperdoll-animation-bam,WPTJ2W2,BAMC,V1,50,8,data/PaperDol.bif,0x06200821,4386,7D5E3CE148245DFC555D559D168E880D835A2A64BC9D6A1D2CDFB354FFA99316,graphics/source/sprites/WPTJ2W2.bam
supplemental:sprites:paperdoll-animation-bam:WPTJ2W2E,sprites,paperdoll-animation-bam,WPTJ2W2E,BAMC,V1,30,8,data/PaperDol.bif,0x06200822,2985,44EA0BC9E0B7EFBA39F85F4E5213BB0C7075696ED01501974178E7D3520557EE,graphics/source/sprites/WPTJ2W2E.bam
supplemental:sprites:paperdoll-animation-bam:WPTJ3A1,sprites,paperdoll-animation-bam,WPTJ3A1,BAMC,V1,50,16,data/PaperDol.bif,0x06200823,5361,443D755F8B178D2EBB7CAF208F5788B40A2C8942EBE21F60B81329B9E7797031,graphics/source/sprites/WPTJ3A1.bam
supplemental:sprites:paperdoll-animation-bam:WPTJ3A1E,sprites,paperdoll-animation-bam,WPTJ3A1E,BAMC,V1,30,16,data/PaperDol.bif,0x06200824,3595,90B98BEDC05AED252062AE88D4DC6357FD866D85C499B360479CFD77B18669A0,graphics/source/sprites/WPTJ3A1E.bam
supplemental:sprites:paperdoll-animation-bam:WPTJ3A2,sprites,paperdoll-animation-bam,WPTJ3A2,BAMC,V1,50,8,data/PaperDol.bif,0x06200825,5223,F2830E77465BB014273B24A3ABBADD84CB8759A64D5956AE65B4E6433DC2D665,graphics/source/sprites/WPTJ3A2.bam
supplemental:sprites:paperdoll-animation-bam:WPTJ3A2E,sprites,paperdoll-animation-bam,WPTJ3A2E,BAMC,V1,30,8,data/PaperDol.bif,0x06200826,3596,A44F124853FDC7B5234DE122F5A2904DAA9FFD28140D3027117FA8E9F3BE534D,graphics/source/sprites/WPTJ3A2E.bam
supplemental:sprites:paperdoll-animation-bam:WPTJ3A3,sprites,paperdoll-animation-bam,WPTJ3A3,BAMC,V1,50,8,data/PaperDol.bif,0x06200827,5330,7AB555460210B980442D16A726659A7E6C1928E1C009FC84E49A2996A8D2D002,graphics/source/sprites/WPTJ3A3.bam
supplemental:sprites:paperdoll-animation-bam:WPTJ3A3E,sprites,paperdoll-animation-bam,WPTJ3A3E,BAMC,V1,30,8,data/PaperDol.bif,0x06200828,3409,4F67EDAC4B77C70E7F88F3EC888E3390B9A6539DF790FDD5312DD56C39215DEE,graphics/source/sprites/WPTJ3A3E.bam
supplemental:sprites:paperdoll-animation-bam:WPTJ3A4,sprites,paperdoll-animation-bam,WPTJ3A4,BAMC,V1,50,8,data/PaperDol.bif,0x06200829,5198,D2940C8903456924BF919FAE078B1898FA970994B6CDCF9B8BE8471339100DAE,graphics/source/sprites/WPTJ3A4.bam
supplemental:sprites:paperdoll-animation-bam:WPTJ3A4E,sprites,paperdoll-animation-bam,WPTJ3A4E,BAMC,V1,30,8,data/PaperDol.bif,0x0620082A,3402,FE20A987478306E4D71825F16967A4C2A6E5E72BE348DEC8070ECC01066D3965,graphics/source/sprites/WPTJ3A4E.bam
supplemental:sprites:paperdoll-animation-bam:WPTJ3A5,sprites,paperdoll-animation-bam,WPTJ3A5,BAMC,V1,30,8,data/PaperDol.bif,0x0620082B,3455,61F2DDB9B1A55F93F87D019A65109FE45F26A5100897C70E1C6A88C29D5B1720,graphics/source/sprites/WPTJ3A5.bam
supplemental:sprites:paperdoll-animation-bam:WPTJ3A5E,sprites,paperdoll-animation-bam,WPTJ3A5E,BAMC,V1,18,8,data/PaperDol.bif,0x0620082C,2393,09A642D018FE2811C087C1256724454DEF4DF0BF1BCEA563D615E2970CFE0E3D,graphics/source/sprites/WPTJ3A5E.bam
supplemental:sprites:paperdoll-animation-bam:WPTJ3A6,sprites,paperdoll-animation-bam,WPTJ3A6,BAMC,V1,40,8,data/PaperDol.bif,0x0620082D,4341,49FEBA7BA745D0AA3CFA9A516C160476C202B422E81DAE523C803AFBF9160942,graphics/source/sprites/WPTJ3A6.bam
supplemental:sprites:paperdoll-animation-bam:WPTJ3A6E,sprites,paperdoll-animation-bam,WPTJ3A6E,BAMC,V1,24,8,data/PaperDol.bif,0x0620082E,2950,2F9140E89671F1FFB669DAC02DEE3D6F627512B3BDDA30E8CAD4AC6CF668EFFB,graphics/source/sprites/WPTJ3A6E.bam
supplemental:sprites:paperdoll-animation-bam:WPTJ3CA,sprites,paperdoll-animation-bam,WPTJ3CA,BAMC,V1,50,64,data/PaperDol.bif,0x0620082F,5585,03A9FBE62B3D99FBDA6B60BE4B9367B5065CF078D3C32F489B5C5FAE12DECF98,graphics/source/sprites/WPTJ3CA.bam
supplemental:sprites:paperdoll-animation-bam:WPTJ3CAE,sprites,paperdoll-animation-bam,WPTJ3CAE,BAMC,V1,30,64,data/PaperDol.bif,0x06200830,3766,ADE6EC1A0F8C9B23CF439A23F5C4EDE71452018BCF8D99683B41AB89BAEE0C7C,graphics/source/sprites/WPTJ3CAE.bam
supplemental:sprites:paperdoll-animation-bam:WPTJ3G1,sprites,paperdoll-animation-bam,WPTJ3G1,BAMC,V1,180,72,data/PaperDol.bif,0x06200831,15392,909FD934699C9D3EA656E5CB0BF12C207EE44E237C7559AE156C27DB7E386E9A,graphics/source/sprites/WPTJ3G1.bam
supplemental:sprites:paperdoll-animation-bam:WPTJ3G1E,sprites,paperdoll-animation-bam,WPTJ3G1E,BAMC,V1,108,72,data/PaperDol.bif,0x06200832,9540,2D6A8C6F973BE443AC5684B7EB79774007E708DFFAC18A2D9DF62C7D69EC8BA2,graphics/source/sprites/WPTJ3G1E.bam
supplemental:sprites:paperdoll-animation-bam:WPTJ3SA,sprites,paperdoll-animation-bam,WPTJ3SA,BAMC,V1,20,8,data/PaperDol.bif,0x06200833,2601,E4917DFFC4820A874B5677194B958D9D9FEBB9B400C04B743E22FB7D0AEF4500,graphics/source/sprites/WPTJ3SA.bam
supplemental:sprites:paperdoll-animation-bam:WPTJ3SAE,sprites,paperdoll-animation-bam,WPTJ3SAE,BAMC,V1,12,8,data/PaperDol.bif,0x06200834,1926,200A09B6A7BCFAE4E9D0C4E9562FD41A897A75B9F1E563BE873C47E319685CE5,graphics/source/sprites/WPTJ3SAE.bam
supplemental:sprites:paperdoll-animation-bam:WPTJ3SX,sprites,paperdoll-animation-bam,WPTJ3SX,BAMC,V1,15,8,data/PaperDol.bif,0x06200835,2180,CB25BCD84C96019F1A8A8368A663984E66FD212066A204B9F30DFA41038E9F27,graphics/source/sprites/WPTJ3SX.bam
supplemental:sprites:paperdoll-animation-bam:WPTJ3SXE,sprites,paperdoll-animation-bam,WPTJ3SXE,BAMC,V1,9,8,data/PaperDol.bif,0x06200836,1617,7DE71352E18AA269ECBC129B0B01F21A94CC774168F6A3C3BB11126A4B93C086,graphics/source/sprites/WPTJ3SXE.bam
supplemental:sprites:paperdoll-animation-bam:WPTJ3W2,sprites,paperdoll-animation-bam,WPTJ3W2,BAMC,V1,50,8,data/PaperDol.bif,0x06200837,4307,ACF4373E5AC8B770233BFE19F6F27478F4797189AA040BCC5A6901007BAC45A8,graphics/source/sprites/WPTJ3W2.bam
supplemental:sprites:paperdoll-animation-bam:WPTJ3W2E,sprites,paperdoll-animation-bam,WPTJ3W2E,BAMC,V1,30,8,data/PaperDol.bif,0x06200838,2808,87FE62ED3A9EE163587A2F0C90F3EB063B2F14652114646F1624DC0690C9E647,graphics/source/sprites/WPTJ3W2E.bam
supplemental:sprites:paperdoll-animation-bam:WPTJ4A1,sprites,paperdoll-animation-bam,WPTJ4A1,BAMC,V1,50,16,data/PaperDol.bif,0x06200839,6064,3F817849121AA193A5B0FBD5ED1C3AC7AC5AE8A86375BA8F2AA2CE01147020D9,graphics/source/sprites/WPTJ4A1.bam
supplemental:sprites:paperdoll-animation-bam:WPTJ4A1E,sprites,paperdoll-animation-bam,WPTJ4A1E,BAMC,V1,30,16,data/PaperDol.bif,0x0620083A,4305,534AE46DE932164790562DCAD7F83211B57AB96AD6E0F046AE40FE6394432D49,graphics/source/sprites/WPTJ4A1E.bam
supplemental:sprites:paperdoll-animation-bam:WPTJ4A2,sprites,paperdoll-animation-bam,WPTJ4A2,BAMC,V1,50,8,data/PaperDol.bif,0x0620083B,6030,E873D8A27515C0D398DE001BDBC1E6F5EB5AF609245A3C397C4184C3398FBE5D,graphics/source/sprites/WPTJ4A2.bam
supplemental:sprites:paperdoll-animation-bam:WPTJ4A2E,sprites,paperdoll-animation-bam,WPTJ4A2E,BAMC,V1,30,8,data/PaperDol.bif,0x0620083C,4221,0D205456A9D2BF84ECFC49C63F81AFA5FB10E6832E2C905CCCCBC95956FD88C0,graphics/source/sprites/WPTJ4A2E.bam
supplemental:sprites:paperdoll-animation-bam:WPTJ4A3,sprites,paperdoll-animation-bam,WPTJ4A3,BAMC,V1,50,8,data/PaperDol.bif,0x0620083D,5907,BEADE84975FAC8003C481ED1F5CA0945293A59020DC03298C756C73E8D0DDDE7,graphics/source/sprites/WPTJ4A3.bam
supplemental:sprites:paperdoll-animation-bam:WPTJ4A3E,sprites,paperdoll-animation-bam,WPTJ4A3E,BAMC,V1,30,8,data/PaperDol.bif,0x0620083E,4089,3B2D06E9E3356F6C0EA5161F44B61203CAD42C61A2FCCBA24A3388006FC2FE02,graphics/source/sprites/WPTJ4A3E.bam
supplemental:sprites:paperdoll-animation-bam:WPTJ4A4,sprites,paperdoll-animation-bam,WPTJ4A4,BAMC,V1,50,8,data/PaperDol.bif,0x0620083F,5910,F9D97B4AA7ED1FED4729F8FDE203BEBE170E0123355F115D2D1A76EA209EC2D7,graphics/source/sprites/WPTJ4A4.bam
supplemental:sprites:paperdoll-animation-bam:WPTJ4A4E,sprites,paperdoll-animation-bam,WPTJ4A4E,BAMC,V1,30,8,data/PaperDol.bif,0x06200840,4051,F80012D0AE2D85DF494BF0E75F05DC20C5AFA94E165B636A39CA2A4480941414,graphics/source/sprites/WPTJ4A4E.bam
supplemental:sprites:paperdoll-animation-bam:WPTJ4A5,sprites,paperdoll-animation-bam,WPTJ4A5,BAMC,V1,30,8,data/PaperDol.bif,0x06200841,3935,DA7489B0B2DD7953342F303A223DFD759F798DABC107FBEC27AC96C599EEF42A,graphics/source/sprites/WPTJ4A5.bam
supplemental:sprites:paperdoll-animation-bam:WPTJ4A5E,sprites,paperdoll-animation-bam,WPTJ4A5E,BAMC,V1,18,8,data/PaperDol.bif,0x06200842,2672,8AC4AC53C6854A666EEC408DB613E3B747258D25D1A63903DDDB8F936B6E2D3D,graphics/source/sprites/WPTJ4A5E.bam
supplemental:sprites:paperdoll-animation-bam:WPTJ4A6,sprites,paperdoll-animation-bam,WPTJ4A6,BAMC,V1,40,8,data/PaperDol.bif,0x06200843,4941,1356044772DC9D538DF421D89A6AC9DFE533E0FBB15285381AAE5C6F06A82FDF,graphics/source/sprites/WPTJ4A6.bam
supplemental:sprites:paperdoll-animation-bam:WPTJ4A6E,sprites,paperdoll-animation-bam,WPTJ4A6E,BAMC,V1,24,8,data/PaperDol.bif,0x06200844,3344,400BBBA3564542624E3A6858844FB67402EF73F920E7C35896140941833C3D5B,graphics/source/sprites/WPTJ4A6E.bam
supplemental:sprites:paperdoll-animation-bam:WPTJ4CA,sprites,paperdoll-animation-bam,WPTJ4CA,BAMC,V1,50,62,data/PaperDol.bif,0x06200845,6368,015EC324267D6FA7B5D7E661A4F7055355F44D5852A4E7193F08D7E61A9C56E1,graphics/source/sprites/WPTJ4CA.bam
supplemental:sprites:paperdoll-animation-bam:WPTJ4CAE,sprites,paperdoll-animation-bam,WPTJ4CAE,BAMC,V1,30,64,data/PaperDol.bif,0x06200846,4272,F2F460957C6AD13AFD13023B2305E20DDD7FA41780557AFE9CF875329C3921FC,graphics/source/sprites/WPTJ4CAE.bam
supplemental:sprites:paperdoll-animation-bam:WPTJ4G1,sprites,paperdoll-animation-bam,WPTJ4G1,BAMC,V1,180,72,data/PaperDol.bif,0x06200847,17136,166BA8C7A511B69224CA938BDC0DA932F957E3FF7F74148F916C853D9CF6B58D,graphics/source/sprites/WPTJ4G1.bam
supplemental:sprites:paperdoll-animation-bam:WPTJ4G1E,sprites,paperdoll-animation-bam,WPTJ4G1E,BAMC,V1,108,72,data/PaperDol.bif,0x06200848,10934,F9292AF2A49B6AE90D0443DA6D513028C5B7685A534326EE15B434F8C50A17AD,graphics/source/sprites/WPTJ4G1E.bam
supplemental:sprites:paperdoll-animation-bam:WPTJ4SA,sprites,paperdoll-animation-bam,WPTJ4SA,BAMC,V1,20,8,data/PaperDol.bif,0x06200849,2941,A40CEEE303EB0F2BF1E72434D8796A1A5B2B2F36C5BF3A3C66F5BD0BC27D970F,graphics/source/sprites/WPTJ4SA.bam
supplemental:sprites:paperdoll-animation-bam:WPTJ4SAE,sprites,paperdoll-animation-bam,WPTJ4SAE,BAMC,V1,12,8,data/PaperDol.bif,0x0620084A,2216,D8338F3E274FEBA18BC4C3566B2E8206C1D860B4896C834B60DB59C75B5D4250,graphics/source/sprites/WPTJ4SAE.bam
supplemental:sprites:paperdoll-animation-bam:WPTJ4SX,sprites,paperdoll-animation-bam,WPTJ4SX,BAMC,V1,15,8,data/PaperDol.bif,0x0620084B,2394,638C2693F9CA70B6681CCC5708B358DEC500016BBDE41D73B4F7F10A60DDC8B0,graphics/source/sprites/WPTJ4SX.bam
supplemental:sprites:paperdoll-animation-bam:WPTJ4SXE,sprites,paperdoll-animation-bam,WPTJ4SXE,BAMC,V1,9,8,data/PaperDol.bif,0x0620084C,1800,0563AFA1253FA84A4A2F0A51E8A01E593FB1AD737941668C5D5173931ECC4439,graphics/source/sprites/WPTJ4SXE.bam
supplemental:sprites:paperdoll-animation-bam:WPTJ4W2,sprites,paperdoll-animation-bam,WPTJ4W2,BAMC,V1,50,8,data/PaperDol.bif,0x0620084D,4784,2C74031A8D44F1BA677EBB1EA7049298612F22E199041A6188D0205BAE7CD634,graphics/source/sprites/WPTJ4W2.bam
supplemental:sprites:paperdoll-animation-bam:WPTJ4W2E,sprites,paperdoll-animation-bam,WPTJ4W2E,BAMC,V1,30,8,data/PaperDol.bif,0x0620084E,3399,B0D1EEAC35F1B942AAC82F8B5B7D2084428F8DCEDFAD80E47416F5D5FB45E6A8,graphics/source/sprites/WPTJ4W2E.bam
supplemental:sprites:paperdoll-animation-bam:WPTJ5A1,sprites,paperdoll-animation-bam,WPTJ5A1,BAMC,V1,50,16,data/PaperDol.bif,0x0620084F,5333,04B23B77B76BF9323DE55C6975710FB7B72159245E78BB12B060CDC72968B855,graphics/source/sprites/WPTJ5A1.bam
supplemental:sprites:paperdoll-animation-bam:WPTJ5A1E,sprites,paperdoll-animation-bam,WPTJ5A1E,BAMC,V1,30,16,data/PaperDol.bif,0x06200850,3561,B7A7CD679FD1565971D9F21408DD9420D8C68477DE33CEDC0E8BD344C8B34082,graphics/source/sprites/WPTJ5A1E.bam
supplemental:sprites:paperdoll-animation-bam:WPTJ5A2,sprites,paperdoll-animation-bam,WPTJ5A2,BAMC,V1,50,8,data/PaperDol.bif,0x06200851,5324,CD31D7A1645193F606B4AB2F80F44D0EA0A2A05387E061FCC32D595F585AEFA5,graphics/source/sprites/WPTJ5A2.bam
supplemental:sprites:paperdoll-animation-bam:WPTJ5A2E,sprites,paperdoll-animation-bam,WPTJ5A2E,BAMC,V1,30,8,data/PaperDol.bif,0x06200852,3599,ABD0BBEE0D94EB949410CFF5CD8666759CC5AB50AA5DE7FBE6BA92FE48689DA7,graphics/source/sprites/WPTJ5A2E.bam
supplemental:sprites:paperdoll-animation-bam:WPTJ5A3,sprites,paperdoll-animation-bam,WPTJ5A3,BAMC,V1,50,8,data/PaperDol.bif,0x06200853,5332,2ED8AE7295401843D9B57353D2BA0A3C8222647ED4480F08DFB09D74E4DA8D76,graphics/source/sprites/WPTJ5A3.bam
supplemental:sprites:paperdoll-animation-bam:WPTJ5A3E,sprites,paperdoll-animation-bam,WPTJ5A3E,BAMC,V1,30,8,data/PaperDol.bif,0x06200854,3317,BCBAFDDEA2FFB753CA951B87C84B78C7084DD9FFD611014BD8799D99E220F7DC,graphics/source/sprites/WPTJ5A3E.bam
supplemental:sprites:paperdoll-animation-bam:WPTJ5A4,sprites,paperdoll-animation-bam,WPTJ5A4,BAMC,V1,50,8,data/PaperDol.bif,0x06200855,5190,3F650711C9561954966B132626EF59BD995BB21D515347ACF10D7BBF9F3CBD67,graphics/source/sprites/WPTJ5A4.bam
supplemental:sprites:paperdoll-animation-bam:WPTJ5A4E,sprites,paperdoll-animation-bam,WPTJ5A4E,BAMC,V1,30,8,data/PaperDol.bif,0x06200856,3315,CA5B4CF1FA6F53426EC760B3696A7D3FA4F4679E91EC52524FB413A39FFEF30F,graphics/source/sprites/WPTJ5A4E.bam
supplemental:sprites:paperdoll-animation-bam:WPTJ5A5,sprites,paperdoll-animation-bam,WPTJ5A5,BAMC,V1,30,8,data/PaperDol.bif,0x06200857,3392,36D9784876AF09F86D044FCBA04AE673A66A056C2C3C5176839AF7178CA180DE,graphics/source/sprites/WPTJ5A5.bam
supplemental:sprites:paperdoll-animation-bam:WPTJ5A5E,sprites,paperdoll-animation-bam,WPTJ5A5E,BAMC,V1,18,8,data/PaperDol.bif,0x06200858,2313,FCFE5203652FBB64E31D42B8407D02D6C01AF7D07716FC3AAD2BEBC83997DD72,graphics/source/sprites/WPTJ5A5E.bam
supplemental:sprites:paperdoll-animation-bam:WPTJ5A6,sprites,paperdoll-animation-bam,WPTJ5A6,BAMC,V1,40,8,data/PaperDol.bif,0x06200859,4289,42E5F6CB830CD85E5B408ECCF4E6CA11C035690FB4F083902447D4BB32AAF6BE,graphics/source/sprites/WPTJ5A6.bam
supplemental:sprites:paperdoll-animation-bam:WPTJ5A6E,sprites,paperdoll-animation-bam,WPTJ5A6E,BAMC,V1,24,8,data/PaperDol.bif,0x0620085A,2856,5BDC6062D1EE5B3CB7A2E8FC5CA64DA16BA8EC81F351686167617518506FA35C,graphics/source/sprites/WPTJ5A6E.bam
supplemental:sprites:paperdoll-animation-bam:WPTJ5CA,sprites,paperdoll-animation-bam,WPTJ5CA,BAMC,V1,50,64,data/PaperDol.bif,0x0620085B,5486,3E8260E99E2B7FB5F6799923530963098287879AF87CD02FDC2211CD4D219092,graphics/source/sprites/WPTJ5CA.bam
supplemental:sprites:paperdoll-animation-bam:WPTJ5CAE,sprites,paperdoll-animation-bam,WPTJ5CAE,BAMC,V1,30,64,data/PaperDol.bif,0x0620085C,3689,AF42C612459D3F109442EFDFDC82420AB5721BE3ABEBD340134D8DD7D067840F,graphics/source/sprites/WPTJ5CAE.bam
supplemental:sprites:paperdoll-animation-bam:WPTJ5G1,sprites,paperdoll-animation-bam,WPTJ5G1,BAMC,V1,180,72,data/PaperDol.bif,0x0620085D,15361,9CDF39693C9142314CC12F76CF3CAAD5393AF854EF25D55D0DC95E3704F8F822,graphics/source/sprites/WPTJ5G1.bam
supplemental:sprites:paperdoll-animation-bam:WPTJ5G1E,sprites,paperdoll-animation-bam,WPTJ5G1E,BAMC,V1,108,72,data/PaperDol.bif,0x0620085E,9236,5DEFAA0403338E2F55CE091C27FCDAC9AF4746EC36C10D5D76DD1E5BB205261A,graphics/source/sprites/WPTJ5G1E.bam
supplemental:sprites:paperdoll-animation-bam:WPTJ5SA,sprites,paperdoll-animation-bam,WPTJ5SA,BAMC,V1,20,8,data/PaperDol.bif,0x0620085F,2648,A2A72F36DCA68DCA1116F51320B279B8550B3CC4B9854112A6D656569EC052E4,graphics/source/sprites/WPTJ5SA.bam
supplemental:sprites:paperdoll-animation-bam:WPTJ5SAE,sprites,paperdoll-animation-bam,WPTJ5SAE,BAMC,V1,12,8,data/PaperDol.bif,0x06200860,1867,9B3260F0CA2C92D10482199509288790DF04458383730CEE8A2227885A437745,graphics/source/sprites/WPTJ5SAE.bam
supplemental:sprites:paperdoll-animation-bam:WPTJ5SX,sprites,paperdoll-animation-bam,WPTJ5SX,BAMC,V1,15,8,data/PaperDol.bif,0x06200861,2193,586C8B1C9A0717C757188BA06B11FA5D994BDB564E1FAE7FB289F74046E1562C,graphics/source/sprites/WPTJ5SX.bam
supplemental:sprites:paperdoll-animation-bam:WPTJ5SXE,sprites,paperdoll-animation-bam,WPTJ5SXE,BAMC,V1,9,8,data/PaperDol.bif,0x06200862,1592,2B89756ABCE2D0ED1961B1879641B2814B83304192D55D8AE245CFE7A73A2583,graphics/source/sprites/WPTJ5SXE.bam
supplemental:sprites:paperdoll-animation-bam:WPTJ5W2,sprites,paperdoll-animation-bam,WPTJ5W2,BAMC,V1,50,8,data/PaperDol.bif,0x06200863,4275,5AD17FBD7BA90B46F72D2958FA48189EFBE0DB2085A72FB8B65998CC74D8C6F7,graphics/source/sprites/WPTJ5W2.bam
supplemental:sprites:paperdoll-animation-bam:WPTJ5W2E,sprites,paperdoll-animation-bam,WPTJ5W2E,BAMC,V1,30,8,data/PaperDol.bif,0x06200864,2751,57B3CCB8B3CB47A1F01B97E35F1DEE988DDD951120C0F0A4A5B4152B4667AE1C,graphics/source/sprites/WPTJ5W2E.bam
supplemental:sprites:paperdoll-animation-bam:WPTJ6A1,sprites,paperdoll-animation-bam,WPTJ6A1,BAMC,V1,50,16,data/PaperDol.bif,0x06200865,5361,443D755F8B178D2EBB7CAF208F5788B40A2C8942EBE21F60B81329B9E7797031,graphics/source/sprites/WPTJ6A1.bam
supplemental:sprites:paperdoll-animation-bam:WPTJ6A1E,sprites,paperdoll-animation-bam,WPTJ6A1E,BAMC,V1,30,16,data/PaperDol.bif,0x06200866,3595,90B98BEDC05AED252062AE88D4DC6357FD866D85C499B360479CFD77B18669A0,graphics/source/sprites/WPTJ6A1E.bam
supplemental:sprites:paperdoll-animation-bam:WPTJ6A2,sprites,paperdoll-animation-bam,WPTJ6A2,BAMC,V1,50,8,data/PaperDol.bif,0x06200867,5223,F2830E77465BB014273B24A3ABBADD84CB8759A64D5956AE65B4E6433DC2D665,graphics/source/sprites/WPTJ6A2.bam
supplemental:sprites:paperdoll-animation-bam:WPTJ6A2E,sprites,paperdoll-animation-bam,WPTJ6A2E,BAMC,V1,30,8,data/PaperDol.bif,0x06200868,3596,A44F124853FDC7B5234DE122F5A2904DAA9FFD28140D3027117FA8E9F3BE534D,graphics/source/sprites/WPTJ6A2E.bam
supplemental:sprites:paperdoll-animation-bam:WPTJ6A3,sprites,paperdoll-animation-bam,WPTJ6A3,BAMC,V1,50,8,data/PaperDol.bif,0x06200869,5330,7AB555460210B980442D16A726659A7E6C1928E1C009FC84E49A2996A8D2D002,graphics/source/sprites/WPTJ6A3.bam
supplemental:sprites:paperdoll-animation-bam:WPTJ6A3E,sprites,paperdoll-animation-bam,WPTJ6A3E,BAMC,V1,30,8,data/PaperDol.bif,0x0620086A,3409,4F67EDAC4B77C70E7F88F3EC888E3390B9A6539DF790FDD5312DD56C39215DEE,graphics/source/sprites/WPTJ6A3E.bam
supplemental:sprites:paperdoll-animation-bam:WPTJ6A4,sprites,paperdoll-animation-bam,WPTJ6A4,BAMC,V1,50,8,data/PaperDol.bif,0x0620086B,5198,D2940C8903456924BF919FAE078B1898FA970994B6CDCF9B8BE8471339100DAE,graphics/source/sprites/WPTJ6A4.bam
supplemental:sprites:paperdoll-animation-bam:WPTJ6A4E,sprites,paperdoll-animation-bam,WPTJ6A4E,BAMC,V1,30,8,data/PaperDol.bif,0x0620086C,3402,FE20A987478306E4D71825F16967A4C2A6E5E72BE348DEC8070ECC01066D3965,graphics/source/sprites/WPTJ6A4E.bam
supplemental:sprites:paperdoll-animation-bam:WPTJ6A5,sprites,paperdoll-animation-bam,WPTJ6A5,BAMC,V1,30,8,data/PaperDol.bif,0x0620086D,3455,61F2DDB9B1A55F93F87D019A65109FE45F26A5100897C70E1C6A88C29D5B1720,graphics/source/sprites/WPTJ6A5.bam
supplemental:sprites:paperdoll-animation-bam:WPTJ6A5E,sprites,paperdoll-animation-bam,WPTJ6A5E,BAMC,V1,18,8,data/PaperDol.bif,0x0620086E,2393,09A642D018FE2811C087C1256724454DEF4DF0BF1BCEA563D615E2970CFE0E3D,graphics/source/sprites/WPTJ6A5E.bam
supplemental:sprites:paperdoll-animation-bam:WPTJ6A6,sprites,paperdoll-animation-bam,WPTJ6A6,BAMC,V1,40,8,data/PaperDol.bif,0x0620086F,4341,49FEBA7BA745D0AA3CFA9A516C160476C202B422E81DAE523C803AFBF9160942,graphics/source/sprites/WPTJ6A6.bam
supplemental:sprites:paperdoll-animation-bam:WPTJ6A6E,sprites,paperdoll-animation-bam,WPTJ6A6E,BAMC,V1,24,8,data/PaperDol.bif,0x06200870,2950,2F9140E89671F1FFB669DAC02DEE3D6F627512B3BDDA30E8CAD4AC6CF668EFFB,graphics/source/sprites/WPTJ6A6E.bam
supplemental:sprites:paperdoll-animation-bam:WPTJ6CA,sprites,paperdoll-animation-bam,WPTJ6CA,BAMC,V1,50,64,data/PaperDol.bif,0x06200871,5585,03A9FBE62B3D99FBDA6B60BE4B9367B5065CF078D3C32F489B5C5FAE12DECF98,graphics/source/sprites/WPTJ6CA.bam
supplemental:sprites:paperdoll-animation-bam:WPTJ6CAE,sprites,paperdoll-animation-bam,WPTJ6CAE,BAMC,V1,30,64,data/PaperDol.bif,0x06200872,3766,ADE6EC1A0F8C9B23CF439A23F5C4EDE71452018BCF8D99683B41AB89BAEE0C7C,graphics/source/sprites/WPTJ6CAE.bam
supplemental:sprites:paperdoll-animation-bam:WPTJ6G1,sprites,paperdoll-animation-bam,WPTJ6G1,BAMC,V1,180,72,data/PaperDol.bif,0x06200873,15392,909FD934699C9D3EA656E5CB0BF12C207EE44E237C7559AE156C27DB7E386E9A,graphics/source/sprites/WPTJ6G1.bam
supplemental:sprites:paperdoll-animation-bam:WPTJ6G1E,sprites,paperdoll-animation-bam,WPTJ6G1E,BAMC,V1,108,72,data/PaperDol.bif,0x06200874,9540,2D6A8C6F973BE443AC5684B7EB79774007E708DFFAC18A2D9DF62C7D69EC8BA2,graphics/source/sprites/WPTJ6G1E.bam
supplemental:sprites:paperdoll-animation-bam:WPTJ6SA,sprites,paperdoll-animation-bam,WPTJ6SA,BAMC,V1,20,8,data/PaperDol.bif,0x06200875,2601,E4917DFFC4820A874B5677194B958D9D9FEBB9B400C04B743E22FB7D0AEF4500,graphics/source/sprites/WPTJ6SA.bam
supplemental:sprites:paperdoll-animation-bam:WPTJ6SAE,sprites,paperdoll-animation-bam,WPTJ6SAE,BAMC,V1,12,8,data/PaperDol.bif,0x06200876,1926,200A09B6A7BCFAE4E9D0C4E9562FD41A897A75B9F1E563BE873C47E319685CE5,graphics/source/sprites/WPTJ6SAE.bam
supplemental:sprites:paperdoll-animation-bam:WPTJ6SX,sprites,paperdoll-animation-bam,WPTJ6SX,BAMC,V1,15,8,data/PaperDol.bif,0x06200877,2180,CB25BCD84C96019F1A8A8368A663984E66FD212066A204B9F30DFA41038E9F27,graphics/source/sprites/WPTJ6SX.bam
supplemental:sprites:paperdoll-animation-bam:WPTJ6SXE,sprites,paperdoll-animation-bam,WPTJ6SXE,BAMC,V1,9,8,data/PaperDol.bif,0x06200878,1617,7DE71352E18AA269ECBC129B0B01F21A94CC774168F6A3C3BB11126A4B93C086,graphics/source/sprites/WPTJ6SXE.bam
supplemental:sprites:paperdoll-animation-bam:WPTJ6W2,sprites,paperdoll-animation-bam,WPTJ6W2,BAMC,V1,50,8,data/PaperDol.bif,0x06200879,4307,ACF4373E5AC8B770233BFE19F6F27478F4797189AA040BCC5A6901007BAC45A8,graphics/source/sprites/WPTJ6W2.bam
supplemental:sprites:paperdoll-animation-bam:WPTJ6W2E,sprites,paperdoll-animation-bam,WPTJ6W2E,BAMC,V1,30,8,data/PaperDol.bif,0x0620087A,2808,87FE62ED3A9EE163587A2F0C90F3EB063B2F14652114646F1624DC0690C9E647,graphics/source/sprites/WPTJ6W2E.bam
supplemental:sprites:paperdoll-animation-bam:WPTJ7A1,sprites,paperdoll-animation-bam,WPTJ7A1,BAMC,V1,50,16,data/PaperDol.bif,0x0620087B,5871,8BCB92C1C8523B09530E6A73CBEF3F8700DC641675193D012DDFF67D0E3FD130,graphics/source/sprites/WPTJ7A1.bam
supplemental:sprites:paperdoll-animation-bam:WPTJ7A1E,sprites,paperdoll-animation-bam,WPTJ7A1E,BAMC,V1,30,16,data/PaperDol.bif,0x0620087C,3707,4B94D1FBAAEEF97477EF42653A3007183BF986F704059355B7D0C4EE055224A9,graphics/source/sprites/WPTJ7A1E.bam
supplemental:sprites:paperdoll-animation-bam:WPTJ7A2,sprites,paperdoll-animation-bam,WPTJ7A2,BAMC,V1,50,8,data/PaperDol.bif,0x0620087D,5886,A7499168369F0116A0E30C1E065FE55E39EAE82A3345039330B09AD8183D7DD9,graphics/source/sprites/WPTJ7A2.bam
supplemental:sprites:paperdoll-animation-bam:WPTJ7A2E,sprites,paperdoll-animation-bam,WPTJ7A2E,BAMC,V1,30,8,data/PaperDol.bif,0x0620087E,3690,AF72FBE3CCA4F743EB003CC5A577AC242543E19456DB85B780805A19AB36E411,graphics/source/sprites/WPTJ7A2E.bam
supplemental:sprites:paperdoll-animation-bam:WPTJ7A3,sprites,paperdoll-animation-bam,WPTJ7A3,BAMC,V1,50,8,data/PaperDol.bif,0x0620087F,5727,078957BC0478CC2297704A7EDB898F68E702D285CD86FC5AC92508FDD8F2E224,graphics/source/sprites/WPTJ7A3.bam
supplemental:sprites:paperdoll-animation-bam:WPTJ7A3E,sprites,paperdoll-animation-bam,WPTJ7A3E,BAMC,V1,30,8,data/PaperDol.bif,0x06200880,3699,D523638DE11FAB83C91D65F6B7A2804A11267E6D6828433757EAE2D324B523AF,graphics/source/sprites/WPTJ7A3E.bam
supplemental:sprites:paperdoll-animation-bam:WPTJ7A4,sprites,paperdoll-animation-bam,WPTJ7A4,BAMC,V1,50,8,data/PaperDol.bif,0x06200881,5617,668A47D66260CE545D8E347E1D10696F8EBC2D3030FFD5BA99214497E0D57A23,graphics/source/sprites/WPTJ7A4.bam
supplemental:sprites:paperdoll-animation-bam:WPTJ7A4E,sprites,paperdoll-animation-bam,WPTJ7A4E,BAMC,V1,30,8,data/PaperDol.bif,0x06200882,3623,603BB0BB670832DAF99B01FDDDC9842618CFD27423CD280B1CB02354D346D6B9,graphics/source/sprites/WPTJ7A4E.bam
supplemental:sprites:paperdoll-animation-bam:WPTJ7A5,sprites,paperdoll-animation-bam,WPTJ7A5,BAMC,V1,30,8,data/PaperDol.bif,0x06200883,3747,5FE532A4573BE0D18EADA88020DA0E8D0F88B54BFA380B9165CC437E2AF81845,graphics/source/sprites/WPTJ7A5.bam
supplemental:sprites:paperdoll-animation-bam:WPTJ7A5E,sprites,paperdoll-animation-bam,WPTJ7A5E,BAMC,V1,18,8,data/PaperDol.bif,0x06200884,2507,D465DCE1C90D9CF64E58EA5920291C33AA76F47CDC77267D34FC0C7F79BBCE5C,graphics/source/sprites/WPTJ7A5E.bam
supplemental:sprites:paperdoll-animation-bam:WPTJ7A6,sprites,paperdoll-animation-bam,WPTJ7A6,BAMC,V1,40,8,data/PaperDol.bif,0x06200885,4588,1CDFEB8E6A41ACD610B8D92D35C225BFE38B53929413B1EC6EB3C3DDD6C4C4AA,graphics/source/sprites/WPTJ7A6.bam
supplemental:sprites:paperdoll-animation-bam:WPTJ7A6E,sprites,paperdoll-animation-bam,WPTJ7A6E,BAMC,V1,24,8,data/PaperDol.bif,0x06200886,3026,E5D84306ADD68193311C46C17A39EAA58606A9258E186E9AF4A33FB9F61A8A78,graphics/source/sprites/WPTJ7A6E.bam
supplemental:sprites:paperdoll-animation-bam:WPTJ7CA,sprites,paperdoll-animation-bam,WPTJ7CA,BAMC,V1,50,62,data/PaperDol.bif,0x06200887,5933,33ED7F03015FA7BFD90A46AD10911EC78A0EE1E7DAA1551AF308D05C0634AE03,graphics/source/sprites/WPTJ7CA.bam
supplemental:sprites:paperdoll-animation-bam:WPTJ7CAE,sprites,paperdoll-animation-bam,WPTJ7CAE,BAMC,V1,30,64,data/PaperDol.bif,0x06200888,3908,4288F134AF5712BD27A910F3A3726BB94D443B167BB41AD607DD4EA97ADAE0DC,graphics/source/sprites/WPTJ7CAE.bam
supplemental:sprites:paperdoll-animation-bam:WPTJ7G1,sprites,paperdoll-animation-bam,WPTJ7G1,BAMC,V1,180,72,data/PaperDol.bif,0x06200889,16922,9B41D101D24381A7D79021621F2E6D78F7664BBBB7B487E7B8C7CE86212D0C08,graphics/source/sprites/WPTJ7G1.bam
supplemental:sprites:paperdoll-animation-bam:WPTJ7G1E,sprites,paperdoll-animation-bam,WPTJ7G1E,BAMC,V1,108,72,data/PaperDol.bif,0x0620088A,10348,821272C69BFBF79D959BD2E5C4BB669590A53A1D9B3E4F2BD2DED0B0CE763533,graphics/source/sprites/WPTJ7G1E.bam
supplemental:sprites:paperdoll-animation-bam:WPTJ7SA,sprites,paperdoll-animation-bam,WPTJ7SA,BAMC,V1,20,8,data/PaperDol.bif,0x0620088B,2937,C4335CE1D590EE4F09F7F4F5A173EA40C8BCB4A33543FBD965BF3AB79E8411DA,graphics/source/sprites/WPTJ7SA.bam
supplemental:sprites:paperdoll-animation-bam:WPTJ7SAE,sprites,paperdoll-animation-bam,WPTJ7SAE,BAMC,V1,12,8,data/PaperDol.bif,0x0620088C,1924,67C90209EDD7A41F3AEAF04FC327761C6AAD27DB5899DC5534050C3B6AF2E7F7,graphics/source/sprites/WPTJ7SAE.bam
supplemental:sprites:paperdoll-animation-bam:WPTJ7SX,sprites,paperdoll-animation-bam,WPTJ7SX,BAMC,V1,15,8,data/PaperDol.bif,0x0620088D,2318,450F026C9B0A40EFF15B907192C8F9F47AC01B928FEFA47C87E5DA0CFE2A087D,graphics/source/sprites/WPTJ7SX.bam
supplemental:sprites:paperdoll-animation-bam:WPTJ7SXE,sprites,paperdoll-animation-bam,WPTJ7SXE,BAMC,V1,9,8,data/PaperDol.bif,0x0620088E,1688,3BA75BB5544DBFFE463AD86AF58D0E09AD5EB4130685D4AC0660262ABCE46B44,graphics/source/sprites/WPTJ7SXE.bam
supplemental:sprites:paperdoll-animation-bam:WPTJ7W2,sprites,paperdoll-animation-bam,WPTJ7W2,BAMC,V1,50,8,data/PaperDol.bif,0x0620088F,4680,AB4D1FC5FB3BD2B4AF5EB2940182769626D1BFC973CA90E86B453C196956F8F0,graphics/source/sprites/WPTJ7W2.bam
supplemental:sprites:paperdoll-animation-bam:WPTJ7W2E,sprites,paperdoll-animation-bam,WPTJ7W2E,BAMC,V1,30,8,data/PaperDol.bif,0x06200890,3011,BBDB0CE5BBEE7988C259B8B075903F7D1BBE64FCEFE585CACE8633882A2FB740,graphics/source/sprites/WPTJ7W2E.bam
supplemental:sprites:paperdoll-animation-bam:WPTJ8A1,sprites,paperdoll-animation-bam,WPTJ8A1,BAMC,V1,50,16,data/PaperDol.bif,0x06200891,5466,C982F1F5F19C99A699C9812FC7163DEDF399F0CDEEEEF5EB1162D5995D9CCB8C,graphics/source/sprites/WPTJ8A1.bam
supplemental:sprites:paperdoll-animation-bam:WPTJ8A1E,sprites,paperdoll-animation-bam,WPTJ8A1E,BAMC,V1,30,16,data/PaperDol.bif,0x06200892,3635,59A4DB9AA205A0F3A61C363956747257CCEF464B5FE811DA1E2E73D9A8FC8D22,graphics/source/sprites/WPTJ8A1E.bam
supplemental:sprites:paperdoll-animation-bam:WPTJ8A2,sprites,paperdoll-animation-bam,WPTJ8A2,BAMC,V1,50,8,data/PaperDol.bif,0x06200893,5458,53FA5D81823371BBA1B94DA713832ABE9E6E704397C81E711E0EB91E4C1F6313,graphics/source/sprites/WPTJ8A2.bam
supplemental:sprites:paperdoll-animation-bam:WPTJ8A2E,sprites,paperdoll-animation-bam,WPTJ8A2E,BAMC,V1,30,8,data/PaperDol.bif,0x06200894,3562,CC08698D5A25403905AAE7CA971E5A3ECDBE798BA29C3665F74E0C4F8C2219AD,graphics/source/sprites/WPTJ8A2E.bam
supplemental:sprites:paperdoll-animation-bam:WPTJ8A3,sprites,paperdoll-animation-bam,WPTJ8A3,BAMC,V1,50,8,data/PaperDol.bif,0x06200895,5383,D3CEF36E5753BAE8A142369CAF41B17C0D1718EC938761199E2E30A574A767EE,graphics/source/sprites/WPTJ8A3.bam
supplemental:sprites:paperdoll-animation-bam:WPTJ8A3E,sprites,paperdoll-animation-bam,WPTJ8A3E,BAMC,V1,30,8,data/PaperDol.bif,0x06200896,3625,615A80091932B30FEB273BD05901FC5DDD44E6EBA647A8570BB5F142A1EA5A96,graphics/source/sprites/WPTJ8A3E.bam
supplemental:sprites:paperdoll-animation-bam:WPTJ8A4,sprites,paperdoll-animation-bam,WPTJ8A4,BAMC,V1,50,8,data/PaperDol.bif,0x06200897,5325,724AE357D0F947BAE72C1F237088143922784F3EDB8AA28588B8046EF3DA454D,graphics/source/sprites/WPTJ8A4.bam
supplemental:sprites:paperdoll-animation-bam:WPTJ8A4E,sprites,paperdoll-animation-bam,WPTJ8A4E,BAMC,V1,30,8,data/PaperDol.bif,0x06200898,3577,64D524030ECEA2A988CD5C1E691AF11871ABC6D38B7F3CD0E1905A7D0FDC3454,graphics/source/sprites/WPTJ8A4E.bam
supplemental:sprites:paperdoll-animation-bam:WPTJ8A5,sprites,paperdoll-animation-bam,WPTJ8A5,BAMC,V1,30,8,data/PaperDol.bif,0x06200899,3587,4BD9C9CA4003920878D34A7C864FF65A523CE9D100E54E6D8A415C8888606FDC,graphics/source/sprites/WPTJ8A5.bam
supplemental:sprites:paperdoll-animation-bam:WPTJ8A5E,sprites,paperdoll-animation-bam,WPTJ8A5E,BAMC,V1,18,8,data/PaperDol.bif,0x0620089A,2428,0B31EF40FED6E43C470CB405945B7066568A6EB14CEFD2D0D86D5904DA243BF9,graphics/source/sprites/WPTJ8A5E.bam
supplemental:sprites:paperdoll-animation-bam:WPTJ8A6,sprites,paperdoll-animation-bam,WPTJ8A6,BAMC,V1,40,8,data/PaperDol.bif,0x0620089B,4468,53194D855D486D1170A682AB996DFE1E9B498DFE7F7A06B2CC26EE5333816A9F,graphics/source/sprites/WPTJ8A6.bam
supplemental:sprites:paperdoll-animation-bam:WPTJ8A6E,sprites,paperdoll-animation-bam,WPTJ8A6E,BAMC,V1,24,8,data/PaperDol.bif,0x0620089C,3059,3B298C604695536955C7FBB15A3AB577B0B12EC402DB8D3B4EB5F033CF783E75,graphics/source/sprites/WPTJ8A6E.bam
supplemental:sprites:paperdoll-animation-bam:WPTJ8CA,sprites,paperdoll-animation-bam,WPTJ8CA,BAMC,V1,50,62,data/PaperDol.bif,0x0620089D,5847,170E0DC0B74C34E3037871798DE40DCC768F56DF2FF1EE1196C8A609DF0E0233,graphics/source/sprites/WPTJ8CA.bam
supplemental:sprites:paperdoll-animation-bam:WPTJ8CAE,sprites,paperdoll-animation-bam,WPTJ8CAE,BAMC,V1,30,64,data/PaperDol.bif,0x0620089E,3918,45E522F9A37216D39E321EB05F10ED45854542706BDEFE7C8C75BC5F09E6D086,graphics/source/sprites/WPTJ8CAE.bam
supplemental:sprites:paperdoll-animation-bam:WPTJ8G1,sprites,paperdoll-animation-bam,WPTJ8G1,BAMC,V1,180,72,data/PaperDol.bif,0x0620089F,16066,260DBD64D0AA27556E5924C0217B80B90719849BE8320226FF0B2A3373225153,graphics/source/sprites/WPTJ8G1.bam
supplemental:sprites:paperdoll-animation-bam:WPTJ8G1E,sprites,paperdoll-animation-bam,WPTJ8G1E,BAMC,V1,108,72,data/PaperDol.bif,0x062008A0,10166,0C5E5A7C6236ABF04E4E524F9454930D27F7F2A91ADC2E6389C26D2500B018C0,graphics/source/sprites/WPTJ8G1E.bam
supplemental:sprites:paperdoll-animation-bam:WPTJ8SA,sprites,paperdoll-animation-bam,WPTJ8SA,BAMC,V1,20,8,data/PaperDol.bif,0x062008A1,2687,3B76D99466C2B4693514523DE54F931BF7CFE807254771F91AF80DCFCCCCE312,graphics/source/sprites/WPTJ8SA.bam
supplemental:sprites:paperdoll-animation-bam:WPTJ8SAE,sprites,paperdoll-animation-bam,WPTJ8SAE,BAMC,V1,12,8,data/PaperDol.bif,0x062008A2,1960,EE717050635546EEC07EB7E82BDFB80AC25FABE30A5EF97CCE96AB7A202082DE,graphics/source/sprites/WPTJ8SAE.bam
supplemental:sprites:paperdoll-animation-bam:WPTJ8SX,sprites,paperdoll-animation-bam,WPTJ8SX,BAMC,V1,15,8,data/PaperDol.bif,0x062008A3,2167,F647DEF181F8DE03A0EC74998FB7EA163C9C6E78FF9575B2E3E55E82FFB43DDC,graphics/source/sprites/WPTJ8SX.bam
supplemental:sprites:paperdoll-animation-bam:WPTJ8SXE,sprites,paperdoll-animation-bam,WPTJ8SXE,BAMC,V1,9,8,data/PaperDol.bif,0x062008A4,1636,2280E349AB9F582C99990E7DA34A40D4311C4D839447AAED2AC2D8462E72D472,graphics/source/sprites/WPTJ8SXE.bam
supplemental:sprites:paperdoll-animation-bam:WPTJ8W2,sprites,paperdoll-animation-bam,WPTJ8W2,BAMC,V1,50,8,data/PaperDol.bif,0x062008A5,4386,7D5E3CE148245DFC555D559D168E880D835A2A64BC9D6A1D2CDFB354FFA99316,graphics/source/sprites/WPTJ8W2.bam
supplemental:sprites:paperdoll-animation-bam:WPTJ8W2E,sprites,paperdoll-animation-bam,WPTJ8W2E,BAMC,V1,30,8,data/PaperDol.bif,0x062008A6,2985,44EA0BC9E0B7EFBA39F85F4E5213BB0C7075696ED01501974178E7D3520557EE,graphics/source/sprites/WPTJ8W2E.bam
supplemental:sprites:paperdoll-animation-bam:WPTJ9A1,sprites,paperdoll-animation-bam,WPTJ9A1,BAMC,V1,50,16,data/PaperDol.bif,0x062008A7,5333,04B23B77B76BF9323DE55C6975710FB7B72159245E78BB12B060CDC72968B855,graphics/source/sprites/WPTJ9A1.bam
supplemental:sprites:paperdoll-animation-bam:WPTJ9A1E,sprites,paperdoll-animation-bam,WPTJ9A1E,BAMC,V1,30,16,data/PaperDol.bif,0x062008A8,3561,B7A7CD679FD1565971D9F21408DD9420D8C68477DE33CEDC0E8BD344C8B34082,graphics/source/sprites/WPTJ9A1E.bam
supplemental:sprites:paperdoll-animation-bam:WPTJ9A2,sprites,paperdoll-animation-bam,WPTJ9A2,BAMC,V1,50,8,data/PaperDol.bif,0x062008A9,5324,CD31D7A1645193F606B4AB2F80F44D0EA0A2A05387E061FCC32D595F585AEFA5,graphics/source/sprites/WPTJ9A2.bam
supplemental:sprites:paperdoll-animation-bam:WPTJ9A2E,sprites,paperdoll-animation-bam,WPTJ9A2E,BAMC,V1,30,8,data/PaperDol.bif,0x062008AA,3599,ABD0BBEE0D94EB949410CFF5CD8666759CC5AB50AA5DE7FBE6BA92FE48689DA7,graphics/source/sprites/WPTJ9A2E.bam
supplemental:sprites:paperdoll-animation-bam:WPTJ9A3,sprites,paperdoll-animation-bam,WPTJ9A3,BAMC,V1,50,8,data/PaperDol.bif,0x062008AB,5332,2ED8AE7295401843D9B57353D2BA0A3C8222647ED4480F08DFB09D74E4DA8D76,graphics/source/sprites/WPTJ9A3.bam
supplemental:sprites:paperdoll-animation-bam:WPTJ9A3E,sprites,paperdoll-animation-bam,WPTJ9A3E,BAMC,V1,30,8,data/PaperDol.bif,0x062008AC,3317,BCBAFDDEA2FFB753CA951B87C84B78C7084DD9FFD611014BD8799D99E220F7DC,graphics/source/sprites/WPTJ9A3E.bam
supplemental:sprites:paperdoll-animation-bam:WPTJ9A4,sprites,paperdoll-animation-bam,WPTJ9A4,BAMC,V1,50,8,data/PaperDol.bif,0x062008AD,5190,3F650711C9561954966B132626EF59BD995BB21D515347ACF10D7BBF9F3CBD67,graphics/source/sprites/WPTJ9A4.bam
supplemental:sprites:paperdoll-animation-bam:WPTJ9A4E,sprites,paperdoll-animation-bam,WPTJ9A4E,BAMC,V1,30,8,data/PaperDol.bif,0x062008AE,3315,CA5B4CF1FA6F53426EC760B3696A7D3FA4F4679E91EC52524FB413A39FFEF30F,graphics/source/sprites/WPTJ9A4E.bam
supplemental:sprites:paperdoll-animation-bam:WPTJ9A5,sprites,paperdoll-animation-bam,WPTJ9A5,BAMC,V1,30,8,data/PaperDol.bif,0x062008AF,3392,36D9784876AF09F86D044FCBA04AE673A66A056C2C3C5176839AF7178CA180DE,graphics/source/sprites/WPTJ9A5.bam
supplemental:sprites:paperdoll-animation-bam:WPTJ9A5E,sprites,paperdoll-animation-bam,WPTJ9A5E,BAMC,V1,18,8,data/PaperDol.bif,0x062008B0,2313,FCFE5203652FBB64E31D42B8407D02D6C01AF7D07716FC3AAD2BEBC83997DD72,graphics/source/sprites/WPTJ9A5E.bam
supplemental:sprites:paperdoll-animation-bam:WPTJ9A6,sprites,paperdoll-animation-bam,WPTJ9A6,BAMC,V1,40,8,data/PaperDol.bif,0x062008B1,4289,42E5F6CB830CD85E5B408ECCF4E6CA11C035690FB4F083902447D4BB32AAF6BE,graphics/source/sprites/WPTJ9A6.bam
supplemental:sprites:paperdoll-animation-bam:WPTJ9A6E,sprites,paperdoll-animation-bam,WPTJ9A6E,BAMC,V1,24,8,data/PaperDol.bif,0x062008B2,2856,5BDC6062D1EE5B3CB7A2E8FC5CA64DA16BA8EC81F351686167617518506FA35C,graphics/source/sprites/WPTJ9A6E.bam
supplemental:sprites:paperdoll-animation-bam:WPTJ9CA,sprites,paperdoll-animation-bam,WPTJ9CA,BAMC,V1,50,64,data/PaperDol.bif,0x062008B3,5486,3E8260E99E2B7FB5F6799923530963098287879AF87CD02FDC2211CD4D219092,graphics/source/sprites/WPTJ9CA.bam
supplemental:sprites:paperdoll-animation-bam:WPTJ9CAE,sprites,paperdoll-animation-bam,WPTJ9CAE,BAMC,V1,30,64,data/PaperDol.bif,0x062008B4,3689,AF42C612459D3F109442EFDFDC82420AB5721BE3ABEBD340134D8DD7D067840F,graphics/source/sprites/WPTJ9CAE.bam
supplemental:sprites:paperdoll-animation-bam:WPTJ9G1,sprites,paperdoll-animation-bam,WPTJ9G1,BAMC,V1,180,72,data/PaperDol.bif,0x062008B5,15361,9CDF39693C9142314CC12F76CF3CAAD5393AF854EF25D55D0DC95E3704F8F822,graphics/source/sprites/WPTJ9G1.bam
supplemental:sprites:paperdoll-animation-bam:WPTJ9G1E,sprites,paperdoll-animation-bam,WPTJ9G1E,BAMC,V1,108,72,data/PaperDol.bif,0x062008B6,9236,5DEFAA0403338E2F55CE091C27FCDAC9AF4746EC36C10D5D76DD1E5BB205261A,graphics/source/sprites/WPTJ9G1E.bam
supplemental:sprites:paperdoll-animation-bam:WPTJ9SA,sprites,paperdoll-animation-bam,WPTJ9SA,BAMC,V1,20,8,data/PaperDol.bif,0x062008B7,2648,A2A72F36DCA68DCA1116F51320B279B8550B3CC4B9854112A6D656569EC052E4,graphics/source/sprites/WPTJ9SA.bam
supplemental:sprites:paperdoll-animation-bam:WPTJ9SAE,sprites,paperdoll-animation-bam,WPTJ9SAE,BAMC,V1,12,8,data/PaperDol.bif,0x062008B8,1867,9B3260F0CA2C92D10482199509288790DF04458383730CEE8A2227885A437745,graphics/source/sprites/WPTJ9SAE.bam
supplemental:sprites:paperdoll-animation-bam:WPTJ9SX,sprites,paperdoll-animation-bam,WPTJ9SX,BAMC,V1,15,8,data/PaperDol.bif,0x062008B9,2193,586C8B1C9A0717C757188BA06B11FA5D994BDB564E1FAE7FB289F74046E1562C,graphics/source/sprites/WPTJ9SX.bam
supplemental:sprites:paperdoll-animation-bam:WPTJ9SXE,sprites,paperdoll-animation-bam,WPTJ9SXE,BAMC,V1,9,8,data/PaperDol.bif,0x062008BA,1592,2B89756ABCE2D0ED1961B1879641B2814B83304192D55D8AE245CFE7A73A2583,graphics/source/sprites/WPTJ9SXE.bam
supplemental:sprites:paperdoll-animation-bam:WPTJ9W2,sprites,paperdoll-animation-bam,WPTJ9W2,BAMC,V1,50,8,data/PaperDol.bif,0x062008BB,4275,5AD17FBD7BA90B46F72D2958FA48189EFBE0DB2085A72FB8B65998CC74D8C6F7,graphics/source/sprites/WPTJ9W2.bam
supplemental:sprites:paperdoll-animation-bam:WPTJ9W2E,sprites,paperdoll-animation-bam,WPTJ9W2E,BAMC,V1,30,8,data/PaperDol.bif,0x062008BC,2751,57B3CCB8B3CB47A1F01B97E35F1DEE988DDD951120C0F0A4A5B4152B4667AE1C,graphics/source/sprites/WPTJ9W2E.bam
supplemental:sprites:paperdoll-animation-bam:WPTJAA1,sprites,paperdoll-animation-bam,WPTJAA1,BAMC,V1,50,16,data/PaperDol.bif,0x062008BD,10378,67081AD11CBA9BBCC332B8B0AAADD557073633F45612BF1EA7D497E80CD971B9,graphics/source/sprites/WPTJAA1.bam
supplemental:sprites:paperdoll-animation-bam:WPTJAA1E,sprites,paperdoll-animation-bam,WPTJAA1E,BAMC,V1,30,16,data/PaperDol.bif,0x062008BE,6493,BDF1E1D73D239D493269E9A2CF688AB633F050B448F69CE5BE2C06F4044C4D50,graphics/source/sprites/WPTJAA1E.bam
supplemental:sprites:paperdoll-animation-bam:WPTJAA2,sprites,paperdoll-animation-bam,WPTJAA2,BAMC,V1,50,8,data/PaperDol.bif,0x062008BF,10295,E230B465F55F09AD906F13B4972B0C469473DCF93FAF8C328233A1E3EE1A1E2F,graphics/source/sprites/WPTJAA2.bam
supplemental:sprites:paperdoll-animation-bam:WPTJAA2E,sprites,paperdoll-animation-bam,WPTJAA2E,BAMC,V1,30,8,data/PaperDol.bif,0x062008C0,6589,1DC68182B654F20AC96B3D79777BA21045B1ACB5FC857BBA5AAB20EE1112851F,graphics/source/sprites/WPTJAA2E.bam
supplemental:sprites:paperdoll-animation-bam:WPTJAA3,sprites,paperdoll-animation-bam,WPTJAA3,BAMC,V1,50,8,data/PaperDol.bif,0x062008C1,10614,A19BA8C016F6E6B9CDB9471DE7D20E1D22CD36B09F57C7B7E379B2559EA078A9,graphics/source/sprites/WPTJAA3.bam
supplemental:sprites:paperdoll-animation-bam:WPTJAA3E,sprites,paperdoll-animation-bam,WPTJAA3E,BAMC,V1,30,8,data/PaperDol.bif,0x062008C2,6201,99146E9159A26A464388B489D7927F6F7B59B85EBB3DE5AA4849C18AC11DD69C,graphics/source/sprites/WPTJAA3E.bam
supplemental:sprites:paperdoll-animation-bam:WPTJAA4,sprites,paperdoll-animation-bam,WPTJAA4,BAMC,V1,50,8,data/PaperDol.bif,0x062008C3,10285,800A48A77965742A91488FBEE1E28BE787AFA940ADC7FDC56D7A0A6821A898B4,graphics/source/sprites/WPTJAA4.bam
supplemental:sprites:paperdoll-animation-bam:WPTJAA4E,sprites,paperdoll-animation-bam,WPTJAA4E,BAMC,V1,30,8,data/PaperDol.bif,0x062008C4,6197,2AC95F0F0237EE3FF240A426083C716345364FB4FE029E2228292AC80537D7E0,graphics/source/sprites/WPTJAA4E.bam
supplemental:sprites:paperdoll-animation-bam:WPTJAA5,sprites,paperdoll-animation-bam,WPTJAA5,BAMC,V1,30,8,data/PaperDol.bif,0x062008C5,6420,A38434E4AA1C0D5D08B009BAA9D2C55B63987F9AD7CBEF650BFE4D1658A89942,graphics/source/sprites/WPTJAA5.bam
supplemental:sprites:paperdoll-animation-bam:WPTJAA5E,sprites,paperdoll-animation-bam,WPTJAA5E,BAMC,V1,18,8,data/PaperDol.bif,0x062008C6,4104,6A646A81958F43296523AE20F8D92586CFBA53E510CA96C433A504E7E37D0E06,graphics/source/sprites/WPTJAA5E.bam
supplemental:sprites:paperdoll-animation-bam:WPTJAA6,sprites,paperdoll-animation-bam,WPTJAA6,BAMC,V1,40,8,data/PaperDol.bif,0x062008C7,8478,9AC1C3FBB223C8026227B6588A8C431D769CC5D20CDB274783E677AB3AFE1CDE,graphics/source/sprites/WPTJAA6.bam
supplemental:sprites:paperdoll-animation-bam:WPTJAA6E,sprites,paperdoll-animation-bam,WPTJAA6E,BAMC,V1,24,8,data/PaperDol.bif,0x062008C8,5207,6A97F0B561EE497A984D4818BBAEF8DD622ED30CBEFA307CBB9244A105E43CD4,graphics/source/sprites/WPTJAA6E.bam
supplemental:sprites:paperdoll-animation-bam:WPTJACA,sprites,paperdoll-animation-bam,WPTJACA,BAMC,V1,50,62,data/PaperDol.bif,0x062008C9,10899,9719765552920B25879862D0D0E2C91BEC2B8267988EFA8B37D5CED808340876,graphics/source/sprites/WPTJACA.bam
supplemental:sprites:paperdoll-animation-bam:WPTJACAE,sprites,paperdoll-animation-bam,WPTJACAE,BAMC,V1,30,64,data/PaperDol.bif,0x062008CA,6705,C119C1BD802AC05A5840F505DC54FCEDBD274997411B35E1B753E4B3AC6A774A,graphics/source/sprites/WPTJACAE.bam
supplemental:sprites:paperdoll-animation-bam:WPTJAG1,sprites,paperdoll-animation-bam,WPTJAG1,BAMC,V1,180,72,data/PaperDol.bif,0x062008CB,31422,32A91C63A6348004DF5C46254560446ED70A5B8AC6865CA9A8C1D8C7E001E358,graphics/source/sprites/WPTJAG1.bam
supplemental:sprites:paperdoll-animation-bam:WPTJAG1E,sprites,paperdoll-animation-bam,WPTJAG1E,BAMC,V1,108,72,data/PaperDol.bif,0x062008CC,18388,6FA359476E4F8CC4A07C9E6CC0166C3E5A9B69846CAD86B78B59BA9EE97B2E32,graphics/source/sprites/WPTJAG1E.bam
supplemental:sprites:paperdoll-animation-bam:WPTJASA,sprites,paperdoll-animation-bam,WPTJASA,BAMC,V1,20,8,data/PaperDol.bif,0x062008CD,4726,5D4ADDB5B8A1ACCA736340EA1711901D0F6D572E154A8B6D82D74A4C20B6E1E5,graphics/source/sprites/WPTJASA.bam
supplemental:sprites:paperdoll-animation-bam:WPTJASAE,sprites,paperdoll-animation-bam,WPTJASAE,BAMC,V1,12,8,data/PaperDol.bif,0x062008CE,3141,7665E5E92F544B51EB0CF1FFD1F76B2304AEEE4933454FBB55AD253ABF5738AC,graphics/source/sprites/WPTJASAE.bam
supplemental:sprites:paperdoll-animation-bam:WPTJASX,sprites,paperdoll-animation-bam,WPTJASX,BAMC,V1,15,8,data/PaperDol.bif,0x062008CF,3760,406D26BBED1EA5DD1043EB93BB75FAA833A8EB6ACF33B7939ADE196E59F81DD7,graphics/source/sprites/WPTJASX.bam
supplemental:sprites:paperdoll-animation-bam:WPTJASXE,sprites,paperdoll-animation-bam,WPTJASXE,BAMC,V1,9,8,data/PaperDol.bif,0x062008D0,2523,A26C809D43126BBC2A4B429CD846BBA31C90CD20CB4E171EAD1718F7D28FF7E3,graphics/source/sprites/WPTJASXE.bam
supplemental:sprites:paperdoll-animation-bam:WPTJAW2,sprites,paperdoll-animation-bam,WPTJAW2,BAMC,V1,50,8,data/PaperDol.bif,0x062008D1,8388,EC989D7947504FD5BF9A7C84C51265697B07B3EE902E964D23D7ED72716841BB,graphics/source/sprites/WPTJAW2.bam
supplemental:sprites:paperdoll-animation-bam:WPTJAW2E,sprites,paperdoll-animation-bam,WPTJAW2E,BAMC,V1,30,8,data/PaperDol.bif,0x062008D2,5162,6BBEB3B902CEF8C15E82CF6E3E534021352CA9A32AAABF7C982A12DAA2AEFBC6,graphics/source/sprites/WPTJAW2E.bam
supplemental:sprites:paperdoll-animation-bam:WPTJBA1,sprites,paperdoll-animation-bam,WPTJBA1,BAM,V1,50,16,data/PaperDol.bif,0x062008D3,2034,9A8B9161D7BC061C2894D55A7A9DDE0F091018B98BF593140645DA87CEA0A007,graphics/source/sprites/WPTJBA1.bam
supplemental:sprites:paperdoll-animation-bam:WPTJBA1E,sprites,paperdoll-animation-bam,WPTJBA1E,BAM,V1,30,16,data/PaperDol.bif,0x062008D4,1678,353EDA3947CCEEFD61C427C7D4A909B815FBC95EAC3F195B0A60CA31A8738647,graphics/source/sprites/WPTJBA1E.bam
supplemental:sprites:paperdoll-animation-bam:WPTJBA2,sprites,paperdoll-animation-bam,WPTJBA2,BAM,V1,50,8,data/PaperDol.bif,0x062008D5,1936,944B3DFC003D223ACAB015C23B27D941299B07006B0DFF136ADE9DBF91DDB3EB,graphics/source/sprites/WPTJBA2.bam
supplemental:sprites:paperdoll-animation-bam:WPTJBA2E,sprites,paperdoll-animation-bam,WPTJBA2E,BAM,V1,30,8,data/PaperDol.bif,0x062008D6,1572,BB6CCC3EECAA0A68A82F1CF88992A5068044D8624BE6BCCF3B41B0A32226122E,graphics/source/sprites/WPTJBA2E.bam
supplemental:sprites:paperdoll-animation-bam:WPTJBA3,sprites,paperdoll-animation-bam,WPTJBA3,BAM,V1,50,8,data/PaperDol.bif,0x062008D7,1936,944B3DFC003D223ACAB015C23B27D941299B07006B0DFF136ADE9DBF91DDB3EB,graphics/source/sprites/WPTJBA3.bam
supplemental:sprites:paperdoll-animation-bam:WPTJBA3E,sprites,paperdoll-animation-bam,WPTJBA3E,BAM,V1,30,8,data/PaperDol.bif,0x062008D8,1572,BB6CCC3EECAA0A68A82F1CF88992A5068044D8624BE6BCCF3B41B0A32226122E,graphics/source/sprites/WPTJBA3E.bam
supplemental:sprites:paperdoll-animation-bam:WPTJBA4,sprites,paperdoll-animation-bam,WPTJBA4,BAM,V1,50,8,data/PaperDol.bif,0x062008D9,1936,944B3DFC003D223ACAB015C23B27D941299B07006B0DFF136ADE9DBF91DDB3EB,graphics/source/sprites/WPTJBA4.bam
supplemental:sprites:paperdoll-animation-bam:WPTJBA4E,sprites,paperdoll-animation-bam,WPTJBA4E,BAM,V1,30,8,data/PaperDol.bif,0x062008DA,1572,BB6CCC3EECAA0A68A82F1CF88992A5068044D8624BE6BCCF3B41B0A32226122E,graphics/source/sprites/WPTJBA4E.bam
supplemental:sprites:paperdoll-animation-bam:WPTJBA5,sprites,paperdoll-animation-bam,WPTJBA5,BAM,V1,30,8,data/PaperDol.bif,0x062008DB,1644,47B0FE52DE05862965FA8892CA6B5108ED5AD2B3B1110D73A50B720317BD4DA4,graphics/source/sprites/WPTJBA5.bam
supplemental:sprites:paperdoll-animation-bam:WPTJBA5E,sprites,paperdoll-animation-bam,WPTJBA5E,BAM,V1,18,8,data/PaperDol.bif,0x062008DC,1444,B511ADCF02F08A11E0E9A6969440311C6A90AC9F0056DBBDFB7C0CB8D88E7CA5,graphics/source/sprites/WPTJBA5E.bam
supplemental:sprites:paperdoll-animation-bam:WPTJBA6,sprites,paperdoll-animation-bam,WPTJBA6,BAM,V1,40,8,data/PaperDol.bif,0x062008DD,1796,C55F90E379F1881021FE00292A4E5F766572253F4EE2E4FCFA18AC9D813EEC2B,graphics/source/sprites/WPTJBA6.bam
supplemental:sprites:paperdoll-animation-bam:WPTJBA6E,sprites,paperdoll-animation-bam,WPTJBA6E,BAM,V1,24,8,data/PaperDol.bif,0x062008DE,1518,12EACC26D45100F19E7877DB25DCA4B034C65C4761013735E6D82CC418AB95C3,graphics/source/sprites/WPTJBA6E.bam
supplemental:sprites:paperdoll-animation-bam:WPTJBCA,sprites,paperdoll-animation-bam,WPTJBCA,BAM,V1,50,64,data/PaperDol.bif,0x062008DF,3092,796E62E25B878F803BF874624865B82AE8964D76A559C293C209382F4F2F382C,graphics/source/sprites/WPTJBCA.bam
supplemental:sprites:paperdoll-animation-bam:WPTJBCAE,sprites,paperdoll-animation-bam,WPTJBCAE,BAM,V1,30,64,data/PaperDol.bif,0x062008E0,2354,512CB092F3A2BB9D2E060FB618AF4E8D56CED5FDFC66BA7171BFB935FD67431E,graphics/source/sprites/WPTJBCAE.bam
supplemental:sprites:paperdoll-animation-bam:WPTJBG1,sprites,paperdoll-animation-bam,WPTJBG1,BAM,V1,180,72,data/PaperDol.bif,0x062008E1,5754,256E8DF9FF3763DBED66CDE303A3297F38A92C9BC27A6C874DBFD32642F8335E,graphics/source/sprites/WPTJBG1.bam
supplemental:sprites:paperdoll-animation-bam:WPTJBG1E,sprites,paperdoll-animation-bam,WPTJBG1E,BAM,V1,108,72,data/PaperDol.bif,0x062008E2,3946,6E10D76E375058AC3CF38375E8FC486031D55C3100CC560C8EBEC3BC7207CF1F,graphics/source/sprites/WPTJBG1E.bam
supplemental:sprites:paperdoll-animation-bam:WPTJBSA,sprites,paperdoll-animation-bam,WPTJBSA,BAM,V1,20,8,data/PaperDol.bif,0x062008E3,1516,3ACDA5E0B8F1CCAE46185709147343DBE2AC6D9E74CD3D112451EB4F2C959627,graphics/source/sprites/WPTJBSA.bam
supplemental:sprites:paperdoll-animation-bam:WPTJBSAE,sprites,paperdoll-animation-bam,WPTJBSAE,BAM,V1,12,8,data/PaperDol.bif,0x062008E4,1350,C4182AE17FED09D6F93D65E91BA3E252660A424A6B850E4DC63A474784396131,graphics/source/sprites/WPTJBSAE.bam
supplemental:sprites:paperdoll-animation-bam:WPTJBSX,sprites,paperdoll-animation-bam,WPTJBSX,BAM,V1,15,8,data/PaperDol.bif,0x062008E5,1446,19D89EAE8A347996A132BCA73E1DB0310ABAFB4D166572561778690A2EE6FC4F,graphics/source/sprites/WPTJBSX.bam
supplemental:sprites:paperdoll-animation-bam:WPTJBSXE,sprites,paperdoll-animation-bam,WPTJBSXE,BAM,V1,9,8,data/PaperDol.bif,0x062008E6,1298,E41B7930EA0F5B79D5AB91A50A861F8AC219C6BA360AC4696B153D50104F5C31,graphics/source/sprites/WPTJBSXE.bam
supplemental:sprites:paperdoll-animation-bam:WPTJBW2,sprites,paperdoll-animation-bam,WPTJBW2,BAM,V1,50,8,data/PaperDol.bif,0x062008E7,2502,F4361518F5BC7040D3F74B2BCF015577E13771877C94758B3772563F5B3AFF45,graphics/source/sprites/WPTJBW2.bam
supplemental:sprites:paperdoll-animation-bam:WPTJBW2E,sprites,paperdoll-animation-bam,WPTJBW2E,BAM,V1,30,8,data/PaperDol.bif,0x062008E8,1560,21D59C452D8D505F6C60B435368DAD0841A9F8585B35E2F4BD193E2625A80163,graphics/source/sprites/WPTJBW2E.bam
supplemental:sprites:paperdoll-animation-bam:WPTZWA1,sprites,paperdoll-animation-bam,WPTZWA1,BAM,V1,50,16,data/PaperDol.bif,0x062008E9,2034,9A8B9161D7BC061C2894D55A7A9DDE0F091018B98BF593140645DA87CEA0A007,graphics/source/sprites/WPTZWA1.bam
supplemental:sprites:paperdoll-animation-bam:WPTZWA1E,sprites,paperdoll-animation-bam,WPTZWA1E,BAM,V1,30,16,data/PaperDol.bif,0x062008EA,1678,353EDA3947CCEEFD61C427C7D4A909B815FBC95EAC3F195B0A60CA31A8738647,graphics/source/sprites/WPTZWA1E.bam
supplemental:sprites:paperdoll-animation-bam:WPTZWA2,sprites,paperdoll-animation-bam,WPTZWA2,BAM,V1,50,8,data/PaperDol.bif,0x062008EB,1936,944B3DFC003D223ACAB015C23B27D941299B07006B0DFF136ADE9DBF91DDB3EB,graphics/source/sprites/WPTZWA2.bam
supplemental:sprites:paperdoll-animation-bam:WPTZWA2E,sprites,paperdoll-animation-bam,WPTZWA2E,BAM,V1,30,8,data/PaperDol.bif,0x062008EC,1572,BB6CCC3EECAA0A68A82F1CF88992A5068044D8624BE6BCCF3B41B0A32226122E,graphics/source/sprites/WPTZWA2E.bam
supplemental:sprites:paperdoll-animation-bam:WPTZWA3,sprites,paperdoll-animation-bam,WPTZWA3,BAM,V1,50,8,data/PaperDol.bif,0x062008ED,1936,944B3DFC003D223ACAB015C23B27D941299B07006B0DFF136ADE9DBF91DDB3EB,graphics/source/sprites/WPTZWA3.bam
supplemental:sprites:paperdoll-animation-bam:WPTZWA3E,sprites,paperdoll-animation-bam,WPTZWA3E,BAM,V1,30,8,data/PaperDol.bif,0x062008EE,1572,BB6CCC3EECAA0A68A82F1CF88992A5068044D8624BE6BCCF3B41B0A32226122E,graphics/source/sprites/WPTZWA3E.bam
supplemental:sprites:paperdoll-animation-bam:WPTZWA4,sprites,paperdoll-animation-bam,WPTZWA4,BAM,V1,50,8,data/PaperDol.bif,0x062008EF,1936,944B3DFC003D223ACAB015C23B27D941299B07006B0DFF136ADE9DBF91DDB3EB,graphics/source/sprites/WPTZWA4.bam
supplemental:sprites:paperdoll-animation-bam:WPTZWA4E,sprites,paperdoll-animation-bam,WPTZWA4E,BAM,V1,30,8,data/PaperDol.bif,0x062008F0,1572,BB6CCC3EECAA0A68A82F1CF88992A5068044D8624BE6BCCF3B41B0A32226122E,graphics/source/sprites/WPTZWA4E.bam
supplemental:sprites:paperdoll-animation-bam:WPTZWA5,sprites,paperdoll-animation-bam,WPTZWA5,BAM,V1,30,8,data/PaperDol.bif,0x062008F1,1644,47B0FE52DE05862965FA8892CA6B5108ED5AD2B3B1110D73A50B720317BD4DA4,graphics/source/sprites/WPTZWA5.bam
supplemental:sprites:paperdoll-animation-bam:WPTZWA5E,sprites,paperdoll-animation-bam,WPTZWA5E,BAM,V1,18,8,data/PaperDol.bif,0x062008F2,1444,B511ADCF02F08A11E0E9A6969440311C6A90AC9F0056DBBDFB7C0CB8D88E7CA5,graphics/source/sprites/WPTZWA5E.bam
supplemental:sprites:paperdoll-animation-bam:WPTZWA6,sprites,paperdoll-animation-bam,WPTZWA6,BAM,V1,40,8,data/PaperDol.bif,0x062008F3,1796,C55F90E379F1881021FE00292A4E5F766572253F4EE2E4FCFA18AC9D813EEC2B,graphics/source/sprites/WPTZWA6.bam
supplemental:sprites:paperdoll-animation-bam:WPTZWA6E,sprites,paperdoll-animation-bam,WPTZWA6E,BAM,V1,24,8,data/PaperDol.bif,0x062008F4,1518,12EACC26D45100F19E7877DB25DCA4B034C65C4761013735E6D82CC418AB95C3,graphics/source/sprites/WPTZWA6E.bam
supplemental:sprites:paperdoll-animation-bam:WPTZWCA,sprites,paperdoll-animation-bam,WPTZWCA,BAM,V1,50,64,data/PaperDol.bif,0x062008F5,3092,796E62E25B878F803BF874624865B82AE8964D76A559C293C209382F4F2F382C,graphics/source/sprites/WPTZWCA.bam
supplemental:sprites:paperdoll-animation-bam:WPTZWCAE,sprites,paperdoll-animation-bam,WPTZWCAE,BAM,V1,30,64,data/PaperDol.bif,0x062008F6,2354,512CB092F3A2BB9D2E060FB618AF4E8D56CED5FDFC66BA7171BFB935FD67431E,graphics/source/sprites/WPTZWCAE.bam
supplemental:sprites:paperdoll-animation-bam:WPTZWG1,sprites,paperdoll-animation-bam,WPTZWG1,BAM,V1,180,72,data/PaperDol.bif,0x062008F7,5754,256E8DF9FF3763DBED66CDE303A3297F38A92C9BC27A6C874DBFD32642F8335E,graphics/source/sprites/WPTZWG1.bam
supplemental:sprites:paperdoll-animation-bam:WPTZWG1E,sprites,paperdoll-animation-bam,WPTZWG1E,BAM,V1,108,72,data/PaperDol.bif,0x062008F8,3946,6E10D76E375058AC3CF38375E8FC486031D55C3100CC560C8EBEC3BC7207CF1F,graphics/source/sprites/WPTZWG1E.bam
supplemental:sprites:paperdoll-animation-bam:WPTZWSA,sprites,paperdoll-animation-bam,WPTZWSA,BAM,V1,20,8,data/PaperDol.bif,0x062008F9,1516,3ACDA5E0B8F1CCAE46185709147343DBE2AC6D9E74CD3D112451EB4F2C959627,graphics/source/sprites/WPTZWSA.bam
supplemental:sprites:paperdoll-animation-bam:WPTZWSAE,sprites,paperdoll-animation-bam,WPTZWSAE,BAM,V1,12,8,data/PaperDol.bif,0x062008FA,1350,C4182AE17FED09D6F93D65E91BA3E252660A424A6B850E4DC63A474784396131,graphics/source/sprites/WPTZWSAE.bam
supplemental:sprites:paperdoll-animation-bam:WPTZWSX,sprites,paperdoll-animation-bam,WPTZWSX,BAM,V1,15,8,data/PaperDol.bif,0x062008FB,1446,19D89EAE8A347996A132BCA73E1DB0310ABAFB4D166572561778690A2EE6FC4F,graphics/source/sprites/WPTZWSX.bam
supplemental:sprites:paperdoll-animation-bam:WPTZWSXE,sprites,paperdoll-animation-bam,WPTZWSXE,BAM,V1,9,8,data/PaperDol.bif,0x062008FC,1298,E41B7930EA0F5B79D5AB91A50A861F8AC219C6BA360AC4696B153D50104F5C31,graphics/source/sprites/WPTZWSXE.bam
supplemental:sprites:paperdoll-animation-bam:WPTZWW2,sprites,paperdoll-animation-bam,WPTZWW2,BAM,V1,50,8,data/PaperDol.bif,0x062008FD,2502,F4361518F5BC7040D3F74B2BCF015577E13771877C94758B3772563F5B3AFF45,graphics/source/sprites/WPTZWW2.bam
supplemental:sprites:paperdoll-animation-bam:WPTZWW2E,sprites,paperdoll-animation-bam,WPTZWW2E,BAM,V1,30,8,data/PaperDol.bif,0x062008FE,1560,21D59C452D8D505F6C60B435368DAD0841A9F8585B35E2F4BD193E2625A80163,graphics/source/sprites/WPTZWW2E.bam
supplemental:sprites:object-animation-bam:WQLH3A1,sprites,object-animation-bam,WQLH3A1,BAMC,V1,135,9,data/OBJAnim.bif,0x00200536,15874,3117A935B2F9990DAFC3590745237B960F32684497B9F911F087524A9313A35D,graphics/source/sprites/WQLH3A1.bam
supplemental:sprites:object-animation-bam:WQLH3A2,sprites,object-animation-bam,WQLH3A2,BAMC,V1,135,9,data/OBJAnim.bif,0x00200537,15176,5BDD0802D5E241CDBAF9C25E9D4572BAA887BBC2300CE2714E183A910F02DB9F,graphics/source/sprites/WQLH3A2.bam
supplemental:sprites:object-animation-bam:WQLH3A3,sprites,object-animation-bam,WQLH3A3,BAMC,V1,135,9,data/OBJAnim.bif,0x00200538,16523,7EABAB58798E9664A4AE72B1E04D116FC8766660D997938DB56572CFD2683774,graphics/source/sprites/WQLH3A3.bam
supplemental:sprites:object-animation-bam:WQLH3A4,sprites,object-animation-bam,WQLH3A4,BAMC,V1,135,9,data/OBJAnim.bif,0x00200539,16051,B5F8A74BB949DC71FD78CEDF336B21AFBF1D69C2EA3B273D6A0A397458FCB59A,graphics/source/sprites/WQLH3A4.bam
supplemental:sprites:object-animation-bam:WQLH3A5,sprites,object-animation-bam,WQLH3A5,BAMC,V1,135,9,data/OBJAnim.bif,0x0020053A,16073,0AFBDC22FB20AA2EB8F1FEBC8B76A72D62B74E50FE06BF19CA101D9C277EFBA6,graphics/source/sprites/WQLH3A5.bam
supplemental:sprites:object-animation-bam:WQLH3A6,sprites,object-animation-bam,WQLH3A6,BAMC,V1,126,9,data/OBJAnim.bif,0x0020053B,13072,8E0A3484A58878BCF14AD10ADB058B967BC41CBFD026FD9FC4536BCD29979B40,graphics/source/sprites/WQLH3A6.bam
supplemental:sprites:object-animation-bam:WQLH3A7,sprites,object-animation-bam,WQLH3A7,BAMC,V1,135,9,data/OBJAnim.bif,0x0020053C,16222,1895BEBD66151C88540E8E96125E99A1F365194F45265845F461BCD80E9287F1,graphics/source/sprites/WQLH3A7.bam
supplemental:sprites:object-animation-bam:WQLH3A8,sprites,object-animation-bam,WQLH3A8,BAMC,V1,135,9,data/OBJAnim.bif,0x0020053D,15586,09867B8CC8585C5C268376700817CD731C2B2400E297C008971C4698940BA934,graphics/source/sprites/WQLH3A8.bam
supplemental:sprites:object-animation-bam:WQLH3A9,sprites,object-animation-bam,WQLH3A9,BAMC,V1,135,9,data/OBJAnim.bif,0x0020053E,16163,726CC8C679CDC1F7624FCDF3DB70271493CC68771C6D0DF2FB1C294695315189,graphics/source/sprites/WQLH3A9.bam
supplemental:sprites:object-animation-bam:WQLH3CA,sprites,object-animation-bam,WQLH3CA,BAMC,V1,270,72,data/OBJAnim.bif,0x0020053F,28321,B074BD25D0FC47BF85C06B28D8C4064C2FEA89F01A95264410FC4637678BF9CA,graphics/source/sprites/WQLH3CA.bam
supplemental:sprites:object-animation-bam:WQLH3G1,sprites,object-animation-bam,WQLH3G1,BAMC,V1,846,99,data/OBJAnim.bif,0x00200540,85452,AC901E62EA9EBC75A1FC2FC7F5F503D868B7E2603452D98042F37922CC3BF007,graphics/source/sprites/WQLH3G1.bam
supplemental:sprites:object-animation-bam:WQLH3SA,sprites,object-animation-bam,WQLH3SA,BAMC,V1,126,9,data/OBJAnim.bif,0x00200541,14138,C00F2DAA6416C8E2446C730AC577A678221BA918FB30140642CEA9D551EE3A68,graphics/source/sprites/WQLH3SA.bam
supplemental:sprites:object-animation-bam:WQLH3SS,sprites,object-animation-bam,WQLH3SS,BAMC,V1,135,9,data/OBJAnim.bif,0x00200542,15840,C8A28DB6DC5C938498C05A3FD6048819A2D20056290A456968630D26721884E9,graphics/source/sprites/WQLH3SS.bam
supplemental:sprites:object-animation-bam:WQLH3SX,sprites,object-animation-bam,WQLH3SX,BAMC,V1,126,9,data/OBJAnim.bif,0x00200543,13746,68104F4831EC0D3311542F22F4335BF08235F2E494C26BCCF926C9F86397AA76,graphics/source/sprites/WQLH3SX.bam
supplemental:sprites:object-animation-bam:WQLH4A1,sprites,object-animation-bam,WQLH4A1,BAMC,V1,135,9,data/OBJAnim.bif,0x00200544,18195,A47441A7EF409D7FCF070C42017F1349BBC75CDFFC2D199A4F3EFDC484B877B7,graphics/source/sprites/WQLH4A1.bam
supplemental:sprites:object-animation-bam:WQLH4A2,sprites,object-animation-bam,WQLH4A2,BAMC,V1,135,9,data/OBJAnim.bif,0x00200545,16530,6C26AC4F806F867B00A4F1282ED55B0CE6D1C2FA5B8BB12B067DFE6780A37EE4,graphics/source/sprites/WQLH4A2.bam
supplemental:sprites:object-animation-bam:WQLH4A3,sprites,object-animation-bam,WQLH4A3,BAMC,V1,135,9,data/OBJAnim.bif,0x00200546,19536,946ADD330421B2F3B402F6B51B55E22148FAD4BB09AC8CE648EF80735DDD8F89,graphics/source/sprites/WQLH4A3.bam
supplemental:sprites:object-animation-bam:WQLH4A4,sprites,object-animation-bam,WQLH4A4,BAMC,V1,135,9,data/OBJAnim.bif,0x00200547,19337,EEF8885CCE9417FCD7119867253FFCBE85DA5203012D2B4CCD6A0E2658BE92C9,graphics/source/sprites/WQLH4A4.bam
supplemental:sprites:object-animation-bam:WQLH4A5,sprites,object-animation-bam,WQLH4A5,BAMC,V1,135,9,data/OBJAnim.bif,0x00200548,18023,09A7B0E14945251A9374E84ED85705D4EBCDE192A2D41D1DBC5F354DD56751F5,graphics/source/sprites/WQLH4A5.bam
supplemental:sprites:object-animation-bam:WQLH4A6,sprites,object-animation-bam,WQLH4A6,BAMC,V1,126,9,data/OBJAnim.bif,0x00200549,14862,A9A45B3418C19A4512E150DD48DA757DDEEAA5FB70363AFAC4FF6D4FBEE80127,graphics/source/sprites/WQLH4A6.bam
supplemental:sprites:object-animation-bam:WQLH4A7,sprites,object-animation-bam,WQLH4A7,BAMC,V1,135,9,data/OBJAnim.bif,0x0020054A,19034,D20FEEB08F86CE171F3CC9A4FE61C9CC69F52AF22B585C5A37E52B9A219A604D,graphics/source/sprites/WQLH4A7.bam
supplemental:sprites:object-animation-bam:WQLH4A8,sprites,object-animation-bam,WQLH4A8,BAMC,V1,135,9,data/OBJAnim.bif,0x0020054B,17459,791D50F42A987C0EAF2F6A95E54D1FC5CA3A17520D1E5BA5FBB09D8DBC052D2F,graphics/source/sprites/WQLH4A8.bam
supplemental:sprites:object-animation-bam:WQLH4A9,sprites,object-animation-bam,WQLH4A9,BAMC,V1,135,9,data/OBJAnim.bif,0x0020054C,18966,7D6D940ABE2B0BFA53E38B211BE60825EC76C480CD2F1443198D15F57327FD22,graphics/source/sprites/WQLH4A9.bam
supplemental:sprites:object-animation-bam:WQLH4CA,sprites,object-animation-bam,WQLH4CA,BAMC,V1,270,72,data/OBJAnim.bif,0x0020054D,32839,6C4C5A17489FDB9C93FB1AC647D165A9D1D1D1AA42418670DA97CEC2BD757574,graphics/source/sprites/WQLH4CA.bam
supplemental:sprites:object-animation-bam:WQLH4G1,sprites,object-animation-bam,WQLH4G1,BAMC,V1,846,99,data/OBJAnim.bif,0x0020054E,103230,FCD6D25E404C333A04E4CA7166C255DD69C04346D73F16EC6CAAC0775638DE23,graphics/source/sprites/WQLH4G1.bam
supplemental:sprites:object-animation-bam:WQLH4SA,sprites,object-animation-bam,WQLH4SA,BAMC,V1,126,9,data/OBJAnim.bif,0x0020054F,16929,CE6483EC6D951FCFC92CFC43B54079109754B2B19CCEA4026A4312C0CF4E163F,graphics/source/sprites/WQLH4SA.bam
supplemental:sprites:object-animation-bam:WQLH4SS,sprites,object-animation-bam,WQLH4SS,BAMC,V1,135,9,data/OBJAnim.bif,0x00200550,18974,1DA67697732D154CD6FCEF9E12E5DAFFF92A098C5B3F776C574B1FCFB2158B29,graphics/source/sprites/WQLH4SS.bam
supplemental:sprites:object-animation-bam:WQLH4SX,sprites,object-animation-bam,WQLH4SX,BAMC,V1,126,9,data/OBJAnim.bif,0x00200551,16722,D50863AF4C4AEFD6DD3AD30A496BB85542D3F8F20C96D9CFF13EC3B1F822732D,graphics/source/sprites/WQLH4SX.bam
supplemental:sprites:object-animation-bam:WQMH3A1,sprites,object-animation-bam,WQMH3A1,BAMC,V1,135,9,data/OBJAnim.bif,0x00200638,15374,84240B3B112E71B492A329C93DDB75BD5A62A37870929D1F5DC5FEE219251022,graphics/source/sprites/WQMH3A1.bam
supplemental:sprites:object-animation-bam:WQMH3A2,sprites,object-animation-bam,WQMH3A2,BAMC,V1,135,9,data/OBJAnim.bif,0x00200639,14607,18270A6387D42F481EE04EE8BB264C52D6532329050E0319D8477089E5D0223D,graphics/source/sprites/WQMH3A2.bam
supplemental:sprites:object-animation-bam:WQMH3A3,sprites,object-animation-bam,WQMH3A3,BAMC,V1,135,9,data/OBJAnim.bif,0x0020063A,15766,79EE082E61265C910749AB31034204325EE56EF57432C7BB16D0B1744856A971,graphics/source/sprites/WQMH3A3.bam
supplemental:sprites:object-animation-bam:WQMH3A4,sprites,object-animation-bam,WQMH3A4,BAMC,V1,135,9,data/OBJAnim.bif,0x0020063B,15420,21A39B3E6C81F2A528CBF3584752C8B6C2C85D923F51F861682282268C4551E9,graphics/source/sprites/WQMH3A4.bam
supplemental:sprites:object-animation-bam:WQMH3A5,sprites,object-animation-bam,WQMH3A5,BAMC,V1,135,9,data/OBJAnim.bif,0x0020063C,15087,817FAE3AB2FB090B2EDD18B742F573E279E17A7B251641E20F5864C47DB30E0D,graphics/source/sprites/WQMH3A5.bam
supplemental:sprites:object-animation-bam:WQMH3A6,sprites,object-animation-bam,WQMH3A6,BAMC,V1,126,9,data/OBJAnim.bif,0x0020063D,12694,1CDBC739852EBF419BEF03BBECC771981A2B19B5AB70AFE83C739FFA935E4386,graphics/source/sprites/WQMH3A6.bam
supplemental:sprites:object-animation-bam:WQMH3A7,sprites,object-animation-bam,WQMH3A7,BAMC,V1,135,9,data/OBJAnim.bif,0x0020063E,15764,1697072BDA403C8C448CA3B2392AFDF38EB69DD9B2244ABF6AB8B6AFBCB31C2B,graphics/source/sprites/WQMH3A7.bam
supplemental:sprites:object-animation-bam:WQMH3A8,sprites,object-animation-bam,WQMH3A8,BAMC,V1,135,9,data/OBJAnim.bif,0x0020063F,15203,BB807BB5EE46971CC2C04EBF954E0AFB5707FE1C5E1CA4649DD46D781CA8B237,graphics/source/sprites/WQMH3A8.bam
supplemental:sprites:object-animation-bam:WQMH3A9,sprites,object-animation-bam,WQMH3A9,BAMC,V1,135,9,data/OBJAnim.bif,0x00200640,15761,37243FCFBBD1755128929007DEE7691E7D2E4657671EFA0B93B1F5BF43F0696B,graphics/source/sprites/WQMH3A9.bam
supplemental:sprites:object-animation-bam:WQMH3CA,sprites,object-animation-bam,WQMH3CA,BAMC,V1,270,72,data/OBJAnim.bif,0x00200641,28448,767C6378EA1196A1066614BBF163D651B2D2823EAC820AE4D5B4C9027FE6B26D,graphics/source/sprites/WQMH3CA.bam
supplemental:sprites:object-animation-bam:WQMH3G1,sprites,object-animation-bam,WQMH3G1,BAMC,V1,846,99,data/OBJAnim.bif,0x00200642,81974,935AFEF467F00216FEE92DD113B753330BD7A59CCF8FE725573E57DE29847539,graphics/source/sprites/WQMH3G1.bam
supplemental:sprites:object-animation-bam:WQMH3SA,sprites,object-animation-bam,WQMH3SA,BAMC,V1,126,9,data/OBJAnim.bif,0x00200643,14306,9D532BBC6E8289BC5EED1445C491DB6525D2334AC3B73D462C663D9789C66F4F,graphics/source/sprites/WQMH3SA.bam
supplemental:sprites:object-animation-bam:WQMH3SS,sprites,object-animation-bam,WQMH3SS,BAMC,V1,135,9,data/OBJAnim.bif,0x00200644,15835,D5C3C561D957C6218EF6885D9E8F3D0A8909A123AFFDB326B0C197B84BBDC65E,graphics/source/sprites/WQMH3SS.bam
supplemental:sprites:object-animation-bam:WQMH3SX,sprites,object-animation-bam,WQMH3SX,BAMC,V1,126,9,data/OBJAnim.bif,0x00200645,14023,E36CA421817461FA278020A5EE5C5E5F1EFB856D489869DCFAF506933CC3BBD9,graphics/source/sprites/WQMH3SX.bam
supplemental:sprites:object-animation-bam:WQMH4A1,sprites,object-animation-bam,WQMH4A1,BAMC,V1,135,9,data/OBJAnim.bif,0x00200646,16674,97388A8BB4FD01FDD9359F379930595C1E3744EDA262F0668201BB74EEC0D891,graphics/source/sprites/WQMH4A1.bam
supplemental:sprites:object-animation-bam:WQMH4A2,sprites,object-animation-bam,WQMH4A2,BAMC,V1,135,9,data/OBJAnim.bif,0x00200647,15998,4896548235BA3F342AEA1A0F5D6874D059CCC40AABD35444F16CC5DBFACE8992,graphics/source/sprites/WQMH4A2.bam
supplemental:sprites:object-animation-bam:WQMH4A3,sprites,object-animation-bam,WQMH4A3,BAMC,V1,135,9,data/OBJAnim.bif,0x00200648,17370,A895289EC41FA066AB9B8477CA9D5005F3996849B649D4C499B53BDF38020A0B,graphics/source/sprites/WQMH4A3.bam
supplemental:sprites:object-animation-bam:WQMH4A4,sprites,object-animation-bam,WQMH4A4,BAMC,V1,135,9,data/OBJAnim.bif,0x00200649,17403,D8622E99921E7EB3BC4BB9587D20DC9F5F4634042C13F1F8307ACD9D76B897A3,graphics/source/sprites/WQMH4A4.bam
supplemental:sprites:object-animation-bam:WQMH4A5,sprites,object-animation-bam,WQMH4A5,BAMC,V1,135,9,data/OBJAnim.bif,0x0020064A,15913,046DC48AD8FC88952D8912CB7C06254319EAAA77FBE75AFE706834694C57185F,graphics/source/sprites/WQMH4A5.bam
supplemental:sprites:object-animation-bam:WQMH4A6,sprites,object-animation-bam,WQMH4A6,BAMC,V1,126,9,data/OBJAnim.bif,0x0020064B,13470,73033CF7661DEFFB943B1EA5BE2655DE5B036C4B52ABD800252CE9BBD28E75BB,graphics/source/sprites/WQMH4A6.bam
supplemental:sprites:object-animation-bam:WQMH4A7,sprites,object-animation-bam,WQMH4A7,BAMC,V1,135,9,data/OBJAnim.bif,0x0020064C,16678,C6E2F03503EDF6F044E52FFEC4F181EF6714643AB8AD75043F985AF5EC56277A,graphics/source/sprites/WQMH4A7.bam
supplemental:sprites:object-animation-bam:WQMH4A8,sprites,object-animation-bam,WQMH4A8,BAMC,V1,135,9,data/OBJAnim.bif,0x0020064D,16100,8FA28983320B18B98AB3C33681899DBA690956D509DFC19B7D0C5FEF4F436B5C,graphics/source/sprites/WQMH4A8.bam
supplemental:sprites:object-animation-bam:WQMH4A9,sprites,object-animation-bam,WQMH4A9,BAMC,V1,135,9,data/OBJAnim.bif,0x0020064E,16670,AA56541C5DE69D35B025A4A23806B41E603270B8312865F3BDC6C70E2150C05F,graphics/source/sprites/WQMH4A9.bam
supplemental:sprites:object-animation-bam:WQMH4CA,sprites,object-animation-bam,WQMH4CA,BAMC,V1,270,72,data/OBJAnim.bif,0x0020064F,30480,82F21FAAFF0B85F7EB025723DA50D644CDE150BF50B0501EDD26B03560AE7716,graphics/source/sprites/WQMH4CA.bam
supplemental:sprites:object-animation-bam:WQMH4G1,sprites,object-animation-bam,WQMH4G1,BAMC,V1,846,99,data/OBJAnim.bif,0x00200650,89674,AF4FCE217F341F7760A97A619F4AC9320E4EDEF08782635D0166215D94699DDF,graphics/source/sprites/WQMH4G1.bam
supplemental:sprites:object-animation-bam:WQMH4SA,sprites,object-animation-bam,WQMH4SA,BAMC,V1,126,9,data/OBJAnim.bif,0x00200651,15648,3632DBC6DC4106D91FDD5B1D7A65F89035DE36F5E4417DC09BC1788E2454EE7D,graphics/source/sprites/WQMH4SA.bam
supplemental:sprites:object-animation-bam:WQMH4SS,sprites,object-animation-bam,WQMH4SS,BAMC,V1,135,9,data/OBJAnim.bif,0x00200652,17375,31AA259675B32189744DD75408FC1593EED7071E1949D97F36284088994460B7,graphics/source/sprites/WQMH4SS.bam
supplemental:sprites:object-animation-bam:WQMH4SX,sprites,object-animation-bam,WQMH4SX,BAMC,V1,126,9,data/OBJAnim.bif,0x00200653,15514,9725DDE0F66E4C04B5ADC0FD99886B9E71DE4DC27736604E1417B8477ABA92B4,graphics/source/sprites/WQMH4SX.bam
supplemental:sprites:object-animation-bam:WQND0A1,sprites,object-animation-bam,WQND0A1,BAMC,V1,135,9,data/OBJAnim.bif,0x002006DB,19256,44E9025386405F503E6EA6968874A6123B952AED8E817D433D3D5CE17222AFDB,graphics/source/sprites/WQND0A1.bam
supplemental:sprites:object-animation-bam:WQND0A3,sprites,object-animation-bam,WQND0A3,BAMC,V1,135,9,data/OBJAnim.bif,0x002006DC,16885,A449FABB1B0DF224B4FFD949C3F2D0758D8A6B094596F49EE0B6BF0D7BD7E8C0,graphics/source/sprites/WQND0A3.bam
supplemental:sprites:object-animation-bam:WQND0A5,sprites,object-animation-bam,WQND0A5,BAMC,V1,135,9,data/OBJAnim.bif,0x002006DD,17201,AD0158B00C264911DAD7D6E117E96D10B0263458FB22D713EB71015615610EC3,graphics/source/sprites/WQND0A5.bam
supplemental:sprites:object-animation-bam:WQND0G1,sprites,object-animation-bam,WQND0G1,BAMC,V1,846,99,data/OBJAnim.bif,0x002006DE,94060,B1FD7019CC1BEA03D5B6F2E4AA5724BB25FA7A208DB4969FF8C3394342D5C7FD,graphics/source/sprites/WQND0G1.bam
supplemental:sprites:object-animation-bam:WQND0SS,sprites,object-animation-bam,WQND0SS,BAMC,V1,135,9,data/OBJAnim.bif,0x002006DF,18995,1916DDED2CC17362F1297A286D68689E8857B20D30D05677298D6970CAA05A84,graphics/source/sprites/WQND0SS.bam
supplemental:sprites:object-animation-bam:WQNH3A1,sprites,object-animation-bam,WQNH3A1,BAMC,V1,135,9,data/OBJAnim.bif,0x0020073F,18050,77BDE4C948007CD10D1DD6D8406BE4C8E920F80DA8B26853C29ED3A04DCED10A,graphics/source/sprites/WQNH3A1.bam
supplemental:sprites:object-animation-bam:WQNH3A2,sprites,object-animation-bam,WQNH3A2,BAMC,V1,135,9,data/OBJAnim.bif,0x00200740,17208,8AED023BE26D2FC75F2A47F9CEDFA6380B088D5D27F2DC6EA9A258754C108287,graphics/source/sprites/WQNH3A2.bam
supplemental:sprites:object-animation-bam:WQNH3A3,sprites,object-animation-bam,WQNH3A3,BAMC,V1,135,9,data/OBJAnim.bif,0x00200741,18534,B00BEBDA7D1734D98EAAF590E5AC07D8F19656A85BD349FDCDB7E8982470BED6,graphics/source/sprites/WQNH3A3.bam
supplemental:sprites:object-animation-bam:WQNH3A4,sprites,object-animation-bam,WQNH3A4,BAMC,V1,135,9,data/OBJAnim.bif,0x00200742,18032,CDA57D1BD9D262A6EB78980DF63369A4C1E1862D23D78E416088E44AA6D370EF,graphics/source/sprites/WQNH3A4.bam
supplemental:sprites:object-animation-bam:WQNH3A5,sprites,object-animation-bam,WQNH3A5,BAMC,V1,135,9,data/OBJAnim.bif,0x00200743,17890,7A764B0220F4F8DE0D3B80DFD1BDDE52C1E0F2A1661CE290D6B2CC1581DA68FC,graphics/source/sprites/WQNH3A5.bam
supplemental:sprites:object-animation-bam:WQNH3A6,sprites,object-animation-bam,WQNH3A6,BAMC,V1,126,9,data/OBJAnim.bif,0x00200744,14483,AF870472AD42E692DC9675D8366F896EB4E8E937895DF7BC2FB87550C68957D4,graphics/source/sprites/WQNH3A6.bam
supplemental:sprites:object-animation-bam:WQNH3A7,sprites,object-animation-bam,WQNH3A7,BAMC,V1,135,9,data/OBJAnim.bif,0x00200745,18318,58F2F88ED529820B0226C146CA312C9C75BAD62B99715D1EBDC10BC006774A37,graphics/source/sprites/WQNH3A7.bam
supplemental:sprites:object-animation-bam:WQNH3A8,sprites,object-animation-bam,WQNH3A8,BAMC,V1,135,9,data/OBJAnim.bif,0x00200746,17454,CDFC2BC432314EA1B0B1D8883A2E86DDF251C347452E441771528E1B8FD3E411,graphics/source/sprites/WQNH3A8.bam
supplemental:sprites:object-animation-bam:WQNH3A9,sprites,object-animation-bam,WQNH3A9,BAMC,V1,135,9,data/OBJAnim.bif,0x00200747,18313,BCE5EEC8E997D4A12B89FB5E85BF448ECB8D8FBDB617B6682D267F4F4F412635,graphics/source/sprites/WQNH3A9.bam
supplemental:sprites:object-animation-bam:WQNH3CA,sprites,object-animation-bam,WQNH3CA,BAMC,V1,270,72,data/OBJAnim.bif,0x00200748,32527,AE30E7D6008F7617E048D60DF26C5C6D953F94A8D8A68D29EFC1E07B22925CDE,graphics/source/sprites/WQNH3CA.bam
supplemental:sprites:object-animation-bam:WQNH3G1,sprites,object-animation-bam,WQNH3G1,BAMC,V1,846,99,data/OBJAnim.bif,0x00200749,94890,4B2F23EE23E58F55FE2B06B6A234E4C3A8B18E5EA1632E8834E7140DB332BFF0,graphics/source/sprites/WQNH3G1.bam
supplemental:sprites:object-animation-bam:WQNH3SA,sprites,object-animation-bam,WQNH3SA,BAMC,V1,126,9,data/OBJAnim.bif,0x0020074A,16770,BC21C5FC9A8BBE11A099277342413D28F1853C99D4CE2BF043219D716B16D8C2,graphics/source/sprites/WQNH3SA.bam
supplemental:sprites:object-animation-bam:WQNH3SS,sprites,object-animation-bam,WQNH3SS,BAMC,V1,135,9,data/OBJAnim.bif,0x0020074B,18288,D30AB39DD0587C680438983AFDA9D70E17C5FEC37FD42B887D54610505C11D87,graphics/source/sprites/WQNH3SS.bam
supplemental:sprites:object-animation-bam:WQNH3SX,sprites,object-animation-bam,WQNH3SX,BAMC,V1,126,9,data/OBJAnim.bif,0x0020074C,16339,A7995EE69375A8111883D7DDCA82FBE496E831BBCD996E736D7EDAD46EAD997A,graphics/source/sprites/WQNH3SX.bam
supplemental:sprites:object-animation-bam:WQNH4A1,sprites,object-animation-bam,WQNH4A1,BAMC,V1,135,9,data/OBJAnim.bif,0x0020074D,20208,5F1B29A0265A0E2CD3EECC765C05E19ECAD18E16C0CB23255300D098DEB159A4,graphics/source/sprites/WQNH4A1.bam
supplemental:sprites:object-animation-bam:WQNH4A2,sprites,object-animation-bam,WQNH4A2,BAMC,V1,135,9,data/OBJAnim.bif,0x0020074E,18381,7F24D16FCB4141154184ABF939913C1A5475067015765E05E39902572E96D926,graphics/source/sprites/WQNH4A2.bam
supplemental:sprites:object-animation-bam:WQNH4A3,sprites,object-animation-bam,WQNH4A3,BAMC,V1,135,9,data/OBJAnim.bif,0x0020074F,21246,A587889F5673D35F2B34086FDE71CB2783661ABF75C562C3FA780E09B0A600BE,graphics/source/sprites/WQNH4A3.bam
supplemental:sprites:object-animation-bam:WQNH4A4,sprites,object-animation-bam,WQNH4A4,BAMC,V1,135,9,data/OBJAnim.bif,0x00200750,20544,87C06C8DC688BE4A724333A30A87457849E55F69103415268C7C59D084CCB009,graphics/source/sprites/WQNH4A4.bam
supplemental:sprites:object-animation-bam:WQNH4A5,sprites,object-animation-bam,WQNH4A5,BAMC,V1,135,9,data/OBJAnim.bif,0x00200751,19501,C1C7FB591FD773DD0D61157FC361BEBC94789C921574E014321D5DB8C2415DB8,graphics/source/sprites/WQNH4A5.bam
supplemental:sprites:object-animation-bam:WQNH4A6,sprites,object-animation-bam,WQNH4A6,BAMC,V1,126,9,data/OBJAnim.bif,0x00200752,15983,6657D92ADE122FC0D5EC1F556557B130E2638A9ACB7576BFB31606D225CEE73B,graphics/source/sprites/WQNH4A6.bam
supplemental:sprites:object-animation-bam:WQNH4A7,sprites,object-animation-bam,WQNH4A7,BAMC,V1,135,9,data/OBJAnim.bif,0x00200753,21017,9FF32A65579C1EBC770B94FA59C9764BBF7DEBB82BC792F21FD359E416C97390,graphics/source/sprites/WQNH4A7.bam
supplemental:sprites:object-animation-bam:WQNH4A8,sprites,object-animation-bam,WQNH4A8,BAMC,V1,135,9,data/OBJAnim.bif,0x00200754,19232,4075174CC587C91F56FC318C1610A1B1A7231361EDD2878BE02D5FB2D1E33D73,graphics/source/sprites/WQNH4A8.bam
supplemental:sprites:object-animation-bam:WQNH4A9,sprites,object-animation-bam,WQNH4A9,BAMC,V1,135,9,data/OBJAnim.bif,0x00200755,21015,18ACC9E3F7FBA2CC167896C351F92B6DC4EF3CB866C110115763250B98CD10AD,graphics/source/sprites/WQNH4A9.bam
supplemental:sprites:object-animation-bam:WQNH4CA,sprites,object-animation-bam,WQNH4CA,BAMC,V1,270,72,data/OBJAnim.bif,0x00200756,35941,4B922C726EA0EF8C81B1CA4F836DEF4B4D2E6A3D4662648EC206768A83E7ADD8,graphics/source/sprites/WQNH4CA.bam
supplemental:sprites:object-animation-bam:WQNH4G1,sprites,object-animation-bam,WQNH4G1,BAMC,V1,846,99,data/OBJAnim.bif,0x00200757,108104,BBF101DD6AAA8D08A7E3810CF4D980CE5F9D85335917DDE7F55E92CE0C135B20,graphics/source/sprites/WQNH4G1.bam
supplemental:sprites:object-animation-bam:WQNH4SA,sprites,object-animation-bam,WQNH4SA,BAMC,V1,126,9,data/OBJAnim.bif,0x00200758,19060,C7877BA7A1980634D2DAAE105446789E691E50D155045C541106343295FD7761,graphics/source/sprites/WQNH4SA.bam
supplemental:sprites:object-animation-bam:WQNH4SS,sprites,object-animation-bam,WQNH4SS,BAMC,V1,135,9,data/OBJAnim.bif,0x00200759,20857,E6A84B2C1BA8115E5A22E37A21A8A8424B087118E065CAA1800E349F592D131E,graphics/source/sprites/WQNH4SS.bam
supplemental:sprites:object-animation-bam:WQNH4SX,sprites,object-animation-bam,WQNH4SX,BAMC,V1,126,9,data/OBJAnim.bif,0x0020075A,18774,0E69405020BE0CD16F61616CED3B0928D4761A94E2803395D991CDF03F3C7AFC,graphics/source/sprites/WQNH4SX.bam
supplemental:sprites:object-animation-bam:WQSH3A1,sprites,object-animation-bam,WQSH3A1,BAMC,V1,135,9,data/OBJAnim.bif,0x00200841,16829,0CE4CE89B912EA97204AEE008C3F47F61511DEDEC4D27E0A13FFA54A9ADED09A,graphics/source/sprites/WQSH3A1.bam
supplemental:sprites:object-animation-bam:WQSH3A2,sprites,object-animation-bam,WQSH3A2,BAMC,V1,135,9,data/OBJAnim.bif,0x00200842,15744,B08AA15B3DDD81CF7BD20974FFE5542A3DF49DCA066F37B847A91271DAD323F1,graphics/source/sprites/WQSH3A2.bam
supplemental:sprites:object-animation-bam:WQSH3A3,sprites,object-animation-bam,WQSH3A3,BAMC,V1,135,9,data/OBJAnim.bif,0x00200843,16818,C26B2D1B2306620A6E53A197C34BAFCA168D0AAB266DC0666CD495D3B95978CE,graphics/source/sprites/WQSH3A3.bam
supplemental:sprites:object-animation-bam:WQSH3A4,sprites,object-animation-bam,WQSH3A4,BAMC,V1,135,9,data/OBJAnim.bif,0x00200844,17195,3719F6EA49AF40DA122A1BA2629B5B4BA8EF2E5D87CE0526CBA66F18E81A2AAE,graphics/source/sprites/WQSH3A4.bam
supplemental:sprites:object-animation-bam:WQSH3A5,sprites,object-animation-bam,WQSH3A5,BAMC,V1,135,9,data/OBJAnim.bif,0x00200845,16868,E105C5D1F66183F42C6D750E6DDDAC26F54EFE5ABEAD805E1FC8DC35CC56532D,graphics/source/sprites/WQSH3A5.bam
supplemental:sprites:object-animation-bam:WQSH3A6,sprites,object-animation-bam,WQSH3A6,BAMC,V1,126,9,data/OBJAnim.bif,0x00200846,14134,F702F339FE4E59743B3DEFA3A4316270EE7CC3D1AF19CDD71CB71948C53FD7C8,graphics/source/sprites/WQSH3A6.bam
supplemental:sprites:object-animation-bam:WQSH3A7,sprites,object-animation-bam,WQSH3A7,BAMC,V1,135,9,data/OBJAnim.bif,0x00200847,17678,B6169733277258B6DF5DD368B6189F865BE734DEB6423A8FFD4DE40D77E0312B,graphics/source/sprites/WQSH3A7.bam
supplemental:sprites:object-animation-bam:WQSH3A8,sprites,object-animation-bam,WQSH3A8,BAMC,V1,135,9,data/OBJAnim.bif,0x00200848,16453,F1D4E552044F343A53C2AAD0BA73B520BFD07673B92A4C7C128FE7875BFAC148,graphics/source/sprites/WQSH3A8.bam
supplemental:sprites:object-animation-bam:WQSH3A9,sprites,object-animation-bam,WQSH3A9,BAMC,V1,135,9,data/OBJAnim.bif,0x00200849,17614,1C3B99CBBC525B63AAA823A84F0832A0AE987181CE782E70B93A7068014FBBC3,graphics/source/sprites/WQSH3A9.bam
supplemental:sprites:object-animation-bam:WQSH3CA,sprites,object-animation-bam,WQSH3CA,BAMC,V1,270,72,data/OBJAnim.bif,0x0020084A,32970,B88895F1935F6A9F52A772227FEA8C8803E55A45F215F196919BD5B3C42A7A82,graphics/source/sprites/WQSH3CA.bam
supplemental:sprites:object-animation-bam:WQSH3G1,sprites,object-animation-bam,WQSH3G1,BAMC,V1,846,99,data/OBJAnim.bif,0x0020084B,92451,695041DCB772E926287E13B8836616B10D8A8B086B2F187EE251F43CBF786E68,graphics/source/sprites/WQSH3G1.bam
supplemental:sprites:object-animation-bam:WQSH3SA,sprites,object-animation-bam,WQSH3SA,BAMC,V1,126,9,data/OBJAnim.bif,0x0020084C,15912,E1BE23C43F341D2B9800C8DED9259E6F376CFEF5E55F27785C9AD28DE93D63E5,graphics/source/sprites/WQSH3SA.bam
supplemental:sprites:object-animation-bam:WQSH3SS,sprites,object-animation-bam,WQSH3SS,BAMC,V1,135,9,data/OBJAnim.bif,0x0020084D,16791,53B59F249EB5A1071822FC4F2AB23D06F9D028D89BFEBAFCAE053B881803E6A0,graphics/source/sprites/WQSH3SS.bam
supplemental:sprites:object-animation-bam:WQSH3SX,sprites,object-animation-bam,WQSH3SX,BAMC,V1,126,9,data/OBJAnim.bif,0x0020084E,15659,FA67C0B1A1FCAEA61B9E34DAEB74F23ED3520AFDBC848EA13A581D7545C11CB0,graphics/source/sprites/WQSH3SX.bam
supplemental:sprites:object-animation-bam:WQSH4A1,sprites,object-animation-bam,WQSH4A1,BAMC,V1,135,9,data/OBJAnim.bif,0x0020084F,19470,55412A0E01AA28ECD0CB40CD63951D41F402CAFE2AC3295E19479A44FA208675,graphics/source/sprites/WQSH4A1.bam
supplemental:sprites:object-animation-bam:WQSH4A2,sprites,object-animation-bam,WQSH4A2,BAMC,V1,135,9,data/OBJAnim.bif,0x00200850,17230,DA5D9930F69C5008BF90E4D49483BCDDA3580710346A3E09D7EBD50B7A639DCF,graphics/source/sprites/WQSH4A2.bam
supplemental:sprites:object-animation-bam:WQSH4A3,sprites,object-animation-bam,WQSH4A3,BAMC,V1,135,9,data/OBJAnim.bif,0x00200851,19886,D655D8D4788331494773FE2D86E2DB56A74B6C5F6847E73621423D7E24690378,graphics/source/sprites/WQSH4A3.bam
supplemental:sprites:object-animation-bam:WQSH4A4,sprites,object-animation-bam,WQSH4A4,BAMC,V1,135,9,data/OBJAnim.bif,0x00200852,19662,3DF488FAD9361B88412F24A215A18A9B1C1BB9FFF294B90DB520CEF6A6006B92,graphics/source/sprites/WQSH4A4.bam
supplemental:sprites:object-animation-bam:WQSH4A5,sprites,object-animation-bam,WQSH4A5,BAMC,V1,135,9,data/OBJAnim.bif,0x00200853,18429,E384B1AFCBDCBFD4D6A02C5841D6D3F2083C1993FCAFAAA2C31C5CBFBE2004E6,graphics/source/sprites/WQSH4A5.bam
supplemental:sprites:object-animation-bam:WQSH4A6,sprites,object-animation-bam,WQSH4A6,BAMC,V1,126,9,data/OBJAnim.bif,0x00200854,15878,DB52385082976896333AD4D1C13CB0F06C9D6DE6B9E37BDFF4E13C839C35BCF1,graphics/source/sprites/WQSH4A6.bam
supplemental:sprites:object-animation-bam:WQSH4A7,sprites,object-animation-bam,WQSH4A7,BAMC,V1,135,9,data/OBJAnim.bif,0x00200855,19747,F72E6CD3E072F9E1770778179507F2323711A1824C417A4F8998C5A7B49857D2,graphics/source/sprites/WQSH4A7.bam
supplemental:sprites:object-animation-bam:WQSH4A8,sprites,object-animation-bam,WQSH4A8,BAMC,V1,135,9,data/OBJAnim.bif,0x00200856,18370,6B092C14F0096F4FB10116C45E5378662CEE5E596D38E47B5F861C4E5FB6B350,graphics/source/sprites/WQSH4A8.bam
supplemental:sprites:object-animation-bam:WQSH4A9,sprites,object-animation-bam,WQSH4A9,BAMC,V1,135,9,data/OBJAnim.bif,0x00200857,19655,D1D44522BFD8F0E44A5EA82C17BE4EA306D718C6E8D9A9C191C5E0E5E333BA23,graphics/source/sprites/WQSH4A9.bam
supplemental:sprites:object-animation-bam:WQSH4CA,sprites,object-animation-bam,WQSH4CA,BAMC,V1,270,72,data/OBJAnim.bif,0x00200858,36958,DBE071305312C903E1A2E27B18FC8B8DC45BDBA7F7D86ED15564D2C5590B58D8,graphics/source/sprites/WQSH4CA.bam
supplemental:sprites:object-animation-bam:WQSH4G1,sprites,object-animation-bam,WQSH4G1,BAMC,V1,846,99,data/OBJAnim.bif,0x00200859,107854,17D7BD3076CA1812C3754FBBC36520B3A9C0616D52465E753A7E238F72298EC0,graphics/source/sprites/WQSH4G1.bam
supplemental:sprites:object-animation-bam:WQSH4SA,sprites,object-animation-bam,WQSH4SA,BAMC,V1,126,9,data/OBJAnim.bif,0x0020085A,18577,6BDEB57B7E558CEB5A5942CC0B12DB1772F945B4057DF55F36B4B8085BAF3BCB,graphics/source/sprites/WQSH4SA.bam
supplemental:sprites:object-animation-bam:WQSH4SS,sprites,object-animation-bam,WQSH4SS,BAMC,V1,135,9,data/OBJAnim.bif,0x0020085B,19753,6E498779429DDB9D300FF231BDFCF46389221F8D2B11BD033D8FAEF5AAEDD075,graphics/source/sprites/WQSH4SS.bam
supplemental:sprites:object-animation-bam:WQSH4SX,sprites,object-animation-bam,WQSH4SX,BAMC,V1,126,9,data/OBJAnim.bif,0x0020085C,18795,9E2CFECEB743F09987E43C5563D5C9BAF95D7C401D6C156D62BEB5ED1CF55EE2,graphics/source/sprites/WQSH4SX.bam
supplemental:effects:misc-animation-bam:WTRBODY2,effects,misc-animation-bam,WTRBODY2,BAMC,V1,10,5,data/MISCAnim.bif,0x013000FF,5636,DAE5F7E52D5FC97721EBBE57FEEBC53A761DF81CF7343CA3610899D55F11C6A6,graphics/source/effects/WTRBODY2.bam
supplemental:effects:misc-animation-bam:WTRDROP1,effects,misc-animation-bam,WTRDROP1,BAMC,V1,7,1,data/MISCAnim.bif,0x01300100,10160,D311DF1F02BD29075654334D48D653E7B6E90D44E8A7FA1AECFF6FDBC6A1AE8C,graphics/source/effects/WTRDROP1.bam
