-- Selecting Windows SDK version 10.0.19041.0 to target Windows 10.0.26200.
-- The C compiler identification is MSVC 19.29.30158.0
-- The CXX compiler identification is MSVC 19.29.30158.0
-- Detecting C compiler ABI info
-- Detecting C compiler ABI info - done
-- Check for working C compiler: C:/Program Files (x86)/Microsoft Visual Studio/2019/BuildTools/VC/Tools/MSVC/14.29.30133/bin/Hostx64/x64/cl.exe - skipped
-- Detecting C compile features
-- Detecting C compile features - done
-- Detecting CXX compiler ABI info
-- Detecting CXX compiler ABI info - done
-- Check for working CXX compiler: C:/Program Files (x86)/Microsoft Visual Studio/2019/BuildTools/VC/Tools/MSVC/14.29.30133/bin/Hostx64/x64/cl.exe - skipped
-- Detecting CXX compile features
-- Detecting CXX compile features - done
-- Build spdlog: 1.15.3
-- Performing Test CMAKE_HAVE_LIBC_PTHREAD
-- Performing Test CMAKE_HAVE_LIBC_PTHREAD - Failed
-- Looking for pthread_create in pthreads
-- Looking for pthread_create in pthreads - not found
-- Looking for pthread_create in pthread
-- Looking for pthread_create in pthread - not found
-- Found Threads: TRUE
-- Build type: 
-- Looking for _fwrite_nolock
-- Looking for _fwrite_nolock - found
-- Looking for sys/types.h
-- Looking for sys/types.h - found
-- Looking for stdint.h
-- Looking for stdint.h - found
-- Looking for stddef.h
-- Looking for stddef.h - found
-- Check size of off64_t
-- Check size of off64_t - failed
-- Looking for fseeko
-- Looking for fseeko - not found
-- Looking for stdarg.h
-- Looking for stdarg.h - found
-- Looking for unistd.h
-- Looking for unistd.h - not found
-- Performing Test HAVE___ATTR__VIS_HIDDEN
-- Performing Test HAVE___ATTR__VIS_HIDDEN - Failed
-- InfinityEngine-Enhancer version: 0.0.0-dev
CMake Deprecation Warning at G:/AI/BG2_Upscale/engine/InfinityEngine-Enhancer/source-patchee/build-vs2019-30fps-multicycle/_deps/minhook-src/CMakeLists.txt:27 (cmake_minimum_required):
  Compatibility with CMake < 3.10 will be removed from a future version of
  CMake.

  Update the VERSION argument <min> value.  Or, use the <min>...<max> syntax
  to tell CMake that the project requires at least <min> but has been updated
  to work with policies introduced by <max> or earlier.


-- Found Python3: C:\Users\Adrien\AppData\Roaming\chaiNNer\python\python\python.exe (found version "3.11.5") found components: Interpreter
-- Configuring done (10.5s)
-- Generating done (0.2s)
-- Build files have been written to: G:/AI/BG2_Upscale/sprite/.work/q3m-monster-layered-full-x2-20261004-v1/runtime-build
Microsoft (R) Build Engine version 16.11.2+f32259642 pour .NET Framework
Copyright (C) Microsoft Corporation. Tous droits réservés.

  1>Checking Build System
  Building Custom Rule G:/AI/BG2_Upscale/engine/InfinityEngine-Enhancer/source-patchee/build-vs2019-30fps-multicycle/_deps/spdlog-src/CMakeLists.txt
  Building Custom Rule G:/AI/BG2_Upscale/engine/InfinityEngine-Enhancer/source-patchee/build-vs2019-30fps-multicycle/_deps/minhook-src/CMakeLists.txt
  Building Custom Rule G:/AI/BG2_Upscale/engine/InfinityEngine-Enhancer/source-patchee/build-vs2019-30fps-multicycle/_deps/zlib-src/CMakeLists.txt
  buffer.c
  spdlog.cpp
  adler32.c
  compress.c
  crc32.c
  deflate.c
  gzclose.c
  gzlib.c
  gzread.c
  gzwrite.c
  hook.c
  inflate.c
  infback.c
  inftrees.c
  inffast.c
  trees.c
  uncompr.c
  zutil.c
  Génération de code en cours...
  trampoline.c
  hde64.c
  Génération de code en cours...
  minhook.vcxproj -> G:\AI\BG2_Upscale\sprite\.work\q3m-monster-layered-full-x2-20261004-v1\runtime-build\_deps\minhook-build\Release\minhook.x64.lib
  zlibstatic.vcxproj -> G:\AI\BG2_Upscale\sprite\.work\q3m-monster-layered-full-x2-20261004-v1\runtime-build\_deps\zlib-build\Release\zs.lib
  stdout_sinks.cpp
  color_sinks.cpp
  file_sinks.cpp
  async.cpp
  cfg.cpp
  bundled_fmtlib_format.cpp
  Génération de code en cours...
  spdlog.vcxproj -> G:\AI\BG2_Upscale\sprite\.work\q3m-monster-layered-full-x2-20261004-v1\runtime-build\_deps\spdlog-build\Release\spdlog.lib
  Building Custom Rule G:/AI/BG2_Upscale/sprite/.work/q3m-monster-layered-full-x2-20261004-v1/runtime-src/CMakeLists.txt
  area_animation_clock_probe.cpp
  area_animation_timeline.cpp
  cache_budget_simulator.cpp
  config.cpp
  creature_sprite_filter_math.cpp
  shader_suite_config.cpp
  shader_suite_math.cpp
  logger.cpp
  map_page_shadow.cpp
  map_page_prepare_queue.cpp
  map_page_preload_policy.cpp
  map_texture_telemetry.cpp
  map_view_burst_telemetry.cpp
  native_occlusion_probe.cpp
  pattern_scanner.cpp
G:\AI\BG2_Upscale\engine\InfinityEngine-Enhancer\source-patchee\build-vs2019-30fps-multicycle\_deps\spdlog-src\include\spdlog/fmt/bundled/base.h(1670,18): warning C4459: la déclaration de 'formattable' masque la déclaration globale [G:\AI\BG2_Upscale\sprite\.work\q3m-monster-layered-full-x2-20261004-v1\runtime-build\iee_common.vcxproj]
G:\AI\BG2_Upscale\engine\InfinityEngine-Enhancer\source-patchee\build-vs2019-30fps-multicycle\_deps\spdlog-src\include\spdlog/fmt/bundled/base.h(2779,9): message : voir la déclaration de 'fmt::v11::formattable' [G:\AI\BG2_Upscale\sprite\.work\q3m-monster-layered-full-x2-20261004-v1\runtime-build\iee_common.vcxproj]
G:\AI\BG2_Upscale\engine\InfinityEngine-Enhancer\source-patchee\build-vs2019-30fps-multicycle\_deps\spdlog-src\include\spdlog/fmt/bundled/base.h(1693): message : voir la référence à l'instanciation de la fonction modèle 'const Char *fmt::v11::detail::invoke_parse<std::string_view&,Char>(fmt::v11::parse_context<Char> &)' en cours de compilation [G:\AI\BG2_Upscale\sprite\.work\q3m-monster-layered-full-x2-20261004-v1\runtime-build\iee_common.vcxproj]
          with
          [
              Char=char
          ]
G:\AI\BG2_Upscale\engine\InfinityEngine-Enhancer\source-patchee\build-vs2019-30fps-multicycle\_deps\spdlog-src\include\spdlog/fmt/bundled/base.h(2731): message : voir la référence à l'instanciation de la fonction modèle 'fmt::v11::detail::format_string_checker<char,1,0,false>::format_string_checker<std::string_view&>(fmt::v11::basic_string_view<char>,fmt::v11::detail::arg_pack<std::string_view &>)' en cours de compilation [G:\AI\BG2_Upscale\sprite\.work\q3m-monster-layered-full-x2-20261004-v1\runtime-build\iee_common.vcxproj]
G:\AI\BG2_Upscale\engine\InfinityEngine-Enhancer\source-patchee\build-vs2019-30fps-multicycle\_deps\spdlog-src\include\spdlog/fmt/bundled/base.h(2736): message : voir la référence à l'instanciation de la fonction modèle 'fmt::v11::detail::format_string_checker<char,1,0,false>::format_string_checker<std::string_view&>(fmt::v11::basic_string_view<char>,fmt::v11::detail::arg_pack<std::string_view &>)' en cours de compilation [G:\AI\BG2_Upscale\sprite\.work\q3m-monster-layered-full-x2-20261004-v1\runtime-build\iee_common.vcxproj]
G:\AI\BG2_Upscale\sprite\.work\q3m-monster-layered-full-x2-20261004-v1\runtime-src\src\iee\core\pattern_scanner.cpp(166): message : voir la référence à l'instanciation de la fonction modèle 'fmt::v11::fstring<std::string_view &>::fstring<34>(const char (&)[34])' en cours de compilation [G:\AI\BG2_Upscale\sprite\.work\q3m-monster-layered-full-x2-20261004-v1\runtime-build\iee_common.vcxproj]
G:\AI\BG2_Upscale\engine\InfinityEngine-Enhancer\source-patchee\build-vs2019-30fps-multicycle\_deps\spdlog-src\include\spdlog/fmt/bundled/base.h(1719,20): message : durant l'évaluation de la fonction constexpr 'fmt::v11::detail::format_string_checker<char,1,0,false>::on_format_specs' [G:\AI\BG2_Upscale\sprite\.work\q3m-monster-layered-full-x2-20261004-v1\runtime-build\iee_common.vcxproj]
G:\AI\BG2_Upscale\engine\InfinityEngine-Enhancer\source-patchee\build-vs2019-30fps-multicycle\_deps\spdlog-src\include\spdlog/fmt/bundled/base.h(1595,33): message : durant l'évaluation de la fonction constexpr 'fmt::v11::detail::format_string_checker<char,1,0,false>::on_replacement_field' [G:\AI\BG2_Upscale\sprite\.work\q3m-monster-layered-full-x2-20261004-v1\runtime-build\iee_common.vcxproj]
G:\AI\BG2_Upscale\engine\InfinityEngine-Enhancer\source-patchee\build-vs2019-30fps-multicycle\_deps\spdlog-src\include\spdlog/fmt/bundled/base.h(1638,42): message : durant l'évaluation de la fonction constexpr 'fmt::v11::detail::parse_replacement_field' [G:\AI\BG2_Upscale\sprite\.work\q3m-monster-layered-full-x2-20261004-v1\runtime-build\iee_common.vcxproj]
G:\AI\BG2_Upscale\engine\InfinityEngine-Enhancer\source-patchee\build-vs2019-30fps-multicycle\_deps\spdlog-src\include\spdlog/fmt/bundled/base.h(2736,53): message : durant l'évaluation de la fonction constexpr 'fmt::v11::detail::parse_format_string' [G:\AI\BG2_Upscale\sprite\.work\q3m-monster-layered-full-x2-20261004-v1\runtime-build\iee_common.vcxproj]
  process_resource_telemetry.cpp
  sprite_p4_probe.cpp
G:\AI\BG2_Upscale\engine\InfinityEngine-Enhancer\source-patchee\build-vs2019-30fps-multicycle\_deps\spdlog-src\include\spdlog/fmt/bundled/base.h(1670,18): warning C4459: la déclaration de 'formattable' masque la déclaration globale [G:\AI\BG2_Upscale\sprite\.work\q3m-monster-layered-full-x2-20261004-v1\runtime-build\iee_common.vcxproj]
G:\AI\BG2_Upscale\engine\InfinityEngine-Enhancer\source-patchee\build-vs2019-30fps-multicycle\_deps\spdlog-src\include\spdlog/fmt/bundled/base.h(2779,9): message : voir la déclaration de 'fmt::v11::formattable' [G:\AI\BG2_Upscale\sprite\.work\q3m-monster-layered-full-x2-20261004-v1\runtime-build\iee_common.vcxproj]
G:\AI\BG2_Upscale\engine\InfinityEngine-Enhancer\source-patchee\build-vs2019-30fps-multicycle\_deps\spdlog-src\include\spdlog/fmt/bundled/base.h(1693): message : voir la référence à l'instanciation de la fonction modèle 'const Char *fmt::v11::detail::invoke_parse<const uint64_t&,Char>(fmt::v11::parse_context<Char> &)' en cours de compilation [G:\AI\BG2_Upscale\sprite\.work\q3m-monster-layered-full-x2-20261004-v1\runtime-build\iee_common.vcxproj]
          with
          [
              Char=char
          ]
G:\AI\BG2_Upscale\engine\InfinityEngine-Enhancer\source-patchee\build-vs2019-30fps-multicycle\_deps\spdlog-src\include\spdlog/fmt/bundled/base.h(2731): message : voir la référence à l'instanciation de la fonction modèle 'fmt::v11::detail::format_string_checker<char,2,0,false>::format_string_checker<const uint64_t&,std::string>(fmt::v11::basic_string_view<char>,fmt::v11::detail::arg_pack<const uint64_t &,std::string>)' en cours de compilation [G:\AI\BG2_Upscale\sprite\.work\q3m-monster-layered-full-x2-20261004-v1\runtime-build\iee_common.vcxproj]
G:\AI\BG2_Upscale\engine\InfinityEngine-Enhancer\source-patchee\build-vs2019-30fps-multicycle\_deps\spdlog-src\include\spdlog/fmt/bundled/base.h(2736): message : voir la référence à l'instanciation de la fonction modèle 'fmt::v11::detail::format_string_checker<char,2,0,false>::format_string_checker<const uint64_t&,std::string>(fmt::v11::basic_string_view<char>,fmt::v11::detail::arg_pack<const uint64_t &,std::string>)' en cours de compilation [G:\AI\BG2_Upscale\sprite\.work\q3m-monster-layered-full-x2-20261004-v1\runtime-build\iee_common.vcxproj]
G:\AI\BG2_Upscale\sprite\.work\q3m-monster-layered-full-x2-20261004-v1\runtime-src\src\iee\core\sprite_p4_probe.cpp(148): message : voir la référence à l'instanciation de la fonction modèle 'fmt::v11::fstring<const uint64_t &,std::string>::fstring<70>(const char (&)[70])' en cours de compilation [G:\AI\BG2_Upscale\sprite\.work\q3m-monster-layered-full-x2-20261004-v1\runtime-build\iee_common.vcxproj]
G:\AI\BG2_Upscale\engine\InfinityEngine-Enhancer\source-patchee\build-vs2019-30fps-multicycle\_deps\spdlog-src\include\spdlog/fmt/bundled/base.h(1719,20): message : durant l'évaluation de la fonction constexpr 'fmt::v11::detail::format_string_checker<char,2,0,false>::on_format_specs' [G:\AI\BG2_Upscale\sprite\.work\q3m-monster-layered-full-x2-20261004-v1\runtime-build\iee_common.vcxproj]
G:\AI\BG2_Upscale\engine\InfinityEngine-Enhancer\source-patchee\build-vs2019-30fps-multicycle\_deps\spdlog-src\include\spdlog/fmt/bundled/base.h(1595,33): message : durant l'évaluation de la fonction constexpr 'fmt::v11::detail::format_string_checker<char,2,0,false>::on_replacement_field' [G:\AI\BG2_Upscale\sprite\.work\q3m-monster-layered-full-x2-20261004-v1\runtime-build\iee_common.vcxproj]
G:\AI\BG2_Upscale\engine\InfinityEngine-Enhancer\source-patchee\build-vs2019-30fps-multicycle\_deps\spdlog-src\include\spdlog/fmt/bundled/base.h(1638,42): message : durant l'évaluation de la fonction constexpr 'fmt::v11::detail::parse_replacement_field' [G:\AI\BG2_Upscale\sprite\.work\q3m-monster-layered-full-x2-20261004-v1\runtime-build\iee_common.vcxproj]
G:\AI\BG2_Upscale\engine\InfinityEngine-Enhancer\source-patchee\build-vs2019-30fps-multicycle\_deps\spdlog-src\include\spdlog/fmt/bundled/base.h(2736,53): message : durant l'évaluation de la fonction constexpr 'fmt::v11::detail::parse_format_string' [G:\AI\BG2_Upscale\sprite\.work\q3m-monster-layered-full-x2-20261004-v1\runtime-build\iee_common.vcxproj]
  pvr_demand_telemetry.cpp
  creature_sprite_filter.cpp
  shader_suite.cpp
  Génération de code en cours...
  Compilation en cours...
  area_texture.cpp
  build_manifest.cpp
  dds_texture.cpp
  game_addrs.cpp
G:\AI\BG2_Upscale\engine\InfinityEngine-Enhancer\source-patchee\build-vs2019-30fps-multicycle\_deps\spdlog-src\include\spdlog/fmt/bundled/base.h(1670,18): warning C4459: la déclaration de 'formattable' masque la déclaration globale [G:\AI\BG2_Upscale\sprite\.work\q3m-monster-layered-full-x2-20261004-v1\runtime-build\iee_common.vcxproj]
G:\AI\BG2_Upscale\engine\InfinityEngine-Enhancer\source-patchee\build-vs2019-30fps-multicycle\_deps\spdlog-src\include\spdlog/fmt/bundled/base.h(2779,9): message : voir la déclaration de 'fmt::v11::formattable' [G:\AI\BG2_Upscale\sprite\.work\q3m-monster-layered-full-x2-20261004-v1\runtime-build\iee_common.vcxproj]
G:\AI\BG2_Upscale\engine\InfinityEngine-Enhancer\source-patchee\build-vs2019-30fps-multicycle\_deps\spdlog-src\include\spdlog/fmt/bundled/base.h(1693): message : voir la référence à l'instanciation de la fonction modèle 'const Char *fmt::v11::detail::invoke_parse<const uintptr_t&,Char>(fmt::v11::parse_context<Char> &)' en cours de compilation [G:\AI\BG2_Upscale\sprite\.work\q3m-monster-layered-full-x2-20261004-v1\runtime-build\iee_common.vcxproj]
          with
          [
              Char=char
          ]
G:\AI\BG2_Upscale\engine\InfinityEngine-Enhancer\source-patchee\build-vs2019-30fps-multicycle\_deps\spdlog-src\include\spdlog/fmt/bundled/base.h(2731): message : voir la référence à l'instanciation de la fonction modèle 'fmt::v11::detail::format_string_checker<char,2,0,false>::format_string_checker<const uintptr_t&,size_t&>(fmt::v11::basic_string_view<char>,fmt::v11::detail::arg_pack<const uintptr_t &,size_t &>)' en cours de compilation [G:\AI\BG2_Upscale\sprite\.work\q3m-monster-layered-full-x2-20261004-v1\runtime-build\iee_common.vcxproj]
G:\AI\BG2_Upscale\engine\InfinityEngine-Enhancer\source-patchee\build-vs2019-30fps-multicycle\_deps\spdlog-src\include\spdlog/fmt/bundled/base.h(2736): message : voir la référence à l'instanciation de la fonction modèle 'fmt::v11::detail::format_string_checker<char,2,0,false>::format_string_checker<const uintptr_t&,size_t&>(fmt::v11::basic_string_view<char>,fmt::v11::detail::arg_pack<const uintptr_t &,size_t &>)' en cours de compilation [G:\AI\BG2_Upscale\sprite\.work\q3m-monster-layered-full-x2-20261004-v1\runtime-build\iee_common.vcxproj]
G:\AI\BG2_Upscale\sprite\.work\q3m-monster-layered-full-x2-20261004-v1\runtime-src\src\iee\game\game_addrs.cpp(25): message : voir la référence à l'instanciation de la fonction modèle 'fmt::v11::fstring<const uintptr_t &,size_t &>::fstring<42>(const char (&)[42])' en cours de compilation [G:\AI\BG2_Upscale\sprite\.work\q3m-monster-layered-full-x2-20261004-v1\runtime-build\iee_common.vcxproj]
G:\AI\BG2_Upscale\engine\InfinityEngine-Enhancer\source-patchee\build-vs2019-30fps-multicycle\_deps\spdlog-src\include\spdlog/fmt/bundled/base.h(1623,34): message : durant l'évaluation de la fonction constexpr 'fmt::v11::detail::format_string_checker<char,2,0,false>::on_format_specs' [G:\AI\BG2_Upscale\sprite\.work\q3m-monster-layered-full-x2-20261004-v1\runtime-build\iee_common.vcxproj]
G:\AI\BG2_Upscale\engine\InfinityEngine-Enhancer\source-patchee\build-vs2019-30fps-multicycle\_deps\spdlog-src\include\spdlog/fmt/bundled/base.h(1638,42): message : durant l'évaluation de la fonction constexpr 'fmt::v11::detail::parse_replacement_field' [G:\AI\BG2_Upscale\sprite\.work\q3m-monster-layered-full-x2-20261004-v1\runtime-build\iee_common.vcxproj]
G:\AI\BG2_Upscale\engine\InfinityEngine-Enhancer\source-patchee\build-vs2019-30fps-multicycle\_deps\spdlog-src\include\spdlog/fmt/bundled/base.h(2736,53): message : durant l'évaluation de la fonction constexpr 'fmt::v11::detail::parse_format_string' [G:\AI\BG2_Upscale\sprite\.work\q3m-monster-layered-full-x2-20261004-v1\runtime-build\iee_common.vcxproj]
  resref_runtime.cpp
  shader_override.cpp
  tile_liquid.cpp
  tile_upscale.cpp
  tis_palette.cpp
  tis_runtime.cpp
  wed_runtime.cpp
  Génération de code en cours...
  iee_common.vcxproj -> G:\AI\BG2_Upscale\sprite\.work\q3m-monster-layered-full-x2-20261004-v1\runtime-build\Release\iee_common.lib
  Generating generated/iee/water_route2_registry.generated.h
  Building Custom Rule G:/AI/BG2_Upscale/sprite/.work/q3m-monster-layered-full-x2-20261004-v1/runtime-src/CMakeLists.txt
  am0205e_animation_x4_test.cpp
G:\AI\BG2_Upscale\engine\InfinityEngine-Enhancer\source-patchee\build-vs2019-30fps-multicycle\_deps\spdlog-src\include\spdlog/fmt/bundled/base.h(1670,18): warning C4459: la déclaration de 'formattable' masque la déclaration globale [G:\AI\BG2_Upscale\sprite\.work\q3m-monster-layered-full-x2-20261004-v1\runtime-build\InfinityEngine-Enhancer.vcxproj]
G:\AI\BG2_Upscale\engine\InfinityEngine-Enhancer\source-patchee\build-vs2019-30fps-multicycle\_deps\spdlog-src\include\spdlog/fmt/bundled/base.h(2779,9): message : voir la déclaration de 'fmt::v11::formattable' [G:\AI\BG2_Upscale\sprite\.work\q3m-monster-layered-full-x2-20261004-v1\runtime-build\InfinityEngine-Enhancer.vcxproj]
G:\AI\BG2_Upscale\engine\InfinityEngine-Enhancer\source-patchee\build-vs2019-30fps-multicycle\_deps\spdlog-src\include\spdlog/fmt/bundled/base.h(1693): message : voir la référence à l'instanciation de la fonction modèle 'const Char *fmt::v11::detail::invoke_parse<std::string,Char>(fmt::v11::parse_context<Char> &)' en cours de compilation [G:\AI\BG2_Upscale\sprite\.work\q3m-monster-layered-full-x2-20261004-v1\runtime-build\InfinityEngine-Enhancer.vcxproj]
          with
          [
              Char=char
          ]
G:\AI\BG2_Upscale\engine\InfinityEngine-Enhancer\source-patchee\build-vs2019-30fps-multicycle\_deps\spdlog-src\include\spdlog/fmt/bundled/base.h(2731): message : voir la référence à l'instanciation de la fonction modèle 'fmt::v11::detail::format_string_checker<char,1,0,false>::format_string_checker<std::string>(fmt::v11::basic_string_view<char>,fmt::v11::detail::arg_pack<std::string>)' en cours de compilation [G:\AI\BG2_Upscale\sprite\.work\q3m-monster-layered-full-x2-20261004-v1\runtime-build\InfinityEngine-Enhancer.vcxproj]
G:\AI\BG2_Upscale\engine\InfinityEngine-Enhancer\source-patchee\build-vs2019-30fps-multicycle\_deps\spdlog-src\include\spdlog/fmt/bundled/base.h(2736): message : voir la référence à l'instanciation de la fonction modèle 'fmt::v11::detail::format_string_checker<char,1,0,false>::format_string_checker<std::string>(fmt::v11::basic_string_view<char>,fmt::v11::detail::arg_pack<std::string>)' en cours de compilation [G:\AI\BG2_Upscale\sprite\.work\q3m-monster-layered-full-x2-20261004-v1\runtime-build\InfinityEngine-Enhancer.vcxproj]
G:\AI\BG2_Upscale\sprite\.work\q3m-monster-layered-full-x2-20261004-v1\runtime-src\src\iee\am0205e_animation_x4_test.cpp(230): message : voir la référence à l'instanciation de la fonction modèle 'fmt::v11::fstring<std::string>::fstring<36>(const char (&)[36])' en cours de compilation [G:\AI\BG2_Upscale\sprite\.work\q3m-monster-layered-full-x2-20261004-v1\runtime-build\InfinityEngine-Enhancer.vcxproj]
G:\AI\BG2_Upscale\engine\InfinityEngine-Enhancer\source-patchee\build-vs2019-30fps-multicycle\_deps\spdlog-src\include\spdlog/fmt/bundled/base.h(1719,20): message : durant l'évaluation de la fonction constexpr 'fmt::v11::detail::format_string_checker<char,1,0,false>::on_format_specs' [G:\AI\BG2_Upscale\sprite\.work\q3m-monster-layered-full-x2-20261004-v1\runtime-build\InfinityEngine-Enhancer.vcxproj]
G:\AI\BG2_Upscale\engine\InfinityEngine-Enhancer\source-patchee\build-vs2019-30fps-multicycle\_deps\spdlog-src\include\spdlog/fmt/bundled/base.h(1595,33): message : durant l'évaluation de la fonction constexpr 'fmt::v11::detail::format_string_checker<char,1,0,false>::on_replacement_field' [G:\AI\BG2_Upscale\sprite\.work\q3m-monster-layered-full-x2-20261004-v1\runtime-build\InfinityEngine-Enhancer.vcxproj]
G:\AI\BG2_Upscale\engine\InfinityEngine-Enhancer\source-patchee\build-vs2019-30fps-multicycle\_deps\spdlog-src\include\spdlog/fmt/bundled/base.h(1638,42): message : durant l'évaluation de la fonction constexpr 'fmt::v11::detail::parse_replacement_field' [G:\AI\BG2_Upscale\sprite\.work\q3m-monster-layered-full-x2-20261004-v1\runtime-build\InfinityEngine-Enhancer.vcxproj]
G:\AI\BG2_Upscale\engine\InfinityEngine-Enhancer\source-patchee\build-vs2019-30fps-multicycle\_deps\spdlog-src\include\spdlog/fmt/bundled/base.h(2736,53): message : durant l'évaluation de la fonction constexpr 'fmt::v11::detail::parse_format_string' [G:\AI\BG2_Upscale\sprite\.work\q3m-monster-layered-full-x2-20261004-v1\runtime-build\InfinityEngine-Enhancer.vcxproj]
  am0700a_animation_x4_test.cpp
G:\AI\BG2_Upscale\engine\InfinityEngine-Enhancer\source-patchee\build-vs2019-30fps-multicycle\_deps\spdlog-src\include\spdlog/fmt/bundled/base.h(1670,18): warning C4459: la déclaration de 'formattable' masque la déclaration globale [G:\AI\BG2_Upscale\sprite\.work\q3m-monster-layered-full-x2-20261004-v1\runtime-build\InfinityEngine-Enhancer.vcxproj]
G:\AI\BG2_Upscale\engine\InfinityEngine-Enhancer\source-patchee\build-vs2019-30fps-multicycle\_deps\spdlog-src\include\spdlog/fmt/bundled/base.h(2779,9): message : voir la déclaration de 'fmt::v11::formattable' [G:\AI\BG2_Upscale\sprite\.work\q3m-monster-layered-full-x2-20261004-v1\runtime-build\InfinityEngine-Enhancer.vcxproj]
G:\AI\BG2_Upscale\engine\InfinityEngine-Enhancer\source-patchee\build-vs2019-30fps-multicycle\_deps\spdlog-src\include\spdlog/fmt/bundled/base.h(1693): message : voir la référence à l'instanciation de la fonction modèle 'const Char *fmt::v11::detail::invoke_parse<std::string,Char>(fmt::v11::parse_context<Char> &)' en cours de compilation [G:\AI\BG2_Upscale\sprite\.work\q3m-monster-layered-full-x2-20261004-v1\runtime-build\InfinityEngine-Enhancer.vcxproj]
          with
          [
              Char=char
          ]
G:\AI\BG2_Upscale\engine\InfinityEngine-Enhancer\source-patchee\build-vs2019-30fps-multicycle\_deps\spdlog-src\include\spdlog/fmt/bundled/base.h(2731): message : voir la référence à l'instanciation de la fonction modèle 'fmt::v11::detail::format_string_checker<char,1,0,false>::format_string_checker<std::string>(fmt::v11::basic_string_view<char>,fmt::v11::detail::arg_pack<std::string>)' en cours de compilation [G:\AI\BG2_Upscale\sprite\.work\q3m-monster-layered-full-x2-20261004-v1\runtime-build\InfinityEngine-Enhancer.vcxproj]
G:\AI\BG2_Upscale\engine\InfinityEngine-Enhancer\source-patchee\build-vs2019-30fps-multicycle\_deps\spdlog-src\include\spdlog/fmt/bundled/base.h(2736): message : voir la référence à l'instanciation de la fonction modèle 'fmt::v11::detail::format_string_checker<char,1,0,false>::format_string_checker<std::string>(fmt::v11::basic_string_view<char>,fmt::v11::detail::arg_pack<std::string>)' en cours de compilation [G:\AI\BG2_Upscale\sprite\.work\q3m-monster-layered-full-x2-20261004-v1\runtime-build\InfinityEngine-Enhancer.vcxproj]
G:\AI\BG2_Upscale\sprite\.work\q3m-monster-layered-full-x2-20261004-v1\runtime-src\src\iee\am0700a_animation_x4_test.cpp(97): message : voir la référence à l'instanciation de la fonction modèle 'fmt::v11::fstring<std::string>::fstring<36>(const char (&)[36])' en cours de compilation [G:\AI\BG2_Upscale\sprite\.work\q3m-monster-layered-full-x2-20261004-v1\runtime-build\InfinityEngine-Enhancer.vcxproj]
G:\AI\BG2_Upscale\engine\InfinityEngine-Enhancer\source-patchee\build-vs2019-30fps-multicycle\_deps\spdlog-src\include\spdlog/fmt/bundled/base.h(1719,20): message : durant l'évaluation de la fonction constexpr 'fmt::v11::detail::format_string_checker<char,1,0,false>::on_format_specs' [G:\AI\BG2_Upscale\sprite\.work\q3m-monster-layered-full-x2-20261004-v1\runtime-build\InfinityEngine-Enhancer.vcxproj]
G:\AI\BG2_Upscale\engine\InfinityEngine-Enhancer\source-patchee\build-vs2019-30fps-multicycle\_deps\spdlog-src\include\spdlog/fmt/bundled/base.h(1595,33): message : durant l'évaluation de la fonction constexpr 'fmt::v11::detail::format_string_checker<char,1,0,false>::on_replacement_field' [G:\AI\BG2_Upscale\sprite\.work\q3m-monster-layered-full-x2-20261004-v1\runtime-build\InfinityEngine-Enhancer.vcxproj]
G:\AI\BG2_Upscale\engine\InfinityEngine-Enhancer\source-patchee\build-vs2019-30fps-multicycle\_deps\spdlog-src\include\spdlog/fmt/bundled/base.h(1638,42): message : durant l'évaluation de la fonction constexpr 'fmt::v11::detail::parse_replacement_field' [G:\AI\BG2_Upscale\sprite\.work\q3m-monster-layered-full-x2-20261004-v1\runtime-build\InfinityEngine-Enhancer.vcxproj]
G:\AI\BG2_Upscale\engine\InfinityEngine-Enhancer\source-patchee\build-vs2019-30fps-multicycle\_deps\spdlog-src\include\spdlog/fmt/bundled/base.h(2736,53): message : durant l'évaluation de la fonction constexpr 'fmt::v11::detail::parse_format_string' [G:\AI\BG2_Upscale\sprite\.work\q3m-monster-layered-full-x2-20261004-v1\runtime-build\InfinityEngine-Enhancer.vcxproj]
  am3000a_frame_x4_test.cpp
G:\AI\BG2_Upscale\engine\InfinityEngine-Enhancer\source-patchee\build-vs2019-30fps-multicycle\_deps\spdlog-src\include\spdlog/fmt/bundled/base.h(1670,18): warning C4459: la déclaration de 'formattable' masque la déclaration globale [G:\AI\BG2_Upscale\sprite\.work\q3m-monster-layered-full-x2-20261004-v1\runtime-build\InfinityEngine-Enhancer.vcxproj]
G:\AI\BG2_Upscale\engine\InfinityEngine-Enhancer\source-patchee\build-vs2019-30fps-multicycle\_deps\spdlog-src\include\spdlog/fmt/bundled/base.h(2779,9): message : voir la déclaration de 'fmt::v11::formattable' [G:\AI\BG2_Upscale\sprite\.work\q3m-monster-layered-full-x2-20261004-v1\runtime-build\InfinityEngine-Enhancer.vcxproj]
G:\AI\BG2_Upscale\engine\InfinityEngine-Enhancer\source-patchee\build-vs2019-30fps-multicycle\_deps\spdlog-src\include\spdlog/fmt/bundled/base.h(1693): message : voir la référence à l'instanciation de la fonction modèle 'const Char *fmt::v11::detail::invoke_parse<std::string,Char>(fmt::v11::parse_context<Char> &)' en cours de compilation [G:\AI\BG2_Upscale\sprite\.work\q3m-monster-layered-full-x2-20261004-v1\runtime-build\InfinityEngine-Enhancer.vcxproj]
          with
          [
              Char=char
          ]
G:\AI\BG2_Upscale\engine\InfinityEngine-Enhancer\source-patchee\build-vs2019-30fps-multicycle\_deps\spdlog-src\include\spdlog/fmt/bundled/base.h(2731): message : voir la référence à l'instanciation de la fonction modèle 'fmt::v11::detail::format_string_checker<char,1,0,false>::format_string_checker<std::string>(fmt::v11::basic_string_view<char>,fmt::v11::detail::arg_pack<std::string>)' en cours de compilation [G:\AI\BG2_Upscale\sprite\.work\q3m-monster-layered-full-x2-20261004-v1\runtime-build\InfinityEngine-Enhancer.vcxproj]
G:\AI\BG2_Upscale\engine\InfinityEngine-Enhancer\source-patchee\build-vs2019-30fps-multicycle\_deps\spdlog-src\include\spdlog/fmt/bundled/base.h(2736): message : voir la référence à l'instanciation de la fonction modèle 'fmt::v11::detail::format_string_checker<char,1,0,false>::format_string_checker<std::string>(fmt::v11::basic_string_view<char>,fmt::v11::detail::arg_pack<std::string>)' en cours de compilation [G:\AI\BG2_Upscale\sprite\.work\q3m-monster-layered-full-x2-20261004-v1\runtime-build\InfinityEngine-Enhancer.vcxproj]
G:\AI\BG2_Upscale\sprite\.work\q3m-monster-layered-full-x2-20261004-v1\runtime-src\src\iee\am3000a_frame_x4_test.cpp(34): message : voir la référence à l'instanciation de la fonction modèle 'fmt::v11::fstring<std::string>::fstring<36>(const char (&)[36])' en cours de compilation [G:\AI\BG2_Upscale\sprite\.work\q3m-monster-layered-full-x2-20261004-v1\runtime-build\InfinityEngine-Enhancer.vcxproj]
G:\AI\BG2_Upscale\engine\InfinityEngine-Enhancer\source-patchee\build-vs2019-30fps-multicycle\_deps\spdlog-src\include\spdlog/fmt/bundled/base.h(1719,20): message : durant l'évaluation de la fonction constexpr 'fmt::v11::detail::format_string_checker<char,1,0,false>::on_format_specs' [G:\AI\BG2_Upscale\sprite\.work\q3m-monster-layered-full-x2-20261004-v1\runtime-build\InfinityEngine-Enhancer.vcxproj]
G:\AI\BG2_Upscale\engine\InfinityEngine-Enhancer\source-patchee\build-vs2019-30fps-multicycle\_deps\spdlog-src\include\spdlog/fmt/bundled/base.h(1595,33): message : durant l'évaluation de la fonction constexpr 'fmt::v11::detail::format_string_checker<char,1,0,false>::on_replacement_field' [G:\AI\BG2_Upscale\sprite\.work\q3m-monster-layered-full-x2-20261004-v1\runtime-build\InfinityEngine-Enhancer.vcxproj]
G:\AI\BG2_Upscale\engine\InfinityEngine-Enhancer\source-patchee\build-vs2019-30fps-multicycle\_deps\spdlog-src\include\spdlog/fmt/bundled/base.h(1638,42): message : durant l'évaluation de la fonction constexpr 'fmt::v11::detail::parse_replacement_field' [G:\AI\BG2_Upscale\sprite\.work\q3m-monster-layered-full-x2-20261004-v1\runtime-build\InfinityEngine-Enhancer.vcxproj]
G:\AI\BG2_Upscale\engine\InfinityEngine-Enhancer\source-patchee\build-vs2019-30fps-multicycle\_deps\spdlog-src\include\spdlog/fmt/bundled/base.h(2736,53): message : durant l'évaluation de la fonction constexpr 'fmt::v11::detail::parse_format_string' [G:\AI\BG2_Upscale\sprite\.work\q3m-monster-layered-full-x2-20261004-v1\runtime-build\InfinityEngine-Enhancer.vcxproj]
  area_animation_clock_diagnostics.cpp
G:\AI\BG2_Upscale\engine\InfinityEngine-Enhancer\source-patchee\build-vs2019-30fps-multicycle\_deps\spdlog-src\include\spdlog/fmt/bundled/base.h(1670,18): warning C4459: la déclaration de 'formattable' masque la déclaration globale [G:\AI\BG2_Upscale\sprite\.work\q3m-monster-layered-full-x2-20261004-v1\runtime-build\InfinityEngine-Enhancer.vcxproj]
G:\AI\BG2_Upscale\engine\InfinityEngine-Enhancer\source-patchee\build-vs2019-30fps-multicycle\_deps\spdlog-src\include\spdlog/fmt/bundled/base.h(2779,9): message : voir la déclaration de 'fmt::v11::formattable' [G:\AI\BG2_Upscale\sprite\.work\q3m-monster-layered-full-x2-20261004-v1\runtime-build\InfinityEngine-Enhancer.vcxproj]
G:\AI\BG2_Upscale\engine\InfinityEngine-Enhancer\source-patchee\build-vs2019-30fps-multicycle\_deps\spdlog-src\include\spdlog/fmt/bundled/base.h(1693): message : voir la référence à l'instanciation de la fonction modèle 'const Char *fmt::v11::detail::invoke_parse<const char*&,Char>(fmt::v11::parse_context<Char> &)' en cours de compilation [G:\AI\BG2_Upscale\sprite\.work\q3m-monster-layered-full-x2-20261004-v1\runtime-build\InfinityEngine-Enhancer.vcxproj]
          with
          [
              Char=char
          ]
G:\AI\BG2_Upscale\engine\InfinityEngine-Enhancer\source-patchee\build-vs2019-30fps-multicycle\_deps\spdlog-src\include\spdlog/fmt/bundled/base.h(2731): message : voir la référence à l'instanciation de la fonction modèle 'fmt::v11::detail::format_string_checker<char,27,0,false>::format_string_checker<const char*&,const uint64_t&,std::string,const int&,const uint64_t&,const uint64_t&,const uint64_t&,const uint64_t&,const uint64_t&,const double&,const uint32_t&,const uint32_t&,const double&,double,double,const uint64_t&,const uint64_t&,const uint64_t&,const uint64_t&,const uint64_t&,const uint64_t&,const uint64_t&,const uint64_t&,const uint64_t&,const uint64_t&,const uint64_t&,const uint64_t&>(fmt::v11::basic_string_view<char>,fmt::v11::detail::arg_pack<const char *&,const uint64_t &,std::string,const int &,const uint64_t &,const uint64_t &,const uint64_t &,const uint64_t &,const uint64_t &,const double &,const uint32_t &,const uint32_t &,const double &,double,double,const uint64_t &,const uint64_t &,const uint64_t &,const uint64_t &,const uint64_t &,const uint64_t &,const uint64_t &,const uint64_t &,const uint64_t &,const uint64_t &,const uint64_t &,const uint64_t &>)' en cours de compilation [G:\AI\BG2_Upscale\sprite\.work\q3m-monster-layered-full-x2-20261004-v1\runtime-build\InfinityEngine-Enhancer.vcxproj]
G:\AI\BG2_Upscale\engine\InfinityEngine-Enhancer\source-patchee\build-vs2019-30fps-multicycle\_deps\spdlog-src\include\spdlog/fmt/bundled/base.h(2736): message : voir la référence à l'instanciation de la fonction modèle 'fmt::v11::detail::format_string_checker<char,27,0,false>::format_string_checker<const char*&,const uint64_t&,std::string,const int&,const uint64_t&,const uint64_t&,const uint64_t&,const uint64_t&,const uint64_t&,const double&,const uint32_t&,const uint32_t&,const double&,double,double,const uint64_t&,const uint64_t&,const uint64_t&,const uint64_t&,const uint64_t&,const uint64_t&,const uint64_t&,const uint64_t&,const uint64_t&,const uint64_t&,const uint64_t&,const uint64_t&>(fmt::v11::basic_string_view<char>,fmt::v11::detail::arg_pack<const char *&,const uint64_t &,std::string,const int &,const uint64_t &,const uint64_t &,const uint64_t &,const uint64_t &,const uint64_t &,const double &,const uint32_t &,const uint32_t &,const double &,double,double,const uint64_t &,const uint64_t &,const uint64_t &,const uint64_t &,const uint64_t &,const uint64_t &,const uint64_t &,const uint64_t &,const uint64_t &,const uint64_t &,const uint64_t &,const uint64_t &>)' en cours de compilation [G:\AI\BG2_Upscale\sprite\.work\q3m-monster-layered-full-x2-20261004-v1\runtime-build\InfinityEngine-Enhancer.vcxproj]
G:\AI\BG2_Upscale\sprite\.work\q3m-monster-layered-full-x2-20261004-v1\runtime-src\src\iee\area_animation_clock_diagnostics.cpp(65): message : voir la référence à l'instanciation de la fonction modèle 'fmt::v11::fstring<const char *&,const uint64_t &,std::string,const int &,const uint64_t &,const uint64_t &,const uint64_t &,const uint64_t &,const uint64_t &,const double &,const uint32_t &,const uint32_t &,const double &,double,double,const uint64_t &,const uint64_t &,const uint64_t &,const uint64_t &,const uint64_t &,const uint64_t &,const uint64_t &,const uint64_t &,const uint64_t &,const uint64_t &,const uint64_t &,const uint64_t &>::fstring<372>(const char (&)[372])' en cours de compilation [G:\AI\BG2_Upscale\sprite\.work\q3m-monster-layered-full-x2-20261004-v1\runtime-build\InfinityEngine-Enhancer.vcxproj]
G:\AI\BG2_Upscale\engine\InfinityEngine-Enhancer\source-patchee\build-vs2019-30fps-multicycle\_deps\spdlog-src\include\spdlog/fmt/bundled/base.h(1719,20): message : durant l'évaluation de la fonction constexpr 'fmt::v11::detail::format_string_checker<char,27,0,false>::on_format_specs' [G:\AI\BG2_Upscale\sprite\.work\q3m-monster-layered-full-x2-20261004-v1\runtime-build\InfinityEngine-Enhancer.vcxproj]
G:\AI\BG2_Upscale\engine\InfinityEngine-Enhancer\source-patchee\build-vs2019-30fps-multicycle\_deps\spdlog-src\include\spdlog/fmt/bundled/base.h(1595,33): message : durant l'évaluation de la fonction constexpr 'fmt::v11::detail::format_string_checker<char,27,0,false>::on_replacement_field' [G:\AI\BG2_Upscale\sprite\.work\q3m-monster-layered-full-x2-20261004-v1\runtime-build\InfinityEngine-Enhancer.vcxproj]
G:\AI\BG2_Upscale\engine\InfinityEngine-Enhancer\source-patchee\build-vs2019-30fps-multicycle\_deps\spdlog-src\include\spdlog/fmt/bundled/base.h(1638,42): message : durant l'évaluation de la fonction constexpr 'fmt::v11::detail::parse_replacement_field' [G:\AI\BG2_Upscale\sprite\.work\q3m-monster-layered-full-x2-20261004-v1\runtime-build\InfinityEngine-Enhancer.vcxproj]
G:\AI\BG2_Upscale\engine\InfinityEngine-Enhancer\source-patchee\build-vs2019-30fps-multicycle\_deps\spdlog-src\include\spdlog/fmt/bundled/base.h(2736,53): message : durant l'évaluation de la fonction constexpr 'fmt::v11::detail::parse_format_string' [G:\AI\BG2_Upscale\sprite\.work\q3m-monster-layered-full-x2-20261004-v1\runtime-build\InfinityEngine-Enhancer.vcxproj]
  area_animation_x4_registry.cpp
G:\AI\BG2_Upscale\engine\InfinityEngine-Enhancer\source-patchee\build-vs2019-30fps-multicycle\_deps\spdlog-src\include\spdlog/fmt/bundled/base.h(1670,18): warning C4459: la déclaration de 'formattable' masque la déclaration globale [G:\AI\BG2_Upscale\sprite\.work\q3m-monster-layered-full-x2-20261004-v1\runtime-build\InfinityEngine-Enhancer.vcxproj]
G:\AI\BG2_Upscale\engine\InfinityEngine-Enhancer\source-patchee\build-vs2019-30fps-multicycle\_deps\spdlog-src\include\spdlog/fmt/bundled/base.h(2779,9): message : voir la déclaration de 'fmt::v11::formattable' [G:\AI\BG2_Upscale\sprite\.work\q3m-monster-layered-full-x2-20261004-v1\runtime-build\InfinityEngine-Enhancer.vcxproj]
G:\AI\BG2_Upscale\engine\InfinityEngine-Enhancer\source-patchee\build-vs2019-30fps-multicycle\_deps\spdlog-src\include\spdlog/fmt/bundled/base.h(1693): message : voir la référence à l'instanciation de la fonction modèle 'const Char *fmt::v11::detail::invoke_parse<const size_t&,Char>(fmt::v11::parse_context<Char> &)' en cours de compilation [G:\AI\BG2_Upscale\sprite\.work\q3m-monster-layered-full-x2-20261004-v1\runtime-build\InfinityEngine-Enhancer.vcxproj]
          with
          [
              Char=char
          ]
G:\AI\BG2_Upscale\engine\InfinityEngine-Enhancer\source-patchee\build-vs2019-30fps-multicycle\_deps\spdlog-src\include\spdlog/fmt/bundled/base.h(2731): message : voir la référence à l'instanciation de la fonction modèle 'fmt::v11::detail::format_string_checker<char,1,0,false>::format_string_checker<const size_t&>(fmt::v11::basic_string_view<char>,fmt::v11::detail::arg_pack<const size_t &>)' en cours de compilation [G:\AI\BG2_Upscale\sprite\.work\q3m-monster-layered-full-x2-20261004-v1\runtime-build\InfinityEngine-Enhancer.vcxproj]
G:\AI\BG2_Upscale\engine\InfinityEngine-Enhancer\source-patchee\build-vs2019-30fps-multicycle\_deps\spdlog-src\include\spdlog/fmt/bundled/base.h(2736): message : voir la référence à l'instanciation de la fonction modèle 'fmt::v11::detail::format_string_checker<char,1,0,false>::format_string_checker<const size_t&>(fmt::v11::basic_string_view<char>,fmt::v11::detail::arg_pack<const size_t &>)' en cours de compilation [G:\AI\BG2_Upscale\sprite\.work\q3m-monster-layered-full-x2-20261004-v1\runtime-build\InfinityEngine-Enhancer.vcxproj]
G:\AI\BG2_Upscale\sprite\.work\q3m-monster-layered-full-x2-20261004-v1\runtime-src\src\iee\area_animation_x4_registry.cpp(308): message : voir la référence à l'instanciation de la fonction modèle 'fmt::v11::fstring<const size_t &>::fstring<99>(const char (&)[99])' en cours de compilation [G:\AI\BG2_Upscale\sprite\.work\q3m-monster-layered-full-x2-20261004-v1\runtime-build\InfinityEngine-Enhancer.vcxproj]
G:\AI\BG2_Upscale\engine\InfinityEngine-Enhancer\source-patchee\build-vs2019-30fps-multicycle\_deps\spdlog-src\include\spdlog/fmt/bundled/base.h(1719,20): message : durant l'évaluation de la fonction constexpr 'fmt::v11::detail::format_string_checker<char,1,0,false>::on_format_specs' [G:\AI\BG2_Upscale\sprite\.work\q3m-monster-layered-full-x2-20261004-v1\runtime-build\InfinityEngine-Enhancer.vcxproj]
G:\AI\BG2_Upscale\engine\InfinityEngine-Enhancer\source-patchee\build-vs2019-30fps-multicycle\_deps\spdlog-src\include\spdlog/fmt/bundled/base.h(1595,33): message : durant l'évaluation de la fonction constexpr 'fmt::v11::detail::format_string_checker<char,1,0,false>::on_replacement_field' [G:\AI\BG2_Upscale\sprite\.work\q3m-monster-layered-full-x2-20261004-v1\runtime-build\InfinityEngine-Enhancer.vcxproj]
G:\AI\BG2_Upscale\engine\InfinityEngine-Enhancer\source-patchee\build-vs2019-30fps-multicycle\_deps\spdlog-src\include\spdlog/fmt/bundled/base.h(1638,42): message : durant l'évaluation de la fonction constexpr 'fmt::v11::detail::parse_replacement_field' [G:\AI\BG2_Upscale\sprite\.work\q3m-monster-layered-full-x2-20261004-v1\runtime-build\InfinityEngine-Enhancer.vcxproj]
G:\AI\BG2_Upscale\engine\InfinityEngine-Enhancer\source-patchee\build-vs2019-30fps-multicycle\_deps\spdlog-src\include\spdlog/fmt/bundled/base.h(2736,53): message : durant l'évaluation de la fonction constexpr 'fmt::v11::detail::parse_format_string' [G:\AI\BG2_Upscale\sprite\.work\q3m-monster-layered-full-x2-20261004-v1\runtime-build\InfinityEngine-Enhancer.vcxproj]
  area_state.cpp
G:\AI\BG2_Upscale\engine\InfinityEngine-Enhancer\source-patchee\build-vs2019-30fps-multicycle\_deps\spdlog-src\include\spdlog/fmt/bundled/base.h(1670,18): warning C4459: la déclaration de 'formattable' masque la déclaration globale [G:\AI\BG2_Upscale\sprite\.work\q3m-monster-layered-full-x2-20261004-v1\runtime-build\InfinityEngine-Enhancer.vcxproj]
G:\AI\BG2_Upscale\engine\InfinityEngine-Enhancer\source-patchee\build-vs2019-30fps-multicycle\_deps\spdlog-src\include\spdlog/fmt/bundled/base.h(2779,9): message : voir la déclaration de 'fmt::v11::formattable' [G:\AI\BG2_Upscale\sprite\.work\q3m-monster-layered-full-x2-20261004-v1\runtime-build\InfinityEngine-Enhancer.vcxproj]
G:\AI\BG2_Upscale\engine\InfinityEngine-Enhancer\source-patchee\build-vs2019-30fps-multicycle\_deps\spdlog-src\include\spdlog/fmt/bundled/base.h(1693): message : voir la référence à l'instanciation de la fonction modèle 'const Char *fmt::v11::detail::invoke_parse<std::string_view,Char>(fmt::v11::parse_context<Char> &)' en cours de compilation [G:\AI\BG2_Upscale\sprite\.work\q3m-monster-layered-full-x2-20261004-v1\runtime-build\InfinityEngine-Enhancer.vcxproj]
          with
          [
              Char=char
          ]
G:\AI\BG2_Upscale\engine\InfinityEngine-Enhancer\source-patchee\build-vs2019-30fps-multicycle\_deps\spdlog-src\include\spdlog/fmt/bundled/base.h(2731): message : voir la référence à l'instanciation de la fonction modèle 'fmt::v11::detail::format_string_checker<char,4,0,false>::format_string_checker<std::string_view,const unsigned int&,const int&,const int&>(fmt::v11::basic_string_view<char>,fmt::v11::detail::arg_pack<std::string_view,const unsigned int &,const int &,const int &>)' en cours de compilation [G:\AI\BG2_Upscale\sprite\.work\q3m-monster-layered-full-x2-20261004-v1\runtime-build\InfinityEngine-Enhancer.vcxproj]
G:\AI\BG2_Upscale\engine\InfinityEngine-Enhancer\source-patchee\build-vs2019-30fps-multicycle\_deps\spdlog-src\include\spdlog/fmt/bundled/base.h(2736): message : voir la référence à l'instanciation de la fonction modèle 'fmt::v11::detail::format_string_checker<char,4,0,false>::format_string_checker<std::string_view,const unsigned int&,const int&,const int&>(fmt::v11::basic_string_view<char>,fmt::v11::detail::arg_pack<std::string_view,const unsigned int &,const int &,const int &>)' en cours de compilation [G:\AI\BG2_Upscale\sprite\.work\q3m-monster-layered-full-x2-20261004-v1\runtime-build\InfinityEngine-Enhancer.vcxproj]
G:\AI\BG2_Upscale\sprite\.work\q3m-monster-layered-full-x2-20261004-v1\runtime-src\src\iee\area_state.cpp(238): message : voir la référence à l'instanciation de la fonction modèle 'fmt::v11::fstring<std::string_view,const unsigned int &,const int &,const int &>::fstring<60>(const char (&)[60])' en cours de compilation [G:\AI\BG2_Upscale\sprite\.work\q3m-monster-layered-full-x2-20261004-v1\runtime-build\InfinityEngine-Enhancer.vcxproj]
G:\AI\BG2_Upscale\engine\InfinityEngine-Enhancer\source-patchee\build-vs2019-30fps-multicycle\_deps\spdlog-src\include\spdlog/fmt/bundled/base.h(1719,20): message : durant l'évaluation de la fonction constexpr 'fmt::v11::detail::format_string_checker<char,4,0,false>::on_format_specs' [G:\AI\BG2_Upscale\sprite\.work\q3m-monster-layered-full-x2-20261004-v1\runtime-build\InfinityEngine-Enhancer.vcxproj]
G:\AI\BG2_Upscale\engine\InfinityEngine-Enhancer\source-patchee\build-vs2019-30fps-multicycle\_deps\spdlog-src\include\spdlog/fmt/bundled/base.h(1595,33): message : durant l'évaluation de la fonction constexpr 'fmt::v11::detail::format_string_checker<char,4,0,false>::on_replacement_field' [G:\AI\BG2_Upscale\sprite\.work\q3m-monster-layered-full-x2-20261004-v1\runtime-build\InfinityEngine-Enhancer.vcxproj]
G:\AI\BG2_Upscale\engine\InfinityEngine-Enhancer\source-patchee\build-vs2019-30fps-multicycle\_deps\spdlog-src\include\spdlog/fmt/bundled/base.h(1638,42): message : durant l'évaluation de la fonction constexpr 'fmt::v11::detail::parse_replacement_field' [G:\AI\BG2_Upscale\sprite\.work\q3m-monster-layered-full-x2-20261004-v1\runtime-build\InfinityEngine-Enhancer.vcxproj]
G:\AI\BG2_Upscale\engine\InfinityEngine-Enhancer\source-patchee\build-vs2019-30fps-multicycle\_deps\spdlog-src\include\spdlog/fmt/bundled/base.h(2736,53): message : durant l'évaluation de la fonction constexpr 'fmt::v11::detail::parse_format_string' [G:\AI\BG2_Upscale\sprite\.work\q3m-monster-layered-full-x2-20261004-v1\runtime-build\InfinityEngine-Enhancer.vcxproj]
  biglogo_ui_upscale.cpp
G:\AI\BG2_Upscale\engine\InfinityEngine-Enhancer\source-patchee\build-vs2019-30fps-multicycle\_deps\spdlog-src\include\spdlog/fmt/bundled/base.h(1670,18): warning C4459: la déclaration de 'formattable' masque la déclaration globale [G:\AI\BG2_Upscale\sprite\.work\q3m-monster-layered-full-x2-20261004-v1\runtime-build\InfinityEngine-Enhancer.vcxproj]
G:\AI\BG2_Upscale\engine\InfinityEngine-Enhancer\source-patchee\build-vs2019-30fps-multicycle\_deps\spdlog-src\include\spdlog/fmt/bundled/base.h(2779,9): message : voir la déclaration de 'fmt::v11::formattable' [G:\AI\BG2_Upscale\sprite\.work\q3m-monster-layered-full-x2-20261004-v1\runtime-build\InfinityEngine-Enhancer.vcxproj]
G:\AI\BG2_Upscale\engine\InfinityEngine-Enhancer\source-patchee\build-vs2019-30fps-multicycle\_deps\spdlog-src\include\spdlog/fmt/bundled/base.h(1693): message : voir la référence à l'instanciation de la fonction modèle 'const Char *fmt::v11::detail::invoke_parse<int&,Char>(fmt::v11::parse_context<Char> &)' en cours de compilation [G:\AI\BG2_Upscale\sprite\.work\q3m-monster-layered-full-x2-20261004-v1\runtime-build\InfinityEngine-Enhancer.vcxproj]
          with
          [
              Char=char
          ]
G:\AI\BG2_Upscale\engine\InfinityEngine-Enhancer\source-patchee\build-vs2019-30fps-multicycle\_deps\spdlog-src\include\spdlog/fmt/bundled/base.h(2731): message : voir la référence à l'instanciation de la fonction modèle 'fmt::v11::detail::format_string_checker<char,1,0,false>::format_string_checker<int&>(fmt::v11::basic_string_view<char>,fmt::v11::detail::arg_pack<int &>)' en cours de compilation [G:\AI\BG2_Upscale\sprite\.work\q3m-monster-layered-full-x2-20261004-v1\runtime-build\InfinityEngine-Enhancer.vcxproj]
G:\AI\BG2_Upscale\engine\InfinityEngine-Enhancer\source-patchee\build-vs2019-30fps-multicycle\_deps\spdlog-src\include\spdlog/fmt/bundled/base.h(2736): message : voir la référence à l'instanciation de la fonction modèle 'fmt::v11::detail::format_string_checker<char,1,0,false>::format_string_checker<int&>(fmt::v11::basic_string_view<char>,fmt::v11::detail::arg_pack<int &>)' en cours de compilation [G:\AI\BG2_Upscale\sprite\.work\q3m-monster-layered-full-x2-20261004-v1\runtime-build\InfinityEngine-Enhancer.vcxproj]
G:\AI\BG2_Upscale\sprite\.work\q3m-monster-layered-full-x2-20261004-v1\runtime-src\src\iee\biglogo_ui_upscale.cpp(91): message : voir la référence à l'instanciation de la fonction modèle 'fmt::v11::fstring<int &>::fstring<57>(const char (&)[57])' en cours de compilation [G:\AI\BG2_Upscale\sprite\.work\q3m-monster-layered-full-x2-20261004-v1\runtime-build\InfinityEngine-Enhancer.vcxproj]
G:\AI\BG2_Upscale\engine\InfinityEngine-Enhancer\source-patchee\build-vs2019-30fps-multicycle\_deps\spdlog-src\include\spdlog/fmt/bundled/base.h(1719,20): message : durant l'évaluation de la fonction constexpr 'fmt::v11::detail::format_string_checker<char,1,0,false>::on_format_specs' [G:\AI\BG2_Upscale\sprite\.work\q3m-monster-layered-full-x2-20261004-v1\runtime-build\InfinityEngine-Enhancer.vcxproj]
G:\AI\BG2_Upscale\engine\InfinityEngine-Enhancer\source-patchee\build-vs2019-30fps-multicycle\_deps\spdlog-src\include\spdlog/fmt/bundled/base.h(1595,33): message : durant l'évaluation de la fonction constexpr 'fmt::v11::detail::format_string_checker<char,1,0,false>::on_replacement_field' [G:\AI\BG2_Upscale\sprite\.work\q3m-monster-layered-full-x2-20261004-v1\runtime-build\InfinityEngine-Enhancer.vcxproj]
G:\AI\BG2_Upscale\engine\InfinityEngine-Enhancer\source-patchee\build-vs2019-30fps-multicycle\_deps\spdlog-src\include\spdlog/fmt/bundled/base.h(1638,42): message : durant l'évaluation de la fonction constexpr 'fmt::v11::detail::parse_replacement_field' [G:\AI\BG2_Upscale\sprite\.work\q3m-monster-layered-full-x2-20261004-v1\runtime-build\InfinityEngine-Enhancer.vcxproj]
G:\AI\BG2_Upscale\engine\InfinityEngine-Enhancer\source-patchee\build-vs2019-30fps-multicycle\_deps\spdlog-src\include\spdlog/fmt/bundled/base.h(2736,53): message : durant l'évaluation de la fonction constexpr 'fmt::v11::detail::parse_format_string' [G:\AI\BG2_Upscale\sprite\.work\q3m-monster-layered-full-x2-20261004-v1\runtime-build\InfinityEngine-Enhancer.vcxproj]
  bridge_transition.cpp
G:\AI\BG2_Upscale\engine\InfinityEngine-Enhancer\source-patchee\build-vs2019-30fps-multicycle\_deps\spdlog-src\include\spdlog/fmt/bundled/base.h(1670,18): warning C4459: la déclaration de 'formattable' masque la déclaration globale [G:\AI\BG2_Upscale\sprite\.work\q3m-monster-layered-full-x2-20261004-v1\runtime-build\InfinityEngine-Enhancer.vcxproj]
G:\AI\BG2_Upscale\engine\InfinityEngine-Enhancer\source-patchee\build-vs2019-30fps-multicycle\_deps\spdlog-src\include\spdlog/fmt/bundled/base.h(2779,9): message : voir la déclaration de 'fmt::v11::formattable' [G:\AI\BG2_Upscale\sprite\.work\q3m-monster-layered-full-x2-20261004-v1\runtime-build\InfinityEngine-Enhancer.vcxproj]
G:\AI\BG2_Upscale\engine\InfinityEngine-Enhancer\source-patchee\build-vs2019-30fps-multicycle\_deps\spdlog-src\include\spdlog/fmt/bundled/base.h(1693): message : voir la référence à l'instanciation de la fonction modèle 'const Char *fmt::v11::detail::invoke_parse<unsigned int,Char>(fmt::v11::parse_context<Char> &)' en cours de compilation [G:\AI\BG2_Upscale\sprite\.work\q3m-monster-layered-full-x2-20261004-v1\runtime-build\InfinityEngine-Enhancer.vcxproj]
          with
          [
              Char=char
          ]
G:\AI\BG2_Upscale\engine\InfinityEngine-Enhancer\source-patchee\build-vs2019-30fps-multicycle\_deps\spdlog-src\include\spdlog/fmt/bundled/base.h(2731): message : voir la référence à l'instanciation de la fonction modèle 'fmt::v11::detail::format_string_checker<char,1,0,false>::format_string_checker<unsigned int>(fmt::v11::basic_string_view<char>,fmt::v11::detail::arg_pack<unsigned int>)' en cours de compilation [G:\AI\BG2_Upscale\sprite\.work\q3m-monster-layered-full-x2-20261004-v1\runtime-build\InfinityEngine-Enhancer.vcxproj]
G:\AI\BG2_Upscale\engine\InfinityEngine-Enhancer\source-patchee\build-vs2019-30fps-multicycle\_deps\spdlog-src\include\spdlog/fmt/bundled/base.h(2736): message : voir la référence à l'instanciation de la fonction modèle 'fmt::v11::detail::format_string_checker<char,1,0,false>::format_string_checker<unsigned int>(fmt::v11::basic_string_view<char>,fmt::v11::detail::arg_pack<unsigned int>)' en cours de compilation [G:\AI\BG2_Upscale\sprite\.work\q3m-monster-layered-full-x2-20261004-v1\runtime-build\InfinityEngine-Enhancer.vcxproj]
G:\AI\BG2_Upscale\sprite\.work\q3m-monster-layered-full-x2-20261004-v1\runtime-src\src\iee\bridge_transition.cpp(325): message : voir la référence à l'instanciation de la fonction modèle 'fmt::v11::fstring<unsigned int>::fstring<61>(const char (&)[61])' en cours de compilation [G:\AI\BG2_Upscale\sprite\.work\q3m-monster-layered-full-x2-20261004-v1\runtime-build\InfinityEngine-Enhancer.vcxproj]
G:\AI\BG2_Upscale\engine\InfinityEngine-Enhancer\source-patchee\build-vs2019-30fps-multicycle\_deps\spdlog-src\include\spdlog/fmt/bundled/base.h(1719,20): message : durant l'évaluation de la fonction constexpr 'fmt::v11::detail::format_string_checker<char,1,0,false>::on_format_specs' [G:\AI\BG2_Upscale\sprite\.work\q3m-monster-layered-full-x2-20261004-v1\runtime-build\InfinityEngine-Enhancer.vcxproj]
G:\AI\BG2_Upscale\engine\InfinityEngine-Enhancer\source-patchee\build-vs2019-30fps-multicycle\_deps\spdlog-src\include\spdlog/fmt/bundled/base.h(1595,33): message : durant l'évaluation de la fonction constexpr 'fmt::v11::detail::format_string_checker<char,1,0,false>::on_replacement_field' [G:\AI\BG2_Upscale\sprite\.work\q3m-monster-layered-full-x2-20261004-v1\runtime-build\InfinityEngine-Enhancer.vcxproj]
G:\AI\BG2_Upscale\engine\InfinityEngine-Enhancer\source-patchee\build-vs2019-30fps-multicycle\_deps\spdlog-src\include\spdlog/fmt/bundled/base.h(1638,42): message : durant l'évaluation de la fonction constexpr 'fmt::v11::detail::parse_replacement_field' [G:\AI\BG2_Upscale\sprite\.work\q3m-monster-layered-full-x2-20261004-v1\runtime-build\InfinityEngine-Enhancer.vcxproj]
G:\AI\BG2_Upscale\engine\InfinityEngine-Enhancer\source-patchee\build-vs2019-30fps-multicycle\_deps\spdlog-src\include\spdlog/fmt/bundled/base.h(2736,53): message : durant l'évaluation de la fonction constexpr 'fmt::v11::detail::parse_format_string' [G:\AI\BG2_Upscale\sprite\.work\q3m-monster-layered-full-x2-20261004-v1\runtime-build\InfinityEngine-Enhancer.vcxproj]
  creature_sprite_x2.cpp
C:\Program Files (x86)\Microsoft Visual Studio\2019\BuildTools\VC\Tools\MSVC\14.29.30133\include\utility(186,16): warning C4244: 'initialisation' : conversion de '_Ty' en '_Ty1', perte possible de données [G:\AI\BG2_Upscale\sprite\.work\q3m-monster-layered-full-x2-20261004-v1\runtime-build\InfinityEngine-Enhancer.vcxproj]
          with
          [
              _Ty=int
          ]
          and
          [
              _Ty1=uint16_t
          ]
G:\AI\BG2_Upscale\sprite\.work\q3m-monster-layered-full-x2-20261004-v1\runtime-src\src\iee/core/sprite_family_owners.h(473): message : voir la référence à l'instanciation de la fonction modèle 'std::pair<uint16_t,uint32_t>::pair<int,int,0>(_Other1 &&,_Other2 &&) noexcept' en cours de compilation [G:\AI\BG2_Upscale\sprite\.work\q3m-monster-layered-full-x2-20261004-v1\runtime-build\InfinityEngine-Enhancer.vcxproj]
          with
          [
              _Other1=int,
              _Other2=int
          ]
G:\AI\BG2_Upscale\engine\InfinityEngine-Enhancer\source-patchee\build-vs2019-30fps-multicycle\_deps\spdlog-src\include\spdlog/fmt/bundled/base.h(1670,18): warning C4459: la déclaration de 'formattable' masque la déclaration globale [G:\AI\BG2_Upscale\sprite\.work\q3m-monster-layered-full-x2-20261004-v1\runtime-build\InfinityEngine-Enhancer.vcxproj]
G:\AI\BG2_Upscale\engine\InfinityEngine-Enhancer\source-patchee\build-vs2019-30fps-multicycle\_deps\spdlog-src\include\spdlog/fmt/bundled/base.h(2779,9): message : voir la déclaration de 'fmt::v11::formattable' [G:\AI\BG2_Upscale\sprite\.work\q3m-monster-layered-full-x2-20261004-v1\runtime-build\InfinityEngine-Enhancer.vcxproj]
G:\AI\BG2_Upscale\engine\InfinityEngine-Enhancer\source-patchee\build-vs2019-30fps-multicycle\_deps\spdlog-src\include\spdlog/fmt/bundled/base.h(1693): message : voir la référence à l'instanciation de la fonction modèle 'const Char *fmt::v11::detail::invoke_parse<unsigned int&,Char>(fmt::v11::parse_context<Char> &)' en cours de compilation [G:\AI\BG2_Upscale\sprite\.work\q3m-monster-layered-full-x2-20261004-v1\runtime-build\InfinityEngine-Enhancer.vcxproj]
          with
          [
              Char=char
          ]
G:\AI\BG2_Upscale\engine\InfinityEngine-Enhancer\source-patchee\build-vs2019-30fps-multicycle\_deps\spdlog-src\include\spdlog/fmt/bundled/base.h(2731): message : voir la référence à l'instanciation de la fonction modèle 'fmt::v11::detail::format_string_checker<char,1,0,false>::format_string_checker<unsigned int&>(fmt::v11::basic_string_view<char>,fmt::v11::detail::arg_pack<unsigned int &>)' en cours de compilation [G:\AI\BG2_Upscale\sprite\.work\q3m-monster-layered-full-x2-20261004-v1\runtime-build\InfinityEngine-Enhancer.vcxproj]
G:\AI\BG2_Upscale\engine\InfinityEngine-Enhancer\source-patchee\build-vs2019-30fps-multicycle\_deps\spdlog-src\include\spdlog/fmt/bundled/base.h(2736): message : voir la référence à l'instanciation de la fonction modèle 'fmt::v11::detail::format_string_checker<char,1,0,false>::format_string_checker<unsigned int&>(fmt::v11::basic_string_view<char>,fmt::v11::detail::arg_pack<unsigned int &>)' en cours de compilation [G:\AI\BG2_Upscale\sprite\.work\q3m-monster-layered-full-x2-20261004-v1\runtime-build\InfinityEngine-Enhancer.vcxproj]
G:\AI\BG2_Upscale\sprite\.work\q3m-monster-layered-full-x2-20261004-v1\runtime-src\src\iee\creature_sprite_x2.cpp(506): message : voir la référence à l'instanciation de la fonction modèle 'fmt::v11::fstring<unsigned int &>::fstring<95>(const char (&)[95])' en cours de compilation [G:\AI\BG2_Upscale\sprite\.work\q3m-monster-layered-full-x2-20261004-v1\runtime-build\InfinityEngine-Enhancer.vcxproj]
G:\AI\BG2_Upscale\engine\InfinityEngine-Enhancer\source-patchee\build-vs2019-30fps-multicycle\_deps\spdlog-src\include\spdlog/fmt/bundled/base.h(1719,20): message : durant l'évaluation de la fonction constexpr 'fmt::v11::detail::format_string_checker<char,1,0,false>::on_format_specs' [G:\AI\BG2_Upscale\sprite\.work\q3m-monster-layered-full-x2-20261004-v1\runtime-build\InfinityEngine-Enhancer.vcxproj]
G:\AI\BG2_Upscale\engine\InfinityEngine-Enhancer\source-patchee\build-vs2019-30fps-multicycle\_deps\spdlog-src\include\spdlog/fmt/bundled/base.h(1595,33): message : durant l'évaluation de la fonction constexpr 'fmt::v11::detail::format_string_checker<char,1,0,false>::on_replacement_field' [G:\AI\BG2_Upscale\sprite\.work\q3m-monster-layered-full-x2-20261004-v1\runtime-build\InfinityEngine-Enhancer.vcxproj]
G:\AI\BG2_Upscale\engine\InfinityEngine-Enhancer\source-patchee\build-vs2019-30fps-multicycle\_deps\spdlog-src\include\spdlog/fmt/bundled/base.h(1638,42): message : durant l'évaluation de la fonction constexpr 'fmt::v11::detail::parse_replacement_field' [G:\AI\BG2_Upscale\sprite\.work\q3m-monster-layered-full-x2-20261004-v1\runtime-build\InfinityEngine-Enhancer.vcxproj]
G:\AI\BG2_Upscale\engine\InfinityEngine-Enhancer\source-patchee\build-vs2019-30fps-multicycle\_deps\spdlog-src\include\spdlog/fmt/bundled/base.h(2736,53): message : durant l'évaluation de la fonction constexpr 'fmt::v11::detail::parse_format_string' [G:\AI\BG2_Upscale\sprite\.work\q3m-monster-layered-full-x2-20261004-v1\runtime-build\InfinityEngine-Enhancer.vcxproj]
  diagnostics.cpp
G:\AI\BG2_Upscale\engine\InfinityEngine-Enhancer\source-patchee\build-vs2019-30fps-multicycle\_deps\spdlog-src\include\spdlog/fmt/bundled/base.h(1670,18): warning C4459: la déclaration de 'formattable' masque la déclaration globale [G:\AI\BG2_Upscale\sprite\.work\q3m-monster-layered-full-x2-20261004-v1\runtime-build\InfinityEngine-Enhancer.vcxproj]
G:\AI\BG2_Upscale\engine\InfinityEngine-Enhancer\source-patchee\build-vs2019-30fps-multicycle\_deps\spdlog-src\include\spdlog/fmt/bundled/base.h(2779,9): message : voir la déclaration de 'fmt::v11::formattable' [G:\AI\BG2_Upscale\sprite\.work\q3m-monster-layered-full-x2-20261004-v1\runtime-build\InfinityEngine-Enhancer.vcxproj]
G:\AI\BG2_Upscale\engine\InfinityEngine-Enhancer\source-patchee\build-vs2019-30fps-multicycle\_deps\spdlog-src\include\spdlog/fmt/bundled/base.h(1693): message : voir la référence à l'instanciation de la fonction modèle 'const Char *fmt::v11::detail::invoke_parse<const char*&,Char>(fmt::v11::parse_context<Char> &)' en cours de compilation [G:\AI\BG2_Upscale\sprite\.work\q3m-monster-layered-full-x2-20261004-v1\runtime-build\InfinityEngine-Enhancer.vcxproj]
          with
          [
              Char=char
          ]
G:\AI\BG2_Upscale\engine\InfinityEngine-Enhancer\source-patchee\build-vs2019-30fps-multicycle\_deps\spdlog-src\include\spdlog/fmt/bundled/base.h(2731): message : voir la référence à l'instanciation de la fonction modèle 'fmt::v11::detail::format_string_checker<char,1,0,false>::format_string_checker<const char*&>(fmt::v11::basic_string_view<char>,fmt::v11::detail::arg_pack<const char *&>)' en cours de compilation [G:\AI\BG2_Upscale\sprite\.work\q3m-monster-layered-full-x2-20261004-v1\runtime-build\InfinityEngine-Enhancer.vcxproj]
G:\AI\BG2_Upscale\engine\InfinityEngine-Enhancer\source-patchee\build-vs2019-30fps-multicycle\_deps\spdlog-src\include\spdlog/fmt/bundled/base.h(2736): message : voir la référence à l'instanciation de la fonction modèle 'fmt::v11::detail::format_string_checker<char,1,0,false>::format_string_checker<const char*&>(fmt::v11::basic_string_view<char>,fmt::v11::detail::arg_pack<const char *&>)' en cours de compilation [G:\AI\BG2_Upscale\sprite\.work\q3m-monster-layered-full-x2-20261004-v1\runtime-build\InfinityEngine-Enhancer.vcxproj]
G:\AI\BG2_Upscale\sprite\.work\q3m-monster-layered-full-x2-20261004-v1\runtime-src\src\iee\diagnostics.cpp(12): message : voir la référence à l'instanciation de la fonction modèle 'fmt::v11::fstring<const char *&>::fstring<12>(const char (&)[12])' en cours de compilation [G:\AI\BG2_Upscale\sprite\.work\q3m-monster-layered-full-x2-20261004-v1\runtime-build\InfinityEngine-Enhancer.vcxproj]
G:\AI\BG2_Upscale\engine\InfinityEngine-Enhancer\source-patchee\build-vs2019-30fps-multicycle\_deps\spdlog-src\include\spdlog/fmt/bundled/base.h(1719,20): message : durant l'évaluation de la fonction constexpr 'fmt::v11::detail::format_string_checker<char,1,0,false>::on_format_specs' [G:\AI\BG2_Upscale\sprite\.work\q3m-monster-layered-full-x2-20261004-v1\runtime-build\InfinityEngine-Enhancer.vcxproj]
G:\AI\BG2_Upscale\engine\InfinityEngine-Enhancer\source-patchee\build-vs2019-30fps-multicycle\_deps\spdlog-src\include\spdlog/fmt/bundled/base.h(1595,33): message : durant l'évaluation de la fonction constexpr 'fmt::v11::detail::format_string_checker<char,1,0,false>::on_replacement_field' [G:\AI\BG2_Upscale\sprite\.work\q3m-monster-layered-full-x2-20261004-v1\runtime-build\InfinityEngine-Enhancer.vcxproj]
G:\AI\BG2_Upscale\engine\InfinityEngine-Enhancer\source-patchee\build-vs2019-30fps-multicycle\_deps\spdlog-src\include\spdlog/fmt/bundled/base.h(1638,42): message : durant l'évaluation de la fonction constexpr 'fmt::v11::detail::parse_replacement_field' [G:\AI\BG2_Upscale\sprite\.work\q3m-monster-layered-full-x2-20261004-v1\runtime-build\InfinityEngine-Enhancer.vcxproj]
G:\AI\BG2_Upscale\engine\InfinityEngine-Enhancer\source-patchee\build-vs2019-30fps-multicycle\_deps\spdlog-src\include\spdlog/fmt/bundled/base.h(2736,53): message : durant l'évaluation de la fonction constexpr 'fmt::v11::detail::parse_format_string' [G:\AI\BG2_Upscale\sprite\.work\q3m-monster-layered-full-x2-20261004-v1\runtime-build\InfinityEngine-Enhancer.vcxproj]
  dll_main.cpp
G:\AI\BG2_Upscale\engine\InfinityEngine-Enhancer\source-patchee\build-vs2019-30fps-multicycle\_deps\spdlog-src\include\spdlog/fmt/bundled/base.h(1670,18): warning C4459: la déclaration de 'formattable' masque la déclaration globale [G:\AI\BG2_Upscale\sprite\.work\q3m-monster-layered-full-x2-20261004-v1\runtime-build\InfinityEngine-Enhancer.vcxproj]
G:\AI\BG2_Upscale\engine\InfinityEngine-Enhancer\source-patchee\build-vs2019-30fps-multicycle\_deps\spdlog-src\include\spdlog/fmt/bundled/base.h(2779,9): message : voir la déclaration de 'fmt::v11::formattable' [G:\AI\BG2_Upscale\sprite\.work\q3m-monster-layered-full-x2-20261004-v1\runtime-build\InfinityEngine-Enhancer.vcxproj]
G:\AI\BG2_Upscale\engine\InfinityEngine-Enhancer\source-patchee\build-vs2019-30fps-multicycle\_deps\spdlog-src\include\spdlog/fmt/bundled/base.h(1693): message : voir la référence à l'instanciation de la fonction modèle 'const Char *fmt::v11::detail::invoke_parse<std::string,Char>(fmt::v11::parse_context<Char> &)' en cours de compilation [G:\AI\BG2_Upscale\sprite\.work\q3m-monster-layered-full-x2-20261004-v1\runtime-build\InfinityEngine-Enhancer.vcxproj]
          with
          [
              Char=char
          ]
G:\AI\BG2_Upscale\engine\InfinityEngine-Enhancer\source-patchee\build-vs2019-30fps-multicycle\_deps\spdlog-src\include\spdlog/fmt/bundled/base.h(2731): message : voir la référence à l'instanciation de la fonction modèle 'fmt::v11::detail::format_string_checker<char,1,0,false>::format_string_checker<std::string>(fmt::v11::basic_string_view<char>,fmt::v11::detail::arg_pack<std::string>)' en cours de compilation [G:\AI\BG2_Upscale\sprite\.work\q3m-monster-layered-full-x2-20261004-v1\runtime-build\InfinityEngine-Enhancer.vcxproj]
G:\AI\BG2_Upscale\engine\InfinityEngine-Enhancer\source-patchee\build-vs2019-30fps-multicycle\_deps\spdlog-src\include\spdlog/fmt/bundled/base.h(2736): message : voir la référence à l'instanciation de la fonction modèle 'fmt::v11::detail::format_string_checker<char,1,0,false>::format_string_checker<std::string>(fmt::v11::basic_string_view<char>,fmt::v11::detail::arg_pack<std::string>)' en cours de compilation [G:\AI\BG2_Upscale\sprite\.work\q3m-monster-layered-full-x2-20261004-v1\runtime-build\InfinityEngine-Enhancer.vcxproj]
G:\AI\BG2_Upscale\sprite\.work\q3m-monster-layered-full-x2-20261004-v1\runtime-src\src\iee\dll_main.cpp(92): message : voir la référence à l'instanciation de la fonction modèle 'fmt::v11::fstring<std::string>::fstring<48>(const char (&)[48])' en cours de compilation [G:\AI\BG2_Upscale\sprite\.work\q3m-monster-layered-full-x2-20261004-v1\runtime-build\InfinityEngine-Enhancer.vcxproj]
G:\AI\BG2_Upscale\engine\InfinityEngine-Enhancer\source-patchee\build-vs2019-30fps-multicycle\_deps\spdlog-src\include\spdlog/fmt/bundled/base.h(1719,20): message : durant l'évaluation de la fonction constexpr 'fmt::v11::detail::format_string_checker<char,1,0,false>::on_format_specs' [G:\AI\BG2_Upscale\sprite\.work\q3m-monster-layered-full-x2-20261004-v1\runtime-build\InfinityEngine-Enhancer.vcxproj]
G:\AI\BG2_Upscale\engine\InfinityEngine-Enhancer\source-patchee\build-vs2019-30fps-multicycle\_deps\spdlog-src\include\spdlog/fmt/bundled/base.h(1595,33): message : durant l'évaluation de la fonction constexpr 'fmt::v11::detail::format_string_checker<char,1,0,false>::on_replacement_field' [G:\AI\BG2_Upscale\sprite\.work\q3m-monster-layered-full-x2-20261004-v1\runtime-build\InfinityEngine-Enhancer.vcxproj]
G:\AI\BG2_Upscale\engine\InfinityEngine-Enhancer\source-patchee\build-vs2019-30fps-multicycle\_deps\spdlog-src\include\spdlog/fmt/bundled/base.h(1638,42): message : durant l'évaluation de la fonction constexpr 'fmt::v11::detail::parse_replacement_field' [G:\AI\BG2_Upscale\sprite\.work\q3m-monster-layered-full-x2-20261004-v1\runtime-build\InfinityEngine-Enhancer.vcxproj]
G:\AI\BG2_Upscale\engine\InfinityEngine-Enhancer\source-patchee\build-vs2019-30fps-multicycle\_deps\spdlog-src\include\spdlog/fmt/bundled/base.h(2736,53): message : durant l'évaluation de la fonction constexpr 'fmt::v11::detail::parse_format_string' [G:\AI\BG2_Upscale\sprite\.work\q3m-monster-layered-full-x2-20261004-v1\runtime-build\InfinityEngine-Enhancer.vcxproj]
  effect_animation_x4_registry.cpp
G:\AI\BG2_Upscale\engine\InfinityEngine-Enhancer\source-patchee\build-vs2019-30fps-multicycle\_deps\spdlog-src\include\spdlog/fmt/bundled/base.h(1670,18): warning C4459: la déclaration de 'formattable' masque la déclaration globale [G:\AI\BG2_Upscale\sprite\.work\q3m-monster-layered-full-x2-20261004-v1\runtime-build\InfinityEngine-Enhancer.vcxproj]
G:\AI\BG2_Upscale\engine\InfinityEngine-Enhancer\source-patchee\build-vs2019-30fps-multicycle\_deps\spdlog-src\include\spdlog/fmt/bundled/base.h(2779,9): message : voir la déclaration de 'fmt::v11::formattable' [G:\AI\BG2_Upscale\sprite\.work\q3m-monster-layered-full-x2-20261004-v1\runtime-build\InfinityEngine-Enhancer.vcxproj]
G:\AI\BG2_Upscale\engine\InfinityEngine-Enhancer\source-patchee\build-vs2019-30fps-multicycle\_deps\spdlog-src\include\spdlog/fmt/bundled/base.h(1693): message : voir la référence à l'instanciation de la fonction modèle 'const Char *fmt::v11::detail::invoke_parse<const int&,Char>(fmt::v11::parse_context<Char> &)' en cours de compilation [G:\AI\BG2_Upscale\sprite\.work\q3m-monster-layered-full-x2-20261004-v1\runtime-build\InfinityEngine-Enhancer.vcxproj]
          with
          [
              Char=char
          ]
G:\AI\BG2_Upscale\engine\InfinityEngine-Enhancer\source-patchee\build-vs2019-30fps-multicycle\_deps\spdlog-src\include\spdlog/fmt/bundled/base.h(2731): message : voir la référence à l'instanciation de la fonction modèle 'fmt::v11::detail::format_string_checker<char,7,0,false>::format_string_checker<const int&,std::string&,size_t&,const int&,const int&,uint32_t,uint32_t>(fmt::v11::basic_string_view<char>,fmt::v11::detail::arg_pack<const int &,std::string &,size_t &,const int &,const int &,uint32_t,uint32_t>)' en cours de compilation [G:\AI\BG2_Upscale\sprite\.work\q3m-monster-layered-full-x2-20261004-v1\runtime-build\InfinityEngine-Enhancer.vcxproj]
G:\AI\BG2_Upscale\engine\InfinityEngine-Enhancer\source-patchee\build-vs2019-30fps-multicycle\_deps\spdlog-src\include\spdlog/fmt/bundled/base.h(2736): message : voir la référence à l'instanciation de la fonction modèle 'fmt::v11::detail::format_string_checker<char,7,0,false>::format_string_checker<const int&,std::string&,size_t&,const int&,const int&,uint32_t,uint32_t>(fmt::v11::basic_string_view<char>,fmt::v11::detail::arg_pack<const int &,std::string &,size_t &,const int &,const int &,uint32_t,uint32_t>)' en cours de compilation [G:\AI\BG2_Upscale\sprite\.work\q3m-monster-layered-full-x2-20261004-v1\runtime-build\InfinityEngine-Enhancer.vcxproj]
G:\AI\BG2_Upscale\sprite\.work\q3m-monster-layered-full-x2-20261004-v1\runtime-src\src\iee\effect_animation_x4_registry.cpp(266): message : voir la référence à l'instanciation de la fonction modèle 'fmt::v11::fstring<const int &,std::string &,size_t &,const int &,const int &,uint32_t,uint32_t>::fstring<78>(const char (&)[78])' en cours de compilation [G:\AI\BG2_Upscale\sprite\.work\q3m-monster-layered-full-x2-20261004-v1\runtime-build\InfinityEngine-Enhancer.vcxproj]
G:\AI\BG2_Upscale\engine\InfinityEngine-Enhancer\source-patchee\build-vs2019-30fps-multicycle\_deps\spdlog-src\include\spdlog/fmt/bundled/base.h(1719,20): message : durant l'évaluation de la fonction constexpr 'fmt::v11::detail::format_string_checker<char,7,0,false>::on_format_specs' [G:\AI\BG2_Upscale\sprite\.work\q3m-monster-layered-full-x2-20261004-v1\runtime-build\InfinityEngine-Enhancer.vcxproj]
G:\AI\BG2_Upscale\engine\InfinityEngine-Enhancer\source-patchee\build-vs2019-30fps-multicycle\_deps\spdlog-src\include\spdlog/fmt/bundled/base.h(1595,33): message : durant l'évaluation de la fonction constexpr 'fmt::v11::detail::format_string_checker<char,7,0,false>::on_replacement_field' [G:\AI\BG2_Upscale\sprite\.work\q3m-monster-layered-full-x2-20261004-v1\runtime-build\InfinityEngine-Enhancer.vcxproj]
G:\AI\BG2_Upscale\engine\InfinityEngine-Enhancer\source-patchee\build-vs2019-30fps-multicycle\_deps\spdlog-src\include\spdlog/fmt/bundled/base.h(1638,42): message : durant l'évaluation de la fonction constexpr 'fmt::v11::detail::parse_replacement_field' [G:\AI\BG2_Upscale\sprite\.work\q3m-monster-layered-full-x2-20261004-v1\runtime-build\InfinityEngine-Enhancer.vcxproj]
G:\AI\BG2_Upscale\engine\InfinityEngine-Enhancer\source-patchee\build-vs2019-30fps-multicycle\_deps\spdlog-src\include\spdlog/fmt/bundled/base.h(2736,53): message : durant l'évaluation de la fonction constexpr 'fmt::v11::detail::parse_format_string' [G:\AI\BG2_Upscale\sprite\.work\q3m-monster-layered-full-x2-20261004-v1\runtime-build\InfinityEngine-Enhancer.vcxproj]
  exports.cpp
  tile_render.cpp
G:\AI\BG2_Upscale\engine\InfinityEngine-Enhancer\source-patchee\build-vs2019-30fps-multicycle\_deps\spdlog-src\include\spdlog/fmt/bundled/base.h(1670,18): warning C4459: la déclaration de 'formattable' masque la déclaration globale [G:\AI\BG2_Upscale\sprite\.work\q3m-monster-layered-full-x2-20261004-v1\runtime-build\InfinityEngine-Enhancer.vcxproj]
G:\AI\BG2_Upscale\engine\InfinityEngine-Enhancer\source-patchee\build-vs2019-30fps-multicycle\_deps\spdlog-src\include\spdlog/fmt/bundled/base.h(2779,9): message : voir la déclaration de 'fmt::v11::formattable' [G:\AI\BG2_Upscale\sprite\.work\q3m-monster-layered-full-x2-20261004-v1\runtime-build\InfinityEngine-Enhancer.vcxproj]
G:\AI\BG2_Upscale\engine\InfinityEngine-Enhancer\source-patchee\build-vs2019-30fps-multicycle\_deps\spdlog-src\include\spdlog/fmt/bundled/base.h(1693): message : voir la référence à l'instanciation de la fonction modèle 'const Char *fmt::v11::detail::invoke_parse<std::string_view,Char>(fmt::v11::parse_context<Char> &)' en cours de compilation [G:\AI\BG2_Upscale\sprite\.work\q3m-monster-layered-full-x2-20261004-v1\runtime-build\InfinityEngine-Enhancer.vcxproj]
          with
          [
              Char=char
          ]
G:\AI\BG2_Upscale\engine\InfinityEngine-Enhancer\source-patchee\build-vs2019-30fps-multicycle\_deps\spdlog-src\include\spdlog/fmt/bundled/base.h(2731): message : voir la référence à l'instanciation de la fonction modèle 'fmt::v11::detail::format_string_checker<char,4,0,false>::format_string_checker<std::string_view,std::string_view,int32_t&,int&>(fmt::v11::basic_string_view<char>,fmt::v11::detail::arg_pack<std::string_view,std::string_view,int32_t &,int &>)' en cours de compilation [G:\AI\BG2_Upscale\sprite\.work\q3m-monster-layered-full-x2-20261004-v1\runtime-build\InfinityEngine-Enhancer.vcxproj]
G:\AI\BG2_Upscale\engine\InfinityEngine-Enhancer\source-patchee\build-vs2019-30fps-multicycle\_deps\spdlog-src\include\spdlog/fmt/bundled/base.h(2736): message : voir la référence à l'instanciation de la fonction modèle 'fmt::v11::detail::format_string_checker<char,4,0,false>::format_string_checker<std::string_view,std::string_view,int32_t&,int&>(fmt::v11::basic_string_view<char>,fmt::v11::detail::arg_pack<std::string_view,std::string_view,int32_t &,int &>)' en cours de compilation [G:\AI\BG2_Upscale\sprite\.work\q3m-monster-layered-full-x2-20261004-v1\runtime-build\InfinityEngine-Enhancer.vcxproj]
G:\AI\BG2_Upscale\sprite\.work\q3m-monster-layered-full-x2-20261004-v1\runtime-src\src\iee\features\tile_render.cpp(57): message : voir la référence à l'instanciation de la fonction modèle 'fmt::v11::fstring<std::string_view,std::string_view,int32_t &,int &>::fstring<76>(const char (&)[76])' en cours de compilation [G:\AI\BG2_Upscale\sprite\.work\q3m-monster-layered-full-x2-20261004-v1\runtime-build\InfinityEngine-Enhancer.vcxproj]
G:\AI\BG2_Upscale\engine\InfinityEngine-Enhancer\source-patchee\build-vs2019-30fps-multicycle\_deps\spdlog-src\include\spdlog/fmt/bundled/base.h(1719,20): message : durant l'évaluation de la fonction constexpr 'fmt::v11::detail::format_string_checker<char,4,0,false>::on_format_specs' [G:\AI\BG2_Upscale\sprite\.work\q3m-monster-layered-full-x2-20261004-v1\runtime-build\InfinityEngine-Enhancer.vcxproj]
G:\AI\BG2_Upscale\engine\InfinityEngine-Enhancer\source-patchee\build-vs2019-30fps-multicycle\_deps\spdlog-src\include\spdlog/fmt/bundled/base.h(1595,33): message : durant l'évaluation de la fonction constexpr 'fmt::v11::detail::format_string_checker<char,4,0,false>::on_replacement_field' [G:\AI\BG2_Upscale\sprite\.work\q3m-monster-layered-full-x2-20261004-v1\runtime-build\InfinityEngine-Enhancer.vcxproj]
G:\AI\BG2_Upscale\engine\InfinityEngine-Enhancer\source-patchee\build-vs2019-30fps-multicycle\_deps\spdlog-src\include\spdlog/fmt/bundled/base.h(1638,42): message : durant l'évaluation de la fonction constexpr 'fmt::v11::detail::parse_replacement_field' [G:\AI\BG2_Upscale\sprite\.work\q3m-monster-layered-full-x2-20261004-v1\runtime-build\InfinityEngine-Enhancer.vcxproj]
G:\AI\BG2_Upscale\engine\InfinityEngine-Enhancer\source-patchee\build-vs2019-30fps-multicycle\_deps\spdlog-src\include\spdlog/fmt/bundled/base.h(2736,53): message : durant l'évaluation de la fonction constexpr 'fmt::v11::detail::parse_format_string' [G:\AI\BG2_Upscale\sprite\.work\q3m-monster-layered-full-x2-20261004-v1\runtime-build\InfinityEngine-Enhancer.vcxproj]
  frame_hook.cpp
G:\AI\BG2_Upscale\engine\InfinityEngine-Enhancer\source-patchee\build-vs2019-30fps-multicycle\_deps\spdlog-src\include\spdlog/fmt/bundled/base.h(1670,18): warning C4459: la déclaration de 'formattable' masque la déclaration globale [G:\AI\BG2_Upscale\sprite\.work\q3m-monster-layered-full-x2-20261004-v1\runtime-build\InfinityEngine-Enhancer.vcxproj]
G:\AI\BG2_Upscale\engine\InfinityEngine-Enhancer\source-patchee\build-vs2019-30fps-multicycle\_deps\spdlog-src\include\spdlog/fmt/bundled/base.h(2779,9): message : voir la déclaration de 'fmt::v11::formattable' [G:\AI\BG2_Upscale\sprite\.work\q3m-monster-layered-full-x2-20261004-v1\runtime-build\InfinityEngine-Enhancer.vcxproj]
G:\AI\BG2_Upscale\engine\InfinityEngine-Enhancer\source-patchee\build-vs2019-30fps-multicycle\_deps\spdlog-src\include\spdlog/fmt/bundled/base.h(1693): message : voir la référence à l'instanciation de la fonction modèle 'const Char *fmt::v11::detail::invoke_parse<const size_t&,Char>(fmt::v11::parse_context<Char> &)' en cours de compilation [G:\AI\BG2_Upscale\sprite\.work\q3m-monster-layered-full-x2-20261004-v1\runtime-build\InfinityEngine-Enhancer.vcxproj]
          with
          [
              Char=char
          ]
G:\AI\BG2_Upscale\engine\InfinityEngine-Enhancer\source-patchee\build-vs2019-30fps-multicycle\_deps\spdlog-src\include\spdlog/fmt/bundled/base.h(2731): message : voir la référence à l'instanciation de la fonction modèle 'fmt::v11::detail::format_string_checker<char,6,0,false>::format_string_checker<const size_t&,const size_t&,const double&,const double&,const double&,const double&>(fmt::v11::basic_string_view<char>,fmt::v11::detail::arg_pack<const size_t &,const size_t &,const double &,const double &,const double &,const double &>)' en cours de compilation [G:\AI\BG2_Upscale\sprite\.work\q3m-monster-layered-full-x2-20261004-v1\runtime-build\InfinityEngine-Enhancer.vcxproj]
G:\AI\BG2_Upscale\engine\InfinityEngine-Enhancer\source-patchee\build-vs2019-30fps-multicycle\_deps\spdlog-src\include\spdlog/fmt/bundled/base.h(2736): message : voir la référence à l'instanciation de la fonction modèle 'fmt::v11::detail::format_string_checker<char,6,0,false>::format_string_checker<const size_t&,const size_t&,const double&,const double&,const double&,const double&>(fmt::v11::basic_string_view<char>,fmt::v11::detail::arg_pack<const size_t &,const size_t &,const double &,const double &,const double &,const double &>)' en cours de compilation [G:\AI\BG2_Upscale\sprite\.work\q3m-monster-layered-full-x2-20261004-v1\runtime-build\InfinityEngine-Enhancer.vcxproj]
G:\AI\BG2_Upscale\sprite\.work\q3m-monster-layered-full-x2-20261004-v1\runtime-src\src\iee\frame_hook.cpp(60): message : voir la référence à l'instanciation de la fonction modèle 'fmt::v11::fstring<const size_t &,const size_t &,const double &,const double &,const double &,const double &>::fstring<117>(const char (&)[117])' en cours de compilation [G:\AI\BG2_Upscale\sprite\.work\q3m-monster-layered-full-x2-20261004-v1\runtime-build\InfinityEngine-Enhancer.vcxproj]
G:\AI\BG2_Upscale\engine\InfinityEngine-Enhancer\source-patchee\build-vs2019-30fps-multicycle\_deps\spdlog-src\include\spdlog/fmt/bundled/base.h(1719,20): message : durant l'évaluation de la fonction constexpr 'fmt::v11::detail::format_string_checker<char,6,0,false>::on_format_specs' [G:\AI\BG2_Upscale\sprite\.work\q3m-monster-layered-full-x2-20261004-v1\runtime-build\InfinityEngine-Enhancer.vcxproj]
G:\AI\BG2_Upscale\engine\InfinityEngine-Enhancer\source-patchee\build-vs2019-30fps-multicycle\_deps\spdlog-src\include\spdlog/fmt/bundled/base.h(1595,33): message : durant l'évaluation de la fonction constexpr 'fmt::v11::detail::format_string_checker<char,6,0,false>::on_replacement_field' [G:\AI\BG2_Upscale\sprite\.work\q3m-monster-layered-full-x2-20261004-v1\runtime-build\InfinityEngine-Enhancer.vcxproj]
G:\AI\BG2_Upscale\engine\InfinityEngine-Enhancer\source-patchee\build-vs2019-30fps-multicycle\_deps\spdlog-src\include\spdlog/fmt/bundled/base.h(1638,42): message : durant l'évaluation de la fonction constexpr 'fmt::v11::detail::parse_replacement_field' [G:\AI\BG2_Upscale\sprite\.work\q3m-monster-layered-full-x2-20261004-v1\runtime-build\InfinityEngine-Enhancer.vcxproj]
G:\AI\BG2_Upscale\engine\InfinityEngine-Enhancer\source-patchee\build-vs2019-30fps-multicycle\_deps\spdlog-src\include\spdlog/fmt/bundled/base.h(2736,53): message : durant l'évaluation de la fonction constexpr 'fmt::v11::detail::parse_format_string' [G:\AI\BG2_Upscale\sprite\.work\q3m-monster-layered-full-x2-20261004-v1\runtime-build\InfinityEngine-Enhancer.vcxproj]
  hooks.cpp
G:\AI\BG2_Upscale\engine\InfinityEngine-Enhancer\source-patchee\build-vs2019-30fps-multicycle\_deps\spdlog-src\include\spdlog/fmt/bundled/base.h(1670,18): warning C4459: la déclaration de 'formattable' masque la déclaration globale [G:\AI\BG2_Upscale\sprite\.work\q3m-monster-layered-full-x2-20261004-v1\runtime-build\InfinityEngine-Enhancer.vcxproj]
G:\AI\BG2_Upscale\engine\InfinityEngine-Enhancer\source-patchee\build-vs2019-30fps-multicycle\_deps\spdlog-src\include\spdlog/fmt/bundled/base.h(2779,9): message : voir la déclaration de 'fmt::v11::formattable' [G:\AI\BG2_Upscale\sprite\.work\q3m-monster-layered-full-x2-20261004-v1\runtime-build\InfinityEngine-Enhancer.vcxproj]
G:\AI\BG2_Upscale\engine\InfinityEngine-Enhancer\source-patchee\build-vs2019-30fps-multicycle\_deps\spdlog-src\include\spdlog/fmt/bundled/base.h(1693): message : voir la référence à l'instanciation de la fonction modèle 'const Char *fmt::v11::detail::invoke_parse<std::string,Char>(fmt::v11::parse_context<Char> &)' en cours de compilation [G:\AI\BG2_Upscale\sprite\.work\q3m-monster-layered-full-x2-20261004-v1\runtime-build\InfinityEngine-Enhancer.vcxproj]
          with
          [
              Char=char
          ]
G:\AI\BG2_Upscale\engine\InfinityEngine-Enhancer\source-patchee\build-vs2019-30fps-multicycle\_deps\spdlog-src\include\spdlog/fmt/bundled/base.h(2731): message : voir la référence à l'instanciation de la fonction modèle 'fmt::v11::detail::format_string_checker<char,13,0,false>::format_string_checker<std::string,std::string_view&,const uint64_t&,const uint64_t&,const uint64_t&,const uint64_t&,const uint64_t&,const uint64_t&,int&,int&,int&,int&,int&>(fmt::v11::basic_string_view<char>,fmt::v11::detail::arg_pack<std::string,std::string_view &,const uint64_t &,const uint64_t &,const uint64_t &,const uint64_t &,const uint64_t &,const uint64_t &,int &,int &,int &,int &,int &>)' en cours de compilation [G:\AI\BG2_Upscale\sprite\.work\q3m-monster-layered-full-x2-20261004-v1\runtime-build\InfinityEngine-Enhancer.vcxproj]
G:\AI\BG2_Upscale\engine\InfinityEngine-Enhancer\source-patchee\build-vs2019-30fps-multicycle\_deps\spdlog-src\include\spdlog/fmt/bundled/base.h(2736): message : voir la référence à l'instanciation de la fonction modèle 'fmt::v11::detail::format_string_checker<char,13,0,false>::format_string_checker<std::string,std::string_view&,const uint64_t&,const uint64_t&,const uint64_t&,const uint64_t&,const uint64_t&,const uint64_t&,int&,int&,int&,int&,int&>(fmt::v11::basic_string_view<char>,fmt::v11::detail::arg_pack<std::string,std::string_view &,const uint64_t &,const uint64_t &,const uint64_t &,const uint64_t &,const uint64_t &,const uint64_t &,int &,int &,int &,int &,int &>)' en cours de compilation [G:\AI\BG2_Upscale\sprite\.work\q3m-monster-layered-full-x2-20261004-v1\runtime-build\InfinityEngine-Enhancer.vcxproj]
G:\AI\BG2_Upscale\sprite\.work\q3m-monster-layered-full-x2-20261004-v1\runtime-src\src\iee\hooks.cpp(241): message : voir la référence à l'instanciation de la fonction modèle 'fmt::v11::fstring<std::string,std::string_view &,const uint64_t &,const uint64_t &,const uint64_t &,const uint64_t &,const uint64_t &,const uint64_t &,int &,int &,int &,int &,int &>::fstring<310>(const char (&)[310])' en cours de compilation [G:\AI\BG2_Upscale\sprite\.work\q3m-monster-layered-full-x2-20261004-v1\runtime-build\InfinityEngine-Enhancer.vcxproj]
G:\AI\BG2_Upscale\engine\InfinityEngine-Enhancer\source-patchee\build-vs2019-30fps-multicycle\_deps\spdlog-src\include\spdlog/fmt/bundled/base.h(1719,20): message : durant l'évaluation de la fonction constexpr 'fmt::v11::detail::format_string_checker<char,13,0,false>::on_format_specs' [G:\AI\BG2_Upscale\sprite\.work\q3m-monster-layered-full-x2-20261004-v1\runtime-build\InfinityEngine-Enhancer.vcxproj]
G:\AI\BG2_Upscale\engine\InfinityEngine-Enhancer\source-patchee\build-vs2019-30fps-multicycle\_deps\spdlog-src\include\spdlog/fmt/bundled/base.h(1595,33): message : durant l'évaluation de la fonction constexpr 'fmt::v11::detail::format_string_checker<char,13,0,false>::on_replacement_field' [G:\AI\BG2_Upscale\sprite\.work\q3m-monster-layered-full-x2-20261004-v1\runtime-build\InfinityEngine-Enhancer.vcxproj]
G:\AI\BG2_Upscale\engine\InfinityEngine-Enhancer\source-patchee\build-vs2019-30fps-multicycle\_deps\spdlog-src\include\spdlog/fmt/bundled/base.h(1638,42): message : durant l'évaluation de la fonction constexpr 'fmt::v11::detail::parse_replacement_field' [G:\AI\BG2_Upscale\sprite\.work\q3m-monster-layered-full-x2-20261004-v1\runtime-build\InfinityEngine-Enhancer.vcxproj]
G:\AI\BG2_Upscale\engine\InfinityEngine-Enhancer\source-patchee\build-vs2019-30fps-multicycle\_deps\spdlog-src\include\spdlog/fmt/bundled/base.h(2736,53): message : durant l'évaluation de la fonction constexpr 'fmt::v11::detail::parse_format_string' [G:\AI\BG2_Upscale\sprite\.work\q3m-monster-layered-full-x2-20261004-v1\runtime-build\InfinityEngine-Enhancer.vcxproj]
  item_icon_x2.cpp
G:\AI\BG2_Upscale\engine\InfinityEngine-Enhancer\source-patchee\build-vs2019-30fps-multicycle\_deps\spdlog-src\include\spdlog/fmt/bundled/base.h(1670,18): warning C4459: la déclaration de 'formattable' masque la déclaration globale [G:\AI\BG2_Upscale\sprite\.work\q3m-monster-layered-full-x2-20261004-v1\runtime-build\InfinityEngine-Enhancer.vcxproj]
G:\AI\BG2_Upscale\engine\InfinityEngine-Enhancer\source-patchee\build-vs2019-30fps-multicycle\_deps\spdlog-src\include\spdlog/fmt/bundled/base.h(2779,9): message : voir la déclaration de 'fmt::v11::formattable' [G:\AI\BG2_Upscale\sprite\.work\q3m-monster-layered-full-x2-20261004-v1\runtime-build\InfinityEngine-Enhancer.vcxproj]
G:\AI\BG2_Upscale\engine\InfinityEngine-Enhancer\source-patchee\build-vs2019-30fps-multicycle\_deps\spdlog-src\include\spdlog/fmt/bundled/base.h(1693): message : voir la référence à l'instanciation de la fonction modèle 'const Char *fmt::v11::detail::invoke_parse<std::string,Char>(fmt::v11::parse_context<Char> &)' en cours de compilation [G:\AI\BG2_Upscale\sprite\.work\q3m-monster-layered-full-x2-20261004-v1\runtime-build\InfinityEngine-Enhancer.vcxproj]
          with
          [
              Char=char
          ]
G:\AI\BG2_Upscale\engine\InfinityEngine-Enhancer\source-patchee\build-vs2019-30fps-multicycle\_deps\spdlog-src\include\spdlog/fmt/bundled/base.h(2731): message : voir la référence à l'instanciation de la fonction modèle 'fmt::v11::detail::format_string_checker<char,1,0,false>::format_string_checker<std::string>(fmt::v11::basic_string_view<char>,fmt::v11::detail::arg_pack<std::string>)' en cours de compilation [G:\AI\BG2_Upscale\sprite\.work\q3m-monster-layered-full-x2-20261004-v1\runtime-build\InfinityEngine-Enhancer.vcxproj]
G:\AI\BG2_Upscale\engine\InfinityEngine-Enhancer\source-patchee\build-vs2019-30fps-multicycle\_deps\spdlog-src\include\spdlog/fmt/bundled/base.h(2736): message : voir la référence à l'instanciation de la fonction modèle 'fmt::v11::detail::format_string_checker<char,1,0,false>::format_string_checker<std::string>(fmt::v11::basic_string_view<char>,fmt::v11::detail::arg_pack<std::string>)' en cours de compilation [G:\AI\BG2_Upscale\sprite\.work\q3m-monster-layered-full-x2-20261004-v1\runtime-build\InfinityEngine-Enhancer.vcxproj]
G:\AI\BG2_Upscale\sprite\.work\q3m-monster-layered-full-x2-20261004-v1\runtime-src\src\iee\item_icon_x2.cpp(279): message : voir la référence à l'instanciation de la fonction modèle 'fmt::v11::fstring<std::string>::fstring<47>(const char (&)[47])' en cours de compilation [G:\AI\BG2_Upscale\sprite\.work\q3m-monster-layered-full-x2-20261004-v1\runtime-build\InfinityEngine-Enhancer.vcxproj]
G:\AI\BG2_Upscale\engine\InfinityEngine-Enhancer\source-patchee\build-vs2019-30fps-multicycle\_deps\spdlog-src\include\spdlog/fmt/bundled/base.h(1719,20): message : durant l'évaluation de la fonction constexpr 'fmt::v11::detail::format_string_checker<char,1,0,false>::on_format_specs' [G:\AI\BG2_Upscale\sprite\.work\q3m-monster-layered-full-x2-20261004-v1\runtime-build\InfinityEngine-Enhancer.vcxproj]
G:\AI\BG2_Upscale\engine\InfinityEngine-Enhancer\source-patchee\build-vs2019-30fps-multicycle\_deps\spdlog-src\include\spdlog/fmt/bundled/base.h(1595,33): message : durant l'évaluation de la fonction constexpr 'fmt::v11::detail::format_string_checker<char,1,0,false>::on_replacement_field' [G:\AI\BG2_Upscale\sprite\.work\q3m-monster-layered-full-x2-20261004-v1\runtime-build\InfinityEngine-Enhancer.vcxproj]
G:\AI\BG2_Upscale\engine\InfinityEngine-Enhancer\source-patchee\build-vs2019-30fps-multicycle\_deps\spdlog-src\include\spdlog/fmt/bundled/base.h(1638,42): message : durant l'évaluation de la fonction constexpr 'fmt::v11::detail::parse_replacement_field' [G:\AI\BG2_Upscale\sprite\.work\q3m-monster-layered-full-x2-20261004-v1\runtime-build\InfinityEngine-Enhancer.vcxproj]
G:\AI\BG2_Upscale\engine\InfinityEngine-Enhancer\source-patchee\build-vs2019-30fps-multicycle\_deps\spdlog-src\include\spdlog/fmt/bundled/base.h(2736,53): message : durant l'évaluation de la fonction constexpr 'fmt::v11::detail::parse_format_string' [G:\AI\BG2_Upscale\sprite\.work\q3m-monster-layered-full-x2-20261004-v1\runtime-build\InfinityEngine-Enhancer.vcxproj]
  paperdoll_q3m.cpp
G:\AI\BG2_Upscale\engine\InfinityEngine-Enhancer\source-patchee\build-vs2019-30fps-multicycle\_deps\spdlog-src\include\spdlog/fmt/bundled/base.h(1670,18): warning C4459: la déclaration de 'formattable' masque la déclaration globale [G:\AI\BG2_Upscale\sprite\.work\q3m-monster-layered-full-x2-20261004-v1\runtime-build\InfinityEngine-Enhancer.vcxproj]
G:\AI\BG2_Upscale\engine\InfinityEngine-Enhancer\source-patchee\build-vs2019-30fps-multicycle\_deps\spdlog-src\include\spdlog/fmt/bundled/base.h(2779,9): message : voir la déclaration de 'fmt::v11::formattable' [G:\AI\BG2_Upscale\sprite\.work\q3m-monster-layered-full-x2-20261004-v1\runtime-build\InfinityEngine-Enhancer.vcxproj]
G:\AI\BG2_Upscale\engine\InfinityEngine-Enhancer\source-patchee\build-vs2019-30fps-multicycle\_deps\spdlog-src\include\spdlog/fmt/bundled/base.h(1693): message : voir la référence à l'instanciation de la fonction modèle 'const Char *fmt::v11::detail::invoke_parse<const std::string&,Char>(fmt::v11::parse_context<Char> &)' en cours de compilation [G:\AI\BG2_Upscale\sprite\.work\q3m-monster-layered-full-x2-20261004-v1\runtime-build\InfinityEngine-Enhancer.vcxproj]
          with
          [
              Char=char
          ]
G:\AI\BG2_Upscale\engine\InfinityEngine-Enhancer\source-patchee\build-vs2019-30fps-multicycle\_deps\spdlog-src\include\spdlog/fmt/bundled/base.h(2731): message : voir la référence à l'instanciation de la fonction modèle 'fmt::v11::detail::format_string_checker<char,1,0,false>::format_string_checker<const std::string&>(fmt::v11::basic_string_view<char>,fmt::v11::detail::arg_pack<const std::string &>)' en cours de compilation [G:\AI\BG2_Upscale\sprite\.work\q3m-monster-layered-full-x2-20261004-v1\runtime-build\InfinityEngine-Enhancer.vcxproj]
G:\AI\BG2_Upscale\engine\InfinityEngine-Enhancer\source-patchee\build-vs2019-30fps-multicycle\_deps\spdlog-src\include\spdlog/fmt/bundled/base.h(2736): message : voir la référence à l'instanciation de la fonction modèle 'fmt::v11::detail::format_string_checker<char,1,0,false>::format_string_checker<const std::string&>(fmt::v11::basic_string_view<char>,fmt::v11::detail::arg_pack<const std::string &>)' en cours de compilation [G:\AI\BG2_Upscale\sprite\.work\q3m-monster-layered-full-x2-20261004-v1\runtime-build\InfinityEngine-Enhancer.vcxproj]
G:\AI\BG2_Upscale\sprite\.work\q3m-monster-layered-full-x2-20261004-v1\runtime-src\src\iee\paperdoll_q3m.cpp(175): message : voir la référence à l'instanciation de la fonction modèle 'fmt::v11::fstring<const std::string &>::fstring<44>(const char (&)[44])' en cours de compilation [G:\AI\BG2_Upscale\sprite\.work\q3m-monster-layered-full-x2-20261004-v1\runtime-build\InfinityEngine-Enhancer.vcxproj]
G:\AI\BG2_Upscale\engine\InfinityEngine-Enhancer\source-patchee\build-vs2019-30fps-multicycle\_deps\spdlog-src\include\spdlog/fmt/bundled/base.h(1719,20): message : durant l'évaluation de la fonction constexpr 'fmt::v11::detail::format_string_checker<char,1,0,false>::on_format_specs' [G:\AI\BG2_Upscale\sprite\.work\q3m-monster-layered-full-x2-20261004-v1\runtime-build\InfinityEngine-Enhancer.vcxproj]
G:\AI\BG2_Upscale\engine\InfinityEngine-Enhancer\source-patchee\build-vs2019-30fps-multicycle\_deps\spdlog-src\include\spdlog/fmt/bundled/base.h(1595,33): message : durant l'évaluation de la fonction constexpr 'fmt::v11::detail::format_string_checker<char,1,0,false>::on_replacement_field' [G:\AI\BG2_Upscale\sprite\.work\q3m-monster-layered-full-x2-20261004-v1\runtime-build\InfinityEngine-Enhancer.vcxproj]
G:\AI\BG2_Upscale\engine\InfinityEngine-Enhancer\source-patchee\build-vs2019-30fps-multicycle\_deps\spdlog-src\include\spdlog/fmt/bundled/base.h(1638,42): message : durant l'évaluation de la fonction constexpr 'fmt::v11::detail::parse_replacement_field' [G:\AI\BG2_Upscale\sprite\.work\q3m-monster-layered-full-x2-20261004-v1\runtime-build\InfinityEngine-Enhancer.vcxproj]
G:\AI\BG2_Upscale\engine\InfinityEngine-Enhancer\source-patchee\build-vs2019-30fps-multicycle\_deps\spdlog-src\include\spdlog/fmt/bundled/base.h(2736,53): message : durant l'évaluation de la fonction constexpr 'fmt::v11::detail::parse_format_string' [G:\AI\BG2_Upscale\sprite\.work\q3m-monster-layered-full-x2-20261004-v1\runtime-build\InfinityEngine-Enhancer.vcxproj]
  map_page_prewarm.cpp
G:\AI\BG2_Upscale\engine\InfinityEngine-Enhancer\source-patchee\build-vs2019-30fps-multicycle\_deps\spdlog-src\include\spdlog/fmt/bundled/base.h(1670,18): warning C4459: la déclaration de 'formattable' masque la déclaration globale [G:\AI\BG2_Upscale\sprite\.work\q3m-monster-layered-full-x2-20261004-v1\runtime-build\InfinityEngine-Enhancer.vcxproj]
G:\AI\BG2_Upscale\engine\InfinityEngine-Enhancer\source-patchee\build-vs2019-30fps-multicycle\_deps\spdlog-src\include\spdlog/fmt/bundled/base.h(2779,9): message : voir la déclaration de 'fmt::v11::formattable' [G:\AI\BG2_Upscale\sprite\.work\q3m-monster-layered-full-x2-20261004-v1\runtime-build\InfinityEngine-Enhancer.vcxproj]
G:\AI\BG2_Upscale\engine\InfinityEngine-Enhancer\source-patchee\build-vs2019-30fps-multicycle\_deps\spdlog-src\include\spdlog/fmt/bundled/base.h(1693): message : voir la référence à l'instanciation de la fonction modèle 'const Char *fmt::v11::detail::invoke_parse<std::string_view,Char>(fmt::v11::parse_context<Char> &)' en cours de compilation [G:\AI\BG2_Upscale\sprite\.work\q3m-monster-layered-full-x2-20261004-v1\runtime-build\InfinityEngine-Enhancer.vcxproj]
          with
          [
              Char=char
          ]
G:\AI\BG2_Upscale\engine\InfinityEngine-Enhancer\source-patchee\build-vs2019-30fps-multicycle\_deps\spdlog-src\include\spdlog/fmt/bundled/base.h(2731): message : voir la référence à l'instanciation de la fonction modèle 'fmt::v11::detail::format_string_checker<char,52,0,false>::format_string_checker<std::string_view,std::string_view&,const uint64_t&,const uint64_t&,const uint64_t&,const uint64_t&,const uint64_t&,const uint64_t&,const uint64_t&,const uint64_t&,const uint64_t&,const uint64_t&,const uint64_t&,const uint64_t&,const uint64_t&,double,double,double,double,double,double,const uint64_t&,double,double,const uint64_t&,const uint64_t&,uint64_t&,uint64_t&,uint64_t&,const size_t&,const size_t&,const size_t&,const size_t&,double,const size_t&,const size_t&,double,uint64_t&,const uint32_t&,uint64_t&,uint64_t&,uint64_t&,uint64_t&,uint64_t&,uint64_t&,uint64_t&,uint64_t&,uint64_t&,uint64_t&,double,double,const char*>(fmt::v11::basic_string_view<char>,fmt::v11::detail::arg_pack<std::string_view,std::string_view &,const uint64_t &,const uint64_t &,const uint64_t &,const uint64_t &,const uint64_t &,const uint64_t &,const uint64_t &,const uint64_t &,const uint64_t &,const uint64_t &,const uint64_t &,const uint64_t &,const uint64_t &,double,double,double,double,double,double,const uint64_t &,double,double,const uint64_t &,const uint64_t &,uint64_t &,uint64_t &,uint64_t &,const size_t &,const size_t &,const size_t &,const size_t &,double,const size_t &,const size_t &,double,uint64_t &,const uint32_t &,uint64_t &,uint64_t &,uint64_t &,uint64_t &,uint64_t &,uint64_t &,uint64_t &,uint64_t &,uint64_t &,uint64_t &,double,double,const char *>)' en cours de compilation [G:\AI\BG2_Upscale\sprite\.work\q3m-monster-layered-full-x2-20261004-v1\runtime-build\InfinityEngine-Enhancer.vcxproj]
G:\AI\BG2_Upscale\engine\InfinityEngine-Enhancer\source-patchee\build-vs2019-30fps-multicycle\_deps\spdlog-src\include\spdlog/fmt/bundled/base.h(2736): message : voir la référence à l'instanciation de la fonction modèle 'fmt::v11::detail::format_string_checker<char,52,0,false>::format_string_checker<std::string_view,std::string_view&,const uint64_t&,const uint64_t&,const uint64_t&,const uint64_t&,const uint64_t&,const uint64_t&,const uint64_t&,const uint64_t&,const uint64_t&,const uint64_t&,const uint64_t&,const uint64_t&,const uint64_t&,double,double,double,double,double,double,const uint64_t&,double,double,const uint64_t&,const uint64_t&,uint64_t&,uint64_t&,uint64_t&,const size_t&,const size_t&,const size_t&,const size_t&,double,const size_t&,const size_t&,double,uint64_t&,const uint32_t&,uint64_t&,uint64_t&,uint64_t&,uint64_t&,uint64_t&,uint64_t&,uint64_t&,uint64_t&,uint64_t&,uint64_t&,double,double,const char*>(fmt::v11::basic_string_view<char>,fmt::v11::detail::arg_pack<std::string_view,std::string_view &,const uint64_t &,const uint64_t &,const uint64_t &,const uint64_t &,const uint64_t &,const uint64_t &,const uint64_t &,const uint64_t &,const uint64_t &,const uint64_t &,const uint64_t &,const uint64_t &,const uint64_t &,double,double,double,double,double,double,const uint64_t &,double,double,const uint64_t &,const uint64_t &,uint64_t &,uint64_t &,uint64_t &,const size_t &,const size_t &,const size_t &,const size_t &,double,const size_t &,const size_t &,double,uint64_t &,const uint32_t &,uint64_t &,uint64_t &,uint64_t &,uint64_t &,uint64_t &,uint64_t &,uint64_t &,uint64_t &,uint64_t &,uint64_t &,double,double,const char *>)' en cours de compilation [G:\AI\BG2_Upscale\sprite\.work\q3m-monster-layered-full-x2-20261004-v1\runtime-build\InfinityEngine-Enhancer.vcxproj]
G:\AI\BG2_Upscale\sprite\.work\q3m-monster-layered-full-x2-20261004-v1\runtime-src\src\iee\map_page_prewarm.cpp(163): message : voir la référence à l'instanciation de la fonction modèle 'fmt::v11::fstring<std::string_view,std::string_view &,const uint64_t &,const uint64_t &,const uint64_t &,const uint64_t &,const uint64_t &,const uint64_t &,const uint64_t &,const uint64_t &,const uint64_t &,const uint64_t &,const uint64_t &,const uint64_t &,const uint64_t &,double,double,double,double,double,double,const uint64_t &,double,double,const uint64_t &,const uint64_t &,uint64_t &,uint64_t &,uint64_t &,const size_t &,const size_t &,const size_t &,const size_t &,double,const size_t &,const size_t &,double,uint64_t &,const uint32_t &,uint64_t &,uint64_t &,uint64_t &,uint64_t &,uint64_t &,uint64_t &,uint64_t &,uint64_t &,uint64_t &,uint64_t &,double,double,const char *>::fstring<969>(const char (&)[969])' en cours de compilation [G:\AI\BG2_Upscale\sprite\.work\q3m-monster-layered-full-x2-20261004-v1\runtime-build\InfinityEngine-Enhancer.vcxproj]
G:\AI\BG2_Upscale\engine\InfinityEngine-Enhancer\source-patchee\build-vs2019-30fps-multicycle\_deps\spdlog-src\include\spdlog/fmt/bundled/base.h(1719,20): message : durant l'évaluation de la fonction constexpr 'fmt::v11::detail::format_string_checker<char,52,0,false>::on_format_specs' [G:\AI\BG2_Upscale\sprite\.work\q3m-monster-layered-full-x2-20261004-v1\runtime-build\InfinityEngine-Enhancer.vcxproj]
G:\AI\BG2_Upscale\engine\InfinityEngine-Enhancer\source-patchee\build-vs2019-30fps-multicycle\_deps\spdlog-src\include\spdlog/fmt/bundled/base.h(1595,33): message : durant l'évaluation de la fonction constexpr 'fmt::v11::detail::format_string_checker<char,52,0,false>::on_replacement_field' [G:\AI\BG2_Upscale\sprite\.work\q3m-monster-layered-full-x2-20261004-v1\runtime-build\InfinityEngine-Enhancer.vcxproj]
G:\AI\BG2_Upscale\engine\InfinityEngine-Enhancer\source-patchee\build-vs2019-30fps-multicycle\_deps\spdlog-src\include\spdlog/fmt/bundled/base.h(1638,42): message : durant l'évaluation de la fonction constexpr 'fmt::v11::detail::parse_replacement_field' [G:\AI\BG2_Upscale\sprite\.work\q3m-monster-layered-full-x2-20261004-v1\runtime-build\InfinityEngine-Enhancer.vcxproj]
G:\AI\BG2_Upscale\engine\InfinityEngine-Enhancer\source-patchee\build-vs2019-30fps-multicycle\_deps\spdlog-src\include\spdlog/fmt/bundled/base.h(2736,53): message : durant l'évaluation de la fonction constexpr 'fmt::v11::detail::parse_format_string' [G:\AI\BG2_Upscale\sprite\.work\q3m-monster-layered-full-x2-20261004-v1\runtime-build\InfinityEngine-Enhancer.vcxproj]
  map_page_prepare.cpp
G:\AI\BG2_Upscale\engine\InfinityEngine-Enhancer\source-patchee\build-vs2019-30fps-multicycle\_deps\spdlog-src\include\spdlog/fmt/bundled/base.h(1670,18): warning C4459: la déclaration de 'formattable' masque la déclaration globale [G:\AI\BG2_Upscale\sprite\.work\q3m-monster-layered-full-x2-20261004-v1\runtime-build\InfinityEngine-Enhancer.vcxproj]
G:\AI\BG2_Upscale\engine\InfinityEngine-Enhancer\source-patchee\build-vs2019-30fps-multicycle\_deps\spdlog-src\include\spdlog/fmt/bundled/base.h(2779,9): message : voir la déclaration de 'fmt::v11::formattable' [G:\AI\BG2_Upscale\sprite\.work\q3m-monster-layered-full-x2-20261004-v1\runtime-build\InfinityEngine-Enhancer.vcxproj]
G:\AI\BG2_Upscale\engine\InfinityEngine-Enhancer\source-patchee\build-vs2019-30fps-multicycle\_deps\spdlog-src\include\spdlog/fmt/bundled/base.h(1693): message : voir la référence à l'instanciation de la fonction modèle 'const Char *fmt::v11::detail::invoke_parse<uint64_t,Char>(fmt::v11::parse_context<Char> &)' en cours de compilation [G:\AI\BG2_Upscale\sprite\.work\q3m-monster-layered-full-x2-20261004-v1\runtime-build\InfinityEngine-Enhancer.vcxproj]
          with
          [
              Char=char
          ]
G:\AI\BG2_Upscale\engine\InfinityEngine-Enhancer\source-patchee\build-vs2019-30fps-multicycle\_deps\spdlog-src\include\spdlog/fmt/bundled/base.h(2731): message : voir la référence à l'instanciation de la fonction modèle 'fmt::v11::detail::format_string_checker<char,12,0,false>::format_string_checker<uint64_t,size_t,uint64_t,uint64_t,uint64_t,unsigned __int64,unsigned __int64,uint64_t,size_t,size_t,double,double>(fmt::v11::basic_string_view<char>,fmt::v11::detail::arg_pack<uint64_t,size_t,uint64_t,uint64_t,uint64_t,unsigned __int64,unsigned __int64,uint64_t,size_t,size_t,double,double>)' en cours de compilation [G:\AI\BG2_Upscale\sprite\.work\q3m-monster-layered-full-x2-20261004-v1\runtime-build\InfinityEngine-Enhancer.vcxproj]
G:\AI\BG2_Upscale\engine\InfinityEngine-Enhancer\source-patchee\build-vs2019-30fps-multicycle\_deps\spdlog-src\include\spdlog/fmt/bundled/base.h(2736): message : voir la référence à l'instanciation de la fonction modèle 'fmt::v11::detail::format_string_checker<char,12,0,false>::format_string_checker<uint64_t,size_t,uint64_t,uint64_t,uint64_t,unsigned __int64,unsigned __int64,uint64_t,size_t,size_t,double,double>(fmt::v11::basic_string_view<char>,fmt::v11::detail::arg_pack<uint64_t,size_t,uint64_t,uint64_t,uint64_t,unsigned __int64,unsigned __int64,uint64_t,size_t,size_t,double,double>)' en cours de compilation [G:\AI\BG2_Upscale\sprite\.work\q3m-monster-layered-full-x2-20261004-v1\runtime-build\InfinityEngine-Enhancer.vcxproj]
G:\AI\BG2_Upscale\sprite\.work\q3m-monster-layered-full-x2-20261004-v1\runtime-src\src\iee\map_page_prepare.cpp(88): message : voir la référence à l'instanciation de la fonction modèle 'fmt::v11::fstring<uint64_t,size_t,uint64_t,uint64_t,uint64_t,unsigned __int64,unsigned __int64,uint64_t,size_t,size_t,double,double>::fstring<191>(const char (&)[191])' en cours de compilation [G:\AI\BG2_Upscale\sprite\.work\q3m-monster-layered-full-x2-20261004-v1\runtime-build\InfinityEngine-Enhancer.vcxproj]
G:\AI\BG2_Upscale\engine\InfinityEngine-Enhancer\source-patchee\build-vs2019-30fps-multicycle\_deps\spdlog-src\include\spdlog/fmt/bundled/base.h(1719,20): message : durant l'évaluation de la fonction constexpr 'fmt::v11::detail::format_string_checker<char,12,0,false>::on_format_specs' [G:\AI\BG2_Upscale\sprite\.work\q3m-monster-layered-full-x2-20261004-v1\runtime-build\InfinityEngine-Enhancer.vcxproj]
G:\AI\BG2_Upscale\engine\InfinityEngine-Enhancer\source-patchee\build-vs2019-30fps-multicycle\_deps\spdlog-src\include\spdlog/fmt/bundled/base.h(1595,33): message : durant l'évaluation de la fonction constexpr 'fmt::v11::detail::format_string_checker<char,12,0,false>::on_replacement_field' [G:\AI\BG2_Upscale\sprite\.work\q3m-monster-layered-full-x2-20261004-v1\runtime-build\InfinityEngine-Enhancer.vcxproj]
G:\AI\BG2_Upscale\engine\InfinityEngine-Enhancer\source-patchee\build-vs2019-30fps-multicycle\_deps\spdlog-src\include\spdlog/fmt/bundled/base.h(1638,42): message : durant l'évaluation de la fonction constexpr 'fmt::v11::detail::parse_replacement_field' [G:\AI\BG2_Upscale\sprite\.work\q3m-monster-layered-full-x2-20261004-v1\runtime-build\InfinityEngine-Enhancer.vcxproj]
G:\AI\BG2_Upscale\engine\InfinityEngine-Enhancer\source-patchee\build-vs2019-30fps-multicycle\_deps\spdlog-src\include\spdlog/fmt/bundled/base.h(2736,53): message : durant l'évaluation de la fonction constexpr 'fmt::v11::detail::parse_format_string' [G:\AI\BG2_Upscale\sprite\.work\q3m-monster-layered-full-x2-20261004-v1\runtime-build\InfinityEngine-Enhancer.vcxproj]
  Génération de code en cours...
  Compilation en cours...
  map_page_preload.cpp
G:\AI\BG2_Upscale\engine\InfinityEngine-Enhancer\source-patchee\build-vs2019-30fps-multicycle\_deps\spdlog-src\include\spdlog/fmt/bundled/base.h(1670,18): warning C4459: la déclaration de 'formattable' masque la déclaration globale [G:\AI\BG2_Upscale\sprite\.work\q3m-monster-layered-full-x2-20261004-v1\runtime-build\InfinityEngine-Enhancer.vcxproj]
G:\AI\BG2_Upscale\engine\InfinityEngine-Enhancer\source-patchee\build-vs2019-30fps-multicycle\_deps\spdlog-src\include\spdlog/fmt/bundled/base.h(2779,9): message : voir la déclaration de 'fmt::v11::formattable' [G:\AI\BG2_Upscale\sprite\.work\q3m-monster-layered-full-x2-20261004-v1\runtime-build\InfinityEngine-Enhancer.vcxproj]
G:\AI\BG2_Upscale\engine\InfinityEngine-Enhancer\source-patchee\build-vs2019-30fps-multicycle\_deps\spdlog-src\include\spdlog/fmt/bundled/base.h(1693): message : voir la référence à l'instanciation de la fonction modèle 'const Char *fmt::v11::detail::invoke_parse<uint64_t&,Char>(fmt::v11::parse_context<Char> &)' en cours de compilation [G:\AI\BG2_Upscale\sprite\.work\q3m-monster-layered-full-x2-20261004-v1\runtime-build\InfinityEngine-Enhancer.vcxproj]
          with
          [
              Char=char
          ]
G:\AI\BG2_Upscale\engine\InfinityEngine-Enhancer\source-patchee\build-vs2019-30fps-multicycle\_deps\spdlog-src\include\spdlog/fmt/bundled/base.h(2731): message : voir la référence à l'instanciation de la fonction modèle 'fmt::v11::detail::format_string_checker<char,10,0,false>::format_string_checker<uint64_t&,const char*&,uint64_t&,uint64_t&,uint64_t&,uint64_t&,uint64_t&,double&,double&,double>(fmt::v11::basic_string_view<char>,fmt::v11::detail::arg_pack<uint64_t &,const char *&,uint64_t &,uint64_t &,uint64_t &,uint64_t &,uint64_t &,double &,double &,double>)' en cours de compilation [G:\AI\BG2_Upscale\sprite\.work\q3m-monster-layered-full-x2-20261004-v1\runtime-build\InfinityEngine-Enhancer.vcxproj]
G:\AI\BG2_Upscale\engine\InfinityEngine-Enhancer\source-patchee\build-vs2019-30fps-multicycle\_deps\spdlog-src\include\spdlog/fmt/bundled/base.h(2736): message : voir la référence à l'instanciation de la fonction modèle 'fmt::v11::detail::format_string_checker<char,10,0,false>::format_string_checker<uint64_t&,const char*&,uint64_t&,uint64_t&,uint64_t&,uint64_t&,uint64_t&,double&,double&,double>(fmt::v11::basic_string_view<char>,fmt::v11::detail::arg_pack<uint64_t &,const char *&,uint64_t &,uint64_t &,uint64_t &,uint64_t &,uint64_t &,double &,double &,double>)' en cours de compilation [G:\AI\BG2_Upscale\sprite\.work\q3m-monster-layered-full-x2-20261004-v1\runtime-build\InfinityEngine-Enhancer.vcxproj]
G:\AI\BG2_Upscale\sprite\.work\q3m-monster-layered-full-x2-20261004-v1\runtime-src\src\iee\map_page_preload.cpp(52): message : voir la référence à l'instanciation de la fonction modèle 'fmt::v11::fstring<uint64_t &,const char *&,uint64_t &,uint64_t &,uint64_t &,uint64_t &,uint64_t &,double &,double &,double>::fstring<206>(const char (&)[206])' en cours de compilation [G:\AI\BG2_Upscale\sprite\.work\q3m-monster-layered-full-x2-20261004-v1\runtime-build\InfinityEngine-Enhancer.vcxproj]
G:\AI\BG2_Upscale\engine\InfinityEngine-Enhancer\source-patchee\build-vs2019-30fps-multicycle\_deps\spdlog-src\include\spdlog/fmt/bundled/base.h(1719,20): message : durant l'évaluation de la fonction constexpr 'fmt::v11::detail::format_string_checker<char,10,0,false>::on_format_specs' [G:\AI\BG2_Upscale\sprite\.work\q3m-monster-layered-full-x2-20261004-v1\runtime-build\InfinityEngine-Enhancer.vcxproj]
G:\AI\BG2_Upscale\engine\InfinityEngine-Enhancer\source-patchee\build-vs2019-30fps-multicycle\_deps\spdlog-src\include\spdlog/fmt/bundled/base.h(1595,33): message : durant l'évaluation de la fonction constexpr 'fmt::v11::detail::format_string_checker<char,10,0,false>::on_replacement_field' [G:\AI\BG2_Upscale\sprite\.work\q3m-monster-layered-full-x2-20261004-v1\runtime-build\InfinityEngine-Enhancer.vcxproj]
G:\AI\BG2_Upscale\engine\InfinityEngine-Enhancer\source-patchee\build-vs2019-30fps-multicycle\_deps\spdlog-src\include\spdlog/fmt/bundled/base.h(1638,42): message : durant l'évaluation de la fonction constexpr 'fmt::v11::detail::parse_replacement_field' [G:\AI\BG2_Upscale\sprite\.work\q3m-monster-layered-full-x2-20261004-v1\runtime-build\InfinityEngine-Enhancer.vcxproj]
G:\AI\BG2_Upscale\engine\InfinityEngine-Enhancer\source-patchee\build-vs2019-30fps-multicycle\_deps\spdlog-src\include\spdlog/fmt/bundled/base.h(2736,53): message : durant l'évaluation de la fonction constexpr 'fmt::v11::detail::parse_format_string' [G:\AI\BG2_Upscale\sprite\.work\q3m-monster-layered-full-x2-20261004-v1\runtime-build\InfinityEngine-Enhancer.vcxproj]
  native_occlusion_bridge.cpp
G:\AI\BG2_Upscale\engine\InfinityEngine-Enhancer\source-patchee\build-vs2019-30fps-multicycle\_deps\spdlog-src\include\spdlog/fmt/bundled/base.h(1670,18): warning C4459: la déclaration de 'formattable' masque la déclaration globale [G:\AI\BG2_Upscale\sprite\.work\q3m-monster-layered-full-x2-20261004-v1\runtime-build\InfinityEngine-Enhancer.vcxproj]
G:\AI\BG2_Upscale\engine\InfinityEngine-Enhancer\source-patchee\build-vs2019-30fps-multicycle\_deps\spdlog-src\include\spdlog/fmt/bundled/base.h(2779,9): message : voir la déclaration de 'fmt::v11::formattable' [G:\AI\BG2_Upscale\sprite\.work\q3m-monster-layered-full-x2-20261004-v1\runtime-build\InfinityEngine-Enhancer.vcxproj]
G:\AI\BG2_Upscale\engine\InfinityEngine-Enhancer\source-patchee\build-vs2019-30fps-multicycle\_deps\spdlog-src\include\spdlog/fmt/bundled/base.h(1693): message : voir la référence à l'instanciation de la fonction modèle 'const Char *fmt::v11::detail::invoke_parse<std::string,Char>(fmt::v11::parse_context<Char> &)' en cours de compilation [G:\AI\BG2_Upscale\sprite\.work\q3m-monster-layered-full-x2-20261004-v1\runtime-build\InfinityEngine-Enhancer.vcxproj]
          with
          [
              Char=char
          ]
G:\AI\BG2_Upscale\engine\InfinityEngine-Enhancer\source-patchee\build-vs2019-30fps-multicycle\_deps\spdlog-src\include\spdlog/fmt/bundled/base.h(2731): message : voir la référence à l'instanciation de la fonction modèle 'fmt::v11::detail::format_string_checker<char,1,0,false>::format_string_checker<std::string>(fmt::v11::basic_string_view<char>,fmt::v11::detail::arg_pack<std::string>)' en cours de compilation [G:\AI\BG2_Upscale\sprite\.work\q3m-monster-layered-full-x2-20261004-v1\runtime-build\InfinityEngine-Enhancer.vcxproj]
G:\AI\BG2_Upscale\engine\InfinityEngine-Enhancer\source-patchee\build-vs2019-30fps-multicycle\_deps\spdlog-src\include\spdlog/fmt/bundled/base.h(2736): message : voir la référence à l'instanciation de la fonction modèle 'fmt::v11::detail::format_string_checker<char,1,0,false>::format_string_checker<std::string>(fmt::v11::basic_string_view<char>,fmt::v11::detail::arg_pack<std::string>)' en cours de compilation [G:\AI\BG2_Upscale\sprite\.work\q3m-monster-layered-full-x2-20261004-v1\runtime-build\InfinityEngine-Enhancer.vcxproj]
G:\AI\BG2_Upscale\sprite\.work\q3m-monster-layered-full-x2-20261004-v1\runtime-src\src\iee\native_occlusion_bridge.cpp(245): message : voir la référence à l'instanciation de la fonction modèle 'fmt::v11::fstring<std::string>::fstring<54>(const char (&)[54])' en cours de compilation [G:\AI\BG2_Upscale\sprite\.work\q3m-monster-layered-full-x2-20261004-v1\runtime-build\InfinityEngine-Enhancer.vcxproj]
G:\AI\BG2_Upscale\engine\InfinityEngine-Enhancer\source-patchee\build-vs2019-30fps-multicycle\_deps\spdlog-src\include\spdlog/fmt/bundled/base.h(1719,20): message : durant l'évaluation de la fonction constexpr 'fmt::v11::detail::format_string_checker<char,1,0,false>::on_format_specs' [G:\AI\BG2_Upscale\sprite\.work\q3m-monster-layered-full-x2-20261004-v1\runtime-build\InfinityEngine-Enhancer.vcxproj]
G:\AI\BG2_Upscale\engine\InfinityEngine-Enhancer\source-patchee\build-vs2019-30fps-multicycle\_deps\spdlog-src\include\spdlog/fmt/bundled/base.h(1595,33): message : durant l'évaluation de la fonction constexpr 'fmt::v11::detail::format_string_checker<char,1,0,false>::on_replacement_field' [G:\AI\BG2_Upscale\sprite\.work\q3m-monster-layered-full-x2-20261004-v1\runtime-build\InfinityEngine-Enhancer.vcxproj]
G:\AI\BG2_Upscale\engine\InfinityEngine-Enhancer\source-patchee\build-vs2019-30fps-multicycle\_deps\spdlog-src\include\spdlog/fmt/bundled/base.h(1638,42): message : durant l'évaluation de la fonction constexpr 'fmt::v11::detail::parse_replacement_field' [G:\AI\BG2_Upscale\sprite\.work\q3m-monster-layered-full-x2-20261004-v1\runtime-build\InfinityEngine-Enhancer.vcxproj]
G:\AI\BG2_Upscale\engine\InfinityEngine-Enhancer\source-patchee\build-vs2019-30fps-multicycle\_deps\spdlog-src\include\spdlog/fmt/bundled/base.h(2736,53): message : durant l'évaluation de la fonction constexpr 'fmt::v11::detail::parse_format_string' [G:\AI\BG2_Upscale\sprite\.work\q3m-monster-layered-full-x2-20261004-v1\runtime-build\InfinityEngine-Enhancer.vcxproj]
  post_process.cpp
G:\AI\BG2_Upscale\engine\InfinityEngine-Enhancer\source-patchee\build-vs2019-30fps-multicycle\_deps\spdlog-src\include\spdlog/fmt/bundled/base.h(1670,18): warning C4459: la déclaration de 'formattable' masque la déclaration globale [G:\AI\BG2_Upscale\sprite\.work\q3m-monster-layered-full-x2-20261004-v1\runtime-build\InfinityEngine-Enhancer.vcxproj]
G:\AI\BG2_Upscale\engine\InfinityEngine-Enhancer\source-patchee\build-vs2019-30fps-multicycle\_deps\spdlog-src\include\spdlog/fmt/bundled/base.h(2779,9): message : voir la déclaration de 'fmt::v11::formattable' [G:\AI\BG2_Upscale\sprite\.work\q3m-monster-layered-full-x2-20261004-v1\runtime-build\InfinityEngine-Enhancer.vcxproj]
G:\AI\BG2_Upscale\engine\InfinityEngine-Enhancer\source-patchee\build-vs2019-30fps-multicycle\_deps\spdlog-src\include\spdlog/fmt/bundled/base.h(1693): message : voir la référence à l'instanciation de la fonction modèle 'const Char *fmt::v11::detail::invoke_parse<std::string,Char>(fmt::v11::parse_context<Char> &)' en cours de compilation [G:\AI\BG2_Upscale\sprite\.work\q3m-monster-layered-full-x2-20261004-v1\runtime-build\InfinityEngine-Enhancer.vcxproj]
          with
          [
              Char=char
          ]
G:\AI\BG2_Upscale\engine\InfinityEngine-Enhancer\source-patchee\build-vs2019-30fps-multicycle\_deps\spdlog-src\include\spdlog/fmt/bundled/base.h(2731): message : voir la référence à l'instanciation de la fonction modèle 'fmt::v11::detail::format_string_checker<char,1,0,false>::format_string_checker<std::string>(fmt::v11::basic_string_view<char>,fmt::v11::detail::arg_pack<std::string>)' en cours de compilation [G:\AI\BG2_Upscale\sprite\.work\q3m-monster-layered-full-x2-20261004-v1\runtime-build\InfinityEngine-Enhancer.vcxproj]
G:\AI\BG2_Upscale\engine\InfinityEngine-Enhancer\source-patchee\build-vs2019-30fps-multicycle\_deps\spdlog-src\include\spdlog/fmt/bundled/base.h(2736): message : voir la référence à l'instanciation de la fonction modèle 'fmt::v11::detail::format_string_checker<char,1,0,false>::format_string_checker<std::string>(fmt::v11::basic_string_view<char>,fmt::v11::detail::arg_pack<std::string>)' en cours de compilation [G:\AI\BG2_Upscale\sprite\.work\q3m-monster-layered-full-x2-20261004-v1\runtime-build\InfinityEngine-Enhancer.vcxproj]
G:\AI\BG2_Upscale\sprite\.work\q3m-monster-layered-full-x2-20261004-v1\runtime-src\src\iee\post_process.cpp(188): message : voir la référence à l'instanciation de la fonction modèle 'fmt::v11::fstring<std::string>::fstring<46>(const char (&)[46])' en cours de compilation [G:\AI\BG2_Upscale\sprite\.work\q3m-monster-layered-full-x2-20261004-v1\runtime-build\InfinityEngine-Enhancer.vcxproj]
G:\AI\BG2_Upscale\engine\InfinityEngine-Enhancer\source-patchee\build-vs2019-30fps-multicycle\_deps\spdlog-src\include\spdlog/fmt/bundled/base.h(1719,20): message : durant l'évaluation de la fonction constexpr 'fmt::v11::detail::format_string_checker<char,1,0,false>::on_format_specs' [G:\AI\BG2_Upscale\sprite\.work\q3m-monster-layered-full-x2-20261004-v1\runtime-build\InfinityEngine-Enhancer.vcxproj]
G:\AI\BG2_Upscale\engine\InfinityEngine-Enhancer\source-patchee\build-vs2019-30fps-multicycle\_deps\spdlog-src\include\spdlog/fmt/bundled/base.h(1595,33): message : durant l'évaluation de la fonction constexpr 'fmt::v11::detail::format_string_checker<char,1,0,false>::on_replacement_field' [G:\AI\BG2_Upscale\sprite\.work\q3m-monster-layered-full-x2-20261004-v1\runtime-build\InfinityEngine-Enhancer.vcxproj]
G:\AI\BG2_Upscale\engine\InfinityEngine-Enhancer\source-patchee\build-vs2019-30fps-multicycle\_deps\spdlog-src\include\spdlog/fmt/bundled/base.h(1638,42): message : durant l'évaluation de la fonction constexpr 'fmt::v11::detail::parse_replacement_field' [G:\AI\BG2_Upscale\sprite\.work\q3m-monster-layered-full-x2-20261004-v1\runtime-build\InfinityEngine-Enhancer.vcxproj]
G:\AI\BG2_Upscale\engine\InfinityEngine-Enhancer\source-patchee\build-vs2019-30fps-multicycle\_deps\spdlog-src\include\spdlog/fmt/bundled/base.h(2736,53): message : durant l'évaluation de la fonction constexpr 'fmt::v11::detail::parse_format_string' [G:\AI\BG2_Upscale\sprite\.work\q3m-monster-layered-full-x2-20261004-v1\runtime-build\InfinityEngine-Enhancer.vcxproj]
  shader_diagnostics.cpp
G:\AI\BG2_Upscale\engine\InfinityEngine-Enhancer\source-patchee\build-vs2019-30fps-multicycle\_deps\spdlog-src\include\spdlog/fmt/bundled/base.h(1670,18): warning C4459: la déclaration de 'formattable' masque la déclaration globale [G:\AI\BG2_Upscale\sprite\.work\q3m-monster-layered-full-x2-20261004-v1\runtime-build\InfinityEngine-Enhancer.vcxproj]
G:\AI\BG2_Upscale\engine\InfinityEngine-Enhancer\source-patchee\build-vs2019-30fps-multicycle\_deps\spdlog-src\include\spdlog/fmt/bundled/base.h(2779,9): message : voir la déclaration de 'fmt::v11::formattable' [G:\AI\BG2_Upscale\sprite\.work\q3m-monster-layered-full-x2-20261004-v1\runtime-build\InfinityEngine-Enhancer.vcxproj]
G:\AI\BG2_Upscale\engine\InfinityEngine-Enhancer\source-patchee\build-vs2019-30fps-multicycle\_deps\spdlog-src\include\spdlog/fmt/bundled/base.h(1693): message : voir la référence à l'instanciation de la fonction modèle 'const Char *fmt::v11::detail::invoke_parse<const uintptr_t&,Char>(fmt::v11::parse_context<Char> &)' en cours de compilation [G:\AI\BG2_Upscale\sprite\.work\q3m-monster-layered-full-x2-20261004-v1\runtime-build\InfinityEngine-Enhancer.vcxproj]
          with
          [
              Char=char
          ]
G:\AI\BG2_Upscale\engine\InfinityEngine-Enhancer\source-patchee\build-vs2019-30fps-multicycle\_deps\spdlog-src\include\spdlog/fmt/bundled/base.h(2731): message : voir la référence à l'instanciation de la fonction modèle 'fmt::v11::detail::format_string_checker<char,1,0,false>::format_string_checker<const uintptr_t&>(fmt::v11::basic_string_view<char>,fmt::v11::detail::arg_pack<const uintptr_t &>)' en cours de compilation [G:\AI\BG2_Upscale\sprite\.work\q3m-monster-layered-full-x2-20261004-v1\runtime-build\InfinityEngine-Enhancer.vcxproj]
G:\AI\BG2_Upscale\engine\InfinityEngine-Enhancer\source-patchee\build-vs2019-30fps-multicycle\_deps\spdlog-src\include\spdlog/fmt/bundled/base.h(2736): message : voir la référence à l'instanciation de la fonction modèle 'fmt::v11::detail::format_string_checker<char,1,0,false>::format_string_checker<const uintptr_t&>(fmt::v11::basic_string_view<char>,fmt::v11::detail::arg_pack<const uintptr_t &>)' en cours de compilation [G:\AI\BG2_Upscale\sprite\.work\q3m-monster-layered-full-x2-20261004-v1\runtime-build\InfinityEngine-Enhancer.vcxproj]
G:\AI\BG2_Upscale\sprite\.work\q3m-monster-layered-full-x2-20261004-v1\runtime-src\src\iee\shader_diagnostics.cpp(93): message : voir la référence à l'instanciation de la fonction modèle 'fmt::v11::fstring<const uintptr_t &>::fstring<14>(const char (&)[14])' en cours de compilation [G:\AI\BG2_Upscale\sprite\.work\q3m-monster-layered-full-x2-20261004-v1\runtime-build\InfinityEngine-Enhancer.vcxproj]
G:\AI\BG2_Upscale\engine\InfinityEngine-Enhancer\source-patchee\build-vs2019-30fps-multicycle\_deps\spdlog-src\include\spdlog/fmt/bundled/base.h(1623,34): message : durant l'évaluation de la fonction constexpr 'fmt::v11::detail::format_string_checker<char,1,0,false>::on_format_specs' [G:\AI\BG2_Upscale\sprite\.work\q3m-monster-layered-full-x2-20261004-v1\runtime-build\InfinityEngine-Enhancer.vcxproj]
G:\AI\BG2_Upscale\engine\InfinityEngine-Enhancer\source-patchee\build-vs2019-30fps-multicycle\_deps\spdlog-src\include\spdlog/fmt/bundled/base.h(1638,42): message : durant l'évaluation de la fonction constexpr 'fmt::v11::detail::parse_replacement_field' [G:\AI\BG2_Upscale\sprite\.work\q3m-monster-layered-full-x2-20261004-v1\runtime-build\InfinityEngine-Enhancer.vcxproj]
G:\AI\BG2_Upscale\engine\InfinityEngine-Enhancer\source-patchee\build-vs2019-30fps-multicycle\_deps\spdlog-src\include\spdlog/fmt/bundled/base.h(2736,53): message : durant l'évaluation de la fonction constexpr 'fmt::v11::detail::parse_format_string' [G:\AI\BG2_Upscale\sprite\.work\q3m-monster-layered-full-x2-20261004-v1\runtime-build\InfinityEngine-Enhancer.vcxproj]
  shader_probe.cpp
G:\AI\BG2_Upscale\engine\InfinityEngine-Enhancer\source-patchee\build-vs2019-30fps-multicycle\_deps\spdlog-src\include\spdlog/fmt/bundled/base.h(1670,18): warning C4459: la déclaration de 'formattable' masque la déclaration globale [G:\AI\BG2_Upscale\sprite\.work\q3m-monster-layered-full-x2-20261004-v1\runtime-build\InfinityEngine-Enhancer.vcxproj]
G:\AI\BG2_Upscale\engine\InfinityEngine-Enhancer\source-patchee\build-vs2019-30fps-multicycle\_deps\spdlog-src\include\spdlog/fmt/bundled/base.h(2779,9): message : voir la déclaration de 'fmt::v11::formattable' [G:\AI\BG2_Upscale\sprite\.work\q3m-monster-layered-full-x2-20261004-v1\runtime-build\InfinityEngine-Enhancer.vcxproj]
G:\AI\BG2_Upscale\engine\InfinityEngine-Enhancer\source-patchee\build-vs2019-30fps-multicycle\_deps\spdlog-src\include\spdlog/fmt/bundled/base.h(1693): message : voir la référence à l'instanciation de la fonction modèle 'const Char *fmt::v11::detail::invoke_parse<bool&,Char>(fmt::v11::parse_context<Char> &)' en cours de compilation [G:\AI\BG2_Upscale\sprite\.work\q3m-monster-layered-full-x2-20261004-v1\runtime-build\InfinityEngine-Enhancer.vcxproj]
          with
          [
              Char=char
          ]
G:\AI\BG2_Upscale\engine\InfinityEngine-Enhancer\source-patchee\build-vs2019-30fps-multicycle\_deps\spdlog-src\include\spdlog/fmt/bundled/base.h(2731): message : voir la référence à l'instanciation de la fonction modèle 'fmt::v11::detail::format_string_checker<char,9,0,false>::format_string_checker<bool&,unsigned int,int&,unsigned int&,int&,int&,int&,const uint64_t&,std::string>(fmt::v11::basic_string_view<char>,fmt::v11::detail::arg_pack<bool &,unsigned int,int &,unsigned int &,int &,int &,int &,const uint64_t &,std::string>)' en cours de compilation [G:\AI\BG2_Upscale\sprite\.work\q3m-monster-layered-full-x2-20261004-v1\runtime-build\InfinityEngine-Enhancer.vcxproj]
G:\AI\BG2_Upscale\engine\InfinityEngine-Enhancer\source-patchee\build-vs2019-30fps-multicycle\_deps\spdlog-src\include\spdlog/fmt/bundled/base.h(2736): message : voir la référence à l'instanciation de la fonction modèle 'fmt::v11::detail::format_string_checker<char,9,0,false>::format_string_checker<bool&,unsigned int,int&,unsigned int&,int&,int&,int&,const uint64_t&,std::string>(fmt::v11::basic_string_view<char>,fmt::v11::detail::arg_pack<bool &,unsigned int,int &,unsigned int &,int &,int &,int &,const uint64_t &,std::string>)' en cours de compilation [G:\AI\BG2_Upscale\sprite\.work\q3m-monster-layered-full-x2-20261004-v1\runtime-build\InfinityEngine-Enhancer.vcxproj]
G:\AI\BG2_Upscale\sprite\.work\q3m-monster-layered-full-x2-20261004-v1\runtime-src\src\iee\shader_probe.cpp(388): message : voir la référence à l'instanciation de la fonction modèle 'fmt::v11::fstring<bool &,unsigned int,int &,unsigned int &,int &,int &,int &,const uint64_t &,std::string>::fstring<121>(const char (&)[121])' en cours de compilation [G:\AI\BG2_Upscale\sprite\.work\q3m-monster-layered-full-x2-20261004-v1\runtime-build\InfinityEngine-Enhancer.vcxproj]
G:\AI\BG2_Upscale\engine\InfinityEngine-Enhancer\source-patchee\build-vs2019-30fps-multicycle\_deps\spdlog-src\include\spdlog/fmt/bundled/base.h(1719,20): message : durant l'évaluation de la fonction constexpr 'fmt::v11::detail::format_string_checker<char,9,0,false>::on_format_specs' [G:\AI\BG2_Upscale\sprite\.work\q3m-monster-layered-full-x2-20261004-v1\runtime-build\InfinityEngine-Enhancer.vcxproj]
G:\AI\BG2_Upscale\engine\InfinityEngine-Enhancer\source-patchee\build-vs2019-30fps-multicycle\_deps\spdlog-src\include\spdlog/fmt/bundled/base.h(1595,33): message : durant l'évaluation de la fonction constexpr 'fmt::v11::detail::format_string_checker<char,9,0,false>::on_replacement_field' [G:\AI\BG2_Upscale\sprite\.work\q3m-monster-layered-full-x2-20261004-v1\runtime-build\InfinityEngine-Enhancer.vcxproj]
G:\AI\BG2_Upscale\engine\InfinityEngine-Enhancer\source-patchee\build-vs2019-30fps-multicycle\_deps\spdlog-src\include\spdlog/fmt/bundled/base.h(1638,42): message : durant l'évaluation de la fonction constexpr 'fmt::v11::detail::parse_replacement_field' [G:\AI\BG2_Upscale\sprite\.work\q3m-monster-layered-full-x2-20261004-v1\runtime-build\InfinityEngine-Enhancer.vcxproj]
G:\AI\BG2_Upscale\engine\InfinityEngine-Enhancer\source-patchee\build-vs2019-30fps-multicycle\_deps\spdlog-src\include\spdlog/fmt/bundled/base.h(2736,53): message : durant l'évaluation de la fonction constexpr 'fmt::v11::detail::parse_format_string' [G:\AI\BG2_Upscale\sprite\.work\q3m-monster-layered-full-x2-20261004-v1\runtime-build\InfinityEngine-Enhancer.vcxproj]
  shader_uniform_bridge.cpp
  supersample.cpp
G:\AI\BG2_Upscale\engine\InfinityEngine-Enhancer\source-patchee\build-vs2019-30fps-multicycle\_deps\spdlog-src\include\spdlog/fmt/bundled/base.h(1670,18): warning C4459: la déclaration de 'formattable' masque la déclaration globale [G:\AI\BG2_Upscale\sprite\.work\q3m-monster-layered-full-x2-20261004-v1\runtime-build\InfinityEngine-Enhancer.vcxproj]
G:\AI\BG2_Upscale\engine\InfinityEngine-Enhancer\source-patchee\build-vs2019-30fps-multicycle\_deps\spdlog-src\include\spdlog/fmt/bundled/base.h(2779,9): message : voir la déclaration de 'fmt::v11::formattable' [G:\AI\BG2_Upscale\sprite\.work\q3m-monster-layered-full-x2-20261004-v1\runtime-build\InfinityEngine-Enhancer.vcxproj]
G:\AI\BG2_Upscale\engine\InfinityEngine-Enhancer\source-patchee\build-vs2019-30fps-multicycle\_deps\spdlog-src\include\spdlog/fmt/bundled/base.h(1693): message : voir la référence à l'instanciation de la fonction modèle 'const Char *fmt::v11::detail::invoke_parse<std::string,Char>(fmt::v11::parse_context<Char> &)' en cours de compilation [G:\AI\BG2_Upscale\sprite\.work\q3m-monster-layered-full-x2-20261004-v1\runtime-build\InfinityEngine-Enhancer.vcxproj]
          with
          [
              Char=char
          ]
G:\AI\BG2_Upscale\engine\InfinityEngine-Enhancer\source-patchee\build-vs2019-30fps-multicycle\_deps\spdlog-src\include\spdlog/fmt/bundled/base.h(2731): message : voir la référence à l'instanciation de la fonction modèle 'fmt::v11::detail::format_string_checker<char,1,0,false>::format_string_checker<std::string>(fmt::v11::basic_string_view<char>,fmt::v11::detail::arg_pack<std::string>)' en cours de compilation [G:\AI\BG2_Upscale\sprite\.work\q3m-monster-layered-full-x2-20261004-v1\runtime-build\InfinityEngine-Enhancer.vcxproj]
G:\AI\BG2_Upscale\engine\InfinityEngine-Enhancer\source-patchee\build-vs2019-30fps-multicycle\_deps\spdlog-src\include\spdlog/fmt/bundled/base.h(2736): message : voir la référence à l'instanciation de la fonction modèle 'fmt::v11::detail::format_string_checker<char,1,0,false>::format_string_checker<std::string>(fmt::v11::basic_string_view<char>,fmt::v11::detail::arg_pack<std::string>)' en cours de compilation [G:\AI\BG2_Upscale\sprite\.work\q3m-monster-layered-full-x2-20261004-v1\runtime-build\InfinityEngine-Enhancer.vcxproj]
G:\AI\BG2_Upscale\sprite\.work\q3m-monster-layered-full-x2-20261004-v1\runtime-src\src\iee\supersample.cpp(180): message : voir la référence à l'instanciation de la fonction modèle 'fmt::v11::fstring<std::string>::fstring<38>(const char (&)[38])' en cours de compilation [G:\AI\BG2_Upscale\sprite\.work\q3m-monster-layered-full-x2-20261004-v1\runtime-build\InfinityEngine-Enhancer.vcxproj]
G:\AI\BG2_Upscale\engine\InfinityEngine-Enhancer\source-patchee\build-vs2019-30fps-multicycle\_deps\spdlog-src\include\spdlog/fmt/bundled/base.h(1719,20): message : durant l'évaluation de la fonction constexpr 'fmt::v11::detail::format_string_checker<char,1,0,false>::on_format_specs' [G:\AI\BG2_Upscale\sprite\.work\q3m-monster-layered-full-x2-20261004-v1\runtime-build\InfinityEngine-Enhancer.vcxproj]
G:\AI\BG2_Upscale\engine\InfinityEngine-Enhancer\source-patchee\build-vs2019-30fps-multicycle\_deps\spdlog-src\include\spdlog/fmt/bundled/base.h(1595,33): message : durant l'évaluation de la fonction constexpr 'fmt::v11::detail::format_string_checker<char,1,0,false>::on_replacement_field' [G:\AI\BG2_Upscale\sprite\.work\q3m-monster-layered-full-x2-20261004-v1\runtime-build\InfinityEngine-Enhancer.vcxproj]
G:\AI\BG2_Upscale\engine\InfinityEngine-Enhancer\source-patchee\build-vs2019-30fps-multicycle\_deps\spdlog-src\include\spdlog/fmt/bundled/base.h(1638,42): message : durant l'évaluation de la fonction constexpr 'fmt::v11::detail::parse_replacement_field' [G:\AI\BG2_Upscale\sprite\.work\q3m-monster-layered-full-x2-20261004-v1\runtime-build\InfinityEngine-Enhancer.vcxproj]
G:\AI\BG2_Upscale\engine\InfinityEngine-Enhancer\source-patchee\build-vs2019-30fps-multicycle\_deps\spdlog-src\include\spdlog/fmt/bundled/base.h(2736,53): message : durant l'évaluation de la fonction constexpr 'fmt::v11::detail::parse_format_string' [G:\AI\BG2_Upscale\sprite\.work\q3m-monster-layered-full-x2-20261004-v1\runtime-build\InfinityEngine-Enhancer.vcxproj]
  water_textures.cpp
G:\AI\BG2_Upscale\engine\InfinityEngine-Enhancer\source-patchee\build-vs2019-30fps-multicycle\_deps\spdlog-src\include\spdlog/fmt/bundled/base.h(1670,18): warning C4459: la déclaration de 'formattable' masque la déclaration globale [G:\AI\BG2_Upscale\sprite\.work\q3m-monster-layered-full-x2-20261004-v1\runtime-build\InfinityEngine-Enhancer.vcxproj]
G:\AI\BG2_Upscale\engine\InfinityEngine-Enhancer\source-patchee\build-vs2019-30fps-multicycle\_deps\spdlog-src\include\spdlog/fmt/bundled/base.h(2779,9): message : voir la déclaration de 'fmt::v11::formattable' [G:\AI\BG2_Upscale\sprite\.work\q3m-monster-layered-full-x2-20261004-v1\runtime-build\InfinityEngine-Enhancer.vcxproj]
G:\AI\BG2_Upscale\engine\InfinityEngine-Enhancer\source-patchee\build-vs2019-30fps-multicycle\_deps\spdlog-src\include\spdlog/fmt/bundled/base.h(1693): message : voir la référence à l'instanciation de la fonction modèle 'const Char *fmt::v11::detail::invoke_parse<std::string,Char>(fmt::v11::parse_context<Char> &)' en cours de compilation [G:\AI\BG2_Upscale\sprite\.work\q3m-monster-layered-full-x2-20261004-v1\runtime-build\InfinityEngine-Enhancer.vcxproj]
          with
          [
              Char=char
          ]
G:\AI\BG2_Upscale\engine\InfinityEngine-Enhancer\source-patchee\build-vs2019-30fps-multicycle\_deps\spdlog-src\include\spdlog/fmt/bundled/base.h(2731): message : voir la référence à l'instanciation de la fonction modèle 'fmt::v11::detail::format_string_checker<char,1,0,false>::format_string_checker<std::string>(fmt::v11::basic_string_view<char>,fmt::v11::detail::arg_pack<std::string>)' en cours de compilation [G:\AI\BG2_Upscale\sprite\.work\q3m-monster-layered-full-x2-20261004-v1\runtime-build\InfinityEngine-Enhancer.vcxproj]
G:\AI\BG2_Upscale\engine\InfinityEngine-Enhancer\source-patchee\build-vs2019-30fps-multicycle\_deps\spdlog-src\include\spdlog/fmt/bundled/base.h(2736): message : voir la référence à l'instanciation de la fonction modèle 'fmt::v11::detail::format_string_checker<char,1,0,false>::format_string_checker<std::string>(fmt::v11::basic_string_view<char>,fmt::v11::detail::arg_pack<std::string>)' en cours de compilation [G:\AI\BG2_Upscale\sprite\.work\q3m-monster-layered-full-x2-20261004-v1\runtime-build\InfinityEngine-Enhancer.vcxproj]
G:\AI\BG2_Upscale\sprite\.work\q3m-monster-layered-full-x2-20261004-v1\runtime-src\src\iee\water_textures.cpp(74): message : voir la référence à l'instanciation de la fonction modèle 'fmt::v11::fstring<std::string>::fstring<40>(const char (&)[40])' en cours de compilation [G:\AI\BG2_Upscale\sprite\.work\q3m-monster-layered-full-x2-20261004-v1\runtime-build\InfinityEngine-Enhancer.vcxproj]
G:\AI\BG2_Upscale\engine\InfinityEngine-Enhancer\source-patchee\build-vs2019-30fps-multicycle\_deps\spdlog-src\include\spdlog/fmt/bundled/base.h(1719,20): message : durant l'évaluation de la fonction constexpr 'fmt::v11::detail::format_string_checker<char,1,0,false>::on_format_specs' [G:\AI\BG2_Upscale\sprite\.work\q3m-monster-layered-full-x2-20261004-v1\runtime-build\InfinityEngine-Enhancer.vcxproj]
G:\AI\BG2_Upscale\engine\InfinityEngine-Enhancer\source-patchee\build-vs2019-30fps-multicycle\_deps\spdlog-src\include\spdlog/fmt/bundled/base.h(1595,33): message : durant l'évaluation de la fonction constexpr 'fmt::v11::detail::format_string_checker<char,1,0,false>::on_replacement_field' [G:\AI\BG2_Upscale\sprite\.work\q3m-monster-layered-full-x2-20261004-v1\runtime-build\InfinityEngine-Enhancer.vcxproj]
G:\AI\BG2_Upscale\engine\InfinityEngine-Enhancer\source-patchee\build-vs2019-30fps-multicycle\_deps\spdlog-src\include\spdlog/fmt/bundled/base.h(1638,42): message : durant l'évaluation de la fonction constexpr 'fmt::v11::detail::parse_replacement_field' [G:\AI\BG2_Upscale\sprite\.work\q3m-monster-layered-full-x2-20261004-v1\runtime-build\InfinityEngine-Enhancer.vcxproj]
G:\AI\BG2_Upscale\engine\InfinityEngine-Enhancer\source-patchee\build-vs2019-30fps-multicycle\_deps\spdlog-src\include\spdlog/fmt/bundled/base.h(2736,53): message : durant l'évaluation de la fonction constexpr 'fmt::v11::detail::parse_format_string' [G:\AI\BG2_Upscale\sprite\.work\q3m-monster-layered-full-x2-20261004-v1\runtime-build\InfinityEngine-Enhancer.vcxproj]
  water_route2_registry.cpp
G:\AI\BG2_Upscale\engine\InfinityEngine-Enhancer\source-patchee\build-vs2019-30fps-multicycle\_deps\spdlog-src\include\spdlog/fmt/bundled/base.h(1670,18): warning C4459: la déclaration de 'formattable' masque la déclaration globale [G:\AI\BG2_Upscale\sprite\.work\q3m-monster-layered-full-x2-20261004-v1\runtime-build\InfinityEngine-Enhancer.vcxproj]
G:\AI\BG2_Upscale\engine\InfinityEngine-Enhancer\source-patchee\build-vs2019-30fps-multicycle\_deps\spdlog-src\include\spdlog/fmt/bundled/base.h(2779,9): message : voir la déclaration de 'fmt::v11::formattable' [G:\AI\BG2_Upscale\sprite\.work\q3m-monster-layered-full-x2-20261004-v1\runtime-build\InfinityEngine-Enhancer.vcxproj]
G:\AI\BG2_Upscale\engine\InfinityEngine-Enhancer\source-patchee\build-vs2019-30fps-multicycle\_deps\spdlog-src\include\spdlog/fmt/bundled/base.h(1693): message : voir la référence à l'instanciation de la fonction modèle 'const Char *fmt::v11::detail::invoke_parse<std::string_view,Char>(fmt::v11::parse_context<Char> &)' en cours de compilation [G:\AI\BG2_Upscale\sprite\.work\q3m-monster-layered-full-x2-20261004-v1\runtime-build\InfinityEngine-Enhancer.vcxproj]
          with
          [
              Char=char
          ]
G:\AI\BG2_Upscale\engine\InfinityEngine-Enhancer\source-patchee\build-vs2019-30fps-multicycle\_deps\spdlog-src\include\spdlog/fmt/bundled/base.h(2731): message : voir la référence à l'instanciation de la fonction modèle 'fmt::v11::detail::format_string_checker<char,3,0,false>::format_string_checker<std::string_view,std::string_view,const uint32_t&>(fmt::v11::basic_string_view<char>,fmt::v11::detail::arg_pack<std::string_view,std::string_view,const uint32_t &>)' en cours de compilation [G:\AI\BG2_Upscale\sprite\.work\q3m-monster-layered-full-x2-20261004-v1\runtime-build\InfinityEngine-Enhancer.vcxproj]
G:\AI\BG2_Upscale\engine\InfinityEngine-Enhancer\source-patchee\build-vs2019-30fps-multicycle\_deps\spdlog-src\include\spdlog/fmt/bundled/base.h(2736): message : voir la référence à l'instanciation de la fonction modèle 'fmt::v11::detail::format_string_checker<char,3,0,false>::format_string_checker<std::string_view,std::string_view,const uint32_t&>(fmt::v11::basic_string_view<char>,fmt::v11::detail::arg_pack<std::string_view,std::string_view,const uint32_t &>)' en cours de compilation [G:\AI\BG2_Upscale\sprite\.work\q3m-monster-layered-full-x2-20261004-v1\runtime-build\InfinityEngine-Enhancer.vcxproj]
G:\AI\BG2_Upscale\sprite\.work\q3m-monster-layered-full-x2-20261004-v1\runtime-src\src\iee\water_route2_registry.cpp(161): message : voir la référence à l'instanciation de la fonction modèle 'fmt::v11::fstring<std::string_view,std::string_view,const uint32_t &>::fstring<57>(const char (&)[57])' en cours de compilation [G:\AI\BG2_Upscale\sprite\.work\q3m-monster-layered-full-x2-20261004-v1\runtime-build\InfinityEngine-Enhancer.vcxproj]
G:\AI\BG2_Upscale\engine\InfinityEngine-Enhancer\source-patchee\build-vs2019-30fps-multicycle\_deps\spdlog-src\include\spdlog/fmt/bundled/base.h(1719,20): message : durant l'évaluation de la fonction constexpr 'fmt::v11::detail::format_string_checker<char,3,0,false>::on_format_specs' [G:\AI\BG2_Upscale\sprite\.work\q3m-monster-layered-full-x2-20261004-v1\runtime-build\InfinityEngine-Enhancer.vcxproj]
G:\AI\BG2_Upscale\engine\InfinityEngine-Enhancer\source-patchee\build-vs2019-30fps-multicycle\_deps\spdlog-src\include\spdlog/fmt/bundled/base.h(1595,33): message : durant l'évaluation de la fonction constexpr 'fmt::v11::detail::format_string_checker<char,3,0,false>::on_replacement_field' [G:\AI\BG2_Upscale\sprite\.work\q3m-monster-layered-full-x2-20261004-v1\runtime-build\InfinityEngine-Enhancer.vcxproj]
G:\AI\BG2_Upscale\engine\InfinityEngine-Enhancer\source-patchee\build-vs2019-30fps-multicycle\_deps\spdlog-src\include\spdlog/fmt/bundled/base.h(1638,42): message : durant l'évaluation de la fonction constexpr 'fmt::v11::detail::parse_replacement_field' [G:\AI\BG2_Upscale\sprite\.work\q3m-monster-layered-full-x2-20261004-v1\runtime-build\InfinityEngine-Enhancer.vcxproj]
G:\AI\BG2_Upscale\engine\InfinityEngine-Enhancer\source-patchee\build-vs2019-30fps-multicycle\_deps\spdlog-src\include\spdlog/fmt/bundled/base.h(2736,53): message : durant l'évaluation de la fonction constexpr 'fmt::v11::detail::parse_format_string' [G:\AI\BG2_Upscale\sprite\.work\q3m-monster-layered-full-x2-20261004-v1\runtime-build\InfinityEngine-Enhancer.vcxproj]
  opengl_types.cpp
G:\AI\BG2_Upscale\engine\InfinityEngine-Enhancer\source-patchee\build-vs2019-30fps-multicycle\_deps\spdlog-src\include\spdlog/fmt/bundled/base.h(1670,18): warning C4459: la déclaration de 'formattable' masque la déclaration globale [G:\AI\BG2_Upscale\sprite\.work\q3m-monster-layered-full-x2-20261004-v1\runtime-build\InfinityEngine-Enhancer.vcxproj]
G:\AI\BG2_Upscale\engine\InfinityEngine-Enhancer\source-patchee\build-vs2019-30fps-multicycle\_deps\spdlog-src\include\spdlog/fmt/bundled/base.h(2779,9): message : voir la déclaration de 'fmt::v11::formattable' [G:\AI\BG2_Upscale\sprite\.work\q3m-monster-layered-full-x2-20261004-v1\runtime-build\InfinityEngine-Enhancer.vcxproj]
G:\AI\BG2_Upscale\engine\InfinityEngine-Enhancer\source-patchee\build-vs2019-30fps-multicycle\_deps\spdlog-src\include\spdlog/fmt/bundled/base.h(1693): message : voir la référence à l'instanciation de la fonction modèle 'const Char *fmt::v11::detail::invoke_parse<const char*&,Char>(fmt::v11::parse_context<Char> &)' en cours de compilation [G:\AI\BG2_Upscale\sprite\.work\q3m-monster-layered-full-x2-20261004-v1\runtime-build\InfinityEngine-Enhancer.vcxproj]
          with
          [
              Char=char
          ]
G:\AI\BG2_Upscale\engine\InfinityEngine-Enhancer\source-patchee\build-vs2019-30fps-multicycle\_deps\spdlog-src\include\spdlog/fmt/bundled/base.h(2731): message : voir la référence à l'instanciation de la fonction modèle 'fmt::v11::detail::format_string_checker<char,3,0,false>::format_string_checker<const char*&,const char*,unsigned int&>(fmt::v11::basic_string_view<char>,fmt::v11::detail::arg_pack<const char *&,const char *,unsigned int &>)' en cours de compilation [G:\AI\BG2_Upscale\sprite\.work\q3m-monster-layered-full-x2-20261004-v1\runtime-build\InfinityEngine-Enhancer.vcxproj]
G:\AI\BG2_Upscale\engine\InfinityEngine-Enhancer\source-patchee\build-vs2019-30fps-multicycle\_deps\spdlog-src\include\spdlog/fmt/bundled/base.h(2736): message : voir la référence à l'instanciation de la fonction modèle 'fmt::v11::detail::format_string_checker<char,3,0,false>::format_string_checker<const char*&,const char*,unsigned int&>(fmt::v11::basic_string_view<char>,fmt::v11::detail::arg_pack<const char *&,const char *,unsigned int &>)' en cours de compilation [G:\AI\BG2_Upscale\sprite\.work\q3m-monster-layered-full-x2-20261004-v1\runtime-build\InfinityEngine-Enhancer.vcxproj]
G:\AI\BG2_Upscale\sprite\.work\q3m-monster-layered-full-x2-20261004-v1\runtime-src\src\iee\game\opengl_types.cpp(58): message : voir la référence à l'instanciation de la fonction modèle 'fmt::v11::fstring<const char *&,const char *,unsigned int &>::fstring<32>(const char (&)[32])' en cours de compilation [G:\AI\BG2_Upscale\sprite\.work\q3m-monster-layered-full-x2-20261004-v1\runtime-build\InfinityEngine-Enhancer.vcxproj]
G:\AI\BG2_Upscale\engine\InfinityEngine-Enhancer\source-patchee\build-vs2019-30fps-multicycle\_deps\spdlog-src\include\spdlog/fmt/bundled/base.h(1719,20): message : durant l'évaluation de la fonction constexpr 'fmt::v11::detail::format_string_checker<char,3,0,false>::on_format_specs' [G:\AI\BG2_Upscale\sprite\.work\q3m-monster-layered-full-x2-20261004-v1\runtime-build\InfinityEngine-Enhancer.vcxproj]
G:\AI\BG2_Upscale\engine\InfinityEngine-Enhancer\source-patchee\build-vs2019-30fps-multicycle\_deps\spdlog-src\include\spdlog/fmt/bundled/base.h(1595,33): message : durant l'évaluation de la fonction constexpr 'fmt::v11::detail::format_string_checker<char,3,0,false>::on_replacement_field' [G:\AI\BG2_Upscale\sprite\.work\q3m-monster-layered-full-x2-20261004-v1\runtime-build\InfinityEngine-Enhancer.vcxproj]
G:\AI\BG2_Upscale\engine\InfinityEngine-Enhancer\source-patchee\build-vs2019-30fps-multicycle\_deps\spdlog-src\include\spdlog/fmt/bundled/base.h(1638,42): message : durant l'évaluation de la fonction constexpr 'fmt::v11::detail::parse_replacement_field' [G:\AI\BG2_Upscale\sprite\.work\q3m-monster-layered-full-x2-20261004-v1\runtime-build\InfinityEngine-Enhancer.vcxproj]
G:\AI\BG2_Upscale\engine\InfinityEngine-Enhancer\source-patchee\build-vs2019-30fps-multicycle\_deps\spdlog-src\include\spdlog/fmt/bundled/base.h(2736,53): message : durant l'évaluation de la fonction constexpr 'fmt::v11::detail::parse_format_string' [G:\AI\BG2_Upscale\sprite\.work\q3m-monster-layered-full-x2-20261004-v1\runtime-build\InfinityEngine-Enhancer.vcxproj]
  renderer.cpp
G:\AI\BG2_Upscale\engine\InfinityEngine-Enhancer\source-patchee\build-vs2019-30fps-multicycle\_deps\spdlog-src\include\spdlog/fmt/bundled/base.h(1670,18): warning C4459: la déclaration de 'formattable' masque la déclaration globale [G:\AI\BG2_Upscale\sprite\.work\q3m-monster-layered-full-x2-20261004-v1\runtime-build\InfinityEngine-Enhancer.vcxproj]
G:\AI\BG2_Upscale\engine\InfinityEngine-Enhancer\source-patchee\build-vs2019-30fps-multicycle\_deps\spdlog-src\include\spdlog/fmt/bundled/base.h(2779,9): message : voir la déclaration de 'fmt::v11::formattable' [G:\AI\BG2_Upscale\sprite\.work\q3m-monster-layered-full-x2-20261004-v1\runtime-build\InfinityEngine-Enhancer.vcxproj]
G:\AI\BG2_Upscale\engine\InfinityEngine-Enhancer\source-patchee\build-vs2019-30fps-multicycle\_deps\spdlog-src\include\spdlog/fmt/bundled/base.h(1693): message : voir la référence à l'instanciation de la fonction modèle 'const Char *fmt::v11::detail::invoke_parse<const char*&,Char>(fmt::v11::parse_context<Char> &)' en cours de compilation [G:\AI\BG2_Upscale\sprite\.work\q3m-monster-layered-full-x2-20261004-v1\runtime-build\InfinityEngine-Enhancer.vcxproj]
          with
          [
              Char=char
          ]
G:\AI\BG2_Upscale\engine\InfinityEngine-Enhancer\source-patchee\build-vs2019-30fps-multicycle\_deps\spdlog-src\include\spdlog/fmt/bundled/base.h(2731): message : voir la référence à l'instanciation de la fonction modèle 'fmt::v11::detail::format_string_checker<char,5,0,false>::format_string_checker<const char*&,const char*const &,const size_t&,const char*,const uint8_t&>(fmt::v11::basic_string_view<char>,fmt::v11::detail::arg_pack<const char *&,const char *const &,const size_t &,const char *,const uint8_t &>)' en cours de compilation [G:\AI\BG2_Upscale\sprite\.work\q3m-monster-layered-full-x2-20261004-v1\runtime-build\InfinityEngine-Enhancer.vcxproj]
G:\AI\BG2_Upscale\engine\InfinityEngine-Enhancer\source-patchee\build-vs2019-30fps-multicycle\_deps\spdlog-src\include\spdlog/fmt/bundled/base.h(2736): message : voir la référence à l'instanciation de la fonction modèle 'fmt::v11::detail::format_string_checker<char,5,0,false>::format_string_checker<const char*&,const char*const &,const size_t&,const char*,const uint8_t&>(fmt::v11::basic_string_view<char>,fmt::v11::detail::arg_pack<const char *&,const char *const &,const size_t &,const char *,const uint8_t &>)' en cours de compilation [G:\AI\BG2_Upscale\sprite\.work\q3m-monster-layered-full-x2-20261004-v1\runtime-build\InfinityEngine-Enhancer.vcxproj]
G:\AI\BG2_Upscale\sprite\.work\q3m-monster-layered-full-x2-20261004-v1\runtime-src\src\iee\game\renderer.cpp(106): message : voir la référence à l'instanciation de la fonction modèle 'fmt::v11::fstring<const char *&,const char *const &,const size_t &,const char *,const uint8_t &>::fstring<64>(const char (&)[64])' en cours de compilation [G:\AI\BG2_Upscale\sprite\.work\q3m-monster-layered-full-x2-20261004-v1\runtime-build\InfinityEngine-Enhancer.vcxproj]
G:\AI\BG2_Upscale\engine\InfinityEngine-Enhancer\source-patchee\build-vs2019-30fps-multicycle\_deps\spdlog-src\include\spdlog/fmt/bundled/base.h(1719,20): message : durant l'évaluation de la fonction constexpr 'fmt::v11::detail::format_string_checker<char,5,0,false>::on_format_specs' [G:\AI\BG2_Upscale\sprite\.work\q3m-monster-layered-full-x2-20261004-v1\runtime-build\InfinityEngine-Enhancer.vcxproj]
G:\AI\BG2_Upscale\engine\InfinityEngine-Enhancer\source-patchee\build-vs2019-30fps-multicycle\_deps\spdlog-src\include\spdlog/fmt/bundled/base.h(1595,33): message : durant l'évaluation de la fonction constexpr 'fmt::v11::detail::format_string_checker<char,5,0,false>::on_replacement_field' [G:\AI\BG2_Upscale\sprite\.work\q3m-monster-layered-full-x2-20261004-v1\runtime-build\InfinityEngine-Enhancer.vcxproj]
G:\AI\BG2_Upscale\engine\InfinityEngine-Enhancer\source-patchee\build-vs2019-30fps-multicycle\_deps\spdlog-src\include\spdlog/fmt/bundled/base.h(1638,42): message : durant l'évaluation de la fonction constexpr 'fmt::v11::detail::parse_replacement_field' [G:\AI\BG2_Upscale\sprite\.work\q3m-monster-layered-full-x2-20261004-v1\runtime-build\InfinityEngine-Enhancer.vcxproj]
G:\AI\BG2_Upscale\engine\InfinityEngine-Enhancer\source-patchee\build-vs2019-30fps-multicycle\_deps\spdlog-src\include\spdlog/fmt/bundled/base.h(2736,53): message : durant l'évaluation de la fonction constexpr 'fmt::v11::detail::parse_format_string' [G:\AI\BG2_Upscale\sprite\.work\q3m-monster-layered-full-x2-20261004-v1\runtime-build\InfinityEngine-Enhancer.vcxproj]
  Génération de code en cours...
     Création de la bibliothèque G:/AI/BG2_Upscale/sprite/.work/q3m-monster-layered-full-x2-20261004-v1/runtime-build/Release/InfinityEngine-Enhancer.lib et de l'objet G:/AI/BG2_Upscale/sprite/.work/q3m-monster-layered-full-x2-20261004-v1/runtime-build/Release/InfinityEngine-Enhancer.exp
  InfinityEngine-Enhancer.vcxproj -> G:\AI\BG2_Upscale\sprite\.work\q3m-monster-layered-full-x2-20261004-v1\runtime-build\Release\InfinityEngine-Enhancer.dll
Microsoft (R) Build Engine version 16.11.2+f32259642 pour .NET Framework
Copyright (C) Microsoft Corporation. Tous droits réservés.

  spdlog.vcxproj -> G:\AI\BG2_Upscale\sprite\.work\q3m-monster-layered-full-x2-20261004-v1\runtime-build\_deps\spdlog-build\Release\spdlog.lib
  zlibstatic.vcxproj -> G:\AI\BG2_Upscale\sprite\.work\q3m-monster-layered-full-x2-20261004-v1\runtime-build\_deps\zlib-build\Release\zs.lib
  iee_common.vcxproj -> G:\AI\BG2_Upscale\sprite\.work\q3m-monster-layered-full-x2-20261004-v1\runtime-build\Release\iee_common.lib
  Building Custom Rule G:/AI/BG2_Upscale/sprite/.work/q3m-monster-layered-full-x2-20261004-v1/runtime-src/CMakeLists.txt
  palette_partner_tests.cpp
  creature_sprite_x2.cpp
C:\Program Files (x86)\Microsoft Visual Studio\2019\BuildTools\VC\Tools\MSVC\14.29.30133\include\utility(186,16): warning C4244: 'initialisation' : conversion de '_Ty' en '_Ty1', perte possible de données [G:\AI\BG2_Upscale\sprite\.work\q3m-monster-layered-full-x2-20261004-v1\runtime-build\iee_palette_partner_tests.vcxproj]
          with
          [
              _Ty=int
          ]
          and
          [
              _Ty1=uint16_t
          ]
G:\AI\BG2_Upscale\sprite\.work\q3m-monster-layered-full-x2-20261004-v1\runtime-src\src\iee/core/sprite_family_owners.h(473): message : voir la référence à l'instanciation de la fonction modèle 'std::pair<uint16_t,uint32_t>::pair<int,int,0>(_Other1 &&,_Other2 &&) noexcept' en cours de compilation [G:\AI\BG2_Upscale\sprite\.work\q3m-monster-layered-full-x2-20261004-v1\runtime-build\iee_palette_partner_tests.vcxproj]
          with
          [
              _Other1=int,
              _Other2=int
          ]
G:\AI\BG2_Upscale\engine\InfinityEngine-Enhancer\source-patchee\build-vs2019-30fps-multicycle\_deps\spdlog-src\include\spdlog/fmt/bundled/base.h(1670,18): warning C4459: la déclaration de 'formattable' masque la déclaration globale [G:\AI\BG2_Upscale\sprite\.work\q3m-monster-layered-full-x2-20261004-v1\runtime-build\iee_palette_partner_tests.vcxproj]
G:\AI\BG2_Upscale\engine\InfinityEngine-Enhancer\source-patchee\build-vs2019-30fps-multicycle\_deps\spdlog-src\include\spdlog/fmt/bundled/base.h(2779,9): message : voir la déclaration de 'fmt::v11::formattable' [G:\AI\BG2_Upscale\sprite\.work\q3m-monster-layered-full-x2-20261004-v1\runtime-build\iee_palette_partner_tests.vcxproj]
G:\AI\BG2_Upscale\engine\InfinityEngine-Enhancer\source-patchee\build-vs2019-30fps-multicycle\_deps\spdlog-src\include\spdlog/fmt/bundled/base.h(1693): message : voir la référence à l'instanciation de la fonction modèle 'const Char *fmt::v11::detail::invoke_parse<unsigned int&,Char>(fmt::v11::parse_context<Char> &)' en cours de compilation [G:\AI\BG2_Upscale\sprite\.work\q3m-monster-layered-full-x2-20261004-v1\runtime-build\iee_palette_partner_tests.vcxproj]
          with
          [
              Char=char
          ]
G:\AI\BG2_Upscale\engine\InfinityEngine-Enhancer\source-patchee\build-vs2019-30fps-multicycle\_deps\spdlog-src\include\spdlog/fmt/bundled/base.h(2731): message : voir la référence à l'instanciation de la fonction modèle 'fmt::v11::detail::format_string_checker<char,1,0,false>::format_string_checker<unsigned int&>(fmt::v11::basic_string_view<char>,fmt::v11::detail::arg_pack<unsigned int &>)' en cours de compilation [G:\AI\BG2_Upscale\sprite\.work\q3m-monster-layered-full-x2-20261004-v1\runtime-build\iee_palette_partner_tests.vcxproj]
G:\AI\BG2_Upscale\engine\InfinityEngine-Enhancer\source-patchee\build-vs2019-30fps-multicycle\_deps\spdlog-src\include\spdlog/fmt/bundled/base.h(2736): message : voir la référence à l'instanciation de la fonction modèle 'fmt::v11::detail::format_string_checker<char,1,0,false>::format_string_checker<unsigned int&>(fmt::v11::basic_string_view<char>,fmt::v11::detail::arg_pack<unsigned int &>)' en cours de compilation [G:\AI\BG2_Upscale\sprite\.work\q3m-monster-layered-full-x2-20261004-v1\runtime-build\iee_palette_partner_tests.vcxproj]
G:\AI\BG2_Upscale\sprite\.work\q3m-monster-layered-full-x2-20261004-v1\runtime-src\src\iee\creature_sprite_x2.cpp(506): message : voir la référence à l'instanciation de la fonction modèle 'fmt::v11::fstring<unsigned int &>::fstring<95>(const char (&)[95])' en cours de compilation [G:\AI\BG2_Upscale\sprite\.work\q3m-monster-layered-full-x2-20261004-v1\runtime-build\iee_palette_partner_tests.vcxproj]
G:\AI\BG2_Upscale\engine\InfinityEngine-Enhancer\source-patchee\build-vs2019-30fps-multicycle\_deps\spdlog-src\include\spdlog/fmt/bundled/base.h(1719,20): message : durant l'évaluation de la fonction constexpr 'fmt::v11::detail::format_string_checker<char,1,0,false>::on_format_specs' [G:\AI\BG2_Upscale\sprite\.work\q3m-monster-layered-full-x2-20261004-v1\runtime-build\iee_palette_partner_tests.vcxproj]
G:\AI\BG2_Upscale\engine\InfinityEngine-Enhancer\source-patchee\build-vs2019-30fps-multicycle\_deps\spdlog-src\include\spdlog/fmt/bundled/base.h(1595,33): message : durant l'évaluation de la fonction constexpr 'fmt::v11::detail::format_string_checker<char,1,0,false>::on_replacement_field' [G:\AI\BG2_Upscale\sprite\.work\q3m-monster-layered-full-x2-20261004-v1\runtime-build\iee_palette_partner_tests.vcxproj]
G:\AI\BG2_Upscale\engine\InfinityEngine-Enhancer\source-patchee\build-vs2019-30fps-multicycle\_deps\spdlog-src\include\spdlog/fmt/bundled/base.h(1638,42): message : durant l'évaluation de la fonction constexpr 'fmt::v11::detail::parse_replacement_field' [G:\AI\BG2_Upscale\sprite\.work\q3m-monster-layered-full-x2-20261004-v1\runtime-build\iee_palette_partner_tests.vcxproj]
G:\AI\BG2_Upscale\engine\InfinityEngine-Enhancer\source-patchee\build-vs2019-30fps-multicycle\_deps\spdlog-src\include\spdlog/fmt/bundled/base.h(2736,53): message : durant l'évaluation de la fonction constexpr 'fmt::v11::detail::parse_format_string' [G:\AI\BG2_Upscale\sprite\.work\q3m-monster-layered-full-x2-20261004-v1\runtime-build\iee_palette_partner_tests.vcxproj]
  opengl_types.cpp
G:\AI\BG2_Upscale\engine\InfinityEngine-Enhancer\source-patchee\build-vs2019-30fps-multicycle\_deps\spdlog-src\include\spdlog/fmt/bundled/base.h(1670,18): warning C4459: la déclaration de 'formattable' masque la déclaration globale [G:\AI\BG2_Upscale\sprite\.work\q3m-monster-layered-full-x2-20261004-v1\runtime-build\iee_palette_partner_tests.vcxproj]
G:\AI\BG2_Upscale\engine\InfinityEngine-Enhancer\source-patchee\build-vs2019-30fps-multicycle\_deps\spdlog-src\include\spdlog/fmt/bundled/base.h(2779,9): message : voir la déclaration de 'fmt::v11::formattable' [G:\AI\BG2_Upscale\sprite\.work\q3m-monster-layered-full-x2-20261004-v1\runtime-build\iee_palette_partner_tests.vcxproj]
G:\AI\BG2_Upscale\engine\InfinityEngine-Enhancer\source-patchee\build-vs2019-30fps-multicycle\_deps\spdlog-src\include\spdlog/fmt/bundled/base.h(1693): message : voir la référence à l'instanciation de la fonction modèle 'const Char *fmt::v11::detail::invoke_parse<const char*&,Char>(fmt::v11::parse_context<Char> &)' en cours de compilation [G:\AI\BG2_Upscale\sprite\.work\q3m-monster-layered-full-x2-20261004-v1\runtime-build\iee_palette_partner_tests.vcxproj]
          with
          [
              Char=char
          ]
G:\AI\BG2_Upscale\engine\InfinityEngine-Enhancer\source-patchee\build-vs2019-30fps-multicycle\_deps\spdlog-src\include\spdlog/fmt/bundled/base.h(2731): message : voir la référence à l'instanciation de la fonction modèle 'fmt::v11::detail::format_string_checker<char,3,0,false>::format_string_checker<const char*&,const char*,unsigned int&>(fmt::v11::basic_string_view<char>,fmt::v11::detail::arg_pack<const char *&,const char *,unsigned int &>)' en cours de compilation [G:\AI\BG2_Upscale\sprite\.work\q3m-monster-layered-full-x2-20261004-v1\runtime-build\iee_palette_partner_tests.vcxproj]
G:\AI\BG2_Upscale\engine\InfinityEngine-Enhancer\source-patchee\build-vs2019-30fps-multicycle\_deps\spdlog-src\include\spdlog/fmt/bundled/base.h(2736): message : voir la référence à l'instanciation de la fonction modèle 'fmt::v11::detail::format_string_checker<char,3,0,false>::format_string_checker<const char*&,const char*,unsigned int&>(fmt::v11::basic_string_view<char>,fmt::v11::detail::arg_pack<const char *&,const char *,unsigned int &>)' en cours de compilation [G:\AI\BG2_Upscale\sprite\.work\q3m-monster-layered-full-x2-20261004-v1\runtime-build\iee_palette_partner_tests.vcxproj]
G:\AI\BG2_Upscale\sprite\.work\q3m-monster-layered-full-x2-20261004-v1\runtime-src\src\iee\game\opengl_types.cpp(58): message : voir la référence à l'instanciation de la fonction modèle 'fmt::v11::fstring<const char *&,const char *,unsigned int &>::fstring<32>(const char (&)[32])' en cours de compilation [G:\AI\BG2_Upscale\sprite\.work\q3m-monster-layered-full-x2-20261004-v1\runtime-build\iee_palette_partner_tests.vcxproj]
G:\AI\BG2_Upscale\engine\InfinityEngine-Enhancer\source-patchee\build-vs2019-30fps-multicycle\_deps\spdlog-src\include\spdlog/fmt/bundled/base.h(1719,20): message : durant l'évaluation de la fonction constexpr 'fmt::v11::detail::format_string_checker<char,3,0,false>::on_format_specs' [G:\AI\BG2_Upscale\sprite\.work\q3m-monster-layered-full-x2-20261004-v1\runtime-build\iee_palette_partner_tests.vcxproj]
G:\AI\BG2_Upscale\engine\InfinityEngine-Enhancer\source-patchee\build-vs2019-30fps-multicycle\_deps\spdlog-src\include\spdlog/fmt/bundled/base.h(1595,33): message : durant l'évaluation de la fonction constexpr 'fmt::v11::detail::format_string_checker<char,3,0,false>::on_replacement_field' [G:\AI\BG2_Upscale\sprite\.work\q3m-monster-layered-full-x2-20261004-v1\runtime-build\iee_palette_partner_tests.vcxproj]
G:\AI\BG2_Upscale\engine\InfinityEngine-Enhancer\source-patchee\build-vs2019-30fps-multicycle\_deps\spdlog-src\include\spdlog/fmt/bundled/base.h(1638,42): message : durant l'évaluation de la fonction constexpr 'fmt::v11::detail::parse_replacement_field' [G:\AI\BG2_Upscale\sprite\.work\q3m-monster-layered-full-x2-20261004-v1\runtime-build\iee_palette_partner_tests.vcxproj]
G:\AI\BG2_Upscale\engine\InfinityEngine-Enhancer\source-patchee\build-vs2019-30fps-multicycle\_deps\spdlog-src\include\spdlog/fmt/bundled/base.h(2736,53): message : durant l'évaluation de la fonction constexpr 'fmt::v11::detail::parse_format_string' [G:\AI\BG2_Upscale\sprite\.work\q3m-monster-layered-full-x2-20261004-v1\runtime-build\iee_palette_partner_tests.vcxproj]
  Génération de code en cours...
  iee_palette_partner_tests.vcxproj -> G:\AI\BG2_Upscale\sprite\.work\q3m-monster-layered-full-x2-20261004-v1\runtime-build\Release\iee_palette_partner_tests.exe
Microsoft (R) Build Engine version 16.11.2+f32259642 pour .NET Framework
Copyright (C) Microsoft Corporation. Tous droits réservés.

  spdlog.vcxproj -> G:\AI\BG2_Upscale\sprite\.work\q3m-monster-layered-full-x2-20261004-v1\runtime-build\_deps\spdlog-build\Release\spdlog.lib
  zlibstatic.vcxproj -> G:\AI\BG2_Upscale\sprite\.work\q3m-monster-layered-full-x2-20261004-v1\runtime-build\_deps\zlib-build\Release\zs.lib
  iee_common.vcxproj -> G:\AI\BG2_Upscale\sprite\.work\q3m-monster-layered-full-x2-20261004-v1\runtime-build\Release\iee_common.lib
  Building Custom Rule G:/AI/BG2_Upscale/sprite/.work/q3m-monster-layered-full-x2-20261004-v1/runtime-src/CMakeLists.txt
  iee_tests.cpp
G:\AI\BG2_Upscale\engine\InfinityEngine-Enhancer\source-patchee\build-vs2019-30fps-multicycle\_deps\spdlog-src\include\spdlog/fmt/bundled/base.h(1670,18): warning C4459: la déclaration de 'formattable' masque la déclaration globale [G:\AI\BG2_Upscale\sprite\.work\q3m-monster-layered-full-x2-20261004-v1\runtime-build\iee_tests.vcxproj]
G:\AI\BG2_Upscale\engine\InfinityEngine-Enhancer\source-patchee\build-vs2019-30fps-multicycle\_deps\spdlog-src\include\spdlog/fmt/bundled/base.h(2779,9): message : voir la déclaration de 'fmt::v11::formattable' [G:\AI\BG2_Upscale\sprite\.work\q3m-monster-layered-full-x2-20261004-v1\runtime-build\iee_tests.vcxproj]
G:\AI\BG2_Upscale\engine\InfinityEngine-Enhancer\source-patchee\build-vs2019-30fps-multicycle\_deps\spdlog-src\include\spdlog/fmt/bundled/base.h(1693): message : voir la référence à l'instanciation de la fonction modèle 'const Char *fmt::v11::detail::invoke_parse<size_t&,Char>(fmt::v11::parse_context<Char> &)' en cours de compilation [G:\AI\BG2_Upscale\sprite\.work\q3m-monster-layered-full-x2-20261004-v1\runtime-build\iee_tests.vcxproj]
          with
          [
              Char=char
          ]
G:\AI\BG2_Upscale\engine\InfinityEngine-Enhancer\source-patchee\build-vs2019-30fps-multicycle\_deps\spdlog-src\include\spdlog/fmt/bundled/base.h(2731): message : voir la référence à l'instanciation de la fonction modèle 'fmt::v11::detail::format_string_checker<char,1,0,false>::format_string_checker<size_t&>(fmt::v11::basic_string_view<char>,fmt::v11::detail::arg_pack<size_t &>)' en cours de compilation [G:\AI\BG2_Upscale\sprite\.work\q3m-monster-layered-full-x2-20261004-v1\runtime-build\iee_tests.vcxproj]
G:\AI\BG2_Upscale\engine\InfinityEngine-Enhancer\source-patchee\build-vs2019-30fps-multicycle\_deps\spdlog-src\include\spdlog/fmt/bundled/base.h(2736): message : voir la référence à l'instanciation de la fonction modèle 'fmt::v11::detail::format_string_checker<char,1,0,false>::format_string_checker<size_t&>(fmt::v11::basic_string_view<char>,fmt::v11::detail::arg_pack<size_t &>)' en cours de compilation [G:\AI\BG2_Upscale\sprite\.work\q3m-monster-layered-full-x2-20261004-v1\runtime-build\iee_tests.vcxproj]
G:\AI\BG2_Upscale\sprite\.work\q3m-monster-layered-full-x2-20261004-v1\runtime-src\tests\iee_tests.cpp(1026): message : voir la référence à l'instanciation de la fonction modèle 'fmt::v11::fstring<size_t &>::fstring<60>(const char (&)[60])' en cours de compilation [G:\AI\BG2_Upscale\sprite\.work\q3m-monster-layered-full-x2-20261004-v1\runtime-build\iee_tests.vcxproj]
G:\AI\BG2_Upscale\engine\InfinityEngine-Enhancer\source-patchee\build-vs2019-30fps-multicycle\_deps\spdlog-src\include\spdlog/fmt/bundled/base.h(1623,34): message : durant l'évaluation de la fonction constexpr 'fmt::v11::detail::format_string_checker<char,1,0,false>::on_format_specs' [G:\AI\BG2_Upscale\sprite\.work\q3m-monster-layered-full-x2-20261004-v1\runtime-build\iee_tests.vcxproj]
G:\AI\BG2_Upscale\engine\InfinityEngine-Enhancer\source-patchee\build-vs2019-30fps-multicycle\_deps\spdlog-src\include\spdlog/fmt/bundled/base.h(1638,42): message : durant l'évaluation de la fonction constexpr 'fmt::v11::detail::parse_replacement_field' [G:\AI\BG2_Upscale\sprite\.work\q3m-monster-layered-full-x2-20261004-v1\runtime-build\iee_tests.vcxproj]
G:\AI\BG2_Upscale\engine\InfinityEngine-Enhancer\source-patchee\build-vs2019-30fps-multicycle\_deps\spdlog-src\include\spdlog/fmt/bundled/base.h(2736,53): message : durant l'évaluation de la fonction constexpr 'fmt::v11::detail::parse_format_string' [G:\AI\BG2_Upscale\sprite\.work\q3m-monster-layered-full-x2-20261004-v1\runtime-build\iee_tests.vcxproj]
  area_animation_x4_registry.cpp
G:\AI\BG2_Upscale\engine\InfinityEngine-Enhancer\source-patchee\build-vs2019-30fps-multicycle\_deps\spdlog-src\include\spdlog/fmt/bundled/base.h(1670,18): warning C4459: la déclaration de 'formattable' masque la déclaration globale [G:\AI\BG2_Upscale\sprite\.work\q3m-monster-layered-full-x2-20261004-v1\runtime-build\iee_tests.vcxproj]
G:\AI\BG2_Upscale\engine\InfinityEngine-Enhancer\source-patchee\build-vs2019-30fps-multicycle\_deps\spdlog-src\include\spdlog/fmt/bundled/base.h(2779,9): message : voir la déclaration de 'fmt::v11::formattable' [G:\AI\BG2_Upscale\sprite\.work\q3m-monster-layered-full-x2-20261004-v1\runtime-build\iee_tests.vcxproj]
G:\AI\BG2_Upscale\engine\InfinityEngine-Enhancer\source-patchee\build-vs2019-30fps-multicycle\_deps\spdlog-src\include\spdlog/fmt/bundled/base.h(1693): message : voir la référence à l'instanciation de la fonction modèle 'const Char *fmt::v11::detail::invoke_parse<const size_t&,Char>(fmt::v11::parse_context<Char> &)' en cours de compilation [G:\AI\BG2_Upscale\sprite\.work\q3m-monster-layered-full-x2-20261004-v1\runtime-build\iee_tests.vcxproj]
          with
          [
              Char=char
          ]
G:\AI\BG2_Upscale\engine\InfinityEngine-Enhancer\source-patchee\build-vs2019-30fps-multicycle\_deps\spdlog-src\include\spdlog/fmt/bundled/base.h(2731): message : voir la référence à l'instanciation de la fonction modèle 'fmt::v11::detail::format_string_checker<char,1,0,false>::format_string_checker<const size_t&>(fmt::v11::basic_string_view<char>,fmt::v11::detail::arg_pack<const size_t &>)' en cours de compilation [G:\AI\BG2_Upscale\sprite\.work\q3m-monster-layered-full-x2-20261004-v1\runtime-build\iee_tests.vcxproj]
G:\AI\BG2_Upscale\engine\InfinityEngine-Enhancer\source-patchee\build-vs2019-30fps-multicycle\_deps\spdlog-src\include\spdlog/fmt/bundled/base.h(2736): message : voir la référence à l'instanciation de la fonction modèle 'fmt::v11::detail::format_string_checker<char,1,0,false>::format_string_checker<const size_t&>(fmt::v11::basic_string_view<char>,fmt::v11::detail::arg_pack<const size_t &>)' en cours de compilation [G:\AI\BG2_Upscale\sprite\.work\q3m-monster-layered-full-x2-20261004-v1\runtime-build\iee_tests.vcxproj]
G:\AI\BG2_Upscale\sprite\.work\q3m-monster-layered-full-x2-20261004-v1\runtime-src\src\iee\area_animation_x4_registry.cpp(308): message : voir la référence à l'instanciation de la fonction modèle 'fmt::v11::fstring<const size_t &>::fstring<99>(const char (&)[99])' en cours de compilation [G:\AI\BG2_Upscale\sprite\.work\q3m-monster-layered-full-x2-20261004-v1\runtime-build\iee_tests.vcxproj]
G:\AI\BG2_Upscale\engine\InfinityEngine-Enhancer\source-patchee\build-vs2019-30fps-multicycle\_deps\spdlog-src\include\spdlog/fmt/bundled/base.h(1719,20): message : durant l'évaluation de la fonction constexpr 'fmt::v11::detail::format_string_checker<char,1,0,false>::on_format_specs' [G:\AI\BG2_Upscale\sprite\.work\q3m-monster-layered-full-x2-20261004-v1\runtime-build\iee_tests.vcxproj]
G:\AI\BG2_Upscale\engine\InfinityEngine-Enhancer\source-patchee\build-vs2019-30fps-multicycle\_deps\spdlog-src\include\spdlog/fmt/bundled/base.h(1595,33): message : durant l'évaluation de la fonction constexpr 'fmt::v11::detail::format_string_checker<char,1,0,false>::on_replacement_field' [G:\AI\BG2_Upscale\sprite\.work\q3m-monster-layered-full-x2-20261004-v1\runtime-build\iee_tests.vcxproj]
G:\AI\BG2_Upscale\engine\InfinityEngine-Enhancer\source-patchee\build-vs2019-30fps-multicycle\_deps\spdlog-src\include\spdlog/fmt/bundled/base.h(1638,42): message : durant l'évaluation de la fonction constexpr 'fmt::v11::detail::parse_replacement_field' [G:\AI\BG2_Upscale\sprite\.work\q3m-monster-layered-full-x2-20261004-v1\runtime-build\iee_tests.vcxproj]
G:\AI\BG2_Upscale\engine\InfinityEngine-Enhancer\source-patchee\build-vs2019-30fps-multicycle\_deps\spdlog-src\include\spdlog/fmt/bundled/base.h(2736,53): message : durant l'évaluation de la fonction constexpr 'fmt::v11::detail::parse_format_string' [G:\AI\BG2_Upscale\sprite\.work\q3m-monster-layered-full-x2-20261004-v1\runtime-build\iee_tests.vcxproj]
  creature_sprite_x2.cpp
C:\Program Files (x86)\Microsoft Visual Studio\2019\BuildTools\VC\Tools\MSVC\14.29.30133\include\utility(186,16): warning C4244: 'initialisation' : conversion de '_Ty' en '_Ty1', perte possible de données [G:\AI\BG2_Upscale\sprite\.work\q3m-monster-layered-full-x2-20261004-v1\runtime-build\iee_tests.vcxproj]
          with
          [
              _Ty=int
          ]
          and
          [
              _Ty1=uint16_t
          ]
G:\AI\BG2_Upscale\sprite\.work\q3m-monster-layered-full-x2-20261004-v1\runtime-src\src\iee/core/sprite_family_owners.h(473): message : voir la référence à l'instanciation de la fonction modèle 'std::pair<uint16_t,uint32_t>::pair<int,int,0>(_Other1 &&,_Other2 &&) noexcept' en cours de compilation [G:\AI\BG2_Upscale\sprite\.work\q3m-monster-layered-full-x2-20261004-v1\runtime-build\iee_tests.vcxproj]
          with
          [
              _Other1=int,
              _Other2=int
          ]
G:\AI\BG2_Upscale\engine\InfinityEngine-Enhancer\source-patchee\build-vs2019-30fps-multicycle\_deps\spdlog-src\include\spdlog/fmt/bundled/base.h(1670,18): warning C4459: la déclaration de 'formattable' masque la déclaration globale [G:\AI\BG2_Upscale\sprite\.work\q3m-monster-layered-full-x2-20261004-v1\runtime-build\iee_tests.vcxproj]
G:\AI\BG2_Upscale\engine\InfinityEngine-Enhancer\source-patchee\build-vs2019-30fps-multicycle\_deps\spdlog-src\include\spdlog/fmt/bundled/base.h(2779,9): message : voir la déclaration de 'fmt::v11::formattable' [G:\AI\BG2_Upscale\sprite\.work\q3m-monster-layered-full-x2-20261004-v1\runtime-build\iee_tests.vcxproj]
G:\AI\BG2_Upscale\engine\InfinityEngine-Enhancer\source-patchee\build-vs2019-30fps-multicycle\_deps\spdlog-src\include\spdlog/fmt/bundled/base.h(1693): message : voir la référence à l'instanciation de la fonction modèle 'const Char *fmt::v11::detail::invoke_parse<unsigned int&,Char>(fmt::v11::parse_context<Char> &)' en cours de compilation [G:\AI\BG2_Upscale\sprite\.work\q3m-monster-layered-full-x2-20261004-v1\runtime-build\iee_tests.vcxproj]
          with
          [
              Char=char
          ]
G:\AI\BG2_Upscale\engine\InfinityEngine-Enhancer\source-patchee\build-vs2019-30fps-multicycle\_deps\spdlog-src\include\spdlog/fmt/bundled/base.h(2731): message : voir la référence à l'instanciation de la fonction modèle 'fmt::v11::detail::format_string_checker<char,1,0,false>::format_string_checker<unsigned int&>(fmt::v11::basic_string_view<char>,fmt::v11::detail::arg_pack<unsigned int &>)' en cours de compilation [G:\AI\BG2_Upscale\sprite\.work\q3m-monster-layered-full-x2-20261004-v1\runtime-build\iee_tests.vcxproj]
G:\AI\BG2_Upscale\engine\InfinityEngine-Enhancer\source-patchee\build-vs2019-30fps-multicycle\_deps\spdlog-src\include\spdlog/fmt/bundled/base.h(2736): message : voir la référence à l'instanciation de la fonction modèle 'fmt::v11::detail::format_string_checker<char,1,0,false>::format_string_checker<unsigned int&>(fmt::v11::basic_string_view<char>,fmt::v11::detail::arg_pack<unsigned int &>)' en cours de compilation [G:\AI\BG2_Upscale\sprite\.work\q3m-monster-layered-full-x2-20261004-v1\runtime-build\iee_tests.vcxproj]
G:\AI\BG2_Upscale\sprite\.work\q3m-monster-layered-full-x2-20261004-v1\runtime-src\src\iee\creature_sprite_x2.cpp(506): message : voir la référence à l'instanciation de la fonction modèle 'fmt::v11::fstring<unsigned int &>::fstring<95>(const char (&)[95])' en cours de compilation [G:\AI\BG2_Upscale\sprite\.work\q3m-monster-layered-full-x2-20261004-v1\runtime-build\iee_tests.vcxproj]
G:\AI\BG2_Upscale\engine\InfinityEngine-Enhancer\source-patchee\build-vs2019-30fps-multicycle\_deps\spdlog-src\include\spdlog/fmt/bundled/base.h(1719,20): message : durant l'évaluation de la fonction constexpr 'fmt::v11::detail::format_string_checker<char,1,0,false>::on_format_specs' [G:\AI\BG2_Upscale\sprite\.work\q3m-monster-layered-full-x2-20261004-v1\runtime-build\iee_tests.vcxproj]
G:\AI\BG2_Upscale\engine\InfinityEngine-Enhancer\source-patchee\build-vs2019-30fps-multicycle\_deps\spdlog-src\include\spdlog/fmt/bundled/base.h(1595,33): message : durant l'évaluation de la fonction constexpr 'fmt::v11::detail::format_string_checker<char,1,0,false>::on_replacement_field' [G:\AI\BG2_Upscale\sprite\.work\q3m-monster-layered-full-x2-20261004-v1\runtime-build\iee_tests.vcxproj]
G:\AI\BG2_Upscale\engine\InfinityEngine-Enhancer\source-patchee\build-vs2019-30fps-multicycle\_deps\spdlog-src\include\spdlog/fmt/bundled/base.h(1638,42): message : durant l'évaluation de la fonction constexpr 'fmt::v11::detail::parse_replacement_field' [G:\AI\BG2_Upscale\sprite\.work\q3m-monster-layered-full-x2-20261004-v1\runtime-build\iee_tests.vcxproj]
G:\AI\BG2_Upscale\engine\InfinityEngine-Enhancer\source-patchee\build-vs2019-30fps-multicycle\_deps\spdlog-src\include\spdlog/fmt/bundled/base.h(2736,53): message : durant l'évaluation de la fonction constexpr 'fmt::v11::detail::parse_format_string' [G:\AI\BG2_Upscale\sprite\.work\q3m-monster-layered-full-x2-20261004-v1\runtime-build\iee_tests.vcxproj]
  effect_animation_x4_registry.cpp
G:\AI\BG2_Upscale\engine\InfinityEngine-Enhancer\source-patchee\build-vs2019-30fps-multicycle\_deps\spdlog-src\include\spdlog/fmt/bundled/base.h(1670,18): warning C4459: la déclaration de 'formattable' masque la déclaration globale [G:\AI\BG2_Upscale\sprite\.work\q3m-monster-layered-full-x2-20261004-v1\runtime-build\iee_tests.vcxproj]
G:\AI\BG2_Upscale\engine\InfinityEngine-Enhancer\source-patchee\build-vs2019-30fps-multicycle\_deps\spdlog-src\include\spdlog/fmt/bundled/base.h(2779,9): message : voir la déclaration de 'fmt::v11::formattable' [G:\AI\BG2_Upscale\sprite\.work\q3m-monster-layered-full-x2-20261004-v1\runtime-build\iee_tests.vcxproj]
G:\AI\BG2_Upscale\engine\InfinityEngine-Enhancer\source-patchee\build-vs2019-30fps-multicycle\_deps\spdlog-src\include\spdlog/fmt/bundled/base.h(1693): message : voir la référence à l'instanciation de la fonction modèle 'const Char *fmt::v11::detail::invoke_parse<const int&,Char>(fmt::v11::parse_context<Char> &)' en cours de compilation [G:\AI\BG2_Upscale\sprite\.work\q3m-monster-layered-full-x2-20261004-v1\runtime-build\iee_tests.vcxproj]
          with
          [
              Char=char
          ]
G:\AI\BG2_Upscale\engine\InfinityEngine-Enhancer\source-patchee\build-vs2019-30fps-multicycle\_deps\spdlog-src\include\spdlog/fmt/bundled/base.h(2731): message : voir la référence à l'instanciation de la fonction modèle 'fmt::v11::detail::format_string_checker<char,7,0,false>::format_string_checker<const int&,std::string&,size_t&,const int&,const int&,uint32_t,uint32_t>(fmt::v11::basic_string_view<char>,fmt::v11::detail::arg_pack<const int &,std::string &,size_t &,const int &,const int &,uint32_t,uint32_t>)' en cours de compilation [G:\AI\BG2_Upscale\sprite\.work\q3m-monster-layered-full-x2-20261004-v1\runtime-build\iee_tests.vcxproj]
G:\AI\BG2_Upscale\engine\InfinityEngine-Enhancer\source-patchee\build-vs2019-30fps-multicycle\_deps\spdlog-src\include\spdlog/fmt/bundled/base.h(2736): message : voir la référence à l'instanciation de la fonction modèle 'fmt::v11::detail::format_string_checker<char,7,0,false>::format_string_checker<const int&,std::string&,size_t&,const int&,const int&,uint32_t,uint32_t>(fmt::v11::basic_string_view<char>,fmt::v11::detail::arg_pack<const int &,std::string &,size_t &,const int &,const int &,uint32_t,uint32_t>)' en cours de compilation [G:\AI\BG2_Upscale\sprite\.work\q3m-monster-layered-full-x2-20261004-v1\runtime-build\iee_tests.vcxproj]
G:\AI\BG2_Upscale\sprite\.work\q3m-monster-layered-full-x2-20261004-v1\runtime-src\src\iee\effect_animation_x4_registry.cpp(266): message : voir la référence à l'instanciation de la fonction modèle 'fmt::v11::fstring<const int &,std::string &,size_t &,const int &,const int &,uint32_t,uint32_t>::fstring<78>(const char (&)[78])' en cours de compilation [G:\AI\BG2_Upscale\sprite\.work\q3m-monster-layered-full-x2-20261004-v1\runtime-build\iee_tests.vcxproj]
G:\AI\BG2_Upscale\engine\InfinityEngine-Enhancer\source-patchee\build-vs2019-30fps-multicycle\_deps\spdlog-src\include\spdlog/fmt/bundled/base.h(1719,20): message : durant l'évaluation de la fonction constexpr 'fmt::v11::detail::format_string_checker<char,7,0,false>::on_format_specs' [G:\AI\BG2_Upscale\sprite\.work\q3m-monster-layered-full-x2-20261004-v1\runtime-build\iee_tests.vcxproj]
G:\AI\BG2_Upscale\engine\InfinityEngine-Enhancer\source-patchee\build-vs2019-30fps-multicycle\_deps\spdlog-src\include\spdlog/fmt/bundled/base.h(1595,33): message : durant l'évaluation de la fonction constexpr 'fmt::v11::detail::format_string_checker<char,7,0,false>::on_replacement_field' [G:\AI\BG2_Upscale\sprite\.work\q3m-monster-layered-full-x2-20261004-v1\runtime-build\iee_tests.vcxproj]
G:\AI\BG2_Upscale\engine\InfinityEngine-Enhancer\source-patchee\build-vs2019-30fps-multicycle\_deps\spdlog-src\include\spdlog/fmt/bundled/base.h(1638,42): message : durant l'évaluation de la fonction constexpr 'fmt::v11::detail::parse_replacement_field' [G:\AI\BG2_Upscale\sprite\.work\q3m-monster-layered-full-x2-20261004-v1\runtime-build\iee_tests.vcxproj]
G:\AI\BG2_Upscale\engine\InfinityEngine-Enhancer\source-patchee\build-vs2019-30fps-multicycle\_deps\spdlog-src\include\spdlog/fmt/bundled/base.h(2736,53): message : durant l'évaluation de la fonction constexpr 'fmt::v11::detail::parse_format_string' [G:\AI\BG2_Upscale\sprite\.work\q3m-monster-layered-full-x2-20261004-v1\runtime-build\iee_tests.vcxproj]
  opengl_types.cpp
G:\AI\BG2_Upscale\engine\InfinityEngine-Enhancer\source-patchee\build-vs2019-30fps-multicycle\_deps\spdlog-src\include\spdlog/fmt/bundled/base.h(1670,18): warning C4459: la déclaration de 'formattable' masque la déclaration globale [G:\AI\BG2_Upscale\sprite\.work\q3m-monster-layered-full-x2-20261004-v1\runtime-build\iee_tests.vcxproj]
G:\AI\BG2_Upscale\engine\InfinityEngine-Enhancer\source-patchee\build-vs2019-30fps-multicycle\_deps\spdlog-src\include\spdlog/fmt/bundled/base.h(2779,9): message : voir la déclaration de 'fmt::v11::formattable' [G:\AI\BG2_Upscale\sprite\.work\q3m-monster-layered-full-x2-20261004-v1\runtime-build\iee_tests.vcxproj]
G:\AI\BG2_Upscale\engine\InfinityEngine-Enhancer\source-patchee\build-vs2019-30fps-multicycle\_deps\spdlog-src\include\spdlog/fmt/bundled/base.h(1693): message : voir la référence à l'instanciation de la fonction modèle 'const Char *fmt::v11::detail::invoke_parse<const char*&,Char>(fmt::v11::parse_context<Char> &)' en cours de compilation [G:\AI\BG2_Upscale\sprite\.work\q3m-monster-layered-full-x2-20261004-v1\runtime-build\iee_tests.vcxproj]
          with
          [
              Char=char
          ]
G:\AI\BG2_Upscale\engine\InfinityEngine-Enhancer\source-patchee\build-vs2019-30fps-multicycle\_deps\spdlog-src\include\spdlog/fmt/bundled/base.h(2731): message : voir la référence à l'instanciation de la fonction modèle 'fmt::v11::detail::format_string_checker<char,3,0,false>::format_string_checker<const char*&,const char*,unsigned int&>(fmt::v11::basic_string_view<char>,fmt::v11::detail::arg_pack<const char *&,const char *,unsigned int &>)' en cours de compilation [G:\AI\BG2_Upscale\sprite\.work\q3m-monster-layered-full-x2-20261004-v1\runtime-build\iee_tests.vcxproj]
G:\AI\BG2_Upscale\engine\InfinityEngine-Enhancer\source-patchee\build-vs2019-30fps-multicycle\_deps\spdlog-src\include\spdlog/fmt/bundled/base.h(2736): message : voir la référence à l'instanciation de la fonction modèle 'fmt::v11::detail::format_string_checker<char,3,0,false>::format_string_checker<const char*&,const char*,unsigned int&>(fmt::v11::basic_string_view<char>,fmt::v11::detail::arg_pack<const char *&,const char *,unsigned int &>)' en cours de compilation [G:\AI\BG2_Upscale\sprite\.work\q3m-monster-layered-full-x2-20261004-v1\runtime-build\iee_tests.vcxproj]
G:\AI\BG2_Upscale\sprite\.work\q3m-monster-layered-full-x2-20261004-v1\runtime-src\src\iee\game\opengl_types.cpp(58): message : voir la référence à l'instanciation de la fonction modèle 'fmt::v11::fstring<const char *&,const char *,unsigned int &>::fstring<32>(const char (&)[32])' en cours de compilation [G:\AI\BG2_Upscale\sprite\.work\q3m-monster-layered-full-x2-20261004-v1\runtime-build\iee_tests.vcxproj]
G:\AI\BG2_Upscale\engine\InfinityEngine-Enhancer\source-patchee\build-vs2019-30fps-multicycle\_deps\spdlog-src\include\spdlog/fmt/bundled/base.h(1719,20): message : durant l'évaluation de la fonction constexpr 'fmt::v11::detail::format_string_checker<char,3,0,false>::on_format_specs' [G:\AI\BG2_Upscale\sprite\.work\q3m-monster-layered-full-x2-20261004-v1\runtime-build\iee_tests.vcxproj]
G:\AI\BG2_Upscale\engine\InfinityEngine-Enhancer\source-patchee\build-vs2019-30fps-multicycle\_deps\spdlog-src\include\spdlog/fmt/bundled/base.h(1595,33): message : durant l'évaluation de la fonction constexpr 'fmt::v11::detail::format_string_checker<char,3,0,false>::on_replacement_field' [G:\AI\BG2_Upscale\sprite\.work\q3m-monster-layered-full-x2-20261004-v1\runtime-build\iee_tests.vcxproj]
G:\AI\BG2_Upscale\engine\InfinityEngine-Enhancer\source-patchee\build-vs2019-30fps-multicycle\_deps\spdlog-src\include\spdlog/fmt/bundled/base.h(1638,42): message : durant l'évaluation de la fonction constexpr 'fmt::v11::detail::parse_replacement_field' [G:\AI\BG2_Upscale\sprite\.work\q3m-monster-layered-full-x2-20261004-v1\runtime-build\iee_tests.vcxproj]
G:\AI\BG2_Upscale\engine\InfinityEngine-Enhancer\source-patchee\build-vs2019-30fps-multicycle\_deps\spdlog-src\include\spdlog/fmt/bundled/base.h(2736,53): message : durant l'évaluation de la fonction constexpr 'fmt::v11::detail::parse_format_string' [G:\AI\BG2_Upscale\sprite\.work\q3m-monster-layered-full-x2-20261004-v1\runtime-build\iee_tests.vcxproj]
  item_icon_x2.cpp
G:\AI\BG2_Upscale\engine\InfinityEngine-Enhancer\source-patchee\build-vs2019-30fps-multicycle\_deps\spdlog-src\include\spdlog/fmt/bundled/base.h(1670,18): warning C4459: la déclaration de 'formattable' masque la déclaration globale [G:\AI\BG2_Upscale\sprite\.work\q3m-monster-layered-full-x2-20261004-v1\runtime-build\iee_tests.vcxproj]
G:\AI\BG2_Upscale\engine\InfinityEngine-Enhancer\source-patchee\build-vs2019-30fps-multicycle\_deps\spdlog-src\include\spdlog/fmt/bundled/base.h(2779,9): message : voir la déclaration de 'fmt::v11::formattable' [G:\AI\BG2_Upscale\sprite\.work\q3m-monster-layered-full-x2-20261004-v1\runtime-build\iee_tests.vcxproj]
G:\AI\BG2_Upscale\engine\InfinityEngine-Enhancer\source-patchee\build-vs2019-30fps-multicycle\_deps\spdlog-src\include\spdlog/fmt/bundled/base.h(1693): message : voir la référence à l'instanciation de la fonction modèle 'const Char *fmt::v11::detail::invoke_parse<std::string,Char>(fmt::v11::parse_context<Char> &)' en cours de compilation [G:\AI\BG2_Upscale\sprite\.work\q3m-monster-layered-full-x2-20261004-v1\runtime-build\iee_tests.vcxproj]
          with
          [
              Char=char
          ]
G:\AI\BG2_Upscale\engine\InfinityEngine-Enhancer\source-patchee\build-vs2019-30fps-multicycle\_deps\spdlog-src\include\spdlog/fmt/bundled/base.h(2731): message : voir la référence à l'instanciation de la fonction modèle 'fmt::v11::detail::format_string_checker<char,1,0,false>::format_string_checker<std::string>(fmt::v11::basic_string_view<char>,fmt::v11::detail::arg_pack<std::string>)' en cours de compilation [G:\AI\BG2_Upscale\sprite\.work\q3m-monster-layered-full-x2-20261004-v1\runtime-build\iee_tests.vcxproj]
G:\AI\BG2_Upscale\engine\InfinityEngine-Enhancer\source-patchee\build-vs2019-30fps-multicycle\_deps\spdlog-src\include\spdlog/fmt/bundled/base.h(2736): message : voir la référence à l'instanciation de la fonction modèle 'fmt::v11::detail::format_string_checker<char,1,0,false>::format_string_checker<std::string>(fmt::v11::basic_string_view<char>,fmt::v11::detail::arg_pack<std::string>)' en cours de compilation [G:\AI\BG2_Upscale\sprite\.work\q3m-monster-layered-full-x2-20261004-v1\runtime-build\iee_tests.vcxproj]
G:\AI\BG2_Upscale\sprite\.work\q3m-monster-layered-full-x2-20261004-v1\runtime-src\src\iee\item_icon_x2.cpp(279): message : voir la référence à l'instanciation de la fonction modèle 'fmt::v11::fstring<std::string>::fstring<47>(const char (&)[47])' en cours de compilation [G:\AI\BG2_Upscale\sprite\.work\q3m-monster-layered-full-x2-20261004-v1\runtime-build\iee_tests.vcxproj]
G:\AI\BG2_Upscale\engine\InfinityEngine-Enhancer\source-patchee\build-vs2019-30fps-multicycle\_deps\spdlog-src\include\spdlog/fmt/bundled/base.h(1719,20): message : durant l'évaluation de la fonction constexpr 'fmt::v11::detail::format_string_checker<char,1,0,false>::on_format_specs' [G:\AI\BG2_Upscale\sprite\.work\q3m-monster-layered-full-x2-20261004-v1\runtime-build\iee_tests.vcxproj]
G:\AI\BG2_Upscale\engine\InfinityEngine-Enhancer\source-patchee\build-vs2019-30fps-multicycle\_deps\spdlog-src\include\spdlog/fmt/bundled/base.h(1595,33): message : durant l'évaluation de la fonction constexpr 'fmt::v11::detail::format_string_checker<char,1,0,false>::on_replacement_field' [G:\AI\BG2_Upscale\sprite\.work\q3m-monster-layered-full-x2-20261004-v1\runtime-build\iee_tests.vcxproj]
G:\AI\BG2_Upscale\engine\InfinityEngine-Enhancer\source-patchee\build-vs2019-30fps-multicycle\_deps\spdlog-src\include\spdlog/fmt/bundled/base.h(1638,42): message : durant l'évaluation de la fonction constexpr 'fmt::v11::detail::parse_replacement_field' [G:\AI\BG2_Upscale\sprite\.work\q3m-monster-layered-full-x2-20261004-v1\runtime-build\iee_tests.vcxproj]
G:\AI\BG2_Upscale\engine\InfinityEngine-Enhancer\source-patchee\build-vs2019-30fps-multicycle\_deps\spdlog-src\include\spdlog/fmt/bundled/base.h(2736,53): message : durant l'évaluation de la fonction constexpr 'fmt::v11::detail::parse_format_string' [G:\AI\BG2_Upscale\sprite\.work\q3m-monster-layered-full-x2-20261004-v1\runtime-build\iee_tests.vcxproj]
  Génération de code en cours...
  iee_tests.vcxproj -> G:\AI\BG2_Upscale\sprite\.work\q3m-monster-layered-full-x2-20261004-v1\runtime-build\Release\iee_tests.exe
[2026-10-04 18:32:57.417] [info] Creature sprite xBR catalog ready: scale=x4, 2 animations, 2 components, 2 resources, 2 frames, 32 index bytes across 2 lazy content-addressed shards; catalog-version=V1; 0 authenticated directory entries; source=CreatureSprites-XN.catalog; filter=NEAREST; index cache budget=128 MiB; metadata cache budget=128 MiB; shard validation=background-on-demand
[2026-10-04 18:32:57.418] [info] Creature sprite catalog shard 0 ready on demand for animation 0x6110, resref CEST: 1 resources, 1004 metadata bytes
[2026-10-04 18:32:57.426] [info] Creature sprite catalog shard 1 ready on demand for animation 0xE400, resref MEST: 1 resources, 1004 metadata bytes
[2026-10-04 18:32:57.447] [info] Creature sprite xBR catalog ready: scale=x4, 2 animations, 2 components, 2 resources, 2 frames, 32 index bytes across 2 lazy content-addressed shards; catalog-version=V2; 2 authenticated directory entries; source=CreatureSprites-XN.catalog; filter=NEAREST; index cache budget=128 MiB; metadata cache budget=128 MiB; shard validation=background-on-demand
[2026-10-04 18:32:57.447] [info] Creature sprite catalog shard 1 ready on demand for animation 0xE400, resref MEST: 1 resources, 1004 metadata bytes
[2026-10-04 18:32:57.457] [warning] Creature sprite catalog component 0 quarantined: invalid creature-sprite xN registry prefix: G:\AI\BG2_Upscale\sprite\.work\q3m-monster-layered-full-x2-20261004-v1\runtime-src\creature-sprite-registry-format-test\CreatureSprites-XN-A5617ABCED02E0CB9DE012A97ADEE1426F44BCCF3E3A7DC29BE9369DD64968C0.registry (version=0, scale=0, stream=0); other validated components remain available and native rendering is retained
[2026-10-04 18:32:57.463] [warning] Creature sprite xBR pack disabled: creature-sprite catalog directory digest/count mismatch
[2026-10-04 18:32:57.466] [warning] Creature sprite xBR pack disabled: catalog directory references a non-member component
[2026-10-04 18:32:57.469] [info] Creature sprite xBR catalog ready: scale=x2, 1 animations, 1 components, 2 resources, 2 frames, 8 index bytes across 2 lazy content-addressed shards; catalog-version=V2; 2 authenticated directory entries; source=CreatureSprites-XN.catalog; filter=NEAREST; index cache budget=128 MiB; metadata cache budget=128 MiB; shard validation=background-on-demand
[2026-10-04 18:32:57.470] [info] Creature sprite catalog shard 0 ready on demand for animation 0x1200, resref MDR11100: 1 resources, 1004 metadata bytes
[2026-10-04 18:32:57.473] [info] Creature sprite catalog shard 1 ready on demand for animation 0x1200, resref MDR12100: 1 resources, 1004 metadata bytes
[2026-10-04 18:32:57.492] [info] Creature sprite xBR catalog ready: scale=x2, 2 animations, 2 components, 2 resources, 2 frames, 8 index bytes across 2 lazy content-addressed shards; catalog-version=V2; 2 authenticated directory entries; source=CreatureSprites-XN.catalog; filter=NEAREST; index cache budget=128 MiB; metadata cache budget=128 MiB; shard validation=background-on-demand
[2026-10-04 18:32:57.492] [info] Creature sprite catalog shard 0 ready on demand for animation 0x1200, resref MDR11100: 1 resources, 1004 metadata bytes
[2026-10-04 18:32:57.518] [info] Creature sprite catalog shard 1 ready on demand for animation 0x6110, resref UEST: 1 resources, 1004 metadata bytes
[2026-10-04 18:32:57.524] [info] Creature sprite xBR catalog ready: scale=x2, 1 animations, 1 components, 1 resources, 1 frames, 4 index bytes across 1 lazy content-addressed shards; catalog-version=V1; 0 authenticated directory entries; source=CreatureSprites-XN.catalog; filter=NEAREST; index cache budget=128 MiB; metadata cache budget=128 MiB; shard validation=background-on-demand
[2026-10-04 18:32:57.528] [info] Creature sprite xBR catalog ready: scale=x4, 1 animations, 1 components, 1 resources, 1 frames, 16 index bytes across 1 lazy content-addressed shards; catalog-version=V2; 1 authenticated directory entries; source=CreatureSprites-XN.catalog; filter=NEAREST; index cache budget=128 MiB; metadata cache budget=128 MiB; shard validation=background-on-demand
[2026-10-04 18:32:57.531] [info] Creature sprite xBR catalog ready: scale=x2, 1 animations, 1 components, 1 resources, 1 frames, 4 index bytes across 1 lazy content-addressed shards; catalog-version=V2; 1 authenticated directory entries; source=CreatureSprites-XN.catalog; filter=NEAREST; index cache budget=128 MiB; metadata cache budget=128 MiB; shard validation=background-on-demand
[2026-10-04 18:32:57.534] [info] Creature sprite xBR catalog ready: scale=x2, 1 animations, 1 components, 2 resources, 2 frames, 8 index bytes across 2 lazy content-addressed shards; catalog-version=V2; 2 authenticated directory entries; source=CreatureSprites-XN.catalog; filter=NEAREST; index cache budget=128 MiB; metadata cache budget=128 MiB; shard validation=background-on-demand
[2026-10-04 18:32:57.535] [info] Creature sprite xBR catalog ready: scale=x2, 1 animations, 1 components, 2 resources, 2 frames, 8 index bytes across 2 lazy content-addressed shards; catalog-version=V2; 2 authenticated directory entries; source=CreatureSprites-XN.catalog; filter=NEAREST; index cache budget=128 MiB; metadata cache budget=128 MiB; shard validation=background-on-demand
[2026-10-04 18:32:57.535] [info] Creature sprite xBR catalog ready: scale=x2, 1 animations, 1 components, 1 resources, 2 frames, 8192 index bytes across 1 lazy content-addressed shards; catalog-version=V2; 1 authenticated directory entries; source=CreatureSprites-XN.catalog; filter=NEAREST; index cache budget=128 MiB; metadata cache budget=128 MiB; shard validation=background-on-demand
[2026-10-04 18:32:57.542] [info] Creature sprite catalog shard 0 ready on demand for animation 0x6110, resref PEST: 1 resources, 1864 metadata bytes
[2026-10-04 18:32:57.554] [info] Creature sprite xBR catalog ready: scale=x4, 1 animations, 1 components, 1 resources, 1 frames, 4096 index bytes across 1 lazy content-addressed shards; catalog-version=V2; 1 authenticated directory entries; source=CreatureSprites-XN.catalog; filter=NEAREST; index cache budget=128 MiB; metadata cache budget=128 MiB; shard validation=background-on-demand
[2026-10-04 18:32:57.554] [info] Creature sprite catalog shard 0 ready on demand for animation 0x6110, resref QEST: 1 resources, 1004 metadata bytes
[2026-10-04 18:32:57.571] [info] Creature sprite xBR catalog ready: scale=x2, 1 animations, 4 components, 4 resources, 4 frames, 4096 index bytes across 4 lazy content-addressed shards; catalog-version=V2; 4 authenticated directory entries; source=CreatureSprites-XN.catalog; filter=NEAREST; index cache budget=128 MiB; metadata cache budget=128 MiB; shard validation=background-on-demand
[2026-10-04 18:32:57.575] [info] Creature sprite catalog shard 0 ready on demand for animation 0x6110, resref AEST: 1 resources, 1004 metadata bytes
[2026-10-04 18:32:57.575] [info] Creature sprite catalog shard 1 ready on demand for animation 0x6110, resref BEST: 1 resources, 1004 metadata bytes
[2026-10-04 18:32:57.576] [info] Creature sprite catalog shard 2 ready on demand for animation 0x6110, resref CEST: 1 resources, 1004 metadata bytes
[2026-10-04 18:32:57.576] [info] Creature sprite catalog shard 3 ready on demand for animation 0x6110, resref DEST: 1 resources, 1004 metadata bytes
[2026-10-04 18:32:57.582] [info] Creature sprite xBR catalog ready: scale=x4, 1 animations, 4 components, 4 resources, 4 frames, 16384 index bytes across 4 lazy content-addressed shards; catalog-version=V2; 4 authenticated directory entries; source=CreatureSprites-XN.catalog; filter=NEAREST; index cache budget=128 MiB; metadata cache budget=128 MiB; shard validation=background-on-demand
[2026-10-04 18:32:57.582] [info] Creature sprite catalog shard 0 ready on demand for animation 0x6110, resref AEST: 1 resources, 1004 metadata bytes
[2026-10-04 18:32:57.583] [info] Creature sprite catalog shard 1 ready on demand for animation 0x6110, resref BEST: 1 resources, 1004 metadata bytes
[2026-10-04 18:32:57.583] [info] Creature sprite catalog shard 2 ready on demand for animation 0x6110, resref CEST: 1 resources, 1004 metadata bytes
[2026-10-04 18:32:57.583] [info] Creature sprite catalog shard 3 ready on demand for animation 0x6110, resref DEST: 1 resources, 1004 metadata bytes
[2026-10-04 18:32:57.586] [info] Creature sprite xBR catalog ready: scale=x2, 1 animations, 1 components, 1 resources, 1 frames, 1024 index bytes across 1 lazy content-addressed shards; catalog-version=V2; 1 authenticated directory entries; source=CreatureSprites-XN.catalog; filter=NEAREST; index cache budget=128 MiB; metadata cache budget=128 MiB; shard validation=background-on-demand
[2026-10-04 18:32:57.587] [info] Creature sprite catalog shard 0 ready on demand for animation 0x6110, resref REST: 1 resources, 1004 metadata bytes
[2026-10-04 18:32:57.598] [info] Creature sprite xBR catalog ready: scale=x4, 1 animations, 1 components, 1 resources, 1 frames, 4096 index bytes across 1 lazy content-addressed shards; catalog-version=V2; 1 authenticated directory entries; source=CreatureSprites-XN.catalog; filter=NEAREST; index cache budget=128 MiB; metadata cache budget=128 MiB; shard validation=background-on-demand
[2026-10-04 18:32:57.598] [info] Creature sprite catalog shard 0 ready on demand for animation 0x6110, resref QEST: 1 resources, 1004 metadata bytes
[2026-10-04 18:32:57.616] [info] Creature sprite xBR catalog ready: scale=x4, 1 animations, 2 components, 2 resources, 2 frames, 8192 index bytes across 2 lazy content-addressed shards; catalog-version=V2; 2 authenticated directory entries; source=CreatureSprites-XN.catalog; filter=NEAREST; index cache budget=128 MiB; metadata cache budget=128 MiB; shard validation=background-on-demand
[2026-10-04 18:32:57.617] [info] Creature sprite catalog shard 0 ready on demand for animation 0x6110, resref QEST: 1 resources, 1004 metadata bytes
[2026-10-04 18:32:57.628] [info] Creature sprite catalog shard 1 ready on demand for animation 0x6110, resref UEST: 1 resources, 1004 metadata bytes
[2026-10-04 18:32:57.643] [warning] Creature sprite catalog component 1 quarantined: cannot decompress an XPRESS_HUFF frame exactly; other validated components remain available and native rendering is retained
[2026-10-04 18:32:57.647] [info] Creature sprite xBR catalog ready: scale=x2, 1 animations, 1 components, 1 resources, 1 frames, 4096 index bytes across 1 lazy content-addressed shards; catalog-version=V2; 1 authenticated directory entries; source=CreatureSprites-XN.catalog; filter=NEAREST; index cache budget=128 MiB; metadata cache budget=128 MiB; shard validation=background-on-demand
[2026-10-04 18:32:57.649] [info] Creature sprite catalog shard 0 ready on demand for animation 0x6110, resref VEST: 1 resources, 1004 metadata bytes
[2026-10-04 18:32:57.659] [warning] Creature sprite catalog component 0 quarantined: lazy payload lacks a palette representative; other validated components remain available and native rendering is retained
[2026-10-04 18:32:57.662] [info] Creature sprite xBR catalog ready: scale=x2, 1 animations, 1 components, 1 resources, 1 frames, 4096 index bytes across 1 lazy content-addressed shards; catalog-version=V2; 1 authenticated directory entries; source=CreatureSprites-XN.catalog; filter=NEAREST; index cache budget=128 MiB; metadata cache budget=128 MiB; shard validation=background-on-demand
[2026-10-04 18:32:57.662] [warning] Creature sprite catalog component 0 quarantined: invalid creature-sprite frame payload; other validated components remain available and native rendering is retained
[2026-10-04 18:32:57.678] [info] Creature sprite xBR catalog ready: scale=x2, 1 animations, 1 components, 1 resources, 1 frames, 4096 index bytes across 1 lazy content-addressed shards; catalog-version=V2; 1 authenticated directory entries; source=CreatureSprites-XN.catalog; filter=NEAREST; index cache budget=128 MiB; metadata cache budget=128 MiB; shard validation=background-on-demand
[2026-10-04 18:32:57.678] [warning] Creature sprite catalog component 0 quarantined: invalid creature-sprite frame header; other validated components remain available and native rendering is retained
[2026-10-04 18:32:57.691] [info] Creature sprite xBR catalog ready: scale=x2, 1 animations, 1 components, 1 resources, 1 frames, 4096 index bytes across 1 lazy content-addressed shards; catalog-version=V2; 1 authenticated directory entries; source=CreatureSprites-XN.catalog; filter=NEAREST; index cache budget=128 MiB; metadata cache budget=128 MiB; shard validation=background-on-demand
[2026-10-04 18:32:57.695] [warning] Creature sprite catalog component 0 quarantined: invalid creature-sprite frame payload; other validated components remain available and native rendering is retained
[2026-10-04 18:32:57.712] [info] Creature sprite xBR catalog ready: scale=x2, 1 animations, 1 components, 1 resources, 1 frames, 4096 index bytes across 1 lazy content-addressed shards; catalog-version=V2; 1 authenticated directory entries; source=CreatureSprites-XN.catalog; filter=NEAREST; index cache budget=128 MiB; metadata cache budget=128 MiB; shard validation=background-on-demand
[2026-10-04 18:32:57.712] [warning] Creature sprite catalog component 0 quarantined: invalid creature-sprite frame payload; other validated components remain available and native rendering is retained
[2026-10-04 18:32:57.725] [info] Creature sprite xBR catalog ready: scale=x2, 1 animations, 1 components, 1 resources, 1 frames, 4096 index bytes across 1 lazy content-addressed shards; catalog-version=V2; 1 authenticated directory entries; source=CreatureSprites-XN.catalog; filter=NEAREST; index cache budget=128 MiB; metadata cache budget=128 MiB; shard validation=background-on-demand
[2026-10-04 18:32:57.726] [warning] Creature sprite catalog component 0 quarantined: truncated creature-sprite frame payload; other validated components remain available and native rendering is retained
[2026-10-04 18:32:57.740] [info] Creature sprite xBR catalog ready: scale=x4, 1 animations, 1 components, 1 resources, 1 frames, 144000000 index bytes across 1 lazy content-addressed shards; catalog-version=V2; 1 authenticated directory entries; source=CreatureSprites-XN.catalog; filter=NEAREST; index cache budget=128 MiB; metadata cache budget=128 MiB; shard validation=background-on-demand
[2026-10-04 18:32:57.740] [warning] Creature sprite catalog component 0 quarantined: invalid creature-sprite frame payload; other validated components remain available and native rendering is retained
[2026-10-04 18:32:57.756] [warning] Creature sprite xBR pack disabled: invalid creature-sprite catalog shard entry
[2026-10-04 18:32:57.760] [warning] Creature sprite xBR pack disabled: invalid creature-sprite registry catalog header
[2026-10-04 18:32:57.761] [warning] Creature sprite xBR pack disabled: invalid creature-sprite xN monolith prefix
[2026-10-04 18:32:57.762] [warning] Creature sprite xBR pack disabled: invalid creature-sprite registry header: CreatureSprites-XN-0000.registry
[2026-10-04 18:32:57.766] [info] Creature sprite xBR catalog ready: scale=x4, 1 animations, 1 components, 2 resources, 2 frames, 32 index bytes across 2 lazy content-addressed shards; catalog-version=V1; 0 authenticated directory entries; source=CreatureSprites-XN.catalog; filter=NEAREST; index cache budget=128 MiB; metadata cache budget=128 MiB; shard validation=background-on-demand
[2026-10-04 18:32:57.767] [info] Creature sprite catalog shard 0 ready on demand for animation 0x6110, resref CEST: 1 resources, 1004 metadata bytes
[2026-10-04 18:32:57.783] [info] Creature sprite catalog shard 1 ready on demand for animation 0x6110, resref MEST: 1 resources, 1004 metadata bytes
[2026-10-04 18:32:57.800] [info] Creature sprite xBR catalog ready: scale=x2, 1 animations, 1 components, 1 resources, 1 frames, 4 index bytes across 1 lazy content-addressed shards; catalog-version=V1; 0 authenticated directory entries; source=CreatureSprites-XN.catalog; filter=NEAREST; index cache budget=128 MiB; metadata cache budget=128 MiB; shard validation=background-on-demand
[2026-10-04 18:32:57.803] [info] Creature sprite catalog shard 0 ready on demand for animation 0x6110, resref XEST: 1 resources, 1004 metadata bytes
[2026-10-04 18:32:57.824] [info] Creature sprite xBR catalog ready: scale=x4, 2 animations, 1 components, 1 resources, 1 frames, 16 index bytes across 1 lazy content-addressed shards; catalog-version=V1; 0 authenticated directory entries; source=CreatureSprites-XN.catalog; filter=NEAREST; index cache budget=128 MiB; metadata cache budget=128 MiB; shard validation=background-on-demand
[2026-10-04 18:32:57.824] [info] Creature sprite catalog shard 0 ready on demand for animation 0x6110, resref CEST: 1 resources, 1004 metadata bytes
[2026-10-04 18:32:57.830] [info] Creature sprite xBR catalog ready: scale=x4, 2 animations, 1 components, 1 resources, 1 frames, 16 index bytes across 1 lazy content-addressed shards; catalog-version=V1; 0 authenticated directory entries; source=CreatureSprites-XN.catalog; filter=NEAREST; index cache budget=128 MiB; metadata cache budget=128 MiB; shard validation=background-on-demand
[2026-10-04 18:32:57.837] [warning] Creature sprite catalog component 0 quarantined: catalog directory/profile differs from its V3/V5/V6 shard; other validated components remain available and native rendering is retained
[2026-10-04 18:32:57.848] [info] Creature sprite xBR catalog ready: scale=x4, 1 animations, 2 components, 2 resources, 2 frames, 32 index bytes across 2 lazy content-addressed shards; catalog-version=V1; 0 authenticated directory entries; source=CreatureSprites-XN.catalog; filter=NEAREST; index cache budget=128 MiB; metadata cache budget=128 MiB; shard validation=background-on-demand
[2026-10-04 18:32:57.848] [warning] Creature sprite catalog component 0 quarantined: duplicate resref discovered in V1 animation mapping; other validated components remain available and native rendering is retained
[2026-10-04 18:32:57.848] [warning] Creature sprite catalog component 1 quarantined: duplicate resref discovered in V1 animation mapping; other validated components remain available and native rendering is retained
[2026-10-04 18:32:57.864] [info] Creature sprite xBR catalog ready: scale=x4, 1 animations, 1 components, 1 resources, 1 frames, 16 index bytes across 1 lazy content-addressed shards; catalog-version=V1; 0 authenticated directory entries; source=CreatureSprites-XN.catalog; filter=NEAREST; index cache budget=128 MiB; metadata cache budget=128 MiB; shard validation=background-on-demand
[2026-10-04 18:32:57.866] [info] Creature sprite catalog shard 0 ready on demand for animation 0x7F07, resref GEST: 1 resources, 1004 metadata bytes
[2026-10-04 18:32:57.880] [info] Creature sprite xBR catalog ready: scale=x4, 3 animations, 2 components, 2 resources, 2 frames, 32 index bytes across 2 lazy content-addressed shards; catalog-version=V1; 0 authenticated directory entries; source=CreatureSprites-XN.catalog; filter=NEAREST; index cache budget=128 MiB; metadata cache budget=128 MiB; shard validation=background-on-demand
[2026-10-04 18:32:57.884] [info] Creature sprite xBR pack ready: animation 0x1000, scale=x4, 1 resources, 1 frames, 16 index bytes; source=CreatureSprites-XN.registry; filter=NEAREST; registry budget=512 MiB
[2026-10-04 18:32:57.887] [info] Creature sprite xBR pack ready: animation 0x1200, scale=x4, 1 resources, 1 frames, 16 index bytes; source=CreatureSprites-XN.registry; filter=NEAREST; registry budget=512 MiB
[2026-10-04 18:32:57.891] [warning] Creature sprite xBR pack disabled: invalid creature-sprite catalog animation entry
[2026-10-04 18:32:57.893] [warning] Creature sprite xBR pack disabled: invalid creature-sprite catalog animation entry
[2026-10-04 18:32:57.897] [warning] Creature sprite xBR pack disabled: invalid creature-sprite catalog animation entry
[2026-10-04 18:32:57.900] [warning] Creature sprite xBR pack disabled: invalid creature-sprite catalog animation entry
[2026-10-04 18:32:57.903] [warning] Creature sprite xBR pack disabled: invalid creature-sprite catalog animation entry
[2026-10-04 18:32:57.908] [warning] Creature sprite xBR pack disabled: invalid creature-sprite catalog animation entry
[2026-10-04 18:32:57.911] [warning] Creature sprite xBR pack disabled: invalid creature-sprite catalog animation entry
[2026-10-04 18:32:57.915] [warning] Creature sprite xBR pack disabled: invalid creature-sprite catalog animation entry
[2026-10-04 18:32:57.918] [warning] Creature sprite xBR pack disabled: non-canonical creature-sprite animation membership
[2026-10-04 18:32:57.921] [warning] Creature sprite xBR pack disabled: invalid creature-sprite catalog animation entry
[2026-10-04 18:32:57.924] [warning] Creature sprite xBR pack disabled: invalid creature-sprite catalog component entry
[2026-10-04 18:32:57.928] [warning] Creature sprite xBR pack disabled: invalid creature-sprite catalog component membership
[2026-10-04 18:32:57.931] [warning] Creature sprite xBR pack disabled: creature-sprite catalog component mismatch
[2026-10-04 18:32:57.934] [info] Creature sprite xBR catalog ready: scale=x4, 2 animations, 2 components, 2 resources, 2 frames, 32 index bytes across 2 lazy content-addressed shards; catalog-version=V1; 0 authenticated directory entries; source=CreatureSprites-XN.catalog; filter=NEAREST; index cache budget=128 MiB; metadata cache budget=128 MiB; shard validation=background-on-demand
[2026-10-04 18:32:57.934] [warning] Creature sprite catalog component 0 quarantined: catalog directory/profile differs from its V3/V5/V6 shard; other validated components remain available and native rendering is retained
[2026-10-04 18:32:57.941] [info] Creature sprite xBR catalog ready: scale=x4, 2 animations, 2 components, 2 resources, 2 frames, 32 index bytes across 2 lazy content-addressed shards; catalog-version=V1; 0 authenticated directory entries; source=CreatureSprites-XN.catalog; filter=NEAREST; index cache budget=128 MiB; metadata cache budget=128 MiB; shard validation=background-on-demand
[2026-10-04 18:32:57.942] [warning] Creature sprite catalog component 0 quarantined: catalog directory/profile differs from its V3/V5/V6 shard; other validated components remain available and native rendering is retained
[2026-10-04 18:32:57.957] [info] Creature sprite xBR catalog ready: scale=x4, 2 animations, 2 components, 2 resources, 2 frames, 32 index bytes across 2 lazy content-addressed shards; catalog-version=V1; 0 authenticated directory entries; source=CreatureSprites-XN.catalog; filter=NEAREST; index cache budget=128 MiB; metadata cache budget=128 MiB; shard validation=background-on-demand
[2026-10-04 18:32:57.957] [warning] Creature sprite catalog component 0 quarantined: invalid catalog shard resource directory; other validated components remain available and native rendering is retained
[2026-10-04 18:32:57.972] [info] Creature sprite xBR catalog ready: scale=x4, 2 animations, 2 components, 2 resources, 2 frames, 32 index bytes across 2 lazy content-addressed shards; catalog-version=V1; 0 authenticated directory entries; source=CreatureSprites-XN.catalog; filter=NEAREST; index cache budget=128 MiB; metadata cache budget=128 MiB; shard validation=background-on-demand
[2026-10-04 18:32:57.975] [warning] Creature sprite catalog component 0 quarantined: invalid catalog shard resource directory; other validated components remain available and native rendering is retained
[2026-10-04 18:32:57.988] [info] Creature sprite xBR catalog ready: scale=x4, 2 animations, 2 components, 2 resources, 2 frames, 32 index bytes across 2 lazy content-addressed shards; catalog-version=V1; 0 authenticated directory entries; source=CreatureSprites-XN.catalog; filter=NEAREST; index cache budget=128 MiB; metadata cache budget=128 MiB; shard validation=background-on-demand
[2026-10-04 18:32:57.989] [info] Creature sprite catalog shard 0 ready on demand for animation 0x6110, resref CEST: 1 resources, 1000 metadata bytes
[2026-10-04 18:32:58.003] [info] Creature sprite xBR catalog ready: scale=x4, 2 animations, 2 components, 2 resources, 2 frames, 32 index bytes across 2 lazy content-addressed shards; catalog-version=V1; 0 authenticated directory entries; source=CreatureSprites-XN.catalog; filter=NEAREST; index cache budget=128 MiB; metadata cache budget=128 MiB; shard validation=background-on-demand
[2026-10-04 18:32:58.004] [warning] Creature sprite catalog component 0 quarantined: invalid catalog shard directory header; other validated components remain available and native rendering is retained
[2026-10-04 18:32:58.016] [warning] Creature sprite xBR pack disabled: invalid creature-sprite registry size: G:\AI\BG2_Upscale\sprite\.work\q3m-monster-layered-full-x2-20261004-v1\runtime-src\creature-sprite-registry-format-test\CreatureSprites-XN.catalog
[2026-10-04 18:32:58.022] [info] Creature sprite xBR pack ready: animation 0x6110, scale=x4, 2 resources, 2 frames, 32 index bytes across 2 lazy shards; source=CreatureSprites-XN.set; filter=NEAREST; index cache budget=128 MiB
[2026-10-04 18:32:58.026] [info] Creature sprite xBR pack ready: animation 0x6110, scale=x4, 1 resources, 1 frames, 16 index bytes across 1 lazy shards; source=CreatureSprites-XN.set; filter=NEAREST; index cache budget=128 MiB
[2026-10-04 18:32:58.032] [info] Creature sprite xBR pack ready: animation 0x6110, scale=x2, 2 resources, 2 frames, 8 index bytes across 2 lazy shards; source=CreatureSprites-XN.set; filter=NEAREST; index cache budget=128 MiB
[2026-10-04 18:32:58.034] [warning] Creature sprite xBR pack disabled: invalid creature-sprite xN registry prefix: G:\AI\BG2_Upscale\sprite\.work\q3m-monster-layered-full-x2-20261004-v1\runtime-src\creature-sprite-registry-format-test\CreatureSprites-XN-0001.registry (version=0, scale=0, stream=0)
[2026-10-04 18:32:58.038] [warning] Creature sprite xBR pack disabled: creature-sprite registry-set shard mismatch: CreatureSprites-XN-0000.registry
[2026-10-04 18:32:58.044] [warning] Creature sprite xBR pack disabled: creature-sprite registry-set shard mismatch: CreatureSprites-XN-0000.registry
[2026-10-04 18:32:58.059] [warning] Creature sprite xBR pack disabled: invalid creature-sprite registry-set entry
[2026-10-04 18:32:58.062] [warning] Creature sprite xBR pack disabled: duplicate creature-sprite resref across shards
[2026-10-04 18:32:58.065] [warning] Creature sprite xBR pack disabled: creature-sprite registry-set shard mismatch: CreatureSprites-XN-0001.registry
[2026-10-04 18:32:58.072] [warning] Creature sprite xBR pack disabled: creature-sprite registry-set shard mismatch: CreatureSprites-XN-0000.registry
[2026-10-04 18:32:58.073] [info] Creature sprite xBR pack ready: animation 0x6110, scale=x4, 1 resources, 1 frames, 16 index bytes; source=CreatureSprites-XN.registry; filter=NEAREST; registry budget=512 MiB
[2026-10-04 18:32:58.074] [info] Creature sprite xBR pack ready: animation 0xE400, scale=x2, 1 resources, 1 frames, 4 index bytes; source=CreatureSprites-X2.registry; filter=NEAREST; registry budget=128 MiB
[2026-10-04 18:32:58.078] [info] Creature sprite xBR pack ready: animation 0x6110, scale=x2, 1 resources, 1 frames, 4 index bytes; source=CreatureSprites-XN.registry; filter=NEAREST; registry budget=128 MiB
[2026-10-04 18:32:58.081] [info] Creature sprite xBR pack ready: animation 0x6102, scale=x2, 1 resources, 1 frames, 4 index bytes; source=CreatureSprites-XN.registry; filter=NEAREST; registry budget=128 MiB
[2026-10-04 18:32:58.085] [warning] Creature sprite xBR pack disabled: invalid creature-sprite xN registry prefix: G:\AI\BG2_Upscale\sprite\.work\q3m-monster-layered-full-x2-20261004-v1\runtime-src\creature-sprite-registry-format-test\CreatureSprites-XN.registry (version=4, scale=4, stream=1)
[2026-10-04 18:32:58.088] [warning] Creature sprite xBR pack disabled: invalid creature-sprite xN registry prefix: G:\AI\BG2_Upscale\sprite\.work\q3m-monster-layered-full-x2-20261004-v1\runtime-src\creature-sprite-registry-format-test\CreatureSprites-XN.registry (version=3, scale=3, stream=1)
[2026-10-04 18:32:58.091] [warning] Creature sprite xBR pack disabled: invalid creature-sprite frame payload
[2026-10-04 18:32:58.095] [warning] Creature sprite xBR pack disabled: invalid creature-sprite xN monolith prefix
[2026-10-04 18:32:58.100] [info] Creature sprite xBR pack ready: animation 0x6110, scale=x2, 92 resources, 92 frames, 368 index bytes; source=CreatureSprites-X2.registry; filter=NEAREST; registry budget=128 MiB
[2026-10-04 18:32:58.103] [info] Creature sprite xBR pack ready: animation 0xE400, scale=x2, 1 resources, 1 frames, 4 index bytes; source=CreatureSprites-X2.registry; filter=NEAREST; registry budget=128 MiB
[2026-10-04 18:32:58.108] [warning] Creature sprite xBR pack disabled: invalid creature-sprite registry header: CreatureSprites-X2.registry
[2026-10-04 18:32:58.112] [warning] Creature sprite xBR pack disabled: invalid creature-sprite animation id
[2026-10-04 18:32:58.200] [info] Prepared item icon x2 registry v2: 2 cycle slots, 0 MiB
[2026-10-04 18:32:58.223] [info] Prepared area-animation x4 runtime pack v2: 1 BAM, 1 timed, 2 frames, 0.00 MiB raw
[2026-10-04 18:32:58.223] [info] Prepared area-animation x4 runtime pack v2: 1 BAM, 1 timed, 2 frames, 0.00 MiB raw
[2026-10-04 18:32:58.228] [info] Prepared area-animation x4 runtime pack v2: 1 BAM, 0 timed, 4 frames, 0.00 MiB raw
[2026-10-04 18:32:58.232] [info] Prepared area-animation x4 runtime pack v2: 1 BAM, 0 timed, 2 frames, 0.00 MiB raw
[2026-10-04 18:32:58.239] [info] Prepared area-animation x4 runtime pack v2: 1 BAM, 1 timed, 8 frames, 0.00 MiB raw
[2026-10-04 18:32:58.245] [info] Prepared area-animation x4 runtime pack v2: 1 BAM, 1 timed, 4 frames, 0.00 MiB raw
[2026-10-04 18:32:58.250] [info] Prepared area-animation x4 runtime pack v3: 2 BAM, 2 timed, 4 frames, 0.00 MiB raw
[2026-10-04 18:32:58.255] [info] Prepared area-animation x4 runtime pack v3: 2 BAM, 2 timed, 4 frames, 0.00 MiB raw
[2026-10-04 18:32:58.255] [warning] Area-animation position miss: resref=TESTA, read=(-2147483648, -2147483648), no unbound fallback
[2026-10-04 18:32:58.261] [warning] Area-animation x4 runtime pack disabled: empty or duplicate area-animation resref
[2026-10-04 18:32:58.265] [warning] Area-animation x4 runtime pack disabled: unbound area-animation resource carries a position
[2026-10-04 18:32:58.269] [warning] Area-animation x4 runtime pack disabled: invalid area-animation position header
[2026-10-04 18:32:58.273] [info] Prepared area-animation x4 runtime pack v1: 1 BAM, 0 timed, 1 frames, 0.00 MiB raw
[2026-10-04 18:32:58.274] [info] Area-animation x4: per-area packs enabled from G:\AI\BG2_Upscale\sprite\.work\q3m-monster-layered-full-x2-20261004-v1\runtime-src\area-animation-registry-format-test\assets\areas
[2026-10-04 18:32:58.274] [info] Prepared area-animation x4 runtime pack v2: 1 BAM, 1 timed, 2 frames, 0.00 MiB raw
[2026-10-04 18:32:58.275] [info] Area-animation x4: no pack for area AR0000; the engine renders its own BAM
[2026-10-04 18:32:58.279] [warning] Area-animation x4 runtime pack disabled: invalid area-animation resource header
All InfinityEngine-Enhancer native tests passed
