resref,status,areas,occurrences,frames,max_frame_size_x1,format,selected_run,qa_decision,qa_date,correction_id,notes
1400T001,écarté,AR1400;AR1404,2,1,255x255,BAM V1,,,,,"Arbre nu des Ruines du temple, partage AR1400 (cycle jour/nuit) et AR1404 (nuit permanente). 1 frame, 255x255, alpha 1 bit, silhouette eclatee (29 a 342 composantes, 116 a 580 trous) : ni interpolation 30 fps possible (frame unique), ni lissage spline applicable (build_spline_alpha_mask.py n'ajuste que la plus grande silhouette fermee et supprimerait le branchage). x4 SeedVR2 7B/LAB produit le 2026-08-28 (run ar1400-all-bam-seedvr7b-lab-x4), techniquement sain : alpha strictement egal au plus proche voisin de la source, luminance intra-masque -0,5 a -0,8 % (SeedVR n'a pas eclairci), flag ARE Blended absent. ECARTE POUR UN DEFAUT DE RENDU, PAS POUR UN DEFAUT D'ASSET. Le chemin x4 des animations de zone lie une texture RGBA pre-cuite et ne recoit jamais la palette realisee par CVidPalette::Realize (le commentaire de src/iee/area_animation_x4_registry.h le dit explicitement : la composition creature la consomme, celle des animations de zone la laisse nulle). L'eclairage de zone n'est donc pas applique a notre texture alors qu'il l'est au BAM vanilla. Mesure sur les light maps du jeu, sur l'emprise de la ressource : facteur jour AR1400LM [0.842,0.842,0.864] soit 1,19x trop clair (imperceptible, QA de jour acceptee le 2026-08-28), facteur nuit AR1400LN [0.441,0.420,0.558] soit 2,27/2,38/1,79x trop clair donc aussi trop CHAUD (QA de nuit refusee le 2026-08-28, sur AR1400 comme sur AR1404). AR1404LM est identique octet pour octet a AR1400LN : AR1404 est en nuit permanente. Retire des packs des deux zones le 2026-08-28 ; AR1404 n'a plus aucun pack et le moteur y rend ses BAM d'origine (trace 'no pack for area AR1404' verifiee dans le journal). RESERVE, AMELIORATION POSSIBLE : la correction existe et est mesuree. pipeline/scripts/build_area_lightmap_pack.py re-applique l'eclairage (rgb = rgb * lightmap(monde)/255, alpha inchange) et ramene l'ecart a la colorimetrie vanilla de nuit de MAE 25,69/255 a 2,16/255. Essayee en jeu le 2026-08-28 sur 1400T005 seulement (temoin du lot) : rendu juge laid par l'utilisateur, non retenu ; les quatre autres arbres n'ont pas ete corriges. Limite structurelle : une texture cuite ne porte qu'un seul etat d'eclairage, donc corriger la nuit d'AR1400 rend le jour ~1,9x trop sombre ; seules les zones a eclairage fixe comme AR1404 sont pleinement recuperables par cette voie. Le vrai correctif est moteur : faire consommer au chemin x4 la palette realisee, comme le fait deja le chemin creature. Run x4, script et lot de test conserves (animations/packs-par-zone/combined-20260828-ar1400-t005-nightlight, essai limite a 1400T005). CONDITION DE REOUVERTURE : correctif moteur de l'eclairage, ou zone a eclairage fixe."
1400T002,écarté,AR1400;AR1404,2,1,255x255,BAM V1,,,,,"Arbre nu des Ruines du temple, partage AR1400 (cycle jour/nuit) et AR1404 (nuit permanente). 1 frame, 255x255, alpha 1 bit, silhouette eclatee (29 a 342 composantes, 116 a 580 trous) : ni interpolation 30 fps possible (frame unique), ni lissage spline applicable (build_spline_alpha_mask.py n'ajuste que la plus grande silhouette fermee et supprimerait le branchage). x4 SeedVR2 7B/LAB produit le 2026-08-28 (run ar1400-all-bam-seedvr7b-lab-x4), techniquement sain : alpha strictement egal au plus proche voisin de la source, luminance intra-masque -0,5 a -0,8 % (SeedVR n'a pas eclairci), flag ARE Blended absent. ECARTE POUR UN DEFAUT DE RENDU, PAS POUR UN DEFAUT D'ASSET. Le chemin x4 des animations de zone lie une texture RGBA pre-cuite et ne recoit jamais la palette realisee par CVidPalette::Realize (le commentaire de src/iee/area_animation_x4_registry.h le dit explicitement : la composition creature la consomme, celle des animations de zone la laisse nulle). L'eclairage de zone n'est donc pas applique a notre texture alors qu'il l'est au BAM vanilla. Mesure sur les light maps du jeu, sur l'emprise de la ressource : facteur jour AR1400LM [0.842,0.842,0.864] soit 1,19x trop clair (imperceptible, QA de jour acceptee le 2026-08-28), facteur nuit AR1400LN [0.441,0.420,0.558] soit 2,27/2,38/1,79x trop clair donc aussi trop CHAUD (QA de nuit refusee le 2026-08-28, sur AR1400 comme sur AR1404). AR1404LM est identique octet pour octet a AR1400LN : AR1404 est en nuit permanente. Retire des packs des deux zones le 2026-08-28 ; AR1404 n'a plus aucun pack et le moteur y rend ses BAM d'origine (trace 'no pack for area AR1404' verifiee dans le journal). RESERVE, AMELIORATION POSSIBLE : la correction existe et est mesuree. pipeline/scripts/build_area_lightmap_pack.py re-applique l'eclairage (rgb = rgb * lightmap(monde)/255, alpha inchange) et ramene l'ecart a la colorimetrie vanilla de nuit de MAE 25,69/255 a 2,16/255. Essayee en jeu le 2026-08-28 sur 1400T005 seulement (temoin du lot) : rendu juge laid par l'utilisateur, non retenu ; les quatre autres arbres n'ont pas ete corriges. Limite structurelle : une texture cuite ne porte qu'un seul etat d'eclairage, donc corriger la nuit d'AR1400 rend le jour ~1,9x trop sombre ; seules les zones a eclairage fixe comme AR1404 sont pleinement recuperables par cette voie. Le vrai correctif est moteur : faire consommer au chemin x4 la palette realisee, comme le fait deja le chemin creature. Run x4, script et lot de test conserves (animations/packs-par-zone/combined-20260828-ar1400-t005-nightlight, essai limite a 1400T005). CONDITION DE REOUVERTURE : correctif moteur de l'eclairage, ou zone a eclairage fixe."
1400T003,écarté,AR1400;AR1404,2,1,255x255,BAM V1,,,,,"Arbre nu des Ruines du temple, partage AR1400 (cycle jour/nuit) et AR1404 (nuit permanente). 1 frame, 255x255, alpha 1 bit, silhouette eclatee (29 a 342 composantes, 116 a 580 trous) : ni interpolation 30 fps possible (frame unique), ni lissage spline applicable (build_spline_alpha_mask.py n'ajuste que la plus grande silhouette fermee et supprimerait le branchage). x4 SeedVR2 7B/LAB produit le 2026-08-28 (run ar1400-all-bam-seedvr7b-lab-x4), techniquement sain : alpha strictement egal au plus proche voisin de la source, luminance intra-masque -0,5 a -0,8 % (SeedVR n'a pas eclairci), flag ARE Blended absent. ECARTE POUR UN DEFAUT DE RENDU, PAS POUR UN DEFAUT D'ASSET. Le chemin x4 des animations de zone lie une texture RGBA pre-cuite et ne recoit jamais la palette realisee par CVidPalette::Realize (le commentaire de src/iee/area_animation_x4_registry.h le dit explicitement : la composition creature la consomme, celle des animations de zone la laisse nulle). L'eclairage de zone n'est donc pas applique a notre texture alors qu'il l'est au BAM vanilla. Mesure sur les light maps du jeu, sur l'emprise de la ressource : facteur jour AR1400LM [0.842,0.842,0.864] soit 1,19x trop clair (imperceptible, QA de jour acceptee le 2026-08-28), facteur nuit AR1400LN [0.441,0.420,0.558] soit 2,27/2,38/1,79x trop clair donc aussi trop CHAUD (QA de nuit refusee le 2026-08-28, sur AR1400 comme sur AR1404). AR1404LM est identique octet pour octet a AR1400LN : AR1404 est en nuit permanente. Retire des packs des deux zones le 2026-08-28 ; AR1404 n'a plus aucun pack et le moteur y rend ses BAM d'origine (trace 'no pack for area AR1404' verifiee dans le journal). RESERVE, AMELIORATION POSSIBLE : la correction existe et est mesuree. pipeline/scripts/build_area_lightmap_pack.py re-applique l'eclairage (rgb = rgb * lightmap(monde)/255, alpha inchange) et ramene l'ecart a la colorimetrie vanilla de nuit de MAE 25,69/255 a 2,16/255. Essayee en jeu le 2026-08-28 sur 1400T005 seulement (temoin du lot) : rendu juge laid par l'utilisateur, non retenu ; les quatre autres arbres n'ont pas ete corriges. Limite structurelle : une texture cuite ne porte qu'un seul etat d'eclairage, donc corriger la nuit d'AR1400 rend le jour ~1,9x trop sombre ; seules les zones a eclairage fixe comme AR1404 sont pleinement recuperables par cette voie. Le vrai correctif est moteur : faire consommer au chemin x4 la palette realisee, comme le fait deja le chemin creature. Run x4, script et lot de test conserves (animations/packs-par-zone/combined-20260828-ar1400-t005-nightlight, essai limite a 1400T005). CONDITION DE REOUVERTURE : correctif moteur de l'eclairage, ou zone a eclairage fixe."
1400T004,écarté,AR1400;AR1404,2,1,255x255,BAM V1,,,,,"Arbre nu des Ruines du temple, partage AR1400 (cycle jour/nuit) et AR1404 (nuit permanente). 1 frame, 255x255, alpha 1 bit, silhouette eclatee (29 a 342 composantes, 116 a 580 trous) : ni interpolation 30 fps possible (frame unique), ni lissage spline applicable (build_spline_alpha_mask.py n'ajuste que la plus grande silhouette fermee et supprimerait le branchage). x4 SeedVR2 7B/LAB produit le 2026-08-28 (run ar1400-all-bam-seedvr7b-lab-x4), techniquement sain : alpha strictement egal au plus proche voisin de la source, luminance intra-masque -0,5 a -0,8 % (SeedVR n'a pas eclairci), flag ARE Blended absent. ECARTE POUR UN DEFAUT DE RENDU, PAS POUR UN DEFAUT D'ASSET. Le chemin x4 des animations de zone lie une texture RGBA pre-cuite et ne recoit jamais la palette realisee par CVidPalette::Realize (le commentaire de src/iee/area_animation_x4_registry.h le dit explicitement : la composition creature la consomme, celle des animations de zone la laisse nulle). L'eclairage de zone n'est donc pas applique a notre texture alors qu'il l'est au BAM vanilla. Mesure sur les light maps du jeu, sur l'emprise de la ressource : facteur jour AR1400LM [0.842,0.842,0.864] soit 1,19x trop clair (imperceptible, QA de jour acceptee le 2026-08-28), facteur nuit AR1400LN [0.441,0.420,0.558] soit 2,27/2,38/1,79x trop clair donc aussi trop CHAUD (QA de nuit refusee le 2026-08-28, sur AR1400 comme sur AR1404). AR1404LM est identique octet pour octet a AR1400LN : AR1404 est en nuit permanente. Retire des packs des deux zones le 2026-08-28 ; AR1404 n'a plus aucun pack et le moteur y rend ses BAM d'origine (trace 'no pack for area AR1404' verifiee dans le journal). RESERVE, AMELIORATION POSSIBLE : la correction existe et est mesuree. pipeline/scripts/build_area_lightmap_pack.py re-applique l'eclairage (rgb = rgb * lightmap(monde)/255, alpha inchange) et ramene l'ecart a la colorimetrie vanilla de nuit de MAE 25,69/255 a 2,16/255. Essayee en jeu le 2026-08-28 sur 1400T005 seulement (temoin du lot) : rendu juge laid par l'utilisateur, non retenu ; les quatre autres arbres n'ont pas ete corriges. Limite structurelle : une texture cuite ne porte qu'un seul etat d'eclairage, donc corriger la nuit d'AR1400 rend le jour ~1,9x trop sombre ; seules les zones a eclairage fixe comme AR1404 sont pleinement recuperables par cette voie. Le vrai correctif est moteur : faire consommer au chemin x4 la palette realisee, comme le fait deja le chemin creature. Run x4, script et lot de test conserves (animations/packs-par-zone/combined-20260828-ar1400-t005-nightlight, essai limite a 1400T005). CONDITION DE REOUVERTURE : correctif moteur de l'eclairage, ou zone a eclairage fixe."
1400T005,écarté,AR1400;AR1404,2,1,255x255,BAM V1,,,,,"Arbre nu des Ruines du temple, partage AR1400 (cycle jour/nuit) et AR1404 (nuit permanente). 1 frame, 255x255, alpha 1 bit, silhouette eclatee (29 a 342 composantes, 116 a 580 trous) : ni interpolation 30 fps possible (frame unique), ni lissage spline applicable (build_spline_alpha_mask.py n'ajuste que la plus grande silhouette fermee et supprimerait le branchage). x4 SeedVR2 7B/LAB produit le 2026-08-28 (run ar1400-all-bam-seedvr7b-lab-x4), techniquement sain : alpha strictement egal au plus proche voisin de la source, luminance intra-masque -0,5 a -0,8 % (SeedVR n'a pas eclairci), flag ARE Blended absent. ECARTE POUR UN DEFAUT DE RENDU, PAS POUR UN DEFAUT D'ASSET. Le chemin x4 des animations de zone lie une texture RGBA pre-cuite et ne recoit jamais la palette realisee par CVidPalette::Realize (le commentaire de src/iee/area_animation_x4_registry.h le dit explicitement : la composition creature la consomme, celle des animations de zone la laisse nulle). L'eclairage de zone n'est donc pas applique a notre texture alors qu'il l'est au BAM vanilla. Mesure sur les light maps du jeu, sur l'emprise de la ressource : facteur jour AR1400LM [0.842,0.842,0.864] soit 1,19x trop clair (imperceptible, QA de jour acceptee le 2026-08-28), facteur nuit AR1400LN [0.441,0.420,0.558] soit 2,27/2,38/1,79x trop clair donc aussi trop CHAUD (QA de nuit refusee le 2026-08-28, sur AR1400 comme sur AR1404). AR1404LM est identique octet pour octet a AR1400LN : AR1404 est en nuit permanente. Retire des packs des deux zones le 2026-08-28 ; AR1404 n'a plus aucun pack et le moteur y rend ses BAM d'origine (trace 'no pack for area AR1404' verifiee dans le journal). RESERVE, AMELIORATION POSSIBLE : la correction existe et est mesuree. pipeline/scripts/build_area_lightmap_pack.py re-applique l'eclairage (rgb = rgb * lightmap(monde)/255, alpha inchange) et ramene l'ecart a la colorimetrie vanilla de nuit de MAE 25,69/255 a 2,16/255. Essayee en jeu le 2026-08-28 sur ce resref : rendu juge laid par l'utilisateur, non retenu. Limite structurelle : une texture cuite ne porte qu'un seul etat d'eclairage, donc corriger la nuit d'AR1400 rend le jour ~1,9x trop sombre ; seules les zones a eclairage fixe comme AR1404 sont pleinement recuperables par cette voie. Le vrai correctif est moteur : faire consommer au chemin x4 la palette realisee, comme le fait deja le chemin creature. Run x4, script et lot de test conserves (animations/packs-par-zone/combined-20260828-ar1400-t005-nightlight, essai limite a 1400T005). CONDITION DE REOUVERTURE : correctif moteur de l'eclairage, ou zone a eclairage fixe."
AM0033AB,validé-x4,AR0315;AR0527;AR0710;AR3026;AR6012,5,7,154x110,BAM V1,,,,am0033ab-apo8-x4-30fps-v2-spline-fit1-feather6,"Bassin d'eau sombre partagé AR0315/AR0527/AR0710/AR3026/AR6012 ; x4 SeedVR2 7B/LAB (run am0033ab-seedvr7b-lab-x4) ; V2 TimedTimeline 30 FPS apo-8 (run am0033ab-apo8-x4-30fps-v2) ; 7 frames natives -> 14 frames (14 phases) ; masque alpha = spline périodique fit-error 1.0 (padding 32 px x4 pour fermer le contour touchant le bord du canvas) puis fondu intérieur de silhouette 6 px x4 ; répété sur les 14 phases, alpha_final = alpha_source * masque / 255, RGB inchangé ; run dérivé am0033ab-spline-fit1-feather6-30fps-v2 ; livré par pack de zone ; QA en jeu validée par l'utilisateur le 2026-08-27 sur zones SoA + AR6012 (ToB) ; réserve mineure reportée en fin de projet : fin liseré sombre sur la facette gauche, présent depuis le x4 RGB (non causé par la correction alpha), jugé acceptable ; installation réversible."
AM003XA,validé-x4,AR0021;AR0313;AR0529;AR0713;AR1611;AR5015,6,9,66x64,BAM V1,animations/batches/cheminees-am003xa-am0323a-am0309a-apo8-x4-30fps-v2-innerfade8-20260921,animations/index/qa-decisions/AM003XA/2026-09-21-accepted-cheminees-am003xa-am0323a-am0309a-apo8-x4-30fps-v2-innerfade8-20260921.json,2026-09-21,alpha-strict-innerfade8-open-canvas-edges,"Four a buches, alpha strict 0x1141, 9 poses doublees -> 36 phases. Zones hors AR0021 etendues par signature, non vues en jeu (carte differente autour en AR0713/AR1611/AR0529/AR5015)."
AM0202A,validé-x4,AR0202,1,6,197x210,BAM V1,animations/batches/soa-ar0202-lot4-selection-accepted-reserve-fire3-20260916,animations/index/qa-decisions/AM0202A/2026-09-16-accepted-am0202a-ar0202-classic-x4.json,2026-09-16,am0202a-classic-seedvr7b-x4-20260916,Validation utilisateur ingame AR0202 le 2026-09-16. SeedVR2 7B/LAB x4 classique. Aucune réserve.
AM0202FL,validé-x4,AR0202;AR0331;AR0526,21,20,84x74,BAM V1,animations/batches/soa-ar0202-lot4-selection-accepted-reserve-fire3-20260916,animations/index/qa-decisions/AM0202FL/2026-09-16-accepted-am0202fl-projectile-magic-x4.json,2026-09-16,am0202fl-opacity70-gaussian06-edgefade8-20260916,"Validation utilisateur ingame AR0202 le 2026-09-16. Apollo-8 30 fps, opacité 70 %, flou gaussien léger, fondu de bord. Mêmes octets sélectionnés pour toutes les zones d'occurrence."
AM0205A,validé-x4,AR0205,1,9,120x175,BAM V1,,,,am0205a-interpolation-27f-15fps-canvas32,Pod ; interpolation x4 de 27 frames adressée sur les 27 positions du cycle BAM à 15 FPS et boucle de 1.8 s ; fade canvas 32 px x4 sur quatre bords ; validé en jeu le 2026-08-21 ; patchs réversibles.
AM0205B,validé-x4,AR0205,1,9,150x145,BAM V1,,,,am0205b-interpolation-27f-15fps-canvas32,Pod ; interpolation x4 de 27 frames adressée sur les 27 positions du cycle BAM à 15 FPS et boucle de 1.8 s ; fade canvas 32 px x4 sur quatre bords ; validé en jeu le 2026-08-21 ; patchs réversibles.
AM0205C,validé-x4,AR0205,1,9,155x130,BAM V1,,,,am0205c-interpolation-27f-15fps-canvas32,Pod ; interpolation x4 de 27 frames adressée sur les 27 positions du cycle BAM à 15 FPS et boucle de 1.8 s ; fade canvas 32 px x4 sur quatre bords ; validé en jeu le 2026-08-21 ; patchs réversibles.
AM0205D,validé-x4,AR0205,1,9,130x150,BAM V1,,,,am0205d-interpolation-27f-15fps-canvas32,Pod ; interpolation x4 de 27 frames adressée sur les 27 positions du cycle BAM à 15 FPS et boucle de 1.8 s ; fade canvas 32 px x4 sur quatre bords ; validé en jeu le 2026-08-21 ; patchs réversibles.
AM0205E,validé-x4,AR0205,1,9,165x130,BAM V1,,,,am0205e-interpolation-27f-15fps,Version interpolée x4 de 27 frames adressée sur les 27 positions du cycle BAM; cadence native d'environ 15 FPS et boucle de 1.8 s; validée en jeu le 2026-08-21; patch réversible.
AM0300A,validé-x4,AR0300,1,6,210x220,BAM V1,animations/batches/cheminees-am003xa-am0323a-am0309a-am0300a-apo8-x4-30fps-v2-20260921,animations/index/qa-decisions/AM0300A/2026-09-21-accepted-cheminees-am003xa-am0323a-am0309a-am0300a-apo8-x4-30fps-v2-20260921.json,2026-09-21,,"Cage de brasero, alpha strict 0x10C1, 6 poses doublees -> 24 phases, alpha native (recette MECANIQUE-SEEDVR-ALPHA-NATIVE)."
AM0307BH,à-valider,AR0307;AR0329,2,7,170x130,BAM V1,,,,,"Traité : collapse des maintiens puis TimedTimeline 30 fps Apollo-8 et fondu canvas 18 % ; run animations/batches/ar0307-am0307bh-am307red-edgefade18-20260917. Installé le 2026-09-17 ; QA non validée, révision ultérieure requise."
AM0308A,à-valider,AR0308,8,8,71x77,BAM V1,,,,,"Traité : xBR2×2 x4, collapse des maintiens, TimedTimeline 30 fps, spline/feather et flou RGB gaussien sigma 2 x4 sans changement de géométrie ni d'alpha ; run animations/ressources/AM0308A/runs/am0308a-xbr2x-nearest2-x4-30fps-collapse-holds-spline-fit1-rgb-dilate-gaussian2-geometry-preserved-20260917. Installé le 2026-09-17 ; QA non validée, révision ultérieure requise."
AM0309A,validé-x4,AR0309,1,9,155x165,BAM V1,animations/ressources/AM0309A/runs/ar0309-am0309a-holefill1024-animzone-mask-v1-20260921,animations/index/qa-decisions/AM0309A/2026-09-21-accepted-ar0309-am0309a-holefill1024-animzone-mask-v1-20260921.json,2026-09-21,ar0309-am0309a-holefill1024-animzone-mask-v1,"Rectangle opaque 97 %, 9 poses doublees -> 36 phases. Installer lie a l'occurrence (945,763) : feuille ar0309-am0309a-animzone-bound-merged-20260921."
AM0322A,validé-x4,AR0302;AR0322,2,9,164x138,BAM V1,animations/batches/am0322ab-apo8-x4-30fps-v2-innerfade8-20260919,animations/index/qa-decisions/AM0322A/2026-09-19-accepted-am0322ab-apo8-x4-30fps-v2-innerfade8-20260919.json,2026-09-19,alpha-strict-innerfade8-open-canvas-edges,"QA ingame AR0302 validee par l'utilisateur le 2026-09-19 (AR0322 etendue par signature identique). Cheminee et sol de Mae'Var's Inn RDC, opaque, non Blended. SeedVR2 7B/LAB x4, Apollo-8 30 fps a maintiens uniformes condenses (9 poses -> 36 phases, 1,2 s, aucun doublon), fondu alpha interieur strict 8 px x4 a bords canvas ouverts, RGB droit dilate sous alpha nul (meme traitement que AM0406A/B). Flou gaussien sur la flamme (sigma 3,5 puis 1,5) essaye et refuse : trop flou. La flamme brute SeedVR garde des facettes inventees, acceptee."
AM0322B,validé-x4,AR0302;AR0322,2,9,159x132,BAM V1,animations/batches/am0322ab-apo8-x4-30fps-v2-innerfade8-20260919,animations/index/qa-decisions/AM0322B/2026-09-19-accepted-am0322ab-apo8-x4-30fps-v2-innerfade8-20260919.json,2026-09-19,alpha-strict-innerfade8-open-canvas-edges,"QA ingame AR0302 validee par l'utilisateur le 2026-09-19 (AR0322 etendue par signature identique). Cheminee, fauteuil et tapis de Mae'Var's Inn RDC, opaque, non Blended, meme chaine et memes parametres qu'AM0322A (lot AM0322A/B). Flamme brute SeedVR sans flou."
AM0323A,validé-x4,AR0303;AR0323,2,9,179x139,BAM V1,animations/batches/cheminees-am003xa-am0323a-am0309a-apo8-x4-30fps-v2-innerfade8-20260921,animations/index/qa-decisions/AM0323A/2026-09-21-accepted-cheminees-am003xa-am0323a-am0309a-apo8-x4-30fps-v2-innerfade8-20260921.json,2026-09-21,alpha-strict-innerfade8-open-canvas-edges,"Cheminee, alpha strict 0x1101, 9 poses doublees -> 36 phases. AR0323 etendue par signature."
AM0406A,validé-x4,AR0406,1,9,105x110,BAM V1,animations/ressources/AM0406A/runs/ar0406-am0406a-mosaic-innerfade8-open-20260918,animations/index/qa-decisions/AM0406A/2026-09-18-accepted-am0406a-ar0406-mosaic-innerfade8-open.json,2026-09-18,alpha-strict-innerfade8-open-canvas-edges,"QA ingame AR0406 validée par l'utilisateur le 2026-09-18. SeedVR2 7B/LAB x4 sur mosaïque monde A|B (raccord AM0406A/B continu à x=1090), Apollo-8 30 fps, fade alpha strict 8 px x4 à bords canvas ouverts, RGB droit dilaté sous alpha nul. Frame 5 doublée du lookup conservée et étalée (segments pondérés 2,2,2,2,2,4,2,2,2 ; 10 slots → 20 phases, 0,667 s)."
AM0406B,validé-x4,AR0406,2,9,143x119,BAM V1,animations/ressources/AM0406B/runs/ar0406-am0406b-mosaic-innerfade8-open-20260918,animations/index/qa-decisions/AM0406B/2026-09-18-accepted-am0406b-ar0406-mosaic-innerfade8-open.json,2026-09-18,alpha-strict-innerfade8-open-canvas-edges,"QA ingame AR0406 validée par l'utilisateur le 2026-09-18. SeedVR2 7B/LAB x4 sur mosaïque monde A|B (raccord AM0406A/B continu à x=1090), Apollo-8 30 fps, fade alpha strict 8 px x4 à bords canvas ouverts, RGB droit dilaté sous alpha nul. Poses toutes doublées : maintiens uniformes condensés (9 poses → 36 phases, 1,2 s)."
AM0411RN,à-valider,AR0411;OH5400;OH5500,8,30,99x99,BAM V1,,,,,x4 SeedVR 7B LAB ; TimedTimeline Apollo-8 15→30 FPS (30→60 phases) ; Spline Fit 1 Multi-Contour / feather 4 ; RGB prémultiplié Blended. Rendu AR0411 explicitement accepté le 2026-09-11 ; QA globale conservée ouverte : OH5400 et OH5500 non vérifiées. Run final animations/ressources/AM0411RN/runs/am0411rn-magic-sphere-apo8-x4-30fps-spline-fit1-feather4-20260911 ; packs installés AR0411/OH5400/OH5500.
AM0504SB,non-traité,AR0504,6,20,26x40,BAM V1,,,,,
AM0510A,à-compléter,AR0510,1,9,128x128,BAM V1,,,,,"AR0510 (theatre du Five Flagons), 128x128, opaque a 99,8 % (31 pixels transparents par frame), non Blended (flags ARE 0x1141, planning 0xFFFFFFFF : affiche en permanence, sans declencheur), fenetre en arche lumineuse et halo au sol. Traite le 2026-09-19 : x4 SeedVR2 7B INT8/LAB (run am0510a-seedvr7b-lab-x4-20260919), puis TimedTimeline v2 Apollo-8 15->30 fps (run am0510a-apo8-x4-30fps-v2-20260919, 9 poses -> 18 phases, 0,6 s). Frames doubles verifiees avant interpolation : aucun hash identique, aucun indice repete, ecart moyen entre frames consecutives >= 3,15/255, collapse_eligible false ; apres interpolation aucune phase doublon, ancres natives identiques octet pour octet au pack de base, couture 17->0 fermee. Seule la zone 18,5 % des pixels (fenetre et halo, lignes 3-75, colonnes 46-125) s'anime ; le reste ne varie que par bruit de palette (ecart-type 1 a 3) et SeedVR le durcit, d'ou un masque peint a la main obligatoire (precedent AM0602B). EN ATTENTE : masque 512x512 a peindre par l utilisateur (blanc anime, gris fondu, noir retire) sur animations/ressources/AM0510A/paint-ready-am0510a/ (origine monde x1 839,397), puis build_manual_alpha_mask_30fps_v2.py, pack feuille AR0510 (FLAME2S, FLAME2M, FLMS, AM0510A) et installation AreaTest. Non installe : QA ingame impossible tant que le masque n existe pas."
AM0516LA,validé-x4,AR0516,1,4,189x173,BAM V1,animations/batches/ar0516-labc-apo8-x4-30fps-hybrid-custom-blink-lc-exact-repeat-20260917,animations/index/qa-decisions/AM0516LA/2026-09-17-accepted-ar0516-labc-apo8-x4-30fps-hybrid-custom-blink-lc-exact-repeat-20260917.json,2026-09-17,,TimedTimeline 30 fps par segments ; QA ingame AR0516 validée le 2026-09-17.
AM0516LB,validé-x4,AR0516,1,5,209x197,BAM V1,animations/batches/ar0516-labc-apo8-x4-30fps-hybrid-custom-blink-lc-exact-repeat-20260917,animations/index/qa-decisions/AM0516LB/2026-09-17-accepted-ar0516-labc-apo8-x4-30fps-hybrid-custom-blink-lc-exact-repeat-20260917.json,2026-09-17,,TimedTimeline 30 fps par segments ; QA ingame AR0516 validée le 2026-09-17.
AM0516LC,validé-x4,AR0516,1,5,207x193,BAM V1,animations/batches/ar0516-labc-apo8-x4-30fps-hybrid-custom-blink-lc-exact-repeat-20260917,animations/index/qa-decisions/AM0516LC/2026-09-17-accepted-ar0516-labc-apo8-x4-30fps-hybrid-custom-blink-lc-exact-repeat-20260917.json,2026-09-17,,Cycle régulier de quatre clignotements à 30 fps ; QA ingame AR0516 validée le 2026-09-17.
AM0516LD,validé-x4,AR0516,1,5,253x251,BAM V1,animations/ressources/AM0516LD/runs/am0516ld-apo8-x4-30fps-custom-blink-exact-repeat-20260917,animations/index/qa-decisions/AM0516LD/2026-09-17-accepted-am0516ld-apo8-x4-30fps-custom-blink-exact-repeat-20260917.json,2026-09-17,ar0516-all-bam-seedvr7b-lab-x4,Cycle reconstruit de neuf clignotements réguliers à 30 fps ; QA ingame AR0516 validée le 2026-09-17.
AM0602AA,validé-x4,AR0602,1,9,97x109,BAM V1,,,,ar0602-pack-x4,"Pack x4 AR0602; validation utilisateur; V2 am0602aa-ab-ac-apo8-x4-30fps-v2; TimedTimeline 15->30; QA ingame validée le 2026-08-23; livré par pack de zone AR0602 depuis le 2026-08-23, assets inchangés, QA rejouée OK."
AM0602AB,validé-x4,AR0602,1,9,105x96,BAM V1,,,,ar0602-pack-x4,"Pack x4 AR0602; validation utilisateur; V2 am0602aa-ab-ac-apo8-x4-30fps-v2; TimedTimeline 15->30; QA ingame validée le 2026-08-23; livré par pack de zone AR0602 depuis le 2026-08-23, assets inchangés, QA rejouée OK."
AM0602AC,validé-x4,AR0602,1,9,64x76,BAM V1,,,,ar0602-pack-x4,"Pack x4 AR0602; validation utilisateur; V2 am0602aa-ab-ac-apo8-x4-30fps-v2; TimedTimeline 15->30; QA ingame validée le 2026-08-23; amélioration visuelle manuelle possible: animation source peu convaincante; livré par pack de zone AR0602 depuis le 2026-08-23, assets inchangés, QA rejouée OK."
AM0602B,validé-x4,AR0602,1,9,100x95,BAM V1,,,,am0602b-deheld-manual-floor-mask-30fps-v2,"Cheminée x4; V2 TimedTimeline 30 FPS deheld (9 poses source + 27 intermédiaires); masque manuel sol répété sur les 36 phases; RGB inchangé; alpha seul; validé en jeu le 2026-08-23; installation réversible; livré par pack de zone AR0602 depuis le 2026-08-23, assets inchangés, QA rejouée OK."
AM0602C,validé-x4,AR0602,1,7,195x140,BAM V1,,,,ar0602-eau-inner8-canvas32,"Animation eau; 7B x4 rejeté (hachures) ; 3B x4 retenu après test visuel ; fondu de silhouette 8 px x4 + canvas 32 px x4 ; validé en jeu le 2026-08-23; livré par pack de zone AR0602 depuis le 2026-08-23, assets inchangés, QA rejouée OK."
AM0602D,validé-x4,AR0602,1,7,195x140,BAM V1,,,,ar0602-eau-inner8-canvas32,"Animation eau; 7B x4 rejeté (hachures) ; 3B x4 appliqué par lot avec AM0602C/E/G ; fondu de silhouette 8 px x4 + canvas 32 px x4 ; validé en jeu le 2026-08-23; livré par pack de zone AR0602 depuis le 2026-08-23, assets inchangés, QA rejouée OK."
AM0602E,validé-x4,AR0602,1,7,75x90,BAM V1,,,,ar0602-eau-inner8-canvas32,"Animation eau; 7B x4 rejeté (hachures) ; 3B x4 appliqué par lot avec AM0602C/D/G ; fondu de silhouette 8 px x4 + canvas 32 px x4 ; validé en jeu le 2026-08-23; livré par pack de zone AR0602 depuis le 2026-08-23, assets inchangés, QA rejouée OK."
AM0602F,validé-x4,AR0602,1,9,165x195,BAM V1,,,,am0602f-lantern-apo8-x4-30fps-v2-active-rebase,"Lanterne; fondu objet 8 px x4 et canvas 32 px x4 validés; V2 TimedTimeline 15 -> 30 FPS (9 poses natives + 9 intermédiaires, 18 phases); pack installé avec sauvegarde réversible; QA en jeu validée par l'utilisateur le 2026-08-23."
AM0602G,validé-x4,AR0602,1,7,70x140,BAM V1,,,,ar0602-eau-inner8-canvas32,"Animation eau; 7B x4 rejeté (hachures) ; 3B x4 appliqué par lot avec AM0602C/D/E ; fondu de silhouette 8 px x4 + canvas 32 px x4 ; validé en jeu le 2026-08-23; livré par pack de zone AR0602 depuis le 2026-08-23, assets inchangés, QA rejouée OK."
AM0602J,validé-x4,AR0601,1,8,248x126,BAM V1,,,,ar0601-all-bam-apo8-x4-30fps-v2,Air Plane (AR0601); x4 SeedVR2 7B/LAB (run ar0601-all-bam-seedvr7b-lab-x4); V2 TimedTimeline 30 FPS apo-8 (run ar0601-all-bam-apo8-x4-30fps-v2); 8 frames natives -> 16 frames (16 phases). Historique : réserve sur la boucle roue/mécanisme le 2026-08-23. QA ingame utilisateur confirmée le 2026-09-02 : rendu accepté ; ressource validée x4.
AM0602K1,validé-x4,AR0601,1,8,136x198,BAM V1,,,,ar0601-all-bam-apo8-x4-30fps-v2,"Air Plane (AR0601, antichambre du donjon d'Irenicus); x4 SeedVR2 7B/LAB (run ar0601-all-bam-seedvr7b-lab-x4); V2 TimedTimeline 30 FPS apo-8 (run ar0601-all-bam-apo8-x4-30fps-v2); 8 frames natives -> 16 frames (16 phases); livré par pack de zone; QA en jeu validée par l'utilisateur le 2026-08-23."
AM0602K2,validé-x4,AR0601,1,8,135x203,BAM V1,,,,ar0601-all-bam-apo8-x4-30fps-v2,"Air Plane (AR0601, antichambre du donjon d'Irenicus); x4 SeedVR2 7B/LAB (run ar0601-all-bam-seedvr7b-lab-x4); V2 TimedTimeline 30 FPS apo-8 (run ar0601-all-bam-apo8-x4-30fps-v2); 8 frames natives -> 16 frames (16 phases); livré par pack de zone; QA en jeu validée par l'utilisateur le 2026-08-23."
AM0602L1,validé-x4,AR0601,1,6,151x221,BAM V1,,,,ar0601-all-bam-apo8-x4-30fps-v2,"Air Plane (AR0601, antichambre du donjon d'Irenicus); x4 SeedVR2 7B/LAB (run ar0601-all-bam-seedvr7b-lab-x4); V2 TimedTimeline 30 FPS apo-8 (run ar0601-all-bam-apo8-x4-30fps-v2); 6 frames natives -> 12 frames (12 phases); livré par pack de zone; QA en jeu validée par l'utilisateur le 2026-08-23."
AM0602L2,validé-x4,AR0601,1,6,151x221,BAM V1,,,,ar0601-all-bam-apo8-x4-30fps-v2,"Air Plane (AR0601, antichambre du donjon d'Irenicus); x4 SeedVR2 7B/LAB (run ar0601-all-bam-seedvr7b-lab-x4); V2 TimedTimeline 30 FPS apo-8 (run ar0601-all-bam-apo8-x4-30fps-v2); 6 frames natives -> 12 frames (12 phases); livré par pack de zone; QA en jeu validée par l'utilisateur le 2026-08-23."
AM0602M,validé-x4,AR0601,1,8,204x210,BAM V1,,,,ar0601-all-bam-apo8-x4-30fps-v2,"Air Plane (AR0601, antichambre du donjon d'Irenicus); x4 SeedVR2 7B/LAB (run ar0601-all-bam-seedvr7b-lab-x4); V2 TimedTimeline 30 FPS apo-8 (run ar0601-all-bam-apo8-x4-30fps-v2); 8 frames natives -> 16 frames (16 phases); livré par pack de zone; QA en jeu validée par l'utilisateur le 2026-08-23."
AM0603A,validé-x4,AR0603,1,9,132x113,BAM V1,animations/batches/ar0603-six-bam-apo8-x4-30fps-collapse-holds-20260916,animations/index/qa-decisions/AM0603A/2026-09-17-accepted-am0603a-ar0603-collapse-holds-apo8-30fps.json,2026-09-17,,Collapse des maintiens puis TimedTimeline 30 fps Apollo-8 ; installé et QA ingame validée par l'utilisateur sur AR0603 le 2026-09-17.
AM0603B,validé-x4,AR0603,1,9,92x95,BAM V1,animations/batches/ar0603-six-bam-apo8-x4-30fps-collapse-holds-20260916,animations/index/qa-decisions/AM0603B/2026-09-17-accepted-am0603b-ar0603-collapse-holds-apo8-30fps.json,2026-09-17,,Collapse des maintiens puis TimedTimeline 30 fps Apollo-8 ; installé et QA ingame validée par l'utilisateur sur AR0603 le 2026-09-17.
AM0603C1,validé-x4,AR0603,1,4,154x109,BAM V1,animations/batches/ar0603-c1-c2-mechanical-native-alpha-apo8-30fps-20260917,animations/index/qa-decisions/AM0603C1/2026-09-17-accepted-am0603c1-ar0603-mechanical-native-alpha-apo8-30fps.json,2026-09-17,native-alpha-nearest,"Recette mécanique : SeedVR2 7B/LAB x4, TimedTimeline Apollo-8 30 fps, alpha vanilla nearest binaire et RGB caché nearest-opaque ; installé et QA ingame validée sur AR0603 le 2026-09-17."
AM0603C2,validé-x4,AR0603,1,4,154x112,BAM V1,animations/batches/ar0603-c1-c2-mechanical-native-alpha-apo8-30fps-20260917,animations/index/qa-decisions/AM0603C2/2026-09-17-accepted-am0603c2-ar0603-mechanical-native-alpha-apo8-30fps.json,2026-09-17,native-alpha-nearest,"Recette mécanique : SeedVR2 7B/LAB x4, TimedTimeline Apollo-8 30 fps, alpha vanilla nearest binaire et RGB caché nearest-opaque ; installé et QA ingame validée sur AR0603 le 2026-09-17."
AM0603D1,validé-x4,AR0603,1,6,121x89,BAM V1,animations/batches/ar0603-six-bam-apo8-x4-30fps-collapse-holds-20260916,animations/index/qa-decisions/AM0603D1/2026-09-17-accepted-am0603d1-ar0603-collapse-holds-apo8-30fps.json,2026-09-17,,Collapse des maintiens puis TimedTimeline 30 fps Apollo-8 ; installé et QA ingame validée par l'utilisateur sur AR0603 le 2026-09-17.
AM0603D2,validé-x4,AR0603,1,6,119x94,BAM V1,animations/batches/ar0603-six-bam-apo8-x4-30fps-collapse-holds-20260916,animations/index/qa-decisions/AM0603D2/2026-09-17-accepted-am0603d2-ar0603-collapse-holds-apo8-30fps.json,2026-09-17,,Collapse des maintiens puis TimedTimeline 30 fps Apollo-8 ; installé et QA ingame validée par l'utilisateur sur AR0603 le 2026-09-17.
AM0603D3,validé-x4,AR0603,1,6,118x93,BAM V1,animations/ressources/AM0603D3/runs/am0603d3-apo8-x4-30fps-weighted-segments-20260917,animations/index/qa-decisions/AM0603D3/2026-09-17-accepted-am0603d3-ar0603-weighted-segments-apo8-30fps.json,2026-09-17,,TimedTimeline 30 fps Apollo-8 par segments pondérés ; installé et QA ingame validée par l'utilisateur sur AR0603 le 2026-09-17.
AM0603H,validé-x4,AR0603,1,9,152x109,BAM V1,animations/batches/ar0603-six-bam-apo8-x4-30fps-collapse-holds-20260916,animations/index/qa-decisions/AM0603H/2026-09-17-accepted-am0603h-ar0603-collapse-holds-apo8-30fps.json,2026-09-17,,Collapse des maintiens puis TimedTimeline 30 fps Apollo-8 ; installé et QA ingame validée par l'utilisateur sur AR0603 le 2026-09-17.
AM0603I,validé-x4,AR0603,1,9,65x99,BAM V1,animations/batches/ar0603-six-bam-apo8-x4-30fps-collapse-holds-20260916,animations/index/qa-decisions/AM0603I/2026-09-17-accepted-am0603i-ar0603-collapse-holds-apo8-30fps.json,2026-09-17,,Collapse des maintiens puis TimedTimeline 30 fps Apollo-8 ; installé et QA ingame validée par l'utilisateur sur AR0603 le 2026-09-17.
AM0604A,validé-x4,AR0604,1,7,121x102,BAM V1,,,,ar0604-apo8-x4-30fps-v2,"Cirque, 1er etage (AR0604); seule ressource de la zone (fontaine); x4 SeedVR2 7B/LAB (run ar0604-all-bam-seedvr7b-lab-x4); V2 TimedTimeline 30 FPS apo-8 (run ar0604-apo8-x4-30fps-v2); 7 frames natives -> 14 frames (14 phases); livre par pack de zone; QA en jeu validee par l'utilisateur le 2026-08-23. Fondu alpha de contour tente a deux reprises (feather par distance 6px puis 2px x4, puis masque manuel sur le pack valide) : les trois essais reproduisent le meme symptome en jeu (rendu pixelise/basse frequence, comme le BAM natif) malgre RGB, cycles, dimensions et registre verifies identiques a la version validee a chaque fois ; cause non identifiee, hypothese principale : le chemin de rendu ne gere pas les valeurs alpha intermediaires (ni 0 ni 255) sur cette ressource. Abandonne, ressource laissee sans fondu ; ne plus retenter de correction alpha ici, cf. FLAME2S."
AM0700A,validé-x4,AR0700,1,7,178x163,BAM V1,,,,ar0700-fountains-apo8-x4-30fps-v2,"Fontaine claire. Le prototype historique fontaine-runtime-x4 (hook cible EnableAM0700AAnimationX4Test) est supersede : ne pas le reactiver. Fontaine d'AR0700 (deux fontaines physiques, chacune en deux couches BAM superposees : A+B a la position monde 981,1026 et C+D a 313,3766). x4 SeedVR2 7B/LAB (run ar0700-fountains-seedvr7b-lab-x4) puis V2 TimedTimeline 30 FPS apo-8 (run ar0700-fountains-apo8-x4-30fps-v2 ; 7 frames natives -> 14 frames, timeline [0,7,1,8,2,9,3,10,4,11,5,12,6,13], 14 phases, 0,467 s, duree de boucle inchangee). Geometrie uniforme ; flag ARE 0x1145 (bit 1 absent) donc chemin alpha strict, aucune correction RGB necessaire. Livre par pack de zone ; QA en jeu validee par l'utilisateur le 2026-08-27."
AM0700B,validé-x4,AR0700,1,7,178x163,BAM V1,,,,ar0700-fountains-apo8-x4-30fps-v2,"Fontaine, couche teintee superposee a AM0700A. Fontaine d'AR0700 (deux fontaines physiques, chacune en deux couches BAM superposees : A+B a la position monde 981,1026 et C+D a 313,3766). x4 SeedVR2 7B/LAB (run ar0700-fountains-seedvr7b-lab-x4) puis V2 TimedTimeline 30 FPS apo-8 (run ar0700-fountains-apo8-x4-30fps-v2 ; 7 frames natives -> 14 frames, timeline [0,7,1,8,2,9,3,10,4,11,5,12,6,13], 14 phases, 0,467 s, duree de boucle inchangee). Geometrie uniforme ; flag ARE 0x1145 (bit 1 absent) donc chemin alpha strict, aucune correction RGB necessaire. Livre par pack de zone ; QA en jeu validee par l'utilisateur le 2026-08-27."
AM0700C,validé-x4,AR0700,1,7,169x165,BAM V1,,,,ar0700-fountains-apo8-x4-30fps-v2,"Fontaine sud. Fontaine d'AR0700 (deux fontaines physiques, chacune en deux couches BAM superposees : A+B a la position monde 981,1026 et C+D a 313,3766). x4 SeedVR2 7B/LAB (run ar0700-fountains-seedvr7b-lab-x4) puis V2 TimedTimeline 30 FPS apo-8 (run ar0700-fountains-apo8-x4-30fps-v2 ; 7 frames natives -> 14 frames, timeline [0,7,1,8,2,9,3,10,4,11,5,12,6,13], 14 phases, 0,467 s, duree de boucle inchangee). Geometrie uniforme ; flag ARE 0x1145 (bit 1 absent) donc chemin alpha strict, aucune correction RGB necessaire. Livre par pack de zone ; QA en jeu validee par l'utilisateur le 2026-08-27."
AM0700D,validé-x4,AR0700,1,7,169x165,BAM V1,,,,ar0700-fountains-apo8-x4-30fps-v2,"Fontaine sud, couche teintee superposee a AM0700C. Fontaine d'AR0700 (deux fontaines physiques, chacune en deux couches BAM superposees : A+B a la position monde 981,1026 et C+D a 313,3766). x4 SeedVR2 7B/LAB (run ar0700-fountains-seedvr7b-lab-x4) puis V2 TimedTimeline 30 FPS apo-8 (run ar0700-fountains-apo8-x4-30fps-v2 ; 7 frames natives -> 14 frames, timeline [0,7,1,8,2,9,3,10,4,11,5,12,6,13], 14 phases, 0,467 s, duree de boucle inchangee). Geometrie uniforme ; flag ARE 0x1145 (bit 1 absent) donc chemin alpha strict, aucune correction RGB necessaire. Livre par pack de zone ; QA en jeu validee par l'utilisateur le 2026-08-27."
AM0801A,validé-x4,AR0801;AR0808,2,7,181x108,BAM V1,animations/ressources/AM0801A/runs/ar0801-am0801a-reboutcx-spline-fit1-feather16-20260918,animations/index/qa-decisions/AM0801A/2026-09-18-accepted-am0801a-ar0801-ar0808-reboutcx-feather16.json,2026-09-18,spline-fit1-innerfeather16,"Bassin rectangulaire (390,815). Bassins de sang d'AR0801 et de sa variante AR0808 (mêmes positions), QA ingame validée par l'utilisateur le 2026-09-18 sur les deux maps. Apollo-8 30 fps (7→14 phases, 0,467 s, aucun doublon dans le lookup natif), spline fit 1 multi-contour feather 16 px x4, RGB préservé. Upscale ReboutCX x4 (alpha nearest) retenu après comparatif : SeedVR 7B jugé granuleux, SeedVR 3B écarté (cellules hexagonales). Feather 16 (et non 4) : le liseré brun d'un pixel du BAM donne sinon une dentelure sur le liseré de pierre clair."
AM0801B1,validé-x4,AR0801;AR0808,2,7,130x169,BAM V1,animations/ressources/AM0801B1/runs/ar0801-am0801b1-spline-fit1-feather16-seamR-20260918,animations/index/qa-decisions/AM0801B1/2026-09-18-accepted-am0801b1-ar0801-ar0808-mosaic-feather16-seamr.json,2026-09-18,spline-fit1-innerfeather16-seam-right8-16,"Moitié gauche du bassin pentagonal (2848,663), jointe à AM0801B2 à x=2848. Bassins de sang d'AR0801 et de sa variante AR0808 (mêmes positions), QA ingame validée par l'utilisateur le 2026-09-18 sur les deux maps. Apollo-8 30 fps (7→14 phases, 0,467 s, aucun doublon dans le lookup natif), spline fit 1 multi-contour feather 16 px x4, RGB préservé. SeedVR2 7B/LAB x4 sur mosaïque B1|B2 (marche RGB au raccord 1,1 → 0,3), alpha source restauré 8+16 px x4 sur le bord droit."
AM0801B2,validé-x4,AR0801;AR0808,2,7,130x169,BAM V1,animations/ressources/AM0801B2/runs/ar0801-am0801b2-spline-fit1-feather16-seamL-20260918,animations/index/qa-decisions/AM0801B2/2026-09-18-accepted-am0801b2-ar0801-ar0808-mosaic-feather16-seaml.json,2026-09-18,spline-fit1-innerfeather16-seam-left8-16,"Moitié droite du bassin pentagonal (2848,663), jointe à AM0801B1 à x=2848. Bassins de sang d'AR0801 et de sa variante AR0808 (mêmes positions), QA ingame validée par l'utilisateur le 2026-09-18 sur les deux maps. Apollo-8 30 fps (7→14 phases, 0,467 s, aucun doublon dans le lookup natif), spline fit 1 multi-contour feather 16 px x4, RGB préservé. SeedVR2 7B/LAB x4 sur mosaïque B1|B2, alpha source restauré 8+16 px x4 sur le bord gauche."
AM0803A,validé-x4,AR0803;AR0809,2,7,139x96,BAM V1,animations/ressources/AM0803A/runs/am0803a-apo8-x4-30fps-v2-spline-fit1-feather4-20260907,animations/index/qa-decisions/AM0803A/2026-09-07-accepted-am0803a-apo8-x4-30fps-v2-spline-fit1-feather4-20260907.json,2026-09-07,,
AM0803B,validé-x4,AR0803;AR0809,2,7,112x64,BAM V1,animations/ressources/AM0803B/runs/am0803b-apo8-x4-30fps-v2-spline-fit1-feather4-warmblur-20260907,animations/index/qa-decisions/AM0803B/2026-09-07-accepted-am0803b-apo8-x4-30fps-v2-spline-fit1-feather4-warmblur-20260907.json,2026-09-07,,
AM0803C,validé-x4,AR0803;AR0809,2,7,94x80,BAM V1,animations/ressources/AM0803C/runs/am0803c-apo8-x4-30fps-v2-spline-fit1-feather4-warmblur-20260907,animations/index/qa-decisions/AM0803C/2026-09-07-accepted-am0803c-apo8-x4-30fps-v2-spline-fit1-feather4-warmblur-20260907.json,2026-09-07,,
AM0803D,validé-x4,AR0803;AR0809,2,7,96x30,BAM V1,animations/ressources/AM0803D/runs/am0803d-apo8-x4-30fps-v2-spline-fit1-feather4-20260907,animations/index/qa-decisions/AM0803D/2026-09-07-accepted-am0803d-apo8-x4-30fps-v2-spline-fit1-feather4-20260907.json,2026-09-07,,
AM0803E,validé-x4,AR0803;AR0809,2,7,84x71,BAM V1,animations/ressources/AM0803E/runs/am0803e-apo8-x4-30fps-v2-spline-fit1-feather4-warmblur-20260907,animations/index/qa-decisions/AM0803E/2026-09-07-accepted-am0803e-apo8-x4-30fps-v2-spline-fit1-feather4-warmblur-20260907.json,2026-09-07,,
AM0900DM,validé-x4,AR0900,2,20,249x185,BAM V1,,,,,"Deux variantes v3 liées aux occurrences (2246,2187) et (1689,2662), masques QA validés 2026-08-27 sur sauvegarde ancienne et nouvelle."
AM0902L,non-traité,AR0902,1,32,129x159,BAM V1,,,,,
AM1001A,non-traité,AR0905;AR1001;AR1006;AR1007;AR1009,5,7,212x149,BAM V1,,,,,
AM1003A,validé-x4,AR0506;AR1003;AR2011;AR5010,4,7,122x93,BAM V1,animations/ressources/AM1003A/runs/ar1003-am1003a-spline-fit1-feather6-lowercover5-minrow190-20260921,animations/index/qa-decisions/AM1003A/2026-09-21-accepted-ar1003-am1003a-spline-fit1-feather6-lowercover5-minrow190-20260921.json,2026-09-21,ar1003-am1003a-spline-fit1-feather6-lowercover5-minrow190,"Bassin a jet, alpha strict, 7 -> 14 phases, cover restreint aux rangees >= 190. Repli sans cover : run ar1003-am1003a-spline-fit1-feather6-20260921."
AM1004A,validé-x4,AR1004;AR1601;AR2012,3,7,171x149,BAM V1,animations/ressources/AM1004A/runs/ar1004-am1004a-spline-fit1-feather6-lowercover5-20260921,animations/index/qa-decisions/AM1004A/2026-09-21-accepted-ar1004-am1004a-spline-fit1-feather6-lowercover5-20260921.json,2026-09-21,ar1004-am1004a-spline-fit1-feather6-lowercover5,"Bassin a jet, alpha strict 0x1141, 7 -> 14 phases. Repli sans couverture : run ar1004-am1004a-spline-fit1-feather6-20260920."
AM1008B,validé-x4,AR1008,1,7,53x39,BAM V1,animations/batches/ar1008-twisted-rune-apo8-x4-30fps-spline-fit1-feather4-20260911,animations/index/qa-decisions/AM1008B/2026-09-11-accepted-ar1008-twisted-rune-apo8-x4-30fps-spline-fit1-feather4-20260911.json,2026-09-11,spline-fit1-multicontour-per-frame-feather4,
AM1008BL,validé-x4,AR1008,1,8,102x145,BAM V1,animations/batches/ar1008-twisted-rune-apo8-x4-30fps-spline-fit1-feather4-20260911,animations/index/qa-decisions/AM1008BL/2026-09-11-accepted-ar1008-twisted-rune-apo8-x4-30fps-spline-fit1-feather4-20260911.json,2026-09-11,spline-fit1-multicontour-per-frame-feather4,
AM1101A,non-traité,AR1101,1,9,240x177,BAM V1,,,,,
AM1104A,non-traité,AR1103,1,9,75x50,BAM V1,,,,,
AM1104B,non-traité,AR1104,1,9,95x103,BAM V1,,,,,
AM1400A,validé-x4,AR1400,1,7,166x133,BAM V1,,,,,"Fontaine de jour des Ruines du temple (AR1400), planning ARE 0x001FFFC0 = 6h-20h59. x4 SeedVR2 7B/LAB (run ar1400-all-bam-seedvr7b-lab-x4, alpha agrandi au plus proche voisin, luminance intra-masque -0,8 % vs source). V2 TimedTimeline 30 FPS apo-8 (run ar1400-fountains-apo8-x4-30fps-v2, plan a73e0afc) : 7 ancres -> 14 frames, timeline 0,7,1,8,2,9,3,10,4,11,5,12,6,13, duree 0,4667 s inchangee ; 7 ancres reprises octet-identiques, les 7 phases intermediaires portent l'alpha exact de leur ancre gauche. Aucun maintien duplique, couture cyclique mesuree du meme ordre que les autres transitions. qa-approval.json accepte. QA en jeu validee par l'utilisateur le 2026-08-28, de jour ET de nuit. Livre par le pack de zone combined-20260828-plus-ar1400-fountains-only (AR1400 = AM1400A + AM1400N seulement ; les 5 arbres 1400T00x en ont ete retires, voir leurs lignes). Contour alpha 1 bit en escaliers x4 non encore corrige : spline fit 1.0 + fondu interieur 6 px x4 prevue, non appliquee a ce jour."
AM1400N,validé-x4,AR1400,1,7,166x133,BAM V1,,,,,"Fontaine de nuit des Ruines du temple (AR1400), meme position que AM1400A, planning ARE 0xFFE0003F = 21h-5h59. Alpha strictement identique sur les 7 frames natives. Meme chaine et meme run que AM1400A (x4 ar1400-all-bam-seedvr7b-lab-x4 ; 30 FPS ar1400-fountains-apo8-x4-30fps-v2, plan a73e0afc, 7 -> 14 frames, 0,4667 s). QA en jeu validee par l'utilisateur le 2026-08-28. Meme pack de zone combined-20260828-plus-ar1400-fountains-only. Contour alpha 1 bit non encore corrige, comme AM1400A."
AM1512PA,non-traité,AR1512,1,5,54x109,BAM V1,,,,,
AM1516PT,validé-x4,AR1516,1,6,66x100,BAM V1,animations/batches/am1516pt-seedvr7b-apo8-spline-selection-accepted-20260922,animations/index/qa-decisions/AM1516PT/2026-09-22-accepted-am1516pt-seedvr7b-apo8-spline-selection-accepted-20260922.json,2026-09-22,am1516pt-seedvr7b-apo8-spline-fit1-feather8-20260921,"Portail ovale 66x100 d AR1516 (encoche sombre en haut a droite), non Blended, couvert par les murs. SeedVR2 7B/LAB x4 (ReboutCX ecarte : derive vers le violet), Apollo-8 15->30 fps (6->12 phases, sans doublon), spline Fit 1 multi-contour par frame et fondu interieur 8 px x4, RGB preserve, comme PORTL1A/PORTL1B/PORTL2A. QA utilisateur ingame le 2026-09-22 ; voir animation_alpha_corrections.csv."
AM2000A,validé-x4,AR2000,1,28,192x149,BAM V1,animations/batches/ar2000-am2000ab-quadmosaic-cross-spline6-rgb-g2d12s55-20260918,animations/index/qa-decisions/AM2000A/2026-09-18-accepted-am2000a-ar2000-quadmosaic-cross-spline6.json,2026-09-18,cross-cycle-joint-spline6-axis8-16-rgb-g2d12s55,"Version turquoise. Animation quadrant (4 cycles = 4 quadrants d'un même bassin, phase j = frames 2j, 2j+1, 14+2j, 15+2j), fontaine centrale d'AR2000 au point 1769,1223. QA ingame AR2000 validée par l'utilisateur le 2026-09-18. SeedVR2 7B/LAB x4 sur mosaïques de phase (raccord en croix continu), Apollo-8 30 fps (7→14 phases par cycle, aucun doublon), spline conjointe fit 1 + feather 6, alpha source restauré 8+16 px sur les axes, RGB gaussien sigma 2/profondeur 12/55 % sur la croix. Reprend un essai du 2026-09-11/12 (commit 508e9d30, packs ar2000-am2000ab-*-ingame-test-20260912) jamais enregistré, qui présentait une croix visible entre quadrants."
AM2000B,validé-x4,AR2000,1,28,192x149,BAM V1,animations/batches/ar2000-am2000ab-quadmosaic-cross-spline6-rgb-g2d12s55-20260918,animations/index/qa-decisions/AM2000B/2026-09-18-accepted-am2000b-ar2000-quadmosaic-cross-spline6.json,2026-09-18,cross-cycle-joint-spline6-axis8-16-rgb-g2d12s55,"Version bleu nuit, même position que AM2000A. Animation quadrant (4 cycles = 4 quadrants d'un même bassin, phase j = frames 2j, 2j+1, 14+2j, 15+2j), fontaine centrale d'AR2000 au point 1769,1223. QA ingame AR2000 validée par l'utilisateur le 2026-09-18. SeedVR2 7B/LAB x4 sur mosaïques de phase (raccord en croix continu), Apollo-8 30 fps (7→14 phases par cycle, aucun doublon), spline conjointe fit 1 + feather 6, alpha source restauré 8+16 px sur les axes, RGB gaussien sigma 2/profondeur 12/55 % sur la croix. Reprend un essai du 2026-09-11/12 (commit 508e9d30, packs ar2000-am2000ab-*-ingame-test-20260912) jamais enregistré, qui présentait une croix visible entre quadrants."
AM2008A,non-traité,AR1010;AR2008;OH5120,3,15,144x135,BAM V1,,,,,
AM2100PA,validé-x4,AR2100,1,7,100x148,BAM V1,,,,ar2100-portals-apo8-x4-30fps-v2,"Portail AR2100 ; x4 SeedVR2 7B/LAB (run ar2100-portals-seedvr7b-lab-x4) ; V2 TimedTimeline Apollo 8, 15->30 FPS (run ar2100-portals-apo8-x4-30fps-v2 ; 7->14 phases) ; QA vidéo et ingame utilisateur validées le 2026-09-01 ; livré par pack de zone, installation réversible."
AM2100PB,validé-x4,AR2100,1,7,92x134,BAM V1,,,,ar2100-portals-apo8-x4-30fps-v2,"Portail AR2100 ; x4 SeedVR2 7B/LAB (run ar2100-portals-seedvr7b-lab-x4) ; V2 TimedTimeline Apollo 8, 15->30 FPS (run ar2100-portals-apo8-x4-30fps-v2 ; 7->14 phases) ; QA vidéo et ingame utilisateur validées le 2026-09-01 ; livré par pack de zone, installation réversible."
AM2100PC,validé-x4,AR2100,1,7,94x130,BAM V1,,,,ar2100-portals-apo8-x4-30fps-v2,"Portail AR2100 ; x4 SeedVR2 7B/LAB (run ar2100-portals-seedvr7b-lab-x4) ; V2 TimedTimeline Apollo 8, 15->30 FPS (run ar2100-portals-apo8-x4-30fps-v2 ; 7->14 phases) ; QA vidéo et ingame utilisateur validées le 2026-09-01 ; livré par pack de zone, installation réversible."
AM2201A,validé-x4,AR2201,1,7,90x170,BAM V1,,,,am2201a-apo8-x4-30fps-v2-20260901,"AR2201 ; x4 SeedVR2 7B/LAB (run am2201a-seedvr7b-lab-x4-20260901), puis V2 TimedTimeline Apollo 8 15->30 FPS (7->14 phases ; run am2201a-apo8-x4-30fps-v2-20260901). QA vidéo et ingame utilisateur validées le 2026-09-01 ; livré avec AM2201B par le pack AR2201 feather1, installation per-area réversible."
AM2201B,validé-x4,AR2201,5,7,148x115,BAM V1,,,,am2201b-apo8-x4-30fps-v2-spline-fit1-feather1-20260901,"AR2201 ; x4 SeedVR2 7B/LAB, puis V2 TimedTimeline Apollo 8 15->30 FPS (7->14 phases). Ressource Blended : spline Fit 1 multi-contour par frame + feather intérieur 1 px x4 ; RGB prémultiplié par l'alpha final. QA vidéo et ingame utilisateur validées le 2026-09-01 ; livré avec AM2201A par le pack AR2201 feather1, installation per-area réversible. Réserve mineure : un liseré sombre très fin peut subsister ; essais feather3 et Gaussian rejetés, ne réouvrir qu'avec une correction de contour plus localisée."
AM2300A,validé-x4,AR2300,3,7,82x125,BAM V1,animations/batches/ar2300-waterfalls-x4-30fps-test-20260906,animations/index/qa-decisions/AM2300A/2026-09-06-accepted-ar2300-waterfalls-x4-30fps-test-20260906.json,2026-09-06,ar2300-am2300a-occurrence-occlusion-v14,Pack v14 installe transactionnellement; test ingame utilisateur accepte.
AM2801A,validé-x4,AR2801;AR2808;AR2809,3,7,153x108,BAM V1,animations/ressources/AM2801A/runs/ar2801-am2801a-spline-fit1-feather6-20260921,animations/index/qa-decisions/AM2801A/2026-09-21-accepted-ar2801-am2801a-spline-fit1-feather6-20260921.json,2026-09-21,ar2801-am2801a-spline-fit1-feather6,"Bassin ovale, alpha strict, 7 -> 14 phases, sans cover (la carte x4 n'a pas de trou). AR2808/AR2809 etendues par signature, sans carte upscalee."
AM2802A,validé-x4,AR2802;AR2810;AR2811,3,7,152x108,BAM V1,animations/ressources/AM2802A/runs/ar2801-am2802a-spline-fit1-feather6-20260921,animations/index/qa-decisions/AM2802A/2026-09-21-accepted-ar2801-am2802a-spline-fit1-feather6-20260921.json,2026-09-21,ar2801-am2802a-spline-fit1-feather6,"Bassin ovale, alpha strict, 7 -> 14 phases, sans cover (la carte x4 n'a pas de trou). AR2810/AR2811 etendues par signature, sans carte upscalee."
AM2805A,validé-x4,AR2804;AR2805,2,7,93x104,BAM V1,animations/ressources/AM2805A/runs/am2805a-apo8-x4-30fps-v2-spline-fit1-feather1-straight-rgb-20260908,animations/index/qa-decisions/AM2805A/2026-09-19-accepted-am2805a-apo8-x4-30fps-v2-spline-fit1-feather1-straight-rgb-20260908.json,2026-09-19,,"x4 SeedVR2/LAB → TimedTimeline 30 fps Apo-8 → spline fit 1 multicontour / feather 1 px x4 ; flag ARE alpha strict, RGB préservé : run am2805a-apo8-x4-30fps-v2-spline-fit1-feather1-straight-rgb-20260908. Pack AR2804/AR2805 installé pour QA ingame le 2026-09-08 ; aucune décision QA ni release."
AM2805B,validé-x4,AR2804,2,7,186x184,BAM V1,animations/ressources/AM2805B/runs/am2805b-ar2804-fused-carrier-selection-20260908,animations/index/qa-decisions/AM2805B/2026-09-08-accepted-am2805b-ar2804-fused-carrier-selection-20260908.json,2026-09-08,ar2804-am2805bc-fused-carrier-am28add-v1,Validé ingame le 2026-09-08 dans AR2804 avec le composite AM2805B/AM2805C porté par AM28ADD. Réserve non bloquante : amélioration facultative de la jointure horizontale. Installation conservée ; aucune intégration release.
AM2805C,validé-x4,AR2804,1,7,224x182,BAM V1,animations/ressources/AM2805C/runs/am2805c-ar2804-fused-carrier-selection-20260908,animations/index/qa-decisions/AM2805C/2026-09-08-accepted-am2805c-ar2804-fused-carrier-selection-20260908.json,2026-09-08,ar2804-am2805bc-fused-carrier-am28add-v1,Validé ingame le 2026-09-08 dans AR2804 ; AM2805C est absorbé par le porteur runtime AM28ADD. Réserve non bloquante : amélioration facultative de la jointure horizontale. Installation conservée ; aucune intégration release.
AM3000A,validé-x4,AR3000,1,16,248x221,BAM V1,animations/batches/ar3000-am3000a-innerfade36-straightrgb-20260918,animations/index/qa-decisions/AM3000A/2026-09-18-accepted-am3000a-ar3000-fade36-straightrgb.json,2026-09-18,alpha-strict-innerfade36-straightrgb-dilate,"QA ingame AR3000 validée par l'utilisateur le 2026-09-18. SeedVR2 7B/LAB x4, Apollo-8 30 fps (cycles 1/2 interpolés, 0/3 statiques), fade alpha strict 36 px x4, RGB droit dilaté sous alpha nul. Ancien prototype frame 000 abandonné."
AM3000E,non-traité,AR3000,5,24,39x68,BAM V1,,,,,"Hors pipeline : 5 occurrences AR3000 (DoorMist01-05) en palette externe PLT_MAGE, refusées par run_animation_upscale.py (external-palette-PLT_MAGE) ; le chemin x4 ne reçoit pas la palette réalisée. Reste vanilla ; à rouvrir si le moteur consomme la palette externe."
AM3000H,validé-x4,AR3000,1,15,114x119,BAM V1,animations/ressources/AM3000H/runs/ar3000-am3000h-spline-fit1-innerfade36-20260918,animations/index/qa-decisions/AM3000H/2026-09-18-accepted-am3000h-ar3000-spline-fit1-feather4-innerfade36.json,2026-09-18,spline-fit1-innerfeather4-innerfade36,"QA ingame AR3000 validée par l'utilisateur le 2026-09-18. SeedVR2 7B/LAB x4, Apollo-8 30 fps, Spline Fit 1 multi-contour + feather 4 px x4 puis fade de contour intérieur 36 px x4 (intégration à la map). Repli SeedVR 3B non nécessaire."
AM3001D,validé-x4,AR3001,1,15,129x86,BAM V1,animations/batches/ar3001-altar-three-apo8-x4-30fps-spline-fit1-feather4-20260911,animations/index/qa-decisions/AM3001D/2026-09-11-accepted-ar3001-altar-three-apo8-x4-30fps-spline-fit1-feather4-20260911.json,2026-09-11,,
AM3001F,validé-x4,AR3001,5,6,40x40,BAM V1,animations/batches/ar3001-altar-three-apo8-x4-30fps-spline-fit1-feather4-20260911,animations/index/qa-decisions/AM3001F/2026-09-11-accepted-ar3001-altar-three-apo8-x4-30fps-spline-fit1-feather4-20260911.json,2026-09-11,,
AM3001G,validé-x4,AR3001,1,12,78x105,BAM V1,animations/batches/ar3001-altar-three-apo8-x4-30fps-spline-fit1-feather4-20260911,animations/index/qa-decisions/AM3001G/2026-09-19-accepted-ar3001-altar-three-apo8-x4-30fps-spline-fit1-feather4-20260911.json,2026-09-19,,"x4 SeedVR 7B LAB → TimedTimeline 30 fps Apollo-8 → Spline Fit 1 Multi-Contour / feather 4 ; ARE Blended, RGB prémultiplié : run ar3001-altar-three-apo8-x4-30fps-spline-fit1-feather4-20260911. Pack AR3001 installé pour QA ingame le 2026-09-11 ; portail non validé, aucune décision QA ni release."
AM3011A,validé-x4,AR3011,1,8,111x112,BAM V1,animations/batches/ar3011-qa-finalization-x4-20260911,animations/index/qa-decisions/AM3011A/2026-09-11-accepted-ar3011-qa-finalization-x4-20260911.json,2026-09-11,canvas-feather256-top-left-right-bottom64x4,Validé ingame avec la feuille AR3011 finale.
AM3011B,validé-x4,AR3011,1,8,30x60,BAM V1,animations/batches/ar3011-qa-finalization-x4-20260911,animations/index/qa-decisions/AM3011B/2026-09-11-accepted-ar3011-qa-finalization-x4-20260911.json,2026-09-11,contour-aura-rgb-dilate-v2,Validé ingame avec la feuille AR3011 finale.
AM3016A,à-valider,AR3016,2,10,32x111,BAM V1,,,,,Éclair bleu x4 produit et installé dans le pack ar3016-complete-seedvr-flame-anchor-repair-v5-20260916. Non observé : activation dépendante d'une quête inconnue. QA ingame différée.
AM3016B,à-valider,AR3016,1,10,180x48,BAM V1,,,,,Éclair bleu x4 produit et installé dans le pack ar3016-complete-seedvr-flame-anchor-repair-v5-20260916. Non observé : activation dépendante d'une quête inconnue. QA ingame différée.
AM3016D,validé-x4,AR3016,3,64,32x67,BAM V1,animations/batches/ar3016-qa-finalization-x4-20260916,animations/index/qa-decisions/AM3016D/2026-09-16-accepted-ar3016-x4.json,2026-09-16,,
AM3016E,validé-x4,AR3016,1,12,178x129,BAM V1,animations/batches/ar3016-qa-finalization-x4-20260916,animations/index/qa-decisions/AM3016E/2026-09-16-accepted-ar3016-x4.json,2026-09-16,,
AM3016G,validé-x4,AR3016,1,12,184x129,BAM V1,animations/batches/ar3016-qa-finalization-x4-20260916,animations/index/qa-decisions/AM3016G/2026-09-16-accepted-ar3016-x4.json,2026-09-16,,
AM3016I,validé-x4,AR3016,1,24,40x109,BAM V1,animations/batches/ar3016-qa-finalization-x4-20260916,animations/index/qa-decisions/AM3016I/2026-09-16-accepted-ar3016-x4.json,2026-09-16,,
AM3016J,validé-x4,AR3016,1,24,40x109,BAM V1,animations/batches/ar3016-qa-finalization-x4-20260916,animations/index/qa-decisions/AM3016J/2026-09-16-accepted-ar3016-x4.json,2026-09-16,,
AM3016K,validé-x4,AR3016,1,24,40x109,BAM V1,animations/batches/ar3016-qa-finalization-x4-20260916,animations/index/qa-decisions/AM3016K/2026-09-16-accepted-ar3016-x4.json,2026-09-16,,
AM3016L,validé-x4,AR3016,1,24,40x109,BAM V1,animations/batches/ar3016-qa-finalization-x4-20260916,animations/index/qa-decisions/AM3016L/2026-09-16-accepted-ar3016-x4.json,2026-09-16,,
AM3016N,validé-x4,AR3016,3,15,77x143,BAM V1,animations/batches/ar3016-qa-finalization-x4-20260916,animations/index/qa-decisions/AM3016N/2026-09-16-accepted-ar3016-x4.json,2026-09-16,,
AM3016P,validé-x4,AR3016,1,3,80x69,BAM V1,animations/batches/ar3016-qa-finalization-x4-20260916,animations/index/qa-decisions/AM3016P/2026-09-16-accepted-ar3016-x4.json,2026-09-16,,
AM3016Q,validé-x4,AR3016,1,3,82x60,BAM V1,animations/batches/ar3016-qa-finalization-x4-20260916,animations/index/qa-decisions/AM3016Q/2026-09-16-accepted-ar3016-x4.json,2026-09-16,,
AM3016R,validé-x4,AR3016,1,3,81x64,BAM V1,animations/batches/ar3016-qa-finalization-x4-20260916,animations/index/qa-decisions/AM3016R/2026-09-16-accepted-ar3016-x4.json,2026-09-16,,
AM3016T,à-valider,AR3016,1,3,153x107,BAM V1,,,,,Grand ventilateur x4 produit et installé dans le pack ar3016-complete-seedvr-flame-anchor-repair-v5-20260916. Non observé en haut de la map : activation dépendante d'une quête inconnue. QA ingame différée.
AM3017A,validé-x4,AR3017,1,8,133x175,BAM V1,animations/batches/ar3017-decor-a-d-innerfade36-straightrgb-20260917,animations/index/qa-decisions/AM3017A/2026-09-17-accepted-am3017a-ar3017-fade36-straightrgb.json,2026-09-17,alpha-strict-innerfade36-straightrgb-dilate,QA complète AR3017 confirmée avec le pack v6 ; payload inchangé depuis la décision immuable v5 ; aucune intégration release.
AM3017B,validé-x4,AR3017,1,8,120x172,BAM V1,animations/batches/ar3017-decor-a-d-innerfade36-straightrgb-20260917,animations/index/qa-decisions/AM3017B/2026-09-17-accepted-am3017b-ar3017-fade36-straightrgb.json,2026-09-17,alpha-strict-innerfade36-straightrgb-dilate,QA complète AR3017 confirmée avec le pack v6 ; payload inchangé depuis la décision immuable v5 ; aucune intégration release.
AM3017C,validé-x4,AR3017,1,8,167x174,BAM V1,animations/batches/ar3017-decor-a-d-innerfade36-straightrgb-20260917,animations/index/qa-decisions/AM3017C/2026-09-17-accepted-am3017c-ar3017-fade36-straightrgb.json,2026-09-17,alpha-strict-innerfade36-straightrgb-dilate,QA complète AR3017 confirmée avec le pack v6 ; payload inchangé depuis la décision immuable v5 ; aucune intégration release.
AM3017D,validé-x4,AR3017,1,8,135x234,BAM V1,animations/batches/ar3017-decor-a-d-innerfade36-straightrgb-20260917,animations/index/qa-decisions/AM3017D/2026-09-17-accepted-am3017d-ar3017-fade36-straightrgb.json,2026-09-17,alpha-strict-innerfade36-straightrgb-dilate,QA complète AR3017 confirmée avec le pack v6 ; payload inchangé depuis la décision immuable v5 ; aucune intégration release.
AM3017E,validé-x4,AR3017,1,8,55x37,BAM V1,animations/batches/ar3017-decor-e-h-innerfade4-straightrgb-20260917,animations/index/qa-decisions/AM3017E/2026-09-17-accepted-am3017e-ar3017-innerfade4-straightrgb.json,2026-09-17,alpha-strict-innerfade4-straightrgb-dilate,AR3017 pack v6 installé transactionnellement et validé ingame ; aucune intégration release.
AM3017F,validé-x4,AR3017,1,8,72x53,BAM V1,animations/ressources/AM3017F/runs/ar3017-f-manual-wheel-mask-20260917,animations/index/qa-decisions/AM3017F/2026-09-17-accepted-am3017f-ar3017-manual-wheel-mask.json,2026-09-17,manual-grayscale-wheel-mask-on-innerfade4,AR3017 pack v6 : masque manuel noir/blanc/gris appliqué aux 16 phases ; RGB inchangé ; installé et validé ingame ; aucune intégration release.
AM3017G,validé-x4,AR3017,1,8,50x50,BAM V1,animations/batches/ar3017-decor-e-h-innerfade4-straightrgb-20260917,animations/index/qa-decisions/AM3017G/2026-09-17-accepted-am3017g-ar3017-innerfade4-straightrgb.json,2026-09-17,alpha-strict-innerfade4-straightrgb-dilate,AR3017 pack v6 installé transactionnellement et validé ingame ; aucune intégration release.
AM3017H,validé-x4,AR3017,1,8,58x40,BAM V1,animations/batches/ar3017-decor-e-h-innerfade4-straightrgb-20260917,animations/index/qa-decisions/AM3017H/2026-09-17-accepted-am3017h-ar3017-innerfade4-straightrgb.json,2026-09-17,alpha-strict-innerfade4-straightrgb-dilate,AR3017 pack v6 installé transactionnellement et validé ingame ; aucune intégration release.
AM3017Z,validé-x4,AR3017,1,10,164x102,BAM V1,animations/ressources/AM3017Z/runs/ar3017-z-spline-fit1-feather4-20260917,animations/index/qa-decisions/AM3017Z/2026-09-17-accepted-am3017z-ar3017-spline-fit1-feather4.json,2026-09-17,spline-fit1-innerfeather4,AR3017 pack v6 installé transactionnellement et validé ingame ; aucune intégration release.
AM3019A,non-traité,AR3019,1,36,229x205,BAM V1,,,,,
AM3020D,non-traité,AR3020,1,9,118x246,BAM V1,,,,,
AM3021D,validé-x4,AR3021,1,10,90x51,BAM V1,animations/batches/ar3021-illithids-apo8-x4-30fps-v2-spline-fit1-feather4-20260911,animations/index/qa-decisions/AM3021D/2026-09-11-accepted-ar3021-illithids-apo8-x4-30fps-v2-spline-fit1-feather4-20260911.json,2026-09-11,,
AM3021E,validé-x4,AR3021,1,10,84x58,BAM V1,animations/batches/ar3021-illithids-apo8-x4-30fps-v2-spline-fit1-feather4-20260911,animations/index/qa-decisions/AM3021E/2026-09-11-accepted-ar3021-illithids-apo8-x4-30fps-v2-spline-fit1-feather4-20260911.json,2026-09-11,,
AM3021F,validé-x4,AR3021,1,10,82x54,BAM V1,animations/batches/ar3021-illithids-apo8-x4-30fps-v2-spline-fit1-feather4-20260911,animations/index/qa-decisions/AM3021F/2026-09-11-accepted-ar3021-illithids-apo8-x4-30fps-v2-spline-fit1-feather4-20260911.json,2026-09-11,,
AM3022D,non-traité,AR3022,1,10,55x35,BAM V1,,,,,
AM307RED,à-valider,AR0307;AR0329,2,7,56x56,BAM V1,,,,,"Traité : collapse des maintiens puis TimedTimeline 30 fps Apollo-8, sans fade ; run animations/batches/ar0307-ar0329-am0307bh-am307red-apo8-x4-30fps-collapse-holds-20260916. Installé le 2026-09-17 ; QA non validée, révision ultérieure requise."
AM307TT1,validé-x4,AR0307;AR0329,2,4,78x81,BAM V1,,,,ar0307-ar0329-six-bam-apo8-x4-30fps-v2-20260831,"Roue ; x4 SeedVR2 7B/LAB (run ar0307-ar0329-six-bam-seedvr7b-lab-x4-20260831), puis V2 TimedTimeline 30 FPS apo-8 (run ar0307-ar0329-six-bam-apo8-x4-30fps-v2-20260831 ; 4 frames natives -> 8 frames, 8 phases) ; livré par pack de zone combined-20260831-ar0307-ar0329-six-bam-30fps-v2 ; QA ingame utilisateur validée le 2026-08-31."
AM307UR1,validé-x4,AR0307;AR0329,2,4,91x69,BAM V1,,,,ar0307-ar0329-six-bam-apo8-x4-30fps-v2-20260831,"Coffre ; x4 SeedVR2 7B/LAB, neutralisation RGB sous alpha nul, puis V2 TimedTimeline 30 FPS apo-8 (run ar0307-ar0329-six-bam-apo8-x4-30fps-v2-20260831 ; 4 frames natives -> 8 frames, 8 phases ; neutralisation réappliquée après interpolation) ; livré par pack de zone combined-20260831-ar0307-ar0329-six-bam-30fps-v2 ; QA ingame utilisateur validée le 2026-08-31."
AM307UR2,validé-x4,AR0307;AR0329,2,4,207x158,BAM V1,,,,ar0307-ar0329-six-bam-apo8-x4-30fps-v2-20260831,"Coffre ; x4 SeedVR2 7B/LAB, neutralisation RGB sous alpha nul, puis V2 TimedTimeline 30 FPS apo-8 (run ar0307-ar0329-six-bam-apo8-x4-30fps-v2-20260831 ; 4 frames natives -> 8 frames, 8 phases ; neutralisation réappliquée après interpolation) ; livré par pack de zone combined-20260831-ar0307-ar0329-six-bam-30fps-v2 ; QA ingame utilisateur validée le 2026-08-31."
AM307UR3,validé-x4,AR0307;AR0329,2,4,222x176,BAM V1,,,,ar0307-ar0329-six-bam-apo8-x4-30fps-v2-20260831,"Coffre ; x4 SeedVR2 7B/LAB, neutralisation RGB sous alpha nul, puis V2 TimedTimeline 30 FPS apo-8 (run ar0307-ar0329-six-bam-apo8-x4-30fps-v2-20260831 ; 4 frames natives -> 8 frames, 8 phases ; neutralisation réappliquée après interpolation) ; livré par pack de zone combined-20260831-ar0307-ar0329-six-bam-30fps-v2 ; QA ingame utilisateur validée le 2026-08-31."
AM4000Z,non-traité,AR4000,10,22,26x67,BAM V1,,,,,
AM411MAC,validé-x4,AR0411,1,9,204x193,BAM V1,animations/batches/ar0411-planar-sphere-apo8-x4-30fps-spline-fit1-dstdvl2-coreguard16-activefade-20260911,animations/index/qa-decisions/AM411MAC/2026-09-11-accepted-ar0411-planar-sphere-apo8-x4-30fps-spline-fit1-dstdvl2-coreguard16-activefade-20260911.json,2026-09-11,,
AM414E11,validé-x4,AR0414,3,8,150x131,BAM V1,animations/batches/ar0414-static-spatial-seedvr2-7b-lab-x4-20260906,animations/index/qa-decisions/AM414E11/2026-09-06-accepted-ar0414-static-spatial-seedvr2-7b-lab-x4-20260906.json,2026-09-06,,Cycle 0 statique ; correctif moteur de priorité du cycle sélectionné requis pour le rendu x4.
AM414E12,validé-x4,AR0414,3,8,160x135,BAM V1,animations/batches/ar0414-static-spatial-seedvr2-7b-lab-x4-20260906,animations/index/qa-decisions/AM414E12/2026-09-06-accepted-ar0414-static-spatial-seedvr2-7b-lab-x4-20260906.json,2026-09-06,,Cycle 0 statique ; correctif moteur de priorité du cycle sélectionné requis pour le rendu x4.
AM414EY2,validé-x4,AR0414,3,8,242x183,BAM V1,animations/batches/ar0414-static-spatial-seedvr2-7b-lab-x4-20260906,animations/index/qa-decisions/AM414EY2/2026-09-06-accepted-ar0414-static-spatial-seedvr2-7b-lab-x4-20260906.json,2026-09-06,,Cycle 0 statique ; correctif moteur de priorité du cycle sélectionné requis pour le rendu x4.
AM4500A,validé-x4,AR4500,1,8,105x144,BAM V1,animations/batches/am4500a-selection-accepted-20260922,animations/index/qa-decisions/AM4500A/2026-09-22-accepted-am4500a-selection-accepted-20260922.json,2026-09-22,am4500a-reboutcx-apo8-innerfeather16-premultiply-20260922,"Cristal violet incline, Blended, AR4500 seule. ReboutCX x4 (SeedVR ecarte : motifs de circuit imprime) puis Apollo-8 15->30 fps (8->16 phases, sans maintien), fondu interne 16 px x4 et RGB premultiplie. QA utilisateur ingame le 2026-09-22 ; voir animation_alpha_corrections.csv."
AM4500B,validé-x4,AR4500,1,8,96x134,BAM V1,animations/batches/am4500b-selection-accepted-20260922,animations/index/qa-decisions/AM4500B/2026-09-22-accepted-am4500b-selection-accepted-20260922.json,2026-09-22,am4500b-reboutcx-apo8-innerfeather16-premultiply-20260922,"Cristal violet incline, Blended, AR4500 seule. ReboutCX x4 (SeedVR ecarte : motifs de circuit imprime) puis Apollo-8 15->30 fps (8->16 phases, sans maintien), fondu interne 16 px x4 et RGB premultiplie. QA utilisateur ingame le 2026-09-22 ; voir animation_alpha_corrections.csv."
AM4500C,validé-x4,AR4500,1,8,61x142,BAM V1,animations/batches/am4500c-selection-accepted-20260922,animations/index/qa-decisions/AM4500C/2026-09-22-accepted-am4500c-selection-accepted-20260922.json,2026-09-22,am4500c-reboutcx-apo8-innerfeather16-premultiply-20260922,"Cristal violet incline, Blended, AR4500 seule. ReboutCX x4 (SeedVR ecarte : motifs de circuit imprime) puis Apollo-8 15->30 fps (8->16 phases, sans maintien), fondu interne 16 px x4 et RGB premultiplie. QA utilisateur ingame le 2026-09-22 ; voir animation_alpha_corrections.csv."
AM4500D,validé-x4,AR4500,1,8,130x142,BAM V1,animations/batches/am4500d-selection-accepted-20260922,animations/index/qa-decisions/AM4500D/2026-09-22-accepted-am4500d-selection-accepted-20260922.json,2026-09-22,am4500d-reboutcx-apo8-innerfeather16-premultiply-20260922,"Cristal violet incline, Blended, AR4500 seule. ReboutCX x4 (SeedVR ecarte : motifs de circuit imprime) puis Apollo-8 15->30 fps (8->16 phases, sans maintien), fondu interne 16 px x4 et RGB premultiplie. QA utilisateur ingame le 2026-09-22 ; voir animation_alpha_corrections.csv."
AM4500E,validé-x4,AR4500,1,8,76x145,BAM V1,animations/batches/am4500e-selection-accepted-20260922,animations/index/qa-decisions/AM4500E/2026-09-22-accepted-am4500e-selection-accepted-20260922.json,2026-09-22,am4500e-reboutcx-apo8-innerfeather16-premultiply-20260922,"Cristal violet incline, Blended, AR4500 seule. ReboutCX x4 (SeedVR ecarte : motifs de circuit imprime) puis Apollo-8 15->30 fps (8->16 phases, sans maintien), fondu interne 16 px x4 et RGB premultiplie. QA utilisateur ingame le 2026-09-22 ; voir animation_alpha_corrections.csv."
AM5000A,validé-x4,AR5000,1,5,182x148,BAM V1,animations/batches/ar5000-am5000ab-potrace0p8fill6-apo8-x4-30fps-v2-20260923,animations/index/qa-decisions/AM5000A/2026-09-23-accepted-ar5000-am5000ab-potrace0p8fill6-apo8-x4-30fps-v2-20260923.json,2026-09-23,ar5000-am5000a-contour-net-potrace0p8-fill6-20260923,"Fontaine octogonale (statues + jets d'eau) ; alpha strict 0x1045 (non Blended). SeedVR2 7B INT8/LAB x4 (run ar5000-am5000ab-seedvr7b-lab-x4-20260922) en nearest natif a produit un contour crénelé noir en jeu (bord source sombre, alpha binaire nearest x4 = escalier 4x4). Trois itérations spline (build_spatial_spline_alpha.py safe-boundary + contour-gaussian, fit-error 0.6 à 1.5) écartées en jeu : surépaisseur, crénelage résiduel sur le rebord peu incliné, sommet de l'octogone arrondi, liseré sombre toujours visible de jour. Cause réelle : RGB, pas alpha — la source x1 a un liseré sombre de 1 px (luminance bord 34 contre 62 à l'intérieur) que SeedVR étale sur ~4 px x4 et dont il dessine l'escalier en encoches. Retenu (4e essai) : build_spatial_spline_alpha.py --potrace-alphamax 0.8 --edge-rgb-fill-depth-x4 6 --edge-rgb-fill-sigma-x4 2.5 (Potrace sur le masque x1 : arêtes droites, angles vifs, pixels modifiés limités à 6 px x4 du bord ; liseré + pixels gagnés remplacés par une moyenne gaussienne normalisée de l'intérieur, cascade 6/4/2 px pour les parties fines ; run ar5000-am5000ab-potrace0p8-fill6-x4-20260923, gagnés 1652 / rognés 2067 px par frame) ; xBR x4 du masque (angles vifs mais pentes faibles ondulées) et repoussage par plus proche voisin (stries sur les statues) écartés au prototype. Composé via --alpha-override-manifest puis V2 TimedTimeline 30 FPS apo-8 --base-runtime-only (le RGB diffère du run spatial ; run ar5000-am5000ab-potrace0p8fill6-apo8-x4-30fps-v2-20260923 ; 5 frames -> 10 phases). Installé sur AR5000 le 2026-09-23 (packs-par-zone/ar5000-complete-fire-am5000ab-potrace0p8fill6-fish3l-20260923, reçu backups/animations/area-tests/AR5000-20260922T222548814517Z-cb89afeb). Validé ingame de jour par l'utilisateur le 2026-09-23 (« parfait ») ; recette cataloguée CONTOUR-NET."
AM5000B,validé-x4,AR5000,1,5,181x147,BAM V1,animations/batches/ar5000-am5000ab-potrace0p8fill6-apo8-x4-30fps-v2-20260923,animations/index/qa-decisions/AM5000B/2026-09-23-accepted-ar5000-am5000ab-potrace0p8fill6-apo8-x4-30fps-v2-20260923.json,2026-09-23,ar5000-am5000b-contour-net-potrace0p8-fill6-20260923,"Fontaine octogonale jumelle d'AM5000A, même bassin ; alpha strict 0x1045 (non Blended). Même historique et même correctif qu'AM5000A (liseré sombre x1 étalé par SeedVR, spline écartée) : build_spatial_spline_alpha.py --potrace-alphamax 0.8 --edge-rgb-fill-depth-x4 6 --edge-rgb-fill-sigma-x4 2.5 (run ar5000-am5000ab-potrace0p8-fill6-x4-20260923 ; 11 px lointains écartés par la bande de 6 px) puis V2 TimedTimeline 30 FPS apo-8 --base-runtime-only (run ar5000-am5000ab-potrace0p8fill6-apo8-x4-30fps-v2-20260923 ; 5 frames -> 10 phases). Installé sur AR5000 le 2026-09-23 (packs-par-zone/ar5000-complete-fire-am5000ab-potrace0p8fill6-fish3l-20260923). Validé ingame de jour par l'utilisateur le 2026-09-23 ; recette cataloguée CONTOUR-NET."
AM5201A,validé-x4,AR5201,2,8,109x166,BAM V1,animations/batches/am5201a-reboutcx-apo8-selection-accepted-20260922,animations/index/qa-decisions/AM5201A/2026-09-22-accepted-am5201a-reboutcx-apo8-selection-accepted-20260922.json,2026-09-22,am5201a-reboutcx-apo8-innerfeather16-premultiply-20260922,"Ailes cristallines a alpha fragmentee, Blended, AR5201 seule. ReboutCX x4 (coherence temporelle superieure a SeedVR) puis Apollo-8 15->30 fps direct, alpha nearest conservee (pas de spline), fondu interne 16 px x4 et RGB premultiplie. QA utilisateur ingame le 2026-09-22 ; voir animation_alpha_corrections.csv."
AM5201B,validé-x4,AR5201,6,14,106x122,BAM V1,animations/batches/am5201b-reboutcx-apo8-selection-accepted-20260922,animations/index/qa-decisions/AM5201B/2026-09-22-accepted-am5201b-reboutcx-apo8-selection-accepted-20260922.json,2026-09-22,am5201b-reboutcx-apo8-innerfeather16-premultiply-20260922,"Brume grise diffuse, Blended, AR5201 seule. ReboutCX x4 (SeedVR ecarte : motifs capillaires) puis Apollo-8 15->30 fps (2 cycles, sans maintien), fondu interne 16 px x4 et RGB premultiplie. QA utilisateur ingame le 2026-09-22 ; voir animation_alpha_corrections.csv."
AM5202B,non-traité,AR5202,1,15,52x109,BAM V1,,,,,
AM5204A,non-traité,AR5204,1,15,40x67,BAM V1,,,,,
AM5204C,non-traité,AR5204;OH4210,2,12,53x37,BAM V1,,,,,
AM5204D,non-traité,AR5201;AR5204,14,20,52x118,BAM V1,,,,,
AM5500A,non-traité,AR5500,7,16,55x155,BAM V1,,,,,
AM5500D,non-traité,AR5500,1,10,52x78,BAM V1,,,,,
AM5502D,validé-x4,AR5502,1,12,23x17,BAM V1,animations/batches/am5502d-reboutcx-apo8-selection-accepted-20260922,animations/index/qa-decisions/AM5502D/2026-09-22-accepted-am5502d-reboutcx-apo8-selection-accepted-20260922.json,2026-09-22,am5502d-reboutcx-apo8-innerfeather12-premultiply-20260922,"Brume grise diffuse, Blended, AR5502 seule. ReboutCX x4 (SeedVR ecarte : hallucine un visage) puis Apollo-8 15->30 fps direct, fondu interne 12 px x4 (seul rayon sous le seuil de perte de lumiere) et RGB premultiplie. QA utilisateur ingame le 2026-09-22 ; voir animation_alpha_corrections.csv."
AM5502F,validé-x4,AR5502,1,12,63x59,BAM V1,animations/batches/am5502f-reboutcx-apo8-selection-accepted-20260922,animations/index/qa-decisions/AM5502F/2026-09-22-accepted-am5502f-reboutcx-apo8-selection-accepted-20260922.json,2026-09-22,am5502f-reboutcx-apo8-innerfeather12-premultiply-20260922,"Brume/eclaboussure grise diffuse, Blended, AR5502 seule. ReboutCX x4 (SeedVR ecarte : hallucine des circuits) puis Apollo-8 15->30 fps direct, fondu interne 12 px x4 et RGB premultiplie. QA utilisateur ingame le 2026-09-22 ; voir animation_alpha_corrections.csv."
AM5503A,validé-x4,AR5503,1,8,105x76,BAM V1,animations/batches/am5503a-reboutcx-apo8-selection-accepted-20260922,animations/index/qa-decisions/AM5503A/2026-09-22-accepted-am5503a-reboutcx-apo8-selection-accepted-20260922.json,2026-09-22,am5503a-reboutcx-apo8-innerfeather16-premultiply-20260922,"Coupelle incandescente orange, Blended, AR5503 seule. ReboutCX x4 (famille AM4500A-E) puis Apollo-8 15->30 fps direct, fondu interne 16 px x4 et RGB premultiplie. QA utilisateur ingame le 2026-09-22 ; voir animation_alpha_corrections.csv."
AM5503C,validé-x4,AR5503,2,8,51x65,BAM V1,animations/batches/am5503c-reboutcx-apo8-selection-accepted-20260922,animations/index/qa-decisions/AM5503C/2026-09-22-accepted-am5503c-reboutcx-apo8-selection-accepted-20260922.json,2026-09-22,am5503c-reboutcx-apo8-innerfeather16-premultiply-20260922,"Coupelle incandescente orange, Blended, AR5503 seule. ReboutCX x4 puis Apollo-8 15->30 fps direct, fondu interne 16 px x4 et RGB premultiplie. QA utilisateur ingame le 2026-09-22 ; voir animation_alpha_corrections.csv."
AM5503D,validé-x4,AR5503,1,8,50x66,BAM V1,animations/batches/am5503d-reboutcx-apo8-selection-accepted-20260922,animations/index/qa-decisions/AM5503D/2026-09-22-accepted-am5503d-reboutcx-apo8-selection-accepted-20260922.json,2026-09-22,am5503d-reboutcx-apo8-innerfeather16-premultiply-20260922,"Coupelle incandescente orange, Blended, AR5503 seule. ReboutCX x4 puis Apollo-8 15->30 fps direct, fondu interne 16 px x4 et RGB premultiplie. QA utilisateur ingame le 2026-09-22 ; voir animation_alpha_corrections.csv."
AM5508C,non-traité,AR5501;AR5502;AR5506;AR5507;AR5508,19,12,20x26,BAM V1,,,,,
AM5508D,non-traité,AR5501;AR5502;AR5506;AR5507;AR5508,5,10,95x68,BAM V1,,,,,
AM6004A,non-traité,AR6001;AR6005,30,40,35x110,BAM V1,,,,,
AM6004B,non-traité,AR6003;AR6004,19,32,57x165,BAM V1,,,,,
AM6005A,non-traité,AR6005,1,12,116x132,BAM V1,,,,,
AM6200A,validé-x4,AR6200,1,20,149x179,BAM V1,animations/batches/am6200a-selection-accepted-20260922,animations/index/qa-decisions/AM6200A/2026-09-22-accepted-am6200a-selection-accepted-20260922.json,2026-09-22,am6200a-reboutcx-apo8-innerfeather16-premultiply-20260922,"Colonne d'energie verte, Blended, non couverte par les murs, AR6200 seule. ReboutCX x4, Apollo-8 avec maintiens x2 condenses (2 cycles de 40 phases, cycle 1 jamais joue), fondu interne 16 px x4 et RGB premultiplie. QA utilisateur ingame le 2026-09-22 ; voir animation_alpha_corrections.csv."
AM6200B,validé-x4,AR6200,1,20,149x179,BAM V1,animations/batches/am6200b-selection-accepted-20260922,animations/index/qa-decisions/AM6200B/2026-09-22-accepted-am6200b-selection-accepted-20260922.json,2026-09-22,am6200b-reboutcx-apo8-innerfeather16-premultiply-20260922,"Colonne d'energie verte, Blended, non couverte par les murs, AR6200 seule. ReboutCX x4, Apollo-8 avec maintiens x2 condenses (2 cycles de 40 phases, cycle 1 jamais joue), fondu interne 16 px x4 et RGB premultiplie. QA utilisateur ingame le 2026-09-22 ; voir animation_alpha_corrections.csv."
AM6200E,validé-x4,AR6200,1,5,110x95,BAM V1,animations/batches/am6200e-selection-accepted-20260922,animations/index/qa-decisions/AM6200E/2026-09-22-accepted-am6200e-selection-accepted-20260922.json,2026-09-22,am6200e-seedvr7b-apo8-innerfeather16-premultiply-20260922,"Plaque d'energie verte, Blended, couverte par les murs, AR6200 seule. SeedVR2 7B/LAB x4 (veines nettes, ReboutCX les lisse) puis Apollo-8 avec maintiens x2 condenses (20 phases), fondu interne 16 px x4 et RGB premultiplie. QA utilisateur ingame le 2026-09-22 ; voir animation_alpha_corrections.csv."
AM6200F,validé-x4,AR6200,1,5,94x86,BAM V1,animations/batches/am6200f-selection-accepted-20260922,animations/index/qa-decisions/AM6200F/2026-09-22-accepted-am6200f-selection-accepted-20260922.json,2026-09-22,am6200f-seedvr7b-apo8-innerfeather16-premultiply-20260922,"Plaque d'energie verte, Blended, couverte par les murs, AR6200 seule. SeedVR2 7B/LAB x4 (veines nettes, ReboutCX les lisse) puis Apollo-8 avec maintiens x2 condenses (20 phases), fondu interne 16 px x4 et RGB premultiplie. QA utilisateur ingame le 2026-09-22 ; voir animation_alpha_corrections.csv."
AM6200G,validé-x4,AR6200,1,5,87x76,BAM V1,animations/batches/am6200g-selection-accepted-20260922,animations/index/qa-decisions/AM6200G/2026-09-22-accepted-am6200g-selection-accepted-20260922.json,2026-09-22,am6200g-seedvr7b-apo8-innerfeather16-premultiply-20260922,"Plaque d'energie verte, Blended, couverte par les murs, AR6200 seule. SeedVR2 7B/LAB x4 puis Apollo-8 direct (10 phases), fondu interne 16 px x4 et RGB premultiplie. QA utilisateur ingame le 2026-09-22 ; voir animation_alpha_corrections.csv."
AM6200H,validé-x4,AR6200,1,9,164x116,BAM V1,animations/batches/am6200h-selection-accepted-20260922,animations/index/qa-decisions/AM6200H/2026-09-22-accepted-am6200h-selection-accepted-20260922.json,2026-09-22,am6200h-reboutcx-apo8-spline-fit1-feather8-20260922,"Disque vert quasi statique, non Blended, couvert par les murs, AR6200 seule. ReboutCX x4, Apollo-8 direct (18 phases), contour spline Fit 1 + fondu 8 px x4, RGB preserve. Corrige le 2026-09-22 : un premier fondu radial simple laissait un escalier visible, signale par l'utilisateur ; remplace par la spline des portails. QA utilisateur ingame le 2026-09-22 ; voir animation_alpha_corrections.csv."
AM6200I,validé-x4,AR6200,1,9,159x107,BAM V1,animations/batches/am6200i-selection-accepted-20260922,animations/index/qa-decisions/AM6200I/2026-09-22-accepted-am6200i-selection-accepted-20260922.json,2026-09-22,am6200i-reboutcx-apo8-spline-fit1-feather8-20260922,"Disque vert quasi statique, non Blended, couvert par les murs, AR6200 seule. ReboutCX x4, Apollo-8 direct (18 phases), contour spline Fit 1 + fondu 8 px x4, RGB preserve. Corrige le 2026-09-22 : un premier fondu radial simple laissait un escalier visible, signale par l'utilisateur ; remplace par la spline des portails. QA utilisateur ingame le 2026-09-22 ; voir animation_alpha_corrections.csv."
AM6200J,validé-x4,AR6200,1,9,158x99,BAM V1,animations/batches/am6200j-selection-accepted-20260922,animations/index/qa-decisions/AM6200J/2026-09-22-accepted-am6200j-selection-accepted-20260922.json,2026-09-22,am6200j-reboutcx-apo8-spline-fit1-feather8-20260922,"Disque vert quasi statique, non Blended, couvert par les murs, AR6200 seule. ReboutCX x4, Apollo-8 direct (18 phases), contour spline Fit 1 + fondu 8 px x4, RGB preserve. Corrige le 2026-09-22 : un premier fondu radial simple laissait un escalier visible, signale par l'utilisateur ; remplace par la spline des portails. QA utilisateur ingame le 2026-09-22 ; voir animation_alpha_corrections.csv."
AM904TL1,validé-x4,AR0904,1,9,60x60,BAM V1,animations/batches/ar0904-taloscircle-ellipsefade-30fps-v2-20260906,animations/index/qa-decisions/AM904TL1/2026-09-06-accepted-ar0904-taloscircle-ellipsefade-30fps-v2-20260906.json,2026-09-06,,
AM904TL2,validé-x4,AR0904,1,9,60x60,BAM V1,animations/batches/ar0904-taloscircle-ellipsefade-30fps-v2-20260906,animations/index/qa-decisions/AM904TL2/2026-09-06-accepted-ar0904-taloscircle-ellipsefade-30fps-v2-20260906.json,2026-09-06,,
AM904TL3,validé-x4,AR0904,1,9,70x70,BAM V1,animations/batches/ar0904-taloscircle-ellipsefade-30fps-v2-20260906,animations/index/qa-decisions/AM904TL3/2026-09-06-accepted-ar0904-taloscircle-ellipsefade-30fps-v2-20260906.json,2026-09-06,,
AM904TL4,validé-x4,AR0904,1,6,102x74,BAM V1,animations/batches/ar0904-taloscircle-ellipsefade-30fps-v2-20260906,animations/index/qa-decisions/AM904TL4/2026-09-06-accepted-ar0904-taloscircle-ellipsefade-30fps-v2-20260906.json,2026-09-06,,
AMOH7300,non-traité,OH7300,9,108,19x56,BAM V1,,,,,
AMSTEAM1,validé-x4,AR3017,7,24,56x64,BAM V1,animations/ressources/AMSTEAM1/runs/ar3017-steam1-spline-fade-20260917,animations/index/qa-decisions/AMSTEAM1/2026-09-17-accepted-amsteam1-ar3017-spline-fade.json,2026-09-17,spline-mask-alpha-fade,AR3017 pack v6 installé transactionnellement et validé ingame ; aucune intégration release.
AMSTEAM2,validé-x4,AR3017,7,24,95x43,BAM V1,animations/ressources/AMSTEAM2/runs/ar3017-steam2-spline-fade-20260917,animations/index/qa-decisions/AMSTEAM2/2026-09-17-accepted-amsteam2-ar3017-spline-fade.json,2026-09-17,spline-mask-alpha-fade,AR3017 pack v6 installé transactionnellement et validé ingame ; aucune intégration release.
AMWRPGT1,à-corriger,AR3003;AR3004;AR3005;AR3006;AR3007;AR3008;AR3009;AR3010;AR3011;AR3012;AR3013;AR3014;AR3015;AR3016;AR3017;AR3019;AR3020,50,12,47x85,BAM V1,,,,,"SUSPENDU le 2026-09-06 : essai portail x4 AR3003 arrêté sans QA ni promotion. Le liseret cyan défectueux est dans le raster AR3003 après encodage PVRZ DXT1/BC1 (blocs 4x4), pas dans AMWRPGT1 ; ne pas poursuivre alpha/interpolation pour ce défaut. Reprise : A/B encodeur BC1 haute qualité ou évolution du format PVRZ ; DXT5 seul ne corrige pas le RGB. Occurrences AR3016, AR3017 et AR3011 validées ingame respectivement les 2026-09-16, 2026-09-17 et 2026-09-19 ; statut global conservé tant que les 14 autres zones ne sont pas validées. AR3011 sert le même pack amwrpgt1-timeline30-apo8-safe8x6-gauss3-20260906-split (signature b0b78c19f90f)."
BDFORCEW,non-traité,OH8100,2,160,164x231,BAM V1,,,,,
BUBBLEA,non-traité,AR2903,3,20,58x53,BAM V1,,,,,
BUBBLES2,validé-x4,AR0411;AR0602;AR0603,28,107,19x56,BAM V1,animations/ressources/BUBBLES2/runs/bubbles2-xbr2x-blend-premultiply-budget-20260905,animations/index/qa-decisions/BUBBLES2/2026-09-05-accepted-bubbles2-xbr2x-blend-premultiply-budget-20260905.json,2026-09-05,,"Effet partagé de bulles montantes. Sélection x4 : xBR2 blend, Nearest2 vers x4, TimedTimeline v2 à 30 FPS et neutralisation RGB Blended par prémultiplication. QA ingame validée le 2026-09-05 sur toutes les occurrences : AR0411 (6), AR0602 (12), AR0603 (10). Correctif moteur d'occlusion native validé : aucun résidu visible hors décor."
BUTRFLY,validé-x4,AR0309;AR0800;AR1100;AR1200;AR1700;AR1800;AR2000;AR3000;AR5500;AR6400;OH4000;OH6000;OH6100;OH6400,74,18,64x64,BAM V1,,,,small-subject-xbr2-nearest2-apollo30-rgb-safe,"Petit sujet partagé sur 14 zones, 74 occurrences ; xBR 2x sans blend ni anti-aliasing puis nearest 2x vers x4 (run butrfly-xbr2x-nearest2-x4) ; V2 TimedTimeline Apollo 8, 15→30 FPS, 18→36 phases, entrée Topaz nearest-opaque-dilate (run butrfly-xbr2x-nearest2-x4-30fps-v3-opaque-rgb-dilate) ; RGB=0 sous alpha nul dans le pack blended final ; QA ingame utilisateur validée le 2026-09-01 ; livré par pack de zone, installation réversible."
CHIMSMK,validé-x4,AR0300;AR0400;AR0500;AR1100;AR2000,68,12,64x64,BAM V1,,,,chimsmk-apo8-x4-30fps-v2-spline-fit1-multicontour-feather4-oval-edgefade20x6,"Fumée partagée sur 5 zones, 68 occurrences ; x4 SeedVR2 7B/LAB ; V2 TimedTimeline Apollo 8, 15->30 FPS (12->24 phases) ; Spline Fit 1 Multi-Contour / Per-Frame Feather 4, Oval Edge Fade 20/6 et RGB prémultiplié par alpha final. QA vidéo et ingame acceptée le 2026-09-01 ; preuve immuable animations/runs/chimsmk-apo8-x4-30fps-v2-spline-fit1-feather4-oval-edgefade20x6-candidate-v2/qa-approval.json. Pack courant combined-20260901-chimsmk-oval-dstdvl1a-b-c-activefade7-20-7-candidate ; sauvegarde per-area-backup-20260901-214850."
DSTDVL1A,à-valider,AR0411;AR0414;AR1100;AR1200;AR1600;AR1700;AR5200;AR5500;AR6300;OH6400,72,18,113x78,BAM V1,,,,,"Traité : TimedTimeline 30 fps segmentée, Spline Fit 1, Core Guard 16, fade actif 7/20/7 et flou gaussien léger ; run animations/ressources/DSTDVL1A/runs/dstdvl1a-segmented-holds-spline-fit1-coreguard16-activefade7-20-7-gaussian2-20260917. Installé sur 10 zones le 2026-09-17 ; QA non validée, révision ultérieure requise."
DSTDVL1B,à-valider,AR0411;AR0414;AR1100;AR1200;AR1600;AR1700;AR5200;AR5500;AR6300;OH6400,55,18,113x78,BAM V1,,,,,"Traité : TimedTimeline 30 fps segmentée, Spline Fit 1, Core Guard 16, fade actif 7/20/7 et flou gaussien léger ; run animations/ressources/DSTDVL1B/runs/dstdvl1b-segmented-holds-spline-fit1-coreguard16-activefade7-20-7-gaussian2-20260917. Installé sur 10 zones le 2026-09-17 ; QA non validée, révision ultérieure requise."
DSTDVL1C,à-valider,AR0411;AR0414;AR1100;AR1200;AR1600;AR1700;AR5200;AR5500;AR6300;OH6400,41,18,113x78,BAM V1,,,,,"Traité : TimedTimeline 30 fps segmentée, Spline Fit 1, Core Guard 16, fade actif 7/20/7 et flou gaussien léger ; run animations/ressources/DSTDVL1C/runs/dstdvl1c-segmented-holds-spline-fit1-coreguard16-activefade7-20-7-gaussian2-20260917. Installé sur 10 zones le 2026-09-17 ; QA non validée, révision ultérieure requise."
DSTDVL2B,à-valider,AR0411,2,18,104x114,BAM V1,,,,,"Traité : TimedTimeline 30 fps segmentée, Spline Fit 1, Core Guard 16, fade actif et flou gaussien léger ; run animations/batches/ar0411-dstdvl2bc-segmented-holds-spline-fit1-coreguard16-activefade-gaussian2-20260917. Installé le 2026-09-17 ; QA non validée, révision ultérieure requise."
DSTDVL2C,à-valider,AR0411,1,18,104x114,BAM V1,,,,,"Traité : TimedTimeline 30 fps segmentée, Spline Fit 1, Core Guard 16, fade actif et flou gaussien léger ; run animations/batches/ar0411-dstdvl2bc-segmented-holds-spline-fit1-coreguard16-activefade-gaussian2-20260917. Installé le 2026-09-17 ; QA non validée, révision ultérieure requise."
EYESRED1,non-traité,AR0329,1,20,11x7,BAM V1,,,,,
FALL1A,validé-x4,AR2300,1,6,213x201,BAM V1,animations/batches/ar2300-waterfalls-x4-30fps-test-20260906,animations/index/qa-decisions/FALL1A/2026-09-06-accepted-ar2300-waterfalls-x4-30fps-test-20260906.json,2026-09-06,reviewed-static-top-mask-right-tip,"Source SeedVR2 x4. Alpha des six frames source identique : masque final statique réutilisé après contrôle. Traitement : Fit 1 de la silhouette, fade supérieur reconstruit, tranche droite synthétique puis lissage local du pic supérieur droit. RGB, centres, cycles, durées et géométrie inchangés. Installé avec FALL2 dans une feuille AR2300 transactionnelle."
FALL1B,validé-x4,AR2300,1,24,155x184,BAM V1,animations/batches/ar2300-waterfalls-x4-30fps-test-20260906,animations/index/qa-decisions/FALL1B/2026-09-06-accepted-ar2300-waterfalls-x4-30fps-test-20260906.json,2026-09-06,safe-spline8-6-v2-premultiplied,
FALL2,validé-x4,AR2300,1,6,195x220,BAM V1,animations/batches/ar2300-waterfalls-x4-30fps-test-20260906,animations/index/qa-decisions/FALL2/2026-09-06-accepted-ar2300-waterfalls-x4-30fps-test-20260906.json,2026-09-06,manual-water-expansion-mask-v1,
FALL3,validé-x4,AR2300,1,36,141x190,BAM V1,animations/batches/ar2300-waterfalls-x4-30fps-test-20260906,animations/index/qa-decisions/FALL3/2026-09-06-accepted-ar2300-waterfalls-x4-30fps-test-20260906.json,2026-09-06,safe-spline8-6-multicomponent-v2,
FALL4,validé-x4,AR2300,1,12,171x190,BAM V1,animations/batches/ar2300-waterfalls-x4-30fps-test-20260906,animations/index/qa-decisions/FALL4/2026-09-06-accepted-ar2300-waterfalls-x4-30fps-test-20260906.json,2026-09-06,safe-spline8-6-v2,
FALL5A,validé-x4,AR2300,1,12,103x198,BAM V1,animations/batches/ar2300-waterfalls-x4-30fps-test-20260906,animations/index/qa-decisions/FALL5A/2026-09-06-accepted-ar2300-waterfalls-x4-30fps-test-20260906.json,2026-09-06,safe-spline8-6-v2,
FALL5B,validé-x4,AR2300,1,12,87x226,BAM V1,animations/batches/ar2300-waterfalls-x4-30fps-test-20260906,animations/index/qa-decisions/FALL5B/2026-09-06-accepted-ar2300-waterfalls-x4-30fps-test-20260906.json,2026-09-06,safe-spline8-6-v2,
FALL5C,validé-x4,AR2300,1,12,57x195,BAM V1,animations/batches/ar2300-waterfalls-x4-30fps-test-20260906,animations/index/qa-decisions/FALL5C/2026-09-06-accepted-ar2300-waterfalls-x4-30fps-test-20260906.json,2026-09-06,safe-spline8-6-v2,
FALL6,validé-x4,AR2300,1,18,104x175,BAM V1,animations/batches/ar2300-waterfalls-x4-30fps-test-20260906,animations/index/qa-decisions/FALL6/2026-09-06-accepted-ar2300-waterfalls-x4-30fps-test-20260906.json,2026-09-06,safe-spline8-6-multicomponent-v2,
FALLA1,validé-x4,AR2300,1,6,90x121,BAM V1,animations/batches/ar2300-waterfalls-x4-30fps-test-20260906,animations/index/qa-decisions/FALLA1/2026-09-06-accepted-ar2300-waterfalls-x4-30fps-test-20260906.json,2026-09-06,safe-spline8-6-bottom-wide-gauss14-v4,
FALLA2,validé-x4,AR2300,1,6,57x73,BAM V1,animations/batches/ar2300-waterfalls-x4-30fps-test-20260906,animations/index/qa-decisions/FALLA2/2026-09-06-accepted-ar2300-waterfalls-x4-30fps-test-20260906.json,2026-09-06,safe-spline8-6-leftblur5-v2,
FIRE,validé-x4,OH4000;OH4200;OH7300,64,9,12x57,BAM V1,animations/batches/fire-reboutcx-apo8-selection-accepted-20260921,animations/index/qa-decisions/FIRE/2026-09-21-accepted-fire-reboutcx-apo8-selection-accepted-20260921.json,2026-09-21,fire-reboutcx-apo8-innerfeather2-premultiply-20260921,"Flamme haute 14x57 partagee sur OH4000, OH4200 et OH7300, Blended, alpha fragmente (braises de 1 px x1). ReboutCX x4, Apollo-8 15->30 fps (9->18 phases, sans maintien ni frame doublee), fondu interne 2 px x4 et RGB premultiplie ; SeedVR ecarte apres essai comparatif (filaments parasites). Balayage 0/2/4 : 2 retenu. QA utilisateur ingame le 2026-09-21 ; voir animation_alpha_corrections.csv."
FIREBRN,validé-x4,OH4210,7,63,15x28,BAM V1,animations/batches/firebrn-reboutcx-apo8-selection-accepted-20260922,animations/index/qa-decisions/FIREBRN/2026-09-22-accepted-firebrn-reboutcx-apo8-selection-accepted-20260922.json,2026-09-22,firebrn-reboutcx-apo8-innerfeather16-premultiply-20260922,"Flamme fine 15x28, Blended, OH4210 seule. ReboutCX x4 (SeedVR ecarte : eclosion en etoile absente de la source) puis Apollo-8 15->30 fps (9->18 phases, sans maintien), fondu interne 16 px x4 et RGB premultiplie. QA utilisateur ingame le 2026-09-22 ; voir animation_alpha_corrections.csv."
FIRE_1,validé-x4,AR0700;AR0802;AR0805;AR0810;AR0811;AR2013;AR3027;AR5000,24,15,36x50,BAM V1,,,,ar0700-fire1-x4-rgb-neutral-20260827,"Grande flamme partagee sur 8 zones (run ar0700-fire1-seedvr7b-lab-x4). Le BAM stock declare 5 cycles dont 4 vides: les cycles vides terminaux sont retires a la construction du pack (drop_trailing_empty_cycles); toutes les occurrences sont sequence 0. x4 SeedVR2 7B/LAB; cadence native 15 fps conservee (Native, pas de TimedTimeline). Ressource Blended (flag ARE bit 1): la couleur sous alpha nul etait ajoutee a la scene et produisait un fond/halo; corrigee par build_blended_rgb_neutral_pack.py --mode zero (RGB=0 sous alpha==0; alpha et RGB intra-masque inchanges octet pour octet). Trois correctifs alpha prealables sans effet, cf. ANIMATION_BLENDED_RGB_NEUTRALISATION.md. Livre par pack de zone; QA en jeu validee par l'utilisateur le 2026-08-27 sur AR0700."
FIRE_2B,à-valider,AR3017;OH8100,7,15,70x70,BAM V1,,,,,"Occurrence AR3017 validée ingame le 2026-09-17 dans le pack v6 après reconstruction alpha par luminance 0-16, fade de canvas 8 % et prémultiplication RGB ; OH8100 reste à tester, donc aucune validation globale ni sélection canonique."
FIRE_3,validé-x4,AR0202;AR0331;AR0500;AR0526;AR0906;AR3001;AR5000;OH4200;OH4210;OH4220,34,14,24x40,BAM V1,animations/batches/soa-ar0202-lot4-selection-accepted-reserve-fire3-20260916,animations/index/qa-decisions/FIRE_3/2026-09-16-accepted-fire3-x4-reserve-animation.json,2026-09-16,fire3-vanilla-silhouette-temporal-rgb-20260916,Validation utilisateur ingame AR0202 le 2026-09-16 avec réserve. Rendu x4 accepté; cycle d'animation à reprendre avant release. Mêmes octets sélectionnés pour toutes les zones d'occurrence.
FIRE_3GR,validé-x4,AR0203,1,14,30x40,BAM V1,animations/batches/fire-3gr-reboutcx-apo8-selection-accepted-20260921,animations/index/qa-decisions/FIRE_3GR/2026-09-21-accepted-fire-3gr-reboutcx-apo8-selection-accepted-20260921.json,2026-09-21,fire-3gr-reboutcx-apo8-innerfeather8-premultiply-20260921,"Flamme magique verte 30x40, Blended, rectangle 100 % opaque sur fond noir (alpha 255 partout), 1 occurrence dans AR0203 seule. ReboutCX x4, Apollo-8 15->30 fps (14->28 phases, sans doublon), fondu de bord de canevas 8 px x4 et RGB premultiplie ; SeedVR ecarte (visage en f0, scintillement). QA utilisateur ingame le 2026-09-21 ; voir animation_alpha_corrections.csv."
FIRE_3GS,validé-x4,OH4101,42,14,30x40,BAM V1,animations/batches/fire-3gs-reboutcx-apo8-selection-accepted-20260921,animations/index/qa-decisions/FIRE_3GS/2026-09-21-accepted-fire-3gs-reboutcx-apo8-selection-accepted-20260921.json,2026-09-21,fire-3gs-reboutcx-apo8-innerfeather8-premultiply-20260921,"Flamme magique jaune 30x40, Blended, rectangle 100 % opaque sur fond noir (alpha 255 partout), 42 occurrences (36 en 0x1043, 6 en 0x1003) dans OH4101 seule. ReboutCX x4, Apollo-8 15->30 fps (14->28 phases, sans doublon), fondu de bord de canevas 8 px x4 et RGB premultiplie ; SeedVR ecarte (visage en f0, scintillement). QA utilisateur ingame le 2026-09-21 ; voir animation_alpha_corrections.csv."
FIRE_4,validé-x4,AR0201;AR0202;AR0300;AR0307;AR0309;AR0329;AR0331;AR0334;AR0400;AR0405;AR0406;AR0504;AR0509;AR0511;AR0522;AR0526;AR0529;AR0700;AR0704;AR0706;AR0709;AR0800;AR0801;AR0802;AR0803;AR0808;AR0809;AR0904;AR0906;AR0907;AR1002;AR1005;AR1010;AR1103;AR1104;AR1105;AR1107;AR1201;AR1202;AR1204;AR1301;AR1302;AR1306;AR1401;AR1511;AR1512;AR1513;AR1514;AR1516;AR1603;AR1604;AR1606;AR1608;AR1613;AR2001;AR2002;AR2007;AR2008;AR2009;AR2208;AR5000;AR5006;AR5007;AR5012;AR5016;AR5202;AR5503;OH4210;OH5300;OH6100;OH6200;OH6450;OH6460;OH8100;OH8200;OH8300;OH8400;OH9000,1006,14,14x31,BAM V1,animations/batches/soa-ar0202-lot4-selection-accepted-reserve-fire3-20260916,animations/index/qa-decisions/FIRE_4/2026-09-16-accepted-fire4-ar0202-feather2-x4.json,2026-09-16,fire4-feather2-premultiplied-20260916,"Validation utilisateur ingame AR0202 le 2026-09-16. SeedVR2 7B/LAB x4, masque feather2 et RGB prémultiplié. Aucune réserve. Mêmes octets sélectionnés pour toutes les zones d'occurrence."
FIRE_4GS,validé-x4,OH4210,17,14,16x32,BAM V1,animations/batches/fire_4gs-reboutcx-apo8-selection-accepted-20260922,animations/index/qa-decisions/FIRE_4GS/2026-09-22-accepted-fire_4gs-reboutcx-apo8-selection-accepted-20260922.json,2026-09-22,fire_4gs-reboutcx-apo8-innerfeather16-premultiply-20260922,"Flamme 16x32, rectangle 100 % opaque sur fond noir (comme FIRE_3GS/GR), Blended, OH4210 seule. ReboutCX x4, Apollo-8 15->30 fps (--base-runtime-only, cycles vides terminaux), fondu interne 16 px x4 et RGB premultiplie. QA utilisateur ingame le 2026-09-22 ; voir animation_alpha_corrections.csv."
FISH1L,à-valider,AR3000;AR5000,4,24,64x64,BAM V1,,,,,"Occurrence AR3000 validée ingame le 2026-09-18 (run ar3000-fish-xbr-apo8-x4-30fps-v2-20260918). xBR2 sans blend + nearest2 x4, Apollo-8 30 fps avec maintiens segmentés (poses du saut interpolées, pauses vides référencées), alpha binaire xBR inchangé, aucun masque ; ReboutCX testé puis écarté. AR5000 reste à tester, donc aucune validation globale ni sélection canonique."
FISH1S,validé-x4,AR3000,1,18,32x32,BAM V1,animations/batches/ar3000-fish-xbr-apo8-x4-30fps-v2-20260918,animations/index/qa-decisions/FISH1S/2026-09-18-accepted-fish1s-ar3000-xbr2x-apo8-segmented-holds.json,2026-09-18,,"QA ingame AR3000 validée par l'utilisateur le 2026-09-18. xBR2 sans blend + nearest2 x4, Apollo-8 30 fps avec maintiens segmentés (poses du saut interpolées, pauses vides référencées), alpha binaire xBR inchangé, aucun masque ; ReboutCX testé puis écarté."
FISH2L,à-valider,AR3000;AR5000,3,18,64x64,BAM V1,,,,,"Occurrence AR3000 validée ingame le 2026-09-18 (run ar3000-fish-xbr-apo8-x4-30fps-v2-20260918). xBR2 sans blend + nearest2 x4, Apollo-8 30 fps avec maintiens segmentés (poses du saut interpolées, pauses vides référencées), alpha binaire xBR inchangé, aucun masque ; ReboutCX testé puis écarté. AR5000 reste à tester, donc aucune validation globale ni sélection canonique."
FISH2S,à-valider,AR3000;AR5000,2,18,32x32,BAM V1,,,,,"Occurrence AR3000 validée ingame le 2026-09-18 (run ar3000-fish-xbr-apo8-x4-30fps-v2-20260918). xBR2 sans blend + nearest2 x4, Apollo-8 30 fps avec maintiens segmentés (poses du saut interpolées, pauses vides référencées), alpha binaire xBR inchangé, aucun masque ; ReboutCX testé puis écarté. AR5000 reste à tester, donc aucune validation globale ni sélection canonique."
FISH3L,à-valider,AR5000,2,18,64x64,BAM V1,,,,,"Poisson (grand), jumeau de taille de FISH3S ; alpha binaire ; flags occurrence 0x1005 (non Blended). Recette famille FISH (xBR2 sans blend + nearest2 x4, ReboutCX/SeedVR écartés pour cette famille) : xBR2x/nearest2 x4 (run ar5000-fish3l-xbr2x-nearest2-x4-20260922) puis V2 TimedTimeline 30 FPS apo-8 --preserve-segmented-holds (run ar5000-fish3l-apo8-x4-30fps-v2-20260922 ; 18 frames natives -> 36 phases, maintiens segmentés référencés, saut interpolé puis pause longue). AR5000 est la première occurrence testée pour ce recref (FISH1L/2L/2S/3S restent aussi à valider sur AR5000). Validation visuelle en jeu requise (teleport C:MoveToArea(""AR5000"")) avant approve/install."
FISH3S,à-valider,AR3000;AR5000,2,18,32x32,BAM V1,,,,,"Occurrence AR3000 validée ingame le 2026-09-18 (run ar3000-fish-xbr-apo8-x4-30fps-v2-20260918). xBR2 sans blend + nearest2 x4, Apollo-8 30 fps avec maintiens segmentés (poses du saut interpolées, pauses vides référencées), alpha binaire xBR inchangé, aucun masque ; ReboutCX testé puis écarté. AR5000 reste à tester, donc aucune validation globale ni sélection canonique."
FLAME2L,validé-x4,AR0500;AR0512;OH4220;OH7000,55,9,13x29,BAM V1,animations/batches/flame2l-reboutcx-selection-accepted-20260921,animations/index/qa-decisions/FLAME2L/2026-09-21-accepted-flame2l-reboutcx-selection-accepted-20260921.json,2026-09-21,flame2l-reboutcx-innerfeather16-premultiply-20260921,"Flamme large 13x29 partagee sur AR0500, AR0512, OH4220 et OH7000, Blended. ReboutCX x4, cadence native, fondu interne 16 px x4 et RGB premultiplie, calque sur FLAME2S/FLAME2M ; SeedVR ecarte (source hors de la grappe flamme SeedVR) ; rayon retenu par balayage 12/16/20 (20 eteint le coeur de 10 % et frange verdatre). QA utilisateur ingame le 2026-09-21 ; voir animation_alpha_corrections.csv."
FLAME2M,validé-x4,AR0510;AR0800;AR0900;AR0907,57,9,8x16,BAM V1,animations/batches/flame2m-reboutcx-selection-accepted-20260919,animations/index/qa-decisions/FLAME2M/2026-09-19-accepted-flame2m-reboutcx-selection-accepted-20260919.json,2026-09-19,flame2m-reboutcx-innerfeather12-premultiply-20260919,"Petite flamme moyenne 8x16 partagee sur AR0510, AR0800, AR0900 et AR0907. ReboutCX x4, cadence native, fondu interne 12 px x4 et RGB premultiplie (Blended), calque sur FLAME2S ; rayon retenu par balayage 8/12/16. QA utilisateur ingame le 2026-09-19 ; voir animation_alpha_corrections.csv."
FLAME2S,validé-x4,AR0302;AR0303;AR0307;AR0312;AR0315;AR0322;AR0323;AR0326;AR0329;AR0334;AR0335;AR0406;AR0409;AR0502;AR0504;AR0505;AR0506;AR0509;AR0510;AR0511;AR0513;AR0514;AR0515;AR0522;AR0527;AR0528;AR0529;AR0602;AR0704;AR0705;AR0706;AR0709;AR0710;AR0712;AR0801;AR0802;AR0808;AR0903;AR0905;AR0906;AR0907;AR1001;AR1003;AR1004;AR1006;AR1007;AR1009;AR1103;AR1104;AR1105;AR1202;AR1302;AR1303;AR1305;AR1306;AR1307;AR1511;AR1601;AR1603;AR1606;AR1609;AR1613;AR2001;AR2002;AR2007;AR2011;AR2012;AR2208;AR3026;AR5008;AR5009;AR5010;AR5011;AR5012;AR6012;OH5000;OH9000,867,27,12x12,BAM V1,animations/batches/flame2s-reboutcx-selection-accepted-20260919,animations/index/qa-decisions/FLAME2S/2026-09-19-accepted-flame2s-reboutcx-selection-accepted-20260919.json,2026-09-19,flame2s-reboutcx-innerfeather20-premultiply-20260919,"Petite flamme partagee sur 77 zones, 867 occurrences ; le cycle 0 ne joue que les frames 18-26 et toutes les occurrences sont sequence 0. Statut precedent : ecarte, au motif d'un carre lumineux juge natif au moteur apres trois correctifs alpha sans effet. Reouvert et resolu le 2026-08-27 : la ressource est Blended (flag ARE bit 1), donc les trois correctifs alpha, qui preservaient le RGB, etaient structurellement sans effet. Le carre est opaque et intra-masque (couverture alpha 91,7 % en x4), donc --mode zero ne suffit pas : correctif retenu = fondu radial elliptique (build_alpha_feather.py, ox 18 / oy 28 x4, inner-fraction 0,45) puis build_blended_rgb_neutral_pack.py --mode premultiply, qui applique la rampe au RGB reellement additionne a la scene ; le carre devient un halo rond. x4 SeedVR2 7B/LAB (run ar0602-flame2s-seedvr7b-lab-x4), cadence native conservee. Installe et QA validee sur AR0602 uniquement le 2026-08-27 ; les 76 autres zones restent en BAM vanilla. Procedure : pipeline/ANIMATION_BLENDED_RGB_NEUTRALISATION.md."
FLIESL,validé-natif,AR0201;AR0206;AR0400;AR0406;AR0500;AR0502;AR1100;AR1200;AR1302;AR1600;AR1700;AR1800;AR1900;AR2000;AR5000;AR5203;AR6300;AR6400;OH6100;OH6200,148,18,64x64,BAM V1,,,,,Validé en l'état le 2026-09-01 : BAM V1 natif conservé. Les mouches font environ 1 px ; xBR n'apporte pas de gain visible. Une timeline 30 fps sans format/runtime x4 ne produit pas d'intermédiaires utiles. Compte comme traité par décision native explicite.
FLIESS,validé-natif,AR0201;AR0206;AR0400;AR0406;AR0500;AR0502;AR1302;AR2000;AR5000;AR6300;AR6400;OH6400,68,18,12x13,BAM V1,,animations/index/qa-decisions/FLIESS/2026-09-21-accepted-native-source.json,2026-09-21,,"Mouches de 4 px visibles au plus : BAM V1 natif conserve, comme FLIESL (xBR2 + nearest2 x4 identique a la source agrandie, essai du 2026-09-18 ; ReboutCX inadapte a ce volume de pixels). Sorti du lot AR0406 le 2026-09-18, valide en l etat avec le lot AR0500 le 2026-09-21."
FLM2PUR,non-traité,AR1008;OH4210,13,16,18x23,BAM V1,,,,,
FLMM,validé-x4,OH7200;OH7300,57,6,8x15,BAM V1,animations/batches/flmm-reboutcx-selection-accepted-20260921,animations/index/qa-decisions/FLMM/2026-09-21-accepted-flmm-reboutcx-selection-accepted-20260921.json,2026-09-21,flmm-reboutcx-innerfeather6-premultiply-20260921,"Flamme 8x15 partagee sur OH7200 et OH7300, Blended. ReboutCX x4, cadence native (Apollo-8 impossible a 32x60), fondu interne 6 px x4 et RGB premultiplie ; SeedVR ecarte (dessine des visages). Rayon 6 par balayage 4/6/8/12 (rayon inscrit 11,1, les rayons de la famille FLAME2* l eteignent). QA utilisateur ingame le 2026-09-21 ; voir animation_alpha_corrections.csv."
FLMS,validé-x4,AR0510,36,6,2x5,BAM V1,animations/batches/flms-flame2m-visual-selection-accepted-20260919,animations/index/qa-decisions/FLMS/2026-09-19-accepted-flms-flame2m-visual-selection-accepted-20260919.json,2026-09-19,flms-flame2m-visual-area-resample-20260919,"FLMS 2x5 px x1, 36 occurrences dans AR0510 seule. Visuel de FLAME2M reduit au canevas FLMS (BOX, RGB premultiplie deja fondu), 6 frames issues des frames 0,1,3,4,6,7 de FLAME2M, boucle de 0,4 s. Ne pas rejouer la neutralisation Blended (double premultiplication). ReboutCX direct sur 2x5 px : inutilisable (bloc plein ou traînees), voir animation_alpha_corrections.csv. QA utilisateur ingame le 2026-09-19."
FOUNT1,validé-x4,AR1000,2,5,60x71,BAM V1,animations/ressources/FOUNT1/runs/fount1-xbr2x-gaussian045-30fps-contour-aura-accepted-20260915,animations/index/qa-decisions/FOUNT1/2026-09-16-accepted-fount1-xbr2x-gaussian045-30fps-contour-aura-accepted-20260915.json,2026-09-16,fount1-xbr2x-gaussian045-30fps-contour-aura-20260915,Deux occurrences couvertes. Pack AR1000 installé et vérifié byte-identique. Variante sans flou refusée; aucune intégration release.
FPIT1L,non-traité,AR5203;OH5300,4,6,78x67,BAM V1,,,,,
FPIT1M,validé-x4,AR6111;OH4000;OH4200;OH6100,4,6,48x42,BAM V1,animations/batches/fpit1m-reboutcx-apo8-selection-accepted-20260921,animations/index/qa-decisions/FPIT1M/2026-09-21-accepted-fpit1m-reboutcx-apo8-selection-accepted-20260921.json,2026-09-21,fpit1m-reboutcx-apo8-contour-aura24-20260921,"Brasero moyen 48x42 partage sur AR6111, OH4000, OH4200 et OH6100, Blended. ReboutCX x4, Apollo-8 15->30 fps (6->12 phases, sans maintien ni frame doublee), contour aura 24/5/0,9/14 et RGB premultiplie ; SeedVR ecarte apres essai comparatif (billes et volutes, defaut de FPIT1S). Rayon 24 = 12 de FPIT1S rapporte au canevas ; 16 en repli. Aucun masque d occlusion peint. QA utilisateur ingame le 2026-09-21 ; voir animation_alpha_corrections.csv."
FPIT1S,validé-x4,AR0334;AR0406;AR0509;AR0522;AR0601;AR0706;AR1603;AR2001;AR2014;AR2016;AR2017;AR2018;AR5202;OH7300;OH8100,21,6,23x20,BAM V1,animations/ressources/FPIT1S/runs/fpit1s-contour-fondu-J-masques-20260904,animations/index/qa-decisions/FPIT1S/2026-09-04-accepted-fpit1s-contour-fondu-j-masques-20260904.json,2026-09-04,fpit1s-contour-fondu-J-masques-20260904,"Foyer partage sur 15 zones, 21 occurrences. Chaine: x4 SeedVR2 7B/LAB (run ar0601-all-bam-seedvr7b-lab-x4); TimedTimeline v2 Apollo 8 15->30 fps (run ar0601-all-bam-apo8-x4-30fps-v2, 6 frames natives -> 12 phases); masque alpha agrandi par xBR2x deux fois au lieu du plus proche voisin, ce qui supprime l'escalier de 4 px du contour; fondu de contour 12 px x4 vers l'interieur; halo gaussien sigma 5 gain 0.9 issu de la silhouette fondue; fondu de bord 14 px x4 forcant le halo a zero avant le cadre; RGB premultiplie par l'alpha final. Ressource Blended (flag ARE bit 1): le RGB est additionne quel que soit l'alpha, d'ou --mode premultiply. 16 masques d'occlusion peints a la main, lies par occurrence en registre v3 sur les coordonnees ARE exactes; les 6 zones a deux feux portent deux variantes distinctes. Run final fpit1s-contour-fondu-J-masques-20260904, qui conserve les masques peints et le prototype d'aura; budget runtime confirme sur les 125 zones et 7897 assets verifies identiques au jeu installe. QA en jeu validee par l'utilisateur le 2026-09-04 sur les 15 zones. RESERVE ACCEPTEE: le rendu global reste ameliorable ulterieurement (largeur du fondu, intensite du halo); l'asset est valide en l'etat et une amelioration future est autorisee sans rouvrir la QA. Les 15 zones de l'asset sont desormais toutes upscalees x4 et installees: AR5202, OH7300 et OH8100 (Black Pits), les trois dernieres cartes en attente, sont passees le 2026-09-04. Aucune des trois ne porte de masque d'occlusion, le foyer n'y etant couvert par aucun polygone WED et le jeu d'origine ne l'occultant pas non plus. Points ouverts mineurs: les masques d'AR0509 (deux occurrences) et d'AR0522-droite ne retirent aucun texel a l'animation, et AR0522-gauche, AR0601 et AR5202 n'ont pas de masque; a confirmer comme sans occlusion ou a peindre. Le pont d'occlusion natif ne peut pas remplacer ces masques: il transfere la visibilite dans l'alpha, que le chemin Blended ignore. Les 16 masques peints a la main sont versionnes sous animations/masques-occlusion/FPIT1S/, copie conforme des masques du run et seule copie suivie par git : les dossiers de run et de ressources sont exclus du depot."
MMELSPIN,validé-x4,AR6200,1,20,63x96,BAM V1,animations/batches/mmelspin-selection-accepted-20260922,animations/index/qa-decisions/MMELSPIN/2026-09-22-accepted-mmelspin-selection-accepted-20260922.json,2026-09-22,,"Silhouette sombre (lum moy. 15,6), non Blended, couverte par les murs, AR6200 seule, 9 cycles identiques. ReboutCX x4, cadence native, alpha source nearest, aucune correction. QA utilisateur ingame le 2026-09-22."
OHDLPORT,non-traité,OH5400;OH5500,7,26,148x102,BAM V1,,,,,
OHHNECR,non-traité,OH7300,14,11,121x73,BAM V1,,,,,
OHHPORT,non-traité,AR0811,1,6,128x128,BAM V1,,,,,
OHRSGATE,non-traité,OH4220;OH4230,2,30,110x125,BAM V1,,,,,
PORTL1A,validé-x4,AR0602,1,6,64x94,BAM V1,,,,ar0602-portals-spline-fit1-feather8,"Portail elliptique; x4 SeedVR2 7B/LAB (run ar0602-all-bam-seedvr7b-lab-x4); V2 TimedTimeline 30 FPS apo-8, 6 frames natives -> 12 phases (timeline 0,6,1,7,2,8,3,9,4,10,5,11; 0,4 s). Contour alpha 1 bit (0/255) agrandi au plus proche voisin en escaliers de 4 px, corrigé le 2026-08-28: masque = spline périodique fit-error 1.0 (sample-spacing 1.5, supersample 4, seuil 127) sur l'alpha x4 256x376 avec padding transparent 32 px puis recrop, PUIS fondu intérieur de silhouette 8 px x4 (smoothstep depuis le bord de la silhouette spline); alpha_final = alpha_source * masque_spline/255 * feather, même masque répété sur les 12 phases (~6900 px d'alpha intermédiaire/frame; spline seule ~590, bord resté net, rejeté en jeu). RGB inchangé octet pour octet; registre v3 inchangé; 10 ressources soeurs d'AR0602 (9x AM0602* + FLAME2S) SHA-256 identiques. Prototype animations/runs/PORTL1A-spline-fit1-feather8-x4 (script animations/runs/portals-spline-fit1-feather8-workshop/portals-spline-fit1-feather8.py); livré par pack de zone combined-20260828-ar0602-portals-30fps-spline-feather8; installation PerArea réversible (backup per-area-backup-20260828-184246); QA en jeu validée par l'utilisateur le 2026-08-28."
PORTL1B,validé-x4,AR0602,1,6,79x88,BAM V1,,,,ar0602-portals-spline-fit1-feather8,"Portail elliptique; x4 SeedVR2 7B/LAB (run ar0602-all-bam-seedvr7b-lab-x4). Passé en V2 TimedTimeline 30 FPS apo-8 le 2026-08-28 (run ar0602-portl1b-apo8-x4-30fps-v2, plan 8809b7f5, base pack v3 combined-20260827-plus-flame2s-ar0602-radialA): 6 frames natives -> 12 phases (timeline 0,6,1,7,2,8,3,9,4,10,5,11; 0,4 s); QA vidéo utilisateur acceptée. Même correction de contour que PORTL1A: spline périodique fit-error 1.0 (sample-spacing 1.5, supersample 4, seuil 127) sur l'alpha x4 316x352 avec padding transparent 32 px puis recrop, puis fondu intérieur de silhouette 8 px x4; alpha_final = alpha_source * masque_spline/255 * feather sur les 12 phases. RGB inchangé octet pour octet; registre v3; Prototype animations/runs/PORTL1B-spline-fit1-feather8-x4 (script animations/runs/portals-spline-fit1-feather8-workshop/portals-spline-fit1-feather8.py); livré par pack de zone combined-20260828-ar0602-portals-30fps-spline-feather8; installation réversible; QA en jeu validée le 2026-08-28."
PORTL2A,validé-x4,AR0603,1,6,79x88,BAM V1,,,,ar0602-portals-spline-fit1-feather8,"Portail elliptique; x4 SeedVR2 7B/LAB (run ar0603-all-bam-seedvr7b-lab-x4, RGB installé identique bit à bit à sa sortie 02_upscale_x4); V2 TimedTimeline 30 FPS apo-8 depuis le 2026-08-23 (run ar0603-all-bam-apo8-x4-30fps-v2; 6 -> 12 phases). Contour alpha 1 bit (0/255) en escaliers x4 (588 h / 536 v) corrigé le 2026-08-28, même recette que PORTL1A/PORTL1B d'AR0602 (correction_id ar0602-portals-spline-fit1-feather8): masque = spline périodique fit-error 1.0 (sample-spacing 1.5, supersample 4, seuil 127) sur l'alpha x4 316x352 avec padding transparent 32 px puis recrop, PUIS fondu intérieur de silhouette 8 px x4 (smoothstep); alpha_final = alpha_source * masque_spline/255 * feather, même masque répété sur les 12 phases (~7050 px d'alpha intermédiaire/frame). RGB inchangé octet pour octet; registre v2 (c399b0e0) inchangé; 9 ressources soeurs AM0603* SHA-256 identiques. Prototype animations/runs/PORTL2A-spline-fit1-feather8-x4 (script animations/runs/portals-spline-fit1-feather8-workshop/portals-spline-fit1-feather8.py); livré par pack de zone combined-20260828-ar0603-portal-spline-feather8; installation PerArea réversible (backup per-area-backup-20260828-185613); QA en jeu validée par l'utilisateur le 2026-08-28."
SMOKE,validé-x4,AR1004;AR1601;AR2012,3,90,128x95,BAM V1,animations/ressources/SMOKE/runs/ar1004-smoke-spline-fit1-feather4-oval20x6-rgbgaussian1-20260921,animations/index/qa-decisions/SMOKE/2026-09-21-accepted-ar1004-smoke-spline-fit1-feather4-oval20x6-rgbgaussian1-20260921.json,2026-09-21,ar1004-smoke-spline-fit1-feather4-oval20x6-rgbgaussian1,"Ressource Blended (0x1007 AR1004, 0x1103 AR1601/AR2012), geometrie par frame, 90 -> 180 phases. Ne jamais rembourrer le canevas : le moteur retombe en vanilla."
SPDIMNDR,non-traité,AR6108,1,164,110x125,BAM V1,,,,,
SPHINCT,à-valider,AR0516;AR0517;AR0518;AR0519;AR0520;AR0521,9,17,160x120,BAM V1,,,,,"x4, TimedTimeline 30 fps et masque géométrique sigma 3/érosion 2 ; rendu AR0516 explicitement accepté le 2026-09-17. QA globale conservée ouverte : AR0517–AR0521 non vérifiées avec ce run."
SPHINCT2,validé-x4,AR0516,1,17,160x120,BAM V1,animations/batches/ar0516-five-bam-segmented-holds-geometric-sigma3-erode2-alpha-30fps-20260916,animations/index/qa-decisions/SPHINCT2/2026-09-17-accepted-ar0516-five-bam-segmented-holds-geometric-sigma3-erode2-alpha-30fps-20260916.json,2026-09-17,ar0516-sphinct-sphinct2-geometric-sigma3-erode2-alpha-30fps-v2,TimedTimeline 30 fps et masque géométrique sigma 3/érosion 2 ; QA ingame AR0516 validée le 2026-09-17.
STEAM2,validé-x4,AR0506;AR1003,2,9,129x129,BAM V1,animations/ressources/STEAM2/runs/ar1003-steam2-spline-fit1-feather4-oval20x6-rgbgaussian1-20260921,animations/index/qa-decisions/STEAM2/2026-09-21-accepted-ar1003-steam2-spline-fit1-feather4-oval20x6-rgbgaussian1-20260921.json,2026-09-21,ar1003-steam2-spline-fit1-feather4-oval20x6-rgbgaussian1,"Vapeur Blended (0x1103 AR0506, 0x1107 AR1003), geometrie uniforme 129x129, 9 -> 18 phases. Parametres herites de SMOKE. Ne jamais rembourrer le canevas : le moteur retombe en vanilla."
WTRBODY1,non-traité,AR0502,1,20,32x32,BAM V1,,,,,
