area_id,occurrence_index,instance_name,resource_resref,resource_kind,x,y,cell_x,cell_y,sequence,initial_frame,flags_hex,palette_mode,palette_resref
AR1400,1,1400T001,1400T001,BAM,4388,1,68,0,0,0,0x00001005,embedded,
AR1404,0,1400T001,1400T001,BAM,4388,1,68,0,0,0,0x00001005,embedded,
AR1400,4,1400T002,1400T002,BAM,4556,203,71,3,0,0,0x00001005,embedded,
AR1404,1,1400T002,1400T002,BAM,4556,202,71,3,0,0,0x00001005,embedded,
AR1400,2,1400T003,1400T003,BAM,4815,259,75,4,0,0,0x00001005,embedded,
AR1404,2,1400T003,1400T003,BAM,4816,261,75,4,0,0,0x00001005,embedded,
AR1400,0,1400T004,1400T004,BAM,3635,1121,56,17,0,0,0x00001005,embedded,
AR1404,3,1400T004,1400T004,BAM,3635,1121,56,17,0,0,0x00001005,embedded,
AR1400,3,1400T005,1400T005,BAM,3695,611,57,9,0,0,0x00001005,embedded,
AR1404,4,1400T005,1400T005,BAM,3695,611,57,9,0,0,0x00001005,embedded,
AR0315,4,AM0033AB,AM0033AB,BAM,297,496,4,7,0,0,0x00001101,embedded,
AR0527,0,AM0033AB,AM0033AB,BAM,297,496,4,7,0,0,0x00001101,embedded,
AR0710,0,AM0033AB,AM0033AB,BAM,297,496,4,7,0,0,0x00001101,embedded,
AR3026,0,AM0033AB,AM0033AB,BAM,297,496,4,7,0,0,0x00001101,embedded,
AR6012,0,AM0033AB,AM0033AB,BAM,297,496,4,7,0,0,0x00001101,embedded,
AR0021,0,AM003XA,AM003XA,BAM,334,377,5,5,0,0,0x00001141,embedded,
AR0313,0,AM003XA,AM003XA,BAM,334,377,5,5,0,0,0x00001141,embedded,
AR0529,0,AM003XA,AM003XA,BAM,334,377,5,5,0,0,0x00001141,embedded,
AR0713,0,AM003XA,AM003XA,BAM,334,377,5,5,0,0,0x00001141,embedded,
AR1611,0,AM003XA,AM003XA,BAM,335,377,5,5,0,0,0x00001141,embedded,
AR5015,0,AM003XA,AM003XA,BAM,334,377,5,5,0,0,0x00001141,embedded,
AR0202,0,AM0202A,AM0202A,BAM,1955,1676,30,26,0,0,0x00001001,embedded,
AR0202,1,AM0202FL,AM0202FL,BAM,1832,454,28,7,0,0,0x00001003,embedded,
AR0202,2,AM0202FL,AM0202FL,BAM,1883,492,29,7,0,0,0x00001003,embedded,
AR0202,3,AM0202FL,AM0202FL,BAM,1616,438,25,6,0,0,0x00001003,embedded,
AR0202,4,AM0202FL,AM0202FL,BAM,1473,538,23,8,0,0,0x00001003,embedded,
AR0202,5,AM0202FL,AM0202FL,BAM,1324,643,20,10,0,0,0x00001003,embedded,
AR0202,6,AM0202FL,AM0202FL,BAM,1353,794,21,12,0,0,0x00001003,embedded,
AR0202,7,AM0202FL,AM0202FL,BAM,1405,830,21,12,0,0,0x00001003,embedded,
AR0331,0,AM0202FL,AM0202FL,BAM,321,601,5,9,0,0,0x00001043,embedded,
AR0331,1,AM0202FL,AM0202FL,BAM,471,497,7,7,0,0,0x00001043,embedded,
AR0331,2,AM0202FL,AM0202FL,BAM,350,752,5,11,0,0,0x00001003,embedded,
AR0331,3,AM0202FL,AM0202FL,BAM,403,789,6,12,0,0,0x00001003,embedded,
AR0331,4,AM0202FL,AM0202FL,BAM,614,395,9,6,0,0,0x00001043,embedded,
AR0331,5,AM0202FL,AM0202FL,BAM,830,413,12,6,0,0,0x00001043,embedded,
AR0331,6,AM0202FL,AM0202FL,BAM,881,450,13,7,0,0,0x00001043,embedded,
AR0526,0,AM0202FL,AM0202FL,BAM,321,600,5,9,0,0,0x00001043,embedded,
AR0526,1,AM0202FL,AM0202FL,BAM,470,498,7,7,0,0,0x00001043,embedded,
AR0526,2,AM0202FL,AM0202FL,BAM,614,395,9,6,0,0,0x00001043,embedded,
AR0526,3,AM0202FL,AM0202FL,BAM,829,414,12,6,0,0,0x00001043,embedded,
AR0526,4,AM0202FL,AM0202FL,BAM,881,451,13,7,0,0,0x00001043,embedded,
AR0526,5,AM0202FL,AM0202FL,BAM,402,790,6,12,0,0,0x00001003,embedded,
AR0526,6,AM0202FL,AM0202FL,BAM,350,752,5,11,0,0,0x00001003,embedded,
AR0205,0,AM0205A,AM0205A,BAM,307,1147,4,17,0,0,0x00001101,embedded,
AR0205,1,AM0205B,AM0205B,BAM,2027,401,31,6,0,0,0x00001101,embedded,
AR0205,2,AM0205C,AM0205C,BAM,3076,1586,48,24,0,0,0x00001101,embedded,
AR0205,3,AM0205D,AM0205D,BAM,1295,2360,20,36,0,0,0x00001101,embedded,
AR0205,4,AM0205E,AM0205E,BAM,1661,1387,25,21,0,0,0x00001101,embedded,
AR0300,7,AM0300A,AM0300A,BAM,3826,2647,59,41,0,0,0x000010C1,embedded,
AR0307,36,AM0307BH,AM0307BH,BAM,4624,1904,72,29,0,0,0x00001101,embedded,
AR0329,5,AM0307BH,AM0307BH,BAM,4624,1904,72,29,0,0,0x00001101,embedded,
AR0308,0,AM0308A,AM0308A,BAM,842,428,13,6,0,0,0x00001043,embedded,
AR0308,1,AM0308A,AM0308A,BAM,976,524,15,8,0,0,0x00001043,embedded,
AR0308,2,AM0308A,AM0308A,BAM,1109,617,17,9,0,0,0x00001043,embedded,
AR0308,3,AM0308A,AM0308A,BAM,502,1047,7,16,0,0,0x00001043,embedded,
AR0308,4,AM0308A,AM0308A,BAM,369,952,5,14,0,0,0x00001043,embedded,
AR0308,5,AM0308A,AM0308A,BAM,239,861,3,13,0,0,0x00001043,embedded,
AR0308,6,AM0308A,AM0308A,BAM,636,1140,9,17,0,0,0x00001043,embedded,
AR0308,7,AM0308A,AM0308A,BAM,1244,713,19,11,0,0,0x00001043,embedded,
AR0309,11,AM0309A,AM0309A,BAM,945,763,14,11,0,0,0x00001101,embedded,
AR0302,0,AM0322A,AM0322A,BAM,800,257,12,4,0,0,0x00001101,embedded,
AR0322,0,AM0322A,AM0322A,BAM,800,259,12,4,0,0,0x00001101,embedded,
AR0302,1,AM0322B,AM0322B,BAM,1017,408,15,6,0,0,0x00001101,embedded,
AR0322,1,AM0322B,AM0322B,BAM,1017,408,15,6,0,0,0x00001101,embedded,
AR0303,8,AM0323A,AM0323A,BAM,795,251,12,3,0,0,0x00001101,embedded,
AR0323,0,AM0323A,AM0323A,BAM,795,251,12,3,0,0,0x00001101,embedded,
AR0406,50,AM0406A,AM0406A,BAM,1019,1764,15,27,0,0,0x00001011,embedded,
AR0406,51,AM0406B,AM0406B,BAM,1090,1651,17,25,0,0,0x00001000,embedded,
AR0406,52,AM0406B,AM0406B,BAM,1090,1651,17,25,0,0,0x00001011,embedded,
AR0411,16,AM0411RN,AM0411RN,BAM,1407,1316,21,20,0,0,0x00001043,embedded,
OH5400,0,Portal,AM0411RN,BAM,924,350,14,5,0,0,0x00000003,embedded,
OH5500,0,Portal1A,AM0411RN,BAM,524,3139,8,49,0,0,0x00001003,embedded,
OH5500,2,Portal2A,AM0411RN,BAM,1101,3367,17,52,0,0,0x00001003,embedded,
OH5500,4,Portal3A,AM0411RN,BAM,229,3088,3,48,0,0,0x00001003,embedded,
OH5500,6,Portal4A,AM0411RN,BAM,822,3238,12,50,0,0,0x00001003,embedded,
OH5500,8,Portal5A,AM0411RN,BAM,1534,3697,23,57,0,0,0x00001003,embedded,
OH5500,10,Portal6A,AM0411RN,BAM,1324,3507,20,54,0,0,0x00001003,embedded,
AR0504,74,AM0504SB,AM0504SB,BAM,1084,1518,16,23,0,0,0x00001003,embedded,
AR0504,75,AM0504SB,AM0504SB,BAM,1029,1481,16,23,0,0,0x00001003,embedded,
AR0504,76,AM0504SB,AM0504SB,BAM,919,1637,14,25,0,0,0x00001003,embedded,
AR0504,77,AM0504SB,AM0504SB,BAM,864,1595,13,24,0,0,0x00001003,embedded,
AR0504,78,AM0504SB,AM0504SB,BAM,903,1541,14,24,0,0,0x00001003,embedded,
AR0504,79,AM0504SB,AM0504SB,BAM,959,1499,14,23,0,0,0x00001003,embedded,
AR0510,33,AM0510A,AM0510A,BAM,839,397,13,6,0,0,0x00001141,embedded,
AR0516,6,AM0516LA,AM0516LA,BAM,1233,1095,19,17,0,0,0x00001141,embedded,
AR0516,7,AM0516LB,AM0516LB,BAM,1515,1072,23,16,0,0,0x00001141,embedded,
AR0516,5,AM0516LC,AM0516LC,BAM,3395,1390,53,21,0,0,0x00001141,embedded,
AR0516,8,AM0516LD,AM0516LD,BAM,2489,2047,38,31,0,0,0x00001141,embedded,
AR0602,26,AM0602AA,AM0602AA,BAM,2376,914,37,14,0,0,0x00001041,embedded,
AR0602,19,AM0602AB,AM0602AB,BAM,2269,1011,35,15,0,0,0x00001041,embedded,
AR0602,25,AM0602AC,AM0602AC,BAM,2401,929,37,14,0,0,0x00001041,embedded,
AR0602,14,AM0602B,AM0602B,BAM,3865,1003,60,15,0,0,0x000011C1,embedded,
AR0602,27,AM0602C,AM0602C,BAM,1866,2440,29,38,0,0,0x000011D1,embedded,
AR0602,28,AM0602D,AM0602D,BAM,2061,2440,32,38,0,0,0x000011D1,embedded,
AR0602,17,AM0602E,AM0602E,BAM,1584,2597,24,40,0,0,0x000011C1,embedded,
AR0602,20,AM0602F,AM0602F,BAM,2645,3262,41,50,0,0,0x000011C1,embedded,
AR0602,18,AM0602G,AM0602G,BAM,2413,2801,37,43,0,0,0x000011C1,embedded,
AR0601,1,AM0602J,AM0602J,BAM,1273,1111,19,17,0,0,0x000011C1,embedded,
AR0601,2,AM0602K1,AM0602K1,BAM,111,1164,1,18,0,0,0x000011D1,embedded,
AR0601,6,AM0602K2,AM0602K2,BAM,249,1163,3,18,0,0,0x000011D1,embedded,
AR0601,4,AM0602L1,AM0602L1,BAM,1965,1139,30,17,0,0,0x000011D1,embedded,
AR0601,5,AM0602L2,AM0602L2,BAM,1965,1139,30,17,0,0,0x000011D1,embedded,
AR0601,3,AM0602M,AM0602M,BAM,2425,1294,37,20,0,0,0x000011C1,embedded,
AR0603,11,AM0603A,AM0603A,BAM,2866,786,44,12,0,0,0x000011C1,embedded,
AR0603,12,AM0603B,AM0603B,BAM,2865,942,44,14,0,0,0x000011C1,embedded,
AR0603,14,AM0603C1,AM0603C1,BAM,2945,1306,46,20,0,0,0x00001181,embedded,
AR0603,15,AM0603C2,AM0603C2,BAM,2793,1192,43,18,0,0,0x00001181,embedded,
AR0603,16,AM0603D1,AM0603D1,BAM,1132,2904,17,45,0,0,0x000011C1,embedded,
AR0603,17,AM0603D2,AM0603D2,BAM,1271,2812,19,43,0,0,0x000011C1,embedded,
AR0603,18,AM0603D3,AM0603D3,BAM,1436,2695,22,42,0,0,0x000011C1,embedded,
AR0603,13,AM0603H,AM0603H,BAM,3211,1004,50,15,0,0,0x000011C1,embedded,
AR0603,19,AM0603I,AM0603I,BAM,3114,1105,48,17,0,0,0x000011C1,embedded,
AR0604,0,AM0604A,AM0604A,BAM,734,806,11,12,0,0,0x00001141,embedded,
AR0700,0,AM0700A,AM0700A,BAM,981,1026,15,16,0,0,0x00001145,embedded,
AR0700,2,AM0700B,AM0700B,BAM,981,1026,15,16,0,0,0x00001145,embedded,
AR0700,1,AM0700C,AM0700C,BAM,313,3766,4,58,0,0,0x00001145,embedded,
AR0700,3,AM0700D,AM0700D,BAM,313,3766,4,58,0,0,0x00001145,embedded,
AR0801,3,AM0801A,AM0801A,BAM,390,815,6,12,0,0,0x00001101,embedded,
AR0808,3,AM0801A,AM0801A,BAM,390,815,6,12,0,0,0x00001101,embedded,
AR0801,4,AM0801B1,AM0801B1,BAM,2848,663,44,10,0,0,0x00001101,embedded,
AR0808,4,AM0801B1,AM0801B1,BAM,2848,663,44,10,0,0,0x00001101,embedded,
AR0801,5,AM0801B2,AM0801B2,BAM,2848,663,44,10,0,0,0x00001101,embedded,
AR0808,5,AM0801B2,AM0801B2,BAM,2848,663,44,10,0,0,0x00001101,embedded,
AR0803,0,AM0803A,AM0803A,BAM,1355,508,21,7,0,0,0x00001101,embedded,
AR0809,0,AM0803A,AM0803A,BAM,1355,508,21,7,0,0,0x00001141,embedded,
AR0803,1,AM0803B,AM0803B,BAM,1355,322,21,5,0,0,0x00001101,embedded,
AR0809,1,AM0803B,AM0803B,BAM,1355,322,21,5,0,0,0x00001141,embedded,
AR0803,2,AM0803C,AM0803C,BAM,1598,492,24,7,0,0,0x00001101,embedded,
AR0809,2,AM0803C,AM0803C,BAM,1598,492,24,7,0,0,0x00001101,embedded,
AR0803,3,AM0803D,AM0803D,BAM,1362,626,21,9,0,0,0x00001101,embedded,
AR0809,3,AM0803D,AM0803D,BAM,1362,626,21,9,0,0,0x00001101,embedded,
AR0803,4,AM0803E,AM0803E,BAM,1109,504,17,7,0,0,0x00001101,embedded,
AR0809,4,AM0803E,AM0803E,BAM,1109,504,17,7,0,0,0x00001101,embedded,
AR0900,0,AM0900DM,AM0900DM,BAM,1689,2662,26,41,0,0,0x00001003,embedded,
AR0900,1,AM0900DM,AM0900DM,BAM,2246,2187,35,34,0,0,0x00001003,embedded,
AR0902,0,AM0902L,AM0902L,BAM,1171,811,18,12,0,0,0x00001351,embedded,
AR0905,0,AM1001A,AM1001A,BAM,915,533,14,8,0,0,0x00001141,embedded,
AR1001,0,AM1001A,AM1001A,BAM,915,533,14,8,0,0,0x00001141,embedded,
AR1006,0,AM1001A,AM1001A,BAM,915,533,14,8,0,0,0x00001141,embedded,
AR1007,0,AM1001A,AM1001A,BAM,915,533,14,8,0,0,0x00001141,embedded,
AR1009,0,AM1001A,AM1001A,BAM,915,533,14,8,0,0,0x00001141,embedded,
AR0506,0,AM1003A,AM1003A,BAM,567,333,8,5,0,0,0x00001041,embedded,
AR1003,0,AM1003A,AM1003A,BAM,567,333,8,5,0,0,0x00001141,embedded,
AR2011,0,AM1003A,AM1003A,BAM,567,333,8,5,0,0,0x00001141,embedded,
AR5010,7,AM1003A,AM1003A,BAM,567,332,8,5,0,0,0x00001101,embedded,
AR1004,9,AM1004A,AM1004A,BAM,526,730,8,11,0,0,0x00001141,embedded,
AR1601,0,AM1004A,AM1004A,BAM,526,730,8,11,0,0,0x00001141,embedded,
AR2012,0,AM1004A,AM1004A,BAM,526,730,8,11,0,0,0x00001141,embedded,
AR1008,1,AM1008B,AM1008B,BAM,1330,423,20,6,0,0,0x00001001,embedded,
AR1008,0,AM1008BL,AM1008BL,BAM,758,185,11,2,0,0,0x00001001,embedded,
AR1101,0,AM1101A,AM1101A,BAM,571,379,8,5,0,0,0x00001101,embedded,
AR1103,0,AM1104A,AM1104A,BAM,281,229,4,3,0,0,0x00001001,embedded,
AR1104,0,AM1104B,AM1104B,BAM,372,246,5,3,0,0,0x00001001,embedded,
AR1400,5,AM1400A,AM1400A,BAM,4001,644,62,10,0,0,0x00001145,embedded,
AR1400,6,AM1400N,AM1400N,BAM,3997,644,62,10,0,0,0x00001145,embedded,
AR1512,14,AM1512PA,AM1512PA,BAM,208,487,3,7,0,0,0x00001101,embedded,
AR1516,12,AM1516PT,AM1516PT,BAM,2026,1411,31,22,0,0,0x00001101,embedded,
AR2000,33,AM2000A,AM2000A,BAM,1769,1223,27,19,0,0,0x00001355,embedded,
AR2000,34,AM2000B,AM2000B,BAM,1769,1223,27,19,0,0,0x00001355,embedded,
AR1010,0,AM2008A,AM2008A,BAM,593,503,9,7,0,0,0x00001043,embedded,
AR2008,0,AM2008A,AM2008A,BAM,593,503,9,7,0,0,0x00001043,embedded,
OH5120,0,Fiery_Boil,AM2008A,BAM,780,480,12,7,0,0,0x00001212,embedded,
AR2100,0,AM2100PA,AM2100PA,BAM,877,2822,13,44,0,0,0x00001101,embedded,
AR2100,1,AM2100PB,AM2100PB,BAM,2772,2946,43,46,0,0,0x00001101,embedded,
AR2100,2,AM2100PC,AM2100PC,BAM,2442,3221,38,50,0,0,0x00001101,embedded,
AR2201,0,AM2201A,AM2201A,BAM,933,457,14,7,0,0,0x00001143,embedded,
AR2201,1,AM2201B,AM2201B,BAM,1251,705,19,11,0,0,0x00001001,embedded,
AR2201,2,AM2201B,AM2201B,BAM,966,782,15,12,0,0,0x00001101,embedded,
AR2201,3,AM2201B,AM2201B,BAM,1394,1294,21,20,0,0,0x00001141,embedded,
AR2201,4,AM2201B,AM2201B,BAM,1678,956,26,14,0,0,0x00001141,embedded,
AR2201,5,AM2201B,AM2201B,BAM,872,1172,13,18,0,0,0x00001141,embedded,
AR2300,0,AM2300A,AM2300A,BAM,3590,2171,56,33,0,0,0x00001101,embedded,
AR2300,1,AM2300A,AM2300A,BAM,3939,1819,61,28,0,0,0x00001101,embedded,
AR2300,2,AM2300A,AM2300A,BAM,4116,1641,64,25,0,0,0x00001101,embedded,
AR2801,0,AM2801A,AM2801A,BAM,547,516,8,8,0,0,0x00001101,embedded,
AR2808,0,AM2801A,AM2801A,BAM,547,516,8,8,0,0,0x00001101,embedded,
AR2809,0,AM2801A,AM2801A,BAM,547,516,8,8,0,0,0x00001101,embedded,
AR2802,0,AM2802A,AM2802A,BAM,260,469,4,7,0,0,0x00001101,embedded,
AR2810,0,AM2802A,AM2802A,BAM,260,469,4,7,0,0,0x00001101,embedded,
AR2811,0,AM2802A,AM2802A,BAM,260,469,4,7,0,0,0x00001101,embedded,
AR2804,0,AM2805A,AM2805A,BAM,240,614,3,9,0,0,0x00001141,embedded,
AR2805,0,AM2805A,AM2805A,BAM,240,614,3,9,0,0,0x00001141,embedded,
AR2804,1,AM2805B,AM2805B,BAM,483,368,7,5,0,0,0x00001151,embedded,
AR2804,2,AM2805B,AM2805B,BAM,483,368,7,5,0,0,0x00001000,embedded,
AR2804,3,AM2805C,AM2805C,BAM,483,553,7,8,0,0,0x00001151,embedded,
AR3000,0,AM3000A,AM3000A,BAM,945,590,14,9,0,0,0x00001044,embedded,
AR3000,1,DoorMist03,AM3000E,BAM,396,1169,6,18,1,0,0x00001403,external,PLT_MAGE
AR3000,2,DoorMist04,AM3000E,BAM,640,1521,10,23,1,0,0x00001403,external,PLT_MAGE
AR3000,3,DoorMist05,AM3000E,BAM,899,1853,14,28,1,0,0x00001403,external,PLT_MAGE
AR3000,4,DoorMist02,AM3000E,BAM,447,2006,6,31,1,0,0x00001403,external,PLT_MAGE
AR3000,5,DoorMist01,AM3000E,BAM,194,1670,3,26,1,0,0x00001403,external,PLT_MAGE
AR3000,15,AMB_Helm2,AM3000H,BAM,1672,1923,26,30,0,0,0x00001045,embedded,
AR3001,2,AM3001D,AM3001D,BAM,271,1092,4,17,0,0,0x00001100,embedded,
AR3001,3,AM3001F,AM3001F,BAM,2090,847,32,13,0,0,0x000010C3,embedded,
AR3001,4,AM3001F,AM3001F,BAM,2335,1041,36,16,0,0,0x000010C3,embedded,
AR3001,5,AM3001F,AM3001F,BAM,1253,839,19,13,0,0,0x000010C3,embedded,
AR3001,6,AM3001F,AM3001F,BAM,1528,1034,23,16,0,0,0x000010C3,embedded,
AR3001,7,AM3001F,AM3001F,BAM,1830,1247,28,19,0,0,0x000010C3,embedded,
AR3001,8,AMB_Portal,AM3001G,BAM,1457,1160,22,18,0,0,0x00001001,embedded,
AR3011,2,AM3011A,AM3011A,BAM,796,362,12,5,0,0,0x00001101,embedded,
AR3011,3,AM3011B,AM3011B,BAM,798,364,12,5,0,0,0x00001003,embedded,
AR3016,2,AMB_Lightning1,AM3016A,BAM,1748,365,27,5,1,0,0x00001082,embedded,
AR3016,3,AMB_Lightning2,AM3016A,BAM,2356,368,36,5,2,0,0x00001082,embedded,
AR3016,4,AMB_Lightning3,AM3016B,BAM,2048,630,32,9,2,0,0x000010C2,embedded,
AR3016,5,AM3016D,AM3016D,BAM,425,1717,6,26,0,0,0x000010C3,embedded,
AR3016,6,AM3016D,AM3016D,BAM,182,1501,2,23,1,0,0x000010C3,embedded,
AR3016,7,AM3016D,AM3016D,BAM,473,1342,7,20,2,0,0x000010C3,embedded,
AR3016,8,AM3016E,AM3016E,BAM,449,1638,7,25,0,0,0x00001181,embedded,
AR3016,9,AM3016G,AM3016G,BAM,3640,1635,56,25,0,0,0x00001181,embedded,
AR3016,10,AM3016I,AM3016I,BAM,3651,1390,57,21,0,0,0x00001001,embedded,
AR3016,11,AM3016J,AM3016J,BAM,3363,1561,52,24,0,0,0x00001001,embedded,
AR3016,12,AM3016K,AM3016K,BAM,3915,1575,61,24,0,0,0x00001041,embedded,
AR3016,13,AM3016L,AM3016L,BAM,3633,1773,56,27,0,0,0x00001001,embedded,
AR3016,17,AM3016N,AM3016N,BAM,2094,2485,32,38,0,0,0x00001003,embedded,
AR3016,18,AM3016N,AM3016N,BAM,2298,2759,35,43,0,0,0x00001003,embedded,
AR3016,19,AM3016N,AM3016N,BAM,1818,2745,28,42,0,0,0x00001803,embedded,
AR3016,14,AM3016P,AM3016P,BAM,2082,2575,32,40,0,0,0x00001101,embedded,
AR3016,15,AM3016Q,AM3016Q,BAM,2280,2844,35,44,0,0,0x00001101,embedded,
AR3016,16,AM3016R,AM3016R,BAM,1829,2828,28,44,0,0,0x00001101,embedded,
AR3016,20,AM3016T,AM3016T,BAM,2053,241,32,3,0,0,0x00001100,embedded,
AR3017,6,AMB_Arm1,AM3017A,BAM,3068,1878,47,29,0,0,0x00001141,embedded,
AR3017,7,AMB_Arm2,AM3017B,BAM,3300,1886,51,29,0,0,0x00001141,embedded,
AR3017,8,AMB_Arm3,AM3017C,BAM,3068,2053,47,32,0,0,0x00001141,embedded,
AR3017,9,AMB_Arm4,AM3017D,BAM,3180,2058,49,32,0,0,0x00001141,embedded,
AR3017,26,AM3017E,AM3017E,BAM,2429,1940,37,30,0,0,0x00001101,embedded,
AR3017,27,AM3017F,AM3017F,BAM,3008,1528,47,23,0,0,0x00001101,embedded,
AR3017,28,AM3017G,AM3017G,BAM,3183,2597,49,40,0,0,0x00001101,embedded,
AR3017,29,AM3017H,AM3017H,BAM,3597,2501,56,39,0,0,0x00001101,embedded,
AR3017,30,AM3017Z,AM3017Z,BAM,4468,1082,69,16,0,0,0x00001101,embedded,
AR3019,2,AMB_FinalSeal,AM3019A,BAM,2277,1802,35,28,0,0,0x00001012,embedded,
AR3020,2,AM3020D,AM3020D,BAM,604,771,9,12,0,0,0x00001101,embedded,
AR3021,0,AM3021D,AM3021D,BAM,487,995,7,15,0,0,0x00001141,embedded,
AR3021,1,AM3021E,AM3021E,BAM,650,1165,10,18,0,0,0x00001141,embedded,
AR3021,2,AM3021F,AM3021F,BAM,353,1186,5,18,0,0,0x00001141,embedded,
AR3022,0,AM3022D,AM3022D,BAM,1550,1690,24,26,0,0,0x00001101,embedded,
AR0307,31,AM307RED,AM307RED,BAM,3553,299,55,4,0,0,0x00001001,embedded,
AR0329,0,AM307RED,AM307RED,BAM,3553,299,55,4,0,0,0x00001001,embedded,
AR0307,35,AM307TT1,AM307TT1,BAM,2083,2673,32,41,0,0,0x00001141,embedded,
AR0329,4,AM307TT1,AM307TT1,BAM,2083,2673,32,41,0,0,0x00001141,embedded,
AR0307,32,AM307UR1,AM307UR1,BAM,3015,726,47,11,0,0,0x00001101,embedded,
AR0329,1,AM307UR1,AM307UR1,BAM,3015,726,47,11,0,0,0x00001101,embedded,
AR0307,33,AM307UR2,AM307UR2,BAM,3174,677,49,10,0,0,0x00001101,embedded,
AR0329,2,AM307UR2,AM307UR2,BAM,3174,679,49,10,0,0,0x00001101,embedded,
AR0307,34,AM307UR3,AM307UR3,BAM,3440,503,53,7,0,0,0x00001101,embedded,
AR0329,3,AM307UR3,AM307UR3,BAM,3440,503,53,7,0,0,0x00001101,embedded,
AR4000,0,AMB_HEAD1L,AM4000Z,BAM,1560,190,24,2,0,0,0x00001053,embedded,
AR4000,1,AMB_HEAD1R,AM4000Z,BAM,1620,198,25,3,0,0,0x00001053,embedded,
AR4000,2,AMB_HEAD2L,AM4000Z,BAM,2110,1222,32,19,0,0,0x00001053,embedded,
AR4000,3,AMB_HEAD2R,AM4000Z,BAM,2135,1254,33,19,0,0,0x00001053,embedded,
AR4000,4,AMB_HEAD3L,AM4000Z,BAM,410,1393,6,21,0,0,0x00001053,embedded,
AR4000,5,AMB_HEAD3R,AM4000Z,BAM,469,1377,7,21,0,0,0x00001053,embedded,
AR4000,6,AMB_HEAD4L,AM4000Z,BAM,2042,248,31,3,0,0,0x00001053,embedded,
AR4000,7,AMB_HEAD4R,AM4000Z,BAM,2091,232,32,3,0,0,0x00001053,embedded,
AR4000,8,AMB_HEAD5L,AM4000Z,BAM,1038,1182,16,18,0,0,0x00001053,embedded,
AR4000,9,AMB_HEAD5R,AM4000Z,BAM,1106,1200,17,18,0,0,0x00001053,embedded,
AR0411,15,AM411MAC,AM411MAC,BAM,1727,549,26,8,0,0,0x00001141,embedded,
AR0414,26,AM414E11,AM414E11,BAM,2547,2895,39,45,0,0,0x00001001,embedded,
AR0414,29,AM414E11,AM414E11,BAM,2547,2895,39,45,0,0,0x00001001,embedded,
AR0414,30,AM414E11,AM414E11,BAM,2547,2895,39,45,0,0,0x00001000,embedded,
AR0414,27,AM414E12,AM414E12,BAM,2702,2895,42,45,0,0,0x00001001,embedded,
AR0414,31,AM414E12,AM414E12,BAM,2702,2895,42,45,0,0,0x00001001,embedded,
AR0414,32,AM414E12,AM414E12,BAM,2702,2895,42,45,0,0,0x00001000,embedded,
AR0414,28,AM414EY2,AM414EY2,BAM,2964,2794,46,43,0,0,0x00001001,embedded,
AR0414,33,AM414EY2,AM414EY2,BAM,2964,2794,46,43,0,0,0x00001001,embedded,
AR0414,34,AM414EY2,AM414EY2,BAM,2964,2794,46,43,0,0,0x00001000,embedded,
AR4500,0,AMB_Door01,AM4500A,BAM,1473,1204,23,18,0,0,0x00001003,embedded,
AR4500,1,AMB_Door02,AM4500B,BAM,2562,1226,40,19,0,0,0x00001103,embedded,
AR4500,2,AMB_Door05,AM4500C,BAM,1334,1697,20,26,0,0,0x00001003,embedded,
AR4500,3,AMB_Door04,AM4500D,BAM,1687,2009,26,31,0,0,0x00001003,embedded,
AR4500,4,AMB_Door03,AM4500E,BAM,2655,1684,41,26,0,0,0x00001003,embedded,
AR5000,17,AM5000A,AM5000A,BAM,1861,1109,29,17,0,0,0x00001045,embedded,
AR5000,18,AM5000B,AM5000B,BAM,2253,1378,35,21,0,0,0x00001045,embedded,
AR5201,16,IceWall1B,AM5201A,BAM,1062,1706,16,26,0,0,0x00001003,embedded,
AR5201,17,IceWall2B,AM5201A,BAM,1724,2036,26,31,0,0,0x00001003,embedded,
AR5201,0,AM5201B,AM5201B,BAM,289,2174,4,33,0,0,0x00001083,embedded,
AR5201,1,AM5201B,AM5201B,BAM,512,2584,8,40,0,0,0x00001083,embedded,
AR5201,2,AM5201B,AM5201B,BAM,791,2315,12,36,0,0,0x00001083,embedded,
AR5201,3,AM5201B,AM5201B,BAM,936,2796,14,43,0,0,0x00001083,embedded,
AR5201,4,AM5201B,AM5201B,BAM,1204,2517,18,39,0,0,0x00001083,embedded,
AR5201,5,AM5201B,AM5201B,BAM,1568,2825,24,44,0,0,0x00001083,embedded,
AR5202,8,AM5202B,AM5202B,BAM,601,560,9,8,0,0,0x00001003,embedded,
AR5204,2,AM5204A,AM5204A,BAM,2075,1071,32,16,0,0,0x00001003,embedded,
AR5204,1,AM5204C,AM5204C,BAM,2075,1102,32,17,0,0,0x00001103,embedded,
OH4210,38,Fireplace,AM5204C,BAM,1597,194,24,3,0,0,0x00001103,embedded,
AR5201,6,AM5204D,AM5204D,BAM,1536,2619,24,40,0,0,0x00001003,embedded,
AR5201,7,AM5204D,AM5204D,BAM,764,2156,11,33,0,0,0x00001003,embedded,
AR5201,8,AM5204D,AM5204D,BAM,260,1987,4,31,0,0,0x00001003,embedded,
AR5201,9,AM5204D,AM5204D,BAM,1451,1933,22,30,0,0,0x00001003,embedded,
AR5201,10,AM5204D,AM5204D,BAM,1298,1858,20,29,0,0,0x00001003,embedded,
AR5201,11,AM5204D,AM5204D,BAM,370,1518,5,23,0,0,0x00001003,embedded,
AR5201,12,AM5204D,AM5204D,BAM,849,530,13,8,0,0,0x00001003,embedded,
AR5201,13,AM5204D,AM5204D,BAM,1862,761,29,11,0,0,0x00001003,embedded,
AR5201,14,AM5204D,AM5204D,BAM,2530,1089,39,17,0,0,0x00001003,embedded,
AR5201,15,AM5204D,AM5204D,BAM,2996,1594,46,24,0,0,0x00001003,embedded,
AR5204,0,AM5204D,AM5204D,BAM,712,888,11,13,0,0,0x00001003,embedded,
AR5204,3,AM5204D,AM5204D,BAM,1597,878,24,13,0,0,0x00001003,embedded,
AR5204,4,AM5204D,AM5204D,BAM,2494,1323,38,20,0,0,0x00001003,embedded,
AR5204,5,AM5204D,AM5204D,BAM,2263,402,35,6,0,0,0x00001003,embedded,
AR5500,0,AM5500A,AM5500A,BAM,3334,47,52,0,0,0,0x00001047,embedded,
AR5500,1,AM5500A,AM5500A,BAM,3609,219,56,3,0,0,0x00001047,embedded,
AR5500,2,AM5500A,AM5500A,BAM,3797,636,59,9,0,0,0x00001047,embedded,
AR5500,3,AM5500A,AM5500A,BAM,2932,822,45,12,0,0,0x00001047,embedded,
AR5500,4,AM5500A,AM5500A,BAM,2662,1168,41,18,0,0,0x00001047,embedded,
AR5500,5,AM5500A,AM5500A,BAM,3089,1285,48,20,0,0,0x00001047,embedded,
AR5500,6,AM5500A,AM5500A,BAM,2463,2335,38,36,0,0,0x00001047,embedded,
AR5500,7,AM5500D,AM5500D,BAM,1297,2386,20,37,0,0,0x00001003,embedded,
AR5502,4,AM5502D,AM5502D,BAM,211,165,3,2,0,0,0x00001043,embedded,
AR5502,5,AM5502F,AM5502F,BAM,525,213,8,3,0,0,0x00001043,embedded,
AR5503,3,AM5503A,AM5503A,BAM,140,285,2,4,0,0,0x00001003,embedded,
AR5503,4,AM5503C,AM5503C,BAM,374,132,5,2,0,0,0x00001103,embedded,
AR5503,5,AM5503C,AM5503C,BAM,526,238,8,3,0,0,0x00001103,embedded,
AR5503,6,AM5503D,AM5503D,BAM,209,132,3,2,0,0,0x00001103,embedded,
AR5501,0,AM5508C,AM5508C,BAM,228,446,3,6,0,0,0x00001003,embedded,
AR5501,1,AM5508C,AM5508C,BAM,329,376,5,5,0,0,0x00001003,embedded,
AR5501,2,AM5508C,AM5508C,BAM,368,585,5,9,0,0,0x00001003,embedded,
AR5501,3,AM5508C,AM5508C,BAM,488,509,7,7,0,0,0x00001003,embedded,
AR5501,4,AM5508C,AM5508C,BAM,502,209,7,3,0,0,0x00001003,embedded,
AR5501,5,AM5508C,AM5508C,BAM,755,365,11,5,0,0,0x00001003,embedded,
AR5501,6,AM5508C,AM5508C,BAM,712,231,11,3,0,0,0x00001003,embedded,
AR5502,0,AM5508C,AM5508C,BAM,375,201,5,3,0,0,0x00001003,embedded,
AR5502,1,AM5508C,AM5508C,BAM,570,271,8,4,0,0,0x00001003,embedded,
AR5502,2,AM5508C,AM5508C,BAM,232,279,3,4,0,0,0x00001043,embedded,
AR5506,0,AM5508C,AM5508C,BAM,227,174,3,2,0,0,0x00001003,embedded,
AR5506,1,AM5508C,AM5508C,BAM,448,206,7,3,0,0,0x00001003,embedded,
AR5506,2,AM5508C,AM5508C,BAM,521,293,8,4,0,0,0x00001003,embedded,
AR5507,0,AM5508C,AM5508C,BAM,226,175,3,2,0,0,0x00001003,embedded,
AR5507,1,AM5508C,AM5508C,BAM,448,206,7,3,0,0,0x00001003,embedded,
AR5507,2,AM5508C,AM5508C,BAM,521,293,8,4,0,0,0x00001003,embedded,
AR5508,0,AM5508C,AM5508C,BAM,226,175,3,2,0,0,0x00001003,embedded,
AR5508,2,AM5508C,AM5508C,BAM,522,292,8,4,0,0,0x00001003,embedded,
AR5508,3,AM5508C,AM5508C,BAM,448,206,7,3,0,0,0x00001003,embedded,
AR5501,7,AM5508D,AM5508D,BAM,167,505,2,7,0,0,0x00001103,embedded,
AR5502,3,AM5508D,AM5508D,BAM,181,304,2,4,0,0,0x00001103,embedded,
AR5506,3,AM5508D,AM5508D,BAM,179,295,2,4,0,0,0x00001103,embedded,
AR5507,3,AM5508D,AM5508D,BAM,179,295,2,4,0,0,0x00001103,embedded,
AR5508,1,AM5508D,AM5508D,BAM,178,295,2,4,0,0,0x00001103,embedded,
AR6001,0,AM6004A,AM6004A,BAM,931,674,14,10,0,0,0x000010C3,embedded,
AR6001,1,AM6004A,AM6004A,BAM,975,694,15,10,0,0,0x000010C3,embedded,
AR6001,2,AM6004A,AM6004A,BAM,947,720,14,11,0,0,0x000010C3,embedded,
AR6001,3,AM6004A,AM6004A,BAM,547,576,8,9,0,0,0x000018C3,embedded,
AR6001,4,AM6004A,AM6004A,BAM,585,588,9,9,0,0,0x000018C3,embedded,
AR6001,5,AM6004A,AM6004A,BAM,576,813,9,12,0,0,0x00001083,embedded,
AR6001,6,AM6004A,AM6004A,BAM,621,793,9,12,0,0,0x00001083,embedded,
AR6001,7,AM6004A,AM6004A,BAM,243,555,3,8,0,0,0x00001883,embedded,
AR6001,8,AM6004A,AM6004A,BAM,302,555,4,8,0,0,0x00001883,embedded,
AR6005,0,AM6004A,AM6004A,BAM,485,533,7,8,0,0,0x00001083,embedded,
AR6005,1,AM6004A,AM6004A,BAM,517,553,8,8,0,0,0x00001083,embedded,
AR6005,2,AM6004A,AM6004A,BAM,610,420,9,6,0,0,0x00001083,embedded,
AR6005,3,AM6004A,AM6004A,BAM,646,400,10,6,0,0,0x00001083,embedded,
AR6005,4,AM6004A,AM6004A,BAM,956,327,14,5,0,0,0x00001083,embedded,
AR6005,5,AM6004A,AM6004A,BAM,1000,310,15,4,0,0,0x00001083,embedded,
AR6005,6,AM6004A,AM6004A,BAM,1320,279,20,4,0,0,0x00001083,embedded,
AR6005,7,AM6004A,AM6004A,BAM,1357,288,21,4,0,0,0x00001083,embedded,
AR6005,8,AM6004A,AM6004A,BAM,1783,446,27,6,0,0,0x00001083,embedded,
AR6005,9,AM6004A,AM6004A,BAM,1835,429,28,6,0,0,0x00001083,embedded,
AR6005,10,AM6004A,AM6004A,BAM,2147,970,33,15,0,0,0x00001083,embedded,
AR6005,11,AM6004A,AM6004A,BAM,2107,955,32,14,0,0,0x00001083,embedded,
AR6005,12,AM6004A,AM6004A,BAM,1979,1248,30,19,0,0,0x00001083,embedded,
AR6005,13,AM6004A,AM6004A,BAM,1746,1523,27,23,0,0,0x00001083,embedded,
AR6005,14,AM6004A,AM6004A,BAM,1788,1492,27,23,0,0,0x00001083,embedded,
AR6005,15,AM6004A,AM6004A,BAM,1206,1624,18,25,0,0,0x00001083,embedded,
AR6005,16,AM6004A,AM6004A,BAM,1012,1489,15,23,0,0,0x00001083,embedded,
AR6005,17,AM6004A,AM6004A,BAM,1041,1519,16,23,0,0,0x00001083,embedded,
AR6005,18,AM6004A,AM6004A,BAM,504,1229,7,19,0,0,0x00001083,embedded,
AR6005,19,AM6004A,AM6004A,BAM,556,1222,8,19,0,0,0x00001083,embedded,
AR6005,20,AM6004A,AM6004A,BAM,349,844,5,13,0,0,0x00001083,embedded,
AR6003,0,AM6004B,AM6004B,BAM,674,1113,10,17,0,0,0x00001083,embedded,
AR6003,1,AM6004B,AM6004B,BAM,1682,1313,26,20,0,0,0x00001083,embedded,
AR6003,2,AM6004B,AM6004B,BAM,1062,664,16,10,0,0,0x00001883,embedded,
AR6003,3,AM6004B,AM6004B,BAM,999,403,15,6,0,0,0x00001883,embedded,
AR6003,4,AM6004B,AM6004B,BAM,1415,243,22,3,0,0,0x00001083,embedded,
AR6003,5,AM6004B,AM6004B,BAM,1527,538,23,8,0,0,0x00001083,embedded,
AR6003,6,AM6004B,AM6004B,BAM,461,729,7,11,0,0,0x00001883,embedded,
AR6003,7,AM6004B,AM6004B,BAM,359,298,5,4,0,0,0x00001883,embedded,
AR6004,0,AM6004B,AM6004B,BAM,490,468,7,7,0,0,0x00001083,embedded,
AR6004,1,AM6004B,AM6004B,BAM,1022,638,15,9,0,0,0x00001883,embedded,
AR6004,2,AM6004B,AM6004B,BAM,1607,438,25,6,0,0,0x00001083,embedded,
AR6004,3,AM6004B,AM6004B,BAM,1642,474,25,7,0,0,0x00001083,embedded,
AR6004,4,AM6004B,AM6004B,BAM,1688,453,26,7,0,0,0x00001083,embedded,
AR6004,5,AM6004B,AM6004B,BAM,1075,622,16,9,0,0,0x00001883,embedded,
AR6004,6,AM6004B,AM6004B,BAM,1478,1379,23,21,0,0,0x00001883,embedded,
AR6004,7,AM6004B,AM6004B,BAM,1691,1704,26,26,0,0,0x00001083,embedded,
AR6004,8,AM6004B,AM6004B,BAM,1745,1675,27,26,0,0,0x00001083,embedded,
AR6004,9,AM6004B,AM6004B,BAM,1123,1810,17,28,0,0,0x00001883,embedded,
AR6004,10,AM6004B,AM6004B,BAM,720,1532,11,23,0,0,0x00001083,embedded,
AR6005,21,AM6005A,AM6005A,BAM,764,420,11,6,0,0,0x00001101,embedded,
AR6200,0,AM6200A,AM6200A,BAM,1281,706,20,11,0,0,0x00001243,embedded,
AR6200,8,AM6200B,AM6200B,BAM,1281,707,20,11,0,0,0x00001242,embedded,
AR6200,1,AMB_Stream1,AM6200E,BAM,845,1250,13,19,0,0,0x00001103,embedded,
AR6200,2,AMB_Stream3,AM6200F,BAM,1728,605,27,9,0,0,0x00001103,embedded,
AR6200,6,AMB_Stream2,AM6200G,BAM,1743,1251,27,19,0,0,0x00001103,embedded,
AR6200,4,AMB_Pool1,AM6200H,BAM,617,1493,9,23,0,0,0x00001101,embedded,
AR6200,5,AMB_Pool2,AM6200I,BAM,1972,1474,30,23,0,0,0x00001101,embedded,
AR6200,3,AMB_Pool3,AM6200J,BAM,1946,512,30,8,0,0,0x00001101,embedded,
AR0904,4,AM904TL1,AM904TL1,BAM,836,651,13,10,0,0,0x00001001,embedded,
AR0904,5,AM904TL2,AM904TL2,BAM,984,613,15,9,0,0,0x00001001,embedded,
AR0904,6,AM904TL3,AM904TL3,BAM,917,527,14,8,0,0,0x00001001,embedded,
AR0904,7,AM904TL4,AM904TL4,BAM,820,464,12,7,0,0,0x00001001,embedded,
OH7300,89,Tank_Bubbles,AMOH7300,BAM,1972,1449,30,22,0,0,0x00001043,embedded,
OH7300,90,Tank_Bubbles,AMOH7300,BAM,1596,1446,24,22,0,0,0x00001043,embedded,
OH7300,91,Tank_Bubbles,AMOH7300,BAM,1504,2188,23,34,0,0,0x00000043,embedded,
OH7300,92,Tank_Bubbles,AMOH7300,BAM,1748,2509,27,39,0,0,0x00001043,embedded,
OH7300,93,Tank_Bubbles,AMOH7300,BAM,1251,2483,19,38,0,0,0x00001043,embedded,
OH7300,94,Tank_Bubbles,AMOH7300,BAM,3067,2213,47,34,0,0,0x00001043,embedded,
OH7300,95,Tank_Bubbles,AMOH7300,BAM,3491,2387,54,37,0,0,0x00001043,embedded,
OH7300,96,Tank_Bubbles,AMOH7300,BAM,3634,2177,56,34,0,0,0x00001043,embedded,
OH7300,97,Tank_Bubbles,AMOH7300,BAM,3903,2165,60,33,0,0,0x00001043,embedded,
AR3017,12,AMB_Pipe1A,AMSTEAM1,BAM,3210,1833,50,28,1,0,0x00001053,embedded,
AR3017,13,AMB_Pipe2A,AMSTEAM1,BAM,3192,1836,49,28,0,0,0x00001052,embedded,
AR3017,14,AMB_Pipe3A,AMSTEAM1,BAM,3176,1841,49,28,0,0,0x00001052,embedded,
AR3017,15,AMB_Pipe4A,AMSTEAM1,BAM,3159,1846,49,28,0,0,0x00001052,embedded,
AR3017,16,AMB_Pipe5A,AMSTEAM1,BAM,3149,1791,49,27,0,0,0x00001052,embedded,
AR3017,17,AMB_Pipe6A,AMSTEAM1,BAM,3168,1770,49,27,0,0,0x00001052,embedded,
AR3017,18,AMB_Pipe7A,AMSTEAM1,BAM,3185,1747,49,27,0,0,0x00001052,embedded,
AR3017,19,AMB_Pipe1B,AMSTEAM2,BAM,3210,1833,50,28,0,0,0x00001052,embedded,
AR3017,20,AMB_Pipe2B,AMSTEAM2,BAM,3192,1836,49,28,0,0,0x00001052,embedded,
AR3017,21,AMB_Pipe3B,AMSTEAM2,BAM,3176,1841,49,28,0,0,0x00001052,embedded,
AR3017,22,AMB_Pipe4B,AMSTEAM2,BAM,3159,1846,49,28,4,0,0x00001053,embedded,
AR3017,23,AMB_Pipe5B,AMSTEAM2,BAM,3149,1791,49,27,3,0,0x00001053,embedded,
AR3017,24,AMB_Pipe6B,AMSTEAM2,BAM,3168,1770,49,27,2,0,0x00001053,embedded,
AR3017,25,AMB_Pipe7B,AMSTEAM2,BAM,3185,1747,49,27,1,0,0x00001053,embedded,
AR3003,0,AMWRPGT1,AMWRPGT1,BAM,337,304,5,4,0,0,0x00001001,embedded,
AR3003,1,AMWRPGT1,AMWRPGT1,BAM,1402,1092,21,17,0,0,0x00001001,embedded,
AR3003,2,AMWRPGT1,AMWRPGT1,BAM,206,1095,3,17,0,0,0x00001801,embedded,
AR3003,3,AMWRPGT1,AMWRPGT1,BAM,1283,307,20,4,0,0,0x00001801,embedded,
AR3004,0,AMWRPGT1,AMWRPGT1,BAM,338,304,5,4,0,0,0x00001041,embedded,
AR3004,1,AMWRPGT1,AMWRPGT1,BAM,1401,1092,21,17,0,0,0x00001041,embedded,
AR3004,2,AMWRPGT1,AMWRPGT1,BAM,207,1096,3,17,0,0,0x00001841,embedded,
AR3004,3,AMWRPGT1,AMWRPGT1,BAM,1283,307,20,4,0,0,0x00001841,embedded,
AR3005,0,AMWRPGT1,AMWRPGT1,BAM,337,304,5,4,0,0,0x00001041,embedded,
AR3005,1,AMWRPGT1,AMWRPGT1,BAM,1401,1092,21,17,0,0,0x00001041,embedded,
AR3005,2,AMWRPGT1,AMWRPGT1,BAM,205,1096,3,17,0,0,0x00001841,embedded,
AR3005,3,AMWRPGT1,AMWRPGT1,BAM,1282,307,20,4,0,0,0x00001841,embedded,
AR3006,0,AMWRPGT1,AMWRPGT1,BAM,337,304,5,4,0,0,0x00001041,embedded,
AR3006,1,AMWRPGT1,AMWRPGT1,BAM,1400,1092,21,17,0,0,0x00001041,embedded,
AR3006,2,AMWRPGT1,AMWRPGT1,BAM,205,1095,3,17,0,0,0x00001841,embedded,
AR3006,3,AMWRPGT1,AMWRPGT1,BAM,1282,306,20,4,0,0,0x00001841,embedded,
AR3007,0,AMWRPGT1,AMWRPGT1,BAM,215,139,3,2,0,0,0x00001001,embedded,
AR3007,1,AMWRPGT1,AMWRPGT1,BAM,1129,791,17,12,0,0,0x00001001,embedded,
AR3007,2,AMWRPGT1,AMWRPGT1,BAM,95,791,1,12,0,0,0x00001801,embedded,
AR3007,3,AMWRPGT1,AMWRPGT1,BAM,1011,143,15,2,0,0,0x00001801,embedded,
AR3008,0,AMWRPGT1,AMWRPGT1,BAM,215,140,3,2,0,0,0x00001001,embedded,
AR3008,1,AMWRPGT1,AMWRPGT1,BAM,1129,790,17,12,0,0,0x00001001,embedded,
AR3008,2,AMWRPGT1,AMWRPGT1,BAM,95,791,1,12,0,0,0x00001801,embedded,
AR3008,3,AMWRPGT1,AMWRPGT1,BAM,1011,142,15,2,0,0,0x00001801,embedded,
AR3009,0,AMWRPGT1,AMWRPGT1,BAM,214,140,3,2,0,0,0x00001001,embedded,
AR3009,1,AMWRPGT1,AMWRPGT1,BAM,1129,790,17,12,0,0,0x00001001,embedded,
AR3009,2,AMWRPGT1,AMWRPGT1,BAM,95,791,1,12,0,0,0x00001801,embedded,
AR3009,3,AMWRPGT1,AMWRPGT1,BAM,1011,142,15,2,0,0,0x00001801,embedded,
AR3010,0,AMWRPGT1,AMWRPGT1,BAM,214,140,3,2,0,0,0x00001001,embedded,
AR3010,1,AMWRPGT1,AMWRPGT1,BAM,1129,791,17,12,0,0,0x00001001,embedded,
AR3010,2,AMWRPGT1,AMWRPGT1,BAM,95,791,1,12,0,0,0x00001801,embedded,
AR3010,3,AMWRPGT1,AMWRPGT1,BAM,1011,142,15,2,0,0,0x00001801,embedded,
AR3011,0,AMWRPGT1,AMWRPGT1,BAM,424,352,6,5,0,0,0x00001001,embedded,
AR3011,1,AMWRPGT1,AMWRPGT1,BAM,934,713,14,11,0,0,0x00001001,embedded,
AR3012,0,AMWRPGT1,AMWRPGT1,BAM,425,351,6,5,0,0,0x00001001,embedded,
AR3012,1,AMWRPGT1,AMWRPGT1,BAM,934,713,14,11,0,0,0x00001001,embedded,
AR3013,0,AMWRPGT1,AMWRPGT1,BAM,424,351,6,5,0,0,0x00001001,embedded,
AR3013,1,AMWRPGT1,AMWRPGT1,BAM,934,713,14,11,0,0,0x00001001,embedded,
AR3014,0,AMWRPGT1,AMWRPGT1,BAM,425,352,6,5,0,0,0x00001001,embedded,
AR3014,1,AMWRPGT1,AMWRPGT1,BAM,934,713,14,11,0,0,0x00001001,embedded,
AR3015,0,AMB_Portal1,AMWRPGT1,BAM,490,673,7,10,0,0,0x00001041,embedded,
AR3015,1,AMB_Portal2,AMWRPGT1,BAM,1901,626,29,9,0,0,0x00001801,embedded,
AR3016,0,AMWRPGT1,AMWRPGT1,BAM,1775,1445,27,22,0,0,0x00001041,embedded,
AR3016,1,AMWRPGT1,AMWRPGT1,BAM,2351,1451,36,22,0,0,0x00001841,embedded,
AR3017,10,AMWRPGT1,AMWRPGT1,BAM,2479,1654,38,25,0,0,0x00001001,embedded,
AR3017,11,ExitPortal,AMWRPGT1,BAM,2863,1404,44,21,0,0,0x00001000,embedded,
AR3019,0,AMWRPGT1,AMWRPGT1,BAM,1899,1490,29,23,0,0,0x00001041,embedded,
AR3019,1,AMWRPGT1,AMWRPGT1,BAM,2686,2069,41,32,0,0,0x00001001,embedded,
AR3020,0,AMB_Portal1,AMWRPGT1,BAM,296,493,4,7,0,0,0x00001001,embedded,
AR3020,1,AMB_Portal2,AMWRPGT1,BAM,538,325,8,5,0,0,0x00001041,embedded,
OH8100,92,lounge_barrier1,BDFORCEW,BAM,2286,820,35,12,2,0,0x00001002,embedded,
OH8100,93,lounge_barrier2,BDFORCEW,BAM,2350,866,36,13,2,0,0x00001002,embedded,
AR2903,0,BUBBLEA,BUBBLEA,BAM,270,453,4,7,0,0,0x00001103,embedded,
AR2903,1,BUBBLEA,BUBBLEA,BAM,610,487,9,7,0,0,0x00001103,embedded,
AR2903,2,BUBBLEA,BUBBLEA,BAM,514,845,8,13,0,0,0x00001103,embedded,
AR0411,0,BUBBLES2,BUBBLES2,BAM,281,1322,4,20,0,0,0x00001003,embedded,
AR0411,1,BUBBLES2,BUBBLES2,BAM,201,1299,3,20,0,0,0x00001003,embedded,
AR0411,2,BUBBLES2,BUBBLES2,BAM,358,1262,5,19,0,0,0x00001003,embedded,
AR0411,3,BUBBLES2,BUBBLES2,BAM,319,1211,4,18,0,0,0x00001003,embedded,
AR0411,4,BUBBLES2,BUBBLES2,BAM,249,1176,3,18,0,0,0x00001003,embedded,
AR0411,5,BUBBLES2,BUBBLES2,BAM,223,1172,3,18,0,0,0x00001003,embedded,
AR0602,0,BUBBLES2,BUBBLES2,BAM,185,2683,2,41,0,0,0x00001183,embedded,
AR0602,1,BUBBLES2,BUBBLES2,BAM,374,2550,5,39,0,0,0x00001183,embedded,
AR0602,2,BUBBLES2,BUBBLES2,BAM,619,2650,9,41,0,0,0x00001183,embedded,
AR0602,3,BUBBLES2,BUBBLES2,BAM,312,2863,4,44,0,0,0x00001183,embedded,
AR0602,4,BUBBLES2,BUBBLES2,BAM,447,2955,6,46,0,0,0x00001183,embedded,
AR0602,5,BUBBLES2,BUBBLES2,BAM,578,3050,9,47,0,0,0x00001183,embedded,
AR0602,6,BUBBLES2,BUBBLES2,BAM,754,2745,11,42,0,0,0x00001183,embedded,
AR0602,7,BUBBLES2,BUBBLES2,BAM,876,2832,13,44,0,0,0x00001183,embedded,
AR0602,8,BUBBLES2,BUBBLES2,BAM,826,3229,12,50,0,0,0x00001183,embedded,
AR0602,9,BUBBLES2,BUBBLES2,BAM,961,3319,15,51,0,0,0x00001183,embedded,
AR0602,10,BUBBLES2,BUBBLES2,BAM,1211,3134,18,48,0,0,0x00001183,embedded,
AR0602,11,BUBBLES2,BUBBLES2,BAM,1171,1516,18,23,0,0,0x00001183,embedded,
AR0603,0,BUBBLES2,BUBBLES2,BAM,237,2150,3,33,0,0,0x00001083,embedded,
AR0603,1,BUBBLES2,BUBBLES2,BAM,327,2089,5,32,0,0,0x00001083,embedded,
AR0603,2,BUBBLES2,BUBBLES2,BAM,443,2044,6,31,0,0,0x00001083,embedded,
AR0603,3,BUBBLES2,BUBBLES2,BAM,589,2100,9,32,0,0,0x00001083,embedded,
AR0603,4,BUBBLES2,BUBBLES2,BAM,691,2174,10,33,0,0,0x00001083,embedded,
AR0603,5,BUBBLES2,BUBBLES2,BAM,691,2338,10,36,0,0,0x00001083,embedded,
AR0603,6,BUBBLES2,BUBBLES2,BAM,600,2410,9,37,0,0,0x00001083,embedded,
AR0603,7,BUBBLES2,BUBBLES2,BAM,487,2437,7,38,0,0,0x00001083,embedded,
AR0603,8,BUBBLES2,BUBBLES2,BAM,373,2402,5,37,0,0,0x00001083,embedded,
AR0603,9,BUBBLES2,BUBBLES2,BAM,266,2330,4,36,0,0,0x00001083,embedded,
AR0309,0,BUTRFLY,BUTRFLY,BAM,940,335,14,5,0,0,0x00001005,embedded,
AR0309,1,BUTRFLY,BUTRFLY,BAM,980,381,15,5,0,0,0x00001005,embedded,
AR0800,0,BUTRFLY,BUTRFLY,BAM,1502,535,23,8,0,0,0x00001005,embedded,
AR0800,1,BUTRFLY,BUTRFLY,BAM,1379,574,21,8,0,0,0x00001005,embedded,
AR0800,2,BUTRFLY,BUTRFLY,BAM,269,899,4,14,0,0,0x00001005,embedded,
AR0800,3,BUTRFLY,BUTRFLY,BAM,2016,1739,31,27,0,0,0x00001005,embedded,
AR0800,4,BUTRFLY,BUTRFLY,BAM,1563,1849,24,28,0,0,0x00001005,embedded,
AR1100,0,BUTRFLY,BUTRFLY,BAM,4139,351,64,5,0,0,0x00001005,embedded,
AR1100,1,BUTRFLY,BUTRFLY,BAM,4638,308,72,4,0,0,0x00001005,embedded,
AR1100,4,BUTRFLY,BUTRFLY,BAM,4130,1172,64,18,0,0,0x00001005,embedded,
AR1100,7,BUTRFLY,BUTRFLY,BAM,805,1007,12,15,0,0,0x00001005,embedded,
AR1100,9,BUTRFLY,BUTRFLY,BAM,2681,1995,41,31,0,0,0x00001005,embedded,
AR1100,11,BUTRFLY,BUTRFLY,BAM,3998,1506,62,23,0,0,0x00001005,embedded,
AR1100,12,BUTRFLY,BUTRFLY,BAM,4578,2558,71,39,0,0,0x00001005,embedded,
AR1100,13,BUTRFLY,BUTRFLY,BAM,2760,2203,43,34,0,0,0x00001005,embedded,
AR1100,14,BUTRFLY,BUTRFLY,BAM,1358,2551,21,39,0,0,0x00001005,embedded,
AR1100,15,BUTRFLY,BUTRFLY,BAM,807,2285,12,35,0,0,0x00001005,embedded,
AR1100,16,BUTRFLY,BUTRFLY,BAM,841,2974,13,46,0,0,0x00001005,embedded,
AR1100,19,BUTRFLY,BUTRFLY,BAM,4080,3175,63,49,0,0,0x00001005,embedded,
AR1200,0,BUTRFLY,BUTRFLY,BAM,293,524,4,8,0,0,0x00001005,embedded,
AR1200,1,BUTRFLY,BUTRFLY,BAM,1389,391,21,6,0,0,0x00001005,embedded,
AR1200,4,BUTRFLY,BUTRFLY,BAM,2257,1384,35,21,0,0,0x00001005,embedded,
AR1200,5,BUTRFLY,BUTRFLY,BAM,4445,1788,69,27,0,0,0x00001005,embedded,
AR1200,6,BUTRFLY,BUTRFLY,BAM,106,2131,1,33,0,0,0x00001005,embedded,
AR1200,7,BUTRFLY,BUTRFLY,BAM,2230,2646,34,41,0,0,0x00001005,embedded,
AR1700,0,BUTRFLY,BUTRFLY,BAM,3156,276,49,4,0,0,0x00001005,embedded,
AR1700,2,BUTRFLY,BUTRFLY,BAM,3261,1444,50,22,0,0,0x00001005,embedded,
AR1700,8,BUTRFLY,BUTRFLY,BAM,1938,2379,30,37,0,0,0x00001005,embedded,
AR1700,10,BUTRFLY,BUTRFLY,BAM,1283,2790,20,43,0,0,0x00001005,embedded,
AR1700,13,BUTRFLY,BUTRFLY,BAM,284,2769,4,43,0,0,0x00001005,embedded,
AR1800,0,BUTRFLY,BUTRFLY,BAM,1518,325,23,5,0,0,0x00001005,embedded,
AR1800,3,BUTRFLY,BUTRFLY,BAM,381,260,5,4,0,0,0x00001005,embedded,
AR1800,4,BUTRFLY,BUTRFLY,BAM,185,824,2,12,0,0,0x00001005,embedded,
AR1800,6,BUTRFLY,BUTRFLY,BAM,974,1544,15,24,0,0,0x00001005,embedded,
AR1800,8,BUTRFLY,BUTRFLY,BAM,1387,1103,21,17,0,0,0x00001005,embedded,
AR1800,11,BUTRFLY,BUTRFLY,BAM,2263,856,35,13,0,0,0x00001005,embedded,
AR2000,0,BUTRFLY,BUTRFLY,BAM,2932,296,45,4,0,0,0x00001005,embedded,
AR2000,1,BUTRFLY,BUTRFLY,BAM,2857,739,44,11,0,0,0x00001005,embedded,
AR2000,2,BUTRFLY,BUTRFLY,BAM,3756,103,58,1,0,0,0x00001005,embedded,
AR2000,3,BUTRFLY,BUTRFLY,BAM,3994,1139,62,17,0,0,0x00001005,embedded,
AR2000,4,BUTRFLY,BUTRFLY,BAM,3784,3319,59,51,0,0,0x00001005,embedded,
AR2000,5,BUTRFLY,BUTRFLY,BAM,3108,3035,48,47,0,0,0x00001005,embedded,
AR2000,6,BUTRFLY,BUTRFLY,BAM,631,3421,9,53,0,0,0x00001005,embedded,
AR2000,7,BUTRFLY,BUTRFLY,BAM,140,2783,2,43,0,0,0x00001005,embedded,
AR3000,12,BUTRFLY,BUTRFLY,BAM,2097,2435,32,38,0,0,0x00001041,embedded,
AR3000,13,BUTRFLY,BUTRFLY,BAM,1967,2089,30,32,0,0,0x00001041,embedded,
AR3000,14,BUTRFLY,BUTRFLY,BAM,1350,2363,21,36,0,0,0x00001041,embedded,
AR5500,58,BUTRFLY,BUTRFLY,BAM,3457,1614,54,25,0,0,0x00001001,embedded,
AR5500,59,BUTRFLY,BUTRFLY,BAM,3615,1524,56,23,0,0,0x00001001,embedded,
AR5500,60,BUTRFLY,BUTRFLY,BAM,3305,2051,51,32,0,0,0x00001841,embedded,
AR5500,61,BUTRFLY,BUTRFLY,BAM,2272,2353,35,36,0,0,0x00001041,embedded,
AR5500,62,BUTRFLY,BUTRFLY,BAM,697,2059,10,32,0,0,0x00001841,embedded,
AR5500,63,BUTRFLY,BUTRFLY,BAM,197,2645,3,41,0,0,0x00001041,embedded,
AR6400,0,BUTRFLY,BUTRFLY,BAM,1740,376,27,5,0,0,0x00001001,embedded,
AR6400,1,BUTRFLY,BUTRFLY,BAM,2292,902,35,14,0,0,0x00001801,embedded,
AR6400,2,BUTRFLY,BUTRFLY,BAM,2345,1755,36,27,0,0,0x00001001,embedded,
AR6400,3,BUTRFLY,BUTRFLY,BAM,34,1586,0,24,0,0,0x00001001,embedded,
AR6400,4,BUTRFLY,BUTRFLY,BAM,157,593,2,9,0,0,0x00001801,embedded,
OH4000,6,Butterfly,BUTRFLY,BAM,649,705,10,11,0,0,0x00001005,embedded,
OH4000,7,Butterfly,BUTRFLY,BAM,1076,1725,16,26,0,0,0x00001005,embedded,
OH4000,8,Butterfly,BUTRFLY,BAM,2091,983,32,15,0,0,0x00001005,embedded,
OH4000,9,Butterfly,BUTRFLY,BAM,2606,1992,40,31,0,0,0x00001005,embedded,
OH4000,10,Butterfly,BUTRFLY,BAM,2192,3169,34,49,0,0,0x00001005,embedded,
OH4000,11,Butterfly,BUTRFLY,BAM,3305,1373,51,21,0,0,0x00001005,embedded,
OH4000,12,Butterfly,BUTRFLY,BAM,4761,3014,74,47,0,0,0x00001005,embedded,
OH4000,13,Butterfly,BUTRFLY,BAM,4715,1566,73,24,0,0,0x00001005,embedded,
OH6000,6,BUTRFLY,BUTRFLY,BAM,1966,3274,30,51,0,0,0x00001005,embedded,
OH6000,7,BUTRFLY,BUTRFLY,BAM,3816,3592,59,56,0,0,0x00001005,embedded,
OH6000,8,BUTRFLY,BUTRFLY,BAM,2944,1373,46,21,0,0,0x00001005,embedded,
OH6000,9,BUTRFLY,BUTRFLY,BAM,3433,1909,53,29,0,0,0x00001005,embedded,
OH6100,9,AM_Butterflies_1,BUTRFLY,BAM,1302,1487,20,23,0,0,0x00001005,embedded,
OH6100,10,AM_Butterflies_2,BUTRFLY,BAM,2201,498,34,7,0,0,0x00001005,embedded,
OH6400,5,BUTRFLY,BUTRFLY,BAM,870,238,13,3,0,0,0x00001005,embedded,
OH6400,6,BUTRFLY,BUTRFLY,BAM,1225,814,19,12,0,0,0x00001005,embedded,
AR0300,0,CHIMSMK,CHIMSMK,BAM,2258,583,35,9,0,0,0x00001003,embedded,
AR0300,1,CHIMSMK,CHIMSMK,BAM,2680,651,41,10,0,0,0x00001003,embedded,
AR0300,2,CHIMSMK,CHIMSMK,BAM,2940,641,45,10,0,0,0x00001003,embedded,
AR0300,3,CHIMSMK,CHIMSMK,BAM,3164,606,49,9,0,0,0x00001003,embedded,
AR0300,4,CHIMSMK,CHIMSMK,BAM,2673,1767,41,27,0,0,0x00001003,embedded,
AR0300,5,CHIMSMK,CHIMSMK,BAM,2993,1769,46,27,0,0,0x00001003,embedded,
AR0300,6,CHIMSMK,CHIMSMK,BAM,3846,2089,60,32,0,0,0x00001003,embedded,
AR0400,0,CHIMSMK,CHIMSMK,BAM,745,240,11,3,0,0,0x00001043,embedded,
AR0400,1,CHIMSMK,CHIMSMK,BAM,2347,309,36,4,0,0,0x00001043,embedded,
AR0400,2,CHIMSMK,CHIMSMK,BAM,2588,268,40,4,0,0,0x00001043,embedded,
AR0400,3,CHIMSMK,CHIMSMK,BAM,2601,274,40,4,0,0,0x00001043,embedded,
AR0400,4,CHIMSMK,CHIMSMK,BAM,1893,1026,29,16,0,0,0x00001043,embedded,
AR0400,5,CHIMSMK,CHIMSMK,BAM,1711,1145,26,17,0,0,0x00001043,embedded,
AR0400,6,CHIMSMK,CHIMSMK,BAM,1703,1151,26,17,0,0,0x00001043,embedded,
AR0400,7,CHIMSMK,CHIMSMK,BAM,1627,1476,25,23,0,0,0x00001043,embedded,
AR0400,8,CHIMSMK,CHIMSMK,BAM,1353,1673,21,26,0,0,0x00001043,embedded,
AR0400,9,CHIMSMK,CHIMSMK,BAM,904,1832,14,28,0,0,0x00001043,embedded,
AR0400,10,CHIMSMK,CHIMSMK,BAM,1251,848,19,13,0,0,0x00001043,embedded,
AR0400,11,CHIMSMK,CHIMSMK,BAM,1525,828,23,12,0,0,0x00001043,embedded,
AR0400,12,CHIMSMK,CHIMSMK,BAM,2363,1482,36,23,0,0,0x00001043,embedded,
AR0400,13,CHIMSMK,CHIMSMK,BAM,3668,1951,57,30,0,0,0x00001043,embedded,
AR0400,14,CHIMSMK,CHIMSMK,BAM,1552,2025,24,31,0,0,0x00001043,embedded,
AR0400,15,CHIMSMK,CHIMSMK,BAM,1011,2150,15,33,0,0,0x00001043,embedded,
AR0400,16,CHIMSMK,CHIMSMK,BAM,1253,2348,19,36,0,0,0x00001043,embedded,
AR0400,17,CHIMSMK,CHIMSMK,BAM,1131,2490,17,38,0,0,0x00001043,embedded,
AR0400,18,CHIMSMK,CHIMSMK,BAM,2503,2530,39,39,0,0,0x00001043,embedded,
AR0400,19,CHIMSMK,CHIMSMK,BAM,2294,2648,35,41,0,0,0x00001043,embedded,
AR0400,20,CHIMSMK,CHIMSMK,BAM,2667,2584,41,40,0,0,0x00001043,embedded,
AR0400,21,CHIMSMK,CHIMSMK,BAM,2678,2591,41,40,0,0,0x00001043,embedded,
AR0400,22,CHIMSMK,CHIMSMK,BAM,2060,2959,32,46,0,0,0x00001043,embedded,
AR0400,23,CHIMSMK,CHIMSMK,BAM,753,3027,11,47,0,0,0x00001043,embedded,
AR0400,24,CHIMSMK,CHIMSMK,BAM,3061,2408,47,37,0,0,0x00001043,embedded,
AR0400,25,CHIMSMK,CHIMSMK,BAM,3294,2594,51,40,0,0,0x00001043,embedded,
AR0500,20,CHIMSMK,CHIMSMK,BAM,3018,256,47,4,0,0,0x00001043,embedded,
AR0500,21,CHIMSMK,CHIMSMK,BAM,3404,334,53,5,0,0,0x00001043,embedded,
AR0500,22,CHIMSMK,CHIMSMK,BAM,3800,694,59,10,0,0,0x00001043,embedded,
AR0500,23,CHIMSMK,CHIMSMK,BAM,4087,487,63,7,0,0,0x00001043,embedded,
AR0500,24,CHIMSMK,CHIMSMK,BAM,3719,1104,58,17,0,0,0x00001043,embedded,
AR0500,25,CHIMSMK,CHIMSMK,BAM,4137,1337,64,20,0,0,0x00001043,embedded,
AR0500,26,CHIMSMK,CHIMSMK,BAM,3344,1579,52,24,0,0,0x00001043,embedded,
AR0500,27,CHIMSMK,CHIMSMK,BAM,3043,1826,47,28,0,0,0x00001043,embedded,
AR0500,28,CHIMSMK,CHIMSMK,BAM,3160,1607,49,25,0,0,0x00001043,embedded,
AR0500,29,CHIMSMK,CHIMSMK,BAM,1480,1646,23,25,0,0,0x00001043,embedded,
AR0500,30,CHIMSMK,CHIMSMK,BAM,390,2382,6,37,0,0,0x00001043,embedded,
AR0500,31,CHIMSMK,CHIMSMK,BAM,599,2235,9,34,0,0,0x00001043,embedded,
AR0500,32,CHIMSMK,CHIMSMK,BAM,2304,2441,36,38,0,0,0x00001043,embedded,
AR0500,33,CHIMSMK,CHIMSMK,BAM,2314,2449,36,38,0,0,0x00001043,embedded,
AR0500,34,CHIMSMK,CHIMSMK,BAM,3034,2274,47,35,0,0,0x00001043,embedded,
AR0500,35,CHIMSMK,CHIMSMK,BAM,2709,2249,42,35,0,0,0x00001043,embedded,
AR0500,36,CHIMSMK,CHIMSMK,BAM,1695,3063,26,47,0,0,0x00001043,embedded,
AR0500,37,CHIMSMK,CHIMSMK,BAM,1707,3071,26,47,0,0,0x00001043,embedded,
AR0500,38,CHIMSMK,CHIMSMK,BAM,1522,3323,23,51,0,0,0x00001043,embedded,
AR1100,34,CHIMSMK,CHIMSMK,BAM,4574,2169,71,33,0,0,0x00001043,embedded,
AR1100,35,CHIMSMK,CHIMSMK,BAM,4591,2177,71,34,0,0,0x00001043,embedded,
AR2000,19,CHIMSMK,CHIMSMK,BAM,3163,1103,49,17,0,0,0x00001003,embedded,
AR2000,20,CHIMSMK,CHIMSMK,BAM,3354,1220,52,19,0,0,0x00001003,embedded,
AR2000,21,CHIMSMK,CHIMSMK,BAM,2434,1785,38,27,0,0,0x00001003,embedded,
AR2000,22,CHIMSMK,CHIMSMK,BAM,2334,1693,36,26,0,0,0x00001003,embedded,
AR2000,23,CHIMSMK,CHIMSMK,BAM,2303,585,35,9,0,0,0x00001003,embedded,
AR2000,24,CHIMSMK,CHIMSMK,BAM,2470,470,38,7,0,0,0x00001003,embedded,
AR2000,25,CHIMSMK,CHIMSMK,BAM,1367,255,21,3,0,0,0x00001003,embedded,
AR2000,26,CHIMSMK,CHIMSMK,BAM,946,445,14,6,0,0,0x00001003,embedded,
AR2000,27,CHIMSMK,CHIMSMK,BAM,823,519,12,8,0,0,0x00001003,embedded,
AR2000,28,CHIMSMK,CHIMSMK,BAM,688,977,10,15,0,0,0x00001003,embedded,
AR2000,29,CHIMSMK,CHIMSMK,BAM,862,843,13,13,0,0,0x00001003,embedded,
AR2000,30,CHIMSMK,CHIMSMK,BAM,498,1549,7,24,0,0,0x00001003,embedded,
AR2000,31,CHIMSMK,CHIMSMK,BAM,691,1428,10,22,0,0,0x00001003,embedded,
AR2000,32,CHIMSMK,CHIMSMK,BAM,1458,1795,22,28,0,0,0x00001003,embedded,
AR0411,6,DSTDVL1A,DSTDVL1A,BAM,606,1981,9,30,0,0,0x00001007,embedded,
AR0411,7,DSTDVL1A,DSTDVL1A,BAM,651,2231,10,34,0,0,0x00001007,embedded,
AR0411,14,DSTDVL1A,DSTDVL1A,BAM,1383,2510,21,39,0,0,0x00001007,embedded,
AR0414,0,DSTDVL1A,DSTDVL1A,BAM,1576,699,24,10,0,0,0x00001107,embedded,
AR0414,1,DSTDVL1A,DSTDVL1A,BAM,1343,897,20,14,0,0,0x00001107,embedded,
AR0414,2,DSTDVL1A,DSTDVL1A,BAM,1286,1307,20,20,0,0,0x00001107,embedded,
AR0414,4,DSTDVL1A,DSTDVL1A,BAM,1670,1572,26,24,0,0,0x00001107,embedded,
AR0414,9,DSTDVL1A,DSTDVL1A,BAM,2259,1372,35,21,0,0,0x00001107,embedded,
AR0414,12,DSTDVL1A,DSTDVL1A,BAM,2599,1092,40,17,0,0,0x00001107,embedded,
AR0414,15,DSTDVL1A,DSTDVL1A,BAM,2033,1771,31,27,0,0,0x00001107,embedded,
AR0414,20,DSTDVL1A,DSTDVL1A,BAM,2793,1549,43,24,0,0,0x00001107,embedded,
AR0414,21,DSTDVL1A,DSTDVL1A,BAM,3060,1832,47,28,0,0,0x00001107,embedded,
AR0414,22,DSTDVL1A,DSTDVL1A,BAM,3231,1276,50,19,0,0,0x00001107,embedded,
AR0414,25,DSTDVL1A,DSTDVL1A,BAM,2466,706,38,11,0,0,0x00001107,embedded,
AR1100,20,DSTDVL1A,DSTDVL1A,BAM,3572,3022,55,47,0,0,0x00001007,embedded,
AR1100,23,DSTDVL1A,DSTDVL1A,BAM,4377,3154,68,49,0,0,0x00001007,embedded,
AR1100,26,DSTDVL1A,DSTDVL1A,BAM,4138,2104,64,32,0,0,0x00001007,embedded,
AR1100,27,DSTDVL1A,DSTDVL1A,BAM,2944,1443,46,22,0,0,0x00001007,embedded,
AR1100,30,DSTDVL1A,DSTDVL1A,BAM,3514,542,54,8,0,0,0x00001007,embedded,
AR1100,31,DSTDVL1A,DSTDVL1A,BAM,3968,405,62,6,0,0,0x00001007,embedded,
AR1100,32,DSTDVL1A,DSTDVL1A,BAM,2583,2326,40,36,0,0,0x00001007,embedded,
AR1200,20,DSTDVL1A,DSTDVL1A,BAM,2348,3170,36,49,0,0,0x00001007,embedded,
AR1200,23,DSTDVL1A,DSTDVL1A,BAM,2852,2913,44,45,0,0,0x00001007,embedded,
AR1200,24,DSTDVL1A,DSTDVL1A,BAM,3089,2902,48,45,0,0,0x00001007,embedded,
AR1200,25,DSTDVL1A,DSTDVL1A,BAM,3202,1794,50,28,0,0,0x00001007,embedded,
AR1200,28,DSTDVL1A,DSTDVL1A,BAM,2524,1561,39,24,0,0,0x00001007,embedded,
AR1200,31,DSTDVL1A,DSTDVL1A,BAM,2021,1376,31,21,0,0,0x00001007,embedded,
AR1200,32,DSTDVL1A,DSTDVL1A,BAM,939,750,14,11,0,0,0x00001007,embedded,
AR1200,34,DSTDVL1A,DSTDVL1A,BAM,1007,1892,15,29,0,0,0x00001007,embedded,
AR1200,35,DSTDVL1A,DSTDVL1A,BAM,1036,3135,16,48,0,0,0x00001007,embedded,
AR1200,36,DSTDVL1A,DSTDVL1A,BAM,1324,3003,20,46,0,0,0x00001007,embedded,
AR1600,0,DSTDVL1A,DSTDVL1A,BAM,378,1518,5,23,0,0,0x00001007,embedded,
AR1600,1,DSTDVL1A,DSTDVL1A,BAM,613,1219,9,19,0,0,0x00001007,embedded,
AR1600,2,DSTDVL1A,DSTDVL1A,BAM,174,1871,2,29,0,0,0x00001007,embedded,
AR1600,5,DSTDVL1A,DSTDVL1A,BAM,1560,1487,24,23,0,0,0x00001007,embedded,
AR1600,6,DSTDVL1A,DSTDVL1A,BAM,1924,1701,30,26,0,0,0x00001007,embedded,
AR1600,8,DSTDVL1A,DSTDVL1A,BAM,2505,1914,39,29,0,0,0x00001007,embedded,
AR1600,10,DSTDVL1A,DSTDVL1A,BAM,3267,1829,51,28,0,0,0x00001007,embedded,
AR1600,11,DSTDVL1A,DSTDVL1A,BAM,2907,1452,45,22,0,0,0x00001007,embedded,
AR1600,17,DSTDVL1A,DSTDVL1A,BAM,759,833,11,13,0,0,0x00001007,embedded,
AR1600,18,DSTDVL1A,DSTDVL1A,BAM,1651,484,25,7,0,0,0x00001007,embedded,
AR1700,5,DSTDVL1A,DSTDVL1A,BAM,2043,2466,31,38,0,0,0x00001007,embedded,
AR1700,11,DSTDVL1A,DSTDVL1A,BAM,840,2606,13,40,0,0,0x00001007,embedded,
AR1700,15,DSTDVL1A,DSTDVL1A,BAM,2211,1559,34,24,0,0,0x00001007,embedded,
AR1700,18,DSTDVL1A,DSTDVL1A,BAM,2882,1607,45,25,0,0,0x00001007,embedded,
AR1700,19,DSTDVL1A,DSTDVL1A,BAM,3396,176,53,2,0,0,0x00001007,embedded,
AR1700,20,DSTDVL1A,DSTDVL1A,BAM,3054,422,47,6,0,0,0x00001007,embedded,
AR5200,0,DSTDVL1A,DSTDVL1A,BAM,734,888,11,13,0,0,0x00001007,embedded,
AR5200,2,DSTDVL1A,DSTDVL1A,BAM,811,1821,12,28,0,0,0x00001807,embedded,
AR5200,5,DSTDVL1A,DSTDVL1A,BAM,615,1419,9,22,0,0,0x00001807,embedded,
AR5500,8,DSTDVL1A,DSTDVL1A,BAM,1064,1765,16,27,0,0,0x00001007,embedded,
AR5500,9,DSTDVL1A,DSTDVL1A,BAM,1062,1727,16,26,0,0,0x00001007,embedded,
AR5500,14,DSTDVL1A,DSTDVL1A,BAM,210,2005,3,31,0,0,0x00001007,embedded,
AR5500,19,DSTDVL1A,DSTDVL1A,BAM,796,2169,12,33,0,0,0x00001007,embedded,
AR5500,22,DSTDVL1A,DSTDVL1A,BAM,1483,2435,23,38,0,0,0x00001007,embedded,
AR5500,25,DSTDVL1A,DSTDVL1A,BAM,1880,2095,29,32,0,0,0x00001007,embedded,
AR5500,30,DSTDVL1A,DSTDVL1A,BAM,2236,2154,34,33,0,0,0x00001007,embedded,
AR5500,33,DSTDVL1A,DSTDVL1A,BAM,2813,2032,43,31,0,0,0x00001007,embedded,
AR5500,38,DSTDVL1A,DSTDVL1A,BAM,2241,1349,35,21,0,0,0x00001007,embedded,
AR5500,39,DSTDVL1A,DSTDVL1A,BAM,2421,1018,37,15,0,0,0x00001007,embedded,
AR5500,42,DSTDVL1A,DSTDVL1A,BAM,3584,1700,56,26,0,0,0x00001007,embedded,
AR5500,44,DSTDVL1A,DSTDVL1A,BAM,3560,2559,55,39,0,0,0x00001007,embedded,
AR5500,47,DSTDVL1A,DSTDVL1A,BAM,3317,636,51,9,0,0,0x00001007,embedded,
AR5500,48,DSTDVL1A,DSTDVL1A,BAM,2898,562,45,8,0,0,0x00001007,embedded,
AR5500,50,DSTDVL1A,DSTDVL1A,BAM,3069,175,47,2,0,0,0x00001007,embedded,
AR5500,52,DSTDVL1A,DSTDVL1A,BAM,151,1230,2,19,0,0,0x00001007,embedded,
AR5500,57,DSTDVL1A,DSTDVL1A,BAM,1248,791,19,12,0,0,0x00001007,embedded,
AR6300,6,DSTDVL1A,DSTDVL1A,BAM,52,816,0,12,0,0,0x00001007,embedded,
AR6300,9,DSTDVL1A,DSTDVL1A,BAM,578,1046,9,16,0,0,0x00001007,embedded,
AR6300,12,DSTDVL1A,DSTDVL1A,BAM,1486,763,23,11,0,0,0x00001007,embedded,
AR6300,17,DSTDVL1A,DSTDVL1A,BAM,1955,374,30,5,0,0,0x00001007,embedded,
OH6400,0,DSTDVL1A,DSTDVL1A,BAM,863,397,13,6,0,0,0x00001007,embedded,
AR0411,9,DSTDVL1B,DSTDVL1B,BAM,705,2193,11,34,0,0,0x00001007,embedded,
AR0411,13,DSTDVL1B,DSTDVL1B,BAM,1290,2603,20,40,0,0,0x00001007,embedded,
AR0414,3,DSTDVL1B,DSTDVL1B,BAM,1372,1269,21,19,0,0,0x00001107,embedded,
AR0414,5,DSTDVL1B,DSTDVL1B,BAM,1725,1497,26,23,0,0,0x00001107,embedded,
AR0414,7,DSTDVL1B,DSTDVL1B,BAM,1820,1154,28,18,0,0,0x00001107,embedded,
AR0414,10,DSTDVL1B,DSTDVL1B,BAM,2366,1355,36,21,0,0,0x00001107,embedded,
AR0414,13,DSTDVL1B,DSTDVL1B,BAM,2494,1678,38,26,0,0,0x00001107,embedded,
AR0414,16,DSTDVL1B,DSTDVL1B,BAM,2080,1694,32,26,0,0,0x00001107,embedded,
AR0414,18,DSTDVL1B,DSTDVL1B,BAM,2827,1299,44,20,0,0,0x00001107,embedded,
AR0414,23,DSTDVL1B,DSTDVL1B,BAM,3270,1188,51,18,0,0,0x00001107,embedded,
AR1100,21,DSTDVL1B,DSTDVL1B,BAM,3663,3014,57,47,0,0,0x00001007,embedded,
AR1100,24,DSTDVL1B,DSTDVL1B,BAM,4870,3023,76,47,0,0,0x00001007,embedded,
AR1100,28,DSTDVL1B,DSTDVL1B,BAM,3033,1376,47,21,0,0,0x00001007,embedded,
AR1100,33,DSTDVL1B,DSTDVL1B,BAM,2658,2328,41,36,0,0,0x00001007,embedded,
AR1200,21,DSTDVL1B,DSTDVL1B,BAM,2390,3081,37,48,0,0,0x00001007,embedded,
AR1200,26,DSTDVL1B,DSTDVL1B,BAM,3239,1692,50,26,0,0,0x00001007,embedded,
AR1200,29,DSTDVL1B,DSTDVL1B,BAM,2606,1527,40,23,0,0,0x00001007,embedded,
AR1200,33,DSTDVL1B,DSTDVL1B,BAM,1015,654,15,10,0,0,0x00001007,embedded,
AR1600,3,DSTDVL1B,DSTDVL1B,BAM,258,1824,4,28,0,0,0x00001007,embedded,
AR1600,4,DSTDVL1B,DSTDVL1B,BAM,828,1413,12,22,0,0,0x00001007,embedded,
AR1600,7,DSTDVL1B,DSTDVL1B,BAM,2223,1749,34,27,0,0,0x00001007,embedded,
AR1600,12,DSTDVL1B,DSTDVL1B,BAM,2936,1366,45,21,0,0,0x00001007,embedded,
AR1600,14,DSTDVL1B,DSTDVL1B,BAM,1978,1052,30,16,0,0,0x00001007,embedded,
AR1600,16,DSTDVL1B,DSTDVL1B,BAM,847,813,13,12,0,0,0x00001007,embedded,
AR1600,20,DSTDVL1B,DSTDVL1B,BAM,2048,416,32,6,0,0,0x00001007,embedded,
AR1700,6,DSTDVL1B,DSTDVL1B,BAM,2114,2461,33,38,0,0,0x00001007,embedded,
AR1700,12,DSTDVL1B,DSTDVL1B,BAM,595,3041,9,47,0,0,0x00001007,embedded,
AR1700,16,DSTDVL1B,DSTDVL1B,BAM,2997,1356,46,21,0,0,0x00001007,embedded,
AR1700,21,DSTDVL1B,DSTDVL1B,BAM,2995,996,46,15,0,0,0x00001007,embedded,
AR5200,1,DSTDVL1B,DSTDVL1B,BAM,860,834,13,13,0,0,0x00001007,embedded,
AR5200,3,DSTDVL1B,DSTDVL1B,BAM,709,1756,11,27,0,0,0x00001807,embedded,
AR5200,6,DSTDVL1B,DSTDVL1B,BAM,1695,1416,26,22,0,0,0x00001007,embedded,
AR5500,10,DSTDVL1B,DSTDVL1B,BAM,1161,1610,18,25,0,0,0x00001007,embedded,
AR5500,11,DSTDVL1B,DSTDVL1B,BAM,1202,1719,18,26,0,0,0x00001007,embedded,
AR5500,15,DSTDVL1B,DSTDVL1B,BAM,364,1982,5,30,0,0,0x00001007,embedded,
AR5500,17,DSTDVL1B,DSTDVL1B,BAM,389,2535,6,39,0,0,0x00001007,embedded,
AR5500,20,DSTDVL1B,DSTDVL1B,BAM,1354,2550,21,39,0,0,0x00001007,embedded,
AR5500,23,DSTDVL1B,DSTDVL1B,BAM,1608,2379,25,37,0,0,0x00001007,embedded,
AR5500,26,DSTDVL1B,DSTDVL1B,BAM,1968,2009,30,31,0,0,0x00001007,embedded,
AR5500,29,DSTDVL1B,DSTDVL1B,BAM,2222,2237,34,34,0,0,0x00001007,embedded,
AR5500,31,DSTDVL1B,DSTDVL1B,BAM,3004,2442,46,38,0,0,0x00001007,embedded,
AR5500,34,DSTDVL1B,DSTDVL1B,BAM,2604,1977,40,30,0,0,0x00001007,embedded,
AR5500,35,DSTDVL1B,DSTDVL1B,BAM,1710,1344,26,21,0,0,0x00001007,embedded,
AR5500,36,DSTDVL1B,DSTDVL1B,BAM,1784,1387,27,21,0,0,0x00001007,embedded,
AR5500,40,DSTDVL1B,DSTDVL1B,BAM,2543,983,39,15,0,0,0x00001007,embedded,
AR5500,43,DSTDVL1B,DSTDVL1B,BAM,3313,1854,51,28,0,0,0x00001007,embedded,
AR5500,46,DSTDVL1B,DSTDVL1B,BAM,3246,517,50,8,0,0,0x00001007,embedded,
AR5500,49,DSTDVL1B,DSTDVL1B,BAM,2548,331,39,5,0,0,0x00001007,embedded,
AR5500,53,DSTDVL1B,DSTDVL1B,BAM,244,1157,3,18,0,0,0x00001007,embedded,
AR5500,55,DSTDVL1B,DSTDVL1B,BAM,1083,974,16,15,0,0,0x00001007,embedded,
AR6300,7,DSTDVL1B,DSTDVL1B,BAM,162,796,2,12,0,0,0x00001007,embedded,
AR6300,10,DSTDVL1B,DSTDVL1B,BAM,682,615,10,9,0,0,0x00001007,embedded,
AR6300,13,DSTDVL1B,DSTDVL1B,BAM,1545,678,24,10,0,0,0x00001007,embedded,
AR6300,15,DSTDVL1B,DSTDVL1B,BAM,1820,402,28,6,0,0,0x00001007,embedded,
OH6400,1,DSTDVL1B,DSTDVL1B,BAM,622,572,9,8,0,0,0x00001007,embedded,
AR0411,10,DSTDVL1C,DSTDVL1C,BAM,1342,2555,20,39,0,0,0x00001007,embedded,
AR0414,6,DSTDVL1C,DSTDVL1C,BAM,1809,1473,28,23,0,0,0x00001107,embedded,
AR0414,8,DSTDVL1C,DSTDVL1C,BAM,2325,1026,36,16,0,0,0x00001107,embedded,
AR0414,11,DSTDVL1C,DSTDVL1C,BAM,2418,1273,37,19,0,0,0x00001107,embedded,
AR0414,14,DSTDVL1C,DSTDVL1C,BAM,2536,1574,39,24,0,0,0x00001107,embedded,
AR0414,17,DSTDVL1C,DSTDVL1C,BAM,2151,1722,33,26,0,0,0x00001107,embedded,
AR0414,19,DSTDVL1C,DSTDVL1C,BAM,2956,1388,46,21,0,0,0x00001107,embedded,
AR0414,24,DSTDVL1C,DSTDVL1C,BAM,2702,764,42,11,0,0,0x00001107,embedded,
AR1100,22,DSTDVL1C,DSTDVL1C,BAM,3711,2938,57,45,0,0,0x00001007,embedded,
AR1100,25,DSTDVL1C,DSTDVL1C,BAM,4603,2784,71,43,0,0,0x00001007,embedded,
AR1200,22,DSTDVL1C,DSTDVL1C,BAM,2503,3086,39,48,0,0,0x00001007,embedded,
AR1200,27,DSTDVL1C,DSTDVL1C,BAM,3355,1699,52,26,0,0,0x00001007,embedded,
AR1200,30,DSTDVL1C,DSTDVL1C,BAM,2685,1437,41,22,0,0,0x00001007,embedded,
AR1600,9,DSTDVL1C,DSTDVL1C,BAM,2976,2074,46,32,0,0,0x00001007,embedded,
AR1600,13,DSTDVL1C,DSTDVL1C,BAM,3016,1360,47,21,0,0,0x00001007,embedded,
AR1600,15,DSTDVL1C,DSTDVL1C,BAM,1402,808,21,12,0,0,0x00001007,embedded,
AR1600,19,DSTDVL1C,DSTDVL1C,BAM,2149,497,33,7,0,0,0x00001007,embedded,
AR1700,7,DSTDVL1C,DSTDVL1C,BAM,2184,2406,34,37,0,0,0x00001007,embedded,
AR1700,17,DSTDVL1C,DSTDVL1C,BAM,3104,1754,48,27,0,0,0x00001007,embedded,
AR5200,4,DSTDVL1C,DSTDVL1C,BAM,690,1656,10,25,0,0,0x00001807,embedded,
AR5200,7,DSTDVL1C,DSTDVL1C,BAM,1788,1266,27,19,0,0,0x00001007,embedded,
AR5500,12,DSTDVL1C,DSTDVL1C,BAM,1310,1594,20,24,0,0,0x00001003,embedded,
AR5500,13,DSTDVL1C,DSTDVL1C,BAM,1389,1640,21,25,0,0,0x00001003,embedded,
AR5500,16,DSTDVL1C,DSTDVL1C,BAM,402,1853,6,28,0,0,0x00001003,embedded,
AR5500,18,DSTDVL1C,DSTDVL1C,BAM,225,2352,3,36,0,0,0x00001003,embedded,
AR5500,21,DSTDVL1C,DSTDVL1C,BAM,1510,2526,23,39,0,0,0x00001003,embedded,
AR5500,24,DSTDVL1C,DSTDVL1C,BAM,1735,2348,27,36,0,0,0x00001003,embedded,
AR5500,27,DSTDVL1C,DSTDVL1C,BAM,2057,2011,32,31,0,0,0x00001003,embedded,
AR5500,28,DSTDVL1C,DSTDVL1C,BAM,2101,2268,32,35,0,0,0x00001003,embedded,
AR5500,32,DSTDVL1C,DSTDVL1C,BAM,3116,2332,48,36,0,0,0x00001003,embedded,
AR5500,37,DSTDVL1C,DSTDVL1C,BAM,1872,1296,29,20,0,0,0x00001003,embedded,
AR5500,41,DSTDVL1C,DSTDVL1C,BAM,2583,903,40,14,0,0,0x00001003,embedded,
AR5500,45,DSTDVL1C,DSTDVL1C,BAM,3173,660,49,10,0,0,0x00001003,embedded,
AR5500,51,DSTDVL1C,DSTDVL1C,BAM,3509,934,54,14,0,0,0x00001003,embedded,
AR5500,54,DSTDVL1C,DSTDVL1C,BAM,423,1126,6,17,0,0,0x00001003,embedded,
AR5500,56,DSTDVL1C,DSTDVL1C,BAM,1129,874,17,13,0,0,0x00001003,embedded,
AR6300,8,DSTDVL1C,DSTDVL1C,BAM,216,688,3,10,0,0,0x00001007,embedded,
AR6300,11,DSTDVL1C,DSTDVL1C,BAM,1036,970,16,15,0,0,0x00001007,embedded,
AR6300,14,DSTDVL1C,DSTDVL1C,BAM,1644,720,25,11,0,0,0x00001007,embedded,
AR6300,16,DSTDVL1C,DSTDVL1C,BAM,1924,466,30,7,0,0,0x00001007,embedded,
OH6400,2,DSTDVL1C,DSTDVL1C,BAM,688,449,10,7,0,0,0x00001007,embedded,
AR0411,8,DSTDVL2B,DSTDVL2B,BAM,1066,2224,16,34,0,0,0x00001007,embedded,
AR0411,11,DSTDVL2B,DSTDVL2B,BAM,1898,2417,29,37,0,0,0x00001007,embedded,
AR0411,12,DSTDVL2C,DSTDVL2C,BAM,1855,2482,28,38,0,0,0x00001007,embedded,
AR0329,41,EYESRED1,EYESRED1,BAM,2020,1234,31,19,0,0,0x00001103,embedded,
AR2300,4,FALL1A,FALL1A,BAM,991,526,15,8,0,0,0x00001151,embedded,
AR2300,5,FALL1B,FALL1B,BAM,764,779,11,12,0,0,0x00001341,embedded,
AR2300,3,FALL2,FALL2,BAM,1550,512,24,8,0,0,0x00001151,embedded,
AR2300,6,FALL3,FALL3,BAM,4030,1262,62,19,0,0,0x00001351,embedded,
AR2300,7,FALL4,FALL4,BAM,4368,1027,68,16,0,0,0x00001351,embedded,
AR2300,8,FALL5A,FALL5A,BAM,487,1979,7,30,0,0,0x00001351,embedded,
AR2300,9,FALL5B,FALL5B,BAM,650,2092,10,32,0,0,0x00001351,embedded,
AR2300,10,FALL5C,FALL5C,BAM,793,2183,12,34,0,0,0x00001351,embedded,
AR2300,11,FALL6,FALL6,BAM,3131,3201,48,50,0,0,0x00001351,embedded,
AR2300,12,FALLA1,FALLA1,BAM,2132,987,33,15,0,0,0x00001151,embedded,
AR2300,13,FALLA2,FALLA2,BAM,1923,784,30,12,0,0,0x00001151,embedded,
OH4000,1,Torch,FIRE,BAM,3486,1293,54,20,0,0,0x00001043,embedded,
OH4000,2,Torch,FIRE,BAM,3680,1315,57,20,0,0,0x00001043,embedded,
OH4000,3,Torch,FIRE,BAM,3764,737,58,11,0,0,0x00001043,embedded,
OH4000,4,Torch,FIRE,BAM,4076,1033,63,16,0,0,0x00001043,embedded,
OH4000,5,Torch,FIRE,BAM,4155,780,64,12,0,0,0x00001043,embedded,
OH4200,2,Torch,FIRE,BAM,906,1019,14,15,0,0,0x00001043,embedded,
OH4200,3,Torch,FIRE,BAM,864,988,13,15,0,0,0x00001043,embedded,
OH4200,4,Torch,FIRE,BAM,906,945,14,14,0,0,0x00001043,embedded,
OH4200,5,Torch,FIRE,BAM,1111,879,17,13,0,0,0x00001043,embedded,
OH4200,6,Torch,FIRE,BAM,1111,953,17,14,0,0,0x00001043,embedded,
OH4200,7,Torch,FIRE,BAM,1180,886,18,13,0,0,0x00001043,embedded,
OH4200,8,Torch,FIRE,BAM,1250,1383,19,21,0,0,0x00001043,embedded,
OH4200,9,Torch,FIRE,BAM,1653,1094,25,17,0,0,0x00001043,embedded,
OH7300,11,Torch,FIRE,BAM,2744,212,42,3,0,0,0x00001043,embedded,
OH7300,12,Torch,FIRE,BAM,3686,720,57,11,0,0,0x00001043,embedded,
OH7300,13,Torch,FIRE,BAM,2829,793,44,12,0,0,0x00001043,embedded,
OH7300,14,Torch,FIRE,BAM,3498,969,54,15,0,0,0x00001043,embedded,
OH7300,15,Torch,FIRE,BAM,3915,1275,61,19,0,0,0x00001043,embedded,
OH7300,16,Torch,FIRE,BAM,3173,1172,49,18,0,0,0x00001043,embedded,
OH7300,17,Torch,FIRE,BAM,4243,677,66,10,0,0,0x00001043,embedded,
OH7300,18,Torch,FIRE,BAM,4449,1359,69,21,0,0,0x00001043,embedded,
OH7300,19,Torch,FIRE,BAM,4050,1247,63,19,0,0,0x00001043,embedded,
OH7300,20,Torch,FIRE,BAM,3986,958,62,14,0,0,0x00001043,embedded,
OH7300,21,Torch,FIRE,BAM,3715,1556,58,24,0,0,0x00001043,embedded,
OH7300,22,Torch,FIRE,BAM,3103,1412,48,22,0,0,0x00001043,embedded,
OH7300,23,Torch,FIRE,BAM,4691,1162,73,18,0,0,0x00001043,embedded,
OH7300,24,Torch,FIRE,BAM,4730,2004,73,31,0,0,0x00001043,embedded,
OH7300,25,Torch,FIRE,BAM,4331,2811,67,43,0,0,0x00001043,embedded,
OH7300,26,Torch,FIRE,BAM,3977,3092,62,48,0,0,0x00001043,embedded,
OH7300,27,Torch,FIRE,BAM,3353,3368,52,52,0,0,0x00001043,embedded,
OH7300,28,Torch,FIRE,BAM,2749,3473,42,54,0,0,0x00001043,embedded,
OH7300,29,Torch,FIRE,BAM,3164,3131,49,48,0,0,0x00001043,embedded,
OH7300,30,Torch,FIRE,BAM,3721,2874,58,44,0,0,0x00001043,embedded,
OH7300,31,Torch,FIRE,BAM,2885,2870,45,44,0,0,0x00001043,embedded,
OH7300,32,Torch,FIRE,BAM,3527,2630,55,41,0,0,0x00001043,embedded,
OH7300,33,Torch,FIRE,BAM,4435,2522,69,39,0,0,0x00001043,embedded,
OH7300,34,Torch,FIRE,BAM,4546,2283,71,35,0,0,0x00001043,embedded,
OH7300,35,Torch,FIRE,BAM,4217,2373,65,37,0,0,0x00001043,embedded,
OH7300,36,Torch,FIRE,BAM,4186,2002,65,31,0,0,0x00001043,embedded,
OH7300,37,Torch,FIRE,BAM,3727,2413,58,37,0,0,0x00001043,embedded,
OH7300,38,Torch,FIRE,BAM,3385,2219,52,34,0,0,0x00001043,embedded,
OH7300,39,Torch,FIRE,BAM,3346,1991,52,31,0,0,0x00001043,embedded,
OH7300,40,Torch,FIRE,BAM,2758,2306,43,36,0,0,0x00001043,embedded,
OH7300,41,Torch,FIRE,BAM,1018,1512,15,23,0,0,0x00001043,embedded,
OH7300,42,Torch,FIRE,BAM,1374,1212,21,18,0,0,0x00001043,embedded,
OH7300,43,Torch,FIRE,BAM,532,1679,8,26,0,0,0x00001043,embedded,
OH7300,44,Torch,FIRE,BAM,189,1512,2,23,0,0,0x00001043,embedded,
OH7300,45,Torch,FIRE,BAM,738,1245,11,19,0,0,0x00001043,embedded,
OH7300,46,Torch,FIRE,BAM,452,1062,7,16,0,0,0x00001043,embedded,
OH7300,47,Torch,FIRE,BAM,552,948,8,14,0,0,0x00001043,embedded,
OH7300,48,Torch,FIRE,BAM,810,734,12,11,0,0,0x00001043,embedded,
OH7300,49,Torch,FIRE,BAM,1117,834,17,13,0,0,0x00001043,embedded,
OH7300,50,Torch,FIRE,BAM,1434,1065,22,16,0,0,0x00001043,embedded,
OH7300,51,Torch,FIRE,BAM,2245,1053,35,16,0,0,0x00001043,embedded,
OH7300,52,Torch,FIRE,BAM,2020,824,31,12,0,0,0x00001043,embedded,
OH7300,53,Torch,FIRE,BAM,2159,504,33,7,0,0,0x00001043,embedded,
OH7300,54,Torch,FIRE,BAM,2067,248,32,3,0,0,0x00001043,embedded,
OH7300,55,Torch,FIRE,BAM,1975,520,30,8,0,0,0x00001043,embedded,
OH7300,56,Torch,FIRE,BAM,1601,664,25,10,0,0,0x00001043,embedded,
OH7300,57,Torch,FIRE,BAM,1642,625,25,9,0,0,0x00001043,embedded,
OH7300,58,Torch,FIRE,BAM,1375,425,21,6,0,0,0x00001043,embedded,
OH7300,59,Torch,FIRE,BAM,1165,516,18,8,0,0,0x00001043,embedded,
OH7300,101,Torch,FIRE,BAM,3157,855,49,13,0,0,0x00001043,embedded,
OH7300,102,Torch,FIRE,BAM,2828,1078,44,16,0,0,0x00001043,embedded,
OH4210,39,Candle,FIREBRN,BAM,1651,104,25,1,0,0,0x00001043,embedded,
OH4210,40,Candle,FIREBRN,BAM,1083,339,16,5,0,0,0x00001043,embedded,
OH4210,41,Candle,FIREBRN,BAM,1846,628,28,9,0,0,0x00001043,embedded,
OH4210,42,Candle,FIREBRN,BAM,1990,529,31,8,0,0,0x00001043,embedded,
OH4210,43,Candle,FIREBRN,BAM,857,1491,13,23,0,0,0x00001043,embedded,
OH4210,45,Candle,FIREBRN,BAM,1832,117,28,1,0,0,0x00001043,embedded,
OH4210,46,Candle,FIREBRN,BAM,1821,113,28,1,0,0,0x00001043,embedded,
AR0700,4,FIRE_1,FIRE_1,BAM,1572,586,24,9,0,0,0x00001003,embedded,
AR0700,5,FIRE_1,FIRE_1,BAM,515,1397,8,21,0,0,0x00001003,embedded,
AR0700,6,FIRE_1,FIRE_1,BAM,198,1640,3,25,0,0,0x00001003,embedded,
AR0700,7,FIRE_1,FIRE_1,BAM,3184,3588,49,56,0,0,0x00001003,embedded,
AR0700,8,FIRE_1,FIRE_1,BAM,3502,3341,54,52,0,0,0x00001003,embedded,
AR0700,9,FIRE_1,FIRE_1,BAM,3775,3137,58,49,0,0,0x00001003,embedded,
AR0700,10,FIRE_1,FIRE_1,BAM,4033,2937,63,45,0,0,0x00001003,embedded,
AR0700,11,FIRE_1,FIRE_1,BAM,4291,2739,67,42,0,0,0x00001003,embedded,
AR0700,12,FIRE_1,FIRE_1,BAM,4558,2529,71,39,0,0,0x00001003,embedded,
AR0700,13,FIRE_1,FIRE_1,BAM,3821,2046,59,31,0,0,0x00001003,embedded,
AR0700,14,FIRE_1,FIRE_1,BAM,4877,2283,76,35,0,0,0x00001003,embedded,
AR0700,15,FIRE_1,FIRE_1,BAM,1894,342,29,5,0,0,0x00001003,embedded,
AR0700,52,FIRE_1,FIRE_1,BAM,3842,2105,60,32,0,0,0x00001043,embedded,
AR0700,53,FIRE_1,FIRE_1,BAM,3584,2304,56,36,0,0,0x00001043,embedded,
AR0700,54,FIRE_1,FIRE_1,BAM,3326,2502,51,39,0,0,0x00001043,embedded,
AR0802,25,FIRE_1,FIRE_1,BAM,999,2121,15,33,0,0,0x00001043,embedded,
AR0802,26,FIRE_1,FIRE_1,BAM,902,2052,14,32,0,0,0x00001043,embedded,
AR0805,0,FIRE_1,FIRE_1,BAM,448,350,7,5,0,0,0x00001043,embedded,
AR0810,0,FIRE_1,FIRE_1,BAM,448,350,7,5,0,0,0x00001043,embedded,
AR0811,0,FIRE_1,FIRE_1,BAM,448,351,7,5,0,0,0x00000043,embedded,
AR2013,0,FIRE_1,FIRE_1,BAM,448,350,7,5,0,0,0x00001103,embedded,
AR3027,0,FIRE_1,FIRE_1,BAM,448,350,7,5,0,0,0x00001103,embedded,
AR5000,10,FIRE_1,FIRE_1,BAM,2516,772,39,12,0,0,0x00001043,embedded,
AR5000,13,FIRE_1,FIRE_1,BAM,2318,632,36,9,0,0,0x00001043,embedded,
AR3017,0,AMB_Flame04,FIRE_2B,BAM,1402,2683,21,41,0,0,0x00001002,embedded,
AR3017,1,AMB_Flame05,FIRE_2B,BAM,1506,2756,23,43,0,0,0x00001002,embedded,
AR3017,2,AMB_Flame06,FIRE_2B,BAM,1610,2832,25,44,0,0,0x00001002,embedded,
AR3017,3,AMB_Flame03,FIRE_2B,BAM,1875,2648,29,41,0,0,0x00001002,embedded,
AR3017,4,AMB_Flame02,FIRE_2B,BAM,1772,2573,27,40,0,0,0x00001002,embedded,
AR3017,5,AMB_Flame01,FIRE_2B,BAM,1668,2498,26,39,0,0,0x00001002,embedded,
OH8100,91,Kitchen_Fireplace,FIRE_2B,BAM,1432,2941,22,45,0,0,0x00000113,embedded,
AR0202,8,FIRE_3,FIRE_3,BAM,1624,472,25,7,0,0,0x00001043,embedded,
AR0202,9,FIRE_3,FIRE_3,BAM,1716,408,26,6,0,0,0x00001043,embedded,
AR0202,10,FIRE_3,FIRE_3,BAM,1710,531,26,8,0,0,0x00001043,embedded,
AR0202,11,FIRE_3,FIRE_3,BAM,1799,468,28,7,0,0,0x00001043,embedded,
AR0331,7,FIRE_3,FIRE_3,BAM,708,491,11,7,0,0,0x00001043,embedded,
AR0331,8,FIRE_3,FIRE_3,BAM,622,431,9,6,0,0,0x00001043,embedded,
AR0331,9,FIRE_3,FIRE_3,BAM,712,367,11,5,0,0,0x00001043,embedded,
AR0331,10,FIRE_3,FIRE_3,BAM,796,427,12,6,0,0,0x00001043,embedded,
AR0500,39,FIRE_3,FIRE_3,BAM,3882,64,60,1,0,0,0x00001043,embedded,
AR0500,40,FIRE_3,FIRE_3,BAM,3694,188,57,2,0,0,0x00001043,embedded,
AR0526,7,FIRE_3,FIRE_3,BAM,621,432,9,6,0,0,0x00001043,embedded,
AR0526,8,FIRE_3,FIRE_3,BAM,712,367,11,5,0,0,0x00001043,embedded,
AR0526,9,FIRE_3,FIRE_3,BAM,796,431,12,6,0,0,0x00001043,embedded,
AR0526,10,FIRE_3,FIRE_3,BAM,708,491,11,7,0,0,0x00001043,embedded,
AR0906,85,FIRE_3,FIRE_3,BAM,1107,1351,17,21,0,0,0x00001043,embedded,
AR0906,86,FIRE_3,FIRE_3,BAM,1244,1327,19,20,0,0,0x00001043,embedded,
AR0906,87,FIRE_3,FIRE_3,BAM,1373,1417,21,22,0,0,0x00001043,embedded,
AR3001,0,FIRE_3,FIRE_3,BAM,1452,342,22,5,0,0,0x00001143,embedded,
AR3001,1,FIRE_3,FIRE_3,BAM,1346,341,21,5,0,0,0x00001143,embedded,
AR5000,8,FIRE_3,FIRE_3,BAM,2472,832,38,13,0,0,0x00001043,embedded,
AR5000,9,FIRE_3,FIRE_3,BAM,2334,734,36,11,0,0,0x00001043,embedded,
OH4200,0,Bridge_Torch1,FIRE_3,BAM,1734,1243,27,19,0,0,0x00001043,embedded,
OH4200,10,Bridge_Torch2,FIRE_3,BAM,1570,1396,24,21,0,0,0x00001043,embedded,
OH4200,11,Bridge_Torch3,FIRE_3,BAM,1956,1566,30,24,0,0,0x00001043,embedded,
OH4200,12,Bridge_Torch4,FIRE_3,BAM,2121,1417,33,22,0,0,0x00001043,embedded,
OH4200,13,Obelisk_Torch1,FIRE_3,BAM,2936,1684,45,26,0,0,0x00001043,embedded,
OH4200,14,Obelisk_Torch2,FIRE_3,BAM,3318,1891,51,29,0,0,0x00001043,embedded,
OH4200,15,Obelisk_Torch3,FIRE_3,BAM,3024,2163,47,33,0,0,0x00001043,embedded,
OH4200,16,Obelisk_Torch4,FIRE_3,BAM,2642,1959,41,30,0,0,0x00001043,embedded,
OH4210,27,Torch_Small,FIRE_3,BAM,1217,716,19,11,0,0,0x00001043,embedded,
OH4220,10,Torchlarge,FIRE_3,BAM,2039,1122,31,17,0,0,0x00001023,embedded,
OH4220,19,Torchlarge,FIRE_3,BAM,847,1575,13,24,0,0,0x00001023,embedded,
OH4220,20,Torchlarge,FIRE_3,BAM,693,1482,10,23,0,0,0x00001023,embedded,
OH4220,21,Torchlarge,FIRE_3,BAM,602,1380,9,21,0,0,0x00001023,embedded,
AR0203,0,FIRE_3GR,FIRE_3GR,BAM,272,159,4,2,0,0,0x00001043,embedded,
OH4101,0,Candle,FIRE_3GS,BAM,32,365,0,5,0,0,0x00001043,embedded,
OH4101,1,Candle,FIRE_3GS,BAM,211,193,3,3,0,0,0x00001043,embedded,
OH4101,2,Candle,FIRE_3GS,BAM,566,265,8,4,0,0,0x00001043,embedded,
OH4101,3,Candle,FIRE_3GS,BAM,544,571,8,8,0,0,0x00001043,embedded,
OH4101,4,Candle,FIRE_3GS,BAM,638,493,9,7,0,0,0x00001043,embedded,
OH4101,5,Candle,FIRE_3GS,BAM,832,690,13,10,0,0,0x00001043,embedded,
OH4101,6,Candle,FIRE_3GS,BAM,936,619,14,9,0,0,0x00001043,embedded,
OH4101,7,Candle,FIRE_3GS,BAM,420,741,6,11,0,0,0x00001043,embedded,
OH4101,8,Candle,FIRE_3GS,BAM,375,933,5,14,0,0,0x00001043,embedded,
OH4101,9,Candle,FIRE_3GS,BAM,678,991,10,15,0,0,0x00001043,embedded,
OH4101,10,Candle,FIRE_3GS,BAM,718,985,11,15,0,0,0x00001003,embedded,
OH4101,11,Candle,FIRE_3GS,BAM,718,884,11,13,0,0,0x00001043,embedded,
OH4101,12,Candle,FIRE_3GS,BAM,678,880,10,13,0,0,0x00001003,embedded,
OH4101,13,Candle,FIRE_3GS,BAM,768,1172,12,18,0,0,0x00001043,embedded,
OH4101,14,Candle,FIRE_3GS,BAM,868,1257,13,19,0,0,0x00001043,embedded,
OH4101,15,Candle,FIRE_3GS,BAM,926,1361,14,21,0,0,0x00001003,embedded,
OH4101,16,Candle,FIRE_3GS,BAM,505,1337,7,20,0,0,0x00001043,embedded,
OH4101,17,Candle,FIRE_3GS,BAM,596,1420,9,22,0,0,0x00001043,embedded,
OH4101,18,Candle,FIRE_3GS,BAM,1638,1362,25,21,0,0,0x00001003,embedded,
OH4101,19,Candle,FIRE_3GS,BAM,937,954,14,14,0,0,0x00001043,embedded,
OH4101,20,Candle,FIRE_3GS,BAM,1183,783,18,12,0,0,0x00001043,embedded,
OH4101,21,Candle,FIRE_3GS,BAM,1393,785,21,12,0,0,0x00001043,embedded,
OH4101,22,Candle,FIRE_3GS,BAM,1624,946,25,14,0,0,0x00001043,embedded,
OH4101,23,Candle,FIRE_3GS,BAM,1847,884,28,13,0,0,0x00001043,embedded,
OH4101,24,Candle,FIRE_3GS,BAM,1848,987,28,15,0,0,0x00001003,embedded,
OH4101,25,Candle,FIRE_3GS,BAM,1887,990,29,15,0,0,0x00001043,embedded,
OH4101,26,Candle,FIRE_3GS,BAM,1886,880,29,13,0,0,0x00001003,embedded,
OH4101,27,Candle,FIRE_3GS,BAM,2189,935,34,14,0,0,0x00001043,embedded,
OH4101,28,Candle,FIRE_3GS,BAM,2145,746,33,11,0,0,0x00001043,embedded,
OH4101,29,Candle,FIRE_3GS,BAM,2022,571,31,8,0,0,0x00001043,embedded,
OH4101,30,Candle,FIRE_3GS,BAM,1927,492,30,7,0,0,0x00001043,embedded,
OH4101,31,Candle,FIRE_3GS,BAM,1733,691,27,10,0,0,0x00001043,embedded,
OH4101,32,Candle,FIRE_3GS,BAM,1630,619,25,9,0,0,0x00001043,embedded,
OH4101,33,Candle,FIRE_3GS,BAM,2030,239,31,3,0,0,0x00001043,embedded,
OH4101,34,Candle,FIRE_3GS,BAM,2300,182,35,2,0,0,0x00001043,embedded,
OH4101,35,Candle,FIRE_3GS,BAM,2530,346,39,5,0,0,0x00001043,embedded,
OH4101,36,Candle,FIRE_3GS,BAM,1616,347,25,5,0,0,0x00001043,embedded,
OH4101,37,Candle,FIRE_3GS,BAM,1343,302,20,4,0,0,0x00001043,embedded,
OH4101,38,Candle,FIRE_3GS,BAM,1222,301,19,4,0,0,0x00001043,embedded,
OH4101,39,Candle,FIRE_3GS,BAM,944,349,14,5,0,0,0x00001043,embedded,
OH4101,40,Candle,FIRE_3GS,BAM,1209,539,18,8,0,0,0x00001043,embedded,
OH4101,41,Candle,FIRE_3GS,BAM,1358,539,21,8,0,0,0x00001043,embedded,
AR0201,4,FIRE_4,FIRE_4,BAM,1769,760,27,11,0,0,0x00001003,embedded,
AR0201,5,FIRE_4,FIRE_4,BAM,1718,708,26,11,0,0,0x00001003,embedded,
AR0201,6,FIRE_4,FIRE_4,BAM,1281,882,20,13,0,0,0x00001003,embedded,
AR0201,7,FIRE_4,FIRE_4,BAM,1029,1400,16,21,0,0,0x00001003,embedded,
AR0201,8,FIRE_4,FIRE_4,BAM,899,1208,14,18,0,0,0x00001003,embedded,
AR0202,12,FIRE_4,FIRE_4,BAM,1630,590,25,9,0,0,0x00001043,embedded,
AR0202,13,FIRE_4,FIRE_4,BAM,1567,547,24,8,0,0,0x00001043,embedded,
AR0300,8,FIRE_4,FIRE_4,BAM,1998,467,31,7,0,0,0x00001043,embedded,
AR0300,9,FIRE_4,FIRE_4,BAM,1973,485,30,7,0,0,0x00001043,embedded,
AR0300,10,FIRE_4,FIRE_4,BAM,1972,451,30,7,0,0,0x00001043,embedded,
AR0300,11,FIRE_4,FIRE_4,BAM,1947,467,30,7,0,0,0x00001043,embedded,
AR0300,12,FIRE_4,FIRE_4,BAM,3492,575,54,8,0,0,0x00001043,embedded,
AR0300,13,FIRE_4,FIRE_4,BAM,3475,597,54,9,0,0,0x00001043,embedded,
AR0300,14,FIRE_4,FIRE_4,BAM,3459,564,54,8,0,0,0x00001043,embedded,
AR0300,15,FIRE_4,FIRE_4,BAM,3444,587,53,9,0,0,0x00001043,embedded,
AR0300,16,FIRE_4,FIRE_4,BAM,1533,1029,23,16,0,0,0x00001043,embedded,
AR0300,17,FIRE_4,FIRE_4,BAM,1514,1009,23,15,0,0,0x00001043,embedded,
AR0300,18,FIRE_4,FIRE_4,BAM,1484,1023,23,15,0,0,0x00001043,embedded,
AR0300,19,FIRE_4,FIRE_4,BAM,1503,1045,23,16,0,0,0x00001043,embedded,
AR0300,20,FIRE_4,FIRE_4,BAM,1700,1470,26,22,0,0,0x00001043,embedded,
AR0300,21,FIRE_4,FIRE_4,BAM,1732,1458,27,22,0,0,0x00001043,embedded,
AR0300,22,FIRE_4,FIRE_4,BAM,1716,1491,26,23,0,0,0x00001043,embedded,
AR0300,23,FIRE_4,FIRE_4,BAM,1748,1480,27,23,0,0,0x00001043,embedded,
AR0300,24,FIRE_4,FIRE_4,BAM,3428,1406,53,21,0,0,0x00001043,embedded,
AR0300,25,FIRE_4,FIRE_4,BAM,3476,1395,54,21,0,0,0x00001043,embedded,
AR0300,26,FIRE_4,FIRE_4,BAM,3461,1418,54,22,0,0,0x00001043,embedded,
AR0300,27,FIRE_4,FIRE_4,BAM,3443,1383,53,21,0,0,0x00001043,embedded,
AR0300,28,FIRE_4,FIRE_4,BAM,4573,2264,71,35,0,0,0x00001043,embedded,
AR0300,29,FIRE_4,FIRE_4,BAM,4522,2262,70,35,0,0,0x00001043,embedded,
AR0300,30,FIRE_4,FIRE_4,BAM,4546,2281,71,35,0,0,0x00001043,embedded,
AR0300,31,FIRE_4,FIRE_4,BAM,4548,2245,71,35,0,0,0x00001043,embedded,
AR0300,32,FIRE_4,FIRE_4,BAM,4014,2837,62,44,0,0,0x00001043,embedded,
AR0300,33,FIRE_4,FIRE_4,BAM,4034,2816,63,44,0,0,0x00001043,embedded,
AR0300,34,FIRE_4,FIRE_4,BAM,4064,2831,63,44,0,0,0x00001043,embedded,
AR0300,35,FIRE_4,FIRE_4,BAM,4044,2852,63,44,0,0,0x00001043,embedded,
AR0300,36,FIRE_4,FIRE_4,BAM,2141,3159,33,49,0,0,0x00001043,embedded,
AR0300,37,FIRE_4,FIRE_4,BAM,2171,3174,33,49,0,0,0x00001043,embedded,
AR0300,38,FIRE_4,FIRE_4,BAM,2120,3179,33,49,0,0,0x00001043,embedded,
AR0300,39,FIRE_4,FIRE_4,BAM,2150,3193,33,49,0,0,0x00001043,embedded,
AR0300,40,FIRE_4,FIRE_4,BAM,1434,3134,22,48,0,0,0x00001043,embedded,
AR0300,41,FIRE_4,FIRE_4,BAM,1485,3135,23,48,0,0,0x00001043,embedded,
AR0300,42,FIRE_4,FIRE_4,BAM,1458,3154,22,49,0,0,0x00001043,embedded,
AR0300,43,FIRE_4,FIRE_4,BAM,1460,3117,22,48,0,0,0x00001043,embedded,
AR0300,44,FIRE_4,FIRE_4,BAM,1707,2501,26,39,0,0,0x00001043,embedded,
AR0300,45,FIRE_4,FIRE_4,BAM,1675,2530,26,39,0,0,0x00001043,embedded,
AR0300,46,FIRE_4,FIRE_4,BAM,1670,2506,26,39,0,0,0x00001043,embedded,
AR0300,47,FIRE_4,FIRE_4,BAM,1709,2527,26,39,0,0,0x00001043,embedded,
AR0300,48,FIRE_4,FIRE_4,BAM,3273,2800,51,43,0,0,0x00001043,embedded,
AR0300,49,FIRE_4,FIRE_4,BAM,3264,2777,51,43,0,0,0x00001043,embedded,
AR0307,0,FIRE_4,FIRE_4,BAM,3744,916,58,14,0,0,0x00001003,embedded,
AR0307,1,FIRE_4,FIRE_4,BAM,502,1343,7,20,0,0,0x00001003,embedded,
AR0307,2,FIRE_4,FIRE_4,BAM,617,1261,9,19,0,0,0x00001003,embedded,
AR0307,3,FIRE_4,FIRE_4,BAM,732,1180,11,18,0,0,0x00001003,embedded,
AR0307,4,FIRE_4,FIRE_4,BAM,2118,1925,33,30,0,0,0x00001003,embedded,
AR0307,5,FIRE_4,FIRE_4,BAM,1965,1817,30,28,0,0,0x00001003,embedded,
AR0307,6,FIRE_4,FIRE_4,BAM,1812,1704,28,26,0,0,0x00001003,embedded,
AR0307,7,FIRE_4,FIRE_4,BAM,2271,2033,35,31,0,0,0x00001003,embedded,
AR0307,8,FIRE_4,FIRE_4,BAM,2425,2142,37,33,0,0,0x00001003,embedded,
AR0307,9,FIRE_4,FIRE_4,BAM,2578,2250,40,35,0,0,0x00001003,embedded,
AR0307,10,FIRE_4,FIRE_4,BAM,2731,2359,42,36,0,0,0x00001003,embedded,
AR0307,11,FIRE_4,FIRE_4,BAM,2884,2466,45,38,0,0,0x00001003,embedded,
AR0307,12,FIRE_4,FIRE_4,BAM,2306,2301,36,35,0,0,0x00001003,embedded,
AR0307,13,FIRE_4,FIRE_4,BAM,1896,2217,29,34,0,0,0x00001003,embedded,
AR0307,14,FIRE_4,FIRE_4,BAM,1672,1847,26,28,0,0,0x00001003,embedded,
AR0307,15,FIRE_4,FIRE_4,BAM,1466,1701,22,26,0,0,0x00001003,embedded,
AR0307,16,FIRE_4,FIRE_4,BAM,3446,831,53,12,0,0,0x00001003,embedded,
AR0307,17,FIRE_4,FIRE_4,BAM,3302,1141,51,17,0,0,0x00001003,embedded,
AR0307,18,FIRE_4,FIRE_4,BAM,3965,958,61,14,0,0,0x00001003,embedded,
AR0307,19,FIRE_4,FIRE_4,BAM,3588,1046,56,16,0,0,0x00001003,embedded,
AR0307,20,FIRE_4,FIRE_4,BAM,3505,1263,54,19,0,0,0x00001003,embedded,
AR0307,21,FIRE_4,FIRE_4,BAM,3512,1400,54,21,0,0,0x00001003,embedded,
AR0307,22,FIRE_4,FIRE_4,BAM,3667,1646,57,25,0,0,0x00001003,embedded,
AR0307,23,FIRE_4,FIRE_4,BAM,4827,1836,75,28,0,0,0x00001003,embedded,
AR0307,24,FIRE_4,FIRE_4,BAM,2491,1552,38,24,0,0,0x00001003,embedded,
AR0307,25,FIRE_4,FIRE_4,BAM,2661,1672,41,26,0,0,0x00001003,embedded,
AR0307,26,FIRE_4,FIRE_4,BAM,2832,1793,44,28,0,0,0x00001003,embedded,
AR0307,27,FIRE_4,FIRE_4,BAM,3018,1924,47,30,0,0,0x00001003,embedded,
AR0307,28,FIRE_4,FIRE_4,BAM,525,1557,8,24,0,0,0x00001003,embedded,
AR0307,29,FIRE_4,FIRE_4,BAM,183,1489,2,23,0,0,0x00001003,embedded,
AR0307,30,FIRE_4,FIRE_4,BAM,1840,2656,28,41,0,0,0x00001003,embedded,
AR0307,38,FIRE_4,FIRE_4,BAM,4994,2133,78,33,0,0,0x00001003,embedded,
AR0309,2,FIRE_4,FIRE_4,BAM,826,426,12,6,0,0,0x00001003,embedded,
AR0309,3,FIRE_4,FIRE_4,BAM,804,1014,12,15,0,0,0x00001003,embedded,
AR0309,4,FIRE_4,FIRE_4,BAM,699,938,10,14,0,0,0x00001003,embedded,
AR0309,5,FIRE_4,FIRE_4,BAM,932,1111,14,17,0,0,0x00001003,embedded,
AR0309,6,FIRE_4,FIRE_4,BAM,920,1105,14,17,0,0,0x00001003,embedded,
AR0309,7,FIRE_4,FIRE_4,BAM,794,1007,12,15,0,0,0x00001003,embedded,
AR0309,8,FIRE_4,FIRE_4,BAM,689,929,10,14,0,0,0x00001003,embedded,
AR0309,9,FIRE_4,FIRE_4,BAM,703,1160,10,18,0,0,0x00001003,embedded,
AR0309,10,FIRE_4,FIRE_4,BAM,691,1169,10,18,0,0,0x00001003,embedded,
AR0329,6,FIRE_4,FIRE_4,BAM,3744,916,58,14,0,0,0x00001003,embedded,
AR0329,7,FIRE_4,FIRE_4,BAM,3965,958,61,14,0,0,0x00001003,embedded,
AR0329,8,FIRE_4,FIRE_4,BAM,3446,831,53,12,0,0,0x00001003,embedded,
AR0329,9,FIRE_4,FIRE_4,BAM,3588,1045,56,16,0,0,0x00001003,embedded,
AR0329,10,FIRE_4,FIRE_4,BAM,3302,1140,51,17,0,0,0x00001003,embedded,
AR0329,11,FIRE_4,FIRE_4,BAM,3506,1262,54,19,0,0,0x00001003,embedded,
AR0329,12,FIRE_4,FIRE_4,BAM,3512,1400,54,21,0,0,0x00001003,embedded,
AR0329,13,FIRE_4,FIRE_4,BAM,501,1343,7,20,0,0,0x00001003,embedded,
AR0329,14,FIRE_4,FIRE_4,BAM,617,1261,9,19,0,0,0x00001003,embedded,
AR0329,15,FIRE_4,FIRE_4,BAM,732,1180,11,18,0,0,0x00001003,embedded,
AR0329,16,FIRE_4,FIRE_4,BAM,1466,1700,22,26,0,0,0x00001003,embedded,
AR0329,17,FIRE_4,FIRE_4,BAM,183,1488,2,23,0,0,0x00001003,embedded,
AR0329,18,FIRE_4,FIRE_4,BAM,524,1558,8,24,0,0,0x00001003,embedded,
AR0329,19,FIRE_4,FIRE_4,BAM,1672,1845,26,28,0,0,0x00001003,embedded,
AR0329,20,FIRE_4,FIRE_4,BAM,1811,1707,28,26,0,0,0x00001003,embedded,
AR0329,21,FIRE_4,FIRE_4,BAM,1965,1816,30,28,0,0,0x00001003,embedded,
AR0329,22,FIRE_4,FIRE_4,BAM,2491,1551,38,24,0,0,0x00001003,embedded,
AR0329,23,FIRE_4,FIRE_4,BAM,2661,1672,41,26,0,0,0x00001003,embedded,
AR0329,24,FIRE_4,FIRE_4,BAM,2831,1792,44,28,0,0,0x00001003,embedded,
AR0329,25,FIRE_4,FIRE_4,BAM,3667,1646,57,25,0,0,0x00001003,embedded,
AR0329,27,FIRE_4,FIRE_4,BAM,4825,1835,75,28,0,0,0x00001003,embedded,
AR0329,28,FIRE_4,FIRE_4,BAM,4994,2133,78,33,0,0,0x00001003,embedded,
AR0329,31,FIRE_4,FIRE_4,BAM,3017,1925,47,30,0,0,0x00001003,embedded,
AR0329,32,FIRE_4,FIRE_4,BAM,2577,2250,40,35,0,0,0x00001003,embedded,
AR0329,33,FIRE_4,FIRE_4,BAM,2424,2142,37,33,0,0,0x00001003,embedded,
AR0329,34,FIRE_4,FIRE_4,BAM,2271,2033,35,31,0,0,0x00001003,embedded,
AR0329,35,FIRE_4,FIRE_4,BAM,2118,1925,33,30,0,0,0x00001003,embedded,
AR0329,36,FIRE_4,FIRE_4,BAM,1896,2217,29,34,0,0,0x00001003,embedded,
AR0329,37,FIRE_4,FIRE_4,BAM,1840,2655,28,41,0,0,0x00001003,embedded,
AR0329,38,FIRE_4,FIRE_4,BAM,2305,2300,36,35,0,0,0x00001003,embedded,
AR0329,39,FIRE_4,FIRE_4,BAM,2731,2358,42,36,0,0,0x00001003,embedded,
AR0329,40,FIRE_4,FIRE_4,BAM,2884,2467,45,38,0,0,0x00001003,embedded,
AR0331,11,FIRE_4,FIRE_4,BAM,627,547,9,8,0,0,0x00001043,embedded,
AR0331,12,FIRE_4,FIRE_4,BAM,565,507,8,7,0,0,0x00001043,embedded,
AR0334,2,FIRE_4,FIRE_4,BAM,263,321,4,5,0,0,0x00001003,embedded,
AR0334,3,FIRE_4,FIRE_4,BAM,818,202,12,3,0,0,0x00001003,embedded,
AR0400,46,FIRE_4,FIRE_4,BAM,1878,1515,29,23,0,0,0x00001143,embedded,
AR0400,47,FIRE_4,FIRE_4,BAM,2049,1633,32,25,0,0,0x00001143,embedded,
AR0400,48,FIRE_4,FIRE_4,BAM,1953,2065,30,32,0,0,0x00001143,embedded,
AR0400,49,FIRE_4,FIRE_4,BAM,2080,2062,32,32,0,0,0x00001143,embedded,
AR0405,0,FIRE_4,FIRE_4,BAM,1424,1250,22,19,0,0,0x00001043,embedded,
AR0405,1,FIRE_4,FIRE_4,BAM,1276,1356,19,21,0,0,0x00001043,embedded,
AR0405,2,FIRE_4,FIRE_4,BAM,1460,165,22,2,0,0,0x00001043,embedded,
AR0405,3,FIRE_4,FIRE_4,BAM,1274,454,19,7,0,0,0x00001043,embedded,
AR0405,4,FIRE_4,FIRE_4,BAM,500,837,7,13,0,0,0x00001043,embedded,
AR0405,5,FIRE_4,FIRE_4,BAM,667,758,10,11,0,0,0x00001043,embedded,
AR0405,6,FIRE_4,FIRE_4,BAM,348,966,5,15,0,0,0x00001043,embedded,
AR0405,7,FIRE_4,FIRE_4,BAM,677,1154,10,18,0,0,0x00001043,embedded,
AR0405,8,FIRE_4,FIRE_4,BAM,1161,885,18,13,0,0,0x00001043,embedded,
AR0405,9,FIRE_4,FIRE_4,BAM,1001,998,15,15,0,0,0x00001043,embedded,
AR0405,10,FIRE_4,FIRE_4,BAM,1632,549,25,8,0,0,0x00001043,embedded,
AR0405,11,FIRE_4,FIRE_4,BAM,2026,511,31,7,0,0,0x00001043,embedded,
AR0405,12,FIRE_4,FIRE_4,BAM,2171,1178,33,18,0,0,0x00001043,embedded,
AR0405,13,FIRE_4,FIRE_4,BAM,2033,1081,31,16,0,0,0x00001043,embedded,
AR0405,14,FIRE_4,FIRE_4,BAM,2175,1031,33,16,0,0,0x00001043,embedded,
AR0405,15,FIRE_4,FIRE_4,BAM,2133,785,33,12,0,0,0x00001043,embedded,
AR0405,16,FIRE_4,FIRE_4,BAM,2496,799,39,12,0,0,0x00001043,embedded,
AR0405,17,FIRE_4,FIRE_4,BAM,1784,995,27,15,0,0,0x00001043,embedded,
AR0405,18,FIRE_4,FIRE_4,BAM,1620,1110,25,17,0,0,0x00001043,embedded,
AR0405,19,FIRE_4,FIRE_4,BAM,1309,1633,20,25,0,0,0x00001043,embedded,
AR0405,20,FIRE_4,FIRE_4,BAM,1212,1566,18,24,0,0,0x00001043,embedded,
AR0405,21,FIRE_4,FIRE_4,BAM,491,1536,7,24,0,0,0x00001043,embedded,
AR0405,22,FIRE_4,FIRE_4,BAM,292,1679,4,26,0,0,0x00001043,embedded,
AR0406,13,FIRE_4,FIRE_4,BAM,712,479,11,7,0,0,0x00001043,embedded,
AR0406,14,FIRE_4,FIRE_4,BAM,835,430,13,6,0,0,0x00001043,embedded,
AR0406,15,FIRE_4,FIRE_4,BAM,991,538,15,8,0,0,0x00001043,embedded,
AR0406,16,FIRE_4,FIRE_4,BAM,1040,189,16,2,0,0,0x00001043,embedded,
AR0406,17,FIRE_4,FIRE_4,BAM,1190,292,18,4,0,0,0x00001043,embedded,
AR0406,18,FIRE_4,FIRE_4,BAM,1187,152,18,2,0,0,0x00001043,embedded,
AR0406,19,FIRE_4,FIRE_4,BAM,1319,248,20,3,0,0,0x00001043,embedded,
AR0406,20,FIRE_4,FIRE_4,BAM,1315,391,20,6,0,0,0x00001043,embedded,
AR0406,21,FIRE_4,FIRE_4,BAM,1054,447,16,6,0,0,0x00001043,embedded,
AR0406,22,FIRE_4,FIRE_4,BAM,1046,74,16,1,0,0,0x00001043,embedded,
AR0406,23,FIRE_4,FIRE_4,BAM,2443,372,38,5,0,0,0x00001043,embedded,
AR0406,24,FIRE_4,FIRE_4,BAM,2773,603,43,9,0,0,0x00001043,embedded,
AR0406,25,FIRE_4,FIRE_4,BAM,2606,485,40,7,0,0,0x00001043,embedded,
AR0406,26,FIRE_4,FIRE_4,BAM,3018,1127,47,17,0,0,0x00001043,embedded,
AR0406,27,FIRE_4,FIRE_4,BAM,3121,1269,48,19,0,0,0x00001043,embedded,
AR0406,28,FIRE_4,FIRE_4,BAM,2455,1095,38,17,0,0,0x00001043,embedded,
AR0406,29,FIRE_4,FIRE_4,BAM,2608,877,40,13,0,0,0x00001043,embedded,
AR0406,30,FIRE_4,FIRE_4,BAM,2700,946,42,14,0,0,0x00001043,embedded,
AR0406,31,FIRE_4,FIRE_4,BAM,2907,698,45,10,0,0,0x00001043,embedded,
AR0406,32,FIRE_4,FIRE_4,BAM,2303,1275,35,19,0,0,0x00001043,embedded,
AR0406,33,FIRE_4,FIRE_4,BAM,2332,1445,36,22,0,0,0x00001043,embedded,
AR0406,34,FIRE_4,FIRE_4,BAM,2382,694,37,10,0,0,0x00001043,embedded,
AR0406,35,FIRE_4,FIRE_4,BAM,3122,1387,48,21,0,0,0x00001043,embedded,
AR0406,36,FIRE_4,FIRE_4,BAM,3071,1602,47,25,0,0,0x00001043,embedded,
AR0406,37,FIRE_4,FIRE_4,BAM,3268,1712,51,26,0,0,0x00001043,embedded,
AR0406,38,FIRE_4,FIRE_4,BAM,3487,1865,54,29,0,0,0x00001043,embedded,
AR0406,39,FIRE_4,FIRE_4,BAM,2150,852,33,13,0,0,0x00001043,embedded,
AR0406,40,FIRE_4,FIRE_4,BAM,1918,1018,29,15,0,0,0x00001043,embedded,
AR0406,41,FIRE_4,FIRE_4,BAM,1737,1166,27,18,0,0,0x00001043,embedded,
AR0406,42,FIRE_4,FIRE_4,BAM,1630,1364,25,21,0,0,0x00001043,embedded,
AR0406,43,FIRE_4,FIRE_4,BAM,1053,1195,16,18,0,0,0x00001043,embedded,
AR0406,44,FIRE_4,FIRE_4,BAM,1289,1354,20,21,0,0,0x00001043,embedded,
AR0406,45,FIRE_4,FIRE_4,BAM,1449,1463,22,22,0,0,0x00001043,embedded,
AR0406,46,FIRE_4,FIRE_4,BAM,1592,1574,24,24,0,0,0x00001043,embedded,
AR0406,47,FIRE_4,FIRE_4,BAM,832,1696,13,26,0,0,0x00001043,embedded,
AR0406,48,FIRE_4,FIRE_4,BAM,605,1535,9,23,0,0,0x00001043,embedded,
AR0406,49,FIRE_4,FIRE_4,BAM,377,1668,5,26,0,0,0x00001043,embedded,
AR0504,63,FIRE_4,FIRE_4,BAM,1708,989,26,15,0,0,0x00001003,embedded,
AR0504,64,FIRE_4,FIRE_4,BAM,1596,910,24,14,0,0,0x00001003,embedded,
AR0504,65,FIRE_4,FIRE_4,BAM,1456,791,22,12,0,0,0x00001003,embedded,
AR0504,66,FIRE_4,FIRE_4,BAM,1342,723,20,11,0,0,0x00001003,embedded,
AR0504,67,FIRE_4,FIRE_4,BAM,1160,621,18,9,0,0,0x00001003,embedded,
AR0504,68,FIRE_4,FIRE_4,BAM,1342,1248,20,19,0,0,0x00001003,embedded,
AR0504,69,FIRE_4,FIRE_4,BAM,1213,1180,18,18,0,0,0x00001003,embedded,
AR0504,70,FIRE_4,FIRE_4,BAM,1064,1081,16,16,0,0,0x00001001,embedded,
AR0504,71,FIRE_4,FIRE_4,BAM,946,1006,14,15,0,0,0x00001003,embedded,
AR0504,72,FIRE_4,FIRE_4,BAM,799,865,12,13,0,0,0x00001003,embedded,
AR0504,73,FIRE_4,FIRE_4,BAM,837,1329,13,20,0,0,0x00001003,embedded,
AR0509,3,FIRE_4,FIRE_4,BAM,337,291,5,4,0,0,0x00001003,embedded,
AR0509,4,FIRE_4,FIRE_4,BAM,233,374,3,5,0,0,0x00001003,embedded,
AR0509,5,FIRE_4,FIRE_4,BAM,832,313,13,4,0,0,0x00001003,embedded,
AR0509,6,FIRE_4,FIRE_4,BAM,86,646,1,10,0,0,0x00001003,embedded,
AR0511,6,FIRE_4,FIRE_4,BAM,1557,378,24,5,0,0,0x00001003,embedded,
AR0511,7,FIRE_4,FIRE_4,BAM,575,747,8,11,0,0,0x00001003,embedded,
AR0511,8,FIRE_4,FIRE_4,BAM,714,855,11,13,0,0,0x00001003,embedded,
AR0511,9,FIRE_4,FIRE_4,BAM,414,865,6,13,0,0,0x00001003,embedded,
AR0511,10,FIRE_4,FIRE_4,BAM,482,1018,7,15,0,0,0x00001003,embedded,
AR0511,11,FIRE_4,FIRE_4,BAM,388,837,6,13,0,0,0x00001003,embedded,
AR0522,0,FIRE_4,FIRE_4,BAM,233,379,3,5,0,0,0x00001003,embedded,
AR0522,1,FIRE_4,FIRE_4,BAM,337,289,5,4,0,0,0x00001003,embedded,
AR0522,2,FIRE_4,FIRE_4,BAM,833,316,13,4,0,0,0x00001003,embedded,
AR0526,11,FIRE_4,FIRE_4,BAM,626,548,9,8,0,0,0x00001043,embedded,
AR0526,12,FIRE_4,FIRE_4,BAM,565,506,8,7,0,0,0x00001043,embedded,
AR0529,1,FIRE_4,FIRE_4,BAM,164,381,2,5,0,0,0x00001003,embedded,
AR0529,4,FIRE_4,FIRE_4,BAM,348,240,5,3,0,0,0x00001043,embedded,
AR0529,5,FIRE_4,FIRE_4,BAM,612,55,9,0,0,0,0x00001043,embedded,
AR0529,6,FIRE_4,FIRE_4,BAM,581,239,9,3,0,0,0x00001043,embedded,
AR0529,7,FIRE_4,FIRE_4,BAM,680,365,10,5,0,0,0x00001043,embedded,
AR0529,8,FIRE_4,FIRE_4,BAM,865,223,13,3,0,0,0x00001043,embedded,
AR0700,16,FIRE_4,FIRE_4,BAM,2267,1961,35,30,0,0,0x00001043,embedded,
AR0700,17,FIRE_4,FIRE_4,BAM,2267,1922,35,30,0,0,0x00001043,embedded,
AR0700,18,FIRE_4,FIRE_4,BAM,2267,1882,35,29,0,0,0x00001043,embedded,
AR0700,19,FIRE_4,FIRE_4,BAM,3090,1763,48,27,0,0,0x00001043,embedded,
AR0700,20,FIRE_4,FIRE_4,BAM,3090,1724,48,26,0,0,0x00001043,embedded,
AR0700,21,FIRE_4,FIRE_4,BAM,3090,1684,48,26,0,0,0x00001043,embedded,
AR0700,22,FIRE_4,FIRE_4,BAM,2452,2190,38,34,0,0,0x00001043,embedded,
AR0700,23,FIRE_4,FIRE_4,BAM,2452,2151,38,33,0,0,0x00001043,embedded,
AR0700,24,FIRE_4,FIRE_4,BAM,2452,2111,38,32,0,0,0x00001043,embedded,
AR0700,25,FIRE_4,FIRE_4,BAM,2859,2281,44,35,0,0,0x00001043,embedded,
AR0700,26,FIRE_4,FIRE_4,BAM,2859,2242,44,35,0,0,0x00001043,embedded,
AR0700,27,FIRE_4,FIRE_4,BAM,2859,2202,44,34,0,0,0x00001043,embedded,
AR0700,28,FIRE_4,FIRE_4,BAM,1976,2123,30,33,0,0,0x00001043,embedded,
AR0700,29,FIRE_4,FIRE_4,BAM,1976,2084,30,32,0,0,0x00001043,embedded,
AR0700,30,FIRE_4,FIRE_4,BAM,1976,2044,30,31,0,0,0x00001043,embedded,
AR0700,31,FIRE_4,FIRE_4,BAM,1800,2244,28,35,0,0,0x00001043,embedded,
AR0700,32,FIRE_4,FIRE_4,BAM,1800,2205,28,34,0,0,0x00001043,embedded,
AR0700,33,FIRE_4,FIRE_4,BAM,1800,2165,28,33,0,0,0x00001043,embedded,
AR0700,34,FIRE_4,FIRE_4,BAM,1540,2556,24,39,0,0,0x00001043,embedded,
AR0700,35,FIRE_4,FIRE_4,BAM,1540,2517,24,39,0,0,0x00001043,embedded,
AR0700,36,FIRE_4,FIRE_4,BAM,1540,2477,24,38,0,0,0x00001043,embedded,
AR0700,37,FIRE_4,FIRE_4,BAM,1706,2416,26,37,0,0,0x00001043,embedded,
AR0700,38,FIRE_4,FIRE_4,BAM,1706,2377,26,37,0,0,0x00001043,embedded,
AR0700,39,FIRE_4,FIRE_4,BAM,1706,2337,26,36,0,0,0x00001043,embedded,
AR0700,40,FIRE_4,FIRE_4,BAM,2170,2488,33,38,0,0,0x00001043,embedded,
AR0700,41,FIRE_4,FIRE_4,BAM,2170,2448,33,38,0,0,0x00001043,embedded,
AR0700,42,FIRE_4,FIRE_4,BAM,2336,2741,36,42,0,0,0x00001003,embedded,
AR0700,43,FIRE_4,FIRE_4,BAM,2336,2702,36,42,0,0,0x00001003,embedded,
AR0700,44,FIRE_4,FIRE_4,BAM,2336,2662,36,41,0,0,0x00001043,embedded,
AR0700,45,FIRE_4,FIRE_4,BAM,2497,2587,39,40,0,0,0x00001003,embedded,
AR0700,46,FIRE_4,FIRE_4,BAM,2497,2548,39,39,0,0,0x00001043,embedded,
AR0700,47,FIRE_4,FIRE_4,BAM,2742,2428,42,37,0,0,0x00001043,embedded,
AR0700,48,FIRE_4,FIRE_4,BAM,2742,2389,42,37,0,0,0x00001043,embedded,
AR0700,49,FIRE_4,FIRE_4,BAM,2088,2968,32,46,0,0,0x00001043,embedded,
AR0700,50,FIRE_4,FIRE_4,BAM,2088,2929,32,45,0,0,0x00001043,embedded,
AR0700,51,FIRE_4,FIRE_4,BAM,2088,2889,32,45,0,0,0x00001043,embedded,
AR0704,0,FIRE_4,FIRE_4,BAM,72,567,1,8,0,0,0x00001043,embedded,
AR0704,1,FIRE_4,FIRE_4,BAM,141,516,2,8,0,0,0x00001043,embedded,
AR0704,2,FIRE_4,FIRE_4,BAM,200,475,3,7,0,0,0x00001043,embedded,
AR0704,3,FIRE_4,FIRE_4,BAM,268,428,4,6,0,0,0x00001043,embedded,
AR0704,4,FIRE_4,FIRE_4,BAM,408,328,6,5,0,0,0x00001043,embedded,
AR0704,5,FIRE_4,FIRE_4,BAM,477,278,7,4,0,0,0x00001043,embedded,
AR0704,6,FIRE_4,FIRE_4,BAM,518,249,8,3,0,0,0x00001043,embedded,
AR0704,7,FIRE_4,FIRE_4,BAM,586,203,9,3,0,0,0x00001043,embedded,
AR0704,8,FIRE_4,FIRE_4,BAM,672,211,10,3,0,0,0x00001043,embedded,
AR0704,9,FIRE_4,FIRE_4,BAM,724,247,11,3,0,0,0x00001043,embedded,
AR0704,10,FIRE_4,FIRE_4,BAM,788,302,12,4,0,0,0x00001043,embedded,
AR0704,11,FIRE_4,FIRE_4,BAM,865,357,13,5,0,0,0x00001043,embedded,
AR0704,12,FIRE_4,FIRE_4,BAM,936,397,14,6,0,0,0x00001043,embedded,
AR0704,13,FIRE_4,FIRE_4,BAM,983,429,15,6,0,0,0x00001043,embedded,
AR0704,14,FIRE_4,FIRE_4,BAM,882,61,13,0,0,0,0x00001043,embedded,
AR0704,15,FIRE_4,FIRE_4,BAM,951,110,14,1,0,0,0x00001043,embedded,
AR0704,16,FIRE_4,FIRE_4,BAM,1128,233,17,3,0,0,0x00001043,embedded,
AR0704,17,FIRE_4,FIRE_4,BAM,1196,281,18,4,0,0,0x00001043,embedded,
AR0706,2,FIRE_4,FIRE_4,BAM,262,322,4,5,0,0,0x00001003,embedded,
AR0706,3,FIRE_4,FIRE_4,BAM,818,202,12,3,0,0,0x00001003,embedded,
AR0709,0,FIRE_4,FIRE_4,BAM,263,453,4,7,0,0,0x00001003,embedded,
AR0709,1,FIRE_4,FIRE_4,BAM,324,408,5,6,0,0,0x00001003,embedded,
AR0709,2,FIRE_4,FIRE_4,BAM,455,315,7,4,0,0,0x00001003,embedded,
AR0709,3,FIRE_4,FIRE_4,BAM,625,283,9,4,0,0,0x00001003,embedded,
AR0709,4,FIRE_4,FIRE_4,BAM,715,346,11,5,0,0,0x00001003,embedded,
AR0709,5,FIRE_4,FIRE_4,BAM,862,340,13,5,0,0,0x00001003,embedded,
AR0709,6,FIRE_4,FIRE_4,BAM,986,254,15,3,0,0,0x00001003,embedded,
AR0709,7,FIRE_4,FIRE_4,BAM,791,87,12,1,0,0,0x00001003,embedded,
AR0800,7,FIRE_4,FIRE_4,BAM,1730,1845,27,28,0,0,0x00001043,embedded,
AR0800,8,FIRE_4,FIRE_4,BAM,2074,1939,32,30,0,0,0x00001043,embedded,
AR0800,17,FIRE_4,FIRE_4,BAM,562,1261,8,19,0,0,0x00001043,embedded,
AR0800,29,FIRE_4,FIRE_4,BAM,2253,1391,35,21,0,0,0x00001043,embedded,
AR0800,30,FIRE_4,FIRE_4,BAM,2171,1332,33,20,0,0,0x00001043,embedded,
AR0800,31,FIRE_4,FIRE_4,BAM,2081,1270,32,19,0,0,0x00001043,embedded,
AR0800,32,FIRE_4,FIRE_4,BAM,1995,1210,31,18,0,0,0x00001043,embedded,
AR0800,33,FIRE_4,FIRE_4,BAM,551,1028,8,16,0,0,0x00001043,embedded,
AR0800,34,FIRE_4,FIRE_4,BAM,657,954,10,14,0,0,0x00001043,embedded,
AR0800,35,FIRE_4,FIRE_4,BAM,720,897,11,14,0,0,0x00001043,embedded,
AR0800,36,FIRE_4,FIRE_4,BAM,815,828,12,12,0,0,0x00001043,embedded,
AR0800,37,FIRE_4,FIRE_4,BAM,1796,2037,28,31,0,0,0x00001043,embedded,
AR0800,38,FIRE_4,FIRE_4,BAM,1896,2068,29,32,0,0,0x00001043,embedded,
AR0801,6,FIRE_4,FIRE_4,BAM,170,774,2,12,0,0,0x00001043,embedded,
AR0801,7,FIRE_4,FIRE_4,BAM,624,720,9,11,0,0,0x00001043,embedded,
AR0801,8,FIRE_4,FIRE_4,BAM,953,514,14,8,0,0,0x00001043,embedded,
AR0801,9,FIRE_4,FIRE_4,BAM,1103,464,17,7,0,0,0x00001043,embedded,
AR0801,10,FIRE_4,FIRE_4,BAM,1254,422,19,6,0,0,0x00001043,embedded,
AR0801,11,FIRE_4,FIRE_4,BAM,1388,536,21,8,0,0,0x00001043,embedded,
AR0801,12,FIRE_4,FIRE_4,BAM,1463,667,22,10,0,0,0x00001043,embedded,
AR0801,13,FIRE_4,FIRE_4,BAM,1576,1423,24,22,0,0,0x00001043,embedded,
AR0801,14,FIRE_4,FIRE_4,BAM,1727,1379,26,21,0,0,0x00001043,embedded,
AR0801,15,FIRE_4,FIRE_4,BAM,772,2394,12,37,0,0,0x00001043,embedded,
AR0801,16,FIRE_4,FIRE_4,BAM,942,3234,14,50,0,0,0x00001043,embedded,
AR0801,17,FIRE_4,FIRE_4,BAM,366,3566,5,55,0,0,0x00001043,embedded,
AR0801,18,FIRE_4,FIRE_4,BAM,501,3447,7,53,0,0,0x00001043,embedded,
AR0801,19,FIRE_4,FIRE_4,BAM,3604,1785,56,27,0,0,0x00001043,embedded,
AR0801,20,FIRE_4,FIRE_4,BAM,3702,1758,57,27,0,0,0x00001043,embedded,
AR0801,21,FIRE_4,FIRE_4,BAM,1814,601,28,9,0,0,0x00001043,embedded,
AR0801,22,FIRE_4,FIRE_4,BAM,534,1766,8,27,0,0,0x00001043,embedded,
AR0801,23,FIRE_4,FIRE_4,BAM,724,1719,11,26,0,0,0x00001043,embedded,
AR0801,24,FIRE_4,FIRE_4,BAM,883,1615,13,25,0,0,0x00001043,embedded,
AR0801,25,FIRE_4,FIRE_4,BAM,893,3537,13,55,0,0,0x00001043,embedded,
AR0802,2,FIRE_4,FIRE_4,BAM,246,368,3,5,0,0,0x00001043,embedded,
AR0802,3,FIRE_4,FIRE_4,BAM,385,466,6,7,0,0,0x00001043,embedded,
AR0802,4,FIRE_4,FIRE_4,BAM,506,551,7,8,0,0,0x00001043,embedded,
AR0802,5,FIRE_4,FIRE_4,BAM,664,662,10,10,0,0,0x00001043,embedded,
AR0802,6,FIRE_4,FIRE_4,BAM,1020,79,15,1,0,0,0x00001043,embedded,
AR0802,7,FIRE_4,FIRE_4,BAM,1143,168,17,2,0,0,0x00001043,embedded,
AR0802,8,FIRE_4,FIRE_4,BAM,1284,267,20,4,0,0,0x00001043,embedded,
AR0802,9,FIRE_4,FIRE_4,BAM,1485,408,23,6,0,0,0x00001043,embedded,
AR0802,10,FIRE_4,FIRE_4,BAM,847,209,13,3,0,0,0x00001043,embedded,
AR0802,11,FIRE_4,FIRE_4,BAM,970,302,15,4,0,0,0x00001043,embedded,
AR0802,12,FIRE_4,FIRE_4,BAM,1108,401,17,6,0,0,0x00001043,embedded,
AR0802,13,FIRE_4,FIRE_4,BAM,1266,513,19,8,0,0,0x00001043,embedded,
AR0802,14,FIRE_4,FIRE_4,BAM,467,1085,7,16,0,0,0x00001043,embedded,
AR0802,15,FIRE_4,FIRE_4,BAM,510,1290,7,20,0,0,0x00001043,embedded,
AR0802,16,FIRE_4,FIRE_4,BAM,2146,1243,33,19,0,0,0x00001043,embedded,
AR0802,17,FIRE_4,FIRE_4,BAM,154,1842,2,28,0,0,0x00001003,embedded,
AR0802,18,FIRE_4,FIRE_4,BAM,509,1761,7,27,0,0,0x00001043,embedded,
AR0802,19,FIRE_4,FIRE_4,BAM,577,2199,9,34,0,0,0x00001043,embedded,
AR0802,20,FIRE_4,FIRE_4,BAM,928,2447,14,38,0,0,0x00001043,embedded,
AR0802,21,FIRE_4,FIRE_4,BAM,1066,2256,16,35,0,0,0x00001043,embedded,
AR0802,22,FIRE_4,FIRE_4,BAM,1155,2039,18,31,0,0,0x00001043,embedded,
AR0802,23,FIRE_4,FIRE_4,BAM,1257,2106,19,32,0,0,0x00001043,embedded,
AR0802,24,FIRE_4,FIRE_4,BAM,974,1919,15,29,0,0,0x00001043,embedded,
AR0803,5,FIRE_4,FIRE_4,BAM,519,621,8,9,0,0,0x00001043,embedded,
AR0803,6,FIRE_4,FIRE_4,BAM,1017,644,15,10,0,0,0x00001043,embedded,
AR0803,7,FIRE_4,FIRE_4,BAM,1253,239,19,3,0,0,0x00001043,embedded,
AR0803,8,FIRE_4,FIRE_4,BAM,1636,350,25,5,0,0,0x00001043,embedded,
AR0803,9,FIRE_4,FIRE_4,BAM,1611,167,25,2,0,0,0x00001043,embedded,
AR0803,10,FIRE_4,FIRE_4,BAM,1100,528,17,8,0,0,0x00001003,embedded,
AR0803,11,FIRE_4,FIRE_4,BAM,1492,614,23,9,0,0,0x00001003,embedded,
AR0803,12,FIRE_4,FIRE_4,BAM,1823,237,28,3,0,0,0x00001003,embedded,
AR0808,6,FIRE_4,FIRE_4,BAM,170,774,2,12,0,0,0x00001043,embedded,
AR0808,7,FIRE_4,FIRE_4,BAM,624,720,9,11,0,0,0x00001043,embedded,
AR0808,8,FIRE_4,FIRE_4,BAM,953,514,14,8,0,0,0x00001043,embedded,
AR0808,9,FIRE_4,FIRE_4,BAM,1103,464,17,7,0,0,0x00001043,embedded,
AR0808,10,FIRE_4,FIRE_4,BAM,1254,422,19,6,0,0,0x00001043,embedded,
AR0808,11,FIRE_4,FIRE_4,BAM,1388,536,21,8,0,0,0x00001043,embedded,
AR0808,12,FIRE_4,FIRE_4,BAM,1463,667,22,10,0,0,0x00001043,embedded,
AR0808,13,FIRE_4,FIRE_4,BAM,1576,1423,24,22,0,0,0x00001043,embedded,
AR0808,14,FIRE_4,FIRE_4,BAM,1727,1379,26,21,0,0,0x00001043,embedded,
AR0808,15,FIRE_4,FIRE_4,BAM,772,2394,12,37,0,0,0x00001043,embedded,
AR0808,16,FIRE_4,FIRE_4,BAM,942,3234,14,50,0,0,0x00001043,embedded,
AR0808,17,FIRE_4,FIRE_4,BAM,366,3566,5,55,0,0,0x00001043,embedded,
AR0808,18,FIRE_4,FIRE_4,BAM,501,3447,7,53,0,0,0x00001043,embedded,
AR0808,19,FIRE_4,FIRE_4,BAM,3604,1785,56,27,0,0,0x00001043,embedded,
AR0808,20,FIRE_4,FIRE_4,BAM,3702,1758,57,27,0,0,0x00001043,embedded,
AR0808,21,FIRE_4,FIRE_4,BAM,1814,601,28,9,0,0,0x00001043,embedded,
AR0808,22,FIRE_4,FIRE_4,BAM,534,1766,8,27,0,0,0x00001043,embedded,
AR0808,23,FIRE_4,FIRE_4,BAM,724,1719,11,26,0,0,0x00001043,embedded,
AR0808,24,FIRE_4,FIRE_4,BAM,883,1615,13,25,0,0,0x00001043,embedded,
AR0808,25,FIRE_4,FIRE_4,BAM,893,3537,13,55,0,0,0x00001043,embedded,
AR0809,5,FIRE_4,FIRE_4,BAM,519,621,8,9,0,0,0x00001003,embedded,
AR0809,6,FIRE_4,FIRE_4,BAM,1017,642,15,10,0,0,0x00001003,embedded,
AR0809,7,FIRE_4,FIRE_4,BAM,1253,239,19,3,0,0,0x00001003,embedded,
AR0809,8,FIRE_4,FIRE_4,BAM,1636,350,25,5,0,0,0x00001003,embedded,
AR0809,9,FIRE_4,FIRE_4,BAM,1611,167,25,2,0,0,0x00001003,embedded,
AR0809,10,FIRE_4,FIRE_4,BAM,1102,532,17,8,0,0,0x00001003,embedded,
AR0809,11,FIRE_4,FIRE_4,BAM,1492,614,23,9,0,0,0x00001003,embedded,
AR0809,12,FIRE_4,FIRE_4,BAM,1823,237,28,3,0,0,0x00001003,embedded,
AR0904,0,FIRE_4,FIRE_4,BAM,473,107,7,1,0,0,0x00001003,embedded,
AR0904,1,FIRE_4,FIRE_4,BAM,124,297,1,4,0,0,0x00001003,embedded,
AR0904,2,FIRE_4,FIRE_4,BAM,917,1043,14,16,0,0,0x00001003,embedded,
AR0904,3,FIRE_4,FIRE_4,BAM,1583,310,24,4,0,0,0x00001003,embedded,
AR0906,65,FIRE_4,FIRE_4,BAM,1342,1249,20,19,0,0,0x00001043,embedded,
AR0906,66,FIRE_4,FIRE_4,BAM,1213,1182,18,18,0,0,0x00001043,embedded,
AR0906,67,FIRE_4,FIRE_4,BAM,1064,1082,16,16,0,0,0x00001043,embedded,
AR0906,68,FIRE_4,FIRE_4,BAM,946,1008,14,15,0,0,0x00001043,embedded,
AR0906,69,FIRE_4,FIRE_4,BAM,1160,622,18,9,0,0,0x00001043,embedded,
AR0906,70,FIRE_4,FIRE_4,BAM,799,865,12,13,0,0,0x00001043,embedded,
AR0906,71,FIRE_4,FIRE_4,BAM,1343,725,20,11,0,0,0x00001043,embedded,
AR0906,72,FIRE_4,FIRE_4,BAM,1455,791,22,12,0,0,0x00001043,embedded,
AR0906,73,FIRE_4,FIRE_4,BAM,1596,911,24,14,0,0,0x00001043,embedded,
AR0906,74,FIRE_4,FIRE_4,BAM,1708,991,26,15,0,0,0x00001043,embedded,
AR0906,75,FIRE_4,FIRE_4,BAM,164,1050,2,16,0,0,0x00001043,embedded,
AR0906,76,FIRE_4,FIRE_4,BAM,243,994,3,15,0,0,0x00001043,embedded,
AR0906,77,FIRE_4,FIRE_4,BAM,324,936,5,14,0,0,0x00001043,embedded,
AR0906,78,FIRE_4,FIRE_4,BAM,394,887,6,13,0,0,0x00001043,embedded,
AR0906,79,FIRE_4,FIRE_4,BAM,474,831,7,12,0,0,0x00001043,embedded,
AR0906,80,FIRE_4,FIRE_4,BAM,796,1002,12,15,0,0,0x00001043,embedded,
AR0906,81,FIRE_4,FIRE_4,BAM,837,1329,13,20,0,0,0x00001043,embedded,
AR0906,82,FIRE_4,FIRE_4,BAM,779,1186,12,18,0,0,0x00001043,embedded,
AR0906,83,FIRE_4,FIRE_4,BAM,966,1131,15,17,0,0,0x00001043,embedded,
AR0906,84,FIRE_4,FIRE_4,BAM,1067,1203,16,18,0,0,0x00001043,embedded,
AR0907,53,FIRE_4,FIRE_4,BAM,1890,618,29,9,0,0,0x00001043,embedded,
AR0907,54,FIRE_4,FIRE_4,BAM,1968,562,30,8,0,0,0x00001043,embedded,
AR0907,55,FIRE_4,FIRE_4,BAM,1722,218,26,3,0,0,0x00001043,embedded,
AR0907,56,FIRE_4,FIRE_4,BAM,1262,268,19,4,0,0,0x00001043,embedded,
AR1002,0,FIRE_4,FIRE_4,BAM,502,766,7,11,0,0,0x00001003,embedded,
AR1002,1,FIRE_4,FIRE_4,BAM,538,741,8,11,0,0,0x00001003,embedded,
AR1002,2,FIRE_4,FIRE_4,BAM,676,893,10,13,0,0,0x00001003,embedded,
AR1002,3,FIRE_4,FIRE_4,BAM,712,867,11,13,0,0,0x00001003,embedded,
AR1002,4,FIRE_4,FIRE_4,BAM,1059,622,16,9,0,0,0x00001003,embedded,
AR1002,5,FIRE_4,FIRE_4,BAM,1023,647,15,10,0,0,0x00001003,embedded,
AR1002,6,FIRE_4,FIRE_4,BAM,846,521,13,8,0,0,0x00001003,embedded,
AR1002,7,FIRE_4,FIRE_4,BAM,989,390,15,6,0,0,0x00001003,embedded,
AR1002,8,FIRE_4,FIRE_4,BAM,827,277,12,4,0,0,0x00001003,embedded,
AR1002,9,FIRE_4,FIRE_4,BAM,1332,632,20,9,0,0,0x00001003,embedded,
AR1005,0,FIRE_4,FIRE_4,BAM,771,683,12,10,0,0,0x00001043,embedded,
AR1005,1,FIRE_4,FIRE_4,BAM,587,530,9,8,0,0,0x00001043,embedded,
AR1005,2,FIRE_4,FIRE_4,BAM,796,467,12,7,0,0,0x00001043,embedded,
AR1005,3,FIRE_4,FIRE_4,BAM,691,560,10,8,0,0,0x00001043,embedded,
AR1005,4,FIRE_4,FIRE_4,BAM,907,406,14,6,0,0,0x00001043,embedded,
AR1005,5,FIRE_4,FIRE_4,BAM,710,247,11,3,0,0,0x00001043,embedded,
AR1005,6,FIRE_4,FIRE_4,BAM,529,375,8,5,0,0,0x00001043,embedded,
AR1005,7,FIRE_4,FIRE_4,BAM,844,249,13,3,0,0,0x00001043,embedded,
AR1005,8,FIRE_4,FIRE_4,BAM,977,312,15,4,0,0,0x00001043,embedded,
AR1005,9,FIRE_4,FIRE_4,BAM,1103,404,17,6,0,0,0x00001043,embedded,
AR1005,10,FIRE_4,FIRE_4,BAM,1256,223,19,3,0,0,0x00001043,embedded,
AR1005,11,FIRE_4,FIRE_4,BAM,1116,124,17,1,0,0,0x00001043,embedded,
AR1005,12,FIRE_4,FIRE_4,BAM,913,104,14,1,0,0,0x00001043,embedded,
AR1010,1,FIRE_4,FIRE_4,BAM,822,500,12,7,0,0,0x00001043,embedded,
AR1010,2,FIRE_4,FIRE_4,BAM,1134,720,17,11,0,0,0x00001043,embedded,
AR1010,3,FIRE_4,FIRE_4,BAM,1449,943,22,14,0,0,0x00001043,embedded,
AR1010,4,FIRE_4,FIRE_4,BAM,157,745,2,11,0,0,0x00001043,embedded,
AR1010,5,FIRE_4,FIRE_4,BAM,466,973,7,15,0,0,0x00001003,embedded,
AR1010,6,FIRE_4,FIRE_4,BAM,778,1195,12,18,0,0,0x00001003,embedded,
AR1103,1,FIRE_4,FIRE_4,BAM,490,136,7,2,0,0,0x00001003,embedded,
AR1104,1,FIRE_4,FIRE_4,BAM,265,267,4,4,0,0,0x00001003,embedded,
AR1104,2,FIRE_4,FIRE_4,BAM,417,63,6,0,0,0,0x00001003,embedded,
AR1104,4,FIRE_4,FIRE_4,BAM,867,292,13,4,0,0,0x00001003,embedded,
AR1104,5,FIRE_4,FIRE_4,BAM,1051,383,16,5,0,0,0x00001003,embedded,
AR1104,6,FIRE_4,FIRE_4,BAM,53,458,0,7,0,0,0x00001003,embedded,
AR1105,0,FIRE_4,FIRE_4,BAM,831,302,12,4,0,0,0x00001043,embedded,
AR1105,1,FIRE_4,FIRE_4,BAM,473,535,7,8,0,0,0x00001043,embedded,
AR1107,0,FIRE_4,FIRE_4,BAM,406,510,6,7,0,0,0x00001043,embedded,
AR1107,1,FIRE_4,FIRE_4,BAM,603,345,9,5,0,0,0x00001043,embedded,
AR1107,2,FIRE_4,FIRE_4,BAM,834,262,13,4,0,0,0x00001043,embedded,
AR1107,3,FIRE_4,FIRE_4,BAM,1047,334,16,5,0,0,0x00001043,embedded,
AR1201,0,FIRE_4,FIRE_4,BAM,2099,885,32,13,0,0,0x00001043,embedded,
AR1201,1,FIRE_4,FIRE_4,BAM,1488,1920,23,30,0,0,0x00001043,embedded,
AR1201,2,FIRE_4,FIRE_4,BAM,1740,1742,27,27,0,0,0x00001043,embedded,
AR1202,0,FIRE_4,FIRE_4,BAM,1671,708,26,11,0,0,0x00001043,embedded,
AR1202,1,FIRE_4,FIRE_4,BAM,1952,812,30,12,0,0,0x00001043,embedded,
AR1202,2,FIRE_4,FIRE_4,BAM,2248,615,35,9,0,0,0x00001043,embedded,
AR1202,3,FIRE_4,FIRE_4,BAM,3046,579,47,9,0,0,0x00001043,embedded,
AR1202,4,FIRE_4,FIRE_4,BAM,3175,479,49,7,0,0,0x00001043,embedded,
AR1202,5,FIRE_4,FIRE_4,BAM,3355,339,52,5,0,0,0x00001043,embedded,
AR1202,6,FIRE_4,FIRE_4,BAM,3151,793,49,12,0,0,0x00001043,embedded,
AR1202,7,FIRE_4,FIRE_4,BAM,2896,673,45,10,0,0,0x00001043,embedded,
AR1202,8,FIRE_4,FIRE_4,BAM,2690,669,42,10,0,0,0x00001043,embedded,
AR1202,9,FIRE_4,FIRE_4,BAM,2819,745,44,11,0,0,0x00001043,embedded,
AR1202,10,FIRE_4,FIRE_4,BAM,3074,1128,48,17,0,0,0x00001043,embedded,
AR1202,11,FIRE_4,FIRE_4,BAM,3217,1027,50,16,0,0,0x00001043,embedded,
AR1202,12,FIRE_4,FIRE_4,BAM,3018,885,47,13,0,0,0x00001043,embedded,
AR1202,13,FIRE_4,FIRE_4,BAM,3515,1236,54,19,0,0,0x00001043,embedded,
AR1202,14,FIRE_4,FIRE_4,BAM,3612,1319,56,20,0,0,0x00001043,embedded,
AR1202,15,FIRE_4,FIRE_4,BAM,3373,1337,52,20,0,0,0x00001043,embedded,
AR1202,16,FIRE_4,FIRE_4,BAM,2656,1328,41,20,0,0,0x00001043,embedded,
AR1202,17,FIRE_4,FIRE_4,BAM,2654,1123,41,17,0,0,0x00001043,embedded,
AR1202,18,FIRE_4,FIRE_4,BAM,2812,1031,43,16,0,0,0x00001043,embedded,
AR1202,19,FIRE_4,FIRE_4,BAM,2462,792,38,12,0,0,0x00001043,embedded,
AR1202,20,FIRE_4,FIRE_4,BAM,2408,1134,37,17,0,0,0x00001043,embedded,
AR1202,21,FIRE_4,FIRE_4,BAM,1943,1388,30,21,0,0,0x00001043,embedded,
AR1202,22,FIRE_4,FIRE_4,BAM,2205,1676,34,26,0,0,0x00001043,embedded,
AR1202,23,FIRE_4,FIRE_4,BAM,2488,1877,38,29,0,0,0x00001043,embedded,
AR1202,24,FIRE_4,FIRE_4,BAM,2728,2052,42,32,0,0,0x00001043,embedded,
AR1202,26,FIRE_4,FIRE_4,BAM,3490,2431,54,37,0,0,0x00001043,embedded,
AR1204,0,FIRE_4,FIRE_4,BAM,404,181,6,2,0,0,0x00001003,embedded,
AR1301,0,FIRE_4,FIRE_4,BAM,837,359,13,5,0,0,0x00001003,embedded,
AR1301,1,FIRE_4,FIRE_4,BAM,1242,434,19,6,0,0,0x00001003,embedded,
AR1301,2,FIRE_4,FIRE_4,BAM,1524,740,23,11,0,0,0x00001003,embedded,
AR1301,3,FIRE_4,FIRE_4,BAM,2046,771,31,12,0,0,0x00001003,embedded,
AR1301,4,FIRE_4,FIRE_4,BAM,1932,689,30,10,0,0,0x00001003,embedded,
AR1301,5,FIRE_4,FIRE_4,BAM,1503,1206,23,18,0,0,0x00001003,embedded,
AR1301,6,FIRE_4,FIRE_4,BAM,1276,1365,19,21,0,0,0x00001003,embedded,
AR1301,7,FIRE_4,FIRE_4,BAM,909,1215,14,18,0,0,0x00001003,embedded,
AR1301,8,FIRE_4,FIRE_4,BAM,1249,971,19,15,0,0,0x00001003,embedded,
AR1302,8,FIRE_4,FIRE_4,BAM,912,385,14,6,0,0,0x00001043,embedded,
AR1302,9,FIRE_4,FIRE_4,BAM,1494,624,23,9,0,0,0x00001043,embedded,
AR1302,10,FIRE_4,FIRE_4,BAM,1431,198,22,3,0,0,0x00001043,embedded,
AR1302,11,FIRE_4,FIRE_4,BAM,1224,431,19,6,0,0,0x00001043,embedded,
AR1302,12,FIRE_4,FIRE_4,BAM,1897,646,29,10,0,0,0x00001043,embedded,
AR1302,13,FIRE_4,FIRE_4,BAM,1745,801,27,12,0,0,0x00001043,embedded,
AR1302,14,FIRE_4,FIRE_4,BAM,2084,902,32,14,0,0,0x00001043,embedded,
AR1302,15,FIRE_4,FIRE_4,BAM,1573,1150,24,17,0,0,0x00001043,embedded,
AR1302,16,FIRE_4,FIRE_4,BAM,1510,810,23,12,0,0,0x00001043,embedded,
AR1302,17,FIRE_4,FIRE_4,BAM,1310,671,20,10,0,0,0x00001043,embedded,
AR1302,18,FIRE_4,FIRE_4,BAM,834,620,13,9,0,0,0x00001043,embedded,
AR1302,19,FIRE_4,FIRE_4,BAM,655,833,10,13,0,0,0x00001043,embedded,
AR1302,20,FIRE_4,FIRE_4,BAM,562,950,8,14,0,0,0x00001043,embedded,
AR1302,21,FIRE_4,FIRE_4,BAM,855,974,13,15,0,0,0x00001043,embedded,
AR1302,22,FIRE_4,FIRE_4,BAM,1046,1111,16,17,0,0,0x00001043,embedded,
AR1302,23,FIRE_4,FIRE_4,BAM,980,1244,15,19,0,0,0x00001043,embedded,
AR1302,24,FIRE_4,FIRE_4,BAM,214,736,3,11,0,0,0x00001043,embedded,
AR1302,25,FIRE_4,FIRE_4,BAM,529,359,8,5,0,0,0x00001043,embedded,
AR1302,26,FIRE_4,FIRE_4,BAM,585,1690,9,26,0,0,0x00001043,embedded,
AR1302,27,FIRE_4,FIRE_4,BAM,692,544,10,8,0,0,0x00001043,embedded,
AR1306,5,FIRE_4,FIRE_4,BAM,1431,199,22,3,0,0,0x00001043,embedded,
AR1306,6,FIRE_4,FIRE_4,BAM,1223,433,19,6,0,0,0x00001043,embedded,
AR1306,7,FIRE_4,FIRE_4,BAM,1495,626,23,9,0,0,0x00001043,embedded,
AR1306,8,FIRE_4,FIRE_4,BAM,1744,802,27,12,0,0,0x00001043,embedded,
AR1306,9,FIRE_4,FIRE_4,BAM,1897,648,29,10,0,0,0x00001043,embedded,
AR1306,10,FIRE_4,FIRE_4,BAM,2085,903,32,14,0,0,0x00001043,embedded,
AR1306,11,FIRE_4,FIRE_4,BAM,1573,1150,24,17,0,0,0x00001043,embedded,
AR1306,12,FIRE_4,FIRE_4,BAM,1509,810,23,12,0,0,0x00001043,embedded,
AR1306,13,FIRE_4,FIRE_4,BAM,1310,670,20,10,0,0,0x00001043,embedded,
AR1306,14,FIRE_4,FIRE_4,BAM,835,620,13,9,0,0,0x00001043,embedded,
AR1306,15,FIRE_4,FIRE_4,BAM,692,544,10,8,0,0,0x00001043,embedded,
AR1306,16,FIRE_4,FIRE_4,BAM,529,360,8,5,0,0,0x00001043,embedded,
AR1306,17,FIRE_4,FIRE_4,BAM,214,736,3,11,0,0,0x00001043,embedded,
AR1306,18,FIRE_4,FIRE_4,BAM,561,950,8,14,0,0,0x00001043,embedded,
AR1306,19,FIRE_4,FIRE_4,BAM,655,834,10,13,0,0,0x00001043,embedded,
AR1306,20,FIRE_4,FIRE_4,BAM,855,975,13,15,0,0,0x00001043,embedded,
AR1306,21,FIRE_4,FIRE_4,BAM,1046,1111,16,17,0,0,0x00001043,embedded,
AR1306,22,FIRE_4,FIRE_4,BAM,979,1244,15,19,0,0,0x00001043,embedded,
AR1306,23,FIRE_4,FIRE_4,BAM,585,1690,9,26,0,0,0x00001043,embedded,
AR1306,24,FIRE_4,FIRE_4,BAM,912,387,14,6,0,0,0x00001043,embedded,
AR1401,0,FIRE_4,FIRE_4,BAM,1076,608,16,9,0,0,0x00001003,embedded,
AR1401,1,FIRE_4,FIRE_4,BAM,2350,1357,36,21,0,0,0x00001003,embedded,
AR1401,2,FIRE_4,FIRE_4,BAM,2365,1842,36,28,0,0,0x00001003,embedded,
AR1401,3,FIRE_4,FIRE_4,BAM,2492,1795,38,28,0,0,0x00001003,embedded,
AR1401,4,FIRE_4,FIRE_4,BAM,1895,2278,29,35,0,0,0x00001003,embedded,
AR1401,5,FIRE_4,FIRE_4,BAM,1903,1528,29,23,0,0,0x00001043,embedded,
AR1401,6,FIRE_4,FIRE_4,BAM,1945,1558,30,24,0,0,0x00001043,embedded,
AR1511,0,FIRE_4,FIRE_4,BAM,196,361,3,5,0,0,0x00001043,embedded,
AR1511,1,FIRE_4,FIRE_4,BAM,332,268,5,4,0,0,0x00001043,embedded,
AR1512,0,FIRE_4,FIRE_4,BAM,638,618,9,9,0,0,0x00001043,embedded,
AR1512,1,FIRE_4,FIRE_4,BAM,691,795,10,12,0,0,0x00001043,embedded,
AR1512,2,FIRE_4,FIRE_4,BAM,926,824,14,12,0,0,0x00001043,embedded,
AR1512,3,FIRE_4,FIRE_4,BAM,982,613,15,9,0,0,0x00001043,embedded,
AR1512,4,FIRE_4,FIRE_4,BAM,1945,215,30,3,0,0,0x00001043,embedded,
AR1512,5,FIRE_4,FIRE_4,BAM,1724,143,26,2,0,0,0x00001043,embedded,
AR1512,6,FIRE_4,FIRE_4,BAM,2420,904,37,14,0,0,0x00001043,embedded,
AR1512,7,FIRE_4,FIRE_4,BAM,2670,746,41,11,0,0,0x00001043,embedded,
AR1512,8,FIRE_4,FIRE_4,BAM,2270,1050,35,16,0,0,0x00001043,embedded,
AR1512,9,FIRE_4,FIRE_4,BAM,1750,1286,27,20,0,0,0x00001043,embedded,
AR1512,10,FIRE_4,FIRE_4,BAM,1574,797,24,12,0,0,0x00001043,embedded,
AR1512,11,FIRE_4,FIRE_4,BAM,788,1052,12,16,0,0,0x00001043,embedded,
AR1512,12,FIRE_4,FIRE_4,BAM,1206,1785,18,27,0,0,0x00001043,embedded,
AR1512,13,FIRE_4,FIRE_4,BAM,599,2087,9,32,0,0,0x00001043,embedded,
AR1512,15,FIRE_4,FIRE_4,BAM,840,1919,13,29,0,0,0x00001003,embedded,
AR1513,0,FIRE_4,FIRE_4,BAM,2102,214,32,3,0,0,0x00001043,embedded,
AR1513,1,FIRE_4,FIRE_4,BAM,2126,424,33,6,0,0,0x00001043,embedded,
AR1513,2,FIRE_4,FIRE_4,BAM,1906,350,29,5,0,0,0x00001043,embedded,
AR1513,3,FIRE_4,FIRE_4,BAM,2704,832,42,13,0,0,0x00001043,embedded,
AR1513,4,FIRE_4,FIRE_4,BAM,2655,1328,41,20,0,0,0x00001043,embedded,
AR1513,5,FIRE_4,FIRE_4,BAM,2393,1513,37,23,0,0,0x00001043,embedded,
AR1513,6,FIRE_4,FIRE_4,BAM,2113,1613,33,25,0,0,0x00001043,embedded,
AR1513,7,FIRE_4,FIRE_4,BAM,1946,1793,30,28,0,0,0x00001043,embedded,
AR1513,8,FIRE_4,FIRE_4,BAM,1726,1945,26,30,0,0,0x00001043,embedded,
AR1513,9,FIRE_4,FIRE_4,BAM,1511,2100,23,32,0,0,0x00001043,embedded,
AR1513,10,FIRE_4,FIRE_4,BAM,1236,2097,19,32,0,0,0x00001043,embedded,
AR1513,11,FIRE_4,FIRE_4,BAM,742,644,11,10,0,0,0x00001043,embedded,
AR1513,12,FIRE_4,FIRE_4,BAM,928,722,14,11,0,0,0x00001043,embedded,
AR1513,13,FIRE_4,FIRE_4,BAM,1252,945,19,14,0,0,0x00001043,embedded,
AR1513,14,FIRE_4,FIRE_4,BAM,1874,1445,29,22,0,0,0x00001043,embedded,
AR1513,15,FIRE_4,FIRE_4,BAM,1620,1266,25,19,0,0,0x00001043,embedded,
AR1513,16,FIRE_4,FIRE_4,BAM,589,1515,9,23,0,0,0x00001043,embedded,
AR1513,17,FIRE_4,FIRE_4,BAM,917,1686,14,26,0,0,0x00001043,embedded,
AR1514,0,FIRE_4,FIRE_4,BAM,1942,208,30,3,0,0,0x00001003,embedded,
AR1514,1,FIRE_4,FIRE_4,BAM,2167,188,33,2,0,0,0x00001003,embedded,
AR1514,2,FIRE_4,FIRE_4,BAM,2366,289,36,4,0,0,0x00001003,embedded,
AR1514,3,FIRE_4,FIRE_4,BAM,2041,488,31,7,0,0,0x00001003,embedded,
AR1514,4,FIRE_4,FIRE_4,BAM,1568,795,24,12,0,0,0x00001003,embedded,
AR1514,5,FIRE_4,FIRE_4,BAM,2039,843,31,13,0,0,0x00001003,embedded,
AR1514,6,FIRE_4,FIRE_4,BAM,1793,1015,28,15,0,0,0x00001003,embedded,
AR1514,7,FIRE_4,FIRE_4,BAM,2022,1087,31,16,0,0,0x00001003,embedded,
AR1514,8,FIRE_4,FIRE_4,BAM,2286,1184,35,18,0,0,0x00001003,embedded,
AR1514,9,FIRE_4,FIRE_4,BAM,2418,1398,37,21,0,0,0x00001003,embedded,
AR1514,10,FIRE_4,FIRE_4,BAM,2417,1588,37,24,0,0,0x00001003,embedded,
AR1514,11,FIRE_4,FIRE_4,BAM,1625,1133,25,17,0,0,0x00001003,embedded,
AR1514,12,FIRE_4,FIRE_4,BAM,1303,1779,20,27,0,0,0x00001003,embedded,
AR1514,13,FIRE_4,FIRE_4,BAM,1083,1692,16,26,0,0,0x00001003,embedded,
AR1514,14,FIRE_4,FIRE_4,BAM,621,1550,9,24,0,0,0x00001003,embedded,
AR1514,15,FIRE_4,FIRE_4,BAM,1033,1419,16,22,0,0,0x00001003,embedded,
AR1514,16,FIRE_4,FIRE_4,BAM,929,1347,14,21,0,0,0x00001003,embedded,
AR1514,17,FIRE_4,FIRE_4,BAM,484,1301,7,20,0,0,0x00001003,embedded,
AR1514,18,FIRE_4,FIRE_4,BAM,790,1008,12,15,0,0,0x00001003,embedded,
AR1514,19,FIRE_4,FIRE_4,BAM,763,1084,11,16,0,0,0x00001003,embedded,
AR1514,20,FIRE_4,FIRE_4,BAM,654,923,10,14,0,0,0x00001003,embedded,
AR1514,21,FIRE_4,FIRE_4,BAM,369,889,5,13,0,0,0x00001003,embedded,
AR1514,22,FIRE_4,FIRE_4,BAM,704,793,11,12,0,0,0x00001003,embedded,
AR1514,23,FIRE_4,FIRE_4,BAM,500,622,7,9,0,0,0x00001003,embedded,
AR1514,24,FIRE_4,FIRE_4,BAM,829,518,12,8,0,0,0x00001003,embedded,
AR1514,25,FIRE_4,FIRE_4,BAM,1076,616,16,9,0,0,0x00001003,embedded,
AR1516,0,FIRE_4,FIRE_4,BAM,1687,620,26,9,0,0,0x00001003,embedded,
AR1516,1,FIRE_4,FIRE_4,BAM,1577,540,24,8,0,0,0x00001003,embedded,
AR1516,2,FIRE_4,FIRE_4,BAM,1787,1143,27,17,0,0,0x00001043,embedded,
AR1516,3,FIRE_4,FIRE_4,BAM,1677,1223,26,19,0,0,0x00001043,embedded,
AR1516,4,FIRE_4,FIRE_4,BAM,1602,1276,25,19,0,0,0x00001043,embedded,
AR1516,5,FIRE_4,FIRE_4,BAM,1490,1356,23,21,0,0,0x00001043,embedded,
AR1516,6,FIRE_4,FIRE_4,BAM,1386,1429,21,22,0,0,0x00001043,embedded,
AR1516,7,FIRE_4,FIRE_4,BAM,1280,1503,20,23,0,0,0x00001043,embedded,
AR1516,8,FIRE_4,FIRE_4,BAM,762,1231,11,19,0,0,0x00001043,embedded,
AR1516,9,FIRE_4,FIRE_4,BAM,872,1307,13,20,0,0,0x00001043,embedded,
AR1516,10,FIRE_4,FIRE_4,BAM,1924,1050,30,16,0,0,0x00001043,embedded,
AR1516,11,FIRE_4,FIRE_4,BAM,2025,978,31,15,0,0,0x00001043,embedded,
AR1603,2,FIRE_4,FIRE_4,BAM,819,202,12,3,0,0,0x00001043,embedded,
AR1603,3,FIRE_4,FIRE_4,BAM,263,322,4,5,0,0,0x00001043,embedded,
AR1604,0,FIRE_4,FIRE_4,BAM,168,648,2,10,0,0,0x00001043,embedded,
AR1604,1,FIRE_4,FIRE_4,BAM,242,770,3,12,0,0,0x00001043,embedded,
AR1604,2,FIRE_4,FIRE_4,BAM,330,706,5,11,0,0,0x00001043,embedded,
AR1604,3,FIRE_4,FIRE_4,BAM,512,785,8,12,0,0,0x00001043,embedded,
AR1604,4,FIRE_4,FIRE_4,BAM,482,580,7,9,0,0,0x00001043,embedded,
AR1604,5,FIRE_4,FIRE_4,BAM,614,638,9,9,0,0,0x00001043,embedded,
AR1604,6,FIRE_4,FIRE_4,BAM,567,483,8,7,0,0,0x00001043,embedded,
AR1604,7,FIRE_4,FIRE_4,BAM,695,542,10,8,0,0,0x00001043,embedded,
AR1604,8,FIRE_4,FIRE_4,BAM,582,380,9,5,0,0,0x00001043,embedded,
AR1604,9,FIRE_4,FIRE_4,BAM,668,288,10,4,0,0,0x00001043,embedded,
AR1604,10,FIRE_4,FIRE_4,BAM,891,388,13,6,0,0,0x00001043,embedded,
AR1604,11,FIRE_4,FIRE_4,BAM,809,480,12,7,0,0,0x00001043,embedded,
AR1604,12,FIRE_4,FIRE_4,BAM,1002,565,15,8,0,0,0x00001043,embedded,
AR1604,13,FIRE_4,FIRE_4,BAM,1089,474,17,7,0,0,0x00001043,embedded,
AR1604,14,FIRE_4,FIRE_4,BAM,1261,551,19,8,0,0,0x00001043,embedded,
AR1604,15,FIRE_4,FIRE_4,BAM,1001,669,15,10,0,0,0x00001043,embedded,
AR1604,16,FIRE_4,FIRE_4,BAM,1095,720,17,11,0,0,0x00001043,embedded,
AR1604,17,FIRE_4,FIRE_4,BAM,164,308,2,4,0,0,0x00001043,embedded,
AR1604,18,FIRE_4,FIRE_4,BAM,275,356,4,5,0,0,0x00001043,embedded,
AR1604,19,FIRE_4,FIRE_4,BAM,309,130,4,2,0,0,0x00001043,embedded,
AR1604,20,FIRE_4,FIRE_4,BAM,476,204,7,3,0,0,0x00001043,embedded,
AR1604,21,FIRE_4,FIRE_4,BAM,394,295,6,4,0,0,0x00001043,embedded,
AR1606,0,FIRE_4,FIRE_4,BAM,355,155,5,2,0,0,0x00001043,embedded,
AR1606,1,FIRE_4,FIRE_4,BAM,620,122,9,1,0,0,0x00001043,embedded,
AR1608,0,FIRE_4,FIRE_4,BAM,170,59,2,0,0,0,0x00001043,embedded,
AR1608,1,FIRE_4,FIRE_4,BAM,299,137,4,2,0,0,0x00001043,embedded,
AR1608,2,FIRE_4,FIRE_4,BAM,498,276,7,4,0,0,0x00001043,embedded,
AR1608,3,FIRE_4,FIRE_4,BAM,697,418,10,6,0,0,0x00001043,embedded,
AR1608,4,FIRE_4,FIRE_4,BAM,995,628,15,9,0,0,0x00001043,embedded,
AR1608,5,FIRE_4,FIRE_4,BAM,1092,709,17,11,0,0,0x00001043,embedded,
AR1613,0,FIRE_4,FIRE_4,BAM,245,180,3,2,0,0,0x00001043,embedded,
AR2001,2,FIRE_4,FIRE_4,BAM,262,322,4,5,0,0,0x00001043,embedded,
AR2001,3,FIRE_4,FIRE_4,BAM,819,202,12,3,0,0,0x00001043,embedded,
AR2002,0,FIRE_4,FIRE_4,BAM,355,157,5,2,0,0,0x00001043,embedded,
AR2002,1,FIRE_4,FIRE_4,BAM,620,122,9,1,0,0,0x00001043,embedded,
AR2007,4,FIRE_4,FIRE_4,BAM,433,448,6,7,0,0,0x00001043,embedded,
AR2007,5,FIRE_4,FIRE_4,BAM,532,517,8,8,0,0,0x00001043,embedded,
AR2007,6,FIRE_4,FIRE_4,BAM,476,696,7,10,0,0,0x00001043,embedded,
AR2007,7,FIRE_4,FIRE_4,BAM,566,632,8,9,0,0,0x00001043,embedded,
AR2007,8,FIRE_4,FIRE_4,BAM,926,112,14,1,0,0,0x00001043,embedded,
AR2007,13,FIRE_4,FIRE_4,BAM,945,356,14,5,0,0,0x00001043,embedded,
AR2007,14,FIRE_4,FIRE_4,BAM,1050,281,16,4,0,0,0x00001043,embedded,
AR2007,17,FIRE_4,FIRE_4,BAM,1045,501,16,7,0,0,0x00001043,embedded,
AR2007,18,FIRE_4,FIRE_4,BAM,954,439,14,6,0,0,0x00001043,embedded,
AR2007,20,FIRE_4,FIRE_4,BAM,789,320,12,5,0,0,0x00001043,embedded,
AR2007,21,FIRE_4,FIRE_4,BAM,702,262,10,4,0,0,0x00001043,embedded,
AR2008,1,FIRE_4,FIRE_4,BAM,822,501,12,7,0,0,0x00001043,embedded,
AR2008,2,FIRE_4,FIRE_4,BAM,1448,944,22,14,0,0,0x00001043,embedded,
AR2008,3,FIRE_4,FIRE_4,BAM,157,746,2,11,0,0,0x00001043,embedded,
AR2008,4,FIRE_4,FIRE_4,BAM,466,973,7,15,0,0,0x00001003,embedded,
AR2008,5,FIRE_4,FIRE_4,BAM,778,1195,12,18,0,0,0x00001003,embedded,
AR2008,6,FIRE_4,FIRE_4,BAM,1134,721,17,11,0,0,0x00001003,embedded,
AR2009,0,FIRE_4,FIRE_4,BAM,343,380,5,5,0,0,0x00001043,embedded,
AR2009,1,FIRE_4,FIRE_4,BAM,447,304,6,4,0,0,0x00001043,embedded,
AR2009,2,FIRE_4,FIRE_4,BAM,232,460,3,7,0,0,0x00001003,embedded,
AR2009,3,FIRE_4,FIRE_4,BAM,391,166,6,2,0,0,0x00001043,embedded,
AR2009,4,FIRE_4,FIRE_4,BAM,519,210,8,3,0,0,0x00001043,embedded,
AR2208,0,FIRE_4,FIRE_4,BAM,196,361,3,5,0,0,0x00001043,embedded,
AR2208,1,FIRE_4,FIRE_4,BAM,332,268,5,4,0,0,0x00001043,embedded,
AR5000,0,FIRE_4,FIRE_4,BAM,1325,2292,20,35,0,0,0x00001043,embedded,
AR5000,1,FIRE_4,FIRE_4,BAM,909,2228,14,34,0,0,0x00001043,embedded,
AR5000,2,FIRE_4,FIRE_4,BAM,567,2077,8,32,0,0,0x00001043,embedded,
AR5000,3,FIRE_4,FIRE_4,BAM,1740,1666,27,26,0,0,0x00001043,embedded,
AR5000,4,FIRE_4,FIRE_4,BAM,1883,1506,29,23,0,0,0x00001043,embedded,
AR5000,5,FIRE_4,FIRE_4,BAM,1494,1492,23,23,0,0,0x00001043,embedded,
AR5000,6,FIRE_4,FIRE_4,BAM,1636,1332,25,20,0,0,0x00001043,embedded,
AR5000,7,FIRE_4,FIRE_4,BAM,1763,1208,27,18,0,0,0x00001043,embedded,
AR5000,11,FIRE_4,FIRE_4,BAM,2283,611,35,9,0,0,0x00001043,embedded,
AR5000,12,FIRE_4,FIRE_4,BAM,2303,625,35,9,0,0,0x00001043,embedded,
AR5000,14,FIRE_4,FIRE_4,BAM,2621,850,40,13,0,0,0x00001043,embedded,
AR5000,15,FIRE_4,FIRE_4,BAM,2640,863,41,13,0,0,0x00001043,embedded,
AR5000,16,FIRE_4,FIRE_4,BAM,1983,2293,30,35,0,0,0x00001043,embedded,
AR5006,0,FIRE_4,FIRE_4,BAM,771,683,12,10,0,0,0x00001043,embedded,
AR5006,1,FIRE_4,FIRE_4,BAM,587,530,9,8,0,0,0x00001043,embedded,
AR5006,2,FIRE_4,FIRE_4,BAM,796,467,12,7,0,0,0x00001043,embedded,
AR5006,3,FIRE_4,FIRE_4,BAM,691,560,10,8,0,0,0x00001043,embedded,
AR5006,4,FIRE_4,FIRE_4,BAM,907,406,14,6,0,0,0x00001043,embedded,
AR5006,5,FIRE_4,FIRE_4,BAM,710,247,11,3,0,0,0x00001043,embedded,
AR5006,6,FIRE_4,FIRE_4,BAM,529,375,8,5,0,0,0x00001043,embedded,
AR5006,7,FIRE_4,FIRE_4,BAM,844,249,13,3,0,0,0x00001043,embedded,
AR5006,8,FIRE_4,FIRE_4,BAM,977,312,15,4,0,0,0x00001043,embedded,
AR5006,9,FIRE_4,FIRE_4,BAM,1103,404,17,6,0,0,0x00001043,embedded,
AR5006,10,FIRE_4,FIRE_4,BAM,1256,223,19,3,0,0,0x00001043,embedded,
AR5006,11,FIRE_4,FIRE_4,BAM,1116,124,17,1,0,0,0x00001043,embedded,
AR5006,12,FIRE_4,FIRE_4,BAM,913,104,14,1,0,0,0x00001043,embedded,
AR5007,0,FIRE_4,FIRE_4,BAM,392,771,6,12,0,0,0x00001003,embedded,
AR5007,1,FIRE_4,FIRE_4,BAM,506,689,7,10,0,0,0x00001003,embedded,
AR5007,2,FIRE_4,FIRE_4,BAM,915,741,14,11,0,0,0x00001003,embedded,
AR5007,3,FIRE_4,FIRE_4,BAM,1190,970,18,15,0,0,0x00001003,embedded,
AR5007,4,FIRE_4,FIRE_4,BAM,1528,1213,23,18,0,0,0x00001003,embedded,
AR5007,5,FIRE_4,FIRE_4,BAM,1161,1365,18,21,0,0,0x00001003,embedded,
AR5007,6,FIRE_4,FIRE_4,BAM,935,1204,14,18,0,0,0x00001003,embedded,
AR5007,7,FIRE_4,FIRE_4,BAM,1195,433,18,6,0,0,0x00001003,embedded,
AR5007,8,FIRE_4,FIRE_4,BAM,1606,346,25,5,0,0,0x00001003,embedded,
AR5012,0,FIRE_4,FIRE_4,BAM,150,102,2,1,0,0,0x00001003,embedded,
AR5012,1,FIRE_4,FIRE_4,BAM,328,124,5,1,0,0,0x00001003,embedded,
AR5012,2,FIRE_4,FIRE_4,BAM,147,327,2,5,0,0,0x00001003,embedded,
AR5012,3,FIRE_4,FIRE_4,BAM,684,191,10,2,0,0,0x00001003,embedded,
AR5012,4,FIRE_4,FIRE_4,BAM,553,99,8,1,0,0,0x00001003,embedded,
AR5012,5,FIRE_4,FIRE_4,BAM,681,364,10,5,0,0,0x00001003,embedded,
AR5016,0,FIRE_4,FIRE_4,BAM,343,380,5,5,0,0,0x00001043,embedded,
AR5016,1,FIRE_4,FIRE_4,BAM,447,304,6,4,0,0,0x00001043,embedded,
AR5016,2,FIRE_4,FIRE_4,BAM,232,460,3,7,0,0,0x00001003,embedded,
AR5016,3,FIRE_4,FIRE_4,BAM,391,166,6,2,0,0,0x00001043,embedded,
AR5016,4,FIRE_4,FIRE_4,BAM,519,210,8,3,0,0,0x00001043,embedded,
AR5202,1,FIRE_4,FIRE_4,BAM,1453,570,22,8,0,0,0x00001043,embedded,
AR5202,2,FIRE_4,FIRE_4,BAM,1200,389,18,6,0,0,0x00001043,embedded,
AR5202,3,FIRE_4,FIRE_4,BAM,980,544,15,8,0,0,0x00001043,embedded,
AR5202,4,FIRE_4,FIRE_4,BAM,593,817,9,12,0,0,0x00001043,embedded,
AR5202,5,FIRE_4,FIRE_4,BAM,809,1116,12,17,0,0,0x00001043,embedded,
AR5202,6,FIRE_4,FIRE_4,BAM,1050,723,16,11,0,0,0x00001003,embedded,
AR5202,7,FIRE_4,FIRE_4,BAM,1311,771,20,12,0,0,0x00001043,embedded,
AR5503,0,FIRE_4,FIRE_4,BAM,151,152,2,2,0,0,0x00001003,embedded,
AR5503,1,FIRE_4,FIRE_4,BAM,294,50,4,0,0,0,0x00001003,embedded,
AR5503,2,FIRE_4,FIRE_4,BAM,436,152,6,2,0,0,0x00001003,embedded,
OH4210,18,Torch_Small,FIRE_4,BAM,1972,812,30,12,0,0,0x00001043,embedded,
OH4210,19,Torch_Small,FIRE_4,BAM,2149,445,33,6,0,0,0x00001043,embedded,
OH4210,20,Torch_Small,FIRE_4,BAM,2312,559,36,8,0,0,0x00001043,embedded,
OH4210,21,Torch_Small,FIRE_4,BAM,2464,664,38,10,0,0,0x00001043,embedded,
OH4210,22,Torch_Small,FIRE_4,BAM,1227,189,19,2,0,0,0x00001043,embedded,
OH4210,23,Torch_Small,FIRE_4,BAM,1094,286,17,4,0,0,0x00001043,embedded,
OH4210,24,Torch_Small,FIRE_4,BAM,935,350,14,5,0,0,0x00001043,embedded,
OH4210,25,Torch_Small,FIRE_4,BAM,1180,521,18,8,0,0,0x00001043,embedded,
OH4210,26,Torch_Small,FIRE_4,BAM,941,838,14,13,0,0,0x00001043,embedded,
OH4210,28,Torch_Small,FIRE_4,BAM,821,357,12,5,0,0,0x00001043,embedded,
OH4210,29,Torch_Small,FIRE_4,BAM,644,308,10,4,0,0,0x00001043,embedded,
OH4210,30,Torch_Small,FIRE_4,BAM,424,360,6,5,0,0,0x00001043,embedded,
OH4210,31,Torch_Small,FIRE_4,BAM,269,509,4,7,0,0,0x00001043,embedded,
OH4210,32,Torch_Small,FIRE_4,BAM,501,663,7,10,0,0,0x00001043,embedded,
OH4210,33,Torch_Small,FIRE_4,BAM,789,723,12,11,0,0,0x00001043,embedded,
OH4210,34,Torch_Small,FIRE_4,BAM,43,985,0,15,0,0,0x00001043,embedded,
OH4210,35,Torch_Small,FIRE_4,BAM,298,1134,4,17,0,0,0x00001043,embedded,
OH4210,36,Torch_Small,FIRE_4,BAM,483,1261,7,19,0,0,0x00001043,embedded,
OH4210,37,Torch_Small,FIRE_4,BAM,702,1376,10,21,0,0,0x00001043,embedded,
OH4210,44,Torch_Small,FIRE_4,BAM,1167,1022,18,15,0,0,0x00001043,embedded,
OH5300,0,Animation 1,FIRE_4,BAM,961,639,15,9,0,0,0x00001023,embedded,
OH5300,1,Animation 1,FIRE_4,BAM,1340,551,20,8,0,0,0x00001023,embedded,
OH5300,2,Animation 1,FIRE_4,BAM,942,766,14,11,0,0,0x00001023,embedded,
OH5300,3,Animation 1,FIRE_4,BAM,942,767,14,11,0,0,0x00001023,embedded,
OH5300,4,Animation 1,FIRE_4,BAM,695,939,10,14,0,0,0x00001023,embedded,
OH5300,5,Animation 1,FIRE_4,BAM,840,1208,13,18,0,0,0x00001023,embedded,
OH5300,6,Animation 1,FIRE_4,BAM,1294,1223,20,19,0,0,0x00001023,embedded,
OH5300,7,Animation 1,FIRE_4,BAM,1532,1053,23,16,0,0,0x00001023,embedded,
OH6100,0,Torch,FIRE_4,BAM,1214,460,18,7,0,0,0x00001043,embedded,
OH6100,1,Torch,FIRE_4,BAM,1267,666,19,10,0,0,0x00001043,embedded,
OH6100,2,Torch,FIRE_4,BAM,1520,907,23,14,0,0,0x00001043,embedded,
OH6100,3,Torch,FIRE_4,BAM,1409,1176,22,18,0,0,0x00001043,embedded,
OH6100,4,Torch,FIRE_4,BAM,1858,922,29,14,0,0,0x00001043,embedded,
OH6100,5,Torch,FIRE_4,BAM,1150,911,17,14,0,0,0x00001043,embedded,
OH6100,6,Torch,FIRE_4,BAM,839,834,13,13,0,0,0x00001043,embedded,
OH6100,7,Torch,FIRE_4,BAM,972,570,15,8,0,0,0x00001043,embedded,
OH6100,8,Torch,FIRE_4,BAM,1644,505,25,7,0,0,0x00001043,embedded,
OH6200,0,Animation 1,FIRE_4,BAM,1214,460,18,7,0,0,0x00001043,embedded,
OH6200,1,Animation 1,FIRE_4,BAM,1267,666,19,10,0,0,0x00001043,embedded,
OH6200,2,Animation 1,FIRE_4,BAM,1520,907,23,14,0,0,0x00001043,embedded,
OH6200,3,Animation 1,FIRE_4,BAM,1409,1176,22,18,0,0,0x00001043,embedded,
OH6200,4,Animation 1,FIRE_4,BAM,1858,922,29,14,0,0,0x00001043,embedded,
OH6200,5,Animation 1,FIRE_4,BAM,1150,911,17,14,0,0,0x00001043,embedded,
OH6200,6,Animation 1,FIRE_4,BAM,839,834,13,13,0,0,0x00001043,embedded,
OH6200,7,Animation 1,FIRE_4,BAM,972,570,15,8,0,0,0x00001043,embedded,
OH6200,8,Animation 1,FIRE_4,BAM,1644,505,25,7,0,0,0x00001043,embedded,
OH6450,0,Animation 1,FIRE_4,BAM,1405,414,21,6,0,0,0x00001063,embedded,
OH6450,1,Animation 1,FIRE_4,BAM,1585,491,24,7,0,0,0x00001063,embedded,
OH6450,2,Animation 1,FIRE_4,BAM,1873,752,29,11,0,0,0x00001023,embedded,
OH6450,3,Animation 1,FIRE_4,BAM,1505,1086,23,16,0,0,0x00001063,embedded,
OH6450,4,Animation 1,FIRE_4,BAM,1042,1068,16,16,0,0,0x00001063,embedded,
OH6450,5,Animation 1,FIRE_4,BAM,999,726,15,11,0,0,0x00001063,embedded,
OH6450,6,Animation 1,FIRE_4,BAM,913,550,14,8,0,0,0x00001063,embedded,
OH6450,7,Animation 1,FIRE_4,BAM,1080,664,16,10,0,0,0x00001063,embedded,
OH6450,8,Animation 1,FIRE_4,BAM,1474,643,23,10,0,0,0x00001063,embedded,
OH6450,9,Animation 1,FIRE_4,BAM,1559,704,24,11,0,0,0x00001063,embedded,
OH6450,10,Animation 1,FIRE_4,BAM,631,534,9,8,0,0,0x00001023,embedded,
OH6450,11,Animation 1,FIRE_4,BAM,538,723,8,11,0,0,0x00001063,embedded,
OH6450,12,Animation 1,FIRE_4,BAM,580,972,9,15,0,0,0x00001063,embedded,
OH6450,13,Animation 1,FIRE_4,BAM,1162,1308,18,20,0,0,0x00001063,embedded,
OH6450,14,Animation 1,FIRE_4,BAM,1898,1058,29,16,0,0,0x00001023,embedded,
OH6450,15,Animation 1,FIRE_4,BAM,2000,837,31,13,0,0,0x00001063,embedded,
OH6450,16,Animation 1,FIRE_4,BAM,1961,617,30,9,0,0,0x00001063,embedded,
OH6450,17,Animation 1,FIRE_4,BAM,1588,1023,24,15,0,0,0x00001063,embedded,
OH6450,18,Animation 1,FIRE_4,BAM,685,1016,10,15,0,0,0x00001063,embedded,
OH6460,0,Animation 1,FIRE_4,BAM,1389,720,21,11,0,0,0x00001263,embedded,
OH6460,1,Animation 1,FIRE_4,BAM,1757,1080,27,16,0,0,0x00001263,embedded,
OH6460,2,Animation 1,FIRE_4,BAM,2193,772,34,12,0,0,0x00001263,embedded,
OH6460,3,Animation 1,FIRE_4,BAM,2356,657,36,10,0,0,0x00001263,embedded,
OH6460,4,Animation 1,FIRE_4,BAM,1323,1386,20,21,0,0,0x00001263,embedded,
OH6460,5,Animation 1,FIRE_4,BAM,1041,1696,16,26,0,0,0x00001263,embedded,
OH6460,6,Animation 1,FIRE_4,BAM,594,2011,9,31,0,0,0x00001263,embedded,
OH6460,7,Animation 1,FIRE_4,BAM,167,2312,2,36,0,0,0x00001263,embedded,
OH6460,8,Animation 1,FIRE_4,BAM,468,2462,7,38,0,0,0x00001263,embedded,
OH6460,9,Animation 1,FIRE_4,BAM,461,2702,7,42,0,0,0x00001263,embedded,
OH6460,10,Animation 1,FIRE_4,BAM,103,2641,1,41,0,0,0x00001263,embedded,
OH6460,11,Animation 1,FIRE_4,BAM,700,2626,10,41,0,0,0x00001263,embedded,
OH6460,12,Animation 1,FIRE_4,BAM,842,2729,13,42,0,0,0x00001263,embedded,
OH6460,13,Animation 1,FIRE_4,BAM,862,2929,13,45,0,0,0x00001263,embedded,
OH6460,14,Animation 1,FIRE_4,BAM,1021,2814,15,43,0,0,0x00001263,embedded,
OH6460,15,Animation 1,FIRE_4,BAM,1166,2713,18,42,0,0,0x00001263,embedded,
OH6460,16,Animation 1,FIRE_4,BAM,1598,2961,24,46,0,0,0x00001263,embedded,
OH6460,17,Animation 1,FIRE_4,BAM,2283,3320,35,51,0,0,0x00001263,embedded,
OH6460,18,Animation 1,FIRE_4,BAM,2376,3254,37,50,0,0,0x00001263,embedded,
OH6460,19,Animation 1,FIRE_4,BAM,2648,3060,41,47,0,0,0x00001263,embedded,
OH6460,20,Animation 1,FIRE_4,BAM,2740,2996,42,46,0,0,0x00001263,embedded,
OH6460,21,Animation 1,FIRE_4,BAM,3081,2844,48,44,0,0,0x00001263,embedded,
OH6460,22,Animation 1,FIRE_4,BAM,3284,3148,51,49,0,0,0x00001263,embedded,
OH6460,23,Animation 1,FIRE_4,BAM,3400,3003,53,46,0,0,0x00001263,embedded,
OH6460,24,Animation 1,FIRE_4,BAM,3627,2870,56,44,0,0,0x00001263,embedded,
OH6460,25,Animation 1,FIRE_4,BAM,3815,2824,59,44,0,0,0x00001263,embedded,
OH6460,26,Animation 1,FIRE_4,BAM,4029,2818,62,44,0,0,0x00001263,embedded,
OH6460,27,Animation 1,FIRE_4,BAM,4233,2859,66,44,0,0,0x00001263,embedded,
OH6460,28,Animation 1,FIRE_4,BAM,4321,2888,67,45,0,0,0x00001263,embedded,
OH6460,29,Animation 1,FIRE_4,BAM,4486,2987,70,46,0,0,0x00001263,embedded,
OH6460,30,Animation 1,FIRE_4,BAM,4641,2955,72,46,0,0,0x00001263,embedded,
OH6460,31,Animation 1,FIRE_4,BAM,4787,2903,74,45,0,0,0x00001263,embedded,
OH6460,32,Animation 1,FIRE_4,BAM,4920,2858,76,44,0,0,0x00001263,embedded,
OH6460,33,Animation 1,FIRE_4,BAM,5069,2809,79,43,0,0,0x00001263,embedded,
OH6460,34,Animation 1,FIRE_4,BAM,4654,3247,72,50,0,0,0x00001263,embedded,
OH6460,35,Animation 1,FIRE_4,BAM,4655,3400,72,53,0,0,0x00001223,embedded,
OH6460,36,Animation 1,FIRE_4,BAM,4202,3244,65,50,0,0,0x00001263,embedded,
OH6460,37,Animation 1,FIRE_4,BAM,3714,3240,58,50,0,0,0x00001263,embedded,
OH6460,38,Animation 1,FIRE_4,BAM,3905,2485,61,38,0,0,0x00001263,embedded,
OH6460,39,Animation 1,FIRE_4,BAM,3389,2732,52,42,0,0,0x00001263,embedded,
OH6460,40,Animation 1,FIRE_4,BAM,3321,1885,51,29,0,0,0x00001263,embedded,
OH6460,41,Animation 1,FIRE_4,BAM,3170,1779,49,27,0,0,0x00001263,embedded,
OH6460,42,Animation 1,FIRE_4,BAM,3015,1669,47,26,0,0,0x00001263,embedded,
OH6460,43,Animation 1,FIRE_4,BAM,2677,1547,41,24,0,0,0x00001263,embedded,
OH6460,44,Animation 1,FIRE_4,BAM,2577,1617,40,25,0,0,0x00001263,embedded,
OH6460,45,Animation 1,FIRE_4,BAM,2452,1706,38,26,0,0,0x00001263,embedded,
OH6460,46,Animation 1,FIRE_4,BAM,2352,1777,36,27,0,0,0x00001263,embedded,
OH6460,47,Animation 1,FIRE_4,BAM,1941,1783,30,27,0,0,0x00001263,embedded,
OH6460,48,Animation 1,FIRE_4,BAM,1614,2068,25,32,0,0,0x00001263,embedded,
OH6460,49,Animation 1,FIRE_4,BAM,1812,1397,28,21,0,0,0x00001263,embedded,
OH6460,50,Animation 1,FIRE_4,BAM,2052,1229,32,19,0,0,0x00001263,embedded,
OH6460,51,Animation 1,FIRE_4,BAM,2253,1086,35,16,0,0,0x00001263,embedded,
OH6460,52,Animation 1,FIRE_4,BAM,2533,1098,39,17,0,0,0x00001263,embedded,
OH6460,53,Animation 1,FIRE_4,BAM,2784,1273,43,19,0,0,0x00001263,embedded,
OH6460,54,Animation 1,FIRE_4,BAM,3022,1357,47,21,0,0,0x00001263,embedded,
OH6460,55,Animation 1,FIRE_4,BAM,3255,1522,50,23,0,0,0x00001263,embedded,
OH6460,56,Animation 1,FIRE_4,BAM,3494,1690,54,26,0,0,0x00001263,embedded,
OH6460,57,Animation 1,FIRE_4,BAM,3421,1637,53,25,0,0,0x00001263,embedded,
OH6460,58,Animation 1,FIRE_4,BAM,3586,1159,56,18,0,0,0x00001263,embedded,
OH6460,59,Animation 1,FIRE_4,BAM,3935,774,61,12,0,0,0x00001263,embedded,
OH6460,60,Animation 1,FIRE_4,BAM,3651,828,57,12,0,0,0x00001263,embedded,
OH6460,61,Animation 1,FIRE_4,BAM,3879,548,60,8,0,0,0x00001263,embedded,
OH6460,62,Animation 1,FIRE_4,BAM,3787,449,59,7,0,0,0x00001263,embedded,
OH6460,63,Animation 1,FIRE_4,BAM,3572,292,55,4,0,0,0x00001263,embedded,
OH6460,64,Animation 1,FIRE_4,BAM,3433,222,53,3,0,0,0x00001263,embedded,
OH6460,65,Animation 1,FIRE_4,BAM,3050,130,47,2,0,0,0x00001263,embedded,
OH6460,66,Animation 1,FIRE_4,BAM,2690,124,42,1,0,0,0x00001263,embedded,
OH6460,67,Animation 1,FIRE_4,BAM,2059,329,32,5,0,0,0x00001263,embedded,
OH6460,68,Animation 1,FIRE_4,BAM,2079,611,32,9,0,0,0x00001263,embedded,
OH6460,69,Animation 1,FIRE_4,BAM,2079,611,32,9,0,0,0x00001263,embedded,
OH6460,70,Animation 1,FIRE_4,BAM,1557,836,24,13,0,0,0x00001263,embedded,
OH6460,71,Animation 1,FIRE_4,BAM,1104,1957,17,30,0,0,0x00001263,embedded,
OH6460,72,Animation 1,FIRE_4,BAM,825,2154,12,33,0,0,0x00001263,embedded,
OH6460,73,Animation 1,FIRE_4,BAM,612,2302,9,35,0,0,0x00001263,embedded,
OH6460,74,Animation 1,FIRE_4,BAM,1448,2528,22,39,0,0,0x00001263,embedded,
OH6460,75,Animation 1,FIRE_4,BAM,1625,2403,25,37,0,0,0x00001263,embedded,
OH6460,76,Animation 1,FIRE_4,BAM,2008,2348,31,36,0,0,0x00001263,embedded,
OH6460,77,Animation 1,FIRE_4,BAM,2164,2459,33,38,0,0,0x00001263,embedded,
OH6460,78,Animation 1,FIRE_4,BAM,2309,2559,36,39,0,0,0x00001263,embedded,
OH6460,79,Animation 1,FIRE_4,BAM,1892,478,29,7,0,0,0x00001263,embedded,
OH8100,0,Animation 1,FIRE_4,BAM,1389,720,21,11,0,0,0x00001263,embedded,
OH8100,1,Animation 1,FIRE_4,BAM,1757,1080,27,16,0,0,0x00001263,embedded,
OH8100,2,Animation 1,FIRE_4,BAM,2193,772,34,12,0,0,0x00001263,embedded,
OH8100,3,Animation 1,FIRE_4,BAM,2356,657,36,10,0,0,0x00001263,embedded,
OH8100,4,Animation 1,FIRE_4,BAM,1323,1386,20,21,0,0,0x00001263,embedded,
OH8100,5,Animation 1,FIRE_4,BAM,1041,1696,16,26,0,0,0x00001263,embedded,
OH8100,6,Animation 1,FIRE_4,BAM,594,2011,9,31,0,0,0x00001263,embedded,
OH8100,7,Animation 1,FIRE_4,BAM,167,2312,2,36,0,0,0x00001263,embedded,
OH8100,8,Animation 1,FIRE_4,BAM,468,2462,7,38,0,0,0x00001263,embedded,
OH8100,9,Animation 1,FIRE_4,BAM,461,2702,7,42,0,0,0x00001263,embedded,
OH8100,10,Animation 1,FIRE_4,BAM,103,2641,1,41,0,0,0x00001263,embedded,
OH8100,11,Animation 1,FIRE_4,BAM,700,2626,10,41,0,0,0x00001263,embedded,
OH8100,12,Animation 1,FIRE_4,BAM,842,2729,13,42,0,0,0x00001263,embedded,
OH8100,13,Animation 1,FIRE_4,BAM,862,2929,13,45,0,0,0x00001263,embedded,
OH8100,14,Animation 1,FIRE_4,BAM,1021,2814,15,43,0,0,0x00001263,embedded,
OH8100,15,Animation 1,FIRE_4,BAM,1166,2713,18,42,0,0,0x00001263,embedded,
OH8100,16,Animation 1,FIRE_4,BAM,1598,2961,24,46,0,0,0x00001263,embedded,
OH8100,17,Animation 1,FIRE_4,BAM,2283,3320,35,51,0,0,0x00001263,embedded,
OH8100,18,Animation 1,FIRE_4,BAM,2376,3254,37,50,0,0,0x00001263,embedded,
OH8100,19,Animation 1,FIRE_4,BAM,2648,3060,41,47,0,0,0x00001263,embedded,
OH8100,20,Animation 1,FIRE_4,BAM,2740,2996,42,46,0,0,0x00001263,embedded,
OH8100,21,Animation 1,FIRE_4,BAM,3081,2844,48,44,0,0,0x00001263,embedded,
OH8100,22,Animation 1,FIRE_4,BAM,3284,3148,51,49,0,0,0x00001263,embedded,
OH8100,23,Animation 1,FIRE_4,BAM,3400,3003,53,46,0,0,0x00001263,embedded,
OH8100,24,Animation 1,FIRE_4,BAM,3627,2870,56,44,0,0,0x00001263,embedded,
OH8100,25,Animation 1,FIRE_4,BAM,3815,2824,59,44,0,0,0x00001263,embedded,
OH8100,26,Animation 1,FIRE_4,BAM,4029,2818,62,44,0,0,0x00001263,embedded,
OH8100,27,Animation 1,FIRE_4,BAM,4233,2859,66,44,0,0,0x00001263,embedded,
OH8100,28,Animation 1,FIRE_4,BAM,4321,2888,67,45,0,0,0x00001263,embedded,
OH8100,29,Animation 1,FIRE_4,BAM,4486,2987,70,46,0,0,0x00001263,embedded,
OH8100,30,Animation 1,FIRE_4,BAM,4641,2955,72,46,0,0,0x00001263,embedded,
OH8100,31,Animation 1,FIRE_4,BAM,4787,2903,74,45,0,0,0x00001263,embedded,
OH8100,32,Animation 1,FIRE_4,BAM,4920,2858,76,44,0,0,0x00001263,embedded,
OH8100,33,Animation 1,FIRE_4,BAM,5069,2809,79,43,0,0,0x00001263,embedded,
OH8100,34,Animation 1,FIRE_4,BAM,4654,3247,72,50,0,0,0x00001263,embedded,
OH8100,35,Animation 1,FIRE_4,BAM,4655,3400,72,53,0,0,0x00001223,embedded,
OH8100,36,Animation 1,FIRE_4,BAM,4202,3244,65,50,0,0,0x00001263,embedded,
OH8100,37,Animation 1,FIRE_4,BAM,3714,3240,58,50,0,0,0x00001263,embedded,
OH8100,38,Animation 1,FIRE_4,BAM,3905,2485,61,38,0,0,0x00001263,embedded,
OH8100,39,Animation 1,FIRE_4,BAM,3389,2732,52,42,0,0,0x00001263,embedded,
OH8100,40,Animation 1,FIRE_4,BAM,3321,1885,51,29,0,0,0x00001263,embedded,
OH8100,41,Animation 1,FIRE_4,BAM,3170,1779,49,27,0,0,0x00001263,embedded,
OH8100,42,Animation 1,FIRE_4,BAM,3015,1669,47,26,0,0,0x00001263,embedded,
OH8100,43,Animation 1,FIRE_4,BAM,2677,1547,41,24,0,0,0x00001263,embedded,
OH8100,44,Animation 1,FIRE_4,BAM,2577,1617,40,25,0,0,0x00001263,embedded,
OH8100,45,Animation 1,FIRE_4,BAM,2452,1706,38,26,0,0,0x00001263,embedded,
OH8100,46,Animation 1,FIRE_4,BAM,2352,1777,36,27,0,0,0x00001263,embedded,
OH8100,47,Animation 1,FIRE_4,BAM,1941,1783,30,27,0,0,0x00001263,embedded,
OH8100,48,Animation 1,FIRE_4,BAM,1614,2068,25,32,0,0,0x00001263,embedded,
OH8100,49,Animation 1,FIRE_4,BAM,1812,1397,28,21,0,0,0x00001263,embedded,
OH8100,50,Animation 1,FIRE_4,BAM,2052,1229,32,19,0,0,0x00001263,embedded,
OH8100,51,Animation 1,FIRE_4,BAM,2253,1086,35,16,0,0,0x00001263,embedded,
OH8100,52,Animation 1,FIRE_4,BAM,2533,1098,39,17,0,0,0x00001263,embedded,
OH8100,53,Animation 1,FIRE_4,BAM,2784,1273,43,19,0,0,0x00001263,embedded,
OH8100,54,Animation 1,FIRE_4,BAM,3022,1357,47,21,0,0,0x00001263,embedded,
OH8100,55,Animation 1,FIRE_4,BAM,3255,1522,50,23,0,0,0x00001263,embedded,
OH8100,56,Animation 1,FIRE_4,BAM,3494,1690,54,26,0,0,0x00001263,embedded,
OH8100,57,Animation 1,FIRE_4,BAM,3421,1637,53,25,0,0,0x00001263,embedded,
OH8100,58,Animation 1,FIRE_4,BAM,3586,1159,56,18,0,0,0x00001263,embedded,
OH8100,59,Animation 1,FIRE_4,BAM,3935,774,61,12,0,0,0x00001263,embedded,
OH8100,60,Animation 1,FIRE_4,BAM,3651,828,57,12,0,0,0x00001263,embedded,
OH8100,61,Animation 1,FIRE_4,BAM,3879,548,60,8,0,0,0x00001263,embedded,
OH8100,62,Animation 1,FIRE_4,BAM,3787,449,59,7,0,0,0x00001263,embedded,
OH8100,63,Animation 1,FIRE_4,BAM,3572,292,55,4,0,0,0x00001263,embedded,
OH8100,64,Animation 1,FIRE_4,BAM,3433,222,53,3,0,0,0x00001263,embedded,
OH8100,65,Animation 1,FIRE_4,BAM,3050,130,47,2,0,0,0x00001263,embedded,
OH8100,66,Animation 1,FIRE_4,BAM,2690,124,42,1,0,0,0x00001263,embedded,
OH8100,67,Animation 1,FIRE_4,BAM,2059,329,32,5,0,0,0x00001263,embedded,
OH8100,68,Animation 1,FIRE_4,BAM,2079,611,32,9,0,0,0x00001263,embedded,
OH8100,69,Animation 1,FIRE_4,BAM,2079,611,32,9,0,0,0x00001263,embedded,
OH8100,70,Animation 1,FIRE_4,BAM,1557,836,24,13,0,0,0x00001263,embedded,
OH8100,71,Animation 1,FIRE_4,BAM,1104,1957,17,30,0,0,0x00001263,embedded,
OH8100,72,Animation 1,FIRE_4,BAM,825,2154,12,33,0,0,0x00001263,embedded,
OH8100,73,Animation 1,FIRE_4,BAM,612,2302,9,35,0,0,0x00001263,embedded,
OH8100,74,Animation 1,FIRE_4,BAM,1448,2528,22,39,0,0,0x00001263,embedded,
OH8100,75,Animation 1,FIRE_4,BAM,1625,2403,25,37,0,0,0x00001263,embedded,
OH8100,76,Animation 1,FIRE_4,BAM,2008,2348,31,36,0,0,0x00001263,embedded,
OH8100,77,Animation 1,FIRE_4,BAM,2164,2459,33,38,0,0,0x00001263,embedded,
OH8100,78,Animation 1,FIRE_4,BAM,2309,2559,36,39,0,0,0x00001263,embedded,
OH8100,79,Animation 1,FIRE_4,BAM,1892,478,29,7,0,0,0x00001263,embedded,
OH8100,81,Animation 1,FIRE_4,BAM,2567,2312,40,36,0,0,0x00001263,embedded,
OH8100,82,Animation 1,FIRE_4,BAM,2853,2145,44,33,0,0,0x00001263,embedded,
OH8100,83,Animation 1,FIRE_4,BAM,3084,2086,48,32,0,0,0x00001263,embedded,
OH8100,84,Animation 1,FIRE_4,BAM,3247,2154,50,33,0,0,0x00001263,embedded,
OH8100,85,Animation 1,FIRE_4,BAM,3382,2348,52,36,0,0,0x00001263,embedded,
OH8100,86,Animation 1,FIRE_4,BAM,3173,2909,49,45,0,0,0x00001263,embedded,
OH8100,87,Animation 1,FIRE_4,BAM,3639,3436,56,53,0,0,0x00001263,embedded,
OH8100,88,Animation 1,FIRE_4,BAM,3774,3509,58,54,0,0,0x00001263,embedded,
OH8100,89,Animation 1,FIRE_4,BAM,4136,3497,64,54,0,0,0x00001263,embedded,
OH8100,90,Animation 1,FIRE_4,BAM,4277,3427,66,53,0,0,0x00001263,embedded,
OH8200,0,Animation 1,FIRE_4,BAM,1405,414,21,6,0,0,0x00001063,embedded,
OH8200,1,Animation 1,FIRE_4,BAM,1585,491,24,7,0,0,0x00001063,embedded,
OH8200,2,Animation 1,FIRE_4,BAM,1873,752,29,11,0,0,0x00001063,embedded,
OH8200,3,Animation 1,FIRE_4,BAM,1505,1086,23,16,0,0,0x00001063,embedded,
OH8200,4,Animation 1,FIRE_4,BAM,1042,1068,16,16,0,0,0x00001063,embedded,
OH8200,5,Animation 1,FIRE_4,BAM,999,726,15,11,0,0,0x00001063,embedded,
OH8200,6,Animation 1,FIRE_4,BAM,913,550,14,8,0,0,0x00001063,embedded,
OH8200,7,Animation 1,FIRE_4,BAM,1080,664,16,10,0,0,0x00001063,embedded,
OH8200,8,Animation 1,FIRE_4,BAM,1474,643,23,10,0,0,0x00001063,embedded,
OH8200,9,Animation 1,FIRE_4,BAM,1559,704,24,11,0,0,0x00001063,embedded,
OH8200,10,Animation 1,FIRE_4,BAM,631,534,9,8,0,0,0x00001063,embedded,
OH8200,11,Animation 1,FIRE_4,BAM,538,723,8,11,0,0,0x00001063,embedded,
OH8200,12,Animation 1,FIRE_4,BAM,580,972,9,15,0,0,0x00001063,embedded,
OH8200,13,Animation 1,FIRE_4,BAM,1162,1308,18,20,0,0,0x00001063,embedded,
OH8200,14,Animation 1,FIRE_4,BAM,1898,1058,29,16,0,0,0x00001063,embedded,
OH8200,15,Animation 1,FIRE_4,BAM,2000,837,31,13,0,0,0x00001063,embedded,
OH8200,16,Animation 1,FIRE_4,BAM,1961,617,30,9,0,0,0x00001063,embedded,
OH8200,17,Animation 1,FIRE_4,BAM,1588,1023,24,15,0,0,0x00001063,embedded,
OH8200,18,Animation 1,FIRE_4,BAM,685,1016,10,15,0,0,0x00001063,embedded,
OH8300,0,Animation 1,FIRE_4,BAM,1405,414,21,6,0,0,0x00001063,embedded,
OH8300,1,Animation 1,FIRE_4,BAM,1585,491,24,7,0,0,0x00001063,embedded,
OH8300,2,Animation 1,FIRE_4,BAM,1874,747,29,11,0,0,0x00001063,embedded,
OH8300,3,Animation 1,FIRE_4,BAM,1505,1041,23,16,0,0,0x00001063,embedded,
OH8300,4,Animation 1,FIRE_4,BAM,1020,1044,15,16,0,0,0x00001063,embedded,
OH8300,5,Animation 1,FIRE_4,BAM,1032,803,16,12,0,0,0x00001063,embedded,
OH8300,6,Animation 1,FIRE_4,BAM,983,487,15,7,0,0,0x00001063,embedded,
OH8300,7,Animation 1,FIRE_4,BAM,1427,758,22,11,0,0,0x00001063,embedded,
OH8300,8,Animation 1,FIRE_4,BAM,1875,747,29,11,0,0,0x00001063,embedded,
OH8300,9,Animation 1,FIRE_4,BAM,536,721,8,11,0,0,0x00001063,embedded,
OH8300,10,Animation 1,FIRE_4,BAM,580,972,9,15,0,0,0x00001063,embedded,
OH8300,11,Animation 1,FIRE_4,BAM,1162,1299,18,20,0,0,0x00001063,embedded,
OH8300,12,Animation 1,FIRE_4,BAM,1898,1058,29,16,0,0,0x00001063,embedded,
OH8300,13,Animation 1,FIRE_4,BAM,2000,837,31,13,0,0,0x00001063,embedded,
OH8300,14,Animation 1,FIRE_4,BAM,1961,617,30,9,0,0,0x00001063,embedded,
OH8300,15,Animation 1,FIRE_4,BAM,689,1011,10,15,0,0,0x00001063,embedded,
OH8300,17,Animation 1,FIRE_4,BAM,1522,1285,23,20,0,0,0x00001063,embedded,
OH8400,0,Animation 1,FIRE_4,BAM,1418,486,22,7,0,0,0x00001063,embedded,
OH8400,1,Animation 1,FIRE_4,BAM,1597,600,24,9,0,0,0x00001063,embedded,
OH8400,2,Animation 1,FIRE_4,BAM,1918,817,29,12,0,0,0x00001063,embedded,
OH8400,3,Animation 1,FIRE_4,BAM,1020,569,15,8,0,0,0x00001063,embedded,
OH8400,4,Animation 1,FIRE_4,BAM,605,794,9,12,0,0,0x00001063,embedded,
OH8400,5,Animation 1,FIRE_4,BAM,592,991,9,15,0,0,0x00001063,embedded,
OH8400,6,Animation 1,FIRE_4,BAM,905,1313,14,20,0,0,0x00001063,embedded,
OH8400,7,Animation 1,FIRE_4,BAM,1910,1132,29,17,0,0,0x00001063,embedded,
OH8400,8,Animation 1,FIRE_4,BAM,2011,910,31,14,0,0,0x00001063,embedded,
OH8400,9,Animation 1,FIRE_4,BAM,1974,757,30,11,0,0,0x00001063,embedded,
OH9000,0,FIRE_4,FIRE_4,BAM,196,361,3,5,0,0,0x00001043,embedded,
OH9000,1,FIRE_4,FIRE_4,BAM,332,268,5,4,0,0,0x00001043,embedded,
OH4210,1,Torch,FIRE_4GS,BAM,1724,439,26,6,0,0,0x00001043,embedded,
OH4210,2,Torch,FIRE_4GS,BAM,2033,248,31,3,0,0,0x00001043,embedded,
OH4210,3,Torch,FIRE_4GS,BAM,1520,530,23,8,0,0,0x00001043,embedded,
OH4210,4,Torch,FIRE_4GS,BAM,1728,674,27,10,0,0,0x00001043,embedded,
OH4210,5,Torch,FIRE_4GS,BAM,2067,948,32,14,0,0,0x00001043,embedded,
OH4210,6,Torch,FIRE_4GS,BAM,2281,1096,35,17,0,0,0x00001043,embedded,
OH4210,7,Torch,FIRE_4GS,BAM,2414,1188,37,18,0,0,0x00001043,embedded,
OH4210,8,Torch,FIRE_4GS,BAM,1829,1322,28,20,0,0,0x00001043,embedded,
OH4210,9,Torch,FIRE_4GS,BAM,1463,1222,22,19,0,0,0x00001043,embedded,
OH4210,10,Torch,FIRE_4GS,BAM,1207,1405,18,21,0,0,0x00001043,embedded,
OH4210,11,Torch,FIRE_4GS,BAM,1039,1523,16,23,0,0,0x00001043,embedded,
OH4210,12,Torch,FIRE_4GS,BAM,949,1158,14,18,0,0,0x00001043,embedded,
OH4210,13,Torch,FIRE_4GS,BAM,818,1067,12,16,0,0,0x00001043,embedded,
OH4210,14,Torch,FIRE_4GS,BAM,649,950,10,14,0,0,0x00001043,embedded,
OH4210,15,Torch,FIRE_4GS,BAM,497,870,7,13,0,0,0x00001043,embedded,
OH4210,16,Torch,FIRE_4GS,BAM,341,979,5,15,0,0,0x00001043,embedded,
OH4210,17,Torch,FIRE_4GS,BAM,281,825,4,12,0,0,0x00001043,embedded,
AR3000,6,FISH1L,FISH1L,BAM,2094,369,32,5,0,0,0x00001005,embedded,
AR3000,11,FISH1L,FISH1L,BAM,1619,500,25,7,0,0,0x00001005,embedded,
AR5000,27,FISH1L,FISH1L,BAM,338,613,5,9,0,0,0x00001005,embedded,
AR5000,28,FISH1L,FISH1L,BAM,65,979,1,15,0,0,0x00001805,embedded,
AR3000,9,FISH1S,FISH1S,BAM,1909,522,29,8,0,0,0x00001005,embedded,
AR3000,7,FISH2L,FISH2L,BAM,1746,595,27,9,0,0,0x00001005,embedded,
AR5000,29,FISH2L,FISH2L,BAM,438,2734,6,42,0,0,0x00001005,embedded,
AR5000,33,FISH2L,FISH2L,BAM,3079,1084,48,16,0,0,0x00001805,embedded,
AR3000,10,FISH2S,FISH2S,BAM,2348,809,36,12,0,0,0x00001005,embedded,
AR5000,31,FISH2S,FISH2S,BAM,1236,2484,19,38,0,0,0x00001005,embedded,
AR5000,32,FISH3L,FISH3L,BAM,2872,2179,44,34,0,0,0x00001005,embedded,
AR5000,34,FISH3L,FISH3L,BAM,2045,257,31,4,0,0,0x00001005,embedded,
AR3000,8,FISH3S,FISH3S,BAM,2037,551,31,8,0,0,0x00001005,embedded,
AR5000,30,FISH3S,FISH3S,BAM,773,2474,12,38,0,0,0x00001005,embedded,
AR0500,41,FLAME2L,FLAME2L,BAM,4193,160,65,2,0,0,0x00001043,embedded,
AR0500,42,FLAME2L,FLAME2L,BAM,3513,620,54,9,0,0,0x00001043,embedded,
AR0500,43,FLAME2L,FLAME2L,BAM,3297,776,51,12,0,0,0x00001043,embedded,
AR0500,44,FLAME2L,FLAME2L,BAM,2586,1141,40,17,0,0,0x00001043,embedded,
AR0500,45,FLAME2L,FLAME2L,BAM,3758,912,58,14,0,0,0x00001043,embedded,
AR0500,46,FLAME2L,FLAME2L,BAM,3007,1697,46,26,0,0,0x00001043,embedded,
AR0500,47,FLAME2L,FLAME2L,BAM,1786,2367,27,36,0,0,0x00001043,embedded,
AR0500,48,FLAME2L,FLAME2L,BAM,893,2300,13,35,0,0,0x00001143,embedded,
AR0500,49,FLAME2L,FLAME2L,BAM,1151,3483,17,54,0,0,0x00001043,embedded,
AR0500,50,FLAME2L,FLAME2L,BAM,1042,3157,16,49,0,0,0x00001043,embedded,
AR0500,51,FLAME2L,FLAME2L,BAM,4468,289,69,4,0,0,0x00001043,embedded,
AR0500,52,FLAME2L,FLAME2L,BAM,446,2733,6,42,0,0,0x00001143,embedded,
AR0500,53,FLAME2L,FLAME2L,BAM,1544,3207,24,50,0,0,0x00001043,embedded,
AR0512,0,FLAME2L,FLAME2L,BAM,253,279,3,4,0,0,0x00001003,embedded,
AR0512,1,FLAME2L,FLAME2L,BAM,125,408,1,6,0,0,0x00001003,embedded,
AR0512,2,FLAME2L,FLAME2L,BAM,490,134,7,2,0,0,0x00001003,embedded,
OH4220,1,Torch,FLAME2L,BAM,1527,716,23,11,0,0,0x00001003,embedded,
OH4220,2,Torch,FLAME2L,BAM,1777,374,27,5,0,0,0x00001003,embedded,
OH4220,3,Torch,FLAME2L,BAM,2014,263,31,4,0,0,0x00001003,embedded,
OH4220,4,Torch,FLAME2L,BAM,2186,209,34,3,0,0,0x00001003,embedded,
OH4220,5,Torch,FLAME2L,BAM,2329,170,36,2,0,0,0x00001003,embedded,
OH4220,6,Torch,FLAME2L,BAM,2010,822,31,12,0,0,0x00001003,embedded,
OH4220,7,Torch,FLAME2L,BAM,2236,765,34,11,0,0,0x00001003,embedded,
OH4220,8,Torch,FLAME2L,BAM,2077,1019,32,15,0,0,0x00001003,embedded,
OH4220,9,Torch,FLAME2L,BAM,2385,1140,37,17,0,0,0x00001003,embedded,
OH4220,11,Torch,FLAME2L,BAM,2326,1008,36,15,0,0,0x00001003,embedded,
OH4220,12,Torch,FLAME2L,BAM,2069,1510,32,23,0,0,0x00001003,embedded,
OH4220,13,Torch,FLAME2L,BAM,1890,1135,29,17,0,0,0x00001003,embedded,
OH4220,14,Torch,FLAME2L,BAM,1582,1091,24,17,0,0,0x00001003,embedded,
OH4220,15,Torch,FLAME2L,BAM,1445,1313,22,20,0,0,0x00001003,embedded,
OH4220,16,Torch,FLAME2L,BAM,1429,1466,22,22,0,0,0x00001003,embedded,
OH4220,17,Torch,FLAME2L,BAM,1272,1549,19,24,0,0,0x00001003,embedded,
OH4220,18,Torch,FLAME2L,BAM,1160,1615,18,25,0,0,0x00001003,embedded,
OH4220,22,Torch,FLAME2L,BAM,886,954,13,14,0,0,0x00001003,embedded,
OH4220,23,Torch,FLAME2L,BAM,971,970,15,15,0,0,0x00001003,embedded,
OH7000,0,Torch1,FLAME2L,BAM,2380,233,37,3,0,0,0x00001043,embedded,
OH7000,1,Torch2,FLAME2L,BAM,1600,374,25,5,0,0,0x00001043,embedded,
OH7000,2,Torch3,FLAME2L,BAM,1253,495,19,7,0,0,0x00001043,embedded,
OH7000,3,Torch4,FLAME2L,BAM,882,696,13,10,0,0,0x00001043,embedded,
OH7000,4,Torch5,FLAME2L,BAM,2295,802,35,12,0,0,0x00001043,embedded,
OH7000,5,Torch6,FLAME2L,BAM,1950,849,30,13,0,0,0x00001043,embedded,
OH7000,6,Torch7,FLAME2L,BAM,1627,971,25,15,0,0,0x00001043,embedded,
OH7000,7,Torch8,FLAME2L,BAM,1439,742,22,11,0,0,0x00001043,embedded,
OH7000,8,Torch9,FLAME2L,BAM,1138,980,17,15,0,0,0x00001043,embedded,
OH7000,9,Torch10,FLAME2L,BAM,2253,1099,35,17,0,0,0x00001043,embedded,
OH7000,10,Torch11,FLAME2L,BAM,1940,1186,30,18,0,0,0x00001043,embedded,
OH7000,11,Torch12,FLAME2L,BAM,1660,1337,25,20,0,0,0x00001043,embedded,
OH7000,12,Torch13,FLAME2L,BAM,1196,1293,18,20,0,0,0x00001043,embedded,
OH7000,13,Torch14,FLAME2L,BAM,1074,1267,16,19,0,0,0x00001043,embedded,
OH7000,14,Torch15,FLAME2L,BAM,677,1379,10,21,0,0,0x00001043,embedded,
OH7000,15,Torch16,FLAME2L,BAM,435,1178,6,18,0,0,0x00001043,embedded,
OH7000,16,Torch17,FLAME2L,BAM,1410,1575,22,24,0,0,0x00001043,embedded,
OH7000,17,Torch18,FLAME2L,BAM,975,1575,15,24,0,0,0x00001043,embedded,
OH7000,18,Torch19,FLAME2L,BAM,166,1544,2,24,0,0,0x00001043,embedded,
OH7000,19,Torch20,FLAME2L,BAM,1440,742,22,11,0,0,0x00001043,embedded,
AR0510,30,FLAME2M,FLAME2M,BAM,1281,136,20,2,0,0,0x00001003,embedded,
AR0510,31,FLAME2M,FLAME2M,BAM,1189,188,18,2,0,0,0x00001003,embedded,
AR0510,32,FLAME2M,FLAME2M,BAM,1406,110,21,1,0,0,0x00001003,embedded,
AR0510,34,FLAME2M,FLAME2M,BAM,1511,172,23,2,0,0,0x00001003,embedded,
AR0510,35,FLAME2M,FLAME2M,BAM,1614,246,25,3,0,0,0x00001003,embedded,
AR0510,36,FLAME2M,FLAME2M,BAM,1738,430,27,6,0,0,0x00001003,embedded,
AR0510,37,FLAME2M,FLAME2M,BAM,1896,692,29,10,0,0,0x00001003,embedded,
AR0510,38,FLAME2M,FLAME2M,BAM,1488,807,23,12,0,0,0x00001003,embedded,
AR0800,5,FLAME2M,FLAME2M,BAM,1444,475,22,7,0,0,0x00001043,embedded,
AR0800,6,FLAME2M,FLAME2M,BAM,1634,337,25,5,0,0,0x00001043,embedded,
AR0800,9,FLAME2M,FLAME2M,BAM,2023,900,31,14,0,0,0x00001043,embedded,
AR0800,10,FLAME2M,FLAME2M,BAM,1945,845,30,13,0,0,0x00001043,embedded,
AR0800,11,FLAME2M,FLAME2M,BAM,1862,786,29,12,0,0,0x00001043,embedded,
AR0800,12,FLAME2M,FLAME2M,BAM,1782,730,27,11,0,0,0x00001043,embedded,
AR0800,13,FLAME2M,FLAME2M,BAM,1705,677,26,10,0,0,0x00001043,embedded,
AR0800,14,FLAME2M,FLAME2M,BAM,1910,560,29,8,0,0,0x00001043,embedded,
AR0800,15,FLAME2M,FLAME2M,BAM,903,423,14,6,0,0,0x00001043,embedded,
AR0800,16,FLAME2M,FLAME2M,BAM,785,423,12,6,0,0,0x00001043,embedded,
AR0800,18,FLAME2M,FLAME2M,BAM,821,1612,12,25,0,0,0x00001043,embedded,
AR0800,19,FLAME2M,FLAME2M,BAM,944,1698,14,26,0,0,0x00001043,embedded,
AR0800,20,FLAME2M,FLAME2M,BAM,1116,1834,17,28,0,0,0x00001043,embedded,
AR0800,21,FLAME2M,FLAME2M,BAM,1079,1589,16,24,0,0,0x00001043,embedded,
AR0800,22,FLAME2M,FLAME2M,BAM,1282,1726,20,26,0,0,0x00001043,embedded,
AR0800,23,FLAME2M,FLAME2M,BAM,1480,1587,23,24,0,0,0x00001043,embedded,
AR0800,24,FLAME2M,FLAME2M,BAM,1494,1441,23,22,0,0,0x00001043,embedded,
AR0800,25,FLAME2M,FLAME2M,BAM,1553,1385,24,21,0,0,0x00001043,embedded,
AR0800,26,FLAME2M,FLAME2M,BAM,2075,1674,32,26,0,0,0x00001043,embedded,
AR0800,27,FLAME2M,FLAME2M,BAM,2113,1647,33,25,0,0,0x00001043,embedded,
AR0800,28,FLAME2M,FLAME2M,BAM,2058,1473,32,23,0,0,0x00001043,embedded,
AR0900,2,FLAME2M,FLAME2M,BAM,3630,1456,56,22,0,0,0x00001043,embedded,
AR0900,3,FLAME2M,FLAME2M,BAM,3732,1371,58,21,0,0,0x00001043,embedded,
AR0900,4,FLAME2M,FLAME2M,BAM,2063,996,32,15,0,0,0x00001043,embedded,
AR0900,5,FLAME2M,FLAME2M,BAM,1975,945,30,14,0,0,0x00001043,embedded,
AR0907,0,FLAME2M,FLAME2M,BAM,694,775,10,12,0,0,0x00001043,embedded,
AR0907,1,FLAME2M,FLAME2M,BAM,707,775,11,12,0,0,0x00001043,embedded,
AR0907,2,FLAME2M,FLAME2M,BAM,694,784,10,12,0,0,0x00001043,embedded,
AR0907,3,FLAME2M,FLAME2M,BAM,707,784,11,12,0,0,0x00001043,embedded,
AR0907,4,FLAME2M,FLAME2M,BAM,647,774,10,12,0,0,0x00001043,embedded,
AR0907,5,FLAME2M,FLAME2M,BAM,661,774,10,12,0,0,0x00001043,embedded,
AR0907,6,FLAME2M,FLAME2M,BAM,647,784,10,12,0,0,0x00001043,embedded,
AR0907,7,FLAME2M,FLAME2M,BAM,661,784,10,12,0,0,0x00001043,embedded,
AR0907,8,FLAME2M,FLAME2M,BAM,878,951,13,14,0,0,0x00001043,embedded,
AR0907,9,FLAME2M,FLAME2M,BAM,890,951,13,14,0,0,0x00001043,embedded,
AR0907,10,FLAME2M,FLAME2M,BAM,878,960,13,15,0,0,0x00001043,embedded,
AR0907,11,FLAME2M,FLAME2M,BAM,890,960,13,15,0,0,0x00001043,embedded,
AR0907,12,FLAME2M,FLAME2M,BAM,1019,543,15,8,0,0,0x00001043,embedded,
AR0907,13,FLAME2M,FLAME2M,BAM,1031,543,16,8,0,0,0x00001043,embedded,
AR0907,14,FLAME2M,FLAME2M,BAM,1019,552,15,8,0,0,0x00001043,embedded,
AR0907,15,FLAME2M,FLAME2M,BAM,1031,552,16,8,0,0,0x00001043,embedded,
AR0907,16,FLAME2M,FLAME2M,BAM,1246,681,19,10,0,0,0x00001043,embedded,
AR0907,17,FLAME2M,FLAME2M,BAM,1258,681,19,10,0,0,0x00001043,embedded,
AR0907,18,FLAME2M,FLAME2M,BAM,1246,691,19,10,0,0,0x00001043,embedded,
AR0907,19,FLAME2M,FLAME2M,BAM,1258,691,19,10,0,0,0x00001043,embedded,
AR0907,20,FLAME2M,FLAME2M,BAM,1293,683,20,10,0,0,0x00001043,embedded,
AR0907,21,FLAME2M,FLAME2M,BAM,1305,682,20,10,0,0,0x00001043,embedded,
AR0907,22,FLAME2M,FLAME2M,BAM,1294,691,20,10,0,0,0x00001043,embedded,
AR0907,23,FLAME2M,FLAME2M,BAM,1306,690,20,10,0,0,0x00001043,embedded,
AR0302,2,FLAME2S,FLAME2S,BAM,136,514,2,8,0,0,0x00001003,embedded,
AR0302,3,FLAME2S,FLAME2S,BAM,366,568,5,8,0,0,0x00001003,embedded,
AR0302,4,FLAME2S,FLAME2S,BAM,559,224,8,3,0,0,0x00001003,embedded,
AR0302,5,FLAME2S,FLAME2S,BAM,886,478,13,7,0,0,0x00001003,embedded,
AR0302,6,FLAME2S,FLAME2S,BAM,750,273,11,4,0,0,0x00001003,embedded,
AR0302,7,FLAME2S,FLAME2S,BAM,627,781,9,12,0,0,0x00001003,embedded,
AR0302,8,FLAME2S,FLAME2S,BAM,739,668,11,10,0,0,0x00001003,embedded,
AR0302,9,FLAME2S,FLAME2S,BAM,690,132,10,2,0,0,0x00001003,embedded,
AR0302,10,FLAME2S,FLAME2S,BAM,689,86,10,1,0,0,0x00001003,embedded,
AR0302,11,FLAME2S,FLAME2S,BAM,700,80,10,1,0,0,0x00001003,embedded,
AR0302,12,FLAME2S,FLAME2S,BAM,464,443,7,6,0,0,0x00001103,embedded,
AR0302,13,FLAME2S,FLAME2S,BAM,454,437,7,6,0,0,0x00001103,embedded,
AR0302,14,FLAME2S,FLAME2S,BAM,223,417,3,6,0,0,0x00001003,embedded,
AR0302,15,FLAME2S,FLAME2S,BAM,214,422,3,6,0,0,0x00001003,embedded,
AR0302,16,FLAME2S,FLAME2S,BAM,914,249,14,3,0,0,0x00001103,embedded,
AR0302,17,FLAME2S,FLAME2S,BAM,904,256,14,4,0,0,0x00001103,embedded,
AR0302,18,FLAME2S,FLAME2S,BAM,717,390,11,6,0,0,0x00001103,embedded,
AR0302,19,FLAME2S,FLAME2S,BAM,706,397,11,6,0,0,0x00001103,embedded,
AR0303,0,FLAME2S,FLAME2S,BAM,215,420,3,6,0,0,0x00001003,embedded,
AR0303,1,FLAME2S,FLAME2S,BAM,204,429,3,6,0,0,0x00001003,embedded,
AR0303,2,FLAME2S,FLAME2S,BAM,506,461,7,7,0,0,0x00001103,embedded,
AR0303,3,FLAME2S,FLAME2S,BAM,496,454,7,7,0,0,0x00001103,embedded,
AR0303,4,FLAME2S,FLAME2S,BAM,605,144,9,2,0,0,0x00001003,embedded,
AR0303,5,FLAME2S,FLAME2S,BAM,615,137,9,2,0,0,0x00001003,embedded,
AR0303,6,FLAME2S,FLAME2S,BAM,693,82,10,1,0,0,0x00001003,embedded,
AR0303,7,FLAME2S,FLAME2S,BAM,683,90,10,1,0,0,0x00001003,embedded,
AR0303,9,FLAME2S,FLAME2S,BAM,499,275,7,4,0,0,0x00001003,embedded,
AR0303,10,FLAME2S,FLAME2S,BAM,408,440,6,6,0,0,0x00001003,embedded,
AR0303,11,FLAME2S,FLAME2S,BAM,223,656,3,10,0,0,0x00001003,embedded,
AR0307,37,FLAME2S,FLAME2S,BAM,4486,1914,70,29,0,0,0x00001003,embedded,
AR0307,39,FLAME2S,FLAME2S,BAM,4624,2094,72,32,0,0,0x00001003,embedded,
AR0307,40,FLAME2S,FLAME2S,BAM,4405,2082,68,32,0,0,0x00001003,embedded,
AR0307,41,FLAME2S,FLAME2S,BAM,3743,1109,58,17,0,0,0x00001003,embedded,
AR0307,42,FLAME2S,FLAME2S,BAM,3826,1249,59,19,0,0,0x00001003,embedded,
AR0307,43,FLAME2S,FLAME2S,BAM,3676,1222,57,19,0,0,0x00001003,embedded,
AR0307,44,FLAME2S,FLAME2S,BAM,1317,1817,20,28,0,0,0x00001003,embedded,
AR0307,45,FLAME2S,FLAME2S,BAM,1328,1914,20,29,0,0,0x00001003,embedded,
AR0312,0,FLAME2S,FLAME2S,BAM,379,360,5,5,0,0,0x00001103,embedded,
AR0312,1,FLAME2S,FLAME2S,BAM,434,316,6,4,0,0,0x00001103,embedded,
AR0312,2,FLAME2S,FLAME2S,BAM,636,218,9,3,0,0,0x00001103,embedded,
AR0312,3,FLAME2S,FLAME2S,BAM,308,241,4,3,0,0,0x00001103,embedded,
AR0312,4,FLAME2S,FLAME2S,BAM,180,304,2,4,0,0,0x00001103,embedded,
AR0312,5,FLAME2S,FLAME2S,BAM,438,121,6,1,0,0,0x00001103,embedded,
AR0312,6,FLAME2S,FLAME2S,BAM,670,188,10,2,0,0,0x00001103,embedded,
AR0312,7,FLAME2S,FLAME2S,BAM,426,129,6,2,0,0,0x00001103,embedded,
AR0312,8,FLAME2S,FLAME2S,BAM,170,310,2,4,0,0,0x00001103,embedded,
AR0312,9,FLAME2S,FLAME2S,BAM,552,107,8,1,0,0,0x00001103,embedded,
AR0312,10,FLAME2S,FLAME2S,BAM,573,114,8,1,0,0,0x00001103,embedded,
AR0312,11,FLAME2S,FLAME2S,BAM,680,194,10,3,0,0,0x00001103,embedded,
AR0315,0,FLAME2S,FLAME2S,BAM,187,309,2,4,0,0,0x00001003,embedded,
AR0315,1,FLAME2S,FLAME2S,BAM,390,168,6,2,0,0,0x00001043,embedded,
AR0315,2,FLAME2S,FLAME2S,BAM,557,114,8,1,0,0,0x00001043,embedded,
AR0315,3,FLAME2S,FLAME2S,BAM,661,188,10,2,0,0,0x00001043,embedded,
AR0315,5,FLAME2S,FLAME2S,BAM,506,266,7,4,0,0,0x00001003,embedded,
AR0322,2,FLAME2S,FLAME2S,BAM,136,514,2,8,0,0,0x00001003,embedded,
AR0322,3,FLAME2S,FLAME2S,BAM,366,568,5,8,0,0,0x00001103,embedded,
AR0322,4,FLAME2S,FLAME2S,BAM,559,224,8,3,0,0,0x00001003,embedded,
AR0322,5,FLAME2S,FLAME2S,BAM,886,478,13,7,0,0,0x00001003,embedded,
AR0322,6,FLAME2S,FLAME2S,BAM,750,273,11,4,0,0,0x00001003,embedded,
AR0322,7,FLAME2S,FLAME2S,BAM,627,781,9,12,0,0,0x00001003,embedded,
AR0322,8,FLAME2S,FLAME2S,BAM,739,668,11,10,0,0,0x00001003,embedded,
AR0322,9,FLAME2S,FLAME2S,BAM,690,132,10,2,0,0,0x00001003,embedded,
AR0322,10,FLAME2S,FLAME2S,BAM,690,87,10,1,0,0,0x00001003,embedded,
AR0322,11,FLAME2S,FLAME2S,BAM,700,81,10,1,0,0,0x00001003,embedded,
AR0322,12,FLAME2S,FLAME2S,BAM,903,256,14,4,0,0,0x00001103,embedded,
AR0322,13,FLAME2S,FLAME2S,BAM,913,249,14,3,0,0,0x00001103,embedded,
AR0322,14,FLAME2S,FLAME2S,BAM,716,392,11,6,0,0,0x00001103,embedded,
AR0322,15,FLAME2S,FLAME2S,BAM,706,396,11,6,0,0,0x00001103,embedded,
AR0322,16,FLAME2S,FLAME2S,BAM,463,442,7,6,0,0,0x00001103,embedded,
AR0322,17,FLAME2S,FLAME2S,BAM,454,435,7,6,0,0,0x00001103,embedded,
AR0322,18,FLAME2S,FLAME2S,BAM,224,414,3,6,0,0,0x00001103,embedded,
AR0322,19,FLAME2S,FLAME2S,BAM,214,422,3,6,0,0,0x00001103,embedded,
AR0323,1,FLAME2S,FLAME2S,BAM,215,420,3,6,0,0,0x00001003,embedded,
AR0323,2,FLAME2S,FLAME2S,BAM,204,429,3,6,0,0,0x00001003,embedded,
AR0323,3,FLAME2S,FLAME2S,BAM,506,461,7,7,0,0,0x00001103,embedded,
AR0323,4,FLAME2S,FLAME2S,BAM,496,454,7,7,0,0,0x00001103,embedded,
AR0323,5,FLAME2S,FLAME2S,BAM,605,144,9,2,0,0,0x00001003,embedded,
AR0323,6,FLAME2S,FLAME2S,BAM,615,137,9,2,0,0,0x00001003,embedded,
AR0323,7,FLAME2S,FLAME2S,BAM,693,82,10,1,0,0,0x00001003,embedded,
AR0323,8,FLAME2S,FLAME2S,BAM,683,90,10,1,0,0,0x00001003,embedded,
AR0323,9,FLAME2S,FLAME2S,BAM,499,275,7,4,0,0,0x00001003,embedded,
AR0323,10,FLAME2S,FLAME2S,BAM,408,440,6,6,0,0,0x00001003,embedded,
AR0323,11,FLAME2S,FLAME2S,BAM,223,656,3,10,0,0,0x00001003,embedded,
AR0326,0,FLAME2S,FLAME2S,BAM,379,360,5,5,0,0,0x00001103,embedded,
AR0326,1,FLAME2S,FLAME2S,BAM,434,316,6,4,0,0,0x00001103,embedded,
AR0326,2,FLAME2S,FLAME2S,BAM,636,218,9,3,0,0,0x00001103,embedded,
AR0326,3,FLAME2S,FLAME2S,BAM,308,241,4,3,0,0,0x00001103,embedded,
AR0326,4,FLAME2S,FLAME2S,BAM,180,304,2,4,0,0,0x00001103,embedded,
AR0326,5,FLAME2S,FLAME2S,BAM,438,121,6,1,0,0,0x00001103,embedded,
AR0326,6,FLAME2S,FLAME2S,BAM,670,188,10,2,0,0,0x00001103,embedded,
AR0326,7,FLAME2S,FLAME2S,BAM,426,129,6,2,0,0,0x00001103,embedded,
AR0326,8,FLAME2S,FLAME2S,BAM,170,310,2,4,0,0,0x00001103,embedded,
AR0326,9,FLAME2S,FLAME2S,BAM,552,107,8,1,0,0,0x00001103,embedded,
AR0326,10,FLAME2S,FLAME2S,BAM,573,114,8,1,0,0,0x00001103,embedded,
AR0326,11,FLAME2S,FLAME2S,BAM,680,194,10,3,0,0,0x00001103,embedded,
AR0329,26,FLAME2S,FLAME2S,BAM,4486,1915,70,29,0,0,0x00001003,embedded,
AR0329,29,FLAME2S,FLAME2S,BAM,4624,2091,72,32,0,0,0x00001003,embedded,
AR0329,30,FLAME2S,FLAME2S,BAM,4405,2083,68,32,0,0,0x00001003,embedded,
AR0329,42,FLAME2S,FLAME2S,BAM,3743,1109,58,17,0,0,0x00001003,embedded,
AR0329,43,FLAME2S,FLAME2S,BAM,3827,1252,59,19,0,0,0x00001003,embedded,
AR0329,44,FLAME2S,FLAME2S,BAM,3673,1213,57,18,0,0,0x00001003,embedded,
AR0329,45,FLAME2S,FLAME2S,BAM,1327,1915,20,29,0,0,0x00001003,embedded,
AR0329,46,FLAME2S,FLAME2S,BAM,1316,1815,20,28,0,0,0x00001003,embedded,
AR0334,4,FLAME2S,FLAME2S,BAM,484,367,7,5,0,0,0x00001003,embedded,
AR0335,0,FLAME2S,FLAME2S,BAM,379,360,5,5,0,0,0x00001103,embedded,
AR0335,1,FLAME2S,FLAME2S,BAM,434,316,6,4,0,0,0x00001103,embedded,
AR0335,2,FLAME2S,FLAME2S,BAM,636,218,9,3,0,0,0x00001103,embedded,
AR0335,3,FLAME2S,FLAME2S,BAM,308,241,4,3,0,0,0x00001103,embedded,
AR0335,4,FLAME2S,FLAME2S,BAM,180,304,2,4,0,0,0x00001103,embedded,
AR0335,5,FLAME2S,FLAME2S,BAM,438,121,6,1,0,0,0x00001103,embedded,
AR0335,6,FLAME2S,FLAME2S,BAM,670,188,10,2,0,0,0x00001103,embedded,
AR0335,7,FLAME2S,FLAME2S,BAM,426,129,6,2,0,0,0x00001103,embedded,
AR0335,8,FLAME2S,FLAME2S,BAM,170,310,2,4,0,0,0x00001103,embedded,
AR0335,9,FLAME2S,FLAME2S,BAM,552,107,8,1,0,0,0x00001103,embedded,
AR0335,10,FLAME2S,FLAME2S,BAM,573,114,8,1,0,0,0x00001103,embedded,
AR0335,11,FLAME2S,FLAME2S,BAM,680,194,10,3,0,0,0x00001103,embedded,
AR0406,0,FLAME2S,FLAME2S,BAM,1864,820,29,12,0,0,0x00001043,embedded,
AR0406,1,FLAME2S,FLAME2S,BAM,1872,827,29,12,0,0,0x00001043,embedded,
AR0406,2,FLAME2S,FLAME2S,BAM,1882,822,29,12,0,0,0x00001043,embedded,
AR0406,53,FLAME2S,FLAME2S,BAM,743,617,11,9,0,0,0x00001003,embedded,
AR0409,0,FLAME2S,FLAME2S,BAM,174,309,2,4,0,0,0x00001003,embedded,
AR0409,1,FLAME2S,FLAME2S,BAM,402,148,6,2,0,0,0x00001003,embedded,
AR0409,2,FLAME2S,FLAME2S,BAM,555,104,8,1,0,0,0x00001003,embedded,
AR0409,3,FLAME2S,FLAME2S,BAM,675,189,10,2,0,0,0x00001003,embedded,
AR0502,10,FLAME2S,FLAME2S,BAM,626,524,9,8,0,0,0x00001003,embedded,
AR0504,0,FLAME2S,FLAME2S,BAM,1597,110,24,1,0,0,0x00001003,embedded,
AR0504,1,FLAME2S,FLAME2S,BAM,1607,118,25,1,0,0,0x00001003,embedded,
AR0504,2,FLAME2S,FLAME2S,BAM,1744,215,27,3,0,0,0x00001003,embedded,
AR0504,3,FLAME2S,FLAME2S,BAM,1755,222,27,3,0,0,0x00001003,embedded,
AR0504,4,FLAME2S,FLAME2S,BAM,1810,442,28,6,0,0,0x00001003,embedded,
AR0504,5,FLAME2S,FLAME2S,BAM,1800,448,28,7,0,0,0x00001003,embedded,
AR0504,6,FLAME2S,FLAME2S,BAM,1654,553,25,8,0,0,0x00001003,embedded,
AR0504,7,FLAME2S,FLAME2S,BAM,1644,560,25,8,0,0,0x00001003,embedded,
AR0504,8,FLAME2S,FLAME2S,BAM,2046,433,31,6,0,0,0x00001003,embedded,
AR0504,9,FLAME2S,FLAME2S,BAM,2056,439,32,6,0,0,0x00001003,embedded,
AR0504,10,FLAME2S,FLAME2S,BAM,1909,532,29,8,0,0,0x00001003,embedded,
AR0504,11,FLAME2S,FLAME2S,BAM,1913,536,29,8,0,0,0x00001003,embedded,
AR0504,12,FLAME2S,FLAME2S,BAM,1916,541,29,8,0,0,0x00001003,embedded,
AR0504,13,FLAME2S,FLAME2S,BAM,1915,547,29,8,0,0,0x00001003,embedded,
AR0504,14,FLAME2S,FLAME2S,BAM,1902,529,29,8,0,0,0x00001003,embedded,
AR0504,15,FLAME2S,FLAME2S,BAM,1894,526,29,8,0,0,0x00001003,embedded,
AR0504,16,FLAME2S,FLAME2S,BAM,1886,526,29,8,0,0,0x00001003,embedded,
AR0504,17,FLAME2S,FLAME2S,BAM,1879,529,29,8,0,0,0x00001003,embedded,
AR0504,18,FLAME2S,FLAME2S,BAM,1873,533,29,8,0,0,0x00001003,embedded,
AR0504,19,FLAME2S,FLAME2S,BAM,1869,538,29,8,0,0,0x00001003,embedded,
AR0504,20,FLAME2S,FLAME2S,BAM,1869,543,29,8,0,0,0x00001003,embedded,
AR0504,21,FLAME2S,FLAME2S,BAM,1871,549,29,8,0,0,0x00001003,embedded,
AR0504,22,FLAME2S,FLAME2S,BAM,1876,553,29,8,0,0,0x00001003,embedded,
AR0504,23,FLAME2S,FLAME2S,BAM,1884,557,29,8,0,0,0x00001003,embedded,
AR0504,24,FLAME2S,FLAME2S,BAM,1891,558,29,8,0,0,0x00001003,embedded,
AR0504,25,FLAME2S,FLAME2S,BAM,1899,557,29,8,0,0,0x00001003,embedded,
AR0504,26,FLAME2S,FLAME2S,BAM,1905,555,29,8,0,0,0x00001003,embedded,
AR0504,27,FLAME2S,FLAME2S,BAM,1911,551,29,8,0,0,0x00001003,embedded,
AR0504,28,FLAME2S,FLAME2S,BAM,1820,579,28,9,0,0,0x00001003,embedded,
AR0504,29,FLAME2S,FLAME2S,BAM,1811,579,28,9,0,0,0x00001003,embedded,
AR0504,30,FLAME2S,FLAME2S,BAM,1804,582,28,9,0,0,0x00001003,embedded,
AR0504,31,FLAME2S,FLAME2S,BAM,1798,587,28,9,0,0,0x00001003,embedded,
AR0504,32,FLAME2S,FLAME2S,BAM,1794,592,28,9,0,0,0x00001003,embedded,
AR0504,33,FLAME2S,FLAME2S,BAM,1795,599,28,9,0,0,0x00001003,embedded,
AR0504,34,FLAME2S,FLAME2S,BAM,1798,606,28,9,0,0,0x00001003,embedded,
AR0504,35,FLAME2S,FLAME2S,BAM,1808,611,28,9,0,0,0x00001003,embedded,
AR0504,36,FLAME2S,FLAME2S,BAM,1815,612,28,9,0,0,0x00001003,embedded,
AR0504,37,FLAME2S,FLAME2S,BAM,1823,611,28,9,0,0,0x00001003,embedded,
AR0504,38,FLAME2S,FLAME2S,BAM,1830,609,28,9,0,0,0x00001003,embedded,
AR0504,39,FLAME2S,FLAME2S,BAM,1835,604,28,9,0,0,0x00001003,embedded,
AR0504,40,FLAME2S,FLAME2S,BAM,1840,599,28,9,0,0,0x00001003,embedded,
AR0504,41,FLAME2S,FLAME2S,BAM,1839,593,28,9,0,0,0x00001003,embedded,
AR0504,42,FLAME2S,FLAME2S,BAM,1834,586,28,9,0,0,0x00001003,embedded,
AR0504,43,FLAME2S,FLAME2S,BAM,1827,581,28,9,0,0,0x00001003,embedded,
AR0504,44,FLAME2S,FLAME2S,BAM,1890,788,29,12,0,0,0x00001003,embedded,
AR0504,45,FLAME2S,FLAME2S,BAM,1899,781,29,12,0,0,0x00001003,embedded,
AR0504,46,FLAME2S,FLAME2S,BAM,2025,690,31,10,0,0,0x00001003,embedded,
AR0504,47,FLAME2S,FLAME2S,BAM,2035,684,31,10,0,0,0x00001003,embedded,
AR0504,48,FLAME2S,FLAME2S,BAM,2189,576,34,9,0,0,0x00001003,embedded,
AR0504,49,FLAME2S,FLAME2S,BAM,2198,570,34,8,0,0,0x00001003,embedded,
AR0504,50,FLAME2S,FLAME2S,BAM,2330,632,36,9,0,0,0x00001003,embedded,
AR0504,51,FLAME2S,FLAME2S,BAM,2339,639,36,9,0,0,0x00001003,embedded,
AR0504,52,FLAME2S,FLAME2S,BAM,2391,675,37,10,0,0,0x00001003,embedded,
AR0504,53,FLAME2S,FLAME2S,BAM,2402,681,37,10,0,0,0x00001003,embedded,
AR0504,54,FLAME2S,FLAME2S,BAM,778,1191,12,18,0,0,0x00001003,embedded,
AR0504,55,FLAME2S,FLAME2S,BAM,965,1135,15,17,0,0,0x00001003,embedded,
AR0504,56,FLAME2S,FLAME2S,BAM,1066,1207,16,18,0,0,0x00001003,embedded,
AR0504,57,FLAME2S,FLAME2S,BAM,796,1006,12,15,0,0,0x00001003,embedded,
AR0504,58,FLAME2S,FLAME2S,BAM,164,1055,2,16,0,0,0x00001003,embedded,
AR0504,59,FLAME2S,FLAME2S,BAM,243,997,3,15,0,0,0x00001003,embedded,
AR0504,60,FLAME2S,FLAME2S,BAM,324,939,5,14,0,0,0x00001003,embedded,
AR0504,61,FLAME2S,FLAME2S,BAM,394,890,6,13,0,0,0x00001003,embedded,
AR0504,62,FLAME2S,FLAME2S,BAM,474,835,7,13,0,0,0x00001003,embedded,
AR0505,0,FLAME2S,FLAME2S,BAM,656,496,10,7,0,0,0x00001003,embedded,
AR0505,1,FLAME2S,FLAME2S,BAM,649,500,10,7,0,0,0x00001003,embedded,
AR0505,2,FLAME2S,FLAME2S,BAM,640,498,10,7,0,0,0x00001003,embedded,
AR0505,3,FLAME2S,FLAME2S,BAM,707,775,11,12,0,0,0x00001003,embedded,
AR0505,4,FLAME2S,FLAME2S,BAM,707,783,11,12,0,0,0x00001003,embedded,
AR0505,5,FLAME2S,FLAME2S,BAM,694,775,10,12,0,0,0x00001003,embedded,
AR0505,6,FLAME2S,FLAME2S,BAM,694,783,10,12,0,0,0x00001003,embedded,
AR0505,7,FLAME2S,FLAME2S,BAM,660,774,10,12,0,0,0x00001003,embedded,
AR0505,8,FLAME2S,FLAME2S,BAM,660,782,10,12,0,0,0x00001003,embedded,
AR0505,9,FLAME2S,FLAME2S,BAM,648,774,10,12,0,0,0x00001003,embedded,
AR0505,10,FLAME2S,FLAME2S,BAM,648,782,10,12,0,0,0x00001003,embedded,
AR0505,11,FLAME2S,FLAME2S,BAM,890,950,13,14,0,0,0x00001003,embedded,
AR0505,12,FLAME2S,FLAME2S,BAM,890,958,13,14,0,0,0x00001003,embedded,
AR0505,13,FLAME2S,FLAME2S,BAM,877,951,13,14,0,0,0x00001003,embedded,
AR0505,14,FLAME2S,FLAME2S,BAM,878,959,13,14,0,0,0x00001003,embedded,
AR0505,15,FLAME2S,FLAME2S,BAM,1030,551,16,8,0,0,0x00001003,embedded,
AR0505,16,FLAME2S,FLAME2S,BAM,1030,547,16,8,0,0,0x00001003,embedded,
AR0505,17,FLAME2S,FLAME2S,BAM,1018,545,15,8,0,0,0x00001003,embedded,
AR0505,18,FLAME2S,FLAME2S,BAM,1019,552,15,8,0,0,0x00001003,embedded,
AR0505,19,FLAME2S,FLAME2S,BAM,1246,682,19,10,0,0,0x00001003,embedded,
AR0505,20,FLAME2S,FLAME2S,BAM,1258,682,19,10,0,0,0x00001003,embedded,
AR0505,21,FLAME2S,FLAME2S,BAM,1246,690,19,10,0,0,0x00001003,embedded,
AR0505,22,FLAME2S,FLAME2S,BAM,1258,690,19,10,0,0,0x00001003,embedded,
AR0505,23,FLAME2S,FLAME2S,BAM,1305,681,20,10,0,0,0x00001003,embedded,
AR0505,24,FLAME2S,FLAME2S,BAM,1293,681,20,10,0,0,0x00001003,embedded,
AR0505,25,FLAME2S,FLAME2S,BAM,1293,690,20,10,0,0,0x00001003,embedded,
AR0505,26,FLAME2S,FLAME2S,BAM,1305,690,20,10,0,0,0x00001003,embedded,
AR0505,27,FLAME2S,FLAME2S,BAM,1721,221,26,3,0,0,0x00001003,embedded,
AR0505,28,FLAME2S,FLAME2S,BAM,1805,699,28,10,0,0,0x00001003,embedded,
AR0505,29,FLAME2S,FLAME2S,BAM,1889,621,29,9,0,0,0x00001003,embedded,
AR0505,30,FLAME2S,FLAME2S,BAM,1967,566,30,8,0,0,0x00001003,embedded,
AR0505,31,FLAME2S,FLAME2S,BAM,2263,773,35,12,0,0,0x00001003,embedded,
AR0505,32,FLAME2S,FLAME2S,BAM,2174,927,33,14,0,0,0x00001003,embedded,
AR0505,33,FLAME2S,FLAME2S,BAM,1592,1051,24,16,0,0,0x00001003,embedded,
AR0505,34,FLAME2S,FLAME2S,BAM,1602,1057,25,16,0,0,0x00001003,embedded,
AR0505,35,FLAME2S,FLAME2S,BAM,1611,1050,25,16,0,0,0x00001003,embedded,
AR0505,36,FLAME2S,FLAME2S,BAM,1380,952,21,14,0,0,0x00001003,embedded,
AR0505,37,FLAME2S,FLAME2S,BAM,1262,923,19,14,0,0,0x00001003,embedded,
AR0505,38,FLAME2S,FLAME2S,BAM,1214,1086,18,16,0,0,0x00001003,embedded,
AR0505,39,FLAME2S,FLAME2S,BAM,152,1035,2,16,0,0,0x00001003,embedded,
AR0505,40,FLAME2S,FLAME2S,BAM,162,1028,2,16,0,0,0x00001003,embedded,
AR0505,41,FLAME2S,FLAME2S,BAM,300,930,4,14,0,0,0x00001003,embedded,
AR0505,42,FLAME2S,FLAME2S,BAM,309,923,4,14,0,0,0x00001003,embedded,
AR0505,43,FLAME2S,FLAME2S,BAM,532,952,8,14,0,0,0x00001003,embedded,
AR0505,44,FLAME2S,FLAME2S,BAM,540,959,8,14,0,0,0x00001003,embedded,
AR0505,45,FLAME2S,FLAME2S,BAM,653,1037,10,16,0,0,0x00001003,embedded,
AR0505,46,FLAME2S,FLAME2S,BAM,664,1043,10,16,0,0,0x00001003,embedded,
AR0505,47,FLAME2S,FLAME2S,BAM,384,1139,6,17,0,0,0x00001003,embedded,
AR0505,48,FLAME2S,FLAME2S,BAM,441,1104,6,17,0,0,0x00001003,embedded,
AR0505,49,FLAME2S,FLAME2S,BAM,613,1243,9,19,0,0,0x00001003,embedded,
AR0505,50,FLAME2S,FLAME2S,BAM,622,1237,9,19,0,0,0x00001003,embedded,
AR0505,51,FLAME2S,FLAME2S,BAM,865,1311,13,20,0,0,0x00001003,embedded,
AR0505,52,FLAME2S,FLAME2S,BAM,874,1305,13,20,0,0,0x00001003,embedded,
AR0505,53,FLAME2S,FLAME2S,BAM,1295,1386,20,21,0,0,0x00001003,embedded,
AR0505,54,FLAME2S,FLAME2S,BAM,1305,1393,20,21,0,0,0x00001003,embedded,
AR0505,55,FLAME2S,FLAME2S,BAM,1024,1610,16,25,0,0,0x00001003,embedded,
AR0505,56,FLAME2S,FLAME2S,BAM,1214,1597,18,24,0,0,0x00001003,embedded,
AR0506,1,FLAME2S,FLAME2S,BAM,478,113,7,1,0,0,0x00001003,embedded,
AR0506,2,FLAME2S,FLAME2S,BAM,376,349,5,5,0,0,0x00001003,embedded,
AR0506,3,FLAME2S,FLAME2S,BAM,255,270,3,4,0,0,0x00001043,embedded,
AR0506,4,FLAME2S,FLAME2S,BAM,777,344,12,5,0,0,0x00001003,embedded,
AR0506,5,FLAME2S,FLAME2S,BAM,362,494,5,7,0,0,0x00001003,embedded,
AR0506,6,FLAME2S,FLAME2S,BAM,860,432,13,6,0,0,0x00001003,embedded,
AR0506,7,FLAME2S,FLAME2S,BAM,547,597,8,9,0,0,0x00001003,embedded,
AR0509,0,FLAME2S,FLAME2S,BAM,317,434,4,6,0,0,0x00001003,embedded,
AR0509,1,FLAME2S,FLAME2S,BAM,394,388,6,6,0,0,0x00001003,embedded,
AR0509,2,FLAME2S,FLAME2S,BAM,254,511,3,7,0,0,0x00001003,embedded,
AR0509,7,FLAME2S,FLAME2S,BAM,454,559,7,8,0,0,0x00001003,embedded,
AR0509,8,FLAME2S,FLAME2S,BAM,530,648,8,10,0,0,0x00001003,embedded,
AR0509,9,FLAME2S,FLAME2S,BAM,528,422,8,6,0,0,0x00001003,embedded,
AR0509,10,FLAME2S,FLAME2S,BAM,665,366,10,5,0,0,0x00001003,embedded,
AR0510,0,FLAME2S,FLAME2S,BAM,614,608,9,9,0,0,0x00001003,embedded,
AR0510,1,FLAME2S,FLAME2S,BAM,755,506,11,7,0,0,0x00001003,embedded,
AR0510,2,FLAME2S,FLAME2S,BAM,1098,747,17,11,0,0,0x00001003,embedded,
AR0510,3,FLAME2S,FLAME2S,BAM,956,846,14,13,0,0,0x00001003,embedded,
AR0510,4,FLAME2S,FLAME2S,BAM,814,946,12,14,0,0,0x00001003,embedded,
AR0510,5,FLAME2S,FLAME2S,BAM,673,1047,10,16,0,0,0x00001003,embedded,
AR0510,6,FLAME2S,FLAME2S,BAM,99,1143,1,17,0,0,0x00001003,embedded,
AR0510,7,FLAME2S,FLAME2S,BAM,369,1043,5,16,0,0,0x00001003,embedded,
AR0510,8,FLAME2S,FLAME2S,BAM,328,803,5,12,0,0,0x00001003,embedded,
AR0510,14,FLAME2S,FLAME2S,BAM,472,706,7,11,0,0,0x00001003,embedded,
AR0511,0,FLAME2S,FLAME2S,BAM,109,723,1,11,0,0,0x00001003,embedded,
AR0511,1,FLAME2S,FLAME2S,BAM,417,653,6,10,0,0,0x00001003,embedded,
AR0511,2,FLAME2S,FLAME2S,BAM,1245,196,19,3,0,0,0x00001003,embedded,
AR0511,3,FLAME2S,FLAME2S,BAM,1405,324,21,5,0,0,0x00001003,embedded,
AR0511,4,FLAME2S,FLAME2S,BAM,1398,541,21,8,0,0,0x00001003,embedded,
AR0511,5,FLAME2S,FLAME2S,BAM,651,1018,10,15,0,0,0x00001003,embedded,
AR0513,0,FLAME2S,FLAME2S,BAM,396,349,6,5,0,0,0x00001003,embedded,
AR0513,1,FLAME2S,FLAME2S,BAM,458,304,7,4,0,0,0x00001003,embedded,
AR0513,2,FLAME2S,FLAME2S,BAM,616,192,9,3,0,0,0x00001003,embedded,
AR0513,3,FLAME2S,FLAME2S,BAM,539,359,8,5,0,0,0x00001003,embedded,
AR0513,4,FLAME2S,FLAME2S,BAM,624,299,9,4,0,0,0x00001003,embedded,
AR0513,5,FLAME2S,FLAME2S,BAM,735,446,11,6,0,0,0x00001003,embedded,
AR0513,6,FLAME2S,FLAME2S,BAM,917,406,14,6,0,0,0x00001003,embedded,
AR0513,7,FLAME2S,FLAME2S,BAM,1081,319,16,4,0,0,0x00001003,embedded,
AR0513,8,FLAME2S,FLAME2S,BAM,1042,190,16,2,0,0,0x00001003,embedded,
AR0513,9,FLAME2S,FLAME2S,BAM,617,605,9,9,0,0,0x00001003,embedded,
AR0513,10,FLAME2S,FLAME2S,BAM,386,487,6,7,0,0,0x00001003,embedded,
AR0513,11,FLAME2S,FLAME2S,BAM,426,669,6,10,0,0,0x00001043,embedded,
AR0513,12,FLAME2S,FLAME2S,BAM,318,593,4,9,0,0,0x00001043,embedded,
AR0513,13,FLAME2S,FLAME2S,BAM,136,535,2,8,0,0,0x00001043,embedded,
AR0513,14,FLAME2S,FLAME2S,BAM,249,453,3,7,0,0,0x00001043,embedded,
AR0514,0,FLAME2S,FLAME2S,BAM,203,311,3,4,0,0,0x00001003,embedded,
AR0514,1,FLAME2S,FLAME2S,BAM,142,357,2,5,0,0,0x00001003,embedded,
AR0514,2,FLAME2S,FLAME2S,BAM,787,199,12,3,0,0,0x00001003,embedded,
AR0515,0,FLAME2S,FLAME2S,BAM,141,356,2,5,0,0,0x00001003,embedded,
AR0515,1,FLAME2S,FLAME2S,BAM,203,311,3,4,0,0,0x00001003,embedded,
AR0515,2,FLAME2S,FLAME2S,BAM,786,199,12,3,0,0,0x00001003,embedded,
AR0522,5,FLAME2S,FLAME2S,BAM,318,432,4,6,0,0,0x00001003,embedded,
AR0522,6,FLAME2S,FLAME2S,BAM,393,387,6,6,0,0,0x00001003,embedded,
AR0522,7,FLAME2S,FLAME2S,BAM,528,421,8,6,0,0,0x00001003,embedded,
AR0522,8,FLAME2S,FLAME2S,BAM,665,365,10,5,0,0,0x00001003,embedded,
AR0522,9,FLAME2S,FLAME2S,BAM,531,646,8,10,0,0,0x00001003,embedded,
AR0522,10,FLAME2S,FLAME2S,BAM,455,557,7,8,0,0,0x00001003,embedded,
AR0522,11,FLAME2S,FLAME2S,BAM,254,511,3,7,0,0,0x00001003,embedded,
AR0527,1,FLAME2S,FLAME2S,BAM,187,309,2,4,0,0,0x00001003,embedded,
AR0527,2,FLAME2S,FLAME2S,BAM,389,168,6,2,0,0,0x00001003,embedded,
AR0527,3,FLAME2S,FLAME2S,BAM,557,114,8,1,0,0,0x00001003,embedded,
AR0527,4,FLAME2S,FLAME2S,BAM,661,188,10,2,0,0,0x00001003,embedded,
AR0527,5,FLAME2S,FLAME2S,BAM,506,266,7,4,0,0,0x00001003,embedded,
AR0528,0,FLAME2S,FLAME2S,BAM,379,360,5,5,0,0,0x00001103,embedded,
AR0528,1,FLAME2S,FLAME2S,BAM,434,316,6,4,0,0,0x00001103,embedded,
AR0528,2,FLAME2S,FLAME2S,BAM,636,218,9,3,0,0,0x00001103,embedded,
AR0528,3,FLAME2S,FLAME2S,BAM,308,241,4,3,0,0,0x00001103,embedded,
AR0528,4,FLAME2S,FLAME2S,BAM,180,304,2,4,0,0,0x00001103,embedded,
AR0528,5,FLAME2S,FLAME2S,BAM,438,121,6,1,0,0,0x00001103,embedded,
AR0528,6,FLAME2S,FLAME2S,BAM,670,188,10,2,0,0,0x00001103,embedded,
AR0528,7,FLAME2S,FLAME2S,BAM,426,129,6,2,0,0,0x00001103,embedded,
AR0528,8,FLAME2S,FLAME2S,BAM,170,310,2,4,0,0,0x00001103,embedded,
AR0528,9,FLAME2S,FLAME2S,BAM,552,107,8,1,0,0,0x00001103,embedded,
AR0528,10,FLAME2S,FLAME2S,BAM,573,114,8,1,0,0,0x00001103,embedded,
AR0528,11,FLAME2S,FLAME2S,BAM,680,194,10,3,0,0,0x00001103,embedded,
AR0529,2,FLAME2S,FLAME2S,BAM,440,243,6,3,0,0,0x00001043,embedded,
AR0529,3,FLAME2S,FLAME2S,BAM,628,173,9,2,0,0,0x00001043,embedded,
AR0602,15,FLAME2S,FLAME2S,BAM,3524,873,55,13,0,0,0x00001003,embedded,
AR0602,16,FLAME2S,FLAME2S,BAM,3384,971,52,15,0,0,0x00001003,embedded,
AR0602,21,FLAME2S,FLAME2S,BAM,3517,2180,54,34,0,0,0x00001003,embedded,
AR0602,22,FLAME2S,FLAME2S,BAM,3063,2195,47,34,0,0,0x00001003,embedded,
AR0602,23,FLAME2S,FLAME2S,BAM,3301,2154,51,33,0,0,0x00001003,embedded,
AR0602,24,FLAME2S,FLAME2S,BAM,3171,2469,49,38,0,0,0x00001043,embedded,
AR0602,29,FLAME2S,FLAME2S,BAM,3750,1041,58,16,0,0,0x00001043,embedded,
AR0704,18,FLAME2S,FLAME2S,BAM,235,608,3,9,0,0,0x00001043,embedded,
AR0704,19,FLAME2S,FLAME2S,BAM,451,531,7,8,0,0,0x00001043,embedded,
AR0704,20,FLAME2S,FLAME2S,BAM,483,759,7,11,0,0,0x00001043,embedded,
AR0704,21,FLAME2S,FLAME2S,BAM,565,611,8,9,0,0,0x00001043,embedded,
AR0704,22,FLAME2S,FLAME2S,BAM,605,487,9,7,0,0,0x00001043,embedded,
AR0704,23,FLAME2S,FLAME2S,BAM,721,557,11,8,0,0,0x00001043,embedded,
AR0704,24,FLAME2S,FLAME2S,BAM,529,391,8,6,0,0,0x00001043,embedded,
AR0704,25,FLAME2S,FLAME2S,BAM,848,123,13,1,0,0,0x00001043,embedded,
AR0705,0,FLAME2S,FLAME2S,BAM,1144,125,17,1,0,0,0x00001003,embedded,
AR0705,1,FLAME2S,FLAME2S,BAM,1274,56,19,0,0,0,0x00001003,embedded,
AR0705,2,FLAME2S,FLAME2S,BAM,1436,154,22,2,0,0,0x00001003,embedded,
AR0705,3,FLAME2S,FLAME2S,BAM,1375,455,21,7,0,0,0x00001003,embedded,
AR0705,4,FLAME2S,FLAME2S,BAM,1489,446,23,6,0,0,0x00001003,embedded,
AR0705,5,FLAME2S,FLAME2S,BAM,1548,391,24,6,0,0,0x00001003,embedded,
AR0706,4,FLAME2S,FLAME2S,BAM,484,368,7,5,0,0,0x00001003,embedded,
AR0709,8,FLAME2S,FLAME2S,BAM,649,475,10,7,0,0,0x00001003,embedded,
AR0709,9,FLAME2S,FLAME2S,BAM,614,456,9,7,0,0,0x00001003,embedded,
AR0709,10,FLAME2S,FLAME2S,BAM,541,407,8,6,0,0,0x00001003,embedded,
AR0709,11,FLAME2S,FLAME2S,BAM,434,470,6,7,0,0,0x00001003,embedded,
AR0709,12,FLAME2S,FLAME2S,BAM,560,573,8,8,0,0,0x00001003,embedded,
AR0709,13,FLAME2S,FLAME2S,BAM,305,606,4,9,0,0,0x00001003,embedded,
AR0709,14,FLAME2S,FLAME2S,BAM,479,731,7,11,0,0,0x00001003,embedded,
AR0709,15,FLAME2S,FLAME2S,BAM,933,439,14,6,0,0,0x00001003,embedded,
AR0709,16,FLAME2S,FLAME2S,BAM,1043,349,16,5,0,0,0x00001003,embedded,
AR0709,17,FLAME2S,FLAME2S,BAM,1060,352,16,5,0,0,0x00001003,embedded,
AR0710,1,FLAME2S,FLAME2S,BAM,187,299,2,4,0,0,0x00001003,embedded,
AR0710,2,FLAME2S,FLAME2S,BAM,389,158,6,2,0,0,0x00001003,embedded,
AR0710,3,FLAME2S,FLAME2S,BAM,557,106,8,1,0,0,0x00001003,embedded,
AR0710,4,FLAME2S,FLAME2S,BAM,661,178,10,2,0,0,0x00001003,embedded,
AR0710,5,FLAME2S,FLAME2S,BAM,505,257,7,4,0,0,0x00001003,embedded,
AR0712,0,FLAME2S,FLAME2S,BAM,142,357,2,5,0,0,0x00001003,embedded,
AR0712,1,FLAME2S,FLAME2S,BAM,203,312,3,4,0,0,0x00001003,embedded,
AR0712,2,FLAME2S,FLAME2S,BAM,787,199,12,3,0,0,0x00001003,embedded,
AR0801,0,FLAME2S,FLAME2S,BAM,1195,607,18,9,0,0,0x00001003,embedded,
AR0801,1,FLAME2S,FLAME2S,BAM,1235,671,19,10,0,0,0x00001003,embedded,
AR0801,2,FLAME2S,FLAME2S,BAM,1273,737,19,11,0,0,0x00001003,embedded,
AR0802,0,FLAME2S,FLAME2S,BAM,682,2141,10,33,0,0,0x00001003,embedded,
AR0802,1,FLAME2S,FLAME2S,BAM,859,2016,13,31,0,0,0x00001003,embedded,
AR0808,0,FLAME2S,FLAME2S,BAM,1195,607,18,9,0,0,0x00001003,embedded,
AR0808,1,FLAME2S,FLAME2S,BAM,1235,671,19,10,0,0,0x00001003,embedded,
AR0808,2,FLAME2S,FLAME2S,BAM,1273,737,19,11,0,0,0x00001003,embedded,
AR0903,0,FLAME2S,FLAME2S,BAM,2009,518,31,8,0,0,0x00001803,embedded,
AR0903,1,FLAME2S,FLAME2S,BAM,1627,296,25,4,0,0,0x00001803,embedded,
AR0903,2,FLAME2S,FLAME2S,BAM,1640,472,25,7,0,0,0x00001803,embedded,
AR0903,3,FLAME2S,FLAME2S,BAM,1649,478,25,7,0,0,0x00001803,embedded,
AR0903,4,FLAME2S,FLAME2S,BAM,1658,473,25,7,0,0,0x00001803,embedded,
AR0903,5,FLAME2S,FLAME2S,BAM,1793,582,28,9,0,0,0x00001803,embedded,
AR0903,6,FLAME2S,FLAME2S,BAM,1801,587,28,9,0,0,0x00001803,embedded,
AR0903,7,FLAME2S,FLAME2S,BAM,1811,582,28,9,0,0,0x00001803,embedded,
AR0903,8,FLAME2S,FLAME2S,BAM,1855,839,28,13,0,0,0x00001803,embedded,
AR0903,9,FLAME2S,FLAME2S,BAM,1862,844,29,13,0,0,0x00001803,embedded,
AR0903,10,FLAME2S,FLAME2S,BAM,1871,839,29,13,0,0,0x00001803,embedded,
AR0903,11,FLAME2S,FLAME2S,BAM,1704,950,26,14,0,0,0x00001803,embedded,
AR0903,12,FLAME2S,FLAME2S,BAM,1712,955,26,14,0,0,0x00001803,embedded,
AR0903,13,FLAME2S,FLAME2S,BAM,1720,950,26,14,0,0,0x00001803,embedded,
AR0903,14,FLAME2S,FLAME2S,BAM,1532,1067,23,16,0,0,0x00001803,embedded,
AR0903,15,FLAME2S,FLAME2S,BAM,1539,1071,24,16,0,0,0x00001803,embedded,
AR0903,16,FLAME2S,FLAME2S,BAM,1548,1067,24,16,0,0,0x00001803,embedded,
AR0903,17,FLAME2S,FLAME2S,BAM,1366,1185,21,18,0,0,0x00001803,embedded,
AR0903,18,FLAME2S,FLAME2S,BAM,1374,1190,21,18,0,0,0x00001803,embedded,
AR0903,19,FLAME2S,FLAME2S,BAM,1383,1185,21,18,0,0,0x00001803,embedded,
AR0903,20,FLAME2S,FLAME2S,BAM,1229,1298,19,20,0,0,0x00001803,embedded,
AR0903,21,FLAME2S,FLAME2S,BAM,1221,1303,19,20,0,0,0x00001803,embedded,
AR0903,22,FLAME2S,FLAME2S,BAM,1213,1298,18,20,0,0,0x00001803,embedded,
AR0903,23,FLAME2S,FLAME2S,BAM,1446,537,22,8,0,0,0x00001803,embedded,
AR0903,24,FLAME2S,FLAME2S,BAM,1437,542,22,8,0,0,0x00001803,embedded,
AR0903,25,FLAME2S,FLAME2S,BAM,1429,537,22,8,0,0,0x00001803,embedded,
AR0903,26,FLAME2S,FLAME2S,BAM,1291,642,20,10,0,0,0x00001803,embedded,
AR0903,27,FLAME2S,FLAME2S,BAM,1282,647,20,10,0,0,0x00001803,embedded,
AR0903,28,FLAME2S,FLAME2S,BAM,1274,642,19,10,0,0,0x00001803,embedded,
AR0903,29,FLAME2S,FLAME2S,BAM,1106,757,17,11,0,0,0x00001803,embedded,
AR0903,30,FLAME2S,FLAME2S,BAM,1098,762,17,11,0,0,0x00001803,embedded,
AR0903,31,FLAME2S,FLAME2S,BAM,1090,757,17,11,0,0,0x00001803,embedded,
AR0903,32,FLAME2S,FLAME2S,BAM,940,871,14,13,0,0,0x00001803,embedded,
AR0903,33,FLAME2S,FLAME2S,BAM,931,876,14,13,0,0,0x00001803,embedded,
AR0903,34,FLAME2S,FLAME2S,BAM,923,871,14,13,0,0,0x00001803,embedded,
AR0903,35,FLAME2S,FLAME2S,BAM,783,983,12,15,0,0,0x00001803,embedded,
AR0903,36,FLAME2S,FLAME2S,BAM,774,987,12,15,0,0,0x00001803,embedded,
AR0903,37,FLAME2S,FLAME2S,BAM,766,983,11,15,0,0,0x00001803,embedded,
AR0903,38,FLAME2S,FLAME2S,BAM,874,536,13,8,0,0,0x00001803,embedded,
AR0903,39,FLAME2S,FLAME2S,BAM,865,541,13,8,0,0,0x00001803,embedded,
AR0903,40,FLAME2S,FLAME2S,BAM,856,536,13,8,0,0,0x00001803,embedded,
AR0903,41,FLAME2S,FLAME2S,BAM,771,609,12,9,0,0,0x00001803,embedded,
AR0903,42,FLAME2S,FLAME2S,BAM,762,614,11,9,0,0,0x00001803,embedded,
AR0903,43,FLAME2S,FLAME2S,BAM,753,609,11,9,0,0,0x00001803,embedded,
AR0903,44,FLAME2S,FLAME2S,BAM,1054,1517,16,23,0,0,0x00001803,embedded,
AR0903,45,FLAME2S,FLAME2S,BAM,1063,1517,16,23,0,0,0x00001803,embedded,
AR0903,46,FLAME2S,FLAME2S,BAM,1072,1520,16,23,0,0,0x00001803,embedded,
AR0903,47,FLAME2S,FLAME2S,BAM,1079,1524,16,23,0,0,0x00001803,embedded,
AR0903,48,FLAME2S,FLAME2S,BAM,1083,1531,16,23,0,0,0x00001803,embedded,
AR0903,49,FLAME2S,FLAME2S,BAM,1082,1538,16,24,0,0,0x00001803,embedded,
AR0903,50,FLAME2S,FLAME2S,BAM,1079,1545,16,24,0,0,0x00001803,embedded,
AR0903,51,FLAME2S,FLAME2S,BAM,1073,1550,16,24,0,0,0x00001803,embedded,
AR0903,52,FLAME2S,FLAME2S,BAM,1065,1554,16,24,0,0,0x00001803,embedded,
AR0903,53,FLAME2S,FLAME2S,BAM,1056,1556,16,24,0,0,0x00001803,embedded,
AR0903,54,FLAME2S,FLAME2S,BAM,1046,1555,16,24,0,0,0x00001803,embedded,
AR0903,55,FLAME2S,FLAME2S,BAM,1038,1553,16,24,0,0,0x00001803,embedded,
AR0903,56,FLAME2S,FLAME2S,BAM,1031,1547,16,24,0,0,0x00001803,embedded,
AR0903,57,FLAME2S,FLAME2S,BAM,1026,1539,16,24,0,0,0x00001803,embedded,
AR0903,58,FLAME2S,FLAME2S,BAM,1028,1531,16,23,0,0,0x00001803,embedded,
AR0903,59,FLAME2S,FLAME2S,BAM,1036,1525,16,23,0,0,0x00001803,embedded,
AR0903,60,FLAME2S,FLAME2S,BAM,1044,1520,16,23,0,0,0x00001803,embedded,
AR0905,1,FLAME2S,FLAME2S,BAM,598,151,9,2,0,0,0x00001003,embedded,
AR0905,2,FLAME2S,FLAME2S,BAM,452,395,7,6,0,0,0x00001003,embedded,
AR0905,3,FLAME2S,FLAME2S,BAM,807,201,12,3,0,0,0x00001003,embedded,
AR0905,4,FLAME2S,FLAME2S,BAM,753,359,11,5,0,0,0x00001003,embedded,
AR0905,5,FLAME2S,FLAME2S,BAM,1110,367,17,5,0,0,0x00001003,embedded,
AR0905,6,FLAME2S,FLAME2S,BAM,645,438,10,6,0,0,0x00001003,embedded,
AR0905,7,FLAME2S,FLAME2S,BAM,511,666,7,10,0,0,0x00001003,embedded,
AR0905,8,FLAME2S,FLAME2S,BAM,348,647,5,10,0,0,0x00001003,embedded,
AR0905,9,FLAME2S,FLAME2S,BAM,98,501,1,7,0,0,0x00001003,embedded,
AR0905,10,FLAME2S,FLAME2S,BAM,331,333,5,5,0,0,0x00001003,embedded,
AR0906,0,FLAME2S,FLAME2S,BAM,1463,505,22,7,0,0,0x00001043,embedded,
AR0906,1,FLAME2S,FLAME2S,BAM,1596,444,24,6,0,0,0x00001043,embedded,
AR0906,2,FLAME2S,FLAME2S,BAM,1596,112,24,1,0,0,0x00001043,embedded,
AR0906,3,FLAME2S,FLAME2S,BAM,1606,120,25,1,0,0,0x00001043,embedded,
AR0906,4,FLAME2S,FLAME2S,BAM,1744,217,27,3,0,0,0x00001043,embedded,
AR0906,5,FLAME2S,FLAME2S,BAM,1754,224,27,3,0,0,0x00001043,embedded,
AR0906,6,FLAME2S,FLAME2S,BAM,1800,451,28,7,0,0,0x00001043,embedded,
AR0906,7,FLAME2S,FLAME2S,BAM,1810,444,28,6,0,0,0x00001043,embedded,
AR0906,8,FLAME2S,FLAME2S,BAM,1643,563,25,8,0,0,0x00001043,embedded,
AR0906,9,FLAME2S,FLAME2S,BAM,1653,556,25,8,0,0,0x00001043,embedded,
AR0906,10,FLAME2S,FLAME2S,BAM,2047,435,31,6,0,0,0x00001043,embedded,
AR0906,11,FLAME2S,FLAME2S,BAM,2057,442,32,6,0,0,0x00001043,embedded,
AR0906,12,FLAME2S,FLAME2S,BAM,1894,527,29,8,0,0,0x00001043,embedded,
AR0906,13,FLAME2S,FLAME2S,BAM,1902,529,29,8,0,0,0x00001043,embedded,
AR0906,14,FLAME2S,FLAME2S,BAM,1909,532,29,8,0,0,0x00001043,embedded,
AR0906,15,FLAME2S,FLAME2S,BAM,1914,537,29,8,0,0,0x00001043,embedded,
AR0906,16,FLAME2S,FLAME2S,BAM,1916,543,29,8,0,0,0x00001043,embedded,
AR0906,17,FLAME2S,FLAME2S,BAM,1914,549,29,8,0,0,0x00001043,embedded,
AR0906,18,FLAME2S,FLAME2S,BAM,1911,554,29,8,0,0,0x00001043,embedded,
AR0906,19,FLAME2S,FLAME2S,BAM,1905,558,29,8,0,0,0x00001043,embedded,
AR0906,20,FLAME2S,FLAME2S,BAM,1898,561,29,8,0,0,0x00001043,embedded,
AR0906,21,FLAME2S,FLAME2S,BAM,1893,563,29,8,0,0,0x00001043,embedded,
AR0906,22,FLAME2S,FLAME2S,BAM,1884,561,29,8,0,0,0x00001043,embedded,
AR0906,23,FLAME2S,FLAME2S,BAM,1877,557,29,8,0,0,0x00001043,embedded,
AR0906,24,FLAME2S,FLAME2S,BAM,1870,551,29,8,0,0,0x00001043,embedded,
AR0906,25,FLAME2S,FLAME2S,BAM,1870,544,29,8,0,0,0x00001043,embedded,
AR0906,26,FLAME2S,FLAME2S,BAM,1873,535,29,8,0,0,0x00001043,embedded,
AR0906,27,FLAME2S,FLAME2S,BAM,1886,528,29,8,0,0,0x00001043,embedded,
AR0906,28,FLAME2S,FLAME2S,BAM,1878,530,29,8,0,0,0x00001043,embedded,
AR0906,29,FLAME2S,FLAME2S,BAM,1811,579,28,9,0,0,0x00001043,embedded,
AR0906,30,FLAME2S,FLAME2S,BAM,1819,578,28,9,0,0,0x00001043,embedded,
AR0906,31,FLAME2S,FLAME2S,BAM,1827,580,28,9,0,0,0x00001043,embedded,
AR0906,32,FLAME2S,FLAME2S,BAM,1834,584,28,9,0,0,0x00001043,embedded,
AR0906,33,FLAME2S,FLAME2S,BAM,1839,589,28,9,0,0,0x00001043,embedded,
AR0906,34,FLAME2S,FLAME2S,BAM,1841,596,28,9,0,0,0x00001043,embedded,
AR0906,35,FLAME2S,FLAME2S,BAM,1841,601,28,9,0,0,0x00001043,embedded,
AR0906,36,FLAME2S,FLAME2S,BAM,1803,582,28,9,0,0,0x00001043,embedded,
AR0906,37,FLAME2S,FLAME2S,BAM,1798,586,28,9,0,0,0x00001043,embedded,
AR0906,38,FLAME2S,FLAME2S,BAM,1794,591,28,9,0,0,0x00001043,embedded,
AR0906,39,FLAME2S,FLAME2S,BAM,1794,599,28,9,0,0,0x00001043,embedded,
AR0906,40,FLAME2S,FLAME2S,BAM,1796,604,28,9,0,0,0x00001043,embedded,
AR0906,41,FLAME2S,FLAME2S,BAM,1800,609,28,9,0,0,0x00001043,embedded,
AR0906,42,FLAME2S,FLAME2S,BAM,1808,612,28,9,0,0,0x00001043,embedded,
AR0906,43,FLAME2S,FLAME2S,BAM,1815,614,28,9,0,0,0x00001043,embedded,
AR0906,44,FLAME2S,FLAME2S,BAM,1823,612,28,9,0,0,0x00001043,embedded,
AR0906,45,FLAME2S,FLAME2S,BAM,1830,609,28,9,0,0,0x00001043,embedded,
AR0906,46,FLAME2S,FLAME2S,BAM,1837,604,28,9,0,0,0x00001043,embedded,
AR0906,47,FLAME2S,FLAME2S,BAM,1889,790,29,12,0,0,0x00001043,embedded,
AR0906,48,FLAME2S,FLAME2S,BAM,1899,784,29,12,0,0,0x00001043,embedded,
AR0906,49,FLAME2S,FLAME2S,BAM,2035,686,31,10,0,0,0x00001043,embedded,
AR0906,50,FLAME2S,FLAME2S,BAM,2025,693,31,10,0,0,0x00001003,embedded,
AR0906,51,FLAME2S,FLAME2S,BAM,2198,572,34,8,0,0,0x00001043,embedded,
AR0906,52,FLAME2S,FLAME2S,BAM,2188,579,34,9,0,0,0x00001003,embedded,
AR0906,53,FLAME2S,FLAME2S,BAM,2329,635,36,9,0,0,0x00001043,embedded,
AR0906,54,FLAME2S,FLAME2S,BAM,2339,642,36,10,0,0,0x00001043,embedded,
AR0906,55,FLAME2S,FLAME2S,BAM,2392,678,37,10,0,0,0x00001043,embedded,
AR0906,56,FLAME2S,FLAME2S,BAM,2402,685,37,10,0,0,0x00001043,embedded,
AR0906,57,FLAME2S,FLAME2S,BAM,2203,792,34,12,0,0,0x00001043,embedded,
AR0906,58,FLAME2S,FLAME2S,BAM,1361,1009,21,15,0,0,0x00001043,embedded,
AR0906,59,FLAME2S,FLAME2S,BAM,1351,1015,21,15,0,0,0x00001043,embedded,
AR0906,60,FLAME2S,FLAME2S,BAM,1342,1009,20,15,0,0,0x00001043,embedded,
AR0906,61,FLAME2S,FLAME2S,BAM,1493,1132,23,17,0,0,0x00001043,embedded,
AR0906,62,FLAME2S,FLAME2S,BAM,1167,903,18,14,0,0,0x00001043,embedded,
AR0906,63,FLAME2S,FLAME2S,BAM,456,1229,7,19,0,0,0x00001043,embedded,
AR0906,64,FLAME2S,FLAME2S,BAM,615,1356,9,21,0,0,0x00001043,embedded,
AR0907,24,FLAME2S,FLAME2S,BAM,1262,924,19,14,0,0,0x00001043,embedded,
AR0907,25,FLAME2S,FLAME2S,BAM,1380,952,21,14,0,0,0x00001043,embedded,
AR0907,26,FLAME2S,FLAME2S,BAM,1214,1086,18,16,0,0,0x00001043,embedded,
AR0907,27,FLAME2S,FLAME2S,BAM,1592,1052,24,16,0,0,0x00001043,embedded,
AR0907,28,FLAME2S,FLAME2S,BAM,1602,1057,25,16,0,0,0x00001043,embedded,
AR0907,29,FLAME2S,FLAME2S,BAM,1611,1051,25,16,0,0,0x00001043,embedded,
AR0907,30,FLAME2S,FLAME2S,BAM,1428,1204,22,18,0,0,0x00001043,embedded,
AR0907,31,FLAME2S,FLAME2S,BAM,384,1139,6,17,0,0,0x00001043,embedded,
AR0907,32,FLAME2S,FLAME2S,BAM,441,1103,6,17,0,0,0x00001043,embedded,
AR0907,33,FLAME2S,FLAME2S,BAM,151,1038,2,16,0,0,0x00001043,embedded,
AR0907,34,FLAME2S,FLAME2S,BAM,161,1032,2,16,0,0,0x00001043,embedded,
AR0907,35,FLAME2S,FLAME2S,BAM,299,932,4,14,0,0,0x00001043,embedded,
AR0907,36,FLAME2S,FLAME2S,BAM,309,926,4,14,0,0,0x00001043,embedded,
AR0907,37,FLAME2S,FLAME2S,BAM,532,954,8,14,0,0,0x00001043,embedded,
AR0907,38,FLAME2S,FLAME2S,BAM,541,962,8,15,0,0,0x00001043,embedded,
AR0907,39,FLAME2S,FLAME2S,BAM,653,1041,10,16,0,0,0x00001043,embedded,
AR0907,40,FLAME2S,FLAME2S,BAM,663,1047,10,16,0,0,0x00001043,embedded,
AR0907,41,FLAME2S,FLAME2S,BAM,612,1247,9,19,0,0,0x00001043,embedded,
AR0907,42,FLAME2S,FLAME2S,BAM,622,1241,9,19,0,0,0x00001043,embedded,
AR0907,43,FLAME2S,FLAME2S,BAM,864,1315,13,20,0,0,0x00001043,embedded,
AR0907,44,FLAME2S,FLAME2S,BAM,874,1309,13,20,0,0,0x00001043,embedded,
AR0907,45,FLAME2S,FLAME2S,BAM,1024,1610,16,25,0,0,0x00001043,embedded,
AR0907,46,FLAME2S,FLAME2S,BAM,1215,1598,18,24,0,0,0x00001043,embedded,
AR0907,47,FLAME2S,FLAME2S,BAM,1210,1390,18,21,0,0,0x00001043,embedded,
AR0907,48,FLAME2S,FLAME2S,BAM,1295,1389,20,21,0,0,0x00001043,embedded,
AR0907,49,FLAME2S,FLAME2S,BAM,1305,1397,20,21,0,0,0x00001043,embedded,
AR0907,50,FLAME2S,FLAME2S,BAM,2174,928,33,14,0,0,0x00001043,embedded,
AR0907,51,FLAME2S,FLAME2S,BAM,2263,773,35,12,0,0,0x00001043,embedded,
AR0907,52,FLAME2S,FLAME2S,BAM,1806,699,28,10,0,0,0x00001043,embedded,
AR1001,1,FLAME2S,FLAME2S,BAM,598,151,9,2,0,0,0x00001003,embedded,
AR1001,2,FLAME2S,FLAME2S,BAM,452,395,7,6,0,0,0x00001003,embedded,
AR1001,3,FLAME2S,FLAME2S,BAM,807,201,12,3,0,0,0x00001003,embedded,
AR1001,4,FLAME2S,FLAME2S,BAM,753,359,11,5,0,0,0x00001003,embedded,
AR1001,5,FLAME2S,FLAME2S,BAM,1110,367,17,5,0,0,0x00001003,embedded,
AR1001,6,FLAME2S,FLAME2S,BAM,645,438,10,6,0,0,0x00001003,embedded,
AR1001,7,FLAME2S,FLAME2S,BAM,511,666,7,10,0,0,0x00001003,embedded,
AR1001,8,FLAME2S,FLAME2S,BAM,348,647,5,10,0,0,0x00001003,embedded,
AR1001,9,FLAME2S,FLAME2S,BAM,98,501,1,7,0,0,0x00001003,embedded,
AR1001,10,FLAME2S,FLAME2S,BAM,331,333,5,5,0,0,0x00001003,embedded,
AR1003,1,FLAME2S,FLAME2S,BAM,478,113,7,1,0,0,0x00001003,embedded,
AR1003,2,FLAME2S,FLAME2S,BAM,376,349,5,5,0,0,0x00001003,embedded,
AR1003,3,FLAME2S,FLAME2S,BAM,255,270,3,4,0,0,0x00001043,embedded,
AR1003,4,FLAME2S,FLAME2S,BAM,777,344,12,5,0,0,0x00001103,embedded,
AR1003,5,FLAME2S,FLAME2S,BAM,362,494,5,7,0,0,0x00001103,embedded,
AR1003,6,FLAME2S,FLAME2S,BAM,860,432,13,6,0,0,0x00001103,embedded,
AR1003,7,FLAME2S,FLAME2S,BAM,547,597,8,9,0,0,0x00001103,embedded,
AR1004,0,FLAME2S,FLAME2S,BAM,193,261,3,4,0,0,0x00001003,embedded,
AR1004,1,FLAME2S,FLAME2S,BAM,311,489,4,7,0,0,0x00001103,embedded,
AR1004,2,FLAME2S,FLAME2S,BAM,453,388,7,6,0,0,0x00001143,embedded,
AR1004,3,FLAME2S,FLAME2S,BAM,598,386,9,6,0,0,0x00001143,embedded,
AR1004,4,FLAME2S,FLAME2S,BAM,749,493,11,7,0,0,0x00001143,embedded,
AR1004,5,FLAME2S,FLAME2S,BAM,799,372,12,5,0,0,0x00001143,embedded,
AR1004,6,FLAME2S,FLAME2S,BAM,906,296,14,4,0,0,0x00001143,embedded,
AR1004,7,FLAME2S,FLAME2S,BAM,882,163,13,2,0,0,0x00001003,embedded,
AR1004,8,FLAME2S,FLAME2S,BAM,614,131,9,2,0,0,0x00001003,embedded,
AR1004,10,FLAME2S,FLAME2S,BAM,382,277,5,4,0,0,0x00001003,embedded,
AR1004,11,FLAME2S,FLAME2S,BAM,976,424,15,6,0,0,0x00001103,embedded,
AR1006,1,FLAME2S,FLAME2S,BAM,598,151,9,2,0,0,0x00001003,embedded,
AR1006,2,FLAME2S,FLAME2S,BAM,452,395,7,6,0,0,0x00001003,embedded,
AR1006,3,FLAME2S,FLAME2S,BAM,807,201,12,3,0,0,0x00001003,embedded,
AR1006,4,FLAME2S,FLAME2S,BAM,753,359,11,5,0,0,0x00001003,embedded,
AR1006,5,FLAME2S,FLAME2S,BAM,1110,367,17,5,0,0,0x00001003,embedded,
AR1006,6,FLAME2S,FLAME2S,BAM,645,438,10,6,0,0,0x00001003,embedded,
AR1006,7,FLAME2S,FLAME2S,BAM,511,666,7,10,0,0,0x00001003,embedded,
AR1006,8,FLAME2S,FLAME2S,BAM,348,647,5,10,0,0,0x00001003,embedded,
AR1006,9,FLAME2S,FLAME2S,BAM,98,501,1,7,0,0,0x00001003,embedded,
AR1006,10,FLAME2S,FLAME2S,BAM,331,333,5,5,0,0,0x00001003,embedded,
AR1007,1,FLAME2S,FLAME2S,BAM,598,151,9,2,0,0,0x00001003,embedded,
AR1007,2,FLAME2S,FLAME2S,BAM,452,395,7,6,0,0,0x00001003,embedded,
AR1007,3,FLAME2S,FLAME2S,BAM,807,201,12,3,0,0,0x00001003,embedded,
AR1007,4,FLAME2S,FLAME2S,BAM,753,359,11,5,0,0,0x00001003,embedded,
AR1007,5,FLAME2S,FLAME2S,BAM,1110,367,17,5,0,0,0x00001003,embedded,
AR1007,6,FLAME2S,FLAME2S,BAM,645,438,10,6,0,0,0x00001003,embedded,
AR1007,7,FLAME2S,FLAME2S,BAM,511,666,7,10,0,0,0x00001003,embedded,
AR1007,8,FLAME2S,FLAME2S,BAM,348,647,5,10,0,0,0x00001003,embedded,
AR1007,9,FLAME2S,FLAME2S,BAM,98,501,1,7,0,0,0x00001003,embedded,
AR1007,10,FLAME2S,FLAME2S,BAM,331,333,5,5,0,0,0x00001003,embedded,
AR1009,1,FLAME2S,FLAME2S,BAM,598,151,9,2,0,0,0x00001003,embedded,
AR1009,2,FLAME2S,FLAME2S,BAM,452,395,7,6,0,0,0x00001003,embedded,
AR1009,3,FLAME2S,FLAME2S,BAM,807,201,12,3,0,0,0x00001003,embedded,
AR1009,4,FLAME2S,FLAME2S,BAM,753,359,11,5,0,0,0x00001003,embedded,
AR1009,5,FLAME2S,FLAME2S,BAM,1110,367,17,5,0,0,0x00001003,embedded,
AR1009,6,FLAME2S,FLAME2S,BAM,645,438,10,6,0,0,0x00001003,embedded,
AR1009,7,FLAME2S,FLAME2S,BAM,511,666,7,10,0,0,0x00001003,embedded,
AR1009,8,FLAME2S,FLAME2S,BAM,348,647,5,10,0,0,0x00001003,embedded,
AR1009,9,FLAME2S,FLAME2S,BAM,98,501,1,7,0,0,0x00001003,embedded,
AR1009,10,FLAME2S,FLAME2S,BAM,331,333,5,5,0,0,0x00001003,embedded,
AR1103,2,FLAME2S,FLAME2S,BAM,516,327,8,5,0,0,0x00001003,embedded,
AR1104,3,FLAME2S,FLAME2S,BAM,637,290,9,4,0,0,0x00001103,embedded,
AR1105,2,FLAME2S,FLAME2S,BAM,633,567,9,8,0,0,0x00001043,embedded,
AR1105,3,FLAME2S,FLAME2S,BAM,738,445,11,6,0,0,0x00001043,embedded,
AR1202,25,FLAME2S,FLAME2S,BAM,2108,741,32,11,0,0,0x00001143,embedded,
AR1302,3,FLAME2S,FLAME2S,BAM,2567,1132,40,17,0,0,0x00001043,embedded,
AR1302,4,FLAME2S,FLAME2S,BAM,2395,1168,37,18,0,0,0x00001043,embedded,
AR1302,5,FLAME2S,FLAME2S,BAM,1200,821,18,12,0,0,0x00001043,embedded,
AR1302,6,FLAME2S,FLAME2S,BAM,1203,1073,18,16,0,0,0x00001043,embedded,
AR1302,7,FLAME2S,FLAME2S,BAM,1003,937,15,14,0,0,0x00001043,embedded,
AR1303,0,FLAME2S,FLAME2S,BAM,1089,291,17,4,0,0,0x00001043,embedded,
AR1303,1,FLAME2S,FLAME2S,BAM,1175,239,18,3,0,0,0x00001043,embedded,
AR1303,2,FLAME2S,FLAME2S,BAM,1454,316,22,4,0,0,0x00001043,embedded,
AR1303,3,FLAME2S,FLAME2S,BAM,1575,633,24,9,0,0,0x00001043,embedded,
AR1303,4,FLAME2S,FLAME2S,BAM,1781,603,27,9,0,0,0x00001043,embedded,
AR1303,5,FLAME2S,FLAME2S,BAM,2167,772,33,12,0,0,0x00001043,embedded,
AR1303,6,FLAME2S,FLAME2S,BAM,1526,783,23,12,0,0,0x00001043,embedded,
AR1303,7,FLAME2S,FLAME2S,BAM,1538,946,24,14,0,0,0x00001043,embedded,
AR1303,8,FLAME2S,FLAME2S,BAM,1783,1309,27,20,0,0,0x00001043,embedded,
AR1303,9,FLAME2S,FLAME2S,BAM,2017,1368,31,21,0,0,0x00001043,embedded,
AR1303,10,FLAME2S,FLAME2S,BAM,2220,1236,34,19,0,0,0x00001043,embedded,
AR1303,11,FLAME2S,FLAME2S,BAM,1306,1348,20,21,0,0,0x00001043,embedded,
AR1303,12,FLAME2S,FLAME2S,BAM,1410,1286,22,20,0,0,0x00001043,embedded,
AR1303,13,FLAME2S,FLAME2S,BAM,1003,1133,15,17,0,0,0x00001043,embedded,
AR1303,14,FLAME2S,FLAME2S,BAM,1259,1113,19,17,0,0,0x00001043,embedded,
AR1303,15,FLAME2S,FLAME2S,BAM,1310,1147,20,17,0,0,0x00001043,embedded,
AR1303,16,FLAME2S,FLAME2S,BAM,1107,910,17,14,0,0,0x00001043,embedded,
AR1303,17,FLAME2S,FLAME2S,BAM,965,817,15,12,0,0,0x00001043,embedded,
AR1303,18,FLAME2S,FLAME2S,BAM,1235,712,19,11,0,0,0x00001043,embedded,
AR1303,19,FLAME2S,FLAME2S,BAM,249,550,3,8,0,0,0x00001043,embedded,
AR1303,20,FLAME2S,FLAME2S,BAM,429,988,6,15,0,0,0x00001043,embedded,
AR1303,21,FLAME2S,FLAME2S,BAM,532,979,8,15,0,0,0x00001043,embedded,
AR1303,22,FLAME2S,FLAME2S,BAM,627,1225,9,19,0,0,0x00001043,embedded,
AR1303,23,FLAME2S,FLAME2S,BAM,935,1445,14,22,0,0,0x00001043,embedded,
AR1303,24,FLAME2S,FLAME2S,BAM,1234,1658,19,25,0,0,0x00001043,embedded,
AR1303,25,FLAME2S,FLAME2S,BAM,1574,1692,24,26,0,0,0x00001043,embedded,
AR1303,26,FLAME2S,FLAME2S,BAM,1485,1415,23,22,0,0,0x00001043,embedded,
AR1303,27,FLAME2S,FLAME2S,BAM,1284,1132,20,17,0,0,0x00001043,embedded,
AR1303,28,FLAME2S,FLAME2S,BAM,1387,1524,21,23,0,0,0x00001043,embedded,
AR1303,29,FLAME2S,FLAME2S,BAM,2027,1233,31,19,0,0,0x00001043,embedded,
AR1303,30,FLAME2S,FLAME2S,BAM,2096,1101,32,17,0,0,0x00001043,embedded,
AR1305,0,FLAME2S,FLAME2S,BAM,836,367,13,5,0,0,0x00001003,embedded,
AR1305,1,FLAME2S,FLAME2S,BAM,1242,443,19,6,0,0,0x00001003,embedded,
AR1305,2,FLAME2S,FLAME2S,BAM,1523,750,23,11,0,0,0x00001003,embedded,
AR1305,3,FLAME2S,FLAME2S,BAM,1931,699,30,10,0,0,0x00001003,embedded,
AR1305,4,FLAME2S,FLAME2S,BAM,2045,779,31,12,0,0,0x00001003,embedded,
AR1305,5,FLAME2S,FLAME2S,BAM,1502,1215,23,18,0,0,0x00001003,embedded,
AR1305,6,FLAME2S,FLAME2S,BAM,1276,1375,19,21,0,0,0x00001003,embedded,
AR1305,7,FLAME2S,FLAME2S,BAM,910,1224,14,19,0,0,0x00001003,embedded,
AR1305,8,FLAME2S,FLAME2S,BAM,1248,980,19,15,0,0,0x00001003,embedded,
AR1306,0,FLAME2S,FLAME2S,BAM,2567,1132,40,17,0,0,0x00001003,embedded,
AR1306,1,FLAME2S,FLAME2S,BAM,2394,1168,37,18,0,0,0x00001003,embedded,
AR1306,2,FLAME2S,FLAME2S,BAM,1003,937,15,14,0,0,0x00001003,embedded,
AR1306,3,FLAME2S,FLAME2S,BAM,1200,821,18,12,0,0,0x00001003,embedded,
AR1306,4,FLAME2S,FLAME2S,BAM,1203,1073,18,16,0,0,0x00001003,embedded,
AR1307,0,FLAME2S,FLAME2S,BAM,1090,290,17,4,0,0,0x00001043,embedded,
AR1307,1,FLAME2S,FLAME2S,BAM,1175,240,18,3,0,0,0x00001043,embedded,
AR1307,2,FLAME2S,FLAME2S,BAM,1455,317,22,4,0,0,0x00001043,embedded,
AR1307,3,FLAME2S,FLAME2S,BAM,1575,634,24,9,0,0,0x00001043,embedded,
AR1307,4,FLAME2S,FLAME2S,BAM,1526,784,23,12,0,0,0x00001043,embedded,
AR1307,5,FLAME2S,FLAME2S,BAM,1781,603,27,9,0,0,0x00001043,embedded,
AR1307,6,FLAME2S,FLAME2S,BAM,1539,945,24,14,0,0,0x00001043,embedded,
AR1307,7,FLAME2S,FLAME2S,BAM,2167,772,33,12,0,0,0x00001043,embedded,
AR1307,8,FLAME2S,FLAME2S,BAM,2220,1235,34,19,0,0,0x00001043,embedded,
AR1307,9,FLAME2S,FLAME2S,BAM,2017,1369,31,21,0,0,0x00001043,embedded,
AR1307,10,FLAME2S,FLAME2S,BAM,1783,1310,27,20,0,0,0x00001043,embedded,
AR1307,11,FLAME2S,FLAME2S,BAM,1485,1415,23,22,0,0,0x00001043,embedded,
AR1307,12,FLAME2S,FLAME2S,BAM,1307,1350,20,21,0,0,0x00001043,embedded,
AR1307,13,FLAME2S,FLAME2S,BAM,1410,1286,22,20,0,0,0x00001043,embedded,
AR1307,14,FLAME2S,FLAME2S,BAM,1574,1693,24,26,0,0,0x00001043,embedded,
AR1307,15,FLAME2S,FLAME2S,BAM,1234,1657,19,25,0,0,0x00001043,embedded,
AR1307,16,FLAME2S,FLAME2S,BAM,936,1444,14,22,0,0,0x00001043,embedded,
AR1307,17,FLAME2S,FLAME2S,BAM,627,1223,9,19,0,0,0x00001043,embedded,
AR1307,18,FLAME2S,FLAME2S,BAM,429,986,6,15,0,0,0x00001043,embedded,
AR1307,19,FLAME2S,FLAME2S,BAM,532,978,8,15,0,0,0x00001043,embedded,
AR1307,20,FLAME2S,FLAME2S,BAM,1002,1133,15,17,0,0,0x00001043,embedded,
AR1307,21,FLAME2S,FLAME2S,BAM,1107,910,17,14,0,0,0x00001043,embedded,
AR1307,22,FLAME2S,FLAME2S,BAM,965,818,15,12,0,0,0x00001043,embedded,
AR1307,23,FLAME2S,FLAME2S,BAM,1235,712,19,11,0,0,0x00001043,embedded,
AR1307,24,FLAME2S,FLAME2S,BAM,1258,1113,19,17,0,0,0x00001043,embedded,
AR1307,25,FLAME2S,FLAME2S,BAM,1310,1147,20,17,0,0,0x00001043,embedded,
AR1307,26,FLAME2S,FLAME2S,BAM,248,549,3,8,0,0,0x00001043,embedded,
AR1307,27,FLAME2S,FLAME2S,BAM,1442,1073,22,16,0,0,0x00001043,embedded,
AR1307,28,FLAME2S,FLAME2S,BAM,2027,1233,31,19,0,0,0x00001043,embedded,
AR1307,29,FLAME2S,FLAME2S,BAM,2096,1100,32,17,0,0,0x00001043,embedded,
AR1307,30,FLAME2S,FLAME2S,BAM,1387,1525,21,23,0,0,0x00001043,embedded,
AR1307,31,FLAME2S,FLAME2S,BAM,1285,1131,20,17,0,0,0x00001043,embedded,
AR1511,2,FLAME2S,FLAME2S,BAM,483,410,7,6,0,0,0x00001043,embedded,
AR1511,3,FLAME2S,FLAME2S,BAM,571,344,8,5,0,0,0x00001043,embedded,
AR1601,1,FLAME2S,FLAME2S,BAM,193,261,3,4,0,0,0x00001003,embedded,
AR1601,2,FLAME2S,FLAME2S,BAM,311,489,4,7,0,0,0x00001103,embedded,
AR1601,3,FLAME2S,FLAME2S,BAM,453,388,7,6,0,0,0x00001143,embedded,
AR1601,4,FLAME2S,FLAME2S,BAM,598,386,9,6,0,0,0x00001143,embedded,
AR1601,5,FLAME2S,FLAME2S,BAM,749,493,11,7,0,0,0x00001143,embedded,
AR1601,6,FLAME2S,FLAME2S,BAM,799,372,12,5,0,0,0x00001143,embedded,
AR1601,7,FLAME2S,FLAME2S,BAM,906,296,14,4,0,0,0x00001003,embedded,
AR1601,8,FLAME2S,FLAME2S,BAM,882,163,13,2,0,0,0x00001003,embedded,
AR1601,9,FLAME2S,FLAME2S,BAM,614,131,9,2,0,0,0x00001003,embedded,
AR1601,10,FLAME2S,FLAME2S,BAM,382,277,5,4,0,0,0x00001003,embedded,
AR1601,11,FLAME2S,FLAME2S,BAM,976,424,15,6,0,0,0x00001103,embedded,
AR1603,4,FLAME2S,FLAME2S,BAM,480,410,7,6,0,0,0x00001043,embedded,
AR1603,5,FLAME2S,FLAME2S,BAM,452,257,7,4,0,0,0x00001043,embedded,
AR1606,2,FLAME2S,FLAME2S,BAM,169,345,2,5,0,0,0x00001043,embedded,
AR1609,0,FLAME2S,FLAME2S,BAM,379,360,5,5,0,0,0x00001103,embedded,
AR1609,1,FLAME2S,FLAME2S,BAM,434,316,6,4,0,0,0x00001103,embedded,
AR1609,2,FLAME2S,FLAME2S,BAM,636,218,9,3,0,0,0x00001103,embedded,
AR1609,3,FLAME2S,FLAME2S,BAM,308,241,4,3,0,0,0x00001103,embedded,
AR1609,4,FLAME2S,FLAME2S,BAM,180,304,2,4,0,0,0x00001103,embedded,
AR1609,5,FLAME2S,FLAME2S,BAM,438,121,6,1,0,0,0x00001103,embedded,
AR1609,6,FLAME2S,FLAME2S,BAM,670,188,10,2,0,0,0x00001103,embedded,
AR1609,7,FLAME2S,FLAME2S,BAM,426,129,6,2,0,0,0x00001103,embedded,
AR1609,8,FLAME2S,FLAME2S,BAM,170,310,2,4,0,0,0x00001103,embedded,
AR1609,9,FLAME2S,FLAME2S,BAM,552,107,8,1,0,0,0x00001103,embedded,
AR1609,10,FLAME2S,FLAME2S,BAM,573,114,8,1,0,0,0x00001103,embedded,
AR1609,11,FLAME2S,FLAME2S,BAM,680,194,10,3,0,0,0x00001103,embedded,
AR1613,1,FLAME2S,FLAME2S,BAM,677,364,10,5,0,0,0x00001043,embedded,
AR2001,4,FLAME2S,FLAME2S,BAM,480,409,7,6,0,0,0x00001043,embedded,
AR2001,5,FLAME2S,FLAME2S,BAM,452,257,7,4,0,0,0x00001043,embedded,
AR2002,2,FLAME2S,FLAME2S,BAM,169,346,2,5,0,0,0x00001043,embedded,
AR2007,0,FLAME2S,FLAME2S,BAM,243,544,3,8,0,0,0x00001043,embedded,
AR2007,1,FLAME2S,FLAME2S,BAM,243,553,3,8,0,0,0x00001043,embedded,
AR2007,2,FLAME2S,FLAME2S,BAM,256,543,4,8,0,0,0x00001043,embedded,
AR2007,3,FLAME2S,FLAME2S,BAM,256,552,4,8,0,0,0x00001043,embedded,
AR2007,9,FLAME2S,FLAME2S,BAM,764,149,11,2,0,0,0x00001043,embedded,
AR2007,10,FLAME2S,FLAME2S,BAM,1007,219,15,3,0,0,0x00001043,embedded,
AR2007,11,FLAME2S,FLAME2S,BAM,1025,218,16,3,0,0,0x00001043,embedded,
AR2007,12,FLAME2S,FLAME2S,BAM,1016,224,15,3,0,0,0x00001043,embedded,
AR2007,15,FLAME2S,FLAME2S,BAM,1170,435,18,6,0,0,0x00001043,embedded,
AR2007,16,FLAME2S,FLAME2S,BAM,1182,438,18,6,0,0,0x00001043,embedded,
AR2007,19,FLAME2S,FLAME2S,BAM,848,416,13,6,0,0,0x00001043,embedded,
AR2007,22,FLAME2S,FLAME2S,BAM,521,287,8,4,0,0,0x00001043,embedded,
AR2007,23,FLAME2S,FLAME2S,BAM,510,295,7,4,0,0,0x00001043,embedded,
AR2011,1,FLAME2S,FLAME2S,BAM,478,113,7,1,0,0,0x00001003,embedded,
AR2011,2,FLAME2S,FLAME2S,BAM,376,349,5,5,0,0,0x00001003,embedded,
AR2011,3,FLAME2S,FLAME2S,BAM,255,270,3,4,0,0,0x00001003,embedded,
AR2011,4,FLAME2S,FLAME2S,BAM,777,344,12,5,0,0,0x00001003,embedded,
AR2011,5,FLAME2S,FLAME2S,BAM,362,494,5,7,0,0,0x00001003,embedded,
AR2011,6,FLAME2S,FLAME2S,BAM,860,432,13,6,0,0,0x00001003,embedded,
AR2011,7,FLAME2S,FLAME2S,BAM,547,597,8,9,0,0,0x00001003,embedded,
AR2012,1,FLAME2S,FLAME2S,BAM,193,261,3,4,0,0,0x00001003,embedded,
AR2012,2,FLAME2S,FLAME2S,BAM,311,489,4,7,0,0,0x00001003,embedded,
AR2012,3,FLAME2S,FLAME2S,BAM,453,388,7,6,0,0,0x00001143,embedded,
AR2012,4,FLAME2S,FLAME2S,BAM,598,386,9,6,0,0,0x00001143,embedded,
AR2012,5,FLAME2S,FLAME2S,BAM,749,493,11,7,0,0,0x00001143,embedded,
AR2012,6,FLAME2S,FLAME2S,BAM,799,372,12,5,0,0,0x00001143,embedded,
AR2012,7,FLAME2S,FLAME2S,BAM,906,296,14,4,0,0,0x00001003,embedded,
AR2012,8,FLAME2S,FLAME2S,BAM,882,163,13,2,0,0,0x00001003,embedded,
AR2012,9,FLAME2S,FLAME2S,BAM,614,131,9,2,0,0,0x00001003,embedded,
AR2012,10,FLAME2S,FLAME2S,BAM,382,277,5,4,0,0,0x00001003,embedded,
AR2012,11,FLAME2S,FLAME2S,BAM,976,424,15,6,0,0,0x00001103,embedded,
AR2208,2,FLAME2S,FLAME2S,BAM,570,344,8,5,0,0,0x00001043,embedded,
AR2208,3,FLAME2S,FLAME2S,BAM,483,410,7,6,0,0,0x00001043,embedded,
AR3026,1,FLAME2S,FLAME2S,BAM,187,299,2,4,0,0,0x00001003,embedded,
AR3026,2,FLAME2S,FLAME2S,BAM,389,158,6,2,0,0,0x00001003,embedded,
AR3026,3,FLAME2S,FLAME2S,BAM,557,106,8,1,0,0,0x00001003,embedded,
AR3026,4,FLAME2S,FLAME2S,BAM,661,178,10,2,0,0,0x00001003,embedded,
AR3026,5,FLAME2S,FLAME2S,BAM,505,257,7,4,0,0,0x00001003,embedded,
AR5008,0,FLAME2S,FLAME2S,BAM,363,513,5,8,0,0,0x00001003,embedded,
AR5008,1,FLAME2S,FLAME2S,BAM,482,124,7,1,0,0,0x00001003,embedded,
AR5008,2,FLAME2S,FLAME2S,BAM,454,449,7,7,0,0,0x00001003,embedded,
AR5008,3,FLAME2S,FLAME2S,BAM,843,641,13,10,0,0,0x00001003,embedded,
AR5008,4,FLAME2S,FLAME2S,BAM,886,287,13,4,0,0,0x00001003,embedded,
AR5008,5,FLAME2S,FLAME2S,BAM,463,366,7,5,0,0,0x00001003,embedded,
AR5008,6,FLAME2S,FLAME2S,BAM,358,292,5,4,0,0,0x00001003,embedded,
AR5008,7,FLAME2S,FLAME2S,BAM,644,151,10,2,0,0,0x00001003,embedded,
AR5008,8,FLAME2S,FLAME2S,BAM,401,220,6,3,0,0,0x00001003,embedded,
AR5008,9,FLAME2S,FLAME2S,BAM,383,220,5,3,0,0,0x00001003,embedded,
AR5008,10,FLAME2S,FLAME2S,BAM,933,706,14,11,0,0,0x00001003,embedded,
AR5008,11,FLAME2S,FLAME2S,BAM,876,528,13,8,0,0,0x00001003,embedded,
AR5008,12,FLAME2S,FLAME2S,BAM,975,457,15,7,0,0,0x00001003,embedded,
AR5008,13,FLAME2S,FLAME2S,BAM,1164,544,18,8,0,0,0x00001003,embedded,
AR5008,14,FLAME2S,FLAME2S,BAM,1151,544,17,8,0,0,0x00001003,embedded,
AR5008,15,FLAME2S,FLAME2S,BAM,1151,553,17,8,0,0,0x00001003,embedded,
AR5008,16,FLAME2S,FLAME2S,BAM,1164,553,18,8,0,0,0x00001003,embedded,
AR5008,17,FLAME2S,FLAME2S,BAM,619,332,9,5,0,0,0x00001003,embedded,
AR5008,18,FLAME2S,FLAME2S,BAM,705,272,11,4,0,0,0x00001003,embedded,
AR5009,0,FLAME2S,FLAME2S,BAM,379,360,5,5,0,0,0x00001103,embedded,
AR5009,1,FLAME2S,FLAME2S,BAM,434,316,6,4,0,0,0x00001103,embedded,
AR5009,2,FLAME2S,FLAME2S,BAM,636,218,9,3,0,0,0x00001103,embedded,
AR5009,3,FLAME2S,FLAME2S,BAM,308,241,4,3,0,0,0x00001103,embedded,
AR5009,4,FLAME2S,FLAME2S,BAM,180,304,2,4,0,0,0x00001103,embedded,
AR5009,5,FLAME2S,FLAME2S,BAM,438,121,6,1,0,0,0x00001103,embedded,
AR5009,6,FLAME2S,FLAME2S,BAM,670,188,10,2,0,0,0x00001103,embedded,
AR5009,7,FLAME2S,FLAME2S,BAM,426,129,6,2,0,0,0x00001103,embedded,
AR5009,8,FLAME2S,FLAME2S,BAM,170,310,2,4,0,0,0x00001103,embedded,
AR5009,9,FLAME2S,FLAME2S,BAM,552,107,8,1,0,0,0x00001103,embedded,
AR5009,10,FLAME2S,FLAME2S,BAM,573,114,8,1,0,0,0x00001103,embedded,
AR5009,11,FLAME2S,FLAME2S,BAM,680,194,10,3,0,0,0x00001103,embedded,
AR5010,0,FLAME2S,FLAME2S,BAM,478,104,7,1,0,0,0x00001003,embedded,
AR5010,1,FLAME2S,FLAME2S,BAM,361,486,5,7,0,0,0x00001003,embedded,
AR5010,2,FLAME2S,FLAME2S,BAM,776,334,12,5,0,0,0x00001003,embedded,
AR5010,3,FLAME2S,FLAME2S,BAM,108,367,1,5,0,0,0x00001003,embedded,
AR5010,4,FLAME2S,FLAME2S,BAM,546,583,8,9,0,0,0x00001003,embedded,
AR5010,5,FLAME2S,FLAME2S,BAM,254,260,3,4,0,0,0x00001003,embedded,
AR5010,6,FLAME2S,FLAME2S,BAM,377,347,5,5,0,0,0x00001003,embedded,
AR5011,0,FLAME2S,FLAME2S,BAM,169,287,2,4,0,0,0x00001003,embedded,
AR5011,1,FLAME2S,FLAME2S,BAM,159,293,2,4,0,0,0x00001003,embedded,
AR5011,2,FLAME2S,FLAME2S,BAM,305,189,4,2,0,0,0x00001003,embedded,
AR5011,3,FLAME2S,FLAME2S,BAM,295,197,4,3,0,0,0x00001003,embedded,
AR5011,4,FLAME2S,FLAME2S,BAM,468,75,7,1,0,0,0x00001003,embedded,
AR5011,5,FLAME2S,FLAME2S,BAM,458,81,7,1,0,0,0x00001003,embedded,
AR5011,6,FLAME2S,FLAME2S,BAM,599,137,9,2,0,0,0x00001003,embedded,
AR5011,7,FLAME2S,FLAME2S,BAM,610,143,9,2,0,0,0x00001003,embedded,
AR5011,8,FLAME2S,FLAME2S,BAM,662,179,10,2,0,0,0x00001003,embedded,
AR5011,9,FLAME2S,FLAME2S,BAM,672,187,10,2,0,0,0x00001003,embedded,
AR5012,6,FLAME2S,FLAME2S,BAM,399,281,6,4,0,0,0x00001003,embedded,
AR6012,1,FLAME2S,FLAME2S,BAM,187,309,2,4,0,0,0x00001003,embedded,
AR6012,2,FLAME2S,FLAME2S,BAM,390,168,6,2,0,0,0x00001003,embedded,
AR6012,3,FLAME2S,FLAME2S,BAM,557,114,8,1,0,0,0x00001003,embedded,
AR6012,4,FLAME2S,FLAME2S,BAM,661,188,10,2,0,0,0x00001003,embedded,
AR6012,5,FLAME2S,FLAME2S,BAM,506,266,7,4,0,0,0x00001003,embedded,
OH5000,0,FLAME2S,FLAME2S,BAM,2009,518,31,8,0,0,0x00001803,embedded,
OH5000,1,FLAME2S,FLAME2S,BAM,1627,296,25,4,0,0,0x00001803,embedded,
OH5000,2,FLAME2S,FLAME2S,BAM,1640,472,25,7,0,0,0x00001803,embedded,
OH5000,3,FLAME2S,FLAME2S,BAM,1649,478,25,7,0,0,0x00001803,embedded,
OH5000,4,FLAME2S,FLAME2S,BAM,1658,473,25,7,0,0,0x00001803,embedded,
OH5000,5,FLAME2S,FLAME2S,BAM,1793,582,28,9,0,0,0x00001803,embedded,
OH5000,6,FLAME2S,FLAME2S,BAM,1801,587,28,9,0,0,0x00001803,embedded,
OH5000,7,FLAME2S,FLAME2S,BAM,1811,582,28,9,0,0,0x00001803,embedded,
OH5000,8,FLAME2S,FLAME2S,BAM,1855,839,28,13,0,0,0x00001803,embedded,
OH5000,9,FLAME2S,FLAME2S,BAM,1862,844,29,13,0,0,0x00001803,embedded,
OH5000,10,FLAME2S,FLAME2S,BAM,1871,839,29,13,0,0,0x00001803,embedded,
OH5000,11,FLAME2S,FLAME2S,BAM,1704,950,26,14,0,0,0x00001803,embedded,
OH5000,12,FLAME2S,FLAME2S,BAM,1712,955,26,14,0,0,0x00001803,embedded,
OH5000,13,FLAME2S,FLAME2S,BAM,1720,950,26,14,0,0,0x00001803,embedded,
OH5000,14,FLAME2S,FLAME2S,BAM,1532,1067,23,16,0,0,0x00001803,embedded,
OH5000,15,FLAME2S,FLAME2S,BAM,1539,1071,24,16,0,0,0x00001803,embedded,
OH5000,16,FLAME2S,FLAME2S,BAM,1548,1067,24,16,0,0,0x00001803,embedded,
OH5000,17,FLAME2S,FLAME2S,BAM,1366,1185,21,18,0,0,0x00001803,embedded,
OH5000,18,FLAME2S,FLAME2S,BAM,1374,1190,21,18,0,0,0x00001803,embedded,
OH5000,19,FLAME2S,FLAME2S,BAM,1383,1185,21,18,0,0,0x00001803,embedded,
OH5000,20,FLAME2S,FLAME2S,BAM,1229,1298,19,20,0,0,0x00001803,embedded,
OH5000,21,FLAME2S,FLAME2S,BAM,1221,1303,19,20,0,0,0x00001803,embedded,
OH5000,22,FLAME2S,FLAME2S,BAM,1213,1298,18,20,0,0,0x00001803,embedded,
OH5000,23,FLAME2S,FLAME2S,BAM,1446,537,22,8,0,0,0x00001803,embedded,
OH5000,24,FLAME2S,FLAME2S,BAM,1437,542,22,8,0,0,0x00001803,embedded,
OH5000,25,FLAME2S,FLAME2S,BAM,1429,537,22,8,0,0,0x00001803,embedded,
OH5000,26,FLAME2S,FLAME2S,BAM,1291,642,20,10,0,0,0x00001803,embedded,
OH5000,27,FLAME2S,FLAME2S,BAM,1282,647,20,10,0,0,0x00001803,embedded,
OH5000,28,FLAME2S,FLAME2S,BAM,1274,642,19,10,0,0,0x00001803,embedded,
OH5000,29,FLAME2S,FLAME2S,BAM,1106,757,17,11,0,0,0x00001803,embedded,
OH5000,30,FLAME2S,FLAME2S,BAM,1098,762,17,11,0,0,0x00001803,embedded,
OH5000,31,FLAME2S,FLAME2S,BAM,1090,757,17,11,0,0,0x00001803,embedded,
OH5000,32,FLAME2S,FLAME2S,BAM,940,871,14,13,0,0,0x00001803,embedded,
OH5000,33,FLAME2S,FLAME2S,BAM,931,876,14,13,0,0,0x00001803,embedded,
OH5000,34,FLAME2S,FLAME2S,BAM,923,871,14,13,0,0,0x00001803,embedded,
OH5000,35,FLAME2S,FLAME2S,BAM,783,983,12,15,0,0,0x00001803,embedded,
OH5000,36,FLAME2S,FLAME2S,BAM,774,987,12,15,0,0,0x00001803,embedded,
OH5000,37,FLAME2S,FLAME2S,BAM,766,983,11,15,0,0,0x00001803,embedded,
OH5000,38,FLAME2S,FLAME2S,BAM,874,536,13,8,0,0,0x00001803,embedded,
OH5000,39,FLAME2S,FLAME2S,BAM,865,541,13,8,0,0,0x00001803,embedded,
OH5000,40,FLAME2S,FLAME2S,BAM,856,536,13,8,0,0,0x00001803,embedded,
OH5000,41,FLAME2S,FLAME2S,BAM,771,609,12,9,0,0,0x00001803,embedded,
OH5000,42,FLAME2S,FLAME2S,BAM,762,614,11,9,0,0,0x00001803,embedded,
OH5000,43,FLAME2S,FLAME2S,BAM,753,609,11,9,0,0,0x00001803,embedded,
OH5000,44,FLAME2S,FLAME2S,BAM,1054,1517,16,23,0,0,0x00001803,embedded,
OH5000,45,FLAME2S,FLAME2S,BAM,1063,1517,16,23,0,0,0x00001803,embedded,
OH5000,46,FLAME2S,FLAME2S,BAM,1072,1520,16,23,0,0,0x00001803,embedded,
OH5000,47,FLAME2S,FLAME2S,BAM,1079,1524,16,23,0,0,0x00001803,embedded,
OH5000,48,FLAME2S,FLAME2S,BAM,1083,1531,16,23,0,0,0x00001803,embedded,
OH5000,49,FLAME2S,FLAME2S,BAM,1082,1538,16,24,0,0,0x00001803,embedded,
OH5000,50,FLAME2S,FLAME2S,BAM,1079,1545,16,24,0,0,0x00001803,embedded,
OH5000,51,FLAME2S,FLAME2S,BAM,1073,1550,16,24,0,0,0x00001803,embedded,
OH5000,52,FLAME2S,FLAME2S,BAM,1065,1554,16,24,0,0,0x00001803,embedded,
OH5000,53,FLAME2S,FLAME2S,BAM,1056,1556,16,24,0,0,0x00001803,embedded,
OH5000,54,FLAME2S,FLAME2S,BAM,1046,1555,16,24,0,0,0x00001803,embedded,
OH5000,55,FLAME2S,FLAME2S,BAM,1038,1553,16,24,0,0,0x00001803,embedded,
OH5000,56,FLAME2S,FLAME2S,BAM,1031,1547,16,24,0,0,0x00001803,embedded,
OH5000,57,FLAME2S,FLAME2S,BAM,1026,1539,16,24,0,0,0x00001803,embedded,
OH5000,58,FLAME2S,FLAME2S,BAM,1028,1531,16,23,0,0,0x00001803,embedded,
OH5000,59,FLAME2S,FLAME2S,BAM,1036,1525,16,23,0,0,0x00001803,embedded,
OH5000,60,FLAME2S,FLAME2S,BAM,1044,1520,16,23,0,0,0x00001803,embedded,
OH9000,2,FLAME2S,FLAME2S,BAM,483,410,7,6,0,0,0x00001043,embedded,
OH9000,3,FLAME2S,FLAME2S,BAM,571,344,8,5,0,0,0x00001043,embedded,
AR0201,0,FLIESL,FLIESL,BAM,999,1292,15,20,0,0,0x00001005,embedded,
AR0201,1,FLIESL,FLIESL,BAM,1251,1142,19,17,0,0,0x00001005,embedded,
AR0206,0,FLIESL,FLIESL,BAM,559,471,8,7,0,0,0x00001005,embedded,
AR0206,1,FLIESL,FLIESL,BAM,317,579,4,9,0,0,0x00001005,embedded,
AR0206,2,FLIESL,FLIESL,BAM,808,798,12,12,0,0,0x00001005,embedded,
AR0206,3,FLIESL,FLIESL,BAM,901,812,14,12,0,0,0x00001005,embedded,
AR0206,4,FLIESL,FLIESL,BAM,977,985,15,15,0,0,0x00001005,embedded,
AR0206,5,FLIESL,FLIESL,BAM,641,1053,10,16,0,0,0x00001005,embedded,
AR0206,6,FLIESL,FLIESL,BAM,1190,751,18,11,0,0,0x00001005,embedded,
AR0400,26,FLIESL,FLIESL,BAM,2938,2816,45,44,0,0,0x00001005,embedded,
AR0400,27,FLIESL,FLIESL,BAM,2561,2283,40,35,0,0,0x00001005,embedded,
AR0400,32,FLIESL,FLIESL,BAM,1452,1752,22,27,0,0,0x00001005,embedded,
AR0400,39,FLIESL,FLIESL,BAM,3065,1108,47,17,0,0,0x00001005,embedded,
AR0400,40,FLIESL,FLIESL,BAM,3005,1084,46,16,0,0,0x00001005,embedded,
AR0400,41,FLIESL,FLIESL,BAM,2899,1110,45,17,0,0,0x00001005,embedded,
AR0400,44,FLIESL,FLIESL,BAM,1444,491,22,7,0,0,0x00001005,embedded,
AR0406,8,FLIESL,FLIESL,BAM,315,1036,4,16,0,0,0x00001001,embedded,
AR0406,9,FLIESL,FLIESL,BAM,287,1077,4,16,0,0,0x00001001,embedded,
AR0500,0,FLIESL,FLIESL,BAM,2822,773,44,12,0,0,0x00001005,embedded,
AR0500,4,FLIESL,FLIESL,BAM,2693,2006,42,31,0,0,0x00001005,embedded,
AR0500,5,FLIESL,FLIESL,BAM,2544,2003,39,31,0,0,0x00001005,embedded,
AR0500,6,FLIESL,FLIESL,BAM,2589,2186,40,34,0,0,0x00001005,embedded,
AR0502,1,FLIESL,FLIESL,BAM,464,625,7,9,0,0,0x00001005,embedded,
AR0502,2,FLIESL,FLIESL,BAM,367,393,5,6,0,0,0x00001005,embedded,
AR0502,4,FLIESL,FLIESL,BAM,554,182,8,2,0,0,0x00001005,embedded,
AR0502,7,FLIESL,FLIESL,BAM,450,502,7,7,0,0,0x00001005,embedded,
AR0502,8,FLIESL,FLIESL,BAM,403,569,6,8,0,0,0x00001005,embedded,
AR1100,2,FLIESL,FLIESL,BAM,4550,582,71,9,0,0,0x00001005,embedded,
AR1100,3,FLIESL,FLIESL,BAM,4488,1140,70,17,0,0,0x00001005,embedded,
AR1100,5,FLIESL,FLIESL,BAM,2450,1188,38,18,0,0,0x00001005,embedded,
AR1100,6,FLIESL,FLIESL,BAM,2538,1166,39,18,0,0,0x00001005,embedded,
AR1100,8,FLIESL,FLIESL,BAM,246,1278,3,19,0,0,0x00001005,embedded,
AR1100,10,FLIESL,FLIESL,BAM,4286,2008,66,31,0,0,0x00001005,embedded,
AR1100,17,FLIESL,FLIESL,BAM,2416,3049,37,47,0,0,0x00001005,embedded,
AR1100,18,FLIESL,FLIESL,BAM,2850,2879,44,44,0,0,0x00001005,embedded,
AR1100,29,FLIESL,FLIESL,BAM,3039,412,47,6,0,0,0x00001005,embedded,
AR1200,2,FLIESL,FLIESL,BAM,532,1633,8,25,0,0,0x00001005,embedded,
AR1200,3,FLIESL,FLIESL,BAM,712,1620,11,25,0,0,0x00001005,embedded,
AR1200,8,FLIESL,FLIESL,BAM,3455,2731,53,42,0,0,0x00001005,embedded,
AR1200,9,FLIESL,FLIESL,BAM,3303,2843,51,44,0,0,0x00001005,embedded,
AR1200,10,FLIESL,FLIESL,BAM,3371,2754,52,43,0,0,0x00001005,embedded,
AR1200,11,FLIESL,FLIESL,BAM,3353,2945,52,46,0,0,0x00001005,embedded,
AR1200,12,FLIESL,FLIESL,BAM,3334,3048,52,47,0,0,0x00001005,embedded,
AR1200,13,FLIESL,FLIESL,BAM,3295,3170,51,49,0,0,0x00001005,embedded,
AR1200,14,FLIESL,FLIESL,BAM,4836,2919,75,45,0,0,0x00001005,embedded,
AR1200,15,FLIESL,FLIESL,BAM,4832,2990,75,46,0,0,0x00001005,embedded,
AR1200,16,FLIESL,FLIESL,BAM,4908,2982,76,46,0,0,0x00001005,embedded,
AR1200,17,FLIESL,FLIESL,BAM,4032,3524,63,55,0,0,0x00001005,embedded,
AR1200,18,FLIESL,FLIESL,BAM,3926,3487,61,54,0,0,0x00001005,embedded,
AR1200,19,FLIESL,FLIESL,BAM,4162,3491,65,54,0,0,0x00001005,embedded,
AR1302,2,FLIESL,FLIESL,BAM,2122,761,33,11,0,0,0x00001005,embedded,
AR1600,21,FLIESL,FLIESL,BAM,302,2280,4,35,0,0,0x00001005,embedded,
AR1600,22,FLIESL,FLIESL,BAM,510,2355,7,36,0,0,0x00001005,embedded,
AR1600,23,FLIESL,FLIESL,BAM,783,1853,12,28,0,0,0x00001005,embedded,
AR1600,24,FLIESL,FLIESL,BAM,172,1630,2,25,0,0,0x00001005,embedded,
AR1600,25,FLIESL,FLIESL,BAM,569,1631,8,25,0,0,0x00001005,embedded,
AR1600,26,FLIESL,FLIESL,BAM,1552,1687,24,26,0,0,0x00001005,embedded,
AR1600,27,FLIESL,FLIESL,BAM,2349,2088,36,32,0,0,0x00001005,embedded,
AR1600,28,FLIESL,FLIESL,BAM,3027,2406,47,37,0,0,0x00001005,embedded,
AR1600,29,FLIESL,FLIESL,BAM,3331,2340,52,36,0,0,0x00001005,embedded,
AR1600,30,FLIESL,FLIESL,BAM,2542,1403,39,21,0,0,0x00001005,embedded,
AR1600,31,FLIESL,FLIESL,BAM,2452,1027,38,16,0,0,0x00001005,embedded,
AR1600,32,FLIESL,FLIESL,BAM,1455,641,22,10,0,0,0x00001005,embedded,
AR1600,33,FLIESL,FLIESL,BAM,1222,604,19,9,0,0,0x00001005,embedded,
AR1600,34,FLIESL,FLIESL,BAM,1921,863,30,13,0,0,0x00001005,embedded,
AR1700,1,FLIESL,FLIESL,BAM,2940,968,45,15,0,0,0x00001005,embedded,
AR1700,3,FLIESL,FLIESL,BAM,3328,1430,52,22,0,0,0x00001005,embedded,
AR1700,4,FLIESL,FLIESL,BAM,2823,1808,44,28,0,0,0x00001005,embedded,
AR1700,9,FLIESL,FLIESL,BAM,1491,2459,23,38,0,0,0x00001005,embedded,
AR1700,14,FLIESL,FLIESL,BAM,435,2899,6,45,0,0,0x00001005,embedded,
AR1800,1,FLIESL,FLIESL,BAM,1666,719,26,11,0,0,0x00001005,embedded,
AR1800,2,FLIESL,FLIESL,BAM,472,645,7,10,0,0,0x00001005,embedded,
AR1800,5,FLIESL,FLIESL,BAM,557,1505,8,23,0,0,0x00001005,embedded,
AR1800,7,FLIESL,FLIESL,BAM,1273,1487,19,23,0,0,0x00001005,embedded,
AR1800,9,FLIESL,FLIESL,BAM,1921,1388,30,21,0,0,0x00001005,embedded,
AR1800,10,FLIESL,FLIESL,BAM,1979,1327,30,20,0,0,0x00001005,embedded,
AR1800,12,FLIESL,FLIESL,BAM,2105,315,32,4,0,0,0x00001005,embedded,
AR1900,0,FLIESL,FLIESL,BAM,727,415,11,6,0,0,0x00000005,embedded,
AR1900,1,FLIESL,FLIESL,BAM,1037,731,16,11,0,0,0x00000005,embedded,
AR1900,2,FLIESL,FLIESL,BAM,2751,322,42,5,0,0,0x00000005,embedded,
AR1900,3,FLIESL,FLIESL,BAM,2642,262,41,4,0,0,0x00000005,embedded,
AR1900,4,FLIESL,FLIESL,BAM,3178,609,49,9,0,0,0x00000005,embedded,
AR1900,5,FLIESL,FLIESL,BAM,3048,508,47,7,0,0,0x00000005,embedded,
AR1900,6,FLIESL,FLIESL,BAM,3311,658,51,10,0,0,0x00000005,embedded,
AR1900,7,FLIESL,FLIESL,BAM,3516,815,54,12,0,0,0x00000005,embedded,
AR1900,8,FLIESL,FLIESL,BAM,3432,783,53,12,0,0,0x00000005,embedded,
AR1900,9,FLIESL,FLIESL,BAM,2935,1396,45,21,0,0,0x00000005,embedded,
AR1900,10,FLIESL,FLIESL,BAM,2761,1358,43,21,0,0,0x00000005,embedded,
AR1900,11,FLIESL,FLIESL,BAM,3100,1357,48,21,0,0,0x00000005,embedded,
AR1900,12,FLIESL,FLIESL,BAM,2637,1404,41,21,0,0,0x00000005,embedded,
AR1900,13,FLIESL,FLIESL,BAM,2625,1660,41,25,0,0,0x00000005,embedded,
AR1900,14,FLIESL,FLIESL,BAM,2238,1311,34,20,0,0,0x00000005,embedded,
AR1900,15,FLIESL,FLIESL,BAM,2352,1225,36,19,0,0,0x00000005,embedded,
AR1900,16,FLIESL,FLIESL,BAM,1577,1234,24,19,0,0,0x00000005,embedded,
AR1900,17,FLIESL,FLIESL,BAM,1673,1228,26,19,0,0,0x00000005,embedded,
AR1900,18,FLIESL,FLIESL,BAM,1113,1366,17,21,0,0,0x00000005,embedded,
AR1900,19,FLIESL,FLIESL,BAM,653,1498,10,23,0,0,0x00000005,embedded,
AR1900,20,FLIESL,FLIESL,BAM,773,1511,12,23,0,0,0x00000005,embedded,
AR1900,21,FLIESL,FLIESL,BAM,246,1629,3,25,0,0,0x00000005,embedded,
AR1900,22,FLIESL,FLIESL,BAM,407,2491,6,38,0,0,0x00000005,embedded,
AR1900,23,FLIESL,FLIESL,BAM,284,2444,4,38,0,0,0x00000005,embedded,
AR1900,24,FLIESL,FLIESL,BAM,1091,2503,17,39,0,0,0x00000005,embedded,
AR1900,25,FLIESL,FLIESL,BAM,1515,2409,23,37,0,0,0x00000005,embedded,
AR1900,26,FLIESL,FLIESL,BAM,1572,2374,24,37,0,0,0x00000005,embedded,
AR1900,27,FLIESL,FLIESL,BAM,1668,2421,26,37,0,0,0x00000005,embedded,
AR1900,28,FLIESL,FLIESL,BAM,1562,2097,24,32,0,0,0x00000005,embedded,
AR1900,29,FLIESL,FLIESL,BAM,1733,2222,27,34,0,0,0x00000005,embedded,
AR1900,30,FLIESL,FLIESL,BAM,1654,2163,25,33,0,0,0x00000005,embedded,
AR1900,31,FLIESL,FLIESL,BAM,1219,2000,19,31,0,0,0x00000005,embedded,
AR1900,32,FLIESL,FLIESL,BAM,3123,2412,48,37,0,0,0x00000005,embedded,
AR1900,33,FLIESL,FLIESL,BAM,3211,2423,50,37,0,0,0x00000005,embedded,
AR1900,34,FLIESL,FLIESL,BAM,3545,2402,55,37,0,0,0x00000005,embedded,
AR1900,35,FLIESL,FLIESL,BAM,3349,2354,52,36,0,0,0x00000005,embedded,
AR1900,36,FLIESL,FLIESL,BAM,4481,2573,70,40,0,0,0x00000005,embedded,
AR1900,37,FLIESL,FLIESL,BAM,4934,2846,77,44,0,0,0x00000005,embedded,
AR1900,38,FLIESL,FLIESL,BAM,5013,2512,78,39,0,0,0x00000005,embedded,
AR1900,39,FLIESL,FLIESL,BAM,4952,2317,77,36,0,0,0x00000005,embedded,
AR1900,40,FLIESL,FLIESL,BAM,4764,2341,74,36,0,0,0x00000005,embedded,
AR2000,8,FLIESL,FLIESL,BAM,2009,2528,31,39,0,0,0x00001005,embedded,
AR2000,9,FLIESL,FLIESL,BAM,1893,1220,29,19,0,0,0x00001005,embedded,
AR2000,10,FLIESL,FLIESL,BAM,1584,1308,24,20,0,0,0x00001005,embedded,
AR2000,11,FLIESL,FLIESL,BAM,1040,1557,16,24,0,0,0x00001005,embedded,
AR2000,12,FLIESL,FLIESL,BAM,877,2594,13,40,0,0,0x00001005,embedded,
AR2000,18,FLIESL,FLIESL,BAM,3182,2728,49,42,0,0,0x00001005,embedded,
AR5000,19,FLIESL,FLIESL,BAM,2009,1205,31,18,0,0,0x00001001,embedded,
AR5000,20,FLIESL,FLIESL,BAM,2060,1222,32,19,0,0,0x00001001,embedded,
AR5000,21,FLIESL,FLIESL,BAM,1797,1478,28,23,0,0,0x00001001,embedded,
AR5000,22,FLIESL,FLIESL,BAM,1587,1772,24,27,0,0,0x00001001,embedded,
AR5000,23,FLIESL,FLIESL,BAM,898,1766,14,27,0,0,0x00001001,embedded,
AR5000,24,FLIESL,FLIESL,BAM,2363,1669,36,26,0,0,0x00001001,embedded,
AR5000,35,FLIESL,FLIESL,BAM,412,2119,6,33,0,0,0x00001001,embedded,
AR5000,36,FLIESL,FLIESL,BAM,511,2102,7,32,0,0,0x00001001,embedded,
AR5000,37,FLIESL,FLIESL,BAM,414,2067,6,32,0,0,0x00001001,embedded,
AR5000,38,FLIESL,FLIESL,BAM,927,2282,14,35,0,0,0x00001001,embedded,
AR5000,39,FLIESL,FLIESL,BAM,1398,2386,21,37,0,0,0x00001001,embedded,
AR5000,40,FLIESL,FLIESL,BAM,1435,2377,22,37,0,0,0x00001001,embedded,
AR5000,41,FLIESL,FLIESL,BAM,1002,2227,15,34,0,0,0x00001001,embedded,
AR5203,3,FLIESL,FLIESL,BAM,2490,1316,38,20,0,0,0x00001001,embedded,
AR5203,4,FLIESL,FLIESL,BAM,2211,1335,34,20,0,0,0x00001001,embedded,
AR5203,5,FLIESL,FLIESL,BAM,2924,983,45,15,0,0,0x00001001,embedded,
AR5203,6,FLIESL,FLIESL,BAM,2836,1011,44,15,0,0,0x00001001,embedded,
AR6300,0,FLIESL,FLIESL,BAM,1432,423,22,6,0,0,0x00001001,embedded,
AR6400,5,FLIESL,FLIESL,BAM,113,403,1,6,0,0,0x00001001,embedded,
AR6400,6,FLIESL,FLIESL,BAM,69,370,1,5,0,0,0x00001801,embedded,
OH6100,11,AM_Flies,FLIESL,BAM,826,1153,12,18,0,0,0x00001005,embedded,
OH6200,9,FLIESL,FLIESL,BAM,1192,853,18,13,0,0,0x00001005,embedded,
OH6200,10,FLIESL,FLIESL,BAM,1365,679,21,10,0,0,0x00001005,embedded,
OH6200,11,FLIESL,FLIESL,BAM,1471,452,22,7,0,0,0x00001005,embedded,
AR0201,2,FLIESS,FLIESS,BAM,1295,1083,20,16,0,0,0x00001005,embedded,
AR0201,3,FLIESS,FLIESS,BAM,1275,1080,19,16,0,0,0x00001005,embedded,
AR0206,7,FLIESS,FLIESS,BAM,1114,596,17,9,0,0,0x00001005,embedded,
AR0400,28,FLIESS,FLIESS,BAM,2603,2309,40,36,0,0,0x00001005,embedded,
AR0400,29,FLIESS,FLIESS,BAM,2238,2473,34,38,0,0,0x00001005,embedded,
AR0400,30,FLIESS,FLIESS,BAM,2226,2475,34,38,0,0,0x00001005,embedded,
AR0400,31,FLIESS,FLIESS,BAM,2217,2486,34,38,0,0,0x00001005,embedded,
AR0400,33,FLIESS,FLIESS,BAM,2093,1636,32,25,0,0,0x00001005,embedded,
AR0400,34,FLIESS,FLIESS,BAM,2086,1621,32,25,0,0,0x00001005,embedded,
AR0400,35,FLIESS,FLIESS,BAM,1930,1567,30,24,0,0,0x00001005,embedded,
AR0400,36,FLIESS,FLIESS,BAM,2930,2063,45,32,0,0,0x00001005,embedded,
AR0400,37,FLIESS,FLIESS,BAM,2916,2067,45,32,0,0,0x00001005,embedded,
AR0400,38,FLIESS,FLIESS,BAM,2911,2078,45,32,0,0,0x00001005,embedded,
AR0400,42,FLIESS,FLIESS,BAM,2983,1095,46,17,0,0,0x00001005,embedded,
AR0400,43,FLIESS,FLIESS,BAM,2971,1105,46,17,0,0,0x00001005,embedded,
AR0400,45,FLIESS,FLIESS,BAM,2614,2315,40,36,0,0,0x00001005,embedded,
AR0406,3,FLIESS,FLIESS,BAM,940,1456,14,22,0,0,0x00001005,embedded,
AR0406,4,FLIESS,FLIESS,BAM,926,1446,14,22,0,0,0x00001005,embedded,
AR0406,5,FLIESS,FLIESS,BAM,914,1449,14,22,0,0,0x00001005,embedded,
AR0406,6,FLIESS,FLIESS,BAM,1107,1301,17,20,0,0,0x00001005,embedded,
AR0406,7,FLIESS,FLIESS,BAM,1089,1288,17,20,0,0,0x00001005,embedded,
AR0406,10,FLIESS,FLIESS,BAM,1391,1784,21,27,0,0,0x00001005,embedded,
AR0406,11,FLIESS,FLIESS,BAM,1401,1775,21,27,0,0,0x00001005,embedded,
AR0406,12,FLIESS,FLIESS,BAM,1397,1767,21,27,0,0,0x00001005,embedded,
AR0500,1,FLIESS,FLIESS,BAM,2749,714,42,11,0,0,0x00001005,embedded,
AR0500,2,FLIESS,FLIESS,BAM,2739,721,42,11,0,0,0x00001005,embedded,
AR0500,3,FLIESS,FLIESS,BAM,2720,721,42,11,0,0,0x00001005,embedded,
AR0500,7,FLIESS,FLIESS,BAM,3028,2859,47,44,0,0,0x00001005,embedded,
AR0500,8,FLIESS,FLIESS,BAM,3020,2855,47,44,0,0,0x00001005,embedded,
AR0500,9,FLIESS,FLIESS,BAM,3003,2839,46,44,0,0,0x00001005,embedded,
AR0500,10,FLIESS,FLIESS,BAM,1537,3702,24,57,0,0,0x00001005,embedded,
AR0500,11,FLIESS,FLIESS,BAM,1530,3707,23,57,0,0,0x00001005,embedded,
AR0500,12,FLIESS,FLIESS,BAM,1522,3704,23,57,0,0,0x00001005,embedded,
AR0500,13,FLIESS,FLIESS,BAM,972,3182,15,49,0,0,0x00001005,embedded,
AR0500,14,FLIESS,FLIESS,BAM,963,3186,15,49,0,0,0x00001005,embedded,
AR0500,15,FLIESS,FLIESS,BAM,948,3162,14,49,0,0,0x00001005,embedded,
AR0500,16,FLIESS,FLIESS,BAM,326,3071,5,47,0,0,0x00001005,embedded,
AR0500,17,FLIESS,FLIESS,BAM,252,3118,3,48,0,0,0x00001005,embedded,
AR0500,18,FLIESS,FLIESS,BAM,319,3075,4,48,0,0,0x00001005,embedded,
AR0500,19,FLIESS,FLIESS,BAM,314,3069,4,47,0,0,0x00001005,embedded,
AR0502,3,FLIESS,FLIESS,BAM,283,452,4,7,0,0,0x00001005,embedded,
AR0502,5,FLIESS,FLIESS,BAM,442,270,6,4,0,0,0x00001005,embedded,
AR0502,6,FLIESS,FLIESS,BAM,313,369,4,5,0,0,0x00001005,embedded,
AR0502,9,FLIESS,FLIESS,BAM,660,473,10,7,0,0,0x00001005,embedded,
AR1302,0,FLIESS,FLIESS,BAM,1871,667,29,10,0,0,0x00001005,embedded,
AR1302,1,FLIESS,FLIESS,BAM,1857,595,29,9,0,0,0x00001005,embedded,
AR2000,13,FLIESS,FLIESS,BAM,969,2637,15,41,0,0,0x00001005,embedded,
AR2000,14,FLIESS,FLIESS,BAM,1023,2584,15,40,0,0,0x00001005,embedded,
AR2000,15,FLIESS,FLIESS,BAM,1033,2586,16,40,0,0,0x00001005,embedded,
AR2000,16,FLIESS,FLIESS,BAM,1164,2675,18,41,0,0,0x00001005,embedded,
AR2000,17,FLIESS,FLIESS,BAM,1180,2677,18,41,0,0,0x00001005,embedded,
AR5000,25,FLIESS,FLIESS,BAM,2427,1662,37,25,0,0,0x00001001,embedded,
AR5000,26,FLIESS,FLIESS,BAM,2465,1685,38,26,0,0,0x00001001,embedded,
AR6300,1,FLIESS,FLIESS,BAM,1407,388,21,6,0,0,0x00001001,embedded,
AR6300,2,FLIESS,FLIESS,BAM,1416,400,22,6,0,0,0x00001001,embedded,
AR6300,3,FLIESS,FLIESS,BAM,1394,379,21,5,0,0,0x00001001,embedded,
AR6300,4,FLIESS,FLIESS,BAM,1383,367,21,5,0,0,0x00001001,embedded,
AR6300,5,FLIESS,FLIESS,BAM,1375,369,21,5,0,0,0x00001001,embedded,
AR6400,7,FLIESS,FLIESS,BAM,280,386,4,6,0,0,0x00001001,embedded,
AR6400,8,FLIESS,FLIESS,BAM,274,397,4,6,0,0,0x00001801,embedded,
AR6400,9,FLIESS,FLIESS,BAM,270,386,4,6,0,0,0x00001001,embedded,
AR6400,10,FLIESS,FLIESS,BAM,291,380,4,5,0,0,0x00001801,embedded,
AR6400,11,FLIESS,FLIESS,BAM,220,460,3,7,0,0,0x00001001,embedded,
AR6400,12,FLIESS,FLIESS,BAM,227,469,3,7,0,0,0x00001801,embedded,
AR6400,13,FLIESS,FLIESS,BAM,235,466,3,7,0,0,0x00001001,embedded,
AR6400,14,FLIESS,FLIESS,BAM,214,476,3,7,0,0,0x00001801,embedded,
OH6400,3,FLIESS,FLIESS,BAM,969,563,15,8,0,0,0x00001001,embedded,
OH6400,4,FLIESS,FLIESS,BAM,542,255,8,3,0,0,0x00001001,embedded,
AR1008,2,FLM2PUR,FLM2PUR,BAM,1106,281,17,4,0,0,0x00001043,embedded,
AR1008,3,FLM2PUR,FLM2PUR,BAM,947,260,14,4,0,0,0x00001043,embedded,
AR1008,4,FLM2PUR,FLM2PUR,BAM,1234,340,19,5,0,0,0x00001043,embedded,
AR1008,5,FLM2PUR,FLM2PUR,BAM,1340,470,20,7,0,0,0x00001143,embedded,
AR1008,6,FLM2PUR,FLM2PUR,BAM,1345,578,21,9,0,0,0x00001143,embedded,
AR1008,7,FLM2PUR,FLM2PUR,BAM,514,632,8,9,0,0,0x00001043,embedded,
AR1008,8,FLM2PUR,FLM2PUR,BAM,290,662,4,10,0,0,0x00001043,embedded,
AR1008,9,FLM2PUR,FLM2PUR,BAM,582,492,9,7,0,0,0x00001143,embedded,
AR1008,10,FLM2PUR,FLM2PUR,BAM,639,387,9,6,0,0,0x00001043,embedded,
AR1008,11,FLM2PUR,FLM2PUR,BAM,1279,685,19,10,0,0,0x00001103,embedded,
AR1008,12,FLM2PUR,FLM2PUR,BAM,990,795,15,12,0,0,0x00001103,embedded,
AR1008,13,FLM2PUR,FLM2PUR,BAM,818,778,12,12,0,0,0x00001103,embedded,
OH4210,0,Purple_Flame01,FLM2PUR,BAM,1522,962,23,15,0,0,0x00001443,external,PLT_PURP
OH7200,0,Candle,FLMM,BAM,567,470,8,7,0,0,0x00001043,embedded,
OH7200,1,Candle,FLMM,BAM,715,354,11,5,0,0,0x00001043,embedded,
OH7200,2,Candle,FLMM,BAM,802,259,12,4,0,0,0x00001043,embedded,
OH7200,3,Candle,FLMM,BAM,1024,259,16,4,0,0,0x00001043,embedded,
OH7200,4,Candle,FLMM,BAM,522,818,8,12,0,0,0x00001043,embedded,
OH7200,5,Candle,FLMM,BAM,381,818,5,12,0,0,0x00001043,embedded,
OH7200,6,Candle,FLMM,BAM,382,977,5,15,0,0,0x00001043,embedded,
OH7200,7,Candle,FLMM,BAM,756,795,11,12,0,0,0x00001043,embedded,
OH7200,8,Candle,FLMM,BAM,866,907,13,14,0,0,0x00001043,embedded,
OH7200,9,Candle,FLMM,BAM,972,1014,15,15,0,0,0x00001043,embedded,
OH7200,10,Candle,FLMM,BAM,522,1148,8,17,0,0,0x00001043,embedded,
OH7200,11,Candle,FLMM,BAM,382,1334,5,20,0,0,0x00001043,embedded,
OH7200,12,Candle,FLMM,BAM,522,1509,8,23,0,0,0x00001043,embedded,
OH7200,13,Candle,FLMM,BAM,588,1662,9,25,0,0,0x00001043,embedded,
OH7200,14,Candle,FLMM,BAM,880,1616,13,25,0,0,0x00001043,embedded,
OH7200,15,Candle,FLMM,BAM,1325,1477,20,23,0,0,0x00001043,embedded,
OH7200,16,Candle,FLMM,BAM,1778,1231,27,19,0,0,0x00001043,embedded,
OH7200,17,Candle,FLMM,BAM,1997,1101,31,17,0,0,0x00001043,embedded,
OH7200,18,Candle,FLMM,BAM,2160,1205,33,18,0,0,0x00001043,embedded,
OH7200,19,Candle,FLMM,BAM,1853,1017,28,15,0,0,0x00001043,embedded,
OH7200,20,Candle,FLMM,BAM,900,1338,14,20,0,0,0x00001043,embedded,
OH7200,21,Candle,FLMM,BAM,974,607,15,9,0,0,0x00001043,embedded,
OH7200,22,Candle,FLMM,BAM,1108,460,17,7,0,0,0x00001043,embedded,
OH7200,23,Candle,FLMM,BAM,1235,273,19,4,0,0,0x00001043,embedded,
OH7200,24,Candle,FLMM,BAM,1358,273,21,4,0,0,0x00001043,embedded,
OH7200,25,Candle,FLMM,BAM,1729,272,27,4,0,0,0x00001043,embedded,
OH7200,26,Candle,FLMM,BAM,1696,923,26,14,0,0,0x00001043,embedded,
OH7200,27,Candle,FLMM,BAM,2242,697,35,10,0,0,0x00001043,embedded,
OH7200,28,Candle,FLMM,BAM,1970,1263,30,19,0,0,0x00001043,embedded,
OH7300,61,Candle,FLMM,BAM,3267,376,51,5,0,0,0x00001043,embedded,
OH7300,62,Candle,FLMM,BAM,2316,759,36,11,0,0,0x00001043,embedded,
OH7300,63,Candle,FLMM,BAM,396,2052,6,32,0,0,0x00001043,embedded,
OH7300,64,Candle,FLMM,BAM,797,2049,12,32,0,0,0x00001043,embedded,
OH7300,65,Candle,FLMM,BAM,1086,2051,16,32,0,0,0x00001043,embedded,
OH7300,66,Candle,FLMM,BAM,1457,2050,22,32,0,0,0x00001043,embedded,
OH7300,67,Candle,FLMM,BAM,575,2490,8,38,0,0,0x00001043,embedded,
OH7300,68,Candle,FLMM,BAM,822,2886,12,45,0,0,0x00001043,embedded,
OH7300,69,Candle,FLMM,BAM,1723,2249,26,35,0,0,0x00001043,embedded,
OH7300,70,Candle,FLMM,BAM,1858,2389,29,37,0,0,0x00001043,embedded,
OH7300,71,Candle,FLMM,BAM,2115,2200,33,34,0,0,0x00001043,embedded,
OH7300,72,Candle,FLMM,BAM,2290,2302,35,35,0,0,0x00001043,embedded,
OH7300,73,Candle,FLMM,BAM,2051,2587,32,40,0,0,0x00001043,embedded,
OH7300,74,Candle,FLMM,BAM,1966,2679,30,41,0,0,0x00001043,embedded,
OH7300,75,Candle,FLMM,BAM,1819,2812,28,43,0,0,0x00001043,embedded,
OH7300,76,Candle,FLMM,BAM,1938,3135,30,48,0,0,0x00001043,embedded,
OH7300,77,Candle,FLMM,BAM,1491,3270,23,51,0,0,0x00001043,embedded,
OH7300,78,Candle,FLMM,BAM,1934,3408,30,53,0,0,0x00001043,embedded,
OH7300,79,Candle,FLMM,BAM,2227,3457,34,54,0,0,0x00001043,embedded,
OH7300,80,Candle,FLMM,BAM,1038,3022,16,47,0,0,0x00001043,embedded,
OH7300,81,Candle,FLMM,BAM,845,3053,13,47,0,0,0x00001043,embedded,
OH7300,82,Candle,FLMM,BAM,2291,3303,35,51,0,0,0x00001043,embedded,
OH7300,83,Candle,FLMM,BAM,2433,3127,38,48,0,0,0x00001043,embedded,
OH7300,84,Candle,FLMM,BAM,2295,2940,35,45,0,0,0x00001043,embedded,
OH7300,85,Candle,FLMM,BAM,2434,2769,38,43,0,0,0x00001043,embedded,
OH7300,86,Candle,FLMM,BAM,2294,2610,35,40,0,0,0x00001043,embedded,
OH7300,87,Candle,FLMM,BAM,2434,2609,38,40,0,0,0x00001043,embedded,
OH7300,88,Candle,FLMM,BAM,2388,495,37,7,0,0,0x00001043,embedded,
AR0510,9,FLMS,FLMS,BAM,605,606,9,9,0,0,0x00001003,embedded,
AR0510,10,FLMS,FLMS,BAM,622,606,9,9,0,0,0x00001003,embedded,
AR0510,11,FLMS,FLMS,BAM,614,614,9,9,0,0,0x00001003,embedded,
AR0510,12,FLMS,FLMS,BAM,614,599,9,9,0,0,0x00001003,embedded,
AR0510,13,FLMS,FLMS,BAM,254,1165,3,18,0,0,0x00001003,embedded,
AR0510,15,FLMS,FLMS,BAM,463,704,7,11,0,0,0x00001003,embedded,
AR0510,16,FLMS,FLMS,BAM,472,696,7,10,0,0,0x00001003,embedded,
AR0510,17,FLMS,FLMS,BAM,480,704,7,11,0,0,0x00001003,embedded,
AR0510,18,FLMS,FLMS,BAM,472,711,7,11,0,0,0x00001003,embedded,
AR0510,19,FLMS,FLMS,BAM,328,809,5,12,0,0,0x00001003,embedded,
AR0510,20,FLMS,FLMS,BAM,328,794,5,12,0,0,0x00001003,embedded,
AR0510,21,FLMS,FLMS,BAM,320,802,5,12,0,0,0x00001003,embedded,
AR0510,22,FLMS,FLMS,BAM,336,802,5,12,0,0,0x00001003,embedded,
AR0510,23,FLMS,FLMS,BAM,361,1045,5,16,0,0,0x00001003,embedded,
AR0510,24,FLMS,FLMS,BAM,377,1045,5,16,0,0,0x00001003,embedded,
AR0510,25,FLMS,FLMS,BAM,369,1050,5,16,0,0,0x00001003,embedded,
AR0510,26,FLMS,FLMS,BAM,747,504,11,7,0,0,0x00001003,embedded,
AR0510,27,FLMS,FLMS,BAM,763,504,11,7,0,0,0x00001003,embedded,
AR0510,28,FLMS,FLMS,BAM,755,510,11,7,0,0,0x00001003,embedded,
AR0510,29,FLMS,FLMS,BAM,755,497,11,7,0,0,0x00001003,embedded,
AR0510,39,FLMS,FLMS,BAM,1090,747,17,11,0,0,0x00001003,embedded,
AR0510,40,FLMS,FLMS,BAM,1098,752,17,11,0,0,0x00001003,embedded,
AR0510,41,FLMS,FLMS,BAM,1106,747,17,11,0,0,0x00001003,embedded,
AR0510,42,FLMS,FLMS,BAM,1098,741,17,11,0,0,0x00001003,embedded,
AR0510,43,FLMS,FLMS,BAM,948,845,14,13,0,0,0x00001003,embedded,
AR0510,44,FLMS,FLMS,BAM,956,850,14,13,0,0,0x00001003,embedded,
AR0510,45,FLMS,FLMS,BAM,963,845,15,13,0,0,0x00001003,embedded,
AR0510,46,FLMS,FLMS,BAM,814,952,12,14,0,0,0x00001003,embedded,
AR0510,47,FLMS,FLMS,BAM,805,946,12,14,0,0,0x00001003,embedded,
AR0510,48,FLMS,FLMS,BAM,822,946,12,14,0,0,0x00001003,embedded,
AR0510,49,FLMS,FLMS,BAM,814,939,12,14,0,0,0x00001003,embedded,
AR0510,50,FLMS,FLMS,BAM,673,1053,10,16,0,0,0x00001003,embedded,
AR0510,51,FLMS,FLMS,BAM,664,1046,10,16,0,0,0x00001003,embedded,
AR0510,52,FLMS,FLMS,BAM,681,1046,10,16,0,0,0x00001003,embedded,
AR0510,53,FLMS,FLMS,BAM,673,1038,10,16,0,0,0x00001003,embedded,
AR0510,54,FLMS,FLMS,BAM,956,839,14,13,0,0,0x00001003,embedded,
AR1000,0,FOUNT1,FOUNT1,BAM,3051,1253,47,19,0,0,0x00001107,embedded,
AR1000,1,FOUNT1,FOUNT1,BAM,2423,1247,37,19,0,0,0x00001107,embedded,
AR5203,0,Firepit1,FPIT1L,BAM,597,1762,9,27,0,0,0x00001003,embedded,
AR5203,1,Firepit2,FPIT1L,BAM,552,1702,8,26,0,0,0x00001003,embedded,
AR5203,2,Firepit3,FPIT1L,BAM,570,1571,8,24,0,0,0x00001003,embedded,
OH5300,8,Animation 9,FPIT1L,BAM,1164,993,18,15,0,0,0x00000103,embedded,
AR6111,0,FPIT1M,FPIT1M,BAM,280,187,4,2,0,0,0x00001003,embedded,
OH4000,0,Firepit,FPIT1M,BAM,4694,3304,73,51,0,0,0x00001043,embedded,
OH4200,1,Firepit,FPIT1M,BAM,953,2507,14,39,0,0,0x00001043,embedded,
OH6100,12,Firepit,FPIT1M,BAM,1471,850,22,13,0,0,0x00001013,embedded,
AR0334,0,FPIT1S,FPIT1S,BAM,373,317,5,4,0,0,0x00001003,embedded,
AR0334,1,FPIT1S,FPIT1S,BAM,682,183,10,2,0,0,0x00001003,embedded,
AR0406,54,FPIT1S,FPIT1S,BAM,373,963,5,15,0,0,0x00001003,embedded,
AR0509,11,FPIT1S,FPIT1S,BAM,851,189,13,2,0,0,0x00001003,embedded,
AR0509,12,FPIT1S,FPIT1S,BAM,603,152,9,2,0,0,0x00001003,embedded,
AR0522,3,FPIT1S,FPIT1S,BAM,848,190,13,2,0,0,0x00001003,embedded,
AR0522,4,FPIT1S,FPIT1S,BAM,609,155,9,2,0,0,0x00001003,embedded,
AR0601,0,FPIT1S,FPIT1S,BAM,1175,677,18,10,0,0,0x00001143,embedded,
AR0706,0,FPIT1S,FPIT1S,BAM,372,315,5,4,0,0,0x00001001,embedded,
AR0706,1,FPIT1S,FPIT1S,BAM,680,179,10,2,0,0,0x00001001,embedded,
AR1603,0,FPIT1S,FPIT1S,BAM,372,314,5,4,0,0,0x00001003,embedded,
AR1603,1,FPIT1S,FPIT1S,BAM,686,180,10,2,0,0,0x00001003,embedded,
AR2001,0,FPIT1S,FPIT1S,BAM,373,316,5,4,0,0,0x00001003,embedded,
AR2001,1,FPIT1S,FPIT1S,BAM,687,180,10,2,0,0,0x00001003,embedded,
AR2014,0,FPIT1S,FPIT1S,BAM,420,374,6,5,0,0,0x00001003,embedded,
AR2016,0,FPIT1S,FPIT1S,BAM,420,374,6,5,0,0,0x00001003,embedded,
AR2017,0,FPIT1S,FPIT1S,BAM,420,374,6,5,0,0,0x00001003,embedded,
AR2018,0,FPIT1S,FPIT1S,BAM,420,374,6,5,0,0,0x00001003,embedded,
AR5202,0,FPIT1S,FPIT1S,BAM,1369,544,21,8,0,0,0x00001003,embedded,
OH7300,60,Firepit,FPIT1S,BAM,2901,1372,45,21,0,0,0x00001043,embedded,
OH8100,80,Lounge_Firepit,FPIT1S,BAM,2684,1823,41,28,0,0,0x00001063,embedded,
AR6200,7,MMELSPIN,MMELSPIN,BAM,1281,811,20,12,0,0,0x00001211,embedded,
OH5400,1,Portal2,OHDLPORT,BAM,928,336,14,5,0,0,0x00001003,embedded,
OH5500,1,Portal1B,OHDLPORT,BAM,524,3103,8,48,0,0,0x00001003,embedded,
OH5500,3,Portal2B,OHDLPORT,BAM,1105,3331,17,52,0,0,0x00001003,embedded,
OH5500,5,Portal3B,OHDLPORT,BAM,222,3051,3,47,0,0,0x00001003,embedded,
OH5500,7,Portal4B,OHDLPORT,BAM,819,3203,12,50,0,0,0x00001003,embedded,
OH5500,9,Portal5B,OHDLPORT,BAM,1538,3659,24,57,0,0,0x00001003,embedded,
OH5500,11,Portal6B,OHDLPORT,BAM,1324,3465,20,54,0,0,0x00001003,embedded,
OH7300,0,NecroTrap_01,OHHNECR,BAM,572,1105,8,17,0,0,0x00001003,embedded,
OH7300,1,NecroTrap_02,OHHNECR,BAM,687,1084,10,16,0,0,0x00001003,embedded,
OH7300,2,NecroTrap_03,OHHNECR,BAM,506,1254,7,19,0,0,0x00001003,embedded,
OH7300,3,NecroTrap_04,OHHNECR,BAM,646,1188,10,18,0,0,0x00001003,embedded,
OH7300,4,NecroTrap_05,OHHNECR,BAM,1077,1611,16,25,0,0,0x00001003,embedded,
OH7300,5,NecroTrap_06,OHHNECR,BAM,1251,1636,19,25,0,0,0x00001003,embedded,
OH7300,6,NecroTrap_07,OHHNECR,BAM,1166,1712,18,26,0,0,0x00001003,embedded,
OH7300,7,NecroTrap_08,OHHNECR,BAM,1048,969,16,15,0,0,0x00001003,embedded,
OH7300,8,NecroTrap_09,OHHNECR,BAM,642,998,10,15,0,0,0x00001003,embedded,
OH7300,9,NecroTrap_10,OHHNECR,BAM,1213,1084,18,16,0,0,0x00001003,embedded,
OH7300,10,NecroTrap_11,OHHNECR,BAM,1038,1725,16,26,0,0,0x00001003,embedded,
OH7300,98,NecroTrap_12,OHHNECR,BAM,861,833,13,13,0,0,0x00001003,embedded,
OH7300,99,NecroTrap_13,OHHNECR,BAM,822,982,12,15,0,0,0x00001003,embedded,
OH7300,100,NecroTrap_14,OHHNECR,BAM,1062,1136,16,17,0,0,0x00001003,embedded,
AR0811,1,Tombwalk,OHHPORT,BAM,304,257,4,4,0,0,0x00001103,embedded,
OH4220,0,Shadowgate,OHRSGATE,BAM,400,630,6,9,0,0,0x00001003,embedded,
OH4230,0,Shadowgate,OHRSGATE,BAM,400,630,6,9,0,0,0x00001003,embedded,
AR0602,13,PORTL1A,PORTL1A,BAM,3904,2375,61,37,0,0,0x000011C1,embedded,
AR0602,12,PORTL1B,PORTL1B,BAM,2973,561,46,8,0,0,0x000011C1,embedded,
AR0603,10,PORTL2A,PORTL2A,BAM,417,2841,6,44,0,0,0x000011C1,embedded,
AR1004,12,SMOKE,SMOKE,BAM,563,69,8,1,0,0,0x00001007,embedded,
AR1601,12,SMOKE,SMOKE,BAM,568,63,8,0,0,0,0x00001103,embedded,
AR2012,12,SMOKE,SMOKE,BAM,568,63,8,0,0,0,0x00001103,embedded,
AR6108,0,SPDIMNDR,SPDIMNDR,BAM,647,633,10,9,0,0,0x00001002,embedded,
AR0516,0,SPHINCT,SPHINCT,BAM,2263,1103,35,17,0,0,0x00001101,embedded,
AR0516,1,SPHINCT,SPHINCT,BAM,1529,1447,23,22,0,0,0x00001101,embedded,
AR0516,3,SPHINCT,SPHINCT,BAM,1520,1287,23,20,0,0,0x00001101,embedded,
AR0516,4,SPHINCT,SPHINCT,BAM,2948,1776,46,27,0,0,0x00001101,embedded,
AR0517,0,SPHINCT,SPHINCT,BAM,497,452,7,7,0,0,0x00001101,embedded,
AR0518,0,SPHINCT,SPHINCT,BAM,501,451,7,7,0,0,0x00001101,embedded,
AR0519,0,SPHINCT,SPHINCT,BAM,500,451,7,7,0,0,0x00001101,embedded,
AR0520,0,SPHINCT,SPHINCT,BAM,501,451,7,7,0,0,0x00001101,embedded,
AR0521,0,SPHINCT,SPHINCT,BAM,499,451,7,7,0,0,0x00001101,embedded,
AR0516,2,SPHINCT2,SPHINCT2,BAM,1933,1017,30,15,0,0,0x00001101,embedded,
AR0506,8,STEAM2,STEAM2,BAM,845,291,13,4,0,0,0x00001103,embedded,
AR1003,8,STEAM2,STEAM2,BAM,840,357,13,5,0,0,0x00001107,embedded,
AR0502,0,WTRBODY1,WTRBODY1,BAM,499,182,7,2,0,0,0x00001003,embedded,
OH4200,18,Mist Day,OH4200MD,WBM,1504,600,23,9,0,0,0x00006005,embedded,
OH4200,21,Mist Night,OH4200MN,WBM,1520,600,23,9,0,0,0x00006005,embedded,
OH4200,17,River Day,OH4200RD,WBM,0,1536,0,24,0,0,0x00002105,embedded,
OH4200,20,River Night,OH4200RN,WBM,0,1536,0,24,0,0,0x00002105,embedded,
OH4200,19,Waterfall Day,OH4200WD,WBM,1600,0,25,0,0,0,0x00002105,embedded,
OH4200,22,Waterfall Night,OH4200WN,WBM,1600,0,25,0,0,0,0x00002105,embedded,
OH5100,0,River Day,OH5100RD,WBM,0,1166,0,18,0,0,0x00002105,embedded,
OH5100,1,River Night,OH5100RN,WBM,0,1166,0,18,0,0,0x00002105,embedded,
OH5200,0,Mist Day,OH5200MD,WBM,0,450,0,7,0,0,0x00006005,embedded,
OH5200,2,Mist Night,OH5200MN,WBM,0,450,0,7,0,0,0x00006005,embedded,
OH5200,1,Waterfall Day,OH5200RD,WBM,0,0,0,0,0,0,0x00002105,embedded,
OH5200,3,Waterfall Night,OH5200RN,WBM,0,0,0,0,0,0,0x00002105,embedded,
OH5500,12,Water,OH5500WD,WBM,0,3072,0,48,0,0,0x00002105,embedded,
OH6000,2,Mist Day,OH6000MD,WBM,1810,66,28,1,0,0,0x00006005,embedded,
OH6000,5,Mist Night,OH6000MN,WBM,1810,66,28,1,0,0,0x00006005,embedded,
OH6000,0,River Day,OH6000RD,WBM,1022,0,15,0,0,0,0x00002105,embedded,
OH6000,3,River Night,OH6000RN,WBM,1022,0,15,0,0,0,0x00002105,embedded,
OH6000,1,Waterfall Day,OH6000WD,WBM,3070,0,47,0,0,0,0x00002105,embedded,
OH6000,4,Waterfall Night,OH6000WN,WBM,3070,0,47,0,0,0,0x00002105,embedded,
OH7000,20,Ohh_barrier,OH7000BR,WBM,666,1450,10,22,0,0,0x00006005,embedded,
