key,scale,method,occurrences,I_raw,F_raw,I_xpress,F_xpress,stored_plane_bytes,dep_mask_bytes
CHFF4G12_0005,2,xBR,2,5888,0,2165,0,2165,0
CHFF4G12_0005,2,Q0,2,5888,0,2273,0,2273,0
CHFF4G12_0005,2,Q6-k3,2,5888,0,2238,0,2238,32
CHFF4G12_0005,2,Q3m-k3,2,5888,5888,2259,2145,4404,32
CHFF4G12_0005,2,Q6-k4,2,5888,0,2248,0,2248,32
CHFF4G12_0005,2,Q3m-k4,2,5888,5888,2251,2131,4382,32
CHFF4G12_0005,2,Q6-k6,2,5888,0,2214,0,2214,32
CHFF4G12_0005,2,Q3m-k6,2,5888,5888,2237,2133,4370,32
CHFF4G12_0005,4,xBR,2,23552,0,4936,0,4936,0
CHFF4G12_0005,4,Q0,2,23552,0,6020,0,6020,0
CHFF4G12_0005,4,Q6-k3,2,23552,0,5823,0,5823,32
CHFF4G12_0005,4,Q3m-k3,2,23552,23552,5844,6913,12757,32
CHFF4G12_0005,4,Q6-k4,2,23552,0,5748,0,5748,32
CHFF4G12_0005,4,Q3m-k4,2,23552,23552,5830,6898,12728,32
CHFF4G12_0005,4,Q6-k6,2,23552,0,5664,0,5664,32
CHFF4G12_0005,4,Q3m-k6,2,23552,23552,5745,6968,12713,32
CHFF4G12_0006,2,xBR,2,6048,0,2199,0,2199,0
CHFF4G12_0006,2,Q0,2,6048,0,2296,0,2296,0
CHFF4G12_0006,2,Q6-k3,2,6048,0,2333,0,2333,32
CHFF4G12_0006,2,Q3m-k3,2,6048,6048,2324,2204,4528,32
CHFF4G12_0006,2,Q6-k4,2,6048,0,2302,0,2302,32
CHFF4G12_0006,2,Q3m-k4,2,6048,6048,2312,2180,4492,32
CHFF4G12_0006,2,Q6-k6,2,6048,0,2292,0,2292,32
CHFF4G12_0006,2,Q3m-k6,2,6048,6048,2307,2187,4494,32
CHFF4G12_0006,4,xBR,2,24192,0,5010,0,5010,0
CHFF4G12_0006,4,Q0,2,24192,0,6153,0,6153,0
CHFF4G12_0006,4,Q6-k3,2,24192,0,6060,0,6060,32
CHFF4G12_0006,4,Q3m-k3,2,24192,24192,6010,7063,13073,32
CHFF4G12_0006,4,Q6-k4,2,24192,0,5841,0,5841,32
CHFF4G12_0006,4,Q3m-k4,2,24192,24192,5952,7006,12958,32
CHFF4G12_0006,4,Q6-k6,2,24192,0,5917,0,5917,32
CHFF4G12_0006,4,Q3m-k6,2,24192,24192,5931,7080,13011,32
CHFF4G12_0007,2,xBR,2,5796,0,2138,0,2138,0
CHFF4G12_0007,2,Q0,2,5796,0,2279,0,2279,0
CHFF4G12_0007,2,Q6-k3,2,5796,0,2286,0,2286,32
CHFF4G12_0007,2,Q3m-k3,2,5796,5796,2304,2166,4470,32
CHFF4G12_0007,2,Q6-k4,2,5796,0,2254,0,2254,32
CHFF4G12_0007,2,Q3m-k4,2,5796,5796,2271,2175,4446,32
CHFF4G12_0007,2,Q6-k6,2,5796,0,2244,0,2244,32
CHFF4G12_0007,2,Q3m-k6,2,5796,5796,2287,2176,4463,32
CHFF4G12_0007,4,xBR,2,23184,0,4902,0,4902,0
CHFF4G12_0007,4,Q0,2,23184,0,6154,0,6154,0
CHFF4G12_0007,4,Q6-k3,2,23184,0,5935,0,5935,32
CHFF4G12_0007,4,Q3m-k3,2,23184,23184,5888,7058,12946,32
CHFF4G12_0007,4,Q6-k4,2,23184,0,5697,0,5697,32
CHFF4G12_0007,4,Q3m-k4,2,23184,23184,5858,6919,12777,32
CHFF4G12_0007,4,Q6-k6,2,23184,0,5753,0,5753,32
CHFF4G12_0007,4,Q3m-k6,2,23184,23184,5901,7101,13002,32
CHFF4G12_0008,2,xBR,2,5796,0,2148,0,2148,0
CHFF4G12_0008,2,Q0,2,5796,0,2267,0,2267,0
CHFF4G12_0008,2,Q6-k3,2,5796,0,2263,0,2263,32
CHFF4G12_0008,2,Q3m-k3,2,5796,5796,2274,2184,4458,32
CHFF4G12_0008,2,Q6-k4,2,5796,0,2255,0,2255,32
CHFF4G12_0008,2,Q3m-k4,2,5796,5796,2297,2169,4466,32
CHFF4G12_0008,2,Q6-k6,2,5796,0,2256,0,2256,32
CHFF4G12_0008,2,Q3m-k6,2,5796,5796,2277,2190,4467,32
CHFF4G12_0008,4,xBR,2,23184,0,5004,0,5004,0
CHFF4G12_0008,4,Q0,2,23184,0,6064,0,6064,0
CHFF4G12_0008,4,Q6-k3,2,23184,0,5956,0,5956,32
CHFF4G12_0008,4,Q3m-k3,2,23184,23184,5916,7044,12960,32
CHFF4G12_0008,4,Q6-k4,2,23184,0,5792,0,5792,32
CHFF4G12_0008,4,Q3m-k4,2,23184,23184,5837,7046,12883,32
CHFF4G12_0008,4,Q6-k6,2,23184,0,5813,0,5813,32
CHFF4G12_0008,4,Q3m-k6,2,23184,23184,5864,7093,12957,32
CHFF4G12_0009,2,xBR,2,5544,0,2137,0,2137,0
CHFF4G12_0009,2,Q0,2,5544,0,2236,0,2236,0
CHFF4G12_0009,2,Q6-k3,2,5544,0,2240,0,2240,32
CHFF4G12_0009,2,Q3m-k3,2,5544,5544,2230,2154,4384,32
CHFF4G12_0009,2,Q6-k4,2,5544,0,2256,0,2256,32
CHFF4G12_0009,2,Q3m-k4,2,5544,5544,2258,2127,4385,32
CHFF4G12_0009,2,Q6-k6,2,5544,0,2219,0,2219,32
CHFF4G12_0009,2,Q3m-k6,2,5544,5544,2239,2144,4383,32
CHFF4G12_0009,4,xBR,2,22176,0,4889,0,4889,0
CHFF4G12_0009,4,Q0,2,22176,0,6019,0,6019,0
CHFF4G12_0009,4,Q6-k3,2,22176,0,5901,0,5901,32
CHFF4G12_0009,4,Q3m-k3,2,22176,22176,5884,6878,12762,32
CHFF4G12_0009,4,Q6-k4,2,22176,0,5791,0,5791,32
CHFF4G12_0009,4,Q3m-k4,2,22176,22176,5840,6946,12786,32
CHFF4G12_0009,4,Q6-k6,2,22176,0,5720,0,5720,32
CHFF4G12_0009,4,Q3m-k6,2,22176,22176,5799,6973,12772,32
CHFF4G12_0010,2,xBR,1,5544,0,2120,0,2120,0
CHFF4G12_0010,2,Q0,1,5544,0,2214,0,2214,0
CHFF4G12_0010,2,Q6-k3,1,5544,0,2254,0,2254,32
CHFF4G12_0010,2,Q3m-k3,1,5544,5544,2244,2107,4351,32
CHFF4G12_0010,2,Q6-k4,1,5544,0,2211,0,2211,32
CHFF4G12_0010,2,Q3m-k4,1,5544,5544,2278,2141,4419,32
CHFF4G12_0010,2,Q6-k6,1,5544,0,2211,0,2211,32
CHFF4G12_0010,2,Q3m-k6,1,5544,5544,2237,2128,4365,32
CHFF4G12_0010,4,xBR,1,22176,0,4798,0,4798,0
CHFF4G12_0010,4,Q0,1,22176,0,5908,0,5908,0
CHFF4G12_0010,4,Q6-k3,1,22176,0,5887,0,5887,32
CHFF4G12_0010,4,Q3m-k3,1,22176,22176,5916,6931,12847,32
CHFF4G12_0010,4,Q6-k4,1,22176,0,5781,0,5781,32
CHFF4G12_0010,4,Q3m-k4,1,22176,22176,5825,6888,12713,32
CHFF4G12_0010,4,Q6-k6,1,22176,0,5776,0,5776,32
CHFF4G12_0010,4,Q3m-k6,1,22176,22176,5786,6925,12711,32
CHFF4G12_0004,2,xBR,2,5796,0,2161,0,2161,0
CHFF4G12_0004,2,Q0,2,5796,0,2228,0,2228,0
CHFF4G12_0004,2,Q6-k3,2,5796,0,2229,0,2229,32
CHFF4G12_0004,2,Q3m-k3,2,5796,5796,2260,2114,4374,32
CHFF4G12_0004,2,Q6-k4,2,5796,0,2224,0,2224,32
CHFF4G12_0004,2,Q3m-k4,2,5796,5796,2232,2128,4360,32
CHFF4G12_0004,2,Q6-k6,2,5796,0,2207,0,2207,32
CHFF4G12_0004,2,Q3m-k6,2,5796,5796,2251,2146,4397,32
CHFF4G12_0004,4,xBR,2,23184,0,4793,0,4793,0
CHFF4G12_0004,4,Q0,2,23184,0,5931,0,5931,0
CHFF4G12_0004,4,Q6-k3,2,23184,0,5867,0,5867,32
CHFF4G12_0004,4,Q3m-k3,2,23184,23184,5820,6885,12705,32
CHFF4G12_0004,4,Q6-k4,2,23184,0,5716,0,5716,32
CHFF4G12_0004,4,Q3m-k4,2,23184,23184,5780,6994,12774,32
CHFF4G12_0004,4,Q6-k6,2,23184,0,5722,0,5722,32
CHFF4G12_0004,4,Q3m-k6,2,23184,23184,5768,6900,12668,32
CHFF4G12_0003,2,xBR,2,5888,0,2192,0,2192,0
CHFF4G12_0003,2,Q0,2,5888,0,2295,0,2295,0
CHFF4G12_0003,2,Q6-k3,2,5888,0,2251,0,2251,32
CHFF4G12_0003,2,Q3m-k3,2,5888,5888,2270,2165,4435,32
CHFF4G12_0003,2,Q6-k4,2,5888,0,2240,0,2240,32
CHFF4G12_0003,2,Q3m-k4,2,5888,5888,2260,2147,4407,32
CHFF4G12_0003,2,Q6-k6,2,5888,0,2269,0,2269,32
CHFF4G12_0003,2,Q3m-k6,2,5888,5888,2284,2146,4430,32
CHFF4G12_0003,4,xBR,2,23552,0,5004,0,5004,0
CHFF4G12_0003,4,Q0,2,23552,0,6161,0,6161,0
CHFF4G12_0003,4,Q6-k3,2,23552,0,5878,0,5878,32
CHFF4G12_0003,4,Q3m-k3,2,23552,23552,5938,7061,12999,32
CHFF4G12_0003,4,Q6-k4,2,23552,0,5712,0,5712,32
CHFF4G12_0003,4,Q3m-k4,2,23552,23552,5843,6979,12822,32
CHFF4G12_0003,4,Q6-k6,2,23552,0,5785,0,5785,32
CHFF4G12_0003,4,Q3m-k6,2,23552,23552,5856,7008,12864,32
CHFF4G12_0002,2,xBR,2,5632,0,2172,0,2172,0
CHFF4G12_0002,2,Q0,2,5632,0,2281,0,2281,0
CHFF4G12_0002,2,Q6-k3,2,5632,0,2238,0,2238,32
CHFF4G12_0002,2,Q3m-k3,2,5632,5632,2230,2103,4333,32
CHFF4G12_0002,2,Q6-k4,2,5632,0,2198,0,2198,32
CHFF4G12_0002,2,Q3m-k4,2,5632,5632,2215,2104,4319,32
CHFF4G12_0002,2,Q6-k6,2,5632,0,2217,0,2217,32
CHFF4G12_0002,2,Q3m-k6,2,5632,5632,2228,2117,4345,32
CHFF4G12_0002,4,xBR,2,22528,0,4772,0,4772,0
CHFF4G12_0002,4,Q0,2,22528,0,6071,0,6071,0
CHFF4G12_0002,4,Q6-k3,2,22528,0,5859,0,5859,32
CHFF4G12_0002,4,Q3m-k3,2,22528,22528,5816,6891,12707,32
CHFF4G12_0002,4,Q6-k4,2,22528,0,5668,0,5668,32
CHFF4G12_0002,4,Q3m-k4,2,22528,22528,5802,6902,12704,32
CHFF4G12_0002,4,Q6-k6,2,22528,0,5651,0,5651,32
CHFF4G12_0002,4,Q3m-k6,2,22528,22528,5740,6916,12656,32
CHFF4G12_0001,2,xBR,2,5632,0,2149,0,2149,0
CHFF4G12_0001,2,Q0,2,5632,0,2178,0,2178,0
CHFF4G12_0001,2,Q6-k3,2,5632,0,2209,0,2209,32
CHFF4G12_0001,2,Q3m-k3,2,5632,5632,2245,2094,4339,32
CHFF4G12_0001,2,Q6-k4,2,5632,0,2203,0,2203,32
CHFF4G12_0001,2,Q3m-k4,2,5632,5632,2228,2116,4344,32
CHFF4G12_0001,2,Q6-k6,2,5632,0,2226,0,2226,32
CHFF4G12_0001,2,Q3m-k6,2,5632,5632,2210,2110,4320,32
CHFF4G12_0001,4,xBR,2,22528,0,4793,0,4793,0
CHFF4G12_0001,4,Q0,2,22528,0,6002,0,6002,0
CHFF4G12_0001,4,Q6-k3,2,22528,0,5793,0,5793,32
CHFF4G12_0001,4,Q3m-k3,2,22528,22528,5813,6843,12656,32
CHFF4G12_0001,4,Q6-k4,2,22528,0,5710,0,5710,32
CHFF4G12_0001,4,Q3m-k4,2,22528,22528,5815,6829,12644,32
CHFF4G12_0001,4,Q6-k6,2,22528,0,5713,0,5713,32
CHFF4G12_0001,4,Q3m-k6,2,22528,22528,5747,6820,12567,32
CHFF4G12_0000,2,xBR,1,5544,0,2152,0,2152,0
CHFF4G12_0000,2,Q0,1,5544,0,2235,0,2235,0
CHFF4G12_0000,2,Q6-k3,1,5544,0,2236,0,2236,32
CHFF4G12_0000,2,Q3m-k3,1,5544,5544,2252,2080,4332,32
CHFF4G12_0000,2,Q6-k4,1,5544,0,2180,0,2180,32
CHFF4G12_0000,2,Q3m-k4,1,5544,5544,2190,2093,4283,32
CHFF4G12_0000,2,Q6-k6,1,5544,0,2203,0,2203,32
CHFF4G12_0000,2,Q3m-k6,1,5544,5544,2242,2117,4359,32
CHFF4G12_0000,4,xBR,1,22176,0,4744,0,4744,0
CHFF4G12_0000,4,Q0,1,22176,0,5952,0,5952,0
CHFF4G12_0000,4,Q6-k3,1,22176,0,5840,0,5840,32
CHFF4G12_0000,4,Q3m-k3,1,22176,22176,5753,6891,12644,32
CHFF4G12_0000,4,Q6-k4,1,22176,0,5631,0,5631,32
CHFF4G12_0000,4,Q3m-k4,1,22176,22176,5821,6845,12666,32
CHFF4G12_0000,4,Q6-k6,1,22176,0,5610,0,5610,32
CHFF4G12_0000,4,Q3m-k6,1,22176,22176,5740,6899,12639,32
CHFF4G11_0043,2,xBR,1,6048,0,2139,0,2139,0
CHFF4G11_0043,2,Q0,1,6048,0,2243,0,2243,0
CHFF4G11_0043,2,Q6-k3,1,6048,0,2229,0,2229,32
CHFF4G11_0043,2,Q3m-k3,1,6048,6048,2202,2065,4267,32
CHFF4G11_0043,2,Q6-k4,1,6048,0,2260,0,2260,32
CHFF4G11_0043,2,Q3m-k4,1,6048,6048,2239,2050,4289,32
CHFF4G11_0043,2,Q6-k6,1,6048,0,2254,0,2254,32
CHFF4G11_0043,2,Q3m-k6,1,6048,6048,2217,2046,4263,32
CHFF4G11_0043,4,xBR,1,24192,0,4903,0,4903,0
CHFF4G11_0043,4,Q0,1,24192,0,5881,0,5881,0
CHFF4G11_0043,4,Q6-k3,1,24192,0,5862,0,5862,32
CHFF4G11_0043,4,Q3m-k3,1,24192,24192,5860,6569,12429,32
CHFF4G11_0043,4,Q6-k4,1,24192,0,5795,0,5795,32
CHFF4G11_0043,4,Q3m-k4,1,24192,24192,5801,6622,12423,32
CHFF4G11_0043,4,Q6-k6,1,24192,0,5702,0,5702,32
CHFF4G11_0043,4,Q3m-k6,1,24192,24192,5800,6692,12492,32
CHFF4G11_0044,2,xBR,1,5368,0,2127,0,2127,0
CHFF4G11_0044,2,Q0,1,5368,0,2186,0,2186,0
CHFF4G11_0044,2,Q6-k3,1,5368,0,2165,0,2165,32
CHFF4G11_0044,2,Q3m-k3,1,5368,5368,2194,2021,4215,32
CHFF4G11_0044,2,Q6-k4,1,5368,0,2168,0,2168,32
CHFF4G11_0044,2,Q3m-k4,1,5368,5368,2182,1999,4181,32
CHFF4G11_0044,2,Q6-k6,1,5368,0,2139,0,2139,32
CHFF4G11_0044,2,Q3m-k6,1,5368,5368,2162,2019,4181,32
CHFF4G11_0044,4,xBR,1,21472,0,4794,0,4794,0
CHFF4G11_0044,4,Q0,1,21472,0,5904,0,5904,0
CHFF4G11_0044,4,Q6-k3,1,21472,0,5728,0,5728,32
CHFF4G11_0044,4,Q3m-k3,1,21472,21472,5611,6664,12275,32
CHFF4G11_0044,4,Q6-k4,1,21472,0,5500,0,5500,32
CHFF4G11_0044,4,Q3m-k4,1,21472,21472,5609,6633,12242,32
CHFF4G11_0044,4,Q6-k6,1,21472,0,5458,0,5458,32
CHFF4G11_0044,4,Q3m-k6,1,21472,21472,5554,6597,12151,32
CHFF4G11_0045,2,xBR,1,6072,0,2163,0,2163,0
CHFF4G11_0045,2,Q0,1,6072,0,2259,0,2259,0
CHFF4G11_0045,2,Q6-k3,1,6072,0,2264,0,2264,32
CHFF4G11_0045,2,Q3m-k3,1,6072,6072,2319,2063,4382,32
CHFF4G11_0045,2,Q6-k4,1,6072,0,2253,0,2253,32
CHFF4G11_0045,2,Q3m-k4,1,6072,6072,2280,2103,4383,32
CHFF4G11_0045,2,Q6-k6,1,6072,0,2265,0,2265,32
CHFF4G11_0045,2,Q3m-k6,1,6072,6072,2290,2086,4376,32
CHFF4G11_0045,4,xBR,1,24288,0,4933,0,4933,0
CHFF4G11_0045,4,Q0,1,24288,0,6017,0,6017,0
CHFF4G11_0045,4,Q6-k3,1,24288,0,5957,0,5957,32
CHFF4G11_0045,4,Q3m-k3,1,24288,24288,5812,6748,12560,32
CHFF4G11_0045,4,Q6-k4,1,24288,0,5809,0,5809,32
CHFF4G11_0045,4,Q3m-k4,1,24288,24288,5857,6785,12642,32
CHFF4G11_0045,4,Q6-k6,1,24288,0,5759,0,5759,32
CHFF4G11_0045,4,Q3m-k6,1,24288,24288,5854,6766,12620,32
CHFF4G11_0046,2,xBR,1,6160,0,2197,0,2197,0
CHFF4G11_0046,2,Q0,1,6160,0,2228,0,2228,0
CHFF4G11_0046,2,Q6-k3,1,6160,0,2298,0,2298,32
CHFF4G11_0046,2,Q3m-k3,1,6160,6160,2267,2052,4319,32
CHFF4G11_0046,2,Q6-k4,1,6160,0,2268,0,2268,32
CHFF4G11_0046,2,Q3m-k4,1,6160,6160,2247,2075,4322,32
CHFF4G11_0046,2,Q6-k6,1,6160,0,2278,0,2278,32
CHFF4G11_0046,2,Q3m-k6,1,6160,6160,2256,2068,4324,32
CHFF4G11_0046,4,xBR,1,24640,0,5016,0,5016,0
CHFF4G11_0046,4,Q0,1,24640,0,5910,0,5910,0
CHFF4G11_0046,4,Q6-k3,1,24640,0,6012,0,6012,32
CHFF4G11_0046,4,Q3m-k3,1,24640,24640,5975,6714,12689,32
CHFF4G11_0046,4,Q6-k4,1,24640,0,5846,0,5846,32
CHFF4G11_0046,4,Q3m-k4,1,24640,24640,5889,6698,12587,32
CHFF4G11_0046,4,Q6-k6,1,24640,0,5878,0,5878,32
CHFF4G11_0046,4,Q3m-k6,1,24640,24640,5883,6685,12568,32
CHFF4G11_0047,2,xBR,1,5720,0,2122,0,2122,0
CHFF4G11_0047,2,Q0,1,5720,0,2260,0,2260,0
CHFF4G11_0047,2,Q6-k3,1,5720,0,2245,0,2245,32
CHFF4G11_0047,2,Q3m-k3,1,5720,5720,2243,2023,4266,32
CHFF4G11_0047,2,Q6-k4,1,5720,0,2226,0,2226,32
CHFF4G11_0047,2,Q3m-k4,1,5720,5720,2233,2027,4260,32
CHFF4G11_0047,2,Q6-k6,1,5720,0,2194,0,2194,32
CHFF4G11_0047,2,Q3m-k6,1,5720,5720,2241,2013,4254,32
CHFF4G11_0047,4,xBR,1,22880,0,4883,0,4883,0
CHFF4G11_0047,4,Q0,1,22880,0,5984,0,5984,0
CHFF4G11_0047,4,Q6-k3,1,22880,0,5894,0,5894,32
CHFF4G11_0047,4,Q3m-k3,1,22880,22880,5801,6507,12308,32
CHFF4G11_0047,4,Q6-k4,1,22880,0,5701,0,5701,32
CHFF4G11_0047,4,Q3m-k4,1,22880,22880,5739,6533,12272,32
CHFF4G11_0047,4,Q6-k6,1,22880,0,5651,0,5651,32
CHFF4G11_0047,4,Q3m-k6,1,22880,22880,5644,6504,12148,32
CHFF4G11_0048,2,xBR,1,5544,0,2065,0,2065,0
CHFF4G11_0048,2,Q0,1,5544,0,2196,0,2196,0
CHFF4G11_0048,2,Q6-k3,1,5544,0,2133,0,2133,32
CHFF4G11_0048,2,Q3m-k3,1,5544,5544,2132,1945,4077,32
CHFF4G11_0048,2,Q6-k4,1,5544,0,2130,0,2130,32
CHFF4G11_0048,2,Q3m-k4,1,5544,5544,2124,1926,4050,32
CHFF4G11_0048,2,Q6-k6,1,5544,0,2124,0,2124,32
CHFF4G11_0048,2,Q3m-k6,1,5544,5544,2120,1938,4058,32
CHFF4G11_0048,4,xBR,1,22176,0,4633,0,4633,0
CHFF4G11_0048,4,Q0,1,22176,0,5759,0,5759,0
CHFF4G11_0048,4,Q6-k3,1,22176,0,5638,0,5638,32
CHFF4G11_0048,4,Q3m-k3,1,22176,22176,5478,6240,11718,32
CHFF4G11_0048,4,Q6-k4,1,22176,0,5449,0,5449,32
CHFF4G11_0048,4,Q3m-k4,1,22176,22176,5494,6240,11734,32
CHFF4G11_0048,4,Q6-k6,1,22176,0,5337,0,5337,32
CHFF4G11_0048,4,Q3m-k6,1,22176,22176,5447,6235,11682,32
CHFF4G11_0049,2,xBR,1,5040,0,1970,0,1970,0
CHFF4G11_0049,2,Q0,1,5040,0,2038,0,2038,0
CHFF4G11_0049,2,Q6-k3,1,5040,0,2052,0,2052,32
CHFF4G11_0049,2,Q3m-k3,1,5040,5040,2036,1903,3939,32
CHFF4G11_0049,2,Q6-k4,1,5040,0,2015,0,2015,32
CHFF4G11_0049,2,Q3m-k4,1,5040,5040,2034,1923,3957,32
CHFF4G11_0049,2,Q6-k6,1,5040,0,2042,0,2042,32
CHFF4G11_0049,2,Q3m-k6,1,5040,5040,2014,1928,3942,32
CHFF4G11_0049,4,xBR,1,20160,0,4450,0,4450,0
CHFF4G11_0049,4,Q0,1,20160,0,5488,0,5488,0
CHFF4G11_0049,4,Q6-k3,1,20160,0,5280,0,5280,32
CHFF4G11_0049,4,Q3m-k3,1,20160,20160,5266,6201,11467,32
CHFF4G11_0049,4,Q6-k4,1,20160,0,5196,0,5196,32
CHFF4G11_0049,4,Q3m-k4,1,20160,20160,5279,6193,11472,32
CHFF4G11_0049,4,Q6-k6,1,20160,0,5104,0,5104,32
CHFF4G11_0049,4,Q3m-k6,1,20160,20160,5247,6229,11476,32
CHFF4G11_0050,2,xBR,1,6348,0,2191,0,2191,0
CHFF4G11_0050,2,Q0,1,6348,0,2293,0,2293,0
CHFF4G11_0050,2,Q6-k3,1,6348,0,2281,0,2281,32
CHFF4G11_0050,2,Q3m-k3,1,6348,6348,2371,2120,4491,32
CHFF4G11_0050,2,Q6-k4,1,6348,0,2271,0,2271,32
CHFF4G11_0050,2,Q3m-k4,1,6348,6348,2342,2120,4462,32
CHFF4G11_0050,2,Q6-k6,1,6348,0,2267,0,2267,32
CHFF4G11_0050,2,Q3m-k6,1,6348,6348,2350,2121,4471,32
CHFF4G11_0050,4,xBR,1,25392,0,4901,0,4901,0
CHFF4G11_0050,4,Q0,1,25392,0,6129,0,6129,0
CHFF4G11_0050,4,Q6-k3,1,25392,0,5992,0,5992,32
CHFF4G11_0050,4,Q3m-k3,1,25392,25392,6041,6959,13000,32
CHFF4G11_0050,4,Q6-k4,1,25392,0,5816,0,5816,32
CHFF4G11_0050,4,Q3m-k4,1,25392,25392,6098,6820,12918,32
CHFF4G11_0050,4,Q6-k6,1,25392,0,5791,0,5791,32
CHFF4G11_0050,4,Q3m-k6,1,25392,25392,5997,6860,12857,32
CHFF4G11_0051,2,xBR,1,6532,0,2316,0,2316,0
CHFF4G11_0051,2,Q0,1,6532,0,2345,0,2345,0
CHFF4G11_0051,2,Q6-k3,1,6532,0,2382,0,2382,32
CHFF4G11_0051,2,Q3m-k3,1,6532,6532,2366,2146,4512,32
CHFF4G11_0051,2,Q6-k4,1,6532,0,2369,0,2369,32
CHFF4G11_0051,2,Q3m-k4,1,6532,6532,2354,2174,4528,32
CHFF4G11_0051,2,Q6-k6,1,6532,0,2368,0,2368,32
CHFF4G11_0051,2,Q3m-k6,1,6532,6532,2400,2149,4549,32
CHFF4G11_0051,4,xBR,1,26128,0,5220,0,5220,0
CHFF4G11_0051,4,Q0,1,26128,0,6243,0,6243,0
CHFF4G11_0051,4,Q6-k3,1,26128,0,6186,0,6186,32
CHFF4G11_0051,4,Q3m-k3,1,26128,26128,6162,6989,13151,32
CHFF4G11_0051,4,Q6-k4,1,26128,0,6101,0,6101,32
CHFF4G11_0051,4,Q3m-k4,1,26128,26128,6075,6988,13063,32
CHFF4G11_0051,4,Q6-k6,1,26128,0,6042,0,6042,32
CHFF4G11_0051,4,Q3m-k6,1,26128,26128,6069,7014,13083,32
CHFF4G11_0052,2,xBR,1,6432,0,2238,0,2238,0
CHFF4G11_0052,2,Q0,1,6432,0,2334,0,2334,0
CHFF4G11_0052,2,Q6-k3,1,6432,0,2336,0,2336,32
CHFF4G11_0052,2,Q3m-k3,1,6432,6432,2339,2114,4453,32
CHFF4G11_0052,2,Q6-k4,1,6432,0,2326,0,2326,32
CHFF4G11_0052,2,Q3m-k4,1,6432,6432,2345,2127,4472,32
CHFF4G11_0052,2,Q6-k6,1,6432,0,2353,0,2353,32
CHFF4G11_0052,2,Q3m-k6,1,6432,6432,2314,2117,4431,32
CHFF4G11_0052,4,xBR,1,25728,0,5141,0,5141,0
CHFF4G11_0052,4,Q0,1,25728,0,6155,0,6155,0
CHFF4G11_0052,4,Q6-k3,1,25728,0,6182,0,6182,32
CHFF4G11_0052,4,Q3m-k3,1,25728,25728,6134,6874,13008,32
CHFF4G11_0052,4,Q6-k4,1,25728,0,6033,0,6033,32
CHFF4G11_0052,4,Q3m-k4,1,25728,25728,6004,6903,12907,32
CHFF4G11_0052,4,Q6-k6,1,25728,0,5976,0,5976,32
CHFF4G11_0052,4,Q3m-k6,1,25728,25728,5973,6822,12795,32
WQNJ6G1_0005,2,xBR,2,768,0,537,0,537,0
WQNJ6G1_0005,2,Q0,2,768,0,568,0,568,0
WQNJ6G1_0005,2,Q6-k3,2,768,0,587,0,587,32
WQNJ6G1_0005,2,Q3m-k3,2,768,768,589,529,1118,32
WQNJ6G1_0005,2,Q6-k4,2,768,0,585,0,585,32
WQNJ6G1_0005,2,Q3m-k4,2,768,768,588,530,1118,32
WQNJ6G1_0005,2,Q6-k6,2,768,0,585,0,585,32
WQNJ6G1_0005,2,Q3m-k6,2,768,768,581,534,1115,32
WQNJ6G1_0005,4,xBR,2,3072,0,923,0,923,0
WQNJ6G1_0005,4,Q0,2,3072,0,1055,0,1055,0
WQNJ6G1_0005,4,Q6-k3,2,3072,0,1160,0,1160,32
WQNJ6G1_0005,4,Q3m-k3,2,3072,3072,1134,1162,2296,32
WQNJ6G1_0005,4,Q6-k4,2,3072,0,1136,0,1136,32
WQNJ6G1_0005,4,Q3m-k4,2,3072,3072,1133,1147,2280,32
WQNJ6G1_0005,4,Q6-k6,2,3072,0,1122,0,1122,32
WQNJ6G1_0005,4,Q3m-k6,2,3072,3072,1139,1159,2298,32
WQNJ6G1_0006,2,xBR,2,780,0,557,0,557,0
WQNJ6G1_0006,2,Q0,2,780,0,580,0,580,0
WQNJ6G1_0006,2,Q6-k3,2,780,0,579,0,579,32
WQNJ6G1_0006,2,Q3m-k3,2,780,780,599,532,1131,32
WQNJ6G1_0006,2,Q6-k4,2,780,0,584,0,584,32
WQNJ6G1_0006,2,Q3m-k4,2,780,780,591,537,1128,32
WQNJ6G1_0006,2,Q6-k6,2,780,0,592,0,592,32
WQNJ6G1_0006,2,Q3m-k6,2,780,780,592,546,1138,32
WQNJ6G1_0006,4,xBR,2,3120,0,948,0,948,0
WQNJ6G1_0006,4,Q0,2,3120,0,1091,0,1091,0
WQNJ6G1_0006,4,Q6-k3,2,3120,0,1166,0,1166,32
WQNJ6G1_0006,4,Q3m-k3,2,3120,3120,1198,1194,2392,32
WQNJ6G1_0006,4,Q6-k4,2,3120,0,1160,0,1160,32
WQNJ6G1_0006,4,Q3m-k4,2,3120,3120,1206,1188,2394,32
WQNJ6G1_0006,4,Q6-k6,2,3120,0,1153,0,1153,32
WQNJ6G1_0006,4,Q3m-k6,2,3120,3120,1175,1195,2370,32
WQNJ6G1_0007,2,xBR,2,840,0,544,0,544,0
WQNJ6G1_0007,2,Q0,2,840,0,557,0,557,0
WQNJ6G1_0007,2,Q6-k3,2,840,0,565,0,565,32
WQNJ6G1_0007,2,Q3m-k3,2,840,840,564,532,1096,32
WQNJ6G1_0007,2,Q6-k4,2,840,0,568,0,568,32
WQNJ6G1_0007,2,Q3m-k4,2,840,840,560,530,1090,32
WQNJ6G1_0007,2,Q6-k6,2,840,0,558,0,558,32
WQNJ6G1_0007,2,Q3m-k6,2,840,840,560,531,1091,32
WQNJ6G1_0007,4,xBR,2,3360,0,898,0,898,0
WQNJ6G1_0007,4,Q0,2,3360,0,1080,0,1080,0
WQNJ6G1_0007,4,Q6-k3,2,3360,0,1099,0,1099,32
WQNJ6G1_0007,4,Q3m-k3,2,3360,3360,1126,1181,2307,32
WQNJ6G1_0007,4,Q6-k4,2,3360,0,1083,0,1083,32
WQNJ6G1_0007,4,Q3m-k4,2,3360,3360,1112,1183,2295,32
WQNJ6G1_0007,4,Q6-k6,2,3360,0,1077,0,1077,32
WQNJ6G1_0007,4,Q3m-k6,2,3360,3360,1086,1192,2278,32
WQNJ6G1_0008,2,xBR,2,720,0,544,0,544,0
WQNJ6G1_0008,2,Q0,2,720,0,575,0,575,0
WQNJ6G1_0008,2,Q6-k3,2,720,0,599,0,599,32
WQNJ6G1_0008,2,Q3m-k3,2,720,720,591,530,1121,32
WQNJ6G1_0008,2,Q6-k4,2,720,0,593,0,593,32
WQNJ6G1_0008,2,Q3m-k4,2,720,720,590,530,1120,32
WQNJ6G1_0008,2,Q6-k6,2,720,0,593,0,593,32
WQNJ6G1_0008,2,Q3m-k6,2,720,720,588,528,1116,32
WQNJ6G1_0008,4,xBR,2,2880,0,931,0,931,0
WQNJ6G1_0008,4,Q0,2,2880,0,1100,0,1100,0
WQNJ6G1_0008,4,Q6-k3,2,2880,0,1179,0,1179,32
WQNJ6G1_0008,4,Q3m-k3,2,2880,2880,1172,1180,2352,32
WQNJ6G1_0008,4,Q6-k4,2,2880,0,1166,0,1166,32
WQNJ6G1_0008,4,Q3m-k4,2,2880,2880,1172,1181,2353,32
WQNJ6G1_0008,4,Q6-k6,2,2880,0,1117,0,1117,32
WQNJ6G1_0008,4,Q3m-k6,2,2880,2880,1145,1172,2317,32
WQNJ6G1_0009,2,xBR,2,768,0,560,0,560,0
WQNJ6G1_0009,2,Q0,2,768,0,578,0,578,0
WQNJ6G1_0009,2,Q6-k3,2,768,0,590,0,590,32
WQNJ6G1_0009,2,Q3m-k3,2,768,768,608,544,1152,32
WQNJ6G1_0009,2,Q6-k4,2,768,0,596,0,596,32
WQNJ6G1_0009,2,Q3m-k4,2,768,768,606,542,1148,32
WQNJ6G1_0009,2,Q6-k6,2,768,0,596,0,596,32
WQNJ6G1_0009,2,Q3m-k6,2,768,768,596,546,1142,32
WQNJ6G1_0009,4,xBR,2,3072,0,957,0,957,0
WQNJ6G1_0009,4,Q0,2,3072,0,1129,0,1129,0
WQNJ6G1_0009,4,Q6-k3,2,3072,0,1173,0,1173,32
WQNJ6G1_0009,4,Q3m-k3,2,3072,3072,1195,1217,2412,32
WQNJ6G1_0009,4,Q6-k4,2,3072,0,1201,0,1201,32
WQNJ6G1_0009,4,Q3m-k4,2,3072,3072,1186,1218,2404,32
WQNJ6G1_0009,4,Q6-k6,2,3072,0,1171,0,1171,32
WQNJ6G1_0009,4,Q3m-k6,2,3072,3072,1163,1234,2397,32
WQNJ6G1_0010,2,xBR,1,768,0,580,0,580,0
WQNJ6G1_0010,2,Q0,1,768,0,596,0,596,0
WQNJ6G1_0010,2,Q6-k3,1,768,0,604,0,604,32
WQNJ6G1_0010,2,Q3m-k3,1,768,768,612,544,1156,32
WQNJ6G1_0010,2,Q6-k4,1,768,0,596,0,596,32
WQNJ6G1_0010,2,Q3m-k4,1,768,768,618,544,1162,32
WQNJ6G1_0010,2,Q6-k6,1,768,0,606,0,606,32
WQNJ6G1_0010,2,Q3m-k6,1,768,768,604,542,1146,32
WQNJ6G1_0010,4,xBR,1,3072,0,996,0,996,0
WQNJ6G1_0010,4,Q0,1,3072,0,1206,0,1206,0
WQNJ6G1_0010,4,Q6-k3,1,3072,0,1202,0,1202,32
WQNJ6G1_0010,4,Q3m-k3,1,3072,3072,1268,1248,2516,32
WQNJ6G1_0010,4,Q6-k4,1,3072,0,1216,0,1216,32
WQNJ6G1_0010,4,Q3m-k4,1,3072,3072,1219,1241,2460,32
WQNJ6G1_0010,4,Q6-k6,1,3072,0,1220,0,1220,32
WQNJ6G1_0010,4,Q3m-k6,1,3072,3072,1209,1233,2442,32
WQNJ6G1_0004,2,xBR,2,840,0,543,0,543,0
WQNJ6G1_0004,2,Q0,2,840,0,581,0,581,0
WQNJ6G1_0004,2,Q6-k3,2,840,0,613,0,613,32
WQNJ6G1_0004,2,Q3m-k3,2,840,840,603,527,1130,32
WQNJ6G1_0004,2,Q6-k4,2,840,0,593,0,593,32
WQNJ6G1_0004,2,Q3m-k4,2,840,840,603,529,1132,32
WQNJ6G1_0004,2,Q6-k6,2,840,0,597,0,597,32
WQNJ6G1_0004,2,Q3m-k6,2,840,840,593,523,1116,32
WQNJ6G1_0004,4,xBR,2,3360,0,921,0,921,0
WQNJ6G1_0004,4,Q0,2,3360,0,1118,0,1118,0
WQNJ6G1_0004,4,Q6-k3,2,3360,0,1222,0,1222,32
WQNJ6G1_0004,4,Q3m-k3,2,3360,3360,1191,1152,2343,32
WQNJ6G1_0004,4,Q6-k4,2,3360,0,1208,0,1208,32
WQNJ6G1_0004,4,Q3m-k4,2,3360,3360,1173,1141,2314,32
WQNJ6G1_0004,4,Q6-k6,2,3360,0,1186,0,1186,32
WQNJ6G1_0004,4,Q3m-k6,2,3360,3360,1179,1155,2334,32
WQNJ6G1_0003,2,xBR,2,780,0,547,0,547,0
WQNJ6G1_0003,2,Q0,2,780,0,567,0,567,0
WQNJ6G1_0003,2,Q6-k3,2,780,0,586,0,586,32
WQNJ6G1_0003,2,Q3m-k3,2,780,780,584,517,1101,32
WQNJ6G1_0003,2,Q6-k4,2,780,0,588,0,588,32
WQNJ6G1_0003,2,Q3m-k4,2,780,780,586,505,1091,32
WQNJ6G1_0003,2,Q6-k6,2,780,0,584,0,584,32
WQNJ6G1_0003,2,Q3m-k6,2,780,780,586,507,1093,32
WQNJ6G1_0003,4,xBR,2,3120,0,926,0,926,0
WQNJ6G1_0003,4,Q0,2,3120,0,1078,0,1078,0
WQNJ6G1_0003,4,Q6-k3,2,3120,0,1172,0,1172,32
WQNJ6G1_0003,4,Q3m-k3,2,3120,3120,1148,1105,2253,32
WQNJ6G1_0003,4,Q6-k4,2,3120,0,1159,0,1159,32
WQNJ6G1_0003,4,Q3m-k4,2,3120,3120,1124,1107,2231,32
WQNJ6G1_0003,4,Q6-k6,2,3120,0,1132,0,1132,32
WQNJ6G1_0003,4,Q3m-k6,2,3120,3120,1135,1125,2260,32
WQNJ6G1_0002,2,xBR,2,900,0,570,0,570,0
WQNJ6G1_0002,2,Q0,2,900,0,589,0,589,0
WQNJ6G1_0002,2,Q6-k3,2,900,0,605,0,605,32
WQNJ6G1_0002,2,Q3m-k3,2,900,900,597,537,1134,32
WQNJ6G1_0002,2,Q6-k4,2,900,0,603,0,603,32
WQNJ6G1_0002,2,Q3m-k4,2,900,900,593,535,1128,32
WQNJ6G1_0002,2,Q6-k6,2,900,0,607,0,607,32
WQNJ6G1_0002,2,Q3m-k6,2,900,900,593,539,1132,32
WQNJ6G1_0002,4,xBR,2,3600,0,1011,0,1011,0
WQNJ6G1_0002,4,Q0,2,3600,0,1153,0,1153,0
WQNJ6G1_0002,4,Q6-k3,2,3600,0,1230,0,1230,32
WQNJ6G1_0002,4,Q3m-k3,2,3600,3600,1198,1173,2371,32
WQNJ6G1_0002,4,Q6-k4,2,3600,0,1228,0,1228,32
WQNJ6G1_0002,4,Q3m-k4,2,3600,3600,1190,1184,2374,32
WQNJ6G1_0002,4,Q6-k6,2,3600,0,1208,0,1208,32
WQNJ6G1_0002,4,Q3m-k6,2,3600,3600,1165,1231,2396,32
WQNJ6G1_0001,2,xBR,2,780,0,548,0,548,0
WQNJ6G1_0001,2,Q0,2,780,0,580,0,580,0
WQNJ6G1_0001,2,Q6-k3,2,780,0,599,0,599,32
WQNJ6G1_0001,2,Q3m-k3,2,780,780,617,527,1144,32
WQNJ6G1_0001,2,Q6-k4,2,780,0,597,0,597,32
WQNJ6G1_0001,2,Q3m-k4,2,780,780,612,529,1141,32
WQNJ6G1_0001,2,Q6-k6,2,780,0,588,0,588,32
WQNJ6G1_0001,2,Q3m-k6,2,780,780,610,526,1136,32
WQNJ6G1_0001,4,xBR,2,3120,0,953,0,953,0
WQNJ6G1_0001,4,Q0,2,3120,0,1145,0,1145,0
WQNJ6G1_0001,4,Q6-k3,2,3120,0,1244,0,1244,32
WQNJ6G1_0001,4,Q3m-k3,2,3120,3120,1252,1142,2394,32
WQNJ6G1_0001,4,Q6-k4,2,3120,0,1225,0,1225,32
WQNJ6G1_0001,4,Q3m-k4,2,3120,3120,1245,1152,2397,32
WQNJ6G1_0001,4,Q6-k6,2,3120,0,1220,0,1220,32
WQNJ6G1_0001,4,Q3m-k6,2,3120,3120,1225,1159,2384,32
WQNJ6G1_0000,2,xBR,1,720,0,553,0,553,0
WQNJ6G1_0000,2,Q0,1,720,0,578,0,578,0
WQNJ6G1_0000,2,Q6-k3,1,720,0,588,0,588,32
WQNJ6G1_0000,2,Q3m-k3,1,720,720,592,532,1124,32
WQNJ6G1_0000,2,Q6-k4,1,720,0,586,0,586,32
WQNJ6G1_0000,2,Q3m-k4,1,720,720,594,522,1116,32
WQNJ6G1_0000,2,Q6-k6,1,720,0,576,0,576,32
WQNJ6G1_0000,2,Q3m-k6,1,720,720,582,529,1111,32
WQNJ6G1_0000,4,xBR,1,2880,0,940,0,940,0
WQNJ6G1_0000,4,Q0,1,2880,0,1071,0,1071,0
WQNJ6G1_0000,4,Q6-k3,1,2880,0,1197,0,1197,32
WQNJ6G1_0000,4,Q3m-k3,1,2880,2880,1187,1190,2377,32
WQNJ6G1_0000,4,Q6-k4,1,2880,0,1198,0,1198,32
WQNJ6G1_0000,4,Q3m-k4,1,2880,2880,1185,1183,2368,32
WQNJ6G1_0000,4,Q6-k6,1,2880,0,1170,0,1170,32
WQNJ6G1_0000,4,Q3m-k6,1,2880,2880,1156,1179,2335,32
WQNJ6G1_0043,2,xBR,1,832,0,568,0,568,0
WQNJ6G1_0043,2,Q0,1,832,0,577,0,577,0
WQNJ6G1_0043,2,Q6-k3,1,832,0,609,0,609,32
WQNJ6G1_0043,2,Q3m-k3,1,832,832,597,540,1137,32
WQNJ6G1_0043,2,Q6-k4,1,832,0,607,0,607,32
WQNJ6G1_0043,2,Q3m-k4,1,832,832,597,542,1139,32
WQNJ6G1_0043,2,Q6-k6,1,832,0,590,0,590,32
WQNJ6G1_0043,2,Q3m-k6,1,832,832,589,540,1129,32
WQNJ6G1_0043,4,xBR,1,3328,0,1014,0,1014,0
WQNJ6G1_0043,4,Q0,1,3328,0,1139,0,1139,0
WQNJ6G1_0043,4,Q6-k3,1,3328,0,1257,0,1257,32
WQNJ6G1_0043,4,Q3m-k3,1,3328,3328,1243,1194,2437,32
WQNJ6G1_0043,4,Q6-k4,1,3328,0,1231,0,1231,32
WQNJ6G1_0043,4,Q3m-k4,1,3328,3328,1207,1232,2439,32
WQNJ6G1_0043,4,Q6-k6,1,3328,0,1196,0,1196,32
WQNJ6G1_0043,4,Q3m-k6,1,3328,3328,1185,1225,2410,32
WQNJ6G1_0044,2,xBR,1,780,0,521,0,521,0
WQNJ6G1_0044,2,Q0,1,780,0,547,0,547,0
WQNJ6G1_0044,2,Q6-k3,1,780,0,559,0,559,32
WQNJ6G1_0044,2,Q3m-k3,1,780,780,564,516,1080,32
WQNJ6G1_0044,2,Q6-k4,1,780,0,561,0,561,32
WQNJ6G1_0044,2,Q3m-k4,1,780,780,556,528,1084,32
WQNJ6G1_0044,2,Q6-k6,1,780,0,558,0,558,32
WQNJ6G1_0044,2,Q3m-k6,1,780,780,548,518,1066,32
WQNJ6G1_0044,4,xBR,1,3120,0,863,0,863,0
WQNJ6G1_0044,4,Q0,1,3120,0,1024,0,1024,0
WQNJ6G1_0044,4,Q6-k3,1,3120,0,1086,0,1086,32
WQNJ6G1_0044,4,Q3m-k3,1,3120,3120,1108,1159,2267,32
WQNJ6G1_0044,4,Q6-k4,1,3120,0,1126,0,1126,32
WQNJ6G1_0044,4,Q3m-k4,1,3120,3120,1059,1153,2212,32
WQNJ6G1_0044,4,Q6-k6,1,3120,0,1092,0,1092,32
WQNJ6G1_0044,4,Q3m-k6,1,3120,3120,1054,1148,2202,32
WQNJ6G1_0045,2,xBR,1,832,0,562,0,562,0
WQNJ6G1_0045,2,Q0,1,832,0,573,0,573,0
WQNJ6G1_0045,2,Q6-k3,1,832,0,594,0,594,32
WQNJ6G1_0045,2,Q3m-k3,1,832,832,601,536,1137,32
WQNJ6G1_0045,2,Q6-k4,1,832,0,596,0,596,32
WQNJ6G1_0045,2,Q3m-k4,1,832,832,609,530,1139,32
WQNJ6G1_0045,2,Q6-k6,1,832,0,590,0,590,32
WQNJ6G1_0045,2,Q3m-k6,1,832,832,599,531,1130,32
WQNJ6G1_0045,4,xBR,1,3328,0,977,0,977,0
WQNJ6G1_0045,4,Q0,1,3328,0,1107,0,1107,0
WQNJ6G1_0045,4,Q6-k3,1,3328,0,1178,0,1178,32
WQNJ6G1_0045,4,Q3m-k3,1,3328,3328,1220,1194,2414,32
WQNJ6G1_0045,4,Q6-k4,1,3328,0,1181,0,1181,32
WQNJ6G1_0045,4,Q3m-k4,1,3328,3328,1176,1183,2359,32
WQNJ6G1_0045,4,Q6-k6,1,3328,0,1172,0,1172,32
WQNJ6G1_0045,4,Q3m-k6,1,3328,3328,1172,1190,2362,32
WQNJ6G1_0046,2,xBR,1,780,0,543,0,543,0
WQNJ6G1_0046,2,Q0,1,780,0,558,0,558,0
WQNJ6G1_0046,2,Q6-k3,1,780,0,586,0,586,32
WQNJ6G1_0046,2,Q3m-k3,1,780,780,582,520,1102,32
WQNJ6G1_0046,2,Q6-k4,1,780,0,586,0,586,32
WQNJ6G1_0046,2,Q3m-k4,1,780,780,584,522,1106,32
WQNJ6G1_0046,2,Q6-k6,1,780,0,580,0,580,32
WQNJ6G1_0046,2,Q3m-k6,1,780,780,568,523,1091,32
WQNJ6G1_0046,4,xBR,1,3120,0,950,0,950,0
WQNJ6G1_0046,4,Q0,1,3120,0,1080,0,1080,0
WQNJ6G1_0046,4,Q6-k3,1,3120,0,1192,0,1192,32
WQNJ6G1_0046,4,Q3m-k3,1,3120,3120,1190,1169,2359,32
WQNJ6G1_0046,4,Q6-k4,1,3120,0,1157,0,1157,32
WQNJ6G1_0046,4,Q3m-k4,1,3120,3120,1189,1150,2339,32
WQNJ6G1_0046,4,Q6-k6,1,3120,0,1152,0,1152,32
WQNJ6G1_0046,4,Q3m-k6,1,3120,3120,1139,1152,2291,32
WQNJ6G1_0047,2,xBR,1,720,0,534,0,534,0
WQNJ6G1_0047,2,Q0,1,720,0,555,0,555,0
WQNJ6G1_0047,2,Q6-k3,1,720,0,572,0,572,32
WQNJ6G1_0047,2,Q3m-k3,1,720,720,567,518,1085,32
WQNJ6G1_0047,2,Q6-k4,1,720,0,566,0,566,32
WQNJ6G1_0047,2,Q3m-k4,1,720,720,559,514,1073,32
WQNJ6G1_0047,2,Q6-k6,1,720,0,566,0,566,32
WQNJ6G1_0047,2,Q3m-k6,1,720,720,569,516,1085,32
WQNJ6G1_0047,4,xBR,1,2880,0,874,0,874,0
WQNJ6G1_0047,4,Q0,1,2880,0,1046,0,1046,0
WQNJ6G1_0047,4,Q6-k3,1,2880,0,1121,0,1121,32
WQNJ6G1_0047,4,Q3m-k3,1,2880,2880,1111,1117,2228,32
WQNJ6G1_0047,4,Q6-k4,1,2880,0,1116,0,1116,32
WQNJ6G1_0047,4,Q3m-k4,1,2880,2880,1115,1119,2234,32
WQNJ6G1_0047,4,Q6-k6,1,2880,0,1106,0,1106,32
WQNJ6G1_0047,4,Q3m-k6,1,2880,2880,1103,1119,2222,32
WQNJ6G1_0048,2,xBR,1,780,0,539,0,539,0
WQNJ6G1_0048,2,Q0,1,780,0,559,0,559,0
WQNJ6G1_0048,2,Q6-k3,1,780,0,583,0,583,32
WQNJ6G1_0048,2,Q3m-k3,1,780,780,574,522,1096,32
WQNJ6G1_0048,2,Q6-k4,1,780,0,579,0,579,32
WQNJ6G1_0048,2,Q3m-k4,1,780,780,567,524,1091,32
WQNJ6G1_0048,2,Q6-k6,1,780,0,575,0,575,32
WQNJ6G1_0048,2,Q3m-k6,1,780,780,567,522,1089,32
WQNJ6G1_0048,4,xBR,1,3120,0,891,0,891,0
WQNJ6G1_0048,4,Q0,1,3120,0,1071,0,1071,0
WQNJ6G1_0048,4,Q6-k3,1,3120,0,1140,0,1140,32
WQNJ6G1_0048,4,Q3m-k3,1,3120,3120,1133,1197,2330,32
WQNJ6G1_0048,4,Q6-k4,1,3120,0,1140,0,1140,32
WQNJ6G1_0048,4,Q3m-k4,1,3120,3120,1143,1167,2310,32
WQNJ6G1_0048,4,Q6-k6,1,3120,0,1134,0,1134,32
WQNJ6G1_0048,4,Q3m-k6,1,3120,3120,1112,1179,2291,32
WQNJ6G1_0049,2,xBR,1,832,0,550,0,550,0
WQNJ6G1_0049,2,Q0,1,832,0,574,0,574,0
WQNJ6G1_0049,2,Q6-k3,1,832,0,600,0,600,32
WQNJ6G1_0049,2,Q3m-k3,1,832,832,601,531,1132,32
WQNJ6G1_0049,2,Q6-k4,1,832,0,601,0,601,32
WQNJ6G1_0049,2,Q3m-k4,1,832,832,603,534,1137,32
WQNJ6G1_0049,2,Q6-k6,1,832,0,598,0,598,32
WQNJ6G1_0049,2,Q3m-k6,1,832,832,602,533,1135,32
WQNJ6G1_0049,4,xBR,1,3328,0,933,0,933,0
WQNJ6G1_0049,4,Q0,1,3328,0,1085,0,1085,0
WQNJ6G1_0049,4,Q6-k3,1,3328,0,1202,0,1202,32
WQNJ6G1_0049,4,Q3m-k3,1,3328,3328,1194,1180,2374,32
WQNJ6G1_0049,4,Q6-k4,1,3328,0,1188,0,1188,32
WQNJ6G1_0049,4,Q3m-k4,1,3328,3328,1186,1177,2363,32
WQNJ6G1_0049,4,Q6-k6,1,3328,0,1166,0,1166,32
WQNJ6G1_0049,4,Q3m-k6,1,3328,3328,1199,1193,2392,32
WQNJ6G1_0050,2,xBR,1,720,0,528,0,528,0
WQNJ6G1_0050,2,Q0,1,720,0,537,0,537,0
WQNJ6G1_0050,2,Q6-k3,1,720,0,559,0,559,32
WQNJ6G1_0050,2,Q3m-k3,1,720,720,563,519,1082,32
WQNJ6G1_0050,2,Q6-k4,1,720,0,566,0,566,32
WQNJ6G1_0050,2,Q3m-k4,1,720,720,563,512,1075,32
WQNJ6G1_0050,2,Q6-k6,1,720,0,554,0,554,32
WQNJ6G1_0050,2,Q3m-k6,1,720,720,559,514,1073,32
WQNJ6G1_0050,4,xBR,1,2880,0,880,0,880,0
WQNJ6G1_0050,4,Q0,1,2880,0,1020,0,1020,0
WQNJ6G1_0050,4,Q6-k3,1,2880,0,1124,0,1124,32
WQNJ6G1_0050,4,Q3m-k3,1,2880,2880,1097,1107,2204,32
WQNJ6G1_0050,4,Q6-k4,1,2880,0,1094,0,1094,32
WQNJ6G1_0050,4,Q3m-k4,1,2880,2880,1095,1094,2189,32
WQNJ6G1_0050,4,Q6-k6,1,2880,0,1079,0,1079,32
WQNJ6G1_0050,4,Q3m-k6,1,2880,2880,1099,1103,2202,32
WQNJ6G1_0051,2,xBR,1,728,0,537,0,537,0
WQNJ6G1_0051,2,Q0,1,728,0,560,0,560,0
WQNJ6G1_0051,2,Q6-k3,1,728,0,582,0,582,32
WQNJ6G1_0051,2,Q3m-k3,1,728,728,568,517,1085,32
WQNJ6G1_0051,2,Q6-k4,1,728,0,578,0,578,32
WQNJ6G1_0051,2,Q3m-k4,1,728,728,567,502,1069,32
WQNJ6G1_0051,2,Q6-k6,1,728,0,572,0,572,32
WQNJ6G1_0051,2,Q3m-k6,1,728,728,565,514,1079,32
WQNJ6G1_0051,4,xBR,1,2912,0,894,0,894,0
WQNJ6G1_0051,4,Q0,1,2912,0,1040,0,1040,0
WQNJ6G1_0051,4,Q6-k3,1,2912,0,1134,0,1134,32
WQNJ6G1_0051,4,Q3m-k3,1,2912,2912,1123,1110,2233,32
WQNJ6G1_0051,4,Q6-k4,1,2912,0,1130,0,1130,32
WQNJ6G1_0051,4,Q3m-k4,1,2912,2912,1129,1105,2234,32
WQNJ6G1_0051,4,Q6-k6,1,2912,0,1105,0,1105,32
WQNJ6G1_0051,4,Q3m-k6,1,2912,2912,1118,1118,2236,32
WQNJ6G1_0052,2,xBR,1,720,0,542,0,542,0
WQNJ6G1_0052,2,Q0,1,720,0,561,0,561,0
WQNJ6G1_0052,2,Q6-k3,1,720,0,587,0,587,32
WQNJ6G1_0052,2,Q3m-k3,1,720,720,596,519,1115,32
WQNJ6G1_0052,2,Q6-k4,1,720,0,596,0,596,32
WQNJ6G1_0052,2,Q3m-k4,1,720,720,596,524,1120,32
WQNJ6G1_0052,2,Q6-k6,1,720,0,584,0,584,32
WQNJ6G1_0052,2,Q3m-k6,1,720,720,598,530,1128,32
WQNJ6G1_0052,4,xBR,1,2880,0,901,0,901,0
WQNJ6G1_0052,4,Q0,1,2880,0,1062,0,1062,0
WQNJ6G1_0052,4,Q6-k3,1,2880,0,1179,0,1179,32
WQNJ6G1_0052,4,Q3m-k3,1,2880,2880,1175,1152,2327,32
WQNJ6G1_0052,4,Q6-k4,1,2880,0,1178,0,1178,32
WQNJ6G1_0052,4,Q3m-k4,1,2880,2880,1155,1156,2311,32
WQNJ6G1_0052,4,Q6-k6,1,2880,0,1130,0,1130,32
WQNJ6G1_0052,4,Q3m-k6,1,2880,2880,1150,1164,2314,32
WQND3G1_0005,2,xBR,2,960,0,518,0,518,0
WQND3G1_0005,2,Q0,2,960,0,531,0,531,0
WQND3G1_0005,2,Q6-k3,2,960,0,518,0,518,32
WQND3G1_0005,2,Q3m-k3,2,960,960,534,584,1118,32
WQND3G1_0005,2,Q6-k4,2,960,0,533,0,533,32
WQND3G1_0005,2,Q3m-k4,2,960,960,526,575,1101,32
WQND3G1_0005,2,Q6-k6,2,960,0,535,0,535,32
WQND3G1_0005,2,Q3m-k6,2,960,960,532,580,1112,32
WQND3G1_0005,4,xBR,2,3840,0,912,0,912,0
WQND3G1_0005,4,Q0,2,3840,0,1084,0,1084,0
WQND3G1_0005,4,Q6-k3,2,3840,0,1048,0,1048,32
WQND3G1_0005,4,Q3m-k3,2,3840,3840,1040,1312,2352,32
WQND3G1_0005,4,Q6-k4,2,3840,0,1057,0,1057,32
WQND3G1_0005,4,Q3m-k4,2,3840,3840,1051,1329,2380,32
WQND3G1_0005,4,Q6-k6,2,3840,0,1026,0,1026,32
WQND3G1_0005,4,Q3m-k6,2,3840,3840,1018,1317,2335,32
WQND3G1_0006,2,xBR,2,1092,0,545,0,545,0
WQND3G1_0006,2,Q0,2,1092,0,569,0,569,0
WQND3G1_0006,2,Q6-k3,2,1092,0,565,0,565,32
WQND3G1_0006,2,Q3m-k3,2,1092,1092,567,632,1199,32
WQND3G1_0006,2,Q6-k4,2,1092,0,564,0,564,32
WQND3G1_0006,2,Q3m-k4,2,1092,1092,570,624,1194,32
WQND3G1_0006,2,Q6-k6,2,1092,0,565,0,565,32
WQND3G1_0006,2,Q3m-k6,2,1092,1092,573,619,1192,32
WQND3G1_0006,4,xBR,2,4368,0,965,0,965,0
WQND3G1_0006,4,Q0,2,4368,0,1119,0,1119,0
WQND3G1_0006,4,Q6-k3,2,4368,0,1118,0,1118,32
WQND3G1_0006,4,Q3m-k3,2,4368,4368,1095,1459,2554,32
WQND3G1_0006,4,Q6-k4,2,4368,0,1105,0,1105,32
WQND3G1_0006,4,Q3m-k4,2,4368,4368,1103,1451,2554,32
WQND3G1_0006,4,Q6-k6,2,4368,0,1111,0,1111,32
WQND3G1_0006,4,Q3m-k6,2,4368,4368,1116,1455,2571,32
WQND3G1_0007,2,xBR,2,1232,0,559,0,559,0
WQND3G1_0007,2,Q0,2,1232,0,595,0,595,0
WQND3G1_0007,2,Q6-k3,2,1232,0,582,0,582,32
WQND3G1_0007,2,Q3m-k3,2,1232,1232,576,658,1234,32
WQND3G1_0007,2,Q6-k4,2,1232,0,586,0,586,32
WQND3G1_0007,2,Q3m-k4,2,1232,1232,579,663,1242,32
WQND3G1_0007,2,Q6-k6,2,1232,0,586,0,586,32
WQND3G1_0007,2,Q3m-k6,2,1232,1232,575,656,1231,32
WQND3G1_0007,4,xBR,2,4928,0,1034,0,1034,0
WQND3G1_0007,4,Q0,2,4928,0,1194,0,1194,0
WQND3G1_0007,4,Q6-k3,2,4928,0,1173,0,1173,32
WQND3G1_0007,4,Q3m-k3,2,4928,4928,1162,1549,2711,32
WQND3G1_0007,4,Q6-k4,2,4928,0,1179,0,1179,32
WQND3G1_0007,4,Q3m-k4,2,4928,4928,1155,1525,2680,32
WQND3G1_0007,4,Q6-k6,2,4928,0,1153,0,1153,32
WQND3G1_0007,4,Q3m-k6,2,4928,4928,1162,1540,2702,32
WQND3G1_0008,2,xBR,2,1320,0,580,0,580,0
WQND3G1_0008,2,Q0,2,1320,0,597,0,597,0
WQND3G1_0008,2,Q6-k3,2,1320,0,592,0,592,32
WQND3G1_0008,2,Q3m-k3,2,1320,1320,591,683,1274,32
WQND3G1_0008,2,Q6-k4,2,1320,0,597,0,597,32
WQND3G1_0008,2,Q3m-k4,2,1320,1320,593,674,1267,32
WQND3G1_0008,2,Q6-k6,2,1320,0,594,0,594,32
WQND3G1_0008,2,Q3m-k6,2,1320,1320,592,681,1273,32
WQND3G1_0008,4,xBR,2,5280,0,1030,0,1030,0
WQND3G1_0008,4,Q0,2,5280,0,1193,0,1193,0
WQND3G1_0008,4,Q6-k3,2,5280,0,1227,0,1227,32
WQND3G1_0008,4,Q3m-k3,2,5280,5280,1153,1613,2766,32
WQND3G1_0008,4,Q6-k4,2,5280,0,1170,0,1170,32
WQND3G1_0008,4,Q3m-k4,2,5280,5280,1159,1612,2771,32
WQND3G1_0008,4,Q6-k6,2,5280,0,1174,0,1174,32
WQND3G1_0008,4,Q3m-k6,2,5280,5280,1169,1603,2772,32
WQND3G1_0009,2,xBR,2,1344,0,606,0,606,0
WQND3G1_0009,2,Q0,2,1344,0,613,0,613,0
WQND3G1_0009,2,Q6-k3,2,1344,0,608,0,608,32
WQND3G1_0009,2,Q3m-k3,2,1344,1344,601,695,1296,32
WQND3G1_0009,2,Q6-k4,2,1344,0,606,0,606,32
WQND3G1_0009,2,Q3m-k4,2,1344,1344,596,687,1283,32
WQND3G1_0009,2,Q6-k6,2,1344,0,611,0,611,32
WQND3G1_0009,2,Q3m-k6,2,1344,1344,598,694,1292,32
WQND3G1_0009,4,xBR,2,5376,0,1130,0,1130,0
WQND3G1_0009,4,Q0,2,5376,0,1251,0,1251,0
WQND3G1_0009,4,Q6-k3,2,5376,0,1216,0,1216,32
WQND3G1_0009,4,Q3m-k3,2,5376,5376,1175,1612,2787,32
WQND3G1_0009,4,Q6-k4,2,5376,0,1226,0,1226,32
WQND3G1_0009,4,Q3m-k4,2,5376,5376,1192,1633,2825,32
WQND3G1_0009,4,Q6-k6,2,5376,0,1233,0,1233,32
WQND3G1_0009,4,Q3m-k6,2,5376,5376,1195,1628,2823,32
WQND3G1_0010,2,xBR,1,1408,0,612,0,612,0
WQND3G1_0010,2,Q0,1,1408,0,625,0,625,0
WQND3G1_0010,2,Q6-k3,1,1408,0,621,0,621,32
WQND3G1_0010,2,Q3m-k3,1,1408,1408,616,707,1323,32
WQND3G1_0010,2,Q6-k4,1,1408,0,620,0,620,32
WQND3G1_0010,2,Q3m-k4,1,1408,1408,609,702,1311,32
WQND3G1_0010,2,Q6-k6,1,1408,0,613,0,613,32
WQND3G1_0010,2,Q3m-k6,1,1408,1408,607,695,1302,32
WQND3G1_0010,4,xBR,1,5632,0,1135,0,1135,0
WQND3G1_0010,4,Q0,1,5632,0,1279,0,1279,0
WQND3G1_0010,4,Q6-k3,1,5632,0,1247,0,1247,32
WQND3G1_0010,4,Q3m-k3,1,5632,5632,1223,1680,2903,32
WQND3G1_0010,4,Q6-k4,1,5632,0,1242,0,1242,32
WQND3G1_0010,4,Q3m-k4,1,5632,5632,1251,1682,2933,32
WQND3G1_0010,4,Q6-k6,1,5632,0,1255,0,1255,32
WQND3G1_0010,4,Q3m-k6,1,5632,5632,1213,1699,2912,32
WQND3G1_0004,2,xBR,2,960,0,517,0,517,0
WQND3G1_0004,2,Q0,2,960,0,516,0,516,0
WQND3G1_0004,2,Q6-k3,2,960,0,524,0,524,32
WQND3G1_0004,2,Q3m-k3,2,960,960,522,584,1106,32
WQND3G1_0004,2,Q6-k4,2,960,0,523,0,523,32
WQND3G1_0004,2,Q3m-k4,2,960,960,517,580,1097,32
WQND3G1_0004,2,Q6-k6,2,960,0,523,0,523,32
WQND3G1_0004,2,Q3m-k6,2,960,960,520,566,1086,32
WQND3G1_0004,4,xBR,2,3840,0,882,0,882,0
WQND3G1_0004,4,Q0,2,3840,0,1023,0,1023,0
WQND3G1_0004,4,Q6-k3,2,3840,0,1011,0,1011,32
WQND3G1_0004,4,Q3m-k3,2,3840,3840,1000,1341,2341,32
WQND3G1_0004,4,Q6-k4,2,3840,0,999,0,999,32
WQND3G1_0004,4,Q3m-k4,2,3840,3840,996,1327,2323,32
WQND3G1_0004,4,Q6-k6,2,3840,0,993,0,993,32
WQND3G1_0004,4,Q3m-k6,2,3840,3840,1009,1307,2316,32
WQND3G1_0003,2,xBR,2,936,0,499,0,499,0
WQND3G1_0003,2,Q0,2,936,0,520,0,520,0
WQND3G1_0003,2,Q6-k3,2,936,0,523,0,523,32
WQND3G1_0003,2,Q3m-k3,2,936,936,509,571,1080,32
WQND3G1_0003,2,Q6-k4,2,936,0,515,0,515,32
WQND3G1_0003,2,Q3m-k4,2,936,936,508,578,1086,32
WQND3G1_0003,2,Q6-k6,2,936,0,512,0,512,32
WQND3G1_0003,2,Q3m-k6,2,936,936,513,581,1094,32
WQND3G1_0003,4,xBR,2,3744,0,845,0,845,0
WQND3G1_0003,4,Q0,2,3744,0,1024,0,1024,0
WQND3G1_0003,4,Q6-k3,2,3744,0,957,0,957,32
WQND3G1_0003,4,Q3m-k3,2,3744,3744,948,1303,2251,32
WQND3G1_0003,4,Q6-k4,2,3744,0,965,0,965,32
WQND3G1_0003,4,Q3m-k4,2,3744,3744,930,1278,2208,32
WQND3G1_0003,4,Q6-k6,2,3744,0,988,0,988,32
WQND3G1_0003,4,Q3m-k6,2,3744,3744,950,1286,2236,32
WQND3G1_0002,2,xBR,2,952,0,500,0,500,0
WQND3G1_0002,2,Q0,2,952,0,532,0,532,0
WQND3G1_0002,2,Q6-k3,2,952,0,520,0,520,32
WQND3G1_0002,2,Q3m-k3,2,952,952,515,578,1093,32
WQND3G1_0002,2,Q6-k4,2,952,0,516,0,516,32
WQND3G1_0002,2,Q3m-k4,2,952,952,517,574,1091,32
WQND3G1_0002,2,Q6-k6,2,952,0,510,0,510,32
WQND3G1_0002,2,Q3m-k6,2,952,952,516,581,1097,32
WQND3G1_0002,4,xBR,2,3808,0,877,0,877,0
WQND3G1_0002,4,Q0,2,3808,0,1040,0,1040,0
WQND3G1_0002,4,Q6-k3,2,3808,0,985,0,985,32
WQND3G1_0002,4,Q3m-k3,2,3808,3808,922,1302,2224,32
WQND3G1_0002,4,Q6-k4,2,3808,0,965,0,965,32
WQND3G1_0002,4,Q3m-k4,2,3808,3808,935,1284,2219,32
WQND3G1_0002,4,Q6-k6,2,3808,0,965,0,965,32
WQND3G1_0002,4,Q3m-k6,2,3808,3808,955,1304,2259,32
WQND3G1_0001,2,xBR,2,896,0,479,0,479,0
WQND3G1_0001,2,Q0,2,896,0,490,0,490,0
WQND3G1_0001,2,Q6-k3,2,896,0,492,0,492,32
WQND3G1_0001,2,Q3m-k3,2,896,896,499,578,1077,32
WQND3G1_0001,2,Q6-k4,2,896,0,483,0,483,32
WQND3G1_0001,2,Q3m-k4,2,896,896,487,569,1056,32
WQND3G1_0001,2,Q6-k6,2,896,0,495,0,495,32
WQND3G1_0001,2,Q3m-k6,2,896,896,499,569,1068,32
WQND3G1_0001,4,xBR,2,3584,0,788,0,788,0
WQND3G1_0001,4,Q0,2,3584,0,954,0,954,0
WQND3G1_0001,4,Q6-k3,2,3584,0,915,0,915,32
WQND3G1_0001,4,Q3m-k3,2,3584,3584,881,1306,2187,32
WQND3G1_0001,4,Q6-k4,2,3584,0,928,0,928,32
WQND3G1_0001,4,Q3m-k4,2,3584,3584,872,1265,2137,32
WQND3G1_0001,4,Q6-k6,2,3584,0,909,0,909,32
WQND3G1_0001,4,Q3m-k6,2,3584,3584,869,1282,2151,32
WQND3G1_0000,2,xBR,1,896,0,486,0,486,0
WQND3G1_0000,2,Q0,1,896,0,500,0,500,0
WQND3G1_0000,2,Q6-k3,1,896,0,487,0,487,32
WQND3G1_0000,2,Q3m-k3,1,896,896,504,566,1070,32
WQND3G1_0000,2,Q6-k4,1,896,0,482,0,482,32
WQND3G1_0000,2,Q3m-k4,1,896,896,483,554,1037,32
WQND3G1_0000,2,Q6-k6,1,896,0,494,0,494,32
WQND3G1_0000,2,Q3m-k6,1,896,896,490,548,1038,32
WQND3G1_0000,4,xBR,1,3584,0,845,0,845,0
WQND3G1_0000,4,Q0,1,3584,0,953,0,953,0
WQND3G1_0000,4,Q6-k3,1,3584,0,913,0,913,32
WQND3G1_0000,4,Q3m-k3,1,3584,3584,894,1235,2129,32
WQND3G1_0000,4,Q6-k4,1,3584,0,904,0,904,32
WQND3G1_0000,4,Q3m-k4,1,3584,3584,870,1196,2066,32
WQND3G1_0000,4,Q6-k6,1,3584,0,903,0,903,32
WQND3G1_0000,4,Q3m-k6,1,3584,3584,919,1187,2106,32
WQND3G1_0043,2,xBR,1,672,0,463,0,463,0
WQND3G1_0043,2,Q0,1,672,0,471,0,471,0
WQND3G1_0043,2,Q6-k3,1,672,0,474,0,474,32
WQND3G1_0043,2,Q3m-k3,1,672,672,468,501,969,32
WQND3G1_0043,2,Q6-k4,1,672,0,469,0,469,32
WQND3G1_0043,2,Q3m-k4,1,672,672,467,506,973,32
WQND3G1_0043,2,Q6-k6,1,672,0,468,0,468,32
WQND3G1_0043,2,Q3m-k6,1,672,672,466,496,962,32
WQND3G1_0043,4,xBR,1,2688,0,764,0,764,0
WQND3G1_0043,4,Q0,1,2688,0,859,0,859,0
WQND3G1_0043,4,Q6-k3,1,2688,0,852,0,852,32
WQND3G1_0043,4,Q3m-k3,1,2688,2688,832,1039,1871,32
WQND3G1_0043,4,Q6-k4,1,2688,0,847,0,847,32
WQND3G1_0043,4,Q3m-k4,1,2688,2688,835,1031,1866,32
WQND3G1_0043,4,Q6-k6,1,2688,0,847,0,847,32
WQND3G1_0043,4,Q3m-k6,1,2688,2688,844,1036,1880,32
WQND3G1_0044,2,xBR,1,672,0,460,0,460,0
WQND3G1_0044,2,Q0,1,672,0,470,0,470,0
WQND3G1_0044,2,Q6-k3,1,672,0,474,0,474,32
WQND3G1_0044,2,Q3m-k3,1,672,672,471,504,975,32
WQND3G1_0044,2,Q6-k4,1,672,0,471,0,471,32
WQND3G1_0044,2,Q3m-k4,1,672,672,468,500,968,32
WQND3G1_0044,2,Q6-k6,1,672,0,478,0,478,32
WQND3G1_0044,2,Q3m-k6,1,672,672,474,504,978,32
WQND3G1_0044,4,xBR,1,2688,0,803,0,803,0
WQND3G1_0044,4,Q0,1,2688,0,848,0,848,0
WQND3G1_0044,4,Q6-k3,1,2688,0,864,0,864,32
WQND3G1_0044,4,Q3m-k3,1,2688,2688,846,1042,1888,32
WQND3G1_0044,4,Q6-k4,1,2688,0,866,0,866,32
WQND3G1_0044,4,Q3m-k4,1,2688,2688,816,1055,1871,32
WQND3G1_0044,4,Q6-k6,1,2688,0,854,0,854,32
WQND3G1_0044,4,Q3m-k6,1,2688,2688,834,1067,1901,32
WQND3G1_0045,2,xBR,1,612,0,445,0,445,0
WQND3G1_0045,2,Q0,1,612,0,456,0,456,0
WQND3G1_0045,2,Q6-k3,1,612,0,455,0,455,32
WQND3G1_0045,2,Q3m-k3,1,612,612,446,490,936,32
WQND3G1_0045,2,Q6-k4,1,612,0,453,0,453,32
WQND3G1_0045,2,Q3m-k4,1,612,612,452,492,944,32
WQND3G1_0045,2,Q6-k6,1,612,0,452,0,452,32
WQND3G1_0045,2,Q3m-k6,1,612,612,450,486,936,32
WQND3G1_0045,4,xBR,1,2448,0,688,0,688,0
WQND3G1_0045,4,Q0,1,2448,0,807,0,807,0
WQND3G1_0045,4,Q6-k3,1,2448,0,809,0,809,32
WQND3G1_0045,4,Q3m-k3,1,2448,2448,807,1017,1824,32
WQND3G1_0045,4,Q6-k4,1,2448,0,792,0,792,32
WQND3G1_0045,4,Q3m-k4,1,2448,2448,779,998,1777,32
WQND3G1_0045,4,Q6-k6,1,2448,0,781,0,781,32
WQND3G1_0045,4,Q3m-k6,1,2448,2448,795,1015,1810,32
WQND3G1_0046,2,xBR,1,640,0,446,0,446,0
WQND3G1_0046,2,Q0,1,640,0,462,0,462,0
WQND3G1_0046,2,Q6-k3,1,640,0,464,0,464,32
WQND3G1_0046,2,Q3m-k3,1,640,640,461,494,955,32
WQND3G1_0046,2,Q6-k4,1,640,0,458,0,458,32
WQND3G1_0046,2,Q3m-k4,1,640,640,457,502,959,32
WQND3G1_0046,2,Q6-k6,1,640,0,463,0,463,32
WQND3G1_0046,2,Q3m-k6,1,640,640,463,494,957,32
WQND3G1_0046,4,xBR,1,2560,0,733,0,733,0
WQND3G1_0046,4,Q0,1,2560,0,859,0,859,0
WQND3G1_0046,4,Q6-k3,1,2560,0,836,0,836,32
WQND3G1_0046,4,Q3m-k3,1,2560,2560,781,1075,1856,32
WQND3G1_0046,4,Q6-k4,1,2560,0,814,0,814,32
WQND3G1_0046,4,Q3m-k4,1,2560,2560,800,1066,1866,32
WQND3G1_0046,4,Q6-k6,1,2560,0,799,0,799,32
WQND3G1_0046,4,Q3m-k6,1,2560,2560,821,1077,1898,32
WQND3G1_0047,2,xBR,1,612,0,450,0,450,0
WQND3G1_0047,2,Q0,1,612,0,457,0,457,0
WQND3G1_0047,2,Q6-k3,1,612,0,455,0,455,32
WQND3G1_0047,2,Q3m-k3,1,612,612,454,490,944,32
WQND3G1_0047,2,Q6-k4,1,612,0,451,0,451,32
WQND3G1_0047,2,Q3m-k4,1,612,612,456,488,944,32
WQND3G1_0047,2,Q6-k6,1,612,0,453,0,453,32
WQND3G1_0047,2,Q3m-k6,1,612,612,457,490,947,32
WQND3G1_0047,4,xBR,1,2448,0,745,0,745,0
WQND3G1_0047,4,Q0,1,2448,0,830,0,830,0
WQND3G1_0047,4,Q6-k3,1,2448,0,824,0,824,32
WQND3G1_0047,4,Q3m-k3,1,2448,2448,816,1022,1838,32
WQND3G1_0047,4,Q6-k4,1,2448,0,798,0,798,32
WQND3G1_0047,4,Q3m-k4,1,2448,2448,800,1034,1834,32
WQND3G1_0047,4,Q6-k6,1,2448,0,812,0,812,32
WQND3G1_0047,4,Q3m-k6,1,2448,2448,807,1044,1851,32
WQND3G1_0048,2,xBR,1,576,0,436,0,436,0
WQND3G1_0048,2,Q0,1,576,0,440,0,440,0
WQND3G1_0048,2,Q6-k3,1,576,0,441,0,441,32
WQND3G1_0048,2,Q3m-k3,1,576,576,443,482,925,32
WQND3G1_0048,2,Q6-k4,1,576,0,443,0,443,32
WQND3G1_0048,2,Q3m-k4,1,576,576,444,478,922,32
WQND3G1_0048,2,Q6-k6,1,576,0,440,0,440,32
WQND3G1_0048,2,Q3m-k6,1,576,576,435,480,915,32
WQND3G1_0048,4,xBR,1,2304,0,685,0,685,0
WQND3G1_0048,4,Q0,1,2304,0,794,0,794,0
WQND3G1_0048,4,Q6-k3,1,2304,0,755,0,755,32
WQND3G1_0048,4,Q3m-k3,1,2304,2304,799,995,1794,32
WQND3G1_0048,4,Q6-k4,1,2304,0,746,0,746,32
WQND3G1_0048,4,Q3m-k4,1,2304,2304,773,985,1758,32
WQND3G1_0048,4,Q6-k6,1,2304,0,751,0,751,32
WQND3G1_0048,4,Q3m-k6,1,2304,2304,781,981,1762,32
WQND3G1_0049,2,xBR,1,476,0,420,0,420,0
WQND3G1_0049,2,Q0,1,476,0,423,0,423,0
WQND3G1_0049,2,Q6-k3,1,476,0,426,0,426,32
WQND3G1_0049,2,Q3m-k3,1,476,476,435,458,893,32
WQND3G1_0049,2,Q6-k4,1,476,0,431,0,431,32
WQND3G1_0049,2,Q3m-k4,1,476,476,428,458,886,32
WQND3G1_0049,2,Q6-k6,1,476,0,423,0,423,32
WQND3G1_0049,2,Q3m-k6,1,476,476,430,452,882,32
WQND3G1_0049,4,xBR,1,1904,0,631,0,631,0
WQND3G1_0049,4,Q0,1,1904,0,707,0,707,0
WQND3G1_0049,4,Q6-k3,1,1904,0,735,0,735,32
WQND3G1_0049,4,Q3m-k3,1,1904,1904,734,903,1637,32
WQND3G1_0049,4,Q6-k4,1,1904,0,723,0,723,32
WQND3G1_0049,4,Q3m-k4,1,1904,1904,732,916,1648,32
WQND3G1_0049,4,Q6-k6,1,1904,0,735,0,735,32
WQND3G1_0049,4,Q3m-k6,1,1904,1904,712,906,1618,32
WQND3G1_0050,2,xBR,1,672,0,437,0,437,0
WQND3G1_0050,2,Q0,1,672,0,445,0,445,0
WQND3G1_0050,2,Q6-k3,1,672,0,448,0,448,32
WQND3G1_0050,2,Q3m-k3,1,672,672,445,475,920,32
WQND3G1_0050,2,Q6-k4,1,672,0,445,0,445,32
WQND3G1_0050,2,Q3m-k4,1,672,672,438,475,913,32
WQND3G1_0050,2,Q6-k6,1,672,0,445,0,445,32
WQND3G1_0050,2,Q3m-k6,1,672,672,445,465,910,32
WQND3G1_0050,4,xBR,1,2688,0,702,0,702,0
WQND3G1_0050,4,Q0,1,2688,0,733,0,733,0
WQND3G1_0050,4,Q6-k3,1,2688,0,738,0,738,32
WQND3G1_0050,4,Q3m-k3,1,2688,2688,717,945,1662,32
WQND3G1_0050,4,Q6-k4,1,2688,0,745,0,745,32
WQND3G1_0050,4,Q3m-k4,1,2688,2688,710,954,1664,32
WQND3G1_0050,4,Q6-k6,1,2688,0,726,0,726,32
WQND3G1_0050,4,Q3m-k6,1,2688,2688,730,914,1644,32
WQND3G1_0051,2,xBR,1,736,0,462,0,462,0
WQND3G1_0051,2,Q0,1,736,0,457,0,457,0
WQND3G1_0051,2,Q6-k3,1,736,0,471,0,471,32
WQND3G1_0051,2,Q3m-k3,1,736,736,468,496,964,32
WQND3G1_0051,2,Q6-k4,1,736,0,470,0,470,32
WQND3G1_0051,2,Q3m-k4,1,736,736,464,494,958,32
WQND3G1_0051,2,Q6-k6,1,736,0,472,0,472,32
WQND3G1_0051,2,Q3m-k6,1,736,736,460,500,960,32
WQND3G1_0051,4,xBR,1,2944,0,702,0,702,0
WQND3G1_0051,4,Q0,1,2944,0,792,0,792,0
WQND3G1_0051,4,Q6-k3,1,2944,0,800,0,800,32
WQND3G1_0051,4,Q3m-k3,1,2944,2944,766,1004,1770,32
WQND3G1_0051,4,Q6-k4,1,2944,0,793,0,793,32
WQND3G1_0051,4,Q3m-k4,1,2944,2944,794,989,1783,32
WQND3G1_0051,4,Q6-k6,1,2944,0,802,0,802,32
WQND3G1_0051,4,Q3m-k6,1,2944,2944,790,1003,1793,32
WQND3G1_0052,2,xBR,1,672,0,447,0,447,0
WQND3G1_0052,2,Q0,1,672,0,459,0,459,0
WQND3G1_0052,2,Q6-k3,1,672,0,457,0,457,32
WQND3G1_0052,2,Q3m-k3,1,672,672,462,490,952,32
WQND3G1_0052,2,Q6-k4,1,672,0,459,0,459,32
WQND3G1_0052,2,Q3m-k4,1,672,672,456,481,937,32
WQND3G1_0052,2,Q6-k6,1,672,0,457,0,457,32
WQND3G1_0052,2,Q3m-k6,1,672,672,470,492,962,32
WQND3G1_0052,4,xBR,1,2688,0,730,0,730,0
WQND3G1_0052,4,Q0,1,2688,0,814,0,814,0
WQND3G1_0052,4,Q6-k3,1,2688,0,795,0,795,32
WQND3G1_0052,4,Q3m-k3,1,2688,2688,812,1008,1820,32
WQND3G1_0052,4,Q6-k4,1,2688,0,819,0,819,32
WQND3G1_0052,4,Q3m-k4,1,2688,2688,835,970,1805,32
WQND3G1_0052,4,Q6-k6,1,2688,0,811,0,811,32
WQND3G1_0052,4,Q3m-k6,1,2688,2688,815,992,1807,32
WQNS1G1_0005,2,xBR,2,736,0,400,0,400,0
WQNS1G1_0005,2,Q0,2,736,0,405,0,405,0
WQNS1G1_0005,2,Q6-k3,2,736,0,414,0,414,32
WQNS1G1_0005,2,Q3m-k3,2,736,736,413,409,822,32
WQNS1G1_0005,2,Q6-k4,2,736,0,414,0,414,32
WQNS1G1_0005,2,Q3m-k4,2,736,736,411,410,821,32
WQNS1G1_0005,2,Q6-k6,2,736,0,414,0,414,32
WQNS1G1_0005,2,Q3m-k6,2,736,736,413,415,828,32
WQNS1G1_0005,4,xBR,2,2944,0,610,0,610,0
WQNS1G1_0005,4,Q0,2,2944,0,659,0,659,0
WQNS1G1_0005,4,Q6-k3,2,2944,0,679,0,679,32
WQNS1G1_0005,4,Q3m-k3,2,2944,2944,682,737,1419,32
WQNS1G1_0005,4,Q6-k4,2,2944,0,679,0,679,32
WQNS1G1_0005,4,Q3m-k4,2,2944,2944,674,730,1404,32
WQNS1G1_0005,4,Q6-k6,2,2944,0,689,0,689,32
WQNS1G1_0005,4,Q3m-k6,2,2944,2944,653,747,1400,32
WQNS1G1_0006,2,xBR,2,576,0,382,0,382,0
WQNS1G1_0006,2,Q0,2,576,0,398,0,398,0
WQNS1G1_0006,2,Q6-k3,2,576,0,399,0,399,32
WQNS1G1_0006,2,Q3m-k3,2,576,576,399,404,803,32
WQNS1G1_0006,2,Q6-k4,2,576,0,401,0,401,32
WQNS1G1_0006,2,Q3m-k4,2,576,576,397,405,802,32
WQNS1G1_0006,2,Q6-k6,2,576,0,401,0,401,32
WQNS1G1_0006,2,Q3m-k6,2,576,576,391,403,794,32
WQNS1G1_0006,4,xBR,2,2304,0,539,0,539,0
WQNS1G1_0006,4,Q0,2,2304,0,568,0,568,0
WQNS1G1_0006,4,Q6-k3,2,2304,0,614,0,614,32
WQNS1G1_0006,4,Q3m-k3,2,2304,2304,613,729,1342,32
WQNS1G1_0006,4,Q6-k4,2,2304,0,612,0,612,32
WQNS1G1_0006,4,Q3m-k4,2,2304,2304,607,716,1323,32
WQNS1G1_0006,4,Q6-k6,2,2304,0,639,0,639,32
WQNS1G1_0006,4,Q3m-k6,2,2304,2304,595,698,1293,32
WQNS1G1_0007,2,xBR,2,480,0,384,0,384,0
WQNS1G1_0007,2,Q0,2,480,0,391,0,391,0
WQNS1G1_0007,2,Q6-k3,2,480,0,390,0,390,32
WQNS1G1_0007,2,Q3m-k3,2,480,480,384,403,787,32
WQNS1G1_0007,2,Q6-k4,2,480,0,387,0,387,32
WQNS1G1_0007,2,Q3m-k4,2,480,480,380,402,782,32
WQNS1G1_0007,2,Q6-k6,2,480,0,388,0,388,32
WQNS1G1_0007,2,Q3m-k6,2,480,480,382,406,788,32
WQNS1G1_0007,4,xBR,2,1920,0,507,0,507,0
WQNS1G1_0007,4,Q0,2,1920,0,555,0,555,0
WQNS1G1_0007,4,Q6-k3,2,1920,0,568,0,568,32
WQNS1G1_0007,4,Q3m-k3,2,1920,1920,539,679,1218,32
WQNS1G1_0007,4,Q6-k4,2,1920,0,569,0,569,32
WQNS1G1_0007,4,Q3m-k4,2,1920,1920,541,684,1225,32
WQNS1G1_0007,4,Q6-k6,2,1920,0,571,0,571,32
WQNS1G1_0007,4,Q3m-k6,2,1920,1920,541,671,1212,32
WQNS1G1_0008,2,xBR,2,416,0,362,0,362,0
WQNS1G1_0008,2,Q0,2,416,0,374,0,374,0
WQNS1G1_0008,2,Q6-k3,2,416,0,376,0,376,32
WQNS1G1_0008,2,Q3m-k3,2,416,416,373,398,771,32
WQNS1G1_0008,2,Q6-k4,2,416,0,376,0,376,32
WQNS1G1_0008,2,Q3m-k4,2,416,416,371,400,771,32
WQNS1G1_0008,2,Q6-k6,2,416,0,378,0,378,32
WQNS1G1_0008,2,Q3m-k6,2,416,416,373,395,768,32
WQNS1G1_0008,4,xBR,2,1664,0,481,0,481,0
WQNS1G1_0008,4,Q0,2,1664,0,495,0,495,0
WQNS1G1_0008,4,Q6-k3,2,1664,0,531,0,531,32
WQNS1G1_0008,4,Q3m-k3,2,1664,1664,519,645,1164,32
WQNS1G1_0008,4,Q6-k4,2,1664,0,518,0,518,32
WQNS1G1_0008,4,Q3m-k4,2,1664,1664,517,639,1156,32
WQNS1G1_0008,4,Q6-k6,2,1664,0,542,0,542,32
WQNS1G1_0008,4,Q3m-k6,2,1664,1664,504,655,1159,32
WQNS1G1_0009,2,xBR,2,300,0,328,0,300,0
WQNS1G1_0009,2,Q0,2,300,0,328,0,300,0
WQNS1G1_0009,2,Q6-k3,2,300,0,328,0,300,32
WQNS1G1_0009,2,Q3m-k3,2,300,300,328,328,600,32
WQNS1G1_0009,2,Q6-k4,2,300,0,328,0,300,32
WQNS1G1_0009,2,Q3m-k4,2,300,300,328,328,600,32
WQNS1G1_0009,2,Q6-k6,2,300,0,328,0,300,32
WQNS1G1_0009,2,Q3m-k6,2,300,300,328,328,600,32
WQNS1G1_0009,4,xBR,2,1200,0,462,0,462,0
WQNS1G1_0009,4,Q0,2,1200,0,521,0,521,0
WQNS1G1_0009,4,Q6-k3,2,1200,0,558,0,558,32
WQNS1G1_0009,4,Q3m-k3,2,1200,1200,528,631,1159,32
WQNS1G1_0009,4,Q6-k4,2,1200,0,536,0,536,32
WQNS1G1_0009,4,Q3m-k4,2,1200,1200,524,624,1148,32
WQNS1G1_0009,4,Q6-k6,2,1200,0,541,0,541,32
WQNS1G1_0009,4,Q3m-k6,2,1200,1200,516,638,1154,32
WQNS1G1_0010,2,xBR,1,400,0,392,0,392,0
WQNS1G1_0010,2,Q0,1,400,0,387,0,387,0
WQNS1G1_0010,2,Q6-k3,1,400,0,400,0,400,32
WQNS1G1_0010,2,Q3m-k3,1,400,400,389,402,789,32
WQNS1G1_0010,2,Q6-k4,1,400,0,400,0,400,32
WQNS1G1_0010,2,Q3m-k4,1,400,400,391,406,791,32
WQNS1G1_0010,2,Q6-k6,1,400,0,395,0,395,32
WQNS1G1_0010,2,Q3m-k6,1,400,400,387,404,787,32
WQNS1G1_0010,4,xBR,1,1600,0,540,0,540,0
WQNS1G1_0010,4,Q0,1,1600,0,547,0,547,0
WQNS1G1_0010,4,Q6-k3,1,1600,0,573,0,573,32
WQNS1G1_0010,4,Q3m-k3,1,1600,1600,560,670,1230,32
WQNS1G1_0010,4,Q6-k4,1,1600,0,587,0,587,32
WQNS1G1_0010,4,Q3m-k4,1,1600,1600,557,683,1240,32
WQNS1G1_0010,4,Q6-k6,1,1600,0,590,0,590,32
WQNS1G1_0010,4,Q3m-k6,1,1600,1600,561,660,1221,32
WQNS1G1_0004,2,xBR,2,792,0,393,0,393,0
WQNS1G1_0004,2,Q0,2,792,0,401,0,401,0
WQNS1G1_0004,2,Q6-k3,2,792,0,404,0,404,32
WQNS1G1_0004,2,Q3m-k3,2,792,792,405,388,793,32
WQNS1G1_0004,2,Q6-k4,2,792,0,402,0,402,32
WQNS1G1_0004,2,Q3m-k4,2,792,792,406,398,804,32
WQNS1G1_0004,2,Q6-k6,2,792,0,404,0,404,32
WQNS1G1_0004,2,Q3m-k6,2,792,792,404,395,799,32
WQNS1G1_0004,4,xBR,2,3168,0,537,0,537,0
WQNS1G1_0004,4,Q0,2,3168,0,582,0,582,0
WQNS1G1_0004,4,Q6-k3,2,3168,0,620,0,620,32
WQNS1G1_0004,4,Q3m-k3,2,3168,3168,633,694,1327,32
WQNS1G1_0004,4,Q6-k4,2,3168,0,624,0,624,32
WQNS1G1_0004,4,Q3m-k4,2,3168,3168,626,712,1338,32
WQNS1G1_0004,4,Q6-k6,2,3168,0,618,0,618,32
WQNS1G1_0004,4,Q3m-k6,2,3168,3168,626,704,1330,32
WQNS1G1_0003,2,xBR,2,760,0,387,0,387,0
WQNS1G1_0003,2,Q0,2,760,0,397,0,397,0
WQNS1G1_0003,2,Q6-k3,2,760,0,406,0,406,32
WQNS1G1_0003,2,Q3m-k3,2,760,760,402,413,815,32
WQNS1G1_0003,2,Q6-k4,2,760,0,405,0,405,32
WQNS1G1_0003,2,Q3m-k4,2,760,760,395,408,803,32
WQNS1G1_0003,2,Q6-k6,2,760,0,405,0,405,32
WQNS1G1_0003,2,Q3m-k6,2,760,760,397,405,802,32
WQNS1G1_0003,4,xBR,2,3040,0,533,0,533,0
WQNS1G1_0003,4,Q0,2,3040,0,630,0,630,0
WQNS1G1_0003,4,Q6-k3,2,3040,0,668,0,668,32
WQNS1G1_0003,4,Q3m-k3,2,3040,3040,629,706,1335,32
WQNS1G1_0003,4,Q6-k4,2,3040,0,655,0,655,32
WQNS1G1_0003,4,Q3m-k4,2,3040,3040,597,696,1293,32
WQNS1G1_0003,4,Q6-k6,2,3040,0,662,0,662,32
WQNS1G1_0003,4,Q3m-k6,2,3040,3040,608,707,1315,32
WQNS1G1_0002,2,xBR,2,880,0,410,0,410,0
WQNS1G1_0002,2,Q0,2,880,0,412,0,412,0
WQNS1G1_0002,2,Q6-k3,2,880,0,423,0,423,32
WQNS1G1_0002,2,Q3m-k3,2,880,880,411,415,826,32
WQNS1G1_0002,2,Q6-k4,2,880,0,428,0,428,32
WQNS1G1_0002,2,Q3m-k4,2,880,880,418,419,837,32
WQNS1G1_0002,2,Q6-k6,2,880,0,426,0,426,32
WQNS1G1_0002,2,Q3m-k6,2,880,880,416,422,838,32
WQNS1G1_0002,4,xBR,2,3520,0,555,0,555,0
WQNS1G1_0002,4,Q0,2,3520,0,595,0,595,0
WQNS1G1_0002,4,Q6-k3,2,3520,0,638,0,638,32
WQNS1G1_0002,4,Q3m-k3,2,3520,3520,621,672,1293,32
WQNS1G1_0002,4,Q6-k4,2,3520,0,633,0,633,32
WQNS1G1_0002,4,Q3m-k4,2,3520,3520,607,689,1296,32
WQNS1G1_0002,4,Q6-k6,2,3520,0,632,0,632,32
WQNS1G1_0002,4,Q3m-k6,2,3520,3520,611,680,1291,32
WQNS1G1_0001,2,xBR,2,936,0,399,0,399,0
WQNS1G1_0001,2,Q0,2,936,0,402,0,402,0
WQNS1G1_0001,2,Q6-k3,2,936,0,414,0,414,32
WQNS1G1_0001,2,Q3m-k3,2,936,936,406,418,824,32
WQNS1G1_0001,2,Q6-k4,2,936,0,407,0,407,32
WQNS1G1_0001,2,Q3m-k4,2,936,936,412,416,828,32
WQNS1G1_0001,2,Q6-k6,2,936,0,413,0,413,32
WQNS1G1_0001,2,Q3m-k6,2,936,936,414,418,832,32
WQNS1G1_0001,4,xBR,2,3744,0,544,0,544,0
WQNS1G1_0001,4,Q0,2,3744,0,584,0,584,0
WQNS1G1_0001,4,Q6-k3,2,3744,0,621,0,621,32
WQNS1G1_0001,4,Q3m-k3,2,3744,3744,577,699,1276,32
WQNS1G1_0001,4,Q6-k4,2,3744,0,620,0,620,32
WQNS1G1_0001,4,Q3m-k4,2,3744,3744,604,674,1278,32
WQNS1G1_0001,4,Q6-k6,2,3744,0,607,0,607,32
WQNS1G1_0001,4,Q3m-k6,2,3744,3744,573,677,1250,32
WQNS1G1_0000,2,xBR,1,988,0,397,0,397,0
WQNS1G1_0000,2,Q0,1,988,0,396,0,396,0
WQNS1G1_0000,2,Q6-k3,1,988,0,424,0,424,32
WQNS1G1_0000,2,Q3m-k3,1,988,988,415,420,835,32
WQNS1G1_0000,2,Q6-k4,1,988,0,426,0,426,32
WQNS1G1_0000,2,Q3m-k4,1,988,988,417,424,841,32
WQNS1G1_0000,2,Q6-k6,1,988,0,428,0,428,32
WQNS1G1_0000,2,Q3m-k6,1,988,988,417,420,837,32
WQNS1G1_0000,4,xBR,1,3952,0,541,0,541,0
WQNS1G1_0000,4,Q0,1,3952,0,615,0,615,0
WQNS1G1_0000,4,Q6-k3,1,3952,0,661,0,661,32
WQNS1G1_0000,4,Q3m-k3,1,3952,3952,626,703,1329,32
WQNS1G1_0000,4,Q6-k4,1,3952,0,659,0,659,32
WQNS1G1_0000,4,Q3m-k4,1,3952,3952,642,717,1359,32
WQNS1G1_0000,4,Q6-k6,1,3952,0,657,0,657,32
WQNS1G1_0000,4,Q3m-k6,1,3952,3952,627,705,1332,32
WQNS1G1_0043,2,xBR,1,440,0,382,0,382,0
WQNS1G1_0043,2,Q0,1,440,0,385,0,385,0
WQNS1G1_0043,2,Q6-k3,1,440,0,392,0,392,32
WQNS1G1_0043,2,Q3m-k3,1,440,440,393,398,791,32
WQNS1G1_0043,2,Q6-k4,1,440,0,391,0,391,32
WQNS1G1_0043,2,Q3m-k4,1,440,440,392,398,790,32
WQNS1G1_0043,2,Q6-k6,1,440,0,386,0,386,32
WQNS1G1_0043,2,Q3m-k6,1,440,440,382,400,782,32
WQNS1G1_0043,4,xBR,1,1760,0,537,0,537,0
WQNS1G1_0043,4,Q0,1,1760,0,560,0,560,0
WQNS1G1_0043,4,Q6-k3,1,1760,0,559,0,559,32
WQNS1G1_0043,4,Q3m-k3,1,1760,1760,579,671,1250,32
WQNS1G1_0043,4,Q6-k4,1,1760,0,565,0,565,32
WQNS1G1_0043,4,Q3m-k4,1,1760,1760,576,677,1253,32
WQNS1G1_0043,4,Q6-k6,1,1760,0,581,0,581,32
WQNS1G1_0043,4,Q3m-k6,1,1760,1760,567,676,1243,32
WQNS1G1_0044,2,xBR,1,460,0,384,0,384,0
WQNS1G1_0044,2,Q0,1,460,0,385,0,385,0
WQNS1G1_0044,2,Q6-k3,1,460,0,395,0,395,32
WQNS1G1_0044,2,Q3m-k3,1,460,460,389,396,785,32
WQNS1G1_0044,2,Q6-k4,1,460,0,384,0,384,32
WQNS1G1_0044,2,Q3m-k4,1,460,460,387,394,781,32
WQNS1G1_0044,2,Q6-k6,1,460,0,389,0,389,32
WQNS1G1_0044,2,Q3m-k6,1,460,460,385,396,781,32
WQNS1G1_0044,4,xBR,1,1840,0,513,0,513,0
WQNS1G1_0044,4,Q0,1,1840,0,545,0,545,0
WQNS1G1_0044,4,Q6-k3,1,1840,0,560,0,560,32
WQNS1G1_0044,4,Q3m-k3,1,1840,1840,527,633,1160,32
WQNS1G1_0044,4,Q6-k4,1,1840,0,575,0,575,32
WQNS1G1_0044,4,Q3m-k4,1,1840,1840,528,634,1162,32
WQNS1G1_0044,4,Q6-k6,1,1840,0,548,0,548,32
WQNS1G1_0044,4,Q3m-k6,1,1840,1840,527,663,1190,32
WQNS1G1_0045,2,xBR,1,420,0,369,0,369,0
WQNS1G1_0045,2,Q0,1,420,0,376,0,376,0
WQNS1G1_0045,2,Q6-k3,1,420,0,383,0,383,32
WQNS1G1_0045,2,Q3m-k3,1,420,420,375,390,765,32
WQNS1G1_0045,2,Q6-k4,1,420,0,381,0,381,32
WQNS1G1_0045,2,Q3m-k4,1,420,420,376,391,767,32
WQNS1G1_0045,2,Q6-k6,1,420,0,382,0,382,32
WQNS1G1_0045,2,Q3m-k6,1,420,420,375,386,761,32
WQNS1G1_0045,4,xBR,1,1680,0,493,0,493,0
WQNS1G1_0045,4,Q0,1,1680,0,532,0,532,0
WQNS1G1_0045,4,Q6-k3,1,1680,0,561,0,561,32
WQNS1G1_0045,4,Q3m-k3,1,1680,1680,534,653,1187,32
WQNS1G1_0045,4,Q6-k4,1,1680,0,550,0,550,32
WQNS1G1_0045,4,Q3m-k4,1,1680,1680,545,634,1179,32
WQNS1G1_0045,4,Q6-k6,1,1680,0,560,0,560,32
WQNS1G1_0045,4,Q3m-k6,1,1680,1680,516,651,1167,32
WQNS1G1_0046,2,xBR,1,380,0,379,0,379,0
WQNS1G1_0046,2,Q0,1,380,0,380,0,380,0
WQNS1G1_0046,2,Q6-k3,1,380,0,384,0,380,32
WQNS1G1_0046,2,Q3m-k3,1,380,380,385,386,760,32
WQNS1G1_0046,2,Q6-k4,1,380,0,383,0,380,32
WQNS1G1_0046,2,Q3m-k4,1,380,380,384,389,760,32
WQNS1G1_0046,2,Q6-k6,1,380,0,385,0,380,32
WQNS1G1_0046,2,Q3m-k6,1,380,380,386,384,760,32
WQNS1G1_0046,4,xBR,1,1520,0,496,0,496,0
WQNS1G1_0046,4,Q0,1,1520,0,520,0,520,0
WQNS1G1_0046,4,Q6-k3,1,1520,0,543,0,543,32
WQNS1G1_0046,4,Q3m-k3,1,1520,1520,522,633,1155,32
WQNS1G1_0046,4,Q6-k4,1,1520,0,546,0,546,32
WQNS1G1_0046,4,Q3m-k4,1,1520,1520,518,643,1161,32
WQNS1G1_0046,4,Q6-k6,1,1520,0,564,0,564,32
WQNS1G1_0046,4,Q3m-k6,1,1520,1520,529,640,1169,32
WQNS1G1_0047,2,xBR,1,320,0,348,0,320,0
WQNS1G1_0047,2,Q0,1,320,0,348,0,320,0
WQNS1G1_0047,2,Q6-k3,1,320,0,348,0,320,32
WQNS1G1_0047,2,Q3m-k3,1,320,320,348,348,640,32
WQNS1G1_0047,2,Q6-k4,1,320,0,348,0,320,32
WQNS1G1_0047,2,Q3m-k4,1,320,320,348,348,640,32
WQNS1G1_0047,2,Q6-k6,1,320,0,348,0,320,32
WQNS1G1_0047,2,Q3m-k6,1,320,320,348,348,640,32
WQNS1G1_0047,4,xBR,1,1280,0,489,0,489,0
WQNS1G1_0047,4,Q0,1,1280,0,529,0,529,0
WQNS1G1_0047,4,Q6-k3,1,1280,0,581,0,581,32
WQNS1G1_0047,4,Q3m-k3,1,1280,1280,553,620,1173,32
WQNS1G1_0047,4,Q6-k4,1,1280,0,567,0,567,32
WQNS1G1_0047,4,Q3m-k4,1,1280,1280,555,630,1185,32
WQNS1G1_0047,4,Q6-k6,1,1280,0,567,0,567,32
WQNS1G1_0047,4,Q3m-k6,1,1280,1280,552,632,1184,32
WQNS1G1_0048,2,xBR,1,320,0,348,0,320,0
WQNS1G1_0048,2,Q0,1,320,0,348,0,320,0
WQNS1G1_0048,2,Q6-k3,1,320,0,348,0,320,32
WQNS1G1_0048,2,Q3m-k3,1,320,320,348,348,640,32
WQNS1G1_0048,2,Q6-k4,1,320,0,348,0,320,32
WQNS1G1_0048,2,Q3m-k4,1,320,320,348,348,640,32
WQNS1G1_0048,2,Q6-k6,1,320,0,348,0,320,32
WQNS1G1_0048,2,Q3m-k6,1,320,320,348,348,640,32
WQNS1G1_0048,4,xBR,1,1280,0,494,0,494,0
WQNS1G1_0048,4,Q0,1,1280,0,535,0,535,0
WQNS1G1_0048,4,Q6-k3,1,1280,0,565,0,565,32
WQNS1G1_0048,4,Q3m-k3,1,1280,1280,541,627,1168,32
WQNS1G1_0048,4,Q6-k4,1,1280,0,560,0,560,32
WQNS1G1_0048,4,Q3m-k4,1,1280,1280,547,631,1178,32
WQNS1G1_0048,4,Q6-k6,1,1280,0,561,0,561,32
WQNS1G1_0048,4,Q3m-k6,1,1280,1280,536,627,1163,32
WQNS1G1_0049,2,xBR,1,360,0,375,0,360,0
WQNS1G1_0049,2,Q0,1,360,0,366,0,360,0
WQNS1G1_0049,2,Q6-k3,1,360,0,379,0,360,32
WQNS1G1_0049,2,Q3m-k3,1,360,360,373,375,720,32
WQNS1G1_0049,2,Q6-k4,1,360,0,375,0,360,32
WQNS1G1_0049,2,Q3m-k4,1,360,360,373,381,720,32
WQNS1G1_0049,2,Q6-k6,1,360,0,375,0,360,32
WQNS1G1_0049,2,Q3m-k6,1,360,360,376,379,720,32
WQNS1G1_0049,4,xBR,1,1440,0,476,0,476,0
WQNS1G1_0049,4,Q0,1,1440,0,508,0,508,0
WQNS1G1_0049,4,Q6-k3,1,1440,0,524,0,524,32
WQNS1G1_0049,4,Q3m-k3,1,1440,1440,509,622,1131,32
WQNS1G1_0049,4,Q6-k4,1,1440,0,544,0,544,32
WQNS1G1_0049,4,Q3m-k4,1,1440,1440,512,630,1142,32
WQNS1G1_0049,4,Q6-k6,1,1440,0,527,0,527,32
WQNS1G1_0049,4,Q3m-k6,1,1440,1440,497,624,1121,32
WQNS1G1_0050,2,xBR,1,256,0,284,0,256,0
WQNS1G1_0050,2,Q0,1,256,0,284,0,256,0
WQNS1G1_0050,2,Q6-k3,1,256,0,284,0,256,32
WQNS1G1_0050,2,Q3m-k3,1,256,256,284,284,512,32
WQNS1G1_0050,2,Q6-k4,1,256,0,284,0,256,32
WQNS1G1_0050,2,Q3m-k4,1,256,256,284,284,512,32
WQNS1G1_0050,2,Q6-k6,1,256,0,284,0,256,32
WQNS1G1_0050,2,Q3m-k6,1,256,256,284,284,512,32
WQNS1G1_0050,4,xBR,1,1024,0,446,0,446,0
WQNS1G1_0050,4,Q0,1,1024,0,484,0,484,0
WQNS1G1_0050,4,Q6-k3,1,1024,0,496,0,496,32
WQNS1G1_0050,4,Q3m-k3,1,1024,1024,480,557,1037,32
WQNS1G1_0050,4,Q6-k4,1,1024,0,487,0,487,32
WQNS1G1_0050,4,Q3m-k4,1,1024,1024,468,553,1021,32
WQNS1G1_0050,4,Q6-k6,1,1024,0,508,0,508,32
WQNS1G1_0050,4,Q3m-k6,1,1024,1024,473,565,1038,32
WQNS1G1_0051,2,xBR,1,272,0,300,0,272,0
WQNS1G1_0051,2,Q0,1,272,0,300,0,272,0
WQNS1G1_0051,2,Q6-k3,1,272,0,300,0,272,32
WQNS1G1_0051,2,Q3m-k3,1,272,272,300,300,544,32
WQNS1G1_0051,2,Q6-k4,1,272,0,300,0,272,32
WQNS1G1_0051,2,Q3m-k4,1,272,272,300,300,544,32
WQNS1G1_0051,2,Q6-k6,1,272,0,300,0,272,32
WQNS1G1_0051,2,Q3m-k6,1,272,272,300,300,544,32
WQNS1G1_0051,4,xBR,1,1088,0,466,0,466,0
WQNS1G1_0051,4,Q0,1,1088,0,490,0,490,0
WQNS1G1_0051,4,Q6-k3,1,1088,0,521,0,521,32
WQNS1G1_0051,4,Q3m-k3,1,1088,1088,494,567,1061,32
WQNS1G1_0051,4,Q6-k4,1,1088,0,519,0,519,32
WQNS1G1_0051,4,Q3m-k4,1,1088,1088,497,558,1055,32
WQNS1G1_0051,4,Q6-k6,1,1088,0,508,0,508,32
WQNS1G1_0051,4,Q3m-k6,1,1088,1088,492,568,1060,32
WQNS1G1_0052,2,xBR,1,420,0,381,0,381,0
WQNS1G1_0052,2,Q0,1,420,0,378,0,378,0
WQNS1G1_0052,2,Q6-k3,1,420,0,382,0,382,32
WQNS1G1_0052,2,Q3m-k3,1,420,420,381,389,770,32
WQNS1G1_0052,2,Q6-k4,1,420,0,380,0,380,32
WQNS1G1_0052,2,Q3m-k4,1,420,420,380,388,768,32
WQNS1G1_0052,2,Q6-k6,1,420,0,378,0,378,32
WQNS1G1_0052,2,Q3m-k6,1,420,420,380,390,770,32
WQNS1G1_0052,4,xBR,1,1680,0,483,0,483,0
WQNS1G1_0052,4,Q0,1,1680,0,510,0,510,0
WQNS1G1_0052,4,Q6-k3,1,1680,0,577,0,577,32
WQNS1G1_0052,4,Q3m-k3,1,1680,1680,537,621,1158,32
WQNS1G1_0052,4,Q6-k4,1,1680,0,571,0,571,32
WQNS1G1_0052,4,Q3m-k4,1,1680,1680,533,621,1154,32
WQNS1G1_0052,4,Q6-k6,1,1680,0,569,0,569,32
WQNS1G1_0052,4,Q3m-k6,1,1680,1680,523,633,1156,32
CHFB1A1_0045,2,xBR,1,5760,0,1875,0,1875,0
CHFB1A1_0045,2,Q0,1,5760,0,1982,0,1982,0
CHFB1A1_0045,2,Q6-k3,1,5760,0,2009,0,2009,32
CHFB1A1_0045,2,Q3m-k3,1,5760,5760,2011,1800,3811,32
CHFB1A1_0045,2,Q6-k4,1,5760,0,2020,0,2020,32
CHFB1A1_0045,2,Q3m-k4,1,5760,5760,1994,1796,3790,32
CHFB1A1_0045,2,Q6-k6,1,5760,0,2013,0,2013,32
CHFB1A1_0045,2,Q3m-k6,1,5760,5760,1994,1787,3781,32
CHFB1A1_0045,4,xBR,1,23040,0,4082,0,4082,0
CHFB1A1_0045,4,Q0,1,23040,0,5042,0,5042,0
CHFB1A1_0045,4,Q6-k3,1,23040,0,5085,0,5085,32
CHFB1A1_0045,4,Q3m-k3,1,23040,23040,5125,5553,10678,32
CHFB1A1_0045,4,Q6-k4,1,23040,0,5075,0,5075,32
CHFB1A1_0045,4,Q3m-k4,1,23040,23040,5095,5642,10737,32
CHFB1A1_0045,4,Q6-k6,1,23040,0,5057,0,5057,32
CHFB1A1_0045,4,Q3m-k6,1,23040,23040,5026,5538,10564,32
CHFB2A1_0045,2,xBR,1,5760,0,1950,0,1950,0
CHFB2A1_0045,2,Q0,1,5760,0,2054,0,2054,0
CHFB2A1_0045,2,Q6-k3,1,5760,0,2056,0,2056,32
CHFB2A1_0045,2,Q3m-k3,1,5760,5760,2068,1784,3852,32
CHFB2A1_0045,2,Q6-k4,1,5760,0,2055,0,2055,32
CHFB2A1_0045,2,Q3m-k4,1,5760,5760,2059,1780,3839,32
CHFB2A1_0045,2,Q6-k6,1,5760,0,2049,0,2049,32
CHFB2A1_0045,2,Q3m-k6,1,5760,5760,2049,1781,3830,32
CHFB2A1_0045,4,xBR,1,23040,0,4323,0,4323,0
CHFB2A1_0045,4,Q0,1,23040,0,5325,0,5325,0
CHFB2A1_0045,4,Q6-k3,1,23040,0,5250,0,5250,32
CHFB2A1_0045,4,Q3m-k3,1,23040,23040,5325,5621,10946,32
CHFB2A1_0045,4,Q6-k4,1,23040,0,5242,0,5242,32
CHFB2A1_0045,4,Q3m-k4,1,23040,23040,5249,5586,10835,32
CHFB2A1_0045,4,Q6-k6,1,23040,0,5159,0,5159,32
CHFB2A1_0045,4,Q3m-k6,1,23040,23040,5257,5566,10823,32
CHFB3A1_0045,2,xBR,1,5760,0,1969,0,1969,0
CHFB3A1_0045,2,Q0,1,5760,0,2063,0,2063,0
CHFB3A1_0045,2,Q6-k3,1,5760,0,2105,0,2105,32
CHFB3A1_0045,2,Q3m-k3,1,5760,5760,2111,1752,3863,32
CHFB3A1_0045,2,Q6-k4,1,5760,0,2127,0,2127,32
CHFB3A1_0045,2,Q3m-k4,1,5760,5760,2097,1756,3853,32
CHFB3A1_0045,2,Q6-k6,1,5760,0,2064,0,2064,32
CHFB3A1_0045,2,Q3m-k6,1,5760,5760,2098,1765,3863,32
CHFB3A1_0045,4,xBR,1,23040,0,4423,0,4423,0
CHFB3A1_0045,4,Q0,1,23040,0,5535,0,5535,0
CHFB3A1_0045,4,Q6-k3,1,23040,0,5429,0,5429,32
CHFB3A1_0045,4,Q3m-k3,1,23040,23040,5490,5577,11067,32
CHFB3A1_0045,4,Q6-k4,1,23040,0,5457,0,5457,32
CHFB3A1_0045,4,Q3m-k4,1,23040,23040,5461,5556,11017,32
CHFB3A1_0045,4,Q6-k6,1,23040,0,5314,0,5314,32
CHFB3A1_0045,4,Q3m-k6,1,23040,23040,5414,5588,11002,32
CHFF4A1_0045,2,xBR,1,6000,0,1938,0,1938,0
CHFF4A1_0045,2,Q0,1,6000,0,2055,0,2055,0
CHFF4A1_0045,2,Q6-k3,1,6000,0,2079,0,2079,32
CHFF4A1_0045,2,Q3m-k3,1,6000,6000,2099,1851,3950,32
CHFF4A1_0045,2,Q6-k4,1,6000,0,2041,0,2041,32
CHFF4A1_0045,2,Q3m-k4,1,6000,6000,2076,1872,3948,32
CHFF4A1_0045,2,Q6-k6,1,6000,0,2047,0,2047,32
CHFF4A1_0045,2,Q3m-k6,1,6000,6000,2060,1865,3925,32
CHFF4A1_0045,4,xBR,1,24000,0,4446,0,4446,0
CHFF4A1_0045,4,Q0,1,24000,0,5384,0,5384,0
CHFF4A1_0045,4,Q6-k3,1,24000,0,5263,0,5263,32
CHFF4A1_0045,4,Q3m-k3,1,24000,24000,5390,5899,11289,32
CHFF4A1_0045,4,Q6-k4,1,24000,0,5239,0,5239,32
CHFF4A1_0045,4,Q3m-k4,1,24000,24000,5220,5894,11114,32
CHFF4A1_0045,4,Q6-k6,1,24000,0,5066,0,5066,32
CHFF4A1_0045,4,Q3m-k6,1,24000,24000,5247,5928,11175,32
CHFB1A1_0000,2,xBR,1,6804,0,2199,0,2199,0
CHFB1A1_0000,2,Q0,1,6804,0,2284,0,2284,0
CHFB1A1_0000,2,Q6-k3,1,6804,0,2280,0,2280,32
CHFB1A1_0000,2,Q3m-k3,1,6804,6804,2338,2028,4366,32
CHFB1A1_0000,2,Q6-k4,1,6804,0,2300,0,2300,32
CHFB1A1_0000,2,Q3m-k4,1,6804,6804,2347,2023,4370,32
CHFB1A1_0000,2,Q6-k6,1,6804,0,2296,0,2296,32
CHFB1A1_0000,2,Q3m-k6,1,6804,6804,2328,2011,4339,32
CHFB1A1_0000,4,xBR,1,27216,0,4869,0,4869,0
CHFB1A1_0000,4,Q0,1,27216,0,6002,0,6002,0
CHFB1A1_0000,4,Q6-k3,1,27216,0,5908,0,5908,32
CHFB1A1_0000,4,Q3m-k3,1,27216,27216,6056,6431,12487,32
CHFB1A1_0000,4,Q6-k4,1,27216,0,5871,0,5871,32
CHFB1A1_0000,4,Q3m-k4,1,27216,27216,6041,6375,12416,32
CHFB1A1_0000,4,Q6-k6,1,27216,0,5987,0,5987,32
CHFB1A1_0000,4,Q3m-k6,1,27216,27216,6012,6415,12427,32
CHFB1A1_0001,2,xBR,1,8280,0,2364,0,2364,0
CHFB1A1_0001,2,Q0,1,8280,0,2470,0,2470,0
CHFB1A1_0001,2,Q6-k3,1,8280,0,2482,0,2482,32
CHFB1A1_0001,2,Q3m-k3,1,8280,8280,2479,2101,4580,32
CHFB1A1_0001,2,Q6-k4,1,8280,0,2469,0,2469,32
CHFB1A1_0001,2,Q3m-k4,1,8280,8280,2488,2111,4599,32
CHFB1A1_0001,2,Q6-k6,1,8280,0,2459,0,2459,32
CHFB1A1_0001,2,Q3m-k6,1,8280,8280,2450,2120,4570,32
CHFB1A1_0001,4,xBR,1,33120,0,5204,0,5204,0
CHFB1A1_0001,4,Q0,1,33120,0,6520,0,6520,0
CHFB1A1_0001,4,Q6-k3,1,33120,0,6392,0,6392,32
CHFB1A1_0001,4,Q3m-k3,1,33120,33120,6330,6612,12942,32
CHFB1A1_0001,4,Q6-k4,1,33120,0,6383,0,6383,32
CHFB1A1_0001,4,Q3m-k4,1,33120,33120,6296,6587,12883,32
CHFB1A1_0001,4,Q6-k6,1,33120,0,6316,0,6316,32
CHFB1A1_0001,4,Q3m-k6,1,33120,33120,6285,6637,12922,32
CHFB1A1_0002,2,xBR,1,6336,0,2155,0,2155,0
CHFB1A1_0002,2,Q0,1,6336,0,2309,0,2309,0
CHFB1A1_0002,2,Q6-k3,1,6336,0,2317,0,2317,32
CHFB1A1_0002,2,Q3m-k3,1,6336,6336,2301,2050,4351,32
CHFB1A1_0002,2,Q6-k4,1,6336,0,2298,0,2298,32
CHFB1A1_0002,2,Q3m-k4,1,6336,6336,2295,2049,4344,32
CHFB1A1_0002,2,Q6-k6,1,6336,0,2293,0,2293,32
CHFB1A1_0002,2,Q3m-k6,1,6336,6336,2255,2022,4277,32
CHFB1A1_0002,4,xBR,1,25344,0,4808,0,4808,0
CHFB1A1_0002,4,Q0,1,25344,0,6018,0,6018,0
CHFB1A1_0002,4,Q6-k3,1,25344,0,6044,0,6044,32
CHFB1A1_0002,4,Q3m-k3,1,25344,25344,6000,6410,12410,32
CHFB1A1_0002,4,Q6-k4,1,25344,0,5840,0,5840,32
CHFB1A1_0002,4,Q3m-k4,1,25344,25344,5874,6483,12357,32
CHFB1A1_0002,4,Q6-k6,1,25344,0,5830,0,5830,32
CHFB1A1_0002,4,Q3m-k6,1,25344,25344,5814,6436,12250,32
CHFB1A1_0003,2,xBR,1,7268,0,2239,0,2239,0
CHFB1A1_0003,2,Q0,1,7268,0,2354,0,2354,0
CHFB1A1_0003,2,Q6-k3,1,7268,0,2425,0,2425,32
CHFB1A1_0003,2,Q3m-k3,1,7268,7268,2406,2112,4518,32
CHFB1A1_0003,2,Q6-k4,1,7268,0,2404,0,2404,32
CHFB1A1_0003,2,Q3m-k4,1,7268,7268,2395,2109,4504,32
CHFB1A1_0003,2,Q6-k6,1,7268,0,2364,0,2364,32
CHFB1A1_0003,2,Q3m-k6,1,7268,7268,2400,2125,4525,32
CHFB1A1_0003,4,xBR,1,29072,0,4962,0,4962,0
CHFB1A1_0003,4,Q0,1,29072,0,6121,0,6121,0
CHFB1A1_0003,4,Q6-k3,1,29072,0,6181,0,6181,32
CHFB1A1_0003,4,Q3m-k3,1,29072,29072,6130,6787,12917,32
CHFB1A1_0003,4,Q6-k4,1,29072,0,6145,0,6145,32
CHFB1A1_0003,4,Q3m-k4,1,29072,29072,6047,6773,12820,32
CHFB1A1_0003,4,Q6-k6,1,29072,0,5988,0,5988,32
CHFB1A1_0003,4,Q3m-k6,1,29072,29072,6094,6760,12854,32
CHFB1A1_0004,2,xBR,1,8200,0,2287,0,2287,0
CHFB1A1_0004,2,Q0,1,8200,0,2385,0,2385,0
CHFB1A1_0004,2,Q6-k3,1,8200,0,2482,0,2482,32
CHFB1A1_0004,2,Q3m-k3,1,8200,8200,2452,2143,4595,32
CHFB1A1_0004,2,Q6-k4,1,8200,0,2465,0,2465,32
CHFB1A1_0004,2,Q3m-k4,1,8200,8200,2417,2164,4581,32
CHFB1A1_0004,2,Q6-k6,1,8200,0,2459,0,2459,32
CHFB1A1_0004,2,Q3m-k6,1,8200,8200,2415,2167,4582,32
CHFB1A1_0004,4,xBR,1,32800,0,5151,0,5151,0
CHFB1A1_0004,4,Q0,1,32800,0,6283,0,6283,0
CHFB1A1_0004,4,Q6-k3,1,32800,0,6376,0,6376,32
CHFB1A1_0004,4,Q3m-k3,1,32800,32800,6381,6813,13194,32
CHFB1A1_0004,4,Q6-k4,1,32800,0,6359,0,6359,32
CHFB1A1_0004,4,Q3m-k4,1,32800,32800,6309,6843,13152,32
CHFB1A1_0004,4,Q6-k6,1,32800,0,6287,0,6287,32
CHFB1A1_0004,4,Q3m-k6,1,32800,32800,6222,6898,13120,32
CHFB1A1_0005,2,xBR,1,8960,0,2374,0,2374,0
CHFB1A1_0005,2,Q0,1,8960,0,2532,0,2532,0
CHFB1A1_0005,2,Q6-k3,1,8960,0,2532,0,2532,32
CHFB1A1_0005,2,Q3m-k3,1,8960,8960,2534,2227,4761,32
CHFB1A1_0005,2,Q6-k4,1,8960,0,2548,0,2548,32
CHFB1A1_0005,2,Q3m-k4,1,8960,8960,2551,2203,4754,32
CHFB1A1_0005,2,Q6-k6,1,8960,0,2533,0,2533,32
CHFB1A1_0005,2,Q3m-k6,1,8960,8960,2550,2204,4754,32
CHFB1A1_0005,4,xBR,1,35840,0,5418,0,5418,0
CHFB1A1_0005,4,Q0,1,35840,0,6577,0,6577,0
CHFB1A1_0005,4,Q6-k3,1,35840,0,6474,0,6474,32
CHFB1A1_0005,4,Q3m-k3,1,35840,35840,6643,7010,13653,32
CHFB1A1_0005,4,Q6-k4,1,35840,0,6504,0,6504,32
CHFB1A1_0005,4,Q3m-k4,1,35840,35840,6490,7028,13518,32
CHFB1A1_0005,4,Q6-k6,1,35840,0,6354,0,6354,32
CHFB1A1_0005,4,Q3m-k6,1,35840,35840,6477,6975,13452,32
CHFB1A1_0006,2,xBR,1,10944,0,2340,0,2340,0
CHFB1A1_0006,2,Q0,1,10944,0,2526,0,2526,0
CHFB1A1_0006,2,Q6-k3,1,10944,0,2517,0,2517,32
CHFB1A1_0006,2,Q3m-k3,1,10944,10944,2528,2131,4659,32
CHFB1A1_0006,2,Q6-k4,1,10944,0,2517,0,2517,32
CHFB1A1_0006,2,Q3m-k4,1,10944,10944,2493,2149,4642,32
CHFB1A1_0006,2,Q6-k6,1,10944,0,2477,0,2477,32
CHFB1A1_0006,2,Q3m-k6,1,10944,10944,2551,2145,4696,32
CHFB1A1_0006,4,xBR,1,43776,0,5228,0,5228,0
CHFB1A1_0006,4,Q0,1,43776,0,6480,0,6480,0
CHFB1A1_0006,4,Q6-k3,1,43776,0,6451,0,6451,32
CHFB1A1_0006,4,Q3m-k3,1,43776,43776,6433,6686,13119,32
CHFB1A1_0006,4,Q6-k4,1,43776,0,6429,0,6429,32
CHFB1A1_0006,4,Q3m-k4,1,43776,43776,6372,6713,13085,32
CHFB1A1_0006,4,Q6-k6,1,43776,0,6342,0,6342,32
CHFB1A1_0006,4,Q3m-k6,1,43776,43776,6386,6646,13032,32
CHFB1A1_0007,2,xBR,1,8496,0,2109,0,2109,0
CHFB1A1_0007,2,Q0,1,8496,0,2255,0,2255,0
CHFB1A1_0007,2,Q6-k3,1,8496,0,2227,0,2227,32
CHFB1A1_0007,2,Q3m-k3,1,8496,8496,2234,1723,3957,32
CHFB1A1_0007,2,Q6-k4,1,8496,0,2202,0,2202,32
CHFB1A1_0007,2,Q3m-k4,1,8496,8496,2216,1720,3936,32
CHFB1A1_0007,2,Q6-k6,1,8496,0,2243,0,2243,32
CHFB1A1_0007,2,Q3m-k6,1,8496,8496,2263,1720,3983,32
CHFB1A1_0007,4,xBR,1,33984,0,4731,0,4731,0
CHFB1A1_0007,4,Q0,1,33984,0,5775,0,5775,0
CHFB1A1_0007,4,Q6-k3,1,33984,0,5782,0,5782,32
CHFB1A1_0007,4,Q3m-k3,1,33984,33984,5681,5328,11009,32
CHFB1A1_0007,4,Q6-k4,1,33984,0,5714,0,5714,32
CHFB1A1_0007,4,Q3m-k4,1,33984,33984,5725,5401,11126,32
CHFB1A1_0007,4,Q6-k6,1,33984,0,5593,0,5593,32
CHFB1A1_0007,4,Q3m-k6,1,33984,33984,5626,5325,10951,32
CHFB1A1_0008,2,xBR,1,7840,0,1948,0,1948,0
CHFB1A1_0008,2,Q0,1,7840,0,2100,0,2100,0
CHFB1A1_0008,2,Q6-k3,1,7840,0,2103,0,2103,32
CHFB1A1_0008,2,Q3m-k3,1,7840,7840,2127,1588,3715,32
CHFB1A1_0008,2,Q6-k4,1,7840,0,2126,0,2126,32
CHFB1A1_0008,2,Q3m-k4,1,7840,7840,2118,1571,3689,32
CHFB1A1_0008,2,Q6-k6,1,7840,0,2136,0,2136,32
CHFB1A1_0008,2,Q3m-k6,1,7840,7840,2128,1571,3699,32
CHFB1A1_0008,4,xBR,1,31360,0,4298,0,4298,0
CHFB1A1_0008,4,Q0,1,31360,0,5370,0,5370,0
CHFB1A1_0008,4,Q6-k3,1,31360,0,5351,0,5351,32
CHFB1A1_0008,4,Q3m-k3,1,31360,31360,5421,4800,10221,32
CHFB1A1_0008,4,Q6-k4,1,31360,0,5261,0,5261,32
CHFB1A1_0008,4,Q3m-k4,1,31360,31360,5418,4839,10257,32
CHFB1A1_0008,4,Q6-k6,1,31360,0,5232,0,5232,32
CHFB1A1_0008,4,Q3m-k6,1,31360,31360,5312,4783,10095,32
CHFB1A1_0009,2,xBR,1,9000,0,2049,0,2049,0
CHFB1A1_0009,2,Q0,1,9000,0,2147,0,2147,0
CHFB1A1_0009,2,Q6-k3,1,9000,0,2138,0,2138,32
CHFB1A1_0009,2,Q3m-k3,1,9000,9000,2186,1650,3836,32
CHFB1A1_0009,2,Q6-k4,1,9000,0,2125,0,2125,32
CHFB1A1_0009,2,Q3m-k4,1,9000,9000,2157,1660,3817,32
CHFB1A1_0009,2,Q6-k6,1,9000,0,2140,0,2140,32
CHFB1A1_0009,2,Q3m-k6,1,9000,9000,2176,1666,3842,32
CHFB1A1_0009,4,xBR,1,36000,0,4418,0,4418,0
CHFB1A1_0009,4,Q0,1,36000,0,5391,0,5391,0
CHFB1A1_0009,4,Q6-k3,1,36000,0,5330,0,5330,32
CHFB1A1_0009,4,Q3m-k3,1,36000,36000,5460,4972,10432,32
CHFB1A1_0009,4,Q6-k4,1,36000,0,5386,0,5386,32
CHFB1A1_0009,4,Q3m-k4,1,36000,36000,5474,4987,10461,32
CHFB1A1_0009,4,Q6-k6,1,36000,0,5345,0,5345,32
CHFB1A1_0009,4,Q3m-k6,1,36000,36000,5289,5007,10296,32
CHFB1A1_0010,2,xBR,1,9680,0,2188,0,2188,0
CHFB1A1_0010,2,Q0,1,9680,0,2316,0,2316,0
CHFB1A1_0010,2,Q6-k3,1,9680,0,2284,0,2284,32
CHFB1A1_0010,2,Q3m-k3,1,9680,9680,2352,1812,4164,32
CHFB1A1_0010,2,Q6-k4,1,9680,0,2313,0,2313,32
CHFB1A1_0010,2,Q3m-k4,1,9680,9680,2313,1819,4132,32
CHFB1A1_0010,2,Q6-k6,1,9680,0,2302,0,2302,32
CHFB1A1_0010,2,Q3m-k6,1,9680,9680,2328,1822,4150,32
CHFB1A1_0010,4,xBR,1,38720,0,4807,0,4807,0
CHFB1A1_0010,4,Q0,1,38720,0,5886,0,5886,0
CHFB1A1_0010,4,Q6-k3,1,38720,0,5793,0,5793,32
CHFB1A1_0010,4,Q3m-k3,1,38720,38720,5816,5584,11400,32
CHFB1A1_0010,4,Q6-k4,1,38720,0,5780,0,5780,32
CHFB1A1_0010,4,Q3m-k4,1,38720,38720,5877,5544,11421,32
CHFB1A1_0010,4,Q6-k6,1,38720,0,5819,0,5819,32
CHFB1A1_0010,4,Q3m-k6,1,38720,38720,5777,5538,11315,32
CHFB1A1_0011,2,xBR,1,9324,0,2218,0,2218,0
CHFB1A1_0011,2,Q0,1,9324,0,2417,0,2417,0
CHFB1A1_0011,2,Q6-k3,1,9324,0,2397,0,2397,32
CHFB1A1_0011,2,Q3m-k3,1,9324,9324,2386,1932,4318,32
CHFB1A1_0011,2,Q6-k4,1,9324,0,2433,0,2433,32
CHFB1A1_0011,2,Q3m-k4,1,9324,9324,2391,1935,4326,32
CHFB1A1_0011,2,Q6-k6,1,9324,0,2406,0,2406,32
CHFB1A1_0011,2,Q3m-k6,1,9324,9324,2361,1952,4313,32
CHFB1A1_0011,4,xBR,1,37296,0,5020,0,5020,0
CHFB1A1_0011,4,Q0,1,37296,0,6255,0,6255,0
CHFB1A1_0011,4,Q6-k3,1,37296,0,6143,0,6143,32
CHFB1A1_0011,4,Q3m-k3,1,37296,37296,6133,6047,12180,32
CHFB1A1_0011,4,Q6-k4,1,37296,0,6189,0,6189,32
CHFB1A1_0011,4,Q3m-k4,1,37296,37296,6044,6020,12064,32
CHFB1A1_0011,4,Q6-k6,1,37296,0,6099,0,6099,32
CHFB1A1_0011,4,Q3m-k6,1,37296,37296,5998,6025,12023,32
CHFB1A1_0012,2,xBR,1,7192,0,2081,0,2081,0
CHFB1A1_0012,2,Q0,1,7192,0,2194,0,2194,0
CHFB1A1_0012,2,Q6-k3,1,7192,0,2255,0,2255,32
CHFB1A1_0012,2,Q3m-k3,1,7192,7192,2219,1828,4047,32
CHFB1A1_0012,2,Q6-k4,1,7192,0,2230,0,2230,32
CHFB1A1_0012,2,Q3m-k4,1,7192,7192,2217,1853,4070,32
CHFB1A1_0012,2,Q6-k6,1,7192,0,2194,0,2194,32
CHFB1A1_0012,2,Q3m-k6,1,7192,7192,2196,1827,4023,32
CHFB1A1_0012,4,xBR,1,28768,0,4513,0,4513,0
CHFB1A1_0012,4,Q0,1,28768,0,5600,0,5600,0
CHFB1A1_0012,4,Q6-k3,1,28768,0,5688,0,5688,32
CHFB1A1_0012,4,Q3m-k3,1,28768,28768,5642,5908,11550,32
CHFB1A1_0012,4,Q6-k4,1,28768,0,5662,0,5662,32
CHFB1A1_0012,4,Q3m-k4,1,28768,28768,5600,5880,11480,32
CHFB1A1_0012,4,Q6-k6,1,28768,0,5548,0,5548,32
CHFB1A1_0012,4,Q3m-k6,1,28768,28768,5491,5826,11317,32
CHFB1A1_0013,2,xBR,1,6864,0,2082,0,2082,0
CHFB1A1_0013,2,Q0,1,6864,0,2204,0,2204,0
CHFB1A1_0013,2,Q6-k3,1,6864,0,2176,0,2176,32
CHFB1A1_0013,2,Q3m-k3,1,6864,6864,2225,1882,4107,32
CHFB1A1_0013,2,Q6-k4,1,6864,0,2202,0,2202,32
CHFB1A1_0013,2,Q3m-k4,1,6864,6864,2249,1881,4130,32
CHFB1A1_0013,2,Q6-k6,1,6864,0,2187,0,2187,32
CHFB1A1_0013,2,Q3m-k6,1,6864,6864,2187,1889,4076,32
CHFB1A1_0013,4,xBR,1,27456,0,4561,0,4561,0
CHFB1A1_0013,4,Q0,1,27456,0,5762,0,5762,0
CHFB1A1_0013,4,Q6-k3,1,27456,0,5785,0,5785,32
CHFB1A1_0013,4,Q3m-k3,1,27456,27456,5809,6016,11825,32
CHFB1A1_0013,4,Q6-k4,1,27456,0,5750,0,5750,32
CHFB1A1_0013,4,Q3m-k4,1,27456,27456,5895,5972,11867,32
CHFB1A1_0013,4,Q6-k6,1,27456,0,5754,0,5754,32
CHFB1A1_0013,4,Q3m-k6,1,27456,27456,5641,5995,11636,32
WQNS0A1_0000,2,xBR,1,728,0,402,0,402,0
WQNS0A1_0000,2,Q0,1,728,0,410,0,410,0
WQNS0A1_0000,2,Q6-k3,1,728,0,416,0,416,32
WQNS0A1_0000,2,Q3m-k3,1,728,728,397,410,807,32
WQNS0A1_0000,2,Q6-k4,1,728,0,411,0,411,32
WQNS0A1_0000,2,Q3m-k4,1,728,728,395,412,807,32
WQNS0A1_0000,2,Q6-k6,1,728,0,413,0,413,32
WQNS0A1_0000,2,Q3m-k6,1,728,728,402,412,814,32
WQNS0A1_0000,4,xBR,1,2912,0,519,0,519,0
WQNS0A1_0000,4,Q0,1,2912,0,590,0,590,0
WQNS0A1_0000,4,Q6-k3,1,2912,0,620,0,620,32
WQNS0A1_0000,4,Q3m-k3,1,2912,2912,596,671,1267,32
WQNS0A1_0000,4,Q6-k4,1,2912,0,612,0,612,32
WQNS0A1_0000,4,Q3m-k4,1,2912,2912,615,671,1286,32
WQNS0A1_0000,4,Q6-k6,1,2912,0,584,0,584,32
WQNS0A1_0000,4,Q3m-k6,1,2912,2912,576,657,1233,32
WQNS0A1_0001,2,xBR,1,840,0,434,0,434,0
WQNS0A1_0001,2,Q0,1,840,0,429,0,429,0
WQNS0A1_0001,2,Q6-k3,1,840,0,444,0,444,32
WQNS0A1_0001,2,Q3m-k3,1,840,840,432,461,893,32
WQNS0A1_0001,2,Q6-k4,1,840,0,438,0,438,32
WQNS0A1_0001,2,Q3m-k4,1,840,840,426,462,888,32
WQNS0A1_0001,2,Q6-k6,1,840,0,442,0,442,32
WQNS0A1_0001,2,Q3m-k6,1,840,840,421,467,888,32
WQNS0A1_0001,4,xBR,1,3360,0,725,0,725,0
WQNS0A1_0001,4,Q0,1,3360,0,718,0,718,0
WQNS0A1_0001,4,Q6-k3,1,3360,0,761,0,761,32
WQNS0A1_0001,4,Q3m-k3,1,3360,3360,707,925,1632,32
WQNS0A1_0001,4,Q6-k4,1,3360,0,738,0,738,32
WQNS0A1_0001,4,Q3m-k4,1,3360,3360,718,916,1634,32
WQNS0A1_0001,4,Q6-k6,1,3360,0,746,0,746,32
WQNS0A1_0001,4,Q3m-k6,1,3360,3360,708,921,1629,32
WQNS0A1_0002,2,xBR,1,192,0,220,0,192,0
WQNS0A1_0002,2,Q0,1,192,0,220,0,192,0
WQNS0A1_0002,2,Q6-k3,1,192,0,220,0,192,32
WQNS0A1_0002,2,Q3m-k3,1,192,192,220,220,384,32
WQNS0A1_0002,2,Q6-k4,1,192,0,220,0,192,32
WQNS0A1_0002,2,Q3m-k4,1,192,192,220,220,384,32
WQNS0A1_0002,2,Q6-k6,1,192,0,220,0,192,32
WQNS0A1_0002,2,Q3m-k6,1,192,192,220,220,384,32
WQNS0A1_0002,4,xBR,1,768,0,448,0,448,0
WQNS0A1_0002,4,Q0,1,768,0,490,0,490,0
WQNS0A1_0002,4,Q6-k3,1,768,0,488,0,488,32
WQNS0A1_0002,4,Q3m-k3,1,768,768,468,534,1002,32
WQNS0A1_0002,4,Q6-k4,1,768,0,501,0,501,32
WQNS0A1_0002,4,Q3m-k4,1,768,768,462,546,1008,32
WQNS0A1_0002,4,Q6-k6,1,768,0,499,0,499,32
WQNS0A1_0002,4,Q3m-k6,1,768,768,466,535,1001,32
WQNS0A1_0003,2,xBR,1,168,0,196,0,168,0
WQNS0A1_0003,2,Q0,1,168,0,196,0,168,0
WQNS0A1_0003,2,Q6-k3,1,168,0,196,0,168,32
WQNS0A1_0003,2,Q3m-k3,1,168,168,196,196,336,32
WQNS0A1_0003,2,Q6-k4,1,168,0,196,0,168,32
WQNS0A1_0003,2,Q3m-k4,1,168,168,196,196,336,32
WQNS0A1_0003,2,Q6-k6,1,168,0,196,0,168,32
WQNS0A1_0003,2,Q3m-k6,1,168,168,196,196,336,32
WQNS0A1_0003,4,xBR,1,672,0,432,0,432,0
WQNS0A1_0003,4,Q0,1,672,0,459,0,459,0
WQNS0A1_0003,4,Q6-k3,1,672,0,472,0,472,32
WQNS0A1_0003,4,Q3m-k3,1,672,672,454,490,944,32
WQNS0A1_0003,4,Q6-k4,1,672,0,457,0,457,32
WQNS0A1_0003,4,Q3m-k4,1,672,672,466,503,969,32
WQNS0A1_0003,4,Q6-k6,1,672,0,449,0,449,32
WQNS0A1_0003,4,Q3m-k6,1,672,672,456,486,942,32
WQNS0A1_0004,2,xBR,1,140,0,168,0,140,0
WQNS0A1_0004,2,Q0,1,140,0,168,0,140,0
WQNS0A1_0004,2,Q6-k3,1,140,0,168,0,140,32
WQNS0A1_0004,2,Q3m-k3,1,140,140,168,168,280,32
WQNS0A1_0004,2,Q6-k4,1,140,0,168,0,140,32
WQNS0A1_0004,2,Q3m-k4,1,140,140,168,168,280,32
WQNS0A1_0004,2,Q6-k6,1,140,0,168,0,140,32
WQNS0A1_0004,2,Q3m-k6,1,140,140,168,168,280,32
WQNS0A1_0004,4,xBR,1,560,0,412,0,412,0
WQNS0A1_0004,4,Q0,1,560,0,458,0,458,0
WQNS0A1_0004,4,Q6-k3,1,560,0,463,0,463,32
WQNS0A1_0004,4,Q3m-k3,1,560,560,452,478,930,32
WQNS0A1_0004,4,Q6-k4,1,560,0,449,0,449,32
WQNS0A1_0004,4,Q3m-k4,1,560,560,444,480,924,32
WQNS0A1_0004,4,Q6-k6,1,560,0,443,0,443,32
WQNS0A1_0004,4,Q3m-k6,1,560,560,444,480,924,32
WQNS0A1_0005,2,xBR,1,84,0,112,0,84,0
WQNS0A1_0005,2,Q0,1,84,0,112,0,84,0
WQNS0A1_0005,2,Q6-k3,1,84,0,112,0,84,32
WQNS0A1_0005,2,Q3m-k3,1,84,84,112,112,168,32
WQNS0A1_0005,2,Q6-k4,1,84,0,112,0,84,32
WQNS0A1_0005,2,Q3m-k4,1,84,84,112,112,168,32
WQNS0A1_0005,2,Q6-k6,1,84,0,112,0,84,32
WQNS0A1_0005,2,Q3m-k6,1,84,84,112,112,168,32
WQNS0A1_0005,4,xBR,1,336,0,358,0,336,0
WQNS0A1_0005,4,Q0,1,336,0,364,0,336,0
WQNS0A1_0005,4,Q6-k3,1,336,0,364,0,336,32
WQNS0A1_0005,4,Q3m-k3,1,336,336,364,364,672,32
WQNS0A1_0005,4,Q6-k4,1,336,0,364,0,336,32
WQNS0A1_0005,4,Q3m-k4,1,336,336,364,364,672,32
WQNS0A1_0005,4,Q6-k6,1,336,0,364,0,336,32
WQNS0A1_0005,4,Q3m-k6,1,336,336,357,364,672,32
WQNS0A1_0006,2,xBR,1,1040,0,408,0,408,0
WQNS0A1_0006,2,Q0,1,1040,0,407,0,407,0
WQNS0A1_0006,2,Q6-k3,1,1040,0,406,0,406,32
WQNS0A1_0006,2,Q3m-k3,1,1040,1040,418,418,836,32
WQNS0A1_0006,2,Q6-k4,1,1040,0,406,0,406,32
WQNS0A1_0006,2,Q3m-k4,1,1040,1040,416,419,835,32
WQNS0A1_0006,2,Q6-k6,1,1040,0,406,0,406,32
WQNS0A1_0006,2,Q3m-k6,1,1040,1040,412,417,829,32
WQNS0A1_0006,4,xBR,1,4160,0,538,0,538,0
WQNS0A1_0006,4,Q0,1,4160,0,607,0,607,0
WQNS0A1_0006,4,Q6-k3,1,4160,0,619,0,619,32
WQNS0A1_0006,4,Q3m-k3,1,4160,4160,637,675,1312,32
WQNS0A1_0006,4,Q6-k4,1,4160,0,622,0,622,32
WQNS0A1_0006,4,Q3m-k4,1,4160,4160,631,677,1308,32
WQNS0A1_0006,4,Q6-k6,1,4160,0,619,0,619,32
WQNS0A1_0006,4,Q3m-k6,1,4160,4160,618,695,1313,32
WQNS0A1_0007,2,xBR,1,336,0,364,0,336,0
WQNS0A1_0007,2,Q0,1,336,0,364,0,336,0
WQNS0A1_0007,2,Q6-k3,1,336,0,364,0,336,32
WQNS0A1_0007,2,Q3m-k3,1,336,336,364,364,672,32
WQNS0A1_0007,2,Q6-k4,1,336,0,364,0,336,32
WQNS0A1_0007,2,Q3m-k4,1,336,336,364,364,672,32
WQNS0A1_0007,2,Q6-k6,1,336,0,364,0,336,32
WQNS0A1_0007,2,Q3m-k6,1,336,336,364,364,672,32
WQNS0A1_0007,4,xBR,1,1344,0,469,0,469,0
WQNS0A1_0007,4,Q0,1,1344,0,537,0,537,0
WQNS0A1_0007,4,Q6-k3,1,1344,0,552,0,552,32
WQNS0A1_0007,4,Q3m-k3,1,1344,1344,549,681,1230,32
WQNS0A1_0007,4,Q6-k4,1,1344,0,560,0,560,32
WQNS0A1_0007,4,Q3m-k4,1,1344,1344,533,657,1190,32
WQNS0A1_0007,4,Q6-k6,1,1344,0,542,0,542,32
WQNS0A1_0007,4,Q3m-k6,1,1344,1344,542,659,1201,32
WQNS0A1_0008,2,xBR,1,420,0,372,0,372,0
WQNS0A1_0008,2,Q0,1,420,0,365,0,365,0
WQNS0A1_0008,2,Q6-k3,1,420,0,374,0,374,32
WQNS0A1_0008,2,Q3m-k3,1,420,420,365,386,751,32
WQNS0A1_0008,2,Q6-k4,1,420,0,370,0,370,32
WQNS0A1_0008,2,Q3m-k4,1,420,420,365,383,748,32
WQNS0A1_0008,2,Q6-k6,1,420,0,368,0,368,32
WQNS0A1_0008,2,Q3m-k6,1,420,420,367,384,751,32
WQNS0A1_0008,4,xBR,1,1680,0,509,0,509,0
WQNS0A1_0008,4,Q0,1,1680,0,548,0,548,0
WQNS0A1_0008,4,Q6-k3,1,1680,0,533,0,533,32
WQNS0A1_0008,4,Q3m-k3,1,1680,1680,534,595,1129,32
WQNS0A1_0008,4,Q6-k4,1,1680,0,533,0,533,32
WQNS0A1_0008,4,Q3m-k4,1,1680,1680,521,599,1120,32
WQNS0A1_0008,4,Q6-k6,1,1680,0,527,0,527,32
WQNS0A1_0008,4,Q3m-k6,1,1680,1680,524,614,1138,32
WQNS0A1_0009,2,xBR,1,896,0,420,0,420,0
WQNS0A1_0009,2,Q0,1,896,0,414,0,414,0
WQNS0A1_0009,2,Q6-k3,1,896,0,422,0,422,32
WQNS0A1_0009,2,Q3m-k3,1,896,896,420,428,848,32
WQNS0A1_0009,2,Q6-k4,1,896,0,420,0,420,32
WQNS0A1_0009,2,Q3m-k4,1,896,896,418,430,848,32
WQNS0A1_0009,2,Q6-k6,1,896,0,420,0,420,32
WQNS0A1_0009,2,Q3m-k6,1,896,896,420,432,852,32
WQNS0A1_0009,4,xBR,1,3584,0,594,0,594,0
WQNS0A1_0009,4,Q0,1,3584,0,630,0,630,0
WQNS0A1_0009,4,Q6-k3,1,3584,0,668,0,668,32
WQNS0A1_0009,4,Q3m-k3,1,3584,3584,615,701,1316,32
WQNS0A1_0009,4,Q6-k4,1,3584,0,672,0,672,32
WQNS0A1_0009,4,Q3m-k4,1,3584,3584,613,703,1316,32
WQNS0A1_0009,4,Q6-k6,1,3584,0,667,0,667,32
WQNS0A1_0009,4,Q3m-k6,1,3584,3584,609,715,1324,32
WQNS0A1_0010,2,xBR,1,680,0,388,0,388,0
WQNS0A1_0010,2,Q0,1,680,0,399,0,399,0
WQNS0A1_0010,2,Q6-k3,1,680,0,406,0,406,32
WQNS0A1_0010,2,Q3m-k3,1,680,680,404,401,805,32
WQNS0A1_0010,2,Q6-k4,1,680,0,404,0,404,32
WQNS0A1_0010,2,Q3m-k4,1,680,680,406,402,808,32
WQNS0A1_0010,2,Q6-k6,1,680,0,399,0,399,32
WQNS0A1_0010,2,Q3m-k6,1,680,680,399,407,806,32
WQNS0A1_0010,4,xBR,1,2720,0,521,0,521,0
WQNS0A1_0010,4,Q0,1,2720,0,565,0,565,0
WQNS0A1_0010,4,Q6-k3,1,2720,0,600,0,600,32
WQNS0A1_0010,4,Q3m-k3,1,2720,2720,608,639,1247,32
WQNS0A1_0010,4,Q6-k4,1,2720,0,601,0,601,32
WQNS0A1_0010,4,Q3m-k4,1,2720,2720,601,642,1243,32
WQNS0A1_0010,4,Q6-k6,1,2720,0,600,0,600,32
WQNS0A1_0010,4,Q3m-k6,1,2720,2720,594,640,1234,32
WQNS0A1_0011,2,xBR,1,1056,0,395,0,395,0
WQNS0A1_0011,2,Q0,1,1056,0,410,0,410,0
WQNS0A1_0011,2,Q6-k3,1,1056,0,388,0,388,32
WQNS0A1_0011,2,Q3m-k3,1,1056,1056,398,411,809,32
WQNS0A1_0011,2,Q6-k4,1,1056,0,393,0,393,32
WQNS0A1_0011,2,Q3m-k4,1,1056,1056,406,403,809,32
WQNS0A1_0011,2,Q6-k6,1,1056,0,388,0,388,32
WQNS0A1_0011,2,Q3m-k6,1,1056,1056,398,414,812,32
WQNS0A1_0011,4,xBR,1,4224,0,530,0,530,0
WQNS0A1_0011,4,Q0,1,4224,0,574,0,574,0
WQNS0A1_0011,4,Q6-k3,1,4224,0,602,0,602,32
WQNS0A1_0011,4,Q3m-k3,1,4224,4224,585,667,1252,32
WQNS0A1_0011,4,Q6-k4,1,4224,0,575,0,575,32
WQNS0A1_0011,4,Q3m-k4,1,4224,4224,579,671,1250,32
WQNS0A1_0011,4,Q6-k6,1,4224,0,579,0,579,32
WQNS0A1_0011,4,Q3m-k6,1,4224,4224,567,678,1245,32
WQNS0A1_0012,2,xBR,1,1012,0,374,0,374,0
WQNS0A1_0012,2,Q0,1,1012,0,389,0,389,0
WQNS0A1_0012,2,Q6-k3,1,1012,0,399,0,399,32
WQNS0A1_0012,2,Q3m-k3,1,1012,1012,391,393,784,32
WQNS0A1_0012,2,Q6-k4,1,1012,0,397,0,397,32
WQNS0A1_0012,2,Q3m-k4,1,1012,1012,395,389,784,32
WQNS0A1_0012,2,Q6-k6,1,1012,0,399,0,399,32
WQNS0A1_0012,2,Q3m-k6,1,1012,1012,393,395,788,32
WQNS0A1_0012,4,xBR,1,4048,0,501,0,501,0
WQNS0A1_0012,4,Q0,1,4048,0,578,0,578,0
WQNS0A1_0012,4,Q6-k3,1,4048,0,627,0,627,32
WQNS0A1_0012,4,Q3m-k3,1,4048,4048,619,647,1266,32
WQNS0A1_0012,4,Q6-k4,1,4048,0,615,0,615,32
WQNS0A1_0012,4,Q3m-k4,1,4048,4048,596,668,1264,32
WQNS0A1_0012,4,Q6-k6,1,4048,0,613,0,613,32
WQNS0A1_0012,4,Q3m-k6,1,4048,4048,594,649,1243,32
WQNS0A1_0013,2,xBR,1,1496,0,402,0,402,0
WQNS0A1_0013,2,Q0,1,1496,0,403,0,403,0
WQNS0A1_0013,2,Q6-k3,1,1496,0,411,0,411,32
WQNS0A1_0013,2,Q3m-k3,1,1496,1496,415,425,840,32
WQNS0A1_0013,2,Q6-k4,1,1496,0,415,0,415,32
WQNS0A1_0013,2,Q3m-k4,1,1496,1496,407,435,842,32
WQNS0A1_0013,2,Q6-k6,1,1496,0,414,0,414,32
WQNS0A1_0013,2,Q3m-k6,1,1496,1496,409,439,848,32
WQNS0A1_0013,4,xBR,1,5984,0,564,0,564,0
WQNS0A1_0013,4,Q0,1,5984,0,589,0,589,0
WQNS0A1_0013,4,Q6-k3,1,5984,0,638,0,638,32
WQNS0A1_0013,4,Q3m-k3,1,5984,5984,629,736,1365,32
WQNS0A1_0013,4,Q6-k4,1,5984,0,622,0,622,32
WQNS0A1_0013,4,Q3m-k4,1,5984,5984,646,734,1380,32
WQNS0A1_0013,4,Q6-k6,1,5984,0,629,0,629,32
WQNS0A1_0013,4,Q3m-k6,1,5984,5984,625,727,1352,32
WQNC0A1_0000,2,xBR,1,1700,0,761,0,761,0
WQNC0A1_0000,2,Q0,1,1700,0,809,0,809,0
WQNC0A1_0000,2,Q6-k3,1,1700,0,810,0,810,32
WQNC0A1_0000,2,Q3m-k3,1,1700,1700,815,778,1593,32
WQNC0A1_0000,2,Q6-k4,1,1700,0,812,0,812,32
WQNC0A1_0000,2,Q3m-k4,1,1700,1700,815,770,1585,32
WQNC0A1_0000,2,Q6-k6,1,1700,0,801,0,801,32
WQNC0A1_0000,2,Q3m-k6,1,1700,1700,814,768,1582,32
WQNC0A1_0000,4,xBR,1,6800,0,1518,0,1518,0
WQNC0A1_0000,4,Q0,1,6800,0,1927,0,1927,0
WQNC0A1_0000,4,Q6-k3,1,6800,0,1895,0,1895,32
WQNC0A1_0000,4,Q3m-k3,1,6800,6800,1885,2099,3984,32
WQNC0A1_0000,4,Q6-k4,1,6800,0,1867,0,1867,32
WQNC0A1_0000,4,Q3m-k4,1,6800,6800,1874,2070,3944,32
WQNC0A1_0000,4,Q6-k6,1,6800,0,1833,0,1833,32
WQNC0A1_0000,4,Q3m-k6,1,6800,6800,1831,2031,3862,32
WQNC0A1_0001,2,xBR,1,1392,0,698,0,698,0
WQNC0A1_0001,2,Q0,1,1392,0,740,0,740,0
WQNC0A1_0001,2,Q6-k3,1,1392,0,727,0,727,32
WQNC0A1_0001,2,Q3m-k3,1,1392,1392,743,717,1460,32
WQNC0A1_0001,2,Q6-k4,1,1392,0,716,0,716,32
WQNC0A1_0001,2,Q3m-k4,1,1392,1392,741,708,1449,32
WQNC0A1_0001,2,Q6-k6,1,1392,0,716,0,716,32
WQNC0A1_0001,2,Q3m-k6,1,1392,1392,728,707,1435,32
WQNC0A1_0001,4,xBR,1,5568,0,1327,0,1327,0
WQNC0A1_0001,4,Q0,1,5568,0,1663,0,1663,0
WQNC0A1_0001,4,Q6-k3,1,5568,0,1633,0,1633,32
WQNC0A1_0001,4,Q3m-k3,1,5568,5568,1644,1830,3474,32
WQNC0A1_0001,4,Q6-k4,1,5568,0,1650,0,1650,32
WQNC0A1_0001,4,Q3m-k4,1,5568,5568,1677,1837,3514,32
WQNC0A1_0001,4,Q6-k6,1,5568,0,1583,0,1583,32
WQNC0A1_0001,4,Q3m-k6,1,5568,5568,1627,1794,3421,32
WQNC0A1_0002,2,xBR,1,1536,0,711,0,711,0
WQNC0A1_0002,2,Q0,1,1536,0,733,0,733,0
WQNC0A1_0002,2,Q6-k3,1,1536,0,758,0,758,32
WQNC0A1_0002,2,Q3m-k3,1,1536,1536,742,726,1468,32
WQNC0A1_0002,2,Q6-k4,1,1536,0,756,0,756,32
WQNC0A1_0002,2,Q3m-k4,1,1536,1536,741,736,1477,32
WQNC0A1_0002,2,Q6-k6,1,1536,0,753,0,753,32
WQNC0A1_0002,2,Q3m-k6,1,1536,1536,749,730,1479,32
WQNC0A1_0002,4,xBR,1,6144,0,1373,0,1373,0
WQNC0A1_0002,4,Q0,1,6144,0,1655,0,1655,0
WQNC0A1_0002,4,Q6-k3,1,6144,0,1629,0,1629,32
WQNC0A1_0002,4,Q3m-k3,1,6144,6144,1616,1863,3479,32
WQNC0A1_0002,4,Q6-k4,1,6144,0,1681,0,1681,32
WQNC0A1_0002,4,Q3m-k4,1,6144,6144,1628,1882,3510,32
WQNC0A1_0002,4,Q6-k6,1,6144,0,1574,0,1574,32
WQNC0A1_0002,4,Q3m-k6,1,6144,6144,1625,1855,3480,32
WQNC0A1_0003,2,xBR,1,1116,0,628,0,628,0
WQNC0A1_0003,2,Q0,1,1116,0,644,0,644,0
WQNC0A1_0003,2,Q6-k3,1,1116,0,665,0,665,32
WQNC0A1_0003,2,Q3m-k3,1,1116,1116,661,639,1300,32
WQNC0A1_0003,2,Q6-k4,1,1116,0,664,0,664,32
WQNC0A1_0003,2,Q3m-k4,1,1116,1116,666,646,1312,32
WQNC0A1_0003,2,Q6-k6,1,1116,0,654,0,654,32
WQNC0A1_0003,2,Q3m-k6,1,1116,1116,658,636,1294,32
WQNC0A1_0003,4,xBR,1,4464,0,1146,0,1146,0
WQNC0A1_0003,4,Q0,1,4464,0,1428,0,1428,0
WQNC0A1_0003,4,Q6-k3,1,4464,0,1396,0,1396,32
WQNC0A1_0003,4,Q3m-k3,1,4464,4464,1449,1561,3010,32
WQNC0A1_0003,4,Q6-k4,1,4464,0,1431,0,1431,32
WQNC0A1_0003,4,Q3m-k4,1,4464,4464,1408,1582,2990,32
WQNC0A1_0003,4,Q6-k6,1,4464,0,1363,0,1363,32
WQNC0A1_0003,4,Q3m-k6,1,4464,4464,1392,1537,2929,32
WQNC0A1_0004,2,xBR,1,1320,0,630,0,630,0
WQNC0A1_0004,2,Q0,1,1320,0,662,0,662,0
WQNC0A1_0004,2,Q6-k3,1,1320,0,661,0,661,32
WQNC0A1_0004,2,Q3m-k3,1,1320,1320,664,632,1296,32
WQNC0A1_0004,2,Q6-k4,1,1320,0,675,0,675,32
WQNC0A1_0004,2,Q3m-k4,1,1320,1320,665,643,1308,32
WQNC0A1_0004,2,Q6-k6,1,1320,0,660,0,660,32
WQNC0A1_0004,2,Q3m-k6,1,1320,1320,665,635,1300,32
WQNC0A1_0004,4,xBR,1,5280,0,1151,0,1151,0
WQNC0A1_0004,4,Q0,1,5280,0,1394,0,1394,0
WQNC0A1_0004,4,Q6-k3,1,5280,0,1362,0,1362,32
WQNC0A1_0004,4,Q3m-k3,1,5280,5280,1393,1520,2913,32
WQNC0A1_0004,4,Q6-k4,1,5280,0,1401,0,1401,32
WQNC0A1_0004,4,Q3m-k4,1,5280,5280,1409,1509,2918,32
WQNC0A1_0004,4,Q6-k6,1,5280,0,1366,0,1366,32
WQNC0A1_0004,4,Q3m-k6,1,5280,5280,1373,1492,2865,32
WQNC0A1_0005,2,xBR,1,2052,0,637,0,637,0
WQNC0A1_0005,2,Q0,1,2052,0,646,0,646,0
WQNC0A1_0005,2,Q6-k3,1,2052,0,641,0,641,32
WQNC0A1_0005,2,Q3m-k3,1,2052,2052,630,621,1251,32
WQNC0A1_0005,2,Q6-k4,1,2052,0,643,0,643,32
WQNC0A1_0005,2,Q3m-k4,1,2052,2052,649,623,1272,32
WQNC0A1_0005,2,Q6-k6,1,2052,0,635,0,635,32
WQNC0A1_0005,2,Q3m-k6,1,2052,2052,628,635,1263,32
WQNC0A1_0005,4,xBR,1,8208,0,1136,0,1136,0
WQNC0A1_0005,4,Q0,1,8208,0,1322,0,1322,0
WQNC0A1_0005,4,Q6-k3,1,8208,0,1344,0,1344,32
WQNC0A1_0005,4,Q3m-k3,1,8208,8208,1319,1424,2743,32
WQNC0A1_0005,4,Q6-k4,1,8208,0,1349,0,1349,32
WQNC0A1_0005,4,Q3m-k4,1,8208,8208,1329,1434,2763,32
WQNC0A1_0005,4,Q6-k6,1,8208,0,1337,0,1337,32
WQNC0A1_0005,4,Q3m-k6,1,8208,8208,1295,1444,2739,32
WQNC0A1_0006,2,xBR,1,2300,0,589,0,589,0
WQNC0A1_0006,2,Q0,1,2300,0,591,0,591,0
WQNC0A1_0006,2,Q6-k3,1,2300,0,619,0,619,32
WQNC0A1_0006,2,Q3m-k3,1,2300,2300,599,601,1200,32
WQNC0A1_0006,2,Q6-k4,1,2300,0,624,0,624,32
WQNC0A1_0006,2,Q3m-k4,1,2300,2300,615,606,1221,32
WQNC0A1_0006,2,Q6-k6,1,2300,0,610,0,610,32
WQNC0A1_0006,2,Q3m-k6,1,2300,2300,608,585,1193,32
WQNC0A1_0006,4,xBR,1,9200,0,1044,0,1044,0
WQNC0A1_0006,4,Q0,1,9200,0,1206,0,1206,0
WQNC0A1_0006,4,Q6-k3,1,9200,0,1218,0,1218,32
WQNC0A1_0006,4,Q3m-k3,1,9200,9200,1191,1283,2474,32
WQNC0A1_0006,4,Q6-k4,1,9200,0,1194,0,1194,32
WQNC0A1_0006,4,Q3m-k4,1,9200,9200,1195,1265,2460,32
WQNC0A1_0006,4,Q6-k6,1,9200,0,1239,0,1239,32
WQNC0A1_0006,4,Q3m-k6,1,9200,9200,1207,1283,2490,32
WQNC0A1_0007,2,xBR,1,1976,0,581,0,581,0
WQNC0A1_0007,2,Q0,1,1976,0,599,0,599,0
WQNC0A1_0007,2,Q6-k3,1,1976,0,618,0,618,32
WQNC0A1_0007,2,Q3m-k3,1,1976,1976,640,574,1214,32
WQNC0A1_0007,2,Q6-k4,1,1976,0,611,0,611,32
WQNC0A1_0007,2,Q3m-k4,1,1976,1976,599,580,1179,32
WQNC0A1_0007,2,Q6-k6,1,1976,0,625,0,625,32
WQNC0A1_0007,2,Q3m-k6,1,1976,1976,601,584,1185,32
WQNC0A1_0007,4,xBR,1,7904,0,1084,0,1084,0
WQNC0A1_0007,4,Q0,1,7904,0,1229,0,1229,0
WQNC0A1_0007,4,Q6-k3,1,7904,0,1222,0,1222,32
WQNC0A1_0007,4,Q3m-k3,1,7904,7904,1248,1244,2492,32
WQNC0A1_0007,4,Q6-k4,1,7904,0,1223,0,1223,32
WQNC0A1_0007,4,Q3m-k4,1,7904,7904,1218,1236,2454,32
WQNC0A1_0007,4,Q6-k6,1,7904,0,1216,0,1216,32
WQNC0A1_0007,4,Q3m-k6,1,7904,7904,1213,1254,2467,32
WQNC0A1_0008,2,xBR,1,1632,0,555,0,555,0
WQNC0A1_0008,2,Q0,1,1632,0,582,0,582,0
WQNC0A1_0008,2,Q6-k3,1,1632,0,590,0,590,32
WQNC0A1_0008,2,Q3m-k3,1,1632,1632,596,545,1141,32
WQNC0A1_0008,2,Q6-k4,1,1632,0,569,0,569,32
WQNC0A1_0008,2,Q3m-k4,1,1632,1632,602,543,1145,32
WQNC0A1_0008,2,Q6-k6,1,1632,0,575,0,575,32
WQNC0A1_0008,2,Q3m-k6,1,1632,1632,569,543,1112,32
WQNC0A1_0008,4,xBR,1,6528,0,1015,0,1015,0
WQNC0A1_0008,4,Q0,1,6528,0,1127,0,1127,0
WQNC0A1_0008,4,Q6-k3,1,6528,0,1158,0,1158,32
WQNC0A1_0008,4,Q3m-k3,1,6528,6528,1166,1152,2318,32
WQNC0A1_0008,4,Q6-k4,1,6528,0,1184,0,1184,32
WQNC0A1_0008,4,Q3m-k4,1,6528,6528,1188,1140,2328,32
WQNC0A1_0008,4,Q6-k6,1,6528,0,1154,0,1154,32
WQNC0A1_0008,4,Q3m-k6,1,6528,6528,1131,1138,2269,32
WQNC0A1_0009,2,xBR,1,1512,0,570,0,570,0
WQNC0A1_0009,2,Q0,1,1512,0,600,0,600,0
WQNC0A1_0009,2,Q6-k3,1,1512,0,608,0,608,32
WQNC0A1_0009,2,Q3m-k3,1,1512,1512,597,557,1154,32
WQNC0A1_0009,2,Q6-k4,1,1512,0,607,0,607,32
WQNC0A1_0009,2,Q3m-k4,1,1512,1512,597,549,1146,32
WQNC0A1_0009,2,Q6-k6,1,1512,0,603,0,603,32
WQNC0A1_0009,2,Q3m-k6,1,1512,1512,593,569,1162,32
WQNC0A1_0009,4,xBR,1,6048,0,987,0,987,0
WQNC0A1_0009,4,Q0,1,6048,0,1144,0,1144,0
WQNC0A1_0009,4,Q6-k3,1,6048,0,1170,0,1170,32
WQNC0A1_0009,4,Q3m-k3,1,6048,6048,1136,1197,2333,32
WQNC0A1_0009,4,Q6-k4,1,6048,0,1177,0,1177,32
WQNC0A1_0009,4,Q3m-k4,1,6048,6048,1166,1190,2356,32
WQNC0A1_0009,4,Q6-k6,1,6048,0,1126,0,1126,32
WQNC0A1_0009,4,Q3m-k6,1,6048,6048,1144,1194,2338,32
WQNC0A1_0010,2,xBR,1,1672,0,567,0,567,0
WQNC0A1_0010,2,Q0,1,1672,0,604,0,604,0
WQNC0A1_0010,2,Q6-k3,1,1672,0,604,0,604,32
WQNC0A1_0010,2,Q3m-k3,1,1672,1672,604,591,1195,32
WQNC0A1_0010,2,Q6-k4,1,1672,0,618,0,618,32
WQNC0A1_0010,2,Q3m-k4,1,1672,1672,611,606,1217,32
WQNC0A1_0010,2,Q6-k6,1,1672,0,606,0,606,32
WQNC0A1_0010,2,Q3m-k6,1,1672,1672,603,582,1185,32
WQNC0A1_0010,4,xBR,1,6688,0,978,0,978,0
WQNC0A1_0010,4,Q0,1,6688,0,1179,0,1179,0
WQNC0A1_0010,4,Q6-k3,1,6688,0,1184,0,1184,32
WQNC0A1_0010,4,Q3m-k3,1,6688,6688,1218,1281,2499,32
WQNC0A1_0010,4,Q6-k4,1,6688,0,1205,0,1205,32
WQNC0A1_0010,4,Q3m-k4,1,6688,6688,1245,1290,2535,32
WQNC0A1_0010,4,Q6-k6,1,6688,0,1215,0,1215,32
WQNC0A1_0010,4,Q3m-k6,1,6688,6688,1178,1255,2433,32
WQNC0A1_0011,2,xBR,1,1936,0,649,0,649,0
WQNC0A1_0011,2,Q0,1,1936,0,649,0,649,0
WQNC0A1_0011,2,Q6-k3,1,1936,0,686,0,686,32
WQNC0A1_0011,2,Q3m-k3,1,1936,1936,663,638,1301,32
WQNC0A1_0011,2,Q6-k4,1,1936,0,680,0,680,32
WQNC0A1_0011,2,Q3m-k4,1,1936,1936,678,645,1323,32
WQNC0A1_0011,2,Q6-k6,1,1936,0,659,0,659,32
WQNC0A1_0011,2,Q3m-k6,1,1936,1936,676,636,1312,32
WQNC0A1_0011,4,xBR,1,7744,0,1134,0,1134,0
WQNC0A1_0011,4,Q0,1,7744,0,1331,0,1331,0
WQNC0A1_0011,4,Q6-k3,1,7744,0,1363,0,1363,32
WQNC0A1_0011,4,Q3m-k3,1,7744,7744,1434,1487,2921,32
WQNC0A1_0011,4,Q6-k4,1,7744,0,1372,0,1372,32
WQNC0A1_0011,4,Q3m-k4,1,7744,7744,1397,1470,2867,32
WQNC0A1_0011,4,Q6-k6,1,7744,0,1370,0,1370,32
WQNC0A1_0011,4,Q3m-k6,1,7744,7744,1395,1478,2873,32
WQNC0A1_0012,2,xBR,1,2024,0,654,0,654,0
WQNC0A1_0012,2,Q0,1,2024,0,661,0,661,0
WQNC0A1_0012,2,Q6-k3,1,2024,0,692,0,692,32
WQNC0A1_0012,2,Q3m-k3,1,2024,2024,694,680,1374,32
WQNC0A1_0012,2,Q6-k4,1,2024,0,710,0,710,32
WQNC0A1_0012,2,Q3m-k4,1,2024,2024,685,661,1346,32
WQNC0A1_0012,2,Q6-k6,1,2024,0,669,0,669,32
WQNC0A1_0012,2,Q3m-k6,1,2024,2024,694,671,1365,32
WQNC0A1_0012,4,xBR,1,8096,0,1209,0,1209,0
WQNC0A1_0012,4,Q0,1,8096,0,1382,0,1382,0
WQNC0A1_0012,4,Q6-k3,1,8096,0,1404,0,1404,32
WQNC0A1_0012,4,Q3m-k3,1,8096,8096,1425,1601,3026,32
WQNC0A1_0012,4,Q6-k4,1,8096,0,1460,0,1460,32
WQNC0A1_0012,4,Q3m-k4,1,8096,8096,1457,1607,3064,32
WQNC0A1_0012,4,Q6-k6,1,8096,0,1394,0,1394,32
WQNC0A1_0012,4,Q3m-k6,1,8096,8096,1392,1578,2970,32
WQNC0A1_0013,2,xBR,1,1840,0,726,0,726,0
WQNC0A1_0013,2,Q0,1,1840,0,793,0,793,0
WQNC0A1_0013,2,Q6-k3,1,1840,0,790,0,790,32
WQNC0A1_0013,2,Q3m-k3,1,1840,1840,789,784,1573,32
WQNC0A1_0013,2,Q6-k4,1,1840,0,784,0,784,32
WQNC0A1_0013,2,Q3m-k4,1,1840,1840,799,754,1553,32
WQNC0A1_0013,2,Q6-k6,1,1840,0,788,0,788,32
WQNC0A1_0013,2,Q3m-k6,1,1840,1840,779,758,1537,32
WQNC0A1_0013,4,xBR,1,7360,0,1392,0,1392,0
WQNC0A1_0013,4,Q0,1,7360,0,1731,0,1731,0
WQNC0A1_0013,4,Q6-k3,1,7360,0,1787,0,1787,32
WQNC0A1_0013,4,Q3m-k3,1,7360,7360,1772,1970,3742,32
WQNC0A1_0013,4,Q6-k4,1,7360,0,1778,0,1778,32
WQNC0A1_0013,4,Q3m-k4,1,7360,7360,1789,1960,3749,32
WQNC0A1_0013,4,Q6-k6,1,7360,0,1746,0,1746,32
WQNC0A1_0013,4,Q3m-k6,1,7360,7360,1710,1944,3654,32
WQNJ6A1_0000,2,xBR,1,720,0,554,0,554,0
WQNJ6A1_0000,2,Q0,1,720,0,570,0,570,0
WQNJ6A1_0000,2,Q6-k3,1,720,0,592,0,592,32
WQNJ6A1_0000,2,Q3m-k3,1,720,720,598,532,1130,32
WQNJ6A1_0000,2,Q6-k4,1,720,0,588,0,588,32
WQNJ6A1_0000,2,Q3m-k4,1,720,720,596,534,1130,32
WQNJ6A1_0000,2,Q6-k6,1,720,0,588,0,588,32
WQNJ6A1_0000,2,Q3m-k6,1,720,720,592,540,1132,32
WQNJ6A1_0000,4,xBR,1,2880,0,947,0,947,0
WQNJ6A1_0000,4,Q0,1,2880,0,1093,0,1093,0
WQNJ6A1_0000,4,Q6-k3,1,2880,0,1177,0,1177,32
WQNJ6A1_0000,4,Q3m-k3,1,2880,2880,1183,1188,2371,32
WQNJ6A1_0000,4,Q6-k4,1,2880,0,1181,0,1181,32
WQNJ6A1_0000,4,Q3m-k4,1,2880,2880,1195,1184,2379,32
WQNJ6A1_0000,4,Q6-k6,1,2880,0,1143,0,1143,32
WQNJ6A1_0000,4,Q3m-k6,1,2880,2880,1167,1181,2348,32
WQNJ6A1_0001,2,xBR,1,832,0,551,0,551,0
WQNJ6A1_0001,2,Q0,1,832,0,565,0,565,0
WQNJ6A1_0001,2,Q6-k3,1,832,0,581,0,581,32
WQNJ6A1_0001,2,Q3m-k3,1,832,832,584,520,1104,32
WQNJ6A1_0001,2,Q6-k4,1,832,0,574,0,574,32
WQNJ6A1_0001,2,Q3m-k4,1,832,832,582,526,1108,32
WQNJ6A1_0001,2,Q6-k6,1,832,0,571,0,571,32
WQNJ6A1_0001,2,Q3m-k6,1,832,832,586,520,1106,32
WQNJ6A1_0001,4,xBR,1,3328,0,942,0,942,0
WQNJ6A1_0001,4,Q0,1,3328,0,1081,0,1081,0
WQNJ6A1_0001,4,Q6-k3,1,3328,0,1170,0,1170,32
WQNJ6A1_0001,4,Q3m-k3,1,3328,3328,1191,1116,2307,32
WQNJ6A1_0001,4,Q6-k4,1,3328,0,1153,0,1153,32
WQNJ6A1_0001,4,Q3m-k4,1,3328,3328,1179,1130,2309,32
WQNJ6A1_0001,4,Q6-k6,1,3328,0,1138,0,1138,32
WQNJ6A1_0001,4,Q3m-k6,1,3328,3328,1154,1150,2304,32
WQNJ6A1_0002,2,xBR,1,720,0,510,0,510,0
WQNJ6A1_0002,2,Q0,1,720,0,525,0,525,0
WQNJ6A1_0002,2,Q6-k3,1,720,0,533,0,533,32
WQNJ6A1_0002,2,Q3m-k3,1,720,720,544,488,1032,32
WQNJ6A1_0002,2,Q6-k4,1,720,0,532,0,532,32
WQNJ6A1_0002,2,Q3m-k4,1,720,720,543,494,1037,32
WQNJ6A1_0002,2,Q6-k6,1,720,0,527,0,527,32
WQNJ6A1_0002,2,Q3m-k6,1,720,720,537,492,1029,32
WQNJ6A1_0002,4,xBR,1,2880,0,838,0,838,0
WQNJ6A1_0002,4,Q0,1,2880,0,959,0,959,0
WQNJ6A1_0002,4,Q6-k3,1,2880,0,1069,0,1069,32
WQNJ6A1_0002,4,Q3m-k3,1,2880,2880,1059,1037,2096,32
WQNJ6A1_0002,4,Q6-k4,1,2880,0,1043,0,1043,32
WQNJ6A1_0002,4,Q3m-k4,1,2880,2880,1042,1053,2095,32
WQNJ6A1_0002,4,Q6-k6,1,2880,0,983,0,983,32
WQNJ6A1_0002,4,Q3m-k6,1,2880,2880,1030,1053,2083,32
WQNJ6A1_0003,2,xBR,1,576,0,499,0,499,0
WQNJ6A1_0003,2,Q0,1,576,0,495,0,495,0
WQNJ6A1_0003,2,Q6-k3,1,576,0,526,0,526,32
WQNJ6A1_0003,2,Q3m-k3,1,576,576,532,472,1004,32
WQNJ6A1_0003,2,Q6-k4,1,576,0,529,0,529,32
WQNJ6A1_0003,2,Q3m-k4,1,576,576,526,468,994,32
WQNJ6A1_0003,2,Q6-k6,1,576,0,521,0,521,32
WQNJ6A1_0003,2,Q3m-k6,1,576,576,515,466,981,32
WQNJ6A1_0003,4,xBR,1,2304,0,786,0,786,0
WQNJ6A1_0003,4,Q0,1,2304,0,889,0,889,0
WQNJ6A1_0003,4,Q6-k3,1,2304,0,1006,0,1006,32
WQNJ6A1_0003,4,Q3m-k3,1,2304,2304,1007,936,1943,32
WQNJ6A1_0003,4,Q6-k4,1,2304,0,1019,0,1019,32
WQNJ6A1_0003,4,Q3m-k4,1,2304,2304,992,947,1939,32
WQNJ6A1_0003,4,Q6-k6,1,2304,0,987,0,987,32
WQNJ6A1_0003,4,Q3m-k6,1,2304,2304,962,948,1910,32
WQNJ6A1_0004,2,xBR,1,576,0,483,0,483,0
WQNJ6A1_0004,2,Q0,1,576,0,500,0,500,0
WQNJ6A1_0004,2,Q6-k3,1,576,0,511,0,511,32
WQNJ6A1_0004,2,Q3m-k3,1,576,576,513,470,983,32
WQNJ6A1_0004,2,Q6-k4,1,576,0,507,0,507,32
WQNJ6A1_0004,2,Q3m-k4,1,576,576,514,468,982,32
WQNJ6A1_0004,2,Q6-k6,1,576,0,505,0,505,32
WQNJ6A1_0004,2,Q3m-k6,1,576,576,522,465,987,32
WQNJ6A1_0004,4,xBR,1,2304,0,741,0,741,0
WQNJ6A1_0004,4,Q0,1,2304,0,843,0,843,0
WQNJ6A1_0004,4,Q6-k3,1,2304,0,915,0,915,32
WQNJ6A1_0004,4,Q3m-k3,1,2304,2304,926,927,1853,32
WQNJ6A1_0004,4,Q6-k4,1,2304,0,921,0,921,32
WQNJ6A1_0004,4,Q3m-k4,1,2304,2304,940,940,1880,32
WQNJ6A1_0004,4,Q6-k6,1,2304,0,893,0,893,32
WQNJ6A1_0004,4,Q3m-k6,1,2304,2304,909,937,1846,32
WQNJ6A1_0005,2,xBR,1,676,0,506,0,506,0
WQNJ6A1_0005,2,Q0,1,676,0,520,0,520,0
WQNJ6A1_0005,2,Q6-k3,1,676,0,542,0,542,32
WQNJ6A1_0005,2,Q3m-k3,1,676,676,558,504,1062,32
WQNJ6A1_0005,2,Q6-k4,1,676,0,542,0,542,32
WQNJ6A1_0005,2,Q3m-k4,1,676,676,560,502,1062,32
WQNJ6A1_0005,2,Q6-k6,1,676,0,548,0,548,32
WQNJ6A1_0005,2,Q3m-k6,1,676,676,550,510,1060,32
WQNJ6A1_0005,4,xBR,1,2704,0,834,0,834,0
WQNJ6A1_0005,4,Q0,1,2704,0,967,0,967,0
WQNJ6A1_0005,4,Q6-k3,1,2704,0,1072,0,1072,32
WQNJ6A1_0005,4,Q3m-k3,1,2704,2704,1055,1085,2140,32
WQNJ6A1_0005,4,Q6-k4,1,2704,0,1064,0,1064,32
WQNJ6A1_0005,4,Q3m-k4,1,2704,2704,1069,1078,2147,32
WQNJ6A1_0005,4,Q6-k6,1,2704,0,1027,0,1027,32
WQNJ6A1_0005,4,Q3m-k6,1,2704,2704,1046,1077,2123,32
WQNJ6A1_0006,2,xBR,1,832,0,558,0,558,0
WQNJ6A1_0006,2,Q0,1,832,0,570,0,570,0
WQNJ6A1_0006,2,Q6-k3,1,832,0,592,0,592,32
WQNJ6A1_0006,2,Q3m-k3,1,832,832,599,544,1143,32
WQNJ6A1_0006,2,Q6-k4,1,832,0,588,0,588,32
WQNJ6A1_0006,2,Q3m-k4,1,832,832,597,548,1145,32
WQNJ6A1_0006,2,Q6-k6,1,832,0,590,0,590,32
WQNJ6A1_0006,2,Q3m-k6,1,832,832,579,545,1124,32
WQNJ6A1_0006,4,xBR,1,3328,0,974,0,974,0
WQNJ6A1_0006,4,Q0,1,3328,0,1096,0,1096,0
WQNJ6A1_0006,4,Q6-k3,1,3328,0,1216,0,1216,32
WQNJ6A1_0006,4,Q3m-k3,1,3328,3328,1190,1216,2406,32
WQNJ6A1_0006,4,Q6-k4,1,3328,0,1184,0,1184,32
WQNJ6A1_0006,4,Q3m-k4,1,3328,3328,1166,1221,2387,32
WQNJ6A1_0006,4,Q6-k6,1,3328,0,1178,0,1178,32
WQNJ6A1_0006,4,Q3m-k6,1,3328,3328,1155,1224,2379,32
WQNJ6A1_0007,2,xBR,1,832,0,581,0,581,0
WQNJ6A1_0007,2,Q0,1,832,0,595,0,595,0
WQNJ6A1_0007,2,Q6-k3,1,832,0,611,0,611,32
WQNJ6A1_0007,2,Q3m-k3,1,832,832,615,546,1161,32
WQNJ6A1_0007,2,Q6-k4,1,832,0,617,0,617,32
WQNJ6A1_0007,2,Q3m-k4,1,832,832,625,551,1176,32
WQNJ6A1_0007,2,Q6-k6,1,832,0,620,0,620,32
WQNJ6A1_0007,2,Q3m-k6,1,832,832,619,553,1172,32
WQNJ6A1_0007,4,xBR,1,3328,0,1036,0,1036,0
WQNJ6A1_0007,4,Q0,1,3328,0,1214,0,1214,0
WQNJ6A1_0007,4,Q6-k3,1,3328,0,1308,0,1308,32
WQNJ6A1_0007,4,Q3m-k3,1,3328,3328,1280,1247,2527,32
WQNJ6A1_0007,4,Q6-k4,1,3328,0,1304,0,1304,32
WQNJ6A1_0007,4,Q3m-k4,1,3328,3328,1306,1251,2557,32
WQNJ6A1_0007,4,Q6-k6,1,3328,0,1305,0,1305,32
WQNJ6A1_0007,4,Q3m-k6,1,3328,3328,1242,1233,2475,32
WQNJ6A1_0008,2,xBR,1,768,0,555,0,555,0
WQNJ6A1_0008,2,Q0,1,768,0,569,0,569,0
WQNJ6A1_0008,2,Q6-k3,1,768,0,591,0,591,32
WQNJ6A1_0008,2,Q3m-k3,1,768,768,591,527,1118,32
WQNJ6A1_0008,2,Q6-k4,1,768,0,585,0,585,32
WQNJ6A1_0008,2,Q3m-k4,1,768,768,591,527,1118,32
WQNJ6A1_0008,2,Q6-k6,1,768,0,582,0,582,32
WQNJ6A1_0008,2,Q3m-k6,1,768,768,589,536,1125,32
WQNJ6A1_0008,4,xBR,1,3072,0,969,0,969,0
WQNJ6A1_0008,4,Q0,1,3072,0,1083,0,1083,0
WQNJ6A1_0008,4,Q6-k3,1,3072,0,1193,0,1193,32
WQNJ6A1_0008,4,Q3m-k3,1,3072,3072,1194,1181,2375,32
WQNJ6A1_0008,4,Q6-k4,1,3072,0,1198,0,1198,32
WQNJ6A1_0008,4,Q3m-k4,1,3072,3072,1169,1166,2335,32
WQNJ6A1_0008,4,Q6-k6,1,3072,0,1162,0,1162,32
WQNJ6A1_0008,4,Q3m-k6,1,3072,3072,1164,1165,2329,32
WQNJ6A1_0009,2,xBR,1,780,0,575,0,575,0
WQNJ6A1_0009,2,Q0,1,780,0,594,0,594,0
WQNJ6A1_0009,2,Q6-k3,1,780,0,621,0,621,32
WQNJ6A1_0009,2,Q3m-k3,1,780,780,622,541,1163,32
WQNJ6A1_0009,2,Q6-k4,1,780,0,618,0,618,32
WQNJ6A1_0009,2,Q3m-k4,1,780,780,624,531,1155,32
WQNJ6A1_0009,2,Q6-k6,1,780,0,608,0,608,32
WQNJ6A1_0009,2,Q3m-k6,1,780,780,609,536,1145,32
WQNJ6A1_0009,4,xBR,1,3120,0,1011,0,1011,0
WQNJ6A1_0009,4,Q0,1,3120,0,1200,0,1200,0
WQNJ6A1_0009,4,Q6-k3,1,3120,0,1282,0,1282,32
WQNJ6A1_0009,4,Q3m-k3,1,3120,3120,1289,1245,2534,32
WQNJ6A1_0009,4,Q6-k4,1,3120,0,1296,0,1296,32
WQNJ6A1_0009,4,Q3m-k4,1,3120,3120,1292,1235,2527,32
WQNJ6A1_0009,4,Q6-k6,1,3120,0,1252,0,1252,32
WQNJ6A1_0009,4,Q3m-k6,1,3120,3120,1260,1243,2503,32
WQNJ6A1_0010,2,xBR,1,832,0,581,0,581,0
WQNJ6A1_0010,2,Q0,1,832,0,590,0,590,0
WQNJ6A1_0010,2,Q6-k3,1,832,0,625,0,625,32
WQNJ6A1_0010,2,Q3m-k3,1,832,832,622,552,1174,32
WQNJ6A1_0010,2,Q6-k4,1,832,0,617,0,617,32
WQNJ6A1_0010,2,Q3m-k4,1,832,832,615,559,1174,32
WQNJ6A1_0010,2,Q6-k6,1,832,0,613,0,613,32
WQNJ6A1_0010,2,Q3m-k6,1,832,832,608,556,1164,32
WQNJ6A1_0010,4,xBR,1,3328,0,1013,0,1013,0
WQNJ6A1_0010,4,Q0,1,3328,0,1162,0,1162,0
WQNJ6A1_0010,4,Q6-k3,1,3328,0,1267,0,1267,32
WQNJ6A1_0010,4,Q3m-k3,1,3328,3328,1253,1280,2533,32
WQNJ6A1_0010,4,Q6-k4,1,3328,0,1267,0,1267,32
WQNJ6A1_0010,4,Q3m-k4,1,3328,3328,1254,1266,2520,32
WQNJ6A1_0010,4,Q6-k6,1,3328,0,1240,0,1240,32
WQNJ6A1_0010,4,Q3m-k6,1,3328,3328,1210,1261,2471,32
WQNJ6A1_0011,2,xBR,1,676,0,542,0,542,0
WQNJ6A1_0011,2,Q0,1,676,0,548,0,548,0
WQNJ6A1_0011,2,Q6-k3,1,676,0,579,0,579,32
WQNJ6A1_0011,2,Q3m-k3,1,676,676,581,517,1098,32
WQNJ6A1_0011,2,Q6-k4,1,676,0,577,0,577,32
WQNJ6A1_0011,2,Q3m-k4,1,676,676,583,516,1099,32
WQNJ6A1_0011,2,Q6-k6,1,676,0,571,0,571,32
WQNJ6A1_0011,2,Q3m-k6,1,676,676,570,514,1084,32
WQNJ6A1_0011,4,xBR,1,2704,0,914,0,914,0
WQNJ6A1_0011,4,Q0,1,2704,0,1065,0,1065,0
WQNJ6A1_0011,4,Q6-k3,1,2704,0,1151,0,1151,32
WQNJ6A1_0011,4,Q3m-k3,1,2704,2704,1163,1122,2285,32
WQNJ6A1_0011,4,Q6-k4,1,2704,0,1161,0,1161,32
WQNJ6A1_0011,4,Q3m-k4,1,2704,2704,1145,1105,2250,32
WQNJ6A1_0011,4,Q6-k6,1,2704,0,1135,0,1135,32
WQNJ6A1_0011,4,Q3m-k6,1,2704,2704,1121,1117,2238,32
WQNJ6A1_0012,2,xBR,1,832,0,572,0,572,0
WQNJ6A1_0012,2,Q0,1,832,0,585,0,585,0
WQNJ6A1_0012,2,Q6-k3,1,832,0,609,0,609,32
WQNJ6A1_0012,2,Q3m-k3,1,832,832,598,551,1149,32
WQNJ6A1_0012,2,Q6-k4,1,832,0,603,0,603,32
WQNJ6A1_0012,2,Q3m-k4,1,832,832,604,540,1144,32
WQNJ6A1_0012,2,Q6-k6,1,832,0,609,0,609,32
WQNJ6A1_0012,2,Q3m-k6,1,832,832,596,548,1144,32
WQNJ6A1_0012,4,xBR,1,3328,0,1004,0,1004,0
WQNJ6A1_0012,4,Q0,1,3328,0,1159,0,1159,0
WQNJ6A1_0012,4,Q6-k3,1,3328,0,1263,0,1263,32
WQNJ6A1_0012,4,Q3m-k3,1,3328,3328,1223,1232,2455,32
WQNJ6A1_0012,4,Q6-k4,1,3328,0,1247,0,1247,32
WQNJ6A1_0012,4,Q3m-k4,1,3328,3328,1232,1239,2471,32
WQNJ6A1_0012,4,Q6-k6,1,3328,0,1263,0,1263,32
WQNJ6A1_0012,4,Q3m-k6,1,3328,3328,1203,1230,2433,32
WQNJ6A1_0013,2,xBR,1,768,0,574,0,574,0
WQNJ6A1_0013,2,Q0,1,768,0,584,0,584,0
WQNJ6A1_0013,2,Q6-k3,1,768,0,594,0,594,32
WQNJ6A1_0013,2,Q3m-k3,1,768,768,590,540,1130,32
WQNJ6A1_0013,2,Q6-k4,1,768,0,594,0,594,32
WQNJ6A1_0013,2,Q3m-k4,1,768,768,596,540,1136,32
WQNJ6A1_0013,2,Q6-k6,1,768,0,588,0,588,32
WQNJ6A1_0013,2,Q3m-k6,1,768,768,591,554,1145,32
WQNJ6A1_0013,4,xBR,1,3072,0,989,0,989,0
WQNJ6A1_0013,4,Q0,1,3072,0,1163,0,1163,0
WQNJ6A1_0013,4,Q6-k3,1,3072,0,1171,0,1171,32
WQNJ6A1_0013,4,Q3m-k3,1,3072,3072,1201,1219,2420,32
WQNJ6A1_0013,4,Q6-k4,1,3072,0,1191,0,1191,32
WQNJ6A1_0013,4,Q3m-k4,1,3072,3072,1191,1197,2388,32
WQNJ6A1_0013,4,Q6-k6,1,3072,0,1173,0,1173,32
WQNJ6A1_0013,4,Q3m-k6,1,3072,3072,1170,1206,2376,32
