animation_id,ids_symbol,engine_family,animation_type,false_color,split_bams,body_resref,component_family_count,available_component_family_count,source_bam_count,source_frame_count,family_ids,bam_resrefs,queue_state,q3m_production_reference,colour_variant_state,dedup_unique_source_work,dedup_unique_model_candidate_work,dedup_source_work_shared_with_character,dedup_source_plan,q3m_final_work_count_known
0x1000,WYVERN_BIG,monster_quadrant,1000,0,,MWYV,1,1,19,1858,0x1000:body:base-resref:MWYV:MWYV,MWYVG1;MWYVG11;MWYVG12;MWYVG13;MWYVG14;MWYVG1E;MWYVG2;MWYVG21;MWYVG22;MWYVG23;MWYVG24;MWYVG2E;MWYVG3;MWYVG31;MWYVG32;MWYVG33;MWYVG34;MWYVG3E;MWYVINV,to-produce-or-extend-profile,,no-colour-variant-reference,1757,1751,0,sprite/index/q3m-source-work-plan.json,
0x1003,WYVERN_WHITE_BIG,monster_quadrant,1000,0,,MWYV,1,1,19,1858,0x1003:body:base-resref:MWYV:MWYV,MWYVG1;MWYVG11;MWYVG12;MWYVG13;MWYVG14;MWYVG1E;MWYVG2;MWYVG21;MWYVG22;MWYVG23;MWYVG24;MWYVG2E;MWYVG3;MWYVG31;MWYVG32;MWYVG33;MWYVG34;MWYVG3E;MWYVINV,to-produce-or-extend-profile,,no-colour-variant-reference,1757,1751,0,sprite/index/q3m-source-work-plan.json,
0x1004,WYRMLING_ALBINO,monster_quadrant,1000,0,,MWYV,1,1,19,1858,0x1004:body:base-resref:MWYV:MWYV,MWYVG1;MWYVG11;MWYVG12;MWYVG13;MWYVG14;MWYVG1E;MWYVG2;MWYVG21;MWYVG22;MWYVG23;MWYVG24;MWYVG2E;MWYVG3;MWYVG31;MWYVG32;MWYVG33;MWYVG34;MWYVG3E;MWYVINV,to-produce-or-extend-profile,,no-colour-variant-reference,1757,1751,0,sprite/index/q3m-source-work-plan.json,
0x1100,TANARRI,monster_quadrant,1000,0,,MTAN,1,1,50,4096,0x1100:body:base-resref:MTAN:MTAN,MTANA1;MTANA1E;MTANA2;MTANA2E;MTANA3;MTANA3E;MTANCA;MTANCAE;MTANDE;MTANDEE;MTANG11;MTANG11E;MTANG12;MTANG12E;MTANG13;MTANG13E;MTANG14;MTANG14E;MTANG21;MTANG21E;MTANG22;MTANG22E;MTANG23;MTANG23E;MTANG24;MTANG24E;MTANG31;MTANG31E;MTANG32;MTANG32E;MTANG33;MTANG33E;MTANG34;MTANG34E;MTANGH;MTANGHE;MTANGU;MTANGUE;MTANSC;MTANSCE;MTANSD;MTANSDE;MTANSL;MTANSLE;MTANSP;MTANSPE;MTANTW;MTANTWE;MTANWK;MTANWKE,to-produce-or-extend-profile,,no-colour-variant-reference,4013,4008,1,sprite/index/q3m-source-work-plan.json,
0x1101,DRAGON_WHITE,monster_quadrant,1000,0,,MWDR,1,0,0,0,0x1101:body:base-resref:MWDR:MWDR,,source-absent,,source-absent,0,0,0,sprite/index/q3m-source-work-plan.json,
0x1102,FIEND_BLUE,monster_quadrant,1000,0,,MTAN,1,1,50,4096,0x1102:body:base-resref:MTAN:MTAN,MTANA1;MTANA1E;MTANA2;MTANA2E;MTANA3;MTANA3E;MTANCA;MTANCAE;MTANDE;MTANDEE;MTANG11;MTANG11E;MTANG12;MTANG12E;MTANG13;MTANG13E;MTANG14;MTANG14E;MTANG21;MTANG21E;MTANG22;MTANG22E;MTANG23;MTANG23E;MTANG24;MTANG24E;MTANG31;MTANG31E;MTANG32;MTANG32E;MTANG33;MTANG33E;MTANG34;MTANG34E;MTANGH;MTANGHE;MTANGU;MTANGUE;MTANSC;MTANSCE;MTANSD;MTANSDE;MTANSL;MTANSLE;MTANSP;MTANSPE;MTANTW;MTANTWE;MTANWK;MTANWKE,to-produce-or-extend-profile,,no-colour-variant-reference,4013,4008,1,sprite/index/q3m-source-work-plan.json,
0x1103,FIEND_GREEN,monster_quadrant,1000,0,,MTAN,1,1,50,4096,0x1103:body:base-resref:MTAN:MTAN,MTANA1;MTANA1E;MTANA2;MTANA2E;MTANA3;MTANA3E;MTANCA;MTANCAE;MTANDE;MTANDEE;MTANG11;MTANG11E;MTANG12;MTANG12E;MTANG13;MTANG13E;MTANG14;MTANG14E;MTANG21;MTANG21E;MTANG22;MTANG22E;MTANG23;MTANG23E;MTANG24;MTANG24E;MTANG31;MTANG31E;MTANG32;MTANG32E;MTANG33;MTANG33E;MTANG34;MTANG34E;MTANGH;MTANGHE;MTANGU;MTANGUE;MTANSC;MTANSCE;MTANSD;MTANSDE;MTANSL;MTANSLE;MTANSP;MTANSPE;MTANTW;MTANTWE;MTANWK;MTANWKE,to-produce-or-extend-profile,,no-colour-variant-reference,4013,4008,1,sprite/index/q3m-source-work-plan.json,
0x1104,FIEND_RED,monster_quadrant,1000,0,,MTAN,1,1,50,4096,0x1104:body:base-resref:MTAN:MTAN,MTANA1;MTANA1E;MTANA2;MTANA2E;MTANA3;MTANA3E;MTANCA;MTANCAE;MTANDE;MTANDEE;MTANG11;MTANG11E;MTANG12;MTANG12E;MTANG13;MTANG13E;MTANG14;MTANG14E;MTANG21;MTANG21E;MTANG22;MTANG22E;MTANG23;MTANG23E;MTANG24;MTANG24E;MTANG31;MTANG31E;MTANG32;MTANG32E;MTANG33;MTANG33E;MTANG34;MTANG34E;MTANGH;MTANGHE;MTANGU;MTANGUE;MTANSC;MTANSCE;MTANSD;MTANSDE;MTANSL;MTANSLE;MTANSP;MTANSPE;MTANTW;MTANTWE;MTANWK;MTANWKE,to-produce-or-extend-profile,,no-colour-variant-reference,4013,4008,1,sprite/index/q3m-source-work-plan.json,
0x1105,DRAGON_GREEN_IWD,monster_quadrant,1000,0,,MWDR,1,0,0,0,0x1105:body:base-resref:MWDR:MWDR,,source-absent,,source-absent,0,0,0,sprite/index/q3m-source-work-plan.json,
0x1200,DRAGON_RED,multi_new,1000,0,1,MDR1,1,1,567,54675,0x1200:body:base-resref:MDR1:MDR1,MDR11100;MDR11101;MDR11102;MDR11103;MDR11104;MDR11105;MDR11106;MDR11107;MDR11108;MDR11200;MDR11201;MDR11202;MDR11203;MDR11204;MDR11205;MDR11206;MDR11207;MDR11208;MDR11300;MDR11301;MDR11302;MDR11303;MDR11304;MDR11305;MDR11306;MDR11307;MDR11308;MDR11400;MDR11401;MDR11402;MDR11403;MDR11404;MDR11405;MDR11406;MDR11407;MDR11408;MDR11500;MDR11501;MDR11502;MDR11503;MDR11504;MDR11505;MDR11506;MDR11507;MDR11508;MDR11600;MDR11601;MDR11602;MDR11603;MDR11604;MDR11605;MDR11606;MDR11607;MDR11608;MDR11700;MDR11701;MDR11702;MDR11703;MDR11704;MDR11705;MDR11706;MDR11707;MDR11708;MDR11800;MDR11801;MDR11802;MDR11803;MDR11804;MDR11805;MDR11806;MDR11807;MDR11808;MDR11900;MDR11901;MDR11902;MDR11903;MDR11904;MDR11905;MDR11906;MDR11907;MDR11908;MDR12100;MDR12101;MDR12102;MDR12103;MDR12104;MDR12105;MDR12106;MDR12107;MDR12108;MDR12200;MDR12201;MDR12202;MDR12203;MDR12204;MDR12205;MDR12206;MDR12207;MDR12208;MDR12300;MDR12301;MDR12302;MDR12303;MDR12304;MDR12305;MDR12306;MDR12307;MDR12308;MDR12400;MDR12401;MDR12402;MDR12403;MDR12404;MDR12405;MDR12406;MDR12407;MDR12408;MDR12500;MDR12501;MDR12502;MDR12503;MDR12504;MDR12505;MDR12506;MDR12507;MDR12508;MDR12600;MDR12601;MDR12602;MDR12603;MDR12604;MDR12605;MDR12606;MDR12607;MDR12608;MDR12700;MDR12701;MDR12702;MDR12703;MDR12704;MDR12705;MDR12706;MDR12707;MDR12708;MDR12800;MDR12801;MDR12802;MDR12803;MDR12804;MDR12805;MDR12806;MDR12807;MDR12808;MDR12900;MDR12901;MDR12902;MDR12903;MDR12904;MDR12905;MDR12906;MDR12907;MDR12908;MDR13100;MDR13101;MDR13102;MDR13103;MDR13104;MDR13105;MDR13106;MDR13107;MDR13108;MDR13200;MDR13201;MDR13202;MDR13203;MDR13204;MDR13205;MDR13206;MDR13207;MDR13208;MDR13300;MDR13301;MDR13302;MDR13303;MDR13304;MDR13305;MDR13306;MDR13307;MDR13308;MDR13400;MDR13401;MDR13402;MDR13403;MDR13404;MDR13405;MDR13406;MDR13407;MDR13408;MDR13500;MDR13501;MDR13502;MDR13503;MDR13504;MDR13505;MDR13506;MDR13507;MDR13508;MDR13600;MDR13601;MDR13602;MDR13603;MDR13604;MDR13605;MDR13606;MDR13607;MDR13608;MDR13700;MDR13701;MDR13702;MDR13703;MDR13704;MDR13705;MDR13706;MDR13707;MDR13708;MDR13800;MDR13801;MDR13802;MDR13803;MDR13804;MDR13805;MDR13806;MDR13807;MDR13808;MDR13900;MDR13901;MDR13902;MDR13903;MDR13904;MDR13905;MDR13906;MDR13907;MDR13908;MDR14100;MDR14101;MDR14102;MDR14103;MDR14104;MDR14105;MDR14106;MDR14107;MDR14108;MDR14110;MDR14111;MDR14112;MDR14113;MDR14114;MDR14115;MDR14116;MDR14117;MDR14118;MDR14120;MDR14121;MDR14122;MDR14123;MDR14124;MDR14125;MDR14126;MDR14127;MDR14128;MDR14200;MDR14201;MDR14202;MDR14203;MDR14204;MDR14205;MDR14206;MDR14207;MDR14208;MDR14210;MDR14211;MDR14212;MDR14213;MDR14214;MDR14215;MDR14216;MDR14217;MDR14218;MDR14220;MDR14221;MDR14222;MDR14223;MDR14224;MDR14225;MDR14226;MDR14227;MDR14228;MDR14300;MDR14301;MDR14302;MDR14303;MDR14304;MDR14305;MDR14306;MDR14307;MDR14308;MDR14310;MDR14311;MDR14312;MDR14313;MDR14314;MDR14315;MDR14316;MDR14317;MDR14318;MDR14320;MDR14321;MDR14322;MDR14323;MDR14324;MDR14325;MDR14326;MDR14327;MDR14328;MDR14400;MDR14401;MDR14402;MDR14403;MDR14404;MDR14405;MDR14406;MDR14407;MDR14408;MDR14410;MDR14411;MDR14412;MDR14413;MDR14414;MDR14415;MDR14416;MDR14417;MDR14418;MDR14420;MDR14421;MDR14422;MDR14423;MDR14424;MDR14425;MDR14426;MDR14427;MDR14428;MDR14500;MDR14501;MDR14502;MDR14503;MDR14504;MDR14505;MDR14506;MDR14507;MDR14508;MDR14510;MDR14511;MDR14512;MDR14513;MDR14514;MDR14515;MDR14516;MDR14517;MDR14518;MDR14520;MDR14521;MDR14522;MDR14523;MDR14524;MDR14525;MDR14526;MDR14527;MDR14528;MDR14600;MDR14601;MDR14602;MDR14603;MDR14604;MDR14605;MDR14606;MDR14607;MDR14608;MDR14610;MDR14611;MDR14612;MDR14613;MDR14614;MDR14615;MDR14616;MDR14617;MDR14618;MDR14620;MDR14621;MDR14622;MDR14623;MDR14624;MDR14625;MDR14626;MDR14627;MDR14628;MDR14700;MDR14701;MDR14702;MDR14703;MDR14704;MDR14705;MDR14706;MDR14707;MDR14708;MDR14710;MDR14711;MDR14712;MDR14713;MDR14714;MDR14715;MDR14716;MDR14717;MDR14718;MDR14720;MDR14721;MDR14722;MDR14723;MDR14724;MDR14725;MDR14726;MDR14727;MDR14728;MDR14800;MDR14801;MDR14802;MDR14803;MDR14804;MDR14805;MDR14806;MDR14807;MDR14808;MDR14810;MDR14811;MDR14812;MDR14813;MDR14814;MDR14815;MDR14816;MDR14817;MDR14818;MDR14820;MDR14821;MDR14822;MDR14823;MDR14824;MDR14825;MDR14826;MDR14827;MDR14828;MDR14900;MDR14901;MDR14902;MDR14903;MDR14904;MDR14905;MDR14906;MDR14907;MDR14908;MDR14910;MDR14911;MDR14912;MDR14913;MDR14914;MDR14915;MDR14916;MDR14917;MDR14918;MDR14920;MDR14921;MDR14922;MDR14923;MDR14924;MDR14925;MDR14926;MDR14927;MDR14928;MDR15110;MDR15111;MDR15112;MDR15113;MDR15114;MDR15115;MDR15116;MDR15117;MDR15118;MDR15210;MDR15211;MDR15212;MDR15213;MDR15214;MDR15215;MDR15216;MDR15217;MDR15218;MDR15310;MDR15311;MDR15312;MDR15313;MDR15314;MDR15315;MDR15316;MDR15317;MDR15318;MDR15410;MDR15411;MDR15412;MDR15413;MDR15414;MDR15415;MDR15416;MDR15417;MDR15418;MDR15510;MDR15511;MDR15512;MDR15513;MDR15514;MDR15515;MDR15516;MDR15517;MDR15518;MDR15610;MDR15611;MDR15612;MDR15613;MDR15614;MDR15615;MDR15616;MDR15617;MDR15618;MDR15710;MDR15711;MDR15712;MDR15713;MDR15714;MDR15715;MDR15716;MDR15717;MDR15718;MDR15810;MDR15811;MDR15812;MDR15813;MDR15814;MDR15815;MDR15816;MDR15817;MDR15818;MDR15910;MDR15911;MDR15912;MDR15913;MDR15914;MDR15915;MDR15916;MDR15917;MDR15918,to-produce-or-extend-profile,,no-colour-variant-reference,4274,4171,0,sprite/index/q3m-source-work-plan.json,
0x1201,DRAGON_BLACK,multi_new,1000,0,1,MDR2,1,1,567,54675,0x1201:body:base-resref:MDR2:MDR2,MDR21100;MDR21101;MDR21102;MDR21103;MDR21104;MDR21105;MDR21106;MDR21107;MDR21108;MDR21200;MDR21201;MDR21202;MDR21203;MDR21204;MDR21205;MDR21206;MDR21207;MDR21208;MDR21300;MDR21301;MDR21302;MDR21303;MDR21304;MDR21305;MDR21306;MDR21307;MDR21308;MDR21400;MDR21401;MDR21402;MDR21403;MDR21404;MDR21405;MDR21406;MDR21407;MDR21408;MDR21500;MDR21501;MDR21502;MDR21503;MDR21504;MDR21505;MDR21506;MDR21507;MDR21508;MDR21600;MDR21601;MDR21602;MDR21603;MDR21604;MDR21605;MDR21606;MDR21607;MDR21608;MDR21700;MDR21701;MDR21702;MDR21703;MDR21704;MDR21705;MDR21706;MDR21707;MDR21708;MDR21800;MDR21801;MDR21802;MDR21803;MDR21804;MDR21805;MDR21806;MDR21807;MDR21808;MDR21900;MDR21901;MDR21902;MDR21903;MDR21904;MDR21905;MDR21906;MDR21907;MDR21908;MDR22100;MDR22101;MDR22102;MDR22103;MDR22104;MDR22105;MDR22106;MDR22107;MDR22108;MDR22200;MDR22201;MDR22202;MDR22203;MDR22204;MDR22205;MDR22206;MDR22207;MDR22208;MDR22300;MDR22301;MDR22302;MDR22303;MDR22304;MDR22305;MDR22306;MDR22307;MDR22308;MDR22400;MDR22401;MDR22402;MDR22403;MDR22404;MDR22405;MDR22406;MDR22407;MDR22408;MDR22500;MDR22501;MDR22502;MDR22503;MDR22504;MDR22505;MDR22506;MDR22507;MDR22508;MDR22600;MDR22601;MDR22602;MDR22603;MDR22604;MDR22605;MDR22606;MDR22607;MDR22608;MDR22700;MDR22701;MDR22702;MDR22703;MDR22704;MDR22705;MDR22706;MDR22707;MDR22708;MDR22800;MDR22801;MDR22802;MDR22803;MDR22804;MDR22805;MDR22806;MDR22807;MDR22808;MDR22900;MDR22901;MDR22902;MDR22903;MDR22904;MDR22905;MDR22906;MDR22907;MDR22908;MDR23100;MDR23101;MDR23102;MDR23103;MDR23104;MDR23105;MDR23106;MDR23107;MDR23108;MDR23200;MDR23201;MDR23202;MDR23203;MDR23204;MDR23205;MDR23206;MDR23207;MDR23208;MDR23300;MDR23301;MDR23302;MDR23303;MDR23304;MDR23305;MDR23306;MDR23307;MDR23308;MDR23400;MDR23401;MDR23402;MDR23403;MDR23404;MDR23405;MDR23406;MDR23407;MDR23408;MDR23500;MDR23501;MDR23502;MDR23503;MDR23504;MDR23505;MDR23506;MDR23507;MDR23508;MDR23600;MDR23601;MDR23602;MDR23603;MDR23604;MDR23605;MDR23606;MDR23607;MDR23608;MDR23700;MDR23701;MDR23702;MDR23703;MDR23704;MDR23705;MDR23706;MDR23707;MDR23708;MDR23800;MDR23801;MDR23802;MDR23803;MDR23804;MDR23805;MDR23806;MDR23807;MDR23808;MDR23900;MDR23901;MDR23902;MDR23903;MDR23904;MDR23905;MDR23906;MDR23907;MDR23908;MDR24100;MDR24101;MDR24102;MDR24103;MDR24104;MDR24105;MDR24106;MDR24107;MDR24108;MDR24110;MDR24111;MDR24112;MDR24113;MDR24114;MDR24115;MDR24116;MDR24117;MDR24118;MDR24120;MDR24121;MDR24122;MDR24123;MDR24124;MDR24125;MDR24126;MDR24127;MDR24128;MDR24200;MDR24201;MDR24202;MDR24203;MDR24204;MDR24205;MDR24206;MDR24207;MDR24208;MDR24210;MDR24211;MDR24212;MDR24213;MDR24214;MDR24215;MDR24216;MDR24217;MDR24218;MDR24220;MDR24221;MDR24222;MDR24223;MDR24224;MDR24225;MDR24226;MDR24227;MDR24228;MDR24300;MDR24301;MDR24302;MDR24303;MDR24304;MDR24305;MDR24306;MDR24307;MDR24308;MDR24310;MDR24311;MDR24312;MDR24313;MDR24314;MDR24315;MDR24316;MDR24317;MDR24318;MDR24320;MDR24321;MDR24322;MDR24323;MDR24324;MDR24325;MDR24326;MDR24327;MDR24328;MDR24400;MDR24401;MDR24402;MDR24403;MDR24404;MDR24405;MDR24406;MDR24407;MDR24408;MDR24410;MDR24411;MDR24412;MDR24413;MDR24414;MDR24415;MDR24416;MDR24417;MDR24418;MDR24420;MDR24421;MDR24422;MDR24423;MDR24424;MDR24425;MDR24426;MDR24427;MDR24428;MDR24500;MDR24501;MDR24502;MDR24503;MDR24504;MDR24505;MDR24506;MDR24507;MDR24508;MDR24510;MDR24511;MDR24512;MDR24513;MDR24514;MDR24515;MDR24516;MDR24517;MDR24518;MDR24520;MDR24521;MDR24522;MDR24523;MDR24524;MDR24525;MDR24526;MDR24527;MDR24528;MDR24600;MDR24601;MDR24602;MDR24603;MDR24604;MDR24605;MDR24606;MDR24607;MDR24608;MDR24610;MDR24611;MDR24612;MDR24613;MDR24614;MDR24615;MDR24616;MDR24617;MDR24618;MDR24620;MDR24621;MDR24622;MDR24623;MDR24624;MDR24625;MDR24626;MDR24627;MDR24628;MDR24700;MDR24701;MDR24702;MDR24703;MDR24704;MDR24705;MDR24706;MDR24707;MDR24708;MDR24710;MDR24711;MDR24712;MDR24713;MDR24714;MDR24715;MDR24716;MDR24717;MDR24718;MDR24720;MDR24721;MDR24722;MDR24723;MDR24724;MDR24725;MDR24726;MDR24727;MDR24728;MDR24800;MDR24801;MDR24802;MDR24803;MDR24804;MDR24805;MDR24806;MDR24807;MDR24808;MDR24810;MDR24811;MDR24812;MDR24813;MDR24814;MDR24815;MDR24816;MDR24817;MDR24818;MDR24820;MDR24821;MDR24822;MDR24823;MDR24824;MDR24825;MDR24826;MDR24827;MDR24828;MDR24900;MDR24901;MDR24902;MDR24903;MDR24904;MDR24905;MDR24906;MDR24907;MDR24908;MDR24910;MDR24911;MDR24912;MDR24913;MDR24914;MDR24915;MDR24916;MDR24917;MDR24918;MDR24920;MDR24921;MDR24922;MDR24923;MDR24924;MDR24925;MDR24926;MDR24927;MDR24928;MDR25110;MDR25111;MDR25112;MDR25113;MDR25114;MDR25115;MDR25116;MDR25117;MDR25118;MDR25210;MDR25211;MDR25212;MDR25213;MDR25214;MDR25215;MDR25216;MDR25217;MDR25218;MDR25310;MDR25311;MDR25312;MDR25313;MDR25314;MDR25315;MDR25316;MDR25317;MDR25318;MDR25410;MDR25411;MDR25412;MDR25413;MDR25414;MDR25415;MDR25416;MDR25417;MDR25418;MDR25510;MDR25511;MDR25512;MDR25513;MDR25514;MDR25515;MDR25516;MDR25517;MDR25518;MDR25610;MDR25611;MDR25612;MDR25613;MDR25614;MDR25615;MDR25616;MDR25617;MDR25618;MDR25710;MDR25711;MDR25712;MDR25713;MDR25714;MDR25715;MDR25716;MDR25717;MDR25718;MDR25810;MDR25811;MDR25812;MDR25813;MDR25814;MDR25815;MDR25816;MDR25817;MDR25818;MDR25910;MDR25911;MDR25912;MDR25913;MDR25914;MDR25915;MDR25916;MDR25917;MDR25918,to-produce-or-extend-profile,,no-colour-variant-reference,4277,4148,0,sprite/index/q3m-source-work-plan.json,
0x1202,DRAGON_SILVER,multi_new,1000,0,1,MDR3,1,1,567,54675,0x1202:body:base-resref:MDR3:MDR3,MDR31100;MDR31101;MDR31102;MDR31103;MDR31104;MDR31105;MDR31106;MDR31107;MDR31108;MDR31200;MDR31201;MDR31202;MDR31203;MDR31204;MDR31205;MDR31206;MDR31207;MDR31208;MDR31300;MDR31301;MDR31302;MDR31303;MDR31304;MDR31305;MDR31306;MDR31307;MDR31308;MDR31400;MDR31401;MDR31402;MDR31403;MDR31404;MDR31405;MDR31406;MDR31407;MDR31408;MDR31500;MDR31501;MDR31502;MDR31503;MDR31504;MDR31505;MDR31506;MDR31507;MDR31508;MDR31600;MDR31601;MDR31602;MDR31603;MDR31604;MDR31605;MDR31606;MDR31607;MDR31608;MDR31700;MDR31701;MDR31702;MDR31703;MDR31704;MDR31705;MDR31706;MDR31707;MDR31708;MDR31800;MDR31801;MDR31802;MDR31803;MDR31804;MDR31805;MDR31806;MDR31807;MDR31808;MDR31900;MDR31901;MDR31902;MDR31903;MDR31904;MDR31905;MDR31906;MDR31907;MDR31908;MDR32100;MDR32101;MDR32102;MDR32103;MDR32104;MDR32105;MDR32106;MDR32107;MDR32108;MDR32200;MDR32201;MDR32202;MDR32203;MDR32204;MDR32205;MDR32206;MDR32207;MDR32208;MDR32300;MDR32301;MDR32302;MDR32303;MDR32304;MDR32305;MDR32306;MDR32307;MDR32308;MDR32400;MDR32401;MDR32402;MDR32403;MDR32404;MDR32405;MDR32406;MDR32407;MDR32408;MDR32500;MDR32501;MDR32502;MDR32503;MDR32504;MDR32505;MDR32506;MDR32507;MDR32508;MDR32600;MDR32601;MDR32602;MDR32603;MDR32604;MDR32605;MDR32606;MDR32607;MDR32608;MDR32700;MDR32701;MDR32702;MDR32703;MDR32704;MDR32705;MDR32706;MDR32707;MDR32708;MDR32800;MDR32801;MDR32802;MDR32803;MDR32804;MDR32805;MDR32806;MDR32807;MDR32808;MDR32900;MDR32901;MDR32902;MDR32903;MDR32904;MDR32905;MDR32906;MDR32907;MDR32908;MDR33100;MDR33101;MDR33102;MDR33103;MDR33104;MDR33105;MDR33106;MDR33107;MDR33108;MDR33200;MDR33201;MDR33202;MDR33203;MDR33204;MDR33205;MDR33206;MDR33207;MDR33208;MDR33300;MDR33301;MDR33302;MDR33303;MDR33304;MDR33305;MDR33306;MDR33307;MDR33308;MDR33400;MDR33401;MDR33402;MDR33403;MDR33404;MDR33405;MDR33406;MDR33407;MDR33408;MDR33500;MDR33501;MDR33502;MDR33503;MDR33504;MDR33505;MDR33506;MDR33507;MDR33508;MDR33600;MDR33601;MDR33602;MDR33603;MDR33604;MDR33605;MDR33606;MDR33607;MDR33608;MDR33700;MDR33701;MDR33702;MDR33703;MDR33704;MDR33705;MDR33706;MDR33707;MDR33708;MDR33800;MDR33801;MDR33802;MDR33803;MDR33804;MDR33805;MDR33806;MDR33807;MDR33808;MDR33900;MDR33901;MDR33902;MDR33903;MDR33904;MDR33905;MDR33906;MDR33907;MDR33908;MDR34100;MDR34101;MDR34102;MDR34103;MDR34104;MDR34105;MDR34106;MDR34107;MDR34108;MDR34110;MDR34111;MDR34112;MDR34113;MDR34114;MDR34115;MDR34116;MDR34117;MDR34118;MDR34120;MDR34121;MDR34122;MDR34123;MDR34124;MDR34125;MDR34126;MDR34127;MDR34128;MDR34200;MDR34201;MDR34202;MDR34203;MDR34204;MDR34205;MDR34206;MDR34207;MDR34208;MDR34210;MDR34211;MDR34212;MDR34213;MDR34214;MDR34215;MDR34216;MDR34217;MDR34218;MDR34220;MDR34221;MDR34222;MDR34223;MDR34224;MDR34225;MDR34226;MDR34227;MDR34228;MDR34300;MDR34301;MDR34302;MDR34303;MDR34304;MDR34305;MDR34306;MDR34307;MDR34308;MDR34310;MDR34311;MDR34312;MDR34313;MDR34314;MDR34315;MDR34316;MDR34317;MDR34318;MDR34320;MDR34321;MDR34322;MDR34323;MDR34324;MDR34325;MDR34326;MDR34327;MDR34328;MDR34400;MDR34401;MDR34402;MDR34403;MDR34404;MDR34405;MDR34406;MDR34407;MDR34408;MDR34410;MDR34411;MDR34412;MDR34413;MDR34414;MDR34415;MDR34416;MDR34417;MDR34418;MDR34420;MDR34421;MDR34422;MDR34423;MDR34424;MDR34425;MDR34426;MDR34427;MDR34428;MDR34500;MDR34501;MDR34502;MDR34503;MDR34504;MDR34505;MDR34506;MDR34507;MDR34508;MDR34510;MDR34511;MDR34512;MDR34513;MDR34514;MDR34515;MDR34516;MDR34517;MDR34518;MDR34520;MDR34521;MDR34522;MDR34523;MDR34524;MDR34525;MDR34526;MDR34527;MDR34528;MDR34600;MDR34601;MDR34602;MDR34603;MDR34604;MDR34605;MDR34606;MDR34607;MDR34608;MDR34610;MDR34611;MDR34612;MDR34613;MDR34614;MDR34615;MDR34616;MDR34617;MDR34618;MDR34620;MDR34621;MDR34622;MDR34623;MDR34624;MDR34625;MDR34626;MDR34627;MDR34628;MDR34700;MDR34701;MDR34702;MDR34703;MDR34704;MDR34705;MDR34706;MDR34707;MDR34708;MDR34710;MDR34711;MDR34712;MDR34713;MDR34714;MDR34715;MDR34716;MDR34717;MDR34718;MDR34720;MDR34721;MDR34722;MDR34723;MDR34724;MDR34725;MDR34726;MDR34727;MDR34728;MDR34800;MDR34801;MDR34802;MDR34803;MDR34804;MDR34805;MDR34806;MDR34807;MDR34808;MDR34810;MDR34811;MDR34812;MDR34813;MDR34814;MDR34815;MDR34816;MDR34817;MDR34818;MDR34820;MDR34821;MDR34822;MDR34823;MDR34824;MDR34825;MDR34826;MDR34827;MDR34828;MDR34900;MDR34901;MDR34902;MDR34903;MDR34904;MDR34905;MDR34906;MDR34907;MDR34908;MDR34910;MDR34911;MDR34912;MDR34913;MDR34914;MDR34915;MDR34916;MDR34917;MDR34918;MDR34920;MDR34921;MDR34922;MDR34923;MDR34924;MDR34925;MDR34926;MDR34927;MDR34928;MDR35110;MDR35111;MDR35112;MDR35113;MDR35114;MDR35115;MDR35116;MDR35117;MDR35118;MDR35210;MDR35211;MDR35212;MDR35213;MDR35214;MDR35215;MDR35216;MDR35217;MDR35218;MDR35310;MDR35311;MDR35312;MDR35313;MDR35314;MDR35315;MDR35316;MDR35317;MDR35318;MDR35410;MDR35411;MDR35412;MDR35413;MDR35414;MDR35415;MDR35416;MDR35417;MDR35418;MDR35510;MDR35511;MDR35512;MDR35513;MDR35514;MDR35515;MDR35516;MDR35517;MDR35518;MDR35610;MDR35611;MDR35612;MDR35613;MDR35614;MDR35615;MDR35616;MDR35617;MDR35618;MDR35710;MDR35711;MDR35712;MDR35713;MDR35714;MDR35715;MDR35716;MDR35717;MDR35718;MDR35810;MDR35811;MDR35812;MDR35813;MDR35814;MDR35815;MDR35816;MDR35817;MDR35818;MDR35910;MDR35911;MDR35912;MDR35913;MDR35914;MDR35915;MDR35916;MDR35917;MDR35918,to-produce-or-extend-profile,,no-colour-variant-reference,4279,4170,0,sprite/index/q3m-source-work-plan.json,
0x1203,DRAGON_GREEN,multi_new,1000,0,1,MDR1,1,1,567,54675,0x1203:body:base-resref:MDR1:MDR1,MDR11100;MDR11101;MDR11102;MDR11103;MDR11104;MDR11105;MDR11106;MDR11107;MDR11108;MDR11200;MDR11201;MDR11202;MDR11203;MDR11204;MDR11205;MDR11206;MDR11207;MDR11208;MDR11300;MDR11301;MDR11302;MDR11303;MDR11304;MDR11305;MDR11306;MDR11307;MDR11308;MDR11400;MDR11401;MDR11402;MDR11403;MDR11404;MDR11405;MDR11406;MDR11407;MDR11408;MDR11500;MDR11501;MDR11502;MDR11503;MDR11504;MDR11505;MDR11506;MDR11507;MDR11508;MDR11600;MDR11601;MDR11602;MDR11603;MDR11604;MDR11605;MDR11606;MDR11607;MDR11608;MDR11700;MDR11701;MDR11702;MDR11703;MDR11704;MDR11705;MDR11706;MDR11707;MDR11708;MDR11800;MDR11801;MDR11802;MDR11803;MDR11804;MDR11805;MDR11806;MDR11807;MDR11808;MDR11900;MDR11901;MDR11902;MDR11903;MDR11904;MDR11905;MDR11906;MDR11907;MDR11908;MDR12100;MDR12101;MDR12102;MDR12103;MDR12104;MDR12105;MDR12106;MDR12107;MDR12108;MDR12200;MDR12201;MDR12202;MDR12203;MDR12204;MDR12205;MDR12206;MDR12207;MDR12208;MDR12300;MDR12301;MDR12302;MDR12303;MDR12304;MDR12305;MDR12306;MDR12307;MDR12308;MDR12400;MDR12401;MDR12402;MDR12403;MDR12404;MDR12405;MDR12406;MDR12407;MDR12408;MDR12500;MDR12501;MDR12502;MDR12503;MDR12504;MDR12505;MDR12506;MDR12507;MDR12508;MDR12600;MDR12601;MDR12602;MDR12603;MDR12604;MDR12605;MDR12606;MDR12607;MDR12608;MDR12700;MDR12701;MDR12702;MDR12703;MDR12704;MDR12705;MDR12706;MDR12707;MDR12708;MDR12800;MDR12801;MDR12802;MDR12803;MDR12804;MDR12805;MDR12806;MDR12807;MDR12808;MDR12900;MDR12901;MDR12902;MDR12903;MDR12904;MDR12905;MDR12906;MDR12907;MDR12908;MDR13100;MDR13101;MDR13102;MDR13103;MDR13104;MDR13105;MDR13106;MDR13107;MDR13108;MDR13200;MDR13201;MDR13202;MDR13203;MDR13204;MDR13205;MDR13206;MDR13207;MDR13208;MDR13300;MDR13301;MDR13302;MDR13303;MDR13304;MDR13305;MDR13306;MDR13307;MDR13308;MDR13400;MDR13401;MDR13402;MDR13403;MDR13404;MDR13405;MDR13406;MDR13407;MDR13408;MDR13500;MDR13501;MDR13502;MDR13503;MDR13504;MDR13505;MDR13506;MDR13507;MDR13508;MDR13600;MDR13601;MDR13602;MDR13603;MDR13604;MDR13605;MDR13606;MDR13607;MDR13608;MDR13700;MDR13701;MDR13702;MDR13703;MDR13704;MDR13705;MDR13706;MDR13707;MDR13708;MDR13800;MDR13801;MDR13802;MDR13803;MDR13804;MDR13805;MDR13806;MDR13807;MDR13808;MDR13900;MDR13901;MDR13902;MDR13903;MDR13904;MDR13905;MDR13906;MDR13907;MDR13908;MDR14100;MDR14101;MDR14102;MDR14103;MDR14104;MDR14105;MDR14106;MDR14107;MDR14108;MDR14110;MDR14111;MDR14112;MDR14113;MDR14114;MDR14115;MDR14116;MDR14117;MDR14118;MDR14120;MDR14121;MDR14122;MDR14123;MDR14124;MDR14125;MDR14126;MDR14127;MDR14128;MDR14200;MDR14201;MDR14202;MDR14203;MDR14204;MDR14205;MDR14206;MDR14207;MDR14208;MDR14210;MDR14211;MDR14212;MDR14213;MDR14214;MDR14215;MDR14216;MDR14217;MDR14218;MDR14220;MDR14221;MDR14222;MDR14223;MDR14224;MDR14225;MDR14226;MDR14227;MDR14228;MDR14300;MDR14301;MDR14302;MDR14303;MDR14304;MDR14305;MDR14306;MDR14307;MDR14308;MDR14310;MDR14311;MDR14312;MDR14313;MDR14314;MDR14315;MDR14316;MDR14317;MDR14318;MDR14320;MDR14321;MDR14322;MDR14323;MDR14324;MDR14325;MDR14326;MDR14327;MDR14328;MDR14400;MDR14401;MDR14402;MDR14403;MDR14404;MDR14405;MDR14406;MDR14407;MDR14408;MDR14410;MDR14411;MDR14412;MDR14413;MDR14414;MDR14415;MDR14416;MDR14417;MDR14418;MDR14420;MDR14421;MDR14422;MDR14423;MDR14424;MDR14425;MDR14426;MDR14427;MDR14428;MDR14500;MDR14501;MDR14502;MDR14503;MDR14504;MDR14505;MDR14506;MDR14507;MDR14508;MDR14510;MDR14511;MDR14512;MDR14513;MDR14514;MDR14515;MDR14516;MDR14517;MDR14518;MDR14520;MDR14521;MDR14522;MDR14523;MDR14524;MDR14525;MDR14526;MDR14527;MDR14528;MDR14600;MDR14601;MDR14602;MDR14603;MDR14604;MDR14605;MDR14606;MDR14607;MDR14608;MDR14610;MDR14611;MDR14612;MDR14613;MDR14614;MDR14615;MDR14616;MDR14617;MDR14618;MDR14620;MDR14621;MDR14622;MDR14623;MDR14624;MDR14625;MDR14626;MDR14627;MDR14628;MDR14700;MDR14701;MDR14702;MDR14703;MDR14704;MDR14705;MDR14706;MDR14707;MDR14708;MDR14710;MDR14711;MDR14712;MDR14713;MDR14714;MDR14715;MDR14716;MDR14717;MDR14718;MDR14720;MDR14721;MDR14722;MDR14723;MDR14724;MDR14725;MDR14726;MDR14727;MDR14728;MDR14800;MDR14801;MDR14802;MDR14803;MDR14804;MDR14805;MDR14806;MDR14807;MDR14808;MDR14810;MDR14811;MDR14812;MDR14813;MDR14814;MDR14815;MDR14816;MDR14817;MDR14818;MDR14820;MDR14821;MDR14822;MDR14823;MDR14824;MDR14825;MDR14826;MDR14827;MDR14828;MDR14900;MDR14901;MDR14902;MDR14903;MDR14904;MDR14905;MDR14906;MDR14907;MDR14908;MDR14910;MDR14911;MDR14912;MDR14913;MDR14914;MDR14915;MDR14916;MDR14917;MDR14918;MDR14920;MDR14921;MDR14922;MDR14923;MDR14924;MDR14925;MDR14926;MDR14927;MDR14928;MDR15110;MDR15111;MDR15112;MDR15113;MDR15114;MDR15115;MDR15116;MDR15117;MDR15118;MDR15210;MDR15211;MDR15212;MDR15213;MDR15214;MDR15215;MDR15216;MDR15217;MDR15218;MDR15310;MDR15311;MDR15312;MDR15313;MDR15314;MDR15315;MDR15316;MDR15317;MDR15318;MDR15410;MDR15411;MDR15412;MDR15413;MDR15414;MDR15415;MDR15416;MDR15417;MDR15418;MDR15510;MDR15511;MDR15512;MDR15513;MDR15514;MDR15515;MDR15516;MDR15517;MDR15518;MDR15610;MDR15611;MDR15612;MDR15613;MDR15614;MDR15615;MDR15616;MDR15617;MDR15618;MDR15710;MDR15711;MDR15712;MDR15713;MDR15714;MDR15715;MDR15716;MDR15717;MDR15718;MDR15810;MDR15811;MDR15812;MDR15813;MDR15814;MDR15815;MDR15816;MDR15817;MDR15818;MDR15910;MDR15911;MDR15912;MDR15913;MDR15914;MDR15915;MDR15916;MDR15917;MDR15918,to-produce-or-extend-profile,,no-colour-variant-reference,4274,4171,0,sprite/index/q3m-source-work-plan.json,
0x1204,DRAGON_AQUA,multi_new,1000,0,1,MDR1,1,1,567,54675,0x1204:body:base-resref:MDR1:MDR1,MDR11100;MDR11101;MDR11102;MDR11103;MDR11104;MDR11105;MDR11106;MDR11107;MDR11108;MDR11200;MDR11201;MDR11202;MDR11203;MDR11204;MDR11205;MDR11206;MDR11207;MDR11208;MDR11300;MDR11301;MDR11302;MDR11303;MDR11304;MDR11305;MDR11306;MDR11307;MDR11308;MDR11400;MDR11401;MDR11402;MDR11403;MDR11404;MDR11405;MDR11406;MDR11407;MDR11408;MDR11500;MDR11501;MDR11502;MDR11503;MDR11504;MDR11505;MDR11506;MDR11507;MDR11508;MDR11600;MDR11601;MDR11602;MDR11603;MDR11604;MDR11605;MDR11606;MDR11607;MDR11608;MDR11700;MDR11701;MDR11702;MDR11703;MDR11704;MDR11705;MDR11706;MDR11707;MDR11708;MDR11800;MDR11801;MDR11802;MDR11803;MDR11804;MDR11805;MDR11806;MDR11807;MDR11808;MDR11900;MDR11901;MDR11902;MDR11903;MDR11904;MDR11905;MDR11906;MDR11907;MDR11908;MDR12100;MDR12101;MDR12102;MDR12103;MDR12104;MDR12105;MDR12106;MDR12107;MDR12108;MDR12200;MDR12201;MDR12202;MDR12203;MDR12204;MDR12205;MDR12206;MDR12207;MDR12208;MDR12300;MDR12301;MDR12302;MDR12303;MDR12304;MDR12305;MDR12306;MDR12307;MDR12308;MDR12400;MDR12401;MDR12402;MDR12403;MDR12404;MDR12405;MDR12406;MDR12407;MDR12408;MDR12500;MDR12501;MDR12502;MDR12503;MDR12504;MDR12505;MDR12506;MDR12507;MDR12508;MDR12600;MDR12601;MDR12602;MDR12603;MDR12604;MDR12605;MDR12606;MDR12607;MDR12608;MDR12700;MDR12701;MDR12702;MDR12703;MDR12704;MDR12705;MDR12706;MDR12707;MDR12708;MDR12800;MDR12801;MDR12802;MDR12803;MDR12804;MDR12805;MDR12806;MDR12807;MDR12808;MDR12900;MDR12901;MDR12902;MDR12903;MDR12904;MDR12905;MDR12906;MDR12907;MDR12908;MDR13100;MDR13101;MDR13102;MDR13103;MDR13104;MDR13105;MDR13106;MDR13107;MDR13108;MDR13200;MDR13201;MDR13202;MDR13203;MDR13204;MDR13205;MDR13206;MDR13207;MDR13208;MDR13300;MDR13301;MDR13302;MDR13303;MDR13304;MDR13305;MDR13306;MDR13307;MDR13308;MDR13400;MDR13401;MDR13402;MDR13403;MDR13404;MDR13405;MDR13406;MDR13407;MDR13408;MDR13500;MDR13501;MDR13502;MDR13503;MDR13504;MDR13505;MDR13506;MDR13507;MDR13508;MDR13600;MDR13601;MDR13602;MDR13603;MDR13604;MDR13605;MDR13606;MDR13607;MDR13608;MDR13700;MDR13701;MDR13702;MDR13703;MDR13704;MDR13705;MDR13706;MDR13707;MDR13708;MDR13800;MDR13801;MDR13802;MDR13803;MDR13804;MDR13805;MDR13806;MDR13807;MDR13808;MDR13900;MDR13901;MDR13902;MDR13903;MDR13904;MDR13905;MDR13906;MDR13907;MDR13908;MDR14100;MDR14101;MDR14102;MDR14103;MDR14104;MDR14105;MDR14106;MDR14107;MDR14108;MDR14110;MDR14111;MDR14112;MDR14113;MDR14114;MDR14115;MDR14116;MDR14117;MDR14118;MDR14120;MDR14121;MDR14122;MDR14123;MDR14124;MDR14125;MDR14126;MDR14127;MDR14128;MDR14200;MDR14201;MDR14202;MDR14203;MDR14204;MDR14205;MDR14206;MDR14207;MDR14208;MDR14210;MDR14211;MDR14212;MDR14213;MDR14214;MDR14215;MDR14216;MDR14217;MDR14218;MDR14220;MDR14221;MDR14222;MDR14223;MDR14224;MDR14225;MDR14226;MDR14227;MDR14228;MDR14300;MDR14301;MDR14302;MDR14303;MDR14304;MDR14305;MDR14306;MDR14307;MDR14308;MDR14310;MDR14311;MDR14312;MDR14313;MDR14314;MDR14315;MDR14316;MDR14317;MDR14318;MDR14320;MDR14321;MDR14322;MDR14323;MDR14324;MDR14325;MDR14326;MDR14327;MDR14328;MDR14400;MDR14401;MDR14402;MDR14403;MDR14404;MDR14405;MDR14406;MDR14407;MDR14408;MDR14410;MDR14411;MDR14412;MDR14413;MDR14414;MDR14415;MDR14416;MDR14417;MDR14418;MDR14420;MDR14421;MDR14422;MDR14423;MDR14424;MDR14425;MDR14426;MDR14427;MDR14428;MDR14500;MDR14501;MDR14502;MDR14503;MDR14504;MDR14505;MDR14506;MDR14507;MDR14508;MDR14510;MDR14511;MDR14512;MDR14513;MDR14514;MDR14515;MDR14516;MDR14517;MDR14518;MDR14520;MDR14521;MDR14522;MDR14523;MDR14524;MDR14525;MDR14526;MDR14527;MDR14528;MDR14600;MDR14601;MDR14602;MDR14603;MDR14604;MDR14605;MDR14606;MDR14607;MDR14608;MDR14610;MDR14611;MDR14612;MDR14613;MDR14614;MDR14615;MDR14616;MDR14617;MDR14618;MDR14620;MDR14621;MDR14622;MDR14623;MDR14624;MDR14625;MDR14626;MDR14627;MDR14628;MDR14700;MDR14701;MDR14702;MDR14703;MDR14704;MDR14705;MDR14706;MDR14707;MDR14708;MDR14710;MDR14711;MDR14712;MDR14713;MDR14714;MDR14715;MDR14716;MDR14717;MDR14718;MDR14720;MDR14721;MDR14722;MDR14723;MDR14724;MDR14725;MDR14726;MDR14727;MDR14728;MDR14800;MDR14801;MDR14802;MDR14803;MDR14804;MDR14805;MDR14806;MDR14807;MDR14808;MDR14810;MDR14811;MDR14812;MDR14813;MDR14814;MDR14815;MDR14816;MDR14817;MDR14818;MDR14820;MDR14821;MDR14822;MDR14823;MDR14824;MDR14825;MDR14826;MDR14827;MDR14828;MDR14900;MDR14901;MDR14902;MDR14903;MDR14904;MDR14905;MDR14906;MDR14907;MDR14908;MDR14910;MDR14911;MDR14912;MDR14913;MDR14914;MDR14915;MDR14916;MDR14917;MDR14918;MDR14920;MDR14921;MDR14922;MDR14923;MDR14924;MDR14925;MDR14926;MDR14927;MDR14928;MDR15110;MDR15111;MDR15112;MDR15113;MDR15114;MDR15115;MDR15116;MDR15117;MDR15118;MDR15210;MDR15211;MDR15212;MDR15213;MDR15214;MDR15215;MDR15216;MDR15217;MDR15218;MDR15310;MDR15311;MDR15312;MDR15313;MDR15314;MDR15315;MDR15316;MDR15317;MDR15318;MDR15410;MDR15411;MDR15412;MDR15413;MDR15414;MDR15415;MDR15416;MDR15417;MDR15418;MDR15510;MDR15511;MDR15512;MDR15513;MDR15514;MDR15515;MDR15516;MDR15517;MDR15518;MDR15610;MDR15611;MDR15612;MDR15613;MDR15614;MDR15615;MDR15616;MDR15617;MDR15618;MDR15710;MDR15711;MDR15712;MDR15713;MDR15714;MDR15715;MDR15716;MDR15717;MDR15718;MDR15810;MDR15811;MDR15812;MDR15813;MDR15814;MDR15815;MDR15816;MDR15817;MDR15818;MDR15910;MDR15911;MDR15912;MDR15913;MDR15914;MDR15915;MDR15916;MDR15917;MDR15918,to-produce-or-extend-profile,,no-colour-variant-reference,4274,4171,0,sprite/index/q3m-source-work-plan.json,
0x1205,DRAGON_BLUE,multi_new,1000,0,1,MDR1,1,1,567,54675,0x1205:body:base-resref:MDR1:MDR1,MDR11100;MDR11101;MDR11102;MDR11103;MDR11104;MDR11105;MDR11106;MDR11107;MDR11108;MDR11200;MDR11201;MDR11202;MDR11203;MDR11204;MDR11205;MDR11206;MDR11207;MDR11208;MDR11300;MDR11301;MDR11302;MDR11303;MDR11304;MDR11305;MDR11306;MDR11307;MDR11308;MDR11400;MDR11401;MDR11402;MDR11403;MDR11404;MDR11405;MDR11406;MDR11407;MDR11408;MDR11500;MDR11501;MDR11502;MDR11503;MDR11504;MDR11505;MDR11506;MDR11507;MDR11508;MDR11600;MDR11601;MDR11602;MDR11603;MDR11604;MDR11605;MDR11606;MDR11607;MDR11608;MDR11700;MDR11701;MDR11702;MDR11703;MDR11704;MDR11705;MDR11706;MDR11707;MDR11708;MDR11800;MDR11801;MDR11802;MDR11803;MDR11804;MDR11805;MDR11806;MDR11807;MDR11808;MDR11900;MDR11901;MDR11902;MDR11903;MDR11904;MDR11905;MDR11906;MDR11907;MDR11908;MDR12100;MDR12101;MDR12102;MDR12103;MDR12104;MDR12105;MDR12106;MDR12107;MDR12108;MDR12200;MDR12201;MDR12202;MDR12203;MDR12204;MDR12205;MDR12206;MDR12207;MDR12208;MDR12300;MDR12301;MDR12302;MDR12303;MDR12304;MDR12305;MDR12306;MDR12307;MDR12308;MDR12400;MDR12401;MDR12402;MDR12403;MDR12404;MDR12405;MDR12406;MDR12407;MDR12408;MDR12500;MDR12501;MDR12502;MDR12503;MDR12504;MDR12505;MDR12506;MDR12507;MDR12508;MDR12600;MDR12601;MDR12602;MDR12603;MDR12604;MDR12605;MDR12606;MDR12607;MDR12608;MDR12700;MDR12701;MDR12702;MDR12703;MDR12704;MDR12705;MDR12706;MDR12707;MDR12708;MDR12800;MDR12801;MDR12802;MDR12803;MDR12804;MDR12805;MDR12806;MDR12807;MDR12808;MDR12900;MDR12901;MDR12902;MDR12903;MDR12904;MDR12905;MDR12906;MDR12907;MDR12908;MDR13100;MDR13101;MDR13102;MDR13103;MDR13104;MDR13105;MDR13106;MDR13107;MDR13108;MDR13200;MDR13201;MDR13202;MDR13203;MDR13204;MDR13205;MDR13206;MDR13207;MDR13208;MDR13300;MDR13301;MDR13302;MDR13303;MDR13304;MDR13305;MDR13306;MDR13307;MDR13308;MDR13400;MDR13401;MDR13402;MDR13403;MDR13404;MDR13405;MDR13406;MDR13407;MDR13408;MDR13500;MDR13501;MDR13502;MDR13503;MDR13504;MDR13505;MDR13506;MDR13507;MDR13508;MDR13600;MDR13601;MDR13602;MDR13603;MDR13604;MDR13605;MDR13606;MDR13607;MDR13608;MDR13700;MDR13701;MDR13702;MDR13703;MDR13704;MDR13705;MDR13706;MDR13707;MDR13708;MDR13800;MDR13801;MDR13802;MDR13803;MDR13804;MDR13805;MDR13806;MDR13807;MDR13808;MDR13900;MDR13901;MDR13902;MDR13903;MDR13904;MDR13905;MDR13906;MDR13907;MDR13908;MDR14100;MDR14101;MDR14102;MDR14103;MDR14104;MDR14105;MDR14106;MDR14107;MDR14108;MDR14110;MDR14111;MDR14112;MDR14113;MDR14114;MDR14115;MDR14116;MDR14117;MDR14118;MDR14120;MDR14121;MDR14122;MDR14123;MDR14124;MDR14125;MDR14126;MDR14127;MDR14128;MDR14200;MDR14201;MDR14202;MDR14203;MDR14204;MDR14205;MDR14206;MDR14207;MDR14208;MDR14210;MDR14211;MDR14212;MDR14213;MDR14214;MDR14215;MDR14216;MDR14217;MDR14218;MDR14220;MDR14221;MDR14222;MDR14223;MDR14224;MDR14225;MDR14226;MDR14227;MDR14228;MDR14300;MDR14301;MDR14302;MDR14303;MDR14304;MDR14305;MDR14306;MDR14307;MDR14308;MDR14310;MDR14311;MDR14312;MDR14313;MDR14314;MDR14315;MDR14316;MDR14317;MDR14318;MDR14320;MDR14321;MDR14322;MDR14323;MDR14324;MDR14325;MDR14326;MDR14327;MDR14328;MDR14400;MDR14401;MDR14402;MDR14403;MDR14404;MDR14405;MDR14406;MDR14407;MDR14408;MDR14410;MDR14411;MDR14412;MDR14413;MDR14414;MDR14415;MDR14416;MDR14417;MDR14418;MDR14420;MDR14421;MDR14422;MDR14423;MDR14424;MDR14425;MDR14426;MDR14427;MDR14428;MDR14500;MDR14501;MDR14502;MDR14503;MDR14504;MDR14505;MDR14506;MDR14507;MDR14508;MDR14510;MDR14511;MDR14512;MDR14513;MDR14514;MDR14515;MDR14516;MDR14517;MDR14518;MDR14520;MDR14521;MDR14522;MDR14523;MDR14524;MDR14525;MDR14526;MDR14527;MDR14528;MDR14600;MDR14601;MDR14602;MDR14603;MDR14604;MDR14605;MDR14606;MDR14607;MDR14608;MDR14610;MDR14611;MDR14612;MDR14613;MDR14614;MDR14615;MDR14616;MDR14617;MDR14618;MDR14620;MDR14621;MDR14622;MDR14623;MDR14624;MDR14625;MDR14626;MDR14627;MDR14628;MDR14700;MDR14701;MDR14702;MDR14703;MDR14704;MDR14705;MDR14706;MDR14707;MDR14708;MDR14710;MDR14711;MDR14712;MDR14713;MDR14714;MDR14715;MDR14716;MDR14717;MDR14718;MDR14720;MDR14721;MDR14722;MDR14723;MDR14724;MDR14725;MDR14726;MDR14727;MDR14728;MDR14800;MDR14801;MDR14802;MDR14803;MDR14804;MDR14805;MDR14806;MDR14807;MDR14808;MDR14810;MDR14811;MDR14812;MDR14813;MDR14814;MDR14815;MDR14816;MDR14817;MDR14818;MDR14820;MDR14821;MDR14822;MDR14823;MDR14824;MDR14825;MDR14826;MDR14827;MDR14828;MDR14900;MDR14901;MDR14902;MDR14903;MDR14904;MDR14905;MDR14906;MDR14907;MDR14908;MDR14910;MDR14911;MDR14912;MDR14913;MDR14914;MDR14915;MDR14916;MDR14917;MDR14918;MDR14920;MDR14921;MDR14922;MDR14923;MDR14924;MDR14925;MDR14926;MDR14927;MDR14928;MDR15110;MDR15111;MDR15112;MDR15113;MDR15114;MDR15115;MDR15116;MDR15117;MDR15118;MDR15210;MDR15211;MDR15212;MDR15213;MDR15214;MDR15215;MDR15216;MDR15217;MDR15218;MDR15310;MDR15311;MDR15312;MDR15313;MDR15314;MDR15315;MDR15316;MDR15317;MDR15318;MDR15410;MDR15411;MDR15412;MDR15413;MDR15414;MDR15415;MDR15416;MDR15417;MDR15418;MDR15510;MDR15511;MDR15512;MDR15513;MDR15514;MDR15515;MDR15516;MDR15517;MDR15518;MDR15610;MDR15611;MDR15612;MDR15613;MDR15614;MDR15615;MDR15616;MDR15617;MDR15618;MDR15710;MDR15711;MDR15712;MDR15713;MDR15714;MDR15715;MDR15716;MDR15717;MDR15718;MDR15810;MDR15811;MDR15812;MDR15813;MDR15814;MDR15815;MDR15816;MDR15817;MDR15818;MDR15910;MDR15911;MDR15912;MDR15913;MDR15914;MDR15915;MDR15916;MDR15917;MDR15918,to-produce-or-extend-profile,,no-colour-variant-reference,4274,4171,0,sprite/index/q3m-source-work-plan.json,
0x1206,DRAGON_BROWN,multi_new,1000,0,1,MDR1,1,1,567,54675,0x1206:body:base-resref:MDR1:MDR1,MDR11100;MDR11101;MDR11102;MDR11103;MDR11104;MDR11105;MDR11106;MDR11107;MDR11108;MDR11200;MDR11201;MDR11202;MDR11203;MDR11204;MDR11205;MDR11206;MDR11207;MDR11208;MDR11300;MDR11301;MDR11302;MDR11303;MDR11304;MDR11305;MDR11306;MDR11307;MDR11308;MDR11400;MDR11401;MDR11402;MDR11403;MDR11404;MDR11405;MDR11406;MDR11407;MDR11408;MDR11500;MDR11501;MDR11502;MDR11503;MDR11504;MDR11505;MDR11506;MDR11507;MDR11508;MDR11600;MDR11601;MDR11602;MDR11603;MDR11604;MDR11605;MDR11606;MDR11607;MDR11608;MDR11700;MDR11701;MDR11702;MDR11703;MDR11704;MDR11705;MDR11706;MDR11707;MDR11708;MDR11800;MDR11801;MDR11802;MDR11803;MDR11804;MDR11805;MDR11806;MDR11807;MDR11808;MDR11900;MDR11901;MDR11902;MDR11903;MDR11904;MDR11905;MDR11906;MDR11907;MDR11908;MDR12100;MDR12101;MDR12102;MDR12103;MDR12104;MDR12105;MDR12106;MDR12107;MDR12108;MDR12200;MDR12201;MDR12202;MDR12203;MDR12204;MDR12205;MDR12206;MDR12207;MDR12208;MDR12300;MDR12301;MDR12302;MDR12303;MDR12304;MDR12305;MDR12306;MDR12307;MDR12308;MDR12400;MDR12401;MDR12402;MDR12403;MDR12404;MDR12405;MDR12406;MDR12407;MDR12408;MDR12500;MDR12501;MDR12502;MDR12503;MDR12504;MDR12505;MDR12506;MDR12507;MDR12508;MDR12600;MDR12601;MDR12602;MDR12603;MDR12604;MDR12605;MDR12606;MDR12607;MDR12608;MDR12700;MDR12701;MDR12702;MDR12703;MDR12704;MDR12705;MDR12706;MDR12707;MDR12708;MDR12800;MDR12801;MDR12802;MDR12803;MDR12804;MDR12805;MDR12806;MDR12807;MDR12808;MDR12900;MDR12901;MDR12902;MDR12903;MDR12904;MDR12905;MDR12906;MDR12907;MDR12908;MDR13100;MDR13101;MDR13102;MDR13103;MDR13104;MDR13105;MDR13106;MDR13107;MDR13108;MDR13200;MDR13201;MDR13202;MDR13203;MDR13204;MDR13205;MDR13206;MDR13207;MDR13208;MDR13300;MDR13301;MDR13302;MDR13303;MDR13304;MDR13305;MDR13306;MDR13307;MDR13308;MDR13400;MDR13401;MDR13402;MDR13403;MDR13404;MDR13405;MDR13406;MDR13407;MDR13408;MDR13500;MDR13501;MDR13502;MDR13503;MDR13504;MDR13505;MDR13506;MDR13507;MDR13508;MDR13600;MDR13601;MDR13602;MDR13603;MDR13604;MDR13605;MDR13606;MDR13607;MDR13608;MDR13700;MDR13701;MDR13702;MDR13703;MDR13704;MDR13705;MDR13706;MDR13707;MDR13708;MDR13800;MDR13801;MDR13802;MDR13803;MDR13804;MDR13805;MDR13806;MDR13807;MDR13808;MDR13900;MDR13901;MDR13902;MDR13903;MDR13904;MDR13905;MDR13906;MDR13907;MDR13908;MDR14100;MDR14101;MDR14102;MDR14103;MDR14104;MDR14105;MDR14106;MDR14107;MDR14108;MDR14110;MDR14111;MDR14112;MDR14113;MDR14114;MDR14115;MDR14116;MDR14117;MDR14118;MDR14120;MDR14121;MDR14122;MDR14123;MDR14124;MDR14125;MDR14126;MDR14127;MDR14128;MDR14200;MDR14201;MDR14202;MDR14203;MDR14204;MDR14205;MDR14206;MDR14207;MDR14208;MDR14210;MDR14211;MDR14212;MDR14213;MDR14214;MDR14215;MDR14216;MDR14217;MDR14218;MDR14220;MDR14221;MDR14222;MDR14223;MDR14224;MDR14225;MDR14226;MDR14227;MDR14228;MDR14300;MDR14301;MDR14302;MDR14303;MDR14304;MDR14305;MDR14306;MDR14307;MDR14308;MDR14310;MDR14311;MDR14312;MDR14313;MDR14314;MDR14315;MDR14316;MDR14317;MDR14318;MDR14320;MDR14321;MDR14322;MDR14323;MDR14324;MDR14325;MDR14326;MDR14327;MDR14328;MDR14400;MDR14401;MDR14402;MDR14403;MDR14404;MDR14405;MDR14406;MDR14407;MDR14408;MDR14410;MDR14411;MDR14412;MDR14413;MDR14414;MDR14415;MDR14416;MDR14417;MDR14418;MDR14420;MDR14421;MDR14422;MDR14423;MDR14424;MDR14425;MDR14426;MDR14427;MDR14428;MDR14500;MDR14501;MDR14502;MDR14503;MDR14504;MDR14505;MDR14506;MDR14507;MDR14508;MDR14510;MDR14511;MDR14512;MDR14513;MDR14514;MDR14515;MDR14516;MDR14517;MDR14518;MDR14520;MDR14521;MDR14522;MDR14523;MDR14524;MDR14525;MDR14526;MDR14527;MDR14528;MDR14600;MDR14601;MDR14602;MDR14603;MDR14604;MDR14605;MDR14606;MDR14607;MDR14608;MDR14610;MDR14611;MDR14612;MDR14613;MDR14614;MDR14615;MDR14616;MDR14617;MDR14618;MDR14620;MDR14621;MDR14622;MDR14623;MDR14624;MDR14625;MDR14626;MDR14627;MDR14628;MDR14700;MDR14701;MDR14702;MDR14703;MDR14704;MDR14705;MDR14706;MDR14707;MDR14708;MDR14710;MDR14711;MDR14712;MDR14713;MDR14714;MDR14715;MDR14716;MDR14717;MDR14718;MDR14720;MDR14721;MDR14722;MDR14723;MDR14724;MDR14725;MDR14726;MDR14727;MDR14728;MDR14800;MDR14801;MDR14802;MDR14803;MDR14804;MDR14805;MDR14806;MDR14807;MDR14808;MDR14810;MDR14811;MDR14812;MDR14813;MDR14814;MDR14815;MDR14816;MDR14817;MDR14818;MDR14820;MDR14821;MDR14822;MDR14823;MDR14824;MDR14825;MDR14826;MDR14827;MDR14828;MDR14900;MDR14901;MDR14902;MDR14903;MDR14904;MDR14905;MDR14906;MDR14907;MDR14908;MDR14910;MDR14911;MDR14912;MDR14913;MDR14914;MDR14915;MDR14916;MDR14917;MDR14918;MDR14920;MDR14921;MDR14922;MDR14923;MDR14924;MDR14925;MDR14926;MDR14927;MDR14928;MDR15110;MDR15111;MDR15112;MDR15113;MDR15114;MDR15115;MDR15116;MDR15117;MDR15118;MDR15210;MDR15211;MDR15212;MDR15213;MDR15214;MDR15215;MDR15216;MDR15217;MDR15218;MDR15310;MDR15311;MDR15312;MDR15313;MDR15314;MDR15315;MDR15316;MDR15317;MDR15318;MDR15410;MDR15411;MDR15412;MDR15413;MDR15414;MDR15415;MDR15416;MDR15417;MDR15418;MDR15510;MDR15511;MDR15512;MDR15513;MDR15514;MDR15515;MDR15516;MDR15517;MDR15518;MDR15610;MDR15611;MDR15612;MDR15613;MDR15614;MDR15615;MDR15616;MDR15617;MDR15618;MDR15710;MDR15711;MDR15712;MDR15713;MDR15714;MDR15715;MDR15716;MDR15717;MDR15718;MDR15810;MDR15811;MDR15812;MDR15813;MDR15814;MDR15815;MDR15816;MDR15817;MDR15818;MDR15910;MDR15911;MDR15912;MDR15913;MDR15914;MDR15915;MDR15916;MDR15917;MDR15918,to-produce-or-extend-profile,,no-colour-variant-reference,4274,4171,0,sprite/index/q3m-source-work-plan.json,
0x1207,DRAGON_MULTICOLOR,multi_new,1000,0,1,MDR1,1,1,567,54675,0x1207:body:base-resref:MDR1:MDR1,MDR11100;MDR11101;MDR11102;MDR11103;MDR11104;MDR11105;MDR11106;MDR11107;MDR11108;MDR11200;MDR11201;MDR11202;MDR11203;MDR11204;MDR11205;MDR11206;MDR11207;MDR11208;MDR11300;MDR11301;MDR11302;MDR11303;MDR11304;MDR11305;MDR11306;MDR11307;MDR11308;MDR11400;MDR11401;MDR11402;MDR11403;MDR11404;MDR11405;MDR11406;MDR11407;MDR11408;MDR11500;MDR11501;MDR11502;MDR11503;MDR11504;MDR11505;MDR11506;MDR11507;MDR11508;MDR11600;MDR11601;MDR11602;MDR11603;MDR11604;MDR11605;MDR11606;MDR11607;MDR11608;MDR11700;MDR11701;MDR11702;MDR11703;MDR11704;MDR11705;MDR11706;MDR11707;MDR11708;MDR11800;MDR11801;MDR11802;MDR11803;MDR11804;MDR11805;MDR11806;MDR11807;MDR11808;MDR11900;MDR11901;MDR11902;MDR11903;MDR11904;MDR11905;MDR11906;MDR11907;MDR11908;MDR12100;MDR12101;MDR12102;MDR12103;MDR12104;MDR12105;MDR12106;MDR12107;MDR12108;MDR12200;MDR12201;MDR12202;MDR12203;MDR12204;MDR12205;MDR12206;MDR12207;MDR12208;MDR12300;MDR12301;MDR12302;MDR12303;MDR12304;MDR12305;MDR12306;MDR12307;MDR12308;MDR12400;MDR12401;MDR12402;MDR12403;MDR12404;MDR12405;MDR12406;MDR12407;MDR12408;MDR12500;MDR12501;MDR12502;MDR12503;MDR12504;MDR12505;MDR12506;MDR12507;MDR12508;MDR12600;MDR12601;MDR12602;MDR12603;MDR12604;MDR12605;MDR12606;MDR12607;MDR12608;MDR12700;MDR12701;MDR12702;MDR12703;MDR12704;MDR12705;MDR12706;MDR12707;MDR12708;MDR12800;MDR12801;MDR12802;MDR12803;MDR12804;MDR12805;MDR12806;MDR12807;MDR12808;MDR12900;MDR12901;MDR12902;MDR12903;MDR12904;MDR12905;MDR12906;MDR12907;MDR12908;MDR13100;MDR13101;MDR13102;MDR13103;MDR13104;MDR13105;MDR13106;MDR13107;MDR13108;MDR13200;MDR13201;MDR13202;MDR13203;MDR13204;MDR13205;MDR13206;MDR13207;MDR13208;MDR13300;MDR13301;MDR13302;MDR13303;MDR13304;MDR13305;MDR13306;MDR13307;MDR13308;MDR13400;MDR13401;MDR13402;MDR13403;MDR13404;MDR13405;MDR13406;MDR13407;MDR13408;MDR13500;MDR13501;MDR13502;MDR13503;MDR13504;MDR13505;MDR13506;MDR13507;MDR13508;MDR13600;MDR13601;MDR13602;MDR13603;MDR13604;MDR13605;MDR13606;MDR13607;MDR13608;MDR13700;MDR13701;MDR13702;MDR13703;MDR13704;MDR13705;MDR13706;MDR13707;MDR13708;MDR13800;MDR13801;MDR13802;MDR13803;MDR13804;MDR13805;MDR13806;MDR13807;MDR13808;MDR13900;MDR13901;MDR13902;MDR13903;MDR13904;MDR13905;MDR13906;MDR13907;MDR13908;MDR14100;MDR14101;MDR14102;MDR14103;MDR14104;MDR14105;MDR14106;MDR14107;MDR14108;MDR14110;MDR14111;MDR14112;MDR14113;MDR14114;MDR14115;MDR14116;MDR14117;MDR14118;MDR14120;MDR14121;MDR14122;MDR14123;MDR14124;MDR14125;MDR14126;MDR14127;MDR14128;MDR14200;MDR14201;MDR14202;MDR14203;MDR14204;MDR14205;MDR14206;MDR14207;MDR14208;MDR14210;MDR14211;MDR14212;MDR14213;MDR14214;MDR14215;MDR14216;MDR14217;MDR14218;MDR14220;MDR14221;MDR14222;MDR14223;MDR14224;MDR14225;MDR14226;MDR14227;MDR14228;MDR14300;MDR14301;MDR14302;MDR14303;MDR14304;MDR14305;MDR14306;MDR14307;MDR14308;MDR14310;MDR14311;MDR14312;MDR14313;MDR14314;MDR14315;MDR14316;MDR14317;MDR14318;MDR14320;MDR14321;MDR14322;MDR14323;MDR14324;MDR14325;MDR14326;MDR14327;MDR14328;MDR14400;MDR14401;MDR14402;MDR14403;MDR14404;MDR14405;MDR14406;MDR14407;MDR14408;MDR14410;MDR14411;MDR14412;MDR14413;MDR14414;MDR14415;MDR14416;MDR14417;MDR14418;MDR14420;MDR14421;MDR14422;MDR14423;MDR14424;MDR14425;MDR14426;MDR14427;MDR14428;MDR14500;MDR14501;MDR14502;MDR14503;MDR14504;MDR14505;MDR14506;MDR14507;MDR14508;MDR14510;MDR14511;MDR14512;MDR14513;MDR14514;MDR14515;MDR14516;MDR14517;MDR14518;MDR14520;MDR14521;MDR14522;MDR14523;MDR14524;MDR14525;MDR14526;MDR14527;MDR14528;MDR14600;MDR14601;MDR14602;MDR14603;MDR14604;MDR14605;MDR14606;MDR14607;MDR14608;MDR14610;MDR14611;MDR14612;MDR14613;MDR14614;MDR14615;MDR14616;MDR14617;MDR14618;MDR14620;MDR14621;MDR14622;MDR14623;MDR14624;MDR14625;MDR14626;MDR14627;MDR14628;MDR14700;MDR14701;MDR14702;MDR14703;MDR14704;MDR14705;MDR14706;MDR14707;MDR14708;MDR14710;MDR14711;MDR14712;MDR14713;MDR14714;MDR14715;MDR14716;MDR14717;MDR14718;MDR14720;MDR14721;MDR14722;MDR14723;MDR14724;MDR14725;MDR14726;MDR14727;MDR14728;MDR14800;MDR14801;MDR14802;MDR14803;MDR14804;MDR14805;MDR14806;MDR14807;MDR14808;MDR14810;MDR14811;MDR14812;MDR14813;MDR14814;MDR14815;MDR14816;MDR14817;MDR14818;MDR14820;MDR14821;MDR14822;MDR14823;MDR14824;MDR14825;MDR14826;MDR14827;MDR14828;MDR14900;MDR14901;MDR14902;MDR14903;MDR14904;MDR14905;MDR14906;MDR14907;MDR14908;MDR14910;MDR14911;MDR14912;MDR14913;MDR14914;MDR14915;MDR14916;MDR14917;MDR14918;MDR14920;MDR14921;MDR14922;MDR14923;MDR14924;MDR14925;MDR14926;MDR14927;MDR14928;MDR15110;MDR15111;MDR15112;MDR15113;MDR15114;MDR15115;MDR15116;MDR15117;MDR15118;MDR15210;MDR15211;MDR15212;MDR15213;MDR15214;MDR15215;MDR15216;MDR15217;MDR15218;MDR15310;MDR15311;MDR15312;MDR15313;MDR15314;MDR15315;MDR15316;MDR15317;MDR15318;MDR15410;MDR15411;MDR15412;MDR15413;MDR15414;MDR15415;MDR15416;MDR15417;MDR15418;MDR15510;MDR15511;MDR15512;MDR15513;MDR15514;MDR15515;MDR15516;MDR15517;MDR15518;MDR15610;MDR15611;MDR15612;MDR15613;MDR15614;MDR15615;MDR15616;MDR15617;MDR15618;MDR15710;MDR15711;MDR15712;MDR15713;MDR15714;MDR15715;MDR15716;MDR15717;MDR15718;MDR15810;MDR15811;MDR15812;MDR15813;MDR15814;MDR15815;MDR15816;MDR15817;MDR15818;MDR15910;MDR15911;MDR15912;MDR15913;MDR15914;MDR15915;MDR15916;MDR15917;MDR15918,to-produce-or-extend-profile,,no-colour-variant-reference,4274,4171,0,sprite/index/q3m-source-work-plan.json,
0x1208,DRAGON_PURPLE,multi_new,1000,0,1,MDR1,1,1,567,54675,0x1208:body:base-resref:MDR1:MDR1,MDR11100;MDR11101;MDR11102;MDR11103;MDR11104;MDR11105;MDR11106;MDR11107;MDR11108;MDR11200;MDR11201;MDR11202;MDR11203;MDR11204;MDR11205;MDR11206;MDR11207;MDR11208;MDR11300;MDR11301;MDR11302;MDR11303;MDR11304;MDR11305;MDR11306;MDR11307;MDR11308;MDR11400;MDR11401;MDR11402;MDR11403;MDR11404;MDR11405;MDR11406;MDR11407;MDR11408;MDR11500;MDR11501;MDR11502;MDR11503;MDR11504;MDR11505;MDR11506;MDR11507;MDR11508;MDR11600;MDR11601;MDR11602;MDR11603;MDR11604;MDR11605;MDR11606;MDR11607;MDR11608;MDR11700;MDR11701;MDR11702;MDR11703;MDR11704;MDR11705;MDR11706;MDR11707;MDR11708;MDR11800;MDR11801;MDR11802;MDR11803;MDR11804;MDR11805;MDR11806;MDR11807;MDR11808;MDR11900;MDR11901;MDR11902;MDR11903;MDR11904;MDR11905;MDR11906;MDR11907;MDR11908;MDR12100;MDR12101;MDR12102;MDR12103;MDR12104;MDR12105;MDR12106;MDR12107;MDR12108;MDR12200;MDR12201;MDR12202;MDR12203;MDR12204;MDR12205;MDR12206;MDR12207;MDR12208;MDR12300;MDR12301;MDR12302;MDR12303;MDR12304;MDR12305;MDR12306;MDR12307;MDR12308;MDR12400;MDR12401;MDR12402;MDR12403;MDR12404;MDR12405;MDR12406;MDR12407;MDR12408;MDR12500;MDR12501;MDR12502;MDR12503;MDR12504;MDR12505;MDR12506;MDR12507;MDR12508;MDR12600;MDR12601;MDR12602;MDR12603;MDR12604;MDR12605;MDR12606;MDR12607;MDR12608;MDR12700;MDR12701;MDR12702;MDR12703;MDR12704;MDR12705;MDR12706;MDR12707;MDR12708;MDR12800;MDR12801;MDR12802;MDR12803;MDR12804;MDR12805;MDR12806;MDR12807;MDR12808;MDR12900;MDR12901;MDR12902;MDR12903;MDR12904;MDR12905;MDR12906;MDR12907;MDR12908;MDR13100;MDR13101;MDR13102;MDR13103;MDR13104;MDR13105;MDR13106;MDR13107;MDR13108;MDR13200;MDR13201;MDR13202;MDR13203;MDR13204;MDR13205;MDR13206;MDR13207;MDR13208;MDR13300;MDR13301;MDR13302;MDR13303;MDR13304;MDR13305;MDR13306;MDR13307;MDR13308;MDR13400;MDR13401;MDR13402;MDR13403;MDR13404;MDR13405;MDR13406;MDR13407;MDR13408;MDR13500;MDR13501;MDR13502;MDR13503;MDR13504;MDR13505;MDR13506;MDR13507;MDR13508;MDR13600;MDR13601;MDR13602;MDR13603;MDR13604;MDR13605;MDR13606;MDR13607;MDR13608;MDR13700;MDR13701;MDR13702;MDR13703;MDR13704;MDR13705;MDR13706;MDR13707;MDR13708;MDR13800;MDR13801;MDR13802;MDR13803;MDR13804;MDR13805;MDR13806;MDR13807;MDR13808;MDR13900;MDR13901;MDR13902;MDR13903;MDR13904;MDR13905;MDR13906;MDR13907;MDR13908;MDR14100;MDR14101;MDR14102;MDR14103;MDR14104;MDR14105;MDR14106;MDR14107;MDR14108;MDR14110;MDR14111;MDR14112;MDR14113;MDR14114;MDR14115;MDR14116;MDR14117;MDR14118;MDR14120;MDR14121;MDR14122;MDR14123;MDR14124;MDR14125;MDR14126;MDR14127;MDR14128;MDR14200;MDR14201;MDR14202;MDR14203;MDR14204;MDR14205;MDR14206;MDR14207;MDR14208;MDR14210;MDR14211;MDR14212;MDR14213;MDR14214;MDR14215;MDR14216;MDR14217;MDR14218;MDR14220;MDR14221;MDR14222;MDR14223;MDR14224;MDR14225;MDR14226;MDR14227;MDR14228;MDR14300;MDR14301;MDR14302;MDR14303;MDR14304;MDR14305;MDR14306;MDR14307;MDR14308;MDR14310;MDR14311;MDR14312;MDR14313;MDR14314;MDR14315;MDR14316;MDR14317;MDR14318;MDR14320;MDR14321;MDR14322;MDR14323;MDR14324;MDR14325;MDR14326;MDR14327;MDR14328;MDR14400;MDR14401;MDR14402;MDR14403;MDR14404;MDR14405;MDR14406;MDR14407;MDR14408;MDR14410;MDR14411;MDR14412;MDR14413;MDR14414;MDR14415;MDR14416;MDR14417;MDR14418;MDR14420;MDR14421;MDR14422;MDR14423;MDR14424;MDR14425;MDR14426;MDR14427;MDR14428;MDR14500;MDR14501;MDR14502;MDR14503;MDR14504;MDR14505;MDR14506;MDR14507;MDR14508;MDR14510;MDR14511;MDR14512;MDR14513;MDR14514;MDR14515;MDR14516;MDR14517;MDR14518;MDR14520;MDR14521;MDR14522;MDR14523;MDR14524;MDR14525;MDR14526;MDR14527;MDR14528;MDR14600;MDR14601;MDR14602;MDR14603;MDR14604;MDR14605;MDR14606;MDR14607;MDR14608;MDR14610;MDR14611;MDR14612;MDR14613;MDR14614;MDR14615;MDR14616;MDR14617;MDR14618;MDR14620;MDR14621;MDR14622;MDR14623;MDR14624;MDR14625;MDR14626;MDR14627;MDR14628;MDR14700;MDR14701;MDR14702;MDR14703;MDR14704;MDR14705;MDR14706;MDR14707;MDR14708;MDR14710;MDR14711;MDR14712;MDR14713;MDR14714;MDR14715;MDR14716;MDR14717;MDR14718;MDR14720;MDR14721;MDR14722;MDR14723;MDR14724;MDR14725;MDR14726;MDR14727;MDR14728;MDR14800;MDR14801;MDR14802;MDR14803;MDR14804;MDR14805;MDR14806;MDR14807;MDR14808;MDR14810;MDR14811;MDR14812;MDR14813;MDR14814;MDR14815;MDR14816;MDR14817;MDR14818;MDR14820;MDR14821;MDR14822;MDR14823;MDR14824;MDR14825;MDR14826;MDR14827;MDR14828;MDR14900;MDR14901;MDR14902;MDR14903;MDR14904;MDR14905;MDR14906;MDR14907;MDR14908;MDR14910;MDR14911;MDR14912;MDR14913;MDR14914;MDR14915;MDR14916;MDR14917;MDR14918;MDR14920;MDR14921;MDR14922;MDR14923;MDR14924;MDR14925;MDR14926;MDR14927;MDR14928;MDR15110;MDR15111;MDR15112;MDR15113;MDR15114;MDR15115;MDR15116;MDR15117;MDR15118;MDR15210;MDR15211;MDR15212;MDR15213;MDR15214;MDR15215;MDR15216;MDR15217;MDR15218;MDR15310;MDR15311;MDR15312;MDR15313;MDR15314;MDR15315;MDR15316;MDR15317;MDR15318;MDR15410;MDR15411;MDR15412;MDR15413;MDR15414;MDR15415;MDR15416;MDR15417;MDR15418;MDR15510;MDR15511;MDR15512;MDR15513;MDR15514;MDR15515;MDR15516;MDR15517;MDR15518;MDR15610;MDR15611;MDR15612;MDR15613;MDR15614;MDR15615;MDR15616;MDR15617;MDR15618;MDR15710;MDR15711;MDR15712;MDR15713;MDR15714;MDR15715;MDR15716;MDR15717;MDR15718;MDR15810;MDR15811;MDR15812;MDR15813;MDR15814;MDR15815;MDR15816;MDR15817;MDR15818;MDR15910;MDR15911;MDR15912;MDR15913;MDR15914;MDR15915;MDR15916;MDR15917;MDR15918,to-produce-or-extend-profile,,no-colour-variant-reference,4274,4171,0,sprite/index/q3m-source-work-plan.json,
0x1300,DEMOGORGON,multi_new,1000,0,1,MDEM,1,1,52,27792,0x1300:body:base-resref:MDEM:MDEM,MDEMG11;MDEMG111;MDEMG112;MDEMG113;MDEMG114;MDEMG115;MDEMG12;MDEMG121;MDEMG122;MDEMG123;MDEMG124;MDEMG125;MDEMG13;MDEMG131;MDEMG132;MDEMG133;MDEMG134;MDEMG135;MDEMG14;MDEMG141;MDEMG142;MDEMG143;MDEMG144;MDEMG145;MDEMG21;MDEMG211;MDEMG212;MDEMG213;MDEMG214;MDEMG215;MDEMG216;MDEMG22;MDEMG221;MDEMG222;MDEMG223;MDEMG224;MDEMG225;MDEMG226;MDEMG23;MDEMG231;MDEMG232;MDEMG233;MDEMG234;MDEMG235;MDEMG236;MDEMG24;MDEMG241;MDEMG242;MDEMG243;MDEMG244;MDEMG245;MDEMG246,to-produce-or-extend-profile,,no-colour-variant-reference,4285,4284,1,sprite/index/q3m-source-work-plan.json,
0x2000,SIRINE,monster_layered,2000,1,,MSIR,1,1,9,954,0x2000:body:base-resref:MSIR:MSIR,MSIRBG1;MSIRBG1E;MSIRBG2;MSIRBG2E;MSIRG1;MSIRG1E;MSIRG2;MSIRG2BE;MSIRG2E,to-produce-or-extend-profile,,no-colour-variant-reference,786,785,1,sprite/index/q3m-source-work-plan.json,
0x2100,VOLO,monster_layered,2000,0,,UVOL,1,1,8,532,0x2100:body:base-resref:UVOL:UVOL,UVOLG1;UVOLG1E;UVOLG2;UVOLG2E;UVOLMG1;UVOLMG1E;UVOLMG2;UVOLMG2E,to-produce-or-extend-profile,,no-colour-variant-reference,277,271,0,sprite/index/q3m-source-work-plan.json,
0x2200,OGRE_MAGE,monster_layered,2000,1,,MOGM,1,1,8,960,0x2200:body:base-resref:MOGM:MOGM,MOGMG1;MOGMG1E;MOGMG2;MOGMG2E;MOGMSG1;MOGMSG1E;MOGMSG2;MOGMSG2E,to-produce-or-extend-profile,,no-colour-variant-reference,870,869,2,sprite/index/q3m-source-work-plan.json,
0x2300,DEATH_KNIGHT,monster_layered,2000,0,,MDKN,1,1,4,552,0x2300:body:base-resref:MDKN:MDKN,MDKNG1;MDKNG1E;MDKNG2;MDKNG2E,to-produce-or-extend-profile,,no-colour-variant-reference,552,552,0,sprite/index/q3m-source-work-plan.json,
0x3000,ANKHEG,monster_ankheg,3000,0,,MAKH,1,1,12,516,0x3000:body:base-resref:MAKH:MAKH,MAKHDG1;MAKHDG1E;MAKHDG2;MAKHDG2E;MAKHDG3;MAKHDG3E;MAKHG1;MAKHG1E;MAKHG2;MAKHG2E;MAKHG3;MAKHG3E,to-produce-or-extend-profile,,no-colour-variant-reference,431,429,0,sprite/index/q3m-source-work-plan.json,
0x4000,STATIC_NOBLE_MAN_CHAIR,town_static,4000,1,,SNOMC,1,1,1,208,0x4000:body:base-resref:SNOMC:SNOMC,SNOMC,to-produce-or-extend-profile,,no-colour-variant-reference,208,208,0,sprite/index/q3m-source-work-plan.json,
0x4001,NULL_ANIMATION,town_static,4000,0,,SNONE,1,0,0,0,0x4001:body:base-resref:SNONE:SNONE,,source-absent,,source-absent,0,0,0,sprite/index/q3m-source-work-plan.json,
0x4002,STATIC_NOBLE_MAN_MATTE,town_static,4000,1,,SNOMM,1,1,1,104,0x4002:body:base-resref:SNOMM:SNOMM,SNOMM,to-produce-or-extend-profile,,no-colour-variant-reference,103,103,0,sprite/index/q3m-source-work-plan.json,
0x4010,STATIC_NOBLE_WOMAN_CHAIR,town_static,4000,1,,SNOWC,1,1,1,208,0x4010:body:base-resref:SNOWC:SNOWC,SNOWC,to-produce-or-extend-profile,,no-colour-variant-reference,208,208,0,sprite/index/q3m-source-work-plan.json,
0x4012,STATIC_NOBLE_WOMAN_MATTE,town_static,4000,1,,SNOWM,1,1,1,104,0x4012:body:base-resref:SNOWM:SNOWM,SNOWM,to-produce-or-extend-profile,,no-colour-variant-reference,104,104,0,sprite/index/q3m-source-work-plan.json,
0x4100,STATIC_PEASANT_MAN_CHAIR,town_static,4000,1,,SSIMC,1,1,1,208,0x4100:body:base-resref:SSIMC:SSIMC,SSIMC,to-produce-or-extend-profile,,no-colour-variant-reference,208,208,0,sprite/index/q3m-source-work-plan.json,
0x4101,STATIC_PEASANT_MAN_STOOL,town_static,4000,1,,SSIMS,1,1,1,208,0x4101:body:base-resref:SSIMS:SSIMS,SSIMS,to-produce-or-extend-profile,,no-colour-variant-reference,208,208,0,sprite/index/q3m-source-work-plan.json,
0x4102,STATIC_PEASANT_MAN_MATTE,town_static,4000,1,,SSIMM,1,1,1,104,0x4102:body:base-resref:SSIMM:SSIMM,SSIMM,to-produce-or-extend-profile,,no-colour-variant-reference,104,104,0,sprite/index/q3m-source-work-plan.json,
0x4110,STATIC_PEASANT_WOMAN_CHAIR,town_static,4000,1,,SSIWC,1,1,1,208,0x4110:body:base-resref:SSIWC:SSIWC,SSIWC,to-produce-or-extend-profile,,no-colour-variant-reference,208,208,0,sprite/index/q3m-source-work-plan.json,
0x4112,STATIC_PEASANT_WOMAN_MATTE,town_static,4000,1,,SSIWM,1,1,1,104,0x4112:body:base-resref:SSIWM:SSIWM,SSIWM,to-produce-or-extend-profile,,no-colour-variant-reference,104,104,0,sprite/index/q3m-source-work-plan.json,
0x4200,STATIC_HUMANCLERIC_MAN_CHAIR,town_static,4000,1,,SHMCM,1,1,1,13,0x4200:body:base-resref:SHMCM:SHMCM,SHMCM,to-produce-or-extend-profile,,no-colour-variant-reference,13,13,0,sprite/index/q3m-source-work-plan.json,
0x4300,STATIC_SPIDER_WOMAN,town_static,4000,0,,MSPLG1,1,1,1,18,0x4300:body:base-resref:MSPLG1:MSPLG1,MSPLG1,to-produce-or-extend-profile,,no-colour-variant-reference,18,18,0,sprite/index/q3m-source-work-plan.json,
0x4400,SLEEPING_MAN_HUMAN,town_static,4000,1,,LHMC,1,1,1,8,0x4400:body:base-resref:LHMC:LHMC,LHMC,to-produce-or-extend-profile,,no-colour-variant-reference,8,8,0,sprite/index/q3m-source-work-plan.json,
0x4410,SLEEPING_WOMAN_HUMAN,town_static,4000,1,,LHFC,1,1,1,8,0x4410:body:base-resref:LHFC:LHFC,LHFC,to-produce-or-extend-profile,,no-colour-variant-reference,8,8,0,sprite/index/q3m-source-work-plan.json,
0x4500,SLEEPING_FAT_MAN_HUMAN,town_static,4000,1,,LFAM,1,1,1,8,0x4500:body:base-resref:LFAM:LFAM,LFAM,to-produce-or-extend-profile,,no-colour-variant-reference,8,8,0,sprite/index/q3m-source-work-plan.json,
0x4600,SLEEPING_DWARF,town_static,4000,1,,LDMF,1,1,1,8,0x4600:body:base-resref:LDMF:LDMF,LDMF,to-produce-or-extend-profile,,no-colour-variant-reference,8,8,0,sprite/index/q3m-source-work-plan.json,
0x4700,SLEEPING_MAN_ELF,town_static,4000,1,,LEMF,1,1,1,8,0x4700:body:base-resref:LEMF:LEMF,LEMF,to-produce-or-extend-profile,,no-colour-variant-reference,8,8,0,sprite/index/q3m-source-work-plan.json,
0x4710,SLEEPING_WOMAN_ELF,town_static,4000,1,,LEFF,1,1,1,8,0x4710:body:base-resref:LEFF:LEFF,LEFF,to-produce-or-extend-profile,,no-colour-variant-reference,8,8,0,sprite/index/q3m-source-work-plan.json,
0x4800,SLEEPING_MAN_HALFLING,town_static,4000,1,,LIMC,1,1,1,8,0x4800:body:base-resref:LIMC:LIMC,LIMC,to-produce-or-extend-profile,,no-colour-variant-reference,8,8,0,sprite/index/q3m-source-work-plan.json,
0x5000,CLERIC_MALE_HUMAN_LOW,character,5000,1,1,CHMB,66,65,656,180337,0x5000:body:armor-code:1:CHMB1;0x5000:body:armor-code:2:CHMB2;0x5000:body:armor-code:3:CHMB3;0x5000:body:armor-code:4:CHMC4;0x5000:helmet:item-animation-code:H0:WQLH0;0x5000:helmet:item-animation-code:H1:WQLH1;0x5000:helmet:item-animation-code:H2:WQLH2;0x5000:helmet:item-animation-code:H5:WQLH5;0x5000:helmet:item-animation-code:J0:WQLJ0;0x5000:helmet:item-animation-code:J1:WQLJ1;0x5000:helmet:item-animation-code:J2:WQLJ2;0x5000:helmet:item-animation-code:J3:WQLJ3;0x5000:helmet:item-animation-code:J4:WQLJ4;0x5000:helmet:item-animation-code:J5:WQLJ5;0x5000:helmet:item-animation-code:J6:WQLJ6;0x5000:helmet:item-animation-code:J7:WQLJ7;0x5000:helmet:item-animation-code:J8:WQLJ8;0x5000:helmet:item-animation-code:J9:WQLJ9;0x5000:helmet:item-animation-code:JA:WQLJA;0x5000:helmet:item-animation-code:JB:WQLJB;0x5000:helmet:item-animation-code:JC:WQLJC;0x5000:helmet:item-animation-code:YW:WQLYW;0x5000:helmet:item-animation-code:ZW:WQLZW;0x5000:shield:item-animation-code:C0:WQLC0;0x5000:shield:item-animation-code:C1:WQLC1;0x5000:shield:item-animation-code:C2:WQLC2;0x5000:shield:item-animation-code:C3:WQLC3;0x5000:shield:item-animation-code:C4:WQLC4;0x5000:shield:item-animation-code:C5:WQLC5;0x5000:shield:item-animation-code:C6:WQLC6;0x5000:shield:item-animation-code:C7:WQLC7;0x5000:shield:item-animation-code:D1:WQLD1;0x5000:shield:item-animation-code:D2:WQLD2;0x5000:shield:item-animation-code:D3:WQLD3;0x5000:shield:item-animation-code:D4:WQLD4;0x5000:weapon:item-animation-code:AX:WQLAX;0x5000:weapon:item-animation-code:BS:WQLBS;0x5000:weapon:item-animation-code:BW:WQLBW;0x5000:weapon:item-animation-code:CB:WQLCB;0x5000:weapon:item-animation-code:CL:WQLCL;0x5000:weapon:item-animation-code:DD:WQLDD;0x5000:weapon:item-animation-code:F0:WQLF0;0x5000:weapon:item-animation-code:F1:WQLF1;0x5000:weapon:item-animation-code:F2:WQLF2;0x5000:weapon:item-animation-code:F3:WQLF3;0x5000:weapon:item-animation-code:FL:WQLFL;0x5000:weapon:item-animation-code:FS:WQLFS;0x5000:weapon:item-animation-code:GS:WQLGS;0x5000:weapon:item-animation-code:H6:WQLH6;0x5000:weapon:item-animation-code:HB:WQLHB;0x5000:weapon:item-animation-code:M2:WQLM2;0x5000:weapon:item-animation-code:MC:WQLMC;0x5000:weapon:item-animation-code:MS:WQLMS;0x5000:weapon:item-animation-code:Q2:WQLQ2;0x5000:weapon:item-animation-code:Q3:WQLQ3;0x5000:weapon:item-animation-code:Q4:WQLQ4;0x5000:weapon:item-animation-code:QS:WQLQS;0x5000:weapon:item-animation-code:S0:WQLS0;0x5000:weapon:item-animation-code:S1:WQLS1;0x5000:weapon:item-animation-code:S2:WQLS2;0x5000:weapon:item-animation-code:S3:WQLS3;0x5000:weapon:item-animation-code:SC:WQLSC;0x5000:weapon:item-animation-code:SL:WQLSL;0x5000:weapon:item-animation-code:SP:WQLSP;0x5000:weapon:item-animation-code:SS:WQLSS;0x5000:weapon:item-animation-code:WH:WQLWH,CHMB1A1;CHMB1A2;CHMB1A3;CHMB1A4;CHMB1A5;CHMB1A6;CHMB1A7;CHMB1A8;CHMB1A9;CHMB1CA;CHMB1G1;CHMB1G11;CHMB1G12;CHMB1G13;CHMB1G14;CHMB1G15;CHMB1G16;CHMB1G17;CHMB1G18;CHMB1G19;CHMB1SA;CHMB1SS;CHMB1SX;CHMB2A1;CHMB2A2;CHMB2A3;CHMB2A4;CHMB2A5;CHMB2A6;CHMB2A7;CHMB2A8;CHMB2A9;CHMB2CA;CHMB2G1;CHMB2G11;CHMB2G12;CHMB2G13;CHMB2G14;CHMB2G15;CHMB2G16;CHMB2G17;CHMB2G18;CHMB2G19;CHMB2SA;CHMB2SS;CHMB2SX;CHMB3A1;CHMB3A2;CHMB3A3;CHMB3A4;CHMB3A5;CHMB3A6;CHMB3A7;CHMB3A8;CHMB3A9;CHMB3CA;CHMB3G1;CHMB3G11;CHMB3G12;CHMB3G13;CHMB3G14;CHMB3G15;CHMB3G16;CHMB3G17;CHMB3G18;CHMB3G19;CHMB3SA;CHMB3SS;CHMB3SX;CHMC4A1;CHMC4A2;CHMC4A3;CHMC4A4;CHMC4A5;CHMC4A6;CHMC4A7;CHMC4A8;CHMC4A9;CHMC4CA;CHMC4G1;CHMC4G11;CHMC4G12;CHMC4G13;CHMC4G14;CHMC4G15;CHMC4G16;CHMC4G17;CHMC4G18;CHMC4G19;CHMC4SA;CHMC4SS;CHMC4SX;WQLAXA1;WQLAXA3;WQLAXA5;WQLAXA7;WQLAXA8;WQLAXA9;WQLAXG1;WQLAXOA7;WQLAXOA8;WQLAXOA9;WQLAXOG1;WQLBSG1;WQLBSSA;WQLBWG1;WQLBWSA;WQLC0A1;WQLC0A3;WQLC0A5;WQLC0G1;WQLC0SS;WQLC1A1;WQLC1A3;WQLC1A5;WQLC1G1;WQLC1SS;WQLC2A1;WQLC2A3;WQLC2A5;WQLC2G1;WQLC2SS;WQLC3A1;WQLC3A3;WQLC3A5;WQLC3G1;WQLC3SS;WQLC4A1;WQLC4A3;WQLC4A5;WQLC4G1;WQLC4SS;WQLC5A1;WQLC5A3;WQLC5A5;WQLC5G1;WQLC5SS;WQLC6A1;WQLC6A3;WQLC6A5;WQLC6G1;WQLC6SS;WQLC7A1;WQLC7A3;WQLC7A5;WQLC7G1;WQLC7SS;WQLCBG1;WQLCBSX;WQLCLA1;WQLCLA3;WQLCLA5;WQLCLA7;WQLCLA8;WQLCLA9;WQLCLG1;WQLCLOA7;WQLCLOA8;WQLCLOA9;WQLCLOG1;WQLD1A1;WQLD1A3;WQLD1A5;WQLD1G1;WQLD1SS;WQLD2A1;WQLD2A3;WQLD2A5;WQLD2G1;WQLD2SS;WQLD3A1;WQLD3A3;WQLD3A5;WQLD3G1;WQLD3SS;WQLD4A1;WQLD4A3;WQLD4A5;WQLD4G1;WQLD4SS;WQLDDA1;WQLDDA3;WQLDDA5;WQLDDA7;WQLDDA8;WQLDDA9;WQLDDG1;WQLDDOA7;WQLDDOA8;WQLDDOA9;WQLDDOG1;WQLF0A1;WQLF0A3;WQLF0A5;WQLF0A7;WQLF0A8;WQLF0A9;WQLF0G1;WQLF0OA7;WQLF0OA8;WQLF0OA9;WQLF0OG1;WQLF1A1;WQLF1A3;WQLF1A5;WQLF1A7;WQLF1A8;WQLF1A9;WQLF1G1;WQLF1OA7;WQLF1OA8;WQLF1OA9;WQLF1OG1;WQLF2A1;WQLF2A3;WQLF2A5;WQLF2A7;WQLF2A8;WQLF2A9;WQLF2G1;WQLF2OA7;WQLF2OA8;WQLF2OA9;WQLF2OG1;WQLF3A1;WQLF3A3;WQLF3A5;WQLF3A7;WQLF3A8;WQLF3A9;WQLF3G1;WQLF3OA7;WQLF3OA8;WQLF3OA9;WQLF3OG1;WQLFLA1;WQLFLA3;WQLFLA5;WQLFLA7;WQLFLA8;WQLFLA9;WQLFLG1;WQLFLOA7;WQLFLOA8;WQLFLOA9;WQLFLOG1;WQLFSA1;WQLFSA3;WQLFSA5;WQLFSA7;WQLFSA8;WQLFSA9;WQLFSG1;WQLFSOA7;WQLFSOA8;WQLFSOA9;WQLFSOG1;WQLGSA2;WQLGSA4;WQLGSA6;WQLGSG1;WQLH0A1;WQLH0A2;WQLH0A3;WQLH0A4;WQLH0A5;WQLH0A6;WQLH0A7;WQLH0A8;WQLH0A9;WQLH0CA;WQLH0G1;WQLH0SA;WQLH0SS;WQLH0SX;WQLH1A1;WQLH1A2;WQLH1A3;WQLH1A4;WQLH1A5;WQLH1A6;WQLH1A7;WQLH1A8;WQLH1A9;WQLH1CA;WQLH1G1;WQLH1SA;WQLH1SS;WQLH1SX;WQLH2A1;WQLH2A2;WQLH2A3;WQLH2A4;WQLH2A5;WQLH2A6;WQLH2A7;WQLH2A8;WQLH2A9;WQLH2CA;WQLH2G1;WQLH2SA;WQLH2SS;WQLH2SX;WQLH5A1;WQLH5A2;WQLH5A3;WQLH5A4;WQLH5A5;WQLH5A6;WQLH5A7;WQLH5A8;WQLH5A9;WQLH5CA;WQLH5G1;WQLH5SA;WQLH5SS;WQLH5SX;WQLH6A1;WQLH6A2;WQLH6A3;WQLH6A4;WQLH6A5;WQLH6A6;WQLH6A7;WQLH6A8;WQLH6A9;WQLH6CA;WQLH6G1;WQLH6SA;WQLH6SS;WQLH6SX;WQLHBA2;WQLHBA4;WQLHBA6;WQLHBG1;WQLJ0A1;WQLJ0A2;WQLJ0A3;WQLJ0A4;WQLJ0A5;WQLJ0A6;WQLJ0A7;WQLJ0A8;WQLJ0A9;WQLJ0CA;WQLJ0G1;WQLJ0SA;WQLJ0SS;WQLJ0SX;WQLJ1A1;WQLJ1A2;WQLJ1A3;WQLJ1A4;WQLJ1A5;WQLJ1A6;WQLJ1A7;WQLJ1A8;WQLJ1A9;WQLJ1CA;WQLJ1G1;WQLJ1SA;WQLJ1SS;WQLJ1SX;WQLJ2A1;WQLJ2A2;WQLJ2A3;WQLJ2A4;WQLJ2A5;WQLJ2A6;WQLJ2A7;WQLJ2A8;WQLJ2A9;WQLJ2CA;WQLJ2G1;WQLJ2SA;WQLJ2SS;WQLJ2SX;WQLJ3A1;WQLJ3A2;WQLJ3A3;WQLJ3A4;WQLJ3A5;WQLJ3A6;WQLJ3A7;WQLJ3A8;WQLJ3A9;WQLJ3CA;WQLJ3G1;WQLJ3SA;WQLJ3SS;WQLJ3SX;WQLJ4A1;WQLJ4A2;WQLJ4A3;WQLJ4A4;WQLJ4A5;WQLJ4A6;WQLJ4A7;WQLJ4A8;WQLJ4A9;WQLJ4CA;WQLJ4G1;WQLJ4SA;WQLJ4SS;WQLJ4SX;WQLJ5A1;WQLJ5A2;WQLJ5A3;WQLJ5A4;WQLJ5A5;WQLJ5A6;WQLJ5A7;WQLJ5A8;WQLJ5A9;WQLJ5CA;WQLJ5G1;WQLJ5SA;WQLJ5SS;WQLJ5SX;WQLJ6A1;WQLJ6A2;WQLJ6A3;WQLJ6A4;WQLJ6A5;WQLJ6A6;WQLJ6A7;WQLJ6A8;WQLJ6A9;WQLJ6CA;WQLJ6G1;WQLJ6SA;WQLJ6SS;WQLJ6SX;WQLJ7A1;WQLJ7A2;WQLJ7A3;WQLJ7A4;WQLJ7A5;WQLJ7A6;WQLJ7A7;WQLJ7A8;WQLJ7A9;WQLJ7CA;WQLJ7G1;WQLJ7SA;WQLJ7SS;WQLJ7SX;WQLJ8A1;WQLJ8A2;WQLJ8A3;WQLJ8A4;WQLJ8A5;WQLJ8A6;WQLJ8A7;WQLJ8A8;WQLJ8A9;WQLJ8CA;WQLJ8G1;WQLJ8SA;WQLJ8SS;WQLJ8SX;WQLJ9A1;WQLJ9A2;WQLJ9A3;WQLJ9A4;WQLJ9A5;WQLJ9A6;WQLJ9A7;WQLJ9A8;WQLJ9A9;WQLJ9CA;WQLJ9G1;WQLJ9SA;WQLJ9SS;WQLJ9SX;WQLJAA1;WQLJAA2;WQLJAA3;WQLJAA4;WQLJAA5;WQLJAA6;WQLJAA7;WQLJAA8;WQLJAA9;WQLJACA;WQLJAG1;WQLJASA;WQLJASS;WQLJASX;WQLJBA1;WQLJBA2;WQLJBA3;WQLJBA4;WQLJBA5;WQLJBA6;WQLJBA7;WQLJBA8;WQLJBA9;WQLJBCA;WQLJBG1;WQLJBSA;WQLJBSS;WQLJBSX;WQLJCA1;WQLJCA2;WQLJCA3;WQLJCA4;WQLJCA5;WQLJCA6;WQLJCA7;WQLJCA8;WQLJCA9;WQLJCCA;WQLJCG1;WQLJCSA;WQLJCSS;WQLJCSX;WQLM2A1;WQLM2A3;WQLM2A5;WQLM2A7;WQLM2A8;WQLM2A9;WQLM2G1;WQLM2OA7;WQLM2OA8;WQLM2OA9;WQLM2OG1;WQLMCA1;WQLMCA3;WQLMCA5;WQLMCA7;WQLMCA8;WQLMCA9;WQLMCG1;WQLMCOA7;WQLMCOA8;WQLMCOA9;WQLMCOG1;WQLMSA1;WQLMSA3;WQLMSA5;WQLMSA7;WQLMSA8;WQLMSA9;WQLMSG1;WQLMSOA7;WQLMSOA8;WQLMSOA9;WQLMSOG1;WQLQ2A2;WQLQ2A4;WQLQ2A6;WQLQ2G1;WQLQ3A2;WQLQ3A4;WQLQ3A6;WQLQ3G1;WQLQ4A2;WQLQ4A4;WQLQ4A6;WQLQ4G1;WQLQSA2;WQLQSA4;WQLQSA6;WQLQSG1;WQLS0A1;WQLS0A3;WQLS0A5;WQLS0A7;WQLS0A8;WQLS0A9;WQLS0G1;WQLS0OA7;WQLS0OA8;WQLS0OA9;WQLS0OG1;WQLS1A1;WQLS1A3;WQLS1A5;WQLS1A7;WQLS1A8;WQLS1A9;WQLS1G1;WQLS1OA7;WQLS1OA8;WQLS1OA9;WQLS1OG1;WQLS2A2;WQLS2A4;WQLS2A6;WQLS2G1;WQLS3A1;WQLS3A3;WQLS3A5;WQLS3A7;WQLS3A8;WQLS3A9;WQLS3G1;WQLS3OA7;WQLS3OA8;WQLS3OA9;WQLS3OG1;WQLSCA1;WQLSCA3;WQLSCA5;WQLSCA7;WQLSCA8;WQLSCA9;WQLSCG1;WQLSCOA7;WQLSCOA8;WQLSCOA9;WQLSCOG1;WQLSLG1;WQLSLSS;WQLSPA2;WQLSPA4;WQLSPA6;WQLSPG1;WQLSSA1;WQLSSA3;WQLSSA5;WQLSSA7;WQLSSA8;WQLSSA9;WQLSSG1;WQLSSOA7;WQLSSOA8;WQLSSOA9;WQLSSOG1;WQLWHA1;WQLWHA3;WQLWHA5;WQLWHA7;WQLWHA8;WQLWHA9;WQLWHG1;WQLWHOA7;WQLWHOA8;WQLWHOA9;WQLWHOG1;WQLZWA1;WQLZWA2;WQLZWA3;WQLZWA4;WQLZWA5;WQLZWA6;WQLZWA7;WQLZWA8;WQLZWA9;WQLZWCA;WQLZWG1;WQLZWSA;WQLZWSS;WQLZWSX,q3m-reference-available,docs/measurements/playable-q3m-x2-ingame-20261002-v1/current-generation.json,no-colour-variant-reference,95316,95247,,sprite/index/palette-work-plan.json,95316
0x5001,CLERIC_MALE_ELF_LOW,character,5000,1,1,CEMB,66,65,656,180494,0x5001:body:armor-code:1:CEMB1;0x5001:body:armor-code:2:CEMB2;0x5001:body:armor-code:3:CEMB3;0x5001:body:armor-code:4:CEMC4;0x5001:helmet:item-animation-code:H0:WQMH0;0x5001:helmet:item-animation-code:H1:WQMH1;0x5001:helmet:item-animation-code:H2:WQMH2;0x5001:helmet:item-animation-code:H5:WQMH5;0x5001:helmet:item-animation-code:J0:WQMJ0;0x5001:helmet:item-animation-code:J1:WQMJ1;0x5001:helmet:item-animation-code:J2:WQMJ2;0x5001:helmet:item-animation-code:J3:WQMJ3;0x5001:helmet:item-animation-code:J4:WQMJ4;0x5001:helmet:item-animation-code:J5:WQMJ5;0x5001:helmet:item-animation-code:J6:WQMJ6;0x5001:helmet:item-animation-code:J7:WQMJ7;0x5001:helmet:item-animation-code:J8:WQMJ8;0x5001:helmet:item-animation-code:J9:WQMJ9;0x5001:helmet:item-animation-code:JA:WQMJA;0x5001:helmet:item-animation-code:JB:WQMJB;0x5001:helmet:item-animation-code:JC:WQMJC;0x5001:helmet:item-animation-code:YW:WQMYW;0x5001:helmet:item-animation-code:ZW:WQMZW;0x5001:shield:item-animation-code:C0:WQMC0;0x5001:shield:item-animation-code:C1:WQMC1;0x5001:shield:item-animation-code:C2:WQMC2;0x5001:shield:item-animation-code:C3:WQMC3;0x5001:shield:item-animation-code:C4:WQMC4;0x5001:shield:item-animation-code:C5:WQMC5;0x5001:shield:item-animation-code:C6:WQMC6;0x5001:shield:item-animation-code:C7:WQMC7;0x5001:shield:item-animation-code:D1:WQMD1;0x5001:shield:item-animation-code:D2:WQMD2;0x5001:shield:item-animation-code:D3:WQMD3;0x5001:shield:item-animation-code:D4:WQMD4;0x5001:weapon:item-animation-code:AX:WQMAX;0x5001:weapon:item-animation-code:BS:WQMBS;0x5001:weapon:item-animation-code:BW:WQMBW;0x5001:weapon:item-animation-code:CB:WQMCB;0x5001:weapon:item-animation-code:CL:WQMCL;0x5001:weapon:item-animation-code:DD:WQMDD;0x5001:weapon:item-animation-code:F0:WQMF0;0x5001:weapon:item-animation-code:F1:WQMF1;0x5001:weapon:item-animation-code:F2:WQMF2;0x5001:weapon:item-animation-code:F3:WQMF3;0x5001:weapon:item-animation-code:FL:WQMFL;0x5001:weapon:item-animation-code:FS:WQMFS;0x5001:weapon:item-animation-code:GS:WQMGS;0x5001:weapon:item-animation-code:H6:WQMH6;0x5001:weapon:item-animation-code:HB:WQMHB;0x5001:weapon:item-animation-code:M2:WQMM2;0x5001:weapon:item-animation-code:MC:WQMMC;0x5001:weapon:item-animation-code:MS:WQMMS;0x5001:weapon:item-animation-code:Q2:WQMQ2;0x5001:weapon:item-animation-code:Q3:WQMQ3;0x5001:weapon:item-animation-code:Q4:WQMQ4;0x5001:weapon:item-animation-code:QS:WQMQS;0x5001:weapon:item-animation-code:S0:WQMS0;0x5001:weapon:item-animation-code:S1:WQMS1;0x5001:weapon:item-animation-code:S2:WQMS2;0x5001:weapon:item-animation-code:S3:WQMS3;0x5001:weapon:item-animation-code:SC:WQMSC;0x5001:weapon:item-animation-code:SL:WQMSL;0x5001:weapon:item-animation-code:SP:WQMSP;0x5001:weapon:item-animation-code:SS:WQMSS;0x5001:weapon:item-animation-code:WH:WQMWH,CEMB1A1;CEMB1A2;CEMB1A3;CEMB1A4;CEMB1A5;CEMB1A6;CEMB1A7;CEMB1A8;CEMB1A9;CEMB1CA;CEMB1G1;CEMB1G11;CEMB1G12;CEMB1G13;CEMB1G14;CEMB1G15;CEMB1G16;CEMB1G17;CEMB1G18;CEMB1G19;CEMB1SA;CEMB1SS;CEMB1SX;CEMB2A1;CEMB2A2;CEMB2A3;CEMB2A4;CEMB2A5;CEMB2A6;CEMB2A7;CEMB2A8;CEMB2A9;CEMB2CA;CEMB2G1;CEMB2G11;CEMB2G12;CEMB2G13;CEMB2G14;CEMB2G15;CEMB2G16;CEMB2G17;CEMB2G18;CEMB2G19;CEMB2SA;CEMB2SS;CEMB2SX;CEMB3A1;CEMB3A2;CEMB3A3;CEMB3A4;CEMB3A5;CEMB3A6;CEMB3A7;CEMB3A8;CEMB3A9;CEMB3CA;CEMB3G1;CEMB3G11;CEMB3G12;CEMB3G13;CEMB3G14;CEMB3G15;CEMB3G16;CEMB3G17;CEMB3G18;CEMB3G19;CEMB3SA;CEMB3SS;CEMB3SX;CEMC4A1;CEMC4A2;CEMC4A3;CEMC4A4;CEMC4A5;CEMC4A6;CEMC4A7;CEMC4A8;CEMC4A9;CEMC4CA;CEMC4G1;CEMC4G11;CEMC4G12;CEMC4G13;CEMC4G14;CEMC4G15;CEMC4G16;CEMC4G17;CEMC4G18;CEMC4G19;CEMC4SA;CEMC4SS;CEMC4SX;WQMAXA1;WQMAXA3;WQMAXA5;WQMAXA7;WQMAXA8;WQMAXA9;WQMAXG1;WQMAXOA7;WQMAXOA8;WQMAXOA9;WQMAXOG1;WQMBSG1;WQMBSSA;WQMBWG1;WQMBWSA;WQMC0A1;WQMC0A3;WQMC0A5;WQMC0G1;WQMC0SS;WQMC1A1;WQMC1A3;WQMC1A5;WQMC1G1;WQMC1SS;WQMC2A1;WQMC2A3;WQMC2A5;WQMC2G1;WQMC2SS;WQMC3A1;WQMC3A3;WQMC3A5;WQMC3G1;WQMC3SS;WQMC4A1;WQMC4A3;WQMC4A5;WQMC4G1;WQMC4SS;WQMC5A1;WQMC5A3;WQMC5A5;WQMC5G1;WQMC5SS;WQMC6A1;WQMC6A3;WQMC6A5;WQMC6G1;WQMC6SS;WQMC7A1;WQMC7A3;WQMC7A5;WQMC7G1;WQMC7SS;WQMCBG1;WQMCBSX;WQMCLA1;WQMCLA3;WQMCLA5;WQMCLA7;WQMCLA8;WQMCLA9;WQMCLG1;WQMCLOA7;WQMCLOA8;WQMCLOA9;WQMCLOG1;WQMD1A1;WQMD1A3;WQMD1A5;WQMD1G1;WQMD1SS;WQMD2A1;WQMD2A3;WQMD2A5;WQMD2G1;WQMD2SS;WQMD3A1;WQMD3A3;WQMD3A5;WQMD3G1;WQMD3SS;WQMD4A1;WQMD4A3;WQMD4A5;WQMD4G1;WQMD4SS;WQMDDA1;WQMDDA3;WQMDDA5;WQMDDA7;WQMDDA8;WQMDDA9;WQMDDG1;WQMDDOA7;WQMDDOA8;WQMDDOA9;WQMDDOG1;WQMF0A1;WQMF0A3;WQMF0A5;WQMF0A7;WQMF0A8;WQMF0A9;WQMF0G1;WQMF0OA7;WQMF0OA8;WQMF0OA9;WQMF0OG1;WQMF1A1;WQMF1A3;WQMF1A5;WQMF1A7;WQMF1A8;WQMF1A9;WQMF1G1;WQMF1OA7;WQMF1OA8;WQMF1OA9;WQMF1OG1;WQMF2A1;WQMF2A3;WQMF2A5;WQMF2A7;WQMF2A8;WQMF2A9;WQMF2G1;WQMF2OA7;WQMF2OA8;WQMF2OA9;WQMF2OG1;WQMF3A1;WQMF3A3;WQMF3A5;WQMF3A7;WQMF3A8;WQMF3A9;WQMF3G1;WQMF3OA7;WQMF3OA8;WQMF3OA9;WQMF3OG1;WQMFLA1;WQMFLA3;WQMFLA5;WQMFLA7;WQMFLA8;WQMFLA9;WQMFLG1;WQMFLOA7;WQMFLOA8;WQMFLOA9;WQMFLOG1;WQMFSA1;WQMFSA3;WQMFSA5;WQMFSA7;WQMFSA8;WQMFSA9;WQMFSG1;WQMFSOA7;WQMFSOA8;WQMFSOA9;WQMFSOG1;WQMGSA2;WQMGSA4;WQMGSA6;WQMGSG1;WQMH0A1;WQMH0A2;WQMH0A3;WQMH0A4;WQMH0A5;WQMH0A6;WQMH0A7;WQMH0A8;WQMH0A9;WQMH0CA;WQMH0G1;WQMH0SA;WQMH0SS;WQMH0SX;WQMH1A1;WQMH1A2;WQMH1A3;WQMH1A4;WQMH1A5;WQMH1A6;WQMH1A7;WQMH1A8;WQMH1A9;WQMH1CA;WQMH1G1;WQMH1SA;WQMH1SS;WQMH1SX;WQMH2A1;WQMH2A2;WQMH2A3;WQMH2A4;WQMH2A5;WQMH2A6;WQMH2A7;WQMH2A8;WQMH2A9;WQMH2CA;WQMH2G1;WQMH2SA;WQMH2SS;WQMH2SX;WQMH5A1;WQMH5A2;WQMH5A3;WQMH5A4;WQMH5A5;WQMH5A6;WQMH5A7;WQMH5A8;WQMH5A9;WQMH5CA;WQMH5G1;WQMH5SA;WQMH5SS;WQMH5SX;WQMH6A1;WQMH6A2;WQMH6A3;WQMH6A4;WQMH6A5;WQMH6A6;WQMH6A7;WQMH6A8;WQMH6A9;WQMH6CA;WQMH6G1;WQMH6SA;WQMH6SS;WQMH6SX;WQMHBA2;WQMHBA4;WQMHBA6;WQMHBG1;WQMJ0A1;WQMJ0A2;WQMJ0A3;WQMJ0A4;WQMJ0A5;WQMJ0A6;WQMJ0A7;WQMJ0A8;WQMJ0A9;WQMJ0CA;WQMJ0G1;WQMJ0SA;WQMJ0SS;WQMJ0SX;WQMJ1A1;WQMJ1A2;WQMJ1A3;WQMJ1A4;WQMJ1A5;WQMJ1A6;WQMJ1A7;WQMJ1A8;WQMJ1A9;WQMJ1CA;WQMJ1G1;WQMJ1SA;WQMJ1SS;WQMJ1SX;WQMJ2A1;WQMJ2A2;WQMJ2A3;WQMJ2A4;WQMJ2A5;WQMJ2A6;WQMJ2A7;WQMJ2A8;WQMJ2A9;WQMJ2CA;WQMJ2G1;WQMJ2SA;WQMJ2SS;WQMJ2SX;WQMJ3A1;WQMJ3A2;WQMJ3A3;WQMJ3A4;WQMJ3A5;WQMJ3A6;WQMJ3A7;WQMJ3A8;WQMJ3A9;WQMJ3CA;WQMJ3G1;WQMJ3SA;WQMJ3SS;WQMJ3SX;WQMJ4A1;WQMJ4A2;WQMJ4A3;WQMJ4A4;WQMJ4A5;WQMJ4A6;WQMJ4A7;WQMJ4A8;WQMJ4A9;WQMJ4CA;WQMJ4G1;WQMJ4SA;WQMJ4SS;WQMJ4SX;WQMJ5A1;WQMJ5A2;WQMJ5A3;WQMJ5A4;WQMJ5A5;WQMJ5A6;WQMJ5A7;WQMJ5A8;WQMJ5A9;WQMJ5CA;WQMJ5G1;WQMJ5SA;WQMJ5SS;WQMJ5SX;WQMJ6A1;WQMJ6A2;WQMJ6A3;WQMJ6A4;WQMJ6A5;WQMJ6A6;WQMJ6A7;WQMJ6A8;WQMJ6A9;WQMJ6CA;WQMJ6G1;WQMJ6SA;WQMJ6SS;WQMJ6SX;WQMJ7A1;WQMJ7A2;WQMJ7A3;WQMJ7A4;WQMJ7A5;WQMJ7A6;WQMJ7A7;WQMJ7A8;WQMJ7A9;WQMJ7CA;WQMJ7G1;WQMJ7SA;WQMJ7SS;WQMJ7SX;WQMJ8A1;WQMJ8A2;WQMJ8A3;WQMJ8A4;WQMJ8A5;WQMJ8A6;WQMJ8A7;WQMJ8A8;WQMJ8A9;WQMJ8CA;WQMJ8G1;WQMJ8SA;WQMJ8SS;WQMJ8SX;WQMJ9A1;WQMJ9A2;WQMJ9A3;WQMJ9A4;WQMJ9A5;WQMJ9A6;WQMJ9A7;WQMJ9A8;WQMJ9A9;WQMJ9CA;WQMJ9G1;WQMJ9SA;WQMJ9SS;WQMJ9SX;WQMJAA1;WQMJAA2;WQMJAA3;WQMJAA4;WQMJAA5;WQMJAA6;WQMJAA7;WQMJAA8;WQMJAA9;WQMJACA;WQMJAG1;WQMJASA;WQMJASS;WQMJASX;WQMJBA1;WQMJBA2;WQMJBA3;WQMJBA4;WQMJBA5;WQMJBA6;WQMJBA7;WQMJBA8;WQMJBA9;WQMJBCA;WQMJBG1;WQMJBSA;WQMJBSS;WQMJBSX;WQMJCA1;WQMJCA2;WQMJCA3;WQMJCA4;WQMJCA5;WQMJCA6;WQMJCA7;WQMJCA8;WQMJCA9;WQMJCCA;WQMJCG1;WQMJCSA;WQMJCSS;WQMJCSX;WQMM2A1;WQMM2A3;WQMM2A5;WQMM2A7;WQMM2A8;WQMM2A9;WQMM2G1;WQMM2OA7;WQMM2OA8;WQMM2OA9;WQMM2OG1;WQMMCA1;WQMMCA3;WQMMCA5;WQMMCA7;WQMMCA8;WQMMCA9;WQMMCG1;WQMMCOA7;WQMMCOA8;WQMMCOA9;WQMMCOG1;WQMMSA1;WQMMSA3;WQMMSA5;WQMMSA7;WQMMSA8;WQMMSA9;WQMMSG1;WQMMSOA7;WQMMSOA8;WQMMSOA9;WQMMSOG1;WQMQ2A2;WQMQ2A4;WQMQ2A6;WQMQ2G1;WQMQ3A2;WQMQ3A4;WQMQ3A6;WQMQ3G1;WQMQ4A2;WQMQ4A4;WQMQ4A6;WQMQ4G1;WQMQSA2;WQMQSA4;WQMQSA6;WQMQSG1;WQMS0A1;WQMS0A3;WQMS0A5;WQMS0A7;WQMS0A8;WQMS0A9;WQMS0G1;WQMS0OA7;WQMS0OA8;WQMS0OA9;WQMS0OG1;WQMS1A1;WQMS1A3;WQMS1A5;WQMS1A7;WQMS1A8;WQMS1A9;WQMS1G1;WQMS1OA7;WQMS1OA8;WQMS1OA9;WQMS1OG1;WQMS2A2;WQMS2A4;WQMS2A6;WQMS2G1;WQMS3A1;WQMS3A3;WQMS3A5;WQMS3A7;WQMS3A8;WQMS3A9;WQMS3G1;WQMS3OA7;WQMS3OA8;WQMS3OA9;WQMS3OG1;WQMSCA1;WQMSCA3;WQMSCA5;WQMSCA7;WQMSCA8;WQMSCA9;WQMSCG1;WQMSCOA7;WQMSCOA8;WQMSCOA9;WQMSCOG1;WQMSLG1;WQMSLSS;WQMSPA2;WQMSPA4;WQMSPA6;WQMSPG1;WQMSSA1;WQMSSA3;WQMSSA5;WQMSSA7;WQMSSA8;WQMSSA9;WQMSSG1;WQMSSOA7;WQMSSOA8;WQMSSOA9;WQMSSOG1;WQMWHA1;WQMWHA3;WQMWHA5;WQMWHA7;WQMWHA8;WQMWHA9;WQMWHG1;WQMWHOA7;WQMWHOA8;WQMWHOA9;WQMWHOG1;WQMZWA1;WQMZWA2;WQMZWA3;WQMZWA4;WQMZWA5;WQMZWA6;WQMZWA7;WQMZWA8;WQMZWA9;WQMZWCA;WQMZWG1;WQMZWSA;WQMZWSS;WQMZWSX,q3m-reference-available,docs/measurements/playable-q3m-x2-ingame-20261002-v1/current-generation.json,no-colour-variant-reference,97385,97323,,sprite/index/palette-work-plan.json,97385
0x5002,CLERIC_MALE_DWARF_LOW,character,5000,1,1,CDMB,66,65,656,178357,0x5002:body:armor-code:1:CDMB1;0x5002:body:armor-code:2:CDMB2;0x5002:body:armor-code:3:CDMB3;0x5002:body:armor-code:4:CDMC4;0x5002:helmet:item-animation-code:H0:WQSH0;0x5002:helmet:item-animation-code:H1:WQSH1;0x5002:helmet:item-animation-code:H2:WQSH2;0x5002:helmet:item-animation-code:H5:WQSH5;0x5002:helmet:item-animation-code:J0:WQSJ0;0x5002:helmet:item-animation-code:J1:WQSJ1;0x5002:helmet:item-animation-code:J2:WQSJ2;0x5002:helmet:item-animation-code:J3:WQSJ3;0x5002:helmet:item-animation-code:J4:WQSJ4;0x5002:helmet:item-animation-code:J5:WQSJ5;0x5002:helmet:item-animation-code:J6:WQSJ6;0x5002:helmet:item-animation-code:J7:WQSJ7;0x5002:helmet:item-animation-code:J8:WQSJ8;0x5002:helmet:item-animation-code:J9:WQSJ9;0x5002:helmet:item-animation-code:JA:WQSJA;0x5002:helmet:item-animation-code:JB:WQSJB;0x5002:helmet:item-animation-code:JC:WQSJC;0x5002:helmet:item-animation-code:YW:WQSYW;0x5002:helmet:item-animation-code:ZW:WQSZW;0x5002:shield:item-animation-code:C0:WQSC0;0x5002:shield:item-animation-code:C1:WQSC1;0x5002:shield:item-animation-code:C2:WQSC2;0x5002:shield:item-animation-code:C3:WQSC3;0x5002:shield:item-animation-code:C4:WQSC4;0x5002:shield:item-animation-code:C5:WQSC5;0x5002:shield:item-animation-code:C6:WQSC6;0x5002:shield:item-animation-code:C7:WQSC7;0x5002:shield:item-animation-code:D1:WQSD1;0x5002:shield:item-animation-code:D2:WQSD2;0x5002:shield:item-animation-code:D3:WQSD3;0x5002:shield:item-animation-code:D4:WQSD4;0x5002:weapon:item-animation-code:AX:WQSAX;0x5002:weapon:item-animation-code:BS:WQSBS;0x5002:weapon:item-animation-code:BW:WQSBW;0x5002:weapon:item-animation-code:CB:WQSCB;0x5002:weapon:item-animation-code:CL:WQSCL;0x5002:weapon:item-animation-code:DD:WQSDD;0x5002:weapon:item-animation-code:F0:WQSF0;0x5002:weapon:item-animation-code:F1:WQSF1;0x5002:weapon:item-animation-code:F2:WQSF2;0x5002:weapon:item-animation-code:F3:WQSF3;0x5002:weapon:item-animation-code:FL:WQSFL;0x5002:weapon:item-animation-code:FS:WQSFS;0x5002:weapon:item-animation-code:GS:WQSGS;0x5002:weapon:item-animation-code:H6:WQSH6;0x5002:weapon:item-animation-code:HB:WQSHB;0x5002:weapon:item-animation-code:M2:WQSM2;0x5002:weapon:item-animation-code:MC:WQSMC;0x5002:weapon:item-animation-code:MS:WQSMS;0x5002:weapon:item-animation-code:Q2:WQSQ2;0x5002:weapon:item-animation-code:Q3:WQSQ3;0x5002:weapon:item-animation-code:Q4:WQSQ4;0x5002:weapon:item-animation-code:QS:WQSQS;0x5002:weapon:item-animation-code:S0:WQSS0;0x5002:weapon:item-animation-code:S1:WQSS1;0x5002:weapon:item-animation-code:S2:WQSS2;0x5002:weapon:item-animation-code:S3:WQSS3;0x5002:weapon:item-animation-code:SC:WQSSC;0x5002:weapon:item-animation-code:SL:WQSSL;0x5002:weapon:item-animation-code:SP:WQSSP;0x5002:weapon:item-animation-code:SS:WQSSS;0x5002:weapon:item-animation-code:WH:WQSWH,CDMB1A1;CDMB1A2;CDMB1A3;CDMB1A4;CDMB1A5;CDMB1A6;CDMB1A7;CDMB1A8;CDMB1A9;CDMB1CA;CDMB1G1;CDMB1G11;CDMB1G12;CDMB1G13;CDMB1G14;CDMB1G15;CDMB1G16;CDMB1G17;CDMB1G18;CDMB1G19;CDMB1SA;CDMB1SS;CDMB1SX;CDMB2A1;CDMB2A2;CDMB2A3;CDMB2A4;CDMB2A5;CDMB2A6;CDMB2A7;CDMB2A8;CDMB2A9;CDMB2CA;CDMB2G1;CDMB2G11;CDMB2G12;CDMB2G13;CDMB2G14;CDMB2G15;CDMB2G16;CDMB2G17;CDMB2G18;CDMB2G19;CDMB2SA;CDMB2SS;CDMB2SX;CDMB3A1;CDMB3A2;CDMB3A3;CDMB3A4;CDMB3A5;CDMB3A6;CDMB3A7;CDMB3A8;CDMB3A9;CDMB3CA;CDMB3G1;CDMB3G11;CDMB3G12;CDMB3G13;CDMB3G14;CDMB3G15;CDMB3G16;CDMB3G17;CDMB3G18;CDMB3G19;CDMB3SA;CDMB3SS;CDMB3SX;CDMC4A1;CDMC4A2;CDMC4A3;CDMC4A4;CDMC4A5;CDMC4A6;CDMC4A7;CDMC4A8;CDMC4A9;CDMC4CA;CDMC4G1;CDMC4G11;CDMC4G12;CDMC4G13;CDMC4G14;CDMC4G15;CDMC4G16;CDMC4G17;CDMC4G18;CDMC4G19;CDMC4SA;CDMC4SS;CDMC4SX;WQSAXA1;WQSAXA3;WQSAXA5;WQSAXA7;WQSAXA8;WQSAXA9;WQSAXG1;WQSAXOA7;WQSAXOA8;WQSAXOA9;WQSAXOG1;WQSBSG1;WQSBSSA;WQSBWG1;WQSBWSA;WQSC0A1;WQSC0A3;WQSC0A5;WQSC0G1;WQSC0SS;WQSC1A1;WQSC1A3;WQSC1A5;WQSC1G1;WQSC1SS;WQSC2A1;WQSC2A3;WQSC2A5;WQSC2G1;WQSC2SS;WQSC3A1;WQSC3A3;WQSC3A5;WQSC3G1;WQSC3SS;WQSC4A1;WQSC4A3;WQSC4A5;WQSC4G1;WQSC4SS;WQSC5A1;WQSC5A3;WQSC5A5;WQSC5G1;WQSC5SS;WQSC6A1;WQSC6A3;WQSC6A5;WQSC6G1;WQSC6SS;WQSC7A1;WQSC7A3;WQSC7A5;WQSC7G1;WQSC7SS;WQSCBG1;WQSCBSX;WQSCLA1;WQSCLA3;WQSCLA5;WQSCLA7;WQSCLA8;WQSCLA9;WQSCLG1;WQSCLOA7;WQSCLOA8;WQSCLOA9;WQSCLOG1;WQSD1A1;WQSD1A3;WQSD1A5;WQSD1G1;WQSD1SS;WQSD2A1;WQSD2A3;WQSD2A5;WQSD2G1;WQSD2SS;WQSD3A1;WQSD3A3;WQSD3A5;WQSD3G1;WQSD3SS;WQSD4A1;WQSD4A3;WQSD4A5;WQSD4G1;WQSD4SS;WQSDDA1;WQSDDA3;WQSDDA5;WQSDDA7;WQSDDA8;WQSDDA9;WQSDDG1;WQSDDOA7;WQSDDOA8;WQSDDOA9;WQSDDOG1;WQSF0A1;WQSF0A3;WQSF0A5;WQSF0A7;WQSF0A8;WQSF0A9;WQSF0G1;WQSF0OA7;WQSF0OA8;WQSF0OA9;WQSF0OG1;WQSF1A1;WQSF1A3;WQSF1A5;WQSF1A7;WQSF1A8;WQSF1A9;WQSF1G1;WQSF1OA7;WQSF1OA8;WQSF1OA9;WQSF1OG1;WQSF2A1;WQSF2A3;WQSF2A5;WQSF2A7;WQSF2A8;WQSF2A9;WQSF2G1;WQSF2OA7;WQSF2OA8;WQSF2OA9;WQSF2OG1;WQSF3A1;WQSF3A3;WQSF3A5;WQSF3A7;WQSF3A8;WQSF3A9;WQSF3G1;WQSF3OA7;WQSF3OA8;WQSF3OA9;WQSF3OG1;WQSFLA1;WQSFLA3;WQSFLA5;WQSFLA7;WQSFLA8;WQSFLA9;WQSFLG1;WQSFLOA7;WQSFLOA8;WQSFLOA9;WQSFLOG1;WQSFSA1;WQSFSA3;WQSFSA5;WQSFSA7;WQSFSA8;WQSFSA9;WQSFSG1;WQSFSOA7;WQSFSOA8;WQSFSOA9;WQSFSOG1;WQSGSA2;WQSGSA4;WQSGSA6;WQSGSG1;WQSH0A1;WQSH0A2;WQSH0A3;WQSH0A4;WQSH0A5;WQSH0A6;WQSH0A7;WQSH0A8;WQSH0A9;WQSH0CA;WQSH0G1;WQSH0SA;WQSH0SS;WQSH0SX;WQSH1A1;WQSH1A2;WQSH1A3;WQSH1A4;WQSH1A5;WQSH1A6;WQSH1A7;WQSH1A8;WQSH1A9;WQSH1CA;WQSH1G1;WQSH1SA;WQSH1SS;WQSH1SX;WQSH2A1;WQSH2A2;WQSH2A3;WQSH2A4;WQSH2A5;WQSH2A6;WQSH2A7;WQSH2A8;WQSH2A9;WQSH2CA;WQSH2G1;WQSH2SA;WQSH2SS;WQSH2SX;WQSH5A1;WQSH5A2;WQSH5A3;WQSH5A4;WQSH5A5;WQSH5A6;WQSH5A7;WQSH5A8;WQSH5A9;WQSH5CA;WQSH5G1;WQSH5SA;WQSH5SS;WQSH5SX;WQSH6A1;WQSH6A2;WQSH6A3;WQSH6A4;WQSH6A5;WQSH6A6;WQSH6A7;WQSH6A8;WQSH6A9;WQSH6CA;WQSH6G1;WQSH6SA;WQSH6SS;WQSH6SX;WQSHBA2;WQSHBA4;WQSHBA6;WQSHBG1;WQSJ0A1;WQSJ0A2;WQSJ0A3;WQSJ0A4;WQSJ0A5;WQSJ0A6;WQSJ0A7;WQSJ0A8;WQSJ0A9;WQSJ0CA;WQSJ0G1;WQSJ0SA;WQSJ0SS;WQSJ0SX;WQSJ1A1;WQSJ1A2;WQSJ1A3;WQSJ1A4;WQSJ1A5;WQSJ1A6;WQSJ1A7;WQSJ1A8;WQSJ1A9;WQSJ1CA;WQSJ1G1;WQSJ1SA;WQSJ1SS;WQSJ1SX;WQSJ2A1;WQSJ2A2;WQSJ2A3;WQSJ2A4;WQSJ2A5;WQSJ2A6;WQSJ2A7;WQSJ2A8;WQSJ2A9;WQSJ2CA;WQSJ2G1;WQSJ2SA;WQSJ2SS;WQSJ2SX;WQSJ3A1;WQSJ3A2;WQSJ3A3;WQSJ3A4;WQSJ3A5;WQSJ3A6;WQSJ3A7;WQSJ3A8;WQSJ3A9;WQSJ3CA;WQSJ3G1;WQSJ3SA;WQSJ3SS;WQSJ3SX;WQSJ4A1;WQSJ4A2;WQSJ4A3;WQSJ4A4;WQSJ4A5;WQSJ4A6;WQSJ4A7;WQSJ4A8;WQSJ4A9;WQSJ4CA;WQSJ4G1;WQSJ4SA;WQSJ4SS;WQSJ4SX;WQSJ5A1;WQSJ5A2;WQSJ5A3;WQSJ5A4;WQSJ5A5;WQSJ5A6;WQSJ5A7;WQSJ5A8;WQSJ5A9;WQSJ5CA;WQSJ5G1;WQSJ5SA;WQSJ5SS;WQSJ5SX;WQSJ6A1;WQSJ6A2;WQSJ6A3;WQSJ6A4;WQSJ6A5;WQSJ6A6;WQSJ6A7;WQSJ6A8;WQSJ6A9;WQSJ6CA;WQSJ6G1;WQSJ6SA;WQSJ6SS;WQSJ6SX;WQSJ7A1;WQSJ7A2;WQSJ7A3;WQSJ7A4;WQSJ7A5;WQSJ7A6;WQSJ7A7;WQSJ7A8;WQSJ7A9;WQSJ7CA;WQSJ7G1;WQSJ7SA;WQSJ7SS;WQSJ7SX;WQSJ8A1;WQSJ8A2;WQSJ8A3;WQSJ8A4;WQSJ8A5;WQSJ8A6;WQSJ8A7;WQSJ8A8;WQSJ8A9;WQSJ8CA;WQSJ8G1;WQSJ8SA;WQSJ8SS;WQSJ8SX;WQSJ9A1;WQSJ9A2;WQSJ9A3;WQSJ9A4;WQSJ9A5;WQSJ9A6;WQSJ9A7;WQSJ9A8;WQSJ9A9;WQSJ9CA;WQSJ9G1;WQSJ9SA;WQSJ9SS;WQSJ9SX;WQSJAA1;WQSJAA2;WQSJAA3;WQSJAA4;WQSJAA5;WQSJAA6;WQSJAA7;WQSJAA8;WQSJAA9;WQSJACA;WQSJAG1;WQSJASA;WQSJASS;WQSJASX;WQSJBA1;WQSJBA2;WQSJBA3;WQSJBA4;WQSJBA5;WQSJBA6;WQSJBA7;WQSJBA8;WQSJBA9;WQSJBCA;WQSJBG1;WQSJBSA;WQSJBSS;WQSJBSX;WQSJCA1;WQSJCA2;WQSJCA3;WQSJCA4;WQSJCA5;WQSJCA6;WQSJCA7;WQSJCA8;WQSJCA9;WQSJCCA;WQSJCG1;WQSJCSA;WQSJCSS;WQSJCSX;WQSM2A1;WQSM2A3;WQSM2A5;WQSM2A7;WQSM2A8;WQSM2A9;WQSM2G1;WQSM2OA7;WQSM2OA8;WQSM2OA9;WQSM2OG1;WQSMCA1;WQSMCA3;WQSMCA5;WQSMCA7;WQSMCA8;WQSMCA9;WQSMCG1;WQSMCOA7;WQSMCOA8;WQSMCOA9;WQSMCOG1;WQSMSA1;WQSMSA3;WQSMSA5;WQSMSA7;WQSMSA8;WQSMSA9;WQSMSG1;WQSMSOA7;WQSMSOA8;WQSMSOA9;WQSMSOG1;WQSQ2A2;WQSQ2A4;WQSQ2A6;WQSQ2G1;WQSQ3A2;WQSQ3A4;WQSQ3A6;WQSQ3G1;WQSQ4A2;WQSQ4A4;WQSQ4A6;WQSQ4G1;WQSQSA2;WQSQSA4;WQSQSA6;WQSQSG1;WQSS0A1;WQSS0A3;WQSS0A5;WQSS0A7;WQSS0A8;WQSS0A9;WQSS0G1;WQSS0OA7;WQSS0OA8;WQSS0OA9;WQSS0OG1;WQSS1A1;WQSS1A3;WQSS1A5;WQSS1A7;WQSS1A8;WQSS1A9;WQSS1G1;WQSS1OA7;WQSS1OA8;WQSS1OA9;WQSS1OG1;WQSS2A2;WQSS2A4;WQSS2A6;WQSS2G1;WQSS3A1;WQSS3A3;WQSS3A5;WQSS3A7;WQSS3A8;WQSS3A9;WQSS3G1;WQSS3OA7;WQSS3OA8;WQSS3OA9;WQSS3OG1;WQSSCA1;WQSSCA3;WQSSCA5;WQSSCA7;WQSSCA8;WQSSCA9;WQSSCG1;WQSSCOA7;WQSSCOA8;WQSSCOA9;WQSSCOG1;WQSSLG1;WQSSLSS;WQSSPA2;WQSSPA4;WQSSPA6;WQSSPG1;WQSSSA1;WQSSSA3;WQSSSA5;WQSSSA7;WQSSSA8;WQSSSA9;WQSSSG1;WQSSSOA7;WQSSSOA8;WQSSSOA9;WQSSSOG1;WQSWHA1;WQSWHA3;WQSWHA5;WQSWHA7;WQSWHA8;WQSWHA9;WQSWHG1;WQSWHOA7;WQSWHOA8;WQSWHOA9;WQSWHOG1;WQSZWA1;WQSZWA2;WQSZWA3;WQSZWA4;WQSZWA5;WQSZWA6;WQSZWA7;WQSZWA8;WQSZWA9;WQSZWCA;WQSZWG1;WQSZWSA;WQSZWSS;WQSZWSX,q3m-reference-available,docs/measurements/playable-q3m-x2-ingame-20261002-v1/current-generation.json,no-colour-variant-reference,94149,94076,,sprite/index/palette-work-plan.json,94149
0x5003,CLERIC_MALE_HALFLING_LOW,character,5000,1,1,CIMB,66,53,596,161725,0x5003:body:armor-code:1:CIMB1;0x5003:body:armor-code:2:CIMB2;0x5003:body:armor-code:3:CIMB3;0x5003:body:armor-code:4:CIMC4;0x5003:helmet:item-animation-code:H0:WQSH0;0x5003:helmet:item-animation-code:H1:WQSH1;0x5003:helmet:item-animation-code:H2:WQSH2;0x5003:helmet:item-animation-code:H5:WQSH5;0x5003:helmet:item-animation-code:J0:WQSJ0;0x5003:helmet:item-animation-code:J1:WQSJ1;0x5003:helmet:item-animation-code:J2:WQSJ2;0x5003:helmet:item-animation-code:J3:WQSJ3;0x5003:helmet:item-animation-code:J4:WQSJ4;0x5003:helmet:item-animation-code:J5:WQSJ5;0x5003:helmet:item-animation-code:J6:WQSJ6;0x5003:helmet:item-animation-code:J7:WQSJ7;0x5003:helmet:item-animation-code:J8:WQSJ8;0x5003:helmet:item-animation-code:J9:WQSJ9;0x5003:helmet:item-animation-code:JA:WQSJA;0x5003:helmet:item-animation-code:JB:WQSJB;0x5003:helmet:item-animation-code:JC:WQSJC;0x5003:helmet:item-animation-code:YW:WQSYW;0x5003:helmet:item-animation-code:ZW:WQSZW;0x5003:shield:item-animation-code:C0:WQHC0;0x5003:shield:item-animation-code:C1:WQHC1;0x5003:shield:item-animation-code:C2:WQHC2;0x5003:shield:item-animation-code:C3:WQHC3;0x5003:shield:item-animation-code:C4:WQHC4;0x5003:shield:item-animation-code:C5:WQHC5;0x5003:shield:item-animation-code:C6:WQHC6;0x5003:shield:item-animation-code:C7:WQHC7;0x5003:shield:item-animation-code:D1:WQHD1;0x5003:shield:item-animation-code:D2:WQHD2;0x5003:shield:item-animation-code:D3:WQHD3;0x5003:shield:item-animation-code:D4:WQHD4;0x5003:weapon:item-animation-code:AX:WQSAX;0x5003:weapon:item-animation-code:BS:WQSBS;0x5003:weapon:item-animation-code:BW:WQSBW;0x5003:weapon:item-animation-code:CB:WQSCB;0x5003:weapon:item-animation-code:CL:WQSCL;0x5003:weapon:item-animation-code:DD:WQSDD;0x5003:weapon:item-animation-code:F0:WQSF0;0x5003:weapon:item-animation-code:F1:WQSF1;0x5003:weapon:item-animation-code:F2:WQSF2;0x5003:weapon:item-animation-code:F3:WQSF3;0x5003:weapon:item-animation-code:FL:WQSFL;0x5003:weapon:item-animation-code:FS:WQSFS;0x5003:weapon:item-animation-code:GS:WQSGS;0x5003:weapon:item-animation-code:H6:WQSH6;0x5003:weapon:item-animation-code:HB:WQSHB;0x5003:weapon:item-animation-code:M2:WQSM2;0x5003:weapon:item-animation-code:MC:WQSMC;0x5003:weapon:item-animation-code:MS:WQSMS;0x5003:weapon:item-animation-code:Q2:WQSQ2;0x5003:weapon:item-animation-code:Q3:WQSQ3;0x5003:weapon:item-animation-code:Q4:WQSQ4;0x5003:weapon:item-animation-code:QS:WQSQS;0x5003:weapon:item-animation-code:S0:WQSS0;0x5003:weapon:item-animation-code:S1:WQSS1;0x5003:weapon:item-animation-code:S2:WQSS2;0x5003:weapon:item-animation-code:S3:WQSS3;0x5003:weapon:item-animation-code:SC:WQSSC;0x5003:weapon:item-animation-code:SL:WQSSL;0x5003:weapon:item-animation-code:SP:WQSSP;0x5003:weapon:item-animation-code:SS:WQSSS;0x5003:weapon:item-animation-code:WH:WQSWH,CIMB1A1;CIMB1A2;CIMB1A3;CIMB1A4;CIMB1A5;CIMB1A6;CIMB1A7;CIMB1A8;CIMB1A9;CIMB1CA;CIMB1G1;CIMB1G11;CIMB1G12;CIMB1G13;CIMB1G14;CIMB1G15;CIMB1G16;CIMB1G17;CIMB1G18;CIMB1G19;CIMB1SA;CIMB1SS;CIMB1SX;CIMB2A1;CIMB2A2;CIMB2A3;CIMB2A4;CIMB2A5;CIMB2A6;CIMB2A7;CIMB2A8;CIMB2A9;CIMB2CA;CIMB2G1;CIMB2G11;CIMB2G12;CIMB2G13;CIMB2G14;CIMB2G15;CIMB2G16;CIMB2G17;CIMB2G18;CIMB2G19;CIMB2SA;CIMB2SS;CIMB2SX;CIMB3A1;CIMB3A2;CIMB3A3;CIMB3A4;CIMB3A5;CIMB3A6;CIMB3A7;CIMB3A8;CIMB3A9;CIMB3CA;CIMB3G1;CIMB3G11;CIMB3G12;CIMB3G13;CIMB3G14;CIMB3G15;CIMB3G16;CIMB3G17;CIMB3G18;CIMB3G19;CIMB3SA;CIMB3SS;CIMB3SX;CIMC4A1;CIMC4A2;CIMC4A3;CIMC4A4;CIMC4A5;CIMC4A6;CIMC4A7;CIMC4A8;CIMC4A9;CIMC4CA;CIMC4G1;CIMC4G11;CIMC4G12;CIMC4G13;CIMC4G14;CIMC4G15;CIMC4G16;CIMC4G17;CIMC4G18;CIMC4G19;CIMC4SA;CIMC4SS;CIMC4SX;WQSAXA1;WQSAXA3;WQSAXA5;WQSAXA7;WQSAXA8;WQSAXA9;WQSAXG1;WQSAXOA7;WQSAXOA8;WQSAXOA9;WQSAXOG1;WQSBSG1;WQSBSSA;WQSBWG1;WQSBWSA;WQSCBG1;WQSCBSX;WQSCLA1;WQSCLA3;WQSCLA5;WQSCLA7;WQSCLA8;WQSCLA9;WQSCLG1;WQSCLOA7;WQSCLOA8;WQSCLOA9;WQSCLOG1;WQSDDA1;WQSDDA3;WQSDDA5;WQSDDA7;WQSDDA8;WQSDDA9;WQSDDG1;WQSDDOA7;WQSDDOA8;WQSDDOA9;WQSDDOG1;WQSF0A1;WQSF0A3;WQSF0A5;WQSF0A7;WQSF0A8;WQSF0A9;WQSF0G1;WQSF0OA7;WQSF0OA8;WQSF0OA9;WQSF0OG1;WQSF1A1;WQSF1A3;WQSF1A5;WQSF1A7;WQSF1A8;WQSF1A9;WQSF1G1;WQSF1OA7;WQSF1OA8;WQSF1OA9;WQSF1OG1;WQSF2A1;WQSF2A3;WQSF2A5;WQSF2A7;WQSF2A8;WQSF2A9;WQSF2G1;WQSF2OA7;WQSF2OA8;WQSF2OA9;WQSF2OG1;WQSF3A1;WQSF3A3;WQSF3A5;WQSF3A7;WQSF3A8;WQSF3A9;WQSF3G1;WQSF3OA7;WQSF3OA8;WQSF3OA9;WQSF3OG1;WQSFLA1;WQSFLA3;WQSFLA5;WQSFLA7;WQSFLA8;WQSFLA9;WQSFLG1;WQSFLOA7;WQSFLOA8;WQSFLOA9;WQSFLOG1;WQSFSA1;WQSFSA3;WQSFSA5;WQSFSA7;WQSFSA8;WQSFSA9;WQSFSG1;WQSFSOA7;WQSFSOA8;WQSFSOA9;WQSFSOG1;WQSGSA2;WQSGSA4;WQSGSA6;WQSGSG1;WQSH0A1;WQSH0A2;WQSH0A3;WQSH0A4;WQSH0A5;WQSH0A6;WQSH0A7;WQSH0A8;WQSH0A9;WQSH0CA;WQSH0G1;WQSH0SA;WQSH0SS;WQSH0SX;WQSH1A1;WQSH1A2;WQSH1A3;WQSH1A4;WQSH1A5;WQSH1A6;WQSH1A7;WQSH1A8;WQSH1A9;WQSH1CA;WQSH1G1;WQSH1SA;WQSH1SS;WQSH1SX;WQSH2A1;WQSH2A2;WQSH2A3;WQSH2A4;WQSH2A5;WQSH2A6;WQSH2A7;WQSH2A8;WQSH2A9;WQSH2CA;WQSH2G1;WQSH2SA;WQSH2SS;WQSH2SX;WQSH5A1;WQSH5A2;WQSH5A3;WQSH5A4;WQSH5A5;WQSH5A6;WQSH5A7;WQSH5A8;WQSH5A9;WQSH5CA;WQSH5G1;WQSH5SA;WQSH5SS;WQSH5SX;WQSH6A1;WQSH6A2;WQSH6A3;WQSH6A4;WQSH6A5;WQSH6A6;WQSH6A7;WQSH6A8;WQSH6A9;WQSH6CA;WQSH6G1;WQSH6SA;WQSH6SS;WQSH6SX;WQSHBA2;WQSHBA4;WQSHBA6;WQSHBG1;WQSJ0A1;WQSJ0A2;WQSJ0A3;WQSJ0A4;WQSJ0A5;WQSJ0A6;WQSJ0A7;WQSJ0A8;WQSJ0A9;WQSJ0CA;WQSJ0G1;WQSJ0SA;WQSJ0SS;WQSJ0SX;WQSJ1A1;WQSJ1A2;WQSJ1A3;WQSJ1A4;WQSJ1A5;WQSJ1A6;WQSJ1A7;WQSJ1A8;WQSJ1A9;WQSJ1CA;WQSJ1G1;WQSJ1SA;WQSJ1SS;WQSJ1SX;WQSJ2A1;WQSJ2A2;WQSJ2A3;WQSJ2A4;WQSJ2A5;WQSJ2A6;WQSJ2A7;WQSJ2A8;WQSJ2A9;WQSJ2CA;WQSJ2G1;WQSJ2SA;WQSJ2SS;WQSJ2SX;WQSJ3A1;WQSJ3A2;WQSJ3A3;WQSJ3A4;WQSJ3A5;WQSJ3A6;WQSJ3A7;WQSJ3A8;WQSJ3A9;WQSJ3CA;WQSJ3G1;WQSJ3SA;WQSJ3SS;WQSJ3SX;WQSJ4A1;WQSJ4A2;WQSJ4A3;WQSJ4A4;WQSJ4A5;WQSJ4A6;WQSJ4A7;WQSJ4A8;WQSJ4A9;WQSJ4CA;WQSJ4G1;WQSJ4SA;WQSJ4SS;WQSJ4SX;WQSJ5A1;WQSJ5A2;WQSJ5A3;WQSJ5A4;WQSJ5A5;WQSJ5A6;WQSJ5A7;WQSJ5A8;WQSJ5A9;WQSJ5CA;WQSJ5G1;WQSJ5SA;WQSJ5SS;WQSJ5SX;WQSJ6A1;WQSJ6A2;WQSJ6A3;WQSJ6A4;WQSJ6A5;WQSJ6A6;WQSJ6A7;WQSJ6A8;WQSJ6A9;WQSJ6CA;WQSJ6G1;WQSJ6SA;WQSJ6SS;WQSJ6SX;WQSJ7A1;WQSJ7A2;WQSJ7A3;WQSJ7A4;WQSJ7A5;WQSJ7A6;WQSJ7A7;WQSJ7A8;WQSJ7A9;WQSJ7CA;WQSJ7G1;WQSJ7SA;WQSJ7SS;WQSJ7SX;WQSJ8A1;WQSJ8A2;WQSJ8A3;WQSJ8A4;WQSJ8A5;WQSJ8A6;WQSJ8A7;WQSJ8A8;WQSJ8A9;WQSJ8CA;WQSJ8G1;WQSJ8SA;WQSJ8SS;WQSJ8SX;WQSJ9A1;WQSJ9A2;WQSJ9A3;WQSJ9A4;WQSJ9A5;WQSJ9A6;WQSJ9A7;WQSJ9A8;WQSJ9A9;WQSJ9CA;WQSJ9G1;WQSJ9SA;WQSJ9SS;WQSJ9SX;WQSJAA1;WQSJAA2;WQSJAA3;WQSJAA4;WQSJAA5;WQSJAA6;WQSJAA7;WQSJAA8;WQSJAA9;WQSJACA;WQSJAG1;WQSJASA;WQSJASS;WQSJASX;WQSJBA1;WQSJBA2;WQSJBA3;WQSJBA4;WQSJBA5;WQSJBA6;WQSJBA7;WQSJBA8;WQSJBA9;WQSJBCA;WQSJBG1;WQSJBSA;WQSJBSS;WQSJBSX;WQSJCA1;WQSJCA2;WQSJCA3;WQSJCA4;WQSJCA5;WQSJCA6;WQSJCA7;WQSJCA8;WQSJCA9;WQSJCCA;WQSJCG1;WQSJCSA;WQSJCSS;WQSJCSX;WQSM2A1;WQSM2A3;WQSM2A5;WQSM2A7;WQSM2A8;WQSM2A9;WQSM2G1;WQSM2OA7;WQSM2OA8;WQSM2OA9;WQSM2OG1;WQSMCA1;WQSMCA3;WQSMCA5;WQSMCA7;WQSMCA8;WQSMCA9;WQSMCG1;WQSMCOA7;WQSMCOA8;WQSMCOA9;WQSMCOG1;WQSMSA1;WQSMSA3;WQSMSA5;WQSMSA7;WQSMSA8;WQSMSA9;WQSMSG1;WQSMSOA7;WQSMSOA8;WQSMSOA9;WQSMSOG1;WQSQ2A2;WQSQ2A4;WQSQ2A6;WQSQ2G1;WQSQ3A2;WQSQ3A4;WQSQ3A6;WQSQ3G1;WQSQ4A2;WQSQ4A4;WQSQ4A6;WQSQ4G1;WQSQSA2;WQSQSA4;WQSQSA6;WQSQSG1;WQSS0A1;WQSS0A3;WQSS0A5;WQSS0A7;WQSS0A8;WQSS0A9;WQSS0G1;WQSS0OA7;WQSS0OA8;WQSS0OA9;WQSS0OG1;WQSS1A1;WQSS1A3;WQSS1A5;WQSS1A7;WQSS1A8;WQSS1A9;WQSS1G1;WQSS1OA7;WQSS1OA8;WQSS1OA9;WQSS1OG1;WQSS2A2;WQSS2A4;WQSS2A6;WQSS2G1;WQSS3A1;WQSS3A3;WQSS3A5;WQSS3A7;WQSS3A8;WQSS3A9;WQSS3G1;WQSS3OA7;WQSS3OA8;WQSS3OA9;WQSS3OG1;WQSSCA1;WQSSCA3;WQSSCA5;WQSSCA7;WQSSCA8;WQSSCA9;WQSSCG1;WQSSCOA7;WQSSCOA8;WQSSCOA9;WQSSCOG1;WQSSLG1;WQSSLSS;WQSSPA2;WQSSPA4;WQSSPA6;WQSSPG1;WQSSSA1;WQSSSA3;WQSSSA5;WQSSSA7;WQSSSA8;WQSSSA9;WQSSSG1;WQSSSOA7;WQSSSOA8;WQSSSOA9;WQSSSOG1;WQSWHA1;WQSWHA3;WQSWHA5;WQSWHA7;WQSWHA8;WQSWHA9;WQSWHG1;WQSWHOA7;WQSWHOA8;WQSWHOA9;WQSWHOG1;WQSZWA1;WQSZWA2;WQSZWA3;WQSZWA4;WQSZWA5;WQSZWA6;WQSZWA7;WQSZWA8;WQSZWA9;WQSZWCA;WQSZWG1;WQSZWSA;WQSZWSS;WQSZWSX,q3m-reference-available,docs/measurements/playable-q3m-x2-ingame-20261002-v1/current-generation.json,no-colour-variant-reference,79032,78961,,sprite/index/palette-work-plan.json,79032
0x5010,CLERIC_FEMALE_HUMAN_LOW,character,5000,1,1,CHFB,66,65,656,178360,0x5010:body:armor-code:1:CHFB1;0x5010:body:armor-code:2:CHFB2;0x5010:body:armor-code:3:CHFB3;0x5010:body:armor-code:4:CHFC4;0x5010:helmet:item-animation-code:H0:WQNH0;0x5010:helmet:item-animation-code:H1:WQNH1;0x5010:helmet:item-animation-code:H2:WQNH2;0x5010:helmet:item-animation-code:H5:WQNH5;0x5010:helmet:item-animation-code:J0:WQNJ0;0x5010:helmet:item-animation-code:J1:WQNJ1;0x5010:helmet:item-animation-code:J2:WQNJ2;0x5010:helmet:item-animation-code:J3:WQNJ3;0x5010:helmet:item-animation-code:J4:WQNJ4;0x5010:helmet:item-animation-code:J5:WQNJ5;0x5010:helmet:item-animation-code:J6:WQNJ6;0x5010:helmet:item-animation-code:J7:WQNJ7;0x5010:helmet:item-animation-code:J8:WQNJ8;0x5010:helmet:item-animation-code:J9:WQNJ9;0x5010:helmet:item-animation-code:JA:WQNJA;0x5010:helmet:item-animation-code:JB:WQNJB;0x5010:helmet:item-animation-code:JC:WQNJC;0x5010:helmet:item-animation-code:YW:WQNYW;0x5010:helmet:item-animation-code:ZW:WQNZW;0x5010:shield:item-animation-code:C0:WQNC0;0x5010:shield:item-animation-code:C1:WQNC1;0x5010:shield:item-animation-code:C2:WQNC2;0x5010:shield:item-animation-code:C3:WQNC3;0x5010:shield:item-animation-code:C4:WQNC4;0x5010:shield:item-animation-code:C5:WQNC5;0x5010:shield:item-animation-code:C6:WQNC6;0x5010:shield:item-animation-code:C7:WQNC7;0x5010:shield:item-animation-code:D1:WQND1;0x5010:shield:item-animation-code:D2:WQND2;0x5010:shield:item-animation-code:D3:WQND3;0x5010:shield:item-animation-code:D4:WQND4;0x5010:weapon:item-animation-code:AX:WQNAX;0x5010:weapon:item-animation-code:BS:WQNBS;0x5010:weapon:item-animation-code:BW:WQNBW;0x5010:weapon:item-animation-code:CB:WQNCB;0x5010:weapon:item-animation-code:CL:WQNCL;0x5010:weapon:item-animation-code:DD:WQNDD;0x5010:weapon:item-animation-code:F0:WQNF0;0x5010:weapon:item-animation-code:F1:WQNF1;0x5010:weapon:item-animation-code:F2:WQNF2;0x5010:weapon:item-animation-code:F3:WQNF3;0x5010:weapon:item-animation-code:FL:WQNFL;0x5010:weapon:item-animation-code:FS:WQNFS;0x5010:weapon:item-animation-code:GS:WQNGS;0x5010:weapon:item-animation-code:H6:WQNH6;0x5010:weapon:item-animation-code:HB:WQNHB;0x5010:weapon:item-animation-code:M2:WQNM2;0x5010:weapon:item-animation-code:MC:WQNMC;0x5010:weapon:item-animation-code:MS:WQNMS;0x5010:weapon:item-animation-code:Q2:WQNQ2;0x5010:weapon:item-animation-code:Q3:WQNQ3;0x5010:weapon:item-animation-code:Q4:WQNQ4;0x5010:weapon:item-animation-code:QS:WQNQS;0x5010:weapon:item-animation-code:S0:WQNS0;0x5010:weapon:item-animation-code:S1:WQNS1;0x5010:weapon:item-animation-code:S2:WQNS2;0x5010:weapon:item-animation-code:S3:WQNS3;0x5010:weapon:item-animation-code:SC:WQNSC;0x5010:weapon:item-animation-code:SL:WQNSL;0x5010:weapon:item-animation-code:SP:WQNSP;0x5010:weapon:item-animation-code:SS:WQNSS;0x5010:weapon:item-animation-code:WH:WQNWH,CHFB1A1;CHFB1A2;CHFB1A3;CHFB1A4;CHFB1A5;CHFB1A6;CHFB1A7;CHFB1A8;CHFB1A9;CHFB1CA;CHFB1G1;CHFB1G11;CHFB1G12;CHFB1G13;CHFB1G14;CHFB1G15;CHFB1G16;CHFB1G17;CHFB1G18;CHFB1G19;CHFB1SA;CHFB1SS;CHFB1SX;CHFB2A1;CHFB2A2;CHFB2A3;CHFB2A4;CHFB2A5;CHFB2A6;CHFB2A7;CHFB2A8;CHFB2A9;CHFB2CA;CHFB2G1;CHFB2G11;CHFB2G12;CHFB2G13;CHFB2G14;CHFB2G15;CHFB2G16;CHFB2G17;CHFB2G18;CHFB2G19;CHFB2SA;CHFB2SS;CHFB2SX;CHFB3A1;CHFB3A2;CHFB3A3;CHFB3A4;CHFB3A5;CHFB3A6;CHFB3A7;CHFB3A8;CHFB3A9;CHFB3CA;CHFB3G1;CHFB3G11;CHFB3G12;CHFB3G13;CHFB3G14;CHFB3G15;CHFB3G16;CHFB3G17;CHFB3G18;CHFB3G19;CHFB3SA;CHFB3SS;CHFB3SX;CHFC4A1;CHFC4A2;CHFC4A3;CHFC4A4;CHFC4A5;CHFC4A6;CHFC4A7;CHFC4A8;CHFC4A9;CHFC4CA;CHFC4G1;CHFC4G11;CHFC4G12;CHFC4G13;CHFC4G14;CHFC4G15;CHFC4G16;CHFC4G17;CHFC4G18;CHFC4G19;CHFC4SA;CHFC4SS;CHFC4SX;WQNAXA1;WQNAXA3;WQNAXA5;WQNAXA7;WQNAXA8;WQNAXA9;WQNAXG1;WQNAXOA7;WQNAXOA8;WQNAXOA9;WQNAXOG1;WQNBSG1;WQNBSSA;WQNBWG1;WQNBWSA;WQNC0A1;WQNC0A3;WQNC0A5;WQNC0G1;WQNC0SS;WQNC1A1;WQNC1A3;WQNC1A5;WQNC1G1;WQNC1SS;WQNC2A1;WQNC2A3;WQNC2A5;WQNC2G1;WQNC2SS;WQNC3A1;WQNC3A3;WQNC3A5;WQNC3G1;WQNC3SS;WQNC4A1;WQNC4A3;WQNC4A5;WQNC4G1;WQNC4SS;WQNC5A1;WQNC5A3;WQNC5A5;WQNC5G1;WQNC5SS;WQNC6A1;WQNC6A3;WQNC6A5;WQNC6G1;WQNC6SS;WQNC7A1;WQNC7A3;WQNC7A5;WQNC7G1;WQNC7SS;WQNCBG1;WQNCBSX;WQNCLA1;WQNCLA3;WQNCLA5;WQNCLA7;WQNCLA8;WQNCLA9;WQNCLG1;WQNCLOA7;WQNCLOA8;WQNCLOA9;WQNCLOG1;WQND1A1;WQND1A3;WQND1A5;WQND1G1;WQND1SS;WQND2A1;WQND2A3;WQND2A5;WQND2G1;WQND2SS;WQND3A1;WQND3A3;WQND3A5;WQND3G1;WQND3SS;WQND4A1;WQND4A3;WQND4A5;WQND4G1;WQND4SS;WQNDDA1;WQNDDA3;WQNDDA5;WQNDDA7;WQNDDA8;WQNDDA9;WQNDDG1;WQNDDOA7;WQNDDOA8;WQNDDOA9;WQNDDOG1;WQNF0A1;WQNF0A3;WQNF0A5;WQNF0A7;WQNF0A8;WQNF0A9;WQNF0G1;WQNF0OA7;WQNF0OA8;WQNF0OA9;WQNF0OG1;WQNF1A1;WQNF1A3;WQNF1A5;WQNF1A7;WQNF1A8;WQNF1A9;WQNF1G1;WQNF1OA7;WQNF1OA8;WQNF1OA9;WQNF1OG1;WQNF2A1;WQNF2A3;WQNF2A5;WQNF2A7;WQNF2A8;WQNF2A9;WQNF2G1;WQNF2OA7;WQNF2OA8;WQNF2OA9;WQNF2OG1;WQNF3A1;WQNF3A3;WQNF3A5;WQNF3A7;WQNF3A8;WQNF3A9;WQNF3G1;WQNF3OA7;WQNF3OA8;WQNF3OA9;WQNF3OG1;WQNFLA1;WQNFLA3;WQNFLA5;WQNFLA7;WQNFLA8;WQNFLA9;WQNFLG1;WQNFLOA7;WQNFLOA8;WQNFLOA9;WQNFLOG1;WQNFSA1;WQNFSA3;WQNFSA5;WQNFSA7;WQNFSA8;WQNFSA9;WQNFSG1;WQNFSOA7;WQNFSOA8;WQNFSOA9;WQNFSOG1;WQNGSA2;WQNGSA4;WQNGSA6;WQNGSG1;WQNH0A1;WQNH0A2;WQNH0A3;WQNH0A4;WQNH0A5;WQNH0A6;WQNH0A7;WQNH0A8;WQNH0A9;WQNH0CA;WQNH0G1;WQNH0SA;WQNH0SS;WQNH0SX;WQNH1A1;WQNH1A2;WQNH1A3;WQNH1A4;WQNH1A5;WQNH1A6;WQNH1A7;WQNH1A8;WQNH1A9;WQNH1CA;WQNH1G1;WQNH1SA;WQNH1SS;WQNH1SX;WQNH2A1;WQNH2A2;WQNH2A3;WQNH2A4;WQNH2A5;WQNH2A6;WQNH2A7;WQNH2A8;WQNH2A9;WQNH2CA;WQNH2G1;WQNH2SA;WQNH2SS;WQNH2SX;WQNH5A1;WQNH5A2;WQNH5A3;WQNH5A4;WQNH5A5;WQNH5A6;WQNH5A7;WQNH5A8;WQNH5A9;WQNH5CA;WQNH5G1;WQNH5SA;WQNH5SS;WQNH5SX;WQNH6A1;WQNH6A2;WQNH6A3;WQNH6A4;WQNH6A5;WQNH6A6;WQNH6A7;WQNH6A8;WQNH6A9;WQNH6CA;WQNH6G1;WQNH6SA;WQNH6SS;WQNH6SX;WQNHBA2;WQNHBA4;WQNHBA6;WQNHBG1;WQNJ0A1;WQNJ0A2;WQNJ0A3;WQNJ0A4;WQNJ0A5;WQNJ0A6;WQNJ0A7;WQNJ0A8;WQNJ0A9;WQNJ0CA;WQNJ0G1;WQNJ0SA;WQNJ0SS;WQNJ0SX;WQNJ1A1;WQNJ1A2;WQNJ1A3;WQNJ1A4;WQNJ1A5;WQNJ1A6;WQNJ1A7;WQNJ1A8;WQNJ1A9;WQNJ1CA;WQNJ1G1;WQNJ1SA;WQNJ1SS;WQNJ1SX;WQNJ2A1;WQNJ2A2;WQNJ2A3;WQNJ2A4;WQNJ2A5;WQNJ2A6;WQNJ2A7;WQNJ2A8;WQNJ2A9;WQNJ2CA;WQNJ2G1;WQNJ2SA;WQNJ2SS;WQNJ2SX;WQNJ3A1;WQNJ3A2;WQNJ3A3;WQNJ3A4;WQNJ3A5;WQNJ3A6;WQNJ3A7;WQNJ3A8;WQNJ3A9;WQNJ3CA;WQNJ3G1;WQNJ3SA;WQNJ3SS;WQNJ3SX;WQNJ4A1;WQNJ4A2;WQNJ4A3;WQNJ4A4;WQNJ4A5;WQNJ4A6;WQNJ4A7;WQNJ4A8;WQNJ4A9;WQNJ4CA;WQNJ4G1;WQNJ4SA;WQNJ4SS;WQNJ4SX;WQNJ5A1;WQNJ5A2;WQNJ5A3;WQNJ5A4;WQNJ5A5;WQNJ5A6;WQNJ5A7;WQNJ5A8;WQNJ5A9;WQNJ5CA;WQNJ5G1;WQNJ5SA;WQNJ5SS;WQNJ5SX;WQNJ6A1;WQNJ6A2;WQNJ6A3;WQNJ6A4;WQNJ6A5;WQNJ6A6;WQNJ6A7;WQNJ6A8;WQNJ6A9;WQNJ6CA;WQNJ6G1;WQNJ6SA;WQNJ6SS;WQNJ6SX;WQNJ7A1;WQNJ7A2;WQNJ7A3;WQNJ7A4;WQNJ7A5;WQNJ7A6;WQNJ7A7;WQNJ7A8;WQNJ7A9;WQNJ7CA;WQNJ7G1;WQNJ7SA;WQNJ7SS;WQNJ7SX;WQNJ8A1;WQNJ8A2;WQNJ8A3;WQNJ8A4;WQNJ8A5;WQNJ8A6;WQNJ8A7;WQNJ8A8;WQNJ8A9;WQNJ8CA;WQNJ8G1;WQNJ8SA;WQNJ8SS;WQNJ8SX;WQNJ9A1;WQNJ9A2;WQNJ9A3;WQNJ9A4;WQNJ9A5;WQNJ9A6;WQNJ9A7;WQNJ9A8;WQNJ9A9;WQNJ9CA;WQNJ9G1;WQNJ9SA;WQNJ9SS;WQNJ9SX;WQNJAA1;WQNJAA2;WQNJAA3;WQNJAA4;WQNJAA5;WQNJAA6;WQNJAA7;WQNJAA8;WQNJAA9;WQNJACA;WQNJAG1;WQNJASA;WQNJASS;WQNJASX;WQNJBA1;WQNJBA2;WQNJBA3;WQNJBA4;WQNJBA5;WQNJBA6;WQNJBA7;WQNJBA8;WQNJBA9;WQNJBCA;WQNJBG1;WQNJBSA;WQNJBSS;WQNJBSX;WQNJCA1;WQNJCA2;WQNJCA3;WQNJCA4;WQNJCA5;WQNJCA6;WQNJCA7;WQNJCA8;WQNJCA9;WQNJCCA;WQNJCG1;WQNJCSA;WQNJCSS;WQNJCSX;WQNM2A1;WQNM2A3;WQNM2A5;WQNM2A7;WQNM2A8;WQNM2A9;WQNM2G1;WQNM2OA7;WQNM2OA8;WQNM2OA9;WQNM2OG1;WQNMCA1;WQNMCA3;WQNMCA5;WQNMCA7;WQNMCA8;WQNMCA9;WQNMCG1;WQNMCOA7;WQNMCOA8;WQNMCOA9;WQNMCOG1;WQNMSA1;WQNMSA3;WQNMSA5;WQNMSA7;WQNMSA8;WQNMSA9;WQNMSG1;WQNMSOA7;WQNMSOA8;WQNMSOA9;WQNMSOG1;WQNQ2A2;WQNQ2A4;WQNQ2A6;WQNQ2G1;WQNQ3A2;WQNQ3A4;WQNQ3A6;WQNQ3G1;WQNQ4A2;WQNQ4A4;WQNQ4A6;WQNQ4G1;WQNQSA2;WQNQSA4;WQNQSA6;WQNQSG1;WQNS0A1;WQNS0A3;WQNS0A5;WQNS0A7;WQNS0A8;WQNS0A9;WQNS0G1;WQNS0OA7;WQNS0OA8;WQNS0OA9;WQNS0OG1;WQNS1A1;WQNS1A3;WQNS1A5;WQNS1A7;WQNS1A8;WQNS1A9;WQNS1G1;WQNS1OA7;WQNS1OA8;WQNS1OA9;WQNS1OG1;WQNS2A2;WQNS2A4;WQNS2A6;WQNS2G1;WQNS3A1;WQNS3A3;WQNS3A5;WQNS3A7;WQNS3A8;WQNS3A9;WQNS3G1;WQNS3OA7;WQNS3OA8;WQNS3OA9;WQNS3OG1;WQNSCA1;WQNSCA3;WQNSCA5;WQNSCA7;WQNSCA8;WQNSCA9;WQNSCG1;WQNSCOA7;WQNSCOA8;WQNSCOA9;WQNSCOG1;WQNSLG1;WQNSLSS;WQNSPA2;WQNSPA4;WQNSPA6;WQNSPG1;WQNSSA1;WQNSSA3;WQNSSA5;WQNSSA7;WQNSSA8;WQNSSA9;WQNSSG1;WQNSSOA7;WQNSSOA8;WQNSSOA9;WQNSSOG1;WQNWHA1;WQNWHA3;WQNWHA5;WQNWHA7;WQNWHA8;WQNWHA9;WQNWHG1;WQNWHOA7;WQNWHOA8;WQNWHOA9;WQNWHOG1;WQNZWA1;WQNZWA2;WQNZWA3;WQNZWA4;WQNZWA5;WQNZWA6;WQNZWA7;WQNZWA8;WQNZWA9;WQNZWCA;WQNZWG1;WQNZWSA;WQNZWSS;WQNZWSX,q3m-reference-available,docs/measurements/playable-q3m-x2-ingame-20261002-v1/current-generation.json,no-colour-variant-reference,93923,93843,,sprite/index/palette-work-plan.json,93923
0x5011,CLERIC_FEMALE_ELF_LOW,character,5000,1,1,CEFB,66,65,656,180494,0x5011:body:armor-code:1:CEFB1;0x5011:body:armor-code:2:CEFB2;0x5011:body:armor-code:3:CEFB3;0x5011:body:armor-code:4:CEFC4;0x5011:helmet:item-animation-code:H0:WQMH0;0x5011:helmet:item-animation-code:H1:WQMH1;0x5011:helmet:item-animation-code:H2:WQMH2;0x5011:helmet:item-animation-code:H5:WQMH5;0x5011:helmet:item-animation-code:J0:WQMJ0;0x5011:helmet:item-animation-code:J1:WQMJ1;0x5011:helmet:item-animation-code:J2:WQMJ2;0x5011:helmet:item-animation-code:J3:WQMJ3;0x5011:helmet:item-animation-code:J4:WQMJ4;0x5011:helmet:item-animation-code:J5:WQMJ5;0x5011:helmet:item-animation-code:J6:WQMJ6;0x5011:helmet:item-animation-code:J7:WQMJ7;0x5011:helmet:item-animation-code:J8:WQMJ8;0x5011:helmet:item-animation-code:J9:WQMJ9;0x5011:helmet:item-animation-code:JA:WQMJA;0x5011:helmet:item-animation-code:JB:WQMJB;0x5011:helmet:item-animation-code:JC:WQMJC;0x5011:helmet:item-animation-code:YW:WQMYW;0x5011:helmet:item-animation-code:ZW:WQMZW;0x5011:shield:item-animation-code:C0:WQMC0;0x5011:shield:item-animation-code:C1:WQMC1;0x5011:shield:item-animation-code:C2:WQMC2;0x5011:shield:item-animation-code:C3:WQMC3;0x5011:shield:item-animation-code:C4:WQMC4;0x5011:shield:item-animation-code:C5:WQMC5;0x5011:shield:item-animation-code:C6:WQMC6;0x5011:shield:item-animation-code:C7:WQMC7;0x5011:shield:item-animation-code:D1:WQMD1;0x5011:shield:item-animation-code:D2:WQMD2;0x5011:shield:item-animation-code:D3:WQMD3;0x5011:shield:item-animation-code:D4:WQMD4;0x5011:weapon:item-animation-code:AX:WQMAX;0x5011:weapon:item-animation-code:BS:WQMBS;0x5011:weapon:item-animation-code:BW:WQMBW;0x5011:weapon:item-animation-code:CB:WQMCB;0x5011:weapon:item-animation-code:CL:WQMCL;0x5011:weapon:item-animation-code:DD:WQMDD;0x5011:weapon:item-animation-code:F0:WQMF0;0x5011:weapon:item-animation-code:F1:WQMF1;0x5011:weapon:item-animation-code:F2:WQMF2;0x5011:weapon:item-animation-code:F3:WQMF3;0x5011:weapon:item-animation-code:FL:WQMFL;0x5011:weapon:item-animation-code:FS:WQMFS;0x5011:weapon:item-animation-code:GS:WQMGS;0x5011:weapon:item-animation-code:H6:WQMH6;0x5011:weapon:item-animation-code:HB:WQMHB;0x5011:weapon:item-animation-code:M2:WQMM2;0x5011:weapon:item-animation-code:MC:WQMMC;0x5011:weapon:item-animation-code:MS:WQMMS;0x5011:weapon:item-animation-code:Q2:WQMQ2;0x5011:weapon:item-animation-code:Q3:WQMQ3;0x5011:weapon:item-animation-code:Q4:WQMQ4;0x5011:weapon:item-animation-code:QS:WQMQS;0x5011:weapon:item-animation-code:S0:WQMS0;0x5011:weapon:item-animation-code:S1:WQMS1;0x5011:weapon:item-animation-code:S2:WQMS2;0x5011:weapon:item-animation-code:S3:WQMS3;0x5011:weapon:item-animation-code:SC:WQMSC;0x5011:weapon:item-animation-code:SL:WQMSL;0x5011:weapon:item-animation-code:SP:WQMSP;0x5011:weapon:item-animation-code:SS:WQMSS;0x5011:weapon:item-animation-code:WH:WQMWH,CEFB1A1;CEFB1A2;CEFB1A3;CEFB1A4;CEFB1A5;CEFB1A6;CEFB1A7;CEFB1A8;CEFB1A9;CEFB1CA;CEFB1G1;CEFB1G11;CEFB1G12;CEFB1G13;CEFB1G14;CEFB1G15;CEFB1G16;CEFB1G17;CEFB1G18;CEFB1G19;CEFB1SA;CEFB1SS;CEFB1SX;CEFB2A1;CEFB2A2;CEFB2A3;CEFB2A4;CEFB2A5;CEFB2A6;CEFB2A7;CEFB2A8;CEFB2A9;CEFB2CA;CEFB2G1;CEFB2G11;CEFB2G12;CEFB2G13;CEFB2G14;CEFB2G15;CEFB2G16;CEFB2G17;CEFB2G18;CEFB2G19;CEFB2SA;CEFB2SS;CEFB2SX;CEFB3A1;CEFB3A2;CEFB3A3;CEFB3A4;CEFB3A5;CEFB3A6;CEFB3A7;CEFB3A8;CEFB3A9;CEFB3CA;CEFB3G1;CEFB3G11;CEFB3G12;CEFB3G13;CEFB3G14;CEFB3G15;CEFB3G16;CEFB3G17;CEFB3G18;CEFB3G19;CEFB3SA;CEFB3SS;CEFB3SX;CEFC4A1;CEFC4A2;CEFC4A3;CEFC4A4;CEFC4A5;CEFC4A6;CEFC4A7;CEFC4A8;CEFC4A9;CEFC4CA;CEFC4G1;CEFC4G11;CEFC4G12;CEFC4G13;CEFC4G14;CEFC4G15;CEFC4G16;CEFC4G17;CEFC4G18;CEFC4G19;CEFC4SA;CEFC4SS;CEFC4SX;WQMAXA1;WQMAXA3;WQMAXA5;WQMAXA7;WQMAXA8;WQMAXA9;WQMAXG1;WQMAXOA7;WQMAXOA8;WQMAXOA9;WQMAXOG1;WQMBSG1;WQMBSSA;WQMBWG1;WQMBWSA;WQMC0A1;WQMC0A3;WQMC0A5;WQMC0G1;WQMC0SS;WQMC1A1;WQMC1A3;WQMC1A5;WQMC1G1;WQMC1SS;WQMC2A1;WQMC2A3;WQMC2A5;WQMC2G1;WQMC2SS;WQMC3A1;WQMC3A3;WQMC3A5;WQMC3G1;WQMC3SS;WQMC4A1;WQMC4A3;WQMC4A5;WQMC4G1;WQMC4SS;WQMC5A1;WQMC5A3;WQMC5A5;WQMC5G1;WQMC5SS;WQMC6A1;WQMC6A3;WQMC6A5;WQMC6G1;WQMC6SS;WQMC7A1;WQMC7A3;WQMC7A5;WQMC7G1;WQMC7SS;WQMCBG1;WQMCBSX;WQMCLA1;WQMCLA3;WQMCLA5;WQMCLA7;WQMCLA8;WQMCLA9;WQMCLG1;WQMCLOA7;WQMCLOA8;WQMCLOA9;WQMCLOG1;WQMD1A1;WQMD1A3;WQMD1A5;WQMD1G1;WQMD1SS;WQMD2A1;WQMD2A3;WQMD2A5;WQMD2G1;WQMD2SS;WQMD3A1;WQMD3A3;WQMD3A5;WQMD3G1;WQMD3SS;WQMD4A1;WQMD4A3;WQMD4A5;WQMD4G1;WQMD4SS;WQMDDA1;WQMDDA3;WQMDDA5;WQMDDA7;WQMDDA8;WQMDDA9;WQMDDG1;WQMDDOA7;WQMDDOA8;WQMDDOA9;WQMDDOG1;WQMF0A1;WQMF0A3;WQMF0A5;WQMF0A7;WQMF0A8;WQMF0A9;WQMF0G1;WQMF0OA7;WQMF0OA8;WQMF0OA9;WQMF0OG1;WQMF1A1;WQMF1A3;WQMF1A5;WQMF1A7;WQMF1A8;WQMF1A9;WQMF1G1;WQMF1OA7;WQMF1OA8;WQMF1OA9;WQMF1OG1;WQMF2A1;WQMF2A3;WQMF2A5;WQMF2A7;WQMF2A8;WQMF2A9;WQMF2G1;WQMF2OA7;WQMF2OA8;WQMF2OA9;WQMF2OG1;WQMF3A1;WQMF3A3;WQMF3A5;WQMF3A7;WQMF3A8;WQMF3A9;WQMF3G1;WQMF3OA7;WQMF3OA8;WQMF3OA9;WQMF3OG1;WQMFLA1;WQMFLA3;WQMFLA5;WQMFLA7;WQMFLA8;WQMFLA9;WQMFLG1;WQMFLOA7;WQMFLOA8;WQMFLOA9;WQMFLOG1;WQMFSA1;WQMFSA3;WQMFSA5;WQMFSA7;WQMFSA8;WQMFSA9;WQMFSG1;WQMFSOA7;WQMFSOA8;WQMFSOA9;WQMFSOG1;WQMGSA2;WQMGSA4;WQMGSA6;WQMGSG1;WQMH0A1;WQMH0A2;WQMH0A3;WQMH0A4;WQMH0A5;WQMH0A6;WQMH0A7;WQMH0A8;WQMH0A9;WQMH0CA;WQMH0G1;WQMH0SA;WQMH0SS;WQMH0SX;WQMH1A1;WQMH1A2;WQMH1A3;WQMH1A4;WQMH1A5;WQMH1A6;WQMH1A7;WQMH1A8;WQMH1A9;WQMH1CA;WQMH1G1;WQMH1SA;WQMH1SS;WQMH1SX;WQMH2A1;WQMH2A2;WQMH2A3;WQMH2A4;WQMH2A5;WQMH2A6;WQMH2A7;WQMH2A8;WQMH2A9;WQMH2CA;WQMH2G1;WQMH2SA;WQMH2SS;WQMH2SX;WQMH5A1;WQMH5A2;WQMH5A3;WQMH5A4;WQMH5A5;WQMH5A6;WQMH5A7;WQMH5A8;WQMH5A9;WQMH5CA;WQMH5G1;WQMH5SA;WQMH5SS;WQMH5SX;WQMH6A1;WQMH6A2;WQMH6A3;WQMH6A4;WQMH6A5;WQMH6A6;WQMH6A7;WQMH6A8;WQMH6A9;WQMH6CA;WQMH6G1;WQMH6SA;WQMH6SS;WQMH6SX;WQMHBA2;WQMHBA4;WQMHBA6;WQMHBG1;WQMJ0A1;WQMJ0A2;WQMJ0A3;WQMJ0A4;WQMJ0A5;WQMJ0A6;WQMJ0A7;WQMJ0A8;WQMJ0A9;WQMJ0CA;WQMJ0G1;WQMJ0SA;WQMJ0SS;WQMJ0SX;WQMJ1A1;WQMJ1A2;WQMJ1A3;WQMJ1A4;WQMJ1A5;WQMJ1A6;WQMJ1A7;WQMJ1A8;WQMJ1A9;WQMJ1CA;WQMJ1G1;WQMJ1SA;WQMJ1SS;WQMJ1SX;WQMJ2A1;WQMJ2A2;WQMJ2A3;WQMJ2A4;WQMJ2A5;WQMJ2A6;WQMJ2A7;WQMJ2A8;WQMJ2A9;WQMJ2CA;WQMJ2G1;WQMJ2SA;WQMJ2SS;WQMJ2SX;WQMJ3A1;WQMJ3A2;WQMJ3A3;WQMJ3A4;WQMJ3A5;WQMJ3A6;WQMJ3A7;WQMJ3A8;WQMJ3A9;WQMJ3CA;WQMJ3G1;WQMJ3SA;WQMJ3SS;WQMJ3SX;WQMJ4A1;WQMJ4A2;WQMJ4A3;WQMJ4A4;WQMJ4A5;WQMJ4A6;WQMJ4A7;WQMJ4A8;WQMJ4A9;WQMJ4CA;WQMJ4G1;WQMJ4SA;WQMJ4SS;WQMJ4SX;WQMJ5A1;WQMJ5A2;WQMJ5A3;WQMJ5A4;WQMJ5A5;WQMJ5A6;WQMJ5A7;WQMJ5A8;WQMJ5A9;WQMJ5CA;WQMJ5G1;WQMJ5SA;WQMJ5SS;WQMJ5SX;WQMJ6A1;WQMJ6A2;WQMJ6A3;WQMJ6A4;WQMJ6A5;WQMJ6A6;WQMJ6A7;WQMJ6A8;WQMJ6A9;WQMJ6CA;WQMJ6G1;WQMJ6SA;WQMJ6SS;WQMJ6SX;WQMJ7A1;WQMJ7A2;WQMJ7A3;WQMJ7A4;WQMJ7A5;WQMJ7A6;WQMJ7A7;WQMJ7A8;WQMJ7A9;WQMJ7CA;WQMJ7G1;WQMJ7SA;WQMJ7SS;WQMJ7SX;WQMJ8A1;WQMJ8A2;WQMJ8A3;WQMJ8A4;WQMJ8A5;WQMJ8A6;WQMJ8A7;WQMJ8A8;WQMJ8A9;WQMJ8CA;WQMJ8G1;WQMJ8SA;WQMJ8SS;WQMJ8SX;WQMJ9A1;WQMJ9A2;WQMJ9A3;WQMJ9A4;WQMJ9A5;WQMJ9A6;WQMJ9A7;WQMJ9A8;WQMJ9A9;WQMJ9CA;WQMJ9G1;WQMJ9SA;WQMJ9SS;WQMJ9SX;WQMJAA1;WQMJAA2;WQMJAA3;WQMJAA4;WQMJAA5;WQMJAA6;WQMJAA7;WQMJAA8;WQMJAA9;WQMJACA;WQMJAG1;WQMJASA;WQMJASS;WQMJASX;WQMJBA1;WQMJBA2;WQMJBA3;WQMJBA4;WQMJBA5;WQMJBA6;WQMJBA7;WQMJBA8;WQMJBA9;WQMJBCA;WQMJBG1;WQMJBSA;WQMJBSS;WQMJBSX;WQMJCA1;WQMJCA2;WQMJCA3;WQMJCA4;WQMJCA5;WQMJCA6;WQMJCA7;WQMJCA8;WQMJCA9;WQMJCCA;WQMJCG1;WQMJCSA;WQMJCSS;WQMJCSX;WQMM2A1;WQMM2A3;WQMM2A5;WQMM2A7;WQMM2A8;WQMM2A9;WQMM2G1;WQMM2OA7;WQMM2OA8;WQMM2OA9;WQMM2OG1;WQMMCA1;WQMMCA3;WQMMCA5;WQMMCA7;WQMMCA8;WQMMCA9;WQMMCG1;WQMMCOA7;WQMMCOA8;WQMMCOA9;WQMMCOG1;WQMMSA1;WQMMSA3;WQMMSA5;WQMMSA7;WQMMSA8;WQMMSA9;WQMMSG1;WQMMSOA7;WQMMSOA8;WQMMSOA9;WQMMSOG1;WQMQ2A2;WQMQ2A4;WQMQ2A6;WQMQ2G1;WQMQ3A2;WQMQ3A4;WQMQ3A6;WQMQ3G1;WQMQ4A2;WQMQ4A4;WQMQ4A6;WQMQ4G1;WQMQSA2;WQMQSA4;WQMQSA6;WQMQSG1;WQMS0A1;WQMS0A3;WQMS0A5;WQMS0A7;WQMS0A8;WQMS0A9;WQMS0G1;WQMS0OA7;WQMS0OA8;WQMS0OA9;WQMS0OG1;WQMS1A1;WQMS1A3;WQMS1A5;WQMS1A7;WQMS1A8;WQMS1A9;WQMS1G1;WQMS1OA7;WQMS1OA8;WQMS1OA9;WQMS1OG1;WQMS2A2;WQMS2A4;WQMS2A6;WQMS2G1;WQMS3A1;WQMS3A3;WQMS3A5;WQMS3A7;WQMS3A8;WQMS3A9;WQMS3G1;WQMS3OA7;WQMS3OA8;WQMS3OA9;WQMS3OG1;WQMSCA1;WQMSCA3;WQMSCA5;WQMSCA7;WQMSCA8;WQMSCA9;WQMSCG1;WQMSCOA7;WQMSCOA8;WQMSCOA9;WQMSCOG1;WQMSLG1;WQMSLSS;WQMSPA2;WQMSPA4;WQMSPA6;WQMSPG1;WQMSSA1;WQMSSA3;WQMSSA5;WQMSSA7;WQMSSA8;WQMSSA9;WQMSSG1;WQMSSOA7;WQMSSOA8;WQMSSOA9;WQMSSOG1;WQMWHA1;WQMWHA3;WQMWHA5;WQMWHA7;WQMWHA8;WQMWHA9;WQMWHG1;WQMWHOA7;WQMWHOA8;WQMWHOA9;WQMWHOG1;WQMZWA1;WQMZWA2;WQMZWA3;WQMZWA4;WQMZWA5;WQMZWA6;WQMZWA7;WQMZWA8;WQMZWA9;WQMZWCA;WQMZWG1;WQMZWSA;WQMZWSS;WQMZWSX,q3m-reference-available,docs/measurements/playable-q3m-x2-ingame-20261002-v1/current-generation.json,no-colour-variant-reference,97378,97316,,sprite/index/palette-work-plan.json,97378
0x5012,CLERIC_FEMALE_DWARF_LOW,character,5000,1,1,CDFB,66,65,656,178357,0x5012:body:armor-code:1:CDFB1;0x5012:body:armor-code:2:CDFB2;0x5012:body:armor-code:3:CDFB3;0x5012:body:armor-code:4:CDFC4;0x5012:helmet:item-animation-code:H0:WQSH0;0x5012:helmet:item-animation-code:H1:WQSH1;0x5012:helmet:item-animation-code:H2:WQSH2;0x5012:helmet:item-animation-code:H5:WQSH5;0x5012:helmet:item-animation-code:J0:WQSJ0;0x5012:helmet:item-animation-code:J1:WQSJ1;0x5012:helmet:item-animation-code:J2:WQSJ2;0x5012:helmet:item-animation-code:J3:WQSJ3;0x5012:helmet:item-animation-code:J4:WQSJ4;0x5012:helmet:item-animation-code:J5:WQSJ5;0x5012:helmet:item-animation-code:J6:WQSJ6;0x5012:helmet:item-animation-code:J7:WQSJ7;0x5012:helmet:item-animation-code:J8:WQSJ8;0x5012:helmet:item-animation-code:J9:WQSJ9;0x5012:helmet:item-animation-code:JA:WQSJA;0x5012:helmet:item-animation-code:JB:WQSJB;0x5012:helmet:item-animation-code:JC:WQSJC;0x5012:helmet:item-animation-code:YW:WQSYW;0x5012:helmet:item-animation-code:ZW:WQSZW;0x5012:shield:item-animation-code:C0:WQSC0;0x5012:shield:item-animation-code:C1:WQSC1;0x5012:shield:item-animation-code:C2:WQSC2;0x5012:shield:item-animation-code:C3:WQSC3;0x5012:shield:item-animation-code:C4:WQSC4;0x5012:shield:item-animation-code:C5:WQSC5;0x5012:shield:item-animation-code:C6:WQSC6;0x5012:shield:item-animation-code:C7:WQSC7;0x5012:shield:item-animation-code:D1:WQSD1;0x5012:shield:item-animation-code:D2:WQSD2;0x5012:shield:item-animation-code:D3:WQSD3;0x5012:shield:item-animation-code:D4:WQSD4;0x5012:weapon:item-animation-code:AX:WQSAX;0x5012:weapon:item-animation-code:BS:WQSBS;0x5012:weapon:item-animation-code:BW:WQSBW;0x5012:weapon:item-animation-code:CB:WQSCB;0x5012:weapon:item-animation-code:CL:WQSCL;0x5012:weapon:item-animation-code:DD:WQSDD;0x5012:weapon:item-animation-code:F0:WQSF0;0x5012:weapon:item-animation-code:F1:WQSF1;0x5012:weapon:item-animation-code:F2:WQSF2;0x5012:weapon:item-animation-code:F3:WQSF3;0x5012:weapon:item-animation-code:FL:WQSFL;0x5012:weapon:item-animation-code:FS:WQSFS;0x5012:weapon:item-animation-code:GS:WQSGS;0x5012:weapon:item-animation-code:H6:WQSH6;0x5012:weapon:item-animation-code:HB:WQSHB;0x5012:weapon:item-animation-code:M2:WQSM2;0x5012:weapon:item-animation-code:MC:WQSMC;0x5012:weapon:item-animation-code:MS:WQSMS;0x5012:weapon:item-animation-code:Q2:WQSQ2;0x5012:weapon:item-animation-code:Q3:WQSQ3;0x5012:weapon:item-animation-code:Q4:WQSQ4;0x5012:weapon:item-animation-code:QS:WQSQS;0x5012:weapon:item-animation-code:S0:WQSS0;0x5012:weapon:item-animation-code:S1:WQSS1;0x5012:weapon:item-animation-code:S2:WQSS2;0x5012:weapon:item-animation-code:S3:WQSS3;0x5012:weapon:item-animation-code:SC:WQSSC;0x5012:weapon:item-animation-code:SL:WQSSL;0x5012:weapon:item-animation-code:SP:WQSSP;0x5012:weapon:item-animation-code:SS:WQSSS;0x5012:weapon:item-animation-code:WH:WQSWH,CDFB1A1;CDFB1A2;CDFB1A3;CDFB1A4;CDFB1A5;CDFB1A6;CDFB1A7;CDFB1A8;CDFB1A9;CDFB1CA;CDFB1G1;CDFB1G11;CDFB1G12;CDFB1G13;CDFB1G14;CDFB1G15;CDFB1G16;CDFB1G17;CDFB1G18;CDFB1G19;CDFB1SA;CDFB1SS;CDFB1SX;CDFB2A1;CDFB2A2;CDFB2A3;CDFB2A4;CDFB2A5;CDFB2A6;CDFB2A7;CDFB2A8;CDFB2A9;CDFB2CA;CDFB2G1;CDFB2G11;CDFB2G12;CDFB2G13;CDFB2G14;CDFB2G15;CDFB2G16;CDFB2G17;CDFB2G18;CDFB2G19;CDFB2SA;CDFB2SS;CDFB2SX;CDFB3A1;CDFB3A2;CDFB3A3;CDFB3A4;CDFB3A5;CDFB3A6;CDFB3A7;CDFB3A8;CDFB3A9;CDFB3CA;CDFB3G1;CDFB3G11;CDFB3G12;CDFB3G13;CDFB3G14;CDFB3G15;CDFB3G16;CDFB3G17;CDFB3G18;CDFB3G19;CDFB3SA;CDFB3SS;CDFB3SX;CDFC4A1;CDFC4A2;CDFC4A3;CDFC4A4;CDFC4A5;CDFC4A6;CDFC4A7;CDFC4A8;CDFC4A9;CDFC4CA;CDFC4G1;CDFC4G11;CDFC4G12;CDFC4G13;CDFC4G14;CDFC4G15;CDFC4G16;CDFC4G17;CDFC4G18;CDFC4G19;CDFC4SA;CDFC4SS;CDFC4SX;WQSAXA1;WQSAXA3;WQSAXA5;WQSAXA7;WQSAXA8;WQSAXA9;WQSAXG1;WQSAXOA7;WQSAXOA8;WQSAXOA9;WQSAXOG1;WQSBSG1;WQSBSSA;WQSBWG1;WQSBWSA;WQSC0A1;WQSC0A3;WQSC0A5;WQSC0G1;WQSC0SS;WQSC1A1;WQSC1A3;WQSC1A5;WQSC1G1;WQSC1SS;WQSC2A1;WQSC2A3;WQSC2A5;WQSC2G1;WQSC2SS;WQSC3A1;WQSC3A3;WQSC3A5;WQSC3G1;WQSC3SS;WQSC4A1;WQSC4A3;WQSC4A5;WQSC4G1;WQSC4SS;WQSC5A1;WQSC5A3;WQSC5A5;WQSC5G1;WQSC5SS;WQSC6A1;WQSC6A3;WQSC6A5;WQSC6G1;WQSC6SS;WQSC7A1;WQSC7A3;WQSC7A5;WQSC7G1;WQSC7SS;WQSCBG1;WQSCBSX;WQSCLA1;WQSCLA3;WQSCLA5;WQSCLA7;WQSCLA8;WQSCLA9;WQSCLG1;WQSCLOA7;WQSCLOA8;WQSCLOA9;WQSCLOG1;WQSD1A1;WQSD1A3;WQSD1A5;WQSD1G1;WQSD1SS;WQSD2A1;WQSD2A3;WQSD2A5;WQSD2G1;WQSD2SS;WQSD3A1;WQSD3A3;WQSD3A5;WQSD3G1;WQSD3SS;WQSD4A1;WQSD4A3;WQSD4A5;WQSD4G1;WQSD4SS;WQSDDA1;WQSDDA3;WQSDDA5;WQSDDA7;WQSDDA8;WQSDDA9;WQSDDG1;WQSDDOA7;WQSDDOA8;WQSDDOA9;WQSDDOG1;WQSF0A1;WQSF0A3;WQSF0A5;WQSF0A7;WQSF0A8;WQSF0A9;WQSF0G1;WQSF0OA7;WQSF0OA8;WQSF0OA9;WQSF0OG1;WQSF1A1;WQSF1A3;WQSF1A5;WQSF1A7;WQSF1A8;WQSF1A9;WQSF1G1;WQSF1OA7;WQSF1OA8;WQSF1OA9;WQSF1OG1;WQSF2A1;WQSF2A3;WQSF2A5;WQSF2A7;WQSF2A8;WQSF2A9;WQSF2G1;WQSF2OA7;WQSF2OA8;WQSF2OA9;WQSF2OG1;WQSF3A1;WQSF3A3;WQSF3A5;WQSF3A7;WQSF3A8;WQSF3A9;WQSF3G1;WQSF3OA7;WQSF3OA8;WQSF3OA9;WQSF3OG1;WQSFLA1;WQSFLA3;WQSFLA5;WQSFLA7;WQSFLA8;WQSFLA9;WQSFLG1;WQSFLOA7;WQSFLOA8;WQSFLOA9;WQSFLOG1;WQSFSA1;WQSFSA3;WQSFSA5;WQSFSA7;WQSFSA8;WQSFSA9;WQSFSG1;WQSFSOA7;WQSFSOA8;WQSFSOA9;WQSFSOG1;WQSGSA2;WQSGSA4;WQSGSA6;WQSGSG1;WQSH0A1;WQSH0A2;WQSH0A3;WQSH0A4;WQSH0A5;WQSH0A6;WQSH0A7;WQSH0A8;WQSH0A9;WQSH0CA;WQSH0G1;WQSH0SA;WQSH0SS;WQSH0SX;WQSH1A1;WQSH1A2;WQSH1A3;WQSH1A4;WQSH1A5;WQSH1A6;WQSH1A7;WQSH1A8;WQSH1A9;WQSH1CA;WQSH1G1;WQSH1SA;WQSH1SS;WQSH1SX;WQSH2A1;WQSH2A2;WQSH2A3;WQSH2A4;WQSH2A5;WQSH2A6;WQSH2A7;WQSH2A8;WQSH2A9;WQSH2CA;WQSH2G1;WQSH2SA;WQSH2SS;WQSH2SX;WQSH5A1;WQSH5A2;WQSH5A3;WQSH5A4;WQSH5A5;WQSH5A6;WQSH5A7;WQSH5A8;WQSH5A9;WQSH5CA;WQSH5G1;WQSH5SA;WQSH5SS;WQSH5SX;WQSH6A1;WQSH6A2;WQSH6A3;WQSH6A4;WQSH6A5;WQSH6A6;WQSH6A7;WQSH6A8;WQSH6A9;WQSH6CA;WQSH6G1;WQSH6SA;WQSH6SS;WQSH6SX;WQSHBA2;WQSHBA4;WQSHBA6;WQSHBG1;WQSJ0A1;WQSJ0A2;WQSJ0A3;WQSJ0A4;WQSJ0A5;WQSJ0A6;WQSJ0A7;WQSJ0A8;WQSJ0A9;WQSJ0CA;WQSJ0G1;WQSJ0SA;WQSJ0SS;WQSJ0SX;WQSJ1A1;WQSJ1A2;WQSJ1A3;WQSJ1A4;WQSJ1A5;WQSJ1A6;WQSJ1A7;WQSJ1A8;WQSJ1A9;WQSJ1CA;WQSJ1G1;WQSJ1SA;WQSJ1SS;WQSJ1SX;WQSJ2A1;WQSJ2A2;WQSJ2A3;WQSJ2A4;WQSJ2A5;WQSJ2A6;WQSJ2A7;WQSJ2A8;WQSJ2A9;WQSJ2CA;WQSJ2G1;WQSJ2SA;WQSJ2SS;WQSJ2SX;WQSJ3A1;WQSJ3A2;WQSJ3A3;WQSJ3A4;WQSJ3A5;WQSJ3A6;WQSJ3A7;WQSJ3A8;WQSJ3A9;WQSJ3CA;WQSJ3G1;WQSJ3SA;WQSJ3SS;WQSJ3SX;WQSJ4A1;WQSJ4A2;WQSJ4A3;WQSJ4A4;WQSJ4A5;WQSJ4A6;WQSJ4A7;WQSJ4A8;WQSJ4A9;WQSJ4CA;WQSJ4G1;WQSJ4SA;WQSJ4SS;WQSJ4SX;WQSJ5A1;WQSJ5A2;WQSJ5A3;WQSJ5A4;WQSJ5A5;WQSJ5A6;WQSJ5A7;WQSJ5A8;WQSJ5A9;WQSJ5CA;WQSJ5G1;WQSJ5SA;WQSJ5SS;WQSJ5SX;WQSJ6A1;WQSJ6A2;WQSJ6A3;WQSJ6A4;WQSJ6A5;WQSJ6A6;WQSJ6A7;WQSJ6A8;WQSJ6A9;WQSJ6CA;WQSJ6G1;WQSJ6SA;WQSJ6SS;WQSJ6SX;WQSJ7A1;WQSJ7A2;WQSJ7A3;WQSJ7A4;WQSJ7A5;WQSJ7A6;WQSJ7A7;WQSJ7A8;WQSJ7A9;WQSJ7CA;WQSJ7G1;WQSJ7SA;WQSJ7SS;WQSJ7SX;WQSJ8A1;WQSJ8A2;WQSJ8A3;WQSJ8A4;WQSJ8A5;WQSJ8A6;WQSJ8A7;WQSJ8A8;WQSJ8A9;WQSJ8CA;WQSJ8G1;WQSJ8SA;WQSJ8SS;WQSJ8SX;WQSJ9A1;WQSJ9A2;WQSJ9A3;WQSJ9A4;WQSJ9A5;WQSJ9A6;WQSJ9A7;WQSJ9A8;WQSJ9A9;WQSJ9CA;WQSJ9G1;WQSJ9SA;WQSJ9SS;WQSJ9SX;WQSJAA1;WQSJAA2;WQSJAA3;WQSJAA4;WQSJAA5;WQSJAA6;WQSJAA7;WQSJAA8;WQSJAA9;WQSJACA;WQSJAG1;WQSJASA;WQSJASS;WQSJASX;WQSJBA1;WQSJBA2;WQSJBA3;WQSJBA4;WQSJBA5;WQSJBA6;WQSJBA7;WQSJBA8;WQSJBA9;WQSJBCA;WQSJBG1;WQSJBSA;WQSJBSS;WQSJBSX;WQSJCA1;WQSJCA2;WQSJCA3;WQSJCA4;WQSJCA5;WQSJCA6;WQSJCA7;WQSJCA8;WQSJCA9;WQSJCCA;WQSJCG1;WQSJCSA;WQSJCSS;WQSJCSX;WQSM2A1;WQSM2A3;WQSM2A5;WQSM2A7;WQSM2A8;WQSM2A9;WQSM2G1;WQSM2OA7;WQSM2OA8;WQSM2OA9;WQSM2OG1;WQSMCA1;WQSMCA3;WQSMCA5;WQSMCA7;WQSMCA8;WQSMCA9;WQSMCG1;WQSMCOA7;WQSMCOA8;WQSMCOA9;WQSMCOG1;WQSMSA1;WQSMSA3;WQSMSA5;WQSMSA7;WQSMSA8;WQSMSA9;WQSMSG1;WQSMSOA7;WQSMSOA8;WQSMSOA9;WQSMSOG1;WQSQ2A2;WQSQ2A4;WQSQ2A6;WQSQ2G1;WQSQ3A2;WQSQ3A4;WQSQ3A6;WQSQ3G1;WQSQ4A2;WQSQ4A4;WQSQ4A6;WQSQ4G1;WQSQSA2;WQSQSA4;WQSQSA6;WQSQSG1;WQSS0A1;WQSS0A3;WQSS0A5;WQSS0A7;WQSS0A8;WQSS0A9;WQSS0G1;WQSS0OA7;WQSS0OA8;WQSS0OA9;WQSS0OG1;WQSS1A1;WQSS1A3;WQSS1A5;WQSS1A7;WQSS1A8;WQSS1A9;WQSS1G1;WQSS1OA7;WQSS1OA8;WQSS1OA9;WQSS1OG1;WQSS2A2;WQSS2A4;WQSS2A6;WQSS2G1;WQSS3A1;WQSS3A3;WQSS3A5;WQSS3A7;WQSS3A8;WQSS3A9;WQSS3G1;WQSS3OA7;WQSS3OA8;WQSS3OA9;WQSS3OG1;WQSSCA1;WQSSCA3;WQSSCA5;WQSSCA7;WQSSCA8;WQSSCA9;WQSSCG1;WQSSCOA7;WQSSCOA8;WQSSCOA9;WQSSCOG1;WQSSLG1;WQSSLSS;WQSSPA2;WQSSPA4;WQSSPA6;WQSSPG1;WQSSSA1;WQSSSA3;WQSSSA5;WQSSSA7;WQSSSA8;WQSSSA9;WQSSSG1;WQSSSOA7;WQSSSOA8;WQSSSOA9;WQSSSOG1;WQSWHA1;WQSWHA3;WQSWHA5;WQSWHA7;WQSWHA8;WQSWHA9;WQSWHG1;WQSWHOA7;WQSWHOA8;WQSWHOA9;WQSWHOG1;WQSZWA1;WQSZWA2;WQSZWA3;WQSZWA4;WQSZWA5;WQSZWA6;WQSZWA7;WQSZWA8;WQSZWA9;WQSZWCA;WQSZWG1;WQSZWSA;WQSZWSS;WQSZWSX,q3m-reference-available,docs/measurements/playable-q3m-x2-ingame-20261002-v1/current-generation.json,no-colour-variant-reference,94579,94506,,sprite/index/palette-work-plan.json,94579
0x5013,CLERIC_FEMALE_HALFLING_LOW,character,5000,1,1,CIFB,66,65,656,178357,0x5013:body:armor-code:1:CIFB1;0x5013:body:armor-code:2:CIFB2;0x5013:body:armor-code:3:CIFB3;0x5013:body:armor-code:4:CIFC4;0x5013:helmet:item-animation-code:H0:WQSH0;0x5013:helmet:item-animation-code:H1:WQSH1;0x5013:helmet:item-animation-code:H2:WQSH2;0x5013:helmet:item-animation-code:H5:WQSH5;0x5013:helmet:item-animation-code:J0:WQSJ0;0x5013:helmet:item-animation-code:J1:WQSJ1;0x5013:helmet:item-animation-code:J2:WQSJ2;0x5013:helmet:item-animation-code:J3:WQSJ3;0x5013:helmet:item-animation-code:J4:WQSJ4;0x5013:helmet:item-animation-code:J5:WQSJ5;0x5013:helmet:item-animation-code:J6:WQSJ6;0x5013:helmet:item-animation-code:J7:WQSJ7;0x5013:helmet:item-animation-code:J8:WQSJ8;0x5013:helmet:item-animation-code:J9:WQSJ9;0x5013:helmet:item-animation-code:JA:WQSJA;0x5013:helmet:item-animation-code:JB:WQSJB;0x5013:helmet:item-animation-code:JC:WQSJC;0x5013:helmet:item-animation-code:YW:WQSYW;0x5013:helmet:item-animation-code:ZW:WQSZW;0x5013:shield:item-animation-code:C0:WQSC0;0x5013:shield:item-animation-code:C1:WQSC1;0x5013:shield:item-animation-code:C2:WQSC2;0x5013:shield:item-animation-code:C3:WQSC3;0x5013:shield:item-animation-code:C4:WQSC4;0x5013:shield:item-animation-code:C5:WQSC5;0x5013:shield:item-animation-code:C6:WQSC6;0x5013:shield:item-animation-code:C7:WQSC7;0x5013:shield:item-animation-code:D1:WQSD1;0x5013:shield:item-animation-code:D2:WQSD2;0x5013:shield:item-animation-code:D3:WQSD3;0x5013:shield:item-animation-code:D4:WQSD4;0x5013:weapon:item-animation-code:AX:WQSAX;0x5013:weapon:item-animation-code:BS:WQSBS;0x5013:weapon:item-animation-code:BW:WQSBW;0x5013:weapon:item-animation-code:CB:WQSCB;0x5013:weapon:item-animation-code:CL:WQSCL;0x5013:weapon:item-animation-code:DD:WQSDD;0x5013:weapon:item-animation-code:F0:WQSF0;0x5013:weapon:item-animation-code:F1:WQSF1;0x5013:weapon:item-animation-code:F2:WQSF2;0x5013:weapon:item-animation-code:F3:WQSF3;0x5013:weapon:item-animation-code:FL:WQSFL;0x5013:weapon:item-animation-code:FS:WQSFS;0x5013:weapon:item-animation-code:GS:WQSGS;0x5013:weapon:item-animation-code:H6:WQSH6;0x5013:weapon:item-animation-code:HB:WQSHB;0x5013:weapon:item-animation-code:M2:WQSM2;0x5013:weapon:item-animation-code:MC:WQSMC;0x5013:weapon:item-animation-code:MS:WQSMS;0x5013:weapon:item-animation-code:Q2:WQSQ2;0x5013:weapon:item-animation-code:Q3:WQSQ3;0x5013:weapon:item-animation-code:Q4:WQSQ4;0x5013:weapon:item-animation-code:QS:WQSQS;0x5013:weapon:item-animation-code:S0:WQSS0;0x5013:weapon:item-animation-code:S1:WQSS1;0x5013:weapon:item-animation-code:S2:WQSS2;0x5013:weapon:item-animation-code:S3:WQSS3;0x5013:weapon:item-animation-code:SC:WQSSC;0x5013:weapon:item-animation-code:SL:WQSSL;0x5013:weapon:item-animation-code:SP:WQSSP;0x5013:weapon:item-animation-code:SS:WQSSS;0x5013:weapon:item-animation-code:WH:WQSWH,CIFB1A1;CIFB1A2;CIFB1A3;CIFB1A4;CIFB1A5;CIFB1A6;CIFB1A7;CIFB1A8;CIFB1A9;CIFB1CA;CIFB1G1;CIFB1G11;CIFB1G12;CIFB1G13;CIFB1G14;CIFB1G15;CIFB1G16;CIFB1G17;CIFB1G18;CIFB1G19;CIFB1SA;CIFB1SS;CIFB1SX;CIFB2A1;CIFB2A2;CIFB2A3;CIFB2A4;CIFB2A5;CIFB2A6;CIFB2A7;CIFB2A8;CIFB2A9;CIFB2CA;CIFB2G1;CIFB2G11;CIFB2G12;CIFB2G13;CIFB2G14;CIFB2G15;CIFB2G16;CIFB2G17;CIFB2G18;CIFB2G19;CIFB2SA;CIFB2SS;CIFB2SX;CIFB3A1;CIFB3A2;CIFB3A3;CIFB3A4;CIFB3A5;CIFB3A6;CIFB3A7;CIFB3A8;CIFB3A9;CIFB3CA;CIFB3G1;CIFB3G11;CIFB3G12;CIFB3G13;CIFB3G14;CIFB3G15;CIFB3G16;CIFB3G17;CIFB3G18;CIFB3G19;CIFB3SA;CIFB3SS;CIFB3SX;CIFC4A1;CIFC4A2;CIFC4A3;CIFC4A4;CIFC4A5;CIFC4A6;CIFC4A7;CIFC4A8;CIFC4A9;CIFC4CA;CIFC4G1;CIFC4G11;CIFC4G12;CIFC4G13;CIFC4G14;CIFC4G15;CIFC4G16;CIFC4G17;CIFC4G18;CIFC4G19;CIFC4SA;CIFC4SS;CIFC4SX;WQSAXA1;WQSAXA3;WQSAXA5;WQSAXA7;WQSAXA8;WQSAXA9;WQSAXG1;WQSAXOA7;WQSAXOA8;WQSAXOA9;WQSAXOG1;WQSBSG1;WQSBSSA;WQSBWG1;WQSBWSA;WQSC0A1;WQSC0A3;WQSC0A5;WQSC0G1;WQSC0SS;WQSC1A1;WQSC1A3;WQSC1A5;WQSC1G1;WQSC1SS;WQSC2A1;WQSC2A3;WQSC2A5;WQSC2G1;WQSC2SS;WQSC3A1;WQSC3A3;WQSC3A5;WQSC3G1;WQSC3SS;WQSC4A1;WQSC4A3;WQSC4A5;WQSC4G1;WQSC4SS;WQSC5A1;WQSC5A3;WQSC5A5;WQSC5G1;WQSC5SS;WQSC6A1;WQSC6A3;WQSC6A5;WQSC6G1;WQSC6SS;WQSC7A1;WQSC7A3;WQSC7A5;WQSC7G1;WQSC7SS;WQSCBG1;WQSCBSX;WQSCLA1;WQSCLA3;WQSCLA5;WQSCLA7;WQSCLA8;WQSCLA9;WQSCLG1;WQSCLOA7;WQSCLOA8;WQSCLOA9;WQSCLOG1;WQSD1A1;WQSD1A3;WQSD1A5;WQSD1G1;WQSD1SS;WQSD2A1;WQSD2A3;WQSD2A5;WQSD2G1;WQSD2SS;WQSD3A1;WQSD3A3;WQSD3A5;WQSD3G1;WQSD3SS;WQSD4A1;WQSD4A3;WQSD4A5;WQSD4G1;WQSD4SS;WQSDDA1;WQSDDA3;WQSDDA5;WQSDDA7;WQSDDA8;WQSDDA9;WQSDDG1;WQSDDOA7;WQSDDOA8;WQSDDOA9;WQSDDOG1;WQSF0A1;WQSF0A3;WQSF0A5;WQSF0A7;WQSF0A8;WQSF0A9;WQSF0G1;WQSF0OA7;WQSF0OA8;WQSF0OA9;WQSF0OG1;WQSF1A1;WQSF1A3;WQSF1A5;WQSF1A7;WQSF1A8;WQSF1A9;WQSF1G1;WQSF1OA7;WQSF1OA8;WQSF1OA9;WQSF1OG1;WQSF2A1;WQSF2A3;WQSF2A5;WQSF2A7;WQSF2A8;WQSF2A9;WQSF2G1;WQSF2OA7;WQSF2OA8;WQSF2OA9;WQSF2OG1;WQSF3A1;WQSF3A3;WQSF3A5;WQSF3A7;WQSF3A8;WQSF3A9;WQSF3G1;WQSF3OA7;WQSF3OA8;WQSF3OA9;WQSF3OG1;WQSFLA1;WQSFLA3;WQSFLA5;WQSFLA7;WQSFLA8;WQSFLA9;WQSFLG1;WQSFLOA7;WQSFLOA8;WQSFLOA9;WQSFLOG1;WQSFSA1;WQSFSA3;WQSFSA5;WQSFSA7;WQSFSA8;WQSFSA9;WQSFSG1;WQSFSOA7;WQSFSOA8;WQSFSOA9;WQSFSOG1;WQSGSA2;WQSGSA4;WQSGSA6;WQSGSG1;WQSH0A1;WQSH0A2;WQSH0A3;WQSH0A4;WQSH0A5;WQSH0A6;WQSH0A7;WQSH0A8;WQSH0A9;WQSH0CA;WQSH0G1;WQSH0SA;WQSH0SS;WQSH0SX;WQSH1A1;WQSH1A2;WQSH1A3;WQSH1A4;WQSH1A5;WQSH1A6;WQSH1A7;WQSH1A8;WQSH1A9;WQSH1CA;WQSH1G1;WQSH1SA;WQSH1SS;WQSH1SX;WQSH2A1;WQSH2A2;WQSH2A3;WQSH2A4;WQSH2A5;WQSH2A6;WQSH2A7;WQSH2A8;WQSH2A9;WQSH2CA;WQSH2G1;WQSH2SA;WQSH2SS;WQSH2SX;WQSH5A1;WQSH5A2;WQSH5A3;WQSH5A4;WQSH5A5;WQSH5A6;WQSH5A7;WQSH5A8;WQSH5A9;WQSH5CA;WQSH5G1;WQSH5SA;WQSH5SS;WQSH5SX;WQSH6A1;WQSH6A2;WQSH6A3;WQSH6A4;WQSH6A5;WQSH6A6;WQSH6A7;WQSH6A8;WQSH6A9;WQSH6CA;WQSH6G1;WQSH6SA;WQSH6SS;WQSH6SX;WQSHBA2;WQSHBA4;WQSHBA6;WQSHBG1;WQSJ0A1;WQSJ0A2;WQSJ0A3;WQSJ0A4;WQSJ0A5;WQSJ0A6;WQSJ0A7;WQSJ0A8;WQSJ0A9;WQSJ0CA;WQSJ0G1;WQSJ0SA;WQSJ0SS;WQSJ0SX;WQSJ1A1;WQSJ1A2;WQSJ1A3;WQSJ1A4;WQSJ1A5;WQSJ1A6;WQSJ1A7;WQSJ1A8;WQSJ1A9;WQSJ1CA;WQSJ1G1;WQSJ1SA;WQSJ1SS;WQSJ1SX;WQSJ2A1;WQSJ2A2;WQSJ2A3;WQSJ2A4;WQSJ2A5;WQSJ2A6;WQSJ2A7;WQSJ2A8;WQSJ2A9;WQSJ2CA;WQSJ2G1;WQSJ2SA;WQSJ2SS;WQSJ2SX;WQSJ3A1;WQSJ3A2;WQSJ3A3;WQSJ3A4;WQSJ3A5;WQSJ3A6;WQSJ3A7;WQSJ3A8;WQSJ3A9;WQSJ3CA;WQSJ3G1;WQSJ3SA;WQSJ3SS;WQSJ3SX;WQSJ4A1;WQSJ4A2;WQSJ4A3;WQSJ4A4;WQSJ4A5;WQSJ4A6;WQSJ4A7;WQSJ4A8;WQSJ4A9;WQSJ4CA;WQSJ4G1;WQSJ4SA;WQSJ4SS;WQSJ4SX;WQSJ5A1;WQSJ5A2;WQSJ5A3;WQSJ5A4;WQSJ5A5;WQSJ5A6;WQSJ5A7;WQSJ5A8;WQSJ5A9;WQSJ5CA;WQSJ5G1;WQSJ5SA;WQSJ5SS;WQSJ5SX;WQSJ6A1;WQSJ6A2;WQSJ6A3;WQSJ6A4;WQSJ6A5;WQSJ6A6;WQSJ6A7;WQSJ6A8;WQSJ6A9;WQSJ6CA;WQSJ6G1;WQSJ6SA;WQSJ6SS;WQSJ6SX;WQSJ7A1;WQSJ7A2;WQSJ7A3;WQSJ7A4;WQSJ7A5;WQSJ7A6;WQSJ7A7;WQSJ7A8;WQSJ7A9;WQSJ7CA;WQSJ7G1;WQSJ7SA;WQSJ7SS;WQSJ7SX;WQSJ8A1;WQSJ8A2;WQSJ8A3;WQSJ8A4;WQSJ8A5;WQSJ8A6;WQSJ8A7;WQSJ8A8;WQSJ8A9;WQSJ8CA;WQSJ8G1;WQSJ8SA;WQSJ8SS;WQSJ8SX;WQSJ9A1;WQSJ9A2;WQSJ9A3;WQSJ9A4;WQSJ9A5;WQSJ9A6;WQSJ9A7;WQSJ9A8;WQSJ9A9;WQSJ9CA;WQSJ9G1;WQSJ9SA;WQSJ9SS;WQSJ9SX;WQSJAA1;WQSJAA2;WQSJAA3;WQSJAA4;WQSJAA5;WQSJAA6;WQSJAA7;WQSJAA8;WQSJAA9;WQSJACA;WQSJAG1;WQSJASA;WQSJASS;WQSJASX;WQSJBA1;WQSJBA2;WQSJBA3;WQSJBA4;WQSJBA5;WQSJBA6;WQSJBA7;WQSJBA8;WQSJBA9;WQSJBCA;WQSJBG1;WQSJBSA;WQSJBSS;WQSJBSX;WQSJCA1;WQSJCA2;WQSJCA3;WQSJCA4;WQSJCA5;WQSJCA6;WQSJCA7;WQSJCA8;WQSJCA9;WQSJCCA;WQSJCG1;WQSJCSA;WQSJCSS;WQSJCSX;WQSM2A1;WQSM2A3;WQSM2A5;WQSM2A7;WQSM2A8;WQSM2A9;WQSM2G1;WQSM2OA7;WQSM2OA8;WQSM2OA9;WQSM2OG1;WQSMCA1;WQSMCA3;WQSMCA5;WQSMCA7;WQSMCA8;WQSMCA9;WQSMCG1;WQSMCOA7;WQSMCOA8;WQSMCOA9;WQSMCOG1;WQSMSA1;WQSMSA3;WQSMSA5;WQSMSA7;WQSMSA8;WQSMSA9;WQSMSG1;WQSMSOA7;WQSMSOA8;WQSMSOA9;WQSMSOG1;WQSQ2A2;WQSQ2A4;WQSQ2A6;WQSQ2G1;WQSQ3A2;WQSQ3A4;WQSQ3A6;WQSQ3G1;WQSQ4A2;WQSQ4A4;WQSQ4A6;WQSQ4G1;WQSQSA2;WQSQSA4;WQSQSA6;WQSQSG1;WQSS0A1;WQSS0A3;WQSS0A5;WQSS0A7;WQSS0A8;WQSS0A9;WQSS0G1;WQSS0OA7;WQSS0OA8;WQSS0OA9;WQSS0OG1;WQSS1A1;WQSS1A3;WQSS1A5;WQSS1A7;WQSS1A8;WQSS1A9;WQSS1G1;WQSS1OA7;WQSS1OA8;WQSS1OA9;WQSS1OG1;WQSS2A2;WQSS2A4;WQSS2A6;WQSS2G1;WQSS3A1;WQSS3A3;WQSS3A5;WQSS3A7;WQSS3A8;WQSS3A9;WQSS3G1;WQSS3OA7;WQSS3OA8;WQSS3OA9;WQSS3OG1;WQSSCA1;WQSSCA3;WQSSCA5;WQSSCA7;WQSSCA8;WQSSCA9;WQSSCG1;WQSSCOA7;WQSSCOA8;WQSSCOA9;WQSSCOG1;WQSSLG1;WQSSLSS;WQSSPA2;WQSSPA4;WQSSPA6;WQSSPG1;WQSSSA1;WQSSSA3;WQSSSA5;WQSSSA7;WQSSSA8;WQSSSA9;WQSSSG1;WQSSSOA7;WQSSSOA8;WQSSSOA9;WQSSSOG1;WQSWHA1;WQSWHA3;WQSWHA5;WQSWHA7;WQSWHA8;WQSWHA9;WQSWHG1;WQSWHOA7;WQSWHOA8;WQSWHOA9;WQSWHOG1;WQSZWA1;WQSZWA2;WQSZWA3;WQSZWA4;WQSZWA5;WQSZWA6;WQSZWA7;WQSZWA8;WQSZWA9;WQSZWCA;WQSZWG1;WQSZWSA;WQSZWSS;WQSZWSX,q3m-reference-available,docs/measurements/playable-q3m-x2-ingame-20261002-v1/current-generation.json,no-colour-variant-reference,93953,93880,,sprite/index/palette-work-plan.json,93953
0x5100,FIGHTER_MALE_HUMAN_LOW,character,5000,1,1,CHMB,66,65,656,180337,0x5100:body:armor-code:1:CHMB1;0x5100:body:armor-code:2:CHMB2;0x5100:body:armor-code:3:CHMB3;0x5100:body:armor-code:4:CHMF4;0x5100:helmet:item-animation-code:H0:WQLH0;0x5100:helmet:item-animation-code:H1:WQLH1;0x5100:helmet:item-animation-code:H2:WQLH2;0x5100:helmet:item-animation-code:H5:WQLH5;0x5100:helmet:item-animation-code:J0:WQLJ0;0x5100:helmet:item-animation-code:J1:WQLJ1;0x5100:helmet:item-animation-code:J2:WQLJ2;0x5100:helmet:item-animation-code:J3:WQLJ3;0x5100:helmet:item-animation-code:J4:WQLJ4;0x5100:helmet:item-animation-code:J5:WQLJ5;0x5100:helmet:item-animation-code:J6:WQLJ6;0x5100:helmet:item-animation-code:J7:WQLJ7;0x5100:helmet:item-animation-code:J8:WQLJ8;0x5100:helmet:item-animation-code:J9:WQLJ9;0x5100:helmet:item-animation-code:JA:WQLJA;0x5100:helmet:item-animation-code:JB:WQLJB;0x5100:helmet:item-animation-code:JC:WQLJC;0x5100:helmet:item-animation-code:YW:WQLYW;0x5100:helmet:item-animation-code:ZW:WQLZW;0x5100:shield:item-animation-code:C0:WQLC0;0x5100:shield:item-animation-code:C1:WQLC1;0x5100:shield:item-animation-code:C2:WQLC2;0x5100:shield:item-animation-code:C3:WQLC3;0x5100:shield:item-animation-code:C4:WQLC4;0x5100:shield:item-animation-code:C5:WQLC5;0x5100:shield:item-animation-code:C6:WQLC6;0x5100:shield:item-animation-code:C7:WQLC7;0x5100:shield:item-animation-code:D1:WQLD1;0x5100:shield:item-animation-code:D2:WQLD2;0x5100:shield:item-animation-code:D3:WQLD3;0x5100:shield:item-animation-code:D4:WQLD4;0x5100:weapon:item-animation-code:AX:WQLAX;0x5100:weapon:item-animation-code:BS:WQLBS;0x5100:weapon:item-animation-code:BW:WQLBW;0x5100:weapon:item-animation-code:CB:WQLCB;0x5100:weapon:item-animation-code:CL:WQLCL;0x5100:weapon:item-animation-code:DD:WQLDD;0x5100:weapon:item-animation-code:F0:WQLF0;0x5100:weapon:item-animation-code:F1:WQLF1;0x5100:weapon:item-animation-code:F2:WQLF2;0x5100:weapon:item-animation-code:F3:WQLF3;0x5100:weapon:item-animation-code:FL:WQLFL;0x5100:weapon:item-animation-code:FS:WQLFS;0x5100:weapon:item-animation-code:GS:WQLGS;0x5100:weapon:item-animation-code:H6:WQLH6;0x5100:weapon:item-animation-code:HB:WQLHB;0x5100:weapon:item-animation-code:M2:WQLM2;0x5100:weapon:item-animation-code:MC:WQLMC;0x5100:weapon:item-animation-code:MS:WQLMS;0x5100:weapon:item-animation-code:Q2:WQLQ2;0x5100:weapon:item-animation-code:Q3:WQLQ3;0x5100:weapon:item-animation-code:Q4:WQLQ4;0x5100:weapon:item-animation-code:QS:WQLQS;0x5100:weapon:item-animation-code:S0:WQLS0;0x5100:weapon:item-animation-code:S1:WQLS1;0x5100:weapon:item-animation-code:S2:WQLS2;0x5100:weapon:item-animation-code:S3:WQLS3;0x5100:weapon:item-animation-code:SC:WQLSC;0x5100:weapon:item-animation-code:SL:WQLSL;0x5100:weapon:item-animation-code:SP:WQLSP;0x5100:weapon:item-animation-code:SS:WQLSS;0x5100:weapon:item-animation-code:WH:WQLWH,CHMB1A1;CHMB1A2;CHMB1A3;CHMB1A4;CHMB1A5;CHMB1A6;CHMB1A7;CHMB1A8;CHMB1A9;CHMB1CA;CHMB1G1;CHMB1G11;CHMB1G12;CHMB1G13;CHMB1G14;CHMB1G15;CHMB1G16;CHMB1G17;CHMB1G18;CHMB1G19;CHMB1SA;CHMB1SS;CHMB1SX;CHMB2A1;CHMB2A2;CHMB2A3;CHMB2A4;CHMB2A5;CHMB2A6;CHMB2A7;CHMB2A8;CHMB2A9;CHMB2CA;CHMB2G1;CHMB2G11;CHMB2G12;CHMB2G13;CHMB2G14;CHMB2G15;CHMB2G16;CHMB2G17;CHMB2G18;CHMB2G19;CHMB2SA;CHMB2SS;CHMB2SX;CHMB3A1;CHMB3A2;CHMB3A3;CHMB3A4;CHMB3A5;CHMB3A6;CHMB3A7;CHMB3A8;CHMB3A9;CHMB3CA;CHMB3G1;CHMB3G11;CHMB3G12;CHMB3G13;CHMB3G14;CHMB3G15;CHMB3G16;CHMB3G17;CHMB3G18;CHMB3G19;CHMB3SA;CHMB3SS;CHMB3SX;CHMF4A1;CHMF4A2;CHMF4A3;CHMF4A4;CHMF4A5;CHMF4A6;CHMF4A7;CHMF4A8;CHMF4A9;CHMF4CA;CHMF4G1;CHMF4G11;CHMF4G12;CHMF4G13;CHMF4G14;CHMF4G15;CHMF4G16;CHMF4G17;CHMF4G18;CHMF4G19;CHMF4SA;CHMF4SS;CHMF4SX;WQLAXA1;WQLAXA3;WQLAXA5;WQLAXA7;WQLAXA8;WQLAXA9;WQLAXG1;WQLAXOA7;WQLAXOA8;WQLAXOA9;WQLAXOG1;WQLBSG1;WQLBSSA;WQLBWG1;WQLBWSA;WQLC0A1;WQLC0A3;WQLC0A5;WQLC0G1;WQLC0SS;WQLC1A1;WQLC1A3;WQLC1A5;WQLC1G1;WQLC1SS;WQLC2A1;WQLC2A3;WQLC2A5;WQLC2G1;WQLC2SS;WQLC3A1;WQLC3A3;WQLC3A5;WQLC3G1;WQLC3SS;WQLC4A1;WQLC4A3;WQLC4A5;WQLC4G1;WQLC4SS;WQLC5A1;WQLC5A3;WQLC5A5;WQLC5G1;WQLC5SS;WQLC6A1;WQLC6A3;WQLC6A5;WQLC6G1;WQLC6SS;WQLC7A1;WQLC7A3;WQLC7A5;WQLC7G1;WQLC7SS;WQLCBG1;WQLCBSX;WQLCLA1;WQLCLA3;WQLCLA5;WQLCLA7;WQLCLA8;WQLCLA9;WQLCLG1;WQLCLOA7;WQLCLOA8;WQLCLOA9;WQLCLOG1;WQLD1A1;WQLD1A3;WQLD1A5;WQLD1G1;WQLD1SS;WQLD2A1;WQLD2A3;WQLD2A5;WQLD2G1;WQLD2SS;WQLD3A1;WQLD3A3;WQLD3A5;WQLD3G1;WQLD3SS;WQLD4A1;WQLD4A3;WQLD4A5;WQLD4G1;WQLD4SS;WQLDDA1;WQLDDA3;WQLDDA5;WQLDDA7;WQLDDA8;WQLDDA9;WQLDDG1;WQLDDOA7;WQLDDOA8;WQLDDOA9;WQLDDOG1;WQLF0A1;WQLF0A3;WQLF0A5;WQLF0A7;WQLF0A8;WQLF0A9;WQLF0G1;WQLF0OA7;WQLF0OA8;WQLF0OA9;WQLF0OG1;WQLF1A1;WQLF1A3;WQLF1A5;WQLF1A7;WQLF1A8;WQLF1A9;WQLF1G1;WQLF1OA7;WQLF1OA8;WQLF1OA9;WQLF1OG1;WQLF2A1;WQLF2A3;WQLF2A5;WQLF2A7;WQLF2A8;WQLF2A9;WQLF2G1;WQLF2OA7;WQLF2OA8;WQLF2OA9;WQLF2OG1;WQLF3A1;WQLF3A3;WQLF3A5;WQLF3A7;WQLF3A8;WQLF3A9;WQLF3G1;WQLF3OA7;WQLF3OA8;WQLF3OA9;WQLF3OG1;WQLFLA1;WQLFLA3;WQLFLA5;WQLFLA7;WQLFLA8;WQLFLA9;WQLFLG1;WQLFLOA7;WQLFLOA8;WQLFLOA9;WQLFLOG1;WQLFSA1;WQLFSA3;WQLFSA5;WQLFSA7;WQLFSA8;WQLFSA9;WQLFSG1;WQLFSOA7;WQLFSOA8;WQLFSOA9;WQLFSOG1;WQLGSA2;WQLGSA4;WQLGSA6;WQLGSG1;WQLH0A1;WQLH0A2;WQLH0A3;WQLH0A4;WQLH0A5;WQLH0A6;WQLH0A7;WQLH0A8;WQLH0A9;WQLH0CA;WQLH0G1;WQLH0SA;WQLH0SS;WQLH0SX;WQLH1A1;WQLH1A2;WQLH1A3;WQLH1A4;WQLH1A5;WQLH1A6;WQLH1A7;WQLH1A8;WQLH1A9;WQLH1CA;WQLH1G1;WQLH1SA;WQLH1SS;WQLH1SX;WQLH2A1;WQLH2A2;WQLH2A3;WQLH2A4;WQLH2A5;WQLH2A6;WQLH2A7;WQLH2A8;WQLH2A9;WQLH2CA;WQLH2G1;WQLH2SA;WQLH2SS;WQLH2SX;WQLH5A1;WQLH5A2;WQLH5A3;WQLH5A4;WQLH5A5;WQLH5A6;WQLH5A7;WQLH5A8;WQLH5A9;WQLH5CA;WQLH5G1;WQLH5SA;WQLH5SS;WQLH5SX;WQLH6A1;WQLH6A2;WQLH6A3;WQLH6A4;WQLH6A5;WQLH6A6;WQLH6A7;WQLH6A8;WQLH6A9;WQLH6CA;WQLH6G1;WQLH6SA;WQLH6SS;WQLH6SX;WQLHBA2;WQLHBA4;WQLHBA6;WQLHBG1;WQLJ0A1;WQLJ0A2;WQLJ0A3;WQLJ0A4;WQLJ0A5;WQLJ0A6;WQLJ0A7;WQLJ0A8;WQLJ0A9;WQLJ0CA;WQLJ0G1;WQLJ0SA;WQLJ0SS;WQLJ0SX;WQLJ1A1;WQLJ1A2;WQLJ1A3;WQLJ1A4;WQLJ1A5;WQLJ1A6;WQLJ1A7;WQLJ1A8;WQLJ1A9;WQLJ1CA;WQLJ1G1;WQLJ1SA;WQLJ1SS;WQLJ1SX;WQLJ2A1;WQLJ2A2;WQLJ2A3;WQLJ2A4;WQLJ2A5;WQLJ2A6;WQLJ2A7;WQLJ2A8;WQLJ2A9;WQLJ2CA;WQLJ2G1;WQLJ2SA;WQLJ2SS;WQLJ2SX;WQLJ3A1;WQLJ3A2;WQLJ3A3;WQLJ3A4;WQLJ3A5;WQLJ3A6;WQLJ3A7;WQLJ3A8;WQLJ3A9;WQLJ3CA;WQLJ3G1;WQLJ3SA;WQLJ3SS;WQLJ3SX;WQLJ4A1;WQLJ4A2;WQLJ4A3;WQLJ4A4;WQLJ4A5;WQLJ4A6;WQLJ4A7;WQLJ4A8;WQLJ4A9;WQLJ4CA;WQLJ4G1;WQLJ4SA;WQLJ4SS;WQLJ4SX;WQLJ5A1;WQLJ5A2;WQLJ5A3;WQLJ5A4;WQLJ5A5;WQLJ5A6;WQLJ5A7;WQLJ5A8;WQLJ5A9;WQLJ5CA;WQLJ5G1;WQLJ5SA;WQLJ5SS;WQLJ5SX;WQLJ6A1;WQLJ6A2;WQLJ6A3;WQLJ6A4;WQLJ6A5;WQLJ6A6;WQLJ6A7;WQLJ6A8;WQLJ6A9;WQLJ6CA;WQLJ6G1;WQLJ6SA;WQLJ6SS;WQLJ6SX;WQLJ7A1;WQLJ7A2;WQLJ7A3;WQLJ7A4;WQLJ7A5;WQLJ7A6;WQLJ7A7;WQLJ7A8;WQLJ7A9;WQLJ7CA;WQLJ7G1;WQLJ7SA;WQLJ7SS;WQLJ7SX;WQLJ8A1;WQLJ8A2;WQLJ8A3;WQLJ8A4;WQLJ8A5;WQLJ8A6;WQLJ8A7;WQLJ8A8;WQLJ8A9;WQLJ8CA;WQLJ8G1;WQLJ8SA;WQLJ8SS;WQLJ8SX;WQLJ9A1;WQLJ9A2;WQLJ9A3;WQLJ9A4;WQLJ9A5;WQLJ9A6;WQLJ9A7;WQLJ9A8;WQLJ9A9;WQLJ9CA;WQLJ9G1;WQLJ9SA;WQLJ9SS;WQLJ9SX;WQLJAA1;WQLJAA2;WQLJAA3;WQLJAA4;WQLJAA5;WQLJAA6;WQLJAA7;WQLJAA8;WQLJAA9;WQLJACA;WQLJAG1;WQLJASA;WQLJASS;WQLJASX;WQLJBA1;WQLJBA2;WQLJBA3;WQLJBA4;WQLJBA5;WQLJBA6;WQLJBA7;WQLJBA8;WQLJBA9;WQLJBCA;WQLJBG1;WQLJBSA;WQLJBSS;WQLJBSX;WQLJCA1;WQLJCA2;WQLJCA3;WQLJCA4;WQLJCA5;WQLJCA6;WQLJCA7;WQLJCA8;WQLJCA9;WQLJCCA;WQLJCG1;WQLJCSA;WQLJCSS;WQLJCSX;WQLM2A1;WQLM2A3;WQLM2A5;WQLM2A7;WQLM2A8;WQLM2A9;WQLM2G1;WQLM2OA7;WQLM2OA8;WQLM2OA9;WQLM2OG1;WQLMCA1;WQLMCA3;WQLMCA5;WQLMCA7;WQLMCA8;WQLMCA9;WQLMCG1;WQLMCOA7;WQLMCOA8;WQLMCOA9;WQLMCOG1;WQLMSA1;WQLMSA3;WQLMSA5;WQLMSA7;WQLMSA8;WQLMSA9;WQLMSG1;WQLMSOA7;WQLMSOA8;WQLMSOA9;WQLMSOG1;WQLQ2A2;WQLQ2A4;WQLQ2A6;WQLQ2G1;WQLQ3A2;WQLQ3A4;WQLQ3A6;WQLQ3G1;WQLQ4A2;WQLQ4A4;WQLQ4A6;WQLQ4G1;WQLQSA2;WQLQSA4;WQLQSA6;WQLQSG1;WQLS0A1;WQLS0A3;WQLS0A5;WQLS0A7;WQLS0A8;WQLS0A9;WQLS0G1;WQLS0OA7;WQLS0OA8;WQLS0OA9;WQLS0OG1;WQLS1A1;WQLS1A3;WQLS1A5;WQLS1A7;WQLS1A8;WQLS1A9;WQLS1G1;WQLS1OA7;WQLS1OA8;WQLS1OA9;WQLS1OG1;WQLS2A2;WQLS2A4;WQLS2A6;WQLS2G1;WQLS3A1;WQLS3A3;WQLS3A5;WQLS3A7;WQLS3A8;WQLS3A9;WQLS3G1;WQLS3OA7;WQLS3OA8;WQLS3OA9;WQLS3OG1;WQLSCA1;WQLSCA3;WQLSCA5;WQLSCA7;WQLSCA8;WQLSCA9;WQLSCG1;WQLSCOA7;WQLSCOA8;WQLSCOA9;WQLSCOG1;WQLSLG1;WQLSLSS;WQLSPA2;WQLSPA4;WQLSPA6;WQLSPG1;WQLSSA1;WQLSSA3;WQLSSA5;WQLSSA7;WQLSSA8;WQLSSA9;WQLSSG1;WQLSSOA7;WQLSSOA8;WQLSSOA9;WQLSSOG1;WQLWHA1;WQLWHA3;WQLWHA5;WQLWHA7;WQLWHA8;WQLWHA9;WQLWHG1;WQLWHOA7;WQLWHOA8;WQLWHOA9;WQLWHOG1;WQLZWA1;WQLZWA2;WQLZWA3;WQLZWA4;WQLZWA5;WQLZWA6;WQLZWA7;WQLZWA8;WQLZWA9;WQLZWCA;WQLZWG1;WQLZWSA;WQLZWSS;WQLZWSX,q3m-reference-available,docs/measurements/playable-q3m-x2-ingame-20261002-v1/current-generation.json,no-colour-variant-reference,95124,95055,,sprite/index/palette-work-plan.json,95124
0x5101,FIGHTER_MALE_ELF_LOW,character,5000,1,1,CEMB,66,65,656,180494,0x5101:body:armor-code:1:CEMB1;0x5101:body:armor-code:2:CEMB2;0x5101:body:armor-code:3:CEMB3;0x5101:body:armor-code:4:CEMF4;0x5101:helmet:item-animation-code:H0:WQMH0;0x5101:helmet:item-animation-code:H1:WQMH1;0x5101:helmet:item-animation-code:H2:WQMH2;0x5101:helmet:item-animation-code:H5:WQMH5;0x5101:helmet:item-animation-code:J0:WQMJ0;0x5101:helmet:item-animation-code:J1:WQMJ1;0x5101:helmet:item-animation-code:J2:WQMJ2;0x5101:helmet:item-animation-code:J3:WQMJ3;0x5101:helmet:item-animation-code:J4:WQMJ4;0x5101:helmet:item-animation-code:J5:WQMJ5;0x5101:helmet:item-animation-code:J6:WQMJ6;0x5101:helmet:item-animation-code:J7:WQMJ7;0x5101:helmet:item-animation-code:J8:WQMJ8;0x5101:helmet:item-animation-code:J9:WQMJ9;0x5101:helmet:item-animation-code:JA:WQMJA;0x5101:helmet:item-animation-code:JB:WQMJB;0x5101:helmet:item-animation-code:JC:WQMJC;0x5101:helmet:item-animation-code:YW:WQMYW;0x5101:helmet:item-animation-code:ZW:WQMZW;0x5101:shield:item-animation-code:C0:WQMC0;0x5101:shield:item-animation-code:C1:WQMC1;0x5101:shield:item-animation-code:C2:WQMC2;0x5101:shield:item-animation-code:C3:WQMC3;0x5101:shield:item-animation-code:C4:WQMC4;0x5101:shield:item-animation-code:C5:WQMC5;0x5101:shield:item-animation-code:C6:WQMC6;0x5101:shield:item-animation-code:C7:WQMC7;0x5101:shield:item-animation-code:D1:WQMD1;0x5101:shield:item-animation-code:D2:WQMD2;0x5101:shield:item-animation-code:D3:WQMD3;0x5101:shield:item-animation-code:D4:WQMD4;0x5101:weapon:item-animation-code:AX:WQMAX;0x5101:weapon:item-animation-code:BS:WQMBS;0x5101:weapon:item-animation-code:BW:WQMBW;0x5101:weapon:item-animation-code:CB:WQMCB;0x5101:weapon:item-animation-code:CL:WQMCL;0x5101:weapon:item-animation-code:DD:WQMDD;0x5101:weapon:item-animation-code:F0:WQMF0;0x5101:weapon:item-animation-code:F1:WQMF1;0x5101:weapon:item-animation-code:F2:WQMF2;0x5101:weapon:item-animation-code:F3:WQMF3;0x5101:weapon:item-animation-code:FL:WQMFL;0x5101:weapon:item-animation-code:FS:WQMFS;0x5101:weapon:item-animation-code:GS:WQMGS;0x5101:weapon:item-animation-code:H6:WQMH6;0x5101:weapon:item-animation-code:HB:WQMHB;0x5101:weapon:item-animation-code:M2:WQMM2;0x5101:weapon:item-animation-code:MC:WQMMC;0x5101:weapon:item-animation-code:MS:WQMMS;0x5101:weapon:item-animation-code:Q2:WQMQ2;0x5101:weapon:item-animation-code:Q3:WQMQ3;0x5101:weapon:item-animation-code:Q4:WQMQ4;0x5101:weapon:item-animation-code:QS:WQMQS;0x5101:weapon:item-animation-code:S0:WQMS0;0x5101:weapon:item-animation-code:S1:WQMS1;0x5101:weapon:item-animation-code:S2:WQMS2;0x5101:weapon:item-animation-code:S3:WQMS3;0x5101:weapon:item-animation-code:SC:WQMSC;0x5101:weapon:item-animation-code:SL:WQMSL;0x5101:weapon:item-animation-code:SP:WQMSP;0x5101:weapon:item-animation-code:SS:WQMSS;0x5101:weapon:item-animation-code:WH:WQMWH,CEMB1A1;CEMB1A2;CEMB1A3;CEMB1A4;CEMB1A5;CEMB1A6;CEMB1A7;CEMB1A8;CEMB1A9;CEMB1CA;CEMB1G1;CEMB1G11;CEMB1G12;CEMB1G13;CEMB1G14;CEMB1G15;CEMB1G16;CEMB1G17;CEMB1G18;CEMB1G19;CEMB1SA;CEMB1SS;CEMB1SX;CEMB2A1;CEMB2A2;CEMB2A3;CEMB2A4;CEMB2A5;CEMB2A6;CEMB2A7;CEMB2A8;CEMB2A9;CEMB2CA;CEMB2G1;CEMB2G11;CEMB2G12;CEMB2G13;CEMB2G14;CEMB2G15;CEMB2G16;CEMB2G17;CEMB2G18;CEMB2G19;CEMB2SA;CEMB2SS;CEMB2SX;CEMB3A1;CEMB3A2;CEMB3A3;CEMB3A4;CEMB3A5;CEMB3A6;CEMB3A7;CEMB3A8;CEMB3A9;CEMB3CA;CEMB3G1;CEMB3G11;CEMB3G12;CEMB3G13;CEMB3G14;CEMB3G15;CEMB3G16;CEMB3G17;CEMB3G18;CEMB3G19;CEMB3SA;CEMB3SS;CEMB3SX;CEMF4A1;CEMF4A2;CEMF4A3;CEMF4A4;CEMF4A5;CEMF4A6;CEMF4A7;CEMF4A8;CEMF4A9;CEMF4CA;CEMF4G1;CEMF4G11;CEMF4G12;CEMF4G13;CEMF4G14;CEMF4G15;CEMF4G16;CEMF4G17;CEMF4G18;CEMF4G19;CEMF4SA;CEMF4SS;CEMF4SX;WQMAXA1;WQMAXA3;WQMAXA5;WQMAXA7;WQMAXA8;WQMAXA9;WQMAXG1;WQMAXOA7;WQMAXOA8;WQMAXOA9;WQMAXOG1;WQMBSG1;WQMBSSA;WQMBWG1;WQMBWSA;WQMC0A1;WQMC0A3;WQMC0A5;WQMC0G1;WQMC0SS;WQMC1A1;WQMC1A3;WQMC1A5;WQMC1G1;WQMC1SS;WQMC2A1;WQMC2A3;WQMC2A5;WQMC2G1;WQMC2SS;WQMC3A1;WQMC3A3;WQMC3A5;WQMC3G1;WQMC3SS;WQMC4A1;WQMC4A3;WQMC4A5;WQMC4G1;WQMC4SS;WQMC5A1;WQMC5A3;WQMC5A5;WQMC5G1;WQMC5SS;WQMC6A1;WQMC6A3;WQMC6A5;WQMC6G1;WQMC6SS;WQMC7A1;WQMC7A3;WQMC7A5;WQMC7G1;WQMC7SS;WQMCBG1;WQMCBSX;WQMCLA1;WQMCLA3;WQMCLA5;WQMCLA7;WQMCLA8;WQMCLA9;WQMCLG1;WQMCLOA7;WQMCLOA8;WQMCLOA9;WQMCLOG1;WQMD1A1;WQMD1A3;WQMD1A5;WQMD1G1;WQMD1SS;WQMD2A1;WQMD2A3;WQMD2A5;WQMD2G1;WQMD2SS;WQMD3A1;WQMD3A3;WQMD3A5;WQMD3G1;WQMD3SS;WQMD4A1;WQMD4A3;WQMD4A5;WQMD4G1;WQMD4SS;WQMDDA1;WQMDDA3;WQMDDA5;WQMDDA7;WQMDDA8;WQMDDA9;WQMDDG1;WQMDDOA7;WQMDDOA8;WQMDDOA9;WQMDDOG1;WQMF0A1;WQMF0A3;WQMF0A5;WQMF0A7;WQMF0A8;WQMF0A9;WQMF0G1;WQMF0OA7;WQMF0OA8;WQMF0OA9;WQMF0OG1;WQMF1A1;WQMF1A3;WQMF1A5;WQMF1A7;WQMF1A8;WQMF1A9;WQMF1G1;WQMF1OA7;WQMF1OA8;WQMF1OA9;WQMF1OG1;WQMF2A1;WQMF2A3;WQMF2A5;WQMF2A7;WQMF2A8;WQMF2A9;WQMF2G1;WQMF2OA7;WQMF2OA8;WQMF2OA9;WQMF2OG1;WQMF3A1;WQMF3A3;WQMF3A5;WQMF3A7;WQMF3A8;WQMF3A9;WQMF3G1;WQMF3OA7;WQMF3OA8;WQMF3OA9;WQMF3OG1;WQMFLA1;WQMFLA3;WQMFLA5;WQMFLA7;WQMFLA8;WQMFLA9;WQMFLG1;WQMFLOA7;WQMFLOA8;WQMFLOA9;WQMFLOG1;WQMFSA1;WQMFSA3;WQMFSA5;WQMFSA7;WQMFSA8;WQMFSA9;WQMFSG1;WQMFSOA7;WQMFSOA8;WQMFSOA9;WQMFSOG1;WQMGSA2;WQMGSA4;WQMGSA6;WQMGSG1;WQMH0A1;WQMH0A2;WQMH0A3;WQMH0A4;WQMH0A5;WQMH0A6;WQMH0A7;WQMH0A8;WQMH0A9;WQMH0CA;WQMH0G1;WQMH0SA;WQMH0SS;WQMH0SX;WQMH1A1;WQMH1A2;WQMH1A3;WQMH1A4;WQMH1A5;WQMH1A6;WQMH1A7;WQMH1A8;WQMH1A9;WQMH1CA;WQMH1G1;WQMH1SA;WQMH1SS;WQMH1SX;WQMH2A1;WQMH2A2;WQMH2A3;WQMH2A4;WQMH2A5;WQMH2A6;WQMH2A7;WQMH2A8;WQMH2A9;WQMH2CA;WQMH2G1;WQMH2SA;WQMH2SS;WQMH2SX;WQMH5A1;WQMH5A2;WQMH5A3;WQMH5A4;WQMH5A5;WQMH5A6;WQMH5A7;WQMH5A8;WQMH5A9;WQMH5CA;WQMH5G1;WQMH5SA;WQMH5SS;WQMH5SX;WQMH6A1;WQMH6A2;WQMH6A3;WQMH6A4;WQMH6A5;WQMH6A6;WQMH6A7;WQMH6A8;WQMH6A9;WQMH6CA;WQMH6G1;WQMH6SA;WQMH6SS;WQMH6SX;WQMHBA2;WQMHBA4;WQMHBA6;WQMHBG1;WQMJ0A1;WQMJ0A2;WQMJ0A3;WQMJ0A4;WQMJ0A5;WQMJ0A6;WQMJ0A7;WQMJ0A8;WQMJ0A9;WQMJ0CA;WQMJ0G1;WQMJ0SA;WQMJ0SS;WQMJ0SX;WQMJ1A1;WQMJ1A2;WQMJ1A3;WQMJ1A4;WQMJ1A5;WQMJ1A6;WQMJ1A7;WQMJ1A8;WQMJ1A9;WQMJ1CA;WQMJ1G1;WQMJ1SA;WQMJ1SS;WQMJ1SX;WQMJ2A1;WQMJ2A2;WQMJ2A3;WQMJ2A4;WQMJ2A5;WQMJ2A6;WQMJ2A7;WQMJ2A8;WQMJ2A9;WQMJ2CA;WQMJ2G1;WQMJ2SA;WQMJ2SS;WQMJ2SX;WQMJ3A1;WQMJ3A2;WQMJ3A3;WQMJ3A4;WQMJ3A5;WQMJ3A6;WQMJ3A7;WQMJ3A8;WQMJ3A9;WQMJ3CA;WQMJ3G1;WQMJ3SA;WQMJ3SS;WQMJ3SX;WQMJ4A1;WQMJ4A2;WQMJ4A3;WQMJ4A4;WQMJ4A5;WQMJ4A6;WQMJ4A7;WQMJ4A8;WQMJ4A9;WQMJ4CA;WQMJ4G1;WQMJ4SA;WQMJ4SS;WQMJ4SX;WQMJ5A1;WQMJ5A2;WQMJ5A3;WQMJ5A4;WQMJ5A5;WQMJ5A6;WQMJ5A7;WQMJ5A8;WQMJ5A9;WQMJ5CA;WQMJ5G1;WQMJ5SA;WQMJ5SS;WQMJ5SX;WQMJ6A1;WQMJ6A2;WQMJ6A3;WQMJ6A4;WQMJ6A5;WQMJ6A6;WQMJ6A7;WQMJ6A8;WQMJ6A9;WQMJ6CA;WQMJ6G1;WQMJ6SA;WQMJ6SS;WQMJ6SX;WQMJ7A1;WQMJ7A2;WQMJ7A3;WQMJ7A4;WQMJ7A5;WQMJ7A6;WQMJ7A7;WQMJ7A8;WQMJ7A9;WQMJ7CA;WQMJ7G1;WQMJ7SA;WQMJ7SS;WQMJ7SX;WQMJ8A1;WQMJ8A2;WQMJ8A3;WQMJ8A4;WQMJ8A5;WQMJ8A6;WQMJ8A7;WQMJ8A8;WQMJ8A9;WQMJ8CA;WQMJ8G1;WQMJ8SA;WQMJ8SS;WQMJ8SX;WQMJ9A1;WQMJ9A2;WQMJ9A3;WQMJ9A4;WQMJ9A5;WQMJ9A6;WQMJ9A7;WQMJ9A8;WQMJ9A9;WQMJ9CA;WQMJ9G1;WQMJ9SA;WQMJ9SS;WQMJ9SX;WQMJAA1;WQMJAA2;WQMJAA3;WQMJAA4;WQMJAA5;WQMJAA6;WQMJAA7;WQMJAA8;WQMJAA9;WQMJACA;WQMJAG1;WQMJASA;WQMJASS;WQMJASX;WQMJBA1;WQMJBA2;WQMJBA3;WQMJBA4;WQMJBA5;WQMJBA6;WQMJBA7;WQMJBA8;WQMJBA9;WQMJBCA;WQMJBG1;WQMJBSA;WQMJBSS;WQMJBSX;WQMJCA1;WQMJCA2;WQMJCA3;WQMJCA4;WQMJCA5;WQMJCA6;WQMJCA7;WQMJCA8;WQMJCA9;WQMJCCA;WQMJCG1;WQMJCSA;WQMJCSS;WQMJCSX;WQMM2A1;WQMM2A3;WQMM2A5;WQMM2A7;WQMM2A8;WQMM2A9;WQMM2G1;WQMM2OA7;WQMM2OA8;WQMM2OA9;WQMM2OG1;WQMMCA1;WQMMCA3;WQMMCA5;WQMMCA7;WQMMCA8;WQMMCA9;WQMMCG1;WQMMCOA7;WQMMCOA8;WQMMCOA9;WQMMCOG1;WQMMSA1;WQMMSA3;WQMMSA5;WQMMSA7;WQMMSA8;WQMMSA9;WQMMSG1;WQMMSOA7;WQMMSOA8;WQMMSOA9;WQMMSOG1;WQMQ2A2;WQMQ2A4;WQMQ2A6;WQMQ2G1;WQMQ3A2;WQMQ3A4;WQMQ3A6;WQMQ3G1;WQMQ4A2;WQMQ4A4;WQMQ4A6;WQMQ4G1;WQMQSA2;WQMQSA4;WQMQSA6;WQMQSG1;WQMS0A1;WQMS0A3;WQMS0A5;WQMS0A7;WQMS0A8;WQMS0A9;WQMS0G1;WQMS0OA7;WQMS0OA8;WQMS0OA9;WQMS0OG1;WQMS1A1;WQMS1A3;WQMS1A5;WQMS1A7;WQMS1A8;WQMS1A9;WQMS1G1;WQMS1OA7;WQMS1OA8;WQMS1OA9;WQMS1OG1;WQMS2A2;WQMS2A4;WQMS2A6;WQMS2G1;WQMS3A1;WQMS3A3;WQMS3A5;WQMS3A7;WQMS3A8;WQMS3A9;WQMS3G1;WQMS3OA7;WQMS3OA8;WQMS3OA9;WQMS3OG1;WQMSCA1;WQMSCA3;WQMSCA5;WQMSCA7;WQMSCA8;WQMSCA9;WQMSCG1;WQMSCOA7;WQMSCOA8;WQMSCOA9;WQMSCOG1;WQMSLG1;WQMSLSS;WQMSPA2;WQMSPA4;WQMSPA6;WQMSPG1;WQMSSA1;WQMSSA3;WQMSSA5;WQMSSA7;WQMSSA8;WQMSSA9;WQMSSG1;WQMSSOA7;WQMSSOA8;WQMSSOA9;WQMSSOG1;WQMWHA1;WQMWHA3;WQMWHA5;WQMWHA7;WQMWHA8;WQMWHA9;WQMWHG1;WQMWHOA7;WQMWHOA8;WQMWHOA9;WQMWHOG1;WQMZWA1;WQMZWA2;WQMZWA3;WQMZWA4;WQMZWA5;WQMZWA6;WQMZWA7;WQMZWA8;WQMZWA9;WQMZWCA;WQMZWG1;WQMZWSA;WQMZWSS;WQMZWSX,q3m-reference-available,docs/measurements/playable-q3m-x2-ingame-20261002-v1/current-generation.json,no-colour-variant-reference,97427,97365,,sprite/index/palette-work-plan.json,97427
0x5102,FIGHTER_MALE_DWARF_LOW,character,5000,1,1,CDMB,66,65,656,178357,0x5102:body:armor-code:1:CDMB1;0x5102:body:armor-code:2:CDMB2;0x5102:body:armor-code:3:CDMB3;0x5102:body:armor-code:4:CDMF4;0x5102:helmet:item-animation-code:H0:WQSH0;0x5102:helmet:item-animation-code:H1:WQSH1;0x5102:helmet:item-animation-code:H2:WQSH2;0x5102:helmet:item-animation-code:H5:WQSH5;0x5102:helmet:item-animation-code:J0:WQSJ0;0x5102:helmet:item-animation-code:J1:WQSJ1;0x5102:helmet:item-animation-code:J2:WQSJ2;0x5102:helmet:item-animation-code:J3:WQSJ3;0x5102:helmet:item-animation-code:J4:WQSJ4;0x5102:helmet:item-animation-code:J5:WQSJ5;0x5102:helmet:item-animation-code:J6:WQSJ6;0x5102:helmet:item-animation-code:J7:WQSJ7;0x5102:helmet:item-animation-code:J8:WQSJ8;0x5102:helmet:item-animation-code:J9:WQSJ9;0x5102:helmet:item-animation-code:JA:WQSJA;0x5102:helmet:item-animation-code:JB:WQSJB;0x5102:helmet:item-animation-code:JC:WQSJC;0x5102:helmet:item-animation-code:YW:WQSYW;0x5102:helmet:item-animation-code:ZW:WQSZW;0x5102:shield:item-animation-code:C0:WQSC0;0x5102:shield:item-animation-code:C1:WQSC1;0x5102:shield:item-animation-code:C2:WQSC2;0x5102:shield:item-animation-code:C3:WQSC3;0x5102:shield:item-animation-code:C4:WQSC4;0x5102:shield:item-animation-code:C5:WQSC5;0x5102:shield:item-animation-code:C6:WQSC6;0x5102:shield:item-animation-code:C7:WQSC7;0x5102:shield:item-animation-code:D1:WQSD1;0x5102:shield:item-animation-code:D2:WQSD2;0x5102:shield:item-animation-code:D3:WQSD3;0x5102:shield:item-animation-code:D4:WQSD4;0x5102:weapon:item-animation-code:AX:WQSAX;0x5102:weapon:item-animation-code:BS:WQSBS;0x5102:weapon:item-animation-code:BW:WQSBW;0x5102:weapon:item-animation-code:CB:WQSCB;0x5102:weapon:item-animation-code:CL:WQSCL;0x5102:weapon:item-animation-code:DD:WQSDD;0x5102:weapon:item-animation-code:F0:WQSF0;0x5102:weapon:item-animation-code:F1:WQSF1;0x5102:weapon:item-animation-code:F2:WQSF2;0x5102:weapon:item-animation-code:F3:WQSF3;0x5102:weapon:item-animation-code:FL:WQSFL;0x5102:weapon:item-animation-code:FS:WQSFS;0x5102:weapon:item-animation-code:GS:WQSGS;0x5102:weapon:item-animation-code:H6:WQSH6;0x5102:weapon:item-animation-code:HB:WQSHB;0x5102:weapon:item-animation-code:M2:WQSM2;0x5102:weapon:item-animation-code:MC:WQSMC;0x5102:weapon:item-animation-code:MS:WQSMS;0x5102:weapon:item-animation-code:Q2:WQSQ2;0x5102:weapon:item-animation-code:Q3:WQSQ3;0x5102:weapon:item-animation-code:Q4:WQSQ4;0x5102:weapon:item-animation-code:QS:WQSQS;0x5102:weapon:item-animation-code:S0:WQSS0;0x5102:weapon:item-animation-code:S1:WQSS1;0x5102:weapon:item-animation-code:S2:WQSS2;0x5102:weapon:item-animation-code:S3:WQSS3;0x5102:weapon:item-animation-code:SC:WQSSC;0x5102:weapon:item-animation-code:SL:WQSSL;0x5102:weapon:item-animation-code:SP:WQSSP;0x5102:weapon:item-animation-code:SS:WQSSS;0x5102:weapon:item-animation-code:WH:WQSWH,CDMB1A1;CDMB1A2;CDMB1A3;CDMB1A4;CDMB1A5;CDMB1A6;CDMB1A7;CDMB1A8;CDMB1A9;CDMB1CA;CDMB1G1;CDMB1G11;CDMB1G12;CDMB1G13;CDMB1G14;CDMB1G15;CDMB1G16;CDMB1G17;CDMB1G18;CDMB1G19;CDMB1SA;CDMB1SS;CDMB1SX;CDMB2A1;CDMB2A2;CDMB2A3;CDMB2A4;CDMB2A5;CDMB2A6;CDMB2A7;CDMB2A8;CDMB2A9;CDMB2CA;CDMB2G1;CDMB2G11;CDMB2G12;CDMB2G13;CDMB2G14;CDMB2G15;CDMB2G16;CDMB2G17;CDMB2G18;CDMB2G19;CDMB2SA;CDMB2SS;CDMB2SX;CDMB3A1;CDMB3A2;CDMB3A3;CDMB3A4;CDMB3A5;CDMB3A6;CDMB3A7;CDMB3A8;CDMB3A9;CDMB3CA;CDMB3G1;CDMB3G11;CDMB3G12;CDMB3G13;CDMB3G14;CDMB3G15;CDMB3G16;CDMB3G17;CDMB3G18;CDMB3G19;CDMB3SA;CDMB3SS;CDMB3SX;CDMF4A1;CDMF4A2;CDMF4A3;CDMF4A4;CDMF4A5;CDMF4A6;CDMF4A7;CDMF4A8;CDMF4A9;CDMF4CA;CDMF4G1;CDMF4G11;CDMF4G12;CDMF4G13;CDMF4G14;CDMF4G15;CDMF4G16;CDMF4G17;CDMF4G18;CDMF4G19;CDMF4SA;CDMF4SS;CDMF4SX;WQSAXA1;WQSAXA3;WQSAXA5;WQSAXA7;WQSAXA8;WQSAXA9;WQSAXG1;WQSAXOA7;WQSAXOA8;WQSAXOA9;WQSAXOG1;WQSBSG1;WQSBSSA;WQSBWG1;WQSBWSA;WQSC0A1;WQSC0A3;WQSC0A5;WQSC0G1;WQSC0SS;WQSC1A1;WQSC1A3;WQSC1A5;WQSC1G1;WQSC1SS;WQSC2A1;WQSC2A3;WQSC2A5;WQSC2G1;WQSC2SS;WQSC3A1;WQSC3A3;WQSC3A5;WQSC3G1;WQSC3SS;WQSC4A1;WQSC4A3;WQSC4A5;WQSC4G1;WQSC4SS;WQSC5A1;WQSC5A3;WQSC5A5;WQSC5G1;WQSC5SS;WQSC6A1;WQSC6A3;WQSC6A5;WQSC6G1;WQSC6SS;WQSC7A1;WQSC7A3;WQSC7A5;WQSC7G1;WQSC7SS;WQSCBG1;WQSCBSX;WQSCLA1;WQSCLA3;WQSCLA5;WQSCLA7;WQSCLA8;WQSCLA9;WQSCLG1;WQSCLOA7;WQSCLOA8;WQSCLOA9;WQSCLOG1;WQSD1A1;WQSD1A3;WQSD1A5;WQSD1G1;WQSD1SS;WQSD2A1;WQSD2A3;WQSD2A5;WQSD2G1;WQSD2SS;WQSD3A1;WQSD3A3;WQSD3A5;WQSD3G1;WQSD3SS;WQSD4A1;WQSD4A3;WQSD4A5;WQSD4G1;WQSD4SS;WQSDDA1;WQSDDA3;WQSDDA5;WQSDDA7;WQSDDA8;WQSDDA9;WQSDDG1;WQSDDOA7;WQSDDOA8;WQSDDOA9;WQSDDOG1;WQSF0A1;WQSF0A3;WQSF0A5;WQSF0A7;WQSF0A8;WQSF0A9;WQSF0G1;WQSF0OA7;WQSF0OA8;WQSF0OA9;WQSF0OG1;WQSF1A1;WQSF1A3;WQSF1A5;WQSF1A7;WQSF1A8;WQSF1A9;WQSF1G1;WQSF1OA7;WQSF1OA8;WQSF1OA9;WQSF1OG1;WQSF2A1;WQSF2A3;WQSF2A5;WQSF2A7;WQSF2A8;WQSF2A9;WQSF2G1;WQSF2OA7;WQSF2OA8;WQSF2OA9;WQSF2OG1;WQSF3A1;WQSF3A3;WQSF3A5;WQSF3A7;WQSF3A8;WQSF3A9;WQSF3G1;WQSF3OA7;WQSF3OA8;WQSF3OA9;WQSF3OG1;WQSFLA1;WQSFLA3;WQSFLA5;WQSFLA7;WQSFLA8;WQSFLA9;WQSFLG1;WQSFLOA7;WQSFLOA8;WQSFLOA9;WQSFLOG1;WQSFSA1;WQSFSA3;WQSFSA5;WQSFSA7;WQSFSA8;WQSFSA9;WQSFSG1;WQSFSOA7;WQSFSOA8;WQSFSOA9;WQSFSOG1;WQSGSA2;WQSGSA4;WQSGSA6;WQSGSG1;WQSH0A1;WQSH0A2;WQSH0A3;WQSH0A4;WQSH0A5;WQSH0A6;WQSH0A7;WQSH0A8;WQSH0A9;WQSH0CA;WQSH0G1;WQSH0SA;WQSH0SS;WQSH0SX;WQSH1A1;WQSH1A2;WQSH1A3;WQSH1A4;WQSH1A5;WQSH1A6;WQSH1A7;WQSH1A8;WQSH1A9;WQSH1CA;WQSH1G1;WQSH1SA;WQSH1SS;WQSH1SX;WQSH2A1;WQSH2A2;WQSH2A3;WQSH2A4;WQSH2A5;WQSH2A6;WQSH2A7;WQSH2A8;WQSH2A9;WQSH2CA;WQSH2G1;WQSH2SA;WQSH2SS;WQSH2SX;WQSH5A1;WQSH5A2;WQSH5A3;WQSH5A4;WQSH5A5;WQSH5A6;WQSH5A7;WQSH5A8;WQSH5A9;WQSH5CA;WQSH5G1;WQSH5SA;WQSH5SS;WQSH5SX;WQSH6A1;WQSH6A2;WQSH6A3;WQSH6A4;WQSH6A5;WQSH6A6;WQSH6A7;WQSH6A8;WQSH6A9;WQSH6CA;WQSH6G1;WQSH6SA;WQSH6SS;WQSH6SX;WQSHBA2;WQSHBA4;WQSHBA6;WQSHBG1;WQSJ0A1;WQSJ0A2;WQSJ0A3;WQSJ0A4;WQSJ0A5;WQSJ0A6;WQSJ0A7;WQSJ0A8;WQSJ0A9;WQSJ0CA;WQSJ0G1;WQSJ0SA;WQSJ0SS;WQSJ0SX;WQSJ1A1;WQSJ1A2;WQSJ1A3;WQSJ1A4;WQSJ1A5;WQSJ1A6;WQSJ1A7;WQSJ1A8;WQSJ1A9;WQSJ1CA;WQSJ1G1;WQSJ1SA;WQSJ1SS;WQSJ1SX;WQSJ2A1;WQSJ2A2;WQSJ2A3;WQSJ2A4;WQSJ2A5;WQSJ2A6;WQSJ2A7;WQSJ2A8;WQSJ2A9;WQSJ2CA;WQSJ2G1;WQSJ2SA;WQSJ2SS;WQSJ2SX;WQSJ3A1;WQSJ3A2;WQSJ3A3;WQSJ3A4;WQSJ3A5;WQSJ3A6;WQSJ3A7;WQSJ3A8;WQSJ3A9;WQSJ3CA;WQSJ3G1;WQSJ3SA;WQSJ3SS;WQSJ3SX;WQSJ4A1;WQSJ4A2;WQSJ4A3;WQSJ4A4;WQSJ4A5;WQSJ4A6;WQSJ4A7;WQSJ4A8;WQSJ4A9;WQSJ4CA;WQSJ4G1;WQSJ4SA;WQSJ4SS;WQSJ4SX;WQSJ5A1;WQSJ5A2;WQSJ5A3;WQSJ5A4;WQSJ5A5;WQSJ5A6;WQSJ5A7;WQSJ5A8;WQSJ5A9;WQSJ5CA;WQSJ5G1;WQSJ5SA;WQSJ5SS;WQSJ5SX;WQSJ6A1;WQSJ6A2;WQSJ6A3;WQSJ6A4;WQSJ6A5;WQSJ6A6;WQSJ6A7;WQSJ6A8;WQSJ6A9;WQSJ6CA;WQSJ6G1;WQSJ6SA;WQSJ6SS;WQSJ6SX;WQSJ7A1;WQSJ7A2;WQSJ7A3;WQSJ7A4;WQSJ7A5;WQSJ7A6;WQSJ7A7;WQSJ7A8;WQSJ7A9;WQSJ7CA;WQSJ7G1;WQSJ7SA;WQSJ7SS;WQSJ7SX;WQSJ8A1;WQSJ8A2;WQSJ8A3;WQSJ8A4;WQSJ8A5;WQSJ8A6;WQSJ8A7;WQSJ8A8;WQSJ8A9;WQSJ8CA;WQSJ8G1;WQSJ8SA;WQSJ8SS;WQSJ8SX;WQSJ9A1;WQSJ9A2;WQSJ9A3;WQSJ9A4;WQSJ9A5;WQSJ9A6;WQSJ9A7;WQSJ9A8;WQSJ9A9;WQSJ9CA;WQSJ9G1;WQSJ9SA;WQSJ9SS;WQSJ9SX;WQSJAA1;WQSJAA2;WQSJAA3;WQSJAA4;WQSJAA5;WQSJAA6;WQSJAA7;WQSJAA8;WQSJAA9;WQSJACA;WQSJAG1;WQSJASA;WQSJASS;WQSJASX;WQSJBA1;WQSJBA2;WQSJBA3;WQSJBA4;WQSJBA5;WQSJBA6;WQSJBA7;WQSJBA8;WQSJBA9;WQSJBCA;WQSJBG1;WQSJBSA;WQSJBSS;WQSJBSX;WQSJCA1;WQSJCA2;WQSJCA3;WQSJCA4;WQSJCA5;WQSJCA6;WQSJCA7;WQSJCA8;WQSJCA9;WQSJCCA;WQSJCG1;WQSJCSA;WQSJCSS;WQSJCSX;WQSM2A1;WQSM2A3;WQSM2A5;WQSM2A7;WQSM2A8;WQSM2A9;WQSM2G1;WQSM2OA7;WQSM2OA8;WQSM2OA9;WQSM2OG1;WQSMCA1;WQSMCA3;WQSMCA5;WQSMCA7;WQSMCA8;WQSMCA9;WQSMCG1;WQSMCOA7;WQSMCOA8;WQSMCOA9;WQSMCOG1;WQSMSA1;WQSMSA3;WQSMSA5;WQSMSA7;WQSMSA8;WQSMSA9;WQSMSG1;WQSMSOA7;WQSMSOA8;WQSMSOA9;WQSMSOG1;WQSQ2A2;WQSQ2A4;WQSQ2A6;WQSQ2G1;WQSQ3A2;WQSQ3A4;WQSQ3A6;WQSQ3G1;WQSQ4A2;WQSQ4A4;WQSQ4A6;WQSQ4G1;WQSQSA2;WQSQSA4;WQSQSA6;WQSQSG1;WQSS0A1;WQSS0A3;WQSS0A5;WQSS0A7;WQSS0A8;WQSS0A9;WQSS0G1;WQSS0OA7;WQSS0OA8;WQSS0OA9;WQSS0OG1;WQSS1A1;WQSS1A3;WQSS1A5;WQSS1A7;WQSS1A8;WQSS1A9;WQSS1G1;WQSS1OA7;WQSS1OA8;WQSS1OA9;WQSS1OG1;WQSS2A2;WQSS2A4;WQSS2A6;WQSS2G1;WQSS3A1;WQSS3A3;WQSS3A5;WQSS3A7;WQSS3A8;WQSS3A9;WQSS3G1;WQSS3OA7;WQSS3OA8;WQSS3OA9;WQSS3OG1;WQSSCA1;WQSSCA3;WQSSCA5;WQSSCA7;WQSSCA8;WQSSCA9;WQSSCG1;WQSSCOA7;WQSSCOA8;WQSSCOA9;WQSSCOG1;WQSSLG1;WQSSLSS;WQSSPA2;WQSSPA4;WQSSPA6;WQSSPG1;WQSSSA1;WQSSSA3;WQSSSA5;WQSSSA7;WQSSSA8;WQSSSA9;WQSSSG1;WQSSSOA7;WQSSSOA8;WQSSSOA9;WQSSSOG1;WQSWHA1;WQSWHA3;WQSWHA5;WQSWHA7;WQSWHA8;WQSWHA9;WQSWHG1;WQSWHOA7;WQSWHOA8;WQSWHOA9;WQSWHOG1;WQSZWA1;WQSZWA2;WQSZWA3;WQSZWA4;WQSZWA5;WQSZWA6;WQSZWA7;WQSZWA8;WQSZWA9;WQSZWCA;WQSZWG1;WQSZWSA;WQSZWSS;WQSZWSX,q3m-reference-available,docs/measurements/playable-q3m-x2-ingame-20261002-v1/current-generation.json,no-colour-variant-reference,93850,93777,,sprite/index/palette-work-plan.json,93850
0x5103,FIGHTER_MALE_HALFLING_LOW,character,5000,1,1,CIMB,66,53,596,161725,0x5103:body:armor-code:1:CIMB1;0x5103:body:armor-code:2:CIMB2;0x5103:body:armor-code:3:CIMB3;0x5103:body:armor-code:4:CIMF4;0x5103:helmet:item-animation-code:H0:WQSH0;0x5103:helmet:item-animation-code:H1:WQSH1;0x5103:helmet:item-animation-code:H2:WQSH2;0x5103:helmet:item-animation-code:H5:WQSH5;0x5103:helmet:item-animation-code:J0:WQSJ0;0x5103:helmet:item-animation-code:J1:WQSJ1;0x5103:helmet:item-animation-code:J2:WQSJ2;0x5103:helmet:item-animation-code:J3:WQSJ3;0x5103:helmet:item-animation-code:J4:WQSJ4;0x5103:helmet:item-animation-code:J5:WQSJ5;0x5103:helmet:item-animation-code:J6:WQSJ6;0x5103:helmet:item-animation-code:J7:WQSJ7;0x5103:helmet:item-animation-code:J8:WQSJ8;0x5103:helmet:item-animation-code:J9:WQSJ9;0x5103:helmet:item-animation-code:JA:WQSJA;0x5103:helmet:item-animation-code:JB:WQSJB;0x5103:helmet:item-animation-code:JC:WQSJC;0x5103:helmet:item-animation-code:YW:WQSYW;0x5103:helmet:item-animation-code:ZW:WQSZW;0x5103:shield:item-animation-code:C0:WQHC0;0x5103:shield:item-animation-code:C1:WQHC1;0x5103:shield:item-animation-code:C2:WQHC2;0x5103:shield:item-animation-code:C3:WQHC3;0x5103:shield:item-animation-code:C4:WQHC4;0x5103:shield:item-animation-code:C5:WQHC5;0x5103:shield:item-animation-code:C6:WQHC6;0x5103:shield:item-animation-code:C7:WQHC7;0x5103:shield:item-animation-code:D1:WQHD1;0x5103:shield:item-animation-code:D2:WQHD2;0x5103:shield:item-animation-code:D3:WQHD3;0x5103:shield:item-animation-code:D4:WQHD4;0x5103:weapon:item-animation-code:AX:WQSAX;0x5103:weapon:item-animation-code:BS:WQSBS;0x5103:weapon:item-animation-code:BW:WQSBW;0x5103:weapon:item-animation-code:CB:WQSCB;0x5103:weapon:item-animation-code:CL:WQSCL;0x5103:weapon:item-animation-code:DD:WQSDD;0x5103:weapon:item-animation-code:F0:WQSF0;0x5103:weapon:item-animation-code:F1:WQSF1;0x5103:weapon:item-animation-code:F2:WQSF2;0x5103:weapon:item-animation-code:F3:WQSF3;0x5103:weapon:item-animation-code:FL:WQSFL;0x5103:weapon:item-animation-code:FS:WQSFS;0x5103:weapon:item-animation-code:GS:WQSGS;0x5103:weapon:item-animation-code:H6:WQSH6;0x5103:weapon:item-animation-code:HB:WQSHB;0x5103:weapon:item-animation-code:M2:WQSM2;0x5103:weapon:item-animation-code:MC:WQSMC;0x5103:weapon:item-animation-code:MS:WQSMS;0x5103:weapon:item-animation-code:Q2:WQSQ2;0x5103:weapon:item-animation-code:Q3:WQSQ3;0x5103:weapon:item-animation-code:Q4:WQSQ4;0x5103:weapon:item-animation-code:QS:WQSQS;0x5103:weapon:item-animation-code:S0:WQSS0;0x5103:weapon:item-animation-code:S1:WQSS1;0x5103:weapon:item-animation-code:S2:WQSS2;0x5103:weapon:item-animation-code:S3:WQSS3;0x5103:weapon:item-animation-code:SC:WQSSC;0x5103:weapon:item-animation-code:SL:WQSSL;0x5103:weapon:item-animation-code:SP:WQSSP;0x5103:weapon:item-animation-code:SS:WQSSS;0x5103:weapon:item-animation-code:WH:WQSWH,CIMB1A1;CIMB1A2;CIMB1A3;CIMB1A4;CIMB1A5;CIMB1A6;CIMB1A7;CIMB1A8;CIMB1A9;CIMB1CA;CIMB1G1;CIMB1G11;CIMB1G12;CIMB1G13;CIMB1G14;CIMB1G15;CIMB1G16;CIMB1G17;CIMB1G18;CIMB1G19;CIMB1SA;CIMB1SS;CIMB1SX;CIMB2A1;CIMB2A2;CIMB2A3;CIMB2A4;CIMB2A5;CIMB2A6;CIMB2A7;CIMB2A8;CIMB2A9;CIMB2CA;CIMB2G1;CIMB2G11;CIMB2G12;CIMB2G13;CIMB2G14;CIMB2G15;CIMB2G16;CIMB2G17;CIMB2G18;CIMB2G19;CIMB2SA;CIMB2SS;CIMB2SX;CIMB3A1;CIMB3A2;CIMB3A3;CIMB3A4;CIMB3A5;CIMB3A6;CIMB3A7;CIMB3A8;CIMB3A9;CIMB3CA;CIMB3G1;CIMB3G11;CIMB3G12;CIMB3G13;CIMB3G14;CIMB3G15;CIMB3G16;CIMB3G17;CIMB3G18;CIMB3G19;CIMB3SA;CIMB3SS;CIMB3SX;CIMF4A1;CIMF4A2;CIMF4A3;CIMF4A4;CIMF4A5;CIMF4A6;CIMF4A7;CIMF4A8;CIMF4A9;CIMF4CA;CIMF4G1;CIMF4G11;CIMF4G12;CIMF4G13;CIMF4G14;CIMF4G15;CIMF4G16;CIMF4G17;CIMF4G18;CIMF4G19;CIMF4SA;CIMF4SS;CIMF4SX;WQSAXA1;WQSAXA3;WQSAXA5;WQSAXA7;WQSAXA8;WQSAXA9;WQSAXG1;WQSAXOA7;WQSAXOA8;WQSAXOA9;WQSAXOG1;WQSBSG1;WQSBSSA;WQSBWG1;WQSBWSA;WQSCBG1;WQSCBSX;WQSCLA1;WQSCLA3;WQSCLA5;WQSCLA7;WQSCLA8;WQSCLA9;WQSCLG1;WQSCLOA7;WQSCLOA8;WQSCLOA9;WQSCLOG1;WQSDDA1;WQSDDA3;WQSDDA5;WQSDDA7;WQSDDA8;WQSDDA9;WQSDDG1;WQSDDOA7;WQSDDOA8;WQSDDOA9;WQSDDOG1;WQSF0A1;WQSF0A3;WQSF0A5;WQSF0A7;WQSF0A8;WQSF0A9;WQSF0G1;WQSF0OA7;WQSF0OA8;WQSF0OA9;WQSF0OG1;WQSF1A1;WQSF1A3;WQSF1A5;WQSF1A7;WQSF1A8;WQSF1A9;WQSF1G1;WQSF1OA7;WQSF1OA8;WQSF1OA9;WQSF1OG1;WQSF2A1;WQSF2A3;WQSF2A5;WQSF2A7;WQSF2A8;WQSF2A9;WQSF2G1;WQSF2OA7;WQSF2OA8;WQSF2OA9;WQSF2OG1;WQSF3A1;WQSF3A3;WQSF3A5;WQSF3A7;WQSF3A8;WQSF3A9;WQSF3G1;WQSF3OA7;WQSF3OA8;WQSF3OA9;WQSF3OG1;WQSFLA1;WQSFLA3;WQSFLA5;WQSFLA7;WQSFLA8;WQSFLA9;WQSFLG1;WQSFLOA7;WQSFLOA8;WQSFLOA9;WQSFLOG1;WQSFSA1;WQSFSA3;WQSFSA5;WQSFSA7;WQSFSA8;WQSFSA9;WQSFSG1;WQSFSOA7;WQSFSOA8;WQSFSOA9;WQSFSOG1;WQSGSA2;WQSGSA4;WQSGSA6;WQSGSG1;WQSH0A1;WQSH0A2;WQSH0A3;WQSH0A4;WQSH0A5;WQSH0A6;WQSH0A7;WQSH0A8;WQSH0A9;WQSH0CA;WQSH0G1;WQSH0SA;WQSH0SS;WQSH0SX;WQSH1A1;WQSH1A2;WQSH1A3;WQSH1A4;WQSH1A5;WQSH1A6;WQSH1A7;WQSH1A8;WQSH1A9;WQSH1CA;WQSH1G1;WQSH1SA;WQSH1SS;WQSH1SX;WQSH2A1;WQSH2A2;WQSH2A3;WQSH2A4;WQSH2A5;WQSH2A6;WQSH2A7;WQSH2A8;WQSH2A9;WQSH2CA;WQSH2G1;WQSH2SA;WQSH2SS;WQSH2SX;WQSH5A1;WQSH5A2;WQSH5A3;WQSH5A4;WQSH5A5;WQSH5A6;WQSH5A7;WQSH5A8;WQSH5A9;WQSH5CA;WQSH5G1;WQSH5SA;WQSH5SS;WQSH5SX;WQSH6A1;WQSH6A2;WQSH6A3;WQSH6A4;WQSH6A5;WQSH6A6;WQSH6A7;WQSH6A8;WQSH6A9;WQSH6CA;WQSH6G1;WQSH6SA;WQSH6SS;WQSH6SX;WQSHBA2;WQSHBA4;WQSHBA6;WQSHBG1;WQSJ0A1;WQSJ0A2;WQSJ0A3;WQSJ0A4;WQSJ0A5;WQSJ0A6;WQSJ0A7;WQSJ0A8;WQSJ0A9;WQSJ0CA;WQSJ0G1;WQSJ0SA;WQSJ0SS;WQSJ0SX;WQSJ1A1;WQSJ1A2;WQSJ1A3;WQSJ1A4;WQSJ1A5;WQSJ1A6;WQSJ1A7;WQSJ1A8;WQSJ1A9;WQSJ1CA;WQSJ1G1;WQSJ1SA;WQSJ1SS;WQSJ1SX;WQSJ2A1;WQSJ2A2;WQSJ2A3;WQSJ2A4;WQSJ2A5;WQSJ2A6;WQSJ2A7;WQSJ2A8;WQSJ2A9;WQSJ2CA;WQSJ2G1;WQSJ2SA;WQSJ2SS;WQSJ2SX;WQSJ3A1;WQSJ3A2;WQSJ3A3;WQSJ3A4;WQSJ3A5;WQSJ3A6;WQSJ3A7;WQSJ3A8;WQSJ3A9;WQSJ3CA;WQSJ3G1;WQSJ3SA;WQSJ3SS;WQSJ3SX;WQSJ4A1;WQSJ4A2;WQSJ4A3;WQSJ4A4;WQSJ4A5;WQSJ4A6;WQSJ4A7;WQSJ4A8;WQSJ4A9;WQSJ4CA;WQSJ4G1;WQSJ4SA;WQSJ4SS;WQSJ4SX;WQSJ5A1;WQSJ5A2;WQSJ5A3;WQSJ5A4;WQSJ5A5;WQSJ5A6;WQSJ5A7;WQSJ5A8;WQSJ5A9;WQSJ5CA;WQSJ5G1;WQSJ5SA;WQSJ5SS;WQSJ5SX;WQSJ6A1;WQSJ6A2;WQSJ6A3;WQSJ6A4;WQSJ6A5;WQSJ6A6;WQSJ6A7;WQSJ6A8;WQSJ6A9;WQSJ6CA;WQSJ6G1;WQSJ6SA;WQSJ6SS;WQSJ6SX;WQSJ7A1;WQSJ7A2;WQSJ7A3;WQSJ7A4;WQSJ7A5;WQSJ7A6;WQSJ7A7;WQSJ7A8;WQSJ7A9;WQSJ7CA;WQSJ7G1;WQSJ7SA;WQSJ7SS;WQSJ7SX;WQSJ8A1;WQSJ8A2;WQSJ8A3;WQSJ8A4;WQSJ8A5;WQSJ8A6;WQSJ8A7;WQSJ8A8;WQSJ8A9;WQSJ8CA;WQSJ8G1;WQSJ8SA;WQSJ8SS;WQSJ8SX;WQSJ9A1;WQSJ9A2;WQSJ9A3;WQSJ9A4;WQSJ9A5;WQSJ9A6;WQSJ9A7;WQSJ9A8;WQSJ9A9;WQSJ9CA;WQSJ9G1;WQSJ9SA;WQSJ9SS;WQSJ9SX;WQSJAA1;WQSJAA2;WQSJAA3;WQSJAA4;WQSJAA5;WQSJAA6;WQSJAA7;WQSJAA8;WQSJAA9;WQSJACA;WQSJAG1;WQSJASA;WQSJASS;WQSJASX;WQSJBA1;WQSJBA2;WQSJBA3;WQSJBA4;WQSJBA5;WQSJBA6;WQSJBA7;WQSJBA8;WQSJBA9;WQSJBCA;WQSJBG1;WQSJBSA;WQSJBSS;WQSJBSX;WQSJCA1;WQSJCA2;WQSJCA3;WQSJCA4;WQSJCA5;WQSJCA6;WQSJCA7;WQSJCA8;WQSJCA9;WQSJCCA;WQSJCG1;WQSJCSA;WQSJCSS;WQSJCSX;WQSM2A1;WQSM2A3;WQSM2A5;WQSM2A7;WQSM2A8;WQSM2A9;WQSM2G1;WQSM2OA7;WQSM2OA8;WQSM2OA9;WQSM2OG1;WQSMCA1;WQSMCA3;WQSMCA5;WQSMCA7;WQSMCA8;WQSMCA9;WQSMCG1;WQSMCOA7;WQSMCOA8;WQSMCOA9;WQSMCOG1;WQSMSA1;WQSMSA3;WQSMSA5;WQSMSA7;WQSMSA8;WQSMSA9;WQSMSG1;WQSMSOA7;WQSMSOA8;WQSMSOA9;WQSMSOG1;WQSQ2A2;WQSQ2A4;WQSQ2A6;WQSQ2G1;WQSQ3A2;WQSQ3A4;WQSQ3A6;WQSQ3G1;WQSQ4A2;WQSQ4A4;WQSQ4A6;WQSQ4G1;WQSQSA2;WQSQSA4;WQSQSA6;WQSQSG1;WQSS0A1;WQSS0A3;WQSS0A5;WQSS0A7;WQSS0A8;WQSS0A9;WQSS0G1;WQSS0OA7;WQSS0OA8;WQSS0OA9;WQSS0OG1;WQSS1A1;WQSS1A3;WQSS1A5;WQSS1A7;WQSS1A8;WQSS1A9;WQSS1G1;WQSS1OA7;WQSS1OA8;WQSS1OA9;WQSS1OG1;WQSS2A2;WQSS2A4;WQSS2A6;WQSS2G1;WQSS3A1;WQSS3A3;WQSS3A5;WQSS3A7;WQSS3A8;WQSS3A9;WQSS3G1;WQSS3OA7;WQSS3OA8;WQSS3OA9;WQSS3OG1;WQSSCA1;WQSSCA3;WQSSCA5;WQSSCA7;WQSSCA8;WQSSCA9;WQSSCG1;WQSSCOA7;WQSSCOA8;WQSSCOA9;WQSSCOG1;WQSSLG1;WQSSLSS;WQSSPA2;WQSSPA4;WQSSPA6;WQSSPG1;WQSSSA1;WQSSSA3;WQSSSA5;WQSSSA7;WQSSSA8;WQSSSA9;WQSSSG1;WQSSSOA7;WQSSSOA8;WQSSSOA9;WQSSSOG1;WQSWHA1;WQSWHA3;WQSWHA5;WQSWHA7;WQSWHA8;WQSWHA9;WQSWHG1;WQSWHOA7;WQSWHOA8;WQSWHOA9;WQSWHOG1;WQSZWA1;WQSZWA2;WQSZWA3;WQSZWA4;WQSZWA5;WQSZWA6;WQSZWA7;WQSZWA8;WQSZWA9;WQSZWCA;WQSZWG1;WQSZWSA;WQSZWSS;WQSZWSX,q3m-reference-available,docs/measurements/playable-q3m-x2-ingame-20261002-v1/current-generation.json,no-colour-variant-reference,79040,78969,,sprite/index/palette-work-plan.json,79040
0x5110,FIGHTER_FEMALE_HUMAN_LOW,character,5000,1,1,CHFB,66,65,656,178360,0x5110:body:armor-code:1:CHFB1;0x5110:body:armor-code:2:CHFB2;0x5110:body:armor-code:3:CHFB3;0x5110:body:armor-code:4:CHFF4;0x5110:helmet:item-animation-code:H0:WQNH0;0x5110:helmet:item-animation-code:H1:WQNH1;0x5110:helmet:item-animation-code:H2:WQNH2;0x5110:helmet:item-animation-code:H5:WQNH5;0x5110:helmet:item-animation-code:J0:WQNJ0;0x5110:helmet:item-animation-code:J1:WQNJ1;0x5110:helmet:item-animation-code:J2:WQNJ2;0x5110:helmet:item-animation-code:J3:WQNJ3;0x5110:helmet:item-animation-code:J4:WQNJ4;0x5110:helmet:item-animation-code:J5:WQNJ5;0x5110:helmet:item-animation-code:J6:WQNJ6;0x5110:helmet:item-animation-code:J7:WQNJ7;0x5110:helmet:item-animation-code:J8:WQNJ8;0x5110:helmet:item-animation-code:J9:WQNJ9;0x5110:helmet:item-animation-code:JA:WQNJA;0x5110:helmet:item-animation-code:JB:WQNJB;0x5110:helmet:item-animation-code:JC:WQNJC;0x5110:helmet:item-animation-code:YW:WQNYW;0x5110:helmet:item-animation-code:ZW:WQNZW;0x5110:shield:item-animation-code:C0:WQNC0;0x5110:shield:item-animation-code:C1:WQNC1;0x5110:shield:item-animation-code:C2:WQNC2;0x5110:shield:item-animation-code:C3:WQNC3;0x5110:shield:item-animation-code:C4:WQNC4;0x5110:shield:item-animation-code:C5:WQNC5;0x5110:shield:item-animation-code:C6:WQNC6;0x5110:shield:item-animation-code:C7:WQNC7;0x5110:shield:item-animation-code:D1:WQND1;0x5110:shield:item-animation-code:D2:WQND2;0x5110:shield:item-animation-code:D3:WQND3;0x5110:shield:item-animation-code:D4:WQND4;0x5110:weapon:item-animation-code:AX:WQNAX;0x5110:weapon:item-animation-code:BS:WQNBS;0x5110:weapon:item-animation-code:BW:WQNBW;0x5110:weapon:item-animation-code:CB:WQNCB;0x5110:weapon:item-animation-code:CL:WQNCL;0x5110:weapon:item-animation-code:DD:WQNDD;0x5110:weapon:item-animation-code:F0:WQNF0;0x5110:weapon:item-animation-code:F1:WQNF1;0x5110:weapon:item-animation-code:F2:WQNF2;0x5110:weapon:item-animation-code:F3:WQNF3;0x5110:weapon:item-animation-code:FL:WQNFL;0x5110:weapon:item-animation-code:FS:WQNFS;0x5110:weapon:item-animation-code:GS:WQNGS;0x5110:weapon:item-animation-code:H6:WQNH6;0x5110:weapon:item-animation-code:HB:WQNHB;0x5110:weapon:item-animation-code:M2:WQNM2;0x5110:weapon:item-animation-code:MC:WQNMC;0x5110:weapon:item-animation-code:MS:WQNMS;0x5110:weapon:item-animation-code:Q2:WQNQ2;0x5110:weapon:item-animation-code:Q3:WQNQ3;0x5110:weapon:item-animation-code:Q4:WQNQ4;0x5110:weapon:item-animation-code:QS:WQNQS;0x5110:weapon:item-animation-code:S0:WQNS0;0x5110:weapon:item-animation-code:S1:WQNS1;0x5110:weapon:item-animation-code:S2:WQNS2;0x5110:weapon:item-animation-code:S3:WQNS3;0x5110:weapon:item-animation-code:SC:WQNSC;0x5110:weapon:item-animation-code:SL:WQNSL;0x5110:weapon:item-animation-code:SP:WQNSP;0x5110:weapon:item-animation-code:SS:WQNSS;0x5110:weapon:item-animation-code:WH:WQNWH,CHFB1A1;CHFB1A2;CHFB1A3;CHFB1A4;CHFB1A5;CHFB1A6;CHFB1A7;CHFB1A8;CHFB1A9;CHFB1CA;CHFB1G1;CHFB1G11;CHFB1G12;CHFB1G13;CHFB1G14;CHFB1G15;CHFB1G16;CHFB1G17;CHFB1G18;CHFB1G19;CHFB1SA;CHFB1SS;CHFB1SX;CHFB2A1;CHFB2A2;CHFB2A3;CHFB2A4;CHFB2A5;CHFB2A6;CHFB2A7;CHFB2A8;CHFB2A9;CHFB2CA;CHFB2G1;CHFB2G11;CHFB2G12;CHFB2G13;CHFB2G14;CHFB2G15;CHFB2G16;CHFB2G17;CHFB2G18;CHFB2G19;CHFB2SA;CHFB2SS;CHFB2SX;CHFB3A1;CHFB3A2;CHFB3A3;CHFB3A4;CHFB3A5;CHFB3A6;CHFB3A7;CHFB3A8;CHFB3A9;CHFB3CA;CHFB3G1;CHFB3G11;CHFB3G12;CHFB3G13;CHFB3G14;CHFB3G15;CHFB3G16;CHFB3G17;CHFB3G18;CHFB3G19;CHFB3SA;CHFB3SS;CHFB3SX;CHFF4A1;CHFF4A2;CHFF4A3;CHFF4A4;CHFF4A5;CHFF4A6;CHFF4A7;CHFF4A8;CHFF4A9;CHFF4CA;CHFF4G1;CHFF4G11;CHFF4G12;CHFF4G13;CHFF4G14;CHFF4G15;CHFF4G16;CHFF4G17;CHFF4G18;CHFF4G19;CHFF4SA;CHFF4SS;CHFF4SX;WQNAXA1;WQNAXA3;WQNAXA5;WQNAXA7;WQNAXA8;WQNAXA9;WQNAXG1;WQNAXOA7;WQNAXOA8;WQNAXOA9;WQNAXOG1;WQNBSG1;WQNBSSA;WQNBWG1;WQNBWSA;WQNC0A1;WQNC0A3;WQNC0A5;WQNC0G1;WQNC0SS;WQNC1A1;WQNC1A3;WQNC1A5;WQNC1G1;WQNC1SS;WQNC2A1;WQNC2A3;WQNC2A5;WQNC2G1;WQNC2SS;WQNC3A1;WQNC3A3;WQNC3A5;WQNC3G1;WQNC3SS;WQNC4A1;WQNC4A3;WQNC4A5;WQNC4G1;WQNC4SS;WQNC5A1;WQNC5A3;WQNC5A5;WQNC5G1;WQNC5SS;WQNC6A1;WQNC6A3;WQNC6A5;WQNC6G1;WQNC6SS;WQNC7A1;WQNC7A3;WQNC7A5;WQNC7G1;WQNC7SS;WQNCBG1;WQNCBSX;WQNCLA1;WQNCLA3;WQNCLA5;WQNCLA7;WQNCLA8;WQNCLA9;WQNCLG1;WQNCLOA7;WQNCLOA8;WQNCLOA9;WQNCLOG1;WQND1A1;WQND1A3;WQND1A5;WQND1G1;WQND1SS;WQND2A1;WQND2A3;WQND2A5;WQND2G1;WQND2SS;WQND3A1;WQND3A3;WQND3A5;WQND3G1;WQND3SS;WQND4A1;WQND4A3;WQND4A5;WQND4G1;WQND4SS;WQNDDA1;WQNDDA3;WQNDDA5;WQNDDA7;WQNDDA8;WQNDDA9;WQNDDG1;WQNDDOA7;WQNDDOA8;WQNDDOA9;WQNDDOG1;WQNF0A1;WQNF0A3;WQNF0A5;WQNF0A7;WQNF0A8;WQNF0A9;WQNF0G1;WQNF0OA7;WQNF0OA8;WQNF0OA9;WQNF0OG1;WQNF1A1;WQNF1A3;WQNF1A5;WQNF1A7;WQNF1A8;WQNF1A9;WQNF1G1;WQNF1OA7;WQNF1OA8;WQNF1OA9;WQNF1OG1;WQNF2A1;WQNF2A3;WQNF2A5;WQNF2A7;WQNF2A8;WQNF2A9;WQNF2G1;WQNF2OA7;WQNF2OA8;WQNF2OA9;WQNF2OG1;WQNF3A1;WQNF3A3;WQNF3A5;WQNF3A7;WQNF3A8;WQNF3A9;WQNF3G1;WQNF3OA7;WQNF3OA8;WQNF3OA9;WQNF3OG1;WQNFLA1;WQNFLA3;WQNFLA5;WQNFLA7;WQNFLA8;WQNFLA9;WQNFLG1;WQNFLOA7;WQNFLOA8;WQNFLOA9;WQNFLOG1;WQNFSA1;WQNFSA3;WQNFSA5;WQNFSA7;WQNFSA8;WQNFSA9;WQNFSG1;WQNFSOA7;WQNFSOA8;WQNFSOA9;WQNFSOG1;WQNGSA2;WQNGSA4;WQNGSA6;WQNGSG1;WQNH0A1;WQNH0A2;WQNH0A3;WQNH0A4;WQNH0A5;WQNH0A6;WQNH0A7;WQNH0A8;WQNH0A9;WQNH0CA;WQNH0G1;WQNH0SA;WQNH0SS;WQNH0SX;WQNH1A1;WQNH1A2;WQNH1A3;WQNH1A4;WQNH1A5;WQNH1A6;WQNH1A7;WQNH1A8;WQNH1A9;WQNH1CA;WQNH1G1;WQNH1SA;WQNH1SS;WQNH1SX;WQNH2A1;WQNH2A2;WQNH2A3;WQNH2A4;WQNH2A5;WQNH2A6;WQNH2A7;WQNH2A8;WQNH2A9;WQNH2CA;WQNH2G1;WQNH2SA;WQNH2SS;WQNH2SX;WQNH5A1;WQNH5A2;WQNH5A3;WQNH5A4;WQNH5A5;WQNH5A6;WQNH5A7;WQNH5A8;WQNH5A9;WQNH5CA;WQNH5G1;WQNH5SA;WQNH5SS;WQNH5SX;WQNH6A1;WQNH6A2;WQNH6A3;WQNH6A4;WQNH6A5;WQNH6A6;WQNH6A7;WQNH6A8;WQNH6A9;WQNH6CA;WQNH6G1;WQNH6SA;WQNH6SS;WQNH6SX;WQNHBA2;WQNHBA4;WQNHBA6;WQNHBG1;WQNJ0A1;WQNJ0A2;WQNJ0A3;WQNJ0A4;WQNJ0A5;WQNJ0A6;WQNJ0A7;WQNJ0A8;WQNJ0A9;WQNJ0CA;WQNJ0G1;WQNJ0SA;WQNJ0SS;WQNJ0SX;WQNJ1A1;WQNJ1A2;WQNJ1A3;WQNJ1A4;WQNJ1A5;WQNJ1A6;WQNJ1A7;WQNJ1A8;WQNJ1A9;WQNJ1CA;WQNJ1G1;WQNJ1SA;WQNJ1SS;WQNJ1SX;WQNJ2A1;WQNJ2A2;WQNJ2A3;WQNJ2A4;WQNJ2A5;WQNJ2A6;WQNJ2A7;WQNJ2A8;WQNJ2A9;WQNJ2CA;WQNJ2G1;WQNJ2SA;WQNJ2SS;WQNJ2SX;WQNJ3A1;WQNJ3A2;WQNJ3A3;WQNJ3A4;WQNJ3A5;WQNJ3A6;WQNJ3A7;WQNJ3A8;WQNJ3A9;WQNJ3CA;WQNJ3G1;WQNJ3SA;WQNJ3SS;WQNJ3SX;WQNJ4A1;WQNJ4A2;WQNJ4A3;WQNJ4A4;WQNJ4A5;WQNJ4A6;WQNJ4A7;WQNJ4A8;WQNJ4A9;WQNJ4CA;WQNJ4G1;WQNJ4SA;WQNJ4SS;WQNJ4SX;WQNJ5A1;WQNJ5A2;WQNJ5A3;WQNJ5A4;WQNJ5A5;WQNJ5A6;WQNJ5A7;WQNJ5A8;WQNJ5A9;WQNJ5CA;WQNJ5G1;WQNJ5SA;WQNJ5SS;WQNJ5SX;WQNJ6A1;WQNJ6A2;WQNJ6A3;WQNJ6A4;WQNJ6A5;WQNJ6A6;WQNJ6A7;WQNJ6A8;WQNJ6A9;WQNJ6CA;WQNJ6G1;WQNJ6SA;WQNJ6SS;WQNJ6SX;WQNJ7A1;WQNJ7A2;WQNJ7A3;WQNJ7A4;WQNJ7A5;WQNJ7A6;WQNJ7A7;WQNJ7A8;WQNJ7A9;WQNJ7CA;WQNJ7G1;WQNJ7SA;WQNJ7SS;WQNJ7SX;WQNJ8A1;WQNJ8A2;WQNJ8A3;WQNJ8A4;WQNJ8A5;WQNJ8A6;WQNJ8A7;WQNJ8A8;WQNJ8A9;WQNJ8CA;WQNJ8G1;WQNJ8SA;WQNJ8SS;WQNJ8SX;WQNJ9A1;WQNJ9A2;WQNJ9A3;WQNJ9A4;WQNJ9A5;WQNJ9A6;WQNJ9A7;WQNJ9A8;WQNJ9A9;WQNJ9CA;WQNJ9G1;WQNJ9SA;WQNJ9SS;WQNJ9SX;WQNJAA1;WQNJAA2;WQNJAA3;WQNJAA4;WQNJAA5;WQNJAA6;WQNJAA7;WQNJAA8;WQNJAA9;WQNJACA;WQNJAG1;WQNJASA;WQNJASS;WQNJASX;WQNJBA1;WQNJBA2;WQNJBA3;WQNJBA4;WQNJBA5;WQNJBA6;WQNJBA7;WQNJBA8;WQNJBA9;WQNJBCA;WQNJBG1;WQNJBSA;WQNJBSS;WQNJBSX;WQNJCA1;WQNJCA2;WQNJCA3;WQNJCA4;WQNJCA5;WQNJCA6;WQNJCA7;WQNJCA8;WQNJCA9;WQNJCCA;WQNJCG1;WQNJCSA;WQNJCSS;WQNJCSX;WQNM2A1;WQNM2A3;WQNM2A5;WQNM2A7;WQNM2A8;WQNM2A9;WQNM2G1;WQNM2OA7;WQNM2OA8;WQNM2OA9;WQNM2OG1;WQNMCA1;WQNMCA3;WQNMCA5;WQNMCA7;WQNMCA8;WQNMCA9;WQNMCG1;WQNMCOA7;WQNMCOA8;WQNMCOA9;WQNMCOG1;WQNMSA1;WQNMSA3;WQNMSA5;WQNMSA7;WQNMSA8;WQNMSA9;WQNMSG1;WQNMSOA7;WQNMSOA8;WQNMSOA9;WQNMSOG1;WQNQ2A2;WQNQ2A4;WQNQ2A6;WQNQ2G1;WQNQ3A2;WQNQ3A4;WQNQ3A6;WQNQ3G1;WQNQ4A2;WQNQ4A4;WQNQ4A6;WQNQ4G1;WQNQSA2;WQNQSA4;WQNQSA6;WQNQSG1;WQNS0A1;WQNS0A3;WQNS0A5;WQNS0A7;WQNS0A8;WQNS0A9;WQNS0G1;WQNS0OA7;WQNS0OA8;WQNS0OA9;WQNS0OG1;WQNS1A1;WQNS1A3;WQNS1A5;WQNS1A7;WQNS1A8;WQNS1A9;WQNS1G1;WQNS1OA7;WQNS1OA8;WQNS1OA9;WQNS1OG1;WQNS2A2;WQNS2A4;WQNS2A6;WQNS2G1;WQNS3A1;WQNS3A3;WQNS3A5;WQNS3A7;WQNS3A8;WQNS3A9;WQNS3G1;WQNS3OA7;WQNS3OA8;WQNS3OA9;WQNS3OG1;WQNSCA1;WQNSCA3;WQNSCA5;WQNSCA7;WQNSCA8;WQNSCA9;WQNSCG1;WQNSCOA7;WQNSCOA8;WQNSCOA9;WQNSCOG1;WQNSLG1;WQNSLSS;WQNSPA2;WQNSPA4;WQNSPA6;WQNSPG1;WQNSSA1;WQNSSA3;WQNSSA5;WQNSSA7;WQNSSA8;WQNSSA9;WQNSSG1;WQNSSOA7;WQNSSOA8;WQNSSOA9;WQNSSOG1;WQNWHA1;WQNWHA3;WQNWHA5;WQNWHA7;WQNWHA8;WQNWHA9;WQNWHG1;WQNWHOA7;WQNWHOA8;WQNWHOA9;WQNWHOG1;WQNZWA1;WQNZWA2;WQNZWA3;WQNZWA4;WQNZWA5;WQNZWA6;WQNZWA7;WQNZWA8;WQNZWA9;WQNZWCA;WQNZWG1;WQNZWSA;WQNZWSS;WQNZWSX,q3m-reference-available,docs/measurements/playable-q3m-x2-ingame-20261002-v1/current-generation.json,no-colour-variant-reference,93948,93868,,sprite/index/palette-work-plan.json,93948
0x5111,FIGHTER_FEMALE_ELF_LOW,character,5000,1,1,CEFB,66,65,656,180494,0x5111:body:armor-code:1:CEFB1;0x5111:body:armor-code:2:CEFB2;0x5111:body:armor-code:3:CEFB3;0x5111:body:armor-code:4:CEFF4;0x5111:helmet:item-animation-code:H0:WQMH0;0x5111:helmet:item-animation-code:H1:WQMH1;0x5111:helmet:item-animation-code:H2:WQMH2;0x5111:helmet:item-animation-code:H5:WQMH5;0x5111:helmet:item-animation-code:J0:WQMJ0;0x5111:helmet:item-animation-code:J1:WQMJ1;0x5111:helmet:item-animation-code:J2:WQMJ2;0x5111:helmet:item-animation-code:J3:WQMJ3;0x5111:helmet:item-animation-code:J4:WQMJ4;0x5111:helmet:item-animation-code:J5:WQMJ5;0x5111:helmet:item-animation-code:J6:WQMJ6;0x5111:helmet:item-animation-code:J7:WQMJ7;0x5111:helmet:item-animation-code:J8:WQMJ8;0x5111:helmet:item-animation-code:J9:WQMJ9;0x5111:helmet:item-animation-code:JA:WQMJA;0x5111:helmet:item-animation-code:JB:WQMJB;0x5111:helmet:item-animation-code:JC:WQMJC;0x5111:helmet:item-animation-code:YW:WQMYW;0x5111:helmet:item-animation-code:ZW:WQMZW;0x5111:shield:item-animation-code:C0:WQMC0;0x5111:shield:item-animation-code:C1:WQMC1;0x5111:shield:item-animation-code:C2:WQMC2;0x5111:shield:item-animation-code:C3:WQMC3;0x5111:shield:item-animation-code:C4:WQMC4;0x5111:shield:item-animation-code:C5:WQMC5;0x5111:shield:item-animation-code:C6:WQMC6;0x5111:shield:item-animation-code:C7:WQMC7;0x5111:shield:item-animation-code:D1:WQMD1;0x5111:shield:item-animation-code:D2:WQMD2;0x5111:shield:item-animation-code:D3:WQMD3;0x5111:shield:item-animation-code:D4:WQMD4;0x5111:weapon:item-animation-code:AX:WQMAX;0x5111:weapon:item-animation-code:BS:WQMBS;0x5111:weapon:item-animation-code:BW:WQMBW;0x5111:weapon:item-animation-code:CB:WQMCB;0x5111:weapon:item-animation-code:CL:WQMCL;0x5111:weapon:item-animation-code:DD:WQMDD;0x5111:weapon:item-animation-code:F0:WQMF0;0x5111:weapon:item-animation-code:F1:WQMF1;0x5111:weapon:item-animation-code:F2:WQMF2;0x5111:weapon:item-animation-code:F3:WQMF3;0x5111:weapon:item-animation-code:FL:WQMFL;0x5111:weapon:item-animation-code:FS:WQMFS;0x5111:weapon:item-animation-code:GS:WQMGS;0x5111:weapon:item-animation-code:H6:WQMH6;0x5111:weapon:item-animation-code:HB:WQMHB;0x5111:weapon:item-animation-code:M2:WQMM2;0x5111:weapon:item-animation-code:MC:WQMMC;0x5111:weapon:item-animation-code:MS:WQMMS;0x5111:weapon:item-animation-code:Q2:WQMQ2;0x5111:weapon:item-animation-code:Q3:WQMQ3;0x5111:weapon:item-animation-code:Q4:WQMQ4;0x5111:weapon:item-animation-code:QS:WQMQS;0x5111:weapon:item-animation-code:S0:WQMS0;0x5111:weapon:item-animation-code:S1:WQMS1;0x5111:weapon:item-animation-code:S2:WQMS2;0x5111:weapon:item-animation-code:S3:WQMS3;0x5111:weapon:item-animation-code:SC:WQMSC;0x5111:weapon:item-animation-code:SL:WQMSL;0x5111:weapon:item-animation-code:SP:WQMSP;0x5111:weapon:item-animation-code:SS:WQMSS;0x5111:weapon:item-animation-code:WH:WQMWH,CEFB1A1;CEFB1A2;CEFB1A3;CEFB1A4;CEFB1A5;CEFB1A6;CEFB1A7;CEFB1A8;CEFB1A9;CEFB1CA;CEFB1G1;CEFB1G11;CEFB1G12;CEFB1G13;CEFB1G14;CEFB1G15;CEFB1G16;CEFB1G17;CEFB1G18;CEFB1G19;CEFB1SA;CEFB1SS;CEFB1SX;CEFB2A1;CEFB2A2;CEFB2A3;CEFB2A4;CEFB2A5;CEFB2A6;CEFB2A7;CEFB2A8;CEFB2A9;CEFB2CA;CEFB2G1;CEFB2G11;CEFB2G12;CEFB2G13;CEFB2G14;CEFB2G15;CEFB2G16;CEFB2G17;CEFB2G18;CEFB2G19;CEFB2SA;CEFB2SS;CEFB2SX;CEFB3A1;CEFB3A2;CEFB3A3;CEFB3A4;CEFB3A5;CEFB3A6;CEFB3A7;CEFB3A8;CEFB3A9;CEFB3CA;CEFB3G1;CEFB3G11;CEFB3G12;CEFB3G13;CEFB3G14;CEFB3G15;CEFB3G16;CEFB3G17;CEFB3G18;CEFB3G19;CEFB3SA;CEFB3SS;CEFB3SX;CEFF4A1;CEFF4A2;CEFF4A3;CEFF4A4;CEFF4A5;CEFF4A6;CEFF4A7;CEFF4A8;CEFF4A9;CEFF4CA;CEFF4G1;CEFF4G11;CEFF4G12;CEFF4G13;CEFF4G14;CEFF4G15;CEFF4G16;CEFF4G17;CEFF4G18;CEFF4G19;CEFF4SA;CEFF4SS;CEFF4SX;WQMAXA1;WQMAXA3;WQMAXA5;WQMAXA7;WQMAXA8;WQMAXA9;WQMAXG1;WQMAXOA7;WQMAXOA8;WQMAXOA9;WQMAXOG1;WQMBSG1;WQMBSSA;WQMBWG1;WQMBWSA;WQMC0A1;WQMC0A3;WQMC0A5;WQMC0G1;WQMC0SS;WQMC1A1;WQMC1A3;WQMC1A5;WQMC1G1;WQMC1SS;WQMC2A1;WQMC2A3;WQMC2A5;WQMC2G1;WQMC2SS;WQMC3A1;WQMC3A3;WQMC3A5;WQMC3G1;WQMC3SS;WQMC4A1;WQMC4A3;WQMC4A5;WQMC4G1;WQMC4SS;WQMC5A1;WQMC5A3;WQMC5A5;WQMC5G1;WQMC5SS;WQMC6A1;WQMC6A3;WQMC6A5;WQMC6G1;WQMC6SS;WQMC7A1;WQMC7A3;WQMC7A5;WQMC7G1;WQMC7SS;WQMCBG1;WQMCBSX;WQMCLA1;WQMCLA3;WQMCLA5;WQMCLA7;WQMCLA8;WQMCLA9;WQMCLG1;WQMCLOA7;WQMCLOA8;WQMCLOA9;WQMCLOG1;WQMD1A1;WQMD1A3;WQMD1A5;WQMD1G1;WQMD1SS;WQMD2A1;WQMD2A3;WQMD2A5;WQMD2G1;WQMD2SS;WQMD3A1;WQMD3A3;WQMD3A5;WQMD3G1;WQMD3SS;WQMD4A1;WQMD4A3;WQMD4A5;WQMD4G1;WQMD4SS;WQMDDA1;WQMDDA3;WQMDDA5;WQMDDA7;WQMDDA8;WQMDDA9;WQMDDG1;WQMDDOA7;WQMDDOA8;WQMDDOA9;WQMDDOG1;WQMF0A1;WQMF0A3;WQMF0A5;WQMF0A7;WQMF0A8;WQMF0A9;WQMF0G1;WQMF0OA7;WQMF0OA8;WQMF0OA9;WQMF0OG1;WQMF1A1;WQMF1A3;WQMF1A5;WQMF1A7;WQMF1A8;WQMF1A9;WQMF1G1;WQMF1OA7;WQMF1OA8;WQMF1OA9;WQMF1OG1;WQMF2A1;WQMF2A3;WQMF2A5;WQMF2A7;WQMF2A8;WQMF2A9;WQMF2G1;WQMF2OA7;WQMF2OA8;WQMF2OA9;WQMF2OG1;WQMF3A1;WQMF3A3;WQMF3A5;WQMF3A7;WQMF3A8;WQMF3A9;WQMF3G1;WQMF3OA7;WQMF3OA8;WQMF3OA9;WQMF3OG1;WQMFLA1;WQMFLA3;WQMFLA5;WQMFLA7;WQMFLA8;WQMFLA9;WQMFLG1;WQMFLOA7;WQMFLOA8;WQMFLOA9;WQMFLOG1;WQMFSA1;WQMFSA3;WQMFSA5;WQMFSA7;WQMFSA8;WQMFSA9;WQMFSG1;WQMFSOA7;WQMFSOA8;WQMFSOA9;WQMFSOG1;WQMGSA2;WQMGSA4;WQMGSA6;WQMGSG1;WQMH0A1;WQMH0A2;WQMH0A3;WQMH0A4;WQMH0A5;WQMH0A6;WQMH0A7;WQMH0A8;WQMH0A9;WQMH0CA;WQMH0G1;WQMH0SA;WQMH0SS;WQMH0SX;WQMH1A1;WQMH1A2;WQMH1A3;WQMH1A4;WQMH1A5;WQMH1A6;WQMH1A7;WQMH1A8;WQMH1A9;WQMH1CA;WQMH1G1;WQMH1SA;WQMH1SS;WQMH1SX;WQMH2A1;WQMH2A2;WQMH2A3;WQMH2A4;WQMH2A5;WQMH2A6;WQMH2A7;WQMH2A8;WQMH2A9;WQMH2CA;WQMH2G1;WQMH2SA;WQMH2SS;WQMH2SX;WQMH5A1;WQMH5A2;WQMH5A3;WQMH5A4;WQMH5A5;WQMH5A6;WQMH5A7;WQMH5A8;WQMH5A9;WQMH5CA;WQMH5G1;WQMH5SA;WQMH5SS;WQMH5SX;WQMH6A1;WQMH6A2;WQMH6A3;WQMH6A4;WQMH6A5;WQMH6A6;WQMH6A7;WQMH6A8;WQMH6A9;WQMH6CA;WQMH6G1;WQMH6SA;WQMH6SS;WQMH6SX;WQMHBA2;WQMHBA4;WQMHBA6;WQMHBG1;WQMJ0A1;WQMJ0A2;WQMJ0A3;WQMJ0A4;WQMJ0A5;WQMJ0A6;WQMJ0A7;WQMJ0A8;WQMJ0A9;WQMJ0CA;WQMJ0G1;WQMJ0SA;WQMJ0SS;WQMJ0SX;WQMJ1A1;WQMJ1A2;WQMJ1A3;WQMJ1A4;WQMJ1A5;WQMJ1A6;WQMJ1A7;WQMJ1A8;WQMJ1A9;WQMJ1CA;WQMJ1G1;WQMJ1SA;WQMJ1SS;WQMJ1SX;WQMJ2A1;WQMJ2A2;WQMJ2A3;WQMJ2A4;WQMJ2A5;WQMJ2A6;WQMJ2A7;WQMJ2A8;WQMJ2A9;WQMJ2CA;WQMJ2G1;WQMJ2SA;WQMJ2SS;WQMJ2SX;WQMJ3A1;WQMJ3A2;WQMJ3A3;WQMJ3A4;WQMJ3A5;WQMJ3A6;WQMJ3A7;WQMJ3A8;WQMJ3A9;WQMJ3CA;WQMJ3G1;WQMJ3SA;WQMJ3SS;WQMJ3SX;WQMJ4A1;WQMJ4A2;WQMJ4A3;WQMJ4A4;WQMJ4A5;WQMJ4A6;WQMJ4A7;WQMJ4A8;WQMJ4A9;WQMJ4CA;WQMJ4G1;WQMJ4SA;WQMJ4SS;WQMJ4SX;WQMJ5A1;WQMJ5A2;WQMJ5A3;WQMJ5A4;WQMJ5A5;WQMJ5A6;WQMJ5A7;WQMJ5A8;WQMJ5A9;WQMJ5CA;WQMJ5G1;WQMJ5SA;WQMJ5SS;WQMJ5SX;WQMJ6A1;WQMJ6A2;WQMJ6A3;WQMJ6A4;WQMJ6A5;WQMJ6A6;WQMJ6A7;WQMJ6A8;WQMJ6A9;WQMJ6CA;WQMJ6G1;WQMJ6SA;WQMJ6SS;WQMJ6SX;WQMJ7A1;WQMJ7A2;WQMJ7A3;WQMJ7A4;WQMJ7A5;WQMJ7A6;WQMJ7A7;WQMJ7A8;WQMJ7A9;WQMJ7CA;WQMJ7G1;WQMJ7SA;WQMJ7SS;WQMJ7SX;WQMJ8A1;WQMJ8A2;WQMJ8A3;WQMJ8A4;WQMJ8A5;WQMJ8A6;WQMJ8A7;WQMJ8A8;WQMJ8A9;WQMJ8CA;WQMJ8G1;WQMJ8SA;WQMJ8SS;WQMJ8SX;WQMJ9A1;WQMJ9A2;WQMJ9A3;WQMJ9A4;WQMJ9A5;WQMJ9A6;WQMJ9A7;WQMJ9A8;WQMJ9A9;WQMJ9CA;WQMJ9G1;WQMJ9SA;WQMJ9SS;WQMJ9SX;WQMJAA1;WQMJAA2;WQMJAA3;WQMJAA4;WQMJAA5;WQMJAA6;WQMJAA7;WQMJAA8;WQMJAA9;WQMJACA;WQMJAG1;WQMJASA;WQMJASS;WQMJASX;WQMJBA1;WQMJBA2;WQMJBA3;WQMJBA4;WQMJBA5;WQMJBA6;WQMJBA7;WQMJBA8;WQMJBA9;WQMJBCA;WQMJBG1;WQMJBSA;WQMJBSS;WQMJBSX;WQMJCA1;WQMJCA2;WQMJCA3;WQMJCA4;WQMJCA5;WQMJCA6;WQMJCA7;WQMJCA8;WQMJCA9;WQMJCCA;WQMJCG1;WQMJCSA;WQMJCSS;WQMJCSX;WQMM2A1;WQMM2A3;WQMM2A5;WQMM2A7;WQMM2A8;WQMM2A9;WQMM2G1;WQMM2OA7;WQMM2OA8;WQMM2OA9;WQMM2OG1;WQMMCA1;WQMMCA3;WQMMCA5;WQMMCA7;WQMMCA8;WQMMCA9;WQMMCG1;WQMMCOA7;WQMMCOA8;WQMMCOA9;WQMMCOG1;WQMMSA1;WQMMSA3;WQMMSA5;WQMMSA7;WQMMSA8;WQMMSA9;WQMMSG1;WQMMSOA7;WQMMSOA8;WQMMSOA9;WQMMSOG1;WQMQ2A2;WQMQ2A4;WQMQ2A6;WQMQ2G1;WQMQ3A2;WQMQ3A4;WQMQ3A6;WQMQ3G1;WQMQ4A2;WQMQ4A4;WQMQ4A6;WQMQ4G1;WQMQSA2;WQMQSA4;WQMQSA6;WQMQSG1;WQMS0A1;WQMS0A3;WQMS0A5;WQMS0A7;WQMS0A8;WQMS0A9;WQMS0G1;WQMS0OA7;WQMS0OA8;WQMS0OA9;WQMS0OG1;WQMS1A1;WQMS1A3;WQMS1A5;WQMS1A7;WQMS1A8;WQMS1A9;WQMS1G1;WQMS1OA7;WQMS1OA8;WQMS1OA9;WQMS1OG1;WQMS2A2;WQMS2A4;WQMS2A6;WQMS2G1;WQMS3A1;WQMS3A3;WQMS3A5;WQMS3A7;WQMS3A8;WQMS3A9;WQMS3G1;WQMS3OA7;WQMS3OA8;WQMS3OA9;WQMS3OG1;WQMSCA1;WQMSCA3;WQMSCA5;WQMSCA7;WQMSCA8;WQMSCA9;WQMSCG1;WQMSCOA7;WQMSCOA8;WQMSCOA9;WQMSCOG1;WQMSLG1;WQMSLSS;WQMSPA2;WQMSPA4;WQMSPA6;WQMSPG1;WQMSSA1;WQMSSA3;WQMSSA5;WQMSSA7;WQMSSA8;WQMSSA9;WQMSSG1;WQMSSOA7;WQMSSOA8;WQMSSOA9;WQMSSOG1;WQMWHA1;WQMWHA3;WQMWHA5;WQMWHA7;WQMWHA8;WQMWHA9;WQMWHG1;WQMWHOA7;WQMWHOA8;WQMWHOA9;WQMWHOG1;WQMZWA1;WQMZWA2;WQMZWA3;WQMZWA4;WQMZWA5;WQMZWA6;WQMZWA7;WQMZWA8;WQMZWA9;WQMZWCA;WQMZWG1;WQMZWSA;WQMZWSS;WQMZWSX,q3m-reference-available,docs/measurements/playable-q3m-x2-ingame-20261002-v1/current-generation.json,no-colour-variant-reference,97379,97317,,sprite/index/palette-work-plan.json,97379
0x5112,FIGHTER_FEMALE_DWARF_LOW,character,5000,1,1,CDFB,66,65,656,178357,0x5112:body:armor-code:1:CDFB1;0x5112:body:armor-code:2:CDFB2;0x5112:body:armor-code:3:CDFB3;0x5112:body:armor-code:4:CDFF4;0x5112:helmet:item-animation-code:H0:WQSH0;0x5112:helmet:item-animation-code:H1:WQSH1;0x5112:helmet:item-animation-code:H2:WQSH2;0x5112:helmet:item-animation-code:H5:WQSH5;0x5112:helmet:item-animation-code:J0:WQSJ0;0x5112:helmet:item-animation-code:J1:WQSJ1;0x5112:helmet:item-animation-code:J2:WQSJ2;0x5112:helmet:item-animation-code:J3:WQSJ3;0x5112:helmet:item-animation-code:J4:WQSJ4;0x5112:helmet:item-animation-code:J5:WQSJ5;0x5112:helmet:item-animation-code:J6:WQSJ6;0x5112:helmet:item-animation-code:J7:WQSJ7;0x5112:helmet:item-animation-code:J8:WQSJ8;0x5112:helmet:item-animation-code:J9:WQSJ9;0x5112:helmet:item-animation-code:JA:WQSJA;0x5112:helmet:item-animation-code:JB:WQSJB;0x5112:helmet:item-animation-code:JC:WQSJC;0x5112:helmet:item-animation-code:YW:WQSYW;0x5112:helmet:item-animation-code:ZW:WQSZW;0x5112:shield:item-animation-code:C0:WQSC0;0x5112:shield:item-animation-code:C1:WQSC1;0x5112:shield:item-animation-code:C2:WQSC2;0x5112:shield:item-animation-code:C3:WQSC3;0x5112:shield:item-animation-code:C4:WQSC4;0x5112:shield:item-animation-code:C5:WQSC5;0x5112:shield:item-animation-code:C6:WQSC6;0x5112:shield:item-animation-code:C7:WQSC7;0x5112:shield:item-animation-code:D1:WQSD1;0x5112:shield:item-animation-code:D2:WQSD2;0x5112:shield:item-animation-code:D3:WQSD3;0x5112:shield:item-animation-code:D4:WQSD4;0x5112:weapon:item-animation-code:AX:WQSAX;0x5112:weapon:item-animation-code:BS:WQSBS;0x5112:weapon:item-animation-code:BW:WQSBW;0x5112:weapon:item-animation-code:CB:WQSCB;0x5112:weapon:item-animation-code:CL:WQSCL;0x5112:weapon:item-animation-code:DD:WQSDD;0x5112:weapon:item-animation-code:F0:WQSF0;0x5112:weapon:item-animation-code:F1:WQSF1;0x5112:weapon:item-animation-code:F2:WQSF2;0x5112:weapon:item-animation-code:F3:WQSF3;0x5112:weapon:item-animation-code:FL:WQSFL;0x5112:weapon:item-animation-code:FS:WQSFS;0x5112:weapon:item-animation-code:GS:WQSGS;0x5112:weapon:item-animation-code:H6:WQSH6;0x5112:weapon:item-animation-code:HB:WQSHB;0x5112:weapon:item-animation-code:M2:WQSM2;0x5112:weapon:item-animation-code:MC:WQSMC;0x5112:weapon:item-animation-code:MS:WQSMS;0x5112:weapon:item-animation-code:Q2:WQSQ2;0x5112:weapon:item-animation-code:Q3:WQSQ3;0x5112:weapon:item-animation-code:Q4:WQSQ4;0x5112:weapon:item-animation-code:QS:WQSQS;0x5112:weapon:item-animation-code:S0:WQSS0;0x5112:weapon:item-animation-code:S1:WQSS1;0x5112:weapon:item-animation-code:S2:WQSS2;0x5112:weapon:item-animation-code:S3:WQSS3;0x5112:weapon:item-animation-code:SC:WQSSC;0x5112:weapon:item-animation-code:SL:WQSSL;0x5112:weapon:item-animation-code:SP:WQSSP;0x5112:weapon:item-animation-code:SS:WQSSS;0x5112:weapon:item-animation-code:WH:WQSWH,CDFB1A1;CDFB1A2;CDFB1A3;CDFB1A4;CDFB1A5;CDFB1A6;CDFB1A7;CDFB1A8;CDFB1A9;CDFB1CA;CDFB1G1;CDFB1G11;CDFB1G12;CDFB1G13;CDFB1G14;CDFB1G15;CDFB1G16;CDFB1G17;CDFB1G18;CDFB1G19;CDFB1SA;CDFB1SS;CDFB1SX;CDFB2A1;CDFB2A2;CDFB2A3;CDFB2A4;CDFB2A5;CDFB2A6;CDFB2A7;CDFB2A8;CDFB2A9;CDFB2CA;CDFB2G1;CDFB2G11;CDFB2G12;CDFB2G13;CDFB2G14;CDFB2G15;CDFB2G16;CDFB2G17;CDFB2G18;CDFB2G19;CDFB2SA;CDFB2SS;CDFB2SX;CDFB3A1;CDFB3A2;CDFB3A3;CDFB3A4;CDFB3A5;CDFB3A6;CDFB3A7;CDFB3A8;CDFB3A9;CDFB3CA;CDFB3G1;CDFB3G11;CDFB3G12;CDFB3G13;CDFB3G14;CDFB3G15;CDFB3G16;CDFB3G17;CDFB3G18;CDFB3G19;CDFB3SA;CDFB3SS;CDFB3SX;CDFF4A1;CDFF4A2;CDFF4A3;CDFF4A4;CDFF4A5;CDFF4A6;CDFF4A7;CDFF4A8;CDFF4A9;CDFF4CA;CDFF4G1;CDFF4G11;CDFF4G12;CDFF4G13;CDFF4G14;CDFF4G15;CDFF4G16;CDFF4G17;CDFF4G18;CDFF4G19;CDFF4SA;CDFF4SS;CDFF4SX;WQSAXA1;WQSAXA3;WQSAXA5;WQSAXA7;WQSAXA8;WQSAXA9;WQSAXG1;WQSAXOA7;WQSAXOA8;WQSAXOA9;WQSAXOG1;WQSBSG1;WQSBSSA;WQSBWG1;WQSBWSA;WQSC0A1;WQSC0A3;WQSC0A5;WQSC0G1;WQSC0SS;WQSC1A1;WQSC1A3;WQSC1A5;WQSC1G1;WQSC1SS;WQSC2A1;WQSC2A3;WQSC2A5;WQSC2G1;WQSC2SS;WQSC3A1;WQSC3A3;WQSC3A5;WQSC3G1;WQSC3SS;WQSC4A1;WQSC4A3;WQSC4A5;WQSC4G1;WQSC4SS;WQSC5A1;WQSC5A3;WQSC5A5;WQSC5G1;WQSC5SS;WQSC6A1;WQSC6A3;WQSC6A5;WQSC6G1;WQSC6SS;WQSC7A1;WQSC7A3;WQSC7A5;WQSC7G1;WQSC7SS;WQSCBG1;WQSCBSX;WQSCLA1;WQSCLA3;WQSCLA5;WQSCLA7;WQSCLA8;WQSCLA9;WQSCLG1;WQSCLOA7;WQSCLOA8;WQSCLOA9;WQSCLOG1;WQSD1A1;WQSD1A3;WQSD1A5;WQSD1G1;WQSD1SS;WQSD2A1;WQSD2A3;WQSD2A5;WQSD2G1;WQSD2SS;WQSD3A1;WQSD3A3;WQSD3A5;WQSD3G1;WQSD3SS;WQSD4A1;WQSD4A3;WQSD4A5;WQSD4G1;WQSD4SS;WQSDDA1;WQSDDA3;WQSDDA5;WQSDDA7;WQSDDA8;WQSDDA9;WQSDDG1;WQSDDOA7;WQSDDOA8;WQSDDOA9;WQSDDOG1;WQSF0A1;WQSF0A3;WQSF0A5;WQSF0A7;WQSF0A8;WQSF0A9;WQSF0G1;WQSF0OA7;WQSF0OA8;WQSF0OA9;WQSF0OG1;WQSF1A1;WQSF1A3;WQSF1A5;WQSF1A7;WQSF1A8;WQSF1A9;WQSF1G1;WQSF1OA7;WQSF1OA8;WQSF1OA9;WQSF1OG1;WQSF2A1;WQSF2A3;WQSF2A5;WQSF2A7;WQSF2A8;WQSF2A9;WQSF2G1;WQSF2OA7;WQSF2OA8;WQSF2OA9;WQSF2OG1;WQSF3A1;WQSF3A3;WQSF3A5;WQSF3A7;WQSF3A8;WQSF3A9;WQSF3G1;WQSF3OA7;WQSF3OA8;WQSF3OA9;WQSF3OG1;WQSFLA1;WQSFLA3;WQSFLA5;WQSFLA7;WQSFLA8;WQSFLA9;WQSFLG1;WQSFLOA7;WQSFLOA8;WQSFLOA9;WQSFLOG1;WQSFSA1;WQSFSA3;WQSFSA5;WQSFSA7;WQSFSA8;WQSFSA9;WQSFSG1;WQSFSOA7;WQSFSOA8;WQSFSOA9;WQSFSOG1;WQSGSA2;WQSGSA4;WQSGSA6;WQSGSG1;WQSH0A1;WQSH0A2;WQSH0A3;WQSH0A4;WQSH0A5;WQSH0A6;WQSH0A7;WQSH0A8;WQSH0A9;WQSH0CA;WQSH0G1;WQSH0SA;WQSH0SS;WQSH0SX;WQSH1A1;WQSH1A2;WQSH1A3;WQSH1A4;WQSH1A5;WQSH1A6;WQSH1A7;WQSH1A8;WQSH1A9;WQSH1CA;WQSH1G1;WQSH1SA;WQSH1SS;WQSH1SX;WQSH2A1;WQSH2A2;WQSH2A3;WQSH2A4;WQSH2A5;WQSH2A6;WQSH2A7;WQSH2A8;WQSH2A9;WQSH2CA;WQSH2G1;WQSH2SA;WQSH2SS;WQSH2SX;WQSH5A1;WQSH5A2;WQSH5A3;WQSH5A4;WQSH5A5;WQSH5A6;WQSH5A7;WQSH5A8;WQSH5A9;WQSH5CA;WQSH5G1;WQSH5SA;WQSH5SS;WQSH5SX;WQSH6A1;WQSH6A2;WQSH6A3;WQSH6A4;WQSH6A5;WQSH6A6;WQSH6A7;WQSH6A8;WQSH6A9;WQSH6CA;WQSH6G1;WQSH6SA;WQSH6SS;WQSH6SX;WQSHBA2;WQSHBA4;WQSHBA6;WQSHBG1;WQSJ0A1;WQSJ0A2;WQSJ0A3;WQSJ0A4;WQSJ0A5;WQSJ0A6;WQSJ0A7;WQSJ0A8;WQSJ0A9;WQSJ0CA;WQSJ0G1;WQSJ0SA;WQSJ0SS;WQSJ0SX;WQSJ1A1;WQSJ1A2;WQSJ1A3;WQSJ1A4;WQSJ1A5;WQSJ1A6;WQSJ1A7;WQSJ1A8;WQSJ1A9;WQSJ1CA;WQSJ1G1;WQSJ1SA;WQSJ1SS;WQSJ1SX;WQSJ2A1;WQSJ2A2;WQSJ2A3;WQSJ2A4;WQSJ2A5;WQSJ2A6;WQSJ2A7;WQSJ2A8;WQSJ2A9;WQSJ2CA;WQSJ2G1;WQSJ2SA;WQSJ2SS;WQSJ2SX;WQSJ3A1;WQSJ3A2;WQSJ3A3;WQSJ3A4;WQSJ3A5;WQSJ3A6;WQSJ3A7;WQSJ3A8;WQSJ3A9;WQSJ3CA;WQSJ3G1;WQSJ3SA;WQSJ3SS;WQSJ3SX;WQSJ4A1;WQSJ4A2;WQSJ4A3;WQSJ4A4;WQSJ4A5;WQSJ4A6;WQSJ4A7;WQSJ4A8;WQSJ4A9;WQSJ4CA;WQSJ4G1;WQSJ4SA;WQSJ4SS;WQSJ4SX;WQSJ5A1;WQSJ5A2;WQSJ5A3;WQSJ5A4;WQSJ5A5;WQSJ5A6;WQSJ5A7;WQSJ5A8;WQSJ5A9;WQSJ5CA;WQSJ5G1;WQSJ5SA;WQSJ5SS;WQSJ5SX;WQSJ6A1;WQSJ6A2;WQSJ6A3;WQSJ6A4;WQSJ6A5;WQSJ6A6;WQSJ6A7;WQSJ6A8;WQSJ6A9;WQSJ6CA;WQSJ6G1;WQSJ6SA;WQSJ6SS;WQSJ6SX;WQSJ7A1;WQSJ7A2;WQSJ7A3;WQSJ7A4;WQSJ7A5;WQSJ7A6;WQSJ7A7;WQSJ7A8;WQSJ7A9;WQSJ7CA;WQSJ7G1;WQSJ7SA;WQSJ7SS;WQSJ7SX;WQSJ8A1;WQSJ8A2;WQSJ8A3;WQSJ8A4;WQSJ8A5;WQSJ8A6;WQSJ8A7;WQSJ8A8;WQSJ8A9;WQSJ8CA;WQSJ8G1;WQSJ8SA;WQSJ8SS;WQSJ8SX;WQSJ9A1;WQSJ9A2;WQSJ9A3;WQSJ9A4;WQSJ9A5;WQSJ9A6;WQSJ9A7;WQSJ9A8;WQSJ9A9;WQSJ9CA;WQSJ9G1;WQSJ9SA;WQSJ9SS;WQSJ9SX;WQSJAA1;WQSJAA2;WQSJAA3;WQSJAA4;WQSJAA5;WQSJAA6;WQSJAA7;WQSJAA8;WQSJAA9;WQSJACA;WQSJAG1;WQSJASA;WQSJASS;WQSJASX;WQSJBA1;WQSJBA2;WQSJBA3;WQSJBA4;WQSJBA5;WQSJBA6;WQSJBA7;WQSJBA8;WQSJBA9;WQSJBCA;WQSJBG1;WQSJBSA;WQSJBSS;WQSJBSX;WQSJCA1;WQSJCA2;WQSJCA3;WQSJCA4;WQSJCA5;WQSJCA6;WQSJCA7;WQSJCA8;WQSJCA9;WQSJCCA;WQSJCG1;WQSJCSA;WQSJCSS;WQSJCSX;WQSM2A1;WQSM2A3;WQSM2A5;WQSM2A7;WQSM2A8;WQSM2A9;WQSM2G1;WQSM2OA7;WQSM2OA8;WQSM2OA9;WQSM2OG1;WQSMCA1;WQSMCA3;WQSMCA5;WQSMCA7;WQSMCA8;WQSMCA9;WQSMCG1;WQSMCOA7;WQSMCOA8;WQSMCOA9;WQSMCOG1;WQSMSA1;WQSMSA3;WQSMSA5;WQSMSA7;WQSMSA8;WQSMSA9;WQSMSG1;WQSMSOA7;WQSMSOA8;WQSMSOA9;WQSMSOG1;WQSQ2A2;WQSQ2A4;WQSQ2A6;WQSQ2G1;WQSQ3A2;WQSQ3A4;WQSQ3A6;WQSQ3G1;WQSQ4A2;WQSQ4A4;WQSQ4A6;WQSQ4G1;WQSQSA2;WQSQSA4;WQSQSA6;WQSQSG1;WQSS0A1;WQSS0A3;WQSS0A5;WQSS0A7;WQSS0A8;WQSS0A9;WQSS0G1;WQSS0OA7;WQSS0OA8;WQSS0OA9;WQSS0OG1;WQSS1A1;WQSS1A3;WQSS1A5;WQSS1A7;WQSS1A8;WQSS1A9;WQSS1G1;WQSS1OA7;WQSS1OA8;WQSS1OA9;WQSS1OG1;WQSS2A2;WQSS2A4;WQSS2A6;WQSS2G1;WQSS3A1;WQSS3A3;WQSS3A5;WQSS3A7;WQSS3A8;WQSS3A9;WQSS3G1;WQSS3OA7;WQSS3OA8;WQSS3OA9;WQSS3OG1;WQSSCA1;WQSSCA3;WQSSCA5;WQSSCA7;WQSSCA8;WQSSCA9;WQSSCG1;WQSSCOA7;WQSSCOA8;WQSSCOA9;WQSSCOG1;WQSSLG1;WQSSLSS;WQSSPA2;WQSSPA4;WQSSPA6;WQSSPG1;WQSSSA1;WQSSSA3;WQSSSA5;WQSSSA7;WQSSSA8;WQSSSA9;WQSSSG1;WQSSSOA7;WQSSSOA8;WQSSSOA9;WQSSSOG1;WQSWHA1;WQSWHA3;WQSWHA5;WQSWHA7;WQSWHA8;WQSWHA9;WQSWHG1;WQSWHOA7;WQSWHOA8;WQSWHOA9;WQSWHOG1;WQSZWA1;WQSZWA2;WQSZWA3;WQSZWA4;WQSZWA5;WQSZWA6;WQSZWA7;WQSZWA8;WQSZWA9;WQSZWCA;WQSZWG1;WQSZWSA;WQSZWSS;WQSZWSX,q3m-reference-available,docs/measurements/playable-q3m-x2-ingame-20261002-v1/current-generation.json,no-colour-variant-reference,94502,94429,,sprite/index/palette-work-plan.json,94502
0x5113,FIGHTER_FEMALE_HALFLING_LOW,character,5000,1,1,CIFB,66,65,656,178357,0x5113:body:armor-code:1:CIFB1;0x5113:body:armor-code:2:CIFB2;0x5113:body:armor-code:3:CIFB3;0x5113:body:armor-code:4:CIFF4;0x5113:helmet:item-animation-code:H0:WQSH0;0x5113:helmet:item-animation-code:H1:WQSH1;0x5113:helmet:item-animation-code:H2:WQSH2;0x5113:helmet:item-animation-code:H5:WQSH5;0x5113:helmet:item-animation-code:J0:WQSJ0;0x5113:helmet:item-animation-code:J1:WQSJ1;0x5113:helmet:item-animation-code:J2:WQSJ2;0x5113:helmet:item-animation-code:J3:WQSJ3;0x5113:helmet:item-animation-code:J4:WQSJ4;0x5113:helmet:item-animation-code:J5:WQSJ5;0x5113:helmet:item-animation-code:J6:WQSJ6;0x5113:helmet:item-animation-code:J7:WQSJ7;0x5113:helmet:item-animation-code:J8:WQSJ8;0x5113:helmet:item-animation-code:J9:WQSJ9;0x5113:helmet:item-animation-code:JA:WQSJA;0x5113:helmet:item-animation-code:JB:WQSJB;0x5113:helmet:item-animation-code:JC:WQSJC;0x5113:helmet:item-animation-code:YW:WQSYW;0x5113:helmet:item-animation-code:ZW:WQSZW;0x5113:shield:item-animation-code:C0:WQSC0;0x5113:shield:item-animation-code:C1:WQSC1;0x5113:shield:item-animation-code:C2:WQSC2;0x5113:shield:item-animation-code:C3:WQSC3;0x5113:shield:item-animation-code:C4:WQSC4;0x5113:shield:item-animation-code:C5:WQSC5;0x5113:shield:item-animation-code:C6:WQSC6;0x5113:shield:item-animation-code:C7:WQSC7;0x5113:shield:item-animation-code:D1:WQSD1;0x5113:shield:item-animation-code:D2:WQSD2;0x5113:shield:item-animation-code:D3:WQSD3;0x5113:shield:item-animation-code:D4:WQSD4;0x5113:weapon:item-animation-code:AX:WQSAX;0x5113:weapon:item-animation-code:BS:WQSBS;0x5113:weapon:item-animation-code:BW:WQSBW;0x5113:weapon:item-animation-code:CB:WQSCB;0x5113:weapon:item-animation-code:CL:WQSCL;0x5113:weapon:item-animation-code:DD:WQSDD;0x5113:weapon:item-animation-code:F0:WQSF0;0x5113:weapon:item-animation-code:F1:WQSF1;0x5113:weapon:item-animation-code:F2:WQSF2;0x5113:weapon:item-animation-code:F3:WQSF3;0x5113:weapon:item-animation-code:FL:WQSFL;0x5113:weapon:item-animation-code:FS:WQSFS;0x5113:weapon:item-animation-code:GS:WQSGS;0x5113:weapon:item-animation-code:H6:WQSH6;0x5113:weapon:item-animation-code:HB:WQSHB;0x5113:weapon:item-animation-code:M2:WQSM2;0x5113:weapon:item-animation-code:MC:WQSMC;0x5113:weapon:item-animation-code:MS:WQSMS;0x5113:weapon:item-animation-code:Q2:WQSQ2;0x5113:weapon:item-animation-code:Q3:WQSQ3;0x5113:weapon:item-animation-code:Q4:WQSQ4;0x5113:weapon:item-animation-code:QS:WQSQS;0x5113:weapon:item-animation-code:S0:WQSS0;0x5113:weapon:item-animation-code:S1:WQSS1;0x5113:weapon:item-animation-code:S2:WQSS2;0x5113:weapon:item-animation-code:S3:WQSS3;0x5113:weapon:item-animation-code:SC:WQSSC;0x5113:weapon:item-animation-code:SL:WQSSL;0x5113:weapon:item-animation-code:SP:WQSSP;0x5113:weapon:item-animation-code:SS:WQSSS;0x5113:weapon:item-animation-code:WH:WQSWH,CIFB1A1;CIFB1A2;CIFB1A3;CIFB1A4;CIFB1A5;CIFB1A6;CIFB1A7;CIFB1A8;CIFB1A9;CIFB1CA;CIFB1G1;CIFB1G11;CIFB1G12;CIFB1G13;CIFB1G14;CIFB1G15;CIFB1G16;CIFB1G17;CIFB1G18;CIFB1G19;CIFB1SA;CIFB1SS;CIFB1SX;CIFB2A1;CIFB2A2;CIFB2A3;CIFB2A4;CIFB2A5;CIFB2A6;CIFB2A7;CIFB2A8;CIFB2A9;CIFB2CA;CIFB2G1;CIFB2G11;CIFB2G12;CIFB2G13;CIFB2G14;CIFB2G15;CIFB2G16;CIFB2G17;CIFB2G18;CIFB2G19;CIFB2SA;CIFB2SS;CIFB2SX;CIFB3A1;CIFB3A2;CIFB3A3;CIFB3A4;CIFB3A5;CIFB3A6;CIFB3A7;CIFB3A8;CIFB3A9;CIFB3CA;CIFB3G1;CIFB3G11;CIFB3G12;CIFB3G13;CIFB3G14;CIFB3G15;CIFB3G16;CIFB3G17;CIFB3G18;CIFB3G19;CIFB3SA;CIFB3SS;CIFB3SX;CIFF4A1;CIFF4A2;CIFF4A3;CIFF4A4;CIFF4A5;CIFF4A6;CIFF4A7;CIFF4A8;CIFF4A9;CIFF4CA;CIFF4G1;CIFF4G11;CIFF4G12;CIFF4G13;CIFF4G14;CIFF4G15;CIFF4G16;CIFF4G17;CIFF4G18;CIFF4G19;CIFF4SA;CIFF4SS;CIFF4SX;WQSAXA1;WQSAXA3;WQSAXA5;WQSAXA7;WQSAXA8;WQSAXA9;WQSAXG1;WQSAXOA7;WQSAXOA8;WQSAXOA9;WQSAXOG1;WQSBSG1;WQSBSSA;WQSBWG1;WQSBWSA;WQSC0A1;WQSC0A3;WQSC0A5;WQSC0G1;WQSC0SS;WQSC1A1;WQSC1A3;WQSC1A5;WQSC1G1;WQSC1SS;WQSC2A1;WQSC2A3;WQSC2A5;WQSC2G1;WQSC2SS;WQSC3A1;WQSC3A3;WQSC3A5;WQSC3G1;WQSC3SS;WQSC4A1;WQSC4A3;WQSC4A5;WQSC4G1;WQSC4SS;WQSC5A1;WQSC5A3;WQSC5A5;WQSC5G1;WQSC5SS;WQSC6A1;WQSC6A3;WQSC6A5;WQSC6G1;WQSC6SS;WQSC7A1;WQSC7A3;WQSC7A5;WQSC7G1;WQSC7SS;WQSCBG1;WQSCBSX;WQSCLA1;WQSCLA3;WQSCLA5;WQSCLA7;WQSCLA8;WQSCLA9;WQSCLG1;WQSCLOA7;WQSCLOA8;WQSCLOA9;WQSCLOG1;WQSD1A1;WQSD1A3;WQSD1A5;WQSD1G1;WQSD1SS;WQSD2A1;WQSD2A3;WQSD2A5;WQSD2G1;WQSD2SS;WQSD3A1;WQSD3A3;WQSD3A5;WQSD3G1;WQSD3SS;WQSD4A1;WQSD4A3;WQSD4A5;WQSD4G1;WQSD4SS;WQSDDA1;WQSDDA3;WQSDDA5;WQSDDA7;WQSDDA8;WQSDDA9;WQSDDG1;WQSDDOA7;WQSDDOA8;WQSDDOA9;WQSDDOG1;WQSF0A1;WQSF0A3;WQSF0A5;WQSF0A7;WQSF0A8;WQSF0A9;WQSF0G1;WQSF0OA7;WQSF0OA8;WQSF0OA9;WQSF0OG1;WQSF1A1;WQSF1A3;WQSF1A5;WQSF1A7;WQSF1A8;WQSF1A9;WQSF1G1;WQSF1OA7;WQSF1OA8;WQSF1OA9;WQSF1OG1;WQSF2A1;WQSF2A3;WQSF2A5;WQSF2A7;WQSF2A8;WQSF2A9;WQSF2G1;WQSF2OA7;WQSF2OA8;WQSF2OA9;WQSF2OG1;WQSF3A1;WQSF3A3;WQSF3A5;WQSF3A7;WQSF3A8;WQSF3A9;WQSF3G1;WQSF3OA7;WQSF3OA8;WQSF3OA9;WQSF3OG1;WQSFLA1;WQSFLA3;WQSFLA5;WQSFLA7;WQSFLA8;WQSFLA9;WQSFLG1;WQSFLOA7;WQSFLOA8;WQSFLOA9;WQSFLOG1;WQSFSA1;WQSFSA3;WQSFSA5;WQSFSA7;WQSFSA8;WQSFSA9;WQSFSG1;WQSFSOA7;WQSFSOA8;WQSFSOA9;WQSFSOG1;WQSGSA2;WQSGSA4;WQSGSA6;WQSGSG1;WQSH0A1;WQSH0A2;WQSH0A3;WQSH0A4;WQSH0A5;WQSH0A6;WQSH0A7;WQSH0A8;WQSH0A9;WQSH0CA;WQSH0G1;WQSH0SA;WQSH0SS;WQSH0SX;WQSH1A1;WQSH1A2;WQSH1A3;WQSH1A4;WQSH1A5;WQSH1A6;WQSH1A7;WQSH1A8;WQSH1A9;WQSH1CA;WQSH1G1;WQSH1SA;WQSH1SS;WQSH1SX;WQSH2A1;WQSH2A2;WQSH2A3;WQSH2A4;WQSH2A5;WQSH2A6;WQSH2A7;WQSH2A8;WQSH2A9;WQSH2CA;WQSH2G1;WQSH2SA;WQSH2SS;WQSH2SX;WQSH5A1;WQSH5A2;WQSH5A3;WQSH5A4;WQSH5A5;WQSH5A6;WQSH5A7;WQSH5A8;WQSH5A9;WQSH5CA;WQSH5G1;WQSH5SA;WQSH5SS;WQSH5SX;WQSH6A1;WQSH6A2;WQSH6A3;WQSH6A4;WQSH6A5;WQSH6A6;WQSH6A7;WQSH6A8;WQSH6A9;WQSH6CA;WQSH6G1;WQSH6SA;WQSH6SS;WQSH6SX;WQSHBA2;WQSHBA4;WQSHBA6;WQSHBG1;WQSJ0A1;WQSJ0A2;WQSJ0A3;WQSJ0A4;WQSJ0A5;WQSJ0A6;WQSJ0A7;WQSJ0A8;WQSJ0A9;WQSJ0CA;WQSJ0G1;WQSJ0SA;WQSJ0SS;WQSJ0SX;WQSJ1A1;WQSJ1A2;WQSJ1A3;WQSJ1A4;WQSJ1A5;WQSJ1A6;WQSJ1A7;WQSJ1A8;WQSJ1A9;WQSJ1CA;WQSJ1G1;WQSJ1SA;WQSJ1SS;WQSJ1SX;WQSJ2A1;WQSJ2A2;WQSJ2A3;WQSJ2A4;WQSJ2A5;WQSJ2A6;WQSJ2A7;WQSJ2A8;WQSJ2A9;WQSJ2CA;WQSJ2G1;WQSJ2SA;WQSJ2SS;WQSJ2SX;WQSJ3A1;WQSJ3A2;WQSJ3A3;WQSJ3A4;WQSJ3A5;WQSJ3A6;WQSJ3A7;WQSJ3A8;WQSJ3A9;WQSJ3CA;WQSJ3G1;WQSJ3SA;WQSJ3SS;WQSJ3SX;WQSJ4A1;WQSJ4A2;WQSJ4A3;WQSJ4A4;WQSJ4A5;WQSJ4A6;WQSJ4A7;WQSJ4A8;WQSJ4A9;WQSJ4CA;WQSJ4G1;WQSJ4SA;WQSJ4SS;WQSJ4SX;WQSJ5A1;WQSJ5A2;WQSJ5A3;WQSJ5A4;WQSJ5A5;WQSJ5A6;WQSJ5A7;WQSJ5A8;WQSJ5A9;WQSJ5CA;WQSJ5G1;WQSJ5SA;WQSJ5SS;WQSJ5SX;WQSJ6A1;WQSJ6A2;WQSJ6A3;WQSJ6A4;WQSJ6A5;WQSJ6A6;WQSJ6A7;WQSJ6A8;WQSJ6A9;WQSJ6CA;WQSJ6G1;WQSJ6SA;WQSJ6SS;WQSJ6SX;WQSJ7A1;WQSJ7A2;WQSJ7A3;WQSJ7A4;WQSJ7A5;WQSJ7A6;WQSJ7A7;WQSJ7A8;WQSJ7A9;WQSJ7CA;WQSJ7G1;WQSJ7SA;WQSJ7SS;WQSJ7SX;WQSJ8A1;WQSJ8A2;WQSJ8A3;WQSJ8A4;WQSJ8A5;WQSJ8A6;WQSJ8A7;WQSJ8A8;WQSJ8A9;WQSJ8CA;WQSJ8G1;WQSJ8SA;WQSJ8SS;WQSJ8SX;WQSJ9A1;WQSJ9A2;WQSJ9A3;WQSJ9A4;WQSJ9A5;WQSJ9A6;WQSJ9A7;WQSJ9A8;WQSJ9A9;WQSJ9CA;WQSJ9G1;WQSJ9SA;WQSJ9SS;WQSJ9SX;WQSJAA1;WQSJAA2;WQSJAA3;WQSJAA4;WQSJAA5;WQSJAA6;WQSJAA7;WQSJAA8;WQSJAA9;WQSJACA;WQSJAG1;WQSJASA;WQSJASS;WQSJASX;WQSJBA1;WQSJBA2;WQSJBA3;WQSJBA4;WQSJBA5;WQSJBA6;WQSJBA7;WQSJBA8;WQSJBA9;WQSJBCA;WQSJBG1;WQSJBSA;WQSJBSS;WQSJBSX;WQSJCA1;WQSJCA2;WQSJCA3;WQSJCA4;WQSJCA5;WQSJCA6;WQSJCA7;WQSJCA8;WQSJCA9;WQSJCCA;WQSJCG1;WQSJCSA;WQSJCSS;WQSJCSX;WQSM2A1;WQSM2A3;WQSM2A5;WQSM2A7;WQSM2A8;WQSM2A9;WQSM2G1;WQSM2OA7;WQSM2OA8;WQSM2OA9;WQSM2OG1;WQSMCA1;WQSMCA3;WQSMCA5;WQSMCA7;WQSMCA8;WQSMCA9;WQSMCG1;WQSMCOA7;WQSMCOA8;WQSMCOA9;WQSMCOG1;WQSMSA1;WQSMSA3;WQSMSA5;WQSMSA7;WQSMSA8;WQSMSA9;WQSMSG1;WQSMSOA7;WQSMSOA8;WQSMSOA9;WQSMSOG1;WQSQ2A2;WQSQ2A4;WQSQ2A6;WQSQ2G1;WQSQ3A2;WQSQ3A4;WQSQ3A6;WQSQ3G1;WQSQ4A2;WQSQ4A4;WQSQ4A6;WQSQ4G1;WQSQSA2;WQSQSA4;WQSQSA6;WQSQSG1;WQSS0A1;WQSS0A3;WQSS0A5;WQSS0A7;WQSS0A8;WQSS0A9;WQSS0G1;WQSS0OA7;WQSS0OA8;WQSS0OA9;WQSS0OG1;WQSS1A1;WQSS1A3;WQSS1A5;WQSS1A7;WQSS1A8;WQSS1A9;WQSS1G1;WQSS1OA7;WQSS1OA8;WQSS1OA9;WQSS1OG1;WQSS2A2;WQSS2A4;WQSS2A6;WQSS2G1;WQSS3A1;WQSS3A3;WQSS3A5;WQSS3A7;WQSS3A8;WQSS3A9;WQSS3G1;WQSS3OA7;WQSS3OA8;WQSS3OA9;WQSS3OG1;WQSSCA1;WQSSCA3;WQSSCA5;WQSSCA7;WQSSCA8;WQSSCA9;WQSSCG1;WQSSCOA7;WQSSCOA8;WQSSCOA9;WQSSCOG1;WQSSLG1;WQSSLSS;WQSSPA2;WQSSPA4;WQSSPA6;WQSSPG1;WQSSSA1;WQSSSA3;WQSSSA5;WQSSSA7;WQSSSA8;WQSSSA9;WQSSSG1;WQSSSOA7;WQSSSOA8;WQSSSOA9;WQSSSOG1;WQSWHA1;WQSWHA3;WQSWHA5;WQSWHA7;WQSWHA8;WQSWHA9;WQSWHG1;WQSWHOA7;WQSWHOA8;WQSWHOA9;WQSWHOG1;WQSZWA1;WQSZWA2;WQSZWA3;WQSZWA4;WQSZWA5;WQSZWA6;WQSZWA7;WQSZWA8;WQSZWA9;WQSZWCA;WQSZWG1;WQSZWSA;WQSZWSS;WQSZWSX,q3m-reference-available,docs/measurements/playable-q3m-x2-ingame-20261002-v1/current-generation.json,no-colour-variant-reference,94206,94133,,sprite/index/palette-work-plan.json,94206
0x5200,MAGE_MALE_HUMAN_LOW,character,5000,1,1,CHMW,66,65,656,180337,0x5200:body:armor-code:1:CHMW1;0x5200:body:armor-code:2:CHMW2;0x5200:body:armor-code:3:CHMW3;0x5200:body:armor-code:4:CHMW4;0x5200:helmet:item-animation-code:H0:WQLH0;0x5200:helmet:item-animation-code:H1:WQLH1;0x5200:helmet:item-animation-code:H2:WQLH2;0x5200:helmet:item-animation-code:H5:WQLH5;0x5200:helmet:item-animation-code:J0:WQLJ0;0x5200:helmet:item-animation-code:J1:WQLJ1;0x5200:helmet:item-animation-code:J2:WQLJ2;0x5200:helmet:item-animation-code:J3:WQLJ3;0x5200:helmet:item-animation-code:J4:WQLJ4;0x5200:helmet:item-animation-code:J5:WQLJ5;0x5200:helmet:item-animation-code:J6:WQLJ6;0x5200:helmet:item-animation-code:J7:WQLJ7;0x5200:helmet:item-animation-code:J8:WQLJ8;0x5200:helmet:item-animation-code:J9:WQLJ9;0x5200:helmet:item-animation-code:JA:WQLJA;0x5200:helmet:item-animation-code:JB:WQLJB;0x5200:helmet:item-animation-code:JC:WQLJC;0x5200:helmet:item-animation-code:YW:WQLYW;0x5200:helmet:item-animation-code:ZW:WQLZW;0x5200:shield:item-animation-code:C0:WQLC0;0x5200:shield:item-animation-code:C1:WQLC1;0x5200:shield:item-animation-code:C2:WQLC2;0x5200:shield:item-animation-code:C3:WQLC3;0x5200:shield:item-animation-code:C4:WQLC4;0x5200:shield:item-animation-code:C5:WQLC5;0x5200:shield:item-animation-code:C6:WQLC6;0x5200:shield:item-animation-code:C7:WQLC7;0x5200:shield:item-animation-code:D1:WQLD1;0x5200:shield:item-animation-code:D2:WQLD2;0x5200:shield:item-animation-code:D3:WQLD3;0x5200:shield:item-animation-code:D4:WQLD4;0x5200:weapon:item-animation-code:AX:WQLAX;0x5200:weapon:item-animation-code:BS:WQLBS;0x5200:weapon:item-animation-code:BW:WQLBW;0x5200:weapon:item-animation-code:CB:WQLCB;0x5200:weapon:item-animation-code:CL:WQLCL;0x5200:weapon:item-animation-code:DD:WQLDD;0x5200:weapon:item-animation-code:F0:WQLF0;0x5200:weapon:item-animation-code:F1:WQLF1;0x5200:weapon:item-animation-code:F2:WQLF2;0x5200:weapon:item-animation-code:F3:WQLF3;0x5200:weapon:item-animation-code:FL:WQLFL;0x5200:weapon:item-animation-code:FS:WQLFS;0x5200:weapon:item-animation-code:GS:WQLGS;0x5200:weapon:item-animation-code:H6:WQLH6;0x5200:weapon:item-animation-code:HB:WQLHB;0x5200:weapon:item-animation-code:M2:WQLM2;0x5200:weapon:item-animation-code:MC:WQLMC;0x5200:weapon:item-animation-code:MS:WQLMS;0x5200:weapon:item-animation-code:Q2:WQLQ2;0x5200:weapon:item-animation-code:Q3:WQLQ3;0x5200:weapon:item-animation-code:Q4:WQLQ4;0x5200:weapon:item-animation-code:QS:WQLQS;0x5200:weapon:item-animation-code:S0:WQLS0;0x5200:weapon:item-animation-code:S1:WQLS1;0x5200:weapon:item-animation-code:S2:WQLS2;0x5200:weapon:item-animation-code:S3:WQLS3;0x5200:weapon:item-animation-code:SC:WQLSC;0x5200:weapon:item-animation-code:SL:WQLSL;0x5200:weapon:item-animation-code:SP:WQLSP;0x5200:weapon:item-animation-code:SS:WQLSS;0x5200:weapon:item-animation-code:WH:WQLWH,CHMW1A1;CHMW1A2;CHMW1A3;CHMW1A4;CHMW1A5;CHMW1A6;CHMW1A7;CHMW1A8;CHMW1A9;CHMW1CA;CHMW1G1;CHMW1G11;CHMW1G12;CHMW1G13;CHMW1G14;CHMW1G15;CHMW1G16;CHMW1G17;CHMW1G18;CHMW1G19;CHMW1SA;CHMW1SS;CHMW1SX;CHMW2A1;CHMW2A2;CHMW2A3;CHMW2A4;CHMW2A5;CHMW2A6;CHMW2A7;CHMW2A8;CHMW2A9;CHMW2CA;CHMW2G1;CHMW2G11;CHMW2G12;CHMW2G13;CHMW2G14;CHMW2G15;CHMW2G16;CHMW2G17;CHMW2G18;CHMW2G19;CHMW2SA;CHMW2SS;CHMW2SX;CHMW3A1;CHMW3A2;CHMW3A3;CHMW3A4;CHMW3A5;CHMW3A6;CHMW3A7;CHMW3A8;CHMW3A9;CHMW3CA;CHMW3G1;CHMW3G11;CHMW3G12;CHMW3G13;CHMW3G14;CHMW3G15;CHMW3G16;CHMW3G17;CHMW3G18;CHMW3G19;CHMW3SA;CHMW3SS;CHMW3SX;CHMW4A1;CHMW4A2;CHMW4A3;CHMW4A4;CHMW4A5;CHMW4A6;CHMW4A7;CHMW4A8;CHMW4A9;CHMW4CA;CHMW4G1;CHMW4G11;CHMW4G12;CHMW4G13;CHMW4G14;CHMW4G15;CHMW4G16;CHMW4G17;CHMW4G18;CHMW4G19;CHMW4SA;CHMW4SS;CHMW4SX;WQLAXA1;WQLAXA3;WQLAXA5;WQLAXA7;WQLAXA8;WQLAXA9;WQLAXG1;WQLAXOA7;WQLAXOA8;WQLAXOA9;WQLAXOG1;WQLBSG1;WQLBSSA;WQLBWG1;WQLBWSA;WQLC0A1;WQLC0A3;WQLC0A5;WQLC0G1;WQLC0SS;WQLC1A1;WQLC1A3;WQLC1A5;WQLC1G1;WQLC1SS;WQLC2A1;WQLC2A3;WQLC2A5;WQLC2G1;WQLC2SS;WQLC3A1;WQLC3A3;WQLC3A5;WQLC3G1;WQLC3SS;WQLC4A1;WQLC4A3;WQLC4A5;WQLC4G1;WQLC4SS;WQLC5A1;WQLC5A3;WQLC5A5;WQLC5G1;WQLC5SS;WQLC6A1;WQLC6A3;WQLC6A5;WQLC6G1;WQLC6SS;WQLC7A1;WQLC7A3;WQLC7A5;WQLC7G1;WQLC7SS;WQLCBG1;WQLCBSX;WQLCLA1;WQLCLA3;WQLCLA5;WQLCLA7;WQLCLA8;WQLCLA9;WQLCLG1;WQLCLOA7;WQLCLOA8;WQLCLOA9;WQLCLOG1;WQLD1A1;WQLD1A3;WQLD1A5;WQLD1G1;WQLD1SS;WQLD2A1;WQLD2A3;WQLD2A5;WQLD2G1;WQLD2SS;WQLD3A1;WQLD3A3;WQLD3A5;WQLD3G1;WQLD3SS;WQLD4A1;WQLD4A3;WQLD4A5;WQLD4G1;WQLD4SS;WQLDDA1;WQLDDA3;WQLDDA5;WQLDDA7;WQLDDA8;WQLDDA9;WQLDDG1;WQLDDOA7;WQLDDOA8;WQLDDOA9;WQLDDOG1;WQLF0A1;WQLF0A3;WQLF0A5;WQLF0A7;WQLF0A8;WQLF0A9;WQLF0G1;WQLF0OA7;WQLF0OA8;WQLF0OA9;WQLF0OG1;WQLF1A1;WQLF1A3;WQLF1A5;WQLF1A7;WQLF1A8;WQLF1A9;WQLF1G1;WQLF1OA7;WQLF1OA8;WQLF1OA9;WQLF1OG1;WQLF2A1;WQLF2A3;WQLF2A5;WQLF2A7;WQLF2A8;WQLF2A9;WQLF2G1;WQLF2OA7;WQLF2OA8;WQLF2OA9;WQLF2OG1;WQLF3A1;WQLF3A3;WQLF3A5;WQLF3A7;WQLF3A8;WQLF3A9;WQLF3G1;WQLF3OA7;WQLF3OA8;WQLF3OA9;WQLF3OG1;WQLFLA1;WQLFLA3;WQLFLA5;WQLFLA7;WQLFLA8;WQLFLA9;WQLFLG1;WQLFLOA7;WQLFLOA8;WQLFLOA9;WQLFLOG1;WQLFSA1;WQLFSA3;WQLFSA5;WQLFSA7;WQLFSA8;WQLFSA9;WQLFSG1;WQLFSOA7;WQLFSOA8;WQLFSOA9;WQLFSOG1;WQLGSA2;WQLGSA4;WQLGSA6;WQLGSG1;WQLH0A1;WQLH0A2;WQLH0A3;WQLH0A4;WQLH0A5;WQLH0A6;WQLH0A7;WQLH0A8;WQLH0A9;WQLH0CA;WQLH0G1;WQLH0SA;WQLH0SS;WQLH0SX;WQLH1A1;WQLH1A2;WQLH1A3;WQLH1A4;WQLH1A5;WQLH1A6;WQLH1A7;WQLH1A8;WQLH1A9;WQLH1CA;WQLH1G1;WQLH1SA;WQLH1SS;WQLH1SX;WQLH2A1;WQLH2A2;WQLH2A3;WQLH2A4;WQLH2A5;WQLH2A6;WQLH2A7;WQLH2A8;WQLH2A9;WQLH2CA;WQLH2G1;WQLH2SA;WQLH2SS;WQLH2SX;WQLH5A1;WQLH5A2;WQLH5A3;WQLH5A4;WQLH5A5;WQLH5A6;WQLH5A7;WQLH5A8;WQLH5A9;WQLH5CA;WQLH5G1;WQLH5SA;WQLH5SS;WQLH5SX;WQLH6A1;WQLH6A2;WQLH6A3;WQLH6A4;WQLH6A5;WQLH6A6;WQLH6A7;WQLH6A8;WQLH6A9;WQLH6CA;WQLH6G1;WQLH6SA;WQLH6SS;WQLH6SX;WQLHBA2;WQLHBA4;WQLHBA6;WQLHBG1;WQLJ0A1;WQLJ0A2;WQLJ0A3;WQLJ0A4;WQLJ0A5;WQLJ0A6;WQLJ0A7;WQLJ0A8;WQLJ0A9;WQLJ0CA;WQLJ0G1;WQLJ0SA;WQLJ0SS;WQLJ0SX;WQLJ1A1;WQLJ1A2;WQLJ1A3;WQLJ1A4;WQLJ1A5;WQLJ1A6;WQLJ1A7;WQLJ1A8;WQLJ1A9;WQLJ1CA;WQLJ1G1;WQLJ1SA;WQLJ1SS;WQLJ1SX;WQLJ2A1;WQLJ2A2;WQLJ2A3;WQLJ2A4;WQLJ2A5;WQLJ2A6;WQLJ2A7;WQLJ2A8;WQLJ2A9;WQLJ2CA;WQLJ2G1;WQLJ2SA;WQLJ2SS;WQLJ2SX;WQLJ3A1;WQLJ3A2;WQLJ3A3;WQLJ3A4;WQLJ3A5;WQLJ3A6;WQLJ3A7;WQLJ3A8;WQLJ3A9;WQLJ3CA;WQLJ3G1;WQLJ3SA;WQLJ3SS;WQLJ3SX;WQLJ4A1;WQLJ4A2;WQLJ4A3;WQLJ4A4;WQLJ4A5;WQLJ4A6;WQLJ4A7;WQLJ4A8;WQLJ4A9;WQLJ4CA;WQLJ4G1;WQLJ4SA;WQLJ4SS;WQLJ4SX;WQLJ5A1;WQLJ5A2;WQLJ5A3;WQLJ5A4;WQLJ5A5;WQLJ5A6;WQLJ5A7;WQLJ5A8;WQLJ5A9;WQLJ5CA;WQLJ5G1;WQLJ5SA;WQLJ5SS;WQLJ5SX;WQLJ6A1;WQLJ6A2;WQLJ6A3;WQLJ6A4;WQLJ6A5;WQLJ6A6;WQLJ6A7;WQLJ6A8;WQLJ6A9;WQLJ6CA;WQLJ6G1;WQLJ6SA;WQLJ6SS;WQLJ6SX;WQLJ7A1;WQLJ7A2;WQLJ7A3;WQLJ7A4;WQLJ7A5;WQLJ7A6;WQLJ7A7;WQLJ7A8;WQLJ7A9;WQLJ7CA;WQLJ7G1;WQLJ7SA;WQLJ7SS;WQLJ7SX;WQLJ8A1;WQLJ8A2;WQLJ8A3;WQLJ8A4;WQLJ8A5;WQLJ8A6;WQLJ8A7;WQLJ8A8;WQLJ8A9;WQLJ8CA;WQLJ8G1;WQLJ8SA;WQLJ8SS;WQLJ8SX;WQLJ9A1;WQLJ9A2;WQLJ9A3;WQLJ9A4;WQLJ9A5;WQLJ9A6;WQLJ9A7;WQLJ9A8;WQLJ9A9;WQLJ9CA;WQLJ9G1;WQLJ9SA;WQLJ9SS;WQLJ9SX;WQLJAA1;WQLJAA2;WQLJAA3;WQLJAA4;WQLJAA5;WQLJAA6;WQLJAA7;WQLJAA8;WQLJAA9;WQLJACA;WQLJAG1;WQLJASA;WQLJASS;WQLJASX;WQLJBA1;WQLJBA2;WQLJBA3;WQLJBA4;WQLJBA5;WQLJBA6;WQLJBA7;WQLJBA8;WQLJBA9;WQLJBCA;WQLJBG1;WQLJBSA;WQLJBSS;WQLJBSX;WQLJCA1;WQLJCA2;WQLJCA3;WQLJCA4;WQLJCA5;WQLJCA6;WQLJCA7;WQLJCA8;WQLJCA9;WQLJCCA;WQLJCG1;WQLJCSA;WQLJCSS;WQLJCSX;WQLM2A1;WQLM2A3;WQLM2A5;WQLM2A7;WQLM2A8;WQLM2A9;WQLM2G1;WQLM2OA7;WQLM2OA8;WQLM2OA9;WQLM2OG1;WQLMCA1;WQLMCA3;WQLMCA5;WQLMCA7;WQLMCA8;WQLMCA9;WQLMCG1;WQLMCOA7;WQLMCOA8;WQLMCOA9;WQLMCOG1;WQLMSA1;WQLMSA3;WQLMSA5;WQLMSA7;WQLMSA8;WQLMSA9;WQLMSG1;WQLMSOA7;WQLMSOA8;WQLMSOA9;WQLMSOG1;WQLQ2A2;WQLQ2A4;WQLQ2A6;WQLQ2G1;WQLQ3A2;WQLQ3A4;WQLQ3A6;WQLQ3G1;WQLQ4A2;WQLQ4A4;WQLQ4A6;WQLQ4G1;WQLQSA2;WQLQSA4;WQLQSA6;WQLQSG1;WQLS0A1;WQLS0A3;WQLS0A5;WQLS0A7;WQLS0A8;WQLS0A9;WQLS0G1;WQLS0OA7;WQLS0OA8;WQLS0OA9;WQLS0OG1;WQLS1A1;WQLS1A3;WQLS1A5;WQLS1A7;WQLS1A8;WQLS1A9;WQLS1G1;WQLS1OA7;WQLS1OA8;WQLS1OA9;WQLS1OG1;WQLS2A2;WQLS2A4;WQLS2A6;WQLS2G1;WQLS3A1;WQLS3A3;WQLS3A5;WQLS3A7;WQLS3A8;WQLS3A9;WQLS3G1;WQLS3OA7;WQLS3OA8;WQLS3OA9;WQLS3OG1;WQLSCA1;WQLSCA3;WQLSCA5;WQLSCA7;WQLSCA8;WQLSCA9;WQLSCG1;WQLSCOA7;WQLSCOA8;WQLSCOA9;WQLSCOG1;WQLSLG1;WQLSLSS;WQLSPA2;WQLSPA4;WQLSPA6;WQLSPG1;WQLSSA1;WQLSSA3;WQLSSA5;WQLSSA7;WQLSSA8;WQLSSA9;WQLSSG1;WQLSSOA7;WQLSSOA8;WQLSSOA9;WQLSSOG1;WQLWHA1;WQLWHA3;WQLWHA5;WQLWHA7;WQLWHA8;WQLWHA9;WQLWHG1;WQLWHOA7;WQLWHOA8;WQLWHOA9;WQLWHOG1;WQLZWA1;WQLZWA2;WQLZWA3;WQLZWA4;WQLZWA5;WQLZWA6;WQLZWA7;WQLZWA8;WQLZWA9;WQLZWCA;WQLZWG1;WQLZWSA;WQLZWSS;WQLZWSX,q3m-reference-available,docs/measurements/playable-q3m-x2-ingame-20261002-v1/current-generation.json,no-colour-variant-reference,94772,94703,,sprite/index/palette-work-plan.json,94772
0x5201,MAGE_MALE_ELF_LOW,character,5000,1,1,CEMW,66,65,656,180494,0x5201:body:armor-code:1:CEMW1;0x5201:body:armor-code:2:CEMW2;0x5201:body:armor-code:3:CEMW3;0x5201:body:armor-code:4:CEMW4;0x5201:helmet:item-animation-code:H0:WQMH0;0x5201:helmet:item-animation-code:H1:WQMH1;0x5201:helmet:item-animation-code:H2:WQMH2;0x5201:helmet:item-animation-code:H5:WQMH5;0x5201:helmet:item-animation-code:J0:WQMJ0;0x5201:helmet:item-animation-code:J1:WQMJ1;0x5201:helmet:item-animation-code:J2:WQMJ2;0x5201:helmet:item-animation-code:J3:WQMJ3;0x5201:helmet:item-animation-code:J4:WQMJ4;0x5201:helmet:item-animation-code:J5:WQMJ5;0x5201:helmet:item-animation-code:J6:WQMJ6;0x5201:helmet:item-animation-code:J7:WQMJ7;0x5201:helmet:item-animation-code:J8:WQMJ8;0x5201:helmet:item-animation-code:J9:WQMJ9;0x5201:helmet:item-animation-code:JA:WQMJA;0x5201:helmet:item-animation-code:JB:WQMJB;0x5201:helmet:item-animation-code:JC:WQMJC;0x5201:helmet:item-animation-code:YW:WQMYW;0x5201:helmet:item-animation-code:ZW:WQMZW;0x5201:shield:item-animation-code:C0:WQMC0;0x5201:shield:item-animation-code:C1:WQMC1;0x5201:shield:item-animation-code:C2:WQMC2;0x5201:shield:item-animation-code:C3:WQMC3;0x5201:shield:item-animation-code:C4:WQMC4;0x5201:shield:item-animation-code:C5:WQMC5;0x5201:shield:item-animation-code:C6:WQMC6;0x5201:shield:item-animation-code:C7:WQMC7;0x5201:shield:item-animation-code:D1:WQMD1;0x5201:shield:item-animation-code:D2:WQMD2;0x5201:shield:item-animation-code:D3:WQMD3;0x5201:shield:item-animation-code:D4:WQMD4;0x5201:weapon:item-animation-code:AX:WQMAX;0x5201:weapon:item-animation-code:BS:WQMBS;0x5201:weapon:item-animation-code:BW:WQMBW;0x5201:weapon:item-animation-code:CB:WQMCB;0x5201:weapon:item-animation-code:CL:WQMCL;0x5201:weapon:item-animation-code:DD:WQMDD;0x5201:weapon:item-animation-code:F0:WQMF0;0x5201:weapon:item-animation-code:F1:WQMF1;0x5201:weapon:item-animation-code:F2:WQMF2;0x5201:weapon:item-animation-code:F3:WQMF3;0x5201:weapon:item-animation-code:FL:WQMFL;0x5201:weapon:item-animation-code:FS:WQMFS;0x5201:weapon:item-animation-code:GS:WQMGS;0x5201:weapon:item-animation-code:H6:WQMH6;0x5201:weapon:item-animation-code:HB:WQMHB;0x5201:weapon:item-animation-code:M2:WQMM2;0x5201:weapon:item-animation-code:MC:WQMMC;0x5201:weapon:item-animation-code:MS:WQMMS;0x5201:weapon:item-animation-code:Q2:WQMQ2;0x5201:weapon:item-animation-code:Q3:WQMQ3;0x5201:weapon:item-animation-code:Q4:WQMQ4;0x5201:weapon:item-animation-code:QS:WQMQS;0x5201:weapon:item-animation-code:S0:WQMS0;0x5201:weapon:item-animation-code:S1:WQMS1;0x5201:weapon:item-animation-code:S2:WQMS2;0x5201:weapon:item-animation-code:S3:WQMS3;0x5201:weapon:item-animation-code:SC:WQMSC;0x5201:weapon:item-animation-code:SL:WQMSL;0x5201:weapon:item-animation-code:SP:WQMSP;0x5201:weapon:item-animation-code:SS:WQMSS;0x5201:weapon:item-animation-code:WH:WQMWH,CEMW1A1;CEMW1A2;CEMW1A3;CEMW1A4;CEMW1A5;CEMW1A6;CEMW1A7;CEMW1A8;CEMW1A9;CEMW1CA;CEMW1G1;CEMW1G11;CEMW1G12;CEMW1G13;CEMW1G14;CEMW1G15;CEMW1G16;CEMW1G17;CEMW1G18;CEMW1G19;CEMW1SA;CEMW1SS;CEMW1SX;CEMW2A1;CEMW2A2;CEMW2A3;CEMW2A4;CEMW2A5;CEMW2A6;CEMW2A7;CEMW2A8;CEMW2A9;CEMW2CA;CEMW2G1;CEMW2G11;CEMW2G12;CEMW2G13;CEMW2G14;CEMW2G15;CEMW2G16;CEMW2G17;CEMW2G18;CEMW2G19;CEMW2SA;CEMW2SS;CEMW2SX;CEMW3A1;CEMW3A2;CEMW3A3;CEMW3A4;CEMW3A5;CEMW3A6;CEMW3A7;CEMW3A8;CEMW3A9;CEMW3CA;CEMW3G1;CEMW3G11;CEMW3G12;CEMW3G13;CEMW3G14;CEMW3G15;CEMW3G16;CEMW3G17;CEMW3G18;CEMW3G19;CEMW3SA;CEMW3SS;CEMW3SX;CEMW4A1;CEMW4A2;CEMW4A3;CEMW4A4;CEMW4A5;CEMW4A6;CEMW4A7;CEMW4A8;CEMW4A9;CEMW4CA;CEMW4G1;CEMW4G11;CEMW4G12;CEMW4G13;CEMW4G14;CEMW4G15;CEMW4G16;CEMW4G17;CEMW4G18;CEMW4G19;CEMW4SA;CEMW4SS;CEMW4SX;WQMAXA1;WQMAXA3;WQMAXA5;WQMAXA7;WQMAXA8;WQMAXA9;WQMAXG1;WQMAXOA7;WQMAXOA8;WQMAXOA9;WQMAXOG1;WQMBSG1;WQMBSSA;WQMBWG1;WQMBWSA;WQMC0A1;WQMC0A3;WQMC0A5;WQMC0G1;WQMC0SS;WQMC1A1;WQMC1A3;WQMC1A5;WQMC1G1;WQMC1SS;WQMC2A1;WQMC2A3;WQMC2A5;WQMC2G1;WQMC2SS;WQMC3A1;WQMC3A3;WQMC3A5;WQMC3G1;WQMC3SS;WQMC4A1;WQMC4A3;WQMC4A5;WQMC4G1;WQMC4SS;WQMC5A1;WQMC5A3;WQMC5A5;WQMC5G1;WQMC5SS;WQMC6A1;WQMC6A3;WQMC6A5;WQMC6G1;WQMC6SS;WQMC7A1;WQMC7A3;WQMC7A5;WQMC7G1;WQMC7SS;WQMCBG1;WQMCBSX;WQMCLA1;WQMCLA3;WQMCLA5;WQMCLA7;WQMCLA8;WQMCLA9;WQMCLG1;WQMCLOA7;WQMCLOA8;WQMCLOA9;WQMCLOG1;WQMD1A1;WQMD1A3;WQMD1A5;WQMD1G1;WQMD1SS;WQMD2A1;WQMD2A3;WQMD2A5;WQMD2G1;WQMD2SS;WQMD3A1;WQMD3A3;WQMD3A5;WQMD3G1;WQMD3SS;WQMD4A1;WQMD4A3;WQMD4A5;WQMD4G1;WQMD4SS;WQMDDA1;WQMDDA3;WQMDDA5;WQMDDA7;WQMDDA8;WQMDDA9;WQMDDG1;WQMDDOA7;WQMDDOA8;WQMDDOA9;WQMDDOG1;WQMF0A1;WQMF0A3;WQMF0A5;WQMF0A7;WQMF0A8;WQMF0A9;WQMF0G1;WQMF0OA7;WQMF0OA8;WQMF0OA9;WQMF0OG1;WQMF1A1;WQMF1A3;WQMF1A5;WQMF1A7;WQMF1A8;WQMF1A9;WQMF1G1;WQMF1OA7;WQMF1OA8;WQMF1OA9;WQMF1OG1;WQMF2A1;WQMF2A3;WQMF2A5;WQMF2A7;WQMF2A8;WQMF2A9;WQMF2G1;WQMF2OA7;WQMF2OA8;WQMF2OA9;WQMF2OG1;WQMF3A1;WQMF3A3;WQMF3A5;WQMF3A7;WQMF3A8;WQMF3A9;WQMF3G1;WQMF3OA7;WQMF3OA8;WQMF3OA9;WQMF3OG1;WQMFLA1;WQMFLA3;WQMFLA5;WQMFLA7;WQMFLA8;WQMFLA9;WQMFLG1;WQMFLOA7;WQMFLOA8;WQMFLOA9;WQMFLOG1;WQMFSA1;WQMFSA3;WQMFSA5;WQMFSA7;WQMFSA8;WQMFSA9;WQMFSG1;WQMFSOA7;WQMFSOA8;WQMFSOA9;WQMFSOG1;WQMGSA2;WQMGSA4;WQMGSA6;WQMGSG1;WQMH0A1;WQMH0A2;WQMH0A3;WQMH0A4;WQMH0A5;WQMH0A6;WQMH0A7;WQMH0A8;WQMH0A9;WQMH0CA;WQMH0G1;WQMH0SA;WQMH0SS;WQMH0SX;WQMH1A1;WQMH1A2;WQMH1A3;WQMH1A4;WQMH1A5;WQMH1A6;WQMH1A7;WQMH1A8;WQMH1A9;WQMH1CA;WQMH1G1;WQMH1SA;WQMH1SS;WQMH1SX;WQMH2A1;WQMH2A2;WQMH2A3;WQMH2A4;WQMH2A5;WQMH2A6;WQMH2A7;WQMH2A8;WQMH2A9;WQMH2CA;WQMH2G1;WQMH2SA;WQMH2SS;WQMH2SX;WQMH5A1;WQMH5A2;WQMH5A3;WQMH5A4;WQMH5A5;WQMH5A6;WQMH5A7;WQMH5A8;WQMH5A9;WQMH5CA;WQMH5G1;WQMH5SA;WQMH5SS;WQMH5SX;WQMH6A1;WQMH6A2;WQMH6A3;WQMH6A4;WQMH6A5;WQMH6A6;WQMH6A7;WQMH6A8;WQMH6A9;WQMH6CA;WQMH6G1;WQMH6SA;WQMH6SS;WQMH6SX;WQMHBA2;WQMHBA4;WQMHBA6;WQMHBG1;WQMJ0A1;WQMJ0A2;WQMJ0A3;WQMJ0A4;WQMJ0A5;WQMJ0A6;WQMJ0A7;WQMJ0A8;WQMJ0A9;WQMJ0CA;WQMJ0G1;WQMJ0SA;WQMJ0SS;WQMJ0SX;WQMJ1A1;WQMJ1A2;WQMJ1A3;WQMJ1A4;WQMJ1A5;WQMJ1A6;WQMJ1A7;WQMJ1A8;WQMJ1A9;WQMJ1CA;WQMJ1G1;WQMJ1SA;WQMJ1SS;WQMJ1SX;WQMJ2A1;WQMJ2A2;WQMJ2A3;WQMJ2A4;WQMJ2A5;WQMJ2A6;WQMJ2A7;WQMJ2A8;WQMJ2A9;WQMJ2CA;WQMJ2G1;WQMJ2SA;WQMJ2SS;WQMJ2SX;WQMJ3A1;WQMJ3A2;WQMJ3A3;WQMJ3A4;WQMJ3A5;WQMJ3A6;WQMJ3A7;WQMJ3A8;WQMJ3A9;WQMJ3CA;WQMJ3G1;WQMJ3SA;WQMJ3SS;WQMJ3SX;WQMJ4A1;WQMJ4A2;WQMJ4A3;WQMJ4A4;WQMJ4A5;WQMJ4A6;WQMJ4A7;WQMJ4A8;WQMJ4A9;WQMJ4CA;WQMJ4G1;WQMJ4SA;WQMJ4SS;WQMJ4SX;WQMJ5A1;WQMJ5A2;WQMJ5A3;WQMJ5A4;WQMJ5A5;WQMJ5A6;WQMJ5A7;WQMJ5A8;WQMJ5A9;WQMJ5CA;WQMJ5G1;WQMJ5SA;WQMJ5SS;WQMJ5SX;WQMJ6A1;WQMJ6A2;WQMJ6A3;WQMJ6A4;WQMJ6A5;WQMJ6A6;WQMJ6A7;WQMJ6A8;WQMJ6A9;WQMJ6CA;WQMJ6G1;WQMJ6SA;WQMJ6SS;WQMJ6SX;WQMJ7A1;WQMJ7A2;WQMJ7A3;WQMJ7A4;WQMJ7A5;WQMJ7A6;WQMJ7A7;WQMJ7A8;WQMJ7A9;WQMJ7CA;WQMJ7G1;WQMJ7SA;WQMJ7SS;WQMJ7SX;WQMJ8A1;WQMJ8A2;WQMJ8A3;WQMJ8A4;WQMJ8A5;WQMJ8A6;WQMJ8A7;WQMJ8A8;WQMJ8A9;WQMJ8CA;WQMJ8G1;WQMJ8SA;WQMJ8SS;WQMJ8SX;WQMJ9A1;WQMJ9A2;WQMJ9A3;WQMJ9A4;WQMJ9A5;WQMJ9A6;WQMJ9A7;WQMJ9A8;WQMJ9A9;WQMJ9CA;WQMJ9G1;WQMJ9SA;WQMJ9SS;WQMJ9SX;WQMJAA1;WQMJAA2;WQMJAA3;WQMJAA4;WQMJAA5;WQMJAA6;WQMJAA7;WQMJAA8;WQMJAA9;WQMJACA;WQMJAG1;WQMJASA;WQMJASS;WQMJASX;WQMJBA1;WQMJBA2;WQMJBA3;WQMJBA4;WQMJBA5;WQMJBA6;WQMJBA7;WQMJBA8;WQMJBA9;WQMJBCA;WQMJBG1;WQMJBSA;WQMJBSS;WQMJBSX;WQMJCA1;WQMJCA2;WQMJCA3;WQMJCA4;WQMJCA5;WQMJCA6;WQMJCA7;WQMJCA8;WQMJCA9;WQMJCCA;WQMJCG1;WQMJCSA;WQMJCSS;WQMJCSX;WQMM2A1;WQMM2A3;WQMM2A5;WQMM2A7;WQMM2A8;WQMM2A9;WQMM2G1;WQMM2OA7;WQMM2OA8;WQMM2OA9;WQMM2OG1;WQMMCA1;WQMMCA3;WQMMCA5;WQMMCA7;WQMMCA8;WQMMCA9;WQMMCG1;WQMMCOA7;WQMMCOA8;WQMMCOA9;WQMMCOG1;WQMMSA1;WQMMSA3;WQMMSA5;WQMMSA7;WQMMSA8;WQMMSA9;WQMMSG1;WQMMSOA7;WQMMSOA8;WQMMSOA9;WQMMSOG1;WQMQ2A2;WQMQ2A4;WQMQ2A6;WQMQ2G1;WQMQ3A2;WQMQ3A4;WQMQ3A6;WQMQ3G1;WQMQ4A2;WQMQ4A4;WQMQ4A6;WQMQ4G1;WQMQSA2;WQMQSA4;WQMQSA6;WQMQSG1;WQMS0A1;WQMS0A3;WQMS0A5;WQMS0A7;WQMS0A8;WQMS0A9;WQMS0G1;WQMS0OA7;WQMS0OA8;WQMS0OA9;WQMS0OG1;WQMS1A1;WQMS1A3;WQMS1A5;WQMS1A7;WQMS1A8;WQMS1A9;WQMS1G1;WQMS1OA7;WQMS1OA8;WQMS1OA9;WQMS1OG1;WQMS2A2;WQMS2A4;WQMS2A6;WQMS2G1;WQMS3A1;WQMS3A3;WQMS3A5;WQMS3A7;WQMS3A8;WQMS3A9;WQMS3G1;WQMS3OA7;WQMS3OA8;WQMS3OA9;WQMS3OG1;WQMSCA1;WQMSCA3;WQMSCA5;WQMSCA7;WQMSCA8;WQMSCA9;WQMSCG1;WQMSCOA7;WQMSCOA8;WQMSCOA9;WQMSCOG1;WQMSLG1;WQMSLSS;WQMSPA2;WQMSPA4;WQMSPA6;WQMSPG1;WQMSSA1;WQMSSA3;WQMSSA5;WQMSSA7;WQMSSA8;WQMSSA9;WQMSSG1;WQMSSOA7;WQMSSOA8;WQMSSOA9;WQMSSOG1;WQMWHA1;WQMWHA3;WQMWHA5;WQMWHA7;WQMWHA8;WQMWHA9;WQMWHG1;WQMWHOA7;WQMWHOA8;WQMWHOA9;WQMWHOG1;WQMZWA1;WQMZWA2;WQMZWA3;WQMZWA4;WQMZWA5;WQMZWA6;WQMZWA7;WQMZWA8;WQMZWA9;WQMZWCA;WQMZWG1;WQMZWSA;WQMZWSS;WQMZWSX,q3m-reference-available,docs/measurements/playable-q3m-x2-ingame-20261002-v1/current-generation.json,no-colour-variant-reference,96952,96890,,sprite/index/palette-work-plan.json,96952
0x5202,MAGE_MALE_DWARF_LOW,character,5000,1,1,CDMW,66,65,656,178357,0x5202:body:armor-code:1:CDMW1;0x5202:body:armor-code:2:CDMW2;0x5202:body:armor-code:3:CDMW3;0x5202:body:armor-code:4:CDMW4;0x5202:helmet:item-animation-code:H0:WQSH0;0x5202:helmet:item-animation-code:H1:WQSH1;0x5202:helmet:item-animation-code:H2:WQSH2;0x5202:helmet:item-animation-code:H5:WQSH5;0x5202:helmet:item-animation-code:J0:WQSJ0;0x5202:helmet:item-animation-code:J1:WQSJ1;0x5202:helmet:item-animation-code:J2:WQSJ2;0x5202:helmet:item-animation-code:J3:WQSJ3;0x5202:helmet:item-animation-code:J4:WQSJ4;0x5202:helmet:item-animation-code:J5:WQSJ5;0x5202:helmet:item-animation-code:J6:WQSJ6;0x5202:helmet:item-animation-code:J7:WQSJ7;0x5202:helmet:item-animation-code:J8:WQSJ8;0x5202:helmet:item-animation-code:J9:WQSJ9;0x5202:helmet:item-animation-code:JA:WQSJA;0x5202:helmet:item-animation-code:JB:WQSJB;0x5202:helmet:item-animation-code:JC:WQSJC;0x5202:helmet:item-animation-code:YW:WQSYW;0x5202:helmet:item-animation-code:ZW:WQSZW;0x5202:shield:item-animation-code:C0:WQSC0;0x5202:shield:item-animation-code:C1:WQSC1;0x5202:shield:item-animation-code:C2:WQSC2;0x5202:shield:item-animation-code:C3:WQSC3;0x5202:shield:item-animation-code:C4:WQSC4;0x5202:shield:item-animation-code:C5:WQSC5;0x5202:shield:item-animation-code:C6:WQSC6;0x5202:shield:item-animation-code:C7:WQSC7;0x5202:shield:item-animation-code:D1:WQSD1;0x5202:shield:item-animation-code:D2:WQSD2;0x5202:shield:item-animation-code:D3:WQSD3;0x5202:shield:item-animation-code:D4:WQSD4;0x5202:weapon:item-animation-code:AX:WQSAX;0x5202:weapon:item-animation-code:BS:WQSBS;0x5202:weapon:item-animation-code:BW:WQSBW;0x5202:weapon:item-animation-code:CB:WQSCB;0x5202:weapon:item-animation-code:CL:WQSCL;0x5202:weapon:item-animation-code:DD:WQSDD;0x5202:weapon:item-animation-code:F0:WQSF0;0x5202:weapon:item-animation-code:F1:WQSF1;0x5202:weapon:item-animation-code:F2:WQSF2;0x5202:weapon:item-animation-code:F3:WQSF3;0x5202:weapon:item-animation-code:FL:WQSFL;0x5202:weapon:item-animation-code:FS:WQSFS;0x5202:weapon:item-animation-code:GS:WQSGS;0x5202:weapon:item-animation-code:H6:WQSH6;0x5202:weapon:item-animation-code:HB:WQSHB;0x5202:weapon:item-animation-code:M2:WQSM2;0x5202:weapon:item-animation-code:MC:WQSMC;0x5202:weapon:item-animation-code:MS:WQSMS;0x5202:weapon:item-animation-code:Q2:WQSQ2;0x5202:weapon:item-animation-code:Q3:WQSQ3;0x5202:weapon:item-animation-code:Q4:WQSQ4;0x5202:weapon:item-animation-code:QS:WQSQS;0x5202:weapon:item-animation-code:S0:WQSS0;0x5202:weapon:item-animation-code:S1:WQSS1;0x5202:weapon:item-animation-code:S2:WQSS2;0x5202:weapon:item-animation-code:S3:WQSS3;0x5202:weapon:item-animation-code:SC:WQSSC;0x5202:weapon:item-animation-code:SL:WQSSL;0x5202:weapon:item-animation-code:SP:WQSSP;0x5202:weapon:item-animation-code:SS:WQSSS;0x5202:weapon:item-animation-code:WH:WQSWH,CDMW1A1;CDMW1A2;CDMW1A3;CDMW1A4;CDMW1A5;CDMW1A6;CDMW1A7;CDMW1A8;CDMW1A9;CDMW1CA;CDMW1G1;CDMW1G11;CDMW1G12;CDMW1G13;CDMW1G14;CDMW1G15;CDMW1G16;CDMW1G17;CDMW1G18;CDMW1G19;CDMW1SA;CDMW1SS;CDMW1SX;CDMW2A1;CDMW2A2;CDMW2A3;CDMW2A4;CDMW2A5;CDMW2A6;CDMW2A7;CDMW2A8;CDMW2A9;CDMW2CA;CDMW2G1;CDMW2G11;CDMW2G12;CDMW2G13;CDMW2G14;CDMW2G15;CDMW2G16;CDMW2G17;CDMW2G18;CDMW2G19;CDMW2SA;CDMW2SS;CDMW2SX;CDMW3A1;CDMW3A2;CDMW3A3;CDMW3A4;CDMW3A5;CDMW3A6;CDMW3A7;CDMW3A8;CDMW3A9;CDMW3CA;CDMW3G1;CDMW3G11;CDMW3G12;CDMW3G13;CDMW3G14;CDMW3G15;CDMW3G16;CDMW3G17;CDMW3G18;CDMW3G19;CDMW3SA;CDMW3SS;CDMW3SX;CDMW4A1;CDMW4A2;CDMW4A3;CDMW4A4;CDMW4A5;CDMW4A6;CDMW4A7;CDMW4A8;CDMW4A9;CDMW4CA;CDMW4G1;CDMW4G11;CDMW4G12;CDMW4G13;CDMW4G14;CDMW4G15;CDMW4G16;CDMW4G17;CDMW4G18;CDMW4G19;CDMW4SA;CDMW4SS;CDMW4SX;WQSAXA1;WQSAXA3;WQSAXA5;WQSAXA7;WQSAXA8;WQSAXA9;WQSAXG1;WQSAXOA7;WQSAXOA8;WQSAXOA9;WQSAXOG1;WQSBSG1;WQSBSSA;WQSBWG1;WQSBWSA;WQSC0A1;WQSC0A3;WQSC0A5;WQSC0G1;WQSC0SS;WQSC1A1;WQSC1A3;WQSC1A5;WQSC1G1;WQSC1SS;WQSC2A1;WQSC2A3;WQSC2A5;WQSC2G1;WQSC2SS;WQSC3A1;WQSC3A3;WQSC3A5;WQSC3G1;WQSC3SS;WQSC4A1;WQSC4A3;WQSC4A5;WQSC4G1;WQSC4SS;WQSC5A1;WQSC5A3;WQSC5A5;WQSC5G1;WQSC5SS;WQSC6A1;WQSC6A3;WQSC6A5;WQSC6G1;WQSC6SS;WQSC7A1;WQSC7A3;WQSC7A5;WQSC7G1;WQSC7SS;WQSCBG1;WQSCBSX;WQSCLA1;WQSCLA3;WQSCLA5;WQSCLA7;WQSCLA8;WQSCLA9;WQSCLG1;WQSCLOA7;WQSCLOA8;WQSCLOA9;WQSCLOG1;WQSD1A1;WQSD1A3;WQSD1A5;WQSD1G1;WQSD1SS;WQSD2A1;WQSD2A3;WQSD2A5;WQSD2G1;WQSD2SS;WQSD3A1;WQSD3A3;WQSD3A5;WQSD3G1;WQSD3SS;WQSD4A1;WQSD4A3;WQSD4A5;WQSD4G1;WQSD4SS;WQSDDA1;WQSDDA3;WQSDDA5;WQSDDA7;WQSDDA8;WQSDDA9;WQSDDG1;WQSDDOA7;WQSDDOA8;WQSDDOA9;WQSDDOG1;WQSF0A1;WQSF0A3;WQSF0A5;WQSF0A7;WQSF0A8;WQSF0A9;WQSF0G1;WQSF0OA7;WQSF0OA8;WQSF0OA9;WQSF0OG1;WQSF1A1;WQSF1A3;WQSF1A5;WQSF1A7;WQSF1A8;WQSF1A9;WQSF1G1;WQSF1OA7;WQSF1OA8;WQSF1OA9;WQSF1OG1;WQSF2A1;WQSF2A3;WQSF2A5;WQSF2A7;WQSF2A8;WQSF2A9;WQSF2G1;WQSF2OA7;WQSF2OA8;WQSF2OA9;WQSF2OG1;WQSF3A1;WQSF3A3;WQSF3A5;WQSF3A7;WQSF3A8;WQSF3A9;WQSF3G1;WQSF3OA7;WQSF3OA8;WQSF3OA9;WQSF3OG1;WQSFLA1;WQSFLA3;WQSFLA5;WQSFLA7;WQSFLA8;WQSFLA9;WQSFLG1;WQSFLOA7;WQSFLOA8;WQSFLOA9;WQSFLOG1;WQSFSA1;WQSFSA3;WQSFSA5;WQSFSA7;WQSFSA8;WQSFSA9;WQSFSG1;WQSFSOA7;WQSFSOA8;WQSFSOA9;WQSFSOG1;WQSGSA2;WQSGSA4;WQSGSA6;WQSGSG1;WQSH0A1;WQSH0A2;WQSH0A3;WQSH0A4;WQSH0A5;WQSH0A6;WQSH0A7;WQSH0A8;WQSH0A9;WQSH0CA;WQSH0G1;WQSH0SA;WQSH0SS;WQSH0SX;WQSH1A1;WQSH1A2;WQSH1A3;WQSH1A4;WQSH1A5;WQSH1A6;WQSH1A7;WQSH1A8;WQSH1A9;WQSH1CA;WQSH1G1;WQSH1SA;WQSH1SS;WQSH1SX;WQSH2A1;WQSH2A2;WQSH2A3;WQSH2A4;WQSH2A5;WQSH2A6;WQSH2A7;WQSH2A8;WQSH2A9;WQSH2CA;WQSH2G1;WQSH2SA;WQSH2SS;WQSH2SX;WQSH5A1;WQSH5A2;WQSH5A3;WQSH5A4;WQSH5A5;WQSH5A6;WQSH5A7;WQSH5A8;WQSH5A9;WQSH5CA;WQSH5G1;WQSH5SA;WQSH5SS;WQSH5SX;WQSH6A1;WQSH6A2;WQSH6A3;WQSH6A4;WQSH6A5;WQSH6A6;WQSH6A7;WQSH6A8;WQSH6A9;WQSH6CA;WQSH6G1;WQSH6SA;WQSH6SS;WQSH6SX;WQSHBA2;WQSHBA4;WQSHBA6;WQSHBG1;WQSJ0A1;WQSJ0A2;WQSJ0A3;WQSJ0A4;WQSJ0A5;WQSJ0A6;WQSJ0A7;WQSJ0A8;WQSJ0A9;WQSJ0CA;WQSJ0G1;WQSJ0SA;WQSJ0SS;WQSJ0SX;WQSJ1A1;WQSJ1A2;WQSJ1A3;WQSJ1A4;WQSJ1A5;WQSJ1A6;WQSJ1A7;WQSJ1A8;WQSJ1A9;WQSJ1CA;WQSJ1G1;WQSJ1SA;WQSJ1SS;WQSJ1SX;WQSJ2A1;WQSJ2A2;WQSJ2A3;WQSJ2A4;WQSJ2A5;WQSJ2A6;WQSJ2A7;WQSJ2A8;WQSJ2A9;WQSJ2CA;WQSJ2G1;WQSJ2SA;WQSJ2SS;WQSJ2SX;WQSJ3A1;WQSJ3A2;WQSJ3A3;WQSJ3A4;WQSJ3A5;WQSJ3A6;WQSJ3A7;WQSJ3A8;WQSJ3A9;WQSJ3CA;WQSJ3G1;WQSJ3SA;WQSJ3SS;WQSJ3SX;WQSJ4A1;WQSJ4A2;WQSJ4A3;WQSJ4A4;WQSJ4A5;WQSJ4A6;WQSJ4A7;WQSJ4A8;WQSJ4A9;WQSJ4CA;WQSJ4G1;WQSJ4SA;WQSJ4SS;WQSJ4SX;WQSJ5A1;WQSJ5A2;WQSJ5A3;WQSJ5A4;WQSJ5A5;WQSJ5A6;WQSJ5A7;WQSJ5A8;WQSJ5A9;WQSJ5CA;WQSJ5G1;WQSJ5SA;WQSJ5SS;WQSJ5SX;WQSJ6A1;WQSJ6A2;WQSJ6A3;WQSJ6A4;WQSJ6A5;WQSJ6A6;WQSJ6A7;WQSJ6A8;WQSJ6A9;WQSJ6CA;WQSJ6G1;WQSJ6SA;WQSJ6SS;WQSJ6SX;WQSJ7A1;WQSJ7A2;WQSJ7A3;WQSJ7A4;WQSJ7A5;WQSJ7A6;WQSJ7A7;WQSJ7A8;WQSJ7A9;WQSJ7CA;WQSJ7G1;WQSJ7SA;WQSJ7SS;WQSJ7SX;WQSJ8A1;WQSJ8A2;WQSJ8A3;WQSJ8A4;WQSJ8A5;WQSJ8A6;WQSJ8A7;WQSJ8A8;WQSJ8A9;WQSJ8CA;WQSJ8G1;WQSJ8SA;WQSJ8SS;WQSJ8SX;WQSJ9A1;WQSJ9A2;WQSJ9A3;WQSJ9A4;WQSJ9A5;WQSJ9A6;WQSJ9A7;WQSJ9A8;WQSJ9A9;WQSJ9CA;WQSJ9G1;WQSJ9SA;WQSJ9SS;WQSJ9SX;WQSJAA1;WQSJAA2;WQSJAA3;WQSJAA4;WQSJAA5;WQSJAA6;WQSJAA7;WQSJAA8;WQSJAA9;WQSJACA;WQSJAG1;WQSJASA;WQSJASS;WQSJASX;WQSJBA1;WQSJBA2;WQSJBA3;WQSJBA4;WQSJBA5;WQSJBA6;WQSJBA7;WQSJBA8;WQSJBA9;WQSJBCA;WQSJBG1;WQSJBSA;WQSJBSS;WQSJBSX;WQSJCA1;WQSJCA2;WQSJCA3;WQSJCA4;WQSJCA5;WQSJCA6;WQSJCA7;WQSJCA8;WQSJCA9;WQSJCCA;WQSJCG1;WQSJCSA;WQSJCSS;WQSJCSX;WQSM2A1;WQSM2A3;WQSM2A5;WQSM2A7;WQSM2A8;WQSM2A9;WQSM2G1;WQSM2OA7;WQSM2OA8;WQSM2OA9;WQSM2OG1;WQSMCA1;WQSMCA3;WQSMCA5;WQSMCA7;WQSMCA8;WQSMCA9;WQSMCG1;WQSMCOA7;WQSMCOA8;WQSMCOA9;WQSMCOG1;WQSMSA1;WQSMSA3;WQSMSA5;WQSMSA7;WQSMSA8;WQSMSA9;WQSMSG1;WQSMSOA7;WQSMSOA8;WQSMSOA9;WQSMSOG1;WQSQ2A2;WQSQ2A4;WQSQ2A6;WQSQ2G1;WQSQ3A2;WQSQ3A4;WQSQ3A6;WQSQ3G1;WQSQ4A2;WQSQ4A4;WQSQ4A6;WQSQ4G1;WQSQSA2;WQSQSA4;WQSQSA6;WQSQSG1;WQSS0A1;WQSS0A3;WQSS0A5;WQSS0A7;WQSS0A8;WQSS0A9;WQSS0G1;WQSS0OA7;WQSS0OA8;WQSS0OA9;WQSS0OG1;WQSS1A1;WQSS1A3;WQSS1A5;WQSS1A7;WQSS1A8;WQSS1A9;WQSS1G1;WQSS1OA7;WQSS1OA8;WQSS1OA9;WQSS1OG1;WQSS2A2;WQSS2A4;WQSS2A6;WQSS2G1;WQSS3A1;WQSS3A3;WQSS3A5;WQSS3A7;WQSS3A8;WQSS3A9;WQSS3G1;WQSS3OA7;WQSS3OA8;WQSS3OA9;WQSS3OG1;WQSSCA1;WQSSCA3;WQSSCA5;WQSSCA7;WQSSCA8;WQSSCA9;WQSSCG1;WQSSCOA7;WQSSCOA8;WQSSCOA9;WQSSCOG1;WQSSLG1;WQSSLSS;WQSSPA2;WQSSPA4;WQSSPA6;WQSSPG1;WQSSSA1;WQSSSA3;WQSSSA5;WQSSSA7;WQSSSA8;WQSSSA9;WQSSSG1;WQSSSOA7;WQSSSOA8;WQSSSOA9;WQSSSOG1;WQSWHA1;WQSWHA3;WQSWHA5;WQSWHA7;WQSWHA8;WQSWHA9;WQSWHG1;WQSWHOA7;WQSWHOA8;WQSWHOA9;WQSWHOG1;WQSZWA1;WQSZWA2;WQSZWA3;WQSZWA4;WQSZWA5;WQSZWA6;WQSZWA7;WQSZWA8;WQSZWA9;WQSZWCA;WQSZWG1;WQSZWSA;WQSZWSS;WQSZWSX,q3m-reference-available,docs/measurements/playable-q3m-x2-ingame-20261002-v1/current-generation.json,no-colour-variant-reference,94765,94692,,sprite/index/palette-work-plan.json,94765
0x5210,MAGE_FEMALE_HUMAN_LOW,character,5000,1,1,CHFW,66,65,656,178359,0x5210:body:armor-code:1:CHFW1;0x5210:body:armor-code:2:CHFW2;0x5210:body:armor-code:3:CHFW3;0x5210:body:armor-code:4:CHFW4;0x5210:helmet:item-animation-code:H0:WQNH0;0x5210:helmet:item-animation-code:H1:WQNH1;0x5210:helmet:item-animation-code:H2:WQNH2;0x5210:helmet:item-animation-code:H5:WQNH5;0x5210:helmet:item-animation-code:J0:WQNJ0;0x5210:helmet:item-animation-code:J1:WQNJ1;0x5210:helmet:item-animation-code:J2:WQNJ2;0x5210:helmet:item-animation-code:J3:WQNJ3;0x5210:helmet:item-animation-code:J4:WQNJ4;0x5210:helmet:item-animation-code:J5:WQNJ5;0x5210:helmet:item-animation-code:J6:WQNJ6;0x5210:helmet:item-animation-code:J7:WQNJ7;0x5210:helmet:item-animation-code:J8:WQNJ8;0x5210:helmet:item-animation-code:J9:WQNJ9;0x5210:helmet:item-animation-code:JA:WQNJA;0x5210:helmet:item-animation-code:JB:WQNJB;0x5210:helmet:item-animation-code:JC:WQNJC;0x5210:helmet:item-animation-code:YW:WQNYW;0x5210:helmet:item-animation-code:ZW:WQNZW;0x5210:shield:item-animation-code:C0:WQNC0;0x5210:shield:item-animation-code:C1:WQNC1;0x5210:shield:item-animation-code:C2:WQNC2;0x5210:shield:item-animation-code:C3:WQNC3;0x5210:shield:item-animation-code:C4:WQNC4;0x5210:shield:item-animation-code:C5:WQNC5;0x5210:shield:item-animation-code:C6:WQNC6;0x5210:shield:item-animation-code:C7:WQNC7;0x5210:shield:item-animation-code:D1:WQND1;0x5210:shield:item-animation-code:D2:WQND2;0x5210:shield:item-animation-code:D3:WQND3;0x5210:shield:item-animation-code:D4:WQND4;0x5210:weapon:item-animation-code:AX:WQNAX;0x5210:weapon:item-animation-code:BS:WQNBS;0x5210:weapon:item-animation-code:BW:WQNBW;0x5210:weapon:item-animation-code:CB:WQNCB;0x5210:weapon:item-animation-code:CL:WQNCL;0x5210:weapon:item-animation-code:DD:WQNDD;0x5210:weapon:item-animation-code:F0:WQNF0;0x5210:weapon:item-animation-code:F1:WQNF1;0x5210:weapon:item-animation-code:F2:WQNF2;0x5210:weapon:item-animation-code:F3:WQNF3;0x5210:weapon:item-animation-code:FL:WQNFL;0x5210:weapon:item-animation-code:FS:WQNFS;0x5210:weapon:item-animation-code:GS:WQNGS;0x5210:weapon:item-animation-code:H6:WQNH6;0x5210:weapon:item-animation-code:HB:WQNHB;0x5210:weapon:item-animation-code:M2:WQNM2;0x5210:weapon:item-animation-code:MC:WQNMC;0x5210:weapon:item-animation-code:MS:WQNMS;0x5210:weapon:item-animation-code:Q2:WQNQ2;0x5210:weapon:item-animation-code:Q3:WQNQ3;0x5210:weapon:item-animation-code:Q4:WQNQ4;0x5210:weapon:item-animation-code:QS:WQNQS;0x5210:weapon:item-animation-code:S0:WQNS0;0x5210:weapon:item-animation-code:S1:WQNS1;0x5210:weapon:item-animation-code:S2:WQNS2;0x5210:weapon:item-animation-code:S3:WQNS3;0x5210:weapon:item-animation-code:SC:WQNSC;0x5210:weapon:item-animation-code:SL:WQNSL;0x5210:weapon:item-animation-code:SP:WQNSP;0x5210:weapon:item-animation-code:SS:WQNSS;0x5210:weapon:item-animation-code:WH:WQNWH,CHFW1A1;CHFW1A2;CHFW1A3;CHFW1A4;CHFW1A5;CHFW1A6;CHFW1A7;CHFW1A8;CHFW1A9;CHFW1CA;CHFW1G1;CHFW1G11;CHFW1G12;CHFW1G13;CHFW1G14;CHFW1G15;CHFW1G16;CHFW1G17;CHFW1G18;CHFW1G19;CHFW1SA;CHFW1SS;CHFW1SX;CHFW2A1;CHFW2A2;CHFW2A3;CHFW2A4;CHFW2A5;CHFW2A6;CHFW2A7;CHFW2A8;CHFW2A9;CHFW2CA;CHFW2G1;CHFW2G11;CHFW2G12;CHFW2G13;CHFW2G14;CHFW2G15;CHFW2G16;CHFW2G17;CHFW2G18;CHFW2G19;CHFW2SA;CHFW2SS;CHFW2SX;CHFW3A1;CHFW3A2;CHFW3A3;CHFW3A4;CHFW3A5;CHFW3A6;CHFW3A7;CHFW3A8;CHFW3A9;CHFW3CA;CHFW3G1;CHFW3G11;CHFW3G12;CHFW3G13;CHFW3G14;CHFW3G15;CHFW3G16;CHFW3G17;CHFW3G18;CHFW3G19;CHFW3SA;CHFW3SS;CHFW3SX;CHFW4A1;CHFW4A2;CHFW4A3;CHFW4A4;CHFW4A5;CHFW4A6;CHFW4A7;CHFW4A8;CHFW4A9;CHFW4CA;CHFW4G1;CHFW4G11;CHFW4G12;CHFW4G13;CHFW4G14;CHFW4G15;CHFW4G16;CHFW4G17;CHFW4G18;CHFW4G19;CHFW4SA;CHFW4SS;CHFW4SX;WQNAXA1;WQNAXA3;WQNAXA5;WQNAXA7;WQNAXA8;WQNAXA9;WQNAXG1;WQNAXOA7;WQNAXOA8;WQNAXOA9;WQNAXOG1;WQNBSG1;WQNBSSA;WQNBWG1;WQNBWSA;WQNC0A1;WQNC0A3;WQNC0A5;WQNC0G1;WQNC0SS;WQNC1A1;WQNC1A3;WQNC1A5;WQNC1G1;WQNC1SS;WQNC2A1;WQNC2A3;WQNC2A5;WQNC2G1;WQNC2SS;WQNC3A1;WQNC3A3;WQNC3A5;WQNC3G1;WQNC3SS;WQNC4A1;WQNC4A3;WQNC4A5;WQNC4G1;WQNC4SS;WQNC5A1;WQNC5A3;WQNC5A5;WQNC5G1;WQNC5SS;WQNC6A1;WQNC6A3;WQNC6A5;WQNC6G1;WQNC6SS;WQNC7A1;WQNC7A3;WQNC7A5;WQNC7G1;WQNC7SS;WQNCBG1;WQNCBSX;WQNCLA1;WQNCLA3;WQNCLA5;WQNCLA7;WQNCLA8;WQNCLA9;WQNCLG1;WQNCLOA7;WQNCLOA8;WQNCLOA9;WQNCLOG1;WQND1A1;WQND1A3;WQND1A5;WQND1G1;WQND1SS;WQND2A1;WQND2A3;WQND2A5;WQND2G1;WQND2SS;WQND3A1;WQND3A3;WQND3A5;WQND3G1;WQND3SS;WQND4A1;WQND4A3;WQND4A5;WQND4G1;WQND4SS;WQNDDA1;WQNDDA3;WQNDDA5;WQNDDA7;WQNDDA8;WQNDDA9;WQNDDG1;WQNDDOA7;WQNDDOA8;WQNDDOA9;WQNDDOG1;WQNF0A1;WQNF0A3;WQNF0A5;WQNF0A7;WQNF0A8;WQNF0A9;WQNF0G1;WQNF0OA7;WQNF0OA8;WQNF0OA9;WQNF0OG1;WQNF1A1;WQNF1A3;WQNF1A5;WQNF1A7;WQNF1A8;WQNF1A9;WQNF1G1;WQNF1OA7;WQNF1OA8;WQNF1OA9;WQNF1OG1;WQNF2A1;WQNF2A3;WQNF2A5;WQNF2A7;WQNF2A8;WQNF2A9;WQNF2G1;WQNF2OA7;WQNF2OA8;WQNF2OA9;WQNF2OG1;WQNF3A1;WQNF3A3;WQNF3A5;WQNF3A7;WQNF3A8;WQNF3A9;WQNF3G1;WQNF3OA7;WQNF3OA8;WQNF3OA9;WQNF3OG1;WQNFLA1;WQNFLA3;WQNFLA5;WQNFLA7;WQNFLA8;WQNFLA9;WQNFLG1;WQNFLOA7;WQNFLOA8;WQNFLOA9;WQNFLOG1;WQNFSA1;WQNFSA3;WQNFSA5;WQNFSA7;WQNFSA8;WQNFSA9;WQNFSG1;WQNFSOA7;WQNFSOA8;WQNFSOA9;WQNFSOG1;WQNGSA2;WQNGSA4;WQNGSA6;WQNGSG1;WQNH0A1;WQNH0A2;WQNH0A3;WQNH0A4;WQNH0A5;WQNH0A6;WQNH0A7;WQNH0A8;WQNH0A9;WQNH0CA;WQNH0G1;WQNH0SA;WQNH0SS;WQNH0SX;WQNH1A1;WQNH1A2;WQNH1A3;WQNH1A4;WQNH1A5;WQNH1A6;WQNH1A7;WQNH1A8;WQNH1A9;WQNH1CA;WQNH1G1;WQNH1SA;WQNH1SS;WQNH1SX;WQNH2A1;WQNH2A2;WQNH2A3;WQNH2A4;WQNH2A5;WQNH2A6;WQNH2A7;WQNH2A8;WQNH2A9;WQNH2CA;WQNH2G1;WQNH2SA;WQNH2SS;WQNH2SX;WQNH5A1;WQNH5A2;WQNH5A3;WQNH5A4;WQNH5A5;WQNH5A6;WQNH5A7;WQNH5A8;WQNH5A9;WQNH5CA;WQNH5G1;WQNH5SA;WQNH5SS;WQNH5SX;WQNH6A1;WQNH6A2;WQNH6A3;WQNH6A4;WQNH6A5;WQNH6A6;WQNH6A7;WQNH6A8;WQNH6A9;WQNH6CA;WQNH6G1;WQNH6SA;WQNH6SS;WQNH6SX;WQNHBA2;WQNHBA4;WQNHBA6;WQNHBG1;WQNJ0A1;WQNJ0A2;WQNJ0A3;WQNJ0A4;WQNJ0A5;WQNJ0A6;WQNJ0A7;WQNJ0A8;WQNJ0A9;WQNJ0CA;WQNJ0G1;WQNJ0SA;WQNJ0SS;WQNJ0SX;WQNJ1A1;WQNJ1A2;WQNJ1A3;WQNJ1A4;WQNJ1A5;WQNJ1A6;WQNJ1A7;WQNJ1A8;WQNJ1A9;WQNJ1CA;WQNJ1G1;WQNJ1SA;WQNJ1SS;WQNJ1SX;WQNJ2A1;WQNJ2A2;WQNJ2A3;WQNJ2A4;WQNJ2A5;WQNJ2A6;WQNJ2A7;WQNJ2A8;WQNJ2A9;WQNJ2CA;WQNJ2G1;WQNJ2SA;WQNJ2SS;WQNJ2SX;WQNJ3A1;WQNJ3A2;WQNJ3A3;WQNJ3A4;WQNJ3A5;WQNJ3A6;WQNJ3A7;WQNJ3A8;WQNJ3A9;WQNJ3CA;WQNJ3G1;WQNJ3SA;WQNJ3SS;WQNJ3SX;WQNJ4A1;WQNJ4A2;WQNJ4A3;WQNJ4A4;WQNJ4A5;WQNJ4A6;WQNJ4A7;WQNJ4A8;WQNJ4A9;WQNJ4CA;WQNJ4G1;WQNJ4SA;WQNJ4SS;WQNJ4SX;WQNJ5A1;WQNJ5A2;WQNJ5A3;WQNJ5A4;WQNJ5A5;WQNJ5A6;WQNJ5A7;WQNJ5A8;WQNJ5A9;WQNJ5CA;WQNJ5G1;WQNJ5SA;WQNJ5SS;WQNJ5SX;WQNJ6A1;WQNJ6A2;WQNJ6A3;WQNJ6A4;WQNJ6A5;WQNJ6A6;WQNJ6A7;WQNJ6A8;WQNJ6A9;WQNJ6CA;WQNJ6G1;WQNJ6SA;WQNJ6SS;WQNJ6SX;WQNJ7A1;WQNJ7A2;WQNJ7A3;WQNJ7A4;WQNJ7A5;WQNJ7A6;WQNJ7A7;WQNJ7A8;WQNJ7A9;WQNJ7CA;WQNJ7G1;WQNJ7SA;WQNJ7SS;WQNJ7SX;WQNJ8A1;WQNJ8A2;WQNJ8A3;WQNJ8A4;WQNJ8A5;WQNJ8A6;WQNJ8A7;WQNJ8A8;WQNJ8A9;WQNJ8CA;WQNJ8G1;WQNJ8SA;WQNJ8SS;WQNJ8SX;WQNJ9A1;WQNJ9A2;WQNJ9A3;WQNJ9A4;WQNJ9A5;WQNJ9A6;WQNJ9A7;WQNJ9A8;WQNJ9A9;WQNJ9CA;WQNJ9G1;WQNJ9SA;WQNJ9SS;WQNJ9SX;WQNJAA1;WQNJAA2;WQNJAA3;WQNJAA4;WQNJAA5;WQNJAA6;WQNJAA7;WQNJAA8;WQNJAA9;WQNJACA;WQNJAG1;WQNJASA;WQNJASS;WQNJASX;WQNJBA1;WQNJBA2;WQNJBA3;WQNJBA4;WQNJBA5;WQNJBA6;WQNJBA7;WQNJBA8;WQNJBA9;WQNJBCA;WQNJBG1;WQNJBSA;WQNJBSS;WQNJBSX;WQNJCA1;WQNJCA2;WQNJCA3;WQNJCA4;WQNJCA5;WQNJCA6;WQNJCA7;WQNJCA8;WQNJCA9;WQNJCCA;WQNJCG1;WQNJCSA;WQNJCSS;WQNJCSX;WQNM2A1;WQNM2A3;WQNM2A5;WQNM2A7;WQNM2A8;WQNM2A9;WQNM2G1;WQNM2OA7;WQNM2OA8;WQNM2OA9;WQNM2OG1;WQNMCA1;WQNMCA3;WQNMCA5;WQNMCA7;WQNMCA8;WQNMCA9;WQNMCG1;WQNMCOA7;WQNMCOA8;WQNMCOA9;WQNMCOG1;WQNMSA1;WQNMSA3;WQNMSA5;WQNMSA7;WQNMSA8;WQNMSA9;WQNMSG1;WQNMSOA7;WQNMSOA8;WQNMSOA9;WQNMSOG1;WQNQ2A2;WQNQ2A4;WQNQ2A6;WQNQ2G1;WQNQ3A2;WQNQ3A4;WQNQ3A6;WQNQ3G1;WQNQ4A2;WQNQ4A4;WQNQ4A6;WQNQ4G1;WQNQSA2;WQNQSA4;WQNQSA6;WQNQSG1;WQNS0A1;WQNS0A3;WQNS0A5;WQNS0A7;WQNS0A8;WQNS0A9;WQNS0G1;WQNS0OA7;WQNS0OA8;WQNS0OA9;WQNS0OG1;WQNS1A1;WQNS1A3;WQNS1A5;WQNS1A7;WQNS1A8;WQNS1A9;WQNS1G1;WQNS1OA7;WQNS1OA8;WQNS1OA9;WQNS1OG1;WQNS2A2;WQNS2A4;WQNS2A6;WQNS2G1;WQNS3A1;WQNS3A3;WQNS3A5;WQNS3A7;WQNS3A8;WQNS3A9;WQNS3G1;WQNS3OA7;WQNS3OA8;WQNS3OA9;WQNS3OG1;WQNSCA1;WQNSCA3;WQNSCA5;WQNSCA7;WQNSCA8;WQNSCA9;WQNSCG1;WQNSCOA7;WQNSCOA8;WQNSCOA9;WQNSCOG1;WQNSLG1;WQNSLSS;WQNSPA2;WQNSPA4;WQNSPA6;WQNSPG1;WQNSSA1;WQNSSA3;WQNSSA5;WQNSSA7;WQNSSA8;WQNSSA9;WQNSSG1;WQNSSOA7;WQNSSOA8;WQNSSOA9;WQNSSOG1;WQNWHA1;WQNWHA3;WQNWHA5;WQNWHA7;WQNWHA8;WQNWHA9;WQNWHG1;WQNWHOA7;WQNWHOA8;WQNWHOA9;WQNWHOG1;WQNZWA1;WQNZWA2;WQNZWA3;WQNZWA4;WQNZWA5;WQNZWA6;WQNZWA7;WQNZWA8;WQNZWA9;WQNZWCA;WQNZWG1;WQNZWSA;WQNZWSS;WQNZWSX,q3m-reference-available,docs/measurements/playable-q3m-x2-ingame-20261002-v1/current-generation.json,no-colour-variant-reference,93643,93563,,sprite/index/palette-work-plan.json,93643
0x5211,MAGE_FEMALE_ELF_LOW,character,5000,1,1,CEFW,66,65,656,180494,0x5211:body:armor-code:1:CEFW1;0x5211:body:armor-code:2:CEFW2;0x5211:body:armor-code:3:CEFW3;0x5211:body:armor-code:4:CEFW4;0x5211:helmet:item-animation-code:H0:WQMH0;0x5211:helmet:item-animation-code:H1:WQMH1;0x5211:helmet:item-animation-code:H2:WQMH2;0x5211:helmet:item-animation-code:H5:WQMH5;0x5211:helmet:item-animation-code:J0:WQMJ0;0x5211:helmet:item-animation-code:J1:WQMJ1;0x5211:helmet:item-animation-code:J2:WQMJ2;0x5211:helmet:item-animation-code:J3:WQMJ3;0x5211:helmet:item-animation-code:J4:WQMJ4;0x5211:helmet:item-animation-code:J5:WQMJ5;0x5211:helmet:item-animation-code:J6:WQMJ6;0x5211:helmet:item-animation-code:J7:WQMJ7;0x5211:helmet:item-animation-code:J8:WQMJ8;0x5211:helmet:item-animation-code:J9:WQMJ9;0x5211:helmet:item-animation-code:JA:WQMJA;0x5211:helmet:item-animation-code:JB:WQMJB;0x5211:helmet:item-animation-code:JC:WQMJC;0x5211:helmet:item-animation-code:YW:WQMYW;0x5211:helmet:item-animation-code:ZW:WQMZW;0x5211:shield:item-animation-code:C0:WQMC0;0x5211:shield:item-animation-code:C1:WQMC1;0x5211:shield:item-animation-code:C2:WQMC2;0x5211:shield:item-animation-code:C3:WQMC3;0x5211:shield:item-animation-code:C4:WQMC4;0x5211:shield:item-animation-code:C5:WQMC5;0x5211:shield:item-animation-code:C6:WQMC6;0x5211:shield:item-animation-code:C7:WQMC7;0x5211:shield:item-animation-code:D1:WQMD1;0x5211:shield:item-animation-code:D2:WQMD2;0x5211:shield:item-animation-code:D3:WQMD3;0x5211:shield:item-animation-code:D4:WQMD4;0x5211:weapon:item-animation-code:AX:WQMAX;0x5211:weapon:item-animation-code:BS:WQMBS;0x5211:weapon:item-animation-code:BW:WQMBW;0x5211:weapon:item-animation-code:CB:WQMCB;0x5211:weapon:item-animation-code:CL:WQMCL;0x5211:weapon:item-animation-code:DD:WQMDD;0x5211:weapon:item-animation-code:F0:WQMF0;0x5211:weapon:item-animation-code:F1:WQMF1;0x5211:weapon:item-animation-code:F2:WQMF2;0x5211:weapon:item-animation-code:F3:WQMF3;0x5211:weapon:item-animation-code:FL:WQMFL;0x5211:weapon:item-animation-code:FS:WQMFS;0x5211:weapon:item-animation-code:GS:WQMGS;0x5211:weapon:item-animation-code:H6:WQMH6;0x5211:weapon:item-animation-code:HB:WQMHB;0x5211:weapon:item-animation-code:M2:WQMM2;0x5211:weapon:item-animation-code:MC:WQMMC;0x5211:weapon:item-animation-code:MS:WQMMS;0x5211:weapon:item-animation-code:Q2:WQMQ2;0x5211:weapon:item-animation-code:Q3:WQMQ3;0x5211:weapon:item-animation-code:Q4:WQMQ4;0x5211:weapon:item-animation-code:QS:WQMQS;0x5211:weapon:item-animation-code:S0:WQMS0;0x5211:weapon:item-animation-code:S1:WQMS1;0x5211:weapon:item-animation-code:S2:WQMS2;0x5211:weapon:item-animation-code:S3:WQMS3;0x5211:weapon:item-animation-code:SC:WQMSC;0x5211:weapon:item-animation-code:SL:WQMSL;0x5211:weapon:item-animation-code:SP:WQMSP;0x5211:weapon:item-animation-code:SS:WQMSS;0x5211:weapon:item-animation-code:WH:WQMWH,CEFW1A1;CEFW1A2;CEFW1A3;CEFW1A4;CEFW1A5;CEFW1A6;CEFW1A7;CEFW1A8;CEFW1A9;CEFW1CA;CEFW1G1;CEFW1G11;CEFW1G12;CEFW1G13;CEFW1G14;CEFW1G15;CEFW1G16;CEFW1G17;CEFW1G18;CEFW1G19;CEFW1SA;CEFW1SS;CEFW1SX;CEFW2A1;CEFW2A2;CEFW2A3;CEFW2A4;CEFW2A5;CEFW2A6;CEFW2A7;CEFW2A8;CEFW2A9;CEFW2CA;CEFW2G1;CEFW2G11;CEFW2G12;CEFW2G13;CEFW2G14;CEFW2G15;CEFW2G16;CEFW2G17;CEFW2G18;CEFW2G19;CEFW2SA;CEFW2SS;CEFW2SX;CEFW3A1;CEFW3A2;CEFW3A3;CEFW3A4;CEFW3A5;CEFW3A6;CEFW3A7;CEFW3A8;CEFW3A9;CEFW3CA;CEFW3G1;CEFW3G11;CEFW3G12;CEFW3G13;CEFW3G14;CEFW3G15;CEFW3G16;CEFW3G17;CEFW3G18;CEFW3G19;CEFW3SA;CEFW3SS;CEFW3SX;CEFW4A1;CEFW4A2;CEFW4A3;CEFW4A4;CEFW4A5;CEFW4A6;CEFW4A7;CEFW4A8;CEFW4A9;CEFW4CA;CEFW4G1;CEFW4G11;CEFW4G12;CEFW4G13;CEFW4G14;CEFW4G15;CEFW4G16;CEFW4G17;CEFW4G18;CEFW4G19;CEFW4SA;CEFW4SS;CEFW4SX;WQMAXA1;WQMAXA3;WQMAXA5;WQMAXA7;WQMAXA8;WQMAXA9;WQMAXG1;WQMAXOA7;WQMAXOA8;WQMAXOA9;WQMAXOG1;WQMBSG1;WQMBSSA;WQMBWG1;WQMBWSA;WQMC0A1;WQMC0A3;WQMC0A5;WQMC0G1;WQMC0SS;WQMC1A1;WQMC1A3;WQMC1A5;WQMC1G1;WQMC1SS;WQMC2A1;WQMC2A3;WQMC2A5;WQMC2G1;WQMC2SS;WQMC3A1;WQMC3A3;WQMC3A5;WQMC3G1;WQMC3SS;WQMC4A1;WQMC4A3;WQMC4A5;WQMC4G1;WQMC4SS;WQMC5A1;WQMC5A3;WQMC5A5;WQMC5G1;WQMC5SS;WQMC6A1;WQMC6A3;WQMC6A5;WQMC6G1;WQMC6SS;WQMC7A1;WQMC7A3;WQMC7A5;WQMC7G1;WQMC7SS;WQMCBG1;WQMCBSX;WQMCLA1;WQMCLA3;WQMCLA5;WQMCLA7;WQMCLA8;WQMCLA9;WQMCLG1;WQMCLOA7;WQMCLOA8;WQMCLOA9;WQMCLOG1;WQMD1A1;WQMD1A3;WQMD1A5;WQMD1G1;WQMD1SS;WQMD2A1;WQMD2A3;WQMD2A5;WQMD2G1;WQMD2SS;WQMD3A1;WQMD3A3;WQMD3A5;WQMD3G1;WQMD3SS;WQMD4A1;WQMD4A3;WQMD4A5;WQMD4G1;WQMD4SS;WQMDDA1;WQMDDA3;WQMDDA5;WQMDDA7;WQMDDA8;WQMDDA9;WQMDDG1;WQMDDOA7;WQMDDOA8;WQMDDOA9;WQMDDOG1;WQMF0A1;WQMF0A3;WQMF0A5;WQMF0A7;WQMF0A8;WQMF0A9;WQMF0G1;WQMF0OA7;WQMF0OA8;WQMF0OA9;WQMF0OG1;WQMF1A1;WQMF1A3;WQMF1A5;WQMF1A7;WQMF1A8;WQMF1A9;WQMF1G1;WQMF1OA7;WQMF1OA8;WQMF1OA9;WQMF1OG1;WQMF2A1;WQMF2A3;WQMF2A5;WQMF2A7;WQMF2A8;WQMF2A9;WQMF2G1;WQMF2OA7;WQMF2OA8;WQMF2OA9;WQMF2OG1;WQMF3A1;WQMF3A3;WQMF3A5;WQMF3A7;WQMF3A8;WQMF3A9;WQMF3G1;WQMF3OA7;WQMF3OA8;WQMF3OA9;WQMF3OG1;WQMFLA1;WQMFLA3;WQMFLA5;WQMFLA7;WQMFLA8;WQMFLA9;WQMFLG1;WQMFLOA7;WQMFLOA8;WQMFLOA9;WQMFLOG1;WQMFSA1;WQMFSA3;WQMFSA5;WQMFSA7;WQMFSA8;WQMFSA9;WQMFSG1;WQMFSOA7;WQMFSOA8;WQMFSOA9;WQMFSOG1;WQMGSA2;WQMGSA4;WQMGSA6;WQMGSG1;WQMH0A1;WQMH0A2;WQMH0A3;WQMH0A4;WQMH0A5;WQMH0A6;WQMH0A7;WQMH0A8;WQMH0A9;WQMH0CA;WQMH0G1;WQMH0SA;WQMH0SS;WQMH0SX;WQMH1A1;WQMH1A2;WQMH1A3;WQMH1A4;WQMH1A5;WQMH1A6;WQMH1A7;WQMH1A8;WQMH1A9;WQMH1CA;WQMH1G1;WQMH1SA;WQMH1SS;WQMH1SX;WQMH2A1;WQMH2A2;WQMH2A3;WQMH2A4;WQMH2A5;WQMH2A6;WQMH2A7;WQMH2A8;WQMH2A9;WQMH2CA;WQMH2G1;WQMH2SA;WQMH2SS;WQMH2SX;WQMH5A1;WQMH5A2;WQMH5A3;WQMH5A4;WQMH5A5;WQMH5A6;WQMH5A7;WQMH5A8;WQMH5A9;WQMH5CA;WQMH5G1;WQMH5SA;WQMH5SS;WQMH5SX;WQMH6A1;WQMH6A2;WQMH6A3;WQMH6A4;WQMH6A5;WQMH6A6;WQMH6A7;WQMH6A8;WQMH6A9;WQMH6CA;WQMH6G1;WQMH6SA;WQMH6SS;WQMH6SX;WQMHBA2;WQMHBA4;WQMHBA6;WQMHBG1;WQMJ0A1;WQMJ0A2;WQMJ0A3;WQMJ0A4;WQMJ0A5;WQMJ0A6;WQMJ0A7;WQMJ0A8;WQMJ0A9;WQMJ0CA;WQMJ0G1;WQMJ0SA;WQMJ0SS;WQMJ0SX;WQMJ1A1;WQMJ1A2;WQMJ1A3;WQMJ1A4;WQMJ1A5;WQMJ1A6;WQMJ1A7;WQMJ1A8;WQMJ1A9;WQMJ1CA;WQMJ1G1;WQMJ1SA;WQMJ1SS;WQMJ1SX;WQMJ2A1;WQMJ2A2;WQMJ2A3;WQMJ2A4;WQMJ2A5;WQMJ2A6;WQMJ2A7;WQMJ2A8;WQMJ2A9;WQMJ2CA;WQMJ2G1;WQMJ2SA;WQMJ2SS;WQMJ2SX;WQMJ3A1;WQMJ3A2;WQMJ3A3;WQMJ3A4;WQMJ3A5;WQMJ3A6;WQMJ3A7;WQMJ3A8;WQMJ3A9;WQMJ3CA;WQMJ3G1;WQMJ3SA;WQMJ3SS;WQMJ3SX;WQMJ4A1;WQMJ4A2;WQMJ4A3;WQMJ4A4;WQMJ4A5;WQMJ4A6;WQMJ4A7;WQMJ4A8;WQMJ4A9;WQMJ4CA;WQMJ4G1;WQMJ4SA;WQMJ4SS;WQMJ4SX;WQMJ5A1;WQMJ5A2;WQMJ5A3;WQMJ5A4;WQMJ5A5;WQMJ5A6;WQMJ5A7;WQMJ5A8;WQMJ5A9;WQMJ5CA;WQMJ5G1;WQMJ5SA;WQMJ5SS;WQMJ5SX;WQMJ6A1;WQMJ6A2;WQMJ6A3;WQMJ6A4;WQMJ6A5;WQMJ6A6;WQMJ6A7;WQMJ6A8;WQMJ6A9;WQMJ6CA;WQMJ6G1;WQMJ6SA;WQMJ6SS;WQMJ6SX;WQMJ7A1;WQMJ7A2;WQMJ7A3;WQMJ7A4;WQMJ7A5;WQMJ7A6;WQMJ7A7;WQMJ7A8;WQMJ7A9;WQMJ7CA;WQMJ7G1;WQMJ7SA;WQMJ7SS;WQMJ7SX;WQMJ8A1;WQMJ8A2;WQMJ8A3;WQMJ8A4;WQMJ8A5;WQMJ8A6;WQMJ8A7;WQMJ8A8;WQMJ8A9;WQMJ8CA;WQMJ8G1;WQMJ8SA;WQMJ8SS;WQMJ8SX;WQMJ9A1;WQMJ9A2;WQMJ9A3;WQMJ9A4;WQMJ9A5;WQMJ9A6;WQMJ9A7;WQMJ9A8;WQMJ9A9;WQMJ9CA;WQMJ9G1;WQMJ9SA;WQMJ9SS;WQMJ9SX;WQMJAA1;WQMJAA2;WQMJAA3;WQMJAA4;WQMJAA5;WQMJAA6;WQMJAA7;WQMJAA8;WQMJAA9;WQMJACA;WQMJAG1;WQMJASA;WQMJASS;WQMJASX;WQMJBA1;WQMJBA2;WQMJBA3;WQMJBA4;WQMJBA5;WQMJBA6;WQMJBA7;WQMJBA8;WQMJBA9;WQMJBCA;WQMJBG1;WQMJBSA;WQMJBSS;WQMJBSX;WQMJCA1;WQMJCA2;WQMJCA3;WQMJCA4;WQMJCA5;WQMJCA6;WQMJCA7;WQMJCA8;WQMJCA9;WQMJCCA;WQMJCG1;WQMJCSA;WQMJCSS;WQMJCSX;WQMM2A1;WQMM2A3;WQMM2A5;WQMM2A7;WQMM2A8;WQMM2A9;WQMM2G1;WQMM2OA7;WQMM2OA8;WQMM2OA9;WQMM2OG1;WQMMCA1;WQMMCA3;WQMMCA5;WQMMCA7;WQMMCA8;WQMMCA9;WQMMCG1;WQMMCOA7;WQMMCOA8;WQMMCOA9;WQMMCOG1;WQMMSA1;WQMMSA3;WQMMSA5;WQMMSA7;WQMMSA8;WQMMSA9;WQMMSG1;WQMMSOA7;WQMMSOA8;WQMMSOA9;WQMMSOG1;WQMQ2A2;WQMQ2A4;WQMQ2A6;WQMQ2G1;WQMQ3A2;WQMQ3A4;WQMQ3A6;WQMQ3G1;WQMQ4A2;WQMQ4A4;WQMQ4A6;WQMQ4G1;WQMQSA2;WQMQSA4;WQMQSA6;WQMQSG1;WQMS0A1;WQMS0A3;WQMS0A5;WQMS0A7;WQMS0A8;WQMS0A9;WQMS0G1;WQMS0OA7;WQMS0OA8;WQMS0OA9;WQMS0OG1;WQMS1A1;WQMS1A3;WQMS1A5;WQMS1A7;WQMS1A8;WQMS1A9;WQMS1G1;WQMS1OA7;WQMS1OA8;WQMS1OA9;WQMS1OG1;WQMS2A2;WQMS2A4;WQMS2A6;WQMS2G1;WQMS3A1;WQMS3A3;WQMS3A5;WQMS3A7;WQMS3A8;WQMS3A9;WQMS3G1;WQMS3OA7;WQMS3OA8;WQMS3OA9;WQMS3OG1;WQMSCA1;WQMSCA3;WQMSCA5;WQMSCA7;WQMSCA8;WQMSCA9;WQMSCG1;WQMSCOA7;WQMSCOA8;WQMSCOA9;WQMSCOG1;WQMSLG1;WQMSLSS;WQMSPA2;WQMSPA4;WQMSPA6;WQMSPG1;WQMSSA1;WQMSSA3;WQMSSA5;WQMSSA7;WQMSSA8;WQMSSA9;WQMSSG1;WQMSSOA7;WQMSSOA8;WQMSSOA9;WQMSSOG1;WQMWHA1;WQMWHA3;WQMWHA5;WQMWHA7;WQMWHA8;WQMWHA9;WQMWHG1;WQMWHOA7;WQMWHOA8;WQMWHOA9;WQMWHOG1;WQMZWA1;WQMZWA2;WQMZWA3;WQMZWA4;WQMZWA5;WQMZWA6;WQMZWA7;WQMZWA8;WQMZWA9;WQMZWCA;WQMZWG1;WQMZWSA;WQMZWSS;WQMZWSX,q3m-reference-available,docs/measurements/playable-q3m-x2-ingame-20261002-v1/current-generation.json,no-colour-variant-reference,97824,97762,,sprite/index/palette-work-plan.json,97824
0x5212,MAGE_FEMALE_DWARF_LOW,character,5000,1,1,CDFW,66,65,656,178357,0x5212:body:armor-code:1:CDFW1;0x5212:body:armor-code:2:CDFW2;0x5212:body:armor-code:3:CDFW3;0x5212:body:armor-code:4:CDFW4;0x5212:helmet:item-animation-code:H0:WQSH0;0x5212:helmet:item-animation-code:H1:WQSH1;0x5212:helmet:item-animation-code:H2:WQSH2;0x5212:helmet:item-animation-code:H5:WQSH5;0x5212:helmet:item-animation-code:J0:WQSJ0;0x5212:helmet:item-animation-code:J1:WQSJ1;0x5212:helmet:item-animation-code:J2:WQSJ2;0x5212:helmet:item-animation-code:J3:WQSJ3;0x5212:helmet:item-animation-code:J4:WQSJ4;0x5212:helmet:item-animation-code:J5:WQSJ5;0x5212:helmet:item-animation-code:J6:WQSJ6;0x5212:helmet:item-animation-code:J7:WQSJ7;0x5212:helmet:item-animation-code:J8:WQSJ8;0x5212:helmet:item-animation-code:J9:WQSJ9;0x5212:helmet:item-animation-code:JA:WQSJA;0x5212:helmet:item-animation-code:JB:WQSJB;0x5212:helmet:item-animation-code:JC:WQSJC;0x5212:helmet:item-animation-code:YW:WQSYW;0x5212:helmet:item-animation-code:ZW:WQSZW;0x5212:shield:item-animation-code:C0:WQSC0;0x5212:shield:item-animation-code:C1:WQSC1;0x5212:shield:item-animation-code:C2:WQSC2;0x5212:shield:item-animation-code:C3:WQSC3;0x5212:shield:item-animation-code:C4:WQSC4;0x5212:shield:item-animation-code:C5:WQSC5;0x5212:shield:item-animation-code:C6:WQSC6;0x5212:shield:item-animation-code:C7:WQSC7;0x5212:shield:item-animation-code:D1:WQSD1;0x5212:shield:item-animation-code:D2:WQSD2;0x5212:shield:item-animation-code:D3:WQSD3;0x5212:shield:item-animation-code:D4:WQSD4;0x5212:weapon:item-animation-code:AX:WQSAX;0x5212:weapon:item-animation-code:BS:WQSBS;0x5212:weapon:item-animation-code:BW:WQSBW;0x5212:weapon:item-animation-code:CB:WQSCB;0x5212:weapon:item-animation-code:CL:WQSCL;0x5212:weapon:item-animation-code:DD:WQSDD;0x5212:weapon:item-animation-code:F0:WQSF0;0x5212:weapon:item-animation-code:F1:WQSF1;0x5212:weapon:item-animation-code:F2:WQSF2;0x5212:weapon:item-animation-code:F3:WQSF3;0x5212:weapon:item-animation-code:FL:WQSFL;0x5212:weapon:item-animation-code:FS:WQSFS;0x5212:weapon:item-animation-code:GS:WQSGS;0x5212:weapon:item-animation-code:H6:WQSH6;0x5212:weapon:item-animation-code:HB:WQSHB;0x5212:weapon:item-animation-code:M2:WQSM2;0x5212:weapon:item-animation-code:MC:WQSMC;0x5212:weapon:item-animation-code:MS:WQSMS;0x5212:weapon:item-animation-code:Q2:WQSQ2;0x5212:weapon:item-animation-code:Q3:WQSQ3;0x5212:weapon:item-animation-code:Q4:WQSQ4;0x5212:weapon:item-animation-code:QS:WQSQS;0x5212:weapon:item-animation-code:S0:WQSS0;0x5212:weapon:item-animation-code:S1:WQSS1;0x5212:weapon:item-animation-code:S2:WQSS2;0x5212:weapon:item-animation-code:S3:WQSS3;0x5212:weapon:item-animation-code:SC:WQSSC;0x5212:weapon:item-animation-code:SL:WQSSL;0x5212:weapon:item-animation-code:SP:WQSSP;0x5212:weapon:item-animation-code:SS:WQSSS;0x5212:weapon:item-animation-code:WH:WQSWH,CDFW1A1;CDFW1A2;CDFW1A3;CDFW1A4;CDFW1A5;CDFW1A6;CDFW1A7;CDFW1A8;CDFW1A9;CDFW1CA;CDFW1G1;CDFW1G11;CDFW1G12;CDFW1G13;CDFW1G14;CDFW1G15;CDFW1G16;CDFW1G17;CDFW1G18;CDFW1G19;CDFW1SA;CDFW1SS;CDFW1SX;CDFW2A1;CDFW2A2;CDFW2A3;CDFW2A4;CDFW2A5;CDFW2A6;CDFW2A7;CDFW2A8;CDFW2A9;CDFW2CA;CDFW2G1;CDFW2G11;CDFW2G12;CDFW2G13;CDFW2G14;CDFW2G15;CDFW2G16;CDFW2G17;CDFW2G18;CDFW2G19;CDFW2SA;CDFW2SS;CDFW2SX;CDFW3A1;CDFW3A2;CDFW3A3;CDFW3A4;CDFW3A5;CDFW3A6;CDFW3A7;CDFW3A8;CDFW3A9;CDFW3CA;CDFW3G1;CDFW3G11;CDFW3G12;CDFW3G13;CDFW3G14;CDFW3G15;CDFW3G16;CDFW3G17;CDFW3G18;CDFW3G19;CDFW3SA;CDFW3SS;CDFW3SX;CDFW4A1;CDFW4A2;CDFW4A3;CDFW4A4;CDFW4A5;CDFW4A6;CDFW4A7;CDFW4A8;CDFW4A9;CDFW4CA;CDFW4G1;CDFW4G11;CDFW4G12;CDFW4G13;CDFW4G14;CDFW4G15;CDFW4G16;CDFW4G17;CDFW4G18;CDFW4G19;CDFW4SA;CDFW4SS;CDFW4SX;WQSAXA1;WQSAXA3;WQSAXA5;WQSAXA7;WQSAXA8;WQSAXA9;WQSAXG1;WQSAXOA7;WQSAXOA8;WQSAXOA9;WQSAXOG1;WQSBSG1;WQSBSSA;WQSBWG1;WQSBWSA;WQSC0A1;WQSC0A3;WQSC0A5;WQSC0G1;WQSC0SS;WQSC1A1;WQSC1A3;WQSC1A5;WQSC1G1;WQSC1SS;WQSC2A1;WQSC2A3;WQSC2A5;WQSC2G1;WQSC2SS;WQSC3A1;WQSC3A3;WQSC3A5;WQSC3G1;WQSC3SS;WQSC4A1;WQSC4A3;WQSC4A5;WQSC4G1;WQSC4SS;WQSC5A1;WQSC5A3;WQSC5A5;WQSC5G1;WQSC5SS;WQSC6A1;WQSC6A3;WQSC6A5;WQSC6G1;WQSC6SS;WQSC7A1;WQSC7A3;WQSC7A5;WQSC7G1;WQSC7SS;WQSCBG1;WQSCBSX;WQSCLA1;WQSCLA3;WQSCLA5;WQSCLA7;WQSCLA8;WQSCLA9;WQSCLG1;WQSCLOA7;WQSCLOA8;WQSCLOA9;WQSCLOG1;WQSD1A1;WQSD1A3;WQSD1A5;WQSD1G1;WQSD1SS;WQSD2A1;WQSD2A3;WQSD2A5;WQSD2G1;WQSD2SS;WQSD3A1;WQSD3A3;WQSD3A5;WQSD3G1;WQSD3SS;WQSD4A1;WQSD4A3;WQSD4A5;WQSD4G1;WQSD4SS;WQSDDA1;WQSDDA3;WQSDDA5;WQSDDA7;WQSDDA8;WQSDDA9;WQSDDG1;WQSDDOA7;WQSDDOA8;WQSDDOA9;WQSDDOG1;WQSF0A1;WQSF0A3;WQSF0A5;WQSF0A7;WQSF0A8;WQSF0A9;WQSF0G1;WQSF0OA7;WQSF0OA8;WQSF0OA9;WQSF0OG1;WQSF1A1;WQSF1A3;WQSF1A5;WQSF1A7;WQSF1A8;WQSF1A9;WQSF1G1;WQSF1OA7;WQSF1OA8;WQSF1OA9;WQSF1OG1;WQSF2A1;WQSF2A3;WQSF2A5;WQSF2A7;WQSF2A8;WQSF2A9;WQSF2G1;WQSF2OA7;WQSF2OA8;WQSF2OA9;WQSF2OG1;WQSF3A1;WQSF3A3;WQSF3A5;WQSF3A7;WQSF3A8;WQSF3A9;WQSF3G1;WQSF3OA7;WQSF3OA8;WQSF3OA9;WQSF3OG1;WQSFLA1;WQSFLA3;WQSFLA5;WQSFLA7;WQSFLA8;WQSFLA9;WQSFLG1;WQSFLOA7;WQSFLOA8;WQSFLOA9;WQSFLOG1;WQSFSA1;WQSFSA3;WQSFSA5;WQSFSA7;WQSFSA8;WQSFSA9;WQSFSG1;WQSFSOA7;WQSFSOA8;WQSFSOA9;WQSFSOG1;WQSGSA2;WQSGSA4;WQSGSA6;WQSGSG1;WQSH0A1;WQSH0A2;WQSH0A3;WQSH0A4;WQSH0A5;WQSH0A6;WQSH0A7;WQSH0A8;WQSH0A9;WQSH0CA;WQSH0G1;WQSH0SA;WQSH0SS;WQSH0SX;WQSH1A1;WQSH1A2;WQSH1A3;WQSH1A4;WQSH1A5;WQSH1A6;WQSH1A7;WQSH1A8;WQSH1A9;WQSH1CA;WQSH1G1;WQSH1SA;WQSH1SS;WQSH1SX;WQSH2A1;WQSH2A2;WQSH2A3;WQSH2A4;WQSH2A5;WQSH2A6;WQSH2A7;WQSH2A8;WQSH2A9;WQSH2CA;WQSH2G1;WQSH2SA;WQSH2SS;WQSH2SX;WQSH5A1;WQSH5A2;WQSH5A3;WQSH5A4;WQSH5A5;WQSH5A6;WQSH5A7;WQSH5A8;WQSH5A9;WQSH5CA;WQSH5G1;WQSH5SA;WQSH5SS;WQSH5SX;WQSH6A1;WQSH6A2;WQSH6A3;WQSH6A4;WQSH6A5;WQSH6A6;WQSH6A7;WQSH6A8;WQSH6A9;WQSH6CA;WQSH6G1;WQSH6SA;WQSH6SS;WQSH6SX;WQSHBA2;WQSHBA4;WQSHBA6;WQSHBG1;WQSJ0A1;WQSJ0A2;WQSJ0A3;WQSJ0A4;WQSJ0A5;WQSJ0A6;WQSJ0A7;WQSJ0A8;WQSJ0A9;WQSJ0CA;WQSJ0G1;WQSJ0SA;WQSJ0SS;WQSJ0SX;WQSJ1A1;WQSJ1A2;WQSJ1A3;WQSJ1A4;WQSJ1A5;WQSJ1A6;WQSJ1A7;WQSJ1A8;WQSJ1A9;WQSJ1CA;WQSJ1G1;WQSJ1SA;WQSJ1SS;WQSJ1SX;WQSJ2A1;WQSJ2A2;WQSJ2A3;WQSJ2A4;WQSJ2A5;WQSJ2A6;WQSJ2A7;WQSJ2A8;WQSJ2A9;WQSJ2CA;WQSJ2G1;WQSJ2SA;WQSJ2SS;WQSJ2SX;WQSJ3A1;WQSJ3A2;WQSJ3A3;WQSJ3A4;WQSJ3A5;WQSJ3A6;WQSJ3A7;WQSJ3A8;WQSJ3A9;WQSJ3CA;WQSJ3G1;WQSJ3SA;WQSJ3SS;WQSJ3SX;WQSJ4A1;WQSJ4A2;WQSJ4A3;WQSJ4A4;WQSJ4A5;WQSJ4A6;WQSJ4A7;WQSJ4A8;WQSJ4A9;WQSJ4CA;WQSJ4G1;WQSJ4SA;WQSJ4SS;WQSJ4SX;WQSJ5A1;WQSJ5A2;WQSJ5A3;WQSJ5A4;WQSJ5A5;WQSJ5A6;WQSJ5A7;WQSJ5A8;WQSJ5A9;WQSJ5CA;WQSJ5G1;WQSJ5SA;WQSJ5SS;WQSJ5SX;WQSJ6A1;WQSJ6A2;WQSJ6A3;WQSJ6A4;WQSJ6A5;WQSJ6A6;WQSJ6A7;WQSJ6A8;WQSJ6A9;WQSJ6CA;WQSJ6G1;WQSJ6SA;WQSJ6SS;WQSJ6SX;WQSJ7A1;WQSJ7A2;WQSJ7A3;WQSJ7A4;WQSJ7A5;WQSJ7A6;WQSJ7A7;WQSJ7A8;WQSJ7A9;WQSJ7CA;WQSJ7G1;WQSJ7SA;WQSJ7SS;WQSJ7SX;WQSJ8A1;WQSJ8A2;WQSJ8A3;WQSJ8A4;WQSJ8A5;WQSJ8A6;WQSJ8A7;WQSJ8A8;WQSJ8A9;WQSJ8CA;WQSJ8G1;WQSJ8SA;WQSJ8SS;WQSJ8SX;WQSJ9A1;WQSJ9A2;WQSJ9A3;WQSJ9A4;WQSJ9A5;WQSJ9A6;WQSJ9A7;WQSJ9A8;WQSJ9A9;WQSJ9CA;WQSJ9G1;WQSJ9SA;WQSJ9SS;WQSJ9SX;WQSJAA1;WQSJAA2;WQSJAA3;WQSJAA4;WQSJAA5;WQSJAA6;WQSJAA7;WQSJAA8;WQSJAA9;WQSJACA;WQSJAG1;WQSJASA;WQSJASS;WQSJASX;WQSJBA1;WQSJBA2;WQSJBA3;WQSJBA4;WQSJBA5;WQSJBA6;WQSJBA7;WQSJBA8;WQSJBA9;WQSJBCA;WQSJBG1;WQSJBSA;WQSJBSS;WQSJBSX;WQSJCA1;WQSJCA2;WQSJCA3;WQSJCA4;WQSJCA5;WQSJCA6;WQSJCA7;WQSJCA8;WQSJCA9;WQSJCCA;WQSJCG1;WQSJCSA;WQSJCSS;WQSJCSX;WQSM2A1;WQSM2A3;WQSM2A5;WQSM2A7;WQSM2A8;WQSM2A9;WQSM2G1;WQSM2OA7;WQSM2OA8;WQSM2OA9;WQSM2OG1;WQSMCA1;WQSMCA3;WQSMCA5;WQSMCA7;WQSMCA8;WQSMCA9;WQSMCG1;WQSMCOA7;WQSMCOA8;WQSMCOA9;WQSMCOG1;WQSMSA1;WQSMSA3;WQSMSA5;WQSMSA7;WQSMSA8;WQSMSA9;WQSMSG1;WQSMSOA7;WQSMSOA8;WQSMSOA9;WQSMSOG1;WQSQ2A2;WQSQ2A4;WQSQ2A6;WQSQ2G1;WQSQ3A2;WQSQ3A4;WQSQ3A6;WQSQ3G1;WQSQ4A2;WQSQ4A4;WQSQ4A6;WQSQ4G1;WQSQSA2;WQSQSA4;WQSQSA6;WQSQSG1;WQSS0A1;WQSS0A3;WQSS0A5;WQSS0A7;WQSS0A8;WQSS0A9;WQSS0G1;WQSS0OA7;WQSS0OA8;WQSS0OA9;WQSS0OG1;WQSS1A1;WQSS1A3;WQSS1A5;WQSS1A7;WQSS1A8;WQSS1A9;WQSS1G1;WQSS1OA7;WQSS1OA8;WQSS1OA9;WQSS1OG1;WQSS2A2;WQSS2A4;WQSS2A6;WQSS2G1;WQSS3A1;WQSS3A3;WQSS3A5;WQSS3A7;WQSS3A8;WQSS3A9;WQSS3G1;WQSS3OA7;WQSS3OA8;WQSS3OA9;WQSS3OG1;WQSSCA1;WQSSCA3;WQSSCA5;WQSSCA7;WQSSCA8;WQSSCA9;WQSSCG1;WQSSCOA7;WQSSCOA8;WQSSCOA9;WQSSCOG1;WQSSLG1;WQSSLSS;WQSSPA2;WQSSPA4;WQSSPA6;WQSSPG1;WQSSSA1;WQSSSA3;WQSSSA5;WQSSSA7;WQSSSA8;WQSSSA9;WQSSSG1;WQSSSOA7;WQSSSOA8;WQSSSOA9;WQSSSOG1;WQSWHA1;WQSWHA3;WQSWHA5;WQSWHA7;WQSWHA8;WQSWHA9;WQSWHG1;WQSWHOA7;WQSWHOA8;WQSWHOA9;WQSWHOG1;WQSZWA1;WQSZWA2;WQSZWA3;WQSZWA4;WQSZWA5;WQSZWA6;WQSZWA7;WQSZWA8;WQSZWA9;WQSZWCA;WQSZWG1;WQSZWSA;WQSZWSS;WQSZWSX,q3m-reference-available,docs/measurements/playable-q3m-x2-ingame-20261002-v1/current-generation.json,no-colour-variant-reference,94680,94607,,sprite/index/palette-work-plan.json,94680
0x5300,THIEF_MALE_HUMAN_LOW,character,5000,1,1,CHMT,66,65,656,180337,0x5300:body:armor-code:1:CHMT1;0x5300:body:armor-code:2:CHMT2;0x5300:body:armor-code:3:CHMT3;0x5300:body:armor-code:4:CHMT4;0x5300:helmet:item-animation-code:H0:WQLH0;0x5300:helmet:item-animation-code:H1:WQLH1;0x5300:helmet:item-animation-code:H2:WQLH2;0x5300:helmet:item-animation-code:H5:WQLH5;0x5300:helmet:item-animation-code:J0:WQLJ0;0x5300:helmet:item-animation-code:J1:WQLJ1;0x5300:helmet:item-animation-code:J2:WQLJ2;0x5300:helmet:item-animation-code:J3:WQLJ3;0x5300:helmet:item-animation-code:J4:WQLJ4;0x5300:helmet:item-animation-code:J5:WQLJ5;0x5300:helmet:item-animation-code:J6:WQLJ6;0x5300:helmet:item-animation-code:J7:WQLJ7;0x5300:helmet:item-animation-code:J8:WQLJ8;0x5300:helmet:item-animation-code:J9:WQLJ9;0x5300:helmet:item-animation-code:JA:WQLJA;0x5300:helmet:item-animation-code:JB:WQLJB;0x5300:helmet:item-animation-code:JC:WQLJC;0x5300:helmet:item-animation-code:YW:WQLYW;0x5300:helmet:item-animation-code:ZW:WQLZW;0x5300:shield:item-animation-code:C0:WQLC0;0x5300:shield:item-animation-code:C1:WQLC1;0x5300:shield:item-animation-code:C2:WQLC2;0x5300:shield:item-animation-code:C3:WQLC3;0x5300:shield:item-animation-code:C4:WQLC4;0x5300:shield:item-animation-code:C5:WQLC5;0x5300:shield:item-animation-code:C6:WQLC6;0x5300:shield:item-animation-code:C7:WQLC7;0x5300:shield:item-animation-code:D1:WQLD1;0x5300:shield:item-animation-code:D2:WQLD2;0x5300:shield:item-animation-code:D3:WQLD3;0x5300:shield:item-animation-code:D4:WQLD4;0x5300:weapon:item-animation-code:AX:WQLAX;0x5300:weapon:item-animation-code:BS:WQLBS;0x5300:weapon:item-animation-code:BW:WQLBW;0x5300:weapon:item-animation-code:CB:WQLCB;0x5300:weapon:item-animation-code:CL:WQLCL;0x5300:weapon:item-animation-code:DD:WQLDD;0x5300:weapon:item-animation-code:F0:WQLF0;0x5300:weapon:item-animation-code:F1:WQLF1;0x5300:weapon:item-animation-code:F2:WQLF2;0x5300:weapon:item-animation-code:F3:WQLF3;0x5300:weapon:item-animation-code:FL:WQLFL;0x5300:weapon:item-animation-code:FS:WQLFS;0x5300:weapon:item-animation-code:GS:WQLGS;0x5300:weapon:item-animation-code:H6:WQLH6;0x5300:weapon:item-animation-code:HB:WQLHB;0x5300:weapon:item-animation-code:M2:WQLM2;0x5300:weapon:item-animation-code:MC:WQLMC;0x5300:weapon:item-animation-code:MS:WQLMS;0x5300:weapon:item-animation-code:Q2:WQLQ2;0x5300:weapon:item-animation-code:Q3:WQLQ3;0x5300:weapon:item-animation-code:Q4:WQLQ4;0x5300:weapon:item-animation-code:QS:WQLQS;0x5300:weapon:item-animation-code:S0:WQLS0;0x5300:weapon:item-animation-code:S1:WQLS1;0x5300:weapon:item-animation-code:S2:WQLS2;0x5300:weapon:item-animation-code:S3:WQLS3;0x5300:weapon:item-animation-code:SC:WQLSC;0x5300:weapon:item-animation-code:SL:WQLSL;0x5300:weapon:item-animation-code:SP:WQLSP;0x5300:weapon:item-animation-code:SS:WQLSS;0x5300:weapon:item-animation-code:WH:WQLWH,CHMT1A1;CHMT1A2;CHMT1A3;CHMT1A4;CHMT1A5;CHMT1A6;CHMT1A7;CHMT1A8;CHMT1A9;CHMT1CA;CHMT1G1;CHMT1G11;CHMT1G12;CHMT1G13;CHMT1G14;CHMT1G15;CHMT1G16;CHMT1G17;CHMT1G18;CHMT1G19;CHMT1SA;CHMT1SS;CHMT1SX;CHMT2A1;CHMT2A2;CHMT2A3;CHMT2A4;CHMT2A5;CHMT2A6;CHMT2A7;CHMT2A8;CHMT2A9;CHMT2CA;CHMT2G1;CHMT2G11;CHMT2G12;CHMT2G13;CHMT2G14;CHMT2G15;CHMT2G16;CHMT2G17;CHMT2G18;CHMT2G19;CHMT2SA;CHMT2SS;CHMT2SX;CHMT3A1;CHMT3A2;CHMT3A3;CHMT3A4;CHMT3A5;CHMT3A6;CHMT3A7;CHMT3A8;CHMT3A9;CHMT3CA;CHMT3G1;CHMT3G11;CHMT3G12;CHMT3G13;CHMT3G14;CHMT3G15;CHMT3G16;CHMT3G17;CHMT3G18;CHMT3G19;CHMT3SA;CHMT3SS;CHMT3SX;CHMT4A1;CHMT4A2;CHMT4A3;CHMT4A4;CHMT4A5;CHMT4A6;CHMT4A7;CHMT4A8;CHMT4A9;CHMT4CA;CHMT4G1;CHMT4G11;CHMT4G12;CHMT4G13;CHMT4G14;CHMT4G15;CHMT4G16;CHMT4G17;CHMT4G18;CHMT4G19;CHMT4SA;CHMT4SS;CHMT4SX;WQLAXA1;WQLAXA3;WQLAXA5;WQLAXA7;WQLAXA8;WQLAXA9;WQLAXG1;WQLAXOA7;WQLAXOA8;WQLAXOA9;WQLAXOG1;WQLBSG1;WQLBSSA;WQLBWG1;WQLBWSA;WQLC0A1;WQLC0A3;WQLC0A5;WQLC0G1;WQLC0SS;WQLC1A1;WQLC1A3;WQLC1A5;WQLC1G1;WQLC1SS;WQLC2A1;WQLC2A3;WQLC2A5;WQLC2G1;WQLC2SS;WQLC3A1;WQLC3A3;WQLC3A5;WQLC3G1;WQLC3SS;WQLC4A1;WQLC4A3;WQLC4A5;WQLC4G1;WQLC4SS;WQLC5A1;WQLC5A3;WQLC5A5;WQLC5G1;WQLC5SS;WQLC6A1;WQLC6A3;WQLC6A5;WQLC6G1;WQLC6SS;WQLC7A1;WQLC7A3;WQLC7A5;WQLC7G1;WQLC7SS;WQLCBG1;WQLCBSX;WQLCLA1;WQLCLA3;WQLCLA5;WQLCLA7;WQLCLA8;WQLCLA9;WQLCLG1;WQLCLOA7;WQLCLOA8;WQLCLOA9;WQLCLOG1;WQLD1A1;WQLD1A3;WQLD1A5;WQLD1G1;WQLD1SS;WQLD2A1;WQLD2A3;WQLD2A5;WQLD2G1;WQLD2SS;WQLD3A1;WQLD3A3;WQLD3A5;WQLD3G1;WQLD3SS;WQLD4A1;WQLD4A3;WQLD4A5;WQLD4G1;WQLD4SS;WQLDDA1;WQLDDA3;WQLDDA5;WQLDDA7;WQLDDA8;WQLDDA9;WQLDDG1;WQLDDOA7;WQLDDOA8;WQLDDOA9;WQLDDOG1;WQLF0A1;WQLF0A3;WQLF0A5;WQLF0A7;WQLF0A8;WQLF0A9;WQLF0G1;WQLF0OA7;WQLF0OA8;WQLF0OA9;WQLF0OG1;WQLF1A1;WQLF1A3;WQLF1A5;WQLF1A7;WQLF1A8;WQLF1A9;WQLF1G1;WQLF1OA7;WQLF1OA8;WQLF1OA9;WQLF1OG1;WQLF2A1;WQLF2A3;WQLF2A5;WQLF2A7;WQLF2A8;WQLF2A9;WQLF2G1;WQLF2OA7;WQLF2OA8;WQLF2OA9;WQLF2OG1;WQLF3A1;WQLF3A3;WQLF3A5;WQLF3A7;WQLF3A8;WQLF3A9;WQLF3G1;WQLF3OA7;WQLF3OA8;WQLF3OA9;WQLF3OG1;WQLFLA1;WQLFLA3;WQLFLA5;WQLFLA7;WQLFLA8;WQLFLA9;WQLFLG1;WQLFLOA7;WQLFLOA8;WQLFLOA9;WQLFLOG1;WQLFSA1;WQLFSA3;WQLFSA5;WQLFSA7;WQLFSA8;WQLFSA9;WQLFSG1;WQLFSOA7;WQLFSOA8;WQLFSOA9;WQLFSOG1;WQLGSA2;WQLGSA4;WQLGSA6;WQLGSG1;WQLH0A1;WQLH0A2;WQLH0A3;WQLH0A4;WQLH0A5;WQLH0A6;WQLH0A7;WQLH0A8;WQLH0A9;WQLH0CA;WQLH0G1;WQLH0SA;WQLH0SS;WQLH0SX;WQLH1A1;WQLH1A2;WQLH1A3;WQLH1A4;WQLH1A5;WQLH1A6;WQLH1A7;WQLH1A8;WQLH1A9;WQLH1CA;WQLH1G1;WQLH1SA;WQLH1SS;WQLH1SX;WQLH2A1;WQLH2A2;WQLH2A3;WQLH2A4;WQLH2A5;WQLH2A6;WQLH2A7;WQLH2A8;WQLH2A9;WQLH2CA;WQLH2G1;WQLH2SA;WQLH2SS;WQLH2SX;WQLH5A1;WQLH5A2;WQLH5A3;WQLH5A4;WQLH5A5;WQLH5A6;WQLH5A7;WQLH5A8;WQLH5A9;WQLH5CA;WQLH5G1;WQLH5SA;WQLH5SS;WQLH5SX;WQLH6A1;WQLH6A2;WQLH6A3;WQLH6A4;WQLH6A5;WQLH6A6;WQLH6A7;WQLH6A8;WQLH6A9;WQLH6CA;WQLH6G1;WQLH6SA;WQLH6SS;WQLH6SX;WQLHBA2;WQLHBA4;WQLHBA6;WQLHBG1;WQLJ0A1;WQLJ0A2;WQLJ0A3;WQLJ0A4;WQLJ0A5;WQLJ0A6;WQLJ0A7;WQLJ0A8;WQLJ0A9;WQLJ0CA;WQLJ0G1;WQLJ0SA;WQLJ0SS;WQLJ0SX;WQLJ1A1;WQLJ1A2;WQLJ1A3;WQLJ1A4;WQLJ1A5;WQLJ1A6;WQLJ1A7;WQLJ1A8;WQLJ1A9;WQLJ1CA;WQLJ1G1;WQLJ1SA;WQLJ1SS;WQLJ1SX;WQLJ2A1;WQLJ2A2;WQLJ2A3;WQLJ2A4;WQLJ2A5;WQLJ2A6;WQLJ2A7;WQLJ2A8;WQLJ2A9;WQLJ2CA;WQLJ2G1;WQLJ2SA;WQLJ2SS;WQLJ2SX;WQLJ3A1;WQLJ3A2;WQLJ3A3;WQLJ3A4;WQLJ3A5;WQLJ3A6;WQLJ3A7;WQLJ3A8;WQLJ3A9;WQLJ3CA;WQLJ3G1;WQLJ3SA;WQLJ3SS;WQLJ3SX;WQLJ4A1;WQLJ4A2;WQLJ4A3;WQLJ4A4;WQLJ4A5;WQLJ4A6;WQLJ4A7;WQLJ4A8;WQLJ4A9;WQLJ4CA;WQLJ4G1;WQLJ4SA;WQLJ4SS;WQLJ4SX;WQLJ5A1;WQLJ5A2;WQLJ5A3;WQLJ5A4;WQLJ5A5;WQLJ5A6;WQLJ5A7;WQLJ5A8;WQLJ5A9;WQLJ5CA;WQLJ5G1;WQLJ5SA;WQLJ5SS;WQLJ5SX;WQLJ6A1;WQLJ6A2;WQLJ6A3;WQLJ6A4;WQLJ6A5;WQLJ6A6;WQLJ6A7;WQLJ6A8;WQLJ6A9;WQLJ6CA;WQLJ6G1;WQLJ6SA;WQLJ6SS;WQLJ6SX;WQLJ7A1;WQLJ7A2;WQLJ7A3;WQLJ7A4;WQLJ7A5;WQLJ7A6;WQLJ7A7;WQLJ7A8;WQLJ7A9;WQLJ7CA;WQLJ7G1;WQLJ7SA;WQLJ7SS;WQLJ7SX;WQLJ8A1;WQLJ8A2;WQLJ8A3;WQLJ8A4;WQLJ8A5;WQLJ8A6;WQLJ8A7;WQLJ8A8;WQLJ8A9;WQLJ8CA;WQLJ8G1;WQLJ8SA;WQLJ8SS;WQLJ8SX;WQLJ9A1;WQLJ9A2;WQLJ9A3;WQLJ9A4;WQLJ9A5;WQLJ9A6;WQLJ9A7;WQLJ9A8;WQLJ9A9;WQLJ9CA;WQLJ9G1;WQLJ9SA;WQLJ9SS;WQLJ9SX;WQLJAA1;WQLJAA2;WQLJAA3;WQLJAA4;WQLJAA5;WQLJAA6;WQLJAA7;WQLJAA8;WQLJAA9;WQLJACA;WQLJAG1;WQLJASA;WQLJASS;WQLJASX;WQLJBA1;WQLJBA2;WQLJBA3;WQLJBA4;WQLJBA5;WQLJBA6;WQLJBA7;WQLJBA8;WQLJBA9;WQLJBCA;WQLJBG1;WQLJBSA;WQLJBSS;WQLJBSX;WQLJCA1;WQLJCA2;WQLJCA3;WQLJCA4;WQLJCA5;WQLJCA6;WQLJCA7;WQLJCA8;WQLJCA9;WQLJCCA;WQLJCG1;WQLJCSA;WQLJCSS;WQLJCSX;WQLM2A1;WQLM2A3;WQLM2A5;WQLM2A7;WQLM2A8;WQLM2A9;WQLM2G1;WQLM2OA7;WQLM2OA8;WQLM2OA9;WQLM2OG1;WQLMCA1;WQLMCA3;WQLMCA5;WQLMCA7;WQLMCA8;WQLMCA9;WQLMCG1;WQLMCOA7;WQLMCOA8;WQLMCOA9;WQLMCOG1;WQLMSA1;WQLMSA3;WQLMSA5;WQLMSA7;WQLMSA8;WQLMSA9;WQLMSG1;WQLMSOA7;WQLMSOA8;WQLMSOA9;WQLMSOG1;WQLQ2A2;WQLQ2A4;WQLQ2A6;WQLQ2G1;WQLQ3A2;WQLQ3A4;WQLQ3A6;WQLQ3G1;WQLQ4A2;WQLQ4A4;WQLQ4A6;WQLQ4G1;WQLQSA2;WQLQSA4;WQLQSA6;WQLQSG1;WQLS0A1;WQLS0A3;WQLS0A5;WQLS0A7;WQLS0A8;WQLS0A9;WQLS0G1;WQLS0OA7;WQLS0OA8;WQLS0OA9;WQLS0OG1;WQLS1A1;WQLS1A3;WQLS1A5;WQLS1A7;WQLS1A8;WQLS1A9;WQLS1G1;WQLS1OA7;WQLS1OA8;WQLS1OA9;WQLS1OG1;WQLS2A2;WQLS2A4;WQLS2A6;WQLS2G1;WQLS3A1;WQLS3A3;WQLS3A5;WQLS3A7;WQLS3A8;WQLS3A9;WQLS3G1;WQLS3OA7;WQLS3OA8;WQLS3OA9;WQLS3OG1;WQLSCA1;WQLSCA3;WQLSCA5;WQLSCA7;WQLSCA8;WQLSCA9;WQLSCG1;WQLSCOA7;WQLSCOA8;WQLSCOA9;WQLSCOG1;WQLSLG1;WQLSLSS;WQLSPA2;WQLSPA4;WQLSPA6;WQLSPG1;WQLSSA1;WQLSSA3;WQLSSA5;WQLSSA7;WQLSSA8;WQLSSA9;WQLSSG1;WQLSSOA7;WQLSSOA8;WQLSSOA9;WQLSSOG1;WQLWHA1;WQLWHA3;WQLWHA5;WQLWHA7;WQLWHA8;WQLWHA9;WQLWHG1;WQLWHOA7;WQLWHOA8;WQLWHOA9;WQLWHOG1;WQLZWA1;WQLZWA2;WQLZWA3;WQLZWA4;WQLZWA5;WQLZWA6;WQLZWA7;WQLZWA8;WQLZWA9;WQLZWCA;WQLZWG1;WQLZWSA;WQLZWSS;WQLZWSX,q3m-reference-available,docs/measurements/playable-q3m-x2-ingame-20261002-v1/current-generation.json,no-colour-variant-reference,94945,94876,,sprite/index/palette-work-plan.json,94945
0x5301,THIEF_MALE_ELF_LOW,character,5000,1,1,CEMT,66,65,656,180494,0x5301:body:armor-code:1:CEMT1;0x5301:body:armor-code:2:CEMT2;0x5301:body:armor-code:3:CEMT3;0x5301:body:armor-code:4:CEMT4;0x5301:helmet:item-animation-code:H0:WQMH0;0x5301:helmet:item-animation-code:H1:WQMH1;0x5301:helmet:item-animation-code:H2:WQMH2;0x5301:helmet:item-animation-code:H5:WQMH5;0x5301:helmet:item-animation-code:J0:WQMJ0;0x5301:helmet:item-animation-code:J1:WQMJ1;0x5301:helmet:item-animation-code:J2:WQMJ2;0x5301:helmet:item-animation-code:J3:WQMJ3;0x5301:helmet:item-animation-code:J4:WQMJ4;0x5301:helmet:item-animation-code:J5:WQMJ5;0x5301:helmet:item-animation-code:J6:WQMJ6;0x5301:helmet:item-animation-code:J7:WQMJ7;0x5301:helmet:item-animation-code:J8:WQMJ8;0x5301:helmet:item-animation-code:J9:WQMJ9;0x5301:helmet:item-animation-code:JA:WQMJA;0x5301:helmet:item-animation-code:JB:WQMJB;0x5301:helmet:item-animation-code:JC:WQMJC;0x5301:helmet:item-animation-code:YW:WQMYW;0x5301:helmet:item-animation-code:ZW:WQMZW;0x5301:shield:item-animation-code:C0:WQMC0;0x5301:shield:item-animation-code:C1:WQMC1;0x5301:shield:item-animation-code:C2:WQMC2;0x5301:shield:item-animation-code:C3:WQMC3;0x5301:shield:item-animation-code:C4:WQMC4;0x5301:shield:item-animation-code:C5:WQMC5;0x5301:shield:item-animation-code:C6:WQMC6;0x5301:shield:item-animation-code:C7:WQMC7;0x5301:shield:item-animation-code:D1:WQMD1;0x5301:shield:item-animation-code:D2:WQMD2;0x5301:shield:item-animation-code:D3:WQMD3;0x5301:shield:item-animation-code:D4:WQMD4;0x5301:weapon:item-animation-code:AX:WQMAX;0x5301:weapon:item-animation-code:BS:WQMBS;0x5301:weapon:item-animation-code:BW:WQMBW;0x5301:weapon:item-animation-code:CB:WQMCB;0x5301:weapon:item-animation-code:CL:WQMCL;0x5301:weapon:item-animation-code:DD:WQMDD;0x5301:weapon:item-animation-code:F0:WQMF0;0x5301:weapon:item-animation-code:F1:WQMF1;0x5301:weapon:item-animation-code:F2:WQMF2;0x5301:weapon:item-animation-code:F3:WQMF3;0x5301:weapon:item-animation-code:FL:WQMFL;0x5301:weapon:item-animation-code:FS:WQMFS;0x5301:weapon:item-animation-code:GS:WQMGS;0x5301:weapon:item-animation-code:H6:WQMH6;0x5301:weapon:item-animation-code:HB:WQMHB;0x5301:weapon:item-animation-code:M2:WQMM2;0x5301:weapon:item-animation-code:MC:WQMMC;0x5301:weapon:item-animation-code:MS:WQMMS;0x5301:weapon:item-animation-code:Q2:WQMQ2;0x5301:weapon:item-animation-code:Q3:WQMQ3;0x5301:weapon:item-animation-code:Q4:WQMQ4;0x5301:weapon:item-animation-code:QS:WQMQS;0x5301:weapon:item-animation-code:S0:WQMS0;0x5301:weapon:item-animation-code:S1:WQMS1;0x5301:weapon:item-animation-code:S2:WQMS2;0x5301:weapon:item-animation-code:S3:WQMS3;0x5301:weapon:item-animation-code:SC:WQMSC;0x5301:weapon:item-animation-code:SL:WQMSL;0x5301:weapon:item-animation-code:SP:WQMSP;0x5301:weapon:item-animation-code:SS:WQMSS;0x5301:weapon:item-animation-code:WH:WQMWH,CEMT1A1;CEMT1A2;CEMT1A3;CEMT1A4;CEMT1A5;CEMT1A6;CEMT1A7;CEMT1A8;CEMT1A9;CEMT1CA;CEMT1G1;CEMT1G11;CEMT1G12;CEMT1G13;CEMT1G14;CEMT1G15;CEMT1G16;CEMT1G17;CEMT1G18;CEMT1G19;CEMT1SA;CEMT1SS;CEMT1SX;CEMT2A1;CEMT2A2;CEMT2A3;CEMT2A4;CEMT2A5;CEMT2A6;CEMT2A7;CEMT2A8;CEMT2A9;CEMT2CA;CEMT2G1;CEMT2G11;CEMT2G12;CEMT2G13;CEMT2G14;CEMT2G15;CEMT2G16;CEMT2G17;CEMT2G18;CEMT2G19;CEMT2SA;CEMT2SS;CEMT2SX;CEMT3A1;CEMT3A2;CEMT3A3;CEMT3A4;CEMT3A5;CEMT3A6;CEMT3A7;CEMT3A8;CEMT3A9;CEMT3CA;CEMT3G1;CEMT3G11;CEMT3G12;CEMT3G13;CEMT3G14;CEMT3G15;CEMT3G16;CEMT3G17;CEMT3G18;CEMT3G19;CEMT3SA;CEMT3SS;CEMT3SX;CEMT4A1;CEMT4A2;CEMT4A3;CEMT4A4;CEMT4A5;CEMT4A6;CEMT4A7;CEMT4A8;CEMT4A9;CEMT4CA;CEMT4G1;CEMT4G11;CEMT4G12;CEMT4G13;CEMT4G14;CEMT4G15;CEMT4G16;CEMT4G17;CEMT4G18;CEMT4G19;CEMT4SA;CEMT4SS;CEMT4SX;WQMAXA1;WQMAXA3;WQMAXA5;WQMAXA7;WQMAXA8;WQMAXA9;WQMAXG1;WQMAXOA7;WQMAXOA8;WQMAXOA9;WQMAXOG1;WQMBSG1;WQMBSSA;WQMBWG1;WQMBWSA;WQMC0A1;WQMC0A3;WQMC0A5;WQMC0G1;WQMC0SS;WQMC1A1;WQMC1A3;WQMC1A5;WQMC1G1;WQMC1SS;WQMC2A1;WQMC2A3;WQMC2A5;WQMC2G1;WQMC2SS;WQMC3A1;WQMC3A3;WQMC3A5;WQMC3G1;WQMC3SS;WQMC4A1;WQMC4A3;WQMC4A5;WQMC4G1;WQMC4SS;WQMC5A1;WQMC5A3;WQMC5A5;WQMC5G1;WQMC5SS;WQMC6A1;WQMC6A3;WQMC6A5;WQMC6G1;WQMC6SS;WQMC7A1;WQMC7A3;WQMC7A5;WQMC7G1;WQMC7SS;WQMCBG1;WQMCBSX;WQMCLA1;WQMCLA3;WQMCLA5;WQMCLA7;WQMCLA8;WQMCLA9;WQMCLG1;WQMCLOA7;WQMCLOA8;WQMCLOA9;WQMCLOG1;WQMD1A1;WQMD1A3;WQMD1A5;WQMD1G1;WQMD1SS;WQMD2A1;WQMD2A3;WQMD2A5;WQMD2G1;WQMD2SS;WQMD3A1;WQMD3A3;WQMD3A5;WQMD3G1;WQMD3SS;WQMD4A1;WQMD4A3;WQMD4A5;WQMD4G1;WQMD4SS;WQMDDA1;WQMDDA3;WQMDDA5;WQMDDA7;WQMDDA8;WQMDDA9;WQMDDG1;WQMDDOA7;WQMDDOA8;WQMDDOA9;WQMDDOG1;WQMF0A1;WQMF0A3;WQMF0A5;WQMF0A7;WQMF0A8;WQMF0A9;WQMF0G1;WQMF0OA7;WQMF0OA8;WQMF0OA9;WQMF0OG1;WQMF1A1;WQMF1A3;WQMF1A5;WQMF1A7;WQMF1A8;WQMF1A9;WQMF1G1;WQMF1OA7;WQMF1OA8;WQMF1OA9;WQMF1OG1;WQMF2A1;WQMF2A3;WQMF2A5;WQMF2A7;WQMF2A8;WQMF2A9;WQMF2G1;WQMF2OA7;WQMF2OA8;WQMF2OA9;WQMF2OG1;WQMF3A1;WQMF3A3;WQMF3A5;WQMF3A7;WQMF3A8;WQMF3A9;WQMF3G1;WQMF3OA7;WQMF3OA8;WQMF3OA9;WQMF3OG1;WQMFLA1;WQMFLA3;WQMFLA5;WQMFLA7;WQMFLA8;WQMFLA9;WQMFLG1;WQMFLOA7;WQMFLOA8;WQMFLOA9;WQMFLOG1;WQMFSA1;WQMFSA3;WQMFSA5;WQMFSA7;WQMFSA8;WQMFSA9;WQMFSG1;WQMFSOA7;WQMFSOA8;WQMFSOA9;WQMFSOG1;WQMGSA2;WQMGSA4;WQMGSA6;WQMGSG1;WQMH0A1;WQMH0A2;WQMH0A3;WQMH0A4;WQMH0A5;WQMH0A6;WQMH0A7;WQMH0A8;WQMH0A9;WQMH0CA;WQMH0G1;WQMH0SA;WQMH0SS;WQMH0SX;WQMH1A1;WQMH1A2;WQMH1A3;WQMH1A4;WQMH1A5;WQMH1A6;WQMH1A7;WQMH1A8;WQMH1A9;WQMH1CA;WQMH1G1;WQMH1SA;WQMH1SS;WQMH1SX;WQMH2A1;WQMH2A2;WQMH2A3;WQMH2A4;WQMH2A5;WQMH2A6;WQMH2A7;WQMH2A8;WQMH2A9;WQMH2CA;WQMH2G1;WQMH2SA;WQMH2SS;WQMH2SX;WQMH5A1;WQMH5A2;WQMH5A3;WQMH5A4;WQMH5A5;WQMH5A6;WQMH5A7;WQMH5A8;WQMH5A9;WQMH5CA;WQMH5G1;WQMH5SA;WQMH5SS;WQMH5SX;WQMH6A1;WQMH6A2;WQMH6A3;WQMH6A4;WQMH6A5;WQMH6A6;WQMH6A7;WQMH6A8;WQMH6A9;WQMH6CA;WQMH6G1;WQMH6SA;WQMH6SS;WQMH6SX;WQMHBA2;WQMHBA4;WQMHBA6;WQMHBG1;WQMJ0A1;WQMJ0A2;WQMJ0A3;WQMJ0A4;WQMJ0A5;WQMJ0A6;WQMJ0A7;WQMJ0A8;WQMJ0A9;WQMJ0CA;WQMJ0G1;WQMJ0SA;WQMJ0SS;WQMJ0SX;WQMJ1A1;WQMJ1A2;WQMJ1A3;WQMJ1A4;WQMJ1A5;WQMJ1A6;WQMJ1A7;WQMJ1A8;WQMJ1A9;WQMJ1CA;WQMJ1G1;WQMJ1SA;WQMJ1SS;WQMJ1SX;WQMJ2A1;WQMJ2A2;WQMJ2A3;WQMJ2A4;WQMJ2A5;WQMJ2A6;WQMJ2A7;WQMJ2A8;WQMJ2A9;WQMJ2CA;WQMJ2G1;WQMJ2SA;WQMJ2SS;WQMJ2SX;WQMJ3A1;WQMJ3A2;WQMJ3A3;WQMJ3A4;WQMJ3A5;WQMJ3A6;WQMJ3A7;WQMJ3A8;WQMJ3A9;WQMJ3CA;WQMJ3G1;WQMJ3SA;WQMJ3SS;WQMJ3SX;WQMJ4A1;WQMJ4A2;WQMJ4A3;WQMJ4A4;WQMJ4A5;WQMJ4A6;WQMJ4A7;WQMJ4A8;WQMJ4A9;WQMJ4CA;WQMJ4G1;WQMJ4SA;WQMJ4SS;WQMJ4SX;WQMJ5A1;WQMJ5A2;WQMJ5A3;WQMJ5A4;WQMJ5A5;WQMJ5A6;WQMJ5A7;WQMJ5A8;WQMJ5A9;WQMJ5CA;WQMJ5G1;WQMJ5SA;WQMJ5SS;WQMJ5SX;WQMJ6A1;WQMJ6A2;WQMJ6A3;WQMJ6A4;WQMJ6A5;WQMJ6A6;WQMJ6A7;WQMJ6A8;WQMJ6A9;WQMJ6CA;WQMJ6G1;WQMJ6SA;WQMJ6SS;WQMJ6SX;WQMJ7A1;WQMJ7A2;WQMJ7A3;WQMJ7A4;WQMJ7A5;WQMJ7A6;WQMJ7A7;WQMJ7A8;WQMJ7A9;WQMJ7CA;WQMJ7G1;WQMJ7SA;WQMJ7SS;WQMJ7SX;WQMJ8A1;WQMJ8A2;WQMJ8A3;WQMJ8A4;WQMJ8A5;WQMJ8A6;WQMJ8A7;WQMJ8A8;WQMJ8A9;WQMJ8CA;WQMJ8G1;WQMJ8SA;WQMJ8SS;WQMJ8SX;WQMJ9A1;WQMJ9A2;WQMJ9A3;WQMJ9A4;WQMJ9A5;WQMJ9A6;WQMJ9A7;WQMJ9A8;WQMJ9A9;WQMJ9CA;WQMJ9G1;WQMJ9SA;WQMJ9SS;WQMJ9SX;WQMJAA1;WQMJAA2;WQMJAA3;WQMJAA4;WQMJAA5;WQMJAA6;WQMJAA7;WQMJAA8;WQMJAA9;WQMJACA;WQMJAG1;WQMJASA;WQMJASS;WQMJASX;WQMJBA1;WQMJBA2;WQMJBA3;WQMJBA4;WQMJBA5;WQMJBA6;WQMJBA7;WQMJBA8;WQMJBA9;WQMJBCA;WQMJBG1;WQMJBSA;WQMJBSS;WQMJBSX;WQMJCA1;WQMJCA2;WQMJCA3;WQMJCA4;WQMJCA5;WQMJCA6;WQMJCA7;WQMJCA8;WQMJCA9;WQMJCCA;WQMJCG1;WQMJCSA;WQMJCSS;WQMJCSX;WQMM2A1;WQMM2A3;WQMM2A5;WQMM2A7;WQMM2A8;WQMM2A9;WQMM2G1;WQMM2OA7;WQMM2OA8;WQMM2OA9;WQMM2OG1;WQMMCA1;WQMMCA3;WQMMCA5;WQMMCA7;WQMMCA8;WQMMCA9;WQMMCG1;WQMMCOA7;WQMMCOA8;WQMMCOA9;WQMMCOG1;WQMMSA1;WQMMSA3;WQMMSA5;WQMMSA7;WQMMSA8;WQMMSA9;WQMMSG1;WQMMSOA7;WQMMSOA8;WQMMSOA9;WQMMSOG1;WQMQ2A2;WQMQ2A4;WQMQ2A6;WQMQ2G1;WQMQ3A2;WQMQ3A4;WQMQ3A6;WQMQ3G1;WQMQ4A2;WQMQ4A4;WQMQ4A6;WQMQ4G1;WQMQSA2;WQMQSA4;WQMQSA6;WQMQSG1;WQMS0A1;WQMS0A3;WQMS0A5;WQMS0A7;WQMS0A8;WQMS0A9;WQMS0G1;WQMS0OA7;WQMS0OA8;WQMS0OA9;WQMS0OG1;WQMS1A1;WQMS1A3;WQMS1A5;WQMS1A7;WQMS1A8;WQMS1A9;WQMS1G1;WQMS1OA7;WQMS1OA8;WQMS1OA9;WQMS1OG1;WQMS2A2;WQMS2A4;WQMS2A6;WQMS2G1;WQMS3A1;WQMS3A3;WQMS3A5;WQMS3A7;WQMS3A8;WQMS3A9;WQMS3G1;WQMS3OA7;WQMS3OA8;WQMS3OA9;WQMS3OG1;WQMSCA1;WQMSCA3;WQMSCA5;WQMSCA7;WQMSCA8;WQMSCA9;WQMSCG1;WQMSCOA7;WQMSCOA8;WQMSCOA9;WQMSCOG1;WQMSLG1;WQMSLSS;WQMSPA2;WQMSPA4;WQMSPA6;WQMSPG1;WQMSSA1;WQMSSA3;WQMSSA5;WQMSSA7;WQMSSA8;WQMSSA9;WQMSSG1;WQMSSOA7;WQMSSOA8;WQMSSOA9;WQMSSOG1;WQMWHA1;WQMWHA3;WQMWHA5;WQMWHA7;WQMWHA8;WQMWHA9;WQMWHG1;WQMWHOA7;WQMWHOA8;WQMWHOA9;WQMWHOG1;WQMZWA1;WQMZWA2;WQMZWA3;WQMZWA4;WQMZWA5;WQMZWA6;WQMZWA7;WQMZWA8;WQMZWA9;WQMZWCA;WQMZWG1;WQMZWSA;WQMZWSS;WQMZWSX,q3m-reference-available,docs/measurements/playable-q3m-x2-ingame-20261002-v1/current-generation.json,no-colour-variant-reference,97996,97933,,sprite/index/palette-work-plan.json,97996
0x5302,THIEF_MALE_DWARF_LOW,character,5000,1,1,CDMT,66,65,656,178357,0x5302:body:armor-code:1:CDMT1;0x5302:body:armor-code:2:CDMT2;0x5302:body:armor-code:3:CDMT3;0x5302:body:armor-code:4:CDMT4;0x5302:helmet:item-animation-code:H0:WQSH0;0x5302:helmet:item-animation-code:H1:WQSH1;0x5302:helmet:item-animation-code:H2:WQSH2;0x5302:helmet:item-animation-code:H5:WQSH5;0x5302:helmet:item-animation-code:J0:WQSJ0;0x5302:helmet:item-animation-code:J1:WQSJ1;0x5302:helmet:item-animation-code:J2:WQSJ2;0x5302:helmet:item-animation-code:J3:WQSJ3;0x5302:helmet:item-animation-code:J4:WQSJ4;0x5302:helmet:item-animation-code:J5:WQSJ5;0x5302:helmet:item-animation-code:J6:WQSJ6;0x5302:helmet:item-animation-code:J7:WQSJ7;0x5302:helmet:item-animation-code:J8:WQSJ8;0x5302:helmet:item-animation-code:J9:WQSJ9;0x5302:helmet:item-animation-code:JA:WQSJA;0x5302:helmet:item-animation-code:JB:WQSJB;0x5302:helmet:item-animation-code:JC:WQSJC;0x5302:helmet:item-animation-code:YW:WQSYW;0x5302:helmet:item-animation-code:ZW:WQSZW;0x5302:shield:item-animation-code:C0:WQSC0;0x5302:shield:item-animation-code:C1:WQSC1;0x5302:shield:item-animation-code:C2:WQSC2;0x5302:shield:item-animation-code:C3:WQSC3;0x5302:shield:item-animation-code:C4:WQSC4;0x5302:shield:item-animation-code:C5:WQSC5;0x5302:shield:item-animation-code:C6:WQSC6;0x5302:shield:item-animation-code:C7:WQSC7;0x5302:shield:item-animation-code:D1:WQSD1;0x5302:shield:item-animation-code:D2:WQSD2;0x5302:shield:item-animation-code:D3:WQSD3;0x5302:shield:item-animation-code:D4:WQSD4;0x5302:weapon:item-animation-code:AX:WQSAX;0x5302:weapon:item-animation-code:BS:WQSBS;0x5302:weapon:item-animation-code:BW:WQSBW;0x5302:weapon:item-animation-code:CB:WQSCB;0x5302:weapon:item-animation-code:CL:WQSCL;0x5302:weapon:item-animation-code:DD:WQSDD;0x5302:weapon:item-animation-code:F0:WQSF0;0x5302:weapon:item-animation-code:F1:WQSF1;0x5302:weapon:item-animation-code:F2:WQSF2;0x5302:weapon:item-animation-code:F3:WQSF3;0x5302:weapon:item-animation-code:FL:WQSFL;0x5302:weapon:item-animation-code:FS:WQSFS;0x5302:weapon:item-animation-code:GS:WQSGS;0x5302:weapon:item-animation-code:H6:WQSH6;0x5302:weapon:item-animation-code:HB:WQSHB;0x5302:weapon:item-animation-code:M2:WQSM2;0x5302:weapon:item-animation-code:MC:WQSMC;0x5302:weapon:item-animation-code:MS:WQSMS;0x5302:weapon:item-animation-code:Q2:WQSQ2;0x5302:weapon:item-animation-code:Q3:WQSQ3;0x5302:weapon:item-animation-code:Q4:WQSQ4;0x5302:weapon:item-animation-code:QS:WQSQS;0x5302:weapon:item-animation-code:S0:WQSS0;0x5302:weapon:item-animation-code:S1:WQSS1;0x5302:weapon:item-animation-code:S2:WQSS2;0x5302:weapon:item-animation-code:S3:WQSS3;0x5302:weapon:item-animation-code:SC:WQSSC;0x5302:weapon:item-animation-code:SL:WQSSL;0x5302:weapon:item-animation-code:SP:WQSSP;0x5302:weapon:item-animation-code:SS:WQSSS;0x5302:weapon:item-animation-code:WH:WQSWH,CDMT1A1;CDMT1A2;CDMT1A3;CDMT1A4;CDMT1A5;CDMT1A6;CDMT1A7;CDMT1A8;CDMT1A9;CDMT1CA;CDMT1G1;CDMT1G11;CDMT1G12;CDMT1G13;CDMT1G14;CDMT1G15;CDMT1G16;CDMT1G17;CDMT1G18;CDMT1G19;CDMT1SA;CDMT1SS;CDMT1SX;CDMT2A1;CDMT2A2;CDMT2A3;CDMT2A4;CDMT2A5;CDMT2A6;CDMT2A7;CDMT2A8;CDMT2A9;CDMT2CA;CDMT2G1;CDMT2G11;CDMT2G12;CDMT2G13;CDMT2G14;CDMT2G15;CDMT2G16;CDMT2G17;CDMT2G18;CDMT2G19;CDMT2SA;CDMT2SS;CDMT2SX;CDMT3A1;CDMT3A2;CDMT3A3;CDMT3A4;CDMT3A5;CDMT3A6;CDMT3A7;CDMT3A8;CDMT3A9;CDMT3CA;CDMT3G1;CDMT3G11;CDMT3G12;CDMT3G13;CDMT3G14;CDMT3G15;CDMT3G16;CDMT3G17;CDMT3G18;CDMT3G19;CDMT3SA;CDMT3SS;CDMT3SX;CDMT4A1;CDMT4A2;CDMT4A3;CDMT4A4;CDMT4A5;CDMT4A6;CDMT4A7;CDMT4A8;CDMT4A9;CDMT4CA;CDMT4G1;CDMT4G11;CDMT4G12;CDMT4G13;CDMT4G14;CDMT4G15;CDMT4G16;CDMT4G17;CDMT4G18;CDMT4G19;CDMT4SA;CDMT4SS;CDMT4SX;WQSAXA1;WQSAXA3;WQSAXA5;WQSAXA7;WQSAXA8;WQSAXA9;WQSAXG1;WQSAXOA7;WQSAXOA8;WQSAXOA9;WQSAXOG1;WQSBSG1;WQSBSSA;WQSBWG1;WQSBWSA;WQSC0A1;WQSC0A3;WQSC0A5;WQSC0G1;WQSC0SS;WQSC1A1;WQSC1A3;WQSC1A5;WQSC1G1;WQSC1SS;WQSC2A1;WQSC2A3;WQSC2A5;WQSC2G1;WQSC2SS;WQSC3A1;WQSC3A3;WQSC3A5;WQSC3G1;WQSC3SS;WQSC4A1;WQSC4A3;WQSC4A5;WQSC4G1;WQSC4SS;WQSC5A1;WQSC5A3;WQSC5A5;WQSC5G1;WQSC5SS;WQSC6A1;WQSC6A3;WQSC6A5;WQSC6G1;WQSC6SS;WQSC7A1;WQSC7A3;WQSC7A5;WQSC7G1;WQSC7SS;WQSCBG1;WQSCBSX;WQSCLA1;WQSCLA3;WQSCLA5;WQSCLA7;WQSCLA8;WQSCLA9;WQSCLG1;WQSCLOA7;WQSCLOA8;WQSCLOA9;WQSCLOG1;WQSD1A1;WQSD1A3;WQSD1A5;WQSD1G1;WQSD1SS;WQSD2A1;WQSD2A3;WQSD2A5;WQSD2G1;WQSD2SS;WQSD3A1;WQSD3A3;WQSD3A5;WQSD3G1;WQSD3SS;WQSD4A1;WQSD4A3;WQSD4A5;WQSD4G1;WQSD4SS;WQSDDA1;WQSDDA3;WQSDDA5;WQSDDA7;WQSDDA8;WQSDDA9;WQSDDG1;WQSDDOA7;WQSDDOA8;WQSDDOA9;WQSDDOG1;WQSF0A1;WQSF0A3;WQSF0A5;WQSF0A7;WQSF0A8;WQSF0A9;WQSF0G1;WQSF0OA7;WQSF0OA8;WQSF0OA9;WQSF0OG1;WQSF1A1;WQSF1A3;WQSF1A5;WQSF1A7;WQSF1A8;WQSF1A9;WQSF1G1;WQSF1OA7;WQSF1OA8;WQSF1OA9;WQSF1OG1;WQSF2A1;WQSF2A3;WQSF2A5;WQSF2A7;WQSF2A8;WQSF2A9;WQSF2G1;WQSF2OA7;WQSF2OA8;WQSF2OA9;WQSF2OG1;WQSF3A1;WQSF3A3;WQSF3A5;WQSF3A7;WQSF3A8;WQSF3A9;WQSF3G1;WQSF3OA7;WQSF3OA8;WQSF3OA9;WQSF3OG1;WQSFLA1;WQSFLA3;WQSFLA5;WQSFLA7;WQSFLA8;WQSFLA9;WQSFLG1;WQSFLOA7;WQSFLOA8;WQSFLOA9;WQSFLOG1;WQSFSA1;WQSFSA3;WQSFSA5;WQSFSA7;WQSFSA8;WQSFSA9;WQSFSG1;WQSFSOA7;WQSFSOA8;WQSFSOA9;WQSFSOG1;WQSGSA2;WQSGSA4;WQSGSA6;WQSGSG1;WQSH0A1;WQSH0A2;WQSH0A3;WQSH0A4;WQSH0A5;WQSH0A6;WQSH0A7;WQSH0A8;WQSH0A9;WQSH0CA;WQSH0G1;WQSH0SA;WQSH0SS;WQSH0SX;WQSH1A1;WQSH1A2;WQSH1A3;WQSH1A4;WQSH1A5;WQSH1A6;WQSH1A7;WQSH1A8;WQSH1A9;WQSH1CA;WQSH1G1;WQSH1SA;WQSH1SS;WQSH1SX;WQSH2A1;WQSH2A2;WQSH2A3;WQSH2A4;WQSH2A5;WQSH2A6;WQSH2A7;WQSH2A8;WQSH2A9;WQSH2CA;WQSH2G1;WQSH2SA;WQSH2SS;WQSH2SX;WQSH5A1;WQSH5A2;WQSH5A3;WQSH5A4;WQSH5A5;WQSH5A6;WQSH5A7;WQSH5A8;WQSH5A9;WQSH5CA;WQSH5G1;WQSH5SA;WQSH5SS;WQSH5SX;WQSH6A1;WQSH6A2;WQSH6A3;WQSH6A4;WQSH6A5;WQSH6A6;WQSH6A7;WQSH6A8;WQSH6A9;WQSH6CA;WQSH6G1;WQSH6SA;WQSH6SS;WQSH6SX;WQSHBA2;WQSHBA4;WQSHBA6;WQSHBG1;WQSJ0A1;WQSJ0A2;WQSJ0A3;WQSJ0A4;WQSJ0A5;WQSJ0A6;WQSJ0A7;WQSJ0A8;WQSJ0A9;WQSJ0CA;WQSJ0G1;WQSJ0SA;WQSJ0SS;WQSJ0SX;WQSJ1A1;WQSJ1A2;WQSJ1A3;WQSJ1A4;WQSJ1A5;WQSJ1A6;WQSJ1A7;WQSJ1A8;WQSJ1A9;WQSJ1CA;WQSJ1G1;WQSJ1SA;WQSJ1SS;WQSJ1SX;WQSJ2A1;WQSJ2A2;WQSJ2A3;WQSJ2A4;WQSJ2A5;WQSJ2A6;WQSJ2A7;WQSJ2A8;WQSJ2A9;WQSJ2CA;WQSJ2G1;WQSJ2SA;WQSJ2SS;WQSJ2SX;WQSJ3A1;WQSJ3A2;WQSJ3A3;WQSJ3A4;WQSJ3A5;WQSJ3A6;WQSJ3A7;WQSJ3A8;WQSJ3A9;WQSJ3CA;WQSJ3G1;WQSJ3SA;WQSJ3SS;WQSJ3SX;WQSJ4A1;WQSJ4A2;WQSJ4A3;WQSJ4A4;WQSJ4A5;WQSJ4A6;WQSJ4A7;WQSJ4A8;WQSJ4A9;WQSJ4CA;WQSJ4G1;WQSJ4SA;WQSJ4SS;WQSJ4SX;WQSJ5A1;WQSJ5A2;WQSJ5A3;WQSJ5A4;WQSJ5A5;WQSJ5A6;WQSJ5A7;WQSJ5A8;WQSJ5A9;WQSJ5CA;WQSJ5G1;WQSJ5SA;WQSJ5SS;WQSJ5SX;WQSJ6A1;WQSJ6A2;WQSJ6A3;WQSJ6A4;WQSJ6A5;WQSJ6A6;WQSJ6A7;WQSJ6A8;WQSJ6A9;WQSJ6CA;WQSJ6G1;WQSJ6SA;WQSJ6SS;WQSJ6SX;WQSJ7A1;WQSJ7A2;WQSJ7A3;WQSJ7A4;WQSJ7A5;WQSJ7A6;WQSJ7A7;WQSJ7A8;WQSJ7A9;WQSJ7CA;WQSJ7G1;WQSJ7SA;WQSJ7SS;WQSJ7SX;WQSJ8A1;WQSJ8A2;WQSJ8A3;WQSJ8A4;WQSJ8A5;WQSJ8A6;WQSJ8A7;WQSJ8A8;WQSJ8A9;WQSJ8CA;WQSJ8G1;WQSJ8SA;WQSJ8SS;WQSJ8SX;WQSJ9A1;WQSJ9A2;WQSJ9A3;WQSJ9A4;WQSJ9A5;WQSJ9A6;WQSJ9A7;WQSJ9A8;WQSJ9A9;WQSJ9CA;WQSJ9G1;WQSJ9SA;WQSJ9SS;WQSJ9SX;WQSJAA1;WQSJAA2;WQSJAA3;WQSJAA4;WQSJAA5;WQSJAA6;WQSJAA7;WQSJAA8;WQSJAA9;WQSJACA;WQSJAG1;WQSJASA;WQSJASS;WQSJASX;WQSJBA1;WQSJBA2;WQSJBA3;WQSJBA4;WQSJBA5;WQSJBA6;WQSJBA7;WQSJBA8;WQSJBA9;WQSJBCA;WQSJBG1;WQSJBSA;WQSJBSS;WQSJBSX;WQSJCA1;WQSJCA2;WQSJCA3;WQSJCA4;WQSJCA5;WQSJCA6;WQSJCA7;WQSJCA8;WQSJCA9;WQSJCCA;WQSJCG1;WQSJCSA;WQSJCSS;WQSJCSX;WQSM2A1;WQSM2A3;WQSM2A5;WQSM2A7;WQSM2A8;WQSM2A9;WQSM2G1;WQSM2OA7;WQSM2OA8;WQSM2OA9;WQSM2OG1;WQSMCA1;WQSMCA3;WQSMCA5;WQSMCA7;WQSMCA8;WQSMCA9;WQSMCG1;WQSMCOA7;WQSMCOA8;WQSMCOA9;WQSMCOG1;WQSMSA1;WQSMSA3;WQSMSA5;WQSMSA7;WQSMSA8;WQSMSA9;WQSMSG1;WQSMSOA7;WQSMSOA8;WQSMSOA9;WQSMSOG1;WQSQ2A2;WQSQ2A4;WQSQ2A6;WQSQ2G1;WQSQ3A2;WQSQ3A4;WQSQ3A6;WQSQ3G1;WQSQ4A2;WQSQ4A4;WQSQ4A6;WQSQ4G1;WQSQSA2;WQSQSA4;WQSQSA6;WQSQSG1;WQSS0A1;WQSS0A3;WQSS0A5;WQSS0A7;WQSS0A8;WQSS0A9;WQSS0G1;WQSS0OA7;WQSS0OA8;WQSS0OA9;WQSS0OG1;WQSS1A1;WQSS1A3;WQSS1A5;WQSS1A7;WQSS1A8;WQSS1A9;WQSS1G1;WQSS1OA7;WQSS1OA8;WQSS1OA9;WQSS1OG1;WQSS2A2;WQSS2A4;WQSS2A6;WQSS2G1;WQSS3A1;WQSS3A3;WQSS3A5;WQSS3A7;WQSS3A8;WQSS3A9;WQSS3G1;WQSS3OA7;WQSS3OA8;WQSS3OA9;WQSS3OG1;WQSSCA1;WQSSCA3;WQSSCA5;WQSSCA7;WQSSCA8;WQSSCA9;WQSSCG1;WQSSCOA7;WQSSCOA8;WQSSCOA9;WQSSCOG1;WQSSLG1;WQSSLSS;WQSSPA2;WQSSPA4;WQSSPA6;WQSSPG1;WQSSSA1;WQSSSA3;WQSSSA5;WQSSSA7;WQSSSA8;WQSSSA9;WQSSSG1;WQSSSOA7;WQSSSOA8;WQSSSOA9;WQSSSOG1;WQSWHA1;WQSWHA3;WQSWHA5;WQSWHA7;WQSWHA8;WQSWHA9;WQSWHG1;WQSWHOA7;WQSWHOA8;WQSWHOA9;WQSWHOG1;WQSZWA1;WQSZWA2;WQSZWA3;WQSZWA4;WQSZWA5;WQSZWA6;WQSZWA7;WQSZWA8;WQSZWA9;WQSZWCA;WQSZWG1;WQSZWSA;WQSZWSS;WQSZWSX,q3m-reference-available,docs/measurements/playable-q3m-x2-ingame-20261002-v1/current-generation.json,no-colour-variant-reference,93880,93807,,sprite/index/palette-work-plan.json,93880
0x5303,THIEF_MALE_HALFLING_LOW,character,5000,1,1,CIMT,66,53,596,161725,0x5303:body:armor-code:1:CIMT1;0x5303:body:armor-code:2:CIMT2;0x5303:body:armor-code:3:CIMT3;0x5303:body:armor-code:4:CIMT4;0x5303:helmet:item-animation-code:H0:WQSH0;0x5303:helmet:item-animation-code:H1:WQSH1;0x5303:helmet:item-animation-code:H2:WQSH2;0x5303:helmet:item-animation-code:H5:WQSH5;0x5303:helmet:item-animation-code:J0:WQSJ0;0x5303:helmet:item-animation-code:J1:WQSJ1;0x5303:helmet:item-animation-code:J2:WQSJ2;0x5303:helmet:item-animation-code:J3:WQSJ3;0x5303:helmet:item-animation-code:J4:WQSJ4;0x5303:helmet:item-animation-code:J5:WQSJ5;0x5303:helmet:item-animation-code:J6:WQSJ6;0x5303:helmet:item-animation-code:J7:WQSJ7;0x5303:helmet:item-animation-code:J8:WQSJ8;0x5303:helmet:item-animation-code:J9:WQSJ9;0x5303:helmet:item-animation-code:JA:WQSJA;0x5303:helmet:item-animation-code:JB:WQSJB;0x5303:helmet:item-animation-code:JC:WQSJC;0x5303:helmet:item-animation-code:YW:WQSYW;0x5303:helmet:item-animation-code:ZW:WQSZW;0x5303:shield:item-animation-code:C0:WQHC0;0x5303:shield:item-animation-code:C1:WQHC1;0x5303:shield:item-animation-code:C2:WQHC2;0x5303:shield:item-animation-code:C3:WQHC3;0x5303:shield:item-animation-code:C4:WQHC4;0x5303:shield:item-animation-code:C5:WQHC5;0x5303:shield:item-animation-code:C6:WQHC6;0x5303:shield:item-animation-code:C7:WQHC7;0x5303:shield:item-animation-code:D1:WQHD1;0x5303:shield:item-animation-code:D2:WQHD2;0x5303:shield:item-animation-code:D3:WQHD3;0x5303:shield:item-animation-code:D4:WQHD4;0x5303:weapon:item-animation-code:AX:WQSAX;0x5303:weapon:item-animation-code:BS:WQSBS;0x5303:weapon:item-animation-code:BW:WQSBW;0x5303:weapon:item-animation-code:CB:WQSCB;0x5303:weapon:item-animation-code:CL:WQSCL;0x5303:weapon:item-animation-code:DD:WQSDD;0x5303:weapon:item-animation-code:F0:WQSF0;0x5303:weapon:item-animation-code:F1:WQSF1;0x5303:weapon:item-animation-code:F2:WQSF2;0x5303:weapon:item-animation-code:F3:WQSF3;0x5303:weapon:item-animation-code:FL:WQSFL;0x5303:weapon:item-animation-code:FS:WQSFS;0x5303:weapon:item-animation-code:GS:WQSGS;0x5303:weapon:item-animation-code:H6:WQSH6;0x5303:weapon:item-animation-code:HB:WQSHB;0x5303:weapon:item-animation-code:M2:WQSM2;0x5303:weapon:item-animation-code:MC:WQSMC;0x5303:weapon:item-animation-code:MS:WQSMS;0x5303:weapon:item-animation-code:Q2:WQSQ2;0x5303:weapon:item-animation-code:Q3:WQSQ3;0x5303:weapon:item-animation-code:Q4:WQSQ4;0x5303:weapon:item-animation-code:QS:WQSQS;0x5303:weapon:item-animation-code:S0:WQSS0;0x5303:weapon:item-animation-code:S1:WQSS1;0x5303:weapon:item-animation-code:S2:WQSS2;0x5303:weapon:item-animation-code:S3:WQSS3;0x5303:weapon:item-animation-code:SC:WQSSC;0x5303:weapon:item-animation-code:SL:WQSSL;0x5303:weapon:item-animation-code:SP:WQSSP;0x5303:weapon:item-animation-code:SS:WQSSS;0x5303:weapon:item-animation-code:WH:WQSWH,CIMT1A1;CIMT1A2;CIMT1A3;CIMT1A4;CIMT1A5;CIMT1A6;CIMT1A7;CIMT1A8;CIMT1A9;CIMT1CA;CIMT1G1;CIMT1G11;CIMT1G12;CIMT1G13;CIMT1G14;CIMT1G15;CIMT1G16;CIMT1G17;CIMT1G18;CIMT1G19;CIMT1SA;CIMT1SS;CIMT1SX;CIMT2A1;CIMT2A2;CIMT2A3;CIMT2A4;CIMT2A5;CIMT2A6;CIMT2A7;CIMT2A8;CIMT2A9;CIMT2CA;CIMT2G1;CIMT2G11;CIMT2G12;CIMT2G13;CIMT2G14;CIMT2G15;CIMT2G16;CIMT2G17;CIMT2G18;CIMT2G19;CIMT2SA;CIMT2SS;CIMT2SX;CIMT3A1;CIMT3A2;CIMT3A3;CIMT3A4;CIMT3A5;CIMT3A6;CIMT3A7;CIMT3A8;CIMT3A9;CIMT3CA;CIMT3G1;CIMT3G11;CIMT3G12;CIMT3G13;CIMT3G14;CIMT3G15;CIMT3G16;CIMT3G17;CIMT3G18;CIMT3G19;CIMT3SA;CIMT3SS;CIMT3SX;CIMT4A1;CIMT4A2;CIMT4A3;CIMT4A4;CIMT4A5;CIMT4A6;CIMT4A7;CIMT4A8;CIMT4A9;CIMT4CA;CIMT4G1;CIMT4G11;CIMT4G12;CIMT4G13;CIMT4G14;CIMT4G15;CIMT4G16;CIMT4G17;CIMT4G18;CIMT4G19;CIMT4SA;CIMT4SS;CIMT4SX;WQSAXA1;WQSAXA3;WQSAXA5;WQSAXA7;WQSAXA8;WQSAXA9;WQSAXG1;WQSAXOA7;WQSAXOA8;WQSAXOA9;WQSAXOG1;WQSBSG1;WQSBSSA;WQSBWG1;WQSBWSA;WQSCBG1;WQSCBSX;WQSCLA1;WQSCLA3;WQSCLA5;WQSCLA7;WQSCLA8;WQSCLA9;WQSCLG1;WQSCLOA7;WQSCLOA8;WQSCLOA9;WQSCLOG1;WQSDDA1;WQSDDA3;WQSDDA5;WQSDDA7;WQSDDA8;WQSDDA9;WQSDDG1;WQSDDOA7;WQSDDOA8;WQSDDOA9;WQSDDOG1;WQSF0A1;WQSF0A3;WQSF0A5;WQSF0A7;WQSF0A8;WQSF0A9;WQSF0G1;WQSF0OA7;WQSF0OA8;WQSF0OA9;WQSF0OG1;WQSF1A1;WQSF1A3;WQSF1A5;WQSF1A7;WQSF1A8;WQSF1A9;WQSF1G1;WQSF1OA7;WQSF1OA8;WQSF1OA9;WQSF1OG1;WQSF2A1;WQSF2A3;WQSF2A5;WQSF2A7;WQSF2A8;WQSF2A9;WQSF2G1;WQSF2OA7;WQSF2OA8;WQSF2OA9;WQSF2OG1;WQSF3A1;WQSF3A3;WQSF3A5;WQSF3A7;WQSF3A8;WQSF3A9;WQSF3G1;WQSF3OA7;WQSF3OA8;WQSF3OA9;WQSF3OG1;WQSFLA1;WQSFLA3;WQSFLA5;WQSFLA7;WQSFLA8;WQSFLA9;WQSFLG1;WQSFLOA7;WQSFLOA8;WQSFLOA9;WQSFLOG1;WQSFSA1;WQSFSA3;WQSFSA5;WQSFSA7;WQSFSA8;WQSFSA9;WQSFSG1;WQSFSOA7;WQSFSOA8;WQSFSOA9;WQSFSOG1;WQSGSA2;WQSGSA4;WQSGSA6;WQSGSG1;WQSH0A1;WQSH0A2;WQSH0A3;WQSH0A4;WQSH0A5;WQSH0A6;WQSH0A7;WQSH0A8;WQSH0A9;WQSH0CA;WQSH0G1;WQSH0SA;WQSH0SS;WQSH0SX;WQSH1A1;WQSH1A2;WQSH1A3;WQSH1A4;WQSH1A5;WQSH1A6;WQSH1A7;WQSH1A8;WQSH1A9;WQSH1CA;WQSH1G1;WQSH1SA;WQSH1SS;WQSH1SX;WQSH2A1;WQSH2A2;WQSH2A3;WQSH2A4;WQSH2A5;WQSH2A6;WQSH2A7;WQSH2A8;WQSH2A9;WQSH2CA;WQSH2G1;WQSH2SA;WQSH2SS;WQSH2SX;WQSH5A1;WQSH5A2;WQSH5A3;WQSH5A4;WQSH5A5;WQSH5A6;WQSH5A7;WQSH5A8;WQSH5A9;WQSH5CA;WQSH5G1;WQSH5SA;WQSH5SS;WQSH5SX;WQSH6A1;WQSH6A2;WQSH6A3;WQSH6A4;WQSH6A5;WQSH6A6;WQSH6A7;WQSH6A8;WQSH6A9;WQSH6CA;WQSH6G1;WQSH6SA;WQSH6SS;WQSH6SX;WQSHBA2;WQSHBA4;WQSHBA6;WQSHBG1;WQSJ0A1;WQSJ0A2;WQSJ0A3;WQSJ0A4;WQSJ0A5;WQSJ0A6;WQSJ0A7;WQSJ0A8;WQSJ0A9;WQSJ0CA;WQSJ0G1;WQSJ0SA;WQSJ0SS;WQSJ0SX;WQSJ1A1;WQSJ1A2;WQSJ1A3;WQSJ1A4;WQSJ1A5;WQSJ1A6;WQSJ1A7;WQSJ1A8;WQSJ1A9;WQSJ1CA;WQSJ1G1;WQSJ1SA;WQSJ1SS;WQSJ1SX;WQSJ2A1;WQSJ2A2;WQSJ2A3;WQSJ2A4;WQSJ2A5;WQSJ2A6;WQSJ2A7;WQSJ2A8;WQSJ2A9;WQSJ2CA;WQSJ2G1;WQSJ2SA;WQSJ2SS;WQSJ2SX;WQSJ3A1;WQSJ3A2;WQSJ3A3;WQSJ3A4;WQSJ3A5;WQSJ3A6;WQSJ3A7;WQSJ3A8;WQSJ3A9;WQSJ3CA;WQSJ3G1;WQSJ3SA;WQSJ3SS;WQSJ3SX;WQSJ4A1;WQSJ4A2;WQSJ4A3;WQSJ4A4;WQSJ4A5;WQSJ4A6;WQSJ4A7;WQSJ4A8;WQSJ4A9;WQSJ4CA;WQSJ4G1;WQSJ4SA;WQSJ4SS;WQSJ4SX;WQSJ5A1;WQSJ5A2;WQSJ5A3;WQSJ5A4;WQSJ5A5;WQSJ5A6;WQSJ5A7;WQSJ5A8;WQSJ5A9;WQSJ5CA;WQSJ5G1;WQSJ5SA;WQSJ5SS;WQSJ5SX;WQSJ6A1;WQSJ6A2;WQSJ6A3;WQSJ6A4;WQSJ6A5;WQSJ6A6;WQSJ6A7;WQSJ6A8;WQSJ6A9;WQSJ6CA;WQSJ6G1;WQSJ6SA;WQSJ6SS;WQSJ6SX;WQSJ7A1;WQSJ7A2;WQSJ7A3;WQSJ7A4;WQSJ7A5;WQSJ7A6;WQSJ7A7;WQSJ7A8;WQSJ7A9;WQSJ7CA;WQSJ7G1;WQSJ7SA;WQSJ7SS;WQSJ7SX;WQSJ8A1;WQSJ8A2;WQSJ8A3;WQSJ8A4;WQSJ8A5;WQSJ8A6;WQSJ8A7;WQSJ8A8;WQSJ8A9;WQSJ8CA;WQSJ8G1;WQSJ8SA;WQSJ8SS;WQSJ8SX;WQSJ9A1;WQSJ9A2;WQSJ9A3;WQSJ9A4;WQSJ9A5;WQSJ9A6;WQSJ9A7;WQSJ9A8;WQSJ9A9;WQSJ9CA;WQSJ9G1;WQSJ9SA;WQSJ9SS;WQSJ9SX;WQSJAA1;WQSJAA2;WQSJAA3;WQSJAA4;WQSJAA5;WQSJAA6;WQSJAA7;WQSJAA8;WQSJAA9;WQSJACA;WQSJAG1;WQSJASA;WQSJASS;WQSJASX;WQSJBA1;WQSJBA2;WQSJBA3;WQSJBA4;WQSJBA5;WQSJBA6;WQSJBA7;WQSJBA8;WQSJBA9;WQSJBCA;WQSJBG1;WQSJBSA;WQSJBSS;WQSJBSX;WQSJCA1;WQSJCA2;WQSJCA3;WQSJCA4;WQSJCA5;WQSJCA6;WQSJCA7;WQSJCA8;WQSJCA9;WQSJCCA;WQSJCG1;WQSJCSA;WQSJCSS;WQSJCSX;WQSM2A1;WQSM2A3;WQSM2A5;WQSM2A7;WQSM2A8;WQSM2A9;WQSM2G1;WQSM2OA7;WQSM2OA8;WQSM2OA9;WQSM2OG1;WQSMCA1;WQSMCA3;WQSMCA5;WQSMCA7;WQSMCA8;WQSMCA9;WQSMCG1;WQSMCOA7;WQSMCOA8;WQSMCOA9;WQSMCOG1;WQSMSA1;WQSMSA3;WQSMSA5;WQSMSA7;WQSMSA8;WQSMSA9;WQSMSG1;WQSMSOA7;WQSMSOA8;WQSMSOA9;WQSMSOG1;WQSQ2A2;WQSQ2A4;WQSQ2A6;WQSQ2G1;WQSQ3A2;WQSQ3A4;WQSQ3A6;WQSQ3G1;WQSQ4A2;WQSQ4A4;WQSQ4A6;WQSQ4G1;WQSQSA2;WQSQSA4;WQSQSA6;WQSQSG1;WQSS0A1;WQSS0A3;WQSS0A5;WQSS0A7;WQSS0A8;WQSS0A9;WQSS0G1;WQSS0OA7;WQSS0OA8;WQSS0OA9;WQSS0OG1;WQSS1A1;WQSS1A3;WQSS1A5;WQSS1A7;WQSS1A8;WQSS1A9;WQSS1G1;WQSS1OA7;WQSS1OA8;WQSS1OA9;WQSS1OG1;WQSS2A2;WQSS2A4;WQSS2A6;WQSS2G1;WQSS3A1;WQSS3A3;WQSS3A5;WQSS3A7;WQSS3A8;WQSS3A9;WQSS3G1;WQSS3OA7;WQSS3OA8;WQSS3OA9;WQSS3OG1;WQSSCA1;WQSSCA3;WQSSCA5;WQSSCA7;WQSSCA8;WQSSCA9;WQSSCG1;WQSSCOA7;WQSSCOA8;WQSSCOA9;WQSSCOG1;WQSSLG1;WQSSLSS;WQSSPA2;WQSSPA4;WQSSPA6;WQSSPG1;WQSSSA1;WQSSSA3;WQSSSA5;WQSSSA7;WQSSSA8;WQSSSA9;WQSSSG1;WQSSSOA7;WQSSSOA8;WQSSSOA9;WQSSSOG1;WQSWHA1;WQSWHA3;WQSWHA5;WQSWHA7;WQSWHA8;WQSWHA9;WQSWHG1;WQSWHOA7;WQSWHOA8;WQSWHOA9;WQSWHOG1;WQSZWA1;WQSZWA2;WQSZWA3;WQSZWA4;WQSZWA5;WQSZWA6;WQSZWA7;WQSZWA8;WQSZWA9;WQSZWCA;WQSZWG1;WQSZWSA;WQSZWSS;WQSZWSX,q3m-reference-available,docs/measurements/playable-q3m-x2-ingame-20261002-v1/current-generation.json,no-colour-variant-reference,79433,79362,,sprite/index/palette-work-plan.json,79433
0x5310,THIEF_FEMALE_HUMAN_LOW,character,5000,1,1,CHFT,66,65,656,178359,0x5310:body:armor-code:1:CHFT1;0x5310:body:armor-code:2:CHFT2;0x5310:body:armor-code:3:CHFT3;0x5310:body:armor-code:4:CHFT4;0x5310:helmet:item-animation-code:H0:WQNH0;0x5310:helmet:item-animation-code:H1:WQNH1;0x5310:helmet:item-animation-code:H2:WQNH2;0x5310:helmet:item-animation-code:H5:WQNH5;0x5310:helmet:item-animation-code:J0:WQNJ0;0x5310:helmet:item-animation-code:J1:WQNJ1;0x5310:helmet:item-animation-code:J2:WQNJ2;0x5310:helmet:item-animation-code:J3:WQNJ3;0x5310:helmet:item-animation-code:J4:WQNJ4;0x5310:helmet:item-animation-code:J5:WQNJ5;0x5310:helmet:item-animation-code:J6:WQNJ6;0x5310:helmet:item-animation-code:J7:WQNJ7;0x5310:helmet:item-animation-code:J8:WQNJ8;0x5310:helmet:item-animation-code:J9:WQNJ9;0x5310:helmet:item-animation-code:JA:WQNJA;0x5310:helmet:item-animation-code:JB:WQNJB;0x5310:helmet:item-animation-code:JC:WQNJC;0x5310:helmet:item-animation-code:YW:WQNYW;0x5310:helmet:item-animation-code:ZW:WQNZW;0x5310:shield:item-animation-code:C0:WQNC0;0x5310:shield:item-animation-code:C1:WQNC1;0x5310:shield:item-animation-code:C2:WQNC2;0x5310:shield:item-animation-code:C3:WQNC3;0x5310:shield:item-animation-code:C4:WQNC4;0x5310:shield:item-animation-code:C5:WQNC5;0x5310:shield:item-animation-code:C6:WQNC6;0x5310:shield:item-animation-code:C7:WQNC7;0x5310:shield:item-animation-code:D1:WQND1;0x5310:shield:item-animation-code:D2:WQND2;0x5310:shield:item-animation-code:D3:WQND3;0x5310:shield:item-animation-code:D4:WQND4;0x5310:weapon:item-animation-code:AX:WQNAX;0x5310:weapon:item-animation-code:BS:WQNBS;0x5310:weapon:item-animation-code:BW:WQNBW;0x5310:weapon:item-animation-code:CB:WQNCB;0x5310:weapon:item-animation-code:CL:WQNCL;0x5310:weapon:item-animation-code:DD:WQNDD;0x5310:weapon:item-animation-code:F0:WQNF0;0x5310:weapon:item-animation-code:F1:WQNF1;0x5310:weapon:item-animation-code:F2:WQNF2;0x5310:weapon:item-animation-code:F3:WQNF3;0x5310:weapon:item-animation-code:FL:WQNFL;0x5310:weapon:item-animation-code:FS:WQNFS;0x5310:weapon:item-animation-code:GS:WQNGS;0x5310:weapon:item-animation-code:H6:WQNH6;0x5310:weapon:item-animation-code:HB:WQNHB;0x5310:weapon:item-animation-code:M2:WQNM2;0x5310:weapon:item-animation-code:MC:WQNMC;0x5310:weapon:item-animation-code:MS:WQNMS;0x5310:weapon:item-animation-code:Q2:WQNQ2;0x5310:weapon:item-animation-code:Q3:WQNQ3;0x5310:weapon:item-animation-code:Q4:WQNQ4;0x5310:weapon:item-animation-code:QS:WQNQS;0x5310:weapon:item-animation-code:S0:WQNS0;0x5310:weapon:item-animation-code:S1:WQNS1;0x5310:weapon:item-animation-code:S2:WQNS2;0x5310:weapon:item-animation-code:S3:WQNS3;0x5310:weapon:item-animation-code:SC:WQNSC;0x5310:weapon:item-animation-code:SL:WQNSL;0x5310:weapon:item-animation-code:SP:WQNSP;0x5310:weapon:item-animation-code:SS:WQNSS;0x5310:weapon:item-animation-code:WH:WQNWH,CHFT1A1;CHFT1A2;CHFT1A3;CHFT1A4;CHFT1A5;CHFT1A6;CHFT1A7;CHFT1A8;CHFT1A9;CHFT1CA;CHFT1G1;CHFT1G11;CHFT1G12;CHFT1G13;CHFT1G14;CHFT1G15;CHFT1G16;CHFT1G17;CHFT1G18;CHFT1G19;CHFT1SA;CHFT1SS;CHFT1SX;CHFT2A1;CHFT2A2;CHFT2A3;CHFT2A4;CHFT2A5;CHFT2A6;CHFT2A7;CHFT2A8;CHFT2A9;CHFT2CA;CHFT2G1;CHFT2G11;CHFT2G12;CHFT2G13;CHFT2G14;CHFT2G15;CHFT2G16;CHFT2G17;CHFT2G18;CHFT2G19;CHFT2SA;CHFT2SS;CHFT2SX;CHFT3A1;CHFT3A2;CHFT3A3;CHFT3A4;CHFT3A5;CHFT3A6;CHFT3A7;CHFT3A8;CHFT3A9;CHFT3CA;CHFT3G1;CHFT3G11;CHFT3G12;CHFT3G13;CHFT3G14;CHFT3G15;CHFT3G16;CHFT3G17;CHFT3G18;CHFT3G19;CHFT3SA;CHFT3SS;CHFT3SX;CHFT4A1;CHFT4A2;CHFT4A3;CHFT4A4;CHFT4A5;CHFT4A6;CHFT4A7;CHFT4A8;CHFT4A9;CHFT4CA;CHFT4G1;CHFT4G11;CHFT4G12;CHFT4G13;CHFT4G14;CHFT4G15;CHFT4G16;CHFT4G17;CHFT4G18;CHFT4G19;CHFT4SA;CHFT4SS;CHFT4SX;WQNAXA1;WQNAXA3;WQNAXA5;WQNAXA7;WQNAXA8;WQNAXA9;WQNAXG1;WQNAXOA7;WQNAXOA8;WQNAXOA9;WQNAXOG1;WQNBSG1;WQNBSSA;WQNBWG1;WQNBWSA;WQNC0A1;WQNC0A3;WQNC0A5;WQNC0G1;WQNC0SS;WQNC1A1;WQNC1A3;WQNC1A5;WQNC1G1;WQNC1SS;WQNC2A1;WQNC2A3;WQNC2A5;WQNC2G1;WQNC2SS;WQNC3A1;WQNC3A3;WQNC3A5;WQNC3G1;WQNC3SS;WQNC4A1;WQNC4A3;WQNC4A5;WQNC4G1;WQNC4SS;WQNC5A1;WQNC5A3;WQNC5A5;WQNC5G1;WQNC5SS;WQNC6A1;WQNC6A3;WQNC6A5;WQNC6G1;WQNC6SS;WQNC7A1;WQNC7A3;WQNC7A5;WQNC7G1;WQNC7SS;WQNCBG1;WQNCBSX;WQNCLA1;WQNCLA3;WQNCLA5;WQNCLA7;WQNCLA8;WQNCLA9;WQNCLG1;WQNCLOA7;WQNCLOA8;WQNCLOA9;WQNCLOG1;WQND1A1;WQND1A3;WQND1A5;WQND1G1;WQND1SS;WQND2A1;WQND2A3;WQND2A5;WQND2G1;WQND2SS;WQND3A1;WQND3A3;WQND3A5;WQND3G1;WQND3SS;WQND4A1;WQND4A3;WQND4A5;WQND4G1;WQND4SS;WQNDDA1;WQNDDA3;WQNDDA5;WQNDDA7;WQNDDA8;WQNDDA9;WQNDDG1;WQNDDOA7;WQNDDOA8;WQNDDOA9;WQNDDOG1;WQNF0A1;WQNF0A3;WQNF0A5;WQNF0A7;WQNF0A8;WQNF0A9;WQNF0G1;WQNF0OA7;WQNF0OA8;WQNF0OA9;WQNF0OG1;WQNF1A1;WQNF1A3;WQNF1A5;WQNF1A7;WQNF1A8;WQNF1A9;WQNF1G1;WQNF1OA7;WQNF1OA8;WQNF1OA9;WQNF1OG1;WQNF2A1;WQNF2A3;WQNF2A5;WQNF2A7;WQNF2A8;WQNF2A9;WQNF2G1;WQNF2OA7;WQNF2OA8;WQNF2OA9;WQNF2OG1;WQNF3A1;WQNF3A3;WQNF3A5;WQNF3A7;WQNF3A8;WQNF3A9;WQNF3G1;WQNF3OA7;WQNF3OA8;WQNF3OA9;WQNF3OG1;WQNFLA1;WQNFLA3;WQNFLA5;WQNFLA7;WQNFLA8;WQNFLA9;WQNFLG1;WQNFLOA7;WQNFLOA8;WQNFLOA9;WQNFLOG1;WQNFSA1;WQNFSA3;WQNFSA5;WQNFSA7;WQNFSA8;WQNFSA9;WQNFSG1;WQNFSOA7;WQNFSOA8;WQNFSOA9;WQNFSOG1;WQNGSA2;WQNGSA4;WQNGSA6;WQNGSG1;WQNH0A1;WQNH0A2;WQNH0A3;WQNH0A4;WQNH0A5;WQNH0A6;WQNH0A7;WQNH0A8;WQNH0A9;WQNH0CA;WQNH0G1;WQNH0SA;WQNH0SS;WQNH0SX;WQNH1A1;WQNH1A2;WQNH1A3;WQNH1A4;WQNH1A5;WQNH1A6;WQNH1A7;WQNH1A8;WQNH1A9;WQNH1CA;WQNH1G1;WQNH1SA;WQNH1SS;WQNH1SX;WQNH2A1;WQNH2A2;WQNH2A3;WQNH2A4;WQNH2A5;WQNH2A6;WQNH2A7;WQNH2A8;WQNH2A9;WQNH2CA;WQNH2G1;WQNH2SA;WQNH2SS;WQNH2SX;WQNH5A1;WQNH5A2;WQNH5A3;WQNH5A4;WQNH5A5;WQNH5A6;WQNH5A7;WQNH5A8;WQNH5A9;WQNH5CA;WQNH5G1;WQNH5SA;WQNH5SS;WQNH5SX;WQNH6A1;WQNH6A2;WQNH6A3;WQNH6A4;WQNH6A5;WQNH6A6;WQNH6A7;WQNH6A8;WQNH6A9;WQNH6CA;WQNH6G1;WQNH6SA;WQNH6SS;WQNH6SX;WQNHBA2;WQNHBA4;WQNHBA6;WQNHBG1;WQNJ0A1;WQNJ0A2;WQNJ0A3;WQNJ0A4;WQNJ0A5;WQNJ0A6;WQNJ0A7;WQNJ0A8;WQNJ0A9;WQNJ0CA;WQNJ0G1;WQNJ0SA;WQNJ0SS;WQNJ0SX;WQNJ1A1;WQNJ1A2;WQNJ1A3;WQNJ1A4;WQNJ1A5;WQNJ1A6;WQNJ1A7;WQNJ1A8;WQNJ1A9;WQNJ1CA;WQNJ1G1;WQNJ1SA;WQNJ1SS;WQNJ1SX;WQNJ2A1;WQNJ2A2;WQNJ2A3;WQNJ2A4;WQNJ2A5;WQNJ2A6;WQNJ2A7;WQNJ2A8;WQNJ2A9;WQNJ2CA;WQNJ2G1;WQNJ2SA;WQNJ2SS;WQNJ2SX;WQNJ3A1;WQNJ3A2;WQNJ3A3;WQNJ3A4;WQNJ3A5;WQNJ3A6;WQNJ3A7;WQNJ3A8;WQNJ3A9;WQNJ3CA;WQNJ3G1;WQNJ3SA;WQNJ3SS;WQNJ3SX;WQNJ4A1;WQNJ4A2;WQNJ4A3;WQNJ4A4;WQNJ4A5;WQNJ4A6;WQNJ4A7;WQNJ4A8;WQNJ4A9;WQNJ4CA;WQNJ4G1;WQNJ4SA;WQNJ4SS;WQNJ4SX;WQNJ5A1;WQNJ5A2;WQNJ5A3;WQNJ5A4;WQNJ5A5;WQNJ5A6;WQNJ5A7;WQNJ5A8;WQNJ5A9;WQNJ5CA;WQNJ5G1;WQNJ5SA;WQNJ5SS;WQNJ5SX;WQNJ6A1;WQNJ6A2;WQNJ6A3;WQNJ6A4;WQNJ6A5;WQNJ6A6;WQNJ6A7;WQNJ6A8;WQNJ6A9;WQNJ6CA;WQNJ6G1;WQNJ6SA;WQNJ6SS;WQNJ6SX;WQNJ7A1;WQNJ7A2;WQNJ7A3;WQNJ7A4;WQNJ7A5;WQNJ7A6;WQNJ7A7;WQNJ7A8;WQNJ7A9;WQNJ7CA;WQNJ7G1;WQNJ7SA;WQNJ7SS;WQNJ7SX;WQNJ8A1;WQNJ8A2;WQNJ8A3;WQNJ8A4;WQNJ8A5;WQNJ8A6;WQNJ8A7;WQNJ8A8;WQNJ8A9;WQNJ8CA;WQNJ8G1;WQNJ8SA;WQNJ8SS;WQNJ8SX;WQNJ9A1;WQNJ9A2;WQNJ9A3;WQNJ9A4;WQNJ9A5;WQNJ9A6;WQNJ9A7;WQNJ9A8;WQNJ9A9;WQNJ9CA;WQNJ9G1;WQNJ9SA;WQNJ9SS;WQNJ9SX;WQNJAA1;WQNJAA2;WQNJAA3;WQNJAA4;WQNJAA5;WQNJAA6;WQNJAA7;WQNJAA8;WQNJAA9;WQNJACA;WQNJAG1;WQNJASA;WQNJASS;WQNJASX;WQNJBA1;WQNJBA2;WQNJBA3;WQNJBA4;WQNJBA5;WQNJBA6;WQNJBA7;WQNJBA8;WQNJBA9;WQNJBCA;WQNJBG1;WQNJBSA;WQNJBSS;WQNJBSX;WQNJCA1;WQNJCA2;WQNJCA3;WQNJCA4;WQNJCA5;WQNJCA6;WQNJCA7;WQNJCA8;WQNJCA9;WQNJCCA;WQNJCG1;WQNJCSA;WQNJCSS;WQNJCSX;WQNM2A1;WQNM2A3;WQNM2A5;WQNM2A7;WQNM2A8;WQNM2A9;WQNM2G1;WQNM2OA7;WQNM2OA8;WQNM2OA9;WQNM2OG1;WQNMCA1;WQNMCA3;WQNMCA5;WQNMCA7;WQNMCA8;WQNMCA9;WQNMCG1;WQNMCOA7;WQNMCOA8;WQNMCOA9;WQNMCOG1;WQNMSA1;WQNMSA3;WQNMSA5;WQNMSA7;WQNMSA8;WQNMSA9;WQNMSG1;WQNMSOA7;WQNMSOA8;WQNMSOA9;WQNMSOG1;WQNQ2A2;WQNQ2A4;WQNQ2A6;WQNQ2G1;WQNQ3A2;WQNQ3A4;WQNQ3A6;WQNQ3G1;WQNQ4A2;WQNQ4A4;WQNQ4A6;WQNQ4G1;WQNQSA2;WQNQSA4;WQNQSA6;WQNQSG1;WQNS0A1;WQNS0A3;WQNS0A5;WQNS0A7;WQNS0A8;WQNS0A9;WQNS0G1;WQNS0OA7;WQNS0OA8;WQNS0OA9;WQNS0OG1;WQNS1A1;WQNS1A3;WQNS1A5;WQNS1A7;WQNS1A8;WQNS1A9;WQNS1G1;WQNS1OA7;WQNS1OA8;WQNS1OA9;WQNS1OG1;WQNS2A2;WQNS2A4;WQNS2A6;WQNS2G1;WQNS3A1;WQNS3A3;WQNS3A5;WQNS3A7;WQNS3A8;WQNS3A9;WQNS3G1;WQNS3OA7;WQNS3OA8;WQNS3OA9;WQNS3OG1;WQNSCA1;WQNSCA3;WQNSCA5;WQNSCA7;WQNSCA8;WQNSCA9;WQNSCG1;WQNSCOA7;WQNSCOA8;WQNSCOA9;WQNSCOG1;WQNSLG1;WQNSLSS;WQNSPA2;WQNSPA4;WQNSPA6;WQNSPG1;WQNSSA1;WQNSSA3;WQNSSA5;WQNSSA7;WQNSSA8;WQNSSA9;WQNSSG1;WQNSSOA7;WQNSSOA8;WQNSSOA9;WQNSSOG1;WQNWHA1;WQNWHA3;WQNWHA5;WQNWHA7;WQNWHA8;WQNWHA9;WQNWHG1;WQNWHOA7;WQNWHOA8;WQNWHOA9;WQNWHOG1;WQNZWA1;WQNZWA2;WQNZWA3;WQNZWA4;WQNZWA5;WQNZWA6;WQNZWA7;WQNZWA8;WQNZWA9;WQNZWCA;WQNZWG1;WQNZWSA;WQNZWSS;WQNZWSX,q3m-reference-available,docs/measurements/playable-q3m-x2-ingame-20261002-v1/current-generation.json,no-colour-variant-reference,93514,93434,,sprite/index/palette-work-plan.json,93514
0x5311,THIEF_FEMALE_ELF_LOW,character,5000,1,1,CEFT,66,65,656,180494,0x5311:body:armor-code:1:CEFT1;0x5311:body:armor-code:2:CEFT2;0x5311:body:armor-code:3:CEFT3;0x5311:body:armor-code:4:CEFT4;0x5311:helmet:item-animation-code:H0:WQMH0;0x5311:helmet:item-animation-code:H1:WQMH1;0x5311:helmet:item-animation-code:H2:WQMH2;0x5311:helmet:item-animation-code:H5:WQMH5;0x5311:helmet:item-animation-code:J0:WQMJ0;0x5311:helmet:item-animation-code:J1:WQMJ1;0x5311:helmet:item-animation-code:J2:WQMJ2;0x5311:helmet:item-animation-code:J3:WQMJ3;0x5311:helmet:item-animation-code:J4:WQMJ4;0x5311:helmet:item-animation-code:J5:WQMJ5;0x5311:helmet:item-animation-code:J6:WQMJ6;0x5311:helmet:item-animation-code:J7:WQMJ7;0x5311:helmet:item-animation-code:J8:WQMJ8;0x5311:helmet:item-animation-code:J9:WQMJ9;0x5311:helmet:item-animation-code:JA:WQMJA;0x5311:helmet:item-animation-code:JB:WQMJB;0x5311:helmet:item-animation-code:JC:WQMJC;0x5311:helmet:item-animation-code:YW:WQMYW;0x5311:helmet:item-animation-code:ZW:WQMZW;0x5311:shield:item-animation-code:C0:WQMC0;0x5311:shield:item-animation-code:C1:WQMC1;0x5311:shield:item-animation-code:C2:WQMC2;0x5311:shield:item-animation-code:C3:WQMC3;0x5311:shield:item-animation-code:C4:WQMC4;0x5311:shield:item-animation-code:C5:WQMC5;0x5311:shield:item-animation-code:C6:WQMC6;0x5311:shield:item-animation-code:C7:WQMC7;0x5311:shield:item-animation-code:D1:WQMD1;0x5311:shield:item-animation-code:D2:WQMD2;0x5311:shield:item-animation-code:D3:WQMD3;0x5311:shield:item-animation-code:D4:WQMD4;0x5311:weapon:item-animation-code:AX:WQMAX;0x5311:weapon:item-animation-code:BS:WQMBS;0x5311:weapon:item-animation-code:BW:WQMBW;0x5311:weapon:item-animation-code:CB:WQMCB;0x5311:weapon:item-animation-code:CL:WQMCL;0x5311:weapon:item-animation-code:DD:WQMDD;0x5311:weapon:item-animation-code:F0:WQMF0;0x5311:weapon:item-animation-code:F1:WQMF1;0x5311:weapon:item-animation-code:F2:WQMF2;0x5311:weapon:item-animation-code:F3:WQMF3;0x5311:weapon:item-animation-code:FL:WQMFL;0x5311:weapon:item-animation-code:FS:WQMFS;0x5311:weapon:item-animation-code:GS:WQMGS;0x5311:weapon:item-animation-code:H6:WQMH6;0x5311:weapon:item-animation-code:HB:WQMHB;0x5311:weapon:item-animation-code:M2:WQMM2;0x5311:weapon:item-animation-code:MC:WQMMC;0x5311:weapon:item-animation-code:MS:WQMMS;0x5311:weapon:item-animation-code:Q2:WQMQ2;0x5311:weapon:item-animation-code:Q3:WQMQ3;0x5311:weapon:item-animation-code:Q4:WQMQ4;0x5311:weapon:item-animation-code:QS:WQMQS;0x5311:weapon:item-animation-code:S0:WQMS0;0x5311:weapon:item-animation-code:S1:WQMS1;0x5311:weapon:item-animation-code:S2:WQMS2;0x5311:weapon:item-animation-code:S3:WQMS3;0x5311:weapon:item-animation-code:SC:WQMSC;0x5311:weapon:item-animation-code:SL:WQMSL;0x5311:weapon:item-animation-code:SP:WQMSP;0x5311:weapon:item-animation-code:SS:WQMSS;0x5311:weapon:item-animation-code:WH:WQMWH,CEFT1A1;CEFT1A2;CEFT1A3;CEFT1A4;CEFT1A5;CEFT1A6;CEFT1A7;CEFT1A8;CEFT1A9;CEFT1CA;CEFT1G1;CEFT1G11;CEFT1G12;CEFT1G13;CEFT1G14;CEFT1G15;CEFT1G16;CEFT1G17;CEFT1G18;CEFT1G19;CEFT1SA;CEFT1SS;CEFT1SX;CEFT2A1;CEFT2A2;CEFT2A3;CEFT2A4;CEFT2A5;CEFT2A6;CEFT2A7;CEFT2A8;CEFT2A9;CEFT2CA;CEFT2G1;CEFT2G11;CEFT2G12;CEFT2G13;CEFT2G14;CEFT2G15;CEFT2G16;CEFT2G17;CEFT2G18;CEFT2G19;CEFT2SA;CEFT2SS;CEFT2SX;CEFT3A1;CEFT3A2;CEFT3A3;CEFT3A4;CEFT3A5;CEFT3A6;CEFT3A7;CEFT3A8;CEFT3A9;CEFT3CA;CEFT3G1;CEFT3G11;CEFT3G12;CEFT3G13;CEFT3G14;CEFT3G15;CEFT3G16;CEFT3G17;CEFT3G18;CEFT3G19;CEFT3SA;CEFT3SS;CEFT3SX;CEFT4A1;CEFT4A2;CEFT4A3;CEFT4A4;CEFT4A5;CEFT4A6;CEFT4A7;CEFT4A8;CEFT4A9;CEFT4CA;CEFT4G1;CEFT4G11;CEFT4G12;CEFT4G13;CEFT4G14;CEFT4G15;CEFT4G16;CEFT4G17;CEFT4G18;CEFT4G19;CEFT4SA;CEFT4SS;CEFT4SX;WQMAXA1;WQMAXA3;WQMAXA5;WQMAXA7;WQMAXA8;WQMAXA9;WQMAXG1;WQMAXOA7;WQMAXOA8;WQMAXOA9;WQMAXOG1;WQMBSG1;WQMBSSA;WQMBWG1;WQMBWSA;WQMC0A1;WQMC0A3;WQMC0A5;WQMC0G1;WQMC0SS;WQMC1A1;WQMC1A3;WQMC1A5;WQMC1G1;WQMC1SS;WQMC2A1;WQMC2A3;WQMC2A5;WQMC2G1;WQMC2SS;WQMC3A1;WQMC3A3;WQMC3A5;WQMC3G1;WQMC3SS;WQMC4A1;WQMC4A3;WQMC4A5;WQMC4G1;WQMC4SS;WQMC5A1;WQMC5A3;WQMC5A5;WQMC5G1;WQMC5SS;WQMC6A1;WQMC6A3;WQMC6A5;WQMC6G1;WQMC6SS;WQMC7A1;WQMC7A3;WQMC7A5;WQMC7G1;WQMC7SS;WQMCBG1;WQMCBSX;WQMCLA1;WQMCLA3;WQMCLA5;WQMCLA7;WQMCLA8;WQMCLA9;WQMCLG1;WQMCLOA7;WQMCLOA8;WQMCLOA9;WQMCLOG1;WQMD1A1;WQMD1A3;WQMD1A5;WQMD1G1;WQMD1SS;WQMD2A1;WQMD2A3;WQMD2A5;WQMD2G1;WQMD2SS;WQMD3A1;WQMD3A3;WQMD3A5;WQMD3G1;WQMD3SS;WQMD4A1;WQMD4A3;WQMD4A5;WQMD4G1;WQMD4SS;WQMDDA1;WQMDDA3;WQMDDA5;WQMDDA7;WQMDDA8;WQMDDA9;WQMDDG1;WQMDDOA7;WQMDDOA8;WQMDDOA9;WQMDDOG1;WQMF0A1;WQMF0A3;WQMF0A5;WQMF0A7;WQMF0A8;WQMF0A9;WQMF0G1;WQMF0OA7;WQMF0OA8;WQMF0OA9;WQMF0OG1;WQMF1A1;WQMF1A3;WQMF1A5;WQMF1A7;WQMF1A8;WQMF1A9;WQMF1G1;WQMF1OA7;WQMF1OA8;WQMF1OA9;WQMF1OG1;WQMF2A1;WQMF2A3;WQMF2A5;WQMF2A7;WQMF2A8;WQMF2A9;WQMF2G1;WQMF2OA7;WQMF2OA8;WQMF2OA9;WQMF2OG1;WQMF3A1;WQMF3A3;WQMF3A5;WQMF3A7;WQMF3A8;WQMF3A9;WQMF3G1;WQMF3OA7;WQMF3OA8;WQMF3OA9;WQMF3OG1;WQMFLA1;WQMFLA3;WQMFLA5;WQMFLA7;WQMFLA8;WQMFLA9;WQMFLG1;WQMFLOA7;WQMFLOA8;WQMFLOA9;WQMFLOG1;WQMFSA1;WQMFSA3;WQMFSA5;WQMFSA7;WQMFSA8;WQMFSA9;WQMFSG1;WQMFSOA7;WQMFSOA8;WQMFSOA9;WQMFSOG1;WQMGSA2;WQMGSA4;WQMGSA6;WQMGSG1;WQMH0A1;WQMH0A2;WQMH0A3;WQMH0A4;WQMH0A5;WQMH0A6;WQMH0A7;WQMH0A8;WQMH0A9;WQMH0CA;WQMH0G1;WQMH0SA;WQMH0SS;WQMH0SX;WQMH1A1;WQMH1A2;WQMH1A3;WQMH1A4;WQMH1A5;WQMH1A6;WQMH1A7;WQMH1A8;WQMH1A9;WQMH1CA;WQMH1G1;WQMH1SA;WQMH1SS;WQMH1SX;WQMH2A1;WQMH2A2;WQMH2A3;WQMH2A4;WQMH2A5;WQMH2A6;WQMH2A7;WQMH2A8;WQMH2A9;WQMH2CA;WQMH2G1;WQMH2SA;WQMH2SS;WQMH2SX;WQMH5A1;WQMH5A2;WQMH5A3;WQMH5A4;WQMH5A5;WQMH5A6;WQMH5A7;WQMH5A8;WQMH5A9;WQMH5CA;WQMH5G1;WQMH5SA;WQMH5SS;WQMH5SX;WQMH6A1;WQMH6A2;WQMH6A3;WQMH6A4;WQMH6A5;WQMH6A6;WQMH6A7;WQMH6A8;WQMH6A9;WQMH6CA;WQMH6G1;WQMH6SA;WQMH6SS;WQMH6SX;WQMHBA2;WQMHBA4;WQMHBA6;WQMHBG1;WQMJ0A1;WQMJ0A2;WQMJ0A3;WQMJ0A4;WQMJ0A5;WQMJ0A6;WQMJ0A7;WQMJ0A8;WQMJ0A9;WQMJ0CA;WQMJ0G1;WQMJ0SA;WQMJ0SS;WQMJ0SX;WQMJ1A1;WQMJ1A2;WQMJ1A3;WQMJ1A4;WQMJ1A5;WQMJ1A6;WQMJ1A7;WQMJ1A8;WQMJ1A9;WQMJ1CA;WQMJ1G1;WQMJ1SA;WQMJ1SS;WQMJ1SX;WQMJ2A1;WQMJ2A2;WQMJ2A3;WQMJ2A4;WQMJ2A5;WQMJ2A6;WQMJ2A7;WQMJ2A8;WQMJ2A9;WQMJ2CA;WQMJ2G1;WQMJ2SA;WQMJ2SS;WQMJ2SX;WQMJ3A1;WQMJ3A2;WQMJ3A3;WQMJ3A4;WQMJ3A5;WQMJ3A6;WQMJ3A7;WQMJ3A8;WQMJ3A9;WQMJ3CA;WQMJ3G1;WQMJ3SA;WQMJ3SS;WQMJ3SX;WQMJ4A1;WQMJ4A2;WQMJ4A3;WQMJ4A4;WQMJ4A5;WQMJ4A6;WQMJ4A7;WQMJ4A8;WQMJ4A9;WQMJ4CA;WQMJ4G1;WQMJ4SA;WQMJ4SS;WQMJ4SX;WQMJ5A1;WQMJ5A2;WQMJ5A3;WQMJ5A4;WQMJ5A5;WQMJ5A6;WQMJ5A7;WQMJ5A8;WQMJ5A9;WQMJ5CA;WQMJ5G1;WQMJ5SA;WQMJ5SS;WQMJ5SX;WQMJ6A1;WQMJ6A2;WQMJ6A3;WQMJ6A4;WQMJ6A5;WQMJ6A6;WQMJ6A7;WQMJ6A8;WQMJ6A9;WQMJ6CA;WQMJ6G1;WQMJ6SA;WQMJ6SS;WQMJ6SX;WQMJ7A1;WQMJ7A2;WQMJ7A3;WQMJ7A4;WQMJ7A5;WQMJ7A6;WQMJ7A7;WQMJ7A8;WQMJ7A9;WQMJ7CA;WQMJ7G1;WQMJ7SA;WQMJ7SS;WQMJ7SX;WQMJ8A1;WQMJ8A2;WQMJ8A3;WQMJ8A4;WQMJ8A5;WQMJ8A6;WQMJ8A7;WQMJ8A8;WQMJ8A9;WQMJ8CA;WQMJ8G1;WQMJ8SA;WQMJ8SS;WQMJ8SX;WQMJ9A1;WQMJ9A2;WQMJ9A3;WQMJ9A4;WQMJ9A5;WQMJ9A6;WQMJ9A7;WQMJ9A8;WQMJ9A9;WQMJ9CA;WQMJ9G1;WQMJ9SA;WQMJ9SS;WQMJ9SX;WQMJAA1;WQMJAA2;WQMJAA3;WQMJAA4;WQMJAA5;WQMJAA6;WQMJAA7;WQMJAA8;WQMJAA9;WQMJACA;WQMJAG1;WQMJASA;WQMJASS;WQMJASX;WQMJBA1;WQMJBA2;WQMJBA3;WQMJBA4;WQMJBA5;WQMJBA6;WQMJBA7;WQMJBA8;WQMJBA9;WQMJBCA;WQMJBG1;WQMJBSA;WQMJBSS;WQMJBSX;WQMJCA1;WQMJCA2;WQMJCA3;WQMJCA4;WQMJCA5;WQMJCA6;WQMJCA7;WQMJCA8;WQMJCA9;WQMJCCA;WQMJCG1;WQMJCSA;WQMJCSS;WQMJCSX;WQMM2A1;WQMM2A3;WQMM2A5;WQMM2A7;WQMM2A8;WQMM2A9;WQMM2G1;WQMM2OA7;WQMM2OA8;WQMM2OA9;WQMM2OG1;WQMMCA1;WQMMCA3;WQMMCA5;WQMMCA7;WQMMCA8;WQMMCA9;WQMMCG1;WQMMCOA7;WQMMCOA8;WQMMCOA9;WQMMCOG1;WQMMSA1;WQMMSA3;WQMMSA5;WQMMSA7;WQMMSA8;WQMMSA9;WQMMSG1;WQMMSOA7;WQMMSOA8;WQMMSOA9;WQMMSOG1;WQMQ2A2;WQMQ2A4;WQMQ2A6;WQMQ2G1;WQMQ3A2;WQMQ3A4;WQMQ3A6;WQMQ3G1;WQMQ4A2;WQMQ4A4;WQMQ4A6;WQMQ4G1;WQMQSA2;WQMQSA4;WQMQSA6;WQMQSG1;WQMS0A1;WQMS0A3;WQMS0A5;WQMS0A7;WQMS0A8;WQMS0A9;WQMS0G1;WQMS0OA7;WQMS0OA8;WQMS0OA9;WQMS0OG1;WQMS1A1;WQMS1A3;WQMS1A5;WQMS1A7;WQMS1A8;WQMS1A9;WQMS1G1;WQMS1OA7;WQMS1OA8;WQMS1OA9;WQMS1OG1;WQMS2A2;WQMS2A4;WQMS2A6;WQMS2G1;WQMS3A1;WQMS3A3;WQMS3A5;WQMS3A7;WQMS3A8;WQMS3A9;WQMS3G1;WQMS3OA7;WQMS3OA8;WQMS3OA9;WQMS3OG1;WQMSCA1;WQMSCA3;WQMSCA5;WQMSCA7;WQMSCA8;WQMSCA9;WQMSCG1;WQMSCOA7;WQMSCOA8;WQMSCOA9;WQMSCOG1;WQMSLG1;WQMSLSS;WQMSPA2;WQMSPA4;WQMSPA6;WQMSPG1;WQMSSA1;WQMSSA3;WQMSSA5;WQMSSA7;WQMSSA8;WQMSSA9;WQMSSG1;WQMSSOA7;WQMSSOA8;WQMSSOA9;WQMSSOG1;WQMWHA1;WQMWHA3;WQMWHA5;WQMWHA7;WQMWHA8;WQMWHA9;WQMWHG1;WQMWHOA7;WQMWHOA8;WQMWHOA9;WQMWHOG1;WQMZWA1;WQMZWA2;WQMZWA3;WQMZWA4;WQMZWA5;WQMZWA6;WQMZWA7;WQMZWA8;WQMZWA9;WQMZWCA;WQMZWG1;WQMZWSA;WQMZWSS;WQMZWSX,q3m-reference-available,docs/measurements/playable-q3m-x2-ingame-20261002-v1/current-generation.json,no-colour-variant-reference,97447,97384,,sprite/index/palette-work-plan.json,97447
0x5312,THIEF_FEMALE_DWARF_LOW,character,5000,1,1,CDFT,66,65,656,178357,0x5312:body:armor-code:1:CDFT1;0x5312:body:armor-code:2:CDFT2;0x5312:body:armor-code:3:CDFT3;0x5312:body:armor-code:4:CDFT4;0x5312:helmet:item-animation-code:H0:WQSH0;0x5312:helmet:item-animation-code:H1:WQSH1;0x5312:helmet:item-animation-code:H2:WQSH2;0x5312:helmet:item-animation-code:H5:WQSH5;0x5312:helmet:item-animation-code:J0:WQSJ0;0x5312:helmet:item-animation-code:J1:WQSJ1;0x5312:helmet:item-animation-code:J2:WQSJ2;0x5312:helmet:item-animation-code:J3:WQSJ3;0x5312:helmet:item-animation-code:J4:WQSJ4;0x5312:helmet:item-animation-code:J5:WQSJ5;0x5312:helmet:item-animation-code:J6:WQSJ6;0x5312:helmet:item-animation-code:J7:WQSJ7;0x5312:helmet:item-animation-code:J8:WQSJ8;0x5312:helmet:item-animation-code:J9:WQSJ9;0x5312:helmet:item-animation-code:JA:WQSJA;0x5312:helmet:item-animation-code:JB:WQSJB;0x5312:helmet:item-animation-code:JC:WQSJC;0x5312:helmet:item-animation-code:YW:WQSYW;0x5312:helmet:item-animation-code:ZW:WQSZW;0x5312:shield:item-animation-code:C0:WQSC0;0x5312:shield:item-animation-code:C1:WQSC1;0x5312:shield:item-animation-code:C2:WQSC2;0x5312:shield:item-animation-code:C3:WQSC3;0x5312:shield:item-animation-code:C4:WQSC4;0x5312:shield:item-animation-code:C5:WQSC5;0x5312:shield:item-animation-code:C6:WQSC6;0x5312:shield:item-animation-code:C7:WQSC7;0x5312:shield:item-animation-code:D1:WQSD1;0x5312:shield:item-animation-code:D2:WQSD2;0x5312:shield:item-animation-code:D3:WQSD3;0x5312:shield:item-animation-code:D4:WQSD4;0x5312:weapon:item-animation-code:AX:WQSAX;0x5312:weapon:item-animation-code:BS:WQSBS;0x5312:weapon:item-animation-code:BW:WQSBW;0x5312:weapon:item-animation-code:CB:WQSCB;0x5312:weapon:item-animation-code:CL:WQSCL;0x5312:weapon:item-animation-code:DD:WQSDD;0x5312:weapon:item-animation-code:F0:WQSF0;0x5312:weapon:item-animation-code:F1:WQSF1;0x5312:weapon:item-animation-code:F2:WQSF2;0x5312:weapon:item-animation-code:F3:WQSF3;0x5312:weapon:item-animation-code:FL:WQSFL;0x5312:weapon:item-animation-code:FS:WQSFS;0x5312:weapon:item-animation-code:GS:WQSGS;0x5312:weapon:item-animation-code:H6:WQSH6;0x5312:weapon:item-animation-code:HB:WQSHB;0x5312:weapon:item-animation-code:M2:WQSM2;0x5312:weapon:item-animation-code:MC:WQSMC;0x5312:weapon:item-animation-code:MS:WQSMS;0x5312:weapon:item-animation-code:Q2:WQSQ2;0x5312:weapon:item-animation-code:Q3:WQSQ3;0x5312:weapon:item-animation-code:Q4:WQSQ4;0x5312:weapon:item-animation-code:QS:WQSQS;0x5312:weapon:item-animation-code:S0:WQSS0;0x5312:weapon:item-animation-code:S1:WQSS1;0x5312:weapon:item-animation-code:S2:WQSS2;0x5312:weapon:item-animation-code:S3:WQSS3;0x5312:weapon:item-animation-code:SC:WQSSC;0x5312:weapon:item-animation-code:SL:WQSSL;0x5312:weapon:item-animation-code:SP:WQSSP;0x5312:weapon:item-animation-code:SS:WQSSS;0x5312:weapon:item-animation-code:WH:WQSWH,CDFT1A1;CDFT1A2;CDFT1A3;CDFT1A4;CDFT1A5;CDFT1A6;CDFT1A7;CDFT1A8;CDFT1A9;CDFT1CA;CDFT1G1;CDFT1G11;CDFT1G12;CDFT1G13;CDFT1G14;CDFT1G15;CDFT1G16;CDFT1G17;CDFT1G18;CDFT1G19;CDFT1SA;CDFT1SS;CDFT1SX;CDFT2A1;CDFT2A2;CDFT2A3;CDFT2A4;CDFT2A5;CDFT2A6;CDFT2A7;CDFT2A8;CDFT2A9;CDFT2CA;CDFT2G1;CDFT2G11;CDFT2G12;CDFT2G13;CDFT2G14;CDFT2G15;CDFT2G16;CDFT2G17;CDFT2G18;CDFT2G19;CDFT2SA;CDFT2SS;CDFT2SX;CDFT3A1;CDFT3A2;CDFT3A3;CDFT3A4;CDFT3A5;CDFT3A6;CDFT3A7;CDFT3A8;CDFT3A9;CDFT3CA;CDFT3G1;CDFT3G11;CDFT3G12;CDFT3G13;CDFT3G14;CDFT3G15;CDFT3G16;CDFT3G17;CDFT3G18;CDFT3G19;CDFT3SA;CDFT3SS;CDFT3SX;CDFT4A1;CDFT4A2;CDFT4A3;CDFT4A4;CDFT4A5;CDFT4A6;CDFT4A7;CDFT4A8;CDFT4A9;CDFT4CA;CDFT4G1;CDFT4G11;CDFT4G12;CDFT4G13;CDFT4G14;CDFT4G15;CDFT4G16;CDFT4G17;CDFT4G18;CDFT4G19;CDFT4SA;CDFT4SS;CDFT4SX;WQSAXA1;WQSAXA3;WQSAXA5;WQSAXA7;WQSAXA8;WQSAXA9;WQSAXG1;WQSAXOA7;WQSAXOA8;WQSAXOA9;WQSAXOG1;WQSBSG1;WQSBSSA;WQSBWG1;WQSBWSA;WQSC0A1;WQSC0A3;WQSC0A5;WQSC0G1;WQSC0SS;WQSC1A1;WQSC1A3;WQSC1A5;WQSC1G1;WQSC1SS;WQSC2A1;WQSC2A3;WQSC2A5;WQSC2G1;WQSC2SS;WQSC3A1;WQSC3A3;WQSC3A5;WQSC3G1;WQSC3SS;WQSC4A1;WQSC4A3;WQSC4A5;WQSC4G1;WQSC4SS;WQSC5A1;WQSC5A3;WQSC5A5;WQSC5G1;WQSC5SS;WQSC6A1;WQSC6A3;WQSC6A5;WQSC6G1;WQSC6SS;WQSC7A1;WQSC7A3;WQSC7A5;WQSC7G1;WQSC7SS;WQSCBG1;WQSCBSX;WQSCLA1;WQSCLA3;WQSCLA5;WQSCLA7;WQSCLA8;WQSCLA9;WQSCLG1;WQSCLOA7;WQSCLOA8;WQSCLOA9;WQSCLOG1;WQSD1A1;WQSD1A3;WQSD1A5;WQSD1G1;WQSD1SS;WQSD2A1;WQSD2A3;WQSD2A5;WQSD2G1;WQSD2SS;WQSD3A1;WQSD3A3;WQSD3A5;WQSD3G1;WQSD3SS;WQSD4A1;WQSD4A3;WQSD4A5;WQSD4G1;WQSD4SS;WQSDDA1;WQSDDA3;WQSDDA5;WQSDDA7;WQSDDA8;WQSDDA9;WQSDDG1;WQSDDOA7;WQSDDOA8;WQSDDOA9;WQSDDOG1;WQSF0A1;WQSF0A3;WQSF0A5;WQSF0A7;WQSF0A8;WQSF0A9;WQSF0G1;WQSF0OA7;WQSF0OA8;WQSF0OA9;WQSF0OG1;WQSF1A1;WQSF1A3;WQSF1A5;WQSF1A7;WQSF1A8;WQSF1A9;WQSF1G1;WQSF1OA7;WQSF1OA8;WQSF1OA9;WQSF1OG1;WQSF2A1;WQSF2A3;WQSF2A5;WQSF2A7;WQSF2A8;WQSF2A9;WQSF2G1;WQSF2OA7;WQSF2OA8;WQSF2OA9;WQSF2OG1;WQSF3A1;WQSF3A3;WQSF3A5;WQSF3A7;WQSF3A8;WQSF3A9;WQSF3G1;WQSF3OA7;WQSF3OA8;WQSF3OA9;WQSF3OG1;WQSFLA1;WQSFLA3;WQSFLA5;WQSFLA7;WQSFLA8;WQSFLA9;WQSFLG1;WQSFLOA7;WQSFLOA8;WQSFLOA9;WQSFLOG1;WQSFSA1;WQSFSA3;WQSFSA5;WQSFSA7;WQSFSA8;WQSFSA9;WQSFSG1;WQSFSOA7;WQSFSOA8;WQSFSOA9;WQSFSOG1;WQSGSA2;WQSGSA4;WQSGSA6;WQSGSG1;WQSH0A1;WQSH0A2;WQSH0A3;WQSH0A4;WQSH0A5;WQSH0A6;WQSH0A7;WQSH0A8;WQSH0A9;WQSH0CA;WQSH0G1;WQSH0SA;WQSH0SS;WQSH0SX;WQSH1A1;WQSH1A2;WQSH1A3;WQSH1A4;WQSH1A5;WQSH1A6;WQSH1A7;WQSH1A8;WQSH1A9;WQSH1CA;WQSH1G1;WQSH1SA;WQSH1SS;WQSH1SX;WQSH2A1;WQSH2A2;WQSH2A3;WQSH2A4;WQSH2A5;WQSH2A6;WQSH2A7;WQSH2A8;WQSH2A9;WQSH2CA;WQSH2G1;WQSH2SA;WQSH2SS;WQSH2SX;WQSH5A1;WQSH5A2;WQSH5A3;WQSH5A4;WQSH5A5;WQSH5A6;WQSH5A7;WQSH5A8;WQSH5A9;WQSH5CA;WQSH5G1;WQSH5SA;WQSH5SS;WQSH5SX;WQSH6A1;WQSH6A2;WQSH6A3;WQSH6A4;WQSH6A5;WQSH6A6;WQSH6A7;WQSH6A8;WQSH6A9;WQSH6CA;WQSH6G1;WQSH6SA;WQSH6SS;WQSH6SX;WQSHBA2;WQSHBA4;WQSHBA6;WQSHBG1;WQSJ0A1;WQSJ0A2;WQSJ0A3;WQSJ0A4;WQSJ0A5;WQSJ0A6;WQSJ0A7;WQSJ0A8;WQSJ0A9;WQSJ0CA;WQSJ0G1;WQSJ0SA;WQSJ0SS;WQSJ0SX;WQSJ1A1;WQSJ1A2;WQSJ1A3;WQSJ1A4;WQSJ1A5;WQSJ1A6;WQSJ1A7;WQSJ1A8;WQSJ1A9;WQSJ1CA;WQSJ1G1;WQSJ1SA;WQSJ1SS;WQSJ1SX;WQSJ2A1;WQSJ2A2;WQSJ2A3;WQSJ2A4;WQSJ2A5;WQSJ2A6;WQSJ2A7;WQSJ2A8;WQSJ2A9;WQSJ2CA;WQSJ2G1;WQSJ2SA;WQSJ2SS;WQSJ2SX;WQSJ3A1;WQSJ3A2;WQSJ3A3;WQSJ3A4;WQSJ3A5;WQSJ3A6;WQSJ3A7;WQSJ3A8;WQSJ3A9;WQSJ3CA;WQSJ3G1;WQSJ3SA;WQSJ3SS;WQSJ3SX;WQSJ4A1;WQSJ4A2;WQSJ4A3;WQSJ4A4;WQSJ4A5;WQSJ4A6;WQSJ4A7;WQSJ4A8;WQSJ4A9;WQSJ4CA;WQSJ4G1;WQSJ4SA;WQSJ4SS;WQSJ4SX;WQSJ5A1;WQSJ5A2;WQSJ5A3;WQSJ5A4;WQSJ5A5;WQSJ5A6;WQSJ5A7;WQSJ5A8;WQSJ5A9;WQSJ5CA;WQSJ5G1;WQSJ5SA;WQSJ5SS;WQSJ5SX;WQSJ6A1;WQSJ6A2;WQSJ6A3;WQSJ6A4;WQSJ6A5;WQSJ6A6;WQSJ6A7;WQSJ6A8;WQSJ6A9;WQSJ6CA;WQSJ6G1;WQSJ6SA;WQSJ6SS;WQSJ6SX;WQSJ7A1;WQSJ7A2;WQSJ7A3;WQSJ7A4;WQSJ7A5;WQSJ7A6;WQSJ7A7;WQSJ7A8;WQSJ7A9;WQSJ7CA;WQSJ7G1;WQSJ7SA;WQSJ7SS;WQSJ7SX;WQSJ8A1;WQSJ8A2;WQSJ8A3;WQSJ8A4;WQSJ8A5;WQSJ8A6;WQSJ8A7;WQSJ8A8;WQSJ8A9;WQSJ8CA;WQSJ8G1;WQSJ8SA;WQSJ8SS;WQSJ8SX;WQSJ9A1;WQSJ9A2;WQSJ9A3;WQSJ9A4;WQSJ9A5;WQSJ9A6;WQSJ9A7;WQSJ9A8;WQSJ9A9;WQSJ9CA;WQSJ9G1;WQSJ9SA;WQSJ9SS;WQSJ9SX;WQSJAA1;WQSJAA2;WQSJAA3;WQSJAA4;WQSJAA5;WQSJAA6;WQSJAA7;WQSJAA8;WQSJAA9;WQSJACA;WQSJAG1;WQSJASA;WQSJASS;WQSJASX;WQSJBA1;WQSJBA2;WQSJBA3;WQSJBA4;WQSJBA5;WQSJBA6;WQSJBA7;WQSJBA8;WQSJBA9;WQSJBCA;WQSJBG1;WQSJBSA;WQSJBSS;WQSJBSX;WQSJCA1;WQSJCA2;WQSJCA3;WQSJCA4;WQSJCA5;WQSJCA6;WQSJCA7;WQSJCA8;WQSJCA9;WQSJCCA;WQSJCG1;WQSJCSA;WQSJCSS;WQSJCSX;WQSM2A1;WQSM2A3;WQSM2A5;WQSM2A7;WQSM2A8;WQSM2A9;WQSM2G1;WQSM2OA7;WQSM2OA8;WQSM2OA9;WQSM2OG1;WQSMCA1;WQSMCA3;WQSMCA5;WQSMCA7;WQSMCA8;WQSMCA9;WQSMCG1;WQSMCOA7;WQSMCOA8;WQSMCOA9;WQSMCOG1;WQSMSA1;WQSMSA3;WQSMSA5;WQSMSA7;WQSMSA8;WQSMSA9;WQSMSG1;WQSMSOA7;WQSMSOA8;WQSMSOA9;WQSMSOG1;WQSQ2A2;WQSQ2A4;WQSQ2A6;WQSQ2G1;WQSQ3A2;WQSQ3A4;WQSQ3A6;WQSQ3G1;WQSQ4A2;WQSQ4A4;WQSQ4A6;WQSQ4G1;WQSQSA2;WQSQSA4;WQSQSA6;WQSQSG1;WQSS0A1;WQSS0A3;WQSS0A5;WQSS0A7;WQSS0A8;WQSS0A9;WQSS0G1;WQSS0OA7;WQSS0OA8;WQSS0OA9;WQSS0OG1;WQSS1A1;WQSS1A3;WQSS1A5;WQSS1A7;WQSS1A8;WQSS1A9;WQSS1G1;WQSS1OA7;WQSS1OA8;WQSS1OA9;WQSS1OG1;WQSS2A2;WQSS2A4;WQSS2A6;WQSS2G1;WQSS3A1;WQSS3A3;WQSS3A5;WQSS3A7;WQSS3A8;WQSS3A9;WQSS3G1;WQSS3OA7;WQSS3OA8;WQSS3OA9;WQSS3OG1;WQSSCA1;WQSSCA3;WQSSCA5;WQSSCA7;WQSSCA8;WQSSCA9;WQSSCG1;WQSSCOA7;WQSSCOA8;WQSSCOA9;WQSSCOG1;WQSSLG1;WQSSLSS;WQSSPA2;WQSSPA4;WQSSPA6;WQSSPG1;WQSSSA1;WQSSSA3;WQSSSA5;WQSSSA7;WQSSSA8;WQSSSA9;WQSSSG1;WQSSSOA7;WQSSSOA8;WQSSSOA9;WQSSSOG1;WQSWHA1;WQSWHA3;WQSWHA5;WQSWHA7;WQSWHA8;WQSWHA9;WQSWHG1;WQSWHOA7;WQSWHOA8;WQSWHOA9;WQSWHOG1;WQSZWA1;WQSZWA2;WQSZWA3;WQSZWA4;WQSZWA5;WQSZWA6;WQSZWA7;WQSZWA8;WQSZWA9;WQSZWCA;WQSZWG1;WQSZWSA;WQSZWSS;WQSZWSX,q3m-reference-available,docs/measurements/playable-q3m-x2-ingame-20261002-v1/current-generation.json,no-colour-variant-reference,94396,94323,,sprite/index/palette-work-plan.json,94396
0x5313,THIEF_FEMALE_HALFLING_LOW,character,5000,1,1,CIFT,66,65,656,178357,0x5313:body:armor-code:1:CIFT1;0x5313:body:armor-code:2:CIFT2;0x5313:body:armor-code:3:CIFT3;0x5313:body:armor-code:4:CIFT4;0x5313:helmet:item-animation-code:H0:WQSH0;0x5313:helmet:item-animation-code:H1:WQSH1;0x5313:helmet:item-animation-code:H2:WQSH2;0x5313:helmet:item-animation-code:H5:WQSH5;0x5313:helmet:item-animation-code:J0:WQSJ0;0x5313:helmet:item-animation-code:J1:WQSJ1;0x5313:helmet:item-animation-code:J2:WQSJ2;0x5313:helmet:item-animation-code:J3:WQSJ3;0x5313:helmet:item-animation-code:J4:WQSJ4;0x5313:helmet:item-animation-code:J5:WQSJ5;0x5313:helmet:item-animation-code:J6:WQSJ6;0x5313:helmet:item-animation-code:J7:WQSJ7;0x5313:helmet:item-animation-code:J8:WQSJ8;0x5313:helmet:item-animation-code:J9:WQSJ9;0x5313:helmet:item-animation-code:JA:WQSJA;0x5313:helmet:item-animation-code:JB:WQSJB;0x5313:helmet:item-animation-code:JC:WQSJC;0x5313:helmet:item-animation-code:YW:WQSYW;0x5313:helmet:item-animation-code:ZW:WQSZW;0x5313:shield:item-animation-code:C0:WQSC0;0x5313:shield:item-animation-code:C1:WQSC1;0x5313:shield:item-animation-code:C2:WQSC2;0x5313:shield:item-animation-code:C3:WQSC3;0x5313:shield:item-animation-code:C4:WQSC4;0x5313:shield:item-animation-code:C5:WQSC5;0x5313:shield:item-animation-code:C6:WQSC6;0x5313:shield:item-animation-code:C7:WQSC7;0x5313:shield:item-animation-code:D1:WQSD1;0x5313:shield:item-animation-code:D2:WQSD2;0x5313:shield:item-animation-code:D3:WQSD3;0x5313:shield:item-animation-code:D4:WQSD4;0x5313:weapon:item-animation-code:AX:WQSAX;0x5313:weapon:item-animation-code:BS:WQSBS;0x5313:weapon:item-animation-code:BW:WQSBW;0x5313:weapon:item-animation-code:CB:WQSCB;0x5313:weapon:item-animation-code:CL:WQSCL;0x5313:weapon:item-animation-code:DD:WQSDD;0x5313:weapon:item-animation-code:F0:WQSF0;0x5313:weapon:item-animation-code:F1:WQSF1;0x5313:weapon:item-animation-code:F2:WQSF2;0x5313:weapon:item-animation-code:F3:WQSF3;0x5313:weapon:item-animation-code:FL:WQSFL;0x5313:weapon:item-animation-code:FS:WQSFS;0x5313:weapon:item-animation-code:GS:WQSGS;0x5313:weapon:item-animation-code:H6:WQSH6;0x5313:weapon:item-animation-code:HB:WQSHB;0x5313:weapon:item-animation-code:M2:WQSM2;0x5313:weapon:item-animation-code:MC:WQSMC;0x5313:weapon:item-animation-code:MS:WQSMS;0x5313:weapon:item-animation-code:Q2:WQSQ2;0x5313:weapon:item-animation-code:Q3:WQSQ3;0x5313:weapon:item-animation-code:Q4:WQSQ4;0x5313:weapon:item-animation-code:QS:WQSQS;0x5313:weapon:item-animation-code:S0:WQSS0;0x5313:weapon:item-animation-code:S1:WQSS1;0x5313:weapon:item-animation-code:S2:WQSS2;0x5313:weapon:item-animation-code:S3:WQSS3;0x5313:weapon:item-animation-code:SC:WQSSC;0x5313:weapon:item-animation-code:SL:WQSSL;0x5313:weapon:item-animation-code:SP:WQSSP;0x5313:weapon:item-animation-code:SS:WQSSS;0x5313:weapon:item-animation-code:WH:WQSWH,CIFT1A1;CIFT1A2;CIFT1A3;CIFT1A4;CIFT1A5;CIFT1A6;CIFT1A7;CIFT1A8;CIFT1A9;CIFT1CA;CIFT1G1;CIFT1G11;CIFT1G12;CIFT1G13;CIFT1G14;CIFT1G15;CIFT1G16;CIFT1G17;CIFT1G18;CIFT1G19;CIFT1SA;CIFT1SS;CIFT1SX;CIFT2A1;CIFT2A2;CIFT2A3;CIFT2A4;CIFT2A5;CIFT2A6;CIFT2A7;CIFT2A8;CIFT2A9;CIFT2CA;CIFT2G1;CIFT2G11;CIFT2G12;CIFT2G13;CIFT2G14;CIFT2G15;CIFT2G16;CIFT2G17;CIFT2G18;CIFT2G19;CIFT2SA;CIFT2SS;CIFT2SX;CIFT3A1;CIFT3A2;CIFT3A3;CIFT3A4;CIFT3A5;CIFT3A6;CIFT3A7;CIFT3A8;CIFT3A9;CIFT3CA;CIFT3G1;CIFT3G11;CIFT3G12;CIFT3G13;CIFT3G14;CIFT3G15;CIFT3G16;CIFT3G17;CIFT3G18;CIFT3G19;CIFT3SA;CIFT3SS;CIFT3SX;CIFT4A1;CIFT4A2;CIFT4A3;CIFT4A4;CIFT4A5;CIFT4A6;CIFT4A7;CIFT4A8;CIFT4A9;CIFT4CA;CIFT4G1;CIFT4G11;CIFT4G12;CIFT4G13;CIFT4G14;CIFT4G15;CIFT4G16;CIFT4G17;CIFT4G18;CIFT4G19;CIFT4SA;CIFT4SS;CIFT4SX;WQSAXA1;WQSAXA3;WQSAXA5;WQSAXA7;WQSAXA8;WQSAXA9;WQSAXG1;WQSAXOA7;WQSAXOA8;WQSAXOA9;WQSAXOG1;WQSBSG1;WQSBSSA;WQSBWG1;WQSBWSA;WQSC0A1;WQSC0A3;WQSC0A5;WQSC0G1;WQSC0SS;WQSC1A1;WQSC1A3;WQSC1A5;WQSC1G1;WQSC1SS;WQSC2A1;WQSC2A3;WQSC2A5;WQSC2G1;WQSC2SS;WQSC3A1;WQSC3A3;WQSC3A5;WQSC3G1;WQSC3SS;WQSC4A1;WQSC4A3;WQSC4A5;WQSC4G1;WQSC4SS;WQSC5A1;WQSC5A3;WQSC5A5;WQSC5G1;WQSC5SS;WQSC6A1;WQSC6A3;WQSC6A5;WQSC6G1;WQSC6SS;WQSC7A1;WQSC7A3;WQSC7A5;WQSC7G1;WQSC7SS;WQSCBG1;WQSCBSX;WQSCLA1;WQSCLA3;WQSCLA5;WQSCLA7;WQSCLA8;WQSCLA9;WQSCLG1;WQSCLOA7;WQSCLOA8;WQSCLOA9;WQSCLOG1;WQSD1A1;WQSD1A3;WQSD1A5;WQSD1G1;WQSD1SS;WQSD2A1;WQSD2A3;WQSD2A5;WQSD2G1;WQSD2SS;WQSD3A1;WQSD3A3;WQSD3A5;WQSD3G1;WQSD3SS;WQSD4A1;WQSD4A3;WQSD4A5;WQSD4G1;WQSD4SS;WQSDDA1;WQSDDA3;WQSDDA5;WQSDDA7;WQSDDA8;WQSDDA9;WQSDDG1;WQSDDOA7;WQSDDOA8;WQSDDOA9;WQSDDOG1;WQSF0A1;WQSF0A3;WQSF0A5;WQSF0A7;WQSF0A8;WQSF0A9;WQSF0G1;WQSF0OA7;WQSF0OA8;WQSF0OA9;WQSF0OG1;WQSF1A1;WQSF1A3;WQSF1A5;WQSF1A7;WQSF1A8;WQSF1A9;WQSF1G1;WQSF1OA7;WQSF1OA8;WQSF1OA9;WQSF1OG1;WQSF2A1;WQSF2A3;WQSF2A5;WQSF2A7;WQSF2A8;WQSF2A9;WQSF2G1;WQSF2OA7;WQSF2OA8;WQSF2OA9;WQSF2OG1;WQSF3A1;WQSF3A3;WQSF3A5;WQSF3A7;WQSF3A8;WQSF3A9;WQSF3G1;WQSF3OA7;WQSF3OA8;WQSF3OA9;WQSF3OG1;WQSFLA1;WQSFLA3;WQSFLA5;WQSFLA7;WQSFLA8;WQSFLA9;WQSFLG1;WQSFLOA7;WQSFLOA8;WQSFLOA9;WQSFLOG1;WQSFSA1;WQSFSA3;WQSFSA5;WQSFSA7;WQSFSA8;WQSFSA9;WQSFSG1;WQSFSOA7;WQSFSOA8;WQSFSOA9;WQSFSOG1;WQSGSA2;WQSGSA4;WQSGSA6;WQSGSG1;WQSH0A1;WQSH0A2;WQSH0A3;WQSH0A4;WQSH0A5;WQSH0A6;WQSH0A7;WQSH0A8;WQSH0A9;WQSH0CA;WQSH0G1;WQSH0SA;WQSH0SS;WQSH0SX;WQSH1A1;WQSH1A2;WQSH1A3;WQSH1A4;WQSH1A5;WQSH1A6;WQSH1A7;WQSH1A8;WQSH1A9;WQSH1CA;WQSH1G1;WQSH1SA;WQSH1SS;WQSH1SX;WQSH2A1;WQSH2A2;WQSH2A3;WQSH2A4;WQSH2A5;WQSH2A6;WQSH2A7;WQSH2A8;WQSH2A9;WQSH2CA;WQSH2G1;WQSH2SA;WQSH2SS;WQSH2SX;WQSH5A1;WQSH5A2;WQSH5A3;WQSH5A4;WQSH5A5;WQSH5A6;WQSH5A7;WQSH5A8;WQSH5A9;WQSH5CA;WQSH5G1;WQSH5SA;WQSH5SS;WQSH5SX;WQSH6A1;WQSH6A2;WQSH6A3;WQSH6A4;WQSH6A5;WQSH6A6;WQSH6A7;WQSH6A8;WQSH6A9;WQSH6CA;WQSH6G1;WQSH6SA;WQSH6SS;WQSH6SX;WQSHBA2;WQSHBA4;WQSHBA6;WQSHBG1;WQSJ0A1;WQSJ0A2;WQSJ0A3;WQSJ0A4;WQSJ0A5;WQSJ0A6;WQSJ0A7;WQSJ0A8;WQSJ0A9;WQSJ0CA;WQSJ0G1;WQSJ0SA;WQSJ0SS;WQSJ0SX;WQSJ1A1;WQSJ1A2;WQSJ1A3;WQSJ1A4;WQSJ1A5;WQSJ1A6;WQSJ1A7;WQSJ1A8;WQSJ1A9;WQSJ1CA;WQSJ1G1;WQSJ1SA;WQSJ1SS;WQSJ1SX;WQSJ2A1;WQSJ2A2;WQSJ2A3;WQSJ2A4;WQSJ2A5;WQSJ2A6;WQSJ2A7;WQSJ2A8;WQSJ2A9;WQSJ2CA;WQSJ2G1;WQSJ2SA;WQSJ2SS;WQSJ2SX;WQSJ3A1;WQSJ3A2;WQSJ3A3;WQSJ3A4;WQSJ3A5;WQSJ3A6;WQSJ3A7;WQSJ3A8;WQSJ3A9;WQSJ3CA;WQSJ3G1;WQSJ3SA;WQSJ3SS;WQSJ3SX;WQSJ4A1;WQSJ4A2;WQSJ4A3;WQSJ4A4;WQSJ4A5;WQSJ4A6;WQSJ4A7;WQSJ4A8;WQSJ4A9;WQSJ4CA;WQSJ4G1;WQSJ4SA;WQSJ4SS;WQSJ4SX;WQSJ5A1;WQSJ5A2;WQSJ5A3;WQSJ5A4;WQSJ5A5;WQSJ5A6;WQSJ5A7;WQSJ5A8;WQSJ5A9;WQSJ5CA;WQSJ5G1;WQSJ5SA;WQSJ5SS;WQSJ5SX;WQSJ6A1;WQSJ6A2;WQSJ6A3;WQSJ6A4;WQSJ6A5;WQSJ6A6;WQSJ6A7;WQSJ6A8;WQSJ6A9;WQSJ6CA;WQSJ6G1;WQSJ6SA;WQSJ6SS;WQSJ6SX;WQSJ7A1;WQSJ7A2;WQSJ7A3;WQSJ7A4;WQSJ7A5;WQSJ7A6;WQSJ7A7;WQSJ7A8;WQSJ7A9;WQSJ7CA;WQSJ7G1;WQSJ7SA;WQSJ7SS;WQSJ7SX;WQSJ8A1;WQSJ8A2;WQSJ8A3;WQSJ8A4;WQSJ8A5;WQSJ8A6;WQSJ8A7;WQSJ8A8;WQSJ8A9;WQSJ8CA;WQSJ8G1;WQSJ8SA;WQSJ8SS;WQSJ8SX;WQSJ9A1;WQSJ9A2;WQSJ9A3;WQSJ9A4;WQSJ9A5;WQSJ9A6;WQSJ9A7;WQSJ9A8;WQSJ9A9;WQSJ9CA;WQSJ9G1;WQSJ9SA;WQSJ9SS;WQSJ9SX;WQSJAA1;WQSJAA2;WQSJAA3;WQSJAA4;WQSJAA5;WQSJAA6;WQSJAA7;WQSJAA8;WQSJAA9;WQSJACA;WQSJAG1;WQSJASA;WQSJASS;WQSJASX;WQSJBA1;WQSJBA2;WQSJBA3;WQSJBA4;WQSJBA5;WQSJBA6;WQSJBA7;WQSJBA8;WQSJBA9;WQSJBCA;WQSJBG1;WQSJBSA;WQSJBSS;WQSJBSX;WQSJCA1;WQSJCA2;WQSJCA3;WQSJCA4;WQSJCA5;WQSJCA6;WQSJCA7;WQSJCA8;WQSJCA9;WQSJCCA;WQSJCG1;WQSJCSA;WQSJCSS;WQSJCSX;WQSM2A1;WQSM2A3;WQSM2A5;WQSM2A7;WQSM2A8;WQSM2A9;WQSM2G1;WQSM2OA7;WQSM2OA8;WQSM2OA9;WQSM2OG1;WQSMCA1;WQSMCA3;WQSMCA5;WQSMCA7;WQSMCA8;WQSMCA9;WQSMCG1;WQSMCOA7;WQSMCOA8;WQSMCOA9;WQSMCOG1;WQSMSA1;WQSMSA3;WQSMSA5;WQSMSA7;WQSMSA8;WQSMSA9;WQSMSG1;WQSMSOA7;WQSMSOA8;WQSMSOA9;WQSMSOG1;WQSQ2A2;WQSQ2A4;WQSQ2A6;WQSQ2G1;WQSQ3A2;WQSQ3A4;WQSQ3A6;WQSQ3G1;WQSQ4A2;WQSQ4A4;WQSQ4A6;WQSQ4G1;WQSQSA2;WQSQSA4;WQSQSA6;WQSQSG1;WQSS0A1;WQSS0A3;WQSS0A5;WQSS0A7;WQSS0A8;WQSS0A9;WQSS0G1;WQSS0OA7;WQSS0OA8;WQSS0OA9;WQSS0OG1;WQSS1A1;WQSS1A3;WQSS1A5;WQSS1A7;WQSS1A8;WQSS1A9;WQSS1G1;WQSS1OA7;WQSS1OA8;WQSS1OA9;WQSS1OG1;WQSS2A2;WQSS2A4;WQSS2A6;WQSS2G1;WQSS3A1;WQSS3A3;WQSS3A5;WQSS3A7;WQSS3A8;WQSS3A9;WQSS3G1;WQSS3OA7;WQSS3OA8;WQSS3OA9;WQSS3OG1;WQSSCA1;WQSSCA3;WQSSCA5;WQSSCA7;WQSSCA8;WQSSCA9;WQSSCG1;WQSSCOA7;WQSSCOA8;WQSSCOA9;WQSSCOG1;WQSSLG1;WQSSLSS;WQSSPA2;WQSSPA4;WQSSPA6;WQSSPG1;WQSSSA1;WQSSSA3;WQSSSA5;WQSSSA7;WQSSSA8;WQSSSA9;WQSSSG1;WQSSSOA7;WQSSSOA8;WQSSSOA9;WQSSSOG1;WQSWHA1;WQSWHA3;WQSWHA5;WQSWHA7;WQSWHA8;WQSWHA9;WQSWHG1;WQSWHOA7;WQSWHOA8;WQSWHOA9;WQSWHOG1;WQSZWA1;WQSZWA2;WQSZWA3;WQSZWA4;WQSZWA5;WQSZWA6;WQSZWA7;WQSZWA8;WQSZWA9;WQSZWCA;WQSZWG1;WQSZWSA;WQSZWSS;WQSZWSX,q3m-reference-available,docs/measurements/playable-q3m-x2-ingame-20261002-v1/current-generation.json,no-colour-variant-reference,94758,94685,,sprite/index/palette-work-plan.json,94758
0x6000,CLERIC_MALE_HUMAN,character,6000,1,1,CHMB,66,65,656,180337,0x6000:body:armor-code:1:CHMB1;0x6000:body:armor-code:2:CHMB2;0x6000:body:armor-code:3:CHMB3;0x6000:body:armor-code:4:CHMC4;0x6000:helmet:item-animation-code:H0:WQLH0;0x6000:helmet:item-animation-code:H1:WQLH1;0x6000:helmet:item-animation-code:H2:WQLH2;0x6000:helmet:item-animation-code:H5:WQLH5;0x6000:helmet:item-animation-code:J0:WQLJ0;0x6000:helmet:item-animation-code:J1:WQLJ1;0x6000:helmet:item-animation-code:J2:WQLJ2;0x6000:helmet:item-animation-code:J3:WQLJ3;0x6000:helmet:item-animation-code:J4:WQLJ4;0x6000:helmet:item-animation-code:J5:WQLJ5;0x6000:helmet:item-animation-code:J6:WQLJ6;0x6000:helmet:item-animation-code:J7:WQLJ7;0x6000:helmet:item-animation-code:J8:WQLJ8;0x6000:helmet:item-animation-code:J9:WQLJ9;0x6000:helmet:item-animation-code:JA:WQLJA;0x6000:helmet:item-animation-code:JB:WQLJB;0x6000:helmet:item-animation-code:JC:WQLJC;0x6000:helmet:item-animation-code:YW:WQLYW;0x6000:helmet:item-animation-code:ZW:WQLZW;0x6000:shield:item-animation-code:C0:WQLC0;0x6000:shield:item-animation-code:C1:WQLC1;0x6000:shield:item-animation-code:C2:WQLC2;0x6000:shield:item-animation-code:C3:WQLC3;0x6000:shield:item-animation-code:C4:WQLC4;0x6000:shield:item-animation-code:C5:WQLC5;0x6000:shield:item-animation-code:C6:WQLC6;0x6000:shield:item-animation-code:C7:WQLC7;0x6000:shield:item-animation-code:D1:WQLD1;0x6000:shield:item-animation-code:D2:WQLD2;0x6000:shield:item-animation-code:D3:WQLD3;0x6000:shield:item-animation-code:D4:WQLD4;0x6000:weapon:item-animation-code:AX:WQLAX;0x6000:weapon:item-animation-code:BS:WQLBS;0x6000:weapon:item-animation-code:BW:WQLBW;0x6000:weapon:item-animation-code:CB:WQLCB;0x6000:weapon:item-animation-code:CL:WQLCL;0x6000:weapon:item-animation-code:DD:WQLDD;0x6000:weapon:item-animation-code:F0:WQLF0;0x6000:weapon:item-animation-code:F1:WQLF1;0x6000:weapon:item-animation-code:F2:WQLF2;0x6000:weapon:item-animation-code:F3:WQLF3;0x6000:weapon:item-animation-code:FL:WQLFL;0x6000:weapon:item-animation-code:FS:WQLFS;0x6000:weapon:item-animation-code:GS:WQLGS;0x6000:weapon:item-animation-code:H6:WQLH6;0x6000:weapon:item-animation-code:HB:WQLHB;0x6000:weapon:item-animation-code:M2:WQLM2;0x6000:weapon:item-animation-code:MC:WQLMC;0x6000:weapon:item-animation-code:MS:WQLMS;0x6000:weapon:item-animation-code:Q2:WQLQ2;0x6000:weapon:item-animation-code:Q3:WQLQ3;0x6000:weapon:item-animation-code:Q4:WQLQ4;0x6000:weapon:item-animation-code:QS:WQLQS;0x6000:weapon:item-animation-code:S0:WQLS0;0x6000:weapon:item-animation-code:S1:WQLS1;0x6000:weapon:item-animation-code:S2:WQLS2;0x6000:weapon:item-animation-code:S3:WQLS3;0x6000:weapon:item-animation-code:SC:WQLSC;0x6000:weapon:item-animation-code:SL:WQLSL;0x6000:weapon:item-animation-code:SP:WQLSP;0x6000:weapon:item-animation-code:SS:WQLSS;0x6000:weapon:item-animation-code:WH:WQLWH,CHMB1A1;CHMB1A2;CHMB1A3;CHMB1A4;CHMB1A5;CHMB1A6;CHMB1A7;CHMB1A8;CHMB1A9;CHMB1CA;CHMB1G1;CHMB1G11;CHMB1G12;CHMB1G13;CHMB1G14;CHMB1G15;CHMB1G16;CHMB1G17;CHMB1G18;CHMB1G19;CHMB1SA;CHMB1SS;CHMB1SX;CHMB2A1;CHMB2A2;CHMB2A3;CHMB2A4;CHMB2A5;CHMB2A6;CHMB2A7;CHMB2A8;CHMB2A9;CHMB2CA;CHMB2G1;CHMB2G11;CHMB2G12;CHMB2G13;CHMB2G14;CHMB2G15;CHMB2G16;CHMB2G17;CHMB2G18;CHMB2G19;CHMB2SA;CHMB2SS;CHMB2SX;CHMB3A1;CHMB3A2;CHMB3A3;CHMB3A4;CHMB3A5;CHMB3A6;CHMB3A7;CHMB3A8;CHMB3A9;CHMB3CA;CHMB3G1;CHMB3G11;CHMB3G12;CHMB3G13;CHMB3G14;CHMB3G15;CHMB3G16;CHMB3G17;CHMB3G18;CHMB3G19;CHMB3SA;CHMB3SS;CHMB3SX;CHMC4A1;CHMC4A2;CHMC4A3;CHMC4A4;CHMC4A5;CHMC4A6;CHMC4A7;CHMC4A8;CHMC4A9;CHMC4CA;CHMC4G1;CHMC4G11;CHMC4G12;CHMC4G13;CHMC4G14;CHMC4G15;CHMC4G16;CHMC4G17;CHMC4G18;CHMC4G19;CHMC4SA;CHMC4SS;CHMC4SX;WQLAXA1;WQLAXA3;WQLAXA5;WQLAXA7;WQLAXA8;WQLAXA9;WQLAXG1;WQLAXOA7;WQLAXOA8;WQLAXOA9;WQLAXOG1;WQLBSG1;WQLBSSA;WQLBWG1;WQLBWSA;WQLC0A1;WQLC0A3;WQLC0A5;WQLC0G1;WQLC0SS;WQLC1A1;WQLC1A3;WQLC1A5;WQLC1G1;WQLC1SS;WQLC2A1;WQLC2A3;WQLC2A5;WQLC2G1;WQLC2SS;WQLC3A1;WQLC3A3;WQLC3A5;WQLC3G1;WQLC3SS;WQLC4A1;WQLC4A3;WQLC4A5;WQLC4G1;WQLC4SS;WQLC5A1;WQLC5A3;WQLC5A5;WQLC5G1;WQLC5SS;WQLC6A1;WQLC6A3;WQLC6A5;WQLC6G1;WQLC6SS;WQLC7A1;WQLC7A3;WQLC7A5;WQLC7G1;WQLC7SS;WQLCBG1;WQLCBSX;WQLCLA1;WQLCLA3;WQLCLA5;WQLCLA7;WQLCLA8;WQLCLA9;WQLCLG1;WQLCLOA7;WQLCLOA8;WQLCLOA9;WQLCLOG1;WQLD1A1;WQLD1A3;WQLD1A5;WQLD1G1;WQLD1SS;WQLD2A1;WQLD2A3;WQLD2A5;WQLD2G1;WQLD2SS;WQLD3A1;WQLD3A3;WQLD3A5;WQLD3G1;WQLD3SS;WQLD4A1;WQLD4A3;WQLD4A5;WQLD4G1;WQLD4SS;WQLDDA1;WQLDDA3;WQLDDA5;WQLDDA7;WQLDDA8;WQLDDA9;WQLDDG1;WQLDDOA7;WQLDDOA8;WQLDDOA9;WQLDDOG1;WQLF0A1;WQLF0A3;WQLF0A5;WQLF0A7;WQLF0A8;WQLF0A9;WQLF0G1;WQLF0OA7;WQLF0OA8;WQLF0OA9;WQLF0OG1;WQLF1A1;WQLF1A3;WQLF1A5;WQLF1A7;WQLF1A8;WQLF1A9;WQLF1G1;WQLF1OA7;WQLF1OA8;WQLF1OA9;WQLF1OG1;WQLF2A1;WQLF2A3;WQLF2A5;WQLF2A7;WQLF2A8;WQLF2A9;WQLF2G1;WQLF2OA7;WQLF2OA8;WQLF2OA9;WQLF2OG1;WQLF3A1;WQLF3A3;WQLF3A5;WQLF3A7;WQLF3A8;WQLF3A9;WQLF3G1;WQLF3OA7;WQLF3OA8;WQLF3OA9;WQLF3OG1;WQLFLA1;WQLFLA3;WQLFLA5;WQLFLA7;WQLFLA8;WQLFLA9;WQLFLG1;WQLFLOA7;WQLFLOA8;WQLFLOA9;WQLFLOG1;WQLFSA1;WQLFSA3;WQLFSA5;WQLFSA7;WQLFSA8;WQLFSA9;WQLFSG1;WQLFSOA7;WQLFSOA8;WQLFSOA9;WQLFSOG1;WQLGSA2;WQLGSA4;WQLGSA6;WQLGSG1;WQLH0A1;WQLH0A2;WQLH0A3;WQLH0A4;WQLH0A5;WQLH0A6;WQLH0A7;WQLH0A8;WQLH0A9;WQLH0CA;WQLH0G1;WQLH0SA;WQLH0SS;WQLH0SX;WQLH1A1;WQLH1A2;WQLH1A3;WQLH1A4;WQLH1A5;WQLH1A6;WQLH1A7;WQLH1A8;WQLH1A9;WQLH1CA;WQLH1G1;WQLH1SA;WQLH1SS;WQLH1SX;WQLH2A1;WQLH2A2;WQLH2A3;WQLH2A4;WQLH2A5;WQLH2A6;WQLH2A7;WQLH2A8;WQLH2A9;WQLH2CA;WQLH2G1;WQLH2SA;WQLH2SS;WQLH2SX;WQLH5A1;WQLH5A2;WQLH5A3;WQLH5A4;WQLH5A5;WQLH5A6;WQLH5A7;WQLH5A8;WQLH5A9;WQLH5CA;WQLH5G1;WQLH5SA;WQLH5SS;WQLH5SX;WQLH6A1;WQLH6A2;WQLH6A3;WQLH6A4;WQLH6A5;WQLH6A6;WQLH6A7;WQLH6A8;WQLH6A9;WQLH6CA;WQLH6G1;WQLH6SA;WQLH6SS;WQLH6SX;WQLHBA2;WQLHBA4;WQLHBA6;WQLHBG1;WQLJ0A1;WQLJ0A2;WQLJ0A3;WQLJ0A4;WQLJ0A5;WQLJ0A6;WQLJ0A7;WQLJ0A8;WQLJ0A9;WQLJ0CA;WQLJ0G1;WQLJ0SA;WQLJ0SS;WQLJ0SX;WQLJ1A1;WQLJ1A2;WQLJ1A3;WQLJ1A4;WQLJ1A5;WQLJ1A6;WQLJ1A7;WQLJ1A8;WQLJ1A9;WQLJ1CA;WQLJ1G1;WQLJ1SA;WQLJ1SS;WQLJ1SX;WQLJ2A1;WQLJ2A2;WQLJ2A3;WQLJ2A4;WQLJ2A5;WQLJ2A6;WQLJ2A7;WQLJ2A8;WQLJ2A9;WQLJ2CA;WQLJ2G1;WQLJ2SA;WQLJ2SS;WQLJ2SX;WQLJ3A1;WQLJ3A2;WQLJ3A3;WQLJ3A4;WQLJ3A5;WQLJ3A6;WQLJ3A7;WQLJ3A8;WQLJ3A9;WQLJ3CA;WQLJ3G1;WQLJ3SA;WQLJ3SS;WQLJ3SX;WQLJ4A1;WQLJ4A2;WQLJ4A3;WQLJ4A4;WQLJ4A5;WQLJ4A6;WQLJ4A7;WQLJ4A8;WQLJ4A9;WQLJ4CA;WQLJ4G1;WQLJ4SA;WQLJ4SS;WQLJ4SX;WQLJ5A1;WQLJ5A2;WQLJ5A3;WQLJ5A4;WQLJ5A5;WQLJ5A6;WQLJ5A7;WQLJ5A8;WQLJ5A9;WQLJ5CA;WQLJ5G1;WQLJ5SA;WQLJ5SS;WQLJ5SX;WQLJ6A1;WQLJ6A2;WQLJ6A3;WQLJ6A4;WQLJ6A5;WQLJ6A6;WQLJ6A7;WQLJ6A8;WQLJ6A9;WQLJ6CA;WQLJ6G1;WQLJ6SA;WQLJ6SS;WQLJ6SX;WQLJ7A1;WQLJ7A2;WQLJ7A3;WQLJ7A4;WQLJ7A5;WQLJ7A6;WQLJ7A7;WQLJ7A8;WQLJ7A9;WQLJ7CA;WQLJ7G1;WQLJ7SA;WQLJ7SS;WQLJ7SX;WQLJ8A1;WQLJ8A2;WQLJ8A3;WQLJ8A4;WQLJ8A5;WQLJ8A6;WQLJ8A7;WQLJ8A8;WQLJ8A9;WQLJ8CA;WQLJ8G1;WQLJ8SA;WQLJ8SS;WQLJ8SX;WQLJ9A1;WQLJ9A2;WQLJ9A3;WQLJ9A4;WQLJ9A5;WQLJ9A6;WQLJ9A7;WQLJ9A8;WQLJ9A9;WQLJ9CA;WQLJ9G1;WQLJ9SA;WQLJ9SS;WQLJ9SX;WQLJAA1;WQLJAA2;WQLJAA3;WQLJAA4;WQLJAA5;WQLJAA6;WQLJAA7;WQLJAA8;WQLJAA9;WQLJACA;WQLJAG1;WQLJASA;WQLJASS;WQLJASX;WQLJBA1;WQLJBA2;WQLJBA3;WQLJBA4;WQLJBA5;WQLJBA6;WQLJBA7;WQLJBA8;WQLJBA9;WQLJBCA;WQLJBG1;WQLJBSA;WQLJBSS;WQLJBSX;WQLJCA1;WQLJCA2;WQLJCA3;WQLJCA4;WQLJCA5;WQLJCA6;WQLJCA7;WQLJCA8;WQLJCA9;WQLJCCA;WQLJCG1;WQLJCSA;WQLJCSS;WQLJCSX;WQLM2A1;WQLM2A3;WQLM2A5;WQLM2A7;WQLM2A8;WQLM2A9;WQLM2G1;WQLM2OA7;WQLM2OA8;WQLM2OA9;WQLM2OG1;WQLMCA1;WQLMCA3;WQLMCA5;WQLMCA7;WQLMCA8;WQLMCA9;WQLMCG1;WQLMCOA7;WQLMCOA8;WQLMCOA9;WQLMCOG1;WQLMSA1;WQLMSA3;WQLMSA5;WQLMSA7;WQLMSA8;WQLMSA9;WQLMSG1;WQLMSOA7;WQLMSOA8;WQLMSOA9;WQLMSOG1;WQLQ2A2;WQLQ2A4;WQLQ2A6;WQLQ2G1;WQLQ3A2;WQLQ3A4;WQLQ3A6;WQLQ3G1;WQLQ4A2;WQLQ4A4;WQLQ4A6;WQLQ4G1;WQLQSA2;WQLQSA4;WQLQSA6;WQLQSG1;WQLS0A1;WQLS0A3;WQLS0A5;WQLS0A7;WQLS0A8;WQLS0A9;WQLS0G1;WQLS0OA7;WQLS0OA8;WQLS0OA9;WQLS0OG1;WQLS1A1;WQLS1A3;WQLS1A5;WQLS1A7;WQLS1A8;WQLS1A9;WQLS1G1;WQLS1OA7;WQLS1OA8;WQLS1OA9;WQLS1OG1;WQLS2A2;WQLS2A4;WQLS2A6;WQLS2G1;WQLS3A1;WQLS3A3;WQLS3A5;WQLS3A7;WQLS3A8;WQLS3A9;WQLS3G1;WQLS3OA7;WQLS3OA8;WQLS3OA9;WQLS3OG1;WQLSCA1;WQLSCA3;WQLSCA5;WQLSCA7;WQLSCA8;WQLSCA9;WQLSCG1;WQLSCOA7;WQLSCOA8;WQLSCOA9;WQLSCOG1;WQLSLG1;WQLSLSS;WQLSPA2;WQLSPA4;WQLSPA6;WQLSPG1;WQLSSA1;WQLSSA3;WQLSSA5;WQLSSA7;WQLSSA8;WQLSSA9;WQLSSG1;WQLSSOA7;WQLSSOA8;WQLSSOA9;WQLSSOG1;WQLWHA1;WQLWHA3;WQLWHA5;WQLWHA7;WQLWHA8;WQLWHA9;WQLWHG1;WQLWHOA7;WQLWHOA8;WQLWHOA9;WQLWHOG1;WQLZWA1;WQLZWA2;WQLZWA3;WQLZWA4;WQLZWA5;WQLZWA6;WQLZWA7;WQLZWA8;WQLZWA9;WQLZWCA;WQLZWG1;WQLZWSA;WQLZWSS;WQLZWSX,q3m-reference-available,docs/measurements/playable-q3m-x2-ingame-20261002-v1/current-generation.json,no-colour-variant-reference,95316,95247,,sprite/index/palette-work-plan.json,95316
0x6001,CLERIC_MALE_ELF,character,6000,1,1,CEMB,66,65,656,180494,0x6001:body:armor-code:1:CEMB1;0x6001:body:armor-code:2:CEMB2;0x6001:body:armor-code:3:CEMB3;0x6001:body:armor-code:4:CEMC4;0x6001:helmet:item-animation-code:H0:WQMH0;0x6001:helmet:item-animation-code:H1:WQMH1;0x6001:helmet:item-animation-code:H2:WQMH2;0x6001:helmet:item-animation-code:H5:WQMH5;0x6001:helmet:item-animation-code:J0:WQMJ0;0x6001:helmet:item-animation-code:J1:WQMJ1;0x6001:helmet:item-animation-code:J2:WQMJ2;0x6001:helmet:item-animation-code:J3:WQMJ3;0x6001:helmet:item-animation-code:J4:WQMJ4;0x6001:helmet:item-animation-code:J5:WQMJ5;0x6001:helmet:item-animation-code:J6:WQMJ6;0x6001:helmet:item-animation-code:J7:WQMJ7;0x6001:helmet:item-animation-code:J8:WQMJ8;0x6001:helmet:item-animation-code:J9:WQMJ9;0x6001:helmet:item-animation-code:JA:WQMJA;0x6001:helmet:item-animation-code:JB:WQMJB;0x6001:helmet:item-animation-code:JC:WQMJC;0x6001:helmet:item-animation-code:YW:WQMYW;0x6001:helmet:item-animation-code:ZW:WQMZW;0x6001:shield:item-animation-code:C0:WQMC0;0x6001:shield:item-animation-code:C1:WQMC1;0x6001:shield:item-animation-code:C2:WQMC2;0x6001:shield:item-animation-code:C3:WQMC3;0x6001:shield:item-animation-code:C4:WQMC4;0x6001:shield:item-animation-code:C5:WQMC5;0x6001:shield:item-animation-code:C6:WQMC6;0x6001:shield:item-animation-code:C7:WQMC7;0x6001:shield:item-animation-code:D1:WQMD1;0x6001:shield:item-animation-code:D2:WQMD2;0x6001:shield:item-animation-code:D3:WQMD3;0x6001:shield:item-animation-code:D4:WQMD4;0x6001:weapon:item-animation-code:AX:WQMAX;0x6001:weapon:item-animation-code:BS:WQMBS;0x6001:weapon:item-animation-code:BW:WQMBW;0x6001:weapon:item-animation-code:CB:WQMCB;0x6001:weapon:item-animation-code:CL:WQMCL;0x6001:weapon:item-animation-code:DD:WQMDD;0x6001:weapon:item-animation-code:F0:WQMF0;0x6001:weapon:item-animation-code:F1:WQMF1;0x6001:weapon:item-animation-code:F2:WQMF2;0x6001:weapon:item-animation-code:F3:WQMF3;0x6001:weapon:item-animation-code:FL:WQMFL;0x6001:weapon:item-animation-code:FS:WQMFS;0x6001:weapon:item-animation-code:GS:WQMGS;0x6001:weapon:item-animation-code:H6:WQMH6;0x6001:weapon:item-animation-code:HB:WQMHB;0x6001:weapon:item-animation-code:M2:WQMM2;0x6001:weapon:item-animation-code:MC:WQMMC;0x6001:weapon:item-animation-code:MS:WQMMS;0x6001:weapon:item-animation-code:Q2:WQMQ2;0x6001:weapon:item-animation-code:Q3:WQMQ3;0x6001:weapon:item-animation-code:Q4:WQMQ4;0x6001:weapon:item-animation-code:QS:WQMQS;0x6001:weapon:item-animation-code:S0:WQMS0;0x6001:weapon:item-animation-code:S1:WQMS1;0x6001:weapon:item-animation-code:S2:WQMS2;0x6001:weapon:item-animation-code:S3:WQMS3;0x6001:weapon:item-animation-code:SC:WQMSC;0x6001:weapon:item-animation-code:SL:WQMSL;0x6001:weapon:item-animation-code:SP:WQMSP;0x6001:weapon:item-animation-code:SS:WQMSS;0x6001:weapon:item-animation-code:WH:WQMWH,CEMB1A1;CEMB1A2;CEMB1A3;CEMB1A4;CEMB1A5;CEMB1A6;CEMB1A7;CEMB1A8;CEMB1A9;CEMB1CA;CEMB1G1;CEMB1G11;CEMB1G12;CEMB1G13;CEMB1G14;CEMB1G15;CEMB1G16;CEMB1G17;CEMB1G18;CEMB1G19;CEMB1SA;CEMB1SS;CEMB1SX;CEMB2A1;CEMB2A2;CEMB2A3;CEMB2A4;CEMB2A5;CEMB2A6;CEMB2A7;CEMB2A8;CEMB2A9;CEMB2CA;CEMB2G1;CEMB2G11;CEMB2G12;CEMB2G13;CEMB2G14;CEMB2G15;CEMB2G16;CEMB2G17;CEMB2G18;CEMB2G19;CEMB2SA;CEMB2SS;CEMB2SX;CEMB3A1;CEMB3A2;CEMB3A3;CEMB3A4;CEMB3A5;CEMB3A6;CEMB3A7;CEMB3A8;CEMB3A9;CEMB3CA;CEMB3G1;CEMB3G11;CEMB3G12;CEMB3G13;CEMB3G14;CEMB3G15;CEMB3G16;CEMB3G17;CEMB3G18;CEMB3G19;CEMB3SA;CEMB3SS;CEMB3SX;CEMC4A1;CEMC4A2;CEMC4A3;CEMC4A4;CEMC4A5;CEMC4A6;CEMC4A7;CEMC4A8;CEMC4A9;CEMC4CA;CEMC4G1;CEMC4G11;CEMC4G12;CEMC4G13;CEMC4G14;CEMC4G15;CEMC4G16;CEMC4G17;CEMC4G18;CEMC4G19;CEMC4SA;CEMC4SS;CEMC4SX;WQMAXA1;WQMAXA3;WQMAXA5;WQMAXA7;WQMAXA8;WQMAXA9;WQMAXG1;WQMAXOA7;WQMAXOA8;WQMAXOA9;WQMAXOG1;WQMBSG1;WQMBSSA;WQMBWG1;WQMBWSA;WQMC0A1;WQMC0A3;WQMC0A5;WQMC0G1;WQMC0SS;WQMC1A1;WQMC1A3;WQMC1A5;WQMC1G1;WQMC1SS;WQMC2A1;WQMC2A3;WQMC2A5;WQMC2G1;WQMC2SS;WQMC3A1;WQMC3A3;WQMC3A5;WQMC3G1;WQMC3SS;WQMC4A1;WQMC4A3;WQMC4A5;WQMC4G1;WQMC4SS;WQMC5A1;WQMC5A3;WQMC5A5;WQMC5G1;WQMC5SS;WQMC6A1;WQMC6A3;WQMC6A5;WQMC6G1;WQMC6SS;WQMC7A1;WQMC7A3;WQMC7A5;WQMC7G1;WQMC7SS;WQMCBG1;WQMCBSX;WQMCLA1;WQMCLA3;WQMCLA5;WQMCLA7;WQMCLA8;WQMCLA9;WQMCLG1;WQMCLOA7;WQMCLOA8;WQMCLOA9;WQMCLOG1;WQMD1A1;WQMD1A3;WQMD1A5;WQMD1G1;WQMD1SS;WQMD2A1;WQMD2A3;WQMD2A5;WQMD2G1;WQMD2SS;WQMD3A1;WQMD3A3;WQMD3A5;WQMD3G1;WQMD3SS;WQMD4A1;WQMD4A3;WQMD4A5;WQMD4G1;WQMD4SS;WQMDDA1;WQMDDA3;WQMDDA5;WQMDDA7;WQMDDA8;WQMDDA9;WQMDDG1;WQMDDOA7;WQMDDOA8;WQMDDOA9;WQMDDOG1;WQMF0A1;WQMF0A3;WQMF0A5;WQMF0A7;WQMF0A8;WQMF0A9;WQMF0G1;WQMF0OA7;WQMF0OA8;WQMF0OA9;WQMF0OG1;WQMF1A1;WQMF1A3;WQMF1A5;WQMF1A7;WQMF1A8;WQMF1A9;WQMF1G1;WQMF1OA7;WQMF1OA8;WQMF1OA9;WQMF1OG1;WQMF2A1;WQMF2A3;WQMF2A5;WQMF2A7;WQMF2A8;WQMF2A9;WQMF2G1;WQMF2OA7;WQMF2OA8;WQMF2OA9;WQMF2OG1;WQMF3A1;WQMF3A3;WQMF3A5;WQMF3A7;WQMF3A8;WQMF3A9;WQMF3G1;WQMF3OA7;WQMF3OA8;WQMF3OA9;WQMF3OG1;WQMFLA1;WQMFLA3;WQMFLA5;WQMFLA7;WQMFLA8;WQMFLA9;WQMFLG1;WQMFLOA7;WQMFLOA8;WQMFLOA9;WQMFLOG1;WQMFSA1;WQMFSA3;WQMFSA5;WQMFSA7;WQMFSA8;WQMFSA9;WQMFSG1;WQMFSOA7;WQMFSOA8;WQMFSOA9;WQMFSOG1;WQMGSA2;WQMGSA4;WQMGSA6;WQMGSG1;WQMH0A1;WQMH0A2;WQMH0A3;WQMH0A4;WQMH0A5;WQMH0A6;WQMH0A7;WQMH0A8;WQMH0A9;WQMH0CA;WQMH0G1;WQMH0SA;WQMH0SS;WQMH0SX;WQMH1A1;WQMH1A2;WQMH1A3;WQMH1A4;WQMH1A5;WQMH1A6;WQMH1A7;WQMH1A8;WQMH1A9;WQMH1CA;WQMH1G1;WQMH1SA;WQMH1SS;WQMH1SX;WQMH2A1;WQMH2A2;WQMH2A3;WQMH2A4;WQMH2A5;WQMH2A6;WQMH2A7;WQMH2A8;WQMH2A9;WQMH2CA;WQMH2G1;WQMH2SA;WQMH2SS;WQMH2SX;WQMH5A1;WQMH5A2;WQMH5A3;WQMH5A4;WQMH5A5;WQMH5A6;WQMH5A7;WQMH5A8;WQMH5A9;WQMH5CA;WQMH5G1;WQMH5SA;WQMH5SS;WQMH5SX;WQMH6A1;WQMH6A2;WQMH6A3;WQMH6A4;WQMH6A5;WQMH6A6;WQMH6A7;WQMH6A8;WQMH6A9;WQMH6CA;WQMH6G1;WQMH6SA;WQMH6SS;WQMH6SX;WQMHBA2;WQMHBA4;WQMHBA6;WQMHBG1;WQMJ0A1;WQMJ0A2;WQMJ0A3;WQMJ0A4;WQMJ0A5;WQMJ0A6;WQMJ0A7;WQMJ0A8;WQMJ0A9;WQMJ0CA;WQMJ0G1;WQMJ0SA;WQMJ0SS;WQMJ0SX;WQMJ1A1;WQMJ1A2;WQMJ1A3;WQMJ1A4;WQMJ1A5;WQMJ1A6;WQMJ1A7;WQMJ1A8;WQMJ1A9;WQMJ1CA;WQMJ1G1;WQMJ1SA;WQMJ1SS;WQMJ1SX;WQMJ2A1;WQMJ2A2;WQMJ2A3;WQMJ2A4;WQMJ2A5;WQMJ2A6;WQMJ2A7;WQMJ2A8;WQMJ2A9;WQMJ2CA;WQMJ2G1;WQMJ2SA;WQMJ2SS;WQMJ2SX;WQMJ3A1;WQMJ3A2;WQMJ3A3;WQMJ3A4;WQMJ3A5;WQMJ3A6;WQMJ3A7;WQMJ3A8;WQMJ3A9;WQMJ3CA;WQMJ3G1;WQMJ3SA;WQMJ3SS;WQMJ3SX;WQMJ4A1;WQMJ4A2;WQMJ4A3;WQMJ4A4;WQMJ4A5;WQMJ4A6;WQMJ4A7;WQMJ4A8;WQMJ4A9;WQMJ4CA;WQMJ4G1;WQMJ4SA;WQMJ4SS;WQMJ4SX;WQMJ5A1;WQMJ5A2;WQMJ5A3;WQMJ5A4;WQMJ5A5;WQMJ5A6;WQMJ5A7;WQMJ5A8;WQMJ5A9;WQMJ5CA;WQMJ5G1;WQMJ5SA;WQMJ5SS;WQMJ5SX;WQMJ6A1;WQMJ6A2;WQMJ6A3;WQMJ6A4;WQMJ6A5;WQMJ6A6;WQMJ6A7;WQMJ6A8;WQMJ6A9;WQMJ6CA;WQMJ6G1;WQMJ6SA;WQMJ6SS;WQMJ6SX;WQMJ7A1;WQMJ7A2;WQMJ7A3;WQMJ7A4;WQMJ7A5;WQMJ7A6;WQMJ7A7;WQMJ7A8;WQMJ7A9;WQMJ7CA;WQMJ7G1;WQMJ7SA;WQMJ7SS;WQMJ7SX;WQMJ8A1;WQMJ8A2;WQMJ8A3;WQMJ8A4;WQMJ8A5;WQMJ8A6;WQMJ8A7;WQMJ8A8;WQMJ8A9;WQMJ8CA;WQMJ8G1;WQMJ8SA;WQMJ8SS;WQMJ8SX;WQMJ9A1;WQMJ9A2;WQMJ9A3;WQMJ9A4;WQMJ9A5;WQMJ9A6;WQMJ9A7;WQMJ9A8;WQMJ9A9;WQMJ9CA;WQMJ9G1;WQMJ9SA;WQMJ9SS;WQMJ9SX;WQMJAA1;WQMJAA2;WQMJAA3;WQMJAA4;WQMJAA5;WQMJAA6;WQMJAA7;WQMJAA8;WQMJAA9;WQMJACA;WQMJAG1;WQMJASA;WQMJASS;WQMJASX;WQMJBA1;WQMJBA2;WQMJBA3;WQMJBA4;WQMJBA5;WQMJBA6;WQMJBA7;WQMJBA8;WQMJBA9;WQMJBCA;WQMJBG1;WQMJBSA;WQMJBSS;WQMJBSX;WQMJCA1;WQMJCA2;WQMJCA3;WQMJCA4;WQMJCA5;WQMJCA6;WQMJCA7;WQMJCA8;WQMJCA9;WQMJCCA;WQMJCG1;WQMJCSA;WQMJCSS;WQMJCSX;WQMM2A1;WQMM2A3;WQMM2A5;WQMM2A7;WQMM2A8;WQMM2A9;WQMM2G1;WQMM2OA7;WQMM2OA8;WQMM2OA9;WQMM2OG1;WQMMCA1;WQMMCA3;WQMMCA5;WQMMCA7;WQMMCA8;WQMMCA9;WQMMCG1;WQMMCOA7;WQMMCOA8;WQMMCOA9;WQMMCOG1;WQMMSA1;WQMMSA3;WQMMSA5;WQMMSA7;WQMMSA8;WQMMSA9;WQMMSG1;WQMMSOA7;WQMMSOA8;WQMMSOA9;WQMMSOG1;WQMQ2A2;WQMQ2A4;WQMQ2A6;WQMQ2G1;WQMQ3A2;WQMQ3A4;WQMQ3A6;WQMQ3G1;WQMQ4A2;WQMQ4A4;WQMQ4A6;WQMQ4G1;WQMQSA2;WQMQSA4;WQMQSA6;WQMQSG1;WQMS0A1;WQMS0A3;WQMS0A5;WQMS0A7;WQMS0A8;WQMS0A9;WQMS0G1;WQMS0OA7;WQMS0OA8;WQMS0OA9;WQMS0OG1;WQMS1A1;WQMS1A3;WQMS1A5;WQMS1A7;WQMS1A8;WQMS1A9;WQMS1G1;WQMS1OA7;WQMS1OA8;WQMS1OA9;WQMS1OG1;WQMS2A2;WQMS2A4;WQMS2A6;WQMS2G1;WQMS3A1;WQMS3A3;WQMS3A5;WQMS3A7;WQMS3A8;WQMS3A9;WQMS3G1;WQMS3OA7;WQMS3OA8;WQMS3OA9;WQMS3OG1;WQMSCA1;WQMSCA3;WQMSCA5;WQMSCA7;WQMSCA8;WQMSCA9;WQMSCG1;WQMSCOA7;WQMSCOA8;WQMSCOA9;WQMSCOG1;WQMSLG1;WQMSLSS;WQMSPA2;WQMSPA4;WQMSPA6;WQMSPG1;WQMSSA1;WQMSSA3;WQMSSA5;WQMSSA7;WQMSSA8;WQMSSA9;WQMSSG1;WQMSSOA7;WQMSSOA8;WQMSSOA9;WQMSSOG1;WQMWHA1;WQMWHA3;WQMWHA5;WQMWHA7;WQMWHA8;WQMWHA9;WQMWHG1;WQMWHOA7;WQMWHOA8;WQMWHOA9;WQMWHOG1;WQMZWA1;WQMZWA2;WQMZWA3;WQMZWA4;WQMZWA5;WQMZWA6;WQMZWA7;WQMZWA8;WQMZWA9;WQMZWCA;WQMZWG1;WQMZWSA;WQMZWSS;WQMZWSX,q3m-reference-available,docs/measurements/playable-q3m-x2-ingame-20261002-v1/current-generation.json,no-colour-variant-reference,97385,97323,,sprite/index/palette-work-plan.json,97385
0x6002,CLERIC_MALE_DWARF,character,6000,1,1,CDMB,66,65,656,178357,0x6002:body:armor-code:1:CDMB1;0x6002:body:armor-code:2:CDMB2;0x6002:body:armor-code:3:CDMB3;0x6002:body:armor-code:4:CDMC4;0x6002:helmet:item-animation-code:H0:WQSH0;0x6002:helmet:item-animation-code:H1:WQSH1;0x6002:helmet:item-animation-code:H2:WQSH2;0x6002:helmet:item-animation-code:H5:WQSH5;0x6002:helmet:item-animation-code:J0:WQSJ0;0x6002:helmet:item-animation-code:J1:WQSJ1;0x6002:helmet:item-animation-code:J2:WQSJ2;0x6002:helmet:item-animation-code:J3:WQSJ3;0x6002:helmet:item-animation-code:J4:WQSJ4;0x6002:helmet:item-animation-code:J5:WQSJ5;0x6002:helmet:item-animation-code:J6:WQSJ6;0x6002:helmet:item-animation-code:J7:WQSJ7;0x6002:helmet:item-animation-code:J8:WQSJ8;0x6002:helmet:item-animation-code:J9:WQSJ9;0x6002:helmet:item-animation-code:JA:WQSJA;0x6002:helmet:item-animation-code:JB:WQSJB;0x6002:helmet:item-animation-code:JC:WQSJC;0x6002:helmet:item-animation-code:YW:WQSYW;0x6002:helmet:item-animation-code:ZW:WQSZW;0x6002:shield:item-animation-code:C0:WQSC0;0x6002:shield:item-animation-code:C1:WQSC1;0x6002:shield:item-animation-code:C2:WQSC2;0x6002:shield:item-animation-code:C3:WQSC3;0x6002:shield:item-animation-code:C4:WQSC4;0x6002:shield:item-animation-code:C5:WQSC5;0x6002:shield:item-animation-code:C6:WQSC6;0x6002:shield:item-animation-code:C7:WQSC7;0x6002:shield:item-animation-code:D1:WQSD1;0x6002:shield:item-animation-code:D2:WQSD2;0x6002:shield:item-animation-code:D3:WQSD3;0x6002:shield:item-animation-code:D4:WQSD4;0x6002:weapon:item-animation-code:AX:WQSAX;0x6002:weapon:item-animation-code:BS:WQSBS;0x6002:weapon:item-animation-code:BW:WQSBW;0x6002:weapon:item-animation-code:CB:WQSCB;0x6002:weapon:item-animation-code:CL:WQSCL;0x6002:weapon:item-animation-code:DD:WQSDD;0x6002:weapon:item-animation-code:F0:WQSF0;0x6002:weapon:item-animation-code:F1:WQSF1;0x6002:weapon:item-animation-code:F2:WQSF2;0x6002:weapon:item-animation-code:F3:WQSF3;0x6002:weapon:item-animation-code:FL:WQSFL;0x6002:weapon:item-animation-code:FS:WQSFS;0x6002:weapon:item-animation-code:GS:WQSGS;0x6002:weapon:item-animation-code:H6:WQSH6;0x6002:weapon:item-animation-code:HB:WQSHB;0x6002:weapon:item-animation-code:M2:WQSM2;0x6002:weapon:item-animation-code:MC:WQSMC;0x6002:weapon:item-animation-code:MS:WQSMS;0x6002:weapon:item-animation-code:Q2:WQSQ2;0x6002:weapon:item-animation-code:Q3:WQSQ3;0x6002:weapon:item-animation-code:Q4:WQSQ4;0x6002:weapon:item-animation-code:QS:WQSQS;0x6002:weapon:item-animation-code:S0:WQSS0;0x6002:weapon:item-animation-code:S1:WQSS1;0x6002:weapon:item-animation-code:S2:WQSS2;0x6002:weapon:item-animation-code:S3:WQSS3;0x6002:weapon:item-animation-code:SC:WQSSC;0x6002:weapon:item-animation-code:SL:WQSSL;0x6002:weapon:item-animation-code:SP:WQSSP;0x6002:weapon:item-animation-code:SS:WQSSS;0x6002:weapon:item-animation-code:WH:WQSWH,CDMB1A1;CDMB1A2;CDMB1A3;CDMB1A4;CDMB1A5;CDMB1A6;CDMB1A7;CDMB1A8;CDMB1A9;CDMB1CA;CDMB1G1;CDMB1G11;CDMB1G12;CDMB1G13;CDMB1G14;CDMB1G15;CDMB1G16;CDMB1G17;CDMB1G18;CDMB1G19;CDMB1SA;CDMB1SS;CDMB1SX;CDMB2A1;CDMB2A2;CDMB2A3;CDMB2A4;CDMB2A5;CDMB2A6;CDMB2A7;CDMB2A8;CDMB2A9;CDMB2CA;CDMB2G1;CDMB2G11;CDMB2G12;CDMB2G13;CDMB2G14;CDMB2G15;CDMB2G16;CDMB2G17;CDMB2G18;CDMB2G19;CDMB2SA;CDMB2SS;CDMB2SX;CDMB3A1;CDMB3A2;CDMB3A3;CDMB3A4;CDMB3A5;CDMB3A6;CDMB3A7;CDMB3A8;CDMB3A9;CDMB3CA;CDMB3G1;CDMB3G11;CDMB3G12;CDMB3G13;CDMB3G14;CDMB3G15;CDMB3G16;CDMB3G17;CDMB3G18;CDMB3G19;CDMB3SA;CDMB3SS;CDMB3SX;CDMC4A1;CDMC4A2;CDMC4A3;CDMC4A4;CDMC4A5;CDMC4A6;CDMC4A7;CDMC4A8;CDMC4A9;CDMC4CA;CDMC4G1;CDMC4G11;CDMC4G12;CDMC4G13;CDMC4G14;CDMC4G15;CDMC4G16;CDMC4G17;CDMC4G18;CDMC4G19;CDMC4SA;CDMC4SS;CDMC4SX;WQSAXA1;WQSAXA3;WQSAXA5;WQSAXA7;WQSAXA8;WQSAXA9;WQSAXG1;WQSAXOA7;WQSAXOA8;WQSAXOA9;WQSAXOG1;WQSBSG1;WQSBSSA;WQSBWG1;WQSBWSA;WQSC0A1;WQSC0A3;WQSC0A5;WQSC0G1;WQSC0SS;WQSC1A1;WQSC1A3;WQSC1A5;WQSC1G1;WQSC1SS;WQSC2A1;WQSC2A3;WQSC2A5;WQSC2G1;WQSC2SS;WQSC3A1;WQSC3A3;WQSC3A5;WQSC3G1;WQSC3SS;WQSC4A1;WQSC4A3;WQSC4A5;WQSC4G1;WQSC4SS;WQSC5A1;WQSC5A3;WQSC5A5;WQSC5G1;WQSC5SS;WQSC6A1;WQSC6A3;WQSC6A5;WQSC6G1;WQSC6SS;WQSC7A1;WQSC7A3;WQSC7A5;WQSC7G1;WQSC7SS;WQSCBG1;WQSCBSX;WQSCLA1;WQSCLA3;WQSCLA5;WQSCLA7;WQSCLA8;WQSCLA9;WQSCLG1;WQSCLOA7;WQSCLOA8;WQSCLOA9;WQSCLOG1;WQSD1A1;WQSD1A3;WQSD1A5;WQSD1G1;WQSD1SS;WQSD2A1;WQSD2A3;WQSD2A5;WQSD2G1;WQSD2SS;WQSD3A1;WQSD3A3;WQSD3A5;WQSD3G1;WQSD3SS;WQSD4A1;WQSD4A3;WQSD4A5;WQSD4G1;WQSD4SS;WQSDDA1;WQSDDA3;WQSDDA5;WQSDDA7;WQSDDA8;WQSDDA9;WQSDDG1;WQSDDOA7;WQSDDOA8;WQSDDOA9;WQSDDOG1;WQSF0A1;WQSF0A3;WQSF0A5;WQSF0A7;WQSF0A8;WQSF0A9;WQSF0G1;WQSF0OA7;WQSF0OA8;WQSF0OA9;WQSF0OG1;WQSF1A1;WQSF1A3;WQSF1A5;WQSF1A7;WQSF1A8;WQSF1A9;WQSF1G1;WQSF1OA7;WQSF1OA8;WQSF1OA9;WQSF1OG1;WQSF2A1;WQSF2A3;WQSF2A5;WQSF2A7;WQSF2A8;WQSF2A9;WQSF2G1;WQSF2OA7;WQSF2OA8;WQSF2OA9;WQSF2OG1;WQSF3A1;WQSF3A3;WQSF3A5;WQSF3A7;WQSF3A8;WQSF3A9;WQSF3G1;WQSF3OA7;WQSF3OA8;WQSF3OA9;WQSF3OG1;WQSFLA1;WQSFLA3;WQSFLA5;WQSFLA7;WQSFLA8;WQSFLA9;WQSFLG1;WQSFLOA7;WQSFLOA8;WQSFLOA9;WQSFLOG1;WQSFSA1;WQSFSA3;WQSFSA5;WQSFSA7;WQSFSA8;WQSFSA9;WQSFSG1;WQSFSOA7;WQSFSOA8;WQSFSOA9;WQSFSOG1;WQSGSA2;WQSGSA4;WQSGSA6;WQSGSG1;WQSH0A1;WQSH0A2;WQSH0A3;WQSH0A4;WQSH0A5;WQSH0A6;WQSH0A7;WQSH0A8;WQSH0A9;WQSH0CA;WQSH0G1;WQSH0SA;WQSH0SS;WQSH0SX;WQSH1A1;WQSH1A2;WQSH1A3;WQSH1A4;WQSH1A5;WQSH1A6;WQSH1A7;WQSH1A8;WQSH1A9;WQSH1CA;WQSH1G1;WQSH1SA;WQSH1SS;WQSH1SX;WQSH2A1;WQSH2A2;WQSH2A3;WQSH2A4;WQSH2A5;WQSH2A6;WQSH2A7;WQSH2A8;WQSH2A9;WQSH2CA;WQSH2G1;WQSH2SA;WQSH2SS;WQSH2SX;WQSH5A1;WQSH5A2;WQSH5A3;WQSH5A4;WQSH5A5;WQSH5A6;WQSH5A7;WQSH5A8;WQSH5A9;WQSH5CA;WQSH5G1;WQSH5SA;WQSH5SS;WQSH5SX;WQSH6A1;WQSH6A2;WQSH6A3;WQSH6A4;WQSH6A5;WQSH6A6;WQSH6A7;WQSH6A8;WQSH6A9;WQSH6CA;WQSH6G1;WQSH6SA;WQSH6SS;WQSH6SX;WQSHBA2;WQSHBA4;WQSHBA6;WQSHBG1;WQSJ0A1;WQSJ0A2;WQSJ0A3;WQSJ0A4;WQSJ0A5;WQSJ0A6;WQSJ0A7;WQSJ0A8;WQSJ0A9;WQSJ0CA;WQSJ0G1;WQSJ0SA;WQSJ0SS;WQSJ0SX;WQSJ1A1;WQSJ1A2;WQSJ1A3;WQSJ1A4;WQSJ1A5;WQSJ1A6;WQSJ1A7;WQSJ1A8;WQSJ1A9;WQSJ1CA;WQSJ1G1;WQSJ1SA;WQSJ1SS;WQSJ1SX;WQSJ2A1;WQSJ2A2;WQSJ2A3;WQSJ2A4;WQSJ2A5;WQSJ2A6;WQSJ2A7;WQSJ2A8;WQSJ2A9;WQSJ2CA;WQSJ2G1;WQSJ2SA;WQSJ2SS;WQSJ2SX;WQSJ3A1;WQSJ3A2;WQSJ3A3;WQSJ3A4;WQSJ3A5;WQSJ3A6;WQSJ3A7;WQSJ3A8;WQSJ3A9;WQSJ3CA;WQSJ3G1;WQSJ3SA;WQSJ3SS;WQSJ3SX;WQSJ4A1;WQSJ4A2;WQSJ4A3;WQSJ4A4;WQSJ4A5;WQSJ4A6;WQSJ4A7;WQSJ4A8;WQSJ4A9;WQSJ4CA;WQSJ4G1;WQSJ4SA;WQSJ4SS;WQSJ4SX;WQSJ5A1;WQSJ5A2;WQSJ5A3;WQSJ5A4;WQSJ5A5;WQSJ5A6;WQSJ5A7;WQSJ5A8;WQSJ5A9;WQSJ5CA;WQSJ5G1;WQSJ5SA;WQSJ5SS;WQSJ5SX;WQSJ6A1;WQSJ6A2;WQSJ6A3;WQSJ6A4;WQSJ6A5;WQSJ6A6;WQSJ6A7;WQSJ6A8;WQSJ6A9;WQSJ6CA;WQSJ6G1;WQSJ6SA;WQSJ6SS;WQSJ6SX;WQSJ7A1;WQSJ7A2;WQSJ7A3;WQSJ7A4;WQSJ7A5;WQSJ7A6;WQSJ7A7;WQSJ7A8;WQSJ7A9;WQSJ7CA;WQSJ7G1;WQSJ7SA;WQSJ7SS;WQSJ7SX;WQSJ8A1;WQSJ8A2;WQSJ8A3;WQSJ8A4;WQSJ8A5;WQSJ8A6;WQSJ8A7;WQSJ8A8;WQSJ8A9;WQSJ8CA;WQSJ8G1;WQSJ8SA;WQSJ8SS;WQSJ8SX;WQSJ9A1;WQSJ9A2;WQSJ9A3;WQSJ9A4;WQSJ9A5;WQSJ9A6;WQSJ9A7;WQSJ9A8;WQSJ9A9;WQSJ9CA;WQSJ9G1;WQSJ9SA;WQSJ9SS;WQSJ9SX;WQSJAA1;WQSJAA2;WQSJAA3;WQSJAA4;WQSJAA5;WQSJAA6;WQSJAA7;WQSJAA8;WQSJAA9;WQSJACA;WQSJAG1;WQSJASA;WQSJASS;WQSJASX;WQSJBA1;WQSJBA2;WQSJBA3;WQSJBA4;WQSJBA5;WQSJBA6;WQSJBA7;WQSJBA8;WQSJBA9;WQSJBCA;WQSJBG1;WQSJBSA;WQSJBSS;WQSJBSX;WQSJCA1;WQSJCA2;WQSJCA3;WQSJCA4;WQSJCA5;WQSJCA6;WQSJCA7;WQSJCA8;WQSJCA9;WQSJCCA;WQSJCG1;WQSJCSA;WQSJCSS;WQSJCSX;WQSM2A1;WQSM2A3;WQSM2A5;WQSM2A7;WQSM2A8;WQSM2A9;WQSM2G1;WQSM2OA7;WQSM2OA8;WQSM2OA9;WQSM2OG1;WQSMCA1;WQSMCA3;WQSMCA5;WQSMCA7;WQSMCA8;WQSMCA9;WQSMCG1;WQSMCOA7;WQSMCOA8;WQSMCOA9;WQSMCOG1;WQSMSA1;WQSMSA3;WQSMSA5;WQSMSA7;WQSMSA8;WQSMSA9;WQSMSG1;WQSMSOA7;WQSMSOA8;WQSMSOA9;WQSMSOG1;WQSQ2A2;WQSQ2A4;WQSQ2A6;WQSQ2G1;WQSQ3A2;WQSQ3A4;WQSQ3A6;WQSQ3G1;WQSQ4A2;WQSQ4A4;WQSQ4A6;WQSQ4G1;WQSQSA2;WQSQSA4;WQSQSA6;WQSQSG1;WQSS0A1;WQSS0A3;WQSS0A5;WQSS0A7;WQSS0A8;WQSS0A9;WQSS0G1;WQSS0OA7;WQSS0OA8;WQSS0OA9;WQSS0OG1;WQSS1A1;WQSS1A3;WQSS1A5;WQSS1A7;WQSS1A8;WQSS1A9;WQSS1G1;WQSS1OA7;WQSS1OA8;WQSS1OA9;WQSS1OG1;WQSS2A2;WQSS2A4;WQSS2A6;WQSS2G1;WQSS3A1;WQSS3A3;WQSS3A5;WQSS3A7;WQSS3A8;WQSS3A9;WQSS3G1;WQSS3OA7;WQSS3OA8;WQSS3OA9;WQSS3OG1;WQSSCA1;WQSSCA3;WQSSCA5;WQSSCA7;WQSSCA8;WQSSCA9;WQSSCG1;WQSSCOA7;WQSSCOA8;WQSSCOA9;WQSSCOG1;WQSSLG1;WQSSLSS;WQSSPA2;WQSSPA4;WQSSPA6;WQSSPG1;WQSSSA1;WQSSSA3;WQSSSA5;WQSSSA7;WQSSSA8;WQSSSA9;WQSSSG1;WQSSSOA7;WQSSSOA8;WQSSSOA9;WQSSSOG1;WQSWHA1;WQSWHA3;WQSWHA5;WQSWHA7;WQSWHA8;WQSWHA9;WQSWHG1;WQSWHOA7;WQSWHOA8;WQSWHOA9;WQSWHOG1;WQSZWA1;WQSZWA2;WQSZWA3;WQSZWA4;WQSZWA5;WQSZWA6;WQSZWA7;WQSZWA8;WQSZWA9;WQSZWCA;WQSZWG1;WQSZWSA;WQSZWSS;WQSZWSX,q3m-reference-available,docs/measurements/playable-q3m-x2-ingame-20261002-v1/current-generation.json,no-colour-variant-reference,94149,94076,,sprite/index/palette-work-plan.json,94149
0x6003,CLERIC_MALE_HALFLING,character,6000,1,1,CIMB,66,53,596,161725,0x6003:body:armor-code:1:CIMB1;0x6003:body:armor-code:2:CIMB2;0x6003:body:armor-code:3:CIMB3;0x6003:body:armor-code:4:CIMC4;0x6003:helmet:item-animation-code:H0:WQSH0;0x6003:helmet:item-animation-code:H1:WQSH1;0x6003:helmet:item-animation-code:H2:WQSH2;0x6003:helmet:item-animation-code:H5:WQSH5;0x6003:helmet:item-animation-code:J0:WQSJ0;0x6003:helmet:item-animation-code:J1:WQSJ1;0x6003:helmet:item-animation-code:J2:WQSJ2;0x6003:helmet:item-animation-code:J3:WQSJ3;0x6003:helmet:item-animation-code:J4:WQSJ4;0x6003:helmet:item-animation-code:J5:WQSJ5;0x6003:helmet:item-animation-code:J6:WQSJ6;0x6003:helmet:item-animation-code:J7:WQSJ7;0x6003:helmet:item-animation-code:J8:WQSJ8;0x6003:helmet:item-animation-code:J9:WQSJ9;0x6003:helmet:item-animation-code:JA:WQSJA;0x6003:helmet:item-animation-code:JB:WQSJB;0x6003:helmet:item-animation-code:JC:WQSJC;0x6003:helmet:item-animation-code:YW:WQSYW;0x6003:helmet:item-animation-code:ZW:WQSZW;0x6003:shield:item-animation-code:C0:WQHC0;0x6003:shield:item-animation-code:C1:WQHC1;0x6003:shield:item-animation-code:C2:WQHC2;0x6003:shield:item-animation-code:C3:WQHC3;0x6003:shield:item-animation-code:C4:WQHC4;0x6003:shield:item-animation-code:C5:WQHC5;0x6003:shield:item-animation-code:C6:WQHC6;0x6003:shield:item-animation-code:C7:WQHC7;0x6003:shield:item-animation-code:D1:WQHD1;0x6003:shield:item-animation-code:D2:WQHD2;0x6003:shield:item-animation-code:D3:WQHD3;0x6003:shield:item-animation-code:D4:WQHD4;0x6003:weapon:item-animation-code:AX:WQSAX;0x6003:weapon:item-animation-code:BS:WQSBS;0x6003:weapon:item-animation-code:BW:WQSBW;0x6003:weapon:item-animation-code:CB:WQSCB;0x6003:weapon:item-animation-code:CL:WQSCL;0x6003:weapon:item-animation-code:DD:WQSDD;0x6003:weapon:item-animation-code:F0:WQSF0;0x6003:weapon:item-animation-code:F1:WQSF1;0x6003:weapon:item-animation-code:F2:WQSF2;0x6003:weapon:item-animation-code:F3:WQSF3;0x6003:weapon:item-animation-code:FL:WQSFL;0x6003:weapon:item-animation-code:FS:WQSFS;0x6003:weapon:item-animation-code:GS:WQSGS;0x6003:weapon:item-animation-code:H6:WQSH6;0x6003:weapon:item-animation-code:HB:WQSHB;0x6003:weapon:item-animation-code:M2:WQSM2;0x6003:weapon:item-animation-code:MC:WQSMC;0x6003:weapon:item-animation-code:MS:WQSMS;0x6003:weapon:item-animation-code:Q2:WQSQ2;0x6003:weapon:item-animation-code:Q3:WQSQ3;0x6003:weapon:item-animation-code:Q4:WQSQ4;0x6003:weapon:item-animation-code:QS:WQSQS;0x6003:weapon:item-animation-code:S0:WQSS0;0x6003:weapon:item-animation-code:S1:WQSS1;0x6003:weapon:item-animation-code:S2:WQSS2;0x6003:weapon:item-animation-code:S3:WQSS3;0x6003:weapon:item-animation-code:SC:WQSSC;0x6003:weapon:item-animation-code:SL:WQSSL;0x6003:weapon:item-animation-code:SP:WQSSP;0x6003:weapon:item-animation-code:SS:WQSSS;0x6003:weapon:item-animation-code:WH:WQSWH,CIMB1A1;CIMB1A2;CIMB1A3;CIMB1A4;CIMB1A5;CIMB1A6;CIMB1A7;CIMB1A8;CIMB1A9;CIMB1CA;CIMB1G1;CIMB1G11;CIMB1G12;CIMB1G13;CIMB1G14;CIMB1G15;CIMB1G16;CIMB1G17;CIMB1G18;CIMB1G19;CIMB1SA;CIMB1SS;CIMB1SX;CIMB2A1;CIMB2A2;CIMB2A3;CIMB2A4;CIMB2A5;CIMB2A6;CIMB2A7;CIMB2A8;CIMB2A9;CIMB2CA;CIMB2G1;CIMB2G11;CIMB2G12;CIMB2G13;CIMB2G14;CIMB2G15;CIMB2G16;CIMB2G17;CIMB2G18;CIMB2G19;CIMB2SA;CIMB2SS;CIMB2SX;CIMB3A1;CIMB3A2;CIMB3A3;CIMB3A4;CIMB3A5;CIMB3A6;CIMB3A7;CIMB3A8;CIMB3A9;CIMB3CA;CIMB3G1;CIMB3G11;CIMB3G12;CIMB3G13;CIMB3G14;CIMB3G15;CIMB3G16;CIMB3G17;CIMB3G18;CIMB3G19;CIMB3SA;CIMB3SS;CIMB3SX;CIMC4A1;CIMC4A2;CIMC4A3;CIMC4A4;CIMC4A5;CIMC4A6;CIMC4A7;CIMC4A8;CIMC4A9;CIMC4CA;CIMC4G1;CIMC4G11;CIMC4G12;CIMC4G13;CIMC4G14;CIMC4G15;CIMC4G16;CIMC4G17;CIMC4G18;CIMC4G19;CIMC4SA;CIMC4SS;CIMC4SX;WQSAXA1;WQSAXA3;WQSAXA5;WQSAXA7;WQSAXA8;WQSAXA9;WQSAXG1;WQSAXOA7;WQSAXOA8;WQSAXOA9;WQSAXOG1;WQSBSG1;WQSBSSA;WQSBWG1;WQSBWSA;WQSCBG1;WQSCBSX;WQSCLA1;WQSCLA3;WQSCLA5;WQSCLA7;WQSCLA8;WQSCLA9;WQSCLG1;WQSCLOA7;WQSCLOA8;WQSCLOA9;WQSCLOG1;WQSDDA1;WQSDDA3;WQSDDA5;WQSDDA7;WQSDDA8;WQSDDA9;WQSDDG1;WQSDDOA7;WQSDDOA8;WQSDDOA9;WQSDDOG1;WQSF0A1;WQSF0A3;WQSF0A5;WQSF0A7;WQSF0A8;WQSF0A9;WQSF0G1;WQSF0OA7;WQSF0OA8;WQSF0OA9;WQSF0OG1;WQSF1A1;WQSF1A3;WQSF1A5;WQSF1A7;WQSF1A8;WQSF1A9;WQSF1G1;WQSF1OA7;WQSF1OA8;WQSF1OA9;WQSF1OG1;WQSF2A1;WQSF2A3;WQSF2A5;WQSF2A7;WQSF2A8;WQSF2A9;WQSF2G1;WQSF2OA7;WQSF2OA8;WQSF2OA9;WQSF2OG1;WQSF3A1;WQSF3A3;WQSF3A5;WQSF3A7;WQSF3A8;WQSF3A9;WQSF3G1;WQSF3OA7;WQSF3OA8;WQSF3OA9;WQSF3OG1;WQSFLA1;WQSFLA3;WQSFLA5;WQSFLA7;WQSFLA8;WQSFLA9;WQSFLG1;WQSFLOA7;WQSFLOA8;WQSFLOA9;WQSFLOG1;WQSFSA1;WQSFSA3;WQSFSA5;WQSFSA7;WQSFSA8;WQSFSA9;WQSFSG1;WQSFSOA7;WQSFSOA8;WQSFSOA9;WQSFSOG1;WQSGSA2;WQSGSA4;WQSGSA6;WQSGSG1;WQSH0A1;WQSH0A2;WQSH0A3;WQSH0A4;WQSH0A5;WQSH0A6;WQSH0A7;WQSH0A8;WQSH0A9;WQSH0CA;WQSH0G1;WQSH0SA;WQSH0SS;WQSH0SX;WQSH1A1;WQSH1A2;WQSH1A3;WQSH1A4;WQSH1A5;WQSH1A6;WQSH1A7;WQSH1A8;WQSH1A9;WQSH1CA;WQSH1G1;WQSH1SA;WQSH1SS;WQSH1SX;WQSH2A1;WQSH2A2;WQSH2A3;WQSH2A4;WQSH2A5;WQSH2A6;WQSH2A7;WQSH2A8;WQSH2A9;WQSH2CA;WQSH2G1;WQSH2SA;WQSH2SS;WQSH2SX;WQSH5A1;WQSH5A2;WQSH5A3;WQSH5A4;WQSH5A5;WQSH5A6;WQSH5A7;WQSH5A8;WQSH5A9;WQSH5CA;WQSH5G1;WQSH5SA;WQSH5SS;WQSH5SX;WQSH6A1;WQSH6A2;WQSH6A3;WQSH6A4;WQSH6A5;WQSH6A6;WQSH6A7;WQSH6A8;WQSH6A9;WQSH6CA;WQSH6G1;WQSH6SA;WQSH6SS;WQSH6SX;WQSHBA2;WQSHBA4;WQSHBA6;WQSHBG1;WQSJ0A1;WQSJ0A2;WQSJ0A3;WQSJ0A4;WQSJ0A5;WQSJ0A6;WQSJ0A7;WQSJ0A8;WQSJ0A9;WQSJ0CA;WQSJ0G1;WQSJ0SA;WQSJ0SS;WQSJ0SX;WQSJ1A1;WQSJ1A2;WQSJ1A3;WQSJ1A4;WQSJ1A5;WQSJ1A6;WQSJ1A7;WQSJ1A8;WQSJ1A9;WQSJ1CA;WQSJ1G1;WQSJ1SA;WQSJ1SS;WQSJ1SX;WQSJ2A1;WQSJ2A2;WQSJ2A3;WQSJ2A4;WQSJ2A5;WQSJ2A6;WQSJ2A7;WQSJ2A8;WQSJ2A9;WQSJ2CA;WQSJ2G1;WQSJ2SA;WQSJ2SS;WQSJ2SX;WQSJ3A1;WQSJ3A2;WQSJ3A3;WQSJ3A4;WQSJ3A5;WQSJ3A6;WQSJ3A7;WQSJ3A8;WQSJ3A9;WQSJ3CA;WQSJ3G1;WQSJ3SA;WQSJ3SS;WQSJ3SX;WQSJ4A1;WQSJ4A2;WQSJ4A3;WQSJ4A4;WQSJ4A5;WQSJ4A6;WQSJ4A7;WQSJ4A8;WQSJ4A9;WQSJ4CA;WQSJ4G1;WQSJ4SA;WQSJ4SS;WQSJ4SX;WQSJ5A1;WQSJ5A2;WQSJ5A3;WQSJ5A4;WQSJ5A5;WQSJ5A6;WQSJ5A7;WQSJ5A8;WQSJ5A9;WQSJ5CA;WQSJ5G1;WQSJ5SA;WQSJ5SS;WQSJ5SX;WQSJ6A1;WQSJ6A2;WQSJ6A3;WQSJ6A4;WQSJ6A5;WQSJ6A6;WQSJ6A7;WQSJ6A8;WQSJ6A9;WQSJ6CA;WQSJ6G1;WQSJ6SA;WQSJ6SS;WQSJ6SX;WQSJ7A1;WQSJ7A2;WQSJ7A3;WQSJ7A4;WQSJ7A5;WQSJ7A6;WQSJ7A7;WQSJ7A8;WQSJ7A9;WQSJ7CA;WQSJ7G1;WQSJ7SA;WQSJ7SS;WQSJ7SX;WQSJ8A1;WQSJ8A2;WQSJ8A3;WQSJ8A4;WQSJ8A5;WQSJ8A6;WQSJ8A7;WQSJ8A8;WQSJ8A9;WQSJ8CA;WQSJ8G1;WQSJ8SA;WQSJ8SS;WQSJ8SX;WQSJ9A1;WQSJ9A2;WQSJ9A3;WQSJ9A4;WQSJ9A5;WQSJ9A6;WQSJ9A7;WQSJ9A8;WQSJ9A9;WQSJ9CA;WQSJ9G1;WQSJ9SA;WQSJ9SS;WQSJ9SX;WQSJAA1;WQSJAA2;WQSJAA3;WQSJAA4;WQSJAA5;WQSJAA6;WQSJAA7;WQSJAA8;WQSJAA9;WQSJACA;WQSJAG1;WQSJASA;WQSJASS;WQSJASX;WQSJBA1;WQSJBA2;WQSJBA3;WQSJBA4;WQSJBA5;WQSJBA6;WQSJBA7;WQSJBA8;WQSJBA9;WQSJBCA;WQSJBG1;WQSJBSA;WQSJBSS;WQSJBSX;WQSJCA1;WQSJCA2;WQSJCA3;WQSJCA4;WQSJCA5;WQSJCA6;WQSJCA7;WQSJCA8;WQSJCA9;WQSJCCA;WQSJCG1;WQSJCSA;WQSJCSS;WQSJCSX;WQSM2A1;WQSM2A3;WQSM2A5;WQSM2A7;WQSM2A8;WQSM2A9;WQSM2G1;WQSM2OA7;WQSM2OA8;WQSM2OA9;WQSM2OG1;WQSMCA1;WQSMCA3;WQSMCA5;WQSMCA7;WQSMCA8;WQSMCA9;WQSMCG1;WQSMCOA7;WQSMCOA8;WQSMCOA9;WQSMCOG1;WQSMSA1;WQSMSA3;WQSMSA5;WQSMSA7;WQSMSA8;WQSMSA9;WQSMSG1;WQSMSOA7;WQSMSOA8;WQSMSOA9;WQSMSOG1;WQSQ2A2;WQSQ2A4;WQSQ2A6;WQSQ2G1;WQSQ3A2;WQSQ3A4;WQSQ3A6;WQSQ3G1;WQSQ4A2;WQSQ4A4;WQSQ4A6;WQSQ4G1;WQSQSA2;WQSQSA4;WQSQSA6;WQSQSG1;WQSS0A1;WQSS0A3;WQSS0A5;WQSS0A7;WQSS0A8;WQSS0A9;WQSS0G1;WQSS0OA7;WQSS0OA8;WQSS0OA9;WQSS0OG1;WQSS1A1;WQSS1A3;WQSS1A5;WQSS1A7;WQSS1A8;WQSS1A9;WQSS1G1;WQSS1OA7;WQSS1OA8;WQSS1OA9;WQSS1OG1;WQSS2A2;WQSS2A4;WQSS2A6;WQSS2G1;WQSS3A1;WQSS3A3;WQSS3A5;WQSS3A7;WQSS3A8;WQSS3A9;WQSS3G1;WQSS3OA7;WQSS3OA8;WQSS3OA9;WQSS3OG1;WQSSCA1;WQSSCA3;WQSSCA5;WQSSCA7;WQSSCA8;WQSSCA9;WQSSCG1;WQSSCOA7;WQSSCOA8;WQSSCOA9;WQSSCOG1;WQSSLG1;WQSSLSS;WQSSPA2;WQSSPA4;WQSSPA6;WQSSPG1;WQSSSA1;WQSSSA3;WQSSSA5;WQSSSA7;WQSSSA8;WQSSSA9;WQSSSG1;WQSSSOA7;WQSSSOA8;WQSSSOA9;WQSSSOG1;WQSWHA1;WQSWHA3;WQSWHA5;WQSWHA7;WQSWHA8;WQSWHA9;WQSWHG1;WQSWHOA7;WQSWHOA8;WQSWHOA9;WQSWHOG1;WQSZWA1;WQSZWA2;WQSZWA3;WQSZWA4;WQSZWA5;WQSZWA6;WQSZWA7;WQSZWA8;WQSZWA9;WQSZWCA;WQSZWG1;WQSZWSA;WQSZWSS;WQSZWSX,q3m-reference-available,docs/measurements/playable-q3m-x2-ingame-20261002-v1/current-generation.json,no-colour-variant-reference,79032,78961,,sprite/index/palette-work-plan.json,79032
0x6004,CLERIC_MALE_GNOME,character,6000,1,1,CDMB,66,53,596,161725,0x6004:body:armor-code:1:CDMB1;0x6004:body:armor-code:2:CDMB2;0x6004:body:armor-code:3:CDMB3;0x6004:body:armor-code:4:CDMC4;0x6004:helmet:item-animation-code:H0:WQSH0;0x6004:helmet:item-animation-code:H1:WQSH1;0x6004:helmet:item-animation-code:H2:WQSH2;0x6004:helmet:item-animation-code:H5:WQSH5;0x6004:helmet:item-animation-code:J0:WQSJ0;0x6004:helmet:item-animation-code:J1:WQSJ1;0x6004:helmet:item-animation-code:J2:WQSJ2;0x6004:helmet:item-animation-code:J3:WQSJ3;0x6004:helmet:item-animation-code:J4:WQSJ4;0x6004:helmet:item-animation-code:J5:WQSJ5;0x6004:helmet:item-animation-code:J6:WQSJ6;0x6004:helmet:item-animation-code:J7:WQSJ7;0x6004:helmet:item-animation-code:J8:WQSJ8;0x6004:helmet:item-animation-code:J9:WQSJ9;0x6004:helmet:item-animation-code:JA:WQSJA;0x6004:helmet:item-animation-code:JB:WQSJB;0x6004:helmet:item-animation-code:JC:WQSJC;0x6004:helmet:item-animation-code:YW:WQSYW;0x6004:helmet:item-animation-code:ZW:WQSZW;0x6004:shield:item-animation-code:C0:WQHC0;0x6004:shield:item-animation-code:C1:WQHC1;0x6004:shield:item-animation-code:C2:WQHC2;0x6004:shield:item-animation-code:C3:WQHC3;0x6004:shield:item-animation-code:C4:WQHC4;0x6004:shield:item-animation-code:C5:WQHC5;0x6004:shield:item-animation-code:C6:WQHC6;0x6004:shield:item-animation-code:C7:WQHC7;0x6004:shield:item-animation-code:D1:WQHD1;0x6004:shield:item-animation-code:D2:WQHD2;0x6004:shield:item-animation-code:D3:WQHD3;0x6004:shield:item-animation-code:D4:WQHD4;0x6004:weapon:item-animation-code:AX:WQSAX;0x6004:weapon:item-animation-code:BS:WQSBS;0x6004:weapon:item-animation-code:BW:WQSBW;0x6004:weapon:item-animation-code:CB:WQSCB;0x6004:weapon:item-animation-code:CL:WQSCL;0x6004:weapon:item-animation-code:DD:WQSDD;0x6004:weapon:item-animation-code:F0:WQSF0;0x6004:weapon:item-animation-code:F1:WQSF1;0x6004:weapon:item-animation-code:F2:WQSF2;0x6004:weapon:item-animation-code:F3:WQSF3;0x6004:weapon:item-animation-code:FL:WQSFL;0x6004:weapon:item-animation-code:FS:WQSFS;0x6004:weapon:item-animation-code:GS:WQSGS;0x6004:weapon:item-animation-code:H6:WQSH6;0x6004:weapon:item-animation-code:HB:WQSHB;0x6004:weapon:item-animation-code:M2:WQSM2;0x6004:weapon:item-animation-code:MC:WQSMC;0x6004:weapon:item-animation-code:MS:WQSMS;0x6004:weapon:item-animation-code:Q2:WQSQ2;0x6004:weapon:item-animation-code:Q3:WQSQ3;0x6004:weapon:item-animation-code:Q4:WQSQ4;0x6004:weapon:item-animation-code:QS:WQSQS;0x6004:weapon:item-animation-code:S0:WQSS0;0x6004:weapon:item-animation-code:S1:WQSS1;0x6004:weapon:item-animation-code:S2:WQSS2;0x6004:weapon:item-animation-code:S3:WQSS3;0x6004:weapon:item-animation-code:SC:WQSSC;0x6004:weapon:item-animation-code:SL:WQSSL;0x6004:weapon:item-animation-code:SP:WQSSP;0x6004:weapon:item-animation-code:SS:WQSSS;0x6004:weapon:item-animation-code:WH:WQSWH,CDMB1A1;CDMB1A2;CDMB1A3;CDMB1A4;CDMB1A5;CDMB1A6;CDMB1A7;CDMB1A8;CDMB1A9;CDMB1CA;CDMB1G1;CDMB1G11;CDMB1G12;CDMB1G13;CDMB1G14;CDMB1G15;CDMB1G16;CDMB1G17;CDMB1G18;CDMB1G19;CDMB1SA;CDMB1SS;CDMB1SX;CDMB2A1;CDMB2A2;CDMB2A3;CDMB2A4;CDMB2A5;CDMB2A6;CDMB2A7;CDMB2A8;CDMB2A9;CDMB2CA;CDMB2G1;CDMB2G11;CDMB2G12;CDMB2G13;CDMB2G14;CDMB2G15;CDMB2G16;CDMB2G17;CDMB2G18;CDMB2G19;CDMB2SA;CDMB2SS;CDMB2SX;CDMB3A1;CDMB3A2;CDMB3A3;CDMB3A4;CDMB3A5;CDMB3A6;CDMB3A7;CDMB3A8;CDMB3A9;CDMB3CA;CDMB3G1;CDMB3G11;CDMB3G12;CDMB3G13;CDMB3G14;CDMB3G15;CDMB3G16;CDMB3G17;CDMB3G18;CDMB3G19;CDMB3SA;CDMB3SS;CDMB3SX;CDMC4A1;CDMC4A2;CDMC4A3;CDMC4A4;CDMC4A5;CDMC4A6;CDMC4A7;CDMC4A8;CDMC4A9;CDMC4CA;CDMC4G1;CDMC4G11;CDMC4G12;CDMC4G13;CDMC4G14;CDMC4G15;CDMC4G16;CDMC4G17;CDMC4G18;CDMC4G19;CDMC4SA;CDMC4SS;CDMC4SX;WQSAXA1;WQSAXA3;WQSAXA5;WQSAXA7;WQSAXA8;WQSAXA9;WQSAXG1;WQSAXOA7;WQSAXOA8;WQSAXOA9;WQSAXOG1;WQSBSG1;WQSBSSA;WQSBWG1;WQSBWSA;WQSCBG1;WQSCBSX;WQSCLA1;WQSCLA3;WQSCLA5;WQSCLA7;WQSCLA8;WQSCLA9;WQSCLG1;WQSCLOA7;WQSCLOA8;WQSCLOA9;WQSCLOG1;WQSDDA1;WQSDDA3;WQSDDA5;WQSDDA7;WQSDDA8;WQSDDA9;WQSDDG1;WQSDDOA7;WQSDDOA8;WQSDDOA9;WQSDDOG1;WQSF0A1;WQSF0A3;WQSF0A5;WQSF0A7;WQSF0A8;WQSF0A9;WQSF0G1;WQSF0OA7;WQSF0OA8;WQSF0OA9;WQSF0OG1;WQSF1A1;WQSF1A3;WQSF1A5;WQSF1A7;WQSF1A8;WQSF1A9;WQSF1G1;WQSF1OA7;WQSF1OA8;WQSF1OA9;WQSF1OG1;WQSF2A1;WQSF2A3;WQSF2A5;WQSF2A7;WQSF2A8;WQSF2A9;WQSF2G1;WQSF2OA7;WQSF2OA8;WQSF2OA9;WQSF2OG1;WQSF3A1;WQSF3A3;WQSF3A5;WQSF3A7;WQSF3A8;WQSF3A9;WQSF3G1;WQSF3OA7;WQSF3OA8;WQSF3OA9;WQSF3OG1;WQSFLA1;WQSFLA3;WQSFLA5;WQSFLA7;WQSFLA8;WQSFLA9;WQSFLG1;WQSFLOA7;WQSFLOA8;WQSFLOA9;WQSFLOG1;WQSFSA1;WQSFSA3;WQSFSA5;WQSFSA7;WQSFSA8;WQSFSA9;WQSFSG1;WQSFSOA7;WQSFSOA8;WQSFSOA9;WQSFSOG1;WQSGSA2;WQSGSA4;WQSGSA6;WQSGSG1;WQSH0A1;WQSH0A2;WQSH0A3;WQSH0A4;WQSH0A5;WQSH0A6;WQSH0A7;WQSH0A8;WQSH0A9;WQSH0CA;WQSH0G1;WQSH0SA;WQSH0SS;WQSH0SX;WQSH1A1;WQSH1A2;WQSH1A3;WQSH1A4;WQSH1A5;WQSH1A6;WQSH1A7;WQSH1A8;WQSH1A9;WQSH1CA;WQSH1G1;WQSH1SA;WQSH1SS;WQSH1SX;WQSH2A1;WQSH2A2;WQSH2A3;WQSH2A4;WQSH2A5;WQSH2A6;WQSH2A7;WQSH2A8;WQSH2A9;WQSH2CA;WQSH2G1;WQSH2SA;WQSH2SS;WQSH2SX;WQSH5A1;WQSH5A2;WQSH5A3;WQSH5A4;WQSH5A5;WQSH5A6;WQSH5A7;WQSH5A8;WQSH5A9;WQSH5CA;WQSH5G1;WQSH5SA;WQSH5SS;WQSH5SX;WQSH6A1;WQSH6A2;WQSH6A3;WQSH6A4;WQSH6A5;WQSH6A6;WQSH6A7;WQSH6A8;WQSH6A9;WQSH6CA;WQSH6G1;WQSH6SA;WQSH6SS;WQSH6SX;WQSHBA2;WQSHBA4;WQSHBA6;WQSHBG1;WQSJ0A1;WQSJ0A2;WQSJ0A3;WQSJ0A4;WQSJ0A5;WQSJ0A6;WQSJ0A7;WQSJ0A8;WQSJ0A9;WQSJ0CA;WQSJ0G1;WQSJ0SA;WQSJ0SS;WQSJ0SX;WQSJ1A1;WQSJ1A2;WQSJ1A3;WQSJ1A4;WQSJ1A5;WQSJ1A6;WQSJ1A7;WQSJ1A8;WQSJ1A9;WQSJ1CA;WQSJ1G1;WQSJ1SA;WQSJ1SS;WQSJ1SX;WQSJ2A1;WQSJ2A2;WQSJ2A3;WQSJ2A4;WQSJ2A5;WQSJ2A6;WQSJ2A7;WQSJ2A8;WQSJ2A9;WQSJ2CA;WQSJ2G1;WQSJ2SA;WQSJ2SS;WQSJ2SX;WQSJ3A1;WQSJ3A2;WQSJ3A3;WQSJ3A4;WQSJ3A5;WQSJ3A6;WQSJ3A7;WQSJ3A8;WQSJ3A9;WQSJ3CA;WQSJ3G1;WQSJ3SA;WQSJ3SS;WQSJ3SX;WQSJ4A1;WQSJ4A2;WQSJ4A3;WQSJ4A4;WQSJ4A5;WQSJ4A6;WQSJ4A7;WQSJ4A8;WQSJ4A9;WQSJ4CA;WQSJ4G1;WQSJ4SA;WQSJ4SS;WQSJ4SX;WQSJ5A1;WQSJ5A2;WQSJ5A3;WQSJ5A4;WQSJ5A5;WQSJ5A6;WQSJ5A7;WQSJ5A8;WQSJ5A9;WQSJ5CA;WQSJ5G1;WQSJ5SA;WQSJ5SS;WQSJ5SX;WQSJ6A1;WQSJ6A2;WQSJ6A3;WQSJ6A4;WQSJ6A5;WQSJ6A6;WQSJ6A7;WQSJ6A8;WQSJ6A9;WQSJ6CA;WQSJ6G1;WQSJ6SA;WQSJ6SS;WQSJ6SX;WQSJ7A1;WQSJ7A2;WQSJ7A3;WQSJ7A4;WQSJ7A5;WQSJ7A6;WQSJ7A7;WQSJ7A8;WQSJ7A9;WQSJ7CA;WQSJ7G1;WQSJ7SA;WQSJ7SS;WQSJ7SX;WQSJ8A1;WQSJ8A2;WQSJ8A3;WQSJ8A4;WQSJ8A5;WQSJ8A6;WQSJ8A7;WQSJ8A8;WQSJ8A9;WQSJ8CA;WQSJ8G1;WQSJ8SA;WQSJ8SS;WQSJ8SX;WQSJ9A1;WQSJ9A2;WQSJ9A3;WQSJ9A4;WQSJ9A5;WQSJ9A6;WQSJ9A7;WQSJ9A8;WQSJ9A9;WQSJ9CA;WQSJ9G1;WQSJ9SA;WQSJ9SS;WQSJ9SX;WQSJAA1;WQSJAA2;WQSJAA3;WQSJAA4;WQSJAA5;WQSJAA6;WQSJAA7;WQSJAA8;WQSJAA9;WQSJACA;WQSJAG1;WQSJASA;WQSJASS;WQSJASX;WQSJBA1;WQSJBA2;WQSJBA3;WQSJBA4;WQSJBA5;WQSJBA6;WQSJBA7;WQSJBA8;WQSJBA9;WQSJBCA;WQSJBG1;WQSJBSA;WQSJBSS;WQSJBSX;WQSJCA1;WQSJCA2;WQSJCA3;WQSJCA4;WQSJCA5;WQSJCA6;WQSJCA7;WQSJCA8;WQSJCA9;WQSJCCA;WQSJCG1;WQSJCSA;WQSJCSS;WQSJCSX;WQSM2A1;WQSM2A3;WQSM2A5;WQSM2A7;WQSM2A8;WQSM2A9;WQSM2G1;WQSM2OA7;WQSM2OA8;WQSM2OA9;WQSM2OG1;WQSMCA1;WQSMCA3;WQSMCA5;WQSMCA7;WQSMCA8;WQSMCA9;WQSMCG1;WQSMCOA7;WQSMCOA8;WQSMCOA9;WQSMCOG1;WQSMSA1;WQSMSA3;WQSMSA5;WQSMSA7;WQSMSA8;WQSMSA9;WQSMSG1;WQSMSOA7;WQSMSOA8;WQSMSOA9;WQSMSOG1;WQSQ2A2;WQSQ2A4;WQSQ2A6;WQSQ2G1;WQSQ3A2;WQSQ3A4;WQSQ3A6;WQSQ3G1;WQSQ4A2;WQSQ4A4;WQSQ4A6;WQSQ4G1;WQSQSA2;WQSQSA4;WQSQSA6;WQSQSG1;WQSS0A1;WQSS0A3;WQSS0A5;WQSS0A7;WQSS0A8;WQSS0A9;WQSS0G1;WQSS0OA7;WQSS0OA8;WQSS0OA9;WQSS0OG1;WQSS1A1;WQSS1A3;WQSS1A5;WQSS1A7;WQSS1A8;WQSS1A9;WQSS1G1;WQSS1OA7;WQSS1OA8;WQSS1OA9;WQSS1OG1;WQSS2A2;WQSS2A4;WQSS2A6;WQSS2G1;WQSS3A1;WQSS3A3;WQSS3A5;WQSS3A7;WQSS3A8;WQSS3A9;WQSS3G1;WQSS3OA7;WQSS3OA8;WQSS3OA9;WQSS3OG1;WQSSCA1;WQSSCA3;WQSSCA5;WQSSCA7;WQSSCA8;WQSSCA9;WQSSCG1;WQSSCOA7;WQSSCOA8;WQSSCOA9;WQSSCOG1;WQSSLG1;WQSSLSS;WQSSPA2;WQSSPA4;WQSSPA6;WQSSPG1;WQSSSA1;WQSSSA3;WQSSSA5;WQSSSA7;WQSSSA8;WQSSSA9;WQSSSG1;WQSSSOA7;WQSSSOA8;WQSSSOA9;WQSSSOG1;WQSWHA1;WQSWHA3;WQSWHA5;WQSWHA7;WQSWHA8;WQSWHA9;WQSWHG1;WQSWHOA7;WQSWHOA8;WQSWHOA9;WQSWHOG1;WQSZWA1;WQSZWA2;WQSZWA3;WQSZWA4;WQSZWA5;WQSZWA6;WQSZWA7;WQSZWA8;WQSZWA9;WQSZWCA;WQSZWG1;WQSZWSA;WQSZWSS;WQSZWSX,q3m-reference-available,docs/measurements/playable-q3m-x2-ingame-20261002-v1/current-generation.json,no-colour-variant-reference,79657,79586,,sprite/index/palette-work-plan.json,79657
0x6005,CLERIC_MALE_HALFORC,character,6000,1,1,CHMB,66,65,656,180337,0x6005:body:armor-code:1:CHMB1;0x6005:body:armor-code:2:CHMB2;0x6005:body:armor-code:3:CHMB3;0x6005:body:armor-code:4:CHMC4;0x6005:helmet:item-animation-code:H0:WQLH0;0x6005:helmet:item-animation-code:H1:WQLH1;0x6005:helmet:item-animation-code:H2:WQLH2;0x6005:helmet:item-animation-code:H5:WQLH5;0x6005:helmet:item-animation-code:J0:WQLJ0;0x6005:helmet:item-animation-code:J1:WQLJ1;0x6005:helmet:item-animation-code:J2:WQLJ2;0x6005:helmet:item-animation-code:J3:WQLJ3;0x6005:helmet:item-animation-code:J4:WQLJ4;0x6005:helmet:item-animation-code:J5:WQLJ5;0x6005:helmet:item-animation-code:J6:WQLJ6;0x6005:helmet:item-animation-code:J7:WQLJ7;0x6005:helmet:item-animation-code:J8:WQLJ8;0x6005:helmet:item-animation-code:J9:WQLJ9;0x6005:helmet:item-animation-code:JA:WQLJA;0x6005:helmet:item-animation-code:JB:WQLJB;0x6005:helmet:item-animation-code:JC:WQLJC;0x6005:helmet:item-animation-code:YW:WQLYW;0x6005:helmet:item-animation-code:ZW:WQLZW;0x6005:shield:item-animation-code:C0:WQLC0;0x6005:shield:item-animation-code:C1:WQLC1;0x6005:shield:item-animation-code:C2:WQLC2;0x6005:shield:item-animation-code:C3:WQLC3;0x6005:shield:item-animation-code:C4:WQLC4;0x6005:shield:item-animation-code:C5:WQLC5;0x6005:shield:item-animation-code:C6:WQLC6;0x6005:shield:item-animation-code:C7:WQLC7;0x6005:shield:item-animation-code:D1:WQLD1;0x6005:shield:item-animation-code:D2:WQLD2;0x6005:shield:item-animation-code:D3:WQLD3;0x6005:shield:item-animation-code:D4:WQLD4;0x6005:weapon:item-animation-code:AX:WQLAX;0x6005:weapon:item-animation-code:BS:WQLBS;0x6005:weapon:item-animation-code:BW:WQLBW;0x6005:weapon:item-animation-code:CB:WQLCB;0x6005:weapon:item-animation-code:CL:WQLCL;0x6005:weapon:item-animation-code:DD:WQLDD;0x6005:weapon:item-animation-code:F0:WQLF0;0x6005:weapon:item-animation-code:F1:WQLF1;0x6005:weapon:item-animation-code:F2:WQLF2;0x6005:weapon:item-animation-code:F3:WQLF3;0x6005:weapon:item-animation-code:FL:WQLFL;0x6005:weapon:item-animation-code:FS:WQLFS;0x6005:weapon:item-animation-code:GS:WQLGS;0x6005:weapon:item-animation-code:H6:WQLH6;0x6005:weapon:item-animation-code:HB:WQLHB;0x6005:weapon:item-animation-code:M2:WQLM2;0x6005:weapon:item-animation-code:MC:WQLMC;0x6005:weapon:item-animation-code:MS:WQLMS;0x6005:weapon:item-animation-code:Q2:WQLQ2;0x6005:weapon:item-animation-code:Q3:WQLQ3;0x6005:weapon:item-animation-code:Q4:WQLQ4;0x6005:weapon:item-animation-code:QS:WQLQS;0x6005:weapon:item-animation-code:S0:WQLS0;0x6005:weapon:item-animation-code:S1:WQLS1;0x6005:weapon:item-animation-code:S2:WQLS2;0x6005:weapon:item-animation-code:S3:WQLS3;0x6005:weapon:item-animation-code:SC:WQLSC;0x6005:weapon:item-animation-code:SL:WQLSL;0x6005:weapon:item-animation-code:SP:WQLSP;0x6005:weapon:item-animation-code:SS:WQLSS;0x6005:weapon:item-animation-code:WH:WQLWH,CHMB1A1;CHMB1A2;CHMB1A3;CHMB1A4;CHMB1A5;CHMB1A6;CHMB1A7;CHMB1A8;CHMB1A9;CHMB1CA;CHMB1G1;CHMB1G11;CHMB1G12;CHMB1G13;CHMB1G14;CHMB1G15;CHMB1G16;CHMB1G17;CHMB1G18;CHMB1G19;CHMB1SA;CHMB1SS;CHMB1SX;CHMB2A1;CHMB2A2;CHMB2A3;CHMB2A4;CHMB2A5;CHMB2A6;CHMB2A7;CHMB2A8;CHMB2A9;CHMB2CA;CHMB2G1;CHMB2G11;CHMB2G12;CHMB2G13;CHMB2G14;CHMB2G15;CHMB2G16;CHMB2G17;CHMB2G18;CHMB2G19;CHMB2SA;CHMB2SS;CHMB2SX;CHMB3A1;CHMB3A2;CHMB3A3;CHMB3A4;CHMB3A5;CHMB3A6;CHMB3A7;CHMB3A8;CHMB3A9;CHMB3CA;CHMB3G1;CHMB3G11;CHMB3G12;CHMB3G13;CHMB3G14;CHMB3G15;CHMB3G16;CHMB3G17;CHMB3G18;CHMB3G19;CHMB3SA;CHMB3SS;CHMB3SX;CHMC4A1;CHMC4A2;CHMC4A3;CHMC4A4;CHMC4A5;CHMC4A6;CHMC4A7;CHMC4A8;CHMC4A9;CHMC4CA;CHMC4G1;CHMC4G11;CHMC4G12;CHMC4G13;CHMC4G14;CHMC4G15;CHMC4G16;CHMC4G17;CHMC4G18;CHMC4G19;CHMC4SA;CHMC4SS;CHMC4SX;WQLAXA1;WQLAXA3;WQLAXA5;WQLAXA7;WQLAXA8;WQLAXA9;WQLAXG1;WQLAXOA7;WQLAXOA8;WQLAXOA9;WQLAXOG1;WQLBSG1;WQLBSSA;WQLBWG1;WQLBWSA;WQLC0A1;WQLC0A3;WQLC0A5;WQLC0G1;WQLC0SS;WQLC1A1;WQLC1A3;WQLC1A5;WQLC1G1;WQLC1SS;WQLC2A1;WQLC2A3;WQLC2A5;WQLC2G1;WQLC2SS;WQLC3A1;WQLC3A3;WQLC3A5;WQLC3G1;WQLC3SS;WQLC4A1;WQLC4A3;WQLC4A5;WQLC4G1;WQLC4SS;WQLC5A1;WQLC5A3;WQLC5A5;WQLC5G1;WQLC5SS;WQLC6A1;WQLC6A3;WQLC6A5;WQLC6G1;WQLC6SS;WQLC7A1;WQLC7A3;WQLC7A5;WQLC7G1;WQLC7SS;WQLCBG1;WQLCBSX;WQLCLA1;WQLCLA3;WQLCLA5;WQLCLA7;WQLCLA8;WQLCLA9;WQLCLG1;WQLCLOA7;WQLCLOA8;WQLCLOA9;WQLCLOG1;WQLD1A1;WQLD1A3;WQLD1A5;WQLD1G1;WQLD1SS;WQLD2A1;WQLD2A3;WQLD2A5;WQLD2G1;WQLD2SS;WQLD3A1;WQLD3A3;WQLD3A5;WQLD3G1;WQLD3SS;WQLD4A1;WQLD4A3;WQLD4A5;WQLD4G1;WQLD4SS;WQLDDA1;WQLDDA3;WQLDDA5;WQLDDA7;WQLDDA8;WQLDDA9;WQLDDG1;WQLDDOA7;WQLDDOA8;WQLDDOA9;WQLDDOG1;WQLF0A1;WQLF0A3;WQLF0A5;WQLF0A7;WQLF0A8;WQLF0A9;WQLF0G1;WQLF0OA7;WQLF0OA8;WQLF0OA9;WQLF0OG1;WQLF1A1;WQLF1A3;WQLF1A5;WQLF1A7;WQLF1A8;WQLF1A9;WQLF1G1;WQLF1OA7;WQLF1OA8;WQLF1OA9;WQLF1OG1;WQLF2A1;WQLF2A3;WQLF2A5;WQLF2A7;WQLF2A8;WQLF2A9;WQLF2G1;WQLF2OA7;WQLF2OA8;WQLF2OA9;WQLF2OG1;WQLF3A1;WQLF3A3;WQLF3A5;WQLF3A7;WQLF3A8;WQLF3A9;WQLF3G1;WQLF3OA7;WQLF3OA8;WQLF3OA9;WQLF3OG1;WQLFLA1;WQLFLA3;WQLFLA5;WQLFLA7;WQLFLA8;WQLFLA9;WQLFLG1;WQLFLOA7;WQLFLOA8;WQLFLOA9;WQLFLOG1;WQLFSA1;WQLFSA3;WQLFSA5;WQLFSA7;WQLFSA8;WQLFSA9;WQLFSG1;WQLFSOA7;WQLFSOA8;WQLFSOA9;WQLFSOG1;WQLGSA2;WQLGSA4;WQLGSA6;WQLGSG1;WQLH0A1;WQLH0A2;WQLH0A3;WQLH0A4;WQLH0A5;WQLH0A6;WQLH0A7;WQLH0A8;WQLH0A9;WQLH0CA;WQLH0G1;WQLH0SA;WQLH0SS;WQLH0SX;WQLH1A1;WQLH1A2;WQLH1A3;WQLH1A4;WQLH1A5;WQLH1A6;WQLH1A7;WQLH1A8;WQLH1A9;WQLH1CA;WQLH1G1;WQLH1SA;WQLH1SS;WQLH1SX;WQLH2A1;WQLH2A2;WQLH2A3;WQLH2A4;WQLH2A5;WQLH2A6;WQLH2A7;WQLH2A8;WQLH2A9;WQLH2CA;WQLH2G1;WQLH2SA;WQLH2SS;WQLH2SX;WQLH5A1;WQLH5A2;WQLH5A3;WQLH5A4;WQLH5A5;WQLH5A6;WQLH5A7;WQLH5A8;WQLH5A9;WQLH5CA;WQLH5G1;WQLH5SA;WQLH5SS;WQLH5SX;WQLH6A1;WQLH6A2;WQLH6A3;WQLH6A4;WQLH6A5;WQLH6A6;WQLH6A7;WQLH6A8;WQLH6A9;WQLH6CA;WQLH6G1;WQLH6SA;WQLH6SS;WQLH6SX;WQLHBA2;WQLHBA4;WQLHBA6;WQLHBG1;WQLJ0A1;WQLJ0A2;WQLJ0A3;WQLJ0A4;WQLJ0A5;WQLJ0A6;WQLJ0A7;WQLJ0A8;WQLJ0A9;WQLJ0CA;WQLJ0G1;WQLJ0SA;WQLJ0SS;WQLJ0SX;WQLJ1A1;WQLJ1A2;WQLJ1A3;WQLJ1A4;WQLJ1A5;WQLJ1A6;WQLJ1A7;WQLJ1A8;WQLJ1A9;WQLJ1CA;WQLJ1G1;WQLJ1SA;WQLJ1SS;WQLJ1SX;WQLJ2A1;WQLJ2A2;WQLJ2A3;WQLJ2A4;WQLJ2A5;WQLJ2A6;WQLJ2A7;WQLJ2A8;WQLJ2A9;WQLJ2CA;WQLJ2G1;WQLJ2SA;WQLJ2SS;WQLJ2SX;WQLJ3A1;WQLJ3A2;WQLJ3A3;WQLJ3A4;WQLJ3A5;WQLJ3A6;WQLJ3A7;WQLJ3A8;WQLJ3A9;WQLJ3CA;WQLJ3G1;WQLJ3SA;WQLJ3SS;WQLJ3SX;WQLJ4A1;WQLJ4A2;WQLJ4A3;WQLJ4A4;WQLJ4A5;WQLJ4A6;WQLJ4A7;WQLJ4A8;WQLJ4A9;WQLJ4CA;WQLJ4G1;WQLJ4SA;WQLJ4SS;WQLJ4SX;WQLJ5A1;WQLJ5A2;WQLJ5A3;WQLJ5A4;WQLJ5A5;WQLJ5A6;WQLJ5A7;WQLJ5A8;WQLJ5A9;WQLJ5CA;WQLJ5G1;WQLJ5SA;WQLJ5SS;WQLJ5SX;WQLJ6A1;WQLJ6A2;WQLJ6A3;WQLJ6A4;WQLJ6A5;WQLJ6A6;WQLJ6A7;WQLJ6A8;WQLJ6A9;WQLJ6CA;WQLJ6G1;WQLJ6SA;WQLJ6SS;WQLJ6SX;WQLJ7A1;WQLJ7A2;WQLJ7A3;WQLJ7A4;WQLJ7A5;WQLJ7A6;WQLJ7A7;WQLJ7A8;WQLJ7A9;WQLJ7CA;WQLJ7G1;WQLJ7SA;WQLJ7SS;WQLJ7SX;WQLJ8A1;WQLJ8A2;WQLJ8A3;WQLJ8A4;WQLJ8A5;WQLJ8A6;WQLJ8A7;WQLJ8A8;WQLJ8A9;WQLJ8CA;WQLJ8G1;WQLJ8SA;WQLJ8SS;WQLJ8SX;WQLJ9A1;WQLJ9A2;WQLJ9A3;WQLJ9A4;WQLJ9A5;WQLJ9A6;WQLJ9A7;WQLJ9A8;WQLJ9A9;WQLJ9CA;WQLJ9G1;WQLJ9SA;WQLJ9SS;WQLJ9SX;WQLJAA1;WQLJAA2;WQLJAA3;WQLJAA4;WQLJAA5;WQLJAA6;WQLJAA7;WQLJAA8;WQLJAA9;WQLJACA;WQLJAG1;WQLJASA;WQLJASS;WQLJASX;WQLJBA1;WQLJBA2;WQLJBA3;WQLJBA4;WQLJBA5;WQLJBA6;WQLJBA7;WQLJBA8;WQLJBA9;WQLJBCA;WQLJBG1;WQLJBSA;WQLJBSS;WQLJBSX;WQLJCA1;WQLJCA2;WQLJCA3;WQLJCA4;WQLJCA5;WQLJCA6;WQLJCA7;WQLJCA8;WQLJCA9;WQLJCCA;WQLJCG1;WQLJCSA;WQLJCSS;WQLJCSX;WQLM2A1;WQLM2A3;WQLM2A5;WQLM2A7;WQLM2A8;WQLM2A9;WQLM2G1;WQLM2OA7;WQLM2OA8;WQLM2OA9;WQLM2OG1;WQLMCA1;WQLMCA3;WQLMCA5;WQLMCA7;WQLMCA8;WQLMCA9;WQLMCG1;WQLMCOA7;WQLMCOA8;WQLMCOA9;WQLMCOG1;WQLMSA1;WQLMSA3;WQLMSA5;WQLMSA7;WQLMSA8;WQLMSA9;WQLMSG1;WQLMSOA7;WQLMSOA8;WQLMSOA9;WQLMSOG1;WQLQ2A2;WQLQ2A4;WQLQ2A6;WQLQ2G1;WQLQ3A2;WQLQ3A4;WQLQ3A6;WQLQ3G1;WQLQ4A2;WQLQ4A4;WQLQ4A6;WQLQ4G1;WQLQSA2;WQLQSA4;WQLQSA6;WQLQSG1;WQLS0A1;WQLS0A3;WQLS0A5;WQLS0A7;WQLS0A8;WQLS0A9;WQLS0G1;WQLS0OA7;WQLS0OA8;WQLS0OA9;WQLS0OG1;WQLS1A1;WQLS1A3;WQLS1A5;WQLS1A7;WQLS1A8;WQLS1A9;WQLS1G1;WQLS1OA7;WQLS1OA8;WQLS1OA9;WQLS1OG1;WQLS2A2;WQLS2A4;WQLS2A6;WQLS2G1;WQLS3A1;WQLS3A3;WQLS3A5;WQLS3A7;WQLS3A8;WQLS3A9;WQLS3G1;WQLS3OA7;WQLS3OA8;WQLS3OA9;WQLS3OG1;WQLSCA1;WQLSCA3;WQLSCA5;WQLSCA7;WQLSCA8;WQLSCA9;WQLSCG1;WQLSCOA7;WQLSCOA8;WQLSCOA9;WQLSCOG1;WQLSLG1;WQLSLSS;WQLSPA2;WQLSPA4;WQLSPA6;WQLSPG1;WQLSSA1;WQLSSA3;WQLSSA5;WQLSSA7;WQLSSA8;WQLSSA9;WQLSSG1;WQLSSOA7;WQLSSOA8;WQLSSOA9;WQLSSOG1;WQLWHA1;WQLWHA3;WQLWHA5;WQLWHA7;WQLWHA8;WQLWHA9;WQLWHG1;WQLWHOA7;WQLWHOA8;WQLWHOA9;WQLWHOG1;WQLZWA1;WQLZWA2;WQLZWA3;WQLZWA4;WQLZWA5;WQLZWA6;WQLZWA7;WQLZWA8;WQLZWA9;WQLZWCA;WQLZWG1;WQLZWSA;WQLZWSS;WQLZWSX,q3m-reference-available,docs/measurements/playable-q3m-x2-ingame-20261002-v1/current-generation.json,no-colour-variant-reference,95316,95247,,sprite/index/palette-work-plan.json,95316
0x6010,CLERIC_FEMALE_HUMAN,character,6000,1,1,CHFB,66,65,656,178360,0x6010:body:armor-code:1:CHFB1;0x6010:body:armor-code:2:CHFB2;0x6010:body:armor-code:3:CHFB3;0x6010:body:armor-code:4:CHFC4;0x6010:helmet:item-animation-code:H0:WQNH0;0x6010:helmet:item-animation-code:H1:WQNH1;0x6010:helmet:item-animation-code:H2:WQNH2;0x6010:helmet:item-animation-code:H5:WQNH5;0x6010:helmet:item-animation-code:J0:WQNJ0;0x6010:helmet:item-animation-code:J1:WQNJ1;0x6010:helmet:item-animation-code:J2:WQNJ2;0x6010:helmet:item-animation-code:J3:WQNJ3;0x6010:helmet:item-animation-code:J4:WQNJ4;0x6010:helmet:item-animation-code:J5:WQNJ5;0x6010:helmet:item-animation-code:J6:WQNJ6;0x6010:helmet:item-animation-code:J7:WQNJ7;0x6010:helmet:item-animation-code:J8:WQNJ8;0x6010:helmet:item-animation-code:J9:WQNJ9;0x6010:helmet:item-animation-code:JA:WQNJA;0x6010:helmet:item-animation-code:JB:WQNJB;0x6010:helmet:item-animation-code:JC:WQNJC;0x6010:helmet:item-animation-code:YW:WQNYW;0x6010:helmet:item-animation-code:ZW:WQNZW;0x6010:shield:item-animation-code:C0:WQNC0;0x6010:shield:item-animation-code:C1:WQNC1;0x6010:shield:item-animation-code:C2:WQNC2;0x6010:shield:item-animation-code:C3:WQNC3;0x6010:shield:item-animation-code:C4:WQNC4;0x6010:shield:item-animation-code:C5:WQNC5;0x6010:shield:item-animation-code:C6:WQNC6;0x6010:shield:item-animation-code:C7:WQNC7;0x6010:shield:item-animation-code:D1:WQND1;0x6010:shield:item-animation-code:D2:WQND2;0x6010:shield:item-animation-code:D3:WQND3;0x6010:shield:item-animation-code:D4:WQND4;0x6010:weapon:item-animation-code:AX:WQNAX;0x6010:weapon:item-animation-code:BS:WQNBS;0x6010:weapon:item-animation-code:BW:WQNBW;0x6010:weapon:item-animation-code:CB:WQNCB;0x6010:weapon:item-animation-code:CL:WQNCL;0x6010:weapon:item-animation-code:DD:WQNDD;0x6010:weapon:item-animation-code:F0:WQNF0;0x6010:weapon:item-animation-code:F1:WQNF1;0x6010:weapon:item-animation-code:F2:WQNF2;0x6010:weapon:item-animation-code:F3:WQNF3;0x6010:weapon:item-animation-code:FL:WQNFL;0x6010:weapon:item-animation-code:FS:WQNFS;0x6010:weapon:item-animation-code:GS:WQNGS;0x6010:weapon:item-animation-code:H6:WQNH6;0x6010:weapon:item-animation-code:HB:WQNHB;0x6010:weapon:item-animation-code:M2:WQNM2;0x6010:weapon:item-animation-code:MC:WQNMC;0x6010:weapon:item-animation-code:MS:WQNMS;0x6010:weapon:item-animation-code:Q2:WQNQ2;0x6010:weapon:item-animation-code:Q3:WQNQ3;0x6010:weapon:item-animation-code:Q4:WQNQ4;0x6010:weapon:item-animation-code:QS:WQNQS;0x6010:weapon:item-animation-code:S0:WQNS0;0x6010:weapon:item-animation-code:S1:WQNS1;0x6010:weapon:item-animation-code:S2:WQNS2;0x6010:weapon:item-animation-code:S3:WQNS3;0x6010:weapon:item-animation-code:SC:WQNSC;0x6010:weapon:item-animation-code:SL:WQNSL;0x6010:weapon:item-animation-code:SP:WQNSP;0x6010:weapon:item-animation-code:SS:WQNSS;0x6010:weapon:item-animation-code:WH:WQNWH,CHFB1A1;CHFB1A2;CHFB1A3;CHFB1A4;CHFB1A5;CHFB1A6;CHFB1A7;CHFB1A8;CHFB1A9;CHFB1CA;CHFB1G1;CHFB1G11;CHFB1G12;CHFB1G13;CHFB1G14;CHFB1G15;CHFB1G16;CHFB1G17;CHFB1G18;CHFB1G19;CHFB1SA;CHFB1SS;CHFB1SX;CHFB2A1;CHFB2A2;CHFB2A3;CHFB2A4;CHFB2A5;CHFB2A6;CHFB2A7;CHFB2A8;CHFB2A9;CHFB2CA;CHFB2G1;CHFB2G11;CHFB2G12;CHFB2G13;CHFB2G14;CHFB2G15;CHFB2G16;CHFB2G17;CHFB2G18;CHFB2G19;CHFB2SA;CHFB2SS;CHFB2SX;CHFB3A1;CHFB3A2;CHFB3A3;CHFB3A4;CHFB3A5;CHFB3A6;CHFB3A7;CHFB3A8;CHFB3A9;CHFB3CA;CHFB3G1;CHFB3G11;CHFB3G12;CHFB3G13;CHFB3G14;CHFB3G15;CHFB3G16;CHFB3G17;CHFB3G18;CHFB3G19;CHFB3SA;CHFB3SS;CHFB3SX;CHFC4A1;CHFC4A2;CHFC4A3;CHFC4A4;CHFC4A5;CHFC4A6;CHFC4A7;CHFC4A8;CHFC4A9;CHFC4CA;CHFC4G1;CHFC4G11;CHFC4G12;CHFC4G13;CHFC4G14;CHFC4G15;CHFC4G16;CHFC4G17;CHFC4G18;CHFC4G19;CHFC4SA;CHFC4SS;CHFC4SX;WQNAXA1;WQNAXA3;WQNAXA5;WQNAXA7;WQNAXA8;WQNAXA9;WQNAXG1;WQNAXOA7;WQNAXOA8;WQNAXOA9;WQNAXOG1;WQNBSG1;WQNBSSA;WQNBWG1;WQNBWSA;WQNC0A1;WQNC0A3;WQNC0A5;WQNC0G1;WQNC0SS;WQNC1A1;WQNC1A3;WQNC1A5;WQNC1G1;WQNC1SS;WQNC2A1;WQNC2A3;WQNC2A5;WQNC2G1;WQNC2SS;WQNC3A1;WQNC3A3;WQNC3A5;WQNC3G1;WQNC3SS;WQNC4A1;WQNC4A3;WQNC4A5;WQNC4G1;WQNC4SS;WQNC5A1;WQNC5A3;WQNC5A5;WQNC5G1;WQNC5SS;WQNC6A1;WQNC6A3;WQNC6A5;WQNC6G1;WQNC6SS;WQNC7A1;WQNC7A3;WQNC7A5;WQNC7G1;WQNC7SS;WQNCBG1;WQNCBSX;WQNCLA1;WQNCLA3;WQNCLA5;WQNCLA7;WQNCLA8;WQNCLA9;WQNCLG1;WQNCLOA7;WQNCLOA8;WQNCLOA9;WQNCLOG1;WQND1A1;WQND1A3;WQND1A5;WQND1G1;WQND1SS;WQND2A1;WQND2A3;WQND2A5;WQND2G1;WQND2SS;WQND3A1;WQND3A3;WQND3A5;WQND3G1;WQND3SS;WQND4A1;WQND4A3;WQND4A5;WQND4G1;WQND4SS;WQNDDA1;WQNDDA3;WQNDDA5;WQNDDA7;WQNDDA8;WQNDDA9;WQNDDG1;WQNDDOA7;WQNDDOA8;WQNDDOA9;WQNDDOG1;WQNF0A1;WQNF0A3;WQNF0A5;WQNF0A7;WQNF0A8;WQNF0A9;WQNF0G1;WQNF0OA7;WQNF0OA8;WQNF0OA9;WQNF0OG1;WQNF1A1;WQNF1A3;WQNF1A5;WQNF1A7;WQNF1A8;WQNF1A9;WQNF1G1;WQNF1OA7;WQNF1OA8;WQNF1OA9;WQNF1OG1;WQNF2A1;WQNF2A3;WQNF2A5;WQNF2A7;WQNF2A8;WQNF2A9;WQNF2G1;WQNF2OA7;WQNF2OA8;WQNF2OA9;WQNF2OG1;WQNF3A1;WQNF3A3;WQNF3A5;WQNF3A7;WQNF3A8;WQNF3A9;WQNF3G1;WQNF3OA7;WQNF3OA8;WQNF3OA9;WQNF3OG1;WQNFLA1;WQNFLA3;WQNFLA5;WQNFLA7;WQNFLA8;WQNFLA9;WQNFLG1;WQNFLOA7;WQNFLOA8;WQNFLOA9;WQNFLOG1;WQNFSA1;WQNFSA3;WQNFSA5;WQNFSA7;WQNFSA8;WQNFSA9;WQNFSG1;WQNFSOA7;WQNFSOA8;WQNFSOA9;WQNFSOG1;WQNGSA2;WQNGSA4;WQNGSA6;WQNGSG1;WQNH0A1;WQNH0A2;WQNH0A3;WQNH0A4;WQNH0A5;WQNH0A6;WQNH0A7;WQNH0A8;WQNH0A9;WQNH0CA;WQNH0G1;WQNH0SA;WQNH0SS;WQNH0SX;WQNH1A1;WQNH1A2;WQNH1A3;WQNH1A4;WQNH1A5;WQNH1A6;WQNH1A7;WQNH1A8;WQNH1A9;WQNH1CA;WQNH1G1;WQNH1SA;WQNH1SS;WQNH1SX;WQNH2A1;WQNH2A2;WQNH2A3;WQNH2A4;WQNH2A5;WQNH2A6;WQNH2A7;WQNH2A8;WQNH2A9;WQNH2CA;WQNH2G1;WQNH2SA;WQNH2SS;WQNH2SX;WQNH5A1;WQNH5A2;WQNH5A3;WQNH5A4;WQNH5A5;WQNH5A6;WQNH5A7;WQNH5A8;WQNH5A9;WQNH5CA;WQNH5G1;WQNH5SA;WQNH5SS;WQNH5SX;WQNH6A1;WQNH6A2;WQNH6A3;WQNH6A4;WQNH6A5;WQNH6A6;WQNH6A7;WQNH6A8;WQNH6A9;WQNH6CA;WQNH6G1;WQNH6SA;WQNH6SS;WQNH6SX;WQNHBA2;WQNHBA4;WQNHBA6;WQNHBG1;WQNJ0A1;WQNJ0A2;WQNJ0A3;WQNJ0A4;WQNJ0A5;WQNJ0A6;WQNJ0A7;WQNJ0A8;WQNJ0A9;WQNJ0CA;WQNJ0G1;WQNJ0SA;WQNJ0SS;WQNJ0SX;WQNJ1A1;WQNJ1A2;WQNJ1A3;WQNJ1A4;WQNJ1A5;WQNJ1A6;WQNJ1A7;WQNJ1A8;WQNJ1A9;WQNJ1CA;WQNJ1G1;WQNJ1SA;WQNJ1SS;WQNJ1SX;WQNJ2A1;WQNJ2A2;WQNJ2A3;WQNJ2A4;WQNJ2A5;WQNJ2A6;WQNJ2A7;WQNJ2A8;WQNJ2A9;WQNJ2CA;WQNJ2G1;WQNJ2SA;WQNJ2SS;WQNJ2SX;WQNJ3A1;WQNJ3A2;WQNJ3A3;WQNJ3A4;WQNJ3A5;WQNJ3A6;WQNJ3A7;WQNJ3A8;WQNJ3A9;WQNJ3CA;WQNJ3G1;WQNJ3SA;WQNJ3SS;WQNJ3SX;WQNJ4A1;WQNJ4A2;WQNJ4A3;WQNJ4A4;WQNJ4A5;WQNJ4A6;WQNJ4A7;WQNJ4A8;WQNJ4A9;WQNJ4CA;WQNJ4G1;WQNJ4SA;WQNJ4SS;WQNJ4SX;WQNJ5A1;WQNJ5A2;WQNJ5A3;WQNJ5A4;WQNJ5A5;WQNJ5A6;WQNJ5A7;WQNJ5A8;WQNJ5A9;WQNJ5CA;WQNJ5G1;WQNJ5SA;WQNJ5SS;WQNJ5SX;WQNJ6A1;WQNJ6A2;WQNJ6A3;WQNJ6A4;WQNJ6A5;WQNJ6A6;WQNJ6A7;WQNJ6A8;WQNJ6A9;WQNJ6CA;WQNJ6G1;WQNJ6SA;WQNJ6SS;WQNJ6SX;WQNJ7A1;WQNJ7A2;WQNJ7A3;WQNJ7A4;WQNJ7A5;WQNJ7A6;WQNJ7A7;WQNJ7A8;WQNJ7A9;WQNJ7CA;WQNJ7G1;WQNJ7SA;WQNJ7SS;WQNJ7SX;WQNJ8A1;WQNJ8A2;WQNJ8A3;WQNJ8A4;WQNJ8A5;WQNJ8A6;WQNJ8A7;WQNJ8A8;WQNJ8A9;WQNJ8CA;WQNJ8G1;WQNJ8SA;WQNJ8SS;WQNJ8SX;WQNJ9A1;WQNJ9A2;WQNJ9A3;WQNJ9A4;WQNJ9A5;WQNJ9A6;WQNJ9A7;WQNJ9A8;WQNJ9A9;WQNJ9CA;WQNJ9G1;WQNJ9SA;WQNJ9SS;WQNJ9SX;WQNJAA1;WQNJAA2;WQNJAA3;WQNJAA4;WQNJAA5;WQNJAA6;WQNJAA7;WQNJAA8;WQNJAA9;WQNJACA;WQNJAG1;WQNJASA;WQNJASS;WQNJASX;WQNJBA1;WQNJBA2;WQNJBA3;WQNJBA4;WQNJBA5;WQNJBA6;WQNJBA7;WQNJBA8;WQNJBA9;WQNJBCA;WQNJBG1;WQNJBSA;WQNJBSS;WQNJBSX;WQNJCA1;WQNJCA2;WQNJCA3;WQNJCA4;WQNJCA5;WQNJCA6;WQNJCA7;WQNJCA8;WQNJCA9;WQNJCCA;WQNJCG1;WQNJCSA;WQNJCSS;WQNJCSX;WQNM2A1;WQNM2A3;WQNM2A5;WQNM2A7;WQNM2A8;WQNM2A9;WQNM2G1;WQNM2OA7;WQNM2OA8;WQNM2OA9;WQNM2OG1;WQNMCA1;WQNMCA3;WQNMCA5;WQNMCA7;WQNMCA8;WQNMCA9;WQNMCG1;WQNMCOA7;WQNMCOA8;WQNMCOA9;WQNMCOG1;WQNMSA1;WQNMSA3;WQNMSA5;WQNMSA7;WQNMSA8;WQNMSA9;WQNMSG1;WQNMSOA7;WQNMSOA8;WQNMSOA9;WQNMSOG1;WQNQ2A2;WQNQ2A4;WQNQ2A6;WQNQ2G1;WQNQ3A2;WQNQ3A4;WQNQ3A6;WQNQ3G1;WQNQ4A2;WQNQ4A4;WQNQ4A6;WQNQ4G1;WQNQSA2;WQNQSA4;WQNQSA6;WQNQSG1;WQNS0A1;WQNS0A3;WQNS0A5;WQNS0A7;WQNS0A8;WQNS0A9;WQNS0G1;WQNS0OA7;WQNS0OA8;WQNS0OA9;WQNS0OG1;WQNS1A1;WQNS1A3;WQNS1A5;WQNS1A7;WQNS1A8;WQNS1A9;WQNS1G1;WQNS1OA7;WQNS1OA8;WQNS1OA9;WQNS1OG1;WQNS2A2;WQNS2A4;WQNS2A6;WQNS2G1;WQNS3A1;WQNS3A3;WQNS3A5;WQNS3A7;WQNS3A8;WQNS3A9;WQNS3G1;WQNS3OA7;WQNS3OA8;WQNS3OA9;WQNS3OG1;WQNSCA1;WQNSCA3;WQNSCA5;WQNSCA7;WQNSCA8;WQNSCA9;WQNSCG1;WQNSCOA7;WQNSCOA8;WQNSCOA9;WQNSCOG1;WQNSLG1;WQNSLSS;WQNSPA2;WQNSPA4;WQNSPA6;WQNSPG1;WQNSSA1;WQNSSA3;WQNSSA5;WQNSSA7;WQNSSA8;WQNSSA9;WQNSSG1;WQNSSOA7;WQNSSOA8;WQNSSOA9;WQNSSOG1;WQNWHA1;WQNWHA3;WQNWHA5;WQNWHA7;WQNWHA8;WQNWHA9;WQNWHG1;WQNWHOA7;WQNWHOA8;WQNWHOA9;WQNWHOG1;WQNZWA1;WQNZWA2;WQNZWA3;WQNZWA4;WQNZWA5;WQNZWA6;WQNZWA7;WQNZWA8;WQNZWA9;WQNZWCA;WQNZWG1;WQNZWSA;WQNZWSS;WQNZWSX,q3m-reference-available,docs/measurements/playable-q3m-x2-ingame-20261002-v1/current-generation.json,no-colour-variant-reference,93923,93843,,sprite/index/palette-work-plan.json,93923
0x6011,CLERIC_FEMALE_ELF,character,6000,1,1,CEFB,66,65,656,180494,0x6011:body:armor-code:1:CEFB1;0x6011:body:armor-code:2:CEFB2;0x6011:body:armor-code:3:CEFB3;0x6011:body:armor-code:4:CEFC4;0x6011:helmet:item-animation-code:H0:WQMH0;0x6011:helmet:item-animation-code:H1:WQMH1;0x6011:helmet:item-animation-code:H2:WQMH2;0x6011:helmet:item-animation-code:H5:WQMH5;0x6011:helmet:item-animation-code:J0:WQMJ0;0x6011:helmet:item-animation-code:J1:WQMJ1;0x6011:helmet:item-animation-code:J2:WQMJ2;0x6011:helmet:item-animation-code:J3:WQMJ3;0x6011:helmet:item-animation-code:J4:WQMJ4;0x6011:helmet:item-animation-code:J5:WQMJ5;0x6011:helmet:item-animation-code:J6:WQMJ6;0x6011:helmet:item-animation-code:J7:WQMJ7;0x6011:helmet:item-animation-code:J8:WQMJ8;0x6011:helmet:item-animation-code:J9:WQMJ9;0x6011:helmet:item-animation-code:JA:WQMJA;0x6011:helmet:item-animation-code:JB:WQMJB;0x6011:helmet:item-animation-code:JC:WQMJC;0x6011:helmet:item-animation-code:YW:WQMYW;0x6011:helmet:item-animation-code:ZW:WQMZW;0x6011:shield:item-animation-code:C0:WQMC0;0x6011:shield:item-animation-code:C1:WQMC1;0x6011:shield:item-animation-code:C2:WQMC2;0x6011:shield:item-animation-code:C3:WQMC3;0x6011:shield:item-animation-code:C4:WQMC4;0x6011:shield:item-animation-code:C5:WQMC5;0x6011:shield:item-animation-code:C6:WQMC6;0x6011:shield:item-animation-code:C7:WQMC7;0x6011:shield:item-animation-code:D1:WQMD1;0x6011:shield:item-animation-code:D2:WQMD2;0x6011:shield:item-animation-code:D3:WQMD3;0x6011:shield:item-animation-code:D4:WQMD4;0x6011:weapon:item-animation-code:AX:WQMAX;0x6011:weapon:item-animation-code:BS:WQMBS;0x6011:weapon:item-animation-code:BW:WQMBW;0x6011:weapon:item-animation-code:CB:WQMCB;0x6011:weapon:item-animation-code:CL:WQMCL;0x6011:weapon:item-animation-code:DD:WQMDD;0x6011:weapon:item-animation-code:F0:WQMF0;0x6011:weapon:item-animation-code:F1:WQMF1;0x6011:weapon:item-animation-code:F2:WQMF2;0x6011:weapon:item-animation-code:F3:WQMF3;0x6011:weapon:item-animation-code:FL:WQMFL;0x6011:weapon:item-animation-code:FS:WQMFS;0x6011:weapon:item-animation-code:GS:WQMGS;0x6011:weapon:item-animation-code:H6:WQMH6;0x6011:weapon:item-animation-code:HB:WQMHB;0x6011:weapon:item-animation-code:M2:WQMM2;0x6011:weapon:item-animation-code:MC:WQMMC;0x6011:weapon:item-animation-code:MS:WQMMS;0x6011:weapon:item-animation-code:Q2:WQMQ2;0x6011:weapon:item-animation-code:Q3:WQMQ3;0x6011:weapon:item-animation-code:Q4:WQMQ4;0x6011:weapon:item-animation-code:QS:WQMQS;0x6011:weapon:item-animation-code:S0:WQMS0;0x6011:weapon:item-animation-code:S1:WQMS1;0x6011:weapon:item-animation-code:S2:WQMS2;0x6011:weapon:item-animation-code:S3:WQMS3;0x6011:weapon:item-animation-code:SC:WQMSC;0x6011:weapon:item-animation-code:SL:WQMSL;0x6011:weapon:item-animation-code:SP:WQMSP;0x6011:weapon:item-animation-code:SS:WQMSS;0x6011:weapon:item-animation-code:WH:WQMWH,CEFB1A1;CEFB1A2;CEFB1A3;CEFB1A4;CEFB1A5;CEFB1A6;CEFB1A7;CEFB1A8;CEFB1A9;CEFB1CA;CEFB1G1;CEFB1G11;CEFB1G12;CEFB1G13;CEFB1G14;CEFB1G15;CEFB1G16;CEFB1G17;CEFB1G18;CEFB1G19;CEFB1SA;CEFB1SS;CEFB1SX;CEFB2A1;CEFB2A2;CEFB2A3;CEFB2A4;CEFB2A5;CEFB2A6;CEFB2A7;CEFB2A8;CEFB2A9;CEFB2CA;CEFB2G1;CEFB2G11;CEFB2G12;CEFB2G13;CEFB2G14;CEFB2G15;CEFB2G16;CEFB2G17;CEFB2G18;CEFB2G19;CEFB2SA;CEFB2SS;CEFB2SX;CEFB3A1;CEFB3A2;CEFB3A3;CEFB3A4;CEFB3A5;CEFB3A6;CEFB3A7;CEFB3A8;CEFB3A9;CEFB3CA;CEFB3G1;CEFB3G11;CEFB3G12;CEFB3G13;CEFB3G14;CEFB3G15;CEFB3G16;CEFB3G17;CEFB3G18;CEFB3G19;CEFB3SA;CEFB3SS;CEFB3SX;CEFC4A1;CEFC4A2;CEFC4A3;CEFC4A4;CEFC4A5;CEFC4A6;CEFC4A7;CEFC4A8;CEFC4A9;CEFC4CA;CEFC4G1;CEFC4G11;CEFC4G12;CEFC4G13;CEFC4G14;CEFC4G15;CEFC4G16;CEFC4G17;CEFC4G18;CEFC4G19;CEFC4SA;CEFC4SS;CEFC4SX;WQMAXA1;WQMAXA3;WQMAXA5;WQMAXA7;WQMAXA8;WQMAXA9;WQMAXG1;WQMAXOA7;WQMAXOA8;WQMAXOA9;WQMAXOG1;WQMBSG1;WQMBSSA;WQMBWG1;WQMBWSA;WQMC0A1;WQMC0A3;WQMC0A5;WQMC0G1;WQMC0SS;WQMC1A1;WQMC1A3;WQMC1A5;WQMC1G1;WQMC1SS;WQMC2A1;WQMC2A3;WQMC2A5;WQMC2G1;WQMC2SS;WQMC3A1;WQMC3A3;WQMC3A5;WQMC3G1;WQMC3SS;WQMC4A1;WQMC4A3;WQMC4A5;WQMC4G1;WQMC4SS;WQMC5A1;WQMC5A3;WQMC5A5;WQMC5G1;WQMC5SS;WQMC6A1;WQMC6A3;WQMC6A5;WQMC6G1;WQMC6SS;WQMC7A1;WQMC7A3;WQMC7A5;WQMC7G1;WQMC7SS;WQMCBG1;WQMCBSX;WQMCLA1;WQMCLA3;WQMCLA5;WQMCLA7;WQMCLA8;WQMCLA9;WQMCLG1;WQMCLOA7;WQMCLOA8;WQMCLOA9;WQMCLOG1;WQMD1A1;WQMD1A3;WQMD1A5;WQMD1G1;WQMD1SS;WQMD2A1;WQMD2A3;WQMD2A5;WQMD2G1;WQMD2SS;WQMD3A1;WQMD3A3;WQMD3A5;WQMD3G1;WQMD3SS;WQMD4A1;WQMD4A3;WQMD4A5;WQMD4G1;WQMD4SS;WQMDDA1;WQMDDA3;WQMDDA5;WQMDDA7;WQMDDA8;WQMDDA9;WQMDDG1;WQMDDOA7;WQMDDOA8;WQMDDOA9;WQMDDOG1;WQMF0A1;WQMF0A3;WQMF0A5;WQMF0A7;WQMF0A8;WQMF0A9;WQMF0G1;WQMF0OA7;WQMF0OA8;WQMF0OA9;WQMF0OG1;WQMF1A1;WQMF1A3;WQMF1A5;WQMF1A7;WQMF1A8;WQMF1A9;WQMF1G1;WQMF1OA7;WQMF1OA8;WQMF1OA9;WQMF1OG1;WQMF2A1;WQMF2A3;WQMF2A5;WQMF2A7;WQMF2A8;WQMF2A9;WQMF2G1;WQMF2OA7;WQMF2OA8;WQMF2OA9;WQMF2OG1;WQMF3A1;WQMF3A3;WQMF3A5;WQMF3A7;WQMF3A8;WQMF3A9;WQMF3G1;WQMF3OA7;WQMF3OA8;WQMF3OA9;WQMF3OG1;WQMFLA1;WQMFLA3;WQMFLA5;WQMFLA7;WQMFLA8;WQMFLA9;WQMFLG1;WQMFLOA7;WQMFLOA8;WQMFLOA9;WQMFLOG1;WQMFSA1;WQMFSA3;WQMFSA5;WQMFSA7;WQMFSA8;WQMFSA9;WQMFSG1;WQMFSOA7;WQMFSOA8;WQMFSOA9;WQMFSOG1;WQMGSA2;WQMGSA4;WQMGSA6;WQMGSG1;WQMH0A1;WQMH0A2;WQMH0A3;WQMH0A4;WQMH0A5;WQMH0A6;WQMH0A7;WQMH0A8;WQMH0A9;WQMH0CA;WQMH0G1;WQMH0SA;WQMH0SS;WQMH0SX;WQMH1A1;WQMH1A2;WQMH1A3;WQMH1A4;WQMH1A5;WQMH1A6;WQMH1A7;WQMH1A8;WQMH1A9;WQMH1CA;WQMH1G1;WQMH1SA;WQMH1SS;WQMH1SX;WQMH2A1;WQMH2A2;WQMH2A3;WQMH2A4;WQMH2A5;WQMH2A6;WQMH2A7;WQMH2A8;WQMH2A9;WQMH2CA;WQMH2G1;WQMH2SA;WQMH2SS;WQMH2SX;WQMH5A1;WQMH5A2;WQMH5A3;WQMH5A4;WQMH5A5;WQMH5A6;WQMH5A7;WQMH5A8;WQMH5A9;WQMH5CA;WQMH5G1;WQMH5SA;WQMH5SS;WQMH5SX;WQMH6A1;WQMH6A2;WQMH6A3;WQMH6A4;WQMH6A5;WQMH6A6;WQMH6A7;WQMH6A8;WQMH6A9;WQMH6CA;WQMH6G1;WQMH6SA;WQMH6SS;WQMH6SX;WQMHBA2;WQMHBA4;WQMHBA6;WQMHBG1;WQMJ0A1;WQMJ0A2;WQMJ0A3;WQMJ0A4;WQMJ0A5;WQMJ0A6;WQMJ0A7;WQMJ0A8;WQMJ0A9;WQMJ0CA;WQMJ0G1;WQMJ0SA;WQMJ0SS;WQMJ0SX;WQMJ1A1;WQMJ1A2;WQMJ1A3;WQMJ1A4;WQMJ1A5;WQMJ1A6;WQMJ1A7;WQMJ1A8;WQMJ1A9;WQMJ1CA;WQMJ1G1;WQMJ1SA;WQMJ1SS;WQMJ1SX;WQMJ2A1;WQMJ2A2;WQMJ2A3;WQMJ2A4;WQMJ2A5;WQMJ2A6;WQMJ2A7;WQMJ2A8;WQMJ2A9;WQMJ2CA;WQMJ2G1;WQMJ2SA;WQMJ2SS;WQMJ2SX;WQMJ3A1;WQMJ3A2;WQMJ3A3;WQMJ3A4;WQMJ3A5;WQMJ3A6;WQMJ3A7;WQMJ3A8;WQMJ3A9;WQMJ3CA;WQMJ3G1;WQMJ3SA;WQMJ3SS;WQMJ3SX;WQMJ4A1;WQMJ4A2;WQMJ4A3;WQMJ4A4;WQMJ4A5;WQMJ4A6;WQMJ4A7;WQMJ4A8;WQMJ4A9;WQMJ4CA;WQMJ4G1;WQMJ4SA;WQMJ4SS;WQMJ4SX;WQMJ5A1;WQMJ5A2;WQMJ5A3;WQMJ5A4;WQMJ5A5;WQMJ5A6;WQMJ5A7;WQMJ5A8;WQMJ5A9;WQMJ5CA;WQMJ5G1;WQMJ5SA;WQMJ5SS;WQMJ5SX;WQMJ6A1;WQMJ6A2;WQMJ6A3;WQMJ6A4;WQMJ6A5;WQMJ6A6;WQMJ6A7;WQMJ6A8;WQMJ6A9;WQMJ6CA;WQMJ6G1;WQMJ6SA;WQMJ6SS;WQMJ6SX;WQMJ7A1;WQMJ7A2;WQMJ7A3;WQMJ7A4;WQMJ7A5;WQMJ7A6;WQMJ7A7;WQMJ7A8;WQMJ7A9;WQMJ7CA;WQMJ7G1;WQMJ7SA;WQMJ7SS;WQMJ7SX;WQMJ8A1;WQMJ8A2;WQMJ8A3;WQMJ8A4;WQMJ8A5;WQMJ8A6;WQMJ8A7;WQMJ8A8;WQMJ8A9;WQMJ8CA;WQMJ8G1;WQMJ8SA;WQMJ8SS;WQMJ8SX;WQMJ9A1;WQMJ9A2;WQMJ9A3;WQMJ9A4;WQMJ9A5;WQMJ9A6;WQMJ9A7;WQMJ9A8;WQMJ9A9;WQMJ9CA;WQMJ9G1;WQMJ9SA;WQMJ9SS;WQMJ9SX;WQMJAA1;WQMJAA2;WQMJAA3;WQMJAA4;WQMJAA5;WQMJAA6;WQMJAA7;WQMJAA8;WQMJAA9;WQMJACA;WQMJAG1;WQMJASA;WQMJASS;WQMJASX;WQMJBA1;WQMJBA2;WQMJBA3;WQMJBA4;WQMJBA5;WQMJBA6;WQMJBA7;WQMJBA8;WQMJBA9;WQMJBCA;WQMJBG1;WQMJBSA;WQMJBSS;WQMJBSX;WQMJCA1;WQMJCA2;WQMJCA3;WQMJCA4;WQMJCA5;WQMJCA6;WQMJCA7;WQMJCA8;WQMJCA9;WQMJCCA;WQMJCG1;WQMJCSA;WQMJCSS;WQMJCSX;WQMM2A1;WQMM2A3;WQMM2A5;WQMM2A7;WQMM2A8;WQMM2A9;WQMM2G1;WQMM2OA7;WQMM2OA8;WQMM2OA9;WQMM2OG1;WQMMCA1;WQMMCA3;WQMMCA5;WQMMCA7;WQMMCA8;WQMMCA9;WQMMCG1;WQMMCOA7;WQMMCOA8;WQMMCOA9;WQMMCOG1;WQMMSA1;WQMMSA3;WQMMSA5;WQMMSA7;WQMMSA8;WQMMSA9;WQMMSG1;WQMMSOA7;WQMMSOA8;WQMMSOA9;WQMMSOG1;WQMQ2A2;WQMQ2A4;WQMQ2A6;WQMQ2G1;WQMQ3A2;WQMQ3A4;WQMQ3A6;WQMQ3G1;WQMQ4A2;WQMQ4A4;WQMQ4A6;WQMQ4G1;WQMQSA2;WQMQSA4;WQMQSA6;WQMQSG1;WQMS0A1;WQMS0A3;WQMS0A5;WQMS0A7;WQMS0A8;WQMS0A9;WQMS0G1;WQMS0OA7;WQMS0OA8;WQMS0OA9;WQMS0OG1;WQMS1A1;WQMS1A3;WQMS1A5;WQMS1A7;WQMS1A8;WQMS1A9;WQMS1G1;WQMS1OA7;WQMS1OA8;WQMS1OA9;WQMS1OG1;WQMS2A2;WQMS2A4;WQMS2A6;WQMS2G1;WQMS3A1;WQMS3A3;WQMS3A5;WQMS3A7;WQMS3A8;WQMS3A9;WQMS3G1;WQMS3OA7;WQMS3OA8;WQMS3OA9;WQMS3OG1;WQMSCA1;WQMSCA3;WQMSCA5;WQMSCA7;WQMSCA8;WQMSCA9;WQMSCG1;WQMSCOA7;WQMSCOA8;WQMSCOA9;WQMSCOG1;WQMSLG1;WQMSLSS;WQMSPA2;WQMSPA4;WQMSPA6;WQMSPG1;WQMSSA1;WQMSSA3;WQMSSA5;WQMSSA7;WQMSSA8;WQMSSA9;WQMSSG1;WQMSSOA7;WQMSSOA8;WQMSSOA9;WQMSSOG1;WQMWHA1;WQMWHA3;WQMWHA5;WQMWHA7;WQMWHA8;WQMWHA9;WQMWHG1;WQMWHOA7;WQMWHOA8;WQMWHOA9;WQMWHOG1;WQMZWA1;WQMZWA2;WQMZWA3;WQMZWA4;WQMZWA5;WQMZWA6;WQMZWA7;WQMZWA8;WQMZWA9;WQMZWCA;WQMZWG1;WQMZWSA;WQMZWSS;WQMZWSX,q3m-reference-available,docs/measurements/playable-q3m-x2-ingame-20261002-v1/current-generation.json,no-colour-variant-reference,97378,97316,,sprite/index/palette-work-plan.json,97378
0x6012,CLERIC_FEMALE_DWARF,character,6000,1,1,CDFB,66,65,656,178357,0x6012:body:armor-code:1:CDFB1;0x6012:body:armor-code:2:CDFB2;0x6012:body:armor-code:3:CDFB3;0x6012:body:armor-code:4:CDFC4;0x6012:helmet:item-animation-code:H0:WQSH0;0x6012:helmet:item-animation-code:H1:WQSH1;0x6012:helmet:item-animation-code:H2:WQSH2;0x6012:helmet:item-animation-code:H5:WQSH5;0x6012:helmet:item-animation-code:J0:WQSJ0;0x6012:helmet:item-animation-code:J1:WQSJ1;0x6012:helmet:item-animation-code:J2:WQSJ2;0x6012:helmet:item-animation-code:J3:WQSJ3;0x6012:helmet:item-animation-code:J4:WQSJ4;0x6012:helmet:item-animation-code:J5:WQSJ5;0x6012:helmet:item-animation-code:J6:WQSJ6;0x6012:helmet:item-animation-code:J7:WQSJ7;0x6012:helmet:item-animation-code:J8:WQSJ8;0x6012:helmet:item-animation-code:J9:WQSJ9;0x6012:helmet:item-animation-code:JA:WQSJA;0x6012:helmet:item-animation-code:JB:WQSJB;0x6012:helmet:item-animation-code:JC:WQSJC;0x6012:helmet:item-animation-code:YW:WQSYW;0x6012:helmet:item-animation-code:ZW:WQSZW;0x6012:shield:item-animation-code:C0:WQSC0;0x6012:shield:item-animation-code:C1:WQSC1;0x6012:shield:item-animation-code:C2:WQSC2;0x6012:shield:item-animation-code:C3:WQSC3;0x6012:shield:item-animation-code:C4:WQSC4;0x6012:shield:item-animation-code:C5:WQSC5;0x6012:shield:item-animation-code:C6:WQSC6;0x6012:shield:item-animation-code:C7:WQSC7;0x6012:shield:item-animation-code:D1:WQSD1;0x6012:shield:item-animation-code:D2:WQSD2;0x6012:shield:item-animation-code:D3:WQSD3;0x6012:shield:item-animation-code:D4:WQSD4;0x6012:weapon:item-animation-code:AX:WQSAX;0x6012:weapon:item-animation-code:BS:WQSBS;0x6012:weapon:item-animation-code:BW:WQSBW;0x6012:weapon:item-animation-code:CB:WQSCB;0x6012:weapon:item-animation-code:CL:WQSCL;0x6012:weapon:item-animation-code:DD:WQSDD;0x6012:weapon:item-animation-code:F0:WQSF0;0x6012:weapon:item-animation-code:F1:WQSF1;0x6012:weapon:item-animation-code:F2:WQSF2;0x6012:weapon:item-animation-code:F3:WQSF3;0x6012:weapon:item-animation-code:FL:WQSFL;0x6012:weapon:item-animation-code:FS:WQSFS;0x6012:weapon:item-animation-code:GS:WQSGS;0x6012:weapon:item-animation-code:H6:WQSH6;0x6012:weapon:item-animation-code:HB:WQSHB;0x6012:weapon:item-animation-code:M2:WQSM2;0x6012:weapon:item-animation-code:MC:WQSMC;0x6012:weapon:item-animation-code:MS:WQSMS;0x6012:weapon:item-animation-code:Q2:WQSQ2;0x6012:weapon:item-animation-code:Q3:WQSQ3;0x6012:weapon:item-animation-code:Q4:WQSQ4;0x6012:weapon:item-animation-code:QS:WQSQS;0x6012:weapon:item-animation-code:S0:WQSS0;0x6012:weapon:item-animation-code:S1:WQSS1;0x6012:weapon:item-animation-code:S2:WQSS2;0x6012:weapon:item-animation-code:S3:WQSS3;0x6012:weapon:item-animation-code:SC:WQSSC;0x6012:weapon:item-animation-code:SL:WQSSL;0x6012:weapon:item-animation-code:SP:WQSSP;0x6012:weapon:item-animation-code:SS:WQSSS;0x6012:weapon:item-animation-code:WH:WQSWH,CDFB1A1;CDFB1A2;CDFB1A3;CDFB1A4;CDFB1A5;CDFB1A6;CDFB1A7;CDFB1A8;CDFB1A9;CDFB1CA;CDFB1G1;CDFB1G11;CDFB1G12;CDFB1G13;CDFB1G14;CDFB1G15;CDFB1G16;CDFB1G17;CDFB1G18;CDFB1G19;CDFB1SA;CDFB1SS;CDFB1SX;CDFB2A1;CDFB2A2;CDFB2A3;CDFB2A4;CDFB2A5;CDFB2A6;CDFB2A7;CDFB2A8;CDFB2A9;CDFB2CA;CDFB2G1;CDFB2G11;CDFB2G12;CDFB2G13;CDFB2G14;CDFB2G15;CDFB2G16;CDFB2G17;CDFB2G18;CDFB2G19;CDFB2SA;CDFB2SS;CDFB2SX;CDFB3A1;CDFB3A2;CDFB3A3;CDFB3A4;CDFB3A5;CDFB3A6;CDFB3A7;CDFB3A8;CDFB3A9;CDFB3CA;CDFB3G1;CDFB3G11;CDFB3G12;CDFB3G13;CDFB3G14;CDFB3G15;CDFB3G16;CDFB3G17;CDFB3G18;CDFB3G19;CDFB3SA;CDFB3SS;CDFB3SX;CDFC4A1;CDFC4A2;CDFC4A3;CDFC4A4;CDFC4A5;CDFC4A6;CDFC4A7;CDFC4A8;CDFC4A9;CDFC4CA;CDFC4G1;CDFC4G11;CDFC4G12;CDFC4G13;CDFC4G14;CDFC4G15;CDFC4G16;CDFC4G17;CDFC4G18;CDFC4G19;CDFC4SA;CDFC4SS;CDFC4SX;WQSAXA1;WQSAXA3;WQSAXA5;WQSAXA7;WQSAXA8;WQSAXA9;WQSAXG1;WQSAXOA7;WQSAXOA8;WQSAXOA9;WQSAXOG1;WQSBSG1;WQSBSSA;WQSBWG1;WQSBWSA;WQSC0A1;WQSC0A3;WQSC0A5;WQSC0G1;WQSC0SS;WQSC1A1;WQSC1A3;WQSC1A5;WQSC1G1;WQSC1SS;WQSC2A1;WQSC2A3;WQSC2A5;WQSC2G1;WQSC2SS;WQSC3A1;WQSC3A3;WQSC3A5;WQSC3G1;WQSC3SS;WQSC4A1;WQSC4A3;WQSC4A5;WQSC4G1;WQSC4SS;WQSC5A1;WQSC5A3;WQSC5A5;WQSC5G1;WQSC5SS;WQSC6A1;WQSC6A3;WQSC6A5;WQSC6G1;WQSC6SS;WQSC7A1;WQSC7A3;WQSC7A5;WQSC7G1;WQSC7SS;WQSCBG1;WQSCBSX;WQSCLA1;WQSCLA3;WQSCLA5;WQSCLA7;WQSCLA8;WQSCLA9;WQSCLG1;WQSCLOA7;WQSCLOA8;WQSCLOA9;WQSCLOG1;WQSD1A1;WQSD1A3;WQSD1A5;WQSD1G1;WQSD1SS;WQSD2A1;WQSD2A3;WQSD2A5;WQSD2G1;WQSD2SS;WQSD3A1;WQSD3A3;WQSD3A5;WQSD3G1;WQSD3SS;WQSD4A1;WQSD4A3;WQSD4A5;WQSD4G1;WQSD4SS;WQSDDA1;WQSDDA3;WQSDDA5;WQSDDA7;WQSDDA8;WQSDDA9;WQSDDG1;WQSDDOA7;WQSDDOA8;WQSDDOA9;WQSDDOG1;WQSF0A1;WQSF0A3;WQSF0A5;WQSF0A7;WQSF0A8;WQSF0A9;WQSF0G1;WQSF0OA7;WQSF0OA8;WQSF0OA9;WQSF0OG1;WQSF1A1;WQSF1A3;WQSF1A5;WQSF1A7;WQSF1A8;WQSF1A9;WQSF1G1;WQSF1OA7;WQSF1OA8;WQSF1OA9;WQSF1OG1;WQSF2A1;WQSF2A3;WQSF2A5;WQSF2A7;WQSF2A8;WQSF2A9;WQSF2G1;WQSF2OA7;WQSF2OA8;WQSF2OA9;WQSF2OG1;WQSF3A1;WQSF3A3;WQSF3A5;WQSF3A7;WQSF3A8;WQSF3A9;WQSF3G1;WQSF3OA7;WQSF3OA8;WQSF3OA9;WQSF3OG1;WQSFLA1;WQSFLA3;WQSFLA5;WQSFLA7;WQSFLA8;WQSFLA9;WQSFLG1;WQSFLOA7;WQSFLOA8;WQSFLOA9;WQSFLOG1;WQSFSA1;WQSFSA3;WQSFSA5;WQSFSA7;WQSFSA8;WQSFSA9;WQSFSG1;WQSFSOA7;WQSFSOA8;WQSFSOA9;WQSFSOG1;WQSGSA2;WQSGSA4;WQSGSA6;WQSGSG1;WQSH0A1;WQSH0A2;WQSH0A3;WQSH0A4;WQSH0A5;WQSH0A6;WQSH0A7;WQSH0A8;WQSH0A9;WQSH0CA;WQSH0G1;WQSH0SA;WQSH0SS;WQSH0SX;WQSH1A1;WQSH1A2;WQSH1A3;WQSH1A4;WQSH1A5;WQSH1A6;WQSH1A7;WQSH1A8;WQSH1A9;WQSH1CA;WQSH1G1;WQSH1SA;WQSH1SS;WQSH1SX;WQSH2A1;WQSH2A2;WQSH2A3;WQSH2A4;WQSH2A5;WQSH2A6;WQSH2A7;WQSH2A8;WQSH2A9;WQSH2CA;WQSH2G1;WQSH2SA;WQSH2SS;WQSH2SX;WQSH5A1;WQSH5A2;WQSH5A3;WQSH5A4;WQSH5A5;WQSH5A6;WQSH5A7;WQSH5A8;WQSH5A9;WQSH5CA;WQSH5G1;WQSH5SA;WQSH5SS;WQSH5SX;WQSH6A1;WQSH6A2;WQSH6A3;WQSH6A4;WQSH6A5;WQSH6A6;WQSH6A7;WQSH6A8;WQSH6A9;WQSH6CA;WQSH6G1;WQSH6SA;WQSH6SS;WQSH6SX;WQSHBA2;WQSHBA4;WQSHBA6;WQSHBG1;WQSJ0A1;WQSJ0A2;WQSJ0A3;WQSJ0A4;WQSJ0A5;WQSJ0A6;WQSJ0A7;WQSJ0A8;WQSJ0A9;WQSJ0CA;WQSJ0G1;WQSJ0SA;WQSJ0SS;WQSJ0SX;WQSJ1A1;WQSJ1A2;WQSJ1A3;WQSJ1A4;WQSJ1A5;WQSJ1A6;WQSJ1A7;WQSJ1A8;WQSJ1A9;WQSJ1CA;WQSJ1G1;WQSJ1SA;WQSJ1SS;WQSJ1SX;WQSJ2A1;WQSJ2A2;WQSJ2A3;WQSJ2A4;WQSJ2A5;WQSJ2A6;WQSJ2A7;WQSJ2A8;WQSJ2A9;WQSJ2CA;WQSJ2G1;WQSJ2SA;WQSJ2SS;WQSJ2SX;WQSJ3A1;WQSJ3A2;WQSJ3A3;WQSJ3A4;WQSJ3A5;WQSJ3A6;WQSJ3A7;WQSJ3A8;WQSJ3A9;WQSJ3CA;WQSJ3G1;WQSJ3SA;WQSJ3SS;WQSJ3SX;WQSJ4A1;WQSJ4A2;WQSJ4A3;WQSJ4A4;WQSJ4A5;WQSJ4A6;WQSJ4A7;WQSJ4A8;WQSJ4A9;WQSJ4CA;WQSJ4G1;WQSJ4SA;WQSJ4SS;WQSJ4SX;WQSJ5A1;WQSJ5A2;WQSJ5A3;WQSJ5A4;WQSJ5A5;WQSJ5A6;WQSJ5A7;WQSJ5A8;WQSJ5A9;WQSJ5CA;WQSJ5G1;WQSJ5SA;WQSJ5SS;WQSJ5SX;WQSJ6A1;WQSJ6A2;WQSJ6A3;WQSJ6A4;WQSJ6A5;WQSJ6A6;WQSJ6A7;WQSJ6A8;WQSJ6A9;WQSJ6CA;WQSJ6G1;WQSJ6SA;WQSJ6SS;WQSJ6SX;WQSJ7A1;WQSJ7A2;WQSJ7A3;WQSJ7A4;WQSJ7A5;WQSJ7A6;WQSJ7A7;WQSJ7A8;WQSJ7A9;WQSJ7CA;WQSJ7G1;WQSJ7SA;WQSJ7SS;WQSJ7SX;WQSJ8A1;WQSJ8A2;WQSJ8A3;WQSJ8A4;WQSJ8A5;WQSJ8A6;WQSJ8A7;WQSJ8A8;WQSJ8A9;WQSJ8CA;WQSJ8G1;WQSJ8SA;WQSJ8SS;WQSJ8SX;WQSJ9A1;WQSJ9A2;WQSJ9A3;WQSJ9A4;WQSJ9A5;WQSJ9A6;WQSJ9A7;WQSJ9A8;WQSJ9A9;WQSJ9CA;WQSJ9G1;WQSJ9SA;WQSJ9SS;WQSJ9SX;WQSJAA1;WQSJAA2;WQSJAA3;WQSJAA4;WQSJAA5;WQSJAA6;WQSJAA7;WQSJAA8;WQSJAA9;WQSJACA;WQSJAG1;WQSJASA;WQSJASS;WQSJASX;WQSJBA1;WQSJBA2;WQSJBA3;WQSJBA4;WQSJBA5;WQSJBA6;WQSJBA7;WQSJBA8;WQSJBA9;WQSJBCA;WQSJBG1;WQSJBSA;WQSJBSS;WQSJBSX;WQSJCA1;WQSJCA2;WQSJCA3;WQSJCA4;WQSJCA5;WQSJCA6;WQSJCA7;WQSJCA8;WQSJCA9;WQSJCCA;WQSJCG1;WQSJCSA;WQSJCSS;WQSJCSX;WQSM2A1;WQSM2A3;WQSM2A5;WQSM2A7;WQSM2A8;WQSM2A9;WQSM2G1;WQSM2OA7;WQSM2OA8;WQSM2OA9;WQSM2OG1;WQSMCA1;WQSMCA3;WQSMCA5;WQSMCA7;WQSMCA8;WQSMCA9;WQSMCG1;WQSMCOA7;WQSMCOA8;WQSMCOA9;WQSMCOG1;WQSMSA1;WQSMSA3;WQSMSA5;WQSMSA7;WQSMSA8;WQSMSA9;WQSMSG1;WQSMSOA7;WQSMSOA8;WQSMSOA9;WQSMSOG1;WQSQ2A2;WQSQ2A4;WQSQ2A6;WQSQ2G1;WQSQ3A2;WQSQ3A4;WQSQ3A6;WQSQ3G1;WQSQ4A2;WQSQ4A4;WQSQ4A6;WQSQ4G1;WQSQSA2;WQSQSA4;WQSQSA6;WQSQSG1;WQSS0A1;WQSS0A3;WQSS0A5;WQSS0A7;WQSS0A8;WQSS0A9;WQSS0G1;WQSS0OA7;WQSS0OA8;WQSS0OA9;WQSS0OG1;WQSS1A1;WQSS1A3;WQSS1A5;WQSS1A7;WQSS1A8;WQSS1A9;WQSS1G1;WQSS1OA7;WQSS1OA8;WQSS1OA9;WQSS1OG1;WQSS2A2;WQSS2A4;WQSS2A6;WQSS2G1;WQSS3A1;WQSS3A3;WQSS3A5;WQSS3A7;WQSS3A8;WQSS3A9;WQSS3G1;WQSS3OA7;WQSS3OA8;WQSS3OA9;WQSS3OG1;WQSSCA1;WQSSCA3;WQSSCA5;WQSSCA7;WQSSCA8;WQSSCA9;WQSSCG1;WQSSCOA7;WQSSCOA8;WQSSCOA9;WQSSCOG1;WQSSLG1;WQSSLSS;WQSSPA2;WQSSPA4;WQSSPA6;WQSSPG1;WQSSSA1;WQSSSA3;WQSSSA5;WQSSSA7;WQSSSA8;WQSSSA9;WQSSSG1;WQSSSOA7;WQSSSOA8;WQSSSOA9;WQSSSOG1;WQSWHA1;WQSWHA3;WQSWHA5;WQSWHA7;WQSWHA8;WQSWHA9;WQSWHG1;WQSWHOA7;WQSWHOA8;WQSWHOA9;WQSWHOG1;WQSZWA1;WQSZWA2;WQSZWA3;WQSZWA4;WQSZWA5;WQSZWA6;WQSZWA7;WQSZWA8;WQSZWA9;WQSZWCA;WQSZWG1;WQSZWSA;WQSZWSS;WQSZWSX,q3m-reference-available,docs/measurements/playable-q3m-x2-ingame-20261002-v1/current-generation.json,no-colour-variant-reference,94579,94506,,sprite/index/palette-work-plan.json,94579
0x6013,CLERIC_FEMALE_HALFLING,character,6000,1,1,CIFB,66,65,656,178357,0x6013:body:armor-code:1:CIFB1;0x6013:body:armor-code:2:CIFB2;0x6013:body:armor-code:3:CIFB3;0x6013:body:armor-code:4:CIFC4;0x6013:helmet:item-animation-code:H0:WQSH0;0x6013:helmet:item-animation-code:H1:WQSH1;0x6013:helmet:item-animation-code:H2:WQSH2;0x6013:helmet:item-animation-code:H5:WQSH5;0x6013:helmet:item-animation-code:J0:WQSJ0;0x6013:helmet:item-animation-code:J1:WQSJ1;0x6013:helmet:item-animation-code:J2:WQSJ2;0x6013:helmet:item-animation-code:J3:WQSJ3;0x6013:helmet:item-animation-code:J4:WQSJ4;0x6013:helmet:item-animation-code:J5:WQSJ5;0x6013:helmet:item-animation-code:J6:WQSJ6;0x6013:helmet:item-animation-code:J7:WQSJ7;0x6013:helmet:item-animation-code:J8:WQSJ8;0x6013:helmet:item-animation-code:J9:WQSJ9;0x6013:helmet:item-animation-code:JA:WQSJA;0x6013:helmet:item-animation-code:JB:WQSJB;0x6013:helmet:item-animation-code:JC:WQSJC;0x6013:helmet:item-animation-code:YW:WQSYW;0x6013:helmet:item-animation-code:ZW:WQSZW;0x6013:shield:item-animation-code:C0:WQSC0;0x6013:shield:item-animation-code:C1:WQSC1;0x6013:shield:item-animation-code:C2:WQSC2;0x6013:shield:item-animation-code:C3:WQSC3;0x6013:shield:item-animation-code:C4:WQSC4;0x6013:shield:item-animation-code:C5:WQSC5;0x6013:shield:item-animation-code:C6:WQSC6;0x6013:shield:item-animation-code:C7:WQSC7;0x6013:shield:item-animation-code:D1:WQSD1;0x6013:shield:item-animation-code:D2:WQSD2;0x6013:shield:item-animation-code:D3:WQSD3;0x6013:shield:item-animation-code:D4:WQSD4;0x6013:weapon:item-animation-code:AX:WQSAX;0x6013:weapon:item-animation-code:BS:WQSBS;0x6013:weapon:item-animation-code:BW:WQSBW;0x6013:weapon:item-animation-code:CB:WQSCB;0x6013:weapon:item-animation-code:CL:WQSCL;0x6013:weapon:item-animation-code:DD:WQSDD;0x6013:weapon:item-animation-code:F0:WQSF0;0x6013:weapon:item-animation-code:F1:WQSF1;0x6013:weapon:item-animation-code:F2:WQSF2;0x6013:weapon:item-animation-code:F3:WQSF3;0x6013:weapon:item-animation-code:FL:WQSFL;0x6013:weapon:item-animation-code:FS:WQSFS;0x6013:weapon:item-animation-code:GS:WQSGS;0x6013:weapon:item-animation-code:H6:WQSH6;0x6013:weapon:item-animation-code:HB:WQSHB;0x6013:weapon:item-animation-code:M2:WQSM2;0x6013:weapon:item-animation-code:MC:WQSMC;0x6013:weapon:item-animation-code:MS:WQSMS;0x6013:weapon:item-animation-code:Q2:WQSQ2;0x6013:weapon:item-animation-code:Q3:WQSQ3;0x6013:weapon:item-animation-code:Q4:WQSQ4;0x6013:weapon:item-animation-code:QS:WQSQS;0x6013:weapon:item-animation-code:S0:WQSS0;0x6013:weapon:item-animation-code:S1:WQSS1;0x6013:weapon:item-animation-code:S2:WQSS2;0x6013:weapon:item-animation-code:S3:WQSS3;0x6013:weapon:item-animation-code:SC:WQSSC;0x6013:weapon:item-animation-code:SL:WQSSL;0x6013:weapon:item-animation-code:SP:WQSSP;0x6013:weapon:item-animation-code:SS:WQSSS;0x6013:weapon:item-animation-code:WH:WQSWH,CIFB1A1;CIFB1A2;CIFB1A3;CIFB1A4;CIFB1A5;CIFB1A6;CIFB1A7;CIFB1A8;CIFB1A9;CIFB1CA;CIFB1G1;CIFB1G11;CIFB1G12;CIFB1G13;CIFB1G14;CIFB1G15;CIFB1G16;CIFB1G17;CIFB1G18;CIFB1G19;CIFB1SA;CIFB1SS;CIFB1SX;CIFB2A1;CIFB2A2;CIFB2A3;CIFB2A4;CIFB2A5;CIFB2A6;CIFB2A7;CIFB2A8;CIFB2A9;CIFB2CA;CIFB2G1;CIFB2G11;CIFB2G12;CIFB2G13;CIFB2G14;CIFB2G15;CIFB2G16;CIFB2G17;CIFB2G18;CIFB2G19;CIFB2SA;CIFB2SS;CIFB2SX;CIFB3A1;CIFB3A2;CIFB3A3;CIFB3A4;CIFB3A5;CIFB3A6;CIFB3A7;CIFB3A8;CIFB3A9;CIFB3CA;CIFB3G1;CIFB3G11;CIFB3G12;CIFB3G13;CIFB3G14;CIFB3G15;CIFB3G16;CIFB3G17;CIFB3G18;CIFB3G19;CIFB3SA;CIFB3SS;CIFB3SX;CIFC4A1;CIFC4A2;CIFC4A3;CIFC4A4;CIFC4A5;CIFC4A6;CIFC4A7;CIFC4A8;CIFC4A9;CIFC4CA;CIFC4G1;CIFC4G11;CIFC4G12;CIFC4G13;CIFC4G14;CIFC4G15;CIFC4G16;CIFC4G17;CIFC4G18;CIFC4G19;CIFC4SA;CIFC4SS;CIFC4SX;WQSAXA1;WQSAXA3;WQSAXA5;WQSAXA7;WQSAXA8;WQSAXA9;WQSAXG1;WQSAXOA7;WQSAXOA8;WQSAXOA9;WQSAXOG1;WQSBSG1;WQSBSSA;WQSBWG1;WQSBWSA;WQSC0A1;WQSC0A3;WQSC0A5;WQSC0G1;WQSC0SS;WQSC1A1;WQSC1A3;WQSC1A5;WQSC1G1;WQSC1SS;WQSC2A1;WQSC2A3;WQSC2A5;WQSC2G1;WQSC2SS;WQSC3A1;WQSC3A3;WQSC3A5;WQSC3G1;WQSC3SS;WQSC4A1;WQSC4A3;WQSC4A5;WQSC4G1;WQSC4SS;WQSC5A1;WQSC5A3;WQSC5A5;WQSC5G1;WQSC5SS;WQSC6A1;WQSC6A3;WQSC6A5;WQSC6G1;WQSC6SS;WQSC7A1;WQSC7A3;WQSC7A5;WQSC7G1;WQSC7SS;WQSCBG1;WQSCBSX;WQSCLA1;WQSCLA3;WQSCLA5;WQSCLA7;WQSCLA8;WQSCLA9;WQSCLG1;WQSCLOA7;WQSCLOA8;WQSCLOA9;WQSCLOG1;WQSD1A1;WQSD1A3;WQSD1A5;WQSD1G1;WQSD1SS;WQSD2A1;WQSD2A3;WQSD2A5;WQSD2G1;WQSD2SS;WQSD3A1;WQSD3A3;WQSD3A5;WQSD3G1;WQSD3SS;WQSD4A1;WQSD4A3;WQSD4A5;WQSD4G1;WQSD4SS;WQSDDA1;WQSDDA3;WQSDDA5;WQSDDA7;WQSDDA8;WQSDDA9;WQSDDG1;WQSDDOA7;WQSDDOA8;WQSDDOA9;WQSDDOG1;WQSF0A1;WQSF0A3;WQSF0A5;WQSF0A7;WQSF0A8;WQSF0A9;WQSF0G1;WQSF0OA7;WQSF0OA8;WQSF0OA9;WQSF0OG1;WQSF1A1;WQSF1A3;WQSF1A5;WQSF1A7;WQSF1A8;WQSF1A9;WQSF1G1;WQSF1OA7;WQSF1OA8;WQSF1OA9;WQSF1OG1;WQSF2A1;WQSF2A3;WQSF2A5;WQSF2A7;WQSF2A8;WQSF2A9;WQSF2G1;WQSF2OA7;WQSF2OA8;WQSF2OA9;WQSF2OG1;WQSF3A1;WQSF3A3;WQSF3A5;WQSF3A7;WQSF3A8;WQSF3A9;WQSF3G1;WQSF3OA7;WQSF3OA8;WQSF3OA9;WQSF3OG1;WQSFLA1;WQSFLA3;WQSFLA5;WQSFLA7;WQSFLA8;WQSFLA9;WQSFLG1;WQSFLOA7;WQSFLOA8;WQSFLOA9;WQSFLOG1;WQSFSA1;WQSFSA3;WQSFSA5;WQSFSA7;WQSFSA8;WQSFSA9;WQSFSG1;WQSFSOA7;WQSFSOA8;WQSFSOA9;WQSFSOG1;WQSGSA2;WQSGSA4;WQSGSA6;WQSGSG1;WQSH0A1;WQSH0A2;WQSH0A3;WQSH0A4;WQSH0A5;WQSH0A6;WQSH0A7;WQSH0A8;WQSH0A9;WQSH0CA;WQSH0G1;WQSH0SA;WQSH0SS;WQSH0SX;WQSH1A1;WQSH1A2;WQSH1A3;WQSH1A4;WQSH1A5;WQSH1A6;WQSH1A7;WQSH1A8;WQSH1A9;WQSH1CA;WQSH1G1;WQSH1SA;WQSH1SS;WQSH1SX;WQSH2A1;WQSH2A2;WQSH2A3;WQSH2A4;WQSH2A5;WQSH2A6;WQSH2A7;WQSH2A8;WQSH2A9;WQSH2CA;WQSH2G1;WQSH2SA;WQSH2SS;WQSH2SX;WQSH5A1;WQSH5A2;WQSH5A3;WQSH5A4;WQSH5A5;WQSH5A6;WQSH5A7;WQSH5A8;WQSH5A9;WQSH5CA;WQSH5G1;WQSH5SA;WQSH5SS;WQSH5SX;WQSH6A1;WQSH6A2;WQSH6A3;WQSH6A4;WQSH6A5;WQSH6A6;WQSH6A7;WQSH6A8;WQSH6A9;WQSH6CA;WQSH6G1;WQSH6SA;WQSH6SS;WQSH6SX;WQSHBA2;WQSHBA4;WQSHBA6;WQSHBG1;WQSJ0A1;WQSJ0A2;WQSJ0A3;WQSJ0A4;WQSJ0A5;WQSJ0A6;WQSJ0A7;WQSJ0A8;WQSJ0A9;WQSJ0CA;WQSJ0G1;WQSJ0SA;WQSJ0SS;WQSJ0SX;WQSJ1A1;WQSJ1A2;WQSJ1A3;WQSJ1A4;WQSJ1A5;WQSJ1A6;WQSJ1A7;WQSJ1A8;WQSJ1A9;WQSJ1CA;WQSJ1G1;WQSJ1SA;WQSJ1SS;WQSJ1SX;WQSJ2A1;WQSJ2A2;WQSJ2A3;WQSJ2A4;WQSJ2A5;WQSJ2A6;WQSJ2A7;WQSJ2A8;WQSJ2A9;WQSJ2CA;WQSJ2G1;WQSJ2SA;WQSJ2SS;WQSJ2SX;WQSJ3A1;WQSJ3A2;WQSJ3A3;WQSJ3A4;WQSJ3A5;WQSJ3A6;WQSJ3A7;WQSJ3A8;WQSJ3A9;WQSJ3CA;WQSJ3G1;WQSJ3SA;WQSJ3SS;WQSJ3SX;WQSJ4A1;WQSJ4A2;WQSJ4A3;WQSJ4A4;WQSJ4A5;WQSJ4A6;WQSJ4A7;WQSJ4A8;WQSJ4A9;WQSJ4CA;WQSJ4G1;WQSJ4SA;WQSJ4SS;WQSJ4SX;WQSJ5A1;WQSJ5A2;WQSJ5A3;WQSJ5A4;WQSJ5A5;WQSJ5A6;WQSJ5A7;WQSJ5A8;WQSJ5A9;WQSJ5CA;WQSJ5G1;WQSJ5SA;WQSJ5SS;WQSJ5SX;WQSJ6A1;WQSJ6A2;WQSJ6A3;WQSJ6A4;WQSJ6A5;WQSJ6A6;WQSJ6A7;WQSJ6A8;WQSJ6A9;WQSJ6CA;WQSJ6G1;WQSJ6SA;WQSJ6SS;WQSJ6SX;WQSJ7A1;WQSJ7A2;WQSJ7A3;WQSJ7A4;WQSJ7A5;WQSJ7A6;WQSJ7A7;WQSJ7A8;WQSJ7A9;WQSJ7CA;WQSJ7G1;WQSJ7SA;WQSJ7SS;WQSJ7SX;WQSJ8A1;WQSJ8A2;WQSJ8A3;WQSJ8A4;WQSJ8A5;WQSJ8A6;WQSJ8A7;WQSJ8A8;WQSJ8A9;WQSJ8CA;WQSJ8G1;WQSJ8SA;WQSJ8SS;WQSJ8SX;WQSJ9A1;WQSJ9A2;WQSJ9A3;WQSJ9A4;WQSJ9A5;WQSJ9A6;WQSJ9A7;WQSJ9A8;WQSJ9A9;WQSJ9CA;WQSJ9G1;WQSJ9SA;WQSJ9SS;WQSJ9SX;WQSJAA1;WQSJAA2;WQSJAA3;WQSJAA4;WQSJAA5;WQSJAA6;WQSJAA7;WQSJAA8;WQSJAA9;WQSJACA;WQSJAG1;WQSJASA;WQSJASS;WQSJASX;WQSJBA1;WQSJBA2;WQSJBA3;WQSJBA4;WQSJBA5;WQSJBA6;WQSJBA7;WQSJBA8;WQSJBA9;WQSJBCA;WQSJBG1;WQSJBSA;WQSJBSS;WQSJBSX;WQSJCA1;WQSJCA2;WQSJCA3;WQSJCA4;WQSJCA5;WQSJCA6;WQSJCA7;WQSJCA8;WQSJCA9;WQSJCCA;WQSJCG1;WQSJCSA;WQSJCSS;WQSJCSX;WQSM2A1;WQSM2A3;WQSM2A5;WQSM2A7;WQSM2A8;WQSM2A9;WQSM2G1;WQSM2OA7;WQSM2OA8;WQSM2OA9;WQSM2OG1;WQSMCA1;WQSMCA3;WQSMCA5;WQSMCA7;WQSMCA8;WQSMCA9;WQSMCG1;WQSMCOA7;WQSMCOA8;WQSMCOA9;WQSMCOG1;WQSMSA1;WQSMSA3;WQSMSA5;WQSMSA7;WQSMSA8;WQSMSA9;WQSMSG1;WQSMSOA7;WQSMSOA8;WQSMSOA9;WQSMSOG1;WQSQ2A2;WQSQ2A4;WQSQ2A6;WQSQ2G1;WQSQ3A2;WQSQ3A4;WQSQ3A6;WQSQ3G1;WQSQ4A2;WQSQ4A4;WQSQ4A6;WQSQ4G1;WQSQSA2;WQSQSA4;WQSQSA6;WQSQSG1;WQSS0A1;WQSS0A3;WQSS0A5;WQSS0A7;WQSS0A8;WQSS0A9;WQSS0G1;WQSS0OA7;WQSS0OA8;WQSS0OA9;WQSS0OG1;WQSS1A1;WQSS1A3;WQSS1A5;WQSS1A7;WQSS1A8;WQSS1A9;WQSS1G1;WQSS1OA7;WQSS1OA8;WQSS1OA9;WQSS1OG1;WQSS2A2;WQSS2A4;WQSS2A6;WQSS2G1;WQSS3A1;WQSS3A3;WQSS3A5;WQSS3A7;WQSS3A8;WQSS3A9;WQSS3G1;WQSS3OA7;WQSS3OA8;WQSS3OA9;WQSS3OG1;WQSSCA1;WQSSCA3;WQSSCA5;WQSSCA7;WQSSCA8;WQSSCA9;WQSSCG1;WQSSCOA7;WQSSCOA8;WQSSCOA9;WQSSCOG1;WQSSLG1;WQSSLSS;WQSSPA2;WQSSPA4;WQSSPA6;WQSSPG1;WQSSSA1;WQSSSA3;WQSSSA5;WQSSSA7;WQSSSA8;WQSSSA9;WQSSSG1;WQSSSOA7;WQSSSOA8;WQSSSOA9;WQSSSOG1;WQSWHA1;WQSWHA3;WQSWHA5;WQSWHA7;WQSWHA8;WQSWHA9;WQSWHG1;WQSWHOA7;WQSWHOA8;WQSWHOA9;WQSWHOG1;WQSZWA1;WQSZWA2;WQSZWA3;WQSZWA4;WQSZWA5;WQSZWA6;WQSZWA7;WQSZWA8;WQSZWA9;WQSZWCA;WQSZWG1;WQSZWSA;WQSZWSS;WQSZWSX,q3m-reference-available,docs/measurements/playable-q3m-x2-ingame-20261002-v1/current-generation.json,no-colour-variant-reference,93953,93880,,sprite/index/palette-work-plan.json,93953
0x6014,CLERIC_FEMALE_GNOME,character,6000,1,1,CIFB,66,53,596,161725,0x6014:body:armor-code:1:CIFB1;0x6014:body:armor-code:2:CIFB2;0x6014:body:armor-code:3:CIFB3;0x6014:body:armor-code:4:CIFC4;0x6014:helmet:item-animation-code:H0:WQSH0;0x6014:helmet:item-animation-code:H1:WQSH1;0x6014:helmet:item-animation-code:H2:WQSH2;0x6014:helmet:item-animation-code:H5:WQSH5;0x6014:helmet:item-animation-code:J0:WQSJ0;0x6014:helmet:item-animation-code:J1:WQSJ1;0x6014:helmet:item-animation-code:J2:WQSJ2;0x6014:helmet:item-animation-code:J3:WQSJ3;0x6014:helmet:item-animation-code:J4:WQSJ4;0x6014:helmet:item-animation-code:J5:WQSJ5;0x6014:helmet:item-animation-code:J6:WQSJ6;0x6014:helmet:item-animation-code:J7:WQSJ7;0x6014:helmet:item-animation-code:J8:WQSJ8;0x6014:helmet:item-animation-code:J9:WQSJ9;0x6014:helmet:item-animation-code:JA:WQSJA;0x6014:helmet:item-animation-code:JB:WQSJB;0x6014:helmet:item-animation-code:JC:WQSJC;0x6014:helmet:item-animation-code:YW:WQSYW;0x6014:helmet:item-animation-code:ZW:WQSZW;0x6014:shield:item-animation-code:C0:WQHC0;0x6014:shield:item-animation-code:C1:WQHC1;0x6014:shield:item-animation-code:C2:WQHC2;0x6014:shield:item-animation-code:C3:WQHC3;0x6014:shield:item-animation-code:C4:WQHC4;0x6014:shield:item-animation-code:C5:WQHC5;0x6014:shield:item-animation-code:C6:WQHC6;0x6014:shield:item-animation-code:C7:WQHC7;0x6014:shield:item-animation-code:D1:WQHD1;0x6014:shield:item-animation-code:D2:WQHD2;0x6014:shield:item-animation-code:D3:WQHD3;0x6014:shield:item-animation-code:D4:WQHD4;0x6014:weapon:item-animation-code:AX:WQSAX;0x6014:weapon:item-animation-code:BS:WQSBS;0x6014:weapon:item-animation-code:BW:WQSBW;0x6014:weapon:item-animation-code:CB:WQSCB;0x6014:weapon:item-animation-code:CL:WQSCL;0x6014:weapon:item-animation-code:DD:WQSDD;0x6014:weapon:item-animation-code:F0:WQSF0;0x6014:weapon:item-animation-code:F1:WQSF1;0x6014:weapon:item-animation-code:F2:WQSF2;0x6014:weapon:item-animation-code:F3:WQSF3;0x6014:weapon:item-animation-code:FL:WQSFL;0x6014:weapon:item-animation-code:FS:WQSFS;0x6014:weapon:item-animation-code:GS:WQSGS;0x6014:weapon:item-animation-code:H6:WQSH6;0x6014:weapon:item-animation-code:HB:WQSHB;0x6014:weapon:item-animation-code:M2:WQSM2;0x6014:weapon:item-animation-code:MC:WQSMC;0x6014:weapon:item-animation-code:MS:WQSMS;0x6014:weapon:item-animation-code:Q2:WQSQ2;0x6014:weapon:item-animation-code:Q3:WQSQ3;0x6014:weapon:item-animation-code:Q4:WQSQ4;0x6014:weapon:item-animation-code:QS:WQSQS;0x6014:weapon:item-animation-code:S0:WQSS0;0x6014:weapon:item-animation-code:S1:WQSS1;0x6014:weapon:item-animation-code:S2:WQSS2;0x6014:weapon:item-animation-code:S3:WQSS3;0x6014:weapon:item-animation-code:SC:WQSSC;0x6014:weapon:item-animation-code:SL:WQSSL;0x6014:weapon:item-animation-code:SP:WQSSP;0x6014:weapon:item-animation-code:SS:WQSSS;0x6014:weapon:item-animation-code:WH:WQSWH,CIFB1A1;CIFB1A2;CIFB1A3;CIFB1A4;CIFB1A5;CIFB1A6;CIFB1A7;CIFB1A8;CIFB1A9;CIFB1CA;CIFB1G1;CIFB1G11;CIFB1G12;CIFB1G13;CIFB1G14;CIFB1G15;CIFB1G16;CIFB1G17;CIFB1G18;CIFB1G19;CIFB1SA;CIFB1SS;CIFB1SX;CIFB2A1;CIFB2A2;CIFB2A3;CIFB2A4;CIFB2A5;CIFB2A6;CIFB2A7;CIFB2A8;CIFB2A9;CIFB2CA;CIFB2G1;CIFB2G11;CIFB2G12;CIFB2G13;CIFB2G14;CIFB2G15;CIFB2G16;CIFB2G17;CIFB2G18;CIFB2G19;CIFB2SA;CIFB2SS;CIFB2SX;CIFB3A1;CIFB3A2;CIFB3A3;CIFB3A4;CIFB3A5;CIFB3A6;CIFB3A7;CIFB3A8;CIFB3A9;CIFB3CA;CIFB3G1;CIFB3G11;CIFB3G12;CIFB3G13;CIFB3G14;CIFB3G15;CIFB3G16;CIFB3G17;CIFB3G18;CIFB3G19;CIFB3SA;CIFB3SS;CIFB3SX;CIFC4A1;CIFC4A2;CIFC4A3;CIFC4A4;CIFC4A5;CIFC4A6;CIFC4A7;CIFC4A8;CIFC4A9;CIFC4CA;CIFC4G1;CIFC4G11;CIFC4G12;CIFC4G13;CIFC4G14;CIFC4G15;CIFC4G16;CIFC4G17;CIFC4G18;CIFC4G19;CIFC4SA;CIFC4SS;CIFC4SX;WQSAXA1;WQSAXA3;WQSAXA5;WQSAXA7;WQSAXA8;WQSAXA9;WQSAXG1;WQSAXOA7;WQSAXOA8;WQSAXOA9;WQSAXOG1;WQSBSG1;WQSBSSA;WQSBWG1;WQSBWSA;WQSCBG1;WQSCBSX;WQSCLA1;WQSCLA3;WQSCLA5;WQSCLA7;WQSCLA8;WQSCLA9;WQSCLG1;WQSCLOA7;WQSCLOA8;WQSCLOA9;WQSCLOG1;WQSDDA1;WQSDDA3;WQSDDA5;WQSDDA7;WQSDDA8;WQSDDA9;WQSDDG1;WQSDDOA7;WQSDDOA8;WQSDDOA9;WQSDDOG1;WQSF0A1;WQSF0A3;WQSF0A5;WQSF0A7;WQSF0A8;WQSF0A9;WQSF0G1;WQSF0OA7;WQSF0OA8;WQSF0OA9;WQSF0OG1;WQSF1A1;WQSF1A3;WQSF1A5;WQSF1A7;WQSF1A8;WQSF1A9;WQSF1G1;WQSF1OA7;WQSF1OA8;WQSF1OA9;WQSF1OG1;WQSF2A1;WQSF2A3;WQSF2A5;WQSF2A7;WQSF2A8;WQSF2A9;WQSF2G1;WQSF2OA7;WQSF2OA8;WQSF2OA9;WQSF2OG1;WQSF3A1;WQSF3A3;WQSF3A5;WQSF3A7;WQSF3A8;WQSF3A9;WQSF3G1;WQSF3OA7;WQSF3OA8;WQSF3OA9;WQSF3OG1;WQSFLA1;WQSFLA3;WQSFLA5;WQSFLA7;WQSFLA8;WQSFLA9;WQSFLG1;WQSFLOA7;WQSFLOA8;WQSFLOA9;WQSFLOG1;WQSFSA1;WQSFSA3;WQSFSA5;WQSFSA7;WQSFSA8;WQSFSA9;WQSFSG1;WQSFSOA7;WQSFSOA8;WQSFSOA9;WQSFSOG1;WQSGSA2;WQSGSA4;WQSGSA6;WQSGSG1;WQSH0A1;WQSH0A2;WQSH0A3;WQSH0A4;WQSH0A5;WQSH0A6;WQSH0A7;WQSH0A8;WQSH0A9;WQSH0CA;WQSH0G1;WQSH0SA;WQSH0SS;WQSH0SX;WQSH1A1;WQSH1A2;WQSH1A3;WQSH1A4;WQSH1A5;WQSH1A6;WQSH1A7;WQSH1A8;WQSH1A9;WQSH1CA;WQSH1G1;WQSH1SA;WQSH1SS;WQSH1SX;WQSH2A1;WQSH2A2;WQSH2A3;WQSH2A4;WQSH2A5;WQSH2A6;WQSH2A7;WQSH2A8;WQSH2A9;WQSH2CA;WQSH2G1;WQSH2SA;WQSH2SS;WQSH2SX;WQSH5A1;WQSH5A2;WQSH5A3;WQSH5A4;WQSH5A5;WQSH5A6;WQSH5A7;WQSH5A8;WQSH5A9;WQSH5CA;WQSH5G1;WQSH5SA;WQSH5SS;WQSH5SX;WQSH6A1;WQSH6A2;WQSH6A3;WQSH6A4;WQSH6A5;WQSH6A6;WQSH6A7;WQSH6A8;WQSH6A9;WQSH6CA;WQSH6G1;WQSH6SA;WQSH6SS;WQSH6SX;WQSHBA2;WQSHBA4;WQSHBA6;WQSHBG1;WQSJ0A1;WQSJ0A2;WQSJ0A3;WQSJ0A4;WQSJ0A5;WQSJ0A6;WQSJ0A7;WQSJ0A8;WQSJ0A9;WQSJ0CA;WQSJ0G1;WQSJ0SA;WQSJ0SS;WQSJ0SX;WQSJ1A1;WQSJ1A2;WQSJ1A3;WQSJ1A4;WQSJ1A5;WQSJ1A6;WQSJ1A7;WQSJ1A8;WQSJ1A9;WQSJ1CA;WQSJ1G1;WQSJ1SA;WQSJ1SS;WQSJ1SX;WQSJ2A1;WQSJ2A2;WQSJ2A3;WQSJ2A4;WQSJ2A5;WQSJ2A6;WQSJ2A7;WQSJ2A8;WQSJ2A9;WQSJ2CA;WQSJ2G1;WQSJ2SA;WQSJ2SS;WQSJ2SX;WQSJ3A1;WQSJ3A2;WQSJ3A3;WQSJ3A4;WQSJ3A5;WQSJ3A6;WQSJ3A7;WQSJ3A8;WQSJ3A9;WQSJ3CA;WQSJ3G1;WQSJ3SA;WQSJ3SS;WQSJ3SX;WQSJ4A1;WQSJ4A2;WQSJ4A3;WQSJ4A4;WQSJ4A5;WQSJ4A6;WQSJ4A7;WQSJ4A8;WQSJ4A9;WQSJ4CA;WQSJ4G1;WQSJ4SA;WQSJ4SS;WQSJ4SX;WQSJ5A1;WQSJ5A2;WQSJ5A3;WQSJ5A4;WQSJ5A5;WQSJ5A6;WQSJ5A7;WQSJ5A8;WQSJ5A9;WQSJ5CA;WQSJ5G1;WQSJ5SA;WQSJ5SS;WQSJ5SX;WQSJ6A1;WQSJ6A2;WQSJ6A3;WQSJ6A4;WQSJ6A5;WQSJ6A6;WQSJ6A7;WQSJ6A8;WQSJ6A9;WQSJ6CA;WQSJ6G1;WQSJ6SA;WQSJ6SS;WQSJ6SX;WQSJ7A1;WQSJ7A2;WQSJ7A3;WQSJ7A4;WQSJ7A5;WQSJ7A6;WQSJ7A7;WQSJ7A8;WQSJ7A9;WQSJ7CA;WQSJ7G1;WQSJ7SA;WQSJ7SS;WQSJ7SX;WQSJ8A1;WQSJ8A2;WQSJ8A3;WQSJ8A4;WQSJ8A5;WQSJ8A6;WQSJ8A7;WQSJ8A8;WQSJ8A9;WQSJ8CA;WQSJ8G1;WQSJ8SA;WQSJ8SS;WQSJ8SX;WQSJ9A1;WQSJ9A2;WQSJ9A3;WQSJ9A4;WQSJ9A5;WQSJ9A6;WQSJ9A7;WQSJ9A8;WQSJ9A9;WQSJ9CA;WQSJ9G1;WQSJ9SA;WQSJ9SS;WQSJ9SX;WQSJAA1;WQSJAA2;WQSJAA3;WQSJAA4;WQSJAA5;WQSJAA6;WQSJAA7;WQSJAA8;WQSJAA9;WQSJACA;WQSJAG1;WQSJASA;WQSJASS;WQSJASX;WQSJBA1;WQSJBA2;WQSJBA3;WQSJBA4;WQSJBA5;WQSJBA6;WQSJBA7;WQSJBA8;WQSJBA9;WQSJBCA;WQSJBG1;WQSJBSA;WQSJBSS;WQSJBSX;WQSJCA1;WQSJCA2;WQSJCA3;WQSJCA4;WQSJCA5;WQSJCA6;WQSJCA7;WQSJCA8;WQSJCA9;WQSJCCA;WQSJCG1;WQSJCSA;WQSJCSS;WQSJCSX;WQSM2A1;WQSM2A3;WQSM2A5;WQSM2A7;WQSM2A8;WQSM2A9;WQSM2G1;WQSM2OA7;WQSM2OA8;WQSM2OA9;WQSM2OG1;WQSMCA1;WQSMCA3;WQSMCA5;WQSMCA7;WQSMCA8;WQSMCA9;WQSMCG1;WQSMCOA7;WQSMCOA8;WQSMCOA9;WQSMCOG1;WQSMSA1;WQSMSA3;WQSMSA5;WQSMSA7;WQSMSA8;WQSMSA9;WQSMSG1;WQSMSOA7;WQSMSOA8;WQSMSOA9;WQSMSOG1;WQSQ2A2;WQSQ2A4;WQSQ2A6;WQSQ2G1;WQSQ3A2;WQSQ3A4;WQSQ3A6;WQSQ3G1;WQSQ4A2;WQSQ4A4;WQSQ4A6;WQSQ4G1;WQSQSA2;WQSQSA4;WQSQSA6;WQSQSG1;WQSS0A1;WQSS0A3;WQSS0A5;WQSS0A7;WQSS0A8;WQSS0A9;WQSS0G1;WQSS0OA7;WQSS0OA8;WQSS0OA9;WQSS0OG1;WQSS1A1;WQSS1A3;WQSS1A5;WQSS1A7;WQSS1A8;WQSS1A9;WQSS1G1;WQSS1OA7;WQSS1OA8;WQSS1OA9;WQSS1OG1;WQSS2A2;WQSS2A4;WQSS2A6;WQSS2G1;WQSS3A1;WQSS3A3;WQSS3A5;WQSS3A7;WQSS3A8;WQSS3A9;WQSS3G1;WQSS3OA7;WQSS3OA8;WQSS3OA9;WQSS3OG1;WQSSCA1;WQSSCA3;WQSSCA5;WQSSCA7;WQSSCA8;WQSSCA9;WQSSCG1;WQSSCOA7;WQSSCOA8;WQSSCOA9;WQSSCOG1;WQSSLG1;WQSSLSS;WQSSPA2;WQSSPA4;WQSSPA6;WQSSPG1;WQSSSA1;WQSSSA3;WQSSSA5;WQSSSA7;WQSSSA8;WQSSSA9;WQSSSG1;WQSSSOA7;WQSSSOA8;WQSSSOA9;WQSSSOG1;WQSWHA1;WQSWHA3;WQSWHA5;WQSWHA7;WQSWHA8;WQSWHA9;WQSWHG1;WQSWHOA7;WQSWHOA8;WQSWHOA9;WQSWHOG1;WQSZWA1;WQSZWA2;WQSZWA3;WQSZWA4;WQSZWA5;WQSZWA6;WQSZWA7;WQSZWA8;WQSZWA9;WQSZWCA;WQSZWG1;WQSZWSA;WQSZWSS;WQSZWSX,q3m-reference-available,docs/measurements/playable-q3m-x2-ingame-20261002-v1/current-generation.json,no-colour-variant-reference,79471,79400,,sprite/index/palette-work-plan.json,79471
0x6015,CLERIC_FEMALE_HALFORC,character,6000,1,1,CHFB,66,65,656,178360,0x6015:body:armor-code:1:CHFB1;0x6015:body:armor-code:2:CHFB2;0x6015:body:armor-code:3:CHFB3;0x6015:body:armor-code:4:CHFC4;0x6015:helmet:item-animation-code:H0:WQNH0;0x6015:helmet:item-animation-code:H1:WQNH1;0x6015:helmet:item-animation-code:H2:WQNH2;0x6015:helmet:item-animation-code:H5:WQNH5;0x6015:helmet:item-animation-code:J0:WQNJ0;0x6015:helmet:item-animation-code:J1:WQNJ1;0x6015:helmet:item-animation-code:J2:WQNJ2;0x6015:helmet:item-animation-code:J3:WQNJ3;0x6015:helmet:item-animation-code:J4:WQNJ4;0x6015:helmet:item-animation-code:J5:WQNJ5;0x6015:helmet:item-animation-code:J6:WQNJ6;0x6015:helmet:item-animation-code:J7:WQNJ7;0x6015:helmet:item-animation-code:J8:WQNJ8;0x6015:helmet:item-animation-code:J9:WQNJ9;0x6015:helmet:item-animation-code:JA:WQNJA;0x6015:helmet:item-animation-code:JB:WQNJB;0x6015:helmet:item-animation-code:JC:WQNJC;0x6015:helmet:item-animation-code:YW:WQNYW;0x6015:helmet:item-animation-code:ZW:WQNZW;0x6015:shield:item-animation-code:C0:WQNC0;0x6015:shield:item-animation-code:C1:WQNC1;0x6015:shield:item-animation-code:C2:WQNC2;0x6015:shield:item-animation-code:C3:WQNC3;0x6015:shield:item-animation-code:C4:WQNC4;0x6015:shield:item-animation-code:C5:WQNC5;0x6015:shield:item-animation-code:C6:WQNC6;0x6015:shield:item-animation-code:C7:WQNC7;0x6015:shield:item-animation-code:D1:WQND1;0x6015:shield:item-animation-code:D2:WQND2;0x6015:shield:item-animation-code:D3:WQND3;0x6015:shield:item-animation-code:D4:WQND4;0x6015:weapon:item-animation-code:AX:WQNAX;0x6015:weapon:item-animation-code:BS:WQNBS;0x6015:weapon:item-animation-code:BW:WQNBW;0x6015:weapon:item-animation-code:CB:WQNCB;0x6015:weapon:item-animation-code:CL:WQNCL;0x6015:weapon:item-animation-code:DD:WQNDD;0x6015:weapon:item-animation-code:F0:WQNF0;0x6015:weapon:item-animation-code:F1:WQNF1;0x6015:weapon:item-animation-code:F2:WQNF2;0x6015:weapon:item-animation-code:F3:WQNF3;0x6015:weapon:item-animation-code:FL:WQNFL;0x6015:weapon:item-animation-code:FS:WQNFS;0x6015:weapon:item-animation-code:GS:WQNGS;0x6015:weapon:item-animation-code:H6:WQNH6;0x6015:weapon:item-animation-code:HB:WQNHB;0x6015:weapon:item-animation-code:M2:WQNM2;0x6015:weapon:item-animation-code:MC:WQNMC;0x6015:weapon:item-animation-code:MS:WQNMS;0x6015:weapon:item-animation-code:Q2:WQNQ2;0x6015:weapon:item-animation-code:Q3:WQNQ3;0x6015:weapon:item-animation-code:Q4:WQNQ4;0x6015:weapon:item-animation-code:QS:WQNQS;0x6015:weapon:item-animation-code:S0:WQNS0;0x6015:weapon:item-animation-code:S1:WQNS1;0x6015:weapon:item-animation-code:S2:WQNS2;0x6015:weapon:item-animation-code:S3:WQNS3;0x6015:weapon:item-animation-code:SC:WQNSC;0x6015:weapon:item-animation-code:SL:WQNSL;0x6015:weapon:item-animation-code:SP:WQNSP;0x6015:weapon:item-animation-code:SS:WQNSS;0x6015:weapon:item-animation-code:WH:WQNWH,CHFB1A1;CHFB1A2;CHFB1A3;CHFB1A4;CHFB1A5;CHFB1A6;CHFB1A7;CHFB1A8;CHFB1A9;CHFB1CA;CHFB1G1;CHFB1G11;CHFB1G12;CHFB1G13;CHFB1G14;CHFB1G15;CHFB1G16;CHFB1G17;CHFB1G18;CHFB1G19;CHFB1SA;CHFB1SS;CHFB1SX;CHFB2A1;CHFB2A2;CHFB2A3;CHFB2A4;CHFB2A5;CHFB2A6;CHFB2A7;CHFB2A8;CHFB2A9;CHFB2CA;CHFB2G1;CHFB2G11;CHFB2G12;CHFB2G13;CHFB2G14;CHFB2G15;CHFB2G16;CHFB2G17;CHFB2G18;CHFB2G19;CHFB2SA;CHFB2SS;CHFB2SX;CHFB3A1;CHFB3A2;CHFB3A3;CHFB3A4;CHFB3A5;CHFB3A6;CHFB3A7;CHFB3A8;CHFB3A9;CHFB3CA;CHFB3G1;CHFB3G11;CHFB3G12;CHFB3G13;CHFB3G14;CHFB3G15;CHFB3G16;CHFB3G17;CHFB3G18;CHFB3G19;CHFB3SA;CHFB3SS;CHFB3SX;CHFC4A1;CHFC4A2;CHFC4A3;CHFC4A4;CHFC4A5;CHFC4A6;CHFC4A7;CHFC4A8;CHFC4A9;CHFC4CA;CHFC4G1;CHFC4G11;CHFC4G12;CHFC4G13;CHFC4G14;CHFC4G15;CHFC4G16;CHFC4G17;CHFC4G18;CHFC4G19;CHFC4SA;CHFC4SS;CHFC4SX;WQNAXA1;WQNAXA3;WQNAXA5;WQNAXA7;WQNAXA8;WQNAXA9;WQNAXG1;WQNAXOA7;WQNAXOA8;WQNAXOA9;WQNAXOG1;WQNBSG1;WQNBSSA;WQNBWG1;WQNBWSA;WQNC0A1;WQNC0A3;WQNC0A5;WQNC0G1;WQNC0SS;WQNC1A1;WQNC1A3;WQNC1A5;WQNC1G1;WQNC1SS;WQNC2A1;WQNC2A3;WQNC2A5;WQNC2G1;WQNC2SS;WQNC3A1;WQNC3A3;WQNC3A5;WQNC3G1;WQNC3SS;WQNC4A1;WQNC4A3;WQNC4A5;WQNC4G1;WQNC4SS;WQNC5A1;WQNC5A3;WQNC5A5;WQNC5G1;WQNC5SS;WQNC6A1;WQNC6A3;WQNC6A5;WQNC6G1;WQNC6SS;WQNC7A1;WQNC7A3;WQNC7A5;WQNC7G1;WQNC7SS;WQNCBG1;WQNCBSX;WQNCLA1;WQNCLA3;WQNCLA5;WQNCLA7;WQNCLA8;WQNCLA9;WQNCLG1;WQNCLOA7;WQNCLOA8;WQNCLOA9;WQNCLOG1;WQND1A1;WQND1A3;WQND1A5;WQND1G1;WQND1SS;WQND2A1;WQND2A3;WQND2A5;WQND2G1;WQND2SS;WQND3A1;WQND3A3;WQND3A5;WQND3G1;WQND3SS;WQND4A1;WQND4A3;WQND4A5;WQND4G1;WQND4SS;WQNDDA1;WQNDDA3;WQNDDA5;WQNDDA7;WQNDDA8;WQNDDA9;WQNDDG1;WQNDDOA7;WQNDDOA8;WQNDDOA9;WQNDDOG1;WQNF0A1;WQNF0A3;WQNF0A5;WQNF0A7;WQNF0A8;WQNF0A9;WQNF0G1;WQNF0OA7;WQNF0OA8;WQNF0OA9;WQNF0OG1;WQNF1A1;WQNF1A3;WQNF1A5;WQNF1A7;WQNF1A8;WQNF1A9;WQNF1G1;WQNF1OA7;WQNF1OA8;WQNF1OA9;WQNF1OG1;WQNF2A1;WQNF2A3;WQNF2A5;WQNF2A7;WQNF2A8;WQNF2A9;WQNF2G1;WQNF2OA7;WQNF2OA8;WQNF2OA9;WQNF2OG1;WQNF3A1;WQNF3A3;WQNF3A5;WQNF3A7;WQNF3A8;WQNF3A9;WQNF3G1;WQNF3OA7;WQNF3OA8;WQNF3OA9;WQNF3OG1;WQNFLA1;WQNFLA3;WQNFLA5;WQNFLA7;WQNFLA8;WQNFLA9;WQNFLG1;WQNFLOA7;WQNFLOA8;WQNFLOA9;WQNFLOG1;WQNFSA1;WQNFSA3;WQNFSA5;WQNFSA7;WQNFSA8;WQNFSA9;WQNFSG1;WQNFSOA7;WQNFSOA8;WQNFSOA9;WQNFSOG1;WQNGSA2;WQNGSA4;WQNGSA6;WQNGSG1;WQNH0A1;WQNH0A2;WQNH0A3;WQNH0A4;WQNH0A5;WQNH0A6;WQNH0A7;WQNH0A8;WQNH0A9;WQNH0CA;WQNH0G1;WQNH0SA;WQNH0SS;WQNH0SX;WQNH1A1;WQNH1A2;WQNH1A3;WQNH1A4;WQNH1A5;WQNH1A6;WQNH1A7;WQNH1A8;WQNH1A9;WQNH1CA;WQNH1G1;WQNH1SA;WQNH1SS;WQNH1SX;WQNH2A1;WQNH2A2;WQNH2A3;WQNH2A4;WQNH2A5;WQNH2A6;WQNH2A7;WQNH2A8;WQNH2A9;WQNH2CA;WQNH2G1;WQNH2SA;WQNH2SS;WQNH2SX;WQNH5A1;WQNH5A2;WQNH5A3;WQNH5A4;WQNH5A5;WQNH5A6;WQNH5A7;WQNH5A8;WQNH5A9;WQNH5CA;WQNH5G1;WQNH5SA;WQNH5SS;WQNH5SX;WQNH6A1;WQNH6A2;WQNH6A3;WQNH6A4;WQNH6A5;WQNH6A6;WQNH6A7;WQNH6A8;WQNH6A9;WQNH6CA;WQNH6G1;WQNH6SA;WQNH6SS;WQNH6SX;WQNHBA2;WQNHBA4;WQNHBA6;WQNHBG1;WQNJ0A1;WQNJ0A2;WQNJ0A3;WQNJ0A4;WQNJ0A5;WQNJ0A6;WQNJ0A7;WQNJ0A8;WQNJ0A9;WQNJ0CA;WQNJ0G1;WQNJ0SA;WQNJ0SS;WQNJ0SX;WQNJ1A1;WQNJ1A2;WQNJ1A3;WQNJ1A4;WQNJ1A5;WQNJ1A6;WQNJ1A7;WQNJ1A8;WQNJ1A9;WQNJ1CA;WQNJ1G1;WQNJ1SA;WQNJ1SS;WQNJ1SX;WQNJ2A1;WQNJ2A2;WQNJ2A3;WQNJ2A4;WQNJ2A5;WQNJ2A6;WQNJ2A7;WQNJ2A8;WQNJ2A9;WQNJ2CA;WQNJ2G1;WQNJ2SA;WQNJ2SS;WQNJ2SX;WQNJ3A1;WQNJ3A2;WQNJ3A3;WQNJ3A4;WQNJ3A5;WQNJ3A6;WQNJ3A7;WQNJ3A8;WQNJ3A9;WQNJ3CA;WQNJ3G1;WQNJ3SA;WQNJ3SS;WQNJ3SX;WQNJ4A1;WQNJ4A2;WQNJ4A3;WQNJ4A4;WQNJ4A5;WQNJ4A6;WQNJ4A7;WQNJ4A8;WQNJ4A9;WQNJ4CA;WQNJ4G1;WQNJ4SA;WQNJ4SS;WQNJ4SX;WQNJ5A1;WQNJ5A2;WQNJ5A3;WQNJ5A4;WQNJ5A5;WQNJ5A6;WQNJ5A7;WQNJ5A8;WQNJ5A9;WQNJ5CA;WQNJ5G1;WQNJ5SA;WQNJ5SS;WQNJ5SX;WQNJ6A1;WQNJ6A2;WQNJ6A3;WQNJ6A4;WQNJ6A5;WQNJ6A6;WQNJ6A7;WQNJ6A8;WQNJ6A9;WQNJ6CA;WQNJ6G1;WQNJ6SA;WQNJ6SS;WQNJ6SX;WQNJ7A1;WQNJ7A2;WQNJ7A3;WQNJ7A4;WQNJ7A5;WQNJ7A6;WQNJ7A7;WQNJ7A8;WQNJ7A9;WQNJ7CA;WQNJ7G1;WQNJ7SA;WQNJ7SS;WQNJ7SX;WQNJ8A1;WQNJ8A2;WQNJ8A3;WQNJ8A4;WQNJ8A5;WQNJ8A6;WQNJ8A7;WQNJ8A8;WQNJ8A9;WQNJ8CA;WQNJ8G1;WQNJ8SA;WQNJ8SS;WQNJ8SX;WQNJ9A1;WQNJ9A2;WQNJ9A3;WQNJ9A4;WQNJ9A5;WQNJ9A6;WQNJ9A7;WQNJ9A8;WQNJ9A9;WQNJ9CA;WQNJ9G1;WQNJ9SA;WQNJ9SS;WQNJ9SX;WQNJAA1;WQNJAA2;WQNJAA3;WQNJAA4;WQNJAA5;WQNJAA6;WQNJAA7;WQNJAA8;WQNJAA9;WQNJACA;WQNJAG1;WQNJASA;WQNJASS;WQNJASX;WQNJBA1;WQNJBA2;WQNJBA3;WQNJBA4;WQNJBA5;WQNJBA6;WQNJBA7;WQNJBA8;WQNJBA9;WQNJBCA;WQNJBG1;WQNJBSA;WQNJBSS;WQNJBSX;WQNJCA1;WQNJCA2;WQNJCA3;WQNJCA4;WQNJCA5;WQNJCA6;WQNJCA7;WQNJCA8;WQNJCA9;WQNJCCA;WQNJCG1;WQNJCSA;WQNJCSS;WQNJCSX;WQNM2A1;WQNM2A3;WQNM2A5;WQNM2A7;WQNM2A8;WQNM2A9;WQNM2G1;WQNM2OA7;WQNM2OA8;WQNM2OA9;WQNM2OG1;WQNMCA1;WQNMCA3;WQNMCA5;WQNMCA7;WQNMCA8;WQNMCA9;WQNMCG1;WQNMCOA7;WQNMCOA8;WQNMCOA9;WQNMCOG1;WQNMSA1;WQNMSA3;WQNMSA5;WQNMSA7;WQNMSA8;WQNMSA9;WQNMSG1;WQNMSOA7;WQNMSOA8;WQNMSOA9;WQNMSOG1;WQNQ2A2;WQNQ2A4;WQNQ2A6;WQNQ2G1;WQNQ3A2;WQNQ3A4;WQNQ3A6;WQNQ3G1;WQNQ4A2;WQNQ4A4;WQNQ4A6;WQNQ4G1;WQNQSA2;WQNQSA4;WQNQSA6;WQNQSG1;WQNS0A1;WQNS0A3;WQNS0A5;WQNS0A7;WQNS0A8;WQNS0A9;WQNS0G1;WQNS0OA7;WQNS0OA8;WQNS0OA9;WQNS0OG1;WQNS1A1;WQNS1A3;WQNS1A5;WQNS1A7;WQNS1A8;WQNS1A9;WQNS1G1;WQNS1OA7;WQNS1OA8;WQNS1OA9;WQNS1OG1;WQNS2A2;WQNS2A4;WQNS2A6;WQNS2G1;WQNS3A1;WQNS3A3;WQNS3A5;WQNS3A7;WQNS3A8;WQNS3A9;WQNS3G1;WQNS3OA7;WQNS3OA8;WQNS3OA9;WQNS3OG1;WQNSCA1;WQNSCA3;WQNSCA5;WQNSCA7;WQNSCA8;WQNSCA9;WQNSCG1;WQNSCOA7;WQNSCOA8;WQNSCOA9;WQNSCOG1;WQNSLG1;WQNSLSS;WQNSPA2;WQNSPA4;WQNSPA6;WQNSPG1;WQNSSA1;WQNSSA3;WQNSSA5;WQNSSA7;WQNSSA8;WQNSSA9;WQNSSG1;WQNSSOA7;WQNSSOA8;WQNSSOA9;WQNSSOG1;WQNWHA1;WQNWHA3;WQNWHA5;WQNWHA7;WQNWHA8;WQNWHA9;WQNWHG1;WQNWHOA7;WQNWHOA8;WQNWHOA9;WQNWHOG1;WQNZWA1;WQNZWA2;WQNZWA3;WQNZWA4;WQNZWA5;WQNZWA6;WQNZWA7;WQNZWA8;WQNZWA9;WQNZWCA;WQNZWG1;WQNZWSA;WQNZWSS;WQNZWSX,q3m-reference-available,docs/measurements/playable-q3m-x2-ingame-20261002-v1/current-generation.json,no-colour-variant-reference,93923,93843,,sprite/index/palette-work-plan.json,93923
0x6100,FIGHTER_MALE_HUMAN,character,6000,1,1,CHMB,66,65,656,180337,0x6100:body:armor-code:1:CHMB1;0x6100:body:armor-code:2:CHMB2;0x6100:body:armor-code:3:CHMB3;0x6100:body:armor-code:4:CHMF4;0x6100:helmet:item-animation-code:H0:WQLH0;0x6100:helmet:item-animation-code:H1:WQLH1;0x6100:helmet:item-animation-code:H2:WQLH2;0x6100:helmet:item-animation-code:H5:WQLH5;0x6100:helmet:item-animation-code:J0:WQLJ0;0x6100:helmet:item-animation-code:J1:WQLJ1;0x6100:helmet:item-animation-code:J2:WQLJ2;0x6100:helmet:item-animation-code:J3:WQLJ3;0x6100:helmet:item-animation-code:J4:WQLJ4;0x6100:helmet:item-animation-code:J5:WQLJ5;0x6100:helmet:item-animation-code:J6:WQLJ6;0x6100:helmet:item-animation-code:J7:WQLJ7;0x6100:helmet:item-animation-code:J8:WQLJ8;0x6100:helmet:item-animation-code:J9:WQLJ9;0x6100:helmet:item-animation-code:JA:WQLJA;0x6100:helmet:item-animation-code:JB:WQLJB;0x6100:helmet:item-animation-code:JC:WQLJC;0x6100:helmet:item-animation-code:YW:WQLYW;0x6100:helmet:item-animation-code:ZW:WQLZW;0x6100:shield:item-animation-code:C0:WQLC0;0x6100:shield:item-animation-code:C1:WQLC1;0x6100:shield:item-animation-code:C2:WQLC2;0x6100:shield:item-animation-code:C3:WQLC3;0x6100:shield:item-animation-code:C4:WQLC4;0x6100:shield:item-animation-code:C5:WQLC5;0x6100:shield:item-animation-code:C6:WQLC6;0x6100:shield:item-animation-code:C7:WQLC7;0x6100:shield:item-animation-code:D1:WQLD1;0x6100:shield:item-animation-code:D2:WQLD2;0x6100:shield:item-animation-code:D3:WQLD3;0x6100:shield:item-animation-code:D4:WQLD4;0x6100:weapon:item-animation-code:AX:WQLAX;0x6100:weapon:item-animation-code:BS:WQLBS;0x6100:weapon:item-animation-code:BW:WQLBW;0x6100:weapon:item-animation-code:CB:WQLCB;0x6100:weapon:item-animation-code:CL:WQLCL;0x6100:weapon:item-animation-code:DD:WQLDD;0x6100:weapon:item-animation-code:F0:WQLF0;0x6100:weapon:item-animation-code:F1:WQLF1;0x6100:weapon:item-animation-code:F2:WQLF2;0x6100:weapon:item-animation-code:F3:WQLF3;0x6100:weapon:item-animation-code:FL:WQLFL;0x6100:weapon:item-animation-code:FS:WQLFS;0x6100:weapon:item-animation-code:GS:WQLGS;0x6100:weapon:item-animation-code:H6:WQLH6;0x6100:weapon:item-animation-code:HB:WQLHB;0x6100:weapon:item-animation-code:M2:WQLM2;0x6100:weapon:item-animation-code:MC:WQLMC;0x6100:weapon:item-animation-code:MS:WQLMS;0x6100:weapon:item-animation-code:Q2:WQLQ2;0x6100:weapon:item-animation-code:Q3:WQLQ3;0x6100:weapon:item-animation-code:Q4:WQLQ4;0x6100:weapon:item-animation-code:QS:WQLQS;0x6100:weapon:item-animation-code:S0:WQLS0;0x6100:weapon:item-animation-code:S1:WQLS1;0x6100:weapon:item-animation-code:S2:WQLS2;0x6100:weapon:item-animation-code:S3:WQLS3;0x6100:weapon:item-animation-code:SC:WQLSC;0x6100:weapon:item-animation-code:SL:WQLSL;0x6100:weapon:item-animation-code:SP:WQLSP;0x6100:weapon:item-animation-code:SS:WQLSS;0x6100:weapon:item-animation-code:WH:WQLWH,CHMB1A1;CHMB1A2;CHMB1A3;CHMB1A4;CHMB1A5;CHMB1A6;CHMB1A7;CHMB1A8;CHMB1A9;CHMB1CA;CHMB1G1;CHMB1G11;CHMB1G12;CHMB1G13;CHMB1G14;CHMB1G15;CHMB1G16;CHMB1G17;CHMB1G18;CHMB1G19;CHMB1SA;CHMB1SS;CHMB1SX;CHMB2A1;CHMB2A2;CHMB2A3;CHMB2A4;CHMB2A5;CHMB2A6;CHMB2A7;CHMB2A8;CHMB2A9;CHMB2CA;CHMB2G1;CHMB2G11;CHMB2G12;CHMB2G13;CHMB2G14;CHMB2G15;CHMB2G16;CHMB2G17;CHMB2G18;CHMB2G19;CHMB2SA;CHMB2SS;CHMB2SX;CHMB3A1;CHMB3A2;CHMB3A3;CHMB3A4;CHMB3A5;CHMB3A6;CHMB3A7;CHMB3A8;CHMB3A9;CHMB3CA;CHMB3G1;CHMB3G11;CHMB3G12;CHMB3G13;CHMB3G14;CHMB3G15;CHMB3G16;CHMB3G17;CHMB3G18;CHMB3G19;CHMB3SA;CHMB3SS;CHMB3SX;CHMF4A1;CHMF4A2;CHMF4A3;CHMF4A4;CHMF4A5;CHMF4A6;CHMF4A7;CHMF4A8;CHMF4A9;CHMF4CA;CHMF4G1;CHMF4G11;CHMF4G12;CHMF4G13;CHMF4G14;CHMF4G15;CHMF4G16;CHMF4G17;CHMF4G18;CHMF4G19;CHMF4SA;CHMF4SS;CHMF4SX;WQLAXA1;WQLAXA3;WQLAXA5;WQLAXA7;WQLAXA8;WQLAXA9;WQLAXG1;WQLAXOA7;WQLAXOA8;WQLAXOA9;WQLAXOG1;WQLBSG1;WQLBSSA;WQLBWG1;WQLBWSA;WQLC0A1;WQLC0A3;WQLC0A5;WQLC0G1;WQLC0SS;WQLC1A1;WQLC1A3;WQLC1A5;WQLC1G1;WQLC1SS;WQLC2A1;WQLC2A3;WQLC2A5;WQLC2G1;WQLC2SS;WQLC3A1;WQLC3A3;WQLC3A5;WQLC3G1;WQLC3SS;WQLC4A1;WQLC4A3;WQLC4A5;WQLC4G1;WQLC4SS;WQLC5A1;WQLC5A3;WQLC5A5;WQLC5G1;WQLC5SS;WQLC6A1;WQLC6A3;WQLC6A5;WQLC6G1;WQLC6SS;WQLC7A1;WQLC7A3;WQLC7A5;WQLC7G1;WQLC7SS;WQLCBG1;WQLCBSX;WQLCLA1;WQLCLA3;WQLCLA5;WQLCLA7;WQLCLA8;WQLCLA9;WQLCLG1;WQLCLOA7;WQLCLOA8;WQLCLOA9;WQLCLOG1;WQLD1A1;WQLD1A3;WQLD1A5;WQLD1G1;WQLD1SS;WQLD2A1;WQLD2A3;WQLD2A5;WQLD2G1;WQLD2SS;WQLD3A1;WQLD3A3;WQLD3A5;WQLD3G1;WQLD3SS;WQLD4A1;WQLD4A3;WQLD4A5;WQLD4G1;WQLD4SS;WQLDDA1;WQLDDA3;WQLDDA5;WQLDDA7;WQLDDA8;WQLDDA9;WQLDDG1;WQLDDOA7;WQLDDOA8;WQLDDOA9;WQLDDOG1;WQLF0A1;WQLF0A3;WQLF0A5;WQLF0A7;WQLF0A8;WQLF0A9;WQLF0G1;WQLF0OA7;WQLF0OA8;WQLF0OA9;WQLF0OG1;WQLF1A1;WQLF1A3;WQLF1A5;WQLF1A7;WQLF1A8;WQLF1A9;WQLF1G1;WQLF1OA7;WQLF1OA8;WQLF1OA9;WQLF1OG1;WQLF2A1;WQLF2A3;WQLF2A5;WQLF2A7;WQLF2A8;WQLF2A9;WQLF2G1;WQLF2OA7;WQLF2OA8;WQLF2OA9;WQLF2OG1;WQLF3A1;WQLF3A3;WQLF3A5;WQLF3A7;WQLF3A8;WQLF3A9;WQLF3G1;WQLF3OA7;WQLF3OA8;WQLF3OA9;WQLF3OG1;WQLFLA1;WQLFLA3;WQLFLA5;WQLFLA7;WQLFLA8;WQLFLA9;WQLFLG1;WQLFLOA7;WQLFLOA8;WQLFLOA9;WQLFLOG1;WQLFSA1;WQLFSA3;WQLFSA5;WQLFSA7;WQLFSA8;WQLFSA9;WQLFSG1;WQLFSOA7;WQLFSOA8;WQLFSOA9;WQLFSOG1;WQLGSA2;WQLGSA4;WQLGSA6;WQLGSG1;WQLH0A1;WQLH0A2;WQLH0A3;WQLH0A4;WQLH0A5;WQLH0A6;WQLH0A7;WQLH0A8;WQLH0A9;WQLH0CA;WQLH0G1;WQLH0SA;WQLH0SS;WQLH0SX;WQLH1A1;WQLH1A2;WQLH1A3;WQLH1A4;WQLH1A5;WQLH1A6;WQLH1A7;WQLH1A8;WQLH1A9;WQLH1CA;WQLH1G1;WQLH1SA;WQLH1SS;WQLH1SX;WQLH2A1;WQLH2A2;WQLH2A3;WQLH2A4;WQLH2A5;WQLH2A6;WQLH2A7;WQLH2A8;WQLH2A9;WQLH2CA;WQLH2G1;WQLH2SA;WQLH2SS;WQLH2SX;WQLH5A1;WQLH5A2;WQLH5A3;WQLH5A4;WQLH5A5;WQLH5A6;WQLH5A7;WQLH5A8;WQLH5A9;WQLH5CA;WQLH5G1;WQLH5SA;WQLH5SS;WQLH5SX;WQLH6A1;WQLH6A2;WQLH6A3;WQLH6A4;WQLH6A5;WQLH6A6;WQLH6A7;WQLH6A8;WQLH6A9;WQLH6CA;WQLH6G1;WQLH6SA;WQLH6SS;WQLH6SX;WQLHBA2;WQLHBA4;WQLHBA6;WQLHBG1;WQLJ0A1;WQLJ0A2;WQLJ0A3;WQLJ0A4;WQLJ0A5;WQLJ0A6;WQLJ0A7;WQLJ0A8;WQLJ0A9;WQLJ0CA;WQLJ0G1;WQLJ0SA;WQLJ0SS;WQLJ0SX;WQLJ1A1;WQLJ1A2;WQLJ1A3;WQLJ1A4;WQLJ1A5;WQLJ1A6;WQLJ1A7;WQLJ1A8;WQLJ1A9;WQLJ1CA;WQLJ1G1;WQLJ1SA;WQLJ1SS;WQLJ1SX;WQLJ2A1;WQLJ2A2;WQLJ2A3;WQLJ2A4;WQLJ2A5;WQLJ2A6;WQLJ2A7;WQLJ2A8;WQLJ2A9;WQLJ2CA;WQLJ2G1;WQLJ2SA;WQLJ2SS;WQLJ2SX;WQLJ3A1;WQLJ3A2;WQLJ3A3;WQLJ3A4;WQLJ3A5;WQLJ3A6;WQLJ3A7;WQLJ3A8;WQLJ3A9;WQLJ3CA;WQLJ3G1;WQLJ3SA;WQLJ3SS;WQLJ3SX;WQLJ4A1;WQLJ4A2;WQLJ4A3;WQLJ4A4;WQLJ4A5;WQLJ4A6;WQLJ4A7;WQLJ4A8;WQLJ4A9;WQLJ4CA;WQLJ4G1;WQLJ4SA;WQLJ4SS;WQLJ4SX;WQLJ5A1;WQLJ5A2;WQLJ5A3;WQLJ5A4;WQLJ5A5;WQLJ5A6;WQLJ5A7;WQLJ5A8;WQLJ5A9;WQLJ5CA;WQLJ5G1;WQLJ5SA;WQLJ5SS;WQLJ5SX;WQLJ6A1;WQLJ6A2;WQLJ6A3;WQLJ6A4;WQLJ6A5;WQLJ6A6;WQLJ6A7;WQLJ6A8;WQLJ6A9;WQLJ6CA;WQLJ6G1;WQLJ6SA;WQLJ6SS;WQLJ6SX;WQLJ7A1;WQLJ7A2;WQLJ7A3;WQLJ7A4;WQLJ7A5;WQLJ7A6;WQLJ7A7;WQLJ7A8;WQLJ7A9;WQLJ7CA;WQLJ7G1;WQLJ7SA;WQLJ7SS;WQLJ7SX;WQLJ8A1;WQLJ8A2;WQLJ8A3;WQLJ8A4;WQLJ8A5;WQLJ8A6;WQLJ8A7;WQLJ8A8;WQLJ8A9;WQLJ8CA;WQLJ8G1;WQLJ8SA;WQLJ8SS;WQLJ8SX;WQLJ9A1;WQLJ9A2;WQLJ9A3;WQLJ9A4;WQLJ9A5;WQLJ9A6;WQLJ9A7;WQLJ9A8;WQLJ9A9;WQLJ9CA;WQLJ9G1;WQLJ9SA;WQLJ9SS;WQLJ9SX;WQLJAA1;WQLJAA2;WQLJAA3;WQLJAA4;WQLJAA5;WQLJAA6;WQLJAA7;WQLJAA8;WQLJAA9;WQLJACA;WQLJAG1;WQLJASA;WQLJASS;WQLJASX;WQLJBA1;WQLJBA2;WQLJBA3;WQLJBA4;WQLJBA5;WQLJBA6;WQLJBA7;WQLJBA8;WQLJBA9;WQLJBCA;WQLJBG1;WQLJBSA;WQLJBSS;WQLJBSX;WQLJCA1;WQLJCA2;WQLJCA3;WQLJCA4;WQLJCA5;WQLJCA6;WQLJCA7;WQLJCA8;WQLJCA9;WQLJCCA;WQLJCG1;WQLJCSA;WQLJCSS;WQLJCSX;WQLM2A1;WQLM2A3;WQLM2A5;WQLM2A7;WQLM2A8;WQLM2A9;WQLM2G1;WQLM2OA7;WQLM2OA8;WQLM2OA9;WQLM2OG1;WQLMCA1;WQLMCA3;WQLMCA5;WQLMCA7;WQLMCA8;WQLMCA9;WQLMCG1;WQLMCOA7;WQLMCOA8;WQLMCOA9;WQLMCOG1;WQLMSA1;WQLMSA3;WQLMSA5;WQLMSA7;WQLMSA8;WQLMSA9;WQLMSG1;WQLMSOA7;WQLMSOA8;WQLMSOA9;WQLMSOG1;WQLQ2A2;WQLQ2A4;WQLQ2A6;WQLQ2G1;WQLQ3A2;WQLQ3A4;WQLQ3A6;WQLQ3G1;WQLQ4A2;WQLQ4A4;WQLQ4A6;WQLQ4G1;WQLQSA2;WQLQSA4;WQLQSA6;WQLQSG1;WQLS0A1;WQLS0A3;WQLS0A5;WQLS0A7;WQLS0A8;WQLS0A9;WQLS0G1;WQLS0OA7;WQLS0OA8;WQLS0OA9;WQLS0OG1;WQLS1A1;WQLS1A3;WQLS1A5;WQLS1A7;WQLS1A8;WQLS1A9;WQLS1G1;WQLS1OA7;WQLS1OA8;WQLS1OA9;WQLS1OG1;WQLS2A2;WQLS2A4;WQLS2A6;WQLS2G1;WQLS3A1;WQLS3A3;WQLS3A5;WQLS3A7;WQLS3A8;WQLS3A9;WQLS3G1;WQLS3OA7;WQLS3OA8;WQLS3OA9;WQLS3OG1;WQLSCA1;WQLSCA3;WQLSCA5;WQLSCA7;WQLSCA8;WQLSCA9;WQLSCG1;WQLSCOA7;WQLSCOA8;WQLSCOA9;WQLSCOG1;WQLSLG1;WQLSLSS;WQLSPA2;WQLSPA4;WQLSPA6;WQLSPG1;WQLSSA1;WQLSSA3;WQLSSA5;WQLSSA7;WQLSSA8;WQLSSA9;WQLSSG1;WQLSSOA7;WQLSSOA8;WQLSSOA9;WQLSSOG1;WQLWHA1;WQLWHA3;WQLWHA5;WQLWHA7;WQLWHA8;WQLWHA9;WQLWHG1;WQLWHOA7;WQLWHOA8;WQLWHOA9;WQLWHOG1;WQLZWA1;WQLZWA2;WQLZWA3;WQLZWA4;WQLZWA5;WQLZWA6;WQLZWA7;WQLZWA8;WQLZWA9;WQLZWCA;WQLZWG1;WQLZWSA;WQLZWSS;WQLZWSX,q3m-reference-available,docs/measurements/playable-q3m-x2-ingame-20261002-v1/current-generation.json,no-colour-variant-reference,95124,95055,,sprite/index/palette-work-plan.json,95124
0x6101,FIGHTER_MALE_ELF,character,6000,1,1,CEMB,66,65,656,180494,0x6101:body:armor-code:1:CEMB1;0x6101:body:armor-code:2:CEMB2;0x6101:body:armor-code:3:CEMB3;0x6101:body:armor-code:4:CEMF4;0x6101:helmet:item-animation-code:H0:WQMH0;0x6101:helmet:item-animation-code:H1:WQMH1;0x6101:helmet:item-animation-code:H2:WQMH2;0x6101:helmet:item-animation-code:H5:WQMH5;0x6101:helmet:item-animation-code:J0:WQMJ0;0x6101:helmet:item-animation-code:J1:WQMJ1;0x6101:helmet:item-animation-code:J2:WQMJ2;0x6101:helmet:item-animation-code:J3:WQMJ3;0x6101:helmet:item-animation-code:J4:WQMJ4;0x6101:helmet:item-animation-code:J5:WQMJ5;0x6101:helmet:item-animation-code:J6:WQMJ6;0x6101:helmet:item-animation-code:J7:WQMJ7;0x6101:helmet:item-animation-code:J8:WQMJ8;0x6101:helmet:item-animation-code:J9:WQMJ9;0x6101:helmet:item-animation-code:JA:WQMJA;0x6101:helmet:item-animation-code:JB:WQMJB;0x6101:helmet:item-animation-code:JC:WQMJC;0x6101:helmet:item-animation-code:YW:WQMYW;0x6101:helmet:item-animation-code:ZW:WQMZW;0x6101:shield:item-animation-code:C0:WQMC0;0x6101:shield:item-animation-code:C1:WQMC1;0x6101:shield:item-animation-code:C2:WQMC2;0x6101:shield:item-animation-code:C3:WQMC3;0x6101:shield:item-animation-code:C4:WQMC4;0x6101:shield:item-animation-code:C5:WQMC5;0x6101:shield:item-animation-code:C6:WQMC6;0x6101:shield:item-animation-code:C7:WQMC7;0x6101:shield:item-animation-code:D1:WQMD1;0x6101:shield:item-animation-code:D2:WQMD2;0x6101:shield:item-animation-code:D3:WQMD3;0x6101:shield:item-animation-code:D4:WQMD4;0x6101:weapon:item-animation-code:AX:WQMAX;0x6101:weapon:item-animation-code:BS:WQMBS;0x6101:weapon:item-animation-code:BW:WQMBW;0x6101:weapon:item-animation-code:CB:WQMCB;0x6101:weapon:item-animation-code:CL:WQMCL;0x6101:weapon:item-animation-code:DD:WQMDD;0x6101:weapon:item-animation-code:F0:WQMF0;0x6101:weapon:item-animation-code:F1:WQMF1;0x6101:weapon:item-animation-code:F2:WQMF2;0x6101:weapon:item-animation-code:F3:WQMF3;0x6101:weapon:item-animation-code:FL:WQMFL;0x6101:weapon:item-animation-code:FS:WQMFS;0x6101:weapon:item-animation-code:GS:WQMGS;0x6101:weapon:item-animation-code:H6:WQMH6;0x6101:weapon:item-animation-code:HB:WQMHB;0x6101:weapon:item-animation-code:M2:WQMM2;0x6101:weapon:item-animation-code:MC:WQMMC;0x6101:weapon:item-animation-code:MS:WQMMS;0x6101:weapon:item-animation-code:Q2:WQMQ2;0x6101:weapon:item-animation-code:Q3:WQMQ3;0x6101:weapon:item-animation-code:Q4:WQMQ4;0x6101:weapon:item-animation-code:QS:WQMQS;0x6101:weapon:item-animation-code:S0:WQMS0;0x6101:weapon:item-animation-code:S1:WQMS1;0x6101:weapon:item-animation-code:S2:WQMS2;0x6101:weapon:item-animation-code:S3:WQMS3;0x6101:weapon:item-animation-code:SC:WQMSC;0x6101:weapon:item-animation-code:SL:WQMSL;0x6101:weapon:item-animation-code:SP:WQMSP;0x6101:weapon:item-animation-code:SS:WQMSS;0x6101:weapon:item-animation-code:WH:WQMWH,CEMB1A1;CEMB1A2;CEMB1A3;CEMB1A4;CEMB1A5;CEMB1A6;CEMB1A7;CEMB1A8;CEMB1A9;CEMB1CA;CEMB1G1;CEMB1G11;CEMB1G12;CEMB1G13;CEMB1G14;CEMB1G15;CEMB1G16;CEMB1G17;CEMB1G18;CEMB1G19;CEMB1SA;CEMB1SS;CEMB1SX;CEMB2A1;CEMB2A2;CEMB2A3;CEMB2A4;CEMB2A5;CEMB2A6;CEMB2A7;CEMB2A8;CEMB2A9;CEMB2CA;CEMB2G1;CEMB2G11;CEMB2G12;CEMB2G13;CEMB2G14;CEMB2G15;CEMB2G16;CEMB2G17;CEMB2G18;CEMB2G19;CEMB2SA;CEMB2SS;CEMB2SX;CEMB3A1;CEMB3A2;CEMB3A3;CEMB3A4;CEMB3A5;CEMB3A6;CEMB3A7;CEMB3A8;CEMB3A9;CEMB3CA;CEMB3G1;CEMB3G11;CEMB3G12;CEMB3G13;CEMB3G14;CEMB3G15;CEMB3G16;CEMB3G17;CEMB3G18;CEMB3G19;CEMB3SA;CEMB3SS;CEMB3SX;CEMF4A1;CEMF4A2;CEMF4A3;CEMF4A4;CEMF4A5;CEMF4A6;CEMF4A7;CEMF4A8;CEMF4A9;CEMF4CA;CEMF4G1;CEMF4G11;CEMF4G12;CEMF4G13;CEMF4G14;CEMF4G15;CEMF4G16;CEMF4G17;CEMF4G18;CEMF4G19;CEMF4SA;CEMF4SS;CEMF4SX;WQMAXA1;WQMAXA3;WQMAXA5;WQMAXA7;WQMAXA8;WQMAXA9;WQMAXG1;WQMAXOA7;WQMAXOA8;WQMAXOA9;WQMAXOG1;WQMBSG1;WQMBSSA;WQMBWG1;WQMBWSA;WQMC0A1;WQMC0A3;WQMC0A5;WQMC0G1;WQMC0SS;WQMC1A1;WQMC1A3;WQMC1A5;WQMC1G1;WQMC1SS;WQMC2A1;WQMC2A3;WQMC2A5;WQMC2G1;WQMC2SS;WQMC3A1;WQMC3A3;WQMC3A5;WQMC3G1;WQMC3SS;WQMC4A1;WQMC4A3;WQMC4A5;WQMC4G1;WQMC4SS;WQMC5A1;WQMC5A3;WQMC5A5;WQMC5G1;WQMC5SS;WQMC6A1;WQMC6A3;WQMC6A5;WQMC6G1;WQMC6SS;WQMC7A1;WQMC7A3;WQMC7A5;WQMC7G1;WQMC7SS;WQMCBG1;WQMCBSX;WQMCLA1;WQMCLA3;WQMCLA5;WQMCLA7;WQMCLA8;WQMCLA9;WQMCLG1;WQMCLOA7;WQMCLOA8;WQMCLOA9;WQMCLOG1;WQMD1A1;WQMD1A3;WQMD1A5;WQMD1G1;WQMD1SS;WQMD2A1;WQMD2A3;WQMD2A5;WQMD2G1;WQMD2SS;WQMD3A1;WQMD3A3;WQMD3A5;WQMD3G1;WQMD3SS;WQMD4A1;WQMD4A3;WQMD4A5;WQMD4G1;WQMD4SS;WQMDDA1;WQMDDA3;WQMDDA5;WQMDDA7;WQMDDA8;WQMDDA9;WQMDDG1;WQMDDOA7;WQMDDOA8;WQMDDOA9;WQMDDOG1;WQMF0A1;WQMF0A3;WQMF0A5;WQMF0A7;WQMF0A8;WQMF0A9;WQMF0G1;WQMF0OA7;WQMF0OA8;WQMF0OA9;WQMF0OG1;WQMF1A1;WQMF1A3;WQMF1A5;WQMF1A7;WQMF1A8;WQMF1A9;WQMF1G1;WQMF1OA7;WQMF1OA8;WQMF1OA9;WQMF1OG1;WQMF2A1;WQMF2A3;WQMF2A5;WQMF2A7;WQMF2A8;WQMF2A9;WQMF2G1;WQMF2OA7;WQMF2OA8;WQMF2OA9;WQMF2OG1;WQMF3A1;WQMF3A3;WQMF3A5;WQMF3A7;WQMF3A8;WQMF3A9;WQMF3G1;WQMF3OA7;WQMF3OA8;WQMF3OA9;WQMF3OG1;WQMFLA1;WQMFLA3;WQMFLA5;WQMFLA7;WQMFLA8;WQMFLA9;WQMFLG1;WQMFLOA7;WQMFLOA8;WQMFLOA9;WQMFLOG1;WQMFSA1;WQMFSA3;WQMFSA5;WQMFSA7;WQMFSA8;WQMFSA9;WQMFSG1;WQMFSOA7;WQMFSOA8;WQMFSOA9;WQMFSOG1;WQMGSA2;WQMGSA4;WQMGSA6;WQMGSG1;WQMH0A1;WQMH0A2;WQMH0A3;WQMH0A4;WQMH0A5;WQMH0A6;WQMH0A7;WQMH0A8;WQMH0A9;WQMH0CA;WQMH0G1;WQMH0SA;WQMH0SS;WQMH0SX;WQMH1A1;WQMH1A2;WQMH1A3;WQMH1A4;WQMH1A5;WQMH1A6;WQMH1A7;WQMH1A8;WQMH1A9;WQMH1CA;WQMH1G1;WQMH1SA;WQMH1SS;WQMH1SX;WQMH2A1;WQMH2A2;WQMH2A3;WQMH2A4;WQMH2A5;WQMH2A6;WQMH2A7;WQMH2A8;WQMH2A9;WQMH2CA;WQMH2G1;WQMH2SA;WQMH2SS;WQMH2SX;WQMH5A1;WQMH5A2;WQMH5A3;WQMH5A4;WQMH5A5;WQMH5A6;WQMH5A7;WQMH5A8;WQMH5A9;WQMH5CA;WQMH5G1;WQMH5SA;WQMH5SS;WQMH5SX;WQMH6A1;WQMH6A2;WQMH6A3;WQMH6A4;WQMH6A5;WQMH6A6;WQMH6A7;WQMH6A8;WQMH6A9;WQMH6CA;WQMH6G1;WQMH6SA;WQMH6SS;WQMH6SX;WQMHBA2;WQMHBA4;WQMHBA6;WQMHBG1;WQMJ0A1;WQMJ0A2;WQMJ0A3;WQMJ0A4;WQMJ0A5;WQMJ0A6;WQMJ0A7;WQMJ0A8;WQMJ0A9;WQMJ0CA;WQMJ0G1;WQMJ0SA;WQMJ0SS;WQMJ0SX;WQMJ1A1;WQMJ1A2;WQMJ1A3;WQMJ1A4;WQMJ1A5;WQMJ1A6;WQMJ1A7;WQMJ1A8;WQMJ1A9;WQMJ1CA;WQMJ1G1;WQMJ1SA;WQMJ1SS;WQMJ1SX;WQMJ2A1;WQMJ2A2;WQMJ2A3;WQMJ2A4;WQMJ2A5;WQMJ2A6;WQMJ2A7;WQMJ2A8;WQMJ2A9;WQMJ2CA;WQMJ2G1;WQMJ2SA;WQMJ2SS;WQMJ2SX;WQMJ3A1;WQMJ3A2;WQMJ3A3;WQMJ3A4;WQMJ3A5;WQMJ3A6;WQMJ3A7;WQMJ3A8;WQMJ3A9;WQMJ3CA;WQMJ3G1;WQMJ3SA;WQMJ3SS;WQMJ3SX;WQMJ4A1;WQMJ4A2;WQMJ4A3;WQMJ4A4;WQMJ4A5;WQMJ4A6;WQMJ4A7;WQMJ4A8;WQMJ4A9;WQMJ4CA;WQMJ4G1;WQMJ4SA;WQMJ4SS;WQMJ4SX;WQMJ5A1;WQMJ5A2;WQMJ5A3;WQMJ5A4;WQMJ5A5;WQMJ5A6;WQMJ5A7;WQMJ5A8;WQMJ5A9;WQMJ5CA;WQMJ5G1;WQMJ5SA;WQMJ5SS;WQMJ5SX;WQMJ6A1;WQMJ6A2;WQMJ6A3;WQMJ6A4;WQMJ6A5;WQMJ6A6;WQMJ6A7;WQMJ6A8;WQMJ6A9;WQMJ6CA;WQMJ6G1;WQMJ6SA;WQMJ6SS;WQMJ6SX;WQMJ7A1;WQMJ7A2;WQMJ7A3;WQMJ7A4;WQMJ7A5;WQMJ7A6;WQMJ7A7;WQMJ7A8;WQMJ7A9;WQMJ7CA;WQMJ7G1;WQMJ7SA;WQMJ7SS;WQMJ7SX;WQMJ8A1;WQMJ8A2;WQMJ8A3;WQMJ8A4;WQMJ8A5;WQMJ8A6;WQMJ8A7;WQMJ8A8;WQMJ8A9;WQMJ8CA;WQMJ8G1;WQMJ8SA;WQMJ8SS;WQMJ8SX;WQMJ9A1;WQMJ9A2;WQMJ9A3;WQMJ9A4;WQMJ9A5;WQMJ9A6;WQMJ9A7;WQMJ9A8;WQMJ9A9;WQMJ9CA;WQMJ9G1;WQMJ9SA;WQMJ9SS;WQMJ9SX;WQMJAA1;WQMJAA2;WQMJAA3;WQMJAA4;WQMJAA5;WQMJAA6;WQMJAA7;WQMJAA8;WQMJAA9;WQMJACA;WQMJAG1;WQMJASA;WQMJASS;WQMJASX;WQMJBA1;WQMJBA2;WQMJBA3;WQMJBA4;WQMJBA5;WQMJBA6;WQMJBA7;WQMJBA8;WQMJBA9;WQMJBCA;WQMJBG1;WQMJBSA;WQMJBSS;WQMJBSX;WQMJCA1;WQMJCA2;WQMJCA3;WQMJCA4;WQMJCA5;WQMJCA6;WQMJCA7;WQMJCA8;WQMJCA9;WQMJCCA;WQMJCG1;WQMJCSA;WQMJCSS;WQMJCSX;WQMM2A1;WQMM2A3;WQMM2A5;WQMM2A7;WQMM2A8;WQMM2A9;WQMM2G1;WQMM2OA7;WQMM2OA8;WQMM2OA9;WQMM2OG1;WQMMCA1;WQMMCA3;WQMMCA5;WQMMCA7;WQMMCA8;WQMMCA9;WQMMCG1;WQMMCOA7;WQMMCOA8;WQMMCOA9;WQMMCOG1;WQMMSA1;WQMMSA3;WQMMSA5;WQMMSA7;WQMMSA8;WQMMSA9;WQMMSG1;WQMMSOA7;WQMMSOA8;WQMMSOA9;WQMMSOG1;WQMQ2A2;WQMQ2A4;WQMQ2A6;WQMQ2G1;WQMQ3A2;WQMQ3A4;WQMQ3A6;WQMQ3G1;WQMQ4A2;WQMQ4A4;WQMQ4A6;WQMQ4G1;WQMQSA2;WQMQSA4;WQMQSA6;WQMQSG1;WQMS0A1;WQMS0A3;WQMS0A5;WQMS0A7;WQMS0A8;WQMS0A9;WQMS0G1;WQMS0OA7;WQMS0OA8;WQMS0OA9;WQMS0OG1;WQMS1A1;WQMS1A3;WQMS1A5;WQMS1A7;WQMS1A8;WQMS1A9;WQMS1G1;WQMS1OA7;WQMS1OA8;WQMS1OA9;WQMS1OG1;WQMS2A2;WQMS2A4;WQMS2A6;WQMS2G1;WQMS3A1;WQMS3A3;WQMS3A5;WQMS3A7;WQMS3A8;WQMS3A9;WQMS3G1;WQMS3OA7;WQMS3OA8;WQMS3OA9;WQMS3OG1;WQMSCA1;WQMSCA3;WQMSCA5;WQMSCA7;WQMSCA8;WQMSCA9;WQMSCG1;WQMSCOA7;WQMSCOA8;WQMSCOA9;WQMSCOG1;WQMSLG1;WQMSLSS;WQMSPA2;WQMSPA4;WQMSPA6;WQMSPG1;WQMSSA1;WQMSSA3;WQMSSA5;WQMSSA7;WQMSSA8;WQMSSA9;WQMSSG1;WQMSSOA7;WQMSSOA8;WQMSSOA9;WQMSSOG1;WQMWHA1;WQMWHA3;WQMWHA5;WQMWHA7;WQMWHA8;WQMWHA9;WQMWHG1;WQMWHOA7;WQMWHOA8;WQMWHOA9;WQMWHOG1;WQMZWA1;WQMZWA2;WQMZWA3;WQMZWA4;WQMZWA5;WQMZWA6;WQMZWA7;WQMZWA8;WQMZWA9;WQMZWCA;WQMZWG1;WQMZWSA;WQMZWSS;WQMZWSX,q3m-reference-available,docs/measurements/playable-q3m-x2-ingame-20261002-v1/current-generation.json,no-colour-variant-reference,97427,97365,,sprite/index/palette-work-plan.json,97427
0x6102,FIGHTER_MALE_DWARF,character,6000,1,1,CDMB,66,65,656,178357,0x6102:body:armor-code:1:CDMB1;0x6102:body:armor-code:2:CDMB2;0x6102:body:armor-code:3:CDMB3;0x6102:body:armor-code:4:CDMF4;0x6102:helmet:item-animation-code:H0:WQSH0;0x6102:helmet:item-animation-code:H1:WQSH1;0x6102:helmet:item-animation-code:H2:WQSH2;0x6102:helmet:item-animation-code:H5:WQSH5;0x6102:helmet:item-animation-code:J0:WQSJ0;0x6102:helmet:item-animation-code:J1:WQSJ1;0x6102:helmet:item-animation-code:J2:WQSJ2;0x6102:helmet:item-animation-code:J3:WQSJ3;0x6102:helmet:item-animation-code:J4:WQSJ4;0x6102:helmet:item-animation-code:J5:WQSJ5;0x6102:helmet:item-animation-code:J6:WQSJ6;0x6102:helmet:item-animation-code:J7:WQSJ7;0x6102:helmet:item-animation-code:J8:WQSJ8;0x6102:helmet:item-animation-code:J9:WQSJ9;0x6102:helmet:item-animation-code:JA:WQSJA;0x6102:helmet:item-animation-code:JB:WQSJB;0x6102:helmet:item-animation-code:JC:WQSJC;0x6102:helmet:item-animation-code:YW:WQSYW;0x6102:helmet:item-animation-code:ZW:WQSZW;0x6102:shield:item-animation-code:C0:WQSC0;0x6102:shield:item-animation-code:C1:WQSC1;0x6102:shield:item-animation-code:C2:WQSC2;0x6102:shield:item-animation-code:C3:WQSC3;0x6102:shield:item-animation-code:C4:WQSC4;0x6102:shield:item-animation-code:C5:WQSC5;0x6102:shield:item-animation-code:C6:WQSC6;0x6102:shield:item-animation-code:C7:WQSC7;0x6102:shield:item-animation-code:D1:WQSD1;0x6102:shield:item-animation-code:D2:WQSD2;0x6102:shield:item-animation-code:D3:WQSD3;0x6102:shield:item-animation-code:D4:WQSD4;0x6102:weapon:item-animation-code:AX:WQSAX;0x6102:weapon:item-animation-code:BS:WQSBS;0x6102:weapon:item-animation-code:BW:WQSBW;0x6102:weapon:item-animation-code:CB:WQSCB;0x6102:weapon:item-animation-code:CL:WQSCL;0x6102:weapon:item-animation-code:DD:WQSDD;0x6102:weapon:item-animation-code:F0:WQSF0;0x6102:weapon:item-animation-code:F1:WQSF1;0x6102:weapon:item-animation-code:F2:WQSF2;0x6102:weapon:item-animation-code:F3:WQSF3;0x6102:weapon:item-animation-code:FL:WQSFL;0x6102:weapon:item-animation-code:FS:WQSFS;0x6102:weapon:item-animation-code:GS:WQSGS;0x6102:weapon:item-animation-code:H6:WQSH6;0x6102:weapon:item-animation-code:HB:WQSHB;0x6102:weapon:item-animation-code:M2:WQSM2;0x6102:weapon:item-animation-code:MC:WQSMC;0x6102:weapon:item-animation-code:MS:WQSMS;0x6102:weapon:item-animation-code:Q2:WQSQ2;0x6102:weapon:item-animation-code:Q3:WQSQ3;0x6102:weapon:item-animation-code:Q4:WQSQ4;0x6102:weapon:item-animation-code:QS:WQSQS;0x6102:weapon:item-animation-code:S0:WQSS0;0x6102:weapon:item-animation-code:S1:WQSS1;0x6102:weapon:item-animation-code:S2:WQSS2;0x6102:weapon:item-animation-code:S3:WQSS3;0x6102:weapon:item-animation-code:SC:WQSSC;0x6102:weapon:item-animation-code:SL:WQSSL;0x6102:weapon:item-animation-code:SP:WQSSP;0x6102:weapon:item-animation-code:SS:WQSSS;0x6102:weapon:item-animation-code:WH:WQSWH,CDMB1A1;CDMB1A2;CDMB1A3;CDMB1A4;CDMB1A5;CDMB1A6;CDMB1A7;CDMB1A8;CDMB1A9;CDMB1CA;CDMB1G1;CDMB1G11;CDMB1G12;CDMB1G13;CDMB1G14;CDMB1G15;CDMB1G16;CDMB1G17;CDMB1G18;CDMB1G19;CDMB1SA;CDMB1SS;CDMB1SX;CDMB2A1;CDMB2A2;CDMB2A3;CDMB2A4;CDMB2A5;CDMB2A6;CDMB2A7;CDMB2A8;CDMB2A9;CDMB2CA;CDMB2G1;CDMB2G11;CDMB2G12;CDMB2G13;CDMB2G14;CDMB2G15;CDMB2G16;CDMB2G17;CDMB2G18;CDMB2G19;CDMB2SA;CDMB2SS;CDMB2SX;CDMB3A1;CDMB3A2;CDMB3A3;CDMB3A4;CDMB3A5;CDMB3A6;CDMB3A7;CDMB3A8;CDMB3A9;CDMB3CA;CDMB3G1;CDMB3G11;CDMB3G12;CDMB3G13;CDMB3G14;CDMB3G15;CDMB3G16;CDMB3G17;CDMB3G18;CDMB3G19;CDMB3SA;CDMB3SS;CDMB3SX;CDMF4A1;CDMF4A2;CDMF4A3;CDMF4A4;CDMF4A5;CDMF4A6;CDMF4A7;CDMF4A8;CDMF4A9;CDMF4CA;CDMF4G1;CDMF4G11;CDMF4G12;CDMF4G13;CDMF4G14;CDMF4G15;CDMF4G16;CDMF4G17;CDMF4G18;CDMF4G19;CDMF4SA;CDMF4SS;CDMF4SX;WQSAXA1;WQSAXA3;WQSAXA5;WQSAXA7;WQSAXA8;WQSAXA9;WQSAXG1;WQSAXOA7;WQSAXOA8;WQSAXOA9;WQSAXOG1;WQSBSG1;WQSBSSA;WQSBWG1;WQSBWSA;WQSC0A1;WQSC0A3;WQSC0A5;WQSC0G1;WQSC0SS;WQSC1A1;WQSC1A3;WQSC1A5;WQSC1G1;WQSC1SS;WQSC2A1;WQSC2A3;WQSC2A5;WQSC2G1;WQSC2SS;WQSC3A1;WQSC3A3;WQSC3A5;WQSC3G1;WQSC3SS;WQSC4A1;WQSC4A3;WQSC4A5;WQSC4G1;WQSC4SS;WQSC5A1;WQSC5A3;WQSC5A5;WQSC5G1;WQSC5SS;WQSC6A1;WQSC6A3;WQSC6A5;WQSC6G1;WQSC6SS;WQSC7A1;WQSC7A3;WQSC7A5;WQSC7G1;WQSC7SS;WQSCBG1;WQSCBSX;WQSCLA1;WQSCLA3;WQSCLA5;WQSCLA7;WQSCLA8;WQSCLA9;WQSCLG1;WQSCLOA7;WQSCLOA8;WQSCLOA9;WQSCLOG1;WQSD1A1;WQSD1A3;WQSD1A5;WQSD1G1;WQSD1SS;WQSD2A1;WQSD2A3;WQSD2A5;WQSD2G1;WQSD2SS;WQSD3A1;WQSD3A3;WQSD3A5;WQSD3G1;WQSD3SS;WQSD4A1;WQSD4A3;WQSD4A5;WQSD4G1;WQSD4SS;WQSDDA1;WQSDDA3;WQSDDA5;WQSDDA7;WQSDDA8;WQSDDA9;WQSDDG1;WQSDDOA7;WQSDDOA8;WQSDDOA9;WQSDDOG1;WQSF0A1;WQSF0A3;WQSF0A5;WQSF0A7;WQSF0A8;WQSF0A9;WQSF0G1;WQSF0OA7;WQSF0OA8;WQSF0OA9;WQSF0OG1;WQSF1A1;WQSF1A3;WQSF1A5;WQSF1A7;WQSF1A8;WQSF1A9;WQSF1G1;WQSF1OA7;WQSF1OA8;WQSF1OA9;WQSF1OG1;WQSF2A1;WQSF2A3;WQSF2A5;WQSF2A7;WQSF2A8;WQSF2A9;WQSF2G1;WQSF2OA7;WQSF2OA8;WQSF2OA9;WQSF2OG1;WQSF3A1;WQSF3A3;WQSF3A5;WQSF3A7;WQSF3A8;WQSF3A9;WQSF3G1;WQSF3OA7;WQSF3OA8;WQSF3OA9;WQSF3OG1;WQSFLA1;WQSFLA3;WQSFLA5;WQSFLA7;WQSFLA8;WQSFLA9;WQSFLG1;WQSFLOA7;WQSFLOA8;WQSFLOA9;WQSFLOG1;WQSFSA1;WQSFSA3;WQSFSA5;WQSFSA7;WQSFSA8;WQSFSA9;WQSFSG1;WQSFSOA7;WQSFSOA8;WQSFSOA9;WQSFSOG1;WQSGSA2;WQSGSA4;WQSGSA6;WQSGSG1;WQSH0A1;WQSH0A2;WQSH0A3;WQSH0A4;WQSH0A5;WQSH0A6;WQSH0A7;WQSH0A8;WQSH0A9;WQSH0CA;WQSH0G1;WQSH0SA;WQSH0SS;WQSH0SX;WQSH1A1;WQSH1A2;WQSH1A3;WQSH1A4;WQSH1A5;WQSH1A6;WQSH1A7;WQSH1A8;WQSH1A9;WQSH1CA;WQSH1G1;WQSH1SA;WQSH1SS;WQSH1SX;WQSH2A1;WQSH2A2;WQSH2A3;WQSH2A4;WQSH2A5;WQSH2A6;WQSH2A7;WQSH2A8;WQSH2A9;WQSH2CA;WQSH2G1;WQSH2SA;WQSH2SS;WQSH2SX;WQSH5A1;WQSH5A2;WQSH5A3;WQSH5A4;WQSH5A5;WQSH5A6;WQSH5A7;WQSH5A8;WQSH5A9;WQSH5CA;WQSH5G1;WQSH5SA;WQSH5SS;WQSH5SX;WQSH6A1;WQSH6A2;WQSH6A3;WQSH6A4;WQSH6A5;WQSH6A6;WQSH6A7;WQSH6A8;WQSH6A9;WQSH6CA;WQSH6G1;WQSH6SA;WQSH6SS;WQSH6SX;WQSHBA2;WQSHBA4;WQSHBA6;WQSHBG1;WQSJ0A1;WQSJ0A2;WQSJ0A3;WQSJ0A4;WQSJ0A5;WQSJ0A6;WQSJ0A7;WQSJ0A8;WQSJ0A9;WQSJ0CA;WQSJ0G1;WQSJ0SA;WQSJ0SS;WQSJ0SX;WQSJ1A1;WQSJ1A2;WQSJ1A3;WQSJ1A4;WQSJ1A5;WQSJ1A6;WQSJ1A7;WQSJ1A8;WQSJ1A9;WQSJ1CA;WQSJ1G1;WQSJ1SA;WQSJ1SS;WQSJ1SX;WQSJ2A1;WQSJ2A2;WQSJ2A3;WQSJ2A4;WQSJ2A5;WQSJ2A6;WQSJ2A7;WQSJ2A8;WQSJ2A9;WQSJ2CA;WQSJ2G1;WQSJ2SA;WQSJ2SS;WQSJ2SX;WQSJ3A1;WQSJ3A2;WQSJ3A3;WQSJ3A4;WQSJ3A5;WQSJ3A6;WQSJ3A7;WQSJ3A8;WQSJ3A9;WQSJ3CA;WQSJ3G1;WQSJ3SA;WQSJ3SS;WQSJ3SX;WQSJ4A1;WQSJ4A2;WQSJ4A3;WQSJ4A4;WQSJ4A5;WQSJ4A6;WQSJ4A7;WQSJ4A8;WQSJ4A9;WQSJ4CA;WQSJ4G1;WQSJ4SA;WQSJ4SS;WQSJ4SX;WQSJ5A1;WQSJ5A2;WQSJ5A3;WQSJ5A4;WQSJ5A5;WQSJ5A6;WQSJ5A7;WQSJ5A8;WQSJ5A9;WQSJ5CA;WQSJ5G1;WQSJ5SA;WQSJ5SS;WQSJ5SX;WQSJ6A1;WQSJ6A2;WQSJ6A3;WQSJ6A4;WQSJ6A5;WQSJ6A6;WQSJ6A7;WQSJ6A8;WQSJ6A9;WQSJ6CA;WQSJ6G1;WQSJ6SA;WQSJ6SS;WQSJ6SX;WQSJ7A1;WQSJ7A2;WQSJ7A3;WQSJ7A4;WQSJ7A5;WQSJ7A6;WQSJ7A7;WQSJ7A8;WQSJ7A9;WQSJ7CA;WQSJ7G1;WQSJ7SA;WQSJ7SS;WQSJ7SX;WQSJ8A1;WQSJ8A2;WQSJ8A3;WQSJ8A4;WQSJ8A5;WQSJ8A6;WQSJ8A7;WQSJ8A8;WQSJ8A9;WQSJ8CA;WQSJ8G1;WQSJ8SA;WQSJ8SS;WQSJ8SX;WQSJ9A1;WQSJ9A2;WQSJ9A3;WQSJ9A4;WQSJ9A5;WQSJ9A6;WQSJ9A7;WQSJ9A8;WQSJ9A9;WQSJ9CA;WQSJ9G1;WQSJ9SA;WQSJ9SS;WQSJ9SX;WQSJAA1;WQSJAA2;WQSJAA3;WQSJAA4;WQSJAA5;WQSJAA6;WQSJAA7;WQSJAA8;WQSJAA9;WQSJACA;WQSJAG1;WQSJASA;WQSJASS;WQSJASX;WQSJBA1;WQSJBA2;WQSJBA3;WQSJBA4;WQSJBA5;WQSJBA6;WQSJBA7;WQSJBA8;WQSJBA9;WQSJBCA;WQSJBG1;WQSJBSA;WQSJBSS;WQSJBSX;WQSJCA1;WQSJCA2;WQSJCA3;WQSJCA4;WQSJCA5;WQSJCA6;WQSJCA7;WQSJCA8;WQSJCA9;WQSJCCA;WQSJCG1;WQSJCSA;WQSJCSS;WQSJCSX;WQSM2A1;WQSM2A3;WQSM2A5;WQSM2A7;WQSM2A8;WQSM2A9;WQSM2G1;WQSM2OA7;WQSM2OA8;WQSM2OA9;WQSM2OG1;WQSMCA1;WQSMCA3;WQSMCA5;WQSMCA7;WQSMCA8;WQSMCA9;WQSMCG1;WQSMCOA7;WQSMCOA8;WQSMCOA9;WQSMCOG1;WQSMSA1;WQSMSA3;WQSMSA5;WQSMSA7;WQSMSA8;WQSMSA9;WQSMSG1;WQSMSOA7;WQSMSOA8;WQSMSOA9;WQSMSOG1;WQSQ2A2;WQSQ2A4;WQSQ2A6;WQSQ2G1;WQSQ3A2;WQSQ3A4;WQSQ3A6;WQSQ3G1;WQSQ4A2;WQSQ4A4;WQSQ4A6;WQSQ4G1;WQSQSA2;WQSQSA4;WQSQSA6;WQSQSG1;WQSS0A1;WQSS0A3;WQSS0A5;WQSS0A7;WQSS0A8;WQSS0A9;WQSS0G1;WQSS0OA7;WQSS0OA8;WQSS0OA9;WQSS0OG1;WQSS1A1;WQSS1A3;WQSS1A5;WQSS1A7;WQSS1A8;WQSS1A9;WQSS1G1;WQSS1OA7;WQSS1OA8;WQSS1OA9;WQSS1OG1;WQSS2A2;WQSS2A4;WQSS2A6;WQSS2G1;WQSS3A1;WQSS3A3;WQSS3A5;WQSS3A7;WQSS3A8;WQSS3A9;WQSS3G1;WQSS3OA7;WQSS3OA8;WQSS3OA9;WQSS3OG1;WQSSCA1;WQSSCA3;WQSSCA5;WQSSCA7;WQSSCA8;WQSSCA9;WQSSCG1;WQSSCOA7;WQSSCOA8;WQSSCOA9;WQSSCOG1;WQSSLG1;WQSSLSS;WQSSPA2;WQSSPA4;WQSSPA6;WQSSPG1;WQSSSA1;WQSSSA3;WQSSSA5;WQSSSA7;WQSSSA8;WQSSSA9;WQSSSG1;WQSSSOA7;WQSSSOA8;WQSSSOA9;WQSSSOG1;WQSWHA1;WQSWHA3;WQSWHA5;WQSWHA7;WQSWHA8;WQSWHA9;WQSWHG1;WQSWHOA7;WQSWHOA8;WQSWHOA9;WQSWHOG1;WQSZWA1;WQSZWA2;WQSZWA3;WQSZWA4;WQSZWA5;WQSZWA6;WQSZWA7;WQSZWA8;WQSZWA9;WQSZWCA;WQSZWG1;WQSZWSA;WQSZWSS;WQSZWSX,q3m-reference-available,docs/measurements/playable-q3m-x2-ingame-20261002-v1/current-generation.json,no-colour-variant-reference,93850,93777,,sprite/index/palette-work-plan.json,93850
0x6103,FIGHTER_MALE_HALFLING,character,6000,1,1,CIMB,66,53,596,161725,0x6103:body:armor-code:1:CIMB1;0x6103:body:armor-code:2:CIMB2;0x6103:body:armor-code:3:CIMB3;0x6103:body:armor-code:4:CIMF4;0x6103:helmet:item-animation-code:H0:WQSH0;0x6103:helmet:item-animation-code:H1:WQSH1;0x6103:helmet:item-animation-code:H2:WQSH2;0x6103:helmet:item-animation-code:H5:WQSH5;0x6103:helmet:item-animation-code:J0:WQSJ0;0x6103:helmet:item-animation-code:J1:WQSJ1;0x6103:helmet:item-animation-code:J2:WQSJ2;0x6103:helmet:item-animation-code:J3:WQSJ3;0x6103:helmet:item-animation-code:J4:WQSJ4;0x6103:helmet:item-animation-code:J5:WQSJ5;0x6103:helmet:item-animation-code:J6:WQSJ6;0x6103:helmet:item-animation-code:J7:WQSJ7;0x6103:helmet:item-animation-code:J8:WQSJ8;0x6103:helmet:item-animation-code:J9:WQSJ9;0x6103:helmet:item-animation-code:JA:WQSJA;0x6103:helmet:item-animation-code:JB:WQSJB;0x6103:helmet:item-animation-code:JC:WQSJC;0x6103:helmet:item-animation-code:YW:WQSYW;0x6103:helmet:item-animation-code:ZW:WQSZW;0x6103:shield:item-animation-code:C0:WQHC0;0x6103:shield:item-animation-code:C1:WQHC1;0x6103:shield:item-animation-code:C2:WQHC2;0x6103:shield:item-animation-code:C3:WQHC3;0x6103:shield:item-animation-code:C4:WQHC4;0x6103:shield:item-animation-code:C5:WQHC5;0x6103:shield:item-animation-code:C6:WQHC6;0x6103:shield:item-animation-code:C7:WQHC7;0x6103:shield:item-animation-code:D1:WQHD1;0x6103:shield:item-animation-code:D2:WQHD2;0x6103:shield:item-animation-code:D3:WQHD3;0x6103:shield:item-animation-code:D4:WQHD4;0x6103:weapon:item-animation-code:AX:WQSAX;0x6103:weapon:item-animation-code:BS:WQSBS;0x6103:weapon:item-animation-code:BW:WQSBW;0x6103:weapon:item-animation-code:CB:WQSCB;0x6103:weapon:item-animation-code:CL:WQSCL;0x6103:weapon:item-animation-code:DD:WQSDD;0x6103:weapon:item-animation-code:F0:WQSF0;0x6103:weapon:item-animation-code:F1:WQSF1;0x6103:weapon:item-animation-code:F2:WQSF2;0x6103:weapon:item-animation-code:F3:WQSF3;0x6103:weapon:item-animation-code:FL:WQSFL;0x6103:weapon:item-animation-code:FS:WQSFS;0x6103:weapon:item-animation-code:GS:WQSGS;0x6103:weapon:item-animation-code:H6:WQSH6;0x6103:weapon:item-animation-code:HB:WQSHB;0x6103:weapon:item-animation-code:M2:WQSM2;0x6103:weapon:item-animation-code:MC:WQSMC;0x6103:weapon:item-animation-code:MS:WQSMS;0x6103:weapon:item-animation-code:Q2:WQSQ2;0x6103:weapon:item-animation-code:Q3:WQSQ3;0x6103:weapon:item-animation-code:Q4:WQSQ4;0x6103:weapon:item-animation-code:QS:WQSQS;0x6103:weapon:item-animation-code:S0:WQSS0;0x6103:weapon:item-animation-code:S1:WQSS1;0x6103:weapon:item-animation-code:S2:WQSS2;0x6103:weapon:item-animation-code:S3:WQSS3;0x6103:weapon:item-animation-code:SC:WQSSC;0x6103:weapon:item-animation-code:SL:WQSSL;0x6103:weapon:item-animation-code:SP:WQSSP;0x6103:weapon:item-animation-code:SS:WQSSS;0x6103:weapon:item-animation-code:WH:WQSWH,CIMB1A1;CIMB1A2;CIMB1A3;CIMB1A4;CIMB1A5;CIMB1A6;CIMB1A7;CIMB1A8;CIMB1A9;CIMB1CA;CIMB1G1;CIMB1G11;CIMB1G12;CIMB1G13;CIMB1G14;CIMB1G15;CIMB1G16;CIMB1G17;CIMB1G18;CIMB1G19;CIMB1SA;CIMB1SS;CIMB1SX;CIMB2A1;CIMB2A2;CIMB2A3;CIMB2A4;CIMB2A5;CIMB2A6;CIMB2A7;CIMB2A8;CIMB2A9;CIMB2CA;CIMB2G1;CIMB2G11;CIMB2G12;CIMB2G13;CIMB2G14;CIMB2G15;CIMB2G16;CIMB2G17;CIMB2G18;CIMB2G19;CIMB2SA;CIMB2SS;CIMB2SX;CIMB3A1;CIMB3A2;CIMB3A3;CIMB3A4;CIMB3A5;CIMB3A6;CIMB3A7;CIMB3A8;CIMB3A9;CIMB3CA;CIMB3G1;CIMB3G11;CIMB3G12;CIMB3G13;CIMB3G14;CIMB3G15;CIMB3G16;CIMB3G17;CIMB3G18;CIMB3G19;CIMB3SA;CIMB3SS;CIMB3SX;CIMF4A1;CIMF4A2;CIMF4A3;CIMF4A4;CIMF4A5;CIMF4A6;CIMF4A7;CIMF4A8;CIMF4A9;CIMF4CA;CIMF4G1;CIMF4G11;CIMF4G12;CIMF4G13;CIMF4G14;CIMF4G15;CIMF4G16;CIMF4G17;CIMF4G18;CIMF4G19;CIMF4SA;CIMF4SS;CIMF4SX;WQSAXA1;WQSAXA3;WQSAXA5;WQSAXA7;WQSAXA8;WQSAXA9;WQSAXG1;WQSAXOA7;WQSAXOA8;WQSAXOA9;WQSAXOG1;WQSBSG1;WQSBSSA;WQSBWG1;WQSBWSA;WQSCBG1;WQSCBSX;WQSCLA1;WQSCLA3;WQSCLA5;WQSCLA7;WQSCLA8;WQSCLA9;WQSCLG1;WQSCLOA7;WQSCLOA8;WQSCLOA9;WQSCLOG1;WQSDDA1;WQSDDA3;WQSDDA5;WQSDDA7;WQSDDA8;WQSDDA9;WQSDDG1;WQSDDOA7;WQSDDOA8;WQSDDOA9;WQSDDOG1;WQSF0A1;WQSF0A3;WQSF0A5;WQSF0A7;WQSF0A8;WQSF0A9;WQSF0G1;WQSF0OA7;WQSF0OA8;WQSF0OA9;WQSF0OG1;WQSF1A1;WQSF1A3;WQSF1A5;WQSF1A7;WQSF1A8;WQSF1A9;WQSF1G1;WQSF1OA7;WQSF1OA8;WQSF1OA9;WQSF1OG1;WQSF2A1;WQSF2A3;WQSF2A5;WQSF2A7;WQSF2A8;WQSF2A9;WQSF2G1;WQSF2OA7;WQSF2OA8;WQSF2OA9;WQSF2OG1;WQSF3A1;WQSF3A3;WQSF3A5;WQSF3A7;WQSF3A8;WQSF3A9;WQSF3G1;WQSF3OA7;WQSF3OA8;WQSF3OA9;WQSF3OG1;WQSFLA1;WQSFLA3;WQSFLA5;WQSFLA7;WQSFLA8;WQSFLA9;WQSFLG1;WQSFLOA7;WQSFLOA8;WQSFLOA9;WQSFLOG1;WQSFSA1;WQSFSA3;WQSFSA5;WQSFSA7;WQSFSA8;WQSFSA9;WQSFSG1;WQSFSOA7;WQSFSOA8;WQSFSOA9;WQSFSOG1;WQSGSA2;WQSGSA4;WQSGSA6;WQSGSG1;WQSH0A1;WQSH0A2;WQSH0A3;WQSH0A4;WQSH0A5;WQSH0A6;WQSH0A7;WQSH0A8;WQSH0A9;WQSH0CA;WQSH0G1;WQSH0SA;WQSH0SS;WQSH0SX;WQSH1A1;WQSH1A2;WQSH1A3;WQSH1A4;WQSH1A5;WQSH1A6;WQSH1A7;WQSH1A8;WQSH1A9;WQSH1CA;WQSH1G1;WQSH1SA;WQSH1SS;WQSH1SX;WQSH2A1;WQSH2A2;WQSH2A3;WQSH2A4;WQSH2A5;WQSH2A6;WQSH2A7;WQSH2A8;WQSH2A9;WQSH2CA;WQSH2G1;WQSH2SA;WQSH2SS;WQSH2SX;WQSH5A1;WQSH5A2;WQSH5A3;WQSH5A4;WQSH5A5;WQSH5A6;WQSH5A7;WQSH5A8;WQSH5A9;WQSH5CA;WQSH5G1;WQSH5SA;WQSH5SS;WQSH5SX;WQSH6A1;WQSH6A2;WQSH6A3;WQSH6A4;WQSH6A5;WQSH6A6;WQSH6A7;WQSH6A8;WQSH6A9;WQSH6CA;WQSH6G1;WQSH6SA;WQSH6SS;WQSH6SX;WQSHBA2;WQSHBA4;WQSHBA6;WQSHBG1;WQSJ0A1;WQSJ0A2;WQSJ0A3;WQSJ0A4;WQSJ0A5;WQSJ0A6;WQSJ0A7;WQSJ0A8;WQSJ0A9;WQSJ0CA;WQSJ0G1;WQSJ0SA;WQSJ0SS;WQSJ0SX;WQSJ1A1;WQSJ1A2;WQSJ1A3;WQSJ1A4;WQSJ1A5;WQSJ1A6;WQSJ1A7;WQSJ1A8;WQSJ1A9;WQSJ1CA;WQSJ1G1;WQSJ1SA;WQSJ1SS;WQSJ1SX;WQSJ2A1;WQSJ2A2;WQSJ2A3;WQSJ2A4;WQSJ2A5;WQSJ2A6;WQSJ2A7;WQSJ2A8;WQSJ2A9;WQSJ2CA;WQSJ2G1;WQSJ2SA;WQSJ2SS;WQSJ2SX;WQSJ3A1;WQSJ3A2;WQSJ3A3;WQSJ3A4;WQSJ3A5;WQSJ3A6;WQSJ3A7;WQSJ3A8;WQSJ3A9;WQSJ3CA;WQSJ3G1;WQSJ3SA;WQSJ3SS;WQSJ3SX;WQSJ4A1;WQSJ4A2;WQSJ4A3;WQSJ4A4;WQSJ4A5;WQSJ4A6;WQSJ4A7;WQSJ4A8;WQSJ4A9;WQSJ4CA;WQSJ4G1;WQSJ4SA;WQSJ4SS;WQSJ4SX;WQSJ5A1;WQSJ5A2;WQSJ5A3;WQSJ5A4;WQSJ5A5;WQSJ5A6;WQSJ5A7;WQSJ5A8;WQSJ5A9;WQSJ5CA;WQSJ5G1;WQSJ5SA;WQSJ5SS;WQSJ5SX;WQSJ6A1;WQSJ6A2;WQSJ6A3;WQSJ6A4;WQSJ6A5;WQSJ6A6;WQSJ6A7;WQSJ6A8;WQSJ6A9;WQSJ6CA;WQSJ6G1;WQSJ6SA;WQSJ6SS;WQSJ6SX;WQSJ7A1;WQSJ7A2;WQSJ7A3;WQSJ7A4;WQSJ7A5;WQSJ7A6;WQSJ7A7;WQSJ7A8;WQSJ7A9;WQSJ7CA;WQSJ7G1;WQSJ7SA;WQSJ7SS;WQSJ7SX;WQSJ8A1;WQSJ8A2;WQSJ8A3;WQSJ8A4;WQSJ8A5;WQSJ8A6;WQSJ8A7;WQSJ8A8;WQSJ8A9;WQSJ8CA;WQSJ8G1;WQSJ8SA;WQSJ8SS;WQSJ8SX;WQSJ9A1;WQSJ9A2;WQSJ9A3;WQSJ9A4;WQSJ9A5;WQSJ9A6;WQSJ9A7;WQSJ9A8;WQSJ9A9;WQSJ9CA;WQSJ9G1;WQSJ9SA;WQSJ9SS;WQSJ9SX;WQSJAA1;WQSJAA2;WQSJAA3;WQSJAA4;WQSJAA5;WQSJAA6;WQSJAA7;WQSJAA8;WQSJAA9;WQSJACA;WQSJAG1;WQSJASA;WQSJASS;WQSJASX;WQSJBA1;WQSJBA2;WQSJBA3;WQSJBA4;WQSJBA5;WQSJBA6;WQSJBA7;WQSJBA8;WQSJBA9;WQSJBCA;WQSJBG1;WQSJBSA;WQSJBSS;WQSJBSX;WQSJCA1;WQSJCA2;WQSJCA3;WQSJCA4;WQSJCA5;WQSJCA6;WQSJCA7;WQSJCA8;WQSJCA9;WQSJCCA;WQSJCG1;WQSJCSA;WQSJCSS;WQSJCSX;WQSM2A1;WQSM2A3;WQSM2A5;WQSM2A7;WQSM2A8;WQSM2A9;WQSM2G1;WQSM2OA7;WQSM2OA8;WQSM2OA9;WQSM2OG1;WQSMCA1;WQSMCA3;WQSMCA5;WQSMCA7;WQSMCA8;WQSMCA9;WQSMCG1;WQSMCOA7;WQSMCOA8;WQSMCOA9;WQSMCOG1;WQSMSA1;WQSMSA3;WQSMSA5;WQSMSA7;WQSMSA8;WQSMSA9;WQSMSG1;WQSMSOA7;WQSMSOA8;WQSMSOA9;WQSMSOG1;WQSQ2A2;WQSQ2A4;WQSQ2A6;WQSQ2G1;WQSQ3A2;WQSQ3A4;WQSQ3A6;WQSQ3G1;WQSQ4A2;WQSQ4A4;WQSQ4A6;WQSQ4G1;WQSQSA2;WQSQSA4;WQSQSA6;WQSQSG1;WQSS0A1;WQSS0A3;WQSS0A5;WQSS0A7;WQSS0A8;WQSS0A9;WQSS0G1;WQSS0OA7;WQSS0OA8;WQSS0OA9;WQSS0OG1;WQSS1A1;WQSS1A3;WQSS1A5;WQSS1A7;WQSS1A8;WQSS1A9;WQSS1G1;WQSS1OA7;WQSS1OA8;WQSS1OA9;WQSS1OG1;WQSS2A2;WQSS2A4;WQSS2A6;WQSS2G1;WQSS3A1;WQSS3A3;WQSS3A5;WQSS3A7;WQSS3A8;WQSS3A9;WQSS3G1;WQSS3OA7;WQSS3OA8;WQSS3OA9;WQSS3OG1;WQSSCA1;WQSSCA3;WQSSCA5;WQSSCA7;WQSSCA8;WQSSCA9;WQSSCG1;WQSSCOA7;WQSSCOA8;WQSSCOA9;WQSSCOG1;WQSSLG1;WQSSLSS;WQSSPA2;WQSSPA4;WQSSPA6;WQSSPG1;WQSSSA1;WQSSSA3;WQSSSA5;WQSSSA7;WQSSSA8;WQSSSA9;WQSSSG1;WQSSSOA7;WQSSSOA8;WQSSSOA9;WQSSSOG1;WQSWHA1;WQSWHA3;WQSWHA5;WQSWHA7;WQSWHA8;WQSWHA9;WQSWHG1;WQSWHOA7;WQSWHOA8;WQSWHOA9;WQSWHOG1;WQSZWA1;WQSZWA2;WQSZWA3;WQSZWA4;WQSZWA5;WQSZWA6;WQSZWA7;WQSZWA8;WQSZWA9;WQSZWCA;WQSZWG1;WQSZWSA;WQSZWSS;WQSZWSX,q3m-reference-available,docs/measurements/playable-q3m-x2-ingame-20261002-v1/current-generation.json,no-colour-variant-reference,79040,78969,,sprite/index/palette-work-plan.json,79040
0x6104,FIGHTER_MALE_GNOME,character,6000,1,1,CDMB,66,53,596,161725,0x6104:body:armor-code:1:CDMB1;0x6104:body:armor-code:2:CDMB2;0x6104:body:armor-code:3:CDMB3;0x6104:body:armor-code:4:CDMF4;0x6104:helmet:item-animation-code:H0:WQSH0;0x6104:helmet:item-animation-code:H1:WQSH1;0x6104:helmet:item-animation-code:H2:WQSH2;0x6104:helmet:item-animation-code:H5:WQSH5;0x6104:helmet:item-animation-code:J0:WQSJ0;0x6104:helmet:item-animation-code:J1:WQSJ1;0x6104:helmet:item-animation-code:J2:WQSJ2;0x6104:helmet:item-animation-code:J3:WQSJ3;0x6104:helmet:item-animation-code:J4:WQSJ4;0x6104:helmet:item-animation-code:J5:WQSJ5;0x6104:helmet:item-animation-code:J6:WQSJ6;0x6104:helmet:item-animation-code:J7:WQSJ7;0x6104:helmet:item-animation-code:J8:WQSJ8;0x6104:helmet:item-animation-code:J9:WQSJ9;0x6104:helmet:item-animation-code:JA:WQSJA;0x6104:helmet:item-animation-code:JB:WQSJB;0x6104:helmet:item-animation-code:JC:WQSJC;0x6104:helmet:item-animation-code:YW:WQSYW;0x6104:helmet:item-animation-code:ZW:WQSZW;0x6104:shield:item-animation-code:C0:WQHC0;0x6104:shield:item-animation-code:C1:WQHC1;0x6104:shield:item-animation-code:C2:WQHC2;0x6104:shield:item-animation-code:C3:WQHC3;0x6104:shield:item-animation-code:C4:WQHC4;0x6104:shield:item-animation-code:C5:WQHC5;0x6104:shield:item-animation-code:C6:WQHC6;0x6104:shield:item-animation-code:C7:WQHC7;0x6104:shield:item-animation-code:D1:WQHD1;0x6104:shield:item-animation-code:D2:WQHD2;0x6104:shield:item-animation-code:D3:WQHD3;0x6104:shield:item-animation-code:D4:WQHD4;0x6104:weapon:item-animation-code:AX:WQSAX;0x6104:weapon:item-animation-code:BS:WQSBS;0x6104:weapon:item-animation-code:BW:WQSBW;0x6104:weapon:item-animation-code:CB:WQSCB;0x6104:weapon:item-animation-code:CL:WQSCL;0x6104:weapon:item-animation-code:DD:WQSDD;0x6104:weapon:item-animation-code:F0:WQSF0;0x6104:weapon:item-animation-code:F1:WQSF1;0x6104:weapon:item-animation-code:F2:WQSF2;0x6104:weapon:item-animation-code:F3:WQSF3;0x6104:weapon:item-animation-code:FL:WQSFL;0x6104:weapon:item-animation-code:FS:WQSFS;0x6104:weapon:item-animation-code:GS:WQSGS;0x6104:weapon:item-animation-code:H6:WQSH6;0x6104:weapon:item-animation-code:HB:WQSHB;0x6104:weapon:item-animation-code:M2:WQSM2;0x6104:weapon:item-animation-code:MC:WQSMC;0x6104:weapon:item-animation-code:MS:WQSMS;0x6104:weapon:item-animation-code:Q2:WQSQ2;0x6104:weapon:item-animation-code:Q3:WQSQ3;0x6104:weapon:item-animation-code:Q4:WQSQ4;0x6104:weapon:item-animation-code:QS:WQSQS;0x6104:weapon:item-animation-code:S0:WQSS0;0x6104:weapon:item-animation-code:S1:WQSS1;0x6104:weapon:item-animation-code:S2:WQSS2;0x6104:weapon:item-animation-code:S3:WQSS3;0x6104:weapon:item-animation-code:SC:WQSSC;0x6104:weapon:item-animation-code:SL:WQSSL;0x6104:weapon:item-animation-code:SP:WQSSP;0x6104:weapon:item-animation-code:SS:WQSSS;0x6104:weapon:item-animation-code:WH:WQSWH,CDMB1A1;CDMB1A2;CDMB1A3;CDMB1A4;CDMB1A5;CDMB1A6;CDMB1A7;CDMB1A8;CDMB1A9;CDMB1CA;CDMB1G1;CDMB1G11;CDMB1G12;CDMB1G13;CDMB1G14;CDMB1G15;CDMB1G16;CDMB1G17;CDMB1G18;CDMB1G19;CDMB1SA;CDMB1SS;CDMB1SX;CDMB2A1;CDMB2A2;CDMB2A3;CDMB2A4;CDMB2A5;CDMB2A6;CDMB2A7;CDMB2A8;CDMB2A9;CDMB2CA;CDMB2G1;CDMB2G11;CDMB2G12;CDMB2G13;CDMB2G14;CDMB2G15;CDMB2G16;CDMB2G17;CDMB2G18;CDMB2G19;CDMB2SA;CDMB2SS;CDMB2SX;CDMB3A1;CDMB3A2;CDMB3A3;CDMB3A4;CDMB3A5;CDMB3A6;CDMB3A7;CDMB3A8;CDMB3A9;CDMB3CA;CDMB3G1;CDMB3G11;CDMB3G12;CDMB3G13;CDMB3G14;CDMB3G15;CDMB3G16;CDMB3G17;CDMB3G18;CDMB3G19;CDMB3SA;CDMB3SS;CDMB3SX;CDMF4A1;CDMF4A2;CDMF4A3;CDMF4A4;CDMF4A5;CDMF4A6;CDMF4A7;CDMF4A8;CDMF4A9;CDMF4CA;CDMF4G1;CDMF4G11;CDMF4G12;CDMF4G13;CDMF4G14;CDMF4G15;CDMF4G16;CDMF4G17;CDMF4G18;CDMF4G19;CDMF4SA;CDMF4SS;CDMF4SX;WQSAXA1;WQSAXA3;WQSAXA5;WQSAXA7;WQSAXA8;WQSAXA9;WQSAXG1;WQSAXOA7;WQSAXOA8;WQSAXOA9;WQSAXOG1;WQSBSG1;WQSBSSA;WQSBWG1;WQSBWSA;WQSCBG1;WQSCBSX;WQSCLA1;WQSCLA3;WQSCLA5;WQSCLA7;WQSCLA8;WQSCLA9;WQSCLG1;WQSCLOA7;WQSCLOA8;WQSCLOA9;WQSCLOG1;WQSDDA1;WQSDDA3;WQSDDA5;WQSDDA7;WQSDDA8;WQSDDA9;WQSDDG1;WQSDDOA7;WQSDDOA8;WQSDDOA9;WQSDDOG1;WQSF0A1;WQSF0A3;WQSF0A5;WQSF0A7;WQSF0A8;WQSF0A9;WQSF0G1;WQSF0OA7;WQSF0OA8;WQSF0OA9;WQSF0OG1;WQSF1A1;WQSF1A3;WQSF1A5;WQSF1A7;WQSF1A8;WQSF1A9;WQSF1G1;WQSF1OA7;WQSF1OA8;WQSF1OA9;WQSF1OG1;WQSF2A1;WQSF2A3;WQSF2A5;WQSF2A7;WQSF2A8;WQSF2A9;WQSF2G1;WQSF2OA7;WQSF2OA8;WQSF2OA9;WQSF2OG1;WQSF3A1;WQSF3A3;WQSF3A5;WQSF3A7;WQSF3A8;WQSF3A9;WQSF3G1;WQSF3OA7;WQSF3OA8;WQSF3OA9;WQSF3OG1;WQSFLA1;WQSFLA3;WQSFLA5;WQSFLA7;WQSFLA8;WQSFLA9;WQSFLG1;WQSFLOA7;WQSFLOA8;WQSFLOA9;WQSFLOG1;WQSFSA1;WQSFSA3;WQSFSA5;WQSFSA7;WQSFSA8;WQSFSA9;WQSFSG1;WQSFSOA7;WQSFSOA8;WQSFSOA9;WQSFSOG1;WQSGSA2;WQSGSA4;WQSGSA6;WQSGSG1;WQSH0A1;WQSH0A2;WQSH0A3;WQSH0A4;WQSH0A5;WQSH0A6;WQSH0A7;WQSH0A8;WQSH0A9;WQSH0CA;WQSH0G1;WQSH0SA;WQSH0SS;WQSH0SX;WQSH1A1;WQSH1A2;WQSH1A3;WQSH1A4;WQSH1A5;WQSH1A6;WQSH1A7;WQSH1A8;WQSH1A9;WQSH1CA;WQSH1G1;WQSH1SA;WQSH1SS;WQSH1SX;WQSH2A1;WQSH2A2;WQSH2A3;WQSH2A4;WQSH2A5;WQSH2A6;WQSH2A7;WQSH2A8;WQSH2A9;WQSH2CA;WQSH2G1;WQSH2SA;WQSH2SS;WQSH2SX;WQSH5A1;WQSH5A2;WQSH5A3;WQSH5A4;WQSH5A5;WQSH5A6;WQSH5A7;WQSH5A8;WQSH5A9;WQSH5CA;WQSH5G1;WQSH5SA;WQSH5SS;WQSH5SX;WQSH6A1;WQSH6A2;WQSH6A3;WQSH6A4;WQSH6A5;WQSH6A6;WQSH6A7;WQSH6A8;WQSH6A9;WQSH6CA;WQSH6G1;WQSH6SA;WQSH6SS;WQSH6SX;WQSHBA2;WQSHBA4;WQSHBA6;WQSHBG1;WQSJ0A1;WQSJ0A2;WQSJ0A3;WQSJ0A4;WQSJ0A5;WQSJ0A6;WQSJ0A7;WQSJ0A8;WQSJ0A9;WQSJ0CA;WQSJ0G1;WQSJ0SA;WQSJ0SS;WQSJ0SX;WQSJ1A1;WQSJ1A2;WQSJ1A3;WQSJ1A4;WQSJ1A5;WQSJ1A6;WQSJ1A7;WQSJ1A8;WQSJ1A9;WQSJ1CA;WQSJ1G1;WQSJ1SA;WQSJ1SS;WQSJ1SX;WQSJ2A1;WQSJ2A2;WQSJ2A3;WQSJ2A4;WQSJ2A5;WQSJ2A6;WQSJ2A7;WQSJ2A8;WQSJ2A9;WQSJ2CA;WQSJ2G1;WQSJ2SA;WQSJ2SS;WQSJ2SX;WQSJ3A1;WQSJ3A2;WQSJ3A3;WQSJ3A4;WQSJ3A5;WQSJ3A6;WQSJ3A7;WQSJ3A8;WQSJ3A9;WQSJ3CA;WQSJ3G1;WQSJ3SA;WQSJ3SS;WQSJ3SX;WQSJ4A1;WQSJ4A2;WQSJ4A3;WQSJ4A4;WQSJ4A5;WQSJ4A6;WQSJ4A7;WQSJ4A8;WQSJ4A9;WQSJ4CA;WQSJ4G1;WQSJ4SA;WQSJ4SS;WQSJ4SX;WQSJ5A1;WQSJ5A2;WQSJ5A3;WQSJ5A4;WQSJ5A5;WQSJ5A6;WQSJ5A7;WQSJ5A8;WQSJ5A9;WQSJ5CA;WQSJ5G1;WQSJ5SA;WQSJ5SS;WQSJ5SX;WQSJ6A1;WQSJ6A2;WQSJ6A3;WQSJ6A4;WQSJ6A5;WQSJ6A6;WQSJ6A7;WQSJ6A8;WQSJ6A9;WQSJ6CA;WQSJ6G1;WQSJ6SA;WQSJ6SS;WQSJ6SX;WQSJ7A1;WQSJ7A2;WQSJ7A3;WQSJ7A4;WQSJ7A5;WQSJ7A6;WQSJ7A7;WQSJ7A8;WQSJ7A9;WQSJ7CA;WQSJ7G1;WQSJ7SA;WQSJ7SS;WQSJ7SX;WQSJ8A1;WQSJ8A2;WQSJ8A3;WQSJ8A4;WQSJ8A5;WQSJ8A6;WQSJ8A7;WQSJ8A8;WQSJ8A9;WQSJ8CA;WQSJ8G1;WQSJ8SA;WQSJ8SS;WQSJ8SX;WQSJ9A1;WQSJ9A2;WQSJ9A3;WQSJ9A4;WQSJ9A5;WQSJ9A6;WQSJ9A7;WQSJ9A8;WQSJ9A9;WQSJ9CA;WQSJ9G1;WQSJ9SA;WQSJ9SS;WQSJ9SX;WQSJAA1;WQSJAA2;WQSJAA3;WQSJAA4;WQSJAA5;WQSJAA6;WQSJAA7;WQSJAA8;WQSJAA9;WQSJACA;WQSJAG1;WQSJASA;WQSJASS;WQSJASX;WQSJBA1;WQSJBA2;WQSJBA3;WQSJBA4;WQSJBA5;WQSJBA6;WQSJBA7;WQSJBA8;WQSJBA9;WQSJBCA;WQSJBG1;WQSJBSA;WQSJBSS;WQSJBSX;WQSJCA1;WQSJCA2;WQSJCA3;WQSJCA4;WQSJCA5;WQSJCA6;WQSJCA7;WQSJCA8;WQSJCA9;WQSJCCA;WQSJCG1;WQSJCSA;WQSJCSS;WQSJCSX;WQSM2A1;WQSM2A3;WQSM2A5;WQSM2A7;WQSM2A8;WQSM2A9;WQSM2G1;WQSM2OA7;WQSM2OA8;WQSM2OA9;WQSM2OG1;WQSMCA1;WQSMCA3;WQSMCA5;WQSMCA7;WQSMCA8;WQSMCA9;WQSMCG1;WQSMCOA7;WQSMCOA8;WQSMCOA9;WQSMCOG1;WQSMSA1;WQSMSA3;WQSMSA5;WQSMSA7;WQSMSA8;WQSMSA9;WQSMSG1;WQSMSOA7;WQSMSOA8;WQSMSOA9;WQSMSOG1;WQSQ2A2;WQSQ2A4;WQSQ2A6;WQSQ2G1;WQSQ3A2;WQSQ3A4;WQSQ3A6;WQSQ3G1;WQSQ4A2;WQSQ4A4;WQSQ4A6;WQSQ4G1;WQSQSA2;WQSQSA4;WQSQSA6;WQSQSG1;WQSS0A1;WQSS0A3;WQSS0A5;WQSS0A7;WQSS0A8;WQSS0A9;WQSS0G1;WQSS0OA7;WQSS0OA8;WQSS0OA9;WQSS0OG1;WQSS1A1;WQSS1A3;WQSS1A5;WQSS1A7;WQSS1A8;WQSS1A9;WQSS1G1;WQSS1OA7;WQSS1OA8;WQSS1OA9;WQSS1OG1;WQSS2A2;WQSS2A4;WQSS2A6;WQSS2G1;WQSS3A1;WQSS3A3;WQSS3A5;WQSS3A7;WQSS3A8;WQSS3A9;WQSS3G1;WQSS3OA7;WQSS3OA8;WQSS3OA9;WQSS3OG1;WQSSCA1;WQSSCA3;WQSSCA5;WQSSCA7;WQSSCA8;WQSSCA9;WQSSCG1;WQSSCOA7;WQSSCOA8;WQSSCOA9;WQSSCOG1;WQSSLG1;WQSSLSS;WQSSPA2;WQSSPA4;WQSSPA6;WQSSPG1;WQSSSA1;WQSSSA3;WQSSSA5;WQSSSA7;WQSSSA8;WQSSSA9;WQSSSG1;WQSSSOA7;WQSSSOA8;WQSSSOA9;WQSSSOG1;WQSWHA1;WQSWHA3;WQSWHA5;WQSWHA7;WQSWHA8;WQSWHA9;WQSWHG1;WQSWHOA7;WQSWHOA8;WQSWHOA9;WQSWHOG1;WQSZWA1;WQSZWA2;WQSZWA3;WQSZWA4;WQSZWA5;WQSZWA6;WQSZWA7;WQSZWA8;WQSZWA9;WQSZWCA;WQSZWG1;WQSZWSA;WQSZWSS;WQSZWSX,q3m-reference-available,docs/measurements/playable-q3m-x2-ingame-20261002-v1/current-generation.json,no-colour-variant-reference,79358,79287,,sprite/index/palette-work-plan.json,79358
0x6105,FIGHTER_MALE_HALFORC,character,6000,1,1,CHMB,66,65,656,180337,0x6105:body:armor-code:1:CHMB1;0x6105:body:armor-code:2:CHMB2;0x6105:body:armor-code:3:CHMB3;0x6105:body:armor-code:4:CHMF4;0x6105:helmet:item-animation-code:H0:WQLH0;0x6105:helmet:item-animation-code:H1:WQLH1;0x6105:helmet:item-animation-code:H2:WQLH2;0x6105:helmet:item-animation-code:H5:WQLH5;0x6105:helmet:item-animation-code:J0:WQLJ0;0x6105:helmet:item-animation-code:J1:WQLJ1;0x6105:helmet:item-animation-code:J2:WQLJ2;0x6105:helmet:item-animation-code:J3:WQLJ3;0x6105:helmet:item-animation-code:J4:WQLJ4;0x6105:helmet:item-animation-code:J5:WQLJ5;0x6105:helmet:item-animation-code:J6:WQLJ6;0x6105:helmet:item-animation-code:J7:WQLJ7;0x6105:helmet:item-animation-code:J8:WQLJ8;0x6105:helmet:item-animation-code:J9:WQLJ9;0x6105:helmet:item-animation-code:JA:WQLJA;0x6105:helmet:item-animation-code:JB:WQLJB;0x6105:helmet:item-animation-code:JC:WQLJC;0x6105:helmet:item-animation-code:YW:WQLYW;0x6105:helmet:item-animation-code:ZW:WQLZW;0x6105:shield:item-animation-code:C0:WQLC0;0x6105:shield:item-animation-code:C1:WQLC1;0x6105:shield:item-animation-code:C2:WQLC2;0x6105:shield:item-animation-code:C3:WQLC3;0x6105:shield:item-animation-code:C4:WQLC4;0x6105:shield:item-animation-code:C5:WQLC5;0x6105:shield:item-animation-code:C6:WQLC6;0x6105:shield:item-animation-code:C7:WQLC7;0x6105:shield:item-animation-code:D1:WQLD1;0x6105:shield:item-animation-code:D2:WQLD2;0x6105:shield:item-animation-code:D3:WQLD3;0x6105:shield:item-animation-code:D4:WQLD4;0x6105:weapon:item-animation-code:AX:WQLAX;0x6105:weapon:item-animation-code:BS:WQLBS;0x6105:weapon:item-animation-code:BW:WQLBW;0x6105:weapon:item-animation-code:CB:WQLCB;0x6105:weapon:item-animation-code:CL:WQLCL;0x6105:weapon:item-animation-code:DD:WQLDD;0x6105:weapon:item-animation-code:F0:WQLF0;0x6105:weapon:item-animation-code:F1:WQLF1;0x6105:weapon:item-animation-code:F2:WQLF2;0x6105:weapon:item-animation-code:F3:WQLF3;0x6105:weapon:item-animation-code:FL:WQLFL;0x6105:weapon:item-animation-code:FS:WQLFS;0x6105:weapon:item-animation-code:GS:WQLGS;0x6105:weapon:item-animation-code:H6:WQLH6;0x6105:weapon:item-animation-code:HB:WQLHB;0x6105:weapon:item-animation-code:M2:WQLM2;0x6105:weapon:item-animation-code:MC:WQLMC;0x6105:weapon:item-animation-code:MS:WQLMS;0x6105:weapon:item-animation-code:Q2:WQLQ2;0x6105:weapon:item-animation-code:Q3:WQLQ3;0x6105:weapon:item-animation-code:Q4:WQLQ4;0x6105:weapon:item-animation-code:QS:WQLQS;0x6105:weapon:item-animation-code:S0:WQLS0;0x6105:weapon:item-animation-code:S1:WQLS1;0x6105:weapon:item-animation-code:S2:WQLS2;0x6105:weapon:item-animation-code:S3:WQLS3;0x6105:weapon:item-animation-code:SC:WQLSC;0x6105:weapon:item-animation-code:SL:WQLSL;0x6105:weapon:item-animation-code:SP:WQLSP;0x6105:weapon:item-animation-code:SS:WQLSS;0x6105:weapon:item-animation-code:WH:WQLWH,CHMB1A1;CHMB1A2;CHMB1A3;CHMB1A4;CHMB1A5;CHMB1A6;CHMB1A7;CHMB1A8;CHMB1A9;CHMB1CA;CHMB1G1;CHMB1G11;CHMB1G12;CHMB1G13;CHMB1G14;CHMB1G15;CHMB1G16;CHMB1G17;CHMB1G18;CHMB1G19;CHMB1SA;CHMB1SS;CHMB1SX;CHMB2A1;CHMB2A2;CHMB2A3;CHMB2A4;CHMB2A5;CHMB2A6;CHMB2A7;CHMB2A8;CHMB2A9;CHMB2CA;CHMB2G1;CHMB2G11;CHMB2G12;CHMB2G13;CHMB2G14;CHMB2G15;CHMB2G16;CHMB2G17;CHMB2G18;CHMB2G19;CHMB2SA;CHMB2SS;CHMB2SX;CHMB3A1;CHMB3A2;CHMB3A3;CHMB3A4;CHMB3A5;CHMB3A6;CHMB3A7;CHMB3A8;CHMB3A9;CHMB3CA;CHMB3G1;CHMB3G11;CHMB3G12;CHMB3G13;CHMB3G14;CHMB3G15;CHMB3G16;CHMB3G17;CHMB3G18;CHMB3G19;CHMB3SA;CHMB3SS;CHMB3SX;CHMF4A1;CHMF4A2;CHMF4A3;CHMF4A4;CHMF4A5;CHMF4A6;CHMF4A7;CHMF4A8;CHMF4A9;CHMF4CA;CHMF4G1;CHMF4G11;CHMF4G12;CHMF4G13;CHMF4G14;CHMF4G15;CHMF4G16;CHMF4G17;CHMF4G18;CHMF4G19;CHMF4SA;CHMF4SS;CHMF4SX;WQLAXA1;WQLAXA3;WQLAXA5;WQLAXA7;WQLAXA8;WQLAXA9;WQLAXG1;WQLAXOA7;WQLAXOA8;WQLAXOA9;WQLAXOG1;WQLBSG1;WQLBSSA;WQLBWG1;WQLBWSA;WQLC0A1;WQLC0A3;WQLC0A5;WQLC0G1;WQLC0SS;WQLC1A1;WQLC1A3;WQLC1A5;WQLC1G1;WQLC1SS;WQLC2A1;WQLC2A3;WQLC2A5;WQLC2G1;WQLC2SS;WQLC3A1;WQLC3A3;WQLC3A5;WQLC3G1;WQLC3SS;WQLC4A1;WQLC4A3;WQLC4A5;WQLC4G1;WQLC4SS;WQLC5A1;WQLC5A3;WQLC5A5;WQLC5G1;WQLC5SS;WQLC6A1;WQLC6A3;WQLC6A5;WQLC6G1;WQLC6SS;WQLC7A1;WQLC7A3;WQLC7A5;WQLC7G1;WQLC7SS;WQLCBG1;WQLCBSX;WQLCLA1;WQLCLA3;WQLCLA5;WQLCLA7;WQLCLA8;WQLCLA9;WQLCLG1;WQLCLOA7;WQLCLOA8;WQLCLOA9;WQLCLOG1;WQLD1A1;WQLD1A3;WQLD1A5;WQLD1G1;WQLD1SS;WQLD2A1;WQLD2A3;WQLD2A5;WQLD2G1;WQLD2SS;WQLD3A1;WQLD3A3;WQLD3A5;WQLD3G1;WQLD3SS;WQLD4A1;WQLD4A3;WQLD4A5;WQLD4G1;WQLD4SS;WQLDDA1;WQLDDA3;WQLDDA5;WQLDDA7;WQLDDA8;WQLDDA9;WQLDDG1;WQLDDOA7;WQLDDOA8;WQLDDOA9;WQLDDOG1;WQLF0A1;WQLF0A3;WQLF0A5;WQLF0A7;WQLF0A8;WQLF0A9;WQLF0G1;WQLF0OA7;WQLF0OA8;WQLF0OA9;WQLF0OG1;WQLF1A1;WQLF1A3;WQLF1A5;WQLF1A7;WQLF1A8;WQLF1A9;WQLF1G1;WQLF1OA7;WQLF1OA8;WQLF1OA9;WQLF1OG1;WQLF2A1;WQLF2A3;WQLF2A5;WQLF2A7;WQLF2A8;WQLF2A9;WQLF2G1;WQLF2OA7;WQLF2OA8;WQLF2OA9;WQLF2OG1;WQLF3A1;WQLF3A3;WQLF3A5;WQLF3A7;WQLF3A8;WQLF3A9;WQLF3G1;WQLF3OA7;WQLF3OA8;WQLF3OA9;WQLF3OG1;WQLFLA1;WQLFLA3;WQLFLA5;WQLFLA7;WQLFLA8;WQLFLA9;WQLFLG1;WQLFLOA7;WQLFLOA8;WQLFLOA9;WQLFLOG1;WQLFSA1;WQLFSA3;WQLFSA5;WQLFSA7;WQLFSA8;WQLFSA9;WQLFSG1;WQLFSOA7;WQLFSOA8;WQLFSOA9;WQLFSOG1;WQLGSA2;WQLGSA4;WQLGSA6;WQLGSG1;WQLH0A1;WQLH0A2;WQLH0A3;WQLH0A4;WQLH0A5;WQLH0A6;WQLH0A7;WQLH0A8;WQLH0A9;WQLH0CA;WQLH0G1;WQLH0SA;WQLH0SS;WQLH0SX;WQLH1A1;WQLH1A2;WQLH1A3;WQLH1A4;WQLH1A5;WQLH1A6;WQLH1A7;WQLH1A8;WQLH1A9;WQLH1CA;WQLH1G1;WQLH1SA;WQLH1SS;WQLH1SX;WQLH2A1;WQLH2A2;WQLH2A3;WQLH2A4;WQLH2A5;WQLH2A6;WQLH2A7;WQLH2A8;WQLH2A9;WQLH2CA;WQLH2G1;WQLH2SA;WQLH2SS;WQLH2SX;WQLH5A1;WQLH5A2;WQLH5A3;WQLH5A4;WQLH5A5;WQLH5A6;WQLH5A7;WQLH5A8;WQLH5A9;WQLH5CA;WQLH5G1;WQLH5SA;WQLH5SS;WQLH5SX;WQLH6A1;WQLH6A2;WQLH6A3;WQLH6A4;WQLH6A5;WQLH6A6;WQLH6A7;WQLH6A8;WQLH6A9;WQLH6CA;WQLH6G1;WQLH6SA;WQLH6SS;WQLH6SX;WQLHBA2;WQLHBA4;WQLHBA6;WQLHBG1;WQLJ0A1;WQLJ0A2;WQLJ0A3;WQLJ0A4;WQLJ0A5;WQLJ0A6;WQLJ0A7;WQLJ0A8;WQLJ0A9;WQLJ0CA;WQLJ0G1;WQLJ0SA;WQLJ0SS;WQLJ0SX;WQLJ1A1;WQLJ1A2;WQLJ1A3;WQLJ1A4;WQLJ1A5;WQLJ1A6;WQLJ1A7;WQLJ1A8;WQLJ1A9;WQLJ1CA;WQLJ1G1;WQLJ1SA;WQLJ1SS;WQLJ1SX;WQLJ2A1;WQLJ2A2;WQLJ2A3;WQLJ2A4;WQLJ2A5;WQLJ2A6;WQLJ2A7;WQLJ2A8;WQLJ2A9;WQLJ2CA;WQLJ2G1;WQLJ2SA;WQLJ2SS;WQLJ2SX;WQLJ3A1;WQLJ3A2;WQLJ3A3;WQLJ3A4;WQLJ3A5;WQLJ3A6;WQLJ3A7;WQLJ3A8;WQLJ3A9;WQLJ3CA;WQLJ3G1;WQLJ3SA;WQLJ3SS;WQLJ3SX;WQLJ4A1;WQLJ4A2;WQLJ4A3;WQLJ4A4;WQLJ4A5;WQLJ4A6;WQLJ4A7;WQLJ4A8;WQLJ4A9;WQLJ4CA;WQLJ4G1;WQLJ4SA;WQLJ4SS;WQLJ4SX;WQLJ5A1;WQLJ5A2;WQLJ5A3;WQLJ5A4;WQLJ5A5;WQLJ5A6;WQLJ5A7;WQLJ5A8;WQLJ5A9;WQLJ5CA;WQLJ5G1;WQLJ5SA;WQLJ5SS;WQLJ5SX;WQLJ6A1;WQLJ6A2;WQLJ6A3;WQLJ6A4;WQLJ6A5;WQLJ6A6;WQLJ6A7;WQLJ6A8;WQLJ6A9;WQLJ6CA;WQLJ6G1;WQLJ6SA;WQLJ6SS;WQLJ6SX;WQLJ7A1;WQLJ7A2;WQLJ7A3;WQLJ7A4;WQLJ7A5;WQLJ7A6;WQLJ7A7;WQLJ7A8;WQLJ7A9;WQLJ7CA;WQLJ7G1;WQLJ7SA;WQLJ7SS;WQLJ7SX;WQLJ8A1;WQLJ8A2;WQLJ8A3;WQLJ8A4;WQLJ8A5;WQLJ8A6;WQLJ8A7;WQLJ8A8;WQLJ8A9;WQLJ8CA;WQLJ8G1;WQLJ8SA;WQLJ8SS;WQLJ8SX;WQLJ9A1;WQLJ9A2;WQLJ9A3;WQLJ9A4;WQLJ9A5;WQLJ9A6;WQLJ9A7;WQLJ9A8;WQLJ9A9;WQLJ9CA;WQLJ9G1;WQLJ9SA;WQLJ9SS;WQLJ9SX;WQLJAA1;WQLJAA2;WQLJAA3;WQLJAA4;WQLJAA5;WQLJAA6;WQLJAA7;WQLJAA8;WQLJAA9;WQLJACA;WQLJAG1;WQLJASA;WQLJASS;WQLJASX;WQLJBA1;WQLJBA2;WQLJBA3;WQLJBA4;WQLJBA5;WQLJBA6;WQLJBA7;WQLJBA8;WQLJBA9;WQLJBCA;WQLJBG1;WQLJBSA;WQLJBSS;WQLJBSX;WQLJCA1;WQLJCA2;WQLJCA3;WQLJCA4;WQLJCA5;WQLJCA6;WQLJCA7;WQLJCA8;WQLJCA9;WQLJCCA;WQLJCG1;WQLJCSA;WQLJCSS;WQLJCSX;WQLM2A1;WQLM2A3;WQLM2A5;WQLM2A7;WQLM2A8;WQLM2A9;WQLM2G1;WQLM2OA7;WQLM2OA8;WQLM2OA9;WQLM2OG1;WQLMCA1;WQLMCA3;WQLMCA5;WQLMCA7;WQLMCA8;WQLMCA9;WQLMCG1;WQLMCOA7;WQLMCOA8;WQLMCOA9;WQLMCOG1;WQLMSA1;WQLMSA3;WQLMSA5;WQLMSA7;WQLMSA8;WQLMSA9;WQLMSG1;WQLMSOA7;WQLMSOA8;WQLMSOA9;WQLMSOG1;WQLQ2A2;WQLQ2A4;WQLQ2A6;WQLQ2G1;WQLQ3A2;WQLQ3A4;WQLQ3A6;WQLQ3G1;WQLQ4A2;WQLQ4A4;WQLQ4A6;WQLQ4G1;WQLQSA2;WQLQSA4;WQLQSA6;WQLQSG1;WQLS0A1;WQLS0A3;WQLS0A5;WQLS0A7;WQLS0A8;WQLS0A9;WQLS0G1;WQLS0OA7;WQLS0OA8;WQLS0OA9;WQLS0OG1;WQLS1A1;WQLS1A3;WQLS1A5;WQLS1A7;WQLS1A8;WQLS1A9;WQLS1G1;WQLS1OA7;WQLS1OA8;WQLS1OA9;WQLS1OG1;WQLS2A2;WQLS2A4;WQLS2A6;WQLS2G1;WQLS3A1;WQLS3A3;WQLS3A5;WQLS3A7;WQLS3A8;WQLS3A9;WQLS3G1;WQLS3OA7;WQLS3OA8;WQLS3OA9;WQLS3OG1;WQLSCA1;WQLSCA3;WQLSCA5;WQLSCA7;WQLSCA8;WQLSCA9;WQLSCG1;WQLSCOA7;WQLSCOA8;WQLSCOA9;WQLSCOG1;WQLSLG1;WQLSLSS;WQLSPA2;WQLSPA4;WQLSPA6;WQLSPG1;WQLSSA1;WQLSSA3;WQLSSA5;WQLSSA7;WQLSSA8;WQLSSA9;WQLSSG1;WQLSSOA7;WQLSSOA8;WQLSSOA9;WQLSSOG1;WQLWHA1;WQLWHA3;WQLWHA5;WQLWHA7;WQLWHA8;WQLWHA9;WQLWHG1;WQLWHOA7;WQLWHOA8;WQLWHOA9;WQLWHOG1;WQLZWA1;WQLZWA2;WQLZWA3;WQLZWA4;WQLZWA5;WQLZWA6;WQLZWA7;WQLZWA8;WQLZWA9;WQLZWCA;WQLZWG1;WQLZWSA;WQLZWSS;WQLZWSX,q3m-reference-available,docs/measurements/playable-q3m-x2-ingame-20261002-v1/current-generation.json,no-colour-variant-reference,95124,95055,,sprite/index/palette-work-plan.json,95124
0x6110,FIGHTER_FEMALE_HUMAN,character,6000,1,1,CHFB,66,65,656,178360,0x6110:body:armor-code:1:CHFB1;0x6110:body:armor-code:2:CHFB2;0x6110:body:armor-code:3:CHFB3;0x6110:body:armor-code:4:CHFF4;0x6110:helmet:item-animation-code:H0:WQNH0;0x6110:helmet:item-animation-code:H1:WQNH1;0x6110:helmet:item-animation-code:H2:WQNH2;0x6110:helmet:item-animation-code:H5:WQNH5;0x6110:helmet:item-animation-code:J0:WQNJ0;0x6110:helmet:item-animation-code:J1:WQNJ1;0x6110:helmet:item-animation-code:J2:WQNJ2;0x6110:helmet:item-animation-code:J3:WQNJ3;0x6110:helmet:item-animation-code:J4:WQNJ4;0x6110:helmet:item-animation-code:J5:WQNJ5;0x6110:helmet:item-animation-code:J6:WQNJ6;0x6110:helmet:item-animation-code:J7:WQNJ7;0x6110:helmet:item-animation-code:J8:WQNJ8;0x6110:helmet:item-animation-code:J9:WQNJ9;0x6110:helmet:item-animation-code:JA:WQNJA;0x6110:helmet:item-animation-code:JB:WQNJB;0x6110:helmet:item-animation-code:JC:WQNJC;0x6110:helmet:item-animation-code:YW:WQNYW;0x6110:helmet:item-animation-code:ZW:WQNZW;0x6110:shield:item-animation-code:C0:WQNC0;0x6110:shield:item-animation-code:C1:WQNC1;0x6110:shield:item-animation-code:C2:WQNC2;0x6110:shield:item-animation-code:C3:WQNC3;0x6110:shield:item-animation-code:C4:WQNC4;0x6110:shield:item-animation-code:C5:WQNC5;0x6110:shield:item-animation-code:C6:WQNC6;0x6110:shield:item-animation-code:C7:WQNC7;0x6110:shield:item-animation-code:D1:WQND1;0x6110:shield:item-animation-code:D2:WQND2;0x6110:shield:item-animation-code:D3:WQND3;0x6110:shield:item-animation-code:D4:WQND4;0x6110:weapon:item-animation-code:AX:WQNAX;0x6110:weapon:item-animation-code:BS:WQNBS;0x6110:weapon:item-animation-code:BW:WQNBW;0x6110:weapon:item-animation-code:CB:WQNCB;0x6110:weapon:item-animation-code:CL:WQNCL;0x6110:weapon:item-animation-code:DD:WQNDD;0x6110:weapon:item-animation-code:F0:WQNF0;0x6110:weapon:item-animation-code:F1:WQNF1;0x6110:weapon:item-animation-code:F2:WQNF2;0x6110:weapon:item-animation-code:F3:WQNF3;0x6110:weapon:item-animation-code:FL:WQNFL;0x6110:weapon:item-animation-code:FS:WQNFS;0x6110:weapon:item-animation-code:GS:WQNGS;0x6110:weapon:item-animation-code:H6:WQNH6;0x6110:weapon:item-animation-code:HB:WQNHB;0x6110:weapon:item-animation-code:M2:WQNM2;0x6110:weapon:item-animation-code:MC:WQNMC;0x6110:weapon:item-animation-code:MS:WQNMS;0x6110:weapon:item-animation-code:Q2:WQNQ2;0x6110:weapon:item-animation-code:Q3:WQNQ3;0x6110:weapon:item-animation-code:Q4:WQNQ4;0x6110:weapon:item-animation-code:QS:WQNQS;0x6110:weapon:item-animation-code:S0:WQNS0;0x6110:weapon:item-animation-code:S1:WQNS1;0x6110:weapon:item-animation-code:S2:WQNS2;0x6110:weapon:item-animation-code:S3:WQNS3;0x6110:weapon:item-animation-code:SC:WQNSC;0x6110:weapon:item-animation-code:SL:WQNSL;0x6110:weapon:item-animation-code:SP:WQNSP;0x6110:weapon:item-animation-code:SS:WQNSS;0x6110:weapon:item-animation-code:WH:WQNWH,CHFB1A1;CHFB1A2;CHFB1A3;CHFB1A4;CHFB1A5;CHFB1A6;CHFB1A7;CHFB1A8;CHFB1A9;CHFB1CA;CHFB1G1;CHFB1G11;CHFB1G12;CHFB1G13;CHFB1G14;CHFB1G15;CHFB1G16;CHFB1G17;CHFB1G18;CHFB1G19;CHFB1SA;CHFB1SS;CHFB1SX;CHFB2A1;CHFB2A2;CHFB2A3;CHFB2A4;CHFB2A5;CHFB2A6;CHFB2A7;CHFB2A8;CHFB2A9;CHFB2CA;CHFB2G1;CHFB2G11;CHFB2G12;CHFB2G13;CHFB2G14;CHFB2G15;CHFB2G16;CHFB2G17;CHFB2G18;CHFB2G19;CHFB2SA;CHFB2SS;CHFB2SX;CHFB3A1;CHFB3A2;CHFB3A3;CHFB3A4;CHFB3A5;CHFB3A6;CHFB3A7;CHFB3A8;CHFB3A9;CHFB3CA;CHFB3G1;CHFB3G11;CHFB3G12;CHFB3G13;CHFB3G14;CHFB3G15;CHFB3G16;CHFB3G17;CHFB3G18;CHFB3G19;CHFB3SA;CHFB3SS;CHFB3SX;CHFF4A1;CHFF4A2;CHFF4A3;CHFF4A4;CHFF4A5;CHFF4A6;CHFF4A7;CHFF4A8;CHFF4A9;CHFF4CA;CHFF4G1;CHFF4G11;CHFF4G12;CHFF4G13;CHFF4G14;CHFF4G15;CHFF4G16;CHFF4G17;CHFF4G18;CHFF4G19;CHFF4SA;CHFF4SS;CHFF4SX;WQNAXA1;WQNAXA3;WQNAXA5;WQNAXA7;WQNAXA8;WQNAXA9;WQNAXG1;WQNAXOA7;WQNAXOA8;WQNAXOA9;WQNAXOG1;WQNBSG1;WQNBSSA;WQNBWG1;WQNBWSA;WQNC0A1;WQNC0A3;WQNC0A5;WQNC0G1;WQNC0SS;WQNC1A1;WQNC1A3;WQNC1A5;WQNC1G1;WQNC1SS;WQNC2A1;WQNC2A3;WQNC2A5;WQNC2G1;WQNC2SS;WQNC3A1;WQNC3A3;WQNC3A5;WQNC3G1;WQNC3SS;WQNC4A1;WQNC4A3;WQNC4A5;WQNC4G1;WQNC4SS;WQNC5A1;WQNC5A3;WQNC5A5;WQNC5G1;WQNC5SS;WQNC6A1;WQNC6A3;WQNC6A5;WQNC6G1;WQNC6SS;WQNC7A1;WQNC7A3;WQNC7A5;WQNC7G1;WQNC7SS;WQNCBG1;WQNCBSX;WQNCLA1;WQNCLA3;WQNCLA5;WQNCLA7;WQNCLA8;WQNCLA9;WQNCLG1;WQNCLOA7;WQNCLOA8;WQNCLOA9;WQNCLOG1;WQND1A1;WQND1A3;WQND1A5;WQND1G1;WQND1SS;WQND2A1;WQND2A3;WQND2A5;WQND2G1;WQND2SS;WQND3A1;WQND3A3;WQND3A5;WQND3G1;WQND3SS;WQND4A1;WQND4A3;WQND4A5;WQND4G1;WQND4SS;WQNDDA1;WQNDDA3;WQNDDA5;WQNDDA7;WQNDDA8;WQNDDA9;WQNDDG1;WQNDDOA7;WQNDDOA8;WQNDDOA9;WQNDDOG1;WQNF0A1;WQNF0A3;WQNF0A5;WQNF0A7;WQNF0A8;WQNF0A9;WQNF0G1;WQNF0OA7;WQNF0OA8;WQNF0OA9;WQNF0OG1;WQNF1A1;WQNF1A3;WQNF1A5;WQNF1A7;WQNF1A8;WQNF1A9;WQNF1G1;WQNF1OA7;WQNF1OA8;WQNF1OA9;WQNF1OG1;WQNF2A1;WQNF2A3;WQNF2A5;WQNF2A7;WQNF2A8;WQNF2A9;WQNF2G1;WQNF2OA7;WQNF2OA8;WQNF2OA9;WQNF2OG1;WQNF3A1;WQNF3A3;WQNF3A5;WQNF3A7;WQNF3A8;WQNF3A9;WQNF3G1;WQNF3OA7;WQNF3OA8;WQNF3OA9;WQNF3OG1;WQNFLA1;WQNFLA3;WQNFLA5;WQNFLA7;WQNFLA8;WQNFLA9;WQNFLG1;WQNFLOA7;WQNFLOA8;WQNFLOA9;WQNFLOG1;WQNFSA1;WQNFSA3;WQNFSA5;WQNFSA7;WQNFSA8;WQNFSA9;WQNFSG1;WQNFSOA7;WQNFSOA8;WQNFSOA9;WQNFSOG1;WQNGSA2;WQNGSA4;WQNGSA6;WQNGSG1;WQNH0A1;WQNH0A2;WQNH0A3;WQNH0A4;WQNH0A5;WQNH0A6;WQNH0A7;WQNH0A8;WQNH0A9;WQNH0CA;WQNH0G1;WQNH0SA;WQNH0SS;WQNH0SX;WQNH1A1;WQNH1A2;WQNH1A3;WQNH1A4;WQNH1A5;WQNH1A6;WQNH1A7;WQNH1A8;WQNH1A9;WQNH1CA;WQNH1G1;WQNH1SA;WQNH1SS;WQNH1SX;WQNH2A1;WQNH2A2;WQNH2A3;WQNH2A4;WQNH2A5;WQNH2A6;WQNH2A7;WQNH2A8;WQNH2A9;WQNH2CA;WQNH2G1;WQNH2SA;WQNH2SS;WQNH2SX;WQNH5A1;WQNH5A2;WQNH5A3;WQNH5A4;WQNH5A5;WQNH5A6;WQNH5A7;WQNH5A8;WQNH5A9;WQNH5CA;WQNH5G1;WQNH5SA;WQNH5SS;WQNH5SX;WQNH6A1;WQNH6A2;WQNH6A3;WQNH6A4;WQNH6A5;WQNH6A6;WQNH6A7;WQNH6A8;WQNH6A9;WQNH6CA;WQNH6G1;WQNH6SA;WQNH6SS;WQNH6SX;WQNHBA2;WQNHBA4;WQNHBA6;WQNHBG1;WQNJ0A1;WQNJ0A2;WQNJ0A3;WQNJ0A4;WQNJ0A5;WQNJ0A6;WQNJ0A7;WQNJ0A8;WQNJ0A9;WQNJ0CA;WQNJ0G1;WQNJ0SA;WQNJ0SS;WQNJ0SX;WQNJ1A1;WQNJ1A2;WQNJ1A3;WQNJ1A4;WQNJ1A5;WQNJ1A6;WQNJ1A7;WQNJ1A8;WQNJ1A9;WQNJ1CA;WQNJ1G1;WQNJ1SA;WQNJ1SS;WQNJ1SX;WQNJ2A1;WQNJ2A2;WQNJ2A3;WQNJ2A4;WQNJ2A5;WQNJ2A6;WQNJ2A7;WQNJ2A8;WQNJ2A9;WQNJ2CA;WQNJ2G1;WQNJ2SA;WQNJ2SS;WQNJ2SX;WQNJ3A1;WQNJ3A2;WQNJ3A3;WQNJ3A4;WQNJ3A5;WQNJ3A6;WQNJ3A7;WQNJ3A8;WQNJ3A9;WQNJ3CA;WQNJ3G1;WQNJ3SA;WQNJ3SS;WQNJ3SX;WQNJ4A1;WQNJ4A2;WQNJ4A3;WQNJ4A4;WQNJ4A5;WQNJ4A6;WQNJ4A7;WQNJ4A8;WQNJ4A9;WQNJ4CA;WQNJ4G1;WQNJ4SA;WQNJ4SS;WQNJ4SX;WQNJ5A1;WQNJ5A2;WQNJ5A3;WQNJ5A4;WQNJ5A5;WQNJ5A6;WQNJ5A7;WQNJ5A8;WQNJ5A9;WQNJ5CA;WQNJ5G1;WQNJ5SA;WQNJ5SS;WQNJ5SX;WQNJ6A1;WQNJ6A2;WQNJ6A3;WQNJ6A4;WQNJ6A5;WQNJ6A6;WQNJ6A7;WQNJ6A8;WQNJ6A9;WQNJ6CA;WQNJ6G1;WQNJ6SA;WQNJ6SS;WQNJ6SX;WQNJ7A1;WQNJ7A2;WQNJ7A3;WQNJ7A4;WQNJ7A5;WQNJ7A6;WQNJ7A7;WQNJ7A8;WQNJ7A9;WQNJ7CA;WQNJ7G1;WQNJ7SA;WQNJ7SS;WQNJ7SX;WQNJ8A1;WQNJ8A2;WQNJ8A3;WQNJ8A4;WQNJ8A5;WQNJ8A6;WQNJ8A7;WQNJ8A8;WQNJ8A9;WQNJ8CA;WQNJ8G1;WQNJ8SA;WQNJ8SS;WQNJ8SX;WQNJ9A1;WQNJ9A2;WQNJ9A3;WQNJ9A4;WQNJ9A5;WQNJ9A6;WQNJ9A7;WQNJ9A8;WQNJ9A9;WQNJ9CA;WQNJ9G1;WQNJ9SA;WQNJ9SS;WQNJ9SX;WQNJAA1;WQNJAA2;WQNJAA3;WQNJAA4;WQNJAA5;WQNJAA6;WQNJAA7;WQNJAA8;WQNJAA9;WQNJACA;WQNJAG1;WQNJASA;WQNJASS;WQNJASX;WQNJBA1;WQNJBA2;WQNJBA3;WQNJBA4;WQNJBA5;WQNJBA6;WQNJBA7;WQNJBA8;WQNJBA9;WQNJBCA;WQNJBG1;WQNJBSA;WQNJBSS;WQNJBSX;WQNJCA1;WQNJCA2;WQNJCA3;WQNJCA4;WQNJCA5;WQNJCA6;WQNJCA7;WQNJCA8;WQNJCA9;WQNJCCA;WQNJCG1;WQNJCSA;WQNJCSS;WQNJCSX;WQNM2A1;WQNM2A3;WQNM2A5;WQNM2A7;WQNM2A8;WQNM2A9;WQNM2G1;WQNM2OA7;WQNM2OA8;WQNM2OA9;WQNM2OG1;WQNMCA1;WQNMCA3;WQNMCA5;WQNMCA7;WQNMCA8;WQNMCA9;WQNMCG1;WQNMCOA7;WQNMCOA8;WQNMCOA9;WQNMCOG1;WQNMSA1;WQNMSA3;WQNMSA5;WQNMSA7;WQNMSA8;WQNMSA9;WQNMSG1;WQNMSOA7;WQNMSOA8;WQNMSOA9;WQNMSOG1;WQNQ2A2;WQNQ2A4;WQNQ2A6;WQNQ2G1;WQNQ3A2;WQNQ3A4;WQNQ3A6;WQNQ3G1;WQNQ4A2;WQNQ4A4;WQNQ4A6;WQNQ4G1;WQNQSA2;WQNQSA4;WQNQSA6;WQNQSG1;WQNS0A1;WQNS0A3;WQNS0A5;WQNS0A7;WQNS0A8;WQNS0A9;WQNS0G1;WQNS0OA7;WQNS0OA8;WQNS0OA9;WQNS0OG1;WQNS1A1;WQNS1A3;WQNS1A5;WQNS1A7;WQNS1A8;WQNS1A9;WQNS1G1;WQNS1OA7;WQNS1OA8;WQNS1OA9;WQNS1OG1;WQNS2A2;WQNS2A4;WQNS2A6;WQNS2G1;WQNS3A1;WQNS3A3;WQNS3A5;WQNS3A7;WQNS3A8;WQNS3A9;WQNS3G1;WQNS3OA7;WQNS3OA8;WQNS3OA9;WQNS3OG1;WQNSCA1;WQNSCA3;WQNSCA5;WQNSCA7;WQNSCA8;WQNSCA9;WQNSCG1;WQNSCOA7;WQNSCOA8;WQNSCOA9;WQNSCOG1;WQNSLG1;WQNSLSS;WQNSPA2;WQNSPA4;WQNSPA6;WQNSPG1;WQNSSA1;WQNSSA3;WQNSSA5;WQNSSA7;WQNSSA8;WQNSSA9;WQNSSG1;WQNSSOA7;WQNSSOA8;WQNSSOA9;WQNSSOG1;WQNWHA1;WQNWHA3;WQNWHA5;WQNWHA7;WQNWHA8;WQNWHA9;WQNWHG1;WQNWHOA7;WQNWHOA8;WQNWHOA9;WQNWHOG1;WQNZWA1;WQNZWA2;WQNZWA3;WQNZWA4;WQNZWA5;WQNZWA6;WQNZWA7;WQNZWA8;WQNZWA9;WQNZWCA;WQNZWG1;WQNZWSA;WQNZWSS;WQNZWSX,q3m-reference-available,docs/measurements/playable-q3m-x2-ingame-20261002-v1/current-generation.json,no-colour-variant-reference,93948,93868,,sprite/index/palette-work-plan.json,93948
0x6111,FIGHTER_FEMALE_ELF,character,6000,1,1,CEFB,66,65,656,180494,0x6111:body:armor-code:1:CEFB1;0x6111:body:armor-code:2:CEFB2;0x6111:body:armor-code:3:CEFB3;0x6111:body:armor-code:4:CEFF4;0x6111:helmet:item-animation-code:H0:WQMH0;0x6111:helmet:item-animation-code:H1:WQMH1;0x6111:helmet:item-animation-code:H2:WQMH2;0x6111:helmet:item-animation-code:H5:WQMH5;0x6111:helmet:item-animation-code:J0:WQMJ0;0x6111:helmet:item-animation-code:J1:WQMJ1;0x6111:helmet:item-animation-code:J2:WQMJ2;0x6111:helmet:item-animation-code:J3:WQMJ3;0x6111:helmet:item-animation-code:J4:WQMJ4;0x6111:helmet:item-animation-code:J5:WQMJ5;0x6111:helmet:item-animation-code:J6:WQMJ6;0x6111:helmet:item-animation-code:J7:WQMJ7;0x6111:helmet:item-animation-code:J8:WQMJ8;0x6111:helmet:item-animation-code:J9:WQMJ9;0x6111:helmet:item-animation-code:JA:WQMJA;0x6111:helmet:item-animation-code:JB:WQMJB;0x6111:helmet:item-animation-code:JC:WQMJC;0x6111:helmet:item-animation-code:YW:WQMYW;0x6111:helmet:item-animation-code:ZW:WQMZW;0x6111:shield:item-animation-code:C0:WQMC0;0x6111:shield:item-animation-code:C1:WQMC1;0x6111:shield:item-animation-code:C2:WQMC2;0x6111:shield:item-animation-code:C3:WQMC3;0x6111:shield:item-animation-code:C4:WQMC4;0x6111:shield:item-animation-code:C5:WQMC5;0x6111:shield:item-animation-code:C6:WQMC6;0x6111:shield:item-animation-code:C7:WQMC7;0x6111:shield:item-animation-code:D1:WQMD1;0x6111:shield:item-animation-code:D2:WQMD2;0x6111:shield:item-animation-code:D3:WQMD3;0x6111:shield:item-animation-code:D4:WQMD4;0x6111:weapon:item-animation-code:AX:WQMAX;0x6111:weapon:item-animation-code:BS:WQMBS;0x6111:weapon:item-animation-code:BW:WQMBW;0x6111:weapon:item-animation-code:CB:WQMCB;0x6111:weapon:item-animation-code:CL:WQMCL;0x6111:weapon:item-animation-code:DD:WQMDD;0x6111:weapon:item-animation-code:F0:WQMF0;0x6111:weapon:item-animation-code:F1:WQMF1;0x6111:weapon:item-animation-code:F2:WQMF2;0x6111:weapon:item-animation-code:F3:WQMF3;0x6111:weapon:item-animation-code:FL:WQMFL;0x6111:weapon:item-animation-code:FS:WQMFS;0x6111:weapon:item-animation-code:GS:WQMGS;0x6111:weapon:item-animation-code:H6:WQMH6;0x6111:weapon:item-animation-code:HB:WQMHB;0x6111:weapon:item-animation-code:M2:WQMM2;0x6111:weapon:item-animation-code:MC:WQMMC;0x6111:weapon:item-animation-code:MS:WQMMS;0x6111:weapon:item-animation-code:Q2:WQMQ2;0x6111:weapon:item-animation-code:Q3:WQMQ3;0x6111:weapon:item-animation-code:Q4:WQMQ4;0x6111:weapon:item-animation-code:QS:WQMQS;0x6111:weapon:item-animation-code:S0:WQMS0;0x6111:weapon:item-animation-code:S1:WQMS1;0x6111:weapon:item-animation-code:S2:WQMS2;0x6111:weapon:item-animation-code:S3:WQMS3;0x6111:weapon:item-animation-code:SC:WQMSC;0x6111:weapon:item-animation-code:SL:WQMSL;0x6111:weapon:item-animation-code:SP:WQMSP;0x6111:weapon:item-animation-code:SS:WQMSS;0x6111:weapon:item-animation-code:WH:WQMWH,CEFB1A1;CEFB1A2;CEFB1A3;CEFB1A4;CEFB1A5;CEFB1A6;CEFB1A7;CEFB1A8;CEFB1A9;CEFB1CA;CEFB1G1;CEFB1G11;CEFB1G12;CEFB1G13;CEFB1G14;CEFB1G15;CEFB1G16;CEFB1G17;CEFB1G18;CEFB1G19;CEFB1SA;CEFB1SS;CEFB1SX;CEFB2A1;CEFB2A2;CEFB2A3;CEFB2A4;CEFB2A5;CEFB2A6;CEFB2A7;CEFB2A8;CEFB2A9;CEFB2CA;CEFB2G1;CEFB2G11;CEFB2G12;CEFB2G13;CEFB2G14;CEFB2G15;CEFB2G16;CEFB2G17;CEFB2G18;CEFB2G19;CEFB2SA;CEFB2SS;CEFB2SX;CEFB3A1;CEFB3A2;CEFB3A3;CEFB3A4;CEFB3A5;CEFB3A6;CEFB3A7;CEFB3A8;CEFB3A9;CEFB3CA;CEFB3G1;CEFB3G11;CEFB3G12;CEFB3G13;CEFB3G14;CEFB3G15;CEFB3G16;CEFB3G17;CEFB3G18;CEFB3G19;CEFB3SA;CEFB3SS;CEFB3SX;CEFF4A1;CEFF4A2;CEFF4A3;CEFF4A4;CEFF4A5;CEFF4A6;CEFF4A7;CEFF4A8;CEFF4A9;CEFF4CA;CEFF4G1;CEFF4G11;CEFF4G12;CEFF4G13;CEFF4G14;CEFF4G15;CEFF4G16;CEFF4G17;CEFF4G18;CEFF4G19;CEFF4SA;CEFF4SS;CEFF4SX;WQMAXA1;WQMAXA3;WQMAXA5;WQMAXA7;WQMAXA8;WQMAXA9;WQMAXG1;WQMAXOA7;WQMAXOA8;WQMAXOA9;WQMAXOG1;WQMBSG1;WQMBSSA;WQMBWG1;WQMBWSA;WQMC0A1;WQMC0A3;WQMC0A5;WQMC0G1;WQMC0SS;WQMC1A1;WQMC1A3;WQMC1A5;WQMC1G1;WQMC1SS;WQMC2A1;WQMC2A3;WQMC2A5;WQMC2G1;WQMC2SS;WQMC3A1;WQMC3A3;WQMC3A5;WQMC3G1;WQMC3SS;WQMC4A1;WQMC4A3;WQMC4A5;WQMC4G1;WQMC4SS;WQMC5A1;WQMC5A3;WQMC5A5;WQMC5G1;WQMC5SS;WQMC6A1;WQMC6A3;WQMC6A5;WQMC6G1;WQMC6SS;WQMC7A1;WQMC7A3;WQMC7A5;WQMC7G1;WQMC7SS;WQMCBG1;WQMCBSX;WQMCLA1;WQMCLA3;WQMCLA5;WQMCLA7;WQMCLA8;WQMCLA9;WQMCLG1;WQMCLOA7;WQMCLOA8;WQMCLOA9;WQMCLOG1;WQMD1A1;WQMD1A3;WQMD1A5;WQMD1G1;WQMD1SS;WQMD2A1;WQMD2A3;WQMD2A5;WQMD2G1;WQMD2SS;WQMD3A1;WQMD3A3;WQMD3A5;WQMD3G1;WQMD3SS;WQMD4A1;WQMD4A3;WQMD4A5;WQMD4G1;WQMD4SS;WQMDDA1;WQMDDA3;WQMDDA5;WQMDDA7;WQMDDA8;WQMDDA9;WQMDDG1;WQMDDOA7;WQMDDOA8;WQMDDOA9;WQMDDOG1;WQMF0A1;WQMF0A3;WQMF0A5;WQMF0A7;WQMF0A8;WQMF0A9;WQMF0G1;WQMF0OA7;WQMF0OA8;WQMF0OA9;WQMF0OG1;WQMF1A1;WQMF1A3;WQMF1A5;WQMF1A7;WQMF1A8;WQMF1A9;WQMF1G1;WQMF1OA7;WQMF1OA8;WQMF1OA9;WQMF1OG1;WQMF2A1;WQMF2A3;WQMF2A5;WQMF2A7;WQMF2A8;WQMF2A9;WQMF2G1;WQMF2OA7;WQMF2OA8;WQMF2OA9;WQMF2OG1;WQMF3A1;WQMF3A3;WQMF3A5;WQMF3A7;WQMF3A8;WQMF3A9;WQMF3G1;WQMF3OA7;WQMF3OA8;WQMF3OA9;WQMF3OG1;WQMFLA1;WQMFLA3;WQMFLA5;WQMFLA7;WQMFLA8;WQMFLA9;WQMFLG1;WQMFLOA7;WQMFLOA8;WQMFLOA9;WQMFLOG1;WQMFSA1;WQMFSA3;WQMFSA5;WQMFSA7;WQMFSA8;WQMFSA9;WQMFSG1;WQMFSOA7;WQMFSOA8;WQMFSOA9;WQMFSOG1;WQMGSA2;WQMGSA4;WQMGSA6;WQMGSG1;WQMH0A1;WQMH0A2;WQMH0A3;WQMH0A4;WQMH0A5;WQMH0A6;WQMH0A7;WQMH0A8;WQMH0A9;WQMH0CA;WQMH0G1;WQMH0SA;WQMH0SS;WQMH0SX;WQMH1A1;WQMH1A2;WQMH1A3;WQMH1A4;WQMH1A5;WQMH1A6;WQMH1A7;WQMH1A8;WQMH1A9;WQMH1CA;WQMH1G1;WQMH1SA;WQMH1SS;WQMH1SX;WQMH2A1;WQMH2A2;WQMH2A3;WQMH2A4;WQMH2A5;WQMH2A6;WQMH2A7;WQMH2A8;WQMH2A9;WQMH2CA;WQMH2G1;WQMH2SA;WQMH2SS;WQMH2SX;WQMH5A1;WQMH5A2;WQMH5A3;WQMH5A4;WQMH5A5;WQMH5A6;WQMH5A7;WQMH5A8;WQMH5A9;WQMH5CA;WQMH5G1;WQMH5SA;WQMH5SS;WQMH5SX;WQMH6A1;WQMH6A2;WQMH6A3;WQMH6A4;WQMH6A5;WQMH6A6;WQMH6A7;WQMH6A8;WQMH6A9;WQMH6CA;WQMH6G1;WQMH6SA;WQMH6SS;WQMH6SX;WQMHBA2;WQMHBA4;WQMHBA6;WQMHBG1;WQMJ0A1;WQMJ0A2;WQMJ0A3;WQMJ0A4;WQMJ0A5;WQMJ0A6;WQMJ0A7;WQMJ0A8;WQMJ0A9;WQMJ0CA;WQMJ0G1;WQMJ0SA;WQMJ0SS;WQMJ0SX;WQMJ1A1;WQMJ1A2;WQMJ1A3;WQMJ1A4;WQMJ1A5;WQMJ1A6;WQMJ1A7;WQMJ1A8;WQMJ1A9;WQMJ1CA;WQMJ1G1;WQMJ1SA;WQMJ1SS;WQMJ1SX;WQMJ2A1;WQMJ2A2;WQMJ2A3;WQMJ2A4;WQMJ2A5;WQMJ2A6;WQMJ2A7;WQMJ2A8;WQMJ2A9;WQMJ2CA;WQMJ2G1;WQMJ2SA;WQMJ2SS;WQMJ2SX;WQMJ3A1;WQMJ3A2;WQMJ3A3;WQMJ3A4;WQMJ3A5;WQMJ3A6;WQMJ3A7;WQMJ3A8;WQMJ3A9;WQMJ3CA;WQMJ3G1;WQMJ3SA;WQMJ3SS;WQMJ3SX;WQMJ4A1;WQMJ4A2;WQMJ4A3;WQMJ4A4;WQMJ4A5;WQMJ4A6;WQMJ4A7;WQMJ4A8;WQMJ4A9;WQMJ4CA;WQMJ4G1;WQMJ4SA;WQMJ4SS;WQMJ4SX;WQMJ5A1;WQMJ5A2;WQMJ5A3;WQMJ5A4;WQMJ5A5;WQMJ5A6;WQMJ5A7;WQMJ5A8;WQMJ5A9;WQMJ5CA;WQMJ5G1;WQMJ5SA;WQMJ5SS;WQMJ5SX;WQMJ6A1;WQMJ6A2;WQMJ6A3;WQMJ6A4;WQMJ6A5;WQMJ6A6;WQMJ6A7;WQMJ6A8;WQMJ6A9;WQMJ6CA;WQMJ6G1;WQMJ6SA;WQMJ6SS;WQMJ6SX;WQMJ7A1;WQMJ7A2;WQMJ7A3;WQMJ7A4;WQMJ7A5;WQMJ7A6;WQMJ7A7;WQMJ7A8;WQMJ7A9;WQMJ7CA;WQMJ7G1;WQMJ7SA;WQMJ7SS;WQMJ7SX;WQMJ8A1;WQMJ8A2;WQMJ8A3;WQMJ8A4;WQMJ8A5;WQMJ8A6;WQMJ8A7;WQMJ8A8;WQMJ8A9;WQMJ8CA;WQMJ8G1;WQMJ8SA;WQMJ8SS;WQMJ8SX;WQMJ9A1;WQMJ9A2;WQMJ9A3;WQMJ9A4;WQMJ9A5;WQMJ9A6;WQMJ9A7;WQMJ9A8;WQMJ9A9;WQMJ9CA;WQMJ9G1;WQMJ9SA;WQMJ9SS;WQMJ9SX;WQMJAA1;WQMJAA2;WQMJAA3;WQMJAA4;WQMJAA5;WQMJAA6;WQMJAA7;WQMJAA8;WQMJAA9;WQMJACA;WQMJAG1;WQMJASA;WQMJASS;WQMJASX;WQMJBA1;WQMJBA2;WQMJBA3;WQMJBA4;WQMJBA5;WQMJBA6;WQMJBA7;WQMJBA8;WQMJBA9;WQMJBCA;WQMJBG1;WQMJBSA;WQMJBSS;WQMJBSX;WQMJCA1;WQMJCA2;WQMJCA3;WQMJCA4;WQMJCA5;WQMJCA6;WQMJCA7;WQMJCA8;WQMJCA9;WQMJCCA;WQMJCG1;WQMJCSA;WQMJCSS;WQMJCSX;WQMM2A1;WQMM2A3;WQMM2A5;WQMM2A7;WQMM2A8;WQMM2A9;WQMM2G1;WQMM2OA7;WQMM2OA8;WQMM2OA9;WQMM2OG1;WQMMCA1;WQMMCA3;WQMMCA5;WQMMCA7;WQMMCA8;WQMMCA9;WQMMCG1;WQMMCOA7;WQMMCOA8;WQMMCOA9;WQMMCOG1;WQMMSA1;WQMMSA3;WQMMSA5;WQMMSA7;WQMMSA8;WQMMSA9;WQMMSG1;WQMMSOA7;WQMMSOA8;WQMMSOA9;WQMMSOG1;WQMQ2A2;WQMQ2A4;WQMQ2A6;WQMQ2G1;WQMQ3A2;WQMQ3A4;WQMQ3A6;WQMQ3G1;WQMQ4A2;WQMQ4A4;WQMQ4A6;WQMQ4G1;WQMQSA2;WQMQSA4;WQMQSA6;WQMQSG1;WQMS0A1;WQMS0A3;WQMS0A5;WQMS0A7;WQMS0A8;WQMS0A9;WQMS0G1;WQMS0OA7;WQMS0OA8;WQMS0OA9;WQMS0OG1;WQMS1A1;WQMS1A3;WQMS1A5;WQMS1A7;WQMS1A8;WQMS1A9;WQMS1G1;WQMS1OA7;WQMS1OA8;WQMS1OA9;WQMS1OG1;WQMS2A2;WQMS2A4;WQMS2A6;WQMS2G1;WQMS3A1;WQMS3A3;WQMS3A5;WQMS3A7;WQMS3A8;WQMS3A9;WQMS3G1;WQMS3OA7;WQMS3OA8;WQMS3OA9;WQMS3OG1;WQMSCA1;WQMSCA3;WQMSCA5;WQMSCA7;WQMSCA8;WQMSCA9;WQMSCG1;WQMSCOA7;WQMSCOA8;WQMSCOA9;WQMSCOG1;WQMSLG1;WQMSLSS;WQMSPA2;WQMSPA4;WQMSPA6;WQMSPG1;WQMSSA1;WQMSSA3;WQMSSA5;WQMSSA7;WQMSSA8;WQMSSA9;WQMSSG1;WQMSSOA7;WQMSSOA8;WQMSSOA9;WQMSSOG1;WQMWHA1;WQMWHA3;WQMWHA5;WQMWHA7;WQMWHA8;WQMWHA9;WQMWHG1;WQMWHOA7;WQMWHOA8;WQMWHOA9;WQMWHOG1;WQMZWA1;WQMZWA2;WQMZWA3;WQMZWA4;WQMZWA5;WQMZWA6;WQMZWA7;WQMZWA8;WQMZWA9;WQMZWCA;WQMZWG1;WQMZWSA;WQMZWSS;WQMZWSX,q3m-reference-available,docs/measurements/playable-q3m-x2-ingame-20261002-v1/current-generation.json,no-colour-variant-reference,97379,97317,,sprite/index/palette-work-plan.json,97379
0x6112,FIGHTER_FEMALE_DWARF,character,6000,1,1,CDFB,66,65,656,178357,0x6112:body:armor-code:1:CDFB1;0x6112:body:armor-code:2:CDFB2;0x6112:body:armor-code:3:CDFB3;0x6112:body:armor-code:4:CDFF4;0x6112:helmet:item-animation-code:H0:WQSH0;0x6112:helmet:item-animation-code:H1:WQSH1;0x6112:helmet:item-animation-code:H2:WQSH2;0x6112:helmet:item-animation-code:H5:WQSH5;0x6112:helmet:item-animation-code:J0:WQSJ0;0x6112:helmet:item-animation-code:J1:WQSJ1;0x6112:helmet:item-animation-code:J2:WQSJ2;0x6112:helmet:item-animation-code:J3:WQSJ3;0x6112:helmet:item-animation-code:J4:WQSJ4;0x6112:helmet:item-animation-code:J5:WQSJ5;0x6112:helmet:item-animation-code:J6:WQSJ6;0x6112:helmet:item-animation-code:J7:WQSJ7;0x6112:helmet:item-animation-code:J8:WQSJ8;0x6112:helmet:item-animation-code:J9:WQSJ9;0x6112:helmet:item-animation-code:JA:WQSJA;0x6112:helmet:item-animation-code:JB:WQSJB;0x6112:helmet:item-animation-code:JC:WQSJC;0x6112:helmet:item-animation-code:YW:WQSYW;0x6112:helmet:item-animation-code:ZW:WQSZW;0x6112:shield:item-animation-code:C0:WQSC0;0x6112:shield:item-animation-code:C1:WQSC1;0x6112:shield:item-animation-code:C2:WQSC2;0x6112:shield:item-animation-code:C3:WQSC3;0x6112:shield:item-animation-code:C4:WQSC4;0x6112:shield:item-animation-code:C5:WQSC5;0x6112:shield:item-animation-code:C6:WQSC6;0x6112:shield:item-animation-code:C7:WQSC7;0x6112:shield:item-animation-code:D1:WQSD1;0x6112:shield:item-animation-code:D2:WQSD2;0x6112:shield:item-animation-code:D3:WQSD3;0x6112:shield:item-animation-code:D4:WQSD4;0x6112:weapon:item-animation-code:AX:WQSAX;0x6112:weapon:item-animation-code:BS:WQSBS;0x6112:weapon:item-animation-code:BW:WQSBW;0x6112:weapon:item-animation-code:CB:WQSCB;0x6112:weapon:item-animation-code:CL:WQSCL;0x6112:weapon:item-animation-code:DD:WQSDD;0x6112:weapon:item-animation-code:F0:WQSF0;0x6112:weapon:item-animation-code:F1:WQSF1;0x6112:weapon:item-animation-code:F2:WQSF2;0x6112:weapon:item-animation-code:F3:WQSF3;0x6112:weapon:item-animation-code:FL:WQSFL;0x6112:weapon:item-animation-code:FS:WQSFS;0x6112:weapon:item-animation-code:GS:WQSGS;0x6112:weapon:item-animation-code:H6:WQSH6;0x6112:weapon:item-animation-code:HB:WQSHB;0x6112:weapon:item-animation-code:M2:WQSM2;0x6112:weapon:item-animation-code:MC:WQSMC;0x6112:weapon:item-animation-code:MS:WQSMS;0x6112:weapon:item-animation-code:Q2:WQSQ2;0x6112:weapon:item-animation-code:Q3:WQSQ3;0x6112:weapon:item-animation-code:Q4:WQSQ4;0x6112:weapon:item-animation-code:QS:WQSQS;0x6112:weapon:item-animation-code:S0:WQSS0;0x6112:weapon:item-animation-code:S1:WQSS1;0x6112:weapon:item-animation-code:S2:WQSS2;0x6112:weapon:item-animation-code:S3:WQSS3;0x6112:weapon:item-animation-code:SC:WQSSC;0x6112:weapon:item-animation-code:SL:WQSSL;0x6112:weapon:item-animation-code:SP:WQSSP;0x6112:weapon:item-animation-code:SS:WQSSS;0x6112:weapon:item-animation-code:WH:WQSWH,CDFB1A1;CDFB1A2;CDFB1A3;CDFB1A4;CDFB1A5;CDFB1A6;CDFB1A7;CDFB1A8;CDFB1A9;CDFB1CA;CDFB1G1;CDFB1G11;CDFB1G12;CDFB1G13;CDFB1G14;CDFB1G15;CDFB1G16;CDFB1G17;CDFB1G18;CDFB1G19;CDFB1SA;CDFB1SS;CDFB1SX;CDFB2A1;CDFB2A2;CDFB2A3;CDFB2A4;CDFB2A5;CDFB2A6;CDFB2A7;CDFB2A8;CDFB2A9;CDFB2CA;CDFB2G1;CDFB2G11;CDFB2G12;CDFB2G13;CDFB2G14;CDFB2G15;CDFB2G16;CDFB2G17;CDFB2G18;CDFB2G19;CDFB2SA;CDFB2SS;CDFB2SX;CDFB3A1;CDFB3A2;CDFB3A3;CDFB3A4;CDFB3A5;CDFB3A6;CDFB3A7;CDFB3A8;CDFB3A9;CDFB3CA;CDFB3G1;CDFB3G11;CDFB3G12;CDFB3G13;CDFB3G14;CDFB3G15;CDFB3G16;CDFB3G17;CDFB3G18;CDFB3G19;CDFB3SA;CDFB3SS;CDFB3SX;CDFF4A1;CDFF4A2;CDFF4A3;CDFF4A4;CDFF4A5;CDFF4A6;CDFF4A7;CDFF4A8;CDFF4A9;CDFF4CA;CDFF4G1;CDFF4G11;CDFF4G12;CDFF4G13;CDFF4G14;CDFF4G15;CDFF4G16;CDFF4G17;CDFF4G18;CDFF4G19;CDFF4SA;CDFF4SS;CDFF4SX;WQSAXA1;WQSAXA3;WQSAXA5;WQSAXA7;WQSAXA8;WQSAXA9;WQSAXG1;WQSAXOA7;WQSAXOA8;WQSAXOA9;WQSAXOG1;WQSBSG1;WQSBSSA;WQSBWG1;WQSBWSA;WQSC0A1;WQSC0A3;WQSC0A5;WQSC0G1;WQSC0SS;WQSC1A1;WQSC1A3;WQSC1A5;WQSC1G1;WQSC1SS;WQSC2A1;WQSC2A3;WQSC2A5;WQSC2G1;WQSC2SS;WQSC3A1;WQSC3A3;WQSC3A5;WQSC3G1;WQSC3SS;WQSC4A1;WQSC4A3;WQSC4A5;WQSC4G1;WQSC4SS;WQSC5A1;WQSC5A3;WQSC5A5;WQSC5G1;WQSC5SS;WQSC6A1;WQSC6A3;WQSC6A5;WQSC6G1;WQSC6SS;WQSC7A1;WQSC7A3;WQSC7A5;WQSC7G1;WQSC7SS;WQSCBG1;WQSCBSX;WQSCLA1;WQSCLA3;WQSCLA5;WQSCLA7;WQSCLA8;WQSCLA9;WQSCLG1;WQSCLOA7;WQSCLOA8;WQSCLOA9;WQSCLOG1;WQSD1A1;WQSD1A3;WQSD1A5;WQSD1G1;WQSD1SS;WQSD2A1;WQSD2A3;WQSD2A5;WQSD2G1;WQSD2SS;WQSD3A1;WQSD3A3;WQSD3A5;WQSD3G1;WQSD3SS;WQSD4A1;WQSD4A3;WQSD4A5;WQSD4G1;WQSD4SS;WQSDDA1;WQSDDA3;WQSDDA5;WQSDDA7;WQSDDA8;WQSDDA9;WQSDDG1;WQSDDOA7;WQSDDOA8;WQSDDOA9;WQSDDOG1;WQSF0A1;WQSF0A3;WQSF0A5;WQSF0A7;WQSF0A8;WQSF0A9;WQSF0G1;WQSF0OA7;WQSF0OA8;WQSF0OA9;WQSF0OG1;WQSF1A1;WQSF1A3;WQSF1A5;WQSF1A7;WQSF1A8;WQSF1A9;WQSF1G1;WQSF1OA7;WQSF1OA8;WQSF1OA9;WQSF1OG1;WQSF2A1;WQSF2A3;WQSF2A5;WQSF2A7;WQSF2A8;WQSF2A9;WQSF2G1;WQSF2OA7;WQSF2OA8;WQSF2OA9;WQSF2OG1;WQSF3A1;WQSF3A3;WQSF3A5;WQSF3A7;WQSF3A8;WQSF3A9;WQSF3G1;WQSF3OA7;WQSF3OA8;WQSF3OA9;WQSF3OG1;WQSFLA1;WQSFLA3;WQSFLA5;WQSFLA7;WQSFLA8;WQSFLA9;WQSFLG1;WQSFLOA7;WQSFLOA8;WQSFLOA9;WQSFLOG1;WQSFSA1;WQSFSA3;WQSFSA5;WQSFSA7;WQSFSA8;WQSFSA9;WQSFSG1;WQSFSOA7;WQSFSOA8;WQSFSOA9;WQSFSOG1;WQSGSA2;WQSGSA4;WQSGSA6;WQSGSG1;WQSH0A1;WQSH0A2;WQSH0A3;WQSH0A4;WQSH0A5;WQSH0A6;WQSH0A7;WQSH0A8;WQSH0A9;WQSH0CA;WQSH0G1;WQSH0SA;WQSH0SS;WQSH0SX;WQSH1A1;WQSH1A2;WQSH1A3;WQSH1A4;WQSH1A5;WQSH1A6;WQSH1A7;WQSH1A8;WQSH1A9;WQSH1CA;WQSH1G1;WQSH1SA;WQSH1SS;WQSH1SX;WQSH2A1;WQSH2A2;WQSH2A3;WQSH2A4;WQSH2A5;WQSH2A6;WQSH2A7;WQSH2A8;WQSH2A9;WQSH2CA;WQSH2G1;WQSH2SA;WQSH2SS;WQSH2SX;WQSH5A1;WQSH5A2;WQSH5A3;WQSH5A4;WQSH5A5;WQSH5A6;WQSH5A7;WQSH5A8;WQSH5A9;WQSH5CA;WQSH5G1;WQSH5SA;WQSH5SS;WQSH5SX;WQSH6A1;WQSH6A2;WQSH6A3;WQSH6A4;WQSH6A5;WQSH6A6;WQSH6A7;WQSH6A8;WQSH6A9;WQSH6CA;WQSH6G1;WQSH6SA;WQSH6SS;WQSH6SX;WQSHBA2;WQSHBA4;WQSHBA6;WQSHBG1;WQSJ0A1;WQSJ0A2;WQSJ0A3;WQSJ0A4;WQSJ0A5;WQSJ0A6;WQSJ0A7;WQSJ0A8;WQSJ0A9;WQSJ0CA;WQSJ0G1;WQSJ0SA;WQSJ0SS;WQSJ0SX;WQSJ1A1;WQSJ1A2;WQSJ1A3;WQSJ1A4;WQSJ1A5;WQSJ1A6;WQSJ1A7;WQSJ1A8;WQSJ1A9;WQSJ1CA;WQSJ1G1;WQSJ1SA;WQSJ1SS;WQSJ1SX;WQSJ2A1;WQSJ2A2;WQSJ2A3;WQSJ2A4;WQSJ2A5;WQSJ2A6;WQSJ2A7;WQSJ2A8;WQSJ2A9;WQSJ2CA;WQSJ2G1;WQSJ2SA;WQSJ2SS;WQSJ2SX;WQSJ3A1;WQSJ3A2;WQSJ3A3;WQSJ3A4;WQSJ3A5;WQSJ3A6;WQSJ3A7;WQSJ3A8;WQSJ3A9;WQSJ3CA;WQSJ3G1;WQSJ3SA;WQSJ3SS;WQSJ3SX;WQSJ4A1;WQSJ4A2;WQSJ4A3;WQSJ4A4;WQSJ4A5;WQSJ4A6;WQSJ4A7;WQSJ4A8;WQSJ4A9;WQSJ4CA;WQSJ4G1;WQSJ4SA;WQSJ4SS;WQSJ4SX;WQSJ5A1;WQSJ5A2;WQSJ5A3;WQSJ5A4;WQSJ5A5;WQSJ5A6;WQSJ5A7;WQSJ5A8;WQSJ5A9;WQSJ5CA;WQSJ5G1;WQSJ5SA;WQSJ5SS;WQSJ5SX;WQSJ6A1;WQSJ6A2;WQSJ6A3;WQSJ6A4;WQSJ6A5;WQSJ6A6;WQSJ6A7;WQSJ6A8;WQSJ6A9;WQSJ6CA;WQSJ6G1;WQSJ6SA;WQSJ6SS;WQSJ6SX;WQSJ7A1;WQSJ7A2;WQSJ7A3;WQSJ7A4;WQSJ7A5;WQSJ7A6;WQSJ7A7;WQSJ7A8;WQSJ7A9;WQSJ7CA;WQSJ7G1;WQSJ7SA;WQSJ7SS;WQSJ7SX;WQSJ8A1;WQSJ8A2;WQSJ8A3;WQSJ8A4;WQSJ8A5;WQSJ8A6;WQSJ8A7;WQSJ8A8;WQSJ8A9;WQSJ8CA;WQSJ8G1;WQSJ8SA;WQSJ8SS;WQSJ8SX;WQSJ9A1;WQSJ9A2;WQSJ9A3;WQSJ9A4;WQSJ9A5;WQSJ9A6;WQSJ9A7;WQSJ9A8;WQSJ9A9;WQSJ9CA;WQSJ9G1;WQSJ9SA;WQSJ9SS;WQSJ9SX;WQSJAA1;WQSJAA2;WQSJAA3;WQSJAA4;WQSJAA5;WQSJAA6;WQSJAA7;WQSJAA8;WQSJAA9;WQSJACA;WQSJAG1;WQSJASA;WQSJASS;WQSJASX;WQSJBA1;WQSJBA2;WQSJBA3;WQSJBA4;WQSJBA5;WQSJBA6;WQSJBA7;WQSJBA8;WQSJBA9;WQSJBCA;WQSJBG1;WQSJBSA;WQSJBSS;WQSJBSX;WQSJCA1;WQSJCA2;WQSJCA3;WQSJCA4;WQSJCA5;WQSJCA6;WQSJCA7;WQSJCA8;WQSJCA9;WQSJCCA;WQSJCG1;WQSJCSA;WQSJCSS;WQSJCSX;WQSM2A1;WQSM2A3;WQSM2A5;WQSM2A7;WQSM2A8;WQSM2A9;WQSM2G1;WQSM2OA7;WQSM2OA8;WQSM2OA9;WQSM2OG1;WQSMCA1;WQSMCA3;WQSMCA5;WQSMCA7;WQSMCA8;WQSMCA9;WQSMCG1;WQSMCOA7;WQSMCOA8;WQSMCOA9;WQSMCOG1;WQSMSA1;WQSMSA3;WQSMSA5;WQSMSA7;WQSMSA8;WQSMSA9;WQSMSG1;WQSMSOA7;WQSMSOA8;WQSMSOA9;WQSMSOG1;WQSQ2A2;WQSQ2A4;WQSQ2A6;WQSQ2G1;WQSQ3A2;WQSQ3A4;WQSQ3A6;WQSQ3G1;WQSQ4A2;WQSQ4A4;WQSQ4A6;WQSQ4G1;WQSQSA2;WQSQSA4;WQSQSA6;WQSQSG1;WQSS0A1;WQSS0A3;WQSS0A5;WQSS0A7;WQSS0A8;WQSS0A9;WQSS0G1;WQSS0OA7;WQSS0OA8;WQSS0OA9;WQSS0OG1;WQSS1A1;WQSS1A3;WQSS1A5;WQSS1A7;WQSS1A8;WQSS1A9;WQSS1G1;WQSS1OA7;WQSS1OA8;WQSS1OA9;WQSS1OG1;WQSS2A2;WQSS2A4;WQSS2A6;WQSS2G1;WQSS3A1;WQSS3A3;WQSS3A5;WQSS3A7;WQSS3A8;WQSS3A9;WQSS3G1;WQSS3OA7;WQSS3OA8;WQSS3OA9;WQSS3OG1;WQSSCA1;WQSSCA3;WQSSCA5;WQSSCA7;WQSSCA8;WQSSCA9;WQSSCG1;WQSSCOA7;WQSSCOA8;WQSSCOA9;WQSSCOG1;WQSSLG1;WQSSLSS;WQSSPA2;WQSSPA4;WQSSPA6;WQSSPG1;WQSSSA1;WQSSSA3;WQSSSA5;WQSSSA7;WQSSSA8;WQSSSA9;WQSSSG1;WQSSSOA7;WQSSSOA8;WQSSSOA9;WQSSSOG1;WQSWHA1;WQSWHA3;WQSWHA5;WQSWHA7;WQSWHA8;WQSWHA9;WQSWHG1;WQSWHOA7;WQSWHOA8;WQSWHOA9;WQSWHOG1;WQSZWA1;WQSZWA2;WQSZWA3;WQSZWA4;WQSZWA5;WQSZWA6;WQSZWA7;WQSZWA8;WQSZWA9;WQSZWCA;WQSZWG1;WQSZWSA;WQSZWSS;WQSZWSX,q3m-reference-available,docs/measurements/playable-q3m-x2-ingame-20261002-v1/current-generation.json,no-colour-variant-reference,94502,94429,,sprite/index/palette-work-plan.json,94502
0x6113,FIGHTER_FEMALE_HALFLING,character,6000,1,1,CIFB,66,65,656,178357,0x6113:body:armor-code:1:CIFB1;0x6113:body:armor-code:2:CIFB2;0x6113:body:armor-code:3:CIFB3;0x6113:body:armor-code:4:CIFF4;0x6113:helmet:item-animation-code:H0:WQSH0;0x6113:helmet:item-animation-code:H1:WQSH1;0x6113:helmet:item-animation-code:H2:WQSH2;0x6113:helmet:item-animation-code:H5:WQSH5;0x6113:helmet:item-animation-code:J0:WQSJ0;0x6113:helmet:item-animation-code:J1:WQSJ1;0x6113:helmet:item-animation-code:J2:WQSJ2;0x6113:helmet:item-animation-code:J3:WQSJ3;0x6113:helmet:item-animation-code:J4:WQSJ4;0x6113:helmet:item-animation-code:J5:WQSJ5;0x6113:helmet:item-animation-code:J6:WQSJ6;0x6113:helmet:item-animation-code:J7:WQSJ7;0x6113:helmet:item-animation-code:J8:WQSJ8;0x6113:helmet:item-animation-code:J9:WQSJ9;0x6113:helmet:item-animation-code:JA:WQSJA;0x6113:helmet:item-animation-code:JB:WQSJB;0x6113:helmet:item-animation-code:JC:WQSJC;0x6113:helmet:item-animation-code:YW:WQSYW;0x6113:helmet:item-animation-code:ZW:WQSZW;0x6113:shield:item-animation-code:C0:WQSC0;0x6113:shield:item-animation-code:C1:WQSC1;0x6113:shield:item-animation-code:C2:WQSC2;0x6113:shield:item-animation-code:C3:WQSC3;0x6113:shield:item-animation-code:C4:WQSC4;0x6113:shield:item-animation-code:C5:WQSC5;0x6113:shield:item-animation-code:C6:WQSC6;0x6113:shield:item-animation-code:C7:WQSC7;0x6113:shield:item-animation-code:D1:WQSD1;0x6113:shield:item-animation-code:D2:WQSD2;0x6113:shield:item-animation-code:D3:WQSD3;0x6113:shield:item-animation-code:D4:WQSD4;0x6113:weapon:item-animation-code:AX:WQSAX;0x6113:weapon:item-animation-code:BS:WQSBS;0x6113:weapon:item-animation-code:BW:WQSBW;0x6113:weapon:item-animation-code:CB:WQSCB;0x6113:weapon:item-animation-code:CL:WQSCL;0x6113:weapon:item-animation-code:DD:WQSDD;0x6113:weapon:item-animation-code:F0:WQSF0;0x6113:weapon:item-animation-code:F1:WQSF1;0x6113:weapon:item-animation-code:F2:WQSF2;0x6113:weapon:item-animation-code:F3:WQSF3;0x6113:weapon:item-animation-code:FL:WQSFL;0x6113:weapon:item-animation-code:FS:WQSFS;0x6113:weapon:item-animation-code:GS:WQSGS;0x6113:weapon:item-animation-code:H6:WQSH6;0x6113:weapon:item-animation-code:HB:WQSHB;0x6113:weapon:item-animation-code:M2:WQSM2;0x6113:weapon:item-animation-code:MC:WQSMC;0x6113:weapon:item-animation-code:MS:WQSMS;0x6113:weapon:item-animation-code:Q2:WQSQ2;0x6113:weapon:item-animation-code:Q3:WQSQ3;0x6113:weapon:item-animation-code:Q4:WQSQ4;0x6113:weapon:item-animation-code:QS:WQSQS;0x6113:weapon:item-animation-code:S0:WQSS0;0x6113:weapon:item-animation-code:S1:WQSS1;0x6113:weapon:item-animation-code:S2:WQSS2;0x6113:weapon:item-animation-code:S3:WQSS3;0x6113:weapon:item-animation-code:SC:WQSSC;0x6113:weapon:item-animation-code:SL:WQSSL;0x6113:weapon:item-animation-code:SP:WQSSP;0x6113:weapon:item-animation-code:SS:WQSSS;0x6113:weapon:item-animation-code:WH:WQSWH,CIFB1A1;CIFB1A2;CIFB1A3;CIFB1A4;CIFB1A5;CIFB1A6;CIFB1A7;CIFB1A8;CIFB1A9;CIFB1CA;CIFB1G1;CIFB1G11;CIFB1G12;CIFB1G13;CIFB1G14;CIFB1G15;CIFB1G16;CIFB1G17;CIFB1G18;CIFB1G19;CIFB1SA;CIFB1SS;CIFB1SX;CIFB2A1;CIFB2A2;CIFB2A3;CIFB2A4;CIFB2A5;CIFB2A6;CIFB2A7;CIFB2A8;CIFB2A9;CIFB2CA;CIFB2G1;CIFB2G11;CIFB2G12;CIFB2G13;CIFB2G14;CIFB2G15;CIFB2G16;CIFB2G17;CIFB2G18;CIFB2G19;CIFB2SA;CIFB2SS;CIFB2SX;CIFB3A1;CIFB3A2;CIFB3A3;CIFB3A4;CIFB3A5;CIFB3A6;CIFB3A7;CIFB3A8;CIFB3A9;CIFB3CA;CIFB3G1;CIFB3G11;CIFB3G12;CIFB3G13;CIFB3G14;CIFB3G15;CIFB3G16;CIFB3G17;CIFB3G18;CIFB3G19;CIFB3SA;CIFB3SS;CIFB3SX;CIFF4A1;CIFF4A2;CIFF4A3;CIFF4A4;CIFF4A5;CIFF4A6;CIFF4A7;CIFF4A8;CIFF4A9;CIFF4CA;CIFF4G1;CIFF4G11;CIFF4G12;CIFF4G13;CIFF4G14;CIFF4G15;CIFF4G16;CIFF4G17;CIFF4G18;CIFF4G19;CIFF4SA;CIFF4SS;CIFF4SX;WQSAXA1;WQSAXA3;WQSAXA5;WQSAXA7;WQSAXA8;WQSAXA9;WQSAXG1;WQSAXOA7;WQSAXOA8;WQSAXOA9;WQSAXOG1;WQSBSG1;WQSBSSA;WQSBWG1;WQSBWSA;WQSC0A1;WQSC0A3;WQSC0A5;WQSC0G1;WQSC0SS;WQSC1A1;WQSC1A3;WQSC1A5;WQSC1G1;WQSC1SS;WQSC2A1;WQSC2A3;WQSC2A5;WQSC2G1;WQSC2SS;WQSC3A1;WQSC3A3;WQSC3A5;WQSC3G1;WQSC3SS;WQSC4A1;WQSC4A3;WQSC4A5;WQSC4G1;WQSC4SS;WQSC5A1;WQSC5A3;WQSC5A5;WQSC5G1;WQSC5SS;WQSC6A1;WQSC6A3;WQSC6A5;WQSC6G1;WQSC6SS;WQSC7A1;WQSC7A3;WQSC7A5;WQSC7G1;WQSC7SS;WQSCBG1;WQSCBSX;WQSCLA1;WQSCLA3;WQSCLA5;WQSCLA7;WQSCLA8;WQSCLA9;WQSCLG1;WQSCLOA7;WQSCLOA8;WQSCLOA9;WQSCLOG1;WQSD1A1;WQSD1A3;WQSD1A5;WQSD1G1;WQSD1SS;WQSD2A1;WQSD2A3;WQSD2A5;WQSD2G1;WQSD2SS;WQSD3A1;WQSD3A3;WQSD3A5;WQSD3G1;WQSD3SS;WQSD4A1;WQSD4A3;WQSD4A5;WQSD4G1;WQSD4SS;WQSDDA1;WQSDDA3;WQSDDA5;WQSDDA7;WQSDDA8;WQSDDA9;WQSDDG1;WQSDDOA7;WQSDDOA8;WQSDDOA9;WQSDDOG1;WQSF0A1;WQSF0A3;WQSF0A5;WQSF0A7;WQSF0A8;WQSF0A9;WQSF0G1;WQSF0OA7;WQSF0OA8;WQSF0OA9;WQSF0OG1;WQSF1A1;WQSF1A3;WQSF1A5;WQSF1A7;WQSF1A8;WQSF1A9;WQSF1G1;WQSF1OA7;WQSF1OA8;WQSF1OA9;WQSF1OG1;WQSF2A1;WQSF2A3;WQSF2A5;WQSF2A7;WQSF2A8;WQSF2A9;WQSF2G1;WQSF2OA7;WQSF2OA8;WQSF2OA9;WQSF2OG1;WQSF3A1;WQSF3A3;WQSF3A5;WQSF3A7;WQSF3A8;WQSF3A9;WQSF3G1;WQSF3OA7;WQSF3OA8;WQSF3OA9;WQSF3OG1;WQSFLA1;WQSFLA3;WQSFLA5;WQSFLA7;WQSFLA8;WQSFLA9;WQSFLG1;WQSFLOA7;WQSFLOA8;WQSFLOA9;WQSFLOG1;WQSFSA1;WQSFSA3;WQSFSA5;WQSFSA7;WQSFSA8;WQSFSA9;WQSFSG1;WQSFSOA7;WQSFSOA8;WQSFSOA9;WQSFSOG1;WQSGSA2;WQSGSA4;WQSGSA6;WQSGSG1;WQSH0A1;WQSH0A2;WQSH0A3;WQSH0A4;WQSH0A5;WQSH0A6;WQSH0A7;WQSH0A8;WQSH0A9;WQSH0CA;WQSH0G1;WQSH0SA;WQSH0SS;WQSH0SX;WQSH1A1;WQSH1A2;WQSH1A3;WQSH1A4;WQSH1A5;WQSH1A6;WQSH1A7;WQSH1A8;WQSH1A9;WQSH1CA;WQSH1G1;WQSH1SA;WQSH1SS;WQSH1SX;WQSH2A1;WQSH2A2;WQSH2A3;WQSH2A4;WQSH2A5;WQSH2A6;WQSH2A7;WQSH2A8;WQSH2A9;WQSH2CA;WQSH2G1;WQSH2SA;WQSH2SS;WQSH2SX;WQSH5A1;WQSH5A2;WQSH5A3;WQSH5A4;WQSH5A5;WQSH5A6;WQSH5A7;WQSH5A8;WQSH5A9;WQSH5CA;WQSH5G1;WQSH5SA;WQSH5SS;WQSH5SX;WQSH6A1;WQSH6A2;WQSH6A3;WQSH6A4;WQSH6A5;WQSH6A6;WQSH6A7;WQSH6A8;WQSH6A9;WQSH6CA;WQSH6G1;WQSH6SA;WQSH6SS;WQSH6SX;WQSHBA2;WQSHBA4;WQSHBA6;WQSHBG1;WQSJ0A1;WQSJ0A2;WQSJ0A3;WQSJ0A4;WQSJ0A5;WQSJ0A6;WQSJ0A7;WQSJ0A8;WQSJ0A9;WQSJ0CA;WQSJ0G1;WQSJ0SA;WQSJ0SS;WQSJ0SX;WQSJ1A1;WQSJ1A2;WQSJ1A3;WQSJ1A4;WQSJ1A5;WQSJ1A6;WQSJ1A7;WQSJ1A8;WQSJ1A9;WQSJ1CA;WQSJ1G1;WQSJ1SA;WQSJ1SS;WQSJ1SX;WQSJ2A1;WQSJ2A2;WQSJ2A3;WQSJ2A4;WQSJ2A5;WQSJ2A6;WQSJ2A7;WQSJ2A8;WQSJ2A9;WQSJ2CA;WQSJ2G1;WQSJ2SA;WQSJ2SS;WQSJ2SX;WQSJ3A1;WQSJ3A2;WQSJ3A3;WQSJ3A4;WQSJ3A5;WQSJ3A6;WQSJ3A7;WQSJ3A8;WQSJ3A9;WQSJ3CA;WQSJ3G1;WQSJ3SA;WQSJ3SS;WQSJ3SX;WQSJ4A1;WQSJ4A2;WQSJ4A3;WQSJ4A4;WQSJ4A5;WQSJ4A6;WQSJ4A7;WQSJ4A8;WQSJ4A9;WQSJ4CA;WQSJ4G1;WQSJ4SA;WQSJ4SS;WQSJ4SX;WQSJ5A1;WQSJ5A2;WQSJ5A3;WQSJ5A4;WQSJ5A5;WQSJ5A6;WQSJ5A7;WQSJ5A8;WQSJ5A9;WQSJ5CA;WQSJ5G1;WQSJ5SA;WQSJ5SS;WQSJ5SX;WQSJ6A1;WQSJ6A2;WQSJ6A3;WQSJ6A4;WQSJ6A5;WQSJ6A6;WQSJ6A7;WQSJ6A8;WQSJ6A9;WQSJ6CA;WQSJ6G1;WQSJ6SA;WQSJ6SS;WQSJ6SX;WQSJ7A1;WQSJ7A2;WQSJ7A3;WQSJ7A4;WQSJ7A5;WQSJ7A6;WQSJ7A7;WQSJ7A8;WQSJ7A9;WQSJ7CA;WQSJ7G1;WQSJ7SA;WQSJ7SS;WQSJ7SX;WQSJ8A1;WQSJ8A2;WQSJ8A3;WQSJ8A4;WQSJ8A5;WQSJ8A6;WQSJ8A7;WQSJ8A8;WQSJ8A9;WQSJ8CA;WQSJ8G1;WQSJ8SA;WQSJ8SS;WQSJ8SX;WQSJ9A1;WQSJ9A2;WQSJ9A3;WQSJ9A4;WQSJ9A5;WQSJ9A6;WQSJ9A7;WQSJ9A8;WQSJ9A9;WQSJ9CA;WQSJ9G1;WQSJ9SA;WQSJ9SS;WQSJ9SX;WQSJAA1;WQSJAA2;WQSJAA3;WQSJAA4;WQSJAA5;WQSJAA6;WQSJAA7;WQSJAA8;WQSJAA9;WQSJACA;WQSJAG1;WQSJASA;WQSJASS;WQSJASX;WQSJBA1;WQSJBA2;WQSJBA3;WQSJBA4;WQSJBA5;WQSJBA6;WQSJBA7;WQSJBA8;WQSJBA9;WQSJBCA;WQSJBG1;WQSJBSA;WQSJBSS;WQSJBSX;WQSJCA1;WQSJCA2;WQSJCA3;WQSJCA4;WQSJCA5;WQSJCA6;WQSJCA7;WQSJCA8;WQSJCA9;WQSJCCA;WQSJCG1;WQSJCSA;WQSJCSS;WQSJCSX;WQSM2A1;WQSM2A3;WQSM2A5;WQSM2A7;WQSM2A8;WQSM2A9;WQSM2G1;WQSM2OA7;WQSM2OA8;WQSM2OA9;WQSM2OG1;WQSMCA1;WQSMCA3;WQSMCA5;WQSMCA7;WQSMCA8;WQSMCA9;WQSMCG1;WQSMCOA7;WQSMCOA8;WQSMCOA9;WQSMCOG1;WQSMSA1;WQSMSA3;WQSMSA5;WQSMSA7;WQSMSA8;WQSMSA9;WQSMSG1;WQSMSOA7;WQSMSOA8;WQSMSOA9;WQSMSOG1;WQSQ2A2;WQSQ2A4;WQSQ2A6;WQSQ2G1;WQSQ3A2;WQSQ3A4;WQSQ3A6;WQSQ3G1;WQSQ4A2;WQSQ4A4;WQSQ4A6;WQSQ4G1;WQSQSA2;WQSQSA4;WQSQSA6;WQSQSG1;WQSS0A1;WQSS0A3;WQSS0A5;WQSS0A7;WQSS0A8;WQSS0A9;WQSS0G1;WQSS0OA7;WQSS0OA8;WQSS0OA9;WQSS0OG1;WQSS1A1;WQSS1A3;WQSS1A5;WQSS1A7;WQSS1A8;WQSS1A9;WQSS1G1;WQSS1OA7;WQSS1OA8;WQSS1OA9;WQSS1OG1;WQSS2A2;WQSS2A4;WQSS2A6;WQSS2G1;WQSS3A1;WQSS3A3;WQSS3A5;WQSS3A7;WQSS3A8;WQSS3A9;WQSS3G1;WQSS3OA7;WQSS3OA8;WQSS3OA9;WQSS3OG1;WQSSCA1;WQSSCA3;WQSSCA5;WQSSCA7;WQSSCA8;WQSSCA9;WQSSCG1;WQSSCOA7;WQSSCOA8;WQSSCOA9;WQSSCOG1;WQSSLG1;WQSSLSS;WQSSPA2;WQSSPA4;WQSSPA6;WQSSPG1;WQSSSA1;WQSSSA3;WQSSSA5;WQSSSA7;WQSSSA8;WQSSSA9;WQSSSG1;WQSSSOA7;WQSSSOA8;WQSSSOA9;WQSSSOG1;WQSWHA1;WQSWHA3;WQSWHA5;WQSWHA7;WQSWHA8;WQSWHA9;WQSWHG1;WQSWHOA7;WQSWHOA8;WQSWHOA9;WQSWHOG1;WQSZWA1;WQSZWA2;WQSZWA3;WQSZWA4;WQSZWA5;WQSZWA6;WQSZWA7;WQSZWA8;WQSZWA9;WQSZWCA;WQSZWG1;WQSZWSA;WQSZWSS;WQSZWSX,q3m-reference-available,docs/measurements/playable-q3m-x2-ingame-20261002-v1/current-generation.json,no-colour-variant-reference,94206,94133,,sprite/index/palette-work-plan.json,94206
0x6114,FIGHTER_FEMALE_GNOME,character,6000,1,1,CIFB,66,53,596,161725,0x6114:body:armor-code:1:CIFB1;0x6114:body:armor-code:2:CIFB2;0x6114:body:armor-code:3:CIFB3;0x6114:body:armor-code:4:CIFF4;0x6114:helmet:item-animation-code:H0:WQSH0;0x6114:helmet:item-animation-code:H1:WQSH1;0x6114:helmet:item-animation-code:H2:WQSH2;0x6114:helmet:item-animation-code:H5:WQSH5;0x6114:helmet:item-animation-code:J0:WQSJ0;0x6114:helmet:item-animation-code:J1:WQSJ1;0x6114:helmet:item-animation-code:J2:WQSJ2;0x6114:helmet:item-animation-code:J3:WQSJ3;0x6114:helmet:item-animation-code:J4:WQSJ4;0x6114:helmet:item-animation-code:J5:WQSJ5;0x6114:helmet:item-animation-code:J6:WQSJ6;0x6114:helmet:item-animation-code:J7:WQSJ7;0x6114:helmet:item-animation-code:J8:WQSJ8;0x6114:helmet:item-animation-code:J9:WQSJ9;0x6114:helmet:item-animation-code:JA:WQSJA;0x6114:helmet:item-animation-code:JB:WQSJB;0x6114:helmet:item-animation-code:JC:WQSJC;0x6114:helmet:item-animation-code:YW:WQSYW;0x6114:helmet:item-animation-code:ZW:WQSZW;0x6114:shield:item-animation-code:C0:WQHC0;0x6114:shield:item-animation-code:C1:WQHC1;0x6114:shield:item-animation-code:C2:WQHC2;0x6114:shield:item-animation-code:C3:WQHC3;0x6114:shield:item-animation-code:C4:WQHC4;0x6114:shield:item-animation-code:C5:WQHC5;0x6114:shield:item-animation-code:C6:WQHC6;0x6114:shield:item-animation-code:C7:WQHC7;0x6114:shield:item-animation-code:D1:WQHD1;0x6114:shield:item-animation-code:D2:WQHD2;0x6114:shield:item-animation-code:D3:WQHD3;0x6114:shield:item-animation-code:D4:WQHD4;0x6114:weapon:item-animation-code:AX:WQSAX;0x6114:weapon:item-animation-code:BS:WQSBS;0x6114:weapon:item-animation-code:BW:WQSBW;0x6114:weapon:item-animation-code:CB:WQSCB;0x6114:weapon:item-animation-code:CL:WQSCL;0x6114:weapon:item-animation-code:DD:WQSDD;0x6114:weapon:item-animation-code:F0:WQSF0;0x6114:weapon:item-animation-code:F1:WQSF1;0x6114:weapon:item-animation-code:F2:WQSF2;0x6114:weapon:item-animation-code:F3:WQSF3;0x6114:weapon:item-animation-code:FL:WQSFL;0x6114:weapon:item-animation-code:FS:WQSFS;0x6114:weapon:item-animation-code:GS:WQSGS;0x6114:weapon:item-animation-code:H6:WQSH6;0x6114:weapon:item-animation-code:HB:WQSHB;0x6114:weapon:item-animation-code:M2:WQSM2;0x6114:weapon:item-animation-code:MC:WQSMC;0x6114:weapon:item-animation-code:MS:WQSMS;0x6114:weapon:item-animation-code:Q2:WQSQ2;0x6114:weapon:item-animation-code:Q3:WQSQ3;0x6114:weapon:item-animation-code:Q4:WQSQ4;0x6114:weapon:item-animation-code:QS:WQSQS;0x6114:weapon:item-animation-code:S0:WQSS0;0x6114:weapon:item-animation-code:S1:WQSS1;0x6114:weapon:item-animation-code:S2:WQSS2;0x6114:weapon:item-animation-code:S3:WQSS3;0x6114:weapon:item-animation-code:SC:WQSSC;0x6114:weapon:item-animation-code:SL:WQSSL;0x6114:weapon:item-animation-code:SP:WQSSP;0x6114:weapon:item-animation-code:SS:WQSSS;0x6114:weapon:item-animation-code:WH:WQSWH,CIFB1A1;CIFB1A2;CIFB1A3;CIFB1A4;CIFB1A5;CIFB1A6;CIFB1A7;CIFB1A8;CIFB1A9;CIFB1CA;CIFB1G1;CIFB1G11;CIFB1G12;CIFB1G13;CIFB1G14;CIFB1G15;CIFB1G16;CIFB1G17;CIFB1G18;CIFB1G19;CIFB1SA;CIFB1SS;CIFB1SX;CIFB2A1;CIFB2A2;CIFB2A3;CIFB2A4;CIFB2A5;CIFB2A6;CIFB2A7;CIFB2A8;CIFB2A9;CIFB2CA;CIFB2G1;CIFB2G11;CIFB2G12;CIFB2G13;CIFB2G14;CIFB2G15;CIFB2G16;CIFB2G17;CIFB2G18;CIFB2G19;CIFB2SA;CIFB2SS;CIFB2SX;CIFB3A1;CIFB3A2;CIFB3A3;CIFB3A4;CIFB3A5;CIFB3A6;CIFB3A7;CIFB3A8;CIFB3A9;CIFB3CA;CIFB3G1;CIFB3G11;CIFB3G12;CIFB3G13;CIFB3G14;CIFB3G15;CIFB3G16;CIFB3G17;CIFB3G18;CIFB3G19;CIFB3SA;CIFB3SS;CIFB3SX;CIFF4A1;CIFF4A2;CIFF4A3;CIFF4A4;CIFF4A5;CIFF4A6;CIFF4A7;CIFF4A8;CIFF4A9;CIFF4CA;CIFF4G1;CIFF4G11;CIFF4G12;CIFF4G13;CIFF4G14;CIFF4G15;CIFF4G16;CIFF4G17;CIFF4G18;CIFF4G19;CIFF4SA;CIFF4SS;CIFF4SX;WQSAXA1;WQSAXA3;WQSAXA5;WQSAXA7;WQSAXA8;WQSAXA9;WQSAXG1;WQSAXOA7;WQSAXOA8;WQSAXOA9;WQSAXOG1;WQSBSG1;WQSBSSA;WQSBWG1;WQSBWSA;WQSCBG1;WQSCBSX;WQSCLA1;WQSCLA3;WQSCLA5;WQSCLA7;WQSCLA8;WQSCLA9;WQSCLG1;WQSCLOA7;WQSCLOA8;WQSCLOA9;WQSCLOG1;WQSDDA1;WQSDDA3;WQSDDA5;WQSDDA7;WQSDDA8;WQSDDA9;WQSDDG1;WQSDDOA7;WQSDDOA8;WQSDDOA9;WQSDDOG1;WQSF0A1;WQSF0A3;WQSF0A5;WQSF0A7;WQSF0A8;WQSF0A9;WQSF0G1;WQSF0OA7;WQSF0OA8;WQSF0OA9;WQSF0OG1;WQSF1A1;WQSF1A3;WQSF1A5;WQSF1A7;WQSF1A8;WQSF1A9;WQSF1G1;WQSF1OA7;WQSF1OA8;WQSF1OA9;WQSF1OG1;WQSF2A1;WQSF2A3;WQSF2A5;WQSF2A7;WQSF2A8;WQSF2A9;WQSF2G1;WQSF2OA7;WQSF2OA8;WQSF2OA9;WQSF2OG1;WQSF3A1;WQSF3A3;WQSF3A5;WQSF3A7;WQSF3A8;WQSF3A9;WQSF3G1;WQSF3OA7;WQSF3OA8;WQSF3OA9;WQSF3OG1;WQSFLA1;WQSFLA3;WQSFLA5;WQSFLA7;WQSFLA8;WQSFLA9;WQSFLG1;WQSFLOA7;WQSFLOA8;WQSFLOA9;WQSFLOG1;WQSFSA1;WQSFSA3;WQSFSA5;WQSFSA7;WQSFSA8;WQSFSA9;WQSFSG1;WQSFSOA7;WQSFSOA8;WQSFSOA9;WQSFSOG1;WQSGSA2;WQSGSA4;WQSGSA6;WQSGSG1;WQSH0A1;WQSH0A2;WQSH0A3;WQSH0A4;WQSH0A5;WQSH0A6;WQSH0A7;WQSH0A8;WQSH0A9;WQSH0CA;WQSH0G1;WQSH0SA;WQSH0SS;WQSH0SX;WQSH1A1;WQSH1A2;WQSH1A3;WQSH1A4;WQSH1A5;WQSH1A6;WQSH1A7;WQSH1A8;WQSH1A9;WQSH1CA;WQSH1G1;WQSH1SA;WQSH1SS;WQSH1SX;WQSH2A1;WQSH2A2;WQSH2A3;WQSH2A4;WQSH2A5;WQSH2A6;WQSH2A7;WQSH2A8;WQSH2A9;WQSH2CA;WQSH2G1;WQSH2SA;WQSH2SS;WQSH2SX;WQSH5A1;WQSH5A2;WQSH5A3;WQSH5A4;WQSH5A5;WQSH5A6;WQSH5A7;WQSH5A8;WQSH5A9;WQSH5CA;WQSH5G1;WQSH5SA;WQSH5SS;WQSH5SX;WQSH6A1;WQSH6A2;WQSH6A3;WQSH6A4;WQSH6A5;WQSH6A6;WQSH6A7;WQSH6A8;WQSH6A9;WQSH6CA;WQSH6G1;WQSH6SA;WQSH6SS;WQSH6SX;WQSHBA2;WQSHBA4;WQSHBA6;WQSHBG1;WQSJ0A1;WQSJ0A2;WQSJ0A3;WQSJ0A4;WQSJ0A5;WQSJ0A6;WQSJ0A7;WQSJ0A8;WQSJ0A9;WQSJ0CA;WQSJ0G1;WQSJ0SA;WQSJ0SS;WQSJ0SX;WQSJ1A1;WQSJ1A2;WQSJ1A3;WQSJ1A4;WQSJ1A5;WQSJ1A6;WQSJ1A7;WQSJ1A8;WQSJ1A9;WQSJ1CA;WQSJ1G1;WQSJ1SA;WQSJ1SS;WQSJ1SX;WQSJ2A1;WQSJ2A2;WQSJ2A3;WQSJ2A4;WQSJ2A5;WQSJ2A6;WQSJ2A7;WQSJ2A8;WQSJ2A9;WQSJ2CA;WQSJ2G1;WQSJ2SA;WQSJ2SS;WQSJ2SX;WQSJ3A1;WQSJ3A2;WQSJ3A3;WQSJ3A4;WQSJ3A5;WQSJ3A6;WQSJ3A7;WQSJ3A8;WQSJ3A9;WQSJ3CA;WQSJ3G1;WQSJ3SA;WQSJ3SS;WQSJ3SX;WQSJ4A1;WQSJ4A2;WQSJ4A3;WQSJ4A4;WQSJ4A5;WQSJ4A6;WQSJ4A7;WQSJ4A8;WQSJ4A9;WQSJ4CA;WQSJ4G1;WQSJ4SA;WQSJ4SS;WQSJ4SX;WQSJ5A1;WQSJ5A2;WQSJ5A3;WQSJ5A4;WQSJ5A5;WQSJ5A6;WQSJ5A7;WQSJ5A8;WQSJ5A9;WQSJ5CA;WQSJ5G1;WQSJ5SA;WQSJ5SS;WQSJ5SX;WQSJ6A1;WQSJ6A2;WQSJ6A3;WQSJ6A4;WQSJ6A5;WQSJ6A6;WQSJ6A7;WQSJ6A8;WQSJ6A9;WQSJ6CA;WQSJ6G1;WQSJ6SA;WQSJ6SS;WQSJ6SX;WQSJ7A1;WQSJ7A2;WQSJ7A3;WQSJ7A4;WQSJ7A5;WQSJ7A6;WQSJ7A7;WQSJ7A8;WQSJ7A9;WQSJ7CA;WQSJ7G1;WQSJ7SA;WQSJ7SS;WQSJ7SX;WQSJ8A1;WQSJ8A2;WQSJ8A3;WQSJ8A4;WQSJ8A5;WQSJ8A6;WQSJ8A7;WQSJ8A8;WQSJ8A9;WQSJ8CA;WQSJ8G1;WQSJ8SA;WQSJ8SS;WQSJ8SX;WQSJ9A1;WQSJ9A2;WQSJ9A3;WQSJ9A4;WQSJ9A5;WQSJ9A6;WQSJ9A7;WQSJ9A8;WQSJ9A9;WQSJ9CA;WQSJ9G1;WQSJ9SA;WQSJ9SS;WQSJ9SX;WQSJAA1;WQSJAA2;WQSJAA3;WQSJAA4;WQSJAA5;WQSJAA6;WQSJAA7;WQSJAA8;WQSJAA9;WQSJACA;WQSJAG1;WQSJASA;WQSJASS;WQSJASX;WQSJBA1;WQSJBA2;WQSJBA3;WQSJBA4;WQSJBA5;WQSJBA6;WQSJBA7;WQSJBA8;WQSJBA9;WQSJBCA;WQSJBG1;WQSJBSA;WQSJBSS;WQSJBSX;WQSJCA1;WQSJCA2;WQSJCA3;WQSJCA4;WQSJCA5;WQSJCA6;WQSJCA7;WQSJCA8;WQSJCA9;WQSJCCA;WQSJCG1;WQSJCSA;WQSJCSS;WQSJCSX;WQSM2A1;WQSM2A3;WQSM2A5;WQSM2A7;WQSM2A8;WQSM2A9;WQSM2G1;WQSM2OA7;WQSM2OA8;WQSM2OA9;WQSM2OG1;WQSMCA1;WQSMCA3;WQSMCA5;WQSMCA7;WQSMCA8;WQSMCA9;WQSMCG1;WQSMCOA7;WQSMCOA8;WQSMCOA9;WQSMCOG1;WQSMSA1;WQSMSA3;WQSMSA5;WQSMSA7;WQSMSA8;WQSMSA9;WQSMSG1;WQSMSOA7;WQSMSOA8;WQSMSOA9;WQSMSOG1;WQSQ2A2;WQSQ2A4;WQSQ2A6;WQSQ2G1;WQSQ3A2;WQSQ3A4;WQSQ3A6;WQSQ3G1;WQSQ4A2;WQSQ4A4;WQSQ4A6;WQSQ4G1;WQSQSA2;WQSQSA4;WQSQSA6;WQSQSG1;WQSS0A1;WQSS0A3;WQSS0A5;WQSS0A7;WQSS0A8;WQSS0A9;WQSS0G1;WQSS0OA7;WQSS0OA8;WQSS0OA9;WQSS0OG1;WQSS1A1;WQSS1A3;WQSS1A5;WQSS1A7;WQSS1A8;WQSS1A9;WQSS1G1;WQSS1OA7;WQSS1OA8;WQSS1OA9;WQSS1OG1;WQSS2A2;WQSS2A4;WQSS2A6;WQSS2G1;WQSS3A1;WQSS3A3;WQSS3A5;WQSS3A7;WQSS3A8;WQSS3A9;WQSS3G1;WQSS3OA7;WQSS3OA8;WQSS3OA9;WQSS3OG1;WQSSCA1;WQSSCA3;WQSSCA5;WQSSCA7;WQSSCA8;WQSSCA9;WQSSCG1;WQSSCOA7;WQSSCOA8;WQSSCOA9;WQSSCOG1;WQSSLG1;WQSSLSS;WQSSPA2;WQSSPA4;WQSSPA6;WQSSPG1;WQSSSA1;WQSSSA3;WQSSSA5;WQSSSA7;WQSSSA8;WQSSSA9;WQSSSG1;WQSSSOA7;WQSSSOA8;WQSSSOA9;WQSSSOG1;WQSWHA1;WQSWHA3;WQSWHA5;WQSWHA7;WQSWHA8;WQSWHA9;WQSWHG1;WQSWHOA7;WQSWHOA8;WQSWHOA9;WQSWHOG1;WQSZWA1;WQSZWA2;WQSZWA3;WQSZWA4;WQSZWA5;WQSZWA6;WQSZWA7;WQSZWA8;WQSZWA9;WQSZWCA;WQSZWG1;WQSZWSA;WQSZWSS;WQSZWSX,q3m-reference-available,docs/measurements/playable-q3m-x2-ingame-20261002-v1/current-generation.json,no-colour-variant-reference,79724,79653,,sprite/index/palette-work-plan.json,79724
0x6115,FIGHTER_FEMALE_HALFORC,character,6000,1,1,CHFB,66,65,656,178360,0x6115:body:armor-code:1:CHFB1;0x6115:body:armor-code:2:CHFB2;0x6115:body:armor-code:3:CHFB3;0x6115:body:armor-code:4:CHFF4;0x6115:helmet:item-animation-code:H0:WQNH0;0x6115:helmet:item-animation-code:H1:WQNH1;0x6115:helmet:item-animation-code:H2:WQNH2;0x6115:helmet:item-animation-code:H5:WQNH5;0x6115:helmet:item-animation-code:J0:WQNJ0;0x6115:helmet:item-animation-code:J1:WQNJ1;0x6115:helmet:item-animation-code:J2:WQNJ2;0x6115:helmet:item-animation-code:J3:WQNJ3;0x6115:helmet:item-animation-code:J4:WQNJ4;0x6115:helmet:item-animation-code:J5:WQNJ5;0x6115:helmet:item-animation-code:J6:WQNJ6;0x6115:helmet:item-animation-code:J7:WQNJ7;0x6115:helmet:item-animation-code:J8:WQNJ8;0x6115:helmet:item-animation-code:J9:WQNJ9;0x6115:helmet:item-animation-code:JA:WQNJA;0x6115:helmet:item-animation-code:JB:WQNJB;0x6115:helmet:item-animation-code:JC:WQNJC;0x6115:helmet:item-animation-code:YW:WQNYW;0x6115:helmet:item-animation-code:ZW:WQNZW;0x6115:shield:item-animation-code:C0:WQNC0;0x6115:shield:item-animation-code:C1:WQNC1;0x6115:shield:item-animation-code:C2:WQNC2;0x6115:shield:item-animation-code:C3:WQNC3;0x6115:shield:item-animation-code:C4:WQNC4;0x6115:shield:item-animation-code:C5:WQNC5;0x6115:shield:item-animation-code:C6:WQNC6;0x6115:shield:item-animation-code:C7:WQNC7;0x6115:shield:item-animation-code:D1:WQND1;0x6115:shield:item-animation-code:D2:WQND2;0x6115:shield:item-animation-code:D3:WQND3;0x6115:shield:item-animation-code:D4:WQND4;0x6115:weapon:item-animation-code:AX:WQNAX;0x6115:weapon:item-animation-code:BS:WQNBS;0x6115:weapon:item-animation-code:BW:WQNBW;0x6115:weapon:item-animation-code:CB:WQNCB;0x6115:weapon:item-animation-code:CL:WQNCL;0x6115:weapon:item-animation-code:DD:WQNDD;0x6115:weapon:item-animation-code:F0:WQNF0;0x6115:weapon:item-animation-code:F1:WQNF1;0x6115:weapon:item-animation-code:F2:WQNF2;0x6115:weapon:item-animation-code:F3:WQNF3;0x6115:weapon:item-animation-code:FL:WQNFL;0x6115:weapon:item-animation-code:FS:WQNFS;0x6115:weapon:item-animation-code:GS:WQNGS;0x6115:weapon:item-animation-code:H6:WQNH6;0x6115:weapon:item-animation-code:HB:WQNHB;0x6115:weapon:item-animation-code:M2:WQNM2;0x6115:weapon:item-animation-code:MC:WQNMC;0x6115:weapon:item-animation-code:MS:WQNMS;0x6115:weapon:item-animation-code:Q2:WQNQ2;0x6115:weapon:item-animation-code:Q3:WQNQ3;0x6115:weapon:item-animation-code:Q4:WQNQ4;0x6115:weapon:item-animation-code:QS:WQNQS;0x6115:weapon:item-animation-code:S0:WQNS0;0x6115:weapon:item-animation-code:S1:WQNS1;0x6115:weapon:item-animation-code:S2:WQNS2;0x6115:weapon:item-animation-code:S3:WQNS3;0x6115:weapon:item-animation-code:SC:WQNSC;0x6115:weapon:item-animation-code:SL:WQNSL;0x6115:weapon:item-animation-code:SP:WQNSP;0x6115:weapon:item-animation-code:SS:WQNSS;0x6115:weapon:item-animation-code:WH:WQNWH,CHFB1A1;CHFB1A2;CHFB1A3;CHFB1A4;CHFB1A5;CHFB1A6;CHFB1A7;CHFB1A8;CHFB1A9;CHFB1CA;CHFB1G1;CHFB1G11;CHFB1G12;CHFB1G13;CHFB1G14;CHFB1G15;CHFB1G16;CHFB1G17;CHFB1G18;CHFB1G19;CHFB1SA;CHFB1SS;CHFB1SX;CHFB2A1;CHFB2A2;CHFB2A3;CHFB2A4;CHFB2A5;CHFB2A6;CHFB2A7;CHFB2A8;CHFB2A9;CHFB2CA;CHFB2G1;CHFB2G11;CHFB2G12;CHFB2G13;CHFB2G14;CHFB2G15;CHFB2G16;CHFB2G17;CHFB2G18;CHFB2G19;CHFB2SA;CHFB2SS;CHFB2SX;CHFB3A1;CHFB3A2;CHFB3A3;CHFB3A4;CHFB3A5;CHFB3A6;CHFB3A7;CHFB3A8;CHFB3A9;CHFB3CA;CHFB3G1;CHFB3G11;CHFB3G12;CHFB3G13;CHFB3G14;CHFB3G15;CHFB3G16;CHFB3G17;CHFB3G18;CHFB3G19;CHFB3SA;CHFB3SS;CHFB3SX;CHFF4A1;CHFF4A2;CHFF4A3;CHFF4A4;CHFF4A5;CHFF4A6;CHFF4A7;CHFF4A8;CHFF4A9;CHFF4CA;CHFF4G1;CHFF4G11;CHFF4G12;CHFF4G13;CHFF4G14;CHFF4G15;CHFF4G16;CHFF4G17;CHFF4G18;CHFF4G19;CHFF4SA;CHFF4SS;CHFF4SX;WQNAXA1;WQNAXA3;WQNAXA5;WQNAXA7;WQNAXA8;WQNAXA9;WQNAXG1;WQNAXOA7;WQNAXOA8;WQNAXOA9;WQNAXOG1;WQNBSG1;WQNBSSA;WQNBWG1;WQNBWSA;WQNC0A1;WQNC0A3;WQNC0A5;WQNC0G1;WQNC0SS;WQNC1A1;WQNC1A3;WQNC1A5;WQNC1G1;WQNC1SS;WQNC2A1;WQNC2A3;WQNC2A5;WQNC2G1;WQNC2SS;WQNC3A1;WQNC3A3;WQNC3A5;WQNC3G1;WQNC3SS;WQNC4A1;WQNC4A3;WQNC4A5;WQNC4G1;WQNC4SS;WQNC5A1;WQNC5A3;WQNC5A5;WQNC5G1;WQNC5SS;WQNC6A1;WQNC6A3;WQNC6A5;WQNC6G1;WQNC6SS;WQNC7A1;WQNC7A3;WQNC7A5;WQNC7G1;WQNC7SS;WQNCBG1;WQNCBSX;WQNCLA1;WQNCLA3;WQNCLA5;WQNCLA7;WQNCLA8;WQNCLA9;WQNCLG1;WQNCLOA7;WQNCLOA8;WQNCLOA9;WQNCLOG1;WQND1A1;WQND1A3;WQND1A5;WQND1G1;WQND1SS;WQND2A1;WQND2A3;WQND2A5;WQND2G1;WQND2SS;WQND3A1;WQND3A3;WQND3A5;WQND3G1;WQND3SS;WQND4A1;WQND4A3;WQND4A5;WQND4G1;WQND4SS;WQNDDA1;WQNDDA3;WQNDDA5;WQNDDA7;WQNDDA8;WQNDDA9;WQNDDG1;WQNDDOA7;WQNDDOA8;WQNDDOA9;WQNDDOG1;WQNF0A1;WQNF0A3;WQNF0A5;WQNF0A7;WQNF0A8;WQNF0A9;WQNF0G1;WQNF0OA7;WQNF0OA8;WQNF0OA9;WQNF0OG1;WQNF1A1;WQNF1A3;WQNF1A5;WQNF1A7;WQNF1A8;WQNF1A9;WQNF1G1;WQNF1OA7;WQNF1OA8;WQNF1OA9;WQNF1OG1;WQNF2A1;WQNF2A3;WQNF2A5;WQNF2A7;WQNF2A8;WQNF2A9;WQNF2G1;WQNF2OA7;WQNF2OA8;WQNF2OA9;WQNF2OG1;WQNF3A1;WQNF3A3;WQNF3A5;WQNF3A7;WQNF3A8;WQNF3A9;WQNF3G1;WQNF3OA7;WQNF3OA8;WQNF3OA9;WQNF3OG1;WQNFLA1;WQNFLA3;WQNFLA5;WQNFLA7;WQNFLA8;WQNFLA9;WQNFLG1;WQNFLOA7;WQNFLOA8;WQNFLOA9;WQNFLOG1;WQNFSA1;WQNFSA3;WQNFSA5;WQNFSA7;WQNFSA8;WQNFSA9;WQNFSG1;WQNFSOA7;WQNFSOA8;WQNFSOA9;WQNFSOG1;WQNGSA2;WQNGSA4;WQNGSA6;WQNGSG1;WQNH0A1;WQNH0A2;WQNH0A3;WQNH0A4;WQNH0A5;WQNH0A6;WQNH0A7;WQNH0A8;WQNH0A9;WQNH0CA;WQNH0G1;WQNH0SA;WQNH0SS;WQNH0SX;WQNH1A1;WQNH1A2;WQNH1A3;WQNH1A4;WQNH1A5;WQNH1A6;WQNH1A7;WQNH1A8;WQNH1A9;WQNH1CA;WQNH1G1;WQNH1SA;WQNH1SS;WQNH1SX;WQNH2A1;WQNH2A2;WQNH2A3;WQNH2A4;WQNH2A5;WQNH2A6;WQNH2A7;WQNH2A8;WQNH2A9;WQNH2CA;WQNH2G1;WQNH2SA;WQNH2SS;WQNH2SX;WQNH5A1;WQNH5A2;WQNH5A3;WQNH5A4;WQNH5A5;WQNH5A6;WQNH5A7;WQNH5A8;WQNH5A9;WQNH5CA;WQNH5G1;WQNH5SA;WQNH5SS;WQNH5SX;WQNH6A1;WQNH6A2;WQNH6A3;WQNH6A4;WQNH6A5;WQNH6A6;WQNH6A7;WQNH6A8;WQNH6A9;WQNH6CA;WQNH6G1;WQNH6SA;WQNH6SS;WQNH6SX;WQNHBA2;WQNHBA4;WQNHBA6;WQNHBG1;WQNJ0A1;WQNJ0A2;WQNJ0A3;WQNJ0A4;WQNJ0A5;WQNJ0A6;WQNJ0A7;WQNJ0A8;WQNJ0A9;WQNJ0CA;WQNJ0G1;WQNJ0SA;WQNJ0SS;WQNJ0SX;WQNJ1A1;WQNJ1A2;WQNJ1A3;WQNJ1A4;WQNJ1A5;WQNJ1A6;WQNJ1A7;WQNJ1A8;WQNJ1A9;WQNJ1CA;WQNJ1G1;WQNJ1SA;WQNJ1SS;WQNJ1SX;WQNJ2A1;WQNJ2A2;WQNJ2A3;WQNJ2A4;WQNJ2A5;WQNJ2A6;WQNJ2A7;WQNJ2A8;WQNJ2A9;WQNJ2CA;WQNJ2G1;WQNJ2SA;WQNJ2SS;WQNJ2SX;WQNJ3A1;WQNJ3A2;WQNJ3A3;WQNJ3A4;WQNJ3A5;WQNJ3A6;WQNJ3A7;WQNJ3A8;WQNJ3A9;WQNJ3CA;WQNJ3G1;WQNJ3SA;WQNJ3SS;WQNJ3SX;WQNJ4A1;WQNJ4A2;WQNJ4A3;WQNJ4A4;WQNJ4A5;WQNJ4A6;WQNJ4A7;WQNJ4A8;WQNJ4A9;WQNJ4CA;WQNJ4G1;WQNJ4SA;WQNJ4SS;WQNJ4SX;WQNJ5A1;WQNJ5A2;WQNJ5A3;WQNJ5A4;WQNJ5A5;WQNJ5A6;WQNJ5A7;WQNJ5A8;WQNJ5A9;WQNJ5CA;WQNJ5G1;WQNJ5SA;WQNJ5SS;WQNJ5SX;WQNJ6A1;WQNJ6A2;WQNJ6A3;WQNJ6A4;WQNJ6A5;WQNJ6A6;WQNJ6A7;WQNJ6A8;WQNJ6A9;WQNJ6CA;WQNJ6G1;WQNJ6SA;WQNJ6SS;WQNJ6SX;WQNJ7A1;WQNJ7A2;WQNJ7A3;WQNJ7A4;WQNJ7A5;WQNJ7A6;WQNJ7A7;WQNJ7A8;WQNJ7A9;WQNJ7CA;WQNJ7G1;WQNJ7SA;WQNJ7SS;WQNJ7SX;WQNJ8A1;WQNJ8A2;WQNJ8A3;WQNJ8A4;WQNJ8A5;WQNJ8A6;WQNJ8A7;WQNJ8A8;WQNJ8A9;WQNJ8CA;WQNJ8G1;WQNJ8SA;WQNJ8SS;WQNJ8SX;WQNJ9A1;WQNJ9A2;WQNJ9A3;WQNJ9A4;WQNJ9A5;WQNJ9A6;WQNJ9A7;WQNJ9A8;WQNJ9A9;WQNJ9CA;WQNJ9G1;WQNJ9SA;WQNJ9SS;WQNJ9SX;WQNJAA1;WQNJAA2;WQNJAA3;WQNJAA4;WQNJAA5;WQNJAA6;WQNJAA7;WQNJAA8;WQNJAA9;WQNJACA;WQNJAG1;WQNJASA;WQNJASS;WQNJASX;WQNJBA1;WQNJBA2;WQNJBA3;WQNJBA4;WQNJBA5;WQNJBA6;WQNJBA7;WQNJBA8;WQNJBA9;WQNJBCA;WQNJBG1;WQNJBSA;WQNJBSS;WQNJBSX;WQNJCA1;WQNJCA2;WQNJCA3;WQNJCA4;WQNJCA5;WQNJCA6;WQNJCA7;WQNJCA8;WQNJCA9;WQNJCCA;WQNJCG1;WQNJCSA;WQNJCSS;WQNJCSX;WQNM2A1;WQNM2A3;WQNM2A5;WQNM2A7;WQNM2A8;WQNM2A9;WQNM2G1;WQNM2OA7;WQNM2OA8;WQNM2OA9;WQNM2OG1;WQNMCA1;WQNMCA3;WQNMCA5;WQNMCA7;WQNMCA8;WQNMCA9;WQNMCG1;WQNMCOA7;WQNMCOA8;WQNMCOA9;WQNMCOG1;WQNMSA1;WQNMSA3;WQNMSA5;WQNMSA7;WQNMSA8;WQNMSA9;WQNMSG1;WQNMSOA7;WQNMSOA8;WQNMSOA9;WQNMSOG1;WQNQ2A2;WQNQ2A4;WQNQ2A6;WQNQ2G1;WQNQ3A2;WQNQ3A4;WQNQ3A6;WQNQ3G1;WQNQ4A2;WQNQ4A4;WQNQ4A6;WQNQ4G1;WQNQSA2;WQNQSA4;WQNQSA6;WQNQSG1;WQNS0A1;WQNS0A3;WQNS0A5;WQNS0A7;WQNS0A8;WQNS0A9;WQNS0G1;WQNS0OA7;WQNS0OA8;WQNS0OA9;WQNS0OG1;WQNS1A1;WQNS1A3;WQNS1A5;WQNS1A7;WQNS1A8;WQNS1A9;WQNS1G1;WQNS1OA7;WQNS1OA8;WQNS1OA9;WQNS1OG1;WQNS2A2;WQNS2A4;WQNS2A6;WQNS2G1;WQNS3A1;WQNS3A3;WQNS3A5;WQNS3A7;WQNS3A8;WQNS3A9;WQNS3G1;WQNS3OA7;WQNS3OA8;WQNS3OA9;WQNS3OG1;WQNSCA1;WQNSCA3;WQNSCA5;WQNSCA7;WQNSCA8;WQNSCA9;WQNSCG1;WQNSCOA7;WQNSCOA8;WQNSCOA9;WQNSCOG1;WQNSLG1;WQNSLSS;WQNSPA2;WQNSPA4;WQNSPA6;WQNSPG1;WQNSSA1;WQNSSA3;WQNSSA5;WQNSSA7;WQNSSA8;WQNSSA9;WQNSSG1;WQNSSOA7;WQNSSOA8;WQNSSOA9;WQNSSOG1;WQNWHA1;WQNWHA3;WQNWHA5;WQNWHA7;WQNWHA8;WQNWHA9;WQNWHG1;WQNWHOA7;WQNWHOA8;WQNWHOA9;WQNWHOG1;WQNZWA1;WQNZWA2;WQNZWA3;WQNZWA4;WQNZWA5;WQNZWA6;WQNZWA7;WQNZWA8;WQNZWA9;WQNZWCA;WQNZWG1;WQNZWSA;WQNZWSS;WQNZWSX,q3m-reference-available,docs/measurements/playable-q3m-x2-ingame-20261002-v1/current-generation.json,no-colour-variant-reference,93948,93868,,sprite/index/palette-work-plan.json,93948
0x6200,MAGE_MALE_HUMAN,character,6000,1,1,CHMW,66,65,656,180337,0x6200:body:armor-code:1:CHMW1;0x6200:body:armor-code:2:CHMW2;0x6200:body:armor-code:3:CHMW3;0x6200:body:armor-code:4:CHMW4;0x6200:helmet:item-animation-code:H0:WQLH0;0x6200:helmet:item-animation-code:H1:WQLH1;0x6200:helmet:item-animation-code:H2:WQLH2;0x6200:helmet:item-animation-code:H5:WQLH5;0x6200:helmet:item-animation-code:J0:WQLJ0;0x6200:helmet:item-animation-code:J1:WQLJ1;0x6200:helmet:item-animation-code:J2:WQLJ2;0x6200:helmet:item-animation-code:J3:WQLJ3;0x6200:helmet:item-animation-code:J4:WQLJ4;0x6200:helmet:item-animation-code:J5:WQLJ5;0x6200:helmet:item-animation-code:J6:WQLJ6;0x6200:helmet:item-animation-code:J7:WQLJ7;0x6200:helmet:item-animation-code:J8:WQLJ8;0x6200:helmet:item-animation-code:J9:WQLJ9;0x6200:helmet:item-animation-code:JA:WQLJA;0x6200:helmet:item-animation-code:JB:WQLJB;0x6200:helmet:item-animation-code:JC:WQLJC;0x6200:helmet:item-animation-code:YW:WQLYW;0x6200:helmet:item-animation-code:ZW:WQLZW;0x6200:shield:item-animation-code:C0:WQLC0;0x6200:shield:item-animation-code:C1:WQLC1;0x6200:shield:item-animation-code:C2:WQLC2;0x6200:shield:item-animation-code:C3:WQLC3;0x6200:shield:item-animation-code:C4:WQLC4;0x6200:shield:item-animation-code:C5:WQLC5;0x6200:shield:item-animation-code:C6:WQLC6;0x6200:shield:item-animation-code:C7:WQLC7;0x6200:shield:item-animation-code:D1:WQLD1;0x6200:shield:item-animation-code:D2:WQLD2;0x6200:shield:item-animation-code:D3:WQLD3;0x6200:shield:item-animation-code:D4:WQLD4;0x6200:weapon:item-animation-code:AX:WQLAX;0x6200:weapon:item-animation-code:BS:WQLBS;0x6200:weapon:item-animation-code:BW:WQLBW;0x6200:weapon:item-animation-code:CB:WQLCB;0x6200:weapon:item-animation-code:CL:WQLCL;0x6200:weapon:item-animation-code:DD:WQLDD;0x6200:weapon:item-animation-code:F0:WQLF0;0x6200:weapon:item-animation-code:F1:WQLF1;0x6200:weapon:item-animation-code:F2:WQLF2;0x6200:weapon:item-animation-code:F3:WQLF3;0x6200:weapon:item-animation-code:FL:WQLFL;0x6200:weapon:item-animation-code:FS:WQLFS;0x6200:weapon:item-animation-code:GS:WQLGS;0x6200:weapon:item-animation-code:H6:WQLH6;0x6200:weapon:item-animation-code:HB:WQLHB;0x6200:weapon:item-animation-code:M2:WQLM2;0x6200:weapon:item-animation-code:MC:WQLMC;0x6200:weapon:item-animation-code:MS:WQLMS;0x6200:weapon:item-animation-code:Q2:WQLQ2;0x6200:weapon:item-animation-code:Q3:WQLQ3;0x6200:weapon:item-animation-code:Q4:WQLQ4;0x6200:weapon:item-animation-code:QS:WQLQS;0x6200:weapon:item-animation-code:S0:WQLS0;0x6200:weapon:item-animation-code:S1:WQLS1;0x6200:weapon:item-animation-code:S2:WQLS2;0x6200:weapon:item-animation-code:S3:WQLS3;0x6200:weapon:item-animation-code:SC:WQLSC;0x6200:weapon:item-animation-code:SL:WQLSL;0x6200:weapon:item-animation-code:SP:WQLSP;0x6200:weapon:item-animation-code:SS:WQLSS;0x6200:weapon:item-animation-code:WH:WQLWH,CHMW1A1;CHMW1A2;CHMW1A3;CHMW1A4;CHMW1A5;CHMW1A6;CHMW1A7;CHMW1A8;CHMW1A9;CHMW1CA;CHMW1G1;CHMW1G11;CHMW1G12;CHMW1G13;CHMW1G14;CHMW1G15;CHMW1G16;CHMW1G17;CHMW1G18;CHMW1G19;CHMW1SA;CHMW1SS;CHMW1SX;CHMW2A1;CHMW2A2;CHMW2A3;CHMW2A4;CHMW2A5;CHMW2A6;CHMW2A7;CHMW2A8;CHMW2A9;CHMW2CA;CHMW2G1;CHMW2G11;CHMW2G12;CHMW2G13;CHMW2G14;CHMW2G15;CHMW2G16;CHMW2G17;CHMW2G18;CHMW2G19;CHMW2SA;CHMW2SS;CHMW2SX;CHMW3A1;CHMW3A2;CHMW3A3;CHMW3A4;CHMW3A5;CHMW3A6;CHMW3A7;CHMW3A8;CHMW3A9;CHMW3CA;CHMW3G1;CHMW3G11;CHMW3G12;CHMW3G13;CHMW3G14;CHMW3G15;CHMW3G16;CHMW3G17;CHMW3G18;CHMW3G19;CHMW3SA;CHMW3SS;CHMW3SX;CHMW4A1;CHMW4A2;CHMW4A3;CHMW4A4;CHMW4A5;CHMW4A6;CHMW4A7;CHMW4A8;CHMW4A9;CHMW4CA;CHMW4G1;CHMW4G11;CHMW4G12;CHMW4G13;CHMW4G14;CHMW4G15;CHMW4G16;CHMW4G17;CHMW4G18;CHMW4G19;CHMW4SA;CHMW4SS;CHMW4SX;WQLAXA1;WQLAXA3;WQLAXA5;WQLAXA7;WQLAXA8;WQLAXA9;WQLAXG1;WQLAXOA7;WQLAXOA8;WQLAXOA9;WQLAXOG1;WQLBSG1;WQLBSSA;WQLBWG1;WQLBWSA;WQLC0A1;WQLC0A3;WQLC0A5;WQLC0G1;WQLC0SS;WQLC1A1;WQLC1A3;WQLC1A5;WQLC1G1;WQLC1SS;WQLC2A1;WQLC2A3;WQLC2A5;WQLC2G1;WQLC2SS;WQLC3A1;WQLC3A3;WQLC3A5;WQLC3G1;WQLC3SS;WQLC4A1;WQLC4A3;WQLC4A5;WQLC4G1;WQLC4SS;WQLC5A1;WQLC5A3;WQLC5A5;WQLC5G1;WQLC5SS;WQLC6A1;WQLC6A3;WQLC6A5;WQLC6G1;WQLC6SS;WQLC7A1;WQLC7A3;WQLC7A5;WQLC7G1;WQLC7SS;WQLCBG1;WQLCBSX;WQLCLA1;WQLCLA3;WQLCLA5;WQLCLA7;WQLCLA8;WQLCLA9;WQLCLG1;WQLCLOA7;WQLCLOA8;WQLCLOA9;WQLCLOG1;WQLD1A1;WQLD1A3;WQLD1A5;WQLD1G1;WQLD1SS;WQLD2A1;WQLD2A3;WQLD2A5;WQLD2G1;WQLD2SS;WQLD3A1;WQLD3A3;WQLD3A5;WQLD3G1;WQLD3SS;WQLD4A1;WQLD4A3;WQLD4A5;WQLD4G1;WQLD4SS;WQLDDA1;WQLDDA3;WQLDDA5;WQLDDA7;WQLDDA8;WQLDDA9;WQLDDG1;WQLDDOA7;WQLDDOA8;WQLDDOA9;WQLDDOG1;WQLF0A1;WQLF0A3;WQLF0A5;WQLF0A7;WQLF0A8;WQLF0A9;WQLF0G1;WQLF0OA7;WQLF0OA8;WQLF0OA9;WQLF0OG1;WQLF1A1;WQLF1A3;WQLF1A5;WQLF1A7;WQLF1A8;WQLF1A9;WQLF1G1;WQLF1OA7;WQLF1OA8;WQLF1OA9;WQLF1OG1;WQLF2A1;WQLF2A3;WQLF2A5;WQLF2A7;WQLF2A8;WQLF2A9;WQLF2G1;WQLF2OA7;WQLF2OA8;WQLF2OA9;WQLF2OG1;WQLF3A1;WQLF3A3;WQLF3A5;WQLF3A7;WQLF3A8;WQLF3A9;WQLF3G1;WQLF3OA7;WQLF3OA8;WQLF3OA9;WQLF3OG1;WQLFLA1;WQLFLA3;WQLFLA5;WQLFLA7;WQLFLA8;WQLFLA9;WQLFLG1;WQLFLOA7;WQLFLOA8;WQLFLOA9;WQLFLOG1;WQLFSA1;WQLFSA3;WQLFSA5;WQLFSA7;WQLFSA8;WQLFSA9;WQLFSG1;WQLFSOA7;WQLFSOA8;WQLFSOA9;WQLFSOG1;WQLGSA2;WQLGSA4;WQLGSA6;WQLGSG1;WQLH0A1;WQLH0A2;WQLH0A3;WQLH0A4;WQLH0A5;WQLH0A6;WQLH0A7;WQLH0A8;WQLH0A9;WQLH0CA;WQLH0G1;WQLH0SA;WQLH0SS;WQLH0SX;WQLH1A1;WQLH1A2;WQLH1A3;WQLH1A4;WQLH1A5;WQLH1A6;WQLH1A7;WQLH1A8;WQLH1A9;WQLH1CA;WQLH1G1;WQLH1SA;WQLH1SS;WQLH1SX;WQLH2A1;WQLH2A2;WQLH2A3;WQLH2A4;WQLH2A5;WQLH2A6;WQLH2A7;WQLH2A8;WQLH2A9;WQLH2CA;WQLH2G1;WQLH2SA;WQLH2SS;WQLH2SX;WQLH5A1;WQLH5A2;WQLH5A3;WQLH5A4;WQLH5A5;WQLH5A6;WQLH5A7;WQLH5A8;WQLH5A9;WQLH5CA;WQLH5G1;WQLH5SA;WQLH5SS;WQLH5SX;WQLH6A1;WQLH6A2;WQLH6A3;WQLH6A4;WQLH6A5;WQLH6A6;WQLH6A7;WQLH6A8;WQLH6A9;WQLH6CA;WQLH6G1;WQLH6SA;WQLH6SS;WQLH6SX;WQLHBA2;WQLHBA4;WQLHBA6;WQLHBG1;WQLJ0A1;WQLJ0A2;WQLJ0A3;WQLJ0A4;WQLJ0A5;WQLJ0A6;WQLJ0A7;WQLJ0A8;WQLJ0A9;WQLJ0CA;WQLJ0G1;WQLJ0SA;WQLJ0SS;WQLJ0SX;WQLJ1A1;WQLJ1A2;WQLJ1A3;WQLJ1A4;WQLJ1A5;WQLJ1A6;WQLJ1A7;WQLJ1A8;WQLJ1A9;WQLJ1CA;WQLJ1G1;WQLJ1SA;WQLJ1SS;WQLJ1SX;WQLJ2A1;WQLJ2A2;WQLJ2A3;WQLJ2A4;WQLJ2A5;WQLJ2A6;WQLJ2A7;WQLJ2A8;WQLJ2A9;WQLJ2CA;WQLJ2G1;WQLJ2SA;WQLJ2SS;WQLJ2SX;WQLJ3A1;WQLJ3A2;WQLJ3A3;WQLJ3A4;WQLJ3A5;WQLJ3A6;WQLJ3A7;WQLJ3A8;WQLJ3A9;WQLJ3CA;WQLJ3G1;WQLJ3SA;WQLJ3SS;WQLJ3SX;WQLJ4A1;WQLJ4A2;WQLJ4A3;WQLJ4A4;WQLJ4A5;WQLJ4A6;WQLJ4A7;WQLJ4A8;WQLJ4A9;WQLJ4CA;WQLJ4G1;WQLJ4SA;WQLJ4SS;WQLJ4SX;WQLJ5A1;WQLJ5A2;WQLJ5A3;WQLJ5A4;WQLJ5A5;WQLJ5A6;WQLJ5A7;WQLJ5A8;WQLJ5A9;WQLJ5CA;WQLJ5G1;WQLJ5SA;WQLJ5SS;WQLJ5SX;WQLJ6A1;WQLJ6A2;WQLJ6A3;WQLJ6A4;WQLJ6A5;WQLJ6A6;WQLJ6A7;WQLJ6A8;WQLJ6A9;WQLJ6CA;WQLJ6G1;WQLJ6SA;WQLJ6SS;WQLJ6SX;WQLJ7A1;WQLJ7A2;WQLJ7A3;WQLJ7A4;WQLJ7A5;WQLJ7A6;WQLJ7A7;WQLJ7A8;WQLJ7A9;WQLJ7CA;WQLJ7G1;WQLJ7SA;WQLJ7SS;WQLJ7SX;WQLJ8A1;WQLJ8A2;WQLJ8A3;WQLJ8A4;WQLJ8A5;WQLJ8A6;WQLJ8A7;WQLJ8A8;WQLJ8A9;WQLJ8CA;WQLJ8G1;WQLJ8SA;WQLJ8SS;WQLJ8SX;WQLJ9A1;WQLJ9A2;WQLJ9A3;WQLJ9A4;WQLJ9A5;WQLJ9A6;WQLJ9A7;WQLJ9A8;WQLJ9A9;WQLJ9CA;WQLJ9G1;WQLJ9SA;WQLJ9SS;WQLJ9SX;WQLJAA1;WQLJAA2;WQLJAA3;WQLJAA4;WQLJAA5;WQLJAA6;WQLJAA7;WQLJAA8;WQLJAA9;WQLJACA;WQLJAG1;WQLJASA;WQLJASS;WQLJASX;WQLJBA1;WQLJBA2;WQLJBA3;WQLJBA4;WQLJBA5;WQLJBA6;WQLJBA7;WQLJBA8;WQLJBA9;WQLJBCA;WQLJBG1;WQLJBSA;WQLJBSS;WQLJBSX;WQLJCA1;WQLJCA2;WQLJCA3;WQLJCA4;WQLJCA5;WQLJCA6;WQLJCA7;WQLJCA8;WQLJCA9;WQLJCCA;WQLJCG1;WQLJCSA;WQLJCSS;WQLJCSX;WQLM2A1;WQLM2A3;WQLM2A5;WQLM2A7;WQLM2A8;WQLM2A9;WQLM2G1;WQLM2OA7;WQLM2OA8;WQLM2OA9;WQLM2OG1;WQLMCA1;WQLMCA3;WQLMCA5;WQLMCA7;WQLMCA8;WQLMCA9;WQLMCG1;WQLMCOA7;WQLMCOA8;WQLMCOA9;WQLMCOG1;WQLMSA1;WQLMSA3;WQLMSA5;WQLMSA7;WQLMSA8;WQLMSA9;WQLMSG1;WQLMSOA7;WQLMSOA8;WQLMSOA9;WQLMSOG1;WQLQ2A2;WQLQ2A4;WQLQ2A6;WQLQ2G1;WQLQ3A2;WQLQ3A4;WQLQ3A6;WQLQ3G1;WQLQ4A2;WQLQ4A4;WQLQ4A6;WQLQ4G1;WQLQSA2;WQLQSA4;WQLQSA6;WQLQSG1;WQLS0A1;WQLS0A3;WQLS0A5;WQLS0A7;WQLS0A8;WQLS0A9;WQLS0G1;WQLS0OA7;WQLS0OA8;WQLS0OA9;WQLS0OG1;WQLS1A1;WQLS1A3;WQLS1A5;WQLS1A7;WQLS1A8;WQLS1A9;WQLS1G1;WQLS1OA7;WQLS1OA8;WQLS1OA9;WQLS1OG1;WQLS2A2;WQLS2A4;WQLS2A6;WQLS2G1;WQLS3A1;WQLS3A3;WQLS3A5;WQLS3A7;WQLS3A8;WQLS3A9;WQLS3G1;WQLS3OA7;WQLS3OA8;WQLS3OA9;WQLS3OG1;WQLSCA1;WQLSCA3;WQLSCA5;WQLSCA7;WQLSCA8;WQLSCA9;WQLSCG1;WQLSCOA7;WQLSCOA8;WQLSCOA9;WQLSCOG1;WQLSLG1;WQLSLSS;WQLSPA2;WQLSPA4;WQLSPA6;WQLSPG1;WQLSSA1;WQLSSA3;WQLSSA5;WQLSSA7;WQLSSA8;WQLSSA9;WQLSSG1;WQLSSOA7;WQLSSOA8;WQLSSOA9;WQLSSOG1;WQLWHA1;WQLWHA3;WQLWHA5;WQLWHA7;WQLWHA8;WQLWHA9;WQLWHG1;WQLWHOA7;WQLWHOA8;WQLWHOA9;WQLWHOG1;WQLZWA1;WQLZWA2;WQLZWA3;WQLZWA4;WQLZWA5;WQLZWA6;WQLZWA7;WQLZWA8;WQLZWA9;WQLZWCA;WQLZWG1;WQLZWSA;WQLZWSS;WQLZWSX,q3m-reference-available,docs/measurements/playable-q3m-x2-ingame-20261002-v1/current-generation.json,no-colour-variant-reference,94772,94703,,sprite/index/palette-work-plan.json,94772
0x6201,MAGE_MALE_ELF,character,6000,1,1,CEMW,66,65,656,180494,0x6201:body:armor-code:1:CEMW1;0x6201:body:armor-code:2:CEMW2;0x6201:body:armor-code:3:CEMW3;0x6201:body:armor-code:4:CEMW4;0x6201:helmet:item-animation-code:H0:WQMH0;0x6201:helmet:item-animation-code:H1:WQMH1;0x6201:helmet:item-animation-code:H2:WQMH2;0x6201:helmet:item-animation-code:H5:WQMH5;0x6201:helmet:item-animation-code:J0:WQMJ0;0x6201:helmet:item-animation-code:J1:WQMJ1;0x6201:helmet:item-animation-code:J2:WQMJ2;0x6201:helmet:item-animation-code:J3:WQMJ3;0x6201:helmet:item-animation-code:J4:WQMJ4;0x6201:helmet:item-animation-code:J5:WQMJ5;0x6201:helmet:item-animation-code:J6:WQMJ6;0x6201:helmet:item-animation-code:J7:WQMJ7;0x6201:helmet:item-animation-code:J8:WQMJ8;0x6201:helmet:item-animation-code:J9:WQMJ9;0x6201:helmet:item-animation-code:JA:WQMJA;0x6201:helmet:item-animation-code:JB:WQMJB;0x6201:helmet:item-animation-code:JC:WQMJC;0x6201:helmet:item-animation-code:YW:WQMYW;0x6201:helmet:item-animation-code:ZW:WQMZW;0x6201:shield:item-animation-code:C0:WQMC0;0x6201:shield:item-animation-code:C1:WQMC1;0x6201:shield:item-animation-code:C2:WQMC2;0x6201:shield:item-animation-code:C3:WQMC3;0x6201:shield:item-animation-code:C4:WQMC4;0x6201:shield:item-animation-code:C5:WQMC5;0x6201:shield:item-animation-code:C6:WQMC6;0x6201:shield:item-animation-code:C7:WQMC7;0x6201:shield:item-animation-code:D1:WQMD1;0x6201:shield:item-animation-code:D2:WQMD2;0x6201:shield:item-animation-code:D3:WQMD3;0x6201:shield:item-animation-code:D4:WQMD4;0x6201:weapon:item-animation-code:AX:WQMAX;0x6201:weapon:item-animation-code:BS:WQMBS;0x6201:weapon:item-animation-code:BW:WQMBW;0x6201:weapon:item-animation-code:CB:WQMCB;0x6201:weapon:item-animation-code:CL:WQMCL;0x6201:weapon:item-animation-code:DD:WQMDD;0x6201:weapon:item-animation-code:F0:WQMF0;0x6201:weapon:item-animation-code:F1:WQMF1;0x6201:weapon:item-animation-code:F2:WQMF2;0x6201:weapon:item-animation-code:F3:WQMF3;0x6201:weapon:item-animation-code:FL:WQMFL;0x6201:weapon:item-animation-code:FS:WQMFS;0x6201:weapon:item-animation-code:GS:WQMGS;0x6201:weapon:item-animation-code:H6:WQMH6;0x6201:weapon:item-animation-code:HB:WQMHB;0x6201:weapon:item-animation-code:M2:WQMM2;0x6201:weapon:item-animation-code:MC:WQMMC;0x6201:weapon:item-animation-code:MS:WQMMS;0x6201:weapon:item-animation-code:Q2:WQMQ2;0x6201:weapon:item-animation-code:Q3:WQMQ3;0x6201:weapon:item-animation-code:Q4:WQMQ4;0x6201:weapon:item-animation-code:QS:WQMQS;0x6201:weapon:item-animation-code:S0:WQMS0;0x6201:weapon:item-animation-code:S1:WQMS1;0x6201:weapon:item-animation-code:S2:WQMS2;0x6201:weapon:item-animation-code:S3:WQMS3;0x6201:weapon:item-animation-code:SC:WQMSC;0x6201:weapon:item-animation-code:SL:WQMSL;0x6201:weapon:item-animation-code:SP:WQMSP;0x6201:weapon:item-animation-code:SS:WQMSS;0x6201:weapon:item-animation-code:WH:WQMWH,CEMW1A1;CEMW1A2;CEMW1A3;CEMW1A4;CEMW1A5;CEMW1A6;CEMW1A7;CEMW1A8;CEMW1A9;CEMW1CA;CEMW1G1;CEMW1G11;CEMW1G12;CEMW1G13;CEMW1G14;CEMW1G15;CEMW1G16;CEMW1G17;CEMW1G18;CEMW1G19;CEMW1SA;CEMW1SS;CEMW1SX;CEMW2A1;CEMW2A2;CEMW2A3;CEMW2A4;CEMW2A5;CEMW2A6;CEMW2A7;CEMW2A8;CEMW2A9;CEMW2CA;CEMW2G1;CEMW2G11;CEMW2G12;CEMW2G13;CEMW2G14;CEMW2G15;CEMW2G16;CEMW2G17;CEMW2G18;CEMW2G19;CEMW2SA;CEMW2SS;CEMW2SX;CEMW3A1;CEMW3A2;CEMW3A3;CEMW3A4;CEMW3A5;CEMW3A6;CEMW3A7;CEMW3A8;CEMW3A9;CEMW3CA;CEMW3G1;CEMW3G11;CEMW3G12;CEMW3G13;CEMW3G14;CEMW3G15;CEMW3G16;CEMW3G17;CEMW3G18;CEMW3G19;CEMW3SA;CEMW3SS;CEMW3SX;CEMW4A1;CEMW4A2;CEMW4A3;CEMW4A4;CEMW4A5;CEMW4A6;CEMW4A7;CEMW4A8;CEMW4A9;CEMW4CA;CEMW4G1;CEMW4G11;CEMW4G12;CEMW4G13;CEMW4G14;CEMW4G15;CEMW4G16;CEMW4G17;CEMW4G18;CEMW4G19;CEMW4SA;CEMW4SS;CEMW4SX;WQMAXA1;WQMAXA3;WQMAXA5;WQMAXA7;WQMAXA8;WQMAXA9;WQMAXG1;WQMAXOA7;WQMAXOA8;WQMAXOA9;WQMAXOG1;WQMBSG1;WQMBSSA;WQMBWG1;WQMBWSA;WQMC0A1;WQMC0A3;WQMC0A5;WQMC0G1;WQMC0SS;WQMC1A1;WQMC1A3;WQMC1A5;WQMC1G1;WQMC1SS;WQMC2A1;WQMC2A3;WQMC2A5;WQMC2G1;WQMC2SS;WQMC3A1;WQMC3A3;WQMC3A5;WQMC3G1;WQMC3SS;WQMC4A1;WQMC4A3;WQMC4A5;WQMC4G1;WQMC4SS;WQMC5A1;WQMC5A3;WQMC5A5;WQMC5G1;WQMC5SS;WQMC6A1;WQMC6A3;WQMC6A5;WQMC6G1;WQMC6SS;WQMC7A1;WQMC7A3;WQMC7A5;WQMC7G1;WQMC7SS;WQMCBG1;WQMCBSX;WQMCLA1;WQMCLA3;WQMCLA5;WQMCLA7;WQMCLA8;WQMCLA9;WQMCLG1;WQMCLOA7;WQMCLOA8;WQMCLOA9;WQMCLOG1;WQMD1A1;WQMD1A3;WQMD1A5;WQMD1G1;WQMD1SS;WQMD2A1;WQMD2A3;WQMD2A5;WQMD2G1;WQMD2SS;WQMD3A1;WQMD3A3;WQMD3A5;WQMD3G1;WQMD3SS;WQMD4A1;WQMD4A3;WQMD4A5;WQMD4G1;WQMD4SS;WQMDDA1;WQMDDA3;WQMDDA5;WQMDDA7;WQMDDA8;WQMDDA9;WQMDDG1;WQMDDOA7;WQMDDOA8;WQMDDOA9;WQMDDOG1;WQMF0A1;WQMF0A3;WQMF0A5;WQMF0A7;WQMF0A8;WQMF0A9;WQMF0G1;WQMF0OA7;WQMF0OA8;WQMF0OA9;WQMF0OG1;WQMF1A1;WQMF1A3;WQMF1A5;WQMF1A7;WQMF1A8;WQMF1A9;WQMF1G1;WQMF1OA7;WQMF1OA8;WQMF1OA9;WQMF1OG1;WQMF2A1;WQMF2A3;WQMF2A5;WQMF2A7;WQMF2A8;WQMF2A9;WQMF2G1;WQMF2OA7;WQMF2OA8;WQMF2OA9;WQMF2OG1;WQMF3A1;WQMF3A3;WQMF3A5;WQMF3A7;WQMF3A8;WQMF3A9;WQMF3G1;WQMF3OA7;WQMF3OA8;WQMF3OA9;WQMF3OG1;WQMFLA1;WQMFLA3;WQMFLA5;WQMFLA7;WQMFLA8;WQMFLA9;WQMFLG1;WQMFLOA7;WQMFLOA8;WQMFLOA9;WQMFLOG1;WQMFSA1;WQMFSA3;WQMFSA5;WQMFSA7;WQMFSA8;WQMFSA9;WQMFSG1;WQMFSOA7;WQMFSOA8;WQMFSOA9;WQMFSOG1;WQMGSA2;WQMGSA4;WQMGSA6;WQMGSG1;WQMH0A1;WQMH0A2;WQMH0A3;WQMH0A4;WQMH0A5;WQMH0A6;WQMH0A7;WQMH0A8;WQMH0A9;WQMH0CA;WQMH0G1;WQMH0SA;WQMH0SS;WQMH0SX;WQMH1A1;WQMH1A2;WQMH1A3;WQMH1A4;WQMH1A5;WQMH1A6;WQMH1A7;WQMH1A8;WQMH1A9;WQMH1CA;WQMH1G1;WQMH1SA;WQMH1SS;WQMH1SX;WQMH2A1;WQMH2A2;WQMH2A3;WQMH2A4;WQMH2A5;WQMH2A6;WQMH2A7;WQMH2A8;WQMH2A9;WQMH2CA;WQMH2G1;WQMH2SA;WQMH2SS;WQMH2SX;WQMH5A1;WQMH5A2;WQMH5A3;WQMH5A4;WQMH5A5;WQMH5A6;WQMH5A7;WQMH5A8;WQMH5A9;WQMH5CA;WQMH5G1;WQMH5SA;WQMH5SS;WQMH5SX;WQMH6A1;WQMH6A2;WQMH6A3;WQMH6A4;WQMH6A5;WQMH6A6;WQMH6A7;WQMH6A8;WQMH6A9;WQMH6CA;WQMH6G1;WQMH6SA;WQMH6SS;WQMH6SX;WQMHBA2;WQMHBA4;WQMHBA6;WQMHBG1;WQMJ0A1;WQMJ0A2;WQMJ0A3;WQMJ0A4;WQMJ0A5;WQMJ0A6;WQMJ0A7;WQMJ0A8;WQMJ0A9;WQMJ0CA;WQMJ0G1;WQMJ0SA;WQMJ0SS;WQMJ0SX;WQMJ1A1;WQMJ1A2;WQMJ1A3;WQMJ1A4;WQMJ1A5;WQMJ1A6;WQMJ1A7;WQMJ1A8;WQMJ1A9;WQMJ1CA;WQMJ1G1;WQMJ1SA;WQMJ1SS;WQMJ1SX;WQMJ2A1;WQMJ2A2;WQMJ2A3;WQMJ2A4;WQMJ2A5;WQMJ2A6;WQMJ2A7;WQMJ2A8;WQMJ2A9;WQMJ2CA;WQMJ2G1;WQMJ2SA;WQMJ2SS;WQMJ2SX;WQMJ3A1;WQMJ3A2;WQMJ3A3;WQMJ3A4;WQMJ3A5;WQMJ3A6;WQMJ3A7;WQMJ3A8;WQMJ3A9;WQMJ3CA;WQMJ3G1;WQMJ3SA;WQMJ3SS;WQMJ3SX;WQMJ4A1;WQMJ4A2;WQMJ4A3;WQMJ4A4;WQMJ4A5;WQMJ4A6;WQMJ4A7;WQMJ4A8;WQMJ4A9;WQMJ4CA;WQMJ4G1;WQMJ4SA;WQMJ4SS;WQMJ4SX;WQMJ5A1;WQMJ5A2;WQMJ5A3;WQMJ5A4;WQMJ5A5;WQMJ5A6;WQMJ5A7;WQMJ5A8;WQMJ5A9;WQMJ5CA;WQMJ5G1;WQMJ5SA;WQMJ5SS;WQMJ5SX;WQMJ6A1;WQMJ6A2;WQMJ6A3;WQMJ6A4;WQMJ6A5;WQMJ6A6;WQMJ6A7;WQMJ6A8;WQMJ6A9;WQMJ6CA;WQMJ6G1;WQMJ6SA;WQMJ6SS;WQMJ6SX;WQMJ7A1;WQMJ7A2;WQMJ7A3;WQMJ7A4;WQMJ7A5;WQMJ7A6;WQMJ7A7;WQMJ7A8;WQMJ7A9;WQMJ7CA;WQMJ7G1;WQMJ7SA;WQMJ7SS;WQMJ7SX;WQMJ8A1;WQMJ8A2;WQMJ8A3;WQMJ8A4;WQMJ8A5;WQMJ8A6;WQMJ8A7;WQMJ8A8;WQMJ8A9;WQMJ8CA;WQMJ8G1;WQMJ8SA;WQMJ8SS;WQMJ8SX;WQMJ9A1;WQMJ9A2;WQMJ9A3;WQMJ9A4;WQMJ9A5;WQMJ9A6;WQMJ9A7;WQMJ9A8;WQMJ9A9;WQMJ9CA;WQMJ9G1;WQMJ9SA;WQMJ9SS;WQMJ9SX;WQMJAA1;WQMJAA2;WQMJAA3;WQMJAA4;WQMJAA5;WQMJAA6;WQMJAA7;WQMJAA8;WQMJAA9;WQMJACA;WQMJAG1;WQMJASA;WQMJASS;WQMJASX;WQMJBA1;WQMJBA2;WQMJBA3;WQMJBA4;WQMJBA5;WQMJBA6;WQMJBA7;WQMJBA8;WQMJBA9;WQMJBCA;WQMJBG1;WQMJBSA;WQMJBSS;WQMJBSX;WQMJCA1;WQMJCA2;WQMJCA3;WQMJCA4;WQMJCA5;WQMJCA6;WQMJCA7;WQMJCA8;WQMJCA9;WQMJCCA;WQMJCG1;WQMJCSA;WQMJCSS;WQMJCSX;WQMM2A1;WQMM2A3;WQMM2A5;WQMM2A7;WQMM2A8;WQMM2A9;WQMM2G1;WQMM2OA7;WQMM2OA8;WQMM2OA9;WQMM2OG1;WQMMCA1;WQMMCA3;WQMMCA5;WQMMCA7;WQMMCA8;WQMMCA9;WQMMCG1;WQMMCOA7;WQMMCOA8;WQMMCOA9;WQMMCOG1;WQMMSA1;WQMMSA3;WQMMSA5;WQMMSA7;WQMMSA8;WQMMSA9;WQMMSG1;WQMMSOA7;WQMMSOA8;WQMMSOA9;WQMMSOG1;WQMQ2A2;WQMQ2A4;WQMQ2A6;WQMQ2G1;WQMQ3A2;WQMQ3A4;WQMQ3A6;WQMQ3G1;WQMQ4A2;WQMQ4A4;WQMQ4A6;WQMQ4G1;WQMQSA2;WQMQSA4;WQMQSA6;WQMQSG1;WQMS0A1;WQMS0A3;WQMS0A5;WQMS0A7;WQMS0A8;WQMS0A9;WQMS0G1;WQMS0OA7;WQMS0OA8;WQMS0OA9;WQMS0OG1;WQMS1A1;WQMS1A3;WQMS1A5;WQMS1A7;WQMS1A8;WQMS1A9;WQMS1G1;WQMS1OA7;WQMS1OA8;WQMS1OA9;WQMS1OG1;WQMS2A2;WQMS2A4;WQMS2A6;WQMS2G1;WQMS3A1;WQMS3A3;WQMS3A5;WQMS3A7;WQMS3A8;WQMS3A9;WQMS3G1;WQMS3OA7;WQMS3OA8;WQMS3OA9;WQMS3OG1;WQMSCA1;WQMSCA3;WQMSCA5;WQMSCA7;WQMSCA8;WQMSCA9;WQMSCG1;WQMSCOA7;WQMSCOA8;WQMSCOA9;WQMSCOG1;WQMSLG1;WQMSLSS;WQMSPA2;WQMSPA4;WQMSPA6;WQMSPG1;WQMSSA1;WQMSSA3;WQMSSA5;WQMSSA7;WQMSSA8;WQMSSA9;WQMSSG1;WQMSSOA7;WQMSSOA8;WQMSSOA9;WQMSSOG1;WQMWHA1;WQMWHA3;WQMWHA5;WQMWHA7;WQMWHA8;WQMWHA9;WQMWHG1;WQMWHOA7;WQMWHOA8;WQMWHOA9;WQMWHOG1;WQMZWA1;WQMZWA2;WQMZWA3;WQMZWA4;WQMZWA5;WQMZWA6;WQMZWA7;WQMZWA8;WQMZWA9;WQMZWCA;WQMZWG1;WQMZWSA;WQMZWSS;WQMZWSX,q3m-reference-available,docs/measurements/playable-q3m-x2-ingame-20261002-v1/current-generation.json,no-colour-variant-reference,96952,96890,,sprite/index/palette-work-plan.json,96952
0x6202,MAGE_MALE_DWARF,character,6000,1,1,CDMW,66,65,656,178357,0x6202:body:armor-code:1:CDMW1;0x6202:body:armor-code:2:CDMW2;0x6202:body:armor-code:3:CDMW3;0x6202:body:armor-code:4:CDMW4;0x6202:helmet:item-animation-code:H0:WQSH0;0x6202:helmet:item-animation-code:H1:WQSH1;0x6202:helmet:item-animation-code:H2:WQSH2;0x6202:helmet:item-animation-code:H5:WQSH5;0x6202:helmet:item-animation-code:J0:WQSJ0;0x6202:helmet:item-animation-code:J1:WQSJ1;0x6202:helmet:item-animation-code:J2:WQSJ2;0x6202:helmet:item-animation-code:J3:WQSJ3;0x6202:helmet:item-animation-code:J4:WQSJ4;0x6202:helmet:item-animation-code:J5:WQSJ5;0x6202:helmet:item-animation-code:J6:WQSJ6;0x6202:helmet:item-animation-code:J7:WQSJ7;0x6202:helmet:item-animation-code:J8:WQSJ8;0x6202:helmet:item-animation-code:J9:WQSJ9;0x6202:helmet:item-animation-code:JA:WQSJA;0x6202:helmet:item-animation-code:JB:WQSJB;0x6202:helmet:item-animation-code:JC:WQSJC;0x6202:helmet:item-animation-code:YW:WQSYW;0x6202:helmet:item-animation-code:ZW:WQSZW;0x6202:shield:item-animation-code:C0:WQSC0;0x6202:shield:item-animation-code:C1:WQSC1;0x6202:shield:item-animation-code:C2:WQSC2;0x6202:shield:item-animation-code:C3:WQSC3;0x6202:shield:item-animation-code:C4:WQSC4;0x6202:shield:item-animation-code:C5:WQSC5;0x6202:shield:item-animation-code:C6:WQSC6;0x6202:shield:item-animation-code:C7:WQSC7;0x6202:shield:item-animation-code:D1:WQSD1;0x6202:shield:item-animation-code:D2:WQSD2;0x6202:shield:item-animation-code:D3:WQSD3;0x6202:shield:item-animation-code:D4:WQSD4;0x6202:weapon:item-animation-code:AX:WQSAX;0x6202:weapon:item-animation-code:BS:WQSBS;0x6202:weapon:item-animation-code:BW:WQSBW;0x6202:weapon:item-animation-code:CB:WQSCB;0x6202:weapon:item-animation-code:CL:WQSCL;0x6202:weapon:item-animation-code:DD:WQSDD;0x6202:weapon:item-animation-code:F0:WQSF0;0x6202:weapon:item-animation-code:F1:WQSF1;0x6202:weapon:item-animation-code:F2:WQSF2;0x6202:weapon:item-animation-code:F3:WQSF3;0x6202:weapon:item-animation-code:FL:WQSFL;0x6202:weapon:item-animation-code:FS:WQSFS;0x6202:weapon:item-animation-code:GS:WQSGS;0x6202:weapon:item-animation-code:H6:WQSH6;0x6202:weapon:item-animation-code:HB:WQSHB;0x6202:weapon:item-animation-code:M2:WQSM2;0x6202:weapon:item-animation-code:MC:WQSMC;0x6202:weapon:item-animation-code:MS:WQSMS;0x6202:weapon:item-animation-code:Q2:WQSQ2;0x6202:weapon:item-animation-code:Q3:WQSQ3;0x6202:weapon:item-animation-code:Q4:WQSQ4;0x6202:weapon:item-animation-code:QS:WQSQS;0x6202:weapon:item-animation-code:S0:WQSS0;0x6202:weapon:item-animation-code:S1:WQSS1;0x6202:weapon:item-animation-code:S2:WQSS2;0x6202:weapon:item-animation-code:S3:WQSS3;0x6202:weapon:item-animation-code:SC:WQSSC;0x6202:weapon:item-animation-code:SL:WQSSL;0x6202:weapon:item-animation-code:SP:WQSSP;0x6202:weapon:item-animation-code:SS:WQSSS;0x6202:weapon:item-animation-code:WH:WQSWH,CDMW1A1;CDMW1A2;CDMW1A3;CDMW1A4;CDMW1A5;CDMW1A6;CDMW1A7;CDMW1A8;CDMW1A9;CDMW1CA;CDMW1G1;CDMW1G11;CDMW1G12;CDMW1G13;CDMW1G14;CDMW1G15;CDMW1G16;CDMW1G17;CDMW1G18;CDMW1G19;CDMW1SA;CDMW1SS;CDMW1SX;CDMW2A1;CDMW2A2;CDMW2A3;CDMW2A4;CDMW2A5;CDMW2A6;CDMW2A7;CDMW2A8;CDMW2A9;CDMW2CA;CDMW2G1;CDMW2G11;CDMW2G12;CDMW2G13;CDMW2G14;CDMW2G15;CDMW2G16;CDMW2G17;CDMW2G18;CDMW2G19;CDMW2SA;CDMW2SS;CDMW2SX;CDMW3A1;CDMW3A2;CDMW3A3;CDMW3A4;CDMW3A5;CDMW3A6;CDMW3A7;CDMW3A8;CDMW3A9;CDMW3CA;CDMW3G1;CDMW3G11;CDMW3G12;CDMW3G13;CDMW3G14;CDMW3G15;CDMW3G16;CDMW3G17;CDMW3G18;CDMW3G19;CDMW3SA;CDMW3SS;CDMW3SX;CDMW4A1;CDMW4A2;CDMW4A3;CDMW4A4;CDMW4A5;CDMW4A6;CDMW4A7;CDMW4A8;CDMW4A9;CDMW4CA;CDMW4G1;CDMW4G11;CDMW4G12;CDMW4G13;CDMW4G14;CDMW4G15;CDMW4G16;CDMW4G17;CDMW4G18;CDMW4G19;CDMW4SA;CDMW4SS;CDMW4SX;WQSAXA1;WQSAXA3;WQSAXA5;WQSAXA7;WQSAXA8;WQSAXA9;WQSAXG1;WQSAXOA7;WQSAXOA8;WQSAXOA9;WQSAXOG1;WQSBSG1;WQSBSSA;WQSBWG1;WQSBWSA;WQSC0A1;WQSC0A3;WQSC0A5;WQSC0G1;WQSC0SS;WQSC1A1;WQSC1A3;WQSC1A5;WQSC1G1;WQSC1SS;WQSC2A1;WQSC2A3;WQSC2A5;WQSC2G1;WQSC2SS;WQSC3A1;WQSC3A3;WQSC3A5;WQSC3G1;WQSC3SS;WQSC4A1;WQSC4A3;WQSC4A5;WQSC4G1;WQSC4SS;WQSC5A1;WQSC5A3;WQSC5A5;WQSC5G1;WQSC5SS;WQSC6A1;WQSC6A3;WQSC6A5;WQSC6G1;WQSC6SS;WQSC7A1;WQSC7A3;WQSC7A5;WQSC7G1;WQSC7SS;WQSCBG1;WQSCBSX;WQSCLA1;WQSCLA3;WQSCLA5;WQSCLA7;WQSCLA8;WQSCLA9;WQSCLG1;WQSCLOA7;WQSCLOA8;WQSCLOA9;WQSCLOG1;WQSD1A1;WQSD1A3;WQSD1A5;WQSD1G1;WQSD1SS;WQSD2A1;WQSD2A3;WQSD2A5;WQSD2G1;WQSD2SS;WQSD3A1;WQSD3A3;WQSD3A5;WQSD3G1;WQSD3SS;WQSD4A1;WQSD4A3;WQSD4A5;WQSD4G1;WQSD4SS;WQSDDA1;WQSDDA3;WQSDDA5;WQSDDA7;WQSDDA8;WQSDDA9;WQSDDG1;WQSDDOA7;WQSDDOA8;WQSDDOA9;WQSDDOG1;WQSF0A1;WQSF0A3;WQSF0A5;WQSF0A7;WQSF0A8;WQSF0A9;WQSF0G1;WQSF0OA7;WQSF0OA8;WQSF0OA9;WQSF0OG1;WQSF1A1;WQSF1A3;WQSF1A5;WQSF1A7;WQSF1A8;WQSF1A9;WQSF1G1;WQSF1OA7;WQSF1OA8;WQSF1OA9;WQSF1OG1;WQSF2A1;WQSF2A3;WQSF2A5;WQSF2A7;WQSF2A8;WQSF2A9;WQSF2G1;WQSF2OA7;WQSF2OA8;WQSF2OA9;WQSF2OG1;WQSF3A1;WQSF3A3;WQSF3A5;WQSF3A7;WQSF3A8;WQSF3A9;WQSF3G1;WQSF3OA7;WQSF3OA8;WQSF3OA9;WQSF3OG1;WQSFLA1;WQSFLA3;WQSFLA5;WQSFLA7;WQSFLA8;WQSFLA9;WQSFLG1;WQSFLOA7;WQSFLOA8;WQSFLOA9;WQSFLOG1;WQSFSA1;WQSFSA3;WQSFSA5;WQSFSA7;WQSFSA8;WQSFSA9;WQSFSG1;WQSFSOA7;WQSFSOA8;WQSFSOA9;WQSFSOG1;WQSGSA2;WQSGSA4;WQSGSA6;WQSGSG1;WQSH0A1;WQSH0A2;WQSH0A3;WQSH0A4;WQSH0A5;WQSH0A6;WQSH0A7;WQSH0A8;WQSH0A9;WQSH0CA;WQSH0G1;WQSH0SA;WQSH0SS;WQSH0SX;WQSH1A1;WQSH1A2;WQSH1A3;WQSH1A4;WQSH1A5;WQSH1A6;WQSH1A7;WQSH1A8;WQSH1A9;WQSH1CA;WQSH1G1;WQSH1SA;WQSH1SS;WQSH1SX;WQSH2A1;WQSH2A2;WQSH2A3;WQSH2A4;WQSH2A5;WQSH2A6;WQSH2A7;WQSH2A8;WQSH2A9;WQSH2CA;WQSH2G1;WQSH2SA;WQSH2SS;WQSH2SX;WQSH5A1;WQSH5A2;WQSH5A3;WQSH5A4;WQSH5A5;WQSH5A6;WQSH5A7;WQSH5A8;WQSH5A9;WQSH5CA;WQSH5G1;WQSH5SA;WQSH5SS;WQSH5SX;WQSH6A1;WQSH6A2;WQSH6A3;WQSH6A4;WQSH6A5;WQSH6A6;WQSH6A7;WQSH6A8;WQSH6A9;WQSH6CA;WQSH6G1;WQSH6SA;WQSH6SS;WQSH6SX;WQSHBA2;WQSHBA4;WQSHBA6;WQSHBG1;WQSJ0A1;WQSJ0A2;WQSJ0A3;WQSJ0A4;WQSJ0A5;WQSJ0A6;WQSJ0A7;WQSJ0A8;WQSJ0A9;WQSJ0CA;WQSJ0G1;WQSJ0SA;WQSJ0SS;WQSJ0SX;WQSJ1A1;WQSJ1A2;WQSJ1A3;WQSJ1A4;WQSJ1A5;WQSJ1A6;WQSJ1A7;WQSJ1A8;WQSJ1A9;WQSJ1CA;WQSJ1G1;WQSJ1SA;WQSJ1SS;WQSJ1SX;WQSJ2A1;WQSJ2A2;WQSJ2A3;WQSJ2A4;WQSJ2A5;WQSJ2A6;WQSJ2A7;WQSJ2A8;WQSJ2A9;WQSJ2CA;WQSJ2G1;WQSJ2SA;WQSJ2SS;WQSJ2SX;WQSJ3A1;WQSJ3A2;WQSJ3A3;WQSJ3A4;WQSJ3A5;WQSJ3A6;WQSJ3A7;WQSJ3A8;WQSJ3A9;WQSJ3CA;WQSJ3G1;WQSJ3SA;WQSJ3SS;WQSJ3SX;WQSJ4A1;WQSJ4A2;WQSJ4A3;WQSJ4A4;WQSJ4A5;WQSJ4A6;WQSJ4A7;WQSJ4A8;WQSJ4A9;WQSJ4CA;WQSJ4G1;WQSJ4SA;WQSJ4SS;WQSJ4SX;WQSJ5A1;WQSJ5A2;WQSJ5A3;WQSJ5A4;WQSJ5A5;WQSJ5A6;WQSJ5A7;WQSJ5A8;WQSJ5A9;WQSJ5CA;WQSJ5G1;WQSJ5SA;WQSJ5SS;WQSJ5SX;WQSJ6A1;WQSJ6A2;WQSJ6A3;WQSJ6A4;WQSJ6A5;WQSJ6A6;WQSJ6A7;WQSJ6A8;WQSJ6A9;WQSJ6CA;WQSJ6G1;WQSJ6SA;WQSJ6SS;WQSJ6SX;WQSJ7A1;WQSJ7A2;WQSJ7A3;WQSJ7A4;WQSJ7A5;WQSJ7A6;WQSJ7A7;WQSJ7A8;WQSJ7A9;WQSJ7CA;WQSJ7G1;WQSJ7SA;WQSJ7SS;WQSJ7SX;WQSJ8A1;WQSJ8A2;WQSJ8A3;WQSJ8A4;WQSJ8A5;WQSJ8A6;WQSJ8A7;WQSJ8A8;WQSJ8A9;WQSJ8CA;WQSJ8G1;WQSJ8SA;WQSJ8SS;WQSJ8SX;WQSJ9A1;WQSJ9A2;WQSJ9A3;WQSJ9A4;WQSJ9A5;WQSJ9A6;WQSJ9A7;WQSJ9A8;WQSJ9A9;WQSJ9CA;WQSJ9G1;WQSJ9SA;WQSJ9SS;WQSJ9SX;WQSJAA1;WQSJAA2;WQSJAA3;WQSJAA4;WQSJAA5;WQSJAA6;WQSJAA7;WQSJAA8;WQSJAA9;WQSJACA;WQSJAG1;WQSJASA;WQSJASS;WQSJASX;WQSJBA1;WQSJBA2;WQSJBA3;WQSJBA4;WQSJBA5;WQSJBA6;WQSJBA7;WQSJBA8;WQSJBA9;WQSJBCA;WQSJBG1;WQSJBSA;WQSJBSS;WQSJBSX;WQSJCA1;WQSJCA2;WQSJCA3;WQSJCA4;WQSJCA5;WQSJCA6;WQSJCA7;WQSJCA8;WQSJCA9;WQSJCCA;WQSJCG1;WQSJCSA;WQSJCSS;WQSJCSX;WQSM2A1;WQSM2A3;WQSM2A5;WQSM2A7;WQSM2A8;WQSM2A9;WQSM2G1;WQSM2OA7;WQSM2OA8;WQSM2OA9;WQSM2OG1;WQSMCA1;WQSMCA3;WQSMCA5;WQSMCA7;WQSMCA8;WQSMCA9;WQSMCG1;WQSMCOA7;WQSMCOA8;WQSMCOA9;WQSMCOG1;WQSMSA1;WQSMSA3;WQSMSA5;WQSMSA7;WQSMSA8;WQSMSA9;WQSMSG1;WQSMSOA7;WQSMSOA8;WQSMSOA9;WQSMSOG1;WQSQ2A2;WQSQ2A4;WQSQ2A6;WQSQ2G1;WQSQ3A2;WQSQ3A4;WQSQ3A6;WQSQ3G1;WQSQ4A2;WQSQ4A4;WQSQ4A6;WQSQ4G1;WQSQSA2;WQSQSA4;WQSQSA6;WQSQSG1;WQSS0A1;WQSS0A3;WQSS0A5;WQSS0A7;WQSS0A8;WQSS0A9;WQSS0G1;WQSS0OA7;WQSS0OA8;WQSS0OA9;WQSS0OG1;WQSS1A1;WQSS1A3;WQSS1A5;WQSS1A7;WQSS1A8;WQSS1A9;WQSS1G1;WQSS1OA7;WQSS1OA8;WQSS1OA9;WQSS1OG1;WQSS2A2;WQSS2A4;WQSS2A6;WQSS2G1;WQSS3A1;WQSS3A3;WQSS3A5;WQSS3A7;WQSS3A8;WQSS3A9;WQSS3G1;WQSS3OA7;WQSS3OA8;WQSS3OA9;WQSS3OG1;WQSSCA1;WQSSCA3;WQSSCA5;WQSSCA7;WQSSCA8;WQSSCA9;WQSSCG1;WQSSCOA7;WQSSCOA8;WQSSCOA9;WQSSCOG1;WQSSLG1;WQSSLSS;WQSSPA2;WQSSPA4;WQSSPA6;WQSSPG1;WQSSSA1;WQSSSA3;WQSSSA5;WQSSSA7;WQSSSA8;WQSSSA9;WQSSSG1;WQSSSOA7;WQSSSOA8;WQSSSOA9;WQSSSOG1;WQSWHA1;WQSWHA3;WQSWHA5;WQSWHA7;WQSWHA8;WQSWHA9;WQSWHG1;WQSWHOA7;WQSWHOA8;WQSWHOA9;WQSWHOG1;WQSZWA1;WQSZWA2;WQSZWA3;WQSZWA4;WQSZWA5;WQSZWA6;WQSZWA7;WQSZWA8;WQSZWA9;WQSZWCA;WQSZWG1;WQSZWSA;WQSZWSS;WQSZWSX,q3m-reference-available,docs/measurements/playable-q3m-x2-ingame-20261002-v1/current-generation.json,no-colour-variant-reference,94765,94692,,sprite/index/palette-work-plan.json,94765
0x6204,MAGE_MALE_GNOME,character,6000,1,1,CDMW,66,53,596,161725,0x6204:body:armor-code:1:CDMW1;0x6204:body:armor-code:2:CDMW2;0x6204:body:armor-code:3:CDMW3;0x6204:body:armor-code:4:CDMW4;0x6204:helmet:item-animation-code:H0:WQSH0;0x6204:helmet:item-animation-code:H1:WQSH1;0x6204:helmet:item-animation-code:H2:WQSH2;0x6204:helmet:item-animation-code:H5:WQSH5;0x6204:helmet:item-animation-code:J0:WQSJ0;0x6204:helmet:item-animation-code:J1:WQSJ1;0x6204:helmet:item-animation-code:J2:WQSJ2;0x6204:helmet:item-animation-code:J3:WQSJ3;0x6204:helmet:item-animation-code:J4:WQSJ4;0x6204:helmet:item-animation-code:J5:WQSJ5;0x6204:helmet:item-animation-code:J6:WQSJ6;0x6204:helmet:item-animation-code:J7:WQSJ7;0x6204:helmet:item-animation-code:J8:WQSJ8;0x6204:helmet:item-animation-code:J9:WQSJ9;0x6204:helmet:item-animation-code:JA:WQSJA;0x6204:helmet:item-animation-code:JB:WQSJB;0x6204:helmet:item-animation-code:JC:WQSJC;0x6204:helmet:item-animation-code:YW:WQSYW;0x6204:helmet:item-animation-code:ZW:WQSZW;0x6204:shield:item-animation-code:C0:WQHC0;0x6204:shield:item-animation-code:C1:WQHC1;0x6204:shield:item-animation-code:C2:WQHC2;0x6204:shield:item-animation-code:C3:WQHC3;0x6204:shield:item-animation-code:C4:WQHC4;0x6204:shield:item-animation-code:C5:WQHC5;0x6204:shield:item-animation-code:C6:WQHC6;0x6204:shield:item-animation-code:C7:WQHC7;0x6204:shield:item-animation-code:D1:WQHD1;0x6204:shield:item-animation-code:D2:WQHD2;0x6204:shield:item-animation-code:D3:WQHD3;0x6204:shield:item-animation-code:D4:WQHD4;0x6204:weapon:item-animation-code:AX:WQSAX;0x6204:weapon:item-animation-code:BS:WQSBS;0x6204:weapon:item-animation-code:BW:WQSBW;0x6204:weapon:item-animation-code:CB:WQSCB;0x6204:weapon:item-animation-code:CL:WQSCL;0x6204:weapon:item-animation-code:DD:WQSDD;0x6204:weapon:item-animation-code:F0:WQSF0;0x6204:weapon:item-animation-code:F1:WQSF1;0x6204:weapon:item-animation-code:F2:WQSF2;0x6204:weapon:item-animation-code:F3:WQSF3;0x6204:weapon:item-animation-code:FL:WQSFL;0x6204:weapon:item-animation-code:FS:WQSFS;0x6204:weapon:item-animation-code:GS:WQSGS;0x6204:weapon:item-animation-code:H6:WQSH6;0x6204:weapon:item-animation-code:HB:WQSHB;0x6204:weapon:item-animation-code:M2:WQSM2;0x6204:weapon:item-animation-code:MC:WQSMC;0x6204:weapon:item-animation-code:MS:WQSMS;0x6204:weapon:item-animation-code:Q2:WQSQ2;0x6204:weapon:item-animation-code:Q3:WQSQ3;0x6204:weapon:item-animation-code:Q4:WQSQ4;0x6204:weapon:item-animation-code:QS:WQSQS;0x6204:weapon:item-animation-code:S0:WQSS0;0x6204:weapon:item-animation-code:S1:WQSS1;0x6204:weapon:item-animation-code:S2:WQSS2;0x6204:weapon:item-animation-code:S3:WQSS3;0x6204:weapon:item-animation-code:SC:WQSSC;0x6204:weapon:item-animation-code:SL:WQSSL;0x6204:weapon:item-animation-code:SP:WQSSP;0x6204:weapon:item-animation-code:SS:WQSSS;0x6204:weapon:item-animation-code:WH:WQSWH,CDMW1A1;CDMW1A2;CDMW1A3;CDMW1A4;CDMW1A5;CDMW1A6;CDMW1A7;CDMW1A8;CDMW1A9;CDMW1CA;CDMW1G1;CDMW1G11;CDMW1G12;CDMW1G13;CDMW1G14;CDMW1G15;CDMW1G16;CDMW1G17;CDMW1G18;CDMW1G19;CDMW1SA;CDMW1SS;CDMW1SX;CDMW2A1;CDMW2A2;CDMW2A3;CDMW2A4;CDMW2A5;CDMW2A6;CDMW2A7;CDMW2A8;CDMW2A9;CDMW2CA;CDMW2G1;CDMW2G11;CDMW2G12;CDMW2G13;CDMW2G14;CDMW2G15;CDMW2G16;CDMW2G17;CDMW2G18;CDMW2G19;CDMW2SA;CDMW2SS;CDMW2SX;CDMW3A1;CDMW3A2;CDMW3A3;CDMW3A4;CDMW3A5;CDMW3A6;CDMW3A7;CDMW3A8;CDMW3A9;CDMW3CA;CDMW3G1;CDMW3G11;CDMW3G12;CDMW3G13;CDMW3G14;CDMW3G15;CDMW3G16;CDMW3G17;CDMW3G18;CDMW3G19;CDMW3SA;CDMW3SS;CDMW3SX;CDMW4A1;CDMW4A2;CDMW4A3;CDMW4A4;CDMW4A5;CDMW4A6;CDMW4A7;CDMW4A8;CDMW4A9;CDMW4CA;CDMW4G1;CDMW4G11;CDMW4G12;CDMW4G13;CDMW4G14;CDMW4G15;CDMW4G16;CDMW4G17;CDMW4G18;CDMW4G19;CDMW4SA;CDMW4SS;CDMW4SX;WQSAXA1;WQSAXA3;WQSAXA5;WQSAXA7;WQSAXA8;WQSAXA9;WQSAXG1;WQSAXOA7;WQSAXOA8;WQSAXOA9;WQSAXOG1;WQSBSG1;WQSBSSA;WQSBWG1;WQSBWSA;WQSCBG1;WQSCBSX;WQSCLA1;WQSCLA3;WQSCLA5;WQSCLA7;WQSCLA8;WQSCLA9;WQSCLG1;WQSCLOA7;WQSCLOA8;WQSCLOA9;WQSCLOG1;WQSDDA1;WQSDDA3;WQSDDA5;WQSDDA7;WQSDDA8;WQSDDA9;WQSDDG1;WQSDDOA7;WQSDDOA8;WQSDDOA9;WQSDDOG1;WQSF0A1;WQSF0A3;WQSF0A5;WQSF0A7;WQSF0A8;WQSF0A9;WQSF0G1;WQSF0OA7;WQSF0OA8;WQSF0OA9;WQSF0OG1;WQSF1A1;WQSF1A3;WQSF1A5;WQSF1A7;WQSF1A8;WQSF1A9;WQSF1G1;WQSF1OA7;WQSF1OA8;WQSF1OA9;WQSF1OG1;WQSF2A1;WQSF2A3;WQSF2A5;WQSF2A7;WQSF2A8;WQSF2A9;WQSF2G1;WQSF2OA7;WQSF2OA8;WQSF2OA9;WQSF2OG1;WQSF3A1;WQSF3A3;WQSF3A5;WQSF3A7;WQSF3A8;WQSF3A9;WQSF3G1;WQSF3OA7;WQSF3OA8;WQSF3OA9;WQSF3OG1;WQSFLA1;WQSFLA3;WQSFLA5;WQSFLA7;WQSFLA8;WQSFLA9;WQSFLG1;WQSFLOA7;WQSFLOA8;WQSFLOA9;WQSFLOG1;WQSFSA1;WQSFSA3;WQSFSA5;WQSFSA7;WQSFSA8;WQSFSA9;WQSFSG1;WQSFSOA7;WQSFSOA8;WQSFSOA9;WQSFSOG1;WQSGSA2;WQSGSA4;WQSGSA6;WQSGSG1;WQSH0A1;WQSH0A2;WQSH0A3;WQSH0A4;WQSH0A5;WQSH0A6;WQSH0A7;WQSH0A8;WQSH0A9;WQSH0CA;WQSH0G1;WQSH0SA;WQSH0SS;WQSH0SX;WQSH1A1;WQSH1A2;WQSH1A3;WQSH1A4;WQSH1A5;WQSH1A6;WQSH1A7;WQSH1A8;WQSH1A9;WQSH1CA;WQSH1G1;WQSH1SA;WQSH1SS;WQSH1SX;WQSH2A1;WQSH2A2;WQSH2A3;WQSH2A4;WQSH2A5;WQSH2A6;WQSH2A7;WQSH2A8;WQSH2A9;WQSH2CA;WQSH2G1;WQSH2SA;WQSH2SS;WQSH2SX;WQSH5A1;WQSH5A2;WQSH5A3;WQSH5A4;WQSH5A5;WQSH5A6;WQSH5A7;WQSH5A8;WQSH5A9;WQSH5CA;WQSH5G1;WQSH5SA;WQSH5SS;WQSH5SX;WQSH6A1;WQSH6A2;WQSH6A3;WQSH6A4;WQSH6A5;WQSH6A6;WQSH6A7;WQSH6A8;WQSH6A9;WQSH6CA;WQSH6G1;WQSH6SA;WQSH6SS;WQSH6SX;WQSHBA2;WQSHBA4;WQSHBA6;WQSHBG1;WQSJ0A1;WQSJ0A2;WQSJ0A3;WQSJ0A4;WQSJ0A5;WQSJ0A6;WQSJ0A7;WQSJ0A8;WQSJ0A9;WQSJ0CA;WQSJ0G1;WQSJ0SA;WQSJ0SS;WQSJ0SX;WQSJ1A1;WQSJ1A2;WQSJ1A3;WQSJ1A4;WQSJ1A5;WQSJ1A6;WQSJ1A7;WQSJ1A8;WQSJ1A9;WQSJ1CA;WQSJ1G1;WQSJ1SA;WQSJ1SS;WQSJ1SX;WQSJ2A1;WQSJ2A2;WQSJ2A3;WQSJ2A4;WQSJ2A5;WQSJ2A6;WQSJ2A7;WQSJ2A8;WQSJ2A9;WQSJ2CA;WQSJ2G1;WQSJ2SA;WQSJ2SS;WQSJ2SX;WQSJ3A1;WQSJ3A2;WQSJ3A3;WQSJ3A4;WQSJ3A5;WQSJ3A6;WQSJ3A7;WQSJ3A8;WQSJ3A9;WQSJ3CA;WQSJ3G1;WQSJ3SA;WQSJ3SS;WQSJ3SX;WQSJ4A1;WQSJ4A2;WQSJ4A3;WQSJ4A4;WQSJ4A5;WQSJ4A6;WQSJ4A7;WQSJ4A8;WQSJ4A9;WQSJ4CA;WQSJ4G1;WQSJ4SA;WQSJ4SS;WQSJ4SX;WQSJ5A1;WQSJ5A2;WQSJ5A3;WQSJ5A4;WQSJ5A5;WQSJ5A6;WQSJ5A7;WQSJ5A8;WQSJ5A9;WQSJ5CA;WQSJ5G1;WQSJ5SA;WQSJ5SS;WQSJ5SX;WQSJ6A1;WQSJ6A2;WQSJ6A3;WQSJ6A4;WQSJ6A5;WQSJ6A6;WQSJ6A7;WQSJ6A8;WQSJ6A9;WQSJ6CA;WQSJ6G1;WQSJ6SA;WQSJ6SS;WQSJ6SX;WQSJ7A1;WQSJ7A2;WQSJ7A3;WQSJ7A4;WQSJ7A5;WQSJ7A6;WQSJ7A7;WQSJ7A8;WQSJ7A9;WQSJ7CA;WQSJ7G1;WQSJ7SA;WQSJ7SS;WQSJ7SX;WQSJ8A1;WQSJ8A2;WQSJ8A3;WQSJ8A4;WQSJ8A5;WQSJ8A6;WQSJ8A7;WQSJ8A8;WQSJ8A9;WQSJ8CA;WQSJ8G1;WQSJ8SA;WQSJ8SS;WQSJ8SX;WQSJ9A1;WQSJ9A2;WQSJ9A3;WQSJ9A4;WQSJ9A5;WQSJ9A6;WQSJ9A7;WQSJ9A8;WQSJ9A9;WQSJ9CA;WQSJ9G1;WQSJ9SA;WQSJ9SS;WQSJ9SX;WQSJAA1;WQSJAA2;WQSJAA3;WQSJAA4;WQSJAA5;WQSJAA6;WQSJAA7;WQSJAA8;WQSJAA9;WQSJACA;WQSJAG1;WQSJASA;WQSJASS;WQSJASX;WQSJBA1;WQSJBA2;WQSJBA3;WQSJBA4;WQSJBA5;WQSJBA6;WQSJBA7;WQSJBA8;WQSJBA9;WQSJBCA;WQSJBG1;WQSJBSA;WQSJBSS;WQSJBSX;WQSJCA1;WQSJCA2;WQSJCA3;WQSJCA4;WQSJCA5;WQSJCA6;WQSJCA7;WQSJCA8;WQSJCA9;WQSJCCA;WQSJCG1;WQSJCSA;WQSJCSS;WQSJCSX;WQSM2A1;WQSM2A3;WQSM2A5;WQSM2A7;WQSM2A8;WQSM2A9;WQSM2G1;WQSM2OA7;WQSM2OA8;WQSM2OA9;WQSM2OG1;WQSMCA1;WQSMCA3;WQSMCA5;WQSMCA7;WQSMCA8;WQSMCA9;WQSMCG1;WQSMCOA7;WQSMCOA8;WQSMCOA9;WQSMCOG1;WQSMSA1;WQSMSA3;WQSMSA5;WQSMSA7;WQSMSA8;WQSMSA9;WQSMSG1;WQSMSOA7;WQSMSOA8;WQSMSOA9;WQSMSOG1;WQSQ2A2;WQSQ2A4;WQSQ2A6;WQSQ2G1;WQSQ3A2;WQSQ3A4;WQSQ3A6;WQSQ3G1;WQSQ4A2;WQSQ4A4;WQSQ4A6;WQSQ4G1;WQSQSA2;WQSQSA4;WQSQSA6;WQSQSG1;WQSS0A1;WQSS0A3;WQSS0A5;WQSS0A7;WQSS0A8;WQSS0A9;WQSS0G1;WQSS0OA7;WQSS0OA8;WQSS0OA9;WQSS0OG1;WQSS1A1;WQSS1A3;WQSS1A5;WQSS1A7;WQSS1A8;WQSS1A9;WQSS1G1;WQSS1OA7;WQSS1OA8;WQSS1OA9;WQSS1OG1;WQSS2A2;WQSS2A4;WQSS2A6;WQSS2G1;WQSS3A1;WQSS3A3;WQSS3A5;WQSS3A7;WQSS3A8;WQSS3A9;WQSS3G1;WQSS3OA7;WQSS3OA8;WQSS3OA9;WQSS3OG1;WQSSCA1;WQSSCA3;WQSSCA5;WQSSCA7;WQSSCA8;WQSSCA9;WQSSCG1;WQSSCOA7;WQSSCOA8;WQSSCOA9;WQSSCOG1;WQSSLG1;WQSSLSS;WQSSPA2;WQSSPA4;WQSSPA6;WQSSPG1;WQSSSA1;WQSSSA3;WQSSSA5;WQSSSA7;WQSSSA8;WQSSSA9;WQSSSG1;WQSSSOA7;WQSSSOA8;WQSSSOA9;WQSSSOG1;WQSWHA1;WQSWHA3;WQSWHA5;WQSWHA7;WQSWHA8;WQSWHA9;WQSWHG1;WQSWHOA7;WQSWHOA8;WQSWHOA9;WQSWHOG1;WQSZWA1;WQSZWA2;WQSZWA3;WQSZWA4;WQSZWA5;WQSZWA6;WQSZWA7;WQSZWA8;WQSZWA9;WQSZWCA;WQSZWG1;WQSZWSA;WQSZWSS;WQSZWSX,q3m-reference-available,docs/measurements/playable-q3m-x2-ingame-20261002-v1/current-generation.json,no-colour-variant-reference,80273,80202,,sprite/index/palette-work-plan.json,80273
0x6205,MAGE_MALE_HALFORC,character,6000,1,1,CHMW,66,65,656,180337,0x6205:body:armor-code:1:CHMW1;0x6205:body:armor-code:2:CHMW2;0x6205:body:armor-code:3:CHMW3;0x6205:body:armor-code:4:CHMW4;0x6205:helmet:item-animation-code:H0:WQLH0;0x6205:helmet:item-animation-code:H1:WQLH1;0x6205:helmet:item-animation-code:H2:WQLH2;0x6205:helmet:item-animation-code:H5:WQLH5;0x6205:helmet:item-animation-code:J0:WQLJ0;0x6205:helmet:item-animation-code:J1:WQLJ1;0x6205:helmet:item-animation-code:J2:WQLJ2;0x6205:helmet:item-animation-code:J3:WQLJ3;0x6205:helmet:item-animation-code:J4:WQLJ4;0x6205:helmet:item-animation-code:J5:WQLJ5;0x6205:helmet:item-animation-code:J6:WQLJ6;0x6205:helmet:item-animation-code:J7:WQLJ7;0x6205:helmet:item-animation-code:J8:WQLJ8;0x6205:helmet:item-animation-code:J9:WQLJ9;0x6205:helmet:item-animation-code:JA:WQLJA;0x6205:helmet:item-animation-code:JB:WQLJB;0x6205:helmet:item-animation-code:JC:WQLJC;0x6205:helmet:item-animation-code:YW:WQLYW;0x6205:helmet:item-animation-code:ZW:WQLZW;0x6205:shield:item-animation-code:C0:WQLC0;0x6205:shield:item-animation-code:C1:WQLC1;0x6205:shield:item-animation-code:C2:WQLC2;0x6205:shield:item-animation-code:C3:WQLC3;0x6205:shield:item-animation-code:C4:WQLC4;0x6205:shield:item-animation-code:C5:WQLC5;0x6205:shield:item-animation-code:C6:WQLC6;0x6205:shield:item-animation-code:C7:WQLC7;0x6205:shield:item-animation-code:D1:WQLD1;0x6205:shield:item-animation-code:D2:WQLD2;0x6205:shield:item-animation-code:D3:WQLD3;0x6205:shield:item-animation-code:D4:WQLD4;0x6205:weapon:item-animation-code:AX:WQLAX;0x6205:weapon:item-animation-code:BS:WQLBS;0x6205:weapon:item-animation-code:BW:WQLBW;0x6205:weapon:item-animation-code:CB:WQLCB;0x6205:weapon:item-animation-code:CL:WQLCL;0x6205:weapon:item-animation-code:DD:WQLDD;0x6205:weapon:item-animation-code:F0:WQLF0;0x6205:weapon:item-animation-code:F1:WQLF1;0x6205:weapon:item-animation-code:F2:WQLF2;0x6205:weapon:item-animation-code:F3:WQLF3;0x6205:weapon:item-animation-code:FL:WQLFL;0x6205:weapon:item-animation-code:FS:WQLFS;0x6205:weapon:item-animation-code:GS:WQLGS;0x6205:weapon:item-animation-code:H6:WQLH6;0x6205:weapon:item-animation-code:HB:WQLHB;0x6205:weapon:item-animation-code:M2:WQLM2;0x6205:weapon:item-animation-code:MC:WQLMC;0x6205:weapon:item-animation-code:MS:WQLMS;0x6205:weapon:item-animation-code:Q2:WQLQ2;0x6205:weapon:item-animation-code:Q3:WQLQ3;0x6205:weapon:item-animation-code:Q4:WQLQ4;0x6205:weapon:item-animation-code:QS:WQLQS;0x6205:weapon:item-animation-code:S0:WQLS0;0x6205:weapon:item-animation-code:S1:WQLS1;0x6205:weapon:item-animation-code:S2:WQLS2;0x6205:weapon:item-animation-code:S3:WQLS3;0x6205:weapon:item-animation-code:SC:WQLSC;0x6205:weapon:item-animation-code:SL:WQLSL;0x6205:weapon:item-animation-code:SP:WQLSP;0x6205:weapon:item-animation-code:SS:WQLSS;0x6205:weapon:item-animation-code:WH:WQLWH,CHMW1A1;CHMW1A2;CHMW1A3;CHMW1A4;CHMW1A5;CHMW1A6;CHMW1A7;CHMW1A8;CHMW1A9;CHMW1CA;CHMW1G1;CHMW1G11;CHMW1G12;CHMW1G13;CHMW1G14;CHMW1G15;CHMW1G16;CHMW1G17;CHMW1G18;CHMW1G19;CHMW1SA;CHMW1SS;CHMW1SX;CHMW2A1;CHMW2A2;CHMW2A3;CHMW2A4;CHMW2A5;CHMW2A6;CHMW2A7;CHMW2A8;CHMW2A9;CHMW2CA;CHMW2G1;CHMW2G11;CHMW2G12;CHMW2G13;CHMW2G14;CHMW2G15;CHMW2G16;CHMW2G17;CHMW2G18;CHMW2G19;CHMW2SA;CHMW2SS;CHMW2SX;CHMW3A1;CHMW3A2;CHMW3A3;CHMW3A4;CHMW3A5;CHMW3A6;CHMW3A7;CHMW3A8;CHMW3A9;CHMW3CA;CHMW3G1;CHMW3G11;CHMW3G12;CHMW3G13;CHMW3G14;CHMW3G15;CHMW3G16;CHMW3G17;CHMW3G18;CHMW3G19;CHMW3SA;CHMW3SS;CHMW3SX;CHMW4A1;CHMW4A2;CHMW4A3;CHMW4A4;CHMW4A5;CHMW4A6;CHMW4A7;CHMW4A8;CHMW4A9;CHMW4CA;CHMW4G1;CHMW4G11;CHMW4G12;CHMW4G13;CHMW4G14;CHMW4G15;CHMW4G16;CHMW4G17;CHMW4G18;CHMW4G19;CHMW4SA;CHMW4SS;CHMW4SX;WQLAXA1;WQLAXA3;WQLAXA5;WQLAXA7;WQLAXA8;WQLAXA9;WQLAXG1;WQLAXOA7;WQLAXOA8;WQLAXOA9;WQLAXOG1;WQLBSG1;WQLBSSA;WQLBWG1;WQLBWSA;WQLC0A1;WQLC0A3;WQLC0A5;WQLC0G1;WQLC0SS;WQLC1A1;WQLC1A3;WQLC1A5;WQLC1G1;WQLC1SS;WQLC2A1;WQLC2A3;WQLC2A5;WQLC2G1;WQLC2SS;WQLC3A1;WQLC3A3;WQLC3A5;WQLC3G1;WQLC3SS;WQLC4A1;WQLC4A3;WQLC4A5;WQLC4G1;WQLC4SS;WQLC5A1;WQLC5A3;WQLC5A5;WQLC5G1;WQLC5SS;WQLC6A1;WQLC6A3;WQLC6A5;WQLC6G1;WQLC6SS;WQLC7A1;WQLC7A3;WQLC7A5;WQLC7G1;WQLC7SS;WQLCBG1;WQLCBSX;WQLCLA1;WQLCLA3;WQLCLA5;WQLCLA7;WQLCLA8;WQLCLA9;WQLCLG1;WQLCLOA7;WQLCLOA8;WQLCLOA9;WQLCLOG1;WQLD1A1;WQLD1A3;WQLD1A5;WQLD1G1;WQLD1SS;WQLD2A1;WQLD2A3;WQLD2A5;WQLD2G1;WQLD2SS;WQLD3A1;WQLD3A3;WQLD3A5;WQLD3G1;WQLD3SS;WQLD4A1;WQLD4A3;WQLD4A5;WQLD4G1;WQLD4SS;WQLDDA1;WQLDDA3;WQLDDA5;WQLDDA7;WQLDDA8;WQLDDA9;WQLDDG1;WQLDDOA7;WQLDDOA8;WQLDDOA9;WQLDDOG1;WQLF0A1;WQLF0A3;WQLF0A5;WQLF0A7;WQLF0A8;WQLF0A9;WQLF0G1;WQLF0OA7;WQLF0OA8;WQLF0OA9;WQLF0OG1;WQLF1A1;WQLF1A3;WQLF1A5;WQLF1A7;WQLF1A8;WQLF1A9;WQLF1G1;WQLF1OA7;WQLF1OA8;WQLF1OA9;WQLF1OG1;WQLF2A1;WQLF2A3;WQLF2A5;WQLF2A7;WQLF2A8;WQLF2A9;WQLF2G1;WQLF2OA7;WQLF2OA8;WQLF2OA9;WQLF2OG1;WQLF3A1;WQLF3A3;WQLF3A5;WQLF3A7;WQLF3A8;WQLF3A9;WQLF3G1;WQLF3OA7;WQLF3OA8;WQLF3OA9;WQLF3OG1;WQLFLA1;WQLFLA3;WQLFLA5;WQLFLA7;WQLFLA8;WQLFLA9;WQLFLG1;WQLFLOA7;WQLFLOA8;WQLFLOA9;WQLFLOG1;WQLFSA1;WQLFSA3;WQLFSA5;WQLFSA7;WQLFSA8;WQLFSA9;WQLFSG1;WQLFSOA7;WQLFSOA8;WQLFSOA9;WQLFSOG1;WQLGSA2;WQLGSA4;WQLGSA6;WQLGSG1;WQLH0A1;WQLH0A2;WQLH0A3;WQLH0A4;WQLH0A5;WQLH0A6;WQLH0A7;WQLH0A8;WQLH0A9;WQLH0CA;WQLH0G1;WQLH0SA;WQLH0SS;WQLH0SX;WQLH1A1;WQLH1A2;WQLH1A3;WQLH1A4;WQLH1A5;WQLH1A6;WQLH1A7;WQLH1A8;WQLH1A9;WQLH1CA;WQLH1G1;WQLH1SA;WQLH1SS;WQLH1SX;WQLH2A1;WQLH2A2;WQLH2A3;WQLH2A4;WQLH2A5;WQLH2A6;WQLH2A7;WQLH2A8;WQLH2A9;WQLH2CA;WQLH2G1;WQLH2SA;WQLH2SS;WQLH2SX;WQLH5A1;WQLH5A2;WQLH5A3;WQLH5A4;WQLH5A5;WQLH5A6;WQLH5A7;WQLH5A8;WQLH5A9;WQLH5CA;WQLH5G1;WQLH5SA;WQLH5SS;WQLH5SX;WQLH6A1;WQLH6A2;WQLH6A3;WQLH6A4;WQLH6A5;WQLH6A6;WQLH6A7;WQLH6A8;WQLH6A9;WQLH6CA;WQLH6G1;WQLH6SA;WQLH6SS;WQLH6SX;WQLHBA2;WQLHBA4;WQLHBA6;WQLHBG1;WQLJ0A1;WQLJ0A2;WQLJ0A3;WQLJ0A4;WQLJ0A5;WQLJ0A6;WQLJ0A7;WQLJ0A8;WQLJ0A9;WQLJ0CA;WQLJ0G1;WQLJ0SA;WQLJ0SS;WQLJ0SX;WQLJ1A1;WQLJ1A2;WQLJ1A3;WQLJ1A4;WQLJ1A5;WQLJ1A6;WQLJ1A7;WQLJ1A8;WQLJ1A9;WQLJ1CA;WQLJ1G1;WQLJ1SA;WQLJ1SS;WQLJ1SX;WQLJ2A1;WQLJ2A2;WQLJ2A3;WQLJ2A4;WQLJ2A5;WQLJ2A6;WQLJ2A7;WQLJ2A8;WQLJ2A9;WQLJ2CA;WQLJ2G1;WQLJ2SA;WQLJ2SS;WQLJ2SX;WQLJ3A1;WQLJ3A2;WQLJ3A3;WQLJ3A4;WQLJ3A5;WQLJ3A6;WQLJ3A7;WQLJ3A8;WQLJ3A9;WQLJ3CA;WQLJ3G1;WQLJ3SA;WQLJ3SS;WQLJ3SX;WQLJ4A1;WQLJ4A2;WQLJ4A3;WQLJ4A4;WQLJ4A5;WQLJ4A6;WQLJ4A7;WQLJ4A8;WQLJ4A9;WQLJ4CA;WQLJ4G1;WQLJ4SA;WQLJ4SS;WQLJ4SX;WQLJ5A1;WQLJ5A2;WQLJ5A3;WQLJ5A4;WQLJ5A5;WQLJ5A6;WQLJ5A7;WQLJ5A8;WQLJ5A9;WQLJ5CA;WQLJ5G1;WQLJ5SA;WQLJ5SS;WQLJ5SX;WQLJ6A1;WQLJ6A2;WQLJ6A3;WQLJ6A4;WQLJ6A5;WQLJ6A6;WQLJ6A7;WQLJ6A8;WQLJ6A9;WQLJ6CA;WQLJ6G1;WQLJ6SA;WQLJ6SS;WQLJ6SX;WQLJ7A1;WQLJ7A2;WQLJ7A3;WQLJ7A4;WQLJ7A5;WQLJ7A6;WQLJ7A7;WQLJ7A8;WQLJ7A9;WQLJ7CA;WQLJ7G1;WQLJ7SA;WQLJ7SS;WQLJ7SX;WQLJ8A1;WQLJ8A2;WQLJ8A3;WQLJ8A4;WQLJ8A5;WQLJ8A6;WQLJ8A7;WQLJ8A8;WQLJ8A9;WQLJ8CA;WQLJ8G1;WQLJ8SA;WQLJ8SS;WQLJ8SX;WQLJ9A1;WQLJ9A2;WQLJ9A3;WQLJ9A4;WQLJ9A5;WQLJ9A6;WQLJ9A7;WQLJ9A8;WQLJ9A9;WQLJ9CA;WQLJ9G1;WQLJ9SA;WQLJ9SS;WQLJ9SX;WQLJAA1;WQLJAA2;WQLJAA3;WQLJAA4;WQLJAA5;WQLJAA6;WQLJAA7;WQLJAA8;WQLJAA9;WQLJACA;WQLJAG1;WQLJASA;WQLJASS;WQLJASX;WQLJBA1;WQLJBA2;WQLJBA3;WQLJBA4;WQLJBA5;WQLJBA6;WQLJBA7;WQLJBA8;WQLJBA9;WQLJBCA;WQLJBG1;WQLJBSA;WQLJBSS;WQLJBSX;WQLJCA1;WQLJCA2;WQLJCA3;WQLJCA4;WQLJCA5;WQLJCA6;WQLJCA7;WQLJCA8;WQLJCA9;WQLJCCA;WQLJCG1;WQLJCSA;WQLJCSS;WQLJCSX;WQLM2A1;WQLM2A3;WQLM2A5;WQLM2A7;WQLM2A8;WQLM2A9;WQLM2G1;WQLM2OA7;WQLM2OA8;WQLM2OA9;WQLM2OG1;WQLMCA1;WQLMCA3;WQLMCA5;WQLMCA7;WQLMCA8;WQLMCA9;WQLMCG1;WQLMCOA7;WQLMCOA8;WQLMCOA9;WQLMCOG1;WQLMSA1;WQLMSA3;WQLMSA5;WQLMSA7;WQLMSA8;WQLMSA9;WQLMSG1;WQLMSOA7;WQLMSOA8;WQLMSOA9;WQLMSOG1;WQLQ2A2;WQLQ2A4;WQLQ2A6;WQLQ2G1;WQLQ3A2;WQLQ3A4;WQLQ3A6;WQLQ3G1;WQLQ4A2;WQLQ4A4;WQLQ4A6;WQLQ4G1;WQLQSA2;WQLQSA4;WQLQSA6;WQLQSG1;WQLS0A1;WQLS0A3;WQLS0A5;WQLS0A7;WQLS0A8;WQLS0A9;WQLS0G1;WQLS0OA7;WQLS0OA8;WQLS0OA9;WQLS0OG1;WQLS1A1;WQLS1A3;WQLS1A5;WQLS1A7;WQLS1A8;WQLS1A9;WQLS1G1;WQLS1OA7;WQLS1OA8;WQLS1OA9;WQLS1OG1;WQLS2A2;WQLS2A4;WQLS2A6;WQLS2G1;WQLS3A1;WQLS3A3;WQLS3A5;WQLS3A7;WQLS3A8;WQLS3A9;WQLS3G1;WQLS3OA7;WQLS3OA8;WQLS3OA9;WQLS3OG1;WQLSCA1;WQLSCA3;WQLSCA5;WQLSCA7;WQLSCA8;WQLSCA9;WQLSCG1;WQLSCOA7;WQLSCOA8;WQLSCOA9;WQLSCOG1;WQLSLG1;WQLSLSS;WQLSPA2;WQLSPA4;WQLSPA6;WQLSPG1;WQLSSA1;WQLSSA3;WQLSSA5;WQLSSA7;WQLSSA8;WQLSSA9;WQLSSG1;WQLSSOA7;WQLSSOA8;WQLSSOA9;WQLSSOG1;WQLWHA1;WQLWHA3;WQLWHA5;WQLWHA7;WQLWHA8;WQLWHA9;WQLWHG1;WQLWHOA7;WQLWHOA8;WQLWHOA9;WQLWHOG1;WQLZWA1;WQLZWA2;WQLZWA3;WQLZWA4;WQLZWA5;WQLZWA6;WQLZWA7;WQLZWA8;WQLZWA9;WQLZWCA;WQLZWG1;WQLZWSA;WQLZWSS;WQLZWSX,q3m-reference-available,docs/measurements/playable-q3m-x2-ingame-20261002-v1/current-generation.json,no-colour-variant-reference,94772,94703,,sprite/index/palette-work-plan.json,94772
0x6210,MAGE_FEMALE_HUMAN,character,6000,1,1,CHFW,66,65,656,178359,0x6210:body:armor-code:1:CHFW1;0x6210:body:armor-code:2:CHFW2;0x6210:body:armor-code:3:CHFW3;0x6210:body:armor-code:4:CHFW4;0x6210:helmet:item-animation-code:H0:WQNH0;0x6210:helmet:item-animation-code:H1:WQNH1;0x6210:helmet:item-animation-code:H2:WQNH2;0x6210:helmet:item-animation-code:H5:WQNH5;0x6210:helmet:item-animation-code:J0:WQNJ0;0x6210:helmet:item-animation-code:J1:WQNJ1;0x6210:helmet:item-animation-code:J2:WQNJ2;0x6210:helmet:item-animation-code:J3:WQNJ3;0x6210:helmet:item-animation-code:J4:WQNJ4;0x6210:helmet:item-animation-code:J5:WQNJ5;0x6210:helmet:item-animation-code:J6:WQNJ6;0x6210:helmet:item-animation-code:J7:WQNJ7;0x6210:helmet:item-animation-code:J8:WQNJ8;0x6210:helmet:item-animation-code:J9:WQNJ9;0x6210:helmet:item-animation-code:JA:WQNJA;0x6210:helmet:item-animation-code:JB:WQNJB;0x6210:helmet:item-animation-code:JC:WQNJC;0x6210:helmet:item-animation-code:YW:WQNYW;0x6210:helmet:item-animation-code:ZW:WQNZW;0x6210:shield:item-animation-code:C0:WQNC0;0x6210:shield:item-animation-code:C1:WQNC1;0x6210:shield:item-animation-code:C2:WQNC2;0x6210:shield:item-animation-code:C3:WQNC3;0x6210:shield:item-animation-code:C4:WQNC4;0x6210:shield:item-animation-code:C5:WQNC5;0x6210:shield:item-animation-code:C6:WQNC6;0x6210:shield:item-animation-code:C7:WQNC7;0x6210:shield:item-animation-code:D1:WQND1;0x6210:shield:item-animation-code:D2:WQND2;0x6210:shield:item-animation-code:D3:WQND3;0x6210:shield:item-animation-code:D4:WQND4;0x6210:weapon:item-animation-code:AX:WQNAX;0x6210:weapon:item-animation-code:BS:WQNBS;0x6210:weapon:item-animation-code:BW:WQNBW;0x6210:weapon:item-animation-code:CB:WQNCB;0x6210:weapon:item-animation-code:CL:WQNCL;0x6210:weapon:item-animation-code:DD:WQNDD;0x6210:weapon:item-animation-code:F0:WQNF0;0x6210:weapon:item-animation-code:F1:WQNF1;0x6210:weapon:item-animation-code:F2:WQNF2;0x6210:weapon:item-animation-code:F3:WQNF3;0x6210:weapon:item-animation-code:FL:WQNFL;0x6210:weapon:item-animation-code:FS:WQNFS;0x6210:weapon:item-animation-code:GS:WQNGS;0x6210:weapon:item-animation-code:H6:WQNH6;0x6210:weapon:item-animation-code:HB:WQNHB;0x6210:weapon:item-animation-code:M2:WQNM2;0x6210:weapon:item-animation-code:MC:WQNMC;0x6210:weapon:item-animation-code:MS:WQNMS;0x6210:weapon:item-animation-code:Q2:WQNQ2;0x6210:weapon:item-animation-code:Q3:WQNQ3;0x6210:weapon:item-animation-code:Q4:WQNQ4;0x6210:weapon:item-animation-code:QS:WQNQS;0x6210:weapon:item-animation-code:S0:WQNS0;0x6210:weapon:item-animation-code:S1:WQNS1;0x6210:weapon:item-animation-code:S2:WQNS2;0x6210:weapon:item-animation-code:S3:WQNS3;0x6210:weapon:item-animation-code:SC:WQNSC;0x6210:weapon:item-animation-code:SL:WQNSL;0x6210:weapon:item-animation-code:SP:WQNSP;0x6210:weapon:item-animation-code:SS:WQNSS;0x6210:weapon:item-animation-code:WH:WQNWH,CHFW1A1;CHFW1A2;CHFW1A3;CHFW1A4;CHFW1A5;CHFW1A6;CHFW1A7;CHFW1A8;CHFW1A9;CHFW1CA;CHFW1G1;CHFW1G11;CHFW1G12;CHFW1G13;CHFW1G14;CHFW1G15;CHFW1G16;CHFW1G17;CHFW1G18;CHFW1G19;CHFW1SA;CHFW1SS;CHFW1SX;CHFW2A1;CHFW2A2;CHFW2A3;CHFW2A4;CHFW2A5;CHFW2A6;CHFW2A7;CHFW2A8;CHFW2A9;CHFW2CA;CHFW2G1;CHFW2G11;CHFW2G12;CHFW2G13;CHFW2G14;CHFW2G15;CHFW2G16;CHFW2G17;CHFW2G18;CHFW2G19;CHFW2SA;CHFW2SS;CHFW2SX;CHFW3A1;CHFW3A2;CHFW3A3;CHFW3A4;CHFW3A5;CHFW3A6;CHFW3A7;CHFW3A8;CHFW3A9;CHFW3CA;CHFW3G1;CHFW3G11;CHFW3G12;CHFW3G13;CHFW3G14;CHFW3G15;CHFW3G16;CHFW3G17;CHFW3G18;CHFW3G19;CHFW3SA;CHFW3SS;CHFW3SX;CHFW4A1;CHFW4A2;CHFW4A3;CHFW4A4;CHFW4A5;CHFW4A6;CHFW4A7;CHFW4A8;CHFW4A9;CHFW4CA;CHFW4G1;CHFW4G11;CHFW4G12;CHFW4G13;CHFW4G14;CHFW4G15;CHFW4G16;CHFW4G17;CHFW4G18;CHFW4G19;CHFW4SA;CHFW4SS;CHFW4SX;WQNAXA1;WQNAXA3;WQNAXA5;WQNAXA7;WQNAXA8;WQNAXA9;WQNAXG1;WQNAXOA7;WQNAXOA8;WQNAXOA9;WQNAXOG1;WQNBSG1;WQNBSSA;WQNBWG1;WQNBWSA;WQNC0A1;WQNC0A3;WQNC0A5;WQNC0G1;WQNC0SS;WQNC1A1;WQNC1A3;WQNC1A5;WQNC1G1;WQNC1SS;WQNC2A1;WQNC2A3;WQNC2A5;WQNC2G1;WQNC2SS;WQNC3A1;WQNC3A3;WQNC3A5;WQNC3G1;WQNC3SS;WQNC4A1;WQNC4A3;WQNC4A5;WQNC4G1;WQNC4SS;WQNC5A1;WQNC5A3;WQNC5A5;WQNC5G1;WQNC5SS;WQNC6A1;WQNC6A3;WQNC6A5;WQNC6G1;WQNC6SS;WQNC7A1;WQNC7A3;WQNC7A5;WQNC7G1;WQNC7SS;WQNCBG1;WQNCBSX;WQNCLA1;WQNCLA3;WQNCLA5;WQNCLA7;WQNCLA8;WQNCLA9;WQNCLG1;WQNCLOA7;WQNCLOA8;WQNCLOA9;WQNCLOG1;WQND1A1;WQND1A3;WQND1A5;WQND1G1;WQND1SS;WQND2A1;WQND2A3;WQND2A5;WQND2G1;WQND2SS;WQND3A1;WQND3A3;WQND3A5;WQND3G1;WQND3SS;WQND4A1;WQND4A3;WQND4A5;WQND4G1;WQND4SS;WQNDDA1;WQNDDA3;WQNDDA5;WQNDDA7;WQNDDA8;WQNDDA9;WQNDDG1;WQNDDOA7;WQNDDOA8;WQNDDOA9;WQNDDOG1;WQNF0A1;WQNF0A3;WQNF0A5;WQNF0A7;WQNF0A8;WQNF0A9;WQNF0G1;WQNF0OA7;WQNF0OA8;WQNF0OA9;WQNF0OG1;WQNF1A1;WQNF1A3;WQNF1A5;WQNF1A7;WQNF1A8;WQNF1A9;WQNF1G1;WQNF1OA7;WQNF1OA8;WQNF1OA9;WQNF1OG1;WQNF2A1;WQNF2A3;WQNF2A5;WQNF2A7;WQNF2A8;WQNF2A9;WQNF2G1;WQNF2OA7;WQNF2OA8;WQNF2OA9;WQNF2OG1;WQNF3A1;WQNF3A3;WQNF3A5;WQNF3A7;WQNF3A8;WQNF3A9;WQNF3G1;WQNF3OA7;WQNF3OA8;WQNF3OA9;WQNF3OG1;WQNFLA1;WQNFLA3;WQNFLA5;WQNFLA7;WQNFLA8;WQNFLA9;WQNFLG1;WQNFLOA7;WQNFLOA8;WQNFLOA9;WQNFLOG1;WQNFSA1;WQNFSA3;WQNFSA5;WQNFSA7;WQNFSA8;WQNFSA9;WQNFSG1;WQNFSOA7;WQNFSOA8;WQNFSOA9;WQNFSOG1;WQNGSA2;WQNGSA4;WQNGSA6;WQNGSG1;WQNH0A1;WQNH0A2;WQNH0A3;WQNH0A4;WQNH0A5;WQNH0A6;WQNH0A7;WQNH0A8;WQNH0A9;WQNH0CA;WQNH0G1;WQNH0SA;WQNH0SS;WQNH0SX;WQNH1A1;WQNH1A2;WQNH1A3;WQNH1A4;WQNH1A5;WQNH1A6;WQNH1A7;WQNH1A8;WQNH1A9;WQNH1CA;WQNH1G1;WQNH1SA;WQNH1SS;WQNH1SX;WQNH2A1;WQNH2A2;WQNH2A3;WQNH2A4;WQNH2A5;WQNH2A6;WQNH2A7;WQNH2A8;WQNH2A9;WQNH2CA;WQNH2G1;WQNH2SA;WQNH2SS;WQNH2SX;WQNH5A1;WQNH5A2;WQNH5A3;WQNH5A4;WQNH5A5;WQNH5A6;WQNH5A7;WQNH5A8;WQNH5A9;WQNH5CA;WQNH5G1;WQNH5SA;WQNH5SS;WQNH5SX;WQNH6A1;WQNH6A2;WQNH6A3;WQNH6A4;WQNH6A5;WQNH6A6;WQNH6A7;WQNH6A8;WQNH6A9;WQNH6CA;WQNH6G1;WQNH6SA;WQNH6SS;WQNH6SX;WQNHBA2;WQNHBA4;WQNHBA6;WQNHBG1;WQNJ0A1;WQNJ0A2;WQNJ0A3;WQNJ0A4;WQNJ0A5;WQNJ0A6;WQNJ0A7;WQNJ0A8;WQNJ0A9;WQNJ0CA;WQNJ0G1;WQNJ0SA;WQNJ0SS;WQNJ0SX;WQNJ1A1;WQNJ1A2;WQNJ1A3;WQNJ1A4;WQNJ1A5;WQNJ1A6;WQNJ1A7;WQNJ1A8;WQNJ1A9;WQNJ1CA;WQNJ1G1;WQNJ1SA;WQNJ1SS;WQNJ1SX;WQNJ2A1;WQNJ2A2;WQNJ2A3;WQNJ2A4;WQNJ2A5;WQNJ2A6;WQNJ2A7;WQNJ2A8;WQNJ2A9;WQNJ2CA;WQNJ2G1;WQNJ2SA;WQNJ2SS;WQNJ2SX;WQNJ3A1;WQNJ3A2;WQNJ3A3;WQNJ3A4;WQNJ3A5;WQNJ3A6;WQNJ3A7;WQNJ3A8;WQNJ3A9;WQNJ3CA;WQNJ3G1;WQNJ3SA;WQNJ3SS;WQNJ3SX;WQNJ4A1;WQNJ4A2;WQNJ4A3;WQNJ4A4;WQNJ4A5;WQNJ4A6;WQNJ4A7;WQNJ4A8;WQNJ4A9;WQNJ4CA;WQNJ4G1;WQNJ4SA;WQNJ4SS;WQNJ4SX;WQNJ5A1;WQNJ5A2;WQNJ5A3;WQNJ5A4;WQNJ5A5;WQNJ5A6;WQNJ5A7;WQNJ5A8;WQNJ5A9;WQNJ5CA;WQNJ5G1;WQNJ5SA;WQNJ5SS;WQNJ5SX;WQNJ6A1;WQNJ6A2;WQNJ6A3;WQNJ6A4;WQNJ6A5;WQNJ6A6;WQNJ6A7;WQNJ6A8;WQNJ6A9;WQNJ6CA;WQNJ6G1;WQNJ6SA;WQNJ6SS;WQNJ6SX;WQNJ7A1;WQNJ7A2;WQNJ7A3;WQNJ7A4;WQNJ7A5;WQNJ7A6;WQNJ7A7;WQNJ7A8;WQNJ7A9;WQNJ7CA;WQNJ7G1;WQNJ7SA;WQNJ7SS;WQNJ7SX;WQNJ8A1;WQNJ8A2;WQNJ8A3;WQNJ8A4;WQNJ8A5;WQNJ8A6;WQNJ8A7;WQNJ8A8;WQNJ8A9;WQNJ8CA;WQNJ8G1;WQNJ8SA;WQNJ8SS;WQNJ8SX;WQNJ9A1;WQNJ9A2;WQNJ9A3;WQNJ9A4;WQNJ9A5;WQNJ9A6;WQNJ9A7;WQNJ9A8;WQNJ9A9;WQNJ9CA;WQNJ9G1;WQNJ9SA;WQNJ9SS;WQNJ9SX;WQNJAA1;WQNJAA2;WQNJAA3;WQNJAA4;WQNJAA5;WQNJAA6;WQNJAA7;WQNJAA8;WQNJAA9;WQNJACA;WQNJAG1;WQNJASA;WQNJASS;WQNJASX;WQNJBA1;WQNJBA2;WQNJBA3;WQNJBA4;WQNJBA5;WQNJBA6;WQNJBA7;WQNJBA8;WQNJBA9;WQNJBCA;WQNJBG1;WQNJBSA;WQNJBSS;WQNJBSX;WQNJCA1;WQNJCA2;WQNJCA3;WQNJCA4;WQNJCA5;WQNJCA6;WQNJCA7;WQNJCA8;WQNJCA9;WQNJCCA;WQNJCG1;WQNJCSA;WQNJCSS;WQNJCSX;WQNM2A1;WQNM2A3;WQNM2A5;WQNM2A7;WQNM2A8;WQNM2A9;WQNM2G1;WQNM2OA7;WQNM2OA8;WQNM2OA9;WQNM2OG1;WQNMCA1;WQNMCA3;WQNMCA5;WQNMCA7;WQNMCA8;WQNMCA9;WQNMCG1;WQNMCOA7;WQNMCOA8;WQNMCOA9;WQNMCOG1;WQNMSA1;WQNMSA3;WQNMSA5;WQNMSA7;WQNMSA8;WQNMSA9;WQNMSG1;WQNMSOA7;WQNMSOA8;WQNMSOA9;WQNMSOG1;WQNQ2A2;WQNQ2A4;WQNQ2A6;WQNQ2G1;WQNQ3A2;WQNQ3A4;WQNQ3A6;WQNQ3G1;WQNQ4A2;WQNQ4A4;WQNQ4A6;WQNQ4G1;WQNQSA2;WQNQSA4;WQNQSA6;WQNQSG1;WQNS0A1;WQNS0A3;WQNS0A5;WQNS0A7;WQNS0A8;WQNS0A9;WQNS0G1;WQNS0OA7;WQNS0OA8;WQNS0OA9;WQNS0OG1;WQNS1A1;WQNS1A3;WQNS1A5;WQNS1A7;WQNS1A8;WQNS1A9;WQNS1G1;WQNS1OA7;WQNS1OA8;WQNS1OA9;WQNS1OG1;WQNS2A2;WQNS2A4;WQNS2A6;WQNS2G1;WQNS3A1;WQNS3A3;WQNS3A5;WQNS3A7;WQNS3A8;WQNS3A9;WQNS3G1;WQNS3OA7;WQNS3OA8;WQNS3OA9;WQNS3OG1;WQNSCA1;WQNSCA3;WQNSCA5;WQNSCA7;WQNSCA8;WQNSCA9;WQNSCG1;WQNSCOA7;WQNSCOA8;WQNSCOA9;WQNSCOG1;WQNSLG1;WQNSLSS;WQNSPA2;WQNSPA4;WQNSPA6;WQNSPG1;WQNSSA1;WQNSSA3;WQNSSA5;WQNSSA7;WQNSSA8;WQNSSA9;WQNSSG1;WQNSSOA7;WQNSSOA8;WQNSSOA9;WQNSSOG1;WQNWHA1;WQNWHA3;WQNWHA5;WQNWHA7;WQNWHA8;WQNWHA9;WQNWHG1;WQNWHOA7;WQNWHOA8;WQNWHOA9;WQNWHOG1;WQNZWA1;WQNZWA2;WQNZWA3;WQNZWA4;WQNZWA5;WQNZWA6;WQNZWA7;WQNZWA8;WQNZWA9;WQNZWCA;WQNZWG1;WQNZWSA;WQNZWSS;WQNZWSX,q3m-reference-available,docs/measurements/playable-q3m-x2-ingame-20261002-v1/current-generation.json,no-colour-variant-reference,93643,93563,,sprite/index/palette-work-plan.json,93643
0x6211,MAGE_FEMALE_ELF,character,6000,1,1,CEFW,66,65,656,180494,0x6211:body:armor-code:1:CEFW1;0x6211:body:armor-code:2:CEFW2;0x6211:body:armor-code:3:CEFW3;0x6211:body:armor-code:4:CEFW4;0x6211:helmet:item-animation-code:H0:WQMH0;0x6211:helmet:item-animation-code:H1:WQMH1;0x6211:helmet:item-animation-code:H2:WQMH2;0x6211:helmet:item-animation-code:H5:WQMH5;0x6211:helmet:item-animation-code:J0:WQMJ0;0x6211:helmet:item-animation-code:J1:WQMJ1;0x6211:helmet:item-animation-code:J2:WQMJ2;0x6211:helmet:item-animation-code:J3:WQMJ3;0x6211:helmet:item-animation-code:J4:WQMJ4;0x6211:helmet:item-animation-code:J5:WQMJ5;0x6211:helmet:item-animation-code:J6:WQMJ6;0x6211:helmet:item-animation-code:J7:WQMJ7;0x6211:helmet:item-animation-code:J8:WQMJ8;0x6211:helmet:item-animation-code:J9:WQMJ9;0x6211:helmet:item-animation-code:JA:WQMJA;0x6211:helmet:item-animation-code:JB:WQMJB;0x6211:helmet:item-animation-code:JC:WQMJC;0x6211:helmet:item-animation-code:YW:WQMYW;0x6211:helmet:item-animation-code:ZW:WQMZW;0x6211:shield:item-animation-code:C0:WQMC0;0x6211:shield:item-animation-code:C1:WQMC1;0x6211:shield:item-animation-code:C2:WQMC2;0x6211:shield:item-animation-code:C3:WQMC3;0x6211:shield:item-animation-code:C4:WQMC4;0x6211:shield:item-animation-code:C5:WQMC5;0x6211:shield:item-animation-code:C6:WQMC6;0x6211:shield:item-animation-code:C7:WQMC7;0x6211:shield:item-animation-code:D1:WQMD1;0x6211:shield:item-animation-code:D2:WQMD2;0x6211:shield:item-animation-code:D3:WQMD3;0x6211:shield:item-animation-code:D4:WQMD4;0x6211:weapon:item-animation-code:AX:WQMAX;0x6211:weapon:item-animation-code:BS:WQMBS;0x6211:weapon:item-animation-code:BW:WQMBW;0x6211:weapon:item-animation-code:CB:WQMCB;0x6211:weapon:item-animation-code:CL:WQMCL;0x6211:weapon:item-animation-code:DD:WQMDD;0x6211:weapon:item-animation-code:F0:WQMF0;0x6211:weapon:item-animation-code:F1:WQMF1;0x6211:weapon:item-animation-code:F2:WQMF2;0x6211:weapon:item-animation-code:F3:WQMF3;0x6211:weapon:item-animation-code:FL:WQMFL;0x6211:weapon:item-animation-code:FS:WQMFS;0x6211:weapon:item-animation-code:GS:WQMGS;0x6211:weapon:item-animation-code:H6:WQMH6;0x6211:weapon:item-animation-code:HB:WQMHB;0x6211:weapon:item-animation-code:M2:WQMM2;0x6211:weapon:item-animation-code:MC:WQMMC;0x6211:weapon:item-animation-code:MS:WQMMS;0x6211:weapon:item-animation-code:Q2:WQMQ2;0x6211:weapon:item-animation-code:Q3:WQMQ3;0x6211:weapon:item-animation-code:Q4:WQMQ4;0x6211:weapon:item-animation-code:QS:WQMQS;0x6211:weapon:item-animation-code:S0:WQMS0;0x6211:weapon:item-animation-code:S1:WQMS1;0x6211:weapon:item-animation-code:S2:WQMS2;0x6211:weapon:item-animation-code:S3:WQMS3;0x6211:weapon:item-animation-code:SC:WQMSC;0x6211:weapon:item-animation-code:SL:WQMSL;0x6211:weapon:item-animation-code:SP:WQMSP;0x6211:weapon:item-animation-code:SS:WQMSS;0x6211:weapon:item-animation-code:WH:WQMWH,CEFW1A1;CEFW1A2;CEFW1A3;CEFW1A4;CEFW1A5;CEFW1A6;CEFW1A7;CEFW1A8;CEFW1A9;CEFW1CA;CEFW1G1;CEFW1G11;CEFW1G12;CEFW1G13;CEFW1G14;CEFW1G15;CEFW1G16;CEFW1G17;CEFW1G18;CEFW1G19;CEFW1SA;CEFW1SS;CEFW1SX;CEFW2A1;CEFW2A2;CEFW2A3;CEFW2A4;CEFW2A5;CEFW2A6;CEFW2A7;CEFW2A8;CEFW2A9;CEFW2CA;CEFW2G1;CEFW2G11;CEFW2G12;CEFW2G13;CEFW2G14;CEFW2G15;CEFW2G16;CEFW2G17;CEFW2G18;CEFW2G19;CEFW2SA;CEFW2SS;CEFW2SX;CEFW3A1;CEFW3A2;CEFW3A3;CEFW3A4;CEFW3A5;CEFW3A6;CEFW3A7;CEFW3A8;CEFW3A9;CEFW3CA;CEFW3G1;CEFW3G11;CEFW3G12;CEFW3G13;CEFW3G14;CEFW3G15;CEFW3G16;CEFW3G17;CEFW3G18;CEFW3G19;CEFW3SA;CEFW3SS;CEFW3SX;CEFW4A1;CEFW4A2;CEFW4A3;CEFW4A4;CEFW4A5;CEFW4A6;CEFW4A7;CEFW4A8;CEFW4A9;CEFW4CA;CEFW4G1;CEFW4G11;CEFW4G12;CEFW4G13;CEFW4G14;CEFW4G15;CEFW4G16;CEFW4G17;CEFW4G18;CEFW4G19;CEFW4SA;CEFW4SS;CEFW4SX;WQMAXA1;WQMAXA3;WQMAXA5;WQMAXA7;WQMAXA8;WQMAXA9;WQMAXG1;WQMAXOA7;WQMAXOA8;WQMAXOA9;WQMAXOG1;WQMBSG1;WQMBSSA;WQMBWG1;WQMBWSA;WQMC0A1;WQMC0A3;WQMC0A5;WQMC0G1;WQMC0SS;WQMC1A1;WQMC1A3;WQMC1A5;WQMC1G1;WQMC1SS;WQMC2A1;WQMC2A3;WQMC2A5;WQMC2G1;WQMC2SS;WQMC3A1;WQMC3A3;WQMC3A5;WQMC3G1;WQMC3SS;WQMC4A1;WQMC4A3;WQMC4A5;WQMC4G1;WQMC4SS;WQMC5A1;WQMC5A3;WQMC5A5;WQMC5G1;WQMC5SS;WQMC6A1;WQMC6A3;WQMC6A5;WQMC6G1;WQMC6SS;WQMC7A1;WQMC7A3;WQMC7A5;WQMC7G1;WQMC7SS;WQMCBG1;WQMCBSX;WQMCLA1;WQMCLA3;WQMCLA5;WQMCLA7;WQMCLA8;WQMCLA9;WQMCLG1;WQMCLOA7;WQMCLOA8;WQMCLOA9;WQMCLOG1;WQMD1A1;WQMD1A3;WQMD1A5;WQMD1G1;WQMD1SS;WQMD2A1;WQMD2A3;WQMD2A5;WQMD2G1;WQMD2SS;WQMD3A1;WQMD3A3;WQMD3A5;WQMD3G1;WQMD3SS;WQMD4A1;WQMD4A3;WQMD4A5;WQMD4G1;WQMD4SS;WQMDDA1;WQMDDA3;WQMDDA5;WQMDDA7;WQMDDA8;WQMDDA9;WQMDDG1;WQMDDOA7;WQMDDOA8;WQMDDOA9;WQMDDOG1;WQMF0A1;WQMF0A3;WQMF0A5;WQMF0A7;WQMF0A8;WQMF0A9;WQMF0G1;WQMF0OA7;WQMF0OA8;WQMF0OA9;WQMF0OG1;WQMF1A1;WQMF1A3;WQMF1A5;WQMF1A7;WQMF1A8;WQMF1A9;WQMF1G1;WQMF1OA7;WQMF1OA8;WQMF1OA9;WQMF1OG1;WQMF2A1;WQMF2A3;WQMF2A5;WQMF2A7;WQMF2A8;WQMF2A9;WQMF2G1;WQMF2OA7;WQMF2OA8;WQMF2OA9;WQMF2OG1;WQMF3A1;WQMF3A3;WQMF3A5;WQMF3A7;WQMF3A8;WQMF3A9;WQMF3G1;WQMF3OA7;WQMF3OA8;WQMF3OA9;WQMF3OG1;WQMFLA1;WQMFLA3;WQMFLA5;WQMFLA7;WQMFLA8;WQMFLA9;WQMFLG1;WQMFLOA7;WQMFLOA8;WQMFLOA9;WQMFLOG1;WQMFSA1;WQMFSA3;WQMFSA5;WQMFSA7;WQMFSA8;WQMFSA9;WQMFSG1;WQMFSOA7;WQMFSOA8;WQMFSOA9;WQMFSOG1;WQMGSA2;WQMGSA4;WQMGSA6;WQMGSG1;WQMH0A1;WQMH0A2;WQMH0A3;WQMH0A4;WQMH0A5;WQMH0A6;WQMH0A7;WQMH0A8;WQMH0A9;WQMH0CA;WQMH0G1;WQMH0SA;WQMH0SS;WQMH0SX;WQMH1A1;WQMH1A2;WQMH1A3;WQMH1A4;WQMH1A5;WQMH1A6;WQMH1A7;WQMH1A8;WQMH1A9;WQMH1CA;WQMH1G1;WQMH1SA;WQMH1SS;WQMH1SX;WQMH2A1;WQMH2A2;WQMH2A3;WQMH2A4;WQMH2A5;WQMH2A6;WQMH2A7;WQMH2A8;WQMH2A9;WQMH2CA;WQMH2G1;WQMH2SA;WQMH2SS;WQMH2SX;WQMH5A1;WQMH5A2;WQMH5A3;WQMH5A4;WQMH5A5;WQMH5A6;WQMH5A7;WQMH5A8;WQMH5A9;WQMH5CA;WQMH5G1;WQMH5SA;WQMH5SS;WQMH5SX;WQMH6A1;WQMH6A2;WQMH6A3;WQMH6A4;WQMH6A5;WQMH6A6;WQMH6A7;WQMH6A8;WQMH6A9;WQMH6CA;WQMH6G1;WQMH6SA;WQMH6SS;WQMH6SX;WQMHBA2;WQMHBA4;WQMHBA6;WQMHBG1;WQMJ0A1;WQMJ0A2;WQMJ0A3;WQMJ0A4;WQMJ0A5;WQMJ0A6;WQMJ0A7;WQMJ0A8;WQMJ0A9;WQMJ0CA;WQMJ0G1;WQMJ0SA;WQMJ0SS;WQMJ0SX;WQMJ1A1;WQMJ1A2;WQMJ1A3;WQMJ1A4;WQMJ1A5;WQMJ1A6;WQMJ1A7;WQMJ1A8;WQMJ1A9;WQMJ1CA;WQMJ1G1;WQMJ1SA;WQMJ1SS;WQMJ1SX;WQMJ2A1;WQMJ2A2;WQMJ2A3;WQMJ2A4;WQMJ2A5;WQMJ2A6;WQMJ2A7;WQMJ2A8;WQMJ2A9;WQMJ2CA;WQMJ2G1;WQMJ2SA;WQMJ2SS;WQMJ2SX;WQMJ3A1;WQMJ3A2;WQMJ3A3;WQMJ3A4;WQMJ3A5;WQMJ3A6;WQMJ3A7;WQMJ3A8;WQMJ3A9;WQMJ3CA;WQMJ3G1;WQMJ3SA;WQMJ3SS;WQMJ3SX;WQMJ4A1;WQMJ4A2;WQMJ4A3;WQMJ4A4;WQMJ4A5;WQMJ4A6;WQMJ4A7;WQMJ4A8;WQMJ4A9;WQMJ4CA;WQMJ4G1;WQMJ4SA;WQMJ4SS;WQMJ4SX;WQMJ5A1;WQMJ5A2;WQMJ5A3;WQMJ5A4;WQMJ5A5;WQMJ5A6;WQMJ5A7;WQMJ5A8;WQMJ5A9;WQMJ5CA;WQMJ5G1;WQMJ5SA;WQMJ5SS;WQMJ5SX;WQMJ6A1;WQMJ6A2;WQMJ6A3;WQMJ6A4;WQMJ6A5;WQMJ6A6;WQMJ6A7;WQMJ6A8;WQMJ6A9;WQMJ6CA;WQMJ6G1;WQMJ6SA;WQMJ6SS;WQMJ6SX;WQMJ7A1;WQMJ7A2;WQMJ7A3;WQMJ7A4;WQMJ7A5;WQMJ7A6;WQMJ7A7;WQMJ7A8;WQMJ7A9;WQMJ7CA;WQMJ7G1;WQMJ7SA;WQMJ7SS;WQMJ7SX;WQMJ8A1;WQMJ8A2;WQMJ8A3;WQMJ8A4;WQMJ8A5;WQMJ8A6;WQMJ8A7;WQMJ8A8;WQMJ8A9;WQMJ8CA;WQMJ8G1;WQMJ8SA;WQMJ8SS;WQMJ8SX;WQMJ9A1;WQMJ9A2;WQMJ9A3;WQMJ9A4;WQMJ9A5;WQMJ9A6;WQMJ9A7;WQMJ9A8;WQMJ9A9;WQMJ9CA;WQMJ9G1;WQMJ9SA;WQMJ9SS;WQMJ9SX;WQMJAA1;WQMJAA2;WQMJAA3;WQMJAA4;WQMJAA5;WQMJAA6;WQMJAA7;WQMJAA8;WQMJAA9;WQMJACA;WQMJAG1;WQMJASA;WQMJASS;WQMJASX;WQMJBA1;WQMJBA2;WQMJBA3;WQMJBA4;WQMJBA5;WQMJBA6;WQMJBA7;WQMJBA8;WQMJBA9;WQMJBCA;WQMJBG1;WQMJBSA;WQMJBSS;WQMJBSX;WQMJCA1;WQMJCA2;WQMJCA3;WQMJCA4;WQMJCA5;WQMJCA6;WQMJCA7;WQMJCA8;WQMJCA9;WQMJCCA;WQMJCG1;WQMJCSA;WQMJCSS;WQMJCSX;WQMM2A1;WQMM2A3;WQMM2A5;WQMM2A7;WQMM2A8;WQMM2A9;WQMM2G1;WQMM2OA7;WQMM2OA8;WQMM2OA9;WQMM2OG1;WQMMCA1;WQMMCA3;WQMMCA5;WQMMCA7;WQMMCA8;WQMMCA9;WQMMCG1;WQMMCOA7;WQMMCOA8;WQMMCOA9;WQMMCOG1;WQMMSA1;WQMMSA3;WQMMSA5;WQMMSA7;WQMMSA8;WQMMSA9;WQMMSG1;WQMMSOA7;WQMMSOA8;WQMMSOA9;WQMMSOG1;WQMQ2A2;WQMQ2A4;WQMQ2A6;WQMQ2G1;WQMQ3A2;WQMQ3A4;WQMQ3A6;WQMQ3G1;WQMQ4A2;WQMQ4A4;WQMQ4A6;WQMQ4G1;WQMQSA2;WQMQSA4;WQMQSA6;WQMQSG1;WQMS0A1;WQMS0A3;WQMS0A5;WQMS0A7;WQMS0A8;WQMS0A9;WQMS0G1;WQMS0OA7;WQMS0OA8;WQMS0OA9;WQMS0OG1;WQMS1A1;WQMS1A3;WQMS1A5;WQMS1A7;WQMS1A8;WQMS1A9;WQMS1G1;WQMS1OA7;WQMS1OA8;WQMS1OA9;WQMS1OG1;WQMS2A2;WQMS2A4;WQMS2A6;WQMS2G1;WQMS3A1;WQMS3A3;WQMS3A5;WQMS3A7;WQMS3A8;WQMS3A9;WQMS3G1;WQMS3OA7;WQMS3OA8;WQMS3OA9;WQMS3OG1;WQMSCA1;WQMSCA3;WQMSCA5;WQMSCA7;WQMSCA8;WQMSCA9;WQMSCG1;WQMSCOA7;WQMSCOA8;WQMSCOA9;WQMSCOG1;WQMSLG1;WQMSLSS;WQMSPA2;WQMSPA4;WQMSPA6;WQMSPG1;WQMSSA1;WQMSSA3;WQMSSA5;WQMSSA7;WQMSSA8;WQMSSA9;WQMSSG1;WQMSSOA7;WQMSSOA8;WQMSSOA9;WQMSSOG1;WQMWHA1;WQMWHA3;WQMWHA5;WQMWHA7;WQMWHA8;WQMWHA9;WQMWHG1;WQMWHOA7;WQMWHOA8;WQMWHOA9;WQMWHOG1;WQMZWA1;WQMZWA2;WQMZWA3;WQMZWA4;WQMZWA5;WQMZWA6;WQMZWA7;WQMZWA8;WQMZWA9;WQMZWCA;WQMZWG1;WQMZWSA;WQMZWSS;WQMZWSX,q3m-reference-available,docs/measurements/playable-q3m-x2-ingame-20261002-v1/current-generation.json,no-colour-variant-reference,97824,97762,,sprite/index/palette-work-plan.json,97824
0x6212,MAGE_FEMALE_DWARF,character,6000,1,1,CDFW,66,65,656,178357,0x6212:body:armor-code:1:CDFW1;0x6212:body:armor-code:2:CDFW2;0x6212:body:armor-code:3:CDFW3;0x6212:body:armor-code:4:CDFW4;0x6212:helmet:item-animation-code:H0:WQSH0;0x6212:helmet:item-animation-code:H1:WQSH1;0x6212:helmet:item-animation-code:H2:WQSH2;0x6212:helmet:item-animation-code:H5:WQSH5;0x6212:helmet:item-animation-code:J0:WQSJ0;0x6212:helmet:item-animation-code:J1:WQSJ1;0x6212:helmet:item-animation-code:J2:WQSJ2;0x6212:helmet:item-animation-code:J3:WQSJ3;0x6212:helmet:item-animation-code:J4:WQSJ4;0x6212:helmet:item-animation-code:J5:WQSJ5;0x6212:helmet:item-animation-code:J6:WQSJ6;0x6212:helmet:item-animation-code:J7:WQSJ7;0x6212:helmet:item-animation-code:J8:WQSJ8;0x6212:helmet:item-animation-code:J9:WQSJ9;0x6212:helmet:item-animation-code:JA:WQSJA;0x6212:helmet:item-animation-code:JB:WQSJB;0x6212:helmet:item-animation-code:JC:WQSJC;0x6212:helmet:item-animation-code:YW:WQSYW;0x6212:helmet:item-animation-code:ZW:WQSZW;0x6212:shield:item-animation-code:C0:WQSC0;0x6212:shield:item-animation-code:C1:WQSC1;0x6212:shield:item-animation-code:C2:WQSC2;0x6212:shield:item-animation-code:C3:WQSC3;0x6212:shield:item-animation-code:C4:WQSC4;0x6212:shield:item-animation-code:C5:WQSC5;0x6212:shield:item-animation-code:C6:WQSC6;0x6212:shield:item-animation-code:C7:WQSC7;0x6212:shield:item-animation-code:D1:WQSD1;0x6212:shield:item-animation-code:D2:WQSD2;0x6212:shield:item-animation-code:D3:WQSD3;0x6212:shield:item-animation-code:D4:WQSD4;0x6212:weapon:item-animation-code:AX:WQSAX;0x6212:weapon:item-animation-code:BS:WQSBS;0x6212:weapon:item-animation-code:BW:WQSBW;0x6212:weapon:item-animation-code:CB:WQSCB;0x6212:weapon:item-animation-code:CL:WQSCL;0x6212:weapon:item-animation-code:DD:WQSDD;0x6212:weapon:item-animation-code:F0:WQSF0;0x6212:weapon:item-animation-code:F1:WQSF1;0x6212:weapon:item-animation-code:F2:WQSF2;0x6212:weapon:item-animation-code:F3:WQSF3;0x6212:weapon:item-animation-code:FL:WQSFL;0x6212:weapon:item-animation-code:FS:WQSFS;0x6212:weapon:item-animation-code:GS:WQSGS;0x6212:weapon:item-animation-code:H6:WQSH6;0x6212:weapon:item-animation-code:HB:WQSHB;0x6212:weapon:item-animation-code:M2:WQSM2;0x6212:weapon:item-animation-code:MC:WQSMC;0x6212:weapon:item-animation-code:MS:WQSMS;0x6212:weapon:item-animation-code:Q2:WQSQ2;0x6212:weapon:item-animation-code:Q3:WQSQ3;0x6212:weapon:item-animation-code:Q4:WQSQ4;0x6212:weapon:item-animation-code:QS:WQSQS;0x6212:weapon:item-animation-code:S0:WQSS0;0x6212:weapon:item-animation-code:S1:WQSS1;0x6212:weapon:item-animation-code:S2:WQSS2;0x6212:weapon:item-animation-code:S3:WQSS3;0x6212:weapon:item-animation-code:SC:WQSSC;0x6212:weapon:item-animation-code:SL:WQSSL;0x6212:weapon:item-animation-code:SP:WQSSP;0x6212:weapon:item-animation-code:SS:WQSSS;0x6212:weapon:item-animation-code:WH:WQSWH,CDFW1A1;CDFW1A2;CDFW1A3;CDFW1A4;CDFW1A5;CDFW1A6;CDFW1A7;CDFW1A8;CDFW1A9;CDFW1CA;CDFW1G1;CDFW1G11;CDFW1G12;CDFW1G13;CDFW1G14;CDFW1G15;CDFW1G16;CDFW1G17;CDFW1G18;CDFW1G19;CDFW1SA;CDFW1SS;CDFW1SX;CDFW2A1;CDFW2A2;CDFW2A3;CDFW2A4;CDFW2A5;CDFW2A6;CDFW2A7;CDFW2A8;CDFW2A9;CDFW2CA;CDFW2G1;CDFW2G11;CDFW2G12;CDFW2G13;CDFW2G14;CDFW2G15;CDFW2G16;CDFW2G17;CDFW2G18;CDFW2G19;CDFW2SA;CDFW2SS;CDFW2SX;CDFW3A1;CDFW3A2;CDFW3A3;CDFW3A4;CDFW3A5;CDFW3A6;CDFW3A7;CDFW3A8;CDFW3A9;CDFW3CA;CDFW3G1;CDFW3G11;CDFW3G12;CDFW3G13;CDFW3G14;CDFW3G15;CDFW3G16;CDFW3G17;CDFW3G18;CDFW3G19;CDFW3SA;CDFW3SS;CDFW3SX;CDFW4A1;CDFW4A2;CDFW4A3;CDFW4A4;CDFW4A5;CDFW4A6;CDFW4A7;CDFW4A8;CDFW4A9;CDFW4CA;CDFW4G1;CDFW4G11;CDFW4G12;CDFW4G13;CDFW4G14;CDFW4G15;CDFW4G16;CDFW4G17;CDFW4G18;CDFW4G19;CDFW4SA;CDFW4SS;CDFW4SX;WQSAXA1;WQSAXA3;WQSAXA5;WQSAXA7;WQSAXA8;WQSAXA9;WQSAXG1;WQSAXOA7;WQSAXOA8;WQSAXOA9;WQSAXOG1;WQSBSG1;WQSBSSA;WQSBWG1;WQSBWSA;WQSC0A1;WQSC0A3;WQSC0A5;WQSC0G1;WQSC0SS;WQSC1A1;WQSC1A3;WQSC1A5;WQSC1G1;WQSC1SS;WQSC2A1;WQSC2A3;WQSC2A5;WQSC2G1;WQSC2SS;WQSC3A1;WQSC3A3;WQSC3A5;WQSC3G1;WQSC3SS;WQSC4A1;WQSC4A3;WQSC4A5;WQSC4G1;WQSC4SS;WQSC5A1;WQSC5A3;WQSC5A5;WQSC5G1;WQSC5SS;WQSC6A1;WQSC6A3;WQSC6A5;WQSC6G1;WQSC6SS;WQSC7A1;WQSC7A3;WQSC7A5;WQSC7G1;WQSC7SS;WQSCBG1;WQSCBSX;WQSCLA1;WQSCLA3;WQSCLA5;WQSCLA7;WQSCLA8;WQSCLA9;WQSCLG1;WQSCLOA7;WQSCLOA8;WQSCLOA9;WQSCLOG1;WQSD1A1;WQSD1A3;WQSD1A5;WQSD1G1;WQSD1SS;WQSD2A1;WQSD2A3;WQSD2A5;WQSD2G1;WQSD2SS;WQSD3A1;WQSD3A3;WQSD3A5;WQSD3G1;WQSD3SS;WQSD4A1;WQSD4A3;WQSD4A5;WQSD4G1;WQSD4SS;WQSDDA1;WQSDDA3;WQSDDA5;WQSDDA7;WQSDDA8;WQSDDA9;WQSDDG1;WQSDDOA7;WQSDDOA8;WQSDDOA9;WQSDDOG1;WQSF0A1;WQSF0A3;WQSF0A5;WQSF0A7;WQSF0A8;WQSF0A9;WQSF0G1;WQSF0OA7;WQSF0OA8;WQSF0OA9;WQSF0OG1;WQSF1A1;WQSF1A3;WQSF1A5;WQSF1A7;WQSF1A8;WQSF1A9;WQSF1G1;WQSF1OA7;WQSF1OA8;WQSF1OA9;WQSF1OG1;WQSF2A1;WQSF2A3;WQSF2A5;WQSF2A7;WQSF2A8;WQSF2A9;WQSF2G1;WQSF2OA7;WQSF2OA8;WQSF2OA9;WQSF2OG1;WQSF3A1;WQSF3A3;WQSF3A5;WQSF3A7;WQSF3A8;WQSF3A9;WQSF3G1;WQSF3OA7;WQSF3OA8;WQSF3OA9;WQSF3OG1;WQSFLA1;WQSFLA3;WQSFLA5;WQSFLA7;WQSFLA8;WQSFLA9;WQSFLG1;WQSFLOA7;WQSFLOA8;WQSFLOA9;WQSFLOG1;WQSFSA1;WQSFSA3;WQSFSA5;WQSFSA7;WQSFSA8;WQSFSA9;WQSFSG1;WQSFSOA7;WQSFSOA8;WQSFSOA9;WQSFSOG1;WQSGSA2;WQSGSA4;WQSGSA6;WQSGSG1;WQSH0A1;WQSH0A2;WQSH0A3;WQSH0A4;WQSH0A5;WQSH0A6;WQSH0A7;WQSH0A8;WQSH0A9;WQSH0CA;WQSH0G1;WQSH0SA;WQSH0SS;WQSH0SX;WQSH1A1;WQSH1A2;WQSH1A3;WQSH1A4;WQSH1A5;WQSH1A6;WQSH1A7;WQSH1A8;WQSH1A9;WQSH1CA;WQSH1G1;WQSH1SA;WQSH1SS;WQSH1SX;WQSH2A1;WQSH2A2;WQSH2A3;WQSH2A4;WQSH2A5;WQSH2A6;WQSH2A7;WQSH2A8;WQSH2A9;WQSH2CA;WQSH2G1;WQSH2SA;WQSH2SS;WQSH2SX;WQSH5A1;WQSH5A2;WQSH5A3;WQSH5A4;WQSH5A5;WQSH5A6;WQSH5A7;WQSH5A8;WQSH5A9;WQSH5CA;WQSH5G1;WQSH5SA;WQSH5SS;WQSH5SX;WQSH6A1;WQSH6A2;WQSH6A3;WQSH6A4;WQSH6A5;WQSH6A6;WQSH6A7;WQSH6A8;WQSH6A9;WQSH6CA;WQSH6G1;WQSH6SA;WQSH6SS;WQSH6SX;WQSHBA2;WQSHBA4;WQSHBA6;WQSHBG1;WQSJ0A1;WQSJ0A2;WQSJ0A3;WQSJ0A4;WQSJ0A5;WQSJ0A6;WQSJ0A7;WQSJ0A8;WQSJ0A9;WQSJ0CA;WQSJ0G1;WQSJ0SA;WQSJ0SS;WQSJ0SX;WQSJ1A1;WQSJ1A2;WQSJ1A3;WQSJ1A4;WQSJ1A5;WQSJ1A6;WQSJ1A7;WQSJ1A8;WQSJ1A9;WQSJ1CA;WQSJ1G1;WQSJ1SA;WQSJ1SS;WQSJ1SX;WQSJ2A1;WQSJ2A2;WQSJ2A3;WQSJ2A4;WQSJ2A5;WQSJ2A6;WQSJ2A7;WQSJ2A8;WQSJ2A9;WQSJ2CA;WQSJ2G1;WQSJ2SA;WQSJ2SS;WQSJ2SX;WQSJ3A1;WQSJ3A2;WQSJ3A3;WQSJ3A4;WQSJ3A5;WQSJ3A6;WQSJ3A7;WQSJ3A8;WQSJ3A9;WQSJ3CA;WQSJ3G1;WQSJ3SA;WQSJ3SS;WQSJ3SX;WQSJ4A1;WQSJ4A2;WQSJ4A3;WQSJ4A4;WQSJ4A5;WQSJ4A6;WQSJ4A7;WQSJ4A8;WQSJ4A9;WQSJ4CA;WQSJ4G1;WQSJ4SA;WQSJ4SS;WQSJ4SX;WQSJ5A1;WQSJ5A2;WQSJ5A3;WQSJ5A4;WQSJ5A5;WQSJ5A6;WQSJ5A7;WQSJ5A8;WQSJ5A9;WQSJ5CA;WQSJ5G1;WQSJ5SA;WQSJ5SS;WQSJ5SX;WQSJ6A1;WQSJ6A2;WQSJ6A3;WQSJ6A4;WQSJ6A5;WQSJ6A6;WQSJ6A7;WQSJ6A8;WQSJ6A9;WQSJ6CA;WQSJ6G1;WQSJ6SA;WQSJ6SS;WQSJ6SX;WQSJ7A1;WQSJ7A2;WQSJ7A3;WQSJ7A4;WQSJ7A5;WQSJ7A6;WQSJ7A7;WQSJ7A8;WQSJ7A9;WQSJ7CA;WQSJ7G1;WQSJ7SA;WQSJ7SS;WQSJ7SX;WQSJ8A1;WQSJ8A2;WQSJ8A3;WQSJ8A4;WQSJ8A5;WQSJ8A6;WQSJ8A7;WQSJ8A8;WQSJ8A9;WQSJ8CA;WQSJ8G1;WQSJ8SA;WQSJ8SS;WQSJ8SX;WQSJ9A1;WQSJ9A2;WQSJ9A3;WQSJ9A4;WQSJ9A5;WQSJ9A6;WQSJ9A7;WQSJ9A8;WQSJ9A9;WQSJ9CA;WQSJ9G1;WQSJ9SA;WQSJ9SS;WQSJ9SX;WQSJAA1;WQSJAA2;WQSJAA3;WQSJAA4;WQSJAA5;WQSJAA6;WQSJAA7;WQSJAA8;WQSJAA9;WQSJACA;WQSJAG1;WQSJASA;WQSJASS;WQSJASX;WQSJBA1;WQSJBA2;WQSJBA3;WQSJBA4;WQSJBA5;WQSJBA6;WQSJBA7;WQSJBA8;WQSJBA9;WQSJBCA;WQSJBG1;WQSJBSA;WQSJBSS;WQSJBSX;WQSJCA1;WQSJCA2;WQSJCA3;WQSJCA4;WQSJCA5;WQSJCA6;WQSJCA7;WQSJCA8;WQSJCA9;WQSJCCA;WQSJCG1;WQSJCSA;WQSJCSS;WQSJCSX;WQSM2A1;WQSM2A3;WQSM2A5;WQSM2A7;WQSM2A8;WQSM2A9;WQSM2G1;WQSM2OA7;WQSM2OA8;WQSM2OA9;WQSM2OG1;WQSMCA1;WQSMCA3;WQSMCA5;WQSMCA7;WQSMCA8;WQSMCA9;WQSMCG1;WQSMCOA7;WQSMCOA8;WQSMCOA9;WQSMCOG1;WQSMSA1;WQSMSA3;WQSMSA5;WQSMSA7;WQSMSA8;WQSMSA9;WQSMSG1;WQSMSOA7;WQSMSOA8;WQSMSOA9;WQSMSOG1;WQSQ2A2;WQSQ2A4;WQSQ2A6;WQSQ2G1;WQSQ3A2;WQSQ3A4;WQSQ3A6;WQSQ3G1;WQSQ4A2;WQSQ4A4;WQSQ4A6;WQSQ4G1;WQSQSA2;WQSQSA4;WQSQSA6;WQSQSG1;WQSS0A1;WQSS0A3;WQSS0A5;WQSS0A7;WQSS0A8;WQSS0A9;WQSS0G1;WQSS0OA7;WQSS0OA8;WQSS0OA9;WQSS0OG1;WQSS1A1;WQSS1A3;WQSS1A5;WQSS1A7;WQSS1A8;WQSS1A9;WQSS1G1;WQSS1OA7;WQSS1OA8;WQSS1OA9;WQSS1OG1;WQSS2A2;WQSS2A4;WQSS2A6;WQSS2G1;WQSS3A1;WQSS3A3;WQSS3A5;WQSS3A7;WQSS3A8;WQSS3A9;WQSS3G1;WQSS3OA7;WQSS3OA8;WQSS3OA9;WQSS3OG1;WQSSCA1;WQSSCA3;WQSSCA5;WQSSCA7;WQSSCA8;WQSSCA9;WQSSCG1;WQSSCOA7;WQSSCOA8;WQSSCOA9;WQSSCOG1;WQSSLG1;WQSSLSS;WQSSPA2;WQSSPA4;WQSSPA6;WQSSPG1;WQSSSA1;WQSSSA3;WQSSSA5;WQSSSA7;WQSSSA8;WQSSSA9;WQSSSG1;WQSSSOA7;WQSSSOA8;WQSSSOA9;WQSSSOG1;WQSWHA1;WQSWHA3;WQSWHA5;WQSWHA7;WQSWHA8;WQSWHA9;WQSWHG1;WQSWHOA7;WQSWHOA8;WQSWHOA9;WQSWHOG1;WQSZWA1;WQSZWA2;WQSZWA3;WQSZWA4;WQSZWA5;WQSZWA6;WQSZWA7;WQSZWA8;WQSZWA9;WQSZWCA;WQSZWG1;WQSZWSA;WQSZWSS;WQSZWSX,q3m-reference-available,docs/measurements/playable-q3m-x2-ingame-20261002-v1/current-generation.json,no-colour-variant-reference,94680,94607,,sprite/index/palette-work-plan.json,94680
0x6214,MAGE_FEMALE_GNOME,character,6000,1,1,CDFW,66,53,596,161725,0x6214:body:armor-code:1:CDFW1;0x6214:body:armor-code:2:CDFW2;0x6214:body:armor-code:3:CDFW3;0x6214:body:armor-code:4:CDFW4;0x6214:helmet:item-animation-code:H0:WQSH0;0x6214:helmet:item-animation-code:H1:WQSH1;0x6214:helmet:item-animation-code:H2:WQSH2;0x6214:helmet:item-animation-code:H5:WQSH5;0x6214:helmet:item-animation-code:J0:WQSJ0;0x6214:helmet:item-animation-code:J1:WQSJ1;0x6214:helmet:item-animation-code:J2:WQSJ2;0x6214:helmet:item-animation-code:J3:WQSJ3;0x6214:helmet:item-animation-code:J4:WQSJ4;0x6214:helmet:item-animation-code:J5:WQSJ5;0x6214:helmet:item-animation-code:J6:WQSJ6;0x6214:helmet:item-animation-code:J7:WQSJ7;0x6214:helmet:item-animation-code:J8:WQSJ8;0x6214:helmet:item-animation-code:J9:WQSJ9;0x6214:helmet:item-animation-code:JA:WQSJA;0x6214:helmet:item-animation-code:JB:WQSJB;0x6214:helmet:item-animation-code:JC:WQSJC;0x6214:helmet:item-animation-code:YW:WQSYW;0x6214:helmet:item-animation-code:ZW:WQSZW;0x6214:shield:item-animation-code:C0:WQHC0;0x6214:shield:item-animation-code:C1:WQHC1;0x6214:shield:item-animation-code:C2:WQHC2;0x6214:shield:item-animation-code:C3:WQHC3;0x6214:shield:item-animation-code:C4:WQHC4;0x6214:shield:item-animation-code:C5:WQHC5;0x6214:shield:item-animation-code:C6:WQHC6;0x6214:shield:item-animation-code:C7:WQHC7;0x6214:shield:item-animation-code:D1:WQHD1;0x6214:shield:item-animation-code:D2:WQHD2;0x6214:shield:item-animation-code:D3:WQHD3;0x6214:shield:item-animation-code:D4:WQHD4;0x6214:weapon:item-animation-code:AX:WQSAX;0x6214:weapon:item-animation-code:BS:WQSBS;0x6214:weapon:item-animation-code:BW:WQSBW;0x6214:weapon:item-animation-code:CB:WQSCB;0x6214:weapon:item-animation-code:CL:WQSCL;0x6214:weapon:item-animation-code:DD:WQSDD;0x6214:weapon:item-animation-code:F0:WQSF0;0x6214:weapon:item-animation-code:F1:WQSF1;0x6214:weapon:item-animation-code:F2:WQSF2;0x6214:weapon:item-animation-code:F3:WQSF3;0x6214:weapon:item-animation-code:FL:WQSFL;0x6214:weapon:item-animation-code:FS:WQSFS;0x6214:weapon:item-animation-code:GS:WQSGS;0x6214:weapon:item-animation-code:H6:WQSH6;0x6214:weapon:item-animation-code:HB:WQSHB;0x6214:weapon:item-animation-code:M2:WQSM2;0x6214:weapon:item-animation-code:MC:WQSMC;0x6214:weapon:item-animation-code:MS:WQSMS;0x6214:weapon:item-animation-code:Q2:WQSQ2;0x6214:weapon:item-animation-code:Q3:WQSQ3;0x6214:weapon:item-animation-code:Q4:WQSQ4;0x6214:weapon:item-animation-code:QS:WQSQS;0x6214:weapon:item-animation-code:S0:WQSS0;0x6214:weapon:item-animation-code:S1:WQSS1;0x6214:weapon:item-animation-code:S2:WQSS2;0x6214:weapon:item-animation-code:S3:WQSS3;0x6214:weapon:item-animation-code:SC:WQSSC;0x6214:weapon:item-animation-code:SL:WQSSL;0x6214:weapon:item-animation-code:SP:WQSSP;0x6214:weapon:item-animation-code:SS:WQSSS;0x6214:weapon:item-animation-code:WH:WQSWH,CDFW1A1;CDFW1A2;CDFW1A3;CDFW1A4;CDFW1A5;CDFW1A6;CDFW1A7;CDFW1A8;CDFW1A9;CDFW1CA;CDFW1G1;CDFW1G11;CDFW1G12;CDFW1G13;CDFW1G14;CDFW1G15;CDFW1G16;CDFW1G17;CDFW1G18;CDFW1G19;CDFW1SA;CDFW1SS;CDFW1SX;CDFW2A1;CDFW2A2;CDFW2A3;CDFW2A4;CDFW2A5;CDFW2A6;CDFW2A7;CDFW2A8;CDFW2A9;CDFW2CA;CDFW2G1;CDFW2G11;CDFW2G12;CDFW2G13;CDFW2G14;CDFW2G15;CDFW2G16;CDFW2G17;CDFW2G18;CDFW2G19;CDFW2SA;CDFW2SS;CDFW2SX;CDFW3A1;CDFW3A2;CDFW3A3;CDFW3A4;CDFW3A5;CDFW3A6;CDFW3A7;CDFW3A8;CDFW3A9;CDFW3CA;CDFW3G1;CDFW3G11;CDFW3G12;CDFW3G13;CDFW3G14;CDFW3G15;CDFW3G16;CDFW3G17;CDFW3G18;CDFW3G19;CDFW3SA;CDFW3SS;CDFW3SX;CDFW4A1;CDFW4A2;CDFW4A3;CDFW4A4;CDFW4A5;CDFW4A6;CDFW4A7;CDFW4A8;CDFW4A9;CDFW4CA;CDFW4G1;CDFW4G11;CDFW4G12;CDFW4G13;CDFW4G14;CDFW4G15;CDFW4G16;CDFW4G17;CDFW4G18;CDFW4G19;CDFW4SA;CDFW4SS;CDFW4SX;WQSAXA1;WQSAXA3;WQSAXA5;WQSAXA7;WQSAXA8;WQSAXA9;WQSAXG1;WQSAXOA7;WQSAXOA8;WQSAXOA9;WQSAXOG1;WQSBSG1;WQSBSSA;WQSBWG1;WQSBWSA;WQSCBG1;WQSCBSX;WQSCLA1;WQSCLA3;WQSCLA5;WQSCLA7;WQSCLA8;WQSCLA9;WQSCLG1;WQSCLOA7;WQSCLOA8;WQSCLOA9;WQSCLOG1;WQSDDA1;WQSDDA3;WQSDDA5;WQSDDA7;WQSDDA8;WQSDDA9;WQSDDG1;WQSDDOA7;WQSDDOA8;WQSDDOA9;WQSDDOG1;WQSF0A1;WQSF0A3;WQSF0A5;WQSF0A7;WQSF0A8;WQSF0A9;WQSF0G1;WQSF0OA7;WQSF0OA8;WQSF0OA9;WQSF0OG1;WQSF1A1;WQSF1A3;WQSF1A5;WQSF1A7;WQSF1A8;WQSF1A9;WQSF1G1;WQSF1OA7;WQSF1OA8;WQSF1OA9;WQSF1OG1;WQSF2A1;WQSF2A3;WQSF2A5;WQSF2A7;WQSF2A8;WQSF2A9;WQSF2G1;WQSF2OA7;WQSF2OA8;WQSF2OA9;WQSF2OG1;WQSF3A1;WQSF3A3;WQSF3A5;WQSF3A7;WQSF3A8;WQSF3A9;WQSF3G1;WQSF3OA7;WQSF3OA8;WQSF3OA9;WQSF3OG1;WQSFLA1;WQSFLA3;WQSFLA5;WQSFLA7;WQSFLA8;WQSFLA9;WQSFLG1;WQSFLOA7;WQSFLOA8;WQSFLOA9;WQSFLOG1;WQSFSA1;WQSFSA3;WQSFSA5;WQSFSA7;WQSFSA8;WQSFSA9;WQSFSG1;WQSFSOA7;WQSFSOA8;WQSFSOA9;WQSFSOG1;WQSGSA2;WQSGSA4;WQSGSA6;WQSGSG1;WQSH0A1;WQSH0A2;WQSH0A3;WQSH0A4;WQSH0A5;WQSH0A6;WQSH0A7;WQSH0A8;WQSH0A9;WQSH0CA;WQSH0G1;WQSH0SA;WQSH0SS;WQSH0SX;WQSH1A1;WQSH1A2;WQSH1A3;WQSH1A4;WQSH1A5;WQSH1A6;WQSH1A7;WQSH1A8;WQSH1A9;WQSH1CA;WQSH1G1;WQSH1SA;WQSH1SS;WQSH1SX;WQSH2A1;WQSH2A2;WQSH2A3;WQSH2A4;WQSH2A5;WQSH2A6;WQSH2A7;WQSH2A8;WQSH2A9;WQSH2CA;WQSH2G1;WQSH2SA;WQSH2SS;WQSH2SX;WQSH5A1;WQSH5A2;WQSH5A3;WQSH5A4;WQSH5A5;WQSH5A6;WQSH5A7;WQSH5A8;WQSH5A9;WQSH5CA;WQSH5G1;WQSH5SA;WQSH5SS;WQSH5SX;WQSH6A1;WQSH6A2;WQSH6A3;WQSH6A4;WQSH6A5;WQSH6A6;WQSH6A7;WQSH6A8;WQSH6A9;WQSH6CA;WQSH6G1;WQSH6SA;WQSH6SS;WQSH6SX;WQSHBA2;WQSHBA4;WQSHBA6;WQSHBG1;WQSJ0A1;WQSJ0A2;WQSJ0A3;WQSJ0A4;WQSJ0A5;WQSJ0A6;WQSJ0A7;WQSJ0A8;WQSJ0A9;WQSJ0CA;WQSJ0G1;WQSJ0SA;WQSJ0SS;WQSJ0SX;WQSJ1A1;WQSJ1A2;WQSJ1A3;WQSJ1A4;WQSJ1A5;WQSJ1A6;WQSJ1A7;WQSJ1A8;WQSJ1A9;WQSJ1CA;WQSJ1G1;WQSJ1SA;WQSJ1SS;WQSJ1SX;WQSJ2A1;WQSJ2A2;WQSJ2A3;WQSJ2A4;WQSJ2A5;WQSJ2A6;WQSJ2A7;WQSJ2A8;WQSJ2A9;WQSJ2CA;WQSJ2G1;WQSJ2SA;WQSJ2SS;WQSJ2SX;WQSJ3A1;WQSJ3A2;WQSJ3A3;WQSJ3A4;WQSJ3A5;WQSJ3A6;WQSJ3A7;WQSJ3A8;WQSJ3A9;WQSJ3CA;WQSJ3G1;WQSJ3SA;WQSJ3SS;WQSJ3SX;WQSJ4A1;WQSJ4A2;WQSJ4A3;WQSJ4A4;WQSJ4A5;WQSJ4A6;WQSJ4A7;WQSJ4A8;WQSJ4A9;WQSJ4CA;WQSJ4G1;WQSJ4SA;WQSJ4SS;WQSJ4SX;WQSJ5A1;WQSJ5A2;WQSJ5A3;WQSJ5A4;WQSJ5A5;WQSJ5A6;WQSJ5A7;WQSJ5A8;WQSJ5A9;WQSJ5CA;WQSJ5G1;WQSJ5SA;WQSJ5SS;WQSJ5SX;WQSJ6A1;WQSJ6A2;WQSJ6A3;WQSJ6A4;WQSJ6A5;WQSJ6A6;WQSJ6A7;WQSJ6A8;WQSJ6A9;WQSJ6CA;WQSJ6G1;WQSJ6SA;WQSJ6SS;WQSJ6SX;WQSJ7A1;WQSJ7A2;WQSJ7A3;WQSJ7A4;WQSJ7A5;WQSJ7A6;WQSJ7A7;WQSJ7A8;WQSJ7A9;WQSJ7CA;WQSJ7G1;WQSJ7SA;WQSJ7SS;WQSJ7SX;WQSJ8A1;WQSJ8A2;WQSJ8A3;WQSJ8A4;WQSJ8A5;WQSJ8A6;WQSJ8A7;WQSJ8A8;WQSJ8A9;WQSJ8CA;WQSJ8G1;WQSJ8SA;WQSJ8SS;WQSJ8SX;WQSJ9A1;WQSJ9A2;WQSJ9A3;WQSJ9A4;WQSJ9A5;WQSJ9A6;WQSJ9A7;WQSJ9A8;WQSJ9A9;WQSJ9CA;WQSJ9G1;WQSJ9SA;WQSJ9SS;WQSJ9SX;WQSJAA1;WQSJAA2;WQSJAA3;WQSJAA4;WQSJAA5;WQSJAA6;WQSJAA7;WQSJAA8;WQSJAA9;WQSJACA;WQSJAG1;WQSJASA;WQSJASS;WQSJASX;WQSJBA1;WQSJBA2;WQSJBA3;WQSJBA4;WQSJBA5;WQSJBA6;WQSJBA7;WQSJBA8;WQSJBA9;WQSJBCA;WQSJBG1;WQSJBSA;WQSJBSS;WQSJBSX;WQSJCA1;WQSJCA2;WQSJCA3;WQSJCA4;WQSJCA5;WQSJCA6;WQSJCA7;WQSJCA8;WQSJCA9;WQSJCCA;WQSJCG1;WQSJCSA;WQSJCSS;WQSJCSX;WQSM2A1;WQSM2A3;WQSM2A5;WQSM2A7;WQSM2A8;WQSM2A9;WQSM2G1;WQSM2OA7;WQSM2OA8;WQSM2OA9;WQSM2OG1;WQSMCA1;WQSMCA3;WQSMCA5;WQSMCA7;WQSMCA8;WQSMCA9;WQSMCG1;WQSMCOA7;WQSMCOA8;WQSMCOA9;WQSMCOG1;WQSMSA1;WQSMSA3;WQSMSA5;WQSMSA7;WQSMSA8;WQSMSA9;WQSMSG1;WQSMSOA7;WQSMSOA8;WQSMSOA9;WQSMSOG1;WQSQ2A2;WQSQ2A4;WQSQ2A6;WQSQ2G1;WQSQ3A2;WQSQ3A4;WQSQ3A6;WQSQ3G1;WQSQ4A2;WQSQ4A4;WQSQ4A6;WQSQ4G1;WQSQSA2;WQSQSA4;WQSQSA6;WQSQSG1;WQSS0A1;WQSS0A3;WQSS0A5;WQSS0A7;WQSS0A8;WQSS0A9;WQSS0G1;WQSS0OA7;WQSS0OA8;WQSS0OA9;WQSS0OG1;WQSS1A1;WQSS1A3;WQSS1A5;WQSS1A7;WQSS1A8;WQSS1A9;WQSS1G1;WQSS1OA7;WQSS1OA8;WQSS1OA9;WQSS1OG1;WQSS2A2;WQSS2A4;WQSS2A6;WQSS2G1;WQSS3A1;WQSS3A3;WQSS3A5;WQSS3A7;WQSS3A8;WQSS3A9;WQSS3G1;WQSS3OA7;WQSS3OA8;WQSS3OA9;WQSS3OG1;WQSSCA1;WQSSCA3;WQSSCA5;WQSSCA7;WQSSCA8;WQSSCA9;WQSSCG1;WQSSCOA7;WQSSCOA8;WQSSCOA9;WQSSCOG1;WQSSLG1;WQSSLSS;WQSSPA2;WQSSPA4;WQSSPA6;WQSSPG1;WQSSSA1;WQSSSA3;WQSSSA5;WQSSSA7;WQSSSA8;WQSSSA9;WQSSSG1;WQSSSOA7;WQSSSOA8;WQSSSOA9;WQSSSOG1;WQSWHA1;WQSWHA3;WQSWHA5;WQSWHA7;WQSWHA8;WQSWHA9;WQSWHG1;WQSWHOA7;WQSWHOA8;WQSWHOA9;WQSWHOG1;WQSZWA1;WQSZWA2;WQSZWA3;WQSZWA4;WQSZWA5;WQSZWA6;WQSZWA7;WQSZWA8;WQSZWA9;WQSZWCA;WQSZWG1;WQSZWSA;WQSZWSS;WQSZWSX,q3m-reference-available,docs/measurements/playable-q3m-x2-ingame-20261002-v1/current-generation.json,no-colour-variant-reference,80188,80117,,sprite/index/palette-work-plan.json,80188
0x6215,MAGE_FEMALE_HALFORC,character,6000,1,1,CHFW,66,65,656,178359,0x6215:body:armor-code:1:CHFW1;0x6215:body:armor-code:2:CHFW2;0x6215:body:armor-code:3:CHFW3;0x6215:body:armor-code:4:CHFW4;0x6215:helmet:item-animation-code:H0:WQNH0;0x6215:helmet:item-animation-code:H1:WQNH1;0x6215:helmet:item-animation-code:H2:WQNH2;0x6215:helmet:item-animation-code:H5:WQNH5;0x6215:helmet:item-animation-code:J0:WQNJ0;0x6215:helmet:item-animation-code:J1:WQNJ1;0x6215:helmet:item-animation-code:J2:WQNJ2;0x6215:helmet:item-animation-code:J3:WQNJ3;0x6215:helmet:item-animation-code:J4:WQNJ4;0x6215:helmet:item-animation-code:J5:WQNJ5;0x6215:helmet:item-animation-code:J6:WQNJ6;0x6215:helmet:item-animation-code:J7:WQNJ7;0x6215:helmet:item-animation-code:J8:WQNJ8;0x6215:helmet:item-animation-code:J9:WQNJ9;0x6215:helmet:item-animation-code:JA:WQNJA;0x6215:helmet:item-animation-code:JB:WQNJB;0x6215:helmet:item-animation-code:JC:WQNJC;0x6215:helmet:item-animation-code:YW:WQNYW;0x6215:helmet:item-animation-code:ZW:WQNZW;0x6215:shield:item-animation-code:C0:WQNC0;0x6215:shield:item-animation-code:C1:WQNC1;0x6215:shield:item-animation-code:C2:WQNC2;0x6215:shield:item-animation-code:C3:WQNC3;0x6215:shield:item-animation-code:C4:WQNC4;0x6215:shield:item-animation-code:C5:WQNC5;0x6215:shield:item-animation-code:C6:WQNC6;0x6215:shield:item-animation-code:C7:WQNC7;0x6215:shield:item-animation-code:D1:WQND1;0x6215:shield:item-animation-code:D2:WQND2;0x6215:shield:item-animation-code:D3:WQND3;0x6215:shield:item-animation-code:D4:WQND4;0x6215:weapon:item-animation-code:AX:WQNAX;0x6215:weapon:item-animation-code:BS:WQNBS;0x6215:weapon:item-animation-code:BW:WQNBW;0x6215:weapon:item-animation-code:CB:WQNCB;0x6215:weapon:item-animation-code:CL:WQNCL;0x6215:weapon:item-animation-code:DD:WQNDD;0x6215:weapon:item-animation-code:F0:WQNF0;0x6215:weapon:item-animation-code:F1:WQNF1;0x6215:weapon:item-animation-code:F2:WQNF2;0x6215:weapon:item-animation-code:F3:WQNF3;0x6215:weapon:item-animation-code:FL:WQNFL;0x6215:weapon:item-animation-code:FS:WQNFS;0x6215:weapon:item-animation-code:GS:WQNGS;0x6215:weapon:item-animation-code:H6:WQNH6;0x6215:weapon:item-animation-code:HB:WQNHB;0x6215:weapon:item-animation-code:M2:WQNM2;0x6215:weapon:item-animation-code:MC:WQNMC;0x6215:weapon:item-animation-code:MS:WQNMS;0x6215:weapon:item-animation-code:Q2:WQNQ2;0x6215:weapon:item-animation-code:Q3:WQNQ3;0x6215:weapon:item-animation-code:Q4:WQNQ4;0x6215:weapon:item-animation-code:QS:WQNQS;0x6215:weapon:item-animation-code:S0:WQNS0;0x6215:weapon:item-animation-code:S1:WQNS1;0x6215:weapon:item-animation-code:S2:WQNS2;0x6215:weapon:item-animation-code:S3:WQNS3;0x6215:weapon:item-animation-code:SC:WQNSC;0x6215:weapon:item-animation-code:SL:WQNSL;0x6215:weapon:item-animation-code:SP:WQNSP;0x6215:weapon:item-animation-code:SS:WQNSS;0x6215:weapon:item-animation-code:WH:WQNWH,CHFW1A1;CHFW1A2;CHFW1A3;CHFW1A4;CHFW1A5;CHFW1A6;CHFW1A7;CHFW1A8;CHFW1A9;CHFW1CA;CHFW1G1;CHFW1G11;CHFW1G12;CHFW1G13;CHFW1G14;CHFW1G15;CHFW1G16;CHFW1G17;CHFW1G18;CHFW1G19;CHFW1SA;CHFW1SS;CHFW1SX;CHFW2A1;CHFW2A2;CHFW2A3;CHFW2A4;CHFW2A5;CHFW2A6;CHFW2A7;CHFW2A8;CHFW2A9;CHFW2CA;CHFW2G1;CHFW2G11;CHFW2G12;CHFW2G13;CHFW2G14;CHFW2G15;CHFW2G16;CHFW2G17;CHFW2G18;CHFW2G19;CHFW2SA;CHFW2SS;CHFW2SX;CHFW3A1;CHFW3A2;CHFW3A3;CHFW3A4;CHFW3A5;CHFW3A6;CHFW3A7;CHFW3A8;CHFW3A9;CHFW3CA;CHFW3G1;CHFW3G11;CHFW3G12;CHFW3G13;CHFW3G14;CHFW3G15;CHFW3G16;CHFW3G17;CHFW3G18;CHFW3G19;CHFW3SA;CHFW3SS;CHFW3SX;CHFW4A1;CHFW4A2;CHFW4A3;CHFW4A4;CHFW4A5;CHFW4A6;CHFW4A7;CHFW4A8;CHFW4A9;CHFW4CA;CHFW4G1;CHFW4G11;CHFW4G12;CHFW4G13;CHFW4G14;CHFW4G15;CHFW4G16;CHFW4G17;CHFW4G18;CHFW4G19;CHFW4SA;CHFW4SS;CHFW4SX;WQNAXA1;WQNAXA3;WQNAXA5;WQNAXA7;WQNAXA8;WQNAXA9;WQNAXG1;WQNAXOA7;WQNAXOA8;WQNAXOA9;WQNAXOG1;WQNBSG1;WQNBSSA;WQNBWG1;WQNBWSA;WQNC0A1;WQNC0A3;WQNC0A5;WQNC0G1;WQNC0SS;WQNC1A1;WQNC1A3;WQNC1A5;WQNC1G1;WQNC1SS;WQNC2A1;WQNC2A3;WQNC2A5;WQNC2G1;WQNC2SS;WQNC3A1;WQNC3A3;WQNC3A5;WQNC3G1;WQNC3SS;WQNC4A1;WQNC4A3;WQNC4A5;WQNC4G1;WQNC4SS;WQNC5A1;WQNC5A3;WQNC5A5;WQNC5G1;WQNC5SS;WQNC6A1;WQNC6A3;WQNC6A5;WQNC6G1;WQNC6SS;WQNC7A1;WQNC7A3;WQNC7A5;WQNC7G1;WQNC7SS;WQNCBG1;WQNCBSX;WQNCLA1;WQNCLA3;WQNCLA5;WQNCLA7;WQNCLA8;WQNCLA9;WQNCLG1;WQNCLOA7;WQNCLOA8;WQNCLOA9;WQNCLOG1;WQND1A1;WQND1A3;WQND1A5;WQND1G1;WQND1SS;WQND2A1;WQND2A3;WQND2A5;WQND2G1;WQND2SS;WQND3A1;WQND3A3;WQND3A5;WQND3G1;WQND3SS;WQND4A1;WQND4A3;WQND4A5;WQND4G1;WQND4SS;WQNDDA1;WQNDDA3;WQNDDA5;WQNDDA7;WQNDDA8;WQNDDA9;WQNDDG1;WQNDDOA7;WQNDDOA8;WQNDDOA9;WQNDDOG1;WQNF0A1;WQNF0A3;WQNF0A5;WQNF0A7;WQNF0A8;WQNF0A9;WQNF0G1;WQNF0OA7;WQNF0OA8;WQNF0OA9;WQNF0OG1;WQNF1A1;WQNF1A3;WQNF1A5;WQNF1A7;WQNF1A8;WQNF1A9;WQNF1G1;WQNF1OA7;WQNF1OA8;WQNF1OA9;WQNF1OG1;WQNF2A1;WQNF2A3;WQNF2A5;WQNF2A7;WQNF2A8;WQNF2A9;WQNF2G1;WQNF2OA7;WQNF2OA8;WQNF2OA9;WQNF2OG1;WQNF3A1;WQNF3A3;WQNF3A5;WQNF3A7;WQNF3A8;WQNF3A9;WQNF3G1;WQNF3OA7;WQNF3OA8;WQNF3OA9;WQNF3OG1;WQNFLA1;WQNFLA3;WQNFLA5;WQNFLA7;WQNFLA8;WQNFLA9;WQNFLG1;WQNFLOA7;WQNFLOA8;WQNFLOA9;WQNFLOG1;WQNFSA1;WQNFSA3;WQNFSA5;WQNFSA7;WQNFSA8;WQNFSA9;WQNFSG1;WQNFSOA7;WQNFSOA8;WQNFSOA9;WQNFSOG1;WQNGSA2;WQNGSA4;WQNGSA6;WQNGSG1;WQNH0A1;WQNH0A2;WQNH0A3;WQNH0A4;WQNH0A5;WQNH0A6;WQNH0A7;WQNH0A8;WQNH0A9;WQNH0CA;WQNH0G1;WQNH0SA;WQNH0SS;WQNH0SX;WQNH1A1;WQNH1A2;WQNH1A3;WQNH1A4;WQNH1A5;WQNH1A6;WQNH1A7;WQNH1A8;WQNH1A9;WQNH1CA;WQNH1G1;WQNH1SA;WQNH1SS;WQNH1SX;WQNH2A1;WQNH2A2;WQNH2A3;WQNH2A4;WQNH2A5;WQNH2A6;WQNH2A7;WQNH2A8;WQNH2A9;WQNH2CA;WQNH2G1;WQNH2SA;WQNH2SS;WQNH2SX;WQNH5A1;WQNH5A2;WQNH5A3;WQNH5A4;WQNH5A5;WQNH5A6;WQNH5A7;WQNH5A8;WQNH5A9;WQNH5CA;WQNH5G1;WQNH5SA;WQNH5SS;WQNH5SX;WQNH6A1;WQNH6A2;WQNH6A3;WQNH6A4;WQNH6A5;WQNH6A6;WQNH6A7;WQNH6A8;WQNH6A9;WQNH6CA;WQNH6G1;WQNH6SA;WQNH6SS;WQNH6SX;WQNHBA2;WQNHBA4;WQNHBA6;WQNHBG1;WQNJ0A1;WQNJ0A2;WQNJ0A3;WQNJ0A4;WQNJ0A5;WQNJ0A6;WQNJ0A7;WQNJ0A8;WQNJ0A9;WQNJ0CA;WQNJ0G1;WQNJ0SA;WQNJ0SS;WQNJ0SX;WQNJ1A1;WQNJ1A2;WQNJ1A3;WQNJ1A4;WQNJ1A5;WQNJ1A6;WQNJ1A7;WQNJ1A8;WQNJ1A9;WQNJ1CA;WQNJ1G1;WQNJ1SA;WQNJ1SS;WQNJ1SX;WQNJ2A1;WQNJ2A2;WQNJ2A3;WQNJ2A4;WQNJ2A5;WQNJ2A6;WQNJ2A7;WQNJ2A8;WQNJ2A9;WQNJ2CA;WQNJ2G1;WQNJ2SA;WQNJ2SS;WQNJ2SX;WQNJ3A1;WQNJ3A2;WQNJ3A3;WQNJ3A4;WQNJ3A5;WQNJ3A6;WQNJ3A7;WQNJ3A8;WQNJ3A9;WQNJ3CA;WQNJ3G1;WQNJ3SA;WQNJ3SS;WQNJ3SX;WQNJ4A1;WQNJ4A2;WQNJ4A3;WQNJ4A4;WQNJ4A5;WQNJ4A6;WQNJ4A7;WQNJ4A8;WQNJ4A9;WQNJ4CA;WQNJ4G1;WQNJ4SA;WQNJ4SS;WQNJ4SX;WQNJ5A1;WQNJ5A2;WQNJ5A3;WQNJ5A4;WQNJ5A5;WQNJ5A6;WQNJ5A7;WQNJ5A8;WQNJ5A9;WQNJ5CA;WQNJ5G1;WQNJ5SA;WQNJ5SS;WQNJ5SX;WQNJ6A1;WQNJ6A2;WQNJ6A3;WQNJ6A4;WQNJ6A5;WQNJ6A6;WQNJ6A7;WQNJ6A8;WQNJ6A9;WQNJ6CA;WQNJ6G1;WQNJ6SA;WQNJ6SS;WQNJ6SX;WQNJ7A1;WQNJ7A2;WQNJ7A3;WQNJ7A4;WQNJ7A5;WQNJ7A6;WQNJ7A7;WQNJ7A8;WQNJ7A9;WQNJ7CA;WQNJ7G1;WQNJ7SA;WQNJ7SS;WQNJ7SX;WQNJ8A1;WQNJ8A2;WQNJ8A3;WQNJ8A4;WQNJ8A5;WQNJ8A6;WQNJ8A7;WQNJ8A8;WQNJ8A9;WQNJ8CA;WQNJ8G1;WQNJ8SA;WQNJ8SS;WQNJ8SX;WQNJ9A1;WQNJ9A2;WQNJ9A3;WQNJ9A4;WQNJ9A5;WQNJ9A6;WQNJ9A7;WQNJ9A8;WQNJ9A9;WQNJ9CA;WQNJ9G1;WQNJ9SA;WQNJ9SS;WQNJ9SX;WQNJAA1;WQNJAA2;WQNJAA3;WQNJAA4;WQNJAA5;WQNJAA6;WQNJAA7;WQNJAA8;WQNJAA9;WQNJACA;WQNJAG1;WQNJASA;WQNJASS;WQNJASX;WQNJBA1;WQNJBA2;WQNJBA3;WQNJBA4;WQNJBA5;WQNJBA6;WQNJBA7;WQNJBA8;WQNJBA9;WQNJBCA;WQNJBG1;WQNJBSA;WQNJBSS;WQNJBSX;WQNJCA1;WQNJCA2;WQNJCA3;WQNJCA4;WQNJCA5;WQNJCA6;WQNJCA7;WQNJCA8;WQNJCA9;WQNJCCA;WQNJCG1;WQNJCSA;WQNJCSS;WQNJCSX;WQNM2A1;WQNM2A3;WQNM2A5;WQNM2A7;WQNM2A8;WQNM2A9;WQNM2G1;WQNM2OA7;WQNM2OA8;WQNM2OA9;WQNM2OG1;WQNMCA1;WQNMCA3;WQNMCA5;WQNMCA7;WQNMCA8;WQNMCA9;WQNMCG1;WQNMCOA7;WQNMCOA8;WQNMCOA9;WQNMCOG1;WQNMSA1;WQNMSA3;WQNMSA5;WQNMSA7;WQNMSA8;WQNMSA9;WQNMSG1;WQNMSOA7;WQNMSOA8;WQNMSOA9;WQNMSOG1;WQNQ2A2;WQNQ2A4;WQNQ2A6;WQNQ2G1;WQNQ3A2;WQNQ3A4;WQNQ3A6;WQNQ3G1;WQNQ4A2;WQNQ4A4;WQNQ4A6;WQNQ4G1;WQNQSA2;WQNQSA4;WQNQSA6;WQNQSG1;WQNS0A1;WQNS0A3;WQNS0A5;WQNS0A7;WQNS0A8;WQNS0A9;WQNS0G1;WQNS0OA7;WQNS0OA8;WQNS0OA9;WQNS0OG1;WQNS1A1;WQNS1A3;WQNS1A5;WQNS1A7;WQNS1A8;WQNS1A9;WQNS1G1;WQNS1OA7;WQNS1OA8;WQNS1OA9;WQNS1OG1;WQNS2A2;WQNS2A4;WQNS2A6;WQNS2G1;WQNS3A1;WQNS3A3;WQNS3A5;WQNS3A7;WQNS3A8;WQNS3A9;WQNS3G1;WQNS3OA7;WQNS3OA8;WQNS3OA9;WQNS3OG1;WQNSCA1;WQNSCA3;WQNSCA5;WQNSCA7;WQNSCA8;WQNSCA9;WQNSCG1;WQNSCOA7;WQNSCOA8;WQNSCOA9;WQNSCOG1;WQNSLG1;WQNSLSS;WQNSPA2;WQNSPA4;WQNSPA6;WQNSPG1;WQNSSA1;WQNSSA3;WQNSSA5;WQNSSA7;WQNSSA8;WQNSSA9;WQNSSG1;WQNSSOA7;WQNSSOA8;WQNSSOA9;WQNSSOG1;WQNWHA1;WQNWHA3;WQNWHA5;WQNWHA7;WQNWHA8;WQNWHA9;WQNWHG1;WQNWHOA7;WQNWHOA8;WQNWHOA9;WQNWHOG1;WQNZWA1;WQNZWA2;WQNZWA3;WQNZWA4;WQNZWA5;WQNZWA6;WQNZWA7;WQNZWA8;WQNZWA9;WQNZWCA;WQNZWG1;WQNZWSA;WQNZWSS;WQNZWSX,q3m-reference-available,docs/measurements/playable-q3m-x2-ingame-20261002-v1/current-generation.json,no-colour-variant-reference,93643,93563,,sprite/index/palette-work-plan.json,93643
0x6300,THIEF_MALE_HUMAN,character,6000,1,1,CHMT,66,65,656,180337,0x6300:body:armor-code:1:CHMT1;0x6300:body:armor-code:2:CHMT2;0x6300:body:armor-code:3:CHMT3;0x6300:body:armor-code:4:CHMT4;0x6300:helmet:item-animation-code:H0:WQLH0;0x6300:helmet:item-animation-code:H1:WQLH1;0x6300:helmet:item-animation-code:H2:WQLH2;0x6300:helmet:item-animation-code:H5:WQLH5;0x6300:helmet:item-animation-code:J0:WQLJ0;0x6300:helmet:item-animation-code:J1:WQLJ1;0x6300:helmet:item-animation-code:J2:WQLJ2;0x6300:helmet:item-animation-code:J3:WQLJ3;0x6300:helmet:item-animation-code:J4:WQLJ4;0x6300:helmet:item-animation-code:J5:WQLJ5;0x6300:helmet:item-animation-code:J6:WQLJ6;0x6300:helmet:item-animation-code:J7:WQLJ7;0x6300:helmet:item-animation-code:J8:WQLJ8;0x6300:helmet:item-animation-code:J9:WQLJ9;0x6300:helmet:item-animation-code:JA:WQLJA;0x6300:helmet:item-animation-code:JB:WQLJB;0x6300:helmet:item-animation-code:JC:WQLJC;0x6300:helmet:item-animation-code:YW:WQLYW;0x6300:helmet:item-animation-code:ZW:WQLZW;0x6300:shield:item-animation-code:C0:WQLC0;0x6300:shield:item-animation-code:C1:WQLC1;0x6300:shield:item-animation-code:C2:WQLC2;0x6300:shield:item-animation-code:C3:WQLC3;0x6300:shield:item-animation-code:C4:WQLC4;0x6300:shield:item-animation-code:C5:WQLC5;0x6300:shield:item-animation-code:C6:WQLC6;0x6300:shield:item-animation-code:C7:WQLC7;0x6300:shield:item-animation-code:D1:WQLD1;0x6300:shield:item-animation-code:D2:WQLD2;0x6300:shield:item-animation-code:D3:WQLD3;0x6300:shield:item-animation-code:D4:WQLD4;0x6300:weapon:item-animation-code:AX:WQLAX;0x6300:weapon:item-animation-code:BS:WQLBS;0x6300:weapon:item-animation-code:BW:WQLBW;0x6300:weapon:item-animation-code:CB:WQLCB;0x6300:weapon:item-animation-code:CL:WQLCL;0x6300:weapon:item-animation-code:DD:WQLDD;0x6300:weapon:item-animation-code:F0:WQLF0;0x6300:weapon:item-animation-code:F1:WQLF1;0x6300:weapon:item-animation-code:F2:WQLF2;0x6300:weapon:item-animation-code:F3:WQLF3;0x6300:weapon:item-animation-code:FL:WQLFL;0x6300:weapon:item-animation-code:FS:WQLFS;0x6300:weapon:item-animation-code:GS:WQLGS;0x6300:weapon:item-animation-code:H6:WQLH6;0x6300:weapon:item-animation-code:HB:WQLHB;0x6300:weapon:item-animation-code:M2:WQLM2;0x6300:weapon:item-animation-code:MC:WQLMC;0x6300:weapon:item-animation-code:MS:WQLMS;0x6300:weapon:item-animation-code:Q2:WQLQ2;0x6300:weapon:item-animation-code:Q3:WQLQ3;0x6300:weapon:item-animation-code:Q4:WQLQ4;0x6300:weapon:item-animation-code:QS:WQLQS;0x6300:weapon:item-animation-code:S0:WQLS0;0x6300:weapon:item-animation-code:S1:WQLS1;0x6300:weapon:item-animation-code:S2:WQLS2;0x6300:weapon:item-animation-code:S3:WQLS3;0x6300:weapon:item-animation-code:SC:WQLSC;0x6300:weapon:item-animation-code:SL:WQLSL;0x6300:weapon:item-animation-code:SP:WQLSP;0x6300:weapon:item-animation-code:SS:WQLSS;0x6300:weapon:item-animation-code:WH:WQLWH,CHMT1A1;CHMT1A2;CHMT1A3;CHMT1A4;CHMT1A5;CHMT1A6;CHMT1A7;CHMT1A8;CHMT1A9;CHMT1CA;CHMT1G1;CHMT1G11;CHMT1G12;CHMT1G13;CHMT1G14;CHMT1G15;CHMT1G16;CHMT1G17;CHMT1G18;CHMT1G19;CHMT1SA;CHMT1SS;CHMT1SX;CHMT2A1;CHMT2A2;CHMT2A3;CHMT2A4;CHMT2A5;CHMT2A6;CHMT2A7;CHMT2A8;CHMT2A9;CHMT2CA;CHMT2G1;CHMT2G11;CHMT2G12;CHMT2G13;CHMT2G14;CHMT2G15;CHMT2G16;CHMT2G17;CHMT2G18;CHMT2G19;CHMT2SA;CHMT2SS;CHMT2SX;CHMT3A1;CHMT3A2;CHMT3A3;CHMT3A4;CHMT3A5;CHMT3A6;CHMT3A7;CHMT3A8;CHMT3A9;CHMT3CA;CHMT3G1;CHMT3G11;CHMT3G12;CHMT3G13;CHMT3G14;CHMT3G15;CHMT3G16;CHMT3G17;CHMT3G18;CHMT3G19;CHMT3SA;CHMT3SS;CHMT3SX;CHMT4A1;CHMT4A2;CHMT4A3;CHMT4A4;CHMT4A5;CHMT4A6;CHMT4A7;CHMT4A8;CHMT4A9;CHMT4CA;CHMT4G1;CHMT4G11;CHMT4G12;CHMT4G13;CHMT4G14;CHMT4G15;CHMT4G16;CHMT4G17;CHMT4G18;CHMT4G19;CHMT4SA;CHMT4SS;CHMT4SX;WQLAXA1;WQLAXA3;WQLAXA5;WQLAXA7;WQLAXA8;WQLAXA9;WQLAXG1;WQLAXOA7;WQLAXOA8;WQLAXOA9;WQLAXOG1;WQLBSG1;WQLBSSA;WQLBWG1;WQLBWSA;WQLC0A1;WQLC0A3;WQLC0A5;WQLC0G1;WQLC0SS;WQLC1A1;WQLC1A3;WQLC1A5;WQLC1G1;WQLC1SS;WQLC2A1;WQLC2A3;WQLC2A5;WQLC2G1;WQLC2SS;WQLC3A1;WQLC3A3;WQLC3A5;WQLC3G1;WQLC3SS;WQLC4A1;WQLC4A3;WQLC4A5;WQLC4G1;WQLC4SS;WQLC5A1;WQLC5A3;WQLC5A5;WQLC5G1;WQLC5SS;WQLC6A1;WQLC6A3;WQLC6A5;WQLC6G1;WQLC6SS;WQLC7A1;WQLC7A3;WQLC7A5;WQLC7G1;WQLC7SS;WQLCBG1;WQLCBSX;WQLCLA1;WQLCLA3;WQLCLA5;WQLCLA7;WQLCLA8;WQLCLA9;WQLCLG1;WQLCLOA7;WQLCLOA8;WQLCLOA9;WQLCLOG1;WQLD1A1;WQLD1A3;WQLD1A5;WQLD1G1;WQLD1SS;WQLD2A1;WQLD2A3;WQLD2A5;WQLD2G1;WQLD2SS;WQLD3A1;WQLD3A3;WQLD3A5;WQLD3G1;WQLD3SS;WQLD4A1;WQLD4A3;WQLD4A5;WQLD4G1;WQLD4SS;WQLDDA1;WQLDDA3;WQLDDA5;WQLDDA7;WQLDDA8;WQLDDA9;WQLDDG1;WQLDDOA7;WQLDDOA8;WQLDDOA9;WQLDDOG1;WQLF0A1;WQLF0A3;WQLF0A5;WQLF0A7;WQLF0A8;WQLF0A9;WQLF0G1;WQLF0OA7;WQLF0OA8;WQLF0OA9;WQLF0OG1;WQLF1A1;WQLF1A3;WQLF1A5;WQLF1A7;WQLF1A8;WQLF1A9;WQLF1G1;WQLF1OA7;WQLF1OA8;WQLF1OA9;WQLF1OG1;WQLF2A1;WQLF2A3;WQLF2A5;WQLF2A7;WQLF2A8;WQLF2A9;WQLF2G1;WQLF2OA7;WQLF2OA8;WQLF2OA9;WQLF2OG1;WQLF3A1;WQLF3A3;WQLF3A5;WQLF3A7;WQLF3A8;WQLF3A9;WQLF3G1;WQLF3OA7;WQLF3OA8;WQLF3OA9;WQLF3OG1;WQLFLA1;WQLFLA3;WQLFLA5;WQLFLA7;WQLFLA8;WQLFLA9;WQLFLG1;WQLFLOA7;WQLFLOA8;WQLFLOA9;WQLFLOG1;WQLFSA1;WQLFSA3;WQLFSA5;WQLFSA7;WQLFSA8;WQLFSA9;WQLFSG1;WQLFSOA7;WQLFSOA8;WQLFSOA9;WQLFSOG1;WQLGSA2;WQLGSA4;WQLGSA6;WQLGSG1;WQLH0A1;WQLH0A2;WQLH0A3;WQLH0A4;WQLH0A5;WQLH0A6;WQLH0A7;WQLH0A8;WQLH0A9;WQLH0CA;WQLH0G1;WQLH0SA;WQLH0SS;WQLH0SX;WQLH1A1;WQLH1A2;WQLH1A3;WQLH1A4;WQLH1A5;WQLH1A6;WQLH1A7;WQLH1A8;WQLH1A9;WQLH1CA;WQLH1G1;WQLH1SA;WQLH1SS;WQLH1SX;WQLH2A1;WQLH2A2;WQLH2A3;WQLH2A4;WQLH2A5;WQLH2A6;WQLH2A7;WQLH2A8;WQLH2A9;WQLH2CA;WQLH2G1;WQLH2SA;WQLH2SS;WQLH2SX;WQLH5A1;WQLH5A2;WQLH5A3;WQLH5A4;WQLH5A5;WQLH5A6;WQLH5A7;WQLH5A8;WQLH5A9;WQLH5CA;WQLH5G1;WQLH5SA;WQLH5SS;WQLH5SX;WQLH6A1;WQLH6A2;WQLH6A3;WQLH6A4;WQLH6A5;WQLH6A6;WQLH6A7;WQLH6A8;WQLH6A9;WQLH6CA;WQLH6G1;WQLH6SA;WQLH6SS;WQLH6SX;WQLHBA2;WQLHBA4;WQLHBA6;WQLHBG1;WQLJ0A1;WQLJ0A2;WQLJ0A3;WQLJ0A4;WQLJ0A5;WQLJ0A6;WQLJ0A7;WQLJ0A8;WQLJ0A9;WQLJ0CA;WQLJ0G1;WQLJ0SA;WQLJ0SS;WQLJ0SX;WQLJ1A1;WQLJ1A2;WQLJ1A3;WQLJ1A4;WQLJ1A5;WQLJ1A6;WQLJ1A7;WQLJ1A8;WQLJ1A9;WQLJ1CA;WQLJ1G1;WQLJ1SA;WQLJ1SS;WQLJ1SX;WQLJ2A1;WQLJ2A2;WQLJ2A3;WQLJ2A4;WQLJ2A5;WQLJ2A6;WQLJ2A7;WQLJ2A8;WQLJ2A9;WQLJ2CA;WQLJ2G1;WQLJ2SA;WQLJ2SS;WQLJ2SX;WQLJ3A1;WQLJ3A2;WQLJ3A3;WQLJ3A4;WQLJ3A5;WQLJ3A6;WQLJ3A7;WQLJ3A8;WQLJ3A9;WQLJ3CA;WQLJ3G1;WQLJ3SA;WQLJ3SS;WQLJ3SX;WQLJ4A1;WQLJ4A2;WQLJ4A3;WQLJ4A4;WQLJ4A5;WQLJ4A6;WQLJ4A7;WQLJ4A8;WQLJ4A9;WQLJ4CA;WQLJ4G1;WQLJ4SA;WQLJ4SS;WQLJ4SX;WQLJ5A1;WQLJ5A2;WQLJ5A3;WQLJ5A4;WQLJ5A5;WQLJ5A6;WQLJ5A7;WQLJ5A8;WQLJ5A9;WQLJ5CA;WQLJ5G1;WQLJ5SA;WQLJ5SS;WQLJ5SX;WQLJ6A1;WQLJ6A2;WQLJ6A3;WQLJ6A4;WQLJ6A5;WQLJ6A6;WQLJ6A7;WQLJ6A8;WQLJ6A9;WQLJ6CA;WQLJ6G1;WQLJ6SA;WQLJ6SS;WQLJ6SX;WQLJ7A1;WQLJ7A2;WQLJ7A3;WQLJ7A4;WQLJ7A5;WQLJ7A6;WQLJ7A7;WQLJ7A8;WQLJ7A9;WQLJ7CA;WQLJ7G1;WQLJ7SA;WQLJ7SS;WQLJ7SX;WQLJ8A1;WQLJ8A2;WQLJ8A3;WQLJ8A4;WQLJ8A5;WQLJ8A6;WQLJ8A7;WQLJ8A8;WQLJ8A9;WQLJ8CA;WQLJ8G1;WQLJ8SA;WQLJ8SS;WQLJ8SX;WQLJ9A1;WQLJ9A2;WQLJ9A3;WQLJ9A4;WQLJ9A5;WQLJ9A6;WQLJ9A7;WQLJ9A8;WQLJ9A9;WQLJ9CA;WQLJ9G1;WQLJ9SA;WQLJ9SS;WQLJ9SX;WQLJAA1;WQLJAA2;WQLJAA3;WQLJAA4;WQLJAA5;WQLJAA6;WQLJAA7;WQLJAA8;WQLJAA9;WQLJACA;WQLJAG1;WQLJASA;WQLJASS;WQLJASX;WQLJBA1;WQLJBA2;WQLJBA3;WQLJBA4;WQLJBA5;WQLJBA6;WQLJBA7;WQLJBA8;WQLJBA9;WQLJBCA;WQLJBG1;WQLJBSA;WQLJBSS;WQLJBSX;WQLJCA1;WQLJCA2;WQLJCA3;WQLJCA4;WQLJCA5;WQLJCA6;WQLJCA7;WQLJCA8;WQLJCA9;WQLJCCA;WQLJCG1;WQLJCSA;WQLJCSS;WQLJCSX;WQLM2A1;WQLM2A3;WQLM2A5;WQLM2A7;WQLM2A8;WQLM2A9;WQLM2G1;WQLM2OA7;WQLM2OA8;WQLM2OA9;WQLM2OG1;WQLMCA1;WQLMCA3;WQLMCA5;WQLMCA7;WQLMCA8;WQLMCA9;WQLMCG1;WQLMCOA7;WQLMCOA8;WQLMCOA9;WQLMCOG1;WQLMSA1;WQLMSA3;WQLMSA5;WQLMSA7;WQLMSA8;WQLMSA9;WQLMSG1;WQLMSOA7;WQLMSOA8;WQLMSOA9;WQLMSOG1;WQLQ2A2;WQLQ2A4;WQLQ2A6;WQLQ2G1;WQLQ3A2;WQLQ3A4;WQLQ3A6;WQLQ3G1;WQLQ4A2;WQLQ4A4;WQLQ4A6;WQLQ4G1;WQLQSA2;WQLQSA4;WQLQSA6;WQLQSG1;WQLS0A1;WQLS0A3;WQLS0A5;WQLS0A7;WQLS0A8;WQLS0A9;WQLS0G1;WQLS0OA7;WQLS0OA8;WQLS0OA9;WQLS0OG1;WQLS1A1;WQLS1A3;WQLS1A5;WQLS1A7;WQLS1A8;WQLS1A9;WQLS1G1;WQLS1OA7;WQLS1OA8;WQLS1OA9;WQLS1OG1;WQLS2A2;WQLS2A4;WQLS2A6;WQLS2G1;WQLS3A1;WQLS3A3;WQLS3A5;WQLS3A7;WQLS3A8;WQLS3A9;WQLS3G1;WQLS3OA7;WQLS3OA8;WQLS3OA9;WQLS3OG1;WQLSCA1;WQLSCA3;WQLSCA5;WQLSCA7;WQLSCA8;WQLSCA9;WQLSCG1;WQLSCOA7;WQLSCOA8;WQLSCOA9;WQLSCOG1;WQLSLG1;WQLSLSS;WQLSPA2;WQLSPA4;WQLSPA6;WQLSPG1;WQLSSA1;WQLSSA3;WQLSSA5;WQLSSA7;WQLSSA8;WQLSSA9;WQLSSG1;WQLSSOA7;WQLSSOA8;WQLSSOA9;WQLSSOG1;WQLWHA1;WQLWHA3;WQLWHA5;WQLWHA7;WQLWHA8;WQLWHA9;WQLWHG1;WQLWHOA7;WQLWHOA8;WQLWHOA9;WQLWHOG1;WQLZWA1;WQLZWA2;WQLZWA3;WQLZWA4;WQLZWA5;WQLZWA6;WQLZWA7;WQLZWA8;WQLZWA9;WQLZWCA;WQLZWG1;WQLZWSA;WQLZWSS;WQLZWSX,q3m-reference-available,docs/measurements/playable-q3m-x2-ingame-20261002-v1/current-generation.json,no-colour-variant-reference,94945,94876,,sprite/index/palette-work-plan.json,94945
0x6301,THIEF_MALE_ELF,character,6000,1,1,CEMT,66,65,656,180494,0x6301:body:armor-code:1:CEMT1;0x6301:body:armor-code:2:CEMT2;0x6301:body:armor-code:3:CEMT3;0x6301:body:armor-code:4:CEMT4;0x6301:helmet:item-animation-code:H0:WQMH0;0x6301:helmet:item-animation-code:H1:WQMH1;0x6301:helmet:item-animation-code:H2:WQMH2;0x6301:helmet:item-animation-code:H5:WQMH5;0x6301:helmet:item-animation-code:J0:WQMJ0;0x6301:helmet:item-animation-code:J1:WQMJ1;0x6301:helmet:item-animation-code:J2:WQMJ2;0x6301:helmet:item-animation-code:J3:WQMJ3;0x6301:helmet:item-animation-code:J4:WQMJ4;0x6301:helmet:item-animation-code:J5:WQMJ5;0x6301:helmet:item-animation-code:J6:WQMJ6;0x6301:helmet:item-animation-code:J7:WQMJ7;0x6301:helmet:item-animation-code:J8:WQMJ8;0x6301:helmet:item-animation-code:J9:WQMJ9;0x6301:helmet:item-animation-code:JA:WQMJA;0x6301:helmet:item-animation-code:JB:WQMJB;0x6301:helmet:item-animation-code:JC:WQMJC;0x6301:helmet:item-animation-code:YW:WQMYW;0x6301:helmet:item-animation-code:ZW:WQMZW;0x6301:shield:item-animation-code:C0:WQMC0;0x6301:shield:item-animation-code:C1:WQMC1;0x6301:shield:item-animation-code:C2:WQMC2;0x6301:shield:item-animation-code:C3:WQMC3;0x6301:shield:item-animation-code:C4:WQMC4;0x6301:shield:item-animation-code:C5:WQMC5;0x6301:shield:item-animation-code:C6:WQMC6;0x6301:shield:item-animation-code:C7:WQMC7;0x6301:shield:item-animation-code:D1:WQMD1;0x6301:shield:item-animation-code:D2:WQMD2;0x6301:shield:item-animation-code:D3:WQMD3;0x6301:shield:item-animation-code:D4:WQMD4;0x6301:weapon:item-animation-code:AX:WQMAX;0x6301:weapon:item-animation-code:BS:WQMBS;0x6301:weapon:item-animation-code:BW:WQMBW;0x6301:weapon:item-animation-code:CB:WQMCB;0x6301:weapon:item-animation-code:CL:WQMCL;0x6301:weapon:item-animation-code:DD:WQMDD;0x6301:weapon:item-animation-code:F0:WQMF0;0x6301:weapon:item-animation-code:F1:WQMF1;0x6301:weapon:item-animation-code:F2:WQMF2;0x6301:weapon:item-animation-code:F3:WQMF3;0x6301:weapon:item-animation-code:FL:WQMFL;0x6301:weapon:item-animation-code:FS:WQMFS;0x6301:weapon:item-animation-code:GS:WQMGS;0x6301:weapon:item-animation-code:H6:WQMH6;0x6301:weapon:item-animation-code:HB:WQMHB;0x6301:weapon:item-animation-code:M2:WQMM2;0x6301:weapon:item-animation-code:MC:WQMMC;0x6301:weapon:item-animation-code:MS:WQMMS;0x6301:weapon:item-animation-code:Q2:WQMQ2;0x6301:weapon:item-animation-code:Q3:WQMQ3;0x6301:weapon:item-animation-code:Q4:WQMQ4;0x6301:weapon:item-animation-code:QS:WQMQS;0x6301:weapon:item-animation-code:S0:WQMS0;0x6301:weapon:item-animation-code:S1:WQMS1;0x6301:weapon:item-animation-code:S2:WQMS2;0x6301:weapon:item-animation-code:S3:WQMS3;0x6301:weapon:item-animation-code:SC:WQMSC;0x6301:weapon:item-animation-code:SL:WQMSL;0x6301:weapon:item-animation-code:SP:WQMSP;0x6301:weapon:item-animation-code:SS:WQMSS;0x6301:weapon:item-animation-code:WH:WQMWH,CEMT1A1;CEMT1A2;CEMT1A3;CEMT1A4;CEMT1A5;CEMT1A6;CEMT1A7;CEMT1A8;CEMT1A9;CEMT1CA;CEMT1G1;CEMT1G11;CEMT1G12;CEMT1G13;CEMT1G14;CEMT1G15;CEMT1G16;CEMT1G17;CEMT1G18;CEMT1G19;CEMT1SA;CEMT1SS;CEMT1SX;CEMT2A1;CEMT2A2;CEMT2A3;CEMT2A4;CEMT2A5;CEMT2A6;CEMT2A7;CEMT2A8;CEMT2A9;CEMT2CA;CEMT2G1;CEMT2G11;CEMT2G12;CEMT2G13;CEMT2G14;CEMT2G15;CEMT2G16;CEMT2G17;CEMT2G18;CEMT2G19;CEMT2SA;CEMT2SS;CEMT2SX;CEMT3A1;CEMT3A2;CEMT3A3;CEMT3A4;CEMT3A5;CEMT3A6;CEMT3A7;CEMT3A8;CEMT3A9;CEMT3CA;CEMT3G1;CEMT3G11;CEMT3G12;CEMT3G13;CEMT3G14;CEMT3G15;CEMT3G16;CEMT3G17;CEMT3G18;CEMT3G19;CEMT3SA;CEMT3SS;CEMT3SX;CEMT4A1;CEMT4A2;CEMT4A3;CEMT4A4;CEMT4A5;CEMT4A6;CEMT4A7;CEMT4A8;CEMT4A9;CEMT4CA;CEMT4G1;CEMT4G11;CEMT4G12;CEMT4G13;CEMT4G14;CEMT4G15;CEMT4G16;CEMT4G17;CEMT4G18;CEMT4G19;CEMT4SA;CEMT4SS;CEMT4SX;WQMAXA1;WQMAXA3;WQMAXA5;WQMAXA7;WQMAXA8;WQMAXA9;WQMAXG1;WQMAXOA7;WQMAXOA8;WQMAXOA9;WQMAXOG1;WQMBSG1;WQMBSSA;WQMBWG1;WQMBWSA;WQMC0A1;WQMC0A3;WQMC0A5;WQMC0G1;WQMC0SS;WQMC1A1;WQMC1A3;WQMC1A5;WQMC1G1;WQMC1SS;WQMC2A1;WQMC2A3;WQMC2A5;WQMC2G1;WQMC2SS;WQMC3A1;WQMC3A3;WQMC3A5;WQMC3G1;WQMC3SS;WQMC4A1;WQMC4A3;WQMC4A5;WQMC4G1;WQMC4SS;WQMC5A1;WQMC5A3;WQMC5A5;WQMC5G1;WQMC5SS;WQMC6A1;WQMC6A3;WQMC6A5;WQMC6G1;WQMC6SS;WQMC7A1;WQMC7A3;WQMC7A5;WQMC7G1;WQMC7SS;WQMCBG1;WQMCBSX;WQMCLA1;WQMCLA3;WQMCLA5;WQMCLA7;WQMCLA8;WQMCLA9;WQMCLG1;WQMCLOA7;WQMCLOA8;WQMCLOA9;WQMCLOG1;WQMD1A1;WQMD1A3;WQMD1A5;WQMD1G1;WQMD1SS;WQMD2A1;WQMD2A3;WQMD2A5;WQMD2G1;WQMD2SS;WQMD3A1;WQMD3A3;WQMD3A5;WQMD3G1;WQMD3SS;WQMD4A1;WQMD4A3;WQMD4A5;WQMD4G1;WQMD4SS;WQMDDA1;WQMDDA3;WQMDDA5;WQMDDA7;WQMDDA8;WQMDDA9;WQMDDG1;WQMDDOA7;WQMDDOA8;WQMDDOA9;WQMDDOG1;WQMF0A1;WQMF0A3;WQMF0A5;WQMF0A7;WQMF0A8;WQMF0A9;WQMF0G1;WQMF0OA7;WQMF0OA8;WQMF0OA9;WQMF0OG1;WQMF1A1;WQMF1A3;WQMF1A5;WQMF1A7;WQMF1A8;WQMF1A9;WQMF1G1;WQMF1OA7;WQMF1OA8;WQMF1OA9;WQMF1OG1;WQMF2A1;WQMF2A3;WQMF2A5;WQMF2A7;WQMF2A8;WQMF2A9;WQMF2G1;WQMF2OA7;WQMF2OA8;WQMF2OA9;WQMF2OG1;WQMF3A1;WQMF3A3;WQMF3A5;WQMF3A7;WQMF3A8;WQMF3A9;WQMF3G1;WQMF3OA7;WQMF3OA8;WQMF3OA9;WQMF3OG1;WQMFLA1;WQMFLA3;WQMFLA5;WQMFLA7;WQMFLA8;WQMFLA9;WQMFLG1;WQMFLOA7;WQMFLOA8;WQMFLOA9;WQMFLOG1;WQMFSA1;WQMFSA3;WQMFSA5;WQMFSA7;WQMFSA8;WQMFSA9;WQMFSG1;WQMFSOA7;WQMFSOA8;WQMFSOA9;WQMFSOG1;WQMGSA2;WQMGSA4;WQMGSA6;WQMGSG1;WQMH0A1;WQMH0A2;WQMH0A3;WQMH0A4;WQMH0A5;WQMH0A6;WQMH0A7;WQMH0A8;WQMH0A9;WQMH0CA;WQMH0G1;WQMH0SA;WQMH0SS;WQMH0SX;WQMH1A1;WQMH1A2;WQMH1A3;WQMH1A4;WQMH1A5;WQMH1A6;WQMH1A7;WQMH1A8;WQMH1A9;WQMH1CA;WQMH1G1;WQMH1SA;WQMH1SS;WQMH1SX;WQMH2A1;WQMH2A2;WQMH2A3;WQMH2A4;WQMH2A5;WQMH2A6;WQMH2A7;WQMH2A8;WQMH2A9;WQMH2CA;WQMH2G1;WQMH2SA;WQMH2SS;WQMH2SX;WQMH5A1;WQMH5A2;WQMH5A3;WQMH5A4;WQMH5A5;WQMH5A6;WQMH5A7;WQMH5A8;WQMH5A9;WQMH5CA;WQMH5G1;WQMH5SA;WQMH5SS;WQMH5SX;WQMH6A1;WQMH6A2;WQMH6A3;WQMH6A4;WQMH6A5;WQMH6A6;WQMH6A7;WQMH6A8;WQMH6A9;WQMH6CA;WQMH6G1;WQMH6SA;WQMH6SS;WQMH6SX;WQMHBA2;WQMHBA4;WQMHBA6;WQMHBG1;WQMJ0A1;WQMJ0A2;WQMJ0A3;WQMJ0A4;WQMJ0A5;WQMJ0A6;WQMJ0A7;WQMJ0A8;WQMJ0A9;WQMJ0CA;WQMJ0G1;WQMJ0SA;WQMJ0SS;WQMJ0SX;WQMJ1A1;WQMJ1A2;WQMJ1A3;WQMJ1A4;WQMJ1A5;WQMJ1A6;WQMJ1A7;WQMJ1A8;WQMJ1A9;WQMJ1CA;WQMJ1G1;WQMJ1SA;WQMJ1SS;WQMJ1SX;WQMJ2A1;WQMJ2A2;WQMJ2A3;WQMJ2A4;WQMJ2A5;WQMJ2A6;WQMJ2A7;WQMJ2A8;WQMJ2A9;WQMJ2CA;WQMJ2G1;WQMJ2SA;WQMJ2SS;WQMJ2SX;WQMJ3A1;WQMJ3A2;WQMJ3A3;WQMJ3A4;WQMJ3A5;WQMJ3A6;WQMJ3A7;WQMJ3A8;WQMJ3A9;WQMJ3CA;WQMJ3G1;WQMJ3SA;WQMJ3SS;WQMJ3SX;WQMJ4A1;WQMJ4A2;WQMJ4A3;WQMJ4A4;WQMJ4A5;WQMJ4A6;WQMJ4A7;WQMJ4A8;WQMJ4A9;WQMJ4CA;WQMJ4G1;WQMJ4SA;WQMJ4SS;WQMJ4SX;WQMJ5A1;WQMJ5A2;WQMJ5A3;WQMJ5A4;WQMJ5A5;WQMJ5A6;WQMJ5A7;WQMJ5A8;WQMJ5A9;WQMJ5CA;WQMJ5G1;WQMJ5SA;WQMJ5SS;WQMJ5SX;WQMJ6A1;WQMJ6A2;WQMJ6A3;WQMJ6A4;WQMJ6A5;WQMJ6A6;WQMJ6A7;WQMJ6A8;WQMJ6A9;WQMJ6CA;WQMJ6G1;WQMJ6SA;WQMJ6SS;WQMJ6SX;WQMJ7A1;WQMJ7A2;WQMJ7A3;WQMJ7A4;WQMJ7A5;WQMJ7A6;WQMJ7A7;WQMJ7A8;WQMJ7A9;WQMJ7CA;WQMJ7G1;WQMJ7SA;WQMJ7SS;WQMJ7SX;WQMJ8A1;WQMJ8A2;WQMJ8A3;WQMJ8A4;WQMJ8A5;WQMJ8A6;WQMJ8A7;WQMJ8A8;WQMJ8A9;WQMJ8CA;WQMJ8G1;WQMJ8SA;WQMJ8SS;WQMJ8SX;WQMJ9A1;WQMJ9A2;WQMJ9A3;WQMJ9A4;WQMJ9A5;WQMJ9A6;WQMJ9A7;WQMJ9A8;WQMJ9A9;WQMJ9CA;WQMJ9G1;WQMJ9SA;WQMJ9SS;WQMJ9SX;WQMJAA1;WQMJAA2;WQMJAA3;WQMJAA4;WQMJAA5;WQMJAA6;WQMJAA7;WQMJAA8;WQMJAA9;WQMJACA;WQMJAG1;WQMJASA;WQMJASS;WQMJASX;WQMJBA1;WQMJBA2;WQMJBA3;WQMJBA4;WQMJBA5;WQMJBA6;WQMJBA7;WQMJBA8;WQMJBA9;WQMJBCA;WQMJBG1;WQMJBSA;WQMJBSS;WQMJBSX;WQMJCA1;WQMJCA2;WQMJCA3;WQMJCA4;WQMJCA5;WQMJCA6;WQMJCA7;WQMJCA8;WQMJCA9;WQMJCCA;WQMJCG1;WQMJCSA;WQMJCSS;WQMJCSX;WQMM2A1;WQMM2A3;WQMM2A5;WQMM2A7;WQMM2A8;WQMM2A9;WQMM2G1;WQMM2OA7;WQMM2OA8;WQMM2OA9;WQMM2OG1;WQMMCA1;WQMMCA3;WQMMCA5;WQMMCA7;WQMMCA8;WQMMCA9;WQMMCG1;WQMMCOA7;WQMMCOA8;WQMMCOA9;WQMMCOG1;WQMMSA1;WQMMSA3;WQMMSA5;WQMMSA7;WQMMSA8;WQMMSA9;WQMMSG1;WQMMSOA7;WQMMSOA8;WQMMSOA9;WQMMSOG1;WQMQ2A2;WQMQ2A4;WQMQ2A6;WQMQ2G1;WQMQ3A2;WQMQ3A4;WQMQ3A6;WQMQ3G1;WQMQ4A2;WQMQ4A4;WQMQ4A6;WQMQ4G1;WQMQSA2;WQMQSA4;WQMQSA6;WQMQSG1;WQMS0A1;WQMS0A3;WQMS0A5;WQMS0A7;WQMS0A8;WQMS0A9;WQMS0G1;WQMS0OA7;WQMS0OA8;WQMS0OA9;WQMS0OG1;WQMS1A1;WQMS1A3;WQMS1A5;WQMS1A7;WQMS1A8;WQMS1A9;WQMS1G1;WQMS1OA7;WQMS1OA8;WQMS1OA9;WQMS1OG1;WQMS2A2;WQMS2A4;WQMS2A6;WQMS2G1;WQMS3A1;WQMS3A3;WQMS3A5;WQMS3A7;WQMS3A8;WQMS3A9;WQMS3G1;WQMS3OA7;WQMS3OA8;WQMS3OA9;WQMS3OG1;WQMSCA1;WQMSCA3;WQMSCA5;WQMSCA7;WQMSCA8;WQMSCA9;WQMSCG1;WQMSCOA7;WQMSCOA8;WQMSCOA9;WQMSCOG1;WQMSLG1;WQMSLSS;WQMSPA2;WQMSPA4;WQMSPA6;WQMSPG1;WQMSSA1;WQMSSA3;WQMSSA5;WQMSSA7;WQMSSA8;WQMSSA9;WQMSSG1;WQMSSOA7;WQMSSOA8;WQMSSOA9;WQMSSOG1;WQMWHA1;WQMWHA3;WQMWHA5;WQMWHA7;WQMWHA8;WQMWHA9;WQMWHG1;WQMWHOA7;WQMWHOA8;WQMWHOA9;WQMWHOG1;WQMZWA1;WQMZWA2;WQMZWA3;WQMZWA4;WQMZWA5;WQMZWA6;WQMZWA7;WQMZWA8;WQMZWA9;WQMZWCA;WQMZWG1;WQMZWSA;WQMZWSS;WQMZWSX,q3m-reference-available,docs/measurements/playable-q3m-x2-ingame-20261002-v1/current-generation.json,no-colour-variant-reference,97996,97933,,sprite/index/palette-work-plan.json,97996
0x6302,THIEF_MALE_DWARF,character,6000,1,1,CDMT,66,65,656,178357,0x6302:body:armor-code:1:CDMT1;0x6302:body:armor-code:2:CDMT2;0x6302:body:armor-code:3:CDMT3;0x6302:body:armor-code:4:CDMT4;0x6302:helmet:item-animation-code:H0:WQSH0;0x6302:helmet:item-animation-code:H1:WQSH1;0x6302:helmet:item-animation-code:H2:WQSH2;0x6302:helmet:item-animation-code:H5:WQSH5;0x6302:helmet:item-animation-code:J0:WQSJ0;0x6302:helmet:item-animation-code:J1:WQSJ1;0x6302:helmet:item-animation-code:J2:WQSJ2;0x6302:helmet:item-animation-code:J3:WQSJ3;0x6302:helmet:item-animation-code:J4:WQSJ4;0x6302:helmet:item-animation-code:J5:WQSJ5;0x6302:helmet:item-animation-code:J6:WQSJ6;0x6302:helmet:item-animation-code:J7:WQSJ7;0x6302:helmet:item-animation-code:J8:WQSJ8;0x6302:helmet:item-animation-code:J9:WQSJ9;0x6302:helmet:item-animation-code:JA:WQSJA;0x6302:helmet:item-animation-code:JB:WQSJB;0x6302:helmet:item-animation-code:JC:WQSJC;0x6302:helmet:item-animation-code:YW:WQSYW;0x6302:helmet:item-animation-code:ZW:WQSZW;0x6302:shield:item-animation-code:C0:WQSC0;0x6302:shield:item-animation-code:C1:WQSC1;0x6302:shield:item-animation-code:C2:WQSC2;0x6302:shield:item-animation-code:C3:WQSC3;0x6302:shield:item-animation-code:C4:WQSC4;0x6302:shield:item-animation-code:C5:WQSC5;0x6302:shield:item-animation-code:C6:WQSC6;0x6302:shield:item-animation-code:C7:WQSC7;0x6302:shield:item-animation-code:D1:WQSD1;0x6302:shield:item-animation-code:D2:WQSD2;0x6302:shield:item-animation-code:D3:WQSD3;0x6302:shield:item-animation-code:D4:WQSD4;0x6302:weapon:item-animation-code:AX:WQSAX;0x6302:weapon:item-animation-code:BS:WQSBS;0x6302:weapon:item-animation-code:BW:WQSBW;0x6302:weapon:item-animation-code:CB:WQSCB;0x6302:weapon:item-animation-code:CL:WQSCL;0x6302:weapon:item-animation-code:DD:WQSDD;0x6302:weapon:item-animation-code:F0:WQSF0;0x6302:weapon:item-animation-code:F1:WQSF1;0x6302:weapon:item-animation-code:F2:WQSF2;0x6302:weapon:item-animation-code:F3:WQSF3;0x6302:weapon:item-animation-code:FL:WQSFL;0x6302:weapon:item-animation-code:FS:WQSFS;0x6302:weapon:item-animation-code:GS:WQSGS;0x6302:weapon:item-animation-code:H6:WQSH6;0x6302:weapon:item-animation-code:HB:WQSHB;0x6302:weapon:item-animation-code:M2:WQSM2;0x6302:weapon:item-animation-code:MC:WQSMC;0x6302:weapon:item-animation-code:MS:WQSMS;0x6302:weapon:item-animation-code:Q2:WQSQ2;0x6302:weapon:item-animation-code:Q3:WQSQ3;0x6302:weapon:item-animation-code:Q4:WQSQ4;0x6302:weapon:item-animation-code:QS:WQSQS;0x6302:weapon:item-animation-code:S0:WQSS0;0x6302:weapon:item-animation-code:S1:WQSS1;0x6302:weapon:item-animation-code:S2:WQSS2;0x6302:weapon:item-animation-code:S3:WQSS3;0x6302:weapon:item-animation-code:SC:WQSSC;0x6302:weapon:item-animation-code:SL:WQSSL;0x6302:weapon:item-animation-code:SP:WQSSP;0x6302:weapon:item-animation-code:SS:WQSSS;0x6302:weapon:item-animation-code:WH:WQSWH,CDMT1A1;CDMT1A2;CDMT1A3;CDMT1A4;CDMT1A5;CDMT1A6;CDMT1A7;CDMT1A8;CDMT1A9;CDMT1CA;CDMT1G1;CDMT1G11;CDMT1G12;CDMT1G13;CDMT1G14;CDMT1G15;CDMT1G16;CDMT1G17;CDMT1G18;CDMT1G19;CDMT1SA;CDMT1SS;CDMT1SX;CDMT2A1;CDMT2A2;CDMT2A3;CDMT2A4;CDMT2A5;CDMT2A6;CDMT2A7;CDMT2A8;CDMT2A9;CDMT2CA;CDMT2G1;CDMT2G11;CDMT2G12;CDMT2G13;CDMT2G14;CDMT2G15;CDMT2G16;CDMT2G17;CDMT2G18;CDMT2G19;CDMT2SA;CDMT2SS;CDMT2SX;CDMT3A1;CDMT3A2;CDMT3A3;CDMT3A4;CDMT3A5;CDMT3A6;CDMT3A7;CDMT3A8;CDMT3A9;CDMT3CA;CDMT3G1;CDMT3G11;CDMT3G12;CDMT3G13;CDMT3G14;CDMT3G15;CDMT3G16;CDMT3G17;CDMT3G18;CDMT3G19;CDMT3SA;CDMT3SS;CDMT3SX;CDMT4A1;CDMT4A2;CDMT4A3;CDMT4A4;CDMT4A5;CDMT4A6;CDMT4A7;CDMT4A8;CDMT4A9;CDMT4CA;CDMT4G1;CDMT4G11;CDMT4G12;CDMT4G13;CDMT4G14;CDMT4G15;CDMT4G16;CDMT4G17;CDMT4G18;CDMT4G19;CDMT4SA;CDMT4SS;CDMT4SX;WQSAXA1;WQSAXA3;WQSAXA5;WQSAXA7;WQSAXA8;WQSAXA9;WQSAXG1;WQSAXOA7;WQSAXOA8;WQSAXOA9;WQSAXOG1;WQSBSG1;WQSBSSA;WQSBWG1;WQSBWSA;WQSC0A1;WQSC0A3;WQSC0A5;WQSC0G1;WQSC0SS;WQSC1A1;WQSC1A3;WQSC1A5;WQSC1G1;WQSC1SS;WQSC2A1;WQSC2A3;WQSC2A5;WQSC2G1;WQSC2SS;WQSC3A1;WQSC3A3;WQSC3A5;WQSC3G1;WQSC3SS;WQSC4A1;WQSC4A3;WQSC4A5;WQSC4G1;WQSC4SS;WQSC5A1;WQSC5A3;WQSC5A5;WQSC5G1;WQSC5SS;WQSC6A1;WQSC6A3;WQSC6A5;WQSC6G1;WQSC6SS;WQSC7A1;WQSC7A3;WQSC7A5;WQSC7G1;WQSC7SS;WQSCBG1;WQSCBSX;WQSCLA1;WQSCLA3;WQSCLA5;WQSCLA7;WQSCLA8;WQSCLA9;WQSCLG1;WQSCLOA7;WQSCLOA8;WQSCLOA9;WQSCLOG1;WQSD1A1;WQSD1A3;WQSD1A5;WQSD1G1;WQSD1SS;WQSD2A1;WQSD2A3;WQSD2A5;WQSD2G1;WQSD2SS;WQSD3A1;WQSD3A3;WQSD3A5;WQSD3G1;WQSD3SS;WQSD4A1;WQSD4A3;WQSD4A5;WQSD4G1;WQSD4SS;WQSDDA1;WQSDDA3;WQSDDA5;WQSDDA7;WQSDDA8;WQSDDA9;WQSDDG1;WQSDDOA7;WQSDDOA8;WQSDDOA9;WQSDDOG1;WQSF0A1;WQSF0A3;WQSF0A5;WQSF0A7;WQSF0A8;WQSF0A9;WQSF0G1;WQSF0OA7;WQSF0OA8;WQSF0OA9;WQSF0OG1;WQSF1A1;WQSF1A3;WQSF1A5;WQSF1A7;WQSF1A8;WQSF1A9;WQSF1G1;WQSF1OA7;WQSF1OA8;WQSF1OA9;WQSF1OG1;WQSF2A1;WQSF2A3;WQSF2A5;WQSF2A7;WQSF2A8;WQSF2A9;WQSF2G1;WQSF2OA7;WQSF2OA8;WQSF2OA9;WQSF2OG1;WQSF3A1;WQSF3A3;WQSF3A5;WQSF3A7;WQSF3A8;WQSF3A9;WQSF3G1;WQSF3OA7;WQSF3OA8;WQSF3OA9;WQSF3OG1;WQSFLA1;WQSFLA3;WQSFLA5;WQSFLA7;WQSFLA8;WQSFLA9;WQSFLG1;WQSFLOA7;WQSFLOA8;WQSFLOA9;WQSFLOG1;WQSFSA1;WQSFSA3;WQSFSA5;WQSFSA7;WQSFSA8;WQSFSA9;WQSFSG1;WQSFSOA7;WQSFSOA8;WQSFSOA9;WQSFSOG1;WQSGSA2;WQSGSA4;WQSGSA6;WQSGSG1;WQSH0A1;WQSH0A2;WQSH0A3;WQSH0A4;WQSH0A5;WQSH0A6;WQSH0A7;WQSH0A8;WQSH0A9;WQSH0CA;WQSH0G1;WQSH0SA;WQSH0SS;WQSH0SX;WQSH1A1;WQSH1A2;WQSH1A3;WQSH1A4;WQSH1A5;WQSH1A6;WQSH1A7;WQSH1A8;WQSH1A9;WQSH1CA;WQSH1G1;WQSH1SA;WQSH1SS;WQSH1SX;WQSH2A1;WQSH2A2;WQSH2A3;WQSH2A4;WQSH2A5;WQSH2A6;WQSH2A7;WQSH2A8;WQSH2A9;WQSH2CA;WQSH2G1;WQSH2SA;WQSH2SS;WQSH2SX;WQSH5A1;WQSH5A2;WQSH5A3;WQSH5A4;WQSH5A5;WQSH5A6;WQSH5A7;WQSH5A8;WQSH5A9;WQSH5CA;WQSH5G1;WQSH5SA;WQSH5SS;WQSH5SX;WQSH6A1;WQSH6A2;WQSH6A3;WQSH6A4;WQSH6A5;WQSH6A6;WQSH6A7;WQSH6A8;WQSH6A9;WQSH6CA;WQSH6G1;WQSH6SA;WQSH6SS;WQSH6SX;WQSHBA2;WQSHBA4;WQSHBA6;WQSHBG1;WQSJ0A1;WQSJ0A2;WQSJ0A3;WQSJ0A4;WQSJ0A5;WQSJ0A6;WQSJ0A7;WQSJ0A8;WQSJ0A9;WQSJ0CA;WQSJ0G1;WQSJ0SA;WQSJ0SS;WQSJ0SX;WQSJ1A1;WQSJ1A2;WQSJ1A3;WQSJ1A4;WQSJ1A5;WQSJ1A6;WQSJ1A7;WQSJ1A8;WQSJ1A9;WQSJ1CA;WQSJ1G1;WQSJ1SA;WQSJ1SS;WQSJ1SX;WQSJ2A1;WQSJ2A2;WQSJ2A3;WQSJ2A4;WQSJ2A5;WQSJ2A6;WQSJ2A7;WQSJ2A8;WQSJ2A9;WQSJ2CA;WQSJ2G1;WQSJ2SA;WQSJ2SS;WQSJ2SX;WQSJ3A1;WQSJ3A2;WQSJ3A3;WQSJ3A4;WQSJ3A5;WQSJ3A6;WQSJ3A7;WQSJ3A8;WQSJ3A9;WQSJ3CA;WQSJ3G1;WQSJ3SA;WQSJ3SS;WQSJ3SX;WQSJ4A1;WQSJ4A2;WQSJ4A3;WQSJ4A4;WQSJ4A5;WQSJ4A6;WQSJ4A7;WQSJ4A8;WQSJ4A9;WQSJ4CA;WQSJ4G1;WQSJ4SA;WQSJ4SS;WQSJ4SX;WQSJ5A1;WQSJ5A2;WQSJ5A3;WQSJ5A4;WQSJ5A5;WQSJ5A6;WQSJ5A7;WQSJ5A8;WQSJ5A9;WQSJ5CA;WQSJ5G1;WQSJ5SA;WQSJ5SS;WQSJ5SX;WQSJ6A1;WQSJ6A2;WQSJ6A3;WQSJ6A4;WQSJ6A5;WQSJ6A6;WQSJ6A7;WQSJ6A8;WQSJ6A9;WQSJ6CA;WQSJ6G1;WQSJ6SA;WQSJ6SS;WQSJ6SX;WQSJ7A1;WQSJ7A2;WQSJ7A3;WQSJ7A4;WQSJ7A5;WQSJ7A6;WQSJ7A7;WQSJ7A8;WQSJ7A9;WQSJ7CA;WQSJ7G1;WQSJ7SA;WQSJ7SS;WQSJ7SX;WQSJ8A1;WQSJ8A2;WQSJ8A3;WQSJ8A4;WQSJ8A5;WQSJ8A6;WQSJ8A7;WQSJ8A8;WQSJ8A9;WQSJ8CA;WQSJ8G1;WQSJ8SA;WQSJ8SS;WQSJ8SX;WQSJ9A1;WQSJ9A2;WQSJ9A3;WQSJ9A4;WQSJ9A5;WQSJ9A6;WQSJ9A7;WQSJ9A8;WQSJ9A9;WQSJ9CA;WQSJ9G1;WQSJ9SA;WQSJ9SS;WQSJ9SX;WQSJAA1;WQSJAA2;WQSJAA3;WQSJAA4;WQSJAA5;WQSJAA6;WQSJAA7;WQSJAA8;WQSJAA9;WQSJACA;WQSJAG1;WQSJASA;WQSJASS;WQSJASX;WQSJBA1;WQSJBA2;WQSJBA3;WQSJBA4;WQSJBA5;WQSJBA6;WQSJBA7;WQSJBA8;WQSJBA9;WQSJBCA;WQSJBG1;WQSJBSA;WQSJBSS;WQSJBSX;WQSJCA1;WQSJCA2;WQSJCA3;WQSJCA4;WQSJCA5;WQSJCA6;WQSJCA7;WQSJCA8;WQSJCA9;WQSJCCA;WQSJCG1;WQSJCSA;WQSJCSS;WQSJCSX;WQSM2A1;WQSM2A3;WQSM2A5;WQSM2A7;WQSM2A8;WQSM2A9;WQSM2G1;WQSM2OA7;WQSM2OA8;WQSM2OA9;WQSM2OG1;WQSMCA1;WQSMCA3;WQSMCA5;WQSMCA7;WQSMCA8;WQSMCA9;WQSMCG1;WQSMCOA7;WQSMCOA8;WQSMCOA9;WQSMCOG1;WQSMSA1;WQSMSA3;WQSMSA5;WQSMSA7;WQSMSA8;WQSMSA9;WQSMSG1;WQSMSOA7;WQSMSOA8;WQSMSOA9;WQSMSOG1;WQSQ2A2;WQSQ2A4;WQSQ2A6;WQSQ2G1;WQSQ3A2;WQSQ3A4;WQSQ3A6;WQSQ3G1;WQSQ4A2;WQSQ4A4;WQSQ4A6;WQSQ4G1;WQSQSA2;WQSQSA4;WQSQSA6;WQSQSG1;WQSS0A1;WQSS0A3;WQSS0A5;WQSS0A7;WQSS0A8;WQSS0A9;WQSS0G1;WQSS0OA7;WQSS0OA8;WQSS0OA9;WQSS0OG1;WQSS1A1;WQSS1A3;WQSS1A5;WQSS1A7;WQSS1A8;WQSS1A9;WQSS1G1;WQSS1OA7;WQSS1OA8;WQSS1OA9;WQSS1OG1;WQSS2A2;WQSS2A4;WQSS2A6;WQSS2G1;WQSS3A1;WQSS3A3;WQSS3A5;WQSS3A7;WQSS3A8;WQSS3A9;WQSS3G1;WQSS3OA7;WQSS3OA8;WQSS3OA9;WQSS3OG1;WQSSCA1;WQSSCA3;WQSSCA5;WQSSCA7;WQSSCA8;WQSSCA9;WQSSCG1;WQSSCOA7;WQSSCOA8;WQSSCOA9;WQSSCOG1;WQSSLG1;WQSSLSS;WQSSPA2;WQSSPA4;WQSSPA6;WQSSPG1;WQSSSA1;WQSSSA3;WQSSSA5;WQSSSA7;WQSSSA8;WQSSSA9;WQSSSG1;WQSSSOA7;WQSSSOA8;WQSSSOA9;WQSSSOG1;WQSWHA1;WQSWHA3;WQSWHA5;WQSWHA7;WQSWHA8;WQSWHA9;WQSWHG1;WQSWHOA7;WQSWHOA8;WQSWHOA9;WQSWHOG1;WQSZWA1;WQSZWA2;WQSZWA3;WQSZWA4;WQSZWA5;WQSZWA6;WQSZWA7;WQSZWA8;WQSZWA9;WQSZWCA;WQSZWG1;WQSZWSA;WQSZWSS;WQSZWSX,q3m-reference-available,docs/measurements/playable-q3m-x2-ingame-20261002-v1/current-generation.json,no-colour-variant-reference,93880,93807,,sprite/index/palette-work-plan.json,93880
0x6303,THIEF_MALE_HALFLING,character,6000,1,1,CIMT,66,53,596,161725,0x6303:body:armor-code:1:CIMT1;0x6303:body:armor-code:2:CIMT2;0x6303:body:armor-code:3:CIMT3;0x6303:body:armor-code:4:CIMT4;0x6303:helmet:item-animation-code:H0:WQSH0;0x6303:helmet:item-animation-code:H1:WQSH1;0x6303:helmet:item-animation-code:H2:WQSH2;0x6303:helmet:item-animation-code:H5:WQSH5;0x6303:helmet:item-animation-code:J0:WQSJ0;0x6303:helmet:item-animation-code:J1:WQSJ1;0x6303:helmet:item-animation-code:J2:WQSJ2;0x6303:helmet:item-animation-code:J3:WQSJ3;0x6303:helmet:item-animation-code:J4:WQSJ4;0x6303:helmet:item-animation-code:J5:WQSJ5;0x6303:helmet:item-animation-code:J6:WQSJ6;0x6303:helmet:item-animation-code:J7:WQSJ7;0x6303:helmet:item-animation-code:J8:WQSJ8;0x6303:helmet:item-animation-code:J9:WQSJ9;0x6303:helmet:item-animation-code:JA:WQSJA;0x6303:helmet:item-animation-code:JB:WQSJB;0x6303:helmet:item-animation-code:JC:WQSJC;0x6303:helmet:item-animation-code:YW:WQSYW;0x6303:helmet:item-animation-code:ZW:WQSZW;0x6303:shield:item-animation-code:C0:WQHC0;0x6303:shield:item-animation-code:C1:WQHC1;0x6303:shield:item-animation-code:C2:WQHC2;0x6303:shield:item-animation-code:C3:WQHC3;0x6303:shield:item-animation-code:C4:WQHC4;0x6303:shield:item-animation-code:C5:WQHC5;0x6303:shield:item-animation-code:C6:WQHC6;0x6303:shield:item-animation-code:C7:WQHC7;0x6303:shield:item-animation-code:D1:WQHD1;0x6303:shield:item-animation-code:D2:WQHD2;0x6303:shield:item-animation-code:D3:WQHD3;0x6303:shield:item-animation-code:D4:WQHD4;0x6303:weapon:item-animation-code:AX:WQSAX;0x6303:weapon:item-animation-code:BS:WQSBS;0x6303:weapon:item-animation-code:BW:WQSBW;0x6303:weapon:item-animation-code:CB:WQSCB;0x6303:weapon:item-animation-code:CL:WQSCL;0x6303:weapon:item-animation-code:DD:WQSDD;0x6303:weapon:item-animation-code:F0:WQSF0;0x6303:weapon:item-animation-code:F1:WQSF1;0x6303:weapon:item-animation-code:F2:WQSF2;0x6303:weapon:item-animation-code:F3:WQSF3;0x6303:weapon:item-animation-code:FL:WQSFL;0x6303:weapon:item-animation-code:FS:WQSFS;0x6303:weapon:item-animation-code:GS:WQSGS;0x6303:weapon:item-animation-code:H6:WQSH6;0x6303:weapon:item-animation-code:HB:WQSHB;0x6303:weapon:item-animation-code:M2:WQSM2;0x6303:weapon:item-animation-code:MC:WQSMC;0x6303:weapon:item-animation-code:MS:WQSMS;0x6303:weapon:item-animation-code:Q2:WQSQ2;0x6303:weapon:item-animation-code:Q3:WQSQ3;0x6303:weapon:item-animation-code:Q4:WQSQ4;0x6303:weapon:item-animation-code:QS:WQSQS;0x6303:weapon:item-animation-code:S0:WQSS0;0x6303:weapon:item-animation-code:S1:WQSS1;0x6303:weapon:item-animation-code:S2:WQSS2;0x6303:weapon:item-animation-code:S3:WQSS3;0x6303:weapon:item-animation-code:SC:WQSSC;0x6303:weapon:item-animation-code:SL:WQSSL;0x6303:weapon:item-animation-code:SP:WQSSP;0x6303:weapon:item-animation-code:SS:WQSSS;0x6303:weapon:item-animation-code:WH:WQSWH,CIMT1A1;CIMT1A2;CIMT1A3;CIMT1A4;CIMT1A5;CIMT1A6;CIMT1A7;CIMT1A8;CIMT1A9;CIMT1CA;CIMT1G1;CIMT1G11;CIMT1G12;CIMT1G13;CIMT1G14;CIMT1G15;CIMT1G16;CIMT1G17;CIMT1G18;CIMT1G19;CIMT1SA;CIMT1SS;CIMT1SX;CIMT2A1;CIMT2A2;CIMT2A3;CIMT2A4;CIMT2A5;CIMT2A6;CIMT2A7;CIMT2A8;CIMT2A9;CIMT2CA;CIMT2G1;CIMT2G11;CIMT2G12;CIMT2G13;CIMT2G14;CIMT2G15;CIMT2G16;CIMT2G17;CIMT2G18;CIMT2G19;CIMT2SA;CIMT2SS;CIMT2SX;CIMT3A1;CIMT3A2;CIMT3A3;CIMT3A4;CIMT3A5;CIMT3A6;CIMT3A7;CIMT3A8;CIMT3A9;CIMT3CA;CIMT3G1;CIMT3G11;CIMT3G12;CIMT3G13;CIMT3G14;CIMT3G15;CIMT3G16;CIMT3G17;CIMT3G18;CIMT3G19;CIMT3SA;CIMT3SS;CIMT3SX;CIMT4A1;CIMT4A2;CIMT4A3;CIMT4A4;CIMT4A5;CIMT4A6;CIMT4A7;CIMT4A8;CIMT4A9;CIMT4CA;CIMT4G1;CIMT4G11;CIMT4G12;CIMT4G13;CIMT4G14;CIMT4G15;CIMT4G16;CIMT4G17;CIMT4G18;CIMT4G19;CIMT4SA;CIMT4SS;CIMT4SX;WQSAXA1;WQSAXA3;WQSAXA5;WQSAXA7;WQSAXA8;WQSAXA9;WQSAXG1;WQSAXOA7;WQSAXOA8;WQSAXOA9;WQSAXOG1;WQSBSG1;WQSBSSA;WQSBWG1;WQSBWSA;WQSCBG1;WQSCBSX;WQSCLA1;WQSCLA3;WQSCLA5;WQSCLA7;WQSCLA8;WQSCLA9;WQSCLG1;WQSCLOA7;WQSCLOA8;WQSCLOA9;WQSCLOG1;WQSDDA1;WQSDDA3;WQSDDA5;WQSDDA7;WQSDDA8;WQSDDA9;WQSDDG1;WQSDDOA7;WQSDDOA8;WQSDDOA9;WQSDDOG1;WQSF0A1;WQSF0A3;WQSF0A5;WQSF0A7;WQSF0A8;WQSF0A9;WQSF0G1;WQSF0OA7;WQSF0OA8;WQSF0OA9;WQSF0OG1;WQSF1A1;WQSF1A3;WQSF1A5;WQSF1A7;WQSF1A8;WQSF1A9;WQSF1G1;WQSF1OA7;WQSF1OA8;WQSF1OA9;WQSF1OG1;WQSF2A1;WQSF2A3;WQSF2A5;WQSF2A7;WQSF2A8;WQSF2A9;WQSF2G1;WQSF2OA7;WQSF2OA8;WQSF2OA9;WQSF2OG1;WQSF3A1;WQSF3A3;WQSF3A5;WQSF3A7;WQSF3A8;WQSF3A9;WQSF3G1;WQSF3OA7;WQSF3OA8;WQSF3OA9;WQSF3OG1;WQSFLA1;WQSFLA3;WQSFLA5;WQSFLA7;WQSFLA8;WQSFLA9;WQSFLG1;WQSFLOA7;WQSFLOA8;WQSFLOA9;WQSFLOG1;WQSFSA1;WQSFSA3;WQSFSA5;WQSFSA7;WQSFSA8;WQSFSA9;WQSFSG1;WQSFSOA7;WQSFSOA8;WQSFSOA9;WQSFSOG1;WQSGSA2;WQSGSA4;WQSGSA6;WQSGSG1;WQSH0A1;WQSH0A2;WQSH0A3;WQSH0A4;WQSH0A5;WQSH0A6;WQSH0A7;WQSH0A8;WQSH0A9;WQSH0CA;WQSH0G1;WQSH0SA;WQSH0SS;WQSH0SX;WQSH1A1;WQSH1A2;WQSH1A3;WQSH1A4;WQSH1A5;WQSH1A6;WQSH1A7;WQSH1A8;WQSH1A9;WQSH1CA;WQSH1G1;WQSH1SA;WQSH1SS;WQSH1SX;WQSH2A1;WQSH2A2;WQSH2A3;WQSH2A4;WQSH2A5;WQSH2A6;WQSH2A7;WQSH2A8;WQSH2A9;WQSH2CA;WQSH2G1;WQSH2SA;WQSH2SS;WQSH2SX;WQSH5A1;WQSH5A2;WQSH5A3;WQSH5A4;WQSH5A5;WQSH5A6;WQSH5A7;WQSH5A8;WQSH5A9;WQSH5CA;WQSH5G1;WQSH5SA;WQSH5SS;WQSH5SX;WQSH6A1;WQSH6A2;WQSH6A3;WQSH6A4;WQSH6A5;WQSH6A6;WQSH6A7;WQSH6A8;WQSH6A9;WQSH6CA;WQSH6G1;WQSH6SA;WQSH6SS;WQSH6SX;WQSHBA2;WQSHBA4;WQSHBA6;WQSHBG1;WQSJ0A1;WQSJ0A2;WQSJ0A3;WQSJ0A4;WQSJ0A5;WQSJ0A6;WQSJ0A7;WQSJ0A8;WQSJ0A9;WQSJ0CA;WQSJ0G1;WQSJ0SA;WQSJ0SS;WQSJ0SX;WQSJ1A1;WQSJ1A2;WQSJ1A3;WQSJ1A4;WQSJ1A5;WQSJ1A6;WQSJ1A7;WQSJ1A8;WQSJ1A9;WQSJ1CA;WQSJ1G1;WQSJ1SA;WQSJ1SS;WQSJ1SX;WQSJ2A1;WQSJ2A2;WQSJ2A3;WQSJ2A4;WQSJ2A5;WQSJ2A6;WQSJ2A7;WQSJ2A8;WQSJ2A9;WQSJ2CA;WQSJ2G1;WQSJ2SA;WQSJ2SS;WQSJ2SX;WQSJ3A1;WQSJ3A2;WQSJ3A3;WQSJ3A4;WQSJ3A5;WQSJ3A6;WQSJ3A7;WQSJ3A8;WQSJ3A9;WQSJ3CA;WQSJ3G1;WQSJ3SA;WQSJ3SS;WQSJ3SX;WQSJ4A1;WQSJ4A2;WQSJ4A3;WQSJ4A4;WQSJ4A5;WQSJ4A6;WQSJ4A7;WQSJ4A8;WQSJ4A9;WQSJ4CA;WQSJ4G1;WQSJ4SA;WQSJ4SS;WQSJ4SX;WQSJ5A1;WQSJ5A2;WQSJ5A3;WQSJ5A4;WQSJ5A5;WQSJ5A6;WQSJ5A7;WQSJ5A8;WQSJ5A9;WQSJ5CA;WQSJ5G1;WQSJ5SA;WQSJ5SS;WQSJ5SX;WQSJ6A1;WQSJ6A2;WQSJ6A3;WQSJ6A4;WQSJ6A5;WQSJ6A6;WQSJ6A7;WQSJ6A8;WQSJ6A9;WQSJ6CA;WQSJ6G1;WQSJ6SA;WQSJ6SS;WQSJ6SX;WQSJ7A1;WQSJ7A2;WQSJ7A3;WQSJ7A4;WQSJ7A5;WQSJ7A6;WQSJ7A7;WQSJ7A8;WQSJ7A9;WQSJ7CA;WQSJ7G1;WQSJ7SA;WQSJ7SS;WQSJ7SX;WQSJ8A1;WQSJ8A2;WQSJ8A3;WQSJ8A4;WQSJ8A5;WQSJ8A6;WQSJ8A7;WQSJ8A8;WQSJ8A9;WQSJ8CA;WQSJ8G1;WQSJ8SA;WQSJ8SS;WQSJ8SX;WQSJ9A1;WQSJ9A2;WQSJ9A3;WQSJ9A4;WQSJ9A5;WQSJ9A6;WQSJ9A7;WQSJ9A8;WQSJ9A9;WQSJ9CA;WQSJ9G1;WQSJ9SA;WQSJ9SS;WQSJ9SX;WQSJAA1;WQSJAA2;WQSJAA3;WQSJAA4;WQSJAA5;WQSJAA6;WQSJAA7;WQSJAA8;WQSJAA9;WQSJACA;WQSJAG1;WQSJASA;WQSJASS;WQSJASX;WQSJBA1;WQSJBA2;WQSJBA3;WQSJBA4;WQSJBA5;WQSJBA6;WQSJBA7;WQSJBA8;WQSJBA9;WQSJBCA;WQSJBG1;WQSJBSA;WQSJBSS;WQSJBSX;WQSJCA1;WQSJCA2;WQSJCA3;WQSJCA4;WQSJCA5;WQSJCA6;WQSJCA7;WQSJCA8;WQSJCA9;WQSJCCA;WQSJCG1;WQSJCSA;WQSJCSS;WQSJCSX;WQSM2A1;WQSM2A3;WQSM2A5;WQSM2A7;WQSM2A8;WQSM2A9;WQSM2G1;WQSM2OA7;WQSM2OA8;WQSM2OA9;WQSM2OG1;WQSMCA1;WQSMCA3;WQSMCA5;WQSMCA7;WQSMCA8;WQSMCA9;WQSMCG1;WQSMCOA7;WQSMCOA8;WQSMCOA9;WQSMCOG1;WQSMSA1;WQSMSA3;WQSMSA5;WQSMSA7;WQSMSA8;WQSMSA9;WQSMSG1;WQSMSOA7;WQSMSOA8;WQSMSOA9;WQSMSOG1;WQSQ2A2;WQSQ2A4;WQSQ2A6;WQSQ2G1;WQSQ3A2;WQSQ3A4;WQSQ3A6;WQSQ3G1;WQSQ4A2;WQSQ4A4;WQSQ4A6;WQSQ4G1;WQSQSA2;WQSQSA4;WQSQSA6;WQSQSG1;WQSS0A1;WQSS0A3;WQSS0A5;WQSS0A7;WQSS0A8;WQSS0A9;WQSS0G1;WQSS0OA7;WQSS0OA8;WQSS0OA9;WQSS0OG1;WQSS1A1;WQSS1A3;WQSS1A5;WQSS1A7;WQSS1A8;WQSS1A9;WQSS1G1;WQSS1OA7;WQSS1OA8;WQSS1OA9;WQSS1OG1;WQSS2A2;WQSS2A4;WQSS2A6;WQSS2G1;WQSS3A1;WQSS3A3;WQSS3A5;WQSS3A7;WQSS3A8;WQSS3A9;WQSS3G1;WQSS3OA7;WQSS3OA8;WQSS3OA9;WQSS3OG1;WQSSCA1;WQSSCA3;WQSSCA5;WQSSCA7;WQSSCA8;WQSSCA9;WQSSCG1;WQSSCOA7;WQSSCOA8;WQSSCOA9;WQSSCOG1;WQSSLG1;WQSSLSS;WQSSPA2;WQSSPA4;WQSSPA6;WQSSPG1;WQSSSA1;WQSSSA3;WQSSSA5;WQSSSA7;WQSSSA8;WQSSSA9;WQSSSG1;WQSSSOA7;WQSSSOA8;WQSSSOA9;WQSSSOG1;WQSWHA1;WQSWHA3;WQSWHA5;WQSWHA7;WQSWHA8;WQSWHA9;WQSWHG1;WQSWHOA7;WQSWHOA8;WQSWHOA9;WQSWHOG1;WQSZWA1;WQSZWA2;WQSZWA3;WQSZWA4;WQSZWA5;WQSZWA6;WQSZWA7;WQSZWA8;WQSZWA9;WQSZWCA;WQSZWG1;WQSZWSA;WQSZWSS;WQSZWSX,q3m-reference-available,docs/measurements/playable-q3m-x2-ingame-20261002-v1/current-generation.json,no-colour-variant-reference,79433,79362,,sprite/index/palette-work-plan.json,79433
0x6304,THIEF_MALE_GNOME,character,6000,1,1,CDMT,66,53,596,161725,0x6304:body:armor-code:1:CDMT1;0x6304:body:armor-code:2:CDMT2;0x6304:body:armor-code:3:CDMT3;0x6304:body:armor-code:4:CDMT4;0x6304:helmet:item-animation-code:H0:WQSH0;0x6304:helmet:item-animation-code:H1:WQSH1;0x6304:helmet:item-animation-code:H2:WQSH2;0x6304:helmet:item-animation-code:H5:WQSH5;0x6304:helmet:item-animation-code:J0:WQSJ0;0x6304:helmet:item-animation-code:J1:WQSJ1;0x6304:helmet:item-animation-code:J2:WQSJ2;0x6304:helmet:item-animation-code:J3:WQSJ3;0x6304:helmet:item-animation-code:J4:WQSJ4;0x6304:helmet:item-animation-code:J5:WQSJ5;0x6304:helmet:item-animation-code:J6:WQSJ6;0x6304:helmet:item-animation-code:J7:WQSJ7;0x6304:helmet:item-animation-code:J8:WQSJ8;0x6304:helmet:item-animation-code:J9:WQSJ9;0x6304:helmet:item-animation-code:JA:WQSJA;0x6304:helmet:item-animation-code:JB:WQSJB;0x6304:helmet:item-animation-code:JC:WQSJC;0x6304:helmet:item-animation-code:YW:WQSYW;0x6304:helmet:item-animation-code:ZW:WQSZW;0x6304:shield:item-animation-code:C0:WQHC0;0x6304:shield:item-animation-code:C1:WQHC1;0x6304:shield:item-animation-code:C2:WQHC2;0x6304:shield:item-animation-code:C3:WQHC3;0x6304:shield:item-animation-code:C4:WQHC4;0x6304:shield:item-animation-code:C5:WQHC5;0x6304:shield:item-animation-code:C6:WQHC6;0x6304:shield:item-animation-code:C7:WQHC7;0x6304:shield:item-animation-code:D1:WQHD1;0x6304:shield:item-animation-code:D2:WQHD2;0x6304:shield:item-animation-code:D3:WQHD3;0x6304:shield:item-animation-code:D4:WQHD4;0x6304:weapon:item-animation-code:AX:WQSAX;0x6304:weapon:item-animation-code:BS:WQSBS;0x6304:weapon:item-animation-code:BW:WQSBW;0x6304:weapon:item-animation-code:CB:WQSCB;0x6304:weapon:item-animation-code:CL:WQSCL;0x6304:weapon:item-animation-code:DD:WQSDD;0x6304:weapon:item-animation-code:F0:WQSF0;0x6304:weapon:item-animation-code:F1:WQSF1;0x6304:weapon:item-animation-code:F2:WQSF2;0x6304:weapon:item-animation-code:F3:WQSF3;0x6304:weapon:item-animation-code:FL:WQSFL;0x6304:weapon:item-animation-code:FS:WQSFS;0x6304:weapon:item-animation-code:GS:WQSGS;0x6304:weapon:item-animation-code:H6:WQSH6;0x6304:weapon:item-animation-code:HB:WQSHB;0x6304:weapon:item-animation-code:M2:WQSM2;0x6304:weapon:item-animation-code:MC:WQSMC;0x6304:weapon:item-animation-code:MS:WQSMS;0x6304:weapon:item-animation-code:Q2:WQSQ2;0x6304:weapon:item-animation-code:Q3:WQSQ3;0x6304:weapon:item-animation-code:Q4:WQSQ4;0x6304:weapon:item-animation-code:QS:WQSQS;0x6304:weapon:item-animation-code:S0:WQSS0;0x6304:weapon:item-animation-code:S1:WQSS1;0x6304:weapon:item-animation-code:S2:WQSS2;0x6304:weapon:item-animation-code:S3:WQSS3;0x6304:weapon:item-animation-code:SC:WQSSC;0x6304:weapon:item-animation-code:SL:WQSSL;0x6304:weapon:item-animation-code:SP:WQSSP;0x6304:weapon:item-animation-code:SS:WQSSS;0x6304:weapon:item-animation-code:WH:WQSWH,CDMT1A1;CDMT1A2;CDMT1A3;CDMT1A4;CDMT1A5;CDMT1A6;CDMT1A7;CDMT1A8;CDMT1A9;CDMT1CA;CDMT1G1;CDMT1G11;CDMT1G12;CDMT1G13;CDMT1G14;CDMT1G15;CDMT1G16;CDMT1G17;CDMT1G18;CDMT1G19;CDMT1SA;CDMT1SS;CDMT1SX;CDMT2A1;CDMT2A2;CDMT2A3;CDMT2A4;CDMT2A5;CDMT2A6;CDMT2A7;CDMT2A8;CDMT2A9;CDMT2CA;CDMT2G1;CDMT2G11;CDMT2G12;CDMT2G13;CDMT2G14;CDMT2G15;CDMT2G16;CDMT2G17;CDMT2G18;CDMT2G19;CDMT2SA;CDMT2SS;CDMT2SX;CDMT3A1;CDMT3A2;CDMT3A3;CDMT3A4;CDMT3A5;CDMT3A6;CDMT3A7;CDMT3A8;CDMT3A9;CDMT3CA;CDMT3G1;CDMT3G11;CDMT3G12;CDMT3G13;CDMT3G14;CDMT3G15;CDMT3G16;CDMT3G17;CDMT3G18;CDMT3G19;CDMT3SA;CDMT3SS;CDMT3SX;CDMT4A1;CDMT4A2;CDMT4A3;CDMT4A4;CDMT4A5;CDMT4A6;CDMT4A7;CDMT4A8;CDMT4A9;CDMT4CA;CDMT4G1;CDMT4G11;CDMT4G12;CDMT4G13;CDMT4G14;CDMT4G15;CDMT4G16;CDMT4G17;CDMT4G18;CDMT4G19;CDMT4SA;CDMT4SS;CDMT4SX;WQSAXA1;WQSAXA3;WQSAXA5;WQSAXA7;WQSAXA8;WQSAXA9;WQSAXG1;WQSAXOA7;WQSAXOA8;WQSAXOA9;WQSAXOG1;WQSBSG1;WQSBSSA;WQSBWG1;WQSBWSA;WQSCBG1;WQSCBSX;WQSCLA1;WQSCLA3;WQSCLA5;WQSCLA7;WQSCLA8;WQSCLA9;WQSCLG1;WQSCLOA7;WQSCLOA8;WQSCLOA9;WQSCLOG1;WQSDDA1;WQSDDA3;WQSDDA5;WQSDDA7;WQSDDA8;WQSDDA9;WQSDDG1;WQSDDOA7;WQSDDOA8;WQSDDOA9;WQSDDOG1;WQSF0A1;WQSF0A3;WQSF0A5;WQSF0A7;WQSF0A8;WQSF0A9;WQSF0G1;WQSF0OA7;WQSF0OA8;WQSF0OA9;WQSF0OG1;WQSF1A1;WQSF1A3;WQSF1A5;WQSF1A7;WQSF1A8;WQSF1A9;WQSF1G1;WQSF1OA7;WQSF1OA8;WQSF1OA9;WQSF1OG1;WQSF2A1;WQSF2A3;WQSF2A5;WQSF2A7;WQSF2A8;WQSF2A9;WQSF2G1;WQSF2OA7;WQSF2OA8;WQSF2OA9;WQSF2OG1;WQSF3A1;WQSF3A3;WQSF3A5;WQSF3A7;WQSF3A8;WQSF3A9;WQSF3G1;WQSF3OA7;WQSF3OA8;WQSF3OA9;WQSF3OG1;WQSFLA1;WQSFLA3;WQSFLA5;WQSFLA7;WQSFLA8;WQSFLA9;WQSFLG1;WQSFLOA7;WQSFLOA8;WQSFLOA9;WQSFLOG1;WQSFSA1;WQSFSA3;WQSFSA5;WQSFSA7;WQSFSA8;WQSFSA9;WQSFSG1;WQSFSOA7;WQSFSOA8;WQSFSOA9;WQSFSOG1;WQSGSA2;WQSGSA4;WQSGSA6;WQSGSG1;WQSH0A1;WQSH0A2;WQSH0A3;WQSH0A4;WQSH0A5;WQSH0A6;WQSH0A7;WQSH0A8;WQSH0A9;WQSH0CA;WQSH0G1;WQSH0SA;WQSH0SS;WQSH0SX;WQSH1A1;WQSH1A2;WQSH1A3;WQSH1A4;WQSH1A5;WQSH1A6;WQSH1A7;WQSH1A8;WQSH1A9;WQSH1CA;WQSH1G1;WQSH1SA;WQSH1SS;WQSH1SX;WQSH2A1;WQSH2A2;WQSH2A3;WQSH2A4;WQSH2A5;WQSH2A6;WQSH2A7;WQSH2A8;WQSH2A9;WQSH2CA;WQSH2G1;WQSH2SA;WQSH2SS;WQSH2SX;WQSH5A1;WQSH5A2;WQSH5A3;WQSH5A4;WQSH5A5;WQSH5A6;WQSH5A7;WQSH5A8;WQSH5A9;WQSH5CA;WQSH5G1;WQSH5SA;WQSH5SS;WQSH5SX;WQSH6A1;WQSH6A2;WQSH6A3;WQSH6A4;WQSH6A5;WQSH6A6;WQSH6A7;WQSH6A8;WQSH6A9;WQSH6CA;WQSH6G1;WQSH6SA;WQSH6SS;WQSH6SX;WQSHBA2;WQSHBA4;WQSHBA6;WQSHBG1;WQSJ0A1;WQSJ0A2;WQSJ0A3;WQSJ0A4;WQSJ0A5;WQSJ0A6;WQSJ0A7;WQSJ0A8;WQSJ0A9;WQSJ0CA;WQSJ0G1;WQSJ0SA;WQSJ0SS;WQSJ0SX;WQSJ1A1;WQSJ1A2;WQSJ1A3;WQSJ1A4;WQSJ1A5;WQSJ1A6;WQSJ1A7;WQSJ1A8;WQSJ1A9;WQSJ1CA;WQSJ1G1;WQSJ1SA;WQSJ1SS;WQSJ1SX;WQSJ2A1;WQSJ2A2;WQSJ2A3;WQSJ2A4;WQSJ2A5;WQSJ2A6;WQSJ2A7;WQSJ2A8;WQSJ2A9;WQSJ2CA;WQSJ2G1;WQSJ2SA;WQSJ2SS;WQSJ2SX;WQSJ3A1;WQSJ3A2;WQSJ3A3;WQSJ3A4;WQSJ3A5;WQSJ3A6;WQSJ3A7;WQSJ3A8;WQSJ3A9;WQSJ3CA;WQSJ3G1;WQSJ3SA;WQSJ3SS;WQSJ3SX;WQSJ4A1;WQSJ4A2;WQSJ4A3;WQSJ4A4;WQSJ4A5;WQSJ4A6;WQSJ4A7;WQSJ4A8;WQSJ4A9;WQSJ4CA;WQSJ4G1;WQSJ4SA;WQSJ4SS;WQSJ4SX;WQSJ5A1;WQSJ5A2;WQSJ5A3;WQSJ5A4;WQSJ5A5;WQSJ5A6;WQSJ5A7;WQSJ5A8;WQSJ5A9;WQSJ5CA;WQSJ5G1;WQSJ5SA;WQSJ5SS;WQSJ5SX;WQSJ6A1;WQSJ6A2;WQSJ6A3;WQSJ6A4;WQSJ6A5;WQSJ6A6;WQSJ6A7;WQSJ6A8;WQSJ6A9;WQSJ6CA;WQSJ6G1;WQSJ6SA;WQSJ6SS;WQSJ6SX;WQSJ7A1;WQSJ7A2;WQSJ7A3;WQSJ7A4;WQSJ7A5;WQSJ7A6;WQSJ7A7;WQSJ7A8;WQSJ7A9;WQSJ7CA;WQSJ7G1;WQSJ7SA;WQSJ7SS;WQSJ7SX;WQSJ8A1;WQSJ8A2;WQSJ8A3;WQSJ8A4;WQSJ8A5;WQSJ8A6;WQSJ8A7;WQSJ8A8;WQSJ8A9;WQSJ8CA;WQSJ8G1;WQSJ8SA;WQSJ8SS;WQSJ8SX;WQSJ9A1;WQSJ9A2;WQSJ9A3;WQSJ9A4;WQSJ9A5;WQSJ9A6;WQSJ9A7;WQSJ9A8;WQSJ9A9;WQSJ9CA;WQSJ9G1;WQSJ9SA;WQSJ9SS;WQSJ9SX;WQSJAA1;WQSJAA2;WQSJAA3;WQSJAA4;WQSJAA5;WQSJAA6;WQSJAA7;WQSJAA8;WQSJAA9;WQSJACA;WQSJAG1;WQSJASA;WQSJASS;WQSJASX;WQSJBA1;WQSJBA2;WQSJBA3;WQSJBA4;WQSJBA5;WQSJBA6;WQSJBA7;WQSJBA8;WQSJBA9;WQSJBCA;WQSJBG1;WQSJBSA;WQSJBSS;WQSJBSX;WQSJCA1;WQSJCA2;WQSJCA3;WQSJCA4;WQSJCA5;WQSJCA6;WQSJCA7;WQSJCA8;WQSJCA9;WQSJCCA;WQSJCG1;WQSJCSA;WQSJCSS;WQSJCSX;WQSM2A1;WQSM2A3;WQSM2A5;WQSM2A7;WQSM2A8;WQSM2A9;WQSM2G1;WQSM2OA7;WQSM2OA8;WQSM2OA9;WQSM2OG1;WQSMCA1;WQSMCA3;WQSMCA5;WQSMCA7;WQSMCA8;WQSMCA9;WQSMCG1;WQSMCOA7;WQSMCOA8;WQSMCOA9;WQSMCOG1;WQSMSA1;WQSMSA3;WQSMSA5;WQSMSA7;WQSMSA8;WQSMSA9;WQSMSG1;WQSMSOA7;WQSMSOA8;WQSMSOA9;WQSMSOG1;WQSQ2A2;WQSQ2A4;WQSQ2A6;WQSQ2G1;WQSQ3A2;WQSQ3A4;WQSQ3A6;WQSQ3G1;WQSQ4A2;WQSQ4A4;WQSQ4A6;WQSQ4G1;WQSQSA2;WQSQSA4;WQSQSA6;WQSQSG1;WQSS0A1;WQSS0A3;WQSS0A5;WQSS0A7;WQSS0A8;WQSS0A9;WQSS0G1;WQSS0OA7;WQSS0OA8;WQSS0OA9;WQSS0OG1;WQSS1A1;WQSS1A3;WQSS1A5;WQSS1A7;WQSS1A8;WQSS1A9;WQSS1G1;WQSS1OA7;WQSS1OA8;WQSS1OA9;WQSS1OG1;WQSS2A2;WQSS2A4;WQSS2A6;WQSS2G1;WQSS3A1;WQSS3A3;WQSS3A5;WQSS3A7;WQSS3A8;WQSS3A9;WQSS3G1;WQSS3OA7;WQSS3OA8;WQSS3OA9;WQSS3OG1;WQSSCA1;WQSSCA3;WQSSCA5;WQSSCA7;WQSSCA8;WQSSCA9;WQSSCG1;WQSSCOA7;WQSSCOA8;WQSSCOA9;WQSSCOG1;WQSSLG1;WQSSLSS;WQSSPA2;WQSSPA4;WQSSPA6;WQSSPG1;WQSSSA1;WQSSSA3;WQSSSA5;WQSSSA7;WQSSSA8;WQSSSA9;WQSSSG1;WQSSSOA7;WQSSSOA8;WQSSSOA9;WQSSSOG1;WQSWHA1;WQSWHA3;WQSWHA5;WQSWHA7;WQSWHA8;WQSWHA9;WQSWHG1;WQSWHOA7;WQSWHOA8;WQSWHOA9;WQSWHOG1;WQSZWA1;WQSZWA2;WQSZWA3;WQSZWA4;WQSZWA5;WQSZWA6;WQSZWA7;WQSZWA8;WQSZWA9;WQSZWCA;WQSZWG1;WQSZWSA;WQSZWSS;WQSZWSX,q3m-reference-available,docs/measurements/playable-q3m-x2-ingame-20261002-v1/current-generation.json,no-colour-variant-reference,79388,79317,,sprite/index/palette-work-plan.json,79388
0x6305,THIEF_MALE_HALFORC,character,6000,1,1,CHMT,66,65,656,180337,0x6305:body:armor-code:1:CHMT1;0x6305:body:armor-code:2:CHMT2;0x6305:body:armor-code:3:CHMT3;0x6305:body:armor-code:4:CHMT4;0x6305:helmet:item-animation-code:H0:WQLH0;0x6305:helmet:item-animation-code:H1:WQLH1;0x6305:helmet:item-animation-code:H2:WQLH2;0x6305:helmet:item-animation-code:H5:WQLH5;0x6305:helmet:item-animation-code:J0:WQLJ0;0x6305:helmet:item-animation-code:J1:WQLJ1;0x6305:helmet:item-animation-code:J2:WQLJ2;0x6305:helmet:item-animation-code:J3:WQLJ3;0x6305:helmet:item-animation-code:J4:WQLJ4;0x6305:helmet:item-animation-code:J5:WQLJ5;0x6305:helmet:item-animation-code:J6:WQLJ6;0x6305:helmet:item-animation-code:J7:WQLJ7;0x6305:helmet:item-animation-code:J8:WQLJ8;0x6305:helmet:item-animation-code:J9:WQLJ9;0x6305:helmet:item-animation-code:JA:WQLJA;0x6305:helmet:item-animation-code:JB:WQLJB;0x6305:helmet:item-animation-code:JC:WQLJC;0x6305:helmet:item-animation-code:YW:WQLYW;0x6305:helmet:item-animation-code:ZW:WQLZW;0x6305:shield:item-animation-code:C0:WQLC0;0x6305:shield:item-animation-code:C1:WQLC1;0x6305:shield:item-animation-code:C2:WQLC2;0x6305:shield:item-animation-code:C3:WQLC3;0x6305:shield:item-animation-code:C4:WQLC4;0x6305:shield:item-animation-code:C5:WQLC5;0x6305:shield:item-animation-code:C6:WQLC6;0x6305:shield:item-animation-code:C7:WQLC7;0x6305:shield:item-animation-code:D1:WQLD1;0x6305:shield:item-animation-code:D2:WQLD2;0x6305:shield:item-animation-code:D3:WQLD3;0x6305:shield:item-animation-code:D4:WQLD4;0x6305:weapon:item-animation-code:AX:WQLAX;0x6305:weapon:item-animation-code:BS:WQLBS;0x6305:weapon:item-animation-code:BW:WQLBW;0x6305:weapon:item-animation-code:CB:WQLCB;0x6305:weapon:item-animation-code:CL:WQLCL;0x6305:weapon:item-animation-code:DD:WQLDD;0x6305:weapon:item-animation-code:F0:WQLF0;0x6305:weapon:item-animation-code:F1:WQLF1;0x6305:weapon:item-animation-code:F2:WQLF2;0x6305:weapon:item-animation-code:F3:WQLF3;0x6305:weapon:item-animation-code:FL:WQLFL;0x6305:weapon:item-animation-code:FS:WQLFS;0x6305:weapon:item-animation-code:GS:WQLGS;0x6305:weapon:item-animation-code:H6:WQLH6;0x6305:weapon:item-animation-code:HB:WQLHB;0x6305:weapon:item-animation-code:M2:WQLM2;0x6305:weapon:item-animation-code:MC:WQLMC;0x6305:weapon:item-animation-code:MS:WQLMS;0x6305:weapon:item-animation-code:Q2:WQLQ2;0x6305:weapon:item-animation-code:Q3:WQLQ3;0x6305:weapon:item-animation-code:Q4:WQLQ4;0x6305:weapon:item-animation-code:QS:WQLQS;0x6305:weapon:item-animation-code:S0:WQLS0;0x6305:weapon:item-animation-code:S1:WQLS1;0x6305:weapon:item-animation-code:S2:WQLS2;0x6305:weapon:item-animation-code:S3:WQLS3;0x6305:weapon:item-animation-code:SC:WQLSC;0x6305:weapon:item-animation-code:SL:WQLSL;0x6305:weapon:item-animation-code:SP:WQLSP;0x6305:weapon:item-animation-code:SS:WQLSS;0x6305:weapon:item-animation-code:WH:WQLWH,CHMT1A1;CHMT1A2;CHMT1A3;CHMT1A4;CHMT1A5;CHMT1A6;CHMT1A7;CHMT1A8;CHMT1A9;CHMT1CA;CHMT1G1;CHMT1G11;CHMT1G12;CHMT1G13;CHMT1G14;CHMT1G15;CHMT1G16;CHMT1G17;CHMT1G18;CHMT1G19;CHMT1SA;CHMT1SS;CHMT1SX;CHMT2A1;CHMT2A2;CHMT2A3;CHMT2A4;CHMT2A5;CHMT2A6;CHMT2A7;CHMT2A8;CHMT2A9;CHMT2CA;CHMT2G1;CHMT2G11;CHMT2G12;CHMT2G13;CHMT2G14;CHMT2G15;CHMT2G16;CHMT2G17;CHMT2G18;CHMT2G19;CHMT2SA;CHMT2SS;CHMT2SX;CHMT3A1;CHMT3A2;CHMT3A3;CHMT3A4;CHMT3A5;CHMT3A6;CHMT3A7;CHMT3A8;CHMT3A9;CHMT3CA;CHMT3G1;CHMT3G11;CHMT3G12;CHMT3G13;CHMT3G14;CHMT3G15;CHMT3G16;CHMT3G17;CHMT3G18;CHMT3G19;CHMT3SA;CHMT3SS;CHMT3SX;CHMT4A1;CHMT4A2;CHMT4A3;CHMT4A4;CHMT4A5;CHMT4A6;CHMT4A7;CHMT4A8;CHMT4A9;CHMT4CA;CHMT4G1;CHMT4G11;CHMT4G12;CHMT4G13;CHMT4G14;CHMT4G15;CHMT4G16;CHMT4G17;CHMT4G18;CHMT4G19;CHMT4SA;CHMT4SS;CHMT4SX;WQLAXA1;WQLAXA3;WQLAXA5;WQLAXA7;WQLAXA8;WQLAXA9;WQLAXG1;WQLAXOA7;WQLAXOA8;WQLAXOA9;WQLAXOG1;WQLBSG1;WQLBSSA;WQLBWG1;WQLBWSA;WQLC0A1;WQLC0A3;WQLC0A5;WQLC0G1;WQLC0SS;WQLC1A1;WQLC1A3;WQLC1A5;WQLC1G1;WQLC1SS;WQLC2A1;WQLC2A3;WQLC2A5;WQLC2G1;WQLC2SS;WQLC3A1;WQLC3A3;WQLC3A5;WQLC3G1;WQLC3SS;WQLC4A1;WQLC4A3;WQLC4A5;WQLC4G1;WQLC4SS;WQLC5A1;WQLC5A3;WQLC5A5;WQLC5G1;WQLC5SS;WQLC6A1;WQLC6A3;WQLC6A5;WQLC6G1;WQLC6SS;WQLC7A1;WQLC7A3;WQLC7A5;WQLC7G1;WQLC7SS;WQLCBG1;WQLCBSX;WQLCLA1;WQLCLA3;WQLCLA5;WQLCLA7;WQLCLA8;WQLCLA9;WQLCLG1;WQLCLOA7;WQLCLOA8;WQLCLOA9;WQLCLOG1;WQLD1A1;WQLD1A3;WQLD1A5;WQLD1G1;WQLD1SS;WQLD2A1;WQLD2A3;WQLD2A5;WQLD2G1;WQLD2SS;WQLD3A1;WQLD3A3;WQLD3A5;WQLD3G1;WQLD3SS;WQLD4A1;WQLD4A3;WQLD4A5;WQLD4G1;WQLD4SS;WQLDDA1;WQLDDA3;WQLDDA5;WQLDDA7;WQLDDA8;WQLDDA9;WQLDDG1;WQLDDOA7;WQLDDOA8;WQLDDOA9;WQLDDOG1;WQLF0A1;WQLF0A3;WQLF0A5;WQLF0A7;WQLF0A8;WQLF0A9;WQLF0G1;WQLF0OA7;WQLF0OA8;WQLF0OA9;WQLF0OG1;WQLF1A1;WQLF1A3;WQLF1A5;WQLF1A7;WQLF1A8;WQLF1A9;WQLF1G1;WQLF1OA7;WQLF1OA8;WQLF1OA9;WQLF1OG1;WQLF2A1;WQLF2A3;WQLF2A5;WQLF2A7;WQLF2A8;WQLF2A9;WQLF2G1;WQLF2OA7;WQLF2OA8;WQLF2OA9;WQLF2OG1;WQLF3A1;WQLF3A3;WQLF3A5;WQLF3A7;WQLF3A8;WQLF3A9;WQLF3G1;WQLF3OA7;WQLF3OA8;WQLF3OA9;WQLF3OG1;WQLFLA1;WQLFLA3;WQLFLA5;WQLFLA7;WQLFLA8;WQLFLA9;WQLFLG1;WQLFLOA7;WQLFLOA8;WQLFLOA9;WQLFLOG1;WQLFSA1;WQLFSA3;WQLFSA5;WQLFSA7;WQLFSA8;WQLFSA9;WQLFSG1;WQLFSOA7;WQLFSOA8;WQLFSOA9;WQLFSOG1;WQLGSA2;WQLGSA4;WQLGSA6;WQLGSG1;WQLH0A1;WQLH0A2;WQLH0A3;WQLH0A4;WQLH0A5;WQLH0A6;WQLH0A7;WQLH0A8;WQLH0A9;WQLH0CA;WQLH0G1;WQLH0SA;WQLH0SS;WQLH0SX;WQLH1A1;WQLH1A2;WQLH1A3;WQLH1A4;WQLH1A5;WQLH1A6;WQLH1A7;WQLH1A8;WQLH1A9;WQLH1CA;WQLH1G1;WQLH1SA;WQLH1SS;WQLH1SX;WQLH2A1;WQLH2A2;WQLH2A3;WQLH2A4;WQLH2A5;WQLH2A6;WQLH2A7;WQLH2A8;WQLH2A9;WQLH2CA;WQLH2G1;WQLH2SA;WQLH2SS;WQLH2SX;WQLH5A1;WQLH5A2;WQLH5A3;WQLH5A4;WQLH5A5;WQLH5A6;WQLH5A7;WQLH5A8;WQLH5A9;WQLH5CA;WQLH5G1;WQLH5SA;WQLH5SS;WQLH5SX;WQLH6A1;WQLH6A2;WQLH6A3;WQLH6A4;WQLH6A5;WQLH6A6;WQLH6A7;WQLH6A8;WQLH6A9;WQLH6CA;WQLH6G1;WQLH6SA;WQLH6SS;WQLH6SX;WQLHBA2;WQLHBA4;WQLHBA6;WQLHBG1;WQLJ0A1;WQLJ0A2;WQLJ0A3;WQLJ0A4;WQLJ0A5;WQLJ0A6;WQLJ0A7;WQLJ0A8;WQLJ0A9;WQLJ0CA;WQLJ0G1;WQLJ0SA;WQLJ0SS;WQLJ0SX;WQLJ1A1;WQLJ1A2;WQLJ1A3;WQLJ1A4;WQLJ1A5;WQLJ1A6;WQLJ1A7;WQLJ1A8;WQLJ1A9;WQLJ1CA;WQLJ1G1;WQLJ1SA;WQLJ1SS;WQLJ1SX;WQLJ2A1;WQLJ2A2;WQLJ2A3;WQLJ2A4;WQLJ2A5;WQLJ2A6;WQLJ2A7;WQLJ2A8;WQLJ2A9;WQLJ2CA;WQLJ2G1;WQLJ2SA;WQLJ2SS;WQLJ2SX;WQLJ3A1;WQLJ3A2;WQLJ3A3;WQLJ3A4;WQLJ3A5;WQLJ3A6;WQLJ3A7;WQLJ3A8;WQLJ3A9;WQLJ3CA;WQLJ3G1;WQLJ3SA;WQLJ3SS;WQLJ3SX;WQLJ4A1;WQLJ4A2;WQLJ4A3;WQLJ4A4;WQLJ4A5;WQLJ4A6;WQLJ4A7;WQLJ4A8;WQLJ4A9;WQLJ4CA;WQLJ4G1;WQLJ4SA;WQLJ4SS;WQLJ4SX;WQLJ5A1;WQLJ5A2;WQLJ5A3;WQLJ5A4;WQLJ5A5;WQLJ5A6;WQLJ5A7;WQLJ5A8;WQLJ5A9;WQLJ5CA;WQLJ5G1;WQLJ5SA;WQLJ5SS;WQLJ5SX;WQLJ6A1;WQLJ6A2;WQLJ6A3;WQLJ6A4;WQLJ6A5;WQLJ6A6;WQLJ6A7;WQLJ6A8;WQLJ6A9;WQLJ6CA;WQLJ6G1;WQLJ6SA;WQLJ6SS;WQLJ6SX;WQLJ7A1;WQLJ7A2;WQLJ7A3;WQLJ7A4;WQLJ7A5;WQLJ7A6;WQLJ7A7;WQLJ7A8;WQLJ7A9;WQLJ7CA;WQLJ7G1;WQLJ7SA;WQLJ7SS;WQLJ7SX;WQLJ8A1;WQLJ8A2;WQLJ8A3;WQLJ8A4;WQLJ8A5;WQLJ8A6;WQLJ8A7;WQLJ8A8;WQLJ8A9;WQLJ8CA;WQLJ8G1;WQLJ8SA;WQLJ8SS;WQLJ8SX;WQLJ9A1;WQLJ9A2;WQLJ9A3;WQLJ9A4;WQLJ9A5;WQLJ9A6;WQLJ9A7;WQLJ9A8;WQLJ9A9;WQLJ9CA;WQLJ9G1;WQLJ9SA;WQLJ9SS;WQLJ9SX;WQLJAA1;WQLJAA2;WQLJAA3;WQLJAA4;WQLJAA5;WQLJAA6;WQLJAA7;WQLJAA8;WQLJAA9;WQLJACA;WQLJAG1;WQLJASA;WQLJASS;WQLJASX;WQLJBA1;WQLJBA2;WQLJBA3;WQLJBA4;WQLJBA5;WQLJBA6;WQLJBA7;WQLJBA8;WQLJBA9;WQLJBCA;WQLJBG1;WQLJBSA;WQLJBSS;WQLJBSX;WQLJCA1;WQLJCA2;WQLJCA3;WQLJCA4;WQLJCA5;WQLJCA6;WQLJCA7;WQLJCA8;WQLJCA9;WQLJCCA;WQLJCG1;WQLJCSA;WQLJCSS;WQLJCSX;WQLM2A1;WQLM2A3;WQLM2A5;WQLM2A7;WQLM2A8;WQLM2A9;WQLM2G1;WQLM2OA7;WQLM2OA8;WQLM2OA9;WQLM2OG1;WQLMCA1;WQLMCA3;WQLMCA5;WQLMCA7;WQLMCA8;WQLMCA9;WQLMCG1;WQLMCOA7;WQLMCOA8;WQLMCOA9;WQLMCOG1;WQLMSA1;WQLMSA3;WQLMSA5;WQLMSA7;WQLMSA8;WQLMSA9;WQLMSG1;WQLMSOA7;WQLMSOA8;WQLMSOA9;WQLMSOG1;WQLQ2A2;WQLQ2A4;WQLQ2A6;WQLQ2G1;WQLQ3A2;WQLQ3A4;WQLQ3A6;WQLQ3G1;WQLQ4A2;WQLQ4A4;WQLQ4A6;WQLQ4G1;WQLQSA2;WQLQSA4;WQLQSA6;WQLQSG1;WQLS0A1;WQLS0A3;WQLS0A5;WQLS0A7;WQLS0A8;WQLS0A9;WQLS0G1;WQLS0OA7;WQLS0OA8;WQLS0OA9;WQLS0OG1;WQLS1A1;WQLS1A3;WQLS1A5;WQLS1A7;WQLS1A8;WQLS1A9;WQLS1G1;WQLS1OA7;WQLS1OA8;WQLS1OA9;WQLS1OG1;WQLS2A2;WQLS2A4;WQLS2A6;WQLS2G1;WQLS3A1;WQLS3A3;WQLS3A5;WQLS3A7;WQLS3A8;WQLS3A9;WQLS3G1;WQLS3OA7;WQLS3OA8;WQLS3OA9;WQLS3OG1;WQLSCA1;WQLSCA3;WQLSCA5;WQLSCA7;WQLSCA8;WQLSCA9;WQLSCG1;WQLSCOA7;WQLSCOA8;WQLSCOA9;WQLSCOG1;WQLSLG1;WQLSLSS;WQLSPA2;WQLSPA4;WQLSPA6;WQLSPG1;WQLSSA1;WQLSSA3;WQLSSA5;WQLSSA7;WQLSSA8;WQLSSA9;WQLSSG1;WQLSSOA7;WQLSSOA8;WQLSSOA9;WQLSSOG1;WQLWHA1;WQLWHA3;WQLWHA5;WQLWHA7;WQLWHA8;WQLWHA9;WQLWHG1;WQLWHOA7;WQLWHOA8;WQLWHOA9;WQLWHOG1;WQLZWA1;WQLZWA2;WQLZWA3;WQLZWA4;WQLZWA5;WQLZWA6;WQLZWA7;WQLZWA8;WQLZWA9;WQLZWCA;WQLZWG1;WQLZWSA;WQLZWSS;WQLZWSX,q3m-reference-available,docs/measurements/playable-q3m-x2-ingame-20261002-v1/current-generation.json,no-colour-variant-reference,94945,94876,,sprite/index/palette-work-plan.json,94945
0x6310,THIEF_FEMALE_HUMAN,character,6000,1,1,CHFT,66,65,656,178359,0x6310:body:armor-code:1:CHFT1;0x6310:body:armor-code:2:CHFT2;0x6310:body:armor-code:3:CHFT3;0x6310:body:armor-code:4:CHFT4;0x6310:helmet:item-animation-code:H0:WQNH0;0x6310:helmet:item-animation-code:H1:WQNH1;0x6310:helmet:item-animation-code:H2:WQNH2;0x6310:helmet:item-animation-code:H5:WQNH5;0x6310:helmet:item-animation-code:J0:WQNJ0;0x6310:helmet:item-animation-code:J1:WQNJ1;0x6310:helmet:item-animation-code:J2:WQNJ2;0x6310:helmet:item-animation-code:J3:WQNJ3;0x6310:helmet:item-animation-code:J4:WQNJ4;0x6310:helmet:item-animation-code:J5:WQNJ5;0x6310:helmet:item-animation-code:J6:WQNJ6;0x6310:helmet:item-animation-code:J7:WQNJ7;0x6310:helmet:item-animation-code:J8:WQNJ8;0x6310:helmet:item-animation-code:J9:WQNJ9;0x6310:helmet:item-animation-code:JA:WQNJA;0x6310:helmet:item-animation-code:JB:WQNJB;0x6310:helmet:item-animation-code:JC:WQNJC;0x6310:helmet:item-animation-code:YW:WQNYW;0x6310:helmet:item-animation-code:ZW:WQNZW;0x6310:shield:item-animation-code:C0:WQNC0;0x6310:shield:item-animation-code:C1:WQNC1;0x6310:shield:item-animation-code:C2:WQNC2;0x6310:shield:item-animation-code:C3:WQNC3;0x6310:shield:item-animation-code:C4:WQNC4;0x6310:shield:item-animation-code:C5:WQNC5;0x6310:shield:item-animation-code:C6:WQNC6;0x6310:shield:item-animation-code:C7:WQNC7;0x6310:shield:item-animation-code:D1:WQND1;0x6310:shield:item-animation-code:D2:WQND2;0x6310:shield:item-animation-code:D3:WQND3;0x6310:shield:item-animation-code:D4:WQND4;0x6310:weapon:item-animation-code:AX:WQNAX;0x6310:weapon:item-animation-code:BS:WQNBS;0x6310:weapon:item-animation-code:BW:WQNBW;0x6310:weapon:item-animation-code:CB:WQNCB;0x6310:weapon:item-animation-code:CL:WQNCL;0x6310:weapon:item-animation-code:DD:WQNDD;0x6310:weapon:item-animation-code:F0:WQNF0;0x6310:weapon:item-animation-code:F1:WQNF1;0x6310:weapon:item-animation-code:F2:WQNF2;0x6310:weapon:item-animation-code:F3:WQNF3;0x6310:weapon:item-animation-code:FL:WQNFL;0x6310:weapon:item-animation-code:FS:WQNFS;0x6310:weapon:item-animation-code:GS:WQNGS;0x6310:weapon:item-animation-code:H6:WQNH6;0x6310:weapon:item-animation-code:HB:WQNHB;0x6310:weapon:item-animation-code:M2:WQNM2;0x6310:weapon:item-animation-code:MC:WQNMC;0x6310:weapon:item-animation-code:MS:WQNMS;0x6310:weapon:item-animation-code:Q2:WQNQ2;0x6310:weapon:item-animation-code:Q3:WQNQ3;0x6310:weapon:item-animation-code:Q4:WQNQ4;0x6310:weapon:item-animation-code:QS:WQNQS;0x6310:weapon:item-animation-code:S0:WQNS0;0x6310:weapon:item-animation-code:S1:WQNS1;0x6310:weapon:item-animation-code:S2:WQNS2;0x6310:weapon:item-animation-code:S3:WQNS3;0x6310:weapon:item-animation-code:SC:WQNSC;0x6310:weapon:item-animation-code:SL:WQNSL;0x6310:weapon:item-animation-code:SP:WQNSP;0x6310:weapon:item-animation-code:SS:WQNSS;0x6310:weapon:item-animation-code:WH:WQNWH,CHFT1A1;CHFT1A2;CHFT1A3;CHFT1A4;CHFT1A5;CHFT1A6;CHFT1A7;CHFT1A8;CHFT1A9;CHFT1CA;CHFT1G1;CHFT1G11;CHFT1G12;CHFT1G13;CHFT1G14;CHFT1G15;CHFT1G16;CHFT1G17;CHFT1G18;CHFT1G19;CHFT1SA;CHFT1SS;CHFT1SX;CHFT2A1;CHFT2A2;CHFT2A3;CHFT2A4;CHFT2A5;CHFT2A6;CHFT2A7;CHFT2A8;CHFT2A9;CHFT2CA;CHFT2G1;CHFT2G11;CHFT2G12;CHFT2G13;CHFT2G14;CHFT2G15;CHFT2G16;CHFT2G17;CHFT2G18;CHFT2G19;CHFT2SA;CHFT2SS;CHFT2SX;CHFT3A1;CHFT3A2;CHFT3A3;CHFT3A4;CHFT3A5;CHFT3A6;CHFT3A7;CHFT3A8;CHFT3A9;CHFT3CA;CHFT3G1;CHFT3G11;CHFT3G12;CHFT3G13;CHFT3G14;CHFT3G15;CHFT3G16;CHFT3G17;CHFT3G18;CHFT3G19;CHFT3SA;CHFT3SS;CHFT3SX;CHFT4A1;CHFT4A2;CHFT4A3;CHFT4A4;CHFT4A5;CHFT4A6;CHFT4A7;CHFT4A8;CHFT4A9;CHFT4CA;CHFT4G1;CHFT4G11;CHFT4G12;CHFT4G13;CHFT4G14;CHFT4G15;CHFT4G16;CHFT4G17;CHFT4G18;CHFT4G19;CHFT4SA;CHFT4SS;CHFT4SX;WQNAXA1;WQNAXA3;WQNAXA5;WQNAXA7;WQNAXA8;WQNAXA9;WQNAXG1;WQNAXOA7;WQNAXOA8;WQNAXOA9;WQNAXOG1;WQNBSG1;WQNBSSA;WQNBWG1;WQNBWSA;WQNC0A1;WQNC0A3;WQNC0A5;WQNC0G1;WQNC0SS;WQNC1A1;WQNC1A3;WQNC1A5;WQNC1G1;WQNC1SS;WQNC2A1;WQNC2A3;WQNC2A5;WQNC2G1;WQNC2SS;WQNC3A1;WQNC3A3;WQNC3A5;WQNC3G1;WQNC3SS;WQNC4A1;WQNC4A3;WQNC4A5;WQNC4G1;WQNC4SS;WQNC5A1;WQNC5A3;WQNC5A5;WQNC5G1;WQNC5SS;WQNC6A1;WQNC6A3;WQNC6A5;WQNC6G1;WQNC6SS;WQNC7A1;WQNC7A3;WQNC7A5;WQNC7G1;WQNC7SS;WQNCBG1;WQNCBSX;WQNCLA1;WQNCLA3;WQNCLA5;WQNCLA7;WQNCLA8;WQNCLA9;WQNCLG1;WQNCLOA7;WQNCLOA8;WQNCLOA9;WQNCLOG1;WQND1A1;WQND1A3;WQND1A5;WQND1G1;WQND1SS;WQND2A1;WQND2A3;WQND2A5;WQND2G1;WQND2SS;WQND3A1;WQND3A3;WQND3A5;WQND3G1;WQND3SS;WQND4A1;WQND4A3;WQND4A5;WQND4G1;WQND4SS;WQNDDA1;WQNDDA3;WQNDDA5;WQNDDA7;WQNDDA8;WQNDDA9;WQNDDG1;WQNDDOA7;WQNDDOA8;WQNDDOA9;WQNDDOG1;WQNF0A1;WQNF0A3;WQNF0A5;WQNF0A7;WQNF0A8;WQNF0A9;WQNF0G1;WQNF0OA7;WQNF0OA8;WQNF0OA9;WQNF0OG1;WQNF1A1;WQNF1A3;WQNF1A5;WQNF1A7;WQNF1A8;WQNF1A9;WQNF1G1;WQNF1OA7;WQNF1OA8;WQNF1OA9;WQNF1OG1;WQNF2A1;WQNF2A3;WQNF2A5;WQNF2A7;WQNF2A8;WQNF2A9;WQNF2G1;WQNF2OA7;WQNF2OA8;WQNF2OA9;WQNF2OG1;WQNF3A1;WQNF3A3;WQNF3A5;WQNF3A7;WQNF3A8;WQNF3A9;WQNF3G1;WQNF3OA7;WQNF3OA8;WQNF3OA9;WQNF3OG1;WQNFLA1;WQNFLA3;WQNFLA5;WQNFLA7;WQNFLA8;WQNFLA9;WQNFLG1;WQNFLOA7;WQNFLOA8;WQNFLOA9;WQNFLOG1;WQNFSA1;WQNFSA3;WQNFSA5;WQNFSA7;WQNFSA8;WQNFSA9;WQNFSG1;WQNFSOA7;WQNFSOA8;WQNFSOA9;WQNFSOG1;WQNGSA2;WQNGSA4;WQNGSA6;WQNGSG1;WQNH0A1;WQNH0A2;WQNH0A3;WQNH0A4;WQNH0A5;WQNH0A6;WQNH0A7;WQNH0A8;WQNH0A9;WQNH0CA;WQNH0G1;WQNH0SA;WQNH0SS;WQNH0SX;WQNH1A1;WQNH1A2;WQNH1A3;WQNH1A4;WQNH1A5;WQNH1A6;WQNH1A7;WQNH1A8;WQNH1A9;WQNH1CA;WQNH1G1;WQNH1SA;WQNH1SS;WQNH1SX;WQNH2A1;WQNH2A2;WQNH2A3;WQNH2A4;WQNH2A5;WQNH2A6;WQNH2A7;WQNH2A8;WQNH2A9;WQNH2CA;WQNH2G1;WQNH2SA;WQNH2SS;WQNH2SX;WQNH5A1;WQNH5A2;WQNH5A3;WQNH5A4;WQNH5A5;WQNH5A6;WQNH5A7;WQNH5A8;WQNH5A9;WQNH5CA;WQNH5G1;WQNH5SA;WQNH5SS;WQNH5SX;WQNH6A1;WQNH6A2;WQNH6A3;WQNH6A4;WQNH6A5;WQNH6A6;WQNH6A7;WQNH6A8;WQNH6A9;WQNH6CA;WQNH6G1;WQNH6SA;WQNH6SS;WQNH6SX;WQNHBA2;WQNHBA4;WQNHBA6;WQNHBG1;WQNJ0A1;WQNJ0A2;WQNJ0A3;WQNJ0A4;WQNJ0A5;WQNJ0A6;WQNJ0A7;WQNJ0A8;WQNJ0A9;WQNJ0CA;WQNJ0G1;WQNJ0SA;WQNJ0SS;WQNJ0SX;WQNJ1A1;WQNJ1A2;WQNJ1A3;WQNJ1A4;WQNJ1A5;WQNJ1A6;WQNJ1A7;WQNJ1A8;WQNJ1A9;WQNJ1CA;WQNJ1G1;WQNJ1SA;WQNJ1SS;WQNJ1SX;WQNJ2A1;WQNJ2A2;WQNJ2A3;WQNJ2A4;WQNJ2A5;WQNJ2A6;WQNJ2A7;WQNJ2A8;WQNJ2A9;WQNJ2CA;WQNJ2G1;WQNJ2SA;WQNJ2SS;WQNJ2SX;WQNJ3A1;WQNJ3A2;WQNJ3A3;WQNJ3A4;WQNJ3A5;WQNJ3A6;WQNJ3A7;WQNJ3A8;WQNJ3A9;WQNJ3CA;WQNJ3G1;WQNJ3SA;WQNJ3SS;WQNJ3SX;WQNJ4A1;WQNJ4A2;WQNJ4A3;WQNJ4A4;WQNJ4A5;WQNJ4A6;WQNJ4A7;WQNJ4A8;WQNJ4A9;WQNJ4CA;WQNJ4G1;WQNJ4SA;WQNJ4SS;WQNJ4SX;WQNJ5A1;WQNJ5A2;WQNJ5A3;WQNJ5A4;WQNJ5A5;WQNJ5A6;WQNJ5A7;WQNJ5A8;WQNJ5A9;WQNJ5CA;WQNJ5G1;WQNJ5SA;WQNJ5SS;WQNJ5SX;WQNJ6A1;WQNJ6A2;WQNJ6A3;WQNJ6A4;WQNJ6A5;WQNJ6A6;WQNJ6A7;WQNJ6A8;WQNJ6A9;WQNJ6CA;WQNJ6G1;WQNJ6SA;WQNJ6SS;WQNJ6SX;WQNJ7A1;WQNJ7A2;WQNJ7A3;WQNJ7A4;WQNJ7A5;WQNJ7A6;WQNJ7A7;WQNJ7A8;WQNJ7A9;WQNJ7CA;WQNJ7G1;WQNJ7SA;WQNJ7SS;WQNJ7SX;WQNJ8A1;WQNJ8A2;WQNJ8A3;WQNJ8A4;WQNJ8A5;WQNJ8A6;WQNJ8A7;WQNJ8A8;WQNJ8A9;WQNJ8CA;WQNJ8G1;WQNJ8SA;WQNJ8SS;WQNJ8SX;WQNJ9A1;WQNJ9A2;WQNJ9A3;WQNJ9A4;WQNJ9A5;WQNJ9A6;WQNJ9A7;WQNJ9A8;WQNJ9A9;WQNJ9CA;WQNJ9G1;WQNJ9SA;WQNJ9SS;WQNJ9SX;WQNJAA1;WQNJAA2;WQNJAA3;WQNJAA4;WQNJAA5;WQNJAA6;WQNJAA7;WQNJAA8;WQNJAA9;WQNJACA;WQNJAG1;WQNJASA;WQNJASS;WQNJASX;WQNJBA1;WQNJBA2;WQNJBA3;WQNJBA4;WQNJBA5;WQNJBA6;WQNJBA7;WQNJBA8;WQNJBA9;WQNJBCA;WQNJBG1;WQNJBSA;WQNJBSS;WQNJBSX;WQNJCA1;WQNJCA2;WQNJCA3;WQNJCA4;WQNJCA5;WQNJCA6;WQNJCA7;WQNJCA8;WQNJCA9;WQNJCCA;WQNJCG1;WQNJCSA;WQNJCSS;WQNJCSX;WQNM2A1;WQNM2A3;WQNM2A5;WQNM2A7;WQNM2A8;WQNM2A9;WQNM2G1;WQNM2OA7;WQNM2OA8;WQNM2OA9;WQNM2OG1;WQNMCA1;WQNMCA3;WQNMCA5;WQNMCA7;WQNMCA8;WQNMCA9;WQNMCG1;WQNMCOA7;WQNMCOA8;WQNMCOA9;WQNMCOG1;WQNMSA1;WQNMSA3;WQNMSA5;WQNMSA7;WQNMSA8;WQNMSA9;WQNMSG1;WQNMSOA7;WQNMSOA8;WQNMSOA9;WQNMSOG1;WQNQ2A2;WQNQ2A4;WQNQ2A6;WQNQ2G1;WQNQ3A2;WQNQ3A4;WQNQ3A6;WQNQ3G1;WQNQ4A2;WQNQ4A4;WQNQ4A6;WQNQ4G1;WQNQSA2;WQNQSA4;WQNQSA6;WQNQSG1;WQNS0A1;WQNS0A3;WQNS0A5;WQNS0A7;WQNS0A8;WQNS0A9;WQNS0G1;WQNS0OA7;WQNS0OA8;WQNS0OA9;WQNS0OG1;WQNS1A1;WQNS1A3;WQNS1A5;WQNS1A7;WQNS1A8;WQNS1A9;WQNS1G1;WQNS1OA7;WQNS1OA8;WQNS1OA9;WQNS1OG1;WQNS2A2;WQNS2A4;WQNS2A6;WQNS2G1;WQNS3A1;WQNS3A3;WQNS3A5;WQNS3A7;WQNS3A8;WQNS3A9;WQNS3G1;WQNS3OA7;WQNS3OA8;WQNS3OA9;WQNS3OG1;WQNSCA1;WQNSCA3;WQNSCA5;WQNSCA7;WQNSCA8;WQNSCA9;WQNSCG1;WQNSCOA7;WQNSCOA8;WQNSCOA9;WQNSCOG1;WQNSLG1;WQNSLSS;WQNSPA2;WQNSPA4;WQNSPA6;WQNSPG1;WQNSSA1;WQNSSA3;WQNSSA5;WQNSSA7;WQNSSA8;WQNSSA9;WQNSSG1;WQNSSOA7;WQNSSOA8;WQNSSOA9;WQNSSOG1;WQNWHA1;WQNWHA3;WQNWHA5;WQNWHA7;WQNWHA8;WQNWHA9;WQNWHG1;WQNWHOA7;WQNWHOA8;WQNWHOA9;WQNWHOG1;WQNZWA1;WQNZWA2;WQNZWA3;WQNZWA4;WQNZWA5;WQNZWA6;WQNZWA7;WQNZWA8;WQNZWA9;WQNZWCA;WQNZWG1;WQNZWSA;WQNZWSS;WQNZWSX,q3m-reference-available,docs/measurements/playable-q3m-x2-ingame-20261002-v1/current-generation.json,no-colour-variant-reference,93514,93434,,sprite/index/palette-work-plan.json,93514
0x6311,THIEF_FEMALE_ELF,character,6000,1,1,CEFT,66,65,656,180494,0x6311:body:armor-code:1:CEFT1;0x6311:body:armor-code:2:CEFT2;0x6311:body:armor-code:3:CEFT3;0x6311:body:armor-code:4:CEFT4;0x6311:helmet:item-animation-code:H0:WQMH0;0x6311:helmet:item-animation-code:H1:WQMH1;0x6311:helmet:item-animation-code:H2:WQMH2;0x6311:helmet:item-animation-code:H5:WQMH5;0x6311:helmet:item-animation-code:J0:WQMJ0;0x6311:helmet:item-animation-code:J1:WQMJ1;0x6311:helmet:item-animation-code:J2:WQMJ2;0x6311:helmet:item-animation-code:J3:WQMJ3;0x6311:helmet:item-animation-code:J4:WQMJ4;0x6311:helmet:item-animation-code:J5:WQMJ5;0x6311:helmet:item-animation-code:J6:WQMJ6;0x6311:helmet:item-animation-code:J7:WQMJ7;0x6311:helmet:item-animation-code:J8:WQMJ8;0x6311:helmet:item-animation-code:J9:WQMJ9;0x6311:helmet:item-animation-code:JA:WQMJA;0x6311:helmet:item-animation-code:JB:WQMJB;0x6311:helmet:item-animation-code:JC:WQMJC;0x6311:helmet:item-animation-code:YW:WQMYW;0x6311:helmet:item-animation-code:ZW:WQMZW;0x6311:shield:item-animation-code:C0:WQMC0;0x6311:shield:item-animation-code:C1:WQMC1;0x6311:shield:item-animation-code:C2:WQMC2;0x6311:shield:item-animation-code:C3:WQMC3;0x6311:shield:item-animation-code:C4:WQMC4;0x6311:shield:item-animation-code:C5:WQMC5;0x6311:shield:item-animation-code:C6:WQMC6;0x6311:shield:item-animation-code:C7:WQMC7;0x6311:shield:item-animation-code:D1:WQMD1;0x6311:shield:item-animation-code:D2:WQMD2;0x6311:shield:item-animation-code:D3:WQMD3;0x6311:shield:item-animation-code:D4:WQMD4;0x6311:weapon:item-animation-code:AX:WQMAX;0x6311:weapon:item-animation-code:BS:WQMBS;0x6311:weapon:item-animation-code:BW:WQMBW;0x6311:weapon:item-animation-code:CB:WQMCB;0x6311:weapon:item-animation-code:CL:WQMCL;0x6311:weapon:item-animation-code:DD:WQMDD;0x6311:weapon:item-animation-code:F0:WQMF0;0x6311:weapon:item-animation-code:F1:WQMF1;0x6311:weapon:item-animation-code:F2:WQMF2;0x6311:weapon:item-animation-code:F3:WQMF3;0x6311:weapon:item-animation-code:FL:WQMFL;0x6311:weapon:item-animation-code:FS:WQMFS;0x6311:weapon:item-animation-code:GS:WQMGS;0x6311:weapon:item-animation-code:H6:WQMH6;0x6311:weapon:item-animation-code:HB:WQMHB;0x6311:weapon:item-animation-code:M2:WQMM2;0x6311:weapon:item-animation-code:MC:WQMMC;0x6311:weapon:item-animation-code:MS:WQMMS;0x6311:weapon:item-animation-code:Q2:WQMQ2;0x6311:weapon:item-animation-code:Q3:WQMQ3;0x6311:weapon:item-animation-code:Q4:WQMQ4;0x6311:weapon:item-animation-code:QS:WQMQS;0x6311:weapon:item-animation-code:S0:WQMS0;0x6311:weapon:item-animation-code:S1:WQMS1;0x6311:weapon:item-animation-code:S2:WQMS2;0x6311:weapon:item-animation-code:S3:WQMS3;0x6311:weapon:item-animation-code:SC:WQMSC;0x6311:weapon:item-animation-code:SL:WQMSL;0x6311:weapon:item-animation-code:SP:WQMSP;0x6311:weapon:item-animation-code:SS:WQMSS;0x6311:weapon:item-animation-code:WH:WQMWH,CEFT1A1;CEFT1A2;CEFT1A3;CEFT1A4;CEFT1A5;CEFT1A6;CEFT1A7;CEFT1A8;CEFT1A9;CEFT1CA;CEFT1G1;CEFT1G11;CEFT1G12;CEFT1G13;CEFT1G14;CEFT1G15;CEFT1G16;CEFT1G17;CEFT1G18;CEFT1G19;CEFT1SA;CEFT1SS;CEFT1SX;CEFT2A1;CEFT2A2;CEFT2A3;CEFT2A4;CEFT2A5;CEFT2A6;CEFT2A7;CEFT2A8;CEFT2A9;CEFT2CA;CEFT2G1;CEFT2G11;CEFT2G12;CEFT2G13;CEFT2G14;CEFT2G15;CEFT2G16;CEFT2G17;CEFT2G18;CEFT2G19;CEFT2SA;CEFT2SS;CEFT2SX;CEFT3A1;CEFT3A2;CEFT3A3;CEFT3A4;CEFT3A5;CEFT3A6;CEFT3A7;CEFT3A8;CEFT3A9;CEFT3CA;CEFT3G1;CEFT3G11;CEFT3G12;CEFT3G13;CEFT3G14;CEFT3G15;CEFT3G16;CEFT3G17;CEFT3G18;CEFT3G19;CEFT3SA;CEFT3SS;CEFT3SX;CEFT4A1;CEFT4A2;CEFT4A3;CEFT4A4;CEFT4A5;CEFT4A6;CEFT4A7;CEFT4A8;CEFT4A9;CEFT4CA;CEFT4G1;CEFT4G11;CEFT4G12;CEFT4G13;CEFT4G14;CEFT4G15;CEFT4G16;CEFT4G17;CEFT4G18;CEFT4G19;CEFT4SA;CEFT4SS;CEFT4SX;WQMAXA1;WQMAXA3;WQMAXA5;WQMAXA7;WQMAXA8;WQMAXA9;WQMAXG1;WQMAXOA7;WQMAXOA8;WQMAXOA9;WQMAXOG1;WQMBSG1;WQMBSSA;WQMBWG1;WQMBWSA;WQMC0A1;WQMC0A3;WQMC0A5;WQMC0G1;WQMC0SS;WQMC1A1;WQMC1A3;WQMC1A5;WQMC1G1;WQMC1SS;WQMC2A1;WQMC2A3;WQMC2A5;WQMC2G1;WQMC2SS;WQMC3A1;WQMC3A3;WQMC3A5;WQMC3G1;WQMC3SS;WQMC4A1;WQMC4A3;WQMC4A5;WQMC4G1;WQMC4SS;WQMC5A1;WQMC5A3;WQMC5A5;WQMC5G1;WQMC5SS;WQMC6A1;WQMC6A3;WQMC6A5;WQMC6G1;WQMC6SS;WQMC7A1;WQMC7A3;WQMC7A5;WQMC7G1;WQMC7SS;WQMCBG1;WQMCBSX;WQMCLA1;WQMCLA3;WQMCLA5;WQMCLA7;WQMCLA8;WQMCLA9;WQMCLG1;WQMCLOA7;WQMCLOA8;WQMCLOA9;WQMCLOG1;WQMD1A1;WQMD1A3;WQMD1A5;WQMD1G1;WQMD1SS;WQMD2A1;WQMD2A3;WQMD2A5;WQMD2G1;WQMD2SS;WQMD3A1;WQMD3A3;WQMD3A5;WQMD3G1;WQMD3SS;WQMD4A1;WQMD4A3;WQMD4A5;WQMD4G1;WQMD4SS;WQMDDA1;WQMDDA3;WQMDDA5;WQMDDA7;WQMDDA8;WQMDDA9;WQMDDG1;WQMDDOA7;WQMDDOA8;WQMDDOA9;WQMDDOG1;WQMF0A1;WQMF0A3;WQMF0A5;WQMF0A7;WQMF0A8;WQMF0A9;WQMF0G1;WQMF0OA7;WQMF0OA8;WQMF0OA9;WQMF0OG1;WQMF1A1;WQMF1A3;WQMF1A5;WQMF1A7;WQMF1A8;WQMF1A9;WQMF1G1;WQMF1OA7;WQMF1OA8;WQMF1OA9;WQMF1OG1;WQMF2A1;WQMF2A3;WQMF2A5;WQMF2A7;WQMF2A8;WQMF2A9;WQMF2G1;WQMF2OA7;WQMF2OA8;WQMF2OA9;WQMF2OG1;WQMF3A1;WQMF3A3;WQMF3A5;WQMF3A7;WQMF3A8;WQMF3A9;WQMF3G1;WQMF3OA7;WQMF3OA8;WQMF3OA9;WQMF3OG1;WQMFLA1;WQMFLA3;WQMFLA5;WQMFLA7;WQMFLA8;WQMFLA9;WQMFLG1;WQMFLOA7;WQMFLOA8;WQMFLOA9;WQMFLOG1;WQMFSA1;WQMFSA3;WQMFSA5;WQMFSA7;WQMFSA8;WQMFSA9;WQMFSG1;WQMFSOA7;WQMFSOA8;WQMFSOA9;WQMFSOG1;WQMGSA2;WQMGSA4;WQMGSA6;WQMGSG1;WQMH0A1;WQMH0A2;WQMH0A3;WQMH0A4;WQMH0A5;WQMH0A6;WQMH0A7;WQMH0A8;WQMH0A9;WQMH0CA;WQMH0G1;WQMH0SA;WQMH0SS;WQMH0SX;WQMH1A1;WQMH1A2;WQMH1A3;WQMH1A4;WQMH1A5;WQMH1A6;WQMH1A7;WQMH1A8;WQMH1A9;WQMH1CA;WQMH1G1;WQMH1SA;WQMH1SS;WQMH1SX;WQMH2A1;WQMH2A2;WQMH2A3;WQMH2A4;WQMH2A5;WQMH2A6;WQMH2A7;WQMH2A8;WQMH2A9;WQMH2CA;WQMH2G1;WQMH2SA;WQMH2SS;WQMH2SX;WQMH5A1;WQMH5A2;WQMH5A3;WQMH5A4;WQMH5A5;WQMH5A6;WQMH5A7;WQMH5A8;WQMH5A9;WQMH5CA;WQMH5G1;WQMH5SA;WQMH5SS;WQMH5SX;WQMH6A1;WQMH6A2;WQMH6A3;WQMH6A4;WQMH6A5;WQMH6A6;WQMH6A7;WQMH6A8;WQMH6A9;WQMH6CA;WQMH6G1;WQMH6SA;WQMH6SS;WQMH6SX;WQMHBA2;WQMHBA4;WQMHBA6;WQMHBG1;WQMJ0A1;WQMJ0A2;WQMJ0A3;WQMJ0A4;WQMJ0A5;WQMJ0A6;WQMJ0A7;WQMJ0A8;WQMJ0A9;WQMJ0CA;WQMJ0G1;WQMJ0SA;WQMJ0SS;WQMJ0SX;WQMJ1A1;WQMJ1A2;WQMJ1A3;WQMJ1A4;WQMJ1A5;WQMJ1A6;WQMJ1A7;WQMJ1A8;WQMJ1A9;WQMJ1CA;WQMJ1G1;WQMJ1SA;WQMJ1SS;WQMJ1SX;WQMJ2A1;WQMJ2A2;WQMJ2A3;WQMJ2A4;WQMJ2A5;WQMJ2A6;WQMJ2A7;WQMJ2A8;WQMJ2A9;WQMJ2CA;WQMJ2G1;WQMJ2SA;WQMJ2SS;WQMJ2SX;WQMJ3A1;WQMJ3A2;WQMJ3A3;WQMJ3A4;WQMJ3A5;WQMJ3A6;WQMJ3A7;WQMJ3A8;WQMJ3A9;WQMJ3CA;WQMJ3G1;WQMJ3SA;WQMJ3SS;WQMJ3SX;WQMJ4A1;WQMJ4A2;WQMJ4A3;WQMJ4A4;WQMJ4A5;WQMJ4A6;WQMJ4A7;WQMJ4A8;WQMJ4A9;WQMJ4CA;WQMJ4G1;WQMJ4SA;WQMJ4SS;WQMJ4SX;WQMJ5A1;WQMJ5A2;WQMJ5A3;WQMJ5A4;WQMJ5A5;WQMJ5A6;WQMJ5A7;WQMJ5A8;WQMJ5A9;WQMJ5CA;WQMJ5G1;WQMJ5SA;WQMJ5SS;WQMJ5SX;WQMJ6A1;WQMJ6A2;WQMJ6A3;WQMJ6A4;WQMJ6A5;WQMJ6A6;WQMJ6A7;WQMJ6A8;WQMJ6A9;WQMJ6CA;WQMJ6G1;WQMJ6SA;WQMJ6SS;WQMJ6SX;WQMJ7A1;WQMJ7A2;WQMJ7A3;WQMJ7A4;WQMJ7A5;WQMJ7A6;WQMJ7A7;WQMJ7A8;WQMJ7A9;WQMJ7CA;WQMJ7G1;WQMJ7SA;WQMJ7SS;WQMJ7SX;WQMJ8A1;WQMJ8A2;WQMJ8A3;WQMJ8A4;WQMJ8A5;WQMJ8A6;WQMJ8A7;WQMJ8A8;WQMJ8A9;WQMJ8CA;WQMJ8G1;WQMJ8SA;WQMJ8SS;WQMJ8SX;WQMJ9A1;WQMJ9A2;WQMJ9A3;WQMJ9A4;WQMJ9A5;WQMJ9A6;WQMJ9A7;WQMJ9A8;WQMJ9A9;WQMJ9CA;WQMJ9G1;WQMJ9SA;WQMJ9SS;WQMJ9SX;WQMJAA1;WQMJAA2;WQMJAA3;WQMJAA4;WQMJAA5;WQMJAA6;WQMJAA7;WQMJAA8;WQMJAA9;WQMJACA;WQMJAG1;WQMJASA;WQMJASS;WQMJASX;WQMJBA1;WQMJBA2;WQMJBA3;WQMJBA4;WQMJBA5;WQMJBA6;WQMJBA7;WQMJBA8;WQMJBA9;WQMJBCA;WQMJBG1;WQMJBSA;WQMJBSS;WQMJBSX;WQMJCA1;WQMJCA2;WQMJCA3;WQMJCA4;WQMJCA5;WQMJCA6;WQMJCA7;WQMJCA8;WQMJCA9;WQMJCCA;WQMJCG1;WQMJCSA;WQMJCSS;WQMJCSX;WQMM2A1;WQMM2A3;WQMM2A5;WQMM2A7;WQMM2A8;WQMM2A9;WQMM2G1;WQMM2OA7;WQMM2OA8;WQMM2OA9;WQMM2OG1;WQMMCA1;WQMMCA3;WQMMCA5;WQMMCA7;WQMMCA8;WQMMCA9;WQMMCG1;WQMMCOA7;WQMMCOA8;WQMMCOA9;WQMMCOG1;WQMMSA1;WQMMSA3;WQMMSA5;WQMMSA7;WQMMSA8;WQMMSA9;WQMMSG1;WQMMSOA7;WQMMSOA8;WQMMSOA9;WQMMSOG1;WQMQ2A2;WQMQ2A4;WQMQ2A6;WQMQ2G1;WQMQ3A2;WQMQ3A4;WQMQ3A6;WQMQ3G1;WQMQ4A2;WQMQ4A4;WQMQ4A6;WQMQ4G1;WQMQSA2;WQMQSA4;WQMQSA6;WQMQSG1;WQMS0A1;WQMS0A3;WQMS0A5;WQMS0A7;WQMS0A8;WQMS0A9;WQMS0G1;WQMS0OA7;WQMS0OA8;WQMS0OA9;WQMS0OG1;WQMS1A1;WQMS1A3;WQMS1A5;WQMS1A7;WQMS1A8;WQMS1A9;WQMS1G1;WQMS1OA7;WQMS1OA8;WQMS1OA9;WQMS1OG1;WQMS2A2;WQMS2A4;WQMS2A6;WQMS2G1;WQMS3A1;WQMS3A3;WQMS3A5;WQMS3A7;WQMS3A8;WQMS3A9;WQMS3G1;WQMS3OA7;WQMS3OA8;WQMS3OA9;WQMS3OG1;WQMSCA1;WQMSCA3;WQMSCA5;WQMSCA7;WQMSCA8;WQMSCA9;WQMSCG1;WQMSCOA7;WQMSCOA8;WQMSCOA9;WQMSCOG1;WQMSLG1;WQMSLSS;WQMSPA2;WQMSPA4;WQMSPA6;WQMSPG1;WQMSSA1;WQMSSA3;WQMSSA5;WQMSSA7;WQMSSA8;WQMSSA9;WQMSSG1;WQMSSOA7;WQMSSOA8;WQMSSOA9;WQMSSOG1;WQMWHA1;WQMWHA3;WQMWHA5;WQMWHA7;WQMWHA8;WQMWHA9;WQMWHG1;WQMWHOA7;WQMWHOA8;WQMWHOA9;WQMWHOG1;WQMZWA1;WQMZWA2;WQMZWA3;WQMZWA4;WQMZWA5;WQMZWA6;WQMZWA7;WQMZWA8;WQMZWA9;WQMZWCA;WQMZWG1;WQMZWSA;WQMZWSS;WQMZWSX,q3m-reference-available,docs/measurements/playable-q3m-x2-ingame-20261002-v1/current-generation.json,no-colour-variant-reference,97447,97384,,sprite/index/palette-work-plan.json,97447
0x6312,THIEF_FEMALE_DWARF,character,6000,1,1,CDFT,66,65,656,178357,0x6312:body:armor-code:1:CDFT1;0x6312:body:armor-code:2:CDFT2;0x6312:body:armor-code:3:CDFT3;0x6312:body:armor-code:4:CDFT4;0x6312:helmet:item-animation-code:H0:WQSH0;0x6312:helmet:item-animation-code:H1:WQSH1;0x6312:helmet:item-animation-code:H2:WQSH2;0x6312:helmet:item-animation-code:H5:WQSH5;0x6312:helmet:item-animation-code:J0:WQSJ0;0x6312:helmet:item-animation-code:J1:WQSJ1;0x6312:helmet:item-animation-code:J2:WQSJ2;0x6312:helmet:item-animation-code:J3:WQSJ3;0x6312:helmet:item-animation-code:J4:WQSJ4;0x6312:helmet:item-animation-code:J5:WQSJ5;0x6312:helmet:item-animation-code:J6:WQSJ6;0x6312:helmet:item-animation-code:J7:WQSJ7;0x6312:helmet:item-animation-code:J8:WQSJ8;0x6312:helmet:item-animation-code:J9:WQSJ9;0x6312:helmet:item-animation-code:JA:WQSJA;0x6312:helmet:item-animation-code:JB:WQSJB;0x6312:helmet:item-animation-code:JC:WQSJC;0x6312:helmet:item-animation-code:YW:WQSYW;0x6312:helmet:item-animation-code:ZW:WQSZW;0x6312:shield:item-animation-code:C0:WQSC0;0x6312:shield:item-animation-code:C1:WQSC1;0x6312:shield:item-animation-code:C2:WQSC2;0x6312:shield:item-animation-code:C3:WQSC3;0x6312:shield:item-animation-code:C4:WQSC4;0x6312:shield:item-animation-code:C5:WQSC5;0x6312:shield:item-animation-code:C6:WQSC6;0x6312:shield:item-animation-code:C7:WQSC7;0x6312:shield:item-animation-code:D1:WQSD1;0x6312:shield:item-animation-code:D2:WQSD2;0x6312:shield:item-animation-code:D3:WQSD3;0x6312:shield:item-animation-code:D4:WQSD4;0x6312:weapon:item-animation-code:AX:WQSAX;0x6312:weapon:item-animation-code:BS:WQSBS;0x6312:weapon:item-animation-code:BW:WQSBW;0x6312:weapon:item-animation-code:CB:WQSCB;0x6312:weapon:item-animation-code:CL:WQSCL;0x6312:weapon:item-animation-code:DD:WQSDD;0x6312:weapon:item-animation-code:F0:WQSF0;0x6312:weapon:item-animation-code:F1:WQSF1;0x6312:weapon:item-animation-code:F2:WQSF2;0x6312:weapon:item-animation-code:F3:WQSF3;0x6312:weapon:item-animation-code:FL:WQSFL;0x6312:weapon:item-animation-code:FS:WQSFS;0x6312:weapon:item-animation-code:GS:WQSGS;0x6312:weapon:item-animation-code:H6:WQSH6;0x6312:weapon:item-animation-code:HB:WQSHB;0x6312:weapon:item-animation-code:M2:WQSM2;0x6312:weapon:item-animation-code:MC:WQSMC;0x6312:weapon:item-animation-code:MS:WQSMS;0x6312:weapon:item-animation-code:Q2:WQSQ2;0x6312:weapon:item-animation-code:Q3:WQSQ3;0x6312:weapon:item-animation-code:Q4:WQSQ4;0x6312:weapon:item-animation-code:QS:WQSQS;0x6312:weapon:item-animation-code:S0:WQSS0;0x6312:weapon:item-animation-code:S1:WQSS1;0x6312:weapon:item-animation-code:S2:WQSS2;0x6312:weapon:item-animation-code:S3:WQSS3;0x6312:weapon:item-animation-code:SC:WQSSC;0x6312:weapon:item-animation-code:SL:WQSSL;0x6312:weapon:item-animation-code:SP:WQSSP;0x6312:weapon:item-animation-code:SS:WQSSS;0x6312:weapon:item-animation-code:WH:WQSWH,CDFT1A1;CDFT1A2;CDFT1A3;CDFT1A4;CDFT1A5;CDFT1A6;CDFT1A7;CDFT1A8;CDFT1A9;CDFT1CA;CDFT1G1;CDFT1G11;CDFT1G12;CDFT1G13;CDFT1G14;CDFT1G15;CDFT1G16;CDFT1G17;CDFT1G18;CDFT1G19;CDFT1SA;CDFT1SS;CDFT1SX;CDFT2A1;CDFT2A2;CDFT2A3;CDFT2A4;CDFT2A5;CDFT2A6;CDFT2A7;CDFT2A8;CDFT2A9;CDFT2CA;CDFT2G1;CDFT2G11;CDFT2G12;CDFT2G13;CDFT2G14;CDFT2G15;CDFT2G16;CDFT2G17;CDFT2G18;CDFT2G19;CDFT2SA;CDFT2SS;CDFT2SX;CDFT3A1;CDFT3A2;CDFT3A3;CDFT3A4;CDFT3A5;CDFT3A6;CDFT3A7;CDFT3A8;CDFT3A9;CDFT3CA;CDFT3G1;CDFT3G11;CDFT3G12;CDFT3G13;CDFT3G14;CDFT3G15;CDFT3G16;CDFT3G17;CDFT3G18;CDFT3G19;CDFT3SA;CDFT3SS;CDFT3SX;CDFT4A1;CDFT4A2;CDFT4A3;CDFT4A4;CDFT4A5;CDFT4A6;CDFT4A7;CDFT4A8;CDFT4A9;CDFT4CA;CDFT4G1;CDFT4G11;CDFT4G12;CDFT4G13;CDFT4G14;CDFT4G15;CDFT4G16;CDFT4G17;CDFT4G18;CDFT4G19;CDFT4SA;CDFT4SS;CDFT4SX;WQSAXA1;WQSAXA3;WQSAXA5;WQSAXA7;WQSAXA8;WQSAXA9;WQSAXG1;WQSAXOA7;WQSAXOA8;WQSAXOA9;WQSAXOG1;WQSBSG1;WQSBSSA;WQSBWG1;WQSBWSA;WQSC0A1;WQSC0A3;WQSC0A5;WQSC0G1;WQSC0SS;WQSC1A1;WQSC1A3;WQSC1A5;WQSC1G1;WQSC1SS;WQSC2A1;WQSC2A3;WQSC2A5;WQSC2G1;WQSC2SS;WQSC3A1;WQSC3A3;WQSC3A5;WQSC3G1;WQSC3SS;WQSC4A1;WQSC4A3;WQSC4A5;WQSC4G1;WQSC4SS;WQSC5A1;WQSC5A3;WQSC5A5;WQSC5G1;WQSC5SS;WQSC6A1;WQSC6A3;WQSC6A5;WQSC6G1;WQSC6SS;WQSC7A1;WQSC7A3;WQSC7A5;WQSC7G1;WQSC7SS;WQSCBG1;WQSCBSX;WQSCLA1;WQSCLA3;WQSCLA5;WQSCLA7;WQSCLA8;WQSCLA9;WQSCLG1;WQSCLOA7;WQSCLOA8;WQSCLOA9;WQSCLOG1;WQSD1A1;WQSD1A3;WQSD1A5;WQSD1G1;WQSD1SS;WQSD2A1;WQSD2A3;WQSD2A5;WQSD2G1;WQSD2SS;WQSD3A1;WQSD3A3;WQSD3A5;WQSD3G1;WQSD3SS;WQSD4A1;WQSD4A3;WQSD4A5;WQSD4G1;WQSD4SS;WQSDDA1;WQSDDA3;WQSDDA5;WQSDDA7;WQSDDA8;WQSDDA9;WQSDDG1;WQSDDOA7;WQSDDOA8;WQSDDOA9;WQSDDOG1;WQSF0A1;WQSF0A3;WQSF0A5;WQSF0A7;WQSF0A8;WQSF0A9;WQSF0G1;WQSF0OA7;WQSF0OA8;WQSF0OA9;WQSF0OG1;WQSF1A1;WQSF1A3;WQSF1A5;WQSF1A7;WQSF1A8;WQSF1A9;WQSF1G1;WQSF1OA7;WQSF1OA8;WQSF1OA9;WQSF1OG1;WQSF2A1;WQSF2A3;WQSF2A5;WQSF2A7;WQSF2A8;WQSF2A9;WQSF2G1;WQSF2OA7;WQSF2OA8;WQSF2OA9;WQSF2OG1;WQSF3A1;WQSF3A3;WQSF3A5;WQSF3A7;WQSF3A8;WQSF3A9;WQSF3G1;WQSF3OA7;WQSF3OA8;WQSF3OA9;WQSF3OG1;WQSFLA1;WQSFLA3;WQSFLA5;WQSFLA7;WQSFLA8;WQSFLA9;WQSFLG1;WQSFLOA7;WQSFLOA8;WQSFLOA9;WQSFLOG1;WQSFSA1;WQSFSA3;WQSFSA5;WQSFSA7;WQSFSA8;WQSFSA9;WQSFSG1;WQSFSOA7;WQSFSOA8;WQSFSOA9;WQSFSOG1;WQSGSA2;WQSGSA4;WQSGSA6;WQSGSG1;WQSH0A1;WQSH0A2;WQSH0A3;WQSH0A4;WQSH0A5;WQSH0A6;WQSH0A7;WQSH0A8;WQSH0A9;WQSH0CA;WQSH0G1;WQSH0SA;WQSH0SS;WQSH0SX;WQSH1A1;WQSH1A2;WQSH1A3;WQSH1A4;WQSH1A5;WQSH1A6;WQSH1A7;WQSH1A8;WQSH1A9;WQSH1CA;WQSH1G1;WQSH1SA;WQSH1SS;WQSH1SX;WQSH2A1;WQSH2A2;WQSH2A3;WQSH2A4;WQSH2A5;WQSH2A6;WQSH2A7;WQSH2A8;WQSH2A9;WQSH2CA;WQSH2G1;WQSH2SA;WQSH2SS;WQSH2SX;WQSH5A1;WQSH5A2;WQSH5A3;WQSH5A4;WQSH5A5;WQSH5A6;WQSH5A7;WQSH5A8;WQSH5A9;WQSH5CA;WQSH5G1;WQSH5SA;WQSH5SS;WQSH5SX;WQSH6A1;WQSH6A2;WQSH6A3;WQSH6A4;WQSH6A5;WQSH6A6;WQSH6A7;WQSH6A8;WQSH6A9;WQSH6CA;WQSH6G1;WQSH6SA;WQSH6SS;WQSH6SX;WQSHBA2;WQSHBA4;WQSHBA6;WQSHBG1;WQSJ0A1;WQSJ0A2;WQSJ0A3;WQSJ0A4;WQSJ0A5;WQSJ0A6;WQSJ0A7;WQSJ0A8;WQSJ0A9;WQSJ0CA;WQSJ0G1;WQSJ0SA;WQSJ0SS;WQSJ0SX;WQSJ1A1;WQSJ1A2;WQSJ1A3;WQSJ1A4;WQSJ1A5;WQSJ1A6;WQSJ1A7;WQSJ1A8;WQSJ1A9;WQSJ1CA;WQSJ1G1;WQSJ1SA;WQSJ1SS;WQSJ1SX;WQSJ2A1;WQSJ2A2;WQSJ2A3;WQSJ2A4;WQSJ2A5;WQSJ2A6;WQSJ2A7;WQSJ2A8;WQSJ2A9;WQSJ2CA;WQSJ2G1;WQSJ2SA;WQSJ2SS;WQSJ2SX;WQSJ3A1;WQSJ3A2;WQSJ3A3;WQSJ3A4;WQSJ3A5;WQSJ3A6;WQSJ3A7;WQSJ3A8;WQSJ3A9;WQSJ3CA;WQSJ3G1;WQSJ3SA;WQSJ3SS;WQSJ3SX;WQSJ4A1;WQSJ4A2;WQSJ4A3;WQSJ4A4;WQSJ4A5;WQSJ4A6;WQSJ4A7;WQSJ4A8;WQSJ4A9;WQSJ4CA;WQSJ4G1;WQSJ4SA;WQSJ4SS;WQSJ4SX;WQSJ5A1;WQSJ5A2;WQSJ5A3;WQSJ5A4;WQSJ5A5;WQSJ5A6;WQSJ5A7;WQSJ5A8;WQSJ5A9;WQSJ5CA;WQSJ5G1;WQSJ5SA;WQSJ5SS;WQSJ5SX;WQSJ6A1;WQSJ6A2;WQSJ6A3;WQSJ6A4;WQSJ6A5;WQSJ6A6;WQSJ6A7;WQSJ6A8;WQSJ6A9;WQSJ6CA;WQSJ6G1;WQSJ6SA;WQSJ6SS;WQSJ6SX;WQSJ7A1;WQSJ7A2;WQSJ7A3;WQSJ7A4;WQSJ7A5;WQSJ7A6;WQSJ7A7;WQSJ7A8;WQSJ7A9;WQSJ7CA;WQSJ7G1;WQSJ7SA;WQSJ7SS;WQSJ7SX;WQSJ8A1;WQSJ8A2;WQSJ8A3;WQSJ8A4;WQSJ8A5;WQSJ8A6;WQSJ8A7;WQSJ8A8;WQSJ8A9;WQSJ8CA;WQSJ8G1;WQSJ8SA;WQSJ8SS;WQSJ8SX;WQSJ9A1;WQSJ9A2;WQSJ9A3;WQSJ9A4;WQSJ9A5;WQSJ9A6;WQSJ9A7;WQSJ9A8;WQSJ9A9;WQSJ9CA;WQSJ9G1;WQSJ9SA;WQSJ9SS;WQSJ9SX;WQSJAA1;WQSJAA2;WQSJAA3;WQSJAA4;WQSJAA5;WQSJAA6;WQSJAA7;WQSJAA8;WQSJAA9;WQSJACA;WQSJAG1;WQSJASA;WQSJASS;WQSJASX;WQSJBA1;WQSJBA2;WQSJBA3;WQSJBA4;WQSJBA5;WQSJBA6;WQSJBA7;WQSJBA8;WQSJBA9;WQSJBCA;WQSJBG1;WQSJBSA;WQSJBSS;WQSJBSX;WQSJCA1;WQSJCA2;WQSJCA3;WQSJCA4;WQSJCA5;WQSJCA6;WQSJCA7;WQSJCA8;WQSJCA9;WQSJCCA;WQSJCG1;WQSJCSA;WQSJCSS;WQSJCSX;WQSM2A1;WQSM2A3;WQSM2A5;WQSM2A7;WQSM2A8;WQSM2A9;WQSM2G1;WQSM2OA7;WQSM2OA8;WQSM2OA9;WQSM2OG1;WQSMCA1;WQSMCA3;WQSMCA5;WQSMCA7;WQSMCA8;WQSMCA9;WQSMCG1;WQSMCOA7;WQSMCOA8;WQSMCOA9;WQSMCOG1;WQSMSA1;WQSMSA3;WQSMSA5;WQSMSA7;WQSMSA8;WQSMSA9;WQSMSG1;WQSMSOA7;WQSMSOA8;WQSMSOA9;WQSMSOG1;WQSQ2A2;WQSQ2A4;WQSQ2A6;WQSQ2G1;WQSQ3A2;WQSQ3A4;WQSQ3A6;WQSQ3G1;WQSQ4A2;WQSQ4A4;WQSQ4A6;WQSQ4G1;WQSQSA2;WQSQSA4;WQSQSA6;WQSQSG1;WQSS0A1;WQSS0A3;WQSS0A5;WQSS0A7;WQSS0A8;WQSS0A9;WQSS0G1;WQSS0OA7;WQSS0OA8;WQSS0OA9;WQSS0OG1;WQSS1A1;WQSS1A3;WQSS1A5;WQSS1A7;WQSS1A8;WQSS1A9;WQSS1G1;WQSS1OA7;WQSS1OA8;WQSS1OA9;WQSS1OG1;WQSS2A2;WQSS2A4;WQSS2A6;WQSS2G1;WQSS3A1;WQSS3A3;WQSS3A5;WQSS3A7;WQSS3A8;WQSS3A9;WQSS3G1;WQSS3OA7;WQSS3OA8;WQSS3OA9;WQSS3OG1;WQSSCA1;WQSSCA3;WQSSCA5;WQSSCA7;WQSSCA8;WQSSCA9;WQSSCG1;WQSSCOA7;WQSSCOA8;WQSSCOA9;WQSSCOG1;WQSSLG1;WQSSLSS;WQSSPA2;WQSSPA4;WQSSPA6;WQSSPG1;WQSSSA1;WQSSSA3;WQSSSA5;WQSSSA7;WQSSSA8;WQSSSA9;WQSSSG1;WQSSSOA7;WQSSSOA8;WQSSSOA9;WQSSSOG1;WQSWHA1;WQSWHA3;WQSWHA5;WQSWHA7;WQSWHA8;WQSWHA9;WQSWHG1;WQSWHOA7;WQSWHOA8;WQSWHOA9;WQSWHOG1;WQSZWA1;WQSZWA2;WQSZWA3;WQSZWA4;WQSZWA5;WQSZWA6;WQSZWA7;WQSZWA8;WQSZWA9;WQSZWCA;WQSZWG1;WQSZWSA;WQSZWSS;WQSZWSX,q3m-reference-available,docs/measurements/playable-q3m-x2-ingame-20261002-v1/current-generation.json,no-colour-variant-reference,94396,94323,,sprite/index/palette-work-plan.json,94396
0x6313,THIEF_FEMALE_HALFLING,character,6000,1,1,CIFT,66,65,656,178357,0x6313:body:armor-code:1:CIFT1;0x6313:body:armor-code:2:CIFT2;0x6313:body:armor-code:3:CIFT3;0x6313:body:armor-code:4:CIFT4;0x6313:helmet:item-animation-code:H0:WQSH0;0x6313:helmet:item-animation-code:H1:WQSH1;0x6313:helmet:item-animation-code:H2:WQSH2;0x6313:helmet:item-animation-code:H5:WQSH5;0x6313:helmet:item-animation-code:J0:WQSJ0;0x6313:helmet:item-animation-code:J1:WQSJ1;0x6313:helmet:item-animation-code:J2:WQSJ2;0x6313:helmet:item-animation-code:J3:WQSJ3;0x6313:helmet:item-animation-code:J4:WQSJ4;0x6313:helmet:item-animation-code:J5:WQSJ5;0x6313:helmet:item-animation-code:J6:WQSJ6;0x6313:helmet:item-animation-code:J7:WQSJ7;0x6313:helmet:item-animation-code:J8:WQSJ8;0x6313:helmet:item-animation-code:J9:WQSJ9;0x6313:helmet:item-animation-code:JA:WQSJA;0x6313:helmet:item-animation-code:JB:WQSJB;0x6313:helmet:item-animation-code:JC:WQSJC;0x6313:helmet:item-animation-code:YW:WQSYW;0x6313:helmet:item-animation-code:ZW:WQSZW;0x6313:shield:item-animation-code:C0:WQSC0;0x6313:shield:item-animation-code:C1:WQSC1;0x6313:shield:item-animation-code:C2:WQSC2;0x6313:shield:item-animation-code:C3:WQSC3;0x6313:shield:item-animation-code:C4:WQSC4;0x6313:shield:item-animation-code:C5:WQSC5;0x6313:shield:item-animation-code:C6:WQSC6;0x6313:shield:item-animation-code:C7:WQSC7;0x6313:shield:item-animation-code:D1:WQSD1;0x6313:shield:item-animation-code:D2:WQSD2;0x6313:shield:item-animation-code:D3:WQSD3;0x6313:shield:item-animation-code:D4:WQSD4;0x6313:weapon:item-animation-code:AX:WQSAX;0x6313:weapon:item-animation-code:BS:WQSBS;0x6313:weapon:item-animation-code:BW:WQSBW;0x6313:weapon:item-animation-code:CB:WQSCB;0x6313:weapon:item-animation-code:CL:WQSCL;0x6313:weapon:item-animation-code:DD:WQSDD;0x6313:weapon:item-animation-code:F0:WQSF0;0x6313:weapon:item-animation-code:F1:WQSF1;0x6313:weapon:item-animation-code:F2:WQSF2;0x6313:weapon:item-animation-code:F3:WQSF3;0x6313:weapon:item-animation-code:FL:WQSFL;0x6313:weapon:item-animation-code:FS:WQSFS;0x6313:weapon:item-animation-code:GS:WQSGS;0x6313:weapon:item-animation-code:H6:WQSH6;0x6313:weapon:item-animation-code:HB:WQSHB;0x6313:weapon:item-animation-code:M2:WQSM2;0x6313:weapon:item-animation-code:MC:WQSMC;0x6313:weapon:item-animation-code:MS:WQSMS;0x6313:weapon:item-animation-code:Q2:WQSQ2;0x6313:weapon:item-animation-code:Q3:WQSQ3;0x6313:weapon:item-animation-code:Q4:WQSQ4;0x6313:weapon:item-animation-code:QS:WQSQS;0x6313:weapon:item-animation-code:S0:WQSS0;0x6313:weapon:item-animation-code:S1:WQSS1;0x6313:weapon:item-animation-code:S2:WQSS2;0x6313:weapon:item-animation-code:S3:WQSS3;0x6313:weapon:item-animation-code:SC:WQSSC;0x6313:weapon:item-animation-code:SL:WQSSL;0x6313:weapon:item-animation-code:SP:WQSSP;0x6313:weapon:item-animation-code:SS:WQSSS;0x6313:weapon:item-animation-code:WH:WQSWH,CIFT1A1;CIFT1A2;CIFT1A3;CIFT1A4;CIFT1A5;CIFT1A6;CIFT1A7;CIFT1A8;CIFT1A9;CIFT1CA;CIFT1G1;CIFT1G11;CIFT1G12;CIFT1G13;CIFT1G14;CIFT1G15;CIFT1G16;CIFT1G17;CIFT1G18;CIFT1G19;CIFT1SA;CIFT1SS;CIFT1SX;CIFT2A1;CIFT2A2;CIFT2A3;CIFT2A4;CIFT2A5;CIFT2A6;CIFT2A7;CIFT2A8;CIFT2A9;CIFT2CA;CIFT2G1;CIFT2G11;CIFT2G12;CIFT2G13;CIFT2G14;CIFT2G15;CIFT2G16;CIFT2G17;CIFT2G18;CIFT2G19;CIFT2SA;CIFT2SS;CIFT2SX;CIFT3A1;CIFT3A2;CIFT3A3;CIFT3A4;CIFT3A5;CIFT3A6;CIFT3A7;CIFT3A8;CIFT3A9;CIFT3CA;CIFT3G1;CIFT3G11;CIFT3G12;CIFT3G13;CIFT3G14;CIFT3G15;CIFT3G16;CIFT3G17;CIFT3G18;CIFT3G19;CIFT3SA;CIFT3SS;CIFT3SX;CIFT4A1;CIFT4A2;CIFT4A3;CIFT4A4;CIFT4A5;CIFT4A6;CIFT4A7;CIFT4A8;CIFT4A9;CIFT4CA;CIFT4G1;CIFT4G11;CIFT4G12;CIFT4G13;CIFT4G14;CIFT4G15;CIFT4G16;CIFT4G17;CIFT4G18;CIFT4G19;CIFT4SA;CIFT4SS;CIFT4SX;WQSAXA1;WQSAXA3;WQSAXA5;WQSAXA7;WQSAXA8;WQSAXA9;WQSAXG1;WQSAXOA7;WQSAXOA8;WQSAXOA9;WQSAXOG1;WQSBSG1;WQSBSSA;WQSBWG1;WQSBWSA;WQSC0A1;WQSC0A3;WQSC0A5;WQSC0G1;WQSC0SS;WQSC1A1;WQSC1A3;WQSC1A5;WQSC1G1;WQSC1SS;WQSC2A1;WQSC2A3;WQSC2A5;WQSC2G1;WQSC2SS;WQSC3A1;WQSC3A3;WQSC3A5;WQSC3G1;WQSC3SS;WQSC4A1;WQSC4A3;WQSC4A5;WQSC4G1;WQSC4SS;WQSC5A1;WQSC5A3;WQSC5A5;WQSC5G1;WQSC5SS;WQSC6A1;WQSC6A3;WQSC6A5;WQSC6G1;WQSC6SS;WQSC7A1;WQSC7A3;WQSC7A5;WQSC7G1;WQSC7SS;WQSCBG1;WQSCBSX;WQSCLA1;WQSCLA3;WQSCLA5;WQSCLA7;WQSCLA8;WQSCLA9;WQSCLG1;WQSCLOA7;WQSCLOA8;WQSCLOA9;WQSCLOG1;WQSD1A1;WQSD1A3;WQSD1A5;WQSD1G1;WQSD1SS;WQSD2A1;WQSD2A3;WQSD2A5;WQSD2G1;WQSD2SS;WQSD3A1;WQSD3A3;WQSD3A5;WQSD3G1;WQSD3SS;WQSD4A1;WQSD4A3;WQSD4A5;WQSD4G1;WQSD4SS;WQSDDA1;WQSDDA3;WQSDDA5;WQSDDA7;WQSDDA8;WQSDDA9;WQSDDG1;WQSDDOA7;WQSDDOA8;WQSDDOA9;WQSDDOG1;WQSF0A1;WQSF0A3;WQSF0A5;WQSF0A7;WQSF0A8;WQSF0A9;WQSF0G1;WQSF0OA7;WQSF0OA8;WQSF0OA9;WQSF0OG1;WQSF1A1;WQSF1A3;WQSF1A5;WQSF1A7;WQSF1A8;WQSF1A9;WQSF1G1;WQSF1OA7;WQSF1OA8;WQSF1OA9;WQSF1OG1;WQSF2A1;WQSF2A3;WQSF2A5;WQSF2A7;WQSF2A8;WQSF2A9;WQSF2G1;WQSF2OA7;WQSF2OA8;WQSF2OA9;WQSF2OG1;WQSF3A1;WQSF3A3;WQSF3A5;WQSF3A7;WQSF3A8;WQSF3A9;WQSF3G1;WQSF3OA7;WQSF3OA8;WQSF3OA9;WQSF3OG1;WQSFLA1;WQSFLA3;WQSFLA5;WQSFLA7;WQSFLA8;WQSFLA9;WQSFLG1;WQSFLOA7;WQSFLOA8;WQSFLOA9;WQSFLOG1;WQSFSA1;WQSFSA3;WQSFSA5;WQSFSA7;WQSFSA8;WQSFSA9;WQSFSG1;WQSFSOA7;WQSFSOA8;WQSFSOA9;WQSFSOG1;WQSGSA2;WQSGSA4;WQSGSA6;WQSGSG1;WQSH0A1;WQSH0A2;WQSH0A3;WQSH0A4;WQSH0A5;WQSH0A6;WQSH0A7;WQSH0A8;WQSH0A9;WQSH0CA;WQSH0G1;WQSH0SA;WQSH0SS;WQSH0SX;WQSH1A1;WQSH1A2;WQSH1A3;WQSH1A4;WQSH1A5;WQSH1A6;WQSH1A7;WQSH1A8;WQSH1A9;WQSH1CA;WQSH1G1;WQSH1SA;WQSH1SS;WQSH1SX;WQSH2A1;WQSH2A2;WQSH2A3;WQSH2A4;WQSH2A5;WQSH2A6;WQSH2A7;WQSH2A8;WQSH2A9;WQSH2CA;WQSH2G1;WQSH2SA;WQSH2SS;WQSH2SX;WQSH5A1;WQSH5A2;WQSH5A3;WQSH5A4;WQSH5A5;WQSH5A6;WQSH5A7;WQSH5A8;WQSH5A9;WQSH5CA;WQSH5G1;WQSH5SA;WQSH5SS;WQSH5SX;WQSH6A1;WQSH6A2;WQSH6A3;WQSH6A4;WQSH6A5;WQSH6A6;WQSH6A7;WQSH6A8;WQSH6A9;WQSH6CA;WQSH6G1;WQSH6SA;WQSH6SS;WQSH6SX;WQSHBA2;WQSHBA4;WQSHBA6;WQSHBG1;WQSJ0A1;WQSJ0A2;WQSJ0A3;WQSJ0A4;WQSJ0A5;WQSJ0A6;WQSJ0A7;WQSJ0A8;WQSJ0A9;WQSJ0CA;WQSJ0G1;WQSJ0SA;WQSJ0SS;WQSJ0SX;WQSJ1A1;WQSJ1A2;WQSJ1A3;WQSJ1A4;WQSJ1A5;WQSJ1A6;WQSJ1A7;WQSJ1A8;WQSJ1A9;WQSJ1CA;WQSJ1G1;WQSJ1SA;WQSJ1SS;WQSJ1SX;WQSJ2A1;WQSJ2A2;WQSJ2A3;WQSJ2A4;WQSJ2A5;WQSJ2A6;WQSJ2A7;WQSJ2A8;WQSJ2A9;WQSJ2CA;WQSJ2G1;WQSJ2SA;WQSJ2SS;WQSJ2SX;WQSJ3A1;WQSJ3A2;WQSJ3A3;WQSJ3A4;WQSJ3A5;WQSJ3A6;WQSJ3A7;WQSJ3A8;WQSJ3A9;WQSJ3CA;WQSJ3G1;WQSJ3SA;WQSJ3SS;WQSJ3SX;WQSJ4A1;WQSJ4A2;WQSJ4A3;WQSJ4A4;WQSJ4A5;WQSJ4A6;WQSJ4A7;WQSJ4A8;WQSJ4A9;WQSJ4CA;WQSJ4G1;WQSJ4SA;WQSJ4SS;WQSJ4SX;WQSJ5A1;WQSJ5A2;WQSJ5A3;WQSJ5A4;WQSJ5A5;WQSJ5A6;WQSJ5A7;WQSJ5A8;WQSJ5A9;WQSJ5CA;WQSJ5G1;WQSJ5SA;WQSJ5SS;WQSJ5SX;WQSJ6A1;WQSJ6A2;WQSJ6A3;WQSJ6A4;WQSJ6A5;WQSJ6A6;WQSJ6A7;WQSJ6A8;WQSJ6A9;WQSJ6CA;WQSJ6G1;WQSJ6SA;WQSJ6SS;WQSJ6SX;WQSJ7A1;WQSJ7A2;WQSJ7A3;WQSJ7A4;WQSJ7A5;WQSJ7A6;WQSJ7A7;WQSJ7A8;WQSJ7A9;WQSJ7CA;WQSJ7G1;WQSJ7SA;WQSJ7SS;WQSJ7SX;WQSJ8A1;WQSJ8A2;WQSJ8A3;WQSJ8A4;WQSJ8A5;WQSJ8A6;WQSJ8A7;WQSJ8A8;WQSJ8A9;WQSJ8CA;WQSJ8G1;WQSJ8SA;WQSJ8SS;WQSJ8SX;WQSJ9A1;WQSJ9A2;WQSJ9A3;WQSJ9A4;WQSJ9A5;WQSJ9A6;WQSJ9A7;WQSJ9A8;WQSJ9A9;WQSJ9CA;WQSJ9G1;WQSJ9SA;WQSJ9SS;WQSJ9SX;WQSJAA1;WQSJAA2;WQSJAA3;WQSJAA4;WQSJAA5;WQSJAA6;WQSJAA7;WQSJAA8;WQSJAA9;WQSJACA;WQSJAG1;WQSJASA;WQSJASS;WQSJASX;WQSJBA1;WQSJBA2;WQSJBA3;WQSJBA4;WQSJBA5;WQSJBA6;WQSJBA7;WQSJBA8;WQSJBA9;WQSJBCA;WQSJBG1;WQSJBSA;WQSJBSS;WQSJBSX;WQSJCA1;WQSJCA2;WQSJCA3;WQSJCA4;WQSJCA5;WQSJCA6;WQSJCA7;WQSJCA8;WQSJCA9;WQSJCCA;WQSJCG1;WQSJCSA;WQSJCSS;WQSJCSX;WQSM2A1;WQSM2A3;WQSM2A5;WQSM2A7;WQSM2A8;WQSM2A9;WQSM2G1;WQSM2OA7;WQSM2OA8;WQSM2OA9;WQSM2OG1;WQSMCA1;WQSMCA3;WQSMCA5;WQSMCA7;WQSMCA8;WQSMCA9;WQSMCG1;WQSMCOA7;WQSMCOA8;WQSMCOA9;WQSMCOG1;WQSMSA1;WQSMSA3;WQSMSA5;WQSMSA7;WQSMSA8;WQSMSA9;WQSMSG1;WQSMSOA7;WQSMSOA8;WQSMSOA9;WQSMSOG1;WQSQ2A2;WQSQ2A4;WQSQ2A6;WQSQ2G1;WQSQ3A2;WQSQ3A4;WQSQ3A6;WQSQ3G1;WQSQ4A2;WQSQ4A4;WQSQ4A6;WQSQ4G1;WQSQSA2;WQSQSA4;WQSQSA6;WQSQSG1;WQSS0A1;WQSS0A3;WQSS0A5;WQSS0A7;WQSS0A8;WQSS0A9;WQSS0G1;WQSS0OA7;WQSS0OA8;WQSS0OA9;WQSS0OG1;WQSS1A1;WQSS1A3;WQSS1A5;WQSS1A7;WQSS1A8;WQSS1A9;WQSS1G1;WQSS1OA7;WQSS1OA8;WQSS1OA9;WQSS1OG1;WQSS2A2;WQSS2A4;WQSS2A6;WQSS2G1;WQSS3A1;WQSS3A3;WQSS3A5;WQSS3A7;WQSS3A8;WQSS3A9;WQSS3G1;WQSS3OA7;WQSS3OA8;WQSS3OA9;WQSS3OG1;WQSSCA1;WQSSCA3;WQSSCA5;WQSSCA7;WQSSCA8;WQSSCA9;WQSSCG1;WQSSCOA7;WQSSCOA8;WQSSCOA9;WQSSCOG1;WQSSLG1;WQSSLSS;WQSSPA2;WQSSPA4;WQSSPA6;WQSSPG1;WQSSSA1;WQSSSA3;WQSSSA5;WQSSSA7;WQSSSA8;WQSSSA9;WQSSSG1;WQSSSOA7;WQSSSOA8;WQSSSOA9;WQSSSOG1;WQSWHA1;WQSWHA3;WQSWHA5;WQSWHA7;WQSWHA8;WQSWHA9;WQSWHG1;WQSWHOA7;WQSWHOA8;WQSWHOA9;WQSWHOG1;WQSZWA1;WQSZWA2;WQSZWA3;WQSZWA4;WQSZWA5;WQSZWA6;WQSZWA7;WQSZWA8;WQSZWA9;WQSZWCA;WQSZWG1;WQSZWSA;WQSZWSS;WQSZWSX,q3m-reference-available,docs/measurements/playable-q3m-x2-ingame-20261002-v1/current-generation.json,no-colour-variant-reference,94758,94685,,sprite/index/palette-work-plan.json,94758
0x6314,THIEF_FEMALE_GNOME,character,6000,1,1,CIFT,66,53,596,161725,0x6314:body:armor-code:1:CIFT1;0x6314:body:armor-code:2:CIFT2;0x6314:body:armor-code:3:CIFT3;0x6314:body:armor-code:4:CIFT4;0x6314:helmet:item-animation-code:H0:WQSH0;0x6314:helmet:item-animation-code:H1:WQSH1;0x6314:helmet:item-animation-code:H2:WQSH2;0x6314:helmet:item-animation-code:H5:WQSH5;0x6314:helmet:item-animation-code:J0:WQSJ0;0x6314:helmet:item-animation-code:J1:WQSJ1;0x6314:helmet:item-animation-code:J2:WQSJ2;0x6314:helmet:item-animation-code:J3:WQSJ3;0x6314:helmet:item-animation-code:J4:WQSJ4;0x6314:helmet:item-animation-code:J5:WQSJ5;0x6314:helmet:item-animation-code:J6:WQSJ6;0x6314:helmet:item-animation-code:J7:WQSJ7;0x6314:helmet:item-animation-code:J8:WQSJ8;0x6314:helmet:item-animation-code:J9:WQSJ9;0x6314:helmet:item-animation-code:JA:WQSJA;0x6314:helmet:item-animation-code:JB:WQSJB;0x6314:helmet:item-animation-code:JC:WQSJC;0x6314:helmet:item-animation-code:YW:WQSYW;0x6314:helmet:item-animation-code:ZW:WQSZW;0x6314:shield:item-animation-code:C0:WQHC0;0x6314:shield:item-animation-code:C1:WQHC1;0x6314:shield:item-animation-code:C2:WQHC2;0x6314:shield:item-animation-code:C3:WQHC3;0x6314:shield:item-animation-code:C4:WQHC4;0x6314:shield:item-animation-code:C5:WQHC5;0x6314:shield:item-animation-code:C6:WQHC6;0x6314:shield:item-animation-code:C7:WQHC7;0x6314:shield:item-animation-code:D1:WQHD1;0x6314:shield:item-animation-code:D2:WQHD2;0x6314:shield:item-animation-code:D3:WQHD3;0x6314:shield:item-animation-code:D4:WQHD4;0x6314:weapon:item-animation-code:AX:WQSAX;0x6314:weapon:item-animation-code:BS:WQSBS;0x6314:weapon:item-animation-code:BW:WQSBW;0x6314:weapon:item-animation-code:CB:WQSCB;0x6314:weapon:item-animation-code:CL:WQSCL;0x6314:weapon:item-animation-code:DD:WQSDD;0x6314:weapon:item-animation-code:F0:WQSF0;0x6314:weapon:item-animation-code:F1:WQSF1;0x6314:weapon:item-animation-code:F2:WQSF2;0x6314:weapon:item-animation-code:F3:WQSF3;0x6314:weapon:item-animation-code:FL:WQSFL;0x6314:weapon:item-animation-code:FS:WQSFS;0x6314:weapon:item-animation-code:GS:WQSGS;0x6314:weapon:item-animation-code:H6:WQSH6;0x6314:weapon:item-animation-code:HB:WQSHB;0x6314:weapon:item-animation-code:M2:WQSM2;0x6314:weapon:item-animation-code:MC:WQSMC;0x6314:weapon:item-animation-code:MS:WQSMS;0x6314:weapon:item-animation-code:Q2:WQSQ2;0x6314:weapon:item-animation-code:Q3:WQSQ3;0x6314:weapon:item-animation-code:Q4:WQSQ4;0x6314:weapon:item-animation-code:QS:WQSQS;0x6314:weapon:item-animation-code:S0:WQSS0;0x6314:weapon:item-animation-code:S1:WQSS1;0x6314:weapon:item-animation-code:S2:WQSS2;0x6314:weapon:item-animation-code:S3:WQSS3;0x6314:weapon:item-animation-code:SC:WQSSC;0x6314:weapon:item-animation-code:SL:WQSSL;0x6314:weapon:item-animation-code:SP:WQSSP;0x6314:weapon:item-animation-code:SS:WQSSS;0x6314:weapon:item-animation-code:WH:WQSWH,CIFT1A1;CIFT1A2;CIFT1A3;CIFT1A4;CIFT1A5;CIFT1A6;CIFT1A7;CIFT1A8;CIFT1A9;CIFT1CA;CIFT1G1;CIFT1G11;CIFT1G12;CIFT1G13;CIFT1G14;CIFT1G15;CIFT1G16;CIFT1G17;CIFT1G18;CIFT1G19;CIFT1SA;CIFT1SS;CIFT1SX;CIFT2A1;CIFT2A2;CIFT2A3;CIFT2A4;CIFT2A5;CIFT2A6;CIFT2A7;CIFT2A8;CIFT2A9;CIFT2CA;CIFT2G1;CIFT2G11;CIFT2G12;CIFT2G13;CIFT2G14;CIFT2G15;CIFT2G16;CIFT2G17;CIFT2G18;CIFT2G19;CIFT2SA;CIFT2SS;CIFT2SX;CIFT3A1;CIFT3A2;CIFT3A3;CIFT3A4;CIFT3A5;CIFT3A6;CIFT3A7;CIFT3A8;CIFT3A9;CIFT3CA;CIFT3G1;CIFT3G11;CIFT3G12;CIFT3G13;CIFT3G14;CIFT3G15;CIFT3G16;CIFT3G17;CIFT3G18;CIFT3G19;CIFT3SA;CIFT3SS;CIFT3SX;CIFT4A1;CIFT4A2;CIFT4A3;CIFT4A4;CIFT4A5;CIFT4A6;CIFT4A7;CIFT4A8;CIFT4A9;CIFT4CA;CIFT4G1;CIFT4G11;CIFT4G12;CIFT4G13;CIFT4G14;CIFT4G15;CIFT4G16;CIFT4G17;CIFT4G18;CIFT4G19;CIFT4SA;CIFT4SS;CIFT4SX;WQSAXA1;WQSAXA3;WQSAXA5;WQSAXA7;WQSAXA8;WQSAXA9;WQSAXG1;WQSAXOA7;WQSAXOA8;WQSAXOA9;WQSAXOG1;WQSBSG1;WQSBSSA;WQSBWG1;WQSBWSA;WQSCBG1;WQSCBSX;WQSCLA1;WQSCLA3;WQSCLA5;WQSCLA7;WQSCLA8;WQSCLA9;WQSCLG1;WQSCLOA7;WQSCLOA8;WQSCLOA9;WQSCLOG1;WQSDDA1;WQSDDA3;WQSDDA5;WQSDDA7;WQSDDA8;WQSDDA9;WQSDDG1;WQSDDOA7;WQSDDOA8;WQSDDOA9;WQSDDOG1;WQSF0A1;WQSF0A3;WQSF0A5;WQSF0A7;WQSF0A8;WQSF0A9;WQSF0G1;WQSF0OA7;WQSF0OA8;WQSF0OA9;WQSF0OG1;WQSF1A1;WQSF1A3;WQSF1A5;WQSF1A7;WQSF1A8;WQSF1A9;WQSF1G1;WQSF1OA7;WQSF1OA8;WQSF1OA9;WQSF1OG1;WQSF2A1;WQSF2A3;WQSF2A5;WQSF2A7;WQSF2A8;WQSF2A9;WQSF2G1;WQSF2OA7;WQSF2OA8;WQSF2OA9;WQSF2OG1;WQSF3A1;WQSF3A3;WQSF3A5;WQSF3A7;WQSF3A8;WQSF3A9;WQSF3G1;WQSF3OA7;WQSF3OA8;WQSF3OA9;WQSF3OG1;WQSFLA1;WQSFLA3;WQSFLA5;WQSFLA7;WQSFLA8;WQSFLA9;WQSFLG1;WQSFLOA7;WQSFLOA8;WQSFLOA9;WQSFLOG1;WQSFSA1;WQSFSA3;WQSFSA5;WQSFSA7;WQSFSA8;WQSFSA9;WQSFSG1;WQSFSOA7;WQSFSOA8;WQSFSOA9;WQSFSOG1;WQSGSA2;WQSGSA4;WQSGSA6;WQSGSG1;WQSH0A1;WQSH0A2;WQSH0A3;WQSH0A4;WQSH0A5;WQSH0A6;WQSH0A7;WQSH0A8;WQSH0A9;WQSH0CA;WQSH0G1;WQSH0SA;WQSH0SS;WQSH0SX;WQSH1A1;WQSH1A2;WQSH1A3;WQSH1A4;WQSH1A5;WQSH1A6;WQSH1A7;WQSH1A8;WQSH1A9;WQSH1CA;WQSH1G1;WQSH1SA;WQSH1SS;WQSH1SX;WQSH2A1;WQSH2A2;WQSH2A3;WQSH2A4;WQSH2A5;WQSH2A6;WQSH2A7;WQSH2A8;WQSH2A9;WQSH2CA;WQSH2G1;WQSH2SA;WQSH2SS;WQSH2SX;WQSH5A1;WQSH5A2;WQSH5A3;WQSH5A4;WQSH5A5;WQSH5A6;WQSH5A7;WQSH5A8;WQSH5A9;WQSH5CA;WQSH5G1;WQSH5SA;WQSH5SS;WQSH5SX;WQSH6A1;WQSH6A2;WQSH6A3;WQSH6A4;WQSH6A5;WQSH6A6;WQSH6A7;WQSH6A8;WQSH6A9;WQSH6CA;WQSH6G1;WQSH6SA;WQSH6SS;WQSH6SX;WQSHBA2;WQSHBA4;WQSHBA6;WQSHBG1;WQSJ0A1;WQSJ0A2;WQSJ0A3;WQSJ0A4;WQSJ0A5;WQSJ0A6;WQSJ0A7;WQSJ0A8;WQSJ0A9;WQSJ0CA;WQSJ0G1;WQSJ0SA;WQSJ0SS;WQSJ0SX;WQSJ1A1;WQSJ1A2;WQSJ1A3;WQSJ1A4;WQSJ1A5;WQSJ1A6;WQSJ1A7;WQSJ1A8;WQSJ1A9;WQSJ1CA;WQSJ1G1;WQSJ1SA;WQSJ1SS;WQSJ1SX;WQSJ2A1;WQSJ2A2;WQSJ2A3;WQSJ2A4;WQSJ2A5;WQSJ2A6;WQSJ2A7;WQSJ2A8;WQSJ2A9;WQSJ2CA;WQSJ2G1;WQSJ2SA;WQSJ2SS;WQSJ2SX;WQSJ3A1;WQSJ3A2;WQSJ3A3;WQSJ3A4;WQSJ3A5;WQSJ3A6;WQSJ3A7;WQSJ3A8;WQSJ3A9;WQSJ3CA;WQSJ3G1;WQSJ3SA;WQSJ3SS;WQSJ3SX;WQSJ4A1;WQSJ4A2;WQSJ4A3;WQSJ4A4;WQSJ4A5;WQSJ4A6;WQSJ4A7;WQSJ4A8;WQSJ4A9;WQSJ4CA;WQSJ4G1;WQSJ4SA;WQSJ4SS;WQSJ4SX;WQSJ5A1;WQSJ5A2;WQSJ5A3;WQSJ5A4;WQSJ5A5;WQSJ5A6;WQSJ5A7;WQSJ5A8;WQSJ5A9;WQSJ5CA;WQSJ5G1;WQSJ5SA;WQSJ5SS;WQSJ5SX;WQSJ6A1;WQSJ6A2;WQSJ6A3;WQSJ6A4;WQSJ6A5;WQSJ6A6;WQSJ6A7;WQSJ6A8;WQSJ6A9;WQSJ6CA;WQSJ6G1;WQSJ6SA;WQSJ6SS;WQSJ6SX;WQSJ7A1;WQSJ7A2;WQSJ7A3;WQSJ7A4;WQSJ7A5;WQSJ7A6;WQSJ7A7;WQSJ7A8;WQSJ7A9;WQSJ7CA;WQSJ7G1;WQSJ7SA;WQSJ7SS;WQSJ7SX;WQSJ8A1;WQSJ8A2;WQSJ8A3;WQSJ8A4;WQSJ8A5;WQSJ8A6;WQSJ8A7;WQSJ8A8;WQSJ8A9;WQSJ8CA;WQSJ8G1;WQSJ8SA;WQSJ8SS;WQSJ8SX;WQSJ9A1;WQSJ9A2;WQSJ9A3;WQSJ9A4;WQSJ9A5;WQSJ9A6;WQSJ9A7;WQSJ9A8;WQSJ9A9;WQSJ9CA;WQSJ9G1;WQSJ9SA;WQSJ9SS;WQSJ9SX;WQSJAA1;WQSJAA2;WQSJAA3;WQSJAA4;WQSJAA5;WQSJAA6;WQSJAA7;WQSJAA8;WQSJAA9;WQSJACA;WQSJAG1;WQSJASA;WQSJASS;WQSJASX;WQSJBA1;WQSJBA2;WQSJBA3;WQSJBA4;WQSJBA5;WQSJBA6;WQSJBA7;WQSJBA8;WQSJBA9;WQSJBCA;WQSJBG1;WQSJBSA;WQSJBSS;WQSJBSX;WQSJCA1;WQSJCA2;WQSJCA3;WQSJCA4;WQSJCA5;WQSJCA6;WQSJCA7;WQSJCA8;WQSJCA9;WQSJCCA;WQSJCG1;WQSJCSA;WQSJCSS;WQSJCSX;WQSM2A1;WQSM2A3;WQSM2A5;WQSM2A7;WQSM2A8;WQSM2A9;WQSM2G1;WQSM2OA7;WQSM2OA8;WQSM2OA9;WQSM2OG1;WQSMCA1;WQSMCA3;WQSMCA5;WQSMCA7;WQSMCA8;WQSMCA9;WQSMCG1;WQSMCOA7;WQSMCOA8;WQSMCOA9;WQSMCOG1;WQSMSA1;WQSMSA3;WQSMSA5;WQSMSA7;WQSMSA8;WQSMSA9;WQSMSG1;WQSMSOA7;WQSMSOA8;WQSMSOA9;WQSMSOG1;WQSQ2A2;WQSQ2A4;WQSQ2A6;WQSQ2G1;WQSQ3A2;WQSQ3A4;WQSQ3A6;WQSQ3G1;WQSQ4A2;WQSQ4A4;WQSQ4A6;WQSQ4G1;WQSQSA2;WQSQSA4;WQSQSA6;WQSQSG1;WQSS0A1;WQSS0A3;WQSS0A5;WQSS0A7;WQSS0A8;WQSS0A9;WQSS0G1;WQSS0OA7;WQSS0OA8;WQSS0OA9;WQSS0OG1;WQSS1A1;WQSS1A3;WQSS1A5;WQSS1A7;WQSS1A8;WQSS1A9;WQSS1G1;WQSS1OA7;WQSS1OA8;WQSS1OA9;WQSS1OG1;WQSS2A2;WQSS2A4;WQSS2A6;WQSS2G1;WQSS3A1;WQSS3A3;WQSS3A5;WQSS3A7;WQSS3A8;WQSS3A9;WQSS3G1;WQSS3OA7;WQSS3OA8;WQSS3OA9;WQSS3OG1;WQSSCA1;WQSSCA3;WQSSCA5;WQSSCA7;WQSSCA8;WQSSCA9;WQSSCG1;WQSSCOA7;WQSSCOA8;WQSSCOA9;WQSSCOG1;WQSSLG1;WQSSLSS;WQSSPA2;WQSSPA4;WQSSPA6;WQSSPG1;WQSSSA1;WQSSSA3;WQSSSA5;WQSSSA7;WQSSSA8;WQSSSA9;WQSSSG1;WQSSSOA7;WQSSSOA8;WQSSSOA9;WQSSSOG1;WQSWHA1;WQSWHA3;WQSWHA5;WQSWHA7;WQSWHA8;WQSWHA9;WQSWHG1;WQSWHOA7;WQSWHOA8;WQSWHOA9;WQSWHOG1;WQSZWA1;WQSZWA2;WQSZWA3;WQSZWA4;WQSZWA5;WQSZWA6;WQSZWA7;WQSZWA8;WQSZWA9;WQSZWCA;WQSZWG1;WQSZWSA;WQSZWSS;WQSZWSX,q3m-reference-available,docs/measurements/playable-q3m-x2-ingame-20261002-v1/current-generation.json,no-colour-variant-reference,80266,80195,,sprite/index/palette-work-plan.json,80266
0x6315,THIEF_FEMALE_HALFORC,character,6000,1,1,CHFT,66,65,656,178359,0x6315:body:armor-code:1:CHFT1;0x6315:body:armor-code:2:CHFT2;0x6315:body:armor-code:3:CHFT3;0x6315:body:armor-code:4:CHFT4;0x6315:helmet:item-animation-code:H0:WQNH0;0x6315:helmet:item-animation-code:H1:WQNH1;0x6315:helmet:item-animation-code:H2:WQNH2;0x6315:helmet:item-animation-code:H5:WQNH5;0x6315:helmet:item-animation-code:J0:WQNJ0;0x6315:helmet:item-animation-code:J1:WQNJ1;0x6315:helmet:item-animation-code:J2:WQNJ2;0x6315:helmet:item-animation-code:J3:WQNJ3;0x6315:helmet:item-animation-code:J4:WQNJ4;0x6315:helmet:item-animation-code:J5:WQNJ5;0x6315:helmet:item-animation-code:J6:WQNJ6;0x6315:helmet:item-animation-code:J7:WQNJ7;0x6315:helmet:item-animation-code:J8:WQNJ8;0x6315:helmet:item-animation-code:J9:WQNJ9;0x6315:helmet:item-animation-code:JA:WQNJA;0x6315:helmet:item-animation-code:JB:WQNJB;0x6315:helmet:item-animation-code:JC:WQNJC;0x6315:helmet:item-animation-code:YW:WQNYW;0x6315:helmet:item-animation-code:ZW:WQNZW;0x6315:shield:item-animation-code:C0:WQNC0;0x6315:shield:item-animation-code:C1:WQNC1;0x6315:shield:item-animation-code:C2:WQNC2;0x6315:shield:item-animation-code:C3:WQNC3;0x6315:shield:item-animation-code:C4:WQNC4;0x6315:shield:item-animation-code:C5:WQNC5;0x6315:shield:item-animation-code:C6:WQNC6;0x6315:shield:item-animation-code:C7:WQNC7;0x6315:shield:item-animation-code:D1:WQND1;0x6315:shield:item-animation-code:D2:WQND2;0x6315:shield:item-animation-code:D3:WQND3;0x6315:shield:item-animation-code:D4:WQND4;0x6315:weapon:item-animation-code:AX:WQNAX;0x6315:weapon:item-animation-code:BS:WQNBS;0x6315:weapon:item-animation-code:BW:WQNBW;0x6315:weapon:item-animation-code:CB:WQNCB;0x6315:weapon:item-animation-code:CL:WQNCL;0x6315:weapon:item-animation-code:DD:WQNDD;0x6315:weapon:item-animation-code:F0:WQNF0;0x6315:weapon:item-animation-code:F1:WQNF1;0x6315:weapon:item-animation-code:F2:WQNF2;0x6315:weapon:item-animation-code:F3:WQNF3;0x6315:weapon:item-animation-code:FL:WQNFL;0x6315:weapon:item-animation-code:FS:WQNFS;0x6315:weapon:item-animation-code:GS:WQNGS;0x6315:weapon:item-animation-code:H6:WQNH6;0x6315:weapon:item-animation-code:HB:WQNHB;0x6315:weapon:item-animation-code:M2:WQNM2;0x6315:weapon:item-animation-code:MC:WQNMC;0x6315:weapon:item-animation-code:MS:WQNMS;0x6315:weapon:item-animation-code:Q2:WQNQ2;0x6315:weapon:item-animation-code:Q3:WQNQ3;0x6315:weapon:item-animation-code:Q4:WQNQ4;0x6315:weapon:item-animation-code:QS:WQNQS;0x6315:weapon:item-animation-code:S0:WQNS0;0x6315:weapon:item-animation-code:S1:WQNS1;0x6315:weapon:item-animation-code:S2:WQNS2;0x6315:weapon:item-animation-code:S3:WQNS3;0x6315:weapon:item-animation-code:SC:WQNSC;0x6315:weapon:item-animation-code:SL:WQNSL;0x6315:weapon:item-animation-code:SP:WQNSP;0x6315:weapon:item-animation-code:SS:WQNSS;0x6315:weapon:item-animation-code:WH:WQNWH,CHFT1A1;CHFT1A2;CHFT1A3;CHFT1A4;CHFT1A5;CHFT1A6;CHFT1A7;CHFT1A8;CHFT1A9;CHFT1CA;CHFT1G1;CHFT1G11;CHFT1G12;CHFT1G13;CHFT1G14;CHFT1G15;CHFT1G16;CHFT1G17;CHFT1G18;CHFT1G19;CHFT1SA;CHFT1SS;CHFT1SX;CHFT2A1;CHFT2A2;CHFT2A3;CHFT2A4;CHFT2A5;CHFT2A6;CHFT2A7;CHFT2A8;CHFT2A9;CHFT2CA;CHFT2G1;CHFT2G11;CHFT2G12;CHFT2G13;CHFT2G14;CHFT2G15;CHFT2G16;CHFT2G17;CHFT2G18;CHFT2G19;CHFT2SA;CHFT2SS;CHFT2SX;CHFT3A1;CHFT3A2;CHFT3A3;CHFT3A4;CHFT3A5;CHFT3A6;CHFT3A7;CHFT3A8;CHFT3A9;CHFT3CA;CHFT3G1;CHFT3G11;CHFT3G12;CHFT3G13;CHFT3G14;CHFT3G15;CHFT3G16;CHFT3G17;CHFT3G18;CHFT3G19;CHFT3SA;CHFT3SS;CHFT3SX;CHFT4A1;CHFT4A2;CHFT4A3;CHFT4A4;CHFT4A5;CHFT4A6;CHFT4A7;CHFT4A8;CHFT4A9;CHFT4CA;CHFT4G1;CHFT4G11;CHFT4G12;CHFT4G13;CHFT4G14;CHFT4G15;CHFT4G16;CHFT4G17;CHFT4G18;CHFT4G19;CHFT4SA;CHFT4SS;CHFT4SX;WQNAXA1;WQNAXA3;WQNAXA5;WQNAXA7;WQNAXA8;WQNAXA9;WQNAXG1;WQNAXOA7;WQNAXOA8;WQNAXOA9;WQNAXOG1;WQNBSG1;WQNBSSA;WQNBWG1;WQNBWSA;WQNC0A1;WQNC0A3;WQNC0A5;WQNC0G1;WQNC0SS;WQNC1A1;WQNC1A3;WQNC1A5;WQNC1G1;WQNC1SS;WQNC2A1;WQNC2A3;WQNC2A5;WQNC2G1;WQNC2SS;WQNC3A1;WQNC3A3;WQNC3A5;WQNC3G1;WQNC3SS;WQNC4A1;WQNC4A3;WQNC4A5;WQNC4G1;WQNC4SS;WQNC5A1;WQNC5A3;WQNC5A5;WQNC5G1;WQNC5SS;WQNC6A1;WQNC6A3;WQNC6A5;WQNC6G1;WQNC6SS;WQNC7A1;WQNC7A3;WQNC7A5;WQNC7G1;WQNC7SS;WQNCBG1;WQNCBSX;WQNCLA1;WQNCLA3;WQNCLA5;WQNCLA7;WQNCLA8;WQNCLA9;WQNCLG1;WQNCLOA7;WQNCLOA8;WQNCLOA9;WQNCLOG1;WQND1A1;WQND1A3;WQND1A5;WQND1G1;WQND1SS;WQND2A1;WQND2A3;WQND2A5;WQND2G1;WQND2SS;WQND3A1;WQND3A3;WQND3A5;WQND3G1;WQND3SS;WQND4A1;WQND4A3;WQND4A5;WQND4G1;WQND4SS;WQNDDA1;WQNDDA3;WQNDDA5;WQNDDA7;WQNDDA8;WQNDDA9;WQNDDG1;WQNDDOA7;WQNDDOA8;WQNDDOA9;WQNDDOG1;WQNF0A1;WQNF0A3;WQNF0A5;WQNF0A7;WQNF0A8;WQNF0A9;WQNF0G1;WQNF0OA7;WQNF0OA8;WQNF0OA9;WQNF0OG1;WQNF1A1;WQNF1A3;WQNF1A5;WQNF1A7;WQNF1A8;WQNF1A9;WQNF1G1;WQNF1OA7;WQNF1OA8;WQNF1OA9;WQNF1OG1;WQNF2A1;WQNF2A3;WQNF2A5;WQNF2A7;WQNF2A8;WQNF2A9;WQNF2G1;WQNF2OA7;WQNF2OA8;WQNF2OA9;WQNF2OG1;WQNF3A1;WQNF3A3;WQNF3A5;WQNF3A7;WQNF3A8;WQNF3A9;WQNF3G1;WQNF3OA7;WQNF3OA8;WQNF3OA9;WQNF3OG1;WQNFLA1;WQNFLA3;WQNFLA5;WQNFLA7;WQNFLA8;WQNFLA9;WQNFLG1;WQNFLOA7;WQNFLOA8;WQNFLOA9;WQNFLOG1;WQNFSA1;WQNFSA3;WQNFSA5;WQNFSA7;WQNFSA8;WQNFSA9;WQNFSG1;WQNFSOA7;WQNFSOA8;WQNFSOA9;WQNFSOG1;WQNGSA2;WQNGSA4;WQNGSA6;WQNGSG1;WQNH0A1;WQNH0A2;WQNH0A3;WQNH0A4;WQNH0A5;WQNH0A6;WQNH0A7;WQNH0A8;WQNH0A9;WQNH0CA;WQNH0G1;WQNH0SA;WQNH0SS;WQNH0SX;WQNH1A1;WQNH1A2;WQNH1A3;WQNH1A4;WQNH1A5;WQNH1A6;WQNH1A7;WQNH1A8;WQNH1A9;WQNH1CA;WQNH1G1;WQNH1SA;WQNH1SS;WQNH1SX;WQNH2A1;WQNH2A2;WQNH2A3;WQNH2A4;WQNH2A5;WQNH2A6;WQNH2A7;WQNH2A8;WQNH2A9;WQNH2CA;WQNH2G1;WQNH2SA;WQNH2SS;WQNH2SX;WQNH5A1;WQNH5A2;WQNH5A3;WQNH5A4;WQNH5A5;WQNH5A6;WQNH5A7;WQNH5A8;WQNH5A9;WQNH5CA;WQNH5G1;WQNH5SA;WQNH5SS;WQNH5SX;WQNH6A1;WQNH6A2;WQNH6A3;WQNH6A4;WQNH6A5;WQNH6A6;WQNH6A7;WQNH6A8;WQNH6A9;WQNH6CA;WQNH6G1;WQNH6SA;WQNH6SS;WQNH6SX;WQNHBA2;WQNHBA4;WQNHBA6;WQNHBG1;WQNJ0A1;WQNJ0A2;WQNJ0A3;WQNJ0A4;WQNJ0A5;WQNJ0A6;WQNJ0A7;WQNJ0A8;WQNJ0A9;WQNJ0CA;WQNJ0G1;WQNJ0SA;WQNJ0SS;WQNJ0SX;WQNJ1A1;WQNJ1A2;WQNJ1A3;WQNJ1A4;WQNJ1A5;WQNJ1A6;WQNJ1A7;WQNJ1A8;WQNJ1A9;WQNJ1CA;WQNJ1G1;WQNJ1SA;WQNJ1SS;WQNJ1SX;WQNJ2A1;WQNJ2A2;WQNJ2A3;WQNJ2A4;WQNJ2A5;WQNJ2A6;WQNJ2A7;WQNJ2A8;WQNJ2A9;WQNJ2CA;WQNJ2G1;WQNJ2SA;WQNJ2SS;WQNJ2SX;WQNJ3A1;WQNJ3A2;WQNJ3A3;WQNJ3A4;WQNJ3A5;WQNJ3A6;WQNJ3A7;WQNJ3A8;WQNJ3A9;WQNJ3CA;WQNJ3G1;WQNJ3SA;WQNJ3SS;WQNJ3SX;WQNJ4A1;WQNJ4A2;WQNJ4A3;WQNJ4A4;WQNJ4A5;WQNJ4A6;WQNJ4A7;WQNJ4A8;WQNJ4A9;WQNJ4CA;WQNJ4G1;WQNJ4SA;WQNJ4SS;WQNJ4SX;WQNJ5A1;WQNJ5A2;WQNJ5A3;WQNJ5A4;WQNJ5A5;WQNJ5A6;WQNJ5A7;WQNJ5A8;WQNJ5A9;WQNJ5CA;WQNJ5G1;WQNJ5SA;WQNJ5SS;WQNJ5SX;WQNJ6A1;WQNJ6A2;WQNJ6A3;WQNJ6A4;WQNJ6A5;WQNJ6A6;WQNJ6A7;WQNJ6A8;WQNJ6A9;WQNJ6CA;WQNJ6G1;WQNJ6SA;WQNJ6SS;WQNJ6SX;WQNJ7A1;WQNJ7A2;WQNJ7A3;WQNJ7A4;WQNJ7A5;WQNJ7A6;WQNJ7A7;WQNJ7A8;WQNJ7A9;WQNJ7CA;WQNJ7G1;WQNJ7SA;WQNJ7SS;WQNJ7SX;WQNJ8A1;WQNJ8A2;WQNJ8A3;WQNJ8A4;WQNJ8A5;WQNJ8A6;WQNJ8A7;WQNJ8A8;WQNJ8A9;WQNJ8CA;WQNJ8G1;WQNJ8SA;WQNJ8SS;WQNJ8SX;WQNJ9A1;WQNJ9A2;WQNJ9A3;WQNJ9A4;WQNJ9A5;WQNJ9A6;WQNJ9A7;WQNJ9A8;WQNJ9A9;WQNJ9CA;WQNJ9G1;WQNJ9SA;WQNJ9SS;WQNJ9SX;WQNJAA1;WQNJAA2;WQNJAA3;WQNJAA4;WQNJAA5;WQNJAA6;WQNJAA7;WQNJAA8;WQNJAA9;WQNJACA;WQNJAG1;WQNJASA;WQNJASS;WQNJASX;WQNJBA1;WQNJBA2;WQNJBA3;WQNJBA4;WQNJBA5;WQNJBA6;WQNJBA7;WQNJBA8;WQNJBA9;WQNJBCA;WQNJBG1;WQNJBSA;WQNJBSS;WQNJBSX;WQNJCA1;WQNJCA2;WQNJCA3;WQNJCA4;WQNJCA5;WQNJCA6;WQNJCA7;WQNJCA8;WQNJCA9;WQNJCCA;WQNJCG1;WQNJCSA;WQNJCSS;WQNJCSX;WQNM2A1;WQNM2A3;WQNM2A5;WQNM2A7;WQNM2A8;WQNM2A9;WQNM2G1;WQNM2OA7;WQNM2OA8;WQNM2OA9;WQNM2OG1;WQNMCA1;WQNMCA3;WQNMCA5;WQNMCA7;WQNMCA8;WQNMCA9;WQNMCG1;WQNMCOA7;WQNMCOA8;WQNMCOA9;WQNMCOG1;WQNMSA1;WQNMSA3;WQNMSA5;WQNMSA7;WQNMSA8;WQNMSA9;WQNMSG1;WQNMSOA7;WQNMSOA8;WQNMSOA9;WQNMSOG1;WQNQ2A2;WQNQ2A4;WQNQ2A6;WQNQ2G1;WQNQ3A2;WQNQ3A4;WQNQ3A6;WQNQ3G1;WQNQ4A2;WQNQ4A4;WQNQ4A6;WQNQ4G1;WQNQSA2;WQNQSA4;WQNQSA6;WQNQSG1;WQNS0A1;WQNS0A3;WQNS0A5;WQNS0A7;WQNS0A8;WQNS0A9;WQNS0G1;WQNS0OA7;WQNS0OA8;WQNS0OA9;WQNS0OG1;WQNS1A1;WQNS1A3;WQNS1A5;WQNS1A7;WQNS1A8;WQNS1A9;WQNS1G1;WQNS1OA7;WQNS1OA8;WQNS1OA9;WQNS1OG1;WQNS2A2;WQNS2A4;WQNS2A6;WQNS2G1;WQNS3A1;WQNS3A3;WQNS3A5;WQNS3A7;WQNS3A8;WQNS3A9;WQNS3G1;WQNS3OA7;WQNS3OA8;WQNS3OA9;WQNS3OG1;WQNSCA1;WQNSCA3;WQNSCA5;WQNSCA7;WQNSCA8;WQNSCA9;WQNSCG1;WQNSCOA7;WQNSCOA8;WQNSCOA9;WQNSCOG1;WQNSLG1;WQNSLSS;WQNSPA2;WQNSPA4;WQNSPA6;WQNSPG1;WQNSSA1;WQNSSA3;WQNSSA5;WQNSSA7;WQNSSA8;WQNSSA9;WQNSSG1;WQNSSOA7;WQNSSOA8;WQNSSOA9;WQNSSOG1;WQNWHA1;WQNWHA3;WQNWHA5;WQNWHA7;WQNWHA8;WQNWHA9;WQNWHG1;WQNWHOA7;WQNWHOA8;WQNWHOA9;WQNWHOG1;WQNZWA1;WQNZWA2;WQNZWA3;WQNZWA4;WQNZWA5;WQNZWA6;WQNZWA7;WQNZWA8;WQNZWA9;WQNZWCA;WQNZWG1;WQNZWSA;WQNZWSS;WQNZWSX,q3m-reference-available,docs/measurements/playable-q3m-x2-ingame-20261002-v1/current-generation.json,no-colour-variant-reference,93514,93434,,sprite/index/palette-work-plan.json,93514
0x6400,DRIZZT,character_old,6000,1,,UDRZ,1,1,12,656,0x6400:body:base-resref:UDRZ:UDRZ,UDRZ1A1;UDRZ1A1E;UDRZ1A3;UDRZ1A3E;UDRZ1A5;UDRZ1A5E;UDRZ1CA;UDRZ1CAE;UDRZ1G1;UDRZ1G1E;UDRZ1W2;UDRZ1W2E,to-produce-or-extend-profile,,no-colour-variant-reference,656,656,0,sprite/index/q3m-source-work-plan.json,
0x6401,ELMINSTER,character_old,6000,0,,UELM,1,1,10,608,0x6401:body:base-resref:UELM:UELM,UELM1A2;UELM1A2E;UELM1A4;UELM1A4E;UELM1CA;UELM1CAE;UELM1G1;UELM1G1E;UELM1W2;UELM1W2E,to-produce-or-extend-profile,,no-colour-variant-reference,608,608,0,sprite/index/q3m-source-work-plan.json,
0x6402,MONK,character_old,6000,1,,CMNK,1,1,23,938,0x6402:body:base-resref:CMNK:CMNK,CMNK1A1;CMNK1A1E;CMNK1A2;CMNK1A2E;CMNK1A3;CMNK1A3E;CMNK1A4;CMNK1A4E;CMNK1A5;CMNK1A5E;CMNK1A6;CMNK1A6E;CMNK1CA;CMNK1CAE;CMNK1G1;CMNK1G1E;CMNK1SA;CMNK1SAE;CMNK1SX;CMNK1SXE;CMNK1W2;CMNK1W2E;CMNKINV,to-produce-or-extend-profile,,no-colour-variant-reference,938,938,0,sprite/index/q3m-source-work-plan.json,
0x6403,SKELETON,character_old,6000,1,,MSKL,1,1,22,971,0x6403:body:base-resref:MSKL:MSKL,MSKL1A1;MSKL1A1E;MSKL1A2;MSKL1A2E;MSKL1A3;MSKL1A3E;MSKL1A4;MSKL1A4E;MSKL1A5;MSKL1A5E;MSKL1A6;MSKL1A6E;MSKL1CA;MSKL1CAE;MSKL1G1;MSKL1G1E;MSKL1SA;MSKL1SAE;MSKL1SX;MSKL1SXE;MSKL1W2;MSKL1W2E,to-produce-or-extend-profile,,no-colour-variant-reference,961,960,0,sprite/index/q3m-source-work-plan.json,
0x6404,SAREVOK,character_old,6000,0,,USAR,1,1,10,616,0x6404:body:base-resref:USAR:USAR,USAR1A1;USAR1A1E;USAR1A3;USAR1A3E;USAR1A5;USAR1A5E;USAR1G1;USAR1G1E;USAR1W2;USAR1W2E,to-produce-or-extend-profile,,no-colour-variant-reference,568,568,0,sprite/index/q3m-source-work-plan.json,
0x6405,DOOM_GUARD,character_old,6000,1,,MDGU,1,1,22,936,0x6405:body:base-resref:MDGU:MDGU,MDGU1A1;MDGU1A1E;MDGU1A2;MDGU1A2E;MDGU1A3;MDGU1A3E;MDGU1A4;MDGU1A4E;MDGU1A5;MDGU1A5E;MDGU1A6;MDGU1A6E;MDGU1CA;MDGU1CAE;MDGU1G1;MDGU1G1E;MDGU1SA;MDGU1SAE;MDGU1SX;MDGU1SXE;MDGU1W2;MDGU1W2E,to-produce-or-extend-profile,,no-colour-variant-reference,40,0,0,sprite/index/q3m-source-work-plan.json,
0x6406,DOOM_GUARD_LARGER,character_old,6000,1,,MDGU,1,1,22,936,0x6406:body:base-resref:MDGU:MDGU,MDGU1A1;MDGU1A1E;MDGU1A2;MDGU1A2E;MDGU1A3;MDGU1A3E;MDGU1A4;MDGU1A4E;MDGU1A5;MDGU1A5E;MDGU1A6;MDGU1A6E;MDGU1CA;MDGU1CAE;MDGU1G1;MDGU1G1E;MDGU1SA;MDGU1SAE;MDGU1SX;MDGU1SXE;MDGU1W2;MDGU1W2E,to-produce-or-extend-profile,,no-colour-variant-reference,40,0,0,sprite/index/q3m-source-work-plan.json,
0x6500,MONK_MALE_HUMAN,character,6000,1,1,CHMM,63,62,587,149377,0x6500:body:armor-code:1:CHMM1;0x6500:helmet:item-animation-code:H0:WQLH0;0x6500:helmet:item-animation-code:H1:WQLH1;0x6500:helmet:item-animation-code:H2:WQLH2;0x6500:helmet:item-animation-code:H5:WQLH5;0x6500:helmet:item-animation-code:J0:WQLJ0;0x6500:helmet:item-animation-code:J1:WQLJ1;0x6500:helmet:item-animation-code:J2:WQLJ2;0x6500:helmet:item-animation-code:J3:WQLJ3;0x6500:helmet:item-animation-code:J4:WQLJ4;0x6500:helmet:item-animation-code:J5:WQLJ5;0x6500:helmet:item-animation-code:J6:WQLJ6;0x6500:helmet:item-animation-code:J7:WQLJ7;0x6500:helmet:item-animation-code:J8:WQLJ8;0x6500:helmet:item-animation-code:J9:WQLJ9;0x6500:helmet:item-animation-code:JA:WQLJA;0x6500:helmet:item-animation-code:JB:WQLJB;0x6500:helmet:item-animation-code:JC:WQLJC;0x6500:helmet:item-animation-code:YW:WQLYW;0x6500:helmet:item-animation-code:ZW:WQLZW;0x6500:shield:item-animation-code:C0:WQLC0;0x6500:shield:item-animation-code:C1:WQLC1;0x6500:shield:item-animation-code:C2:WQLC2;0x6500:shield:item-animation-code:C3:WQLC3;0x6500:shield:item-animation-code:C4:WQLC4;0x6500:shield:item-animation-code:C5:WQLC5;0x6500:shield:item-animation-code:C6:WQLC6;0x6500:shield:item-animation-code:C7:WQLC7;0x6500:shield:item-animation-code:D1:WQLD1;0x6500:shield:item-animation-code:D2:WQLD2;0x6500:shield:item-animation-code:D3:WQLD3;0x6500:shield:item-animation-code:D4:WQLD4;0x6500:weapon:item-animation-code:AX:WQLAX;0x6500:weapon:item-animation-code:BS:WQLBS;0x6500:weapon:item-animation-code:BW:WQLBW;0x6500:weapon:item-animation-code:CB:WQLCB;0x6500:weapon:item-animation-code:CL:WQLCL;0x6500:weapon:item-animation-code:DD:WQLDD;0x6500:weapon:item-animation-code:F0:WQLF0;0x6500:weapon:item-animation-code:F1:WQLF1;0x6500:weapon:item-animation-code:F2:WQLF2;0x6500:weapon:item-animation-code:F3:WQLF3;0x6500:weapon:item-animation-code:FL:WQLFL;0x6500:weapon:item-animation-code:FS:WQLFS;0x6500:weapon:item-animation-code:GS:WQLGS;0x6500:weapon:item-animation-code:H6:WQLH6;0x6500:weapon:item-animation-code:HB:WQLHB;0x6500:weapon:item-animation-code:M2:WQLM2;0x6500:weapon:item-animation-code:MC:WQLMC;0x6500:weapon:item-animation-code:MS:WQLMS;0x6500:weapon:item-animation-code:Q2:WQLQ2;0x6500:weapon:item-animation-code:Q3:WQLQ3;0x6500:weapon:item-animation-code:Q4:WQLQ4;0x6500:weapon:item-animation-code:QS:WQLQS;0x6500:weapon:item-animation-code:S0:WQLS0;0x6500:weapon:item-animation-code:S1:WQLS1;0x6500:weapon:item-animation-code:S2:WQLS2;0x6500:weapon:item-animation-code:S3:WQLS3;0x6500:weapon:item-animation-code:SC:WQLSC;0x6500:weapon:item-animation-code:SL:WQLSL;0x6500:weapon:item-animation-code:SP:WQLSP;0x6500:weapon:item-animation-code:SS:WQLSS;0x6500:weapon:item-animation-code:WH:WQLWH,CHMM1A1;CHMM1A2;CHMM1A3;CHMM1A4;CHMM1A5;CHMM1A6;CHMM1A7;CHMM1A8;CHMM1A9;CHMM1CA;CHMM1G1;CHMM1G11;CHMM1G12;CHMM1G13;CHMM1G14;CHMM1G15;CHMM1G16;CHMM1G17;CHMM1G18;CHMM1G19;CHMM1SA;CHMM1SS;CHMM1SX;WQLAXA1;WQLAXA3;WQLAXA5;WQLAXA7;WQLAXA8;WQLAXA9;WQLAXG1;WQLAXOA7;WQLAXOA8;WQLAXOA9;WQLAXOG1;WQLBSG1;WQLBSSA;WQLBWG1;WQLBWSA;WQLC0A1;WQLC0A3;WQLC0A5;WQLC0G1;WQLC0SS;WQLC1A1;WQLC1A3;WQLC1A5;WQLC1G1;WQLC1SS;WQLC2A1;WQLC2A3;WQLC2A5;WQLC2G1;WQLC2SS;WQLC3A1;WQLC3A3;WQLC3A5;WQLC3G1;WQLC3SS;WQLC4A1;WQLC4A3;WQLC4A5;WQLC4G1;WQLC4SS;WQLC5A1;WQLC5A3;WQLC5A5;WQLC5G1;WQLC5SS;WQLC6A1;WQLC6A3;WQLC6A5;WQLC6G1;WQLC6SS;WQLC7A1;WQLC7A3;WQLC7A5;WQLC7G1;WQLC7SS;WQLCBG1;WQLCBSX;WQLCLA1;WQLCLA3;WQLCLA5;WQLCLA7;WQLCLA8;WQLCLA9;WQLCLG1;WQLCLOA7;WQLCLOA8;WQLCLOA9;WQLCLOG1;WQLD1A1;WQLD1A3;WQLD1A5;WQLD1G1;WQLD1SS;WQLD2A1;WQLD2A3;WQLD2A5;WQLD2G1;WQLD2SS;WQLD3A1;WQLD3A3;WQLD3A5;WQLD3G1;WQLD3SS;WQLD4A1;WQLD4A3;WQLD4A5;WQLD4G1;WQLD4SS;WQLDDA1;WQLDDA3;WQLDDA5;WQLDDA7;WQLDDA8;WQLDDA9;WQLDDG1;WQLDDOA7;WQLDDOA8;WQLDDOA9;WQLDDOG1;WQLF0A1;WQLF0A3;WQLF0A5;WQLF0A7;WQLF0A8;WQLF0A9;WQLF0G1;WQLF0OA7;WQLF0OA8;WQLF0OA9;WQLF0OG1;WQLF1A1;WQLF1A3;WQLF1A5;WQLF1A7;WQLF1A8;WQLF1A9;WQLF1G1;WQLF1OA7;WQLF1OA8;WQLF1OA9;WQLF1OG1;WQLF2A1;WQLF2A3;WQLF2A5;WQLF2A7;WQLF2A8;WQLF2A9;WQLF2G1;WQLF2OA7;WQLF2OA8;WQLF2OA9;WQLF2OG1;WQLF3A1;WQLF3A3;WQLF3A5;WQLF3A7;WQLF3A8;WQLF3A9;WQLF3G1;WQLF3OA7;WQLF3OA8;WQLF3OA9;WQLF3OG1;WQLFLA1;WQLFLA3;WQLFLA5;WQLFLA7;WQLFLA8;WQLFLA9;WQLFLG1;WQLFLOA7;WQLFLOA8;WQLFLOA9;WQLFLOG1;WQLFSA1;WQLFSA3;WQLFSA5;WQLFSA7;WQLFSA8;WQLFSA9;WQLFSG1;WQLFSOA7;WQLFSOA8;WQLFSOA9;WQLFSOG1;WQLGSA2;WQLGSA4;WQLGSA6;WQLGSG1;WQLH0A1;WQLH0A2;WQLH0A3;WQLH0A4;WQLH0A5;WQLH0A6;WQLH0A7;WQLH0A8;WQLH0A9;WQLH0CA;WQLH0G1;WQLH0SA;WQLH0SS;WQLH0SX;WQLH1A1;WQLH1A2;WQLH1A3;WQLH1A4;WQLH1A5;WQLH1A6;WQLH1A7;WQLH1A8;WQLH1A9;WQLH1CA;WQLH1G1;WQLH1SA;WQLH1SS;WQLH1SX;WQLH2A1;WQLH2A2;WQLH2A3;WQLH2A4;WQLH2A5;WQLH2A6;WQLH2A7;WQLH2A8;WQLH2A9;WQLH2CA;WQLH2G1;WQLH2SA;WQLH2SS;WQLH2SX;WQLH5A1;WQLH5A2;WQLH5A3;WQLH5A4;WQLH5A5;WQLH5A6;WQLH5A7;WQLH5A8;WQLH5A9;WQLH5CA;WQLH5G1;WQLH5SA;WQLH5SS;WQLH5SX;WQLH6A1;WQLH6A2;WQLH6A3;WQLH6A4;WQLH6A5;WQLH6A6;WQLH6A7;WQLH6A8;WQLH6A9;WQLH6CA;WQLH6G1;WQLH6SA;WQLH6SS;WQLH6SX;WQLHBA2;WQLHBA4;WQLHBA6;WQLHBG1;WQLJ0A1;WQLJ0A2;WQLJ0A3;WQLJ0A4;WQLJ0A5;WQLJ0A6;WQLJ0A7;WQLJ0A8;WQLJ0A9;WQLJ0CA;WQLJ0G1;WQLJ0SA;WQLJ0SS;WQLJ0SX;WQLJ1A1;WQLJ1A2;WQLJ1A3;WQLJ1A4;WQLJ1A5;WQLJ1A6;WQLJ1A7;WQLJ1A8;WQLJ1A9;WQLJ1CA;WQLJ1G1;WQLJ1SA;WQLJ1SS;WQLJ1SX;WQLJ2A1;WQLJ2A2;WQLJ2A3;WQLJ2A4;WQLJ2A5;WQLJ2A6;WQLJ2A7;WQLJ2A8;WQLJ2A9;WQLJ2CA;WQLJ2G1;WQLJ2SA;WQLJ2SS;WQLJ2SX;WQLJ3A1;WQLJ3A2;WQLJ3A3;WQLJ3A4;WQLJ3A5;WQLJ3A6;WQLJ3A7;WQLJ3A8;WQLJ3A9;WQLJ3CA;WQLJ3G1;WQLJ3SA;WQLJ3SS;WQLJ3SX;WQLJ4A1;WQLJ4A2;WQLJ4A3;WQLJ4A4;WQLJ4A5;WQLJ4A6;WQLJ4A7;WQLJ4A8;WQLJ4A9;WQLJ4CA;WQLJ4G1;WQLJ4SA;WQLJ4SS;WQLJ4SX;WQLJ5A1;WQLJ5A2;WQLJ5A3;WQLJ5A4;WQLJ5A5;WQLJ5A6;WQLJ5A7;WQLJ5A8;WQLJ5A9;WQLJ5CA;WQLJ5G1;WQLJ5SA;WQLJ5SS;WQLJ5SX;WQLJ6A1;WQLJ6A2;WQLJ6A3;WQLJ6A4;WQLJ6A5;WQLJ6A6;WQLJ6A7;WQLJ6A8;WQLJ6A9;WQLJ6CA;WQLJ6G1;WQLJ6SA;WQLJ6SS;WQLJ6SX;WQLJ7A1;WQLJ7A2;WQLJ7A3;WQLJ7A4;WQLJ7A5;WQLJ7A6;WQLJ7A7;WQLJ7A8;WQLJ7A9;WQLJ7CA;WQLJ7G1;WQLJ7SA;WQLJ7SS;WQLJ7SX;WQLJ8A1;WQLJ8A2;WQLJ8A3;WQLJ8A4;WQLJ8A5;WQLJ8A6;WQLJ8A7;WQLJ8A8;WQLJ8A9;WQLJ8CA;WQLJ8G1;WQLJ8SA;WQLJ8SS;WQLJ8SX;WQLJ9A1;WQLJ9A2;WQLJ9A3;WQLJ9A4;WQLJ9A5;WQLJ9A6;WQLJ9A7;WQLJ9A8;WQLJ9A9;WQLJ9CA;WQLJ9G1;WQLJ9SA;WQLJ9SS;WQLJ9SX;WQLJAA1;WQLJAA2;WQLJAA3;WQLJAA4;WQLJAA5;WQLJAA6;WQLJAA7;WQLJAA8;WQLJAA9;WQLJACA;WQLJAG1;WQLJASA;WQLJASS;WQLJASX;WQLJBA1;WQLJBA2;WQLJBA3;WQLJBA4;WQLJBA5;WQLJBA6;WQLJBA7;WQLJBA8;WQLJBA9;WQLJBCA;WQLJBG1;WQLJBSA;WQLJBSS;WQLJBSX;WQLJCA1;WQLJCA2;WQLJCA3;WQLJCA4;WQLJCA5;WQLJCA6;WQLJCA7;WQLJCA8;WQLJCA9;WQLJCCA;WQLJCG1;WQLJCSA;WQLJCSS;WQLJCSX;WQLM2A1;WQLM2A3;WQLM2A5;WQLM2A7;WQLM2A8;WQLM2A9;WQLM2G1;WQLM2OA7;WQLM2OA8;WQLM2OA9;WQLM2OG1;WQLMCA1;WQLMCA3;WQLMCA5;WQLMCA7;WQLMCA8;WQLMCA9;WQLMCG1;WQLMCOA7;WQLMCOA8;WQLMCOA9;WQLMCOG1;WQLMSA1;WQLMSA3;WQLMSA5;WQLMSA7;WQLMSA8;WQLMSA9;WQLMSG1;WQLMSOA7;WQLMSOA8;WQLMSOA9;WQLMSOG1;WQLQ2A2;WQLQ2A4;WQLQ2A6;WQLQ2G1;WQLQ3A2;WQLQ3A4;WQLQ3A6;WQLQ3G1;WQLQ4A2;WQLQ4A4;WQLQ4A6;WQLQ4G1;WQLQSA2;WQLQSA4;WQLQSA6;WQLQSG1;WQLS0A1;WQLS0A3;WQLS0A5;WQLS0A7;WQLS0A8;WQLS0A9;WQLS0G1;WQLS0OA7;WQLS0OA8;WQLS0OA9;WQLS0OG1;WQLS1A1;WQLS1A3;WQLS1A5;WQLS1A7;WQLS1A8;WQLS1A9;WQLS1G1;WQLS1OA7;WQLS1OA8;WQLS1OA9;WQLS1OG1;WQLS2A2;WQLS2A4;WQLS2A6;WQLS2G1;WQLS3A1;WQLS3A3;WQLS3A5;WQLS3A7;WQLS3A8;WQLS3A9;WQLS3G1;WQLS3OA7;WQLS3OA8;WQLS3OA9;WQLS3OG1;WQLSCA1;WQLSCA3;WQLSCA5;WQLSCA7;WQLSCA8;WQLSCA9;WQLSCG1;WQLSCOA7;WQLSCOA8;WQLSCOA9;WQLSCOG1;WQLSLG1;WQLSLSS;WQLSPA2;WQLSPA4;WQLSPA6;WQLSPG1;WQLSSA1;WQLSSA3;WQLSSA5;WQLSSA7;WQLSSA8;WQLSSA9;WQLSSG1;WQLSSOA7;WQLSSOA8;WQLSSOA9;WQLSSOG1;WQLWHA1;WQLWHA3;WQLWHA5;WQLWHA7;WQLWHA8;WQLWHA9;WQLWHG1;WQLWHOA7;WQLWHOA8;WQLWHOA9;WQLWHOG1;WQLZWA1;WQLZWA2;WQLZWA3;WQLZWA4;WQLZWA5;WQLZWA6;WQLZWA7;WQLZWA8;WQLZWA9;WQLZWCA;WQLZWG1;WQLZWSA;WQLZWSS;WQLZWSX,q3m-reference-available,docs/measurements/playable-q3m-x2-ingame-20261002-v1/current-generation.json,no-colour-variant-reference,87593,87524,,sprite/index/palette-work-plan.json,87593
0x6510,MONK_FEMALE_HUMAN,character,6000,1,1,CHFM,63,62,587,147398,0x6510:body:armor-code:1:CHFM1;0x6510:helmet:item-animation-code:H0:WQNH0;0x6510:helmet:item-animation-code:H1:WQNH1;0x6510:helmet:item-animation-code:H2:WQNH2;0x6510:helmet:item-animation-code:H5:WQNH5;0x6510:helmet:item-animation-code:J0:WQNJ0;0x6510:helmet:item-animation-code:J1:WQNJ1;0x6510:helmet:item-animation-code:J2:WQNJ2;0x6510:helmet:item-animation-code:J3:WQNJ3;0x6510:helmet:item-animation-code:J4:WQNJ4;0x6510:helmet:item-animation-code:J5:WQNJ5;0x6510:helmet:item-animation-code:J6:WQNJ6;0x6510:helmet:item-animation-code:J7:WQNJ7;0x6510:helmet:item-animation-code:J8:WQNJ8;0x6510:helmet:item-animation-code:J9:WQNJ9;0x6510:helmet:item-animation-code:JA:WQNJA;0x6510:helmet:item-animation-code:JB:WQNJB;0x6510:helmet:item-animation-code:JC:WQNJC;0x6510:helmet:item-animation-code:YW:WQNYW;0x6510:helmet:item-animation-code:ZW:WQNZW;0x6510:shield:item-animation-code:C0:WQNC0;0x6510:shield:item-animation-code:C1:WQNC1;0x6510:shield:item-animation-code:C2:WQNC2;0x6510:shield:item-animation-code:C3:WQNC3;0x6510:shield:item-animation-code:C4:WQNC4;0x6510:shield:item-animation-code:C5:WQNC5;0x6510:shield:item-animation-code:C6:WQNC6;0x6510:shield:item-animation-code:C7:WQNC7;0x6510:shield:item-animation-code:D1:WQND1;0x6510:shield:item-animation-code:D2:WQND2;0x6510:shield:item-animation-code:D3:WQND3;0x6510:shield:item-animation-code:D4:WQND4;0x6510:weapon:item-animation-code:AX:WQNAX;0x6510:weapon:item-animation-code:BS:WQNBS;0x6510:weapon:item-animation-code:BW:WQNBW;0x6510:weapon:item-animation-code:CB:WQNCB;0x6510:weapon:item-animation-code:CL:WQNCL;0x6510:weapon:item-animation-code:DD:WQNDD;0x6510:weapon:item-animation-code:F0:WQNF0;0x6510:weapon:item-animation-code:F1:WQNF1;0x6510:weapon:item-animation-code:F2:WQNF2;0x6510:weapon:item-animation-code:F3:WQNF3;0x6510:weapon:item-animation-code:FL:WQNFL;0x6510:weapon:item-animation-code:FS:WQNFS;0x6510:weapon:item-animation-code:GS:WQNGS;0x6510:weapon:item-animation-code:H6:WQNH6;0x6510:weapon:item-animation-code:HB:WQNHB;0x6510:weapon:item-animation-code:M2:WQNM2;0x6510:weapon:item-animation-code:MC:WQNMC;0x6510:weapon:item-animation-code:MS:WQNMS;0x6510:weapon:item-animation-code:Q2:WQNQ2;0x6510:weapon:item-animation-code:Q3:WQNQ3;0x6510:weapon:item-animation-code:Q4:WQNQ4;0x6510:weapon:item-animation-code:QS:WQNQS;0x6510:weapon:item-animation-code:S0:WQNS0;0x6510:weapon:item-animation-code:S1:WQNS1;0x6510:weapon:item-animation-code:S2:WQNS2;0x6510:weapon:item-animation-code:S3:WQNS3;0x6510:weapon:item-animation-code:SC:WQNSC;0x6510:weapon:item-animation-code:SL:WQNSL;0x6510:weapon:item-animation-code:SP:WQNSP;0x6510:weapon:item-animation-code:SS:WQNSS;0x6510:weapon:item-animation-code:WH:WQNWH,CHFM1A1;CHFM1A2;CHFM1A3;CHFM1A4;CHFM1A5;CHFM1A6;CHFM1A7;CHFM1A8;CHFM1A9;CHFM1CA;CHFM1G1;CHFM1G11;CHFM1G12;CHFM1G13;CHFM1G14;CHFM1G15;CHFM1G16;CHFM1G17;CHFM1G18;CHFM1G19;CHFM1SA;CHFM1SS;CHFM1SX;WQNAXA1;WQNAXA3;WQNAXA5;WQNAXA7;WQNAXA8;WQNAXA9;WQNAXG1;WQNAXOA7;WQNAXOA8;WQNAXOA9;WQNAXOG1;WQNBSG1;WQNBSSA;WQNBWG1;WQNBWSA;WQNC0A1;WQNC0A3;WQNC0A5;WQNC0G1;WQNC0SS;WQNC1A1;WQNC1A3;WQNC1A5;WQNC1G1;WQNC1SS;WQNC2A1;WQNC2A3;WQNC2A5;WQNC2G1;WQNC2SS;WQNC3A1;WQNC3A3;WQNC3A5;WQNC3G1;WQNC3SS;WQNC4A1;WQNC4A3;WQNC4A5;WQNC4G1;WQNC4SS;WQNC5A1;WQNC5A3;WQNC5A5;WQNC5G1;WQNC5SS;WQNC6A1;WQNC6A3;WQNC6A5;WQNC6G1;WQNC6SS;WQNC7A1;WQNC7A3;WQNC7A5;WQNC7G1;WQNC7SS;WQNCBG1;WQNCBSX;WQNCLA1;WQNCLA3;WQNCLA5;WQNCLA7;WQNCLA8;WQNCLA9;WQNCLG1;WQNCLOA7;WQNCLOA8;WQNCLOA9;WQNCLOG1;WQND1A1;WQND1A3;WQND1A5;WQND1G1;WQND1SS;WQND2A1;WQND2A3;WQND2A5;WQND2G1;WQND2SS;WQND3A1;WQND3A3;WQND3A5;WQND3G1;WQND3SS;WQND4A1;WQND4A3;WQND4A5;WQND4G1;WQND4SS;WQNDDA1;WQNDDA3;WQNDDA5;WQNDDA7;WQNDDA8;WQNDDA9;WQNDDG1;WQNDDOA7;WQNDDOA8;WQNDDOA9;WQNDDOG1;WQNF0A1;WQNF0A3;WQNF0A5;WQNF0A7;WQNF0A8;WQNF0A9;WQNF0G1;WQNF0OA7;WQNF0OA8;WQNF0OA9;WQNF0OG1;WQNF1A1;WQNF1A3;WQNF1A5;WQNF1A7;WQNF1A8;WQNF1A9;WQNF1G1;WQNF1OA7;WQNF1OA8;WQNF1OA9;WQNF1OG1;WQNF2A1;WQNF2A3;WQNF2A5;WQNF2A7;WQNF2A8;WQNF2A9;WQNF2G1;WQNF2OA7;WQNF2OA8;WQNF2OA9;WQNF2OG1;WQNF3A1;WQNF3A3;WQNF3A5;WQNF3A7;WQNF3A8;WQNF3A9;WQNF3G1;WQNF3OA7;WQNF3OA8;WQNF3OA9;WQNF3OG1;WQNFLA1;WQNFLA3;WQNFLA5;WQNFLA7;WQNFLA8;WQNFLA9;WQNFLG1;WQNFLOA7;WQNFLOA8;WQNFLOA9;WQNFLOG1;WQNFSA1;WQNFSA3;WQNFSA5;WQNFSA7;WQNFSA8;WQNFSA9;WQNFSG1;WQNFSOA7;WQNFSOA8;WQNFSOA9;WQNFSOG1;WQNGSA2;WQNGSA4;WQNGSA6;WQNGSG1;WQNH0A1;WQNH0A2;WQNH0A3;WQNH0A4;WQNH0A5;WQNH0A6;WQNH0A7;WQNH0A8;WQNH0A9;WQNH0CA;WQNH0G1;WQNH0SA;WQNH0SS;WQNH0SX;WQNH1A1;WQNH1A2;WQNH1A3;WQNH1A4;WQNH1A5;WQNH1A6;WQNH1A7;WQNH1A8;WQNH1A9;WQNH1CA;WQNH1G1;WQNH1SA;WQNH1SS;WQNH1SX;WQNH2A1;WQNH2A2;WQNH2A3;WQNH2A4;WQNH2A5;WQNH2A6;WQNH2A7;WQNH2A8;WQNH2A9;WQNH2CA;WQNH2G1;WQNH2SA;WQNH2SS;WQNH2SX;WQNH5A1;WQNH5A2;WQNH5A3;WQNH5A4;WQNH5A5;WQNH5A6;WQNH5A7;WQNH5A8;WQNH5A9;WQNH5CA;WQNH5G1;WQNH5SA;WQNH5SS;WQNH5SX;WQNH6A1;WQNH6A2;WQNH6A3;WQNH6A4;WQNH6A5;WQNH6A6;WQNH6A7;WQNH6A8;WQNH6A9;WQNH6CA;WQNH6G1;WQNH6SA;WQNH6SS;WQNH6SX;WQNHBA2;WQNHBA4;WQNHBA6;WQNHBG1;WQNJ0A1;WQNJ0A2;WQNJ0A3;WQNJ0A4;WQNJ0A5;WQNJ0A6;WQNJ0A7;WQNJ0A8;WQNJ0A9;WQNJ0CA;WQNJ0G1;WQNJ0SA;WQNJ0SS;WQNJ0SX;WQNJ1A1;WQNJ1A2;WQNJ1A3;WQNJ1A4;WQNJ1A5;WQNJ1A6;WQNJ1A7;WQNJ1A8;WQNJ1A9;WQNJ1CA;WQNJ1G1;WQNJ1SA;WQNJ1SS;WQNJ1SX;WQNJ2A1;WQNJ2A2;WQNJ2A3;WQNJ2A4;WQNJ2A5;WQNJ2A6;WQNJ2A7;WQNJ2A8;WQNJ2A9;WQNJ2CA;WQNJ2G1;WQNJ2SA;WQNJ2SS;WQNJ2SX;WQNJ3A1;WQNJ3A2;WQNJ3A3;WQNJ3A4;WQNJ3A5;WQNJ3A6;WQNJ3A7;WQNJ3A8;WQNJ3A9;WQNJ3CA;WQNJ3G1;WQNJ3SA;WQNJ3SS;WQNJ3SX;WQNJ4A1;WQNJ4A2;WQNJ4A3;WQNJ4A4;WQNJ4A5;WQNJ4A6;WQNJ4A7;WQNJ4A8;WQNJ4A9;WQNJ4CA;WQNJ4G1;WQNJ4SA;WQNJ4SS;WQNJ4SX;WQNJ5A1;WQNJ5A2;WQNJ5A3;WQNJ5A4;WQNJ5A5;WQNJ5A6;WQNJ5A7;WQNJ5A8;WQNJ5A9;WQNJ5CA;WQNJ5G1;WQNJ5SA;WQNJ5SS;WQNJ5SX;WQNJ6A1;WQNJ6A2;WQNJ6A3;WQNJ6A4;WQNJ6A5;WQNJ6A6;WQNJ6A7;WQNJ6A8;WQNJ6A9;WQNJ6CA;WQNJ6G1;WQNJ6SA;WQNJ6SS;WQNJ6SX;WQNJ7A1;WQNJ7A2;WQNJ7A3;WQNJ7A4;WQNJ7A5;WQNJ7A6;WQNJ7A7;WQNJ7A8;WQNJ7A9;WQNJ7CA;WQNJ7G1;WQNJ7SA;WQNJ7SS;WQNJ7SX;WQNJ8A1;WQNJ8A2;WQNJ8A3;WQNJ8A4;WQNJ8A5;WQNJ8A6;WQNJ8A7;WQNJ8A8;WQNJ8A9;WQNJ8CA;WQNJ8G1;WQNJ8SA;WQNJ8SS;WQNJ8SX;WQNJ9A1;WQNJ9A2;WQNJ9A3;WQNJ9A4;WQNJ9A5;WQNJ9A6;WQNJ9A7;WQNJ9A8;WQNJ9A9;WQNJ9CA;WQNJ9G1;WQNJ9SA;WQNJ9SS;WQNJ9SX;WQNJAA1;WQNJAA2;WQNJAA3;WQNJAA4;WQNJAA5;WQNJAA6;WQNJAA7;WQNJAA8;WQNJAA9;WQNJACA;WQNJAG1;WQNJASA;WQNJASS;WQNJASX;WQNJBA1;WQNJBA2;WQNJBA3;WQNJBA4;WQNJBA5;WQNJBA6;WQNJBA7;WQNJBA8;WQNJBA9;WQNJBCA;WQNJBG1;WQNJBSA;WQNJBSS;WQNJBSX;WQNJCA1;WQNJCA2;WQNJCA3;WQNJCA4;WQNJCA5;WQNJCA6;WQNJCA7;WQNJCA8;WQNJCA9;WQNJCCA;WQNJCG1;WQNJCSA;WQNJCSS;WQNJCSX;WQNM2A1;WQNM2A3;WQNM2A5;WQNM2A7;WQNM2A8;WQNM2A9;WQNM2G1;WQNM2OA7;WQNM2OA8;WQNM2OA9;WQNM2OG1;WQNMCA1;WQNMCA3;WQNMCA5;WQNMCA7;WQNMCA8;WQNMCA9;WQNMCG1;WQNMCOA7;WQNMCOA8;WQNMCOA9;WQNMCOG1;WQNMSA1;WQNMSA3;WQNMSA5;WQNMSA7;WQNMSA8;WQNMSA9;WQNMSG1;WQNMSOA7;WQNMSOA8;WQNMSOA9;WQNMSOG1;WQNQ2A2;WQNQ2A4;WQNQ2A6;WQNQ2G1;WQNQ3A2;WQNQ3A4;WQNQ3A6;WQNQ3G1;WQNQ4A2;WQNQ4A4;WQNQ4A6;WQNQ4G1;WQNQSA2;WQNQSA4;WQNQSA6;WQNQSG1;WQNS0A1;WQNS0A3;WQNS0A5;WQNS0A7;WQNS0A8;WQNS0A9;WQNS0G1;WQNS0OA7;WQNS0OA8;WQNS0OA9;WQNS0OG1;WQNS1A1;WQNS1A3;WQNS1A5;WQNS1A7;WQNS1A8;WQNS1A9;WQNS1G1;WQNS1OA7;WQNS1OA8;WQNS1OA9;WQNS1OG1;WQNS2A2;WQNS2A4;WQNS2A6;WQNS2G1;WQNS3A1;WQNS3A3;WQNS3A5;WQNS3A7;WQNS3A8;WQNS3A9;WQNS3G1;WQNS3OA7;WQNS3OA8;WQNS3OA9;WQNS3OG1;WQNSCA1;WQNSCA3;WQNSCA5;WQNSCA7;WQNSCA8;WQNSCA9;WQNSCG1;WQNSCOA7;WQNSCOA8;WQNSCOA9;WQNSCOG1;WQNSLG1;WQNSLSS;WQNSPA2;WQNSPA4;WQNSPA6;WQNSPG1;WQNSSA1;WQNSSA3;WQNSSA5;WQNSSA7;WQNSSA8;WQNSSA9;WQNSSG1;WQNSSOA7;WQNSSOA8;WQNSSOA9;WQNSSOG1;WQNWHA1;WQNWHA3;WQNWHA5;WQNWHA7;WQNWHA8;WQNWHA9;WQNWHG1;WQNWHOA7;WQNWHOA8;WQNWHOA9;WQNWHOG1;WQNZWA1;WQNZWA2;WQNZWA3;WQNZWA4;WQNZWA5;WQNZWA6;WQNZWA7;WQNZWA8;WQNZWA9;WQNZWCA;WQNZWG1;WQNZWSA;WQNZWSS;WQNZWSX,q3m-reference-available,docs/measurements/playable-q3m-x2-ingame-20261002-v1/current-generation.json,no-colour-variant-reference,86142,86062,,sprite/index/palette-work-plan.json,86142
0x6621,FIGHTER_FEMALE_HUMAN_BG1,character_old,6000,1,,XHFF,1,0,0,0,0x6621:body:base-resref:XHFF:XHFF,,source-absent,,source-absent,0,0,0,sprite/index/q3m-source-work-plan.json,
0x7000,HALF_OGRE,monster_old,7000,1,,MOGH,1,1,4,304,0x7000:body:base-resref:MOGH:MOGH,MOGHG1;MOGHG1E;MOGHG2;MOGHG2E,to-produce-or-extend-profile,,no-colour-variant-reference,304,304,0,sprite/index/q3m-source-work-plan.json,
0x7001,OGRILLON,monster_old,7000,1,,MOGN,1,1,4,384,0x7001:body:base-resref:MOGN:MOGN,MOGNG1;MOGNG1E;MOGNG2;MOGNG2E,to-produce-or-extend-profile,,no-colour-variant-reference,384,384,0,sprite/index/q3m-source-work-plan.json,
0x7100,BASILISK,monster_old,7000,0,,MBAS,1,1,4,360,0x7100:body:base-resref:MBAS:MBAS,MBASG1;MBASG1E;MBASG2;MBASG2E,to-produce-or-extend-profile,,no-colour-variant-reference,360,360,0,sprite/index/q3m-source-work-plan.json,
0x7101,BASILISK_GREATER,monster_old,7000,0,,MBAS,1,1,4,360,0x7101:body:base-resref:MBAS:MBAS,MBASG1;MBASG1E;MBASG2;MBASG2E,to-produce-or-extend-profile,,no-colour-variant-reference,360,360,0,sprite/index/q3m-source-work-plan.json,
0x7200,BEAR_BLACK,monster_old,7000,0,,MBER,1,1,6,404,0x7200:body:base-resref:MBER:MBER,MBER0INV;MBER1INV;MBERG1;MBERG1E;MBERG2;MBERG2E,to-produce-or-extend-profile,,no-colour-variant-reference,404,404,0,sprite/index/q3m-source-work-plan.json,
0x7201,BEAR_BROWN,monster_old,7000,0,,MBER,1,1,6,404,0x7201:body:base-resref:MBER:MBER,MBER0INV;MBER1INV;MBERG1;MBERG1E;MBERG2;MBERG2E,to-produce-or-extend-profile,,no-colour-variant-reference,404,404,0,sprite/index/q3m-source-work-plan.json,
0x7202,BEAR_CAVE,monster_old,7000,0,,MBER,1,1,6,404,0x7202:body:base-resref:MBER:MBER,MBER0INV;MBER1INV;MBERG1;MBERG1E;MBERG2;MBERG2E,to-produce-or-extend-profile,,no-colour-variant-reference,404,404,0,sprite/index/q3m-source-work-plan.json,
0x7203,BEAR_POLAR,monster_old,7000,0,,MBER,1,1,6,404,0x7203:body:base-resref:MBER:MBER,MBER0INV;MBER1INV;MBERG1;MBERG1E;MBERG2;MBERG2E,to-produce-or-extend-profile,,no-colour-variant-reference,404,404,0,sprite/index/q3m-source-work-plan.json,
0x7300,ELEMENTAL_EARTH,monster,7000,0,1,MEAE,1,1,14,6401,0x7300:body:base-resref:MEAE:MEAE,MEAEG1;MEAEG11;MEAEG12;MEAEG13;MEAEG14;MEAEG15;MEAEG2;MEAEG21;MEAEG22;MEAEG23;MEAEG24;MEAEG25;MEAEG26;MEAEINV,to-produce-or-extend-profile,,no-colour-variant-reference,965,964,1,sprite/index/q3m-source-work-plan.json,
0x7301,ELEMENTAL_EARTH_SMALL,monster,7000,0,1,MEAS,1,1,13,6399,0x7301:body:base-resref:MEAS:MEAS,MEASG1;MEASG11;MEASG12;MEASG13;MEASG14;MEASG15;MEASG2;MEASG21;MEASG22;MEASG23;MEASG24;MEASG25;MEASG26,to-produce-or-extend-profile,,no-colour-variant-reference,966,965,1,sprite/index/q3m-source-work-plan.json,
0x7302,SHAMBLING_MOUND,monster,7000,0,1,MEAE,1,1,14,6401,0x7302:body:base-resref:MEAE:MEAE,MEAEG1;MEAEG11;MEAEG12;MEAEG13;MEAEG14;MEAEG15;MEAEG2;MEAEG21;MEAEG22;MEAEG23;MEAEG24;MEAEG25;MEAEG26;MEAEINV,to-produce-or-extend-profile,,no-colour-variant-reference,965,964,1,sprite/index/q3m-source-work-plan.json,
0x7310,ELEMENTAL_FIRE,monster,7000,0,1,MFIE,1,1,14,5888,0x7310:body:base-resref:MFIE:MFIE,MFIEG1;MFIEG11;MFIEG12;MFIEG13;MFIEG14;MFIEG15;MFIEG2;MFIEG21;MFIEG22;MFIEG23;MFIEG24;MFIEG25;MFIEG26;MFIEINV,to-produce-or-extend-profile,,no-colour-variant-reference,921,920,0,sprite/index/q3m-source-work-plan.json,
0x7311,ELEMENTAL_FIRE_SMALL,monster,7000,0,1,MFIS,1,1,13,5886,0x7311:body:base-resref:MFIS:MFIS,MFISG1;MFISG11;MFISG12;MFISG13;MFISG14;MFISG15;MFISG2;MFISG21;MFISG22;MFISG23;MFISG24;MFISG25;MFISG26,to-produce-or-extend-profile,,no-colour-variant-reference,920,918,0,sprite/index/q3m-source-work-plan.json,
0x7312,ELEMENTAL_FIRE_PURPLE,monster,7000,0,1,MFIE,1,1,14,5888,0x7312:body:base-resref:MFIE:MFIE,MFIEG1;MFIEG11;MFIEG12;MFIEG13;MFIEG14;MFIEG15;MFIEG2;MFIEG21;MFIEG22;MFIEG23;MFIEG24;MFIEG25;MFIEG26;MFIEINV,to-produce-or-extend-profile,,no-colour-variant-reference,921,920,0,sprite/index/q3m-source-work-plan.json,
0x7313,ELEMENTAL_FIRE_SMALL_PURPLE,monster,7000,0,1,MFIS,1,1,13,5886,0x7313:body:base-resref:MFIS:MFIS,MFISG1;MFISG11;MFISG12;MFISG13;MFISG14;MFISG15;MFISG2;MFISG21;MFISG22;MFISG23;MFISG24;MFISG25;MFISG26,to-produce-or-extend-profile,,no-colour-variant-reference,920,918,0,sprite/index/q3m-source-work-plan.json,
0x7314,BURNING_MAN,monster,7000,0,1,MFIE,1,1,14,5888,0x7314:body:base-resref:MFIE:MFIE,MFIEG1;MFIEG11;MFIEG12;MFIEG13;MFIEG14;MFIEG15;MFIEG2;MFIEG21;MFIEG22;MFIEG23;MFIEG24;MFIEG25;MFIEG26;MFIEINV,to-produce-or-extend-profile,,no-colour-variant-reference,921,920,0,sprite/index/q3m-source-work-plan.json,
0x7320,ELEMENTAL_AIR,monster,7000,0,1,MAIR,1,1,13,7137,0x7320:body:base-resref:MAIR:MAIR,MAIRG1;MAIRG11;MAIRG12;MAIRG13;MAIRG14;MAIRG15;MAIRG2;MAIRG21;MAIRG22;MAIRG23;MAIRG24;MAIRG25;MAIRG26,to-produce-or-extend-profile,,no-colour-variant-reference,1047,1044,1,sprite/index/q3m-source-work-plan.json,
0x7321,ELEMENTAL_AIR_SMALL,monster,7000,0,1,MAIS,1,1,13,7137,0x7321:body:base-resref:MAIS:MAIS,MAISG1;MAISG11;MAISG12;MAISG13;MAISG14;MAISG15;MAISG2;MAISG21;MAISG22;MAISG23;MAISG24;MAISG25;MAISG26,to-produce-or-extend-profile,,no-colour-variant-reference,1047,1044,1,sprite/index/q3m-source-work-plan.json,
0x7400,DOG_WILD,monster_old,7000,0,,MDOG,1,1,4,272,0x7400:body:base-resref:MDOG:MDOG,MDOGG1;MDOGG1E;MDOGG2;MDOGG2E,to-produce-or-extend-profile,,no-colour-variant-reference,272,272,0,sprite/index/q3m-source-work-plan.json,
0x7401,DOG_WAR,monster_old,7000,0,,MDOG,1,1,4,272,0x7401:body:base-resref:MDOG:MDOG,MDOGG1;MDOGG1E;MDOGG2;MDOGG2E,to-produce-or-extend-profile,,no-colour-variant-reference,272,272,0,sprite/index/q3m-source-work-plan.json,
0x7402,DOG_MOON,monster_old,7000,0,,MDOG,1,1,4,272,0x7402:body:base-resref:MDOG:MDOG,MDOGG1;MDOGG1E;MDOGG2;MDOGG2E,to-produce-or-extend-profile,,no-colour-variant-reference,272,272,0,sprite/index/q3m-source-work-plan.json,
0x7500,DOPPLEGANGER,monster_old,7000,0,,MDOP,1,1,4,352,0x7500:body:base-resref:MDOP:MDOP,MDOPG1;MDOPG1E;MDOPG2;MDOPG2E,to-produce-or-extend-profile,,no-colour-variant-reference,352,352,0,sprite/index/q3m-source-work-plan.json,
0x7501,DOPPLEGANGER_GREATER,monster_old,7000,0,,MDOP,1,1,4,352,0x7501:body:base-resref:MDOP:MDOP,MDOPG1;MDOPG1E;MDOPG2;MDOPG2E,to-produce-or-extend-profile,,no-colour-variant-reference,352,352,0,sprite/index/q3m-source-work-plan.json,
0x7600,ETTERCAP,monster_old,7000,0,,METT,1,1,4,376,0x7600:body:base-resref:METT:METT,METTG1;METTG1E;METTG2;METTG2E,to-produce-or-extend-profile,,no-colour-variant-reference,376,376,0,sprite/index/q3m-source-work-plan.json,
0x7601,MAUREZHI,monster_old,7000,0,0,MGHL,1,1,4,352,0x7601:body:base-resref:MGHL:MGHL,MGHLG1;MGHLG1E;MGHLG2;MGHLG2E,to-produce-or-extend-profile,,no-colour-variant-reference,352,352,0,sprite/index/q3m-source-work-plan.json,
0x7602,MYRLOCHAR,monster_old,7000,0,,MSPI,1,1,5,402,0x7602:body:base-resref:MSPI:MSPI,MSPI3INV;MSPIG1;MSPIG1E;MSPIG2;MSPIG2E,to-produce-or-extend-profile,,no-colour-variant-reference,402,402,0,sprite/index/q3m-source-work-plan.json,
0x7603,DOG_GRAY,monster_old,7000,0,,MDOG,1,1,4,272,0x7603:body:base-resref:MDOG:MDOG,MDOGG1;MDOGG1E;MDOGG2;MDOGG2E,to-produce-or-extend-profile,,no-colour-variant-reference,272,272,0,sprite/index/q3m-source-work-plan.json,
0x7604,SPIDER_WATER,monster_old,7000,0,,MSPI,1,1,5,402,0x7604:body:base-resref:MSPI:MSPI,MSPI3INV;MSPIG1;MSPIG1E;MSPIG2;MSPIG2E,to-produce-or-extend-profile,,no-colour-variant-reference,402,402,0,sprite/index/q3m-source-work-plan.json,
0x7700,GHOUL,monster_old,7000,0,,MGHL,1,1,4,352,0x7700:body:base-resref:MGHL:MGHL,MGHLG1;MGHLG1E;MGHLG2;MGHLG2E,to-produce-or-extend-profile,,no-colour-variant-reference,352,352,0,sprite/index/q3m-source-work-plan.json,
0x7701,REVENANT,monster_old,7000,0,,MGHL,1,1,4,352,0x7701:body:base-resref:MGHL:MGHL,MGHLG1;MGHLG1E;MGHLG2;MGHLG2E,to-produce-or-extend-profile,,no-colour-variant-reference,352,352,0,sprite/index/q3m-source-work-plan.json,
0x7702,GHAST,monster_old,7000,0,,MGHL,1,1,4,352,0x7702:body:base-resref:MGHL:MGHL,MGHLG1;MGHLG1E;MGHLG2;MGHLG2E,to-produce-or-extend-profile,,no-colour-variant-reference,352,352,0,sprite/index/q3m-source-work-plan.json,
0x7703,SHADOW,monster,7000,0,1,MSHD,1,1,13,5823,0x7703:body:base-resref:MSHD:MSHD,MSHDG1;MSHDG11;MSHDG12;MSHDG13;MSHDG14;MSHDG15;MSHDG2;MSHDG21;MSHDG22;MSHDG23;MSHDG24;MSHDG25;MSHDG26,to-produce-or-extend-profile,,no-colour-variant-reference,864,863,1,sprite/index/q3m-source-work-plan.json,
0x7800,GIBBERLING,monster_old,7000,0,,MGIB,1,1,4,304,0x7800:body:base-resref:MGIB:MGIB,MGIBG1;MGIBG1E;MGIBG2;MGIBG2E,to-produce-or-extend-profile,,no-colour-variant-reference,304,304,0,sprite/index/q3m-source-work-plan.json,
0x7801,GIBBERLING_BROOD,monster_old,7000,0,,MGIB,1,1,4,304,0x7801:body:base-resref:MGIB:MGIB,MGIBG1;MGIBG1E;MGIBG2;MGIBG2E,to-produce-or-extend-profile,,no-colour-variant-reference,304,304,0,sprite/index/q3m-source-work-plan.json,
0x7802,BLACK_PUDDING,monster_old,7000,0,,MSLI,1,1,5,481,0x7802:body:base-resref:MSLI:MSLI,MSLI2INV;MSLIG1;MSLIG1E;MSLIG2;MSLIG2E,to-produce-or-extend-profile,,no-colour-variant-reference,394,394,0,sprite/index/q3m-source-work-plan.json,
0x7900,SLIME_GREEN,monster_old,7000,0,,MSLI,1,1,5,481,0x7900:body:base-resref:MSLI:MSLI,MSLI2INV;MSLIG1;MSLIG1E;MSLIG2;MSLIG2E,to-produce-or-extend-profile,,no-colour-variant-reference,394,394,0,sprite/index/q3m-source-work-plan.json,
0x7901,SLIME_OLIVE,monster_old,7000,0,,MSLI,1,1,5,481,0x7901:body:base-resref:MSLI:MSLI,MSLI2INV;MSLIG1;MSLIG1E;MSLIG2;MSLIG2E,to-produce-or-extend-profile,,no-colour-variant-reference,394,394,0,sprite/index/q3m-source-work-plan.json,
0x7902,SLIME_MUSTARD,monster_old,7000,0,,MSLI,1,1,5,481,0x7902:body:base-resref:MSLI:MSLI,MSLI2INV;MSLIG1;MSLIG1E;MSLIG2;MSLIG2E,to-produce-or-extend-profile,,no-colour-variant-reference,394,394,0,sprite/index/q3m-source-work-plan.json,
0x7903,SLIME_OCHRE,monster_old,7000,0,,MSLI,1,1,5,481,0x7903:body:base-resref:MSLI:MSLI,MSLI2INV;MSLIG1;MSLIG1E;MSLIG2;MSLIG2E,to-produce-or-extend-profile,,no-colour-variant-reference,394,394,0,sprite/index/q3m-source-work-plan.json,
0x7904,GRAY_OOZE,monster_old,7000,0,,MSLI,1,1,5,481,0x7904:body:base-resref:MSLI:MSLI,MSLI2INV;MSLIG1;MSLIG1E;MSLIG2;MSLIG2E,to-produce-or-extend-profile,,no-colour-variant-reference,394,394,0,sprite/index/q3m-source-work-plan.json,
0x7A00,SPIDER_GIANT,monster_old,7000,0,,MSPI,1,1,5,402,0x7A00:body:base-resref:MSPI:MSPI,MSPI3INV;MSPIG1;MSPIG1E;MSPIG2;MSPIG2E,to-produce-or-extend-profile,,no-colour-variant-reference,402,402,0,sprite/index/q3m-source-work-plan.json,
0x7A01,SPIDER_HUGE,monster_old,7000,0,,MSPI,1,1,5,402,0x7A01:body:base-resref:MSPI:MSPI,MSPI3INV;MSPIG1;MSPIG1E;MSPIG2;MSPIG2E,to-produce-or-extend-profile,,no-colour-variant-reference,402,402,0,sprite/index/q3m-source-work-plan.json,
0x7A02,SPIDER_PHASE,monster_old,7000,0,,MSPI,1,1,5,402,0x7A02:body:base-resref:MSPI:MSPI,MSPI3INV;MSPIG1;MSPIG1E;MSPIG2;MSPIG2E,to-produce-or-extend-profile,,no-colour-variant-reference,402,402,0,sprite/index/q3m-source-work-plan.json,
0x7A03,SPIDER_SWORD,monster_old,7000,0,,MSPI,1,1,5,402,0x7A03:body:base-resref:MSPI:MSPI,MSPI3INV;MSPIG1;MSPIG1E;MSPIG2;MSPIG2E,to-produce-or-extend-profile,,no-colour-variant-reference,402,402,0,sprite/index/q3m-source-work-plan.json,
0x7A04,SPIDER_WRAITH,monster_old,7000,0,,MSPI,1,1,5,402,0x7A04:body:base-resref:MSPI:MSPI,MSPI3INV;MSPIG1;MSPIG1E;MSPIG2;MSPIG2E,to-produce-or-extend-profile,,no-colour-variant-reference,402,402,0,sprite/index/q3m-source-work-plan.json,
0x7B00,WOLF,monster_old,7000,0,,MWLF,1,1,6,384,0x7B00:body:base-resref:MWLF:MWLF,MWLF0INV;MWLF3INV;MWLFG1;MWLFG1E;MWLFG2;MWLFG2E,to-produce-or-extend-profile,,no-colour-variant-reference,322,322,0,sprite/index/q3m-source-work-plan.json,
0x7B01,WOLF_WORG,monster_old,7000,0,,MWLF,1,1,6,384,0x7B01:body:base-resref:MWLF:MWLF,MWLF0INV;MWLF3INV;MWLFG1;MWLFG1E;MWLFG2;MWLFG2E,to-produce-or-extend-profile,,no-colour-variant-reference,322,322,0,sprite/index/q3m-source-work-plan.json,
0x7B02,WOLF_DIRE,monster_old,7000,0,,MWLF,1,1,6,384,0x7B02:body:base-resref:MWLF:MWLF,MWLF0INV;MWLF3INV;MWLFG1;MWLFG1E;MWLFG2;MWLFG2E,to-produce-or-extend-profile,,no-colour-variant-reference,322,322,0,sprite/index/q3m-source-work-plan.json,
0x7B03,WOLF_WINTER,monster_old,7000,0,,MWLF,1,1,6,384,0x7B03:body:base-resref:MWLF:MWLF,MWLF0INV;MWLF3INV;MWLFG1;MWLFG1E;MWLFG2;MWLFG2E,to-produce-or-extend-profile,,no-colour-variant-reference,322,322,0,sprite/index/q3m-source-work-plan.json,
0x7B04,WOLF_VAMPIRIC,monster_old,7000,0,,MWLF,1,1,6,384,0x7B04:body:base-resref:MWLF:MWLF,MWLF0INV;MWLF3INV;MWLFG1;MWLFG1E;MWLFG2;MWLFG2E,to-produce-or-extend-profile,,no-colour-variant-reference,322,322,0,sprite/index/q3m-source-work-plan.json,
0x7B05,WOLF_DREAD,monster_old,7000,0,,MWLF,1,1,6,384,0x7B05:body:base-resref:MWLF:MWLF,MWLF0INV;MWLF3INV;MWLFG1;MWLFG1E;MWLFG2;MWLFG2E,to-produce-or-extend-profile,,no-colour-variant-reference,322,322,0,sprite/index/q3m-source-work-plan.json,
0x7B06,WOLF_SHADOW,monster_old,7000,0,,MWLS,1,1,4,380,0x7B06:body:base-resref:MWLS:MWLS,MWLSG1;MWLSG1E;MWLSG2;MWLSG2E,to-produce-or-extend-profile,,no-colour-variant-reference,320,320,0,sprite/index/q3m-source-work-plan.json,
0x7C00,KOBOLD_XVART,monster_old,7000,1,,MXVT,1,1,4,288,0x7C00:body:base-resref:MXVT:MXVT,MXVTG1;MXVTG1E;MXVTG2;MXVTG2E,to-produce-or-extend-profile,,no-colour-variant-reference,288,288,0,sprite/index/q3m-source-work-plan.json,
0x7C01,KOBOLD_TASLOI,monster_old,7000,0,,MTAS,1,1,4,320,0x7C01:body:base-resref:MTAS:MTAS,MTASG1;MTASG1E;MTASG2;MTASG2E,to-produce-or-extend-profile,,no-colour-variant-reference,320,320,0,sprite/index/q3m-source-work-plan.json,
0x7D00,ZOMBIE,monster_old,7000,1,,MZOM,1,1,4,560,0x7D00:body:base-resref:MZOM:MZOM,MZOMG1;MZOMG1E;MZOMG2;MZOMG2E,to-produce-or-extend-profile,,no-colour-variant-reference,560,560,0,sprite/index/q3m-source-work-plan.json,
0x7D01,SLAVE_FIGHTER,monster_old,7000,1,0,NSLF,1,0,0,0,0x7D01:body:base-resref:NSLF:NSLF,,source-absent,,source-absent,0,0,0,sprite/index/q3m-source-work-plan.json,
0x7D02,CHICKEN_BROWN,monster_old,7000,0,0,ACHB,1,0,0,0,0x7D02:body:base-resref:ACHB:ACHB,,source-absent,,source-absent,0,0,0,sprite/index/q3m-source-work-plan.json,
0x7D03,CHICKEN_WHITE,monster_old,7000,0,0,ACHW,1,0,0,0,0x7D03:body:base-resref:ACHW:ACHW,,source-absent,,source-absent,0,0,0,sprite/index/q3m-source-work-plan.json,
0x7D04,HARLOT_FIGHTER,monster_old,7000,1,0,NPRF,1,0,0,0,0x7D04:body:base-resref:NPRF:NPRF,,source-absent,,source-absent,0,0,0,sprite/index/q3m-source-work-plan.json,
0x7D05,NOBLEMAN_FIGHTER,monster_old,7000,1,0,NNMF,1,0,0,0,0x7D05:body:base-resref:NNMF:NNMF,,source-absent,,source-absent,0,0,0,sprite/index/q3m-source-work-plan.json,
0x7D06,NOBLEWOMAN_FIGHTER,monster_old,7000,1,0,NNWF,1,0,0,0,0x7D06:body:base-resref:NNWF:NNWF,,source-absent,,source-absent,0,0,0,sprite/index/q3m-source-work-plan.json,
0x7D07,PEASANT_MAN_FIGHTER,monster_old,7000,1,0,NSMF,1,0,0,0,0x7D07:body:base-resref:NSMF:NSMF,,source-absent,,source-absent,0,0,0,sprite/index/q3m-source-work-plan.json,
0x7D08,PEASANT_WOMAN_FIGHTER,monster_old,7000,1,0,NSWF,1,0,0,0,0x7D08:body:base-resref:NSWF:NSWF,,source-absent,,source-absent,0,0,0,sprite/index/q3m-source-work-plan.json,
0x7E00,WEREWOLF,monster_old,7000,0,,MWER,1,1,4,496,0x7E00:body:base-resref:MWER:MWER,MWERG1;MWERG1E;MWERG2;MWERG2E,to-produce-or-extend-profile,,no-colour-variant-reference,489,489,0,sprite/index/q3m-source-work-plan.json,
0x7E01,WEREWOLF_GREATER,monster_old,7000,0,,MGWE,1,1,5,498,0x7E01:body:base-resref:MGWE:MGWE,MGWEG1;MGWEG1E;MGWEG2;MGWEG2E;MGWEINV,to-produce-or-extend-profile,,no-colour-variant-reference,498,498,0,sprite/index/q3m-source-work-plan.json,
0x7F00,TROLL,monster,7000,0,1,MTRO,1,1,34,6676,0x7F00:body:base-resref:MTRO:MTRO,MTROA1;MTROA1E;MTROA2;MTROA2E;MTRODE;MTRODEE;MTROG1;MTROG11;MTROG12;MTROG13;MTROG14;MTROG15;MTROG2;MTROG21;MTROG22;MTROG23;MTROG24;MTROG25;MTROG26;MTROGH;MTROGHE;MTROGU;MTROGUE;MTROINV;MTROSC;MTROSCE;MTROSD;MTROSDE;MTROSL;MTROSLE;MTROTW;MTROTWE;MTROWK;MTROWKE,to-produce-or-extend-profile,,no-colour-variant-reference,2132,2131,1,sprite/index/q3m-source-work-plan.json,
0x7F01,MINDFLAYER,monster,7000,0,1,MMIN,1,1,34,6266,0x7F01:body:base-resref:MMIN:MMIN,MMINA1;MMINA1E;MMINA2;MMINA2E;MMINDE;MMINDEE;MMING1;MMING11;MMING12;MMING13;MMING14;MMING15;MMING2;MMING21;MMING22;MMING23;MMING24;MMING25;MMING26;MMINGH;MMINGHE;MMINGU;MMINGUE;MMININV;MMINSC;MMINSCE;MMINSD;MMINSDE;MMINSL;MMINSLE;MMINTW;MMINTWE;MMINWK;MMINWKE,to-produce-or-extend-profile,,no-colour-variant-reference,2073,2072,1,sprite/index/q3m-source-work-plan.json,
0x7F02,BEHOLDER,monster,7000,0,1,MBEH,1,1,13,6831,0x7F02:body:base-resref:MBEH:MBEH,MBEHG1;MBEHG11;MBEHG12;MBEHG13;MBEHG14;MBEHG15;MBEHG2;MBEHG21;MBEHG22;MBEHG23;MBEHG24;MBEHG25;MBEHG26,q3m-reference-available,docs/measurements/q3m-monster-integration-x2-20261003-v1/current-generation.json,six-frame-diagnostics-no-complete-colour-variant,1053,1052,1,sprite/index/q3m-source-work-plan.json,1054
0x7F03,IMP,monster,7000,0,1,MIMP,1,1,13,5247,0x7F03:body:base-resref:MIMP:MIMP,MIMPG1;MIMPG11;MIMPG12;MIMPG13;MIMPG14;MIMPG15;MIMPG2;MIMPG21;MIMPG22;MIMPG23;MIMPG24;MIMPG25;MIMPG26,to-produce-or-extend-profile,,no-colour-variant-reference,775,774,1,sprite/index/q3m-source-work-plan.json,
0x7F04,GOLEM_IRON,monster,7000,0,1,MIGO,1,1,14,5996,0x7F04:body:base-resref:MIGO:MIGO,MIGOG1;MIGOG11;MIGOG12;MIGOG13;MIGOG14;MIGOG15;MIGOG2;MIGOG21;MIGOG22;MIGOG23;MIGOG24;MIGOG25;MIGOG26;MIGOINV,to-produce-or-extend-profile,,no-colour-variant-reference,939,938,1,sprite/index/q3m-source-work-plan.json,
0x7F05,DJINNI,monster,7000,0,1,MDJI,1,1,13,8316,0x7F05:body:base-resref:MDJI:MDJI,MDJIG1;MDJIG11;MDJIG12;MDJIG13;MDJIG14;MDJIG15;MDJIG2;MDJIG21;MDJIG22;MDJIG23;MDJIG24;MDJIG25;MDJIG26,to-produce-or-extend-profile,,no-colour-variant-reference,1234,1226,1,sprite/index/q3m-source-work-plan.json,
0x7F06,DJINNI_LEGS,monster,7000,0,1,MDJL,1,1,13,8154,0x7F06:body:base-resref:MDJL:MDJL,MDJLG1;MDJLG11;MDJLG12;MDJLG13;MDJLG14;MDJLG15;MDJLG2;MDJLG21;MDJLG22;MDJLG23;MDJLG24;MDJLG25;MDJLG26,to-produce-or-extend-profile,,no-colour-variant-reference,1181,1171,1,sprite/index/q3m-source-work-plan.json,
0x7F07,GOLEM_CLAY,monster,7000,0,1,MGLC,1,1,13,5994,0x7F07:body:base-resref:MGLC:MGLC,MGLCG1;MGLCG11;MGLCG12;MGLCG13;MGLCG14;MGLCG15;MGLCG2;MGLCG21;MGLCG22;MGLCG23;MGLCG24;MGLCG25;MGLCG26,q3m-reference-available,docs/measurements/q3m-monster-integration-x2-20261003-v1/current-generation.json,six-frame-diagnostics-no-complete-colour-variant,891,890,1,sprite/index/q3m-source-work-plan.json,892
0x7F08,OTYUGH,monster,7000,0,1,MOTY,1,1,13,6426,0x7F08:body:base-resref:MOTY:MOTY,MOTYG1;MOTYG11;MOTYG12;MOTYG13;MOTYG14;MOTYG15;MOTYG2;MOTYG21;MOTYG22;MOTYG23;MOTYG24;MOTYG25;MOTYG26,to-produce-or-extend-profile,,no-colour-variant-reference,991,990,1,sprite/index/q3m-source-work-plan.json,
0x7F09,SAHUAGIN,monster,7000,0,1,MSAH,1,1,19,10386,0x7F09:body:base-resref:MSAH:MSAH,MSAHG1;MSAHG11;MSAHG12;MSAHG13;MSAHG14;MSAHG15;MSAHG1CB;MSAHG1QS;MSAHG1SP;MSAHG2;MSAHG21;MSAHG22;MSAHG23;MSAHG24;MSAHG25;MSAHG26;MSAHG2CB;MSAHG2QS;MSAHG2SP,to-produce-or-extend-profile,,no-colour-variant-reference,4326,4325,1,sprite/index/q3m-source-work-plan.json,
0x7F0A,GREATCAT_PANTHER,monster,7000,0,1,MGCP,1,1,13,5940,0x7F0A:body:base-resref:MGCP:MGCP,MGCPG1;MGCPG11;MGCPG12;MGCPG13;MGCPG14;MGCPG15;MGCPG2;MGCPG21;MGCPG22;MGCPG23;MGCPG24;MGCPG25;MGCPG26,to-produce-or-extend-profile,,no-colour-variant-reference,928,927,1,sprite/index/q3m-source-work-plan.json,
0x7F0B,GREATCAT_LEOPARD,monster,7000,0,1,MGCL,1,1,13,5940,0x7F0B:body:base-resref:MGCL:MGCL,MGCLG1;MGCLG11;MGCLG12;MGCLG13;MGCLG14;MGCLG15;MGCLG2;MGCLG21;MGCLG22;MGCLG23;MGCLG24;MGCLG25;MGCLG26,to-produce-or-extend-profile,,no-colour-variant-reference,921,920,1,sprite/index/q3m-source-work-plan.json,
0x7F0C,KUO-TOA,monster,7000,0,1,MKUO,1,1,19,11853,0x7F0C:body:base-resref:MKUO:MKUO,MKUOG1;MKUOG11;MKUOG12;MKUOG13;MKUOG14;MKUOG15;MKUOG1CB;MKUOG1SL;MKUOG1SP;MKUOG2;MKUOG21;MKUOG22;MKUOG23;MKUOG24;MKUOG25;MKUOG26;MKUOG2CB;MKUOG2SL;MKUOG2SP,to-produce-or-extend-profile,,no-colour-variant-reference,4771,4769,1,sprite/index/q3m-source-work-plan.json,
0x7F0D,LICH,monster,7000,0,1,MLIC,1,1,13,6912,0x7F0D:body:base-resref:MLIC:MLIC,MLICG1;MLICG11;MLICG12;MLICG13;MLICG14;MLICG15;MLICG2;MLICG21;MLICG22;MLICG23;MLICG24;MLICG25;MLICG26,to-produce-or-extend-profile,,no-colour-variant-reference,854,853,1,sprite/index/q3m-source-work-plan.json,
0x7F0E,DEMILICH,monster,7000,0,1,MDLI,1,1,13,6318,0x7F0E:body:base-resref:MDLI:MDLI,MDLIG1;MDLIG11;MDLIG12;MDLIG13;MDLIG14;MDLIG15;MDLIG2;MDLIG21;MDLIG22;MDLIG23;MDLIG24;MDLIG25;MDLIG26,to-produce-or-extend-profile,,no-colour-variant-reference,946,945,1,sprite/index/q3m-source-work-plan.json,
0x7F0F,TROLL_SMALL,monster,7000,0,1,MTRS,1,1,13,5220,0x7F0F:body:base-resref:MTRS:MTRS,MTRSG1;MTRSG11;MTRSG12;MTRSG13;MTRSG14;MTRSG15;MTRSG2;MTRSG21;MTRSG22;MTRSG23;MTRSG24;MTRSG25;MTRSG26,to-produce-or-extend-profile,,no-colour-variant-reference,802,801,1,sprite/index/q3m-source-work-plan.json,
0x7F10,RAKSHASA,monster,7000,0,1,MRAK,1,1,17,12204,0x7F10:body:base-resref:MRAK:MRAK,MRAKG1;MRAKG11;MRAKG12;MRAKG13;MRAKG14;MRAKG15;MRAKG1CB;MRAKG1S1;MRAKG2;MRAKG21;MRAKG22;MRAKG23;MRAKG24;MRAKG25;MRAKG26;MRAKG2CB;MRAKG2S1,to-produce-or-extend-profile,,no-colour-variant-reference,4212,4210,1,sprite/index/q3m-source-work-plan.json,
0x7F11,UMBER_HULK,monster,7000,0,1,MUMB,1,1,13,6156,0x7F11:body:base-resref:MUMB:MUMB,MUMBG1;MUMBG11;MUMBG12;MUMBG13;MUMBG14;MUMBG15;MUMBG2;MUMBG21;MUMBG22;MUMBG23;MUMBG24;MUMBG25;MUMBG26,to-produce-or-extend-profile,,no-colour-variant-reference,914,913,1,sprite/index/q3m-source-work-plan.json,
0x7F12,VAMPIRE,monster,7000,0,1,MVAM,1,1,13,7614,0x7F12:body:base-resref:MVAM:MVAM,MVAMG1;MVAMG11;MVAMG12;MVAMG13;MVAMG14;MVAMG15;MVAMG2;MVAMG21;MVAMG22;MVAMG23;MVAMG24;MVAMG25;MVAMG26,to-produce-or-extend-profile,,no-colour-variant-reference,1144,1143,1,sprite/index/q3m-source-work-plan.json,
0x7F13,SNAKE,monster,7000,0,1,MSNK,1,1,13,7875,0x7F13:body:base-resref:MSNK:MSNK,MSNKG1;MSNKG11;MSNKG12;MSNKG13;MSNKG14;MSNKG15;MSNKG2;MSNKG21;MSNKG22;MSNKG23;MSNKG24;MSNKG25;MSNKG26,to-produce-or-extend-profile,,no-colour-variant-reference,1018,1017,1,sprite/index/q3m-source-work-plan.json,
0x7F14,GITHYANKI,monster,7000,0,1,MGIT,1,1,13,8307,0x7F14:body:base-resref:MGIT:MGIT,MGITG1;MGITG11;MGITG12;MGITG13;MGITG14;MGITG15;MGITG2;MGITG21;MGITG22;MGITG23;MGITG24;MGITG25;MGITG26,to-produce-or-extend-profile,,no-colour-variant-reference,1138,1137,1,sprite/index/q3m-source-work-plan.json,
0x7F15,BEHOLDER_SMALL,monster,7000,0,1,MBES,1,1,13,6831,0x7F15:body:base-resref:MBES:MBES,MBESG1;MBESG11;MBESG12;MBESG13;MBESG14;MBESG15;MBESG2;MBESG21;MBESG22;MBESG23;MBESG24;MBESG25;MBESG26,to-produce-or-extend-profile,,no-colour-variant-reference,1044,1043,1,sprite/index/q3m-source-work-plan.json,
0x7F16,MOOSE,monster,7000,0,1,AMOO,1,1,13,3123,0x7F16:body:base-resref:AMOO:AMOO,AMOOG1;AMOOG11;AMOOG12;AMOOG13;AMOOG14;AMOOG15;AMOOG2;AMOOG21;AMOOG22;AMOOG23;AMOOG24;AMOOG25;AMOOG26,to-produce-or-extend-profile,,no-colour-variant-reference,505,504,1,sprite/index/q3m-source-work-plan.json,
0x7F17,RABBIT,monster,7000,0,1,ARAB,1,1,13,5265,0x7F17:body:base-resref:ARAB:ARAB,ARABG1;ARABG11;ARABG12;ARABG13;ARABG14;ARABG15;ARABG2;ARABG21;ARABG22;ARABG23;ARABG24;ARABG25;ARABG26,to-produce-or-extend-profile,,no-colour-variant-reference,410,409,1,sprite/index/q3m-source-work-plan.json,
0x7F18,DEER,monster,7000,0,1,ADER,1,1,13,6903,0x7F18:body:base-resref:ADER:ADER,ADERG1;ADERG11;ADERG12;ADERG13;ADERG14;ADERG15;ADERG2;ADERG21;ADERG22;ADERG23;ADERG24;ADERG25;ADERG26,to-produce-or-extend-profile,,no-colour-variant-reference,631,630,1,sprite/index/q3m-source-work-plan.json,
0x7F19,DANCING_SWORD,monster,7000,0,1,MDSW,1,1,13,5076,0x7F19:body:base-resref:MDSW:MDSW,MDSWG1;MDSWG11;MDSWG12;MDSWG13;MDSWG14;MDSWG15;MDSWG2;MDSWG21;MDSWG22;MDSWG23;MDSWG24;MDSWG25;MDSWG26,to-produce-or-extend-profile,,no-colour-variant-reference,759,758,1,sprite/index/q3m-source-work-plan.json,
0x7F20,GROUNDHOG,monster,7000,0,1,AGRO,1,1,13,5265,0x7F20:body:base-resref:AGRO:AGRO,AGROG1;AGROG11;AGROG12;AGROG13;AGROG14;AGROG15;AGROG2;AGROG21;AGROG22;AGROG23;AGROG24;AGROG25;AGROG26,to-produce-or-extend-profile,,no-colour-variant-reference,523,522,1,sprite/index/q3m-source-work-plan.json,
0x7F21,PHEASANT,monster,7000,0,1,APHE,1,1,13,5535,0x7F21:body:base-resref:APHE:APHE,APHEG1;APHEG11;APHEG12;APHEG13;APHEG14;APHEG15;APHEG2;APHEG21;APHEG22;APHEG23;APHEG24;APHEG25;APHEG26,to-produce-or-extend-profile,,no-colour-variant-reference,438,437,1,sprite/index/q3m-source-work-plan.json,
0x7F22,VAMPIRE_FEMALE,monster,7000,0,1,MVAF,1,1,13,8100,0x7F22:body:base-resref:MVAF:MVAF,MVAFG1;MVAFG11;MVAFG12;MVAFG13;MVAFG14;MVAFG15;MVAFG2;MVAFG21;MVAFG22;MVAFG23;MVAFG24;MVAFG25;MVAFG26,to-produce-or-extend-profile,,no-colour-variant-reference,1243,1242,1,sprite/index/q3m-source-work-plan.json,
0x7F23,SAHUAGIN_LARGE,monster,7000,0,1,MSAT,1,1,19,10386,0x7F23:body:base-resref:MSAT:MSAT,MSATG1;MSATG11;MSATG12;MSATG13;MSATG14;MSATG15;MSATG1CB;MSATG1QS;MSATG1SP;MSATG2;MSATG21;MSATG22;MSATG23;MSATG24;MSATG25;MSATG26;MSATG2CB;MSATG2QS;MSATG2SP,to-produce-or-extend-profile,,no-colour-variant-reference,4357,4356,1,sprite/index/q3m-source-work-plan.json,
0x7F24,PIRATE,monster,7000,0,1,NPIR,1,1,13,5814,0x7F24:body:base-resref:NPIR:NPIR,NPIRG1;NPIRG11;NPIRG12;NPIRG13;NPIRG14;NPIRG15;NPIRG2;NPIRG21;NPIRG22;NPIRG23;NPIRG24;NPIRG25;NPIRG26,to-produce-or-extend-profile,,no-colour-variant-reference,910,909,1,sprite/index/q3m-source-work-plan.json,
0x7F27,DROW,monster,7000,0,1,MDRO,1,1,13,9144,0x7F27:body:base-resref:MDRO:MDRO,MDROG1;MDROG11;MDROG12;MDROG13;MDROG14;MDROG15;MDROG2;MDROG21;MDROG22;MDROG23;MDROG24;MDROG25;MDROG26,to-produce-or-extend-profile,,no-colour-variant-reference,1360,1359,1,sprite/index/q3m-source-work-plan.json,
0x7F28,KUO-TOA_LARGE,monster,7000,0,1,MKUL,1,1,19,11691,0x7F28:body:base-resref:MKUL:MKUL,MKULG1;MKULG11;MKULG12;MKULG13;MKULG14;MKULG15;MKULG1CB;MKULG1SL;MKULG1SP;MKULG2;MKULG21;MKULG22;MKULG23;MKULG24;MKULG25;MKULG26;MKULG2CB;MKULG2SL;MKULG2SP,to-produce-or-extend-profile,,no-colour-variant-reference,4699,4697,2,sprite/index/q3m-source-work-plan.json,
0x7F29,DROW_FEMALE,monster,7000,0,1,MFDR,1,1,13,5319,0x7F29:body:base-resref:MFDR:MFDR,MFDRG1;MFDRG11;MFDRG12;MFDRG13;MFDRG14;MFDRG15;MFDRG2;MFDRG21;MFDRG22;MFDRG23;MFDRG24;MFDRG25;MFDRG26,to-produce-or-extend-profile,,no-colour-variant-reference,685,684,1,sprite/index/q3m-source-work-plan.json,
0x7F2A,SAILOR_MAN,monster,7000,0,1,NSAI,1,1,13,5778,0x7F2A:body:base-resref:NSAI:NSAI,NSAIG1;NSAIG11;NSAIG12;NSAIG13;NSAIG14;NSAIG15;NSAIG2;NSAIG21;NSAIG22;NSAIG23;NSAIG24;NSAIG25;NSAIG26,to-produce-or-extend-profile,,no-colour-variant-reference,865,864,1,sprite/index/q3m-source-work-plan.json,
0x7F2B,MDK2_MAX,monster,7000,0,0,MMAX,1,0,0,0,0x7F2B:body:base-resref:MMAX:MMAX,,source-absent,,source-absent,0,0,0,sprite/index/q3m-source-work-plan.json,
0x7F2C,AMNIAN_SOLDIER,monster,7000,0,1,NSOL,1,1,13,6408,0x7F2C:body:base-resref:NSOL:NSOL,NSOLG1;NSOLG11;NSOLG12;NSOLG13;NSOLG14;NSOLG15;NSOLG2;NSOLG21;NSOLG22;NSOLG23;NSOLG24;NSOLG25;NSOLG26,to-produce-or-extend-profile,,no-colour-variant-reference,973,972,1,sprite/index/q3m-source-work-plan.json,
0x7F2D,WYVERN_FAMILIAR,monster,7000,0,1,MWFM,1,1,13,3996,0x7F2D:body:base-resref:MWFM:MWFM,MWFMG1;MWFMG11;MWFMG12;MWFMG13;MWFMG14;MWFMG15;MWFMG2;MWFMG21;MWFMG22;MWFMG23;MWFMG24;MWFMG25;MWFMG26,to-produce-or-extend-profile,,no-colour-variant-reference,585,584,1,sprite/index/q3m-source-work-plan.json,
0x7F2E,RAVER,monster,7000,0,1,MRAV,1,1,13,8154,0x7F2E:body:base-resref:MRAV:MRAV,MRAVG1;MRAVG11;MRAVG12;MRAVG13;MRAVG14;MRAVG15;MRAVG2;MRAVG21;MRAVG22;MRAVG23;MRAVG24;MRAVG25;MRAVG26,to-produce-or-extend-profile,,no-colour-variant-reference,1225,1224,1,sprite/index/q3m-source-work-plan.json,
0x7F2F,SPIDER_SMALL,monster,7000,0,1,MSPS,1,1,13,2898,0x7F2F:body:base-resref:MSPS:MSPS,MSPSG1;MSPSG11;MSPSG12;MSPSG13;MSPSG14;MSPSG15;MSPSG2;MSPSG21;MSPSG22;MSPSG23;MSPSG24;MSPSG25;MSPSG26,to-produce-or-extend-profile,,no-colour-variant-reference,443,442,1,sprite/index/q3m-source-work-plan.json,
0x7F30,BODHI,monster,7000,0,1,NBOH,1,1,13,8100,0x7F30:body:base-resref:NBOH:NBOH,NBOHG1;NBOHG11;NBOHG12;NBOHG13;NBOHG14;NBOHG15;NBOHG2;NBOHG21;NBOHG22;NBOHG23;NBOHG24;NBOHG25;NBOHG26,q3m-reference-available,docs/measurements/q3m-monster-integration-x2-20261003-v1/current-generation.json,six-frame-diagnostics-no-complete-colour-variant,1243,1242,1,sprite/index/q3m-source-work-plan.json,1244
0x7F31,ELLESIME,monster,7000,0,1,NELL,1,1,15,6363,0x7F31:body:base-resref:NELL:NELL,NELLEG1;NELLEG2;NELLG1;NELLG11;NELLG12;NELLG13;NELLG14;NELLG15;NELLG2;NELLG21;NELLG22;NELLG23;NELLG24;NELLG25;NELLG26,to-produce-or-extend-profile,,no-colour-variant-reference,1252,1251,1,sprite/index/q3m-source-work-plan.json,
0x7F32,SLAYER,monster,7000,0,1,MSLY,1,1,14,8210,0x7F32:body:base-resref:MSLY:MSLY,MSLYG1;MSLYG11;MSLYG12;MSLYG13;MSLYG14;MSLYG15;MSLYG2;MSLYG21;MSLYG22;MSLYG23;MSLYG24;MSLYG25;MSLYG26;MSLYINV,to-produce-or-extend-profile,,no-colour-variant-reference,1263,1262,1,sprite/index/q3m-source-work-plan.json,
0x7F33,MDK2_KURT,monster,7000,0,0,MKUR,1,0,0,0,0x7F33:body:base-resref:MKUR:MKUR,,source-absent,,source-absent,0,0,0,sprite/index/q3m-source-work-plan.json,
0x7F34,MDK2_DOCTOR,monster,7000,0,0,MDOC,1,0,0,0,0x7F34:body:base-resref:MDOC:MDOC,,source-absent,,source-absent,0,0,0,sprite/index/q3m-source-work-plan.json,
0x7F35,MIST_CREATURE,monster,7000,0,1,MMIS,1,1,13,6633,0x7F35:body:base-resref:MMIS:MMIS,MMISG1;MMISG11;MMISG12;MMISG13;MMISG14;MMISG15;MMISG2;MMISG21;MMISG22;MMISG23;MMISG24;MMISG25;MMISG26,to-produce-or-extend-profile,,no-colour-variant-reference,982,981,1,sprite/index/q3m-source-work-plan.json,
0x7F36,SHADOW_THIEF,monster,7000,0,1,NSHD,1,1,13,9108,0x7F36:body:base-resref:NSHD:NSHD,NSHDG1;NSHDG11;NSHDG12;NSHDG13;NSHDG14;NSHDG15;NSHDG2;NSHDG21;NSHDG22;NSHDG23;NSHDG24;NSHDG25;NSHDG26,to-produce-or-extend-profile,,no-colour-variant-reference,1387,1386,1,sprite/index/q3m-source-work-plan.json,
0x7F37,JON_IRENICUS,monster,7000,0,1,NIRE,1,1,13,7776,0x7F37:body:base-resref:NIRE:NIRE,NIREG1;NIREG11;NIREG12;NIREG13;NIREG14;NIREG15;NIREG2;NIREG21;NIREG22;NIREG23;NIREG24;NIREG25;NIREG26,to-produce-or-extend-profile,,no-colour-variant-reference,1189,1188,1,sprite/index/q3m-source-work-plan.json,
0x7F38,WIZARD_EYE,monster,7000,0,0,MEYE,1,1,2,270,0x7F38:body:base-resref:MEYE:MEYE,MEYEG1;MEYEG2,to-produce-or-extend-profile,,no-colour-variant-reference,135,135,0,sprite/index/q3m-source-work-plan.json,
0x7F39,BLOB_MIST_CREATURE,monster,7000,0,0,MMST,1,1,2,80,0x7F39:body:base-resref:MMST:MMST,MMSTG1;MMSTG2,to-produce-or-extend-profile,,no-colour-variant-reference,40,40,0,sprite/index/q3m-source-work-plan.json,
0x7F3A,IRENICUS_ROBED,monster,7000,0,1,NIRO,1,1,13,7362,0x7F3A:body:base-resref:NIRO:NIRO,NIROG1;NIROG11;NIROG12;NIROG13;NIROG14;NIROG15;NIROG2;NIROG21;NIROG22;NIROG23;NIROG24;NIROG25;NIROG26,to-produce-or-extend-profile,,no-colour-variant-reference,1099,1098,1,sprite/index/q3m-source-work-plan.json,
0x7F3B,SOLAR,monster,7000,0,1,MSOG,1,1,17,10305,0x7F3B:body:base-resref:MSOG:MSOG,MSOGG1;MSOGG11;MSOGG12;MSOGG13;MSOGG14;MSOGG15;MSOGG1BW;MSOGG1S1;MSOGG2;MSOGG21;MSOGG22;MSOGG23;MSOGG24;MSOGG25;MSOGG26;MSOGG2BW;MSOGG2S1,to-produce-or-extend-profile,,no-colour-variant-reference,3496,3493,1,sprite/index/q3m-source-work-plan.json,
0x7F3C,DEVA_MONADIC,monster,7000,0,1,MASG,1,1,17,10305,0x7F3C:body:base-resref:MASG:MASG,MASGG1;MASGG11;MASGG12;MASGG13;MASGG14;MASGG15;MASGG1BW;MASGG1S1;MASGG2;MASGG21;MASGG22;MASGG23;MASGG24;MASGG25;MASGG26;MASGG2BW;MASGG2S1,to-produce-or-extend-profile,,no-colour-variant-reference,3496,3493,1,sprite/index/q3m-source-work-plan.json,
0x7F3D,MELISSAN,monster,7000,0,0,MMEL,1,1,3,2549,0x7F3D:body:base-resref:MMEL:MMEL,MMELG1;MMELG2;MMELSPIN,to-produce-or-extend-profile,,no-colour-variant-reference,2549,2549,0,sprite/index/q3m-source-work-plan.json,
0x7F3E,GIANT_FIRE,monster,7000,0,1,MFIG,1,1,27,9441,0x7F3E:body:base-resref:MFIG:MFIG,MFIGA1;MFIGA2;MFIGDE;MFIGG1;MFIGG11;MFIGG12;MFIGG13;MFIGG14;MFIGG15;MFIGG1AX;MFIGG1WH;MFIGG2;MFIGG21;MFIGG22;MFIGG23;MFIGG24;MFIGG25;MFIGG26;MFIGG2AX;MFIGG2WH;MFIGGH;MFIGGU;MFIGSC;MFIGSD;MFIGSL;MFIGTW;MFIGWK,to-produce-or-extend-profile,,no-colour-variant-reference,4225,4224,0,sprite/index/q3m-source-work-plan.json,
0x7F3F,GIANT_YAGA-SHURA,monster,7000,0,1,MFIG,1,1,27,9441,0x7F3F:body:base-resref:MFIG:MFIG,MFIGA1;MFIGA2;MFIGDE;MFIGG1;MFIGG11;MFIGG12;MFIGG13;MFIGG14;MFIGG15;MFIGG1AX;MFIGG1WH;MFIGG2;MFIGG21;MFIGG22;MFIGG23;MFIGG24;MFIGG25;MFIGG26;MFIGG2AX;MFIGG2WH;MFIGGH;MFIGGU;MFIGSC;MFIGSD;MFIGSL;MFIGTW;MFIGWK,to-produce-or-extend-profile,,no-colour-variant-reference,4225,4224,0,sprite/index/q3m-source-work-plan.json,
0x7F40,GOLEM_MINI,monster,7000,0,1,MGLM,1,1,13,5940,0x7F40:body:base-resref:MGLM:MGLM,MGLMG1;MGLMG11;MGLMG12;MGLMG13;MGLMG14;MGLMG15;MGLMG2;MGLMG21;MGLMG22;MGLMG23;MGLMG24;MGLMG25;MGLMG26,to-produce-or-extend-profile,,no-colour-variant-reference,889,888,1,sprite/index/q3m-source-work-plan.json,
0x7F41,EFREETI_NOBLE,monster,7000,0,1,MDJL,1,1,13,8154,0x7F41:body:base-resref:MDJL:MDJL,MDJLG1;MDJLG11;MDJLG12;MDJLG13;MDJLG14;MDJLG15;MDJLG2;MDJLG21;MDJLG22;MDJLG23;MDJLG24;MDJLG25;MDJLG26,to-produce-or-extend-profile,,no-colour-variant-reference,1181,1171,1,sprite/index/q3m-source-work-plan.json,
0x7F42,RED_WIZARD,monster,7000,0,1,NIRO,1,1,13,7362,0x7F42:body:base-resref:NIRO:NIRO,NIROG1;NIROG11;NIROG12;NIROG13;NIROG14;NIROG15;NIROG2;NIROG21;NIROG22;NIROG23;NIROG24;NIROG25;NIROG26,to-produce-or-extend-profile,,no-colour-variant-reference,1099,1098,1,sprite/index/q3m-source-work-plan.json,
0x7F43,YOCHLOL,monster,7000,0,1,MOTY,1,1,13,6426,0x7F43:body:base-resref:MOTY:MOTY,MOTYG1;MOTYG11;MOTYG12;MOTYG13;MOTYG14;MOTYG15;MOTYG2;MOTYG21;MOTYG22;MOTYG23;MOTYG24;MOTYG25;MOTYG26,to-produce-or-extend-profile,,no-colour-variant-reference,991,990,1,sprite/index/q3m-source-work-plan.json,
0x7F44,ELLESIME_WHITE,monster,7000,0,0,NELW,1,0,0,0,0x7F44:body:base-resref:NELW:NELW,,source-absent,,source-absent,0,0,0,sprite/index/q3m-source-work-plan.json,
0x7F45,LAGOON_CREATURE,monster,7000,0,0,MSAI,1,1,2,1098,0x7F45:body:base-resref:MSAI:MSAI,MSAIG1;MSAIG2,to-produce-or-extend-profile,,no-colour-variant-reference,1098,1098,0,sprite/index/q3m-source-work-plan.json,
0x7F46,DEATH_TYRANT,monster,7000,0,0,MBEG,1,1,2,1071,0x7F46:body:base-resref:MBEG:MBEG,MBEGG1;MBEGG2,to-produce-or-extend-profile,,no-colour-variant-reference,1050,1050,0,sprite/index/q3m-source-work-plan.json,
0x7F47,GIANT_FIRE_2,monster,7000,0,0,MFI2,1,0,0,0,0x7F47:body:base-resref:MFI2:MFI2,,source-absent,,source-absent,0,0,0,sprite/index/q3m-source-work-plan.json,
0x7F48,SOLAR_FALLEN,monster,7000,0,1,MSOF,1,0,0,0,0x7F48:body:base-resref:MSOF:MSOF,,source-absent,,source-absent,0,0,0,sprite/index/q3m-source-work-plan.json,
0x7F49,DEVA_MONADIC_FALLEN,monster,7000,0,1,MDMF,1,0,0,0,0x7F49:body:base-resref:MDMF:MDMF,,source-absent,,source-absent,0,0,0,sprite/index/q3m-source-work-plan.json,
0x7F4A,DEVA_ASTRAL,monster,7000,0,1,MDAS,1,0,0,0,0x7F4A:body:base-resref:MDAS:MDAS,,source-absent,,source-absent,0,0,0,sprite/index/q3m-source-work-plan.json,
0x7F4B,DEVA_ASTRAL_FALLEN,monster,7000,0,1,MDAF,1,0,0,0,0x7F4B:body:base-resref:MDAF:MDAF,,source-absent,,source-absent,0,0,0,sprite/index/q3m-source-work-plan.json,
0x7F4C,PLANETAR,monster,7000,0,1,MPLN,1,0,0,0,0x7F4C:body:base-resref:MPLN:MPLN,,source-absent,,source-absent,0,0,0,sprite/index/q3m-source-work-plan.json,
0x7F4D,PLANETAR_FALLEN,monster,7000,0,1,MPLF,1,0,0,0,0x7F4D:body:base-resref:MPLF:MPLF,,source-absent,,source-absent,0,0,0,sprite/index/q3m-source-work-plan.json,
0x7F4E,DEVA_MOVANIC,monster,7000,0,1,MDVM,1,0,0,0,0x7F4E:body:base-resref:MDVM:MDVM,,source-absent,,source-absent,0,0,0,sprite/index/q3m-source-work-plan.json,
0x7F4F,DEVA_MOVANIC_FALLEN,monster,7000,0,1,MDVF,1,0,0,0,0x7F4F:body:base-resref:MDVF:MDVF,,source-absent,,source-absent,0,0,0,sprite/index/q3m-source-work-plan.json,
0x7F50,NISHRUU,monster,7000,0,0,MMST,1,1,2,80,0x7F50:body:base-resref:MMST:MMST,MMSTG1;MMSTG2,to-produce-or-extend-profile,,no-colour-variant-reference,40,40,0,sprite/index/q3m-source-work-plan.json,
0x7F51,HAKEASHAR,monster,7000,0,0,MMST,1,1,2,80,0x7F51:body:base-resref:MMST:MMST,MMSTG1;MMSTG2,to-produce-or-extend-profile,,no-colour-variant-reference,40,40,0,sprite/index/q3m-source-work-plan.json,
0x7F52,SAILOR_GREEN,monster,7000,0,1,NSAI,1,1,13,5778,0x7F52:body:base-resref:NSAI:NSAI,NSAIG1;NSAIG11;NSAIG12;NSAIG13;NSAIG14;NSAIG15;NSAIG2;NSAIG21;NSAIG22;NSAIG23;NSAIG24;NSAIG25;NSAIG26,to-produce-or-extend-profile,,no-colour-variant-reference,865,864,1,sprite/index/q3m-source-work-plan.json,
0x7F53,SAILOR_RED,monster,7000,0,1,NSAI,1,1,13,5778,0x7F53:body:base-resref:NSAI:NSAI,NSAIG1;NSAIG11;NSAIG12;NSAIG13;NSAIG14;NSAIG15;NSAIG2;NSAIG21;NSAIG22;NSAIG23;NSAIG24;NSAIG25;NSAIG26,to-produce-or-extend-profile,,no-colour-variant-reference,865,864,1,sprite/index/q3m-source-work-plan.json,
0x7F54,SAILOR_DARK,monster,7000,0,1,NSAI,1,1,13,5778,0x7F54:body:base-resref:NSAI:NSAI,NSAIG1;NSAIG11;NSAIG12;NSAIG13;NSAIG14;NSAIG15;NSAIG2;NSAIG21;NSAIG22;NSAIG23;NSAIG24;NSAIG25;NSAIG26,to-produce-or-extend-profile,,no-colour-variant-reference,865,864,1,sprite/index/q3m-source-work-plan.json,
0x7F55,CRUSADER_SOLDIER,monster,7000,0,1,NSOL,1,1,13,6408,0x7F55:body:base-resref:NSOL:NSOL,NSOLG1;NSOLG11;NSOLG12;NSOLG13;NSOLG14;NSOLG15;NSOLG2;NSOLG21;NSOLG22;NSOLG23;NSOLG24;NSOLG25;NSOLG26,to-produce-or-extend-profile,,no-colour-variant-reference,973,972,1,sprite/index/q3m-source-work-plan.json,
0x7F56,WILL_O_WISP,monster,7000,0,0,MWIL,1,0,0,0,0x7F56:body:base-resref:MWIL:MWIL,,source-absent,,source-absent,0,0,0,sprite/index/q3m-source-work-plan.json,
0x7F57,WILL_O_WISP_SMALL,monster,7000,0,0,MWIS,1,0,0,0,0x7F57:body:base-resref:MWIS:MWIS,,source-absent,,source-absent,0,0,0,sprite/index/q3m-source-work-plan.json,
0x7F58,ABISHAI_BLACK,monster,7000,0,0,MABB,1,0,0,0,0x7F58:body:base-resref:MABB:MABB,,source-absent,,source-absent,0,0,0,sprite/index/q3m-source-work-plan.json,
0x7F59,ABISHAI_GREEN,monster,7000,0,0,MABG,1,0,0,0,0x7F59:body:base-resref:MABG:MABG,,source-absent,,source-absent,0,0,0,sprite/index/q3m-source-work-plan.json,
0x7F5A,ABISHAI_RED,monster,7000,0,0,MABR,1,0,0,0,0x7F5A:body:base-resref:MABR:MABR,,source-absent,,source-absent,0,0,0,sprite/index/q3m-source-work-plan.json,
0x7F5B,ABISHAI_BLUE,monster,7000,0,0,MABR,1,0,0,0,0x7F5B:body:base-resref:MABR:MABR,,source-absent,,source-absent,0,0,0,sprite/index/q3m-source-work-plan.json,
0x7F5C,HAG_NIGHT,monster,7000,0,0,MHAG,1,0,0,0,0x7F5C:body:base-resref:MHAG:MHAG,,source-absent,,source-absent,0,0,0,sprite/index/q3m-source-work-plan.json,
0x7F5D,HAG_GREEN,monster,7000,0,0,MHAG,1,0,0,0,0x7F5D:body:base-resref:MHAG:MHAG,,source-absent,,source-absent,0,0,0,sprite/index/q3m-source-work-plan.json,
0x7F5E,HAG_SEA,monster,7000,0,0,MHAG,1,0,0,0,0x7F5E:body:base-resref:MHAG:MHAG,,source-absent,,source-absent,0,0,0,sprite/index/q3m-source-work-plan.json,
0x7F5F,HAG_ANNIS,monster,7000,0,0,MHAN,1,0,0,0,0x7F5F:body:base-resref:MHAN:MHAN,,source-absent,,source-absent,0,0,0,sprite/index/q3m-source-work-plan.json,
0x7F60,SNAKE_WATER,monster,7000,0,1,MSNK,1,1,13,7875,0x7F60:body:base-resref:MSNK:MSNK,MSNKG1;MSNKG11;MSNKG12;MSNKG13;MSNKG14;MSNKG15;MSNKG2;MSNKG21;MSNKG22;MSNKG23;MSNKG24;MSNKG25;MSNKG26,to-produce-or-extend-profile,,no-colour-variant-reference,1018,1017,1,sprite/index/q3m-source-work-plan.json,
0x7F61,DRAGON_RED_JUVENILE,monster,7000,0,0,MDRJ,1,0,0,0,0x7F61:body:base-resref:MDRJ:MDRJ,,source-absent,,source-absent,0,0,0,sprite/index/q3m-source-work-plan.json,
0x7F62,DRAGON_GREEN_JUVENILE,monster,7000,0,0,MDRJ,1,0,0,0,0x7F62:body:base-resref:MDRJ:MDRJ,,source-absent,,source-absent,0,0,0,sprite/index/q3m-source-work-plan.json,
0x8000,GNOLL,monster_layered,8000,,,MGNL,1,1,13,1090,0x8000:body:base-resref:MGNL:MGNL,MGNLG1;MGNLG1E;MGNLG2;MGNLG2E;MGNLHG1;MGNLHG1E;MGNLHG2;MGNLHG2E;MGNLINV;MGNLSG1;MGNLSG1E;MGNLSG2;MGNLSG2E,to-produce-or-extend-profile,,no-colour-variant-reference,1090,1090,0,sprite/index/q3m-source-work-plan.json,
0x8100,HOBGOBLIN,monster_layered,8000,,,MHOB,1,1,12,1152,0x8100:body:base-resref:MHOB:MHOB,MHOBBG1;MHOBBG1E;MHOBBG2;MHOBBG2E;MHOBG1;MHOBG1E;MHOBG2;MHOBG2E;MHOBSG1;MHOBSG1E;MHOBSG2;MHOBSG2E,to-produce-or-extend-profile,,no-colour-variant-reference,1152,1152,0,sprite/index/q3m-source-work-plan.json,
0x8200,KOBOLD,monster_layered,8000,,,MKOB,1,1,12,1272,0x8200:body:base-resref:MKOB:MKOB,MKOBBG1;MKOBBG1E;MKOBBG2;MKOBBG2E;MKOBG1;MKOBG1E;MKOBG2;MKOBG2E;MKOBSG1;MKOBSG1E;MKOBSG2;MKOBSG2E,to-produce-or-extend-profile,,no-colour-variant-reference,1032,1032,1,sprite/index/q3m-source-work-plan.json,
0x9000,OGRE,monster_large,9000,1,,MOGR,1,1,7,434,0x9000:body:base-resref:MOGR:MOGR,MOGRG1;MOGRG1E;MOGRG2;MOGRG2E;MOGRG3;MOGRG3E;MOGRINV,to-produce-or-extend-profile,,no-colour-variant-reference,434,434,0,sprite/index/q3m-source-work-plan.json,
0xA000,WYVERN,monster_large16,A000,0,,MWYV,1,1,19,1858,0xA000:body:base-resref:MWYV:MWYV,MWYVG1;MWYVG11;MWYVG12;MWYVG13;MWYVG14;MWYVG1E;MWYVG2;MWYVG21;MWYVG22;MWYVG23;MWYVG24;MWYVG2E;MWYVG3;MWYVG31;MWYVG32;MWYVG33;MWYVG34;MWYVG3E;MWYVINV,to-produce-or-extend-profile,,no-colour-variant-reference,1757,1751,0,sprite/index/q3m-source-work-plan.json,
0xA100,CARRION_CRAWLER,monster_large16,A000,0,,MCAR,1,1,6,536,0xA100:body:base-resref:MCAR:MCAR,MCARG1;MCARG1E;MCARG2;MCARG2E;MCARG3;MCARG3E,to-produce-or-extend-profile,,no-colour-variant-reference,536,536,0,sprite/index/q3m-source-work-plan.json,
0xA200,WYVERN_WHITE,monster_large16,A000,0,,MWYV,1,1,19,1858,0xA200:body:base-resref:MWYV:MWYV,MWYVG1;MWYVG11;MWYVG12;MWYVG13;MWYVG14;MWYVG1E;MWYVG2;MWYVG21;MWYVG22;MWYVG23;MWYVG24;MWYVG2E;MWYVG3;MWYVG31;MWYVG32;MWYVG33;MWYVG34;MWYVG3E;MWYVINV,to-produce-or-extend-profile,,no-colour-variant-reference,1757,1751,0,sprite/index/q3m-source-work-plan.json,
0xA201,MEGALOCENTIPEDE,monster_large16,A000,0,,MCEN,1,0,0,0,0xA201:body:base-resref:MCEN:MCEN,,source-absent,,source-absent,0,0,0,sprite/index/q3m-source-work-plan.json,
0xA202,TUNNEL_WORM,monster_large16,A000,0,,MTUN,1,0,0,0,0xA202:body:base-resref:MTUN:MTUN,,source-absent,,source-absent,0,0,0,sprite/index/q3m-source-work-plan.json,
0xB000,COW,ambient_static,B000,0,,ACOW,1,1,2,44,0xB000:body:base-resref:ACOW:ACOW,ACOWG1;ACOWG1E,to-produce-or-extend-profile,,no-colour-variant-reference,44,44,0,sprite/index/q3m-source-work-plan.json,
0xB100,HORSE,ambient_static,B000,0,,AHRS,1,1,2,44,0xB100:body:base-resref:AHRS:AHRS,AHRSG1;AHRSG1E,to-produce-or-extend-profile,,no-colour-variant-reference,44,44,0,sprite/index/q3m-source-work-plan.json,
0xB200,STATIC_BEGGAR_MAN,ambient_static,B000,1,,NBEGL,1,1,2,96,0xB200:body:base-resref:NBEGL:NBEGL,NBEGLG1;NBEGLG1E,to-produce-or-extend-profile,,no-colour-variant-reference,96,96,0,sprite/index/q3m-source-work-plan.json,
0xB210,STATIC_HARLOT_WOMAN,ambient_static,B000,1,,NPROL,1,1,2,96,0xB210:body:base-resref:NPROL:NPROL,NPROLG1;NPROLG1E,to-produce-or-extend-profile,,no-colour-variant-reference,96,96,0,sprite/index/q3m-source-work-plan.json,
0xB300,STATIC_BOY,ambient_static,B000,1,,NBOYL,1,1,2,96,0xB300:body:base-resref:NBOYL:NBOYL,NBOYLG1;NBOYLG1E,to-produce-or-extend-profile,,no-colour-variant-reference,96,96,0,sprite/index/q3m-source-work-plan.json,
0xB310,STATIC_GIRL,ambient_static,B000,1,,NGRLL,1,1,2,96,0xB310:body:base-resref:NGRLL:NGRLL,NGRLLG1;NGRLLG1E,to-produce-or-extend-profile,,no-colour-variant-reference,96,96,0,sprite/index/q3m-source-work-plan.json,
0xB400,STATIC_FAT_MAN,ambient_static,B000,1,,NFAML,1,1,2,96,0xB400:body:base-resref:NFAML:NFAML,NFAMLG1;NFAMLG1E,to-produce-or-extend-profile,,no-colour-variant-reference,96,96,0,sprite/index/q3m-source-work-plan.json,
0xB410,STATIC_FAT_WOMAN,ambient_static,B000,1,,NFAWL,1,1,2,96,0xB410:body:base-resref:NFAWL:NFAWL,NFAWLG1;NFAWLG1E,to-produce-or-extend-profile,,no-colour-variant-reference,96,96,0,sprite/index/q3m-source-work-plan.json,
0xB500,STATIC_PEASANT_MAN,ambient_static,B000,1,,NSIML,1,1,2,96,0xB500:body:base-resref:NSIML:NSIML,NSIMLG1;NSIMLG1E,to-produce-or-extend-profile,,no-colour-variant-reference,96,96,0,sprite/index/q3m-source-work-plan.json,
0xB510,STATIC_PEASANT_WOMAN,ambient_static,B000,1,,NSIWL,1,1,2,96,0xB510:body:base-resref:NSIWL:NSIWL,NSIWLG1;NSIWLG1E,to-produce-or-extend-profile,,no-colour-variant-reference,96,96,0,sprite/index/q3m-source-work-plan.json,
0xB600,STATIC_NOBLE_MAN,ambient_static,B000,1,,NNOML,1,1,2,96,0xB600:body:base-resref:NNOML:NNOML,NNOMLG1;NNOMLG1E,to-produce-or-extend-profile,,no-colour-variant-reference,96,96,0,sprite/index/q3m-source-work-plan.json,
0xB610,STATIC_NOBLE_WOMAN,ambient_static,B000,1,,NNOWL,1,1,2,96,0xB610:body:base-resref:NNOWL:NNOWL,NNOWLG1;NNOWLG1E,to-produce-or-extend-profile,,no-colour-variant-reference,96,96,0,sprite/index/q3m-source-work-plan.json,
0xB700,STATIC_SLAVE,ambient_static,B000,1,,NSLVL,1,1,2,96,0xB700:body:base-resref:NSLVL:NSLVL,NSLVLG1;NSLVLG1E,to-produce-or-extend-profile,,no-colour-variant-reference,96,96,0,sprite/index/q3m-source-work-plan.json,
0xC000,BAT_INSIDE,ambient,C000,0,,ABAT,1,1,2,104,0xC000:body:base-resref:ABAT:ABAT,ABATG1;ABATG1E,to-produce-or-extend-profile,,no-colour-variant-reference,104,104,0,sprite/index/q3m-source-work-plan.json,
0xC100,CAT,ambient,C000,0,,ACAT,1,1,2,144,0xC100:body:base-resref:ACAT:ACAT,ACATG1;ACATG1E,to-produce-or-extend-profile,,no-colour-variant-reference,144,144,0,sprite/index/q3m-source-work-plan.json,
0xC200,CHICKEN,ambient,C000,0,,ACHK,1,1,2,100,0xC200:body:base-resref:ACHK:ACHK,ACHKG1;ACHKG1E,to-produce-or-extend-profile,,no-colour-variant-reference,90,90,0,sprite/index/q3m-source-work-plan.json,
0xC300,RAT,ambient,C000,0,,ARAT,1,1,3,50,0xC300:body:base-resref:ARAT:ARAT,ARATG1;ARATG1E;ARATINV,to-produce-or-extend-profile,,no-colour-variant-reference,50,50,0,sprite/index/q3m-source-work-plan.json,
0xC400,SQUIRREL,ambient,C000,0,,ASQU,1,1,3,70,0xC400:body:base-resref:ASQU:ASQU,ASQUG1;ASQUG1E;ASQUINV,to-produce-or-extend-profile,,no-colour-variant-reference,66,66,0,sprite/index/q3m-source-work-plan.json,
0xC500,BAT_OUTSIDE,ambient,C000,0,,ABAT,1,1,2,104,0xC500:body:base-resref:ABAT:ABAT,ABATG1;ABATG1E,to-produce-or-extend-profile,,no-colour-variant-reference,104,104,0,sprite/index/q3m-source-work-plan.json,
0xC600,BEGGAR_MAN,ambient,C000,1,,NBEGH,1,1,2,192,0xC600:body:base-resref:NBEGH:NBEGH,NBEGHG1;NBEGHG1E,to-produce-or-extend-profile,,no-colour-variant-reference,192,192,0,sprite/index/q3m-source-work-plan.json,
0xC610,HARLOT_WOMAN,ambient,C000,1,,NPROH,1,1,2,192,0xC610:body:base-resref:NPROH:NPROH,NPROHG1;NPROHG1E,to-produce-or-extend-profile,,no-colour-variant-reference,192,192,0,sprite/index/q3m-source-work-plan.json,
0xC700,BOY,ambient,C000,1,,NBOYH,1,1,2,192,0xC700:body:base-resref:NBOYH:NBOYH,NBOYHG1;NBOYHG1E,to-produce-or-extend-profile,,no-colour-variant-reference,192,192,0,sprite/index/q3m-source-work-plan.json,
0xC710,GIRL,ambient,C000,1,,NGRLH,1,1,2,192,0xC710:body:base-resref:NGRLH:NGRLH,NGRLHG1;NGRLHG1E,to-produce-or-extend-profile,,no-colour-variant-reference,192,192,0,sprite/index/q3m-source-work-plan.json,
0xC800,FAT_MAN,ambient,C000,1,,NFAMH,1,1,2,192,0xC800:body:base-resref:NFAMH:NFAMH,NFAMHG1;NFAMHG1E,to-produce-or-extend-profile,,no-colour-variant-reference,192,192,0,sprite/index/q3m-source-work-plan.json,
0xC810,FAT_WOMAN,ambient,C000,1,,NFAWH,1,1,2,192,0xC810:body:base-resref:NFAWH:NFAWH,NFAWHG1;NFAWHG1E,to-produce-or-extend-profile,,no-colour-variant-reference,192,192,0,sprite/index/q3m-source-work-plan.json,
0xC900,PEASANT_MAN,ambient,C000,1,,NSIMH,1,1,2,192,0xC900:body:base-resref:NSIMH:NSIMH,NSIMHG1;NSIMHG1E,to-produce-or-extend-profile,,no-colour-variant-reference,192,192,0,sprite/index/q3m-source-work-plan.json,
0xC910,PEASANT_WOMAN,ambient,C000,1,,NSIWH,1,1,2,192,0xC910:body:base-resref:NSIWH:NSIWH,NSIWHG1;NSIWHG1E,to-produce-or-extend-profile,,no-colour-variant-reference,192,192,0,sprite/index/q3m-source-work-plan.json,
0xCA00,NOBLE_MAN,ambient,C000,1,,NNOMH,1,1,2,192,0xCA00:body:base-resref:NNOMH:NNOMH,NNOMHG1;NNOMHG1E,to-produce-or-extend-profile,,no-colour-variant-reference,192,192,0,sprite/index/q3m-source-work-plan.json,
0xCA10,NOBLE_WOMAN,ambient,C000,1,,NNOWH,1,1,2,192,0xCA10:body:base-resref:NNOWH:NNOWH,NNOWHG1;NNOWHG1E,to-produce-or-extend-profile,,no-colour-variant-reference,192,192,0,sprite/index/q3m-source-work-plan.json,
0xCB00,SLAVE,ambient,C000,1,,NSLVH,1,1,2,192,0xCB00:body:base-resref:NSLVH:NSLVH,NSLVHG1;NSLVHG1E,to-produce-or-extend-profile,,no-colour-variant-reference,192,192,0,sprite/index/q3m-source-work-plan.json,
0xCC00,KEG1,ambient,C000,0,,MKG1,1,0,0,0,0xCC00:body:base-resref:MKG1:MKG1,,source-absent,,source-absent,0,0,0,sprite/index/q3m-source-work-plan.json,
0xCC01,KEG2,ambient,C000,0,,MKG2,1,0,0,0,0xCC01:body:base-resref:MKG2:MKG2,,source-absent,,source-absent,0,0,0,sprite/index/q3m-source-work-plan.json,
0xCC02,KEG3,ambient,C000,0,,MKG3,1,0,0,0,0xCC02:body:base-resref:MKG3:MKG3,,source-absent,,source-absent,0,0,0,sprite/index/q3m-source-work-plan.json,
0xCC04,RAT_OUTSIDE,ambient,C000,0,,ARAT,1,1,3,50,0xCC04:body:base-resref:ARAT:ARAT,ARATG1;ARATG1E;ARATINV,to-produce-or-extend-profile,,no-colour-variant-reference,50,50,0,sprite/index/q3m-source-work-plan.json,
0xD000,EAGLE,flying,D000,0,,AEAGG1,1,1,1,63,0xD000:body:base-resref:AEAGG1:AEAGG1,AEAGG1,to-produce-or-extend-profile,,no-colour-variant-reference,63,63,0,sprite/index/q3m-source-work-plan.json,
0xD100,SEAGULL,flying,D000,0,,AGULG1,1,1,1,72,0xD100:body:base-resref:AGULG1:AGULG1,AGULG1,to-produce-or-extend-profile,,no-colour-variant-reference,72,72,0,sprite/index/q3m-source-work-plan.json,
0xD200,VULTURE,flying,D000,0,,AVULG1,1,1,1,72,0xD200:body:base-resref:AVULG1:AVULG1,AVULG1,to-produce-or-extend-profile,,no-colour-variant-reference,72,72,0,sprite/index/q3m-source-work-plan.json,
0xD300,BIRD,flying,D000,0,,ABIRG1,1,1,1,36,0xD300:body:base-resref:ABIRG1:ABIRG1,ABIRG1,to-produce-or-extend-profile,,no-colour-variant-reference,36,36,0,sprite/index/q3m-source-work-plan.json,
0xD400,BIRD_INSIDE,flying,D000,0,,ABIRG1,1,1,1,36,0xD400:body:base-resref:ABIRG1:ABIRG1,ABIRG1,to-produce-or-extend-profile,,no-colour-variant-reference,36,36,0,sprite/index/q3m-source-work-plan.json,
0xE000,CYCLOPS,monster_icewind,E000,,,MCYC,1,0,0,0,0xE000:body:base-resref:MCYC:MCYC,,source-absent,,source-absent,0,0,0,sprite/index/q3m-source-work-plan.json,
0xE010,ETTIN,monster_icewind,E000,,,METN,1,1,20,1288,0xE010:body:base-resref:METN:METN,METNA1;METNA1E;METNA2;METNA2E;METNDE;METNDEE;METNGH;METNGHE;METNGU;METNGUE;METNSC;METNSCE;METNSD;METNSDE;METNSL;METNSLE;METNTW;METNTWE;METNWK;METNWKE,to-produce-or-extend-profile,,no-colour-variant-reference,1288,1288,0,sprite/index/q3m-source-work-plan.json,
0xE020,DONOT_USE,monster_icewind,E000,,,MTAN,1,1,50,4096,0xE020:body:base-resref:MTAN:MTAN,MTANA1;MTANA1E;MTANA2;MTANA2E;MTANA3;MTANA3E;MTANCA;MTANCAE;MTANDE;MTANDEE;MTANG11;MTANG11E;MTANG12;MTANG12E;MTANG13;MTANG13E;MTANG14;MTANG14E;MTANG21;MTANG21E;MTANG22;MTANG22E;MTANG23;MTANG23E;MTANG24;MTANG24E;MTANG31;MTANG31E;MTANG32;MTANG32E;MTANG33;MTANG33E;MTANG34;MTANG34E;MTANGH;MTANGHE;MTANGU;MTANGUE;MTANSC;MTANSCE;MTANSD;MTANSDE;MTANSL;MTANSLE;MTANSP;MTANSPE;MTANTW;MTANTWE;MTANWK;MTANWKE,to-produce-or-extend-profile,,no-colour-variant-reference,4013,4008,1,sprite/index/q3m-source-work-plan.json,
0xE040,HISTACHII,monster_icewind,E000,,,MHIS,1,0,0,0,0xE040:body:base-resref:MHIS:MHIS,,source-absent,,source-absent,0,0,0,sprite/index/q3m-source-work-plan.json,
0xE050,LICH_BLACK,monster_icewind,E000,,,MLER,1,1,24,1704,0xE050:body:base-resref:MLER:MLER,MLERA1;MLERA1E;MLERA2;MLERA2E;MLERCA;MLERCAE;MLERDE;MLERDEE;MLERGH;MLERGHE;MLERGU;MLERGUE;MLERSC;MLERSCE;MLERSD;MLERSDE;MLERSL;MLERSLE;MLERSP;MLERSPE;MLERTW;MLERTWE;MLERWK;MLERWKE,to-produce-or-extend-profile,,no-colour-variant-reference,1704,1704,0,sprite/index/q3m-source-work-plan.json,
0xE060,LICH_WHITE,monster_icewind,E000,,,MLIC,1,1,13,6912,0xE060:body:base-resref:MLIC:MLIC,MLICG1;MLICG11;MLICG12;MLICG13;MLICG14;MLICG15;MLICG2;MLICG21;MLICG22;MLICG23;MLICG24;MLICG25;MLICG26,to-produce-or-extend-profile,,no-colour-variant-reference,854,853,1,sprite/index/q3m-source-work-plan.json,
0xE070,MINOTAUR,monster_icewind,E000,,,MMIN,1,1,34,6266,0xE070:body:base-resref:MMIN:MMIN,MMINA1;MMINA1E;MMINA2;MMINA2E;MMINDE;MMINDEE;MMING1;MMING11;MMING12;MMING13;MMING14;MMING15;MMING2;MMING21;MMING22;MMING23;MMING24;MMING25;MMING26;MMINGH;MMINGHE;MMINGU;MMINGUE;MMININV;MMINSC;MMINSCE;MMINSD;MMINSDE;MMINSL;MMINSLE;MMINTW;MMINTWE;MMINWK;MMINWKE,to-produce-or-extend-profile,,no-colour-variant-reference,2073,2072,1,sprite/index/q3m-source-work-plan.json,
0xE080,MUMMY,monster_icewind,E000,,,MMUM,1,1,24,1672,0xE080:body:base-resref:MMUM:MMUM,MMUMA1;MMUMA1E;MMUMA2;MMUMA2E;MMUMCA;MMUMCAE;MMUMDE;MMUMDEE;MMUMGH;MMUMGHE;MMUMGU;MMUMGUE;MMUMSC;MMUMSCE;MMUMSD;MMUMSDE;MMUMSL;MMUMSLE;MMUMSP;MMUMSPE;MMUMTW;MMUMTWE;MMUMWK;MMUMWKE,to-produce-or-extend-profile,,no-colour-variant-reference,1672,1672,0,sprite/index/q3m-source-work-plan.json,
0xE090,MARILITH,monster_icewind,E000,,,MTAN,1,1,50,4096,0xE090:body:base-resref:MTAN:MTAN,MTANA1;MTANA1E;MTANA2;MTANA2E;MTANA3;MTANA3E;MTANCA;MTANCAE;MTANDE;MTANDEE;MTANG11;MTANG11E;MTANG12;MTANG12E;MTANG13;MTANG13E;MTANG14;MTANG14E;MTANG21;MTANG21E;MTANG22;MTANG22E;MTANG23;MTANG23E;MTANG24;MTANG24E;MTANG31;MTANG31E;MTANG32;MTANG32E;MTANG33;MTANG33E;MTANG34;MTANG34E;MTANGH;MTANGHE;MTANGU;MTANGUE;MTANSC;MTANSCE;MTANSD;MTANSDE;MTANSL;MTANSLE;MTANSP;MTANSPE;MTANTW;MTANTWE;MTANWK;MTANWKE,to-produce-or-extend-profile,,no-colour-variant-reference,4013,4008,1,sprite/index/q3m-source-work-plan.json,
0xE0A0,TROLL_ICE,monster_icewind,E000,,,MTIC,1,0,0,0,0xE0A0:body:base-resref:MTIC:MTIC,,source-absent,,source-absent,0,0,0,sprite/index/q3m-source-work-plan.json,
0xE0B0,TROLL_BLUE,monster_icewind,E000,,,MTRO,1,1,34,6676,0xE0B0:body:base-resref:MTRO:MTRO,MTROA1;MTROA1E;MTROA2;MTROA2E;MTRODE;MTRODEE;MTROG1;MTROG11;MTROG12;MTROG13;MTROG14;MTROG15;MTROG2;MTROG21;MTROG22;MTROG23;MTROG24;MTROG25;MTROG26;MTROGH;MTROGHE;MTROGU;MTROGUE;MTROINV;MTROSC;MTROSCE;MTROSD;MTROSDE;MTROSL;MTROSLE;MTROTW;MTROTWE;MTROWK;MTROWKE,to-produce-or-extend-profile,,no-colour-variant-reference,2132,2131,1,sprite/index/q3m-source-work-plan.json,
0xE0C0,TROLL_SNOW,monster_icewind,E000,,,MTSN,1,0,0,0,0xE0C0:body:base-resref:MTSN:MTSN,,source-absent,,source-absent,0,0,0,sprite/index/q3m-source-work-plan.json,
0xE0D0,UMBER_HULK_ELDER,monster_icewind,E000,,,MUMB,1,1,13,6156,0xE0D0:body:base-resref:MUMB:MUMB,MUMBG1;MUMBG11;MUMBG12;MUMBG13;MUMBG14;MUMBG15;MUMBG2;MUMBG21;MUMBG22;MUMBG23;MUMBG24;MUMBG25;MUMBG26,to-produce-or-extend-profile,,no-colour-variant-reference,914,913,1,sprite/index/q3m-source-work-plan.json,
0xE0E0,CORNUGON,monster_icewind,E000,,,MCOR,1,1,24,1464,0xE0E0:body:base-resref:MCOR:MCOR,MCORA1;MCORA1E;MCORA2;MCORA2E;MCORCA;MCORCAE;MCORDE;MCORDEE;MCORGH;MCORGHE;MCORGU;MCORGUE;MCORSC;MCORSCE;MCORSD;MCORSDE;MCORSL;MCORSLE;MCORSP;MCORSPE;MCORTW;MCORTWE;MCORWK;MCORWKE,to-produce-or-extend-profile,,no-colour-variant-reference,1312,1312,0,sprite/index/q3m-source-work-plan.json,
0xE0F0,GOLEM_ICE,monster_icewind,E000,,,MGIC,1,1,20,1216,0xE0F0:body:base-resref:MGIC:MGIC,MGICA1;MGICA1E;MGICA2;MGICA2E;MGICDE;MGICDEE;MGICGH;MGICGHE;MGICGU;MGICGUE;MGICSC;MGICSCE;MGICSD;MGICSDE;MGICSL;MGICSLE;MGICTW;MGICTWE;MGICWK;MGICWKE,to-produce-or-extend-profile,,no-colour-variant-reference,1216,1216,0,sprite/index/q3m-source-work-plan.json,
0xE0F1,GLABREZU,monster_icewind,E000,,,MGLA,1,1,24,1448,0xE0F1:body:base-resref:MGLA:MGLA,MGLAA1;MGLAA1E;MGLAA2;MGLAA2E;MGLACA;MGLACAE;MGLADE;MGLADEE;MGLAGH;MGLAGHE;MGLAGU;MGLAGUE;MGLASC;MGLASCE;MGLASD;MGLASDE;MGLASL;MGLASLE;MGLASP;MGLASPE;MGLATW;MGLATWE;MGLAWK;MGLAWKE,to-produce-or-extend-profile,,no-colour-variant-reference,1192,1192,0,sprite/index/q3m-source-work-plan.json,
0xE0F2,WAILING_VIRGIN,monster_icewind,E000,,,MWAV,1,1,26,2008,0xE0F2:body:base-resref:MWAV:MWAV,MWAVA1;MWAVA1E;MWAVA2;MWAVA2E;MWAVA4;MWAVA4E;MWAVCA;MWAVCAE;MWAVDE;MWAVDEE;MWAVGH;MWAVGHE;MWAVGU;MWAVGUE;MWAVSC;MWAVSCE;MWAVSD;MWAVSDE;MWAVSL;MWAVSLE;MWAVSP;MWAVSPE;MWAVTW;MWAVTWE;MWAVWK;MWAVWKE,to-produce-or-extend-profile,,no-colour-variant-reference,1945,1944,0,sprite/index/q3m-source-work-plan.json,
0xE200,BEETLE_BORING,monster_icewind,E000,,,MBET,1,0,0,0,0xE200:body:base-resref:MBET:MBET,,source-absent,,source-absent,0,0,0,sprite/index/q3m-source-work-plan.json,
0xE210,BEETLE_FIRE,monster_icewind,E000,,,MBFI,1,0,0,0,0xE210:body:base-resref:MBFI:MBFI,,source-absent,,source-absent,0,0,0,sprite/index/q3m-source-work-plan.json,
0xE220,BEETLE_BOMBARDIER,monster_icewind,E000,,,MBBM,1,0,0,0,0xE220:body:base-resref:MBBM:MBBM,,source-absent,,source-absent,0,0,0,sprite/index/q3m-source-work-plan.json,
0xE230,BEETLE_RHINOCEROS,monster_icewind,E000,,,MBRH,1,0,0,0,0xE230:body:base-resref:MBRH:MBRH,,source-absent,,source-absent,0,0,0,sprite/index/q3m-source-work-plan.json,
0xE240,ANIMATED_PLATE_BRONZE,monster_icewind,E000,,,MANI,1,0,0,0,0xE240:body:base-resref:MANI:MANI,,source-absent,,source-absent,0,0,0,sprite/index/q3m-source-work-plan.json,
0xE241,ANIMATED_PLATE_DARK,monster_icewind,E000,,,MAN2,1,0,0,0,0xE241:body:base-resref:MAN2:MAN2,,source-absent,,source-absent,0,0,0,sprite/index/q3m-source-work-plan.json,
0xE242,ANIMATED_PLATE_GREEN,monster_icewind,E000,,,MAN3,1,0,0,0,0xE242:body:base-resref:MAN3:MAN3,,source-absent,,source-absent,0,0,0,sprite/index/q3m-source-work-plan.json,
0xE243,ARUNDEL,monster_icewind,E000,,,MARU,1,0,0,0,0xE243:body:base-resref:MARU:MARU,,source-absent,,source-absent,0,0,0,sprite/index/q3m-source-work-plan.json,
0xE244,BARBARIAN_WARRIOR_TAN,monster_icewind,E000,,,MBA1,1,0,0,0,0xE244:body:base-resref:MBA1:MBA1,,source-absent,,source-absent,0,0,0,sprite/index/q3m-source-work-plan.json,
0xE245,BARBARIAN_WARRIOR_RED,monster_icewind,E000,,,MBA2,1,0,0,0,0xE245:body:base-resref:MBA2:MBA2,,source-absent,,source-absent,0,0,0,sprite/index/q3m-source-work-plan.json,
0xE246,BARBARIAN_WARRIOR_BROWN,monster_icewind,E000,,,MBA3,1,0,0,0,0xE246:body:base-resref:MBA3:MBA3,,source-absent,,source-absent,0,0,0,sprite/index/q3m-source-work-plan.json,
0xE247,BARBARIAN_SHAMAN_HAMMER,monster_icewind,E000,,,MBA4,1,0,0,0,0xE247:body:base-resref:MBA4:MBA4,,source-absent,,source-absent,0,0,0,sprite/index/q3m-source-work-plan.json,
0xE248,BARBARIAN_SHAMAN_STAFF,monster_icewind,E000,,,MBA5,1,0,0,0,0xE248:body:base-resref:MBA5:MBA5,,source-absent,,source-absent,0,0,0,sprite/index/q3m-source-work-plan.json,
0xE249,BARBARIAN_SHAMAN_CLUB,monster_icewind,E000,,,MBA6,1,0,0,0,0xE249:body:base-resref:MBA6:MBA6,,source-absent,,source-absent,0,0,0,sprite/index/q3m-source-work-plan.json,
0xE24A,BARBARIAN_ICASARACHT,monster_icewind,E000,,,MBAI,1,0,0,0,0xE24A:body:base-resref:MBAI:MBAI,,source-absent,,source-absent,0,0,0,sprite/index/q3m-source-work-plan.json,
0xE24B,ELEMENTAL_EARTH_IWD,monster_icewind,E000,,,MELE,1,0,0,0,0xE24B:body:base-resref:MELE:MELE,,source-absent,,source-absent,0,0,0,sprite/index/q3m-source-work-plan.json,
0xE24C,ELEMENTAL_FIRE_IWD,monster_icewind,E000,,,MELF,1,0,0,0,0xE24C:body:base-resref:MELF:MELF,,source-absent,,source-absent,0,0,0,sprite/index/q3m-source-work-plan.json,
0xE24D,ELEMENTAL_WATER,monster_icewind,E000,,,MELW,1,0,0,0,0xE24D:body:base-resref:MELW:MELW,,source-absent,,source-absent,0,0,0,sprite/index/q3m-source-work-plan.json,
0xE24E,GIANT_FIRE_IWD,monster_icewind,E000,,,MGFI,1,0,0,0,0xE24E:body:base-resref:MGFI:MGFI,,source-absent,,source-absent,0,0,0,sprite/index/q3m-source-work-plan.json,
0xE24F,GIANT_FROST,monster_icewind,E000,,,MGFR,1,0,0,0,0xE24F:body:base-resref:MGFR:MGFR,,source-absent,,source-absent,0,0,0,sprite/index/q3m-source-work-plan.json,
0xE250,GOLEM_IRON_IWD,monster_icewind,E000,,,MGIR,1,0,0,0,0xE250:body:base-resref:MGIR:MGIR,,source-absent,,source-absent,0,0,0,sprite/index/q3m-source-work-plan.json,
0xE251,GIANT_VERBEEG,monster_icewind,E000,,,MGVE,1,0,0,0,0xE251:body:base-resref:MGVE:MGVE,,source-absent,,source-absent,0,0,0,sprite/index/q3m-source-work-plan.json,
0xE252,HARPY,monster_icewind,E000,,,MHAR,1,0,0,0,0xE252:body:base-resref:MHAR:MHAR,,source-absent,,source-absent,0,0,0,sprite/index/q3m-source-work-plan.json,
0xE253,REMORHAZ,monster_icewind,E000,,,MREM,1,0,0,0,0xE253:body:base-resref:MREM:MREM,,source-absent,,source-absent,0,0,0,sprite/index/q3m-source-work-plan.json,
0xE254,TROLL_SCRAG,monster_icewind,E000,,,MSCR,1,0,0,0,0xE254:body:base-resref:MSCR:MSCR,,source-absent,,source-absent,0,0,0,sprite/index/q3m-source-work-plan.json,
0xE255,SEER,monster_icewind,E000,,,MSEE,1,0,0,0,0xE255:body:base-resref:MSEE:MSEE,,source-absent,,source-absent,0,0,0,sprite/index/q3m-source-work-plan.json,
0xE259,SVIRFNEBLIN_PALE_AXE,monster_icewind,E000,,,MSVI,1,0,0,0,0xE259:body:base-resref:MSVI:MSVI,,source-absent,,source-absent,0,0,0,sprite/index/q3m-source-work-plan.json,
0xE25A,SVIRFNEBLIN_PALE_NOAXE,monster_icewind,E000,,,MSV2,1,0,0,0,0xE25A:body:base-resref:MSV2:MSV2,,source-absent,,source-absent,0,0,0,sprite/index/q3m-source-work-plan.json,
0xE25B,UMBER_HULK_VODYANOI,monster_icewind,E000,,,MUM2,1,0,0,0,0xE25B:body:base-resref:MUM2:MUM2,,source-absent,,source-absent,0,0,0,sprite/index/q3m-source-work-plan.json,
0xE25C,MARILITH_IWD,monster_icewind,E000,,,MTA2,1,0,0,0,0xE25C:body:base-resref:MTA2:MTA2,,source-absent,,source-absent,0,0,0,sprite/index/q3m-source-work-plan.json,
0xE25D,TUNDRA_YETI,monster_icewind,E000,,,MYET,1,0,0,0,0xE25D:body:base-resref:MYET:MYET,,source-absent,,source-absent,0,0,0,sprite/index/q3m-source-work-plan.json,
0xE25E,WIGHT_BARROW,monster_icewind,E000,,,MWI4,1,0,0,0,0xE25E:body:base-resref:MWI4:MWI4,,source-absent,,source-absent,0,0,0,sprite/index/q3m-source-work-plan.json,
0xE25F,DROWNED_DEAD,monster_icewind,E000,,,MDRD,1,0,0,0,0xE25F:body:base-resref:MDRD:MDRD,,source-absent,,source-absent,0,0,0,sprite/index/q3m-source-work-plan.json,
0xE260,CREEPING_DOOM,monster_icewind,E000,,,MCRD,1,0,0,0,0xE260:body:base-resref:MCRD:MCRD,,source-absent,,source-absent,0,0,0,sprite/index/q3m-source-work-plan.json,
0xE261,SAHUAGIN_IWD,monster_icewind,E000,,,MSAH,1,1,19,10386,0xE261:body:base-resref:MSAH:MSAH,MSAHG1;MSAHG11;MSAHG12;MSAHG13;MSAHG14;MSAHG15;MSAHG1CB;MSAHG1QS;MSAHG1SP;MSAHG2;MSAHG21;MSAHG22;MSAHG23;MSAHG24;MSAHG25;MSAHG26;MSAHG2CB;MSAHG2QS;MSAHG2SP,to-produce-or-extend-profile,,no-colour-variant-reference,4326,4325,1,sprite/index/q3m-source-work-plan.json,
0xE262,SAHUAGIN_LARGE_IWD,monster_icewind,E000,,,MSAT,1,1,19,10386,0xE262:body:base-resref:MSAT:MSAT,MSATG1;MSATG11;MSATG12;MSATG13;MSATG14;MSATG15;MSATG1CB;MSATG1QS;MSATG1SP;MSATG2;MSATG21;MSATG22;MSATG23;MSATG24;MSATG25;MSATG26;MSATG2CB;MSATG2QS;MSATG2SP,to-produce-or-extend-profile,,no-colour-variant-reference,4357,4356,1,sprite/index/q3m-source-work-plan.json,
0xE263,SVIRFNEBLIN_DARK_AXE,monster_icewind,E000,,,MSV3,1,0,0,0,0xE263:body:base-resref:MSV3:MSV3,,source-absent,,source-absent,0,0,0,sprite/index/q3m-source-work-plan.json,
0xE264,SVIRFNEBLIN_DARK_NOAXE,monster_icewind,E000,,,MSV4,1,0,0,0,0xE264:body:base-resref:MSV4:MSV4,,source-absent,,source-absent,0,0,0,sprite/index/q3m-source-work-plan.json,
0xE265,BOAR_ARCTIC,monster_icewind,E000,,,MBOA,1,1,24,1488,0xE265:body:base-resref:MBOA:MBOA,MBOAA1;MBOAA1E;MBOAA2;MBOAA2E;MBOACA;MBOACAE;MBOADE;MBOADEE;MBOAGH;MBOAGHE;MBOAGU;MBOAGUE;MBOASC;MBOASCE;MBOASD;MBOASDE;MBOASL;MBOASLE;MBOASP;MBOASPE;MBOATW;MBOATWE;MBOAWK;MBOAWKE,to-produce-or-extend-profile,,no-colour-variant-reference,1112,1112,0,sprite/index/q3m-source-work-plan.json,
0xE266,BUGBEAR_CAPTAIN,monster_icewind,E000,,,MBU2,1,0,0,0,0xE266:body:base-resref:MBU2:MBU2,,source-absent,,source-absent,0,0,0,sprite/index/q3m-source-work-plan.json,
0xE267,BUGBEAR,monster_icewind,E000,,,MBUG,1,0,0,0,0xE267:body:base-resref:MBUG:MBUG,,source-absent,,source-absent,0,0,0,sprite/index/q3m-source-work-plan.json,
0xE26A,HALFDRAGON_RED,monster_icewind,E000,,,MDH2,1,0,0,0,0xE26A:body:base-resref:MDH2:MDH2,,source-absent,,source-absent,0,0,0,sprite/index/q3m-source-work-plan.json,
0xE26B,TREANT_DARK,monster_icewind,E000,,,MDTR,1,0,0,0,0xE26B:body:base-resref:MDTR:MDTR,,source-absent,,source-absent,0,0,0,sprite/index/q3m-source-work-plan.json,
0xE26D,FEYR_GREATER,monster_icewind,E000,,,MFE2,1,0,0,0,0xE26D:body:base-resref:MFE2:MFE2,,source-absent,,source-absent,0,0,0,sprite/index/q3m-source-work-plan.json,
0xE26E,FEYR,monster_icewind,E000,,,MFEY,1,0,0,0,0xE26E:body:base-resref:MFEY:MFEY,,source-absent,,source-absent,0,0,0,sprite/index/q3m-source-work-plan.json,
0xE26F,GIANT_FOMORIAN,monster_icewind,E000,,,MGFO,1,0,0,0,0xE26F:body:base-resref:MGFO:MGFO,,source-absent,,source-absent,0,0,0,sprite/index/q3m-source-work-plan.json,
0xE270,GOBLIN_CAPTAIN,monster_icewind,E000,,,MGO5,1,0,0,0,0xE270:body:base-resref:MGO5:MGO5,,source-absent,,source-absent,0,0,0,sprite/index/q3m-source-work-plan.json,
0xE271,GOBLIN_SHAMAN,monster_icewind,E000,,,MGOC,1,0,0,0,0xE271:body:base-resref:MGOC:MGOC,,source-absent,,source-absent,0,0,0,sprite/index/q3m-source-work-plan.json,
0xE272,GOBLIN_WORG,monster_icewind,E000,,,MGWO,1,0,0,0,0xE272:body:base-resref:MGWO:MGWO,,source-absent,,source-absent,0,0,0,sprite/index/q3m-source-work-plan.json,
0xE273,GOBLIN_WORG_CAPTAIN,monster_icewind,E000,,,MGW2,1,0,0,0,0xE273:body:base-resref:MGW2:MGW2,,source-absent,,source-absent,0,0,0,sprite/index/q3m-source-work-plan.json,
0xE274,HOOK_HORROR,monster_icewind,E000,,,MHOH,1,0,0,0,0xE274:body:base-resref:MHOH:MHOH,,source-absent,,source-absent,0,0,0,sprite/index/q3m-source-work-plan.json,
0xE276,LEMURE,monster_icewind,E000,,,MLEM,1,0,0,0,0xE276:body:base-resref:MLEM:MLEM,,source-absent,,source-absent,0,0,0,sprite/index/q3m-source-work-plan.json,
0xE279,OROG_SHAMAN,monster_icewind,E000,,,MNOS,1,0,0,0,0xE279:body:base-resref:MNOS:MNOS,,source-absent,,source-absent,0,0,0,sprite/index/q3m-source-work-plan.json,
0xE27D,WEREBADGER,monster_icewind,E000,,,MWEB,1,0,0,0,0xE27D:body:base-resref:MWEB:MWEB,,source-absent,,source-absent,0,0,0,sprite/index/q3m-source-work-plan.json,
0xE27E,WERERAT,monster_icewind,E000,,,MWRA,1,0,0,0,0xE27E:body:base-resref:MWRA:MWRA,,source-absent,,source-absent,0,0,0,sprite/index/q3m-source-work-plan.json,
0xE27F,BOAR_WILD,monster_icewind,E000,,,MBOA,1,1,24,1488,0xE27F:body:base-resref:MBOA:MBOA,MBOAA1;MBOAA1E;MBOAA2;MBOAA2E;MBOACA;MBOACAE;MBOADE;MBOADEE;MBOAGH;MBOAGHE;MBOAGU;MBOAGUE;MBOASC;MBOASCE;MBOASD;MBOASDE;MBOASL;MBOASLE;MBOASP;MBOASPE;MBOATW;MBOATWE;MBOAWK;MBOAWKE,to-produce-or-extend-profile,,no-colour-variant-reference,1112,1112,0,sprite/index/q3m-source-work-plan.json,
0xE280,WORG,monster_icewind,E000,,,MWOR,1,0,0,0,0xE280:body:base-resref:MWOR:MWOR,,source-absent,,source-absent,0,0,0,sprite/index/q3m-source-work-plan.json,
0xE281,YUAN-TI_HALF,monster_icewind,E000,,,MYUH,1,0,0,0,0xE281:body:base-resref:MYUH:MYUH,,source-absent,,source-absent,0,0,0,sprite/index/q3m-source-work-plan.json,
0xE282,DRIDER_FEMALE,monster_icewind,E000,,,MDRF,1,0,0,0,0xE282:body:base-resref:MDRF:MDRF,,source-absent,,source-absent,0,0,0,sprite/index/q3m-source-work-plan.json,
0xE283,DRIDER_MALE,monster_icewind,E000,,,MDRM,1,0,0,0,0xE283:body:base-resref:MDRM:MDRM,,source-absent,,source-absent,0,0,0,sprite/index/q3m-source-work-plan.json,
0xE288,GOBLIN_WORG_ELITE,monster_icewind,E000,,,MGWO,1,0,0,0,0xE288:body:base-resref:MGWO:MGWO,,source-absent,,source-absent,0,0,0,sprite/index/q3m-source-work-plan.json,
0xE289,GOBLIN_WORG_SHAMAN,monster_icewind,E000,,,MGW2,1,0,0,0,0xE289:body:base-resref:MGW2:MGW2,,source-absent,,source-absent,0,0,0,sprite/index/q3m-source-work-plan.json,
0xE28A,TROLL_SPECTRAL,monster_icewind,E000,,,MTRO,1,1,34,6676,0xE28A:body:base-resref:MTRO:MTRO,MTROA1;MTROA1E;MTROA2;MTROA2E;MTRODE;MTRODEE;MTROG1;MTROG11;MTROG12;MTROG13;MTROG14;MTROG15;MTROG2;MTROG21;MTROG22;MTROG23;MTROG24;MTROG25;MTROG26;MTROGH;MTROGHE;MTROGU;MTROGUE;MTROINV;MTROSC;MTROSCE;MTROSD;MTROSDE;MTROSL;MTROSLE;MTROTW;MTROTWE;MTROWK;MTROWKE,to-produce-or-extend-profile,,no-colour-variant-reference,2132,2131,1,sprite/index/q3m-source-work-plan.json,
0xE28B,ABISHAI_WHITE,monster_icewind,E000,,,MABW,1,0,0,0,0xE28B:body:base-resref:MABW:MABW,,source-absent,,source-absent,0,0,0,sprite/index/q3m-source-work-plan.json,
0xE28C,DRAGON_WHITE_YOUNG,monster_icewind,E000,,,MWD2,1,0,0,0,0xE28C:body:base-resref:MWD2:MWD2,,source-absent,,source-absent,0,0,0,sprite/index/q3m-source-work-plan.json,
0xE28D,DRAGON_SILVER_YOUNG,monster_icewind,E000,,,MWD2,1,0,0,0,0xE28D:body:base-resref:MWD2:MWD2,,source-absent,,source-absent,0,0,0,sprite/index/q3m-source-work-plan.json,
0xE28E,DRAGON_GREEN_YOUNG,monster_icewind,E000,,,MWD2,1,0,0,0,0xE28E:body:base-resref:MWD2:MWD2,,source-absent,,source-absent,0,0,0,sprite/index/q3m-source-work-plan.json,
0xE28F,DROWNED_DEAD_RED,monster_icewind,E000,,,MDRD,1,0,0,0,0xE28F:body:base-resref:MDRD:MDRD,,source-absent,,source-absent,0,0,0,sprite/index/q3m-source-work-plan.json,
0xE290,HALFDRAGON_GREEN,monster_icewind,E000,,,MDH2,1,0,0,0,0xE290:body:base-resref:MDH2:MDH2,,source-absent,,source-absent,0,0,0,sprite/index/q3m-source-work-plan.json,
0xE291,BUGBEAR_SHAMAN,monster_icewind,E000,,,MBU2,1,0,0,0,0xE291:body:base-resref:MBU2:MBU2,,source-absent,,source-absent,0,0,0,sprite/index/q3m-source-work-plan.json,
0xE292,ETTIN_GHOST,monster_icewind,E000,,,METN,1,1,20,1288,0xE292:body:base-resref:METN:METN,METNA1;METNA1E;METNA2;METNA2E;METNDE;METNDEE;METNGH;METNGHE;METNGU;METNGUE;METNSC;METNSCE;METNSD;METNSDE;METNSL;METNSLE;METNTW;METNTWE;METNWK;METNWKE,to-produce-or-extend-profile,,no-colour-variant-reference,1288,1288,0,sprite/index/q3m-source-work-plan.json,
0xE293,GIANT_HILL,monster_icewind,E000,,,MGHI,1,0,0,0,0xE293:body:base-resref:MGHI:MGHI,,source-absent,,source-absent,0,0,0,sprite/index/q3m-source-work-plan.json,
0xE294,BONEBAT,monster_icewind,7000,,,MBON,1,0,0,0,0xE294:body:base-resref:MBON:MBON,,source-absent,,source-absent,0,0,0,sprite/index/q3m-source-work-plan.json,
0xE300,GHOST,monster_icewind,E000,,,MGHO,1,0,0,0,0xE300:body:base-resref:MGHO:MGHO,,source-absent,,source-absent,0,0,0,sprite/index/q3m-source-work-plan.json,
0xE310,GHOUL_GREATER,monster_icewind,E000,,,MGH2,1,0,0,0,0xE310:body:base-resref:MGH2:MGH2,,source-absent,,source-absent,0,0,0,sprite/index/q3m-source-work-plan.json,
0xE320,GHAST_GREATER,monster_icewind,E000,,,MGH3,1,0,0,0,0xE320:body:base-resref:MGH3:MGH3,,source-absent,,source-absent,0,0,0,sprite/index/q3m-source-work-plan.json,
0xE400,GOBLIN_AXE,monster_icewind,E000,,,MGO1,1,1,20,1528,0xE400:body:base-resref:MGO1:MGO1,MGO1A1;MGO1A1E;MGO1A2;MGO1A2E;MGO1DE;MGO1DEE;MGO1GH;MGO1GHE;MGO1GU;MGO1GUE;MGO1SC;MGO1SCE;MGO1SD;MGO1SDE;MGO1SL;MGO1SLE;MGO1TW;MGO1TWE;MGO1WK;MGO1WKE,to-produce-or-extend-profile,,no-colour-variant-reference,1528,1528,0,sprite/index/q3m-source-work-plan.json,
0xE410,GOBLIN_BOW,monster_icewind,E000,,,MGO2,1,1,20,1376,0xE410:body:base-resref:MGO2:MGO2,MGO2A1;MGO2A1E;MGO2A4;MGO2A4E;MGO2DE;MGO2DEE;MGO2GH;MGO2GHE;MGO2GU;MGO2GUE;MGO2SC;MGO2SCE;MGO2SD;MGO2SDE;MGO2SL;MGO2SLE;MGO2TW;MGO2TWE;MGO2WK;MGO2WKE,to-produce-or-extend-profile,,no-colour-variant-reference,1376,1376,0,sprite/index/q3m-source-work-plan.json,
0xE420,GOBLIN_ELITE_AXE,monster_icewind,E000,,,MGO3,1,1,20,1480,0xE420:body:base-resref:MGO3:MGO3,MGO3A1;MGO3A1E;MGO3A2;MGO3A2E;MGO3DE;MGO3DEE;MGO3GH;MGO3GHE;MGO3GU;MGO3GUE;MGO3SC;MGO3SCE;MGO3SD;MGO3SDE;MGO3SL;MGO3SLE;MGO3TW;MGO3TWE;MGO3WK;MGO3WKE,to-produce-or-extend-profile,,no-colour-variant-reference,1480,1480,0,sprite/index/q3m-source-work-plan.json,
0xE430,GOBLIN_ELITE_BOW,monster_icewind,E000,,,MGO4,1,1,20,1256,0xE430:body:base-resref:MGO4:MGO4,MGO4A1;MGO4A1E;MGO4A4;MGO4A4E;MGO4DE;MGO4DEE;MGO4GH;MGO4GHE;MGO4GU;MGO4GUE;MGO4SC;MGO4SCE;MGO4SD;MGO4SDE;MGO4SL;MGO4SLE;MGO4TW;MGO4TWE;MGO4WK;MGO4WKE,to-produce-or-extend-profile,,no-colour-variant-reference,1256,1256,0,sprite/index/q3m-source-work-plan.json,
0xE440,MKHIIN,monster_icewind,E000,,,MGO6,1,0,0,0,0xE440:body:base-resref:MGO6:MGO6,,source-absent,,source-absent,0,0,0,sprite/index/q3m-source-work-plan.json,
0xE441,MKHIIN_BOW,monster_icewind,E000,,,MGO7,1,0,0,0,0xE441:body:base-resref:MGO7:MGO7,,source-absent,,source-absent,0,0,0,sprite/index/q3m-source-work-plan.json,
0xE442,MKHIIN_STAFF,monster_icewind,E000,,,MGO8,1,0,0,0,0xE442:body:base-resref:MGO8:MGO8,,source-absent,,source-absent,0,0,0,sprite/index/q3m-source-work-plan.json,
0xE443,MKHIIN_ARMOR_AXE,monster_icewind,E000,,,MGO9,1,0,0,0,0xE443:body:base-resref:MGO9:MGO9,,source-absent,,source-absent,0,0,0,sprite/index/q3m-source-work-plan.json,
0xE444,MKHIIN_ARMOR_BOW,monster_icewind,E000,,,MGO10,1,0,0,0,0xE444:body:base-resref:MGO10:MGO10,,source-absent,,source-absent,0,0,0,sprite/index/q3m-source-work-plan.json,
0xE500,LIZARD_MAN_ELITE,monster_icewind,E000,,,MLIZ,1,1,84,6136,0xE500:body:base-resref:MLIZ:MLIZ,MLIZA1;MLIZA1E;MLIZA2;MLIZA2E;MLIZCA;MLIZCA1;MLIZCA1E;MLIZCA2;MLIZCA2E;MLIZCAE;MLIZCCA;MLIZCCAE;MLIZCGH;MLIZCGHE;MLIZCGU;MLIZCGUE;MLIZCSC;MLIZCSCE;MLIZCSD;MLIZCSDE;MLIZCSL;MLIZCSLE;MLIZCSP;MLIZCSPE;MLIZCWK;MLIZCWKE;MLIZDE;MLIZDEE;MLIZGH;MLIZGHE;MLIZGU;MLIZGUE;MLIZHA1;MLIZHA1E;MLIZHA2;MLIZHA2E;MLIZHCA;MLIZHCAE;MLIZHGH;MLIZHGHE;MLIZHGU;MLIZHGUE;MLIZHSC;MLIZHSCE;MLIZHSD;MLIZHSDE;MLIZHSL;MLIZHSLE;MLIZHSP;MLIZHSPE;MLIZHWK;MLIZHWKE;MLIZQA1;MLIZQA1E;MLIZQA2;MLIZQA2E;MLIZQCA;MLIZQCAE;MLIZQGH;MLIZQGHE;MLIZQGU;MLIZQGUE;MLIZQSC;MLIZQSCE;MLIZQSD;MLIZQSDE;MLIZQSL;MLIZQSLE;MLIZQSP;MLIZQSPE;MLIZQWK;MLIZQWKE;MLIZSC;MLIZSCE;MLIZSD;MLIZSDE;MLIZSL;MLIZSLE;MLIZSP;MLIZSPE;MLIZTW;MLIZTWE;MLIZWK;MLIZWKE,to-produce-or-extend-profile,,no-colour-variant-reference,6135,6135,0,sprite/index/q3m-source-work-plan.json,
0xE510,LIZARD_MAN,monster_icewind,E000,,,MLI2,1,0,0,0,0xE510:body:base-resref:MLI2:MLI2,,source-absent,,source-absent,0,0,0,sprite/index/q3m-source-work-plan.json,
0xE520,LIZARD_KING,monster_icewind,E000,,,MLI3,1,0,0,0,0xE520:body:base-resref:MLI3:MLI3,,source-absent,,source-absent,0,0,0,sprite/index/q3m-source-work-plan.json,
0xE600,MYCONID_RED,monster_icewind,E000,,,MMYC,1,1,24,1544,0xE600:body:base-resref:MMYC:MMYC,MMYCA1;MMYCA1E;MMYCA2;MMYCA2E;MMYCCA;MMYCCAE;MMYCDE;MMYCDEE;MMYCGH;MMYCGHE;MMYCGU;MMYCGUE;MMYCSC;MMYCSCE;MMYCSD;MMYCSDE;MMYCSL;MMYCSLE;MMYCSP;MMYCSPE;MMYCTW;MMYCTWE;MMYCWK;MMYCWKE,to-produce-or-extend-profile,,no-colour-variant-reference,1544,1544,0,sprite/index/q3m-source-work-plan.json,
0xE610,MYCONID_BLUE,monster_icewind,E000,,,MMY2,1,1,24,1544,0xE610:body:base-resref:MMY2:MMY2,MMY2A1;MMY2A1E;MMY2A2;MMY2A2E;MMY2CA;MMY2CAE;MMY2DE;MMY2DEE;MMY2GH;MMY2GHE;MMY2GU;MMY2GUE;MMY2SC;MMY2SCE;MMY2SD;MMY2SDE;MMY2SL;MMY2SLE;MMY2SP;MMY2SPE;MMY2TW;MMY2TWE;MMY2WK;MMY2WKE,to-produce-or-extend-profile,,no-colour-variant-reference,1544,1544,0,sprite/index/q3m-source-work-plan.json,
0xE700,OROG,monster_icewind,E000,,,MNO1,1,1,20,1200,0xE700:body:base-resref:MNO1:MNO1,MNO1A1;MNO1A1E;MNO1A2;MNO1A2E;MNO1DE;MNO1DEE;MNO1GH;MNO1GHE;MNO1GU;MNO1GUE;MNO1SC;MNO1SCE;MNO1SD;MNO1SDE;MNO1SL;MNO1SLE;MNO1TW;MNO1TWE;MNO1WK;MNO1WKE,to-produce-or-extend-profile,,no-colour-variant-reference,1184,1184,0,sprite/index/q3m-source-work-plan.json,
0xE710,OROG_ELITE,monster_icewind,E000,,,MNO2,1,1,20,1208,0xE710:body:base-resref:MNO2:MNO2,MNO2A1;MNO2A1E;MNO2A2;MNO2A2E;MNO2DE;MNO2DEE;MNO2GH;MNO2GHE;MNO2GU;MNO2GUE;MNO2SC;MNO2SCE;MNO2SD;MNO2SDE;MNO2SL;MNO2SLE;MNO2TW;MNO2TWE;MNO2WK;MNO2WKE,to-produce-or-extend-profile,,no-colour-variant-reference,1192,1192,0,sprite/index/q3m-source-work-plan.json,
0xE720,OROG_CHIEFTAIN,monster_icewind,E000,,,MNO3,1,1,22,1328,0xE720:body:base-resref:MNO3:MNO3,MNO3A1;MNO3A1E;MNO3A2;MNO3A2E;MNO3A3;MNO3A3E;MNO3DE;MNO3DEE;MNO3GH;MNO3GHE;MNO3GU;MNO3GUE;MNO3SC;MNO3SCE;MNO3SD;MNO3SDE;MNO3SL;MNO3SLE;MNO3TW;MNO3TWE;MNO3WK;MNO3WKE,to-produce-or-extend-profile,,no-colour-variant-reference,1328,1328,0,sprite/index/q3m-source-work-plan.json,
0xE800,ORC_MELEE,monster_icewind,E000,,,MOR1,1,1,20,1216,0xE800:body:base-resref:MOR1:MOR1,MOR1A1;MOR1A1E;MOR1A2;MOR1A2E;MOR1DE;MOR1DEE;MOR1GH;MOR1GHE;MOR1GU;MOR1GUE;MOR1SC;MOR1SCE;MOR1SD;MOR1SDE;MOR1SL;MOR1SLE;MOR1TW;MOR1TWE;MOR1WK;MOR1WKE,to-produce-or-extend-profile,,no-colour-variant-reference,1216,1216,0,sprite/index/q3m-source-work-plan.json,
0xE810,ORC_RANGE,monster_icewind,E000,,,MOR2,1,1,20,1360,0xE810:body:base-resref:MOR2:MOR2,MOR2A1;MOR2A1E;MOR2A4;MOR2A4E;MOR2DE;MOR2DEE;MOR2GH;MOR2GHE;MOR2GU;MOR2GUE;MOR2SC;MOR2SCE;MOR2SD;MOR2SDE;MOR2SL;MOR2SLE;MOR2TW;MOR2TWE;MOR2WK;MOR2WKE,to-produce-or-extend-profile,,no-colour-variant-reference,1360,1360,0,sprite/index/q3m-source-work-plan.json,
0xE820,ORC_ELITE_MELEE,monster_icewind,E000,,,MOR3,1,1,20,1264,0xE820:body:base-resref:MOR3:MOR3,MOR3A1;MOR3A1E;MOR3A2;MOR3A2E;MOR3DE;MOR3DEE;MOR3GH;MOR3GHE;MOR3GU;MOR3GUE;MOR3SC;MOR3SCE;MOR3SD;MOR3SDE;MOR3SL;MOR3SLE;MOR3TW;MOR3TWE;MOR3WK;MOR3WKE,to-produce-or-extend-profile,,no-colour-variant-reference,1264,1264,0,sprite/index/q3m-source-work-plan.json,
0xE830,ORC_ELITE_RANGE,monster_icewind,E000,,,MOR4,1,1,20,1384,0xE830:body:base-resref:MOR4:MOR4,MOR4A1;MOR4A1E;MOR4A4;MOR4A4E;MOR4DE;MOR4DEE;MOR4GH;MOR4GHE;MOR4GU;MOR4GUE;MOR4SC;MOR4SCE;MOR4SD;MOR4SDE;MOR4SL;MOR4SLE;MOR4TW;MOR4TWE;MOR4WK;MOR4WKE,to-produce-or-extend-profile,,no-colour-variant-reference,1384,1384,0,sprite/index/q3m-source-work-plan.json,
0xE840,ORC_SHAMAN,monster_icewind,E000,,,MOR5,1,1,24,1707,0xE840:body:base-resref:MOR5:MOR5,MOR5A1;MOR5A1E;MOR5A2;MOR5A2E;MOR5CA;MOR5CAE;MOR5DE;MOR5DEE;MOR5GH;MOR5GHE;MOR5GU;MOR5GUE;MOR5SC;MOR5SCE;MOR5SD;MOR5SDE;MOR5SL;MOR5SLE;MOR5SP;MOR5SPE;MOR5TW;MOR5TWE;MOR5WK;MOR5WKE,to-produce-or-extend-profile,,no-colour-variant-reference,1600,1600,0,sprite/index/q3m-source-work-plan.json,
0xE900,SALAMANDER_FIRE,monster_icewind,E000,,,MSAL,1,1,21,1146,0xE900:body:base-resref:MSAL:MSAL,MSALA1;MSALA1E;MSALA2;MSALA2E;MSALDE;MSALDEE;MSALGH;MSALGHE;MSALGU;MSALGUE;MSALINV;MSALSC;MSALSCE;MSALSD;MSALSDE;MSALSL;MSALSLE;MSALTW;MSALTWE;MSALWK;MSALWKE,to-produce-or-extend-profile,,no-colour-variant-reference,1138,1138,0,sprite/index/q3m-source-work-plan.json,
0xE910,SALAMANDER_FROST,monster_icewind,E000,,,MSA2,1,1,20,1144,0xE910:body:base-resref:MSA2:MSA2,MSA2A1;MSA2A1E;MSA2A2;MSA2A2E;MSA2DE;MSA2DEE;MSA2GH;MSA2GHE;MSA2GU;MSA2GUE;MSA2SC;MSA2SCE;MSA2SD;MSA2SDE;MSA2SL;MSA2SLE;MSA2TW;MSA2TWE;MSA2WK;MSA2WKE,to-produce-or-extend-profile,,no-colour-variant-reference,1136,1136,0,sprite/index/q3m-source-work-plan.json,
0xEA00,SHRIEKER,monster_icewind,E000,,,MSHR,1,1,22,960,0xEA00:body:base-resref:MSHR:MSHR,MSHRA1;MSHRA1E;MSHRCA;MSHRCAE;MSHRDE;MSHRDEE;MSHRGH;MSHRGHE;MSHRGU;MSHRGUE;MSHRSC;MSHRSCE;MSHRSD;MSHRSDE;MSHRSL;MSHRSLE;MSHRSP;MSHRSPE;MSHRTW;MSHRTWE;MSHRWK;MSHRWKE,to-produce-or-extend-profile,,no-colour-variant-reference,957,957,0,sprite/index/q3m-source-work-plan.json,
0xEA10,SHADOW_SMALL,monster_icewind,E000,,,MSH1,1,0,0,0,0xEA10:body:base-resref:MSH1:MSH1,,source-absent,,source-absent,0,0,0,sprite/index/q3m-source-work-plan.json,
0xEA20,SHADOW_LARGE,monster_icewind,E000,,,MSH2,1,0,0,0,0xEA20:body:base-resref:MSH2:MSH2,,source-absent,,source-absent,0,0,0,sprite/index/q3m-source-work-plan.json,
0xEB00,SKELETON_MONSTER,monster_icewind,E000,,,MSKT,1,1,64,4392,0xEB00:body:base-resref:MSKT:MSKT,MSKTA1;MSKTA1E;MSKTA2;MSKTA2E;MSKTAA1;MSKTAA1E;MSKTAA2;MSKTAA2E;MSKTACA;MSKTACAE;MSKTAGH;MSKTAGHE;MSKTAGU;MSKTAGUE;MSKTASC;MSKTASCE;MSKTASD;MSKTASDE;MSKTASL;MSKTASLE;MSKTASP;MSKTASPE;MSKTAWK;MSKTAWKE;MSKTCA;MSKTCAE;MSKTDE;MSKTDEE;MSKTGH;MSKTGHE;MSKTGU;MSKTGUE;MSKTSA1;MSKTSA1E;MSKTSA2;MSKTSA2E;MSKTSC;MSKTSCA;MSKTSCAE;MSKTSCE;MSKTSD;MSKTSDE;MSKTSGH;MSKTSGHE;MSKTSGU;MSKTSGUE;MSKTSL;MSKTSLE;MSKTSP;MSKTSPE;MSKTSSC;MSKTSSCE;MSKTSSD;MSKTSSDE;MSKTSSL;MSKTSSLE;MSKTSSP;MSKTSSPE;MSKTSWK;MSKTSWKE;MSKTTW;MSKTTWE;MSKTWK;MSKTWKE,to-produce-or-extend-profile,,no-colour-variant-reference,4374,4374,0,sprite/index/q3m-source-work-plan.json,
0xEB10,SKELETON_WARRIOR,monster_icewind,E000,,,MSKA,1,1,68,5208,0xEB10:body:base-resref:MSKA:MSKA,MSKAA1;MSKAA1E;MSKAA2;MSKAA2E;MSKAAA1;MSKAAA1E;MSKAAA2;MSKAAA2E;MSKAAGH;MSKAAGHE;MSKAAGU;MSKAAGUE;MSKAASC;MSKAASCE;MSKAASD;MSKAASDE;MSKAASL;MSKAASLE;MSKAAWK;MSKAAWKE;MSKADE;MSKADEE;MSKAGH;MSKAGHE;MSKAGU;MSKAGUE;MSKAMA1;MSKAMA1E;MSKAMA2;MSKAMA2E;MSKAMGH;MSKAMGHE;MSKAMGU;MSKAMGUE;MSKAMSC;MSKAMSCE;MSKAMSD;MSKAMSDE;MSKAMSL;MSKAMSLE;MSKAMWK;MSKAMWKE;MSKASA1;MSKASA1E;MSKASA2;MSKASA2E;MSKASC;MSKASCE;MSKASD;MSKASDE;MSKASGH;MSKASGHE;MSKASGU;MSKASGUE;MSKASL;MSKASLE;MSKASSC;MSKASSCE;MSKASSD;MSKASSDE;MSKASSL;MSKASSLE;MSKASWK;MSKASWKE;MSKATW;MSKATWE;MSKAWK;MSKAWKE,to-produce-or-extend-profile,,no-colour-variant-reference,5144,5144,0,sprite/index/q3m-source-work-plan.json,
0xEB20,SKELETON_FIEND,monster_icewind,E000,,,MSKB,1,1,22,1657,0xEB20:body:base-resref:MSKB:MSKB,MSKBA1;MSKBA1E;MSKBA2;MSKBA2E;MSKBA3;MSKBA3E;MSKBDE;MSKBDEE;MSKBGH;MSKBGHE;MSKBGU;MSKBGUE;MSKBSC;MSKBSCE;MSKBSD;MSKBSDE;MSKBSL;MSKBSLE;MSKBTW;MSKBTWE;MSKBWK;MSKBWKE,to-produce-or-extend-profile,,no-colour-variant-reference,1548,1548,0,sprite/index/q3m-source-work-plan.json,
0xEC00,WIGHT_GRAY,monster_icewind,E000,,,MWIG,1,0,0,0,0xEC00:body:base-resref:MWIG:MWIG,,source-absent,,source-absent,0,0,0,sprite/index/q3m-source-work-plan.json,
0xEC10,WIGHT_GREEN,monster_icewind,E000,,,MWI2,1,0,0,0,0xEC10:body:base-resref:MWI2:MWI2,,source-absent,,source-absent,0,0,0,sprite/index/q3m-source-work-plan.json,
0xEC20,WIGHT_YELLOW,monster_icewind,E000,,,MWI3,1,0,0,0,0xEC20:body:base-resref:MWI3:MWI3,,source-absent,,source-absent,0,0,0,sprite/index/q3m-source-work-plan.json,
0xED00,YUAN-TI,monster_icewind,E000,,,MYU1,1,1,84,5960,0xED00:body:base-resref:MYU1:MYU1,MYU1A1;MYU1A1E;MYU1A2;MYU1A2E;MYU1A3;MYU1A3E;MYU1A4;MYU1A4E;MYU1AA1;MYU1AA1E;MYU1AA2;MYU1AA2E;MYU1AA3;MYU1AA3E;MYU1AA4;MYU1AA4E;MYU1AGH;MYU1AGHE;MYU1AGU;MYU1AGUE;MYU1ASC;MYU1ASCE;MYU1ASD;MYU1ASDE;MYU1ASL;MYU1ASLE;MYU1AWK;MYU1AWKE;MYU1CA1;MYU1CA1E;MYU1CA2;MYU1CA2E;MYU1CA3;MYU1CA3E;MYU1CA4;MYU1CA4E;MYU1CGH;MYU1CGHE;MYU1CGU;MYU1CGUE;MYU1CSC;MYU1CSCE;MYU1CSD;MYU1CSDE;MYU1CSL;MYU1CSLE;MYU1CWK;MYU1CWKE;MYU1DE;MYU1DEE;MYU1GH;MYU1GHE;MYU1GU;MYU1GUE;MYU1SA1;MYU1SA1E;MYU1SA2;MYU1SA2E;MYU1SA3;MYU1SA3E;MYU1SA4;MYU1SA4E;MYU1SC;MYU1SCE;MYU1SD;MYU1SDE;MYU1SGH;MYU1SGHE;MYU1SGU;MYU1SGUE;MYU1SL;MYU1SLE;MYU1SSC;MYU1SSCE;MYU1SSD;MYU1SSDE;MYU1SSL;MYU1SSLE;MYU1SWK;MYU1SWKE;MYU1TW;MYU1TWE;MYU1WK;MYU1WKE,to-produce-or-extend-profile,,no-colour-variant-reference,4759,4759,0,sprite/index/q3m-source-work-plan.json,
0xED10,YUAN-TI_ELITE,monster_icewind,E000,,,MYU2,1,1,84,5960,0xED10:body:base-resref:MYU2:MYU2,MYU2A1;MYU2A1E;MYU2A2;MYU2A2E;MYU2A3;MYU2A3E;MYU2A4;MYU2A4E;MYU2AA1;MYU2AA1E;MYU2AA2;MYU2AA2E;MYU2AA3;MYU2AA3E;MYU2AA4;MYU2AA4E;MYU2AGH;MYU2AGHE;MYU2AGU;MYU2AGUE;MYU2ASC;MYU2ASCE;MYU2ASD;MYU2ASDE;MYU2ASL;MYU2ASLE;MYU2AWK;MYU2AWKE;MYU2CA1;MYU2CA1E;MYU2CA2;MYU2CA2E;MYU2CA3;MYU2CA3E;MYU2CA4;MYU2CA4E;MYU2CGH;MYU2CGHE;MYU2CGU;MYU2CGUE;MYU2CSC;MYU2CSCE;MYU2CSD;MYU2CSDE;MYU2CSL;MYU2CSLE;MYU2CWK;MYU2CWKE;MYU2DE;MYU2DEE;MYU2GH;MYU2GHE;MYU2GU;MYU2GUE;MYU2SA1;MYU2SA1E;MYU2SA2;MYU2SA2E;MYU2SA3;MYU2SA3E;MYU2SA4;MYU2SA4E;MYU2SC;MYU2SCE;MYU2SD;MYU2SDE;MYU2SGH;MYU2SGHE;MYU2SGU;MYU2SGUE;MYU2SL;MYU2SLE;MYU2SSC;MYU2SSCE;MYU2SSD;MYU2SSDE;MYU2SSL;MYU2SSLE;MYU2SWK;MYU2SWKE;MYU2TW;MYU2TWE;MYU2WK;MYU2WKE,to-produce-or-extend-profile,,no-colour-variant-reference,4760,4760,0,sprite/index/q3m-source-work-plan.json,
0xED20,YUAN-TI_PRIEST,monster_icewind,E000,,,MYU3,1,1,22,1512,0xED20:body:base-resref:MYU3:MYU3,MYU3A1;MYU3A1E;MYU3CA;MYU3CAE;MYU3DE;MYU3DEE;MYU3GH;MYU3GHE;MYU3GU;MYU3GUE;MYU3SC;MYU3SCE;MYU3SD;MYU3SDE;MYU3SL;MYU3SLE;MYU3SP;MYU3SPE;MYU3TW;MYU3TWE;MYU3WK;MYU3WKE,to-produce-or-extend-profile,,no-colour-variant-reference,1512,1512,0,sprite/index/q3m-source-work-plan.json,
0xEE00,ZOMBIE_YELLOW,monster_icewind,E000,,,MZO2,1,0,0,0,0xEE00:body:base-resref:MZO2:MZO2,,source-absent,,source-absent,0,0,0,sprite/index/q3m-source-work-plan.json,
0xEE10,ZOMBIE_BLUE,monster_icewind,E000,,,MZO3,1,0,0,0,0xEE10:body:base-resref:MZO3:MZO3,,source-absent,,source-absent,0,0,0,sprite/index/q3m-source-work-plan.json,
0xEF10,WATER_WEIRD,monster_icewind,E000,,,MWWE,1,1,20,1096,0xEF10:body:base-resref:MWWE:MWWE,MWWEA1;MWWEA1E;MWWEA4;MWWEA4E;MWWEDE;MWWEDEE;MWWEGH;MWWEGHE;MWWEGU;MWWEGUE;MWWESC;MWWESCE;MWWESD;MWWESDE;MWWESL;MWWESLE;MWWETW;MWWETWE;MWWEWK;MWWEWKE,to-produce-or-extend-profile,,no-colour-variant-reference,677,673,0,sprite/index/q3m-source-work-plan.json,
