item_resref,item_type,item_type_symbol,visual_layer,animation_code_raw_hex,animation_code,animation_code_valid,body_armor_code,source_bif,locator,source_sha256,candidate_family_count,compatible_animation_count,compatible_animation_ids,candidate_bam_prefixes,resolved_bam_prefixes,unresolved_bam_prefixes,pipeline_ready_prefixes,override_collision,blocker
ABAZRING,10,RING,,2020,,no,,data/25Items.bif,0x08400000,19C19FE0CC2B7B24F4DF852F2F9728DA0ECFA079D3AAF5E979FC1F322B68A992,0,0,,,,,,no,
ABISRED1,0,MISC,,2020,,no,,data/25Items.bif,0x08400001,0DBDC5917FC23F7661F7753C34EB60A412D3D9C858A2E166D59EFDFAE6317BAB,0,0,,,,,,no,
ACIDBL,0,MISC,,2020,,no,,data/Items.bif,0x00100000,CC59DD737D934E6ECC30E69A80CF90F745C4A1838D269A92621D4359433F62AB,0,0,,,,,,no,
ACIDMIST,0,MISC,,2020,,no,,data/Items.bif,0x00100001,D980CD0A7FD8E884D3FE47CE994190CA4A679BBA92AC25943DAC87C43E66DB31,0,0,,,,,,no,
ACIDOOZ1,0,MISC,,2020,,no,,data/Items.bif,0x00100002,DF4B932EE75D372ED07AC3F5FDCB01E0F8E8539B195AAE50E6AA3CE2B7281D14,0,0,,,,,,no,
ACIDOOZ2,0,MISC,,2020,,no,,data/Items.bif,0x00100003,92BC2BB6A4820196A41AE9FC7142304F1E7E84EB56DA45254C05B0F05D731D0D,0,0,,,,,,no,
ACIDOOZ3,0,MISC,,2020,,no,,data/Items.bif,0x00100004,07924D6095988D5F47218903C5D9A7DA0B355CBA6D9F7948956D2BBA14502D8C,0,0,,,,,,no,
ACIDOOZ4,0,MISC,,2020,,no,,data/Items.bif,0x00100005,C20FCCE0E33B0ABDF7821B03E9096D1896554E88488BA30BF976D7869C11FCA9,0,0,,,,,,no,
AEGIS,21,HAMMER,weapon,5748,WH,yes,,data/Items.bif,0x00100006,6518CB26D6E001E68F46A14D729E7E79C0B42BA2563CA8A6B383F9045B584402,78,78,0x5000;0x5001;0x5002;0x5003;0x5010;0x5011;0x5012;0x5013;0x5100;0x5101;0x5102;0x5103;0x5110;0x5111;0x5112;0x5113;0x5200;0x5201;0x5202;0x5210;0x5211;0x5212;0x5300;0x5301;0x5302;0x5303;0x5310;0x5311;0x5312;0x5313;0x6000;0x6001;0x6002;0x6003;0x6004;0x6005;0x6010;0x6011;0x6012;0x6013;0x6014;0x6015;0x6100;0x6101;0x6102;0x6103;0x6104;0x6105;0x6110;0x6111;0x6112;0x6113;0x6114;0x6115;0x6200;0x6201;0x6202;0x6204;0x6205;0x6210;0x6211;0x6212;0x6214;0x6215;0x6300;0x6301;0x6302;0x6303;0x6304;0x6305;0x6310;0x6311;0x6312;0x6313;0x6314;0x6315;0x6500;0x6510,WQLWH;WQMWH;WQNWH;WQSWH,WQLWH;WQMWH;WQNWH;WQSWH,,WQLWH;WQMWH;WQNWH;WQSWH,no,
AEGIS2,21,HAMMER,weapon,5748,WH,yes,,data/Items.bif,0x00100007,7D258BF1F4C68AB4C4F40575BEE6C2C98B02F25757B565DE0630C2D82D245781,78,78,0x5000;0x5001;0x5002;0x5003;0x5010;0x5011;0x5012;0x5013;0x5100;0x5101;0x5102;0x5103;0x5110;0x5111;0x5112;0x5113;0x5200;0x5201;0x5202;0x5210;0x5211;0x5212;0x5300;0x5301;0x5302;0x5303;0x5310;0x5311;0x5312;0x5313;0x6000;0x6001;0x6002;0x6003;0x6004;0x6005;0x6010;0x6011;0x6012;0x6013;0x6014;0x6015;0x6100;0x6101;0x6102;0x6103;0x6104;0x6105;0x6110;0x6111;0x6112;0x6113;0x6114;0x6115;0x6200;0x6201;0x6202;0x6204;0x6205;0x6210;0x6211;0x6212;0x6214;0x6215;0x6300;0x6301;0x6302;0x6303;0x6304;0x6305;0x6310;0x6311;0x6312;0x6313;0x6314;0x6315;0x6500;0x6510,WQLWH;WQMWH;WQNWH;WQSWH,WQLWH;WQMWH;WQNWH;WQSWH,,WQLWH;WQMWH;WQNWH;WQSWH,no,
AERIEBAB,0,MISC,,2020,,no,,data/25Items.bif,0x08400002,0A7C4F36D8CE243C4F4E6C2DB051DB5B4796E5F28152456480F5CE61C93BD2D6,0,0,,,,,,no,
AIFAST,10,RING,,2020,,no,,data/Items.bif,0x00100008,81BA48BD8B6F253ECDC658524DCC840FB334AC8FEF4885DB981C50789B895514,0,0,,,,,,no,
ALDETH,10,RING,,2020,,no,,data/Items.bif,0x00100009,5E638A62836720E8B8187C80FA2868C5ACA2843D401311BF528E51CCF11EA43C,0,0,,,,,,no,
AMSOUL01,7,HELMET,helmet,2020,,no,,data/25Items.bif,0x08400003,D8BA45A7BF6704320FAD62EC2B83B2ED28FC5FEFAFE79F41D5598C53E4DAF238,0,0,,,,,,no,no-compatible-character-family;visual-animation-code-invalid
AMUL01,1,AMULET,,2020,,no,,data/Items.bif,0x0010000A,22C239D3E7671A43BCA97ABE2180450BA1B117B03D580317B7FD81F5C1A903A8,0,0,,,,,,no,
AMUL02,1,AMULET,,2020,,no,,data/Items.bif,0x0010000B,626D18DEB5BC8853797418A4AC8B6870D6508D27DEFE9654BAD38748C1C042F0,0,0,,,,,,no,
AMUL04,1,AMULET,,2020,,no,,data/Items.bif,0x0010000C,B825EA519A29CAF075CAD141CA612E4C2FAC7761ACB59234FEC5F8FF0C232E9E,0,0,,,,,,no,
AMUL05,1,AMULET,,2020,,no,,data/Items.bif,0x0010000D,BB687CB3DA655C1059235A134CC5FC582C5022E581C930E5DCDD0BEF071F4DF5,0,0,,,,,,no,
AMUL06,1,AMULET,,2020,,no,,data/Items.bif,0x0010000E,F19B7C0816BB9BC5B8768BFBE2E3230F3FAB5F0C2D02301E74D5F964824C482D,0,0,,,,,,no,
AMUL07,1,AMULET,,2020,,no,,data/Items.bif,0x0010000F,D1C04CA539CE15099B8B6A8E06659029F94DF12D592FA15E12EC4E84D626A657,0,0,,,,,,no,
AMUL08,1,AMULET,,2020,,no,,data/Items.bif,0x00100010,297057A4BB8581A2E547B540F82AD6D6DBC98BB1043763D35370416A0B8C6821,0,0,,,,,,no,
AMUL09,1,AMULET,,2020,,no,,data/Items.bif,0x00100011,2A9AF0C4D0377236CFBE21371AD123F2E84F6AFDB8F8197D2BB78EE0B1CD560B,0,0,,,,,,no,
AMUL10,1,AMULET,,2020,,no,,data/Items.bif,0x00100012,52A652710BB9DEE0785DA36BD637A5025DA8D785163B09FC6B83B8B8A5D79FB2,0,0,,,,,,no,
AMUL11,1,AMULET,,2020,,no,,data/Items.bif,0x00100013,942CE21EE5D5355EAF009DDC3ADAE4E1FE4DE52DB12EE77C326E97B7F87960C4,0,0,,,,,,no,
AMUL12,1,AMULET,,2020,,no,,data/Items.bif,0x00100014,8ABEBA58DEDD6CBD8DA2A258732FFCF05A6E59BF49C15BC374DC923FC91317C0,0,0,,,,,,no,
AMUL13,1,AMULET,,2020,,no,,data/Items.bif,0x00100015,24AC47A24B815A2615BC57CC245EC242938AD855C5D5462F6A26CC8FD568A41A,0,0,,,,,,no,
AMUL14,1,AMULET,,2020,,no,,data/Items.bif,0x00100016,5B99B582790DEFDF42B532A29014A25FC595216E724652750357C22860E7E5A2,0,0,,,,,,no,
AMUL15,1,AMULET,,2020,,no,,data/Items.bif,0x00100017,B7D8C203238C4EB69F7F8E663EF4A36B2569E37E462B906F861D42C9E83386FF,0,0,,,,,,no,
AMUL16,1,AMULET,,2020,,no,,data/Items.bif,0x00100018,605FCB7FAB49C44B4DDF42D09525F1C290AD4670BD89162BD71EECFD94D6AD25,0,0,,,,,,no,
AMUL17,1,AMULET,,2020,,no,,data/Items.bif,0x00100019,7B4E7FA432C172CB46ABC8A14B08882825E01796C80871ADE8D1FC1782A667F9,0,0,,,,,,no,
AMUL18,1,AMULET,,2020,,no,,data/Items.bif,0x0010001A,E50BF14CA3D441002FD8DCD5B6D37D6E9A9FF0AEA6F02582726FA4370E12407D,0,0,,,,,,no,
AMUL19,1,AMULET,,2020,,no,,data/Items.bif,0x0010001B,AAB16BA52A7467D5FFB1410F1C7FD1CA608AFF27C85442A0E13D69BEA78C6155,0,0,,,,,,no,
AMUL20,1,AMULET,,2020,,no,,data/Items.bif,0x0010001C,8CFE33CAC2B176EF489208ABDCE2546BBF375A6ACFA668C21B1BA5349D80C089,0,0,,,,,,no,
AMUL21,1,AMULET,,2020,,no,,data/Items.bif,0x0010001D,E04C693D33513EF0F61485BD9DA0BD628379AD3EED363D123BB1CB55C954B2E5,0,0,,,,,,no,
AMUL22,1,AMULET,,2020,,no,,data/Items.bif,0x0010001E,F335A07AAE5EB451F097DB802BEBB7062C3AF5BBD1D51FF2155E13A0A34DAAF8,0,0,,,,,,no,
AMUL23,1,AMULET,,2020,,no,,data/Items.bif,0x0010001F,920A21B05AE9AA57C41E6A6AB3E9524F24FDBD8A25DBE8676139BA25A27D0B34,0,0,,,,,,no,
AMUL24,1,AMULET,,2020,,no,,data/Items.bif,0x00100020,3FDD2B5E54580657073BAE5B33F2B3D12BEA4F26D629E6943D8AF5EE13D22343,0,0,,,,,,no,
AMUL25,1,AMULET,,2020,,no,,data/Items.bif,0x00100021,D90A9D18E212442E6DEE8EF10529699446F4EF8C8A08999290D1C989076EB376,0,0,,,,,,no,
AMUL26,1,AMULET,,2020,,no,,data/25Items.bif,0x08400004,D2C5088BC20690E797E082A6651E6A9BC6DD84E0E00DBDD4F8358F30B6511F03,0,0,,,,,,no,
AMUL27,1,AMULET,,2020,,no,,data/25Items.bif,0x08400005,AD96954D903B75713C0640FE9569BF11AFF9E114820FD6F827DC548DD8CD4D44,0,0,,,,,,no,
AMUL28,1,AMULET,,2020,,no,,data/25Items.bif,0x08400006,3C837DB1DEA5C10982AA60245B89CE12450AE5F4C6C6C6EA675A3BABFA139BFD,0,0,,,,,,no,
ANGAROW,5,ARROW,,2020,,no,,data/25Items.bif,0x08400007,4848408BFD947C83073069D5457430109A0CBDCE85CAD63572B2D4463D3DC31C,0,0,,,,,,no,
ANKACID,0,MISC,,2020,,no,,data/Items.bif,0x00100022,1A67A190C91C04272515AF2C34DAACA63F8210A1ED40F02F996EE9EA766DCEE5,0,0,,,,,,no,
ANKHEG1,0,MISC,,2020,,no,,data/Items.bif,0x00100023,1EBC17636AC89A67F9C4AB2276BF205E83A081AB418E00038442DAE77DEB6D5D,0,0,,,,,,no,
ANKHEG2,0,MISC,,2020,,no,,data/Items.bif,0x00100024,79633B28BC9A5C9BE7FD3F8036FF4C3718CFDF8E49FD8E0909244CA7BA6F5D66,0,0,,,,,,no,
ANTIWEB,1,AMULET,,0000,,no,,data/Items.bif,0x00100025,31926876C92D06337803848A5482AE385BBB7B83E58E37F65DFA278B41695B79,0,0,,,,,,no,
AROW01,5,ARROW,,2020,,no,,data/Items.bif,0x00100026,52209DCEDDF99FEC75E20A694B42906FA3F9EA74C6CACAD5D62D33EFF22F9D91,0,0,,,,,,no,
AROW02,5,ARROW,,2020,,no,,data/Items.bif,0x00100027,A37AE5D64A2B6E3EFDC4D67FCD6DE29F465DDBD22412FA46762B90B3E3791A0D,0,0,,,,,,no,
AROW03,5,ARROW,,2020,,no,,data/Items.bif,0x00100028,F706A75174B81F75D1044C90BAD2C6A535D1D386130082A714D9B068C4038CA9,0,0,,,,,,no,
AROW04,5,ARROW,,2020,,no,,data/Items.bif,0x00100029,BF9E67A9E6BFA4D6BABAD0EB3506EEDE546AE9775DEBA30857314A377E37383F,0,0,,,,,,no,
AROW05,5,ARROW,,2020,,no,,data/Items.bif,0x0010002A,9DCEB9E71D3464A33D1EEAED9CE9AA85ECBFF353D4A321DD2691EB66C6488AA6,0,0,,,,,,no,
AROW06,5,ARROW,,2020,,no,,data/Items.bif,0x0010002B,2C208CC633D6D869AB0B2E2C0BE5EEC38706459613F7EA326A99DEBD4B382B6B,0,0,,,,,,no,
AROW07,5,ARROW,,2020,,no,,data/Items.bif,0x0010002C,7235D9B3176B5F3BEE3868BFD247329D480EC7C59CC653DB3D4D49BC7C765013,0,0,,,,,,no,
AROW08,5,ARROW,,2020,,no,,data/Items.bif,0x0010002D,653759D0B2C5375219D1E20216422C6558EA1BF038785DBEECEBC2D515E8D07B,0,0,,,,,,no,
AROW09,5,ARROW,,2020,,no,,data/Items.bif,0x0010002E,EC4F5A74A993813AE11B6B99BB0C89CDFA8072D51133E7300C2FE25B0B222E5D,0,0,,,,,,no,
AROW10,5,ARROW,,2020,,no,,data/Items.bif,0x0010002F,6E789BEB6AE86CB2C99BEB31152EADE6A66DB6CEBDB4D770508E6A965268B839,0,0,,,,,,no,
AROW11,5,ARROW,,2020,,no,,data/Items.bif,0x00100030,D36AEB7088A4FA1C08EAF41B37E5F502EEF7BCF74BCBEFF9910E215F962B2D08,0,0,,,,,,no,
AROW12,5,ARROW,,2020,,no,,data/Items.bif,0x00100031,CC101A5B7E1195F62725B0C547936A34684E6636F0442E7C2F4426FBB682966B,0,0,,,,,,no,
AROW13,0,MISC,,2020,,no,,data/Items.bif,0x00100032,C27860FF35CEF6A631E73EED225CAFD89D66D87EA88698D4993C407D907ADB5A,0,0,,,,,,no,
AROW14,5,ARROW,,2020,,no,,data/Items.bif,0x00100033,3FC9304E6092C0D7B72962317AD41F9E3D28E8FD66FF2AF00A105641953BC28B,0,0,,,,,,no,
AROW15,5,ARROW,,2020,,no,,data/Items.bif,0x00100034,1869E4F9400DF9769A2EF98CD16C0A3E088F771E46C99F9141875C0D3870FA98,0,0,,,,,,no,
AROW16,5,ARROW,,2020,,no,,data/Items.bif,0x00100035,23A4C637C4EF1C2554065A2DAF3AC4EC374922B5F9A8CAB3CC5A50E2B32FB3AC,0,0,,,,,,no,
AROW1A,5,ARROW,,2020,,no,,data/Items.bif,0x00100036,1FB467B69BFC4FC6AFC5EFDACEF0A9C546C3261C67EF9456B435A32FFE13C1FE,0,0,,,,,,no,
AROWKC,5,ARROW,,2020,,no,,data/Items.bif,0x00100037,FE8059A1466B4B8A66596EA10FB40141E647AC978FC30EAB567FA62D110A5F57,0,0,,,,,,no,
ARROPHE2,5,ARROW,,2020,,no,,data/Items.bif,0x00100038,0A6422B2870327CD0B276DDE62FA45530FA5F3769380CAB572E0FAF269A99D2C,0,0,,,,,,no,
ARROPHEO,15,BOW,weapon,4257,BW,yes,,data/Items.bif,0x00100039,FA39672295A57C8382EEDDF00AEAD62D392D7105A8C78150DC0DD39F2DC34656,78,78,0x5000;0x5001;0x5002;0x5003;0x5010;0x5011;0x5012;0x5013;0x5100;0x5101;0x5102;0x5103;0x5110;0x5111;0x5112;0x5113;0x5200;0x5201;0x5202;0x5210;0x5211;0x5212;0x5300;0x5301;0x5302;0x5303;0x5310;0x5311;0x5312;0x5313;0x6000;0x6001;0x6002;0x6003;0x6004;0x6005;0x6010;0x6011;0x6012;0x6013;0x6014;0x6015;0x6100;0x6101;0x6102;0x6103;0x6104;0x6105;0x6110;0x6111;0x6112;0x6113;0x6114;0x6115;0x6200;0x6201;0x6202;0x6204;0x6205;0x6210;0x6211;0x6212;0x6214;0x6215;0x6300;0x6301;0x6302;0x6303;0x6304;0x6305;0x6310;0x6311;0x6312;0x6313;0x6314;0x6315;0x6500;0x6510,WQLBW;WQMBW;WQNBW;WQSBW,WQLBW;WQMBW;WQNBW;WQSBW,,WQLBW;WQMBW;WQNBW;WQSBW,no,
AURSTAF,26,STAFF,weapon,2020,,no,,data/25Items.bif,0x08400008,63C8D3BF3047998B2E8BA64EB43432602C15D41C20F828B5A512A44C1A0A39A0,0,0,,,,,,no,no-compatible-character-family;visual-animation-code-invalid
AVATAR,10,RING,,2020,,no,,data/Items.bif,0x0010003A,A3B618D29589E4B9282BD752811969D066060971BADE7F7178E2EFC57EC96E7A,0,0,,,,,,no,
AX1H01,25,AXE,weapon,4158,AX,yes,,data/Items.bif,0x0010003B,6CAB3FBCE54986241CCBA7A242812F87921507819FDB4EB46211F9E90794433B,78,78,0x5000;0x5001;0x5002;0x5003;0x5010;0x5011;0x5012;0x5013;0x5100;0x5101;0x5102;0x5103;0x5110;0x5111;0x5112;0x5113;0x5200;0x5201;0x5202;0x5210;0x5211;0x5212;0x5300;0x5301;0x5302;0x5303;0x5310;0x5311;0x5312;0x5313;0x6000;0x6001;0x6002;0x6003;0x6004;0x6005;0x6010;0x6011;0x6012;0x6013;0x6014;0x6015;0x6100;0x6101;0x6102;0x6103;0x6104;0x6105;0x6110;0x6111;0x6112;0x6113;0x6114;0x6115;0x6200;0x6201;0x6202;0x6204;0x6205;0x6210;0x6211;0x6212;0x6214;0x6215;0x6300;0x6301;0x6302;0x6303;0x6304;0x6305;0x6310;0x6311;0x6312;0x6313;0x6314;0x6315;0x6500;0x6510,WQLAX;WQMAX;WQNAX;WQSAX,WQLAX;WQMAX;WQNAX;WQSAX,,WQLAX;WQMAX;WQNAX;WQSAX,no,
AX1H02,25,AXE,weapon,4158,AX,yes,,data/Items.bif,0x0010003C,2B9DE067F497856B9D214F29019C243D88332CC7993A7E43C4354D13697737DF,78,78,0x5000;0x5001;0x5002;0x5003;0x5010;0x5011;0x5012;0x5013;0x5100;0x5101;0x5102;0x5103;0x5110;0x5111;0x5112;0x5113;0x5200;0x5201;0x5202;0x5210;0x5211;0x5212;0x5300;0x5301;0x5302;0x5303;0x5310;0x5311;0x5312;0x5313;0x6000;0x6001;0x6002;0x6003;0x6004;0x6005;0x6010;0x6011;0x6012;0x6013;0x6014;0x6015;0x6100;0x6101;0x6102;0x6103;0x6104;0x6105;0x6110;0x6111;0x6112;0x6113;0x6114;0x6115;0x6200;0x6201;0x6202;0x6204;0x6205;0x6210;0x6211;0x6212;0x6214;0x6215;0x6300;0x6301;0x6302;0x6303;0x6304;0x6305;0x6310;0x6311;0x6312;0x6313;0x6314;0x6315;0x6500;0x6510,WQLAX;WQMAX;WQNAX;WQSAX,WQLAX;WQMAX;WQNAX;WQSAX,,WQLAX;WQMAX;WQNAX;WQSAX,no,
AX1H03,25,AXE,weapon,4158,AX,yes,,data/Items.bif,0x0010003D,00443E8C8DC6C8C0B15D29698C061F2D15501999791750F3B017FE708520D054,78,78,0x5000;0x5001;0x5002;0x5003;0x5010;0x5011;0x5012;0x5013;0x5100;0x5101;0x5102;0x5103;0x5110;0x5111;0x5112;0x5113;0x5200;0x5201;0x5202;0x5210;0x5211;0x5212;0x5300;0x5301;0x5302;0x5303;0x5310;0x5311;0x5312;0x5313;0x6000;0x6001;0x6002;0x6003;0x6004;0x6005;0x6010;0x6011;0x6012;0x6013;0x6014;0x6015;0x6100;0x6101;0x6102;0x6103;0x6104;0x6105;0x6110;0x6111;0x6112;0x6113;0x6114;0x6115;0x6200;0x6201;0x6202;0x6204;0x6205;0x6210;0x6211;0x6212;0x6214;0x6215;0x6300;0x6301;0x6302;0x6303;0x6304;0x6305;0x6310;0x6311;0x6312;0x6313;0x6314;0x6315;0x6500;0x6510,WQLAX;WQMAX;WQNAX;WQSAX,WQLAX;WQMAX;WQNAX;WQSAX,,WQLAX;WQMAX;WQNAX;WQSAX,no,
AX1H04,25,AXE,weapon,4158,AX,yes,,data/Items.bif,0x0010003E,A0645460740E0E8B72B9243353982CDCD379844F05375FD7F16BF9637142F52F,78,78,0x5000;0x5001;0x5002;0x5003;0x5010;0x5011;0x5012;0x5013;0x5100;0x5101;0x5102;0x5103;0x5110;0x5111;0x5112;0x5113;0x5200;0x5201;0x5202;0x5210;0x5211;0x5212;0x5300;0x5301;0x5302;0x5303;0x5310;0x5311;0x5312;0x5313;0x6000;0x6001;0x6002;0x6003;0x6004;0x6005;0x6010;0x6011;0x6012;0x6013;0x6014;0x6015;0x6100;0x6101;0x6102;0x6103;0x6104;0x6105;0x6110;0x6111;0x6112;0x6113;0x6114;0x6115;0x6200;0x6201;0x6202;0x6204;0x6205;0x6210;0x6211;0x6212;0x6214;0x6215;0x6300;0x6301;0x6302;0x6303;0x6304;0x6305;0x6310;0x6311;0x6312;0x6313;0x6314;0x6315;0x6500;0x6510,WQLAX;WQMAX;WQNAX;WQSAX,WQLAX;WQMAX;WQNAX;WQSAX,,WQLAX;WQMAX;WQNAX;WQSAX,no,
AX1H05,25,AXE,weapon,4158,AX,yes,,data/Items.bif,0x0010003F,F16D8C241040169D20A9437138BB8DB100C92FD3D98A9028FD38141B12B59416,78,78,0x5000;0x5001;0x5002;0x5003;0x5010;0x5011;0x5012;0x5013;0x5100;0x5101;0x5102;0x5103;0x5110;0x5111;0x5112;0x5113;0x5200;0x5201;0x5202;0x5210;0x5211;0x5212;0x5300;0x5301;0x5302;0x5303;0x5310;0x5311;0x5312;0x5313;0x6000;0x6001;0x6002;0x6003;0x6004;0x6005;0x6010;0x6011;0x6012;0x6013;0x6014;0x6015;0x6100;0x6101;0x6102;0x6103;0x6104;0x6105;0x6110;0x6111;0x6112;0x6113;0x6114;0x6115;0x6200;0x6201;0x6202;0x6204;0x6205;0x6210;0x6211;0x6212;0x6214;0x6215;0x6300;0x6301;0x6302;0x6303;0x6304;0x6305;0x6310;0x6311;0x6312;0x6313;0x6314;0x6315;0x6500;0x6510,WQLAX;WQMAX;WQNAX;WQSAX,WQLAX;WQMAX;WQNAX;WQSAX,,WQLAX;WQMAX;WQNAX;WQSAX,no,
AX1H06,25,AXE,weapon,4158,AX,yes,,data/Items.bif,0x00100040,43A00A17BC00F7C40324AC6077635B34B6B7C1C45FEEC00857362AC402241A78,78,78,0x5000;0x5001;0x5002;0x5003;0x5010;0x5011;0x5012;0x5013;0x5100;0x5101;0x5102;0x5103;0x5110;0x5111;0x5112;0x5113;0x5200;0x5201;0x5202;0x5210;0x5211;0x5212;0x5300;0x5301;0x5302;0x5303;0x5310;0x5311;0x5312;0x5313;0x6000;0x6001;0x6002;0x6003;0x6004;0x6005;0x6010;0x6011;0x6012;0x6013;0x6014;0x6015;0x6100;0x6101;0x6102;0x6103;0x6104;0x6105;0x6110;0x6111;0x6112;0x6113;0x6114;0x6115;0x6200;0x6201;0x6202;0x6204;0x6205;0x6210;0x6211;0x6212;0x6214;0x6215;0x6300;0x6301;0x6302;0x6303;0x6304;0x6305;0x6310;0x6311;0x6312;0x6313;0x6314;0x6315;0x6500;0x6510,WQLAX;WQMAX;WQNAX;WQSAX,WQLAX;WQMAX;WQNAX;WQSAX,,WQLAX;WQMAX;WQNAX;WQSAX,no,
AX1H07,25,AXE,weapon,4158,AX,yes,,data/Items.bif,0x00100041,FEA36638E97410919529C477A810F00833A04A290599B277BE0666777223FC8D,78,78,0x5000;0x5001;0x5002;0x5003;0x5010;0x5011;0x5012;0x5013;0x5100;0x5101;0x5102;0x5103;0x5110;0x5111;0x5112;0x5113;0x5200;0x5201;0x5202;0x5210;0x5211;0x5212;0x5300;0x5301;0x5302;0x5303;0x5310;0x5311;0x5312;0x5313;0x6000;0x6001;0x6002;0x6003;0x6004;0x6005;0x6010;0x6011;0x6012;0x6013;0x6014;0x6015;0x6100;0x6101;0x6102;0x6103;0x6104;0x6105;0x6110;0x6111;0x6112;0x6113;0x6114;0x6115;0x6200;0x6201;0x6202;0x6204;0x6205;0x6210;0x6211;0x6212;0x6214;0x6215;0x6300;0x6301;0x6302;0x6303;0x6304;0x6305;0x6310;0x6311;0x6312;0x6313;0x6314;0x6315;0x6500;0x6510,WQLAX;WQMAX;WQNAX;WQSAX,WQLAX;WQMAX;WQNAX;WQSAX,,WQLAX;WQMAX;WQNAX;WQSAX,no,
AX1H08,25,AXE,weapon,4158,AX,yes,,data/Items.bif,0x00100042,9527897A6065B4BC162FFB28FDAEC38D11CF82921815E52790A1848712F41636,78,78,0x5000;0x5001;0x5002;0x5003;0x5010;0x5011;0x5012;0x5013;0x5100;0x5101;0x5102;0x5103;0x5110;0x5111;0x5112;0x5113;0x5200;0x5201;0x5202;0x5210;0x5211;0x5212;0x5300;0x5301;0x5302;0x5303;0x5310;0x5311;0x5312;0x5313;0x6000;0x6001;0x6002;0x6003;0x6004;0x6005;0x6010;0x6011;0x6012;0x6013;0x6014;0x6015;0x6100;0x6101;0x6102;0x6103;0x6104;0x6105;0x6110;0x6111;0x6112;0x6113;0x6114;0x6115;0x6200;0x6201;0x6202;0x6204;0x6205;0x6210;0x6211;0x6212;0x6214;0x6215;0x6300;0x6301;0x6302;0x6303;0x6304;0x6305;0x6310;0x6311;0x6312;0x6313;0x6314;0x6315;0x6500;0x6510,WQLAX;WQMAX;WQNAX;WQSAX,WQLAX;WQMAX;WQNAX;WQSAX,,WQLAX;WQMAX;WQNAX;WQSAX,no,
AX1H09,25,AXE,weapon,4158,AX,yes,,data/Items.bif,0x00100043,9F897D00EDF3202741EF5E38BA459A97E219C5FB7743784F8FF3114D3306E7D4,78,78,0x5000;0x5001;0x5002;0x5003;0x5010;0x5011;0x5012;0x5013;0x5100;0x5101;0x5102;0x5103;0x5110;0x5111;0x5112;0x5113;0x5200;0x5201;0x5202;0x5210;0x5211;0x5212;0x5300;0x5301;0x5302;0x5303;0x5310;0x5311;0x5312;0x5313;0x6000;0x6001;0x6002;0x6003;0x6004;0x6005;0x6010;0x6011;0x6012;0x6013;0x6014;0x6015;0x6100;0x6101;0x6102;0x6103;0x6104;0x6105;0x6110;0x6111;0x6112;0x6113;0x6114;0x6115;0x6200;0x6201;0x6202;0x6204;0x6205;0x6210;0x6211;0x6212;0x6214;0x6215;0x6300;0x6301;0x6302;0x6303;0x6304;0x6305;0x6310;0x6311;0x6312;0x6313;0x6314;0x6315;0x6500;0x6510,WQLAX;WQMAX;WQNAX;WQSAX,WQLAX;WQMAX;WQNAX;WQSAX,,WQLAX;WQMAX;WQNAX;WQSAX,no,
AX1H10,25,AXE,weapon,4158,AX,yes,,data/Items.bif,0x00100044,239ADEC078AF66D3E669471556C2F25F6289AAA7036521A7ED926BFEECBB8523,78,78,0x5000;0x5001;0x5002;0x5003;0x5010;0x5011;0x5012;0x5013;0x5100;0x5101;0x5102;0x5103;0x5110;0x5111;0x5112;0x5113;0x5200;0x5201;0x5202;0x5210;0x5211;0x5212;0x5300;0x5301;0x5302;0x5303;0x5310;0x5311;0x5312;0x5313;0x6000;0x6001;0x6002;0x6003;0x6004;0x6005;0x6010;0x6011;0x6012;0x6013;0x6014;0x6015;0x6100;0x6101;0x6102;0x6103;0x6104;0x6105;0x6110;0x6111;0x6112;0x6113;0x6114;0x6115;0x6200;0x6201;0x6202;0x6204;0x6205;0x6210;0x6211;0x6212;0x6214;0x6215;0x6300;0x6301;0x6302;0x6303;0x6304;0x6305;0x6310;0x6311;0x6312;0x6313;0x6314;0x6315;0x6500;0x6510,WQLAX;WQMAX;WQNAX;WQSAX,WQLAX;WQMAX;WQNAX;WQSAX,,WQLAX;WQMAX;WQNAX;WQSAX,no,
AX1H11,25,AXE,weapon,4158,AX,yes,,data/Items.bif,0x00100045,3B891BAE8F88FA351B0FC85AE72492FDA9E53D66C5B9A358DE716EE2674ACB3C,78,78,0x5000;0x5001;0x5002;0x5003;0x5010;0x5011;0x5012;0x5013;0x5100;0x5101;0x5102;0x5103;0x5110;0x5111;0x5112;0x5113;0x5200;0x5201;0x5202;0x5210;0x5211;0x5212;0x5300;0x5301;0x5302;0x5303;0x5310;0x5311;0x5312;0x5313;0x6000;0x6001;0x6002;0x6003;0x6004;0x6005;0x6010;0x6011;0x6012;0x6013;0x6014;0x6015;0x6100;0x6101;0x6102;0x6103;0x6104;0x6105;0x6110;0x6111;0x6112;0x6113;0x6114;0x6115;0x6200;0x6201;0x6202;0x6204;0x6205;0x6210;0x6211;0x6212;0x6214;0x6215;0x6300;0x6301;0x6302;0x6303;0x6304;0x6305;0x6310;0x6311;0x6312;0x6313;0x6314;0x6315;0x6500;0x6510,WQLAX;WQMAX;WQNAX;WQSAX,WQLAX;WQMAX;WQNAX;WQSAX,,WQLAX;WQMAX;WQNAX;WQSAX,no,
AX1H12,25,AXE,weapon,4158,AX,yes,,data/Items.bif,0x00100046,CF4CAC9557809AD75E9CE5991B20DD7A9FD423E93F4908AF511809E475AC2DB4,78,78,0x5000;0x5001;0x5002;0x5003;0x5010;0x5011;0x5012;0x5013;0x5100;0x5101;0x5102;0x5103;0x5110;0x5111;0x5112;0x5113;0x5200;0x5201;0x5202;0x5210;0x5211;0x5212;0x5300;0x5301;0x5302;0x5303;0x5310;0x5311;0x5312;0x5313;0x6000;0x6001;0x6002;0x6003;0x6004;0x6005;0x6010;0x6011;0x6012;0x6013;0x6014;0x6015;0x6100;0x6101;0x6102;0x6103;0x6104;0x6105;0x6110;0x6111;0x6112;0x6113;0x6114;0x6115;0x6200;0x6201;0x6202;0x6204;0x6205;0x6210;0x6211;0x6212;0x6214;0x6215;0x6300;0x6301;0x6302;0x6303;0x6304;0x6305;0x6310;0x6311;0x6312;0x6313;0x6314;0x6315;0x6500;0x6510,WQLAX;WQMAX;WQNAX;WQSAX,WQLAX;WQMAX;WQNAX;WQSAX,,WQLAX;WQMAX;WQNAX;WQSAX,no,
AX1H13,25,AXE,weapon,4158,AX,yes,,data/Items.bif,0x00100047,5585FFD0933148F5EE6BEBA2B8435182E069B9F101141CE9C5AAEF9B2EEF8855,78,78,0x5000;0x5001;0x5002;0x5003;0x5010;0x5011;0x5012;0x5013;0x5100;0x5101;0x5102;0x5103;0x5110;0x5111;0x5112;0x5113;0x5200;0x5201;0x5202;0x5210;0x5211;0x5212;0x5300;0x5301;0x5302;0x5303;0x5310;0x5311;0x5312;0x5313;0x6000;0x6001;0x6002;0x6003;0x6004;0x6005;0x6010;0x6011;0x6012;0x6013;0x6014;0x6015;0x6100;0x6101;0x6102;0x6103;0x6104;0x6105;0x6110;0x6111;0x6112;0x6113;0x6114;0x6115;0x6200;0x6201;0x6202;0x6204;0x6205;0x6210;0x6211;0x6212;0x6214;0x6215;0x6300;0x6301;0x6302;0x6303;0x6304;0x6305;0x6310;0x6311;0x6312;0x6313;0x6314;0x6315;0x6500;0x6510,WQLAX;WQMAX;WQNAX;WQSAX,WQLAX;WQMAX;WQNAX;WQSAX,,WQLAX;WQMAX;WQNAX;WQSAX,no,
AX1H14,25,AXE,weapon,4158,AX,yes,,data/25Items.bif,0x08400009,6693429EED6B3A2CB8D814EAF343727E07FBA83EB180334CD7774A39FDB82418,78,78,0x5000;0x5001;0x5002;0x5003;0x5010;0x5011;0x5012;0x5013;0x5100;0x5101;0x5102;0x5103;0x5110;0x5111;0x5112;0x5113;0x5200;0x5201;0x5202;0x5210;0x5211;0x5212;0x5300;0x5301;0x5302;0x5303;0x5310;0x5311;0x5312;0x5313;0x6000;0x6001;0x6002;0x6003;0x6004;0x6005;0x6010;0x6011;0x6012;0x6013;0x6014;0x6015;0x6100;0x6101;0x6102;0x6103;0x6104;0x6105;0x6110;0x6111;0x6112;0x6113;0x6114;0x6115;0x6200;0x6201;0x6202;0x6204;0x6205;0x6210;0x6211;0x6212;0x6214;0x6215;0x6300;0x6301;0x6302;0x6303;0x6304;0x6305;0x6310;0x6311;0x6312;0x6313;0x6314;0x6315;0x6500;0x6510,WQLAX;WQMAX;WQNAX;WQSAX,WQLAX;WQMAX;WQNAX;WQSAX,,WQLAX;WQMAX;WQNAX;WQSAX,no,
AX1H15,25,AXE,weapon,4158,AX,yes,,data/25Items.bif,0x0840000A,7126371195263EC27893C1A562C4F6F36F76FCE8EF2389B2B3E009C0E7AF6E9C,78,78,0x5000;0x5001;0x5002;0x5003;0x5010;0x5011;0x5012;0x5013;0x5100;0x5101;0x5102;0x5103;0x5110;0x5111;0x5112;0x5113;0x5200;0x5201;0x5202;0x5210;0x5211;0x5212;0x5300;0x5301;0x5302;0x5303;0x5310;0x5311;0x5312;0x5313;0x6000;0x6001;0x6002;0x6003;0x6004;0x6005;0x6010;0x6011;0x6012;0x6013;0x6014;0x6015;0x6100;0x6101;0x6102;0x6103;0x6104;0x6105;0x6110;0x6111;0x6112;0x6113;0x6114;0x6115;0x6200;0x6201;0x6202;0x6204;0x6205;0x6210;0x6211;0x6212;0x6214;0x6215;0x6300;0x6301;0x6302;0x6303;0x6304;0x6305;0x6310;0x6311;0x6312;0x6313;0x6314;0x6315;0x6500;0x6510,WQLAX;WQMAX;WQNAX;WQSAX,WQLAX;WQMAX;WQNAX;WQSAX,,WQLAX;WQMAX;WQNAX;WQSAX,no,
AX1H16,25,AXE,weapon,4158,AX,yes,,data/25Items.bif,0x0840000B,7E2B5A1401890BFC1A5AAE48BF7A894D379BA48BCCD56C9D060BDD460391C6D0,78,78,0x5000;0x5001;0x5002;0x5003;0x5010;0x5011;0x5012;0x5013;0x5100;0x5101;0x5102;0x5103;0x5110;0x5111;0x5112;0x5113;0x5200;0x5201;0x5202;0x5210;0x5211;0x5212;0x5300;0x5301;0x5302;0x5303;0x5310;0x5311;0x5312;0x5313;0x6000;0x6001;0x6002;0x6003;0x6004;0x6005;0x6010;0x6011;0x6012;0x6013;0x6014;0x6015;0x6100;0x6101;0x6102;0x6103;0x6104;0x6105;0x6110;0x6111;0x6112;0x6113;0x6114;0x6115;0x6200;0x6201;0x6202;0x6204;0x6205;0x6210;0x6211;0x6212;0x6214;0x6215;0x6300;0x6301;0x6302;0x6303;0x6304;0x6305;0x6310;0x6311;0x6312;0x6313;0x6314;0x6315;0x6500;0x6510,WQLAX;WQMAX;WQNAX;WQSAX,WQLAX;WQMAX;WQNAX;WQSAX,,WQLAX;WQMAX;WQNAX;WQSAX,no,
AX1H17,25,AXE,weapon,4158,AX,yes,,data/25Items.bif,0x0840000C,ACDE0032DF9A071D1D7C107AFA5DBFAA6BF13EE8B6D80032DD5E7FDF339B8DF6,78,78,0x5000;0x5001;0x5002;0x5003;0x5010;0x5011;0x5012;0x5013;0x5100;0x5101;0x5102;0x5103;0x5110;0x5111;0x5112;0x5113;0x5200;0x5201;0x5202;0x5210;0x5211;0x5212;0x5300;0x5301;0x5302;0x5303;0x5310;0x5311;0x5312;0x5313;0x6000;0x6001;0x6002;0x6003;0x6004;0x6005;0x6010;0x6011;0x6012;0x6013;0x6014;0x6015;0x6100;0x6101;0x6102;0x6103;0x6104;0x6105;0x6110;0x6111;0x6112;0x6113;0x6114;0x6115;0x6200;0x6201;0x6202;0x6204;0x6205;0x6210;0x6211;0x6212;0x6214;0x6215;0x6300;0x6301;0x6302;0x6303;0x6304;0x6305;0x6310;0x6311;0x6312;0x6313;0x6314;0x6315;0x6500;0x6510,WQLAX;WQMAX;WQNAX;WQSAX,WQLAX;WQMAX;WQNAX;WQSAX,,WQLAX;WQMAX;WQNAX;WQSAX,no,
B1-10,0,MISC,,2020,,no,,data/Items.bif,0x00100048,85C1DD825866C283E0061AC710A0EBC4DF6F04E38E284556A30D1E10FDB72697,0,0,,,,,,no,
B1-10M2,0,MISC,,2020,,no,,data/Items.bif,0x00100049,A368BC2090B5673EF87ACB3F8D24646FB2C30F6BAE322CBD06C401D2E0D8FA51,0,0,,,,,,no,
B1-12,0,MISC,,2020,,no,,data/Items.bif,0x0010004A,A1D2AD9F8040B48F6A62BE6548546561757BF9D4A51251EB50E4239390F4FE1C,0,0,,,,,,no,
B1-12M3,0,MISC,,2020,,no,,data/Items.bif,0x0010004B,BA0E99D97516DCCD3B7A17538D6B7F15882F0E887C9220010DC0A7EEBC4715D4,0,0,,,,,,no,
B1-12M4,0,MISC,,2020,,no,,data/Items.bif,0x0010004C,9C3CFA44D65C3BDC97CEC67F0DE90447C828B1D85A64A3641B5CF9250CDDE56D,0,0,,,,,,no,
B1-2,0,MISC,,2020,,no,,data/Items.bif,0x0010004D,C160CC9B3AE36A4748DC3C0907FF213AD4E812C635BEF37F5AA5DBC8D7320CE9,0,0,,,,,,no,
B1-20,0,MISC,,2020,,no,,data/Items.bif,0x0010004E,02EAF6E0F126652DE14C509679BEF7507B675B395AC782ABFD6B9B97CA3D6786,0,0,,,,,,no,
B1-20M3,0,MISC,,2020,,no,,data/Items.bif,0x0010004F,7A0E030CC7B80D2A5670545A9DB123068854605264DDDE59183988E84D58C6D3,0,0,,,,,,no,
B1-20M4,0,MISC,,2020,,no,,data/Items.bif,0x00100050,C21DB5773039AC0610183583B92B4B728C1ABFA71D34F8781FFA1CDD3DA6B467,0,0,,,,,,no,
B1-3,0,MISC,,2020,,no,,data/Items.bif,0x00100051,0D6020DF3ABEE72D622C0F1ED4962F2AE679A9E2AF170AE006EE9846C701F007,0,0,,,,,,no,
B1-4,0,MISC,,2020,,no,,data/Items.bif,0x00100052,D9ADF4DF0070C2BA0344D76206ADDAAA53023E6B1EF82B5D7CFF3B06B01CA51F,0,0,,,,,,no,
B1-6,0,MISC,,2020,,no,,data/Items.bif,0x00100053,C181F01227DC706BC7E93928205049101D9245D2260A39A7799806AEBA62979C,0,0,,,,,,no,
B1-8,0,MISC,,2020,,no,,data/Items.bif,0x00100054,DF2D15E0F1BF2E56A489BB96D17D3FF3D4AD50AF6CF926A79CFAF6018E0C8C9E,0,0,,,,,,no,
B1-8M1,0,MISC,,2020,,no,,data/Items.bif,0x00100055,21706C635BCAF5CE7DD13E0C781CA2C123E9280F8DBC20E31F0147A6D1BEDEF8,0,0,,,,,,no,
B1-8M2,0,MISC,,2020,,no,,data/Items.bif,0x00100056,88C51764BF96994651BFCEF596486978E56D39361FC2A29FC11707E750E563BC,0,0,,,,,,no,
B2-16,21,HAMMER,weapon,2020,,no,,data/Items.bif,0x00100057,8DE1149E2AC828C900A5702361C5CD90CDDB172AA220204EE8F4F2E64A85A869,0,0,,,,,,no,no-compatible-character-family;visual-animation-code-invalid
B2-16M3,21,HAMMER,weapon,2020,,no,,data/Items.bif,0x00100058,ADA304B571DDCAA9BA46488E8B2007DE2A97BF8EF4474DFCEF020E067DC127B4,0,0,,,,,,no,no-compatible-character-family;visual-animation-code-invalid
B2-24M3,21,HAMMER,weapon,2020,,no,,data/25Items.bif,0x0840000D,E8D4A9BD8CBAC1F4F6CF25D853A0A97482295438B4AAFBF2DF1790821A22E04C,0,0,,,,,,no,no-compatible-character-family;visual-animation-code-invalid
B2-8,0,MISC,,2020,,no,,data/Items.bif,0x00100059,1B137B6593BD69AE6F783E61172C94071DFCF71C8AA378B83A9B7C13C3EF9D34,0,0,,,,,,no,
B3-12,0,MISC,,2020,,no,,data/Items.bif,0x0010005A,60A1E4FF01CB5E1A110ADDD699D574F7681E5818B34744FE0B35E809AFB4F45B,0,0,,,,,,no,
B3-18M3,0,MISC,,2020,,no,,data/Items.bif,0x0010005B,02B789D56175FCCD3A6CE6FD0DC2809DE9DF7BA2AA1BEBD38B3162720172E707,0,0,,,,,,no,
B3-24,0,MISC,,2020,,no,,data/Items.bif,0x0010005C,8CB1605EF5FFC778B8A3D22C91B0C89FB09D647CAF8CD738C7B2BDF7B766B7EA,0,0,,,,,,no,
B3-30,0,MISC,,2020,,no,,data/Items.bif,0x0010005D,679DF43717E650084972D68FD045892CAD6861D3F223F959CEF69A988BAED7D3,0,0,,,,,,no,
B4-32,0,MISC,,2020,,no,,data/Items.bif,0x0010005E,6A85687EE95A1E613AD33DF11B86194F70C491842214BA72A3E15810EEBED2BA,0,0,,,,,,no,
B4-32M3,0,MISC,,2020,,no,,data/Items.bif,0x0010005F,72822E40DDBD764B2D369E92247CFB854FAFFA24E3752EE3210B1C960DC80AD6,0,0,,,,,,no,
B4-32M4,0,MISC,,2020,,no,,data/Items.bif,0x00100060,F0DBF559B0B5D438B9A6AE6B4498163DFD85854B8CD9EAD81CBB32C04E31F813,0,0,,,,,,no,
B4-40,0,MISC,,2020,,no,,data/Items.bif,0x00100061,CBD0A049EF91F542C7D50D4E1C904FC5EDC6FEC2D8C5D41DE6F8081760FF043E,0,0,,,,,,no,
BAG01,36,BROKEN1,,2020,,no,,data/Items.bif,0x00100062,3815A0F19DEF9929AEEFE8D2F39E5BA4B1533A0F64236DB215A4939173B88325,0,0,,,,,,no,
BAG02,36,BROKEN1,,2020,,no,,data/Items.bif,0x00100063,DE504D40A24B178596602CCEB6EB89F396A1F83B682E880C8BC8336450225C53,0,0,,,,,,no,
BAG02B,36,BROKEN1,,2020,,no,,data/Items.bif,0x00100064,DE504D40A24B178596602CCEB6EB89F396A1F83B682E880C8BC8336450225C53,0,0,,,,,,no,
BAG02C,36,BROKEN1,,2020,,no,,data/Items.bif,0x00100065,DE504D40A24B178596602CCEB6EB89F396A1F83B682E880C8BC8336450225C53,0,0,,,,,,no,
BAG02D,36,BROKEN1,,2020,,no,,data/Items.bif,0x00100066,DE504D40A24B178596602CCEB6EB89F396A1F83B682E880C8BC8336450225C53,0,0,,,,,,no,
BAG02E,36,BROKEN1,,2020,,no,,data/Items.bif,0x00100067,DE504D40A24B178596602CCEB6EB89F396A1F83B682E880C8BC8336450225C53,0,0,,,,,,no,
BAG02F,36,BROKEN1,,2020,,no,,data/Items.bif,0x00100068,DE504D40A24B178596602CCEB6EB89F396A1F83B682E880C8BC8336450225C53,0,0,,,,,,no,
BAG02G,36,BROKEN1,,2020,,no,,data/25Items.bif,0x0840000E,3E059DC83CC9F6A7EA2E0601B8A23C7A49C7BD321CD0254381B6BE38AD1799BC,0,0,,,,,,no,
BAG02H,36,BROKEN1,,2020,,no,,data/25Items.bif,0x0840000F,3E059DC83CC9F6A7EA2E0601B8A23C7A49C7BD321CD0254381B6BE38AD1799BC,0,0,,,,,,no,
BAG02I,36,BROKEN1,,2020,,no,,data/25Items.bif,0x08400010,3E059DC83CC9F6A7EA2E0601B8A23C7A49C7BD321CD0254381B6BE38AD1799BC,0,0,,,,,,no,
BAG03,36,BROKEN1,,2020,,no,,data/Items.bif,0x00100069,832C0A3DE35D9DF870AEBF57D2838948CA0805DD779F1C9E4847F9980021E891,0,0,,,,,,no,
BAG03B,36,BROKEN1,,2020,,no,,data/Items.bif,0x0010006A,832C0A3DE35D9DF870AEBF57D2838948CA0805DD779F1C9E4847F9980021E891,0,0,,,,,,no,
BAG03C,36,BROKEN1,,2020,,no,,data/Items.bif,0x0010006B,832C0A3DE35D9DF870AEBF57D2838948CA0805DD779F1C9E4847F9980021E891,0,0,,,,,,no,
BAG03D,36,BROKEN1,,2020,,no,,data/Items.bif,0x0010006C,832C0A3DE35D9DF870AEBF57D2838948CA0805DD779F1C9E4847F9980021E891,0,0,,,,,,no,
BAG03E,36,BROKEN1,,2020,,no,,data/Items.bif,0x0010006D,832C0A3DE35D9DF870AEBF57D2838948CA0805DD779F1C9E4847F9980021E891,0,0,,,,,,no,
BAG03F,36,BROKEN1,,2020,,no,,data/Items.bif,0x0010006E,832C0A3DE35D9DF870AEBF57D2838948CA0805DD779F1C9E4847F9980021E891,0,0,,,,,,no,
BAG03G,36,BROKEN1,,2020,,no,,data/25Items.bif,0x08400011,DA0C57D842D09212B3D1867D7B9B7E0D99A8D0A115E98CB443F8C151C0C483F4,0,0,,,,,,no,
BAG03H,36,BROKEN1,,2020,,no,,data/25Items.bif,0x08400012,DA0C57D842D09212B3D1867D7B9B7E0D99A8D0A115E98CB443F8C151C0C483F4,0,0,,,,,,no,
BAG03I,36,BROKEN1,,2020,,no,,data/25Items.bif,0x08400013,DA0C57D842D09212B3D1867D7B9B7E0D99A8D0A115E98CB443F8C151C0C483F4,0,0,,,,,,no,
BAG04,36,BROKEN1,,2020,,no,,data/Items.bif,0x0010006F,5772F5701854DB3D76474A3CA42210A2D1CBED0F8883BF93DBF08710AC6E80A3,0,0,,,,,,no,
BAG05,36,BROKEN1,,2020,,no,,data/25Items.bif,0x08400014,3E3A42045D6195D02E552D15ABD2AFC09E86ECD17ADBC8A3E8D025CBC48FA138,0,0,,,,,,no,
BAG06,36,BROKEN1,,2020,,no,,data/25Items.bif,0x08400015,F00F05CADC1DC940AE3671B962D7C4A3A21D83F0ABF1F02F0E65D24EB9B68ED4,0,0,,,,,,no,
BAG06B,36,BROKEN1,,2020,,no,,data/25Items.bif,0x08400016,F00F05CADC1DC940AE3671B962D7C4A3A21D83F0ABF1F02F0E65D24EB9B68ED4,0,0,,,,,,no,
BAG06C,36,BROKEN1,,2020,,no,,data/25Items.bif,0x08400017,F00F05CADC1DC940AE3671B962D7C4A3A21D83F0ABF1F02F0E65D24EB9B68ED4,0,0,,,,,,no,
BAG06D,36,BROKEN1,,2020,,no,,data/25Items.bif,0x08400018,F00F05CADC1DC940AE3671B962D7C4A3A21D83F0ABF1F02F0E65D24EB9B68ED4,0,0,,,,,,no,
BAG19,36,BROKEN1,,2020,,no,,data/25Items.bif,0x08400019,5772F5701854DB3D76474A3CA42210A2D1CBED0F8883BF93DBF08710AC6E80A3,0,0,,,,,,no,
BAG19A,36,BROKEN1,,2020,,no,,data/25Items.bif,0x0840001A,5772F5701854DB3D76474A3CA42210A2D1CBED0F8883BF93DBF08710AC6E80A3,0,0,,,,,,no,
BAG19B,36,BROKEN1,,2020,,no,,data/25Items.bif,0x0840001B,5772F5701854DB3D76474A3CA42210A2D1CBED0F8883BF93DBF08710AC6E80A3,0,0,,,,,,no,
BAG19C,36,BROKEN1,,2020,,no,,data/25Items.bif,0x0840001C,5772F5701854DB3D76474A3CA42210A2D1CBED0F8883BF93DBF08710AC6E80A3,0,0,,,,,,no,
BAG19D,36,BROKEN1,,2020,,no,,data/25Items.bif,0x0840001D,5772F5701854DB3D76474A3CA42210A2D1CBED0F8883BF93DBF08710AC6E80A3,0,0,,,,,,no,
BAG19E,36,BROKEN1,,2020,,no,,data/25Items.bif,0x0840001E,5772F5701854DB3D76474A3CA42210A2D1CBED0F8883BF93DBF08710AC6E80A3,0,0,,,,,,no,
BAG20,36,BROKEN1,,2020,,no,,data/25Items.bif,0x0840001F,5772F5701854DB3D76474A3CA42210A2D1CBED0F8883BF93DBF08710AC6E80A3,0,0,,,,,,no,
BAG21,36,BROKEN1,,2020,,no,,data/25Items.bif,0x08400020,5772F5701854DB3D76474A3CA42210A2D1CBED0F8883BF93DBF08710AC6E80A3,0,0,,,,,,no,
BAG22,36,BROKEN1,,2020,,no,,data/25Items.bif,0x08400021,5772F5701854DB3D76474A3CA42210A2D1CBED0F8883BF93DBF08710AC6E80A3,0,0,,,,,,no,
BAG23,36,BROKEN1,,2020,,no,,data/25Items.bif,0x08400022,5772F5701854DB3D76474A3CA42210A2D1CBED0F8883BF93DBF08710AC6E80A3,0,0,,,,,,no,
BAG24,36,BROKEN1,,2020,,no,,data/25Items.bif,0x08400023,5772F5701854DB3D76474A3CA42210A2D1CBED0F8883BF93DBF08710AC6E80A3,0,0,,,,,,no,
BAG25,36,BROKEN1,,2020,,no,,data/25Items.bif,0x08400024,5772F5701854DB3D76474A3CA42210A2D1CBED0F8883BF93DBF08710AC6E80A3,0,0,,,,,,no,
BAG26,36,BROKEN1,,2020,,no,,data/25Items.bif,0x08400025,5772F5701854DB3D76474A3CA42210A2D1CBED0F8883BF93DBF08710AC6E80A3,0,0,,,,,,no,
BAG27,36,BROKEN1,,2020,,no,,data/25Items.bif,0x08400026,5772F5701854DB3D76474A3CA42210A2D1CBED0F8883BF93DBF08710AC6E80A3,0,0,,,,,,no,
BAG27A,36,BROKEN1,,0000,,no,,data/Patch2.bif,0x0BD0013D,23A8AE0721E40466DCC5A546527F0B2C81F7EC50F05AE4CB06D382F969CDC200,0,0,,,,,,no,
BAG28,36,BROKEN1,,2020,,no,,data/25Items.bif,0x08400027,5772F5701854DB3D76474A3CA42210A2D1CBED0F8883BF93DBF08710AC6E80A3,0,0,,,,,,no,
BAG29,36,BROKEN1,,2020,,no,,data/25Items.bif,0x08400028,5772F5701854DB3D76474A3CA42210A2D1CBED0F8883BF93DBF08710AC6E80A3,0,0,,,,,,no,
BAG30,36,BROKEN1,,2020,,no,,data/25Items.bif,0x08400029,5772F5701854DB3D76474A3CA42210A2D1CBED0F8883BF93DBF08710AC6E80A3,0,0,,,,,,no,
BAG31,36,BROKEN1,,2020,,no,,data/25Items.bif,0x0840002A,C36D53C2C25C01D6B6C0C5EB0877F1B29421319279F1EB7C80C90638C18991E3,0,0,,,,,,no,
BALOR,0,MISC,,2020,,no,,data/25Items.bif,0x0840002B,C7650E44DA8129DCCECEA56F780FE0A832D0DD5DA2228F93E0F20CCFE2E724B7,0,0,,,,,,no,
BARLFL,23,FLAIL,weapon,464C,FL,yes,,data/Items.bif,0x00100070,E4BF8EC796707B11BE4E8E256EA96EAFB0D829E5E081C01C181426FCC4A5480C,78,78,0x5000;0x5001;0x5002;0x5003;0x5010;0x5011;0x5012;0x5013;0x5100;0x5101;0x5102;0x5103;0x5110;0x5111;0x5112;0x5113;0x5200;0x5201;0x5202;0x5210;0x5211;0x5212;0x5300;0x5301;0x5302;0x5303;0x5310;0x5311;0x5312;0x5313;0x6000;0x6001;0x6002;0x6003;0x6004;0x6005;0x6010;0x6011;0x6012;0x6013;0x6014;0x6015;0x6100;0x6101;0x6102;0x6103;0x6104;0x6105;0x6110;0x6111;0x6112;0x6113;0x6114;0x6115;0x6200;0x6201;0x6202;0x6204;0x6205;0x6210;0x6211;0x6212;0x6214;0x6215;0x6300;0x6301;0x6302;0x6303;0x6304;0x6305;0x6310;0x6311;0x6312;0x6313;0x6314;0x6315;0x6500;0x6510,WQLFL;WQMFL;WQNFL;WQSFL,WQLFL;WQMFL;WQNFL;WQSFL,,WQLFL;WQMFL;WQNFL;WQSFL,no,
BASIGAZE,0,MISC,,2020,,no,,data/Items.bif,0x00100071,0507974B14D82A556C045246995C929083A40F953FAB907FFD714B21B325CB6C,0,0,,,,,,no,
BASILG1,0,MISC,,2020,,no,,data/Items.bif,0x00100072,0079FBDAE8A09999A04A61DBE761294E9187291761063305405DBE1112DCE1F8,0,0,,,,,,no,
BASILG2,0,MISC,,2020,,no,,data/Items.bif,0x00100073,04B5E2B08A50E8C08CE3B4EEA93E6F79F2235D45312EE9A16724C3B0D14C6448,0,0,,,,,,no,
BASILG3,0,MISC,,2020,,no,,data/Items.bif,0x00100074,67538FFF7A23814CBF338A6EB5F2745FE13D8A6740FB5B32B47F7D6C525C3AA9,0,0,,,,,,no,
BASILL1,0,MISC,,2020,,no,,data/Items.bif,0x00100075,099D6C08D6D5DCE8C23B781F4618A04D876489B3173447934605F64704254776,0,0,,,,,,no,
BASILL2,0,MISC,,2020,,no,,data/Items.bif,0x00100076,3B20EC4BD9C4EA30EA105C3E3B09ACEBA866C4EEE7F5A5CE86850FEB58DF96A2,0,0,,,,,,no,
BAZPATRG,10,RING,,2020,,no,,data/25Items.bif,0x0840002C,40EC9B905CDA98AFD51D0F23FEFF7A18F09D4BE8E3552017A884B1A8FEAAE47F,0,0,,,,,,no,
BAZPLO01,0,MISC,,2020,,no,,data/25Items.bif,0x0840002D,21B73361D3D7E8FBA2D6E27E0377DC7E019E096742F3778CD1406E5B38C03AD0,0,0,,,,,,no,
BAZPLO02,0,MISC,,2020,,no,,data/25Items.bif,0x0840002E,FE3C048E9AD1E0A14B8807172695338461900B4421777F609C5A6A5EBC1C5A96,0,0,,,,,,no,
BAZPLO03,0,MISC,,2020,,no,,data/25Items.bif,0x0840002F,F4BCB36011B64D00C4E66F59CAAD4CE0FA8895DA9B864EED881DC4ED503160DF,0,0,,,,,,no,
BAZPLO04,9,POTION,,2020,,no,,data/25Items.bif,0x08400030,762E322814041B176F32B6B6E97806949470807E101A23BEBB07AEC1F4494AF3,0,0,,,,,,no,
BAZPLO05,0,MISC,,2020,,no,,data/25Items.bif,0x08400031,042FD44DCADFEF8AACD9305D447A7280CB61E212B9A6E3EDBC02E14EFBB2BF56,0,0,,,,,,no,
BAZPLO06,37,BROKEN2,,2020,,no,,data/25Items.bif,0x08400032,949E5241AC5E75E35DA1B498A6482FF3E8343FD5F7C9C80AAA5B70EC653609D9,0,0,,,,,,no,
BAZPLO07,9,POTION,,2020,,no,,data/25Items.bif,0x08400033,F7F47A55E9656B1DA2A92EDC75D48F7498074C45E66F5371B9EDAAFD99820C7A,0,0,,,,,,no,
BAZPLO08,0,MISC,,2020,,no,,data/25Items.bif,0x08400034,A6DFD04BDE1C6F895A3801B8DEC1C7BE28FE0C5A5E9502E6F8A92F2E94AAF75C,0,0,,,,,,no,
BDAMUL02,1,AMULET,,2020,,no,,data/Patch2.bif,0x0BD00141,4B3EAFAEB30553D5AEB5488EEAFC82FDEB7B09529EF283871D9231E0B4DC2BFD,0,0,,,,,,no,
BDAMUL26,1,AMULET,,2020,,no,,data/Patch2.bif,0x0BD00142,5E447D3E9CA25C132222FF0A3BB90F2B279608AB0740A7A56334E621E963B41D,0,0,,,,,,no,
BDBELT02,3,BELT,,2020,,no,,data/Patch2.bif,0x0BD00145,0CF9B07E35A1EAB4C9C4255544903E338FDFF84F2CB0FD30892AA88FDE13B7CB,0,0,,,,,,no,
BDBRD03,0,MISC,,2020,,no,,data/Patch2.bif,0x0BD00146,92484865F0A410D0C4D52E87ADAD1F801A172E2D3864984D2AFA750E1E7475BB,0,0,,,,,,no,
BDDART01,24,DART,weapon,2020,,no,,data/Patch2.bif,0x0BD00149,C50A89C8A9D8F6AE88230E51884268EE0C60A899F63F1FAD7FA4EC4557613888,0,0,,,,,,no,no-compatible-character-family;visual-animation-code-invalid
BDDUMPL,13,FOOD,,0000,,no,,data/Patch2.bif,0x0BD00150,2307380CD7BA3D630EA77E9A2C5651931A437BCF93B82065572A6B7EDB7B96B2,0,0,,,,,,no,
BDHAMM02,21,HAMMER,weapon,5748,WH,yes,,data/Patch2.bif,0x0BD0015E,C500D1061DE11AFA4310A0131EC719BED276A646F86824673568FC1D1281875D,78,78,0x5000;0x5001;0x5002;0x5003;0x5010;0x5011;0x5012;0x5013;0x5100;0x5101;0x5102;0x5103;0x5110;0x5111;0x5112;0x5113;0x5200;0x5201;0x5202;0x5210;0x5211;0x5212;0x5300;0x5301;0x5302;0x5303;0x5310;0x5311;0x5312;0x5313;0x6000;0x6001;0x6002;0x6003;0x6004;0x6005;0x6010;0x6011;0x6012;0x6013;0x6014;0x6015;0x6100;0x6101;0x6102;0x6103;0x6104;0x6105;0x6110;0x6111;0x6112;0x6113;0x6114;0x6115;0x6200;0x6201;0x6202;0x6204;0x6205;0x6210;0x6211;0x6212;0x6214;0x6215;0x6300;0x6301;0x6302;0x6303;0x6304;0x6305;0x6310;0x6311;0x6312;0x6313;0x6314;0x6315;0x6500;0x6510,WQLWH;WQMWH;WQNWH;WQSWH,WQLWH;WQMWH;WQNWH;WQSWH,,WQLWH;WQMWH;WQNWH;WQSWH,no,
BDHELM09,7,HELMET,helmet,4830,H0,yes,,data/Patch2.bif,0x0BD00160,0BA57B710622C17B74FEFEF67B35EC886BC838C22F3D04F1AF34F7A8C045E235,78,78,0x5000;0x5001;0x5002;0x5003;0x5010;0x5011;0x5012;0x5013;0x5100;0x5101;0x5102;0x5103;0x5110;0x5111;0x5112;0x5113;0x5200;0x5201;0x5202;0x5210;0x5211;0x5212;0x5300;0x5301;0x5302;0x5303;0x5310;0x5311;0x5312;0x5313;0x6000;0x6001;0x6002;0x6003;0x6004;0x6005;0x6010;0x6011;0x6012;0x6013;0x6014;0x6015;0x6100;0x6101;0x6102;0x6103;0x6104;0x6105;0x6110;0x6111;0x6112;0x6113;0x6114;0x6115;0x6200;0x6201;0x6202;0x6204;0x6205;0x6210;0x6211;0x6212;0x6214;0x6215;0x6300;0x6301;0x6302;0x6303;0x6304;0x6305;0x6310;0x6311;0x6312;0x6313;0x6314;0x6315;0x6500;0x6510,WQLH0;WQMH0;WQNH0;WQSH0,WQLH0;WQMH0;WQNH0;WQSH0,,WQLH0;WQMH0;WQNH0;WQSH0,no,
BDHELM11,72,,,2020,,no,,data/Patch2.bif,0x0BD00161,DE7C0C5C5D774F2F3EA228161B69F85144763FAE832C049B2E337E07D3826122,0,0,,,,,,no,
BDHELM16,7,HELMET,helmet,4A42,JB,yes,,data/Patch2.bif,0x0BD00162,3EA2603EFEA1F249566A40F84744022E2B4C7EA6202E21926AC1F1ACF9D0E96A,78,78,0x5000;0x5001;0x5002;0x5003;0x5010;0x5011;0x5012;0x5013;0x5100;0x5101;0x5102;0x5103;0x5110;0x5111;0x5112;0x5113;0x5200;0x5201;0x5202;0x5210;0x5211;0x5212;0x5300;0x5301;0x5302;0x5303;0x5310;0x5311;0x5312;0x5313;0x6000;0x6001;0x6002;0x6003;0x6004;0x6005;0x6010;0x6011;0x6012;0x6013;0x6014;0x6015;0x6100;0x6101;0x6102;0x6103;0x6104;0x6105;0x6110;0x6111;0x6112;0x6113;0x6114;0x6115;0x6200;0x6201;0x6202;0x6204;0x6205;0x6210;0x6211;0x6212;0x6214;0x6215;0x6300;0x6301;0x6302;0x6303;0x6304;0x6305;0x6310;0x6311;0x6312;0x6313;0x6314;0x6315;0x6500;0x6510,WQLJB;WQMJB;WQNJB;WQSJB,WQLJB;WQMJB;WQNJB;WQSJB,,WQLJB;WQMJB;WQNJB;WQSJB,no,
BDROBE05,2,ARMOR,body,3357,3W,yes,3,data/Patch2.bif,0x0BD00175,B2F1B6B7A5E3EBA25C32AD261E4630C6F6A1020BB0F6AE12BED3E63A89094BC6,76,76,0x5000;0x5001;0x5002;0x5003;0x5010;0x5011;0x5012;0x5013;0x5100;0x5101;0x5102;0x5103;0x5110;0x5111;0x5112;0x5113;0x5200;0x5201;0x5202;0x5210;0x5211;0x5212;0x5300;0x5301;0x5302;0x5303;0x5310;0x5311;0x5312;0x5313;0x6000;0x6001;0x6002;0x6003;0x6004;0x6005;0x6010;0x6011;0x6012;0x6013;0x6014;0x6015;0x6100;0x6101;0x6102;0x6103;0x6104;0x6105;0x6110;0x6111;0x6112;0x6113;0x6114;0x6115;0x6200;0x6201;0x6202;0x6204;0x6205;0x6210;0x6211;0x6212;0x6214;0x6215;0x6300;0x6301;0x6302;0x6303;0x6304;0x6305;0x6310;0x6311;0x6312;0x6313;0x6314;0x6315,CDFB3;CDFT3;CDFW3;CDMB3;CDMT3;CDMW3;CEFB3;CEFT3;CEFW3;CEMB3;CEMT3;CEMW3;CHFB3;CHFT3;CHFW3;CHMB3;CHMT3;CHMW3;CIFB3;CIFT3;CIMB3;CIMT3,CDFB3;CDFT3;CDFW3;CDMB3;CDMT3;CDMW3;CEFB3;CEFT3;CEFW3;CEMB3;CEMT3;CEMW3;CHFB3;CHFT3;CHFW3;CHMB3;CHMT3;CHMW3;CIFB3;CIFT3;CIMB3;CIMT3,,CDFB3;CDFT3;CDFW3;CDMB3;CDMT3;CDMW3;CEFB3;CEFT3;CEFW3;CEMB3;CEMT3;CEMW3;CHFB3;CHFT3;CHFW3;CHMB3;CHMT3;CHMW3;CIFB3;CIFT3;CIMB3;CIMT3,no,
BDSHA01A,0,MISC,,0000,,no,,data/Patch2.bif,0x0BD0017D,16B3F7BCC41214A589D58837D63E65080BE3032C979096F39D474F4B5AC219BA,0,0,,,,,,no,
BDSHA01B,0,MISC,,0000,,no,,data/Patch2.bif,0x0BD00180,8B059BC26CA8E3D8CA704E051B684CE1076A181A8CCD887A3CFBBF1E95FC281B,0,0,,,,,,no,
BDSHA01C,0,MISC,,0000,,no,,data/Patch2.bif,0x0BD00183,4101512F23088238F8370041AB35E8F79B25A84ABB4FAD680F3CABEAEF22D253,0,0,,,,,,no,
BDSHA06A,0,MISC,,0000,,no,,data/Patch2.bif,0x0BD00186,10D75E8AC508AECBE31896A5FBFBD8D79F73C6E49BE24811E855A749B336B5A9,0,0,,,,,,no,
BDSHA06B,0,MISC,,0000,,no,,data/Patch2.bif,0x0BD00189,3AE143046366451F3BA28B4A9103D8C2FAF15A2F94E1F9F210F6880EF115B464,0,0,,,,,,no,
BDSHA06C,0,MISC,,0000,,no,,data/Patch2.bif,0x0BD0018C,E35FFA7756E5AB1267078AA0FDECA5A4C822F4407A585B7E6941E5DB1614755B,0,0,,,,,,no,
BDSHA12A,0,MISC,,0000,,no,,data/Patch2.bif,0x0BD0018F,54A75A2794DA1B50BD5DC948A828A8BAF24E21A65DCAB4C29B878D2C48B8EB6E,0,0,,,,,,no,
BDSHA12B,0,MISC,,0000,,no,,data/Patch2.bif,0x0BD00192,B78203811E5DB7F6AAE90241CC6C49D55D214656165404C7FFD4F75E9765451B,0,0,,,,,,no,
BDSHA12C,0,MISC,,0000,,no,,data/Patch2.bif,0x0BD00194,733698BAE4F76D0B6B1AF149881C1F70CFCA22259ECF6EDAF08F7DF1FA6190E5,0,0,,,,,,no,
BDSHA18A,0,MISC,,0000,,no,,data/Patch2.bif,0x0BD00197,C422596B02BD1FCB214FEA2DD574261D41515507EC35D69E85B3007806472BC7,0,0,,,,,,no,
BDSHA18B,0,MISC,,0000,,no,,data/Patch2.bif,0x0BD00199,D6DA36721E626335E0FFFD5175E2A4491B2446D86F586D08A4E7698EFFF66E7F,0,0,,,,,,no,
BDSHA18C,0,MISC,,0000,,no,,data/Patch2.bif,0x0BD0019B,FAA60BC92A00E7600DF0E473F56BDD012C44ABBDA551C80E2EC0A430061F0A6E,0,0,,,,,,no,
BDSHLD01,12,SHIELD,shield,4431,D1,yes,,data/Patch2.bif,0x0BD001A4,451ACA7CCF032741E2366F1E0F97EC2E9BCD7C45C18B1E549D4864D76A1CFADE,78,78,0x5000;0x5001;0x5002;0x5003;0x5010;0x5011;0x5012;0x5013;0x5100;0x5101;0x5102;0x5103;0x5110;0x5111;0x5112;0x5113;0x5200;0x5201;0x5202;0x5210;0x5211;0x5212;0x5300;0x5301;0x5302;0x5303;0x5310;0x5311;0x5312;0x5313;0x6000;0x6001;0x6002;0x6003;0x6004;0x6005;0x6010;0x6011;0x6012;0x6013;0x6014;0x6015;0x6100;0x6101;0x6102;0x6103;0x6104;0x6105;0x6110;0x6111;0x6112;0x6113;0x6114;0x6115;0x6200;0x6201;0x6202;0x6204;0x6205;0x6210;0x6211;0x6212;0x6214;0x6215;0x6300;0x6301;0x6302;0x6303;0x6304;0x6305;0x6310;0x6311;0x6312;0x6313;0x6314;0x6315;0x6500;0x6510,WQHD1;WQLD1;WQMD1;WQND1;WQSD1,WQLD1;WQMD1;WQND1;WQSD1,WQHD1,WQLD1;WQMD1;WQND1;WQSD1,no,
BDSPIRIM,7,HELMET,helmet,0000,,no,,data/Patch2.bif,0x0BD001AE,B1F297C66318715EC234CCDE38F26216E554B41016605A828D6D828E3E3FFD64,0,0,,,,,,no,no-compatible-character-family;visual-animation-code-invalid
BDSPNAIM,7,HELMET,helmet,0000,,no,,data/Patch2.bif,0x0BD001B2,54383A62536B018AF2950A2CF13093FFA1238B4CC1ED3525AB0A8B2A545C035B,0,0,,,,,,no,no-compatible-character-family;visual-animation-code-invalid
BDSW1H06,20,BGSWORD,weapon,5331,S1,yes,,data/Patch2.bif,0x0BD001B5,C3FB7E89D410FA71C08C2BE64C967A2BC158BE6B33E31081547AA84AAEA2BBAE,78,78,0x5000;0x5001;0x5002;0x5003;0x5010;0x5011;0x5012;0x5013;0x5100;0x5101;0x5102;0x5103;0x5110;0x5111;0x5112;0x5113;0x5200;0x5201;0x5202;0x5210;0x5211;0x5212;0x5300;0x5301;0x5302;0x5303;0x5310;0x5311;0x5312;0x5313;0x6000;0x6001;0x6002;0x6003;0x6004;0x6005;0x6010;0x6011;0x6012;0x6013;0x6014;0x6015;0x6100;0x6101;0x6102;0x6103;0x6104;0x6105;0x6110;0x6111;0x6112;0x6113;0x6114;0x6115;0x6200;0x6201;0x6202;0x6204;0x6205;0x6210;0x6211;0x6212;0x6214;0x6215;0x6300;0x6301;0x6302;0x6303;0x6304;0x6305;0x6310;0x6311;0x6312;0x6313;0x6314;0x6315;0x6500;0x6510,WQLS1;WQMS1;WQNS1;WQSS1,WQLS1;WQMS1;WQNS1;WQSS1,,WQLS1;WQMS1;WQNS1;WQSS1,no,
BDSW2H01,20,BGSWORD,weapon,5332,S2,yes,,data/Patch2.bif,0x0BD001B6,2446A7CCDC4F1A7D1AEF8F6F0A4E428CA2A587DC955BB277643CA805215A642C,78,78,0x5000;0x5001;0x5002;0x5003;0x5010;0x5011;0x5012;0x5013;0x5100;0x5101;0x5102;0x5103;0x5110;0x5111;0x5112;0x5113;0x5200;0x5201;0x5202;0x5210;0x5211;0x5212;0x5300;0x5301;0x5302;0x5303;0x5310;0x5311;0x5312;0x5313;0x6000;0x6001;0x6002;0x6003;0x6004;0x6005;0x6010;0x6011;0x6012;0x6013;0x6014;0x6015;0x6100;0x6101;0x6102;0x6103;0x6104;0x6105;0x6110;0x6111;0x6112;0x6113;0x6114;0x6115;0x6200;0x6201;0x6202;0x6204;0x6205;0x6210;0x6211;0x6212;0x6214;0x6215;0x6300;0x6301;0x6302;0x6303;0x6304;0x6305;0x6310;0x6311;0x6312;0x6313;0x6314;0x6315;0x6500;0x6510,WQLS2;WQMS2;WQNS2;WQSS2,WQLS2;WQMS2;WQNS2;WQSS2,,WQLS2;WQMS2;WQNS2;WQSS2,no,
BEARBR,0,MISC,,2020,,no,,data/Items.bif,0x00100077,9C63AD10B391ECCE11A83CAE188A55185592A8FD68430EF3F95C96A136A6AEB4,0,0,,,,,,no,
BEARCA,0,MISC,,2020,,no,,data/Items.bif,0x00100078,80DCD6AACE58FA000FD435E07F8304B1DBEBAF8782A4879EF665A5DBD8AF5F39,0,0,,,,,,no,
BEARPO,0,MISC,,2020,,no,,data/Items.bif,0x00100079,CFA46ABE0DADC57D422057136C2799BF31EB06413B7CC6678D96BD083144C0A7,0,0,,,,,,no,
BEARSPIR,28,FIST,weapon,4836,H6,yes,,data/Items.bif,0x0010007A,A1E4896D5A7CA2119FC0BF090F4796CBF3F749210DA2ABCB7DDB9F3228E43B53,78,78,0x5000;0x5001;0x5002;0x5003;0x5010;0x5011;0x5012;0x5013;0x5100;0x5101;0x5102;0x5103;0x5110;0x5111;0x5112;0x5113;0x5200;0x5201;0x5202;0x5210;0x5211;0x5212;0x5300;0x5301;0x5302;0x5303;0x5310;0x5311;0x5312;0x5313;0x6000;0x6001;0x6002;0x6003;0x6004;0x6005;0x6010;0x6011;0x6012;0x6013;0x6014;0x6015;0x6100;0x6101;0x6102;0x6103;0x6104;0x6105;0x6110;0x6111;0x6112;0x6113;0x6114;0x6115;0x6200;0x6201;0x6202;0x6204;0x6205;0x6210;0x6211;0x6212;0x6214;0x6215;0x6300;0x6301;0x6302;0x6303;0x6304;0x6305;0x6310;0x6311;0x6312;0x6313;0x6314;0x6315;0x6500;0x6510,WQLH6;WQMH6;WQNH6;WQSH6,WQLH6;WQMH6;WQNH6;WQSH6,,WQLH6;WQMH6;WQNH6;WQSH6,no,
BEHHIV01,0,MISC,,2020,,no,,data/25Items.bif,0x08400035,D7D67DC4B22FC5547A31450AAEB90888A3FFE8AD0456E70F4561DEF1731D9886,0,0,,,,,,no,
BEHOLD,0,MISC,,2020,,no,,data/Items.bif,0x0010007B,57E394504AFD9612F90FF1B63E24D1D9728FC04AE1B9094A2A861583C800F504,0,0,,,,,,no,
BEHOLDER,10,RING,,2020,,no,,data/Items.bif,0x0010007C,1B92F9E858C4F8482D519C04BD60AC32DF43365BF97975B11564A0A9B5EE507E,0,0,,,,,,no,
BELT01,3,BELT,,2020,,no,,data/Items.bif,0x0010007D,89D11D24BA238CE1A3C7A6D647286D976B1DBB86FFCC317FABD0C5984D2A776B,0,0,,,,,,no,
BELT02,3,BELT,,2020,,no,,data/Items.bif,0x0010007E,65014BA62B71E5B59326F9DB0AEC84115742FA3D29E1AFB2CEC573CC8EC7EDD5,0,0,,,,,,no,
BELT03,3,BELT,,2020,,no,,data/Items.bif,0x0010007F,495FCC73AB05F93249835EAF9ECF9AE88DFDDAB297081DF41327650BEC1CA8CB,0,0,,,,,,no,
BELT04,3,BELT,,2020,,no,,data/Items.bif,0x00100080,4C0C28ADF880B68DA78C7A8A87A908AE2E90183B02F0EC0B6699872B10C299FE,0,0,,,,,,no,
BELT05,3,BELT,,2020,,no,,data/Items.bif,0x00100081,E548E1282DDCECBA00ECA5D6D21AB9A9E16EE7083E1BDCFA641C03325D7E1BF7,0,0,,,,,,no,
BELT06,3,BELT,,2020,,no,,data/Items.bif,0x00100082,16D8DE8C7D544031E196BE69883E346EA7FF4C1E55025521CCD029F689F520D4,0,0,,,,,,no,
BELT07,3,BELT,,2020,,no,,data/Items.bif,0x00100083,F318EDF91823519C2A69AE6C80A3E8784512C169670BA62C754A2DCEFD3E7D22,0,0,,,,,,no,
BELT08,3,BELT,,2020,,no,,data/Items.bif,0x00100084,12BB743B70533305FAA403CEF75A3A8CD99017BB7F299548ED470067E59EBA8C,0,0,,,,,,no,
BELT09,3,BELT,,2020,,no,,data/Items.bif,0x00100085,1C2228C5DBFEF68F4C102C20F5B0C5C292ECF32B0DB4C745D81D1528E9267E03,0,0,,,,,,no,
BELT10,3,BELT,,2020,,no,,data/Items.bif,0x00100086,E4BE717A7A82DDC29090ABB690FD263612169B99AF1344BFC5EF3C6143BDE498,0,0,,,,,,no,
BELT11,3,BELT,,2020,,no,,data/25Items.bif,0x08400036,E7D001B67FA4BFC20B7C927DF826C3366F35F168CC8D8B3019C0872653CD5031,0,0,,,,,,no,
BELT12,10,RING,,2020,,no,,data/25Items.bif,0x08400037,60DD936234F6BDFBF247415EBF89C05D0D06FF6A72392711A8B9851A1C8556DF,0,0,,,,,,no,
BELT13,10,RING,,2020,,no,,data/25Items.bif,0x08400038,D45E8812484B54F3274CD90647BB5BB55C8EF01AF807B2EDEBDDE66786EAEE8E,0,0,,,,,,no,
BELT14,10,RING,,2020,,no,,data/25Items.bif,0x08400039,9120E120E3915FFB01CB829ACAC6B4F9BB31BE4F377972FC53DEAB432E9135E1,0,0,,,,,,no,
BELTBW,10,RING,,2020,,no,,data/Patch2.bif,0x0BD001BD,C58925E5A3A589A7C7F294448E021B10C948920C2AB6CAB7C6D9FBA4791E913A,0,0,,,,,,no,
BELTSH,10,RING,,2020,,no,,data/Patch2.bif,0x0BD001BE,DFC50BD335C3DD80809744AD715B1276465B4244EDB9D124C0EE620319459378,0,0,,,,,,no,
BELTTY,10,RING,,2020,,no,,data/Patch2.bif,0x0BD001BF,4A7E7796E1F7E6A0B827073403A4FA338C9FEE78241231298D76CC40500DF122,0,0,,,,,,no,
BERSERK,10,RING,,2020,,no,,data/Items.bif,0x00100087,AC01AD5DA97C8C4B89AEB3AD13EF2D1F73854DEEAFC4101C7A23A99400F05F69,0,0,,,,,,no,
BHAALHP1,3,BELT,,2020,,no,,data/25Items.bif,0x0840003A,2F1A829E76D2A2F65CCE44E1C504F712027E5EDA152BFEBF85A4310500F2D15B,0,0,,,,,,no,
BHAALIMM,3,BELT,,2020,,no,,data/25Items.bif,0x0840003B,0594B8FB023F8B75596BFF5F9F643B85D18239D7656F097AEE4514593C6E9E97,0,0,,,,,,no,
BL3-12M4,0,MISC,,2020,,no,,data/Items.bif,0x00100088,C04638663648C5BC2CD3AD1B80F91D2EB9C6C1AEE2F44B444D7414641B1A9D71,0,0,,,,,,no,
BLAKBLAD,20,BGSWORD,weapon,5331,S1,yes,,data/Items.bif,0x00100089,12292A3F47892D4354E918315F53F5FFAB36B7B773163DDE33CA18830B01D3AE,78,78,0x5000;0x5001;0x5002;0x5003;0x5010;0x5011;0x5012;0x5013;0x5100;0x5101;0x5102;0x5103;0x5110;0x5111;0x5112;0x5113;0x5200;0x5201;0x5202;0x5210;0x5211;0x5212;0x5300;0x5301;0x5302;0x5303;0x5310;0x5311;0x5312;0x5313;0x6000;0x6001;0x6002;0x6003;0x6004;0x6005;0x6010;0x6011;0x6012;0x6013;0x6014;0x6015;0x6100;0x6101;0x6102;0x6103;0x6104;0x6105;0x6110;0x6111;0x6112;0x6113;0x6114;0x6115;0x6200;0x6201;0x6202;0x6204;0x6205;0x6210;0x6211;0x6212;0x6214;0x6215;0x6300;0x6301;0x6302;0x6303;0x6304;0x6305;0x6310;0x6311;0x6312;0x6313;0x6314;0x6315;0x6500;0x6510,WQLS1;WQMS1;WQNS1;WQSS1,WQLS1;WQMS1;WQNS1;WQSS1,,WQLS1;WQMS1;WQNS1;WQSS1,no,
BLUN01,17,MACE,weapon,434C,CL,yes,,data/Items.bif,0x0010008A,9FF82B91A8908622D5A86661D24D1E3CD1EA587D2A82E2DC909175F67BAA9E47,78,78,0x5000;0x5001;0x5002;0x5003;0x5010;0x5011;0x5012;0x5013;0x5100;0x5101;0x5102;0x5103;0x5110;0x5111;0x5112;0x5113;0x5200;0x5201;0x5202;0x5210;0x5211;0x5212;0x5300;0x5301;0x5302;0x5303;0x5310;0x5311;0x5312;0x5313;0x6000;0x6001;0x6002;0x6003;0x6004;0x6005;0x6010;0x6011;0x6012;0x6013;0x6014;0x6015;0x6100;0x6101;0x6102;0x6103;0x6104;0x6105;0x6110;0x6111;0x6112;0x6113;0x6114;0x6115;0x6200;0x6201;0x6202;0x6204;0x6205;0x6210;0x6211;0x6212;0x6214;0x6215;0x6300;0x6301;0x6302;0x6303;0x6304;0x6305;0x6310;0x6311;0x6312;0x6313;0x6314;0x6315;0x6500;0x6510,WQLCL;WQMCL;WQNCL;WQSCL,WQLCL;WQMCL;WQNCL;WQSCL,,WQLCL;WQMCL;WQNCL;WQSCL,no,
BLUN02,23,FLAIL,weapon,464C,FL,yes,,data/Items.bif,0x0010008B,9A812D3A27831C7671B988E5032084D357C7082D1D14879BC3319E96035A6B75,78,78,0x5000;0x5001;0x5002;0x5003;0x5010;0x5011;0x5012;0x5013;0x5100;0x5101;0x5102;0x5103;0x5110;0x5111;0x5112;0x5113;0x5200;0x5201;0x5202;0x5210;0x5211;0x5212;0x5300;0x5301;0x5302;0x5303;0x5310;0x5311;0x5312;0x5313;0x6000;0x6001;0x6002;0x6003;0x6004;0x6005;0x6010;0x6011;0x6012;0x6013;0x6014;0x6015;0x6100;0x6101;0x6102;0x6103;0x6104;0x6105;0x6110;0x6111;0x6112;0x6113;0x6114;0x6115;0x6200;0x6201;0x6202;0x6204;0x6205;0x6210;0x6211;0x6212;0x6214;0x6215;0x6300;0x6301;0x6302;0x6303;0x6304;0x6305;0x6310;0x6311;0x6312;0x6313;0x6314;0x6315;0x6500;0x6510,WQLFL;WQMFL;WQNFL;WQSFL,WQLFL;WQMFL;WQNFL;WQSFL,,WQLFL;WQMFL;WQNFL;WQSFL,no,
BLUN03,23,FLAIL,weapon,464C,FL,yes,,data/Items.bif,0x0010008C,56C563630B6C54926A0E01507BF76D2991DE41E7858BE4E52CDDEF579848EC18,78,78,0x5000;0x5001;0x5002;0x5003;0x5010;0x5011;0x5012;0x5013;0x5100;0x5101;0x5102;0x5103;0x5110;0x5111;0x5112;0x5113;0x5200;0x5201;0x5202;0x5210;0x5211;0x5212;0x5300;0x5301;0x5302;0x5303;0x5310;0x5311;0x5312;0x5313;0x6000;0x6001;0x6002;0x6003;0x6004;0x6005;0x6010;0x6011;0x6012;0x6013;0x6014;0x6015;0x6100;0x6101;0x6102;0x6103;0x6104;0x6105;0x6110;0x6111;0x6112;0x6113;0x6114;0x6115;0x6200;0x6201;0x6202;0x6204;0x6205;0x6210;0x6211;0x6212;0x6214;0x6215;0x6300;0x6301;0x6302;0x6303;0x6304;0x6305;0x6310;0x6311;0x6312;0x6313;0x6314;0x6315;0x6500;0x6510,WQLFL;WQMFL;WQNFL;WQSFL,WQLFL;WQMFL;WQNFL;WQSFL,,WQLFL;WQMFL;WQNFL;WQSFL,no,
BLUN04,17,MACE,weapon,4D43,MC,yes,,data/Items.bif,0x0010008D,1C8907E8C8EF17204C25A841B6D38902914DBD635D0FAA960B28D86DA154C9DF,78,78,0x5000;0x5001;0x5002;0x5003;0x5010;0x5011;0x5012;0x5013;0x5100;0x5101;0x5102;0x5103;0x5110;0x5111;0x5112;0x5113;0x5200;0x5201;0x5202;0x5210;0x5211;0x5212;0x5300;0x5301;0x5302;0x5303;0x5310;0x5311;0x5312;0x5313;0x6000;0x6001;0x6002;0x6003;0x6004;0x6005;0x6010;0x6011;0x6012;0x6013;0x6014;0x6015;0x6100;0x6101;0x6102;0x6103;0x6104;0x6105;0x6110;0x6111;0x6112;0x6113;0x6114;0x6115;0x6200;0x6201;0x6202;0x6204;0x6205;0x6210;0x6211;0x6212;0x6214;0x6215;0x6300;0x6301;0x6302;0x6303;0x6304;0x6305;0x6310;0x6311;0x6312;0x6313;0x6314;0x6315;0x6500;0x6510,WQLMC;WQMMC;WQNMC;WQSMC,WQLMC;WQMMC;WQNMC;WQSMC,,WQLMC;WQMMC;WQNMC;WQSMC,no,
BLUN05,17,MACE,weapon,4D43,MC,yes,,data/Items.bif,0x0010008E,B811CE3E7B11141B381DC21A0CBE47EB39561FECF98ABCD8F705CEA62A94CF8A,78,78,0x5000;0x5001;0x5002;0x5003;0x5010;0x5011;0x5012;0x5013;0x5100;0x5101;0x5102;0x5103;0x5110;0x5111;0x5112;0x5113;0x5200;0x5201;0x5202;0x5210;0x5211;0x5212;0x5300;0x5301;0x5302;0x5303;0x5310;0x5311;0x5312;0x5313;0x6000;0x6001;0x6002;0x6003;0x6004;0x6005;0x6010;0x6011;0x6012;0x6013;0x6014;0x6015;0x6100;0x6101;0x6102;0x6103;0x6104;0x6105;0x6110;0x6111;0x6112;0x6113;0x6114;0x6115;0x6200;0x6201;0x6202;0x6204;0x6205;0x6210;0x6211;0x6212;0x6214;0x6215;0x6300;0x6301;0x6302;0x6303;0x6304;0x6305;0x6310;0x6311;0x6312;0x6313;0x6314;0x6315;0x6500;0x6510,WQLMC;WQMMC;WQNMC;WQSMC,WQLMC;WQMMC;WQNMC;WQSMC,,WQLMC;WQMMC;WQNMC;WQSMC,no,
BLUN06,22,MSTAR,weapon,4D53,MS,yes,,data/Items.bif,0x0010008F,73D0D9B10F6A34FBC140C25493F62C3A987916BEAD072C8A045DCB723C23240D,78,78,0x5000;0x5001;0x5002;0x5003;0x5010;0x5011;0x5012;0x5013;0x5100;0x5101;0x5102;0x5103;0x5110;0x5111;0x5112;0x5113;0x5200;0x5201;0x5202;0x5210;0x5211;0x5212;0x5300;0x5301;0x5302;0x5303;0x5310;0x5311;0x5312;0x5313;0x6000;0x6001;0x6002;0x6003;0x6004;0x6005;0x6010;0x6011;0x6012;0x6013;0x6014;0x6015;0x6100;0x6101;0x6102;0x6103;0x6104;0x6105;0x6110;0x6111;0x6112;0x6113;0x6114;0x6115;0x6200;0x6201;0x6202;0x6204;0x6205;0x6210;0x6211;0x6212;0x6214;0x6215;0x6300;0x6301;0x6302;0x6303;0x6304;0x6305;0x6310;0x6311;0x6312;0x6313;0x6314;0x6315;0x6500;0x6510,WQLMS;WQMMS;WQNMS;WQSMS,WQLMS;WQMMS;WQNMS;WQSMS,,WQLMS;WQMMS;WQNMS;WQSMS,no,
BLUN07,22,MSTAR,weapon,4D53,MS,yes,,data/Items.bif,0x00100090,16C3E21B2FA35B6DC24459ACE4B3BDE39B25ED5BA6DBDE96308001B0E43CB9FF,78,78,0x5000;0x5001;0x5002;0x5003;0x5010;0x5011;0x5012;0x5013;0x5100;0x5101;0x5102;0x5103;0x5110;0x5111;0x5112;0x5113;0x5200;0x5201;0x5202;0x5210;0x5211;0x5212;0x5300;0x5301;0x5302;0x5303;0x5310;0x5311;0x5312;0x5313;0x6000;0x6001;0x6002;0x6003;0x6004;0x6005;0x6010;0x6011;0x6012;0x6013;0x6014;0x6015;0x6100;0x6101;0x6102;0x6103;0x6104;0x6105;0x6110;0x6111;0x6112;0x6113;0x6114;0x6115;0x6200;0x6201;0x6202;0x6204;0x6205;0x6210;0x6211;0x6212;0x6214;0x6215;0x6300;0x6301;0x6302;0x6303;0x6304;0x6305;0x6310;0x6311;0x6312;0x6313;0x6314;0x6315;0x6500;0x6510,WQLMS;WQMMS;WQNMS;WQSMS,WQLMS;WQMMS;WQNMS;WQSMS,,WQLMS;WQMMS;WQNMS;WQSMS,no,
BLUN08,23,FLAIL,weapon,464C,FL,yes,,data/Items.bif,0x00100091,9A812D3A27831C7671B988E5032084D357C7082D1D14879BC3319E96035A6B75,78,78,0x5000;0x5001;0x5002;0x5003;0x5010;0x5011;0x5012;0x5013;0x5100;0x5101;0x5102;0x5103;0x5110;0x5111;0x5112;0x5113;0x5200;0x5201;0x5202;0x5210;0x5211;0x5212;0x5300;0x5301;0x5302;0x5303;0x5310;0x5311;0x5312;0x5313;0x6000;0x6001;0x6002;0x6003;0x6004;0x6005;0x6010;0x6011;0x6012;0x6013;0x6014;0x6015;0x6100;0x6101;0x6102;0x6103;0x6104;0x6105;0x6110;0x6111;0x6112;0x6113;0x6114;0x6115;0x6200;0x6201;0x6202;0x6204;0x6205;0x6210;0x6211;0x6212;0x6214;0x6215;0x6300;0x6301;0x6302;0x6303;0x6304;0x6305;0x6310;0x6311;0x6312;0x6313;0x6314;0x6315;0x6500;0x6510,WQLFL;WQMFL;WQNFL;WQSFL,WQLFL;WQMFL;WQNFL;WQSFL,,WQLFL;WQMFL;WQNFL;WQSFL,no,
BLUN09,22,MSTAR,weapon,4D53,MS,yes,,data/Items.bif,0x00100092,02DF9B1B5945C6649D76CC0E91CDFECDD77A7364A73AB405E957FEB64D37A0AD,78,78,0x5000;0x5001;0x5002;0x5003;0x5010;0x5011;0x5012;0x5013;0x5100;0x5101;0x5102;0x5103;0x5110;0x5111;0x5112;0x5113;0x5200;0x5201;0x5202;0x5210;0x5211;0x5212;0x5300;0x5301;0x5302;0x5303;0x5310;0x5311;0x5312;0x5313;0x6000;0x6001;0x6002;0x6003;0x6004;0x6005;0x6010;0x6011;0x6012;0x6013;0x6014;0x6015;0x6100;0x6101;0x6102;0x6103;0x6104;0x6105;0x6110;0x6111;0x6112;0x6113;0x6114;0x6115;0x6200;0x6201;0x6202;0x6204;0x6205;0x6210;0x6211;0x6212;0x6214;0x6215;0x6300;0x6301;0x6302;0x6303;0x6304;0x6305;0x6310;0x6311;0x6312;0x6313;0x6314;0x6315;0x6500;0x6510,WQLMS;WQMMS;WQNMS;WQSMS,WQLMS;WQMMS;WQNMS;WQSMS,,WQLMS;WQMMS;WQNMS;WQSMS,no,
BLUN10,17,MACE,weapon,434C,CL,yes,,data/Items.bif,0x00100093,BDA4DCF37FB6EA84E5FE7D1F73AD7A42F1CFE6C53903A278338CF6F1FE3FF621,78,78,0x5000;0x5001;0x5002;0x5003;0x5010;0x5011;0x5012;0x5013;0x5100;0x5101;0x5102;0x5103;0x5110;0x5111;0x5112;0x5113;0x5200;0x5201;0x5202;0x5210;0x5211;0x5212;0x5300;0x5301;0x5302;0x5303;0x5310;0x5311;0x5312;0x5313;0x6000;0x6001;0x6002;0x6003;0x6004;0x6005;0x6010;0x6011;0x6012;0x6013;0x6014;0x6015;0x6100;0x6101;0x6102;0x6103;0x6104;0x6105;0x6110;0x6111;0x6112;0x6113;0x6114;0x6115;0x6200;0x6201;0x6202;0x6204;0x6205;0x6210;0x6211;0x6212;0x6214;0x6215;0x6300;0x6301;0x6302;0x6303;0x6304;0x6305;0x6310;0x6311;0x6312;0x6313;0x6314;0x6315;0x6500;0x6510,WQLCL;WQMCL;WQNCL;WQSCL,WQLCL;WQMCL;WQNCL;WQSCL,,WQLCL;WQMCL;WQNCL;WQSCL,no,
BLUN11,17,MACE,weapon,4D43,MC,yes,,data/Items.bif,0x00100094,125B670FDB9E678F64C2C74426DBE575CE4C2CD794645BF1B553302B2FAD1C30,78,78,0x5000;0x5001;0x5002;0x5003;0x5010;0x5011;0x5012;0x5013;0x5100;0x5101;0x5102;0x5103;0x5110;0x5111;0x5112;0x5113;0x5200;0x5201;0x5202;0x5210;0x5211;0x5212;0x5300;0x5301;0x5302;0x5303;0x5310;0x5311;0x5312;0x5313;0x6000;0x6001;0x6002;0x6003;0x6004;0x6005;0x6010;0x6011;0x6012;0x6013;0x6014;0x6015;0x6100;0x6101;0x6102;0x6103;0x6104;0x6105;0x6110;0x6111;0x6112;0x6113;0x6114;0x6115;0x6200;0x6201;0x6202;0x6204;0x6205;0x6210;0x6211;0x6212;0x6214;0x6215;0x6300;0x6301;0x6302;0x6303;0x6304;0x6305;0x6310;0x6311;0x6312;0x6313;0x6314;0x6315;0x6500;0x6510,WQLMC;WQMMC;WQNMC;WQSMC,WQLMC;WQMMC;WQNMC;WQSMC,,WQLMC;WQMMC;WQNMC;WQSMC,no,
BLUN12,17,MACE,weapon,4D32,M2,yes,,data/Items.bif,0x00100095,091631F2BC42D6AE355DAD92D8EA3D4F3CEB07FD174CD06E56529795C26BBF3E,78,78,0x5000;0x5001;0x5002;0x5003;0x5010;0x5011;0x5012;0x5013;0x5100;0x5101;0x5102;0x5103;0x5110;0x5111;0x5112;0x5113;0x5200;0x5201;0x5202;0x5210;0x5211;0x5212;0x5300;0x5301;0x5302;0x5303;0x5310;0x5311;0x5312;0x5313;0x6000;0x6001;0x6002;0x6003;0x6004;0x6005;0x6010;0x6011;0x6012;0x6013;0x6014;0x6015;0x6100;0x6101;0x6102;0x6103;0x6104;0x6105;0x6110;0x6111;0x6112;0x6113;0x6114;0x6115;0x6200;0x6201;0x6202;0x6204;0x6205;0x6210;0x6211;0x6212;0x6214;0x6215;0x6300;0x6301;0x6302;0x6303;0x6304;0x6305;0x6310;0x6311;0x6312;0x6313;0x6314;0x6315;0x6500;0x6510,WQLM2;WQMM2;WQNM2;WQSM2,WQLM2;WQMM2;WQNM2;WQSM2,,WQLM2;WQMM2;WQNM2;WQSM2,no,
BLUN13,23,FLAIL,weapon,4630,F0,yes,,data/Items.bif,0x00100096,43FD58EB8DED26F6A46869A6B118DDB57DAFDE7CC6B2C5C8806826E668F62762,78,78,0x5000;0x5001;0x5002;0x5003;0x5010;0x5011;0x5012;0x5013;0x5100;0x5101;0x5102;0x5103;0x5110;0x5111;0x5112;0x5113;0x5200;0x5201;0x5202;0x5210;0x5211;0x5212;0x5300;0x5301;0x5302;0x5303;0x5310;0x5311;0x5312;0x5313;0x6000;0x6001;0x6002;0x6003;0x6004;0x6005;0x6010;0x6011;0x6012;0x6013;0x6014;0x6015;0x6100;0x6101;0x6102;0x6103;0x6104;0x6105;0x6110;0x6111;0x6112;0x6113;0x6114;0x6115;0x6200;0x6201;0x6202;0x6204;0x6205;0x6210;0x6211;0x6212;0x6214;0x6215;0x6300;0x6301;0x6302;0x6303;0x6304;0x6305;0x6310;0x6311;0x6312;0x6313;0x6314;0x6315;0x6500;0x6510,WQLF0;WQMF0;WQNF0;WQSF0,WQLF0;WQMF0;WQNF0;WQSF0,,WQLF0;WQMF0;WQNF0;WQSF0,no,
BLUN14,23,FLAIL,weapon,4633,F3,yes,,data/Items.bif,0x00100097,33E673D8C4C16F6B622D4923526E972DC12471209BCA9CF5EFA48C5A34CAA6D2,78,78,0x5000;0x5001;0x5002;0x5003;0x5010;0x5011;0x5012;0x5013;0x5100;0x5101;0x5102;0x5103;0x5110;0x5111;0x5112;0x5113;0x5200;0x5201;0x5202;0x5210;0x5211;0x5212;0x5300;0x5301;0x5302;0x5303;0x5310;0x5311;0x5312;0x5313;0x6000;0x6001;0x6002;0x6003;0x6004;0x6005;0x6010;0x6011;0x6012;0x6013;0x6014;0x6015;0x6100;0x6101;0x6102;0x6103;0x6104;0x6105;0x6110;0x6111;0x6112;0x6113;0x6114;0x6115;0x6200;0x6201;0x6202;0x6204;0x6205;0x6210;0x6211;0x6212;0x6214;0x6215;0x6300;0x6301;0x6302;0x6303;0x6304;0x6305;0x6310;0x6311;0x6312;0x6313;0x6314;0x6315;0x6500;0x6510,WQLF3;WQMF3;WQNF3;WQSF3,WQLF3;WQMF3;WQNF3;WQSF3,,WQLF3;WQMF3;WQNF3;WQSF3,no,
BLUN14A,0,MISC,,464C,FL,yes,,data/Items.bif,0x00100098,749DF9E745042C99625D428DEEC581C88BD93A0B74BA60A455C1CA3B301AB40F,0,0,,,,,,no,
BLUN14B,0,MISC,,464C,FL,yes,,data/Items.bif,0x00100099,E078D56AB48961ED439106E703E58D92C9E60891998ADE6750DD29D3041F6165,0,0,,,,,,no,
BLUN14C,0,MISC,,464C,FL,yes,,data/Items.bif,0x0010009A,4214E069DD691765CB7A794721F24A4A436D36ECD589794F5031F41B2F27DE90,0,0,,,,,,no,
BLUN14D,23,FLAIL,weapon,4631,F1,yes,,data/Items.bif,0x0010009B,9A77A1FB80C8B791F2FA6BD08D3E852CE35BB65FB5D6A50EAD5305B3D966ED81,78,78,0x5000;0x5001;0x5002;0x5003;0x5010;0x5011;0x5012;0x5013;0x5100;0x5101;0x5102;0x5103;0x5110;0x5111;0x5112;0x5113;0x5200;0x5201;0x5202;0x5210;0x5211;0x5212;0x5300;0x5301;0x5302;0x5303;0x5310;0x5311;0x5312;0x5313;0x6000;0x6001;0x6002;0x6003;0x6004;0x6005;0x6010;0x6011;0x6012;0x6013;0x6014;0x6015;0x6100;0x6101;0x6102;0x6103;0x6104;0x6105;0x6110;0x6111;0x6112;0x6113;0x6114;0x6115;0x6200;0x6201;0x6202;0x6204;0x6205;0x6210;0x6211;0x6212;0x6214;0x6215;0x6300;0x6301;0x6302;0x6303;0x6304;0x6305;0x6310;0x6311;0x6312;0x6313;0x6314;0x6315;0x6500;0x6510,WQLF1;WQMF1;WQNF1;WQSF1,WQLF1;WQMF1;WQNF1;WQSF1,,WQLF1;WQMF1;WQNF1;WQSF1,no,
BLUN14E,23,FLAIL,weapon,4631,F1,yes,,data/Items.bif,0x0010009C,F4C79A51D9BF7117AF752D66C1B1AD8FE7CCCF0DE3FFE6EBBAA638CE61649FA1,78,78,0x5000;0x5001;0x5002;0x5003;0x5010;0x5011;0x5012;0x5013;0x5100;0x5101;0x5102;0x5103;0x5110;0x5111;0x5112;0x5113;0x5200;0x5201;0x5202;0x5210;0x5211;0x5212;0x5300;0x5301;0x5302;0x5303;0x5310;0x5311;0x5312;0x5313;0x6000;0x6001;0x6002;0x6003;0x6004;0x6005;0x6010;0x6011;0x6012;0x6013;0x6014;0x6015;0x6100;0x6101;0x6102;0x6103;0x6104;0x6105;0x6110;0x6111;0x6112;0x6113;0x6114;0x6115;0x6200;0x6201;0x6202;0x6204;0x6205;0x6210;0x6211;0x6212;0x6214;0x6215;0x6300;0x6301;0x6302;0x6303;0x6304;0x6305;0x6310;0x6311;0x6312;0x6313;0x6314;0x6315;0x6500;0x6510,WQLF1;WQMF1;WQNF1;WQSF1,WQLF1;WQMF1;WQNF1;WQSF1,,WQLF1;WQMF1;WQNF1;WQSF1,no,
BLUN14F,23,FLAIL,weapon,4631,F1,yes,,data/Items.bif,0x0010009D,43D585C24674FFABCA0E69124BB01AB93F456EC4F19453DB7740B669E4F0287E,78,78,0x5000;0x5001;0x5002;0x5003;0x5010;0x5011;0x5012;0x5013;0x5100;0x5101;0x5102;0x5103;0x5110;0x5111;0x5112;0x5113;0x5200;0x5201;0x5202;0x5210;0x5211;0x5212;0x5300;0x5301;0x5302;0x5303;0x5310;0x5311;0x5312;0x5313;0x6000;0x6001;0x6002;0x6003;0x6004;0x6005;0x6010;0x6011;0x6012;0x6013;0x6014;0x6015;0x6100;0x6101;0x6102;0x6103;0x6104;0x6105;0x6110;0x6111;0x6112;0x6113;0x6114;0x6115;0x6200;0x6201;0x6202;0x6204;0x6205;0x6210;0x6211;0x6212;0x6214;0x6215;0x6300;0x6301;0x6302;0x6303;0x6304;0x6305;0x6310;0x6311;0x6312;0x6313;0x6314;0x6315;0x6500;0x6510,WQLF1;WQMF1;WQNF1;WQSF1,WQLF1;WQMF1;WQNF1;WQSF1,,WQLF1;WQMF1;WQNF1;WQSF1,no,
BLUN14G,23,FLAIL,weapon,4630,F0,yes,,data/Items.bif,0x0010009E,F4C25D2EF043FC0D95DEED23BA18B8BEBF02C868B707E62E13802A93754F27BE,78,78,0x5000;0x5001;0x5002;0x5003;0x5010;0x5011;0x5012;0x5013;0x5100;0x5101;0x5102;0x5103;0x5110;0x5111;0x5112;0x5113;0x5200;0x5201;0x5202;0x5210;0x5211;0x5212;0x5300;0x5301;0x5302;0x5303;0x5310;0x5311;0x5312;0x5313;0x6000;0x6001;0x6002;0x6003;0x6004;0x6005;0x6010;0x6011;0x6012;0x6013;0x6014;0x6015;0x6100;0x6101;0x6102;0x6103;0x6104;0x6105;0x6110;0x6111;0x6112;0x6113;0x6114;0x6115;0x6200;0x6201;0x6202;0x6204;0x6205;0x6210;0x6211;0x6212;0x6214;0x6215;0x6300;0x6301;0x6302;0x6303;0x6304;0x6305;0x6310;0x6311;0x6312;0x6313;0x6314;0x6315;0x6500;0x6510,WQLF0;WQMF0;WQNF0;WQSF0,WQLF0;WQMF0;WQNF0;WQSF0,,WQLF0;WQMF0;WQNF0;WQSF0,no,
BLUN14H,23,FLAIL,weapon,4630,F0,yes,,data/Items.bif,0x0010009F,2B5B0F8E3D3B2B56D38381668ADB2743C5FE7F435558FA3C0532E0FCFC7E49D5,78,78,0x5000;0x5001;0x5002;0x5003;0x5010;0x5011;0x5012;0x5013;0x5100;0x5101;0x5102;0x5103;0x5110;0x5111;0x5112;0x5113;0x5200;0x5201;0x5202;0x5210;0x5211;0x5212;0x5300;0x5301;0x5302;0x5303;0x5310;0x5311;0x5312;0x5313;0x6000;0x6001;0x6002;0x6003;0x6004;0x6005;0x6010;0x6011;0x6012;0x6013;0x6014;0x6015;0x6100;0x6101;0x6102;0x6103;0x6104;0x6105;0x6110;0x6111;0x6112;0x6113;0x6114;0x6115;0x6200;0x6201;0x6202;0x6204;0x6205;0x6210;0x6211;0x6212;0x6214;0x6215;0x6300;0x6301;0x6302;0x6303;0x6304;0x6305;0x6310;0x6311;0x6312;0x6313;0x6314;0x6315;0x6500;0x6510,WQLF0;WQMF0;WQNF0;WQSF0,WQLF0;WQMF0;WQNF0;WQSF0,,WQLF0;WQMF0;WQNF0;WQSF0,no,
BLUN14I,23,FLAIL,weapon,4630,F0,yes,,data/Items.bif,0x001000A0,8FE992FDEA8FFE25D36F80B5DB5CCC440CA97112BA443FD7FBE68CC0C9109D60,78,78,0x5000;0x5001;0x5002;0x5003;0x5010;0x5011;0x5012;0x5013;0x5100;0x5101;0x5102;0x5103;0x5110;0x5111;0x5112;0x5113;0x5200;0x5201;0x5202;0x5210;0x5211;0x5212;0x5300;0x5301;0x5302;0x5303;0x5310;0x5311;0x5312;0x5313;0x6000;0x6001;0x6002;0x6003;0x6004;0x6005;0x6010;0x6011;0x6012;0x6013;0x6014;0x6015;0x6100;0x6101;0x6102;0x6103;0x6104;0x6105;0x6110;0x6111;0x6112;0x6113;0x6114;0x6115;0x6200;0x6201;0x6202;0x6204;0x6205;0x6210;0x6211;0x6212;0x6214;0x6215;0x6300;0x6301;0x6302;0x6303;0x6304;0x6305;0x6310;0x6311;0x6312;0x6313;0x6314;0x6315;0x6500;0x6510,WQLF0;WQMF0;WQNF0;WQSF0,WQLF0;WQMF0;WQNF0;WQSF0,,WQLF0;WQMF0;WQNF0;WQSF0,no,
BLUN15,22,MSTAR,weapon,4D53,MS,yes,,data/Items.bif,0x001000A1,E2C88FBCFE332BD9F3C7DFA2FC2DBB62CB156F0A56ADFAA9E3C8B9214C7A3B7D,78,78,0x5000;0x5001;0x5002;0x5003;0x5010;0x5011;0x5012;0x5013;0x5100;0x5101;0x5102;0x5103;0x5110;0x5111;0x5112;0x5113;0x5200;0x5201;0x5202;0x5210;0x5211;0x5212;0x5300;0x5301;0x5302;0x5303;0x5310;0x5311;0x5312;0x5313;0x6000;0x6001;0x6002;0x6003;0x6004;0x6005;0x6010;0x6011;0x6012;0x6013;0x6014;0x6015;0x6100;0x6101;0x6102;0x6103;0x6104;0x6105;0x6110;0x6111;0x6112;0x6113;0x6114;0x6115;0x6200;0x6201;0x6202;0x6204;0x6205;0x6210;0x6211;0x6212;0x6214;0x6215;0x6300;0x6301;0x6302;0x6303;0x6304;0x6305;0x6310;0x6311;0x6312;0x6313;0x6314;0x6315;0x6500;0x6510,WQLMS;WQMMS;WQNMS;WQSMS,WQLMS;WQMMS;WQNMS;WQSMS,,WQLMS;WQMMS;WQNMS;WQSMS,no,
BLUN16,22,MSTAR,weapon,4D53,MS,yes,,data/Items.bif,0x001000A2,905AD3391C852B1353584BC14F6191E8D4BE76E1E34CAC0D65CCCBE72180A48E,78,78,0x5000;0x5001;0x5002;0x5003;0x5010;0x5011;0x5012;0x5013;0x5100;0x5101;0x5102;0x5103;0x5110;0x5111;0x5112;0x5113;0x5200;0x5201;0x5202;0x5210;0x5211;0x5212;0x5300;0x5301;0x5302;0x5303;0x5310;0x5311;0x5312;0x5313;0x6000;0x6001;0x6002;0x6003;0x6004;0x6005;0x6010;0x6011;0x6012;0x6013;0x6014;0x6015;0x6100;0x6101;0x6102;0x6103;0x6104;0x6105;0x6110;0x6111;0x6112;0x6113;0x6114;0x6115;0x6200;0x6201;0x6202;0x6204;0x6205;0x6210;0x6211;0x6212;0x6214;0x6215;0x6300;0x6301;0x6302;0x6303;0x6304;0x6305;0x6310;0x6311;0x6312;0x6313;0x6314;0x6315;0x6500;0x6510,WQLMS;WQMMS;WQNMS;WQSMS,WQLMS;WQMMS;WQNMS;WQSMS,,WQLMS;WQMMS;WQNMS;WQSMS,no,
BLUN17,22,MSTAR,weapon,4D53,MS,yes,,data/Items.bif,0x001000A3,D94CB5AA881546915059314F7B746544BBE495A16D38C11414DB1F522831049B,78,78,0x5000;0x5001;0x5002;0x5003;0x5010;0x5011;0x5012;0x5013;0x5100;0x5101;0x5102;0x5103;0x5110;0x5111;0x5112;0x5113;0x5200;0x5201;0x5202;0x5210;0x5211;0x5212;0x5300;0x5301;0x5302;0x5303;0x5310;0x5311;0x5312;0x5313;0x6000;0x6001;0x6002;0x6003;0x6004;0x6005;0x6010;0x6011;0x6012;0x6013;0x6014;0x6015;0x6100;0x6101;0x6102;0x6103;0x6104;0x6105;0x6110;0x6111;0x6112;0x6113;0x6114;0x6115;0x6200;0x6201;0x6202;0x6204;0x6205;0x6210;0x6211;0x6212;0x6214;0x6215;0x6300;0x6301;0x6302;0x6303;0x6304;0x6305;0x6310;0x6311;0x6312;0x6313;0x6314;0x6315;0x6500;0x6510,WQLMS;WQMMS;WQNMS;WQSMS,WQLMS;WQMMS;WQNMS;WQSMS,,WQLMS;WQMMS;WQNMS;WQSMS,no,
BLUN18,17,MACE,weapon,4D32,M2,yes,,data/Items.bif,0x001000A4,98A58BCBAD8881EA7B8062418762BCA4052F5AFE2A8CFB558E29541DD23E1356,78,78,0x5000;0x5001;0x5002;0x5003;0x5010;0x5011;0x5012;0x5013;0x5100;0x5101;0x5102;0x5103;0x5110;0x5111;0x5112;0x5113;0x5200;0x5201;0x5202;0x5210;0x5211;0x5212;0x5300;0x5301;0x5302;0x5303;0x5310;0x5311;0x5312;0x5313;0x6000;0x6001;0x6002;0x6003;0x6004;0x6005;0x6010;0x6011;0x6012;0x6013;0x6014;0x6015;0x6100;0x6101;0x6102;0x6103;0x6104;0x6105;0x6110;0x6111;0x6112;0x6113;0x6114;0x6115;0x6200;0x6201;0x6202;0x6204;0x6205;0x6210;0x6211;0x6212;0x6214;0x6215;0x6300;0x6301;0x6302;0x6303;0x6304;0x6305;0x6310;0x6311;0x6312;0x6313;0x6314;0x6315;0x6500;0x6510,WQLM2;WQMM2;WQNM2;WQSM2,WQLM2;WQMM2;WQNM2;WQSM2,,WQLM2;WQMM2;WQNM2;WQSM2,no,
BLUN19,17,MACE,weapon,4D43,MC,yes,,data/Items.bif,0x001000A5,DEA0373B66663925C05A3574CCC7B3714D06DF3CC7DB51DC538D0C0DF53115F2,78,78,0x5000;0x5001;0x5002;0x5003;0x5010;0x5011;0x5012;0x5013;0x5100;0x5101;0x5102;0x5103;0x5110;0x5111;0x5112;0x5113;0x5200;0x5201;0x5202;0x5210;0x5211;0x5212;0x5300;0x5301;0x5302;0x5303;0x5310;0x5311;0x5312;0x5313;0x6000;0x6001;0x6002;0x6003;0x6004;0x6005;0x6010;0x6011;0x6012;0x6013;0x6014;0x6015;0x6100;0x6101;0x6102;0x6103;0x6104;0x6105;0x6110;0x6111;0x6112;0x6113;0x6114;0x6115;0x6200;0x6201;0x6202;0x6204;0x6205;0x6210;0x6211;0x6212;0x6214;0x6215;0x6300;0x6301;0x6302;0x6303;0x6304;0x6305;0x6310;0x6311;0x6312;0x6313;0x6314;0x6315;0x6500;0x6510,WQLMC;WQMMC;WQNMC;WQSMC,WQLMC;WQMMC;WQNMC;WQSMC,,WQLMC;WQMMC;WQNMC;WQSMC,no,
BLUN20,17,MACE,weapon,4D32,M2,yes,,data/Items.bif,0x001000A6,2E37FAE26B6B3551EB030F0FACCD520415F4B37C7F790285BB440C901AA75127,78,78,0x5000;0x5001;0x5002;0x5003;0x5010;0x5011;0x5012;0x5013;0x5100;0x5101;0x5102;0x5103;0x5110;0x5111;0x5112;0x5113;0x5200;0x5201;0x5202;0x5210;0x5211;0x5212;0x5300;0x5301;0x5302;0x5303;0x5310;0x5311;0x5312;0x5313;0x6000;0x6001;0x6002;0x6003;0x6004;0x6005;0x6010;0x6011;0x6012;0x6013;0x6014;0x6015;0x6100;0x6101;0x6102;0x6103;0x6104;0x6105;0x6110;0x6111;0x6112;0x6113;0x6114;0x6115;0x6200;0x6201;0x6202;0x6204;0x6205;0x6210;0x6211;0x6212;0x6214;0x6215;0x6300;0x6301;0x6302;0x6303;0x6304;0x6305;0x6310;0x6311;0x6312;0x6313;0x6314;0x6315;0x6500;0x6510,WQLM2;WQMM2;WQNM2;WQSM2,WQLM2;WQMM2;WQNM2;WQSM2,,WQLM2;WQMM2;WQNM2;WQSM2,no,
BLUN21,17,MACE,weapon,4D43,MC,yes,,data/Items.bif,0x001000A7,E50B77B9445A4451E39331383EE547DBA92E688D5CAB17A31ECC7A0CBA2F8CA4,78,78,0x5000;0x5001;0x5002;0x5003;0x5010;0x5011;0x5012;0x5013;0x5100;0x5101;0x5102;0x5103;0x5110;0x5111;0x5112;0x5113;0x5200;0x5201;0x5202;0x5210;0x5211;0x5212;0x5300;0x5301;0x5302;0x5303;0x5310;0x5311;0x5312;0x5313;0x6000;0x6001;0x6002;0x6003;0x6004;0x6005;0x6010;0x6011;0x6012;0x6013;0x6014;0x6015;0x6100;0x6101;0x6102;0x6103;0x6104;0x6105;0x6110;0x6111;0x6112;0x6113;0x6114;0x6115;0x6200;0x6201;0x6202;0x6204;0x6205;0x6210;0x6211;0x6212;0x6214;0x6215;0x6300;0x6301;0x6302;0x6303;0x6304;0x6305;0x6310;0x6311;0x6312;0x6313;0x6314;0x6315;0x6500;0x6510,WQLMC;WQMMC;WQNMC;WQSMC,WQLMC;WQMMC;WQNMC;WQSMC,,WQLMC;WQMMC;WQNMC;WQSMC,no,
BLUN22,17,MACE,weapon,434C,CL,yes,,data/Items.bif,0x001000A8,F0E8C39FA3B9DDBE72F961D959C600DDE177A6F2C274F63FABF60A119C324B5E,78,78,0x5000;0x5001;0x5002;0x5003;0x5010;0x5011;0x5012;0x5013;0x5100;0x5101;0x5102;0x5103;0x5110;0x5111;0x5112;0x5113;0x5200;0x5201;0x5202;0x5210;0x5211;0x5212;0x5300;0x5301;0x5302;0x5303;0x5310;0x5311;0x5312;0x5313;0x6000;0x6001;0x6002;0x6003;0x6004;0x6005;0x6010;0x6011;0x6012;0x6013;0x6014;0x6015;0x6100;0x6101;0x6102;0x6103;0x6104;0x6105;0x6110;0x6111;0x6112;0x6113;0x6114;0x6115;0x6200;0x6201;0x6202;0x6204;0x6205;0x6210;0x6211;0x6212;0x6214;0x6215;0x6300;0x6301;0x6302;0x6303;0x6304;0x6305;0x6310;0x6311;0x6312;0x6313;0x6314;0x6315;0x6500;0x6510,WQLCL;WQMCL;WQNCL;WQSCL,WQLCL;WQMCL;WQNCL;WQSCL,,WQLCL;WQMCL;WQNCL;WQSCL,no,
BLUN23,17,MACE,weapon,434C,CL,yes,,data/Items.bif,0x001000A9,D2CE757FC9A396B487FCDEC011861222DBA9E34581F59A6EE2A7BDFC9E2EC862,78,78,0x5000;0x5001;0x5002;0x5003;0x5010;0x5011;0x5012;0x5013;0x5100;0x5101;0x5102;0x5103;0x5110;0x5111;0x5112;0x5113;0x5200;0x5201;0x5202;0x5210;0x5211;0x5212;0x5300;0x5301;0x5302;0x5303;0x5310;0x5311;0x5312;0x5313;0x6000;0x6001;0x6002;0x6003;0x6004;0x6005;0x6010;0x6011;0x6012;0x6013;0x6014;0x6015;0x6100;0x6101;0x6102;0x6103;0x6104;0x6105;0x6110;0x6111;0x6112;0x6113;0x6114;0x6115;0x6200;0x6201;0x6202;0x6204;0x6205;0x6210;0x6211;0x6212;0x6214;0x6215;0x6300;0x6301;0x6302;0x6303;0x6304;0x6305;0x6310;0x6311;0x6312;0x6313;0x6314;0x6315;0x6500;0x6510,WQLCL;WQMCL;WQNCL;WQSCL,WQLCL;WQMCL;WQNCL;WQSCL,,WQLCL;WQMCL;WQNCL;WQSCL,no,
BLUN24,17,MACE,weapon,434C,CL,yes,,data/Items.bif,0x001000AA,860141794A7811C2EBF53BE22EB5394CB9A63E37F315E8E737489C27AB5C7AEA,78,78,0x5000;0x5001;0x5002;0x5003;0x5010;0x5011;0x5012;0x5013;0x5100;0x5101;0x5102;0x5103;0x5110;0x5111;0x5112;0x5113;0x5200;0x5201;0x5202;0x5210;0x5211;0x5212;0x5300;0x5301;0x5302;0x5303;0x5310;0x5311;0x5312;0x5313;0x6000;0x6001;0x6002;0x6003;0x6004;0x6005;0x6010;0x6011;0x6012;0x6013;0x6014;0x6015;0x6100;0x6101;0x6102;0x6103;0x6104;0x6105;0x6110;0x6111;0x6112;0x6113;0x6114;0x6115;0x6200;0x6201;0x6202;0x6204;0x6205;0x6210;0x6211;0x6212;0x6214;0x6215;0x6300;0x6301;0x6302;0x6303;0x6304;0x6305;0x6310;0x6311;0x6312;0x6313;0x6314;0x6315;0x6500;0x6510,WQLCL;WQMCL;WQNCL;WQSCL,WQLCL;WQMCL;WQNCL;WQSCL,,WQLCL;WQMCL;WQNCL;WQSCL,no,
BLUN25,17,MACE,weapon,4D32,M2,yes,,data/Items.bif,0x001000AB,E0085C555CF5F2E4F353D1EEFA05933052A45A7C2C8002A9788C77FAF7BC4FEF,78,78,0x5000;0x5001;0x5002;0x5003;0x5010;0x5011;0x5012;0x5013;0x5100;0x5101;0x5102;0x5103;0x5110;0x5111;0x5112;0x5113;0x5200;0x5201;0x5202;0x5210;0x5211;0x5212;0x5300;0x5301;0x5302;0x5303;0x5310;0x5311;0x5312;0x5313;0x6000;0x6001;0x6002;0x6003;0x6004;0x6005;0x6010;0x6011;0x6012;0x6013;0x6014;0x6015;0x6100;0x6101;0x6102;0x6103;0x6104;0x6105;0x6110;0x6111;0x6112;0x6113;0x6114;0x6115;0x6200;0x6201;0x6202;0x6204;0x6205;0x6210;0x6211;0x6212;0x6214;0x6215;0x6300;0x6301;0x6302;0x6303;0x6304;0x6305;0x6310;0x6311;0x6312;0x6313;0x6314;0x6315;0x6500;0x6510,WQLM2;WQMM2;WQNM2;WQSM2,WQLM2;WQMM2;WQNM2;WQSM2,,WQLM2;WQMM2;WQNM2;WQSM2,no,
BLUN26,17,MACE,weapon,434C,CL,yes,,data/25Items.bif,0x0840003C,A9C4D78556A2D98B4935A658C424CD6D6255046E988FDF7B5ED56FA79CF3E486,78,78,0x5000;0x5001;0x5002;0x5003;0x5010;0x5011;0x5012;0x5013;0x5100;0x5101;0x5102;0x5103;0x5110;0x5111;0x5112;0x5113;0x5200;0x5201;0x5202;0x5210;0x5211;0x5212;0x5300;0x5301;0x5302;0x5303;0x5310;0x5311;0x5312;0x5313;0x6000;0x6001;0x6002;0x6003;0x6004;0x6005;0x6010;0x6011;0x6012;0x6013;0x6014;0x6015;0x6100;0x6101;0x6102;0x6103;0x6104;0x6105;0x6110;0x6111;0x6112;0x6113;0x6114;0x6115;0x6200;0x6201;0x6202;0x6204;0x6205;0x6210;0x6211;0x6212;0x6214;0x6215;0x6300;0x6301;0x6302;0x6303;0x6304;0x6305;0x6310;0x6311;0x6312;0x6313;0x6314;0x6315;0x6500;0x6510,WQLCL;WQMCL;WQNCL;WQSCL,WQLCL;WQMCL;WQNCL;WQSCL,,WQLCL;WQMCL;WQNCL;WQSCL,no,
BLUN27,17,MACE,weapon,434C,CL,yes,,data/25Items.bif,0x0840003D,888F9314D8A511D22475B4DA6901236A611E4B0F010012AE1B483EFD2FFDF485,78,78,0x5000;0x5001;0x5002;0x5003;0x5010;0x5011;0x5012;0x5013;0x5100;0x5101;0x5102;0x5103;0x5110;0x5111;0x5112;0x5113;0x5200;0x5201;0x5202;0x5210;0x5211;0x5212;0x5300;0x5301;0x5302;0x5303;0x5310;0x5311;0x5312;0x5313;0x6000;0x6001;0x6002;0x6003;0x6004;0x6005;0x6010;0x6011;0x6012;0x6013;0x6014;0x6015;0x6100;0x6101;0x6102;0x6103;0x6104;0x6105;0x6110;0x6111;0x6112;0x6113;0x6114;0x6115;0x6200;0x6201;0x6202;0x6204;0x6205;0x6210;0x6211;0x6212;0x6214;0x6215;0x6300;0x6301;0x6302;0x6303;0x6304;0x6305;0x6310;0x6311;0x6312;0x6313;0x6314;0x6315;0x6500;0x6510,WQLCL;WQMCL;WQNCL;WQSCL,WQLCL;WQMCL;WQNCL;WQSCL,,WQLCL;WQMCL;WQNCL;WQSCL,no,
BLUN28,17,MACE,weapon,4D43,MC,yes,,data/25Items.bif,0x0840003E,B227B44E7FB0306B74B9E7E439948F984F993235A1AE21935B4F89D2C9B45CE8,78,78,0x5000;0x5001;0x5002;0x5003;0x5010;0x5011;0x5012;0x5013;0x5100;0x5101;0x5102;0x5103;0x5110;0x5111;0x5112;0x5113;0x5200;0x5201;0x5202;0x5210;0x5211;0x5212;0x5300;0x5301;0x5302;0x5303;0x5310;0x5311;0x5312;0x5313;0x6000;0x6001;0x6002;0x6003;0x6004;0x6005;0x6010;0x6011;0x6012;0x6013;0x6014;0x6015;0x6100;0x6101;0x6102;0x6103;0x6104;0x6105;0x6110;0x6111;0x6112;0x6113;0x6114;0x6115;0x6200;0x6201;0x6202;0x6204;0x6205;0x6210;0x6211;0x6212;0x6214;0x6215;0x6300;0x6301;0x6302;0x6303;0x6304;0x6305;0x6310;0x6311;0x6312;0x6313;0x6314;0x6315;0x6500;0x6510,WQLMC;WQMMC;WQNMC;WQSMC,WQLMC;WQMMC;WQNMC;WQSMC,,WQLMC;WQMMC;WQNMC;WQSMC,no,
BLUN29,17,MACE,weapon,4D43,MC,yes,,data/25Items.bif,0x0840003F,F1D18AFEE04FE136DAF25023CB6D944314580317D75855130859E292064B5ECD,78,78,0x5000;0x5001;0x5002;0x5003;0x5010;0x5011;0x5012;0x5013;0x5100;0x5101;0x5102;0x5103;0x5110;0x5111;0x5112;0x5113;0x5200;0x5201;0x5202;0x5210;0x5211;0x5212;0x5300;0x5301;0x5302;0x5303;0x5310;0x5311;0x5312;0x5313;0x6000;0x6001;0x6002;0x6003;0x6004;0x6005;0x6010;0x6011;0x6012;0x6013;0x6014;0x6015;0x6100;0x6101;0x6102;0x6103;0x6104;0x6105;0x6110;0x6111;0x6112;0x6113;0x6114;0x6115;0x6200;0x6201;0x6202;0x6204;0x6205;0x6210;0x6211;0x6212;0x6214;0x6215;0x6300;0x6301;0x6302;0x6303;0x6304;0x6305;0x6310;0x6311;0x6312;0x6313;0x6314;0x6315;0x6500;0x6510,WQLMC;WQMMC;WQNMC;WQSMC,WQLMC;WQMMC;WQNMC;WQSMC,,WQLMC;WQMMC;WQNMC;WQSMC,no,
BLUN30,23,FLAIL,weapon,4633,F3,yes,,data/25Items.bif,0x08400040,19E8A5AA7065E1E620E445E4B2E90D7E478378940E7EF95FF8CC22A78EAD9806,78,78,0x5000;0x5001;0x5002;0x5003;0x5010;0x5011;0x5012;0x5013;0x5100;0x5101;0x5102;0x5103;0x5110;0x5111;0x5112;0x5113;0x5200;0x5201;0x5202;0x5210;0x5211;0x5212;0x5300;0x5301;0x5302;0x5303;0x5310;0x5311;0x5312;0x5313;0x6000;0x6001;0x6002;0x6003;0x6004;0x6005;0x6010;0x6011;0x6012;0x6013;0x6014;0x6015;0x6100;0x6101;0x6102;0x6103;0x6104;0x6105;0x6110;0x6111;0x6112;0x6113;0x6114;0x6115;0x6200;0x6201;0x6202;0x6204;0x6205;0x6210;0x6211;0x6212;0x6214;0x6215;0x6300;0x6301;0x6302;0x6303;0x6304;0x6305;0x6310;0x6311;0x6312;0x6313;0x6314;0x6315;0x6500;0x6510,WQLF3;WQMF3;WQNF3;WQSF3,WQLF3;WQMF3;WQNF3;WQSF3,,WQLF3;WQMF3;WQNF3;WQSF3,no,
BLUN30A,0,MISC,,464C,FL,yes,,data/25Items.bif,0x08400041,BA74517D0F3B25DF90F69FAF9AAD300C0C519463793C9BB7A22D347069045221,0,0,,,,,,no,
BLUN30B,0,MISC,,464C,FL,yes,,data/25Items.bif,0x08400042,2CD381D2EEE449D1D30D02B00D3EDA18DE2A8E1E6707BCE22C504A2631D84F1C,0,0,,,,,,no,
BLUN30C,23,FLAIL,weapon,4633,F3,yes,,data/25Items.bif,0x08400043,891C5D9FE52A0559036FCFCD75A544FC012E5FA4F5CF83DE07DC0D69B1A5BBBD,78,78,0x5000;0x5001;0x5002;0x5003;0x5010;0x5011;0x5012;0x5013;0x5100;0x5101;0x5102;0x5103;0x5110;0x5111;0x5112;0x5113;0x5200;0x5201;0x5202;0x5210;0x5211;0x5212;0x5300;0x5301;0x5302;0x5303;0x5310;0x5311;0x5312;0x5313;0x6000;0x6001;0x6002;0x6003;0x6004;0x6005;0x6010;0x6011;0x6012;0x6013;0x6014;0x6015;0x6100;0x6101;0x6102;0x6103;0x6104;0x6105;0x6110;0x6111;0x6112;0x6113;0x6114;0x6115;0x6200;0x6201;0x6202;0x6204;0x6205;0x6210;0x6211;0x6212;0x6214;0x6215;0x6300;0x6301;0x6302;0x6303;0x6304;0x6305;0x6310;0x6311;0x6312;0x6313;0x6314;0x6315;0x6500;0x6510,WQLF3;WQMF3;WQNF3;WQSF3,WQLF3;WQMF3;WQNF3;WQSF3,,WQLF3;WQMF3;WQNF3;WQSF3,no,
BLUN30D,23,FLAIL,weapon,4633,F3,yes,,data/25Items.bif,0x08400044,822FDD0159E8E5159C739AD8968B0287391585219FEEFA10D0259ED1083AD062,78,78,0x5000;0x5001;0x5002;0x5003;0x5010;0x5011;0x5012;0x5013;0x5100;0x5101;0x5102;0x5103;0x5110;0x5111;0x5112;0x5113;0x5200;0x5201;0x5202;0x5210;0x5211;0x5212;0x5300;0x5301;0x5302;0x5303;0x5310;0x5311;0x5312;0x5313;0x6000;0x6001;0x6002;0x6003;0x6004;0x6005;0x6010;0x6011;0x6012;0x6013;0x6014;0x6015;0x6100;0x6101;0x6102;0x6103;0x6104;0x6105;0x6110;0x6111;0x6112;0x6113;0x6114;0x6115;0x6200;0x6201;0x6202;0x6204;0x6205;0x6210;0x6211;0x6212;0x6214;0x6215;0x6300;0x6301;0x6302;0x6303;0x6304;0x6305;0x6310;0x6311;0x6312;0x6313;0x6314;0x6315;0x6500;0x6510,WQLF3;WQMF3;WQNF3;WQSF3,WQLF3;WQMF3;WQNF3;WQSF3,,WQLF3;WQMF3;WQNF3;WQSF3,no,
BLUN31,17,MACE,weapon,434C,CL,yes,,data/25Items.bif,0x08400045,8C215DF9C992ED63CCFDE651B1136C612C9C3B6523E5AFAEFD0237FAA02407DD,78,78,0x5000;0x5001;0x5002;0x5003;0x5010;0x5011;0x5012;0x5013;0x5100;0x5101;0x5102;0x5103;0x5110;0x5111;0x5112;0x5113;0x5200;0x5201;0x5202;0x5210;0x5211;0x5212;0x5300;0x5301;0x5302;0x5303;0x5310;0x5311;0x5312;0x5313;0x6000;0x6001;0x6002;0x6003;0x6004;0x6005;0x6010;0x6011;0x6012;0x6013;0x6014;0x6015;0x6100;0x6101;0x6102;0x6103;0x6104;0x6105;0x6110;0x6111;0x6112;0x6113;0x6114;0x6115;0x6200;0x6201;0x6202;0x6204;0x6205;0x6210;0x6211;0x6212;0x6214;0x6215;0x6300;0x6301;0x6302;0x6303;0x6304;0x6305;0x6310;0x6311;0x6312;0x6313;0x6314;0x6315;0x6500;0x6510,WQLCL;WQMCL;WQNCL;WQSCL,WQLCL;WQMCL;WQNCL;WQSCL,,WQLCL;WQMCL;WQNCL;WQSCL,no,
BLUN32,23,FLAIL,weapon,464C,FL,yes,,data/25Items.bif,0x08400046,B051BCE3E7EC67385EE5594BF4F87597C4E5B09EED30DCC12DA98373E1980049,78,78,0x5000;0x5001;0x5002;0x5003;0x5010;0x5011;0x5012;0x5013;0x5100;0x5101;0x5102;0x5103;0x5110;0x5111;0x5112;0x5113;0x5200;0x5201;0x5202;0x5210;0x5211;0x5212;0x5300;0x5301;0x5302;0x5303;0x5310;0x5311;0x5312;0x5313;0x6000;0x6001;0x6002;0x6003;0x6004;0x6005;0x6010;0x6011;0x6012;0x6013;0x6014;0x6015;0x6100;0x6101;0x6102;0x6103;0x6104;0x6105;0x6110;0x6111;0x6112;0x6113;0x6114;0x6115;0x6200;0x6201;0x6202;0x6204;0x6205;0x6210;0x6211;0x6212;0x6214;0x6215;0x6300;0x6301;0x6302;0x6303;0x6304;0x6305;0x6310;0x6311;0x6312;0x6313;0x6314;0x6315;0x6500;0x6510,WQLFL;WQMFL;WQNFL;WQSFL,WQLFL;WQMFL;WQNFL;WQSFL,,WQLFL;WQMFL;WQNFL;WQSFL,no,
BLUN33,17,MACE,weapon,4D43,MC,yes,,data/25Items.bif,0x08400047,D1AB83D4BB4284528D805FE01902A8711EA87CC05862C1ADDB588F289F8F3E19,78,78,0x5000;0x5001;0x5002;0x5003;0x5010;0x5011;0x5012;0x5013;0x5100;0x5101;0x5102;0x5103;0x5110;0x5111;0x5112;0x5113;0x5200;0x5201;0x5202;0x5210;0x5211;0x5212;0x5300;0x5301;0x5302;0x5303;0x5310;0x5311;0x5312;0x5313;0x6000;0x6001;0x6002;0x6003;0x6004;0x6005;0x6010;0x6011;0x6012;0x6013;0x6014;0x6015;0x6100;0x6101;0x6102;0x6103;0x6104;0x6105;0x6110;0x6111;0x6112;0x6113;0x6114;0x6115;0x6200;0x6201;0x6202;0x6204;0x6205;0x6210;0x6211;0x6212;0x6214;0x6215;0x6300;0x6301;0x6302;0x6303;0x6304;0x6305;0x6310;0x6311;0x6312;0x6313;0x6314;0x6315;0x6500;0x6510,WQLMC;WQMMC;WQNMC;WQSMC,WQLMC;WQMMC;WQNMC;WQSMC,,WQLMC;WQMMC;WQNMC;WQSMC,no,
BLUN34,22,MSTAR,weapon,4D53,MS,yes,,data/25Items.bif,0x08400048,0F286B9232B88C4F1EE3FC956FCBBC7F39986B09E4F25971CE3B76D237975B68,78,78,0x5000;0x5001;0x5002;0x5003;0x5010;0x5011;0x5012;0x5013;0x5100;0x5101;0x5102;0x5103;0x5110;0x5111;0x5112;0x5113;0x5200;0x5201;0x5202;0x5210;0x5211;0x5212;0x5300;0x5301;0x5302;0x5303;0x5310;0x5311;0x5312;0x5313;0x6000;0x6001;0x6002;0x6003;0x6004;0x6005;0x6010;0x6011;0x6012;0x6013;0x6014;0x6015;0x6100;0x6101;0x6102;0x6103;0x6104;0x6105;0x6110;0x6111;0x6112;0x6113;0x6114;0x6115;0x6200;0x6201;0x6202;0x6204;0x6205;0x6210;0x6211;0x6212;0x6214;0x6215;0x6300;0x6301;0x6302;0x6303;0x6304;0x6305;0x6310;0x6311;0x6312;0x6313;0x6314;0x6315;0x6500;0x6510,WQLMS;WQMMS;WQNMS;WQSMS,WQLMS;WQMMS;WQNMS;WQSMS,,WQLMS;WQMMS;WQNMS;WQSMS,no,
BLUN35,22,MSTAR,weapon,4D53,MS,yes,,data/25Items.bif,0x08400049,A90CD402E15EF05AE9485539AA70A2BBF63A2F8B08FDF030D65D75D549AAA85B,78,78,0x5000;0x5001;0x5002;0x5003;0x5010;0x5011;0x5012;0x5013;0x5100;0x5101;0x5102;0x5103;0x5110;0x5111;0x5112;0x5113;0x5200;0x5201;0x5202;0x5210;0x5211;0x5212;0x5300;0x5301;0x5302;0x5303;0x5310;0x5311;0x5312;0x5313;0x6000;0x6001;0x6002;0x6003;0x6004;0x6005;0x6010;0x6011;0x6012;0x6013;0x6014;0x6015;0x6100;0x6101;0x6102;0x6103;0x6104;0x6105;0x6110;0x6111;0x6112;0x6113;0x6114;0x6115;0x6200;0x6201;0x6202;0x6204;0x6205;0x6210;0x6211;0x6212;0x6214;0x6215;0x6300;0x6301;0x6302;0x6303;0x6304;0x6305;0x6310;0x6311;0x6312;0x6313;0x6314;0x6315;0x6500;0x6510,WQLMS;WQMMS;WQNMS;WQSMS,WQLMS;WQMMS;WQNMS;WQSMS,,WQLMS;WQMMS;WQNMS;WQSMS,no,
BODHI,0,MISC,,2020,,no,,data/Items.bif,0x001000AC,A9A93EC5B72842321816A50DE2B6788346FBBBA12EA7834BBC5A81EE668BE9DD,0,0,,,,,,no,
BOLT01,31,BOLT,,2020,,no,,data/Items.bif,0x001000AD,55EF0585D0EF40A86525A45BAAA62ABEDF0061ED169AEAB3ACA482E46A48955A,0,0,,,,,,no,
BOLT02,31,BOLT,,2020,,no,,data/Items.bif,0x001000AE,DFF728D77CE2F060844833ED2AFF89222F3ADEFBF5EDC09964314D57F089A270,0,0,,,,,,no,
BOLT03,31,BOLT,,2020,,no,,data/Items.bif,0x001000AF,A5AC505F9E703F8C5A7B7387B11E5BA098C8438ECA4BDCE5B333A917487853CC,0,0,,,,,,no,
BOLT04,31,BOLT,,2020,,no,,data/Items.bif,0x001000B0,F9F27AF91A69234C6EF751D0DB3F2B46051B1E2ABB45112AB2F5A040A4093A81,0,0,,,,,,no,
BOLT05,31,BOLT,,2020,,no,,data/Items.bif,0x001000B1,20F073EAF971752FDB802179BE5E30A6AEA525443F6386D19235DACC1BBCA195,0,0,,,,,,no,
BOLT06,31,BOLT,,2020,,no,,data/Items.bif,0x001000B2,C40802FEAAC0107B8353396994859F874EA977CBA76E54EF6180426B84479AF5,0,0,,,,,,no,
BOLT07,31,BOLT,,2020,,no,,data/Items.bif,0x001000B3,04AA492EEB3027E3C5CAA6175961D271742F2C758AFCE83CFF5F7F37FD381237,0,0,,,,,,no,
BOLT08,31,BOLT,,2020,,no,,data/Items.bif,0x001000B4,672456A6D6B84AE9D294A8C760474E794F86561478528F2A6FFC60E8957FA969,0,0,,,,,,no,
BOLT09,31,BOLT,,2020,,no,,data/25Items.bif,0x0840004A,89A48659046BEC7917FD87134F27742553BB0DB35FF67FE1123001EFF70BC6C9,0,0,,,,,,no,
BONEDAG,20,BGSWORD,weapon,5331,S1,yes,,data/25Items.bif,0x0840004B,7F1FA8F6FA8B7222C149A8377345E5DA411D7A86F1723CCA2C8064D1DD1AF6BD,78,78,0x5000;0x5001;0x5002;0x5003;0x5010;0x5011;0x5012;0x5013;0x5100;0x5101;0x5102;0x5103;0x5110;0x5111;0x5112;0x5113;0x5200;0x5201;0x5202;0x5210;0x5211;0x5212;0x5300;0x5301;0x5302;0x5303;0x5310;0x5311;0x5312;0x5313;0x6000;0x6001;0x6002;0x6003;0x6004;0x6005;0x6010;0x6011;0x6012;0x6013;0x6014;0x6015;0x6100;0x6101;0x6102;0x6103;0x6104;0x6105;0x6110;0x6111;0x6112;0x6113;0x6114;0x6115;0x6200;0x6201;0x6202;0x6204;0x6205;0x6210;0x6211;0x6212;0x6214;0x6215;0x6300;0x6301;0x6302;0x6303;0x6304;0x6305;0x6310;0x6311;0x6312;0x6313;0x6314;0x6315;0x6500;0x6510,WQLS1;WQMS1;WQNS1;WQSS1,WQLS1;WQMS1;WQNS1;WQSS1,,WQLS1;WQMS1;WQNS1;WQSS1,no,
BONEFD,0,MISC,,2020,,no,,data/25Items.bif,0x0840004C,4BC50B544CBC429D349E60A92CD10AB470E126F68239E2A1B84D510F11B0B3BB,0,0,,,,,,no,
BONEGOLE,0,MISC,,2020,,no,,data/Items.bif,0x001000B5,ED9578DD483DED76B7556FC3C5D78CDDC6F045A39E29BDC364326C2A6D1149C0,0,0,,,,,,no,
BOOK01,37,BROKEN2,,2020,,no,,data/Items.bif,0x001000B6,B03C6086EC5F988FDD48F30A8C078DA161BBEB09ECD9FB9F54764AC96082FAC4,0,0,,,,,,no,
BOOK02,37,BROKEN2,,2020,,no,,data/Items.bif,0x001000B7,D3777ED80B3E3786780E9638BCE5B61E657DD9E061E71695BB2D377858B4448D,0,0,,,,,,no,
BOOK03,0,MISC,,2020,,no,,data/Items.bif,0x001000B8,2385C0C3159EDFE37EADF8C8FFE3394363B940E254C8DCC74C5E452917AB91DE,0,0,,,,,,no,
BOOK04,0,MISC,,2020,,no,,data/Items.bif,0x001000B9,A7FC13AFA48A5E8B1BD6A122B4B092C03F49D5B89E3AF617B8F00776D7D7605F,0,0,,,,,,no,
BOOK05,0,MISC,,2020,,no,,data/Items.bif,0x001000BA,714BF93958640B56EDA688BF6856E99AE5A00CB4FDC34691E05EB35A2EDA6228,0,0,,,,,,no,
BOOK06,0,MISC,,2020,,no,,data/Items.bif,0x001000BB,8806F0E74BEF2299E103044B8DB4BF670723FA1035B61B4B6CA2631E3ACEE45D,0,0,,,,,,no,
BOOK07,0,MISC,,2020,,no,,data/Items.bif,0x001000BC,01A4C2D96E62FB4B1246338313EAB4B5593A0F0E5F03F56E62138CE68A97010F,0,0,,,,,,no,
BOOK08,0,MISC,,2020,,no,,data/Items.bif,0x001000BD,7F448A5E042BC6661E05E2B6325F13680AEA01B359D13E0AB197C53DABAA0872,0,0,,,,,,no,
BOOK09,37,BROKEN2,,2020,,no,,data/Items.bif,0x001000BE,D41F2459F5134190C8574977256B1CB7B017E5683BDF882120C883F965552FA6,0,0,,,,,,no,
BOOK10,37,BROKEN2,,2020,,no,,data/Items.bif,0x001000BF,BF5A1D649505E2741439A0262EB9204DA4797F90B8A2A266454B6403F45F8551,0,0,,,,,,no,
BOOK11,37,BROKEN2,,2020,,no,,data/Items.bif,0x001000C0,1C7A8A0DFCEB7102F0346B0FDEAF943A1E171914B5867A9B374C587C1AB84D8E,0,0,,,,,,no,
BOOK12,37,BROKEN2,,2020,,no,,data/Items.bif,0x001000C1,EF67EA85353202A657E797EDC0B54C23462AA231990D85F8BF8B8C62365B8891,0,0,,,,,,no,
BOOK13,37,BROKEN2,,2020,,no,,data/Items.bif,0x001000C2,B4110547E4EA53DA51EDE63CFE8913E0EE4B1A83C47D032AB3619557065AACB9,0,0,,,,,,no,
BOOK14,37,BROKEN2,,2020,,no,,data/Items.bif,0x001000C3,9B408D67F695CEAADD41D26CEFA0AF4D1BF564C8607F0CA2BE63146F54076185,0,0,,,,,,no,
BOOK15,37,BROKEN2,,2020,,no,,data/Items.bif,0x001000C4,1B41BD1BDC442A7C73CC82D9CAC1253B1AF2AABFFCD7A87314A54A29A5907559,0,0,,,,,,no,
BOOK16,37,BROKEN2,,2020,,no,,data/Items.bif,0x001000C5,AF8964711710CE79FE9E34B74B12F44E9C1C53A47C2E8CBC85953BF7A7939F4F,0,0,,,,,,no,
BOOK17,37,BROKEN2,,2020,,no,,data/Items.bif,0x001000C6,FE68E9AB7269A6E938A00B85636E0564D7655A646EC880AC77663B25AAC70148,0,0,,,,,,no,
BOOK18,37,BROKEN2,,2020,,no,,data/Items.bif,0x001000C7,CA0483EDCE9C293E38E1D5608142DFD98D99927018BF51A98186878B67304AB3,0,0,,,,,,no,
BOOK19,37,BROKEN2,,2020,,no,,data/Items.bif,0x001000C8,30AF8642352A353C7438F722E9FFB9AC0AFAFC6C5645E36F07D2A59105615EBA,0,0,,,,,,no,
BOOK20,37,BROKEN2,,2020,,no,,data/Items.bif,0x001000C9,D59D38D4D3BEC930565990066C11937BFC513AB69DED8011DD19DF9E6E63D52B,0,0,,,,,,no,
BOOK21,37,BROKEN2,,2020,,no,,data/Items.bif,0x001000CA,813C398415B01E36A962F099688AD48F2D73504F1A7D08602C743B4C6BE01674,0,0,,,,,,no,
BOOK22,37,BROKEN2,,2020,,no,,data/Items.bif,0x001000CB,6675C90A48EFF3888641F0B5DB6E5837B9C95AA07B37AD81DFAD12DC81BFA72F,0,0,,,,,,no,
BOOK23,37,BROKEN2,,2020,,no,,data/Items.bif,0x001000CC,40E4AE99CD05B39C6934318241CC3F8554423EF97A2EEC14984D99A2A191806F,0,0,,,,,,no,
BOOK24,37,BROKEN2,,2020,,no,,data/Items.bif,0x001000CD,75B48B3B7D596BDCA44D716258EC796B761BD77CD4CFFE1A10DDB95F8032B8D1,0,0,,,,,,no,
BOOK25,37,BROKEN2,,2020,,no,,data/Items.bif,0x001000CE,F407B684FDDE1D6E3ABC025B34ACE1385F975041619645E6EFDE90D2A65DF981,0,0,,,,,,no,
BOOK26,37,BROKEN2,,2020,,no,,data/Items.bif,0x001000CF,45DB4D108F24F9EB15CD42546A5C66C17B67FA3F98E4552718416B7B0EBB337A,0,0,,,,,,no,
BOOK27,37,BROKEN2,,2020,,no,,data/Items.bif,0x001000D0,BDFD8B8F100594AC94C7C83FD7AD92364623AA0CF3D0455FFB3EA16B5151C2B6,0,0,,,,,,no,
BOOK28,37,BROKEN2,,2020,,no,,data/Items.bif,0x001000D1,DBD073DC65650E1E955BFFBBE096E5482EC9808C695E239494E1A29A2EB6D500,0,0,,,,,,no,
BOOK29,37,BROKEN2,,2020,,no,,data/Items.bif,0x001000D2,B0E5EE2AF2C0BE9032C4161B87112F82D0F041CE19D37EFE2071F66DA131F81F,0,0,,,,,,no,
BOOK30,37,BROKEN2,,2020,,no,,data/Items.bif,0x001000D3,BA178E79A546552E8C72046BDA06ADF37D28CB58E644413E4A341FC954EF2357,0,0,,,,,,no,
BOOK31,37,BROKEN2,,2020,,no,,data/Items.bif,0x001000D4,BEC947C6F3AC6A3600216584BF9C31C9103BCF3ACB8E8F2FEFD2CCD5D4FA13A6,0,0,,,,,,no,
BOOK32,37,BROKEN2,,2020,,no,,data/Items.bif,0x001000D5,431D5447801314DEE6C1DADC7B0A7E00F982A85087B5162EF87F6E733F7C5DBA,0,0,,,,,,no,
BOOK33,37,BROKEN2,,2020,,no,,data/Items.bif,0x001000D6,01E1A347062007723C46651A2B2C0BCDEC61BFDC942B818F42480B0ADCD25FB2,0,0,,,,,,no,
BOOK34,37,BROKEN2,,2020,,no,,data/Items.bif,0x001000D7,AE99C2703A5A393B63ADEF91D14C95E482B68643B563728DDA5682FAF565D7BD,0,0,,,,,,no,
BOOK35,37,BROKEN2,,2020,,no,,data/Items.bif,0x001000D8,09E99C5D35D9AE2B7B6D046227CE4DDE867C3EFFAF56F25E2621A0CBEBB57C82,0,0,,,,,,no,
BOOK36,37,BROKEN2,,2020,,no,,data/Items.bif,0x001000D9,29815C45F39EB4AC8D7001B1142321B7E9FF1F9D6232E5C542651A26898E2EAB,0,0,,,,,,no,
BOOK37,37,BROKEN2,,2020,,no,,data/Items.bif,0x001000DA,2648C4E1CFC21DA25E23923428A981400B5A2416F6BC5D177B8538B25A6C7CCD,0,0,,,,,,no,
BOOK38,37,BROKEN2,,2020,,no,,data/Items.bif,0x001000DB,7E26538D04DB1F5257287C32767CF5CE0459F72AA7F043BCE90E5B9ED2805F63,0,0,,,,,,no,
BOOK39,37,BROKEN2,,2020,,no,,data/Items.bif,0x001000DC,17D1595F62DAB4526DA2FEAF073758383B8073607A85010BA138DAC7AA8FACB3,0,0,,,,,,no,
BOOK40,37,BROKEN2,,2020,,no,,data/Items.bif,0x001000DD,47B4DFAB4644CBF622B9EF451720C6DB62EFF2A5A4755FC952895386D9D10679,0,0,,,,,,no,
BOOK41,37,BROKEN2,,2020,,no,,data/Items.bif,0x001000DE,59AF2B0FFB0934274764B01669950E07232CC99756DB54A4A8175C2A9DC84BC0,0,0,,,,,,no,
BOOK42,37,BROKEN2,,2020,,no,,data/Items.bif,0x001000DF,555A45C8EC9B27EF18B6218AC3E892BFCE9A6F209784CE551D0891C668CC0E62,0,0,,,,,,no,
BOOK43,37,BROKEN2,,2020,,no,,data/Items.bif,0x001000E0,8CF9950E84C8384A9BA3DCB5B6EE1E9E0796BB9DFACF59550002578674B29678,0,0,,,,,,no,
BOOK44,37,BROKEN2,,2020,,no,,data/Items.bif,0x001000E1,E51E67385B31C5CC7589E84AF35E83751B6CD58811111288EAA1DF583D6EF632,0,0,,,,,,no,
BOOK45,37,BROKEN2,,2020,,no,,data/Items.bif,0x001000E2,5B8B4DEA6EDA353D82FCB5F9AACD6E3AD32BC96A543D2BD055420B8837CCDB7E,0,0,,,,,,no,
BOOK46,37,BROKEN2,,2020,,no,,data/Items.bif,0x001000E3,01CA4952E37B9CBF6B8693B8E08F654BB44C99929ECE5985EA66E58E46EBBF66,0,0,,,,,,no,
BOOK47,37,BROKEN2,,2020,,no,,data/Items.bif,0x001000E4,4E91E4281FA67D89B3FD860532DCDBF6913E6A3C90D560A1F2EC808EB4EBC7E6,0,0,,,,,,no,
BOOK48,37,BROKEN2,,2020,,no,,data/Items.bif,0x001000E5,B4F284399D489BDCAA134CE422CDB3F71DA05F93EEB29F323C6FC07DD417D2E9,0,0,,,,,,no,
BOOK49,37,BROKEN2,,2020,,no,,data/Items.bif,0x001000E6,8845466AC649588A2FD95CF8E8A99B3BFA49C329772BBDFF278BE2C5BA3C7B6E,0,0,,,,,,no,
BOOK50,37,BROKEN2,,2020,,no,,data/Items.bif,0x001000E7,920BE84737E6990C61DF91843737584BECEF9DCEB4FD1EA4FA80C026219F9DE6,0,0,,,,,,no,
BOOK51,37,BROKEN2,,2020,,no,,data/Items.bif,0x001000E8,53EDD0E0B845D6FBB1D4C8C4AAB1795EF51A9868BFF060C02166D14BCF05B941,0,0,,,,,,no,
BOOK52,37,BROKEN2,,2020,,no,,data/Items.bif,0x001000E9,0339978AD9A4F4F7B88BED7E83236D07A6BAEA53BC584C58A169BE72E78762D8,0,0,,,,,,no,
BOOK53,37,BROKEN2,,2020,,no,,data/Items.bif,0x001000EA,004F55C83C12505D2461B64212B728E1E941F248FF7413CB7D73B01BE1F23ACA,0,0,,,,,,no,
BOOK54,37,BROKEN2,,2020,,no,,data/Items.bif,0x001000EB,CF79B45AFBD120CDB4041F329D2A20E74B4DD3A4589127441B913FC2F418F9C8,0,0,,,,,,no,
BOOK55,37,BROKEN2,,2020,,no,,data/Items.bif,0x001000EC,8EE96F75E0250651AE712DB6E8CCF11CDB71EE252E17BA67DFF7AE089FDC0EDA,0,0,,,,,,no,
BOOK56,37,BROKEN2,,2020,,no,,data/Items.bif,0x001000ED,E54F22ECA27564FBA37561CE32D5A95D908F0FAE09140DCAB357DC0D320EC6CC,0,0,,,,,,no,
BOOK57,37,BROKEN2,,2020,,no,,data/Items.bif,0x001000EE,5276EC5387B0CCBE5F0FA78F4D859018E0DFF4A25CC7BC9CED9BB6C50892D65E,0,0,,,,,,no,
BOOK58,37,BROKEN2,,2020,,no,,data/Items.bif,0x001000EF,8FE78317684CACFD8BE364A62EC954013F3F0AD4C4DFC880E48B952A49BFCD37,0,0,,,,,,no,
BOOK59,37,BROKEN2,,2020,,no,,data/Items.bif,0x001000F0,394EE14FD05A93F806C8B9E2B0FA3C84AAE2E3E25545E3EB408DF0BC262B325B,0,0,,,,,,no,
BOOK60,37,BROKEN2,,2020,,no,,data/Items.bif,0x001000F1,A3265F261D4C64304536D0C7FE379CA51CE6A09517A1F6B57554611BF0A0C5C8,0,0,,,,,,no,
BOOK61,37,BROKEN2,,2020,,no,,data/Items.bif,0x001000F2,2B6D826D7793254B5CA3DA0E2834606C4C949312C934DFC0A69035B02DD0DBF7,0,0,,,,,,no,
BOOK62,37,BROKEN2,,2020,,no,,data/Items.bif,0x001000F3,4AA090DA7A8B5A8E5B3F979F40020F2F29B44E3F74434621B5A6D439E42977C5,0,0,,,,,,no,
BOOK63,37,BROKEN2,,2020,,no,,data/Items.bif,0x001000F4,11A3A81F46637B73B5986BFF1142314B84A81AE224658E9746403A0928B21456,0,0,,,,,,no,
BOOK64,37,BROKEN2,,2020,,no,,data/Items.bif,0x001000F5,0863285E29E6F972F41A49EBAB6772A1B102D2802FEAB93C62D9FAF1A85031EE,0,0,,,,,,no,
BOOK65,37,BROKEN2,,2020,,no,,data/Items.bif,0x001000F6,A7F3F392F78239DF03FEF6D866BFAA6D5D3CA2EC59EBDE6944C6DD6CE9273973,0,0,,,,,,no,
BOOK66,37,BROKEN2,,2020,,no,,data/Items.bif,0x001000F7,1BE98B8FB1EF3CC6C044A4AF15E16505A8541053934BB713EE56497AA5019487,0,0,,,,,,no,
BOOK67,37,BROKEN2,,2020,,no,,data/Items.bif,0x001000F8,66854F3114873600928D66BB43225A861A9DB2658F199A8CE9E6AF3DC43A524D,0,0,,,,,,no,
BOOK68,37,BROKEN2,,2020,,no,,data/Items.bif,0x001000F9,05DCC976976D5FFEE9042C6F9A3AAD7BAE2BFDE9EC90C16BDFA28F34562C9191,0,0,,,,,,no,
BOOK70,37,BROKEN2,,2020,,no,,data/Items.bif,0x001000FA,A872D0C7E7A2FEF276436356591A0DCC27ACE89BBBF952E79D3BA41177BDE1A5,0,0,,,,,,no,
BOOK71,37,BROKEN2,,2020,,no,,data/Items.bif,0x001000FB,2CE77177E02FD9F0C301E2B5A9253515081EC7D55EA9E90C528B51E2022722DB,0,0,,,,,,no,
BOOK72,37,BROKEN2,,2020,,no,,data/Items.bif,0x001000FC,15E7A148752F6D3E2A49AA6E789DE86414BC4603F34841A66B5C026449A01419,0,0,,,,,,no,
BOOK73,37,BROKEN2,,2020,,no,,data/Items.bif,0x001000FD,26068FFB68B8017229291565F7813DFD9FFBBBE1D4D5B1291FD90567384BF671,0,0,,,,,,no,
BOOK74,37,BROKEN2,,2020,,no,,data/Items.bif,0x001000FE,6F63FA69575BA1A5A5E85EB6C2BBCC0CDCCFB2CB87813BC3F0E4CA17E60D1A1A,0,0,,,,,,no,
BOOK75,37,BROKEN2,,2020,,no,,data/Items.bif,0x001000FF,B1AB789FC7FD3CFF2A0F21C3E5CB1C8E417C0E91047503B141E2200E6C35E662,0,0,,,,,,no,
BOOK76,37,BROKEN2,,2020,,no,,data/Items.bif,0x00100100,12CE997FD7C245D21442ED157C91164587A94F3FD29819D1A4DE237593B553ED,0,0,,,,,,no,
BOOK77,37,BROKEN2,,2020,,no,,data/Items.bif,0x00100101,6A2F5B6B2B5D8EC11488A1F4885968C6F7B534F92613BCA082B57C3A11FD4C34,0,0,,,,,,no,
BOOK78,37,BROKEN2,,2020,,no,,data/Items.bif,0x00100102,562350FA63E0007C6F3D61E612424636745AB1047970F1F5D68D5027651279FC,0,0,,,,,,no,
BOOK79,37,BROKEN2,,2020,,no,,data/Items.bif,0x00100103,E04F90B599FD4DFFFBA64BAB5ADA8F6AC8CA321146FE4D95DC577C39D6F9856F,0,0,,,,,,no,
BOOK80,37,BROKEN2,,2020,,no,,data/Items.bif,0x00100104,55C300C964CE0A877D43A566B13DB149021E986FAEAD97BD4476F90B42ED0F78,0,0,,,,,,no,
BOOK81,37,BROKEN2,,2020,,no,,data/Items.bif,0x00100105,40A4148D8C1532057E40CD637892812128B5861B4053D273F12B9107E37999B9,0,0,,,,,,no,
BOOK82,37,BROKEN2,,2020,,no,,data/Items.bif,0x00100106,572D2498514DBFE468667B431321706A4F9EC01DB223C1401CE3CF8843AA2B68,0,0,,,,,,no,
BOOK83,37,BROKEN2,,2020,,no,,data/Items.bif,0x00100107,E5C601DED352E1114E55A77CE492993BFF118B0B2F920839311A2FCFB41A4779,0,0,,,,,,no,
BOOK84,37,BROKEN2,,2020,,no,,data/Items.bif,0x00100108,8446648B88DCD3A59E0E094E13B4B2CDA22376C6F395FDF8AD7EF1BF833394DF,0,0,,,,,,no,
BOOK85,37,BROKEN2,,2020,,no,,data/Items.bif,0x00100109,14D67EA2CEB653FB60F1F69904907009D243D4205AE36C1CE9A73E5E92F0F2C1,0,0,,,,,,no,
BOOK86,37,BROKEN2,,2020,,no,,data/Items.bif,0x0010010A,585E55B0C836546E8C1D2F34F4F2644F3594983B6E01EB12D4248A78A6E43642,0,0,,,,,,no,
BOOK87,37,BROKEN2,,2020,,no,,data/Items.bif,0x0010010B,034ED6CEEDF7564FA6F4874B5BEB06905EA920B7D966EDE6588A3BDB8F042483,0,0,,,,,,no,
BOOK88,37,BROKEN2,,2020,,no,,data/Items.bif,0x0010010C,91449B1B7D8B5B5E1EDE4AC5FBA9BC97C8FAF0703C3DD27B8B140D6306CE08F4,0,0,,,,,,no,
BOOK89,37,BROKEN2,,2020,,no,,data/Items.bif,0x0010010D,8548341CFE0A0D5607BB0D76799E75D2F4D58C9FA7E970B695F51FC7EE02BAE6,0,0,,,,,,no,
BOOK90,37,BROKEN2,,2020,,no,,data/Items.bif,0x0010010E,1AC7BD902F0B0830A9057729ACF61CEA61402B7AAE3248C79BDF5F6E9E8484D9,0,0,,,,,,no,
BOOK91,37,BROKEN2,,2020,,no,,data/Items.bif,0x0010010F,A36D170C95A8AB6983192A257232DBE704FCFD5D2C676E5D71CAE4D220DFDEC4,0,0,,,,,,no,
BOOK92,37,BROKEN2,,2020,,no,,data/Items.bif,0x00100110,29A20DEEE14C981B58D9E7C04E9F3934E64F3FC98305AABE270B69524B582C4E,0,0,,,,,,no,
BOOK93,37,BROKEN2,,2020,,no,,data/Items.bif,0x00100111,89FD322E6560238CB3516FC0B575D63F1E4CA5AF353210A3841E9594510FA631,0,0,,,,,,no,
BOOK94,37,BROKEN2,,2020,,no,,data/Items.bif,0x00100112,8D62685657BD94F2DC0A7BD7D763268DD05D3FAC77EAACD7E51F89951E72BFD8,0,0,,,,,,no,
BOOK95,37,BROKEN2,,2020,,no,,data/Items.bif,0x00100113,1BEEB248A79FC2012FB0B6B4C07F1A2293BACDFC50B0EA6EAF85FB7968E27C9C,0,0,,,,,,no,
BOOK96,37,BROKEN2,,2020,,no,,data/Items.bif,0x00100114,28471F1D4275D8CE4E40C3C519EA04A0AB60370012CB8BD17A293DD327C283AF,0,0,,,,,,no,
BOOK97,37,BROKEN2,,2020,,no,,data/Items.bif,0x00100115,BB531217F955C7957822670A6F2D3F9A29665B90E01B34FDFE0AC05BF6D29C55,0,0,,,,,,no,
BOOK98,37,BROKEN2,,2020,,no,,data/Items.bif,0x00100116,89584B414821F96D03DBA8ACDAE623BDC077D0BEA21FC9C6633234B6CC345F2A,0,0,,,,,,no,
BOOKEE,37,BROKEN2,,2020,,no,,data/25Items.bif,0x0840004D,6CDF34C6729C2E2439E1B696CC53D2E1B8C0F3E6016AE88757E919F23EFB4AF7,0,0,,,,,,no,
BOOT01,4,BOOT,,2020,,no,,data/Items.bif,0x00100117,CE83EBDE252AE9BED29CD5845F6653872B23DA5769253797826EB10D56335057,0,0,,,,,,no,
BOOT02,4,BOOT,,2020,,no,,data/Items.bif,0x00100118,35A018DD1B0B4500F8214969918A5FA6883933C553FDDC32E2AAD47F2772A608,0,0,,,,,,no,
BOOT03,4,BOOT,,2020,,no,,data/Items.bif,0x00100119,10F528189D3DB71E943DA08F24EFC9D36009F7103322E050AAD223201B6227A0,0,0,,,,,,no,
BOOT04,4,BOOT,,2020,,no,,data/Items.bif,0x0010011A,5DA5E1811F73D9E182478881FA28209DCCF66CB13F1B37CF895A208A50DD1B22,0,0,,,,,,no,
BOOT05,4,BOOT,,2020,,no,,data/Items.bif,0x0010011B,943137A10645C89006399E26B910E80B5FFE80E3DFA1B0CC26616FE4095F415F,0,0,,,,,,no,
BOOT06,4,BOOT,,2020,,no,,data/Items.bif,0x0010011C,397FA54E7264CE889A0786DBA020F722CB90ABB0CE5DFC6C047E75EA493A8524,0,0,,,,,,no,
BOOT07,4,BOOT,,2020,,no,,data/Items.bif,0x0010011D,6C7C4F5159D2D855A4E0414FE9597CDCA97151FFEEB50C04D0CEAC09F1827F0C,0,0,,,,,,no,
BOOT08,4,BOOT,,2020,,no,,data/Items.bif,0x0010011E,4578DCF54053208937EC993E6C4173572A0B8FC22303140F7803C6FFBB937F3B,0,0,,,,,,no,
BOOT09,4,BOOT,,2020,,no,,data/Items.bif,0x0010011F,462DF7B63470B17B504E9E51460220883086E06F315E334C85D60F8BD159E74E,0,0,,,,,,no,
BOOT10,4,BOOT,,2020,,no,,data/Items.bif,0x00100120,1036376F7E82760042D046D2E8F1A729A3536E7A4D463B5C863E0CC330E068CE,0,0,,,,,,no,
BOOT11,4,BOOT,,2020,,no,,data/Items.bif,0x00100121,DEB61FA0C482D5D0882C9319EEE790C0B1D84B75E5F36FC323D8C44A6A1328E8,0,0,,,,,,no,
BOOT12,4,BOOT,,2020,,no,,data/25Items.bif,0x0840004E,3B5FC56E518DA8CC6626472E9A1F6CC60AA910820B6868F19ACE2CA20093E57C,0,0,,,,,,no,
BOOTDRIZ,4,BOOT,,2020,,no,,data/Items.bif,0x00100122,8FEEBF0A2AAFE05B9677C398A269FB57BD5C3179C852D7A984947E8FDD58691F,0,0,,,,,,no,
BOTSMITH,0,MISC,,2020,,no,,data/25Items.bif,0x0840004F,D5B078702CAC249BFB2CF149A38808DA38F6B9383A8C202B8A2CD4D1C0BB8133,0,0,,,,,,no,
BOW01,15,BOW,weapon,4257,BW,yes,,data/Items.bif,0x00100123,E1C6EA78523C39E961341400D94680BDB9E57C3279BE32E9EF9F9831DAC0AE2A,78,78,0x5000;0x5001;0x5002;0x5003;0x5010;0x5011;0x5012;0x5013;0x5100;0x5101;0x5102;0x5103;0x5110;0x5111;0x5112;0x5113;0x5200;0x5201;0x5202;0x5210;0x5211;0x5212;0x5300;0x5301;0x5302;0x5303;0x5310;0x5311;0x5312;0x5313;0x6000;0x6001;0x6002;0x6003;0x6004;0x6005;0x6010;0x6011;0x6012;0x6013;0x6014;0x6015;0x6100;0x6101;0x6102;0x6103;0x6104;0x6105;0x6110;0x6111;0x6112;0x6113;0x6114;0x6115;0x6200;0x6201;0x6202;0x6204;0x6205;0x6210;0x6211;0x6212;0x6214;0x6215;0x6300;0x6301;0x6302;0x6303;0x6304;0x6305;0x6310;0x6311;0x6312;0x6313;0x6314;0x6315;0x6500;0x6510,WQLBW;WQMBW;WQNBW;WQSBW,WQLBW;WQMBW;WQNBW;WQSBW,,WQLBW;WQMBW;WQNBW;WQSBW,no,
BOW02,15,BOW,weapon,4257,BW,yes,,data/Items.bif,0x00100124,B8256227996DE902213D7B12D6769187D6DCAE572A4E6D93FB4AE3A0C9FF6655,78,78,0x5000;0x5001;0x5002;0x5003;0x5010;0x5011;0x5012;0x5013;0x5100;0x5101;0x5102;0x5103;0x5110;0x5111;0x5112;0x5113;0x5200;0x5201;0x5202;0x5210;0x5211;0x5212;0x5300;0x5301;0x5302;0x5303;0x5310;0x5311;0x5312;0x5313;0x6000;0x6001;0x6002;0x6003;0x6004;0x6005;0x6010;0x6011;0x6012;0x6013;0x6014;0x6015;0x6100;0x6101;0x6102;0x6103;0x6104;0x6105;0x6110;0x6111;0x6112;0x6113;0x6114;0x6115;0x6200;0x6201;0x6202;0x6204;0x6205;0x6210;0x6211;0x6212;0x6214;0x6215;0x6300;0x6301;0x6302;0x6303;0x6304;0x6305;0x6310;0x6311;0x6312;0x6313;0x6314;0x6315;0x6500;0x6510,WQLBW;WQMBW;WQNBW;WQSBW,WQLBW;WQMBW;WQNBW;WQSBW,,WQLBW;WQMBW;WQNBW;WQSBW,no,
BOW03,15,BOW,weapon,4257,BW,yes,,data/Items.bif,0x00100125,5FBE1968FDD0BF46F3C613C97481D6F3403CDC18174C102EB47CCA4C5AF98084,78,78,0x5000;0x5001;0x5002;0x5003;0x5010;0x5011;0x5012;0x5013;0x5100;0x5101;0x5102;0x5103;0x5110;0x5111;0x5112;0x5113;0x5200;0x5201;0x5202;0x5210;0x5211;0x5212;0x5300;0x5301;0x5302;0x5303;0x5310;0x5311;0x5312;0x5313;0x6000;0x6001;0x6002;0x6003;0x6004;0x6005;0x6010;0x6011;0x6012;0x6013;0x6014;0x6015;0x6100;0x6101;0x6102;0x6103;0x6104;0x6105;0x6110;0x6111;0x6112;0x6113;0x6114;0x6115;0x6200;0x6201;0x6202;0x6204;0x6205;0x6210;0x6211;0x6212;0x6214;0x6215;0x6300;0x6301;0x6302;0x6303;0x6304;0x6305;0x6310;0x6311;0x6312;0x6313;0x6314;0x6315;0x6500;0x6510,WQLBW;WQMBW;WQNBW;WQSBW,WQLBW;WQMBW;WQNBW;WQSBW,,WQLBW;WQMBW;WQNBW;WQSBW,no,
BOW04,15,BOW,weapon,4257,BW,yes,,data/Items.bif,0x00100126,C0D2D5761D76D5A95A46789181B99E063085A153A6B296E7858712D114751702,78,78,0x5000;0x5001;0x5002;0x5003;0x5010;0x5011;0x5012;0x5013;0x5100;0x5101;0x5102;0x5103;0x5110;0x5111;0x5112;0x5113;0x5200;0x5201;0x5202;0x5210;0x5211;0x5212;0x5300;0x5301;0x5302;0x5303;0x5310;0x5311;0x5312;0x5313;0x6000;0x6001;0x6002;0x6003;0x6004;0x6005;0x6010;0x6011;0x6012;0x6013;0x6014;0x6015;0x6100;0x6101;0x6102;0x6103;0x6104;0x6105;0x6110;0x6111;0x6112;0x6113;0x6114;0x6115;0x6200;0x6201;0x6202;0x6204;0x6205;0x6210;0x6211;0x6212;0x6214;0x6215;0x6300;0x6301;0x6302;0x6303;0x6304;0x6305;0x6310;0x6311;0x6312;0x6313;0x6314;0x6315;0x6500;0x6510,WQLBW;WQMBW;WQNBW;WQSBW,WQLBW;WQMBW;WQNBW;WQSBW,,WQLBW;WQMBW;WQNBW;WQSBW,no,
BOW05,15,BOW,weapon,4253,BS,yes,,data/Items.bif,0x00100127,0BFC6680B759239052DCD1882A1D2F354E7BC840E535F0B9499A5C7A3C07D797,78,78,0x5000;0x5001;0x5002;0x5003;0x5010;0x5011;0x5012;0x5013;0x5100;0x5101;0x5102;0x5103;0x5110;0x5111;0x5112;0x5113;0x5200;0x5201;0x5202;0x5210;0x5211;0x5212;0x5300;0x5301;0x5302;0x5303;0x5310;0x5311;0x5312;0x5313;0x6000;0x6001;0x6002;0x6003;0x6004;0x6005;0x6010;0x6011;0x6012;0x6013;0x6014;0x6015;0x6100;0x6101;0x6102;0x6103;0x6104;0x6105;0x6110;0x6111;0x6112;0x6113;0x6114;0x6115;0x6200;0x6201;0x6202;0x6204;0x6205;0x6210;0x6211;0x6212;0x6214;0x6215;0x6300;0x6301;0x6302;0x6303;0x6304;0x6305;0x6310;0x6311;0x6312;0x6313;0x6314;0x6315;0x6500;0x6510,WQLBS;WQMBS;WQNBS;WQSBS,WQLBS;WQMBS;WQNBS;WQSBS,,WQLBS;WQMBS;WQNBS;WQSBS,no,
BOW06,15,BOW,weapon,4253,BS,yes,,data/Items.bif,0x00100128,E0AC4A758E260E225E795EAFBEA1DF04F20FA6C7DF18A8637414D9303138D888,78,78,0x5000;0x5001;0x5002;0x5003;0x5010;0x5011;0x5012;0x5013;0x5100;0x5101;0x5102;0x5103;0x5110;0x5111;0x5112;0x5113;0x5200;0x5201;0x5202;0x5210;0x5211;0x5212;0x5300;0x5301;0x5302;0x5303;0x5310;0x5311;0x5312;0x5313;0x6000;0x6001;0x6002;0x6003;0x6004;0x6005;0x6010;0x6011;0x6012;0x6013;0x6014;0x6015;0x6100;0x6101;0x6102;0x6103;0x6104;0x6105;0x6110;0x6111;0x6112;0x6113;0x6114;0x6115;0x6200;0x6201;0x6202;0x6204;0x6205;0x6210;0x6211;0x6212;0x6214;0x6215;0x6300;0x6301;0x6302;0x6303;0x6304;0x6305;0x6310;0x6311;0x6312;0x6313;0x6314;0x6315;0x6500;0x6510,WQLBS;WQMBS;WQNBS;WQSBS,WQLBS;WQMBS;WQNBS;WQSBS,,WQLBS;WQMBS;WQNBS;WQSBS,no,
BOW07,15,BOW,weapon,4257,BW,yes,,data/Items.bif,0x00100129,1CE2B15355258748E7F366D2863F2203A2CCFBFAFBFDEB1E44046990598E2073,78,78,0x5000;0x5001;0x5002;0x5003;0x5010;0x5011;0x5012;0x5013;0x5100;0x5101;0x5102;0x5103;0x5110;0x5111;0x5112;0x5113;0x5200;0x5201;0x5202;0x5210;0x5211;0x5212;0x5300;0x5301;0x5302;0x5303;0x5310;0x5311;0x5312;0x5313;0x6000;0x6001;0x6002;0x6003;0x6004;0x6005;0x6010;0x6011;0x6012;0x6013;0x6014;0x6015;0x6100;0x6101;0x6102;0x6103;0x6104;0x6105;0x6110;0x6111;0x6112;0x6113;0x6114;0x6115;0x6200;0x6201;0x6202;0x6204;0x6205;0x6210;0x6211;0x6212;0x6214;0x6215;0x6300;0x6301;0x6302;0x6303;0x6304;0x6305;0x6310;0x6311;0x6312;0x6313;0x6314;0x6315;0x6500;0x6510,WQLBW;WQMBW;WQNBW;WQSBW,WQLBW;WQMBW;WQNBW;WQSBW,,WQLBW;WQMBW;WQNBW;WQSBW,no,
BOW08,15,BOW,weapon,4253,BS,yes,,data/Items.bif,0x0010012A,074BD10C648AACCCD2BA6E5CDF70319869A5536806EFF04D0CC7B654FC7C3D29,78,78,0x5000;0x5001;0x5002;0x5003;0x5010;0x5011;0x5012;0x5013;0x5100;0x5101;0x5102;0x5103;0x5110;0x5111;0x5112;0x5113;0x5200;0x5201;0x5202;0x5210;0x5211;0x5212;0x5300;0x5301;0x5302;0x5303;0x5310;0x5311;0x5312;0x5313;0x6000;0x6001;0x6002;0x6003;0x6004;0x6005;0x6010;0x6011;0x6012;0x6013;0x6014;0x6015;0x6100;0x6101;0x6102;0x6103;0x6104;0x6105;0x6110;0x6111;0x6112;0x6113;0x6114;0x6115;0x6200;0x6201;0x6202;0x6204;0x6205;0x6210;0x6211;0x6212;0x6214;0x6215;0x6300;0x6301;0x6302;0x6303;0x6304;0x6305;0x6310;0x6311;0x6312;0x6313;0x6314;0x6315;0x6500;0x6510,WQLBS;WQMBS;WQNBS;WQSBS,WQLBS;WQMBS;WQNBS;WQSBS,,WQLBS;WQMBS;WQNBS;WQSBS,no,
BOW09,15,BOW,weapon,4257,BW,yes,,data/Items.bif,0x0010012B,9C73C4D419E9B008D224D2680DEAF41143D54C5A0B6B5918FF2F079EFC7E4CC6,78,78,0x5000;0x5001;0x5002;0x5003;0x5010;0x5011;0x5012;0x5013;0x5100;0x5101;0x5102;0x5103;0x5110;0x5111;0x5112;0x5113;0x5200;0x5201;0x5202;0x5210;0x5211;0x5212;0x5300;0x5301;0x5302;0x5303;0x5310;0x5311;0x5312;0x5313;0x6000;0x6001;0x6002;0x6003;0x6004;0x6005;0x6010;0x6011;0x6012;0x6013;0x6014;0x6015;0x6100;0x6101;0x6102;0x6103;0x6104;0x6105;0x6110;0x6111;0x6112;0x6113;0x6114;0x6115;0x6200;0x6201;0x6202;0x6204;0x6205;0x6210;0x6211;0x6212;0x6214;0x6215;0x6300;0x6301;0x6302;0x6303;0x6304;0x6305;0x6310;0x6311;0x6312;0x6313;0x6314;0x6315;0x6500;0x6510,WQLBW;WQMBW;WQNBW;WQSBW,WQLBW;WQMBW;WQNBW;WQSBW,,WQLBW;WQMBW;WQNBW;WQSBW,no,
BOW10,15,BOW,weapon,4257,BW,yes,,data/Items.bif,0x0010012C,3AB91550E0346CD36A7AE1D928D0397FE477B7CBF1FB225F4C149B4534C853D9,78,78,0x5000;0x5001;0x5002;0x5003;0x5010;0x5011;0x5012;0x5013;0x5100;0x5101;0x5102;0x5103;0x5110;0x5111;0x5112;0x5113;0x5200;0x5201;0x5202;0x5210;0x5211;0x5212;0x5300;0x5301;0x5302;0x5303;0x5310;0x5311;0x5312;0x5313;0x6000;0x6001;0x6002;0x6003;0x6004;0x6005;0x6010;0x6011;0x6012;0x6013;0x6014;0x6015;0x6100;0x6101;0x6102;0x6103;0x6104;0x6105;0x6110;0x6111;0x6112;0x6113;0x6114;0x6115;0x6200;0x6201;0x6202;0x6204;0x6205;0x6210;0x6211;0x6212;0x6214;0x6215;0x6300;0x6301;0x6302;0x6303;0x6304;0x6305;0x6310;0x6311;0x6312;0x6313;0x6314;0x6315;0x6500;0x6510,WQLBW;WQMBW;WQNBW;WQSBW,WQLBW;WQMBW;WQNBW;WQSBW,,WQLBW;WQMBW;WQNBW;WQSBW,no,
BOW11,15,BOW,weapon,4257,BW,yes,,data/Items.bif,0x0010012D,3C1690DBFC6E1CDC9E36FEED0C3563C064F7AE1345F5C699A4EA6A0D49532190,78,78,0x5000;0x5001;0x5002;0x5003;0x5010;0x5011;0x5012;0x5013;0x5100;0x5101;0x5102;0x5103;0x5110;0x5111;0x5112;0x5113;0x5200;0x5201;0x5202;0x5210;0x5211;0x5212;0x5300;0x5301;0x5302;0x5303;0x5310;0x5311;0x5312;0x5313;0x6000;0x6001;0x6002;0x6003;0x6004;0x6005;0x6010;0x6011;0x6012;0x6013;0x6014;0x6015;0x6100;0x6101;0x6102;0x6103;0x6104;0x6105;0x6110;0x6111;0x6112;0x6113;0x6114;0x6115;0x6200;0x6201;0x6202;0x6204;0x6205;0x6210;0x6211;0x6212;0x6214;0x6215;0x6300;0x6301;0x6302;0x6303;0x6304;0x6305;0x6310;0x6311;0x6312;0x6313;0x6314;0x6315;0x6500;0x6510,WQLBW;WQMBW;WQNBW;WQSBW,WQLBW;WQMBW;WQNBW;WQSBW,,WQLBW;WQMBW;WQNBW;WQSBW,no,
BOW12,15,BOW,weapon,4257,BW,yes,,data/Items.bif,0x0010012E,552CA1DE3AEA6CA0BDD9EE1F9127B2BAB3725C11E4EFC90046AD8F74C4DCC95C,78,78,0x5000;0x5001;0x5002;0x5003;0x5010;0x5011;0x5012;0x5013;0x5100;0x5101;0x5102;0x5103;0x5110;0x5111;0x5112;0x5113;0x5200;0x5201;0x5202;0x5210;0x5211;0x5212;0x5300;0x5301;0x5302;0x5303;0x5310;0x5311;0x5312;0x5313;0x6000;0x6001;0x6002;0x6003;0x6004;0x6005;0x6010;0x6011;0x6012;0x6013;0x6014;0x6015;0x6100;0x6101;0x6102;0x6103;0x6104;0x6105;0x6110;0x6111;0x6112;0x6113;0x6114;0x6115;0x6200;0x6201;0x6202;0x6204;0x6205;0x6210;0x6211;0x6212;0x6214;0x6215;0x6300;0x6301;0x6302;0x6303;0x6304;0x6305;0x6310;0x6311;0x6312;0x6313;0x6314;0x6315;0x6500;0x6510,WQLBW;WQMBW;WQNBW;WQSBW,WQLBW;WQMBW;WQNBW;WQSBW,,WQLBW;WQMBW;WQNBW;WQSBW,no,
BOW13,15,BOW,weapon,4257,BW,yes,,data/Items.bif,0x0010012F,D5F78A5E7E16435AC470CB72A555E4CD8FC20AF1FE08D68634A5569DDD7B1105,78,78,0x5000;0x5001;0x5002;0x5003;0x5010;0x5011;0x5012;0x5013;0x5100;0x5101;0x5102;0x5103;0x5110;0x5111;0x5112;0x5113;0x5200;0x5201;0x5202;0x5210;0x5211;0x5212;0x5300;0x5301;0x5302;0x5303;0x5310;0x5311;0x5312;0x5313;0x6000;0x6001;0x6002;0x6003;0x6004;0x6005;0x6010;0x6011;0x6012;0x6013;0x6014;0x6015;0x6100;0x6101;0x6102;0x6103;0x6104;0x6105;0x6110;0x6111;0x6112;0x6113;0x6114;0x6115;0x6200;0x6201;0x6202;0x6204;0x6205;0x6210;0x6211;0x6212;0x6214;0x6215;0x6300;0x6301;0x6302;0x6303;0x6304;0x6305;0x6310;0x6311;0x6312;0x6313;0x6314;0x6315;0x6500;0x6510,WQLBW;WQMBW;WQNBW;WQSBW,WQLBW;WQMBW;WQNBW;WQSBW,,WQLBW;WQMBW;WQNBW;WQSBW,no,
BOW14,15,BOW,weapon,4253,BS,yes,,data/Items.bif,0x00100130,14B8AAB79B93B0B282DFCA4A953BA1A84C7A8A5BF2331C9C62E51BC7FB13C834,78,78,0x5000;0x5001;0x5002;0x5003;0x5010;0x5011;0x5012;0x5013;0x5100;0x5101;0x5102;0x5103;0x5110;0x5111;0x5112;0x5113;0x5200;0x5201;0x5202;0x5210;0x5211;0x5212;0x5300;0x5301;0x5302;0x5303;0x5310;0x5311;0x5312;0x5313;0x6000;0x6001;0x6002;0x6003;0x6004;0x6005;0x6010;0x6011;0x6012;0x6013;0x6014;0x6015;0x6100;0x6101;0x6102;0x6103;0x6104;0x6105;0x6110;0x6111;0x6112;0x6113;0x6114;0x6115;0x6200;0x6201;0x6202;0x6204;0x6205;0x6210;0x6211;0x6212;0x6214;0x6215;0x6300;0x6301;0x6302;0x6303;0x6304;0x6305;0x6310;0x6311;0x6312;0x6313;0x6314;0x6315;0x6500;0x6510,WQLBS;WQMBS;WQNBS;WQSBS,WQLBS;WQMBS;WQNBS;WQSBS,,WQLBS;WQMBS;WQNBS;WQSBS,no,
BOW15,15,BOW,weapon,4253,BS,yes,,data/Items.bif,0x00100131,F2E464BA56FD00C7C8D98E5242264812A57144E4F3FC1D383DCD2FFBA872BA02,78,78,0x5000;0x5001;0x5002;0x5003;0x5010;0x5011;0x5012;0x5013;0x5100;0x5101;0x5102;0x5103;0x5110;0x5111;0x5112;0x5113;0x5200;0x5201;0x5202;0x5210;0x5211;0x5212;0x5300;0x5301;0x5302;0x5303;0x5310;0x5311;0x5312;0x5313;0x6000;0x6001;0x6002;0x6003;0x6004;0x6005;0x6010;0x6011;0x6012;0x6013;0x6014;0x6015;0x6100;0x6101;0x6102;0x6103;0x6104;0x6105;0x6110;0x6111;0x6112;0x6113;0x6114;0x6115;0x6200;0x6201;0x6202;0x6204;0x6205;0x6210;0x6211;0x6212;0x6214;0x6215;0x6300;0x6301;0x6302;0x6303;0x6304;0x6305;0x6310;0x6311;0x6312;0x6313;0x6314;0x6315;0x6500;0x6510,WQLBS;WQMBS;WQNBS;WQSBS,WQLBS;WQMBS;WQNBS;WQSBS,,WQLBS;WQMBS;WQNBS;WQSBS,no,
BOW16,15,BOW,weapon,4257,BW,yes,,data/Items.bif,0x00100132,5B127310D2FEC9E8C036D34454C7DE38A5F6639AF2B3F278909235976F82C2D1,78,78,0x5000;0x5001;0x5002;0x5003;0x5010;0x5011;0x5012;0x5013;0x5100;0x5101;0x5102;0x5103;0x5110;0x5111;0x5112;0x5113;0x5200;0x5201;0x5202;0x5210;0x5211;0x5212;0x5300;0x5301;0x5302;0x5303;0x5310;0x5311;0x5312;0x5313;0x6000;0x6001;0x6002;0x6003;0x6004;0x6005;0x6010;0x6011;0x6012;0x6013;0x6014;0x6015;0x6100;0x6101;0x6102;0x6103;0x6104;0x6105;0x6110;0x6111;0x6112;0x6113;0x6114;0x6115;0x6200;0x6201;0x6202;0x6204;0x6205;0x6210;0x6211;0x6212;0x6214;0x6215;0x6300;0x6301;0x6302;0x6303;0x6304;0x6305;0x6310;0x6311;0x6312;0x6313;0x6314;0x6315;0x6500;0x6510,WQLBW;WQMBW;WQNBW;WQSBW,WQLBW;WQMBW;WQNBW;WQSBW,,WQLBW;WQMBW;WQNBW;WQSBW,no,
BOW17,15,BOW,weapon,4257,BW,yes,,data/Items.bif,0x00100133,316BA1DCE1F08B9B188558FFD605B08B5DEFB0B132C3DAAF7E22EFB7E5927C10,78,78,0x5000;0x5001;0x5002;0x5003;0x5010;0x5011;0x5012;0x5013;0x5100;0x5101;0x5102;0x5103;0x5110;0x5111;0x5112;0x5113;0x5200;0x5201;0x5202;0x5210;0x5211;0x5212;0x5300;0x5301;0x5302;0x5303;0x5310;0x5311;0x5312;0x5313;0x6000;0x6001;0x6002;0x6003;0x6004;0x6005;0x6010;0x6011;0x6012;0x6013;0x6014;0x6015;0x6100;0x6101;0x6102;0x6103;0x6104;0x6105;0x6110;0x6111;0x6112;0x6113;0x6114;0x6115;0x6200;0x6201;0x6202;0x6204;0x6205;0x6210;0x6211;0x6212;0x6214;0x6215;0x6300;0x6301;0x6302;0x6303;0x6304;0x6305;0x6310;0x6311;0x6312;0x6313;0x6314;0x6315;0x6500;0x6510,WQLBW;WQMBW;WQNBW;WQSBW,WQLBW;WQMBW;WQNBW;WQSBW,,WQLBW;WQMBW;WQNBW;WQSBW,no,
BOW18,15,BOW,weapon,4253,BS,yes,,data/Items.bif,0x00100134,AADC8F0021B0F53F1A91B7C694CFCB87607209DC92415870A8AEA932EE3E14DF,78,78,0x5000;0x5001;0x5002;0x5003;0x5010;0x5011;0x5012;0x5013;0x5100;0x5101;0x5102;0x5103;0x5110;0x5111;0x5112;0x5113;0x5200;0x5201;0x5202;0x5210;0x5211;0x5212;0x5300;0x5301;0x5302;0x5303;0x5310;0x5311;0x5312;0x5313;0x6000;0x6001;0x6002;0x6003;0x6004;0x6005;0x6010;0x6011;0x6012;0x6013;0x6014;0x6015;0x6100;0x6101;0x6102;0x6103;0x6104;0x6105;0x6110;0x6111;0x6112;0x6113;0x6114;0x6115;0x6200;0x6201;0x6202;0x6204;0x6205;0x6210;0x6211;0x6212;0x6214;0x6215;0x6300;0x6301;0x6302;0x6303;0x6304;0x6305;0x6310;0x6311;0x6312;0x6313;0x6314;0x6315;0x6500;0x6510,WQLBS;WQMBS;WQNBS;WQSBS,WQLBS;WQMBS;WQNBS;WQSBS,,WQLBS;WQMBS;WQNBS;WQSBS,no,
BOW19,15,BOW,weapon,4253,BS,yes,,data/Items.bif,0x00100135,56FE45068F59332C4C0C02EB036AAEE019A823EBC08735ACFBA23541E2926AC1,78,78,0x5000;0x5001;0x5002;0x5003;0x5010;0x5011;0x5012;0x5013;0x5100;0x5101;0x5102;0x5103;0x5110;0x5111;0x5112;0x5113;0x5200;0x5201;0x5202;0x5210;0x5211;0x5212;0x5300;0x5301;0x5302;0x5303;0x5310;0x5311;0x5312;0x5313;0x6000;0x6001;0x6002;0x6003;0x6004;0x6005;0x6010;0x6011;0x6012;0x6013;0x6014;0x6015;0x6100;0x6101;0x6102;0x6103;0x6104;0x6105;0x6110;0x6111;0x6112;0x6113;0x6114;0x6115;0x6200;0x6201;0x6202;0x6204;0x6205;0x6210;0x6211;0x6212;0x6214;0x6215;0x6300;0x6301;0x6302;0x6303;0x6304;0x6305;0x6310;0x6311;0x6312;0x6313;0x6314;0x6315;0x6500;0x6510,WQLBS;WQMBS;WQNBS;WQSBS,WQLBS;WQMBS;WQNBS;WQSBS,,WQLBS;WQMBS;WQNBS;WQSBS,no,
BOW19A,0,MISC,,2020,,no,,data/Items.bif,0x00100136,CE7120D4FBA0A2CCB5EFD2B1DAEAD92F7780C568BD8F8175897ECEC24786735C,0,0,,,,,,no,
BOW19B,0,MISC,,2020,,no,,data/Items.bif,0x00100137,1041F5D8C44F41FF529D09AC5935CECCAD46737E8836C1897E6003F6FC3C6255,0,0,,,,,,no,
BOW20,15,BOW,weapon,4253,BS,yes,,data/25Items.bif,0x08400050,3E39DE3565A6887CDA1B02A97D92C8F74F88550BBA77B0136E92BBC95F614749,78,78,0x5000;0x5001;0x5002;0x5003;0x5010;0x5011;0x5012;0x5013;0x5100;0x5101;0x5102;0x5103;0x5110;0x5111;0x5112;0x5113;0x5200;0x5201;0x5202;0x5210;0x5211;0x5212;0x5300;0x5301;0x5302;0x5303;0x5310;0x5311;0x5312;0x5313;0x6000;0x6001;0x6002;0x6003;0x6004;0x6005;0x6010;0x6011;0x6012;0x6013;0x6014;0x6015;0x6100;0x6101;0x6102;0x6103;0x6104;0x6105;0x6110;0x6111;0x6112;0x6113;0x6114;0x6115;0x6200;0x6201;0x6202;0x6204;0x6205;0x6210;0x6211;0x6212;0x6214;0x6215;0x6300;0x6301;0x6302;0x6303;0x6304;0x6305;0x6310;0x6311;0x6312;0x6313;0x6314;0x6315;0x6500;0x6510,WQLBS;WQMBS;WQNBS;WQSBS,WQLBS;WQMBS;WQNBS;WQSBS,,WQLBS;WQMBS;WQNBS;WQSBS,no,
BOW21,15,BOW,weapon,4253,BS,yes,,data/25Items.bif,0x08400051,61F38134DF61B51AF2D433BE58F9AC529FB71C23E47F8041260E295D50332E78,78,78,0x5000;0x5001;0x5002;0x5003;0x5010;0x5011;0x5012;0x5013;0x5100;0x5101;0x5102;0x5103;0x5110;0x5111;0x5112;0x5113;0x5200;0x5201;0x5202;0x5210;0x5211;0x5212;0x5300;0x5301;0x5302;0x5303;0x5310;0x5311;0x5312;0x5313;0x6000;0x6001;0x6002;0x6003;0x6004;0x6005;0x6010;0x6011;0x6012;0x6013;0x6014;0x6015;0x6100;0x6101;0x6102;0x6103;0x6104;0x6105;0x6110;0x6111;0x6112;0x6113;0x6114;0x6115;0x6200;0x6201;0x6202;0x6204;0x6205;0x6210;0x6211;0x6212;0x6214;0x6215;0x6300;0x6301;0x6302;0x6303;0x6304;0x6305;0x6310;0x6311;0x6312;0x6313;0x6314;0x6315;0x6500;0x6510,WQLBS;WQMBS;WQNBS;WQSBS,WQLBS;WQMBS;WQNBS;WQSBS,,WQLBS;WQMBS;WQNBS;WQSBS,no,
BOW22,15,BOW,weapon,4257,BW,yes,,data/25Items.bif,0x08400052,CF6C0CFE012C7B171A7BE78BF9F9BDB50A9A2E7003E4DE0DB6E1484874E848D7,78,78,0x5000;0x5001;0x5002;0x5003;0x5010;0x5011;0x5012;0x5013;0x5100;0x5101;0x5102;0x5103;0x5110;0x5111;0x5112;0x5113;0x5200;0x5201;0x5202;0x5210;0x5211;0x5212;0x5300;0x5301;0x5302;0x5303;0x5310;0x5311;0x5312;0x5313;0x6000;0x6001;0x6002;0x6003;0x6004;0x6005;0x6010;0x6011;0x6012;0x6013;0x6014;0x6015;0x6100;0x6101;0x6102;0x6103;0x6104;0x6105;0x6110;0x6111;0x6112;0x6113;0x6114;0x6115;0x6200;0x6201;0x6202;0x6204;0x6205;0x6210;0x6211;0x6212;0x6214;0x6215;0x6300;0x6301;0x6302;0x6303;0x6304;0x6305;0x6310;0x6311;0x6312;0x6313;0x6314;0x6315;0x6500;0x6510,WQLBW;WQMBW;WQNBW;WQSBW,WQLBW;WQMBW;WQNBW;WQSBW,,WQLBW;WQMBW;WQNBW;WQSBW,no,
BOW23,15,BOW,weapon,4257,BW,yes,,data/25Items.bif,0x08400053,C3AB1C5C1CFB5FE0046AFF4AA710A58C471B0C99875555E6D1A5CFD3762142CB,78,78,0x5000;0x5001;0x5002;0x5003;0x5010;0x5011;0x5012;0x5013;0x5100;0x5101;0x5102;0x5103;0x5110;0x5111;0x5112;0x5113;0x5200;0x5201;0x5202;0x5210;0x5211;0x5212;0x5300;0x5301;0x5302;0x5303;0x5310;0x5311;0x5312;0x5313;0x6000;0x6001;0x6002;0x6003;0x6004;0x6005;0x6010;0x6011;0x6012;0x6013;0x6014;0x6015;0x6100;0x6101;0x6102;0x6103;0x6104;0x6105;0x6110;0x6111;0x6112;0x6113;0x6114;0x6115;0x6200;0x6201;0x6202;0x6204;0x6205;0x6210;0x6211;0x6212;0x6214;0x6215;0x6300;0x6301;0x6302;0x6303;0x6304;0x6305;0x6310;0x6311;0x6312;0x6313;0x6314;0x6315;0x6500;0x6510,WQLBW;WQMBW;WQNBW;WQSBW,WQLBW;WQMBW;WQNBW;WQSBW,,WQLBW;WQMBW;WQNBW;WQSBW,no,
BOW24,15,BOW,weapon,4257,BW,yes,,data/25Items.bif,0x08400054,5E360F2E32BAE6F4AA7313F1E5D6AD54747BCB190930EF8A1E68383B6AD990E5,78,78,0x5000;0x5001;0x5002;0x5003;0x5010;0x5011;0x5012;0x5013;0x5100;0x5101;0x5102;0x5103;0x5110;0x5111;0x5112;0x5113;0x5200;0x5201;0x5202;0x5210;0x5211;0x5212;0x5300;0x5301;0x5302;0x5303;0x5310;0x5311;0x5312;0x5313;0x6000;0x6001;0x6002;0x6003;0x6004;0x6005;0x6010;0x6011;0x6012;0x6013;0x6014;0x6015;0x6100;0x6101;0x6102;0x6103;0x6104;0x6105;0x6110;0x6111;0x6112;0x6113;0x6114;0x6115;0x6200;0x6201;0x6202;0x6204;0x6205;0x6210;0x6211;0x6212;0x6214;0x6215;0x6300;0x6301;0x6302;0x6303;0x6304;0x6305;0x6310;0x6311;0x6312;0x6313;0x6314;0x6315;0x6500;0x6510,WQLBW;WQMBW;WQNBW;WQSBW,WQLBW;WQMBW;WQNBW;WQSBW,,WQLBW;WQMBW;WQNBW;WQSBW,no,
BOW25,15,BOW,weapon,4257,BW,yes,,data/25Items.bif,0x08400055,C054B65B29E6DFF13CBF69D4D8968C7C9AD7EC018AC12D99512524F511ACE5E8,78,78,0x5000;0x5001;0x5002;0x5003;0x5010;0x5011;0x5012;0x5013;0x5100;0x5101;0x5102;0x5103;0x5110;0x5111;0x5112;0x5113;0x5200;0x5201;0x5202;0x5210;0x5211;0x5212;0x5300;0x5301;0x5302;0x5303;0x5310;0x5311;0x5312;0x5313;0x6000;0x6001;0x6002;0x6003;0x6004;0x6005;0x6010;0x6011;0x6012;0x6013;0x6014;0x6015;0x6100;0x6101;0x6102;0x6103;0x6104;0x6105;0x6110;0x6111;0x6112;0x6113;0x6114;0x6115;0x6200;0x6201;0x6202;0x6204;0x6205;0x6210;0x6211;0x6212;0x6214;0x6215;0x6300;0x6301;0x6302;0x6303;0x6304;0x6305;0x6310;0x6311;0x6312;0x6313;0x6314;0x6315;0x6500;0x6510,WQLBW;WQMBW;WQNBW;WQSBW,WQLBW;WQMBW;WQNBW;WQSBW,,WQLBW;WQMBW;WQNBW;WQSBW,no,
BOW26,15,BOW,weapon,4253,BS,yes,,data/25Items.bif,0x08400056,5FDE363CBAC2569CA515A1F21A698127E65C21579592EE500C6467420D6C4890,78,78,0x5000;0x5001;0x5002;0x5003;0x5010;0x5011;0x5012;0x5013;0x5100;0x5101;0x5102;0x5103;0x5110;0x5111;0x5112;0x5113;0x5200;0x5201;0x5202;0x5210;0x5211;0x5212;0x5300;0x5301;0x5302;0x5303;0x5310;0x5311;0x5312;0x5313;0x6000;0x6001;0x6002;0x6003;0x6004;0x6005;0x6010;0x6011;0x6012;0x6013;0x6014;0x6015;0x6100;0x6101;0x6102;0x6103;0x6104;0x6105;0x6110;0x6111;0x6112;0x6113;0x6114;0x6115;0x6200;0x6201;0x6202;0x6204;0x6205;0x6210;0x6211;0x6212;0x6214;0x6215;0x6300;0x6301;0x6302;0x6303;0x6304;0x6305;0x6310;0x6311;0x6312;0x6313;0x6314;0x6315;0x6500;0x6510,WQLBS;WQMBS;WQNBS;WQSBS,WQLBS;WQMBS;WQNBS;WQSBS,,WQLBS;WQMBS;WQNBS;WQSBS,no,
BOW98,15,BOW,weapon,4257,BW,yes,,data/Items.bif,0x00100138,5512DD7239552D69DBF0BC66534FC0B366924B980CAC5E574CFF74484DBC8361,78,78,0x5000;0x5001;0x5002;0x5003;0x5010;0x5011;0x5012;0x5013;0x5100;0x5101;0x5102;0x5103;0x5110;0x5111;0x5112;0x5113;0x5200;0x5201;0x5202;0x5210;0x5211;0x5212;0x5300;0x5301;0x5302;0x5303;0x5310;0x5311;0x5312;0x5313;0x6000;0x6001;0x6002;0x6003;0x6004;0x6005;0x6010;0x6011;0x6012;0x6013;0x6014;0x6015;0x6100;0x6101;0x6102;0x6103;0x6104;0x6105;0x6110;0x6111;0x6112;0x6113;0x6114;0x6115;0x6200;0x6201;0x6202;0x6204;0x6205;0x6210;0x6211;0x6212;0x6214;0x6215;0x6300;0x6301;0x6302;0x6303;0x6304;0x6305;0x6310;0x6311;0x6312;0x6313;0x6314;0x6315;0x6500;0x6510,WQLBW;WQMBW;WQNBW;WQSBW,WQLBW;WQMBW;WQNBW;WQSBW,,WQLBW;WQMBW;WQNBW;WQSBW,no,
BOW99,15,BOW,weapon,4257,BW,yes,,data/Items.bif,0x00100139,D05ED8BB0DEADF9979CB03F294EE01165B6F40475C0EC8D299B1B0A01450CB47,78,78,0x5000;0x5001;0x5002;0x5003;0x5010;0x5011;0x5012;0x5013;0x5100;0x5101;0x5102;0x5103;0x5110;0x5111;0x5112;0x5113;0x5200;0x5201;0x5202;0x5210;0x5211;0x5212;0x5300;0x5301;0x5302;0x5303;0x5310;0x5311;0x5312;0x5313;0x6000;0x6001;0x6002;0x6003;0x6004;0x6005;0x6010;0x6011;0x6012;0x6013;0x6014;0x6015;0x6100;0x6101;0x6102;0x6103;0x6104;0x6105;0x6110;0x6111;0x6112;0x6113;0x6114;0x6115;0x6200;0x6201;0x6202;0x6204;0x6205;0x6210;0x6211;0x6212;0x6214;0x6215;0x6300;0x6301;0x6302;0x6303;0x6304;0x6305;0x6310;0x6311;0x6312;0x6313;0x6314;0x6315;0x6500;0x6510,WQLBW;WQMBW;WQNBW;WQSBW,WQLBW;WQMBW;WQNBW;WQSBW,,WQLBW;WQMBW;WQNBW;WQSBW,no,
BOWNON,15,BOW,weapon,4257,BW,yes,,data/Items.bif,0x0010013A,17085A6B16BFBF18DB93C890713983474A2B0869B7BCF00C6DCC763738EED671,78,78,0x5000;0x5001;0x5002;0x5003;0x5010;0x5011;0x5012;0x5013;0x5100;0x5101;0x5102;0x5103;0x5110;0x5111;0x5112;0x5113;0x5200;0x5201;0x5202;0x5210;0x5211;0x5212;0x5300;0x5301;0x5302;0x5303;0x5310;0x5311;0x5312;0x5313;0x6000;0x6001;0x6002;0x6003;0x6004;0x6005;0x6010;0x6011;0x6012;0x6013;0x6014;0x6015;0x6100;0x6101;0x6102;0x6103;0x6104;0x6105;0x6110;0x6111;0x6112;0x6113;0x6114;0x6115;0x6200;0x6201;0x6202;0x6204;0x6205;0x6210;0x6211;0x6212;0x6214;0x6215;0x6300;0x6301;0x6302;0x6303;0x6304;0x6305;0x6310;0x6311;0x6312;0x6313;0x6314;0x6315;0x6500;0x6510,WQLBW;WQMBW;WQNBW;WQSBW,WQLBW;WQMBW;WQNBW;WQSBW,,WQLBW;WQMBW;WQNBW;WQSBW,no,
BOWPHEO,15,BOW,weapon,4257,BW,yes,,data/Items.bif,0x0010013B,FBAFE36038985192EDB7F5EBF9B9BE6EAD006E5DE1541A9DDBD5C92EB803AED2,78,78,0x5000;0x5001;0x5002;0x5003;0x5010;0x5011;0x5012;0x5013;0x5100;0x5101;0x5102;0x5103;0x5110;0x5111;0x5112;0x5113;0x5200;0x5201;0x5202;0x5210;0x5211;0x5212;0x5300;0x5301;0x5302;0x5303;0x5310;0x5311;0x5312;0x5313;0x6000;0x6001;0x6002;0x6003;0x6004;0x6005;0x6010;0x6011;0x6012;0x6013;0x6014;0x6015;0x6100;0x6101;0x6102;0x6103;0x6104;0x6105;0x6110;0x6111;0x6112;0x6113;0x6114;0x6115;0x6200;0x6201;0x6202;0x6204;0x6205;0x6210;0x6211;0x6212;0x6214;0x6215;0x6300;0x6301;0x6302;0x6303;0x6304;0x6305;0x6310;0x6311;0x6312;0x6313;0x6314;0x6315;0x6500;0x6510,WQLBW;WQMBW;WQNBW;WQSBW,WQLBW;WQMBW;WQNBW;WQSBW,,WQLBW;WQMBW;WQNBW;WQSBW,no,
BRAC01,6,BRACER,,2020,,no,,data/Items.bif,0x0010013C,C432D2D6C32681679133C201486FFEE1DA76234C90D4CE0CE9CA87F782F9FE4F,0,0,,,,,,no,
BRAC02,6,BRACER,,2020,,no,,data/Items.bif,0x0010013D,32CF6E9E1CE03E3B7FF730B7396D5DB6440907AD56966E28935069137B7E92E6,0,0,,,,,,no,
BRAC03,6,BRACER,,2020,,no,,data/Items.bif,0x0010013E,4511900FF4E5A36C9877A58FBDE419C1D98D687130D78B87AF8BE92EF23AA505,0,0,,,,,,no,
BRAC04,6,BRACER,,2020,,no,,data/Items.bif,0x0010013F,E7324AC594A3933C91CFFB4EA54F2258A8CFF62A2D83CBF1DA222052E1865C8B,0,0,,,,,,no,
BRAC05,6,BRACER,,2020,,no,,data/Items.bif,0x00100140,D3A8CF75E6E027BCB8DA9977E5F136E258B75EAF4E2A50DB45D7C1FBD304035D,0,0,,,,,,no,
BRAC06,6,BRACER,,2020,,no,,data/Items.bif,0x00100141,27D707A2B2FDC66E9C4C4A618A580D3E11B6D531707D2A7767A8E5EB6D974E53,0,0,,,,,,no,
BRAC07,6,BRACER,,2020,,no,,data/Items.bif,0x00100142,7F94263BF61E6CC02673CD4C9671D687DE2C82B6AF910C2D5EDAD846D6FA65C8,0,0,,,,,,no,
BRAC08,6,BRACER,,2020,,no,,data/Items.bif,0x00100143,7A01D4E13ABC5DFE84A275116AEBE4F6D0E390DA12F0456E9F75E45AC1052B07,0,0,,,,,,no,
BRAC09,6,BRACER,,2020,,no,,data/Items.bif,0x00100144,5E7CDB69F24958A753FB71A7D5D4795BE2B8EABF31DDCED9312E307AB30F1206,0,0,,,,,,no,
BRAC10,6,BRACER,,2020,,no,,data/Items.bif,0x00100145,A8CFDFE281771BAA55D0BC79A48BD1DA48F2F9B2C416A4C0FA7D02795A63382F,0,0,,,,,,no,
BRAC11,6,BRACER,,2020,,no,,data/Items.bif,0x00100146,5ACA48D8B7EAC346F25830FC9418C18FD630441B6A06C4DE13088BA54E52D875,0,0,,,,,,no,
BRAC12,6,BRACER,,2020,,no,,data/Items.bif,0x00100147,95BF0237C628BC0D44078B7AA2A4136A30ED3F5D4D0C7437BB9BD769A7442CC0,0,0,,,,,,no,
BRAC13,6,BRACER,,2020,,no,,data/Items.bif,0x00100148,879B58F308CD5D666DDE2ECE9DC24B09C3D550050A1AD759C3AEAD0F41F0029F,0,0,,,,,,no,
BRAC14,6,BRACER,,2020,,no,,data/Items.bif,0x00100149,8F83D1B5C14D0A8FBF35202016937592C7A86DA5BA4B8F0789157FF1AE063DC5,0,0,,,,,,no,
BRAC15,6,BRACER,,2020,,no,,data/Items.bif,0x0010014A,0A9B327C43969651C947CAAB6BA81F1A78E29491FD2BFC07285C3020FB2EB852,0,0,,,,,,no,
BRAC16,6,BRACER,,2020,,no,,data/Items.bif,0x0010014B,6685794D915046C59E2DED9CD42073F64AD1DFC8680BD10A0C6969AD0F35BEBB,0,0,,,,,,no,
BRAC17,6,BRACER,,2020,,no,,data/Items.bif,0x0010014C,3E0287845E5D70A8D39747F43FC71FB6C3BD942B1B945DFA94C1D990A2BD9631,0,0,,,,,,no,
BRAC18,6,BRACER,,2020,,no,,data/Items.bif,0x0010014D,FCCC2C18945C0A33A171533BFA74390F91F5FE98F0F8AF746A6D3AAD15FA76AB,0,0,,,,,,no,
BRAC19,6,BRACER,,2020,,no,,data/Items.bif,0x0010014E,26A98B485074A8D45540F670A7D1756BF51EC5FBC4453021E158F15E5C693882,0,0,,,,,,no,
BRAC20,6,BRACER,,2020,,no,,data/Items.bif,0x0010014F,071B1975B0B800FB6DE7D10F344A401F05DE69AD031B48CDBD3BC3C584BEC03E,0,0,,,,,,no,
BRAC21,6,BRACER,,2020,,no,,data/25Items.bif,0x08400057,254C23B7EEAA399A2B5F060CFCAC53553D8BCB48D4F1BE650DC37F5D80F0C52D,0,0,,,,,,no,
BRAC22,6,BRACER,,2020,,no,,data/25Items.bif,0x08400058,2CD12BF5822B5271F9A2368F7DEA24780EFC6BF74BEBE3956286F3980AD7F4C1,0,0,,,,,,no,
BRAC23,6,BRACER,,2020,,no,,data/25Items.bif,0x08400059,9B4BCCB27C70DF77B4AA3D793D0DC2FAD9ABDA90ACC2E6E08E8178B4E3D8A5E2,0,0,,,,,,no,
BRAC24,6,BRACER,,2020,,no,,data/25Items.bif,0x0840005A,1E959C4C2810EF9031D0DE50C20740B800C4F9197395EBBA21AE771987793532,0,0,,,,,,no,
BRAC25,6,BRACER,,2020,,no,,data/25Items.bif,0x0840005B,C0921AAB7ABCED67CD2F3B777C41A561DB1707CFCFBC2CB4FBA1607906F808DE,0,0,,,,,,no,
BRAC26,6,BRACER,,2020,,no,,data/25Items.bif,0x0840005C,ED312D412A8BBA71D26C5F528B3DE3BDA125D72787BC140D48A033B32D014FA8,0,0,,,,,,no,
BRBLP,28,FIST,weapon,4836,H6,yes,,data/Items.bif,0x00100150,6E841D4ABB139109D6B75CA08023BC6F578A9D1CF478E5727A633D43A61436FD,78,78,0x5000;0x5001;0x5002;0x5003;0x5010;0x5011;0x5012;0x5013;0x5100;0x5101;0x5102;0x5103;0x5110;0x5111;0x5112;0x5113;0x5200;0x5201;0x5202;0x5210;0x5211;0x5212;0x5300;0x5301;0x5302;0x5303;0x5310;0x5311;0x5312;0x5313;0x6000;0x6001;0x6002;0x6003;0x6004;0x6005;0x6010;0x6011;0x6012;0x6013;0x6014;0x6015;0x6100;0x6101;0x6102;0x6103;0x6104;0x6105;0x6110;0x6111;0x6112;0x6113;0x6114;0x6115;0x6200;0x6201;0x6202;0x6204;0x6205;0x6210;0x6211;0x6212;0x6214;0x6215;0x6300;0x6301;0x6302;0x6303;0x6304;0x6305;0x6310;0x6311;0x6312;0x6313;0x6314;0x6315;0x6500;0x6510,WQLH6;WQMH6;WQNH6;WQSH6,WQLH6;WQMH6;WQNH6;WQSH6,,WQLH6;WQMH6;WQNH6;WQSH6,no,
BRBRP,28,FIST,weapon,4836,H6,yes,,data/Items.bif,0x00100151,A44512D53B579F8636C0C0B27917E9AFD359075ADEFFB292AF46A646680B4623,78,78,0x5000;0x5001;0x5002;0x5003;0x5010;0x5011;0x5012;0x5013;0x5100;0x5101;0x5102;0x5103;0x5110;0x5111;0x5112;0x5113;0x5200;0x5201;0x5202;0x5210;0x5211;0x5212;0x5300;0x5301;0x5302;0x5303;0x5310;0x5311;0x5312;0x5313;0x6000;0x6001;0x6002;0x6003;0x6004;0x6005;0x6010;0x6011;0x6012;0x6013;0x6014;0x6015;0x6100;0x6101;0x6102;0x6103;0x6104;0x6105;0x6110;0x6111;0x6112;0x6113;0x6114;0x6115;0x6200;0x6201;0x6202;0x6204;0x6205;0x6210;0x6211;0x6212;0x6214;0x6215;0x6300;0x6301;0x6302;0x6303;0x6304;0x6305;0x6310;0x6311;0x6312;0x6313;0x6314;0x6315;0x6500;0x6510,WQLH6;WQMH6;WQNH6;WQSH6,WQLH6;WQMH6;WQNH6;WQSH6,,WQLH6;WQMH6;WQNH6;WQSH6,no,
BRDFLUT1,35,WAND,,2020,,no,,data/Items.bif,0x00100152,80FD1FE3E74A4BE78C90D1C950DB1B4D44E024DB972ECC4645473C7CBFD18978,0,0,,,,,,no,
BRDFLUT2,35,WAND,,2020,,no,,data/Items.bif,0x00100153,BFC5BFEE3002715489C0478637A6EC100EB5036D0F3A24EC4F916706D364C9CD,0,0,,,,,,no,
BRDFLUT3,35,WAND,,2020,,no,,data/Items.bif,0x00100154,7DDF71E352EE1B51744CC7871F1A0C5773BE73C2482C8CB9BF72C95904E42F78,0,0,,,,,,no,
BRDFLUTE,35,WAND,,2020,,no,,data/25Items.bif,0x0840005D,C7FC82EF4BA42EB280C1037D3D712ED0CCF0C4D99829A4043CC8603872C2BFBA,0,0,,,,,,no,
BRUENAXE,25,AXE,weapon,4158,AX,yes,,data/Items.bif,0x00100155,72101B791B2D9BB455D22B0E3DDD02FE657BBC79E32C18D17052BB5CF632E01A,78,78,0x5000;0x5001;0x5002;0x5003;0x5010;0x5011;0x5012;0x5013;0x5100;0x5101;0x5102;0x5103;0x5110;0x5111;0x5112;0x5113;0x5200;0x5201;0x5202;0x5210;0x5211;0x5212;0x5300;0x5301;0x5302;0x5303;0x5310;0x5311;0x5312;0x5313;0x6000;0x6001;0x6002;0x6003;0x6004;0x6005;0x6010;0x6011;0x6012;0x6013;0x6014;0x6015;0x6100;0x6101;0x6102;0x6103;0x6104;0x6105;0x6110;0x6111;0x6112;0x6113;0x6114;0x6115;0x6200;0x6201;0x6202;0x6204;0x6205;0x6210;0x6211;0x6212;0x6214;0x6215;0x6300;0x6301;0x6302;0x6303;0x6304;0x6305;0x6310;0x6311;0x6312;0x6313;0x6314;0x6315;0x6500;0x6510,WQLAX;WQMAX;WQNAX;WQSAX,WQLAX;WQMAX;WQNAX;WQSAX,,WQLAX;WQMAX;WQNAX;WQSAX,no,
BRUENPLA,2,ARMOR,body,3441,4A,yes,4,data/Items.bif,0x00100156,A737C7B9F82AE007A87C4B93893A1656CBBC7BCCABD73905799BE5B77BFD8413,76,76,0x5000;0x5001;0x5002;0x5003;0x5010;0x5011;0x5012;0x5013;0x5100;0x5101;0x5102;0x5103;0x5110;0x5111;0x5112;0x5113;0x5200;0x5201;0x5202;0x5210;0x5211;0x5212;0x5300;0x5301;0x5302;0x5303;0x5310;0x5311;0x5312;0x5313;0x6000;0x6001;0x6002;0x6003;0x6004;0x6005;0x6010;0x6011;0x6012;0x6013;0x6014;0x6015;0x6100;0x6101;0x6102;0x6103;0x6104;0x6105;0x6110;0x6111;0x6112;0x6113;0x6114;0x6115;0x6200;0x6201;0x6202;0x6204;0x6205;0x6210;0x6211;0x6212;0x6214;0x6215;0x6300;0x6301;0x6302;0x6303;0x6304;0x6305;0x6310;0x6311;0x6312;0x6313;0x6314;0x6315,CDFC4;CDFF4;CDFT4;CDFW4;CDMC4;CDMF4;CDMT4;CDMW4;CEFC4;CEFF4;CEFT4;CEFW4;CEMC4;CEMF4;CEMT4;CEMW4;CHFC4;CHFF4;CHFT4;CHFW4;CHMC4;CHMF4;CHMT4;CHMW4;CIFC4;CIFF4;CIFT4;CIMC4;CIMF4;CIMT4,CDFC4;CDFF4;CDFT4;CDFW4;CDMC4;CDMF4;CDMT4;CDMW4;CEFC4;CEFF4;CEFT4;CEFW4;CEMC4;CEMF4;CEMT4;CEMW4;CHFC4;CHFF4;CHFT4;CHFW4;CHMC4;CHMF4;CHMT4;CHMW4;CIFC4;CIFF4;CIFT4;CIMC4;CIMF4;CIMT4,,CDFC4;CDFF4;CDFT4;CDFW4;CDMC4;CDMF4;CDMT4;CDMW4;CEFC4;CEFF4;CEFT4;CEFW4;CEMC4;CEMF4;CEMT4;CEMW4;CHFC4;CHFF4;CHFT4;CHFW4;CHMC4;CHMF4;CHMT4;CHMW4;CIFC4;CIFF4;CIFT4;CIMC4;CIMF4;CIMT4,no,
BTEST1,9,POTION,,2020,,no,,data/Items.bif,0x00100157,FF4DA1D68AF47E9C993EB01BD79C6DBC2E80F34E02CAB6FEC0F1BB61202954F9,0,0,,,,,,no,
BULL01,14,BULLET,,2020,,no,,data/Items.bif,0x00100158,1CEF647EF9723FEDCA2DBA14016FF69079AD02CFAA153154C73EDE27733298D7,0,0,,,,,,no,
BULL02,14,BULLET,,2020,,no,,data/Items.bif,0x00100159,8044D822599B23EC80F93E1B694CAC894429BDE4B7135F07ABCAA8AB30A94077,0,0,,,,,,no,
BULL03,14,BULLET,,2020,,no,,data/Items.bif,0x0010015A,4FB1704550C95DFD1251550E2435D03A885D99A9BCF8747B084117BAB5CBB22B,0,0,,,,,,no,
BULL04,14,BULLET,,2020,,no,,data/Items.bif,0x0010015B,03C16ADB302A2602BC82A557BC29B296A3DF244669E7395971C66410686254B9,0,0,,,,,,no,
BULL05,14,BULLET,,2020,,no,,data/25Items.bif,0x0840005E,6E6D32C896DE186C4F649171F9A85491FA60908E0991526E01604118EE14175F,0,0,,,,,,no,
BULL06,14,BULLET,,2020,,no,,data/25Items.bif,0x0840005F,E9A79413349CF471C9D44900B7513AB1E2D218D3AAABAA9CBA18BE17BCB09896,0,0,,,,,,no,
BUMPRING,10,RING,,2020,,no,,data/25Items.bif,0x08400060,9F09694A57878F576083F634F580062091A937CCB83C2044FFBF014F47A34B8B,0,0,,,,,,no,
C6LANTHO,0,MISC,,2020,,no,,data/Items.bif,0x0010015C,F8E4ED99D9BBBA74E4B8364256F03D785C78F5EAB70DF19B989513021D3DBEF9,0,0,,,,,,no,
C6LENS,0,MISC,,2020,,no,,data/Items.bif,0x0010015D,C9B26F9A2DB1AC575AA190E70B3520E9827718DAA6DC1F78FE02D4E737E0F878,0,0,,,,,,no,
C6LENS1,0,MISC,,2020,,no,,data/Items.bif,0x0010015E,2B3797D65EC699745E83C50AE22B6D629772A9511DB6213E32566DB813767DD1,0,0,,,,,,no,
C6LENS2,0,MISC,,2020,,no,,data/Items.bif,0x0010015F,5FCCD295F23BA0D1AA9D585E9558B0BF541BA6DF2C4E6445309AA7399D03E83B,0,0,,,,,,no,
C6LENS3,0,MISC,,2020,,no,,data/Items.bif,0x00100160,55CE3F572D1347D6536A1372DA07B2A8E813033D1B966C356925058094D6982E,0,0,,,,,,no,
CAMBION,1,AMULET,,2020,,no,,data/Items.bif,0x00100161,D60CB7907AC76EA9A736AAFA39820AE6E5918E9C4AD05D0292756A7C1AB7516B,0,0,,,,,,no,
CARRIO,28,FIST,weapon,2020,,no,,data/Items.bif,0x00100162,FCDE9B7EAA4C6D83386D4A068D0838A46E008985242052A37DE40D02651503A8,0,0,,,,,,no,no-compatible-character-family;visual-animation-code-invalid
CARRIO1,0,MISC,,2020,,no,,data/Items.bif,0x00100163,294A00727DCD9104C772476FD9A4D4B51F0A2971FE00B7FB85F2011B8A8F8C9F,0,0,,,,,,no,
CARSOMYR,20,BGSWORD,weapon,5332,S2,yes,,data/Items.bif,0x00100164,9A7B5E901F92D004631F64ED3726A9D3616D0F5F4E25DD353A37407F4D462042,78,78,0x5000;0x5001;0x5002;0x5003;0x5010;0x5011;0x5012;0x5013;0x5100;0x5101;0x5102;0x5103;0x5110;0x5111;0x5112;0x5113;0x5200;0x5201;0x5202;0x5210;0x5211;0x5212;0x5300;0x5301;0x5302;0x5303;0x5310;0x5311;0x5312;0x5313;0x6000;0x6001;0x6002;0x6003;0x6004;0x6005;0x6010;0x6011;0x6012;0x6013;0x6014;0x6015;0x6100;0x6101;0x6102;0x6103;0x6104;0x6105;0x6110;0x6111;0x6112;0x6113;0x6114;0x6115;0x6200;0x6201;0x6202;0x6204;0x6205;0x6210;0x6211;0x6212;0x6214;0x6215;0x6300;0x6301;0x6302;0x6303;0x6304;0x6305;0x6310;0x6311;0x6312;0x6313;0x6314;0x6315;0x6500;0x6510,WQLS2;WQMS2;WQNS2;WQSS2,WQLS2;WQMS2;WQNS2;WQSS2,,WQLS2;WQMS2;WQNS2;WQSS2,no,
CATJAG,0,MISC,,2020,,no,,data/Items.bif,0x00100165,2605EDA9B9D3837E5C19163E0FEAB66D83966603E2D0A495A60ABF46718E5DA1,0,0,,,,,,no,
CATLIO,0,MISC,,2020,,no,,data/Items.bif,0x00100166,D4E0BD855D77801200FFD4FA737AE71A3BD33AC064AADF50DAAEB9DA8A23E8AE,0,0,,,,,,no,
CATLIS,0,MISC,,2020,,no,,data/Items.bif,0x00100167,FC55A8FDC350FCDECE636E191F281ED59CF968E96337FE99D2B93781453FB1AC,0,0,,,,,,no,
CATTAC1,20,BGSWORD,weapon,5331,S1,yes,,data/Items.bif,0x00100168,8BE6D90ACFEF70C8CE1DDA9DF0E0D0AA7FB86FC3919EFA6D78F97EB98F6AB1B5,78,78,0x5000;0x5001;0x5002;0x5003;0x5010;0x5011;0x5012;0x5013;0x5100;0x5101;0x5102;0x5103;0x5110;0x5111;0x5112;0x5113;0x5200;0x5201;0x5202;0x5210;0x5211;0x5212;0x5300;0x5301;0x5302;0x5303;0x5310;0x5311;0x5312;0x5313;0x6000;0x6001;0x6002;0x6003;0x6004;0x6005;0x6010;0x6011;0x6012;0x6013;0x6014;0x6015;0x6100;0x6101;0x6102;0x6103;0x6104;0x6105;0x6110;0x6111;0x6112;0x6113;0x6114;0x6115;0x6200;0x6201;0x6202;0x6204;0x6205;0x6210;0x6211;0x6212;0x6214;0x6215;0x6300;0x6301;0x6302;0x6303;0x6304;0x6305;0x6310;0x6311;0x6312;0x6313;0x6314;0x6315;0x6500;0x6510,WQLS1;WQMS1;WQNS1;WQSS1,WQLS1;WQMS1;WQNS1;WQSS1,,WQLS1;WQMS1;WQNS1;WQSS1,no,
CATTIBOW,15,BOW,weapon,4257,BW,yes,,data/Items.bif,0x00100169,408988952A114084D2E28AD21712D78D25F9ACB6B05DDDCD7C9628B01DE9F2AE,78,78,0x5000;0x5001;0x5002;0x5003;0x5010;0x5011;0x5012;0x5013;0x5100;0x5101;0x5102;0x5103;0x5110;0x5111;0x5112;0x5113;0x5200;0x5201;0x5202;0x5210;0x5211;0x5212;0x5300;0x5301;0x5302;0x5303;0x5310;0x5311;0x5312;0x5313;0x6000;0x6001;0x6002;0x6003;0x6004;0x6005;0x6010;0x6011;0x6012;0x6013;0x6014;0x6015;0x6100;0x6101;0x6102;0x6103;0x6104;0x6105;0x6110;0x6111;0x6112;0x6113;0x6114;0x6115;0x6200;0x6201;0x6202;0x6204;0x6205;0x6210;0x6211;0x6212;0x6214;0x6215;0x6300;0x6301;0x6302;0x6303;0x6304;0x6305;0x6310;0x6311;0x6312;0x6313;0x6314;0x6315;0x6500;0x6510,WQLBW;WQMBW;WQNBW;WQSBW,WQLBW;WQMBW;WQNBW;WQSBW,,WQLBW;WQMBW;WQNBW;WQSBW,no,
CATTIG,0,MISC,,2020,,no,,data/Items.bif,0x0010016A,5CCA63BEE55C929BB549FF1749217B01E4F020053B1C23A018CAD46E098D8E7F,0,0,,,,,,no,
CDBAG02I,36,BROKEN1,,2020,,no,,data/Items.bif,0x0010016B,3E059DC83CC9F6A7EA2E0601B8A23C7A49C7BD321CD0254381B6BE38AD1799BC,0,0,,,,,,no,
CDBAG02J,36,BROKEN1,,2020,,no,,data/Items.bif,0x0010016C,3E059DC83CC9F6A7EA2E0601B8A23C7A49C7BD321CD0254381B6BE38AD1799BC,0,0,,,,,,no,
CDBRBRP,28,FIST,weapon,4836,H6,yes,,data/patch13.bif,0x0BC00003,B7264754DAF1B8639AD78680E6E682DC750EF289F7B4B6E8A97D66D970445345,78,78,0x5000;0x5001;0x5002;0x5003;0x5010;0x5011;0x5012;0x5013;0x5100;0x5101;0x5102;0x5103;0x5110;0x5111;0x5112;0x5113;0x5200;0x5201;0x5202;0x5210;0x5211;0x5212;0x5300;0x5301;0x5302;0x5303;0x5310;0x5311;0x5312;0x5313;0x6000;0x6001;0x6002;0x6003;0x6004;0x6005;0x6010;0x6011;0x6012;0x6013;0x6014;0x6015;0x6100;0x6101;0x6102;0x6103;0x6104;0x6105;0x6110;0x6111;0x6112;0x6113;0x6114;0x6115;0x6200;0x6201;0x6202;0x6204;0x6205;0x6210;0x6211;0x6212;0x6214;0x6215;0x6300;0x6301;0x6302;0x6303;0x6304;0x6305;0x6310;0x6311;0x6312;0x6313;0x6314;0x6315;0x6500;0x6510,WQLH6;WQMH6;WQNH6;WQSH6,WQLH6;WQMH6;WQNH6;WQSH6,,WQLH6;WQMH6;WQNH6;WQSH6,no,
CDBRBRP2,28,FIST,weapon,4836,H6,yes,,data/patch13.bif,0x0BC00004,16B52606037AB34A59E9508F99A6B765AD9516995D9A38450E18B60242DF5246,78,78,0x5000;0x5001;0x5002;0x5003;0x5010;0x5011;0x5012;0x5013;0x5100;0x5101;0x5102;0x5103;0x5110;0x5111;0x5112;0x5113;0x5200;0x5201;0x5202;0x5210;0x5211;0x5212;0x5300;0x5301;0x5302;0x5303;0x5310;0x5311;0x5312;0x5313;0x6000;0x6001;0x6002;0x6003;0x6004;0x6005;0x6010;0x6011;0x6012;0x6013;0x6014;0x6015;0x6100;0x6101;0x6102;0x6103;0x6104;0x6105;0x6110;0x6111;0x6112;0x6113;0x6114;0x6115;0x6200;0x6201;0x6202;0x6204;0x6205;0x6210;0x6211;0x6212;0x6214;0x6215;0x6300;0x6301;0x6302;0x6303;0x6304;0x6305;0x6310;0x6311;0x6312;0x6313;0x6314;0x6315;0x6500;0x6510,WQLH6;WQMH6;WQNH6;WQSH6,WQLH6;WQMH6;WQNH6;WQSH6,,WQLH6;WQMH6;WQNH6;WQSH6,no,
CDFAMPSD,0,MISC,,2020,,no,,data/Items.bif,0x0010016D,3644237F1793371FD95714A9D43C3BE1BC99D1452B71283C09D7DAA5ED7C4F20,0,0,,,,,,no,
CDGOLIRO,0,MISC,,2020,,no,,data/patch13.bif,0x0BC00005,6F405871E2C515BCB2B852E640B0192671C799C3EC0C4AA68A01766CB5A205F3,0,0,,,,,,no,
CDHGTRL,10,RING,,2020,,no,,data/patch13.bif,0x0BC00006,DE7D5EB365EB411779D52FD73C497BFEC18E3185E6BFA864FE317C133BF7DD4A,0,0,,,,,,no,
CDHLYSYM,0,MISC,,2020,,no,,data/Items.bif,0x0010016E,DA6645E69F9B4A53A395BD1EE337D95C3F411FC2512DCA4A503DA2F1A5CA24F4,0,0,,,,,,no,
CDMINDFL,0,MISC,,2020,,no,,data/patch13.bif,0x0BC00008,944FA5ECFF137B89257533970D8019857A5812837D7CCCBE7D87A9D3C503D965,0,0,,,,,,no,
CDNEBDAG,16,DAGGER,weapon,4444,DD,yes,,data/Items.bif,0x0010016F,EFD3A7629277DB6A18F40CD92955C6F59BF3FB6A9E93246A39F4DB2A0BB19709,78,78,0x5000;0x5001;0x5002;0x5003;0x5010;0x5011;0x5012;0x5013;0x5100;0x5101;0x5102;0x5103;0x5110;0x5111;0x5112;0x5113;0x5200;0x5201;0x5202;0x5210;0x5211;0x5212;0x5300;0x5301;0x5302;0x5303;0x5310;0x5311;0x5312;0x5313;0x6000;0x6001;0x6002;0x6003;0x6004;0x6005;0x6010;0x6011;0x6012;0x6013;0x6014;0x6015;0x6100;0x6101;0x6102;0x6103;0x6104;0x6105;0x6110;0x6111;0x6112;0x6113;0x6114;0x6115;0x6200;0x6201;0x6202;0x6204;0x6205;0x6210;0x6211;0x6212;0x6214;0x6215;0x6300;0x6301;0x6302;0x6303;0x6304;0x6305;0x6310;0x6311;0x6312;0x6313;0x6314;0x6315;0x6500;0x6510,WQLDD;WQMDD;WQNDD;WQSDD,WQLDD;WQMDD;WQNDD;WQSDD,,WQLDD;WQMDD;WQNDD;WQSDD,no,
CDRNGCHR,10,RING,,2020,,no,,data/patch13.bif,0x0BC00009,556271CA4AF025F488E2C1612021317F33E106427B12B2E2CAAD36FB2262C0B9,0,0,,,,,,no,
CDSQUIRP,28,FIST,weapon,4836,H6,yes,,data/patch13.bif,0x0BC0000A,DF4F7C950BA2445674D3245A71398D0ADDB77DF5BEDE3A9D0BED710BCD190CFF,78,78,0x5000;0x5001;0x5002;0x5003;0x5010;0x5011;0x5012;0x5013;0x5100;0x5101;0x5102;0x5103;0x5110;0x5111;0x5112;0x5113;0x5200;0x5201;0x5202;0x5210;0x5211;0x5212;0x5300;0x5301;0x5302;0x5303;0x5310;0x5311;0x5312;0x5313;0x6000;0x6001;0x6002;0x6003;0x6004;0x6005;0x6010;0x6011;0x6012;0x6013;0x6014;0x6015;0x6100;0x6101;0x6102;0x6103;0x6104;0x6105;0x6110;0x6111;0x6112;0x6113;0x6114;0x6115;0x6200;0x6201;0x6202;0x6204;0x6205;0x6210;0x6211;0x6212;0x6214;0x6215;0x6300;0x6301;0x6302;0x6303;0x6304;0x6305;0x6310;0x6311;0x6312;0x6313;0x6314;0x6315;0x6500;0x6510,WQLH6;WQMH6;WQNH6;WQSH6,WQLH6;WQMH6;WQNH6;WQSH6,,WQLH6;WQMH6;WQNH6;WQSH6,no,
CDSW2H07,20,BGSWORD,weapon,5332,S2,yes,,data/Items.bif,0x00100170,E3009F5013D3716DC56A0F79EF8C8311A1BFA7701E365FBFA419027F362DDE97,78,78,0x5000;0x5001;0x5002;0x5003;0x5010;0x5011;0x5012;0x5013;0x5100;0x5101;0x5102;0x5103;0x5110;0x5111;0x5112;0x5113;0x5200;0x5201;0x5202;0x5210;0x5211;0x5212;0x5300;0x5301;0x5302;0x5303;0x5310;0x5311;0x5312;0x5313;0x6000;0x6001;0x6002;0x6003;0x6004;0x6005;0x6010;0x6011;0x6012;0x6013;0x6014;0x6015;0x6100;0x6101;0x6102;0x6103;0x6104;0x6105;0x6110;0x6111;0x6112;0x6113;0x6114;0x6115;0x6200;0x6201;0x6202;0x6204;0x6205;0x6210;0x6211;0x6212;0x6214;0x6215;0x6300;0x6301;0x6302;0x6303;0x6304;0x6305;0x6310;0x6311;0x6312;0x6313;0x6314;0x6315;0x6500;0x6510,WQLS2;WQMS2;WQNS2;WQSS2,WQLS2;WQMS2;WQNS2;WQSS2,,WQLS2;WQMS2;WQNS2;WQSS2,no,
CDTORGAL,10,RING,,2020,,no,,data/patch13.bif,0x0BC0000B,01B6F440D31CA710260847EA1793F655393A87EEF70112F10C495BD0EA74F17B,0,0,,,,,,no,
CDTRLBLZ,10,RING,,2020,,no,,data/patch13.bif,0x0BC0000D,83D126DBCBDA57914D72065C4E390D7CE530BD4F5EE207DE3C54B2D237E77986,0,0,,,,,,no,
CDWOLFM,28,FIST,weapon,4836,H6,yes,,data/Items.bif,0x00100171,E268BB3C16D981D49F0F0C20873687879C830EB063BCDD3EBDAA275EFE151AAE,78,78,0x5000;0x5001;0x5002;0x5003;0x5010;0x5011;0x5012;0x5013;0x5100;0x5101;0x5102;0x5103;0x5110;0x5111;0x5112;0x5113;0x5200;0x5201;0x5202;0x5210;0x5211;0x5212;0x5300;0x5301;0x5302;0x5303;0x5310;0x5311;0x5312;0x5313;0x6000;0x6001;0x6002;0x6003;0x6004;0x6005;0x6010;0x6011;0x6012;0x6013;0x6014;0x6015;0x6100;0x6101;0x6102;0x6103;0x6104;0x6105;0x6110;0x6111;0x6112;0x6113;0x6114;0x6115;0x6200;0x6201;0x6202;0x6204;0x6205;0x6210;0x6211;0x6212;0x6214;0x6215;0x6300;0x6301;0x6302;0x6303;0x6304;0x6305;0x6310;0x6311;0x6312;0x6313;0x6314;0x6315;0x6500;0x6510,WQLH6;WQMH6;WQNH6;WQSH6,WQLH6;WQMH6;WQNH6;WQSH6,,WQLH6;WQMH6;WQNH6;WQSH6,no,
CHAINS,4,BOOT,,2020,,no,,data/characters.bif,0x0B300004,47730E24BD2A18DB226436E301BD5106D031562958658918C00FEF23FF93C8D3,0,0,,,,,,no,
CHALARM,2,ARMOR,body,3441,4A,yes,4,data/25Items.bif,0x08400061,4CA647B97082879FEC21212800423EB8891B41B8C79C13854961AC3B69C91061,76,76,0x5000;0x5001;0x5002;0x5003;0x5010;0x5011;0x5012;0x5013;0x5100;0x5101;0x5102;0x5103;0x5110;0x5111;0x5112;0x5113;0x5200;0x5201;0x5202;0x5210;0x5211;0x5212;0x5300;0x5301;0x5302;0x5303;0x5310;0x5311;0x5312;0x5313;0x6000;0x6001;0x6002;0x6003;0x6004;0x6005;0x6010;0x6011;0x6012;0x6013;0x6014;0x6015;0x6100;0x6101;0x6102;0x6103;0x6104;0x6105;0x6110;0x6111;0x6112;0x6113;0x6114;0x6115;0x6200;0x6201;0x6202;0x6204;0x6205;0x6210;0x6211;0x6212;0x6214;0x6215;0x6300;0x6301;0x6302;0x6303;0x6304;0x6305;0x6310;0x6311;0x6312;0x6313;0x6314;0x6315,CDFC4;CDFF4;CDFT4;CDFW4;CDMC4;CDMF4;CDMT4;CDMW4;CEFC4;CEFF4;CEFT4;CEFW4;CEMC4;CEMF4;CEMT4;CEMW4;CHFC4;CHFF4;CHFT4;CHFW4;CHMC4;CHMF4;CHMT4;CHMW4;CIFC4;CIFF4;CIFT4;CIMC4;CIMF4;CIMT4,CDFC4;CDFF4;CDFT4;CDFW4;CDMC4;CDMF4;CDMT4;CDMW4;CEFC4;CEFF4;CEFT4;CEFW4;CEMC4;CEMF4;CEMT4;CEMW4;CHFC4;CHFF4;CHFT4;CHFW4;CHMC4;CHMF4;CHMT4;CHMW4;CIFC4;CIFF4;CIFT4;CIMC4;CIMF4;CIMT4,,CDFC4;CDFF4;CDFT4;CDFW4;CDMC4;CDMF4;CDMT4;CDMW4;CEFC4;CEFF4;CEFT4;CEFW4;CEMC4;CEMF4;CEMT4;CEMW4;CHFC4;CHFF4;CHFT4;CHFW4;CHMC4;CHMF4;CHMT4;CHMW4;CIFC4;CIFF4;CIFT4;CIMC4;CIMF4;CIMT4,no,
CHALCY1,19,SMSWORD,weapon,5353,SS,yes,,data/25Items.bif,0x08400062,99E6E68EBDE54134086F76F1439AEC3F25D492E5BB86AFE4F88FCC0E8F491D39,78,78,0x5000;0x5001;0x5002;0x5003;0x5010;0x5011;0x5012;0x5013;0x5100;0x5101;0x5102;0x5103;0x5110;0x5111;0x5112;0x5113;0x5200;0x5201;0x5202;0x5210;0x5211;0x5212;0x5300;0x5301;0x5302;0x5303;0x5310;0x5311;0x5312;0x5313;0x6000;0x6001;0x6002;0x6003;0x6004;0x6005;0x6010;0x6011;0x6012;0x6013;0x6014;0x6015;0x6100;0x6101;0x6102;0x6103;0x6104;0x6105;0x6110;0x6111;0x6112;0x6113;0x6114;0x6115;0x6200;0x6201;0x6202;0x6204;0x6205;0x6210;0x6211;0x6212;0x6214;0x6215;0x6300;0x6301;0x6302;0x6303;0x6304;0x6305;0x6310;0x6311;0x6312;0x6313;0x6314;0x6315;0x6500;0x6510,WQLSS;WQMSS;WQNSS;WQSSS,WQLSS;WQMSS;WQNSS;WQSSS,,WQLSS;WQMSS;WQNSS;WQSSS,no,
CHALCY2,19,SMSWORD,weapon,5353,SS,yes,,data/25Items.bif,0x08400063,231AF22C7B4A0ADC50E3182C86B3172ED764DBD76D07A1590E47AD77EEBC39D4,78,78,0x5000;0x5001;0x5002;0x5003;0x5010;0x5011;0x5012;0x5013;0x5100;0x5101;0x5102;0x5103;0x5110;0x5111;0x5112;0x5113;0x5200;0x5201;0x5202;0x5210;0x5211;0x5212;0x5300;0x5301;0x5302;0x5303;0x5310;0x5311;0x5312;0x5313;0x6000;0x6001;0x6002;0x6003;0x6004;0x6005;0x6010;0x6011;0x6012;0x6013;0x6014;0x6015;0x6100;0x6101;0x6102;0x6103;0x6104;0x6105;0x6110;0x6111;0x6112;0x6113;0x6114;0x6115;0x6200;0x6201;0x6202;0x6204;0x6205;0x6210;0x6211;0x6212;0x6214;0x6215;0x6300;0x6301;0x6302;0x6303;0x6304;0x6305;0x6310;0x6311;0x6312;0x6313;0x6314;0x6315;0x6500;0x6510,WQLSS;WQMSS;WQNSS;WQSSS,WQLSS;WQMSS;WQNSS;WQSSS,,WQLSS;WQMSS;WQNSS;WQSSS,no,
CHALCY3,1,AMULET,,2020,,no,,data/25Items.bif,0x08400064,8A80A696FE56A9E3264E4BBD92AF33E1EFF00A2B3F67C63AC3EBE591959F0F6C,0,0,,,,,,no,
CHALHELM,7,HELMET,helmet,4A31,J1,yes,,data/25Items.bif,0x08400065,4E1EA53C36686E40687ABE73769479A346C91E8B8BC8D5B983B2B6D6E8012758,78,78,0x5000;0x5001;0x5002;0x5003;0x5010;0x5011;0x5012;0x5013;0x5100;0x5101;0x5102;0x5103;0x5110;0x5111;0x5112;0x5113;0x5200;0x5201;0x5202;0x5210;0x5211;0x5212;0x5300;0x5301;0x5302;0x5303;0x5310;0x5311;0x5312;0x5313;0x6000;0x6001;0x6002;0x6003;0x6004;0x6005;0x6010;0x6011;0x6012;0x6013;0x6014;0x6015;0x6100;0x6101;0x6102;0x6103;0x6104;0x6105;0x6110;0x6111;0x6112;0x6113;0x6114;0x6115;0x6200;0x6201;0x6202;0x6204;0x6205;0x6210;0x6211;0x6212;0x6214;0x6215;0x6300;0x6301;0x6302;0x6303;0x6304;0x6305;0x6310;0x6311;0x6312;0x6313;0x6314;0x6315;0x6500;0x6510,WQLJ1;WQMJ1;WQNJ1;WQSJ1,WQLJ1;WQMJ1;WQNJ1;WQSJ1,,WQLJ1;WQMJ1;WQNJ1;WQSJ1,no,
CHALSHLD,12,SHIELD,shield,4333,C3,yes,,data/25Items.bif,0x08400066,5BA08BBBE3B945ACE129508BB58989C019D2A3D73D3C96719A8653930756C27D,78,78,0x5000;0x5001;0x5002;0x5003;0x5010;0x5011;0x5012;0x5013;0x5100;0x5101;0x5102;0x5103;0x5110;0x5111;0x5112;0x5113;0x5200;0x5201;0x5202;0x5210;0x5211;0x5212;0x5300;0x5301;0x5302;0x5303;0x5310;0x5311;0x5312;0x5313;0x6000;0x6001;0x6002;0x6003;0x6004;0x6005;0x6010;0x6011;0x6012;0x6013;0x6014;0x6015;0x6100;0x6101;0x6102;0x6103;0x6104;0x6105;0x6110;0x6111;0x6112;0x6113;0x6114;0x6115;0x6200;0x6201;0x6202;0x6204;0x6205;0x6210;0x6211;0x6212;0x6214;0x6215;0x6300;0x6301;0x6302;0x6303;0x6304;0x6305;0x6310;0x6311;0x6312;0x6313;0x6314;0x6315;0x6500;0x6510,WQHC3;WQLC3;WQMC3;WQNC3;WQSC3,WQLC3;WQMC3;WQNC3;WQSC3,WQHC3,WQLC3;WQMC3;WQNC3;WQSC3,no,
CHALSLAY,10,RING,,2020,,no,,data/25Items.bif,0x08400067,EA6C738639D64FC48398B9DCEAAC1776C8A9818AF19C18831BCBBC010347C3F1,0,0,,,,,,no,
CHAN01,2,ARMOR,body,3341,3A,yes,3,data/Items.bif,0x00100172,658BED67349C2AC707053798DFA4BCA98370B6D81FD1E2BC65A00F409155E3A4,76,76,0x5000;0x5001;0x5002;0x5003;0x5010;0x5011;0x5012;0x5013;0x5100;0x5101;0x5102;0x5103;0x5110;0x5111;0x5112;0x5113;0x5200;0x5201;0x5202;0x5210;0x5211;0x5212;0x5300;0x5301;0x5302;0x5303;0x5310;0x5311;0x5312;0x5313;0x6000;0x6001;0x6002;0x6003;0x6004;0x6005;0x6010;0x6011;0x6012;0x6013;0x6014;0x6015;0x6100;0x6101;0x6102;0x6103;0x6104;0x6105;0x6110;0x6111;0x6112;0x6113;0x6114;0x6115;0x6200;0x6201;0x6202;0x6204;0x6205;0x6210;0x6211;0x6212;0x6214;0x6215;0x6300;0x6301;0x6302;0x6303;0x6304;0x6305;0x6310;0x6311;0x6312;0x6313;0x6314;0x6315,CDFB3;CDFT3;CDFW3;CDMB3;CDMT3;CDMW3;CEFB3;CEFT3;CEFW3;CEMB3;CEMT3;CEMW3;CHFB3;CHFT3;CHFW3;CHMB3;CHMT3;CHMW3;CIFB3;CIFT3;CIMB3;CIMT3,CDFB3;CDFT3;CDFW3;CDMB3;CDMT3;CDMW3;CEFB3;CEFT3;CEFW3;CEMB3;CEMT3;CEMW3;CHFB3;CHFT3;CHFW3;CHMB3;CHMT3;CHMW3;CIFB3;CIFT3;CIMB3;CIMT3,,CDFB3;CDFT3;CDFW3;CDMB3;CDMT3;CDMW3;CEFB3;CEFT3;CEFW3;CEMB3;CEMT3;CEMW3;CHFB3;CHFT3;CHFW3;CHMB3;CHMT3;CHMW3;CIFB3;CIFT3;CIMB3;CIMT3,no,
CHAN02,2,ARMOR,body,3341,3A,yes,3,data/Items.bif,0x00100173,16F823C0830A2271574029611D12D995A838CF070F76D552D9D3C984B687C064,76,76,0x5000;0x5001;0x5002;0x5003;0x5010;0x5011;0x5012;0x5013;0x5100;0x5101;0x5102;0x5103;0x5110;0x5111;0x5112;0x5113;0x5200;0x5201;0x5202;0x5210;0x5211;0x5212;0x5300;0x5301;0x5302;0x5303;0x5310;0x5311;0x5312;0x5313;0x6000;0x6001;0x6002;0x6003;0x6004;0x6005;0x6010;0x6011;0x6012;0x6013;0x6014;0x6015;0x6100;0x6101;0x6102;0x6103;0x6104;0x6105;0x6110;0x6111;0x6112;0x6113;0x6114;0x6115;0x6200;0x6201;0x6202;0x6204;0x6205;0x6210;0x6211;0x6212;0x6214;0x6215;0x6300;0x6301;0x6302;0x6303;0x6304;0x6305;0x6310;0x6311;0x6312;0x6313;0x6314;0x6315,CDFB3;CDFT3;CDFW3;CDMB3;CDMT3;CDMW3;CEFB3;CEFT3;CEFW3;CEMB3;CEMT3;CEMW3;CHFB3;CHFT3;CHFW3;CHMB3;CHMT3;CHMW3;CIFB3;CIFT3;CIMB3;CIMT3,CDFB3;CDFT3;CDFW3;CDMB3;CDMT3;CDMW3;CEFB3;CEFT3;CEFW3;CEMB3;CEMT3;CEMW3;CHFB3;CHFT3;CHFW3;CHMB3;CHMT3;CHMW3;CIFB3;CIFT3;CIMB3;CIMT3,,CDFB3;CDFT3;CDFW3;CDMB3;CDMT3;CDMW3;CEFB3;CEFT3;CEFW3;CEMB3;CEMT3;CEMW3;CHFB3;CHFT3;CHFW3;CHMB3;CHMT3;CHMW3;CIFB3;CIFT3;CIMB3;CIMT3,no,
CHAN03,2,ARMOR,body,3341,3A,yes,3,data/Items.bif,0x00100174,0D546B6541454809FC07F89AA8B15AD9AAA1785382C321F2E9E1E37DFDE903FC,76,76,0x5000;0x5001;0x5002;0x5003;0x5010;0x5011;0x5012;0x5013;0x5100;0x5101;0x5102;0x5103;0x5110;0x5111;0x5112;0x5113;0x5200;0x5201;0x5202;0x5210;0x5211;0x5212;0x5300;0x5301;0x5302;0x5303;0x5310;0x5311;0x5312;0x5313;0x6000;0x6001;0x6002;0x6003;0x6004;0x6005;0x6010;0x6011;0x6012;0x6013;0x6014;0x6015;0x6100;0x6101;0x6102;0x6103;0x6104;0x6105;0x6110;0x6111;0x6112;0x6113;0x6114;0x6115;0x6200;0x6201;0x6202;0x6204;0x6205;0x6210;0x6211;0x6212;0x6214;0x6215;0x6300;0x6301;0x6302;0x6303;0x6304;0x6305;0x6310;0x6311;0x6312;0x6313;0x6314;0x6315,CDFB3;CDFT3;CDFW3;CDMB3;CDMT3;CDMW3;CEFB3;CEFT3;CEFW3;CEMB3;CEMT3;CEMW3;CHFB3;CHFT3;CHFW3;CHMB3;CHMT3;CHMW3;CIFB3;CIFT3;CIMB3;CIMT3,CDFB3;CDFT3;CDFW3;CDMB3;CDMT3;CDMW3;CEFB3;CEFT3;CEFW3;CEMB3;CEMT3;CEMW3;CHFB3;CHFT3;CHFW3;CHMB3;CHMT3;CHMW3;CIFB3;CIFT3;CIMB3;CIMT3,,CDFB3;CDFT3;CDFW3;CDMB3;CDMT3;CDMW3;CEFB3;CEFT3;CEFW3;CEMB3;CEMT3;CEMW3;CHFB3;CHFT3;CHFW3;CHMB3;CHMT3;CHMW3;CIFB3;CIFT3;CIMB3;CIMT3,no,
CHAN04,2,ARMOR,body,3341,3A,yes,3,data/Items.bif,0x00100175,99459E5C148DEB20116130EA853DAE7B9FF3C391C4A15568E7C2C3E0E319A8BE,76,76,0x5000;0x5001;0x5002;0x5003;0x5010;0x5011;0x5012;0x5013;0x5100;0x5101;0x5102;0x5103;0x5110;0x5111;0x5112;0x5113;0x5200;0x5201;0x5202;0x5210;0x5211;0x5212;0x5300;0x5301;0x5302;0x5303;0x5310;0x5311;0x5312;0x5313;0x6000;0x6001;0x6002;0x6003;0x6004;0x6005;0x6010;0x6011;0x6012;0x6013;0x6014;0x6015;0x6100;0x6101;0x6102;0x6103;0x6104;0x6105;0x6110;0x6111;0x6112;0x6113;0x6114;0x6115;0x6200;0x6201;0x6202;0x6204;0x6205;0x6210;0x6211;0x6212;0x6214;0x6215;0x6300;0x6301;0x6302;0x6303;0x6304;0x6305;0x6310;0x6311;0x6312;0x6313;0x6314;0x6315,CDFB3;CDFT3;CDFW3;CDMB3;CDMT3;CDMW3;CEFB3;CEFT3;CEFW3;CEMB3;CEMT3;CEMW3;CHFB3;CHFT3;CHFW3;CHMB3;CHMT3;CHMW3;CIFB3;CIFT3;CIMB3;CIMT3,CDFB3;CDFT3;CDFW3;CDMB3;CDMT3;CDMW3;CEFB3;CEFT3;CEFW3;CEMB3;CEMT3;CEMW3;CHFB3;CHFT3;CHFW3;CHMB3;CHMT3;CHMW3;CIFB3;CIFT3;CIMB3;CIMT3,,CDFB3;CDFT3;CDFW3;CDMB3;CDMT3;CDMW3;CEFB3;CEFT3;CEFW3;CEMB3;CEMT3;CEMW3;CHFB3;CHFT3;CHFW3;CHMB3;CHMT3;CHMW3;CIFB3;CIFT3;CIMB3;CIMT3,no,
CHAN05,2,ARMOR,body,3341,3A,yes,3,data/Items.bif,0x00100176,9B3AA157F5C390C46723B3AB47435482C5BB0370A5F41E83E1002474B045F923,76,76,0x5000;0x5001;0x5002;0x5003;0x5010;0x5011;0x5012;0x5013;0x5100;0x5101;0x5102;0x5103;0x5110;0x5111;0x5112;0x5113;0x5200;0x5201;0x5202;0x5210;0x5211;0x5212;0x5300;0x5301;0x5302;0x5303;0x5310;0x5311;0x5312;0x5313;0x6000;0x6001;0x6002;0x6003;0x6004;0x6005;0x6010;0x6011;0x6012;0x6013;0x6014;0x6015;0x6100;0x6101;0x6102;0x6103;0x6104;0x6105;0x6110;0x6111;0x6112;0x6113;0x6114;0x6115;0x6200;0x6201;0x6202;0x6204;0x6205;0x6210;0x6211;0x6212;0x6214;0x6215;0x6300;0x6301;0x6302;0x6303;0x6304;0x6305;0x6310;0x6311;0x6312;0x6313;0x6314;0x6315,CDFB3;CDFT3;CDFW3;CDMB3;CDMT3;CDMW3;CEFB3;CEFT3;CEFW3;CEMB3;CEMT3;CEMW3;CHFB3;CHFT3;CHFW3;CHMB3;CHMT3;CHMW3;CIFB3;CIFT3;CIMB3;CIMT3,CDFB3;CDFT3;CDFW3;CDMB3;CDMT3;CDMW3;CEFB3;CEFT3;CEFW3;CEMB3;CEMT3;CEMW3;CHFB3;CHFT3;CHFW3;CHMB3;CHMT3;CHMW3;CIFB3;CIFT3;CIMB3;CIMT3,,CDFB3;CDFT3;CDFW3;CDMB3;CDMT3;CDMW3;CEFB3;CEFT3;CEFW3;CEMB3;CEMT3;CEMW3;CHFB3;CHFT3;CHFW3;CHMB3;CHMT3;CHMW3;CIFB3;CIFT3;CIMB3;CIMT3,no,
CHAN06,2,ARMOR,body,3341,3A,yes,3,data/Items.bif,0x00100177,B5EA5A789A75681DB78954E74C00289D18FA44658E9C0ACE462F14C8B8DBC142,76,76,0x5000;0x5001;0x5002;0x5003;0x5010;0x5011;0x5012;0x5013;0x5100;0x5101;0x5102;0x5103;0x5110;0x5111;0x5112;0x5113;0x5200;0x5201;0x5202;0x5210;0x5211;0x5212;0x5300;0x5301;0x5302;0x5303;0x5310;0x5311;0x5312;0x5313;0x6000;0x6001;0x6002;0x6003;0x6004;0x6005;0x6010;0x6011;0x6012;0x6013;0x6014;0x6015;0x6100;0x6101;0x6102;0x6103;0x6104;0x6105;0x6110;0x6111;0x6112;0x6113;0x6114;0x6115;0x6200;0x6201;0x6202;0x6204;0x6205;0x6210;0x6211;0x6212;0x6214;0x6215;0x6300;0x6301;0x6302;0x6303;0x6304;0x6305;0x6310;0x6311;0x6312;0x6313;0x6314;0x6315,CDFB3;CDFT3;CDFW3;CDMB3;CDMT3;CDMW3;CEFB3;CEFT3;CEFW3;CEMB3;CEMT3;CEMW3;CHFB3;CHFT3;CHFW3;CHMB3;CHMT3;CHMW3;CIFB3;CIFT3;CIMB3;CIMT3,CDFB3;CDFT3;CDFW3;CDMB3;CDMT3;CDMW3;CEFB3;CEFT3;CEFW3;CEMB3;CEMT3;CEMW3;CHFB3;CHFT3;CHFW3;CHMB3;CHMT3;CHMW3;CIFB3;CIFT3;CIMB3;CIMT3,,CDFB3;CDFT3;CDFW3;CDMB3;CDMT3;CDMW3;CEFB3;CEFT3;CEFW3;CEMB3;CEMT3;CEMW3;CHFB3;CHFT3;CHFW3;CHMB3;CHMT3;CHMW3;CIFB3;CIFT3;CIMB3;CIMT3,no,
CHAN07,2,ARMOR,body,3341,3A,yes,3,data/Items.bif,0x00100178,A5890F59A92633537219A7F62D7550C121845893DE8EA3ABAE2E05BA6F3F6785,76,76,0x5000;0x5001;0x5002;0x5003;0x5010;0x5011;0x5012;0x5013;0x5100;0x5101;0x5102;0x5103;0x5110;0x5111;0x5112;0x5113;0x5200;0x5201;0x5202;0x5210;0x5211;0x5212;0x5300;0x5301;0x5302;0x5303;0x5310;0x5311;0x5312;0x5313;0x6000;0x6001;0x6002;0x6003;0x6004;0x6005;0x6010;0x6011;0x6012;0x6013;0x6014;0x6015;0x6100;0x6101;0x6102;0x6103;0x6104;0x6105;0x6110;0x6111;0x6112;0x6113;0x6114;0x6115;0x6200;0x6201;0x6202;0x6204;0x6205;0x6210;0x6211;0x6212;0x6214;0x6215;0x6300;0x6301;0x6302;0x6303;0x6304;0x6305;0x6310;0x6311;0x6312;0x6313;0x6314;0x6315,CDFB3;CDFT3;CDFW3;CDMB3;CDMT3;CDMW3;CEFB3;CEFT3;CEFW3;CEMB3;CEMT3;CEMW3;CHFB3;CHFT3;CHFW3;CHMB3;CHMT3;CHMW3;CIFB3;CIFT3;CIMB3;CIMT3,CDFB3;CDFT3;CDFW3;CDMB3;CDMT3;CDMW3;CEFB3;CEFT3;CEFW3;CEMB3;CEMT3;CEMW3;CHFB3;CHFT3;CHFW3;CHMB3;CHMT3;CHMW3;CIFB3;CIFT3;CIMB3;CIMT3,,CDFB3;CDFT3;CDFW3;CDMB3;CDMT3;CDMW3;CEFB3;CEFT3;CEFW3;CEMB3;CEMT3;CEMW3;CHFB3;CHFT3;CHFW3;CHMB3;CHMT3;CHMW3;CIFB3;CIFT3;CIMB3;CIMT3,no,
CHAN08,2,ARMOR,body,3341,3A,yes,3,data/Items.bif,0x00100179,5F75F2601DA865FEACF436D6FC343F12EE492FA7363F3D6E808C36CEF72941B4,76,76,0x5000;0x5001;0x5002;0x5003;0x5010;0x5011;0x5012;0x5013;0x5100;0x5101;0x5102;0x5103;0x5110;0x5111;0x5112;0x5113;0x5200;0x5201;0x5202;0x5210;0x5211;0x5212;0x5300;0x5301;0x5302;0x5303;0x5310;0x5311;0x5312;0x5313;0x6000;0x6001;0x6002;0x6003;0x6004;0x6005;0x6010;0x6011;0x6012;0x6013;0x6014;0x6015;0x6100;0x6101;0x6102;0x6103;0x6104;0x6105;0x6110;0x6111;0x6112;0x6113;0x6114;0x6115;0x6200;0x6201;0x6202;0x6204;0x6205;0x6210;0x6211;0x6212;0x6214;0x6215;0x6300;0x6301;0x6302;0x6303;0x6304;0x6305;0x6310;0x6311;0x6312;0x6313;0x6314;0x6315,CDFB3;CDFT3;CDFW3;CDMB3;CDMT3;CDMW3;CEFB3;CEFT3;CEFW3;CEMB3;CEMT3;CEMW3;CHFB3;CHFT3;CHFW3;CHMB3;CHMT3;CHMW3;CIFB3;CIFT3;CIMB3;CIMT3,CDFB3;CDFT3;CDFW3;CDMB3;CDMT3;CDMW3;CEFB3;CEFT3;CEFW3;CEMB3;CEMT3;CEMW3;CHFB3;CHFT3;CHFW3;CHMB3;CHMT3;CHMW3;CIFB3;CIFT3;CIMB3;CIMT3,,CDFB3;CDFT3;CDFW3;CDMB3;CDMT3;CDMW3;CEFB3;CEFT3;CEFW3;CEMB3;CEMT3;CEMW3;CHFB3;CHFT3;CHFW3;CHMB3;CHMT3;CHMW3;CIFB3;CIFT3;CIMB3;CIMT3,no,
CHAN09,2,ARMOR,body,3341,3A,yes,3,data/Items.bif,0x0010017A,66206FB8BEB7010C411B956AE98D08D4F782BCD311B904ED8CC986C6D24D7AEE,76,76,0x5000;0x5001;0x5002;0x5003;0x5010;0x5011;0x5012;0x5013;0x5100;0x5101;0x5102;0x5103;0x5110;0x5111;0x5112;0x5113;0x5200;0x5201;0x5202;0x5210;0x5211;0x5212;0x5300;0x5301;0x5302;0x5303;0x5310;0x5311;0x5312;0x5313;0x6000;0x6001;0x6002;0x6003;0x6004;0x6005;0x6010;0x6011;0x6012;0x6013;0x6014;0x6015;0x6100;0x6101;0x6102;0x6103;0x6104;0x6105;0x6110;0x6111;0x6112;0x6113;0x6114;0x6115;0x6200;0x6201;0x6202;0x6204;0x6205;0x6210;0x6211;0x6212;0x6214;0x6215;0x6300;0x6301;0x6302;0x6303;0x6304;0x6305;0x6310;0x6311;0x6312;0x6313;0x6314;0x6315,CDFB3;CDFT3;CDFW3;CDMB3;CDMT3;CDMW3;CEFB3;CEFT3;CEFW3;CEMB3;CEMT3;CEMW3;CHFB3;CHFT3;CHFW3;CHMB3;CHMT3;CHMW3;CIFB3;CIFT3;CIMB3;CIMT3,CDFB3;CDFT3;CDFW3;CDMB3;CDMT3;CDMW3;CEFB3;CEFT3;CEFW3;CEMB3;CEMT3;CEMW3;CHFB3;CHFT3;CHFW3;CHMB3;CHMT3;CHMW3;CIFB3;CIFT3;CIMB3;CIMT3,,CDFB3;CDFT3;CDFW3;CDMB3;CDMT3;CDMW3;CEFB3;CEFT3;CEFW3;CEMB3;CEMT3;CEMW3;CHFB3;CHFT3;CHFW3;CHMB3;CHMT3;CHMW3;CIFB3;CIFT3;CIMB3;CIMT3,no,
CHAN10,2,ARMOR,body,3341,3A,yes,3,data/Items.bif,0x0010017B,44467962793BF334AAB3BECE80249FC172858696F419CA7E36E460144A430490,76,76,0x5000;0x5001;0x5002;0x5003;0x5010;0x5011;0x5012;0x5013;0x5100;0x5101;0x5102;0x5103;0x5110;0x5111;0x5112;0x5113;0x5200;0x5201;0x5202;0x5210;0x5211;0x5212;0x5300;0x5301;0x5302;0x5303;0x5310;0x5311;0x5312;0x5313;0x6000;0x6001;0x6002;0x6003;0x6004;0x6005;0x6010;0x6011;0x6012;0x6013;0x6014;0x6015;0x6100;0x6101;0x6102;0x6103;0x6104;0x6105;0x6110;0x6111;0x6112;0x6113;0x6114;0x6115;0x6200;0x6201;0x6202;0x6204;0x6205;0x6210;0x6211;0x6212;0x6214;0x6215;0x6300;0x6301;0x6302;0x6303;0x6304;0x6305;0x6310;0x6311;0x6312;0x6313;0x6314;0x6315,CDFB3;CDFT3;CDFW3;CDMB3;CDMT3;CDMW3;CEFB3;CEFT3;CEFW3;CEMB3;CEMT3;CEMW3;CHFB3;CHFT3;CHFW3;CHMB3;CHMT3;CHMW3;CIFB3;CIFT3;CIMB3;CIMT3,CDFB3;CDFT3;CDFW3;CDMB3;CDMT3;CDMW3;CEFB3;CEFT3;CEFW3;CEMB3;CEMT3;CEMW3;CHFB3;CHFT3;CHFW3;CHMB3;CHMT3;CHMW3;CIFB3;CIFT3;CIMB3;CIMT3,,CDFB3;CDFT3;CDFW3;CDMB3;CDMT3;CDMW3;CEFB3;CEFT3;CEFW3;CEMB3;CEMT3;CEMW3;CHFB3;CHFT3;CHFW3;CHMB3;CHMT3;CHMW3;CIFB3;CIFT3;CIMB3;CIMT3,no,
CHAN11,2,ARMOR,body,3341,3A,yes,3,data/Items.bif,0x0010017C,42A307D84315018CA8754643E8D37EEBD1184BAAED9173F4A1E0A2DD4301FD9A,76,76,0x5000;0x5001;0x5002;0x5003;0x5010;0x5011;0x5012;0x5013;0x5100;0x5101;0x5102;0x5103;0x5110;0x5111;0x5112;0x5113;0x5200;0x5201;0x5202;0x5210;0x5211;0x5212;0x5300;0x5301;0x5302;0x5303;0x5310;0x5311;0x5312;0x5313;0x6000;0x6001;0x6002;0x6003;0x6004;0x6005;0x6010;0x6011;0x6012;0x6013;0x6014;0x6015;0x6100;0x6101;0x6102;0x6103;0x6104;0x6105;0x6110;0x6111;0x6112;0x6113;0x6114;0x6115;0x6200;0x6201;0x6202;0x6204;0x6205;0x6210;0x6211;0x6212;0x6214;0x6215;0x6300;0x6301;0x6302;0x6303;0x6304;0x6305;0x6310;0x6311;0x6312;0x6313;0x6314;0x6315,CDFB3;CDFT3;CDFW3;CDMB3;CDMT3;CDMW3;CEFB3;CEFT3;CEFW3;CEMB3;CEMT3;CEMW3;CHFB3;CHFT3;CHFW3;CHMB3;CHMT3;CHMW3;CIFB3;CIFT3;CIMB3;CIMT3,CDFB3;CDFT3;CDFW3;CDMB3;CDMT3;CDMW3;CEFB3;CEFT3;CEFW3;CEMB3;CEMT3;CEMW3;CHFB3;CHFT3;CHFW3;CHMB3;CHMT3;CHMW3;CIFB3;CIFT3;CIMB3;CIMT3,,CDFB3;CDFT3;CDFW3;CDMB3;CDMT3;CDMW3;CEFB3;CEFT3;CEFW3;CEMB3;CEMT3;CEMW3;CHFB3;CHFT3;CHFW3;CHMB3;CHMT3;CHMW3;CIFB3;CIFT3;CIMB3;CIMT3,no,
CHAN12,2,ARMOR,body,3341,3A,yes,3,data/Items.bif,0x0010017D,F9AD0BDD7730F3E837B4169D705A74B6EDF785EA3CE9B9581F0024EB4AD7FF8F,76,76,0x5000;0x5001;0x5002;0x5003;0x5010;0x5011;0x5012;0x5013;0x5100;0x5101;0x5102;0x5103;0x5110;0x5111;0x5112;0x5113;0x5200;0x5201;0x5202;0x5210;0x5211;0x5212;0x5300;0x5301;0x5302;0x5303;0x5310;0x5311;0x5312;0x5313;0x6000;0x6001;0x6002;0x6003;0x6004;0x6005;0x6010;0x6011;0x6012;0x6013;0x6014;0x6015;0x6100;0x6101;0x6102;0x6103;0x6104;0x6105;0x6110;0x6111;0x6112;0x6113;0x6114;0x6115;0x6200;0x6201;0x6202;0x6204;0x6205;0x6210;0x6211;0x6212;0x6214;0x6215;0x6300;0x6301;0x6302;0x6303;0x6304;0x6305;0x6310;0x6311;0x6312;0x6313;0x6314;0x6315,CDFB3;CDFT3;CDFW3;CDMB3;CDMT3;CDMW3;CEFB3;CEFT3;CEFW3;CEMB3;CEMT3;CEMW3;CHFB3;CHFT3;CHFW3;CHMB3;CHMT3;CHMW3;CIFB3;CIFT3;CIMB3;CIMT3,CDFB3;CDFT3;CDFW3;CDMB3;CDMT3;CDMW3;CEFB3;CEFT3;CEFW3;CEMB3;CEMT3;CEMW3;CHFB3;CHFT3;CHFW3;CHMB3;CHMT3;CHMW3;CIFB3;CIFT3;CIMB3;CIMT3,,CDFB3;CDFT3;CDFW3;CDMB3;CDMT3;CDMW3;CEFB3;CEFT3;CEFW3;CEMB3;CEMT3;CEMW3;CHFB3;CHFT3;CHFW3;CHMB3;CHMT3;CHMW3;CIFB3;CIFT3;CIMB3;CIMT3,no,
CHAN13,2,ARMOR,body,3341,3A,yes,3,data/Items.bif,0x0010017E,CC7E03EB572F18946D3982964750A019299B9533A045C1FB8A618302770F95FA,76,76,0x5000;0x5001;0x5002;0x5003;0x5010;0x5011;0x5012;0x5013;0x5100;0x5101;0x5102;0x5103;0x5110;0x5111;0x5112;0x5113;0x5200;0x5201;0x5202;0x5210;0x5211;0x5212;0x5300;0x5301;0x5302;0x5303;0x5310;0x5311;0x5312;0x5313;0x6000;0x6001;0x6002;0x6003;0x6004;0x6005;0x6010;0x6011;0x6012;0x6013;0x6014;0x6015;0x6100;0x6101;0x6102;0x6103;0x6104;0x6105;0x6110;0x6111;0x6112;0x6113;0x6114;0x6115;0x6200;0x6201;0x6202;0x6204;0x6205;0x6210;0x6211;0x6212;0x6214;0x6215;0x6300;0x6301;0x6302;0x6303;0x6304;0x6305;0x6310;0x6311;0x6312;0x6313;0x6314;0x6315,CDFB3;CDFT3;CDFW3;CDMB3;CDMT3;CDMW3;CEFB3;CEFT3;CEFW3;CEMB3;CEMT3;CEMW3;CHFB3;CHFT3;CHFW3;CHMB3;CHMT3;CHMW3;CIFB3;CIFT3;CIMB3;CIMT3,CDFB3;CDFT3;CDFW3;CDMB3;CDMT3;CDMW3;CEFB3;CEFT3;CEFW3;CEMB3;CEMT3;CEMW3;CHFB3;CHFT3;CHFW3;CHMB3;CHMT3;CHMW3;CIFB3;CIFT3;CIMB3;CIMT3,,CDFB3;CDFT3;CDFW3;CDMB3;CDMT3;CDMW3;CEFB3;CEFT3;CEFW3;CEMB3;CEMT3;CEMW3;CHFB3;CHFT3;CHFW3;CHMB3;CHMT3;CHMW3;CIFB3;CIFT3;CIMB3;CIMT3,no,
CHAN14,2,ARMOR,body,3341,3A,yes,3,data/Items.bif,0x0010017F,122581E657E6523DA238DA53CCAABA30077CCBFB72966457A3C02745C38E6A12,76,76,0x5000;0x5001;0x5002;0x5003;0x5010;0x5011;0x5012;0x5013;0x5100;0x5101;0x5102;0x5103;0x5110;0x5111;0x5112;0x5113;0x5200;0x5201;0x5202;0x5210;0x5211;0x5212;0x5300;0x5301;0x5302;0x5303;0x5310;0x5311;0x5312;0x5313;0x6000;0x6001;0x6002;0x6003;0x6004;0x6005;0x6010;0x6011;0x6012;0x6013;0x6014;0x6015;0x6100;0x6101;0x6102;0x6103;0x6104;0x6105;0x6110;0x6111;0x6112;0x6113;0x6114;0x6115;0x6200;0x6201;0x6202;0x6204;0x6205;0x6210;0x6211;0x6212;0x6214;0x6215;0x6300;0x6301;0x6302;0x6303;0x6304;0x6305;0x6310;0x6311;0x6312;0x6313;0x6314;0x6315,CDFB3;CDFT3;CDFW3;CDMB3;CDMT3;CDMW3;CEFB3;CEFT3;CEFW3;CEMB3;CEMT3;CEMW3;CHFB3;CHFT3;CHFW3;CHMB3;CHMT3;CHMW3;CIFB3;CIFT3;CIMB3;CIMT3,CDFB3;CDFT3;CDFW3;CDMB3;CDMT3;CDMW3;CEFB3;CEFT3;CEFW3;CEMB3;CEMT3;CEMW3;CHFB3;CHFT3;CHFW3;CHMB3;CHMT3;CHMW3;CIFB3;CIFT3;CIMB3;CIMT3,,CDFB3;CDFT3;CDFW3;CDMB3;CDMT3;CDMW3;CEFB3;CEFT3;CEFW3;CEMB3;CEMT3;CEMW3;CHFB3;CHFT3;CHFW3;CHMB3;CHMT3;CHMW3;CIFB3;CIFT3;CIMB3;CIMT3,no,
CHAN15,2,ARMOR,body,3341,3A,yes,3,data/Items.bif,0x00100180,AB06E6A94872E5CC8ACE94FF434B47AC63AC885921EBBA024E7CC022EAD34E3E,76,76,0x5000;0x5001;0x5002;0x5003;0x5010;0x5011;0x5012;0x5013;0x5100;0x5101;0x5102;0x5103;0x5110;0x5111;0x5112;0x5113;0x5200;0x5201;0x5202;0x5210;0x5211;0x5212;0x5300;0x5301;0x5302;0x5303;0x5310;0x5311;0x5312;0x5313;0x6000;0x6001;0x6002;0x6003;0x6004;0x6005;0x6010;0x6011;0x6012;0x6013;0x6014;0x6015;0x6100;0x6101;0x6102;0x6103;0x6104;0x6105;0x6110;0x6111;0x6112;0x6113;0x6114;0x6115;0x6200;0x6201;0x6202;0x6204;0x6205;0x6210;0x6211;0x6212;0x6214;0x6215;0x6300;0x6301;0x6302;0x6303;0x6304;0x6305;0x6310;0x6311;0x6312;0x6313;0x6314;0x6315,CDFB3;CDFT3;CDFW3;CDMB3;CDMT3;CDMW3;CEFB3;CEFT3;CEFW3;CEMB3;CEMT3;CEMW3;CHFB3;CHFT3;CHFW3;CHMB3;CHMT3;CHMW3;CIFB3;CIFT3;CIMB3;CIMT3,CDFB3;CDFT3;CDFW3;CDMB3;CDMT3;CDMW3;CEFB3;CEFT3;CEFW3;CEMB3;CEMT3;CEMW3;CHFB3;CHFT3;CHFW3;CHMB3;CHMT3;CHMW3;CIFB3;CIFT3;CIMB3;CIMT3,,CDFB3;CDFT3;CDFW3;CDMB3;CDMT3;CDMW3;CEFB3;CEFT3;CEFW3;CEMB3;CEMT3;CEMW3;CHFB3;CHFT3;CHFW3;CHMB3;CHMT3;CHMW3;CIFB3;CIFT3;CIMB3;CIMT3,no,
CHAN16,2,ARMOR,body,3341,3A,yes,3,data/Items.bif,0x00100181,0AE8A5CEF1E751881075E7D0239FA560A8C4B70E0BA053DC93FEBE5116178DFC,76,76,0x5000;0x5001;0x5002;0x5003;0x5010;0x5011;0x5012;0x5013;0x5100;0x5101;0x5102;0x5103;0x5110;0x5111;0x5112;0x5113;0x5200;0x5201;0x5202;0x5210;0x5211;0x5212;0x5300;0x5301;0x5302;0x5303;0x5310;0x5311;0x5312;0x5313;0x6000;0x6001;0x6002;0x6003;0x6004;0x6005;0x6010;0x6011;0x6012;0x6013;0x6014;0x6015;0x6100;0x6101;0x6102;0x6103;0x6104;0x6105;0x6110;0x6111;0x6112;0x6113;0x6114;0x6115;0x6200;0x6201;0x6202;0x6204;0x6205;0x6210;0x6211;0x6212;0x6214;0x6215;0x6300;0x6301;0x6302;0x6303;0x6304;0x6305;0x6310;0x6311;0x6312;0x6313;0x6314;0x6315,CDFB3;CDFT3;CDFW3;CDMB3;CDMT3;CDMW3;CEFB3;CEFT3;CEFW3;CEMB3;CEMT3;CEMW3;CHFB3;CHFT3;CHFW3;CHMB3;CHMT3;CHMW3;CIFB3;CIFT3;CIMB3;CIMT3,CDFB3;CDFT3;CDFW3;CDMB3;CDMT3;CDMW3;CEFB3;CEFT3;CEFW3;CEMB3;CEMT3;CEMW3;CHFB3;CHFT3;CHFW3;CHMB3;CHMT3;CHMW3;CIFB3;CIFT3;CIMB3;CIMT3,,CDFB3;CDFT3;CDFW3;CDMB3;CDMT3;CDMW3;CEFB3;CEFT3;CEFW3;CEMB3;CEMT3;CEMW3;CHFB3;CHFT3;CHFW3;CHMB3;CHMT3;CHMW3;CIFB3;CIFT3;CIMB3;CIMT3,no,
CHAN17,2,ARMOR,body,3341,3A,yes,3,data/Items.bif,0x00100182,D2F7EC430972846329D2D1D9016858FBBA96C1390E7BB2897B40B12B454F950C,76,76,0x5000;0x5001;0x5002;0x5003;0x5010;0x5011;0x5012;0x5013;0x5100;0x5101;0x5102;0x5103;0x5110;0x5111;0x5112;0x5113;0x5200;0x5201;0x5202;0x5210;0x5211;0x5212;0x5300;0x5301;0x5302;0x5303;0x5310;0x5311;0x5312;0x5313;0x6000;0x6001;0x6002;0x6003;0x6004;0x6005;0x6010;0x6011;0x6012;0x6013;0x6014;0x6015;0x6100;0x6101;0x6102;0x6103;0x6104;0x6105;0x6110;0x6111;0x6112;0x6113;0x6114;0x6115;0x6200;0x6201;0x6202;0x6204;0x6205;0x6210;0x6211;0x6212;0x6214;0x6215;0x6300;0x6301;0x6302;0x6303;0x6304;0x6305;0x6310;0x6311;0x6312;0x6313;0x6314;0x6315,CDFB3;CDFT3;CDFW3;CDMB3;CDMT3;CDMW3;CEFB3;CEFT3;CEFW3;CEMB3;CEMT3;CEMW3;CHFB3;CHFT3;CHFW3;CHMB3;CHMT3;CHMW3;CIFB3;CIFT3;CIMB3;CIMT3,CDFB3;CDFT3;CDFW3;CDMB3;CDMT3;CDMW3;CEFB3;CEFT3;CEFW3;CEMB3;CEMT3;CEMW3;CHFB3;CHFT3;CHFW3;CHMB3;CHMT3;CHMW3;CIFB3;CIFT3;CIMB3;CIMT3,,CDFB3;CDFT3;CDFW3;CDMB3;CDMT3;CDMW3;CEFB3;CEFT3;CEFW3;CEMB3;CEMT3;CEMW3;CHFB3;CHFT3;CHFW3;CHMB3;CHMT3;CHMW3;CIFB3;CIFT3;CIMB3;CIMT3,no,
CHAN18,2,ARMOR,body,3341,3A,yes,3,data/Items.bif,0x00100183,0E2B1DD60A67C8B3B87B6C767246A7D99FE7D2707C62EC35920A8E017E755566,76,76,0x5000;0x5001;0x5002;0x5003;0x5010;0x5011;0x5012;0x5013;0x5100;0x5101;0x5102;0x5103;0x5110;0x5111;0x5112;0x5113;0x5200;0x5201;0x5202;0x5210;0x5211;0x5212;0x5300;0x5301;0x5302;0x5303;0x5310;0x5311;0x5312;0x5313;0x6000;0x6001;0x6002;0x6003;0x6004;0x6005;0x6010;0x6011;0x6012;0x6013;0x6014;0x6015;0x6100;0x6101;0x6102;0x6103;0x6104;0x6105;0x6110;0x6111;0x6112;0x6113;0x6114;0x6115;0x6200;0x6201;0x6202;0x6204;0x6205;0x6210;0x6211;0x6212;0x6214;0x6215;0x6300;0x6301;0x6302;0x6303;0x6304;0x6305;0x6310;0x6311;0x6312;0x6313;0x6314;0x6315,CDFB3;CDFT3;CDFW3;CDMB3;CDMT3;CDMW3;CEFB3;CEFT3;CEFW3;CEMB3;CEMT3;CEMW3;CHFB3;CHFT3;CHFW3;CHMB3;CHMT3;CHMW3;CIFB3;CIFT3;CIMB3;CIMT3,CDFB3;CDFT3;CDFW3;CDMB3;CDMT3;CDMW3;CEFB3;CEFT3;CEFW3;CEMB3;CEMT3;CEMW3;CHFB3;CHFT3;CHFW3;CHMB3;CHMT3;CHMW3;CIFB3;CIFT3;CIMB3;CIMT3,,CDFB3;CDFT3;CDFW3;CDMB3;CDMT3;CDMW3;CEFB3;CEFT3;CEFW3;CEMB3;CEMT3;CEMW3;CHFB3;CHFT3;CHFW3;CHMB3;CHMT3;CHMW3;CIFB3;CIFT3;CIMB3;CIMT3,no,
CHAN19,2,ARMOR,body,3341,3A,yes,3,data/25Items.bif,0x08400068,61C6659CA8CCB6365A1451CCB8FB60354D9E69AB1999A80156754AE85B2DEF68,76,76,0x5000;0x5001;0x5002;0x5003;0x5010;0x5011;0x5012;0x5013;0x5100;0x5101;0x5102;0x5103;0x5110;0x5111;0x5112;0x5113;0x5200;0x5201;0x5202;0x5210;0x5211;0x5212;0x5300;0x5301;0x5302;0x5303;0x5310;0x5311;0x5312;0x5313;0x6000;0x6001;0x6002;0x6003;0x6004;0x6005;0x6010;0x6011;0x6012;0x6013;0x6014;0x6015;0x6100;0x6101;0x6102;0x6103;0x6104;0x6105;0x6110;0x6111;0x6112;0x6113;0x6114;0x6115;0x6200;0x6201;0x6202;0x6204;0x6205;0x6210;0x6211;0x6212;0x6214;0x6215;0x6300;0x6301;0x6302;0x6303;0x6304;0x6305;0x6310;0x6311;0x6312;0x6313;0x6314;0x6315,CDFB3;CDFT3;CDFW3;CDMB3;CDMT3;CDMW3;CEFB3;CEFT3;CEFW3;CEMB3;CEMT3;CEMW3;CHFB3;CHFT3;CHFW3;CHMB3;CHMT3;CHMW3;CIFB3;CIFT3;CIMB3;CIMT3,CDFB3;CDFT3;CDFW3;CDMB3;CDMT3;CDMW3;CEFB3;CEFT3;CEFW3;CEMB3;CEMT3;CEMW3;CHFB3;CHFT3;CHFW3;CHMB3;CHMT3;CHMW3;CIFB3;CIFT3;CIMB3;CIMT3,,CDFB3;CDFT3;CDFW3;CDMB3;CDMT3;CDMW3;CEFB3;CEFT3;CEFW3;CEMB3;CEMT3;CEMW3;CHFB3;CHFT3;CHFW3;CHMB3;CHMT3;CHMW3;CIFB3;CIFT3;CIMB3;CIMT3,no,
CHAN20,2,ARMOR,body,3341,3A,yes,3,data/25Items.bif,0x08400069,55310BFA50C14C0397536D471AA964C71749F33D5AEBDAE75005450E4824254F,76,76,0x5000;0x5001;0x5002;0x5003;0x5010;0x5011;0x5012;0x5013;0x5100;0x5101;0x5102;0x5103;0x5110;0x5111;0x5112;0x5113;0x5200;0x5201;0x5202;0x5210;0x5211;0x5212;0x5300;0x5301;0x5302;0x5303;0x5310;0x5311;0x5312;0x5313;0x6000;0x6001;0x6002;0x6003;0x6004;0x6005;0x6010;0x6011;0x6012;0x6013;0x6014;0x6015;0x6100;0x6101;0x6102;0x6103;0x6104;0x6105;0x6110;0x6111;0x6112;0x6113;0x6114;0x6115;0x6200;0x6201;0x6202;0x6204;0x6205;0x6210;0x6211;0x6212;0x6214;0x6215;0x6300;0x6301;0x6302;0x6303;0x6304;0x6305;0x6310;0x6311;0x6312;0x6313;0x6314;0x6315,CDFB3;CDFT3;CDFW3;CDMB3;CDMT3;CDMW3;CEFB3;CEFT3;CEFW3;CEMB3;CEMT3;CEMW3;CHFB3;CHFT3;CHFW3;CHMB3;CHMT3;CHMW3;CIFB3;CIFT3;CIMB3;CIMT3,CDFB3;CDFT3;CDFW3;CDMB3;CDMT3;CDMW3;CEFB3;CEFT3;CEFW3;CEMB3;CEMT3;CEMW3;CHFB3;CHFT3;CHFW3;CHMB3;CHMT3;CHMW3;CIFB3;CIFT3;CIMB3;CIMT3,,CDFB3;CDFT3;CDFW3;CDMB3;CDMT3;CDMW3;CEFB3;CEFT3;CEFW3;CEMB3;CEMT3;CEMW3;CHFB3;CHFT3;CHFW3;CHMB3;CHMT3;CHMW3;CIFB3;CIFT3;CIMB3;CIMT3,no,
CHAN21,2,ARMOR,body,3341,3A,yes,3,data/25Items.bif,0x0840006A,03E1B40E93154C6D63363C54DE6F415951284D76B96482EE4BE7307C32F020A4,76,76,0x5000;0x5001;0x5002;0x5003;0x5010;0x5011;0x5012;0x5013;0x5100;0x5101;0x5102;0x5103;0x5110;0x5111;0x5112;0x5113;0x5200;0x5201;0x5202;0x5210;0x5211;0x5212;0x5300;0x5301;0x5302;0x5303;0x5310;0x5311;0x5312;0x5313;0x6000;0x6001;0x6002;0x6003;0x6004;0x6005;0x6010;0x6011;0x6012;0x6013;0x6014;0x6015;0x6100;0x6101;0x6102;0x6103;0x6104;0x6105;0x6110;0x6111;0x6112;0x6113;0x6114;0x6115;0x6200;0x6201;0x6202;0x6204;0x6205;0x6210;0x6211;0x6212;0x6214;0x6215;0x6300;0x6301;0x6302;0x6303;0x6304;0x6305;0x6310;0x6311;0x6312;0x6313;0x6314;0x6315,CDFB3;CDFT3;CDFW3;CDMB3;CDMT3;CDMW3;CEFB3;CEFT3;CEFW3;CEMB3;CEMT3;CEMW3;CHFB3;CHFT3;CHFW3;CHMB3;CHMT3;CHMW3;CIFB3;CIFT3;CIMB3;CIMT3,CDFB3;CDFT3;CDFW3;CDMB3;CDMT3;CDMW3;CEFB3;CEFT3;CEFW3;CEMB3;CEMT3;CEMW3;CHFB3;CHFT3;CHFW3;CHMB3;CHMT3;CHMW3;CIFB3;CIFT3;CIMB3;CIMT3,,CDFB3;CDFT3;CDFW3;CDMB3;CDMT3;CDMW3;CEFB3;CEFT3;CEFW3;CEMB3;CEMT3;CEMW3;CHFB3;CHFT3;CHFW3;CHMB3;CHMT3;CHMW3;CIFB3;CIFT3;CIMB3;CIMT3,no,
CHEVIL10,19,SMSWORD,weapon,2020,,no,,data/25Items.bif,0x0840006B,BA0A3969B43829E1500486BE0F747F38473E0DD22A0F0021B2C47649BB3DAC9B,0,0,,,,,,no,no-compatible-character-family;visual-animation-code-invalid
CHILLT,28,FIST,weapon,2020,,no,,data/Items.bif,0x00100184,296BB4E52FB1086A67C37F346FC9532850E4333BD8356F488009BFE3BD3F3AC7,0,0,,,,,,no,no-compatible-character-family;visual-animation-code-invalid
CHWRAITH,10,RING,,2020,,no,,data/Items.bif,0x00100185,FEA2C659FB5D523F5FA98B5028D889B3D79A0E20F561E366E28BE8A6DE3663B6,0,0,,,,,,no,
CLCK01,32,CLOAK,,2020,,no,,data/Items.bif,0x00100186,65E2AD8124B7A1983685279D344E1FA5227A700F98679B9D2D836B96B298DF70,0,0,,,,,,no,
CLCK02,32,CLOAK,,2020,,no,,data/Items.bif,0x00100187,115D3A570A29A623B5044AEBDFED90F2AD2FAD2275A797E1FCB67CEA58612A6E,0,0,,,,,,no,
CLCK03,32,CLOAK,,2020,,no,,data/Items.bif,0x00100188,B6993591A0DDC0AE0B0C65826307BF90519FFF5EC7A9866127C047CEE06F037F,0,0,,,,,,no,
CLCK04,32,CLOAK,,2020,,no,,data/Items.bif,0x00100189,53C4A26299134A606C3F6E367890B8E3AE13045B1987734CD9FF40135E11CE9C,0,0,,,,,,no,
CLCK05,32,CLOAK,,2020,,no,,data/Items.bif,0x0010018A,A446F0C2985CD38B24B605FE6FF9B3F48042A4837B15BB192D4DA218592FFD3F,0,0,,,,,,no,
CLCK06,32,CLOAK,,2020,,no,,data/Items.bif,0x0010018B,FE6610024392739F269D5215A4479173644A64A916DC5DE2B1A4DD39213D5F79,0,0,,,,,,no,
CLCK07,32,CLOAK,,2020,,no,,data/Items.bif,0x0010018C,02F47FAE2CFBDD9D84FFBB398169AB091D9B44578D26EF18750864FC790025F5,0,0,,,,,,no,
CLCK08,32,CLOAK,,2020,,no,,data/Items.bif,0x0010018D,47AE938F46606468AAFC30D6D39F58428FD28886E1AD3DAC189ED2533C19354C,0,0,,,,,,no,
CLCK09,2,ARMOR,body,3257,2W,yes,2,data/Items.bif,0x0010018E,1CF158CEDFEA15ED86A16FBDC920B336E22250F30C6DBAE364162F6B103586E3,76,76,0x5000;0x5001;0x5002;0x5003;0x5010;0x5011;0x5012;0x5013;0x5100;0x5101;0x5102;0x5103;0x5110;0x5111;0x5112;0x5113;0x5200;0x5201;0x5202;0x5210;0x5211;0x5212;0x5300;0x5301;0x5302;0x5303;0x5310;0x5311;0x5312;0x5313;0x6000;0x6001;0x6002;0x6003;0x6004;0x6005;0x6010;0x6011;0x6012;0x6013;0x6014;0x6015;0x6100;0x6101;0x6102;0x6103;0x6104;0x6105;0x6110;0x6111;0x6112;0x6113;0x6114;0x6115;0x6200;0x6201;0x6202;0x6204;0x6205;0x6210;0x6211;0x6212;0x6214;0x6215;0x6300;0x6301;0x6302;0x6303;0x6304;0x6305;0x6310;0x6311;0x6312;0x6313;0x6314;0x6315,CDFB2;CDFT2;CDFW2;CDMB2;CDMT2;CDMW2;CEFB2;CEFT2;CEFW2;CEMB2;CEMT2;CEMW2;CHFB2;CHFT2;CHFW2;CHMB2;CHMT2;CHMW2;CIFB2;CIFT2;CIMB2;CIMT2,CDFB2;CDFT2;CDFW2;CDMB2;CDMT2;CDMW2;CEFB2;CEFT2;CEFW2;CEMB2;CEMT2;CEMW2;CHFB2;CHFT2;CHFW2;CHMB2;CHMT2;CHMW2;CIFB2;CIFT2;CIMB2;CIMT2,,CDFB2;CDFT2;CDFW2;CDMB2;CDMT2;CDMW2;CEFB2;CEFT2;CEFW2;CEMB2;CEMT2;CEMW2;CHFB2;CHFT2;CHFW2;CHMB2;CHMT2;CHMW2;CIFB2;CIFT2;CIMB2;CIMT2,no,
CLCK10,2,ARMOR,body,3257,2W,yes,2,data/Items.bif,0x0010018F,719C715F121B337C101F5EC5AC11829638D1AB9818D1BECEEB2539D077650D73,76,76,0x5000;0x5001;0x5002;0x5003;0x5010;0x5011;0x5012;0x5013;0x5100;0x5101;0x5102;0x5103;0x5110;0x5111;0x5112;0x5113;0x5200;0x5201;0x5202;0x5210;0x5211;0x5212;0x5300;0x5301;0x5302;0x5303;0x5310;0x5311;0x5312;0x5313;0x6000;0x6001;0x6002;0x6003;0x6004;0x6005;0x6010;0x6011;0x6012;0x6013;0x6014;0x6015;0x6100;0x6101;0x6102;0x6103;0x6104;0x6105;0x6110;0x6111;0x6112;0x6113;0x6114;0x6115;0x6200;0x6201;0x6202;0x6204;0x6205;0x6210;0x6211;0x6212;0x6214;0x6215;0x6300;0x6301;0x6302;0x6303;0x6304;0x6305;0x6310;0x6311;0x6312;0x6313;0x6314;0x6315,CDFB2;CDFT2;CDFW2;CDMB2;CDMT2;CDMW2;CEFB2;CEFT2;CEFW2;CEMB2;CEMT2;CEMW2;CHFB2;CHFT2;CHFW2;CHMB2;CHMT2;CHMW2;CIFB2;CIFT2;CIMB2;CIMT2,CDFB2;CDFT2;CDFW2;CDMB2;CDMT2;CDMW2;CEFB2;CEFT2;CEFW2;CEMB2;CEMT2;CEMW2;CHFB2;CHFT2;CHFW2;CHMB2;CHMT2;CHMW2;CIFB2;CIFT2;CIMB2;CIMT2,,CDFB2;CDFT2;CDFW2;CDMB2;CDMT2;CDMW2;CEFB2;CEFT2;CEFW2;CEMB2;CEMT2;CEMW2;CHFB2;CHFT2;CHFW2;CHMB2;CHMT2;CHMW2;CIFB2;CIFT2;CIMB2;CIMT2,no,
CLCK11,2,ARMOR,body,3257,2W,yes,2,data/Items.bif,0x00100190,5B94DDBE8236570443C8D4228387D29B66C92E4A2EC89D76E5D4D6C6B9A5C31C,76,76,0x5000;0x5001;0x5002;0x5003;0x5010;0x5011;0x5012;0x5013;0x5100;0x5101;0x5102;0x5103;0x5110;0x5111;0x5112;0x5113;0x5200;0x5201;0x5202;0x5210;0x5211;0x5212;0x5300;0x5301;0x5302;0x5303;0x5310;0x5311;0x5312;0x5313;0x6000;0x6001;0x6002;0x6003;0x6004;0x6005;0x6010;0x6011;0x6012;0x6013;0x6014;0x6015;0x6100;0x6101;0x6102;0x6103;0x6104;0x6105;0x6110;0x6111;0x6112;0x6113;0x6114;0x6115;0x6200;0x6201;0x6202;0x6204;0x6205;0x6210;0x6211;0x6212;0x6214;0x6215;0x6300;0x6301;0x6302;0x6303;0x6304;0x6305;0x6310;0x6311;0x6312;0x6313;0x6314;0x6315,CDFB2;CDFT2;CDFW2;CDMB2;CDMT2;CDMW2;CEFB2;CEFT2;CEFW2;CEMB2;CEMT2;CEMW2;CHFB2;CHFT2;CHFW2;CHMB2;CHMT2;CHMW2;CIFB2;CIFT2;CIMB2;CIMT2,CDFB2;CDFT2;CDFW2;CDMB2;CDMT2;CDMW2;CEFB2;CEFT2;CEFW2;CEMB2;CEMT2;CEMW2;CHFB2;CHFT2;CHFW2;CHMB2;CHMT2;CHMW2;CIFB2;CIFT2;CIMB2;CIMT2,,CDFB2;CDFT2;CDFW2;CDMB2;CDMT2;CDMW2;CEFB2;CEFT2;CEFW2;CEMB2;CEMT2;CEMW2;CHFB2;CHFT2;CHFW2;CHMB2;CHMT2;CHMW2;CIFB2;CIFT2;CIMB2;CIMT2,no,
CLCK12,2,ARMOR,body,3357,3W,yes,3,data/Items.bif,0x00100191,7F50EA7813A85C5E734DF25E149F185F6FA75A9A284FB2389E018F611567CA5A,76,76,0x5000;0x5001;0x5002;0x5003;0x5010;0x5011;0x5012;0x5013;0x5100;0x5101;0x5102;0x5103;0x5110;0x5111;0x5112;0x5113;0x5200;0x5201;0x5202;0x5210;0x5211;0x5212;0x5300;0x5301;0x5302;0x5303;0x5310;0x5311;0x5312;0x5313;0x6000;0x6001;0x6002;0x6003;0x6004;0x6005;0x6010;0x6011;0x6012;0x6013;0x6014;0x6015;0x6100;0x6101;0x6102;0x6103;0x6104;0x6105;0x6110;0x6111;0x6112;0x6113;0x6114;0x6115;0x6200;0x6201;0x6202;0x6204;0x6205;0x6210;0x6211;0x6212;0x6214;0x6215;0x6300;0x6301;0x6302;0x6303;0x6304;0x6305;0x6310;0x6311;0x6312;0x6313;0x6314;0x6315,CDFB3;CDFT3;CDFW3;CDMB3;CDMT3;CDMW3;CEFB3;CEFT3;CEFW3;CEMB3;CEMT3;CEMW3;CHFB3;CHFT3;CHFW3;CHMB3;CHMT3;CHMW3;CIFB3;CIFT3;CIMB3;CIMT3,CDFB3;CDFT3;CDFW3;CDMB3;CDMT3;CDMW3;CEFB3;CEFT3;CEFW3;CEMB3;CEMT3;CEMW3;CHFB3;CHFT3;CHFW3;CHMB3;CHMT3;CHMW3;CIFB3;CIFT3;CIMB3;CIMT3,,CDFB3;CDFT3;CDFW3;CDMB3;CDMT3;CDMW3;CEFB3;CEFT3;CEFW3;CEMB3;CEMT3;CEMW3;CHFB3;CHFT3;CHFW3;CHMB3;CHMT3;CHMW3;CIFB3;CIFT3;CIMB3;CIMT3,no,
CLCK13,2,ARMOR,body,3357,3W,yes,3,data/Items.bif,0x00100192,13128080E7DBA5D48D1EAC80A044DCDF7DD7558F3B1D4577264335D51A7D1069,76,76,0x5000;0x5001;0x5002;0x5003;0x5010;0x5011;0x5012;0x5013;0x5100;0x5101;0x5102;0x5103;0x5110;0x5111;0x5112;0x5113;0x5200;0x5201;0x5202;0x5210;0x5211;0x5212;0x5300;0x5301;0x5302;0x5303;0x5310;0x5311;0x5312;0x5313;0x6000;0x6001;0x6002;0x6003;0x6004;0x6005;0x6010;0x6011;0x6012;0x6013;0x6014;0x6015;0x6100;0x6101;0x6102;0x6103;0x6104;0x6105;0x6110;0x6111;0x6112;0x6113;0x6114;0x6115;0x6200;0x6201;0x6202;0x6204;0x6205;0x6210;0x6211;0x6212;0x6214;0x6215;0x6300;0x6301;0x6302;0x6303;0x6304;0x6305;0x6310;0x6311;0x6312;0x6313;0x6314;0x6315,CDFB3;CDFT3;CDFW3;CDMB3;CDMT3;CDMW3;CEFB3;CEFT3;CEFW3;CEMB3;CEMT3;CEMW3;CHFB3;CHFT3;CHFW3;CHMB3;CHMT3;CHMW3;CIFB3;CIFT3;CIMB3;CIMT3,CDFB3;CDFT3;CDFW3;CDMB3;CDMT3;CDMW3;CEFB3;CEFT3;CEFW3;CEMB3;CEMT3;CEMW3;CHFB3;CHFT3;CHFW3;CHMB3;CHMT3;CHMW3;CIFB3;CIFT3;CIMB3;CIMT3,,CDFB3;CDFT3;CDFW3;CDMB3;CDMT3;CDMW3;CEFB3;CEFT3;CEFW3;CEMB3;CEMT3;CEMW3;CHFB3;CHFT3;CHFW3;CHMB3;CHMT3;CHMW3;CIFB3;CIFT3;CIMB3;CIMT3,no,
CLCK14,2,ARMOR,body,3357,3W,yes,3,data/Items.bif,0x00100193,7B7005CF7B5E0C5EB716AEA6F3B97EAD0A6A85F567FE4468B8B6841E1FF7981E,76,76,0x5000;0x5001;0x5002;0x5003;0x5010;0x5011;0x5012;0x5013;0x5100;0x5101;0x5102;0x5103;0x5110;0x5111;0x5112;0x5113;0x5200;0x5201;0x5202;0x5210;0x5211;0x5212;0x5300;0x5301;0x5302;0x5303;0x5310;0x5311;0x5312;0x5313;0x6000;0x6001;0x6002;0x6003;0x6004;0x6005;0x6010;0x6011;0x6012;0x6013;0x6014;0x6015;0x6100;0x6101;0x6102;0x6103;0x6104;0x6105;0x6110;0x6111;0x6112;0x6113;0x6114;0x6115;0x6200;0x6201;0x6202;0x6204;0x6205;0x6210;0x6211;0x6212;0x6214;0x6215;0x6300;0x6301;0x6302;0x6303;0x6304;0x6305;0x6310;0x6311;0x6312;0x6313;0x6314;0x6315,CDFB3;CDFT3;CDFW3;CDMB3;CDMT3;CDMW3;CEFB3;CEFT3;CEFW3;CEMB3;CEMT3;CEMW3;CHFB3;CHFT3;CHFW3;CHMB3;CHMT3;CHMW3;CIFB3;CIFT3;CIMB3;CIMT3,CDFB3;CDFT3;CDFW3;CDMB3;CDMT3;CDMW3;CEFB3;CEFT3;CEFW3;CEMB3;CEMT3;CEMW3;CHFB3;CHFT3;CHFW3;CHMB3;CHMT3;CHMW3;CIFB3;CIFT3;CIMB3;CIMT3,,CDFB3;CDFT3;CDFW3;CDMB3;CDMT3;CDMW3;CEFB3;CEFT3;CEFW3;CEMB3;CEMT3;CEMW3;CHFB3;CHFT3;CHFW3;CHMB3;CHMT3;CHMW3;CIFB3;CIFT3;CIMB3;CIMT3,no,
CLCK15,2,ARMOR,body,3457,4W,yes,4,data/Items.bif,0x00100194,2BAC307C5A0E8DE640211AEFD8E7E5B36283004D873FA1A43DA9869904F14F18,76,76,0x5000;0x5001;0x5002;0x5003;0x5010;0x5011;0x5012;0x5013;0x5100;0x5101;0x5102;0x5103;0x5110;0x5111;0x5112;0x5113;0x5200;0x5201;0x5202;0x5210;0x5211;0x5212;0x5300;0x5301;0x5302;0x5303;0x5310;0x5311;0x5312;0x5313;0x6000;0x6001;0x6002;0x6003;0x6004;0x6005;0x6010;0x6011;0x6012;0x6013;0x6014;0x6015;0x6100;0x6101;0x6102;0x6103;0x6104;0x6105;0x6110;0x6111;0x6112;0x6113;0x6114;0x6115;0x6200;0x6201;0x6202;0x6204;0x6205;0x6210;0x6211;0x6212;0x6214;0x6215;0x6300;0x6301;0x6302;0x6303;0x6304;0x6305;0x6310;0x6311;0x6312;0x6313;0x6314;0x6315,CDFC4;CDFF4;CDFT4;CDFW4;CDMC4;CDMF4;CDMT4;CDMW4;CEFC4;CEFF4;CEFT4;CEFW4;CEMC4;CEMF4;CEMT4;CEMW4;CHFC4;CHFF4;CHFT4;CHFW4;CHMC4;CHMF4;CHMT4;CHMW4;CIFC4;CIFF4;CIFT4;CIMC4;CIMF4;CIMT4,CDFC4;CDFF4;CDFT4;CDFW4;CDMC4;CDMF4;CDMT4;CDMW4;CEFC4;CEFF4;CEFT4;CEFW4;CEMC4;CEMF4;CEMT4;CEMW4;CHFC4;CHFF4;CHFT4;CHFW4;CHMC4;CHMF4;CHMT4;CHMW4;CIFC4;CIFF4;CIFT4;CIMC4;CIMF4;CIMT4,,CDFC4;CDFF4;CDFT4;CDFW4;CDMC4;CDMF4;CDMT4;CDMW4;CEFC4;CEFF4;CEFT4;CEFW4;CEMC4;CEMF4;CEMT4;CEMW4;CHFC4;CHFF4;CHFT4;CHFW4;CHMC4;CHMF4;CHMT4;CHMW4;CIFC4;CIFF4;CIFT4;CIMC4;CIMF4;CIMT4,no,
CLCK16,2,ARMOR,body,3457,4W,yes,4,data/Items.bif,0x00100195,9ED63CED6FE182BF77CF7A1E5A9CB718BB1106406448663E1BCB26765E61D9F5,76,76,0x5000;0x5001;0x5002;0x5003;0x5010;0x5011;0x5012;0x5013;0x5100;0x5101;0x5102;0x5103;0x5110;0x5111;0x5112;0x5113;0x5200;0x5201;0x5202;0x5210;0x5211;0x5212;0x5300;0x5301;0x5302;0x5303;0x5310;0x5311;0x5312;0x5313;0x6000;0x6001;0x6002;0x6003;0x6004;0x6005;0x6010;0x6011;0x6012;0x6013;0x6014;0x6015;0x6100;0x6101;0x6102;0x6103;0x6104;0x6105;0x6110;0x6111;0x6112;0x6113;0x6114;0x6115;0x6200;0x6201;0x6202;0x6204;0x6205;0x6210;0x6211;0x6212;0x6214;0x6215;0x6300;0x6301;0x6302;0x6303;0x6304;0x6305;0x6310;0x6311;0x6312;0x6313;0x6314;0x6315,CDFC4;CDFF4;CDFT4;CDFW4;CDMC4;CDMF4;CDMT4;CDMW4;CEFC4;CEFF4;CEFT4;CEFW4;CEMC4;CEMF4;CEMT4;CEMW4;CHFC4;CHFF4;CHFT4;CHFW4;CHMC4;CHMF4;CHMT4;CHMW4;CIFC4;CIFF4;CIFT4;CIMC4;CIMF4;CIMT4,CDFC4;CDFF4;CDFT4;CDFW4;CDMC4;CDMF4;CDMT4;CDMW4;CEFC4;CEFF4;CEFT4;CEFW4;CEMC4;CEMF4;CEMT4;CEMW4;CHFC4;CHFF4;CHFT4;CHFW4;CHMC4;CHMF4;CHMT4;CHMW4;CIFC4;CIFF4;CIFT4;CIMC4;CIMF4;CIMT4,,CDFC4;CDFF4;CDFT4;CDFW4;CDMC4;CDMF4;CDMT4;CDMW4;CEFC4;CEFF4;CEFT4;CEFW4;CEMC4;CEMF4;CEMT4;CEMW4;CHFC4;CHFF4;CHFT4;CHFW4;CHMC4;CHMF4;CHMT4;CHMW4;CIFC4;CIFF4;CIFT4;CIMC4;CIMF4;CIMT4,no,
CLCK17,2,ARMOR,body,3457,4W,yes,4,data/Items.bif,0x00100196,6913887665887B1C2468606C82E74418DFD43DC7A59ED18EFEFD8AA182708680,76,76,0x5000;0x5001;0x5002;0x5003;0x5010;0x5011;0x5012;0x5013;0x5100;0x5101;0x5102;0x5103;0x5110;0x5111;0x5112;0x5113;0x5200;0x5201;0x5202;0x5210;0x5211;0x5212;0x5300;0x5301;0x5302;0x5303;0x5310;0x5311;0x5312;0x5313;0x6000;0x6001;0x6002;0x6003;0x6004;0x6005;0x6010;0x6011;0x6012;0x6013;0x6014;0x6015;0x6100;0x6101;0x6102;0x6103;0x6104;0x6105;0x6110;0x6111;0x6112;0x6113;0x6114;0x6115;0x6200;0x6201;0x6202;0x6204;0x6205;0x6210;0x6211;0x6212;0x6214;0x6215;0x6300;0x6301;0x6302;0x6303;0x6304;0x6305;0x6310;0x6311;0x6312;0x6313;0x6314;0x6315,CDFC4;CDFF4;CDFT4;CDFW4;CDMC4;CDMF4;CDMT4;CDMW4;CEFC4;CEFF4;CEFT4;CEFW4;CEMC4;CEMF4;CEMT4;CEMW4;CHFC4;CHFF4;CHFT4;CHFW4;CHMC4;CHMF4;CHMT4;CHMW4;CIFC4;CIFF4;CIFT4;CIMC4;CIMF4;CIMT4,CDFC4;CDFF4;CDFT4;CDFW4;CDMC4;CDMF4;CDMT4;CDMW4;CEFC4;CEFF4;CEFT4;CEFW4;CEMC4;CEMF4;CEMT4;CEMW4;CHFC4;CHFF4;CHFT4;CHFW4;CHMC4;CHMF4;CHMT4;CHMW4;CIFC4;CIFF4;CIFT4;CIMC4;CIMF4;CIMT4,,CDFC4;CDFF4;CDFT4;CDFW4;CDMC4;CDMF4;CDMT4;CDMW4;CEFC4;CEFF4;CEFT4;CEFW4;CEMC4;CEMF4;CEMT4;CEMW4;CHFC4;CHFF4;CHFT4;CHFW4;CHMC4;CHMF4;CHMT4;CHMW4;CIFC4;CIFF4;CIFT4;CIMC4;CIMF4;CIMT4,no,
CLCK18,2,ARMOR,body,3357,3W,yes,3,data/Items.bif,0x00100197,D960B3079F6805A956A026B2B3D0CBB7B7A4A08F7C27ED6B02D812C11A88A3A3,76,76,0x5000;0x5001;0x5002;0x5003;0x5010;0x5011;0x5012;0x5013;0x5100;0x5101;0x5102;0x5103;0x5110;0x5111;0x5112;0x5113;0x5200;0x5201;0x5202;0x5210;0x5211;0x5212;0x5300;0x5301;0x5302;0x5303;0x5310;0x5311;0x5312;0x5313;0x6000;0x6001;0x6002;0x6003;0x6004;0x6005;0x6010;0x6011;0x6012;0x6013;0x6014;0x6015;0x6100;0x6101;0x6102;0x6103;0x6104;0x6105;0x6110;0x6111;0x6112;0x6113;0x6114;0x6115;0x6200;0x6201;0x6202;0x6204;0x6205;0x6210;0x6211;0x6212;0x6214;0x6215;0x6300;0x6301;0x6302;0x6303;0x6304;0x6305;0x6310;0x6311;0x6312;0x6313;0x6314;0x6315,CDFB3;CDFT3;CDFW3;CDMB3;CDMT3;CDMW3;CEFB3;CEFT3;CEFW3;CEMB3;CEMT3;CEMW3;CHFB3;CHFT3;CHFW3;CHMB3;CHMT3;CHMW3;CIFB3;CIFT3;CIMB3;CIMT3,CDFB3;CDFT3;CDFW3;CDMB3;CDMT3;CDMW3;CEFB3;CEFT3;CEFW3;CEMB3;CEMT3;CEMW3;CHFB3;CHFT3;CHFW3;CHMB3;CHMT3;CHMW3;CIFB3;CIFT3;CIMB3;CIMT3,,CDFB3;CDFT3;CDFW3;CDMB3;CDMT3;CDMW3;CEFB3;CEFT3;CEFW3;CEMB3;CEMT3;CEMW3;CHFB3;CHFT3;CHFW3;CHMB3;CHMT3;CHMW3;CIFB3;CIFT3;CIMB3;CIMT3,no,
CLCK19,2,ARMOR,body,3457,4W,yes,4,data/Items.bif,0x00100198,4137A0DBA1ABE83C2AAD3890441F7C93EC4F6879011AFB12E5B7948B55F83368,76,76,0x5000;0x5001;0x5002;0x5003;0x5010;0x5011;0x5012;0x5013;0x5100;0x5101;0x5102;0x5103;0x5110;0x5111;0x5112;0x5113;0x5200;0x5201;0x5202;0x5210;0x5211;0x5212;0x5300;0x5301;0x5302;0x5303;0x5310;0x5311;0x5312;0x5313;0x6000;0x6001;0x6002;0x6003;0x6004;0x6005;0x6010;0x6011;0x6012;0x6013;0x6014;0x6015;0x6100;0x6101;0x6102;0x6103;0x6104;0x6105;0x6110;0x6111;0x6112;0x6113;0x6114;0x6115;0x6200;0x6201;0x6202;0x6204;0x6205;0x6210;0x6211;0x6212;0x6214;0x6215;0x6300;0x6301;0x6302;0x6303;0x6304;0x6305;0x6310;0x6311;0x6312;0x6313;0x6314;0x6315,CDFC4;CDFF4;CDFT4;CDFW4;CDMC4;CDMF4;CDMT4;CDMW4;CEFC4;CEFF4;CEFT4;CEFW4;CEMC4;CEMF4;CEMT4;CEMW4;CHFC4;CHFF4;CHFT4;CHFW4;CHMC4;CHMF4;CHMT4;CHMW4;CIFC4;CIFF4;CIFT4;CIMC4;CIMF4;CIMT4,CDFC4;CDFF4;CDFT4;CDFW4;CDMC4;CDMF4;CDMT4;CDMW4;CEFC4;CEFF4;CEFT4;CEFW4;CEMC4;CEMF4;CEMT4;CEMW4;CHFC4;CHFF4;CHFT4;CHFW4;CHMC4;CHMF4;CHMT4;CHMW4;CIFC4;CIFF4;CIFT4;CIMC4;CIMF4;CIMT4,,CDFC4;CDFF4;CDFT4;CDFW4;CDMC4;CDMF4;CDMT4;CDMW4;CEFC4;CEFF4;CEFT4;CEFW4;CEMC4;CEMF4;CEMT4;CEMW4;CHFC4;CHFF4;CHFT4;CHFW4;CHMC4;CHMF4;CHMT4;CHMW4;CIFC4;CIFF4;CIFT4;CIMC4;CIMF4;CIMT4,no,
CLCK20,32,CLOAK,,2020,,no,,data/Items.bif,0x00100199,0FE040DDA45DB5266470FAA48507BF4542A2DE1B9768B6E1E5A3FE9BDCFC21EC,0,0,,,,,,no,
CLCK21,32,CLOAK,,2020,,no,,data/Items.bif,0x0010019A,5FFCF5DA3F2F7BEF61AA8AE301BCF2525F81225BDE985BC9E438909A9B539CD7,0,0,,,,,,no,
CLCK22,32,CLOAK,,2020,,no,,data/Items.bif,0x0010019B,43DE2E482D5DAE0A5D188562ABA81F47EA9CE2714AAC7FE43CFADB92DF03107F,0,0,,,,,,no,
CLCK23,32,CLOAK,,2020,,no,,data/Items.bif,0x0010019C,605BE0319443BE5FB713EFFC50EA3ADA78E9892E52EAB4C63716A8495B939412,0,0,,,,,,no,
CLCK24,32,CLOAK,,2020,,no,,data/Items.bif,0x0010019D,C58969B365B5AD6170EF89B9DDFB196326C29E8096CD91ACFC400565B66B7AF0,0,0,,,,,,no,
CLCK25,32,CLOAK,,2020,,no,,data/Items.bif,0x0010019E,9063091970AB6C3C449BFCD9BC747CE4F964B3346CD644184191782AB678DE23,0,0,,,,,,no,
CLCK26,32,CLOAK,,2020,,no,,data/Items.bif,0x0010019F,7FA8B0FD17C05C9FF144CC7C1547B93487379366C7B35F302BFEBD853FA36CB4,0,0,,,,,,no,
CLCK27,32,CLOAK,,2020,,no,,data/Items.bif,0x001001A0,74F2B80867F97783896B32AA93E9746596886B5975E5ED0E68F6E4DE71B43046,0,0,,,,,,no,
CLCK28,32,CLOAK,,3257,2W,yes,,data/Items.bif,0x001001A1,A8CD6A9AC04A0505D697667C03225175D2B7CA0B18B165A596F9160F125B813D,0,0,,,,,,no,
CLCK29,2,ARMOR,body,3357,3W,yes,3,data/Items.bif,0x001001A2,3FCE0887CFCFF3F97241F1527A905321D5D055EF22A4920245827B263F7F0FA3,76,76,0x5000;0x5001;0x5002;0x5003;0x5010;0x5011;0x5012;0x5013;0x5100;0x5101;0x5102;0x5103;0x5110;0x5111;0x5112;0x5113;0x5200;0x5201;0x5202;0x5210;0x5211;0x5212;0x5300;0x5301;0x5302;0x5303;0x5310;0x5311;0x5312;0x5313;0x6000;0x6001;0x6002;0x6003;0x6004;0x6005;0x6010;0x6011;0x6012;0x6013;0x6014;0x6015;0x6100;0x6101;0x6102;0x6103;0x6104;0x6105;0x6110;0x6111;0x6112;0x6113;0x6114;0x6115;0x6200;0x6201;0x6202;0x6204;0x6205;0x6210;0x6211;0x6212;0x6214;0x6215;0x6300;0x6301;0x6302;0x6303;0x6304;0x6305;0x6310;0x6311;0x6312;0x6313;0x6314;0x6315,CDFB3;CDFT3;CDFW3;CDMB3;CDMT3;CDMW3;CEFB3;CEFT3;CEFW3;CEMB3;CEMT3;CEMW3;CHFB3;CHFT3;CHFW3;CHMB3;CHMT3;CHMW3;CIFB3;CIFT3;CIMB3;CIMT3,CDFB3;CDFT3;CDFW3;CDMB3;CDMT3;CDMW3;CEFB3;CEFT3;CEFW3;CEMB3;CEMT3;CEMW3;CHFB3;CHFT3;CHFW3;CHMB3;CHMT3;CHMW3;CIFB3;CIFT3;CIMB3;CIMT3,,CDFB3;CDFT3;CDFW3;CDMB3;CDMT3;CDMW3;CEFB3;CEFT3;CEFW3;CEMB3;CEMT3;CEMW3;CHFB3;CHFT3;CHFW3;CHMB3;CHMT3;CHMW3;CIFB3;CIFT3;CIMB3;CIMT3,no,
CLCK30,32,CLOAK,,2020,,no,,data/Items.bif,0x001001A3,4A77AD69EBF488D13A5CFEBCAB403CDB06532CE59A3E4ADA686B55DF89C20B07,0,0,,,,,,no,
CLCK31,32,CLOAK,,2020,,no,,data/25Items.bif,0x0840006C,C39D008D8F1DB5D3EDD867D8D9AA33875DBB42630E43242CDF4163FBF1ABF03B,0,0,,,,,,no,
CLCK32,32,CLOAK,,2020,,no,,data/25Items.bif,0x0840006D,E922C174C0A0EF77990CB37D2E2E4B0B5EA754E46E03C64ACC6AA753B487767E,0,0,,,,,,no,
CLOLTH,2,ARMOR,body,3341,3A,yes,3,data/Items.bif,0x001001A4,695ACCBF8EC1D49FEB43F4923405ABAE202A31F10CA38B3B191D0EA48B20C10B,76,76,0x5000;0x5001;0x5002;0x5003;0x5010;0x5011;0x5012;0x5013;0x5100;0x5101;0x5102;0x5103;0x5110;0x5111;0x5112;0x5113;0x5200;0x5201;0x5202;0x5210;0x5211;0x5212;0x5300;0x5301;0x5302;0x5303;0x5310;0x5311;0x5312;0x5313;0x6000;0x6001;0x6002;0x6003;0x6004;0x6005;0x6010;0x6011;0x6012;0x6013;0x6014;0x6015;0x6100;0x6101;0x6102;0x6103;0x6104;0x6105;0x6110;0x6111;0x6112;0x6113;0x6114;0x6115;0x6200;0x6201;0x6202;0x6204;0x6205;0x6210;0x6211;0x6212;0x6214;0x6215;0x6300;0x6301;0x6302;0x6303;0x6304;0x6305;0x6310;0x6311;0x6312;0x6313;0x6314;0x6315,CDFB3;CDFT3;CDFW3;CDMB3;CDMT3;CDMW3;CEFB3;CEFT3;CEFW3;CEMB3;CEMT3;CEMW3;CHFB3;CHFT3;CHFW3;CHMB3;CHMT3;CHMW3;CIFB3;CIFT3;CIMB3;CIMT3,CDFB3;CDFT3;CDFW3;CDMB3;CDMT3;CDMW3;CEFB3;CEFT3;CEFW3;CEMB3;CEMT3;CEMW3;CHFB3;CHFT3;CHFW3;CHMB3;CHMT3;CHMW3;CIFB3;CIFT3;CIMB3;CIMT3,,CDFB3;CDFT3;CDFW3;CDMB3;CDMT3;CDMW3;CEFB3;CEFT3;CEFW3;CEMB3;CEMT3;CEMW3;CHFB3;CHFT3;CHFW3;CHMB3;CHMT3;CHMW3;CIFB3;CIFT3;CIMB3;CIMT3,no,
CLOWN,32,CLOAK,,2020,,no,,data/Items.bif,0x001001A5,760D0B8908FC08A2175D3F20A1758092657AF867CD235FF3AC7C7AC5A7B23461,0,0,,,,,,no,
COMPB05,15,BOW,weapon,4257,BW,yes,,data/Items.bif,0x001001A6,1458401922CC80C8E8D0DD6AB3D76569C370FF00CBAA2972E781897F332BAA29,78,78,0x5000;0x5001;0x5002;0x5003;0x5010;0x5011;0x5012;0x5013;0x5100;0x5101;0x5102;0x5103;0x5110;0x5111;0x5112;0x5113;0x5200;0x5201;0x5202;0x5210;0x5211;0x5212;0x5300;0x5301;0x5302;0x5303;0x5310;0x5311;0x5312;0x5313;0x6000;0x6001;0x6002;0x6003;0x6004;0x6005;0x6010;0x6011;0x6012;0x6013;0x6014;0x6015;0x6100;0x6101;0x6102;0x6103;0x6104;0x6105;0x6110;0x6111;0x6112;0x6113;0x6114;0x6115;0x6200;0x6201;0x6202;0x6204;0x6205;0x6210;0x6211;0x6212;0x6214;0x6215;0x6300;0x6301;0x6302;0x6303;0x6304;0x6305;0x6310;0x6311;0x6312;0x6313;0x6314;0x6315;0x6500;0x6510,WQLBW;WQMBW;WQNBW;WQSBW,WQLBW;WQMBW;WQNBW;WQSBW,,WQLBW;WQMBW;WQNBW;WQSBW,no,
COMPB06,15,BOW,weapon,4257,BW,yes,,data/Items.bif,0x001001A7,95EEA63A80E7FA49C11ADAD46E298355DF50899D9398EA717AE04C485B7CAB58,78,78,0x5000;0x5001;0x5002;0x5003;0x5010;0x5011;0x5012;0x5013;0x5100;0x5101;0x5102;0x5103;0x5110;0x5111;0x5112;0x5113;0x5200;0x5201;0x5202;0x5210;0x5211;0x5212;0x5300;0x5301;0x5302;0x5303;0x5310;0x5311;0x5312;0x5313;0x6000;0x6001;0x6002;0x6003;0x6004;0x6005;0x6010;0x6011;0x6012;0x6013;0x6014;0x6015;0x6100;0x6101;0x6102;0x6103;0x6104;0x6105;0x6110;0x6111;0x6112;0x6113;0x6114;0x6115;0x6200;0x6201;0x6202;0x6204;0x6205;0x6210;0x6211;0x6212;0x6214;0x6215;0x6300;0x6301;0x6302;0x6303;0x6304;0x6305;0x6310;0x6311;0x6312;0x6313;0x6314;0x6315;0x6500;0x6510,WQLBW;WQMBW;WQNBW;WQSBW,WQLBW;WQMBW;WQNBW;WQSBW,,WQLBW;WQMBW;WQNBW;WQSBW,no,
COMPB08,15,BOW,weapon,4257,BW,yes,,data/Items.bif,0x001001A8,0A01ED15081FF0187213A790533B6F601B022A3A6B1A779BB1E2C13E4524B647,78,78,0x5000;0x5001;0x5002;0x5003;0x5010;0x5011;0x5012;0x5013;0x5100;0x5101;0x5102;0x5103;0x5110;0x5111;0x5112;0x5113;0x5200;0x5201;0x5202;0x5210;0x5211;0x5212;0x5300;0x5301;0x5302;0x5303;0x5310;0x5311;0x5312;0x5313;0x6000;0x6001;0x6002;0x6003;0x6004;0x6005;0x6010;0x6011;0x6012;0x6013;0x6014;0x6015;0x6100;0x6101;0x6102;0x6103;0x6104;0x6105;0x6110;0x6111;0x6112;0x6113;0x6114;0x6115;0x6200;0x6201;0x6202;0x6204;0x6205;0x6210;0x6211;0x6212;0x6214;0x6215;0x6300;0x6301;0x6302;0x6303;0x6304;0x6305;0x6310;0x6311;0x6312;0x6313;0x6314;0x6315;0x6500;0x6510,WQLBW;WQMBW;WQNBW;WQSBW,WQLBW;WQMBW;WQNBW;WQSBW,,WQLBW;WQMBW;WQNBW;WQSBW,no,
COMPB14,15,BOW,weapon,4257,BW,yes,,data/Items.bif,0x001001A9,EFFABD957B258B7FAB55B6AB132F4CBD0E31FC118BEA5FE7F4F51843CA1C698B,78,78,0x5000;0x5001;0x5002;0x5003;0x5010;0x5011;0x5012;0x5013;0x5100;0x5101;0x5102;0x5103;0x5110;0x5111;0x5112;0x5113;0x5200;0x5201;0x5202;0x5210;0x5211;0x5212;0x5300;0x5301;0x5302;0x5303;0x5310;0x5311;0x5312;0x5313;0x6000;0x6001;0x6002;0x6003;0x6004;0x6005;0x6010;0x6011;0x6012;0x6013;0x6014;0x6015;0x6100;0x6101;0x6102;0x6103;0x6104;0x6105;0x6110;0x6111;0x6112;0x6113;0x6114;0x6115;0x6200;0x6201;0x6202;0x6204;0x6205;0x6210;0x6211;0x6212;0x6214;0x6215;0x6300;0x6301;0x6302;0x6303;0x6304;0x6305;0x6310;0x6311;0x6312;0x6313;0x6314;0x6315;0x6500;0x6510,WQLBW;WQMBW;WQNBW;WQSBW,WQLBW;WQMBW;WQNBW;WQSBW,,WQLBW;WQMBW;WQNBW;WQSBW,no,
COMPB15,15,BOW,weapon,4257,BW,yes,,data/Items.bif,0x001001AA,C554631AD6F0091F047B3CBA46647F66445C7145D2FC899FACAAE6AD0317F96E,78,78,0x5000;0x5001;0x5002;0x5003;0x5010;0x5011;0x5012;0x5013;0x5100;0x5101;0x5102;0x5103;0x5110;0x5111;0x5112;0x5113;0x5200;0x5201;0x5202;0x5210;0x5211;0x5212;0x5300;0x5301;0x5302;0x5303;0x5310;0x5311;0x5312;0x5313;0x6000;0x6001;0x6002;0x6003;0x6004;0x6005;0x6010;0x6011;0x6012;0x6013;0x6014;0x6015;0x6100;0x6101;0x6102;0x6103;0x6104;0x6105;0x6110;0x6111;0x6112;0x6113;0x6114;0x6115;0x6200;0x6201;0x6202;0x6204;0x6205;0x6210;0x6211;0x6212;0x6214;0x6215;0x6300;0x6301;0x6302;0x6303;0x6304;0x6305;0x6310;0x6311;0x6312;0x6313;0x6314;0x6315;0x6500;0x6510,WQLBW;WQMBW;WQNBW;WQSBW,WQLBW;WQMBW;WQNBW;WQSBW,,WQLBW;WQMBW;WQNBW;WQSBW,no,
COMPB18,15,BOW,weapon,4257,BW,yes,,data/Items.bif,0x001001AB,8485929A7239DD879EEAAE417636F2E55CE50DBC0279F1CB456E629D928C5217,78,78,0x5000;0x5001;0x5002;0x5003;0x5010;0x5011;0x5012;0x5013;0x5100;0x5101;0x5102;0x5103;0x5110;0x5111;0x5112;0x5113;0x5200;0x5201;0x5202;0x5210;0x5211;0x5212;0x5300;0x5301;0x5302;0x5303;0x5310;0x5311;0x5312;0x5313;0x6000;0x6001;0x6002;0x6003;0x6004;0x6005;0x6010;0x6011;0x6012;0x6013;0x6014;0x6015;0x6100;0x6101;0x6102;0x6103;0x6104;0x6105;0x6110;0x6111;0x6112;0x6113;0x6114;0x6115;0x6200;0x6201;0x6202;0x6204;0x6205;0x6210;0x6211;0x6212;0x6214;0x6215;0x6300;0x6301;0x6302;0x6303;0x6304;0x6305;0x6310;0x6311;0x6312;0x6313;0x6314;0x6315;0x6500;0x6510,WQLBW;WQMBW;WQNBW;WQSBW,WQLBW;WQMBW;WQNBW;WQSBW,,WQLBW;WQMBW;WQNBW;WQSBW,no,
COMPB19,15,BOW,weapon,4257,BW,yes,,data/Items.bif,0x001001AC,A2CDB296F9C025B02C55B8522EE6E0BA8CE2B9AAA10B6784838AB3B6FBE9B463,78,78,0x5000;0x5001;0x5002;0x5003;0x5010;0x5011;0x5012;0x5013;0x5100;0x5101;0x5102;0x5103;0x5110;0x5111;0x5112;0x5113;0x5200;0x5201;0x5202;0x5210;0x5211;0x5212;0x5300;0x5301;0x5302;0x5303;0x5310;0x5311;0x5312;0x5313;0x6000;0x6001;0x6002;0x6003;0x6004;0x6005;0x6010;0x6011;0x6012;0x6013;0x6014;0x6015;0x6100;0x6101;0x6102;0x6103;0x6104;0x6105;0x6110;0x6111;0x6112;0x6113;0x6114;0x6115;0x6200;0x6201;0x6202;0x6204;0x6205;0x6210;0x6211;0x6212;0x6214;0x6215;0x6300;0x6301;0x6302;0x6303;0x6304;0x6305;0x6310;0x6311;0x6312;0x6313;0x6314;0x6315;0x6500;0x6510,WQLBW;WQMBW;WQNBW;WQSBW,WQLBW;WQMBW;WQNBW;WQSBW,,WQLBW;WQMBW;WQNBW;WQSBW,no,
COMPB20,15,BOW,weapon,4257,BW,yes,,data/Items.bif,0x001001AD,521453AB0B99DDACE8421E3A8AD1C9825FF312FFDD844B1859F960510213602C,78,78,0x5000;0x5001;0x5002;0x5003;0x5010;0x5011;0x5012;0x5013;0x5100;0x5101;0x5102;0x5103;0x5110;0x5111;0x5112;0x5113;0x5200;0x5201;0x5202;0x5210;0x5211;0x5212;0x5300;0x5301;0x5302;0x5303;0x5310;0x5311;0x5312;0x5313;0x6000;0x6001;0x6002;0x6003;0x6004;0x6005;0x6010;0x6011;0x6012;0x6013;0x6014;0x6015;0x6100;0x6101;0x6102;0x6103;0x6104;0x6105;0x6110;0x6111;0x6112;0x6113;0x6114;0x6115;0x6200;0x6201;0x6202;0x6204;0x6205;0x6210;0x6211;0x6212;0x6214;0x6215;0x6300;0x6301;0x6302;0x6303;0x6304;0x6305;0x6310;0x6311;0x6312;0x6313;0x6314;0x6315;0x6500;0x6510,WQLBW;WQMBW;WQNBW;WQSBW,WQLBW;WQMBW;WQNBW;WQSBW,,WQLBW;WQMBW;WQNBW;WQSBW,no,
COMPB21,15,BOW,weapon,4257,BW,yes,,data/Items.bif,0x001001AE,49E0F5017AE54A7037628AD37D54EC66B436C5CEF42AAAB4AC0AB5E8E9B8A8DF,78,78,0x5000;0x5001;0x5002;0x5003;0x5010;0x5011;0x5012;0x5013;0x5100;0x5101;0x5102;0x5103;0x5110;0x5111;0x5112;0x5113;0x5200;0x5201;0x5202;0x5210;0x5211;0x5212;0x5300;0x5301;0x5302;0x5303;0x5310;0x5311;0x5312;0x5313;0x6000;0x6001;0x6002;0x6003;0x6004;0x6005;0x6010;0x6011;0x6012;0x6013;0x6014;0x6015;0x6100;0x6101;0x6102;0x6103;0x6104;0x6105;0x6110;0x6111;0x6112;0x6113;0x6114;0x6115;0x6200;0x6201;0x6202;0x6204;0x6205;0x6210;0x6211;0x6212;0x6214;0x6215;0x6300;0x6301;0x6302;0x6303;0x6304;0x6305;0x6310;0x6311;0x6312;0x6313;0x6314;0x6315;0x6500;0x6510,WQLBW;WQMBW;WQNBW;WQSBW,WQLBW;WQMBW;WQNBW;WQSBW,,WQLBW;WQMBW;WQNBW;WQSBW,no,
COMPB26,15,BOW,weapon,4257,BW,yes,,data/Items.bif,0x001001AF,81B9C7E18AF5BD97F38FB7DABDBB08415A7381F76BBBC03C5621ACC7B3989235,78,78,0x5000;0x5001;0x5002;0x5003;0x5010;0x5011;0x5012;0x5013;0x5100;0x5101;0x5102;0x5103;0x5110;0x5111;0x5112;0x5113;0x5200;0x5201;0x5202;0x5210;0x5211;0x5212;0x5300;0x5301;0x5302;0x5303;0x5310;0x5311;0x5312;0x5313;0x6000;0x6001;0x6002;0x6003;0x6004;0x6005;0x6010;0x6011;0x6012;0x6013;0x6014;0x6015;0x6100;0x6101;0x6102;0x6103;0x6104;0x6105;0x6110;0x6111;0x6112;0x6113;0x6114;0x6115;0x6200;0x6201;0x6202;0x6204;0x6205;0x6210;0x6211;0x6212;0x6214;0x6215;0x6300;0x6301;0x6302;0x6303;0x6304;0x6305;0x6310;0x6311;0x6312;0x6313;0x6314;0x6315;0x6500;0x6510,WQLBW;WQMBW;WQNBW;WQSBW,WQLBW;WQMBW;WQNBW;WQSBW,,WQLBW;WQMBW;WQNBW;WQSBW,no,
COMPON01,0,MISC,,2020,,no,,data/25Items.bif,0x0840006E,96B254A1CCFE45981D6A40BAF1AA18333244C6C71C2FDCA295A53796483A17A8,0,0,,,,,,no,
COMPON02,0,MISC,,2020,,no,,data/25Items.bif,0x0840006F,3AFA47320C8FFD424DD77E7A9E469D336234555BB5B71383E4AA8E08F85B71F5,0,0,,,,,,no,
COMPON03,0,MISC,,2020,,no,,data/25Items.bif,0x08400070,731AA52D5C60E35B7FDBD0DC8B8C833EC7FE5F2DAD6E534756C2D9E2887B1E29,0,0,,,,,,no,
COMPON04,0,MISC,,2020,,no,,data/25Items.bif,0x08400071,AE6EB1246A4ACD61410936C09B46EFBE5DD648C10AD044CAB673720ECB061EB5,0,0,,,,,,no,
COMPON05,7,HELMET,helmet,4A39,J9,yes,,data/25Items.bif,0x08400072,515D7E376F2C333D77F42DBE22F6C643C37D09842E28B1AA31EA444EE22EE811,78,78,0x5000;0x5001;0x5002;0x5003;0x5010;0x5011;0x5012;0x5013;0x5100;0x5101;0x5102;0x5103;0x5110;0x5111;0x5112;0x5113;0x5200;0x5201;0x5202;0x5210;0x5211;0x5212;0x5300;0x5301;0x5302;0x5303;0x5310;0x5311;0x5312;0x5313;0x6000;0x6001;0x6002;0x6003;0x6004;0x6005;0x6010;0x6011;0x6012;0x6013;0x6014;0x6015;0x6100;0x6101;0x6102;0x6103;0x6104;0x6105;0x6110;0x6111;0x6112;0x6113;0x6114;0x6115;0x6200;0x6201;0x6202;0x6204;0x6205;0x6210;0x6211;0x6212;0x6214;0x6215;0x6300;0x6301;0x6302;0x6303;0x6304;0x6305;0x6310;0x6311;0x6312;0x6313;0x6314;0x6315;0x6500;0x6510,WQLJ9;WQMJ9;WQNJ9;WQSJ9,WQLJ9;WQMJ9;WQNJ9;WQSJ9,,WQLJ9;WQMJ9;WQNJ9;WQSJ9,no,
COMPON06,0,MISC,,2020,,no,,data/25Items.bif,0x08400073,83559AB1670F9D65448AF04BC7BA9B7AEEF9950F84A10871393750DA1CD20EC2,0,0,,,,,,no,
COMPON07,0,MISC,,2020,,no,,data/25Items.bif,0x08400074,13EF589EE19FCB2059D8F08A3D407479D5147D346C0535917EF55813D9B9AB1A,0,0,,,,,,no,
COMPON08,0,MISC,,2020,,no,,data/25Items.bif,0x08400075,4A3C0A05BD97B9E3165FFF296FF73B8156FB5540DB9C9AA3CF04982AD4C6CEB2,0,0,,,,,,no,
COMPON09,34,GEM,,2020,,no,,data/25Items.bif,0x08400076,1D001C89735BEFBFC1B8924F86BF2BC1CAAE067F83583637095DE2241FC4AE80,0,0,,,,,,no,
COMPON10,0,MISC,,2020,,no,,data/25Items.bif,0x08400077,58EC0971D35E20BBDBEFE212879E7150D2AC09DD1A6590A04E9D3DA104981357,0,0,,,,,,no,
COMPON11,1,AMULET,,2020,,no,,data/25Items.bif,0x08400078,C40E6CC238C78C95FD75C03BD9FCFD4AACDB9E477952118D76C21C337A39CDB6,0,0,,,,,,no,
COMPON12,0,MISC,,2020,,no,,data/25Items.bif,0x08400079,D3EF50B6126A89D085711D8A374D53ABE2A4D29D56AD66CA65E73B32716658A9,0,0,,,,,,no,
COMPON13,0,MISC,,2020,,no,,data/25Items.bif,0x0840007A,C4295E8E996BE3F9973E1F70A9F6D8420E4FC4077B8EE0DE3E758FBDD6B82BDF,0,0,,,,,,no,
COMPON14,0,MISC,,2020,,no,,data/25Items.bif,0x0840007B,A767C7C46FD3C31A7C9DDF7F7AB173C5DDCF9A70E9A28B4096E094AE013D5E0A,0,0,,,,,,no,
COMPON15,0,MISC,,2020,,no,,data/25Items.bif,0x0840007C,182455987F9C7D4F24DAAC685025557D4E7F153360A27950EA22D67110928C60,0,0,,,,,,no,
COMPON16,32,CLOAK,,2020,,no,,data/25Items.bif,0x0840007D,D7AF5730B1B2CE0C8CBE1C17D9D99BA6BF8B031A47B742BAAC01CA18C0CD9484,0,0,,,,,,no,
COMPON17,7,HELMET,helmet,4A42,JB,yes,,data/25Items.bif,0x0840007E,585029A12FE2DC70E9487B0B951DEDF3E129F634C20190961E0007EE4BE157E4,78,78,0x5000;0x5001;0x5002;0x5003;0x5010;0x5011;0x5012;0x5013;0x5100;0x5101;0x5102;0x5103;0x5110;0x5111;0x5112;0x5113;0x5200;0x5201;0x5202;0x5210;0x5211;0x5212;0x5300;0x5301;0x5302;0x5303;0x5310;0x5311;0x5312;0x5313;0x6000;0x6001;0x6002;0x6003;0x6004;0x6005;0x6010;0x6011;0x6012;0x6013;0x6014;0x6015;0x6100;0x6101;0x6102;0x6103;0x6104;0x6105;0x6110;0x6111;0x6112;0x6113;0x6114;0x6115;0x6200;0x6201;0x6202;0x6204;0x6205;0x6210;0x6211;0x6212;0x6214;0x6215;0x6300;0x6301;0x6302;0x6303;0x6304;0x6305;0x6310;0x6311;0x6312;0x6313;0x6314;0x6315;0x6500;0x6510,WQLJB;WQMJB;WQNJB;WQSJB,WQLJB;WQMJB;WQNJB;WQSJB,,WQLJB;WQMJB;WQNJB;WQSJB,no,
COMPON18,0,MISC,,2020,,no,,data/25Items.bif,0x0840007F,3DD42AD047C261F445618CFE0F8AB2CE7FFD1AF180598AE513315B30D5E2D4C3,0,0,,,,,,no,
COMPON19,0,MISC,,2020,,no,,data/25Items.bif,0x08400080,BE39CC52CD303EDB2F55F8E14880C34BD71BC3BFAD631B04606D4A39FC56415C,0,0,,,,,,no,
COMPS01,20,BGSWORD,weapon,5331,S1,yes,,data/Items.bif,0x001001B0,C69420F1691396347D8393F645B696058019BD17C4986B1D6446317B0B8F515F,78,78,0x5000;0x5001;0x5002;0x5003;0x5010;0x5011;0x5012;0x5013;0x5100;0x5101;0x5102;0x5103;0x5110;0x5111;0x5112;0x5113;0x5200;0x5201;0x5202;0x5210;0x5211;0x5212;0x5300;0x5301;0x5302;0x5303;0x5310;0x5311;0x5312;0x5313;0x6000;0x6001;0x6002;0x6003;0x6004;0x6005;0x6010;0x6011;0x6012;0x6013;0x6014;0x6015;0x6100;0x6101;0x6102;0x6103;0x6104;0x6105;0x6110;0x6111;0x6112;0x6113;0x6114;0x6115;0x6200;0x6201;0x6202;0x6204;0x6205;0x6210;0x6211;0x6212;0x6214;0x6215;0x6300;0x6301;0x6302;0x6303;0x6304;0x6305;0x6310;0x6311;0x6312;0x6313;0x6314;0x6315;0x6500;0x6510,WQLS1;WQMS1;WQNS1;WQSS1,WQLS1;WQMS1;WQNS1;WQSS1,,WQLS1;WQMS1;WQNS1;WQSS1,no,
COMPS02,20,BGSWORD,weapon,5331,S1,yes,,data/Items.bif,0x001001B1,134BB30398A5391225C68A93D8FF883D2FFF3190B9C9DE3B22804D814AE9F8B0,78,78,0x5000;0x5001;0x5002;0x5003;0x5010;0x5011;0x5012;0x5013;0x5100;0x5101;0x5102;0x5103;0x5110;0x5111;0x5112;0x5113;0x5200;0x5201;0x5202;0x5210;0x5211;0x5212;0x5300;0x5301;0x5302;0x5303;0x5310;0x5311;0x5312;0x5313;0x6000;0x6001;0x6002;0x6003;0x6004;0x6005;0x6010;0x6011;0x6012;0x6013;0x6014;0x6015;0x6100;0x6101;0x6102;0x6103;0x6104;0x6105;0x6110;0x6111;0x6112;0x6113;0x6114;0x6115;0x6200;0x6201;0x6202;0x6204;0x6205;0x6210;0x6211;0x6212;0x6214;0x6215;0x6300;0x6301;0x6302;0x6303;0x6304;0x6305;0x6310;0x6311;0x6312;0x6313;0x6314;0x6315;0x6500;0x6510,WQLS1;WQMS1;WQNS1;WQSS1,WQLS1;WQMS1;WQNS1;WQSS1,,WQLS1;WQMS1;WQNS1;WQSS1,no,
COMPS03,20,BGSWORD,weapon,5331,S1,yes,,data/Items.bif,0x001001B2,F15A073BC284FC03D4A1B6F64CCF30874458E7EEE97181733A0660135CF3B0A4,78,78,0x5000;0x5001;0x5002;0x5003;0x5010;0x5011;0x5012;0x5013;0x5100;0x5101;0x5102;0x5103;0x5110;0x5111;0x5112;0x5113;0x5200;0x5201;0x5202;0x5210;0x5211;0x5212;0x5300;0x5301;0x5302;0x5303;0x5310;0x5311;0x5312;0x5313;0x6000;0x6001;0x6002;0x6003;0x6004;0x6005;0x6010;0x6011;0x6012;0x6013;0x6014;0x6015;0x6100;0x6101;0x6102;0x6103;0x6104;0x6105;0x6110;0x6111;0x6112;0x6113;0x6114;0x6115;0x6200;0x6201;0x6202;0x6204;0x6205;0x6210;0x6211;0x6212;0x6214;0x6215;0x6300;0x6301;0x6302;0x6303;0x6304;0x6305;0x6310;0x6311;0x6312;0x6313;0x6314;0x6315;0x6500;0x6510,WQLS1;WQMS1;WQNS1;WQSS1,WQLS1;WQMS1;WQNS1;WQSS1,,WQLS1;WQMS1;WQNS1;WQSS1,no,
COMPS18,20,BGSWORD,weapon,5331,S1,yes,,data/Items.bif,0x001001B3,31A85480F7378635E959E6BC26967CF77BDDF5677431B892F9AA661F3F5DAFFE,78,78,0x5000;0x5001;0x5002;0x5003;0x5010;0x5011;0x5012;0x5013;0x5100;0x5101;0x5102;0x5103;0x5110;0x5111;0x5112;0x5113;0x5200;0x5201;0x5202;0x5210;0x5211;0x5212;0x5300;0x5301;0x5302;0x5303;0x5310;0x5311;0x5312;0x5313;0x6000;0x6001;0x6002;0x6003;0x6004;0x6005;0x6010;0x6011;0x6012;0x6013;0x6014;0x6015;0x6100;0x6101;0x6102;0x6103;0x6104;0x6105;0x6110;0x6111;0x6112;0x6113;0x6114;0x6115;0x6200;0x6201;0x6202;0x6204;0x6205;0x6210;0x6211;0x6212;0x6214;0x6215;0x6300;0x6301;0x6302;0x6303;0x6304;0x6305;0x6310;0x6311;0x6312;0x6313;0x6314;0x6315;0x6500;0x6510,WQLS1;WQMS1;WQNS1;WQSS1,WQLS1;WQMS1;WQNS1;WQSS1,,WQLS1;WQMS1;WQNS1;WQSS1,no,
COMPS34,20,BGSWORD,weapon,5331,S1,yes,,data/Items.bif,0x001001B4,CAF6EA2E09B3A39EB42A1D675C5C0EB0D5BB6F6BD2E7B5BCDAB745076F170817,78,78,0x5000;0x5001;0x5002;0x5003;0x5010;0x5011;0x5012;0x5013;0x5100;0x5101;0x5102;0x5103;0x5110;0x5111;0x5112;0x5113;0x5200;0x5201;0x5202;0x5210;0x5211;0x5212;0x5300;0x5301;0x5302;0x5303;0x5310;0x5311;0x5312;0x5313;0x6000;0x6001;0x6002;0x6003;0x6004;0x6005;0x6010;0x6011;0x6012;0x6013;0x6014;0x6015;0x6100;0x6101;0x6102;0x6103;0x6104;0x6105;0x6110;0x6111;0x6112;0x6113;0x6114;0x6115;0x6200;0x6201;0x6202;0x6204;0x6205;0x6210;0x6211;0x6212;0x6214;0x6215;0x6300;0x6301;0x6302;0x6303;0x6304;0x6305;0x6310;0x6311;0x6312;0x6313;0x6314;0x6315;0x6500;0x6510,WQLS1;WQMS1;WQNS1;WQSS1,WQLS1;WQMS1;WQNS1;WQSS1,,WQLS1;WQMS1;WQNS1;WQSS1,no,
COMPS37,20,BGSWORD,weapon,5331,S1,yes,,data/Items.bif,0x001001B5,B0D938615B45E29A65C7C0C7DEABA9577F72C92186D580A7BFB857366155F681,78,78,0x5000;0x5001;0x5002;0x5003;0x5010;0x5011;0x5012;0x5013;0x5100;0x5101;0x5102;0x5103;0x5110;0x5111;0x5112;0x5113;0x5200;0x5201;0x5202;0x5210;0x5211;0x5212;0x5300;0x5301;0x5302;0x5303;0x5310;0x5311;0x5312;0x5313;0x6000;0x6001;0x6002;0x6003;0x6004;0x6005;0x6010;0x6011;0x6012;0x6013;0x6014;0x6015;0x6100;0x6101;0x6102;0x6103;0x6104;0x6105;0x6110;0x6111;0x6112;0x6113;0x6114;0x6115;0x6200;0x6201;0x6202;0x6204;0x6205;0x6210;0x6211;0x6212;0x6214;0x6215;0x6300;0x6301;0x6302;0x6303;0x6304;0x6305;0x6310;0x6311;0x6312;0x6313;0x6314;0x6315;0x6500;0x6510,WQLS1;WQMS1;WQNS1;WQSS1,WQLS1;WQMS1;WQNS1;WQSS1,,WQLS1;WQMS1;WQNS1;WQSS1,no,
COMPS38,20,BGSWORD,weapon,5331,S1,yes,,data/Items.bif,0x001001B6,0B6985DADE0A89D764809445FCC119BFA5C184710BF00EA8B3898D476BDDA1FD,78,78,0x5000;0x5001;0x5002;0x5003;0x5010;0x5011;0x5012;0x5013;0x5100;0x5101;0x5102;0x5103;0x5110;0x5111;0x5112;0x5113;0x5200;0x5201;0x5202;0x5210;0x5211;0x5212;0x5300;0x5301;0x5302;0x5303;0x5310;0x5311;0x5312;0x5313;0x6000;0x6001;0x6002;0x6003;0x6004;0x6005;0x6010;0x6011;0x6012;0x6013;0x6014;0x6015;0x6100;0x6101;0x6102;0x6103;0x6104;0x6105;0x6110;0x6111;0x6112;0x6113;0x6114;0x6115;0x6200;0x6201;0x6202;0x6204;0x6205;0x6210;0x6211;0x6212;0x6214;0x6215;0x6300;0x6301;0x6302;0x6303;0x6304;0x6305;0x6310;0x6311;0x6312;0x6313;0x6314;0x6315;0x6500;0x6510,WQLS1;WQMS1;WQNS1;WQSS1,WQLS1;WQMS1;WQNS1;WQSS1,,WQLS1;WQMS1;WQNS1;WQSS1,no,
COMPS39,20,BGSWORD,weapon,4653,FS,yes,,data/Items.bif,0x001001B7,EF9B0FF5299371865E63B5F91072B39E66292445E75208494573BC21D3A95B27,78,78,0x5000;0x5001;0x5002;0x5003;0x5010;0x5011;0x5012;0x5013;0x5100;0x5101;0x5102;0x5103;0x5110;0x5111;0x5112;0x5113;0x5200;0x5201;0x5202;0x5210;0x5211;0x5212;0x5300;0x5301;0x5302;0x5303;0x5310;0x5311;0x5312;0x5313;0x6000;0x6001;0x6002;0x6003;0x6004;0x6005;0x6010;0x6011;0x6012;0x6013;0x6014;0x6015;0x6100;0x6101;0x6102;0x6103;0x6104;0x6105;0x6110;0x6111;0x6112;0x6113;0x6114;0x6115;0x6200;0x6201;0x6202;0x6204;0x6205;0x6210;0x6211;0x6212;0x6214;0x6215;0x6300;0x6301;0x6302;0x6303;0x6304;0x6305;0x6310;0x6311;0x6312;0x6313;0x6314;0x6315;0x6500;0x6510,WQLFS;WQMFS;WQNFS;WQSFS,WQLFS;WQMFS;WQNFS;WQSFS,,WQLFS;WQMFS;WQNFS;WQSFS,no,
COMPS42,20,BGSWORD,weapon,5331,S1,yes,,data/Items.bif,0x001001B8,715345E7111960061AD44E266E13A483D3631133DEADCD558FCB54694C37991C,78,78,0x5000;0x5001;0x5002;0x5003;0x5010;0x5011;0x5012;0x5013;0x5100;0x5101;0x5102;0x5103;0x5110;0x5111;0x5112;0x5113;0x5200;0x5201;0x5202;0x5210;0x5211;0x5212;0x5300;0x5301;0x5302;0x5303;0x5310;0x5311;0x5312;0x5313;0x6000;0x6001;0x6002;0x6003;0x6004;0x6005;0x6010;0x6011;0x6012;0x6013;0x6014;0x6015;0x6100;0x6101;0x6102;0x6103;0x6104;0x6105;0x6110;0x6111;0x6112;0x6113;0x6114;0x6115;0x6200;0x6201;0x6202;0x6204;0x6205;0x6210;0x6211;0x6212;0x6214;0x6215;0x6300;0x6301;0x6302;0x6303;0x6304;0x6305;0x6310;0x6311;0x6312;0x6313;0x6314;0x6315;0x6500;0x6510,WQLS1;WQMS1;WQNS1;WQSS1,WQLS1;WQMS1;WQNS1;WQSS1,,WQLS1;WQMS1;WQNS1;WQSS1,no,
COMPS62,20,BGSWORD,weapon,5331,S1,yes,,data/Items.bif,0x001001B9,4B36047B5E47C68C6439879B362D0FADDFD6921B4510513434989F83C8703F8C,78,78,0x5000;0x5001;0x5002;0x5003;0x5010;0x5011;0x5012;0x5013;0x5100;0x5101;0x5102;0x5103;0x5110;0x5111;0x5112;0x5113;0x5200;0x5201;0x5202;0x5210;0x5211;0x5212;0x5300;0x5301;0x5302;0x5303;0x5310;0x5311;0x5312;0x5313;0x6000;0x6001;0x6002;0x6003;0x6004;0x6005;0x6010;0x6011;0x6012;0x6013;0x6014;0x6015;0x6100;0x6101;0x6102;0x6103;0x6104;0x6105;0x6110;0x6111;0x6112;0x6113;0x6114;0x6115;0x6200;0x6201;0x6202;0x6204;0x6205;0x6210;0x6211;0x6212;0x6214;0x6215;0x6300;0x6301;0x6302;0x6303;0x6304;0x6305;0x6310;0x6311;0x6312;0x6313;0x6314;0x6315;0x6500;0x6510,WQLS1;WQMS1;WQNS1;WQSS1,WQLS1;WQMS1;WQNS1;WQSS1,,WQLS1;WQMS1;WQNS1;WQSS1,no,
COMPS63,20,BGSWORD,weapon,5331,S1,yes,,data/Items.bif,0x001001BA,6F238096797639CFEE98E1D67506D3120FABEFF3BBDF0C7A0B1A9C1791DD7101,78,78,0x5000;0x5001;0x5002;0x5003;0x5010;0x5011;0x5012;0x5013;0x5100;0x5101;0x5102;0x5103;0x5110;0x5111;0x5112;0x5113;0x5200;0x5201;0x5202;0x5210;0x5211;0x5212;0x5300;0x5301;0x5302;0x5303;0x5310;0x5311;0x5312;0x5313;0x6000;0x6001;0x6002;0x6003;0x6004;0x6005;0x6010;0x6011;0x6012;0x6013;0x6014;0x6015;0x6100;0x6101;0x6102;0x6103;0x6104;0x6105;0x6110;0x6111;0x6112;0x6113;0x6114;0x6115;0x6200;0x6201;0x6202;0x6204;0x6205;0x6210;0x6211;0x6212;0x6214;0x6215;0x6300;0x6301;0x6302;0x6303;0x6304;0x6305;0x6310;0x6311;0x6312;0x6313;0x6314;0x6315;0x6500;0x6510,WQLS1;WQMS1;WQNS1;WQSS1,WQLS1;WQMS1;WQNS1;WQSS1,,WQLS1;WQMS1;WQNS1;WQSS1,no,
COMPS64,20,BGSWORD,weapon,5331,S1,yes,,data/Items.bif,0x001001BB,E306F93ACEC2CFE39A7252914D71086AFF3022780BF3F4D5ACE26807D1DE58EC,78,78,0x5000;0x5001;0x5002;0x5003;0x5010;0x5011;0x5012;0x5013;0x5100;0x5101;0x5102;0x5103;0x5110;0x5111;0x5112;0x5113;0x5200;0x5201;0x5202;0x5210;0x5211;0x5212;0x5300;0x5301;0x5302;0x5303;0x5310;0x5311;0x5312;0x5313;0x6000;0x6001;0x6002;0x6003;0x6004;0x6005;0x6010;0x6011;0x6012;0x6013;0x6014;0x6015;0x6100;0x6101;0x6102;0x6103;0x6104;0x6105;0x6110;0x6111;0x6112;0x6113;0x6114;0x6115;0x6200;0x6201;0x6202;0x6204;0x6205;0x6210;0x6211;0x6212;0x6214;0x6215;0x6300;0x6301;0x6302;0x6303;0x6304;0x6305;0x6310;0x6311;0x6312;0x6313;0x6314;0x6315;0x6500;0x6510,WQLS1;WQMS1;WQNS1;WQSS1,WQLS1;WQMS1;WQNS1;WQSS1,,WQLS1;WQMS1;WQNS1;WQSS1,no,
COMPS65,20,BGSWORD,weapon,5331,S1,yes,,data/Items.bif,0x001001BC,FB2C1B3C16F5799784C59D119446322ABA0B16BCC3B7E9A56E66D8C902CBE5BF,78,78,0x5000;0x5001;0x5002;0x5003;0x5010;0x5011;0x5012;0x5013;0x5100;0x5101;0x5102;0x5103;0x5110;0x5111;0x5112;0x5113;0x5200;0x5201;0x5202;0x5210;0x5211;0x5212;0x5300;0x5301;0x5302;0x5303;0x5310;0x5311;0x5312;0x5313;0x6000;0x6001;0x6002;0x6003;0x6004;0x6005;0x6010;0x6011;0x6012;0x6013;0x6014;0x6015;0x6100;0x6101;0x6102;0x6103;0x6104;0x6105;0x6110;0x6111;0x6112;0x6113;0x6114;0x6115;0x6200;0x6201;0x6202;0x6204;0x6205;0x6210;0x6211;0x6212;0x6214;0x6215;0x6300;0x6301;0x6302;0x6303;0x6304;0x6305;0x6310;0x6311;0x6312;0x6313;0x6314;0x6315;0x6500;0x6510,WQLS1;WQMS1;WQNS1;WQSS1,WQLS1;WQMS1;WQNS1;WQSS1,,WQLS1;WQMS1;WQNS1;WQSS1,no,
COMPS72,20,BGSWORD,weapon,5331,S1,yes,,data/Items.bif,0x001001BD,D6BC2770C64253136807C96D3E3E7AA0B0584BEC5F5153B29D13870698AE1A1A,78,78,0x5000;0x5001;0x5002;0x5003;0x5010;0x5011;0x5012;0x5013;0x5100;0x5101;0x5102;0x5103;0x5110;0x5111;0x5112;0x5113;0x5200;0x5201;0x5202;0x5210;0x5211;0x5212;0x5300;0x5301;0x5302;0x5303;0x5310;0x5311;0x5312;0x5313;0x6000;0x6001;0x6002;0x6003;0x6004;0x6005;0x6010;0x6011;0x6012;0x6013;0x6014;0x6015;0x6100;0x6101;0x6102;0x6103;0x6104;0x6105;0x6110;0x6111;0x6112;0x6113;0x6114;0x6115;0x6200;0x6201;0x6202;0x6204;0x6205;0x6210;0x6211;0x6212;0x6214;0x6215;0x6300;0x6301;0x6302;0x6303;0x6304;0x6305;0x6310;0x6311;0x6312;0x6313;0x6314;0x6315;0x6500;0x6510,WQLS1;WQMS1;WQNS1;WQSS1,WQLS1;WQMS1;WQNS1;WQSS1,,WQLS1;WQMS1;WQNS1;WQSS1,no,
CORNUGON,0,MISC,,2020,,no,,data/25Items.bif,0x08400081,C90AC18342033B30C1231E3C866C8C3598580C727D84DF3F8CF41A7E20FBA479,0,0,,,,,,no,
CRITICAL,28,FIST,weapon,2020,,no,,data/Items.bif,0x001001BE,51CB0F1108EE20146A6661A9AD9BEB970B7AE2AC96944A1F6DF2E40B397FAC1F,0,0,,,,,,no,no-compatible-character-family;visual-animation-code-invalid
CSIREN,10,RING,,2020,,no,,data/Items.bif,0x001001BF,276346DD503441CC1F933122A21127CCAD16D9FAC5F922B13FACB3C01472F754,0,0,,,,,,no,
DAGG01,16,DAGGER,weapon,4444,DD,yes,,data/Items.bif,0x001001C0,FD009DD7D769569E92B48F46294420C6037BE101B9C13873ED97317FFEA3B152,78,78,0x5000;0x5001;0x5002;0x5003;0x5010;0x5011;0x5012;0x5013;0x5100;0x5101;0x5102;0x5103;0x5110;0x5111;0x5112;0x5113;0x5200;0x5201;0x5202;0x5210;0x5211;0x5212;0x5300;0x5301;0x5302;0x5303;0x5310;0x5311;0x5312;0x5313;0x6000;0x6001;0x6002;0x6003;0x6004;0x6005;0x6010;0x6011;0x6012;0x6013;0x6014;0x6015;0x6100;0x6101;0x6102;0x6103;0x6104;0x6105;0x6110;0x6111;0x6112;0x6113;0x6114;0x6115;0x6200;0x6201;0x6202;0x6204;0x6205;0x6210;0x6211;0x6212;0x6214;0x6215;0x6300;0x6301;0x6302;0x6303;0x6304;0x6305;0x6310;0x6311;0x6312;0x6313;0x6314;0x6315;0x6500;0x6510,WQLDD;WQMDD;WQNDD;WQSDD,WQLDD;WQMDD;WQNDD;WQSDD,,WQLDD;WQMDD;WQNDD;WQSDD,no,
DAGG02,16,DAGGER,weapon,4444,DD,yes,,data/Items.bif,0x001001C1,CE7D1FDC488918AAE109C25577FFF9E9C002AC28C8AC0828E2EAE72EABA7A74D,78,78,0x5000;0x5001;0x5002;0x5003;0x5010;0x5011;0x5012;0x5013;0x5100;0x5101;0x5102;0x5103;0x5110;0x5111;0x5112;0x5113;0x5200;0x5201;0x5202;0x5210;0x5211;0x5212;0x5300;0x5301;0x5302;0x5303;0x5310;0x5311;0x5312;0x5313;0x6000;0x6001;0x6002;0x6003;0x6004;0x6005;0x6010;0x6011;0x6012;0x6013;0x6014;0x6015;0x6100;0x6101;0x6102;0x6103;0x6104;0x6105;0x6110;0x6111;0x6112;0x6113;0x6114;0x6115;0x6200;0x6201;0x6202;0x6204;0x6205;0x6210;0x6211;0x6212;0x6214;0x6215;0x6300;0x6301;0x6302;0x6303;0x6304;0x6305;0x6310;0x6311;0x6312;0x6313;0x6314;0x6315;0x6500;0x6510,WQLDD;WQMDD;WQNDD;WQSDD,WQLDD;WQMDD;WQNDD;WQSDD,,WQLDD;WQMDD;WQNDD;WQSDD,no,
DAGG03,16,DAGGER,weapon,4444,DD,yes,,data/Items.bif,0x001001C2,723EFBAA1CDA1B590AA630740B6BBEE2E7202F432A4F2CF126EDC99696A6111A,78,78,0x5000;0x5001;0x5002;0x5003;0x5010;0x5011;0x5012;0x5013;0x5100;0x5101;0x5102;0x5103;0x5110;0x5111;0x5112;0x5113;0x5200;0x5201;0x5202;0x5210;0x5211;0x5212;0x5300;0x5301;0x5302;0x5303;0x5310;0x5311;0x5312;0x5313;0x6000;0x6001;0x6002;0x6003;0x6004;0x6005;0x6010;0x6011;0x6012;0x6013;0x6014;0x6015;0x6100;0x6101;0x6102;0x6103;0x6104;0x6105;0x6110;0x6111;0x6112;0x6113;0x6114;0x6115;0x6200;0x6201;0x6202;0x6204;0x6205;0x6210;0x6211;0x6212;0x6214;0x6215;0x6300;0x6301;0x6302;0x6303;0x6304;0x6305;0x6310;0x6311;0x6312;0x6313;0x6314;0x6315;0x6500;0x6510,WQLDD;WQMDD;WQNDD;WQSDD,WQLDD;WQMDD;WQNDD;WQSDD,,WQLDD;WQMDD;WQNDD;WQSDD,no,
DAGG04,16,DAGGER,weapon,5353,SS,yes,,data/Items.bif,0x001001C3,304289C0AF8D1B732592AF5A11784CCD3A69C27F15DEB5DA0E8F42FE549D9DB4,78,78,0x5000;0x5001;0x5002;0x5003;0x5010;0x5011;0x5012;0x5013;0x5100;0x5101;0x5102;0x5103;0x5110;0x5111;0x5112;0x5113;0x5200;0x5201;0x5202;0x5210;0x5211;0x5212;0x5300;0x5301;0x5302;0x5303;0x5310;0x5311;0x5312;0x5313;0x6000;0x6001;0x6002;0x6003;0x6004;0x6005;0x6010;0x6011;0x6012;0x6013;0x6014;0x6015;0x6100;0x6101;0x6102;0x6103;0x6104;0x6105;0x6110;0x6111;0x6112;0x6113;0x6114;0x6115;0x6200;0x6201;0x6202;0x6204;0x6205;0x6210;0x6211;0x6212;0x6214;0x6215;0x6300;0x6301;0x6302;0x6303;0x6304;0x6305;0x6310;0x6311;0x6312;0x6313;0x6314;0x6315;0x6500;0x6510,WQLSS;WQMSS;WQNSS;WQSSS,WQLSS;WQMSS;WQNSS;WQSSS,,WQLSS;WQMSS;WQNSS;WQSSS,no,
DAGG05,16,DAGGER,weapon,4444,DD,yes,,data/Items.bif,0x001001C4,5EE7A54B3760015FAD6C00447466B23F06E71F2639560B4DCD5B43EABAD6340F,78,78,0x5000;0x5001;0x5002;0x5003;0x5010;0x5011;0x5012;0x5013;0x5100;0x5101;0x5102;0x5103;0x5110;0x5111;0x5112;0x5113;0x5200;0x5201;0x5202;0x5210;0x5211;0x5212;0x5300;0x5301;0x5302;0x5303;0x5310;0x5311;0x5312;0x5313;0x6000;0x6001;0x6002;0x6003;0x6004;0x6005;0x6010;0x6011;0x6012;0x6013;0x6014;0x6015;0x6100;0x6101;0x6102;0x6103;0x6104;0x6105;0x6110;0x6111;0x6112;0x6113;0x6114;0x6115;0x6200;0x6201;0x6202;0x6204;0x6205;0x6210;0x6211;0x6212;0x6214;0x6215;0x6300;0x6301;0x6302;0x6303;0x6304;0x6305;0x6310;0x6311;0x6312;0x6313;0x6314;0x6315;0x6500;0x6510,WQLDD;WQMDD;WQNDD;WQSDD,WQLDD;WQMDD;WQNDD;WQSDD,,WQLDD;WQMDD;WQNDD;WQSDD,no,
DAGG06,16,DAGGER,weapon,4444,DD,yes,,data/Items.bif,0x001001C5,ECF1C4DF26E8EEDE019BDA02BF0A3A1CD8A6748B3CB70EF4995BE93C7DC024A1,78,78,0x5000;0x5001;0x5002;0x5003;0x5010;0x5011;0x5012;0x5013;0x5100;0x5101;0x5102;0x5103;0x5110;0x5111;0x5112;0x5113;0x5200;0x5201;0x5202;0x5210;0x5211;0x5212;0x5300;0x5301;0x5302;0x5303;0x5310;0x5311;0x5312;0x5313;0x6000;0x6001;0x6002;0x6003;0x6004;0x6005;0x6010;0x6011;0x6012;0x6013;0x6014;0x6015;0x6100;0x6101;0x6102;0x6103;0x6104;0x6105;0x6110;0x6111;0x6112;0x6113;0x6114;0x6115;0x6200;0x6201;0x6202;0x6204;0x6205;0x6210;0x6211;0x6212;0x6214;0x6215;0x6300;0x6301;0x6302;0x6303;0x6304;0x6305;0x6310;0x6311;0x6312;0x6313;0x6314;0x6315;0x6500;0x6510,WQLDD;WQMDD;WQNDD;WQSDD,WQLDD;WQMDD;WQNDD;WQSDD,,WQLDD;WQMDD;WQNDD;WQSDD,no,
DAGG07,16,DAGGER,weapon,4444,DD,yes,,data/Items.bif,0x001001C6,7C484419B0B0161A8CF2441B4941DA0D037EB340156D2EA7124F4485B970E02A,78,78,0x5000;0x5001;0x5002;0x5003;0x5010;0x5011;0x5012;0x5013;0x5100;0x5101;0x5102;0x5103;0x5110;0x5111;0x5112;0x5113;0x5200;0x5201;0x5202;0x5210;0x5211;0x5212;0x5300;0x5301;0x5302;0x5303;0x5310;0x5311;0x5312;0x5313;0x6000;0x6001;0x6002;0x6003;0x6004;0x6005;0x6010;0x6011;0x6012;0x6013;0x6014;0x6015;0x6100;0x6101;0x6102;0x6103;0x6104;0x6105;0x6110;0x6111;0x6112;0x6113;0x6114;0x6115;0x6200;0x6201;0x6202;0x6204;0x6205;0x6210;0x6211;0x6212;0x6214;0x6215;0x6300;0x6301;0x6302;0x6303;0x6304;0x6305;0x6310;0x6311;0x6312;0x6313;0x6314;0x6315;0x6500;0x6510,WQLDD;WQMDD;WQNDD;WQSDD,WQLDD;WQMDD;WQNDD;WQSDD,,WQLDD;WQMDD;WQNDD;WQSDD,no,
DAGG08,16,DAGGER,weapon,4444,DD,yes,,data/Items.bif,0x001001C7,407922CC1909F081DDDED360E34575D6F92D3B6CF8ABAF00E3F819E6923F378A,78,78,0x5000;0x5001;0x5002;0x5003;0x5010;0x5011;0x5012;0x5013;0x5100;0x5101;0x5102;0x5103;0x5110;0x5111;0x5112;0x5113;0x5200;0x5201;0x5202;0x5210;0x5211;0x5212;0x5300;0x5301;0x5302;0x5303;0x5310;0x5311;0x5312;0x5313;0x6000;0x6001;0x6002;0x6003;0x6004;0x6005;0x6010;0x6011;0x6012;0x6013;0x6014;0x6015;0x6100;0x6101;0x6102;0x6103;0x6104;0x6105;0x6110;0x6111;0x6112;0x6113;0x6114;0x6115;0x6200;0x6201;0x6202;0x6204;0x6205;0x6210;0x6211;0x6212;0x6214;0x6215;0x6300;0x6301;0x6302;0x6303;0x6304;0x6305;0x6310;0x6311;0x6312;0x6313;0x6314;0x6315;0x6500;0x6510,WQLDD;WQMDD;WQNDD;WQSDD,WQLDD;WQMDD;WQNDD;WQSDD,,WQLDD;WQMDD;WQNDD;WQSDD,no,
DAGG09,16,DAGGER,weapon,4444,DD,yes,,data/Items.bif,0x001001C8,7A18582231ADF0D4B761D49F54D57CD6F816E730B8D1C1849743B9563C68A370,78,78,0x5000;0x5001;0x5002;0x5003;0x5010;0x5011;0x5012;0x5013;0x5100;0x5101;0x5102;0x5103;0x5110;0x5111;0x5112;0x5113;0x5200;0x5201;0x5202;0x5210;0x5211;0x5212;0x5300;0x5301;0x5302;0x5303;0x5310;0x5311;0x5312;0x5313;0x6000;0x6001;0x6002;0x6003;0x6004;0x6005;0x6010;0x6011;0x6012;0x6013;0x6014;0x6015;0x6100;0x6101;0x6102;0x6103;0x6104;0x6105;0x6110;0x6111;0x6112;0x6113;0x6114;0x6115;0x6200;0x6201;0x6202;0x6204;0x6205;0x6210;0x6211;0x6212;0x6214;0x6215;0x6300;0x6301;0x6302;0x6303;0x6304;0x6305;0x6310;0x6311;0x6312;0x6313;0x6314;0x6315;0x6500;0x6510,WQLDD;WQMDD;WQNDD;WQSDD,WQLDD;WQMDD;WQNDD;WQSDD,,WQLDD;WQMDD;WQNDD;WQSDD,no,
DAGG10,16,DAGGER,weapon,4444,DD,yes,,data/Items.bif,0x001001C9,B865B93D7B566AD15B9CF3A1D8A3FAD9D09059925F1E145C74152BD8B7129D00,78,78,0x5000;0x5001;0x5002;0x5003;0x5010;0x5011;0x5012;0x5013;0x5100;0x5101;0x5102;0x5103;0x5110;0x5111;0x5112;0x5113;0x5200;0x5201;0x5202;0x5210;0x5211;0x5212;0x5300;0x5301;0x5302;0x5303;0x5310;0x5311;0x5312;0x5313;0x6000;0x6001;0x6002;0x6003;0x6004;0x6005;0x6010;0x6011;0x6012;0x6013;0x6014;0x6015;0x6100;0x6101;0x6102;0x6103;0x6104;0x6105;0x6110;0x6111;0x6112;0x6113;0x6114;0x6115;0x6200;0x6201;0x6202;0x6204;0x6205;0x6210;0x6211;0x6212;0x6214;0x6215;0x6300;0x6301;0x6302;0x6303;0x6304;0x6305;0x6310;0x6311;0x6312;0x6313;0x6314;0x6315;0x6500;0x6510,WQLDD;WQMDD;WQNDD;WQSDD,WQLDD;WQMDD;WQNDD;WQSDD,,WQLDD;WQMDD;WQNDD;WQSDD,no,
DAGG11,16,DAGGER,weapon,4444,DD,yes,,data/Items.bif,0x001001CA,E17279E76FC6C0BFF6CE2E9DE4FD42342F11C3BA9B67FDD4651588878D726A6E,78,78,0x5000;0x5001;0x5002;0x5003;0x5010;0x5011;0x5012;0x5013;0x5100;0x5101;0x5102;0x5103;0x5110;0x5111;0x5112;0x5113;0x5200;0x5201;0x5202;0x5210;0x5211;0x5212;0x5300;0x5301;0x5302;0x5303;0x5310;0x5311;0x5312;0x5313;0x6000;0x6001;0x6002;0x6003;0x6004;0x6005;0x6010;0x6011;0x6012;0x6013;0x6014;0x6015;0x6100;0x6101;0x6102;0x6103;0x6104;0x6105;0x6110;0x6111;0x6112;0x6113;0x6114;0x6115;0x6200;0x6201;0x6202;0x6204;0x6205;0x6210;0x6211;0x6212;0x6214;0x6215;0x6300;0x6301;0x6302;0x6303;0x6304;0x6305;0x6310;0x6311;0x6312;0x6313;0x6314;0x6315;0x6500;0x6510,WQLDD;WQMDD;WQNDD;WQSDD,WQLDD;WQMDD;WQNDD;WQSDD,,WQLDD;WQMDD;WQNDD;WQSDD,no,
DAGG12,16,DAGGER,weapon,4444,DD,yes,,data/Items.bif,0x001001CB,F512934C3751FDE0C044EE624075ECC26B7D818520BC2F12DC8619C928995485,78,78,0x5000;0x5001;0x5002;0x5003;0x5010;0x5011;0x5012;0x5013;0x5100;0x5101;0x5102;0x5103;0x5110;0x5111;0x5112;0x5113;0x5200;0x5201;0x5202;0x5210;0x5211;0x5212;0x5300;0x5301;0x5302;0x5303;0x5310;0x5311;0x5312;0x5313;0x6000;0x6001;0x6002;0x6003;0x6004;0x6005;0x6010;0x6011;0x6012;0x6013;0x6014;0x6015;0x6100;0x6101;0x6102;0x6103;0x6104;0x6105;0x6110;0x6111;0x6112;0x6113;0x6114;0x6115;0x6200;0x6201;0x6202;0x6204;0x6205;0x6210;0x6211;0x6212;0x6214;0x6215;0x6300;0x6301;0x6302;0x6303;0x6304;0x6305;0x6310;0x6311;0x6312;0x6313;0x6314;0x6315;0x6500;0x6510,WQLDD;WQMDD;WQNDD;WQSDD,WQLDD;WQMDD;WQNDD;WQSDD,,WQLDD;WQMDD;WQNDD;WQSDD,no,
DAGG13,16,DAGGER,weapon,4444,DD,yes,,data/Items.bif,0x001001CC,FCFD8517F99FE1CE7EE38914FC204BD668FAC968FCCD9437F7023643B81528E9,78,78,0x5000;0x5001;0x5002;0x5003;0x5010;0x5011;0x5012;0x5013;0x5100;0x5101;0x5102;0x5103;0x5110;0x5111;0x5112;0x5113;0x5200;0x5201;0x5202;0x5210;0x5211;0x5212;0x5300;0x5301;0x5302;0x5303;0x5310;0x5311;0x5312;0x5313;0x6000;0x6001;0x6002;0x6003;0x6004;0x6005;0x6010;0x6011;0x6012;0x6013;0x6014;0x6015;0x6100;0x6101;0x6102;0x6103;0x6104;0x6105;0x6110;0x6111;0x6112;0x6113;0x6114;0x6115;0x6200;0x6201;0x6202;0x6204;0x6205;0x6210;0x6211;0x6212;0x6214;0x6215;0x6300;0x6301;0x6302;0x6303;0x6304;0x6305;0x6310;0x6311;0x6312;0x6313;0x6314;0x6315;0x6500;0x6510,WQLDD;WQMDD;WQNDD;WQSDD,WQLDD;WQMDD;WQNDD;WQSDD,,WQLDD;WQMDD;WQNDD;WQSDD,no,
DAGG14,16,DAGGER,weapon,4444,DD,yes,,data/Items.bif,0x001001CD,66BDCDC2086F1D34B2C95CD6D442F92E2CF1B367973ADB33488180EDFD522672,78,78,0x5000;0x5001;0x5002;0x5003;0x5010;0x5011;0x5012;0x5013;0x5100;0x5101;0x5102;0x5103;0x5110;0x5111;0x5112;0x5113;0x5200;0x5201;0x5202;0x5210;0x5211;0x5212;0x5300;0x5301;0x5302;0x5303;0x5310;0x5311;0x5312;0x5313;0x6000;0x6001;0x6002;0x6003;0x6004;0x6005;0x6010;0x6011;0x6012;0x6013;0x6014;0x6015;0x6100;0x6101;0x6102;0x6103;0x6104;0x6105;0x6110;0x6111;0x6112;0x6113;0x6114;0x6115;0x6200;0x6201;0x6202;0x6204;0x6205;0x6210;0x6211;0x6212;0x6214;0x6215;0x6300;0x6301;0x6302;0x6303;0x6304;0x6305;0x6310;0x6311;0x6312;0x6313;0x6314;0x6315;0x6500;0x6510,WQLDD;WQMDD;WQNDD;WQSDD,WQLDD;WQMDD;WQNDD;WQSDD,,WQLDD;WQMDD;WQNDD;WQSDD,no,
DAGG15,16,DAGGER,weapon,4444,DD,yes,,data/Items.bif,0x001001CE,26D27C748F7EBE14BB1EFD6BFA8085E2E48EB0D8F5B3FB02F04E54D3F11C43FE,78,78,0x5000;0x5001;0x5002;0x5003;0x5010;0x5011;0x5012;0x5013;0x5100;0x5101;0x5102;0x5103;0x5110;0x5111;0x5112;0x5113;0x5200;0x5201;0x5202;0x5210;0x5211;0x5212;0x5300;0x5301;0x5302;0x5303;0x5310;0x5311;0x5312;0x5313;0x6000;0x6001;0x6002;0x6003;0x6004;0x6005;0x6010;0x6011;0x6012;0x6013;0x6014;0x6015;0x6100;0x6101;0x6102;0x6103;0x6104;0x6105;0x6110;0x6111;0x6112;0x6113;0x6114;0x6115;0x6200;0x6201;0x6202;0x6204;0x6205;0x6210;0x6211;0x6212;0x6214;0x6215;0x6300;0x6301;0x6302;0x6303;0x6304;0x6305;0x6310;0x6311;0x6312;0x6313;0x6314;0x6315;0x6500;0x6510,WQLDD;WQMDD;WQNDD;WQSDD,WQLDD;WQMDD;WQNDD;WQSDD,,WQLDD;WQMDD;WQNDD;WQSDD,no,
DAGG16,16,DAGGER,weapon,4444,DD,yes,,data/Items.bif,0x001001CF,A6CFC416C0139084989DB1AD9CF5483C14654D2757C3943B782B2316858EFACD,78,78,0x5000;0x5001;0x5002;0x5003;0x5010;0x5011;0x5012;0x5013;0x5100;0x5101;0x5102;0x5103;0x5110;0x5111;0x5112;0x5113;0x5200;0x5201;0x5202;0x5210;0x5211;0x5212;0x5300;0x5301;0x5302;0x5303;0x5310;0x5311;0x5312;0x5313;0x6000;0x6001;0x6002;0x6003;0x6004;0x6005;0x6010;0x6011;0x6012;0x6013;0x6014;0x6015;0x6100;0x6101;0x6102;0x6103;0x6104;0x6105;0x6110;0x6111;0x6112;0x6113;0x6114;0x6115;0x6200;0x6201;0x6202;0x6204;0x6205;0x6210;0x6211;0x6212;0x6214;0x6215;0x6300;0x6301;0x6302;0x6303;0x6304;0x6305;0x6310;0x6311;0x6312;0x6313;0x6314;0x6315;0x6500;0x6510,WQLDD;WQMDD;WQNDD;WQSDD,WQLDD;WQMDD;WQNDD;WQSDD,,WQLDD;WQMDD;WQNDD;WQSDD,no,
DAGG17,16,DAGGER,weapon,4444,DD,yes,,data/Items.bif,0x001001D0,2C9F04F63E8F04BD4F875446F9354C240F03ABA17F3672A9ACEDAB2FDB5828FC,78,78,0x5000;0x5001;0x5002;0x5003;0x5010;0x5011;0x5012;0x5013;0x5100;0x5101;0x5102;0x5103;0x5110;0x5111;0x5112;0x5113;0x5200;0x5201;0x5202;0x5210;0x5211;0x5212;0x5300;0x5301;0x5302;0x5303;0x5310;0x5311;0x5312;0x5313;0x6000;0x6001;0x6002;0x6003;0x6004;0x6005;0x6010;0x6011;0x6012;0x6013;0x6014;0x6015;0x6100;0x6101;0x6102;0x6103;0x6104;0x6105;0x6110;0x6111;0x6112;0x6113;0x6114;0x6115;0x6200;0x6201;0x6202;0x6204;0x6205;0x6210;0x6211;0x6212;0x6214;0x6215;0x6300;0x6301;0x6302;0x6303;0x6304;0x6305;0x6310;0x6311;0x6312;0x6313;0x6314;0x6315;0x6500;0x6510,WQLDD;WQMDD;WQNDD;WQSDD,WQLDD;WQMDD;WQNDD;WQSDD,,WQLDD;WQMDD;WQNDD;WQSDD,no,
DAGG18,16,DAGGER,weapon,4444,DD,yes,,data/Items.bif,0x001001D1,0BD8017030A9538A9A24770F2E4A39F1EF23E95EA6B59343E840E618D9F7EDCC,78,78,0x5000;0x5001;0x5002;0x5003;0x5010;0x5011;0x5012;0x5013;0x5100;0x5101;0x5102;0x5103;0x5110;0x5111;0x5112;0x5113;0x5200;0x5201;0x5202;0x5210;0x5211;0x5212;0x5300;0x5301;0x5302;0x5303;0x5310;0x5311;0x5312;0x5313;0x6000;0x6001;0x6002;0x6003;0x6004;0x6005;0x6010;0x6011;0x6012;0x6013;0x6014;0x6015;0x6100;0x6101;0x6102;0x6103;0x6104;0x6105;0x6110;0x6111;0x6112;0x6113;0x6114;0x6115;0x6200;0x6201;0x6202;0x6204;0x6205;0x6210;0x6211;0x6212;0x6214;0x6215;0x6300;0x6301;0x6302;0x6303;0x6304;0x6305;0x6310;0x6311;0x6312;0x6313;0x6314;0x6315;0x6500;0x6510,WQLDD;WQMDD;WQNDD;WQSDD,WQLDD;WQMDD;WQNDD;WQSDD,,WQLDD;WQMDD;WQNDD;WQSDD,no,
DAGG19,16,DAGGER,weapon,4444,DD,yes,,data/Items.bif,0x001001D2,AFDDD6CEFB9D4E0E08CA301788C575346C668AC5D69B913A8D1ED4037CFE6CBB,78,78,0x5000;0x5001;0x5002;0x5003;0x5010;0x5011;0x5012;0x5013;0x5100;0x5101;0x5102;0x5103;0x5110;0x5111;0x5112;0x5113;0x5200;0x5201;0x5202;0x5210;0x5211;0x5212;0x5300;0x5301;0x5302;0x5303;0x5310;0x5311;0x5312;0x5313;0x6000;0x6001;0x6002;0x6003;0x6004;0x6005;0x6010;0x6011;0x6012;0x6013;0x6014;0x6015;0x6100;0x6101;0x6102;0x6103;0x6104;0x6105;0x6110;0x6111;0x6112;0x6113;0x6114;0x6115;0x6200;0x6201;0x6202;0x6204;0x6205;0x6210;0x6211;0x6212;0x6214;0x6215;0x6300;0x6301;0x6302;0x6303;0x6304;0x6305;0x6310;0x6311;0x6312;0x6313;0x6314;0x6315;0x6500;0x6510,WQLDD;WQMDD;WQNDD;WQSDD,WQLDD;WQMDD;WQNDD;WQSDD,,WQLDD;WQMDD;WQNDD;WQSDD,no,
DAGG20,16,DAGGER,weapon,4444,DD,yes,,data/Items.bif,0x001001D3,BF662C263F1D843CB4D87F33ED1548B8D545E784A327EBDF5F0E8AFB7DBD1C6C,78,78,0x5000;0x5001;0x5002;0x5003;0x5010;0x5011;0x5012;0x5013;0x5100;0x5101;0x5102;0x5103;0x5110;0x5111;0x5112;0x5113;0x5200;0x5201;0x5202;0x5210;0x5211;0x5212;0x5300;0x5301;0x5302;0x5303;0x5310;0x5311;0x5312;0x5313;0x6000;0x6001;0x6002;0x6003;0x6004;0x6005;0x6010;0x6011;0x6012;0x6013;0x6014;0x6015;0x6100;0x6101;0x6102;0x6103;0x6104;0x6105;0x6110;0x6111;0x6112;0x6113;0x6114;0x6115;0x6200;0x6201;0x6202;0x6204;0x6205;0x6210;0x6211;0x6212;0x6214;0x6215;0x6300;0x6301;0x6302;0x6303;0x6304;0x6305;0x6310;0x6311;0x6312;0x6313;0x6314;0x6315;0x6500;0x6510,WQLDD;WQMDD;WQNDD;WQSDD,WQLDD;WQMDD;WQNDD;WQSDD,,WQLDD;WQMDD;WQNDD;WQSDD,no,
DAGG21,16,DAGGER,weapon,4444,DD,yes,,data/25Items.bif,0x08400082,C8080A5E19D62005944A214D42DEF6EB385DA22DEEB26A7196A7F9B541E89D2C,78,78,0x5000;0x5001;0x5002;0x5003;0x5010;0x5011;0x5012;0x5013;0x5100;0x5101;0x5102;0x5103;0x5110;0x5111;0x5112;0x5113;0x5200;0x5201;0x5202;0x5210;0x5211;0x5212;0x5300;0x5301;0x5302;0x5303;0x5310;0x5311;0x5312;0x5313;0x6000;0x6001;0x6002;0x6003;0x6004;0x6005;0x6010;0x6011;0x6012;0x6013;0x6014;0x6015;0x6100;0x6101;0x6102;0x6103;0x6104;0x6105;0x6110;0x6111;0x6112;0x6113;0x6114;0x6115;0x6200;0x6201;0x6202;0x6204;0x6205;0x6210;0x6211;0x6212;0x6214;0x6215;0x6300;0x6301;0x6302;0x6303;0x6304;0x6305;0x6310;0x6311;0x6312;0x6313;0x6314;0x6315;0x6500;0x6510,WQLDD;WQMDD;WQNDD;WQSDD,WQLDD;WQMDD;WQNDD;WQSDD,,WQLDD;WQMDD;WQNDD;WQSDD,no,
DAGG22,16,DAGGER,weapon,4444,DD,yes,,data/25Items.bif,0x08400083,C6BB4FEEDE42B48548C0EEF38084EC286EFC50214D28C1A830161194B1EB5A25,78,78,0x5000;0x5001;0x5002;0x5003;0x5010;0x5011;0x5012;0x5013;0x5100;0x5101;0x5102;0x5103;0x5110;0x5111;0x5112;0x5113;0x5200;0x5201;0x5202;0x5210;0x5211;0x5212;0x5300;0x5301;0x5302;0x5303;0x5310;0x5311;0x5312;0x5313;0x6000;0x6001;0x6002;0x6003;0x6004;0x6005;0x6010;0x6011;0x6012;0x6013;0x6014;0x6015;0x6100;0x6101;0x6102;0x6103;0x6104;0x6105;0x6110;0x6111;0x6112;0x6113;0x6114;0x6115;0x6200;0x6201;0x6202;0x6204;0x6205;0x6210;0x6211;0x6212;0x6214;0x6215;0x6300;0x6301;0x6302;0x6303;0x6304;0x6305;0x6310;0x6311;0x6312;0x6313;0x6314;0x6315;0x6500;0x6510,WQLDD;WQMDD;WQNDD;WQSDD,WQLDD;WQMDD;WQNDD;WQSDD,,WQLDD;WQMDD;WQNDD;WQSDD,no,
DAGG23,16,DAGGER,weapon,4444,DD,yes,,data/25Items.bif,0x08400084,432B0716C5A152143428FD4BC179883E06FFED2D5BA64C57C3B4F4F3682075F7,78,78,0x5000;0x5001;0x5002;0x5003;0x5010;0x5011;0x5012;0x5013;0x5100;0x5101;0x5102;0x5103;0x5110;0x5111;0x5112;0x5113;0x5200;0x5201;0x5202;0x5210;0x5211;0x5212;0x5300;0x5301;0x5302;0x5303;0x5310;0x5311;0x5312;0x5313;0x6000;0x6001;0x6002;0x6003;0x6004;0x6005;0x6010;0x6011;0x6012;0x6013;0x6014;0x6015;0x6100;0x6101;0x6102;0x6103;0x6104;0x6105;0x6110;0x6111;0x6112;0x6113;0x6114;0x6115;0x6200;0x6201;0x6202;0x6204;0x6205;0x6210;0x6211;0x6212;0x6214;0x6215;0x6300;0x6301;0x6302;0x6303;0x6304;0x6305;0x6310;0x6311;0x6312;0x6313;0x6314;0x6315;0x6500;0x6510,WQLDD;WQMDD;WQNDD;WQSDD,WQLDD;WQMDD;WQNDD;WQSDD,,WQLDD;WQMDD;WQNDD;WQSDD,no,
DAGG24,16,DAGGER,weapon,4444,DD,yes,,data/25Items.bif,0x08400085,C44DA10E20FE2415CAE4D1E9AB74BFE788D9851DC9A5DA73E0030F879A52C88A,78,78,0x5000;0x5001;0x5002;0x5003;0x5010;0x5011;0x5012;0x5013;0x5100;0x5101;0x5102;0x5103;0x5110;0x5111;0x5112;0x5113;0x5200;0x5201;0x5202;0x5210;0x5211;0x5212;0x5300;0x5301;0x5302;0x5303;0x5310;0x5311;0x5312;0x5313;0x6000;0x6001;0x6002;0x6003;0x6004;0x6005;0x6010;0x6011;0x6012;0x6013;0x6014;0x6015;0x6100;0x6101;0x6102;0x6103;0x6104;0x6105;0x6110;0x6111;0x6112;0x6113;0x6114;0x6115;0x6200;0x6201;0x6202;0x6204;0x6205;0x6210;0x6211;0x6212;0x6214;0x6215;0x6300;0x6301;0x6302;0x6303;0x6304;0x6305;0x6310;0x6311;0x6312;0x6313;0x6314;0x6315;0x6500;0x6510,WQLDD;WQMDD;WQNDD;WQSDD,WQLDD;WQMDD;WQNDD;WQSDD,,WQLDD;WQMDD;WQNDD;WQSDD,no,
DAGGSHIT,16,DAGGER,weapon,4444,DD,yes,,data/Items.bif,0x001001D4,91335329672AF30D4C30F38AA672DF28AE2DB0C027C0491FD1AB84CCD0D5D567,78,78,0x5000;0x5001;0x5002;0x5003;0x5010;0x5011;0x5012;0x5013;0x5100;0x5101;0x5102;0x5103;0x5110;0x5111;0x5112;0x5113;0x5200;0x5201;0x5202;0x5210;0x5211;0x5212;0x5300;0x5301;0x5302;0x5303;0x5310;0x5311;0x5312;0x5313;0x6000;0x6001;0x6002;0x6003;0x6004;0x6005;0x6010;0x6011;0x6012;0x6013;0x6014;0x6015;0x6100;0x6101;0x6102;0x6103;0x6104;0x6105;0x6110;0x6111;0x6112;0x6113;0x6114;0x6115;0x6200;0x6201;0x6202;0x6204;0x6205;0x6210;0x6211;0x6212;0x6214;0x6215;0x6300;0x6301;0x6302;0x6303;0x6304;0x6305;0x6310;0x6311;0x6312;0x6313;0x6314;0x6315;0x6500;0x6510,WQLDD;WQMDD;WQNDD;WQSDD,WQLDD;WQMDD;WQNDD;WQSDD,,WQLDD;WQMDD;WQNDD;WQSDD,no,
DART01,24,DART,weapon,2020,,no,,data/Items.bif,0x001001D5,ACDAC2F6D430DC274F04FD2CFA8E35A4A4718B90EFC82B795A5801D542E5C2A6,0,0,,,,,,no,no-compatible-character-family;visual-animation-code-invalid
DART02,24,DART,weapon,2020,,no,,data/Items.bif,0x001001D6,39334FBC11DB8A47154AB6AEDAC45A049AB114B48BBC011F766D393D85F4411C,0,0,,,,,,no,no-compatible-character-family;visual-animation-code-invalid
DART03,24,DART,weapon,2020,,no,,data/Items.bif,0x001001D7,5CFE58EBDB5D39E63F92D1447F5E8B3B60D3B5B5C54A4F90B2B71C11DF68D352,0,0,,,,,,no,no-compatible-character-family;visual-animation-code-invalid
DART04,24,DART,weapon,2020,,no,,data/Items.bif,0x001001D8,A999FD383C861A1D6C283B53D06E415784985FBE04920BCADBFCC83730DAF976,0,0,,,,,,no,no-compatible-character-family;visual-animation-code-invalid
DART05,24,DART,weapon,2020,,no,,data/Items.bif,0x001001D9,140B9DCCDA274C2F149250D88E4B213002EEBD135880484EFD3F0CAC571E2322,0,0,,,,,,no,no-compatible-character-family;visual-animation-code-invalid
DART06,24,DART,weapon,2020,,no,,data/Items.bif,0x001001DA,E2E673EAE75A7091F168B665A5796CD2D755777F4FFE60D01604B17717B14EF4,0,0,,,,,,no,no-compatible-character-family;visual-animation-code-invalid
DART07,24,DART,weapon,2020,,no,,data/Items.bif,0x001001DB,ECFEFC03CF9C4B6076EC76319185816B47A00B76834F48CA42052A289F550E08,0,0,,,,,,no,no-compatible-character-family;visual-animation-code-invalid
DART08,24,DART,weapon,2020,,no,,data/25Items.bif,0x08400086,A42D64E965BEE94D31699BDA778846FCAD87C9A191B2D1F0DC5A3EE382838596,0,0,,,,,,no,no-compatible-character-family;visual-animation-code-invalid
DARTMEL,24,DART,weapon,2020,,no,,data/25Items.bif,0x08400087,F57337718F6059969A3F8E490BF0AA57F63816B23EF781676C4B58928A21F303,0,0,,,,,,no,no-compatible-character-family;visual-animation-code-invalid
DASBOOT,4,BOOT,,7200,,no,,data/Items.bif,0x001001DC,242F73BB5AD44F3EB38A29846F36815719FEC0F227C21DB63A8B196667C354BE,0,0,,,,,,no,
DAX1H01,25,AXE,weapon,4158,AX,yes,,data/Items.bif,0x001001DD,B6683C1FC029498886C2258A95187B138FDC753E016EF65A4C0249B7472B1543,78,78,0x5000;0x5001;0x5002;0x5003;0x5010;0x5011;0x5012;0x5013;0x5100;0x5101;0x5102;0x5103;0x5110;0x5111;0x5112;0x5113;0x5200;0x5201;0x5202;0x5210;0x5211;0x5212;0x5300;0x5301;0x5302;0x5303;0x5310;0x5311;0x5312;0x5313;0x6000;0x6001;0x6002;0x6003;0x6004;0x6005;0x6010;0x6011;0x6012;0x6013;0x6014;0x6015;0x6100;0x6101;0x6102;0x6103;0x6104;0x6105;0x6110;0x6111;0x6112;0x6113;0x6114;0x6115;0x6200;0x6201;0x6202;0x6204;0x6205;0x6210;0x6211;0x6212;0x6214;0x6215;0x6300;0x6301;0x6302;0x6303;0x6304;0x6305;0x6310;0x6311;0x6312;0x6313;0x6314;0x6315;0x6500;0x6510,WQLAX;WQMAX;WQNAX;WQSAX,WQLAX;WQMAX;WQNAX;WQSAX,,WQLAX;WQMAX;WQNAX;WQSAX,no,
DECK,0,MISC,,2020,,no,,data/25Items.bif,0x08400088,13E9878EE1435BE1C2E15A8858F8EB1006A336BE17543E72F33526A4DA0A02C2,0,0,,,,,,no,
DECK622,0,MISC,,2020,,no,,data/25Items.bif,0x08400089,2CA81CB86839DD58A857673A622F02C70D87B38879902D6879DCAAA4B9C8BCC1,0,0,,,,,,no,
DEMABI01,0,MISC,,2020,,no,,data/25Items.bif,0x0840008A,29C98F22286EE04FB27A2BC119082043B69DC30E6DD0B77BE3A9C05ADC700380,0,0,,,,,,no,
DEMCOR01,0,MISC,,2020,,no,,data/25Items.bif,0x0840008B,3AC9ED91D9C508E14E487EA0F6868BB0F8728E8496FE00C051FCFB1DA2DC312D,0,0,,,,,,no,
DEMILICH,10,RING,,2020,,no,,data/Items.bif,0x001001DE,91F85F0C6A2628E812294B06AFB3DEA62685D35DA10F571FA12BAD67A63988A3,0,0,,,,,,no,
DEMLORD,0,MISC,,2020,,no,,data/Items.bif,0x001001DF,D1541B5D65C8A6A2D3ADC54D375C8825BF9D823DF2D0811543838163DED79BCC,0,0,,,,,,no,
DEMMAU01,0,MISC,,2020,,no,,data/25Items.bif,0x0840008C,AEED1580F8950347728C80D43B67B7F7FD54AB661707C3A71168EB98F33E04F6,0,0,,,,,,no,
DEMOGORG,23,FLAIL,weapon,2020,,no,,data/25Items.bif,0x0840008D,A07E3233581379E2D32727C04DA521889C53DBEBED89F2F499D6F3A6589965FC,0,0,,,,,,no,no-compatible-character-family;visual-animation-code-invalid
DEMOSUM4,20,BGSWORD,weapon,5332,S2,yes,,data/25Items.bif,0x0840008E,329C58CA8ACE58E7700924D75CACCD276A5E2A5C1DA47D96AC11D6EE1C0DCAB2,78,78,0x5000;0x5001;0x5002;0x5003;0x5010;0x5011;0x5012;0x5013;0x5100;0x5101;0x5102;0x5103;0x5110;0x5111;0x5112;0x5113;0x5200;0x5201;0x5202;0x5210;0x5211;0x5212;0x5300;0x5301;0x5302;0x5303;0x5310;0x5311;0x5312;0x5313;0x6000;0x6001;0x6002;0x6003;0x6004;0x6005;0x6010;0x6011;0x6012;0x6013;0x6014;0x6015;0x6100;0x6101;0x6102;0x6103;0x6104;0x6105;0x6110;0x6111;0x6112;0x6113;0x6114;0x6115;0x6200;0x6201;0x6202;0x6204;0x6205;0x6210;0x6211;0x6212;0x6214;0x6215;0x6300;0x6301;0x6302;0x6303;0x6304;0x6305;0x6310;0x6311;0x6312;0x6313;0x6314;0x6315;0x6500;0x6510,WQLS2;WQMS2;WQNS2;WQSS2,WQLS2;WQMS2;WQNS2;WQSS2,,WQLS2;WQMS2;WQNS2;WQSS2,no,
DEMSUC01,0,MISC,,2020,,no,,data/25Items.bif,0x0840008F,E03A70F90B3528B27BDE196B424707FA25F69590568BA8B3B245E5F86BE8EFC7,0,0,,,,,,no,
DEVA,20,BGSWORD,weapon,5331,S1,yes,,data/25Items.bif,0x08400090,3452665C6BF40B71C4ACCB74A634089DAD9EBE7487670ABC8124408825C4C575,78,78,0x5000;0x5001;0x5002;0x5003;0x5010;0x5011;0x5012;0x5013;0x5100;0x5101;0x5102;0x5103;0x5110;0x5111;0x5112;0x5113;0x5200;0x5201;0x5202;0x5210;0x5211;0x5212;0x5300;0x5301;0x5302;0x5303;0x5310;0x5311;0x5312;0x5313;0x6000;0x6001;0x6002;0x6003;0x6004;0x6005;0x6010;0x6011;0x6012;0x6013;0x6014;0x6015;0x6100;0x6101;0x6102;0x6103;0x6104;0x6105;0x6110;0x6111;0x6112;0x6113;0x6114;0x6115;0x6200;0x6201;0x6202;0x6204;0x6205;0x6210;0x6211;0x6212;0x6214;0x6215;0x6300;0x6301;0x6302;0x6303;0x6304;0x6305;0x6310;0x6311;0x6312;0x6313;0x6314;0x6315;0x6500;0x6510,WQLS1;WQMS1;WQNS1;WQSS1,WQLS1;WQMS1;WQNS1;WQSS1,,WQLS1;WQMS1;WQNS1;WQSS1,no,
DEVAEVIL,20,BGSWORD,weapon,2020,,no,,data/25Items.bif,0x08400091,958B47D10642131C93BB38EAE2626E22F4C3E803D8B6216F442579D642E24AEE,0,0,,,,,,no,no-compatible-character-family;visual-animation-code-invalid
DEVMON01,0,MISC,,2020,,no,,data/25Items.bif,0x08400092,07C56072C5CFCABB8B50EA18772E352D3DA0D9C41D4CBB43D5A9A245CDEBD197,0,0,,,,,,no,
DHELM01,7,HELMET,helmet,4832,H2,yes,,data/Items.bif,0x001001E0,2D8C85165AD6C7365D2F3BA563F2DB38F62907F432DE73C6070552F73BFBE1B4,78,78,0x5000;0x5001;0x5002;0x5003;0x5010;0x5011;0x5012;0x5013;0x5100;0x5101;0x5102;0x5103;0x5110;0x5111;0x5112;0x5113;0x5200;0x5201;0x5202;0x5210;0x5211;0x5212;0x5300;0x5301;0x5302;0x5303;0x5310;0x5311;0x5312;0x5313;0x6000;0x6001;0x6002;0x6003;0x6004;0x6005;0x6010;0x6011;0x6012;0x6013;0x6014;0x6015;0x6100;0x6101;0x6102;0x6103;0x6104;0x6105;0x6110;0x6111;0x6112;0x6113;0x6114;0x6115;0x6200;0x6201;0x6202;0x6204;0x6205;0x6210;0x6211;0x6212;0x6214;0x6215;0x6300;0x6301;0x6302;0x6303;0x6304;0x6305;0x6310;0x6311;0x6312;0x6313;0x6314;0x6315;0x6500;0x6510,WQLH2;WQMH2;WQNH2;WQSH2,WQLH2;WQMH2;WQNH2;WQSH2,,WQLH2;WQMH2;WQNH2;WQSH2,no,
DLEAT10,2,ARMOR,body,3241,2A,yes,2,data/Items.bif,0x001001E1,45CD9D71E409AE53D3B6CAD244E142DB49DD48622EBFE373263AC85EA1A8E2C8,76,76,0x5000;0x5001;0x5002;0x5003;0x5010;0x5011;0x5012;0x5013;0x5100;0x5101;0x5102;0x5103;0x5110;0x5111;0x5112;0x5113;0x5200;0x5201;0x5202;0x5210;0x5211;0x5212;0x5300;0x5301;0x5302;0x5303;0x5310;0x5311;0x5312;0x5313;0x6000;0x6001;0x6002;0x6003;0x6004;0x6005;0x6010;0x6011;0x6012;0x6013;0x6014;0x6015;0x6100;0x6101;0x6102;0x6103;0x6104;0x6105;0x6110;0x6111;0x6112;0x6113;0x6114;0x6115;0x6200;0x6201;0x6202;0x6204;0x6205;0x6210;0x6211;0x6212;0x6214;0x6215;0x6300;0x6301;0x6302;0x6303;0x6304;0x6305;0x6310;0x6311;0x6312;0x6313;0x6314;0x6315,CDFB2;CDFT2;CDFW2;CDMB2;CDMT2;CDMW2;CEFB2;CEFT2;CEFW2;CEMB2;CEMT2;CEMW2;CHFB2;CHFT2;CHFW2;CHMB2;CHMT2;CHMW2;CIFB2;CIFT2;CIMB2;CIMT2,CDFB2;CDFT2;CDFW2;CDMB2;CDMT2;CDMW2;CEFB2;CEFT2;CEFW2;CEMB2;CEMT2;CEMW2;CHFB2;CHFT2;CHFW2;CHMB2;CHMT2;CHMW2;CIFB2;CIFT2;CIMB2;CIMT2,,CDFB2;CDFT2;CDFW2;CDMB2;CDMT2;CDMW2;CEFB2;CEFT2;CEFW2;CEMB2;CEMT2;CEMW2;CHFB2;CHFT2;CHFW2;CHMB2;CHMT2;CHMW2;CIFB2;CIFT2;CIMB2;CIMT2,no,
DMGEM1,34,GEM,,2020,,no,,data/Items.bif,0x001001E2,4D10F3CC709ABC458453D00175EC045D827B497D95252C01153699215696ED04,0,0,,,,,,no,
DOGWAWP,0,MISC,,2020,,no,,data/Items.bif,0x001001E3,B6E80E916772E8A083104C207CE2DAE825CCD56FAE5FCB4EF13E935476870702,0,0,,,,,,no,
DOPPLE,0,MISC,,2020,,no,,data/Items.bif,0x001001E4,8F6EDEE32B3F1E943CD3EBD2D22BD53C1D4B3CE3B46D10473D648CA6E9DAC6C0,0,0,,,,,,no,
DOPPLEG,0,MISC,,2020,,no,,data/Items.bif,0x001001E5,EA32DDA940D9808976B4F471862C83C2BB96D4E2D388ADF000A15F20B49F8686,0,0,,,,,,no,
DR1-6S,0,MISC,,2020,,no,,data/Items.bif,0x001001E6,18437101B298860BBB8A823E139105AE3BFA5A9F15158AFE8161EC7BD1E0D0FC,0,0,,,,,,no,
DRAGBLAW,0,MISC,,2020,,no,,data/Items.bif,0x001001E7,EED777D2F33323170FDC0F83B54B251362B7540749565B225E7BB43F4E0B6C60,0,0,,,,,,no,
DRAGBLUE,0,MISC,,2020,,no,,data/25Items.bif,0x08400093,0615461E6A1C54EAACBE0545FAD268A683A9DD0198A795460A48960BAB87D85C,0,0,,,,,,no,
DRAGBROW,0,MISC,,2020,,no,,data/25Items.bif,0x08400094,FA12F689698D87646468D7BB941237BBE45F5E0066BE90E58863087D164B9334,0,0,,,,,,no,
DRAGGRE1,0,MISC,,2020,,no,,data/25Items.bif,0x08400095,8033EA50F23757ED4092BBA344B702C9C8278005AB6F71BD3127AA0995B75B0A,0,0,,,,,,no,
DRAGRED1,0,MISC,,2020,,no,,data/Items.bif,0x001001E8,7E03714D3B58D9FE3250C26A3A24CCE368CA364DFAD4804FE337D5FAD83A2676,0,0,,,,,,no,
DRAGRING,10,RING,,2020,,no,,data/Items.bif,0x001001E9,900EF3131C1804DF7B2B6B8441F1EC642703CB1409EC5B5E6D16BCBF595571DB,0,0,,,,,,no,
DRAGSHA1,0,MISC,,2020,,no,,data/Items.bif,0x001001EA,54153A7FEC89E44EB183ACE4C76D81302B284A5260B55E17C00B954E37E55356,0,0,,,,,,no,
DRAGSIL1,0,MISC,,2020,,no,,data/Items.bif,0x001001EB,A13E834BF1C8CDC6186BB02BAFC17BD2DF8C1301EF6A3C6C40B342A9592B45E2,0,0,,,,,,no,
DRIZZTS,20,BGSWORD,weapon,2020,,no,,data/Items.bif,0x001001EC,D859FA0DE8DACF20C119025E95B5FF5EAAE8782A7730658E79F39E3B322002B7,0,0,,,,,,no,no-compatible-character-family;visual-animation-code-invalid
DRUEAR,0,MISC,,2020,,no,,data/25Items.bif,0x08400096,4D1E6C3A7BE572E2E3E2470FB3F48C8863C3E63BE8816557ABC2B3A2C0343EEF,0,0,,,,,,no,
DRUFIR,0,MISC,,2020,,no,,data/25Items.bif,0x08400097,C3D14766BFFF457E3C1FC6832B1FB194E5DD208B980AB9EA314819FEA8DF5D6B,0,0,,,,,,no,
DSHLD01,12,SHIELD,shield,4432,D2,yes,,data/Items.bif,0x001001ED,819A99E90A069508B674C9514DA014F436EA0271452D85F5B024523DD902B86F,78,78,0x5000;0x5001;0x5002;0x5003;0x5010;0x5011;0x5012;0x5013;0x5100;0x5101;0x5102;0x5103;0x5110;0x5111;0x5112;0x5113;0x5200;0x5201;0x5202;0x5210;0x5211;0x5212;0x5300;0x5301;0x5302;0x5303;0x5310;0x5311;0x5312;0x5313;0x6000;0x6001;0x6002;0x6003;0x6004;0x6005;0x6010;0x6011;0x6012;0x6013;0x6014;0x6015;0x6100;0x6101;0x6102;0x6103;0x6104;0x6105;0x6110;0x6111;0x6112;0x6113;0x6114;0x6115;0x6200;0x6201;0x6202;0x6204;0x6205;0x6210;0x6211;0x6212;0x6214;0x6215;0x6300;0x6301;0x6302;0x6303;0x6304;0x6305;0x6310;0x6311;0x6312;0x6313;0x6314;0x6315;0x6500;0x6510,WQHD2;WQLD2;WQMD2;WQND2;WQSD2,WQLD2;WQMD2;WQND2;WQSD2,WQHD2,WQLD2;WQMD2;WQND2;WQSD2,no,
DWBLUN01,23,FLAIL,weapon,4630,F0,yes,,data/Items.bif,0x001001EE,533076779D344C836E1A9981F3EACA0EE56C0AF28CC91DDFE65B888F40ED65BE,78,78,0x5000;0x5001;0x5002;0x5003;0x5010;0x5011;0x5012;0x5013;0x5100;0x5101;0x5102;0x5103;0x5110;0x5111;0x5112;0x5113;0x5200;0x5201;0x5202;0x5210;0x5211;0x5212;0x5300;0x5301;0x5302;0x5303;0x5310;0x5311;0x5312;0x5313;0x6000;0x6001;0x6002;0x6003;0x6004;0x6005;0x6010;0x6011;0x6012;0x6013;0x6014;0x6015;0x6100;0x6101;0x6102;0x6103;0x6104;0x6105;0x6110;0x6111;0x6112;0x6113;0x6114;0x6115;0x6200;0x6201;0x6202;0x6204;0x6205;0x6210;0x6211;0x6212;0x6214;0x6215;0x6300;0x6301;0x6302;0x6303;0x6304;0x6305;0x6310;0x6311;0x6312;0x6313;0x6314;0x6315;0x6500;0x6510,WQLF0;WQMF0;WQNF0;WQSF0,WQLF0;WQMF0;WQNF0;WQSF0,,WQLF0;WQMF0;WQNF0;WQSF0,no,
DWBOLT01,31,BOLT,,2020,,no,,data/Items.bif,0x001001EF,A542D974B0899A9C2D20818B6014969F04F017F52930F87C8FC3A35ABCFFAF66,0,0,,,,,,no,
DWBOLT02,31,BOLT,,2020,,no,,data/Items.bif,0x001001F0,002C3F63A037906EFA21BE405D184FBE03174FACBD9723D217CE6EE06201E91D,0,0,,,,,,no,
DWBOLT03,31,BOLT,,2020,,no,,data/Items.bif,0x001001F1,7F4749238B5C7D79395F1EA85B4405230D8654D8FBA1C6A169164B93ABF8C150,0,0,,,,,,no,
DWCHAN01,2,ARMOR,body,3341,3A,yes,3,data/Items.bif,0x001001F2,C1897754B1FE8B0ED30F1D423C7B3342039D1F9CAD86E73FCA7EBB5A3DDB0C69,76,76,0x5000;0x5001;0x5002;0x5003;0x5010;0x5011;0x5012;0x5013;0x5100;0x5101;0x5102;0x5103;0x5110;0x5111;0x5112;0x5113;0x5200;0x5201;0x5202;0x5210;0x5211;0x5212;0x5300;0x5301;0x5302;0x5303;0x5310;0x5311;0x5312;0x5313;0x6000;0x6001;0x6002;0x6003;0x6004;0x6005;0x6010;0x6011;0x6012;0x6013;0x6014;0x6015;0x6100;0x6101;0x6102;0x6103;0x6104;0x6105;0x6110;0x6111;0x6112;0x6113;0x6114;0x6115;0x6200;0x6201;0x6202;0x6204;0x6205;0x6210;0x6211;0x6212;0x6214;0x6215;0x6300;0x6301;0x6302;0x6303;0x6304;0x6305;0x6310;0x6311;0x6312;0x6313;0x6314;0x6315,CDFB3;CDFT3;CDFW3;CDMB3;CDMT3;CDMW3;CEFB3;CEFT3;CEFW3;CEMB3;CEMT3;CEMW3;CHFB3;CHFT3;CHFW3;CHMB3;CHMT3;CHMW3;CIFB3;CIFT3;CIMB3;CIMT3,CDFB3;CDFT3;CDFW3;CDMB3;CDMT3;CDMW3;CEFB3;CEFT3;CEFW3;CEMB3;CEMT3;CEMW3;CHFB3;CHFT3;CHFW3;CHMB3;CHMT3;CHMW3;CIFB3;CIFT3;CIMB3;CIMT3,,CDFB3;CDFT3;CDFW3;CDMB3;CDMT3;CDMW3;CEFB3;CEFT3;CEFW3;CEMB3;CEMT3;CEMW3;CHFB3;CHFT3;CHFW3;CHMB3;CHMT3;CHMW3;CIFB3;CIFT3;CIMB3;CIMT3,no,
DWCHAN02,2,ARMOR,body,3341,3A,yes,3,data/Items.bif,0x001001F3,E424179A811388E955A0B7AF37D7BDAD8361D3D90D94AE2432699845B3186FE0,76,76,0x5000;0x5001;0x5002;0x5003;0x5010;0x5011;0x5012;0x5013;0x5100;0x5101;0x5102;0x5103;0x5110;0x5111;0x5112;0x5113;0x5200;0x5201;0x5202;0x5210;0x5211;0x5212;0x5300;0x5301;0x5302;0x5303;0x5310;0x5311;0x5312;0x5313;0x6000;0x6001;0x6002;0x6003;0x6004;0x6005;0x6010;0x6011;0x6012;0x6013;0x6014;0x6015;0x6100;0x6101;0x6102;0x6103;0x6104;0x6105;0x6110;0x6111;0x6112;0x6113;0x6114;0x6115;0x6200;0x6201;0x6202;0x6204;0x6205;0x6210;0x6211;0x6212;0x6214;0x6215;0x6300;0x6301;0x6302;0x6303;0x6304;0x6305;0x6310;0x6311;0x6312;0x6313;0x6314;0x6315,CDFB3;CDFT3;CDFW3;CDMB3;CDMT3;CDMW3;CEFB3;CEFT3;CEFW3;CEMB3;CEMT3;CEMW3;CHFB3;CHFT3;CHFW3;CHMB3;CHMT3;CHMW3;CIFB3;CIFT3;CIMB3;CIMT3,CDFB3;CDFT3;CDFW3;CDMB3;CDMT3;CDMW3;CEFB3;CEFT3;CEFW3;CEMB3;CEMT3;CEMW3;CHFB3;CHFT3;CHFW3;CHMB3;CHMT3;CHMW3;CIFB3;CIFT3;CIMB3;CIMT3,,CDFB3;CDFT3;CDFW3;CDMB3;CDMT3;CDMW3;CEFB3;CEFT3;CEFW3;CEMB3;CEMT3;CEMW3;CHFB3;CHFT3;CHFW3;CHMB3;CHMT3;CHMW3;CIFB3;CIFT3;CIMB3;CIMT3,no,
DWCLCK01,32,CLOAK,,2020,,no,,data/Items.bif,0x001001F4,1870EDC59637E00CA75FDB69943DCF208533FD1F3E923AF61A3B113A7890E22F,0,0,,,,,,no,
DWDUST,0,MISC,,2020,,no,,data/Items.bif,0x001001F5,3D141FDBB2CF09524E61A681BDA5C06C5B3ED2C1770C45F13170FE7E0CA2137C,0,0,,,,,,no,
DWHALB01,30,POLEARM,weapon,4842,HB,yes,,data/Items.bif,0x001001F6,6BBAFA3C9AD7200FD849613E7EC607F83432787217D2613EC5D9EDC6CA8C5D85,78,78,0x5000;0x5001;0x5002;0x5003;0x5010;0x5011;0x5012;0x5013;0x5100;0x5101;0x5102;0x5103;0x5110;0x5111;0x5112;0x5113;0x5200;0x5201;0x5202;0x5210;0x5211;0x5212;0x5300;0x5301;0x5302;0x5303;0x5310;0x5311;0x5312;0x5313;0x6000;0x6001;0x6002;0x6003;0x6004;0x6005;0x6010;0x6011;0x6012;0x6013;0x6014;0x6015;0x6100;0x6101;0x6102;0x6103;0x6104;0x6105;0x6110;0x6111;0x6112;0x6113;0x6114;0x6115;0x6200;0x6201;0x6202;0x6204;0x6205;0x6210;0x6211;0x6212;0x6214;0x6215;0x6300;0x6301;0x6302;0x6303;0x6304;0x6305;0x6310;0x6311;0x6312;0x6313;0x6314;0x6315;0x6500;0x6510,WQLHB;WQMHB;WQNHB;WQSHB,WQLHB;WQMHB;WQNHB;WQSHB,,WQLHB;WQMHB;WQNHB;WQSHB,no,
DWPLAT01,2,ARMOR,body,3441,4A,yes,4,data/Items.bif,0x001001F7,6E5E823E9FEC5C4423FABA64C4B63F083A2B3C32BD45E30AC5A2957EB04EA6BC,76,76,0x5000;0x5001;0x5002;0x5003;0x5010;0x5011;0x5012;0x5013;0x5100;0x5101;0x5102;0x5103;0x5110;0x5111;0x5112;0x5113;0x5200;0x5201;0x5202;0x5210;0x5211;0x5212;0x5300;0x5301;0x5302;0x5303;0x5310;0x5311;0x5312;0x5313;0x6000;0x6001;0x6002;0x6003;0x6004;0x6005;0x6010;0x6011;0x6012;0x6013;0x6014;0x6015;0x6100;0x6101;0x6102;0x6103;0x6104;0x6105;0x6110;0x6111;0x6112;0x6113;0x6114;0x6115;0x6200;0x6201;0x6202;0x6204;0x6205;0x6210;0x6211;0x6212;0x6214;0x6215;0x6300;0x6301;0x6302;0x6303;0x6304;0x6305;0x6310;0x6311;0x6312;0x6313;0x6314;0x6315,CDFC4;CDFF4;CDFT4;CDFW4;CDMC4;CDMF4;CDMT4;CDMW4;CEFC4;CEFF4;CEFT4;CEFW4;CEMC4;CEMF4;CEMT4;CEMW4;CHFC4;CHFF4;CHFT4;CHFW4;CHMC4;CHMF4;CHMT4;CHMW4;CIFC4;CIFF4;CIFT4;CIMC4;CIMF4;CIMT4,CDFC4;CDFF4;CDFT4;CDFW4;CDMC4;CDMF4;CDMT4;CDMW4;CEFC4;CEFF4;CEFT4;CEFW4;CEMC4;CEMF4;CEMT4;CEMW4;CHFC4;CHFF4;CHFT4;CHFW4;CHMC4;CHMF4;CHMT4;CHMW4;CIFC4;CIFF4;CIFT4;CIMC4;CIMF4;CIMT4,,CDFC4;CDFF4;CDFT4;CDFW4;CDMC4;CDMF4;CDMT4;CDMW4;CEFC4;CEFF4;CEFT4;CEFW4;CEMC4;CEMF4;CEMT4;CEMW4;CHFC4;CHFF4;CHFT4;CHFW4;CHMC4;CHMF4;CHMT4;CHMW4;CIFC4;CIFF4;CIFT4;CIMC4;CIMF4;CIMT4,no,
DWSHLD01,12,SHIELD,shield,4337,C7,yes,,data/Items.bif,0x001001F8,57DA8C6D6421E6944B60F0EB7E317665C1664616458AB857A61241E8222B5D10,78,78,0x5000;0x5001;0x5002;0x5003;0x5010;0x5011;0x5012;0x5013;0x5100;0x5101;0x5102;0x5103;0x5110;0x5111;0x5112;0x5113;0x5200;0x5201;0x5202;0x5210;0x5211;0x5212;0x5300;0x5301;0x5302;0x5303;0x5310;0x5311;0x5312;0x5313;0x6000;0x6001;0x6002;0x6003;0x6004;0x6005;0x6010;0x6011;0x6012;0x6013;0x6014;0x6015;0x6100;0x6101;0x6102;0x6103;0x6104;0x6105;0x6110;0x6111;0x6112;0x6113;0x6114;0x6115;0x6200;0x6201;0x6202;0x6204;0x6205;0x6210;0x6211;0x6212;0x6214;0x6215;0x6300;0x6301;0x6302;0x6303;0x6304;0x6305;0x6310;0x6311;0x6312;0x6313;0x6314;0x6315;0x6500;0x6510,WQHC7;WQLC7;WQMC7;WQNC7;WQSC7,WQLC7;WQMC7;WQNC7;WQSC7,WQHC7,WQLC7;WQMC7;WQNC7;WQSC7,no,
DWSPER01,29,SPEAR,weapon,5350,SP,yes,,data/Items.bif,0x001001F9,5C88B661146D56B66769BED186677CA1D3C6454601C7B3D4F54EE5D7DF2E0209,78,78,0x5000;0x5001;0x5002;0x5003;0x5010;0x5011;0x5012;0x5013;0x5100;0x5101;0x5102;0x5103;0x5110;0x5111;0x5112;0x5113;0x5200;0x5201;0x5202;0x5210;0x5211;0x5212;0x5300;0x5301;0x5302;0x5303;0x5310;0x5311;0x5312;0x5313;0x6000;0x6001;0x6002;0x6003;0x6004;0x6005;0x6010;0x6011;0x6012;0x6013;0x6014;0x6015;0x6100;0x6101;0x6102;0x6103;0x6104;0x6105;0x6110;0x6111;0x6112;0x6113;0x6114;0x6115;0x6200;0x6201;0x6202;0x6204;0x6205;0x6210;0x6211;0x6212;0x6214;0x6215;0x6300;0x6301;0x6302;0x6303;0x6304;0x6305;0x6310;0x6311;0x6312;0x6313;0x6314;0x6315;0x6500;0x6510,WQLSP;WQMSP;WQNSP;WQSSP,WQLSP;WQMSP;WQNSP;WQSSP,,WQLSP;WQMSP;WQNSP;WQSSP,no,
DWSW1H01,20,BGSWORD,weapon,5343,SC,yes,,data/Items.bif,0x001001FA,4C55958BA5B7F4E89CE8EAD71425242A10967C2115A8E07B0CCBEE7979D555F1,78,78,0x5000;0x5001;0x5002;0x5003;0x5010;0x5011;0x5012;0x5013;0x5100;0x5101;0x5102;0x5103;0x5110;0x5111;0x5112;0x5113;0x5200;0x5201;0x5202;0x5210;0x5211;0x5212;0x5300;0x5301;0x5302;0x5303;0x5310;0x5311;0x5312;0x5313;0x6000;0x6001;0x6002;0x6003;0x6004;0x6005;0x6010;0x6011;0x6012;0x6013;0x6014;0x6015;0x6100;0x6101;0x6102;0x6103;0x6104;0x6105;0x6110;0x6111;0x6112;0x6113;0x6114;0x6115;0x6200;0x6201;0x6202;0x6204;0x6205;0x6210;0x6211;0x6212;0x6214;0x6215;0x6300;0x6301;0x6302;0x6303;0x6304;0x6305;0x6310;0x6311;0x6312;0x6313;0x6314;0x6315;0x6500;0x6510,WQLSC;WQMSC;WQNSC;WQSSC,WQLSC;WQMSC;WQNSC;WQSSC,,WQLSC;WQMSC;WQNSC;WQSSC,no,
DWSW1H02,20,BGSWORD,weapon,5331,S1,yes,,data/Items.bif,0x001001FB,D456DCCFE294FBF6A69E39E39A4F8581C9CE31531D75B35E94912E21A6AF3C06,78,78,0x5000;0x5001;0x5002;0x5003;0x5010;0x5011;0x5012;0x5013;0x5100;0x5101;0x5102;0x5103;0x5110;0x5111;0x5112;0x5113;0x5200;0x5201;0x5202;0x5210;0x5211;0x5212;0x5300;0x5301;0x5302;0x5303;0x5310;0x5311;0x5312;0x5313;0x6000;0x6001;0x6002;0x6003;0x6004;0x6005;0x6010;0x6011;0x6012;0x6013;0x6014;0x6015;0x6100;0x6101;0x6102;0x6103;0x6104;0x6105;0x6110;0x6111;0x6112;0x6113;0x6114;0x6115;0x6200;0x6201;0x6202;0x6204;0x6205;0x6210;0x6211;0x6212;0x6214;0x6215;0x6300;0x6301;0x6302;0x6303;0x6304;0x6305;0x6310;0x6311;0x6312;0x6313;0x6314;0x6315;0x6500;0x6510,WQLS1;WQMS1;WQNS1;WQSS1,WQLS1;WQMS1;WQNS1;WQSS1,,WQLS1;WQMS1;WQNS1;WQSS1,no,
DWWHIP,0,MISC,,464C,FL,yes,,data/Items.bif,0x001001FC,F10A4454DF51CAC9E99CAE41C0B65A317BBB8D8D464C85DCE686C1FD3DA0E5AF,0,0,,,,,,no,
DWWHIP01,0,MISC,,464C,FL,yes,,data/Items.bif,0x001001FD,F10A4454DF51CAC9E99CAE41C0B65A317BBB8D8D464C85DCE686C1FD3DA0E5AF,0,0,,,,,,no,
DWXBOW01,27,XBOW,weapon,4342,CB,yes,,data/Items.bif,0x001001FE,991224CF75FCC5BCCDA7BD72D7A7E6033CE56C14349DCBEA6C8D459B6FB8CF1C,78,78,0x5000;0x5001;0x5002;0x5003;0x5010;0x5011;0x5012;0x5013;0x5100;0x5101;0x5102;0x5103;0x5110;0x5111;0x5112;0x5113;0x5200;0x5201;0x5202;0x5210;0x5211;0x5212;0x5300;0x5301;0x5302;0x5303;0x5310;0x5311;0x5312;0x5313;0x6000;0x6001;0x6002;0x6003;0x6004;0x6005;0x6010;0x6011;0x6012;0x6013;0x6014;0x6015;0x6100;0x6101;0x6102;0x6103;0x6104;0x6105;0x6110;0x6111;0x6112;0x6113;0x6114;0x6115;0x6200;0x6201;0x6202;0x6204;0x6205;0x6210;0x6211;0x6212;0x6214;0x6215;0x6300;0x6301;0x6302;0x6303;0x6304;0x6305;0x6310;0x6311;0x6312;0x6313;0x6314;0x6315;0x6500;0x6510,WQLCB;WQMCB;WQNCB;WQSCB,WQLCB;WQMCB;WQNCB;WQSCB,,WQLCB;WQMCB;WQNCB;WQSCB,no,
EARTHRN,0,MISC,,2020,,no,,data/Items.bif,0x001001FF,897D8DF1CB65289FD45E2E3E30991889DAAE9F55B8E3F9295C3E34D4EA2608B0,0,0,,,,,,no,
EDWINKEY,0,MISC,,2020,,no,,data/Items.bif,0x00100200,2CE95328DE9F8A3220E34571CC90565E463AAB8A4EBB6617895820884E0FA0B6,0,0,,,,,,no,
ELAIR,0,MISC,,2020,,no,,data/Items.bif,0x00100201,1ABB10840180325CFB1E8C03476E20EE44C01F5A710BF9FF30076FF6CE951E98,0,0,,,,,,no,
ELAIRL,0,MISC,,2020,,no,,data/Items.bif,0x00100202,7A0E030CC7B80D2A5670545A9DB123068854605264DDDE59183988E84D58C6D3,0,0,,,,,,no,
ELEAR,0,MISC,,2020,,no,,data/Items.bif,0x00100203,E67223CE8EAB687DCF820023221DC4BCC09C7DF95A2D1B189D6DD29EF807CC7A,0,0,,,,,,no,
ELEARL,0,MISC,,2020,,no,,data/Items.bif,0x00100204,19F14678CD761D050D261DB07F3AFD24679C9A302C24A72D23B1B9E82B1B9442,0,0,,,,,,no,
ELEMCHAN,0,MISC,,2020,,no,,data/25Items.bif,0x08400098,1D18FCB117FC59B7472B7765578632154DA2C0B7405388C6ECC56A5FAA260411,0,0,,,,,,no,
ELEMCRYO,0,MISC,,2020,,no,,data/25Items.bif,0x08400099,5A4F8CDD0A6312C971F672A59970662C7A53E92E77780538B9BCFF3FB863E1FF,0,0,,,,,,no,
ELEMHYDR,0,MISC,,2020,,no,,data/25Items.bif,0x0840009A,42965869D99EE93687554B80DFF30AE0D140EA3B346E13B2FE0FF93AADE53991,0,0,,,,,,no,
ELEMIMIX,0,MISC,,2020,,no,,data/25Items.bif,0x0840009B,7AEC783DD0CE34FA8598E6C270B6C472F661E9D68CC2A3EF85878F7CF7C32137,0,0,,,,,,no,
ELEMOGRE,0,MISC,,2020,,no,,data/25Items.bif,0x0840009C,E994ED0064E83E055652728E528CE619ADE6DEAA2FA87C3DFDDB25D8A52F9815,0,0,,,,,,no,
ELEMPRIN,10,RING,,2020,,no,,data/25Items.bif,0x0840009D,3D2D2B1BAD9C38216BACF9CA70FA4D475EF7973B25CA5B9A79F80922EB9F92BA,0,0,,,,,,no,
ELEMSUNN,0,MISC,,2020,,no,,data/25Items.bif,0x0840009E,0C6252C848327CF4439CBAA56A19C3431437E2E43A63410FDA3AB1E30A57FCE6,0,0,,,,,,no,
ELEMYANC,0,MISC,,2020,,no,,data/25Items.bif,0x0840009F,1D18FCB117FC59B7472B7765578632154DA2C0B7405388C6ECC56A5FAA260411,0,0,,,,,,no,
ELEMZAAM,0,MISC,,2020,,no,,data/25Items.bif,0x084000A0,3F2407A6451EFA1F00548184FA9FE7D272E1B39AB9A7ED50173FD7D3FD25BCAF,0,0,,,,,,no,
ELFHELM,7,HELMET,helmet,4832,H2,yes,,data/25Items.bif,0x084000A1,671C780F24FF8C496C2D5305EFA299B7120747A1D4A412CD4B31892D907E92F5,78,78,0x5000;0x5001;0x5002;0x5003;0x5010;0x5011;0x5012;0x5013;0x5100;0x5101;0x5102;0x5103;0x5110;0x5111;0x5112;0x5113;0x5200;0x5201;0x5202;0x5210;0x5211;0x5212;0x5300;0x5301;0x5302;0x5303;0x5310;0x5311;0x5312;0x5313;0x6000;0x6001;0x6002;0x6003;0x6004;0x6005;0x6010;0x6011;0x6012;0x6013;0x6014;0x6015;0x6100;0x6101;0x6102;0x6103;0x6104;0x6105;0x6110;0x6111;0x6112;0x6113;0x6114;0x6115;0x6200;0x6201;0x6202;0x6204;0x6205;0x6210;0x6211;0x6212;0x6214;0x6215;0x6300;0x6301;0x6302;0x6303;0x6304;0x6305;0x6310;0x6311;0x6312;0x6313;0x6314;0x6315;0x6500;0x6510,WQLH2;WQMH2;WQNH2;WQSH2,WQLH2;WQMH2;WQNH2;WQSH2,,WQLH2;WQMH2;WQNH2;WQSH2,no,
ENEBLADE,24,DART,weapon,2020,,no,,data/25Items.bif,0x084000A2,F231996FA75A900982C09CC4B68CF9CFC0DD39F83427F2009751F05927E02E74,0,0,,,,,,no,no-compatible-character-family;visual-animation-code-invalid
ENMACE,17,MACE,weapon,4D43,MC,yes,,data/Items.bif,0x00100205,73D207CB5CAD7A38BE7172360D5159FEDED502857E224CD9CE215EB733B0A848,78,78,0x5000;0x5001;0x5002;0x5003;0x5010;0x5011;0x5012;0x5013;0x5100;0x5101;0x5102;0x5103;0x5110;0x5111;0x5112;0x5113;0x5200;0x5201;0x5202;0x5210;0x5211;0x5212;0x5300;0x5301;0x5302;0x5303;0x5310;0x5311;0x5312;0x5313;0x6000;0x6001;0x6002;0x6003;0x6004;0x6005;0x6010;0x6011;0x6012;0x6013;0x6014;0x6015;0x6100;0x6101;0x6102;0x6103;0x6104;0x6105;0x6110;0x6111;0x6112;0x6113;0x6114;0x6115;0x6200;0x6201;0x6202;0x6204;0x6205;0x6210;0x6211;0x6212;0x6214;0x6215;0x6300;0x6301;0x6302;0x6303;0x6304;0x6305;0x6310;0x6311;0x6312;0x6313;0x6314;0x6315;0x6500;0x6510,WQLMC;WQMMC;WQNMC;WQSMC,WQLMC;WQMMC;WQNMC;WQSMC,,WQLMC;WQMMC;WQNMC;WQSMC,no,
ENMORN,22,MSTAR,weapon,4D43,MC,yes,,data/Items.bif,0x00100206,643FA82FC2C68BC92B7474E14C897726B59CFC0171B0C61270D0392C1AA7B5A2,78,78,0x5000;0x5001;0x5002;0x5003;0x5010;0x5011;0x5012;0x5013;0x5100;0x5101;0x5102;0x5103;0x5110;0x5111;0x5112;0x5113;0x5200;0x5201;0x5202;0x5210;0x5211;0x5212;0x5300;0x5301;0x5302;0x5303;0x5310;0x5311;0x5312;0x5313;0x6000;0x6001;0x6002;0x6003;0x6004;0x6005;0x6010;0x6011;0x6012;0x6013;0x6014;0x6015;0x6100;0x6101;0x6102;0x6103;0x6104;0x6105;0x6110;0x6111;0x6112;0x6113;0x6114;0x6115;0x6200;0x6201;0x6202;0x6204;0x6205;0x6210;0x6211;0x6212;0x6214;0x6215;0x6300;0x6301;0x6302;0x6303;0x6304;0x6305;0x6310;0x6311;0x6312;0x6313;0x6314;0x6315;0x6500;0x6510,WQLMC;WQMMC;WQNMC;WQSMC,WQLMC;WQMMC;WQNMC;WQSMC,,WQLMC;WQMMC;WQNMC;WQSMC,no,
ENSTAFF,26,STAFF,weapon,5153,QS,yes,,data/Items.bif,0x00100207,B32E81F19161AA186617D75A0F4670C3720DE4479386B7F925BCB29B030261FD,78,78,0x5000;0x5001;0x5002;0x5003;0x5010;0x5011;0x5012;0x5013;0x5100;0x5101;0x5102;0x5103;0x5110;0x5111;0x5112;0x5113;0x5200;0x5201;0x5202;0x5210;0x5211;0x5212;0x5300;0x5301;0x5302;0x5303;0x5310;0x5311;0x5312;0x5313;0x6000;0x6001;0x6002;0x6003;0x6004;0x6005;0x6010;0x6011;0x6012;0x6013;0x6014;0x6015;0x6100;0x6101;0x6102;0x6103;0x6104;0x6105;0x6110;0x6111;0x6112;0x6113;0x6114;0x6115;0x6200;0x6201;0x6202;0x6204;0x6205;0x6210;0x6211;0x6212;0x6214;0x6215;0x6300;0x6301;0x6302;0x6303;0x6304;0x6305;0x6310;0x6311;0x6312;0x6313;0x6314;0x6315;0x6500;0x6510,WQLQS;WQMQS;WQNQS;WQSQS,WQLQS;WQMQS;WQNQS;WQSQS,,WQLQS;WQMQS;WQNQS;WQSQS,no,
ENSW1H01,20,BGSWORD,weapon,5331,S1,yes,,data/Items.bif,0x00100208,79A33D11121DDA0D9E5125E5CA40FDC67EC0E38B7F4ACE60918A73639CE1C63D,78,78,0x5000;0x5001;0x5002;0x5003;0x5010;0x5011;0x5012;0x5013;0x5100;0x5101;0x5102;0x5103;0x5110;0x5111;0x5112;0x5113;0x5200;0x5201;0x5202;0x5210;0x5211;0x5212;0x5300;0x5301;0x5302;0x5303;0x5310;0x5311;0x5312;0x5313;0x6000;0x6001;0x6002;0x6003;0x6004;0x6005;0x6010;0x6011;0x6012;0x6013;0x6014;0x6015;0x6100;0x6101;0x6102;0x6103;0x6104;0x6105;0x6110;0x6111;0x6112;0x6113;0x6114;0x6115;0x6200;0x6201;0x6202;0x6204;0x6205;0x6210;0x6211;0x6212;0x6214;0x6215;0x6300;0x6301;0x6302;0x6303;0x6304;0x6305;0x6310;0x6311;0x6312;0x6313;0x6314;0x6315;0x6500;0x6510,WQLS1;WQMS1;WQNS1;WQSS1,WQLS1;WQMS1;WQNS1;WQSS1,,WQLS1;WQMS1;WQNS1;WQSS1,no,
ENSW1H02,19,SMSWORD,weapon,5353,SS,yes,,data/Items.bif,0x00100209,EAC10E1A656F63E8837390B6A2E80F4FA88598CE7B3D49F53AF9CD727BCCC18B,78,78,0x5000;0x5001;0x5002;0x5003;0x5010;0x5011;0x5012;0x5013;0x5100;0x5101;0x5102;0x5103;0x5110;0x5111;0x5112;0x5113;0x5200;0x5201;0x5202;0x5210;0x5211;0x5212;0x5300;0x5301;0x5302;0x5303;0x5310;0x5311;0x5312;0x5313;0x6000;0x6001;0x6002;0x6003;0x6004;0x6005;0x6010;0x6011;0x6012;0x6013;0x6014;0x6015;0x6100;0x6101;0x6102;0x6103;0x6104;0x6105;0x6110;0x6111;0x6112;0x6113;0x6114;0x6115;0x6200;0x6201;0x6202;0x6204;0x6205;0x6210;0x6211;0x6212;0x6214;0x6215;0x6300;0x6301;0x6302;0x6303;0x6304;0x6305;0x6310;0x6311;0x6312;0x6313;0x6314;0x6315;0x6500;0x6510,WQLSS;WQMSS;WQNSS;WQSSS,WQLSS;WQMSS;WQNSS;WQSSS,,WQLSS;WQMSS;WQNSS;WQSSS,no,
ENSW2H,25,AXE,weapon,4158,AX,yes,,data/Items.bif,0x0010020A,0BDD6EE3B495B286B9A2795EFEF2A3C1E938E835BB5A56911B7687A0AB7D6C67,78,78,0x5000;0x5001;0x5002;0x5003;0x5010;0x5011;0x5012;0x5013;0x5100;0x5101;0x5102;0x5103;0x5110;0x5111;0x5112;0x5113;0x5200;0x5201;0x5202;0x5210;0x5211;0x5212;0x5300;0x5301;0x5302;0x5303;0x5310;0x5311;0x5312;0x5313;0x6000;0x6001;0x6002;0x6003;0x6004;0x6005;0x6010;0x6011;0x6012;0x6013;0x6014;0x6015;0x6100;0x6101;0x6102;0x6103;0x6104;0x6105;0x6110;0x6111;0x6112;0x6113;0x6114;0x6115;0x6200;0x6201;0x6202;0x6204;0x6205;0x6210;0x6211;0x6212;0x6214;0x6215;0x6300;0x6301;0x6302;0x6303;0x6304;0x6305;0x6310;0x6311;0x6312;0x6313;0x6314;0x6315;0x6500;0x6510,WQLAX;WQMAX;WQNAX;WQSAX,WQLAX;WQMAX;WQNAX;WQSAX,,WQLAX;WQMAX;WQNAX;WQSAX,no,
ETTERC,28,FIST,weapon,2020,,no,,data/Items.bif,0x0010020B,55BB009308FA964B641BCD4A259F8F6C11EC5BB2790B8A31D772E2CAE3A7418D,0,0,,,,,,no,no-compatible-character-family;visual-animation-code-invalid
ETTERC1,0,MISC,,2020,,no,,data/Items.bif,0x0010020C,33E5D4B5C51D74051C7C85ED53779ECB5F2CAD8FEB503EE8967ABBE6C48DFA86,0,0,,,,,,no,
ETTERC2,0,MISC,,2020,,no,,data/Items.bif,0x0010020D,4909A609FD1EAA9771221850B9299D124B94018532192A524AE769650A35E935,0,0,,,,,,no,
ETTIN,0,MISC,,2020,,no,,data/Items.bif,0x0010020E,ADF5E5591EEFB66F2DF893A46E9AB8D7B870E2850455FB6F6D99824D3264938C,0,0,,,,,,no,
EYEGOR01,0,MISC,,2020,,no,,data/25Items.bif,0x084000A3,5FCFAF40C5F110FB45DD13F86D96FD0AE2408D4D251491F9014F1721A5580BFD,0,0,,,,,,no,
FAMCAT,38,,,2020,,no,,data/Items.bif,0x0010020F,A15FB7E71EDF36EADA495EF6D35DE330B8B558D0B678AC410544208AC9D323BF,0,0,,,,,,no,
FAMCAT25,38,,,2020,,no,,data/25Items.bif,0x084000A4,3F2BA0A29D22758E2A0450B05962980132195BB2B8EC1ABDA071D2D9C4DB9814,0,0,,,,,,no,
FAMDUS25,38,,,2020,,no,,data/25Items.bif,0x084000A5,54FCEB45552551CCDAC34DE358FFB1C993CEF09879A07DB65052D55761E75D5C,0,0,,,,,,no,
FAMDUST,38,,,2020,,no,,data/Items.bif,0x00100210,95A730EF962450B2697568FE238945B6B3FB33FBEBA2C75D67AF68A89326C219,0,0,,,,,,no,
FAMFAI25,38,,,2020,,no,,data/25Items.bif,0x084000A6,03F1AF8189F47B719DE17C94DEF0378596A51E107CAC4A3F5C9EC60FCCD7B023,0,0,,,,,,no,
FAMFAIR,38,,,2020,,no,,data/Items.bif,0x00100211,FE9373DD8C9DDB6C4EE3F65DA5C60632CF3ABC82439C0F2592E5BAE364050D8A,0,0,,,,,,no,
FAMFER,38,,,2020,,no,,data/Items.bif,0x00100212,948406DFA7A700EC118458CC15BD8918E7CFDEAA4B6CF0C3F0CEA7D3B3FDDE7C,0,0,,,,,,no,
FAMFER25,38,,,2020,,no,,data/25Items.bif,0x084000A7,61186032D7D96AE543E6AD03D777BA59A2F7891FBE6368DCC482AFED1943C982,0,0,,,,,,no,
FAMIMP,38,,,2020,,no,,data/Items.bif,0x00100213,8097AFB31A397726AAB0FA88C098F8C4400747BAF230812B83F9879DD07EB0C9,0,0,,,,,,no,
FAMIMP25,38,,,2020,,no,,data/25Items.bif,0x084000A8,1572C533756216672E205A79BF2DF1E11AB1D11E682EDE9A41C18984A9CC0D2D,0,0,,,,,,no,
FAMMY,10,RING,,2020,,no,,data/Items.bif,0x00100214,F57EE0D0B7AE509E33CF487F08462A535A271E779A92D15A8C5667A49D0D9F37,0,0,,,,,,no,
FAMPSD,38,,,2020,,no,,data/Items.bif,0x00100215,5E46ABDAA88579200922D5BA7D15E8EB1BC0302E01D6F601B78AC5C8E91C942E,0,0,,,,,,no,
FAMPSD25,38,,,2020,,no,,data/25Items.bif,0x084000A9,811BB30864909F75BDD6250F36FB670A9A0CAE7309182D6C5D0EA50943EB04BF,0,0,,,,,,no,
FAMPSDAT,0,MISC,,2020,,no,,data/Items.bif,0x00100216,3CBCC80093CC8D4F67C20B4D2BF66117BC16313AF138E377E91E422F04CF5F79,0,0,,,,,,no,
FAMQUA25,38,,,2020,,no,,data/25Items.bif,0x084000AA,584DE3036D41C3342053A7E53003A1594E9E1708C9C970FBCB29222A30CD9012,0,0,,,,,,no,
FAMQUAS,38,,,2020,,no,,data/Items.bif,0x00100217,5AA2FE32F6DE791C91042D49BD40EC7C0C03E5C798A3B9EBBA79EC6DFD15791E,0,0,,,,,,no,
FAMRAB,38,,,2020,,no,,data/Items.bif,0x00100218,DADC508713C31724717F6FAB7D58DF6BCDE797108C073959FE0EA83494A344D1,0,0,,,,,,no,
FAMRAB25,38,,,2020,,no,,data/25Items.bif,0x084000AB,D38DFF2EB4A4F71C857E038D914B530F9A1E217B1BBC2751210305B0E95DCD68,0,0,,,,,,no,
FBLADE,19,SMSWORD,weapon,4653,FS,yes,,data/Items.bif,0x00100219,32E6AAC277330FB80A2C448344F1C30175D34FD5942B3922697A733EB43A8837,78,78,0x5000;0x5001;0x5002;0x5003;0x5010;0x5011;0x5012;0x5013;0x5100;0x5101;0x5102;0x5103;0x5110;0x5111;0x5112;0x5113;0x5200;0x5201;0x5202;0x5210;0x5211;0x5212;0x5300;0x5301;0x5302;0x5303;0x5310;0x5311;0x5312;0x5313;0x6000;0x6001;0x6002;0x6003;0x6004;0x6005;0x6010;0x6011;0x6012;0x6013;0x6014;0x6015;0x6100;0x6101;0x6102;0x6103;0x6104;0x6105;0x6110;0x6111;0x6112;0x6113;0x6114;0x6115;0x6200;0x6201;0x6202;0x6204;0x6205;0x6210;0x6211;0x6212;0x6214;0x6215;0x6300;0x6301;0x6302;0x6303;0x6304;0x6305;0x6310;0x6311;0x6312;0x6313;0x6314;0x6315;0x6500;0x6510,WQLFS;WQMFS;WQNFS;WQSFS,WQLFS;WQMFS;WQNFS;WQSFS,,WQLFS;WQMFS;WQNFS;WQSFS,no,
FIGRING,10,RING,,2020,,no,,data/Items.bif,0x0010021A,78174F428DC1254FD5D767BF78FD2007DD9B008461151E2EECB5C354FE2F2519,0,0,,,,,,no,
FIGRING1,10,RING,,2020,,no,,data/Items.bif,0x0010021B,89AB07F3C0E6B77E4AE119DCC5E2ECF1766B327599BC9F6AE69FB97B9A9CC1AD,0,0,,,,,,no,
FIGRING2,10,RING,,2020,,no,,data/Items.bif,0x0010021C,FF08F07C2F5D85090CDE4EB4D8F60B705A19FA267FF0D6545C7993BB192AED16,0,0,,,,,,no,
FIGRING3,10,RING,,2020,,no,,data/Items.bif,0x0010021D,D31B7F3F23A97F7FE19C87E141E211842551D19B43B43E1C42EDF7128DA06533,0,0,,,,,,no,
FIGSPID,0,MISC,,2020,,no,,data/Items.bif,0x0010021E,32982EE799B0F75A4D3B5FE1C55C5490CD2F0891B7431A3D5C5CD607D0018C63,0,0,,,,,,no,
FIGURE01,0,MISC,,2020,,no,,data/25Items.bif,0x084000AC,1C92E177199A9B781D4D56487430A0CC930E309456A83065229FDF074D499F93,0,0,,,,,,no,
FINMEL01,1,AMULET,,2020,,no,,data/25Items.bif,0x084000AD,D574EFF2AB921739B43EB0F50BD1320CCCA51091C72B53AE12F5B9241C6F9DE0,0,0,,,,,,no,
FINSOL01,15,BOW,weapon,4257,BW,yes,,data/25Items.bif,0x084000AE,AA9EECBC54ABB44A1A6CCBAD0402D59163053986B6795694AE6342BD8B74677C,78,78,0x5000;0x5001;0x5002;0x5003;0x5010;0x5011;0x5012;0x5013;0x5100;0x5101;0x5102;0x5103;0x5110;0x5111;0x5112;0x5113;0x5200;0x5201;0x5202;0x5210;0x5211;0x5212;0x5300;0x5301;0x5302;0x5303;0x5310;0x5311;0x5312;0x5313;0x6000;0x6001;0x6002;0x6003;0x6004;0x6005;0x6010;0x6011;0x6012;0x6013;0x6014;0x6015;0x6100;0x6101;0x6102;0x6103;0x6104;0x6105;0x6110;0x6111;0x6112;0x6113;0x6114;0x6115;0x6200;0x6201;0x6202;0x6204;0x6205;0x6210;0x6211;0x6212;0x6214;0x6215;0x6300;0x6301;0x6302;0x6303;0x6304;0x6305;0x6310;0x6311;0x6312;0x6313;0x6314;0x6315;0x6500;0x6510,WQLBW;WQMBW;WQNBW;WQSBW,WQLBW;WQMBW;WQNBW;WQSBW,,WQLBW;WQMBW;WQNBW;WQSBW,no,
FINSOL02,19,SMSWORD,weapon,5331,S1,yes,,data/25Items.bif,0x084000AF,8B72692BA847417CABE47C94A15AACB7DCD83075C9E20C4AC7935748362B4BC5,78,78,0x5000;0x5001;0x5002;0x5003;0x5010;0x5011;0x5012;0x5013;0x5100;0x5101;0x5102;0x5103;0x5110;0x5111;0x5112;0x5113;0x5200;0x5201;0x5202;0x5210;0x5211;0x5212;0x5300;0x5301;0x5302;0x5303;0x5310;0x5311;0x5312;0x5313;0x6000;0x6001;0x6002;0x6003;0x6004;0x6005;0x6010;0x6011;0x6012;0x6013;0x6014;0x6015;0x6100;0x6101;0x6102;0x6103;0x6104;0x6105;0x6110;0x6111;0x6112;0x6113;0x6114;0x6115;0x6200;0x6201;0x6202;0x6204;0x6205;0x6210;0x6211;0x6212;0x6214;0x6215;0x6300;0x6301;0x6302;0x6303;0x6304;0x6305;0x6310;0x6311;0x6312;0x6313;0x6314;0x6315;0x6500;0x6510,WQLS1;WQMS1;WQNS1;WQSS1,WQLS1;WQMS1;WQNS1;WQSS1,,WQLS1;WQMS1;WQNS1;WQSS1,no,
FIREELEL,0,MISC,,2020,,no,,data/Items.bif,0x0010021F,9006F2B9CABF126A5C06DB06D6203020ADE4C4373D9D6E45ED0D8F85FDB06266,0,0,,,,,,no,
FIREELEM,0,MISC,,2020,,no,,data/Items.bif,0x00100220,1FB1314D5A8618DA01338296B64875C33A73B8E1CFA7BDDA50F7098C2D9DA2BA,0,0,,,,,,no,
FIRERING,10,RING,,2020,,no,,data/Items.bif,0x00100221,220AD8BBBE4785FCADF580874A157335CB8187930E1FA1D661A1C75639D7C013,0,0,,,,,,no,
FIRERN,0,MISC,,2020,,no,,data/Items.bif,0x00100222,F2C22598210958F9C313145B111B661E14BEE06194498E972CD814CA91DEB004,0,0,,,,,,no,
FIRESEED,24,DART,weapon,2020,,no,,data/Items.bif,0x00100223,9AF47199EA40D29C5E2541AA17018B3C946AC7811FBC7DCC7F5D99DF03E27B05,0,0,,,,,,no,no-compatible-character-family;visual-animation-code-invalid
FIST,28,FIST,weapon,2020,,no,,data/Items.bif,0x00100224,E0AF5B2538323E77C54743ACD9A6F86FC9951C57B4C164F54E9E792A03E042BD,0,0,,,,,,no,no-compatible-character-family;visual-animation-code-invalid
FLAM01,31,BOLT,,2020,,no,,data/Items.bif,0x00100225,E970B762043FDB0555DD5EADD49D976BB3D54CF8242E870263BC96B47A47B22A,0,0,,,,,,no,
FLIND1,20,BGSWORD,weapon,5331,S1,yes,,data/Items.bif,0x00100226,F9C14D8385740462E96FA8FB614985872F1659AF815145AFDBDDF24777E2C4B8,78,78,0x5000;0x5001;0x5002;0x5003;0x5010;0x5011;0x5012;0x5013;0x5100;0x5101;0x5102;0x5103;0x5110;0x5111;0x5112;0x5113;0x5200;0x5201;0x5202;0x5210;0x5211;0x5212;0x5300;0x5301;0x5302;0x5303;0x5310;0x5311;0x5312;0x5313;0x6000;0x6001;0x6002;0x6003;0x6004;0x6005;0x6010;0x6011;0x6012;0x6013;0x6014;0x6015;0x6100;0x6101;0x6102;0x6103;0x6104;0x6105;0x6110;0x6111;0x6112;0x6113;0x6114;0x6115;0x6200;0x6201;0x6202;0x6204;0x6205;0x6210;0x6211;0x6212;0x6214;0x6215;0x6300;0x6301;0x6302;0x6303;0x6304;0x6305;0x6310;0x6311;0x6312;0x6313;0x6314;0x6315;0x6500;0x6510,WQLS1;WQMS1;WQNS1;WQSS1,WQLS1;WQMS1;WQNS1;WQSS1,,WQLS1;WQMS1;WQNS1;WQSS1,no,
FLOLTH,23,FLAIL,weapon,464C,FL,yes,,data/Items.bif,0x00100227,888DF075EB35FD6C23ACB1960051464CC6AE7236CD0BC7B5FF3B1F744F18873A,78,78,0x5000;0x5001;0x5002;0x5003;0x5010;0x5011;0x5012;0x5013;0x5100;0x5101;0x5102;0x5103;0x5110;0x5111;0x5112;0x5113;0x5200;0x5201;0x5202;0x5210;0x5211;0x5212;0x5300;0x5301;0x5302;0x5303;0x5310;0x5311;0x5312;0x5313;0x6000;0x6001;0x6002;0x6003;0x6004;0x6005;0x6010;0x6011;0x6012;0x6013;0x6014;0x6015;0x6100;0x6101;0x6102;0x6103;0x6104;0x6105;0x6110;0x6111;0x6112;0x6113;0x6114;0x6115;0x6200;0x6201;0x6202;0x6204;0x6205;0x6210;0x6211;0x6212;0x6214;0x6215;0x6300;0x6301;0x6302;0x6303;0x6304;0x6305;0x6310;0x6311;0x6312;0x6313;0x6314;0x6315;0x6500;0x6510,WQLFL;WQMFL;WQNFL;WQSFL,WQLFL;WQMFL;WQNFL;WQSFL,,WQLFL;WQMFL;WQNFL;WQSFL,no,
FRAG01,31,BOLT,,2020,,no,,data/Items.bif,0x00100228,01185EA184B4013C43793268A590EC939A7EA8533199ABF115F06327AE156A07,0,0,,,,,,no,
FRAGSAP,31,BOLT,,2020,,no,,data/25Items.bif,0x084000B0,653399D7D51C418F044C1B6E1781DF248AA909EE77D110CB786F85A21BFA7683,0,0,,,,,,no,
FREERING,10,RING,,2020,,no,,data/Items.bif,0x00100229,9D7A398B01601808F1546531F0148D3D0449435365C814EBC6BA7BBEC80E58A5,0,0,,,,,,no,
FROSTY,31,BOLT,,2020,,no,,data/Items.bif,0x0010022A,75BBA958281AA11D003F4452748CB73C25684606B80BEAB165C0EA9A988FB544,0,0,,,,,,no,
FSSPIR,10,RING,,2020,,no,,data/25Items.bif,0x084000B1,7E7CFA35C63BFF0FA117D4C3DF04894CDA9F811B1B99C6E167B6A068056F6AF9,0,0,,,,,,no,
GBASIL,28,FIST,weapon,2020,,no,,data/Items.bif,0x0010022B,BAFC4A433263996FFC9B590A47DFB375C6F478EA1A5FFAFB939D11FECF89D5FF,0,0,,,,,,no,no-compatible-character-family;visual-animation-code-invalid
GBERRY,13,FOOD,,2020,,no,,data/Items.bif,0x0010022C,6857EC627BE25A6A8BD248DDD364AD229052BDE0FA9D42D161459CDB7967FCE0,0,0,,,,,,no,
GENDAO,0,MISC,,2020,,no,,data/Items.bif,0x0010022D,05888E13D009BD537ADF578CA7E5FC07AC315F171286E0CF1ED5364486F5BC9F,0,0,,,,,,no,
GENDJI,21,HAMMER,weapon,2020,,no,,data/Items.bif,0x0010022E,52DEC1348ECB8FB83D87BB59EB8DCE0A65F40F6340140CE317654DC799FC1097,0,0,,,,,,no,no-compatible-character-family;visual-animation-code-invalid
GENDJN,0,MISC,,2020,,no,,data/Items.bif,0x0010022F,F4C2434B4D0F7EAA14FE20422CBB3AD066ABB70758AFAD5887E911BE2D47BEB4,0,0,,,,,,no,
GENEFR,0,MISC,,2020,,no,,data/Items.bif,0x00100230,F4C2434B4D0F7EAA14FE20422CBB3AD066ABB70758AFAD5887E911BE2D47BEB4,0,0,,,,,,no,
GENSCIM,20,BGSWORD,weapon,2020,,no,,data/Items.bif,0x00100231,6867E5CFC3E4CD9295A3D6FC63EF9E9AECCA63DFBF6FC06C94CB65BFC3240476,0,0,,,,,,no,no-compatible-character-family;visual-animation-code-invalid
GHAST1,0,MISC,,2020,,no,,data/Items.bif,0x00100232,94E2D99DF9AA0E69074589BD2225CD8EC91A0CEBC0DB6E779C01F9C8D4253B2F,0,0,,,,,,no,
GHOST,10,RING,,2020,,no,,data/Items.bif,0x00100233,9981DFC1C5AE402370531AEB37F0477FFC3B10A3B78F6224803F903EBD608C0B,0,0,,,,,,no,
GHOST2,10,RING,,2020,,no,,data/Items.bif,0x00100234,AE4BE5D98A95761583BBF28890B75A1C9104899B59C6107A801AB7BE77184982,0,0,,,,,,no,
GHOST3,10,RING,,2020,,no,,data/Items.bif,0x00100235,ED2A96234685ED8728F6F9B5BD3B79F1BD55F5B1BCCBFD16EB45D39DD8AFB1E9,0,0,,,,,,no,
GHOSTEFF,10,RING,,2020,,no,,data/25Items.bif,0x084000B2,03C2C79C2F2B6D17C6FDCD58FC186F25DD25DB163F610A929778B7AD7AB26E78,0,0,,,,,,no,
GHOUL1,0,MISC,,2020,,no,,data/Items.bif,0x00100236,8714734670327568FAB919FB8E6E9A7640CD042A0C7E917BD260B61065C546CD,0,0,,,,,,no,
GHOULC,28,FIST,weapon,2020,,no,,data/Items.bif,0x00100237,05741B3A8DAB7099ABACDA510FF78A015D523BA598AF45F60631E2EFD8703807,0,0,,,,,,no,no-compatible-character-family;visual-animation-code-invalid
GHOULLOR,0,MISC,,2020,,no,,data/Items.bif,0x00100238,765FFCE3B01498589D95714FF6249C24B3B8B8EEC17263605DDFEFED18925F51,0,0,,,,,,no,
GHOULT,28,FIST,weapon,2020,,no,,data/Items.bif,0x00100239,21F3A953BB42CC40C9FB21A9A6ED4C9E51156E70A97000E61A2D935E942F6356,0,0,,,,,,no,no-compatible-character-family;visual-animation-code-invalid
GIAFIR,21,HAMMER,weapon,5748,WH,yes,,data/25Items.bif,0x084000B3,0A68851C8338BCC956F1B89419DCDD35062350600BDCBF52F1DC2FAD07ACA52E,78,78,0x5000;0x5001;0x5002;0x5003;0x5010;0x5011;0x5012;0x5013;0x5100;0x5101;0x5102;0x5103;0x5110;0x5111;0x5112;0x5113;0x5200;0x5201;0x5202;0x5210;0x5211;0x5212;0x5300;0x5301;0x5302;0x5303;0x5310;0x5311;0x5312;0x5313;0x6000;0x6001;0x6002;0x6003;0x6004;0x6005;0x6010;0x6011;0x6012;0x6013;0x6014;0x6015;0x6100;0x6101;0x6102;0x6103;0x6104;0x6105;0x6110;0x6111;0x6112;0x6113;0x6114;0x6115;0x6200;0x6201;0x6202;0x6204;0x6205;0x6210;0x6211;0x6212;0x6214;0x6215;0x6300;0x6301;0x6302;0x6303;0x6304;0x6305;0x6310;0x6311;0x6312;0x6313;0x6314;0x6315;0x6500;0x6510,WQLWH;WQMWH;WQNWH;WQSWH,WQLWH;WQMWH;WQNWH;WQSWH,,WQLWH;WQMWH;WQNWH;WQSWH,no,
GIAFIR2,25,AXE,weapon,4158,AX,yes,,data/25Items.bif,0x084000B4,24032DA193324682B6CEA6D8D4A512D3D37C0DDF2FAB513126978FE182B3A4D5,78,78,0x5000;0x5001;0x5002;0x5003;0x5010;0x5011;0x5012;0x5013;0x5100;0x5101;0x5102;0x5103;0x5110;0x5111;0x5112;0x5113;0x5200;0x5201;0x5202;0x5210;0x5211;0x5212;0x5300;0x5301;0x5302;0x5303;0x5310;0x5311;0x5312;0x5313;0x6000;0x6001;0x6002;0x6003;0x6004;0x6005;0x6010;0x6011;0x6012;0x6013;0x6014;0x6015;0x6100;0x6101;0x6102;0x6103;0x6104;0x6105;0x6110;0x6111;0x6112;0x6113;0x6114;0x6115;0x6200;0x6201;0x6202;0x6204;0x6205;0x6210;0x6211;0x6212;0x6214;0x6215;0x6300;0x6301;0x6302;0x6303;0x6304;0x6305;0x6310;0x6311;0x6312;0x6313;0x6314;0x6315;0x6500;0x6510,WQLAX;WQMAX;WQNAX;WQSAX,WQLAX;WQMAX;WQNAX;WQSAX,,WQLAX;WQMAX;WQNAX;WQSAX,no,
GIAFIR3,28,FIST,weapon,2020,,no,,data/25Items.bif,0x084000B5,4BC5F34D656792EF253A4465903CEA26BDBC7A0094708AD7E197AAAA83823434,0,0,,,,,,no,no-compatible-character-family;visual-animation-code-invalid
GIANTS01,20,BGSWORD,weapon,4158,AX,yes,,data/Items.bif,0x0010023A,BC0FE39236D5BC3D3390839F166132D4521268BEBBB2FD1C3C2A259345F75D43,78,78,0x5000;0x5001;0x5002;0x5003;0x5010;0x5011;0x5012;0x5013;0x5100;0x5101;0x5102;0x5103;0x5110;0x5111;0x5112;0x5113;0x5200;0x5201;0x5202;0x5210;0x5211;0x5212;0x5300;0x5301;0x5302;0x5303;0x5310;0x5311;0x5312;0x5313;0x6000;0x6001;0x6002;0x6003;0x6004;0x6005;0x6010;0x6011;0x6012;0x6013;0x6014;0x6015;0x6100;0x6101;0x6102;0x6103;0x6104;0x6105;0x6110;0x6111;0x6112;0x6113;0x6114;0x6115;0x6200;0x6201;0x6202;0x6204;0x6205;0x6210;0x6211;0x6212;0x6214;0x6215;0x6300;0x6301;0x6302;0x6303;0x6304;0x6305;0x6310;0x6311;0x6312;0x6313;0x6314;0x6315;0x6500;0x6510,WQLAX;WQMAX;WQNAX;WQSAX,WQLAX;WQMAX;WQNAX;WQSAX,,WQLAX;WQMAX;WQNAX;WQSAX,no,
GIBBERIL,0,MISC,,2020,,no,,data/Items.bif,0x0010023B,CD0F393288131A6405C5270FDB805BD561F85232777C1C338C987FBEC9683825,0,0,,,,,,no,
GISPID,28,FIST,weapon,2020,,no,,data/Items.bif,0x0010023C,9C7D77A310457E7FFD93ABB00E6A3AB966CFE43C8315B720890FF0E4A801C628,0,0,,,,,,no,no-compatible-character-family;visual-animation-code-invalid
GITH,20,BGSWORD,weapon,5332,S2,yes,,data/25Items.bif,0x084000B6,6DF91AC18728C45BDA327F887E71EBE6676F6583397444303D880A6E570695C6,78,78,0x5000;0x5001;0x5002;0x5003;0x5010;0x5011;0x5012;0x5013;0x5100;0x5101;0x5102;0x5103;0x5110;0x5111;0x5112;0x5113;0x5200;0x5201;0x5202;0x5210;0x5211;0x5212;0x5300;0x5301;0x5302;0x5303;0x5310;0x5311;0x5312;0x5313;0x6000;0x6001;0x6002;0x6003;0x6004;0x6005;0x6010;0x6011;0x6012;0x6013;0x6014;0x6015;0x6100;0x6101;0x6102;0x6103;0x6104;0x6105;0x6110;0x6111;0x6112;0x6113;0x6114;0x6115;0x6200;0x6201;0x6202;0x6204;0x6205;0x6210;0x6211;0x6212;0x6214;0x6215;0x6300;0x6301;0x6302;0x6303;0x6304;0x6305;0x6310;0x6311;0x6312;0x6313;0x6314;0x6315;0x6500;0x6510,WQLS2;WQMS2;WQNS2;WQSS2,WQLS2;WQMS2;WQNS2;WQSS2,,WQLS2;WQMS2;WQNS2;WQSS2,no,
GLOBBLU1,0,MISC,,2020,,no,,data/25Items.bif,0x084000B7,71A80EEADC3E15423258BB808179B32366BA9B443274FB804931A2976AEBB7FB,0,0,,,,,,no,
GLOBBLU2,0,MISC,,2020,,no,,data/25Items.bif,0x084000B8,0E7CAD90DCA02E6434CFC0B0AA94ACB7D67B1CD87B83D39DD01E00CD69DE29FB,0,0,,,,,,no,
GLOBBLU3,0,MISC,,2020,,no,,data/25Items.bif,0x084000B9,C6F929CE9567FD64B2BC4F3CE58DEA4B9B7E763E76ADC83F550D0399EE88D69E,0,0,,,,,,no,
GLOBBLU4,0,MISC,,2020,,no,,data/25Items.bif,0x084000BA,18884D44A4C6D4A475517DD1A8A70EE78CC9A79EEFE8C9FE9B23C0C8EDA51E39,0,0,,,,,,no,
GLOBGRE1,0,MISC,,2020,,no,,data/25Items.bif,0x084000BB,002968BF9EE5D59A65F789CB6D0DBF3CA8A7EB4816D4D35A841D4549E11F1379,0,0,,,,,,no,
GLOBGRE2,0,MISC,,2020,,no,,data/25Items.bif,0x084000BC,3B4438558DDFB4102AAA8CF7B578C98E62E368B27DCF9E3A918EF68AC0DAFA6C,0,0,,,,,,no,
GLOBGRE3,0,MISC,,2020,,no,,data/25Items.bif,0x084000BD,7B8D6EF4452404CAA8041CD4292EDD48C143E00627BB40F6F81931F5E33D11D8,0,0,,,,,,no,
GLOBGRE4,0,MISC,,2020,,no,,data/25Items.bif,0x084000BE,60C4FE22CE641DD25BFBAC3E2A39E73D74326994E1A08E07069F5457680404FE,0,0,,,,,,no,
GLOBPUR1,0,MISC,,2020,,no,,data/25Items.bif,0x084000BF,207B06D9F5361E46C8F63A008C82BD7078F78B61B04F14CD81B7DD9EA67D38EE,0,0,,,,,,no,
GLOBPUR2,0,MISC,,2020,,no,,data/25Items.bif,0x084000C0,FF3A57283EC1004ECD895927606D75947C9FF0D2504B9FFAC80C88B71D22BD03,0,0,,,,,,no,
GLOBPUR3,0,MISC,,2020,,no,,data/25Items.bif,0x084000C1,6A1FF007F045B88CB9CD34AB63DD433BC5E3A4F038EFFBDFD4F95723283D3A1B,0,0,,,,,,no,
GLOBPUR4,0,MISC,,2020,,no,,data/25Items.bif,0x084000C2,FCD12BB51CC547F63D61E7F4C6B896E4F3CD3FF37B126E82A0BF01164DB72DE8,0,0,,,,,,no,
GLOBRED1,0,MISC,,2020,,no,,data/25Items.bif,0x084000C3,A1CB0C152CE9054F7D61BA8B483A25AD0E189D4D4269C36E5586F647BD7CE9BF,0,0,,,,,,no,
GLOBRED2,0,MISC,,2020,,no,,data/25Items.bif,0x084000C4,E3B5326094E5A55A9B134A32649CD3C30C10EA54504E22F0C6A553E792E01638,0,0,,,,,,no,
GLOBRED3,0,MISC,,2020,,no,,data/25Items.bif,0x084000C5,1490F5911772572F3B9164A2284B3129D61B839E11F4709AE2249BB6AFA11A74,0,0,,,,,,no,
GLOBRED4,0,MISC,,2020,,no,,data/25Items.bif,0x084000C6,1D67EFAD319ACBD9FD17C785714CBCF4A47EF6F0ED4A417915046AC895344A94,0,0,,,,,,no,
GLOBRING,10,RING,,2020,,no,,data/Items.bif,0x0010023D,15967DEADD790678E8857A05E30DA5CE50FDC29867FC35D242DAE1C38FDF353B,0,0,,,,,,no,
GOBOOM,1,AMULET,,2020,,no,,data/Items.bif,0x0010023E,83B9E80308809F4643264C0077A241C7C9D603A49DF5772C7265E6835A9B4A17,0,0,,,,,,no,
GOBOOM2,1,AMULET,,2020,,no,,data/Items.bif,0x0010023F,481B3FBA2662E1EDA4CB6BA1D299F210B45254F4AFF02957735516F0CA213DBD,0,0,,,,,,no,
GOBOOM3,1,AMULET,,2020,,no,,data/Items.bif,0x00100240,B8E1C7615182634491730E12B8DA4B943CFB63F962CDD8C849ED17A6734BD8A4,0,0,,,,,,no,
GODBOW,15,BOW,weapon,4257,BW,yes,,data/Items.bif,0x00100241,B1442A1EA1C796E1501039F716976A68646B94ABDFA1DED4D5AC965F1DDEB2C9,78,78,0x5000;0x5001;0x5002;0x5003;0x5010;0x5011;0x5012;0x5013;0x5100;0x5101;0x5102;0x5103;0x5110;0x5111;0x5112;0x5113;0x5200;0x5201;0x5202;0x5210;0x5211;0x5212;0x5300;0x5301;0x5302;0x5303;0x5310;0x5311;0x5312;0x5313;0x6000;0x6001;0x6002;0x6003;0x6004;0x6005;0x6010;0x6011;0x6012;0x6013;0x6014;0x6015;0x6100;0x6101;0x6102;0x6103;0x6104;0x6105;0x6110;0x6111;0x6112;0x6113;0x6114;0x6115;0x6200;0x6201;0x6202;0x6204;0x6205;0x6210;0x6211;0x6212;0x6214;0x6215;0x6300;0x6301;0x6302;0x6303;0x6304;0x6305;0x6310;0x6311;0x6312;0x6313;0x6314;0x6315;0x6500;0x6510,WQLBW;WQMBW;WQNBW;WQSBW,WQLBW;WQMBW;WQNBW;WQSBW,,WQLBW;WQMBW;WQNBW;WQSBW,no,
GOLBRA,0,MISC,,2020,,no,,data/Items.bif,0x00100242,9C18DA2FC44944067061B497A9E0370B88B2D8536EBEE5C7EAC48FA845C89C8C,0,0,,,,,,no,
GOLBUR01,21,HAMMER,weapon,2020,,no,,data/25Items.bif,0x084000C7,EBA11F7A3E198A6D0B9DDF29E39041A6EFBD60024E5DBDEBFD0C5A3428270013,0,0,,,,,,no,no-compatible-character-family;visual-animation-code-invalid
GOLCLA,0,MISC,,2020,,no,,data/Items.bif,0x00100243,BF34F22ED25A80096FA3E037BD9EB18CC560EC640EB073CF176FF48948ACBBA6,0,0,,,,,,no,
GOLFLE,21,HAMMER,weapon,2020,,no,,data/Items.bif,0x00100244,765251F8BAE789CD6757582E6B47A3E5765D4C2FC85B2EFB1BF4DD65368D99D3,0,0,,,,,,no,no-compatible-character-family;visual-animation-code-invalid
GOLIRO,0,MISC,,2020,,no,,data/Items.bif,0x00100245,FA52BE37E05E50571910639244FB811E654D726D357910F8904A43F948E49CA4,0,0,,,,,,no,
GOLMAG01,0,MISC,,2020,,no,,data/25Items.bif,0x084000C8,448FD6F5ABBC7AD511127EAFFD3390E40BB0CCCA5B55C6D75877C4006060A4AC,0,0,,,,,,no,
GOLSTO,0,MISC,,2020,,no,,data/Items.bif,0x00100246,FA88DF1917F34324400162C7C701B2894DA6A506729F88667B78DCC00906779F,0,0,,,,,,no,
GOLSTONE,10,RING,,2020,,no,,data/Items.bif,0x00100247,4295E57A128D647CE3AC677032C546E6252B774D72034289D9177CECD3C56CBF,0,0,,,,,,no,
GOLTOME4,0,MISC,,2020,,no,,data/25Items.bif,0x084000C9,05A36A702EAE1C8EB670ACB1A18971CD33C8B3C04BBFB856BA768247B16AC6E3,0,0,,,,,,no,
GOPOOF,1,AMULET,,2020,,no,,data/Items.bif,0x00100248,07465DC4B9797C3CBD37445BB15A61ADBCB78A1BB686A9BD715B0818CC12DACE,0,0,,,,,,no,
GORAIR,10,RING,,2020,,no,,data/25Items.bif,0x084000CA,32FC5403EDECE7B86066BFA93352575ABC5288D547BE0890BB247D233DD29508,0,0,,,,,,no,
GORCAMB,20,BGSWORD,weapon,5332,S2,yes,,data/25Items.bif,0x084000CB,2AFC0515D449048FE7139BFF35681A3E812661A355423C2C3C3F6CA87F47C07A,78,78,0x5000;0x5001;0x5002;0x5003;0x5010;0x5011;0x5012;0x5013;0x5100;0x5101;0x5102;0x5103;0x5110;0x5111;0x5112;0x5113;0x5200;0x5201;0x5202;0x5210;0x5211;0x5212;0x5300;0x5301;0x5302;0x5303;0x5310;0x5311;0x5312;0x5313;0x6000;0x6001;0x6002;0x6003;0x6004;0x6005;0x6010;0x6011;0x6012;0x6013;0x6014;0x6015;0x6100;0x6101;0x6102;0x6103;0x6104;0x6105;0x6110;0x6111;0x6112;0x6113;0x6114;0x6115;0x6200;0x6201;0x6202;0x6204;0x6205;0x6210;0x6211;0x6212;0x6214;0x6215;0x6300;0x6301;0x6302;0x6303;0x6304;0x6305;0x6310;0x6311;0x6312;0x6313;0x6314;0x6315;0x6500;0x6510,WQLS2;WQMS2;WQNS2;WQSS2,WQLS2;WQMS2;WQNS2;WQSS2,,WQLS2;WQMS2;WQNS2;WQSS2,no,
GORCHR,1,AMULET,,2020,,no,,data/25Items.bif,0x084000CC,3EAE3E3E74395E0A3B1961E479DBB07645BD9C2B0ADB7DE454ACE932E65B530D,0,0,,,,,,no,
GORDEM2,0,MISC,,2020,,no,,data/25Items.bif,0x084000CD,8C24EF9C6423CB47C92622C96CBB3BD5BEEB0D5D39719B36A9B969E01BCAF80A,0,0,,,,,,no,
GORFIRG,10,RING,,2020,,no,,data/25Items.bif,0x084000CE,027DD2F5D96ED49346A66A660811F96FC38231791BBF43A8CFF0047F3AB76E6E,0,0,,,,,,no,
GORJELFU,10,RING,,2020,,no,,data/25Items.bif,0x084000CF,47FB0C42E9739007D10C46616C10C3363406594932CF9A2C1EF9B465E5305481,0,0,,,,,,no,
GORJELGR,10,RING,,2020,,no,,data/25Items.bif,0x084000D0,47FB0C42E9739007D10C46616C10C3363406594932CF9A2C1EF9B465E5305481,0,0,,,,,,no,
GORMISTI,10,RING,,2020,,no,,data/25Items.bif,0x084000D1,4A79BDEB04F8A9B34FACA3744F2C9E68233D7AADEC6D1E5CD222003D9EFA1F35,0,0,,,,,,no,
GORMISTP,10,RING,,2020,,no,,data/25Items.bif,0x084000D2,5705AB574FC317010D34292309AD4C41C8B2FE4D78944A0D316C52F55D8FA5D0,0,0,,,,,,no,
GORSNAKE,0,MISC,,2020,,no,,data/25Items.bif,0x084000D3,E81964C9374A610D495B4BA167F0DCB7C3F25F14BC5CF221986D3E76A9C61BBB,0,0,,,,,,no,
GORWOM1,0,MISC,,2020,,no,,data/25Items.bif,0x084000D4,FE9A8B2B8D58CA0C26CBEA066C1454D16C3950A8962B3CB9689133B14D7E5A94,0,0,,,,,,no,
GORWOM2,15,BOW,weapon,4257,BW,yes,,data/25Items.bif,0x084000D5,9FBD71D2805E723156F15A5F91DE266A39614D4E65237D6E791002564F4B051B,78,78,0x5000;0x5001;0x5002;0x5003;0x5010;0x5011;0x5012;0x5013;0x5100;0x5101;0x5102;0x5103;0x5110;0x5111;0x5112;0x5113;0x5200;0x5201;0x5202;0x5210;0x5211;0x5212;0x5300;0x5301;0x5302;0x5303;0x5310;0x5311;0x5312;0x5313;0x6000;0x6001;0x6002;0x6003;0x6004;0x6005;0x6010;0x6011;0x6012;0x6013;0x6014;0x6015;0x6100;0x6101;0x6102;0x6103;0x6104;0x6105;0x6110;0x6111;0x6112;0x6113;0x6114;0x6115;0x6200;0x6201;0x6202;0x6204;0x6205;0x6210;0x6211;0x6212;0x6214;0x6215;0x6300;0x6301;0x6302;0x6303;0x6304;0x6305;0x6310;0x6311;0x6312;0x6313;0x6314;0x6315;0x6500;0x6510,WQLBW;WQMBW;WQNBW;WQSBW,WQLBW;WQMBW;WQNBW;WQSBW,,WQLBW;WQMBW;WQNBW;WQSBW,no,
GORWOM4,23,FLAIL,weapon,464C,FL,yes,,data/25Items.bif,0x084000D6,85777CB108BA49F1E8004D24E72F217887290035AF9A957270BBBDD191ACB1AF,78,78,0x5000;0x5001;0x5002;0x5003;0x5010;0x5011;0x5012;0x5013;0x5100;0x5101;0x5102;0x5103;0x5110;0x5111;0x5112;0x5113;0x5200;0x5201;0x5202;0x5210;0x5211;0x5212;0x5300;0x5301;0x5302;0x5303;0x5310;0x5311;0x5312;0x5313;0x6000;0x6001;0x6002;0x6003;0x6004;0x6005;0x6010;0x6011;0x6012;0x6013;0x6014;0x6015;0x6100;0x6101;0x6102;0x6103;0x6104;0x6105;0x6110;0x6111;0x6112;0x6113;0x6114;0x6115;0x6200;0x6201;0x6202;0x6204;0x6205;0x6210;0x6211;0x6212;0x6214;0x6215;0x6300;0x6301;0x6302;0x6303;0x6304;0x6305;0x6310;0x6311;0x6312;0x6313;0x6314;0x6315;0x6500;0x6510,WQLFL;WQMFL;WQNFL;WQSFL,WQLFL;WQMFL;WQNFL;WQSFL,,WQLFL;WQMFL;WQNFL;WQSFL,no,
HALB01,30,POLEARM,weapon,4842,HB,yes,,data/Items.bif,0x00100249,BB05963E3948EB676A79211B78D1E49F40500C08EB31BD3E4283A34F97D88226,78,78,0x5000;0x5001;0x5002;0x5003;0x5010;0x5011;0x5012;0x5013;0x5100;0x5101;0x5102;0x5103;0x5110;0x5111;0x5112;0x5113;0x5200;0x5201;0x5202;0x5210;0x5211;0x5212;0x5300;0x5301;0x5302;0x5303;0x5310;0x5311;0x5312;0x5313;0x6000;0x6001;0x6002;0x6003;0x6004;0x6005;0x6010;0x6011;0x6012;0x6013;0x6014;0x6015;0x6100;0x6101;0x6102;0x6103;0x6104;0x6105;0x6110;0x6111;0x6112;0x6113;0x6114;0x6115;0x6200;0x6201;0x6202;0x6204;0x6205;0x6210;0x6211;0x6212;0x6214;0x6215;0x6300;0x6301;0x6302;0x6303;0x6304;0x6305;0x6310;0x6311;0x6312;0x6313;0x6314;0x6315;0x6500;0x6510,WQLHB;WQMHB;WQNHB;WQSHB,WQLHB;WQMHB;WQNHB;WQSHB,,WQLHB;WQMHB;WQNHB;WQSHB,no,
HALB02,30,POLEARM,weapon,4842,HB,yes,,data/Items.bif,0x0010024A,A3BD79B0C59B9AF12D0B02A462707E0495F80F3DBC12E6C9D65C03F067C463E1,78,78,0x5000;0x5001;0x5002;0x5003;0x5010;0x5011;0x5012;0x5013;0x5100;0x5101;0x5102;0x5103;0x5110;0x5111;0x5112;0x5113;0x5200;0x5201;0x5202;0x5210;0x5211;0x5212;0x5300;0x5301;0x5302;0x5303;0x5310;0x5311;0x5312;0x5313;0x6000;0x6001;0x6002;0x6003;0x6004;0x6005;0x6010;0x6011;0x6012;0x6013;0x6014;0x6015;0x6100;0x6101;0x6102;0x6103;0x6104;0x6105;0x6110;0x6111;0x6112;0x6113;0x6114;0x6115;0x6200;0x6201;0x6202;0x6204;0x6205;0x6210;0x6211;0x6212;0x6214;0x6215;0x6300;0x6301;0x6302;0x6303;0x6304;0x6305;0x6310;0x6311;0x6312;0x6313;0x6314;0x6315;0x6500;0x6510,WQLHB;WQMHB;WQNHB;WQSHB,WQLHB;WQMHB;WQNHB;WQSHB,,WQLHB;WQMHB;WQNHB;WQSHB,no,
HALB03,30,POLEARM,weapon,4842,HB,yes,,data/Items.bif,0x0010024B,4F5EFE8C58D37085F29A92AC4A3082ED8093E880B6CBA483D8407D3CABD24FE3,78,78,0x5000;0x5001;0x5002;0x5003;0x5010;0x5011;0x5012;0x5013;0x5100;0x5101;0x5102;0x5103;0x5110;0x5111;0x5112;0x5113;0x5200;0x5201;0x5202;0x5210;0x5211;0x5212;0x5300;0x5301;0x5302;0x5303;0x5310;0x5311;0x5312;0x5313;0x6000;0x6001;0x6002;0x6003;0x6004;0x6005;0x6010;0x6011;0x6012;0x6013;0x6014;0x6015;0x6100;0x6101;0x6102;0x6103;0x6104;0x6105;0x6110;0x6111;0x6112;0x6113;0x6114;0x6115;0x6200;0x6201;0x6202;0x6204;0x6205;0x6210;0x6211;0x6212;0x6214;0x6215;0x6300;0x6301;0x6302;0x6303;0x6304;0x6305;0x6310;0x6311;0x6312;0x6313;0x6314;0x6315;0x6500;0x6510,WQLHB;WQMHB;WQNHB;WQSHB,WQLHB;WQMHB;WQNHB;WQSHB,,WQLHB;WQMHB;WQNHB;WQSHB,no,
HALB04,30,POLEARM,weapon,4842,HB,yes,,data/Items.bif,0x0010024C,72999E6D6B78BE6C81C21F6693FFC1DAD5252A0E4727D55DC80572236DF2B987,78,78,0x5000;0x5001;0x5002;0x5003;0x5010;0x5011;0x5012;0x5013;0x5100;0x5101;0x5102;0x5103;0x5110;0x5111;0x5112;0x5113;0x5200;0x5201;0x5202;0x5210;0x5211;0x5212;0x5300;0x5301;0x5302;0x5303;0x5310;0x5311;0x5312;0x5313;0x6000;0x6001;0x6002;0x6003;0x6004;0x6005;0x6010;0x6011;0x6012;0x6013;0x6014;0x6015;0x6100;0x6101;0x6102;0x6103;0x6104;0x6105;0x6110;0x6111;0x6112;0x6113;0x6114;0x6115;0x6200;0x6201;0x6202;0x6204;0x6205;0x6210;0x6211;0x6212;0x6214;0x6215;0x6300;0x6301;0x6302;0x6303;0x6304;0x6305;0x6310;0x6311;0x6312;0x6313;0x6314;0x6315;0x6500;0x6510,WQLHB;WQMHB;WQNHB;WQSHB,WQLHB;WQMHB;WQNHB;WQSHB,,WQLHB;WQMHB;WQNHB;WQSHB,no,
HALB05,30,POLEARM,weapon,4842,HB,yes,,data/Items.bif,0x0010024D,76BC8B4EDCF937ACAE2AE4DFB640DED75393203F4F13DCC51D2CC15750400EAA,78,78,0x5000;0x5001;0x5002;0x5003;0x5010;0x5011;0x5012;0x5013;0x5100;0x5101;0x5102;0x5103;0x5110;0x5111;0x5112;0x5113;0x5200;0x5201;0x5202;0x5210;0x5211;0x5212;0x5300;0x5301;0x5302;0x5303;0x5310;0x5311;0x5312;0x5313;0x6000;0x6001;0x6002;0x6003;0x6004;0x6005;0x6010;0x6011;0x6012;0x6013;0x6014;0x6015;0x6100;0x6101;0x6102;0x6103;0x6104;0x6105;0x6110;0x6111;0x6112;0x6113;0x6114;0x6115;0x6200;0x6201;0x6202;0x6204;0x6205;0x6210;0x6211;0x6212;0x6214;0x6215;0x6300;0x6301;0x6302;0x6303;0x6304;0x6305;0x6310;0x6311;0x6312;0x6313;0x6314;0x6315;0x6500;0x6510,WQLHB;WQMHB;WQNHB;WQSHB,WQLHB;WQMHB;WQNHB;WQSHB,,WQLHB;WQMHB;WQNHB;WQSHB,no,
HALB06,30,POLEARM,weapon,4842,HB,yes,,data/Items.bif,0x0010024E,59226C0C6DB04B1A95DA36BF8CCC6382F0CAFDD64A85698D7BB36787EC948E99,78,78,0x5000;0x5001;0x5002;0x5003;0x5010;0x5011;0x5012;0x5013;0x5100;0x5101;0x5102;0x5103;0x5110;0x5111;0x5112;0x5113;0x5200;0x5201;0x5202;0x5210;0x5211;0x5212;0x5300;0x5301;0x5302;0x5303;0x5310;0x5311;0x5312;0x5313;0x6000;0x6001;0x6002;0x6003;0x6004;0x6005;0x6010;0x6011;0x6012;0x6013;0x6014;0x6015;0x6100;0x6101;0x6102;0x6103;0x6104;0x6105;0x6110;0x6111;0x6112;0x6113;0x6114;0x6115;0x6200;0x6201;0x6202;0x6204;0x6205;0x6210;0x6211;0x6212;0x6214;0x6215;0x6300;0x6301;0x6302;0x6303;0x6304;0x6305;0x6310;0x6311;0x6312;0x6313;0x6314;0x6315;0x6500;0x6510,WQLHB;WQMHB;WQNHB;WQSHB,WQLHB;WQMHB;WQNHB;WQSHB,,WQLHB;WQMHB;WQNHB;WQSHB,no,
HALB07,30,POLEARM,weapon,4842,HB,yes,,data/Items.bif,0x0010024F,2B209B8DBEA7713DDD2CFC0A05BC2DB47C753F4020879D2BBF24D9B83930A35B,78,78,0x5000;0x5001;0x5002;0x5003;0x5010;0x5011;0x5012;0x5013;0x5100;0x5101;0x5102;0x5103;0x5110;0x5111;0x5112;0x5113;0x5200;0x5201;0x5202;0x5210;0x5211;0x5212;0x5300;0x5301;0x5302;0x5303;0x5310;0x5311;0x5312;0x5313;0x6000;0x6001;0x6002;0x6003;0x6004;0x6005;0x6010;0x6011;0x6012;0x6013;0x6014;0x6015;0x6100;0x6101;0x6102;0x6103;0x6104;0x6105;0x6110;0x6111;0x6112;0x6113;0x6114;0x6115;0x6200;0x6201;0x6202;0x6204;0x6205;0x6210;0x6211;0x6212;0x6214;0x6215;0x6300;0x6301;0x6302;0x6303;0x6304;0x6305;0x6310;0x6311;0x6312;0x6313;0x6314;0x6315;0x6500;0x6510,WQLHB;WQMHB;WQNHB;WQSHB,WQLHB;WQMHB;WQNHB;WQSHB,,WQLHB;WQMHB;WQNHB;WQSHB,no,
HALB08,30,POLEARM,weapon,4842,HB,yes,,data/Items.bif,0x00100250,F577C215371ECA0521F254CE82355829ADEA0D633C7E2CA05E3F14AE51E7131B,78,78,0x5000;0x5001;0x5002;0x5003;0x5010;0x5011;0x5012;0x5013;0x5100;0x5101;0x5102;0x5103;0x5110;0x5111;0x5112;0x5113;0x5200;0x5201;0x5202;0x5210;0x5211;0x5212;0x5300;0x5301;0x5302;0x5303;0x5310;0x5311;0x5312;0x5313;0x6000;0x6001;0x6002;0x6003;0x6004;0x6005;0x6010;0x6011;0x6012;0x6013;0x6014;0x6015;0x6100;0x6101;0x6102;0x6103;0x6104;0x6105;0x6110;0x6111;0x6112;0x6113;0x6114;0x6115;0x6200;0x6201;0x6202;0x6204;0x6205;0x6210;0x6211;0x6212;0x6214;0x6215;0x6300;0x6301;0x6302;0x6303;0x6304;0x6305;0x6310;0x6311;0x6312;0x6313;0x6314;0x6315;0x6500;0x6510,WQLHB;WQMHB;WQNHB;WQSHB,WQLHB;WQMHB;WQNHB;WQSHB,,WQLHB;WQMHB;WQNHB;WQSHB,no,
HALB09,30,POLEARM,weapon,4842,HB,yes,,data/Items.bif,0x00100251,A08EB6C5FF52BD8D77C9321F7E542F8603540D437CE0D8372588EA21EE5ADD04,78,78,0x5000;0x5001;0x5002;0x5003;0x5010;0x5011;0x5012;0x5013;0x5100;0x5101;0x5102;0x5103;0x5110;0x5111;0x5112;0x5113;0x5200;0x5201;0x5202;0x5210;0x5211;0x5212;0x5300;0x5301;0x5302;0x5303;0x5310;0x5311;0x5312;0x5313;0x6000;0x6001;0x6002;0x6003;0x6004;0x6005;0x6010;0x6011;0x6012;0x6013;0x6014;0x6015;0x6100;0x6101;0x6102;0x6103;0x6104;0x6105;0x6110;0x6111;0x6112;0x6113;0x6114;0x6115;0x6200;0x6201;0x6202;0x6204;0x6205;0x6210;0x6211;0x6212;0x6214;0x6215;0x6300;0x6301;0x6302;0x6303;0x6304;0x6305;0x6310;0x6311;0x6312;0x6313;0x6314;0x6315;0x6500;0x6510,WQLHB;WQMHB;WQNHB;WQSHB,WQLHB;WQMHB;WQNHB;WQSHB,,WQLHB;WQMHB;WQNHB;WQSHB,no,
HALB09A,0,MISC,,2020,,no,,data/Items.bif,0x00100252,8E2D8353D249BD9BE2933558309EB958EFC9E56CEDE7679AF9E77BD1F87C0D75,0,0,,,,,,no,
HALB09B,0,MISC,,2020,,no,,data/Items.bif,0x00100253,325605D799FFA47F63C3DBFF10ED10CF6FE89E71ACDD7AC959E25CC2795EA13F,0,0,,,,,,no,
HALB10,30,POLEARM,weapon,4842,HB,yes,,data/25Items.bif,0x084000D7,125CBB03F83872211F3757C539204383715E71F9E6283E9BF86A42C20218A7BF,78,78,0x5000;0x5001;0x5002;0x5003;0x5010;0x5011;0x5012;0x5013;0x5100;0x5101;0x5102;0x5103;0x5110;0x5111;0x5112;0x5113;0x5200;0x5201;0x5202;0x5210;0x5211;0x5212;0x5300;0x5301;0x5302;0x5303;0x5310;0x5311;0x5312;0x5313;0x6000;0x6001;0x6002;0x6003;0x6004;0x6005;0x6010;0x6011;0x6012;0x6013;0x6014;0x6015;0x6100;0x6101;0x6102;0x6103;0x6104;0x6105;0x6110;0x6111;0x6112;0x6113;0x6114;0x6115;0x6200;0x6201;0x6202;0x6204;0x6205;0x6210;0x6211;0x6212;0x6214;0x6215;0x6300;0x6301;0x6302;0x6303;0x6304;0x6305;0x6310;0x6311;0x6312;0x6313;0x6314;0x6315;0x6500;0x6510,WQLHB;WQMHB;WQNHB;WQSHB,WQLHB;WQMHB;WQNHB;WQSHB,,WQLHB;WQMHB;WQNHB;WQSHB,no,
HALB11,30,POLEARM,weapon,4842,HB,yes,,data/25Items.bif,0x084000D8,1369D8533D223C2198F87F0A5CE0C568A753F052A163F6B372CF7A977D1215F5,78,78,0x5000;0x5001;0x5002;0x5003;0x5010;0x5011;0x5012;0x5013;0x5100;0x5101;0x5102;0x5103;0x5110;0x5111;0x5112;0x5113;0x5200;0x5201;0x5202;0x5210;0x5211;0x5212;0x5300;0x5301;0x5302;0x5303;0x5310;0x5311;0x5312;0x5313;0x6000;0x6001;0x6002;0x6003;0x6004;0x6005;0x6010;0x6011;0x6012;0x6013;0x6014;0x6015;0x6100;0x6101;0x6102;0x6103;0x6104;0x6105;0x6110;0x6111;0x6112;0x6113;0x6114;0x6115;0x6200;0x6201;0x6202;0x6204;0x6205;0x6210;0x6211;0x6212;0x6214;0x6215;0x6300;0x6301;0x6302;0x6303;0x6304;0x6305;0x6310;0x6311;0x6312;0x6313;0x6314;0x6315;0x6500;0x6510,WQLHB;WQMHB;WQNHB;WQSHB,WQLHB;WQMHB;WQNHB;WQSHB,,WQLHB;WQMHB;WQNHB;WQSHB,no,
HALB12,30,POLEARM,weapon,4842,HB,yes,,data/25Items.bif,0x084000D9,F91E94934973398E2D85B89F996FD06EC38E14450608BEEF9E423609C00B54AD,78,78,0x5000;0x5001;0x5002;0x5003;0x5010;0x5011;0x5012;0x5013;0x5100;0x5101;0x5102;0x5103;0x5110;0x5111;0x5112;0x5113;0x5200;0x5201;0x5202;0x5210;0x5211;0x5212;0x5300;0x5301;0x5302;0x5303;0x5310;0x5311;0x5312;0x5313;0x6000;0x6001;0x6002;0x6003;0x6004;0x6005;0x6010;0x6011;0x6012;0x6013;0x6014;0x6015;0x6100;0x6101;0x6102;0x6103;0x6104;0x6105;0x6110;0x6111;0x6112;0x6113;0x6114;0x6115;0x6200;0x6201;0x6202;0x6204;0x6205;0x6210;0x6211;0x6212;0x6214;0x6215;0x6300;0x6301;0x6302;0x6303;0x6304;0x6305;0x6310;0x6311;0x6312;0x6313;0x6314;0x6315;0x6500;0x6510,WQLHB;WQMHB;WQNHB;WQSHB,WQLHB;WQMHB;WQNHB;WQSHB,,WQLHB;WQMHB;WQNHB;WQSHB,no,
HALBRD01,30,POLEARM,weapon,4842,HB,yes,,data/Items.bif,0x00100254,41459001E7749C0EAB358601DCAB8FAA698700CD81EEC6726DF83DEDC657A1CF,78,78,0x5000;0x5001;0x5002;0x5003;0x5010;0x5011;0x5012;0x5013;0x5100;0x5101;0x5102;0x5103;0x5110;0x5111;0x5112;0x5113;0x5200;0x5201;0x5202;0x5210;0x5211;0x5212;0x5300;0x5301;0x5302;0x5303;0x5310;0x5311;0x5312;0x5313;0x6000;0x6001;0x6002;0x6003;0x6004;0x6005;0x6010;0x6011;0x6012;0x6013;0x6014;0x6015;0x6100;0x6101;0x6102;0x6103;0x6104;0x6105;0x6110;0x6111;0x6112;0x6113;0x6114;0x6115;0x6200;0x6201;0x6202;0x6204;0x6205;0x6210;0x6211;0x6212;0x6214;0x6215;0x6300;0x6301;0x6302;0x6303;0x6304;0x6305;0x6310;0x6311;0x6312;0x6313;0x6314;0x6315;0x6500;0x6510,WQLHB;WQMHB;WQNHB;WQSHB,WQLHB;WQMHB;WQNHB;WQSHB,,WQLHB;WQMHB;WQNHB;WQSHB,no,
HALBSHA,30,POLEARM,weapon,4842,HB,yes,,data/Items.bif,0x00100255,7B70EC90CD13C411C27D42577D87E61A38B67191E4B54822575457C47B680D1A,78,78,0x5000;0x5001;0x5002;0x5003;0x5010;0x5011;0x5012;0x5013;0x5100;0x5101;0x5102;0x5103;0x5110;0x5111;0x5112;0x5113;0x5200;0x5201;0x5202;0x5210;0x5211;0x5212;0x5300;0x5301;0x5302;0x5303;0x5310;0x5311;0x5312;0x5313;0x6000;0x6001;0x6002;0x6003;0x6004;0x6005;0x6010;0x6011;0x6012;0x6013;0x6014;0x6015;0x6100;0x6101;0x6102;0x6103;0x6104;0x6105;0x6110;0x6111;0x6112;0x6113;0x6114;0x6115;0x6200;0x6201;0x6202;0x6204;0x6205;0x6210;0x6211;0x6212;0x6214;0x6215;0x6300;0x6301;0x6302;0x6303;0x6304;0x6305;0x6310;0x6311;0x6312;0x6313;0x6314;0x6315;0x6500;0x6510,WQLHB;WQMHB;WQNHB;WQSHB,WQLHB;WQMHB;WQNHB;WQSHB,,WQLHB;WQMHB;WQNHB;WQSHB,no,
HAMM01,21,HAMMER,weapon,5748,WH,yes,,data/Items.bif,0x00100256,34898E90F12B179B663EDB23A9A4C3296BA7F8E3C913B2B60376EA73F464990B,78,78,0x5000;0x5001;0x5002;0x5003;0x5010;0x5011;0x5012;0x5013;0x5100;0x5101;0x5102;0x5103;0x5110;0x5111;0x5112;0x5113;0x5200;0x5201;0x5202;0x5210;0x5211;0x5212;0x5300;0x5301;0x5302;0x5303;0x5310;0x5311;0x5312;0x5313;0x6000;0x6001;0x6002;0x6003;0x6004;0x6005;0x6010;0x6011;0x6012;0x6013;0x6014;0x6015;0x6100;0x6101;0x6102;0x6103;0x6104;0x6105;0x6110;0x6111;0x6112;0x6113;0x6114;0x6115;0x6200;0x6201;0x6202;0x6204;0x6205;0x6210;0x6211;0x6212;0x6214;0x6215;0x6300;0x6301;0x6302;0x6303;0x6304;0x6305;0x6310;0x6311;0x6312;0x6313;0x6314;0x6315;0x6500;0x6510,WQLWH;WQMWH;WQNWH;WQSWH,WQLWH;WQMWH;WQNWH;WQSWH,,WQLWH;WQMWH;WQNWH;WQSWH,no,
HAMM02,21,HAMMER,weapon,5748,WH,yes,,data/Items.bif,0x00100257,4DBEFDF1490FCBD8C82492620EBA30300B3DD6EE0FC98BFAC49C1FCE390B2371,78,78,0x5000;0x5001;0x5002;0x5003;0x5010;0x5011;0x5012;0x5013;0x5100;0x5101;0x5102;0x5103;0x5110;0x5111;0x5112;0x5113;0x5200;0x5201;0x5202;0x5210;0x5211;0x5212;0x5300;0x5301;0x5302;0x5303;0x5310;0x5311;0x5312;0x5313;0x6000;0x6001;0x6002;0x6003;0x6004;0x6005;0x6010;0x6011;0x6012;0x6013;0x6014;0x6015;0x6100;0x6101;0x6102;0x6103;0x6104;0x6105;0x6110;0x6111;0x6112;0x6113;0x6114;0x6115;0x6200;0x6201;0x6202;0x6204;0x6205;0x6210;0x6211;0x6212;0x6214;0x6215;0x6300;0x6301;0x6302;0x6303;0x6304;0x6305;0x6310;0x6311;0x6312;0x6313;0x6314;0x6315;0x6500;0x6510,WQLWH;WQMWH;WQNWH;WQSWH,WQLWH;WQMWH;WQNWH;WQSWH,,WQLWH;WQMWH;WQNWH;WQSWH,no,
HAMM03,21,HAMMER,weapon,5748,WH,yes,,data/Items.bif,0x00100258,AE5E83DEB4B31987F7A21E857F62029D1A91514C4E1C942B674C6D5230715ADB,78,78,0x5000;0x5001;0x5002;0x5003;0x5010;0x5011;0x5012;0x5013;0x5100;0x5101;0x5102;0x5103;0x5110;0x5111;0x5112;0x5113;0x5200;0x5201;0x5202;0x5210;0x5211;0x5212;0x5300;0x5301;0x5302;0x5303;0x5310;0x5311;0x5312;0x5313;0x6000;0x6001;0x6002;0x6003;0x6004;0x6005;0x6010;0x6011;0x6012;0x6013;0x6014;0x6015;0x6100;0x6101;0x6102;0x6103;0x6104;0x6105;0x6110;0x6111;0x6112;0x6113;0x6114;0x6115;0x6200;0x6201;0x6202;0x6204;0x6205;0x6210;0x6211;0x6212;0x6214;0x6215;0x6300;0x6301;0x6302;0x6303;0x6304;0x6305;0x6310;0x6311;0x6312;0x6313;0x6314;0x6315;0x6500;0x6510,WQLWH;WQMWH;WQNWH;WQSWH,WQLWH;WQMWH;WQNWH;WQSWH,,WQLWH;WQMWH;WQNWH;WQSWH,no,
HAMM04,21,HAMMER,weapon,5748,WH,yes,,data/Items.bif,0x00100259,E362F7E1359D6F8A44BA1C06C44BAFAC0C0FE7BC2E193823C9EA4C0A168F8DF0,78,78,0x5000;0x5001;0x5002;0x5003;0x5010;0x5011;0x5012;0x5013;0x5100;0x5101;0x5102;0x5103;0x5110;0x5111;0x5112;0x5113;0x5200;0x5201;0x5202;0x5210;0x5211;0x5212;0x5300;0x5301;0x5302;0x5303;0x5310;0x5311;0x5312;0x5313;0x6000;0x6001;0x6002;0x6003;0x6004;0x6005;0x6010;0x6011;0x6012;0x6013;0x6014;0x6015;0x6100;0x6101;0x6102;0x6103;0x6104;0x6105;0x6110;0x6111;0x6112;0x6113;0x6114;0x6115;0x6200;0x6201;0x6202;0x6204;0x6205;0x6210;0x6211;0x6212;0x6214;0x6215;0x6300;0x6301;0x6302;0x6303;0x6304;0x6305;0x6310;0x6311;0x6312;0x6313;0x6314;0x6315;0x6500;0x6510,WQLWH;WQMWH;WQNWH;WQSWH,WQLWH;WQMWH;WQNWH;WQSWH,,WQLWH;WQMWH;WQNWH;WQSWH,no,
HAMM05,21,HAMMER,weapon,5748,WH,yes,,data/Items.bif,0x0010025A,8BFA33C4D123B7469893DB1D0643A8538A9A4B219E9119AFFC5E59FD1D7451B9,78,78,0x5000;0x5001;0x5002;0x5003;0x5010;0x5011;0x5012;0x5013;0x5100;0x5101;0x5102;0x5103;0x5110;0x5111;0x5112;0x5113;0x5200;0x5201;0x5202;0x5210;0x5211;0x5212;0x5300;0x5301;0x5302;0x5303;0x5310;0x5311;0x5312;0x5313;0x6000;0x6001;0x6002;0x6003;0x6004;0x6005;0x6010;0x6011;0x6012;0x6013;0x6014;0x6015;0x6100;0x6101;0x6102;0x6103;0x6104;0x6105;0x6110;0x6111;0x6112;0x6113;0x6114;0x6115;0x6200;0x6201;0x6202;0x6204;0x6205;0x6210;0x6211;0x6212;0x6214;0x6215;0x6300;0x6301;0x6302;0x6303;0x6304;0x6305;0x6310;0x6311;0x6312;0x6313;0x6314;0x6315;0x6500;0x6510,WQLWH;WQMWH;WQNWH;WQSWH,WQLWH;WQMWH;WQNWH;WQSWH,,WQLWH;WQMWH;WQNWH;WQSWH,no,
HAMM06,21,HAMMER,weapon,5748,WH,yes,,data/Items.bif,0x0010025B,F4B634638DD9C8F227732ACFB879C78489B137ACB33F58E692E46437D53B465A,78,78,0x5000;0x5001;0x5002;0x5003;0x5010;0x5011;0x5012;0x5013;0x5100;0x5101;0x5102;0x5103;0x5110;0x5111;0x5112;0x5113;0x5200;0x5201;0x5202;0x5210;0x5211;0x5212;0x5300;0x5301;0x5302;0x5303;0x5310;0x5311;0x5312;0x5313;0x6000;0x6001;0x6002;0x6003;0x6004;0x6005;0x6010;0x6011;0x6012;0x6013;0x6014;0x6015;0x6100;0x6101;0x6102;0x6103;0x6104;0x6105;0x6110;0x6111;0x6112;0x6113;0x6114;0x6115;0x6200;0x6201;0x6202;0x6204;0x6205;0x6210;0x6211;0x6212;0x6214;0x6215;0x6300;0x6301;0x6302;0x6303;0x6304;0x6305;0x6310;0x6311;0x6312;0x6313;0x6314;0x6315;0x6500;0x6510,WQLWH;WQMWH;WQNWH;WQSWH,WQLWH;WQMWH;WQNWH;WQSWH,,WQLWH;WQMWH;WQNWH;WQSWH,no,
HAMM07,21,HAMMER,weapon,5748,WH,yes,,data/Items.bif,0x0010025C,A68A67A718A069EAE4BA008974B56006E25211B940F8B6E4128F56555F2E85AA,78,78,0x5000;0x5001;0x5002;0x5003;0x5010;0x5011;0x5012;0x5013;0x5100;0x5101;0x5102;0x5103;0x5110;0x5111;0x5112;0x5113;0x5200;0x5201;0x5202;0x5210;0x5211;0x5212;0x5300;0x5301;0x5302;0x5303;0x5310;0x5311;0x5312;0x5313;0x6000;0x6001;0x6002;0x6003;0x6004;0x6005;0x6010;0x6011;0x6012;0x6013;0x6014;0x6015;0x6100;0x6101;0x6102;0x6103;0x6104;0x6105;0x6110;0x6111;0x6112;0x6113;0x6114;0x6115;0x6200;0x6201;0x6202;0x6204;0x6205;0x6210;0x6211;0x6212;0x6214;0x6215;0x6300;0x6301;0x6302;0x6303;0x6304;0x6305;0x6310;0x6311;0x6312;0x6313;0x6314;0x6315;0x6500;0x6510,WQLWH;WQMWH;WQNWH;WQSWH,WQLWH;WQMWH;WQNWH;WQSWH,,WQLWH;WQMWH;WQNWH;WQSWH,no,
HAMM08,21,HAMMER,weapon,5748,WH,yes,,data/Items.bif,0x0010025D,E5ACD2B0B2F749119C74E9594F4B552BDAE1E2DD73508FCAEF3EC5C616D8308F,78,78,0x5000;0x5001;0x5002;0x5003;0x5010;0x5011;0x5012;0x5013;0x5100;0x5101;0x5102;0x5103;0x5110;0x5111;0x5112;0x5113;0x5200;0x5201;0x5202;0x5210;0x5211;0x5212;0x5300;0x5301;0x5302;0x5303;0x5310;0x5311;0x5312;0x5313;0x6000;0x6001;0x6002;0x6003;0x6004;0x6005;0x6010;0x6011;0x6012;0x6013;0x6014;0x6015;0x6100;0x6101;0x6102;0x6103;0x6104;0x6105;0x6110;0x6111;0x6112;0x6113;0x6114;0x6115;0x6200;0x6201;0x6202;0x6204;0x6205;0x6210;0x6211;0x6212;0x6214;0x6215;0x6300;0x6301;0x6302;0x6303;0x6304;0x6305;0x6310;0x6311;0x6312;0x6313;0x6314;0x6315;0x6500;0x6510,WQLWH;WQMWH;WQNWH;WQSWH,WQLWH;WQMWH;WQNWH;WQSWH,,WQLWH;WQMWH;WQNWH;WQSWH,no,
HAMM09,21,HAMMER,weapon,5748,WH,yes,,data/Items.bif,0x0010025E,CF7AEE0415E89B355B03D3D95D466EA931BAFB75C21326B48B83C86179D55DA4,78,78,0x5000;0x5001;0x5002;0x5003;0x5010;0x5011;0x5012;0x5013;0x5100;0x5101;0x5102;0x5103;0x5110;0x5111;0x5112;0x5113;0x5200;0x5201;0x5202;0x5210;0x5211;0x5212;0x5300;0x5301;0x5302;0x5303;0x5310;0x5311;0x5312;0x5313;0x6000;0x6001;0x6002;0x6003;0x6004;0x6005;0x6010;0x6011;0x6012;0x6013;0x6014;0x6015;0x6100;0x6101;0x6102;0x6103;0x6104;0x6105;0x6110;0x6111;0x6112;0x6113;0x6114;0x6115;0x6200;0x6201;0x6202;0x6204;0x6205;0x6210;0x6211;0x6212;0x6214;0x6215;0x6300;0x6301;0x6302;0x6303;0x6304;0x6305;0x6310;0x6311;0x6312;0x6313;0x6314;0x6315;0x6500;0x6510,WQLWH;WQMWH;WQNWH;WQSWH,WQLWH;WQMWH;WQNWH;WQSWH,,WQLWH;WQMWH;WQNWH;WQSWH,no,
HAMM10,21,HAMMER,weapon,5748,WH,yes,,data/25Items.bif,0x084000DA,7817901959ACAEF3028CA0C4C48E1273BDE7BE1CD6ABF239E87C4D17D13556E9,78,78,0x5000;0x5001;0x5002;0x5003;0x5010;0x5011;0x5012;0x5013;0x5100;0x5101;0x5102;0x5103;0x5110;0x5111;0x5112;0x5113;0x5200;0x5201;0x5202;0x5210;0x5211;0x5212;0x5300;0x5301;0x5302;0x5303;0x5310;0x5311;0x5312;0x5313;0x6000;0x6001;0x6002;0x6003;0x6004;0x6005;0x6010;0x6011;0x6012;0x6013;0x6014;0x6015;0x6100;0x6101;0x6102;0x6103;0x6104;0x6105;0x6110;0x6111;0x6112;0x6113;0x6114;0x6115;0x6200;0x6201;0x6202;0x6204;0x6205;0x6210;0x6211;0x6212;0x6214;0x6215;0x6300;0x6301;0x6302;0x6303;0x6304;0x6305;0x6310;0x6311;0x6312;0x6313;0x6314;0x6315;0x6500;0x6510,WQLWH;WQMWH;WQNWH;WQSWH,WQLWH;WQMWH;WQNWH;WQSWH,,WQLWH;WQMWH;WQNWH;WQSWH,no,
HAMM11,21,HAMMER,weapon,5748,WH,yes,,data/25Items.bif,0x084000DB,BA967D4F28C1278D292687C54E002C2CAC6B76E7043447AED0F4248504903D4C,78,78,0x5000;0x5001;0x5002;0x5003;0x5010;0x5011;0x5012;0x5013;0x5100;0x5101;0x5102;0x5103;0x5110;0x5111;0x5112;0x5113;0x5200;0x5201;0x5202;0x5210;0x5211;0x5212;0x5300;0x5301;0x5302;0x5303;0x5310;0x5311;0x5312;0x5313;0x6000;0x6001;0x6002;0x6003;0x6004;0x6005;0x6010;0x6011;0x6012;0x6013;0x6014;0x6015;0x6100;0x6101;0x6102;0x6103;0x6104;0x6105;0x6110;0x6111;0x6112;0x6113;0x6114;0x6115;0x6200;0x6201;0x6202;0x6204;0x6205;0x6210;0x6211;0x6212;0x6214;0x6215;0x6300;0x6301;0x6302;0x6303;0x6304;0x6305;0x6310;0x6311;0x6312;0x6313;0x6314;0x6315;0x6500;0x6510,WQLWH;WQMWH;WQNWH;WQSWH,WQLWH;WQMWH;WQNWH;WQSWH,,WQLWH;WQMWH;WQNWH;WQSWH,no,
HAMM12,21,HAMMER,weapon,5748,WH,yes,,data/25Items.bif,0x084000DC,EE68EEDC23A6F87E86DA49AD459F75DD3410EDBBF2AA578E28F356B264251387,78,78,0x5000;0x5001;0x5002;0x5003;0x5010;0x5011;0x5012;0x5013;0x5100;0x5101;0x5102;0x5103;0x5110;0x5111;0x5112;0x5113;0x5200;0x5201;0x5202;0x5210;0x5211;0x5212;0x5300;0x5301;0x5302;0x5303;0x5310;0x5311;0x5312;0x5313;0x6000;0x6001;0x6002;0x6003;0x6004;0x6005;0x6010;0x6011;0x6012;0x6013;0x6014;0x6015;0x6100;0x6101;0x6102;0x6103;0x6104;0x6105;0x6110;0x6111;0x6112;0x6113;0x6114;0x6115;0x6200;0x6201;0x6202;0x6204;0x6205;0x6210;0x6211;0x6212;0x6214;0x6215;0x6300;0x6301;0x6302;0x6303;0x6304;0x6305;0x6310;0x6311;0x6312;0x6313;0x6314;0x6315;0x6500;0x6510,WQLWH;WQMWH;WQNWH;WQSWH,WQLWH;WQMWH;WQNWH;WQSWH,,WQLWH;WQMWH;WQNWH;WQSWH,no,
HARM,28,FIST,weapon,2020,,no,,data/Items.bif,0x0010025F,58E31ADC802500F6B446AA2280FE2EFFF54844C820046B6DDE8B39B23EAC9BAB,0,0,,,,,,no,no-compatible-character-family;visual-animation-code-invalid
HASTRING,10,RING,,2020,,no,,data/Items.bif,0x00100260,262E22AB85E504155C1DEFC1004B6088C57372937E9F1B97F0298C443503E828,0,0,,,,,,no,
HAUNT1,0,MISC,,2020,,no,,data/Items.bif,0x00100261,13D21DA0FB6A3FCD975116CA705CAF0BA1A718D074C09E0DA94F132CB1369499,0,0,,,,,,no,
HELLHO,0,MISC,,2020,,no,,data/Items.bif,0x00100262,C0ACF296FC0E5742CAFBCC29964BAA3F0F95E81EBB7C45BA7F38F5AEC1066C0D,0,0,,,,,,no,
HELLHOUN,28,FIST,weapon,4836,H6,yes,,data/Items.bif,0x00100263,005BF26A68F934428F7D92B2C585E17F7A76585ACFCDC505C71E0D2340B0E6EC,78,78,0x5000;0x5001;0x5002;0x5003;0x5010;0x5011;0x5012;0x5013;0x5100;0x5101;0x5102;0x5103;0x5110;0x5111;0x5112;0x5113;0x5200;0x5201;0x5202;0x5210;0x5211;0x5212;0x5300;0x5301;0x5302;0x5303;0x5310;0x5311;0x5312;0x5313;0x6000;0x6001;0x6002;0x6003;0x6004;0x6005;0x6010;0x6011;0x6012;0x6013;0x6014;0x6015;0x6100;0x6101;0x6102;0x6103;0x6104;0x6105;0x6110;0x6111;0x6112;0x6113;0x6114;0x6115;0x6200;0x6201;0x6202;0x6204;0x6205;0x6210;0x6211;0x6212;0x6214;0x6215;0x6300;0x6301;0x6302;0x6303;0x6304;0x6305;0x6310;0x6311;0x6312;0x6313;0x6314;0x6315;0x6500;0x6510,WQLH6;WQMH6;WQNH6;WQSH6,WQLH6;WQMH6;WQNH6;WQSH6,,WQLH6;WQMH6;WQNH6;WQSH6,no,
HELM01,7,HELMET,helmet,4A36,J6,yes,,data/Items.bif,0x00100264,AFEFDBBF4AD478BCB8FA7B312849D1323F9F6CFF4446D73A2DAA3C8F0F22A829,78,78,0x5000;0x5001;0x5002;0x5003;0x5010;0x5011;0x5012;0x5013;0x5100;0x5101;0x5102;0x5103;0x5110;0x5111;0x5112;0x5113;0x5200;0x5201;0x5202;0x5210;0x5211;0x5212;0x5300;0x5301;0x5302;0x5303;0x5310;0x5311;0x5312;0x5313;0x6000;0x6001;0x6002;0x6003;0x6004;0x6005;0x6010;0x6011;0x6012;0x6013;0x6014;0x6015;0x6100;0x6101;0x6102;0x6103;0x6104;0x6105;0x6110;0x6111;0x6112;0x6113;0x6114;0x6115;0x6200;0x6201;0x6202;0x6204;0x6205;0x6210;0x6211;0x6212;0x6214;0x6215;0x6300;0x6301;0x6302;0x6303;0x6304;0x6305;0x6310;0x6311;0x6312;0x6313;0x6314;0x6315;0x6500;0x6510,WQLJ6;WQMJ6;WQNJ6;WQSJ6,WQLJ6;WQMJ6;WQNJ6;WQSJ6,,WQLJ6;WQMJ6;WQNJ6;WQSJ6,no,
HELM02,7,HELMET,helmet,4A33,J3,yes,,data/Items.bif,0x00100265,39F733AECD153117A67282493FE0933CCBB64CA30BA7498C2768ED83B5BB31A6,78,78,0x5000;0x5001;0x5002;0x5003;0x5010;0x5011;0x5012;0x5013;0x5100;0x5101;0x5102;0x5103;0x5110;0x5111;0x5112;0x5113;0x5200;0x5201;0x5202;0x5210;0x5211;0x5212;0x5300;0x5301;0x5302;0x5303;0x5310;0x5311;0x5312;0x5313;0x6000;0x6001;0x6002;0x6003;0x6004;0x6005;0x6010;0x6011;0x6012;0x6013;0x6014;0x6015;0x6100;0x6101;0x6102;0x6103;0x6104;0x6105;0x6110;0x6111;0x6112;0x6113;0x6114;0x6115;0x6200;0x6201;0x6202;0x6204;0x6205;0x6210;0x6211;0x6212;0x6214;0x6215;0x6300;0x6301;0x6302;0x6303;0x6304;0x6305;0x6310;0x6311;0x6312;0x6313;0x6314;0x6315;0x6500;0x6510,WQLJ3;WQMJ3;WQNJ3;WQSJ3,WQLJ3;WQMJ3;WQNJ3;WQSJ3,,WQLJ3;WQMJ3;WQNJ3;WQSJ3,no,
HELM03,7,HELMET,helmet,4A38,J8,yes,,data/Items.bif,0x00100266,5336E0BD165ADB3D2696D68A2E97C4ED50DD1AD1BCE398F5F64F692798B2A2C0,78,78,0x5000;0x5001;0x5002;0x5003;0x5010;0x5011;0x5012;0x5013;0x5100;0x5101;0x5102;0x5103;0x5110;0x5111;0x5112;0x5113;0x5200;0x5201;0x5202;0x5210;0x5211;0x5212;0x5300;0x5301;0x5302;0x5303;0x5310;0x5311;0x5312;0x5313;0x6000;0x6001;0x6002;0x6003;0x6004;0x6005;0x6010;0x6011;0x6012;0x6013;0x6014;0x6015;0x6100;0x6101;0x6102;0x6103;0x6104;0x6105;0x6110;0x6111;0x6112;0x6113;0x6114;0x6115;0x6200;0x6201;0x6202;0x6204;0x6205;0x6210;0x6211;0x6212;0x6214;0x6215;0x6300;0x6301;0x6302;0x6303;0x6304;0x6305;0x6310;0x6311;0x6312;0x6313;0x6314;0x6315;0x6500;0x6510,WQLJ8;WQMJ8;WQNJ8;WQSJ8,WQLJ8;WQMJ8;WQNJ8;WQSJ8,,WQLJ8;WQMJ8;WQNJ8;WQSJ8,no,
HELM04,7,HELMET,helmet,4A31,J1,yes,,data/Items.bif,0x00100267,8F3B3FD59CDF0D3CDE0AAAC762D94B17DBE69AA7BF06C77AF79F2AC9198792B5,78,78,0x5000;0x5001;0x5002;0x5003;0x5010;0x5011;0x5012;0x5013;0x5100;0x5101;0x5102;0x5103;0x5110;0x5111;0x5112;0x5113;0x5200;0x5201;0x5202;0x5210;0x5211;0x5212;0x5300;0x5301;0x5302;0x5303;0x5310;0x5311;0x5312;0x5313;0x6000;0x6001;0x6002;0x6003;0x6004;0x6005;0x6010;0x6011;0x6012;0x6013;0x6014;0x6015;0x6100;0x6101;0x6102;0x6103;0x6104;0x6105;0x6110;0x6111;0x6112;0x6113;0x6114;0x6115;0x6200;0x6201;0x6202;0x6204;0x6205;0x6210;0x6211;0x6212;0x6214;0x6215;0x6300;0x6301;0x6302;0x6303;0x6304;0x6305;0x6310;0x6311;0x6312;0x6313;0x6314;0x6315;0x6500;0x6510,WQLJ1;WQMJ1;WQNJ1;WQSJ1,WQLJ1;WQMJ1;WQNJ1;WQSJ1,,WQLJ1;WQMJ1;WQNJ1;WQSJ1,no,
HELM05,7,HELMET,helmet,4A41,JA,yes,,data/Items.bif,0x00100268,3C2528560C1AE965503FAF1EA51394D85368322ADD01C3FB06E56125D1A57A92,78,78,0x5000;0x5001;0x5002;0x5003;0x5010;0x5011;0x5012;0x5013;0x5100;0x5101;0x5102;0x5103;0x5110;0x5111;0x5112;0x5113;0x5200;0x5201;0x5202;0x5210;0x5211;0x5212;0x5300;0x5301;0x5302;0x5303;0x5310;0x5311;0x5312;0x5313;0x6000;0x6001;0x6002;0x6003;0x6004;0x6005;0x6010;0x6011;0x6012;0x6013;0x6014;0x6015;0x6100;0x6101;0x6102;0x6103;0x6104;0x6105;0x6110;0x6111;0x6112;0x6113;0x6114;0x6115;0x6200;0x6201;0x6202;0x6204;0x6205;0x6210;0x6211;0x6212;0x6214;0x6215;0x6300;0x6301;0x6302;0x6303;0x6304;0x6305;0x6310;0x6311;0x6312;0x6313;0x6314;0x6315;0x6500;0x6510,WQLJA;WQMJA;WQNJA;WQSJA,WQLJA;WQMJA;WQNJA;WQSJA,,WQLJA;WQMJA;WQNJA;WQSJA,no,
HELM06,7,HELMET,helmet,4A41,JA,yes,,data/Items.bif,0x00100269,B497189152ADB6AC4ED4CE18374213449791647BDFAD0895E60AA6F454C1385A,78,78,0x5000;0x5001;0x5002;0x5003;0x5010;0x5011;0x5012;0x5013;0x5100;0x5101;0x5102;0x5103;0x5110;0x5111;0x5112;0x5113;0x5200;0x5201;0x5202;0x5210;0x5211;0x5212;0x5300;0x5301;0x5302;0x5303;0x5310;0x5311;0x5312;0x5313;0x6000;0x6001;0x6002;0x6003;0x6004;0x6005;0x6010;0x6011;0x6012;0x6013;0x6014;0x6015;0x6100;0x6101;0x6102;0x6103;0x6104;0x6105;0x6110;0x6111;0x6112;0x6113;0x6114;0x6115;0x6200;0x6201;0x6202;0x6204;0x6205;0x6210;0x6211;0x6212;0x6214;0x6215;0x6300;0x6301;0x6302;0x6303;0x6304;0x6305;0x6310;0x6311;0x6312;0x6313;0x6314;0x6315;0x6500;0x6510,WQLJA;WQMJA;WQNJA;WQSJA,WQLJA;WQMJA;WQNJA;WQSJA,,WQLJA;WQMJA;WQNJA;WQSJA,no,
HELM07,7,HELMET,helmet,4A37,J7,yes,,data/Items.bif,0x0010026A,AF952765DB348461CB2C26453DA32F7446A14ECA5E4AB6D7AAFE1F1F1FCF2978,78,78,0x5000;0x5001;0x5002;0x5003;0x5010;0x5011;0x5012;0x5013;0x5100;0x5101;0x5102;0x5103;0x5110;0x5111;0x5112;0x5113;0x5200;0x5201;0x5202;0x5210;0x5211;0x5212;0x5300;0x5301;0x5302;0x5303;0x5310;0x5311;0x5312;0x5313;0x6000;0x6001;0x6002;0x6003;0x6004;0x6005;0x6010;0x6011;0x6012;0x6013;0x6014;0x6015;0x6100;0x6101;0x6102;0x6103;0x6104;0x6105;0x6110;0x6111;0x6112;0x6113;0x6114;0x6115;0x6200;0x6201;0x6202;0x6204;0x6205;0x6210;0x6211;0x6212;0x6214;0x6215;0x6300;0x6301;0x6302;0x6303;0x6304;0x6305;0x6310;0x6311;0x6312;0x6313;0x6314;0x6315;0x6500;0x6510,WQLJ7;WQMJ7;WQNJ7;WQSJ7,WQLJ7;WQMJ7;WQNJ7;WQSJ7,,WQLJ7;WQMJ7;WQNJ7;WQSJ7,no,
HELM08,7,HELMET,helmet,4A38,J8,yes,,data/Items.bif,0x0010026B,FA2ECB862E152F366176760D526AFC597458A4D319D0AB90E030711CEE6A890D,78,78,0x5000;0x5001;0x5002;0x5003;0x5010;0x5011;0x5012;0x5013;0x5100;0x5101;0x5102;0x5103;0x5110;0x5111;0x5112;0x5113;0x5200;0x5201;0x5202;0x5210;0x5211;0x5212;0x5300;0x5301;0x5302;0x5303;0x5310;0x5311;0x5312;0x5313;0x6000;0x6001;0x6002;0x6003;0x6004;0x6005;0x6010;0x6011;0x6012;0x6013;0x6014;0x6015;0x6100;0x6101;0x6102;0x6103;0x6104;0x6105;0x6110;0x6111;0x6112;0x6113;0x6114;0x6115;0x6200;0x6201;0x6202;0x6204;0x6205;0x6210;0x6211;0x6212;0x6214;0x6215;0x6300;0x6301;0x6302;0x6303;0x6304;0x6305;0x6310;0x6311;0x6312;0x6313;0x6314;0x6315;0x6500;0x6510,WQLJ8;WQMJ8;WQNJ8;WQSJ8,WQLJ8;WQMJ8;WQNJ8;WQSJ8,,WQLJ8;WQMJ8;WQNJ8;WQSJ8,no,
HELM09,7,HELMET,helmet,4A39,J9,yes,,data/Items.bif,0x0010026C,7E8DEAFD7DFB7D8F0A9E6F8C88C4CBFF8F9C78E4805E0C07A23CAE24558A051F,78,78,0x5000;0x5001;0x5002;0x5003;0x5010;0x5011;0x5012;0x5013;0x5100;0x5101;0x5102;0x5103;0x5110;0x5111;0x5112;0x5113;0x5200;0x5201;0x5202;0x5210;0x5211;0x5212;0x5300;0x5301;0x5302;0x5303;0x5310;0x5311;0x5312;0x5313;0x6000;0x6001;0x6002;0x6003;0x6004;0x6005;0x6010;0x6011;0x6012;0x6013;0x6014;0x6015;0x6100;0x6101;0x6102;0x6103;0x6104;0x6105;0x6110;0x6111;0x6112;0x6113;0x6114;0x6115;0x6200;0x6201;0x6202;0x6204;0x6205;0x6210;0x6211;0x6212;0x6214;0x6215;0x6300;0x6301;0x6302;0x6303;0x6304;0x6305;0x6310;0x6311;0x6312;0x6313;0x6314;0x6315;0x6500;0x6510,WQLJ9;WQMJ9;WQNJ9;WQSJ9,WQLJ9;WQMJ9;WQNJ9;WQSJ9,,WQLJ9;WQMJ9;WQNJ9;WQSJ9,no,
HELM10,7,HELMET,helmet,4A41,JA,yes,,data/Items.bif,0x0010026D,3547F5C2C0A33BAE6EA6A1F91DC2134C9C6075F5B5427E29067119743AD0F086,78,78,0x5000;0x5001;0x5002;0x5003;0x5010;0x5011;0x5012;0x5013;0x5100;0x5101;0x5102;0x5103;0x5110;0x5111;0x5112;0x5113;0x5200;0x5201;0x5202;0x5210;0x5211;0x5212;0x5300;0x5301;0x5302;0x5303;0x5310;0x5311;0x5312;0x5313;0x6000;0x6001;0x6002;0x6003;0x6004;0x6005;0x6010;0x6011;0x6012;0x6013;0x6014;0x6015;0x6100;0x6101;0x6102;0x6103;0x6104;0x6105;0x6110;0x6111;0x6112;0x6113;0x6114;0x6115;0x6200;0x6201;0x6202;0x6204;0x6205;0x6210;0x6211;0x6212;0x6214;0x6215;0x6300;0x6301;0x6302;0x6303;0x6304;0x6305;0x6310;0x6311;0x6312;0x6313;0x6314;0x6315;0x6500;0x6510,WQLJA;WQMJA;WQNJA;WQSJA,WQLJA;WQMJA;WQNJA;WQSJA,,WQLJA;WQMJA;WQNJA;WQSJA,no,
HELM11,7,HELMET,helmet,4A36,J6,yes,,data/Items.bif,0x0010026E,3492FED3F3A0181E908C92711D0DB486D8F856F2B53B41AF8758DBCC8822099F,78,78,0x5000;0x5001;0x5002;0x5003;0x5010;0x5011;0x5012;0x5013;0x5100;0x5101;0x5102;0x5103;0x5110;0x5111;0x5112;0x5113;0x5200;0x5201;0x5202;0x5210;0x5211;0x5212;0x5300;0x5301;0x5302;0x5303;0x5310;0x5311;0x5312;0x5313;0x6000;0x6001;0x6002;0x6003;0x6004;0x6005;0x6010;0x6011;0x6012;0x6013;0x6014;0x6015;0x6100;0x6101;0x6102;0x6103;0x6104;0x6105;0x6110;0x6111;0x6112;0x6113;0x6114;0x6115;0x6200;0x6201;0x6202;0x6204;0x6205;0x6210;0x6211;0x6212;0x6214;0x6215;0x6300;0x6301;0x6302;0x6303;0x6304;0x6305;0x6310;0x6311;0x6312;0x6313;0x6314;0x6315;0x6500;0x6510,WQLJ6;WQMJ6;WQNJ6;WQSJ6,WQLJ6;WQMJ6;WQNJ6;WQSJ6,,WQLJ6;WQMJ6;WQNJ6;WQSJ6,no,
HELM12,7,HELMET,helmet,4A43,JC,yes,,data/Items.bif,0x0010026F,82457F1945B3658FD309906DD94719325C1A0A968FC189C07E6781326E16852A,78,78,0x5000;0x5001;0x5002;0x5003;0x5010;0x5011;0x5012;0x5013;0x5100;0x5101;0x5102;0x5103;0x5110;0x5111;0x5112;0x5113;0x5200;0x5201;0x5202;0x5210;0x5211;0x5212;0x5300;0x5301;0x5302;0x5303;0x5310;0x5311;0x5312;0x5313;0x6000;0x6001;0x6002;0x6003;0x6004;0x6005;0x6010;0x6011;0x6012;0x6013;0x6014;0x6015;0x6100;0x6101;0x6102;0x6103;0x6104;0x6105;0x6110;0x6111;0x6112;0x6113;0x6114;0x6115;0x6200;0x6201;0x6202;0x6204;0x6205;0x6210;0x6211;0x6212;0x6214;0x6215;0x6300;0x6301;0x6302;0x6303;0x6304;0x6305;0x6310;0x6311;0x6312;0x6313;0x6314;0x6315;0x6500;0x6510,WQLJC;WQMJC;WQNJC;WQSJC,WQLJC;WQMJC;WQNJC;WQSJC,,WQLJC;WQMJC;WQNJC;WQSJC,no,
HELM13,7,HELMET,helmet,4A35,J5,yes,,data/Items.bif,0x00100270,BA65569AB1C31F663D6BC4D48559B0B3E55F5D5EF6A5FE7CE3E0D702D9228122,78,78,0x5000;0x5001;0x5002;0x5003;0x5010;0x5011;0x5012;0x5013;0x5100;0x5101;0x5102;0x5103;0x5110;0x5111;0x5112;0x5113;0x5200;0x5201;0x5202;0x5210;0x5211;0x5212;0x5300;0x5301;0x5302;0x5303;0x5310;0x5311;0x5312;0x5313;0x6000;0x6001;0x6002;0x6003;0x6004;0x6005;0x6010;0x6011;0x6012;0x6013;0x6014;0x6015;0x6100;0x6101;0x6102;0x6103;0x6104;0x6105;0x6110;0x6111;0x6112;0x6113;0x6114;0x6115;0x6200;0x6201;0x6202;0x6204;0x6205;0x6210;0x6211;0x6212;0x6214;0x6215;0x6300;0x6301;0x6302;0x6303;0x6304;0x6305;0x6310;0x6311;0x6312;0x6313;0x6314;0x6315;0x6500;0x6510,WQLJ5;WQMJ5;WQNJ5;WQSJ5,WQLJ5;WQMJ5;WQNJ5;WQSJ5,,WQLJ5;WQMJ5;WQNJ5;WQSJ5,no,
HELM14,7,HELMET,helmet,4A37,J7,yes,,data/Items.bif,0x00100271,CBE3A0E7BD9659AC7E08E300F0A83FDF875C58455409EBF3EF0B15D0F1719B06,78,78,0x5000;0x5001;0x5002;0x5003;0x5010;0x5011;0x5012;0x5013;0x5100;0x5101;0x5102;0x5103;0x5110;0x5111;0x5112;0x5113;0x5200;0x5201;0x5202;0x5210;0x5211;0x5212;0x5300;0x5301;0x5302;0x5303;0x5310;0x5311;0x5312;0x5313;0x6000;0x6001;0x6002;0x6003;0x6004;0x6005;0x6010;0x6011;0x6012;0x6013;0x6014;0x6015;0x6100;0x6101;0x6102;0x6103;0x6104;0x6105;0x6110;0x6111;0x6112;0x6113;0x6114;0x6115;0x6200;0x6201;0x6202;0x6204;0x6205;0x6210;0x6211;0x6212;0x6214;0x6215;0x6300;0x6301;0x6302;0x6303;0x6304;0x6305;0x6310;0x6311;0x6312;0x6313;0x6314;0x6315;0x6500;0x6510,WQLJ7;WQMJ7;WQNJ7;WQSJ7,WQLJ7;WQMJ7;WQNJ7;WQSJ7,,WQLJ7;WQMJ7;WQNJ7;WQSJ7,no,
HELM15,7,HELMET,helmet,4A30,J0,yes,,data/Items.bif,0x00100272,C46B62358E9C148B31C7CCEBB11B9AB36207EDAE3BB29796FC9B2B0960EE4E40,78,78,0x5000;0x5001;0x5002;0x5003;0x5010;0x5011;0x5012;0x5013;0x5100;0x5101;0x5102;0x5103;0x5110;0x5111;0x5112;0x5113;0x5200;0x5201;0x5202;0x5210;0x5211;0x5212;0x5300;0x5301;0x5302;0x5303;0x5310;0x5311;0x5312;0x5313;0x6000;0x6001;0x6002;0x6003;0x6004;0x6005;0x6010;0x6011;0x6012;0x6013;0x6014;0x6015;0x6100;0x6101;0x6102;0x6103;0x6104;0x6105;0x6110;0x6111;0x6112;0x6113;0x6114;0x6115;0x6200;0x6201;0x6202;0x6204;0x6205;0x6210;0x6211;0x6212;0x6214;0x6215;0x6300;0x6301;0x6302;0x6303;0x6304;0x6305;0x6310;0x6311;0x6312;0x6313;0x6314;0x6315;0x6500;0x6510,WQLJ0;WQMJ0;WQNJ0;WQSJ0,WQLJ0;WQMJ0;WQNJ0;WQSJ0,,WQLJ0;WQMJ0;WQNJ0;WQSJ0,no,
HELM16,7,HELMET,helmet,4A34,J4,yes,,data/Items.bif,0x00100273,A3FA18A5C574CE93C4C577212EA59250BC5A316398E45FF3095C01C842A355A1,78,78,0x5000;0x5001;0x5002;0x5003;0x5010;0x5011;0x5012;0x5013;0x5100;0x5101;0x5102;0x5103;0x5110;0x5111;0x5112;0x5113;0x5200;0x5201;0x5202;0x5210;0x5211;0x5212;0x5300;0x5301;0x5302;0x5303;0x5310;0x5311;0x5312;0x5313;0x6000;0x6001;0x6002;0x6003;0x6004;0x6005;0x6010;0x6011;0x6012;0x6013;0x6014;0x6015;0x6100;0x6101;0x6102;0x6103;0x6104;0x6105;0x6110;0x6111;0x6112;0x6113;0x6114;0x6115;0x6200;0x6201;0x6202;0x6204;0x6205;0x6210;0x6211;0x6212;0x6214;0x6215;0x6300;0x6301;0x6302;0x6303;0x6304;0x6305;0x6310;0x6311;0x6312;0x6313;0x6314;0x6315;0x6500;0x6510,WQLJ4;WQMJ4;WQNJ4;WQSJ4,WQLJ4;WQMJ4;WQNJ4;WQSJ4,,WQLJ4;WQMJ4;WQNJ4;WQSJ4,no,
HELM17,7,HELMET,helmet,4A33,J3,yes,,data/Items.bif,0x00100274,EC559DA46E175999A7D35DFDE92AA59BB87500108FD3535ADCF760C67203DA6F,78,78,0x5000;0x5001;0x5002;0x5003;0x5010;0x5011;0x5012;0x5013;0x5100;0x5101;0x5102;0x5103;0x5110;0x5111;0x5112;0x5113;0x5200;0x5201;0x5202;0x5210;0x5211;0x5212;0x5300;0x5301;0x5302;0x5303;0x5310;0x5311;0x5312;0x5313;0x6000;0x6001;0x6002;0x6003;0x6004;0x6005;0x6010;0x6011;0x6012;0x6013;0x6014;0x6015;0x6100;0x6101;0x6102;0x6103;0x6104;0x6105;0x6110;0x6111;0x6112;0x6113;0x6114;0x6115;0x6200;0x6201;0x6202;0x6204;0x6205;0x6210;0x6211;0x6212;0x6214;0x6215;0x6300;0x6301;0x6302;0x6303;0x6304;0x6305;0x6310;0x6311;0x6312;0x6313;0x6314;0x6315;0x6500;0x6510,WQLJ3;WQMJ3;WQNJ3;WQSJ3,WQLJ3;WQMJ3;WQNJ3;WQSJ3,,WQLJ3;WQMJ3;WQNJ3;WQSJ3,no,
HELM18,7,HELMET,helmet,2020,,no,,data/Items.bif,0x00100275,F8D514FC666BA3E8D4D95FF1224CF01B189BC18CD7D075F5F5F4D6E5C0057A83,0,0,,,,,,no,no-compatible-character-family;visual-animation-code-invalid
HELM19,7,HELMET,helmet,2020,,no,,data/Items.bif,0x00100276,274AE97843CAAB8CA397FDC16044E7FB4C82CC9676DA352F91E64B82137607EB,0,0,,,,,,no,no-compatible-character-family;visual-animation-code-invalid
HELM20,7,HELMET,helmet,2020,,no,,data/Items.bif,0x00100277,665528AFFF70F4294ACAE575D2BF74339532E7EBCB4B207818F0B8BC2B5CFA0E,0,0,,,,,,no,no-compatible-character-family;visual-animation-code-invalid
HELM21,7,HELMET,helmet,4A32,J2,yes,,data/Items.bif,0x00100278,CB5E5ABDC42309C65F55F1F5DDE64DDE5274B418D586B3CBFF6FAF72BE30B551,78,78,0x5000;0x5001;0x5002;0x5003;0x5010;0x5011;0x5012;0x5013;0x5100;0x5101;0x5102;0x5103;0x5110;0x5111;0x5112;0x5113;0x5200;0x5201;0x5202;0x5210;0x5211;0x5212;0x5300;0x5301;0x5302;0x5303;0x5310;0x5311;0x5312;0x5313;0x6000;0x6001;0x6002;0x6003;0x6004;0x6005;0x6010;0x6011;0x6012;0x6013;0x6014;0x6015;0x6100;0x6101;0x6102;0x6103;0x6104;0x6105;0x6110;0x6111;0x6112;0x6113;0x6114;0x6115;0x6200;0x6201;0x6202;0x6204;0x6205;0x6210;0x6211;0x6212;0x6214;0x6215;0x6300;0x6301;0x6302;0x6303;0x6304;0x6305;0x6310;0x6311;0x6312;0x6313;0x6314;0x6315;0x6500;0x6510,WQLJ2;WQMJ2;WQNJ2;WQSJ2,WQLJ2;WQMJ2;WQNJ2;WQSJ2,,WQLJ2;WQMJ2;WQNJ2;WQSJ2,no,
HELM22,7,HELMET,helmet,4A43,JC,yes,,data/Items.bif,0x00100279,13942C7A5DA21C693A76C01780A7E02CD3EAE7E91A90BA964AA10F58EE4A4335,78,78,0x5000;0x5001;0x5002;0x5003;0x5010;0x5011;0x5012;0x5013;0x5100;0x5101;0x5102;0x5103;0x5110;0x5111;0x5112;0x5113;0x5200;0x5201;0x5202;0x5210;0x5211;0x5212;0x5300;0x5301;0x5302;0x5303;0x5310;0x5311;0x5312;0x5313;0x6000;0x6001;0x6002;0x6003;0x6004;0x6005;0x6010;0x6011;0x6012;0x6013;0x6014;0x6015;0x6100;0x6101;0x6102;0x6103;0x6104;0x6105;0x6110;0x6111;0x6112;0x6113;0x6114;0x6115;0x6200;0x6201;0x6202;0x6204;0x6205;0x6210;0x6211;0x6212;0x6214;0x6215;0x6300;0x6301;0x6302;0x6303;0x6304;0x6305;0x6310;0x6311;0x6312;0x6313;0x6314;0x6315;0x6500;0x6510,WQLJC;WQMJC;WQNJC;WQSJC,WQLJC;WQMJC;WQNJC;WQSJC,,WQLJC;WQMJC;WQNJC;WQSJC,no,
HELM23,7,HELMET,helmet,2020,,no,,data/25Items.bif,0x084000DD,FE5681AE7718C9B0B6085EBD05E2DBDF8448B8B6896067F9AAF48C82F4A2F4E5,0,0,,,,,,no,no-compatible-character-family;visual-animation-code-invalid
HELM24,7,HELMET,helmet,2020,,no,,data/25Items.bif,0x084000DE,6F0BEA401E6515960A7E3F6D59BFCD2E5181F905A46309F8C43F43E43298BE0D,0,0,,,,,,no,no-compatible-character-family;visual-animation-code-invalid
HELM25,7,HELMET,helmet,2020,,no,,data/25Items.bif,0x084000DF,207D49386E6021F9F5893889479237CAB47C1D72E577C2043A0642E9A5707C1E,0,0,,,,,,no,no-compatible-character-family;visual-animation-code-invalid
HELM26,7,HELMET,helmet,2020,,no,,data/25Items.bif,0x084000E0,BA030131B6F53B8A7F8CEFC7E60937A593DAF41BA60E2296AE6BBE89F4DF86F4,0,0,,,,,,no,no-compatible-character-family;visual-animation-code-invalid
HELM27,7,HELMET,helmet,2020,,no,,data/25Items.bif,0x084000E1,12FFF856CD587F6840DCB0E6BDC76FFEE55C725C5D1F414BCF95A66BD6137199,0,0,,,,,,no,no-compatible-character-family;visual-animation-code-invalid
HELM28,7,HELMET,helmet,4A42,JB,yes,,data/25Items.bif,0x084000E2,8BA3557BD623C9ECAF9CFDFB957E0742D8E873B044A971D7B55AE33CBD7B85BB,78,78,0x5000;0x5001;0x5002;0x5003;0x5010;0x5011;0x5012;0x5013;0x5100;0x5101;0x5102;0x5103;0x5110;0x5111;0x5112;0x5113;0x5200;0x5201;0x5202;0x5210;0x5211;0x5212;0x5300;0x5301;0x5302;0x5303;0x5310;0x5311;0x5312;0x5313;0x6000;0x6001;0x6002;0x6003;0x6004;0x6005;0x6010;0x6011;0x6012;0x6013;0x6014;0x6015;0x6100;0x6101;0x6102;0x6103;0x6104;0x6105;0x6110;0x6111;0x6112;0x6113;0x6114;0x6115;0x6200;0x6201;0x6202;0x6204;0x6205;0x6210;0x6211;0x6212;0x6214;0x6215;0x6300;0x6301;0x6302;0x6303;0x6304;0x6305;0x6310;0x6311;0x6312;0x6313;0x6314;0x6315;0x6500;0x6510,WQLJB;WQMJB;WQNJB;WQSJB,WQLJB;WQMJB;WQNJB;WQSJB,,WQLJB;WQMJB;WQNJB;WQSJB,no,
HELM29,7,HELMET,helmet,2020,,no,,data/25Items.bif,0x084000E3,7E1393A54776A0E59A50D71BB0900B904DE6B42FFAC303F3954F3571EB6DFEFB,0,0,,,,,,no,no-compatible-character-family;visual-animation-code-invalid
HELM30,7,HELMET,helmet,2020,,no,,data/25Items.bif,0x084000E4,09C2C566797E0E8321867DC196B6D7A41F798339C5520B8618AE100DDA754CB1,0,0,,,,,,no,no-compatible-character-family;visual-animation-code-invalid
HELM31,7,HELMET,helmet,4A32,J2,yes,,data/25Items.bif,0x084000E5,395E30996B8420D5A0D759F251C2D0433527A4D2FDA3C3E5B42B4685D0ABDA11,78,78,0x5000;0x5001;0x5002;0x5003;0x5010;0x5011;0x5012;0x5013;0x5100;0x5101;0x5102;0x5103;0x5110;0x5111;0x5112;0x5113;0x5200;0x5201;0x5202;0x5210;0x5211;0x5212;0x5300;0x5301;0x5302;0x5303;0x5310;0x5311;0x5312;0x5313;0x6000;0x6001;0x6002;0x6003;0x6004;0x6005;0x6010;0x6011;0x6012;0x6013;0x6014;0x6015;0x6100;0x6101;0x6102;0x6103;0x6104;0x6105;0x6110;0x6111;0x6112;0x6113;0x6114;0x6115;0x6200;0x6201;0x6202;0x6204;0x6205;0x6210;0x6211;0x6212;0x6214;0x6215;0x6300;0x6301;0x6302;0x6303;0x6304;0x6305;0x6310;0x6311;0x6312;0x6313;0x6314;0x6315;0x6500;0x6510,WQLJ2;WQMJ2;WQNJ2;WQSJ2,WQLJ2;WQMJ2;WQNJ2;WQSJ2,,WQLJ2;WQMJ2;WQNJ2;WQSJ2,no,
HELM32,7,HELMET,helmet,4A33,J3,yes,,data/25Items.bif,0x084000E6,D5AFB77059821B491250C5A94B710683E8E24B1F17E5802469B268C18977D2A3,78,78,0x5000;0x5001;0x5002;0x5003;0x5010;0x5011;0x5012;0x5013;0x5100;0x5101;0x5102;0x5103;0x5110;0x5111;0x5112;0x5113;0x5200;0x5201;0x5202;0x5210;0x5211;0x5212;0x5300;0x5301;0x5302;0x5303;0x5310;0x5311;0x5312;0x5313;0x6000;0x6001;0x6002;0x6003;0x6004;0x6005;0x6010;0x6011;0x6012;0x6013;0x6014;0x6015;0x6100;0x6101;0x6102;0x6103;0x6104;0x6105;0x6110;0x6111;0x6112;0x6113;0x6114;0x6115;0x6200;0x6201;0x6202;0x6204;0x6205;0x6210;0x6211;0x6212;0x6214;0x6215;0x6300;0x6301;0x6302;0x6303;0x6304;0x6305;0x6310;0x6311;0x6312;0x6313;0x6314;0x6315;0x6500;0x6510,WQLJ3;WQMJ3;WQNJ3;WQSJ3,WQLJ3;WQMJ3;WQNJ3;WQSJ3,,WQLJ3;WQMJ3;WQNJ3;WQSJ3,no,
HELM33,7,HELMET,helmet,4830,H0,yes,,data/25Items.bif,0x084000E7,53A0CA73F8B90C87734EB1722E92BA735F0B77C4BB86CB68C60435535B7CCC9D,78,78,0x5000;0x5001;0x5002;0x5003;0x5010;0x5011;0x5012;0x5013;0x5100;0x5101;0x5102;0x5103;0x5110;0x5111;0x5112;0x5113;0x5200;0x5201;0x5202;0x5210;0x5211;0x5212;0x5300;0x5301;0x5302;0x5303;0x5310;0x5311;0x5312;0x5313;0x6000;0x6001;0x6002;0x6003;0x6004;0x6005;0x6010;0x6011;0x6012;0x6013;0x6014;0x6015;0x6100;0x6101;0x6102;0x6103;0x6104;0x6105;0x6110;0x6111;0x6112;0x6113;0x6114;0x6115;0x6200;0x6201;0x6202;0x6204;0x6205;0x6210;0x6211;0x6212;0x6214;0x6215;0x6300;0x6301;0x6302;0x6303;0x6304;0x6305;0x6310;0x6311;0x6312;0x6313;0x6314;0x6315;0x6500;0x6510,WQLH0;WQMH0;WQNH0;WQSH0,WQLH0;WQMH0;WQNH0;WQSH0,,WQLH0;WQMH0;WQNH0;WQSH0,no,
HELM34,7,HELMET,helmet,2020,,no,,data/25Items.bif,0x084000E8,A76D52FB4EB61263F9389FE0D94B792304EB2995C1F979037DD3A8A6B7B7002A,0,0,,,,,,no,no-compatible-character-family;visual-animation-code-invalid
HELMNOAN,7,HELMET,helmet,2020,,no,,data/Items.bif,0x0010027A,6C8A66E65F5163793CC93FDE9C795AAF04B9A72159D088032A923AF58282952B,0,0,,,,,,no,no-compatible-character-family;visual-animation-code-invalid
HELMSKWA,7,HELMET,helmet,4832,H2,yes,,data/Items.bif,0x0010027B,6EA0A51D9E52FC6FE365BBCB0BDE88CDB668C7E144FD1C8354CDA0817B5AB0A8,78,78,0x5000;0x5001;0x5002;0x5003;0x5010;0x5011;0x5012;0x5013;0x5100;0x5101;0x5102;0x5103;0x5110;0x5111;0x5112;0x5113;0x5200;0x5201;0x5202;0x5210;0x5211;0x5212;0x5300;0x5301;0x5302;0x5303;0x5310;0x5311;0x5312;0x5313;0x6000;0x6001;0x6002;0x6003;0x6004;0x6005;0x6010;0x6011;0x6012;0x6013;0x6014;0x6015;0x6100;0x6101;0x6102;0x6103;0x6104;0x6105;0x6110;0x6111;0x6112;0x6113;0x6114;0x6115;0x6200;0x6201;0x6202;0x6204;0x6205;0x6210;0x6211;0x6212;0x6214;0x6215;0x6300;0x6301;0x6302;0x6303;0x6304;0x6305;0x6310;0x6311;0x6312;0x6313;0x6314;0x6315;0x6500;0x6510,WQLH2;WQMH2;WQNH2;WQSH2,WQLH2;WQMH2;WQNH2;WQSH2,,WQLH2;WQMH2;WQNH2;WQSH2,no,
HGBER01,20,BGSWORD,weapon,5332,S2,yes,,data/25Items.bif,0x084000E9,45C4A67A489B3417B1678A19B8E2CB6B455EA8E34A60B0FC9338CBD445E944B3,78,78,0x5000;0x5001;0x5002;0x5003;0x5010;0x5011;0x5012;0x5013;0x5100;0x5101;0x5102;0x5103;0x5110;0x5111;0x5112;0x5113;0x5200;0x5201;0x5202;0x5210;0x5211;0x5212;0x5300;0x5301;0x5302;0x5303;0x5310;0x5311;0x5312;0x5313;0x6000;0x6001;0x6002;0x6003;0x6004;0x6005;0x6010;0x6011;0x6012;0x6013;0x6014;0x6015;0x6100;0x6101;0x6102;0x6103;0x6104;0x6105;0x6110;0x6111;0x6112;0x6113;0x6114;0x6115;0x6200;0x6201;0x6202;0x6204;0x6205;0x6210;0x6211;0x6212;0x6214;0x6215;0x6300;0x6301;0x6302;0x6303;0x6304;0x6305;0x6310;0x6311;0x6312;0x6313;0x6314;0x6315;0x6500;0x6510,WQLS2;WQMS2;WQNS2;WQSS2,WQLS2;WQMS2;WQNS2;WQSS2,,WQLS2;WQMS2;WQNS2;WQSS2,no,
HGBOOK1,37,BROKEN2,,2020,,no,,data/25Items.bif,0x084000EA,8DDF690D4371677C257E8206D15F34D27C72B6BB1AA8CEE4C312165C143C2CEC,0,0,,,,,,no,
HGHEART,0,MISC,,2020,,no,,data/25Items.bif,0x084000EB,DAF23D0CDDDE6BADEE91389A62881637A1DF56B919EE7000B8CD072FA25FC320,0,0,,,,,,no,
HGHEART2,0,MISC,,2020,,no,,data/25Items.bif,0x084000EC,26A97944CD3E4C77F8EBD14B900F530CD14502314273FB87F0A43066B148A1A6,0,0,,,,,,no,
HGNYA01,26,STAFF,weapon,5153,QS,yes,,data/25Items.bif,0x084000ED,D3E495042469C96EFB6A9D54309E0F9E597F4359F8DE0074734C2D1C0663AAC1,78,78,0x5000;0x5001;0x5002;0x5003;0x5010;0x5011;0x5012;0x5013;0x5100;0x5101;0x5102;0x5103;0x5110;0x5111;0x5112;0x5113;0x5200;0x5201;0x5202;0x5210;0x5211;0x5212;0x5300;0x5301;0x5302;0x5303;0x5310;0x5311;0x5312;0x5313;0x6000;0x6001;0x6002;0x6003;0x6004;0x6005;0x6010;0x6011;0x6012;0x6013;0x6014;0x6015;0x6100;0x6101;0x6102;0x6103;0x6104;0x6105;0x6110;0x6111;0x6112;0x6113;0x6114;0x6115;0x6200;0x6201;0x6202;0x6204;0x6205;0x6210;0x6211;0x6212;0x6214;0x6215;0x6300;0x6301;0x6302;0x6303;0x6304;0x6305;0x6310;0x6311;0x6312;0x6313;0x6314;0x6315;0x6500;0x6510,WQLQS;WQMQS;WQNQS;WQSQS,WQLQS;WQMQS;WQNQS;WQSQS,,WQLQS;WQMQS;WQNQS;WQSQS,no,
HGNYMPH,0,MISC,,2020,,no,,data/25Items.bif,0x084000EE,1348A57AB9D8A36D81879FCD0B0B9A2E1FE9FA71AE79A765597C611C91BCEFC8,0,0,,,,,,no,
HGSALF,29,SPEAR,weapon,5350,SP,yes,,data/25Items.bif,0x084000EF,EA14BFB7A47690F73B95A07C7F7E2DE3ECA73160BC50407FCF32E0E226EDAB81,78,78,0x5000;0x5001;0x5002;0x5003;0x5010;0x5011;0x5012;0x5013;0x5100;0x5101;0x5102;0x5103;0x5110;0x5111;0x5112;0x5113;0x5200;0x5201;0x5202;0x5210;0x5211;0x5212;0x5300;0x5301;0x5302;0x5303;0x5310;0x5311;0x5312;0x5313;0x6000;0x6001;0x6002;0x6003;0x6004;0x6005;0x6010;0x6011;0x6012;0x6013;0x6014;0x6015;0x6100;0x6101;0x6102;0x6103;0x6104;0x6105;0x6110;0x6111;0x6112;0x6113;0x6114;0x6115;0x6200;0x6201;0x6202;0x6204;0x6205;0x6210;0x6211;0x6212;0x6214;0x6215;0x6300;0x6301;0x6302;0x6303;0x6304;0x6305;0x6310;0x6311;0x6312;0x6313;0x6314;0x6315;0x6500;0x6510,WQLSP;WQMSP;WQNSP;WQSSP,WQLSP;WQMSP;WQNSP;WQSSP,,WQLSP;WQMSP;WQNSP;WQSSP,no,
HGSTONE,34,GEM,,2020,,no,,data/25Items.bif,0x084000F0,53134EF6F4ADCC21607E4E36600EEA2EAF9E4902ED0FFA8B333AB56132B23253,0,0,,,,,,no,
HGTRL01,28,FIST,weapon,4836,H6,yes,,data/25Items.bif,0x084000F1,E4094904DA7B6650D6B4494B6383A05C133DA7C56FBA192B38F0DF9E85213460,78,78,0x5000;0x5001;0x5002;0x5003;0x5010;0x5011;0x5012;0x5013;0x5100;0x5101;0x5102;0x5103;0x5110;0x5111;0x5112;0x5113;0x5200;0x5201;0x5202;0x5210;0x5211;0x5212;0x5300;0x5301;0x5302;0x5303;0x5310;0x5311;0x5312;0x5313;0x6000;0x6001;0x6002;0x6003;0x6004;0x6005;0x6010;0x6011;0x6012;0x6013;0x6014;0x6015;0x6100;0x6101;0x6102;0x6103;0x6104;0x6105;0x6110;0x6111;0x6112;0x6113;0x6114;0x6115;0x6200;0x6201;0x6202;0x6204;0x6205;0x6210;0x6211;0x6212;0x6214;0x6215;0x6300;0x6301;0x6302;0x6303;0x6304;0x6305;0x6310;0x6311;0x6312;0x6313;0x6314;0x6315;0x6500;0x6510,WQLH6;WQMH6;WQNH6;WQSH6,WQLH6;WQMH6;WQNH6;WQSH6,,WQLH6;WQMH6;WQNH6;WQSH6,no,
HGWARD01,0,MISC,,2020,,no,,data/25Items.bif,0x084000F2,CCD4530DF24BF49B002CBADA32DBD93A4CDE63F0BA9141759F13F680A5F004B7,0,0,,,,,,no,
HGWARD02,0,MISC,,2020,,no,,data/25Items.bif,0x084000F3,7C24B73C5FC092C043E1BB01D526EFF3B37FF3252BDC7297D9DC381723EFD5DD,0,0,,,,,,no,
HGWARD03,0,MISC,,2020,,no,,data/25Items.bif,0x084000F4,01C890371595C2772D4560C3A98FF49DDEBED313C4F5107F2FCC428A5D9A7AE5,0,0,,,,,,no,
HGWARD04,0,MISC,,2020,,no,,data/25Items.bif,0x084000F5,1B4BC07910259D82BCE1EA0D0FABDA8685ADD030A13361E283F69AF65D8162BB,0,0,,,,,,no,
HGWRA01,26,STAFF,weapon,5153,QS,yes,,data/25Items.bif,0x084000F6,C6FA12B294D89CD167DEEC3B9ADB71C155FBC4E43FCB68A64F4C1AB96C28B08E,78,78,0x5000;0x5001;0x5002;0x5003;0x5010;0x5011;0x5012;0x5013;0x5100;0x5101;0x5102;0x5103;0x5110;0x5111;0x5112;0x5113;0x5200;0x5201;0x5202;0x5210;0x5211;0x5212;0x5300;0x5301;0x5302;0x5303;0x5310;0x5311;0x5312;0x5313;0x6000;0x6001;0x6002;0x6003;0x6004;0x6005;0x6010;0x6011;0x6012;0x6013;0x6014;0x6015;0x6100;0x6101;0x6102;0x6103;0x6104;0x6105;0x6110;0x6111;0x6112;0x6113;0x6114;0x6115;0x6200;0x6201;0x6202;0x6204;0x6205;0x6210;0x6211;0x6212;0x6214;0x6215;0x6300;0x6301;0x6302;0x6303;0x6304;0x6305;0x6310;0x6311;0x6312;0x6313;0x6314;0x6315;0x6500;0x6510,WQLQS;WQMQS;WQNQS;WQSQS,WQLQS;WQMQS;WQNQS;WQSQS,,WQLQS;WQMQS;WQNQS;WQSQS,no,
HGWRA02,2,ARMOR,body,3457,4W,yes,4,data/25Items.bif,0x084000F7,4AC1BB237372F7281FABDCF115E967C38D7651C12A0C68707286CCF67AC66631,76,76,0x5000;0x5001;0x5002;0x5003;0x5010;0x5011;0x5012;0x5013;0x5100;0x5101;0x5102;0x5103;0x5110;0x5111;0x5112;0x5113;0x5200;0x5201;0x5202;0x5210;0x5211;0x5212;0x5300;0x5301;0x5302;0x5303;0x5310;0x5311;0x5312;0x5313;0x6000;0x6001;0x6002;0x6003;0x6004;0x6005;0x6010;0x6011;0x6012;0x6013;0x6014;0x6015;0x6100;0x6101;0x6102;0x6103;0x6104;0x6105;0x6110;0x6111;0x6112;0x6113;0x6114;0x6115;0x6200;0x6201;0x6202;0x6204;0x6205;0x6210;0x6211;0x6212;0x6214;0x6215;0x6300;0x6301;0x6302;0x6303;0x6304;0x6305;0x6310;0x6311;0x6312;0x6313;0x6314;0x6315,CDFC4;CDFF4;CDFT4;CDFW4;CDMC4;CDMF4;CDMT4;CDMW4;CEFC4;CEFF4;CEFT4;CEFW4;CEMC4;CEMF4;CEMT4;CEMW4;CHFC4;CHFF4;CHFT4;CHFW4;CHMC4;CHMF4;CHMT4;CHMW4;CIFC4;CIFF4;CIFT4;CIMC4;CIMF4;CIMT4,CDFC4;CDFF4;CDFT4;CDFW4;CDMC4;CDMF4;CDMT4;CDMW4;CEFC4;CEFF4;CEFT4;CEFW4;CEMC4;CEMF4;CEMT4;CEMW4;CHFC4;CHFF4;CHFT4;CHFW4;CHMC4;CHMF4;CHMT4;CHMW4;CIFC4;CIFF4;CIFT4;CIMC4;CIMF4;CIMT4,,CDFC4;CDFF4;CDFT4;CDFW4;CDMC4;CDMF4;CDMT4;CDMW4;CEFC4;CEFF4;CEFT4;CEFW4;CEMC4;CEMF4;CEMT4;CEMW4;CHFC4;CHFF4;CHFT4;CHFW4;CHMC4;CHMF4;CHMT4;CHMW4;CIFC4;CIFF4;CIFT4;CIMC4;CIMF4;CIMT4,no,
HLOLTH,17,MACE,weapon,4D43,MC,yes,,data/Items.bif,0x0010027C,A99E7081C61BDC37E1ACB8C5D1172E85608FD2E62B3C5BDE045279AF7F3436F6,78,78,0x5000;0x5001;0x5002;0x5003;0x5010;0x5011;0x5012;0x5013;0x5100;0x5101;0x5102;0x5103;0x5110;0x5111;0x5112;0x5113;0x5200;0x5201;0x5202;0x5210;0x5211;0x5212;0x5300;0x5301;0x5302;0x5303;0x5310;0x5311;0x5312;0x5313;0x6000;0x6001;0x6002;0x6003;0x6004;0x6005;0x6010;0x6011;0x6012;0x6013;0x6014;0x6015;0x6100;0x6101;0x6102;0x6103;0x6104;0x6105;0x6110;0x6111;0x6112;0x6113;0x6114;0x6115;0x6200;0x6201;0x6202;0x6204;0x6205;0x6210;0x6211;0x6212;0x6214;0x6215;0x6300;0x6301;0x6302;0x6303;0x6304;0x6305;0x6310;0x6311;0x6312;0x6313;0x6314;0x6315;0x6500;0x6510,WQLMC;WQMMC;WQNMC;WQSMC,WQLMC;WQMMC;WQNMC;WQSMC,,WQLMC;WQMMC;WQNMC;WQSMC,no,
HOLDRING,10,RING,,2020,,no,,data/25Items.bif,0x084000F8,591FFF7DFDC075DA2C724BA04D99A876D7B0214C4A41A64332C02D3CA29B6694,0,0,,,,,,no,
HSLAYWPN,0,MISC,,2020,,no,,data/Items.bif,0x0010027D,5A569F10BDF42125A3B11240838B19F54BFED9E1C898BD6C9D3075037BD164D1,0,0,,,,,,no,
HSPECTRE,0,MISC,,2020,,no,,data/Items.bif,0x0010027E,A9C9EF23123586F8EE43EE7429DCA7E255C9A07F70BE889EB80521C9371D89E4,0,0,,,,,,no,
HSWORD,20,BGSWORD,weapon,434C,CL,yes,,data/Items.bif,0x0010027F,2F1B6DC3F967B6EE50D608AD187E753C06098F5C6F6C5FC71A9A3F73EA7C77D0,78,78,0x5000;0x5001;0x5002;0x5003;0x5010;0x5011;0x5012;0x5013;0x5100;0x5101;0x5102;0x5103;0x5110;0x5111;0x5112;0x5113;0x5200;0x5201;0x5202;0x5210;0x5211;0x5212;0x5300;0x5301;0x5302;0x5303;0x5310;0x5311;0x5312;0x5313;0x6000;0x6001;0x6002;0x6003;0x6004;0x6005;0x6010;0x6011;0x6012;0x6013;0x6014;0x6015;0x6100;0x6101;0x6102;0x6103;0x6104;0x6105;0x6110;0x6111;0x6112;0x6113;0x6114;0x6115;0x6200;0x6201;0x6202;0x6204;0x6205;0x6210;0x6211;0x6212;0x6214;0x6215;0x6300;0x6301;0x6302;0x6303;0x6304;0x6305;0x6310;0x6311;0x6312;0x6313;0x6314;0x6315;0x6500;0x6510,WQLCL;WQMCL;WQNCL;WQSCL,WQLCL;WQMCL;WQNCL;WQSCL,,WQLCL;WQMCL;WQNCL;WQSCL,no,
HUSPID,28,FIST,weapon,2020,,no,,data/Items.bif,0x00100280,DCD2E8FA5AEDF2FD50E5D788DAA6EB6928EC47F913301F0FC157312D68A79957,0,0,,,,,,no,no-compatible-character-family;visual-animation-code-invalid
IAROW01,5,ARROW,,2020,,no,,data/Items.bif,0x00100281,AC21719DBF2245FC9475F008319D1D79C66C6D0F6B43E6A330A15FAFEF63F67D,0,0,,,,,,no,
IAX1H01,25,AXE,weapon,4158,AX,yes,,data/Items.bif,0x00100282,9C8F07EEA446662C649FFAC7EE6DBAC6EB5EB720E66EB348D20E2A5AC3092BCF,78,78,0x5000;0x5001;0x5002;0x5003;0x5010;0x5011;0x5012;0x5013;0x5100;0x5101;0x5102;0x5103;0x5110;0x5111;0x5112;0x5113;0x5200;0x5201;0x5202;0x5210;0x5211;0x5212;0x5300;0x5301;0x5302;0x5303;0x5310;0x5311;0x5312;0x5313;0x6000;0x6001;0x6002;0x6003;0x6004;0x6005;0x6010;0x6011;0x6012;0x6013;0x6014;0x6015;0x6100;0x6101;0x6102;0x6103;0x6104;0x6105;0x6110;0x6111;0x6112;0x6113;0x6114;0x6115;0x6200;0x6201;0x6202;0x6204;0x6205;0x6210;0x6211;0x6212;0x6214;0x6215;0x6300;0x6301;0x6302;0x6303;0x6304;0x6305;0x6310;0x6311;0x6312;0x6313;0x6314;0x6315;0x6500;0x6510,WQLAX;WQMAX;WQNAX;WQSAX,WQLAX;WQMAX;WQNAX;WQSAX,,WQLAX;WQMAX;WQNAX;WQSAX,no,
IBLUN04,17,MACE,weapon,4D43,MC,yes,,data/Items.bif,0x00100283,9FA5C7BFBB243EA87837714511B11E39C720EA22918283EB539CE0C6E39472CF,78,78,0x5000;0x5001;0x5002;0x5003;0x5010;0x5011;0x5012;0x5013;0x5100;0x5101;0x5102;0x5103;0x5110;0x5111;0x5112;0x5113;0x5200;0x5201;0x5202;0x5210;0x5211;0x5212;0x5300;0x5301;0x5302;0x5303;0x5310;0x5311;0x5312;0x5313;0x6000;0x6001;0x6002;0x6003;0x6004;0x6005;0x6010;0x6011;0x6012;0x6013;0x6014;0x6015;0x6100;0x6101;0x6102;0x6103;0x6104;0x6105;0x6110;0x6111;0x6112;0x6113;0x6114;0x6115;0x6200;0x6201;0x6202;0x6204;0x6205;0x6210;0x6211;0x6212;0x6214;0x6215;0x6300;0x6301;0x6302;0x6303;0x6304;0x6305;0x6310;0x6311;0x6312;0x6313;0x6314;0x6315;0x6500;0x6510,WQLMC;WQMMC;WQNMC;WQSMC,WQLMC;WQMMC;WQNMC;WQSMC,,WQLMC;WQMMC;WQNMC;WQSMC,no,
IBOW03,15,BOW,weapon,4257,BW,yes,,data/Items.bif,0x00100284,10C0E7594195531F48875F620220B89EE62C35FDBED25DE0502F1CFC4E919F36,78,78,0x5000;0x5001;0x5002;0x5003;0x5010;0x5011;0x5012;0x5013;0x5100;0x5101;0x5102;0x5103;0x5110;0x5111;0x5112;0x5113;0x5200;0x5201;0x5202;0x5210;0x5211;0x5212;0x5300;0x5301;0x5302;0x5303;0x5310;0x5311;0x5312;0x5313;0x6000;0x6001;0x6002;0x6003;0x6004;0x6005;0x6010;0x6011;0x6012;0x6013;0x6014;0x6015;0x6100;0x6101;0x6102;0x6103;0x6104;0x6105;0x6110;0x6111;0x6112;0x6113;0x6114;0x6115;0x6200;0x6201;0x6202;0x6204;0x6205;0x6210;0x6211;0x6212;0x6214;0x6215;0x6300;0x6301;0x6302;0x6303;0x6304;0x6305;0x6310;0x6311;0x6312;0x6313;0x6314;0x6315;0x6500;0x6510,WQLBW;WQMBW;WQNBW;WQSBW,WQLBW;WQMBW;WQNBW;WQSBW,,WQLBW;WQMBW;WQNBW;WQSBW,no,
ICEREGEN,1,AMULET,,2020,,no,,data/25Items.bif,0x084000F9,EB99A96E3244B8E0EC7EBD142548E15CCF957E21E6340F1B00543DCCE660A4AC,0,0,,,,,,no,
ICETRL,28,FIST,weapon,4836,H6,yes,,data/25Items.bif,0x084000FA,FC67CBE5FA3F775BAEE47253FADF312AA6428164B5FFD5B726ECBF8D5FF8C5BB,78,78,0x5000;0x5001;0x5002;0x5003;0x5010;0x5011;0x5012;0x5013;0x5100;0x5101;0x5102;0x5103;0x5110;0x5111;0x5112;0x5113;0x5200;0x5201;0x5202;0x5210;0x5211;0x5212;0x5300;0x5301;0x5302;0x5303;0x5310;0x5311;0x5312;0x5313;0x6000;0x6001;0x6002;0x6003;0x6004;0x6005;0x6010;0x6011;0x6012;0x6013;0x6014;0x6015;0x6100;0x6101;0x6102;0x6103;0x6104;0x6105;0x6110;0x6111;0x6112;0x6113;0x6114;0x6115;0x6200;0x6201;0x6202;0x6204;0x6205;0x6210;0x6211;0x6212;0x6214;0x6215;0x6300;0x6301;0x6302;0x6303;0x6304;0x6305;0x6310;0x6311;0x6312;0x6313;0x6314;0x6315;0x6500;0x6510,WQLH6;WQMH6;WQNH6;WQSH6,WQLH6;WQMH6;WQNH6;WQSH6,,WQLH6;WQMH6;WQNH6;WQSH6,no,
ICHAN01,2,ARMOR,body,3341,3A,yes,3,data/Items.bif,0x00100285,044DB9C7DC659EEA0219353FDA6B84BCDE2812ECDB8878EAEFDCD6C22096CA7E,76,76,0x5000;0x5001;0x5002;0x5003;0x5010;0x5011;0x5012;0x5013;0x5100;0x5101;0x5102;0x5103;0x5110;0x5111;0x5112;0x5113;0x5200;0x5201;0x5202;0x5210;0x5211;0x5212;0x5300;0x5301;0x5302;0x5303;0x5310;0x5311;0x5312;0x5313;0x6000;0x6001;0x6002;0x6003;0x6004;0x6005;0x6010;0x6011;0x6012;0x6013;0x6014;0x6015;0x6100;0x6101;0x6102;0x6103;0x6104;0x6105;0x6110;0x6111;0x6112;0x6113;0x6114;0x6115;0x6200;0x6201;0x6202;0x6204;0x6205;0x6210;0x6211;0x6212;0x6214;0x6215;0x6300;0x6301;0x6302;0x6303;0x6304;0x6305;0x6310;0x6311;0x6312;0x6313;0x6314;0x6315,CDFB3;CDFT3;CDFW3;CDMB3;CDMT3;CDMW3;CEFB3;CEFT3;CEFW3;CEMB3;CEMT3;CEMW3;CHFB3;CHFT3;CHFW3;CHMB3;CHMT3;CHMW3;CIFB3;CIFT3;CIMB3;CIMT3,CDFB3;CDFT3;CDFW3;CDMB3;CDMT3;CDMW3;CEFB3;CEFT3;CEFW3;CEMB3;CEMT3;CEMW3;CHFB3;CHFT3;CHFW3;CHMB3;CHMT3;CHMW3;CIFB3;CIFT3;CIMB3;CIMT3,,CDFB3;CDFT3;CDFW3;CDMB3;CDMT3;CDMW3;CEFB3;CEFT3;CEFW3;CEMB3;CEMT3;CEMW3;CHFB3;CHFT3;CHFW3;CHMB3;CHMT3;CHMW3;CIFB3;CIFT3;CIMB3;CIMT3,no,
ICHAN04,2,ARMOR,body,3341,3A,yes,3,data/Items.bif,0x00100286,520EE411D6B191C2C0DF3F5108805185554B329C270B078251FF3C570281C47B,76,76,0x5000;0x5001;0x5002;0x5003;0x5010;0x5011;0x5012;0x5013;0x5100;0x5101;0x5102;0x5103;0x5110;0x5111;0x5112;0x5113;0x5200;0x5201;0x5202;0x5210;0x5211;0x5212;0x5300;0x5301;0x5302;0x5303;0x5310;0x5311;0x5312;0x5313;0x6000;0x6001;0x6002;0x6003;0x6004;0x6005;0x6010;0x6011;0x6012;0x6013;0x6014;0x6015;0x6100;0x6101;0x6102;0x6103;0x6104;0x6105;0x6110;0x6111;0x6112;0x6113;0x6114;0x6115;0x6200;0x6201;0x6202;0x6204;0x6205;0x6210;0x6211;0x6212;0x6214;0x6215;0x6300;0x6301;0x6302;0x6303;0x6304;0x6305;0x6310;0x6311;0x6312;0x6313;0x6314;0x6315,CDFB3;CDFT3;CDFW3;CDMB3;CDMT3;CDMW3;CEFB3;CEFT3;CEFW3;CEMB3;CEMT3;CEMW3;CHFB3;CHFT3;CHFW3;CHMB3;CHMT3;CHMW3;CIFB3;CIFT3;CIMB3;CIMT3,CDFB3;CDFT3;CDFW3;CDMB3;CDMT3;CDMW3;CEFB3;CEFT3;CEFW3;CEMB3;CEMT3;CEMW3;CHFB3;CHFT3;CHFW3;CHMB3;CHMT3;CHMW3;CIFB3;CIFT3;CIMB3;CIMT3,,CDFB3;CDFT3;CDFW3;CDMB3;CDMT3;CDMW3;CEFB3;CEFT3;CEFW3;CEMB3;CEMT3;CEMW3;CHFB3;CHFT3;CHFW3;CHMB3;CHMT3;CHMW3;CIFB3;CIFT3;CIMB3;CIMT3,no,
IDART01,24,DART,weapon,2020,,no,,data/Items.bif,0x00100287,D9BD31E0D7EB55F0078F37317D529EFA3C1E1FF4678EC85C38A908D811F6FF3E,0,0,,,,,,no,no-compatible-character-family;visual-animation-code-invalid
IHAMM01,21,HAMMER,weapon,5748,WH,yes,,data/Items.bif,0x00100288,17A0109F0131F0B61D0F1B4E7F3F1D781819F5E369D1892756C4402DE7787134,78,78,0x5000;0x5001;0x5002;0x5003;0x5010;0x5011;0x5012;0x5013;0x5100;0x5101;0x5102;0x5103;0x5110;0x5111;0x5112;0x5113;0x5200;0x5201;0x5202;0x5210;0x5211;0x5212;0x5300;0x5301;0x5302;0x5303;0x5310;0x5311;0x5312;0x5313;0x6000;0x6001;0x6002;0x6003;0x6004;0x6005;0x6010;0x6011;0x6012;0x6013;0x6014;0x6015;0x6100;0x6101;0x6102;0x6103;0x6104;0x6105;0x6110;0x6111;0x6112;0x6113;0x6114;0x6115;0x6200;0x6201;0x6202;0x6204;0x6205;0x6210;0x6211;0x6212;0x6214;0x6215;0x6300;0x6301;0x6302;0x6303;0x6304;0x6305;0x6310;0x6311;0x6312;0x6313;0x6314;0x6315;0x6500;0x6510,WQLWH;WQMWH;WQNWH;WQSWH,WQLWH;WQMWH;WQNWH;WQSWH,,WQLWH;WQMWH;WQNWH;WQSWH,no,
IHELM01,7,HELMET,helmet,4830,H0,yes,,data/Items.bif,0x00100289,363DF9255D1734A691A4E94F4EFC34ED79CD590BA3BAD73F9C1A2EF8BAC97810,78,78,0x5000;0x5001;0x5002;0x5003;0x5010;0x5011;0x5012;0x5013;0x5100;0x5101;0x5102;0x5103;0x5110;0x5111;0x5112;0x5113;0x5200;0x5201;0x5202;0x5210;0x5211;0x5212;0x5300;0x5301;0x5302;0x5303;0x5310;0x5311;0x5312;0x5313;0x6000;0x6001;0x6002;0x6003;0x6004;0x6005;0x6010;0x6011;0x6012;0x6013;0x6014;0x6015;0x6100;0x6101;0x6102;0x6103;0x6104;0x6105;0x6110;0x6111;0x6112;0x6113;0x6114;0x6115;0x6200;0x6201;0x6202;0x6204;0x6205;0x6210;0x6211;0x6212;0x6214;0x6215;0x6300;0x6301;0x6302;0x6303;0x6304;0x6305;0x6310;0x6311;0x6312;0x6313;0x6314;0x6315;0x6500;0x6510,WQLH0;WQMH0;WQNH0;WQSH0,WQLH0;WQMH0;WQNH0;WQSH0,,WQLH0;WQMH0;WQNH0;WQSH0,no,
IHELM10,7,HELMET,helmet,4835,H5,yes,,data/Items.bif,0x0010028A,98B8C1F9AA9934B4240073A4DAFDBCF47EFC162080DAD5C9BF075B474F44C4F7,78,78,0x5000;0x5001;0x5002;0x5003;0x5010;0x5011;0x5012;0x5013;0x5100;0x5101;0x5102;0x5103;0x5110;0x5111;0x5112;0x5113;0x5200;0x5201;0x5202;0x5210;0x5211;0x5212;0x5300;0x5301;0x5302;0x5303;0x5310;0x5311;0x5312;0x5313;0x6000;0x6001;0x6002;0x6003;0x6004;0x6005;0x6010;0x6011;0x6012;0x6013;0x6014;0x6015;0x6100;0x6101;0x6102;0x6103;0x6104;0x6105;0x6110;0x6111;0x6112;0x6113;0x6114;0x6115;0x6200;0x6201;0x6202;0x6204;0x6205;0x6210;0x6211;0x6212;0x6214;0x6215;0x6300;0x6301;0x6302;0x6303;0x6304;0x6305;0x6310;0x6311;0x6312;0x6313;0x6314;0x6315;0x6500;0x6510,WQLH5;WQMH5;WQNH5;WQSH5,WQLH5;WQMH5;WQNH5;WQSH5,,WQLH5;WQMH5;WQNH5;WQSH5,no,
ILEAT04,2,ARMOR,body,3241,2A,yes,2,data/Items.bif,0x0010028B,E2A803350401AA39E63B38FC4E98A81D1005E8E227DD76035A801E8FC3869A8C,76,76,0x5000;0x5001;0x5002;0x5003;0x5010;0x5011;0x5012;0x5013;0x5100;0x5101;0x5102;0x5103;0x5110;0x5111;0x5112;0x5113;0x5200;0x5201;0x5202;0x5210;0x5211;0x5212;0x5300;0x5301;0x5302;0x5303;0x5310;0x5311;0x5312;0x5313;0x6000;0x6001;0x6002;0x6003;0x6004;0x6005;0x6010;0x6011;0x6012;0x6013;0x6014;0x6015;0x6100;0x6101;0x6102;0x6103;0x6104;0x6105;0x6110;0x6111;0x6112;0x6113;0x6114;0x6115;0x6200;0x6201;0x6202;0x6204;0x6205;0x6210;0x6211;0x6212;0x6214;0x6215;0x6300;0x6301;0x6302;0x6303;0x6304;0x6305;0x6310;0x6311;0x6312;0x6313;0x6314;0x6315,CDFB2;CDFT2;CDFW2;CDMB2;CDMT2;CDMW2;CEFB2;CEFT2;CEFW2;CEMB2;CEMT2;CEMW2;CHFB2;CHFT2;CHFW2;CHMB2;CHMT2;CHMW2;CIFB2;CIFT2;CIMB2;CIMT2,CDFB2;CDFT2;CDFW2;CDMB2;CDMT2;CDMW2;CEFB2;CEFT2;CEFW2;CEMB2;CEMT2;CEMW2;CHFB2;CHFT2;CHFW2;CHMB2;CHMT2;CHMW2;CIFB2;CIFT2;CIMB2;CIMT2,,CDFB2;CDFT2;CDFW2;CDMB2;CDMT2;CDMW2;CEFB2;CEFT2;CEFW2;CEMB2;CEMT2;CEMW2;CHFB2;CHFT2;CHFW2;CHMB2;CHMT2;CHMW2;CIFB2;CIFT2;CIMB2;CIMT2,no,
ILLBLUR,10,RING,,2020,,no,,data/Items.bif,0x0010028C,2533059D719F6EF8B8172980DBE203346B9AE779490925FD8FB9513455AD915F,0,0,,,,,,no,
ILLUSION,0,MISC,,2020,,no,,data/Items.bif,0x0010028D,D9261E605317EB7089F4D5E86177D0A36843453B3228A0F4AFE8B5F4C612ABF7,0,0,,,,,,no,
IMMCHS,10,RING,,2020,,no,,data/Items.bif,0x0010028E,4D3452CDDB60D5A4D0EC29E3F7B9DFF6199B0FCBF8B53E0F25F38150EB1A6ED7,0,0,,,,,,no,
IMMCLOUD,1,AMULET,,2020,,no,,data/Items.bif,0x0010028F,F85989BC7A8105B480F76C15F56ABA7AA6F97C056F52AFCACD6DA1C54ED18F43,0,0,,,,,,no,
IMMUNE1,10,RING,,2020,,no,,data/Items.bif,0x00100290,2986A1F980783471537FFA23C1A1C7AF3F54092317A7F9E500DD27A7330B2BBF,0,0,,,,,,no,
IMMUNE10,10,RING,,2020,,no,,data/Items.bif,0x00100291,443843566512D065F964874C3F4CE8309B79FB144700E19B8DA25B12430E8DAB,0,0,,,,,,no,
IMMUNE2,10,RING,,2020,,no,,data/Items.bif,0x00100292,7C9A69FFB66780308C2AC5A541D435560BA860C79B1B7CD67677F02E04C6E26D,0,0,,,,,,no,
IMMUNE3,10,RING,,2020,,no,,data/Items.bif,0x00100293,14D1CA2A018C28CEF96728BA93735043C4FE800B8BB8F2AC969C4C5402B31474,0,0,,,,,,no,
IMMUNE4,10,RING,,2020,,no,,data/Items.bif,0x00100294,B5C24B501E412F5CBDA80D61CF449FCCD512C2370D191B02EB9CAE408C0558A2,0,0,,,,,,no,
IMOENHP1,3,BELT,,2020,,no,,data/Items.bif,0x00100295,30284BA2340606DC14A6F752274E791B803050F29B7FFFED68D34668CE3044D6,0,0,,,,,,no,
IMP,0,MISC,,2020,,no,,data/Items.bif,0x00100296,91AFD87967452A82D7892692D3A1B39C43016E9658E57DC7D2BA79E40108BE16,0,0,,,,,,no,
IMPCLAW,0,MISC,,2020,,no,,data/25Items.bif,0x084000FB,E907253BF0CDA4A886B69251620A4C5BC7E4EBA84A42C18DADD9D247071652B4,0,0,,,,,,no,
IMPINVIS,10,RING,,2020,,no,,data/Items.bif,0x00100297,E45A54C5194DFCCAA04E6E367728E31229E61D6A3C5F27A54BD96766C24919A6,0,0,,,,,,no,
IMPQUA,0,MISC,,2020,,no,,data/Items.bif,0x00100298,91AFD87967452A82D7892692D3A1B39C43016E9658E57DC7D2BA79E40108BE16,0,0,,,,,,no,
INNOC,10,RING,,2020,,no,,data/25Items.bif,0x084000FC,AC7B1F4E2DFD14C9945F238C852022263037B9FC7119CBD78EE21B09C961E0FA,0,0,,,,,,no,
INNOC2,0,MISC,,2020,,no,,data/25Items.bif,0x084000FD,924E81C3458A479A45752D3FEADB8ED64E64C597A73DBE53B0FD408C259F462F,0,0,,,,,,no,
INVULNER,10,RING,,2020,,no,,data/25Items.bif,0x084000FE,73673ED35CB3A136954A741EC87DB7583DEABCF3CD868FE07788C20EA9C430F0,0,0,,,,,,no,
IOTYUGH,28,FIST,weapon,4836,H6,yes,,data/Items.bif,0x00100299,15A23E1495C63D89BF0A6F9B5266C6430C95832BA649748D2D95CB9E30EAE9E2,78,78,0x5000;0x5001;0x5002;0x5003;0x5010;0x5011;0x5012;0x5013;0x5100;0x5101;0x5102;0x5103;0x5110;0x5111;0x5112;0x5113;0x5200;0x5201;0x5202;0x5210;0x5211;0x5212;0x5300;0x5301;0x5302;0x5303;0x5310;0x5311;0x5312;0x5313;0x6000;0x6001;0x6002;0x6003;0x6004;0x6005;0x6010;0x6011;0x6012;0x6013;0x6014;0x6015;0x6100;0x6101;0x6102;0x6103;0x6104;0x6105;0x6110;0x6111;0x6112;0x6113;0x6114;0x6115;0x6200;0x6201;0x6202;0x6204;0x6205;0x6210;0x6211;0x6212;0x6214;0x6215;0x6300;0x6301;0x6302;0x6303;0x6304;0x6305;0x6310;0x6311;0x6312;0x6313;0x6314;0x6315;0x6500;0x6510,WQLH6;WQMH6;WQNH6;WQSH6,WQLH6;WQMH6;WQNH6;WQSH6,,WQLH6;WQMH6;WQNH6;WQSH6,no,
IPLAT01,2,ARMOR,body,3441,4A,yes,4,data/Items.bif,0x0010029A,0C3130DF7551AE46C1BE94D8E74432323E78F859410860EE4AF1A5C80B6AC8A9,76,76,0x5000;0x5001;0x5002;0x5003;0x5010;0x5011;0x5012;0x5013;0x5100;0x5101;0x5102;0x5103;0x5110;0x5111;0x5112;0x5113;0x5200;0x5201;0x5202;0x5210;0x5211;0x5212;0x5300;0x5301;0x5302;0x5303;0x5310;0x5311;0x5312;0x5313;0x6000;0x6001;0x6002;0x6003;0x6004;0x6005;0x6010;0x6011;0x6012;0x6013;0x6014;0x6015;0x6100;0x6101;0x6102;0x6103;0x6104;0x6105;0x6110;0x6111;0x6112;0x6113;0x6114;0x6115;0x6200;0x6201;0x6202;0x6204;0x6205;0x6210;0x6211;0x6212;0x6214;0x6215;0x6300;0x6301;0x6302;0x6303;0x6304;0x6305;0x6310;0x6311;0x6312;0x6313;0x6314;0x6315,CDFC4;CDFF4;CDFT4;CDFW4;CDMC4;CDMF4;CDMT4;CDMW4;CEFC4;CEFF4;CEFT4;CEFW4;CEMC4;CEMF4;CEMT4;CEMW4;CHFC4;CHFF4;CHFT4;CHFW4;CHMC4;CHMF4;CHMT4;CHMW4;CIFC4;CIFF4;CIFT4;CIMC4;CIMF4;CIMT4,CDFC4;CDFF4;CDFT4;CDFW4;CDMC4;CDMF4;CDMT4;CDMW4;CEFC4;CEFF4;CEFT4;CEFW4;CEMC4;CEMF4;CEMT4;CEMW4;CHFC4;CHFF4;CHFT4;CHFW4;CHMC4;CHMF4;CHMT4;CHMW4;CIFC4;CIFF4;CIFT4;CIMC4;CIMF4;CIMT4,,CDFC4;CDFF4;CDFT4;CDFW4;CDMC4;CDMF4;CDMT4;CDMW4;CEFC4;CEFF4;CEFT4;CEFW4;CEMC4;CEMF4;CEMT4;CEMW4;CHFC4;CHFF4;CHFT4;CHFW4;CHMC4;CHMF4;CHMT4;CHMW4;CIFC4;CIFF4;CIFT4;CIMC4;CIMF4;CIMT4,no,
IPOTN08,9,POTION,,2020,,no,,data/Items.bif,0x0010029B,8BF6362FE1ADC7C0410B42B7272C3F7F8894B374373EDBC961C2B8C4D636DBF8,0,0,,,,,,no,
IPSION,1,AMULET,,2020,,no,,data/Items.bif,0x0010029C,4617CAB34E25B26EDA408C5AFE8FCA69569553921DCE82D33780C5E6B154FC3D,0,0,,,,,,no,
IRENRING,10,RING,,2020,,no,,data/Items.bif,0x0010029D,E3E8D475EAC9232B97B35F10609AEDF135835B1214542D3B43DD8894E9140EAA,0,0,,,,,,no,
IRONGOL,10,RING,,2020,,no,,data/Items.bif,0x0010029E,E77A404763D11B2E827AC41495F70FD6CA94B89797B751FAC936AEF5F49A76D0,0,0,,,,,,no,
ISHLD02,12,SHIELD,shield,4432,D2,yes,,data/Items.bif,0x0010029F,174540FB7E01AB4867FD83E3F7FD9378A02425986453D2E7CF51A30171362E49,78,78,0x5000;0x5001;0x5002;0x5003;0x5010;0x5011;0x5012;0x5013;0x5100;0x5101;0x5102;0x5103;0x5110;0x5111;0x5112;0x5113;0x5200;0x5201;0x5202;0x5210;0x5211;0x5212;0x5300;0x5301;0x5302;0x5303;0x5310;0x5311;0x5312;0x5313;0x6000;0x6001;0x6002;0x6003;0x6004;0x6005;0x6010;0x6011;0x6012;0x6013;0x6014;0x6015;0x6100;0x6101;0x6102;0x6103;0x6104;0x6105;0x6110;0x6111;0x6112;0x6113;0x6114;0x6115;0x6200;0x6201;0x6202;0x6204;0x6205;0x6210;0x6211;0x6212;0x6214;0x6215;0x6300;0x6301;0x6302;0x6303;0x6304;0x6305;0x6310;0x6311;0x6312;0x6313;0x6314;0x6315;0x6500;0x6510,WQHD2;WQLD2;WQMD2;WQND2;WQSD2,WQLD2;WQMD2;WQND2;WQSD2,WQHD2,WQLD2;WQMD2;WQND2;WQSD2,no,
ISHLD03,12,SHIELD,shield,4433,D3,yes,,data/Items.bif,0x001002A0,F799664D485C3B7B5162F07E976CA5FF24F7821003E6FD609146303760979E3E,78,78,0x5000;0x5001;0x5002;0x5003;0x5010;0x5011;0x5012;0x5013;0x5100;0x5101;0x5102;0x5103;0x5110;0x5111;0x5112;0x5113;0x5200;0x5201;0x5202;0x5210;0x5211;0x5212;0x5300;0x5301;0x5302;0x5303;0x5310;0x5311;0x5312;0x5313;0x6000;0x6001;0x6002;0x6003;0x6004;0x6005;0x6010;0x6011;0x6012;0x6013;0x6014;0x6015;0x6100;0x6101;0x6102;0x6103;0x6104;0x6105;0x6110;0x6111;0x6112;0x6113;0x6114;0x6115;0x6200;0x6201;0x6202;0x6204;0x6205;0x6210;0x6211;0x6212;0x6214;0x6215;0x6300;0x6301;0x6302;0x6303;0x6304;0x6305;0x6310;0x6311;0x6312;0x6313;0x6314;0x6315;0x6500;0x6510,WQHD3;WQLD3;WQMD3;WQND3;WQSD3,WQLD3;WQMD3;WQND3;WQSD3,WQHD3,WQLD3;WQMD3;WQND3;WQSD3,no,
ISW1H07,19,SMSWORD,weapon,5353,SS,yes,,data/Items.bif,0x001002A1,B55EC14D72C11DF26F51C892DAA33A62F38B739AE56453DE0A482BABBC30DEF6,78,78,0x5000;0x5001;0x5002;0x5003;0x5010;0x5011;0x5012;0x5013;0x5100;0x5101;0x5102;0x5103;0x5110;0x5111;0x5112;0x5113;0x5200;0x5201;0x5202;0x5210;0x5211;0x5212;0x5300;0x5301;0x5302;0x5303;0x5310;0x5311;0x5312;0x5313;0x6000;0x6001;0x6002;0x6003;0x6004;0x6005;0x6010;0x6011;0x6012;0x6013;0x6014;0x6015;0x6100;0x6101;0x6102;0x6103;0x6104;0x6105;0x6110;0x6111;0x6112;0x6113;0x6114;0x6115;0x6200;0x6201;0x6202;0x6204;0x6205;0x6210;0x6211;0x6212;0x6214;0x6215;0x6300;0x6301;0x6302;0x6303;0x6304;0x6305;0x6310;0x6311;0x6312;0x6313;0x6314;0x6315;0x6500;0x6510,WQLSS;WQMSS;WQNSS;WQSSS,WQLSS;WQMSS;WQNSS;WQSSS,,WQLSS;WQMSS;WQNSS;WQSSS,no,
JELLGR1,0,MISC,,2020,,no,,data/Items.bif,0x001002A2,9C4EBC987A4C282D9AB17CF87A590DF6D5A3E977C42D75BA58BE95A5C7F45566,0,0,,,,,,no,
JELLMU1,0,MISC,,2020,,no,,data/Items.bif,0x001002A3,45C55BD91526B217729F7001B88CBBEA217D0243ED1B8F12B0E75FD72200736B,0,0,,,,,,no,
JELLMU2,0,MISC,,2020,,no,,data/Items.bif,0x001002A4,5D6BF997B7C7D8106EF3F4DF5A5E0ACF74C825E99B818FB9D32E5AD24F4CCA27,0,0,,,,,,no,
JELLOC1,0,MISC,,2020,,no,,data/Items.bif,0x001002A5,B191C3F789AFB67015DAC8FA8CC39749BEFED249BCFC74D94F28DBFF1ECC26D5,0,0,,,,,,no,
JONHP1,3,BELT,,2020,,no,,data/Items.bif,0x001002A6,4F29194BBE278646F1116F6AED52D8DE82170A05345778314FC6268B0CB16EB9,0,0,,,,,,no,
JWSUPER,10,RING,,2020,,no,,data/25Items.bif,0x084000FF,CF7B11204A25C2C4F87EE4A184CE27CCC8CCA5DD697147B70A58075FA3219745,0,0,,,,,,no,
KALDW1,0,MISC,,2020,,no,,data/Items.bif,0x001002A7,F4BE6B0A41AEDAB76E7E754424BDCAC5D6BCB5E6859FAD14362CC0389D7B4772,0,0,,,,,,no,
KEY01,8,KEY,,2020,,no,,data/Items.bif,0x001002A8,45E8B5ABADC963C8CD4D24BE5A0CA7C17A570710665B23B9622037B4CE855A8B,0,0,,,,,,no,
KEY02,8,KEY,,2020,,no,,data/Items.bif,0x001002A9,9F37B2D8A32E16B8173D193603DBC16D09BD1A2E6B33FF77083D1C31ABB27AB6,0,0,,,,,,no,
KEY03,8,KEY,,2020,,no,,data/Items.bif,0x001002AA,675182DF5F8BA1D149B4D6D29359931C026A34F44DD5537F903B72CF9B3F2F39,0,0,,,,,,no,
KEY04,8,KEY,,2020,,no,,data/Items.bif,0x001002AB,F7D83126AB281C7758B9175030F8FE4B875CB8C689F421F5DFFE021B3100FCD6,0,0,,,,,,no,
KEY05,8,KEY,,2020,,no,,data/Items.bif,0x001002AC,1A243C0433B244EE31E2CCE448322FAFE50A0A3047CDB64401EA4F6E8EB43E9E,0,0,,,,,,no,
KEY06,8,KEY,,2020,,no,,data/Items.bif,0x001002AD,7ADAE8016B9B8260BC3334DF2B1819A0F2D178485CA1AC324F564592700B61BE,0,0,,,,,,no,
KEY07,8,KEY,,2020,,no,,data/Items.bif,0x001002AE,913016B4107D953270959297B4884FEAC9D6BB55A0A79EC07DF2D1064FBEEB08,0,0,,,,,,no,
KEY08,8,KEY,,2020,,no,,data/Items.bif,0x001002AF,D17A24C011F532762A250B3448264F78FD2475241A6B7982D0959154B154E4F0,0,0,,,,,,no,
KEY09,8,KEY,,2020,,no,,data/Items.bif,0x001002B0,1B377AAA06D31346AB556B034FFC9986954CFB5F17F810EF9A88C05826CBD734,0,0,,,,,,no,
KEY10,8,KEY,,2020,,no,,data/Items.bif,0x001002B1,C9C5A0D53586D1E2E4E65388F2A578B8F36F0317DE03F3FCEE1CD68ECE47F50A,0,0,,,,,,no,
KEY11,8,KEY,,2020,,no,,data/Items.bif,0x001002B2,18757ED27F8B6421F21785477D67D7823F4D89AF76493670A81CF66EEA02B68D,0,0,,,,,,no,
KEY12,8,KEY,,2020,,no,,data/Items.bif,0x001002B3,B642BBB17C0C5FCFD9AE4325029C15D08AFFBC3D1EAA87C6D97F84956FB467CF,0,0,,,,,,no,
KEY13,8,KEY,,2020,,no,,data/Items.bif,0x001002B4,9116FC2F1AF0604116CB129C277FC4F624E6BF81BEC8CE6C7DFAAF2751EC83A8,0,0,,,,,,no,
KEY14,8,KEY,,2020,,no,,data/Items.bif,0x001002B5,39B650117F6559BFCE302EFC6ED9A21AD4C2E059658E0829CC5146AD4656DEFF,0,0,,,,,,no,
KEY15,8,KEY,,2020,,no,,data/Items.bif,0x001002B6,152315E06D87401DC7364A3A0864FA80A54F186A89E90C11100FD0ADF89F40EF,0,0,,,,,,no,
KEY16,8,KEY,,2020,,no,,data/Items.bif,0x001002B7,ADC4F01A313A81C638A3AE5098A73B480ECD6974BA91A686141BDCF295E52F1A,0,0,,,,,,no,
KEY17,8,KEY,,2020,,no,,data/Items.bif,0x001002B8,5ACAFAD69B85930021C18BB749B12DA7BB8E8500E221F397CCDD0D0C2DE8307E,0,0,,,,,,no,
KEY18,8,KEY,,2020,,no,,data/Items.bif,0x001002B9,D442E8229C3DD88E8A8D1E58F6EFAA5AB83B48EC2B8C00F4BFC8B8C02A0D61B0,0,0,,,,,,no,
KEY19,8,KEY,,2020,,no,,data/Items.bif,0x001002BA,19D6210A39A0B12ADB28D4B6006729CBE006ECCAC60EE79F400F66731D1F1078,0,0,,,,,,no,
KEY20,7,HELMET,helmet,0000,,no,,data/Items.bif,0x001002BB,43BCE1EFB6FEB7134847995528BD9BF3CC4F666D4E8B6CB3C9A465A3C21F97D2,0,0,,,,,,no,no-compatible-character-family;visual-animation-code-invalid
KEY21,8,KEY,,2020,,no,,data/Items.bif,0x001002BC,0EC46F63DC0F33573F29235B4F1B4231119252B20225D84800DA529D2E226A9F,0,0,,,,,,no,
KEY22,8,KEY,,2020,,no,,data/Items.bif,0x001002BD,8017058DB45147B4AF5C450CEF9417A0A4DD399419471D1B141A5A2BEBDB069B,0,0,,,,,,no,
KEY23,0,MISC,,2020,,no,,data/Items.bif,0x001002BE,D3798455CBD7DE0A859470F28E54C680D9D37B296BA8975FF3B4B4CA00DAB3FB,0,0,,,,,,no,
KEY24,8,KEY,,2020,,no,,data/Items.bif,0x001002BF,607B192FC136C463F558960A306329E078D77237B3DC9904D3EA76E1CD772D69,0,0,,,,,,no,
KEY25,8,KEY,,2020,,no,,data/Items.bif,0x001002C0,CFB9583655950928C5A34F8AE2BB79C79D20F561C6E37D93665488F91526C080,0,0,,,,,,no,
KEY26,0,MISC,,2020,,no,,data/Items.bif,0x001002C1,6C104B7727BCBD14E05A9B59E28994921D704824B793355AABB0526F669066B0,0,0,,,,,,no,
KEY27,8,KEY,,2020,,no,,data/Items.bif,0x001002C2,7BFCAA683111614B51CBDB38270578F1B07381372C41A8BF0822B36C9E175B0D,0,0,,,,,,no,
KEY28,8,KEY,,2020,,no,,data/Items.bif,0x001002C3,20A5B1DF724182EB3E4EB75269322E2A1A6D409A6AC7EDA77FEE31CDD8FBF514,0,0,,,,,,no,
KEY29,8,KEY,,2020,,no,,data/Items.bif,0x001002C4,8A002CA285FB5344EA666BC5EFCCDBAC6F747125CFD5482E5BA62343F9708781,0,0,,,,,,no,
KIEL1,0,MISC,,464C,FL,yes,,data/Items.bif,0x001002C5,5F91EBF659907C4526933D840AAEF29B46C3E5C4CCE9DAE11BB86D5F7FDEE7A7,0,0,,,,,,no,
KIEL2,10,RING,,2020,,no,,data/Items.bif,0x001002C6,D3FED6C7E247363524FA6BA86251A6060699072EC13FC0B871F74CA39D89B299,0,0,,,,,,no,
KILLSW01,20,BGSWORD,weapon,5331,S1,yes,,data/Items.bif,0x001002C7,841949924A1A5271EDD53C073CFF8A59589BA78AFE100EF79A9FB62C4C9D224B,78,78,0x5000;0x5001;0x5002;0x5003;0x5010;0x5011;0x5012;0x5013;0x5100;0x5101;0x5102;0x5103;0x5110;0x5111;0x5112;0x5113;0x5200;0x5201;0x5202;0x5210;0x5211;0x5212;0x5300;0x5301;0x5302;0x5303;0x5310;0x5311;0x5312;0x5313;0x6000;0x6001;0x6002;0x6003;0x6004;0x6005;0x6010;0x6011;0x6012;0x6013;0x6014;0x6015;0x6100;0x6101;0x6102;0x6103;0x6104;0x6105;0x6110;0x6111;0x6112;0x6113;0x6114;0x6115;0x6200;0x6201;0x6202;0x6204;0x6205;0x6210;0x6211;0x6212;0x6214;0x6215;0x6300;0x6301;0x6302;0x6303;0x6304;0x6305;0x6310;0x6311;0x6312;0x6313;0x6314;0x6315;0x6500;0x6510,WQLS1;WQMS1;WQNS1;WQSS1,WQLS1;WQMS1;WQNS1;WQSS1,,WQLS1;WQMS1;WQNS1;WQSS1,no,
KORAX01,25,AXE,weapon,4158,AX,yes,,data/Items.bif,0x001002C8,3AADC6CAA52DAD54D06094B5A3BBCD623A00C015F10F09EE162A0B2030540F7E,78,78,0x5000;0x5001;0x5002;0x5003;0x5010;0x5011;0x5012;0x5013;0x5100;0x5101;0x5102;0x5103;0x5110;0x5111;0x5112;0x5113;0x5200;0x5201;0x5202;0x5210;0x5211;0x5212;0x5300;0x5301;0x5302;0x5303;0x5310;0x5311;0x5312;0x5313;0x6000;0x6001;0x6002;0x6003;0x6004;0x6005;0x6010;0x6011;0x6012;0x6013;0x6014;0x6015;0x6100;0x6101;0x6102;0x6103;0x6104;0x6105;0x6110;0x6111;0x6112;0x6113;0x6114;0x6115;0x6200;0x6201;0x6202;0x6204;0x6205;0x6210;0x6211;0x6212;0x6214;0x6215;0x6300;0x6301;0x6302;0x6303;0x6304;0x6305;0x6310;0x6311;0x6312;0x6313;0x6314;0x6315;0x6500;0x6510,WQLAX;WQMAX;WQNAX;WQSAX,WQLAX;WQMAX;WQNAX;WQSAX,,WQLAX;WQMAX;WQNAX;WQSAX,no,
KUOBOLT,31,BOLT,,2020,,no,,data/Items.bif,0x001002C9,B83C0A67FFB4A64C62AE68D2B7043724CB820CC6AC0114DE79054BD3FA4DCF26,0,0,,,,,,no,
KUOBOLT2,31,BOLT,,2020,,no,,data/25Items.bif,0x08400100,29C3E45905B43F4FA770A903195478970B125A1D91CE3FE6B30D94CB44B44761,0,0,,,,,,no,
KUOBOLT3,31,BOLT,,2020,,no,,data/25Items.bif,0x08400101,F4A57DDCE0A0C626AEC6FBBD55FE838FE6E8CF6EFD497B2FDCAF948E24876278,0,0,,,,,,no,
KUOBOW,27,XBOW,weapon,4342,CB,yes,,data/Items.bif,0x001002CA,52379DDCDB1A23A270F432090CDA0D8F447AADBCCE8E8EBAF7A795DFED73E327,78,78,0x5000;0x5001;0x5002;0x5003;0x5010;0x5011;0x5012;0x5013;0x5100;0x5101;0x5102;0x5103;0x5110;0x5111;0x5112;0x5113;0x5200;0x5201;0x5202;0x5210;0x5211;0x5212;0x5300;0x5301;0x5302;0x5303;0x5310;0x5311;0x5312;0x5313;0x6000;0x6001;0x6002;0x6003;0x6004;0x6005;0x6010;0x6011;0x6012;0x6013;0x6014;0x6015;0x6100;0x6101;0x6102;0x6103;0x6104;0x6105;0x6110;0x6111;0x6112;0x6113;0x6114;0x6115;0x6200;0x6201;0x6202;0x6204;0x6205;0x6210;0x6211;0x6212;0x6214;0x6215;0x6300;0x6301;0x6302;0x6303;0x6304;0x6305;0x6310;0x6311;0x6312;0x6313;0x6314;0x6315;0x6500;0x6510,WQLCB;WQMCB;WQNCB;WQSCB,WQLCB;WQMCB;WQNCB;WQSCB,,WQLCB;WQMCB;WQNCB;WQSCB,no,
KUORING,10,RING,,2020,,no,,data/Items.bif,0x001002CB,23B1172DB01E6E44AAA0DC9E1CFCEDA864A33BE51798BB9253DC4999F71F63EE,0,0,,,,,,no,
KUOSPER,29,SPEAR,weapon,5350,SP,yes,,data/Items.bif,0x001002CC,3F0DFB3EF7617F45D3B364C1193BFB6595A691E2D109BC9125C007C784EE4746,78,78,0x5000;0x5001;0x5002;0x5003;0x5010;0x5011;0x5012;0x5013;0x5100;0x5101;0x5102;0x5103;0x5110;0x5111;0x5112;0x5113;0x5200;0x5201;0x5202;0x5210;0x5211;0x5212;0x5300;0x5301;0x5302;0x5303;0x5310;0x5311;0x5312;0x5313;0x6000;0x6001;0x6002;0x6003;0x6004;0x6005;0x6010;0x6011;0x6012;0x6013;0x6014;0x6015;0x6100;0x6101;0x6102;0x6103;0x6104;0x6105;0x6110;0x6111;0x6112;0x6113;0x6114;0x6115;0x6200;0x6201;0x6202;0x6204;0x6205;0x6210;0x6211;0x6212;0x6214;0x6215;0x6300;0x6301;0x6302;0x6303;0x6304;0x6305;0x6310;0x6311;0x6312;0x6313;0x6314;0x6315;0x6500;0x6510,WQLSP;WQMSP;WQNSP;WQSSP,WQLSP;WQMSP;WQNSP;WQSSP,,WQLSP;WQMSP;WQNSP;WQSSP,no,
LACEDO,0,MISC,,2020,,no,,data/Items.bif,0x001002CD,2843B955792E139F8A8A0745125067A24392DAA82A67FF3891669AD9418BB556,0,0,,,,,,no,
LACEDO02,0,MISC,,2020,,no,,data/Items.bif,0x001002CE,639E52D3591B5FAB28B6F1993B71A0C4585CD4E6F0CC614F7C9FD1F0CE411F05,0,0,,,,,,no,
LASER,31,BOLT,,2020,,no,,data/Items.bif,0x001002CF,D18BFEFE2E3895F1B26E046D703B56D3D2B907502F17F93024FD228AB9F8BADB,0,0,,,,,,no,
LEAT01,2,ARMOR,body,3241,2A,yes,2,data/Items.bif,0x001002D0,5CC056A678123FA19697F3B7FD2C3353E8598EB2208EDF8B0C4300174CC7569B,76,76,0x5000;0x5001;0x5002;0x5003;0x5010;0x5011;0x5012;0x5013;0x5100;0x5101;0x5102;0x5103;0x5110;0x5111;0x5112;0x5113;0x5200;0x5201;0x5202;0x5210;0x5211;0x5212;0x5300;0x5301;0x5302;0x5303;0x5310;0x5311;0x5312;0x5313;0x6000;0x6001;0x6002;0x6003;0x6004;0x6005;0x6010;0x6011;0x6012;0x6013;0x6014;0x6015;0x6100;0x6101;0x6102;0x6103;0x6104;0x6105;0x6110;0x6111;0x6112;0x6113;0x6114;0x6115;0x6200;0x6201;0x6202;0x6204;0x6205;0x6210;0x6211;0x6212;0x6214;0x6215;0x6300;0x6301;0x6302;0x6303;0x6304;0x6305;0x6310;0x6311;0x6312;0x6313;0x6314;0x6315,CDFB2;CDFT2;CDFW2;CDMB2;CDMT2;CDMW2;CEFB2;CEFT2;CEFW2;CEMB2;CEMT2;CEMW2;CHFB2;CHFT2;CHFW2;CHMB2;CHMT2;CHMW2;CIFB2;CIFT2;CIMB2;CIMT2,CDFB2;CDFT2;CDFW2;CDMB2;CDMT2;CDMW2;CEFB2;CEFT2;CEFW2;CEMB2;CEMT2;CEMW2;CHFB2;CHFT2;CHFW2;CHMB2;CHMT2;CHMW2;CIFB2;CIFT2;CIMB2;CIMT2,,CDFB2;CDFT2;CDFW2;CDMB2;CDMT2;CDMW2;CEFB2;CEFT2;CEFW2;CEMB2;CEMT2;CEMW2;CHFB2;CHFT2;CHFW2;CHMB2;CHMT2;CHMW2;CIFB2;CIFT2;CIMB2;CIMT2,no,
LEAT02,2,ARMOR,body,3241,2A,yes,2,data/Items.bif,0x001002D1,4F794098004340C64686DC8747B6E909419A9895DE4D4F8CD651EFE02EC40317,76,76,0x5000;0x5001;0x5002;0x5003;0x5010;0x5011;0x5012;0x5013;0x5100;0x5101;0x5102;0x5103;0x5110;0x5111;0x5112;0x5113;0x5200;0x5201;0x5202;0x5210;0x5211;0x5212;0x5300;0x5301;0x5302;0x5303;0x5310;0x5311;0x5312;0x5313;0x6000;0x6001;0x6002;0x6003;0x6004;0x6005;0x6010;0x6011;0x6012;0x6013;0x6014;0x6015;0x6100;0x6101;0x6102;0x6103;0x6104;0x6105;0x6110;0x6111;0x6112;0x6113;0x6114;0x6115;0x6200;0x6201;0x6202;0x6204;0x6205;0x6210;0x6211;0x6212;0x6214;0x6215;0x6300;0x6301;0x6302;0x6303;0x6304;0x6305;0x6310;0x6311;0x6312;0x6313;0x6314;0x6315,CDFB2;CDFT2;CDFW2;CDMB2;CDMT2;CDMW2;CEFB2;CEFT2;CEFW2;CEMB2;CEMT2;CEMW2;CHFB2;CHFT2;CHFW2;CHMB2;CHMT2;CHMW2;CIFB2;CIFT2;CIMB2;CIMT2,CDFB2;CDFT2;CDFW2;CDMB2;CDMT2;CDMW2;CEFB2;CEFT2;CEFW2;CEMB2;CEMT2;CEMW2;CHFB2;CHFT2;CHFW2;CHMB2;CHMT2;CHMW2;CIFB2;CIFT2;CIMB2;CIMT2,,CDFB2;CDFT2;CDFW2;CDMB2;CDMT2;CDMW2;CEFB2;CEFT2;CEFW2;CEMB2;CEMT2;CEMW2;CHFB2;CHFT2;CHFW2;CHMB2;CHMT2;CHMW2;CIFB2;CIFT2;CIMB2;CIMT2,no,
LEAT03,2,ARMOR,body,3241,2A,yes,2,data/Items.bif,0x001002D2,B4702310D2409E6DBB058F6267AFFC1B4D88B662DC41F4D861578EA80997ED75,76,76,0x5000;0x5001;0x5002;0x5003;0x5010;0x5011;0x5012;0x5013;0x5100;0x5101;0x5102;0x5103;0x5110;0x5111;0x5112;0x5113;0x5200;0x5201;0x5202;0x5210;0x5211;0x5212;0x5300;0x5301;0x5302;0x5303;0x5310;0x5311;0x5312;0x5313;0x6000;0x6001;0x6002;0x6003;0x6004;0x6005;0x6010;0x6011;0x6012;0x6013;0x6014;0x6015;0x6100;0x6101;0x6102;0x6103;0x6104;0x6105;0x6110;0x6111;0x6112;0x6113;0x6114;0x6115;0x6200;0x6201;0x6202;0x6204;0x6205;0x6210;0x6211;0x6212;0x6214;0x6215;0x6300;0x6301;0x6302;0x6303;0x6304;0x6305;0x6310;0x6311;0x6312;0x6313;0x6314;0x6315,CDFB2;CDFT2;CDFW2;CDMB2;CDMT2;CDMW2;CEFB2;CEFT2;CEFW2;CEMB2;CEMT2;CEMW2;CHFB2;CHFT2;CHFW2;CHMB2;CHMT2;CHMW2;CIFB2;CIFT2;CIMB2;CIMT2,CDFB2;CDFT2;CDFW2;CDMB2;CDMT2;CDMW2;CEFB2;CEFT2;CEFW2;CEMB2;CEMT2;CEMW2;CHFB2;CHFT2;CHFW2;CHMB2;CHMT2;CHMW2;CIFB2;CIFT2;CIMB2;CIMT2,,CDFB2;CDFT2;CDFW2;CDMB2;CDMT2;CDMW2;CEFB2;CEFT2;CEFW2;CEMB2;CEMT2;CEMW2;CHFB2;CHFT2;CHFW2;CHMB2;CHMT2;CHMW2;CIFB2;CIFT2;CIMB2;CIMT2,no,
LEAT04,2,ARMOR,body,3241,2A,yes,2,data/Items.bif,0x001002D3,88A37123C4CC79ECE4CC2E5BDF5FA2D28934495923797DF75514AD7734130F3C,76,76,0x5000;0x5001;0x5002;0x5003;0x5010;0x5011;0x5012;0x5013;0x5100;0x5101;0x5102;0x5103;0x5110;0x5111;0x5112;0x5113;0x5200;0x5201;0x5202;0x5210;0x5211;0x5212;0x5300;0x5301;0x5302;0x5303;0x5310;0x5311;0x5312;0x5313;0x6000;0x6001;0x6002;0x6003;0x6004;0x6005;0x6010;0x6011;0x6012;0x6013;0x6014;0x6015;0x6100;0x6101;0x6102;0x6103;0x6104;0x6105;0x6110;0x6111;0x6112;0x6113;0x6114;0x6115;0x6200;0x6201;0x6202;0x6204;0x6205;0x6210;0x6211;0x6212;0x6214;0x6215;0x6300;0x6301;0x6302;0x6303;0x6304;0x6305;0x6310;0x6311;0x6312;0x6313;0x6314;0x6315,CDFB2;CDFT2;CDFW2;CDMB2;CDMT2;CDMW2;CEFB2;CEFT2;CEFW2;CEMB2;CEMT2;CEMW2;CHFB2;CHFT2;CHFW2;CHMB2;CHMT2;CHMW2;CIFB2;CIFT2;CIMB2;CIMT2,CDFB2;CDFT2;CDFW2;CDMB2;CDMT2;CDMW2;CEFB2;CEFT2;CEFW2;CEMB2;CEMT2;CEMW2;CHFB2;CHFT2;CHFW2;CHMB2;CHMT2;CHMW2;CIFB2;CIFT2;CIMB2;CIMT2,,CDFB2;CDFT2;CDFW2;CDMB2;CDMT2;CDMW2;CEFB2;CEFT2;CEFW2;CEMB2;CEMT2;CEMW2;CHFB2;CHFT2;CHFW2;CHMB2;CHMT2;CHMW2;CIFB2;CIFT2;CIMB2;CIMT2,no,
LEAT05,2,ARMOR,body,3241,2A,yes,2,data/Items.bif,0x001002D4,7F79C38DF43E68554DC6D9108CD702D2C8CC4204A114DA04B8DEAD88EEF26F50,76,76,0x5000;0x5001;0x5002;0x5003;0x5010;0x5011;0x5012;0x5013;0x5100;0x5101;0x5102;0x5103;0x5110;0x5111;0x5112;0x5113;0x5200;0x5201;0x5202;0x5210;0x5211;0x5212;0x5300;0x5301;0x5302;0x5303;0x5310;0x5311;0x5312;0x5313;0x6000;0x6001;0x6002;0x6003;0x6004;0x6005;0x6010;0x6011;0x6012;0x6013;0x6014;0x6015;0x6100;0x6101;0x6102;0x6103;0x6104;0x6105;0x6110;0x6111;0x6112;0x6113;0x6114;0x6115;0x6200;0x6201;0x6202;0x6204;0x6205;0x6210;0x6211;0x6212;0x6214;0x6215;0x6300;0x6301;0x6302;0x6303;0x6304;0x6305;0x6310;0x6311;0x6312;0x6313;0x6314;0x6315,CDFB2;CDFT2;CDFW2;CDMB2;CDMT2;CDMW2;CEFB2;CEFT2;CEFW2;CEMB2;CEMT2;CEMW2;CHFB2;CHFT2;CHFW2;CHMB2;CHMT2;CHMW2;CIFB2;CIFT2;CIMB2;CIMT2,CDFB2;CDFT2;CDFW2;CDMB2;CDMT2;CDMW2;CEFB2;CEFT2;CEFW2;CEMB2;CEMT2;CEMW2;CHFB2;CHFT2;CHFW2;CHMB2;CHMT2;CHMW2;CIFB2;CIFT2;CIMB2;CIMT2,,CDFB2;CDFT2;CDFW2;CDMB2;CDMT2;CDMW2;CEFB2;CEFT2;CEFW2;CEMB2;CEMT2;CEMW2;CHFB2;CHFT2;CHFW2;CHMB2;CHMT2;CHMW2;CIFB2;CIFT2;CIMB2;CIMT2,no,
LEAT06,2,ARMOR,body,3241,2A,yes,2,data/Items.bif,0x001002D5,1DA98C4493075C74D303BC0F9E841A996FAFA515C8684E0EABD6ECA4E18403ED,76,76,0x5000;0x5001;0x5002;0x5003;0x5010;0x5011;0x5012;0x5013;0x5100;0x5101;0x5102;0x5103;0x5110;0x5111;0x5112;0x5113;0x5200;0x5201;0x5202;0x5210;0x5211;0x5212;0x5300;0x5301;0x5302;0x5303;0x5310;0x5311;0x5312;0x5313;0x6000;0x6001;0x6002;0x6003;0x6004;0x6005;0x6010;0x6011;0x6012;0x6013;0x6014;0x6015;0x6100;0x6101;0x6102;0x6103;0x6104;0x6105;0x6110;0x6111;0x6112;0x6113;0x6114;0x6115;0x6200;0x6201;0x6202;0x6204;0x6205;0x6210;0x6211;0x6212;0x6214;0x6215;0x6300;0x6301;0x6302;0x6303;0x6304;0x6305;0x6310;0x6311;0x6312;0x6313;0x6314;0x6315,CDFB2;CDFT2;CDFW2;CDMB2;CDMT2;CDMW2;CEFB2;CEFT2;CEFW2;CEMB2;CEMT2;CEMW2;CHFB2;CHFT2;CHFW2;CHMB2;CHMT2;CHMW2;CIFB2;CIFT2;CIMB2;CIMT2,CDFB2;CDFT2;CDFW2;CDMB2;CDMT2;CDMW2;CEFB2;CEFT2;CEFW2;CEMB2;CEMT2;CEMW2;CHFB2;CHFT2;CHFW2;CHMB2;CHMT2;CHMW2;CIFB2;CIFT2;CIMB2;CIMT2,,CDFB2;CDFT2;CDFW2;CDMB2;CDMT2;CDMW2;CEFB2;CEFT2;CEFW2;CEMB2;CEMT2;CEMW2;CHFB2;CHFT2;CHFW2;CHMB2;CHMT2;CHMW2;CIFB2;CIFT2;CIMB2;CIMT2,no,
LEAT07,2,ARMOR,body,3241,2A,yes,2,data/Items.bif,0x001002D6,575AE6D2E619918271FF471723E6A07971107028D55293A242DD7DFB8CA930C7,76,76,0x5000;0x5001;0x5002;0x5003;0x5010;0x5011;0x5012;0x5013;0x5100;0x5101;0x5102;0x5103;0x5110;0x5111;0x5112;0x5113;0x5200;0x5201;0x5202;0x5210;0x5211;0x5212;0x5300;0x5301;0x5302;0x5303;0x5310;0x5311;0x5312;0x5313;0x6000;0x6001;0x6002;0x6003;0x6004;0x6005;0x6010;0x6011;0x6012;0x6013;0x6014;0x6015;0x6100;0x6101;0x6102;0x6103;0x6104;0x6105;0x6110;0x6111;0x6112;0x6113;0x6114;0x6115;0x6200;0x6201;0x6202;0x6204;0x6205;0x6210;0x6211;0x6212;0x6214;0x6215;0x6300;0x6301;0x6302;0x6303;0x6304;0x6305;0x6310;0x6311;0x6312;0x6313;0x6314;0x6315,CDFB2;CDFT2;CDFW2;CDMB2;CDMT2;CDMW2;CEFB2;CEFT2;CEFW2;CEMB2;CEMT2;CEMW2;CHFB2;CHFT2;CHFW2;CHMB2;CHMT2;CHMW2;CIFB2;CIFT2;CIMB2;CIMT2,CDFB2;CDFT2;CDFW2;CDMB2;CDMT2;CDMW2;CEFB2;CEFT2;CEFW2;CEMB2;CEMT2;CEMW2;CHFB2;CHFT2;CHFW2;CHMB2;CHMT2;CHMW2;CIFB2;CIFT2;CIMB2;CIMT2,,CDFB2;CDFT2;CDFW2;CDMB2;CDMT2;CDMW2;CEFB2;CEFT2;CEFW2;CEMB2;CEMT2;CEMW2;CHFB2;CHFT2;CHFW2;CHMB2;CHMT2;CHMW2;CIFB2;CIFT2;CIMB2;CIMT2,no,
LEAT08,2,ARMOR,body,3241,2A,yes,2,data/Items.bif,0x001002D7,8E8E3D82DCAE3AB1C0BC4CD16197D0042E7EC69BB5DD754ECF35428CE065CE0E,76,76,0x5000;0x5001;0x5002;0x5003;0x5010;0x5011;0x5012;0x5013;0x5100;0x5101;0x5102;0x5103;0x5110;0x5111;0x5112;0x5113;0x5200;0x5201;0x5202;0x5210;0x5211;0x5212;0x5300;0x5301;0x5302;0x5303;0x5310;0x5311;0x5312;0x5313;0x6000;0x6001;0x6002;0x6003;0x6004;0x6005;0x6010;0x6011;0x6012;0x6013;0x6014;0x6015;0x6100;0x6101;0x6102;0x6103;0x6104;0x6105;0x6110;0x6111;0x6112;0x6113;0x6114;0x6115;0x6200;0x6201;0x6202;0x6204;0x6205;0x6210;0x6211;0x6212;0x6214;0x6215;0x6300;0x6301;0x6302;0x6303;0x6304;0x6305;0x6310;0x6311;0x6312;0x6313;0x6314;0x6315,CDFB2;CDFT2;CDFW2;CDMB2;CDMT2;CDMW2;CEFB2;CEFT2;CEFW2;CEMB2;CEMT2;CEMW2;CHFB2;CHFT2;CHFW2;CHMB2;CHMT2;CHMW2;CIFB2;CIFT2;CIMB2;CIMT2,CDFB2;CDFT2;CDFW2;CDMB2;CDMT2;CDMW2;CEFB2;CEFT2;CEFW2;CEMB2;CEMT2;CEMW2;CHFB2;CHFT2;CHFW2;CHMB2;CHMT2;CHMW2;CIFB2;CIFT2;CIMB2;CIMT2,,CDFB2;CDFT2;CDFW2;CDMB2;CDMT2;CDMW2;CEFB2;CEFT2;CEFW2;CEMB2;CEMT2;CEMW2;CHFB2;CHFT2;CHFW2;CHMB2;CHMT2;CHMW2;CIFB2;CIFT2;CIMB2;CIMT2,no,
LEAT09,2,ARMOR,body,3241,2A,yes,2,data/Items.bif,0x001002D8,21490D8009138B5D9FFD911F2009165FDACE0E1FEB9A25919ABD9CA140251E7A,76,76,0x5000;0x5001;0x5002;0x5003;0x5010;0x5011;0x5012;0x5013;0x5100;0x5101;0x5102;0x5103;0x5110;0x5111;0x5112;0x5113;0x5200;0x5201;0x5202;0x5210;0x5211;0x5212;0x5300;0x5301;0x5302;0x5303;0x5310;0x5311;0x5312;0x5313;0x6000;0x6001;0x6002;0x6003;0x6004;0x6005;0x6010;0x6011;0x6012;0x6013;0x6014;0x6015;0x6100;0x6101;0x6102;0x6103;0x6104;0x6105;0x6110;0x6111;0x6112;0x6113;0x6114;0x6115;0x6200;0x6201;0x6202;0x6204;0x6205;0x6210;0x6211;0x6212;0x6214;0x6215;0x6300;0x6301;0x6302;0x6303;0x6304;0x6305;0x6310;0x6311;0x6312;0x6313;0x6314;0x6315,CDFB2;CDFT2;CDFW2;CDMB2;CDMT2;CDMW2;CEFB2;CEFT2;CEFW2;CEMB2;CEMT2;CEMW2;CHFB2;CHFT2;CHFW2;CHMB2;CHMT2;CHMW2;CIFB2;CIFT2;CIMB2;CIMT2,CDFB2;CDFT2;CDFW2;CDMB2;CDMT2;CDMW2;CEFB2;CEFT2;CEFW2;CEMB2;CEMT2;CEMW2;CHFB2;CHFT2;CHFW2;CHMB2;CHMT2;CHMW2;CIFB2;CIFT2;CIMB2;CIMT2,,CDFB2;CDFT2;CDFW2;CDMB2;CDMT2;CDMW2;CEFB2;CEFT2;CEFW2;CEMB2;CEMT2;CEMW2;CHFB2;CHFT2;CHFW2;CHMB2;CHMT2;CHMW2;CIFB2;CIFT2;CIMB2;CIMT2,no,
LEAT10,2,ARMOR,body,3241,2A,yes,2,data/Items.bif,0x001002D9,B321B07EBF87698F233984E2B316F0032552C5495953E7B4E7BBB665438D462F,76,76,0x5000;0x5001;0x5002;0x5003;0x5010;0x5011;0x5012;0x5013;0x5100;0x5101;0x5102;0x5103;0x5110;0x5111;0x5112;0x5113;0x5200;0x5201;0x5202;0x5210;0x5211;0x5212;0x5300;0x5301;0x5302;0x5303;0x5310;0x5311;0x5312;0x5313;0x6000;0x6001;0x6002;0x6003;0x6004;0x6005;0x6010;0x6011;0x6012;0x6013;0x6014;0x6015;0x6100;0x6101;0x6102;0x6103;0x6104;0x6105;0x6110;0x6111;0x6112;0x6113;0x6114;0x6115;0x6200;0x6201;0x6202;0x6204;0x6205;0x6210;0x6211;0x6212;0x6214;0x6215;0x6300;0x6301;0x6302;0x6303;0x6304;0x6305;0x6310;0x6311;0x6312;0x6313;0x6314;0x6315,CDFB2;CDFT2;CDFW2;CDMB2;CDMT2;CDMW2;CEFB2;CEFT2;CEFW2;CEMB2;CEMT2;CEMW2;CHFB2;CHFT2;CHFW2;CHMB2;CHMT2;CHMW2;CIFB2;CIFT2;CIMB2;CIMT2,CDFB2;CDFT2;CDFW2;CDMB2;CDMT2;CDMW2;CEFB2;CEFT2;CEFW2;CEMB2;CEMT2;CEMW2;CHFB2;CHFT2;CHFW2;CHMB2;CHMT2;CHMW2;CIFB2;CIFT2;CIMB2;CIMT2,,CDFB2;CDFT2;CDFW2;CDMB2;CDMT2;CDMW2;CEFB2;CEFT2;CEFW2;CEMB2;CEMT2;CEMW2;CHFB2;CHFT2;CHFW2;CHMB2;CHMT2;CHMW2;CIFB2;CIFT2;CIMB2;CIMT2,no,
LEAT11,2,ARMOR,body,3241,2A,yes,2,data/Items.bif,0x001002DA,FB27642521B8A78F613A048D078BFA21F1774BF4E4EC23A21A8E654D377A197B,76,76,0x5000;0x5001;0x5002;0x5003;0x5010;0x5011;0x5012;0x5013;0x5100;0x5101;0x5102;0x5103;0x5110;0x5111;0x5112;0x5113;0x5200;0x5201;0x5202;0x5210;0x5211;0x5212;0x5300;0x5301;0x5302;0x5303;0x5310;0x5311;0x5312;0x5313;0x6000;0x6001;0x6002;0x6003;0x6004;0x6005;0x6010;0x6011;0x6012;0x6013;0x6014;0x6015;0x6100;0x6101;0x6102;0x6103;0x6104;0x6105;0x6110;0x6111;0x6112;0x6113;0x6114;0x6115;0x6200;0x6201;0x6202;0x6204;0x6205;0x6210;0x6211;0x6212;0x6214;0x6215;0x6300;0x6301;0x6302;0x6303;0x6304;0x6305;0x6310;0x6311;0x6312;0x6313;0x6314;0x6315,CDFB2;CDFT2;CDFW2;CDMB2;CDMT2;CDMW2;CEFB2;CEFT2;CEFW2;CEMB2;CEMT2;CEMW2;CHFB2;CHFT2;CHFW2;CHMB2;CHMT2;CHMW2;CIFB2;CIFT2;CIMB2;CIMT2,CDFB2;CDFT2;CDFW2;CDMB2;CDMT2;CDMW2;CEFB2;CEFT2;CEFW2;CEMB2;CEMT2;CEMW2;CHFB2;CHFT2;CHFW2;CHMB2;CHMT2;CHMW2;CIFB2;CIFT2;CIMB2;CIMT2,,CDFB2;CDFT2;CDFW2;CDMB2;CDMT2;CDMW2;CEFB2;CEFT2;CEFW2;CEMB2;CEMT2;CEMW2;CHFB2;CHFT2;CHFW2;CHMB2;CHMT2;CHMW2;CIFB2;CIFT2;CIMB2;CIMT2,no,
LEAT12,2,ARMOR,body,3241,2A,yes,2,data/Items.bif,0x001002DB,E903D157C4A9C092069BAD2CA631444266BB6DC429F4EC68CBC71D40D6403594,76,76,0x5000;0x5001;0x5002;0x5003;0x5010;0x5011;0x5012;0x5013;0x5100;0x5101;0x5102;0x5103;0x5110;0x5111;0x5112;0x5113;0x5200;0x5201;0x5202;0x5210;0x5211;0x5212;0x5300;0x5301;0x5302;0x5303;0x5310;0x5311;0x5312;0x5313;0x6000;0x6001;0x6002;0x6003;0x6004;0x6005;0x6010;0x6011;0x6012;0x6013;0x6014;0x6015;0x6100;0x6101;0x6102;0x6103;0x6104;0x6105;0x6110;0x6111;0x6112;0x6113;0x6114;0x6115;0x6200;0x6201;0x6202;0x6204;0x6205;0x6210;0x6211;0x6212;0x6214;0x6215;0x6300;0x6301;0x6302;0x6303;0x6304;0x6305;0x6310;0x6311;0x6312;0x6313;0x6314;0x6315,CDFB2;CDFT2;CDFW2;CDMB2;CDMT2;CDMW2;CEFB2;CEFT2;CEFW2;CEMB2;CEMT2;CEMW2;CHFB2;CHFT2;CHFW2;CHMB2;CHMT2;CHMW2;CIFB2;CIFT2;CIMB2;CIMT2,CDFB2;CDFT2;CDFW2;CDMB2;CDMT2;CDMW2;CEFB2;CEFT2;CEFW2;CEMB2;CEMT2;CEMW2;CHFB2;CHFT2;CHFW2;CHMB2;CHMT2;CHMW2;CIFB2;CIFT2;CIMB2;CIMT2,,CDFB2;CDFT2;CDFW2;CDMB2;CDMT2;CDMW2;CEFB2;CEFT2;CEFW2;CEMB2;CEMT2;CEMW2;CHFB2;CHFT2;CHFW2;CHMB2;CHMT2;CHMW2;CIFB2;CIFT2;CIMB2;CIMT2,no,
LEAT13,2,ARMOR,body,3241,2A,yes,2,data/Items.bif,0x001002DC,D363E90609AB13A3F6BADC83A3228A7B4EDCF181B493B54275421DBCCA741CC1,76,76,0x5000;0x5001;0x5002;0x5003;0x5010;0x5011;0x5012;0x5013;0x5100;0x5101;0x5102;0x5103;0x5110;0x5111;0x5112;0x5113;0x5200;0x5201;0x5202;0x5210;0x5211;0x5212;0x5300;0x5301;0x5302;0x5303;0x5310;0x5311;0x5312;0x5313;0x6000;0x6001;0x6002;0x6003;0x6004;0x6005;0x6010;0x6011;0x6012;0x6013;0x6014;0x6015;0x6100;0x6101;0x6102;0x6103;0x6104;0x6105;0x6110;0x6111;0x6112;0x6113;0x6114;0x6115;0x6200;0x6201;0x6202;0x6204;0x6205;0x6210;0x6211;0x6212;0x6214;0x6215;0x6300;0x6301;0x6302;0x6303;0x6304;0x6305;0x6310;0x6311;0x6312;0x6313;0x6314;0x6315,CDFB2;CDFT2;CDFW2;CDMB2;CDMT2;CDMW2;CEFB2;CEFT2;CEFW2;CEMB2;CEMT2;CEMW2;CHFB2;CHFT2;CHFW2;CHMB2;CHMT2;CHMW2;CIFB2;CIFT2;CIMB2;CIMT2,CDFB2;CDFT2;CDFW2;CDMB2;CDMT2;CDMW2;CEFB2;CEFT2;CEFW2;CEMB2;CEMT2;CEMW2;CHFB2;CHFT2;CHFW2;CHMB2;CHMT2;CHMW2;CIFB2;CIFT2;CIMB2;CIMT2,,CDFB2;CDFT2;CDFW2;CDMB2;CDMT2;CDMW2;CEFB2;CEFT2;CEFW2;CEMB2;CEMT2;CEMW2;CHFB2;CHFT2;CHFW2;CHMB2;CHMT2;CHMW2;CIFB2;CIFT2;CIMB2;CIMT2,no,
LEAT14,2,ARMOR,body,3241,2A,yes,2,data/Items.bif,0x001002DD,1A91BB27B14B7150A55554CCFCDAF3A6F2B841C4559A7CA2357E702D51472933,76,76,0x5000;0x5001;0x5002;0x5003;0x5010;0x5011;0x5012;0x5013;0x5100;0x5101;0x5102;0x5103;0x5110;0x5111;0x5112;0x5113;0x5200;0x5201;0x5202;0x5210;0x5211;0x5212;0x5300;0x5301;0x5302;0x5303;0x5310;0x5311;0x5312;0x5313;0x6000;0x6001;0x6002;0x6003;0x6004;0x6005;0x6010;0x6011;0x6012;0x6013;0x6014;0x6015;0x6100;0x6101;0x6102;0x6103;0x6104;0x6105;0x6110;0x6111;0x6112;0x6113;0x6114;0x6115;0x6200;0x6201;0x6202;0x6204;0x6205;0x6210;0x6211;0x6212;0x6214;0x6215;0x6300;0x6301;0x6302;0x6303;0x6304;0x6305;0x6310;0x6311;0x6312;0x6313;0x6314;0x6315,CDFB2;CDFT2;CDFW2;CDMB2;CDMT2;CDMW2;CEFB2;CEFT2;CEFW2;CEMB2;CEMT2;CEMW2;CHFB2;CHFT2;CHFW2;CHMB2;CHMT2;CHMW2;CIFB2;CIFT2;CIMB2;CIMT2,CDFB2;CDFT2;CDFW2;CDMB2;CDMT2;CDMW2;CEFB2;CEFT2;CEFW2;CEMB2;CEMT2;CEMW2;CHFB2;CHFT2;CHFW2;CHMB2;CHMT2;CHMW2;CIFB2;CIFT2;CIMB2;CIMT2,,CDFB2;CDFT2;CDFW2;CDMB2;CDMT2;CDMW2;CEFB2;CEFT2;CEFW2;CEMB2;CEMT2;CEMW2;CHFB2;CHFT2;CHFW2;CHMB2;CHMT2;CHMW2;CIFB2;CIFT2;CIMB2;CIMT2,no,
LEAT15,2,ARMOR,body,3241,2A,yes,2,data/Items.bif,0x001002DE,CF4E643785742C5E82F7DD605962ED72F9A8943387DBBCD8C64113308DBD6E25,76,76,0x5000;0x5001;0x5002;0x5003;0x5010;0x5011;0x5012;0x5013;0x5100;0x5101;0x5102;0x5103;0x5110;0x5111;0x5112;0x5113;0x5200;0x5201;0x5202;0x5210;0x5211;0x5212;0x5300;0x5301;0x5302;0x5303;0x5310;0x5311;0x5312;0x5313;0x6000;0x6001;0x6002;0x6003;0x6004;0x6005;0x6010;0x6011;0x6012;0x6013;0x6014;0x6015;0x6100;0x6101;0x6102;0x6103;0x6104;0x6105;0x6110;0x6111;0x6112;0x6113;0x6114;0x6115;0x6200;0x6201;0x6202;0x6204;0x6205;0x6210;0x6211;0x6212;0x6214;0x6215;0x6300;0x6301;0x6302;0x6303;0x6304;0x6305;0x6310;0x6311;0x6312;0x6313;0x6314;0x6315,CDFB2;CDFT2;CDFW2;CDMB2;CDMT2;CDMW2;CEFB2;CEFT2;CEFW2;CEMB2;CEMT2;CEMW2;CHFB2;CHFT2;CHFW2;CHMB2;CHMT2;CHMW2;CIFB2;CIFT2;CIMB2;CIMT2,CDFB2;CDFT2;CDFW2;CDMB2;CDMT2;CDMW2;CEFB2;CEFT2;CEFW2;CEMB2;CEMT2;CEMW2;CHFB2;CHFT2;CHFW2;CHMB2;CHMT2;CHMW2;CIFB2;CIFT2;CIMB2;CIMT2,,CDFB2;CDFT2;CDFW2;CDMB2;CDMT2;CDMW2;CEFB2;CEFT2;CEFW2;CEMB2;CEMT2;CEMW2;CHFB2;CHFT2;CHFW2;CHMB2;CHMT2;CHMW2;CIFB2;CIFT2;CIMB2;CIMT2,no,
LEAT16,2,ARMOR,body,3241,2A,yes,2,data/Items.bif,0x001002DF,51A4A9E183974D7EF3108543F4DFEEB84F8F6F663125658DC688DBFA9E9F45CC,76,76,0x5000;0x5001;0x5002;0x5003;0x5010;0x5011;0x5012;0x5013;0x5100;0x5101;0x5102;0x5103;0x5110;0x5111;0x5112;0x5113;0x5200;0x5201;0x5202;0x5210;0x5211;0x5212;0x5300;0x5301;0x5302;0x5303;0x5310;0x5311;0x5312;0x5313;0x6000;0x6001;0x6002;0x6003;0x6004;0x6005;0x6010;0x6011;0x6012;0x6013;0x6014;0x6015;0x6100;0x6101;0x6102;0x6103;0x6104;0x6105;0x6110;0x6111;0x6112;0x6113;0x6114;0x6115;0x6200;0x6201;0x6202;0x6204;0x6205;0x6210;0x6211;0x6212;0x6214;0x6215;0x6300;0x6301;0x6302;0x6303;0x6304;0x6305;0x6310;0x6311;0x6312;0x6313;0x6314;0x6315,CDFB2;CDFT2;CDFW2;CDMB2;CDMT2;CDMW2;CEFB2;CEFT2;CEFW2;CEMB2;CEMT2;CEMW2;CHFB2;CHFT2;CHFW2;CHMB2;CHMT2;CHMW2;CIFB2;CIFT2;CIMB2;CIMT2,CDFB2;CDFT2;CDFW2;CDMB2;CDMT2;CDMW2;CEFB2;CEFT2;CEFW2;CEMB2;CEMT2;CEMW2;CHFB2;CHFT2;CHFW2;CHMB2;CHMT2;CHMW2;CIFB2;CIFT2;CIMB2;CIMT2,,CDFB2;CDFT2;CDFW2;CDMB2;CDMT2;CDMW2;CEFB2;CEFT2;CEFW2;CEMB2;CEMT2;CEMW2;CHFB2;CHFT2;CHFW2;CHMB2;CHMT2;CHMW2;CIFB2;CIFT2;CIMB2;CIMT2,no,
LEAT17,2,ARMOR,body,3241,2A,yes,2,data/Items.bif,0x001002E0,CB8A5271F29FBB10100E021BC6906A0EDD7202BF4FF08237A9AA22AACD83973A,76,76,0x5000;0x5001;0x5002;0x5003;0x5010;0x5011;0x5012;0x5013;0x5100;0x5101;0x5102;0x5103;0x5110;0x5111;0x5112;0x5113;0x5200;0x5201;0x5202;0x5210;0x5211;0x5212;0x5300;0x5301;0x5302;0x5303;0x5310;0x5311;0x5312;0x5313;0x6000;0x6001;0x6002;0x6003;0x6004;0x6005;0x6010;0x6011;0x6012;0x6013;0x6014;0x6015;0x6100;0x6101;0x6102;0x6103;0x6104;0x6105;0x6110;0x6111;0x6112;0x6113;0x6114;0x6115;0x6200;0x6201;0x6202;0x6204;0x6205;0x6210;0x6211;0x6212;0x6214;0x6215;0x6300;0x6301;0x6302;0x6303;0x6304;0x6305;0x6310;0x6311;0x6312;0x6313;0x6314;0x6315,CDFB2;CDFT2;CDFW2;CDMB2;CDMT2;CDMW2;CEFB2;CEFT2;CEFW2;CEMB2;CEMT2;CEMW2;CHFB2;CHFT2;CHFW2;CHMB2;CHMT2;CHMW2;CIFB2;CIFT2;CIMB2;CIMT2,CDFB2;CDFT2;CDFW2;CDMB2;CDMT2;CDMW2;CEFB2;CEFT2;CEFW2;CEMB2;CEMT2;CEMW2;CHFB2;CHFT2;CHFW2;CHMB2;CHMT2;CHMW2;CIFB2;CIFT2;CIMB2;CIMT2,,CDFB2;CDFT2;CDFW2;CDMB2;CDMT2;CDMW2;CEFB2;CEFT2;CEFW2;CEMB2;CEMT2;CEMW2;CHFB2;CHFT2;CHFW2;CHMB2;CHMT2;CHMW2;CIFB2;CIFT2;CIMB2;CIMT2,no,
LEAT18,2,ARMOR,body,3241,2A,yes,2,data/Items.bif,0x001002E1,033A01BB9A37C07B3F9121AF1055380F3D0A383FDFEC2B9CCC9311956555E15B,76,76,0x5000;0x5001;0x5002;0x5003;0x5010;0x5011;0x5012;0x5013;0x5100;0x5101;0x5102;0x5103;0x5110;0x5111;0x5112;0x5113;0x5200;0x5201;0x5202;0x5210;0x5211;0x5212;0x5300;0x5301;0x5302;0x5303;0x5310;0x5311;0x5312;0x5313;0x6000;0x6001;0x6002;0x6003;0x6004;0x6005;0x6010;0x6011;0x6012;0x6013;0x6014;0x6015;0x6100;0x6101;0x6102;0x6103;0x6104;0x6105;0x6110;0x6111;0x6112;0x6113;0x6114;0x6115;0x6200;0x6201;0x6202;0x6204;0x6205;0x6210;0x6211;0x6212;0x6214;0x6215;0x6300;0x6301;0x6302;0x6303;0x6304;0x6305;0x6310;0x6311;0x6312;0x6313;0x6314;0x6315,CDFB2;CDFT2;CDFW2;CDMB2;CDMT2;CDMW2;CEFB2;CEFT2;CEFW2;CEMB2;CEMT2;CEMW2;CHFB2;CHFT2;CHFW2;CHMB2;CHMT2;CHMW2;CIFB2;CIFT2;CIMB2;CIMT2,CDFB2;CDFT2;CDFW2;CDMB2;CDMT2;CDMW2;CEFB2;CEFT2;CEFW2;CEMB2;CEMT2;CEMW2;CHFB2;CHFT2;CHFW2;CHMB2;CHMT2;CHMW2;CIFB2;CIFT2;CIMB2;CIMT2,,CDFB2;CDFT2;CDFW2;CDMB2;CDMT2;CDMW2;CEFB2;CEFT2;CEFW2;CEMB2;CEMT2;CEMW2;CHFB2;CHFT2;CHFW2;CHMB2;CHMT2;CHMW2;CIFB2;CIFT2;CIMB2;CIMT2,no,
LEAT19,2,ARMOR,body,3241,2A,yes,2,data/Items.bif,0x001002E2,8C10792BB27EDCD91259353740B63FFD20A8C88A356205CE97CA19BCD82F9470,76,76,0x5000;0x5001;0x5002;0x5003;0x5010;0x5011;0x5012;0x5013;0x5100;0x5101;0x5102;0x5103;0x5110;0x5111;0x5112;0x5113;0x5200;0x5201;0x5202;0x5210;0x5211;0x5212;0x5300;0x5301;0x5302;0x5303;0x5310;0x5311;0x5312;0x5313;0x6000;0x6001;0x6002;0x6003;0x6004;0x6005;0x6010;0x6011;0x6012;0x6013;0x6014;0x6015;0x6100;0x6101;0x6102;0x6103;0x6104;0x6105;0x6110;0x6111;0x6112;0x6113;0x6114;0x6115;0x6200;0x6201;0x6202;0x6204;0x6205;0x6210;0x6211;0x6212;0x6214;0x6215;0x6300;0x6301;0x6302;0x6303;0x6304;0x6305;0x6310;0x6311;0x6312;0x6313;0x6314;0x6315,CDFB2;CDFT2;CDFW2;CDMB2;CDMT2;CDMW2;CEFB2;CEFT2;CEFW2;CEMB2;CEMT2;CEMW2;CHFB2;CHFT2;CHFW2;CHMB2;CHMT2;CHMW2;CIFB2;CIFT2;CIMB2;CIMT2,CDFB2;CDFT2;CDFW2;CDMB2;CDMT2;CDMW2;CEFB2;CEFT2;CEFW2;CEMB2;CEMT2;CEMW2;CHFB2;CHFT2;CHFW2;CHMB2;CHMT2;CHMW2;CIFB2;CIFT2;CIMB2;CIMT2,,CDFB2;CDFT2;CDFW2;CDMB2;CDMT2;CDMW2;CEFB2;CEFT2;CEFW2;CEMB2;CEMT2;CEMW2;CHFB2;CHFT2;CHFW2;CHMB2;CHMT2;CHMW2;CIFB2;CIFT2;CIMB2;CIMT2,no,
LEAT20,2,ARMOR,body,3241,2A,yes,2,data/Items.bif,0x001002E3,36F23BE4D34CFCDBA42820A85A9DB402713E378E00FD0365BF5057C3AAB22F34,76,76,0x5000;0x5001;0x5002;0x5003;0x5010;0x5011;0x5012;0x5013;0x5100;0x5101;0x5102;0x5103;0x5110;0x5111;0x5112;0x5113;0x5200;0x5201;0x5202;0x5210;0x5211;0x5212;0x5300;0x5301;0x5302;0x5303;0x5310;0x5311;0x5312;0x5313;0x6000;0x6001;0x6002;0x6003;0x6004;0x6005;0x6010;0x6011;0x6012;0x6013;0x6014;0x6015;0x6100;0x6101;0x6102;0x6103;0x6104;0x6105;0x6110;0x6111;0x6112;0x6113;0x6114;0x6115;0x6200;0x6201;0x6202;0x6204;0x6205;0x6210;0x6211;0x6212;0x6214;0x6215;0x6300;0x6301;0x6302;0x6303;0x6304;0x6305;0x6310;0x6311;0x6312;0x6313;0x6314;0x6315,CDFB2;CDFT2;CDFW2;CDMB2;CDMT2;CDMW2;CEFB2;CEFT2;CEFW2;CEMB2;CEMT2;CEMW2;CHFB2;CHFT2;CHFW2;CHMB2;CHMT2;CHMW2;CIFB2;CIFT2;CIMB2;CIMT2,CDFB2;CDFT2;CDFW2;CDMB2;CDMT2;CDMW2;CEFB2;CEFT2;CEFW2;CEMB2;CEMT2;CEMW2;CHFB2;CHFT2;CHFW2;CHMB2;CHMT2;CHMW2;CIFB2;CIFT2;CIMB2;CIMT2,,CDFB2;CDFT2;CDFW2;CDMB2;CDMT2;CDMW2;CEFB2;CEFT2;CEFW2;CEMB2;CEMT2;CEMW2;CHFB2;CHFT2;CHFW2;CHMB2;CHMT2;CHMW2;CIFB2;CIFT2;CIMB2;CIMT2,no,
LEAT21,2,ARMOR,body,3241,2A,yes,2,data/Items.bif,0x001002E4,4EC5BDECD2B80B75F2E1CE09B37FF502125EF5F2DF531E7B7544DBC6D7F405B1,76,76,0x5000;0x5001;0x5002;0x5003;0x5010;0x5011;0x5012;0x5013;0x5100;0x5101;0x5102;0x5103;0x5110;0x5111;0x5112;0x5113;0x5200;0x5201;0x5202;0x5210;0x5211;0x5212;0x5300;0x5301;0x5302;0x5303;0x5310;0x5311;0x5312;0x5313;0x6000;0x6001;0x6002;0x6003;0x6004;0x6005;0x6010;0x6011;0x6012;0x6013;0x6014;0x6015;0x6100;0x6101;0x6102;0x6103;0x6104;0x6105;0x6110;0x6111;0x6112;0x6113;0x6114;0x6115;0x6200;0x6201;0x6202;0x6204;0x6205;0x6210;0x6211;0x6212;0x6214;0x6215;0x6300;0x6301;0x6302;0x6303;0x6304;0x6305;0x6310;0x6311;0x6312;0x6313;0x6314;0x6315,CDFB2;CDFT2;CDFW2;CDMB2;CDMT2;CDMW2;CEFB2;CEFT2;CEFW2;CEMB2;CEMT2;CEMW2;CHFB2;CHFT2;CHFW2;CHMB2;CHMT2;CHMW2;CIFB2;CIFT2;CIMB2;CIMT2,CDFB2;CDFT2;CDFW2;CDMB2;CDMT2;CDMW2;CEFB2;CEFT2;CEFW2;CEMB2;CEMT2;CEMW2;CHFB2;CHFT2;CHFW2;CHMB2;CHMT2;CHMW2;CIFB2;CIFT2;CIMB2;CIMT2,,CDFB2;CDFT2;CDFW2;CDMB2;CDMT2;CDMW2;CEFB2;CEFT2;CEFW2;CEMB2;CEMT2;CEMW2;CHFB2;CHFT2;CHFW2;CHMB2;CHMT2;CHMW2;CIFB2;CIFT2;CIMB2;CIMT2,no,
LEAT22,2,ARMOR,body,3241,2A,yes,2,data/Items.bif,0x001002E5,F3C3C868FE83310C17857349F717D188D0F91EA91D95F72877C9C076EFFB08D7,76,76,0x5000;0x5001;0x5002;0x5003;0x5010;0x5011;0x5012;0x5013;0x5100;0x5101;0x5102;0x5103;0x5110;0x5111;0x5112;0x5113;0x5200;0x5201;0x5202;0x5210;0x5211;0x5212;0x5300;0x5301;0x5302;0x5303;0x5310;0x5311;0x5312;0x5313;0x6000;0x6001;0x6002;0x6003;0x6004;0x6005;0x6010;0x6011;0x6012;0x6013;0x6014;0x6015;0x6100;0x6101;0x6102;0x6103;0x6104;0x6105;0x6110;0x6111;0x6112;0x6113;0x6114;0x6115;0x6200;0x6201;0x6202;0x6204;0x6205;0x6210;0x6211;0x6212;0x6214;0x6215;0x6300;0x6301;0x6302;0x6303;0x6304;0x6305;0x6310;0x6311;0x6312;0x6313;0x6314;0x6315,CDFB2;CDFT2;CDFW2;CDMB2;CDMT2;CDMW2;CEFB2;CEFT2;CEFW2;CEMB2;CEMT2;CEMW2;CHFB2;CHFT2;CHFW2;CHMB2;CHMT2;CHMW2;CIFB2;CIFT2;CIMB2;CIMT2,CDFB2;CDFT2;CDFW2;CDMB2;CDMT2;CDMW2;CEFB2;CEFT2;CEFW2;CEMB2;CEMT2;CEMW2;CHFB2;CHFT2;CHFW2;CHMB2;CHMT2;CHMW2;CIFB2;CIFT2;CIMB2;CIMT2,,CDFB2;CDFT2;CDFW2;CDMB2;CDMT2;CDMW2;CEFB2;CEFT2;CEFW2;CEMB2;CEMT2;CEMW2;CHFB2;CHFT2;CHFW2;CHMB2;CHMT2;CHMW2;CIFB2;CIFT2;CIMB2;CIMT2,no,
LEAT23,2,ARMOR,body,3241,2A,yes,2,data/25Items.bif,0x08400102,337EAD4071381E981213D5B27A668D8B0FD9E3EF2F5B65A3C2B4A2442F094C83,76,76,0x5000;0x5001;0x5002;0x5003;0x5010;0x5011;0x5012;0x5013;0x5100;0x5101;0x5102;0x5103;0x5110;0x5111;0x5112;0x5113;0x5200;0x5201;0x5202;0x5210;0x5211;0x5212;0x5300;0x5301;0x5302;0x5303;0x5310;0x5311;0x5312;0x5313;0x6000;0x6001;0x6002;0x6003;0x6004;0x6005;0x6010;0x6011;0x6012;0x6013;0x6014;0x6015;0x6100;0x6101;0x6102;0x6103;0x6104;0x6105;0x6110;0x6111;0x6112;0x6113;0x6114;0x6115;0x6200;0x6201;0x6202;0x6204;0x6205;0x6210;0x6211;0x6212;0x6214;0x6215;0x6300;0x6301;0x6302;0x6303;0x6304;0x6305;0x6310;0x6311;0x6312;0x6313;0x6314;0x6315,CDFB2;CDFT2;CDFW2;CDMB2;CDMT2;CDMW2;CEFB2;CEFT2;CEFW2;CEMB2;CEMT2;CEMW2;CHFB2;CHFT2;CHFW2;CHMB2;CHMT2;CHMW2;CIFB2;CIFT2;CIMB2;CIMT2,CDFB2;CDFT2;CDFW2;CDMB2;CDMT2;CDMW2;CEFB2;CEFT2;CEFW2;CEMB2;CEMT2;CEMW2;CHFB2;CHFT2;CHFW2;CHMB2;CHMT2;CHMW2;CIFB2;CIFT2;CIMB2;CIMT2,,CDFB2;CDFT2;CDFW2;CDMB2;CDMT2;CDMW2;CEFB2;CEFT2;CEFW2;CEMB2;CEMT2;CEMW2;CHFB2;CHFT2;CHFW2;CHMB2;CHMT2;CHMW2;CIFB2;CIFT2;CIMB2;CIMT2,no,
LEAT24,2,ARMOR,body,3241,2A,yes,2,data/25Items.bif,0x08400103,14E9DCA7CFD441CBD5CD7EFB3B3A6F3F16793FA2A351FCAD2699EFA831391238,76,76,0x5000;0x5001;0x5002;0x5003;0x5010;0x5011;0x5012;0x5013;0x5100;0x5101;0x5102;0x5103;0x5110;0x5111;0x5112;0x5113;0x5200;0x5201;0x5202;0x5210;0x5211;0x5212;0x5300;0x5301;0x5302;0x5303;0x5310;0x5311;0x5312;0x5313;0x6000;0x6001;0x6002;0x6003;0x6004;0x6005;0x6010;0x6011;0x6012;0x6013;0x6014;0x6015;0x6100;0x6101;0x6102;0x6103;0x6104;0x6105;0x6110;0x6111;0x6112;0x6113;0x6114;0x6115;0x6200;0x6201;0x6202;0x6204;0x6205;0x6210;0x6211;0x6212;0x6214;0x6215;0x6300;0x6301;0x6302;0x6303;0x6304;0x6305;0x6310;0x6311;0x6312;0x6313;0x6314;0x6315,CDFB2;CDFT2;CDFW2;CDMB2;CDMT2;CDMW2;CEFB2;CEFT2;CEFW2;CEMB2;CEMT2;CEMW2;CHFB2;CHFT2;CHFW2;CHMB2;CHMT2;CHMW2;CIFB2;CIFT2;CIMB2;CIMT2,CDFB2;CDFT2;CDFW2;CDMB2;CDMT2;CDMW2;CEFB2;CEFT2;CEFW2;CEMB2;CEMT2;CEMW2;CHFB2;CHFT2;CHFW2;CHMB2;CHMT2;CHMW2;CIFB2;CIFT2;CIMB2;CIMT2,,CDFB2;CDFT2;CDFW2;CDMB2;CDMT2;CDMW2;CEFB2;CEFT2;CEFW2;CEMB2;CEMT2;CEMW2;CHFB2;CHFT2;CHFW2;CHMB2;CHMT2;CHMW2;CIFB2;CIFT2;CIMB2;CIMT2,no,
LICH,10,RING,,2020,,no,,data/Items.bif,0x001002E6,0C37D7FB0F8F3592010E7B19166B53DAB385E3E23C17D78EE1A6243B47D12F45,0,0,,,,,,no,
LICH02,0,MISC,,2020,,no,,data/Items.bif,0x001002E7,E2E4C96C46410674B1E5C082A5ACBDD0384D7BDA486C1C8635E9139D80F03850,0,0,,,,,,no,
LICHEL01,0,MISC,,2020,,no,,data/25Items.bif,0x08400104,AC1915501C4FA92AFECB1B21B69F5852FDE34EF99756C0FF7A5D53848D4D531E,0,0,,,,,,no,
LIGHT,31,BOLT,,2020,,no,,data/Items.bif,0x001002E8,48B673068CDEE3DED14613530CD8364110166A59CE6DA8F89296ED110EE51BFC,0,0,,,,,,no,
LIONSPIR,28,FIST,weapon,4836,H6,yes,,data/Items.bif,0x001002E9,F591D150A5CBB95DCD2C2A09A9059FF9B6E1416B49F05CE24DBF22AFE803F562,78,78,0x5000;0x5001;0x5002;0x5003;0x5010;0x5011;0x5012;0x5013;0x5100;0x5101;0x5102;0x5103;0x5110;0x5111;0x5112;0x5113;0x5200;0x5201;0x5202;0x5210;0x5211;0x5212;0x5300;0x5301;0x5302;0x5303;0x5310;0x5311;0x5312;0x5313;0x6000;0x6001;0x6002;0x6003;0x6004;0x6005;0x6010;0x6011;0x6012;0x6013;0x6014;0x6015;0x6100;0x6101;0x6102;0x6103;0x6104;0x6105;0x6110;0x6111;0x6112;0x6113;0x6114;0x6115;0x6200;0x6201;0x6202;0x6204;0x6205;0x6210;0x6211;0x6212;0x6214;0x6215;0x6300;0x6301;0x6302;0x6303;0x6304;0x6305;0x6310;0x6311;0x6312;0x6313;0x6314;0x6315;0x6500;0x6510,WQLH6;WQMH6;WQNH6;WQSH6,WQLH6;WQMH6;WQNH6;WQSH6,,WQLH6;WQMH6;WQNH6;WQSH6,no,
LUM1,11,SCROLL,,2020,,no,,data/25Items.bif,0x08400105,61A297D962E63523B8EF26DF1AB81BB00F1DE232487B4F14AC31F29BDF5967E3,0,0,,,,,,no,
LUM2,11,SCROLL,,2020,,no,,data/25Items.bif,0x08400106,D229E8C5E0A8C21F859561E895C112398D10AE7E5167248BA3BCB1822C3FC0B8,0,0,,,,,,no,
LUM3,11,SCROLL,,2020,,no,,data/25Items.bif,0x08400107,9124FA9AC06D3EDBA330804FD89BE08E6143659D34AE3C08F0F966CEA42A2119,0,0,,,,,,no,
LUM4,11,SCROLL,,2020,,no,,data/25Items.bif,0x08400108,C810F932349D1468E0A6F782A65BE7BBE7BCEA1129D70A030CFB0A692D4CC2B2,0,0,,,,,,no,
LUM5,11,SCROLL,,2020,,no,,data/25Items.bif,0x08400109,A2F44B2E260D05691B4695B315CF6E2F6A64C3AFFA5C3908C43DB771943D34BF,0,0,,,,,,no,
LUM6,11,SCROLL,,2020,,no,,data/25Items.bif,0x0840010A,2A6BD9C067F747C4206F3634E773315721BC10DFC0EF13CC82F7D728F5D231CD,0,0,,,,,,no,
LUM7,11,SCROLL,,2020,,no,,data/25Items.bif,0x0840010B,6410506CE79E8832B3749291EDE1477DACDF1080C44ADF0F206F240D660D85D0,0,0,,,,,,no,
LUM8,11,SCROLL,,2020,,no,,data/25Items.bif,0x0840010C,E46E47C2D6DB4BA10646BE9D3B6419F1DE0568B2390EB42620506B5AC3E6B5E3,0,0,,,,,,no,
LUM9,11,SCROLL,,2020,,no,,data/25Items.bif,0x0840010D,C57CF68B8A76069797CEE5A7BE78B018E6C5E6965F770115668D9A6905220A40,0,0,,,,,,no,
MAGE01,10,RING,,2020,,no,,data/Items.bif,0x001002EA,F559052480C8AFCBCA91B8FB1231F3779E7F00CD47CD1E958ABCAB263E8DF35C,0,0,,,,,,no,
MAGE02,10,RING,,2020,,no,,data/Items.bif,0x001002EB,FE605B8CD407787A58B0F982E5A5AB36CCE2DEF758CFDE340B8CBAD748FFC644,0,0,,,,,,no,
MAGE03,10,RING,,2020,,no,,data/Items.bif,0x001002EC,B2E954B0D6AD922111A1F658776122786088F6873D5203CC56050D204C74EF64,0,0,,,,,,no,
MAGE04,10,RING,,2020,,no,,data/Items.bif,0x001002ED,C79C091CF3AA9D6B1EBEF2A05E081DBBC46AEE0885F4C90760C81BE9E75E2A86,0,0,,,,,,no,
MAGE05,10,RING,,2020,,no,,data/Items.bif,0x001002EE,2FDED7D170C8CA1B0FEE7BEF7BFCDB64FB0ECFEB4BDAF151496AF3551610C0A7,0,0,,,,,,no,
MAGE06,10,RING,,2020,,no,,data/Items.bif,0x001002EF,C78F5C0FAB711EF11038B868F06F7A2576BA3B7BCA9C22E98CC686C8163D04B5,0,0,,,,,,no,
MAGEAMUL,1,AMULET,,2020,,no,,data/Items.bif,0x001002F0,000AE5826EBB5762B960615D6534FEF88A5BFC0AA8FF983F77ECAA1585F2F3CC,0,0,,,,,,no,
MAGEBRAC,6,BRACER,,2020,,no,,data/Items.bif,0x001002F1,38552C86298814C3F21D0C36F4E816313FBB26E151838A598A68C34929A66608,0,0,,,,,,no,
MAGICOLD,0,MISC,,2020,,no,,data/Items.bif,0x001002F2,6CD0D158EC11DE1EA7A60FE368AF48CE5BA352F9BC1A2D40926C6CD5BB31584B,0,0,,,,,,no,
MAGICONF,0,MISC,,2020,,no,,data/Items.bif,0x001002F3,A88C7F1AC7D7CE717BEA253439266DB1054030183C356D36BDC6B5F96EC0D312,0,0,,,,,,no,
MAGIDEAD,0,MISC,,2020,,no,,data/Items.bif,0x001002F4,1371160AE6221C40F564F26C90E39394B2124DFC125249FEB74E44D5075E4967,0,0,,,,,,no,
MAGISPWR,0,MISC,,2020,,no,,data/Items.bif,0x001002F5,26F7C02B05D3A775188A567AC00327A9F8E62BAFBB7B52D63637CA06CF8749B1,0,0,,,,,,no,
MAGIWEB,0,MISC,,2020,,no,,data/Items.bif,0x001002F6,72494ED3A4A1786C93523D46FC9F0994998862B7CEB118E6A8F6098AAA2BF1E6,0,0,,,,,,no,
MAHARPER,10,RING,,2020,,no,,data/Items.bif,0x001002F7,A339951B9781991E1CB881BC1316B63E0F1121AACA34D51A74B544E7941F0796,0,0,,,,,,no,
MANE01,10,RING,,2020,,no,,data/Items.bif,0x001002F8,A7F3858AB5A936183140EA4EA675529EF9870ADB53D79A33749D1E02DC43D124,0,0,,,,,,no,
MARILI,20,BGSWORD,weapon,5331,S1,yes,,data/25Items.bif,0x0840010E,2CA667FD23CA7B5CE3F990428DD70114C5E5A343A33ACCAC3D0B7B910ACB8330,78,78,0x5000;0x5001;0x5002;0x5003;0x5010;0x5011;0x5012;0x5013;0x5100;0x5101;0x5102;0x5103;0x5110;0x5111;0x5112;0x5113;0x5200;0x5201;0x5202;0x5210;0x5211;0x5212;0x5300;0x5301;0x5302;0x5303;0x5310;0x5311;0x5312;0x5313;0x6000;0x6001;0x6002;0x6003;0x6004;0x6005;0x6010;0x6011;0x6012;0x6013;0x6014;0x6015;0x6100;0x6101;0x6102;0x6103;0x6104;0x6105;0x6110;0x6111;0x6112;0x6113;0x6114;0x6115;0x6200;0x6201;0x6202;0x6204;0x6205;0x6210;0x6211;0x6212;0x6214;0x6215;0x6300;0x6301;0x6302;0x6303;0x6304;0x6305;0x6310;0x6311;0x6312;0x6313;0x6314;0x6315;0x6500;0x6510,WQLS1;WQMS1;WQNS1;WQSS1,WQLS1;WQMS1;WQNS1;WQSS1,,WQLS1;WQMS1;WQNS1;WQSS1,no,
MAUREZHI,0,MISC,,2020,,no,,data/Items.bif,0x001002F9,77F4420E7D6349DEEF5BBAAE225F1191DBBC6CA46B5E64E87F9E3239CA8D3F72,0,0,,,,,,no,
MDK2BUL2,31,BOLT,,2020,,no,,data/Items.bif,0x001002FA,1D0F703466A1A3139A6ED8132BDB0E7BD4793CBA0E43D922ECF39251E5AE3F68,0,0,,,,,,no,
MDK2BULL,31,BOLT,,2020,,no,,data/Items.bif,0x001002FB,B7CCC76E9025F88D17CAE88133EFBFC500921F93A7766EDAF5CD6C3F40D86A77,0,0,,,,,,no,
MDK2GUN,27,XBOW,weapon,4342,CB,yes,,data/Items.bif,0x001002FC,0B0C92286D4BB34626CD85C1FF407848EB84F3DA0DB290212D39A83EC1050036,78,78,0x5000;0x5001;0x5002;0x5003;0x5010;0x5011;0x5012;0x5013;0x5100;0x5101;0x5102;0x5103;0x5110;0x5111;0x5112;0x5113;0x5200;0x5201;0x5202;0x5210;0x5211;0x5212;0x5300;0x5301;0x5302;0x5303;0x5310;0x5311;0x5312;0x5313;0x6000;0x6001;0x6002;0x6003;0x6004;0x6005;0x6010;0x6011;0x6012;0x6013;0x6014;0x6015;0x6100;0x6101;0x6102;0x6103;0x6104;0x6105;0x6110;0x6111;0x6112;0x6113;0x6114;0x6115;0x6200;0x6201;0x6202;0x6204;0x6205;0x6210;0x6211;0x6212;0x6214;0x6215;0x6300;0x6301;0x6302;0x6303;0x6304;0x6305;0x6310;0x6311;0x6312;0x6313;0x6314;0x6315;0x6500;0x6510,WQLCB;WQMCB;WQNCB;WQSCB,WQLCB;WQMCB;WQNCB;WQSCB,,WQLCB;WQMCB;WQNCB;WQSCB,no,
MDK2MTOV,24,DART,weapon,2020,,no,,data/Items.bif,0x001002FD,17C57312EA211A8C95D6D37785A4DBEF1FB2E283FEB016D5BF41A28BBE3ECF75,0,0,,,,,,no,no-compatible-character-family;visual-animation-code-invalid
MDK2RING,10,RING,,2020,,no,,data/Items.bif,0x001002FE,26CBA0A74714710B0E367DC00A0D308C3ECFF9C5264F57B72C855F4493DE92EB,0,0,,,,,,no,
MDK2SUMM,11,SCROLL,,2020,,no,,data/Items.bif,0x001002FF,C17BF51D6EAB351C2DE007D6A4170849664B3CC2C17030DF576CA993FC3690D5,0,0,,,,,,no,
MDOG1,10,RING,,2020,,no,,data/Items.bif,0x00100300,3B9949FD292A689ADFB2F4E3A3ABAB5F67D19F147ECD03BE1DE319D1B4ADE7C0,0,0,,,,,,no,
MEL01,3,BELT,,2020,,no,,data/25Items.bif,0x0840010F,854831E82D9F46A2B88F11771C89F0ECDC0415384DAD45A0BABB50ABE7EA974A,0,0,,,,,,no,
MELFMET,24,DART,weapon,2020,,no,,data/Items.bif,0x00100301,E182181090CF8A21CC206115C9A1F7FB39DC21A3365EEC6F256B8A1FD1255B2E,0,0,,,,,,no,no-compatible-character-family;visual-animation-code-invalid
MEPFIR,0,MISC,,2020,,no,,data/Items.bif,0x00100302,478A1155646D7B3EE8FC6CB9691940BC223CD5C40886E745F07FC575A77BF75E,0,0,,,,,,no,
MEPICE,0,MISC,,2020,,no,,data/Items.bif,0x00100303,835790EE3B0E066750ADE0E8B52D6E15F94522EC35F0BFDC0A1C9E65270892AE,0,0,,,,,,no,
MEPLIG,0,MISC,,2020,,no,,data/Items.bif,0x00100304,5538240E0ED1CB4851B2250A0E0C3C9716B85AFE79375DDF1E8F51BE594B600D,0,0,,,,,,no,
MEPMAG,0,MISC,,2020,,no,,data/Items.bif,0x00100305,8284A1C943813272172C4A593946F1315BC8150C7D0A32C7DDBFE2BA18852DA1,0,0,,,,,,no,
MEPSAL,0,MISC,,2020,,no,,data/Items.bif,0x00100306,B17B17BF0F750AEC502B6B8729A2028F28EF34FC0655B969E16AA773627B425D,0,0,,,,,,no,
MEPSTE,0,MISC,,2020,,no,,data/Items.bif,0x00100307,5284A4F6290252625ED046C4B5D3F890434C62F4D67CD98485DDED93355D96E8,0,0,,,,,,no,
MFIST1,28,FIST,weapon,2020,,no,,data/Items.bif,0x00100308,CFE7A5CB1917B582A6B660E089CC8E4851E7730210FB533F7A66FF31810242FA,0,0,,,,,,no,no-compatible-character-family;visual-animation-code-invalid
MFIST2,28,FIST,weapon,2020,,no,,data/Items.bif,0x00100309,E2673F4BD7E1EF8D80932D7E84BE4A6D03622884A5EF443176C6C174A54578B6,0,0,,,,,,no,no-compatible-character-family;visual-animation-code-invalid
MFIST3,28,FIST,weapon,2020,,no,,data/Items.bif,0x0010030A,F85BCF2D90E0065DB64D7A6C68C1E38BD2AB0316E84A2F8217D1026B37E7FB83,0,0,,,,,,no,no-compatible-character-family;visual-animation-code-invalid
MFIST4,28,FIST,weapon,2020,,no,,data/Items.bif,0x0010030B,3CC93954DC95FDE0F61B6DAB0117A8608B10D9799B0807980EB285A39AB0530D,0,0,,,,,,no,no-compatible-character-family;visual-animation-code-invalid
MFIST5,28,FIST,weapon,2020,,no,,data/Items.bif,0x0010030C,B80C31AB7429097EE346F6B211A1DA6BB62B95221444543F46633B3B7C4A2CC8,0,0,,,,,,no,no-compatible-character-family;visual-animation-code-invalid
MFIST6,28,FIST,weapon,2020,,no,,data/Items.bif,0x0010030D,B806FC74056AABF18CC66BEACB14B9DA16A00578DF225E0587D3B5D8C0E7889B,0,0,,,,,,no,no-compatible-character-family;visual-animation-code-invalid
MFIST7,28,FIST,weapon,2020,,no,,data/Items.bif,0x0010030E,958379EA82CF35BEE66D127DA7B2AEF53F53DA83129ED707F0E513B7C290F146,0,0,,,,,,no,no-compatible-character-family;visual-animation-code-invalid
MFIST8,28,FIST,weapon,2020,,no,,data/25Items.bif,0x08400110,C418349BAF6AD9F07E6F48A53AB76610FDD4718B3A8F873BFBFF0DF4542C5E99,0,0,,,,,,no,no-compatible-character-family;visual-animation-code-invalid
MGLOBE,1,AMULET,,2020,,no,,data/Items.bif,0x0010030F,DB5D9881B37D55840F930F7CAE13C2D4F154FF5F2C937021AAF3C6B879ECA688,0,0,,,,,,no,
MINDFL02,0,MISC,,2020,,no,,data/Items.bif,0x00100310,6389F0D7A4C74DF88867D9025C88B2E304FA11D15234C35353FC0F0339F67D07,0,0,,,,,,no,
MINDFLAY,0,MISC,,2020,,no,,data/Items.bif,0x00100311,DF77EFD63F322CBCCC7079EA050C8BCC1E8786668A97A8D4FBE4F18AA2278F83,0,0,,,,,,no,
MINHP1,1,AMULET,,2020,,no,,data/Items.bif,0x00100312,C5DD53198FEF7C12D4E5337C5A376823C210D1B57EF2B054304477CBEA4ECB13,0,0,,,,,,no,
MINHP20,1,AMULET,,2020,,no,,data/Items.bif,0x00100313,3AFA4AADF88FF18CF01C4E33C7599062A134AB0021F3306A855FA9196FAB1299,0,0,,,,,,no,
MINHP60,1,AMULET,,2020,,no,,data/Items.bif,0x00100314,AA91FD2EC4BC37794D52FB85865727BE3BBD14C3F8A2A60679B9FB17AC6316CE,0,0,,,,,,no,
MISC01,0,MISC,,2020,,no,,data/Items.bif,0x00100315,E67EB1428E567E028345986D90EF4D5B66A10C1F66C2A0E18CC13B76C0DD316B,0,0,,,,,,no,
MISC02,0,MISC,,2020,,no,,data/Items.bif,0x00100316,667B56D14F8E2C04930D44BE93D893196EE004A7810F5B52AAF5AF57339E8E0F,0,0,,,,,,no,
MISC03,0,MISC,,2020,,no,,data/Items.bif,0x00100317,9176C9A34671A2D585456BF92BF890DCB0B489BADC6AA19D3E37D64AFF5D7B34,0,0,,,,,,no,
MISC04,0,MISC,,2020,,no,,data/Items.bif,0x00100318,E662B9183E7DBC560E93ECDE0799FE90E19A9D7E5E5D32DB5DB8357A91DE0280,0,0,,,,,,no,
MISC07,33,COIN,,2020,,no,,data/Items.bif,0x00100319,1D0E94BB4187C5E5F409AEE4230090EDF1A076588BDC3F7FEC821C3B5CBDD987,0,0,,,,,,no,
MISC12,0,MISC,,2020,,no,,data/Items.bif,0x0010031A,AAE0290B7FA90B1DE4421C092D64D0F3CC91D83EC92E082310145249C646FFD6,0,0,,,,,,no,
MISC13,0,MISC,,2020,,no,,data/Items.bif,0x0010031B,E1BA992E5322DF29E26E3A5AB269B8AEFD9F6D88FBEACB742B86219A24BC7B9D,0,0,,,,,,no,
MISC16,34,GEM,,2020,,no,,data/Items.bif,0x0010031C,75CED9B4F1F0BD17F60192CE870418599A87EAAD5750C4510AA1A61BC85EC4F2,0,0,,,,,,no,
MISC17,34,GEM,,2020,,no,,data/Items.bif,0x0010031D,45EE7AF8B83F2A24C458FB0636F12E37BF50B6FED2AE8FB7D6458A8888D6FF93,0,0,,,,,,no,
MISC18,34,GEM,,2020,,no,,data/Items.bif,0x0010031E,06D0E52838C24223972F37CA655A39CCC4CEB8D1E5C0A3AE1690D3F33CC603CD,0,0,,,,,,no,
MISC19,34,GEM,,2020,,no,,data/Items.bif,0x0010031F,63C2CD55E8F60105A8A3734CDFAE88051E0B7878F4974AD220701B5F4ACDCC3D,0,0,,,,,,no,
MISC1A,9,POTION,,2020,,no,,data/Items.bif,0x00100320,419D3C76AEF2D73F61E8C04B002D88C25445E3714908A483F556FA7BE5EF8A54,0,0,,,,,,no,
MISC1B,0,MISC,,2020,,no,,data/Items.bif,0x00100321,20F8826693826ECB44EDA3C9F7AB6ED3086D12BBF864A8829606CB7712A644D6,0,0,,,,,,no,
MISC1C,0,MISC,,2020,,no,,data/Items.bif,0x00100322,5B0D7B3278FD05420F6A734BEB80D56BF8FF51BF6726D630399BA6307CDE262C,0,0,,,,,,no,
MISC1E,0,MISC,,2020,,no,,data/Items.bif,0x00100323,384F513B03B2679DEF6B01087013BBF60725671110EC58A8DD854D0BFE2D5661,0,0,,,,,,no,
MISC1F,0,MISC,,2020,,no,,data/Items.bif,0x00100324,C464AC3D5301BB35D90FECB280E5C1BA7ACCD2146A09F7695E992BEF0DE8C35F,0,0,,,,,,no,
MISC1G,0,MISC,,2020,,no,,data/Items.bif,0x00100325,0276363B2500333D64E5F068CAE3F457AE5B82B66D296FA70F9D327ED48EFA62,0,0,,,,,,no,
MISC1H,0,MISC,,2020,,no,,data/Items.bif,0x00100326,07EEBCDB4FB4BD1F058EFE0F9441C6EAA7C5153AF5FB3CB5741C96BDF01D7783,0,0,,,,,,no,
MISC1I,0,MISC,,2020,,no,,data/Items.bif,0x00100327,24D473D2516AF9D1B4B09A4D0565829E7D790143364B4E49860984240B8B5A68,0,0,,,,,,no,
MISC1J,0,MISC,,2020,,no,,data/Items.bif,0x00100328,C4B673029FF7B0A13226A948BDDE902888240771D6528EDFE50F5D790EB7F72D,0,0,,,,,,no,
MISC20,34,GEM,,2020,,no,,data/Items.bif,0x00100329,67C65A3CC0BA5916BCF5EBEF855FED90177D52C24E336800ADADA43704084EFE,0,0,,,,,,no,
MISC21,34,GEM,,2020,,no,,data/Items.bif,0x0010032A,AEA01F39EFA59CCFE6093EBB39E0A13F65CB2E848BC5C5AB87CE567633C83C50,0,0,,,,,,no,
MISC22,34,GEM,,2020,,no,,data/Items.bif,0x0010032B,05D82502EEA25FCE0D2F2C07AD4ABE3B0D47E885FEC882B9AC0220D1ADCFB26B,0,0,,,,,,no,
MISC23,34,GEM,,2020,,no,,data/Items.bif,0x0010032C,11A4086606297465159C332899C7ABFF9E80BDD1E2CC8F866C5950FC8A4C72D7,0,0,,,,,,no,
MISC24,34,GEM,,2020,,no,,data/Items.bif,0x0010032D,6740F1C968E2163EDAA8E4906EED2A78A730C430EB9F592990B7A80A886491A5,0,0,,,,,,no,
MISC25,34,GEM,,2020,,no,,data/Items.bif,0x0010032E,9AB0A91359355C84156DE4468058B21E2451CC1444AEB44BEC2DA92492C7FAA0,0,0,,,,,,no,
MISC26,34,GEM,,2020,,no,,data/Items.bif,0x0010032F,1B00C76FE58BAFACE9C9E06C43FB1A87ECDF14B635B62C6F779C73437BD4145B,0,0,,,,,,no,
MISC27,34,GEM,,2020,,no,,data/Items.bif,0x00100330,12C8BC16476CCB118F7869266936D62875E65F903161190618D94C5C308CF93D,0,0,,,,,,no,
MISC28,34,GEM,,2020,,no,,data/Items.bif,0x00100331,DDB58ACAB3BF5CE9C3F43CEE225FD88BAB28E6199780739DDC9E65B6A055FE40,0,0,,,,,,no,
MISC29,34,GEM,,2020,,no,,data/Items.bif,0x00100332,7CD9B781D90CFE808CC6515970506BE99E3CD7ADC93AE57FF65E6024427ADFC5,0,0,,,,,,no,
MISC2A,34,GEM,,2020,,no,,data/Items.bif,0x00100333,CE7054A00FA5F8EF4BF7152A987C03B26035742B4D1B2F6C13B049DC2FCB21E2,0,0,,,,,,no,
MISC2B,34,GEM,,2020,,no,,data/Items.bif,0x00100334,2E261CD0639ABD7738C8A470667A52B93FA276FF9F32A3D7B2B899068838F8DD,0,0,,,,,,no,
MISC2C,34,GEM,,2020,,no,,data/Items.bif,0x00100335,820B1FE0525A6B8FB4E2318E4EA7286FDA2474E316C3D9D8D8EDBDE6A84FDA6A,0,0,,,,,,no,
MISC2D,34,GEM,,2020,,no,,data/Items.bif,0x00100336,D5B3F01B799C307EF013F21A0312736DA6F5DEE97F365BE66BFE81F3B6F6BB5D,0,0,,,,,,no,
MISC2E,34,GEM,,2020,,no,,data/Items.bif,0x00100337,0D1D5CCE0FF9EFA74937681D14A545C76117E1DD6997C176ABA0062280694DFC,0,0,,,,,,no,
MISC2F,34,GEM,,2020,,no,,data/Items.bif,0x00100338,11137726ED2EA8B67A7309E83CE4CF83201BA903B8FDA70AE3FBA309C3318360,0,0,,,,,,no,
MISC2G,34,GEM,,2020,,no,,data/Items.bif,0x00100339,FCAA7F1E66911376804675539949EBD3DC4FD5D4AE1A5E9D21DEBD962B8F972F,0,0,,,,,,no,
MISC2I,34,GEM,,2020,,no,,data/Items.bif,0x0010033A,3A22E6F6C11FF3FB5B49009EC0EC5F56049EBC7B130E615FD3C4D1D70131C592,0,0,,,,,,no,
MISC2J,34,GEM,,2020,,no,,data/Items.bif,0x0010033B,F09680BC56D6652F4681B4B2BEB175B7EC2C3ECE896AC7E359F1124D441566D8,0,0,,,,,,no,
MISC2K,34,GEM,,2020,,no,,data/Items.bif,0x0010033C,D649614007893A1CB3481F330D7220F8DF67188EF6DFFFE65C9FD2B2A32D2EC4,0,0,,,,,,no,
MISC2L,34,GEM,,2020,,no,,data/Items.bif,0x0010033D,59508F1FC5B86F72E4332AA4A2FDD928712A504659DE8223290E7E4ED7B373A9,0,0,,,,,,no,
MISC2M,34,GEM,,2020,,no,,data/Items.bif,0x0010033E,CA4E0F9936995F0B12229C083D0D92FB08D90F7ABD020316BD007582D9053391,0,0,,,,,,no,
MISC2N,34,GEM,,2020,,no,,data/Items.bif,0x0010033F,45D451D6D4E54721645CDA0680E82BB07CF5C3D52F2634123C6E34071061104E,0,0,,,,,,no,
MISC2O,0,MISC,,2020,,no,,data/Items.bif,0x00100340,DBA6C817E51AA71A0ACD02011FBDCC3C7D8076C7A89A1B7737281E789D40CA00,0,0,,,,,,no,
MISC2P,0,MISC,,2020,,no,,data/Items.bif,0x00100341,D4BC51CFEC2FF543E5B4AD737C996BCF9FB27C7861BE1F1645B3EAC3CB39EC43,0,0,,,,,,no,
MISC30,34,GEM,,2020,,no,,data/Items.bif,0x00100342,9DD470029D34C440414BF25DB74CAA7252D1D068BDD3A6E623D9943222481882,0,0,,,,,,no,
MISC31,34,GEM,,2020,,no,,data/Items.bif,0x00100343,70A0F18549A8905682B5858F53924B5F6056150BBE82AB4C1F03F5EC259289E0,0,0,,,,,,no,
MISC32,34,GEM,,2020,,no,,data/Items.bif,0x00100344,774B8F1CD1F54A93BCCCE1FE26DDAA4379FE63E74EBA0BAD13F85AB8C614CBE5,0,0,,,,,,no,
MISC33,34,GEM,,2020,,no,,data/Items.bif,0x00100345,78A0C6E26F792B99DA8E350603D8B2E51531B6B44BE98923C7E1287ACBDB83DF,0,0,,,,,,no,
MISC34,34,GEM,,2020,,no,,data/Items.bif,0x00100346,E33ECC7915E28F9C48494632667AFC9529A99E596B7313D560FA26E6D46339FB,0,0,,,,,,no,
MISC35,34,GEM,,2020,,no,,data/Items.bif,0x00100347,4859684C7D7FB88236D0244F27A6C94A4BF0D14B9BACE4926F8E56C2AC8D7190,0,0,,,,,,no,
MISC36,34,GEM,,2020,,no,,data/Items.bif,0x00100348,66122BC461E7A121CA8021CE2BA07AFAB005905052B383D323C3F4AC71989DC7,0,0,,,,,,no,
MISC37,34,GEM,,2020,,no,,data/Items.bif,0x00100349,E0FCC9A29D40492FDE5639351553FDED7C1A46988BDCA92B739530E9873B1291,0,0,,,,,,no,
MISC38,34,GEM,,2020,,no,,data/Items.bif,0x0010034A,CD745B2BC5B0C3B9FA0BD64E2BEB39ED9BCF6D55463846C96B5129F4850B5FB4,0,0,,,,,,no,
MISC39,34,GEM,,2020,,no,,data/Items.bif,0x0010034B,14569A36AAFE041A348A823C99312BF653E33CD772A470CF31C7F3E65E042A53,0,0,,,,,,no,
MISC3A,0,MISC,,2020,,no,,data/Items.bif,0x0010034C,9307EFFE0CA0CDF5FA971D1A1091E3B10C5613B412F3DD710FAFABF0283E92FE,0,0,,,,,,no,
MISC3A1,0,MISC,,2020,,no,,data/Items.bif,0x0010034D,1A1207AF6EC7CD218DA24B2F47BF36FCB913035150E0C6ECA65CD64B36342791,0,0,,,,,,no,
MISC3A2,0,MISC,,2020,,no,,data/Items.bif,0x0010034E,A8E36E7125C0FA3C376B0BB85D1B634415AF5BD226A77B73529D69D4CF3EAE53,0,0,,,,,,no,
MISC3A3,0,MISC,,2020,,no,,data/Items.bif,0x0010034F,1BDA67A814699A4399FA6500AF6593CA102BFD0821AF60AC2263FEEDB8FD8E06,0,0,,,,,,no,
MISC3A4,0,MISC,,2020,,no,,data/Items.bif,0x00100350,969994366DF409A8AEAA39351367D9B3B2B7F66845B912529B8D19F9CA99E45F,0,0,,,,,,no,
MISC3A5,0,MISC,,2020,,no,,data/Items.bif,0x00100351,3CB2E0BDD24E562B8307598E0F0A77CDBEAD93000F361FCC897D29584B31666D,0,0,,,,,,no,
MISC3A6,0,MISC,,2020,,no,,data/Items.bif,0x00100352,8B92A0DDB1EDC476F84DE10BA86A2596315053FFECA9554F6721576D85F441F2,0,0,,,,,,no,
MISC3A7,0,MISC,,2020,,no,,data/Items.bif,0x00100353,01878A31CB8449F33DB33ADE1972CB2EC792682911B122B50CBBF83C64F775BE,0,0,,,,,,no,
MISC3A8,0,MISC,,2020,,no,,data/Items.bif,0x00100354,6FACE5E5DDCE6F765A7088102906DDF27641A86820CEE785DDD24FB9394D5C77,0,0,,,,,,no,
MISC3A9,0,MISC,,2020,,no,,data/Items.bif,0x00100355,36A112D1BDBFD4A14A87BAA1D57B86736C6D7EE3A113D3B9C84F54E63A630BE1,0,0,,,,,,no,
MISC3AA,0,MISC,,2020,,no,,data/Items.bif,0x00100356,D48A2491DBC0E8E5A411A68F2A0DE8554AA3711831B792C7902682E3D4C59CEB,0,0,,,,,,no,
MISC3C,0,MISC,,2020,,no,,data/Items.bif,0x00100357,5D72A80370867B1F8ED8D9BC30EFADE7A234C23B13052D8ED969E7F5546E8BAF,0,0,,,,,,no,
MISC3D,0,MISC,,2020,,no,,data/Items.bif,0x00100358,EEAD07880CD57D6BEC1D2E2B629B9EF3025B9EE8C35CFB198E99F6F37D373CE1,0,0,,,,,,no,
MISC3E,0,MISC,,2020,,no,,data/Items.bif,0x00100359,14C491111B0075C9E6837674BF9193C5B579540F9A38D44D353E47280B2FA1A5,0,0,,,,,,no,
MISC3F,0,MISC,,2020,,no,,data/Items.bif,0x0010035A,58B2093139856FDAA25D23784745B90F89346E1F2EE6EDB9E8340DF6BB8A841C,0,0,,,,,,no,
MISC3H,0,MISC,,2020,,no,,data/Items.bif,0x0010035B,0B229A16642659EEDF1DDD47A6B7833A95396C62D7856F084B5032CE0EE3B443,0,0,,,,,,no,
MISC3I,0,MISC,,2020,,no,,data/Items.bif,0x0010035C,5E094694A4E5B8259D908CB0F86E6C758B0760DF874E50EA00BC19A9D1581544,0,0,,,,,,no,
MISC3J,0,MISC,,2020,,no,,data/Items.bif,0x0010035D,BA46C0EB6DB03CCEED2B4A7C4C6853A18FBA79869D3C8190B4414FE0DA7173CA,0,0,,,,,,no,
MISC3K,0,MISC,,2020,,no,,data/Items.bif,0x0010035E,BCA5CB72B771090EA51E2F4DF5A83C126381EA866155DF6DEECBEF922841BB03,0,0,,,,,,no,
MISC3L,0,MISC,,2020,,no,,data/Items.bif,0x0010035F,C3757175D355CFABE4252D87D673ADE23E7D6896B5CA60BC56B82144EE9D5925,0,0,,,,,,no,
MISC3M,0,MISC,,2020,,no,,data/Items.bif,0x00100360,602D637F670D486C3189D5C4396547D39F826769A88DAD6A340E814F58E5E021,0,0,,,,,,no,
MISC3N,0,MISC,,2020,,no,,data/Items.bif,0x00100361,6C27770384DE117C92DA05F2D1E80010D34274E4400F134A59617D3F039B9D80,0,0,,,,,,no,
MISC3O,0,MISC,,2020,,no,,data/Items.bif,0x00100362,E3ED5BA82C96C86AADC0EBF1F71251AF35B225484BB9546D94F0D95CB8CCF4E6,0,0,,,,,,no,
MISC3P,0,MISC,,2020,,no,,data/Items.bif,0x00100363,4E2F35CF1E500B3042F5955BE333BAEA740722DD3F15B01037D5C982356B0A7E,0,0,,,,,,no,
MISC40,34,GEM,,2020,,no,,data/Items.bif,0x00100364,225EA80F14C142A65FBB35E380198777929E3063B04115EF0D297698F7B83BBC,0,0,,,,,,no,
MISC41,34,GEM,,2020,,no,,data/Items.bif,0x00100365,85344ECD11553D391C4D08ECE926A3744EE0C613629705393DEBE44C77EBF2E9,0,0,,,,,,no,
MISC42,34,GEM,,2020,,no,,data/Items.bif,0x00100366,133233AD1E26D4E9F04D3254D1AFB44B2287FB186AACB4FDB491502A6F446EEE,0,0,,,,,,no,
MISC43,34,GEM,,2020,,no,,data/Items.bif,0x00100367,0E0FFE0A27AC50275B50308C4AA6946B3DDDEF6115328BFE2E1B78802220C2C2,0,0,,,,,,no,
MISC44,34,GEM,,2020,,no,,data/Items.bif,0x00100368,3BBA6972EAD38E90E8FD59CE503C6A70A336F0F1131AD153AD5B270FF736BD20,0,0,,,,,,no,
MISC45,34,GEM,,2020,,no,,data/Items.bif,0x00100369,F9978DE3057F69182EBE39C6856643C85221C264F7611BFE14F1A65C003DFE1A,0,0,,,,,,no,
MISC47,0,MISC,,2020,,no,,data/Items.bif,0x0010036A,1F2D551FF7DD28C75E4DA94363D43BEDAB21975FC14D0D75C05419329EB3CE0A,0,0,,,,,,no,
MISC48,0,MISC,,2020,,no,,data/Items.bif,0x0010036B,9EAC9B2DA13137709932558308948A33391613A4CFFB7119295D176171099AE4,0,0,,,,,,no,
MISC49,0,MISC,,2020,,no,,data/Items.bif,0x0010036C,36739D82604549F19525DD2DAC699ABF0F44FA0EC51D0D33414245E5AC01290A,0,0,,,,,,no,
MISC4A,0,MISC,,2020,,no,,data/Items.bif,0x0010036D,0619CCC6ECCB0A0A8DF65F611466BB45A2053302124A3E6C86B6C0BB47D1C427,0,0,,,,,,no,
MISC4B,8,KEY,,2020,,no,,data/Items.bif,0x0010036E,36D1C437AB1F502D2B1AFA3EEFA69DB85A3D556A8CF50ED94694A63300AE879F,0,0,,,,,,no,
MISC4C,0,MISC,,2020,,no,,data/Items.bif,0x0010036F,DE6CA4CA819B0F0FAE17DFB5C40037DD9F6A3E1B62846182081AF711886082BC,0,0,,,,,,no,
MISC4D,0,MISC,,2020,,no,,data/Items.bif,0x00100370,CA7940BB78BBD2E75992B3BD6219CA438419781F72A333585E2B16137ACB2ED4,0,0,,,,,,no,
MISC4E,0,MISC,,2020,,no,,data/Items.bif,0x00100371,17105094CBE0ABC54E5CB3CE48A07E161773E66E62140B7266E6A4E36486EF50,0,0,,,,,,no,
MISC4F,0,MISC,,2020,,no,,data/Items.bif,0x00100372,CB4F7E9B82E22D8C4FCAC8E4A906D9BE5765CBA6F6D3762AE2531DD14183423B,0,0,,,,,,no,
MISC4G,8,KEY,,2020,,no,,data/Items.bif,0x00100373,686139C227DC74A18F0ABF9AFFFDD74BBFA3212D3B52D415F8C50A811E1C425B,0,0,,,,,,no,
MISC4H,8,KEY,,2020,,no,,data/Items.bif,0x00100374,A68D9AFBCD0C91F00B2062E71F3A74E1A469DD62E6499F40737751CD6F744578,0,0,,,,,,no,
MISC4I,8,KEY,,2020,,no,,data/Items.bif,0x00100375,2345B9AC629E75DB0DE34ACE498EE99D6F808749C8791177B047DDBD9425FFE6,0,0,,,,,,no,
MISC4J,8,KEY,,2020,,no,,data/Items.bif,0x00100376,AC8E3BC9BF5981C1FDA1C73793C565A99A6A613B69F4C86315F8D2DE822EEADD,0,0,,,,,,no,
MISC4K,8,KEY,,2020,,no,,data/Items.bif,0x00100377,7EA714E6A09EAFEB264BB14B74B7C493F0FCEC17FCC114A01B670A71633D50CD,0,0,,,,,,no,
MISC4L,8,KEY,,2020,,no,,data/Items.bif,0x00100378,DF89CFE79465A27DE1B648E4358CF33E2AAE5DF158F3D18CF8093B39CAB7D919,0,0,,,,,,no,
MISC4M,8,KEY,,2020,,no,,data/Items.bif,0x00100379,8D33954D20C0B8CB8CE29CA2A50F94AE2BB1160E08BA6BC8363487ADC6F001D9,0,0,,,,,,no,
MISC4N,0,MISC,,2020,,no,,data/Items.bif,0x0010037A,1EFB830CE29E294784B0E361EC8532D45EB65DBAC9F76D76FF59CE0C282808AE,0,0,,,,,,no,
MISC4O,8,KEY,,2020,,no,,data/Items.bif,0x0010037B,F7C9F07157D2E1159F52FBAA05BEA9370F06C754D11254D898513EC051848121,0,0,,,,,,no,
MISC4P,8,KEY,,2020,,no,,data/Items.bif,0x0010037C,B1455F10E828F6631D2CF6344EEFBB1BB9C4067F80F2C76FA53570A4A9CD45AA,0,0,,,,,,no,
MISC4Q,20,BGSWORD,weapon,5331,S1,yes,,data/Items.bif,0x0010037D,C02B933EB6241C0FF1C404ECB44138FFBDE1A434B7DD81EBFF7E576C49F0EE91,78,78,0x5000;0x5001;0x5002;0x5003;0x5010;0x5011;0x5012;0x5013;0x5100;0x5101;0x5102;0x5103;0x5110;0x5111;0x5112;0x5113;0x5200;0x5201;0x5202;0x5210;0x5211;0x5212;0x5300;0x5301;0x5302;0x5303;0x5310;0x5311;0x5312;0x5313;0x6000;0x6001;0x6002;0x6003;0x6004;0x6005;0x6010;0x6011;0x6012;0x6013;0x6014;0x6015;0x6100;0x6101;0x6102;0x6103;0x6104;0x6105;0x6110;0x6111;0x6112;0x6113;0x6114;0x6115;0x6200;0x6201;0x6202;0x6204;0x6205;0x6210;0x6211;0x6212;0x6214;0x6215;0x6300;0x6301;0x6302;0x6303;0x6304;0x6305;0x6310;0x6311;0x6312;0x6313;0x6314;0x6315;0x6500;0x6510,WQLS1;WQMS1;WQNS1;WQSS1,WQLS1;WQMS1;WQNS1;WQSS1,,WQLS1;WQMS1;WQNS1;WQSS1,no,
MISC4R,8,KEY,,2020,,no,,data/Items.bif,0x0010037E,780A584EE6F55DA29DDAE758BAFAAD073F4CB4AAEE8BAB225F925806DD1E2CA6,0,0,,,,,,no,
MISC4S,8,KEY,,2020,,no,,data/Items.bif,0x0010037F,9316DB7AE2B0F25F9CF8FE737FB7FF57D10380967975521B3CDE9572B4E10B79,0,0,,,,,,no,
MISC4T,11,SCROLL,,2020,,no,,data/Items.bif,0x00100380,C504E6785801658DD40324ECD73C9419EB6BADD0838C204CF2D2A8ACD1946CA7,0,0,,,,,,no,
MISC4U,16,DAGGER,weapon,4444,DD,yes,,data/Items.bif,0x00100381,E74F1C878EB53246D1E437EC990D621182C3ECFC8BE7E9EEECB324778EB40EBC,78,78,0x5000;0x5001;0x5002;0x5003;0x5010;0x5011;0x5012;0x5013;0x5100;0x5101;0x5102;0x5103;0x5110;0x5111;0x5112;0x5113;0x5200;0x5201;0x5202;0x5210;0x5211;0x5212;0x5300;0x5301;0x5302;0x5303;0x5310;0x5311;0x5312;0x5313;0x6000;0x6001;0x6002;0x6003;0x6004;0x6005;0x6010;0x6011;0x6012;0x6013;0x6014;0x6015;0x6100;0x6101;0x6102;0x6103;0x6104;0x6105;0x6110;0x6111;0x6112;0x6113;0x6114;0x6115;0x6200;0x6201;0x6202;0x6204;0x6205;0x6210;0x6211;0x6212;0x6214;0x6215;0x6300;0x6301;0x6302;0x6303;0x6304;0x6305;0x6310;0x6311;0x6312;0x6313;0x6314;0x6315;0x6500;0x6510,WQLDD;WQMDD;WQNDD;WQSDD,WQLDD;WQMDD;WQNDD;WQSDD,,WQLDD;WQMDD;WQNDD;WQSDD,no,
MISC4V,11,SCROLL,,2020,,no,,data/Items.bif,0x00100382,AF3C42C794400AFA657FC7F1A0B69C9F48B2666B8C0D6F34ABEEC6B0816F674D,0,0,,,,,,no,
MISC4W,0,MISC,,2020,,no,,data/Items.bif,0x00100383,AAF068F2176E5EDC90AD0D11F2F38901388F21E33783DA72C223BF70EFB0E81C,0,0,,,,,,no,
MISC4X,0,MISC,,2020,,no,,data/Items.bif,0x00100384,61AB43F269D966D6B8C4413FAAC32A34C85D6E4BC1844551CFC39571513DFA82,0,0,,,,,,no,
MISC4Y,1,AMULET,,2020,,no,,data/Items.bif,0x00100385,097B774429C1097D4AB644B42C3D598FE037EEF3BBAC0223244EBBADD5CC8D01,0,0,,,,,,no,
MISC4Z,8,KEY,,2020,,no,,data/Items.bif,0x00100386,4CFF786B81B381844423410501D87A0BDD38F4185C83C29DFD70EFAC8F2B7D14,0,0,,,,,,no,
MISC50,0,MISC,,2020,,no,,data/Items.bif,0x00100387,8AFF98A0D8DF10EA1B342F26CFEF03BBCCA13D7BF4C71AD300C47FCB0E7FBA4E,0,0,,,,,,no,
MISC51,0,MISC,,2020,,no,,data/Items.bif,0x00100388,3BCCB521B6F35B455A5123990AECDA2FC0A975AA4085B531DFCC2EFFFA26E38A,0,0,,,,,,no,
MISC52,0,MISC,,2020,,no,,data/Items.bif,0x00100389,5B416164FA4B824BCC770AFAE1864806ABA44664863FDB829D76ED1F87A0137C,0,0,,,,,,no,
MISC53,0,MISC,,2020,,no,,data/Items.bif,0x0010038A,00649A8C5CB9CE96EFFB3F842EB0EAF8F24147FFB5F2EC4B149CE307DB785DF8,0,0,,,,,,no,
MISC54,0,MISC,,2020,,no,,data/Items.bif,0x0010038B,35D0116139FA4B6E8F120CF4F4B2549F1CE9BCCED4E108F4F752E3B98F77E1FB,0,0,,,,,,no,
MISC55,0,MISC,,2020,,no,,data/Items.bif,0x0010038C,0FCDDA060C061D657FD5B2420E837B050CC202FF759AA12D177E2749BE9C9DC9,0,0,,,,,,no,
MISC56,0,MISC,,2020,,no,,data/Items.bif,0x0010038D,7FC9A4137996F6FD8A7F2F6DB005471B235ABA440B84B025E4BFB85B6AC77B83,0,0,,,,,,no,
MISC57,0,MISC,,2020,,no,,data/Items.bif,0x0010038E,5BF07C6C2FBE3CB71E8234ADE673100D567C56E4F4D74F14E93B86C21034E1FD,0,0,,,,,,no,
MISC58,0,MISC,,2020,,no,,data/Items.bif,0x0010038F,F8630B63D74E60ED2C925CAFBBC368A49E38836D17B6BCBAA616D3847CD1DD22,0,0,,,,,,no,
MISC59,0,MISC,,2020,,no,,data/Items.bif,0x00100390,988B268411CDF8E897F98E9C00FAF1BCDB76BB8FC6CAF4342980FF57CF4670D3,0,0,,,,,,no,
MISC5A,0,MISC,,2020,,no,,data/Items.bif,0x00100391,1787007B3104C8ACE576634314BC896A7B63008606E43B26A123E7130E4BBEC2,0,0,,,,,,no,
MISC5B,0,MISC,,2020,,no,,data/Items.bif,0x00100392,35DCCC801E884ABE7E9CA97640A32A35D1CAB701B634C063A67F07F76125FA31,0,0,,,,,,no,
MISC5C,35,WAND,,2020,,no,,data/Items.bif,0x00100393,A84CB02B1A93F8E23266D20BE5A8A86FA022CEC6BDC7F8D860DEFAF2041FEF71,0,0,,,,,,no,
MISC5D,0,MISC,,2020,,no,,data/Items.bif,0x00100394,A15F92E50D171B057839A130580466EBD9A157D49FE898C7AB812CE3C5EBE064,0,0,,,,,,no,
MISC5E,1,AMULET,,2020,,no,,data/Items.bif,0x00100395,09600EE73AD26555A81D9CAA7AEB220D8043FA4B46086DCB9C46DF813CB62E5D,0,0,,,,,,no,
MISC5F,0,MISC,,2020,,no,,data/Items.bif,0x00100396,294BDCFDBB2E9F7502D6C56DF9D7219BD36959F71DD41F8D8281DDB8EDCEECFD,0,0,,,,,,no,
MISC5G,0,MISC,,3241,2A,yes,,data/Items.bif,0x00100397,1E48DC12458D73B2D9BB71835AB76A4809BD93C468AE1A63EB74734EE38785CD,0,0,,,,,,no,
MISC5H,0,MISC,,2020,,no,,data/Items.bif,0x00100398,5CC34614B62D8F6A6B6F573371A3129BE66E566902C1E3C17ACB7040706545C3,0,0,,,,,,no,
MISC5I,8,KEY,,2020,,no,,data/Items.bif,0x00100399,19A288DCCBA8D5535B305A17CF34EF11A24680F22BC4F0EC524F6DACFA8063D6,0,0,,,,,,no,
MISC5J,37,BROKEN2,,2020,,no,,data/Items.bif,0x0010039A,A9581E2D3EFFB1A804C16E094D9934C0AB225F440C1DA38002D9763F562255FA,0,0,,,,,,no,
MISC5K,0,MISC,,2020,,no,,data/Items.bif,0x0010039B,B5997F1D19164743B271D4C884A0A1B855BC633C22459C914F70B7EF3E846874,0,0,,,,,,no,
MISC5L,0,MISC,,2020,,no,,data/Items.bif,0x0010039C,D9618E11787D033508008B5B3ABD446D8A910B4A8F78999C5F42346BE04CEBB4,0,0,,,,,,no,
MISC5M,0,MISC,,2020,,no,,data/Items.bif,0x0010039D,68A87A8ABF9D53BC86CE6F4417EC9D5C66CDC7001F2822C30E5D27D4EF55A989,0,0,,,,,,no,
MISC5N,0,MISC,,2020,,no,,data/Items.bif,0x0010039E,4E193D2EDF652EEACA6C1911CFF9C52FF658221028ACE9C11C66B50D69453395,0,0,,,,,,no,
MISC5O,0,MISC,,2020,,no,,data/Items.bif,0x0010039F,31C9ED11BA4A92FB79886CFD8FD40309DD4FD8429837DB06BA664BAAF834D5E5,0,0,,,,,,no,
MISC5P,11,SCROLL,,2020,,no,,data/Items.bif,0x001003A0,FCEDB90777468AB456190473F3E4F374B432E532210A741D6FB1E6F701584BE8,0,0,,,,,,no,
MISC5Q,0,MISC,,2020,,no,,data/Items.bif,0x001003A1,302AEFB5E8E8F3095749708D04FD658F990D1B42F0871D347B40AC5BFAB0D611,0,0,,,,,,no,
MISC5R,10,RING,,2020,,no,,data/Items.bif,0x001003A2,10D8A1C5FA918B2A5E9E466B6D9CAC7B372093627431117065D0ED64744556E1,0,0,,,,,,no,
MISC5S,0,MISC,,2020,,no,,data/Items.bif,0x001003A3,ED4307A2E4D1FD14AF3CAAEA93D6AFDD6FF01D017577B0BC81FFDF8214C7DC62,0,0,,,,,,no,
MISC5T,26,STAFF,weapon,5133,Q3,yes,,data/Items.bif,0x001003A4,9CE9634A1B4B7F009C81A340479E500E313ED20D100C576A9E06E565C57E638B,78,78,0x5000;0x5001;0x5002;0x5003;0x5010;0x5011;0x5012;0x5013;0x5100;0x5101;0x5102;0x5103;0x5110;0x5111;0x5112;0x5113;0x5200;0x5201;0x5202;0x5210;0x5211;0x5212;0x5300;0x5301;0x5302;0x5303;0x5310;0x5311;0x5312;0x5313;0x6000;0x6001;0x6002;0x6003;0x6004;0x6005;0x6010;0x6011;0x6012;0x6013;0x6014;0x6015;0x6100;0x6101;0x6102;0x6103;0x6104;0x6105;0x6110;0x6111;0x6112;0x6113;0x6114;0x6115;0x6200;0x6201;0x6202;0x6204;0x6205;0x6210;0x6211;0x6212;0x6214;0x6215;0x6300;0x6301;0x6302;0x6303;0x6304;0x6305;0x6310;0x6311;0x6312;0x6313;0x6314;0x6315;0x6500;0x6510,WQLQ3;WQMQ3;WQNQ3;WQSQ3,WQLQ3;WQMQ3;WQNQ3;WQSQ3,,WQLQ3;WQMQ3;WQNQ3;WQSQ3,no,
MISC5U,0,MISC,,2020,,no,,data/Items.bif,0x001003A5,393A7E2EAC1730955FEC48C9D15FEF7161C8B1C3D9694167816A9D4C4BAA55A3,0,0,,,,,,no,
MISC5V,0,MISC,,2020,,no,,data/Items.bif,0x001003A6,AF5BEEEC9E8BFA815CD6088583195422CFCDD21F28CCB3EDCEED0DE219B9E43D,0,0,,,,,,no,
MISC5W,1,AMULET,,2020,,no,,data/Items.bif,0x001003A7,10DEF19095312276E6D7164B15F48B0AD650F78100168F5AD51511054BFB2C51,0,0,,,,,,no,
MISC5X,1,AMULET,,0000,,no,,data/Items.bif,0x001003A8,29E500929787240A39D650FC818F22AEBC1CF37CA62D614E667F26DBE169B32C,0,0,,,,,,no,
MISC5Y,37,BROKEN2,,2020,,no,,data/Items.bif,0x001003A9,E9E1AD8E871189F06264C77B0411E7E821EA9AAB91B28E81C22D5172FB443C9B,0,0,,,,,,no,
MISC5Z,0,MISC,,2020,,no,,data/Items.bif,0x001003AA,9D20D8522537500D36378C1E1B952DEF89D89347A905A8053440DEFA0EC04583,0,0,,,,,,no,
MISC60,0,MISC,,2020,,no,,data/Items.bif,0x001003AB,C5AFB9DC86DB495340E4E092285101E0F2A9198015892991251627046E836C19,0,0,,,,,,no,
MISC61,9,POTION,,2020,,no,,data/Items.bif,0x001003AC,4C11DDE6A5C980C0D7CCCA661756FAA4252B47E7F9898E2B951A17D9B8F70170,0,0,,,,,,no,
MISC62,0,MISC,,2020,,no,,data/Items.bif,0x001003AD,74EE920442EFFCBAE500C91854E76EC263B0C43A9E11B80377DD44082B55B1C9,0,0,,,,,,no,
MISC63,0,MISC,,2020,,no,,data/Items.bif,0x001003AE,F4C387C2C4FF24FAEBE68B9DF9AF1F1523F2EFE573DCDFFA94909D99CBA5ECAB,0,0,,,,,,no,
MISC64,0,MISC,,2020,,no,,data/Items.bif,0x001003AF,CEC98FA6009B46F02A6C09E88328827AB99A57FB7EAD40E88AE666C5616EC3C8,0,0,,,,,,no,
MISC65,0,MISC,,2020,,no,,data/Items.bif,0x001003B0,7B7961F66339A53164912E169DB68841B32153CB80B2207F495F0BB0CA198CFF,0,0,,,,,,no,
MISC66,0,MISC,,2020,,no,,data/Items.bif,0x001003B1,BB6F0753ED95804EFA6284167667AA07F5E540EB669B4D1D71975560931ABEF7,0,0,,,,,,no,
MISC67,0,MISC,,2020,,no,,data/Items.bif,0x001003B2,4136D6BF0383B39127DF8208A856CB251D5360790CCB0508104DC4485EB238F5,0,0,,,,,,no,
MISC68,0,MISC,,2020,,no,,data/Items.bif,0x001003B3,DC5D9D32F8ABA721F574063D7B2F309EC535079DFEB416023665F1DB647D9220,0,0,,,,,,no,
MISC69,0,MISC,,2020,,no,,data/Items.bif,0x001003B4,FA44672AAF6C603D2D77B95130AA8F6222E5CC7576208F3157E7C77640A00642,0,0,,,,,,no,
MISC6A,11,SCROLL,,2020,,no,,data/Items.bif,0x001003B5,7D87B55E2BE86C85D6C241B7A9858065AF009D92C7848B02E94B6B31AFD5E51C,0,0,,,,,,no,
MISC6B,0,MISC,,2020,,no,,data/Items.bif,0x001003B6,EEC47A97287A73ED17EC1C4CBCDAF5D3DE910C210FAC265D39A88AABBEDD6FE5,0,0,,,,,,no,
MISC6C,0,MISC,,2020,,no,,data/Items.bif,0x001003B7,17CFFCA995E236DEA6EC875C43041FE24FA074B4DBFD9A504A8CB244257BC659,0,0,,,,,,no,
MISC6D,0,MISC,,2020,,no,,data/Items.bif,0x001003B8,228DB6DE9DB79792F91D5DDCE64F4D0C574031F983934152B9F7C21374F248D3,0,0,,,,,,no,
MISC6E,0,MISC,,2020,,no,,data/Items.bif,0x001003B9,DC00B2493065CA9B7BDBD27A20F0474E9AE6C84BF1215AF331D3119E97C4FC8D,0,0,,,,,,no,
MISC6F,37,BROKEN2,,2020,,no,,data/Items.bif,0x001003BA,9BD33C42F500C0231721BFE39FBA773E1FEC2117D557D198CB8B07925E02D568,0,0,,,,,,no,
MISC6G,0,MISC,,2020,,no,,data/Items.bif,0x001003BB,6B286C6D6CB2E354862C85A459FD47AEDB23B553CE4705A88F800D25A058A8A5,0,0,,,,,,no,
MISC6H,0,MISC,,2020,,no,,data/Items.bif,0x001003BC,FFA780B43E7C75247B55B3661205BBF786412C185682020D4CA4C54C5B9EB4E1,0,0,,,,,,no,
MISC6I,0,MISC,,2020,,no,,data/Items.bif,0x001003BD,9C493E7E2E0B730FD999113FC3F04EE1482550A22C262C4B5DF79BC8CCD9368E,0,0,,,,,,no,
MISC6J,0,MISC,,2020,,no,,data/Items.bif,0x001003BE,D590590C757FD3494B7AF501331BEAADB1A052F3DD58315DD8188D60979F6A88,0,0,,,,,,no,
MISC6K,0,MISC,,2020,,no,,data/Items.bif,0x001003BF,61503A598A383E5375EDE617EF5C8916C4FC475DBC7CBF570C59D722828A9240,0,0,,,,,,no,
MISC6L,0,MISC,,2020,,no,,data/Items.bif,0x001003C0,871A97F097485573AD3E95BF1D62CDF700C3BA7B198CFF5FC7A3D80F6F831C89,0,0,,,,,,no,
MISC6M,0,MISC,,2020,,no,,data/Items.bif,0x001003C1,CACD08F99B15B04040917A8835884E3C03631AECA0AD3FBBA8F68E000EA42D85,0,0,,,,,,no,
MISC6N,34,GEM,,2020,,no,,data/Items.bif,0x001003C2,F51A16D1107381F4A9EEB087BAE506D8799D101403D0E8C31B04F0E6318A8DE5,0,0,,,,,,no,
MISC6O,34,GEM,,2020,,no,,data/Items.bif,0x001003C3,290D768F9987F97473298E6DC0005BB4F9273FB276C4BFCCBC2845E431C1011F,0,0,,,,,,no,
MISC6P,0,MISC,,2020,,no,,data/Items.bif,0x001003C4,C00E470DCCAF780E2890A824F05853F491A0196E3E16BB6636BFC1FEF70DCB10,0,0,,,,,,no,
MISC6Q,0,MISC,,2020,,no,,data/Items.bif,0x001003C5,3EB5EF253C5A27E3CF615282DBC9FF6B69A39807ED6A9D4A76D71C0CDBE6789F,0,0,,,,,,no,
MISC6R,11,SCROLL,,2020,,no,,data/Items.bif,0x001003C6,7739376075A7CAFB1D41845743BAAAFD9C2BE23C254ABC8D75C2057E26CCA1AD,0,0,,,,,,no,
MISC6S,0,MISC,,2020,,no,,data/Items.bif,0x001003C7,4F038156F518AF3B2EF858F3DF0FB663E06A69C29B4E25940CF9A6D1780B4A7F,0,0,,,,,,no,
MISC6T,34,GEM,,2020,,no,,data/Items.bif,0x001003C8,AEAA0A8666A579D6670C9A653628E9F96DD46B6A37927F8CF616EC1F98B46D58,0,0,,,,,,no,
MISC6U,37,BROKEN2,,2020,,no,,data/Items.bif,0x001003C9,082374E2D73A3D2E854FDEB79C75EC81A06FFC3AB94A1E013CF9FB6D2108D7E7,0,0,,,,,,no,
MISC6V,0,MISC,,2020,,no,,data/Items.bif,0x001003CA,671900857B0BF5E305597F318410C08CCBDBAAC789B786E77FCFFA887389916A,0,0,,,,,,no,
MISC6W,0,MISC,,2020,,no,,data/Items.bif,0x001003CB,5A61A71847B0EC5223BD99192A31C242178281A91DEBFD448EF63F6681CC6292,0,0,,,,,,no,
MISC6X,0,MISC,,2020,,no,,data/Items.bif,0x001003CC,DDD74B3672090F849704820511EDEAA159554A636A55066C73119E0580D50A45,0,0,,,,,,no,
MISC6Y,0,MISC,,2020,,no,,data/Items.bif,0x001003CD,2CC5E57BDF803C0EAE2293A81DD76A3D01E66DD74F359076D151B99D94C898DB,0,0,,,,,,no,
MISC6Z,34,GEM,,2020,,no,,data/Items.bif,0x001003CE,19729A829D50B6FF7BBC193C5F146E65CB80CE491549B8A2EFAB1F60271142E0,0,0,,,,,,no,
MISC70,0,MISC,,2020,,no,,data/Items.bif,0x001003CF,2F7A0B7151682DC49E1DC74217F8B41644D0FB50302C364D16CB551B0B78B92A,0,0,,,,,,no,
MISC71,37,BROKEN2,,2020,,no,,data/Items.bif,0x001003D0,417C618DF00A42402ED8F0CDDA1E07C2A50190D31B1CAB1999261111567F9F7F,0,0,,,,,,no,
MISC72,10,RING,,2020,,no,,data/Items.bif,0x001003D1,ED47E6CBDF69F5D73E7AF062CE4B01B986A38F7F9AB2327962994D97AF288471,0,0,,,,,,no,
MISC73,0,MISC,,2020,,no,,data/Items.bif,0x001003D2,AA00A46AE36791B32BF8D362CCC931795189908061423430EE6F12D6437025EC,0,0,,,,,,no,
MISC74,0,MISC,,2020,,no,,data/Items.bif,0x001003D3,77D1D31CBA7582C1731D76347A401F658CA7176E4B4F8212C31C82D007C5E60D,0,0,,,,,,no,
MISC75,16,DAGGER,weapon,4444,DD,yes,,data/Items.bif,0x001003D4,3D7DA5FCC177E3C91F9812A9D354E11FD2F8B4FCFDD4D025B4D7940E0AB88E54,78,78,0x5000;0x5001;0x5002;0x5003;0x5010;0x5011;0x5012;0x5013;0x5100;0x5101;0x5102;0x5103;0x5110;0x5111;0x5112;0x5113;0x5200;0x5201;0x5202;0x5210;0x5211;0x5212;0x5300;0x5301;0x5302;0x5303;0x5310;0x5311;0x5312;0x5313;0x6000;0x6001;0x6002;0x6003;0x6004;0x6005;0x6010;0x6011;0x6012;0x6013;0x6014;0x6015;0x6100;0x6101;0x6102;0x6103;0x6104;0x6105;0x6110;0x6111;0x6112;0x6113;0x6114;0x6115;0x6200;0x6201;0x6202;0x6204;0x6205;0x6210;0x6211;0x6212;0x6214;0x6215;0x6300;0x6301;0x6302;0x6303;0x6304;0x6305;0x6310;0x6311;0x6312;0x6313;0x6314;0x6315;0x6500;0x6510,WQLDD;WQMDD;WQNDD;WQSDD,WQLDD;WQMDD;WQNDD;WQSDD,,WQLDD;WQMDD;WQNDD;WQSDD,no,
MISC76,9,POTION,,2020,,no,,data/Items.bif,0x001003D5,AEBF58D0ADF24D5B279BE9C7942B21C6E84F3876625275180FF9BF4D4CFD3B60,0,0,,,,,,no,
MISC77,0,MISC,,2020,,no,,data/Items.bif,0x001003D6,2D02A0B3D986257CE67028A30BEDFC653BC288D8E51BC37E7B449D93EB5FCB87,0,0,,,,,,no,
MISC78,11,SCROLL,,2020,,no,,data/Items.bif,0x001003D7,B966874413D9562AA2858C29F3C457AB1980578446FAC509CE00E5D959A7426C,0,0,,,,,,no,
MISC79,0,MISC,,2020,,no,,data/Items.bif,0x001003D8,B1B4BCF9D6AC78E1358871EC512D226ED82C18C001254DF1833427C41953BC84,0,0,,,,,,no,
MISC7A,0,MISC,,2020,,no,,data/Items.bif,0x001003D9,25DB783EA5C90768A92674F3DEC6DDC09D1FE6553C223DB0952BCC5399876FFD,0,0,,,,,,no,
MISC7B,0,MISC,,2020,,no,,data/Items.bif,0x001003DA,32EC0329C6DA0288AF9D73CA2A2BF50E95C32A1508300BF0980CA04B2B3A2B23,0,0,,,,,,no,
MISC7C,11,SCROLL,,2020,,no,,data/Items.bif,0x001003DB,87BCA64C0157192B1EEDDB1562CACF3D3C9894A61889B0DDC6EE0081EDE1DAF2,0,0,,,,,,no,
MISC7D,0,MISC,,2020,,no,,data/Items.bif,0x001003DC,628E6EA7E5638B3C4BA0173227D1F8BC8E8B5E57A2BCCC45AF46866A520FD44F,0,0,,,,,,no,
MISC7E,0,MISC,,2020,,no,,data/Items.bif,0x001003DD,EECC2802A9C0E5A8E056E86977EF4954E74455B7F5FE3E66DFD23F82983C58EC,0,0,,,,,,no,
MISC7F,0,MISC,,2020,,no,,data/Items.bif,0x001003DE,4EEA97CBE9DDCD7416F671E5ED83DB15791E71A77D46FEA51AC06BA4A462C8DE,0,0,,,,,,no,
MISC7G,11,SCROLL,,2020,,no,,data/Items.bif,0x001003DF,42DA906A12BB9797C8C215B4513FBF031328A5AC054EA898E8B28D9BB37643E1,0,0,,,,,,no,
MISC7H,37,BROKEN2,,2020,,no,,data/Items.bif,0x001003E0,711D2CC2728E67F751D418A0B6D95C820BC0B97AAA17CE4CE5889E237FCDAEF6,0,0,,,,,,no,
MISC7I,0,MISC,,2020,,no,,data/Items.bif,0x001003E1,4F46B204D14E0208C3A53B008E8391BFBC870C2BCCB063A710B838D28FAA2403,0,0,,,,,,no,
MISC7J,35,WAND,,2020,,no,,data/Items.bif,0x001003E2,9D3C4B42F266E1C5015743F2F0EBBF071580B5959BC920F6F7C768FE2551C9AD,0,0,,,,,,no,
MISC7K,0,MISC,,2020,,no,,data/Items.bif,0x001003E3,7A10DEEDC123EA1725681EAEE3CCB47CB14106B91D88C20F3702A86A77F17817,0,0,,,,,,no,
MISC7L,0,MISC,,2020,,no,,data/Items.bif,0x001003E4,B644F73531AC943F5F621C78C7BBA405AAFA51377B451FEF41918F3567A178D6,0,0,,,,,,no,
MISC7M,37,BROKEN2,,2020,,no,,data/Items.bif,0x001003E5,1BB2B49DFA39E899981DE0C0D4FB67B64CC4C7824FF2BA9A0B225DD41DD2EF61,0,0,,,,,,no,
MISC7N,35,WAND,,2020,,no,,data/Items.bif,0x001003E6,67CB9E4E87E9AB6ED11D27A9A666F51AD1DB5685CDE54014C0EC54F1A0C29FA6,0,0,,,,,,no,
MISC7O,11,SCROLL,,2020,,no,,data/Items.bif,0x001003E7,CD0FFB760E921AFD4AE63A0666F4EC0350BCDE43D08019822890AD41B502E000,0,0,,,,,,no,
MISC7P,37,BROKEN2,,2020,,no,,data/Items.bif,0x001003E8,D467CF14F80F1216CA71DCC5E1773FDE83CCCA8F7C0813FA98BB5B180AC1C766,0,0,,,,,,no,
MISC7Q,37,BROKEN2,,2020,,no,,data/Items.bif,0x001003E9,B1732BC311398B701BD471B9FE2FD9F29BFAD3D8C259AADCFC3C0D26E81E6966,0,0,,,,,,no,
MISC7R,1,AMULET,,2020,,no,,data/Items.bif,0x001003EA,CD5D93BB9BB62CEE0BDDF405A67E78AF18159457C30D6733732CE8F47D56D12E,0,0,,,,,,no,
MISC7S,11,SCROLL,,2020,,no,,data/Items.bif,0x001003EB,00CE5E5D758C80012AEC5CDA9F9DE95A2D07FE77D34B0EF50F59541592AD1106,0,0,,,,,,no,
MISC7T,0,MISC,,2020,,no,,data/Items.bif,0x001003EC,C5F458F12C5391B286F32AC3B30DB499F1CE08CED94FD15F982891A95D689E25,0,0,,,,,,no,
MISC7U,0,MISC,,2020,,no,,data/Items.bif,0x001003ED,61E20D761F09A4CA84A17567C2FF3BC2D5B1B61785653AE40EE25E5660B587D8,0,0,,,,,,no,
MISC7V,0,MISC,,2020,,no,,data/Items.bif,0x001003EE,F9973B157E52351B8EAFB357DD0124615B509E4D3A028B23A777659EE426426A,0,0,,,,,,no,
MISC7W,37,BROKEN2,,2020,,no,,data/Items.bif,0x001003EF,29C34FDA85F05BF6207B3F464BE17FBC9FDE8C1CDC05B90AA7F1514DC891352D,0,0,,,,,,no,
MISC7X,0,MISC,,2020,,no,,data/Items.bif,0x001003F0,709A945980C84DA58F09E09E5BEAE35E5227D85F775DB1CB5CC1C7DFED02D9B9,0,0,,,,,,no,
MISC7Y,1,AMULET,,2020,,no,,data/Items.bif,0x001003F1,7869C438045279947EB3D1D2412B0E83C4A13BDE85B6C5DB9DD39A9C736F652F,0,0,,,,,,no,
MISC7Z,0,MISC,,2020,,no,,data/Items.bif,0x001003F2,F740E3414423A420A68423175C19C90E893AD2DF61A142B6341004FD5F7519D5,0,0,,,,,,no,
MISC80,0,MISC,,2020,,no,,data/Items.bif,0x001003F3,FAB36BCED82EAAD5188E1C797AF45A51FDCECE410227354B84AA0DA04467B1F4,0,0,,,,,,no,
MISC81,0,MISC,,2020,,no,,data/Items.bif,0x001003F4,A1B2F783E802BD7F2F5B59ECA0CFA15C19571273480AF3CE392E85D50B2B223C,0,0,,,,,,no,
MISC82,0,MISC,,2020,,no,,data/Items.bif,0x001003F5,1C82F72218D774C210BDB2790832AB668106166A4C645AE65AE345B850EADA23,0,0,,,,,,no,
MISC83,0,MISC,,2020,,no,,data/Items.bif,0x001003F6,24EAEC8AAE21641E552C8949959CA3416B817750B2B8D32D3A29F48949B53E9B,0,0,,,,,,no,
MISC84,0,MISC,,2020,,no,,data/Items.bif,0x001003F7,188DED06914D9F6761EC89629706240FFECA53B9ACC8F590F81C9065C9DCA5A7,0,0,,,,,,no,
MISC85,0,MISC,,2020,,no,,data/Items.bif,0x001003F8,908719EB106E32CFCAC4EEB8BE0A5434DFF61B4775B6C5C19C2857A5DB86C8F4,0,0,,,,,,no,
MISC86,0,MISC,,2020,,no,,data/Items.bif,0x001003F9,2BA6CDF92FD2CE30CA029D98A8CC32BF10286A0F3C44564F28131BFCAEE5F700,0,0,,,,,,no,
MISC87,0,MISC,,2020,,no,,data/Items.bif,0x001003FA,974AA4EA80B03902A3BF5E0127A9A994C680517E29EE989F1EDF8EB3771AA14B,0,0,,,,,,no,
MISC88,10,RING,,2020,,no,,data/Items.bif,0x001003FB,8441A2156FB442BFEAFC0982D8C244C2E8BF5711EABBEB72579180DF341831D2,0,0,,,,,,no,
MISC89,1,AMULET,,2020,,no,,data/Items.bif,0x001003FC,01C7E9196580E17CE2D87D34B27F35CA48E459E057D32D60DB2939D696F97EEC,0,0,,,,,,no,
MISC8A,11,SCROLL,,2020,,no,,data/Items.bif,0x001003FD,721621A4B045160DB1F16B2FB885BAFC4D3021ADF630FB6F5E3C712330C67E7F,0,0,,,,,,no,
MISC8B,11,SCROLL,,2020,,no,,data/Items.bif,0x001003FE,2147940014DD7FD27F0141F59FA4FDE3F4EE632B84D939C229B7AAEB59BB7607,0,0,,,,,,no,
MISC8C,11,SCROLL,,2020,,no,,data/Items.bif,0x001003FF,27C4EDD257DC2555451C00E00BA82E528A1DF10191409A1BE6F4CFA7FA2015FD,0,0,,,,,,no,
MISC8D,11,SCROLL,,2020,,no,,data/Items.bif,0x00100400,4A0F1DFB4E63E9143F36C7864DC50713A94AFCF17C315C85A5B5E8038D80E694,0,0,,,,,,no,
MISC8E,11,SCROLL,,2020,,no,,data/Items.bif,0x00100401,48BAE9286F07B7BA0E4282A42286136CE56EF0C3FD07C1628B8153F4017745FE,0,0,,,,,,no,
MISC8F,37,BROKEN2,,2020,,no,,data/Items.bif,0x00100402,DE540E935AEC9E1746C06254FF13B7D4D0ABC452AFFD59A2A8C3835B4E10FEC4,0,0,,,,,,no,
MISC8G,35,WAND,,2020,,no,,data/Items.bif,0x00100403,2D7BB4D5BC8996410038077027F8FC389EABAE574D53DFCD911E1CF62A9809BB,0,0,,,,,,no,
MISC8H,0,MISC,,2020,,no,,data/Items.bif,0x00100404,243D2EB37FC060E41BE424E95511B20F1278CA69FAA96D78693838E4E162BB79,0,0,,,,,,no,
MISC8I,11,SCROLL,,2020,,no,,data/Items.bif,0x00100405,8BC33111BD565468C0828EE318419883C8B0C2B2B900E7AB570DF5E8CD193EB3,0,0,,,,,,no,
MISC8J,4,BOOT,,2020,,no,,data/Items.bif,0x00100406,E9BE14763CBB59A7685B8A7B2A9F3229159E72F36068DC56F622586BD754573F,0,0,,,,,,no,
MISC8K,0,MISC,,2020,,no,,data/Items.bif,0x00100407,A838B4507D68273FB5DD92C3FAFDCE0A2E06EC5F5B244FF25691F35DDFEFD7B2,0,0,,,,,,no,
MISC8L,1,AMULET,,2020,,no,,data/Items.bif,0x00100408,AB4956CDADC6E91081250AC727E36097FAA26888342062C78879B9CA7A4D66C6,0,0,,,,,,no,
MISC8M,8,KEY,,2020,,no,,data/Items.bif,0x00100409,ED6EF5FD21F57031F18FA0AC261A577FE57D3B9D5E673C73D907B74D5487C038,0,0,,,,,,no,
MISC8N,37,BROKEN2,,2020,,no,,data/Items.bif,0x0010040A,E69C0CDF7C89F180A99A1094EAFE4BB12EB4E1749AB82E7A53F9447D3C5F6B35,0,0,,,,,,no,
MISC8O,10,RING,,2020,,no,,data/Items.bif,0x0010040B,D33021B2D532132B952CEE29F77A51623B56F3D31C5269421B85D12C1B258F44,0,0,,,,,,no,
MISC8P,37,BROKEN2,,2020,,no,,data/Items.bif,0x0010040C,4C9E7F985EE3D28CCA721959EBB530E68E26DE7E9B81D4B542C365ECF60A5DCD,0,0,,,,,,no,
MISC8Q,0,MISC,,2020,,no,,data/Items.bif,0x0010040D,DCDD9E3DB29C519EDB9A752B05A93788CA69C65613362D54C8E526696E84A795,0,0,,,,,,no,
MISC8R,0,MISC,,2020,,no,,data/Items.bif,0x0010040E,CC5718496E9BCFAC7E13394D2315BCDF3D9CFF255FBFD3AE3A22060C8A90C0C2,0,0,,,,,,no,
MISC8S,0,MISC,,2020,,no,,data/Items.bif,0x0010040F,275B8181E3FA9F99A1D97843E35BB1EFDF6541F394A283F6476520042F0BA6A1,0,0,,,,,,no,
MISC8T,0,MISC,,2020,,no,,data/Items.bif,0x00100410,9ED14574898A8F107F2E167E03949B6E92691CD0DE6BBC0F223C80CF0D319B2D,0,0,,,,,,no,
MISC8U,0,MISC,,2020,,no,,data/Items.bif,0x00100411,12FD57432315EDF44B6A3252A4594DD06402053E40C0A37A9B220A2C6E6DC94B,0,0,,,,,,no,
MISC8V,0,MISC,,2020,,no,,data/Items.bif,0x00100412,B17B46291974345FBA5F40C5B7882667FD49F321E9EA04FEC14F18B33B842F99,0,0,,,,,,no,
MISC8W,0,MISC,,2020,,no,,data/Items.bif,0x00100413,6E07543E9B4AB2DC643E0D1CD02B7D3295631D8015ED71B25963C018B937CD78,0,0,,,,,,no,
MISC8X,0,MISC,,2020,,no,,data/Items.bif,0x00100414,7710C4833FAB194503068D13C0ABD42366C2181C4CEB182968C633840B662F43,0,0,,,,,,no,
MISC8Y,0,MISC,,2020,,no,,data/Items.bif,0x00100415,34E54ECB4B13883BB66A2EE3D96843116A39F885AD4C5B3DE149C4BBC1FB8366,0,0,,,,,,no,
MISC8Z,0,MISC,,2020,,no,,data/Items.bif,0x00100416,BF506B79F7B6824CB7DC2DAC5FAE744B5FD41F4525EC9DC9914E370D3E954652,0,0,,,,,,no,
MISC90,0,MISC,,2020,,no,,data/Items.bif,0x00100417,A602FADEF1D9B5D3F6BF915592693B7D143C923DAA47C1F56B9F4FE61C364A32,0,0,,,,,,no,
MISC91,0,MISC,,2020,,no,,data/Items.bif,0x00100418,EAAAD945F165C32DA82C5010EA4C2B95FEEAA4FFC5ED17D8B7F5CF4CE930440B,0,0,,,,,,no,
MISC92,0,MISC,,2020,,no,,data/Items.bif,0x00100419,E20E1CBF30C9D20FD46514CD6451170A4A0169DCD42E2C8929CED3AE59F4F52D,0,0,,,,,,no,
MISC93,0,MISC,,2020,,no,,data/Items.bif,0x0010041A,EBFA901CCA08028694CD7C0B9ADF130BB36B0A8250D76B0D8928F7C565E4946A,0,0,,,,,,no,
MISC94,0,MISC,,2020,,no,,data/Items.bif,0x0010041B,592BAE346F819E9E7D3EF445AC97FA5E2E9350747BA35EB2420699D963FA2D3E,0,0,,,,,,no,
MISC95,0,MISC,,2020,,no,,data/Items.bif,0x0010041C,7A8D53843A4F8F98179E7575D01A05E4C921F63957A27F5324EC5BE879E90C9F,0,0,,,,,,no,
MISC96,0,MISC,,2020,,no,,data/Items.bif,0x0010041D,387346B4773C8C40318DD5113ED240B5B7C45FAE5724F0254D0C05ABA3451574,0,0,,,,,,no,
MISC97,9,POTION,,2020,,no,,data/Items.bif,0x0010041E,75CD5FAA777336911ED0080A70E189FD0ABE262E60AC27212DA4A3206E78A1F3,0,0,,,,,,no,
MISC98,9,POTION,,2020,,no,,data/Items.bif,0x0010041F,5C4F0C5AC46B1B737E237FFC4FB934966BE599BC725652AF997360EBF49FAA12,0,0,,,,,,no,
MISC99,2,ARMOR,body,2020,,no,,data/Items.bif,0x00100420,E6B164955634289267F7A5E5E8589CAA48B10B2521ADB60173EE0DF934B98F2C,0,0,,,,,,no,no-compatible-character-family;visual-animation-code-invalid
MISC9A,0,MISC,,2020,,no,,data/Items.bif,0x00100421,420468A8FAADDBEACD25D20697ECF45B87A9E60994F775C82B6995C329339013,0,0,,,,,,no,
MISC9B,0,MISC,,2020,,no,,data/Items.bif,0x00100422,C35F91C3BCFF888664BFA7C65B050FC8B2F8B7E8FC7B5823179082BA1E4E7E02,0,0,,,,,,no,
MISC9C,37,BROKEN2,,2020,,no,,data/Items.bif,0x00100423,9128D9A05EC85274753548798D585F95A91A9D76364DAF4EE5B6C3F579DF9EE2,0,0,,,,,,no,
MISC9D,0,MISC,,2020,,no,,data/Items.bif,0x00100424,03D5199A8F6C83F23AB7609AC36DB45DDD7B08BB805B6987895A8E4A2971E1CE,0,0,,,,,,no,
MISC9E,0,MISC,,2020,,no,,data/Items.bif,0x00100425,07CE6F856591C1B7DD6B0E36288AF86693893027593710C77396CD7F6006543A,0,0,,,,,,no,
MISC9F,0,MISC,,2020,,no,,data/Items.bif,0x00100426,90DC5FBC98A13A6ED5B81ED600495AD7487DBE174643143C4BE6F6C2744A9680,0,0,,,,,,no,
MISC9G,0,MISC,,2020,,no,,data/Items.bif,0x00100427,96C6C35B1A38B1E0D381E91E12D0030DAFADEA17D4DA6077D0E1EF25711D83A0,0,0,,,,,,no,
MISC9H,0,MISC,,2020,,no,,data/Items.bif,0x00100428,722E5C0FD3F6064A748349A1290BE17947955DF446C9FA5D9DBE5F9E3BBB907A,0,0,,,,,,no,
MISC9I,11,SCROLL,,2020,,no,,data/Items.bif,0x00100429,914023E822CC85A408BBD6A6CAE7B70411D5DD45DB53B1E123241E33A091CD80,0,0,,,,,,no,
MISC9J,11,SCROLL,,2020,,no,,data/Items.bif,0x0010042A,7D3DE0E23C3425DDE5ABA908A5D8513749551D08F062D611ED6E1C4B38601F83,0,0,,,,,,no,
MISC9K,11,SCROLL,,2020,,no,,data/Items.bif,0x0010042B,30C3095E18F4F01633190B8BDAAF049EB3F6DB8341281238803DB89CDAB96C79,0,0,,,,,,no,
MISC9L,37,BROKEN2,,2020,,no,,data/Items.bif,0x0010042C,96AE10F7B2305914F579E870A224E7F60C3D41F8BF8810AC0F1B5FF8AB62D7D9,0,0,,,,,,no,
MISC9M,0,MISC,,2020,,no,,data/Items.bif,0x0010042D,34FA860795702BBC861A9EAFB1DA607B8FC29CE913589E2756C4656AE1681C31,0,0,,,,,,no,
MISC9N,1,AMULET,,2020,,no,,data/Items.bif,0x0010042E,F7F50C3297E476DFBF4BEB31955BB2AE4485AAA1E92313192E4526AFB354AB48,0,0,,,,,,no,
MISC9O,26,STAFF,weapon,5153,QS,yes,,data/Items.bif,0x0010042F,02DCDDB86DEEF16D8ED888C8CF42F28C8FACDA54667E50FA4A59B64487E43B83,78,78,0x5000;0x5001;0x5002;0x5003;0x5010;0x5011;0x5012;0x5013;0x5100;0x5101;0x5102;0x5103;0x5110;0x5111;0x5112;0x5113;0x5200;0x5201;0x5202;0x5210;0x5211;0x5212;0x5300;0x5301;0x5302;0x5303;0x5310;0x5311;0x5312;0x5313;0x6000;0x6001;0x6002;0x6003;0x6004;0x6005;0x6010;0x6011;0x6012;0x6013;0x6014;0x6015;0x6100;0x6101;0x6102;0x6103;0x6104;0x6105;0x6110;0x6111;0x6112;0x6113;0x6114;0x6115;0x6200;0x6201;0x6202;0x6204;0x6205;0x6210;0x6211;0x6212;0x6214;0x6215;0x6300;0x6301;0x6302;0x6303;0x6304;0x6305;0x6310;0x6311;0x6312;0x6313;0x6314;0x6315;0x6500;0x6510,WQLQS;WQMQS;WQNQS;WQSQS,WQLQS;WQMQS;WQNQS;WQSQS,,WQLQS;WQMQS;WQNQS;WQSQS,no,
MISC9P,7,HELMET,helmet,4831,H1,yes,,data/Items.bif,0x00100430,B116784004ECED91F66444035A1C2B5B7B25CB3C7B2B072A84D30B05BC673ACC,78,78,0x5000;0x5001;0x5002;0x5003;0x5010;0x5011;0x5012;0x5013;0x5100;0x5101;0x5102;0x5103;0x5110;0x5111;0x5112;0x5113;0x5200;0x5201;0x5202;0x5210;0x5211;0x5212;0x5300;0x5301;0x5302;0x5303;0x5310;0x5311;0x5312;0x5313;0x6000;0x6001;0x6002;0x6003;0x6004;0x6005;0x6010;0x6011;0x6012;0x6013;0x6014;0x6015;0x6100;0x6101;0x6102;0x6103;0x6104;0x6105;0x6110;0x6111;0x6112;0x6113;0x6114;0x6115;0x6200;0x6201;0x6202;0x6204;0x6205;0x6210;0x6211;0x6212;0x6214;0x6215;0x6300;0x6301;0x6302;0x6303;0x6304;0x6305;0x6310;0x6311;0x6312;0x6313;0x6314;0x6315;0x6500;0x6510,WQLH1;WQMH1;WQNH1;WQSH1,WQLH1;WQMH1;WQNH1;WQSH1,,WQLH1;WQMH1;WQNH1;WQSH1,no,
MISC9Q,20,BGSWORD,weapon,5333,S3,yes,,data/Items.bif,0x00100431,5F2204FD392DBDE4E7C7FD8A046B18B0F892524703BF1C67B85C145E770A87AF,78,78,0x5000;0x5001;0x5002;0x5003;0x5010;0x5011;0x5012;0x5013;0x5100;0x5101;0x5102;0x5103;0x5110;0x5111;0x5112;0x5113;0x5200;0x5201;0x5202;0x5210;0x5211;0x5212;0x5300;0x5301;0x5302;0x5303;0x5310;0x5311;0x5312;0x5313;0x6000;0x6001;0x6002;0x6003;0x6004;0x6005;0x6010;0x6011;0x6012;0x6013;0x6014;0x6015;0x6100;0x6101;0x6102;0x6103;0x6104;0x6105;0x6110;0x6111;0x6112;0x6113;0x6114;0x6115;0x6200;0x6201;0x6202;0x6204;0x6205;0x6210;0x6211;0x6212;0x6214;0x6215;0x6300;0x6301;0x6302;0x6303;0x6304;0x6305;0x6310;0x6311;0x6312;0x6313;0x6314;0x6315;0x6500;0x6510,WQLS3;WQMS3;WQNS3;WQSS3,WQLS3;WQMS3;WQNS3;WQSS3,,WQLS3;WQMS3;WQNS3;WQSS3,no,
MISC9R,0,MISC,,2020,,no,,data/Items.bif,0x00100432,4E040C06938D575F0522BAE9CFCD4A04490C029291F3A2CAF10B3E71226ABF43,0,0,,,,,,no,
MISC9S,1,AMULET,,2020,,no,,data/Items.bif,0x00100433,09F964F5474D78FC9AF4A5ADC6D9E25C2EEC9F5EA111BA582C695E00995AF540,0,0,,,,,,no,
MISC9T,0,MISC,,2020,,no,,data/Items.bif,0x00100434,436D84C72F7B9A1DEBF1AD3778BEBD2361B93FCFD7E4E0EC370F3F268C522B16,0,0,,,,,,no,
MISC9U,0,MISC,,2020,,no,,data/Items.bif,0x00100435,49AE5F3034485E4000B9C337237C3DD824E930106E3A6940BA7657C0EB02EB67,0,0,,,,,,no,
MISC9V,0,MISC,,2020,,no,,data/Items.bif,0x00100436,8806194903D8E072FA0D536B7ADF35BDDCB1F9304322ED3EE404AA4FA448012F,0,0,,,,,,no,
MISC9W,32,CLOAK,,2020,,no,,data/Items.bif,0x00100437,AF72629DC1F734A6697CF329413D81EDA36447D3FC0CFC3C372B6B4228BDD0FE,0,0,,,,,,no,
MISC9X,0,MISC,,2020,,no,,data/Items.bif,0x00100438,46F895D58ED3FF55C0FBFA398AD78D812C36C5FFEA38AC7FC7B16D71221C090F,0,0,,,,,,no,
MISC9Y,9,POTION,,2020,,no,,data/Items.bif,0x00100439,6C339359FD47CA9BA7AADD4604CDA248F295C6CAF00A027CC5A8A5054A89B757,0,0,,,,,,no,
MISC9Z,0,MISC,,2020,,no,,data/Items.bif,0x0010043A,B8D4ADF1FB1512D270B94AA7B42901F4E65A30FB1917FC087D51640A38E01DEC,0,0,,,,,,no,
MISCA1,0,MISC,,2020,,no,,data/Items.bif,0x0010043B,2854E3A91E7756604CEF61C0B838D85713701EC6CCEA8874D245122D09C638F9,0,0,,,,,,no,
MISCA2,0,MISC,,2020,,no,,data/Items.bif,0x0010043C,423D6AF52994AEF0AB5940CD3AE0AA4F421E144CA7179238D1121DCE2D52AD35,0,0,,,,,,no,
MISCA3,37,BROKEN2,,2020,,no,,data/Items.bif,0x0010043D,8EF2B9DC3B3C95BBE5E70971C4209E60CC106FFB816A976D1B35652C5321B711,0,0,,,,,,no,
MISCA4,0,MISC,,2020,,no,,data/Items.bif,0x0010043E,D3F3D48142F11E54C0DE9ED41A54617B54D44FB40B8CDE4ED7D6668425BB0CCD,0,0,,,,,,no,
MISCA5,11,SCROLL,,2020,,no,,data/Items.bif,0x0010043F,D649CCE843E90108213D46DD41F0693A54EAB939C0A0B85DB7BFC2F089FCA563,0,0,,,,,,no,
MISCA6,7,HELMET,helmet,4830,H0,yes,,data/Items.bif,0x00100440,9F88F8A2E7D2595B4767C36BE4BF16B6174146C4B4851D5590797F69F61B32A1,78,78,0x5000;0x5001;0x5002;0x5003;0x5010;0x5011;0x5012;0x5013;0x5100;0x5101;0x5102;0x5103;0x5110;0x5111;0x5112;0x5113;0x5200;0x5201;0x5202;0x5210;0x5211;0x5212;0x5300;0x5301;0x5302;0x5303;0x5310;0x5311;0x5312;0x5313;0x6000;0x6001;0x6002;0x6003;0x6004;0x6005;0x6010;0x6011;0x6012;0x6013;0x6014;0x6015;0x6100;0x6101;0x6102;0x6103;0x6104;0x6105;0x6110;0x6111;0x6112;0x6113;0x6114;0x6115;0x6200;0x6201;0x6202;0x6204;0x6205;0x6210;0x6211;0x6212;0x6214;0x6215;0x6300;0x6301;0x6302;0x6303;0x6304;0x6305;0x6310;0x6311;0x6312;0x6313;0x6314;0x6315;0x6500;0x6510,WQLH0;WQMH0;WQNH0;WQSH0,WQLH0;WQMH0;WQNH0;WQSH0,,WQLH0;WQMH0;WQNH0;WQSH0,no,
MISCA7,0,MISC,,2020,,no,,data/Items.bif,0x00100441,B49F246C1E3BE35539A3E69204869661EC16A33F6264B44EE1B6CDE567290F6F,0,0,,,,,,no,
MISCA8,0,MISC,,2020,,no,,data/Items.bif,0x00100442,2D53BA592BFEF3A4C0290EF63ACCAF2B4EBEB0E038043D065D396AA9587A9A06,0,0,,,,,,no,
MISCA9,1,AMULET,,2020,,no,,data/Items.bif,0x00100443,F9DA1406ED5DA0DE0F76FAA2AD37037BCB07ACE9F89651DB3A2D095E7E8706F3,0,0,,,,,,no,
MISCAA,1,AMULET,,2020,,no,,data/Items.bif,0x00100444,CD9CE60FE5FFD8BDD14986512E5FD6DFE2AD355F06A6DFB00335FE7BD3AF142C,0,0,,,,,,no,
MISCAB,0,MISC,,2020,,no,,data/Items.bif,0x00100445,AC7DEBA300322E28D18CCFF16D13D6093C29BE44D9647D257B58E0DF17C7A5B1,0,0,,,,,,no,
MISCAC,0,MISC,,2020,,no,,data/Items.bif,0x00100446,612A881D5C2E51424AD2BBE07A6A8E76EBC97199C005A7D8F0E8F002007CB5F6,0,0,,,,,,no,
MISCAD,1,AMULET,,2020,,no,,data/Items.bif,0x00100447,48FE8B03ED09D2578479E9D41DEA37D5623C50FF30D3D16F5730D14738EE612E,0,0,,,,,,no,
MISCAE,1,AMULET,,2020,,no,,data/Items.bif,0x00100448,7E9A3B7A79776BE3847993F61E94452F87CA673869A9FA885D405CC919E8B1F3,0,0,,,,,,no,
MISCAF,0,MISC,,2020,,no,,data/Items.bif,0x00100449,9E56B6C75DA43645984DD9A6C679D7CB8FAADDFAE92ED3F41402DA875CBB86F4,0,0,,,,,,no,
MISCAG,0,MISC,,2020,,no,,data/Items.bif,0x0010044A,0EFA042E99F93D94017DB69486F608119B7157C851479E4D97A68870C8F77DCF,0,0,,,,,,no,
MISCAH,0,MISC,,2020,,no,,data/Items.bif,0x0010044B,0EFE72AEDBA9F22F40CB483683252656F4A624C43CCCF5CEC31EED8F1BE27A11,0,0,,,,,,no,
MISCAI,4,BOOT,,2020,,no,,data/Items.bif,0x0010044C,2355A6EA4A60A4C12753A38E3710B441583899DA9E0C4852D76D3C615B1D9911,0,0,,,,,,no,
MISCAJ,0,MISC,,2020,,no,,data/Items.bif,0x0010044D,0B9D28AF888468BA5E7A616096B26253C8637683323418F28D8865E36E4A6D1C,0,0,,,,,,no,
MISCAK,37,BROKEN2,,2020,,no,,data/Items.bif,0x0010044E,39F94F6107C8D5C6256F373BE2E22F41ECE59E99871C0AF675134B3A48050E25,0,0,,,,,,no,
MISCAL,0,MISC,,2020,,no,,data/Items.bif,0x0010044F,AC25CC1349303AAA68EC9D39C15C16698B1F1D0E82B0E5586D46733E8629E0B4,0,0,,,,,,no,
MISCAM,8,KEY,,2020,,no,,data/Items.bif,0x00100450,42D55CF724E6BC82506C7A84BB92B814503CA656FFBFF0D3E3670B06CF0B556A,0,0,,,,,,no,
MISCAN,1,AMULET,,2020,,no,,data/Items.bif,0x00100451,123D06E12EAAF4431DA23A5AB04630E863D4E793807A035BECBF0337EE45F1C1,0,0,,,,,,no,
MISCAO,0,MISC,,2020,,no,,data/Items.bif,0x00100452,122A20B50AA0A3B784D37B6CE8DF8433EE5A6BDCFE03F072287C9D8A8451F91F,0,0,,,,,,no,
MISCAP,0,MISC,,2020,,no,,data/Items.bif,0x00100453,522C960B45FBAD55742FEDE7870320E89D3EDAA5C0319E20B1A57DCE0A802B20,0,0,,,,,,no,
MISCAQ,0,MISC,,2020,,no,,data/Items.bif,0x00100454,9237FEA115D66403BDD0F7545955A41B0ED65C94F56B783E3FD4AF033D0A1298,0,0,,,,,,no,
MISCAR,0,MISC,,2020,,no,,data/Items.bif,0x00100455,AC6589B97676A2599F71E8844E8E84840A86B71D713B48D20871AABB65299238,0,0,,,,,,no,
MISCAS,0,MISC,,2020,,no,,data/Items.bif,0x00100456,04ACDC653B81BF57268E8493B31230F2B38E42A2F6058F4872BEB750EC541226,0,0,,,,,,no,
MISCAT,0,MISC,,2020,,no,,data/Items.bif,0x00100457,899A17EBF8BC69B92DA2704E1A137213ACDFAE7E74ED3ADC33AED3C72ACF9D44,0,0,,,,,,no,
MISCAU,0,MISC,,2020,,no,,data/Items.bif,0x00100458,EA5AEA1D40D9BAD9DAAA53496ED034C39D2A760C71F87B1FA0D2426EDAC30914,0,0,,,,,,no,
MISCAV,0,MISC,,2020,,no,,data/Items.bif,0x00100459,53E8BD82BEE35E86EEE7D26908AC731FBB7A5E1818B2F7177F00965FC3C667A8,0,0,,,,,,no,
MISCAW,0,MISC,,2020,,no,,data/Items.bif,0x0010045A,D91BADB68F328310C1CFA53224CC300CEBF9CF1D124600AF9E7A9D3C236B0524,0,0,,,,,,no,
MISCAX,0,MISC,,2020,,no,,data/Items.bif,0x0010045B,73BEB4F277D6A4F293CD2E73228DDDB2560D2A3A1F1A49EB89531F8FD2B1B041,0,0,,,,,,no,
MISCAY,0,MISC,,2020,,no,,data/Items.bif,0x0010045C,4291D8FA8181949AC01BB5F71485F80A5505187C361D402215543BB2447F899D,0,0,,,,,,no,
MISCAZ,0,MISC,,2020,,no,,data/Items.bif,0x0010045D,AF32655A4F2A363B4EFE3448B9906E4E59AACA66628236F90AAD6E3B44F56869,0,0,,,,,,no,
MISCB1,1,AMULET,,2020,,no,,data/Items.bif,0x0010045E,D082042AC2F5CAEEF92857A4EAEDB1E7B80B38D9CFA62293AD816111BC921496,0,0,,,,,,no,
MISCB2,0,MISC,,2020,,no,,data/Items.bif,0x0010045F,3E3701B3AB4A05764CCFDC503FF77767D74711ED34B4A18EB46289586FDB1D09,0,0,,,,,,no,
MISCB3,0,MISC,,4653,FS,yes,,data/Items.bif,0x00100460,6E359E2A3F274E634F531DF5A441DA8F8C6365DA288037AED7995AA3CABAD5D3,0,0,,,,,,no,
MISCB4,0,MISC,,2020,,no,,data/Items.bif,0x00100461,D1C7B6143108B00074F443C48D06FACD3EEE610FE1A515157BAD24596EDCE0D5,0,0,,,,,,no,
MISCB5,0,MISC,,2020,,no,,data/Items.bif,0x00100462,C592383A678E5550B558359A770F482511BFEA177033BE0B9545E656C88F7D74,0,0,,,,,,no,
MISCB6,0,MISC,,2020,,no,,data/Items.bif,0x00100463,DEFFEBE2BEA3D5411EEDCD3B80ACA24EACC90C73C29207B0F94B29719B437031,0,0,,,,,,no,
MISCB7,0,MISC,,2020,,no,,data/Items.bif,0x00100464,E4BA396AA17255E130050ECD1B397290CDFC0319CA95E21F36E4BD7169457696,0,0,,,,,,no,
MISCB8,0,MISC,,2020,,no,,data/Items.bif,0x00100465,2E4B8ED1C7CCFAC0D72177CA34B6E50734D7F7A42AD754C82073543D618340D1,0,0,,,,,,no,
MISCB9,0,MISC,,2020,,no,,data/Items.bif,0x00100466,43C53358F79648D1685EA13FE4341CFFBB2A753910C40B110B3016B15FE4B64A,0,0,,,,,,no,
MISCBA,0,MISC,,2020,,no,,data/Items.bif,0x00100467,8B3C7C68984828D8B04321B8E290CA6F4FA307EF6731571D647CA4543B05B7EE,0,0,,,,,,no,
MISCBC,20,BGSWORD,weapon,4653,FS,yes,,data/Items.bif,0x00100468,369DF860B94202D6D4055C51B4BF0731BACCC6F86C76A0255CCA9B46BAD66846,78,78,0x5000;0x5001;0x5002;0x5003;0x5010;0x5011;0x5012;0x5013;0x5100;0x5101;0x5102;0x5103;0x5110;0x5111;0x5112;0x5113;0x5200;0x5201;0x5202;0x5210;0x5211;0x5212;0x5300;0x5301;0x5302;0x5303;0x5310;0x5311;0x5312;0x5313;0x6000;0x6001;0x6002;0x6003;0x6004;0x6005;0x6010;0x6011;0x6012;0x6013;0x6014;0x6015;0x6100;0x6101;0x6102;0x6103;0x6104;0x6105;0x6110;0x6111;0x6112;0x6113;0x6114;0x6115;0x6200;0x6201;0x6202;0x6204;0x6205;0x6210;0x6211;0x6212;0x6214;0x6215;0x6300;0x6301;0x6302;0x6303;0x6304;0x6305;0x6310;0x6311;0x6312;0x6313;0x6314;0x6315;0x6500;0x6510,WQLFS;WQMFS;WQNFS;WQSFS,WQLFS;WQMFS;WQNFS;WQSFS,,WQLFS;WQMFS;WQNFS;WQSFS,no,
MISCBD,0,MISC,,2020,,no,,data/Items.bif,0x00100469,3DB597390394BE2BF114A7AF0F33CF592D46B59A73CB269CB840BADAB3EFE639,0,0,,,,,,no,
MISCBE,0,MISC,,2020,,no,,data/Items.bif,0x0010046A,52A7EDC96E1D2900A7E8CEC07DF11DCDA5F972817B1EB29B842D8B11898E2298,0,0,,,,,,no,
MISCBF,0,MISC,,2020,,no,,data/Items.bif,0x0010046B,92B440FD4AD3CC63F19AA1F147ECB9AC717D81D453247AC76856528782EFEB8B,0,0,,,,,,no,
MISCBG,0,MISC,,2020,,no,,data/Items.bif,0x0010046C,B746F5338C7790B935C18F1E2DFA93230862CBF3875D002515FBE4D9211BF7A7,0,0,,,,,,no,
MISCBH,34,GEM,,2020,,no,,data/Items.bif,0x0010046D,B84ED2BBEE351A4A88217D854986E791A46172503A8F33BE8BED52001E59DD1A,0,0,,,,,,no,
MISCBI,0,MISC,,2020,,no,,data/Items.bif,0x0010046E,2D571BC69FF48E2F01059BBDF5C4A2EC860F7CEC41CC871CBD26E882CD27A428,0,0,,,,,,no,
MISCBJ,0,MISC,,2020,,no,,data/Items.bif,0x0010046F,C2F18D4019D413B070C08D56D105149276F396BD2CFAF965773CC1B492C071E8,0,0,,,,,,no,
MISCBK,0,MISC,,2020,,no,,data/Items.bif,0x00100470,8823F7D8B35B823ABDC0A6D2A3D1AD88D95DB78112182C835CA09E5F899F4B70,0,0,,,,,,no,
MISCBL,0,MISC,,2020,,no,,data/Items.bif,0x00100471,884DAAE96CACA753FAF883FA32A8AC67EC3034CC319F9D9055E7D9578FD268C3,0,0,,,,,,no,
MISCBM,0,MISC,,2020,,no,,data/Items.bif,0x00100472,D123F35913DF4C47028512AFF6E6AE3C1DDCEDEB63BA413D395F22FD28BB75DF,0,0,,,,,,no,
MISCBN,0,MISC,,2020,,no,,data/Items.bif,0x00100473,1C2B4E7D216CCD65CAF7AE7AAE5098B8A03F20402A6BFA0A36492F3615034A37,0,0,,,,,,no,
MISCBO,0,MISC,,2020,,no,,data/Items.bif,0x00100474,9D655EA9C74B15FED4713AFD3B3A9EC3C388F1FBE09E301500077984D924F616,0,0,,,,,,no,
MISCBP,0,MISC,,2020,,no,,data/Items.bif,0x00100475,D32DF79663B44D6DE80B6C6CBC6910F2F25FF295CD6BF692F9EBA8FC96F66ED9,0,0,,,,,,no,
MISCBQ,0,MISC,,2020,,no,,data/Items.bif,0x00100476,F446B8B217DBEAC1BFFE307371E91373C05AB00916AC8814D82CD13B2B55D17F,0,0,,,,,,no,
MISCBR,0,MISC,,2020,,no,,data/Items.bif,0x00100477,DE860852AF228825A4DA501CF5A5EBB8692B2B78050E8B6EF8757F2FF2AB86E0,0,0,,,,,,no,
MISCBS,0,MISC,,2020,,no,,data/Items.bif,0x00100478,DB07F9DC0E4429F566AFFD09210013D71B8BFEEFFDE14732C8E1A8191568C340,0,0,,,,,,no,
MISCBT,0,MISC,,2020,,no,,data/Items.bif,0x00100479,9D09D4E98E16B8DFC6CBD9BED915B0CB4F5BF1A4E4B1965EEC6A6DFEAD955107,0,0,,,,,,no,
MISCBU,0,MISC,,2020,,no,,data/Items.bif,0x0010047A,2724EF77A1C680B81A34BAB652A4EBA162A723A28E86DE015E3F5A21818C5C48,0,0,,,,,,no,
MISCBV,0,MISC,,2020,,no,,data/Items.bif,0x0010047B,0D73FD94FDEF240A6CC5890FF590F39B362623EBD1D34A5017C7662C15B29ABC,0,0,,,,,,no,
MISCBW,11,SCROLL,,2020,,no,,data/Items.bif,0x0010047C,83B4E360FE8519B356ADFEBF2FA9FAB82FE9DBC48925DC70558795C08654F440,0,0,,,,,,no,
MISCBX,11,SCROLL,,2020,,no,,data/Items.bif,0x0010047D,1D5A04051EA64A2E4DBA93D825D311EA6CA90ACF0B3F965CFFDDDAC7BC7DFEF0,0,0,,,,,,no,
MISCBY,0,MISC,,2020,,no,,data/Items.bif,0x0010047E,AE40033182854B4C7F38AC18C42E1385B70F443519DFC8192458C0750F8497C5,0,0,,,,,,no,
MISCBZ,11,SCROLL,,2020,,no,,data/Items.bif,0x0010047F,5D561887B14F7080566D91D1526B5B4ACBCAB7481E7C7F13841EB9932A71F778,0,0,,,,,,no,
MISCCA,11,SCROLL,,2020,,no,,data/Items.bif,0x00100480,0DFE1723125B80DAC205F9B5660237DAFF06A7DE0A29E05953884EE8DA9EAB03,0,0,,,,,,no,
MISCCB,0,MISC,,2020,,no,,data/25Items.bif,0x08400111,4948E8FBAB09565D1FD15C13A4BAB920FDBD2DABC32EC50A3FA92F551FFE12D3,0,0,,,,,,no,
MISCCC,37,BROKEN2,,2020,,no,,data/Items.bif,0x00100481,1B815B6EF692396C9F9282F425E08B45A23BF0DC3AEC4DAA4FD0DCED70B932F9,0,0,,,,,,no,
MISLEAD,10,RING,,2020,,no,,data/Items.bif,0x00100482,FC447F5BF38B2FCB0AFBBC4746FB3FC8953C638D79D1E6AC3978868DCC9EC73A,0,0,,,,,,no,
MISTCD,0,MISC,,2020,,no,,data/Items.bif,0x00100483,4F7AD415C4E36F4D2CC974BBB57E4B10648073D1E4E25D6FD8A6BBC71BD9A8DA,0,0,,,,,,no,
MISTHO,0,MISC,,2020,,no,,data/Items.bif,0x00100484,D9BB6513FF1B53985FDD47E158E2A2A47B3B9A4C025D6030DA5BF58637663386,0,0,,,,,,no,
MISTICE,0,MISC,,2020,,no,,data/25Items.bif,0x08400112,F05B6F41D2D35A0CC66593F2D5D99A02854C62CA6C7F2503FBEE7D8E4C115B63,0,0,,,,,,no,
MISTPO,0,MISC,,2020,,no,,data/Items.bif,0x00100485,3A30E769A77B2E0D91EC9F7FEBBC8E8CB99135D1112BC8F61FD42A32AC51D17A,0,0,,,,,,no,
MISTVA,0,MISC,,2020,,no,,data/Items.bif,0x00100486,C950018DB93723F7DD8AF761BFAF4906DC73D37CD9F7DCFC9067DE4081EE2F22,0,0,,,,,,no,
MISTVA2,0,MISC,,2020,,no,,data/25Items.bif,0x08400113,C801EA1ECA9C4B4180177BEB82A803199A824C7C886DDE75734A66649B771330,0,0,,,,,,no,
MISTWA,0,MISC,,2020,,no,,data/Items.bif,0x00100487,2024ED5765C97AB7CBD989BF4A76C90400E5EF8D4424820CB33FC0F4203CCA1B,0,0,,,,,,no,
MONHP01,1,AMULET,,2020,,no,,data/Items.bif,0x00100488,840BB0A20009C1886BA53B13D7FD687F0E2E07BD225F5C1B0F50AB757AE353AD,0,0,,,,,,no,
MONHP1,1,AMULET,,2020,,no,,data/Items.bif,0x00100489,C93A7D665755EFF11C150E996C79A9DFC2383372BCEA5678FAFD3DFBAE09DFA0,0,0,,,,,,no,
MONHP20,1,AMULET,,2020,,no,,data/25Items.bif,0x08400114,507171FB583532610D09688F527230D4A6D0BD93403F99785609BC5B9DC985A3,0,0,,,,,,no,
MONHP80,1,AMULET,,2020,,no,,data/25Items.bif,0x08400115,6C37C3366D529F4E6EBB3666663B9322A9053DE58BBF46C9EF3E8173BBA6B784,0,0,,,,,,no,
MORSWORD,20,BGSWORD,weapon,5331,S1,yes,,data/Items.bif,0x0010048A,0241176B48926FB97666A52BA67C8A5C3D63C2BCAAC349BDB4ED121F0FED9730,78,78,0x5000;0x5001;0x5002;0x5003;0x5010;0x5011;0x5012;0x5013;0x5100;0x5101;0x5102;0x5103;0x5110;0x5111;0x5112;0x5113;0x5200;0x5201;0x5202;0x5210;0x5211;0x5212;0x5300;0x5301;0x5302;0x5303;0x5310;0x5311;0x5312;0x5313;0x6000;0x6001;0x6002;0x6003;0x6004;0x6005;0x6010;0x6011;0x6012;0x6013;0x6014;0x6015;0x6100;0x6101;0x6102;0x6103;0x6104;0x6105;0x6110;0x6111;0x6112;0x6113;0x6114;0x6115;0x6200;0x6201;0x6202;0x6204;0x6205;0x6210;0x6211;0x6212;0x6214;0x6215;0x6300;0x6301;0x6302;0x6303;0x6304;0x6305;0x6310;0x6311;0x6312;0x6313;0x6314;0x6315;0x6500;0x6510,WQLS1;WQMS1;WQNS1;WQSS1,WQLS1;WQMS1;WQNS1;WQSS1,,WQLS1;WQMS1;WQNS1;WQSS1,no,
MOUND,0,MISC,,2020,,no,,data/25Items.bif,0x08400116,76F79BCE7A5871291EFEB81DBE573E5D228D86EA5D662E21D8E2D066844E9ED9,0,0,,,,,,no,
MOVE7,4,BOOT,,2020,,no,,data/Items.bif,0x0010048B,74A67F7B99E864DC0F62C5254CA9E8D7692C562C1F98B2D29A270E9397540718,0,0,,,,,,no,
MOVRAT10,10,RING,,2020,,no,,data/Items.bif,0x0010048C,61189D9FB56DDF3219F3672C43E4819B36AAED4AC9911B90E93B06A2B8EA4C1E,0,0,,,,,,no,
MUMGREW,0,MISC,,2020,,no,,data/Items.bif,0x0010048D,68E16B4B6BD5188F512F441C8FE781253912D99B5F5B267B5B85D17A5AA8E347,0,0,,,,,,no,
MUMMYW,0,MISC,,2020,,no,,data/Items.bif,0x0010048E,FA922D0B70FBAF9B2592EEC1BD5B77F8D441EDEC75AE74A260F1AF207ABFD36F,0,0,,,,,,no,
MYBOLT,15,BOW,weapon,4257,BW,yes,,data/Items.bif,0x0010048F,8F376BE12CBEB56167C5500D5A690BC0FBA1A2F16F796A7314BD65F27B2D1240,78,78,0x5000;0x5001;0x5002;0x5003;0x5010;0x5011;0x5012;0x5013;0x5100;0x5101;0x5102;0x5103;0x5110;0x5111;0x5112;0x5113;0x5200;0x5201;0x5202;0x5210;0x5211;0x5212;0x5300;0x5301;0x5302;0x5303;0x5310;0x5311;0x5312;0x5313;0x6000;0x6001;0x6002;0x6003;0x6004;0x6005;0x6010;0x6011;0x6012;0x6013;0x6014;0x6015;0x6100;0x6101;0x6102;0x6103;0x6104;0x6105;0x6110;0x6111;0x6112;0x6113;0x6114;0x6115;0x6200;0x6201;0x6202;0x6204;0x6205;0x6210;0x6211;0x6212;0x6214;0x6215;0x6300;0x6301;0x6302;0x6303;0x6304;0x6305;0x6310;0x6311;0x6312;0x6313;0x6314;0x6315;0x6500;0x6510,WQLBW;WQMBW;WQNBW;WQSBW,WQLBW;WQMBW;WQNBW;WQSBW,,WQLBW;WQMBW;WQNBW;WQSBW,no,
NEBDAG,16,DAGGER,weapon,4444,DD,yes,,data/Items.bif,0x00100490,0669C855318CEA5D5C2B16FD78DE3305741027CEBE322F8083A79F153B70638B,78,78,0x5000;0x5001;0x5002;0x5003;0x5010;0x5011;0x5012;0x5013;0x5100;0x5101;0x5102;0x5103;0x5110;0x5111;0x5112;0x5113;0x5200;0x5201;0x5202;0x5210;0x5211;0x5212;0x5300;0x5301;0x5302;0x5303;0x5310;0x5311;0x5312;0x5313;0x6000;0x6001;0x6002;0x6003;0x6004;0x6005;0x6010;0x6011;0x6012;0x6013;0x6014;0x6015;0x6100;0x6101;0x6102;0x6103;0x6104;0x6105;0x6110;0x6111;0x6112;0x6113;0x6114;0x6115;0x6200;0x6201;0x6202;0x6204;0x6205;0x6210;0x6211;0x6212;0x6214;0x6215;0x6300;0x6301;0x6302;0x6303;0x6304;0x6305;0x6310;0x6311;0x6312;0x6313;0x6314;0x6315;0x6500;0x6510,WQLDD;WQMDD;WQNDD;WQSDD,WQLDD;WQMDD;WQNDD;WQSDD,,WQLDD;WQMDD;WQNDD;WQSDD,no,
NEBELT01,3,BELT,,0000,,no,,data/ee.bif,0x0B500043,7D9D17BFFFD1E007716FAAF6361C524DE2A41896F6C824BF9CFCA2726060CC74,0,0,,,,,,no,
NEIRED,28,FIST,weapon,2020,,no,,data/Items.bif,0x00100491,7C4DADA90BAD337F0B3AB49B073503F2E4A754A18CA4D901BC2AD1856A2E4544,0,0,,,,,,no,no-compatible-character-family;visual-animation-code-invalid
NISHRUU,28,FIST,weapon,2020,,no,,data/Items.bif,0x00100492,7BFF31521462E848D1DCB2D21D0034498D1614D6F8991CDC768BE1BEA74435FF,0,0,,,,,,no,no-compatible-character-family;visual-animation-code-invalid
NOCIRC,10,RING,,2020,,no,,data/Items.bif,0x00100493,5017EC4E7F3F9C6CEED3A72289276C93EC48D32B9D9091A94FD57D9CD8F32456,0,0,,,,,,no,
NOFEAR,10,RING,,2020,,no,,data/Items.bif,0x00100494,CC3B44880D9B67146B92B4C7D8BE329313B17186C65B2FDD5E002BB53EB9A08C,0,0,,,,,,no,
NPARM,2,ARMOR,body,3241,2A,yes,2,data/Items.bif,0x00100495,6FB212D7A4484DA550DE46691905C5C8AD314AFF9DB9A36D440A255B03246F09,76,76,0x5000;0x5001;0x5002;0x5003;0x5010;0x5011;0x5012;0x5013;0x5100;0x5101;0x5102;0x5103;0x5110;0x5111;0x5112;0x5113;0x5200;0x5201;0x5202;0x5210;0x5211;0x5212;0x5300;0x5301;0x5302;0x5303;0x5310;0x5311;0x5312;0x5313;0x6000;0x6001;0x6002;0x6003;0x6004;0x6005;0x6010;0x6011;0x6012;0x6013;0x6014;0x6015;0x6100;0x6101;0x6102;0x6103;0x6104;0x6105;0x6110;0x6111;0x6112;0x6113;0x6114;0x6115;0x6200;0x6201;0x6202;0x6204;0x6205;0x6210;0x6211;0x6212;0x6214;0x6215;0x6300;0x6301;0x6302;0x6303;0x6304;0x6305;0x6310;0x6311;0x6312;0x6313;0x6314;0x6315,CDFB2;CDFT2;CDFW2;CDMB2;CDMT2;CDMW2;CEFB2;CEFT2;CEFW2;CEMB2;CEMT2;CEMW2;CHFB2;CHFT2;CHFW2;CHMB2;CHMT2;CHMW2;CIFB2;CIFT2;CIMB2;CIMT2,CDFB2;CDFT2;CDFW2;CDMB2;CDMT2;CDMW2;CEFB2;CEFT2;CEFW2;CEMB2;CEMT2;CEMW2;CHFB2;CHFT2;CHFW2;CHMB2;CHMT2;CHMW2;CIFB2;CIFT2;CIMB2;CIMT2,,CDFB2;CDFT2;CDFW2;CDMB2;CDMT2;CDMW2;CEFB2;CEFT2;CEFW2;CEMB2;CEMT2;CEMW2;CHFB2;CHFT2;CHFW2;CHMB2;CHMT2;CHMW2;CIFB2;CIFT2;CIMB2;CIMT2,no,
NPBOW,15,BOW,weapon,4253,BS,yes,,data/Items.bif,0x00100496,6F4293094332FE4B133D5D84EBE0AA55340901AAADE342FBD73672A4AAD7C753,78,78,0x5000;0x5001;0x5002;0x5003;0x5010;0x5011;0x5012;0x5013;0x5100;0x5101;0x5102;0x5103;0x5110;0x5111;0x5112;0x5113;0x5200;0x5201;0x5202;0x5210;0x5211;0x5212;0x5300;0x5301;0x5302;0x5303;0x5310;0x5311;0x5312;0x5313;0x6000;0x6001;0x6002;0x6003;0x6004;0x6005;0x6010;0x6011;0x6012;0x6013;0x6014;0x6015;0x6100;0x6101;0x6102;0x6103;0x6104;0x6105;0x6110;0x6111;0x6112;0x6113;0x6114;0x6115;0x6200;0x6201;0x6202;0x6204;0x6205;0x6210;0x6211;0x6212;0x6214;0x6215;0x6300;0x6301;0x6302;0x6303;0x6304;0x6305;0x6310;0x6311;0x6312;0x6313;0x6314;0x6315;0x6500;0x6510,WQLBS;WQMBS;WQNBS;WQSBS,WQLBS;WQMBS;WQNBS;WQSBS,,WQLBS;WQMBS;WQNBS;WQSBS,no,
NPCHAN,2,ARMOR,body,3241,2A,yes,2,data/Items.bif,0x00100497,33C7848F12B639F5A745B987A36BAD195EA0D888E1AEC15448883E81E1FAAE46,76,76,0x5000;0x5001;0x5002;0x5003;0x5010;0x5011;0x5012;0x5013;0x5100;0x5101;0x5102;0x5103;0x5110;0x5111;0x5112;0x5113;0x5200;0x5201;0x5202;0x5210;0x5211;0x5212;0x5300;0x5301;0x5302;0x5303;0x5310;0x5311;0x5312;0x5313;0x6000;0x6001;0x6002;0x6003;0x6004;0x6005;0x6010;0x6011;0x6012;0x6013;0x6014;0x6015;0x6100;0x6101;0x6102;0x6103;0x6104;0x6105;0x6110;0x6111;0x6112;0x6113;0x6114;0x6115;0x6200;0x6201;0x6202;0x6204;0x6205;0x6210;0x6211;0x6212;0x6214;0x6215;0x6300;0x6301;0x6302;0x6303;0x6304;0x6305;0x6310;0x6311;0x6312;0x6313;0x6314;0x6315,CDFB2;CDFT2;CDFW2;CDMB2;CDMT2;CDMW2;CEFB2;CEFT2;CEFW2;CEMB2;CEMT2;CEMW2;CHFB2;CHFT2;CHFW2;CHMB2;CHMT2;CHMW2;CIFB2;CIFT2;CIMB2;CIMT2,CDFB2;CDFT2;CDFW2;CDMB2;CDMT2;CDMW2;CEFB2;CEFT2;CEFW2;CEMB2;CEMT2;CEMW2;CHFB2;CHFT2;CHFW2;CHMB2;CHMT2;CHMW2;CIFB2;CIFT2;CIMB2;CIMT2,,CDFB2;CDFT2;CDFW2;CDMB2;CDMT2;CDMW2;CEFB2;CEFT2;CEFW2;CEMB2;CEMT2;CEMW2;CHFB2;CHFT2;CHFW2;CHMB2;CHMT2;CHMW2;CIFB2;CIFT2;CIMB2;CIMT2,no,
NPCLCK,32,CLOAK,,0000,,no,,data/Items.bif,0x00100498,C8CAF4D5030D7A0B01BABBB93A9FAB5EDFC2575838E86F21E515480C2015158A,0,0,,,,,,no,
NPMISC1,7,HELMET,helmet,2020,,no,,data/Items.bif,0x00100499,7ABD65E86336A0E23B2187BEE87779E1E157C98EDBACB3F68D28C3438A1E3814,0,0,,,,,,no,no-compatible-character-family;visual-animation-code-invalid
NPMISC2,6,BRACER,,2020,,no,,data/Items.bif,0x0010049A,EE75C7167EF76BB3D7872B435702DF896A19485D6D0BA2A24A3459102D14BA48,0,0,,,,,,no,
NPPLAT,2,ARMOR,body,3441,4A,yes,4,data/Items.bif,0x0010049B,9DE7166A3D18BA4C5CCD791E19C26B5451911963F0928BE141F38255DC3E45DD,76,76,0x5000;0x5001;0x5002;0x5003;0x5010;0x5011;0x5012;0x5013;0x5100;0x5101;0x5102;0x5103;0x5110;0x5111;0x5112;0x5113;0x5200;0x5201;0x5202;0x5210;0x5211;0x5212;0x5300;0x5301;0x5302;0x5303;0x5310;0x5311;0x5312;0x5313;0x6000;0x6001;0x6002;0x6003;0x6004;0x6005;0x6010;0x6011;0x6012;0x6013;0x6014;0x6015;0x6100;0x6101;0x6102;0x6103;0x6104;0x6105;0x6110;0x6111;0x6112;0x6113;0x6114;0x6115;0x6200;0x6201;0x6202;0x6204;0x6205;0x6210;0x6211;0x6212;0x6214;0x6215;0x6300;0x6301;0x6302;0x6303;0x6304;0x6305;0x6310;0x6311;0x6312;0x6313;0x6314;0x6315,CDFC4;CDFF4;CDFT4;CDFW4;CDMC4;CDMF4;CDMT4;CDMW4;CEFC4;CEFF4;CEFT4;CEFW4;CEMC4;CEMF4;CEMT4;CEMW4;CHFC4;CHFF4;CHFT4;CHFW4;CHMC4;CHMF4;CHMT4;CHMW4;CIFC4;CIFF4;CIFT4;CIMC4;CIMF4;CIMT4,CDFC4;CDFF4;CDFT4;CDFW4;CDMC4;CDMF4;CDMT4;CDMW4;CEFC4;CEFF4;CEFT4;CEFW4;CEMC4;CEMF4;CEMT4;CEMW4;CHFC4;CHFF4;CHFT4;CHFW4;CHMC4;CHMF4;CHMT4;CHMW4;CIFC4;CIFF4;CIFT4;CIMC4;CIMF4;CIMT4,,CDFC4;CDFF4;CDFT4;CDFW4;CDMC4;CDMF4;CDMT4;CDMW4;CEFC4;CEFF4;CEFT4;CEFW4;CEMC4;CEMF4;CEMT4;CEMW4;CHFC4;CHFF4;CHFT4;CHFW4;CHMC4;CHMF4;CHMT4;CHMW4;CIFC4;CIFF4;CIFT4;CIMC4;CIMF4;CIMT4,no,
NPRING01,10,RING,,2020,,no,,data/Items.bif,0x0010049C,C8535131977822056CFAAF8F7BB70163DF08C5096D450EB274FE135422A589C2,0,0,,,,,,no,
NPSHLD,12,SHIELD,shield,4333,C3,yes,,data/Items.bif,0x0010049D,D1E39B2D8E2EA847363DC1624161A6B08D0E954E97AAB13377FCF0B4C8FA3108,78,78,0x5000;0x5001;0x5002;0x5003;0x5010;0x5011;0x5012;0x5013;0x5100;0x5101;0x5102;0x5103;0x5110;0x5111;0x5112;0x5113;0x5200;0x5201;0x5202;0x5210;0x5211;0x5212;0x5300;0x5301;0x5302;0x5303;0x5310;0x5311;0x5312;0x5313;0x6000;0x6001;0x6002;0x6003;0x6004;0x6005;0x6010;0x6011;0x6012;0x6013;0x6014;0x6015;0x6100;0x6101;0x6102;0x6103;0x6104;0x6105;0x6110;0x6111;0x6112;0x6113;0x6114;0x6115;0x6200;0x6201;0x6202;0x6204;0x6205;0x6210;0x6211;0x6212;0x6214;0x6215;0x6300;0x6301;0x6302;0x6303;0x6304;0x6305;0x6310;0x6311;0x6312;0x6313;0x6314;0x6315;0x6500;0x6510,WQHC3;WQLC3;WQMC3;WQNC3;WQSC3,WQLC3;WQMC3;WQNC3;WQSC3,WQHC3,WQLC3;WQMC3;WQNC3;WQSC3,no,
NPSTAF,26,STAFF,weapon,5153,QS,yes,,data/Items.bif,0x0010049E,BA28F7BEFAF139A3F3129EE86B56372FFC035708C66B90F52FC1B5686EB73DDC,78,78,0x5000;0x5001;0x5002;0x5003;0x5010;0x5011;0x5012;0x5013;0x5100;0x5101;0x5102;0x5103;0x5110;0x5111;0x5112;0x5113;0x5200;0x5201;0x5202;0x5210;0x5211;0x5212;0x5300;0x5301;0x5302;0x5303;0x5310;0x5311;0x5312;0x5313;0x6000;0x6001;0x6002;0x6003;0x6004;0x6005;0x6010;0x6011;0x6012;0x6013;0x6014;0x6015;0x6100;0x6101;0x6102;0x6103;0x6104;0x6105;0x6110;0x6111;0x6112;0x6113;0x6114;0x6115;0x6200;0x6201;0x6202;0x6204;0x6205;0x6210;0x6211;0x6212;0x6214;0x6215;0x6300;0x6301;0x6302;0x6303;0x6304;0x6305;0x6310;0x6311;0x6312;0x6313;0x6314;0x6315;0x6500;0x6510,WQLQS;WQMQS;WQNQS;WQSQS,WQLQS;WQMQS;WQNQS;WQSQS,,WQLQS;WQMQS;WQNQS;WQSQS,no,
NPSW01,19,SMSWORD,weapon,5353,SS,yes,,data/Items.bif,0x0010049F,68909FDF69CA8FA4D2B92F584639EC3A3B2B46B293EFF8348AD88FCA489533AF,78,78,0x5000;0x5001;0x5002;0x5003;0x5010;0x5011;0x5012;0x5013;0x5100;0x5101;0x5102;0x5103;0x5110;0x5111;0x5112;0x5113;0x5200;0x5201;0x5202;0x5210;0x5211;0x5212;0x5300;0x5301;0x5302;0x5303;0x5310;0x5311;0x5312;0x5313;0x6000;0x6001;0x6002;0x6003;0x6004;0x6005;0x6010;0x6011;0x6012;0x6013;0x6014;0x6015;0x6100;0x6101;0x6102;0x6103;0x6104;0x6105;0x6110;0x6111;0x6112;0x6113;0x6114;0x6115;0x6200;0x6201;0x6202;0x6204;0x6205;0x6210;0x6211;0x6212;0x6214;0x6215;0x6300;0x6301;0x6302;0x6303;0x6304;0x6305;0x6310;0x6311;0x6312;0x6313;0x6314;0x6315;0x6500;0x6510,WQLSS;WQMSS;WQNSS;WQSSS,WQLSS;WQMSS;WQNSS;WQSSS,,WQLSS;WQMSS;WQNSS;WQSSS,no,
NPSW02,20,BGSWORD,weapon,5333,S3,yes,,data/Items.bif,0x001004A0,2459B5EA611C03133E4AEE22AA2A20F1687801A26CDDF67F31358F260A4F3FB8,78,78,0x5000;0x5001;0x5002;0x5003;0x5010;0x5011;0x5012;0x5013;0x5100;0x5101;0x5102;0x5103;0x5110;0x5111;0x5112;0x5113;0x5200;0x5201;0x5202;0x5210;0x5211;0x5212;0x5300;0x5301;0x5302;0x5303;0x5310;0x5311;0x5312;0x5313;0x6000;0x6001;0x6002;0x6003;0x6004;0x6005;0x6010;0x6011;0x6012;0x6013;0x6014;0x6015;0x6100;0x6101;0x6102;0x6103;0x6104;0x6105;0x6110;0x6111;0x6112;0x6113;0x6114;0x6115;0x6200;0x6201;0x6202;0x6204;0x6205;0x6210;0x6211;0x6212;0x6214;0x6215;0x6300;0x6301;0x6302;0x6303;0x6304;0x6305;0x6310;0x6311;0x6312;0x6313;0x6314;0x6315;0x6500;0x6510,WQLS3;WQMS3;WQNS3;WQSS3,WQLS3;WQMS3;WQNS3;WQSS3,,WQLS3;WQMS3;WQNS3;WQSS3,no,
NPSW03,20,BGSWORD,weapon,5332,S2,yes,,data/Items.bif,0x001004A1,204A440DCC360A78D9B3FBA57B2332634F2FEC4B382E12EFA40BE0607E013E19,78,78,0x5000;0x5001;0x5002;0x5003;0x5010;0x5011;0x5012;0x5013;0x5100;0x5101;0x5102;0x5103;0x5110;0x5111;0x5112;0x5113;0x5200;0x5201;0x5202;0x5210;0x5211;0x5212;0x5300;0x5301;0x5302;0x5303;0x5310;0x5311;0x5312;0x5313;0x6000;0x6001;0x6002;0x6003;0x6004;0x6005;0x6010;0x6011;0x6012;0x6013;0x6014;0x6015;0x6100;0x6101;0x6102;0x6103;0x6104;0x6105;0x6110;0x6111;0x6112;0x6113;0x6114;0x6115;0x6200;0x6201;0x6202;0x6204;0x6205;0x6210;0x6211;0x6212;0x6214;0x6215;0x6300;0x6301;0x6302;0x6303;0x6304;0x6305;0x6310;0x6311;0x6312;0x6313;0x6314;0x6315;0x6500;0x6510,WQLS2;WQMS2;WQNS2;WQSS2,WQLS2;WQMS2;WQNS2;WQSS2,,WQLS2;WQMS2;WQNS2;WQSS2,no,
NPSW04,20,BGSWORD,weapon,5333,S3,yes,,data/Items.bif,0x001004A2,589135E1EFDE4CF2B32B5716449C0E17D5AD7AB105BFE879B392A6E3E0A6FC6D,78,78,0x5000;0x5001;0x5002;0x5003;0x5010;0x5011;0x5012;0x5013;0x5100;0x5101;0x5102;0x5103;0x5110;0x5111;0x5112;0x5113;0x5200;0x5201;0x5202;0x5210;0x5211;0x5212;0x5300;0x5301;0x5302;0x5303;0x5310;0x5311;0x5312;0x5313;0x6000;0x6001;0x6002;0x6003;0x6004;0x6005;0x6010;0x6011;0x6012;0x6013;0x6014;0x6015;0x6100;0x6101;0x6102;0x6103;0x6104;0x6105;0x6110;0x6111;0x6112;0x6113;0x6114;0x6115;0x6200;0x6201;0x6202;0x6204;0x6205;0x6210;0x6211;0x6212;0x6214;0x6215;0x6300;0x6301;0x6302;0x6303;0x6304;0x6305;0x6310;0x6311;0x6312;0x6313;0x6314;0x6315;0x6500;0x6510,WQLS3;WQMS3;WQNS3;WQSS3,WQLS3;WQMS3;WQNS3;WQSS3,,WQLS3;WQMS3;WQNS3;WQSS3,no,
NPSW05,19,SMSWORD,weapon,5353,SS,yes,,data/Items.bif,0x001004A3,564A60E8BAE8B81C7BC26D3CE7F56BB269FF7690EAE9615CBE7A0EB30542AA26,78,78,0x5000;0x5001;0x5002;0x5003;0x5010;0x5011;0x5012;0x5013;0x5100;0x5101;0x5102;0x5103;0x5110;0x5111;0x5112;0x5113;0x5200;0x5201;0x5202;0x5210;0x5211;0x5212;0x5300;0x5301;0x5302;0x5303;0x5310;0x5311;0x5312;0x5313;0x6000;0x6001;0x6002;0x6003;0x6004;0x6005;0x6010;0x6011;0x6012;0x6013;0x6014;0x6015;0x6100;0x6101;0x6102;0x6103;0x6104;0x6105;0x6110;0x6111;0x6112;0x6113;0x6114;0x6115;0x6200;0x6201;0x6202;0x6204;0x6205;0x6210;0x6211;0x6212;0x6214;0x6215;0x6300;0x6301;0x6302;0x6303;0x6304;0x6305;0x6310;0x6311;0x6312;0x6313;0x6314;0x6315;0x6500;0x6510,WQLSS;WQMSS;WQNSS;WQSSS,WQLSS;WQMSS;WQNSS;WQSSS,,WQLSS;WQMSS;WQNSS;WQSSS,no,
NPSW06,19,SMSWORD,weapon,4632,F2,yes,,data/Items.bif,0x001004A4,E965E339AED4011D6A21234C7CEAFB120D10FB8B2E7D89D9DA7D5665FE9F5644,78,78,0x5000;0x5001;0x5002;0x5003;0x5010;0x5011;0x5012;0x5013;0x5100;0x5101;0x5102;0x5103;0x5110;0x5111;0x5112;0x5113;0x5200;0x5201;0x5202;0x5210;0x5211;0x5212;0x5300;0x5301;0x5302;0x5303;0x5310;0x5311;0x5312;0x5313;0x6000;0x6001;0x6002;0x6003;0x6004;0x6005;0x6010;0x6011;0x6012;0x6013;0x6014;0x6015;0x6100;0x6101;0x6102;0x6103;0x6104;0x6105;0x6110;0x6111;0x6112;0x6113;0x6114;0x6115;0x6200;0x6201;0x6202;0x6204;0x6205;0x6210;0x6211;0x6212;0x6214;0x6215;0x6300;0x6301;0x6302;0x6303;0x6304;0x6305;0x6310;0x6311;0x6312;0x6313;0x6314;0x6315;0x6500;0x6510,WQLF2;WQMF2;WQNF2;WQSF2,WQLF2;WQMF2;WQNF2;WQSF2,,WQLF2;WQMF2;WQNF2;WQSF2,no,
OBJRING,10,RING,,2020,,no,,data/Items.bif,0x001004A5,C90F1250CD44177F3B0016D04FBE810A80643D8F13964CF88CD356EFA2479422,0,0,,,,,,no,
OGRE,0,MISC,,2020,,no,,data/Items.bif,0x001004A6,AC5F0BFC50D22A0FCFB79F074DC7E0AFBE44AD2DAAE239D9216C4B01836B3E39,0,0,,,,,,no,
OGRE1,22,MSTAR,weapon,2020,,no,,data/Items.bif,0x001004A7,43421015EC09CC7983EBD8D18EA6129B68432B15C25AE6BFDBD35B1EF1645DC2,0,0,,,,,,no,no-compatible-character-family;visual-animation-code-invalid
OHAROW50,5,ARROW,,0000,,no,,data/ee.bif,0x0B500062,99599C8F4590989943353092C878C52A3B607315A7173857556D0B6889617C84,0,0,,,,,,no,
OHBBLUN1,17,MACE,weapon,434C,CL,yes,,data/BlackPits.bif,0x00F005F9,B8F7D4C5EEF243A8EF9298217C34F4B25B392984B474A341C945082FE36E0778,78,78,0x5000;0x5001;0x5002;0x5003;0x5010;0x5011;0x5012;0x5013;0x5100;0x5101;0x5102;0x5103;0x5110;0x5111;0x5112;0x5113;0x5200;0x5201;0x5202;0x5210;0x5211;0x5212;0x5300;0x5301;0x5302;0x5303;0x5310;0x5311;0x5312;0x5313;0x6000;0x6001;0x6002;0x6003;0x6004;0x6005;0x6010;0x6011;0x6012;0x6013;0x6014;0x6015;0x6100;0x6101;0x6102;0x6103;0x6104;0x6105;0x6110;0x6111;0x6112;0x6113;0x6114;0x6115;0x6200;0x6201;0x6202;0x6204;0x6205;0x6210;0x6211;0x6212;0x6214;0x6215;0x6300;0x6301;0x6302;0x6303;0x6304;0x6305;0x6310;0x6311;0x6312;0x6313;0x6314;0x6315;0x6500;0x6510,WQLCL;WQMCL;WQNCL;WQSCL,WQLCL;WQMCL;WQNCL;WQSCL,,WQLCL;WQMCL;WQNCL;WQSCL,no,
OHBBOOK1,37,BROKEN2,,0000,,no,,data/BlackPits.bif,0x00F005FA,F997392CB35CA7B0F234C9ACBE999A9B71518DE79936AF1705352C643C25A2AA,0,0,,,,,,no,
OHBBOOK2,37,BROKEN2,,0000,,no,,data/BlackPits.bif,0x00F005FB,F4D577805D2062762321A64388D60F4CE01626A0FA8488AC2E079DA5EA540F46,0,0,,,,,,no,
OHBBOOK3,37,BROKEN2,,2020,,no,,data/BlackPits.bif,0x00F005FC,83703758CED4FF9E7516FB52807B18A2148668F2015F890622501C788A3EE32B,0,0,,,,,,no,
OHBBOOK4,37,BROKEN2,,2020,,no,,data/BlackPits.bif,0x00F005FD,52BDDA5F822129ABCF254E45028F7BDF94E6B7672591F99B1653EBD9FB4884FE,0,0,,,,,,no,
OHBBOOK5,37,BROKEN2,,2020,,no,,data/BlackPits.bif,0x00F005FE,F53CA1CCED2396EEA29A9F94F33164B62E0316CF98F0B60342A83BEA754CD5C9,0,0,,,,,,no,
OHBBOOK6,37,BROKEN2,,2020,,no,,data/BlackPits.bif,0x00F005FF,67200CB157DF26E11F3C1906F7F5F1DF9E3264A2E696444A9D90C807DF8B1C89,0,0,,,,,,no,
OHBBRAC1,6,BRACER,,0000,,no,,data/BlackPits.bif,0x00F00600,ADAC1838EEB35AD20342EF8DFA34ABA6E0AC105DEE4566B91582DC6854F9826A,0,0,,,,,,no,
OHBBRVGR,0,MISC,,0000,,no,,data/BlackPits.bif,0x00F00608,ABC47EDE212E40BC651340DA2681C1F8361D7C0B57435EEEBDCC528895DE7D96,0,0,,,,,,no,
OHBBSLAY,0,MISC,,0000,,no,,data/BlackPits.bif,0x00F0060A,DE1648575BDB692FFA2078A83694F4B5BE3FA00345627DFF582DE7FF0B009F0A,0,0,,,,,,no,
OHBCLCK1,32,CLOAK,,0000,,no,,data/BlackPits.bif,0x00F00611,FAEFF3B15EF71BA64C485BCCBB830FF267B86930C00B34A0CE66260E16B9C029,0,0,,,,,,no,
OHBCOM01,0,MISC,,2020,,no,,data/BlackPits.bif,0x00F00614,43885B80A59C2240D81020B81DDF71852F065009B88A136B625E1E3333103AAC,0,0,,,,,,no,
OHBCOM02,0,MISC,,0000,,no,,data/BlackPits.bif,0x00F00615,D6D13680F457ED0C51F372EA2A9E7D80038D36A01CB292A03D7C308E9469B2F8,0,0,,,,,,no,
OHBCOM03,0,MISC,,0000,,no,,data/BlackPits.bif,0x00F00617,3F5291B182FCB09A8376D2A814846C7BB32B4C208F404140F188B18E19CDEA01,0,0,,,,,,no,
OHBCOM04,0,MISC,,0000,,no,,data/BlackPits.bif,0x00F00618,4A5234EE7818F84D7A503586F7B2CD633B3A73AD31971CE4048738E0394D30AD,0,0,,,,,,no,
OHBCOM05,0,MISC,,2020,,no,,data/BlackPits.bif,0x00F0061A,6D5496EA9597DF0C7068E72C5F466E01E75C315A406C32537DD993801E449A5D,0,0,,,,,,no,
OHBCOM06,0,MISC,,2020,,no,,data/BlackPits.bif,0x00F0061B,050C75F525BC60FFE83329CCAF03FB483C7C16DBBFE4F0BF53AFA09128035C17,0,0,,,,,,no,
OHBCOM07,0,MISC,,2020,,no,,data/BlackPits.bif,0x00F0061D,D8FEBBE99A62FA85E6A4C83DDBB8946ECD66B1A9BC32968E11966D64D6A7BA18,0,0,,,,,,no,
OHBCOM08,0,MISC,,2020,,no,,data/BlackPits.bif,0x00F0061E,C1FAB70F2E0FA984B66584C55B49647E627507846B1E43182D2644EBE68ACE96,0,0,,,,,,no,
OHBCOM09,0,MISC,,2020,,no,,data/BlackPits.bif,0x00F0061F,EA54F8171824632ABF7B0CFC5DB295B2E48444C52DC2B2AC8C3183CC51995342,0,0,,,,,,no,
OHBCOM10,0,MISC,,0000,,no,,data/BlackPits.bif,0x00F00620,80FC65B234DE9A2DA24BF62E96ECB0BDBACF7342959F9FC66949C2FAA3334BE7,0,0,,,,,,no,
OHBCOM11,0,MISC,,2020,,no,,data/BlackPits.bif,0x00F00621,CEB18E19D46DE73108E222E80779281D37F01E5DA0D7D2594AF833D0631E7498,0,0,,,,,,no,
OHBCOM12,0,MISC,,0000,,no,,data/BlackPits.bif,0x00F00622,94F67C3D13E8B5BC2DF4CCCE92F9D65FA38B6F67A6889516D14758ED5887C0DF,0,0,,,,,,no,
OHBDAGG1,16,DAGGER,weapon,4444,DD,yes,,data/BlackPits.bif,0x00F00659,209B7EC719FE2E30A47B3B2AE33EB15F514730C124727B0838BF2CFD1FC20A12,78,78,0x5000;0x5001;0x5002;0x5003;0x5010;0x5011;0x5012;0x5013;0x5100;0x5101;0x5102;0x5103;0x5110;0x5111;0x5112;0x5113;0x5200;0x5201;0x5202;0x5210;0x5211;0x5212;0x5300;0x5301;0x5302;0x5303;0x5310;0x5311;0x5312;0x5313;0x6000;0x6001;0x6002;0x6003;0x6004;0x6005;0x6010;0x6011;0x6012;0x6013;0x6014;0x6015;0x6100;0x6101;0x6102;0x6103;0x6104;0x6105;0x6110;0x6111;0x6112;0x6113;0x6114;0x6115;0x6200;0x6201;0x6202;0x6204;0x6205;0x6210;0x6211;0x6212;0x6214;0x6215;0x6300;0x6301;0x6302;0x6303;0x6304;0x6305;0x6310;0x6311;0x6312;0x6313;0x6314;0x6315;0x6500;0x6510,WQLDD;WQMDD;WQNDD;WQSDD,WQLDD;WQMDD;WQNDD;WQSDD,,WQLDD;WQMDD;WQNDD;WQSDD,no,
OHBDCORN,0,MISC,,0000,,no,,data/BlackPits.bif,0x00F00660,BDDB41556912C2EC1054FC089152C24CDD642E420978DBE958E42BCF94B5F700,0,0,,,,,,no,
OHBDEVA,17,MACE,weapon,5331,S1,yes,,data/BlackPits.bif,0x00F0067A,194D1A85D2BF907BBB89AD4FDF6A6483B3C611089DF33A4E579F01654F502069,78,78,0x5000;0x5001;0x5002;0x5003;0x5010;0x5011;0x5012;0x5013;0x5100;0x5101;0x5102;0x5103;0x5110;0x5111;0x5112;0x5113;0x5200;0x5201;0x5202;0x5210;0x5211;0x5212;0x5300;0x5301;0x5302;0x5303;0x5310;0x5311;0x5312;0x5313;0x6000;0x6001;0x6002;0x6003;0x6004;0x6005;0x6010;0x6011;0x6012;0x6013;0x6014;0x6015;0x6100;0x6101;0x6102;0x6103;0x6104;0x6105;0x6110;0x6111;0x6112;0x6113;0x6114;0x6115;0x6200;0x6201;0x6202;0x6204;0x6205;0x6210;0x6211;0x6212;0x6214;0x6215;0x6300;0x6301;0x6302;0x6303;0x6304;0x6305;0x6310;0x6311;0x6312;0x6313;0x6314;0x6315;0x6500;0x6510,WQLS1;WQMS1;WQNS1;WQSS1,WQLS1;WQMS1;WQNS1;WQSS1,,WQLS1;WQMS1;WQNS1;WQSS1,no,
OHBDEVA1,26,STAFF,weapon,5331,S1,yes,,data/BlackPits.bif,0x00F0067B,3B4249C87715C08FACDA1207EE0653FC478260BF28DDD21997C0A499FBD7B0B4,78,78,0x5000;0x5001;0x5002;0x5003;0x5010;0x5011;0x5012;0x5013;0x5100;0x5101;0x5102;0x5103;0x5110;0x5111;0x5112;0x5113;0x5200;0x5201;0x5202;0x5210;0x5211;0x5212;0x5300;0x5301;0x5302;0x5303;0x5310;0x5311;0x5312;0x5313;0x6000;0x6001;0x6002;0x6003;0x6004;0x6005;0x6010;0x6011;0x6012;0x6013;0x6014;0x6015;0x6100;0x6101;0x6102;0x6103;0x6104;0x6105;0x6110;0x6111;0x6112;0x6113;0x6114;0x6115;0x6200;0x6201;0x6202;0x6204;0x6205;0x6210;0x6211;0x6212;0x6214;0x6215;0x6300;0x6301;0x6302;0x6303;0x6304;0x6305;0x6310;0x6311;0x6312;0x6313;0x6314;0x6315;0x6500;0x6510,WQLS1;WQMS1;WQNS1;WQSS1,WQLS1;WQMS1;WQNS1;WQSS1,,WQLS1;WQMS1;WQNS1;WQSS1,no,
OHBDGELU,0,MISC,,0000,,no,,data/BlackPits.bif,0x00F0067F,B44B611DB7E5367AAA6204594943A0B9680830F70118BC043E43E9EDC98AD12C,0,0,,,,,,no,
OHBDORMA,20,BGSWORD,weapon,5343,SC,yes,,data/BlackPits.bif,0x00F0068A,239590F856570E20649C1024E2E2F540D6F5AE1AFF352D31008F80026AA26031,78,78,0x5000;0x5001;0x5002;0x5003;0x5010;0x5011;0x5012;0x5013;0x5100;0x5101;0x5102;0x5103;0x5110;0x5111;0x5112;0x5113;0x5200;0x5201;0x5202;0x5210;0x5211;0x5212;0x5300;0x5301;0x5302;0x5303;0x5310;0x5311;0x5312;0x5313;0x6000;0x6001;0x6002;0x6003;0x6004;0x6005;0x6010;0x6011;0x6012;0x6013;0x6014;0x6015;0x6100;0x6101;0x6102;0x6103;0x6104;0x6105;0x6110;0x6111;0x6112;0x6113;0x6114;0x6115;0x6200;0x6201;0x6202;0x6204;0x6205;0x6210;0x6211;0x6212;0x6214;0x6215;0x6300;0x6301;0x6302;0x6303;0x6304;0x6305;0x6310;0x6311;0x6312;0x6313;0x6314;0x6315;0x6500;0x6510,WQLSC;WQMSC;WQNSC;WQSSC,WQLSC;WQMSC;WQNSC;WQSSC,,WQLSC;WQMSC;WQNSC;WQSSC,no,
OHBDPITF,0,MISC,,0000,,no,,data/BlackPits.bif,0x00F0068B,941DDDE387AADA11246601138D0B9F826F8785EDD5263C054DCD1958D8C8CEC5,0,0,,,,,,no,
OHBDRAG1,0,MISC,,0000,,no,,data/BlackPits.bif,0x00F0068F,0869E5BDE0E29F3A5AED19FF3F531172202CCF1F9394155193E023E0482379C3,0,0,,,,,,no,
OHBDRAKE,0,MISC,,0000,,no,,data/BlackPits.bif,0x00F00695,385E7C2C03225FA916991BA0108D2210CD9F2D2E7605FD7BA983A4898D26E62C,0,0,,,,,,no,
OHBDRKRG,10,RING,,0000,,no,,data/BlackPits.bif,0x00F00698,F18FE4A71D8C03B0C336F2F502C34713B6DC0944AC25BD16E3F98779AF38FF02,0,0,,,,,,no,
OHBDTRAI,10,RING,,0000,,no,,data/BlackPits.bif,0x00F0069F,493D9C8A5EB61BA2076D74ED24F9C66EAADF640F60B895D44F21463F7C2D960D,0,0,,,,,,no,
OHBETRAI,7,HELMET,helmet,0000,,no,,data/BlackPits.bif,0x00F006BB,0C15B471F38B99DED927375C98DC1044DC5605E3C2A5681584606214D2D41AAC,0,0,,,,,,no,no-compatible-character-family;visual-animation-code-invalid
OHBEWWEI,0,MISC,,0000,,no,,data/BlackPits.bif,0x00F006BE,F48D87542141D51EB05267048650227F95039E77D307C6AF24F5AE0305F09B55,0,0,,,,,,no,
OHBGASIM,10,RING,,0000,,no,,data/BlackPits.bif,0x00F006D2,FC000518E393AACAB18ADB5824512F9EFE768A95AEE1412D15012B51C43FB7E8,0,0,,,,,,no,
OHBGLOV1,6,BRACER,,0000,,no,,data/BlackPits.bif,0x00F006EF,9C7AE9C992A956073A126C0E321CFF3DB5C16E300B6E5C7CC16BE0BC98A5AEA1,0,0,,,,,,no,
OHBGOL01,0,MISC,,0000,,no,,data/BlackPits.bif,0x00F006F2,63F51B6E020F6322EAA20C774D3B96AF96F14834F199209AF978DCADAB869506,0,0,,,,,,no,
OHBGOLAD,0,MISC,,0000,,no,,data/BlackPits.bif,0x00F006F5,AFD71F5156E5541F44190EF1FB6A268AF3C024052AF80A3D0D585E87EE1BE3F8,0,0,,,,,,no,
OHBKEY01,8,KEY,,2020,,no,,data/BlackPits.bif,0x00F0071F,72EA9C7F0272F19ED72D1EAC010C634E48CB55203A26F7FA6B0DDC90D548251E,0,0,,,,,,no,
OHBKEY02,8,KEY,,2020,,no,,data/BlackPits.bif,0x00F00720,F9E4B03B6D49F438A0ACA6413A8D5AF249353C660E266DF53A811B59878AA3FE,0,0,,,,,,no,
OHBKEY03,8,KEY,,2020,,no,,data/BlackPits.bif,0x00F00721,682337FEBB796BCE52B38FD44D502F73790066E2939ECE43B37C9D791AE146A2,0,0,,,,,,no,
OHBKEY05,8,KEY,,0000,,no,,data/BlackPits.bif,0x00F00722,ADCC40ECE9B54202FCD659B3D01660C9A7EDE441BAC15C959F763F3ABE19B9C1,0,0,,,,,,no,
OHBLUN50,17,MACE,weapon,434C,CL,yes,,data/BlackPits.bif,0x00F00742,1E90D52C4F91AB4B47BB1B1EC6D20A10691C25D14F0F7A91063529E9D16A63D4,78,78,0x5000;0x5001;0x5002;0x5003;0x5010;0x5011;0x5012;0x5013;0x5100;0x5101;0x5102;0x5103;0x5110;0x5111;0x5112;0x5113;0x5200;0x5201;0x5202;0x5210;0x5211;0x5212;0x5300;0x5301;0x5302;0x5303;0x5310;0x5311;0x5312;0x5313;0x6000;0x6001;0x6002;0x6003;0x6004;0x6005;0x6010;0x6011;0x6012;0x6013;0x6014;0x6015;0x6100;0x6101;0x6102;0x6103;0x6104;0x6105;0x6110;0x6111;0x6112;0x6113;0x6114;0x6115;0x6200;0x6201;0x6202;0x6204;0x6205;0x6210;0x6211;0x6212;0x6214;0x6215;0x6300;0x6301;0x6302;0x6303;0x6304;0x6305;0x6310;0x6311;0x6312;0x6313;0x6314;0x6315;0x6500;0x6510,WQLCL;WQMCL;WQNCL;WQSCL,WQLCL;WQMCL;WQNCL;WQSCL,,WQLCL;WQMCL;WQNCL;WQSCL,no,
OHBLUN51,17,MACE,weapon,434C,CL,yes,,data/BlackPits.bif,0x00F00743,DA4954D7203631CDD7F855796C99D2BE828AE0ABBADBC2FF8AF9AE41563A3110,78,78,0x5000;0x5001;0x5002;0x5003;0x5010;0x5011;0x5012;0x5013;0x5100;0x5101;0x5102;0x5103;0x5110;0x5111;0x5112;0x5113;0x5200;0x5201;0x5202;0x5210;0x5211;0x5212;0x5300;0x5301;0x5302;0x5303;0x5310;0x5311;0x5312;0x5313;0x6000;0x6001;0x6002;0x6003;0x6004;0x6005;0x6010;0x6011;0x6012;0x6013;0x6014;0x6015;0x6100;0x6101;0x6102;0x6103;0x6104;0x6105;0x6110;0x6111;0x6112;0x6113;0x6114;0x6115;0x6200;0x6201;0x6202;0x6204;0x6205;0x6210;0x6211;0x6212;0x6214;0x6215;0x6300;0x6301;0x6302;0x6303;0x6304;0x6305;0x6310;0x6311;0x6312;0x6313;0x6314;0x6315;0x6500;0x6510,WQLCL;WQMCL;WQNCL;WQSCL,WQLCL;WQMCL;WQNCL;WQSCL,,WQLCL;WQMCL;WQNCL;WQSCL,no,
OHBNAJIM,20,BGSWORD,weapon,5343,SC,yes,,data/BlackPits.bif,0x00F0077A,A5A5C2D338325EFFC48A8B5335A875B46EBCE43A0E5EA539C380F31BE4BA5617,78,78,0x5000;0x5001;0x5002;0x5003;0x5010;0x5011;0x5012;0x5013;0x5100;0x5101;0x5102;0x5103;0x5110;0x5111;0x5112;0x5113;0x5200;0x5201;0x5202;0x5210;0x5211;0x5212;0x5300;0x5301;0x5302;0x5303;0x5310;0x5311;0x5312;0x5313;0x6000;0x6001;0x6002;0x6003;0x6004;0x6005;0x6010;0x6011;0x6012;0x6013;0x6014;0x6015;0x6100;0x6101;0x6102;0x6103;0x6104;0x6105;0x6110;0x6111;0x6112;0x6113;0x6114;0x6115;0x6200;0x6201;0x6202;0x6204;0x6205;0x6210;0x6211;0x6212;0x6214;0x6215;0x6300;0x6301;0x6302;0x6303;0x6304;0x6305;0x6310;0x6311;0x6312;0x6313;0x6314;0x6315;0x6500;0x6510,WQLSC;WQMSC;WQNSC;WQSSC,WQLSC;WQMSC;WQNSC;WQSSC,,WQLSC;WQMSC;WQNSC;WQSSC,no,
OHBNOSHU,2,ARMOR,body,0000,,no,,data/BlackPits.bif,0x00F00784,70C6775C0510B6CA8512A3563DAE05B0E205456B2FDEDAF1351C4907F95C3305,0,0,,,,,,no,no-compatible-character-family;visual-animation-code-invalid
OHBOLT50,31,BOLT,,0000,,no,,data/BlackPits.bif,0x00F00788,06E89734452820B2D25DCDF775C552AA7105ED77DC626CA44501A80F2297D097,0,0,,,,,,no,
OHBPTN01,9,POTION,,0000,,no,,data/BlackPits.bif,0x00F0079E,59F64777B08F45FFA516E21C3611AD6BDDD29C1C788E5664D84C23772693EC1C,0,0,,,,,,no,
OHBPTN02,0,MISC,,2020,,no,,data/BlackPits.bif,0x00F0079F,208558C91B4BA407E8F96EA7ECEAA0A06AC3C55DC0A153E81567130669A0EF15,0,0,,,,,,no,
OHBPTN03,9,POTION,,2020,,no,,data/BlackPits.bif,0x00F007A1,30A8F17DDA1607CEA3AB22FB6E6DC3878A08754B7F502C3FA9955FB9BEC54585,0,0,,,,,,no,
OHBPTN04,9,POTION,,0000,,no,,data/BlackPits.bif,0x00F007A2,F6B7EE06A31DD1349D3C1C8A3F85DB5C413BEF4CA0C1AC6227FB00D0EE74F19C,0,0,,,,,,no,
OHBPTN05,9,POTION,,0000,,no,,data/BlackPits.bif,0x00F007A4,196C47BC3959623D374F1D52684F3EDE657F49D92F3073E25C67B794169C6A64,0,0,,,,,,no,
OHBPTN06,9,POTION,,0000,,no,,data/BlackPits.bif,0x00F007A6,E5B619313C1595C1FABDACF1C5E443B660117F7A86F4E008261DAB54F81E218A,0,0,,,,,,no,
OHBPTN07,9,POTION,,0000,,no,,data/BlackPits.bif,0x00F007A8,DF1C6D5FDDF9D1C51447D2AECF404FA41FE1719573CE1BB52FAD99040A201D96,0,0,,,,,,no,
OHBPTN08,9,POTION,,2020,,no,,data/BlackPits.bif,0x00F007A9,35510E35FFFF552D0F3059B6CCA0A7594E1A35AC9ADAE1804C7A63E5305FC2EE,0,0,,,,,,no,
OHBPTN09,9,POTION,,0000,,no,,data/BlackPits.bif,0x00F007AA,3D1DAA0334BA36C0B057DEE08116962971ADC59F5E015CC3315B9AD8EC67B1AD,0,0,,,,,,no,
OHBPTN10,9,POTION,,2020,,no,,data/BlackPits.bif,0x00F007AC,DF714FED2F5940DD01D3E6E47BC3FBAE14EC2F0BA4AEEFDCC50EA90C3CC9971D,0,0,,,,,,no,
OHBPTN11,9,POTION,,0000,,no,,data/BlackPits.bif,0x00F007AD,420FA2E7FF1949EEE758505FFD4A9E7DD8AEC0190DD79D82CC91EE104BEDDD5E,0,0,,,,,,no,
OHBREW01,10,RING,,0000,,no,,data/BlackPits.bif,0x00F007B7,B9BD559985EBBE345010E40AB66F86C2C744A825A3CDA9A76CF33415E1DF714D,0,0,,,,,,no,
OHBREW02,29,SPEAR,weapon,5350,SP,yes,,data/BlackPits.bif,0x00F007B9,AA8EE7F94525A17854BC7E9C3A2A226742A1957D236FF1F623ECBBF5A80DCC18,78,78,0x5000;0x5001;0x5002;0x5003;0x5010;0x5011;0x5012;0x5013;0x5100;0x5101;0x5102;0x5103;0x5110;0x5111;0x5112;0x5113;0x5200;0x5201;0x5202;0x5210;0x5211;0x5212;0x5300;0x5301;0x5302;0x5303;0x5310;0x5311;0x5312;0x5313;0x6000;0x6001;0x6002;0x6003;0x6004;0x6005;0x6010;0x6011;0x6012;0x6013;0x6014;0x6015;0x6100;0x6101;0x6102;0x6103;0x6104;0x6105;0x6110;0x6111;0x6112;0x6113;0x6114;0x6115;0x6200;0x6201;0x6202;0x6204;0x6205;0x6210;0x6211;0x6212;0x6214;0x6215;0x6300;0x6301;0x6302;0x6303;0x6304;0x6305;0x6310;0x6311;0x6312;0x6313;0x6314;0x6315;0x6500;0x6510,WQLSP;WQMSP;WQNSP;WQSSP,WQLSP;WQMSP;WQNSP;WQSSP,,WQLSP;WQMSP;WQNSP;WQSSP,no,
OHBREW03,35,WAND,,0000,,no,,data/BlackPits.bif,0x00F007BA,4B1F64814256FFDA292FBD6E41D1FC6CC230736F64EF25836E58A2654C56DF45,0,0,,,,,,no,
OHBREW04,9,POTION,,0000,,no,,data/BlackPits.bif,0x00F007BC,A2F40D084F06A09743BBDEB90D3D2FC615A59EB656911DA53F2ABECE4EE8F163,0,0,,,,,,no,
OHBREW05,19,SMSWORD,weapon,5353,SS,yes,,data/BlackPits.bif,0x00F007BE,91793A9B1DC72AF06700BB225A2C18F147752BC0EAD74141C9C1392C48781624,78,78,0x5000;0x5001;0x5002;0x5003;0x5010;0x5011;0x5012;0x5013;0x5100;0x5101;0x5102;0x5103;0x5110;0x5111;0x5112;0x5113;0x5200;0x5201;0x5202;0x5210;0x5211;0x5212;0x5300;0x5301;0x5302;0x5303;0x5310;0x5311;0x5312;0x5313;0x6000;0x6001;0x6002;0x6003;0x6004;0x6005;0x6010;0x6011;0x6012;0x6013;0x6014;0x6015;0x6100;0x6101;0x6102;0x6103;0x6104;0x6105;0x6110;0x6111;0x6112;0x6113;0x6114;0x6115;0x6200;0x6201;0x6202;0x6204;0x6205;0x6210;0x6211;0x6212;0x6214;0x6215;0x6300;0x6301;0x6302;0x6303;0x6304;0x6305;0x6310;0x6311;0x6312;0x6313;0x6314;0x6315;0x6500;0x6510,WQLSS;WQMSS;WQNSS;WQSSS,WQLSS;WQMSS;WQNSS;WQSSS,,WQLSS;WQMSS;WQNSS;WQSSS,no,
OHBREW06,0,MISC,,0000,,no,,data/BlackPits.bif,0x00F007C0,FDF1A5FD85A1BFACF4B13650310D427A8F68F1135A6998F6D1ED99689C6F386D,0,0,,,,,,no,
OHBRING1,10,RING,,0000,,no,,data/BlackPits.bif,0x00F007C4,856C2D1A6A2D0E9D39AB36784DBF4B3FF46EF369C25576240BF0B1D2BB12994D,0,0,,,,,,no,
OHBRING2,10,RING,,0000,,no,,data/BlackPits.bif,0x00F007C5,99B72FC66C29002F3F73E573C619A615E81140FA7AF9BB2E737F07853B3AE8DC,0,0,,,,,,no,
OHBSCRL,11,SCROLL,,0000,,no,,data/BlackPits.bif,0x00F007CB,1465063ED338071A59BCA6CF2401723E36576B5C8DED2821ACCC28449272CC08,0,0,,,,,,no,
OHBSCRL2,11,SCROLL,,0000,,no,,data/BlackPits.bif,0x00F007CC,298E74EB33B88F43B691500203EEBF577B3B4AA6114BFF43058792C6B450665E,0,0,,,,,,no,
OHBSCRL3,11,SCROLL,,0000,,no,,data/Patch25.bif,0x0100002B,7A068706D965B264E2437BDDA87D4607981A579FBB2C070041BA917E378DB356,0,0,,,,,,no,
OHBSHLD1,12,SHIELD,shield,4337,C7,yes,,data/BlackPits.bif,0x00F007D0,467E94F6A57EC08816E8818DE60BADDCF4EF30B6F2EDE91CA86550C3BF3A3541,78,78,0x5000;0x5001;0x5002;0x5003;0x5010;0x5011;0x5012;0x5013;0x5100;0x5101;0x5102;0x5103;0x5110;0x5111;0x5112;0x5113;0x5200;0x5201;0x5202;0x5210;0x5211;0x5212;0x5300;0x5301;0x5302;0x5303;0x5310;0x5311;0x5312;0x5313;0x6000;0x6001;0x6002;0x6003;0x6004;0x6005;0x6010;0x6011;0x6012;0x6013;0x6014;0x6015;0x6100;0x6101;0x6102;0x6103;0x6104;0x6105;0x6110;0x6111;0x6112;0x6113;0x6114;0x6115;0x6200;0x6201;0x6202;0x6204;0x6205;0x6210;0x6211;0x6212;0x6214;0x6215;0x6300;0x6301;0x6302;0x6303;0x6304;0x6305;0x6310;0x6311;0x6312;0x6313;0x6314;0x6315;0x6500;0x6510,WQHC7;WQLC7;WQMC7;WQNC7;WQSC7,WQLC7;WQMC7;WQNC7;WQSC7,WQHC7,WQLC7;WQMC7;WQNC7;WQSC7,no,
OHBSTAF1,26,STAFF,weapon,5133,Q3,yes,,data/BlackPits.bif,0x00F007DB,022B9EE817809953E587B7DAB378A8B31DA7577F8534E61A695E02BC5F655108,78,78,0x5000;0x5001;0x5002;0x5003;0x5010;0x5011;0x5012;0x5013;0x5100;0x5101;0x5102;0x5103;0x5110;0x5111;0x5112;0x5113;0x5200;0x5201;0x5202;0x5210;0x5211;0x5212;0x5300;0x5301;0x5302;0x5303;0x5310;0x5311;0x5312;0x5313;0x6000;0x6001;0x6002;0x6003;0x6004;0x6005;0x6010;0x6011;0x6012;0x6013;0x6014;0x6015;0x6100;0x6101;0x6102;0x6103;0x6104;0x6105;0x6110;0x6111;0x6112;0x6113;0x6114;0x6115;0x6200;0x6201;0x6202;0x6204;0x6205;0x6210;0x6211;0x6212;0x6214;0x6215;0x6300;0x6301;0x6302;0x6303;0x6304;0x6305;0x6310;0x6311;0x6312;0x6313;0x6314;0x6315;0x6500;0x6510,WQLQ3;WQMQ3;WQNQ3;WQSQ3,WQLQ3;WQMQ3;WQNQ3;WQSQ3,,WQLQ3;WQMQ3;WQNQ3;WQSQ3,no,
OHBWING,20,BGSWORD,weapon,5331,S1,yes,,data/BlackPits.bif,0x00F00829,C9594E10155EE0581842B14620ED77832618C13DF56E2ECC1E1624CBF7F1A06A,78,78,0x5000;0x5001;0x5002;0x5003;0x5010;0x5011;0x5012;0x5013;0x5100;0x5101;0x5102;0x5103;0x5110;0x5111;0x5112;0x5113;0x5200;0x5201;0x5202;0x5210;0x5211;0x5212;0x5300;0x5301;0x5302;0x5303;0x5310;0x5311;0x5312;0x5313;0x6000;0x6001;0x6002;0x6003;0x6004;0x6005;0x6010;0x6011;0x6012;0x6013;0x6014;0x6015;0x6100;0x6101;0x6102;0x6103;0x6104;0x6105;0x6110;0x6111;0x6112;0x6113;0x6114;0x6115;0x6200;0x6201;0x6202;0x6204;0x6205;0x6210;0x6211;0x6212;0x6214;0x6215;0x6300;0x6301;0x6302;0x6303;0x6304;0x6305;0x6310;0x6311;0x6312;0x6313;0x6314;0x6315;0x6500;0x6510,WQLS1;WQMS1;WQNS1;WQSS1,WQLS1;WQMS1;WQNS1;WQSS1,,WQLS1;WQMS1;WQNS1;WQSS1,no,
OHBWING2,20,BGSWORD,weapon,5331,S1,yes,,data/BlackPits.bif,0x00F0082D,3EE4373C1BF48B9B1C391AA88EAE53A37D1089EC1BEF8C1EC3E4DAA156B62909,78,78,0x5000;0x5001;0x5002;0x5003;0x5010;0x5011;0x5012;0x5013;0x5100;0x5101;0x5102;0x5103;0x5110;0x5111;0x5112;0x5113;0x5200;0x5201;0x5202;0x5210;0x5211;0x5212;0x5300;0x5301;0x5302;0x5303;0x5310;0x5311;0x5312;0x5313;0x6000;0x6001;0x6002;0x6003;0x6004;0x6005;0x6010;0x6011;0x6012;0x6013;0x6014;0x6015;0x6100;0x6101;0x6102;0x6103;0x6104;0x6105;0x6110;0x6111;0x6112;0x6113;0x6114;0x6115;0x6200;0x6201;0x6202;0x6204;0x6205;0x6210;0x6211;0x6212;0x6214;0x6215;0x6300;0x6301;0x6302;0x6303;0x6304;0x6305;0x6310;0x6311;0x6312;0x6313;0x6314;0x6315;0x6500;0x6510,WQLS1;WQMS1;WQNS1;WQSS1,WQLS1;WQMS1;WQNS1;WQSS1,,WQLS1;WQMS1;WQNS1;WQSS1,no,
OHCHAN50,2,ARMOR,body,3341,3A,yes,3,data/BlackPits.bif,0x00F00843,69DA860CBFF6ACE8BAD27812344544F9692B47057949ECE767942F8868501627,76,76,0x5000;0x5001;0x5002;0x5003;0x5010;0x5011;0x5012;0x5013;0x5100;0x5101;0x5102;0x5103;0x5110;0x5111;0x5112;0x5113;0x5200;0x5201;0x5202;0x5210;0x5211;0x5212;0x5300;0x5301;0x5302;0x5303;0x5310;0x5311;0x5312;0x5313;0x6000;0x6001;0x6002;0x6003;0x6004;0x6005;0x6010;0x6011;0x6012;0x6013;0x6014;0x6015;0x6100;0x6101;0x6102;0x6103;0x6104;0x6105;0x6110;0x6111;0x6112;0x6113;0x6114;0x6115;0x6200;0x6201;0x6202;0x6204;0x6205;0x6210;0x6211;0x6212;0x6214;0x6215;0x6300;0x6301;0x6302;0x6303;0x6304;0x6305;0x6310;0x6311;0x6312;0x6313;0x6314;0x6315,CDFB3;CDFT3;CDFW3;CDMB3;CDMT3;CDMW3;CEFB3;CEFT3;CEFW3;CEMB3;CEMT3;CEMW3;CHFB3;CHFT3;CHFW3;CHMB3;CHMT3;CHMW3;CIFB3;CIFT3;CIMB3;CIMT3,CDFB3;CDFT3;CDFW3;CDMB3;CDMT3;CDMW3;CEFB3;CEFT3;CEFW3;CEMB3;CEMT3;CEMW3;CHFB3;CHFT3;CHFW3;CHMB3;CHMT3;CHMW3;CIFB3;CIFT3;CIMB3;CIMT3,,CDFB3;CDFT3;CDFW3;CDMB3;CDMT3;CDMW3;CEFB3;CEFT3;CEFW3;CEMB3;CEMT3;CEMW3;CHFB3;CHFT3;CHFW3;CHMB3;CHMT3;CHMW3;CIFB3;CIFT3;CIMB3;CIMT3,no,
OHDACOR2,0,MISC,,0000,,no,,data/Dorn.bif,0x0B70066F,DD108ECCB61D2D5E21E1AA6D71C5BEDF132768B4526AC9D3496352682445D0DE,0,0,,,,,,no,
OHDACORN,0,MISC,,0000,,no,,data/Dorn.bif,0x0B700670,1BAAFC8FF4444C7C21B964EDED6BFD4E25098C66AE1BE977C15D8380A285C05F,0,0,,,,,,no,
OHDAPPLE,13,FOOD,,0000,,no,,data/Dorn.bif,0x0B700679,BA0AFE9AEE86A33634826AAEB1AC4CCA230FACA65808ADEE4754AF959AFFE42B,0,0,,,,,,no,
OHDARMOR,2,ARMOR,body,3441,4A,yes,4,data/Dorn.bif,0x0B70067A,99414D3465D61E939C647127961C71F4D2D4DDF1EEBC5B4B8DE679A12E9578D2,76,76,0x5000;0x5001;0x5002;0x5003;0x5010;0x5011;0x5012;0x5013;0x5100;0x5101;0x5102;0x5103;0x5110;0x5111;0x5112;0x5113;0x5200;0x5201;0x5202;0x5210;0x5211;0x5212;0x5300;0x5301;0x5302;0x5303;0x5310;0x5311;0x5312;0x5313;0x6000;0x6001;0x6002;0x6003;0x6004;0x6005;0x6010;0x6011;0x6012;0x6013;0x6014;0x6015;0x6100;0x6101;0x6102;0x6103;0x6104;0x6105;0x6110;0x6111;0x6112;0x6113;0x6114;0x6115;0x6200;0x6201;0x6202;0x6204;0x6205;0x6210;0x6211;0x6212;0x6214;0x6215;0x6300;0x6301;0x6302;0x6303;0x6304;0x6305;0x6310;0x6311;0x6312;0x6313;0x6314;0x6315,CDFC4;CDFF4;CDFT4;CDFW4;CDMC4;CDMF4;CDMT4;CDMW4;CEFC4;CEFF4;CEFT4;CEFW4;CEMC4;CEMF4;CEMT4;CEMW4;CHFC4;CHFF4;CHFT4;CHFW4;CHMC4;CHMF4;CHMT4;CHMW4;CIFC4;CIFF4;CIFT4;CIMC4;CIMF4;CIMT4,CDFC4;CDFF4;CDFT4;CDFW4;CDMC4;CDMF4;CDMT4;CDMW4;CEFC4;CEFF4;CEFT4;CEFW4;CEMC4;CEMF4;CEMT4;CEMW4;CHFC4;CHFF4;CHFT4;CHFW4;CHMC4;CHMF4;CHMT4;CHMW4;CIFC4;CIFF4;CIFT4;CIMC4;CIMF4;CIMT4,,CDFC4;CDFF4;CDFT4;CDFW4;CDMC4;CDMF4;CDMT4;CDMW4;CEFC4;CEFF4;CEFT4;CEFW4;CEMC4;CEMF4;CEMT4;CEMW4;CHFC4;CHFF4;CHFT4;CHFW4;CHMC4;CHMF4;CHMT4;CHMW4;CIFC4;CIFF4;CIFT4;CIMC4;CIMF4;CIMT4,no,
OHDART50,24,DART,weapon,0000,,no,,data/BlackPits.bif,0x00F00844,BA1FDEF55C88EE7C12834BE2D689F49CEBAACB60667F98EA982E0626CF3C5660,0,0,,,,,,no,no-compatible-character-family;visual-animation-code-invalid
OHDART51,24,DART,weapon,0000,,no,,data/BlackPits.bif,0x00F00845,46E09DA5FBE61065F25329BCDA257B36CDDEE3E678DA0BD31DF9E2C7DBA914FB,0,0,,,,,,no,no-compatible-character-family;visual-animation-code-invalid
OHDCRYST,34,GEM,,0000,,no,,data/Dorn.bif,0x0B700699,2DC92DA61E68A116EE4948F0B40EA9BF141696141EBF8234785D84365D799232,0,0,,,,,,no,
OHDGOLD,10,RING,,2020,,no,,data/Dorn.bif,0x0B7006C7,6B730954860B7469E178F7FD192AC3934F261B669E00EACE593C55B313BA1809,0,0,,,,,,no,
OHDHSWD,20,BGSWORD,weapon,5331,S1,yes,,data/Dorn.bif,0x0B7006DF,6D842AF9BD53499D0D13F0B02AE3C47CE3997AB3C790369A670B8D0C0140AFF7,78,78,0x5000;0x5001;0x5002;0x5003;0x5010;0x5011;0x5012;0x5013;0x5100;0x5101;0x5102;0x5103;0x5110;0x5111;0x5112;0x5113;0x5200;0x5201;0x5202;0x5210;0x5211;0x5212;0x5300;0x5301;0x5302;0x5303;0x5310;0x5311;0x5312;0x5313;0x6000;0x6001;0x6002;0x6003;0x6004;0x6005;0x6010;0x6011;0x6012;0x6013;0x6014;0x6015;0x6100;0x6101;0x6102;0x6103;0x6104;0x6105;0x6110;0x6111;0x6112;0x6113;0x6114;0x6115;0x6200;0x6201;0x6202;0x6204;0x6205;0x6210;0x6211;0x6212;0x6214;0x6215;0x6300;0x6301;0x6302;0x6303;0x6304;0x6305;0x6310;0x6311;0x6312;0x6313;0x6314;0x6315;0x6500;0x6510,WQLS1;WQMS1;WQNS1;WQSS1,WQLS1;WQMS1;WQNS1;WQSS1,,WQLS1;WQMS1;WQNS1;WQSS1,no,
OHDINK,0,MISC,,0000,,no,,data/Dorn.bif,0x0B7006E0,E9267E725BED3A3E7DDD58206BDD16081FAAAC5237FB1A9C6820F344EE089841,0,0,,,,,,no,
OHDJOUR,0,MISC,,0000,,no,,data/Dorn.bif,0x0B7006E1,858E090895502DA9E2BFBF5D1B53E9081DC3E28640EC02B48E2F11B6E74C6A28,0,0,,,,,,no,
OHDMASK,7,HELMET,helmet,4830,H0,yes,,data/Dorn.bif,0x0B7006E9,77D49BE59C863F26D3984E9152D0B891ECF4F0AE2523E3E841E6942440C88519,78,78,0x5000;0x5001;0x5002;0x5003;0x5010;0x5011;0x5012;0x5013;0x5100;0x5101;0x5102;0x5103;0x5110;0x5111;0x5112;0x5113;0x5200;0x5201;0x5202;0x5210;0x5211;0x5212;0x5300;0x5301;0x5302;0x5303;0x5310;0x5311;0x5312;0x5313;0x6000;0x6001;0x6002;0x6003;0x6004;0x6005;0x6010;0x6011;0x6012;0x6013;0x6014;0x6015;0x6100;0x6101;0x6102;0x6103;0x6104;0x6105;0x6110;0x6111;0x6112;0x6113;0x6114;0x6115;0x6200;0x6201;0x6202;0x6204;0x6205;0x6210;0x6211;0x6212;0x6214;0x6215;0x6300;0x6301;0x6302;0x6303;0x6304;0x6305;0x6310;0x6311;0x6312;0x6313;0x6314;0x6315;0x6500;0x6510,WQLH0;WQMH0;WQNH0;WQSH0,WQLH0;WQMH0;WQNH0;WQSH0,,WQLH0;WQMH0;WQNH0;WQSH0,no,
OHDMHP1,1,AMULET,,2020,,no,,data/Dorn.bif,0x0B7006EB,60B3AA205F73ADCC1E5AC81F00539A63C6A2326A02010B17B266FA2D8807268F,0,0,,,,,,no,
OHDPOTN1,9,POTION,,0000,,no,,data/Dorn.bif,0x0B7006FF,0F70A26D3B18F8B6F1604F2E699FABA02EA6CE9AB32B817E7E1CACE722B01BD6,0,0,,,,,,no,
OHDROD,35,WAND,,0000,,no,,data/Dorn.bif,0x0B70070B,D4D2C7F23EFC96E0803D17DBD916ED2466B9B94046309EF42AEE8D477B48A85E,0,0,,,,,,no,
OHDSCALE,0,MISC,,0000,,no,,data/Dorn.bif,0x0B70070D,4EB17E9CD5F480BF0407732A611AA37BD21D7EC51FC6AA362B709CE365DFEB26,0,0,,,,,,no,
OHDSCRL,11,SCROLL,,2020,,no,,data/Dorn.bif,0x0B70070E,A063A3EE4B903F30CE4582348DE7EC44123D20E7E33974FF9989400C16671BC9,0,0,,,,,,no,
OHDSIGIL,1,AMULET,,0000,,no,,data/Dorn.bif,0x0B700712,02EAE8D0086ECE2BD79B77DBE07C46707E825AA2D6528E02D96C331E12CC34F3,0,0,,,,,,no,
OHDSUMS1,0,MISC,,2020,,no,,data/Dorn.bif,0x0B70071F,A35985E055C18180C59AFACFC2BC32E068517CAAB4F3A549C86DE695E5807689,0,0,,,,,,no,
OHDSUMS2,0,MISC,,2020,,no,,data/Dorn.bif,0x0B700720,E5470A3E1F4CE2245FBB0707D5A17DD5BD664D7D5C497E37A287EAE2C9ED6E60,0,0,,,,,,no,
OHDSUMS3,0,MISC,,2020,,no,,data/Dorn.bif,0x0B700721,F047DD6D3BF946B4358F3EE67B34EF0CE9A4A74FB0DAEB24F4BCB1721A75AEB3,0,0,,,,,,no,
OHDSW03,20,BGSWORD,weapon,4632,F2,yes,,data/Dorn.bif,0x0B700723,CA1C9B01F667B6F4DC5F2B538BF8E36A66EE6275FBA074E1F5CC7FC1C0F2E1C6,78,78,0x5000;0x5001;0x5002;0x5003;0x5010;0x5011;0x5012;0x5013;0x5100;0x5101;0x5102;0x5103;0x5110;0x5111;0x5112;0x5113;0x5200;0x5201;0x5202;0x5210;0x5211;0x5212;0x5300;0x5301;0x5302;0x5303;0x5310;0x5311;0x5312;0x5313;0x6000;0x6001;0x6002;0x6003;0x6004;0x6005;0x6010;0x6011;0x6012;0x6013;0x6014;0x6015;0x6100;0x6101;0x6102;0x6103;0x6104;0x6105;0x6110;0x6111;0x6112;0x6113;0x6114;0x6115;0x6200;0x6201;0x6202;0x6204;0x6205;0x6210;0x6211;0x6212;0x6214;0x6215;0x6300;0x6301;0x6302;0x6303;0x6304;0x6305;0x6310;0x6311;0x6312;0x6313;0x6314;0x6315;0x6500;0x6510,WQLF2;WQMF2;WQNF2;WQSF2,WQLF2;WQMF2;WQNF2;WQSF2,,WQLF2;WQMF2;WQNF2;WQSF2,no,
OHDSW2HA,20,BGSWORD,weapon,5332,S2,yes,,data/Dorn.bif,0x0B700726,0B333A82C3735E10E714B93DE0042E991E3DC953CA62A863017C7FE0BE9A0D5D,78,78,0x5000;0x5001;0x5002;0x5003;0x5010;0x5011;0x5012;0x5013;0x5100;0x5101;0x5102;0x5103;0x5110;0x5111;0x5112;0x5113;0x5200;0x5201;0x5202;0x5210;0x5211;0x5212;0x5300;0x5301;0x5302;0x5303;0x5310;0x5311;0x5312;0x5313;0x6000;0x6001;0x6002;0x6003;0x6004;0x6005;0x6010;0x6011;0x6012;0x6013;0x6014;0x6015;0x6100;0x6101;0x6102;0x6103;0x6104;0x6105;0x6110;0x6111;0x6112;0x6113;0x6114;0x6115;0x6200;0x6201;0x6202;0x6204;0x6205;0x6210;0x6211;0x6212;0x6214;0x6215;0x6300;0x6301;0x6302;0x6303;0x6304;0x6305;0x6310;0x6311;0x6312;0x6313;0x6314;0x6315;0x6500;0x6510,WQLS2;WQMS2;WQNS2;WQSS2,WQLS2;WQMS2;WQNS2;WQSS2,,WQLS2;WQMS2;WQNS2;WQSS2,no,
OHDSW2HB,20,BGSWORD,weapon,5332,S2,yes,,data/Dorn.bif,0x0B700727,8769147042204327340D246400BE826C6E4E54F8743235A90F541C128D242BD0,78,78,0x5000;0x5001;0x5002;0x5003;0x5010;0x5011;0x5012;0x5013;0x5100;0x5101;0x5102;0x5103;0x5110;0x5111;0x5112;0x5113;0x5200;0x5201;0x5202;0x5210;0x5211;0x5212;0x5300;0x5301;0x5302;0x5303;0x5310;0x5311;0x5312;0x5313;0x6000;0x6001;0x6002;0x6003;0x6004;0x6005;0x6010;0x6011;0x6012;0x6013;0x6014;0x6015;0x6100;0x6101;0x6102;0x6103;0x6104;0x6105;0x6110;0x6111;0x6112;0x6113;0x6114;0x6115;0x6200;0x6201;0x6202;0x6204;0x6205;0x6210;0x6211;0x6212;0x6214;0x6215;0x6300;0x6301;0x6302;0x6303;0x6304;0x6305;0x6310;0x6311;0x6312;0x6313;0x6314;0x6315;0x6500;0x6510,WQLS2;WQMS2;WQNS2;WQSS2,WQLS2;WQMS2;WQNS2;WQSS2,,WQLS2;WQMS2;WQNS2;WQSS2,no,
OHDSW2HC,20,BGSWORD,weapon,5332,S2,yes,,data/Dorn.bif,0x0B700728,3CFE8CA9F7588E27B547B29121780A4B880EFF5660795BDB4572121C1F9050C6,78,78,0x5000;0x5001;0x5002;0x5003;0x5010;0x5011;0x5012;0x5013;0x5100;0x5101;0x5102;0x5103;0x5110;0x5111;0x5112;0x5113;0x5200;0x5201;0x5202;0x5210;0x5211;0x5212;0x5300;0x5301;0x5302;0x5303;0x5310;0x5311;0x5312;0x5313;0x6000;0x6001;0x6002;0x6003;0x6004;0x6005;0x6010;0x6011;0x6012;0x6013;0x6014;0x6015;0x6100;0x6101;0x6102;0x6103;0x6104;0x6105;0x6110;0x6111;0x6112;0x6113;0x6114;0x6115;0x6200;0x6201;0x6202;0x6204;0x6205;0x6210;0x6211;0x6212;0x6214;0x6215;0x6300;0x6301;0x6302;0x6303;0x6304;0x6305;0x6310;0x6311;0x6312;0x6313;0x6314;0x6315;0x6500;0x6510,WQLS2;WQMS2;WQNS2;WQSS2,WQLS2;WQMS2;WQNS2;WQSS2,,WQLS2;WQMS2;WQNS2;WQSS2,no,
OHDSW2HD,20,BGSWORD,weapon,5332,S2,yes,,data/Dorn.bif,0x0B700729,CF0EDCCF22BE33388EEA281EC3D8D4712DC91676EB1D273AEB3E081295B6F632,78,78,0x5000;0x5001;0x5002;0x5003;0x5010;0x5011;0x5012;0x5013;0x5100;0x5101;0x5102;0x5103;0x5110;0x5111;0x5112;0x5113;0x5200;0x5201;0x5202;0x5210;0x5211;0x5212;0x5300;0x5301;0x5302;0x5303;0x5310;0x5311;0x5312;0x5313;0x6000;0x6001;0x6002;0x6003;0x6004;0x6005;0x6010;0x6011;0x6012;0x6013;0x6014;0x6015;0x6100;0x6101;0x6102;0x6103;0x6104;0x6105;0x6110;0x6111;0x6112;0x6113;0x6114;0x6115;0x6200;0x6201;0x6202;0x6204;0x6205;0x6210;0x6211;0x6212;0x6214;0x6215;0x6300;0x6301;0x6302;0x6303;0x6304;0x6305;0x6310;0x6311;0x6312;0x6313;0x6314;0x6315;0x6500;0x6510,WQLS2;WQMS2;WQNS2;WQSS2,WQLS2;WQMS2;WQNS2;WQSS2,,WQLS2;WQMS2;WQNS2;WQSS2,no,
OHDWAND1,35,WAND,,0000,,no,,data/Dorn.bif,0x0B700747,BBA8E09274D3BB91E150CBA27C14879658049D89888558940BB60B0AB3827A41,0,0,,,,,,no,
OHHBAG,36,BROKEN1,,0000,,no,,data/Hexxat.bif,0x0B6005F9,DAA01738319A97669EFCABBB73D6C53F8BC3CB9A903E0E0BD8562542DDBAF157,0,0,,,,,,no,
OHHBOOK,0,MISC,,0000,,no,,data/Hexxat.bif,0x0B6005FD,9F35F4787BBF26630D2E5F48F3B1D62C170979E9E5CDA95EBBEDDE48B96A99F1,0,0,,,,,,no,
OHHBOOK2,0,MISC,,0000,,no,,data/Hexxat.bif,0x0B6005FE,E2701ECF3E810D852F3D4382DFA63BA4B37213549E0C82282CCAA0E1D58C4F18,0,0,,,,,,no,
OHHBOOKA,0,MISC,,0000,,no,,data/Hexxat.bif,0x0B6005FF,1F45C884A8FF32DF921777143FD52ED67DC7E8E8E0976C9E7C6DC27E69D5D877,0,0,,,,,,no,
OHHBOOKB,0,MISC,,0000,,no,,data/Hexxat.bif,0x0B600600,B8769E6630B7664425A3AF4ACA20AD066A5DD071636CEB5BC2D8264042EE094F,0,0,,,,,,no,
OHHBOOKC,0,MISC,,0000,,no,,data/Hexxat.bif,0x0B600601,4A2992C157156D72D32F99369084AA517BBADDCCD3FFFD774F103356F4012D47,0,0,,,,,,no,
OHHBOOKD,0,MISC,,0000,,no,,data/Hexxat.bif,0x0B600602,C7C22AB33EE524063CD3F4CED41CEFE22720A17E935189F337E947DB4FD991E9,0,0,,,,,,no,
OHHBOOKE,0,MISC,,0000,,no,,data/Hexxat.bif,0x0B600603,88074CA97DC7B1C890A142F2441A4D09C0FEB57B3E88F6D95A95549C9C5F27AB,0,0,,,,,,no,
OHHBOOKF,0,MISC,,0000,,no,,data/Hexxat.bif,0x0B600604,F19F4766FECD37969816496F96453D8800A3CFBBBBCBAD260E60C1DD72E59338,0,0,,,,,,no,
OHHBOOKG,0,MISC,,0000,,no,,data/Hexxat.bif,0x0B600605,DEE7765DFA9CEE20F46340649E0775BEC817BE60B1D585F2441D8DCE6C15501B,0,0,,,,,,no,
OHHBOOKH,0,MISC,,0000,,no,,data/Hexxat.bif,0x0B600606,E8472223E960C003BADE805226A9B9B8E9BE35C2072F6275FCF184F1CCCB8ADC,0,0,,,,,,no,
OHHCASK,45,,,0000,,no,,data/Hexxat.bif,0x0B600612,2B07A36015AD18E811B34795BBA86DDA84AADEC1C8BF03E34CEC9DDF3F0DA848,0,0,,,,,,no,
OHHCASK2,45,,,0000,,no,,data/Hexxat.bif,0x0B600613,170532C2F158D1A26C50B30A92149246B94CC9B27DF596EAECD258FD36BCDA12,0,0,,,,,,no,
OHHCASQ,0,MISC,,0000,,no,,data/Hexxat.bif,0x0B600614,9510BF44F9497E4F58DCF6AD42E342C6A3C551F888637C10C7D089719D6A5169,0,0,,,,,,no,
OHHCLAW,51,,,0000,,no,,data/Hexxat.bif,0x0B60061A,6E35FC9887C9526090FC5C916E779DD77A4A7E374840A5256BD5A4BA07B7CB98,0,0,,,,,,no,
OHHCLOAK,32,CLOAK,,0000,,no,,data/Hexxat.bif,0x0B60061B,FB63FC3B0AA055BC3D05E552B9146152EEC23A2D76B175B35925B45B8B9CC660,0,0,,,,,,no,
OHHDAG01,16,DAGGER,weapon,4444,DD,yes,,data/Hexxat.bif,0x0B60063E,FB9363CB6734DFC5524609FFD15BE4CCFA37DD86B7EA4BF4975058B75BA10D3D,78,78,0x5000;0x5001;0x5002;0x5003;0x5010;0x5011;0x5012;0x5013;0x5100;0x5101;0x5102;0x5103;0x5110;0x5111;0x5112;0x5113;0x5200;0x5201;0x5202;0x5210;0x5211;0x5212;0x5300;0x5301;0x5302;0x5303;0x5310;0x5311;0x5312;0x5313;0x6000;0x6001;0x6002;0x6003;0x6004;0x6005;0x6010;0x6011;0x6012;0x6013;0x6014;0x6015;0x6100;0x6101;0x6102;0x6103;0x6104;0x6105;0x6110;0x6111;0x6112;0x6113;0x6114;0x6115;0x6200;0x6201;0x6202;0x6204;0x6205;0x6210;0x6211;0x6212;0x6214;0x6215;0x6300;0x6301;0x6302;0x6303;0x6304;0x6305;0x6310;0x6311;0x6312;0x6313;0x6314;0x6315;0x6500;0x6510,WQLDD;WQMDD;WQNDD;WQSDD,WQLDD;WQMDD;WQNDD;WQSDD,,WQLDD;WQMDD;WQNDD;WQSDD,no,
OHHEXAM0,1,AMULET,,0000,,no,,data/Hexxat.bif,0x0B60065A,1136214FC0F7C2401DED40D1E804F255B18CE1B10500C9B71A192E834BADDDE2,0,0,,,,,,no,
OHHEXAM1,1,AMULET,,0000,,no,,data/Hexxat.bif,0x0B60065B,8DB8B58A56D8E5E749F7BA9DD798B525C0B074360BDE1B014070D0C002EE7FC2,0,0,,,,,,no,
OHHEXAM2,1,AMULET,,0000,,no,,data/Hexxat.bif,0x0B60065D,0C8F13DFD5BA148D71F6E93E070DA87981F618307F1B610A1CEA4C2490C5FBA3,0,0,,,,,,no,
OHHEXAM3,1,AMULET,,0000,,no,,data/Hexxat.bif,0x0B60065E,89EB05A5A3E2E3C800392CBAC7229213A56BD5340691F68D1EED7D54A94148D9,0,0,,,,,,no,
OHHEXAM4,1,AMULET,,2020,,no,,data/Hexxat.bif,0x0B60065F,50FFD30614EAD6EFB976B006EB625FD6E4B8991B1DC742B957601847D4FB4E65,0,0,,,,,,no,
OHHEXAM5,1,AMULET,,0000,,no,,data/Hexxat.bif,0x0B600660,0C8F13DFD5BA148D71F6E93E070DA87981F618307F1B610A1CEA4C2490C5FBA3,0,0,,,,,,no,
OHHEXAM9,1,AMULET,,0000,,no,,data/patch13.bif,0x0BC0006E,1136214FC0F7C2401DED40D1E804F255B18CE1B10500C9B71A192E834BADDDE2,0,0,,,,,,no,
OHHGMUM1,0,MISC,,2020,,no,,data/Hexxat.bif,0x0B600694,3E9C4EBEFCF9612D21901AC92BEEDB52521D1CDBB41642588A6CFBFB929CD89D,0,0,,,,,,no,
OHHJOUR,0,MISC,,0000,,no,,data/Hexxat.bif,0x0B6006A6,786FB17CED9D8FE58CD68C3324608B7506BD741F944FCCB954369E1ED6534F35,0,0,,,,,,no,
OHHKEY,8,KEY,,0000,,no,,data/Hexxat.bif,0x0B6006AC,8EFCDAD7F9B88ACDC625A97DC8B27801466E455AF286BD30253C653E4C3EB76B,0,0,,,,,,no,
OHHKORK,32,CLOAK,,0000,,no,,data/Hexxat.bif,0x0B6006B2,479C3FABA1A222E03785C31CCE6F545B147E97AC65B5B9CC09930B52CBB33F74,0,0,,,,,,no,
OHHOIL,0,MISC,,0000,,no,,data/Hexxat.bif,0x0B6006CD,6B8BE55CDE6813BB91217C080D58C43E82BA307DF15ADFBE800896876F13A4D0,0,0,,,,,,no,
OHHONKEY,8,KEY,,0000,,no,,data/Hexxat.bif,0x0B6006CE,9C3C31111702871F98AB0DE0A1C0110FB8DEC1D74E5102694A7F57C206B4C514,0,0,,,,,,no,
OHHPHREY,0,MISC,,5353,SS,yes,,data/Hexxat.bif,0x0B6006D3,5E85860C3A16CF01B1F8A42796E24646AD1C19D79354BE799E2D3C7F6B848654,0,0,,,,,,no,
OHHPRISN,0,MISC,,0000,,no,,data/Hexxat.bif,0x0B6006D9,8A3CC88F933F65237676DB02AF7952B3389F649DECBD12704ECAA96DABEDC4B8,0,0,,,,,,no,
OHHROD,51,,,0000,,no,,data/Hexxat.bif,0x0B6006E4,E3B8E7C0C4AF2866A509559ED76DFE6DB134E682ADB07A1E2AEEB687F68AC420,0,0,,,,,,no,
OHHSCIM,20,BGSWORD,weapon,5343,SC,yes,,data/Hexxat.bif,0x0B6006EA,8C710741B13577001B49DA0DE05AE39D37863C8979A34D3DD3D4F46DDF7BF4EE,78,78,0x5000;0x5001;0x5002;0x5003;0x5010;0x5011;0x5012;0x5013;0x5100;0x5101;0x5102;0x5103;0x5110;0x5111;0x5112;0x5113;0x5200;0x5201;0x5202;0x5210;0x5211;0x5212;0x5300;0x5301;0x5302;0x5303;0x5310;0x5311;0x5312;0x5313;0x6000;0x6001;0x6002;0x6003;0x6004;0x6005;0x6010;0x6011;0x6012;0x6013;0x6014;0x6015;0x6100;0x6101;0x6102;0x6103;0x6104;0x6105;0x6110;0x6111;0x6112;0x6113;0x6114;0x6115;0x6200;0x6201;0x6202;0x6204;0x6205;0x6210;0x6211;0x6212;0x6214;0x6215;0x6300;0x6301;0x6302;0x6303;0x6304;0x6305;0x6310;0x6311;0x6312;0x6313;0x6314;0x6315;0x6500;0x6510,WQLSC;WQMSC;WQNSC;WQSSC,WQLSC;WQMSC;WQNSC;WQSSC,,WQLSC;WQMSC;WQNSC;WQSSC,no,
OHHSHROU,0,MISC,,0000,,no,,data/Hexxat.bif,0x0B6006F0,15D11F1B0C14338F06756A3DD284CB7E35203D42EF11E48F7F4FC5422BC875A2,0,0,,,,,,no,
OHHSILK,0,MISC,,2020,,no,,data/Hexxat.bif,0x0B6006F4,4687BCE4BB39A3F92A56393AF553663CDEF8D94E5A5E7D721261481AA67F9886,0,0,,,,,,no,
OHHSPID1,0,MISC,,2020,,no,,data/Hexxat.bif,0x0B600700,0A1A63903639E44CB4E524C9BE32C907AC4A190BF27C8281F9D8AE7B784FCC2F,0,0,,,,,,no,
OHHSTAT1,0,MISC,,0000,,no,,data/Hexxat.bif,0x0B600705,9FC4D5D116CF41D9304DB074F68C3CA9097AB41805EAE5CED7E3E5DC5AB4A5DA,0,0,,,,,,no,
OHHSTATU,0,MISC,,0000,,no,,data/Hexxat.bif,0x0B600707,DFA35B0C24077DD8EDA863B0BCCDAA5DE50CCC88B7A46152DF9C65BED593A93D,0,0,,,,,,no,
OHHWRSW,20,BGSWORD,weapon,4653,FS,yes,,data/Hexxat.bif,0x0B600721,BFF197B1747C7399648312E609914CC1C7CF058235E0806F8AF8369304D4BB3B,78,78,0x5000;0x5001;0x5002;0x5003;0x5010;0x5011;0x5012;0x5013;0x5100;0x5101;0x5102;0x5103;0x5110;0x5111;0x5112;0x5113;0x5200;0x5201;0x5202;0x5210;0x5211;0x5212;0x5300;0x5301;0x5302;0x5303;0x5310;0x5311;0x5312;0x5313;0x6000;0x6001;0x6002;0x6003;0x6004;0x6005;0x6010;0x6011;0x6012;0x6013;0x6014;0x6015;0x6100;0x6101;0x6102;0x6103;0x6104;0x6105;0x6110;0x6111;0x6112;0x6113;0x6114;0x6115;0x6200;0x6201;0x6202;0x6204;0x6205;0x6210;0x6211;0x6212;0x6214;0x6215;0x6300;0x6301;0x6302;0x6303;0x6304;0x6305;0x6310;0x6311;0x6312;0x6313;0x6314;0x6315;0x6500;0x6510,WQLFS;WQMFS;WQNFS;WQSFS,WQLFS;WQMFS;WQNFS;WQSFS,,WQLFS;WQMFS;WQNFS;WQSFS,no,
OHLEAT50,2,ARMOR,body,3241,2A,yes,2,data/BlackPits.bif,0x00F00846,8350D345F17F8011CC8E7DE21FE2510AB88B0E9282C16FE08175EFD1AC025128,76,76,0x5000;0x5001;0x5002;0x5003;0x5010;0x5011;0x5012;0x5013;0x5100;0x5101;0x5102;0x5103;0x5110;0x5111;0x5112;0x5113;0x5200;0x5201;0x5202;0x5210;0x5211;0x5212;0x5300;0x5301;0x5302;0x5303;0x5310;0x5311;0x5312;0x5313;0x6000;0x6001;0x6002;0x6003;0x6004;0x6005;0x6010;0x6011;0x6012;0x6013;0x6014;0x6015;0x6100;0x6101;0x6102;0x6103;0x6104;0x6105;0x6110;0x6111;0x6112;0x6113;0x6114;0x6115;0x6200;0x6201;0x6202;0x6204;0x6205;0x6210;0x6211;0x6212;0x6214;0x6215;0x6300;0x6301;0x6302;0x6303;0x6304;0x6305;0x6310;0x6311;0x6312;0x6313;0x6314;0x6315,CDFB2;CDFT2;CDFW2;CDMB2;CDMT2;CDMW2;CEFB2;CEFT2;CEFW2;CEMB2;CEMT2;CEMW2;CHFB2;CHFT2;CHFW2;CHMB2;CHMT2;CHMW2;CIFB2;CIFT2;CIMB2;CIMT2,CDFB2;CDFT2;CDFW2;CDMB2;CDMT2;CDMW2;CEFB2;CEFT2;CEFW2;CEMB2;CEMT2;CEMW2;CHFB2;CHFT2;CHFW2;CHMB2;CHMT2;CHMW2;CIFB2;CIFT2;CIMB2;CIMT2,,CDFB2;CDFT2;CDFW2;CDMB2;CDMT2;CDMW2;CEFB2;CEFT2;CEFW2;CEMB2;CEMT2;CEMW2;CHFB2;CHFT2;CHFW2;CHMB2;CHMT2;CHMW2;CIFB2;CIFT2;CIMB2;CIMT2,no,
OHLEAT51,2,ARMOR,body,3241,2A,yes,2,data/BlackPits.bif,0x00F00847,DFCAF779DC5A00074FCAC4CD43F810D24CFBE5913F1946E35D42131F7224FABC,76,76,0x5000;0x5001;0x5002;0x5003;0x5010;0x5011;0x5012;0x5013;0x5100;0x5101;0x5102;0x5103;0x5110;0x5111;0x5112;0x5113;0x5200;0x5201;0x5202;0x5210;0x5211;0x5212;0x5300;0x5301;0x5302;0x5303;0x5310;0x5311;0x5312;0x5313;0x6000;0x6001;0x6002;0x6003;0x6004;0x6005;0x6010;0x6011;0x6012;0x6013;0x6014;0x6015;0x6100;0x6101;0x6102;0x6103;0x6104;0x6105;0x6110;0x6111;0x6112;0x6113;0x6114;0x6115;0x6200;0x6201;0x6202;0x6204;0x6205;0x6210;0x6211;0x6212;0x6214;0x6215;0x6300;0x6301;0x6302;0x6303;0x6304;0x6305;0x6310;0x6311;0x6312;0x6313;0x6314;0x6315,CDFB2;CDFT2;CDFW2;CDMB2;CDMT2;CDMW2;CEFB2;CEFT2;CEFW2;CEMB2;CEMT2;CEMW2;CHFB2;CHFT2;CHFW2;CHMB2;CHMT2;CHMW2;CIFB2;CIFT2;CIMB2;CIMT2,CDFB2;CDFT2;CDFW2;CDMB2;CDMT2;CDMW2;CEFB2;CEFT2;CEFW2;CEMB2;CEMT2;CEMW2;CHFB2;CHFT2;CHFW2;CHMB2;CHMT2;CHMW2;CIFB2;CIFT2;CIMB2;CIMT2,,CDFB2;CDFT2;CDFW2;CDMB2;CDMT2;CDMW2;CEFB2;CEFT2;CEFW2;CEMB2;CEMT2;CEMW2;CHFB2;CHFT2;CHFW2;CHMB2;CHMT2;CHMW2;CIFB2;CIFT2;CIMB2;CIMT2,no,
OHLEAT52,2,ARMOR,body,3241,2A,yes,2,data/BlackPits.bif,0x00F00848,8B2A665F80693656220F492F14823C4B3C0D48E9409300587CE5DDB7042E81B2,76,76,0x5000;0x5001;0x5002;0x5003;0x5010;0x5011;0x5012;0x5013;0x5100;0x5101;0x5102;0x5103;0x5110;0x5111;0x5112;0x5113;0x5200;0x5201;0x5202;0x5210;0x5211;0x5212;0x5300;0x5301;0x5302;0x5303;0x5310;0x5311;0x5312;0x5313;0x6000;0x6001;0x6002;0x6003;0x6004;0x6005;0x6010;0x6011;0x6012;0x6013;0x6014;0x6015;0x6100;0x6101;0x6102;0x6103;0x6104;0x6105;0x6110;0x6111;0x6112;0x6113;0x6114;0x6115;0x6200;0x6201;0x6202;0x6204;0x6205;0x6210;0x6211;0x6212;0x6214;0x6215;0x6300;0x6301;0x6302;0x6303;0x6304;0x6305;0x6310;0x6311;0x6312;0x6313;0x6314;0x6315,CDFB2;CDFT2;CDFW2;CDMB2;CDMT2;CDMW2;CEFB2;CEFT2;CEFW2;CEMB2;CEMT2;CEMW2;CHFB2;CHFT2;CHFW2;CHMB2;CHMT2;CHMW2;CIFB2;CIFT2;CIMB2;CIMT2,CDFB2;CDFT2;CDFW2;CDMB2;CDMT2;CDMW2;CEFB2;CEFT2;CEFW2;CEMB2;CEMT2;CEMW2;CHFB2;CHFT2;CHFW2;CHMB2;CHMT2;CHMW2;CIFB2;CIFT2;CIMB2;CIMT2,,CDFB2;CDFT2;CDFW2;CDMB2;CDMT2;CDMW2;CEFB2;CEFT2;CEFW2;CEMB2;CEMT2;CEMW2;CHFB2;CHFT2;CHFW2;CHMB2;CHMT2;CHMW2;CIFB2;CIFT2;CIMB2;CIMT2,no,
OHLEAT53,2,ARMOR,body,3241,2A,yes,2,data/BlackPits.bif,0x00F00849,856CA6CFF948F726E35A7587EFC694E9B679BD1C6F0ED984CD5D4B5D05CA5842,76,76,0x5000;0x5001;0x5002;0x5003;0x5010;0x5011;0x5012;0x5013;0x5100;0x5101;0x5102;0x5103;0x5110;0x5111;0x5112;0x5113;0x5200;0x5201;0x5202;0x5210;0x5211;0x5212;0x5300;0x5301;0x5302;0x5303;0x5310;0x5311;0x5312;0x5313;0x6000;0x6001;0x6002;0x6003;0x6004;0x6005;0x6010;0x6011;0x6012;0x6013;0x6014;0x6015;0x6100;0x6101;0x6102;0x6103;0x6104;0x6105;0x6110;0x6111;0x6112;0x6113;0x6114;0x6115;0x6200;0x6201;0x6202;0x6204;0x6205;0x6210;0x6211;0x6212;0x6214;0x6215;0x6300;0x6301;0x6302;0x6303;0x6304;0x6305;0x6310;0x6311;0x6312;0x6313;0x6314;0x6315,CDFB2;CDFT2;CDFW2;CDMB2;CDMT2;CDMW2;CEFB2;CEFT2;CEFW2;CEMB2;CEMT2;CEMW2;CHFB2;CHFT2;CHFW2;CHMB2;CHMT2;CHMW2;CIFB2;CIFT2;CIMB2;CIMT2,CDFB2;CDFT2;CDFW2;CDMB2;CDMT2;CDMW2;CEFB2;CEFT2;CEFW2;CEMB2;CEMT2;CEMW2;CHFB2;CHFT2;CHFW2;CHMB2;CHMT2;CHMW2;CIFB2;CIFT2;CIMB2;CIMT2,,CDFB2;CDFT2;CDFW2;CDMB2;CDMT2;CDMW2;CEFB2;CEFT2;CEFW2;CEMB2;CEMT2;CEMW2;CHFB2;CHFT2;CHFW2;CHMB2;CHMT2;CHMW2;CIFB2;CIFT2;CIMB2;CIMT2,no,
OHNAMUL1,1,AMULET,,0000,,no,,data/Neera.bif,0x0B80057A,18B71B8ECE65A587B5BBE28F4DC908084074ECFA336737F6903BC0C4CA74308D,0,0,,,,,,no,
OHNAMUL2,1,AMULET,,0000,,no,,data/Neera.bif,0x0B80057B,EA1EF91F700023209B380684371E194710F8C9BCC086499D2A0E57CD4FCCC97E,0,0,,,,,,no,
OHNCASK,0,MISC,,0000,,no,,data/Neera.bif,0x0B80058B,842DEF6BD4913A2ADA16E1924CD0AB0105A450D28ABB5C1D3A850C7B23488E63,0,0,,,,,,no,
OHNCAT,0,MISC,,0000,,no,,data/Neera.bif,0x0B80058E,AF00DD126372B3A7BBB3DF6F344F480FBC6583619F60A8689AD87CE849C28AB3,0,0,,,,,,no,
OHNCOLL,0,MISC,,0000,,no,,data/Neera.bif,0x0B800595,49665C5FA194B4FADDFDD8D6224311DB9EB0E08A9D5C9D2D1DD5B23310BE86A5,0,0,,,,,,no,
OHNDINGS,0,MISC,,0000,,no,,data/Neera.bif,0x0B8005C1,B5EEC8053CA33252E1171D3EFD96554BCC9F07B7CC7B636CB36A823108F69FF1,0,0,,,,,,no,
OHNFOOD,0,MISC,,0000,,no,,data/Neera.bif,0x0B8005D4,A919CCF7A425D39D907F9FC46F36A9F482B3E00052E4199F0389B5056B56C99F,0,0,,,,,,no,
OHNHAIRB,0,MISC,,4A42,JB,yes,,data/Neera.bif,0x0B8005E5,4FE74A5BFC9FE71D6DAC84B7CC6E04A109B95233DB4EF55A58E21A380ED7D635,0,0,,,,,,no,
OHNHAMM1,21,HAMMER,weapon,5748,WH,yes,,data/Neera.bif,0x0B8005E7,8923D7C43472C413A846CDEE76CE5D88DD4BF5446CAB1C470A3EAB66A7A407DE,78,78,0x5000;0x5001;0x5002;0x5003;0x5010;0x5011;0x5012;0x5013;0x5100;0x5101;0x5102;0x5103;0x5110;0x5111;0x5112;0x5113;0x5200;0x5201;0x5202;0x5210;0x5211;0x5212;0x5300;0x5301;0x5302;0x5303;0x5310;0x5311;0x5312;0x5313;0x6000;0x6001;0x6002;0x6003;0x6004;0x6005;0x6010;0x6011;0x6012;0x6013;0x6014;0x6015;0x6100;0x6101;0x6102;0x6103;0x6104;0x6105;0x6110;0x6111;0x6112;0x6113;0x6114;0x6115;0x6200;0x6201;0x6202;0x6204;0x6205;0x6210;0x6211;0x6212;0x6214;0x6215;0x6300;0x6301;0x6302;0x6303;0x6304;0x6305;0x6310;0x6311;0x6312;0x6313;0x6314;0x6315;0x6500;0x6510,WQLWH;WQMWH;WQNWH;WQSWH,WQLWH;WQMWH;WQNWH;WQSWH,,WQLWH;WQMWH;WQNWH;WQSWH,no,
OHNHELM1,7,HELMET,helmet,4A42,JB,yes,,data/Neera.bif,0x0B8005EC,813E4330CC97FF19C653E7C63A3C03571B3959B300F4FAABE5C5FAA400438DAB,78,78,0x5000;0x5001;0x5002;0x5003;0x5010;0x5011;0x5012;0x5013;0x5100;0x5101;0x5102;0x5103;0x5110;0x5111;0x5112;0x5113;0x5200;0x5201;0x5202;0x5210;0x5211;0x5212;0x5300;0x5301;0x5302;0x5303;0x5310;0x5311;0x5312;0x5313;0x6000;0x6001;0x6002;0x6003;0x6004;0x6005;0x6010;0x6011;0x6012;0x6013;0x6014;0x6015;0x6100;0x6101;0x6102;0x6103;0x6104;0x6105;0x6110;0x6111;0x6112;0x6113;0x6114;0x6115;0x6200;0x6201;0x6202;0x6204;0x6205;0x6210;0x6211;0x6212;0x6214;0x6215;0x6300;0x6301;0x6302;0x6303;0x6304;0x6305;0x6310;0x6311;0x6312;0x6313;0x6314;0x6315;0x6500;0x6510,WQLJB;WQMJB;WQNJB;WQSJB,WQLJB;WQMJB;WQNJB;WQSJB,,WQLJB;WQMJB;WQNJB;WQSJB,no,
OHNHTUNI,0,MISC,,0000,,no,,data/Neera.bif,0x0B8005ED,F3796F107151FE4D7CB2376E3AF5E992034CED1BBCFCC1B90C762C4EE2ECD35E,0,0,,,,,,no,
OHNKEY01,0,MISC,,0000,,no,,data/Neera.bif,0x0B8005F6,C7940176B7A1ABB7F545A217BDEAE698E7242D6BF74D57A21C060A69BB3D91F8,0,0,,,,,,no,
OHNKEY02,8,KEY,,0000,,no,,data/Neera.bif,0x0B8005F7,8EE947D71B5B3BBE16862A8DD4130A7CFE5BDD8AC2D1323A99FF7DA7973A8374,0,0,,,,,,no,
OHNKEY03,8,KEY,,0000,,no,,data/Neera.bif,0x0B8005F8,569762DFBDBB47922423099C1B69BA3DADECDACA1C91661507917BC6C8E46CCC,0,0,,,,,,no,
OHNMBIRD,0,MISC,,0000,,no,,data/Neera.bif,0x0B80060A,18021AF82BACE5471588F963434844C2DD53D3CCEB78DD94F719FC1A40A460D4,0,0,,,,,,no,
OHNNOTE1,11,SCROLL,,0000,,no,,data/Neera.bif,0x0B800620,F385248E816779F60A9DE658E7475C03D62B0BE4B6076006FA7E64EABCB5505A,0,0,,,,,,no,
OHNNOTE2,11,SCROLL,,0000,,no,,data/Neera.bif,0x0B800621,2DB2FDE10FEED2660912D697B4D417938916BD1355273BB5CDBB0D2DF51C4307,0,0,,,,,,no,
OHNNOTE3,37,BROKEN2,,0000,,no,,data/Neera.bif,0x0B800622,A30B940BC5FB8293CB7BD731235DEA8B97DE8A72F55758C1B43D84814C312247,0,0,,,,,,no,
OHNNOTE4,37,BROKEN2,,0000,,no,,data/Neera.bif,0x0B800623,D9F894B1284A3632D56E1928F8DCC0E331F89FFEC102421A869437F5F608134C,0,0,,,,,,no,
OHNNOTE5,37,BROKEN2,,0000,,no,,data/Neera.bif,0x0B800624,C6E3060393E256C16EF5E60617E9BEEBCB5A6C479FA93A81AC40BD0B3BC11BD8,0,0,,,,,,no,
OHNPOTN1,9,POTION,,0000,,no,,data/Neera.bif,0x0B80062C,563CB9FA8694BD77AB6FDBBB460FD874AC8008E41851550E5B748DE92420E95D,0,0,,,,,,no,
OHNROBE1,2,ARMOR,body,3257,2W,yes,2,data/Neera.bif,0x0B800649,6902E6B006BA9F96FECE62C8E4C576B1744B19245D52B84418B1A7C99658097D,76,76,0x5000;0x5001;0x5002;0x5003;0x5010;0x5011;0x5012;0x5013;0x5100;0x5101;0x5102;0x5103;0x5110;0x5111;0x5112;0x5113;0x5200;0x5201;0x5202;0x5210;0x5211;0x5212;0x5300;0x5301;0x5302;0x5303;0x5310;0x5311;0x5312;0x5313;0x6000;0x6001;0x6002;0x6003;0x6004;0x6005;0x6010;0x6011;0x6012;0x6013;0x6014;0x6015;0x6100;0x6101;0x6102;0x6103;0x6104;0x6105;0x6110;0x6111;0x6112;0x6113;0x6114;0x6115;0x6200;0x6201;0x6202;0x6204;0x6205;0x6210;0x6211;0x6212;0x6214;0x6215;0x6300;0x6301;0x6302;0x6303;0x6304;0x6305;0x6310;0x6311;0x6312;0x6313;0x6314;0x6315,CDFB2;CDFT2;CDFW2;CDMB2;CDMT2;CDMW2;CEFB2;CEFT2;CEFW2;CEMB2;CEMT2;CEMW2;CHFB2;CHFT2;CHFW2;CHMB2;CHMT2;CHMW2;CIFB2;CIFT2;CIMB2;CIMT2,CDFB2;CDFT2;CDFW2;CDMB2;CDMT2;CDMW2;CEFB2;CEFT2;CEFW2;CEMB2;CEMT2;CEMW2;CHFB2;CHFT2;CHFW2;CHMB2;CHMT2;CHMW2;CIFB2;CIFT2;CIMB2;CIMT2,,CDFB2;CDFT2;CDFW2;CDMB2;CDMT2;CDMW2;CEFB2;CEFT2;CEFW2;CEMB2;CEMT2;CEMW2;CHFB2;CHFT2;CHFW2;CHMB2;CHMT2;CHMW2;CIFB2;CIFT2;CIMB2;CIMT2,no,
OHNROBE2,2,ARMOR,body,3457,4W,yes,4,data/Neera.bif,0x0B80064A,EE61987CD6F78DB53AB17D911000DB309A9CE0FB980ADC71FF04DE4DE85C3BE7,76,76,0x5000;0x5001;0x5002;0x5003;0x5010;0x5011;0x5012;0x5013;0x5100;0x5101;0x5102;0x5103;0x5110;0x5111;0x5112;0x5113;0x5200;0x5201;0x5202;0x5210;0x5211;0x5212;0x5300;0x5301;0x5302;0x5303;0x5310;0x5311;0x5312;0x5313;0x6000;0x6001;0x6002;0x6003;0x6004;0x6005;0x6010;0x6011;0x6012;0x6013;0x6014;0x6015;0x6100;0x6101;0x6102;0x6103;0x6104;0x6105;0x6110;0x6111;0x6112;0x6113;0x6114;0x6115;0x6200;0x6201;0x6202;0x6204;0x6205;0x6210;0x6211;0x6212;0x6214;0x6215;0x6300;0x6301;0x6302;0x6303;0x6304;0x6305;0x6310;0x6311;0x6312;0x6313;0x6314;0x6315,CDFC4;CDFF4;CDFT4;CDFW4;CDMC4;CDMF4;CDMT4;CDMW4;CEFC4;CEFF4;CEFT4;CEFW4;CEMC4;CEMF4;CEMT4;CEMW4;CHFC4;CHFF4;CHFT4;CHFW4;CHMC4;CHMF4;CHMT4;CHMW4;CIFC4;CIFF4;CIFT4;CIMC4;CIMF4;CIMT4,CDFC4;CDFF4;CDFT4;CDFW4;CDMC4;CDMF4;CDMT4;CDMW4;CEFC4;CEFF4;CEFT4;CEFW4;CEMC4;CEMF4;CEMT4;CEMW4;CHFC4;CHFF4;CHFT4;CHFW4;CHMC4;CHMF4;CHMT4;CHMW4;CIFC4;CIFF4;CIFT4;CIMC4;CIMF4;CIMT4,,CDFC4;CDFF4;CDFT4;CDFW4;CDMC4;CDMF4;CDMT4;CDMW4;CEFC4;CEFF4;CEFT4;CEFW4;CEMC4;CEMF4;CEMT4;CEMW4;CHFC4;CHFF4;CHFT4;CHFW4;CHMC4;CHMF4;CHMT4;CHMW4;CIFC4;CIFF4;CIFT4;CIMC4;CIMF4;CIMT4,no,
OHNROBE3,2,ARMOR,body,3257,2W,yes,2,data/Neera.bif,0x0B80064B,381E504F020420EE9C90FA93FAA610A36AE0001763251ACEEA4AD05202EDEC3C,76,76,0x5000;0x5001;0x5002;0x5003;0x5010;0x5011;0x5012;0x5013;0x5100;0x5101;0x5102;0x5103;0x5110;0x5111;0x5112;0x5113;0x5200;0x5201;0x5202;0x5210;0x5211;0x5212;0x5300;0x5301;0x5302;0x5303;0x5310;0x5311;0x5312;0x5313;0x6000;0x6001;0x6002;0x6003;0x6004;0x6005;0x6010;0x6011;0x6012;0x6013;0x6014;0x6015;0x6100;0x6101;0x6102;0x6103;0x6104;0x6105;0x6110;0x6111;0x6112;0x6113;0x6114;0x6115;0x6200;0x6201;0x6202;0x6204;0x6205;0x6210;0x6211;0x6212;0x6214;0x6215;0x6300;0x6301;0x6302;0x6303;0x6304;0x6305;0x6310;0x6311;0x6312;0x6313;0x6314;0x6315,CDFB2;CDFT2;CDFW2;CDMB2;CDMT2;CDMW2;CEFB2;CEFT2;CEFW2;CEMB2;CEMT2;CEMW2;CHFB2;CHFT2;CHFW2;CHMB2;CHMT2;CHMW2;CIFB2;CIFT2;CIMB2;CIMT2,CDFB2;CDFT2;CDFW2;CDMB2;CDMT2;CDMW2;CEFB2;CEFT2;CEFW2;CEMB2;CEMT2;CEMW2;CHFB2;CHFT2;CHFW2;CHMB2;CHMT2;CHMW2;CIFB2;CIFT2;CIMB2;CIMT2,,CDFB2;CDFT2;CDFW2;CDMB2;CDMT2;CDMW2;CEFB2;CEFT2;CEFW2;CEMB2;CEMT2;CEMW2;CHFB2;CHFT2;CHFW2;CHMB2;CHMT2;CHMW2;CIFB2;CIFT2;CIMB2;CIMT2,no,
OHNSHLD1,12,SHIELD,shield,4333,C3,yes,,data/Neera.bif,0x0B800661,0B7F88B17075982B01FC69803B1C294C84E09E99194A0D667222A91A267CE6B8,78,78,0x5000;0x5001;0x5002;0x5003;0x5010;0x5011;0x5012;0x5013;0x5100;0x5101;0x5102;0x5103;0x5110;0x5111;0x5112;0x5113;0x5200;0x5201;0x5202;0x5210;0x5211;0x5212;0x5300;0x5301;0x5302;0x5303;0x5310;0x5311;0x5312;0x5313;0x6000;0x6001;0x6002;0x6003;0x6004;0x6005;0x6010;0x6011;0x6012;0x6013;0x6014;0x6015;0x6100;0x6101;0x6102;0x6103;0x6104;0x6105;0x6110;0x6111;0x6112;0x6113;0x6114;0x6115;0x6200;0x6201;0x6202;0x6204;0x6205;0x6210;0x6211;0x6212;0x6214;0x6215;0x6300;0x6301;0x6302;0x6303;0x6304;0x6305;0x6310;0x6311;0x6312;0x6313;0x6314;0x6315;0x6500;0x6510,WQHC3;WQLC3;WQMC3;WQNC3;WQSC3,WQLC3;WQMC3;WQNC3;WQSC3,WQHC3,WQLC3;WQMC3;WQNC3;WQSC3,no,
OHNSLNG1,18,SLING,weapon,534C,SL,yes,,data/Neera.bif,0x0B800665,69B92058FB3D0AD24671B02562263B40914F8A742B3CF0AC71A5DBAFB3C46275,78,78,0x5000;0x5001;0x5002;0x5003;0x5010;0x5011;0x5012;0x5013;0x5100;0x5101;0x5102;0x5103;0x5110;0x5111;0x5112;0x5113;0x5200;0x5201;0x5202;0x5210;0x5211;0x5212;0x5300;0x5301;0x5302;0x5303;0x5310;0x5311;0x5312;0x5313;0x6000;0x6001;0x6002;0x6003;0x6004;0x6005;0x6010;0x6011;0x6012;0x6013;0x6014;0x6015;0x6100;0x6101;0x6102;0x6103;0x6104;0x6105;0x6110;0x6111;0x6112;0x6113;0x6114;0x6115;0x6200;0x6201;0x6202;0x6204;0x6205;0x6210;0x6211;0x6212;0x6214;0x6215;0x6300;0x6301;0x6302;0x6303;0x6304;0x6305;0x6310;0x6311;0x6312;0x6313;0x6314;0x6315;0x6500;0x6510,WQLSL;WQMSL;WQNSL;WQSSL,WQLSL;WQMSL;WQNSL;WQSSL,,WQLSL;WQMSL;WQNSL;WQSSL,no,
OHNSNAKE,0,MISC,,0000,,no,,data/Neera.bif,0x0B800668,00A813CB12D1C0A4F0F3E0FDC504220CCA0289D233A860FE9F1BCA96FCE504EE,0,0,,,,,,no,
OHNTANK,9,POTION,,0000,,no,,data/Neera.bif,0x0B800689,26A1CB2F5A28E13A1FB727A3536C4E51EA70328D37280496F636F6DBD35D2818,0,0,,,,,,no,
OHNWAND1,35,WAND,,0000,,no,,data/Neera.bif,0x0B8006B1,F16E13F0CBF64243F611D97B27F3C29BB333D6367A3485E934EC71F4DA303911,0,0,,,,,,no,
OHPLAT50,2,ARMOR,body,3441,4A,yes,4,data/BlackPits.bif,0x00F0084A,FB207481BF52D8C8D931C8CA0CED7E5C9771C76F489485C682BC2305728B0D4F,76,76,0x5000;0x5001;0x5002;0x5003;0x5010;0x5011;0x5012;0x5013;0x5100;0x5101;0x5102;0x5103;0x5110;0x5111;0x5112;0x5113;0x5200;0x5201;0x5202;0x5210;0x5211;0x5212;0x5300;0x5301;0x5302;0x5303;0x5310;0x5311;0x5312;0x5313;0x6000;0x6001;0x6002;0x6003;0x6004;0x6005;0x6010;0x6011;0x6012;0x6013;0x6014;0x6015;0x6100;0x6101;0x6102;0x6103;0x6104;0x6105;0x6110;0x6111;0x6112;0x6113;0x6114;0x6115;0x6200;0x6201;0x6202;0x6204;0x6205;0x6210;0x6211;0x6212;0x6214;0x6215;0x6300;0x6301;0x6302;0x6303;0x6304;0x6305;0x6310;0x6311;0x6312;0x6313;0x6314;0x6315,CDFC4;CDFF4;CDFT4;CDFW4;CDMC4;CDMF4;CDMT4;CDMW4;CEFC4;CEFF4;CEFT4;CEFW4;CEMC4;CEMF4;CEMT4;CEMW4;CHFC4;CHFF4;CHFT4;CHFW4;CHMC4;CHMF4;CHMT4;CHMW4;CIFC4;CIFF4;CIFT4;CIMC4;CIMF4;CIMT4,CDFC4;CDFF4;CDFT4;CDFW4;CDMC4;CDMF4;CDMT4;CDMW4;CEFC4;CEFF4;CEFT4;CEFW4;CEMC4;CEMF4;CEMT4;CEMW4;CHFC4;CHFF4;CHFT4;CHFW4;CHMC4;CHMF4;CHMT4;CHMW4;CIFC4;CIFF4;CIFT4;CIMC4;CIMF4;CIMT4,,CDFC4;CDFF4;CDFT4;CDFW4;CDMC4;CDMF4;CDMT4;CDMW4;CEFC4;CEFF4;CEFT4;CEFW4;CEMC4;CEMF4;CEMT4;CEMW4;CHFC4;CHFF4;CHFT4;CHFW4;CHMC4;CHMF4;CHMT4;CHMW4;CIFC4;CIFF4;CIFT4;CIMC4;CIMF4;CIMT4,no,
OHRAMUL1,1,AMULET,,0000,,no,,data/Rasaad.bif,0x0B90076A,175953B68C24BDC0A7100ED5C1985CBA656B34A3F325E71EF114E3A1DABAD26B,0,0,,,,,,no,
OHRASH,0,MISC,,0000,,no,,data/Rasaad.bif,0x0B90076B,EBBF037063D63DE0D6593B6DF6AA51A90C509A65F175E891AE329F3AC811D550,0,0,,,,,,no,
OHRAX1H1,25,AXE,weapon,4158,AX,yes,,data/Rasaad.bif,0x0B90076C,5A7500365CCF779E95B057B9FEA077C8A9872AE7ED0DBAE51412762AF20F5E1D,78,78,0x5000;0x5001;0x5002;0x5003;0x5010;0x5011;0x5012;0x5013;0x5100;0x5101;0x5102;0x5103;0x5110;0x5111;0x5112;0x5113;0x5200;0x5201;0x5202;0x5210;0x5211;0x5212;0x5300;0x5301;0x5302;0x5303;0x5310;0x5311;0x5312;0x5313;0x6000;0x6001;0x6002;0x6003;0x6004;0x6005;0x6010;0x6011;0x6012;0x6013;0x6014;0x6015;0x6100;0x6101;0x6102;0x6103;0x6104;0x6105;0x6110;0x6111;0x6112;0x6113;0x6114;0x6115;0x6200;0x6201;0x6202;0x6204;0x6205;0x6210;0x6211;0x6212;0x6214;0x6215;0x6300;0x6301;0x6302;0x6303;0x6304;0x6305;0x6310;0x6311;0x6312;0x6313;0x6314;0x6315;0x6500;0x6510,WQLAX;WQMAX;WQNAX;WQSAX,WQLAX;WQMAX;WQNAX;WQSAX,,WQLAX;WQMAX;WQNAX;WQSAX,no,
OHRAXE01,25,AXE,weapon,4158,AX,yes,,data/Rasaad.bif,0x0B90076D,A82C542E8A2C4487508936065A13E5572CAB57F547CEC1D809AD625E5B0ABDCD,78,78,0x5000;0x5001;0x5002;0x5003;0x5010;0x5011;0x5012;0x5013;0x5100;0x5101;0x5102;0x5103;0x5110;0x5111;0x5112;0x5113;0x5200;0x5201;0x5202;0x5210;0x5211;0x5212;0x5300;0x5301;0x5302;0x5303;0x5310;0x5311;0x5312;0x5313;0x6000;0x6001;0x6002;0x6003;0x6004;0x6005;0x6010;0x6011;0x6012;0x6013;0x6014;0x6015;0x6100;0x6101;0x6102;0x6103;0x6104;0x6105;0x6110;0x6111;0x6112;0x6113;0x6114;0x6115;0x6200;0x6201;0x6202;0x6204;0x6205;0x6210;0x6211;0x6212;0x6214;0x6215;0x6300;0x6301;0x6302;0x6303;0x6304;0x6305;0x6310;0x6311;0x6312;0x6313;0x6314;0x6315;0x6500;0x6510,WQLAX;WQMAX;WQNAX;WQSAX,WQLAX;WQMAX;WQNAX;WQSAX,,WQLAX;WQMAX;WQNAX;WQSAX,no,
OHRBELT1,3,BELT,,0000,,no,,data/Rasaad.bif,0x0B900774,3927458F6B042B309526EB196F204E14089F7B4A8C2F8EC5A526BA554BB9B0C6,0,0,,,,,,no,
OHRBELT2,3,BELT,,0000,,no,,data/Rasaad.bif,0x0B900775,A4B5444818B91D486C923679F4A4F74C7EA4A53BB3547B9F8F721BD66BDDFA7F,0,0,,,,,,no,
OHRBOOK1,0,MISC,,0000,,no,,data/Rasaad.bif,0x0B90077C,E985F2CD99CA3365C011A15461FA9325B99EA9A871D919E72224DC8EC7E2F6BC,0,0,,,,,,no,
OHRBOOK2,0,MISC,,0000,,no,,data/Rasaad.bif,0x0B90077D,E8655B36A3D3C4FDEFB260111479F79FFFDCD210820F62D65F67DB80418C9A40,0,0,,,,,,no,
OHRBOOT1,4,BOOT,,0000,,no,,data/Rasaad.bif,0x0B90077E,1396FCB6AC12D7465B8FC9A488D33B7D0E51B73BAB6FC162AF1A7B2236EE829E,0,0,,,,,,no,
OHRBRAC1,6,BRACER,,0000,,no,,data/Rasaad.bif,0x0B900780,7834FFFFC57382022759BC9FC2731F4C728A0CDE819F774BCFD1F6C2B4F0B8BA,0,0,,,,,,no,
OHRCLCK1,32,CLOAK,,0000,,no,,data/Rasaad.bif,0x0B90079E,1546C78C664FABDC0F88E5715D4532BDD0A5C5977E6170F911AA84DFDA5B0036,0,0,,,,,,no,
OHRCLCK2,32,CLOAK,,0000,,no,,data/Rasaad.bif,0x0B90079F,680C95A76A98326BF8E5FEDC6AC2A4CE2AE202DB4E4F27E18AEF61F5B83CB138,0,0,,,,,,no,
OHRCLCK3,32,CLOAK,,0000,,no,,data/Rasaad.bif,0x0B9007A0,3D86425B55D5DF6E37B3A0C00A41E06C0B69A1CEC1FE1F9D699EA87BFFF0EDEE,0,0,,,,,,no,
OHRCLCK4,32,CLOAK,,0000,,no,,data/Rasaad.bif,0x0B9007A1,0E7FD629929F02BC449595F95C1139698CF7B3E6FB45A8FB021054120715FA1B,0,0,,,,,,no,
OHREAVER,20,BGSWORD,weapon,5332,S2,yes,,data/ee.bif,0x0B500075,D07BE4D681154E4FCF0F65D137410B37A44596136D08EBACC795E2356DF59B07,78,78,0x5000;0x5001;0x5002;0x5003;0x5010;0x5011;0x5012;0x5013;0x5100;0x5101;0x5102;0x5103;0x5110;0x5111;0x5112;0x5113;0x5200;0x5201;0x5202;0x5210;0x5211;0x5212;0x5300;0x5301;0x5302;0x5303;0x5310;0x5311;0x5312;0x5313;0x6000;0x6001;0x6002;0x6003;0x6004;0x6005;0x6010;0x6011;0x6012;0x6013;0x6014;0x6015;0x6100;0x6101;0x6102;0x6103;0x6104;0x6105;0x6110;0x6111;0x6112;0x6113;0x6114;0x6115;0x6200;0x6201;0x6202;0x6204;0x6205;0x6210;0x6211;0x6212;0x6214;0x6215;0x6300;0x6301;0x6302;0x6303;0x6304;0x6305;0x6310;0x6311;0x6312;0x6313;0x6314;0x6315;0x6500;0x6510,WQLS2;WQMS2;WQNS2;WQSS2,WQLS2;WQMS2;WQNS2;WQSS2,,WQLS2;WQMS2;WQNS2;WQSS2,no,
OHREYEB,7,HELMET,helmet,4A36,J6,yes,,data/Rasaad.bif,0x0B9007F3,93DFD4093A3698B461F3C57E093D8ACF6983B0B079519D31363C238F2E85E742,78,78,0x5000;0x5001;0x5002;0x5003;0x5010;0x5011;0x5012;0x5013;0x5100;0x5101;0x5102;0x5103;0x5110;0x5111;0x5112;0x5113;0x5200;0x5201;0x5202;0x5210;0x5211;0x5212;0x5300;0x5301;0x5302;0x5303;0x5310;0x5311;0x5312;0x5313;0x6000;0x6001;0x6002;0x6003;0x6004;0x6005;0x6010;0x6011;0x6012;0x6013;0x6014;0x6015;0x6100;0x6101;0x6102;0x6103;0x6104;0x6105;0x6110;0x6111;0x6112;0x6113;0x6114;0x6115;0x6200;0x6201;0x6202;0x6204;0x6205;0x6210;0x6211;0x6212;0x6214;0x6215;0x6300;0x6301;0x6302;0x6303;0x6304;0x6305;0x6310;0x6311;0x6312;0x6313;0x6314;0x6315;0x6500;0x6510,WQLJ6;WQMJ6;WQNJ6;WQSJ6,WQLJ6;WQMJ6;WQNJ6;WQSJ6,,WQLJ6;WQMJ6;WQNJ6;WQSJ6,no,
OHRGEM01,34,GEM,,0000,,no,,data/Rasaad.bif,0x0B900809,2AF15079985FC1E84EEE6CF2098686F315E4476445C51AD1234B76C67AC1D006,0,0,,,,,,no,
OHRGROG,0,MISC,,0000,,no,,data/Rasaad.bif,0x0B90080F,662DE38D684F4FD1D6507DB85EB371914C97571B574F43F71EDBD02771C43D98,0,0,,,,,,no,
OHRHELM1,7,HELMET,helmet,4A42,JB,yes,,data/Rasaad.bif,0x0B90081B,55B2168868A14DD85C378A24649C681BC2206C02C576FC5552E886D99EAC930B,78,78,0x5000;0x5001;0x5002;0x5003;0x5010;0x5011;0x5012;0x5013;0x5100;0x5101;0x5102;0x5103;0x5110;0x5111;0x5112;0x5113;0x5200;0x5201;0x5202;0x5210;0x5211;0x5212;0x5300;0x5301;0x5302;0x5303;0x5310;0x5311;0x5312;0x5313;0x6000;0x6001;0x6002;0x6003;0x6004;0x6005;0x6010;0x6011;0x6012;0x6013;0x6014;0x6015;0x6100;0x6101;0x6102;0x6103;0x6104;0x6105;0x6110;0x6111;0x6112;0x6113;0x6114;0x6115;0x6200;0x6201;0x6202;0x6204;0x6205;0x6210;0x6211;0x6212;0x6214;0x6215;0x6300;0x6301;0x6302;0x6303;0x6304;0x6305;0x6310;0x6311;0x6312;0x6313;0x6314;0x6315;0x6500;0x6510,WQLJB;WQMJB;WQNJB;WQSJB,WQLJB;WQMJB;WQNJB;WQSJB,,WQLJB;WQMJB;WQNJB;WQSJB,no,
OHRINGWI,10,RING,,2020,,no,,data/patch13.bif,0x0BC00074,8AABE799639D866A6DD3242C6FC99FD7FAD3DA1ED87918189519BD9E822F9237,0,0,,,,,,no,
OHRKEY01,8,KEY,,0000,,no,,data/Rasaad.bif,0x0B900842,D0255E36CC9928320400E623203F234E96146804948BCC92295776C823DF433C,0,0,,,,,,no,
OHRKEY02,8,KEY,,0000,,no,,data/Rasaad.bif,0x0B900843,E1368A180E1ACE2FB2931A696E29568A9008010F822A08087D100C9354E5EA71,0,0,,,,,,no,
OHRKEY03,8,KEY,,0000,,no,,data/Rasaad.bif,0x0B900844,3715E870DE931FEC66A2C19C3C24FC3F2C9BDDFF3873D1D44CAF282B991A9344,0,0,,,,,,no,
OHRNOT01,37,BROKEN2,,0000,,no,,data/Rasaad.bif,0x0B900865,3C5972F5B4F5A898CA4537C2A2CAD6BEA27B211AAF4365B7CB815BB966AFCA08,0,0,,,,,,no,
OHRNOT02,0,MISC,,0000,,no,,data/Rasaad.bif,0x0B900866,EE1434DD9713CF9CFEDDEC66FA1A08CDA9C21144D2507AA595BCE7E2183BF62B,0,0,,,,,,no,
OHRNOT03,37,BROKEN2,,0000,,no,,data/Rasaad.bif,0x0B900867,78F6340DC1D7E7579CE28FB458A2F03723ACABF687053E38C94A6A85619129A9,0,0,,,,,,no,
OHRPAMPH,37,BROKEN2,,0000,,no,,data/Rasaad.bif,0x0B900877,B4FB2C76685AAEF31B3D343BFD96B0E1EA3B27888F96AD7A1226FE2A72882413,0,0,,,,,,no,
OHRRING1,10,RING,,0000,,no,,data/Rasaad.bif,0x0B900885,30903C5910F6B287BCE8D0DD6A3DF66268E952D03B71B3A2CF2F1425827748EF,0,0,,,,,,no,
OHRRING2,10,RING,,0000,,no,,data/Rasaad.bif,0x0B900886,C336E3DC26B432F69681EFE8A226410DB5D0ACD859A4BB18F26D37E9CABE6222,0,0,,,,,,no,
OHRROPE1,0,MISC,,0000,,no,,data/Rasaad.bif,0x0B90088E,D7BDF64606F3C8BBE86788E213FC50D56233009AD8ED9C5100DAFF3ECABD8163,0,0,,,,,,no,
OHRSALT,0,MISC,,0000,,no,,data/Rasaad.bif,0x0B900899,30EF1FC30E67D0B7F9DB866D08A2F246C185DA15C049BEA943E5FE0D55239326,0,0,,,,,,no,
OHRSCRL1,0,MISC,,0000,,no,,data/Rasaad.bif,0x0B90089F,AF234D69284CEB1A48BA8DE331899842F5D26CD10A8AC28C475771915447D130,0,0,,,,,,no,
OHRSLNG1,18,SLING,weapon,534C,SL,yes,,data/Rasaad.bif,0x0B9008E6,517591AB0FE77EAD8CEA5EDD74C6906173512B01E435C7DEBD38DD73461C2991,78,78,0x5000;0x5001;0x5002;0x5003;0x5010;0x5011;0x5012;0x5013;0x5100;0x5101;0x5102;0x5103;0x5110;0x5111;0x5112;0x5113;0x5200;0x5201;0x5202;0x5210;0x5211;0x5212;0x5300;0x5301;0x5302;0x5303;0x5310;0x5311;0x5312;0x5313;0x6000;0x6001;0x6002;0x6003;0x6004;0x6005;0x6010;0x6011;0x6012;0x6013;0x6014;0x6015;0x6100;0x6101;0x6102;0x6103;0x6104;0x6105;0x6110;0x6111;0x6112;0x6113;0x6114;0x6115;0x6200;0x6201;0x6202;0x6204;0x6205;0x6210;0x6211;0x6212;0x6214;0x6215;0x6300;0x6301;0x6302;0x6303;0x6304;0x6305;0x6310;0x6311;0x6312;0x6313;0x6314;0x6315;0x6500;0x6510,WQLSL;WQMSL;WQNSL;WQSSL,WQLSL;WQMSL;WQNSL;WQSSL,,WQLSL;WQMSL;WQNSL;WQSSL,no,
OHRSW1H1,20,BGSWORD,weapon,5343,SC,yes,,data/Rasaad.bif,0x0B9008F0,8C1B55A72B12480584013274CF496B3FB97D2427341935DDBD6D7474E77F4578,78,78,0x5000;0x5001;0x5002;0x5003;0x5010;0x5011;0x5012;0x5013;0x5100;0x5101;0x5102;0x5103;0x5110;0x5111;0x5112;0x5113;0x5200;0x5201;0x5202;0x5210;0x5211;0x5212;0x5300;0x5301;0x5302;0x5303;0x5310;0x5311;0x5312;0x5313;0x6000;0x6001;0x6002;0x6003;0x6004;0x6005;0x6010;0x6011;0x6012;0x6013;0x6014;0x6015;0x6100;0x6101;0x6102;0x6103;0x6104;0x6105;0x6110;0x6111;0x6112;0x6113;0x6114;0x6115;0x6200;0x6201;0x6202;0x6204;0x6205;0x6210;0x6211;0x6212;0x6214;0x6215;0x6300;0x6301;0x6302;0x6303;0x6304;0x6305;0x6310;0x6311;0x6312;0x6313;0x6314;0x6315;0x6500;0x6510,WQLSC;WQMSC;WQNSC;WQSSC,WQLSC;WQMSC;WQNSC;WQSSC,,WQLSC;WQMSC;WQNSC;WQSSC,no,
OHRWHEEL,0,MISC,,0000,,no,,data/Rasaad.bif,0x0B90090B,547FD051C2DC2327056234CC5D36E4478B16E75EF9FAC37DAA7D8CF632D5FBCC,0,0,,,,,,no,
OHRWILC1,28,FIST,weapon,0000,,no,,data/Rasaad.bif,0x0B90090C,93AEAF2A56D06C6DCC8D14FBEEA454314B8509BD6F66CCA698B277087689A80D,0,0,,,,,,no,no-compatible-character-family;visual-animation-code-invalid
OHRWILC2,28,FIST,weapon,0000,,no,,data/Rasaad.bif,0x0B90090D,4DEA187E016BBA8D9F2E1284E763956D88DDF67318F6BA6D015021B93B5A4403,0,0,,,,,,no,no-compatible-character-family;visual-animation-code-invalid
OHRWILC3,28,FIST,weapon,0000,,no,,data/Rasaad.bif,0x0B90090E,0D0A3FBBE61485A7954FC0B9A300ABA14C55FC8736B50EE83E2F7A429E2DC1D6,0,0,,,,,,no,no-compatible-character-family;visual-animation-code-invalid
OHRWILC4,28,FIST,weapon,0000,,no,,data/Rasaad.bif,0x0B90090F,ABB7382AFA0033205EA4E1872EBB44725967DF5853EC29BC8D223AB99D394D2F,0,0,,,,,,no,no-compatible-character-family;visual-animation-code-invalid
OHRWILC5,28,FIST,weapon,0000,,no,,data/Rasaad.bif,0x0B900910,3CA2CF1ECB10DFC0301B0E491DA5763110DDBE62FB4D994016628E801240558B,0,0,,,,,,no,no-compatible-character-family;visual-animation-code-invalid
OHRWILT1,28,FIST,weapon,0000,,no,,data/Rasaad.bif,0x0B900911,05941380C482D0E0F876B5198A3221835B24B6578CD9615C503FF3BA284E2055,0,0,,,,,,no,no-compatible-character-family;visual-animation-code-invalid
OHRWILT2,28,FIST,weapon,0000,,no,,data/Rasaad.bif,0x0B900912,F05FB24D2CE43CA623D8829BB97E18EB81A6215BBDDAFF279727BD6CE5485C8F,0,0,,,,,,no,no-compatible-character-family;visual-animation-code-invalid
OHRWILT3,28,FIST,weapon,0000,,no,,data/Rasaad.bif,0x0B900913,FDB11F39D20536D92F153E83CA80ED7794F1C9AA7C7F8CD508F8C4FA01439BB0,0,0,,,,,,no,no-compatible-character-family;visual-animation-code-invalid
OHRWILT4,28,FIST,weapon,0000,,no,,data/Rasaad.bif,0x0B900914,6001935917459541C50BAF61BB497984709AB7091B14F6F985731F9FD8D44600,0,0,,,,,,no,no-compatible-character-family;visual-animation-code-invalid
OHRWILT5,28,FIST,weapon,0000,,no,,data/Rasaad.bif,0x0B900915,08E9FEF715910D921C7319C864F90AE69FA270FBE1BCF709E8AEE1B720F6BA7C,0,0,,,,,,no,no-compatible-character-family;visual-animation-code-invalid
OHSHLD50,12,SHIELD,shield,4334,C4,yes,,data/BlackPits.bif,0x00F0084B,F586F326B9DA7FDABED52D4B988741E19ECB99CF72BD118D79185868F193216A,78,78,0x5000;0x5001;0x5002;0x5003;0x5010;0x5011;0x5012;0x5013;0x5100;0x5101;0x5102;0x5103;0x5110;0x5111;0x5112;0x5113;0x5200;0x5201;0x5202;0x5210;0x5211;0x5212;0x5300;0x5301;0x5302;0x5303;0x5310;0x5311;0x5312;0x5313;0x6000;0x6001;0x6002;0x6003;0x6004;0x6005;0x6010;0x6011;0x6012;0x6013;0x6014;0x6015;0x6100;0x6101;0x6102;0x6103;0x6104;0x6105;0x6110;0x6111;0x6112;0x6113;0x6114;0x6115;0x6200;0x6201;0x6202;0x6204;0x6205;0x6210;0x6211;0x6212;0x6214;0x6215;0x6300;0x6301;0x6302;0x6303;0x6304;0x6305;0x6310;0x6311;0x6312;0x6313;0x6314;0x6315;0x6500;0x6510,WQHC4;WQLC4;WQMC4;WQNC4;WQSC4,WQLC4;WQMC4;WQNC4;WQSC4,WQHC4,WQLC4;WQMC4;WQNC4;WQSC4,no,
OHSHLD51,12,SHIELD,shield,4334,C4,yes,,data/BlackPits.bif,0x00F0084C,EFEE0BF3F1E25C8C764928B586C8EA1FAF453A0F90122BFCCD20AA9022654F7D,78,78,0x5000;0x5001;0x5002;0x5003;0x5010;0x5011;0x5012;0x5013;0x5100;0x5101;0x5102;0x5103;0x5110;0x5111;0x5112;0x5113;0x5200;0x5201;0x5202;0x5210;0x5211;0x5212;0x5300;0x5301;0x5302;0x5303;0x5310;0x5311;0x5312;0x5313;0x6000;0x6001;0x6002;0x6003;0x6004;0x6005;0x6010;0x6011;0x6012;0x6013;0x6014;0x6015;0x6100;0x6101;0x6102;0x6103;0x6104;0x6105;0x6110;0x6111;0x6112;0x6113;0x6114;0x6115;0x6200;0x6201;0x6202;0x6204;0x6205;0x6210;0x6211;0x6212;0x6214;0x6215;0x6300;0x6301;0x6302;0x6303;0x6304;0x6305;0x6310;0x6311;0x6312;0x6313;0x6314;0x6315;0x6500;0x6510,WQHC4;WQLC4;WQMC4;WQNC4;WQSC4,WQLC4;WQMC4;WQNC4;WQSC4,WQHC4,WQLC4;WQMC4;WQNC4;WQSC4,no,
OHSW1H51,19,SMSWORD,weapon,5353,SS,yes,,data/BlackPits.bif,0x00F0084D,BE5190E6A720DC6E7927045DC3A21CDFD6C174609D0BF764DF652FF6DF403FDB,78,78,0x5000;0x5001;0x5002;0x5003;0x5010;0x5011;0x5012;0x5013;0x5100;0x5101;0x5102;0x5103;0x5110;0x5111;0x5112;0x5113;0x5200;0x5201;0x5202;0x5210;0x5211;0x5212;0x5300;0x5301;0x5302;0x5303;0x5310;0x5311;0x5312;0x5313;0x6000;0x6001;0x6002;0x6003;0x6004;0x6005;0x6010;0x6011;0x6012;0x6013;0x6014;0x6015;0x6100;0x6101;0x6102;0x6103;0x6104;0x6105;0x6110;0x6111;0x6112;0x6113;0x6114;0x6115;0x6200;0x6201;0x6202;0x6204;0x6205;0x6210;0x6211;0x6212;0x6214;0x6215;0x6300;0x6301;0x6302;0x6303;0x6304;0x6305;0x6310;0x6311;0x6312;0x6313;0x6314;0x6315;0x6500;0x6510,WQLSS;WQMSS;WQNSS;WQSSS,WQLSS;WQMSS;WQNSS;WQSSS,,WQLSS;WQMSS;WQNSS;WQSSS,no,
OHSW1H52,19,SMSWORD,weapon,5353,SS,yes,,data/BlackPits.bif,0x00F0084E,E5E3E7BC3B001B6A7ABDB9179C1C987D68C37A267361850AAAC00DD5CF61370A,78,78,0x5000;0x5001;0x5002;0x5003;0x5010;0x5011;0x5012;0x5013;0x5100;0x5101;0x5102;0x5103;0x5110;0x5111;0x5112;0x5113;0x5200;0x5201;0x5202;0x5210;0x5211;0x5212;0x5300;0x5301;0x5302;0x5303;0x5310;0x5311;0x5312;0x5313;0x6000;0x6001;0x6002;0x6003;0x6004;0x6005;0x6010;0x6011;0x6012;0x6013;0x6014;0x6015;0x6100;0x6101;0x6102;0x6103;0x6104;0x6105;0x6110;0x6111;0x6112;0x6113;0x6114;0x6115;0x6200;0x6201;0x6202;0x6204;0x6205;0x6210;0x6211;0x6212;0x6214;0x6215;0x6300;0x6301;0x6302;0x6303;0x6304;0x6305;0x6310;0x6311;0x6312;0x6313;0x6314;0x6315;0x6500;0x6510,WQLSS;WQMSS;WQNSS;WQSSS,WQLSS;WQMSS;WQNSS;WQSSS,,WQLSS;WQMSS;WQNSS;WQSSS,no,
OHSW1H53,20,BGSWORD,weapon,5331,S1,yes,,data/BlackPits.bif,0x00F0084F,D6D5FEEAD7E101A1B5C5CBCE1DAF63DEE09AB5BC8751F0A834BB22D41CE7C3A4,78,78,0x5000;0x5001;0x5002;0x5003;0x5010;0x5011;0x5012;0x5013;0x5100;0x5101;0x5102;0x5103;0x5110;0x5111;0x5112;0x5113;0x5200;0x5201;0x5202;0x5210;0x5211;0x5212;0x5300;0x5301;0x5302;0x5303;0x5310;0x5311;0x5312;0x5313;0x6000;0x6001;0x6002;0x6003;0x6004;0x6005;0x6010;0x6011;0x6012;0x6013;0x6014;0x6015;0x6100;0x6101;0x6102;0x6103;0x6104;0x6105;0x6110;0x6111;0x6112;0x6113;0x6114;0x6115;0x6200;0x6201;0x6202;0x6204;0x6205;0x6210;0x6211;0x6212;0x6214;0x6215;0x6300;0x6301;0x6302;0x6303;0x6304;0x6305;0x6310;0x6311;0x6312;0x6313;0x6314;0x6315;0x6500;0x6510,WQLS1;WQMS1;WQNS1;WQSS1,WQLS1;WQMS1;WQNS1;WQSS1,,WQLS1;WQMS1;WQNS1;WQSS1,no,
OHSW1H54,20,BGSWORD,weapon,5331,S1,yes,,data/BlackPits.bif,0x00F00850,524C597DAC0B43DFA32AC0E61BE77AB20C07A974F6006740DD2D03A7EF74B041,78,78,0x5000;0x5001;0x5002;0x5003;0x5010;0x5011;0x5012;0x5013;0x5100;0x5101;0x5102;0x5103;0x5110;0x5111;0x5112;0x5113;0x5200;0x5201;0x5202;0x5210;0x5211;0x5212;0x5300;0x5301;0x5302;0x5303;0x5310;0x5311;0x5312;0x5313;0x6000;0x6001;0x6002;0x6003;0x6004;0x6005;0x6010;0x6011;0x6012;0x6013;0x6014;0x6015;0x6100;0x6101;0x6102;0x6103;0x6104;0x6105;0x6110;0x6111;0x6112;0x6113;0x6114;0x6115;0x6200;0x6201;0x6202;0x6204;0x6205;0x6210;0x6211;0x6212;0x6214;0x6215;0x6300;0x6301;0x6302;0x6303;0x6304;0x6305;0x6310;0x6311;0x6312;0x6313;0x6314;0x6315;0x6500;0x6510,WQLS1;WQMS1;WQNS1;WQSS1,WQLS1;WQMS1;WQNS1;WQSS1,,WQLS1;WQMS1;WQNS1;WQSS1,no,
OHSW1H55,20,BGSWORD,weapon,5343,SC,yes,,data/BlackPits.bif,0x00F00851,672F5514C90AF0B6988E74E0433DCFBF8488FC2297B0EC9355E3F6561D4BA15D,78,78,0x5000;0x5001;0x5002;0x5003;0x5010;0x5011;0x5012;0x5013;0x5100;0x5101;0x5102;0x5103;0x5110;0x5111;0x5112;0x5113;0x5200;0x5201;0x5202;0x5210;0x5211;0x5212;0x5300;0x5301;0x5302;0x5303;0x5310;0x5311;0x5312;0x5313;0x6000;0x6001;0x6002;0x6003;0x6004;0x6005;0x6010;0x6011;0x6012;0x6013;0x6014;0x6015;0x6100;0x6101;0x6102;0x6103;0x6104;0x6105;0x6110;0x6111;0x6112;0x6113;0x6114;0x6115;0x6200;0x6201;0x6202;0x6204;0x6205;0x6210;0x6211;0x6212;0x6214;0x6215;0x6300;0x6301;0x6302;0x6303;0x6304;0x6305;0x6310;0x6311;0x6312;0x6313;0x6314;0x6315;0x6500;0x6510,WQLSC;WQMSC;WQNSC;WQSSC,WQLSC;WQMSC;WQNSC;WQSSC,,WQLSC;WQMSC;WQNSC;WQSSC,no,
OHTEMPUS,10,RING,,2020,,no,,data/Patch25.bif,0x01000034,FB210282FA5F5425861B0DC109283B65E41F9D6D586848D7B93C9A1CD9280C6E,0,0,,,,,,no,
OOZEGR1,0,MISC,,2020,,no,,data/Items.bif,0x001004A8,28741156144BBA0BEE115C11D7C5DFDC4DA5922B32CB13157AE16006B4EE90C2,0,0,,,,,,no,
OTYUGH,28,FIST,weapon,4836,H6,yes,,data/Items.bif,0x001004A9,CE3DF15B0A79A380C05AE0AC8015A2E4D8B5BD0158F29C809EA2204ABD3EC498,78,78,0x5000;0x5001;0x5002;0x5003;0x5010;0x5011;0x5012;0x5013;0x5100;0x5101;0x5102;0x5103;0x5110;0x5111;0x5112;0x5113;0x5200;0x5201;0x5202;0x5210;0x5211;0x5212;0x5300;0x5301;0x5302;0x5303;0x5310;0x5311;0x5312;0x5313;0x6000;0x6001;0x6002;0x6003;0x6004;0x6005;0x6010;0x6011;0x6012;0x6013;0x6014;0x6015;0x6100;0x6101;0x6102;0x6103;0x6104;0x6105;0x6110;0x6111;0x6112;0x6113;0x6114;0x6115;0x6200;0x6201;0x6202;0x6204;0x6205;0x6210;0x6211;0x6212;0x6214;0x6215;0x6300;0x6301;0x6302;0x6303;0x6304;0x6305;0x6310;0x6311;0x6312;0x6313;0x6314;0x6315;0x6500;0x6510,WQLH6;WQMH6;WQNH6;WQSH6,WQLH6;WQMH6;WQNH6;WQSH6,,WQLH6;WQMH6;WQNH6;WQSH6,no,
P1-10,0,MISC,,2020,,no,,data/Items.bif,0x001004AA,827EEFA9EB8F3AC6D74D1CF9148C79493D1D608C534B4FDE127AC62B31A0802C,0,0,,,,,,no,
P1-12,0,MISC,,2020,,no,,data/Items.bif,0x001004AB,EE1AA92E8280D194556441091CED791E5EFA9458B168E0BC4407DE8D1BE713A9,0,0,,,,,,no,
P1-2,0,MISC,,2020,,no,,data/Items.bif,0x001004AC,20F0165300D7BC95F9D2600EB3DED7E976004A7090B9F9E47CB0F482E29F05D2,0,0,,,,,,no,
P1-20,0,MISC,,2020,,no,,data/Items.bif,0x001004AD,D62C872D0AC12C1E85DDAF23C02BB205776EC104B1FEBB1D1C0D2F35A9313729,0,0,,,,,,no,
P1-2P,0,MISC,,2020,,no,,data/Items.bif,0x001004AE,D35681018087E948A7EB6E6248734C50C8E2C465070A5923A0EC07486500972C,0,0,,,,,,no,
P1-3,0,MISC,,2020,,no,,data/Items.bif,0x001004AF,621560822915965CD5051B85E359B9FC15578AA6E346E94E00A7B11C6F46DB73,0,0,,,,,,no,
P1-4,0,MISC,,2020,,no,,data/Items.bif,0x001004B0,A8A3C638EF6C56DFC2DA7886350302F60B458E78C6A9911EB0F5BD8EA52CA76A,0,0,,,,,,no,
P1-6,0,MISC,,2020,,no,,data/Items.bif,0x001004B1,23F79F7BB8B48E67B2F8FF5326B9F71495E2E8CC0F76DFC55C2073D0E1705B41,0,0,,,,,,no,
P1-8,0,MISC,,2020,,no,,data/Items.bif,0x001004B2,6B9139856B684349848984DF70234EAEB25FA07CD719B7C82F379ABC3BBA6FC9,0,0,,,,,,no,
P1-8M1,0,MISC,,2020,,no,,data/Items.bif,0x001004B3,7698F92AB2F91F99EC7DB83A86C8E966D0FEE738883496D9FC47A45AEF0F8F1D,0,0,,,,,,no,
P2-16,0,MISC,,2020,,no,,data/Items.bif,0x001004B4,1DD2EEDC182F8FEA08A8919965DA732608D236E80C70D9D631297895A3CECDB7,0,0,,,,,,no,
P2-8,0,MISC,,2020,,no,,data/Items.bif,0x001004B5,27EF59AA5FEE7DD7AEA9BA96B73EEF2C802720AB1619A0ED88895119D9F1A72D,0,0,,,,,,no,
P3-12M4,0,MISC,,2020,,no,,data/Items.bif,0x001004B6,A7C5E82423BF3306809381519424D6B13395D3FC4182808CC0830FFD3D8B9951,0,0,,,,,,no,
PALHELM,7,HELMET,helmet,4A38,J8,yes,,data/25Items.bif,0x08400117,F898EB6EB8DB2805B8CBFDD262F92B62680AE2B572820AD91192273669BFAF1E,78,78,0x5000;0x5001;0x5002;0x5003;0x5010;0x5011;0x5012;0x5013;0x5100;0x5101;0x5102;0x5103;0x5110;0x5111;0x5112;0x5113;0x5200;0x5201;0x5202;0x5210;0x5211;0x5212;0x5300;0x5301;0x5302;0x5303;0x5310;0x5311;0x5312;0x5313;0x6000;0x6001;0x6002;0x6003;0x6004;0x6005;0x6010;0x6011;0x6012;0x6013;0x6014;0x6015;0x6100;0x6101;0x6102;0x6103;0x6104;0x6105;0x6110;0x6111;0x6112;0x6113;0x6114;0x6115;0x6200;0x6201;0x6202;0x6204;0x6205;0x6210;0x6211;0x6212;0x6214;0x6215;0x6300;0x6301;0x6302;0x6303;0x6304;0x6305;0x6310;0x6311;0x6312;0x6313;0x6314;0x6315;0x6500;0x6510,WQLJ8;WQMJ8;WQNJ8;WQSJ8,WQLJ8;WQMJ8;WQNJ8;WQSJ8,,WQLJ8;WQMJ8;WQNJ8;WQSJ8,no,
PALPLAT,2,ARMOR,body,3441,4A,yes,4,data/25Items.bif,0x08400118,26EFFAA06F70529DD5205A3F4C22BBA382FAAE12E2E95DBCF27C7EC6B43DD212,76,76,0x5000;0x5001;0x5002;0x5003;0x5010;0x5011;0x5012;0x5013;0x5100;0x5101;0x5102;0x5103;0x5110;0x5111;0x5112;0x5113;0x5200;0x5201;0x5202;0x5210;0x5211;0x5212;0x5300;0x5301;0x5302;0x5303;0x5310;0x5311;0x5312;0x5313;0x6000;0x6001;0x6002;0x6003;0x6004;0x6005;0x6010;0x6011;0x6012;0x6013;0x6014;0x6015;0x6100;0x6101;0x6102;0x6103;0x6104;0x6105;0x6110;0x6111;0x6112;0x6113;0x6114;0x6115;0x6200;0x6201;0x6202;0x6204;0x6205;0x6210;0x6211;0x6212;0x6214;0x6215;0x6300;0x6301;0x6302;0x6303;0x6304;0x6305;0x6310;0x6311;0x6312;0x6313;0x6314;0x6315,CDFC4;CDFF4;CDFT4;CDFW4;CDMC4;CDMF4;CDMT4;CDMW4;CEFC4;CEFF4;CEFT4;CEFW4;CEMC4;CEMF4;CEMT4;CEMW4;CHFC4;CHFF4;CHFT4;CHFW4;CHMC4;CHMF4;CHMT4;CHMW4;CIFC4;CIFF4;CIFT4;CIMC4;CIMF4;CIMT4,CDFC4;CDFF4;CDFT4;CDFW4;CDMC4;CDMF4;CDMT4;CDMW4;CEFC4;CEFF4;CEFT4;CEFW4;CEMC4;CEMF4;CEMT4;CEMW4;CHFC4;CHFF4;CHFT4;CHFW4;CHMC4;CHMF4;CHMT4;CHMW4;CIFC4;CIFF4;CIFT4;CIMC4;CIMF4;CIMT4,,CDFC4;CDFF4;CDFT4;CDFW4;CDMC4;CDMF4;CDMT4;CDMW4;CEFC4;CEFF4;CEFT4;CEFW4;CEMC4;CEMF4;CEMT4;CEMW4;CHFC4;CHFF4;CHFT4;CHFW4;CHMC4;CHMF4;CHMT4;CHMW4;CIFC4;CIFF4;CIFT4;CIMC4;CIMF4;CIMT4,no,
PALRING,10,RING,,2020,,no,,data/Items.bif,0x001004B7,FC59AC876F90E4FB197DF77504D079D6096EEB7D177164784AEE807E9A910CFB,0,0,,,,,,no,
PARABASI,0,MISC,,2020,,no,,data/Items.bif,0x001004B8,5D5D0B87C08F879E0E3CC0803348DDE92BF0A6C85E272DB0EBA565B6E85A625C,0,0,,,,,,no,
PARACARR,0,MISC,,2020,,no,,data/Items.bif,0x001004B9,3CA66CE25A8B1236704DB4665273F558743EF8CB4CB62BC39B12ABE577C6B046,0,0,,,,,,no,
PARAGHAS,0,MISC,,2020,,no,,data/Items.bif,0x001004BA,CA2BE9C8CE21CAA1AC57600901A758FD6F6F36BB9BFBD8DD4A8BE8D568C2DF00,0,0,,,,,,no,
PARAGHOU,0,MISC,,2020,,no,,data/Items.bif,0x001004BB,7AF7F7412B5977D9339787F74FBA950F1993B7918777F094C3F29B193D1FE87F,0,0,,,,,,no,
PHANBLAD,20,BGSWORD,weapon,5331,S1,yes,,data/Items.bif,0x001004BC,A40A0D033AD596DAAE0227BF11D2A08577FD2606C55D624A1270D7FBAF5CBC86,78,78,0x5000;0x5001;0x5002;0x5003;0x5010;0x5011;0x5012;0x5013;0x5100;0x5101;0x5102;0x5103;0x5110;0x5111;0x5112;0x5113;0x5200;0x5201;0x5202;0x5210;0x5211;0x5212;0x5300;0x5301;0x5302;0x5303;0x5310;0x5311;0x5312;0x5313;0x6000;0x6001;0x6002;0x6003;0x6004;0x6005;0x6010;0x6011;0x6012;0x6013;0x6014;0x6015;0x6100;0x6101;0x6102;0x6103;0x6104;0x6105;0x6110;0x6111;0x6112;0x6113;0x6114;0x6115;0x6200;0x6201;0x6202;0x6204;0x6205;0x6210;0x6211;0x6212;0x6214;0x6215;0x6300;0x6301;0x6302;0x6303;0x6304;0x6305;0x6310;0x6311;0x6312;0x6313;0x6314;0x6315;0x6500;0x6510,WQLS1;WQMS1;WQNS1;WQSS1,WQLS1;WQMS1;WQNS1;WQSS1,,WQLS1;WQMS1;WQNS1;WQSS1,no,
PHSPID,28,FIST,weapon,2020,,no,,data/Items.bif,0x001004BD,28299FAC3B81DD8F1C88943933AF284731D2324C1220C9FE1950DC0B0FF71308,0,0,,,,,,no,no-compatible-character-family;visual-animation-code-invalid
PLANETAR,20,BGSWORD,weapon,5331,S1,yes,,data/25Items.bif,0x08400119,4D82BCE7E4CD7C1805AE48792ACC87968D9B7C6E65DFA98C85D81A4190B7E7F9,78,78,0x5000;0x5001;0x5002;0x5003;0x5010;0x5011;0x5012;0x5013;0x5100;0x5101;0x5102;0x5103;0x5110;0x5111;0x5112;0x5113;0x5200;0x5201;0x5202;0x5210;0x5211;0x5212;0x5300;0x5301;0x5302;0x5303;0x5310;0x5311;0x5312;0x5313;0x6000;0x6001;0x6002;0x6003;0x6004;0x6005;0x6010;0x6011;0x6012;0x6013;0x6014;0x6015;0x6100;0x6101;0x6102;0x6103;0x6104;0x6105;0x6110;0x6111;0x6112;0x6113;0x6114;0x6115;0x6200;0x6201;0x6202;0x6204;0x6205;0x6210;0x6211;0x6212;0x6214;0x6215;0x6300;0x6301;0x6302;0x6303;0x6304;0x6305;0x6310;0x6311;0x6312;0x6313;0x6314;0x6315;0x6500;0x6510,WQLS1;WQMS1;WQNS1;WQSS1,WQLS1;WQMS1;WQNS1;WQSS1,,WQLS1;WQMS1;WQNS1;WQSS1,no,
PLAT01,2,ARMOR,body,3441,4A,yes,4,data/Items.bif,0x001004BE,81323D706F67BFE53679EE32AF1CB8006212A702A731D8AA90F6A2C45994275E,76,76,0x5000;0x5001;0x5002;0x5003;0x5010;0x5011;0x5012;0x5013;0x5100;0x5101;0x5102;0x5103;0x5110;0x5111;0x5112;0x5113;0x5200;0x5201;0x5202;0x5210;0x5211;0x5212;0x5300;0x5301;0x5302;0x5303;0x5310;0x5311;0x5312;0x5313;0x6000;0x6001;0x6002;0x6003;0x6004;0x6005;0x6010;0x6011;0x6012;0x6013;0x6014;0x6015;0x6100;0x6101;0x6102;0x6103;0x6104;0x6105;0x6110;0x6111;0x6112;0x6113;0x6114;0x6115;0x6200;0x6201;0x6202;0x6204;0x6205;0x6210;0x6211;0x6212;0x6214;0x6215;0x6300;0x6301;0x6302;0x6303;0x6304;0x6305;0x6310;0x6311;0x6312;0x6313;0x6314;0x6315,CDFC4;CDFF4;CDFT4;CDFW4;CDMC4;CDMF4;CDMT4;CDMW4;CEFC4;CEFF4;CEFT4;CEFW4;CEMC4;CEMF4;CEMT4;CEMW4;CHFC4;CHFF4;CHFT4;CHFW4;CHMC4;CHMF4;CHMT4;CHMW4;CIFC4;CIFF4;CIFT4;CIMC4;CIMF4;CIMT4,CDFC4;CDFF4;CDFT4;CDFW4;CDMC4;CDMF4;CDMT4;CDMW4;CEFC4;CEFF4;CEFT4;CEFW4;CEMC4;CEMF4;CEMT4;CEMW4;CHFC4;CHFF4;CHFT4;CHFW4;CHMC4;CHMF4;CHMT4;CHMW4;CIFC4;CIFF4;CIFT4;CIMC4;CIMF4;CIMT4,,CDFC4;CDFF4;CDFT4;CDFW4;CDMC4;CDMF4;CDMT4;CDMW4;CEFC4;CEFF4;CEFT4;CEFW4;CEMC4;CEMF4;CEMT4;CEMW4;CHFC4;CHFF4;CHFT4;CHFW4;CHMC4;CHMF4;CHMT4;CHMW4;CIFC4;CIFF4;CIFT4;CIMC4;CIMF4;CIMT4,no,
PLAT02,2,ARMOR,body,3441,4A,yes,4,data/Items.bif,0x001004BF,48E0D4FEA8330AE882882D21F53E279F59E0C7C6DB8FB57DF64A729A98732538,76,76,0x5000;0x5001;0x5002;0x5003;0x5010;0x5011;0x5012;0x5013;0x5100;0x5101;0x5102;0x5103;0x5110;0x5111;0x5112;0x5113;0x5200;0x5201;0x5202;0x5210;0x5211;0x5212;0x5300;0x5301;0x5302;0x5303;0x5310;0x5311;0x5312;0x5313;0x6000;0x6001;0x6002;0x6003;0x6004;0x6005;0x6010;0x6011;0x6012;0x6013;0x6014;0x6015;0x6100;0x6101;0x6102;0x6103;0x6104;0x6105;0x6110;0x6111;0x6112;0x6113;0x6114;0x6115;0x6200;0x6201;0x6202;0x6204;0x6205;0x6210;0x6211;0x6212;0x6214;0x6215;0x6300;0x6301;0x6302;0x6303;0x6304;0x6305;0x6310;0x6311;0x6312;0x6313;0x6314;0x6315,CDFC4;CDFF4;CDFT4;CDFW4;CDMC4;CDMF4;CDMT4;CDMW4;CEFC4;CEFF4;CEFT4;CEFW4;CEMC4;CEMF4;CEMT4;CEMW4;CHFC4;CHFF4;CHFT4;CHFW4;CHMC4;CHMF4;CHMT4;CHMW4;CIFC4;CIFF4;CIFT4;CIMC4;CIMF4;CIMT4,CDFC4;CDFF4;CDFT4;CDFW4;CDMC4;CDMF4;CDMT4;CDMW4;CEFC4;CEFF4;CEFT4;CEFW4;CEMC4;CEMF4;CEMT4;CEMW4;CHFC4;CHFF4;CHFT4;CHFW4;CHMC4;CHMF4;CHMT4;CHMW4;CIFC4;CIFF4;CIFT4;CIMC4;CIMF4;CIMT4,,CDFC4;CDFF4;CDFT4;CDFW4;CDMC4;CDMF4;CDMT4;CDMW4;CEFC4;CEFF4;CEFT4;CEFW4;CEMC4;CEMF4;CEMT4;CEMW4;CHFC4;CHFF4;CHFT4;CHFW4;CHMC4;CHMF4;CHMT4;CHMW4;CIFC4;CIFF4;CIFT4;CIMC4;CIMF4;CIMT4,no,
PLAT02J,0,MISC,,2020,,no,,data/25Items.bif,0x0840011A,81E8843BB4C0B2E937D10E2900AF291ACB6B4BEEC60142857375F4FD80618B45,0,0,,,,,,no,
PLAT04,2,ARMOR,body,3441,4A,yes,4,data/Items.bif,0x001004C0,F3B99F51978155C830BA55C1C25AABEA583F7CA2AE810D0987A511F3831B4563,76,76,0x5000;0x5001;0x5002;0x5003;0x5010;0x5011;0x5012;0x5013;0x5100;0x5101;0x5102;0x5103;0x5110;0x5111;0x5112;0x5113;0x5200;0x5201;0x5202;0x5210;0x5211;0x5212;0x5300;0x5301;0x5302;0x5303;0x5310;0x5311;0x5312;0x5313;0x6000;0x6001;0x6002;0x6003;0x6004;0x6005;0x6010;0x6011;0x6012;0x6013;0x6014;0x6015;0x6100;0x6101;0x6102;0x6103;0x6104;0x6105;0x6110;0x6111;0x6112;0x6113;0x6114;0x6115;0x6200;0x6201;0x6202;0x6204;0x6205;0x6210;0x6211;0x6212;0x6214;0x6215;0x6300;0x6301;0x6302;0x6303;0x6304;0x6305;0x6310;0x6311;0x6312;0x6313;0x6314;0x6315,CDFC4;CDFF4;CDFT4;CDFW4;CDMC4;CDMF4;CDMT4;CDMW4;CEFC4;CEFF4;CEFT4;CEFW4;CEMC4;CEMF4;CEMT4;CEMW4;CHFC4;CHFF4;CHFT4;CHFW4;CHMC4;CHMF4;CHMT4;CHMW4;CIFC4;CIFF4;CIFT4;CIMC4;CIMF4;CIMT4,CDFC4;CDFF4;CDFT4;CDFW4;CDMC4;CDMF4;CDMT4;CDMW4;CEFC4;CEFF4;CEFT4;CEFW4;CEMC4;CEMF4;CEMT4;CEMW4;CHFC4;CHFF4;CHFT4;CHFW4;CHMC4;CHMF4;CHMT4;CHMW4;CIFC4;CIFF4;CIFT4;CIMC4;CIMF4;CIMT4,,CDFC4;CDFF4;CDFT4;CDFW4;CDMC4;CDMF4;CDMT4;CDMW4;CEFC4;CEFF4;CEFT4;CEFW4;CEMC4;CEMF4;CEMT4;CEMW4;CHFC4;CHFF4;CHFT4;CHFW4;CHMC4;CHMF4;CHMT4;CHMW4;CIFC4;CIFF4;CIFT4;CIMC4;CIMF4;CIMT4,no,
PLAT05,2,ARMOR,body,3441,4A,yes,4,data/Items.bif,0x001004C1,7B51C318F93A82FA06013726F38D6D99C2B51DFD9BA87A3130AE40433671B3A5,76,76,0x5000;0x5001;0x5002;0x5003;0x5010;0x5011;0x5012;0x5013;0x5100;0x5101;0x5102;0x5103;0x5110;0x5111;0x5112;0x5113;0x5200;0x5201;0x5202;0x5210;0x5211;0x5212;0x5300;0x5301;0x5302;0x5303;0x5310;0x5311;0x5312;0x5313;0x6000;0x6001;0x6002;0x6003;0x6004;0x6005;0x6010;0x6011;0x6012;0x6013;0x6014;0x6015;0x6100;0x6101;0x6102;0x6103;0x6104;0x6105;0x6110;0x6111;0x6112;0x6113;0x6114;0x6115;0x6200;0x6201;0x6202;0x6204;0x6205;0x6210;0x6211;0x6212;0x6214;0x6215;0x6300;0x6301;0x6302;0x6303;0x6304;0x6305;0x6310;0x6311;0x6312;0x6313;0x6314;0x6315,CDFC4;CDFF4;CDFT4;CDFW4;CDMC4;CDMF4;CDMT4;CDMW4;CEFC4;CEFF4;CEFT4;CEFW4;CEMC4;CEMF4;CEMT4;CEMW4;CHFC4;CHFF4;CHFT4;CHFW4;CHMC4;CHMF4;CHMT4;CHMW4;CIFC4;CIFF4;CIFT4;CIMC4;CIMF4;CIMT4,CDFC4;CDFF4;CDFT4;CDFW4;CDMC4;CDMF4;CDMT4;CDMW4;CEFC4;CEFF4;CEFT4;CEFW4;CEMC4;CEMF4;CEMT4;CEMW4;CHFC4;CHFF4;CHFT4;CHFW4;CHMC4;CHMF4;CHMT4;CHMW4;CIFC4;CIFF4;CIFT4;CIMC4;CIMF4;CIMT4,,CDFC4;CDFF4;CDFT4;CDFW4;CDMC4;CDMF4;CDMT4;CDMW4;CEFC4;CEFF4;CEFT4;CEFW4;CEMC4;CEMF4;CEMT4;CEMW4;CHFC4;CHFF4;CHFT4;CHFW4;CHMC4;CHMF4;CHMT4;CHMW4;CIFC4;CIFF4;CIFT4;CIMC4;CIMF4;CIMT4,no,
PLAT06,2,ARMOR,body,3441,4A,yes,4,data/Items.bif,0x001004C2,877DC57B55D166C83E8F2CAD9760C6C6B1C0FE96E05578C9AA4EA2DA4E090D8B,76,76,0x5000;0x5001;0x5002;0x5003;0x5010;0x5011;0x5012;0x5013;0x5100;0x5101;0x5102;0x5103;0x5110;0x5111;0x5112;0x5113;0x5200;0x5201;0x5202;0x5210;0x5211;0x5212;0x5300;0x5301;0x5302;0x5303;0x5310;0x5311;0x5312;0x5313;0x6000;0x6001;0x6002;0x6003;0x6004;0x6005;0x6010;0x6011;0x6012;0x6013;0x6014;0x6015;0x6100;0x6101;0x6102;0x6103;0x6104;0x6105;0x6110;0x6111;0x6112;0x6113;0x6114;0x6115;0x6200;0x6201;0x6202;0x6204;0x6205;0x6210;0x6211;0x6212;0x6214;0x6215;0x6300;0x6301;0x6302;0x6303;0x6304;0x6305;0x6310;0x6311;0x6312;0x6313;0x6314;0x6315,CDFC4;CDFF4;CDFT4;CDFW4;CDMC4;CDMF4;CDMT4;CDMW4;CEFC4;CEFF4;CEFT4;CEFW4;CEMC4;CEMF4;CEMT4;CEMW4;CHFC4;CHFF4;CHFT4;CHFW4;CHMC4;CHMF4;CHMT4;CHMW4;CIFC4;CIFF4;CIFT4;CIMC4;CIMF4;CIMT4,CDFC4;CDFF4;CDFT4;CDFW4;CDMC4;CDMF4;CDMT4;CDMW4;CEFC4;CEFF4;CEFT4;CEFW4;CEMC4;CEMF4;CEMT4;CEMW4;CHFC4;CHFF4;CHFT4;CHFW4;CHMC4;CHMF4;CHMT4;CHMW4;CIFC4;CIFF4;CIFT4;CIMC4;CIMF4;CIMT4,,CDFC4;CDFF4;CDFT4;CDFW4;CDMC4;CDMF4;CDMT4;CDMW4;CEFC4;CEFF4;CEFT4;CEFW4;CEMC4;CEMF4;CEMT4;CEMW4;CHFC4;CHFF4;CHFT4;CHFW4;CHMC4;CHMF4;CHMT4;CHMW4;CIFC4;CIFF4;CIFT4;CIMC4;CIMF4;CIMT4,no,
PLAT07,2,ARMOR,body,3441,4A,yes,4,data/Items.bif,0x001004C3,1EA0FA4E871B33D681B2C5C79E4C839D73BD7D498F05495B9BB6AC183F297BEF,76,76,0x5000;0x5001;0x5002;0x5003;0x5010;0x5011;0x5012;0x5013;0x5100;0x5101;0x5102;0x5103;0x5110;0x5111;0x5112;0x5113;0x5200;0x5201;0x5202;0x5210;0x5211;0x5212;0x5300;0x5301;0x5302;0x5303;0x5310;0x5311;0x5312;0x5313;0x6000;0x6001;0x6002;0x6003;0x6004;0x6005;0x6010;0x6011;0x6012;0x6013;0x6014;0x6015;0x6100;0x6101;0x6102;0x6103;0x6104;0x6105;0x6110;0x6111;0x6112;0x6113;0x6114;0x6115;0x6200;0x6201;0x6202;0x6204;0x6205;0x6210;0x6211;0x6212;0x6214;0x6215;0x6300;0x6301;0x6302;0x6303;0x6304;0x6305;0x6310;0x6311;0x6312;0x6313;0x6314;0x6315,CDFC4;CDFF4;CDFT4;CDFW4;CDMC4;CDMF4;CDMT4;CDMW4;CEFC4;CEFF4;CEFT4;CEFW4;CEMC4;CEMF4;CEMT4;CEMW4;CHFC4;CHFF4;CHFT4;CHFW4;CHMC4;CHMF4;CHMT4;CHMW4;CIFC4;CIFF4;CIFT4;CIMC4;CIMF4;CIMT4,CDFC4;CDFF4;CDFT4;CDFW4;CDMC4;CDMF4;CDMT4;CDMW4;CEFC4;CEFF4;CEFT4;CEFW4;CEMC4;CEMF4;CEMT4;CEMW4;CHFC4;CHFF4;CHFT4;CHFW4;CHMC4;CHMF4;CHMT4;CHMW4;CIFC4;CIFF4;CIFT4;CIMC4;CIMF4;CIMT4,,CDFC4;CDFF4;CDFT4;CDFW4;CDMC4;CDMF4;CDMT4;CDMW4;CEFC4;CEFF4;CEFT4;CEFW4;CEMC4;CEMF4;CEMT4;CEMW4;CHFC4;CHFF4;CHFT4;CHFW4;CHMC4;CHMF4;CHMT4;CHMW4;CIFC4;CIFF4;CIFT4;CIMC4;CIMF4;CIMT4,no,
PLAT08,2,ARMOR,body,3441,4A,yes,4,data/Items.bif,0x001004C4,0623599AF6EA1E7CAEB071C5C820AD214B8378EB0CD94AFBE38356D6DC2E58A9,76,76,0x5000;0x5001;0x5002;0x5003;0x5010;0x5011;0x5012;0x5013;0x5100;0x5101;0x5102;0x5103;0x5110;0x5111;0x5112;0x5113;0x5200;0x5201;0x5202;0x5210;0x5211;0x5212;0x5300;0x5301;0x5302;0x5303;0x5310;0x5311;0x5312;0x5313;0x6000;0x6001;0x6002;0x6003;0x6004;0x6005;0x6010;0x6011;0x6012;0x6013;0x6014;0x6015;0x6100;0x6101;0x6102;0x6103;0x6104;0x6105;0x6110;0x6111;0x6112;0x6113;0x6114;0x6115;0x6200;0x6201;0x6202;0x6204;0x6205;0x6210;0x6211;0x6212;0x6214;0x6215;0x6300;0x6301;0x6302;0x6303;0x6304;0x6305;0x6310;0x6311;0x6312;0x6313;0x6314;0x6315,CDFC4;CDFF4;CDFT4;CDFW4;CDMC4;CDMF4;CDMT4;CDMW4;CEFC4;CEFF4;CEFT4;CEFW4;CEMC4;CEMF4;CEMT4;CEMW4;CHFC4;CHFF4;CHFT4;CHFW4;CHMC4;CHMF4;CHMT4;CHMW4;CIFC4;CIFF4;CIFT4;CIMC4;CIMF4;CIMT4,CDFC4;CDFF4;CDFT4;CDFW4;CDMC4;CDMF4;CDMT4;CDMW4;CEFC4;CEFF4;CEFT4;CEFW4;CEMC4;CEMF4;CEMT4;CEMW4;CHFC4;CHFF4;CHFT4;CHFW4;CHMC4;CHMF4;CHMT4;CHMW4;CIFC4;CIFF4;CIFT4;CIMC4;CIMF4;CIMT4,,CDFC4;CDFF4;CDFT4;CDFW4;CDMC4;CDMF4;CDMT4;CDMW4;CEFC4;CEFF4;CEFT4;CEFW4;CEMC4;CEMF4;CEMT4;CEMW4;CHFC4;CHFF4;CHFT4;CHFW4;CHMC4;CHMF4;CHMT4;CHMW4;CIFC4;CIFF4;CIFT4;CIMC4;CIMF4;CIMT4,no,
PLAT09,2,ARMOR,body,3441,4A,yes,4,data/Items.bif,0x001004C5,2E66FD54E2CFFF56FC5AA4FE0D402C5CFD877E8EF8796E78C91B2B127F854133,76,76,0x5000;0x5001;0x5002;0x5003;0x5010;0x5011;0x5012;0x5013;0x5100;0x5101;0x5102;0x5103;0x5110;0x5111;0x5112;0x5113;0x5200;0x5201;0x5202;0x5210;0x5211;0x5212;0x5300;0x5301;0x5302;0x5303;0x5310;0x5311;0x5312;0x5313;0x6000;0x6001;0x6002;0x6003;0x6004;0x6005;0x6010;0x6011;0x6012;0x6013;0x6014;0x6015;0x6100;0x6101;0x6102;0x6103;0x6104;0x6105;0x6110;0x6111;0x6112;0x6113;0x6114;0x6115;0x6200;0x6201;0x6202;0x6204;0x6205;0x6210;0x6211;0x6212;0x6214;0x6215;0x6300;0x6301;0x6302;0x6303;0x6304;0x6305;0x6310;0x6311;0x6312;0x6313;0x6314;0x6315,CDFC4;CDFF4;CDFT4;CDFW4;CDMC4;CDMF4;CDMT4;CDMW4;CEFC4;CEFF4;CEFT4;CEFW4;CEMC4;CEMF4;CEMT4;CEMW4;CHFC4;CHFF4;CHFT4;CHFW4;CHMC4;CHMF4;CHMT4;CHMW4;CIFC4;CIFF4;CIFT4;CIMC4;CIMF4;CIMT4,CDFC4;CDFF4;CDFT4;CDFW4;CDMC4;CDMF4;CDMT4;CDMW4;CEFC4;CEFF4;CEFT4;CEFW4;CEMC4;CEMF4;CEMT4;CEMW4;CHFC4;CHFF4;CHFT4;CHFW4;CHMC4;CHMF4;CHMT4;CHMW4;CIFC4;CIFF4;CIFT4;CIMC4;CIMF4;CIMT4,,CDFC4;CDFF4;CDFT4;CDFW4;CDMC4;CDMF4;CDMT4;CDMW4;CEFC4;CEFF4;CEFT4;CEFW4;CEMC4;CEMF4;CEMT4;CEMW4;CHFC4;CHFF4;CHFT4;CHFW4;CHMC4;CHMF4;CHMT4;CHMW4;CIFC4;CIFF4;CIFT4;CIMC4;CIMF4;CIMT4,no,
PLAT10,2,ARMOR,body,3441,4A,yes,4,data/Items.bif,0x001004C6,BCAF1437A1188ACA5BDC0D9534F4FBBB3C2335E97D7A5F55318BD1636D044510,76,76,0x5000;0x5001;0x5002;0x5003;0x5010;0x5011;0x5012;0x5013;0x5100;0x5101;0x5102;0x5103;0x5110;0x5111;0x5112;0x5113;0x5200;0x5201;0x5202;0x5210;0x5211;0x5212;0x5300;0x5301;0x5302;0x5303;0x5310;0x5311;0x5312;0x5313;0x6000;0x6001;0x6002;0x6003;0x6004;0x6005;0x6010;0x6011;0x6012;0x6013;0x6014;0x6015;0x6100;0x6101;0x6102;0x6103;0x6104;0x6105;0x6110;0x6111;0x6112;0x6113;0x6114;0x6115;0x6200;0x6201;0x6202;0x6204;0x6205;0x6210;0x6211;0x6212;0x6214;0x6215;0x6300;0x6301;0x6302;0x6303;0x6304;0x6305;0x6310;0x6311;0x6312;0x6313;0x6314;0x6315,CDFC4;CDFF4;CDFT4;CDFW4;CDMC4;CDMF4;CDMT4;CDMW4;CEFC4;CEFF4;CEFT4;CEFW4;CEMC4;CEMF4;CEMT4;CEMW4;CHFC4;CHFF4;CHFT4;CHFW4;CHMC4;CHMF4;CHMT4;CHMW4;CIFC4;CIFF4;CIFT4;CIMC4;CIMF4;CIMT4,CDFC4;CDFF4;CDFT4;CDFW4;CDMC4;CDMF4;CDMT4;CDMW4;CEFC4;CEFF4;CEFT4;CEFW4;CEMC4;CEMF4;CEMT4;CEMW4;CHFC4;CHFF4;CHFT4;CHFW4;CHMC4;CHMF4;CHMT4;CHMW4;CIFC4;CIFF4;CIFT4;CIMC4;CIMF4;CIMT4,,CDFC4;CDFF4;CDFT4;CDFW4;CDMC4;CDMF4;CDMT4;CDMW4;CEFC4;CEFF4;CEFT4;CEFW4;CEMC4;CEMF4;CEMT4;CEMW4;CHFC4;CHFF4;CHFT4;CHFW4;CHMC4;CHMF4;CHMT4;CHMW4;CIFC4;CIFF4;CIFT4;CIMC4;CIMF4;CIMT4,no,
PLAT11,2,ARMOR,body,3441,4A,yes,4,data/Items.bif,0x001004C7,FEC3CE11247D98653E14928EFD4F54F2CA97C9C40BCEE35751AD38B80976452B,76,76,0x5000;0x5001;0x5002;0x5003;0x5010;0x5011;0x5012;0x5013;0x5100;0x5101;0x5102;0x5103;0x5110;0x5111;0x5112;0x5113;0x5200;0x5201;0x5202;0x5210;0x5211;0x5212;0x5300;0x5301;0x5302;0x5303;0x5310;0x5311;0x5312;0x5313;0x6000;0x6001;0x6002;0x6003;0x6004;0x6005;0x6010;0x6011;0x6012;0x6013;0x6014;0x6015;0x6100;0x6101;0x6102;0x6103;0x6104;0x6105;0x6110;0x6111;0x6112;0x6113;0x6114;0x6115;0x6200;0x6201;0x6202;0x6204;0x6205;0x6210;0x6211;0x6212;0x6214;0x6215;0x6300;0x6301;0x6302;0x6303;0x6304;0x6305;0x6310;0x6311;0x6312;0x6313;0x6314;0x6315,CDFC4;CDFF4;CDFT4;CDFW4;CDMC4;CDMF4;CDMT4;CDMW4;CEFC4;CEFF4;CEFT4;CEFW4;CEMC4;CEMF4;CEMT4;CEMW4;CHFC4;CHFF4;CHFT4;CHFW4;CHMC4;CHMF4;CHMT4;CHMW4;CIFC4;CIFF4;CIFT4;CIMC4;CIMF4;CIMT4,CDFC4;CDFF4;CDFT4;CDFW4;CDMC4;CDMF4;CDMT4;CDMW4;CEFC4;CEFF4;CEFT4;CEFW4;CEMC4;CEMF4;CEMT4;CEMW4;CHFC4;CHFF4;CHFT4;CHFW4;CHMC4;CHMF4;CHMT4;CHMW4;CIFC4;CIFF4;CIFT4;CIMC4;CIMF4;CIMT4,,CDFC4;CDFF4;CDFT4;CDFW4;CDMC4;CDMF4;CDMT4;CDMW4;CEFC4;CEFF4;CEFT4;CEFW4;CEMC4;CEMF4;CEMT4;CEMW4;CHFC4;CHFF4;CHFT4;CHFW4;CHMC4;CHMF4;CHMT4;CHMW4;CIFC4;CIFF4;CIFT4;CIMC4;CIMF4;CIMT4,no,
PLAT12,2,ARMOR,body,3441,4A,yes,4,data/Items.bif,0x001004C8,90ECA12C4B77011C7007927012454E470F6792FAFCECC60ABDB5ED8F27B3E379,76,76,0x5000;0x5001;0x5002;0x5003;0x5010;0x5011;0x5012;0x5013;0x5100;0x5101;0x5102;0x5103;0x5110;0x5111;0x5112;0x5113;0x5200;0x5201;0x5202;0x5210;0x5211;0x5212;0x5300;0x5301;0x5302;0x5303;0x5310;0x5311;0x5312;0x5313;0x6000;0x6001;0x6002;0x6003;0x6004;0x6005;0x6010;0x6011;0x6012;0x6013;0x6014;0x6015;0x6100;0x6101;0x6102;0x6103;0x6104;0x6105;0x6110;0x6111;0x6112;0x6113;0x6114;0x6115;0x6200;0x6201;0x6202;0x6204;0x6205;0x6210;0x6211;0x6212;0x6214;0x6215;0x6300;0x6301;0x6302;0x6303;0x6304;0x6305;0x6310;0x6311;0x6312;0x6313;0x6314;0x6315,CDFC4;CDFF4;CDFT4;CDFW4;CDMC4;CDMF4;CDMT4;CDMW4;CEFC4;CEFF4;CEFT4;CEFW4;CEMC4;CEMF4;CEMT4;CEMW4;CHFC4;CHFF4;CHFT4;CHFW4;CHMC4;CHMF4;CHMT4;CHMW4;CIFC4;CIFF4;CIFT4;CIMC4;CIMF4;CIMT4,CDFC4;CDFF4;CDFT4;CDFW4;CDMC4;CDMF4;CDMT4;CDMW4;CEFC4;CEFF4;CEFT4;CEFW4;CEMC4;CEMF4;CEMT4;CEMW4;CHFC4;CHFF4;CHFT4;CHFW4;CHMC4;CHMF4;CHMT4;CHMW4;CIFC4;CIFF4;CIFT4;CIMC4;CIMF4;CIMT4,,CDFC4;CDFF4;CDFT4;CDFW4;CDMC4;CDMF4;CDMT4;CDMW4;CEFC4;CEFF4;CEFT4;CEFW4;CEMC4;CEMF4;CEMT4;CEMW4;CHFC4;CHFF4;CHFT4;CHFW4;CHMC4;CHMF4;CHMT4;CHMW4;CIFC4;CIFF4;CIFT4;CIMC4;CIMF4;CIMT4,no,
PLAT13,2,ARMOR,body,3441,4A,yes,4,data/Items.bif,0x001004C9,848032E247F2DD06A603C72707E758BF6CF1B10170590518151CB9B9ED26EA9E,76,76,0x5000;0x5001;0x5002;0x5003;0x5010;0x5011;0x5012;0x5013;0x5100;0x5101;0x5102;0x5103;0x5110;0x5111;0x5112;0x5113;0x5200;0x5201;0x5202;0x5210;0x5211;0x5212;0x5300;0x5301;0x5302;0x5303;0x5310;0x5311;0x5312;0x5313;0x6000;0x6001;0x6002;0x6003;0x6004;0x6005;0x6010;0x6011;0x6012;0x6013;0x6014;0x6015;0x6100;0x6101;0x6102;0x6103;0x6104;0x6105;0x6110;0x6111;0x6112;0x6113;0x6114;0x6115;0x6200;0x6201;0x6202;0x6204;0x6205;0x6210;0x6211;0x6212;0x6214;0x6215;0x6300;0x6301;0x6302;0x6303;0x6304;0x6305;0x6310;0x6311;0x6312;0x6313;0x6314;0x6315,CDFC4;CDFF4;CDFT4;CDFW4;CDMC4;CDMF4;CDMT4;CDMW4;CEFC4;CEFF4;CEFT4;CEFW4;CEMC4;CEMF4;CEMT4;CEMW4;CHFC4;CHFF4;CHFT4;CHFW4;CHMC4;CHMF4;CHMT4;CHMW4;CIFC4;CIFF4;CIFT4;CIMC4;CIMF4;CIMT4,CDFC4;CDFF4;CDFT4;CDFW4;CDMC4;CDMF4;CDMT4;CDMW4;CEFC4;CEFF4;CEFT4;CEFW4;CEMC4;CEMF4;CEMT4;CEMW4;CHFC4;CHFF4;CHFT4;CHFW4;CHMC4;CHMF4;CHMT4;CHMW4;CIFC4;CIFF4;CIFT4;CIMC4;CIMF4;CIMT4,,CDFC4;CDFF4;CDFT4;CDFW4;CDMC4;CDMF4;CDMT4;CDMW4;CEFC4;CEFF4;CEFT4;CEFW4;CEMC4;CEMF4;CEMT4;CEMW4;CHFC4;CHFF4;CHFT4;CHFW4;CHMC4;CHMF4;CHMT4;CHMW4;CIFC4;CIFF4;CIFT4;CIMC4;CIMF4;CIMT4,no,
PLAT14,2,ARMOR,body,3441,4A,yes,4,data/Items.bif,0x001004CA,B36D77287674DD8984F541A5AE76329EB103A6883A66EB4C11646636004D161C,76,76,0x5000;0x5001;0x5002;0x5003;0x5010;0x5011;0x5012;0x5013;0x5100;0x5101;0x5102;0x5103;0x5110;0x5111;0x5112;0x5113;0x5200;0x5201;0x5202;0x5210;0x5211;0x5212;0x5300;0x5301;0x5302;0x5303;0x5310;0x5311;0x5312;0x5313;0x6000;0x6001;0x6002;0x6003;0x6004;0x6005;0x6010;0x6011;0x6012;0x6013;0x6014;0x6015;0x6100;0x6101;0x6102;0x6103;0x6104;0x6105;0x6110;0x6111;0x6112;0x6113;0x6114;0x6115;0x6200;0x6201;0x6202;0x6204;0x6205;0x6210;0x6211;0x6212;0x6214;0x6215;0x6300;0x6301;0x6302;0x6303;0x6304;0x6305;0x6310;0x6311;0x6312;0x6313;0x6314;0x6315,CDFC4;CDFF4;CDFT4;CDFW4;CDMC4;CDMF4;CDMT4;CDMW4;CEFC4;CEFF4;CEFT4;CEFW4;CEMC4;CEMF4;CEMT4;CEMW4;CHFC4;CHFF4;CHFT4;CHFW4;CHMC4;CHMF4;CHMT4;CHMW4;CIFC4;CIFF4;CIFT4;CIMC4;CIMF4;CIMT4,CDFC4;CDFF4;CDFT4;CDFW4;CDMC4;CDMF4;CDMT4;CDMW4;CEFC4;CEFF4;CEFT4;CEFW4;CEMC4;CEMF4;CEMT4;CEMW4;CHFC4;CHFF4;CHFT4;CHFW4;CHMC4;CHMF4;CHMT4;CHMW4;CIFC4;CIFF4;CIFT4;CIMC4;CIMF4;CIMT4,,CDFC4;CDFF4;CDFT4;CDFW4;CDMC4;CDMF4;CDMT4;CDMW4;CEFC4;CEFF4;CEFT4;CEFW4;CEMC4;CEMF4;CEMT4;CEMW4;CHFC4;CHFF4;CHFT4;CHFW4;CHMC4;CHMF4;CHMT4;CHMW4;CIFC4;CIFF4;CIFT4;CIMC4;CIMF4;CIMT4,no,
PLAT15,2,ARMOR,body,3441,4A,yes,4,data/Items.bif,0x001004CB,4CDA5D8E75425E032BA5C996AEE675F25252C7E71A2758BF5C91AF57DE233FE2,76,76,0x5000;0x5001;0x5002;0x5003;0x5010;0x5011;0x5012;0x5013;0x5100;0x5101;0x5102;0x5103;0x5110;0x5111;0x5112;0x5113;0x5200;0x5201;0x5202;0x5210;0x5211;0x5212;0x5300;0x5301;0x5302;0x5303;0x5310;0x5311;0x5312;0x5313;0x6000;0x6001;0x6002;0x6003;0x6004;0x6005;0x6010;0x6011;0x6012;0x6013;0x6014;0x6015;0x6100;0x6101;0x6102;0x6103;0x6104;0x6105;0x6110;0x6111;0x6112;0x6113;0x6114;0x6115;0x6200;0x6201;0x6202;0x6204;0x6205;0x6210;0x6211;0x6212;0x6214;0x6215;0x6300;0x6301;0x6302;0x6303;0x6304;0x6305;0x6310;0x6311;0x6312;0x6313;0x6314;0x6315,CDFC4;CDFF4;CDFT4;CDFW4;CDMC4;CDMF4;CDMT4;CDMW4;CEFC4;CEFF4;CEFT4;CEFW4;CEMC4;CEMF4;CEMT4;CEMW4;CHFC4;CHFF4;CHFT4;CHFW4;CHMC4;CHMF4;CHMT4;CHMW4;CIFC4;CIFF4;CIFT4;CIMC4;CIMF4;CIMT4,CDFC4;CDFF4;CDFT4;CDFW4;CDMC4;CDMF4;CDMT4;CDMW4;CEFC4;CEFF4;CEFT4;CEFW4;CEMC4;CEMF4;CEMT4;CEMW4;CHFC4;CHFF4;CHFT4;CHFW4;CHMC4;CHMF4;CHMT4;CHMW4;CIFC4;CIFF4;CIFT4;CIMC4;CIMF4;CIMT4,,CDFC4;CDFF4;CDFT4;CDFW4;CDMC4;CDMF4;CDMT4;CDMW4;CEFC4;CEFF4;CEFT4;CEFW4;CEMC4;CEMF4;CEMT4;CEMW4;CHFC4;CHFF4;CHFT4;CHFW4;CHMC4;CHMF4;CHMT4;CHMW4;CIFC4;CIFF4;CIFT4;CIMC4;CIMF4;CIMT4,no,
PLAT16,2,ARMOR,body,3441,4A,yes,4,data/Items.bif,0x001004CC,7B38F819C5646EAB30166598B9A3F95B0A99922BE3B8C9A7D9EFB8B778AEADF6,76,76,0x5000;0x5001;0x5002;0x5003;0x5010;0x5011;0x5012;0x5013;0x5100;0x5101;0x5102;0x5103;0x5110;0x5111;0x5112;0x5113;0x5200;0x5201;0x5202;0x5210;0x5211;0x5212;0x5300;0x5301;0x5302;0x5303;0x5310;0x5311;0x5312;0x5313;0x6000;0x6001;0x6002;0x6003;0x6004;0x6005;0x6010;0x6011;0x6012;0x6013;0x6014;0x6015;0x6100;0x6101;0x6102;0x6103;0x6104;0x6105;0x6110;0x6111;0x6112;0x6113;0x6114;0x6115;0x6200;0x6201;0x6202;0x6204;0x6205;0x6210;0x6211;0x6212;0x6214;0x6215;0x6300;0x6301;0x6302;0x6303;0x6304;0x6305;0x6310;0x6311;0x6312;0x6313;0x6314;0x6315,CDFC4;CDFF4;CDFT4;CDFW4;CDMC4;CDMF4;CDMT4;CDMW4;CEFC4;CEFF4;CEFT4;CEFW4;CEMC4;CEMF4;CEMT4;CEMW4;CHFC4;CHFF4;CHFT4;CHFW4;CHMC4;CHMF4;CHMT4;CHMW4;CIFC4;CIFF4;CIFT4;CIMC4;CIMF4;CIMT4,CDFC4;CDFF4;CDFT4;CDFW4;CDMC4;CDMF4;CDMT4;CDMW4;CEFC4;CEFF4;CEFT4;CEFW4;CEMC4;CEMF4;CEMT4;CEMW4;CHFC4;CHFF4;CHFT4;CHFW4;CHMC4;CHMF4;CHMT4;CHMW4;CIFC4;CIFF4;CIFT4;CIMC4;CIMF4;CIMT4,,CDFC4;CDFF4;CDFT4;CDFW4;CDMC4;CDMF4;CDMT4;CDMW4;CEFC4;CEFF4;CEFT4;CEFW4;CEMC4;CEMF4;CEMT4;CEMW4;CHFC4;CHFF4;CHFT4;CHFW4;CHMC4;CHMF4;CHMT4;CHMW4;CIFC4;CIFF4;CIFT4;CIMC4;CIMF4;CIMT4,no,
PLAT17,2,ARMOR,body,3441,4A,yes,4,data/Items.bif,0x001004CD,A4C66AD39308A6C236303AFD08F563476BBB241C1E2F40359D25881C261F28E6,76,76,0x5000;0x5001;0x5002;0x5003;0x5010;0x5011;0x5012;0x5013;0x5100;0x5101;0x5102;0x5103;0x5110;0x5111;0x5112;0x5113;0x5200;0x5201;0x5202;0x5210;0x5211;0x5212;0x5300;0x5301;0x5302;0x5303;0x5310;0x5311;0x5312;0x5313;0x6000;0x6001;0x6002;0x6003;0x6004;0x6005;0x6010;0x6011;0x6012;0x6013;0x6014;0x6015;0x6100;0x6101;0x6102;0x6103;0x6104;0x6105;0x6110;0x6111;0x6112;0x6113;0x6114;0x6115;0x6200;0x6201;0x6202;0x6204;0x6205;0x6210;0x6211;0x6212;0x6214;0x6215;0x6300;0x6301;0x6302;0x6303;0x6304;0x6305;0x6310;0x6311;0x6312;0x6313;0x6314;0x6315,CDFC4;CDFF4;CDFT4;CDFW4;CDMC4;CDMF4;CDMT4;CDMW4;CEFC4;CEFF4;CEFT4;CEFW4;CEMC4;CEMF4;CEMT4;CEMW4;CHFC4;CHFF4;CHFT4;CHFW4;CHMC4;CHMF4;CHMT4;CHMW4;CIFC4;CIFF4;CIFT4;CIMC4;CIMF4;CIMT4,CDFC4;CDFF4;CDFT4;CDFW4;CDMC4;CDMF4;CDMT4;CDMW4;CEFC4;CEFF4;CEFT4;CEFW4;CEMC4;CEMF4;CEMT4;CEMW4;CHFC4;CHFF4;CHFT4;CHFW4;CHMC4;CHMF4;CHMT4;CHMW4;CIFC4;CIFF4;CIFT4;CIMC4;CIMF4;CIMT4,,CDFC4;CDFF4;CDFT4;CDFW4;CDMC4;CDMF4;CDMT4;CDMW4;CEFC4;CEFF4;CEFT4;CEFW4;CEMC4;CEMF4;CEMT4;CEMW4;CHFC4;CHFF4;CHFT4;CHFW4;CHMC4;CHMF4;CHMT4;CHMW4;CIFC4;CIFF4;CIFT4;CIMC4;CIMF4;CIMT4,no,
PLAT18,2,ARMOR,body,3441,4A,yes,4,data/Items.bif,0x001004CE,FE20C94F2CA087D2B984BE6151A645527390C7173F1B9FCE5A282FAB6CC0211A,76,76,0x5000;0x5001;0x5002;0x5003;0x5010;0x5011;0x5012;0x5013;0x5100;0x5101;0x5102;0x5103;0x5110;0x5111;0x5112;0x5113;0x5200;0x5201;0x5202;0x5210;0x5211;0x5212;0x5300;0x5301;0x5302;0x5303;0x5310;0x5311;0x5312;0x5313;0x6000;0x6001;0x6002;0x6003;0x6004;0x6005;0x6010;0x6011;0x6012;0x6013;0x6014;0x6015;0x6100;0x6101;0x6102;0x6103;0x6104;0x6105;0x6110;0x6111;0x6112;0x6113;0x6114;0x6115;0x6200;0x6201;0x6202;0x6204;0x6205;0x6210;0x6211;0x6212;0x6214;0x6215;0x6300;0x6301;0x6302;0x6303;0x6304;0x6305;0x6310;0x6311;0x6312;0x6313;0x6314;0x6315,CDFC4;CDFF4;CDFT4;CDFW4;CDMC4;CDMF4;CDMT4;CDMW4;CEFC4;CEFF4;CEFT4;CEFW4;CEMC4;CEMF4;CEMT4;CEMW4;CHFC4;CHFF4;CHFT4;CHFW4;CHMC4;CHMF4;CHMT4;CHMW4;CIFC4;CIFF4;CIFT4;CIMC4;CIMF4;CIMT4,CDFC4;CDFF4;CDFT4;CDFW4;CDMC4;CDMF4;CDMT4;CDMW4;CEFC4;CEFF4;CEFT4;CEFW4;CEMC4;CEMF4;CEMT4;CEMW4;CHFC4;CHFF4;CHFT4;CHFW4;CHMC4;CHMF4;CHMT4;CHMW4;CIFC4;CIFF4;CIFT4;CIMC4;CIMF4;CIMT4,,CDFC4;CDFF4;CDFT4;CDFW4;CDMC4;CDMF4;CDMT4;CDMW4;CEFC4;CEFF4;CEFT4;CEFW4;CEMC4;CEMF4;CEMT4;CEMW4;CHFC4;CHFF4;CHFT4;CHFW4;CHMC4;CHMF4;CHMT4;CHMW4;CIFC4;CIFF4;CIFT4;CIMC4;CIMF4;CIMT4,no,
PLAT19,2,ARMOR,body,3441,4A,yes,4,data/Items.bif,0x001004CF,FB9B4B968CA0F2CFA1AEF44C1B696252DA4E697AFC2BB1DFDDE8B2552FB92551,76,76,0x5000;0x5001;0x5002;0x5003;0x5010;0x5011;0x5012;0x5013;0x5100;0x5101;0x5102;0x5103;0x5110;0x5111;0x5112;0x5113;0x5200;0x5201;0x5202;0x5210;0x5211;0x5212;0x5300;0x5301;0x5302;0x5303;0x5310;0x5311;0x5312;0x5313;0x6000;0x6001;0x6002;0x6003;0x6004;0x6005;0x6010;0x6011;0x6012;0x6013;0x6014;0x6015;0x6100;0x6101;0x6102;0x6103;0x6104;0x6105;0x6110;0x6111;0x6112;0x6113;0x6114;0x6115;0x6200;0x6201;0x6202;0x6204;0x6205;0x6210;0x6211;0x6212;0x6214;0x6215;0x6300;0x6301;0x6302;0x6303;0x6304;0x6305;0x6310;0x6311;0x6312;0x6313;0x6314;0x6315,CDFC4;CDFF4;CDFT4;CDFW4;CDMC4;CDMF4;CDMT4;CDMW4;CEFC4;CEFF4;CEFT4;CEFW4;CEMC4;CEMF4;CEMT4;CEMW4;CHFC4;CHFF4;CHFT4;CHFW4;CHMC4;CHMF4;CHMT4;CHMW4;CIFC4;CIFF4;CIFT4;CIMC4;CIMF4;CIMT4,CDFC4;CDFF4;CDFT4;CDFW4;CDMC4;CDMF4;CDMT4;CDMW4;CEFC4;CEFF4;CEFT4;CEFW4;CEMC4;CEMF4;CEMT4;CEMW4;CHFC4;CHFF4;CHFT4;CHFW4;CHMC4;CHMF4;CHMT4;CHMW4;CIFC4;CIFF4;CIFT4;CIMC4;CIMF4;CIMT4,,CDFC4;CDFF4;CDFT4;CDFW4;CDMC4;CDMF4;CDMT4;CDMW4;CEFC4;CEFF4;CEFT4;CEFW4;CEMC4;CEMF4;CEMT4;CEMW4;CHFC4;CHFF4;CHFT4;CHFW4;CHMC4;CHMF4;CHMT4;CHMW4;CIFC4;CIFF4;CIFT4;CIMC4;CIMF4;CIMT4,no,
PLAT20,2,ARMOR,body,3441,4A,yes,4,data/25Items.bif,0x0840011B,8584250AB37C481B72F8AE97A6DDECDB60D36A581E1738A4A81A29C3B235B007,76,76,0x5000;0x5001;0x5002;0x5003;0x5010;0x5011;0x5012;0x5013;0x5100;0x5101;0x5102;0x5103;0x5110;0x5111;0x5112;0x5113;0x5200;0x5201;0x5202;0x5210;0x5211;0x5212;0x5300;0x5301;0x5302;0x5303;0x5310;0x5311;0x5312;0x5313;0x6000;0x6001;0x6002;0x6003;0x6004;0x6005;0x6010;0x6011;0x6012;0x6013;0x6014;0x6015;0x6100;0x6101;0x6102;0x6103;0x6104;0x6105;0x6110;0x6111;0x6112;0x6113;0x6114;0x6115;0x6200;0x6201;0x6202;0x6204;0x6205;0x6210;0x6211;0x6212;0x6214;0x6215;0x6300;0x6301;0x6302;0x6303;0x6304;0x6305;0x6310;0x6311;0x6312;0x6313;0x6314;0x6315,CDFC4;CDFF4;CDFT4;CDFW4;CDMC4;CDMF4;CDMT4;CDMW4;CEFC4;CEFF4;CEFT4;CEFW4;CEMC4;CEMF4;CEMT4;CEMW4;CHFC4;CHFF4;CHFT4;CHFW4;CHMC4;CHMF4;CHMT4;CHMW4;CIFC4;CIFF4;CIFT4;CIMC4;CIMF4;CIMT4,CDFC4;CDFF4;CDFT4;CDFW4;CDMC4;CDMF4;CDMT4;CDMW4;CEFC4;CEFF4;CEFT4;CEFW4;CEMC4;CEMF4;CEMT4;CEMW4;CHFC4;CHFF4;CHFT4;CHFW4;CHMC4;CHMF4;CHMT4;CHMW4;CIFC4;CIFF4;CIFT4;CIMC4;CIMF4;CIMT4,,CDFC4;CDFF4;CDFT4;CDFW4;CDMC4;CDMF4;CDMT4;CDMW4;CEFC4;CEFF4;CEFT4;CEFW4;CEMC4;CEMF4;CEMT4;CEMW4;CHFC4;CHFF4;CHFT4;CHFW4;CHMC4;CHMF4;CHMT4;CHMW4;CIFC4;CIFF4;CIFT4;CIMC4;CIMF4;CIMT4,no,
PLAT21,2,ARMOR,body,3441,4A,yes,4,data/25Items.bif,0x0840011C,313FD0412E4A82C3AE1239F5C183A6A5E2566117896B320D105D4EA43A88B00F,76,76,0x5000;0x5001;0x5002;0x5003;0x5010;0x5011;0x5012;0x5013;0x5100;0x5101;0x5102;0x5103;0x5110;0x5111;0x5112;0x5113;0x5200;0x5201;0x5202;0x5210;0x5211;0x5212;0x5300;0x5301;0x5302;0x5303;0x5310;0x5311;0x5312;0x5313;0x6000;0x6001;0x6002;0x6003;0x6004;0x6005;0x6010;0x6011;0x6012;0x6013;0x6014;0x6015;0x6100;0x6101;0x6102;0x6103;0x6104;0x6105;0x6110;0x6111;0x6112;0x6113;0x6114;0x6115;0x6200;0x6201;0x6202;0x6204;0x6205;0x6210;0x6211;0x6212;0x6214;0x6215;0x6300;0x6301;0x6302;0x6303;0x6304;0x6305;0x6310;0x6311;0x6312;0x6313;0x6314;0x6315,CDFC4;CDFF4;CDFT4;CDFW4;CDMC4;CDMF4;CDMT4;CDMW4;CEFC4;CEFF4;CEFT4;CEFW4;CEMC4;CEMF4;CEMT4;CEMW4;CHFC4;CHFF4;CHFT4;CHFW4;CHMC4;CHMF4;CHMT4;CHMW4;CIFC4;CIFF4;CIFT4;CIMC4;CIMF4;CIMT4,CDFC4;CDFF4;CDFT4;CDFW4;CDMC4;CDMF4;CDMT4;CDMW4;CEFC4;CEFF4;CEFT4;CEFW4;CEMC4;CEMF4;CEMT4;CEMW4;CHFC4;CHFF4;CHFT4;CHFW4;CHMC4;CHMF4;CHMT4;CHMW4;CIFC4;CIFF4;CIFT4;CIMC4;CIMF4;CIMT4,,CDFC4;CDFF4;CDFT4;CDFW4;CDMC4;CDMF4;CDMT4;CDMW4;CEFC4;CEFF4;CEFT4;CEFW4;CEMC4;CEMF4;CEMT4;CEMW4;CHFC4;CHFF4;CHFT4;CHFW4;CHMC4;CHMF4;CHMT4;CHMW4;CIFC4;CIFF4;CIFT4;CIMC4;CIMF4;CIMT4,no,
PLAT22,2,ARMOR,body,3441,4A,yes,4,data/25Items.bif,0x0840011D,1C28A100213F83767760DEC3D3F63936361E4F7B968A7CBFA058A2D32F33C2B1,76,76,0x5000;0x5001;0x5002;0x5003;0x5010;0x5011;0x5012;0x5013;0x5100;0x5101;0x5102;0x5103;0x5110;0x5111;0x5112;0x5113;0x5200;0x5201;0x5202;0x5210;0x5211;0x5212;0x5300;0x5301;0x5302;0x5303;0x5310;0x5311;0x5312;0x5313;0x6000;0x6001;0x6002;0x6003;0x6004;0x6005;0x6010;0x6011;0x6012;0x6013;0x6014;0x6015;0x6100;0x6101;0x6102;0x6103;0x6104;0x6105;0x6110;0x6111;0x6112;0x6113;0x6114;0x6115;0x6200;0x6201;0x6202;0x6204;0x6205;0x6210;0x6211;0x6212;0x6214;0x6215;0x6300;0x6301;0x6302;0x6303;0x6304;0x6305;0x6310;0x6311;0x6312;0x6313;0x6314;0x6315,CDFC4;CDFF4;CDFT4;CDFW4;CDMC4;CDMF4;CDMT4;CDMW4;CEFC4;CEFF4;CEFT4;CEFW4;CEMC4;CEMF4;CEMT4;CEMW4;CHFC4;CHFF4;CHFT4;CHFW4;CHMC4;CHMF4;CHMT4;CHMW4;CIFC4;CIFF4;CIFT4;CIMC4;CIMF4;CIMT4,CDFC4;CDFF4;CDFT4;CDFW4;CDMC4;CDMF4;CDMT4;CDMW4;CEFC4;CEFF4;CEFT4;CEFW4;CEMC4;CEMF4;CEMT4;CEMW4;CHFC4;CHFF4;CHFT4;CHFW4;CHMC4;CHMF4;CHMT4;CHMW4;CIFC4;CIFF4;CIFT4;CIMC4;CIMF4;CIMT4,,CDFC4;CDFF4;CDFT4;CDFW4;CDMC4;CDMF4;CDMT4;CDMW4;CEFC4;CEFF4;CEFT4;CEFW4;CEMC4;CEMF4;CEMT4;CEMW4;CHFC4;CHFF4;CHFT4;CHFW4;CHMC4;CHMF4;CHMT4;CHMW4;CIFC4;CIFF4;CIFT4;CIMC4;CIMF4;CIMT4,no,
PLAT23,2,ARMOR,body,3441,4A,yes,4,data/25Items.bif,0x0840011E,FC1175ACC4FC9BF4841F2ADD927AE62CD4842995158B01C4147BBF67BB7326B2,76,76,0x5000;0x5001;0x5002;0x5003;0x5010;0x5011;0x5012;0x5013;0x5100;0x5101;0x5102;0x5103;0x5110;0x5111;0x5112;0x5113;0x5200;0x5201;0x5202;0x5210;0x5211;0x5212;0x5300;0x5301;0x5302;0x5303;0x5310;0x5311;0x5312;0x5313;0x6000;0x6001;0x6002;0x6003;0x6004;0x6005;0x6010;0x6011;0x6012;0x6013;0x6014;0x6015;0x6100;0x6101;0x6102;0x6103;0x6104;0x6105;0x6110;0x6111;0x6112;0x6113;0x6114;0x6115;0x6200;0x6201;0x6202;0x6204;0x6205;0x6210;0x6211;0x6212;0x6214;0x6215;0x6300;0x6301;0x6302;0x6303;0x6304;0x6305;0x6310;0x6311;0x6312;0x6313;0x6314;0x6315,CDFC4;CDFF4;CDFT4;CDFW4;CDMC4;CDMF4;CDMT4;CDMW4;CEFC4;CEFF4;CEFT4;CEFW4;CEMC4;CEMF4;CEMT4;CEMW4;CHFC4;CHFF4;CHFT4;CHFW4;CHMC4;CHMF4;CHMT4;CHMW4;CIFC4;CIFF4;CIFT4;CIMC4;CIMF4;CIMT4,CDFC4;CDFF4;CDFT4;CDFW4;CDMC4;CDMF4;CDMT4;CDMW4;CEFC4;CEFF4;CEFT4;CEFW4;CEMC4;CEMF4;CEMT4;CEMW4;CHFC4;CHFF4;CHFT4;CHFW4;CHMC4;CHMF4;CHMT4;CHMW4;CIFC4;CIFF4;CIFT4;CIMC4;CIMF4;CIMT4,,CDFC4;CDFF4;CDFT4;CDFW4;CDMC4;CDMF4;CDMT4;CDMW4;CEFC4;CEFF4;CEFT4;CEFW4;CEMC4;CEMF4;CEMT4;CEMW4;CHFC4;CHFF4;CHFT4;CHFW4;CHMC4;CHMF4;CHMT4;CHMW4;CIFC4;CIFF4;CIFT4;CIMC4;CIMF4;CIMT4,no,
PLAT98,2,ARMOR,body,3441,4A,yes,4,data/Items.bif,0x001004D0,3EBC46B77961F6E68DE70495FE6B052D7DAC8A436E64AF07BBEB861BBD0A039B,76,76,0x5000;0x5001;0x5002;0x5003;0x5010;0x5011;0x5012;0x5013;0x5100;0x5101;0x5102;0x5103;0x5110;0x5111;0x5112;0x5113;0x5200;0x5201;0x5202;0x5210;0x5211;0x5212;0x5300;0x5301;0x5302;0x5303;0x5310;0x5311;0x5312;0x5313;0x6000;0x6001;0x6002;0x6003;0x6004;0x6005;0x6010;0x6011;0x6012;0x6013;0x6014;0x6015;0x6100;0x6101;0x6102;0x6103;0x6104;0x6105;0x6110;0x6111;0x6112;0x6113;0x6114;0x6115;0x6200;0x6201;0x6202;0x6204;0x6205;0x6210;0x6211;0x6212;0x6214;0x6215;0x6300;0x6301;0x6302;0x6303;0x6304;0x6305;0x6310;0x6311;0x6312;0x6313;0x6314;0x6315,CDFC4;CDFF4;CDFT4;CDFW4;CDMC4;CDMF4;CDMT4;CDMW4;CEFC4;CEFF4;CEFT4;CEFW4;CEMC4;CEMF4;CEMT4;CEMW4;CHFC4;CHFF4;CHFT4;CHFW4;CHMC4;CHMF4;CHMT4;CHMW4;CIFC4;CIFF4;CIFT4;CIMC4;CIMF4;CIMT4,CDFC4;CDFF4;CDFT4;CDFW4;CDMC4;CDMF4;CDMT4;CDMW4;CEFC4;CEFF4;CEFT4;CEFW4;CEMC4;CEMF4;CEMT4;CEMW4;CHFC4;CHFF4;CHFT4;CHFW4;CHMC4;CHMF4;CHMT4;CHMW4;CIFC4;CIFF4;CIFT4;CIMC4;CIMF4;CIMT4,,CDFC4;CDFF4;CDFT4;CDFW4;CDMC4;CDMF4;CDMT4;CDMW4;CEFC4;CEFF4;CEFT4;CEFW4;CEMC4;CEMF4;CEMT4;CEMW4;CHFC4;CHFF4;CHFT4;CHFW4;CHMC4;CHMF4;CHMT4;CHMW4;CIFC4;CIFF4;CIFT4;CIMC4;CIMF4;CIMT4,no,
PLAT99,2,ARMOR,body,3441,4A,yes,4,data/Items.bif,0x001004D1,268A7F4038C3189AF3109EDDC4149FE3D68C372BD879E722B63BE1D3753FD1AC,76,76,0x5000;0x5001;0x5002;0x5003;0x5010;0x5011;0x5012;0x5013;0x5100;0x5101;0x5102;0x5103;0x5110;0x5111;0x5112;0x5113;0x5200;0x5201;0x5202;0x5210;0x5211;0x5212;0x5300;0x5301;0x5302;0x5303;0x5310;0x5311;0x5312;0x5313;0x6000;0x6001;0x6002;0x6003;0x6004;0x6005;0x6010;0x6011;0x6012;0x6013;0x6014;0x6015;0x6100;0x6101;0x6102;0x6103;0x6104;0x6105;0x6110;0x6111;0x6112;0x6113;0x6114;0x6115;0x6200;0x6201;0x6202;0x6204;0x6205;0x6210;0x6211;0x6212;0x6214;0x6215;0x6300;0x6301;0x6302;0x6303;0x6304;0x6305;0x6310;0x6311;0x6312;0x6313;0x6314;0x6315,CDFC4;CDFF4;CDFT4;CDFW4;CDMC4;CDMF4;CDMT4;CDMW4;CEFC4;CEFF4;CEFT4;CEFW4;CEMC4;CEMF4;CEMT4;CEMW4;CHFC4;CHFF4;CHFT4;CHFW4;CHMC4;CHMF4;CHMT4;CHMW4;CIFC4;CIFF4;CIFT4;CIMC4;CIMF4;CIMT4,CDFC4;CDFF4;CDFT4;CDFW4;CDMC4;CDMF4;CDMT4;CDMW4;CEFC4;CEFF4;CEFT4;CEFW4;CEMC4;CEMF4;CEMT4;CEMW4;CHFC4;CHFF4;CHFT4;CHFW4;CHMC4;CHMF4;CHMT4;CHMW4;CIFC4;CIFF4;CIFT4;CIMC4;CIMF4;CIMT4,,CDFC4;CDFF4;CDFT4;CDFW4;CDMC4;CDMF4;CDMT4;CDMW4;CEFC4;CEFF4;CEFT4;CEFW4;CEMC4;CEMF4;CEMT4;CEMW4;CHFC4;CHFF4;CHFT4;CHFW4;CHMC4;CHMF4;CHMT4;CHMW4;CIFC4;CIFF4;CIFT4;CIMC4;CIMF4;CIMT4,no,
PLOT01A,11,SCROLL,,2020,,no,,data/25Items.bif,0x0840011F,D5B13CC837EC52A2F0ADB179272AD15F016D8B3FC2FD8D8EC7792DB6B7D26FFF,0,0,,,,,,no,
PLOT01B,0,MISC,,2020,,no,,data/25Items.bif,0x08400120,9CFF91326ABC3A330B2ABC28B614ED2D2728ECDA0B5D9721748A2F33A4B30084,0,0,,,,,,no,
PLOT01C,37,BROKEN2,,2020,,no,,data/25Items.bif,0x08400121,DA63F4FD9A7094DDA3FFFD48C0BB3CDCF2608C58117618A9125515B23F8EF5FA,0,0,,,,,,no,
PLOT01D,37,BROKEN2,,2020,,no,,data/25Items.bif,0x08400122,B4DCD61F814D4D044207B8513D4F0E6BFAE3B38B0C2BC9AE3D53F1ABA4C494DD,0,0,,,,,,no,
PLOT01E,37,BROKEN2,,2020,,no,,data/25Items.bif,0x08400123,4DF61DF118C5A68C816458E7305F57D09C2FEA9BC13CF878D40F90D2F6FABF59,0,0,,,,,,no,
PLOT01F,0,MISC,,2020,,no,,data/25Items.bif,0x08400124,18B1BF84D9F1A1269FEBB27CEE3CB446225296EE0257087DE9D92113114A5F37,0,0,,,,,,no,
PLOT01G,0,MISC,,2020,,no,,data/25Items.bif,0x08400125,54C3F26B6A05B7390AE99DAD52B143A00DBFB9079F1D63DCC4EB44ADCEF4F012,0,0,,,,,,no,
PLOT01H,0,MISC,,2020,,no,,data/25Items.bif,0x08400126,47B8671A606BB1F4C22DE07CEF1A595244E23BD84A4EC4F56A750E688B82CD22,0,0,,,,,,no,
PLOT01I,0,MISC,,2020,,no,,data/25Items.bif,0x08400127,943DB96B1D6BF503956A4635F5F2C30D1EE771C7EDEE0C7CC1C9925DD8E78773,0,0,,,,,,no,
PLOT01J,0,MISC,,2020,,no,,data/25Items.bif,0x08400128,E0B2AC8150E5A35A31425B5CDFB9797105ED980CF50ED729597D79731D61FE70,0,0,,,,,,no,
PLOT01K,0,MISC,,2020,,no,,data/25Items.bif,0x08400129,04BAB25A8B59CACBEE3702719853C09EA9385B228388BC84DFA5F4D40739118F,0,0,,,,,,no,
PLOT01L,0,MISC,,2020,,no,,data/25Items.bif,0x0840012A,1A51DE991D80D968FE88B37183BD76936383F8744AA302E6CE4BCE7B77611A1B,0,0,,,,,,no,
PLOT01M,37,BROKEN2,,2020,,no,,data/25Items.bif,0x0840012B,66A02D2FE2AAE0DD7B3CD17B912D1AF1DDFEBA67A14501EF7E23F6175B70B83D,0,0,,,,,,no,
PLOT01N,37,BROKEN2,,2020,,no,,data/25Items.bif,0x0840012C,B20BEEE728A3E0E6B6294D62DFB8A7F8C52D802FB58C12B34DE90B6329B07528,0,0,,,,,,no,
PLOT01O,8,KEY,,2020,,no,,data/25Items.bif,0x0840012D,F1E9C302DDFAE7F8D6E0068C1D81447440673927B6BEA5D7BFC9191AB9A36496,0,0,,,,,,no,
PLOT01P,4,BOOT,,2020,,no,,data/25Items.bif,0x0840012E,6E972C4386DF61EB003BAD0559D06ECB9069D6542AAC3EC21E7945BBE15E9AE8,0,0,,,,,,no,
PLOT01Q,11,SCROLL,,2020,,no,,data/25Items.bif,0x0840012F,1F1E96207F08DBC78E7F3CC39F34BC0A74EE6BB4E3D4569AE53C189875B8D5DB,0,0,,,,,,no,
PLOT02A,35,WAND,,2020,,no,,data/25Items.bif,0x08400130,8CF1337B3B3E3AFFA5B2CE525A9E64F38298AD304546B65877817E5A451B4192,0,0,,,,,,no,
PLOT02B,35,WAND,,2020,,no,,data/25Items.bif,0x08400131,6881046604170AA20C124CA0829C0198A34F45D36C7F0811349E0AA4FBDC162D,0,0,,,,,,no,
PLOT02C,34,GEM,,2020,,no,,data/25Items.bif,0x08400132,FF0BCE8F4811297A698E21DD59929DA287E1DFB8FF90C683FCCCDA2E82CA6D54,0,0,,,,,,no,
PLOT02D,34,GEM,,2020,,no,,data/25Items.bif,0x08400133,D55F97A68F4CAFB78CE1A3CC230E3A7A70AA31B1FDF6B18EC8F9164066188160,0,0,,,,,,no,
PLOT02E,34,GEM,,2020,,no,,data/25Items.bif,0x08400134,21118BED4DE56391C52C5380BF56EA9459E7CFB2AC5A799B6CFB9FD3FE9C0298,0,0,,,,,,no,
PLOT02F,37,BROKEN2,,2020,,no,,data/25Items.bif,0x08400135,8947280239898D9295A94411697FE41C9992772298301728A13312ADCFBA254C,0,0,,,,,,no,
PLOT02G,37,BROKEN2,,2020,,no,,data/25Items.bif,0x08400136,CAC2AA1CCD9E2EF05CC1769F5FF4C43EC5305AF406755C8DAB1BA6E0574EC689,0,0,,,,,,no,
PLOT02H,0,MISC,,2020,,no,,data/25Items.bif,0x08400137,A310849D16ED7AFC720A2FAA14F7C099CA1FB37A9D4905A37DDCFEB0C23AAFCF,0,0,,,,,,no,
PLOT02I,0,MISC,,2020,,no,,data/25Items.bif,0x08400138,DEE7F67CB392DEBFFA26AAE7EF9C6E57CDB179D121758C407E8CD3F19A44AEFD,0,0,,,,,,no,
PLOT02J,0,MISC,,2020,,no,,data/25Items.bif,0x08400139,4001BDD4FCE49989441662A9724889CABD3711B20B9EA18EFB96CC875D29AEF7,0,0,,,,,,no,
PLOT03A,35,WAND,,2020,,no,,data/25Items.bif,0x0840013A,6AE212E2D5660A974C8DD7E70FFEEBA352C03BA07EAB9298DCAB0A88329CD695,0,0,,,,,,no,
PLOT03B,35,WAND,,2020,,no,,data/25Items.bif,0x0840013B,B244772EA1120B800D8A2F2569D216B0EF0F67B06F86B7F9A7A5263665EC7E45,0,0,,,,,,no,
PLOT03C,35,WAND,,2020,,no,,data/25Items.bif,0x0840013C,FEBD5A424AE6EC4ACF8DAAE9A004CDA47807B44863DD35C47BBEB2398CFDC0DB,0,0,,,,,,no,
PLOT03D,35,WAND,,2020,,no,,data/25Items.bif,0x0840013D,234B939866C6F999E40C2CCE300158DE9CC32981F85CAA05BC9022D3FF1444F2,0,0,,,,,,no,
PLOT03E,8,KEY,,2020,,no,,data/25Items.bif,0x0840013E,060E715C411EF07CD5D1D2D2EA528C82505665EF58B1C5AF080E154C2A55847F,0,0,,,,,,no,
PLOT03F,37,BROKEN2,,2020,,no,,data/25Items.bif,0x0840013F,6426DBFC967BA519839AAA291A479D1886403EEF01E4F6E2BED8B740BEFB51B5,0,0,,,,,,no,
PLOT03G,37,BROKEN2,,2020,,no,,data/25Items.bif,0x08400140,B2911A323E2618948FF0897D077B543F32A1C26341F286ED4BEEC4E1BD52C891,0,0,,,,,,no,
PLOT03H,37,BROKEN2,,2020,,no,,data/25Items.bif,0x08400141,10529DB91F6AFFB1B9A74BD4F1B3E242E74E9189A0D865F9F2716BADEC848FF4,0,0,,,,,,no,
PLOT03I,37,BROKEN2,,2020,,no,,data/25Items.bif,0x08400142,6DC81AB7FFFAC222B569BC9349A9C3AE4FEB133F4AB20EBA221AAF388DC144C0,0,0,,,,,,no,
PLOT03K,8,KEY,,2020,,no,,data/25Items.bif,0x08400143,9A48143B1A905068AFB52018C3EFB4012E29A0A7D884DFC29F42054994E1DC72,0,0,,,,,,no,
PLOT04A,0,MISC,,2020,,no,,data/25Items.bif,0x08400144,38836C85FA699DF23DC5FAAE848E56C130E22BAA2223FA7D9D669B83B13ADEBD,0,0,,,,,,no,
PLOT04B,0,MISC,,2020,,no,,data/25Items.bif,0x08400145,5997139A05A0D0D15DFE5369C09B264A1384063125792316C0721DE30492C7F4,0,0,,,,,,no,
PLOT04C,0,MISC,,2020,,no,,data/25Items.bif,0x08400146,097F9D89987F2CD408246260D540391AD471F4C815F9224594D1C3EAE0739E7E,0,0,,,,,,no,
PLOT04D,0,MISC,,2020,,no,,data/25Items.bif,0x08400147,8DEEF209E8BF945AC5E5B5C80497CC0EC925646ABDD22F3FA11A576F70C90046,0,0,,,,,,no,
PLOT04E,37,BROKEN2,,2020,,no,,data/25Items.bif,0x08400148,C50597DC706D579733EEEF249EC1DD2B64490CB0FDCE66C155A0B809B00FA282,0,0,,,,,,no,
PLOT04F,0,MISC,,2020,,no,,data/25Items.bif,0x08400149,65E7A4BD171CA34742D627852576C60777606B1B54DEA10E854152802B15488D,0,0,,,,,,no,
PLOT04G,0,MISC,,2020,,no,,data/25Items.bif,0x0840014A,3EAA7EC0D36C5235DD561DB3B11649A645FBF0A39DAE015BA92CE820E8CBA420,0,0,,,,,,no,
PLOT04H,0,MISC,,2020,,no,,data/25Items.bif,0x0840014B,E8576E6D97941B410FA5C5866552547059D9A5958295417F296B3EC0EC814503,0,0,,,,,,no,
PLOT04I,35,WAND,,2020,,no,,data/25Items.bif,0x0840014C,19EECE248AC686934ECD04527D1E5693FE959500E07431A4CE8CF1F7C648A251,0,0,,,,,,no,
PLOT04J,37,BROKEN2,,2020,,no,,data/25Items.bif,0x0840014D,3B69008D418561694B9781FBCB0DBCE31E646921D4B4D5E6C1568A25506CB895,0,0,,,,,,no,
PLOT05A,8,KEY,,2020,,no,,data/25Items.bif,0x0840014E,23006321F192D6DD38CD6C5082E0FD3B2A898A3734E5EDB0B0BFCAF784805B00,0,0,,,,,,no,
PLOT05B,8,KEY,,2020,,no,,data/25Items.bif,0x0840014F,9584AD99A9BE2AF6D4D257FA0F3A6B2BF7FF821ABF7F81C9FA82C143239E6FC3,0,0,,,,,,no,
PLOT05C,8,KEY,,2020,,no,,data/25Items.bif,0x08400150,1033412AB58F878073112D2ECE6294CBEA05B2161B37AB3BA379EEB046FA5AFE,0,0,,,,,,no,
PLOT05D,0,MISC,,2020,,no,,data/25Items.bif,0x08400151,AF3B241658D9F65D61EBAB51E971A50A2904C8018087D2C3C7874E056FBDEED4,0,0,,,,,,no,
PLOT16A,37,BROKEN2,,2020,,no,,data/25Items.bif,0x08400152,C9A1136B02F248185B2C7DED3AA420E8CDE4644ECDDDD963909731CB43E263CC,0,0,,,,,,no,
PLOT16B,37,BROKEN2,,2020,,no,,data/25Items.bif,0x08400153,B7C4FEB485F894762AB586E7B91F61ACAF71CCCBF95EB96C20D0C0F9F9250A31,0,0,,,,,,no,
PLOT17A,8,KEY,,2020,,no,,data/25Items.bif,0x08400154,404A55B31B3E8A6249B271F60186395FC89B3F8C6305814ED9AD4FECD30E4FDC,0,0,,,,,,no,
PLOT17B,8,KEY,,2020,,no,,data/25Items.bif,0x08400155,68EB1333D371BAA43724EB76E0E69B40DFA8867B8BBD9EF92E0D74A8651A83EE,0,0,,,,,,no,
PLOT18A,37,BROKEN2,,2020,,no,,data/25Items.bif,0x08400156,B0610D7855C7C43E24829F6FC31BB67E39779C8DB4D67239922CEAE234B07FE8,0,0,,,,,,no,
PLOT18B,37,BROKEN2,,2020,,no,,data/25Items.bif,0x08400157,E9F337D9E184B3C934F829231A80EE412032D15E245704ECEF4286EA136BE27E,0,0,,,,,,no,
PLYBASS,28,FIST,weapon,4836,H6,yes,,data/Items.bif,0x001004D2,B13B601AEC81EC923D2BBCBB1A7EFD9A190C284388C1BC794B59B97A0798C8A6,78,78,0x5000;0x5001;0x5002;0x5003;0x5010;0x5011;0x5012;0x5013;0x5100;0x5101;0x5102;0x5103;0x5110;0x5111;0x5112;0x5113;0x5200;0x5201;0x5202;0x5210;0x5211;0x5212;0x5300;0x5301;0x5302;0x5303;0x5310;0x5311;0x5312;0x5313;0x6000;0x6001;0x6002;0x6003;0x6004;0x6005;0x6010;0x6011;0x6012;0x6013;0x6014;0x6015;0x6100;0x6101;0x6102;0x6103;0x6104;0x6105;0x6110;0x6111;0x6112;0x6113;0x6114;0x6115;0x6200;0x6201;0x6202;0x6204;0x6205;0x6210;0x6211;0x6212;0x6214;0x6215;0x6300;0x6301;0x6302;0x6303;0x6304;0x6305;0x6310;0x6311;0x6312;0x6313;0x6314;0x6315;0x6500;0x6510,WQLH6;WQMH6;WQNH6;WQSH6,WQLH6;WQMH6;WQNH6;WQSH6,,WQLH6;WQMH6;WQNH6;WQSH6,no,
PLYBEAR1,28,FIST,weapon,4836,H6,yes,,data/Items.bif,0x001004D3,3900C3869F611E224A5A2631CE2BAAE3E5F8C0C088CAD5BC1D4AD52C2AF367CD,78,78,0x5000;0x5001;0x5002;0x5003;0x5010;0x5011;0x5012;0x5013;0x5100;0x5101;0x5102;0x5103;0x5110;0x5111;0x5112;0x5113;0x5200;0x5201;0x5202;0x5210;0x5211;0x5212;0x5300;0x5301;0x5302;0x5303;0x5310;0x5311;0x5312;0x5313;0x6000;0x6001;0x6002;0x6003;0x6004;0x6005;0x6010;0x6011;0x6012;0x6013;0x6014;0x6015;0x6100;0x6101;0x6102;0x6103;0x6104;0x6105;0x6110;0x6111;0x6112;0x6113;0x6114;0x6115;0x6200;0x6201;0x6202;0x6204;0x6205;0x6210;0x6211;0x6212;0x6214;0x6215;0x6300;0x6301;0x6302;0x6303;0x6304;0x6305;0x6310;0x6311;0x6312;0x6313;0x6314;0x6315;0x6500;0x6510,WQLH6;WQMH6;WQNH6;WQSH6,WQLH6;WQMH6;WQNH6;WQSH6,,WQLH6;WQMH6;WQNH6;WQSH6,no,
PLYBEAR2,28,FIST,weapon,4836,H6,yes,,data/patch13.bif,0x0BC00077,6E39C176234EAAB7C29B90A23763081CAD969FC530A6F8F1B4F7BB9A250357E4,78,78,0x5000;0x5001;0x5002;0x5003;0x5010;0x5011;0x5012;0x5013;0x5100;0x5101;0x5102;0x5103;0x5110;0x5111;0x5112;0x5113;0x5200;0x5201;0x5202;0x5210;0x5211;0x5212;0x5300;0x5301;0x5302;0x5303;0x5310;0x5311;0x5312;0x5313;0x6000;0x6001;0x6002;0x6003;0x6004;0x6005;0x6010;0x6011;0x6012;0x6013;0x6014;0x6015;0x6100;0x6101;0x6102;0x6103;0x6104;0x6105;0x6110;0x6111;0x6112;0x6113;0x6114;0x6115;0x6200;0x6201;0x6202;0x6204;0x6205;0x6210;0x6211;0x6212;0x6214;0x6215;0x6300;0x6301;0x6302;0x6303;0x6304;0x6305;0x6310;0x6311;0x6312;0x6313;0x6314;0x6315;0x6500;0x6510,WQLH6;WQMH6;WQNH6;WQSH6,WQLH6;WQMH6;WQNH6;WQSH6,,WQLH6;WQMH6;WQNH6;WQSH6,no,
PLYFIST,28,FIST,weapon,4836,H6,yes,,data/Items.bif,0x001004D4,937A20AA79EDF1E533769D985266173FDBAFBCAAD4F283E58F500F84C9EBD884,78,78,0x5000;0x5001;0x5002;0x5003;0x5010;0x5011;0x5012;0x5013;0x5100;0x5101;0x5102;0x5103;0x5110;0x5111;0x5112;0x5113;0x5200;0x5201;0x5202;0x5210;0x5211;0x5212;0x5300;0x5301;0x5302;0x5303;0x5310;0x5311;0x5312;0x5313;0x6000;0x6001;0x6002;0x6003;0x6004;0x6005;0x6010;0x6011;0x6012;0x6013;0x6014;0x6015;0x6100;0x6101;0x6102;0x6103;0x6104;0x6105;0x6110;0x6111;0x6112;0x6113;0x6114;0x6115;0x6200;0x6201;0x6202;0x6204;0x6205;0x6210;0x6211;0x6212;0x6214;0x6215;0x6300;0x6301;0x6302;0x6303;0x6304;0x6305;0x6310;0x6311;0x6312;0x6313;0x6314;0x6315;0x6500;0x6510,WQLH6;WQMH6;WQNH6;WQSH6,WQLH6;WQMH6;WQNH6;WQSH6,,WQLH6;WQMH6;WQNH6;WQSH6,no,
PLYFLIND,30,POLEARM,weapon,4842,HB,yes,,data/Items.bif,0x001004D5,99712FE2730A3601972D64231AE3ADED921E648BBD3FE9C2E1E0ECF9BF11E5B5,78,78,0x5000;0x5001;0x5002;0x5003;0x5010;0x5011;0x5012;0x5013;0x5100;0x5101;0x5102;0x5103;0x5110;0x5111;0x5112;0x5113;0x5200;0x5201;0x5202;0x5210;0x5211;0x5212;0x5300;0x5301;0x5302;0x5303;0x5310;0x5311;0x5312;0x5313;0x6000;0x6001;0x6002;0x6003;0x6004;0x6005;0x6010;0x6011;0x6012;0x6013;0x6014;0x6015;0x6100;0x6101;0x6102;0x6103;0x6104;0x6105;0x6110;0x6111;0x6112;0x6113;0x6114;0x6115;0x6200;0x6201;0x6202;0x6204;0x6205;0x6210;0x6211;0x6212;0x6214;0x6215;0x6300;0x6301;0x6302;0x6303;0x6304;0x6305;0x6310;0x6311;0x6312;0x6313;0x6314;0x6315;0x6500;0x6510,WQLHB;WQMHB;WQNHB;WQSHB,WQLHB;WQMHB;WQNHB;WQSHB,,WQLHB;WQMHB;WQNHB;WQSHB,no,
PLYJELLO,28,FIST,weapon,4836,H6,yes,,data/patch13.bif,0x0BC00078,2D605E5FAE75CE693137DEC78A51350BF58BD2DDF7FA8D06223348D5300E061B,78,78,0x5000;0x5001;0x5002;0x5003;0x5010;0x5011;0x5012;0x5013;0x5100;0x5101;0x5102;0x5103;0x5110;0x5111;0x5112;0x5113;0x5200;0x5201;0x5202;0x5210;0x5211;0x5212;0x5300;0x5301;0x5302;0x5303;0x5310;0x5311;0x5312;0x5313;0x6000;0x6001;0x6002;0x6003;0x6004;0x6005;0x6010;0x6011;0x6012;0x6013;0x6014;0x6015;0x6100;0x6101;0x6102;0x6103;0x6104;0x6105;0x6110;0x6111;0x6112;0x6113;0x6114;0x6115;0x6200;0x6201;0x6202;0x6204;0x6205;0x6210;0x6211;0x6212;0x6214;0x6215;0x6300;0x6301;0x6302;0x6303;0x6304;0x6305;0x6310;0x6311;0x6312;0x6313;0x6314;0x6315;0x6500;0x6510,WQLH6;WQMH6;WQNH6;WQSH6,WQLH6;WQMH6;WQNH6;WQSH6,,WQLH6;WQMH6;WQNH6;WQSH6,no,
PLYJELLY,28,FIST,weapon,4836,H6,yes,,data/Items.bif,0x001004D6,FA63A1672B782CB52B9B0E8D703F1BDE7E222380991DCA06EBC8EDD2079C9DB7,78,78,0x5000;0x5001;0x5002;0x5003;0x5010;0x5011;0x5012;0x5013;0x5100;0x5101;0x5102;0x5103;0x5110;0x5111;0x5112;0x5113;0x5200;0x5201;0x5202;0x5210;0x5211;0x5212;0x5300;0x5301;0x5302;0x5303;0x5310;0x5311;0x5312;0x5313;0x6000;0x6001;0x6002;0x6003;0x6004;0x6005;0x6010;0x6011;0x6012;0x6013;0x6014;0x6015;0x6100;0x6101;0x6102;0x6103;0x6104;0x6105;0x6110;0x6111;0x6112;0x6113;0x6114;0x6115;0x6200;0x6201;0x6202;0x6204;0x6205;0x6210;0x6211;0x6212;0x6214;0x6215;0x6300;0x6301;0x6302;0x6303;0x6304;0x6305;0x6310;0x6311;0x6312;0x6313;0x6314;0x6315;0x6500;0x6510,WQLH6;WQMH6;WQNH6;WQSH6,WQLH6;WQMH6;WQNH6;WQSH6,,WQLH6;WQMH6;WQNH6;WQSH6,no,
PLYMSTAR,28,FIST,weapon,4D53,MS,yes,,data/Items.bif,0x001004D7,38761B6B7E3A76FE122E99BA2880E316E2B7EBB28E8402AC7310E06F8FEFAEE0,78,78,0x5000;0x5001;0x5002;0x5003;0x5010;0x5011;0x5012;0x5013;0x5100;0x5101;0x5102;0x5103;0x5110;0x5111;0x5112;0x5113;0x5200;0x5201;0x5202;0x5210;0x5211;0x5212;0x5300;0x5301;0x5302;0x5303;0x5310;0x5311;0x5312;0x5313;0x6000;0x6001;0x6002;0x6003;0x6004;0x6005;0x6010;0x6011;0x6012;0x6013;0x6014;0x6015;0x6100;0x6101;0x6102;0x6103;0x6104;0x6105;0x6110;0x6111;0x6112;0x6113;0x6114;0x6115;0x6200;0x6201;0x6202;0x6204;0x6205;0x6210;0x6211;0x6212;0x6214;0x6215;0x6300;0x6301;0x6302;0x6303;0x6304;0x6305;0x6310;0x6311;0x6312;0x6313;0x6314;0x6315;0x6500;0x6510,WQLMS;WQMMS;WQNMS;WQSMS,WQLMS;WQMMS;WQNMS;WQSMS,,WQLMS;WQMMS;WQNMS;WQSMS,no,
PLYSALA,29,SPEAR,weapon,5350,SP,yes,,data/Items.bif,0x001004D8,925786F618A5EE9B45B2346C5EDEED5407484E91B448DA58CE6C7AF6BD3DCF99,78,78,0x5000;0x5001;0x5002;0x5003;0x5010;0x5011;0x5012;0x5013;0x5100;0x5101;0x5102;0x5103;0x5110;0x5111;0x5112;0x5113;0x5200;0x5201;0x5202;0x5210;0x5211;0x5212;0x5300;0x5301;0x5302;0x5303;0x5310;0x5311;0x5312;0x5313;0x6000;0x6001;0x6002;0x6003;0x6004;0x6005;0x6010;0x6011;0x6012;0x6013;0x6014;0x6015;0x6100;0x6101;0x6102;0x6103;0x6104;0x6105;0x6110;0x6111;0x6112;0x6113;0x6114;0x6115;0x6200;0x6201;0x6202;0x6204;0x6205;0x6210;0x6211;0x6212;0x6214;0x6215;0x6300;0x6301;0x6302;0x6303;0x6304;0x6305;0x6310;0x6311;0x6312;0x6313;0x6314;0x6315;0x6500;0x6510,WQLSP;WQMSP;WQNSP;WQSSP,WQLSP;WQMSP;WQNSP;WQSSP,,WQLSP;WQMSP;WQNSP;WQSSP,no,
PLYSPID,28,FIST,weapon,4836,H6,yes,,data/Items.bif,0x001004D9,35745113F8B41AA89C1283D3B2D793BD1196890A5DA3968F0D2FD71A22415220,78,78,0x5000;0x5001;0x5002;0x5003;0x5010;0x5011;0x5012;0x5013;0x5100;0x5101;0x5102;0x5103;0x5110;0x5111;0x5112;0x5113;0x5200;0x5201;0x5202;0x5210;0x5211;0x5212;0x5300;0x5301;0x5302;0x5303;0x5310;0x5311;0x5312;0x5313;0x6000;0x6001;0x6002;0x6003;0x6004;0x6005;0x6010;0x6011;0x6012;0x6013;0x6014;0x6015;0x6100;0x6101;0x6102;0x6103;0x6104;0x6105;0x6110;0x6111;0x6112;0x6113;0x6114;0x6115;0x6200;0x6201;0x6202;0x6204;0x6205;0x6210;0x6211;0x6212;0x6214;0x6215;0x6300;0x6301;0x6302;0x6303;0x6304;0x6305;0x6310;0x6311;0x6312;0x6313;0x6314;0x6315;0x6500;0x6510,WQLH6;WQMH6;WQNH6;WQSH6,WQLH6;WQMH6;WQNH6;WQSH6,,WQLH6;WQMH6;WQNH6;WQSH6,no,
PLYSPID2,28,FIST,weapon,4836,H6,yes,,data/Patch25.bif,0x01000040,46EE2F7A5BA6E78754FC3B4230599D2CBA84AB01653CFC3333F9D96DFC7AF474,78,78,0x5000;0x5001;0x5002;0x5003;0x5010;0x5011;0x5012;0x5013;0x5100;0x5101;0x5102;0x5103;0x5110;0x5111;0x5112;0x5113;0x5200;0x5201;0x5202;0x5210;0x5211;0x5212;0x5300;0x5301;0x5302;0x5303;0x5310;0x5311;0x5312;0x5313;0x6000;0x6001;0x6002;0x6003;0x6004;0x6005;0x6010;0x6011;0x6012;0x6013;0x6014;0x6015;0x6100;0x6101;0x6102;0x6103;0x6104;0x6105;0x6110;0x6111;0x6112;0x6113;0x6114;0x6115;0x6200;0x6201;0x6202;0x6204;0x6205;0x6210;0x6211;0x6212;0x6214;0x6215;0x6300;0x6301;0x6302;0x6303;0x6304;0x6305;0x6310;0x6311;0x6312;0x6313;0x6314;0x6315;0x6500;0x6510,WQLH6;WQMH6;WQNH6;WQSH6,WQLH6;WQMH6;WQNH6;WQSH6,,WQLH6;WQMH6;WQNH6;WQSH6,no,
PLYTROLL,28,FIST,weapon,4836,H6,yes,,data/Items.bif,0x001004DA,0D499892A1C1011B820E6B62D0091DFCFD7524292190098079E0BF36DA6EAF05,78,78,0x5000;0x5001;0x5002;0x5003;0x5010;0x5011;0x5012;0x5013;0x5100;0x5101;0x5102;0x5103;0x5110;0x5111;0x5112;0x5113;0x5200;0x5201;0x5202;0x5210;0x5211;0x5212;0x5300;0x5301;0x5302;0x5303;0x5310;0x5311;0x5312;0x5313;0x6000;0x6001;0x6002;0x6003;0x6004;0x6005;0x6010;0x6011;0x6012;0x6013;0x6014;0x6015;0x6100;0x6101;0x6102;0x6103;0x6104;0x6105;0x6110;0x6111;0x6112;0x6113;0x6114;0x6115;0x6200;0x6201;0x6202;0x6204;0x6205;0x6210;0x6211;0x6212;0x6214;0x6215;0x6300;0x6301;0x6302;0x6303;0x6304;0x6305;0x6310;0x6311;0x6312;0x6313;0x6314;0x6315;0x6500;0x6510,WQLH6;WQMH6;WQNH6;WQSH6,WQLH6;WQMH6;WQNH6;WQSH6,,WQLH6;WQMH6;WQNH6;WQSH6,no,
PLYWOLF1,28,FIST,weapon,4836,H6,yes,,data/Items.bif,0x001004DB,9E021BCA3A560002661F04FB74D3591396B138EC151E645100D35483F5442B97,78,78,0x5000;0x5001;0x5002;0x5003;0x5010;0x5011;0x5012;0x5013;0x5100;0x5101;0x5102;0x5103;0x5110;0x5111;0x5112;0x5113;0x5200;0x5201;0x5202;0x5210;0x5211;0x5212;0x5300;0x5301;0x5302;0x5303;0x5310;0x5311;0x5312;0x5313;0x6000;0x6001;0x6002;0x6003;0x6004;0x6005;0x6010;0x6011;0x6012;0x6013;0x6014;0x6015;0x6100;0x6101;0x6102;0x6103;0x6104;0x6105;0x6110;0x6111;0x6112;0x6113;0x6114;0x6115;0x6200;0x6201;0x6202;0x6204;0x6205;0x6210;0x6211;0x6212;0x6214;0x6215;0x6300;0x6301;0x6302;0x6303;0x6304;0x6305;0x6310;0x6311;0x6312;0x6313;0x6314;0x6315;0x6500;0x6510,WQLH6;WQMH6;WQNH6;WQSH6,WQLH6;WQMH6;WQNH6;WQSH6,,WQLH6;WQMH6;WQNH6;WQSH6,no,
PLYWOLF2,28,FIST,weapon,4836,H6,yes,,data/patch13.bif,0x0BC00079,3D1657D6BD86BC96C42822F3EECD4FECCAC7B88D5852D8CEA75781664F425BB0,78,78,0x5000;0x5001;0x5002;0x5003;0x5010;0x5011;0x5012;0x5013;0x5100;0x5101;0x5102;0x5103;0x5110;0x5111;0x5112;0x5113;0x5200;0x5201;0x5202;0x5210;0x5211;0x5212;0x5300;0x5301;0x5302;0x5303;0x5310;0x5311;0x5312;0x5313;0x6000;0x6001;0x6002;0x6003;0x6004;0x6005;0x6010;0x6011;0x6012;0x6013;0x6014;0x6015;0x6100;0x6101;0x6102;0x6103;0x6104;0x6105;0x6110;0x6111;0x6112;0x6113;0x6114;0x6115;0x6200;0x6201;0x6202;0x6204;0x6205;0x6210;0x6211;0x6212;0x6214;0x6215;0x6300;0x6301;0x6302;0x6303;0x6304;0x6305;0x6310;0x6311;0x6312;0x6313;0x6314;0x6315;0x6500;0x6510,WQLH6;WQMH6;WQNH6;WQSH6,WQLH6;WQMH6;WQNH6;WQSH6,,WQLH6;WQMH6;WQNH6;WQSH6,no,
PLYWYVRN,28,FIST,weapon,4836,H6,yes,,data/Items.bif,0x001004DC,01E4ED3C98C13A2EADC1FC668E368F5BD9EAF5EC726653CC0ABFB7F54FA6F9F9,78,78,0x5000;0x5001;0x5002;0x5003;0x5010;0x5011;0x5012;0x5013;0x5100;0x5101;0x5102;0x5103;0x5110;0x5111;0x5112;0x5113;0x5200;0x5201;0x5202;0x5210;0x5211;0x5212;0x5300;0x5301;0x5302;0x5303;0x5310;0x5311;0x5312;0x5313;0x6000;0x6001;0x6002;0x6003;0x6004;0x6005;0x6010;0x6011;0x6012;0x6013;0x6014;0x6015;0x6100;0x6101;0x6102;0x6103;0x6104;0x6105;0x6110;0x6111;0x6112;0x6113;0x6114;0x6115;0x6200;0x6201;0x6202;0x6204;0x6205;0x6210;0x6211;0x6212;0x6214;0x6215;0x6300;0x6301;0x6302;0x6303;0x6304;0x6305;0x6310;0x6311;0x6312;0x6313;0x6314;0x6315;0x6500;0x6510,WQLH6;WQMH6;WQNH6;WQSH6,WQLH6;WQMH6;WQNH6;WQSH6,,WQLH6;WQMH6;WQNH6;WQSH6,no,
POISA,0,MISC,,2020,,no,,data/Items.bif,0x001004DD,748F0F37E256BADFE8D305E7F72858782A4561CD8D0F91249720ADB478075BC0,0,0,,,,,,no,
POISF,0,MISC,,2020,,no,,data/Items.bif,0x001004DE,187AFCEF451498F5D193B9FAA94E5E61FCB0563C3A91788EF0EEEE4CD6B6D82C,0,0,,,,,,no,
POISK,0,MISC,,2020,,no,,data/Items.bif,0x001004DF,E1E72AB62B83DEA98819E0CF14530CAE27A0727D44264A794B3AEB0AF96B3702,0,0,,,,,,no,
POISSPID,0,MISC,,2020,,no,,data/Items.bif,0x001004E0,70CA8B0844CA6E45C55BDBDEED9F57F60F9DA9B198B62A33F5F0FD533641CAF2,0,0,,,,,,no,
POLYCARR,28,FIST,weapon,4836,H6,yes,,data/Items.bif,0x001004E1,0F97E4E27362501F88DAE22753EA6677E2516C8DC7BE84B0DC03CE498226B39D,78,78,0x5000;0x5001;0x5002;0x5003;0x5010;0x5011;0x5012;0x5013;0x5100;0x5101;0x5102;0x5103;0x5110;0x5111;0x5112;0x5113;0x5200;0x5201;0x5202;0x5210;0x5211;0x5212;0x5300;0x5301;0x5302;0x5303;0x5310;0x5311;0x5312;0x5313;0x6000;0x6001;0x6002;0x6003;0x6004;0x6005;0x6010;0x6011;0x6012;0x6013;0x6014;0x6015;0x6100;0x6101;0x6102;0x6103;0x6104;0x6105;0x6110;0x6111;0x6112;0x6113;0x6114;0x6115;0x6200;0x6201;0x6202;0x6204;0x6205;0x6210;0x6211;0x6212;0x6214;0x6215;0x6300;0x6301;0x6302;0x6303;0x6304;0x6305;0x6310;0x6311;0x6312;0x6313;0x6314;0x6315;0x6500;0x6510,WQLH6;WQMH6;WQNH6;WQSH6,WQLH6;WQMH6;WQNH6;WQSH6,,WQLH6;WQMH6;WQNH6;WQSH6,no,
POLYOCHR,28,FIST,weapon,2020,,no,,data/Items.bif,0x001004E2,E3D02334C61D13F049A5ACBB14C1D83C01CF5F69115FE2EFD6722AC087E8D1D1,0,0,,,,,,no,no-compatible-character-family;visual-animation-code-invalid
POLYRAT,28,FIST,weapon,4836,H6,yes,,data/Items.bif,0x001004E3,FC0E88668EED45500F592FF3A06EA92473A8CF0C0E67595C5A8F215E51C48004,78,78,0x5000;0x5001;0x5002;0x5003;0x5010;0x5011;0x5012;0x5013;0x5100;0x5101;0x5102;0x5103;0x5110;0x5111;0x5112;0x5113;0x5200;0x5201;0x5202;0x5210;0x5211;0x5212;0x5300;0x5301;0x5302;0x5303;0x5310;0x5311;0x5312;0x5313;0x6000;0x6001;0x6002;0x6003;0x6004;0x6005;0x6010;0x6011;0x6012;0x6013;0x6014;0x6015;0x6100;0x6101;0x6102;0x6103;0x6104;0x6105;0x6110;0x6111;0x6112;0x6113;0x6114;0x6115;0x6200;0x6201;0x6202;0x6204;0x6205;0x6210;0x6211;0x6212;0x6214;0x6215;0x6300;0x6301;0x6302;0x6303;0x6304;0x6305;0x6310;0x6311;0x6312;0x6313;0x6314;0x6315;0x6500;0x6510,WQLH6;WQMH6;WQNH6;WQSH6,WQLH6;WQMH6;WQNH6;WQSH6,,WQLH6;WQMH6;WQNH6;WQSH6,no,
POO,1,AMULET,,2020,,no,,data/Items.bif,0x001004E4,C310669748B9FD139F00C4163CB4C0198B78B307E984DD9270BBE0ED5666E327,0,0,,,,,,no,
POTN02,9,POTION,,2020,,no,,data/Items.bif,0x001004E5,E0042364BD9E043E1D37B6D91BE7C0CB60377FFD16766848B48E3922033C9006,0,0,,,,,,no,
POTN03,9,POTION,,2020,,no,,data/Items.bif,0x001004E6,246952034444E0C6FB776F0C6A0667ED2D7F8A9EE0A1B0C6F91EBF6545645202,0,0,,,,,,no,
POTN04,9,POTION,,2020,,no,,data/Items.bif,0x001004E7,5015B8D8367AA9B847078D4D8EF576B321FB59A7A3C177FFDDD4791DBEBBBE96,0,0,,,,,,no,
POTN05,9,POTION,,2020,,no,,data/Items.bif,0x001004E8,088EA2C9ECD2D1B54D85CC40FA289E923DDB5948A1975E258437695286136C75,0,0,,,,,,no,
POTN06,9,POTION,,2020,,no,,data/Items.bif,0x001004E9,8609C5B163486E0C30416166B935ADD506C7188F25DA6735C596A49D7FD682C1,0,0,,,,,,no,
POTN07,9,POTION,,2020,,no,,data/Items.bif,0x001004EA,71A14A6C59B1554BF885214097423FE2DECBC7BCE7B7C0B60F570EB4C50DDFA7,0,0,,,,,,no,
POTN08,9,POTION,,2020,,no,,data/Items.bif,0x001004EB,13CD2CBD3DDFB63949FAA8BFF064656C9BD143927FCF0B71AEF7BDBB14328122,0,0,,,,,,no,
POTN09,9,POTION,,2020,,no,,data/Items.bif,0x001004EC,50E21C1F54EC95A496EA054EFDF8E2D15CBA537AF39E28C960ACF5A44E01CEE6,0,0,,,,,,no,
POTN10,9,POTION,,2020,,no,,data/Items.bif,0x001004ED,0D3909F98B38E743805A9B363C6D7D97EC2FD962A17A787B5D671095CA8FB8C2,0,0,,,,,,no,
POTN11,9,POTION,,2020,,no,,data/Items.bif,0x001004EE,5B6913B6746AD30D07F28FBA3B8AF9B1A1975AD6EFE39D7ABD18590B2191CEF5,0,0,,,,,,no,
POTN12,9,POTION,,2020,,no,,data/Items.bif,0x001004EF,7C38E672FE8AAD4C7DD8B176F1071071F34F256020AB8DC2F8C6B30F538028FE,0,0,,,,,,no,
POTN13,9,POTION,,2020,,no,,data/Items.bif,0x001004F0,C281B545347C0FE1123F88A5B92D393C6F13A3EF48C409539FD7A624CE847107,0,0,,,,,,no,
POTN14,9,POTION,,2020,,no,,data/Items.bif,0x001004F1,3B71A00F011D26C9345D44B1500E8CB6BFD34112DAF2E84F95EE743A96E4F874,0,0,,,,,,no,
POTN15,9,POTION,,2020,,no,,data/Items.bif,0x001004F2,3F9D948628FA54EAB7DF65BA1E81FB689ABBCB0D3267A40C3FC640C8D8898883,0,0,,,,,,no,
POTN16,9,POTION,,2020,,no,,data/Items.bif,0x001004F3,03FBE166C4FFFE1630C0FD58885138F631A02DEC70B143308E2D1FA5CB31A97E,0,0,,,,,,no,
POTN17,9,POTION,,2020,,no,,data/Items.bif,0x001004F4,283442832260698D00A8C1E84950044C2A6337773612084E15110F0842D19288,0,0,,,,,,no,
POTN18,9,POTION,,2020,,no,,data/Items.bif,0x001004F5,4EFD339ACBC4854E2404BDBD1FAE5CC80443A664B15ECFD7A919986D11F4D541,0,0,,,,,,no,
POTN19,9,POTION,,2020,,no,,data/Items.bif,0x001004F6,6A872160A5379802BE9212675DA93C9A374D9A075FC8F0E424EC6893DCBEE7BD,0,0,,,,,,no,
POTN20,9,POTION,,2020,,no,,data/Items.bif,0x001004F7,7D340B4E6FD7140FACEF7CC282224B2628A12FC0F8ABFDF244EE9D4EAF660C0D,0,0,,,,,,no,
POTN21,9,POTION,,2020,,no,,data/Items.bif,0x001004F8,09D25F4A6F55A63E9AE943549B8E1E669DF435A070345CF2CD0EF085891E4EC4,0,0,,,,,,no,
POTN22,9,POTION,,2020,,no,,data/Items.bif,0x001004F9,70D4B74E03641DC4E3DF75CD1D357C834349783A0E744761A08AE927CA008D38,0,0,,,,,,no,
POTN23,9,POTION,,2020,,no,,data/Items.bif,0x001004FA,9D649918658E35BC5FC2D8A6586FAF50A19D94875E45BE1CBF281F64D238B3DC,0,0,,,,,,no,
POTN24,9,POTION,,2020,,no,,data/Items.bif,0x001004FB,99D3374403CD6F64EF23E60E77CD8DFA69F4D6B81C3E3BE1BA032D56D503737D,0,0,,,,,,no,
POTN25,9,POTION,,2020,,no,,data/Items.bif,0x001004FC,CA13BF32B7C1E4B560FA6DBE71E57CB9CC24DC82C8B7D5CE682EEE8D4F9B9043,0,0,,,,,,no,
POTN26,9,POTION,,2020,,no,,data/Items.bif,0x001004FD,9EC91E28ADD3FB835F03F63DA1E5AC5A86AD78296FF8F864BFF00D78325AB605,0,0,,,,,,no,
POTN27,9,POTION,,2020,,no,,data/Items.bif,0x001004FE,17F5C67701CCF5D06E8815A813BB95DB3B88A6521DABDC789C9DB287C3F14AF7,0,0,,,,,,no,
POTN28,9,POTION,,2020,,no,,data/Items.bif,0x001004FF,3CC1551C289E8F3D79823ABAB793DE2E624835414C811B450471FE52D55F0404,0,0,,,,,,no,
POTN29,9,POTION,,2020,,no,,data/Items.bif,0x00100500,7BE2A727443C51DC940D7B73FA392FED487746A54DEEED4A3B361EB163D62ED7,0,0,,,,,,no,
POTN30,9,POTION,,2020,,no,,data/Items.bif,0x00100501,28BB42B7771B5645114BB2E10B1DE309792E6D89AA324F27E5049B61ABDBBAAA,0,0,,,,,,no,
POTN31,9,POTION,,2020,,no,,data/Items.bif,0x00100502,3CF90F5351CF4A4EA0994D0B09A9681800487A5B0EBB4451A7C4CB86E363F700,0,0,,,,,,no,
POTN32,9,POTION,,2020,,no,,data/Items.bif,0x00100503,D878B2884FE026B1CF83B5318A40F2EF38A444A58EC6076D65CB2AFDFD4E34CA,0,0,,,,,,no,
POTN33,9,POTION,,2020,,no,,data/Items.bif,0x00100504,852498ABA75EA4D5EFF8A8514334C886D38D381E0C5FC89C85854F5C0ED05724,0,0,,,,,,no,
POTN34,9,POTION,,2020,,no,,data/Items.bif,0x00100505,6E183DD83223E5F846CFAE2AE4FD52B01F4CF34CD051572DAF317FB05DE9627F,0,0,,,,,,no,
POTN35,9,POTION,,2020,,no,,data/Items.bif,0x00100506,AD9EA567EA1B158EFCDE2C87AD94EA5485BE90CB83BE8244A8A4C8AB83D98F47,0,0,,,,,,no,
POTN36,9,POTION,,2020,,no,,data/Items.bif,0x00100507,0D32702CEF76549FDBFD0AE132AE411C3326C0D5DF064EB16CF5E35D9AC037B5,0,0,,,,,,no,
POTN37,9,POTION,,2020,,no,,data/Items.bif,0x00100508,E0BC677218AFBED900D2F29061BB5AFEA6A7E825923CCD9867D7093611678C76,0,0,,,,,,no,
POTN38,9,POTION,,2020,,no,,data/Items.bif,0x00100509,7E2B9FC844ECCB39C634A2DE7410F9C25E4524A68BDCD85A09E828445D05904C,0,0,,,,,,no,
POTN39,9,POTION,,2020,,no,,data/Items.bif,0x0010050A,DF48FF0A539E719779592CE2E75DE54EFB3BC0B76149FB54A892B6D4939C3812,0,0,,,,,,no,
POTN40,9,POTION,,2020,,no,,data/Items.bif,0x0010050B,55FF6351E21D7663BB1C1FDB56CD9CD7885705EB2979D0460C78B5D8709BB103,0,0,,,,,,no,
POTN41,9,POTION,,2020,,no,,data/Items.bif,0x0010050C,9F7624930E946D44E988607B7FF317B0520C1F3D57CB43BC315FD5FE99412BE0,0,0,,,,,,no,
POTN42,9,POTION,,2020,,no,,data/Items.bif,0x0010050D,509D4E1BA67F5EC1B4F51A4316BD1B4D6F542F1A0279EAD1018845D5D482B359,0,0,,,,,,no,
POTN43,9,POTION,,2020,,no,,data/Items.bif,0x0010050E,C72DC914B692DA8310DAF6698C55507764C15BA362CA66F1E44017109AB8E39C,0,0,,,,,,no,
POTN44,9,POTION,,2020,,no,,data/Items.bif,0x0010050F,17EB5F2DE78835D12C3E8115A6B42E7CA1A06080790A85A1DBE3EE0100C168CD,0,0,,,,,,no,
POTN45,9,POTION,,2020,,no,,data/Items.bif,0x00100510,7F44A0091D5CAB97B7D5868990994F016C2A851D70D283F802069EB58F45E260,0,0,,,,,,no,
POTN46,9,POTION,,2020,,no,,data/Items.bif,0x00100511,8E1732B0971D30546F1970AA70FDBDD1F7BF4C797D97328479D4F82F5BB7E2B8,0,0,,,,,,no,
POTN47,9,POTION,,2020,,no,,data/Items.bif,0x00100512,442EFDECE2150B6CEDA5E204902ECA631457DBCDA3B9F10102372E8478312F6E,0,0,,,,,,no,
POTN48,9,POTION,,2020,,no,,data/Items.bif,0x00100513,12FA1EE5DC3D6B5927E951AFF26250DCB8A174CAD2918C1FBE1D6C55BC17445C,0,0,,,,,,no,
POTN52,9,POTION,,2020,,no,,data/Items.bif,0x00100514,72212B0F82330ABF2AF91E4EF288672CC6AF3CF3530289637F8901E658FAAA4F,0,0,,,,,,no,
POTN53,0,MISC,,2020,,no,,data/Items.bif,0x00100515,0F31E763FE8CBAD28C5C5F0CD21CE05EC499B824CA7F66BBBC8119CD4EDBC209,0,0,,,,,,no,
POTN54,0,MISC,,2020,,no,,data/Items.bif,0x00100516,72CFA01E49E2A0E64ABFA9AE6ED80D626FD4B3097899B97872DAA8170FEC3FB2,0,0,,,,,,no,
POTN55,9,POTION,,2020,,no,,data/25Items.bif,0x08400158,1E7AD2FE2B7EC89309A7F321162EE5350EF59F52CDFBEB18DF73D3B5BBD082F7,0,0,,,,,,no,
POTN56,9,POTION,,2020,,no,,data/25Items.bif,0x08400159,9E0266E5E495A5CAFC90D3583104E9DEB98EBBB6C67D77EB313142DB6D74B16C,0,0,,,,,,no,
POTNMARE,9,POTION,,2020,,no,,data/Items.bif,0x00100517,8CE1434736F5065B1A5922F2E841C02059C82A555F9695BEAF4169D66367A614,0,0,,,,,,no,
PROX01,9,POTION,,2020,,no,,data/Items.bif,0x00100518,5D25301038CD8AAB1FD85EB7794CF64FFF04A10B4ACD14BD1D3B8228C8058B25,0,0,,,,,,no,
PSDCLAW,0,MISC,,2020,,no,,data/25Items.bif,0x0840015A,FCA9E865C5E4B0AAC5CE010786345A6B5DA5FB2B79536413A72BFEEA09F07FE8,0,0,,,,,,no,
PTION2K,9,POTION,,2020,,no,,data/Items.bif,0x00100519,C3B1F9D263C3D38D6C5134C7594B8541EB9DEF173F6A5A03D5BC14D1A7417392,0,0,,,,,,no,
PTION2L,9,POTION,,2020,,no,,data/Items.bif,0x0010051A,288FE127C1E19FE1587FD2BFEF067222A99A91875B9C4407E2D15DC48D766C4C,0,0,,,,,,no,
PTION2M,9,POTION,,2020,,no,,data/Items.bif,0x0010051B,27B9169A356C37458F34C55ECAB4E5A7EF2D64FE98E1A8E9F4862B5F0257F917,0,0,,,,,,no,
PTION2N,9,POTION,,2020,,no,,data/Items.bif,0x0010051C,4A6346CA0CB87F4BB37FA0CBB3B6E508AADBEA0352F06D99AF0A8A43C5BBB5F9,0,0,,,,,,no,
PTION41,9,POTION,,2020,,no,,data/Items.bif,0x0010051D,29144CF29D5144104D41DAB1608F920C61FB8F456653EC2C2EDE00A1CEC1C6AF,0,0,,,,,,no,
PUDDEN01,0,MISC,,2020,,no,,data/25Items.bif,0x0840015B,DE086C61316EB14D5C5394E83B3944C620FC4BC836156665EDFB13EE10CFDD26,0,0,,,,,,no,
PULS01,31,BOLT,,2020,,no,,data/Items.bif,0x0010051E,EF5576AA1F7E6D7F44037A32ECA86B7B12D1D9E520C12891C3CE497F6B880629,0,0,,,,,,no,
PULS02,31,BOLT,,2020,,no,,data/Items.bif,0x0010051F,45F715919351AA4661EFD5CD269CC1C94E90765D6914D27F82EA9A880FF77BAD,0,0,,,,,,no,
QUASCLAW,0,MISC,,2020,,no,,data/25Items.bif,0x0840015C,4C8D9901723CFD9714E206863A9C52B464856B0076DB53F80A088E3B8DCAD2D3,0,0,,,,,,no,
QUIV01,5,ARROW,,2020,,no,,data/25Items.bif,0x0840015D,13B192EE4412577BAF34263EF32BA4E3EFE09F45DF2A197F9E0B7293A6639EAA,0,0,,,,,,no,
QUIVER01,5,ARROW,,2020,,no,,data/25Items.bif,0x0840015E,40840D4B44E0ED58112DE93DA8A93EC96EEBAF490496CF43673790EE40928AF9,0,0,,,,,,no,
QUIVER02,31,BOLT,,2020,,no,,data/25Items.bif,0x0840015F,3D58229F6EEA8648CFC6A0586641FF220BB859C6273D6233736C2F329D37307C,0,0,,,,,,no,
QUIVER03,5,ARROW,,2020,,no,,data/25Items.bif,0x08400160,3EB3B608E97F39AF3DA2E7E65ED30FCFF01A046494A20F9B552EE1B728E413FB,0,0,,,,,,no,
QUIVER04,31,BOLT,,2020,,no,,data/25Items.bif,0x08400161,A7C2CF64584AF0250649E0A35B5B1F6FEF54EC3B57FA70E352FD81FDC1B37FD1,0,0,,,,,,no,
QUIVER05,14,BULLET,,2020,,no,,data/25Items.bif,0x08400162,07285537CCB026A94533BD14655C5943F1EBEB7D95998C72D7650C952A74C4C6,0,0,,,,,,no,
QUIVER06,14,BULLET,,2020,,no,,data/25Items.bif,0x08400163,16B26F19101FABC85779461874A95FBE10AC43999DBBE3D0C9FC493AE46F4FF7,0,0,,,,,,no,
RABRING,10,RING,,2020,,no,,data/Items.bif,0x00100520,ABF75FA4C12B0FE7F090CACC54FDFA71B5FAF7F79FBA2813FD25A2E87528D2DC,0,0,,,,,,no,
RAKRING,10,RING,,2020,,no,,data/Items.bif,0x00100521,BD60279F17EBE98F4CA16E8C4C34024896EF5E3EAC7ED602189C7F84366A2B25,0,0,,,,,,no,
RAVAG01,0,MISC,,2020,,no,,data/25Items.bif,0x08400164,5CB75B4968C4E053C29656F482D630C48EFD8222D5B67BD115738D01CA067365,0,0,,,,,,no,
RAVAG02,16,DAGGER,weapon,4444,DD,yes,,data/25Items.bif,0x08400165,68EB391B9C109135D6961DB1F7E61ABAEC2552234421CC59CB672E00AF552934,78,78,0x5000;0x5001;0x5002;0x5003;0x5010;0x5011;0x5012;0x5013;0x5100;0x5101;0x5102;0x5103;0x5110;0x5111;0x5112;0x5113;0x5200;0x5201;0x5202;0x5210;0x5211;0x5212;0x5300;0x5301;0x5302;0x5303;0x5310;0x5311;0x5312;0x5313;0x6000;0x6001;0x6002;0x6003;0x6004;0x6005;0x6010;0x6011;0x6012;0x6013;0x6014;0x6015;0x6100;0x6101;0x6102;0x6103;0x6104;0x6105;0x6110;0x6111;0x6112;0x6113;0x6114;0x6115;0x6200;0x6201;0x6202;0x6204;0x6205;0x6210;0x6211;0x6212;0x6214;0x6215;0x6300;0x6301;0x6302;0x6303;0x6304;0x6305;0x6310;0x6311;0x6312;0x6313;0x6314;0x6315;0x6500;0x6510,WQLDD;WQMDD;WQNDD;WQSDD,WQLDD;WQMDD;WQNDD;WQSDD,,WQLDD;WQMDD;WQNDD;WQSDD,no,
RAVAG03,1,AMULET,,2020,,no,,data/25Items.bif,0x08400166,D9A255DE504F7B313C80752FB92A02582EFF7C481F990ED9FEE7C2BC75174F15,0,0,,,,,,no,
REAVER,20,BGSWORD,weapon,5332,S2,yes,,data/Items.bif,0x00100522,22480A3C5288D21DD4D1299D92CBD8CB806022A4DE21BE61A2D6879E619E90D5,78,78,0x5000;0x5001;0x5002;0x5003;0x5010;0x5011;0x5012;0x5013;0x5100;0x5101;0x5102;0x5103;0x5110;0x5111;0x5112;0x5113;0x5200;0x5201;0x5202;0x5210;0x5211;0x5212;0x5300;0x5301;0x5302;0x5303;0x5310;0x5311;0x5312;0x5313;0x6000;0x6001;0x6002;0x6003;0x6004;0x6005;0x6010;0x6011;0x6012;0x6013;0x6014;0x6015;0x6100;0x6101;0x6102;0x6103;0x6104;0x6105;0x6110;0x6111;0x6112;0x6113;0x6114;0x6115;0x6200;0x6201;0x6202;0x6204;0x6205;0x6210;0x6211;0x6212;0x6214;0x6215;0x6300;0x6301;0x6302;0x6303;0x6304;0x6305;0x6310;0x6311;0x6312;0x6313;0x6314;0x6315;0x6500;0x6510,WQLS2;WQMS2;WQNS2;WQSS2,WQLS2;WQMS2;WQNS2;WQSS2,,WQLS2;WQMS2;WQNS2;WQSS2,no,
REFLECT,10,RING,,2020,,no,,data/Items.bif,0x00100523,07163506FE24EF0B6D045055824AA7C050C16C3B5586611B02BF9DE2D0FF2FE9,0,0,,,,,,no,
REGHP1,10,RING,,2020,,no,,data/Items.bif,0x00100524,4A6B6B8533F3DC65FECD3AC1CF9D9A5E5145046040A06FA0A731B82A8AAD6408,0,0,,,,,,no,
REGHP2,10,RING,,2020,,no,,data/Items.bif,0x00100525,E62C7641B71C93D8299706395882873A581CB2AB198353B69ECD0813B8518DF0,0,0,,,,,,no,
REGHP2R,1,AMULET,,2020,,no,,data/Items.bif,0x00100526,3CC6C279DF4E22552A248A7D854FDBB9B54A7DAF001DA1769A3F7588BDE34DDD,0,0,,,,,,no,
REGISAMU,1,AMULET,,2020,,no,,data/Items.bif,0x00100527,287AE535320A4A380A6C57F5924C68728B0989827588E00C885F9330E2161FFF,0,0,,,,,,no,
RESTORE,11,SCROLL,,2020,,no,,data/Items.bif,0x00100528,C70B1DF54109C7F1DDDBFCC6CBD167E9B4232A2E946F21D42572549B3F3BA6F9,0,0,,,,,,no,
REVENT1,0,MISC,,2020,,no,,data/Items.bif,0x00100529,8887388162DE08A6C2BAE4B91B700F949436F51EBB7419D52D3B4624BA204553,0,0,,,,,,no,
REVENT2,0,MISC,,2020,,no,,data/Items.bif,0x0010052A,28885C08DC724C3C2F30E8A4C55818B22F89D03DDDBBFFF76643B83B6B23D04E,0,0,,,,,,no,
RIDRING,10,RING,,2020,,no,,data/25Items.bif,0x08400167,7ABEF7BDB21C2F3B502639A759517CC9F4AB2308D92BD4B1BF67903284F267F9,0,0,,,,,,no,
RING01,10,RING,,2020,,no,,data/Items.bif,0x0010052B,A3EF6E3B2771DC5ABC32E68145A33CF42A6030F2140BB963F81BE83029E26D95,0,0,,,,,,no,
RING02,10,RING,,2020,,no,,data/Items.bif,0x0010052C,5ED94D0B247C422850AC7AB8061D3974E5410737083D794859E848F8045FFD80,0,0,,,,,,no,
RING03,10,RING,,2020,,no,,data/Items.bif,0x0010052D,235AB14D02AC7E4149319082FB0B243EA69CFC30A24F74228DC95F78B5C00793,0,0,,,,,,no,
RING04,10,RING,,2020,,no,,data/Items.bif,0x0010052E,8F48D154C6DDC059D743D1F19F61494A1A451FD890FB335569AC9AEEC84DC3FF,0,0,,,,,,no,
RING05,10,RING,,2020,,no,,data/Items.bif,0x0010052F,3BB4F1C493CE26DCBE10848C6C5D256EBF0961695F02DF59267EF61D79EB25FC,0,0,,,,,,no,
RING06,10,RING,,2020,,no,,data/Items.bif,0x00100530,92C9413EF50890EE69CC93A6D449C47BE7CFD97EE92167D71A9ACE2D1698B55A,0,0,,,,,,no,
RING07,10,RING,,2020,,no,,data/Items.bif,0x00100531,8849472A3E0932B4FAAA31A252037F056F2C65C70E43D59FE269E1CF204EBA15,0,0,,,,,,no,
RING08,10,RING,,2020,,no,,data/Items.bif,0x00100532,D3B1FCB4C7CB0FB8602163A66F463D5B14076B6DFA6E6BF52ED1E24B24AAD592,0,0,,,,,,no,
RING09,10,RING,,2020,,no,,data/Items.bif,0x00100533,456E819AF2DB23BDE5BB90EAA437EB421B45DB3A56E2A61CB53C09B05C9E3A3E,0,0,,,,,,no,
RING10,10,RING,,2020,,no,,data/Items.bif,0x00100534,3976E92262135205F3BABE270EB379537ED9A6286080527F1E50D85D56BF05C9,0,0,,,,,,no,
RING11,10,RING,,2020,,no,,data/Items.bif,0x00100535,5534CD11284BC9523D3B7C39CD3AB363AB4C0E333E63BE634A96FDE0D9754275,0,0,,,,,,no,
RING12,10,RING,,2020,,no,,data/Items.bif,0x00100536,429359B31A6354E6A6E0E1587EFB17235F36F49192E3D1CE54F9DCE5B76E8930,0,0,,,,,,no,
RING13,10,RING,,2020,,no,,data/Items.bif,0x00100537,6D901125AB56E0B3D36162A216601A16555982DBB52D6EE764770F6030162B8B,0,0,,,,,,no,
RING14,10,RING,,2020,,no,,data/Items.bif,0x00100538,4A6EB073E530621156518E11A36137E9719B6937E7B314F7D3B7BEEE8DE005B1,0,0,,,,,,no,
RING15,10,RING,,2020,,no,,data/Items.bif,0x00100539,C9CD464EC36E659EF67FDCF427678C943382393F95DB70DE348870EDE0D20DFD,0,0,,,,,,no,
RING16,10,RING,,2020,,no,,data/Items.bif,0x0010053A,DEFE2BEA0BC7E3BE887309A16D38A8B23A21357B24763F29C5E23F1DF3D8AD35,0,0,,,,,,no,
RING17,10,RING,,2020,,no,,data/Items.bif,0x0010053B,A1A7455243C88FFDBF93B0A01BB7230B5267ACECA42D0B3676C790E53B8615F9,0,0,,,,,,no,
RING18,10,RING,,2020,,no,,data/Items.bif,0x0010053C,E6F9DCC259DD9BD67C55CDC9F428E9B48CE7F842BC8478EB89C4D873490CCDF5,0,0,,,,,,no,
RING19,10,RING,,2020,,no,,data/Items.bif,0x0010053D,16A64B570C8F615100247541AAA71D5A03A7C2AE8EBD4BC335B2FA4A5CE98C24,0,0,,,,,,no,
RING20,10,RING,,2020,,no,,data/Items.bif,0x0010053E,D1CE53E5B61C5C3D5A49167B2C73523ADB3A0BC923D307088DEF97BB21FD0E10,0,0,,,,,,no,
RING21,10,RING,,2020,,no,,data/Items.bif,0x0010053F,2C7DB77A1C4597D54D81D766D91A1DD10B1CB115AC477BAF64E7B7C1A34F10C1,0,0,,,,,,no,
RING22,10,RING,,2020,,no,,data/Items.bif,0x00100540,4CB91B6C9217E87F0F637C66BA891F78E4C0281EE0E98A1F57D9053BD0058045,0,0,,,,,,no,
RING23,10,RING,,2020,,no,,data/Items.bif,0x00100541,0755741CCC305B5BB4D46B746096A50BCAA448006D763EEE310A6CE07C87CEBD,0,0,,,,,,no,
RING25,10,RING,,2020,,no,,data/Items.bif,0x00100542,4FAD4FCAFE94CC6C0DA9EEC9365B388B347688679B65A65244C43FF17DAA12FA,0,0,,,,,,no,
RING26,10,RING,,2020,,no,,data/Items.bif,0x00100543,999D906C569D90B1467599D591CCA0ED24500D4E7FF0024E59D5C3320B75963D,0,0,,,,,,no,
RING27,10,RING,,2020,,no,,data/Items.bif,0x00100544,0FF9F3D10DF31A5EEF63A3128542563D0110ED042C34587215C72A240BEC1DC9,0,0,,,,,,no,
RING28,10,RING,,2020,,no,,data/Items.bif,0x00100545,33CB12F60C477CF4A86FB88A34BD17EC7F626E70B599F6F28F3923A9E39FC5EB,0,0,,,,,,no,
RING29,10,RING,,2020,,no,,data/Items.bif,0x00100546,1FB86759F797F96CF87F82FD5179C81232B3C7131EE42EB1E9B070DE424BB856,0,0,,,,,,no,
RING30,10,RING,,2020,,no,,data/Items.bif,0x00100547,3428C0C1F984AEEAC46F7B0285EE33A3F04D8A0287FB4224961901B766594BCC,0,0,,,,,,no,
RING31,10,RING,,2020,,no,,data/Items.bif,0x00100548,E0AA842AD0258BC1BCF2E7AFFD242A1A197FA6242291779DEA47260578C26C8C,0,0,,,,,,no,
RING32,10,RING,,2020,,no,,data/Items.bif,0x00100549,AD31ED8B49090FB09DD8F6F645C0C848CD4FBB0219A513E6E86F93A27B9F037D,0,0,,,,,,no,
RING33,10,RING,,2020,,no,,data/Items.bif,0x0010054A,334C9BDE1F895F22C696332B01977FB255A62D436BE638705DD78DB138189BB4,0,0,,,,,,no,
RING34,10,RING,,2020,,no,,data/Items.bif,0x0010054B,BC6993E7A531FD1A57137E9D34BDDAEC04FF16F48E569B9CB816AE903D0C12CF,0,0,,,,,,no,
RING35,10,RING,,2020,,no,,data/Items.bif,0x0010054C,B1F013378B12C314A796477C59546CD6A3169A1B2A348A85D7D80D0BDA9567A1,0,0,,,,,,no,
RING36,10,RING,,2020,,no,,data/Items.bif,0x0010054D,01BEFC915D0F9DC0DFB137D7B3A6AB56CFCADB9E8232E3BCC296FAEB0544B526,0,0,,,,,,no,
RING37,10,RING,,2020,,no,,data/Items.bif,0x0010054E,069C705D98D1B826FD8F4339D83DF729DA89EBAFA03FD0D1B79B67A3B28823C3,0,0,,,,,,no,
RING38,10,RING,,2020,,no,,data/Items.bif,0x0010054F,13A8A8DE9D3509CB0968B6CC4918FF5235F29EB35A138007002922A2ADE5C071,0,0,,,,,,no,
RING39,10,RING,,2020,,no,,data/Items.bif,0x00100550,0958C89747B5BBC8B326852681C4DE09B1627C27584A4E3CC46F40E47AF45651,0,0,,,,,,no,
RING40,10,RING,,2020,,no,,data/Items.bif,0x00100551,3D4B24FB71AF81C6BD9B2E53E507AEFC6C2DE0C88B3F066F02ACD6D934428FF1,0,0,,,,,,no,
RING41,10,RING,,2020,,no,,data/25Items.bif,0x08400168,ADA48961AB8C0ACD25599A786D7D981B538C58C8623386FB5D6D4641BEAF3344,0,0,,,,,,no,
RING42,10,RING,,2020,,no,,data/25Items.bif,0x08400169,1BA20F01A200F4EC35EB030E055AE9433CD074E54FDDB6F0E0520152306D0B2B,0,0,,,,,,no,
RING43,10,RING,,2020,,no,,data/25Items.bif,0x0840016A,6C47F2F94DEDC5C5FB125366F7208F5D24EC17B6E10EB11A1C13B139905008A3,0,0,,,,,,no,
RING44,10,RING,,2020,,no,,data/25Items.bif,0x0840016B,6013B1B3BC9BBE6EC98164B101B03E0AA86A30780DE06B76C8E84BB91E477A3B,0,0,,,,,,no,
RING45,10,RING,,2020,,no,,data/25Items.bif,0x0840016C,1ADCABA76796701C6087D203C7AE169E4197C26B0364881AACB1E764B9F3B76C,0,0,,,,,,no,
RING46,10,RING,,2020,,no,,data/25Items.bif,0x0840016D,D3B52145A98DEA76CAC0780BFED3CF4C8527077EB176E0DF7BA148D44F054B20,0,0,,,,,,no,
RING92,10,RING,,2020,,no,,data/Items.bif,0x00100552,8BB901ED29442A61FB06B42229642F5BA0D4F48B3E1BC8854B3EEA35ADC5F558,0,0,,,,,,no,
RING93,10,RING,,2020,,no,,data/Items.bif,0x00100553,2C7EEE5C3A3E2352577910567BAB99D456A433F1D6360035FE5763478ED2B12B,0,0,,,,,,no,
RING94,10,RING,,2020,,no,,data/Items.bif,0x00100554,523B56D9B254E19047A892A68DC0B2D972A329B20110B6FDF0BE233B136DFC36,0,0,,,,,,no,
RING95,10,RING,,2020,,no,,data/Items.bif,0x00100555,FFCA0C09EDC3D9AF52AD7B51E96237424D017740F4FB9500D31E684D8672F851,0,0,,,,,,no,
RING97,10,RING,,2020,,no,,data/Items.bif,0x00100556,32CAC38073E779D60700B609E5EB30AF61C21BD72856E59E47E8EE04B2885DFC,0,0,,,,,,no,
RING98,10,RING,,2020,,no,,data/Items.bif,0x00100557,1B2DE68E89BCE4F753EB05BED9991C438B02F1A9E47EBA7D711592D0656C4C9C,0,0,,,,,,no,
RING99,10,RING,,2020,,no,,data/Items.bif,0x00100558,15FC563E41C9D3B82950614C7920125A16D07E260D05999A81909E7086CCD7A3,0,0,,,,,,no,
RINGDEMN,10,RING,,2020,,no,,data/Items.bif,0x00100559,1FA2683B755634A970DC1970F4C5AFFDA93F3B35223AC311ACCA82CF77ECAF4A,0,0,,,,,,no,
RINGJOIA,10,RING,,2020,,no,,data/Items.bif,0x0010055A,231B0DBB41DAEE0E8A4852BFAE43F28C86291D6492F056DEEDEBBFB25806F80B,0,0,,,,,,no,
RINGJOS,10,RING,,2020,,no,,data/Items.bif,0x0010055B,93CF1920ED2EB43152EB9871495004C1AB4204A32D2028F1D065C99A73C00512,0,0,,,,,,no,
RINGKORA,10,RING,,2020,,no,,data/Items.bif,0x0010055C,EC481306EAF239D49A38E88C896460B600BB3207D1E2C98AFF01C8B1BD67331C,0,0,,,,,,no,
RINGLOUP,10,RING,,2020,,no,,data/Items.bif,0x0010055D,6BC1B4AF1BD9CD5CC47D13491F8CAF7844D3022D5F08FF22D1FC83A0CAD78359,0,0,,,,,,no,
RINGPICO,10,RING,,2020,,no,,data/Items.bif,0x0010055E,7109710BAF80F21FF571C56159B4016305D81D6CF3AA7CEC3D61FA2344495EE7,0,0,,,,,,no,
RINGWOLF,10,RING,,2020,,no,,data/Items.bif,0x0010055F,0651C6FA1BEE673FC0E9EAA18B2F323A4155B493B63042C7C8E5033BABDB688F,0,0,,,,,,no,
RNDTRE01,0,MISC,,2020,,no,,data/Items.bif,0x00100560,E2B6333F09DA3CAE56E798A9F22541716DC44C37CEF3FB60AD329655F8FDF85D,0,0,,,,,,no,
RNDTRE02,0,MISC,,2020,,no,,data/Items.bif,0x00100561,E2B6333F09DA3CAE56E798A9F22541716DC44C37CEF3FB60AD329655F8FDF85D,0,0,,,,,,no,
RNDTRE03,0,MISC,,2020,,no,,data/Items.bif,0x00100562,E2B6333F09DA3CAE56E798A9F22541716DC44C37CEF3FB60AD329655F8FDF85D,0,0,,,,,,no,
RNDTRE04,0,MISC,,2020,,no,,data/Items.bif,0x00100563,E2B6333F09DA3CAE56E798A9F22541716DC44C37CEF3FB60AD329655F8FDF85D,0,0,,,,,,no,
RNDTRE05,0,MISC,,2020,,no,,data/Items.bif,0x00100564,E2B6333F09DA3CAE56E798A9F22541716DC44C37CEF3FB60AD329655F8FDF85D,0,0,,,,,,no,
RODMACE,17,MACE,weapon,4D43,MC,yes,,data/Items.bif,0x00100565,F96536C32C1A1A0891CEDD8E2B870839E1149A28CECE1185AE031E9FC698FDC2,78,78,0x5000;0x5001;0x5002;0x5003;0x5010;0x5011;0x5012;0x5013;0x5100;0x5101;0x5102;0x5103;0x5110;0x5111;0x5112;0x5113;0x5200;0x5201;0x5202;0x5210;0x5211;0x5212;0x5300;0x5301;0x5302;0x5303;0x5310;0x5311;0x5312;0x5313;0x6000;0x6001;0x6002;0x6003;0x6004;0x6005;0x6010;0x6011;0x6012;0x6013;0x6014;0x6015;0x6100;0x6101;0x6102;0x6103;0x6104;0x6105;0x6110;0x6111;0x6112;0x6113;0x6114;0x6115;0x6200;0x6201;0x6202;0x6204;0x6205;0x6210;0x6211;0x6212;0x6214;0x6215;0x6300;0x6301;0x6302;0x6303;0x6304;0x6305;0x6310;0x6311;0x6312;0x6313;0x6314;0x6315;0x6500;0x6510,WQLMC;WQMMC;WQNMC;WQSMC,WQLMC;WQMMC;WQNMC;WQSMC,,WQLMC;WQMMC;WQNMC;WQSMC,no,
RODS01,35,WAND,,2020,,no,,data/Items.bif,0x00100566,ECAC9B22F6A3B53D3125D72B9E2E3A619952F31E695C874226B46A8418879364,0,0,,,,,,no,
RODS02,35,WAND,,2020,,no,,data/Items.bif,0x00100567,47EB7960D75796160EFCFE673E12A6C415B175A6A4FC341B023C4FFF10C5FA7B,0,0,,,,,,no,
RODS02A,35,WAND,,2020,,no,,data/Items.bif,0x00100568,1B45401B4E2530B59DB7988305FD3AE97F0ED060B24E6A8A866E089D54B7B99E,0,0,,,,,,no,
RODS03,35,WAND,,2020,,no,,data/Items.bif,0x00100569,DB980E0F6D62FEE1EF275752B4CF554F582E293009FE38758531B66C28638249,0,0,,,,,,no,
RODS04,26,STAFF,weapon,5153,QS,yes,,data/Items.bif,0x0010056A,579D4054B83C0FE977DE1DB6000A3558E1922EBF47042D6173A68D2395E46825,78,78,0x5000;0x5001;0x5002;0x5003;0x5010;0x5011;0x5012;0x5013;0x5100;0x5101;0x5102;0x5103;0x5110;0x5111;0x5112;0x5113;0x5200;0x5201;0x5202;0x5210;0x5211;0x5212;0x5300;0x5301;0x5302;0x5303;0x5310;0x5311;0x5312;0x5313;0x6000;0x6001;0x6002;0x6003;0x6004;0x6005;0x6010;0x6011;0x6012;0x6013;0x6014;0x6015;0x6100;0x6101;0x6102;0x6103;0x6104;0x6105;0x6110;0x6111;0x6112;0x6113;0x6114;0x6115;0x6200;0x6201;0x6202;0x6204;0x6205;0x6210;0x6211;0x6212;0x6214;0x6215;0x6300;0x6301;0x6302;0x6303;0x6304;0x6305;0x6310;0x6311;0x6312;0x6313;0x6314;0x6315;0x6500;0x6510,WQLQS;WQMQS;WQNQS;WQSQS,WQLQS;WQMQS;WQNQS;WQSQS,,WQLQS;WQMQS;WQNQS;WQSQS,no,
RODS05,26,STAFF,weapon,5153,QS,yes,,data/Items.bif,0x0010056B,2C0F8E515AA180BC645128349BBD5D14737F0CCF8FC4162D36DFE072F5D40F69,78,78,0x5000;0x5001;0x5002;0x5003;0x5010;0x5011;0x5012;0x5013;0x5100;0x5101;0x5102;0x5103;0x5110;0x5111;0x5112;0x5113;0x5200;0x5201;0x5202;0x5210;0x5211;0x5212;0x5300;0x5301;0x5302;0x5303;0x5310;0x5311;0x5312;0x5313;0x6000;0x6001;0x6002;0x6003;0x6004;0x6005;0x6010;0x6011;0x6012;0x6013;0x6014;0x6015;0x6100;0x6101;0x6102;0x6103;0x6104;0x6105;0x6110;0x6111;0x6112;0x6113;0x6114;0x6115;0x6200;0x6201;0x6202;0x6204;0x6205;0x6210;0x6211;0x6212;0x6214;0x6215;0x6300;0x6301;0x6302;0x6303;0x6304;0x6305;0x6310;0x6311;0x6312;0x6313;0x6314;0x6315;0x6500;0x6510,WQLQS;WQMQS;WQNQS;WQSQS,WQLQS;WQMQS;WQNQS;WQSQS,,WQLQS;WQMQS;WQNQS;WQSQS,no,
RODS06,35,WAND,,2020,,no,,data/25Items.bif,0x0840016E,0D1ED7520D223DCB620924C4ECE913AA2D70419EA64C294099EB318267B747E6,0,0,,,,,,no,
RODSPEAR,29,SPEAR,weapon,5350,SP,yes,,data/Items.bif,0x0010056C,4B5F701EB4FF5A8DCEE0C10BA287F7ED485576ABF1FDC9CC39E85599D4EF62BC,78,78,0x5000;0x5001;0x5002;0x5003;0x5010;0x5011;0x5012;0x5013;0x5100;0x5101;0x5102;0x5103;0x5110;0x5111;0x5112;0x5113;0x5200;0x5201;0x5202;0x5210;0x5211;0x5212;0x5300;0x5301;0x5302;0x5303;0x5310;0x5311;0x5312;0x5313;0x6000;0x6001;0x6002;0x6003;0x6004;0x6005;0x6010;0x6011;0x6012;0x6013;0x6014;0x6015;0x6100;0x6101;0x6102;0x6103;0x6104;0x6105;0x6110;0x6111;0x6112;0x6113;0x6114;0x6115;0x6200;0x6201;0x6202;0x6204;0x6205;0x6210;0x6211;0x6212;0x6214;0x6215;0x6300;0x6301;0x6302;0x6303;0x6304;0x6305;0x6310;0x6311;0x6312;0x6313;0x6314;0x6315;0x6500;0x6510,WQLSP;WQMSP;WQNSP;WQSSP,WQLSP;WQMSP;WQNSP;WQSSP,,WQLSP;WQMSP;WQNSP;WQSSP,no,
RODSWORD,20,BGSWORD,weapon,5331,S1,yes,,data/Items.bif,0x0010056D,00AB8A50BFD60DE7AEF3102CD14ED7A401C9BF442301EDE66A2B728F3AB1B6CD,78,78,0x5000;0x5001;0x5002;0x5003;0x5010;0x5011;0x5012;0x5013;0x5100;0x5101;0x5102;0x5103;0x5110;0x5111;0x5112;0x5113;0x5200;0x5201;0x5202;0x5210;0x5211;0x5212;0x5300;0x5301;0x5302;0x5303;0x5310;0x5311;0x5312;0x5313;0x6000;0x6001;0x6002;0x6003;0x6004;0x6005;0x6010;0x6011;0x6012;0x6013;0x6014;0x6015;0x6100;0x6101;0x6102;0x6103;0x6104;0x6105;0x6110;0x6111;0x6112;0x6113;0x6114;0x6115;0x6200;0x6201;0x6202;0x6204;0x6205;0x6210;0x6211;0x6212;0x6214;0x6215;0x6300;0x6301;0x6302;0x6303;0x6304;0x6305;0x6310;0x6311;0x6312;0x6313;0x6314;0x6315;0x6500;0x6510,WQLS1;WQMS1;WQNS1;WQSS1,WQLS1;WQMS1;WQNS1;WQSS1,,WQLS1;WQMS1;WQNS1;WQSS1,no,
ROSSLAND,10,RING,,2020,,no,,data/Items.bif,0x0010056E,9D9A3D0D129BAD62BFEE05D16355A667881119EF3DE3710850E79BEA3BABDB27,0,0,,,,,,no,
ROSSRING,10,RING,,2020,,no,,data/Items.bif,0x0010056F,27C12D65FBC259D92B2824813946B9AB048BE0F3C0D055F6AA3165887E359517,0,0,,,,,,no,
RSBOOT,4,BOOT,,0000,,no,,data/Items.bif,0x00100570,869C312D2ABD4AD6FA7215CE2FB9C81BA0BAF87FF977D4520FD765A0EC032DDC,0,0,,,,,,no,
RSBRAC,6,BRACER,,0000,,no,,data/ee.bif,0x0B500084,C70D72ADFBA7464611C70F96DE71B1475F9C03A2712506618C10CA3BD7EF9704,0,0,,,,,,no,
S1-10,0,MISC,,2020,,no,,data/Items.bif,0x00100571,C2A56EFE25F3A25F16BF291D62A2BE4B5E14D316B345213380DB233B1B944630,0,0,,,,,,no,
S1-10M4,0,MISC,,2020,,no,,data/Items.bif,0x00100572,DC716F793FBDEE132469488DF7BFE633CCC8C132DEF64D4F09AD647E06395159,0,0,,,,,,no,
S1-12,0,MISC,,2020,,no,,data/Items.bif,0x00100573,F4B573E4DB466534FEFAAB60BEAB40A42760867BAB4D00A95146F0598CD9513C,0,0,,,,,,no,
S1-12M2,0,MISC,,2020,,no,,data/Items.bif,0x00100574,DC6CE9FF27C72164DC0788C64B6EDF8251B7B80780AF50E4B66B811485425300,0,0,,,,,,no,
S1-2,0,MISC,,2020,,no,,data/Items.bif,0x00100575,9AE4388017FAA1BB507A64EC3322A484445ECB3E408BCD2F86D171CA75151290,0,0,,,,,,no,
S1-20,0,MISC,,2020,,no,,data/Items.bif,0x00100576,D26B5FD3F63AE483478AF7FD6A106EC00EFFA808F009A4AC95C7149B1674F935,0,0,,,,,,no,
S1-3,0,MISC,,2020,,no,,data/Items.bif,0x00100577,8EA5501FA05A9947423EDFEE70250140557F52AECA8FAF7746290BE8C5D79C87,0,0,,,,,,no,
S1-4,0,MISC,,2020,,no,,data/Items.bif,0x00100578,05D9556A0BBBBF2FBC3FDA5719050308E3589F9ECA669942947B351B150D3B59,0,0,,,,,,no,
S1-6,0,MISC,,2020,,no,,data/Items.bif,0x00100579,62B159932DCFCE900C69CDF262E690E5C227DC2587A656F4859F0CF6773BD3A4,0,0,,,,,,no,
S1-8,0,MISC,,2020,,no,,data/Items.bif,0x0010057A,629D5528E5E7C59DF9CBBBD2E9B93B57C8431DA641D2DC6540567CC3F36E6417,0,0,,,,,,no,
S2-16,0,MISC,,2020,,no,,data/Items.bif,0x0010057B,5BC515FE9DA65C89EB4ABFFE4EE5B8857C4BA3E954524287E3E3F6EC34E66729,0,0,,,,,,no,
S2-16M2,0,MISC,,2020,,no,,data/25Items.bif,0x0840016F,BAEE312DC8FB3549B1DF030B375624DA5B38D8C30C78F98FA98C61CE12F7CD99,0,0,,,,,,no,
S3-8,0,MISC,,2020,,no,,data/Items.bif,0x0010057C,E679A94332FDC73BBF70A5DE678503226F09C0EDD65496085BDCB275B2883A52,0,0,,,,,,no,
S3-8M3,0,MISC,,2020,,no,,data/Items.bif,0x0010057D,CFCF1393775036971D738988F870D265866203E257FA7F54ADBB4CB9FA08E0D8,0,0,,,,,,no,
SAHBOLT,31,BOLT,,2020,,no,,data/Items.bif,0x0010057E,1C66EFB9228CB2BF501CA241AC6D127E2DF07B76B46AD5519DE2D11B3CD70782,0,0,,,,,,no,
SAHSPEAR,29,SPEAR,weapon,5350,SP,yes,,data/Items.bif,0x0010057F,F6DC7D27F25DF85E4F2BF6E6D8D2AC22F06DEFFCAD0B71F416F160E529AC7117,78,78,0x5000;0x5001;0x5002;0x5003;0x5010;0x5011;0x5012;0x5013;0x5100;0x5101;0x5102;0x5103;0x5110;0x5111;0x5112;0x5113;0x5200;0x5201;0x5202;0x5210;0x5211;0x5212;0x5300;0x5301;0x5302;0x5303;0x5310;0x5311;0x5312;0x5313;0x6000;0x6001;0x6002;0x6003;0x6004;0x6005;0x6010;0x6011;0x6012;0x6013;0x6014;0x6015;0x6100;0x6101;0x6102;0x6103;0x6104;0x6105;0x6110;0x6111;0x6112;0x6113;0x6114;0x6115;0x6200;0x6201;0x6202;0x6204;0x6205;0x6210;0x6211;0x6212;0x6214;0x6215;0x6300;0x6301;0x6302;0x6303;0x6304;0x6305;0x6310;0x6311;0x6312;0x6313;0x6314;0x6315;0x6500;0x6510,WQLSP;WQMSP;WQNSP;WQSSP,WQLSP;WQMSP;WQNSP;WQSSP,,WQLSP;WQMSP;WQNSP;WQSSP,no,
SAHSTAFF,26,STAFF,weapon,5153,QS,yes,,data/Items.bif,0x00100580,3893BE5B208046A635B6C84B90F0BD6C6909364D33138E3C1E5E548FE7481E06,78,78,0x5000;0x5001;0x5002;0x5003;0x5010;0x5011;0x5012;0x5013;0x5100;0x5101;0x5102;0x5103;0x5110;0x5111;0x5112;0x5113;0x5200;0x5201;0x5202;0x5210;0x5211;0x5212;0x5300;0x5301;0x5302;0x5303;0x5310;0x5311;0x5312;0x5313;0x6000;0x6001;0x6002;0x6003;0x6004;0x6005;0x6010;0x6011;0x6012;0x6013;0x6014;0x6015;0x6100;0x6101;0x6102;0x6103;0x6104;0x6105;0x6110;0x6111;0x6112;0x6113;0x6114;0x6115;0x6200;0x6201;0x6202;0x6204;0x6205;0x6210;0x6211;0x6212;0x6214;0x6215;0x6300;0x6301;0x6302;0x6303;0x6304;0x6305;0x6310;0x6311;0x6312;0x6313;0x6314;0x6315;0x6500;0x6510,WQLQS;WQMQS;WQNQS;WQSQS,WQLQS;WQMQS;WQNQS;WQSQS,,WQLQS;WQMQS;WQNQS;WQSQS,no,
SAHZOM01,0,MISC,,2020,,no,,data/Items.bif,0x00100581,F35DA5EAF9E9F51F3DCB6833526462AF9F647AABE1C2ED0E7B2EA5A090B42D95,0,0,,,,,,no,
SALACOLD,29,SPEAR,weapon,5350,SP,yes,,data/Items.bif,0x00100582,4B4F34495FCDF7C9D81F8EF3AD99CE644B9A9C048137710583523A0E0D49F5D1,78,78,0x5000;0x5001;0x5002;0x5003;0x5010;0x5011;0x5012;0x5013;0x5100;0x5101;0x5102;0x5103;0x5110;0x5111;0x5112;0x5113;0x5200;0x5201;0x5202;0x5210;0x5211;0x5212;0x5300;0x5301;0x5302;0x5303;0x5310;0x5311;0x5312;0x5313;0x6000;0x6001;0x6002;0x6003;0x6004;0x6005;0x6010;0x6011;0x6012;0x6013;0x6014;0x6015;0x6100;0x6101;0x6102;0x6103;0x6104;0x6105;0x6110;0x6111;0x6112;0x6113;0x6114;0x6115;0x6200;0x6201;0x6202;0x6204;0x6205;0x6210;0x6211;0x6212;0x6214;0x6215;0x6300;0x6301;0x6302;0x6303;0x6304;0x6305;0x6310;0x6311;0x6312;0x6313;0x6314;0x6315;0x6500;0x6510,WQLSP;WQMSP;WQNSP;WQSSP,WQLSP;WQMSP;WQNSP;WQSSP,,WQLSP;WQMSP;WQNSP;WQSSP,no,
SALASPER,29,SPEAR,weapon,5350,SP,yes,,data/Items.bif,0x00100583,65BB8D098A0F48AA9D206CF0DBA0CB3F6EFB7FA71057FC9C2C87B62B609EBEBD,78,78,0x5000;0x5001;0x5002;0x5003;0x5010;0x5011;0x5012;0x5013;0x5100;0x5101;0x5102;0x5103;0x5110;0x5111;0x5112;0x5113;0x5200;0x5201;0x5202;0x5210;0x5211;0x5212;0x5300;0x5301;0x5302;0x5303;0x5310;0x5311;0x5312;0x5313;0x6000;0x6001;0x6002;0x6003;0x6004;0x6005;0x6010;0x6011;0x6012;0x6013;0x6014;0x6015;0x6100;0x6101;0x6102;0x6103;0x6104;0x6105;0x6110;0x6111;0x6112;0x6113;0x6114;0x6115;0x6200;0x6201;0x6202;0x6204;0x6205;0x6210;0x6211;0x6212;0x6214;0x6215;0x6300;0x6301;0x6302;0x6303;0x6304;0x6305;0x6310;0x6311;0x6312;0x6313;0x6314;0x6315;0x6500;0x6510,WQLSP;WQMSP;WQNSP;WQSSP,WQLSP;WQMSP;WQNSP;WQSSP,,WQLSP;WQMSP;WQNSP;WQSSP,no,
SALGRFIR,29,SPEAR,weapon,5350,SP,yes,,data/25Items.bif,0x08400170,522CB4AF72880AF280C9F7E2ABFCE7A9D2DF784AA3135902E35D6B396827D9CD,78,78,0x5000;0x5001;0x5002;0x5003;0x5010;0x5011;0x5012;0x5013;0x5100;0x5101;0x5102;0x5103;0x5110;0x5111;0x5112;0x5113;0x5200;0x5201;0x5202;0x5210;0x5211;0x5212;0x5300;0x5301;0x5302;0x5303;0x5310;0x5311;0x5312;0x5313;0x6000;0x6001;0x6002;0x6003;0x6004;0x6005;0x6010;0x6011;0x6012;0x6013;0x6014;0x6015;0x6100;0x6101;0x6102;0x6103;0x6104;0x6105;0x6110;0x6111;0x6112;0x6113;0x6114;0x6115;0x6200;0x6201;0x6202;0x6204;0x6205;0x6210;0x6211;0x6212;0x6214;0x6215;0x6300;0x6301;0x6302;0x6303;0x6304;0x6305;0x6310;0x6311;0x6312;0x6313;0x6314;0x6315;0x6500;0x6510,WQLSP;WQMSP;WQNSP;WQSSP,WQLSP;WQMSP;WQNSP;WQSSP,,WQLSP;WQMSP;WQNSP;WQSSP,no,
SALGRICE,29,SPEAR,weapon,5350,SP,yes,,data/25Items.bif,0x08400171,03791877145920BE28CCF8D5DCBB2E812F6AD00E3BB54599F7ADAAA903EE0926,78,78,0x5000;0x5001;0x5002;0x5003;0x5010;0x5011;0x5012;0x5013;0x5100;0x5101;0x5102;0x5103;0x5110;0x5111;0x5112;0x5113;0x5200;0x5201;0x5202;0x5210;0x5211;0x5212;0x5300;0x5301;0x5302;0x5303;0x5310;0x5311;0x5312;0x5313;0x6000;0x6001;0x6002;0x6003;0x6004;0x6005;0x6010;0x6011;0x6012;0x6013;0x6014;0x6015;0x6100;0x6101;0x6102;0x6103;0x6104;0x6105;0x6110;0x6111;0x6112;0x6113;0x6114;0x6115;0x6200;0x6201;0x6202;0x6204;0x6205;0x6210;0x6211;0x6212;0x6214;0x6215;0x6300;0x6301;0x6302;0x6303;0x6304;0x6305;0x6310;0x6311;0x6312;0x6313;0x6314;0x6315;0x6500;0x6510,WQLSP;WQMSP;WQNSP;WQSSP,WQLSP;WQMSP;WQNSP;WQSSP,,WQLSP;WQMSP;WQNSP;WQSSP,no,
SARBONE,0,MISC,,2020,,no,,data/25Items.bif,0x08400172,32B96D9E1988F94E8D1D6B43772488DDD68111387967C17A3CB37CD93254A354,0,0,,,,,,no,
SAREVIMM,3,BELT,,2020,,no,,data/25Items.bif,0x08400173,0781EC46E5EB071BEC3C215EDC651E9A9916BEA159A9C994BF8D1E0625838506,0,0,,,,,,no,
SAREVO,20,BGSWORD,weapon,2020,,no,,data/Items.bif,0x00100584,FAC2D48991D54057ABE98F56F89A19168684645716F9DCA730A6E4D68ECA8022,0,0,,,,,,no,no-compatible-character-family;visual-animation-code-invalid
SARKEY01,8,KEY,,2020,,no,,data/25Items.bif,0x08400174,CF6D2BBF799A4D7563C84448E5E610080B6635930574F0BCF9CA1F6605377264,0,0,,,,,,no,
SARKEY02,8,KEY,,2020,,no,,data/25Items.bif,0x08400175,BB521FE9413D53598D4C764540A786EA114B9792B7A32A46CD7CDED2BEC03BDE,0,0,,,,,,no,
SARKEY03,8,KEY,,2020,,no,,data/25Items.bif,0x08400176,912E09E6F6C502C58172E1C85D085CE2C05B62DF3841AA6DC8A1C14AE5B5BCB1,0,0,,,,,,no,
SARKEY04,8,KEY,,2020,,no,,data/25Items.bif,0x08400177,06055C49280E1B26AD800DC2F55243A66F61C9DE17D91EAE15099941F9385C4D,0,0,,,,,,no,
SARSKEL,0,MISC,,2020,,no,,data/25Items.bif,0x08400178,8A35402AB1EB0FB4C3F476655F1192B81415528292423F36627E52AF39B8B1FD,0,0,,,,,,no,
SARSKUL,0,MISC,,2020,,no,,data/25Items.bif,0x08400179,26ABDB6E4763E9EE0BC85CB4C1B18F95D5355207C9800F0FE53CCB592AF5E899,0,0,,,,,,no,
SBLADE,19,SMSWORD,weapon,4632,F2,yes,,data/Items.bif,0x00100585,6EC7BBB2096CA638C574597175A7032DF6506B3AEAF63010A91C78868D8CCD1B,78,78,0x5000;0x5001;0x5002;0x5003;0x5010;0x5011;0x5012;0x5013;0x5100;0x5101;0x5102;0x5103;0x5110;0x5111;0x5112;0x5113;0x5200;0x5201;0x5202;0x5210;0x5211;0x5212;0x5300;0x5301;0x5302;0x5303;0x5310;0x5311;0x5312;0x5313;0x6000;0x6001;0x6002;0x6003;0x6004;0x6005;0x6010;0x6011;0x6012;0x6013;0x6014;0x6015;0x6100;0x6101;0x6102;0x6103;0x6104;0x6105;0x6110;0x6111;0x6112;0x6113;0x6114;0x6115;0x6200;0x6201;0x6202;0x6204;0x6205;0x6210;0x6211;0x6212;0x6214;0x6215;0x6300;0x6301;0x6302;0x6303;0x6304;0x6305;0x6310;0x6311;0x6312;0x6313;0x6314;0x6315;0x6500;0x6510,WQLF2;WQMF2;WQNF2;WQSF2,WQLF2;WQMF2;WQNF2;WQSF2,,WQLF2;WQMF2;WQNF2;WQSF2,no,
SCALEB,0,MISC,,2020,,no,,data/Items.bif,0x00100586,951BEE9FB9BBF43B047ABF633CF5895F63FF880F92AB3529B61E69128146DC4E,0,0,,,,,,no,
SCALER,0,MISC,,2020,,no,,data/Items.bif,0x00100587,1C3B63712EFB9E55B6C6C3F6E4D022ECC39A2AC9334B0D308577601508143C7A,0,0,,,,,,no,
SCHLUM1,0,MISC,,2020,,no,,data/Items.bif,0x00100588,CC7BF896539674142F243726DAF00F65466FF9AB0980B48BECCD59B93D1A5A2E,0,0,,,,,,no,
SCRL02,11,SCROLL,,2020,,no,,data/Items.bif,0x00100589,8F6F895694A144FFF12EB3491560F7043952F3A38371CAA970E916E271AECFEC,0,0,,,,,,no,
SCRL03,11,SCROLL,,2020,,no,,data/Items.bif,0x0010058A,E7490B322FFBD5E99415B4D6888C57CCB6BAD5C1E1228050FC22B342C16FDF06,0,0,,,,,,no,
SCRL04,11,SCROLL,,2020,,no,,data/Items.bif,0x0010058B,C618FA1748C5FE578421CA415F8287CED498B164B143E3B6E421A4981983730F,0,0,,,,,,no,
SCRL05,11,SCROLL,,2020,,no,,data/Items.bif,0x0010058C,68ACD9E32AC811600522427F4A018E321CFC44C92DAFA37686506C5DCA0B3814,0,0,,,,,,no,
SCRL06,11,SCROLL,,2020,,no,,data/Items.bif,0x0010058D,2D3AE2CCEC0F5BEE7D92FCE3DC12B016E2946468A09DBDFDFB46A2A20D2B8A0E,0,0,,,,,,no,
SCRL07,11,SCROLL,,2020,,no,,data/Items.bif,0x0010058E,C0B2101AFB388087BF8C3B90972F770CC740242154083C65E3D2DD34A1CF4406,0,0,,,,,,no,
SCRL08,11,SCROLL,,2020,,no,,data/Items.bif,0x0010058F,9BE86B507C6C2EAFD3B9E1453275BC9DCA8866398B74276DE8990A0D773BBF8E,0,0,,,,,,no,
SCRL09,11,SCROLL,,2020,,no,,data/Items.bif,0x00100590,9B60E811BA482288EDE2998F1610B257A02B495DADCB25760F6BAF39312E5386,0,0,,,,,,no,
SCRL10,11,SCROLL,,2020,,no,,data/Items.bif,0x00100591,3106E43739A5E25587DCC5CC0A5C82F5F50C9A26A445A2687AE6D4D2D4D2509A,0,0,,,,,,no,
SCRL11,11,SCROLL,,2020,,no,,data/Items.bif,0x00100592,E58A2682EC685133C64CA17AF6BA38F082B343F79C659BCE99212BF720C34EE3,0,0,,,,,,no,
SCRL12,11,SCROLL,,2020,,no,,data/Items.bif,0x00100593,2AEFE93EAA5600C581FA7810C893090E74B0188287131CE7E1DEA65A785FEDF5,0,0,,,,,,no,
SCRL13,11,SCROLL,,2020,,no,,data/Items.bif,0x00100594,6E441A8D9C98BA49840E2CA9BDCA9829BE517A9020104FC7013D38F4C62307C8,0,0,,,,,,no,
SCRL14,11,SCROLL,,2020,,no,,data/Items.bif,0x00100595,13597F89EE96F4808CA4C6F9C39450D899641795EECAFD36BF57C83D1488A3EE,0,0,,,,,,no,
SCRL15,11,SCROLL,,2020,,no,,data/Items.bif,0x00100596,537B2DB5BCEDDE1E957AE428B936F7A07B7A98F94C47DE1550C65A51A917C9B2,0,0,,,,,,no,
SCRL16,11,SCROLL,,2020,,no,,data/Items.bif,0x00100597,8C0305CE747B67216A2DA4479926C1970B0C5DDD29154B88BA7A4C7803132E4E,0,0,,,,,,no,
SCRL17,11,SCROLL,,2020,,no,,data/Items.bif,0x00100598,E1421FFFFD65047CE9FDF125D13207D3A7DC3B251FFE6DB724F3C2C99BF053D9,0,0,,,,,,no,
SCRL18,11,SCROLL,,2020,,no,,data/Items.bif,0x00100599,777BC5D962D6C3399C87FD8782F0889BFCA3DCF3BE9FE6F1A9A0A95D0EEAA83B,0,0,,,,,,no,
SCRL1B,11,SCROLL,,2020,,no,,data/Items.bif,0x0010059A,6D373DEBB86C7EC6F47084CEC7632248C5130A01B3A4B49CF9174FE210EEF663,0,0,,,,,,no,
SCRL1C,11,SCROLL,,2020,,no,,data/Items.bif,0x0010059B,009C62F5BEFFFFD3BBF395BC2593AA83547FE88C17D7DD44D4AD4358DD28C24A,0,0,,,,,,no,
SCRL1D,11,SCROLL,,2020,,no,,data/Items.bif,0x0010059C,65A7F75FF99889A0DBB27C2D0F0D8D08E3D8F093D3D8FBA5F270ADCB563CD9F8,0,0,,,,,,no,
SCRL1E,11,SCROLL,,2020,,no,,data/Items.bif,0x0010059D,22A7C639D7699674BFF64CCCA308FC6E9D815EE6C78E62EC97AB7129780E9897,0,0,,,,,,no,
SCRL1F,11,SCROLL,,2020,,no,,data/Items.bif,0x0010059E,0C7B374ACF3FED354D9F249186B28930E421FEB7FF79DC5FDCDCEEB4E255BBA8,0,0,,,,,,no,
SCRL1G,11,SCROLL,,2020,,no,,data/Items.bif,0x0010059F,B455705FD49B6DFB08DFB9BD10A813A514DC37C4CB61219DC85BA5E21157383D,0,0,,,,,,no,
SCRL1H,11,SCROLL,,2020,,no,,data/Items.bif,0x001005A0,1CC4C7DB4E475A84BCF12C73568BF9C7AE3AE2AA3DB3F3C347565F7145008D9F,0,0,,,,,,no,
SCRL1I,11,SCROLL,,2020,,no,,data/Items.bif,0x001005A1,98FD16E3316DA38656763C20F8B31FC4D3173B3B37DD527EBE82E832794745C2,0,0,,,,,,no,
SCRL1J,11,SCROLL,,2020,,no,,data/Items.bif,0x001005A2,5F2FE26634105181529A6141333FC1F7F740E37185EAE1336492A719EE13B13C,0,0,,,,,,no,
SCRL1K,11,SCROLL,,2020,,no,,data/Items.bif,0x001005A3,C12E3965B5A8A7B3C6955D456E1795AE081C4E1A34760AAF73A181C1BF4A9B45,0,0,,,,,,no,
SCRL1L,11,SCROLL,,2020,,no,,data/Items.bif,0x001005A4,F80E953BE00BFF50309318912D1B92834463AE9E742F1EFA57F7E48BE8D4FA5F,0,0,,,,,,no,
SCRL1M,11,SCROLL,,2020,,no,,data/Items.bif,0x001005A5,B92D163230D4E528DAFC1FC679AB8AE4E5BEE3BAC2D39C4E55881A8B8C2CF02C,0,0,,,,,,no,
SCRL1N,11,SCROLL,,2020,,no,,data/Items.bif,0x001005A6,C0BA15E6E705956E2840016B3B48E1BB637B482C6F11DE838FF8CF16FD90CEBA,0,0,,,,,,no,
SCRL1O,11,SCROLL,,2020,,no,,data/Items.bif,0x001005A7,031F5D954FF472EC8D4CB18CC2C7256BD00C742836D92C2F1577771C3BE1666C,0,0,,,,,,no,
SCRL1P,11,SCROLL,,2020,,no,,data/Items.bif,0x001005A8,A5D00EC5C58B75731CA1D2954BF39B2658651451DD6621370A8688C73E1439D6,0,0,,,,,,no,
SCRL1Q,11,SCROLL,,2020,,no,,data/Items.bif,0x001005A9,11CE466B5EA2F88C899B47F3B059C5169B1B6EDC84EC5F3266DCC2D8652AB00D,0,0,,,,,,no,
SCRL1R,11,SCROLL,,2020,,no,,data/ee.bif,0x0B500085,BFC181E908DDC0925B2E35F7500C413AF0459E955D0BFA27CAC52FD2F1668A25,0,0,,,,,,no,
SCRL1S,11,SCROLL,,2020,,no,,data/Items.bif,0x001005AA,2988B321F9B1B20EB0B74988F7ECD17D151337AADDD422B4D1195D7D47C59F40,0,0,,,,,,no,
SCRL1T,11,SCROLL,,2020,,no,,data/Items.bif,0x001005AB,CFFC6F85C728FE92A6BE73D948E43D891EA063D35FE9B5BA2F44592384D8A025,0,0,,,,,,no,
SCRL1U,11,SCROLL,,2020,,no,,data/Items.bif,0x001005AC,E63BB177BFCAEE0BC34FFCAF4EBFDEFF91BC08DC7C6C0FBB1C2F23A3562863F3,0,0,,,,,,no,
SCRL1V,11,SCROLL,,2020,,no,,data/Items.bif,0x001005AD,057AD5A6B92EE51D929647BC95340F45A3043688E396738599D1CBA0B70406AD,0,0,,,,,,no,
SCRL1W,11,SCROLL,,2020,,no,,data/Items.bif,0x001005AE,7E63D5EAB032AD636236EDCD0A12DFEAB22CBA0A9C1868572855B78753A4DF11,0,0,,,,,,no,
SCRL1X,11,SCROLL,,2020,,no,,data/Items.bif,0x001005AF,C3B423E976CD8007DA8609577B6C2CB8EBBAEFC82FA681460DFA24CC00DACC6E,0,0,,,,,,no,
SCRL1Y,11,SCROLL,,2020,,no,,data/Items.bif,0x001005B0,D41F88662DD71BF1FBA020B966BE3ABEF1C0373902DCF1E67C08011B9C76C835,0,0,,,,,,no,
SCRL1Z,11,SCROLL,,2020,,no,,data/Items.bif,0x001005B1,F09AA9938C4262A9E36FDD68A8828535CD4EC228030A412072AF68A2D5CD1E40,0,0,,,,,,no,
SCRL2A,11,SCROLL,,2020,,no,,data/Items.bif,0x001005B2,CE22051CD5ADFABB26F95568F466622908B33C13FBF6D47C87A754985D1C34E3,0,0,,,,,,no,
SCRL2B,11,SCROLL,,2020,,no,,data/Items.bif,0x001005B3,DDE677099FFE6748CCDABDC256036621896F288D6DBA078A3B406CC104D18309,0,0,,,,,,no,
SCRL2D,11,SCROLL,,2020,,no,,data/Items.bif,0x001005B4,E56478B0C62FC079677D3B959DB6FA62614BCCB3BCA638AED2600A359312DF04,0,0,,,,,,no,
SCRL2E,11,SCROLL,,2020,,no,,data/Items.bif,0x001005B5,36D7C920DBC6F5B09C7CC3F2356320121DEAFB0EF662D38FCB495A936924D9CE,0,0,,,,,,no,
SCRL2F,11,SCROLL,,2020,,no,,data/Items.bif,0x001005B6,66AA75B64A17F9F1035319CEE712EE7386DB4551C7EFD94D73712DCAD7739159,0,0,,,,,,no,
SCRL2G,11,SCROLL,,2020,,no,,data/Items.bif,0x001005B7,B1A9422B6B70B54D4A2068EE127C45B8EF401C930B20CBF8CEF54790CA3243F9,0,0,,,,,,no,
SCRL2H,11,SCROLL,,2020,,no,,data/Items.bif,0x001005B8,D3770CA73789780B645ED63DDFE11744EAB959CC6CD86471D52F4128E06BB4FC,0,0,,,,,,no,
SCRL2I,11,SCROLL,,2020,,no,,data/Items.bif,0x001005B9,B44430B32135BD3F1AA42F80152DCD0C2A6EE9B81E506BD373B27AEF67A0C8E3,0,0,,,,,,no,
SCRL2J,11,SCROLL,,2020,,no,,data/Items.bif,0x001005BA,DCCC66E78C360F1F837044AA42B705E8ED2F3E9C8A9B572FCFCABC708E9D39BD,0,0,,,,,,no,
SCRL2K,11,SCROLL,,2020,,no,,data/Items.bif,0x001005BB,40476C550772AA24EF2C27D282287BB52E80CBC53999D45964CE26C4628C022B,0,0,,,,,,no,
SCRL2L,11,SCROLL,,2020,,no,,data/Items.bif,0x001005BC,55AB1AF0CB81313EA91D6BD5667153D674B9E1C47714ADA8B12FC20827174D76,0,0,,,,,,no,
SCRL2M,11,SCROLL,,2020,,no,,data/Items.bif,0x001005BD,423DB75CF5C0E1DF6961BBFBC43C12324AAF5BC1F511E28D3079EAF5E25D5307,0,0,,,,,,no,
SCRL2N,11,SCROLL,,2020,,no,,data/Items.bif,0x001005BE,DA38F827DBE302C2191B39185BD99E0F5D89AF4D9208D8794A27932BFB47CA07,0,0,,,,,,no,
SCRL2O,11,SCROLL,,2020,,no,,data/Items.bif,0x001005BF,47F49EC3C53015E87AA84CE523358F688A7838189A8208D16CDAE444A36FF27C,0,0,,,,,,no,
SCRL2P,11,SCROLL,,2020,,no,,data/Items.bif,0x001005C0,9CEAD8967D00DF2F03061B57ABBE15EF6D80C92D2B0A04AA61E4171D2EDBB3BA,0,0,,,,,,no,
SCRL2Q,11,SCROLL,,2020,,no,,data/Items.bif,0x001005C1,47F63E6938F087DE34FD73DAC8ED35DB0B67A471D0DED24733FF39F30C0D68FE,0,0,,,,,,no,
SCRL2R,11,SCROLL,,2020,,no,,data/Items.bif,0x001005C2,0A16C434B5AF37240CB773823433426CC07BFC0CDFC28A4C046270A3E2BE0C18,0,0,,,,,,no,
SCRL2S,11,SCROLL,,2020,,no,,data/Items.bif,0x001005C3,840A68B8BAE92702FA3094F817A5D7B9D61B703AF8BABCC87C6D5DD0EA67040C,0,0,,,,,,no,
SCRL2T,11,SCROLL,,2020,,no,,data/Items.bif,0x001005C4,823CA189697BB9C63359FA25B3D20481B6F9CDDB22C3F538CAC6A03FBD0E5FA4,0,0,,,,,,no,
SCRL2U,11,SCROLL,,2020,,no,,data/Items.bif,0x001005C5,214000E198F06FDFBE1FC6D20D8C502194ABAE0D3F46485B7A0E9B309597B6A1,0,0,,,,,,no,
SCRL2V,11,SCROLL,,2020,,no,,data/Items.bif,0x001005C6,9CD595F7A9CD50061CB0D716D18C3EB71BC1A165A57B81A1A681B97D75DFCB61,0,0,,,,,,no,
SCRL2W,11,SCROLL,,2020,,no,,data/Items.bif,0x001005C7,F5FF85CFD880FFD61353AE33DD142F351DB5C846A85C96081D100EF116AFB1D1,0,0,,,,,,no,
SCRL2X,11,SCROLL,,2020,,no,,data/Items.bif,0x001005C8,C5EF3456A47DA32796D9E2B79231B420DDFD9C56C1862514A0A9FD63177D1F61,0,0,,,,,,no,
SCRL2Y,11,SCROLL,,2020,,no,,data/Items.bif,0x001005C9,9C73D2CE9814F689BC5CE3DE892DEA55159962444D2B1D257C26E292F8A28203,0,0,,,,,,no,
SCRL2Z,11,SCROLL,,2020,,no,,data/Items.bif,0x001005CA,0A3EF063B9B6844CCFE025C364A2E6BDF996AC65D171D7F76DD5CE8F4ACC7B4E,0,0,,,,,,no,
SCRL3A,11,SCROLL,,2020,,no,,data/Items.bif,0x001005CB,1346A4C6518C7287AE018932E8A2F62D063B4E2609F1AD8272F27FE5426BDAF7,0,0,,,,,,no,
SCRL3B,11,SCROLL,,2020,,no,,data/Items.bif,0x001005CC,D28D7117CA7D398C6DC5005C7D5EC123A232FC0DE02A3B6AEF1814EC65A6CD6B,0,0,,,,,,no,
SCRL3C,11,SCROLL,,2020,,no,,data/Items.bif,0x001005CD,95660D163B636BFD0305BF5AB1C5DAE7B311CB3C867E2950C59FFB8941207F0B,0,0,,,,,,no,
SCRL3D,11,SCROLL,,2020,,no,,data/Items.bif,0x001005CE,AA395992F8D866E72B36458BF8DF3D6ECE0F972436C68C56DBC6DFCEC2C2E78A,0,0,,,,,,no,
SCRL3E,11,SCROLL,,2020,,no,,data/Items.bif,0x001005CF,0EEBE61D76F0D7B84D156FD2E3625CBD860106E2AE5B68B9236AD2CAFB7EBA30,0,0,,,,,,no,
SCRL3F,11,SCROLL,,2020,,no,,data/Items.bif,0x001005D0,72BE6319CDC7CBA30E3AE749D8D219BB4C7FFE704BACBE4347A6CF70561DC706,0,0,,,,,,no,
SCRL3G,11,SCROLL,,2020,,no,,data/Items.bif,0x001005D1,D69265C9D30DEDD88C436D9D4B18BC74A2D16450EF7BDA148587778DAC41F30D,0,0,,,,,,no,
SCRL3H,11,SCROLL,,2020,,no,,data/Items.bif,0x001005D2,558078590D32F7315FBE58D4BAC342906542A58D13294BB5544A4CE919FBE9EF,0,0,,,,,,no,
SCRL3I,11,SCROLL,,2020,,no,,data/Items.bif,0x001005D3,7F9908B264B3A962B4BD81DD1D408DD65AE98645579037FB76CBE6409DDE26AA,0,0,,,,,,no,
SCRL3Z,11,SCROLL,,2020,,no,,data/Items.bif,0x001005D4,EB9778F86D0133DD418CD6F755149FA0BE7A4217C79D21B4F6D3B14D8B40A840,0,0,,,,,,no,
SCRL56,11,SCROLL,,2020,,no,,data/Items.bif,0x001005D5,998E737C48357D37B613A11F3239AB6C4ABE43866DB2F5E53478B2DA08468247,0,0,,,,,,no,
SCRL58,11,SCROLL,,2020,,no,,data/Items.bif,0x001005D6,E378EF6EA84C755274B55831A5955D9524FAA57B284F4CAE4904C5C36B11401E,0,0,,,,,,no,
SCRL59,11,SCROLL,,2020,,no,,data/Items.bif,0x001005D7,CE4A43D98003A9247667820CF98C9B9ED1FFBAF1C182D900702F575D33A9F09A,0,0,,,,,,no,
SCRL5A,11,SCROLL,,2020,,no,,data/Items.bif,0x001005D8,ABAD051B6CC96ECBCC4D585F49B5DD436534C96708572A0C23B81DA14EB51278,0,0,,,,,,no,
SCRL5B,11,SCROLL,,2020,,no,,data/Items.bif,0x001005D9,90D76AC887CFCE6CF1512B78EF5E0A3BC373186ED814F460CB86BEF45F141747,0,0,,,,,,no,
SCRL5C,11,SCROLL,,2020,,no,,data/Items.bif,0x001005DA,A629AF3BF724B8B2A3B9BB7E1917AD1C6FFCC01F3FA73F5211602AA624642C36,0,0,,,,,,no,
SCRL5D,11,SCROLL,,2020,,no,,data/Items.bif,0x001005DB,656BEF7BB38B731384D8A58653F6B317DDCEE5D475DC532CC649877EEA156B10,0,0,,,,,,no,
SCRL5E,11,SCROLL,,2020,,no,,data/Items.bif,0x001005DC,B70B6E28D9C977D0B7D1437F4F2E16A2294F6F4305ABB0264E606DC39CEB397A,0,0,,,,,,no,
SCRL5F,11,SCROLL,,2020,,no,,data/Items.bif,0x001005DD,B8A92B570E8D0D9A6B78D49D4895ABE83C886458DC598AE0FADC8131529DB7C4,0,0,,,,,,no,
SCRL5G,11,SCROLL,,2020,,no,,data/Items.bif,0x001005DE,B045035634FBD91015C86E20BA2BFADFE8DA95EBF68D4E9B8EE9F4E3E512407A,0,0,,,,,,no,
SCRL5H,11,SCROLL,,2020,,no,,data/Items.bif,0x001005DF,38A9FCEB1B2E8D8955F96BB6DCE260A6593C442EFE2C13DB165103D8065D6C17,0,0,,,,,,no,
SCRL5I,11,SCROLL,,2020,,no,,data/Items.bif,0x001005E0,1E86D1436E44DB3F7B34207F567F68C2F470B6394587640B493E585BD4A8DAAC,0,0,,,,,,no,
SCRL5J,11,SCROLL,,2020,,no,,data/Items.bif,0x001005E1,97072128EA7F06812E95AED5EA66EEE9819E66A61C08D53D1F597AB0432578C7,0,0,,,,,,no,
SCRL5K,11,SCROLL,,2020,,no,,data/Items.bif,0x001005E2,C48C27F787E6F41E9C3A39E53BA1B507068B6C7E528E143B1811259F4686891E,0,0,,,,,,no,
SCRL5L,11,SCROLL,,2020,,no,,data/Items.bif,0x001005E3,20E955384C1C056B92F1C416AE60C430E227FC642FCFE0C9F679639C1FF2EDAF,0,0,,,,,,no,
SCRL5M,11,SCROLL,,2020,,no,,data/Items.bif,0x001005E4,8AC2B5D2AE67CEDA19EA29F8D187CB4E6350365F5E45F036B1FD56F74FCE54D4,0,0,,,,,,no,
SCRL5N,11,SCROLL,,2020,,no,,data/Items.bif,0x001005E5,DFB685D0EDECCF72E9B3E14A3EFBA0E9D705A58CEC1713A1359AABCC6446730C,0,0,,,,,,no,
SCRL5O,11,SCROLL,,2020,,no,,data/Items.bif,0x001005E6,85304525CAB8CB755C8CA0A5D16366EF5A20A4EA42A93B98A87F6D9DCD0BB28D,0,0,,,,,,no,
SCRL5P,11,SCROLL,,2020,,no,,data/Items.bif,0x001005E7,EAF315D77ED6BAEEE2371EF972692C6B9AC246C857258C8CC6619CC15673CAA0,0,0,,,,,,no,
SCRL5Q,11,SCROLL,,2020,,no,,data/Items.bif,0x001005E8,7A51A0FD1C3D9FD6B1A7EC219A958465FDE4DF8BEA07B83E9DD4E18F49FD3A89,0,0,,,,,,no,
SCRL5S,11,SCROLL,,2020,,no,,data/Items.bif,0x001005E9,227D672B4E6641F91A6C0FD6B621E178D90832A02FE1BA9E00DA55CD9A184E46,0,0,,,,,,no,
SCRL5T,11,SCROLL,,2020,,no,,data/Items.bif,0x001005EA,2A010AB6F038CF7073D5E074ACCF62D55549A471B12769996D078A4AA957BBE3,0,0,,,,,,no,
SCRL5U,11,SCROLL,,2020,,no,,data/Items.bif,0x001005EB,EE042991F4C870C481060CC9F5BC04ADF6C6B703BA522EFE8DCD7E4AF477A783,0,0,,,,,,no,
SCRL5W,11,SCROLL,,2020,,no,,data/Items.bif,0x001005EC,0FED5BCEB2B139B3529689AB626F637B25CD4A19945577C0A1984B82853CF105,0,0,,,,,,no,
SCRL5X,11,SCROLL,,2020,,no,,data/Items.bif,0x001005ED,52DE2AA2CCCDE8F691131AB5DD66EFD15286725A920951976B684FACA4886A7B,0,0,,,,,,no,
SCRL5Y,11,SCROLL,,2020,,no,,data/Items.bif,0x001005EE,BC45CC225EAA5EEE87BAC513A3D15C76945CE700FF8BADEE64B8BC6DB06B21D5,0,0,,,,,,no,
SCRL5Z,11,SCROLL,,2020,,no,,data/Items.bif,0x001005EF,F318B92A3950EC863F1DCF931276216CF8409258ACF61B2BA2FE60265B94B0B0,0,0,,,,,,no,
SCRL61,11,SCROLL,,2020,,no,,data/Items.bif,0x001005F0,F41B707F0D5A63AAB99344BD5A9CBAA401B253D82518D18C5955E67FE4614136,0,0,,,,,,no,
SCRL62,11,SCROLL,,2020,,no,,data/Items.bif,0x001005F1,FCA07969556339D95BC1A30EBF682B467953162957ED3CF06C75283AC01BF899,0,0,,,,,,no,
SCRL63,11,SCROLL,,2020,,no,,data/Items.bif,0x001005F2,485B7F0CFE6CC7B94F2596B6B20E2286DBD7A1AABCB2F4AB29FAFEC3B0E2FB80,0,0,,,,,,no,
SCRL66,11,SCROLL,,2020,,no,,data/Items.bif,0x001005F3,737BA2996D0BB8D7BA05081546C0C27310D65580A8B5FF3B41B33FDC3F38DC7C,0,0,,,,,,no,
SCRL67,11,SCROLL,,2020,,no,,data/Items.bif,0x001005F4,83C764D0703A829EBFBF7365CC5A8D095910D6110525084133F4666C6F9C30F8,0,0,,,,,,no,
SCRL68,11,SCROLL,,2020,,no,,data/Items.bif,0x001005F5,CAB8FB77F13861D509BC41D88641C420557870CDDBF59DCCF4C404AA53DAC143,0,0,,,,,,no,
SCRL69,11,SCROLL,,2020,,no,,data/Items.bif,0x001005F6,BF1045FCEA7FA4A9263A526858CA36F8E2DD9EEA1E9FE9A8F072F8297F9F3DD6,0,0,,,,,,no,
SCRL6A,11,SCROLL,,2020,,no,,data/Items.bif,0x001005F7,C49FAF9BB85B1648CA379CF318DF86A5534229F8287AB829D1DE2C702348621C,0,0,,,,,,no,
SCRL6D,11,SCROLL,,2020,,no,,data/Items.bif,0x001005F8,0020DB6CBDF24858677657D9082BD3CFCCBBA37725DDADD349D47C7C9F992A65,0,0,,,,,,no,
SCRL6E,11,SCROLL,,2020,,no,,data/Items.bif,0x001005F9,1A2A96F14ED917BEBFC6038858C936F710E913EF852BC41E106A6C667918DEDD,0,0,,,,,,no,
SCRL6F,11,SCROLL,,2020,,no,,data/Items.bif,0x001005FA,B306CA71C7203F7FA291A77C287DE1B2F2F679FEB40F530DF25D5D7F967A4538,0,0,,,,,,no,
SCRL6G,11,SCROLL,,2020,,no,,data/Items.bif,0x001005FB,94034A10617824492C132E4A2982EC0EA441CA528EE04E1F710F88FA05C4FB94,0,0,,,,,,no,
SCRL6H,11,SCROLL,,2020,,no,,data/Items.bif,0x001005FC,7117362F06F0D3754694E6548F3C25F3251976B9E3D9C9E9CD810665BC940836,0,0,,,,,,no,
SCRL6I,11,SCROLL,,2020,,no,,data/Items.bif,0x001005FD,45CD592A0479FDF230D6189BD66FE1207FD54E0B1D95C62A2069370D5AFDA02A,0,0,,,,,,no,
SCRL6J,11,SCROLL,,2020,,no,,data/Items.bif,0x001005FE,783DB5353D4CFE96738EFE0376552B6928301C4512399C37283AF68A0E6A6E82,0,0,,,,,,no,
SCRL6K,11,SCROLL,,2020,,no,,data/Items.bif,0x001005FF,DB547912DBE009D95A48F6BF2016C16F17A1C94BF33E3F764AA5E5685D1B5DE0,0,0,,,,,,no,
SCRL6L,11,SCROLL,,2020,,no,,data/Items.bif,0x00100600,36FC5CC8F570297121FC7A95606CD6904BF7F72ACAB5F97A919784711D9888DC,0,0,,,,,,no,
SCRL6M,11,SCROLL,,2020,,no,,data/Items.bif,0x00100601,50E7D0FE9D0A160EDEBCE3919AAD037555C68CA099B0A22EFEDC3810B301AC21,0,0,,,,,,no,
SCRL6N,11,SCROLL,,2020,,no,,data/Items.bif,0x00100602,3B37BC55FBAF4492BC2A395E8C37444B61321E0DA3A0EBA9987CF6CE4A0B063D,0,0,,,,,,no,
SCRL6O,11,SCROLL,,2020,,no,,data/Items.bif,0x00100603,E78A3655022AEB219BC31BA48DB0851DA994FAC065474A1F4AAF904F0AEE8C9D,0,0,,,,,,no,
SCRL6P,11,SCROLL,,2020,,no,,data/Items.bif,0x00100604,CCC13BC8483D9C471DFDF1E77104A467F96C4AF297165263FFF20290E756331F,0,0,,,,,,no,
SCRL6Q,11,SCROLL,,2020,,no,,data/Items.bif,0x00100605,218E8A0D08A37196568EBCB789922F4F795C8267C77BD9F8D690A0950AE2A3D7,0,0,,,,,,no,
SCRL6R,11,SCROLL,,2020,,no,,data/Items.bif,0x00100606,1D2D5ECE97386C04FDFA197D5A510E6D75DD908748B2EB407CD8FBAB6B0645A0,0,0,,,,,,no,
SCRL6S,11,SCROLL,,2020,,no,,data/Items.bif,0x00100607,0E892E5B4051B45B65E544B8F044778F621EF8D1C8A3C8D18E77FCD2FC338B0C,0,0,,,,,,no,
SCRL6T,11,SCROLL,,2020,,no,,data/Items.bif,0x00100608,C6596FA9F258A1E73CC503FDA0840AEC5C683DA406907DE31569057C79DEAD92,0,0,,,,,,no,
SCRL6U,11,SCROLL,,2020,,no,,data/Items.bif,0x00100609,967727017E6E41A437C53507908A000A6079439AD49373E0CFF16C988863312C,0,0,,,,,,no,
SCRL6V,11,SCROLL,,2020,,no,,data/Items.bif,0x0010060A,06A59A33C4B2863C9F0C6264D5AD1FF412573231A24E4A8A5E9A82DCDB1F7F7A,0,0,,,,,,no,
SCRL6W,11,SCROLL,,2020,,no,,data/Items.bif,0x0010060B,CA77AB3C502A3357871C850B2CA39AA8B9A8E1D01E75C6015B355850B7B49D6F,0,0,,,,,,no,
SCRL6X,11,SCROLL,,2020,,no,,data/Items.bif,0x0010060C,11BEC62978263234F45634CD737072F279943DD68ACDE14D9E2152DDD4FB5608,0,0,,,,,,no,
SCRL6Y,11,SCROLL,,2020,,no,,data/Items.bif,0x0010060D,E3E7950DCD33D137211E397314ADD115E34A8D988BFA445A211112B1115EEF8C,0,0,,,,,,no,
SCRL6Z,11,SCROLL,,2020,,no,,data/Items.bif,0x0010060E,B957664C892EF3EE784DF9F2053CD2A1E61BC1A803071A2F28BA3B69CDA5827A,0,0,,,,,,no,
SCRL70,11,SCROLL,,2020,,no,,data/Items.bif,0x0010060F,7423A0D787B71DE06B22A7EA3DA23F1AD07936FFDC30D8885830AF5B00A63239,0,0,,,,,,no,
SCRL71,11,SCROLL,,2020,,no,,data/Items.bif,0x00100610,1A0357660EAB7D3CC6F87AFE2898B6556AE726D499B99B5975223BFBC02CBAF9,0,0,,,,,,no,
SCRL72,11,SCROLL,,2020,,no,,data/Items.bif,0x00100611,4DA57FA2CC231476185F69A184DB6E0A0F5636C67B45FD23BE6372E981782A60,0,0,,,,,,no,
SCRL73,11,SCROLL,,2020,,no,,data/Items.bif,0x00100612,98E5EC5C2009848B93EBED0B4117ACD4F4C65D31DDC0933AC23332A2EDAE7C03,0,0,,,,,,no,
SCRL75,11,SCROLL,,2020,,no,,data/Items.bif,0x00100613,130106B3F72F48ACFA0D7DDE172D82A413F9D4A05D487E2273FA9A628E10057D,0,0,,,,,,no,
SCRL76,11,SCROLL,,2020,,no,,data/Items.bif,0x00100614,F159B087FC23EAA9DD3E1B599E3FD2641397011983C080D77EA5B5DA366D6D60,0,0,,,,,,no,
SCRL77,11,SCROLL,,2020,,no,,data/Items.bif,0x00100615,74391884FE39C559821894CBDCEF89EC3ECAB8050F0E36D5EFA3BD8F5775A0A9,0,0,,,,,,no,
SCRL78,11,SCROLL,,2020,,no,,data/Items.bif,0x00100616,B94585F6F7177CA35F3C3F003AC272CB829B6BD92A05C192B4B04505126C1A78,0,0,,,,,,no,
SCRL79,11,SCROLL,,2020,,no,,data/Items.bif,0x00100617,A2353BD2A54CB53D878D522DE95802BA6B17779A236C65F4A35A7269AB9633EA,0,0,,,,,,no,
SCRL7B,11,SCROLL,,2020,,no,,data/Items.bif,0x00100618,483064D2797952FA75921811007FA091E29961456087E65342F05DA339E53584,0,0,,,,,,no,
SCRL7C,11,SCROLL,,2020,,no,,data/Items.bif,0x00100619,CEDBB7F01707D1DAC32E27CB6EB284AD11914C3685654852A92AE7FB40A4F208,0,0,,,,,,no,
SCRL7D,11,SCROLL,,2020,,no,,data/Items.bif,0x0010061A,CD49AE46AE441B65334081D55952D95CDD5A97A4386C8A1B9A4E713C2CF263FB,0,0,,,,,,no,
SCRL7E,11,SCROLL,,2020,,no,,data/Items.bif,0x0010061B,CBFF33505B6042CC3D036DF169E400EDBDE6EE1B0FB1B489B682A6C1A6FC784A,0,0,,,,,,no,
SCRL7F,11,SCROLL,,2020,,no,,data/Items.bif,0x0010061C,22E89D24DF44FB173EB3D0F5E6A55E9AF843CBA52040BFCC4A09AFB75FE54185,0,0,,,,,,no,
SCRL7G,11,SCROLL,,2020,,no,,data/Items.bif,0x0010061D,79C8EF804193E676FE0BEBB6111148EB6C5FEE1AB57B96CED997460C8795E173,0,0,,,,,,no,
SCRL7H,11,SCROLL,,2020,,no,,data/Items.bif,0x0010061E,DF1EDB01DEA7BCFE180B7D7C0CDD2ACC8AB9070ADAEDE2B616A04C5D935B8BE5,0,0,,,,,,no,
SCRL7I,11,SCROLL,,2020,,no,,data/Items.bif,0x0010061F,30ECFB54394658FCF1542244C9D1B6E04E341221AE9D7B2DE990ECA6BFAEE8EE,0,0,,,,,,no,
SCRL7J,11,SCROLL,,2020,,no,,data/Items.bif,0x00100620,508C0D0014FFF48C4F50C35D5A9F399C6DA3495BCE7052968F5BA87ED02E2D9A,0,0,,,,,,no,
SCRL7K,11,SCROLL,,2020,,no,,data/Items.bif,0x00100621,F1EC16CC9724DCE7E5AC8934C36AF4C4D2B8E2731A580882537D0B492B727D27,0,0,,,,,,no,
SCRL7L,11,SCROLL,,2020,,no,,data/Items.bif,0x00100622,F95ED20A8ACBB387DA4BFC619C628C75A963705947511EB19F618355693F0944,0,0,,,,,,no,
SCRL7M,11,SCROLL,,2020,,no,,data/Items.bif,0x00100623,E519C213203513FF3ADA3F3B108EFF9945D57D5B4C2A5B46FA9569DA4A11068F,0,0,,,,,,no,
SCRL7O,11,SCROLL,,2020,,no,,data/Items.bif,0x00100624,FD1AF8FE49502D76186D98B14088EEABAD8771DFF4DBC52CAA701812E6C4DB73,0,0,,,,,,no,
SCRL7P,11,SCROLL,,2020,,no,,data/Items.bif,0x00100625,232DDD5CFEE7A4F2BBD2B1A2A19BC4A0F5A56229F32F60C9187226A4448D0B9A,0,0,,,,,,no,
SCRL7Q,11,SCROLL,,2020,,no,,data/Items.bif,0x00100626,1DC570DB26F2E57AD8D0EDEBC38FC69292C6F1FAB22A048FD7DB0FC00F263F08,0,0,,,,,,no,
SCRL7R,11,SCROLL,,2020,,no,,data/Items.bif,0x00100627,C384D151CFE3E3C71E49A7C83CCC8D9ADE26E07C87054EE242D35FD98A8FF405,0,0,,,,,,no,
SCRL7S,11,SCROLL,,2020,,no,,data/Items.bif,0x00100628,E35966F328F9E1B0E42591C41072917034F3765725B8DACAC4C25404260B3968,0,0,,,,,,no,
SCRL7T,11,SCROLL,,2020,,no,,data/Items.bif,0x00100629,F24810FF7F97C3B344ABFAF4F25D12F2F571DC69CB7A1491B00DA8152C779C87,0,0,,,,,,no,
SCRL7U,11,SCROLL,,2020,,no,,data/Items.bif,0x0010062A,E29CDE90D5844EFD6BB9F004D66D5E812CEAF7103A1D5F900DDD232B502538A0,0,0,,,,,,no,
SCRL7V,11,SCROLL,,2020,,no,,data/Items.bif,0x0010062B,76F91C6966CF0268F1DBE8D39A58175B27955EC383838C038D7BF4F3F89361F8,0,0,,,,,,no,
SCRL7W,11,SCROLL,,2020,,no,,data/Items.bif,0x0010062C,9854CC51A9B5ADFFD416DD0295D60A1A1B7A9C25E0C738DB2F7D17D4D314C0CD,0,0,,,,,,no,
SCRL7X,11,SCROLL,,2020,,no,,data/Items.bif,0x0010062D,FB9AF1D6CA39485351C599C2117BE1B66EAF91E681AA008D204A062B8F668995,0,0,,,,,,no,
SCRL7Y,11,SCROLL,,2020,,no,,data/Items.bif,0x0010062E,B49197561473F1D8CE052D17E78D2D3E905B13D346A0732127F35C8FE797C101,0,0,,,,,,no,
SCRL7Z,11,SCROLL,,2020,,no,,data/Items.bif,0x0010062F,46E717703F4FB847A804ADD0DAB4D094C1667FD0DAC865D3988E9F91B40A59F1,0,0,,,,,,no,
SCRL80,11,SCROLL,,2020,,no,,data/Items.bif,0x00100630,E01191C7ED975315B3908FC58FC3A449CF74632DF14360CBC57597EAAD686E25,0,0,,,,,,no,
SCRL81,11,SCROLL,,2020,,no,,data/Items.bif,0x00100631,0155AD47819E32F286D5449F50747B987AFBD9F3831AE09F06EF5DBCFAD61F8D,0,0,,,,,,no,
SCRL82,11,SCROLL,,2020,,no,,data/Items.bif,0x00100632,B90035D09F162EC577B6D7D80EE828D0D3F0F439C288184620E69F8275F85FF0,0,0,,,,,,no,
SCRL83,11,SCROLL,,2020,,no,,data/Items.bif,0x00100633,9C9A971836861B0739CEC377B480E1AEF9988D3F0C68DF7B52CB82D87D41DD91,0,0,,,,,,no,
SCRL84,11,SCROLL,,2020,,no,,data/Items.bif,0x00100634,93DA5572952C489D9236B2B83AB7C173F06C69F47A6DC331F5314A32F4448C11,0,0,,,,,,no,
SCRL85,11,SCROLL,,2020,,no,,data/Items.bif,0x00100635,F449D001770A15C0B3834E2B575B6F062C09860ECFC73E3BB563670ABC73CDA2,0,0,,,,,,no,
SCRL86,11,SCROLL,,2020,,no,,data/Items.bif,0x00100636,1877C334A5C3EEC43760BE9F01B21BE78367B40EA30A1101DC5EDBB4A41F4AD2,0,0,,,,,,no,
SCRL87,11,SCROLL,,2020,,no,,data/Items.bif,0x00100637,579C3ADB13B22AAFF8F30392BBC609FBA715509A204C9557355358DA006473C5,0,0,,,,,,no,
SCRL89,11,SCROLL,,2020,,no,,data/Items.bif,0x00100638,B0FCCE50B11C63D3EFDCE28A049299665D93E7606E0CE9831651B05A4B23396F,0,0,,,,,,no,
SCRL8A,11,SCROLL,,2020,,no,,data/Items.bif,0x00100639,CF00B049FEB2C01251281FEA1BDF7B4192B8ADA3E230501E8997AB04947A08E6,0,0,,,,,,no,
SCRL8B,11,SCROLL,,2020,,no,,data/Items.bif,0x0010063A,78DB8DE0E50A4DA40BF586D98766828FCBD3B5F087958CD57CFF5B259F828460,0,0,,,,,,no,
SCRL8C,11,SCROLL,,2020,,no,,data/Items.bif,0x0010063B,F2C0A745C1EF3587E924DE19D8FA2449FDB9DDB71A7293AC9541AA8C32B09D9B,0,0,,,,,,no,
SCRL8D,11,SCROLL,,2020,,no,,data/Items.bif,0x0010063C,B5DE41975F7766DD2B416AE388A500A5841651A1E39EFE0B4C5588A3F93E54C4,0,0,,,,,,no,
SCRL8E,11,SCROLL,,2020,,no,,data/Items.bif,0x0010063D,D3F6192352CC7FB5A55738989F675C6D67470475E8E4A6742DB8D32B38715700,0,0,,,,,,no,
SCRL8F,11,SCROLL,,2020,,no,,data/Items.bif,0x0010063E,DCA2C56AEBB7A40D5DD8A6B80689A85FE7C635257DAEFC73FC9A2230E2C42074,0,0,,,,,,no,
SCRL8G,11,SCROLL,,2020,,no,,data/Items.bif,0x0010063F,CF22337E96B183EAA4FC61623265143968D90FCBF8185609FC27A71335303F4A,0,0,,,,,,no,
SCRL8H,11,SCROLL,,2020,,no,,data/Items.bif,0x00100640,6430FBBF6BC15AEA19658DA7F15AB9AA1D744169A86FE974BCC72CFAE41DB937,0,0,,,,,,no,
SCRL8I,11,SCROLL,,2020,,no,,data/Items.bif,0x00100641,E0F8567EA34ECC2509D698259A37214CD57D64398F9BD843CC55FA381EB405E1,0,0,,,,,,no,
SCRL8J,11,SCROLL,,2020,,no,,data/Items.bif,0x00100642,077B94CECA61AE99F14FD5F5C14D596F6E684D4FA785E814FE53E8FD9F206D13,0,0,,,,,,no,
SCRL8L,11,SCROLL,,2020,,no,,data/Items.bif,0x00100643,308B43450A0EA4735698A31447FC80F79966D3F0579D70415633F60203CF41BD,0,0,,,,,,no,
SCRL8M,11,SCROLL,,2020,,no,,data/Items.bif,0x00100644,3DE5709CAE6167082F1C7087348E19ACB8C89F1D7E9B26AB532C93932FF5669B,0,0,,,,,,no,
SCRL8N,11,SCROLL,,2020,,no,,data/Items.bif,0x00100645,7351961FB4A339A384FF11067779A7CC7F178D43AFF6FF3283EFA6900FF8DC85,0,0,,,,,,no,
SCRL8O,11,SCROLL,,2020,,no,,data/Items.bif,0x00100646,75A9A4FFA44EE330D65531B14E9D9762638DFCBE6DC45EDE1BF4BC8E4A351138,0,0,,,,,,no,
SCRL8P,11,SCROLL,,2020,,no,,data/Items.bif,0x00100647,26D7841068731641A54A103FAC1B66A1D8E896F0CDA0EAC016DA1F8F4264E4BA,0,0,,,,,,no,
SCRL8Q,11,SCROLL,,2020,,no,,data/Items.bif,0x00100648,B41A11FDBC8750BB2A5AC15D1FF9FC7F54F75F7C7176938D16DAA5E03FF34867,0,0,,,,,,no,
SCRL8R,11,SCROLL,,2020,,no,,data/Items.bif,0x00100649,5C000A31A755D15C3C349FA2D63C6D79BF6918F32D69CE418EB1B4064E6BDF0A,0,0,,,,,,no,
SCRL8S,11,SCROLL,,2020,,no,,data/Items.bif,0x0010064A,E957002452DFB51D40EA3D89B07E33896DC926D44F2265EA559F3DFC68C7958F,0,0,,,,,,no,
SCRL8T,11,SCROLL,,2020,,no,,data/Items.bif,0x0010064B,43D999FDECA2E4DA8FC780715E720BC5DE87338440E90D0A6ACAA0C8055E6EAB,0,0,,,,,,no,
SCRL8U,11,SCROLL,,2020,,no,,data/Items.bif,0x0010064C,5627105CDE937EE8E6EE78A943617A7C946E50D8555ACA67B9E347CA48256FDF,0,0,,,,,,no,
SCRL8V,11,SCROLL,,2020,,no,,data/Items.bif,0x0010064D,F943B9DD3CF4ACBA3AB1875F6533E95A50130BAA98F0E2693F29A7FAA492145F,0,0,,,,,,no,
SCRL8W,11,SCROLL,,2020,,no,,data/Items.bif,0x0010064E,AACF0407EB1B112EBA162DA73537ABFBF15310CAAC00098A9606247B73AFC893,0,0,,,,,,no,
SCRL8X,11,SCROLL,,2020,,no,,data/Items.bif,0x0010064F,B1698B1448F3B6EED632E1A2633F0C21DBB54448033A0BFF44E70C54170640D5,0,0,,,,,,no,
SCRL8Y,11,SCROLL,,2020,,no,,data/Items.bif,0x00100650,DF9D6D33380AD88EC22DAE3122C1391EA1AD0091071E35006C57A397017DB298,0,0,,,,,,no,
SCRL8Z,11,SCROLL,,2020,,no,,data/Items.bif,0x00100651,6590CCB4832CBE95E61B1B032AC118361B6B9E0FEE3BDE5DECAF78D7EA719A6D,0,0,,,,,,no,
SCRL90,11,SCROLL,,2020,,no,,data/Items.bif,0x00100652,0359A25D6E2F6DF63BD2A8C118CBF8A3161FB67B403880E70605298ECBF4280D,0,0,,,,,,no,
SCRL91,11,SCROLL,,2020,,no,,data/Items.bif,0x00100653,AE3DA0FFDE9E265C072BEACA481DA0F1F8CE5BD697362B24574AB98B5321C034,0,0,,,,,,no,
SCRL92,11,SCROLL,,2020,,no,,data/Items.bif,0x00100654,24D196ACE687882337FBC077C9706222A8428C2E4E90C5BC22A4F182781868AF,0,0,,,,,,no,
SCRL93,11,SCROLL,,2020,,no,,data/Items.bif,0x00100655,CFA849938240FCC3F02EA3FC34982B14EC738588102124CB62F642A95F905606,0,0,,,,,,no,
SCRL94,11,SCROLL,,2020,,no,,data/Items.bif,0x00100656,ED21220A48243B4B0F9E42705287456C874C40A01F1D2A4E56A43E7B8414DFC6,0,0,,,,,,no,
SCRL95,11,SCROLL,,2020,,no,,data/Items.bif,0x00100657,76AC685FC5967BBAC9BA0900FE19FC0162EC10C8ADE9B795E4B3E1DE2A8938F8,0,0,,,,,,no,
SCRL96,11,SCROLL,,2020,,no,,data/Items.bif,0x00100658,99E4CBEAB484F3CAB69BC6FF28454173DC7E80B32286CE712C811B3998B4524C,0,0,,,,,,no,
SCRL97,11,SCROLL,,2020,,no,,data/Items.bif,0x00100659,5ADC95EB40A72EF5F6170FC0211F42EC6FE7E75B681E20858597ABA2B5395AA5,0,0,,,,,,no,
SCRL98,11,SCROLL,,2020,,no,,data/Items.bif,0x0010065A,EC12E87E55123CCA281318CCEB34626E4404C2F79783FBE61B388604667F87ED,0,0,,,,,,no,
SCRL99,11,SCROLL,,2020,,no,,data/Items.bif,0x0010065B,BCF36865DE71847E5A74E72D9A0A32FC6ECCE01BFF4CE65C44FECBD1B879CA39,0,0,,,,,,no,
SCRL9A,11,SCROLL,,2020,,no,,data/Items.bif,0x0010065C,0763180B5D77B8EDCAE3D4CF44C5023AC0C990C844DDC75A6146F9C6DDC00C3E,0,0,,,,,,no,
SCRL9B,11,SCROLL,,2020,,no,,data/Items.bif,0x0010065D,FA3AEFCCD95F7A999F84F60A77069FB2A6D45E849B65EB1E0AAD2F6944ECCA82,0,0,,,,,,no,
SCRL9C,11,SCROLL,,2020,,no,,data/Items.bif,0x0010065E,FE2B2134A462AE6953F55B28E09D69AC2438C9CD5A30A07CF4E3069A3A47C335,0,0,,,,,,no,
SCRL9D,11,SCROLL,,2020,,no,,data/Items.bif,0x0010065F,20AD06B5EBB6BA3DC056CB1C7CC6977F71C7BD5F909E5B2E15C35046E4ECC75F,0,0,,,,,,no,
SCRL9E,11,SCROLL,,2020,,no,,data/Items.bif,0x00100660,2BD8910F71346C277C8A5EEF93E531674ACCCEBD90B53F13860F519E4963A71D,0,0,,,,,,no,
SCRL9F,11,SCROLL,,2020,,no,,data/Items.bif,0x00100661,3C9AD06012457FA267D2470F730F8FC5AA87F1D47623266E0E5C9864F574AB1E,0,0,,,,,,no,
SCRL9G,11,SCROLL,,2020,,no,,data/Items.bif,0x00100662,B6CA211E064F0FD5465691005B8FCADA55C083C2C3C5CC787F9C389BD1648D0D,0,0,,,,,,no,
SCRL9H,11,SCROLL,,2020,,no,,data/Items.bif,0x00100663,B912864C3E3E72E79F3423517627333BEEED0D6F3239ADA24F2EE5532C7B1E3C,0,0,,,,,,no,
SCRL9J,11,SCROLL,,2020,,no,,data/Items.bif,0x00100664,5C4A21A8570D5B22E122FDA3932CCBD6451182A8D1BD6F1869EBA1CD36463E4D,0,0,,,,,,no,
SCRL9L,11,SCROLL,,2020,,no,,data/Items.bif,0x00100665,FB025AD77A164BEB909EB2F71E1502C2AF11A2D89337DD4B9FBBB0832A4C8D7B,0,0,,,,,,no,
SCRL9M,11,SCROLL,,2020,,no,,data/Items.bif,0x00100666,4F16026CDD59FB30466A98D9417264066976B132681E59B62BE452B966EE359A,0,0,,,,,,no,
SCRL9N,11,SCROLL,,2020,,no,,data/Items.bif,0x00100667,F95981E3B87E3FE1C65C516147476714AB64FBB79B1264FD308DDEB3E7FF6DFA,0,0,,,,,,no,
SCRL9P,11,SCROLL,,2020,,no,,data/Items.bif,0x00100668,83E2E24F7ACA4CB02693F3C6E106213E4182439F69E14DA5BFA5BB922993E4D9,0,0,,,,,,no,
SCRL9Q,11,SCROLL,,2020,,no,,data/Items.bif,0x00100669,CE4B207453811FA27320586CDB6A49C962C785D8CDA05335C789D0C7BDFB566E,0,0,,,,,,no,
SCRL9R,11,SCROLL,,2020,,no,,data/Items.bif,0x0010066A,113413CB9846104E677784382C043D84799AA76BC7A8C0C92F702D182FA9E84B,0,0,,,,,,no,
SCRL9S,11,SCROLL,,2020,,no,,data/Items.bif,0x0010066B,BF577BAAD9A33A464B630F130BB4DF411E54C9BEC27E0CC6F437D79C7EA32C51,0,0,,,,,,no,
SCRL9T,11,SCROLL,,2020,,no,,data/Items.bif,0x0010066C,ABE6874BCD25BC92639A2495900CAAF1600E860AAA33FFD44133AE2749FA6F99,0,0,,,,,,no,
SCRL9U,11,SCROLL,,2020,,no,,data/Items.bif,0x0010066D,FD66C7B991DFE8854ADD3CEDD000D1E02D1F255015D8F1E2804EDCE3F8BD15FE,0,0,,,,,,no,
SCRL9V,11,SCROLL,,2020,,no,,data/Items.bif,0x0010066E,17B90E75E681D69FABB4418CD0FD8118472F4A9FD818296265F9880C7DE45B1B,0,0,,,,,,no,
SCRL9W,11,SCROLL,,2020,,no,,data/Items.bif,0x0010066F,C68A041D09567D53FBCA694B3E4B7C9249EC203AB266743B6E00939339F07DEA,0,0,,,,,,no,
SCRL9X,11,SCROLL,,2020,,no,,data/Items.bif,0x00100670,409F0E9D594159CBD26F9E4BFFCDF4459FF71A22A79E998203F72E8805E73717,0,0,,,,,,no,
SCRL9Y,11,SCROLL,,2020,,no,,data/Items.bif,0x00100671,D1FBAF274C7924EEFA54343D712180BE360FF0F2693838A3F2609B54BDBA2F09,0,0,,,,,,no,
SCRL9Z,11,SCROLL,,2020,,no,,data/Items.bif,0x00100672,B54279140710364F16C508490D97D6E9CE53187D6010DE29DDCA405D46B38649,0,0,,,,,,no,
SCRLA1,11,SCROLL,,2020,,no,,data/Items.bif,0x00100673,64699992F2C95DB9C24AC5FA8D286665E814A6D78369452DF65E86F22F4A3DD4,0,0,,,,,,no,
SCRLA2,11,SCROLL,,2020,,no,,data/Items.bif,0x00100674,3D33C31B0C3523F48DCE1FA8FEFEAD0136AE0018593228C746539076E7E2511E,0,0,,,,,,no,
SCRLA3,11,SCROLL,,2020,,no,,data/Items.bif,0x00100675,1D0DFD2F8F14361B40957165A5D7D8C27A8F8455C01476CF52CC7281C22C2557,0,0,,,,,,no,
SCRLA4,11,SCROLL,,2020,,no,,data/Items.bif,0x00100676,A9C087C21219AAD7B47F1921CACB7292FF202DDFB07A13742E26555E693F7D86,0,0,,,,,,no,
SCRLA5,11,SCROLL,,2020,,no,,data/Items.bif,0x00100677,3A758937400AFF12D103294D227EE4B7E49B7DC35AD1FA96286CB212CE1E27E7,0,0,,,,,,no,
SCRLA6,11,SCROLL,,2020,,no,,data/Items.bif,0x00100678,A55702BCA22ED338564B581238A7203CDE79BD73DC3E124D776F133BE0FECDA5,0,0,,,,,,no,
SCRLA7,11,SCROLL,,2020,,no,,data/Items.bif,0x00100679,E633FB4CD4D721367B943C2023CC2C23B308D9DFA6CC35D99D8027C91A1CE5BA,0,0,,,,,,no,
SCRLA8,11,SCROLL,,2020,,no,,data/Items.bif,0x0010067A,9EB9C159AE9931E23BA75CBEA764BBB5A5A6DFB15EB9D3CA70FC840B6EA2DE8A,0,0,,,,,,no,
SCRLA9,37,BROKEN2,,2020,,no,,data/Items.bif,0x0010067B,5752F4E64FF66D55761785FE77577C210306FE8818D563416385244535840B5A,0,0,,,,,,no,
SCRLAA,37,BROKEN2,,2020,,no,,data/Items.bif,0x0010067C,1E90A34BF0E797339E8B0BED0205E5EB1E26A40A547843D088FBA4DFB270DF71,0,0,,,,,,no,
SCRLAB,37,BROKEN2,,2020,,no,,data/Items.bif,0x0010067D,E96BD4E71BAC59DE8CB975458E7BCCE888B09F458843AA4CEAB01CC9AF2D8674,0,0,,,,,,no,
SCRLAC,37,BROKEN2,,2020,,no,,data/Items.bif,0x0010067E,F2A0F461C58032063DCE850D3B817B2E9AAB385348EF09A57B01A55D098D01ED,0,0,,,,,,no,
SCRLAD,37,BROKEN2,,2020,,no,,data/Items.bif,0x0010067F,70C8FECFB537B5FF921A860A25D5E7E0AC033375EF3FEBD1927DE9662104C560,0,0,,,,,,no,
SCRLADJ,11,SCROLL,,2020,,no,,data/Items.bif,0x00100680,F6354DA3A9BD1DFCA24A9890B8F9BA006393C48CB041C9C3BCF07CB665D10832,0,0,,,,,,no,
SCRLAE,11,SCROLL,,2020,,no,,data/Items.bif,0x00100681,5664F0624D783E8753D613D02E27FCED33A2F4DF63292F69BD39CD9741C44BFE,0,0,,,,,,no,
SCRLAF,11,SCROLL,,2020,,no,,data/Items.bif,0x00100682,1F89153B8D0FF236D75A5B8B7F9D9845C19DE11F691C4FC7DEE2C11000FC38FF,0,0,,,,,,no,
SCRLAG,37,BROKEN2,,2020,,no,,data/Items.bif,0x00100683,544A4B47F0B92E0BD0B40509058D675AA0511B3CC93DBF9178E5786FF50590C1,0,0,,,,,,no,
SCRLAI,11,SCROLL,,2020,,no,,data/Items.bif,0x00100684,31169C00C4EC3FEBE97419FB14D3B955E1D0EA1B2F9A487C07D9CD592419EB33,0,0,,,,,,no,
SCRLAJ,11,SCROLL,,2020,,no,,data/Items.bif,0x00100685,0722CC3D0336BFE100A369E4CB0091DEF65CC8E8A02E0EF42F28D4C53B703B2A,0,0,,,,,,no,
SCRLAK,11,SCROLL,,2020,,no,,data/Items.bif,0x00100686,9ED8038A48BD65DB2E39F325B1C675B00AEC6524F8A4F2F10080BA1D7F6DED85,0,0,,,,,,no,
SCRLAL,11,SCROLL,,2020,,no,,data/Items.bif,0x00100687,284E09BC132B28E995405F12249031313FB25E404BDF1F864169EF25F4487815,0,0,,,,,,no,
SCRLAM,11,SCROLL,,2020,,no,,data/Items.bif,0x00100688,FA7D192E3ACBBC126D8F8475ABCF1360457052ADB4C8F5A2956116719D69178C,0,0,,,,,,no,
SCRLAN,11,SCROLL,,2020,,no,,data/Items.bif,0x00100689,AE393E585893B26A42084377558E9E93B0E8032C3C6362162A0B525510ABE5C4,0,0,,,,,,no,
SCRLAO,11,SCROLL,,2020,,no,,data/Items.bif,0x0010068A,2FFFD194361F5F938B9664386A8A8645840213754D17CC50F81A49CB886C3A41,0,0,,,,,,no,
SCRLAP,11,SCROLL,,2020,,no,,data/Items.bif,0x0010068B,3F95FC187538F587572BF5D91A16F204874E18BB366508F8420612AF1ADB92B9,0,0,,,,,,no,
SCRLAQ,11,SCROLL,,2020,,no,,data/Items.bif,0x0010068C,86CB9E932DCEACD74D3AB112EF0F819571E8E9CB05E97B74C46AE3F6FF3BD7F4,0,0,,,,,,no,
SCRLAR,11,SCROLL,,2020,,no,,data/Items.bif,0x0010068D,01DDC871C6E184DE761ABF72400C1D4571C24974DD3B6715B7A5EF2FF5821B9C,0,0,,,,,,no,
SCRLAUTO,11,SCROLL,,2020,,no,,data/Items.bif,0x0010068E,9C4E4EA3EF9598285C0E0B536817823B09FAC1558509FBFBC77990D8932DFF20,0,0,,,,,,no,
SCRLB1,11,SCROLL,,2020,,no,,data/25Items.bif,0x0840017A,A3548DE6E97C5C41FE05794625630EED95FEAC2F322E3D33B8AF859C19D77A03,0,0,,,,,,no,
SCRLB2,11,SCROLL,,2020,,no,,data/25Items.bif,0x0840017B,F2FF61695D95B485C2C1D9D0730B222028A6750EDA5FEEF232D21808CEF5CD2B,0,0,,,,,,no,
SCRLB4,11,SCROLL,,2020,,no,,data/25Items.bif,0x0840017C,D02C33F07015B09B93121AE799D69DD6C2B41D2788B072D4AC47E0957BAC69C5,0,0,,,,,,no,
SCRLDRA,11,SCROLL,,2020,,no,,data/Items.bif,0x0010068F,29BE00AE29EAD07F28F215F793796DF33BCA14B4FB96213B8C996786255C000A,0,0,,,,,,no,
SCRLHP,11,SCROLL,,2020,,no,,data/Items.bif,0x00100690,C152B6229C39A07C8A6501444BC2053797A3AD8FFE09207B59674F4595ABD8E7,0,0,,,,,,no,
SCRLICK,11,SCROLL,,2020,,no,,data/Items.bif,0x00100691,ADB60093120D4AFFD8D6B90689134FEC63506A0F65CDFFD63A6B5A8AD31DC80A,0,0,,,,,,no,
SCRLJALA,11,SCROLL,,2020,,no,,data/Items.bif,0x00100692,EAB43C86A53DB397A56BCF7D4C6BD9FC59E08ADDDDA73941F27D942D38298EFE,0,0,,,,,,no,
SCRLKAR,11,SCROLL,,2020,,no,,data/Items.bif,0x00100693,18D082C1E439DDFF306B29E50F68DF47E90A1F51D288EEE618193A44CAE258AA,0,0,,,,,,no,
SCRLMZ,11,SCROLL,,2020,,no,,data/Items.bif,0x00100694,D5F96DFA039D63D368B6997FB2B63309CB596B3D224F42F5D98DBBE52B5CADD9,0,0,,,,,,no,
SCRLNEI,11,SCROLL,,2020,,no,,data/Items.bif,0x00100695,14872234B01C515D6CB333ED54762CD7DA08E291430EE4C2FFBA7D889FC44407,0,0,,,,,,no,
SCRLPET,11,SCROLL,,2020,,no,,data/Items.bif,0x00100696,991D0925FD1B440BB22AF699A77CCEE60AE0556B1B24BC24A6AF9C569999755D,0,0,,,,,,no,
SCRLSD,11,SCROLL,,2020,,no,,data/Items.bif,0x00100697,EAF117075ADE93DBDC39ACDB4BDB5B718A0E53864E725B1E9575B5B7540011C5,0,0,,,,,,no,
SCRLTAR,11,SCROLL,,2020,,no,,data/Items.bif,0x00100698,EB7B71EFEF62019AA9AC69768EAFC8DD9609CC1597075084FC46766928D5F467,0,0,,,,,,no,
SCRLVAIL,11,SCROLL,,2020,,no,,data/Items.bif,0x00100699,E2AEC6EBB6BA7185988CFEE3ECACCFB606B80379A96E74CE378CCC57AF131C13,0,0,,,,,,no,
SCRLZHA,11,SCROLL,,2020,,no,,data/Items.bif,0x0010069A,533D13F39CA64AA2450BB84B1EC1935A085AB9C2F1DE95427EF214296D8D2AF7,0,0,,,,,,no,
SCRLZY,11,SCROLL,,2020,,no,,data/Items.bif,0x0010069B,8D55EF5FC35547A9C1BC24E083EFEC7D92F408FCE3574412044E9063D12DBD38,0,0,,,,,,no,
SCRLZZ,11,SCROLL,,2020,,no,,data/Items.bif,0x0010069C,9A18CFD08E1E5C7D7D5D3206B1EC37EE660BAD6C6E953531C94FFC02F0C48EB6,0,0,,,,,,no,
SECRET01,27,XBOW,weapon,4342,CB,yes,,data/25Items.bif,0x0840017D,3174838BC8F17CC8EC3FA80A66482ECF60726D7FEF0CD43648381979E702BCCE,78,78,0x5000;0x5001;0x5002;0x5003;0x5010;0x5011;0x5012;0x5013;0x5100;0x5101;0x5102;0x5103;0x5110;0x5111;0x5112;0x5113;0x5200;0x5201;0x5202;0x5210;0x5211;0x5212;0x5300;0x5301;0x5302;0x5303;0x5310;0x5311;0x5312;0x5313;0x6000;0x6001;0x6002;0x6003;0x6004;0x6005;0x6010;0x6011;0x6012;0x6013;0x6014;0x6015;0x6100;0x6101;0x6102;0x6103;0x6104;0x6105;0x6110;0x6111;0x6112;0x6113;0x6114;0x6115;0x6200;0x6201;0x6202;0x6204;0x6205;0x6210;0x6211;0x6212;0x6214;0x6215;0x6300;0x6301;0x6302;0x6303;0x6304;0x6305;0x6310;0x6311;0x6312;0x6313;0x6314;0x6315;0x6500;0x6510,WQLCB;WQMCB;WQNCB;WQSCB,WQLCB;WQMCB;WQNCB;WQSCB,,WQLCB;WQMCB;WQNCB;WQSCB,no,
SECRET02,31,BOLT,,2020,,no,,data/25Items.bif,0x0840017E,70EB1A9FA417BFBE769F014283C45CD96B993AC9CA81A747ACF5CCAE58907FFA,0,0,,,,,,no,
SECRET03,31,BOLT,,2020,,no,,data/25Items.bif,0x0840017F,FF6A6FC261D4929961F5E0E2E24AEFBF161149083CBE0BA7E47D008C494844CA,0,0,,,,,,no,
SECRET04,31,BOLT,,2020,,no,,data/25Items.bif,0x08400180,49495B69F70C47A94A5C53482F378D9A32F33FACC9E40C2D06E3DCF600995AA1,0,0,,,,,,no,
SECRET05,2,ARMOR,body,3441,4A,yes,4,data/25Items.bif,0x08400181,EED3998A3907C5272194E8318B1294FA9B6784128B4B3615A5AF9A4B8F00E6C9,76,76,0x5000;0x5001;0x5002;0x5003;0x5010;0x5011;0x5012;0x5013;0x5100;0x5101;0x5102;0x5103;0x5110;0x5111;0x5112;0x5113;0x5200;0x5201;0x5202;0x5210;0x5211;0x5212;0x5300;0x5301;0x5302;0x5303;0x5310;0x5311;0x5312;0x5313;0x6000;0x6001;0x6002;0x6003;0x6004;0x6005;0x6010;0x6011;0x6012;0x6013;0x6014;0x6015;0x6100;0x6101;0x6102;0x6103;0x6104;0x6105;0x6110;0x6111;0x6112;0x6113;0x6114;0x6115;0x6200;0x6201;0x6202;0x6204;0x6205;0x6210;0x6211;0x6212;0x6214;0x6215;0x6300;0x6301;0x6302;0x6303;0x6304;0x6305;0x6310;0x6311;0x6312;0x6313;0x6314;0x6315,CDFC4;CDFF4;CDFT4;CDFW4;CDMC4;CDMF4;CDMT4;CDMW4;CEFC4;CEFF4;CEFT4;CEFW4;CEMC4;CEMF4;CEMT4;CEMW4;CHFC4;CHFF4;CHFT4;CHFW4;CHMC4;CHMF4;CHMT4;CHMW4;CIFC4;CIFF4;CIFT4;CIMC4;CIMF4;CIMT4,CDFC4;CDFF4;CDFT4;CDFW4;CDMC4;CDMF4;CDMT4;CDMW4;CEFC4;CEFF4;CEFT4;CEFW4;CEMC4;CEMF4;CEMT4;CEMW4;CHFC4;CHFF4;CHFT4;CHFW4;CHMC4;CHMF4;CHMT4;CHMW4;CIFC4;CIFF4;CIFT4;CIMC4;CIMF4;CIMT4,,CDFC4;CDFF4;CDFT4;CDFW4;CDMC4;CDMF4;CDMT4;CDMW4;CEFC4;CEFF4;CEFT4;CEFW4;CEMC4;CEMF4;CEMT4;CEMW4;CHFC4;CHFF4;CHFT4;CHFW4;CHMC4;CHMF4;CHMT4;CHMW4;CIFC4;CIFF4;CIFT4;CIMC4;CIMF4;CIMT4,no,
SEEINVIS,10,RING,,2020,,no,,data/Items.bif,0x0010069D,DBF3C5A2A246334910D8294EE15AE142483D1E553735F40657C0804D14330695,0,0,,,,,,no,
SELTEST,1,AMULET,,2020,,no,,data/Items.bif,0x0010069E,AB371C36D3EB9B80AD71F22D650B86223C68FDA68DC8D4201B441AA02F976387,0,0,,,,,,no,
SENDAI,23,FLAIL,weapon,464C,FL,yes,,data/25Items.bif,0x08400182,C0BEEDD30E97931292627CF78E595F363C41765C66B7AEDCA4CE61010CBC763A,78,78,0x5000;0x5001;0x5002;0x5003;0x5010;0x5011;0x5012;0x5013;0x5100;0x5101;0x5102;0x5103;0x5110;0x5111;0x5112;0x5113;0x5200;0x5201;0x5202;0x5210;0x5211;0x5212;0x5300;0x5301;0x5302;0x5303;0x5310;0x5311;0x5312;0x5313;0x6000;0x6001;0x6002;0x6003;0x6004;0x6005;0x6010;0x6011;0x6012;0x6013;0x6014;0x6015;0x6100;0x6101;0x6102;0x6103;0x6104;0x6105;0x6110;0x6111;0x6112;0x6113;0x6114;0x6115;0x6200;0x6201;0x6202;0x6204;0x6205;0x6210;0x6211;0x6212;0x6214;0x6215;0x6300;0x6301;0x6302;0x6303;0x6304;0x6305;0x6310;0x6311;0x6312;0x6313;0x6314;0x6315;0x6500;0x6510,WQLFL;WQMFL;WQNFL;WQSFL,WQLFL;WQMFL;WQNFL;WQSFL,,WQLFL;WQMFL;WQNFL;WQSFL,no,
SENGUA04,1,AMULET,,2020,,no,,data/25Items.bif,0x08400183,0B74C28FB9061F1E303BBB05BC0368C26B87CCB5309C98063C1F6B6C0A9AB625,0,0,,,,,,no,
SENKEY01,8,KEY,,2020,,no,,data/25Items.bif,0x08400184,22C2EF0CA82EFC0E9B37D2D6C4EBA3409565C1285D0BDD06E56BA8F9FEBDDB80,0,0,,,,,,no,
SENKEY02,0,MISC,,2020,,no,,data/25Items.bif,0x08400185,24510FBBB1A916B056DCFE643FFC99DB2BC83CAA586D1246FC6FAF20DD02540F,0,0,,,,,,no,
SENKEY03,8,KEY,,2020,,no,,data/25Items.bif,0x08400186,AB415EA6F099C30036D8C4BC2365DFB7994165295CCC2C8F37545409B1B1B25F,0,0,,,,,,no,
SENSPI01,0,MISC,,2020,,no,,data/25Items.bif,0x08400187,4A878DADAC0ECD8A5245146793360A92EA7E7C5EA98134E8C606AB42EE8D011F,0,0,,,,,,no,
SERIOUS,28,FIST,weapon,2020,,no,,data/Items.bif,0x0010069F,FED0153F76D666867B179741F910A65DC5D4246D64B30144F0F4F72DE0D40984,0,0,,,,,,no,no-compatible-character-family;visual-animation-code-invalid
SGRASP,28,FIST,weapon,2020,,no,,data/Items.bif,0x001006A0,A406C3AC3F0D01DE9EFE77A31B6393AB70616E39BC75DF4A49E3A0C699CDD77E,0,0,,,,,,no,no-compatible-character-family;visual-animation-code-invalid
SGRASP01,28,FIST,weapon,2020,,no,,data/Items.bif,0x001006A1,773945DC46D5FD1933CF5FEDF6162F98FCF4FAA544C0FFA89DCE3820C60B03BE,0,0,,,,,,no,no-compatible-character-family;visual-animation-code-invalid
SGRASP02,28,FIST,weapon,2020,,no,,data/Items.bif,0x001006A2,F51C294B7C94A4B87A7DAA1CF02C5CC5657E634BB55B05F8D6A5259D54FA22B7,0,0,,,,,,no,no-compatible-character-family;visual-animation-code-invalid
SGRASP03,28,FIST,weapon,2020,,no,,data/Items.bif,0x001006A3,6A533F663F4209B64D940F8080205C9888548ED280A7EC47A149F6784AF7F072,0,0,,,,,,no,no-compatible-character-family;visual-animation-code-invalid
SGRASP04,28,FIST,weapon,2020,,no,,data/Items.bif,0x001006A4,3D399895C5F6D4EAA3853005873EEA46447C6A81092923DC010183F2B75ACEEB,0,0,,,,,,no,no-compatible-character-family;visual-animation-code-invalid
SGRASP05,28,FIST,weapon,2020,,no,,data/Items.bif,0x001006A5,C70E141A64EAC3F1457409824D64F84F5DF7DEE3CFEFA67F1E86EFF67D603B26,0,0,,,,,,no,no-compatible-character-family;visual-animation-code-invalid
SGRASP06,28,FIST,weapon,2020,,no,,data/Items.bif,0x001006A6,2C2908165BE199C38DD39E0BA7E0300C6BF03B4EC005BC58C976403F219CADD0,0,0,,,,,,no,no-compatible-character-family;visual-animation-code-invalid
SGRASP07,28,FIST,weapon,2020,,no,,data/Items.bif,0x001006A7,4A879DFD4F87E26BDD4E9852DBD377B05BE8BDBC68083FA976DC6856E71A6A72,0,0,,,,,,no,no-compatible-character-family;visual-animation-code-invalid
SGRASP08,28,FIST,weapon,2020,,no,,data/Items.bif,0x001006A8,C046A29B45352EFF30ACFB578B2325C4DD6B71450629984AF8CE07E2B3A9C876,0,0,,,,,,no,no-compatible-character-family;visual-animation-code-invalid
SGRASP09,28,FIST,weapon,2020,,no,,data/Items.bif,0x001006A9,EF98FE33CC63FFEFDB914F4CF0CE3086EF5EDE565F238CCCF44E5ABDA1AEF91D,0,0,,,,,,no,no-compatible-character-family;visual-animation-code-invalid
SGRASP10,28,FIST,weapon,2020,,no,,data/Items.bif,0x001006AA,B223212346677A8020864705BD130563F1E9F0338D55D8E0C71F05FCE44D709D,0,0,,,,,,no,no-compatible-character-family;visual-animation-code-invalid
SGRASP11,28,FIST,weapon,2020,,no,,data/Items.bif,0x001006AB,FB93CB54F67523E4AF61A35C783B52EBD5F7748889844754BB9B21A74F7FEC92,0,0,,,,,,no,no-compatible-character-family;visual-animation-code-invalid
SGRASP12,28,FIST,weapon,2020,,no,,data/Items.bif,0x001006AC,DD0639A182E3325A70F3F061FE9F2437F0DFC07E9F0EC068A8C4A60D1C248CCA,0,0,,,,,,no,no-compatible-character-family;visual-animation-code-invalid
SGRASP13,28,FIST,weapon,2020,,no,,data/Items.bif,0x001006AD,D354214C9C665D1FBAA99A4539DA04B6D34A179C1C22A617478D5DE0C2BF11B2,0,0,,,,,,no,no-compatible-character-family;visual-animation-code-invalid
SGRASP14,28,FIST,weapon,2020,,no,,data/Items.bif,0x001006AE,1C122C349A4A7DD103E3EDC4CCAB9295D8F7C201AC72BDC049333BD0FFBE5E55,0,0,,,,,,no,no-compatible-character-family;visual-animation-code-invalid
SGRASP15,28,FIST,weapon,2020,,no,,data/Items.bif,0x001006AF,2D6436F2C3C6C7D9CAA82FD675B54C9FCB549D8C944C1862E39D45F8C7D634DE,0,0,,,,,,no,no-compatible-character-family;visual-animation-code-invalid
SGRASP16,28,FIST,weapon,2020,,no,,data/Items.bif,0x001006B0,B7C94ADE05CD317F4D0355211633BC4FFB36864D23354FA7841FF43C5DD3D916,0,0,,,,,,no,no-compatible-character-family;visual-animation-code-invalid
SGRASP17,28,FIST,weapon,2020,,no,,data/Items.bif,0x001006B1,2EDE0435A984ADEC51FC1AB008834A43B85C7736ADEFF16B3BB5D7A008C17574,0,0,,,,,,no,no-compatible-character-family;visual-animation-code-invalid
SGRASP18,28,FIST,weapon,2020,,no,,data/Items.bif,0x001006B2,A8E3A143E1B4CDBFEA2C15BFCC12FC3E63C60189E43250704994DF17EFAB71A3,0,0,,,,,,no,no-compatible-character-family;visual-animation-code-invalid
SGRASP19,28,FIST,weapon,2020,,no,,data/Items.bif,0x001006B3,AEABD3E7F1D25E9688F3E710122CD4B42636769142E45FEDEC1D6C00B63AAC40,0,0,,,,,,no,no-compatible-character-family;visual-animation-code-invalid
SGRASP20,28,FIST,weapon,2020,,no,,data/Items.bif,0x001006B4,839F831A24B5BE548567D608CAC052748C00D110B1E7D0315695B2CE759FFA2A,0,0,,,,,,no,no-compatible-character-family;visual-animation-code-invalid
SGRASP21,28,FIST,weapon,2020,,no,,data/25Items.bif,0x08400188,EBB07A5EEE84E00F31958A7F96CCDF55EEDFE33FBC5B2A7453E33B8C106188BD,0,0,,,,,,no,no-compatible-character-family;visual-animation-code-invalid
SGRASP22,28,FIST,weapon,2020,,no,,data/25Items.bif,0x08400189,5F9F05F433082BA40DB4E5219370A5AD3C9C7FD6533F6847BA21F309677ABA05,0,0,,,,,,no,no-compatible-character-family;visual-animation-code-invalid
SGRASP23,28,FIST,weapon,2020,,no,,data/25Items.bif,0x0840018A,2C30D46759CE294B77665FC54B31ED60D11ACE98753A8BE298E3384903D5A78B,0,0,,,,,,no,no-compatible-character-family;visual-animation-code-invalid
SGRASP24,28,FIST,weapon,2020,,no,,data/25Items.bif,0x0840018B,AE5266CC2F31F70C5F5AB656B854D279CD1226EE41F3D29E376AD575872A740C,0,0,,,,,,no,no-compatible-character-family;visual-animation-code-invalid
SGRASP25,28,FIST,weapon,2020,,no,,data/25Items.bif,0x0840018C,E0C3E1E16E8F3E33D533361230EE6E85E62E508D82BC59406659CA87226FC66E,0,0,,,,,,no,no-compatible-character-family;visual-animation-code-invalid
SGRASP26,28,FIST,weapon,2020,,no,,data/25Items.bif,0x0840018D,DF8E9150E2E34D84E35611374C22B4A01889BA959A8DB2AA1D12DB367BF386CD,0,0,,,,,,no,no-compatible-character-family;visual-animation-code-invalid
SGRASP27,28,FIST,weapon,2020,,no,,data/25Items.bif,0x0840018E,0A169186085BF0815A0D56D796EF2CF8847EC9389D66DAC2A1FFD42ABAD6F034,0,0,,,,,,no,no-compatible-character-family;visual-animation-code-invalid
SGRASP28,28,FIST,weapon,2020,,no,,data/25Items.bif,0x0840018F,3768800B42FF83B4B8DE8A816A52996977F5C68EDB292EDE2A4E07788AE88EFA,0,0,,,,,,no,no-compatible-character-family;visual-animation-code-invalid
SGRASP29,28,FIST,weapon,2020,,no,,data/25Items.bif,0x08400190,34CA85095AE05047A81A08B606BB80AD3EBCE4CB710CCAA532F1E17BC41E77A2,0,0,,,,,,no,no-compatible-character-family;visual-animation-code-invalid
SGRASP30,28,FIST,weapon,2020,,no,,data/25Items.bif,0x08400191,84EDE8CA86498004E9EBA676EA02CCDE3766A8BEE461D637C354C8FE17E4120D,0,0,,,,,,no,no-compatible-character-family;visual-animation-code-invalid
SGRASP31,28,FIST,weapon,2020,,no,,data/25Items.bif,0x08400192,40AE56B6B177D513217D320A5944C8FA3D285DD3D1A22F850E46FC0A3B22F341,0,0,,,,,,no,no-compatible-character-family;visual-animation-code-invalid
SGRASP32,28,FIST,weapon,2020,,no,,data/25Items.bif,0x08400193,DB06676E06FC80108C275D053488F92EACACF381F8C48D5A73D119BD8EDF31EB,0,0,,,,,,no,no-compatible-character-family;visual-animation-code-invalid
SHADOWWP,0,MISC,,0000,,no,,data/Items.bif,0x001006B5,2108589CDC7540A6D7552CB6DECD678F5589098E6E570580D6B08632B29BD99A,0,0,,,,,,no,
SHAKTI1,19,SMSWORD,weapon,5353,SS,yes,,data/25Items.bif,0x08400194,66614A3B550272CFA44459D42DC82F97506E460F6C01FF7432EF58ED741D8F86,78,78,0x5000;0x5001;0x5002;0x5003;0x5010;0x5011;0x5012;0x5013;0x5100;0x5101;0x5102;0x5103;0x5110;0x5111;0x5112;0x5113;0x5200;0x5201;0x5202;0x5210;0x5211;0x5212;0x5300;0x5301;0x5302;0x5303;0x5310;0x5311;0x5312;0x5313;0x6000;0x6001;0x6002;0x6003;0x6004;0x6005;0x6010;0x6011;0x6012;0x6013;0x6014;0x6015;0x6100;0x6101;0x6102;0x6103;0x6104;0x6105;0x6110;0x6111;0x6112;0x6113;0x6114;0x6115;0x6200;0x6201;0x6202;0x6204;0x6205;0x6210;0x6211;0x6212;0x6214;0x6215;0x6300;0x6301;0x6302;0x6303;0x6304;0x6305;0x6310;0x6311;0x6312;0x6313;0x6314;0x6315;0x6500;0x6510,WQLSS;WQMSS;WQNSS;WQSSS,WQLSS;WQMSS;WQNSS;WQSSS,,WQLSS;WQMSS;WQNSS;WQSSS,no,
SHALT01,10,RING,,2020,,no,,data/Items.bif,0x001006B6,EFEA0A1F9B7DED680ECB16DB4F60A33048B8FD01A5BD654C3A068C4AD79349D3,0,0,,,,,,no,
SHAMMR,21,HAMMER,weapon,5748,WH,yes,,data/Items.bif,0x001006B7,312E7D504893B75E1A4E748101D4244FEC66B5955C4F8554C48A2F32BD8E3B48,78,78,0x5000;0x5001;0x5002;0x5003;0x5010;0x5011;0x5012;0x5013;0x5100;0x5101;0x5102;0x5103;0x5110;0x5111;0x5112;0x5113;0x5200;0x5201;0x5202;0x5210;0x5211;0x5212;0x5300;0x5301;0x5302;0x5303;0x5310;0x5311;0x5312;0x5313;0x6000;0x6001;0x6002;0x6003;0x6004;0x6005;0x6010;0x6011;0x6012;0x6013;0x6014;0x6015;0x6100;0x6101;0x6102;0x6103;0x6104;0x6105;0x6110;0x6111;0x6112;0x6113;0x6114;0x6115;0x6200;0x6201;0x6202;0x6204;0x6205;0x6210;0x6211;0x6212;0x6214;0x6215;0x6300;0x6301;0x6302;0x6303;0x6304;0x6305;0x6310;0x6311;0x6312;0x6313;0x6314;0x6315;0x6500;0x6510,WQLWH;WQMWH;WQNWH;WQSWH,WQLWH;WQMWH;WQNWH;WQSWH,,WQLWH;WQMWH;WQNWH;WQSWH,no,
SHAMMR2,21,HAMMER,weapon,5748,WH,yes,,data/Items.bif,0x001006B8,D2AF590ADA17F8C922404495A1FABFBFD2E80F877698CC66D3DAF6A2F4A4EACC,78,78,0x5000;0x5001;0x5002;0x5003;0x5010;0x5011;0x5012;0x5013;0x5100;0x5101;0x5102;0x5103;0x5110;0x5111;0x5112;0x5113;0x5200;0x5201;0x5202;0x5210;0x5211;0x5212;0x5300;0x5301;0x5302;0x5303;0x5310;0x5311;0x5312;0x5313;0x6000;0x6001;0x6002;0x6003;0x6004;0x6005;0x6010;0x6011;0x6012;0x6013;0x6014;0x6015;0x6100;0x6101;0x6102;0x6103;0x6104;0x6105;0x6110;0x6111;0x6112;0x6113;0x6114;0x6115;0x6200;0x6201;0x6202;0x6204;0x6205;0x6210;0x6211;0x6212;0x6214;0x6215;0x6300;0x6301;0x6302;0x6303;0x6304;0x6305;0x6310;0x6311;0x6312;0x6313;0x6314;0x6315;0x6500;0x6510,WQLWH;WQMWH;WQNWH;WQSWH,WQLWH;WQMWH;WQNWH;WQSWH,,WQLWH;WQMWH;WQNWH;WQSWH,no,
SHAMMR3,21,HAMMER,weapon,5748,WH,yes,,data/Items.bif,0x001006B9,F16D22E4B2079B63F9936389ED46CFAA50226BBD0231B3A73548E9BAAA13153E,78,78,0x5000;0x5001;0x5002;0x5003;0x5010;0x5011;0x5012;0x5013;0x5100;0x5101;0x5102;0x5103;0x5110;0x5111;0x5112;0x5113;0x5200;0x5201;0x5202;0x5210;0x5211;0x5212;0x5300;0x5301;0x5302;0x5303;0x5310;0x5311;0x5312;0x5313;0x6000;0x6001;0x6002;0x6003;0x6004;0x6005;0x6010;0x6011;0x6012;0x6013;0x6014;0x6015;0x6100;0x6101;0x6102;0x6103;0x6104;0x6105;0x6110;0x6111;0x6112;0x6113;0x6114;0x6115;0x6200;0x6201;0x6202;0x6204;0x6205;0x6210;0x6211;0x6212;0x6214;0x6215;0x6300;0x6301;0x6302;0x6303;0x6304;0x6305;0x6310;0x6311;0x6312;0x6313;0x6314;0x6315;0x6500;0x6510,WQLWH;WQMWH;WQNWH;WQSWH,WQLWH;WQMWH;WQNWH;WQSWH,,WQLWH;WQMWH;WQNWH;WQSWH,no,
SHARARM,2,ARMOR,body,3341,3A,yes,3,data/25Items.bif,0x08400195,1E89CBE68FC0E77DA07F97FA1DDE159AEDBC7E4D104D2C4B9C6027D43731F09D,76,76,0x5000;0x5001;0x5002;0x5003;0x5010;0x5011;0x5012;0x5013;0x5100;0x5101;0x5102;0x5103;0x5110;0x5111;0x5112;0x5113;0x5200;0x5201;0x5202;0x5210;0x5211;0x5212;0x5300;0x5301;0x5302;0x5303;0x5310;0x5311;0x5312;0x5313;0x6000;0x6001;0x6002;0x6003;0x6004;0x6005;0x6010;0x6011;0x6012;0x6013;0x6014;0x6015;0x6100;0x6101;0x6102;0x6103;0x6104;0x6105;0x6110;0x6111;0x6112;0x6113;0x6114;0x6115;0x6200;0x6201;0x6202;0x6204;0x6205;0x6210;0x6211;0x6212;0x6214;0x6215;0x6300;0x6301;0x6302;0x6303;0x6304;0x6305;0x6310;0x6311;0x6312;0x6313;0x6314;0x6315,CDFB3;CDFT3;CDFW3;CDMB3;CDMT3;CDMW3;CEFB3;CEFT3;CEFW3;CEMB3;CEMT3;CEMW3;CHFB3;CHFT3;CHFW3;CHMB3;CHMT3;CHMW3;CIFB3;CIFT3;CIMB3;CIMT3,CDFB3;CDFT3;CDFW3;CDMB3;CDMT3;CDMW3;CEFB3;CEFT3;CEFW3;CEMB3;CEMT3;CEMW3;CHFB3;CHFT3;CHFW3;CHMB3;CHMT3;CHMW3;CIFB3;CIFT3;CIMB3;CIMT3,,CDFB3;CDFT3;CDFW3;CDMB3;CDMT3;CDMW3;CEFB3;CEFT3;CEFW3;CEMB3;CEMT3;CEMW3;CHFB3;CHFT3;CHFW3;CHMB3;CHMT3;CHMW3;CIFB3;CIFT3;CIMB3;CIMT3,no,
SHARSWD,20,BGSWORD,weapon,5331,S1,yes,,data/25Items.bif,0x08400196,3BB54B63DD422D3770DBF31568B0487A35C865A2B08BC75F6EF4349338E77CAB,78,78,0x5000;0x5001;0x5002;0x5003;0x5010;0x5011;0x5012;0x5013;0x5100;0x5101;0x5102;0x5103;0x5110;0x5111;0x5112;0x5113;0x5200;0x5201;0x5202;0x5210;0x5211;0x5212;0x5300;0x5301;0x5302;0x5303;0x5310;0x5311;0x5312;0x5313;0x6000;0x6001;0x6002;0x6003;0x6004;0x6005;0x6010;0x6011;0x6012;0x6013;0x6014;0x6015;0x6100;0x6101;0x6102;0x6103;0x6104;0x6105;0x6110;0x6111;0x6112;0x6113;0x6114;0x6115;0x6200;0x6201;0x6202;0x6204;0x6205;0x6210;0x6211;0x6212;0x6214;0x6215;0x6300;0x6301;0x6302;0x6303;0x6304;0x6305;0x6310;0x6311;0x6312;0x6313;0x6314;0x6315;0x6500;0x6510,WQLS1;WQMS1;WQNS1;WQSS1,WQLS1;WQMS1;WQNS1;WQSS1,,WQLS1;WQMS1;WQNS1;WQSS1,no,
SHILLE,17,MACE,weapon,434C,CL,yes,,data/Items.bif,0x001006BA,221058DACD9857131CD3606A7F1E938E0A0420E37C81E5AE4896C569986B953E,78,78,0x5000;0x5001;0x5002;0x5003;0x5010;0x5011;0x5012;0x5013;0x5100;0x5101;0x5102;0x5103;0x5110;0x5111;0x5112;0x5113;0x5200;0x5201;0x5202;0x5210;0x5211;0x5212;0x5300;0x5301;0x5302;0x5303;0x5310;0x5311;0x5312;0x5313;0x6000;0x6001;0x6002;0x6003;0x6004;0x6005;0x6010;0x6011;0x6012;0x6013;0x6014;0x6015;0x6100;0x6101;0x6102;0x6103;0x6104;0x6105;0x6110;0x6111;0x6112;0x6113;0x6114;0x6115;0x6200;0x6201;0x6202;0x6204;0x6205;0x6210;0x6211;0x6212;0x6214;0x6215;0x6300;0x6301;0x6302;0x6303;0x6304;0x6305;0x6310;0x6311;0x6312;0x6313;0x6314;0x6315;0x6500;0x6510,WQLCL;WQMCL;WQNCL;WQSCL,WQLCL;WQMCL;WQNCL;WQSCL,,WQLCL;WQMCL;WQNCL;WQSCL,no,
SHLD01,12,SHIELD,shield,4330,C0,yes,,data/Items.bif,0x001006BB,2662978E1A3105FA42462FD6E6A1A93DDAFA8C8851494740D0F9EA271E64B828,78,78,0x5000;0x5001;0x5002;0x5003;0x5010;0x5011;0x5012;0x5013;0x5100;0x5101;0x5102;0x5103;0x5110;0x5111;0x5112;0x5113;0x5200;0x5201;0x5202;0x5210;0x5211;0x5212;0x5300;0x5301;0x5302;0x5303;0x5310;0x5311;0x5312;0x5313;0x6000;0x6001;0x6002;0x6003;0x6004;0x6005;0x6010;0x6011;0x6012;0x6013;0x6014;0x6015;0x6100;0x6101;0x6102;0x6103;0x6104;0x6105;0x6110;0x6111;0x6112;0x6113;0x6114;0x6115;0x6200;0x6201;0x6202;0x6204;0x6205;0x6210;0x6211;0x6212;0x6214;0x6215;0x6300;0x6301;0x6302;0x6303;0x6304;0x6305;0x6310;0x6311;0x6312;0x6313;0x6314;0x6315;0x6500;0x6510,WQHC0;WQLC0;WQMC0;WQNC0;WQSC0,WQLC0;WQMC0;WQNC0;WQSC0,WQHC0,WQLC0;WQMC0;WQNC0;WQSC0,no,
SHLD01A,12,SHIELD,shield,4432,D2,yes,,data/Items.bif,0x001006BC,D74E62905D37D75968AB1DF2458526E3D9CE6557F00223C66A756A5735A71272,78,78,0x5000;0x5001;0x5002;0x5003;0x5010;0x5011;0x5012;0x5013;0x5100;0x5101;0x5102;0x5103;0x5110;0x5111;0x5112;0x5113;0x5200;0x5201;0x5202;0x5210;0x5211;0x5212;0x5300;0x5301;0x5302;0x5303;0x5310;0x5311;0x5312;0x5313;0x6000;0x6001;0x6002;0x6003;0x6004;0x6005;0x6010;0x6011;0x6012;0x6013;0x6014;0x6015;0x6100;0x6101;0x6102;0x6103;0x6104;0x6105;0x6110;0x6111;0x6112;0x6113;0x6114;0x6115;0x6200;0x6201;0x6202;0x6204;0x6205;0x6210;0x6211;0x6212;0x6214;0x6215;0x6300;0x6301;0x6302;0x6303;0x6304;0x6305;0x6310;0x6311;0x6312;0x6313;0x6314;0x6315;0x6500;0x6510,WQHD2;WQLD2;WQMD2;WQND2;WQSD2,WQLD2;WQMD2;WQND2;WQSD2,WQHD2,WQLD2;WQMD2;WQND2;WQSD2,no,
SHLD02,12,SHIELD,shield,4330,C0,yes,,data/Items.bif,0x001006BD,A87AA34240DA1FD4E924E94B339675D233D895C6FBCEA8CDA8792D2039357D19,78,78,0x5000;0x5001;0x5002;0x5003;0x5010;0x5011;0x5012;0x5013;0x5100;0x5101;0x5102;0x5103;0x5110;0x5111;0x5112;0x5113;0x5200;0x5201;0x5202;0x5210;0x5211;0x5212;0x5300;0x5301;0x5302;0x5303;0x5310;0x5311;0x5312;0x5313;0x6000;0x6001;0x6002;0x6003;0x6004;0x6005;0x6010;0x6011;0x6012;0x6013;0x6014;0x6015;0x6100;0x6101;0x6102;0x6103;0x6104;0x6105;0x6110;0x6111;0x6112;0x6113;0x6114;0x6115;0x6200;0x6201;0x6202;0x6204;0x6205;0x6210;0x6211;0x6212;0x6214;0x6215;0x6300;0x6301;0x6302;0x6303;0x6304;0x6305;0x6310;0x6311;0x6312;0x6313;0x6314;0x6315;0x6500;0x6510,WQHC0;WQLC0;WQMC0;WQNC0;WQSC0,WQLC0;WQMC0;WQNC0;WQSC0,WQHC0,WQLC0;WQMC0;WQNC0;WQSC0,no,
SHLD02A,12,SHIELD,shield,4432,D2,yes,,data/Items.bif,0x001006BE,AE7E6D5333FFFCD473883D0957CA659FBF97BA5D8507C8A5832B99A35EF7E99E,78,78,0x5000;0x5001;0x5002;0x5003;0x5010;0x5011;0x5012;0x5013;0x5100;0x5101;0x5102;0x5103;0x5110;0x5111;0x5112;0x5113;0x5200;0x5201;0x5202;0x5210;0x5211;0x5212;0x5300;0x5301;0x5302;0x5303;0x5310;0x5311;0x5312;0x5313;0x6000;0x6001;0x6002;0x6003;0x6004;0x6005;0x6010;0x6011;0x6012;0x6013;0x6014;0x6015;0x6100;0x6101;0x6102;0x6103;0x6104;0x6105;0x6110;0x6111;0x6112;0x6113;0x6114;0x6115;0x6200;0x6201;0x6202;0x6204;0x6205;0x6210;0x6211;0x6212;0x6214;0x6215;0x6300;0x6301;0x6302;0x6303;0x6304;0x6305;0x6310;0x6311;0x6312;0x6313;0x6314;0x6315;0x6500;0x6510,WQHD2;WQLD2;WQMD2;WQND2;WQSD2,WQLD2;WQMD2;WQND2;WQSD2,WQHD2,WQLD2;WQMD2;WQND2;WQSD2,no,
SHLD03,12,SHIELD,shield,4331,C1,yes,,data/Items.bif,0x001006BF,94BA525E1763CA70D3527BA57BF73ED0BBD1D7971E1D6DDAD66E8261021E2AAD,78,78,0x5000;0x5001;0x5002;0x5003;0x5010;0x5011;0x5012;0x5013;0x5100;0x5101;0x5102;0x5103;0x5110;0x5111;0x5112;0x5113;0x5200;0x5201;0x5202;0x5210;0x5211;0x5212;0x5300;0x5301;0x5302;0x5303;0x5310;0x5311;0x5312;0x5313;0x6000;0x6001;0x6002;0x6003;0x6004;0x6005;0x6010;0x6011;0x6012;0x6013;0x6014;0x6015;0x6100;0x6101;0x6102;0x6103;0x6104;0x6105;0x6110;0x6111;0x6112;0x6113;0x6114;0x6115;0x6200;0x6201;0x6202;0x6204;0x6205;0x6210;0x6211;0x6212;0x6214;0x6215;0x6300;0x6301;0x6302;0x6303;0x6304;0x6305;0x6310;0x6311;0x6312;0x6313;0x6314;0x6315;0x6500;0x6510,WQHC1;WQLC1;WQMC1;WQNC1;WQSC1,WQLC1;WQMC1;WQNC1;WQSC1,WQHC1,WQLC1;WQMC1;WQNC1;WQSC1,no,
SHLD03A,12,SHIELD,shield,4433,D3,yes,,data/Items.bif,0x001006C0,F24085EDD8BF24F79B9B09302BB719F5203D9FA175DBF352F94253FF2A48B7F1,78,78,0x5000;0x5001;0x5002;0x5003;0x5010;0x5011;0x5012;0x5013;0x5100;0x5101;0x5102;0x5103;0x5110;0x5111;0x5112;0x5113;0x5200;0x5201;0x5202;0x5210;0x5211;0x5212;0x5300;0x5301;0x5302;0x5303;0x5310;0x5311;0x5312;0x5313;0x6000;0x6001;0x6002;0x6003;0x6004;0x6005;0x6010;0x6011;0x6012;0x6013;0x6014;0x6015;0x6100;0x6101;0x6102;0x6103;0x6104;0x6105;0x6110;0x6111;0x6112;0x6113;0x6114;0x6115;0x6200;0x6201;0x6202;0x6204;0x6205;0x6210;0x6211;0x6212;0x6214;0x6215;0x6300;0x6301;0x6302;0x6303;0x6304;0x6305;0x6310;0x6311;0x6312;0x6313;0x6314;0x6315;0x6500;0x6510,WQHD3;WQLD3;WQMD3;WQND3;WQSD3,WQLD3;WQMD3;WQND3;WQSD3,WQHD3,WQLD3;WQMD3;WQND3;WQSD3,no,
SHLD04,12,SHIELD,shield,4331,C1,yes,,data/Items.bif,0x001006C1,142ECE15873117CD6EECB70EA416C7E7631477BA538818AD4A79145FEE369503,78,78,0x5000;0x5001;0x5002;0x5003;0x5010;0x5011;0x5012;0x5013;0x5100;0x5101;0x5102;0x5103;0x5110;0x5111;0x5112;0x5113;0x5200;0x5201;0x5202;0x5210;0x5211;0x5212;0x5300;0x5301;0x5302;0x5303;0x5310;0x5311;0x5312;0x5313;0x6000;0x6001;0x6002;0x6003;0x6004;0x6005;0x6010;0x6011;0x6012;0x6013;0x6014;0x6015;0x6100;0x6101;0x6102;0x6103;0x6104;0x6105;0x6110;0x6111;0x6112;0x6113;0x6114;0x6115;0x6200;0x6201;0x6202;0x6204;0x6205;0x6210;0x6211;0x6212;0x6214;0x6215;0x6300;0x6301;0x6302;0x6303;0x6304;0x6305;0x6310;0x6311;0x6312;0x6313;0x6314;0x6315;0x6500;0x6510,WQHC1;WQLC1;WQMC1;WQNC1;WQSC1,WQLC1;WQMC1;WQNC1;WQSC1,WQHC1,WQLC1;WQMC1;WQNC1;WQSC1,no,
SHLD04A,12,SHIELD,shield,4433,D3,yes,,data/Items.bif,0x001006C2,316930AAC126780C387A48F0DF9813DD6BD23B1BA4E07439235D1CCF189DFCF5,78,78,0x5000;0x5001;0x5002;0x5003;0x5010;0x5011;0x5012;0x5013;0x5100;0x5101;0x5102;0x5103;0x5110;0x5111;0x5112;0x5113;0x5200;0x5201;0x5202;0x5210;0x5211;0x5212;0x5300;0x5301;0x5302;0x5303;0x5310;0x5311;0x5312;0x5313;0x6000;0x6001;0x6002;0x6003;0x6004;0x6005;0x6010;0x6011;0x6012;0x6013;0x6014;0x6015;0x6100;0x6101;0x6102;0x6103;0x6104;0x6105;0x6110;0x6111;0x6112;0x6113;0x6114;0x6115;0x6200;0x6201;0x6202;0x6204;0x6205;0x6210;0x6211;0x6212;0x6214;0x6215;0x6300;0x6301;0x6302;0x6303;0x6304;0x6305;0x6310;0x6311;0x6312;0x6313;0x6314;0x6315;0x6500;0x6510,WQHD3;WQLD3;WQMD3;WQND3;WQSD3,WQLD3;WQMD3;WQND3;WQSD3,WQHD3,WQLD3;WQMD3;WQND3;WQSD3,no,
SHLD04P,12,SHIELD,shield,4333,C3,yes,,data/Items.bif,0x001006C3,C98CE9598846D66D5A75A3659630F1B7C1311F1E3CBBD89624286FD833BC1494,78,78,0x5000;0x5001;0x5002;0x5003;0x5010;0x5011;0x5012;0x5013;0x5100;0x5101;0x5102;0x5103;0x5110;0x5111;0x5112;0x5113;0x5200;0x5201;0x5202;0x5210;0x5211;0x5212;0x5300;0x5301;0x5302;0x5303;0x5310;0x5311;0x5312;0x5313;0x6000;0x6001;0x6002;0x6003;0x6004;0x6005;0x6010;0x6011;0x6012;0x6013;0x6014;0x6015;0x6100;0x6101;0x6102;0x6103;0x6104;0x6105;0x6110;0x6111;0x6112;0x6113;0x6114;0x6115;0x6200;0x6201;0x6202;0x6204;0x6205;0x6210;0x6211;0x6212;0x6214;0x6215;0x6300;0x6301;0x6302;0x6303;0x6304;0x6305;0x6310;0x6311;0x6312;0x6313;0x6314;0x6315;0x6500;0x6510,WQHC3;WQLC3;WQMC3;WQNC3;WQSC3,WQLC3;WQMC3;WQNC3;WQSC3,WQHC3,WQLC3;WQMC3;WQNC3;WQSC3,no,
SHLD05,12,SHIELD,shield,4332,C2,yes,,data/Items.bif,0x001006C4,0F3D3A666BE39A708497EA358190A8A0208868683772F57E972647083E823F27,78,78,0x5000;0x5001;0x5002;0x5003;0x5010;0x5011;0x5012;0x5013;0x5100;0x5101;0x5102;0x5103;0x5110;0x5111;0x5112;0x5113;0x5200;0x5201;0x5202;0x5210;0x5211;0x5212;0x5300;0x5301;0x5302;0x5303;0x5310;0x5311;0x5312;0x5313;0x6000;0x6001;0x6002;0x6003;0x6004;0x6005;0x6010;0x6011;0x6012;0x6013;0x6014;0x6015;0x6100;0x6101;0x6102;0x6103;0x6104;0x6105;0x6110;0x6111;0x6112;0x6113;0x6114;0x6115;0x6200;0x6201;0x6202;0x6204;0x6205;0x6210;0x6211;0x6212;0x6214;0x6215;0x6300;0x6301;0x6302;0x6303;0x6304;0x6305;0x6310;0x6311;0x6312;0x6313;0x6314;0x6315;0x6500;0x6510,WQHC2;WQLC2;WQMC2;WQNC2;WQSC2,WQLC2;WQMC2;WQNC2;WQSC2,WQHC2,WQLC2;WQMC2;WQNC2;WQSC2,no,
SHLD05A,12,SHIELD,shield,4434,D4,yes,,data/Items.bif,0x001006C5,50E4498013A84EAB87EFA288AE9C2F50EC2A901EF4E42D58FEB41EA93BD8ED24,78,78,0x5000;0x5001;0x5002;0x5003;0x5010;0x5011;0x5012;0x5013;0x5100;0x5101;0x5102;0x5103;0x5110;0x5111;0x5112;0x5113;0x5200;0x5201;0x5202;0x5210;0x5211;0x5212;0x5300;0x5301;0x5302;0x5303;0x5310;0x5311;0x5312;0x5313;0x6000;0x6001;0x6002;0x6003;0x6004;0x6005;0x6010;0x6011;0x6012;0x6013;0x6014;0x6015;0x6100;0x6101;0x6102;0x6103;0x6104;0x6105;0x6110;0x6111;0x6112;0x6113;0x6114;0x6115;0x6200;0x6201;0x6202;0x6204;0x6205;0x6210;0x6211;0x6212;0x6214;0x6215;0x6300;0x6301;0x6302;0x6303;0x6304;0x6305;0x6310;0x6311;0x6312;0x6313;0x6314;0x6315;0x6500;0x6510,WQHD4;WQLD4;WQMD4;WQND4;WQSD4,WQLD4;WQMD4;WQND4;WQSD4,WQHD4,WQLD4;WQMD4;WQND4;WQSD4,no,
SHLD06,12,SHIELD,shield,4332,C2,yes,,data/Items.bif,0x001006C6,7E706E7B138D9372942D6A81235118355EE9213489AFE6573FB8537184EA6AD7,78,78,0x5000;0x5001;0x5002;0x5003;0x5010;0x5011;0x5012;0x5013;0x5100;0x5101;0x5102;0x5103;0x5110;0x5111;0x5112;0x5113;0x5200;0x5201;0x5202;0x5210;0x5211;0x5212;0x5300;0x5301;0x5302;0x5303;0x5310;0x5311;0x5312;0x5313;0x6000;0x6001;0x6002;0x6003;0x6004;0x6005;0x6010;0x6011;0x6012;0x6013;0x6014;0x6015;0x6100;0x6101;0x6102;0x6103;0x6104;0x6105;0x6110;0x6111;0x6112;0x6113;0x6114;0x6115;0x6200;0x6201;0x6202;0x6204;0x6205;0x6210;0x6211;0x6212;0x6214;0x6215;0x6300;0x6301;0x6302;0x6303;0x6304;0x6305;0x6310;0x6311;0x6312;0x6313;0x6314;0x6315;0x6500;0x6510,WQHC2;WQLC2;WQMC2;WQNC2;WQSC2,WQLC2;WQMC2;WQNC2;WQSC2,WQHC2,WQLC2;WQMC2;WQNC2;WQSC2,no,
SHLD06A,12,SHIELD,shield,4434,D4,yes,,data/Items.bif,0x001006C7,6CDB7FCD2D1A3FBD4774292AE87C6E4F39ED672A513FB818B613CB2914B6EE19,78,78,0x5000;0x5001;0x5002;0x5003;0x5010;0x5011;0x5012;0x5013;0x5100;0x5101;0x5102;0x5103;0x5110;0x5111;0x5112;0x5113;0x5200;0x5201;0x5202;0x5210;0x5211;0x5212;0x5300;0x5301;0x5302;0x5303;0x5310;0x5311;0x5312;0x5313;0x6000;0x6001;0x6002;0x6003;0x6004;0x6005;0x6010;0x6011;0x6012;0x6013;0x6014;0x6015;0x6100;0x6101;0x6102;0x6103;0x6104;0x6105;0x6110;0x6111;0x6112;0x6113;0x6114;0x6115;0x6200;0x6201;0x6202;0x6204;0x6205;0x6210;0x6211;0x6212;0x6214;0x6215;0x6300;0x6301;0x6302;0x6303;0x6304;0x6305;0x6310;0x6311;0x6312;0x6313;0x6314;0x6315;0x6500;0x6510,WQHD4;WQLD4;WQMD4;WQND4;WQSD4,WQLD4;WQMD4;WQND4;WQSD4,WQHD4,WQLD4;WQMD4;WQND4;WQSD4,no,
SHLD07,12,SHIELD,shield,4336,C6,yes,,data/Items.bif,0x001006C8,7374D478F4D7C7F7D2159DD3E0D68AA86BBAD2CA8B3BF757C975231B71BD42B4,78,78,0x5000;0x5001;0x5002;0x5003;0x5010;0x5011;0x5012;0x5013;0x5100;0x5101;0x5102;0x5103;0x5110;0x5111;0x5112;0x5113;0x5200;0x5201;0x5202;0x5210;0x5211;0x5212;0x5300;0x5301;0x5302;0x5303;0x5310;0x5311;0x5312;0x5313;0x6000;0x6001;0x6002;0x6003;0x6004;0x6005;0x6010;0x6011;0x6012;0x6013;0x6014;0x6015;0x6100;0x6101;0x6102;0x6103;0x6104;0x6105;0x6110;0x6111;0x6112;0x6113;0x6114;0x6115;0x6200;0x6201;0x6202;0x6204;0x6205;0x6210;0x6211;0x6212;0x6214;0x6215;0x6300;0x6301;0x6302;0x6303;0x6304;0x6305;0x6310;0x6311;0x6312;0x6313;0x6314;0x6315;0x6500;0x6510,WQHC6;WQLC6;WQMC6;WQNC6;WQSC6,WQLC6;WQMC6;WQNC6;WQSC6,WQHC6,WQLC6;WQMC6;WQNC6;WQSC6,no,
SHLD07A,12,SHIELD,shield,4434,D4,yes,,data/Items.bif,0x001006C9,FE60D325EEE5E8434BEFC1C19CA32198025596A14589455E81E64DA15AEEE9F7,78,78,0x5000;0x5001;0x5002;0x5003;0x5010;0x5011;0x5012;0x5013;0x5100;0x5101;0x5102;0x5103;0x5110;0x5111;0x5112;0x5113;0x5200;0x5201;0x5202;0x5210;0x5211;0x5212;0x5300;0x5301;0x5302;0x5303;0x5310;0x5311;0x5312;0x5313;0x6000;0x6001;0x6002;0x6003;0x6004;0x6005;0x6010;0x6011;0x6012;0x6013;0x6014;0x6015;0x6100;0x6101;0x6102;0x6103;0x6104;0x6105;0x6110;0x6111;0x6112;0x6113;0x6114;0x6115;0x6200;0x6201;0x6202;0x6204;0x6205;0x6210;0x6211;0x6212;0x6214;0x6215;0x6300;0x6301;0x6302;0x6303;0x6304;0x6305;0x6310;0x6311;0x6312;0x6313;0x6314;0x6315;0x6500;0x6510,WQHD4;WQLD4;WQMD4;WQND4;WQSD4,WQLD4;WQMD4;WQND4;WQSD4,WQHD4,WQLD4;WQMD4;WQND4;WQSD4,no,
SHLD08,12,SHIELD,shield,4334,C4,yes,,data/Items.bif,0x001006CA,38B6231D648CC6CF1ECC2A969FF056DB927CD689FECDCCF4E55B8C3D79C477BF,78,78,0x5000;0x5001;0x5002;0x5003;0x5010;0x5011;0x5012;0x5013;0x5100;0x5101;0x5102;0x5103;0x5110;0x5111;0x5112;0x5113;0x5200;0x5201;0x5202;0x5210;0x5211;0x5212;0x5300;0x5301;0x5302;0x5303;0x5310;0x5311;0x5312;0x5313;0x6000;0x6001;0x6002;0x6003;0x6004;0x6005;0x6010;0x6011;0x6012;0x6013;0x6014;0x6015;0x6100;0x6101;0x6102;0x6103;0x6104;0x6105;0x6110;0x6111;0x6112;0x6113;0x6114;0x6115;0x6200;0x6201;0x6202;0x6204;0x6205;0x6210;0x6211;0x6212;0x6214;0x6215;0x6300;0x6301;0x6302;0x6303;0x6304;0x6305;0x6310;0x6311;0x6312;0x6313;0x6314;0x6315;0x6500;0x6510,WQHC4;WQLC4;WQMC4;WQNC4;WQSC4,WQLC4;WQMC4;WQNC4;WQSC4,WQHC4,WQLC4;WQMC4;WQNC4;WQSC4,no,
SHLD08A,12,SHIELD,shield,4431,D1,yes,,data/Items.bif,0x001006CB,1AC7F9011FA088D2FAF54E75D491FED3865D0D7547180DC55247F1A4AA4D2B1A,78,78,0x5000;0x5001;0x5002;0x5003;0x5010;0x5011;0x5012;0x5013;0x5100;0x5101;0x5102;0x5103;0x5110;0x5111;0x5112;0x5113;0x5200;0x5201;0x5202;0x5210;0x5211;0x5212;0x5300;0x5301;0x5302;0x5303;0x5310;0x5311;0x5312;0x5313;0x6000;0x6001;0x6002;0x6003;0x6004;0x6005;0x6010;0x6011;0x6012;0x6013;0x6014;0x6015;0x6100;0x6101;0x6102;0x6103;0x6104;0x6105;0x6110;0x6111;0x6112;0x6113;0x6114;0x6115;0x6200;0x6201;0x6202;0x6204;0x6205;0x6210;0x6211;0x6212;0x6214;0x6215;0x6300;0x6301;0x6302;0x6303;0x6304;0x6305;0x6310;0x6311;0x6312;0x6313;0x6314;0x6315;0x6500;0x6510,WQHD1;WQLD1;WQMD1;WQND1;WQSD1,WQLD1;WQMD1;WQND1;WQSD1,WQHD1,WQLD1;WQMD1;WQND1;WQSD1,no,
SHLD09,12,SHIELD,shield,4334,C4,yes,,data/Items.bif,0x001006CC,EF100E26797EEF8B5863E1799D86F993BCDC2C055FAFE76247D4FE91D41B07D3,78,78,0x5000;0x5001;0x5002;0x5003;0x5010;0x5011;0x5012;0x5013;0x5100;0x5101;0x5102;0x5103;0x5110;0x5111;0x5112;0x5113;0x5200;0x5201;0x5202;0x5210;0x5211;0x5212;0x5300;0x5301;0x5302;0x5303;0x5310;0x5311;0x5312;0x5313;0x6000;0x6001;0x6002;0x6003;0x6004;0x6005;0x6010;0x6011;0x6012;0x6013;0x6014;0x6015;0x6100;0x6101;0x6102;0x6103;0x6104;0x6105;0x6110;0x6111;0x6112;0x6113;0x6114;0x6115;0x6200;0x6201;0x6202;0x6204;0x6205;0x6210;0x6211;0x6212;0x6214;0x6215;0x6300;0x6301;0x6302;0x6303;0x6304;0x6305;0x6310;0x6311;0x6312;0x6313;0x6314;0x6315;0x6500;0x6510,WQHC4;WQLC4;WQMC4;WQNC4;WQSC4,WQLC4;WQMC4;WQNC4;WQSC4,WQHC4,WQLC4;WQMC4;WQNC4;WQSC4,no,
SHLD09A,12,SHIELD,shield,4431,D1,yes,,data/Items.bif,0x001006CD,F9C99437E1CC81795B7B8FFD153523B54F4F0E41A6039A28800A3673706C7F6D,78,78,0x5000;0x5001;0x5002;0x5003;0x5010;0x5011;0x5012;0x5013;0x5100;0x5101;0x5102;0x5103;0x5110;0x5111;0x5112;0x5113;0x5200;0x5201;0x5202;0x5210;0x5211;0x5212;0x5300;0x5301;0x5302;0x5303;0x5310;0x5311;0x5312;0x5313;0x6000;0x6001;0x6002;0x6003;0x6004;0x6005;0x6010;0x6011;0x6012;0x6013;0x6014;0x6015;0x6100;0x6101;0x6102;0x6103;0x6104;0x6105;0x6110;0x6111;0x6112;0x6113;0x6114;0x6115;0x6200;0x6201;0x6202;0x6204;0x6205;0x6210;0x6211;0x6212;0x6214;0x6215;0x6300;0x6301;0x6302;0x6303;0x6304;0x6305;0x6310;0x6311;0x6312;0x6313;0x6314;0x6315;0x6500;0x6510,WQHD1;WQLD1;WQMD1;WQND1;WQSD1,WQLD1;WQMD1;WQND1;WQSD1,WQHD1,WQLD1;WQMD1;WQND1;WQSD1,no,
SHLD10,12,SHIELD,shield,4334,C4,yes,,data/Items.bif,0x001006CE,3EE3F79B08E27223C317179B02D14AAB128F6F78859A0AF85B3F300984E45A43,78,78,0x5000;0x5001;0x5002;0x5003;0x5010;0x5011;0x5012;0x5013;0x5100;0x5101;0x5102;0x5103;0x5110;0x5111;0x5112;0x5113;0x5200;0x5201;0x5202;0x5210;0x5211;0x5212;0x5300;0x5301;0x5302;0x5303;0x5310;0x5311;0x5312;0x5313;0x6000;0x6001;0x6002;0x6003;0x6004;0x6005;0x6010;0x6011;0x6012;0x6013;0x6014;0x6015;0x6100;0x6101;0x6102;0x6103;0x6104;0x6105;0x6110;0x6111;0x6112;0x6113;0x6114;0x6115;0x6200;0x6201;0x6202;0x6204;0x6205;0x6210;0x6211;0x6212;0x6214;0x6215;0x6300;0x6301;0x6302;0x6303;0x6304;0x6305;0x6310;0x6311;0x6312;0x6313;0x6314;0x6315;0x6500;0x6510,WQHC4;WQLC4;WQMC4;WQNC4;WQSC4,WQLC4;WQMC4;WQNC4;WQSC4,WQHC4,WQLC4;WQMC4;WQNC4;WQSC4,no,
SHLD10A,12,SHIELD,shield,4431,D1,yes,,data/Items.bif,0x001006CF,0040F2496112226CC5F16BAC4C2946D2D01FD0F3486BF3A552C7F2E3D9DCA130,78,78,0x5000;0x5001;0x5002;0x5003;0x5010;0x5011;0x5012;0x5013;0x5100;0x5101;0x5102;0x5103;0x5110;0x5111;0x5112;0x5113;0x5200;0x5201;0x5202;0x5210;0x5211;0x5212;0x5300;0x5301;0x5302;0x5303;0x5310;0x5311;0x5312;0x5313;0x6000;0x6001;0x6002;0x6003;0x6004;0x6005;0x6010;0x6011;0x6012;0x6013;0x6014;0x6015;0x6100;0x6101;0x6102;0x6103;0x6104;0x6105;0x6110;0x6111;0x6112;0x6113;0x6114;0x6115;0x6200;0x6201;0x6202;0x6204;0x6205;0x6210;0x6211;0x6212;0x6214;0x6215;0x6300;0x6301;0x6302;0x6303;0x6304;0x6305;0x6310;0x6311;0x6312;0x6313;0x6314;0x6315;0x6500;0x6510,WQHD1;WQLD1;WQMD1;WQND1;WQSD1,WQLD1;WQMD1;WQND1;WQSD1,WQHD1,WQLD1;WQMD1;WQND1;WQSD1,no,
SHLD11,12,SHIELD,shield,4330,C0,yes,,data/Items.bif,0x001006D0,CC22AE2112F40225BEE15C2AD31EF4A03A85CB3808AEAD212F283193378242AE,78,78,0x5000;0x5001;0x5002;0x5003;0x5010;0x5011;0x5012;0x5013;0x5100;0x5101;0x5102;0x5103;0x5110;0x5111;0x5112;0x5113;0x5200;0x5201;0x5202;0x5210;0x5211;0x5212;0x5300;0x5301;0x5302;0x5303;0x5310;0x5311;0x5312;0x5313;0x6000;0x6001;0x6002;0x6003;0x6004;0x6005;0x6010;0x6011;0x6012;0x6013;0x6014;0x6015;0x6100;0x6101;0x6102;0x6103;0x6104;0x6105;0x6110;0x6111;0x6112;0x6113;0x6114;0x6115;0x6200;0x6201;0x6202;0x6204;0x6205;0x6210;0x6211;0x6212;0x6214;0x6215;0x6300;0x6301;0x6302;0x6303;0x6304;0x6305;0x6310;0x6311;0x6312;0x6313;0x6314;0x6315;0x6500;0x6510,WQHC0;WQLC0;WQMC0;WQNC0;WQSC0,WQLC0;WQMC0;WQNC0;WQSC0,WQHC0,WQLC0;WQMC0;WQNC0;WQSC0,no,
SHLD11A,12,SHIELD,shield,4432,D2,yes,,data/Items.bif,0x001006D1,7D9509C0383D7E98E5949EF94E4CF17EC18DC1EC9B7F3AAA34AA2010110DE919,78,78,0x5000;0x5001;0x5002;0x5003;0x5010;0x5011;0x5012;0x5013;0x5100;0x5101;0x5102;0x5103;0x5110;0x5111;0x5112;0x5113;0x5200;0x5201;0x5202;0x5210;0x5211;0x5212;0x5300;0x5301;0x5302;0x5303;0x5310;0x5311;0x5312;0x5313;0x6000;0x6001;0x6002;0x6003;0x6004;0x6005;0x6010;0x6011;0x6012;0x6013;0x6014;0x6015;0x6100;0x6101;0x6102;0x6103;0x6104;0x6105;0x6110;0x6111;0x6112;0x6113;0x6114;0x6115;0x6200;0x6201;0x6202;0x6204;0x6205;0x6210;0x6211;0x6212;0x6214;0x6215;0x6300;0x6301;0x6302;0x6303;0x6304;0x6305;0x6310;0x6311;0x6312;0x6313;0x6314;0x6315;0x6500;0x6510,WQHD2;WQLD2;WQMD2;WQND2;WQSD2,WQLD2;WQMD2;WQND2;WQSD2,WQHD2,WQLD2;WQMD2;WQND2;WQSD2,no,
SHLD12,12,SHIELD,shield,4330,C0,yes,,data/Items.bif,0x001006D2,53A7E7BEB188A6EDEDDF16994263A21F619475B2303320F969A3A9265FFD39D3,78,78,0x5000;0x5001;0x5002;0x5003;0x5010;0x5011;0x5012;0x5013;0x5100;0x5101;0x5102;0x5103;0x5110;0x5111;0x5112;0x5113;0x5200;0x5201;0x5202;0x5210;0x5211;0x5212;0x5300;0x5301;0x5302;0x5303;0x5310;0x5311;0x5312;0x5313;0x6000;0x6001;0x6002;0x6003;0x6004;0x6005;0x6010;0x6011;0x6012;0x6013;0x6014;0x6015;0x6100;0x6101;0x6102;0x6103;0x6104;0x6105;0x6110;0x6111;0x6112;0x6113;0x6114;0x6115;0x6200;0x6201;0x6202;0x6204;0x6205;0x6210;0x6211;0x6212;0x6214;0x6215;0x6300;0x6301;0x6302;0x6303;0x6304;0x6305;0x6310;0x6311;0x6312;0x6313;0x6314;0x6315;0x6500;0x6510,WQHC0;WQLC0;WQMC0;WQNC0;WQSC0,WQLC0;WQMC0;WQNC0;WQSC0,WQHC0,WQLC0;WQMC0;WQNC0;WQSC0,no,
SHLD12A,12,SHIELD,shield,4432,D2,yes,,data/Items.bif,0x001006D3,9A27DA7A2874DBDB89CA099D695A12FE3449151CBFBE76C1AC2BD0F8A6AA423E,78,78,0x5000;0x5001;0x5002;0x5003;0x5010;0x5011;0x5012;0x5013;0x5100;0x5101;0x5102;0x5103;0x5110;0x5111;0x5112;0x5113;0x5200;0x5201;0x5202;0x5210;0x5211;0x5212;0x5300;0x5301;0x5302;0x5303;0x5310;0x5311;0x5312;0x5313;0x6000;0x6001;0x6002;0x6003;0x6004;0x6005;0x6010;0x6011;0x6012;0x6013;0x6014;0x6015;0x6100;0x6101;0x6102;0x6103;0x6104;0x6105;0x6110;0x6111;0x6112;0x6113;0x6114;0x6115;0x6200;0x6201;0x6202;0x6204;0x6205;0x6210;0x6211;0x6212;0x6214;0x6215;0x6300;0x6301;0x6302;0x6303;0x6304;0x6305;0x6310;0x6311;0x6312;0x6313;0x6314;0x6315;0x6500;0x6510,WQHD2;WQLD2;WQMD2;WQND2;WQSD2,WQLD2;WQMD2;WQND2;WQSD2,WQHD2,WQLD2;WQMD2;WQND2;WQSD2,no,
SHLD13,12,SHIELD,shield,4331,C1,yes,,data/Items.bif,0x001006D4,B6B003A851711C3014CF3CCA1CE7CAB8928BC0258B0669E6FDB8EFC7460A42EC,78,78,0x5000;0x5001;0x5002;0x5003;0x5010;0x5011;0x5012;0x5013;0x5100;0x5101;0x5102;0x5103;0x5110;0x5111;0x5112;0x5113;0x5200;0x5201;0x5202;0x5210;0x5211;0x5212;0x5300;0x5301;0x5302;0x5303;0x5310;0x5311;0x5312;0x5313;0x6000;0x6001;0x6002;0x6003;0x6004;0x6005;0x6010;0x6011;0x6012;0x6013;0x6014;0x6015;0x6100;0x6101;0x6102;0x6103;0x6104;0x6105;0x6110;0x6111;0x6112;0x6113;0x6114;0x6115;0x6200;0x6201;0x6202;0x6204;0x6205;0x6210;0x6211;0x6212;0x6214;0x6215;0x6300;0x6301;0x6302;0x6303;0x6304;0x6305;0x6310;0x6311;0x6312;0x6313;0x6314;0x6315;0x6500;0x6510,WQHC1;WQLC1;WQMC1;WQNC1;WQSC1,WQLC1;WQMC1;WQNC1;WQSC1,WQHC1,WQLC1;WQMC1;WQNC1;WQSC1,no,
SHLD13A,12,SHIELD,shield,4433,D3,yes,,data/Items.bif,0x001006D5,D2013E495C83DDA6FF9EABCB5ACEEB59F0897A7ED2ABC0706842E6FB07A61B53,78,78,0x5000;0x5001;0x5002;0x5003;0x5010;0x5011;0x5012;0x5013;0x5100;0x5101;0x5102;0x5103;0x5110;0x5111;0x5112;0x5113;0x5200;0x5201;0x5202;0x5210;0x5211;0x5212;0x5300;0x5301;0x5302;0x5303;0x5310;0x5311;0x5312;0x5313;0x6000;0x6001;0x6002;0x6003;0x6004;0x6005;0x6010;0x6011;0x6012;0x6013;0x6014;0x6015;0x6100;0x6101;0x6102;0x6103;0x6104;0x6105;0x6110;0x6111;0x6112;0x6113;0x6114;0x6115;0x6200;0x6201;0x6202;0x6204;0x6205;0x6210;0x6211;0x6212;0x6214;0x6215;0x6300;0x6301;0x6302;0x6303;0x6304;0x6305;0x6310;0x6311;0x6312;0x6313;0x6314;0x6315;0x6500;0x6510,WQHD3;WQLD3;WQMD3;WQND3;WQSD3,WQLD3;WQMD3;WQND3;WQSD3,WQHD3,WQLD3;WQMD3;WQND3;WQSD3,no,
SHLD14,12,SHIELD,shield,4331,C1,yes,,data/Items.bif,0x001006D6,9519319E80A120D41A330B9797C2E3EFE95502FB49F8C1D9579BA6BC469ADCF0,78,78,0x5000;0x5001;0x5002;0x5003;0x5010;0x5011;0x5012;0x5013;0x5100;0x5101;0x5102;0x5103;0x5110;0x5111;0x5112;0x5113;0x5200;0x5201;0x5202;0x5210;0x5211;0x5212;0x5300;0x5301;0x5302;0x5303;0x5310;0x5311;0x5312;0x5313;0x6000;0x6001;0x6002;0x6003;0x6004;0x6005;0x6010;0x6011;0x6012;0x6013;0x6014;0x6015;0x6100;0x6101;0x6102;0x6103;0x6104;0x6105;0x6110;0x6111;0x6112;0x6113;0x6114;0x6115;0x6200;0x6201;0x6202;0x6204;0x6205;0x6210;0x6211;0x6212;0x6214;0x6215;0x6300;0x6301;0x6302;0x6303;0x6304;0x6305;0x6310;0x6311;0x6312;0x6313;0x6314;0x6315;0x6500;0x6510,WQHC1;WQLC1;WQMC1;WQNC1;WQSC1,WQLC1;WQMC1;WQNC1;WQSC1,WQHC1,WQLC1;WQMC1;WQNC1;WQSC1,no,
SHLD14A,12,SHIELD,shield,4433,D3,yes,,data/Items.bif,0x001006D7,EC77D1AE7F2EBE8FD0E70F35D5BA3893EACA3D0885A890E57A9DF4D25CA18A9F,78,78,0x5000;0x5001;0x5002;0x5003;0x5010;0x5011;0x5012;0x5013;0x5100;0x5101;0x5102;0x5103;0x5110;0x5111;0x5112;0x5113;0x5200;0x5201;0x5202;0x5210;0x5211;0x5212;0x5300;0x5301;0x5302;0x5303;0x5310;0x5311;0x5312;0x5313;0x6000;0x6001;0x6002;0x6003;0x6004;0x6005;0x6010;0x6011;0x6012;0x6013;0x6014;0x6015;0x6100;0x6101;0x6102;0x6103;0x6104;0x6105;0x6110;0x6111;0x6112;0x6113;0x6114;0x6115;0x6200;0x6201;0x6202;0x6204;0x6205;0x6210;0x6211;0x6212;0x6214;0x6215;0x6300;0x6301;0x6302;0x6303;0x6304;0x6305;0x6310;0x6311;0x6312;0x6313;0x6314;0x6315;0x6500;0x6510,WQHD3;WQLD3;WQMD3;WQND3;WQSD3,WQLD3;WQMD3;WQND3;WQSD3,WQHD3,WQLD3;WQMD3;WQND3;WQSD3,no,
SHLD15,12,SHIELD,shield,4332,C2,yes,,data/Items.bif,0x001006D8,8DDAD8F24E5C528F37B941DCA0D89248EE7EF6B1726C9F1446DF69D144CCD291,78,78,0x5000;0x5001;0x5002;0x5003;0x5010;0x5011;0x5012;0x5013;0x5100;0x5101;0x5102;0x5103;0x5110;0x5111;0x5112;0x5113;0x5200;0x5201;0x5202;0x5210;0x5211;0x5212;0x5300;0x5301;0x5302;0x5303;0x5310;0x5311;0x5312;0x5313;0x6000;0x6001;0x6002;0x6003;0x6004;0x6005;0x6010;0x6011;0x6012;0x6013;0x6014;0x6015;0x6100;0x6101;0x6102;0x6103;0x6104;0x6105;0x6110;0x6111;0x6112;0x6113;0x6114;0x6115;0x6200;0x6201;0x6202;0x6204;0x6205;0x6210;0x6211;0x6212;0x6214;0x6215;0x6300;0x6301;0x6302;0x6303;0x6304;0x6305;0x6310;0x6311;0x6312;0x6313;0x6314;0x6315;0x6500;0x6510,WQHC2;WQLC2;WQMC2;WQNC2;WQSC2,WQLC2;WQMC2;WQNC2;WQSC2,WQHC2,WQLC2;WQMC2;WQNC2;WQSC2,no,
SHLD15A,12,SHIELD,shield,4434,D4,yes,,data/Items.bif,0x001006D9,55CB272E7D49B383765DC1AA358D71666C04DF3D0C7394703B2BE64C206ECB99,78,78,0x5000;0x5001;0x5002;0x5003;0x5010;0x5011;0x5012;0x5013;0x5100;0x5101;0x5102;0x5103;0x5110;0x5111;0x5112;0x5113;0x5200;0x5201;0x5202;0x5210;0x5211;0x5212;0x5300;0x5301;0x5302;0x5303;0x5310;0x5311;0x5312;0x5313;0x6000;0x6001;0x6002;0x6003;0x6004;0x6005;0x6010;0x6011;0x6012;0x6013;0x6014;0x6015;0x6100;0x6101;0x6102;0x6103;0x6104;0x6105;0x6110;0x6111;0x6112;0x6113;0x6114;0x6115;0x6200;0x6201;0x6202;0x6204;0x6205;0x6210;0x6211;0x6212;0x6214;0x6215;0x6300;0x6301;0x6302;0x6303;0x6304;0x6305;0x6310;0x6311;0x6312;0x6313;0x6314;0x6315;0x6500;0x6510,WQHD4;WQLD4;WQMD4;WQND4;WQSD4,WQLD4;WQMD4;WQND4;WQSD4,WQHD4,WQLD4;WQMD4;WQND4;WQSD4,no,
SHLD16,12,SHIELD,shield,4332,C2,yes,,data/Items.bif,0x001006DA,48074ACA8B8E3CF82238AE4BA9F2A00AEB8BC72A5D6D7ED583B564FA8431A030,78,78,0x5000;0x5001;0x5002;0x5003;0x5010;0x5011;0x5012;0x5013;0x5100;0x5101;0x5102;0x5103;0x5110;0x5111;0x5112;0x5113;0x5200;0x5201;0x5202;0x5210;0x5211;0x5212;0x5300;0x5301;0x5302;0x5303;0x5310;0x5311;0x5312;0x5313;0x6000;0x6001;0x6002;0x6003;0x6004;0x6005;0x6010;0x6011;0x6012;0x6013;0x6014;0x6015;0x6100;0x6101;0x6102;0x6103;0x6104;0x6105;0x6110;0x6111;0x6112;0x6113;0x6114;0x6115;0x6200;0x6201;0x6202;0x6204;0x6205;0x6210;0x6211;0x6212;0x6214;0x6215;0x6300;0x6301;0x6302;0x6303;0x6304;0x6305;0x6310;0x6311;0x6312;0x6313;0x6314;0x6315;0x6500;0x6510,WQHC2;WQLC2;WQMC2;WQNC2;WQSC2,WQLC2;WQMC2;WQNC2;WQSC2,WQHC2,WQLC2;WQMC2;WQNC2;WQSC2,no,
SHLD16A,12,SHIELD,shield,4434,D4,yes,,data/Items.bif,0x001006DB,71CC984A9C5062DDEFD8542BAF464ED520B72962BE417733570C422307759D08,78,78,0x5000;0x5001;0x5002;0x5003;0x5010;0x5011;0x5012;0x5013;0x5100;0x5101;0x5102;0x5103;0x5110;0x5111;0x5112;0x5113;0x5200;0x5201;0x5202;0x5210;0x5211;0x5212;0x5300;0x5301;0x5302;0x5303;0x5310;0x5311;0x5312;0x5313;0x6000;0x6001;0x6002;0x6003;0x6004;0x6005;0x6010;0x6011;0x6012;0x6013;0x6014;0x6015;0x6100;0x6101;0x6102;0x6103;0x6104;0x6105;0x6110;0x6111;0x6112;0x6113;0x6114;0x6115;0x6200;0x6201;0x6202;0x6204;0x6205;0x6210;0x6211;0x6212;0x6214;0x6215;0x6300;0x6301;0x6302;0x6303;0x6304;0x6305;0x6310;0x6311;0x6312;0x6313;0x6314;0x6315;0x6500;0x6510,WQHD4;WQLD4;WQMD4;WQND4;WQSD4,WQLD4;WQMD4;WQND4;WQSD4,WQHD4,WQLD4;WQMD4;WQND4;WQSD4,no,
SHLD17,12,SHIELD,shield,4334,C4,yes,,data/Items.bif,0x001006DC,DD4640E7ACED58CD073EA7C67F960B929AFC080FF436BB8273F5BEE9764F7954,78,78,0x5000;0x5001;0x5002;0x5003;0x5010;0x5011;0x5012;0x5013;0x5100;0x5101;0x5102;0x5103;0x5110;0x5111;0x5112;0x5113;0x5200;0x5201;0x5202;0x5210;0x5211;0x5212;0x5300;0x5301;0x5302;0x5303;0x5310;0x5311;0x5312;0x5313;0x6000;0x6001;0x6002;0x6003;0x6004;0x6005;0x6010;0x6011;0x6012;0x6013;0x6014;0x6015;0x6100;0x6101;0x6102;0x6103;0x6104;0x6105;0x6110;0x6111;0x6112;0x6113;0x6114;0x6115;0x6200;0x6201;0x6202;0x6204;0x6205;0x6210;0x6211;0x6212;0x6214;0x6215;0x6300;0x6301;0x6302;0x6303;0x6304;0x6305;0x6310;0x6311;0x6312;0x6313;0x6314;0x6315;0x6500;0x6510,WQHC4;WQLC4;WQMC4;WQNC4;WQSC4,WQLC4;WQMC4;WQNC4;WQSC4,WQHC4,WQLC4;WQMC4;WQNC4;WQSC4,no,
SHLD17A,12,SHIELD,shield,4431,D1,yes,,data/Items.bif,0x001006DD,57ABEC9E0FA311F21DBDB43FE6380BF137170E412DA110FD5EE7BFA9484786B6,78,78,0x5000;0x5001;0x5002;0x5003;0x5010;0x5011;0x5012;0x5013;0x5100;0x5101;0x5102;0x5103;0x5110;0x5111;0x5112;0x5113;0x5200;0x5201;0x5202;0x5210;0x5211;0x5212;0x5300;0x5301;0x5302;0x5303;0x5310;0x5311;0x5312;0x5313;0x6000;0x6001;0x6002;0x6003;0x6004;0x6005;0x6010;0x6011;0x6012;0x6013;0x6014;0x6015;0x6100;0x6101;0x6102;0x6103;0x6104;0x6105;0x6110;0x6111;0x6112;0x6113;0x6114;0x6115;0x6200;0x6201;0x6202;0x6204;0x6205;0x6210;0x6211;0x6212;0x6214;0x6215;0x6300;0x6301;0x6302;0x6303;0x6304;0x6305;0x6310;0x6311;0x6312;0x6313;0x6314;0x6315;0x6500;0x6510,WQHD1;WQLD1;WQMD1;WQND1;WQSD1,WQLD1;WQMD1;WQND1;WQSD1,WQHD1,WQLD1;WQMD1;WQND1;WQSD1,no,
SHLD18,12,SHIELD,shield,4434,D4,yes,,data/Items.bif,0x001006DE,B6A45FCCBD6800530614B8C3FC3DA5354C13AA8EE3C6DA7A83FE243B24024CD9,78,78,0x5000;0x5001;0x5002;0x5003;0x5010;0x5011;0x5012;0x5013;0x5100;0x5101;0x5102;0x5103;0x5110;0x5111;0x5112;0x5113;0x5200;0x5201;0x5202;0x5210;0x5211;0x5212;0x5300;0x5301;0x5302;0x5303;0x5310;0x5311;0x5312;0x5313;0x6000;0x6001;0x6002;0x6003;0x6004;0x6005;0x6010;0x6011;0x6012;0x6013;0x6014;0x6015;0x6100;0x6101;0x6102;0x6103;0x6104;0x6105;0x6110;0x6111;0x6112;0x6113;0x6114;0x6115;0x6200;0x6201;0x6202;0x6204;0x6205;0x6210;0x6211;0x6212;0x6214;0x6215;0x6300;0x6301;0x6302;0x6303;0x6304;0x6305;0x6310;0x6311;0x6312;0x6313;0x6314;0x6315;0x6500;0x6510,WQHD4;WQLD4;WQMD4;WQND4;WQSD4,WQLD4;WQMD4;WQND4;WQSD4,WQHD4,WQLD4;WQMD4;WQND4;WQSD4,no,
SHLD19,12,SHIELD,shield,4332,C2,yes,,data/Items.bif,0x001006DF,7328C16B6F3EF352B718E9F5BC88E872D763F7FD5E7CE9A394287DF50E8656D8,78,78,0x5000;0x5001;0x5002;0x5003;0x5010;0x5011;0x5012;0x5013;0x5100;0x5101;0x5102;0x5103;0x5110;0x5111;0x5112;0x5113;0x5200;0x5201;0x5202;0x5210;0x5211;0x5212;0x5300;0x5301;0x5302;0x5303;0x5310;0x5311;0x5312;0x5313;0x6000;0x6001;0x6002;0x6003;0x6004;0x6005;0x6010;0x6011;0x6012;0x6013;0x6014;0x6015;0x6100;0x6101;0x6102;0x6103;0x6104;0x6105;0x6110;0x6111;0x6112;0x6113;0x6114;0x6115;0x6200;0x6201;0x6202;0x6204;0x6205;0x6210;0x6211;0x6212;0x6214;0x6215;0x6300;0x6301;0x6302;0x6303;0x6304;0x6305;0x6310;0x6311;0x6312;0x6313;0x6314;0x6315;0x6500;0x6510,WQHC2;WQLC2;WQMC2;WQNC2;WQSC2,WQLC2;WQMC2;WQNC2;WQSC2,WQHC2,WQLC2;WQMC2;WQNC2;WQSC2,no,
SHLD19A,12,SHIELD,shield,4434,D4,yes,,data/Items.bif,0x001006E0,3067090A4824BB5000DBEC7E10FB800E5C5899A609E847F2C12329897E910360,78,78,0x5000;0x5001;0x5002;0x5003;0x5010;0x5011;0x5012;0x5013;0x5100;0x5101;0x5102;0x5103;0x5110;0x5111;0x5112;0x5113;0x5200;0x5201;0x5202;0x5210;0x5211;0x5212;0x5300;0x5301;0x5302;0x5303;0x5310;0x5311;0x5312;0x5313;0x6000;0x6001;0x6002;0x6003;0x6004;0x6005;0x6010;0x6011;0x6012;0x6013;0x6014;0x6015;0x6100;0x6101;0x6102;0x6103;0x6104;0x6105;0x6110;0x6111;0x6112;0x6113;0x6114;0x6115;0x6200;0x6201;0x6202;0x6204;0x6205;0x6210;0x6211;0x6212;0x6214;0x6215;0x6300;0x6301;0x6302;0x6303;0x6304;0x6305;0x6310;0x6311;0x6312;0x6313;0x6314;0x6315;0x6500;0x6510,WQHD4;WQLD4;WQMD4;WQND4;WQSD4,WQLD4;WQMD4;WQND4;WQSD4,WQHD4,WQLD4;WQMD4;WQND4;WQSD4,no,
SHLD20,12,SHIELD,shield,4431,D1,yes,,data/Items.bif,0x001006E1,95B28160AFC5D03D5A2778C12E44303E124146EA9FEAB0CFB740190AEA5D402E,78,78,0x5000;0x5001;0x5002;0x5003;0x5010;0x5011;0x5012;0x5013;0x5100;0x5101;0x5102;0x5103;0x5110;0x5111;0x5112;0x5113;0x5200;0x5201;0x5202;0x5210;0x5211;0x5212;0x5300;0x5301;0x5302;0x5303;0x5310;0x5311;0x5312;0x5313;0x6000;0x6001;0x6002;0x6003;0x6004;0x6005;0x6010;0x6011;0x6012;0x6013;0x6014;0x6015;0x6100;0x6101;0x6102;0x6103;0x6104;0x6105;0x6110;0x6111;0x6112;0x6113;0x6114;0x6115;0x6200;0x6201;0x6202;0x6204;0x6205;0x6210;0x6211;0x6212;0x6214;0x6215;0x6300;0x6301;0x6302;0x6303;0x6304;0x6305;0x6310;0x6311;0x6312;0x6313;0x6314;0x6315;0x6500;0x6510,WQHD1;WQLD1;WQMD1;WQND1;WQSD1,WQLD1;WQMD1;WQND1;WQSD1,WQHD1,WQLD1;WQMD1;WQND1;WQSD1,no,
SHLD21,12,SHIELD,shield,4337,C7,yes,,data/Items.bif,0x001006E2,E5855A57E6DE8EEA9DBE07B3E8297848B8B07EA84C50333CE55A7E1442714C59,78,78,0x5000;0x5001;0x5002;0x5003;0x5010;0x5011;0x5012;0x5013;0x5100;0x5101;0x5102;0x5103;0x5110;0x5111;0x5112;0x5113;0x5200;0x5201;0x5202;0x5210;0x5211;0x5212;0x5300;0x5301;0x5302;0x5303;0x5310;0x5311;0x5312;0x5313;0x6000;0x6001;0x6002;0x6003;0x6004;0x6005;0x6010;0x6011;0x6012;0x6013;0x6014;0x6015;0x6100;0x6101;0x6102;0x6103;0x6104;0x6105;0x6110;0x6111;0x6112;0x6113;0x6114;0x6115;0x6200;0x6201;0x6202;0x6204;0x6205;0x6210;0x6211;0x6212;0x6214;0x6215;0x6300;0x6301;0x6302;0x6303;0x6304;0x6305;0x6310;0x6311;0x6312;0x6313;0x6314;0x6315;0x6500;0x6510,WQHC7;WQLC7;WQMC7;WQNC7;WQSC7,WQLC7;WQMC7;WQNC7;WQSC7,WQHC7,WQLC7;WQMC7;WQNC7;WQSC7,no,
SHLD22,12,SHIELD,shield,4333,C3,yes,,data/Items.bif,0x001006E3,DCA3141CFBB2C02C65B6C44958CBAE486467CF832E6316BB5D5030C637FCAEC6,78,78,0x5000;0x5001;0x5002;0x5003;0x5010;0x5011;0x5012;0x5013;0x5100;0x5101;0x5102;0x5103;0x5110;0x5111;0x5112;0x5113;0x5200;0x5201;0x5202;0x5210;0x5211;0x5212;0x5300;0x5301;0x5302;0x5303;0x5310;0x5311;0x5312;0x5313;0x6000;0x6001;0x6002;0x6003;0x6004;0x6005;0x6010;0x6011;0x6012;0x6013;0x6014;0x6015;0x6100;0x6101;0x6102;0x6103;0x6104;0x6105;0x6110;0x6111;0x6112;0x6113;0x6114;0x6115;0x6200;0x6201;0x6202;0x6204;0x6205;0x6210;0x6211;0x6212;0x6214;0x6215;0x6300;0x6301;0x6302;0x6303;0x6304;0x6305;0x6310;0x6311;0x6312;0x6313;0x6314;0x6315;0x6500;0x6510,WQHC3;WQLC3;WQMC3;WQNC3;WQSC3,WQLC3;WQMC3;WQNC3;WQSC3,WQHC3,WQLC3;WQMC3;WQNC3;WQSC3,no,
SHLD23,12,SHIELD,shield,4332,C2,yes,,data/Items.bif,0x001006E4,377574CCB546BE5017A30C557772D52B1DD586FA08DD5DA8DD245653097377A1,78,78,0x5000;0x5001;0x5002;0x5003;0x5010;0x5011;0x5012;0x5013;0x5100;0x5101;0x5102;0x5103;0x5110;0x5111;0x5112;0x5113;0x5200;0x5201;0x5202;0x5210;0x5211;0x5212;0x5300;0x5301;0x5302;0x5303;0x5310;0x5311;0x5312;0x5313;0x6000;0x6001;0x6002;0x6003;0x6004;0x6005;0x6010;0x6011;0x6012;0x6013;0x6014;0x6015;0x6100;0x6101;0x6102;0x6103;0x6104;0x6105;0x6110;0x6111;0x6112;0x6113;0x6114;0x6115;0x6200;0x6201;0x6202;0x6204;0x6205;0x6210;0x6211;0x6212;0x6214;0x6215;0x6300;0x6301;0x6302;0x6303;0x6304;0x6305;0x6310;0x6311;0x6312;0x6313;0x6314;0x6315;0x6500;0x6510,WQHC2;WQLC2;WQMC2;WQNC2;WQSC2,WQLC2;WQMC2;WQNC2;WQSC2,WQHC2,WQLC2;WQMC2;WQNC2;WQSC2,no,
SHLD23A,12,SHIELD,shield,4434,D4,yes,,data/Items.bif,0x001006E5,BFDA48F45BD9C25CB6066EC693F318963BBEE3252BAF148691A905BF2328CC17,78,78,0x5000;0x5001;0x5002;0x5003;0x5010;0x5011;0x5012;0x5013;0x5100;0x5101;0x5102;0x5103;0x5110;0x5111;0x5112;0x5113;0x5200;0x5201;0x5202;0x5210;0x5211;0x5212;0x5300;0x5301;0x5302;0x5303;0x5310;0x5311;0x5312;0x5313;0x6000;0x6001;0x6002;0x6003;0x6004;0x6005;0x6010;0x6011;0x6012;0x6013;0x6014;0x6015;0x6100;0x6101;0x6102;0x6103;0x6104;0x6105;0x6110;0x6111;0x6112;0x6113;0x6114;0x6115;0x6200;0x6201;0x6202;0x6204;0x6205;0x6210;0x6211;0x6212;0x6214;0x6215;0x6300;0x6301;0x6302;0x6303;0x6304;0x6305;0x6310;0x6311;0x6312;0x6313;0x6314;0x6315;0x6500;0x6510,WQHD4;WQLD4;WQMD4;WQND4;WQSD4,WQLD4;WQMD4;WQND4;WQSD4,WQHD4,WQLD4;WQMD4;WQND4;WQSD4,no,
SHLD24,12,SHIELD,shield,4336,C6,yes,,data/Items.bif,0x001006E6,5449D613E7525C9978FF8167156DD54F4B40646774B9798F9E181A6B31BF40B1,78,78,0x5000;0x5001;0x5002;0x5003;0x5010;0x5011;0x5012;0x5013;0x5100;0x5101;0x5102;0x5103;0x5110;0x5111;0x5112;0x5113;0x5200;0x5201;0x5202;0x5210;0x5211;0x5212;0x5300;0x5301;0x5302;0x5303;0x5310;0x5311;0x5312;0x5313;0x6000;0x6001;0x6002;0x6003;0x6004;0x6005;0x6010;0x6011;0x6012;0x6013;0x6014;0x6015;0x6100;0x6101;0x6102;0x6103;0x6104;0x6105;0x6110;0x6111;0x6112;0x6113;0x6114;0x6115;0x6200;0x6201;0x6202;0x6204;0x6205;0x6210;0x6211;0x6212;0x6214;0x6215;0x6300;0x6301;0x6302;0x6303;0x6304;0x6305;0x6310;0x6311;0x6312;0x6313;0x6314;0x6315;0x6500;0x6510,WQHC6;WQLC6;WQMC6;WQNC6;WQSC6,WQLC6;WQMC6;WQNC6;WQSC6,WQHC6,WQLC6;WQMC6;WQNC6;WQSC6,no,
SHLD24A,12,SHIELD,shield,4432,D2,yes,,data/Items.bif,0x001006E7,11BEBD7ED53B8FCC3F8665458E809DA4E5C11F6159E0A437E98C6ADE35DF5834,78,78,0x5000;0x5001;0x5002;0x5003;0x5010;0x5011;0x5012;0x5013;0x5100;0x5101;0x5102;0x5103;0x5110;0x5111;0x5112;0x5113;0x5200;0x5201;0x5202;0x5210;0x5211;0x5212;0x5300;0x5301;0x5302;0x5303;0x5310;0x5311;0x5312;0x5313;0x6000;0x6001;0x6002;0x6003;0x6004;0x6005;0x6010;0x6011;0x6012;0x6013;0x6014;0x6015;0x6100;0x6101;0x6102;0x6103;0x6104;0x6105;0x6110;0x6111;0x6112;0x6113;0x6114;0x6115;0x6200;0x6201;0x6202;0x6204;0x6205;0x6210;0x6211;0x6212;0x6214;0x6215;0x6300;0x6301;0x6302;0x6303;0x6304;0x6305;0x6310;0x6311;0x6312;0x6313;0x6314;0x6315;0x6500;0x6510,WQHD2;WQLD2;WQMD2;WQND2;WQSD2,WQLD2;WQMD2;WQND2;WQSD2,WQHD2,WQLD2;WQMD2;WQND2;WQSD2,no,
SHLD25,12,SHIELD,shield,4432,D2,yes,,data/Items.bif,0x001006E8,F5C5068D6A9F53D9E90CE32B99F8558AE1A48F419B805F1690381D02925B801A,78,78,0x5000;0x5001;0x5002;0x5003;0x5010;0x5011;0x5012;0x5013;0x5100;0x5101;0x5102;0x5103;0x5110;0x5111;0x5112;0x5113;0x5200;0x5201;0x5202;0x5210;0x5211;0x5212;0x5300;0x5301;0x5302;0x5303;0x5310;0x5311;0x5312;0x5313;0x6000;0x6001;0x6002;0x6003;0x6004;0x6005;0x6010;0x6011;0x6012;0x6013;0x6014;0x6015;0x6100;0x6101;0x6102;0x6103;0x6104;0x6105;0x6110;0x6111;0x6112;0x6113;0x6114;0x6115;0x6200;0x6201;0x6202;0x6204;0x6205;0x6210;0x6211;0x6212;0x6214;0x6215;0x6300;0x6301;0x6302;0x6303;0x6304;0x6305;0x6310;0x6311;0x6312;0x6313;0x6314;0x6315;0x6500;0x6510,WQHD2;WQLD2;WQMD2;WQND2;WQSD2,WQLD2;WQMD2;WQND2;WQSD2,WQHD2,WQLD2;WQMD2;WQND2;WQSD2,no,
SHLD26,12,SHIELD,shield,4335,C5,yes,,data/Items.bif,0x001006E9,CE4D716CA9632A619E0A9CB757F4A2DBDE831D0AA3BB4FE6F5115E04E12FFFDD,78,78,0x5000;0x5001;0x5002;0x5003;0x5010;0x5011;0x5012;0x5013;0x5100;0x5101;0x5102;0x5103;0x5110;0x5111;0x5112;0x5113;0x5200;0x5201;0x5202;0x5210;0x5211;0x5212;0x5300;0x5301;0x5302;0x5303;0x5310;0x5311;0x5312;0x5313;0x6000;0x6001;0x6002;0x6003;0x6004;0x6005;0x6010;0x6011;0x6012;0x6013;0x6014;0x6015;0x6100;0x6101;0x6102;0x6103;0x6104;0x6105;0x6110;0x6111;0x6112;0x6113;0x6114;0x6115;0x6200;0x6201;0x6202;0x6204;0x6205;0x6210;0x6211;0x6212;0x6214;0x6215;0x6300;0x6301;0x6302;0x6303;0x6304;0x6305;0x6310;0x6311;0x6312;0x6313;0x6314;0x6315;0x6500;0x6510,WQHC5;WQLC5;WQMC5;WQNC5;WQSC5,WQLC5;WQMC5;WQNC5;WQSC5,WQHC5,WQLC5;WQMC5;WQNC5;WQSC5,no,
SHLD26A,12,SHIELD,shield,4433,D3,yes,,data/Items.bif,0x001006EA,3924AEDBB6AF80D3AC3BE2A48B43EB653A09B5D5AB340FF4CC93E1D0C127388F,78,78,0x5000;0x5001;0x5002;0x5003;0x5010;0x5011;0x5012;0x5013;0x5100;0x5101;0x5102;0x5103;0x5110;0x5111;0x5112;0x5113;0x5200;0x5201;0x5202;0x5210;0x5211;0x5212;0x5300;0x5301;0x5302;0x5303;0x5310;0x5311;0x5312;0x5313;0x6000;0x6001;0x6002;0x6003;0x6004;0x6005;0x6010;0x6011;0x6012;0x6013;0x6014;0x6015;0x6100;0x6101;0x6102;0x6103;0x6104;0x6105;0x6110;0x6111;0x6112;0x6113;0x6114;0x6115;0x6200;0x6201;0x6202;0x6204;0x6205;0x6210;0x6211;0x6212;0x6214;0x6215;0x6300;0x6301;0x6302;0x6303;0x6304;0x6305;0x6310;0x6311;0x6312;0x6313;0x6314;0x6315;0x6500;0x6510,WQHD3;WQLD3;WQMD3;WQND3;WQSD3,WQLD3;WQMD3;WQND3;WQSD3,WQHD3,WQLD3;WQMD3;WQND3;WQSD3,no,
SHLD27,12,SHIELD,shield,4433,D3,yes,,data/Items.bif,0x001006EB,B414864098467F934844F199CF22042C1E4D4A6C9E9A97DEF8F7D2564E614FF6,78,78,0x5000;0x5001;0x5002;0x5003;0x5010;0x5011;0x5012;0x5013;0x5100;0x5101;0x5102;0x5103;0x5110;0x5111;0x5112;0x5113;0x5200;0x5201;0x5202;0x5210;0x5211;0x5212;0x5300;0x5301;0x5302;0x5303;0x5310;0x5311;0x5312;0x5313;0x6000;0x6001;0x6002;0x6003;0x6004;0x6005;0x6010;0x6011;0x6012;0x6013;0x6014;0x6015;0x6100;0x6101;0x6102;0x6103;0x6104;0x6105;0x6110;0x6111;0x6112;0x6113;0x6114;0x6115;0x6200;0x6201;0x6202;0x6204;0x6205;0x6210;0x6211;0x6212;0x6214;0x6215;0x6300;0x6301;0x6302;0x6303;0x6304;0x6305;0x6310;0x6311;0x6312;0x6313;0x6314;0x6315;0x6500;0x6510,WQHD3;WQLD3;WQMD3;WQND3;WQSD3,WQLD3;WQMD3;WQND3;WQSD3,WQHD3,WQLD3;WQMD3;WQND3;WQSD3,no,
SHLD27A,12,SHIELD,shield,4333,C3,yes,,data/Items.bif,0x001006EC,074F25229AF0A672E330A268D3AC8203D56CE58012A2D3BC793E2B68D6438B8C,78,78,0x5000;0x5001;0x5002;0x5003;0x5010;0x5011;0x5012;0x5013;0x5100;0x5101;0x5102;0x5103;0x5110;0x5111;0x5112;0x5113;0x5200;0x5201;0x5202;0x5210;0x5211;0x5212;0x5300;0x5301;0x5302;0x5303;0x5310;0x5311;0x5312;0x5313;0x6000;0x6001;0x6002;0x6003;0x6004;0x6005;0x6010;0x6011;0x6012;0x6013;0x6014;0x6015;0x6100;0x6101;0x6102;0x6103;0x6104;0x6105;0x6110;0x6111;0x6112;0x6113;0x6114;0x6115;0x6200;0x6201;0x6202;0x6204;0x6205;0x6210;0x6211;0x6212;0x6214;0x6215;0x6300;0x6301;0x6302;0x6303;0x6304;0x6305;0x6310;0x6311;0x6312;0x6313;0x6314;0x6315;0x6500;0x6510,WQHC3;WQLC3;WQMC3;WQNC3;WQSC3,WQLC3;WQMC3;WQNC3;WQSC3,WQHC3,WQLC3;WQMC3;WQNC3;WQSC3,no,
SHLD28,12,SHIELD,shield,4330,C0,yes,,data/Items.bif,0x001006ED,355B5663EF04D398847FFAEE5B4160456699F10C225D3C3FAF7FA0F796DAEE20,78,78,0x5000;0x5001;0x5002;0x5003;0x5010;0x5011;0x5012;0x5013;0x5100;0x5101;0x5102;0x5103;0x5110;0x5111;0x5112;0x5113;0x5200;0x5201;0x5202;0x5210;0x5211;0x5212;0x5300;0x5301;0x5302;0x5303;0x5310;0x5311;0x5312;0x5313;0x6000;0x6001;0x6002;0x6003;0x6004;0x6005;0x6010;0x6011;0x6012;0x6013;0x6014;0x6015;0x6100;0x6101;0x6102;0x6103;0x6104;0x6105;0x6110;0x6111;0x6112;0x6113;0x6114;0x6115;0x6200;0x6201;0x6202;0x6204;0x6205;0x6210;0x6211;0x6212;0x6214;0x6215;0x6300;0x6301;0x6302;0x6303;0x6304;0x6305;0x6310;0x6311;0x6312;0x6313;0x6314;0x6315;0x6500;0x6510,WQHC0;WQLC0;WQMC0;WQNC0;WQSC0,WQLC0;WQMC0;WQNC0;WQSC0,WQHC0,WQLC0;WQMC0;WQNC0;WQSC0,no,
SHLD28A,12,SHIELD,shield,4432,D2,yes,,data/Items.bif,0x001006EE,5424271395DEA064712DD89D96F1A47E58F7676D33EC8DF4F3CA3B5767732076,78,78,0x5000;0x5001;0x5002;0x5003;0x5010;0x5011;0x5012;0x5013;0x5100;0x5101;0x5102;0x5103;0x5110;0x5111;0x5112;0x5113;0x5200;0x5201;0x5202;0x5210;0x5211;0x5212;0x5300;0x5301;0x5302;0x5303;0x5310;0x5311;0x5312;0x5313;0x6000;0x6001;0x6002;0x6003;0x6004;0x6005;0x6010;0x6011;0x6012;0x6013;0x6014;0x6015;0x6100;0x6101;0x6102;0x6103;0x6104;0x6105;0x6110;0x6111;0x6112;0x6113;0x6114;0x6115;0x6200;0x6201;0x6202;0x6204;0x6205;0x6210;0x6211;0x6212;0x6214;0x6215;0x6300;0x6301;0x6302;0x6303;0x6304;0x6305;0x6310;0x6311;0x6312;0x6313;0x6314;0x6315;0x6500;0x6510,WQHD2;WQLD2;WQMD2;WQND2;WQSD2,WQLD2;WQMD2;WQND2;WQSD2,WQHD2,WQLD2;WQMD2;WQND2;WQSD2,no,
SHLD29,12,SHIELD,shield,4333,C3,yes,,data/Items.bif,0x001006EF,3C7D2F1F3A1612170A140560523667BC0C40E69F4D0D9D2A6CACB57C959E14CE,78,78,0x5000;0x5001;0x5002;0x5003;0x5010;0x5011;0x5012;0x5013;0x5100;0x5101;0x5102;0x5103;0x5110;0x5111;0x5112;0x5113;0x5200;0x5201;0x5202;0x5210;0x5211;0x5212;0x5300;0x5301;0x5302;0x5303;0x5310;0x5311;0x5312;0x5313;0x6000;0x6001;0x6002;0x6003;0x6004;0x6005;0x6010;0x6011;0x6012;0x6013;0x6014;0x6015;0x6100;0x6101;0x6102;0x6103;0x6104;0x6105;0x6110;0x6111;0x6112;0x6113;0x6114;0x6115;0x6200;0x6201;0x6202;0x6204;0x6205;0x6210;0x6211;0x6212;0x6214;0x6215;0x6300;0x6301;0x6302;0x6303;0x6304;0x6305;0x6310;0x6311;0x6312;0x6313;0x6314;0x6315;0x6500;0x6510,WQHC3;WQLC3;WQMC3;WQNC3;WQSC3,WQLC3;WQMC3;WQNC3;WQSC3,WQHC3,WQLC3;WQMC3;WQNC3;WQSC3,no,
SHLD29A,12,SHIELD,shield,4433,D3,yes,,data/Items.bif,0x001006F0,4F9D973F4B66ACCF44B5C003CDAB49EB07A8CFC42F432ACF3A4D7F0B5EEB151F,78,78,0x5000;0x5001;0x5002;0x5003;0x5010;0x5011;0x5012;0x5013;0x5100;0x5101;0x5102;0x5103;0x5110;0x5111;0x5112;0x5113;0x5200;0x5201;0x5202;0x5210;0x5211;0x5212;0x5300;0x5301;0x5302;0x5303;0x5310;0x5311;0x5312;0x5313;0x6000;0x6001;0x6002;0x6003;0x6004;0x6005;0x6010;0x6011;0x6012;0x6013;0x6014;0x6015;0x6100;0x6101;0x6102;0x6103;0x6104;0x6105;0x6110;0x6111;0x6112;0x6113;0x6114;0x6115;0x6200;0x6201;0x6202;0x6204;0x6205;0x6210;0x6211;0x6212;0x6214;0x6215;0x6300;0x6301;0x6302;0x6303;0x6304;0x6305;0x6310;0x6311;0x6312;0x6313;0x6314;0x6315;0x6500;0x6510,WQHD3;WQLD3;WQMD3;WQND3;WQSD3,WQLD3;WQMD3;WQND3;WQSD3,WQHD3,WQLD3;WQMD3;WQND3;WQSD3,no,
SHLD30,12,SHIELD,shield,4332,C2,yes,,data/Items.bif,0x001006F1,C7BB744F4945E8119092A0B0C2D16ECB9A9FB7D06412699CD2CFA8A17FCFF063,78,78,0x5000;0x5001;0x5002;0x5003;0x5010;0x5011;0x5012;0x5013;0x5100;0x5101;0x5102;0x5103;0x5110;0x5111;0x5112;0x5113;0x5200;0x5201;0x5202;0x5210;0x5211;0x5212;0x5300;0x5301;0x5302;0x5303;0x5310;0x5311;0x5312;0x5313;0x6000;0x6001;0x6002;0x6003;0x6004;0x6005;0x6010;0x6011;0x6012;0x6013;0x6014;0x6015;0x6100;0x6101;0x6102;0x6103;0x6104;0x6105;0x6110;0x6111;0x6112;0x6113;0x6114;0x6115;0x6200;0x6201;0x6202;0x6204;0x6205;0x6210;0x6211;0x6212;0x6214;0x6215;0x6300;0x6301;0x6302;0x6303;0x6304;0x6305;0x6310;0x6311;0x6312;0x6313;0x6314;0x6315;0x6500;0x6510,WQHC2;WQLC2;WQMC2;WQNC2;WQSC2,WQLC2;WQMC2;WQNC2;WQSC2,WQHC2,WQLC2;WQMC2;WQNC2;WQSC2,no,
SHLD30A,12,SHIELD,shield,4434,D4,yes,,data/Items.bif,0x001006F2,A523ECFA5D61739A7989135AC7DE4ADD48C70D0DBB306A9700E12698A77109C0,78,78,0x5000;0x5001;0x5002;0x5003;0x5010;0x5011;0x5012;0x5013;0x5100;0x5101;0x5102;0x5103;0x5110;0x5111;0x5112;0x5113;0x5200;0x5201;0x5202;0x5210;0x5211;0x5212;0x5300;0x5301;0x5302;0x5303;0x5310;0x5311;0x5312;0x5313;0x6000;0x6001;0x6002;0x6003;0x6004;0x6005;0x6010;0x6011;0x6012;0x6013;0x6014;0x6015;0x6100;0x6101;0x6102;0x6103;0x6104;0x6105;0x6110;0x6111;0x6112;0x6113;0x6114;0x6115;0x6200;0x6201;0x6202;0x6204;0x6205;0x6210;0x6211;0x6212;0x6214;0x6215;0x6300;0x6301;0x6302;0x6303;0x6304;0x6305;0x6310;0x6311;0x6312;0x6313;0x6314;0x6315;0x6500;0x6510,WQHD4;WQLD4;WQMD4;WQND4;WQSD4,WQLD4;WQMD4;WQND4;WQSD4,WQHD4,WQLD4;WQMD4;WQND4;WQSD4,no,
SHLD31,12,SHIELD,shield,4336,C6,yes,,data/25Items.bif,0x08400197,1D5FAB81F182E36AAB587F28369D1CFD71EFBBA43FD4B2A4E91CC2862EE251D4,78,78,0x5000;0x5001;0x5002;0x5003;0x5010;0x5011;0x5012;0x5013;0x5100;0x5101;0x5102;0x5103;0x5110;0x5111;0x5112;0x5113;0x5200;0x5201;0x5202;0x5210;0x5211;0x5212;0x5300;0x5301;0x5302;0x5303;0x5310;0x5311;0x5312;0x5313;0x6000;0x6001;0x6002;0x6003;0x6004;0x6005;0x6010;0x6011;0x6012;0x6013;0x6014;0x6015;0x6100;0x6101;0x6102;0x6103;0x6104;0x6105;0x6110;0x6111;0x6112;0x6113;0x6114;0x6115;0x6200;0x6201;0x6202;0x6204;0x6205;0x6210;0x6211;0x6212;0x6214;0x6215;0x6300;0x6301;0x6302;0x6303;0x6304;0x6305;0x6310;0x6311;0x6312;0x6313;0x6314;0x6315;0x6500;0x6510,WQHC6;WQLC6;WQMC6;WQNC6;WQSC6,WQLC6;WQMC6;WQNC6;WQSC6,WQHC6,WQLC6;WQMC6;WQNC6;WQSC6,no,
SHLD31A,12,SHIELD,shield,4434,D4,yes,,data/Items.bif,0x001006F3,6265C5EF940D412087BD6695E82A9CA2A99D7C1848C68C9C202A10ECF1B54156,78,78,0x5000;0x5001;0x5002;0x5003;0x5010;0x5011;0x5012;0x5013;0x5100;0x5101;0x5102;0x5103;0x5110;0x5111;0x5112;0x5113;0x5200;0x5201;0x5202;0x5210;0x5211;0x5212;0x5300;0x5301;0x5302;0x5303;0x5310;0x5311;0x5312;0x5313;0x6000;0x6001;0x6002;0x6003;0x6004;0x6005;0x6010;0x6011;0x6012;0x6013;0x6014;0x6015;0x6100;0x6101;0x6102;0x6103;0x6104;0x6105;0x6110;0x6111;0x6112;0x6113;0x6114;0x6115;0x6200;0x6201;0x6202;0x6204;0x6205;0x6210;0x6211;0x6212;0x6214;0x6215;0x6300;0x6301;0x6302;0x6303;0x6304;0x6305;0x6310;0x6311;0x6312;0x6313;0x6314;0x6315;0x6500;0x6510,WQHD4;WQLD4;WQMD4;WQND4;WQSD4,WQLD4;WQMD4;WQND4;WQSD4,WQHD4,WQLD4;WQMD4;WQND4;WQSD4,no,
SHLD32,12,SHIELD,shield,4333,C3,yes,,data/25Items.bif,0x08400198,4B4D4A98D036561C82BBF7A33B236E405045384C0AFC11B523EB50120A7B9524,78,78,0x5000;0x5001;0x5002;0x5003;0x5010;0x5011;0x5012;0x5013;0x5100;0x5101;0x5102;0x5103;0x5110;0x5111;0x5112;0x5113;0x5200;0x5201;0x5202;0x5210;0x5211;0x5212;0x5300;0x5301;0x5302;0x5303;0x5310;0x5311;0x5312;0x5313;0x6000;0x6001;0x6002;0x6003;0x6004;0x6005;0x6010;0x6011;0x6012;0x6013;0x6014;0x6015;0x6100;0x6101;0x6102;0x6103;0x6104;0x6105;0x6110;0x6111;0x6112;0x6113;0x6114;0x6115;0x6200;0x6201;0x6202;0x6204;0x6205;0x6210;0x6211;0x6212;0x6214;0x6215;0x6300;0x6301;0x6302;0x6303;0x6304;0x6305;0x6310;0x6311;0x6312;0x6313;0x6314;0x6315;0x6500;0x6510,WQHC3;WQLC3;WQMC3;WQNC3;WQSC3,WQLC3;WQMC3;WQNC3;WQSC3,WQHC3,WQLC3;WQMC3;WQNC3;WQSC3,no,
SHLD99,12,SHIELD,shield,4432,D2,yes,,data/Items.bif,0x001006F4,3FABF60BAD3D0706066512F501CC90D160F545013FC06E9E2BDA986E8F4F4758,78,78,0x5000;0x5001;0x5002;0x5003;0x5010;0x5011;0x5012;0x5013;0x5100;0x5101;0x5102;0x5103;0x5110;0x5111;0x5112;0x5113;0x5200;0x5201;0x5202;0x5210;0x5211;0x5212;0x5300;0x5301;0x5302;0x5303;0x5310;0x5311;0x5312;0x5313;0x6000;0x6001;0x6002;0x6003;0x6004;0x6005;0x6010;0x6011;0x6012;0x6013;0x6014;0x6015;0x6100;0x6101;0x6102;0x6103;0x6104;0x6105;0x6110;0x6111;0x6112;0x6113;0x6114;0x6115;0x6200;0x6201;0x6202;0x6204;0x6205;0x6210;0x6211;0x6212;0x6214;0x6215;0x6300;0x6301;0x6302;0x6303;0x6304;0x6305;0x6310;0x6311;0x6312;0x6313;0x6314;0x6315;0x6500;0x6510,WQHD2;WQLD2;WQMD2;WQND2;WQSD2,WQLD2;WQMD2;WQND2;WQSD2,WQHD2,WQLD2;WQMD2;WQND2;WQSD2,no,
SIRINE,28,FIST,weapon,2020,,no,,data/Items.bif,0x001006F5,F55715A261A568EB4CA4395E0D9E17D068FEC1E5B10E8322DE66E6EBC3F32C7F,0,0,,,,,,no,no-compatible-character-family;visual-animation-code-invalid
SIRINE1,0,MISC,,2020,,no,,data/Items.bif,0x001006F6,A3DCF3FFE53352593F9DEA4DC9A263F19843374246A929EADD26E7AE7D22EEA3,0,0,,,,,,no,
SKELCLUB,17,MACE,weapon,434C,CL,yes,,data/Items.bif,0x001006F7,9194E7B7C87F519814FDF51357BF9992C37588CE2BA00F4D2F7F05ACE7A60B9F,78,78,0x5000;0x5001;0x5002;0x5003;0x5010;0x5011;0x5012;0x5013;0x5100;0x5101;0x5102;0x5103;0x5110;0x5111;0x5112;0x5113;0x5200;0x5201;0x5202;0x5210;0x5211;0x5212;0x5300;0x5301;0x5302;0x5303;0x5310;0x5311;0x5312;0x5313;0x6000;0x6001;0x6002;0x6003;0x6004;0x6005;0x6010;0x6011;0x6012;0x6013;0x6014;0x6015;0x6100;0x6101;0x6102;0x6103;0x6104;0x6105;0x6110;0x6111;0x6112;0x6113;0x6114;0x6115;0x6200;0x6201;0x6202;0x6204;0x6205;0x6210;0x6211;0x6212;0x6214;0x6215;0x6300;0x6301;0x6302;0x6303;0x6304;0x6305;0x6310;0x6311;0x6312;0x6313;0x6314;0x6315;0x6500;0x6510,WQLCL;WQMCL;WQNCL;WQSCL,WQLCL;WQMCL;WQNCL;WQSCL,,WQLCL;WQMCL;WQNCL;WQSCL,no,
SKELSHLD,12,SHIELD,shield,4431,D1,yes,,data/Items.bif,0x001006F8,5F7BEA494B4730F1A648DA5DB215035B2767FB6F5CB59681B432E4E0DB32D305,78,78,0x5000;0x5001;0x5002;0x5003;0x5010;0x5011;0x5012;0x5013;0x5100;0x5101;0x5102;0x5103;0x5110;0x5111;0x5112;0x5113;0x5200;0x5201;0x5202;0x5210;0x5211;0x5212;0x5300;0x5301;0x5302;0x5303;0x5310;0x5311;0x5312;0x5313;0x6000;0x6001;0x6002;0x6003;0x6004;0x6005;0x6010;0x6011;0x6012;0x6013;0x6014;0x6015;0x6100;0x6101;0x6102;0x6103;0x6104;0x6105;0x6110;0x6111;0x6112;0x6113;0x6114;0x6115;0x6200;0x6201;0x6202;0x6204;0x6205;0x6210;0x6211;0x6212;0x6214;0x6215;0x6300;0x6301;0x6302;0x6303;0x6304;0x6305;0x6310;0x6311;0x6312;0x6313;0x6314;0x6315;0x6500;0x6510,WQHD1;WQLD1;WQMD1;WQND1;WQSD1,WQLD1;WQMD1;WQND1;WQSD1,WQHD1,WQLD1;WQMD1;WQND1;WQSD1,no,
SKELWASU,20,BGSWORD,weapon,5332,S2,yes,,data/Items.bif,0x001006F9,6105DC341F2CF4C7DD1336172EAFCB261958FFDC64EB6138EC1BB584A1FB370D,78,78,0x5000;0x5001;0x5002;0x5003;0x5010;0x5011;0x5012;0x5013;0x5100;0x5101;0x5102;0x5103;0x5110;0x5111;0x5112;0x5113;0x5200;0x5201;0x5202;0x5210;0x5211;0x5212;0x5300;0x5301;0x5302;0x5303;0x5310;0x5311;0x5312;0x5313;0x6000;0x6001;0x6002;0x6003;0x6004;0x6005;0x6010;0x6011;0x6012;0x6013;0x6014;0x6015;0x6100;0x6101;0x6102;0x6103;0x6104;0x6105;0x6110;0x6111;0x6112;0x6113;0x6114;0x6115;0x6200;0x6201;0x6202;0x6204;0x6205;0x6210;0x6211;0x6212;0x6214;0x6215;0x6300;0x6301;0x6302;0x6303;0x6304;0x6305;0x6310;0x6311;0x6312;0x6313;0x6314;0x6315;0x6500;0x6510,WQLS2;WQMS2;WQNS2;WQSS2,WQLS2;WQMS2;WQNS2;WQSS2,,WQLS2;WQMS2;WQNS2;WQSS2,no,
SLAYERW1,0,MISC,,2020,,no,,data/patch13.bif,0x0BC0007D,2FA79F4258873EDC0BDD8AFD98C01EA21576E3E478B0763D91F637DCC3E0416B,0,0,,,,,,no,
SLAYERW2,0,MISC,,2020,,no,,data/patch13.bif,0x0BC0007E,0FB9E0C0D43DE168977B320FDC71C6F34BE9F2938852A46A24E5841791FC3D92,0,0,,,,,,no,
SLAYERW3,0,MISC,,2020,,no,,data/patch13.bif,0x0BC0007F,3C18224BDD3E412EAD8CB962B4490FF2A707DCC663AB3A193ADC73FB62E96135,0,0,,,,,,no,
SLAYERW4,0,MISC,,2020,,no,,data/patch13.bif,0x0BC00080,E29BAE2FBEFB654DBB1DF4F1010482FB52CB6763C6229394914053341952CBE4,0,0,,,,,,no,
SLAYERWP,0,MISC,,2020,,no,,data/Items.bif,0x001006FA,926467BCAD3B0CEA4BCD6AFADD562BBE00D73E612C0317815FF6056447363749,0,0,,,,,,no,
SLAYLIVE,28,FIST,weapon,2020,,no,,data/Items.bif,0x001006FB,92DB7D36DDE42E9A17275017775B1CA035B68E649C308687757D0BEAA1DA3B8C,0,0,,,,,,no,no-compatible-character-family;visual-animation-code-invalid
SLAYSH01,0,MISC,,2020,,no,,data/25Items.bif,0x08400199,FC1826C1297D6F40299F887C26BFE50041CD05064C5BF0FB12D0467D10E929FE,0,0,,,,,,no,
SLEEP,1,AMULET,,2020,,no,,data/Items.bif,0x001006FC,1311D507675BF29AB3D185BCA05AC1864DC07AC4BCA68CC4CF50E31B76E654FF,0,0,,,,,,no,
SLIMED1,1,AMULET,,2020,,no,,data/Items.bif,0x001006FD,066BA9F1E4F5F39C056EA5AD059C64ABD3660E951A51E2CEF9F6AE782E1A47AD,0,0,,,,,,no,
SLIMED2,0,MISC,,2020,,no,,data/Items.bif,0x001006FE,4FC5C44A6D65FAD56FA2953D416216115CE7D0A77DFD232922AFD196E18D90B0,0,0,,,,,,no,
SLNG01,18,SLING,weapon,534C,SL,yes,,data/Items.bif,0x001006FF,EC2CE1D6856E84E4E9B79568845E58656452329E39990F39111E3CB4C229E4DA,78,78,0x5000;0x5001;0x5002;0x5003;0x5010;0x5011;0x5012;0x5013;0x5100;0x5101;0x5102;0x5103;0x5110;0x5111;0x5112;0x5113;0x5200;0x5201;0x5202;0x5210;0x5211;0x5212;0x5300;0x5301;0x5302;0x5303;0x5310;0x5311;0x5312;0x5313;0x6000;0x6001;0x6002;0x6003;0x6004;0x6005;0x6010;0x6011;0x6012;0x6013;0x6014;0x6015;0x6100;0x6101;0x6102;0x6103;0x6104;0x6105;0x6110;0x6111;0x6112;0x6113;0x6114;0x6115;0x6200;0x6201;0x6202;0x6204;0x6205;0x6210;0x6211;0x6212;0x6214;0x6215;0x6300;0x6301;0x6302;0x6303;0x6304;0x6305;0x6310;0x6311;0x6312;0x6313;0x6314;0x6315;0x6500;0x6510,WQLSL;WQMSL;WQNSL;WQSSL,WQLSL;WQMSL;WQNSL;WQSSL,,WQLSL;WQMSL;WQNSL;WQSSL,no,
SLNG02,18,SLING,weapon,534C,SL,yes,,data/Items.bif,0x00100700,988A93AAEF33FBC044E13D087644A6F8F2BB1CB416416AAF21C01D96EF60F370,78,78,0x5000;0x5001;0x5002;0x5003;0x5010;0x5011;0x5012;0x5013;0x5100;0x5101;0x5102;0x5103;0x5110;0x5111;0x5112;0x5113;0x5200;0x5201;0x5202;0x5210;0x5211;0x5212;0x5300;0x5301;0x5302;0x5303;0x5310;0x5311;0x5312;0x5313;0x6000;0x6001;0x6002;0x6003;0x6004;0x6005;0x6010;0x6011;0x6012;0x6013;0x6014;0x6015;0x6100;0x6101;0x6102;0x6103;0x6104;0x6105;0x6110;0x6111;0x6112;0x6113;0x6114;0x6115;0x6200;0x6201;0x6202;0x6204;0x6205;0x6210;0x6211;0x6212;0x6214;0x6215;0x6300;0x6301;0x6302;0x6303;0x6304;0x6305;0x6310;0x6311;0x6312;0x6313;0x6314;0x6315;0x6500;0x6510,WQLSL;WQMSL;WQNSL;WQSSL,WQLSL;WQMSL;WQNSL;WQSSL,,WQLSL;WQMSL;WQNSL;WQSSL,no,
SLNG03,18,SLING,weapon,534C,SL,yes,,data/Items.bif,0x00100701,B0782DFF3B20ADA928AE2F3073E440960B3945073EDD59F0312B55A94A809780,78,78,0x5000;0x5001;0x5002;0x5003;0x5010;0x5011;0x5012;0x5013;0x5100;0x5101;0x5102;0x5103;0x5110;0x5111;0x5112;0x5113;0x5200;0x5201;0x5202;0x5210;0x5211;0x5212;0x5300;0x5301;0x5302;0x5303;0x5310;0x5311;0x5312;0x5313;0x6000;0x6001;0x6002;0x6003;0x6004;0x6005;0x6010;0x6011;0x6012;0x6013;0x6014;0x6015;0x6100;0x6101;0x6102;0x6103;0x6104;0x6105;0x6110;0x6111;0x6112;0x6113;0x6114;0x6115;0x6200;0x6201;0x6202;0x6204;0x6205;0x6210;0x6211;0x6212;0x6214;0x6215;0x6300;0x6301;0x6302;0x6303;0x6304;0x6305;0x6310;0x6311;0x6312;0x6313;0x6314;0x6315;0x6500;0x6510,WQLSL;WQMSL;WQNSL;WQSSL,WQLSL;WQMSL;WQNSL;WQSSL,,WQLSL;WQMSL;WQNSL;WQSSL,no,
SLNG04,18,SLING,weapon,534C,SL,yes,,data/Items.bif,0x00100702,4A4C7CFDD5A8CABCB2559919EEF6BC7292E3153662CF5D3F0C77D09C6C9729A3,78,78,0x5000;0x5001;0x5002;0x5003;0x5010;0x5011;0x5012;0x5013;0x5100;0x5101;0x5102;0x5103;0x5110;0x5111;0x5112;0x5113;0x5200;0x5201;0x5202;0x5210;0x5211;0x5212;0x5300;0x5301;0x5302;0x5303;0x5310;0x5311;0x5312;0x5313;0x6000;0x6001;0x6002;0x6003;0x6004;0x6005;0x6010;0x6011;0x6012;0x6013;0x6014;0x6015;0x6100;0x6101;0x6102;0x6103;0x6104;0x6105;0x6110;0x6111;0x6112;0x6113;0x6114;0x6115;0x6200;0x6201;0x6202;0x6204;0x6205;0x6210;0x6211;0x6212;0x6214;0x6215;0x6300;0x6301;0x6302;0x6303;0x6304;0x6305;0x6310;0x6311;0x6312;0x6313;0x6314;0x6315;0x6500;0x6510,WQLSL;WQMSL;WQNSL;WQSSL,WQLSL;WQMSL;WQNSL;WQSSL,,WQLSL;WQMSL;WQNSL;WQSSL,no,
SLNG05,18,SLING,weapon,534C,SL,yes,,data/Items.bif,0x00100703,8CC97A63CD92947D33D2A971D3B159E912FE984C9F5E18A51E42EC201D4D4E73,78,78,0x5000;0x5001;0x5002;0x5003;0x5010;0x5011;0x5012;0x5013;0x5100;0x5101;0x5102;0x5103;0x5110;0x5111;0x5112;0x5113;0x5200;0x5201;0x5202;0x5210;0x5211;0x5212;0x5300;0x5301;0x5302;0x5303;0x5310;0x5311;0x5312;0x5313;0x6000;0x6001;0x6002;0x6003;0x6004;0x6005;0x6010;0x6011;0x6012;0x6013;0x6014;0x6015;0x6100;0x6101;0x6102;0x6103;0x6104;0x6105;0x6110;0x6111;0x6112;0x6113;0x6114;0x6115;0x6200;0x6201;0x6202;0x6204;0x6205;0x6210;0x6211;0x6212;0x6214;0x6215;0x6300;0x6301;0x6302;0x6303;0x6304;0x6305;0x6310;0x6311;0x6312;0x6313;0x6314;0x6315;0x6500;0x6510,WQLSL;WQMSL;WQNSL;WQSSL,WQLSL;WQMSL;WQNSL;WQSSL,,WQLSL;WQMSL;WQNSL;WQSSL,no,
SLNG06,18,SLING,weapon,534C,SL,yes,,data/Items.bif,0x00100704,A2EAF0D3118986C70C65C9C37300AB0C6000159998E86F02ACFE1EA81C4FD767,78,78,0x5000;0x5001;0x5002;0x5003;0x5010;0x5011;0x5012;0x5013;0x5100;0x5101;0x5102;0x5103;0x5110;0x5111;0x5112;0x5113;0x5200;0x5201;0x5202;0x5210;0x5211;0x5212;0x5300;0x5301;0x5302;0x5303;0x5310;0x5311;0x5312;0x5313;0x6000;0x6001;0x6002;0x6003;0x6004;0x6005;0x6010;0x6011;0x6012;0x6013;0x6014;0x6015;0x6100;0x6101;0x6102;0x6103;0x6104;0x6105;0x6110;0x6111;0x6112;0x6113;0x6114;0x6115;0x6200;0x6201;0x6202;0x6204;0x6205;0x6210;0x6211;0x6212;0x6214;0x6215;0x6300;0x6301;0x6302;0x6303;0x6304;0x6305;0x6310;0x6311;0x6312;0x6313;0x6314;0x6315;0x6500;0x6510,WQLSL;WQMSL;WQNSL;WQSSL,WQLSL;WQMSL;WQNSL;WQSSL,,WQLSL;WQMSL;WQNSL;WQSSL,no,
SLNG07,18,SLING,weapon,534C,SL,yes,,data/Items.bif,0x00100705,D6D35CE57068D389B65F517EFAEAED79475204EA2B07E69E38F7348BA55042FA,78,78,0x5000;0x5001;0x5002;0x5003;0x5010;0x5011;0x5012;0x5013;0x5100;0x5101;0x5102;0x5103;0x5110;0x5111;0x5112;0x5113;0x5200;0x5201;0x5202;0x5210;0x5211;0x5212;0x5300;0x5301;0x5302;0x5303;0x5310;0x5311;0x5312;0x5313;0x6000;0x6001;0x6002;0x6003;0x6004;0x6005;0x6010;0x6011;0x6012;0x6013;0x6014;0x6015;0x6100;0x6101;0x6102;0x6103;0x6104;0x6105;0x6110;0x6111;0x6112;0x6113;0x6114;0x6115;0x6200;0x6201;0x6202;0x6204;0x6205;0x6210;0x6211;0x6212;0x6214;0x6215;0x6300;0x6301;0x6302;0x6303;0x6304;0x6305;0x6310;0x6311;0x6312;0x6313;0x6314;0x6315;0x6500;0x6510,WQLSL;WQMSL;WQNSL;WQSSL,WQLSL;WQMSL;WQNSL;WQSSL,,WQLSL;WQMSL;WQNSL;WQSSL,no,
SLNG08,18,SLING,weapon,534C,SL,yes,,data/25Items.bif,0x0840019A,DDCE924E4889C254A5E9528285BA65CDB905144FB19A540C6B2B5D885469B403,78,78,0x5000;0x5001;0x5002;0x5003;0x5010;0x5011;0x5012;0x5013;0x5100;0x5101;0x5102;0x5103;0x5110;0x5111;0x5112;0x5113;0x5200;0x5201;0x5202;0x5210;0x5211;0x5212;0x5300;0x5301;0x5302;0x5303;0x5310;0x5311;0x5312;0x5313;0x6000;0x6001;0x6002;0x6003;0x6004;0x6005;0x6010;0x6011;0x6012;0x6013;0x6014;0x6015;0x6100;0x6101;0x6102;0x6103;0x6104;0x6105;0x6110;0x6111;0x6112;0x6113;0x6114;0x6115;0x6200;0x6201;0x6202;0x6204;0x6205;0x6210;0x6211;0x6212;0x6214;0x6215;0x6300;0x6301;0x6302;0x6303;0x6304;0x6305;0x6310;0x6311;0x6312;0x6313;0x6314;0x6315;0x6500;0x6510,WQLSL;WQMSL;WQNSL;WQSSL,WQLSL;WQMSL;WQNSL;WQSSL,,WQLSL;WQMSL;WQNSL;WQSSL,no,
SLNG09,18,SLING,weapon,534C,SL,yes,,data/25Items.bif,0x0840019B,042007E1912BFD057DAE4FE453D5D75D0A907E0591DCAFBC80C28A5E45E6647E,78,78,0x5000;0x5001;0x5002;0x5003;0x5010;0x5011;0x5012;0x5013;0x5100;0x5101;0x5102;0x5103;0x5110;0x5111;0x5112;0x5113;0x5200;0x5201;0x5202;0x5210;0x5211;0x5212;0x5300;0x5301;0x5302;0x5303;0x5310;0x5311;0x5312;0x5313;0x6000;0x6001;0x6002;0x6003;0x6004;0x6005;0x6010;0x6011;0x6012;0x6013;0x6014;0x6015;0x6100;0x6101;0x6102;0x6103;0x6104;0x6105;0x6110;0x6111;0x6112;0x6113;0x6114;0x6115;0x6200;0x6201;0x6202;0x6204;0x6205;0x6210;0x6211;0x6212;0x6214;0x6215;0x6300;0x6301;0x6302;0x6303;0x6304;0x6305;0x6310;0x6311;0x6312;0x6313;0x6314;0x6315;0x6500;0x6510,WQLSL;WQMSL;WQNSL;WQSSL,WQLSL;WQMSL;WQNSL;WQSSL,,WQLSL;WQMSL;WQNSL;WQSSL,no,
SLNG10,18,SLING,weapon,534C,SL,yes,,data/25Items.bif,0x0840019C,93871BDF9631DA9A7DA8C42B19933E8312E02ECB239BFFDA9E839625A6AB96F7,78,78,0x5000;0x5001;0x5002;0x5003;0x5010;0x5011;0x5012;0x5013;0x5100;0x5101;0x5102;0x5103;0x5110;0x5111;0x5112;0x5113;0x5200;0x5201;0x5202;0x5210;0x5211;0x5212;0x5300;0x5301;0x5302;0x5303;0x5310;0x5311;0x5312;0x5313;0x6000;0x6001;0x6002;0x6003;0x6004;0x6005;0x6010;0x6011;0x6012;0x6013;0x6014;0x6015;0x6100;0x6101;0x6102;0x6103;0x6104;0x6105;0x6110;0x6111;0x6112;0x6113;0x6114;0x6115;0x6200;0x6201;0x6202;0x6204;0x6205;0x6210;0x6211;0x6212;0x6214;0x6215;0x6300;0x6301;0x6302;0x6303;0x6304;0x6305;0x6310;0x6311;0x6312;0x6313;0x6314;0x6315;0x6500;0x6510,WQLSL;WQMSL;WQNSL;WQSSL,WQLSL;WQMSL;WQNSL;WQSSL,,WQLSL;WQMSL;WQNSL;WQSSL,no,
SNAKSPIR,28,FIST,weapon,4836,H6,yes,,data/Items.bif,0x00100706,7FDC9292B13C73D7D70807AD267FE3FD4CF1DA17C6FB441B352E895C288842B2,78,78,0x5000;0x5001;0x5002;0x5003;0x5010;0x5011;0x5012;0x5013;0x5100;0x5101;0x5102;0x5103;0x5110;0x5111;0x5112;0x5113;0x5200;0x5201;0x5202;0x5210;0x5211;0x5212;0x5300;0x5301;0x5302;0x5303;0x5310;0x5311;0x5312;0x5313;0x6000;0x6001;0x6002;0x6003;0x6004;0x6005;0x6010;0x6011;0x6012;0x6013;0x6014;0x6015;0x6100;0x6101;0x6102;0x6103;0x6104;0x6105;0x6110;0x6111;0x6112;0x6113;0x6114;0x6115;0x6200;0x6201;0x6202;0x6204;0x6205;0x6210;0x6211;0x6212;0x6214;0x6215;0x6300;0x6301;0x6302;0x6303;0x6304;0x6305;0x6310;0x6311;0x6312;0x6313;0x6314;0x6315;0x6500;0x6510,WQLH6;WQMH6;WQNH6;WQSH6,WQLH6;WQMH6;WQNH6;WQSH6,,WQLH6;WQMH6;WQNH6;WQSH6,no,
SORB,24,DART,weapon,2020,,no,,data/Items.bif,0x00100707,F0BC4A672B9888EEEF086BB7BBF1B030CE66BD7F87C7407673CFBE679837B9EB,0,0,,,,,,no,no-compatible-character-family;visual-animation-code-invalid
SOUND2MN,4,BOOT,,2020,,no,,data/Items.bif,0x00100708,5D5F4EE5157FA7F2C1B4636EC4D9B5C49E30EE6C7E7593E801724D9DFD2DD6CE,0,0,,,,,,no,
SPBATT1,28,FIST,weapon,4836,H6,yes,,data/patch13.bif,0x0BC00081,FDE6667A0694B0D6F40B164CEDBF868AB264BC4204D80426980AE37B53EF97C0,78,78,0x5000;0x5001;0x5002;0x5003;0x5010;0x5011;0x5012;0x5013;0x5100;0x5101;0x5102;0x5103;0x5110;0x5111;0x5112;0x5113;0x5200;0x5201;0x5202;0x5210;0x5211;0x5212;0x5300;0x5301;0x5302;0x5303;0x5310;0x5311;0x5312;0x5313;0x6000;0x6001;0x6002;0x6003;0x6004;0x6005;0x6010;0x6011;0x6012;0x6013;0x6014;0x6015;0x6100;0x6101;0x6102;0x6103;0x6104;0x6105;0x6110;0x6111;0x6112;0x6113;0x6114;0x6115;0x6200;0x6201;0x6202;0x6204;0x6205;0x6210;0x6211;0x6212;0x6214;0x6215;0x6300;0x6301;0x6302;0x6303;0x6304;0x6305;0x6310;0x6311;0x6312;0x6313;0x6314;0x6315;0x6500;0x6510,WQLH6;WQMH6;WQNH6;WQSH6,WQLH6;WQMH6;WQNH6;WQSH6,,WQLH6;WQMH6;WQNH6;WQSH6,no,
SPBATT2,28,FIST,weapon,4836,H6,yes,,data/patch13.bif,0x0BC00082,19438DE24DD1E54D1F8B1D3645DA74BF355BD4BD294E4F947BEECA8A7316FF8F,78,78,0x5000;0x5001;0x5002;0x5003;0x5010;0x5011;0x5012;0x5013;0x5100;0x5101;0x5102;0x5103;0x5110;0x5111;0x5112;0x5113;0x5200;0x5201;0x5202;0x5210;0x5211;0x5212;0x5300;0x5301;0x5302;0x5303;0x5310;0x5311;0x5312;0x5313;0x6000;0x6001;0x6002;0x6003;0x6004;0x6005;0x6010;0x6011;0x6012;0x6013;0x6014;0x6015;0x6100;0x6101;0x6102;0x6103;0x6104;0x6105;0x6110;0x6111;0x6112;0x6113;0x6114;0x6115;0x6200;0x6201;0x6202;0x6204;0x6205;0x6210;0x6211;0x6212;0x6214;0x6215;0x6300;0x6301;0x6302;0x6303;0x6304;0x6305;0x6310;0x6311;0x6312;0x6313;0x6314;0x6315;0x6500;0x6510,WQLH6;WQMH6;WQNH6;WQSH6,WQLH6;WQMH6;WQNH6;WQSH6,,WQLH6;WQMH6;WQNH6;WQSH6,no,
SPBATT3,28,FIST,weapon,4836,H6,yes,,data/patch13.bif,0x0BC00083,78AB00813EC01C1FAF6D9D7F7FEB45B988E5F7E6804BB454FF7C0AEF1507A190,78,78,0x5000;0x5001;0x5002;0x5003;0x5010;0x5011;0x5012;0x5013;0x5100;0x5101;0x5102;0x5103;0x5110;0x5111;0x5112;0x5113;0x5200;0x5201;0x5202;0x5210;0x5211;0x5212;0x5300;0x5301;0x5302;0x5303;0x5310;0x5311;0x5312;0x5313;0x6000;0x6001;0x6002;0x6003;0x6004;0x6005;0x6010;0x6011;0x6012;0x6013;0x6014;0x6015;0x6100;0x6101;0x6102;0x6103;0x6104;0x6105;0x6110;0x6111;0x6112;0x6113;0x6114;0x6115;0x6200;0x6201;0x6202;0x6204;0x6205;0x6210;0x6211;0x6212;0x6214;0x6215;0x6300;0x6301;0x6302;0x6303;0x6304;0x6305;0x6310;0x6311;0x6312;0x6313;0x6314;0x6315;0x6500;0x6510,WQLH6;WQMH6;WQNH6;WQSH6,WQLH6;WQMH6;WQNH6;WQSH6,,WQLH6;WQMH6;WQNH6;WQSH6,no,
SPBATT4,28,FIST,weapon,4836,H6,yes,,data/patch13.bif,0x0BC00084,C1EC8D02EAE73F9B9B5FC6D5022F85AB4454296375F7D030A014110C73A36612,78,78,0x5000;0x5001;0x5002;0x5003;0x5010;0x5011;0x5012;0x5013;0x5100;0x5101;0x5102;0x5103;0x5110;0x5111;0x5112;0x5113;0x5200;0x5201;0x5202;0x5210;0x5211;0x5212;0x5300;0x5301;0x5302;0x5303;0x5310;0x5311;0x5312;0x5313;0x6000;0x6001;0x6002;0x6003;0x6004;0x6005;0x6010;0x6011;0x6012;0x6013;0x6014;0x6015;0x6100;0x6101;0x6102;0x6103;0x6104;0x6105;0x6110;0x6111;0x6112;0x6113;0x6114;0x6115;0x6200;0x6201;0x6202;0x6204;0x6205;0x6210;0x6211;0x6212;0x6214;0x6215;0x6300;0x6301;0x6302;0x6303;0x6304;0x6305;0x6310;0x6311;0x6312;0x6313;0x6314;0x6315;0x6500;0x6510,WQLH6;WQMH6;WQNH6;WQSH6,WQLH6;WQMH6;WQNH6;WQSH6,,WQLH6;WQMH6;WQNH6;WQSH6,no,
SPBATT5,28,FIST,weapon,4836,H6,yes,,data/patch13.bif,0x0BC00085,13EFFDCED27AD4096E095FCFF234592C41A7F8DA2AFB0A1B1F9DD51E77DD4EF2,78,78,0x5000;0x5001;0x5002;0x5003;0x5010;0x5011;0x5012;0x5013;0x5100;0x5101;0x5102;0x5103;0x5110;0x5111;0x5112;0x5113;0x5200;0x5201;0x5202;0x5210;0x5211;0x5212;0x5300;0x5301;0x5302;0x5303;0x5310;0x5311;0x5312;0x5313;0x6000;0x6001;0x6002;0x6003;0x6004;0x6005;0x6010;0x6011;0x6012;0x6013;0x6014;0x6015;0x6100;0x6101;0x6102;0x6103;0x6104;0x6105;0x6110;0x6111;0x6112;0x6113;0x6114;0x6115;0x6200;0x6201;0x6202;0x6204;0x6205;0x6210;0x6211;0x6212;0x6214;0x6215;0x6300;0x6301;0x6302;0x6303;0x6304;0x6305;0x6310;0x6311;0x6312;0x6313;0x6314;0x6315;0x6500;0x6510,WQLH6;WQMH6;WQNH6;WQSH6,WQLH6;WQMH6;WQNH6;WQSH6,,WQLH6;WQMH6;WQNH6;WQSH6,no,
SPCL238,28,FIST,weapon,2020,,no,,data/Items.bif,0x00100709,C6F95AE2307BDDE210C3F8303F6D9003AEB19D9B5BF71928A4607FFD4CD2373E,0,0,,,,,,no,no-compatible-character-family;visual-animation-code-invalid
SPCL2381,28,FIST,weapon,2020,,no,,data/Items.bif,0x0010070A,1C1A97CD6EA6F81CAC51DC2B6534AE5772549826AFBEA3458D2A28656B9C8C8F,0,0,,,,,,no,no-compatible-character-family;visual-animation-code-invalid
SPCL2382,28,FIST,weapon,2020,,no,,data/Items.bif,0x0010070B,2464D79C040357431ED9EAA4E5338979B7685772A111A802849E006FFACA70FF,0,0,,,,,,no,no-compatible-character-family;visual-animation-code-invalid
SPCL2383,28,FIST,weapon,2020,,no,,data/Items.bif,0x0010070C,755C14147B6CC1F39E5EF520D20A27366EEC01F04280858921DCBF4B8B23227D,0,0,,,,,,no,no-compatible-character-family;visual-animation-code-invalid
SPCL2384,28,FIST,weapon,2020,,no,,data/Items.bif,0x0010070D,EDBC6C077D76CA84FA23C84DDCC6BEC73D162862C3667C7136392C5C3A1B0435,0,0,,,,,,no,no-compatible-character-family;visual-animation-code-invalid
SPCL2385,28,FIST,weapon,2020,,no,,data/Items.bif,0x0010070E,089FA8698B6DCFE309B814F5063D8A28152AA25FDE5B3CE863827D1ABEC9F004,0,0,,,,,,no,no-compatible-character-family;visual-animation-code-invalid
SPCL2386,28,FIST,weapon,2020,,no,,data/Items.bif,0x0010070F,27969383F209E427EA221D230282594D1819416A9022599D1B331D84A0DD6E3E,0,0,,,,,,no,no-compatible-character-family;visual-animation-code-invalid
SPCL2387,28,FIST,weapon,2020,,no,,data/Items.bif,0x00100710,54F3EA11367EDCF9C30CE6DFCA156508644305589F0FD81857C9FDCDB3680650,0,0,,,,,,no,no-compatible-character-family;visual-animation-code-invalid
SPCL2388,28,FIST,weapon,2020,,no,,data/Items.bif,0x00100711,BBE49D54692E1F98B35EECC272A32AECAF54B35C827B41E59D27A6FCA2CF2350,0,0,,,,,,no,no-compatible-character-family;visual-animation-code-invalid
SPEC01,1,AMULET,,2020,,no,,data/Items.bif,0x00100712,FDDC31CC7B867B58FC6F243085CD280E58CF4AFF2C8F3E4CD73A71A9F44BC792,0,0,,,,,,no,
SPEC02,10,RING,,2020,,no,,data/Items.bif,0x00100713,06EF06AEF30655F4DFA14F97A6D907F3D09F986B2CB4A0E1F7D1CDA2448B2068,0,0,,,,,,no,
SPECTR,0,MISC,,2020,,no,,data/Items.bif,0x00100714,AFD0E96757064DCCF3438F33541C8D595D9B90D081335914152D01291B41AD77,0,0,,,,,,no,
SPELLH01,0,MISC,,2020,,no,,data/25Items.bif,0x0840019D,7C4DBC25A9BB99D732B4E562CFAD358B4AF909910A0FE6CE339E50F907F3DB6A,0,0,,,,,,no,
SPER01,29,SPEAR,weapon,5350,SP,yes,,data/Items.bif,0x00100715,A71C699198C27B15F7AA202F281F8A70EF5B34A40EADB8EEB7E4FB7F46170CEF,78,78,0x5000;0x5001;0x5002;0x5003;0x5010;0x5011;0x5012;0x5013;0x5100;0x5101;0x5102;0x5103;0x5110;0x5111;0x5112;0x5113;0x5200;0x5201;0x5202;0x5210;0x5211;0x5212;0x5300;0x5301;0x5302;0x5303;0x5310;0x5311;0x5312;0x5313;0x6000;0x6001;0x6002;0x6003;0x6004;0x6005;0x6010;0x6011;0x6012;0x6013;0x6014;0x6015;0x6100;0x6101;0x6102;0x6103;0x6104;0x6105;0x6110;0x6111;0x6112;0x6113;0x6114;0x6115;0x6200;0x6201;0x6202;0x6204;0x6205;0x6210;0x6211;0x6212;0x6214;0x6215;0x6300;0x6301;0x6302;0x6303;0x6304;0x6305;0x6310;0x6311;0x6312;0x6313;0x6314;0x6315;0x6500;0x6510,WQLSP;WQMSP;WQNSP;WQSSP,WQLSP;WQMSP;WQNSP;WQSSP,,WQLSP;WQMSP;WQNSP;WQSSP,no,
SPER02,29,SPEAR,weapon,5350,SP,yes,,data/Items.bif,0x00100716,D9378879652330D40F6792F773AE4C4B3B154D719215AE09A767CFE2FF1747ED,78,78,0x5000;0x5001;0x5002;0x5003;0x5010;0x5011;0x5012;0x5013;0x5100;0x5101;0x5102;0x5103;0x5110;0x5111;0x5112;0x5113;0x5200;0x5201;0x5202;0x5210;0x5211;0x5212;0x5300;0x5301;0x5302;0x5303;0x5310;0x5311;0x5312;0x5313;0x6000;0x6001;0x6002;0x6003;0x6004;0x6005;0x6010;0x6011;0x6012;0x6013;0x6014;0x6015;0x6100;0x6101;0x6102;0x6103;0x6104;0x6105;0x6110;0x6111;0x6112;0x6113;0x6114;0x6115;0x6200;0x6201;0x6202;0x6204;0x6205;0x6210;0x6211;0x6212;0x6214;0x6215;0x6300;0x6301;0x6302;0x6303;0x6304;0x6305;0x6310;0x6311;0x6312;0x6313;0x6314;0x6315;0x6500;0x6510,WQLSP;WQMSP;WQNSP;WQSSP,WQLSP;WQMSP;WQNSP;WQSSP,,WQLSP;WQMSP;WQNSP;WQSSP,no,
SPER03,29,SPEAR,weapon,5350,SP,yes,,data/Items.bif,0x00100717,2DCFB1E27DCD9D1D0C0963C6F91951ACAC5345565B362DB383EBC1089DEBF8D7,78,78,0x5000;0x5001;0x5002;0x5003;0x5010;0x5011;0x5012;0x5013;0x5100;0x5101;0x5102;0x5103;0x5110;0x5111;0x5112;0x5113;0x5200;0x5201;0x5202;0x5210;0x5211;0x5212;0x5300;0x5301;0x5302;0x5303;0x5310;0x5311;0x5312;0x5313;0x6000;0x6001;0x6002;0x6003;0x6004;0x6005;0x6010;0x6011;0x6012;0x6013;0x6014;0x6015;0x6100;0x6101;0x6102;0x6103;0x6104;0x6105;0x6110;0x6111;0x6112;0x6113;0x6114;0x6115;0x6200;0x6201;0x6202;0x6204;0x6205;0x6210;0x6211;0x6212;0x6214;0x6215;0x6300;0x6301;0x6302;0x6303;0x6304;0x6305;0x6310;0x6311;0x6312;0x6313;0x6314;0x6315;0x6500;0x6510,WQLSP;WQMSP;WQNSP;WQSSP,WQLSP;WQMSP;WQNSP;WQSSP,,WQLSP;WQMSP;WQNSP;WQSSP,no,
SPER04,29,SPEAR,weapon,5350,SP,yes,,data/Items.bif,0x00100718,177CE13024B1682E59D76D89FC70DCB25C9AA9FADD4EB1DE14439077C0F8F94D,78,78,0x5000;0x5001;0x5002;0x5003;0x5010;0x5011;0x5012;0x5013;0x5100;0x5101;0x5102;0x5103;0x5110;0x5111;0x5112;0x5113;0x5200;0x5201;0x5202;0x5210;0x5211;0x5212;0x5300;0x5301;0x5302;0x5303;0x5310;0x5311;0x5312;0x5313;0x6000;0x6001;0x6002;0x6003;0x6004;0x6005;0x6010;0x6011;0x6012;0x6013;0x6014;0x6015;0x6100;0x6101;0x6102;0x6103;0x6104;0x6105;0x6110;0x6111;0x6112;0x6113;0x6114;0x6115;0x6200;0x6201;0x6202;0x6204;0x6205;0x6210;0x6211;0x6212;0x6214;0x6215;0x6300;0x6301;0x6302;0x6303;0x6304;0x6305;0x6310;0x6311;0x6312;0x6313;0x6314;0x6315;0x6500;0x6510,WQLSP;WQMSP;WQNSP;WQSSP,WQLSP;WQMSP;WQNSP;WQSSP,,WQLSP;WQMSP;WQNSP;WQSSP,no,
SPER05,29,SPEAR,weapon,5350,SP,yes,,data/Items.bif,0x00100719,FE9833AE72DB4386EF8041A996CBE1AD34EE3C8DD3716BE3FFA1882948A86F7B,78,78,0x5000;0x5001;0x5002;0x5003;0x5010;0x5011;0x5012;0x5013;0x5100;0x5101;0x5102;0x5103;0x5110;0x5111;0x5112;0x5113;0x5200;0x5201;0x5202;0x5210;0x5211;0x5212;0x5300;0x5301;0x5302;0x5303;0x5310;0x5311;0x5312;0x5313;0x6000;0x6001;0x6002;0x6003;0x6004;0x6005;0x6010;0x6011;0x6012;0x6013;0x6014;0x6015;0x6100;0x6101;0x6102;0x6103;0x6104;0x6105;0x6110;0x6111;0x6112;0x6113;0x6114;0x6115;0x6200;0x6201;0x6202;0x6204;0x6205;0x6210;0x6211;0x6212;0x6214;0x6215;0x6300;0x6301;0x6302;0x6303;0x6304;0x6305;0x6310;0x6311;0x6312;0x6313;0x6314;0x6315;0x6500;0x6510,WQLSP;WQMSP;WQNSP;WQSSP,WQLSP;WQMSP;WQNSP;WQSSP,,WQLSP;WQMSP;WQNSP;WQSSP,no,
SPER06,29,SPEAR,weapon,5350,SP,yes,,data/Items.bif,0x0010071A,C6B0BF8198193DA595F1C29C748E25D599BA69A88572CB34C9DD1750CF86E14B,78,78,0x5000;0x5001;0x5002;0x5003;0x5010;0x5011;0x5012;0x5013;0x5100;0x5101;0x5102;0x5103;0x5110;0x5111;0x5112;0x5113;0x5200;0x5201;0x5202;0x5210;0x5211;0x5212;0x5300;0x5301;0x5302;0x5303;0x5310;0x5311;0x5312;0x5313;0x6000;0x6001;0x6002;0x6003;0x6004;0x6005;0x6010;0x6011;0x6012;0x6013;0x6014;0x6015;0x6100;0x6101;0x6102;0x6103;0x6104;0x6105;0x6110;0x6111;0x6112;0x6113;0x6114;0x6115;0x6200;0x6201;0x6202;0x6204;0x6205;0x6210;0x6211;0x6212;0x6214;0x6215;0x6300;0x6301;0x6302;0x6303;0x6304;0x6305;0x6310;0x6311;0x6312;0x6313;0x6314;0x6315;0x6500;0x6510,WQLSP;WQMSP;WQNSP;WQSSP,WQLSP;WQMSP;WQNSP;WQSSP,,WQLSP;WQMSP;WQNSP;WQSSP,no,
SPER07,29,SPEAR,weapon,5350,SP,yes,,data/Items.bif,0x0010071B,694FB5EA652D91D684EDB0E7046431316B06386AB52FE196EC1018FFBE583A9D,78,78,0x5000;0x5001;0x5002;0x5003;0x5010;0x5011;0x5012;0x5013;0x5100;0x5101;0x5102;0x5103;0x5110;0x5111;0x5112;0x5113;0x5200;0x5201;0x5202;0x5210;0x5211;0x5212;0x5300;0x5301;0x5302;0x5303;0x5310;0x5311;0x5312;0x5313;0x6000;0x6001;0x6002;0x6003;0x6004;0x6005;0x6010;0x6011;0x6012;0x6013;0x6014;0x6015;0x6100;0x6101;0x6102;0x6103;0x6104;0x6105;0x6110;0x6111;0x6112;0x6113;0x6114;0x6115;0x6200;0x6201;0x6202;0x6204;0x6205;0x6210;0x6211;0x6212;0x6214;0x6215;0x6300;0x6301;0x6302;0x6303;0x6304;0x6305;0x6310;0x6311;0x6312;0x6313;0x6314;0x6315;0x6500;0x6510,WQLSP;WQMSP;WQNSP;WQSSP,WQLSP;WQMSP;WQNSP;WQSSP,,WQLSP;WQMSP;WQNSP;WQSSP,no,
SPER08,29,SPEAR,weapon,5350,SP,yes,,data/Items.bif,0x0010071C,B234B5D232D3F62172FF1DEFB29136943E0D746AA1882C64F710B032E8C4F257,78,78,0x5000;0x5001;0x5002;0x5003;0x5010;0x5011;0x5012;0x5013;0x5100;0x5101;0x5102;0x5103;0x5110;0x5111;0x5112;0x5113;0x5200;0x5201;0x5202;0x5210;0x5211;0x5212;0x5300;0x5301;0x5302;0x5303;0x5310;0x5311;0x5312;0x5313;0x6000;0x6001;0x6002;0x6003;0x6004;0x6005;0x6010;0x6011;0x6012;0x6013;0x6014;0x6015;0x6100;0x6101;0x6102;0x6103;0x6104;0x6105;0x6110;0x6111;0x6112;0x6113;0x6114;0x6115;0x6200;0x6201;0x6202;0x6204;0x6205;0x6210;0x6211;0x6212;0x6214;0x6215;0x6300;0x6301;0x6302;0x6303;0x6304;0x6305;0x6310;0x6311;0x6312;0x6313;0x6314;0x6315;0x6500;0x6510,WQLSP;WQMSP;WQNSP;WQSSP,WQLSP;WQMSP;WQNSP;WQSSP,,WQLSP;WQMSP;WQNSP;WQSSP,no,
SPER09,29,SPEAR,weapon,5350,SP,yes,,data/Items.bif,0x0010071D,A3BCDEE8BA2473566DE28478437978E1C9FC19718118F0A5E69C6361A01D23B3,78,78,0x5000;0x5001;0x5002;0x5003;0x5010;0x5011;0x5012;0x5013;0x5100;0x5101;0x5102;0x5103;0x5110;0x5111;0x5112;0x5113;0x5200;0x5201;0x5202;0x5210;0x5211;0x5212;0x5300;0x5301;0x5302;0x5303;0x5310;0x5311;0x5312;0x5313;0x6000;0x6001;0x6002;0x6003;0x6004;0x6005;0x6010;0x6011;0x6012;0x6013;0x6014;0x6015;0x6100;0x6101;0x6102;0x6103;0x6104;0x6105;0x6110;0x6111;0x6112;0x6113;0x6114;0x6115;0x6200;0x6201;0x6202;0x6204;0x6205;0x6210;0x6211;0x6212;0x6214;0x6215;0x6300;0x6301;0x6302;0x6303;0x6304;0x6305;0x6310;0x6311;0x6312;0x6313;0x6314;0x6315;0x6500;0x6510,WQLSP;WQMSP;WQNSP;WQSSP,WQLSP;WQMSP;WQNSP;WQSSP,,WQLSP;WQMSP;WQNSP;WQSSP,no,
SPER10,29,SPEAR,weapon,5350,SP,yes,,data/Items.bif,0x0010071E,2912517FA64B664C623B045E0A11922B250284AF3E923667B62D3D9FB818175B,78,78,0x5000;0x5001;0x5002;0x5003;0x5010;0x5011;0x5012;0x5013;0x5100;0x5101;0x5102;0x5103;0x5110;0x5111;0x5112;0x5113;0x5200;0x5201;0x5202;0x5210;0x5211;0x5212;0x5300;0x5301;0x5302;0x5303;0x5310;0x5311;0x5312;0x5313;0x6000;0x6001;0x6002;0x6003;0x6004;0x6005;0x6010;0x6011;0x6012;0x6013;0x6014;0x6015;0x6100;0x6101;0x6102;0x6103;0x6104;0x6105;0x6110;0x6111;0x6112;0x6113;0x6114;0x6115;0x6200;0x6201;0x6202;0x6204;0x6205;0x6210;0x6211;0x6212;0x6214;0x6215;0x6300;0x6301;0x6302;0x6303;0x6304;0x6305;0x6310;0x6311;0x6312;0x6313;0x6314;0x6315;0x6500;0x6510,WQLSP;WQMSP;WQNSP;WQSSP,WQLSP;WQMSP;WQNSP;WQSSP,,WQLSP;WQMSP;WQNSP;WQSSP,no,
SPER11,29,SPEAR,weapon,5350,SP,yes,,data/25Items.bif,0x0840019E,CB5E572B1F64C4E15FC865CC4636D169FE07F00712A426734A82C6D8E8273E74,78,78,0x5000;0x5001;0x5002;0x5003;0x5010;0x5011;0x5012;0x5013;0x5100;0x5101;0x5102;0x5103;0x5110;0x5111;0x5112;0x5113;0x5200;0x5201;0x5202;0x5210;0x5211;0x5212;0x5300;0x5301;0x5302;0x5303;0x5310;0x5311;0x5312;0x5313;0x6000;0x6001;0x6002;0x6003;0x6004;0x6005;0x6010;0x6011;0x6012;0x6013;0x6014;0x6015;0x6100;0x6101;0x6102;0x6103;0x6104;0x6105;0x6110;0x6111;0x6112;0x6113;0x6114;0x6115;0x6200;0x6201;0x6202;0x6204;0x6205;0x6210;0x6211;0x6212;0x6214;0x6215;0x6300;0x6301;0x6302;0x6303;0x6304;0x6305;0x6310;0x6311;0x6312;0x6313;0x6314;0x6315;0x6500;0x6510,WQLSP;WQMSP;WQNSP;WQSSP,WQLSP;WQMSP;WQNSP;WQSSP,,WQLSP;WQMSP;WQNSP;WQSSP,no,
SPER12,29,SPEAR,weapon,5350,SP,yes,,data/25Items.bif,0x0840019F,D8F8B8DF2690B53C76A46D9EBC74315F2F159F6F28274881CF7B844747C873AE,78,78,0x5000;0x5001;0x5002;0x5003;0x5010;0x5011;0x5012;0x5013;0x5100;0x5101;0x5102;0x5103;0x5110;0x5111;0x5112;0x5113;0x5200;0x5201;0x5202;0x5210;0x5211;0x5212;0x5300;0x5301;0x5302;0x5303;0x5310;0x5311;0x5312;0x5313;0x6000;0x6001;0x6002;0x6003;0x6004;0x6005;0x6010;0x6011;0x6012;0x6013;0x6014;0x6015;0x6100;0x6101;0x6102;0x6103;0x6104;0x6105;0x6110;0x6111;0x6112;0x6113;0x6114;0x6115;0x6200;0x6201;0x6202;0x6204;0x6205;0x6210;0x6211;0x6212;0x6214;0x6215;0x6300;0x6301;0x6302;0x6303;0x6304;0x6305;0x6310;0x6311;0x6312;0x6313;0x6314;0x6315;0x6500;0x6510,WQLSP;WQMSP;WQNSP;WQSSP,WQLSP;WQMSP;WQNSP;WQSSP,,WQLSP;WQMSP;WQNSP;WQSSP,no,
SPERMEL,29,SPEAR,weapon,5350,SP,yes,,data/25Items.bif,0x084001A0,CDEC7FA177E3EB282263F3FEB3A600283448FEF2C6AE2689F907EB43D9285E00,78,78,0x5000;0x5001;0x5002;0x5003;0x5010;0x5011;0x5012;0x5013;0x5100;0x5101;0x5102;0x5103;0x5110;0x5111;0x5112;0x5113;0x5200;0x5201;0x5202;0x5210;0x5211;0x5212;0x5300;0x5301;0x5302;0x5303;0x5310;0x5311;0x5312;0x5313;0x6000;0x6001;0x6002;0x6003;0x6004;0x6005;0x6010;0x6011;0x6012;0x6013;0x6014;0x6015;0x6100;0x6101;0x6102;0x6103;0x6104;0x6105;0x6110;0x6111;0x6112;0x6113;0x6114;0x6115;0x6200;0x6201;0x6202;0x6204;0x6205;0x6210;0x6211;0x6212;0x6214;0x6215;0x6300;0x6301;0x6302;0x6303;0x6304;0x6305;0x6310;0x6311;0x6312;0x6313;0x6314;0x6315;0x6500;0x6510,WQLSP;WQMSP;WQNSP;WQSSP,WQLSP;WQMSP;WQNSP;WQSSP,,WQLSP;WQMSP;WQNSP;WQSSP,no,
SPIDGI1,0,MISC,,2020,,no,,data/Items.bif,0x0010071F,270470A264948ECF072EEFED79EEB3649ED34B62C4A4F8374AFFF66CB9B5B47E,0,0,,,,,,no,
SPIDHU1,0,MISC,,2020,,no,,data/Items.bif,0x00100720,527D16B20465ACA0C0B90FFDD9080DB2D993540972445002D097267CD69BC384,0,0,,,,,,no,
SPIDPH1,0,MISC,,2020,,no,,data/Items.bif,0x00100721,FB6D00A35B8E82070A727AEBFED5E19226E8C85424724767DECFA618C408C7CD,0,0,,,,,,no,
SPIDSW1,0,MISC,,2020,,no,,data/Items.bif,0x00100722,3A33F839395727660A47115806652BB8166A331BD8B0A9022C208EA6FC0DD191,0,0,,,,,,no,
SPIDVO01,0,MISC,,2020,,no,,data/25Items.bif,0x084001A1,F88F3E135BD8167D20355A9DAA213EF98C642430480A7A05A76620FB0BFFD715,0,0,,,,,,no,
SPIDWR,28,FIST,weapon,2020,,no,,data/Items.bif,0x00100723,77E32227CFC7E746F3C20F47C19ECA76D365A5F56088F283F08D6EFBF4B4287B,0,0,,,,,,no,no-compatible-character-family;visual-animation-code-invalid
SPIDWR1,0,MISC,,2020,,no,,data/Items.bif,0x00100724,37A4C60FFEF7FA6BFBE44E20A72A82FBEF8C22020F5D3FC989195978E1B16C97,0,0,,,,,,no,
SPLATT1,28,FIST,weapon,4836,H6,yes,,data/patch13.bif,0x0BC0008B,F90958F4AD07113E4B97A366F25C11473D248F7A275884DAD2954FB9803C6AA6,78,78,0x5000;0x5001;0x5002;0x5003;0x5010;0x5011;0x5012;0x5013;0x5100;0x5101;0x5102;0x5103;0x5110;0x5111;0x5112;0x5113;0x5200;0x5201;0x5202;0x5210;0x5211;0x5212;0x5300;0x5301;0x5302;0x5303;0x5310;0x5311;0x5312;0x5313;0x6000;0x6001;0x6002;0x6003;0x6004;0x6005;0x6010;0x6011;0x6012;0x6013;0x6014;0x6015;0x6100;0x6101;0x6102;0x6103;0x6104;0x6105;0x6110;0x6111;0x6112;0x6113;0x6114;0x6115;0x6200;0x6201;0x6202;0x6204;0x6205;0x6210;0x6211;0x6212;0x6214;0x6215;0x6300;0x6301;0x6302;0x6303;0x6304;0x6305;0x6310;0x6311;0x6312;0x6313;0x6314;0x6315;0x6500;0x6510,WQLH6;WQMH6;WQNH6;WQSH6,WQLH6;WQMH6;WQNH6;WQSH6,,WQLH6;WQMH6;WQNH6;WQSH6,no,
SPLATT2,28,FIST,weapon,4836,H6,yes,,data/patch13.bif,0x0BC0008C,D605165E23A739FCB497BC58B6EA674E5BCEE28B6009F199C59325A2873DC13F,78,78,0x5000;0x5001;0x5002;0x5003;0x5010;0x5011;0x5012;0x5013;0x5100;0x5101;0x5102;0x5103;0x5110;0x5111;0x5112;0x5113;0x5200;0x5201;0x5202;0x5210;0x5211;0x5212;0x5300;0x5301;0x5302;0x5303;0x5310;0x5311;0x5312;0x5313;0x6000;0x6001;0x6002;0x6003;0x6004;0x6005;0x6010;0x6011;0x6012;0x6013;0x6014;0x6015;0x6100;0x6101;0x6102;0x6103;0x6104;0x6105;0x6110;0x6111;0x6112;0x6113;0x6114;0x6115;0x6200;0x6201;0x6202;0x6204;0x6205;0x6210;0x6211;0x6212;0x6214;0x6215;0x6300;0x6301;0x6302;0x6303;0x6304;0x6305;0x6310;0x6311;0x6312;0x6313;0x6314;0x6315;0x6500;0x6510,WQLH6;WQMH6;WQNH6;WQSH6,WQLH6;WQMH6;WQNH6;WQSH6,,WQLH6;WQMH6;WQNH6;WQSH6,no,
SPLATT3,28,FIST,weapon,4836,H6,yes,,data/patch13.bif,0x0BC0008D,97778675F281DEA384769D8C7388AF1B2CF93684A92181FD9FA4D172D80862C6,78,78,0x5000;0x5001;0x5002;0x5003;0x5010;0x5011;0x5012;0x5013;0x5100;0x5101;0x5102;0x5103;0x5110;0x5111;0x5112;0x5113;0x5200;0x5201;0x5202;0x5210;0x5211;0x5212;0x5300;0x5301;0x5302;0x5303;0x5310;0x5311;0x5312;0x5313;0x6000;0x6001;0x6002;0x6003;0x6004;0x6005;0x6010;0x6011;0x6012;0x6013;0x6014;0x6015;0x6100;0x6101;0x6102;0x6103;0x6104;0x6105;0x6110;0x6111;0x6112;0x6113;0x6114;0x6115;0x6200;0x6201;0x6202;0x6204;0x6205;0x6210;0x6211;0x6212;0x6214;0x6215;0x6300;0x6301;0x6302;0x6303;0x6304;0x6305;0x6310;0x6311;0x6312;0x6313;0x6314;0x6315;0x6500;0x6510,WQLH6;WQMH6;WQNH6;WQSH6,WQLH6;WQMH6;WQNH6;WQSH6,,WQLH6;WQMH6;WQNH6;WQSH6,no,
SPLATT4,28,FIST,weapon,4836,H6,yes,,data/patch13.bif,0x0BC0008E,8376F998CE2BF7B82F7034470038770AC2092A059A531AF65CAE1FA662FD8A98,78,78,0x5000;0x5001;0x5002;0x5003;0x5010;0x5011;0x5012;0x5013;0x5100;0x5101;0x5102;0x5103;0x5110;0x5111;0x5112;0x5113;0x5200;0x5201;0x5202;0x5210;0x5211;0x5212;0x5300;0x5301;0x5302;0x5303;0x5310;0x5311;0x5312;0x5313;0x6000;0x6001;0x6002;0x6003;0x6004;0x6005;0x6010;0x6011;0x6012;0x6013;0x6014;0x6015;0x6100;0x6101;0x6102;0x6103;0x6104;0x6105;0x6110;0x6111;0x6112;0x6113;0x6114;0x6115;0x6200;0x6201;0x6202;0x6204;0x6205;0x6210;0x6211;0x6212;0x6214;0x6215;0x6300;0x6301;0x6302;0x6303;0x6304;0x6305;0x6310;0x6311;0x6312;0x6313;0x6314;0x6315;0x6500;0x6510,WQLH6;WQMH6;WQNH6;WQSH6,WQLH6;WQMH6;WQNH6;WQSH6,,WQLH6;WQMH6;WQNH6;WQSH6,no,
SPLATT5,28,FIST,weapon,4836,H6,yes,,data/patch13.bif,0x0BC0008F,C6857B0613771A03AFD12AF20ADB745CABDC84FDEF95B9C2856DF15E77872E75,78,78,0x5000;0x5001;0x5002;0x5003;0x5010;0x5011;0x5012;0x5013;0x5100;0x5101;0x5102;0x5103;0x5110;0x5111;0x5112;0x5113;0x5200;0x5201;0x5202;0x5210;0x5211;0x5212;0x5300;0x5301;0x5302;0x5303;0x5310;0x5311;0x5312;0x5313;0x6000;0x6001;0x6002;0x6003;0x6004;0x6005;0x6010;0x6011;0x6012;0x6013;0x6014;0x6015;0x6100;0x6101;0x6102;0x6103;0x6104;0x6105;0x6110;0x6111;0x6112;0x6113;0x6114;0x6115;0x6200;0x6201;0x6202;0x6204;0x6205;0x6210;0x6211;0x6212;0x6214;0x6215;0x6300;0x6301;0x6302;0x6303;0x6304;0x6305;0x6310;0x6311;0x6312;0x6313;0x6314;0x6315;0x6500;0x6510,WQLH6;WQMH6;WQNH6;WQSH6,WQLH6;WQMH6;WQNH6;WQSH6,,WQLH6;WQMH6;WQNH6;WQSH6,no,
SPRNGB01,10,RING,,0000,,no,,data/patch13.bif,0x0BC00095,225D4820F072C44BB8E9355416EA805FD0BF73B928C2A9AAD03ED3821BE8C43E,0,0,,,,,,no,
SPRNGB02,10,RING,,0000,,no,,data/patch13.bif,0x0BC00096,1033292304392584BAADDA9743C9ECD9369803E8D6F2D26A78500C8016A6F1DA,0,0,,,,,,no,
SPRNGB03,10,RING,,0000,,no,,data/patch13.bif,0x0BC00097,6FBDDC4111D73182F76A0DAE4EE3102F256093C11C7764016DEB430D6CF647FA,0,0,,,,,,no,
SPRNGB04,10,RING,,0000,,no,,data/patch13.bif,0x0BC00098,8F4779FAD1A754D802F33E1E1A8EFFD5EA19C2435F46F609197276DCC2DDE86B,0,0,,,,,,no,
SPRNGL01,10,RING,,0000,,no,,data/patch13.bif,0x0BC00099,AEACC258C2F6068B8CC62C67DE6E39441D71831CC5FC544779966A91769971A4,0,0,,,,,,no,
SPRNGL02,10,RING,,0000,,no,,data/patch13.bif,0x0BC0009A,DF1985445BF864E480C6CDA0C3C4982EFE75D994F4849E3C00675D183A3D3366,0,0,,,,,,no,
SPRNGL03,10,RING,,0000,,no,,data/patch13.bif,0x0BC0009B,D6E34C00E8474C46870D65967586CC86BFC6AF15DC81E32883729A50229F552B,0,0,,,,,,no,
SPRNGL04,10,RING,,0000,,no,,data/patch13.bif,0x0BC0009C,B78E22999A64159CA01B85824D02D50287CB1928203BF375F8448A39178F94FC,0,0,,,,,,no,
SPRNGS01,10,RING,,0000,,no,,data/patch13.bif,0x0BC0009D,7126D629BFB5B6B2C67EC0ACD892B73A08E6AA987EE9AC247F0BAB6DBAE4708D,0,0,,,,,,no,
SPRNGS02,10,RING,,0000,,no,,data/patch13.bif,0x0BC0009E,9CEB8DADCEAFF5C5264EFE84BE171B1AA9A0E783E9222B40306F55DADF9AE88D,0,0,,,,,,no,
SPRNGS03,10,RING,,0000,,no,,data/patch13.bif,0x0BC0009F,D6D65C96EF2DBA45FD0B4AD5F97555F0D13B57614D5CA7F44B27F72AC821D9A7,0,0,,,,,,no,
SPRNGS04,10,RING,,0000,,no,,data/patch13.bif,0x0BC000A0,CA2E06D69C0DE5A4264ECD60716F1A84C09264D75F0D2FF7C1FCD81D3E800390,0,0,,,,,,no,
SPRNGW01,10,RING,,0000,,no,,data/patch13.bif,0x0BC000A1,DA117982FB92E047B19D520B7D29C0BFE7CCBA1EA42B6056D0BBC117593401EE,0,0,,,,,,no,
SPRNGW02,10,RING,,0000,,no,,data/patch13.bif,0x0BC000A2,60D8A434017A378659E90B0B55CE3FCD1832A2087D297903C114034B3F191177,0,0,,,,,,no,
SPRNGW03,10,RING,,0000,,no,,data/patch13.bif,0x0BC000A3,7F4BA8B22DF1F537D0A43462E8FB20792CA1573C35E947C85917A40A2D5B2E1A,0,0,,,,,,no,
SPRNGW04,10,RING,,0000,,no,,data/patch13.bif,0x0BC000A4,82D0EA53AD3A534CB727931B253AB23ED38037059C58A875E6B089B430F05916,0,0,,,,,,no,
SPRNGZ05,10,RING,,0000,,no,,data/patch13.bif,0x0BC000A5,DC16CC07B4AC8D85E21B627541FA277E2BE64B9D2C29BD9374E27329BB322DCE,0,0,,,,,,no,
SPSATT1,28,FIST,weapon,4836,H6,yes,,data/patch13.bif,0x0BC000A6,08476DCBA993D8985C3A232FDA867AF12214928B8267554123EC6DEFD7438FD8,78,78,0x5000;0x5001;0x5002;0x5003;0x5010;0x5011;0x5012;0x5013;0x5100;0x5101;0x5102;0x5103;0x5110;0x5111;0x5112;0x5113;0x5200;0x5201;0x5202;0x5210;0x5211;0x5212;0x5300;0x5301;0x5302;0x5303;0x5310;0x5311;0x5312;0x5313;0x6000;0x6001;0x6002;0x6003;0x6004;0x6005;0x6010;0x6011;0x6012;0x6013;0x6014;0x6015;0x6100;0x6101;0x6102;0x6103;0x6104;0x6105;0x6110;0x6111;0x6112;0x6113;0x6114;0x6115;0x6200;0x6201;0x6202;0x6204;0x6205;0x6210;0x6211;0x6212;0x6214;0x6215;0x6300;0x6301;0x6302;0x6303;0x6304;0x6305;0x6310;0x6311;0x6312;0x6313;0x6314;0x6315;0x6500;0x6510,WQLH6;WQMH6;WQNH6;WQSH6,WQLH6;WQMH6;WQNH6;WQSH6,,WQLH6;WQMH6;WQNH6;WQSH6,no,
SPSATT2,28,FIST,weapon,4836,H6,yes,,data/patch13.bif,0x0BC000A7,A31FD7A40DFF3E04CCE86232C342CC8CA1B2506D4A943B4A3B201A6303D151D5,78,78,0x5000;0x5001;0x5002;0x5003;0x5010;0x5011;0x5012;0x5013;0x5100;0x5101;0x5102;0x5103;0x5110;0x5111;0x5112;0x5113;0x5200;0x5201;0x5202;0x5210;0x5211;0x5212;0x5300;0x5301;0x5302;0x5303;0x5310;0x5311;0x5312;0x5313;0x6000;0x6001;0x6002;0x6003;0x6004;0x6005;0x6010;0x6011;0x6012;0x6013;0x6014;0x6015;0x6100;0x6101;0x6102;0x6103;0x6104;0x6105;0x6110;0x6111;0x6112;0x6113;0x6114;0x6115;0x6200;0x6201;0x6202;0x6204;0x6205;0x6210;0x6211;0x6212;0x6214;0x6215;0x6300;0x6301;0x6302;0x6303;0x6304;0x6305;0x6310;0x6311;0x6312;0x6313;0x6314;0x6315;0x6500;0x6510,WQLH6;WQMH6;WQNH6;WQSH6,WQLH6;WQMH6;WQNH6;WQSH6,,WQLH6;WQMH6;WQNH6;WQSH6,no,
SPSATT3,28,FIST,weapon,4836,H6,yes,,data/patch13.bif,0x0BC000A8,85812DAF13FC0363E046A4F1BE5CD9420FEE6CF269CA4DCC889BAA672A3255C5,78,78,0x5000;0x5001;0x5002;0x5003;0x5010;0x5011;0x5012;0x5013;0x5100;0x5101;0x5102;0x5103;0x5110;0x5111;0x5112;0x5113;0x5200;0x5201;0x5202;0x5210;0x5211;0x5212;0x5300;0x5301;0x5302;0x5303;0x5310;0x5311;0x5312;0x5313;0x6000;0x6001;0x6002;0x6003;0x6004;0x6005;0x6010;0x6011;0x6012;0x6013;0x6014;0x6015;0x6100;0x6101;0x6102;0x6103;0x6104;0x6105;0x6110;0x6111;0x6112;0x6113;0x6114;0x6115;0x6200;0x6201;0x6202;0x6204;0x6205;0x6210;0x6211;0x6212;0x6214;0x6215;0x6300;0x6301;0x6302;0x6303;0x6304;0x6305;0x6310;0x6311;0x6312;0x6313;0x6314;0x6315;0x6500;0x6510,WQLH6;WQMH6;WQNH6;WQSH6,WQLH6;WQMH6;WQNH6;WQSH6,,WQLH6;WQMH6;WQNH6;WQSH6,no,
SPSATT4,28,FIST,weapon,4836,H6,yes,,data/patch13.bif,0x0BC000A9,66DE470AA6CBEF145B788EA36B7F90CC017477D8730440060672F6AFF72F8BF6,78,78,0x5000;0x5001;0x5002;0x5003;0x5010;0x5011;0x5012;0x5013;0x5100;0x5101;0x5102;0x5103;0x5110;0x5111;0x5112;0x5113;0x5200;0x5201;0x5202;0x5210;0x5211;0x5212;0x5300;0x5301;0x5302;0x5303;0x5310;0x5311;0x5312;0x5313;0x6000;0x6001;0x6002;0x6003;0x6004;0x6005;0x6010;0x6011;0x6012;0x6013;0x6014;0x6015;0x6100;0x6101;0x6102;0x6103;0x6104;0x6105;0x6110;0x6111;0x6112;0x6113;0x6114;0x6115;0x6200;0x6201;0x6202;0x6204;0x6205;0x6210;0x6211;0x6212;0x6214;0x6215;0x6300;0x6301;0x6302;0x6303;0x6304;0x6305;0x6310;0x6311;0x6312;0x6313;0x6314;0x6315;0x6500;0x6510,WQLH6;WQMH6;WQNH6;WQSH6,WQLH6;WQMH6;WQNH6;WQSH6,,WQLH6;WQMH6;WQNH6;WQSH6,no,
SPSATT5,28,FIST,weapon,4836,H6,yes,,data/patch13.bif,0x0BC000AA,57142E224D314B0D19A8C20AA6F4E4AA16C925E4793630D1693B82BA6A0C2FAA,78,78,0x5000;0x5001;0x5002;0x5003;0x5010;0x5011;0x5012;0x5013;0x5100;0x5101;0x5102;0x5103;0x5110;0x5111;0x5112;0x5113;0x5200;0x5201;0x5202;0x5210;0x5211;0x5212;0x5300;0x5301;0x5302;0x5303;0x5310;0x5311;0x5312;0x5313;0x6000;0x6001;0x6002;0x6003;0x6004;0x6005;0x6010;0x6011;0x6012;0x6013;0x6014;0x6015;0x6100;0x6101;0x6102;0x6103;0x6104;0x6105;0x6110;0x6111;0x6112;0x6113;0x6114;0x6115;0x6200;0x6201;0x6202;0x6204;0x6205;0x6210;0x6211;0x6212;0x6214;0x6215;0x6300;0x6301;0x6302;0x6303;0x6304;0x6305;0x6310;0x6311;0x6312;0x6313;0x6314;0x6315;0x6500;0x6510,WQLH6;WQMH6;WQNH6;WQSH6,WQLH6;WQMH6;WQNH6;WQSH6,,WQLH6;WQMH6;WQNH6;WQSH6,no,
SPSPID,0,MISC,,2020,,no,,data/Items.bif,0x00100725,7D932001491F9A44E2827C858F128256F4AC119DFE9371BB6935F86391113D23,0,0,,,,,,no,
SPSPID3,0,MISC,,2020,,no,,data/25Items.bif,0x084001A2,69F0C750FB5079307AA9B026DA6A6B19E0B254B2F8A2483BBA87B64004C6D30B,0,0,,,,,,no,
SPWATT1,28,FIST,weapon,4836,H6,yes,,data/patch13.bif,0x0BC000B0,5F406CA1F5DFA663EB1D6CE7FB107470BC6584518B0F8AC5F3B2356B081A9CE0,78,78,0x5000;0x5001;0x5002;0x5003;0x5010;0x5011;0x5012;0x5013;0x5100;0x5101;0x5102;0x5103;0x5110;0x5111;0x5112;0x5113;0x5200;0x5201;0x5202;0x5210;0x5211;0x5212;0x5300;0x5301;0x5302;0x5303;0x5310;0x5311;0x5312;0x5313;0x6000;0x6001;0x6002;0x6003;0x6004;0x6005;0x6010;0x6011;0x6012;0x6013;0x6014;0x6015;0x6100;0x6101;0x6102;0x6103;0x6104;0x6105;0x6110;0x6111;0x6112;0x6113;0x6114;0x6115;0x6200;0x6201;0x6202;0x6204;0x6205;0x6210;0x6211;0x6212;0x6214;0x6215;0x6300;0x6301;0x6302;0x6303;0x6304;0x6305;0x6310;0x6311;0x6312;0x6313;0x6314;0x6315;0x6500;0x6510,WQLH6;WQMH6;WQNH6;WQSH6,WQLH6;WQMH6;WQNH6;WQSH6,,WQLH6;WQMH6;WQNH6;WQSH6,no,
SPWATT2,28,FIST,weapon,4836,H6,yes,,data/patch13.bif,0x0BC000B1,DBE4971F8CA3563F217182CA37958622EC88CBEEE1AC16713CF7ECA3CF0516DA,78,78,0x5000;0x5001;0x5002;0x5003;0x5010;0x5011;0x5012;0x5013;0x5100;0x5101;0x5102;0x5103;0x5110;0x5111;0x5112;0x5113;0x5200;0x5201;0x5202;0x5210;0x5211;0x5212;0x5300;0x5301;0x5302;0x5303;0x5310;0x5311;0x5312;0x5313;0x6000;0x6001;0x6002;0x6003;0x6004;0x6005;0x6010;0x6011;0x6012;0x6013;0x6014;0x6015;0x6100;0x6101;0x6102;0x6103;0x6104;0x6105;0x6110;0x6111;0x6112;0x6113;0x6114;0x6115;0x6200;0x6201;0x6202;0x6204;0x6205;0x6210;0x6211;0x6212;0x6214;0x6215;0x6300;0x6301;0x6302;0x6303;0x6304;0x6305;0x6310;0x6311;0x6312;0x6313;0x6314;0x6315;0x6500;0x6510,WQLH6;WQMH6;WQNH6;WQSH6,WQLH6;WQMH6;WQNH6;WQSH6,,WQLH6;WQMH6;WQNH6;WQSH6,no,
SPWATT3,28,FIST,weapon,4836,H6,yes,,data/patch13.bif,0x0BC000B2,C7EBDD7F40F8B0D1BFDA9F4211D17022E9D7F8E121B6A48792E429A27D21B9F5,78,78,0x5000;0x5001;0x5002;0x5003;0x5010;0x5011;0x5012;0x5013;0x5100;0x5101;0x5102;0x5103;0x5110;0x5111;0x5112;0x5113;0x5200;0x5201;0x5202;0x5210;0x5211;0x5212;0x5300;0x5301;0x5302;0x5303;0x5310;0x5311;0x5312;0x5313;0x6000;0x6001;0x6002;0x6003;0x6004;0x6005;0x6010;0x6011;0x6012;0x6013;0x6014;0x6015;0x6100;0x6101;0x6102;0x6103;0x6104;0x6105;0x6110;0x6111;0x6112;0x6113;0x6114;0x6115;0x6200;0x6201;0x6202;0x6204;0x6205;0x6210;0x6211;0x6212;0x6214;0x6215;0x6300;0x6301;0x6302;0x6303;0x6304;0x6305;0x6310;0x6311;0x6312;0x6313;0x6314;0x6315;0x6500;0x6510,WQLH6;WQMH6;WQNH6;WQSH6,WQLH6;WQMH6;WQNH6;WQSH6,,WQLH6;WQMH6;WQNH6;WQSH6,no,
SPWATT4,28,FIST,weapon,4836,H6,yes,,data/patch13.bif,0x0BC000B3,6082A6003E6C7CAEDD140739A747E71968CC72F77138FB7AFDBD7A443C8AB89C,78,78,0x5000;0x5001;0x5002;0x5003;0x5010;0x5011;0x5012;0x5013;0x5100;0x5101;0x5102;0x5103;0x5110;0x5111;0x5112;0x5113;0x5200;0x5201;0x5202;0x5210;0x5211;0x5212;0x5300;0x5301;0x5302;0x5303;0x5310;0x5311;0x5312;0x5313;0x6000;0x6001;0x6002;0x6003;0x6004;0x6005;0x6010;0x6011;0x6012;0x6013;0x6014;0x6015;0x6100;0x6101;0x6102;0x6103;0x6104;0x6105;0x6110;0x6111;0x6112;0x6113;0x6114;0x6115;0x6200;0x6201;0x6202;0x6204;0x6205;0x6210;0x6211;0x6212;0x6214;0x6215;0x6300;0x6301;0x6302;0x6303;0x6304;0x6305;0x6310;0x6311;0x6312;0x6313;0x6314;0x6315;0x6500;0x6510,WQLH6;WQMH6;WQNH6;WQSH6,WQLH6;WQMH6;WQNH6;WQSH6,,WQLH6;WQMH6;WQNH6;WQSH6,no,
SPWATT5,28,FIST,weapon,4836,H6,yes,,data/patch13.bif,0x0BC000B4,6FF4471E06B2B230AF18EDC28B6BB1D34B305A8029FF32AA8F522D5A092D33FB,78,78,0x5000;0x5001;0x5002;0x5003;0x5010;0x5011;0x5012;0x5013;0x5100;0x5101;0x5102;0x5103;0x5110;0x5111;0x5112;0x5113;0x5200;0x5201;0x5202;0x5210;0x5211;0x5212;0x5300;0x5301;0x5302;0x5303;0x5310;0x5311;0x5312;0x5313;0x6000;0x6001;0x6002;0x6003;0x6004;0x6005;0x6010;0x6011;0x6012;0x6013;0x6014;0x6015;0x6100;0x6101;0x6102;0x6103;0x6104;0x6105;0x6110;0x6111;0x6112;0x6113;0x6114;0x6115;0x6200;0x6201;0x6202;0x6204;0x6205;0x6210;0x6211;0x6212;0x6214;0x6215;0x6300;0x6301;0x6302;0x6303;0x6304;0x6305;0x6310;0x6311;0x6312;0x6313;0x6314;0x6315;0x6500;0x6510,WQLH6;WQMH6;WQNH6;WQSH6,WQLH6;WQMH6;WQNH6;WQSH6,,WQLH6;WQMH6;WQNH6;WQSH6,no,
SQUIRP,28,FIST,weapon,4836,H6,yes,,data/Items.bif,0x00100726,4D1657F151B817D2EAD3ED376AF261522325285F8787D058ABDD48A779BF2102,78,78,0x5000;0x5001;0x5002;0x5003;0x5010;0x5011;0x5012;0x5013;0x5100;0x5101;0x5102;0x5103;0x5110;0x5111;0x5112;0x5113;0x5200;0x5201;0x5202;0x5210;0x5211;0x5212;0x5300;0x5301;0x5302;0x5303;0x5310;0x5311;0x5312;0x5313;0x6000;0x6001;0x6002;0x6003;0x6004;0x6005;0x6010;0x6011;0x6012;0x6013;0x6014;0x6015;0x6100;0x6101;0x6102;0x6103;0x6104;0x6105;0x6110;0x6111;0x6112;0x6113;0x6114;0x6115;0x6200;0x6201;0x6202;0x6204;0x6205;0x6210;0x6211;0x6212;0x6214;0x6215;0x6300;0x6301;0x6302;0x6303;0x6304;0x6305;0x6310;0x6311;0x6312;0x6313;0x6314;0x6315;0x6500;0x6510,WQLH6;WQMH6;WQNH6;WQSH6,WQLH6;WQMH6;WQNH6;WQSH6,,WQLH6;WQMH6;WQNH6;WQSH6,no,
STAF01,26,STAFF,weapon,5153,QS,yes,,data/Items.bif,0x00100727,638DDB71D69F2640630E31AED36E2D6FE2635C796F4A9A37AA9A6C0A34B702E7,78,78,0x5000;0x5001;0x5002;0x5003;0x5010;0x5011;0x5012;0x5013;0x5100;0x5101;0x5102;0x5103;0x5110;0x5111;0x5112;0x5113;0x5200;0x5201;0x5202;0x5210;0x5211;0x5212;0x5300;0x5301;0x5302;0x5303;0x5310;0x5311;0x5312;0x5313;0x6000;0x6001;0x6002;0x6003;0x6004;0x6005;0x6010;0x6011;0x6012;0x6013;0x6014;0x6015;0x6100;0x6101;0x6102;0x6103;0x6104;0x6105;0x6110;0x6111;0x6112;0x6113;0x6114;0x6115;0x6200;0x6201;0x6202;0x6204;0x6205;0x6210;0x6211;0x6212;0x6214;0x6215;0x6300;0x6301;0x6302;0x6303;0x6304;0x6305;0x6310;0x6311;0x6312;0x6313;0x6314;0x6315;0x6500;0x6510,WQLQS;WQMQS;WQNQS;WQSQS,WQLQS;WQMQS;WQNQS;WQSQS,,WQLQS;WQMQS;WQNQS;WQSQS,no,
STAF02,26,STAFF,weapon,5132,Q2,yes,,data/Items.bif,0x00100728,AB663A212C174D488FEFC22753CC10FD61AE67FBAB0C426256D104CC008D487B,78,78,0x5000;0x5001;0x5002;0x5003;0x5010;0x5011;0x5012;0x5013;0x5100;0x5101;0x5102;0x5103;0x5110;0x5111;0x5112;0x5113;0x5200;0x5201;0x5202;0x5210;0x5211;0x5212;0x5300;0x5301;0x5302;0x5303;0x5310;0x5311;0x5312;0x5313;0x6000;0x6001;0x6002;0x6003;0x6004;0x6005;0x6010;0x6011;0x6012;0x6013;0x6014;0x6015;0x6100;0x6101;0x6102;0x6103;0x6104;0x6105;0x6110;0x6111;0x6112;0x6113;0x6114;0x6115;0x6200;0x6201;0x6202;0x6204;0x6205;0x6210;0x6211;0x6212;0x6214;0x6215;0x6300;0x6301;0x6302;0x6303;0x6304;0x6305;0x6310;0x6311;0x6312;0x6313;0x6314;0x6315;0x6500;0x6510,WQLQ2;WQMQ2;WQNQ2;WQSQ2,WQLQ2;WQMQ2;WQNQ2;WQSQ2,,WQLQ2;WQMQ2;WQNQ2;WQSQ2,no,
STAF03,26,STAFF,weapon,5153,QS,yes,,data/Items.bif,0x00100729,275DDF9F72E18730AF9899B7AD42714760E5A71F7B41E8EE33A2C45A83CB605A,78,78,0x5000;0x5001;0x5002;0x5003;0x5010;0x5011;0x5012;0x5013;0x5100;0x5101;0x5102;0x5103;0x5110;0x5111;0x5112;0x5113;0x5200;0x5201;0x5202;0x5210;0x5211;0x5212;0x5300;0x5301;0x5302;0x5303;0x5310;0x5311;0x5312;0x5313;0x6000;0x6001;0x6002;0x6003;0x6004;0x6005;0x6010;0x6011;0x6012;0x6013;0x6014;0x6015;0x6100;0x6101;0x6102;0x6103;0x6104;0x6105;0x6110;0x6111;0x6112;0x6113;0x6114;0x6115;0x6200;0x6201;0x6202;0x6204;0x6205;0x6210;0x6211;0x6212;0x6214;0x6215;0x6300;0x6301;0x6302;0x6303;0x6304;0x6305;0x6310;0x6311;0x6312;0x6313;0x6314;0x6315;0x6500;0x6510,WQLQS;WQMQS;WQNQS;WQSQS,WQLQS;WQMQS;WQNQS;WQSQS,,WQLQS;WQMQS;WQNQS;WQSQS,no,
STAF04,26,STAFF,weapon,5153,QS,yes,,data/Items.bif,0x0010072A,202BD827ABFF66595F232CC4A76CD7D99F34D86D2EC0E2C226A0B4637E8FF269,78,78,0x5000;0x5001;0x5002;0x5003;0x5010;0x5011;0x5012;0x5013;0x5100;0x5101;0x5102;0x5103;0x5110;0x5111;0x5112;0x5113;0x5200;0x5201;0x5202;0x5210;0x5211;0x5212;0x5300;0x5301;0x5302;0x5303;0x5310;0x5311;0x5312;0x5313;0x6000;0x6001;0x6002;0x6003;0x6004;0x6005;0x6010;0x6011;0x6012;0x6013;0x6014;0x6015;0x6100;0x6101;0x6102;0x6103;0x6104;0x6105;0x6110;0x6111;0x6112;0x6113;0x6114;0x6115;0x6200;0x6201;0x6202;0x6204;0x6205;0x6210;0x6211;0x6212;0x6214;0x6215;0x6300;0x6301;0x6302;0x6303;0x6304;0x6305;0x6310;0x6311;0x6312;0x6313;0x6314;0x6315;0x6500;0x6510,WQLQS;WQMQS;WQNQS;WQSQS,WQLQS;WQMQS;WQNQS;WQSQS,,WQLQS;WQMQS;WQNQS;WQSQS,no,
STAF05,26,STAFF,weapon,5132,Q2,yes,,data/Items.bif,0x0010072B,675A3FC186E0525A0562C8EFEC3833FC4ABD9F191A675248F51CEA32FA63EEA5,78,78,0x5000;0x5001;0x5002;0x5003;0x5010;0x5011;0x5012;0x5013;0x5100;0x5101;0x5102;0x5103;0x5110;0x5111;0x5112;0x5113;0x5200;0x5201;0x5202;0x5210;0x5211;0x5212;0x5300;0x5301;0x5302;0x5303;0x5310;0x5311;0x5312;0x5313;0x6000;0x6001;0x6002;0x6003;0x6004;0x6005;0x6010;0x6011;0x6012;0x6013;0x6014;0x6015;0x6100;0x6101;0x6102;0x6103;0x6104;0x6105;0x6110;0x6111;0x6112;0x6113;0x6114;0x6115;0x6200;0x6201;0x6202;0x6204;0x6205;0x6210;0x6211;0x6212;0x6214;0x6215;0x6300;0x6301;0x6302;0x6303;0x6304;0x6305;0x6310;0x6311;0x6312;0x6313;0x6314;0x6315;0x6500;0x6510,WQLQ2;WQMQ2;WQNQ2;WQSQ2,WQLQ2;WQMQ2;WQNQ2;WQSQ2,,WQLQ2;WQMQ2;WQNQ2;WQSQ2,no,
STAF06,26,STAFF,weapon,4D43,MC,yes,,data/Items.bif,0x0010072C,EC958E9036852394541A7180584D7FBA6B4B171DD0C1EB6F1B1413BEE7AE3F73,78,78,0x5000;0x5001;0x5002;0x5003;0x5010;0x5011;0x5012;0x5013;0x5100;0x5101;0x5102;0x5103;0x5110;0x5111;0x5112;0x5113;0x5200;0x5201;0x5202;0x5210;0x5211;0x5212;0x5300;0x5301;0x5302;0x5303;0x5310;0x5311;0x5312;0x5313;0x6000;0x6001;0x6002;0x6003;0x6004;0x6005;0x6010;0x6011;0x6012;0x6013;0x6014;0x6015;0x6100;0x6101;0x6102;0x6103;0x6104;0x6105;0x6110;0x6111;0x6112;0x6113;0x6114;0x6115;0x6200;0x6201;0x6202;0x6204;0x6205;0x6210;0x6211;0x6212;0x6214;0x6215;0x6300;0x6301;0x6302;0x6303;0x6304;0x6305;0x6310;0x6311;0x6312;0x6313;0x6314;0x6315;0x6500;0x6510,WQLMC;WQMMC;WQNMC;WQSMC,WQLMC;WQMMC;WQNMC;WQSMC,,WQLMC;WQMMC;WQNMC;WQSMC,no,
STAF07,26,STAFF,weapon,5350,SP,yes,,data/Items.bif,0x0010072D,2825533EFEDF5A09901C392836FD23097580F89D5B30DC5573F40645BF6CA0BE,78,78,0x5000;0x5001;0x5002;0x5003;0x5010;0x5011;0x5012;0x5013;0x5100;0x5101;0x5102;0x5103;0x5110;0x5111;0x5112;0x5113;0x5200;0x5201;0x5202;0x5210;0x5211;0x5212;0x5300;0x5301;0x5302;0x5303;0x5310;0x5311;0x5312;0x5313;0x6000;0x6001;0x6002;0x6003;0x6004;0x6005;0x6010;0x6011;0x6012;0x6013;0x6014;0x6015;0x6100;0x6101;0x6102;0x6103;0x6104;0x6105;0x6110;0x6111;0x6112;0x6113;0x6114;0x6115;0x6200;0x6201;0x6202;0x6204;0x6205;0x6210;0x6211;0x6212;0x6214;0x6215;0x6300;0x6301;0x6302;0x6303;0x6304;0x6305;0x6310;0x6311;0x6312;0x6313;0x6314;0x6315;0x6500;0x6510,WQLSP;WQMSP;WQNSP;WQSSP,WQLSP;WQMSP;WQNSP;WQSSP,,WQLSP;WQMSP;WQNSP;WQSSP,no,
STAF08,26,STAFF,weapon,5132,Q2,yes,,data/Items.bif,0x0010072E,4B77E2733B974A0443732857D50231A2907536C991D49E6F8DE5066EE7AE3A17,78,78,0x5000;0x5001;0x5002;0x5003;0x5010;0x5011;0x5012;0x5013;0x5100;0x5101;0x5102;0x5103;0x5110;0x5111;0x5112;0x5113;0x5200;0x5201;0x5202;0x5210;0x5211;0x5212;0x5300;0x5301;0x5302;0x5303;0x5310;0x5311;0x5312;0x5313;0x6000;0x6001;0x6002;0x6003;0x6004;0x6005;0x6010;0x6011;0x6012;0x6013;0x6014;0x6015;0x6100;0x6101;0x6102;0x6103;0x6104;0x6105;0x6110;0x6111;0x6112;0x6113;0x6114;0x6115;0x6200;0x6201;0x6202;0x6204;0x6205;0x6210;0x6211;0x6212;0x6214;0x6215;0x6300;0x6301;0x6302;0x6303;0x6304;0x6305;0x6310;0x6311;0x6312;0x6313;0x6314;0x6315;0x6500;0x6510,WQLQ2;WQMQ2;WQNQ2;WQSQ2,WQLQ2;WQMQ2;WQNQ2;WQSQ2,,WQLQ2;WQMQ2;WQNQ2;WQSQ2,no,
STAF09,26,STAFF,weapon,5134,Q4,yes,,data/Items.bif,0x0010072F,C56ED723023CFDF49C7ED8879A1B1CC0DAB47B666277108BDC265F844177CEBD,78,78,0x5000;0x5001;0x5002;0x5003;0x5010;0x5011;0x5012;0x5013;0x5100;0x5101;0x5102;0x5103;0x5110;0x5111;0x5112;0x5113;0x5200;0x5201;0x5202;0x5210;0x5211;0x5212;0x5300;0x5301;0x5302;0x5303;0x5310;0x5311;0x5312;0x5313;0x6000;0x6001;0x6002;0x6003;0x6004;0x6005;0x6010;0x6011;0x6012;0x6013;0x6014;0x6015;0x6100;0x6101;0x6102;0x6103;0x6104;0x6105;0x6110;0x6111;0x6112;0x6113;0x6114;0x6115;0x6200;0x6201;0x6202;0x6204;0x6205;0x6210;0x6211;0x6212;0x6214;0x6215;0x6300;0x6301;0x6302;0x6303;0x6304;0x6305;0x6310;0x6311;0x6312;0x6313;0x6314;0x6315;0x6500;0x6510,WQLQ4;WQMQ4;WQNQ4;WQSQ4,WQLQ4;WQMQ4;WQNQ4;WQSQ4,,WQLQ4;WQMQ4;WQNQ4;WQSQ4,no,
STAF10,26,STAFF,weapon,5134,Q4,yes,,data/Items.bif,0x00100730,887871B831662F45498FFCAE45AA748DA64DD5254FA1026BCAFB69B5A6662255,78,78,0x5000;0x5001;0x5002;0x5003;0x5010;0x5011;0x5012;0x5013;0x5100;0x5101;0x5102;0x5103;0x5110;0x5111;0x5112;0x5113;0x5200;0x5201;0x5202;0x5210;0x5211;0x5212;0x5300;0x5301;0x5302;0x5303;0x5310;0x5311;0x5312;0x5313;0x6000;0x6001;0x6002;0x6003;0x6004;0x6005;0x6010;0x6011;0x6012;0x6013;0x6014;0x6015;0x6100;0x6101;0x6102;0x6103;0x6104;0x6105;0x6110;0x6111;0x6112;0x6113;0x6114;0x6115;0x6200;0x6201;0x6202;0x6204;0x6205;0x6210;0x6211;0x6212;0x6214;0x6215;0x6300;0x6301;0x6302;0x6303;0x6304;0x6305;0x6310;0x6311;0x6312;0x6313;0x6314;0x6315;0x6500;0x6510,WQLQ4;WQMQ4;WQNQ4;WQSQ4,WQLQ4;WQMQ4;WQNQ4;WQSQ4,,WQLQ4;WQMQ4;WQNQ4;WQSQ4,no,
STAF11,26,STAFF,weapon,4753,GS,yes,,data/Items.bif,0x00100731,6B8527FA36A5A5F7E35D439DC0CF2609B58A9D69B26A911B01786EB164280308,78,78,0x5000;0x5001;0x5002;0x5003;0x5010;0x5011;0x5012;0x5013;0x5100;0x5101;0x5102;0x5103;0x5110;0x5111;0x5112;0x5113;0x5200;0x5201;0x5202;0x5210;0x5211;0x5212;0x5300;0x5301;0x5302;0x5303;0x5310;0x5311;0x5312;0x5313;0x6000;0x6001;0x6002;0x6003;0x6004;0x6005;0x6010;0x6011;0x6012;0x6013;0x6014;0x6015;0x6100;0x6101;0x6102;0x6103;0x6104;0x6105;0x6110;0x6111;0x6112;0x6113;0x6114;0x6115;0x6200;0x6201;0x6202;0x6204;0x6205;0x6210;0x6211;0x6212;0x6214;0x6215;0x6300;0x6301;0x6302;0x6303;0x6304;0x6305;0x6310;0x6311;0x6312;0x6313;0x6314;0x6315;0x6500;0x6510,WQLGS;WQMGS;WQNGS;WQSGS,WQLGS;WQMGS;WQNGS;WQSGS,,WQLGS;WQMGS;WQNGS;WQSGS,no,
STAF12,26,STAFF,weapon,5132,Q2,yes,,data/Items.bif,0x00100732,F65300488923835979AED8FCC91E4213BFFCF1E4892B0BE93E501781961B842C,78,78,0x5000;0x5001;0x5002;0x5003;0x5010;0x5011;0x5012;0x5013;0x5100;0x5101;0x5102;0x5103;0x5110;0x5111;0x5112;0x5113;0x5200;0x5201;0x5202;0x5210;0x5211;0x5212;0x5300;0x5301;0x5302;0x5303;0x5310;0x5311;0x5312;0x5313;0x6000;0x6001;0x6002;0x6003;0x6004;0x6005;0x6010;0x6011;0x6012;0x6013;0x6014;0x6015;0x6100;0x6101;0x6102;0x6103;0x6104;0x6105;0x6110;0x6111;0x6112;0x6113;0x6114;0x6115;0x6200;0x6201;0x6202;0x6204;0x6205;0x6210;0x6211;0x6212;0x6214;0x6215;0x6300;0x6301;0x6302;0x6303;0x6304;0x6305;0x6310;0x6311;0x6312;0x6313;0x6314;0x6315;0x6500;0x6510,WQLQ2;WQMQ2;WQNQ2;WQSQ2,WQLQ2;WQMQ2;WQNQ2;WQSQ2,,WQLQ2;WQMQ2;WQNQ2;WQSQ2,no,
STAF13,26,STAFF,weapon,5134,Q4,yes,,data/Items.bif,0x00100733,1620571075AD52079E48B55DDD770A86C860EBD60BCD9D4543DBED04360E77EE,78,78,0x5000;0x5001;0x5002;0x5003;0x5010;0x5011;0x5012;0x5013;0x5100;0x5101;0x5102;0x5103;0x5110;0x5111;0x5112;0x5113;0x5200;0x5201;0x5202;0x5210;0x5211;0x5212;0x5300;0x5301;0x5302;0x5303;0x5310;0x5311;0x5312;0x5313;0x6000;0x6001;0x6002;0x6003;0x6004;0x6005;0x6010;0x6011;0x6012;0x6013;0x6014;0x6015;0x6100;0x6101;0x6102;0x6103;0x6104;0x6105;0x6110;0x6111;0x6112;0x6113;0x6114;0x6115;0x6200;0x6201;0x6202;0x6204;0x6205;0x6210;0x6211;0x6212;0x6214;0x6215;0x6300;0x6301;0x6302;0x6303;0x6304;0x6305;0x6310;0x6311;0x6312;0x6313;0x6314;0x6315;0x6500;0x6510,WQLQ4;WQMQ4;WQNQ4;WQSQ4,WQLQ4;WQMQ4;WQNQ4;WQSQ4,,WQLQ4;WQMQ4;WQNQ4;WQSQ4,no,
STAF14,26,STAFF,weapon,5133,Q3,yes,,data/Items.bif,0x00100734,7D26012F9E83A5A8E33C9C2074111C988BDEE6D96FA844BDAEBD71419F1EEEFC,78,78,0x5000;0x5001;0x5002;0x5003;0x5010;0x5011;0x5012;0x5013;0x5100;0x5101;0x5102;0x5103;0x5110;0x5111;0x5112;0x5113;0x5200;0x5201;0x5202;0x5210;0x5211;0x5212;0x5300;0x5301;0x5302;0x5303;0x5310;0x5311;0x5312;0x5313;0x6000;0x6001;0x6002;0x6003;0x6004;0x6005;0x6010;0x6011;0x6012;0x6013;0x6014;0x6015;0x6100;0x6101;0x6102;0x6103;0x6104;0x6105;0x6110;0x6111;0x6112;0x6113;0x6114;0x6115;0x6200;0x6201;0x6202;0x6204;0x6205;0x6210;0x6211;0x6212;0x6214;0x6215;0x6300;0x6301;0x6302;0x6303;0x6304;0x6305;0x6310;0x6311;0x6312;0x6313;0x6314;0x6315;0x6500;0x6510,WQLQ3;WQMQ3;WQNQ3;WQSQ3,WQLQ3;WQMQ3;WQNQ3;WQSQ3,,WQLQ3;WQMQ3;WQNQ3;WQSQ3,no,
STAF15,26,STAFF,weapon,5134,Q4,yes,,data/Items.bif,0x00100735,5CE8C961A91433AFAFDDD4AD88A128CAB549A207FB258BF2D91759593B0704CA,78,78,0x5000;0x5001;0x5002;0x5003;0x5010;0x5011;0x5012;0x5013;0x5100;0x5101;0x5102;0x5103;0x5110;0x5111;0x5112;0x5113;0x5200;0x5201;0x5202;0x5210;0x5211;0x5212;0x5300;0x5301;0x5302;0x5303;0x5310;0x5311;0x5312;0x5313;0x6000;0x6001;0x6002;0x6003;0x6004;0x6005;0x6010;0x6011;0x6012;0x6013;0x6014;0x6015;0x6100;0x6101;0x6102;0x6103;0x6104;0x6105;0x6110;0x6111;0x6112;0x6113;0x6114;0x6115;0x6200;0x6201;0x6202;0x6204;0x6205;0x6210;0x6211;0x6212;0x6214;0x6215;0x6300;0x6301;0x6302;0x6303;0x6304;0x6305;0x6310;0x6311;0x6312;0x6313;0x6314;0x6315;0x6500;0x6510,WQLQ4;WQMQ4;WQNQ4;WQSQ4,WQLQ4;WQMQ4;WQNQ4;WQSQ4,,WQLQ4;WQMQ4;WQNQ4;WQSQ4,no,
STAF16,26,STAFF,weapon,5153,QS,yes,,data/Items.bif,0x00100736,76038467D94EAA4D4742EC07C3A1C5F0911D18395897A8275A9DACFE33A2504A,78,78,0x5000;0x5001;0x5002;0x5003;0x5010;0x5011;0x5012;0x5013;0x5100;0x5101;0x5102;0x5103;0x5110;0x5111;0x5112;0x5113;0x5200;0x5201;0x5202;0x5210;0x5211;0x5212;0x5300;0x5301;0x5302;0x5303;0x5310;0x5311;0x5312;0x5313;0x6000;0x6001;0x6002;0x6003;0x6004;0x6005;0x6010;0x6011;0x6012;0x6013;0x6014;0x6015;0x6100;0x6101;0x6102;0x6103;0x6104;0x6105;0x6110;0x6111;0x6112;0x6113;0x6114;0x6115;0x6200;0x6201;0x6202;0x6204;0x6205;0x6210;0x6211;0x6212;0x6214;0x6215;0x6300;0x6301;0x6302;0x6303;0x6304;0x6305;0x6310;0x6311;0x6312;0x6313;0x6314;0x6315;0x6500;0x6510,WQLQS;WQMQS;WQNQS;WQSQS,WQLQS;WQMQS;WQNQS;WQSQS,,WQLQS;WQMQS;WQNQS;WQSQS,no,
STAF17,26,STAFF,weapon,5134,Q4,yes,,data/Items.bif,0x00100737,399016860B56A81D8FF597F5858E8585B98059CD93B1B27EF02186A602BAAFA7,78,78,0x5000;0x5001;0x5002;0x5003;0x5010;0x5011;0x5012;0x5013;0x5100;0x5101;0x5102;0x5103;0x5110;0x5111;0x5112;0x5113;0x5200;0x5201;0x5202;0x5210;0x5211;0x5212;0x5300;0x5301;0x5302;0x5303;0x5310;0x5311;0x5312;0x5313;0x6000;0x6001;0x6002;0x6003;0x6004;0x6005;0x6010;0x6011;0x6012;0x6013;0x6014;0x6015;0x6100;0x6101;0x6102;0x6103;0x6104;0x6105;0x6110;0x6111;0x6112;0x6113;0x6114;0x6115;0x6200;0x6201;0x6202;0x6204;0x6205;0x6210;0x6211;0x6212;0x6214;0x6215;0x6300;0x6301;0x6302;0x6303;0x6304;0x6305;0x6310;0x6311;0x6312;0x6313;0x6314;0x6315;0x6500;0x6510,WQLQ4;WQMQ4;WQNQ4;WQSQ4,WQLQ4;WQMQ4;WQNQ4;WQSQ4,,WQLQ4;WQMQ4;WQNQ4;WQSQ4,no,
STAF18,26,STAFF,weapon,5133,Q3,yes,,data/Items.bif,0x00100738,3C464D68B2F2FF6F787A66CDAFD87803CB2FDFE03A14228634FD705A07D40ED5,78,78,0x5000;0x5001;0x5002;0x5003;0x5010;0x5011;0x5012;0x5013;0x5100;0x5101;0x5102;0x5103;0x5110;0x5111;0x5112;0x5113;0x5200;0x5201;0x5202;0x5210;0x5211;0x5212;0x5300;0x5301;0x5302;0x5303;0x5310;0x5311;0x5312;0x5313;0x6000;0x6001;0x6002;0x6003;0x6004;0x6005;0x6010;0x6011;0x6012;0x6013;0x6014;0x6015;0x6100;0x6101;0x6102;0x6103;0x6104;0x6105;0x6110;0x6111;0x6112;0x6113;0x6114;0x6115;0x6200;0x6201;0x6202;0x6204;0x6205;0x6210;0x6211;0x6212;0x6214;0x6215;0x6300;0x6301;0x6302;0x6303;0x6304;0x6305;0x6310;0x6311;0x6312;0x6313;0x6314;0x6315;0x6500;0x6510,WQLQ3;WQMQ3;WQNQ3;WQSQ3,WQLQ3;WQMQ3;WQNQ3;WQSQ3,,WQLQ3;WQMQ3;WQNQ3;WQSQ3,no,
STAF19,26,STAFF,weapon,5133,Q3,yes,,data/Items.bif,0x00100739,A611B8598C6E1CFA87DC615E29481E692155420AFF67B6CF645609140CF13A79,78,78,0x5000;0x5001;0x5002;0x5003;0x5010;0x5011;0x5012;0x5013;0x5100;0x5101;0x5102;0x5103;0x5110;0x5111;0x5112;0x5113;0x5200;0x5201;0x5202;0x5210;0x5211;0x5212;0x5300;0x5301;0x5302;0x5303;0x5310;0x5311;0x5312;0x5313;0x6000;0x6001;0x6002;0x6003;0x6004;0x6005;0x6010;0x6011;0x6012;0x6013;0x6014;0x6015;0x6100;0x6101;0x6102;0x6103;0x6104;0x6105;0x6110;0x6111;0x6112;0x6113;0x6114;0x6115;0x6200;0x6201;0x6202;0x6204;0x6205;0x6210;0x6211;0x6212;0x6214;0x6215;0x6300;0x6301;0x6302;0x6303;0x6304;0x6305;0x6310;0x6311;0x6312;0x6313;0x6314;0x6315;0x6500;0x6510,WQLQ3;WQMQ3;WQNQ3;WQSQ3,WQLQ3;WQMQ3;WQNQ3;WQSQ3,,WQLQ3;WQMQ3;WQNQ3;WQSQ3,no,
STAF20,26,STAFF,weapon,5133,Q3,yes,,data/Items.bif,0x0010073A,8D7B758034E87965240D639A864DADCEEF68482F61374FF1999BF209A2F03A1D,78,78,0x5000;0x5001;0x5002;0x5003;0x5010;0x5011;0x5012;0x5013;0x5100;0x5101;0x5102;0x5103;0x5110;0x5111;0x5112;0x5113;0x5200;0x5201;0x5202;0x5210;0x5211;0x5212;0x5300;0x5301;0x5302;0x5303;0x5310;0x5311;0x5312;0x5313;0x6000;0x6001;0x6002;0x6003;0x6004;0x6005;0x6010;0x6011;0x6012;0x6013;0x6014;0x6015;0x6100;0x6101;0x6102;0x6103;0x6104;0x6105;0x6110;0x6111;0x6112;0x6113;0x6114;0x6115;0x6200;0x6201;0x6202;0x6204;0x6205;0x6210;0x6211;0x6212;0x6214;0x6215;0x6300;0x6301;0x6302;0x6303;0x6304;0x6305;0x6310;0x6311;0x6312;0x6313;0x6314;0x6315;0x6500;0x6510,WQLQ3;WQMQ3;WQNQ3;WQSQ3,WQLQ3;WQMQ3;WQNQ3;WQSQ3,,WQLQ3;WQMQ3;WQNQ3;WQSQ3,no,
STAF21,26,STAFF,weapon,4753,GS,yes,,data/25Items.bif,0x084001A3,9651666206AE61D5ED5ACDCC0A9BC9E76BE5D015BC66F46D2D5580A48D9A1C4A,78,78,0x5000;0x5001;0x5002;0x5003;0x5010;0x5011;0x5012;0x5013;0x5100;0x5101;0x5102;0x5103;0x5110;0x5111;0x5112;0x5113;0x5200;0x5201;0x5202;0x5210;0x5211;0x5212;0x5300;0x5301;0x5302;0x5303;0x5310;0x5311;0x5312;0x5313;0x6000;0x6001;0x6002;0x6003;0x6004;0x6005;0x6010;0x6011;0x6012;0x6013;0x6014;0x6015;0x6100;0x6101;0x6102;0x6103;0x6104;0x6105;0x6110;0x6111;0x6112;0x6113;0x6114;0x6115;0x6200;0x6201;0x6202;0x6204;0x6205;0x6210;0x6211;0x6212;0x6214;0x6215;0x6300;0x6301;0x6302;0x6303;0x6304;0x6305;0x6310;0x6311;0x6312;0x6313;0x6314;0x6315;0x6500;0x6510,WQLGS;WQMGS;WQNGS;WQSGS,WQLGS;WQMGS;WQNGS;WQSGS,,WQLGS;WQMGS;WQNGS;WQSGS,no,
STAF22,26,STAFF,weapon,4753,GS,yes,,data/25Items.bif,0x084001A4,7596B7799DEBFC44C96A722E522BF24399F58A3CF241356DA688B1D3F3099A38,78,78,0x5000;0x5001;0x5002;0x5003;0x5010;0x5011;0x5012;0x5013;0x5100;0x5101;0x5102;0x5103;0x5110;0x5111;0x5112;0x5113;0x5200;0x5201;0x5202;0x5210;0x5211;0x5212;0x5300;0x5301;0x5302;0x5303;0x5310;0x5311;0x5312;0x5313;0x6000;0x6001;0x6002;0x6003;0x6004;0x6005;0x6010;0x6011;0x6012;0x6013;0x6014;0x6015;0x6100;0x6101;0x6102;0x6103;0x6104;0x6105;0x6110;0x6111;0x6112;0x6113;0x6114;0x6115;0x6200;0x6201;0x6202;0x6204;0x6205;0x6210;0x6211;0x6212;0x6214;0x6215;0x6300;0x6301;0x6302;0x6303;0x6304;0x6305;0x6310;0x6311;0x6312;0x6313;0x6314;0x6315;0x6500;0x6510,WQLGS;WQMGS;WQNGS;WQSGS,WQLGS;WQMGS;WQNGS;WQSGS,,WQLGS;WQMGS;WQNGS;WQSGS,no,
STAF23,26,STAFF,weapon,5133,Q3,yes,,data/25Items.bif,0x084001A5,0A945283C7E99566E1508F1E1F5E005FF625FB6214022FF830567EC3BB7A80F4,78,78,0x5000;0x5001;0x5002;0x5003;0x5010;0x5011;0x5012;0x5013;0x5100;0x5101;0x5102;0x5103;0x5110;0x5111;0x5112;0x5113;0x5200;0x5201;0x5202;0x5210;0x5211;0x5212;0x5300;0x5301;0x5302;0x5303;0x5310;0x5311;0x5312;0x5313;0x6000;0x6001;0x6002;0x6003;0x6004;0x6005;0x6010;0x6011;0x6012;0x6013;0x6014;0x6015;0x6100;0x6101;0x6102;0x6103;0x6104;0x6105;0x6110;0x6111;0x6112;0x6113;0x6114;0x6115;0x6200;0x6201;0x6202;0x6204;0x6205;0x6210;0x6211;0x6212;0x6214;0x6215;0x6300;0x6301;0x6302;0x6303;0x6304;0x6305;0x6310;0x6311;0x6312;0x6313;0x6314;0x6315;0x6500;0x6510,WQLQ3;WQMQ3;WQNQ3;WQSQ3,WQLQ3;WQMQ3;WQNQ3;WQSQ3,,WQLQ3;WQMQ3;WQNQ3;WQSQ3,no,
STAF24,26,STAFF,weapon,5132,Q2,yes,,data/25Items.bif,0x084001A6,75F9D0E2BC690BC12F1F5DA1845E7487A671BAAF4D1B0E58EA999B604A23DB22,78,78,0x5000;0x5001;0x5002;0x5003;0x5010;0x5011;0x5012;0x5013;0x5100;0x5101;0x5102;0x5103;0x5110;0x5111;0x5112;0x5113;0x5200;0x5201;0x5202;0x5210;0x5211;0x5212;0x5300;0x5301;0x5302;0x5303;0x5310;0x5311;0x5312;0x5313;0x6000;0x6001;0x6002;0x6003;0x6004;0x6005;0x6010;0x6011;0x6012;0x6013;0x6014;0x6015;0x6100;0x6101;0x6102;0x6103;0x6104;0x6105;0x6110;0x6111;0x6112;0x6113;0x6114;0x6115;0x6200;0x6201;0x6202;0x6204;0x6205;0x6210;0x6211;0x6212;0x6214;0x6215;0x6300;0x6301;0x6302;0x6303;0x6304;0x6305;0x6310;0x6311;0x6312;0x6313;0x6314;0x6315;0x6500;0x6510,WQLQ2;WQMQ2;WQNQ2;WQSQ2,WQLQ2;WQMQ2;WQNQ2;WQSQ2,,WQLQ2;WQMQ2;WQNQ2;WQSQ2,no,
STAFN1,26,STAFF,weapon,5153,QS,yes,,data/Items.bif,0x0010073B,D4017AD34A2715830E28FF600CA5A8FEA67CBA14FB0B68C5226B861C52EA99B0,78,78,0x5000;0x5001;0x5002;0x5003;0x5010;0x5011;0x5012;0x5013;0x5100;0x5101;0x5102;0x5103;0x5110;0x5111;0x5112;0x5113;0x5200;0x5201;0x5202;0x5210;0x5211;0x5212;0x5300;0x5301;0x5302;0x5303;0x5310;0x5311;0x5312;0x5313;0x6000;0x6001;0x6002;0x6003;0x6004;0x6005;0x6010;0x6011;0x6012;0x6013;0x6014;0x6015;0x6100;0x6101;0x6102;0x6103;0x6104;0x6105;0x6110;0x6111;0x6112;0x6113;0x6114;0x6115;0x6200;0x6201;0x6202;0x6204;0x6205;0x6210;0x6211;0x6212;0x6214;0x6215;0x6300;0x6301;0x6302;0x6303;0x6304;0x6305;0x6310;0x6311;0x6312;0x6313;0x6314;0x6315;0x6500;0x6510,WQLQS;WQMQS;WQNQS;WQSQS,WQLQS;WQMQS;WQNQS;WQSQS,,WQLQS;WQMQS;WQNQS;WQSQS,no,
STALKE1,10,RING,,2020,,no,,data/Items.bif,0x0010073C,650E5417972B3181D94FB53C021D425F6EC626725184AA63C4E46ADBBA72E982,0,0,,,,,,no,
STALKER,10,RING,,2020,,no,,data/Items.bif,0x0010073D,230EED2F3380746608BE99A77974935FB75215E97B982513A7F61C07F315B9FF,0,0,,,,,,no,
STALKESU,0,MISC,,2020,,no,,data/Items.bif,0x0010073E,0D7B73D48420A77413FF7E3223A4C684A5F084C356B2E6045A6654914859BA10,0,0,,,,,,no,
STARDART,24,DART,weapon,2020,,no,,data/Items.bif,0x0010073F,0A0A8D83B327D3E9299E8066336C4929DFAB3FC80081E6E5B005B863828B1B8A,0,0,,,,,,no,no-compatible-character-family;visual-animation-code-invalid
STDEATH,19,SMSWORD,weapon,5353,SS,yes,,data/Items.bif,0x00100740,011FF55448F98BCE79BDC2DF7148CEF50E3C135F6B546322DC5366B62213F46E,78,78,0x5000;0x5001;0x5002;0x5003;0x5010;0x5011;0x5012;0x5013;0x5100;0x5101;0x5102;0x5103;0x5110;0x5111;0x5112;0x5113;0x5200;0x5201;0x5202;0x5210;0x5211;0x5212;0x5300;0x5301;0x5302;0x5303;0x5310;0x5311;0x5312;0x5313;0x6000;0x6001;0x6002;0x6003;0x6004;0x6005;0x6010;0x6011;0x6012;0x6013;0x6014;0x6015;0x6100;0x6101;0x6102;0x6103;0x6104;0x6105;0x6110;0x6111;0x6112;0x6113;0x6114;0x6115;0x6200;0x6201;0x6202;0x6204;0x6205;0x6210;0x6211;0x6212;0x6214;0x6215;0x6300;0x6301;0x6302;0x6303;0x6304;0x6305;0x6310;0x6311;0x6312;0x6313;0x6314;0x6315;0x6500;0x6510,WQLSS;WQMSS;WQNSS;WQSSS,WQLSS;WQMSS;WQNSS;WQSSS,,WQLSS;WQMSS;WQNSS;WQSSS,no,
STONRING,10,RING,,2020,,no,,data/25Items.bif,0x084001A7,AF8A9EEE030CD13F4260193838D7B31ACE8CD584D5BD6618B50B1300C2DCD6B5,0,0,,,,,,no,
STONSKIN,1,AMULET,,2020,,no,,data/Items.bif,0x00100741,9BC55C55761A71C9161CFC77721444E5F8E7F121CECA73C6FE2FF6407A3EE8BA,0,0,,,,,,no,
SUREHP1,10,RING,,2020,,no,,data/25Items.bif,0x084001A8,E35155A2945D0C6CEE7B15C1DC613FC36D617C5BDD2345F02DB9BCB0AA5AB2CC,0,0,,,,,,no,
SW1H01,20,BGSWORD,weapon,5330,S0,yes,,data/Items.bif,0x00100742,C78BBEC33ABCD8D37225801EDF59CBFAE88699E217A8C567DBEEF534F094CE8C,78,78,0x5000;0x5001;0x5002;0x5003;0x5010;0x5011;0x5012;0x5013;0x5100;0x5101;0x5102;0x5103;0x5110;0x5111;0x5112;0x5113;0x5200;0x5201;0x5202;0x5210;0x5211;0x5212;0x5300;0x5301;0x5302;0x5303;0x5310;0x5311;0x5312;0x5313;0x6000;0x6001;0x6002;0x6003;0x6004;0x6005;0x6010;0x6011;0x6012;0x6013;0x6014;0x6015;0x6100;0x6101;0x6102;0x6103;0x6104;0x6105;0x6110;0x6111;0x6112;0x6113;0x6114;0x6115;0x6200;0x6201;0x6202;0x6204;0x6205;0x6210;0x6211;0x6212;0x6214;0x6215;0x6300;0x6301;0x6302;0x6303;0x6304;0x6305;0x6310;0x6311;0x6312;0x6313;0x6314;0x6315;0x6500;0x6510,WQLS0;WQMS0;WQNS0;WQSS0,WQLS0;WQMS0;WQNS0;WQSS0,,WQLS0;WQMS0;WQNS0;WQSS0,no,
SW1H02,20,BGSWORD,weapon,5330,S0,yes,,data/Items.bif,0x00100743,6B7A2F8288B9921F9A0CE3913EE211D3329FC9CC89AE7F19B1BEF8F6391A4D66,78,78,0x5000;0x5001;0x5002;0x5003;0x5010;0x5011;0x5012;0x5013;0x5100;0x5101;0x5102;0x5103;0x5110;0x5111;0x5112;0x5113;0x5200;0x5201;0x5202;0x5210;0x5211;0x5212;0x5300;0x5301;0x5302;0x5303;0x5310;0x5311;0x5312;0x5313;0x6000;0x6001;0x6002;0x6003;0x6004;0x6005;0x6010;0x6011;0x6012;0x6013;0x6014;0x6015;0x6100;0x6101;0x6102;0x6103;0x6104;0x6105;0x6110;0x6111;0x6112;0x6113;0x6114;0x6115;0x6200;0x6201;0x6202;0x6204;0x6205;0x6210;0x6211;0x6212;0x6214;0x6215;0x6300;0x6301;0x6302;0x6303;0x6304;0x6305;0x6310;0x6311;0x6312;0x6313;0x6314;0x6315;0x6500;0x6510,WQLS0;WQMS0;WQNS0;WQSS0,WQLS0;WQMS0;WQNS0;WQSS0,,WQLS0;WQMS0;WQNS0;WQSS0,no,
SW1H03,20,BGSWORD,weapon,5330,S0,yes,,data/Items.bif,0x00100744,DC9E878F6E8A482D40774A670F070F3A054B01A6D3468B7EEE3BD045CDE27C58,78,78,0x5000;0x5001;0x5002;0x5003;0x5010;0x5011;0x5012;0x5013;0x5100;0x5101;0x5102;0x5103;0x5110;0x5111;0x5112;0x5113;0x5200;0x5201;0x5202;0x5210;0x5211;0x5212;0x5300;0x5301;0x5302;0x5303;0x5310;0x5311;0x5312;0x5313;0x6000;0x6001;0x6002;0x6003;0x6004;0x6005;0x6010;0x6011;0x6012;0x6013;0x6014;0x6015;0x6100;0x6101;0x6102;0x6103;0x6104;0x6105;0x6110;0x6111;0x6112;0x6113;0x6114;0x6115;0x6200;0x6201;0x6202;0x6204;0x6205;0x6210;0x6211;0x6212;0x6214;0x6215;0x6300;0x6301;0x6302;0x6303;0x6304;0x6305;0x6310;0x6311;0x6312;0x6313;0x6314;0x6315;0x6500;0x6510,WQLS0;WQMS0;WQNS0;WQSS0,WQLS0;WQMS0;WQNS0;WQSS0,,WQLS0;WQMS0;WQNS0;WQSS0,no,
SW1H04,20,BGSWORD,weapon,5331,S1,yes,,data/Items.bif,0x00100745,ECE54F451B32023586143485AA0D79FFF9A91F84753A3F5F70F48048B00EC039,78,78,0x5000;0x5001;0x5002;0x5003;0x5010;0x5011;0x5012;0x5013;0x5100;0x5101;0x5102;0x5103;0x5110;0x5111;0x5112;0x5113;0x5200;0x5201;0x5202;0x5210;0x5211;0x5212;0x5300;0x5301;0x5302;0x5303;0x5310;0x5311;0x5312;0x5313;0x6000;0x6001;0x6002;0x6003;0x6004;0x6005;0x6010;0x6011;0x6012;0x6013;0x6014;0x6015;0x6100;0x6101;0x6102;0x6103;0x6104;0x6105;0x6110;0x6111;0x6112;0x6113;0x6114;0x6115;0x6200;0x6201;0x6202;0x6204;0x6205;0x6210;0x6211;0x6212;0x6214;0x6215;0x6300;0x6301;0x6302;0x6303;0x6304;0x6305;0x6310;0x6311;0x6312;0x6313;0x6314;0x6315;0x6500;0x6510,WQLS1;WQMS1;WQNS1;WQSS1,WQLS1;WQMS1;WQNS1;WQSS1,,WQLS1;WQMS1;WQNS1;WQSS1,no,
SW1H05,20,BGSWORD,weapon,5331,S1,yes,,data/Items.bif,0x00100746,23061B44C2E50F62D0818DDF518B77B4A2342B4D75AD6BDF6B5222597999E052,78,78,0x5000;0x5001;0x5002;0x5003;0x5010;0x5011;0x5012;0x5013;0x5100;0x5101;0x5102;0x5103;0x5110;0x5111;0x5112;0x5113;0x5200;0x5201;0x5202;0x5210;0x5211;0x5212;0x5300;0x5301;0x5302;0x5303;0x5310;0x5311;0x5312;0x5313;0x6000;0x6001;0x6002;0x6003;0x6004;0x6005;0x6010;0x6011;0x6012;0x6013;0x6014;0x6015;0x6100;0x6101;0x6102;0x6103;0x6104;0x6105;0x6110;0x6111;0x6112;0x6113;0x6114;0x6115;0x6200;0x6201;0x6202;0x6204;0x6205;0x6210;0x6211;0x6212;0x6214;0x6215;0x6300;0x6301;0x6302;0x6303;0x6304;0x6305;0x6310;0x6311;0x6312;0x6313;0x6314;0x6315;0x6500;0x6510,WQLS1;WQMS1;WQNS1;WQSS1,WQLS1;WQMS1;WQNS1;WQSS1,,WQLS1;WQMS1;WQNS1;WQSS1,no,
SW1H06,20,BGSWORD,weapon,5331,S1,yes,,data/Items.bif,0x00100747,4CA57DBA0F034560642A263333B71688DCEDFF325C71B00134524F62AC1FC8F6,78,78,0x5000;0x5001;0x5002;0x5003;0x5010;0x5011;0x5012;0x5013;0x5100;0x5101;0x5102;0x5103;0x5110;0x5111;0x5112;0x5113;0x5200;0x5201;0x5202;0x5210;0x5211;0x5212;0x5300;0x5301;0x5302;0x5303;0x5310;0x5311;0x5312;0x5313;0x6000;0x6001;0x6002;0x6003;0x6004;0x6005;0x6010;0x6011;0x6012;0x6013;0x6014;0x6015;0x6100;0x6101;0x6102;0x6103;0x6104;0x6105;0x6110;0x6111;0x6112;0x6113;0x6114;0x6115;0x6200;0x6201;0x6202;0x6204;0x6205;0x6210;0x6211;0x6212;0x6214;0x6215;0x6300;0x6301;0x6302;0x6303;0x6304;0x6305;0x6310;0x6311;0x6312;0x6313;0x6314;0x6315;0x6500;0x6510,WQLS1;WQMS1;WQNS1;WQSS1,WQLS1;WQMS1;WQNS1;WQSS1,,WQLS1;WQMS1;WQNS1;WQSS1,no,
SW1H07,19,SMSWORD,weapon,5353,SS,yes,,data/Items.bif,0x00100748,78DE2E406067B2D94114912ED7C730E7DF59D1345E1C062928746DCD39BE8F62,78,78,0x5000;0x5001;0x5002;0x5003;0x5010;0x5011;0x5012;0x5013;0x5100;0x5101;0x5102;0x5103;0x5110;0x5111;0x5112;0x5113;0x5200;0x5201;0x5202;0x5210;0x5211;0x5212;0x5300;0x5301;0x5302;0x5303;0x5310;0x5311;0x5312;0x5313;0x6000;0x6001;0x6002;0x6003;0x6004;0x6005;0x6010;0x6011;0x6012;0x6013;0x6014;0x6015;0x6100;0x6101;0x6102;0x6103;0x6104;0x6105;0x6110;0x6111;0x6112;0x6113;0x6114;0x6115;0x6200;0x6201;0x6202;0x6204;0x6205;0x6210;0x6211;0x6212;0x6214;0x6215;0x6300;0x6301;0x6302;0x6303;0x6304;0x6305;0x6310;0x6311;0x6312;0x6313;0x6314;0x6315;0x6500;0x6510,WQLSS;WQMSS;WQNSS;WQSSS,WQLSS;WQMSS;WQNSS;WQSSS,,WQLSS;WQMSS;WQNSS;WQSSS,no,
SW1H08,19,SMSWORD,weapon,5353,SS,yes,,data/Items.bif,0x00100749,0864DE4A71AA6612AC060705FDDB280B7BDC4D97ED8839C242A7165D79E0CC03,78,78,0x5000;0x5001;0x5002;0x5003;0x5010;0x5011;0x5012;0x5013;0x5100;0x5101;0x5102;0x5103;0x5110;0x5111;0x5112;0x5113;0x5200;0x5201;0x5202;0x5210;0x5211;0x5212;0x5300;0x5301;0x5302;0x5303;0x5310;0x5311;0x5312;0x5313;0x6000;0x6001;0x6002;0x6003;0x6004;0x6005;0x6010;0x6011;0x6012;0x6013;0x6014;0x6015;0x6100;0x6101;0x6102;0x6103;0x6104;0x6105;0x6110;0x6111;0x6112;0x6113;0x6114;0x6115;0x6200;0x6201;0x6202;0x6204;0x6205;0x6210;0x6211;0x6212;0x6214;0x6215;0x6300;0x6301;0x6302;0x6303;0x6304;0x6305;0x6310;0x6311;0x6312;0x6313;0x6314;0x6315;0x6500;0x6510,WQLSS;WQMSS;WQNSS;WQSSS,WQLSS;WQMSS;WQNSS;WQSSS,,WQLSS;WQMSS;WQNSS;WQSSS,no,
SW1H09,19,SMSWORD,weapon,5353,SS,yes,,data/Items.bif,0x0010074A,350EF28046FEDC13DD9FAC7A04052F8213A3AF2D2A47917A16AC2685D61D578C,78,78,0x5000;0x5001;0x5002;0x5003;0x5010;0x5011;0x5012;0x5013;0x5100;0x5101;0x5102;0x5103;0x5110;0x5111;0x5112;0x5113;0x5200;0x5201;0x5202;0x5210;0x5211;0x5212;0x5300;0x5301;0x5302;0x5303;0x5310;0x5311;0x5312;0x5313;0x6000;0x6001;0x6002;0x6003;0x6004;0x6005;0x6010;0x6011;0x6012;0x6013;0x6014;0x6015;0x6100;0x6101;0x6102;0x6103;0x6104;0x6105;0x6110;0x6111;0x6112;0x6113;0x6114;0x6115;0x6200;0x6201;0x6202;0x6204;0x6205;0x6210;0x6211;0x6212;0x6214;0x6215;0x6300;0x6301;0x6302;0x6303;0x6304;0x6305;0x6310;0x6311;0x6312;0x6313;0x6314;0x6315;0x6500;0x6510,WQLSS;WQMSS;WQNSS;WQSSS,WQLSS;WQMSS;WQNSS;WQSSS,,WQLSS;WQMSS;WQNSS;WQSSS,no,
SW1H10,19,SMSWORD,weapon,5353,SS,yes,,data/Items.bif,0x0010074B,B21CBA6CD29F55CBABF069BFEEC51062343BA2184B3C3A7617B38877D553E588,78,78,0x5000;0x5001;0x5002;0x5003;0x5010;0x5011;0x5012;0x5013;0x5100;0x5101;0x5102;0x5103;0x5110;0x5111;0x5112;0x5113;0x5200;0x5201;0x5202;0x5210;0x5211;0x5212;0x5300;0x5301;0x5302;0x5303;0x5310;0x5311;0x5312;0x5313;0x6000;0x6001;0x6002;0x6003;0x6004;0x6005;0x6010;0x6011;0x6012;0x6013;0x6014;0x6015;0x6100;0x6101;0x6102;0x6103;0x6104;0x6105;0x6110;0x6111;0x6112;0x6113;0x6114;0x6115;0x6200;0x6201;0x6202;0x6204;0x6205;0x6210;0x6211;0x6212;0x6214;0x6215;0x6300;0x6301;0x6302;0x6303;0x6304;0x6305;0x6310;0x6311;0x6312;0x6313;0x6314;0x6315;0x6500;0x6510,WQLSS;WQMSS;WQNSS;WQSSS,WQLSS;WQMSS;WQNSS;WQSSS,,WQLSS;WQMSS;WQNSS;WQSSS,no,
SW1H11,20,BGSWORD,weapon,4653,FS,yes,,data/Items.bif,0x0010074C,9CD3091E8811D4D251F74EBD8097940A213ED6D0EF04EE1B8ABDDED28476FB0C,78,78,0x5000;0x5001;0x5002;0x5003;0x5010;0x5011;0x5012;0x5013;0x5100;0x5101;0x5102;0x5103;0x5110;0x5111;0x5112;0x5113;0x5200;0x5201;0x5202;0x5210;0x5211;0x5212;0x5300;0x5301;0x5302;0x5303;0x5310;0x5311;0x5312;0x5313;0x6000;0x6001;0x6002;0x6003;0x6004;0x6005;0x6010;0x6011;0x6012;0x6013;0x6014;0x6015;0x6100;0x6101;0x6102;0x6103;0x6104;0x6105;0x6110;0x6111;0x6112;0x6113;0x6114;0x6115;0x6200;0x6201;0x6202;0x6204;0x6205;0x6210;0x6211;0x6212;0x6214;0x6215;0x6300;0x6301;0x6302;0x6303;0x6304;0x6305;0x6310;0x6311;0x6312;0x6313;0x6314;0x6315;0x6500;0x6510,WQLFS;WQMFS;WQNFS;WQSFS,WQLFS;WQMFS;WQNFS;WQSFS,,WQLFS;WQMFS;WQNFS;WQSFS,no,
SW1H12,20,BGSWORD,weapon,5331,S1,yes,,data/Items.bif,0x0010074D,732D3A68E2A2923C5C077C366C02C7488F4F399AD3673EC36C6F22E3BC76B8AD,78,78,0x5000;0x5001;0x5002;0x5003;0x5010;0x5011;0x5012;0x5013;0x5100;0x5101;0x5102;0x5103;0x5110;0x5111;0x5112;0x5113;0x5200;0x5201;0x5202;0x5210;0x5211;0x5212;0x5300;0x5301;0x5302;0x5303;0x5310;0x5311;0x5312;0x5313;0x6000;0x6001;0x6002;0x6003;0x6004;0x6005;0x6010;0x6011;0x6012;0x6013;0x6014;0x6015;0x6100;0x6101;0x6102;0x6103;0x6104;0x6105;0x6110;0x6111;0x6112;0x6113;0x6114;0x6115;0x6200;0x6201;0x6202;0x6204;0x6205;0x6210;0x6211;0x6212;0x6214;0x6215;0x6300;0x6301;0x6302;0x6303;0x6304;0x6305;0x6310;0x6311;0x6312;0x6313;0x6314;0x6315;0x6500;0x6510,WQLS1;WQMS1;WQNS1;WQSS1,WQLS1;WQMS1;WQNS1;WQSS1,,WQLS1;WQMS1;WQNS1;WQSS1,no,
SW1H13,16,DAGGER,weapon,4653,FS,yes,,data/Items.bif,0x0010074E,5FECF16943ED052D6096DFF18AC9105C6F3B141FD2140FBAE6D0ED5757AAD1AE,78,78,0x5000;0x5001;0x5002;0x5003;0x5010;0x5011;0x5012;0x5013;0x5100;0x5101;0x5102;0x5103;0x5110;0x5111;0x5112;0x5113;0x5200;0x5201;0x5202;0x5210;0x5211;0x5212;0x5300;0x5301;0x5302;0x5303;0x5310;0x5311;0x5312;0x5313;0x6000;0x6001;0x6002;0x6003;0x6004;0x6005;0x6010;0x6011;0x6012;0x6013;0x6014;0x6015;0x6100;0x6101;0x6102;0x6103;0x6104;0x6105;0x6110;0x6111;0x6112;0x6113;0x6114;0x6115;0x6200;0x6201;0x6202;0x6204;0x6205;0x6210;0x6211;0x6212;0x6214;0x6215;0x6300;0x6301;0x6302;0x6303;0x6304;0x6305;0x6310;0x6311;0x6312;0x6313;0x6314;0x6315;0x6500;0x6510,WQLFS;WQMFS;WQNFS;WQSFS,WQLFS;WQMFS;WQNFS;WQSFS,,WQLFS;WQMFS;WQNFS;WQSFS,no,
SW1H14,19,SMSWORD,weapon,5331,S1,yes,,data/Items.bif,0x0010074F,45C92C4D7DB3CA99C94B53913904886817C7B7FA93ACD1EAF77A8AAFC6C28E5B,78,78,0x5000;0x5001;0x5002;0x5003;0x5010;0x5011;0x5012;0x5013;0x5100;0x5101;0x5102;0x5103;0x5110;0x5111;0x5112;0x5113;0x5200;0x5201;0x5202;0x5210;0x5211;0x5212;0x5300;0x5301;0x5302;0x5303;0x5310;0x5311;0x5312;0x5313;0x6000;0x6001;0x6002;0x6003;0x6004;0x6005;0x6010;0x6011;0x6012;0x6013;0x6014;0x6015;0x6100;0x6101;0x6102;0x6103;0x6104;0x6105;0x6110;0x6111;0x6112;0x6113;0x6114;0x6115;0x6200;0x6201;0x6202;0x6204;0x6205;0x6210;0x6211;0x6212;0x6214;0x6215;0x6300;0x6301;0x6302;0x6303;0x6304;0x6305;0x6310;0x6311;0x6312;0x6313;0x6314;0x6315;0x6500;0x6510,WQLS1;WQMS1;WQNS1;WQSS1,WQLS1;WQMS1;WQNS1;WQSS1,,WQLS1;WQMS1;WQNS1;WQSS1,no,
SW1H15,20,BGSWORD,weapon,5343,SC,yes,,data/Items.bif,0x00100750,F4DBB0D33CE4FA31AC794B2CAB7B4A2095E1DFBE5BB3B8B37B83872A8325616F,78,78,0x5000;0x5001;0x5002;0x5003;0x5010;0x5011;0x5012;0x5013;0x5100;0x5101;0x5102;0x5103;0x5110;0x5111;0x5112;0x5113;0x5200;0x5201;0x5202;0x5210;0x5211;0x5212;0x5300;0x5301;0x5302;0x5303;0x5310;0x5311;0x5312;0x5313;0x6000;0x6001;0x6002;0x6003;0x6004;0x6005;0x6010;0x6011;0x6012;0x6013;0x6014;0x6015;0x6100;0x6101;0x6102;0x6103;0x6104;0x6105;0x6110;0x6111;0x6112;0x6113;0x6114;0x6115;0x6200;0x6201;0x6202;0x6204;0x6205;0x6210;0x6211;0x6212;0x6214;0x6215;0x6300;0x6301;0x6302;0x6303;0x6304;0x6305;0x6310;0x6311;0x6312;0x6313;0x6314;0x6315;0x6500;0x6510,WQLSC;WQMSC;WQNSC;WQSSC,WQLSC;WQMSC;WQNSC;WQSSC,,WQLSC;WQMSC;WQNSC;WQSSC,no,
SW1H16,20,BGSWORD,weapon,5343,SC,yes,,data/Items.bif,0x00100751,97431B96DE6D8E54D50ABDD97B61CE7105685579C8067B283806823C60DD4104,78,78,0x5000;0x5001;0x5002;0x5003;0x5010;0x5011;0x5012;0x5013;0x5100;0x5101;0x5102;0x5103;0x5110;0x5111;0x5112;0x5113;0x5200;0x5201;0x5202;0x5210;0x5211;0x5212;0x5300;0x5301;0x5302;0x5303;0x5310;0x5311;0x5312;0x5313;0x6000;0x6001;0x6002;0x6003;0x6004;0x6005;0x6010;0x6011;0x6012;0x6013;0x6014;0x6015;0x6100;0x6101;0x6102;0x6103;0x6104;0x6105;0x6110;0x6111;0x6112;0x6113;0x6114;0x6115;0x6200;0x6201;0x6202;0x6204;0x6205;0x6210;0x6211;0x6212;0x6214;0x6215;0x6300;0x6301;0x6302;0x6303;0x6304;0x6305;0x6310;0x6311;0x6312;0x6313;0x6314;0x6315;0x6500;0x6510,WQLSC;WQMSC;WQNSC;WQSSC,WQLSC;WQMSC;WQNSC;WQSSC,,WQLSC;WQMSC;WQNSC;WQSSC,no,
SW1H17,19,SMSWORD,weapon,5353,SS,yes,,data/Items.bif,0x00100752,9623F4B7C2B97E00D0FBDBB96533CF26BC54750E3EB2A5A834A92F5FA3A3D688,78,78,0x5000;0x5001;0x5002;0x5003;0x5010;0x5011;0x5012;0x5013;0x5100;0x5101;0x5102;0x5103;0x5110;0x5111;0x5112;0x5113;0x5200;0x5201;0x5202;0x5210;0x5211;0x5212;0x5300;0x5301;0x5302;0x5303;0x5310;0x5311;0x5312;0x5313;0x6000;0x6001;0x6002;0x6003;0x6004;0x6005;0x6010;0x6011;0x6012;0x6013;0x6014;0x6015;0x6100;0x6101;0x6102;0x6103;0x6104;0x6105;0x6110;0x6111;0x6112;0x6113;0x6114;0x6115;0x6200;0x6201;0x6202;0x6204;0x6205;0x6210;0x6211;0x6212;0x6214;0x6215;0x6300;0x6301;0x6302;0x6303;0x6304;0x6305;0x6310;0x6311;0x6312;0x6313;0x6314;0x6315;0x6500;0x6510,WQLSS;WQMSS;WQNSS;WQSSS,WQLSS;WQMSS;WQNSS;WQSSS,,WQLSS;WQMSS;WQNSS;WQSSS,no,
SW1H18,20,BGSWORD,weapon,5330,S0,yes,,data/Items.bif,0x00100753,058A7E767683AAC465EAE03D5C07FFB43D92EE3C88F6B599E90A843103D4B485,78,78,0x5000;0x5001;0x5002;0x5003;0x5010;0x5011;0x5012;0x5013;0x5100;0x5101;0x5102;0x5103;0x5110;0x5111;0x5112;0x5113;0x5200;0x5201;0x5202;0x5210;0x5211;0x5212;0x5300;0x5301;0x5302;0x5303;0x5310;0x5311;0x5312;0x5313;0x6000;0x6001;0x6002;0x6003;0x6004;0x6005;0x6010;0x6011;0x6012;0x6013;0x6014;0x6015;0x6100;0x6101;0x6102;0x6103;0x6104;0x6105;0x6110;0x6111;0x6112;0x6113;0x6114;0x6115;0x6200;0x6201;0x6202;0x6204;0x6205;0x6210;0x6211;0x6212;0x6214;0x6215;0x6300;0x6301;0x6302;0x6303;0x6304;0x6305;0x6310;0x6311;0x6312;0x6313;0x6314;0x6315;0x6500;0x6510,WQLS0;WQMS0;WQNS0;WQSS0,WQLS0;WQMS0;WQNS0;WQSS0,,WQLS0;WQMS0;WQNS0;WQSS0,no,
SW1H19,20,BGSWORD,weapon,5331,S1,yes,,data/Items.bif,0x00100754,BFA46F0DB02A429105D733A8757686271C71A716019006898542629D0A3FCA15,78,78,0x5000;0x5001;0x5002;0x5003;0x5010;0x5011;0x5012;0x5013;0x5100;0x5101;0x5102;0x5103;0x5110;0x5111;0x5112;0x5113;0x5200;0x5201;0x5202;0x5210;0x5211;0x5212;0x5300;0x5301;0x5302;0x5303;0x5310;0x5311;0x5312;0x5313;0x6000;0x6001;0x6002;0x6003;0x6004;0x6005;0x6010;0x6011;0x6012;0x6013;0x6014;0x6015;0x6100;0x6101;0x6102;0x6103;0x6104;0x6105;0x6110;0x6111;0x6112;0x6113;0x6114;0x6115;0x6200;0x6201;0x6202;0x6204;0x6205;0x6210;0x6211;0x6212;0x6214;0x6215;0x6300;0x6301;0x6302;0x6303;0x6304;0x6305;0x6310;0x6311;0x6312;0x6313;0x6314;0x6315;0x6500;0x6510,WQLS1;WQMS1;WQNS1;WQSS1,WQLS1;WQMS1;WQNS1;WQSS1,,WQLS1;WQMS1;WQNS1;WQSS1,no,
SW1H20,20,BGSWORD,weapon,5343,SC,yes,,data/Items.bif,0x00100755,2B9B4882F8240D233DEBC294B9638C49A8DE45470D65889229F0A4D01BA139AC,78,78,0x5000;0x5001;0x5002;0x5003;0x5010;0x5011;0x5012;0x5013;0x5100;0x5101;0x5102;0x5103;0x5110;0x5111;0x5112;0x5113;0x5200;0x5201;0x5202;0x5210;0x5211;0x5212;0x5300;0x5301;0x5302;0x5303;0x5310;0x5311;0x5312;0x5313;0x6000;0x6001;0x6002;0x6003;0x6004;0x6005;0x6010;0x6011;0x6012;0x6013;0x6014;0x6015;0x6100;0x6101;0x6102;0x6103;0x6104;0x6105;0x6110;0x6111;0x6112;0x6113;0x6114;0x6115;0x6200;0x6201;0x6202;0x6204;0x6205;0x6210;0x6211;0x6212;0x6214;0x6215;0x6300;0x6301;0x6302;0x6303;0x6304;0x6305;0x6310;0x6311;0x6312;0x6313;0x6314;0x6315;0x6500;0x6510,WQLSC;WQMSC;WQNSC;WQSSC,WQLSC;WQMSC;WQNSC;WQSSC,,WQLSC;WQMSC;WQNSC;WQSSC,no,
SW1H21,19,SMSWORD,weapon,5353,SS,yes,,data/Items.bif,0x00100756,E81901A107134F10BA27D66DBBAE7E219766C5EF149848B75ACBF7B209ED11DF,78,78,0x5000;0x5001;0x5002;0x5003;0x5010;0x5011;0x5012;0x5013;0x5100;0x5101;0x5102;0x5103;0x5110;0x5111;0x5112;0x5113;0x5200;0x5201;0x5202;0x5210;0x5211;0x5212;0x5300;0x5301;0x5302;0x5303;0x5310;0x5311;0x5312;0x5313;0x6000;0x6001;0x6002;0x6003;0x6004;0x6005;0x6010;0x6011;0x6012;0x6013;0x6014;0x6015;0x6100;0x6101;0x6102;0x6103;0x6104;0x6105;0x6110;0x6111;0x6112;0x6113;0x6114;0x6115;0x6200;0x6201;0x6202;0x6204;0x6205;0x6210;0x6211;0x6212;0x6214;0x6215;0x6300;0x6301;0x6302;0x6303;0x6304;0x6305;0x6310;0x6311;0x6312;0x6313;0x6314;0x6315;0x6500;0x6510,WQLSS;WQMSS;WQNSS;WQSSS,WQLSS;WQMSS;WQNSS;WQSSS,,WQLSS;WQMSS;WQNSS;WQSSS,no,
SW1H22,20,BGSWORD,weapon,5343,SC,yes,,data/Items.bif,0x00100757,8C710741B13577001B49DA0DE05AE39D37863C8979A34D3DD3D4F46DDF7BF4EE,78,78,0x5000;0x5001;0x5002;0x5003;0x5010;0x5011;0x5012;0x5013;0x5100;0x5101;0x5102;0x5103;0x5110;0x5111;0x5112;0x5113;0x5200;0x5201;0x5202;0x5210;0x5211;0x5212;0x5300;0x5301;0x5302;0x5303;0x5310;0x5311;0x5312;0x5313;0x6000;0x6001;0x6002;0x6003;0x6004;0x6005;0x6010;0x6011;0x6012;0x6013;0x6014;0x6015;0x6100;0x6101;0x6102;0x6103;0x6104;0x6105;0x6110;0x6111;0x6112;0x6113;0x6114;0x6115;0x6200;0x6201;0x6202;0x6204;0x6205;0x6210;0x6211;0x6212;0x6214;0x6215;0x6300;0x6301;0x6302;0x6303;0x6304;0x6305;0x6310;0x6311;0x6312;0x6313;0x6314;0x6315;0x6500;0x6510,WQLSC;WQMSC;WQNSC;WQSSC,WQLSC;WQMSC;WQNSC;WQSSC,,WQLSC;WQMSC;WQNSC;WQSSC,no,
SW1H23,20,BGSWORD,weapon,5343,SC,yes,,data/Items.bif,0x00100758,00143D7171CAE0FDAB430C4301DD48CBAA1DCC9F483B6F2571CBCE3007932B1D,78,78,0x5000;0x5001;0x5002;0x5003;0x5010;0x5011;0x5012;0x5013;0x5100;0x5101;0x5102;0x5103;0x5110;0x5111;0x5112;0x5113;0x5200;0x5201;0x5202;0x5210;0x5211;0x5212;0x5300;0x5301;0x5302;0x5303;0x5310;0x5311;0x5312;0x5313;0x6000;0x6001;0x6002;0x6003;0x6004;0x6005;0x6010;0x6011;0x6012;0x6013;0x6014;0x6015;0x6100;0x6101;0x6102;0x6103;0x6104;0x6105;0x6110;0x6111;0x6112;0x6113;0x6114;0x6115;0x6200;0x6201;0x6202;0x6204;0x6205;0x6210;0x6211;0x6212;0x6214;0x6215;0x6300;0x6301;0x6302;0x6303;0x6304;0x6305;0x6310;0x6311;0x6312;0x6313;0x6314;0x6315;0x6500;0x6510,WQLSC;WQMSC;WQNSC;WQSSC,WQLSC;WQMSC;WQNSC;WQSSC,,WQLSC;WQMSC;WQNSC;WQSSC,no,
SW1H24,20,BGSWORD,weapon,4653,FS,yes,,data/Items.bif,0x00100759,AF88E8C0DF6E733847132DCD03630E817742768B0F64653848201E12D076FE81,78,78,0x5000;0x5001;0x5002;0x5003;0x5010;0x5011;0x5012;0x5013;0x5100;0x5101;0x5102;0x5103;0x5110;0x5111;0x5112;0x5113;0x5200;0x5201;0x5202;0x5210;0x5211;0x5212;0x5300;0x5301;0x5302;0x5303;0x5310;0x5311;0x5312;0x5313;0x6000;0x6001;0x6002;0x6003;0x6004;0x6005;0x6010;0x6011;0x6012;0x6013;0x6014;0x6015;0x6100;0x6101;0x6102;0x6103;0x6104;0x6105;0x6110;0x6111;0x6112;0x6113;0x6114;0x6115;0x6200;0x6201;0x6202;0x6204;0x6205;0x6210;0x6211;0x6212;0x6214;0x6215;0x6300;0x6301;0x6302;0x6303;0x6304;0x6305;0x6310;0x6311;0x6312;0x6313;0x6314;0x6315;0x6500;0x6510,WQLFS;WQMFS;WQNFS;WQSFS,WQLFS;WQMFS;WQNFS;WQSFS,,WQLFS;WQMFS;WQNFS;WQSFS,no,
SW1H25,19,SMSWORD,weapon,5353,SS,yes,,data/Items.bif,0x0010075A,986770E51486FFA4D9F1D7386585950C313BB2A44AB17281EA4E5C69B574FB46,78,78,0x5000;0x5001;0x5002;0x5003;0x5010;0x5011;0x5012;0x5013;0x5100;0x5101;0x5102;0x5103;0x5110;0x5111;0x5112;0x5113;0x5200;0x5201;0x5202;0x5210;0x5211;0x5212;0x5300;0x5301;0x5302;0x5303;0x5310;0x5311;0x5312;0x5313;0x6000;0x6001;0x6002;0x6003;0x6004;0x6005;0x6010;0x6011;0x6012;0x6013;0x6014;0x6015;0x6100;0x6101;0x6102;0x6103;0x6104;0x6105;0x6110;0x6111;0x6112;0x6113;0x6114;0x6115;0x6200;0x6201;0x6202;0x6204;0x6205;0x6210;0x6211;0x6212;0x6214;0x6215;0x6300;0x6301;0x6302;0x6303;0x6304;0x6305;0x6310;0x6311;0x6312;0x6313;0x6314;0x6315;0x6500;0x6510,WQLSS;WQMSS;WQNSS;WQSSS,WQLSS;WQMSS;WQNSS;WQSSS,,WQLSS;WQMSS;WQNSS;WQSSS,no,
SW1H26,19,SMSWORD,weapon,5353,SS,yes,,data/Items.bif,0x0010075B,941EC8EC97F25EC469016BDE2200F239E0FB4161425A95F3CCDF94595308BAC4,78,78,0x5000;0x5001;0x5002;0x5003;0x5010;0x5011;0x5012;0x5013;0x5100;0x5101;0x5102;0x5103;0x5110;0x5111;0x5112;0x5113;0x5200;0x5201;0x5202;0x5210;0x5211;0x5212;0x5300;0x5301;0x5302;0x5303;0x5310;0x5311;0x5312;0x5313;0x6000;0x6001;0x6002;0x6003;0x6004;0x6005;0x6010;0x6011;0x6012;0x6013;0x6014;0x6015;0x6100;0x6101;0x6102;0x6103;0x6104;0x6105;0x6110;0x6111;0x6112;0x6113;0x6114;0x6115;0x6200;0x6201;0x6202;0x6204;0x6205;0x6210;0x6211;0x6212;0x6214;0x6215;0x6300;0x6301;0x6302;0x6303;0x6304;0x6305;0x6310;0x6311;0x6312;0x6313;0x6314;0x6315;0x6500;0x6510,WQLSS;WQMSS;WQNSS;WQSSS,WQLSS;WQMSS;WQNSS;WQSSS,,WQLSS;WQMSS;WQNSS;WQSSS,no,
SW1H27,19,SMSWORD,weapon,5353,SS,yes,,data/Items.bif,0x0010075C,5166012E3ADE721E4DBAF7F8AEC215F59BFFEEED1BEEB813D5AD076C2D82A487,78,78,0x5000;0x5001;0x5002;0x5003;0x5010;0x5011;0x5012;0x5013;0x5100;0x5101;0x5102;0x5103;0x5110;0x5111;0x5112;0x5113;0x5200;0x5201;0x5202;0x5210;0x5211;0x5212;0x5300;0x5301;0x5302;0x5303;0x5310;0x5311;0x5312;0x5313;0x6000;0x6001;0x6002;0x6003;0x6004;0x6005;0x6010;0x6011;0x6012;0x6013;0x6014;0x6015;0x6100;0x6101;0x6102;0x6103;0x6104;0x6105;0x6110;0x6111;0x6112;0x6113;0x6114;0x6115;0x6200;0x6201;0x6202;0x6204;0x6205;0x6210;0x6211;0x6212;0x6214;0x6215;0x6300;0x6301;0x6302;0x6303;0x6304;0x6305;0x6310;0x6311;0x6312;0x6313;0x6314;0x6315;0x6500;0x6510,WQLSS;WQMSS;WQNSS;WQSSS,WQLSS;WQMSS;WQNSS;WQSSS,,WQLSS;WQMSS;WQNSS;WQSSS,no,
SW1H28,19,SMSWORD,weapon,5353,SS,yes,,data/Items.bif,0x0010075D,C9E1947A31FF6BB86298D1F1359F0B4417406862BC04E7B1EBF785646D1E0996,78,78,0x5000;0x5001;0x5002;0x5003;0x5010;0x5011;0x5012;0x5013;0x5100;0x5101;0x5102;0x5103;0x5110;0x5111;0x5112;0x5113;0x5200;0x5201;0x5202;0x5210;0x5211;0x5212;0x5300;0x5301;0x5302;0x5303;0x5310;0x5311;0x5312;0x5313;0x6000;0x6001;0x6002;0x6003;0x6004;0x6005;0x6010;0x6011;0x6012;0x6013;0x6014;0x6015;0x6100;0x6101;0x6102;0x6103;0x6104;0x6105;0x6110;0x6111;0x6112;0x6113;0x6114;0x6115;0x6200;0x6201;0x6202;0x6204;0x6205;0x6210;0x6211;0x6212;0x6214;0x6215;0x6300;0x6301;0x6302;0x6303;0x6304;0x6305;0x6310;0x6311;0x6312;0x6313;0x6314;0x6315;0x6500;0x6510,WQLSS;WQMSS;WQNSS;WQSSS,WQLSS;WQMSS;WQNSS;WQSSS,,WQLSS;WQMSS;WQNSS;WQSSS,no,
SW1H29,19,SMSWORD,weapon,5353,SS,yes,,data/Items.bif,0x0010075E,131AF6C30FDEEE75904A02D944BAC72D744EA5A16F0A71EC7A068E08503BC326,78,78,0x5000;0x5001;0x5002;0x5003;0x5010;0x5011;0x5012;0x5013;0x5100;0x5101;0x5102;0x5103;0x5110;0x5111;0x5112;0x5113;0x5200;0x5201;0x5202;0x5210;0x5211;0x5212;0x5300;0x5301;0x5302;0x5303;0x5310;0x5311;0x5312;0x5313;0x6000;0x6001;0x6002;0x6003;0x6004;0x6005;0x6010;0x6011;0x6012;0x6013;0x6014;0x6015;0x6100;0x6101;0x6102;0x6103;0x6104;0x6105;0x6110;0x6111;0x6112;0x6113;0x6114;0x6115;0x6200;0x6201;0x6202;0x6204;0x6205;0x6210;0x6211;0x6212;0x6214;0x6215;0x6300;0x6301;0x6302;0x6303;0x6304;0x6305;0x6310;0x6311;0x6312;0x6313;0x6314;0x6315;0x6500;0x6510,WQLSS;WQMSS;WQNSS;WQSSS,WQLSS;WQMSS;WQNSS;WQSSS,,WQLSS;WQMSS;WQNSS;WQSSS,no,
SW1H30,20,BGSWORD,weapon,5343,SC,yes,,data/Items.bif,0x0010075F,E1590F257C05BEEFD3E468154DC008DF856C01B8E6DCA1EAE580E094B8A1F6D2,78,78,0x5000;0x5001;0x5002;0x5003;0x5010;0x5011;0x5012;0x5013;0x5100;0x5101;0x5102;0x5103;0x5110;0x5111;0x5112;0x5113;0x5200;0x5201;0x5202;0x5210;0x5211;0x5212;0x5300;0x5301;0x5302;0x5303;0x5310;0x5311;0x5312;0x5313;0x6000;0x6001;0x6002;0x6003;0x6004;0x6005;0x6010;0x6011;0x6012;0x6013;0x6014;0x6015;0x6100;0x6101;0x6102;0x6103;0x6104;0x6105;0x6110;0x6111;0x6112;0x6113;0x6114;0x6115;0x6200;0x6201;0x6202;0x6204;0x6205;0x6210;0x6211;0x6212;0x6214;0x6215;0x6300;0x6301;0x6302;0x6303;0x6304;0x6305;0x6310;0x6311;0x6312;0x6313;0x6314;0x6315;0x6500;0x6510,WQLSC;WQMSC;WQNSC;WQSSC,WQLSC;WQMSC;WQNSC;WQSSC,,WQLSC;WQMSC;WQNSC;WQSSC,no,
SW1H31,20,BGSWORD,weapon,5331,S1,yes,,data/Items.bif,0x00100760,45EDB350A1D2E2446B5BA628077AC32B693841DEDDD3DC62EEF08E102F2CD05B,78,78,0x5000;0x5001;0x5002;0x5003;0x5010;0x5011;0x5012;0x5013;0x5100;0x5101;0x5102;0x5103;0x5110;0x5111;0x5112;0x5113;0x5200;0x5201;0x5202;0x5210;0x5211;0x5212;0x5300;0x5301;0x5302;0x5303;0x5310;0x5311;0x5312;0x5313;0x6000;0x6001;0x6002;0x6003;0x6004;0x6005;0x6010;0x6011;0x6012;0x6013;0x6014;0x6015;0x6100;0x6101;0x6102;0x6103;0x6104;0x6105;0x6110;0x6111;0x6112;0x6113;0x6114;0x6115;0x6200;0x6201;0x6202;0x6204;0x6205;0x6210;0x6211;0x6212;0x6214;0x6215;0x6300;0x6301;0x6302;0x6303;0x6304;0x6305;0x6310;0x6311;0x6312;0x6313;0x6314;0x6315;0x6500;0x6510,WQLS1;WQMS1;WQNS1;WQSS1,WQLS1;WQMS1;WQNS1;WQSS1,,WQLS1;WQMS1;WQNS1;WQSS1,no,
SW1H32,20,BGSWORD,weapon,5331,S1,yes,,data/Items.bif,0x00100761,3CA4356E24C45A8BCCC28A2FBD03FDE927A43376F1314277BDEFD5C6B9DE6F8E,78,78,0x5000;0x5001;0x5002;0x5003;0x5010;0x5011;0x5012;0x5013;0x5100;0x5101;0x5102;0x5103;0x5110;0x5111;0x5112;0x5113;0x5200;0x5201;0x5202;0x5210;0x5211;0x5212;0x5300;0x5301;0x5302;0x5303;0x5310;0x5311;0x5312;0x5313;0x6000;0x6001;0x6002;0x6003;0x6004;0x6005;0x6010;0x6011;0x6012;0x6013;0x6014;0x6015;0x6100;0x6101;0x6102;0x6103;0x6104;0x6105;0x6110;0x6111;0x6112;0x6113;0x6114;0x6115;0x6200;0x6201;0x6202;0x6204;0x6205;0x6210;0x6211;0x6212;0x6214;0x6215;0x6300;0x6301;0x6302;0x6303;0x6304;0x6305;0x6310;0x6311;0x6312;0x6313;0x6314;0x6315;0x6500;0x6510,WQLS1;WQMS1;WQNS1;WQSS1,WQLS1;WQMS1;WQNS1;WQSS1,,WQLS1;WQMS1;WQNS1;WQSS1,no,
SW1H33,20,BGSWORD,weapon,5331,S1,yes,,data/Items.bif,0x00100762,2EDC350D45B78289C300779A58BE24613990B58575AB416EF22BB6412A9E4910,78,78,0x5000;0x5001;0x5002;0x5003;0x5010;0x5011;0x5012;0x5013;0x5100;0x5101;0x5102;0x5103;0x5110;0x5111;0x5112;0x5113;0x5200;0x5201;0x5202;0x5210;0x5211;0x5212;0x5300;0x5301;0x5302;0x5303;0x5310;0x5311;0x5312;0x5313;0x6000;0x6001;0x6002;0x6003;0x6004;0x6005;0x6010;0x6011;0x6012;0x6013;0x6014;0x6015;0x6100;0x6101;0x6102;0x6103;0x6104;0x6105;0x6110;0x6111;0x6112;0x6113;0x6114;0x6115;0x6200;0x6201;0x6202;0x6204;0x6205;0x6210;0x6211;0x6212;0x6214;0x6215;0x6300;0x6301;0x6302;0x6303;0x6304;0x6305;0x6310;0x6311;0x6312;0x6313;0x6314;0x6315;0x6500;0x6510,WQLS1;WQMS1;WQNS1;WQSS1,WQLS1;WQMS1;WQNS1;WQSS1,,WQLS1;WQMS1;WQNS1;WQSS1,no,
SW1H33A,20,BGSWORD,weapon,5331,S1,yes,,data/Items.bif,0x00100763,AAF4797076C38E5C07E71B2CA26105AC249544D9AEABBA6FB505FCEBDA63AE81,78,78,0x5000;0x5001;0x5002;0x5003;0x5010;0x5011;0x5012;0x5013;0x5100;0x5101;0x5102;0x5103;0x5110;0x5111;0x5112;0x5113;0x5200;0x5201;0x5202;0x5210;0x5211;0x5212;0x5300;0x5301;0x5302;0x5303;0x5310;0x5311;0x5312;0x5313;0x6000;0x6001;0x6002;0x6003;0x6004;0x6005;0x6010;0x6011;0x6012;0x6013;0x6014;0x6015;0x6100;0x6101;0x6102;0x6103;0x6104;0x6105;0x6110;0x6111;0x6112;0x6113;0x6114;0x6115;0x6200;0x6201;0x6202;0x6204;0x6205;0x6210;0x6211;0x6212;0x6214;0x6215;0x6300;0x6301;0x6302;0x6303;0x6304;0x6305;0x6310;0x6311;0x6312;0x6313;0x6314;0x6315;0x6500;0x6510,WQLS1;WQMS1;WQNS1;WQSS1,WQLS1;WQMS1;WQNS1;WQSS1,,WQLS1;WQMS1;WQNS1;WQSS1,no,
SW1H33C,20,BGSWORD,weapon,5331,S1,yes,,data/Items.bif,0x00100764,A3F51BB37D14A5D162B1D1D7D68D9BF1288F71B9578B1D3A82F5B9F999154CD1,78,78,0x5000;0x5001;0x5002;0x5003;0x5010;0x5011;0x5012;0x5013;0x5100;0x5101;0x5102;0x5103;0x5110;0x5111;0x5112;0x5113;0x5200;0x5201;0x5202;0x5210;0x5211;0x5212;0x5300;0x5301;0x5302;0x5303;0x5310;0x5311;0x5312;0x5313;0x6000;0x6001;0x6002;0x6003;0x6004;0x6005;0x6010;0x6011;0x6012;0x6013;0x6014;0x6015;0x6100;0x6101;0x6102;0x6103;0x6104;0x6105;0x6110;0x6111;0x6112;0x6113;0x6114;0x6115;0x6200;0x6201;0x6202;0x6204;0x6205;0x6210;0x6211;0x6212;0x6214;0x6215;0x6300;0x6301;0x6302;0x6303;0x6304;0x6305;0x6310;0x6311;0x6312;0x6313;0x6314;0x6315;0x6500;0x6510,WQLS1;WQMS1;WQNS1;WQSS1,WQLS1;WQMS1;WQNS1;WQSS1,,WQLS1;WQMS1;WQNS1;WQSS1,no,
SW1H34,20,BGSWORD,weapon,5330,S0,yes,,data/Items.bif,0x00100765,E99EEE733ECFD8A916A87A1315BF4197F00576E06F8A5E337F7DEEF1530FDBD2,78,78,0x5000;0x5001;0x5002;0x5003;0x5010;0x5011;0x5012;0x5013;0x5100;0x5101;0x5102;0x5103;0x5110;0x5111;0x5112;0x5113;0x5200;0x5201;0x5202;0x5210;0x5211;0x5212;0x5300;0x5301;0x5302;0x5303;0x5310;0x5311;0x5312;0x5313;0x6000;0x6001;0x6002;0x6003;0x6004;0x6005;0x6010;0x6011;0x6012;0x6013;0x6014;0x6015;0x6100;0x6101;0x6102;0x6103;0x6104;0x6105;0x6110;0x6111;0x6112;0x6113;0x6114;0x6115;0x6200;0x6201;0x6202;0x6204;0x6205;0x6210;0x6211;0x6212;0x6214;0x6215;0x6300;0x6301;0x6302;0x6303;0x6304;0x6305;0x6310;0x6311;0x6312;0x6313;0x6314;0x6315;0x6500;0x6510,WQLS0;WQMS0;WQNS0;WQSS0,WQLS0;WQMS0;WQNS0;WQSS0,,WQLS0;WQMS0;WQNS0;WQSS0,no,
SW1H35,20,BGSWORD,weapon,5331,S1,yes,,data/Items.bif,0x00100766,78C860129E02272AD04039E4F0B0F0743A89CEBF1763B7857A3DAD71CC4AF361,78,78,0x5000;0x5001;0x5002;0x5003;0x5010;0x5011;0x5012;0x5013;0x5100;0x5101;0x5102;0x5103;0x5110;0x5111;0x5112;0x5113;0x5200;0x5201;0x5202;0x5210;0x5211;0x5212;0x5300;0x5301;0x5302;0x5303;0x5310;0x5311;0x5312;0x5313;0x6000;0x6001;0x6002;0x6003;0x6004;0x6005;0x6010;0x6011;0x6012;0x6013;0x6014;0x6015;0x6100;0x6101;0x6102;0x6103;0x6104;0x6105;0x6110;0x6111;0x6112;0x6113;0x6114;0x6115;0x6200;0x6201;0x6202;0x6204;0x6205;0x6210;0x6211;0x6212;0x6214;0x6215;0x6300;0x6301;0x6302;0x6303;0x6304;0x6305;0x6310;0x6311;0x6312;0x6313;0x6314;0x6315;0x6500;0x6510,WQLS1;WQMS1;WQNS1;WQSS1,WQLS1;WQMS1;WQNS1;WQSS1,,WQLS1;WQMS1;WQNS1;WQSS1,no,
SW1H36,20,BGSWORD,weapon,5331,S1,yes,,data/Items.bif,0x00100767,FC5AC89203ACE4294A3F0386F29B5779C722670D2056E4DD556E569720B1C0BD,78,78,0x5000;0x5001;0x5002;0x5003;0x5010;0x5011;0x5012;0x5013;0x5100;0x5101;0x5102;0x5103;0x5110;0x5111;0x5112;0x5113;0x5200;0x5201;0x5202;0x5210;0x5211;0x5212;0x5300;0x5301;0x5302;0x5303;0x5310;0x5311;0x5312;0x5313;0x6000;0x6001;0x6002;0x6003;0x6004;0x6005;0x6010;0x6011;0x6012;0x6013;0x6014;0x6015;0x6100;0x6101;0x6102;0x6103;0x6104;0x6105;0x6110;0x6111;0x6112;0x6113;0x6114;0x6115;0x6200;0x6201;0x6202;0x6204;0x6205;0x6210;0x6211;0x6212;0x6214;0x6215;0x6300;0x6301;0x6302;0x6303;0x6304;0x6305;0x6310;0x6311;0x6312;0x6313;0x6314;0x6315;0x6500;0x6510,WQLS1;WQMS1;WQNS1;WQSS1,WQLS1;WQMS1;WQNS1;WQSS1,,WQLS1;WQMS1;WQNS1;WQSS1,no,
SW1H37,20,BGSWORD,weapon,5330,S0,yes,,data/Items.bif,0x00100768,6002982706F25D4EDF1D3E55A83DBF70DEBD54DCBF70BAA4600BA3DC3DB5310D,78,78,0x5000;0x5001;0x5002;0x5003;0x5010;0x5011;0x5012;0x5013;0x5100;0x5101;0x5102;0x5103;0x5110;0x5111;0x5112;0x5113;0x5200;0x5201;0x5202;0x5210;0x5211;0x5212;0x5300;0x5301;0x5302;0x5303;0x5310;0x5311;0x5312;0x5313;0x6000;0x6001;0x6002;0x6003;0x6004;0x6005;0x6010;0x6011;0x6012;0x6013;0x6014;0x6015;0x6100;0x6101;0x6102;0x6103;0x6104;0x6105;0x6110;0x6111;0x6112;0x6113;0x6114;0x6115;0x6200;0x6201;0x6202;0x6204;0x6205;0x6210;0x6211;0x6212;0x6214;0x6215;0x6300;0x6301;0x6302;0x6303;0x6304;0x6305;0x6310;0x6311;0x6312;0x6313;0x6314;0x6315;0x6500;0x6510,WQLS0;WQMS0;WQNS0;WQSS0,WQLS0;WQMS0;WQNS0;WQSS0,,WQLS0;WQMS0;WQNS0;WQSS0,no,
SW1H38,20,BGSWORD,weapon,5330,S0,yes,,data/Items.bif,0x00100769,9D4C8D78AE733CF4088D92736BF90173F675F944F628C053B09DEBF5712FC3AD,78,78,0x5000;0x5001;0x5002;0x5003;0x5010;0x5011;0x5012;0x5013;0x5100;0x5101;0x5102;0x5103;0x5110;0x5111;0x5112;0x5113;0x5200;0x5201;0x5202;0x5210;0x5211;0x5212;0x5300;0x5301;0x5302;0x5303;0x5310;0x5311;0x5312;0x5313;0x6000;0x6001;0x6002;0x6003;0x6004;0x6005;0x6010;0x6011;0x6012;0x6013;0x6014;0x6015;0x6100;0x6101;0x6102;0x6103;0x6104;0x6105;0x6110;0x6111;0x6112;0x6113;0x6114;0x6115;0x6200;0x6201;0x6202;0x6204;0x6205;0x6210;0x6211;0x6212;0x6214;0x6215;0x6300;0x6301;0x6302;0x6303;0x6304;0x6305;0x6310;0x6311;0x6312;0x6313;0x6314;0x6315;0x6500;0x6510,WQLS0;WQMS0;WQNS0;WQSS0,WQLS0;WQMS0;WQNS0;WQSS0,,WQLS0;WQMS0;WQNS0;WQSS0,no,
SW1H39,20,BGSWORD,weapon,5330,S0,yes,,data/Items.bif,0x0010076A,6EF022FA638A949A939B43B80268C05A63B7412736F657C3B791007498CA8B13,78,78,0x5000;0x5001;0x5002;0x5003;0x5010;0x5011;0x5012;0x5013;0x5100;0x5101;0x5102;0x5103;0x5110;0x5111;0x5112;0x5113;0x5200;0x5201;0x5202;0x5210;0x5211;0x5212;0x5300;0x5301;0x5302;0x5303;0x5310;0x5311;0x5312;0x5313;0x6000;0x6001;0x6002;0x6003;0x6004;0x6005;0x6010;0x6011;0x6012;0x6013;0x6014;0x6015;0x6100;0x6101;0x6102;0x6103;0x6104;0x6105;0x6110;0x6111;0x6112;0x6113;0x6114;0x6115;0x6200;0x6201;0x6202;0x6204;0x6205;0x6210;0x6211;0x6212;0x6214;0x6215;0x6300;0x6301;0x6302;0x6303;0x6304;0x6305;0x6310;0x6311;0x6312;0x6313;0x6314;0x6315;0x6500;0x6510,WQLS0;WQMS0;WQNS0;WQSS0,WQLS0;WQMS0;WQNS0;WQSS0,,WQLS0;WQMS0;WQNS0;WQSS0,no,
SW1H40,20,BGSWORD,weapon,5331,S1,yes,,data/Items.bif,0x0010076B,C5BD0AF0445C29F90C2A0B8A570C2D35AA283B2F9469FBF92B8956209CBF2C1C,78,78,0x5000;0x5001;0x5002;0x5003;0x5010;0x5011;0x5012;0x5013;0x5100;0x5101;0x5102;0x5103;0x5110;0x5111;0x5112;0x5113;0x5200;0x5201;0x5202;0x5210;0x5211;0x5212;0x5300;0x5301;0x5302;0x5303;0x5310;0x5311;0x5312;0x5313;0x6000;0x6001;0x6002;0x6003;0x6004;0x6005;0x6010;0x6011;0x6012;0x6013;0x6014;0x6015;0x6100;0x6101;0x6102;0x6103;0x6104;0x6105;0x6110;0x6111;0x6112;0x6113;0x6114;0x6115;0x6200;0x6201;0x6202;0x6204;0x6205;0x6210;0x6211;0x6212;0x6214;0x6215;0x6300;0x6301;0x6302;0x6303;0x6304;0x6305;0x6310;0x6311;0x6312;0x6313;0x6314;0x6315;0x6500;0x6510,WQLS1;WQMS1;WQNS1;WQSS1,WQLS1;WQMS1;WQNS1;WQSS1,,WQLS1;WQMS1;WQNS1;WQSS1,no,
SW1H41,20,BGSWORD,weapon,5331,S1,yes,,data/Items.bif,0x0010076C,9BEBE801F8B4D45B7B60912EA8377223E26C2F909BE43C86FF0745A6EACD35D7,78,78,0x5000;0x5001;0x5002;0x5003;0x5010;0x5011;0x5012;0x5013;0x5100;0x5101;0x5102;0x5103;0x5110;0x5111;0x5112;0x5113;0x5200;0x5201;0x5202;0x5210;0x5211;0x5212;0x5300;0x5301;0x5302;0x5303;0x5310;0x5311;0x5312;0x5313;0x6000;0x6001;0x6002;0x6003;0x6004;0x6005;0x6010;0x6011;0x6012;0x6013;0x6014;0x6015;0x6100;0x6101;0x6102;0x6103;0x6104;0x6105;0x6110;0x6111;0x6112;0x6113;0x6114;0x6115;0x6200;0x6201;0x6202;0x6204;0x6205;0x6210;0x6211;0x6212;0x6214;0x6215;0x6300;0x6301;0x6302;0x6303;0x6304;0x6305;0x6310;0x6311;0x6312;0x6313;0x6314;0x6315;0x6500;0x6510,WQLS1;WQMS1;WQNS1;WQSS1,WQLS1;WQMS1;WQNS1;WQSS1,,WQLS1;WQMS1;WQNS1;WQSS1,no,
SW1H42,20,BGSWORD,weapon,5330,S0,yes,,data/Items.bif,0x0010076D,8FF82D34EF0FA3B63F37E985F712C75EB9294107E2FB2EFD2B422DEF686F9F97,78,78,0x5000;0x5001;0x5002;0x5003;0x5010;0x5011;0x5012;0x5013;0x5100;0x5101;0x5102;0x5103;0x5110;0x5111;0x5112;0x5113;0x5200;0x5201;0x5202;0x5210;0x5211;0x5212;0x5300;0x5301;0x5302;0x5303;0x5310;0x5311;0x5312;0x5313;0x6000;0x6001;0x6002;0x6003;0x6004;0x6005;0x6010;0x6011;0x6012;0x6013;0x6014;0x6015;0x6100;0x6101;0x6102;0x6103;0x6104;0x6105;0x6110;0x6111;0x6112;0x6113;0x6114;0x6115;0x6200;0x6201;0x6202;0x6204;0x6205;0x6210;0x6211;0x6212;0x6214;0x6215;0x6300;0x6301;0x6302;0x6303;0x6304;0x6305;0x6310;0x6311;0x6312;0x6313;0x6314;0x6315;0x6500;0x6510,WQLS0;WQMS0;WQNS0;WQSS0,WQLS0;WQMS0;WQNS0;WQSS0,,WQLS0;WQMS0;WQNS0;WQSS0,no,
SW1H43,20,BGSWORD,weapon,5333,S3,yes,,data/Items.bif,0x0010076E,3A55881022FE280BA6A70ABFEA57F1DA8FDB6CE655996395A6870698AD1E1544,78,78,0x5000;0x5001;0x5002;0x5003;0x5010;0x5011;0x5012;0x5013;0x5100;0x5101;0x5102;0x5103;0x5110;0x5111;0x5112;0x5113;0x5200;0x5201;0x5202;0x5210;0x5211;0x5212;0x5300;0x5301;0x5302;0x5303;0x5310;0x5311;0x5312;0x5313;0x6000;0x6001;0x6002;0x6003;0x6004;0x6005;0x6010;0x6011;0x6012;0x6013;0x6014;0x6015;0x6100;0x6101;0x6102;0x6103;0x6104;0x6105;0x6110;0x6111;0x6112;0x6113;0x6114;0x6115;0x6200;0x6201;0x6202;0x6204;0x6205;0x6210;0x6211;0x6212;0x6214;0x6215;0x6300;0x6301;0x6302;0x6303;0x6304;0x6305;0x6310;0x6311;0x6312;0x6313;0x6314;0x6315;0x6500;0x6510,WQLS3;WQMS3;WQNS3;WQSS3,WQLS3;WQMS3;WQNS3;WQSS3,,WQLS3;WQMS3;WQNS3;WQSS3,no,
SW1H44,20,BGSWORD,weapon,5333,S3,yes,,data/Items.bif,0x0010076F,A7B620B49B73ACFBA170B2EB1F84A1FA8D9D7CA549BE9DD69569A23BF566284A,78,78,0x5000;0x5001;0x5002;0x5003;0x5010;0x5011;0x5012;0x5013;0x5100;0x5101;0x5102;0x5103;0x5110;0x5111;0x5112;0x5113;0x5200;0x5201;0x5202;0x5210;0x5211;0x5212;0x5300;0x5301;0x5302;0x5303;0x5310;0x5311;0x5312;0x5313;0x6000;0x6001;0x6002;0x6003;0x6004;0x6005;0x6010;0x6011;0x6012;0x6013;0x6014;0x6015;0x6100;0x6101;0x6102;0x6103;0x6104;0x6105;0x6110;0x6111;0x6112;0x6113;0x6114;0x6115;0x6200;0x6201;0x6202;0x6204;0x6205;0x6210;0x6211;0x6212;0x6214;0x6215;0x6300;0x6301;0x6302;0x6303;0x6304;0x6305;0x6310;0x6311;0x6312;0x6313;0x6314;0x6315;0x6500;0x6510,WQLS3;WQMS3;WQNS3;WQSS3,WQLS3;WQMS3;WQNS3;WQSS3,,WQLS3;WQMS3;WQNS3;WQSS3,no,
SW1H45,20,BGSWORD,weapon,5333,S3,yes,,data/Items.bif,0x00100770,42EAE3F33F867B1FDE014F07289731BAF5015DC4A64906CBB2550EF81F0395F8,78,78,0x5000;0x5001;0x5002;0x5003;0x5010;0x5011;0x5012;0x5013;0x5100;0x5101;0x5102;0x5103;0x5110;0x5111;0x5112;0x5113;0x5200;0x5201;0x5202;0x5210;0x5211;0x5212;0x5300;0x5301;0x5302;0x5303;0x5310;0x5311;0x5312;0x5313;0x6000;0x6001;0x6002;0x6003;0x6004;0x6005;0x6010;0x6011;0x6012;0x6013;0x6014;0x6015;0x6100;0x6101;0x6102;0x6103;0x6104;0x6105;0x6110;0x6111;0x6112;0x6113;0x6114;0x6115;0x6200;0x6201;0x6202;0x6204;0x6205;0x6210;0x6211;0x6212;0x6214;0x6215;0x6300;0x6301;0x6302;0x6303;0x6304;0x6305;0x6310;0x6311;0x6312;0x6313;0x6314;0x6315;0x6500;0x6510,WQLS3;WQMS3;WQNS3;WQSS3,WQLS3;WQMS3;WQNS3;WQSS3,,WQLS3;WQMS3;WQNS3;WQSS3,no,
SW1H46,19,SMSWORD,weapon,5353,SS,yes,,data/Items.bif,0x00100771,7D349FCA9153D53AA2C9021801CB21BB2F607553D1044D9BB955F027183E2210,78,78,0x5000;0x5001;0x5002;0x5003;0x5010;0x5011;0x5012;0x5013;0x5100;0x5101;0x5102;0x5103;0x5110;0x5111;0x5112;0x5113;0x5200;0x5201;0x5202;0x5210;0x5211;0x5212;0x5300;0x5301;0x5302;0x5303;0x5310;0x5311;0x5312;0x5313;0x6000;0x6001;0x6002;0x6003;0x6004;0x6005;0x6010;0x6011;0x6012;0x6013;0x6014;0x6015;0x6100;0x6101;0x6102;0x6103;0x6104;0x6105;0x6110;0x6111;0x6112;0x6113;0x6114;0x6115;0x6200;0x6201;0x6202;0x6204;0x6205;0x6210;0x6211;0x6212;0x6214;0x6215;0x6300;0x6301;0x6302;0x6303;0x6304;0x6305;0x6310;0x6311;0x6312;0x6313;0x6314;0x6315;0x6500;0x6510,WQLSS;WQMSS;WQNSS;WQSSS,WQLSS;WQMSS;WQNSS;WQSSS,,WQLSS;WQMSS;WQNSS;WQSSS,no,
SW1H47,19,SMSWORD,weapon,5353,SS,yes,,data/Items.bif,0x00100772,F3ED69E17F5689BC64012B4223CAD51FB8CF4A595191E4D22E94B1559EC984C8,78,78,0x5000;0x5001;0x5002;0x5003;0x5010;0x5011;0x5012;0x5013;0x5100;0x5101;0x5102;0x5103;0x5110;0x5111;0x5112;0x5113;0x5200;0x5201;0x5202;0x5210;0x5211;0x5212;0x5300;0x5301;0x5302;0x5303;0x5310;0x5311;0x5312;0x5313;0x6000;0x6001;0x6002;0x6003;0x6004;0x6005;0x6010;0x6011;0x6012;0x6013;0x6014;0x6015;0x6100;0x6101;0x6102;0x6103;0x6104;0x6105;0x6110;0x6111;0x6112;0x6113;0x6114;0x6115;0x6200;0x6201;0x6202;0x6204;0x6205;0x6210;0x6211;0x6212;0x6214;0x6215;0x6300;0x6301;0x6302;0x6303;0x6304;0x6305;0x6310;0x6311;0x6312;0x6313;0x6314;0x6315;0x6500;0x6510,WQLSS;WQMSS;WQNSS;WQSSS,WQLSS;WQMSS;WQNSS;WQSSS,,WQLSS;WQMSS;WQNSS;WQSSS,no,
SW1H48,20,BGSWORD,weapon,5331,S1,yes,,data/Items.bif,0x00100773,87951AE78241FAB2D569B7C28A23987C2CE2BD10C138A51E0341371A7DBB2B8A,78,78,0x5000;0x5001;0x5002;0x5003;0x5010;0x5011;0x5012;0x5013;0x5100;0x5101;0x5102;0x5103;0x5110;0x5111;0x5112;0x5113;0x5200;0x5201;0x5202;0x5210;0x5211;0x5212;0x5300;0x5301;0x5302;0x5303;0x5310;0x5311;0x5312;0x5313;0x6000;0x6001;0x6002;0x6003;0x6004;0x6005;0x6010;0x6011;0x6012;0x6013;0x6014;0x6015;0x6100;0x6101;0x6102;0x6103;0x6104;0x6105;0x6110;0x6111;0x6112;0x6113;0x6114;0x6115;0x6200;0x6201;0x6202;0x6204;0x6205;0x6210;0x6211;0x6212;0x6214;0x6215;0x6300;0x6301;0x6302;0x6303;0x6304;0x6305;0x6310;0x6311;0x6312;0x6313;0x6314;0x6315;0x6500;0x6510,WQLS1;WQMS1;WQNS1;WQSS1,WQLS1;WQMS1;WQNS1;WQSS1,,WQLS1;WQMS1;WQNS1;WQSS1,no,
SW1H49,20,BGSWORD,weapon,5331,S1,yes,,data/Items.bif,0x00100774,07148ED67A5AFC07F9B74A866A4344877F6D7D35B6B661E200F22C155A1CD023,78,78,0x5000;0x5001;0x5002;0x5003;0x5010;0x5011;0x5012;0x5013;0x5100;0x5101;0x5102;0x5103;0x5110;0x5111;0x5112;0x5113;0x5200;0x5201;0x5202;0x5210;0x5211;0x5212;0x5300;0x5301;0x5302;0x5303;0x5310;0x5311;0x5312;0x5313;0x6000;0x6001;0x6002;0x6003;0x6004;0x6005;0x6010;0x6011;0x6012;0x6013;0x6014;0x6015;0x6100;0x6101;0x6102;0x6103;0x6104;0x6105;0x6110;0x6111;0x6112;0x6113;0x6114;0x6115;0x6200;0x6201;0x6202;0x6204;0x6205;0x6210;0x6211;0x6212;0x6214;0x6215;0x6300;0x6301;0x6302;0x6303;0x6304;0x6305;0x6310;0x6311;0x6312;0x6313;0x6314;0x6315;0x6500;0x6510,WQLS1;WQMS1;WQNS1;WQSS1,WQLS1;WQMS1;WQNS1;WQSS1,,WQLS1;WQMS1;WQNS1;WQSS1,no,
SW1H50,20,BGSWORD,weapon,5343,SC,yes,,data/Items.bif,0x00100775,0E56E3FA7B431B47CEB1285E24EF49FE160B4D2DFD614C64BFD0B70CE14D8A5E,78,78,0x5000;0x5001;0x5002;0x5003;0x5010;0x5011;0x5012;0x5013;0x5100;0x5101;0x5102;0x5103;0x5110;0x5111;0x5112;0x5113;0x5200;0x5201;0x5202;0x5210;0x5211;0x5212;0x5300;0x5301;0x5302;0x5303;0x5310;0x5311;0x5312;0x5313;0x6000;0x6001;0x6002;0x6003;0x6004;0x6005;0x6010;0x6011;0x6012;0x6013;0x6014;0x6015;0x6100;0x6101;0x6102;0x6103;0x6104;0x6105;0x6110;0x6111;0x6112;0x6113;0x6114;0x6115;0x6200;0x6201;0x6202;0x6204;0x6205;0x6210;0x6211;0x6212;0x6214;0x6215;0x6300;0x6301;0x6302;0x6303;0x6304;0x6305;0x6310;0x6311;0x6312;0x6313;0x6314;0x6315;0x6500;0x6510,WQLSC;WQMSC;WQNSC;WQSSC,WQLSC;WQMSC;WQNSC;WQSSC,,WQLSC;WQMSC;WQNSC;WQSSC,no,
SW1H51,20,BGSWORD,weapon,5333,S3,yes,,data/Items.bif,0x00100776,C7069E5ADB866615E3463FF96C8DECD99CCB358D51BC0BF2E1CF007E21F21BD0,78,78,0x5000;0x5001;0x5002;0x5003;0x5010;0x5011;0x5012;0x5013;0x5100;0x5101;0x5102;0x5103;0x5110;0x5111;0x5112;0x5113;0x5200;0x5201;0x5202;0x5210;0x5211;0x5212;0x5300;0x5301;0x5302;0x5303;0x5310;0x5311;0x5312;0x5313;0x6000;0x6001;0x6002;0x6003;0x6004;0x6005;0x6010;0x6011;0x6012;0x6013;0x6014;0x6015;0x6100;0x6101;0x6102;0x6103;0x6104;0x6105;0x6110;0x6111;0x6112;0x6113;0x6114;0x6115;0x6200;0x6201;0x6202;0x6204;0x6205;0x6210;0x6211;0x6212;0x6214;0x6215;0x6300;0x6301;0x6302;0x6303;0x6304;0x6305;0x6310;0x6311;0x6312;0x6313;0x6314;0x6315;0x6500;0x6510,WQLS3;WQMS3;WQNS3;WQSS3,WQLS3;WQMS3;WQNS3;WQSS3,,WQLS3;WQMS3;WQNS3;WQSS3,no,
SW1H52,20,BGSWORD,weapon,5343,SC,yes,,data/Items.bif,0x00100777,C49A85629D5A3070585ACEA38C282720B84B352D5764FB9E33F34C0C4B621AF4,78,78,0x5000;0x5001;0x5002;0x5003;0x5010;0x5011;0x5012;0x5013;0x5100;0x5101;0x5102;0x5103;0x5110;0x5111;0x5112;0x5113;0x5200;0x5201;0x5202;0x5210;0x5211;0x5212;0x5300;0x5301;0x5302;0x5303;0x5310;0x5311;0x5312;0x5313;0x6000;0x6001;0x6002;0x6003;0x6004;0x6005;0x6010;0x6011;0x6012;0x6013;0x6014;0x6015;0x6100;0x6101;0x6102;0x6103;0x6104;0x6105;0x6110;0x6111;0x6112;0x6113;0x6114;0x6115;0x6200;0x6201;0x6202;0x6204;0x6205;0x6210;0x6211;0x6212;0x6214;0x6215;0x6300;0x6301;0x6302;0x6303;0x6304;0x6305;0x6310;0x6311;0x6312;0x6313;0x6314;0x6315;0x6500;0x6510,WQLSC;WQMSC;WQNSC;WQSSC,WQLSC;WQMSC;WQNSC;WQSSC,,WQLSC;WQMSC;WQNSC;WQSSC,no,
SW1H53,20,BGSWORD,weapon,4653,FS,yes,,data/Items.bif,0x00100778,746CF16AE5AD68925C27AD493CA135CFEC0E2739D8BE677E9212F268E4B20509,78,78,0x5000;0x5001;0x5002;0x5003;0x5010;0x5011;0x5012;0x5013;0x5100;0x5101;0x5102;0x5103;0x5110;0x5111;0x5112;0x5113;0x5200;0x5201;0x5202;0x5210;0x5211;0x5212;0x5300;0x5301;0x5302;0x5303;0x5310;0x5311;0x5312;0x5313;0x6000;0x6001;0x6002;0x6003;0x6004;0x6005;0x6010;0x6011;0x6012;0x6013;0x6014;0x6015;0x6100;0x6101;0x6102;0x6103;0x6104;0x6105;0x6110;0x6111;0x6112;0x6113;0x6114;0x6115;0x6200;0x6201;0x6202;0x6204;0x6205;0x6210;0x6211;0x6212;0x6214;0x6215;0x6300;0x6301;0x6302;0x6303;0x6304;0x6305;0x6310;0x6311;0x6312;0x6313;0x6314;0x6315;0x6500;0x6510,WQLFS;WQMFS;WQNFS;WQSFS,WQLFS;WQMFS;WQNFS;WQSFS,,WQLFS;WQMFS;WQNFS;WQSFS,no,
SW1H54,20,BGSWORD,weapon,5331,S1,yes,,data/Items.bif,0x00100779,AFE91CBEA2484695AA79BAFC4B7784EF5D1164372E825758716AB2A815DDF3D7,78,78,0x5000;0x5001;0x5002;0x5003;0x5010;0x5011;0x5012;0x5013;0x5100;0x5101;0x5102;0x5103;0x5110;0x5111;0x5112;0x5113;0x5200;0x5201;0x5202;0x5210;0x5211;0x5212;0x5300;0x5301;0x5302;0x5303;0x5310;0x5311;0x5312;0x5313;0x6000;0x6001;0x6002;0x6003;0x6004;0x6005;0x6010;0x6011;0x6012;0x6013;0x6014;0x6015;0x6100;0x6101;0x6102;0x6103;0x6104;0x6105;0x6110;0x6111;0x6112;0x6113;0x6114;0x6115;0x6200;0x6201;0x6202;0x6204;0x6205;0x6210;0x6211;0x6212;0x6214;0x6215;0x6300;0x6301;0x6302;0x6303;0x6304;0x6305;0x6310;0x6311;0x6312;0x6313;0x6314;0x6315;0x6500;0x6510,WQLS1;WQMS1;WQNS1;WQSS1,WQLS1;WQMS1;WQNS1;WQSS1,,WQLS1;WQMS1;WQNS1;WQSS1,no,
SW1H54A,0,MISC,,2020,,no,,data/Items.bif,0x0010077A,6E775483B12053FD45C46E25E002D2CDF1396183B42EF3641E54262F1F195A7D,0,0,,,,,,no,
SW1H54B,0,MISC,,2020,,no,,data/Items.bif,0x0010077B,53033D059084A44F14F792BEA3D4E7628EAE577BD2B0E989BB2A6D50C6091899,0,0,,,,,,no,
SW1H54C,34,GEM,,2020,,no,,data/Items.bif,0x0010077C,5260942C4A626876D0E5722387E0B1D3706464CB2CAF2962BC5CEBA29B8B98BD,0,0,,,,,,no,
SW1H55,20,BGSWORD,weapon,5333,S3,yes,,data/Items.bif,0x0010077D,3B7C6F2CACC0A1E644589D65B0B9F27B3A508AD662B4203B335C616A4BC8A688,78,78,0x5000;0x5001;0x5002;0x5003;0x5010;0x5011;0x5012;0x5013;0x5100;0x5101;0x5102;0x5103;0x5110;0x5111;0x5112;0x5113;0x5200;0x5201;0x5202;0x5210;0x5211;0x5212;0x5300;0x5301;0x5302;0x5303;0x5310;0x5311;0x5312;0x5313;0x6000;0x6001;0x6002;0x6003;0x6004;0x6005;0x6010;0x6011;0x6012;0x6013;0x6014;0x6015;0x6100;0x6101;0x6102;0x6103;0x6104;0x6105;0x6110;0x6111;0x6112;0x6113;0x6114;0x6115;0x6200;0x6201;0x6202;0x6204;0x6205;0x6210;0x6211;0x6212;0x6214;0x6215;0x6300;0x6301;0x6302;0x6303;0x6304;0x6305;0x6310;0x6311;0x6312;0x6313;0x6314;0x6315;0x6500;0x6510,WQLS3;WQMS3;WQNS3;WQSS3,WQLS3;WQMS3;WQNS3;WQSS3,,WQLS3;WQMS3;WQNS3;WQSS3,no,
SW1H56,20,BGSWORD,weapon,5343,SC,yes,,data/Items.bif,0x0010077E,77750E1D635AA48F9A996F0E8565457343F01BB6F8AFF813832AF54700BB6BED,78,78,0x5000;0x5001;0x5002;0x5003;0x5010;0x5011;0x5012;0x5013;0x5100;0x5101;0x5102;0x5103;0x5110;0x5111;0x5112;0x5113;0x5200;0x5201;0x5202;0x5210;0x5211;0x5212;0x5300;0x5301;0x5302;0x5303;0x5310;0x5311;0x5312;0x5313;0x6000;0x6001;0x6002;0x6003;0x6004;0x6005;0x6010;0x6011;0x6012;0x6013;0x6014;0x6015;0x6100;0x6101;0x6102;0x6103;0x6104;0x6105;0x6110;0x6111;0x6112;0x6113;0x6114;0x6115;0x6200;0x6201;0x6202;0x6204;0x6205;0x6210;0x6211;0x6212;0x6214;0x6215;0x6300;0x6301;0x6302;0x6303;0x6304;0x6305;0x6310;0x6311;0x6312;0x6313;0x6314;0x6315;0x6500;0x6510,WQLSC;WQMSC;WQNSC;WQSSC,WQLSC;WQMSC;WQNSC;WQSSC,,WQLSC;WQMSC;WQNSC;WQSSC,no,
SW1H57,16,DAGGER,weapon,4444,DD,yes,,data/Items.bif,0x0010077F,7C814D0AD48CCD519EB64F6BC70E23D7DA3DD99592D7251C54E00C8649488982,78,78,0x5000;0x5001;0x5002;0x5003;0x5010;0x5011;0x5012;0x5013;0x5100;0x5101;0x5102;0x5103;0x5110;0x5111;0x5112;0x5113;0x5200;0x5201;0x5202;0x5210;0x5211;0x5212;0x5300;0x5301;0x5302;0x5303;0x5310;0x5311;0x5312;0x5313;0x6000;0x6001;0x6002;0x6003;0x6004;0x6005;0x6010;0x6011;0x6012;0x6013;0x6014;0x6015;0x6100;0x6101;0x6102;0x6103;0x6104;0x6105;0x6110;0x6111;0x6112;0x6113;0x6114;0x6115;0x6200;0x6201;0x6202;0x6204;0x6205;0x6210;0x6211;0x6212;0x6214;0x6215;0x6300;0x6301;0x6302;0x6303;0x6304;0x6305;0x6310;0x6311;0x6312;0x6313;0x6314;0x6315;0x6500;0x6510,WQLDD;WQMDD;WQNDD;WQSDD,WQLDD;WQMDD;WQNDD;WQSDD,,WQLDD;WQMDD;WQNDD;WQSDD,no,
SW1H58,19,SMSWORD,weapon,5353,SS,yes,,data/25Items.bif,0x084001A9,55E705ADF7E09FABAD7BFF973FA9930A1C39C21423C30F4E7C7CA04333845E50,78,78,0x5000;0x5001;0x5002;0x5003;0x5010;0x5011;0x5012;0x5013;0x5100;0x5101;0x5102;0x5103;0x5110;0x5111;0x5112;0x5113;0x5200;0x5201;0x5202;0x5210;0x5211;0x5212;0x5300;0x5301;0x5302;0x5303;0x5310;0x5311;0x5312;0x5313;0x6000;0x6001;0x6002;0x6003;0x6004;0x6005;0x6010;0x6011;0x6012;0x6013;0x6014;0x6015;0x6100;0x6101;0x6102;0x6103;0x6104;0x6105;0x6110;0x6111;0x6112;0x6113;0x6114;0x6115;0x6200;0x6201;0x6202;0x6204;0x6205;0x6210;0x6211;0x6212;0x6214;0x6215;0x6300;0x6301;0x6302;0x6303;0x6304;0x6305;0x6310;0x6311;0x6312;0x6313;0x6314;0x6315;0x6500;0x6510,WQLSS;WQMSS;WQNSS;WQSSS,WQLSS;WQMSS;WQNSS;WQSSS,,WQLSS;WQMSS;WQNSS;WQSSS,no,
SW1H59,19,SMSWORD,weapon,5353,SS,yes,,data/25Items.bif,0x084001AA,2436FE9878804455095652ADD923752063C02434836D4F71BF314C455F594577,78,78,0x5000;0x5001;0x5002;0x5003;0x5010;0x5011;0x5012;0x5013;0x5100;0x5101;0x5102;0x5103;0x5110;0x5111;0x5112;0x5113;0x5200;0x5201;0x5202;0x5210;0x5211;0x5212;0x5300;0x5301;0x5302;0x5303;0x5310;0x5311;0x5312;0x5313;0x6000;0x6001;0x6002;0x6003;0x6004;0x6005;0x6010;0x6011;0x6012;0x6013;0x6014;0x6015;0x6100;0x6101;0x6102;0x6103;0x6104;0x6105;0x6110;0x6111;0x6112;0x6113;0x6114;0x6115;0x6200;0x6201;0x6202;0x6204;0x6205;0x6210;0x6211;0x6212;0x6214;0x6215;0x6300;0x6301;0x6302;0x6303;0x6304;0x6305;0x6310;0x6311;0x6312;0x6313;0x6314;0x6315;0x6500;0x6510,WQLSS;WQMSS;WQNSS;WQSSS,WQLSS;WQMSS;WQNSS;WQSSS,,WQLSS;WQMSS;WQNSS;WQSSS,no,
SW1H60,20,BGSWORD,weapon,4653,FS,yes,,data/25Items.bif,0x084001AB,01D60F4FBF980745F1A5734030CE4FB2A4BA3A6325E036CBF24989859C1D0213,78,78,0x5000;0x5001;0x5002;0x5003;0x5010;0x5011;0x5012;0x5013;0x5100;0x5101;0x5102;0x5103;0x5110;0x5111;0x5112;0x5113;0x5200;0x5201;0x5202;0x5210;0x5211;0x5212;0x5300;0x5301;0x5302;0x5303;0x5310;0x5311;0x5312;0x5313;0x6000;0x6001;0x6002;0x6003;0x6004;0x6005;0x6010;0x6011;0x6012;0x6013;0x6014;0x6015;0x6100;0x6101;0x6102;0x6103;0x6104;0x6105;0x6110;0x6111;0x6112;0x6113;0x6114;0x6115;0x6200;0x6201;0x6202;0x6204;0x6205;0x6210;0x6211;0x6212;0x6214;0x6215;0x6300;0x6301;0x6302;0x6303;0x6304;0x6305;0x6310;0x6311;0x6312;0x6313;0x6314;0x6315;0x6500;0x6510,WQLFS;WQMFS;WQNFS;WQSFS,WQLFS;WQMFS;WQNFS;WQSFS,,WQLFS;WQMFS;WQNFS;WQSFS,no,
SW1H61,20,BGSWORD,weapon,4653,FS,yes,,data/25Items.bif,0x084001AC,7CA1A0D675235A6D13958FBE1CF05CB1DE31D6EB75D954555DB2A219FB740BD0,78,78,0x5000;0x5001;0x5002;0x5003;0x5010;0x5011;0x5012;0x5013;0x5100;0x5101;0x5102;0x5103;0x5110;0x5111;0x5112;0x5113;0x5200;0x5201;0x5202;0x5210;0x5211;0x5212;0x5300;0x5301;0x5302;0x5303;0x5310;0x5311;0x5312;0x5313;0x6000;0x6001;0x6002;0x6003;0x6004;0x6005;0x6010;0x6011;0x6012;0x6013;0x6014;0x6015;0x6100;0x6101;0x6102;0x6103;0x6104;0x6105;0x6110;0x6111;0x6112;0x6113;0x6114;0x6115;0x6200;0x6201;0x6202;0x6204;0x6205;0x6210;0x6211;0x6212;0x6214;0x6215;0x6300;0x6301;0x6302;0x6303;0x6304;0x6305;0x6310;0x6311;0x6312;0x6313;0x6314;0x6315;0x6500;0x6510,WQLFS;WQMFS;WQNFS;WQSFS,WQLFS;WQMFS;WQNFS;WQSFS,,WQLFS;WQMFS;WQNFS;WQSFS,no,
SW1H62,20,BGSWORD,weapon,5330,S0,yes,,data/25Items.bif,0x084001AD,F418057691DD25C45C3313D7430F8E22C4FFDBE6C097904DA66F7364599B6277,78,78,0x5000;0x5001;0x5002;0x5003;0x5010;0x5011;0x5012;0x5013;0x5100;0x5101;0x5102;0x5103;0x5110;0x5111;0x5112;0x5113;0x5200;0x5201;0x5202;0x5210;0x5211;0x5212;0x5300;0x5301;0x5302;0x5303;0x5310;0x5311;0x5312;0x5313;0x6000;0x6001;0x6002;0x6003;0x6004;0x6005;0x6010;0x6011;0x6012;0x6013;0x6014;0x6015;0x6100;0x6101;0x6102;0x6103;0x6104;0x6105;0x6110;0x6111;0x6112;0x6113;0x6114;0x6115;0x6200;0x6201;0x6202;0x6204;0x6205;0x6210;0x6211;0x6212;0x6214;0x6215;0x6300;0x6301;0x6302;0x6303;0x6304;0x6305;0x6310;0x6311;0x6312;0x6313;0x6314;0x6315;0x6500;0x6510,WQLS0;WQMS0;WQNS0;WQSS0,WQLS0;WQMS0;WQNS0;WQSS0,,WQLS0;WQMS0;WQNS0;WQSS0,no,
SW1H63,20,BGSWORD,weapon,5330,S0,yes,,data/25Items.bif,0x084001AE,89A934478BB5AC1EA5F261CAFD14CB4F86B1CBA7FD23616471C57A48E70D63C5,78,78,0x5000;0x5001;0x5002;0x5003;0x5010;0x5011;0x5012;0x5013;0x5100;0x5101;0x5102;0x5103;0x5110;0x5111;0x5112;0x5113;0x5200;0x5201;0x5202;0x5210;0x5211;0x5212;0x5300;0x5301;0x5302;0x5303;0x5310;0x5311;0x5312;0x5313;0x6000;0x6001;0x6002;0x6003;0x6004;0x6005;0x6010;0x6011;0x6012;0x6013;0x6014;0x6015;0x6100;0x6101;0x6102;0x6103;0x6104;0x6105;0x6110;0x6111;0x6112;0x6113;0x6114;0x6115;0x6200;0x6201;0x6202;0x6204;0x6205;0x6210;0x6211;0x6212;0x6214;0x6215;0x6300;0x6301;0x6302;0x6303;0x6304;0x6305;0x6310;0x6311;0x6312;0x6313;0x6314;0x6315;0x6500;0x6510,WQLS0;WQMS0;WQNS0;WQSS0,WQLS0;WQMS0;WQNS0;WQSS0,,WQLS0;WQMS0;WQNS0;WQSS0,no,
SW1H64,20,BGSWORD,weapon,5330,S0,yes,,data/25Items.bif,0x084001AF,39D92542271CD274CEDCC677B17C3F3A62E855A93BE4063643F327CE31026CB3,78,78,0x5000;0x5001;0x5002;0x5003;0x5010;0x5011;0x5012;0x5013;0x5100;0x5101;0x5102;0x5103;0x5110;0x5111;0x5112;0x5113;0x5200;0x5201;0x5202;0x5210;0x5211;0x5212;0x5300;0x5301;0x5302;0x5303;0x5310;0x5311;0x5312;0x5313;0x6000;0x6001;0x6002;0x6003;0x6004;0x6005;0x6010;0x6011;0x6012;0x6013;0x6014;0x6015;0x6100;0x6101;0x6102;0x6103;0x6104;0x6105;0x6110;0x6111;0x6112;0x6113;0x6114;0x6115;0x6200;0x6201;0x6202;0x6204;0x6205;0x6210;0x6211;0x6212;0x6214;0x6215;0x6300;0x6301;0x6302;0x6303;0x6304;0x6305;0x6310;0x6311;0x6312;0x6313;0x6314;0x6315;0x6500;0x6510,WQLS0;WQMS0;WQNS0;WQSS0,WQLS0;WQMS0;WQNS0;WQSS0,,WQLS0;WQMS0;WQNS0;WQSS0,no,
SW1H65,20,BGSWORD,weapon,5330,S0,yes,,data/25Items.bif,0x084001B0,7539122A96B6E6D37A3AFFB258541199AB1F02A1EB92F1737A26D4D985A87748,78,78,0x5000;0x5001;0x5002;0x5003;0x5010;0x5011;0x5012;0x5013;0x5100;0x5101;0x5102;0x5103;0x5110;0x5111;0x5112;0x5113;0x5200;0x5201;0x5202;0x5210;0x5211;0x5212;0x5300;0x5301;0x5302;0x5303;0x5310;0x5311;0x5312;0x5313;0x6000;0x6001;0x6002;0x6003;0x6004;0x6005;0x6010;0x6011;0x6012;0x6013;0x6014;0x6015;0x6100;0x6101;0x6102;0x6103;0x6104;0x6105;0x6110;0x6111;0x6112;0x6113;0x6114;0x6115;0x6200;0x6201;0x6202;0x6204;0x6205;0x6210;0x6211;0x6212;0x6214;0x6215;0x6300;0x6301;0x6302;0x6303;0x6304;0x6305;0x6310;0x6311;0x6312;0x6313;0x6314;0x6315;0x6500;0x6510,WQLS0;WQMS0;WQNS0;WQSS0,WQLS0;WQMS0;WQNS0;WQSS0,,WQLS0;WQMS0;WQNS0;WQSS0,no,
SW1H66,19,SMSWORD,weapon,5343,SC,yes,,data/25Items.bif,0x084001B1,4ACFA96357F6CE7716F98A3F1A886C0E88F3FFB64DBAE2F301D535FB78E93B00,78,78,0x5000;0x5001;0x5002;0x5003;0x5010;0x5011;0x5012;0x5013;0x5100;0x5101;0x5102;0x5103;0x5110;0x5111;0x5112;0x5113;0x5200;0x5201;0x5202;0x5210;0x5211;0x5212;0x5300;0x5301;0x5302;0x5303;0x5310;0x5311;0x5312;0x5313;0x6000;0x6001;0x6002;0x6003;0x6004;0x6005;0x6010;0x6011;0x6012;0x6013;0x6014;0x6015;0x6100;0x6101;0x6102;0x6103;0x6104;0x6105;0x6110;0x6111;0x6112;0x6113;0x6114;0x6115;0x6200;0x6201;0x6202;0x6204;0x6205;0x6210;0x6211;0x6212;0x6214;0x6215;0x6300;0x6301;0x6302;0x6303;0x6304;0x6305;0x6310;0x6311;0x6312;0x6313;0x6314;0x6315;0x6500;0x6510,WQLSC;WQMSC;WQNSC;WQSSC,WQLSC;WQMSC;WQNSC;WQSSC,,WQLSC;WQMSC;WQNSC;WQSSC,no,
SW1H67,20,BGSWORD,weapon,5343,SC,yes,,data/25Items.bif,0x084001B2,CBD44817A27BED72620C37102FE42D81438030A33CF690EC942F3F527DC1F7D1,78,78,0x5000;0x5001;0x5002;0x5003;0x5010;0x5011;0x5012;0x5013;0x5100;0x5101;0x5102;0x5103;0x5110;0x5111;0x5112;0x5113;0x5200;0x5201;0x5202;0x5210;0x5211;0x5212;0x5300;0x5301;0x5302;0x5303;0x5310;0x5311;0x5312;0x5313;0x6000;0x6001;0x6002;0x6003;0x6004;0x6005;0x6010;0x6011;0x6012;0x6013;0x6014;0x6015;0x6100;0x6101;0x6102;0x6103;0x6104;0x6105;0x6110;0x6111;0x6112;0x6113;0x6114;0x6115;0x6200;0x6201;0x6202;0x6204;0x6205;0x6210;0x6211;0x6212;0x6214;0x6215;0x6300;0x6301;0x6302;0x6303;0x6304;0x6305;0x6310;0x6311;0x6312;0x6313;0x6314;0x6315;0x6500;0x6510,WQLSC;WQMSC;WQNSC;WQSSC,WQLSC;WQMSC;WQNSC;WQSSC,,WQLSC;WQMSC;WQNSC;WQSSC,no,
SW1H68,20,BGSWORD,weapon,5343,SC,yes,,data/25Items.bif,0x084001B3,4E468097879569048D264D47822108C1F502BED8ED57EEE618D0780954735B40,78,78,0x5000;0x5001;0x5002;0x5003;0x5010;0x5011;0x5012;0x5013;0x5100;0x5101;0x5102;0x5103;0x5110;0x5111;0x5112;0x5113;0x5200;0x5201;0x5202;0x5210;0x5211;0x5212;0x5300;0x5301;0x5302;0x5303;0x5310;0x5311;0x5312;0x5313;0x6000;0x6001;0x6002;0x6003;0x6004;0x6005;0x6010;0x6011;0x6012;0x6013;0x6014;0x6015;0x6100;0x6101;0x6102;0x6103;0x6104;0x6105;0x6110;0x6111;0x6112;0x6113;0x6114;0x6115;0x6200;0x6201;0x6202;0x6204;0x6205;0x6210;0x6211;0x6212;0x6214;0x6215;0x6300;0x6301;0x6302;0x6303;0x6304;0x6305;0x6310;0x6311;0x6312;0x6313;0x6314;0x6315;0x6500;0x6510,WQLSC;WQMSC;WQNSC;WQSSC,WQLSC;WQMSC;WQNSC;WQSSC,,WQLSC;WQMSC;WQNSC;WQSSC,no,
SW1H68A,20,BGSWORD,weapon,2020,,no,,data/25Items.bif,0x084001B4,80C8CEBD6AB073B112BCF686532623318623F632FA026CFD75318BE776CB8441,0,0,,,,,,no,no-compatible-character-family;visual-animation-code-invalid
SW1H68C,20,BGSWORD,weapon,5343,SC,yes,,data/25Items.bif,0x084001B5,67B11B8B16BC063BD96D1753656C29B78AA95538CD2E71FF12834A296121B1E6,78,78,0x5000;0x5001;0x5002;0x5003;0x5010;0x5011;0x5012;0x5013;0x5100;0x5101;0x5102;0x5103;0x5110;0x5111;0x5112;0x5113;0x5200;0x5201;0x5202;0x5210;0x5211;0x5212;0x5300;0x5301;0x5302;0x5303;0x5310;0x5311;0x5312;0x5313;0x6000;0x6001;0x6002;0x6003;0x6004;0x6005;0x6010;0x6011;0x6012;0x6013;0x6014;0x6015;0x6100;0x6101;0x6102;0x6103;0x6104;0x6105;0x6110;0x6111;0x6112;0x6113;0x6114;0x6115;0x6200;0x6201;0x6202;0x6204;0x6205;0x6210;0x6211;0x6212;0x6214;0x6215;0x6300;0x6301;0x6302;0x6303;0x6304;0x6305;0x6310;0x6311;0x6312;0x6313;0x6314;0x6315;0x6500;0x6510,WQLSC;WQMSC;WQNSC;WQSSC,WQLSC;WQMSC;WQNSC;WQSSC,,WQLSC;WQMSC;WQNSC;WQSSC,no,
SW1H69,20,BGSWORD,weapon,5343,SC,yes,,data/25Items.bif,0x084001B6,63B9CC37F398801C142A2255DFEB13CF9897A266ADD5AD294A632EDC320B2E54,78,78,0x5000;0x5001;0x5002;0x5003;0x5010;0x5011;0x5012;0x5013;0x5100;0x5101;0x5102;0x5103;0x5110;0x5111;0x5112;0x5113;0x5200;0x5201;0x5202;0x5210;0x5211;0x5212;0x5300;0x5301;0x5302;0x5303;0x5310;0x5311;0x5312;0x5313;0x6000;0x6001;0x6002;0x6003;0x6004;0x6005;0x6010;0x6011;0x6012;0x6013;0x6014;0x6015;0x6100;0x6101;0x6102;0x6103;0x6104;0x6105;0x6110;0x6111;0x6112;0x6113;0x6114;0x6115;0x6200;0x6201;0x6202;0x6204;0x6205;0x6210;0x6211;0x6212;0x6214;0x6215;0x6300;0x6301;0x6302;0x6303;0x6304;0x6305;0x6310;0x6311;0x6312;0x6313;0x6314;0x6315;0x6500;0x6510,WQLSC;WQMSC;WQNSC;WQSSC,WQLSC;WQMSC;WQNSC;WQSSC,,WQLSC;WQMSC;WQNSC;WQSSC,no,
SW1H69C,20,BGSWORD,weapon,5343,SC,yes,,data/25Items.bif,0x084001B7,D32F2F77615F15E7CB70B04367C537E6E4FCB5DE0B5F1D9F0C39C05CFBAA43EA,78,78,0x5000;0x5001;0x5002;0x5003;0x5010;0x5011;0x5012;0x5013;0x5100;0x5101;0x5102;0x5103;0x5110;0x5111;0x5112;0x5113;0x5200;0x5201;0x5202;0x5210;0x5211;0x5212;0x5300;0x5301;0x5302;0x5303;0x5310;0x5311;0x5312;0x5313;0x6000;0x6001;0x6002;0x6003;0x6004;0x6005;0x6010;0x6011;0x6012;0x6013;0x6014;0x6015;0x6100;0x6101;0x6102;0x6103;0x6104;0x6105;0x6110;0x6111;0x6112;0x6113;0x6114;0x6115;0x6200;0x6201;0x6202;0x6204;0x6205;0x6210;0x6211;0x6212;0x6214;0x6215;0x6300;0x6301;0x6302;0x6303;0x6304;0x6305;0x6310;0x6311;0x6312;0x6313;0x6314;0x6315;0x6500;0x6510,WQLSC;WQMSC;WQNSC;WQSSC,WQLSC;WQMSC;WQNSC;WQSSC,,WQLSC;WQMSC;WQNSC;WQSSC,no,
SW1H70,20,BGSWORD,weapon,5333,S3,yes,,data/25Items.bif,0x084001B8,DEA2982394E816E1B93D9A807D32B616FADC52BD6A04893CED1C59BA888671DC,78,78,0x5000;0x5001;0x5002;0x5003;0x5010;0x5011;0x5012;0x5013;0x5100;0x5101;0x5102;0x5103;0x5110;0x5111;0x5112;0x5113;0x5200;0x5201;0x5202;0x5210;0x5211;0x5212;0x5300;0x5301;0x5302;0x5303;0x5310;0x5311;0x5312;0x5313;0x6000;0x6001;0x6002;0x6003;0x6004;0x6005;0x6010;0x6011;0x6012;0x6013;0x6014;0x6015;0x6100;0x6101;0x6102;0x6103;0x6104;0x6105;0x6110;0x6111;0x6112;0x6113;0x6114;0x6115;0x6200;0x6201;0x6202;0x6204;0x6205;0x6210;0x6211;0x6212;0x6214;0x6215;0x6300;0x6301;0x6302;0x6303;0x6304;0x6305;0x6310;0x6311;0x6312;0x6313;0x6314;0x6315;0x6500;0x6510,WQLS3;WQMS3;WQNS3;WQSS3,WQLS3;WQMS3;WQNS3;WQSS3,,WQLS3;WQMS3;WQNS3;WQSS3,no,
SW1H71,20,BGSWORD,weapon,5333,S3,yes,,data/25Items.bif,0x084001B9,D060216CDCE1F80EB12A2F73106581EC39BA5AEC527883F80C7E5A5E2FCBDC4A,78,78,0x5000;0x5001;0x5002;0x5003;0x5010;0x5011;0x5012;0x5013;0x5100;0x5101;0x5102;0x5103;0x5110;0x5111;0x5112;0x5113;0x5200;0x5201;0x5202;0x5210;0x5211;0x5212;0x5300;0x5301;0x5302;0x5303;0x5310;0x5311;0x5312;0x5313;0x6000;0x6001;0x6002;0x6003;0x6004;0x6005;0x6010;0x6011;0x6012;0x6013;0x6014;0x6015;0x6100;0x6101;0x6102;0x6103;0x6104;0x6105;0x6110;0x6111;0x6112;0x6113;0x6114;0x6115;0x6200;0x6201;0x6202;0x6204;0x6205;0x6210;0x6211;0x6212;0x6214;0x6215;0x6300;0x6301;0x6302;0x6303;0x6304;0x6305;0x6310;0x6311;0x6312;0x6313;0x6314;0x6315;0x6500;0x6510,WQLS3;WQMS3;WQNS3;WQSS3,WQLS3;WQMS3;WQNS3;WQSS3,,WQLS3;WQMS3;WQNS3;WQSS3,no,
SW1H72,20,BGSWORD,weapon,5330,S0,yes,,data/25Items.bif,0x084001BA,9DB1C8A9DB3BFB60AF70290ADF929CE27F0AE3F81FD6AC8467C33B3A9E9F3304,78,78,0x5000;0x5001;0x5002;0x5003;0x5010;0x5011;0x5012;0x5013;0x5100;0x5101;0x5102;0x5103;0x5110;0x5111;0x5112;0x5113;0x5200;0x5201;0x5202;0x5210;0x5211;0x5212;0x5300;0x5301;0x5302;0x5303;0x5310;0x5311;0x5312;0x5313;0x6000;0x6001;0x6002;0x6003;0x6004;0x6005;0x6010;0x6011;0x6012;0x6013;0x6014;0x6015;0x6100;0x6101;0x6102;0x6103;0x6104;0x6105;0x6110;0x6111;0x6112;0x6113;0x6114;0x6115;0x6200;0x6201;0x6202;0x6204;0x6205;0x6210;0x6211;0x6212;0x6214;0x6215;0x6300;0x6301;0x6302;0x6303;0x6304;0x6305;0x6310;0x6311;0x6312;0x6313;0x6314;0x6315;0x6500;0x6510,WQLS0;WQMS0;WQNS0;WQSS0,WQLS0;WQMS0;WQNS0;WQSS0,,WQLS0;WQMS0;WQNS0;WQSS0,no,
SW1H73,20,BGSWORD,weapon,5331,S1,yes,,data/25Items.bif,0x084001BB,AC58284BD853C8C33D966157F6F203BB9ADECEB6CA57971A58F6970D4681826A,78,78,0x5000;0x5001;0x5002;0x5003;0x5010;0x5011;0x5012;0x5013;0x5100;0x5101;0x5102;0x5103;0x5110;0x5111;0x5112;0x5113;0x5200;0x5201;0x5202;0x5210;0x5211;0x5212;0x5300;0x5301;0x5302;0x5303;0x5310;0x5311;0x5312;0x5313;0x6000;0x6001;0x6002;0x6003;0x6004;0x6005;0x6010;0x6011;0x6012;0x6013;0x6014;0x6015;0x6100;0x6101;0x6102;0x6103;0x6104;0x6105;0x6110;0x6111;0x6112;0x6113;0x6114;0x6115;0x6200;0x6201;0x6202;0x6204;0x6205;0x6210;0x6211;0x6212;0x6214;0x6215;0x6300;0x6301;0x6302;0x6303;0x6304;0x6305;0x6310;0x6311;0x6312;0x6313;0x6314;0x6315;0x6500;0x6510,WQLS1;WQMS1;WQNS1;WQSS1,WQLS1;WQMS1;WQNS1;WQSS1,,WQLS1;WQMS1;WQNS1;WQSS1,no,
SW1H74,19,SMSWORD,weapon,5353,SS,yes,,data/25Items.bif,0x084001BC,482E276A4FB389773C42A5201658B1DEE4A8215DFD711CDA9AAF4D9CD40B7BDA,78,78,0x5000;0x5001;0x5002;0x5003;0x5010;0x5011;0x5012;0x5013;0x5100;0x5101;0x5102;0x5103;0x5110;0x5111;0x5112;0x5113;0x5200;0x5201;0x5202;0x5210;0x5211;0x5212;0x5300;0x5301;0x5302;0x5303;0x5310;0x5311;0x5312;0x5313;0x6000;0x6001;0x6002;0x6003;0x6004;0x6005;0x6010;0x6011;0x6012;0x6013;0x6014;0x6015;0x6100;0x6101;0x6102;0x6103;0x6104;0x6105;0x6110;0x6111;0x6112;0x6113;0x6114;0x6115;0x6200;0x6201;0x6202;0x6204;0x6205;0x6210;0x6211;0x6212;0x6214;0x6215;0x6300;0x6301;0x6302;0x6303;0x6304;0x6305;0x6310;0x6311;0x6312;0x6313;0x6314;0x6315;0x6500;0x6510,WQLSS;WQMSS;WQNSS;WQSSS,WQLSS;WQMSS;WQNSS;WQSSS,,WQLSS;WQMSS;WQNSS;WQSSS,no,
SW1H75,20,BGSWORD,weapon,5333,S3,yes,,data/25Items.bif,0x084001BD,A089C33F8A65D0ACEB3AC2EDE2B45D858FB95A0FA3DD99D889459171B4018660,78,78,0x5000;0x5001;0x5002;0x5003;0x5010;0x5011;0x5012;0x5013;0x5100;0x5101;0x5102;0x5103;0x5110;0x5111;0x5112;0x5113;0x5200;0x5201;0x5202;0x5210;0x5211;0x5212;0x5300;0x5301;0x5302;0x5303;0x5310;0x5311;0x5312;0x5313;0x6000;0x6001;0x6002;0x6003;0x6004;0x6005;0x6010;0x6011;0x6012;0x6013;0x6014;0x6015;0x6100;0x6101;0x6102;0x6103;0x6104;0x6105;0x6110;0x6111;0x6112;0x6113;0x6114;0x6115;0x6200;0x6201;0x6202;0x6204;0x6205;0x6210;0x6211;0x6212;0x6214;0x6215;0x6300;0x6301;0x6302;0x6303;0x6304;0x6305;0x6310;0x6311;0x6312;0x6313;0x6314;0x6315;0x6500;0x6510,WQLS3;WQMS3;WQNS3;WQSS3,WQLS3;WQMS3;WQNS3;WQSS3,,WQLS3;WQMS3;WQNS3;WQSS3,no,
SW1H76,20,BGSWORD,weapon,5343,SC,yes,,data/25Items.bif,0x084001BE,B4F8F4EBB233FE65A98247EF96E505F05FBAA2657863DEC12A536C16517FD950,78,78,0x5000;0x5001;0x5002;0x5003;0x5010;0x5011;0x5012;0x5013;0x5100;0x5101;0x5102;0x5103;0x5110;0x5111;0x5112;0x5113;0x5200;0x5201;0x5202;0x5210;0x5211;0x5212;0x5300;0x5301;0x5302;0x5303;0x5310;0x5311;0x5312;0x5313;0x6000;0x6001;0x6002;0x6003;0x6004;0x6005;0x6010;0x6011;0x6012;0x6013;0x6014;0x6015;0x6100;0x6101;0x6102;0x6103;0x6104;0x6105;0x6110;0x6111;0x6112;0x6113;0x6114;0x6115;0x6200;0x6201;0x6202;0x6204;0x6205;0x6210;0x6211;0x6212;0x6214;0x6215;0x6300;0x6301;0x6302;0x6303;0x6304;0x6305;0x6310;0x6311;0x6312;0x6313;0x6314;0x6315;0x6500;0x6510,WQLSC;WQMSC;WQNSC;WQSSC,WQLSC;WQMSC;WQNSC;WQSSC,,WQLSC;WQMSC;WQNSC;WQSSC,no,
SW1H77,20,BGSWORD,weapon,5331,S1,yes,,data/25Items.bif,0x084001BF,30A37E481EF5C5CBBBA1A2B5835DF0FE34F6065A020118D349FDE2C360928255,78,78,0x5000;0x5001;0x5002;0x5003;0x5010;0x5011;0x5012;0x5013;0x5100;0x5101;0x5102;0x5103;0x5110;0x5111;0x5112;0x5113;0x5200;0x5201;0x5202;0x5210;0x5211;0x5212;0x5300;0x5301;0x5302;0x5303;0x5310;0x5311;0x5312;0x5313;0x6000;0x6001;0x6002;0x6003;0x6004;0x6005;0x6010;0x6011;0x6012;0x6013;0x6014;0x6015;0x6100;0x6101;0x6102;0x6103;0x6104;0x6105;0x6110;0x6111;0x6112;0x6113;0x6114;0x6115;0x6200;0x6201;0x6202;0x6204;0x6205;0x6210;0x6211;0x6212;0x6214;0x6215;0x6300;0x6301;0x6302;0x6303;0x6304;0x6305;0x6310;0x6311;0x6312;0x6313;0x6314;0x6315;0x6500;0x6510,WQLS1;WQMS1;WQNS1;WQSS1,WQLS1;WQMS1;WQNS1;WQSS1,,WQLS1;WQMS1;WQNS1;WQSS1,no,
SW1H98,19,SMSWORD,weapon,5353,SS,yes,,data/Items.bif,0x00100780,7F04AC17C651C380C9023AFEC4BF1CF37AF151F456DA79239B4269BF16B9F8F5,78,78,0x5000;0x5001;0x5002;0x5003;0x5010;0x5011;0x5012;0x5013;0x5100;0x5101;0x5102;0x5103;0x5110;0x5111;0x5112;0x5113;0x5200;0x5201;0x5202;0x5210;0x5211;0x5212;0x5300;0x5301;0x5302;0x5303;0x5310;0x5311;0x5312;0x5313;0x6000;0x6001;0x6002;0x6003;0x6004;0x6005;0x6010;0x6011;0x6012;0x6013;0x6014;0x6015;0x6100;0x6101;0x6102;0x6103;0x6104;0x6105;0x6110;0x6111;0x6112;0x6113;0x6114;0x6115;0x6200;0x6201;0x6202;0x6204;0x6205;0x6210;0x6211;0x6212;0x6214;0x6215;0x6300;0x6301;0x6302;0x6303;0x6304;0x6305;0x6310;0x6311;0x6312;0x6313;0x6314;0x6315;0x6500;0x6510,WQLSS;WQMSS;WQNSS;WQSSS,WQLSS;WQMSS;WQNSS;WQSSS,,WQLSS;WQMSS;WQNSS;WQSSS,no,
SW1H99,20,BGSWORD,weapon,5331,S1,yes,,data/Items.bif,0x00100781,BB86F7F1A08CB85780F2F4FFF1B8A40CD363FBC6BA2EB0889D3AC6364CF5F578,78,78,0x5000;0x5001;0x5002;0x5003;0x5010;0x5011;0x5012;0x5013;0x5100;0x5101;0x5102;0x5103;0x5110;0x5111;0x5112;0x5113;0x5200;0x5201;0x5202;0x5210;0x5211;0x5212;0x5300;0x5301;0x5302;0x5303;0x5310;0x5311;0x5312;0x5313;0x6000;0x6001;0x6002;0x6003;0x6004;0x6005;0x6010;0x6011;0x6012;0x6013;0x6014;0x6015;0x6100;0x6101;0x6102;0x6103;0x6104;0x6105;0x6110;0x6111;0x6112;0x6113;0x6114;0x6115;0x6200;0x6201;0x6202;0x6204;0x6205;0x6210;0x6211;0x6212;0x6214;0x6215;0x6300;0x6301;0x6302;0x6303;0x6304;0x6305;0x6310;0x6311;0x6312;0x6313;0x6314;0x6315;0x6500;0x6510,WQLS1;WQMS1;WQNS1;WQSS1,WQLS1;WQMS1;WQNS1;WQSS1,,WQLS1;WQMS1;WQNS1;WQSS1,no,
SW1HSEEK,20,BGSWORD,weapon,5331,S1,yes,,data/Items.bif,0x00100782,AF5B866F1DB09014B66EBA985584A8EB25630A77FDD4C39C7DFE83C9308FBCFB,78,78,0x5000;0x5001;0x5002;0x5003;0x5010;0x5011;0x5012;0x5013;0x5100;0x5101;0x5102;0x5103;0x5110;0x5111;0x5112;0x5113;0x5200;0x5201;0x5202;0x5210;0x5211;0x5212;0x5300;0x5301;0x5302;0x5303;0x5310;0x5311;0x5312;0x5313;0x6000;0x6001;0x6002;0x6003;0x6004;0x6005;0x6010;0x6011;0x6012;0x6013;0x6014;0x6015;0x6100;0x6101;0x6102;0x6103;0x6104;0x6105;0x6110;0x6111;0x6112;0x6113;0x6114;0x6115;0x6200;0x6201;0x6202;0x6204;0x6205;0x6210;0x6211;0x6212;0x6214;0x6215;0x6300;0x6301;0x6302;0x6303;0x6304;0x6305;0x6310;0x6311;0x6312;0x6313;0x6314;0x6315;0x6500;0x6510,WQLS1;WQMS1;WQNS1;WQSS1,WQLS1;WQMS1;WQNS1;WQSS1,,WQLS1;WQMS1;WQNS1;WQSS1,no,
SW1HWK,20,BGSWORD,weapon,5343,SC,yes,,data/Items.bif,0x00100783,CB225F9FF35D8114554D73DDC2B6F2A73C610C1184594E3DC64CFC1B8C37BEA6,78,78,0x5000;0x5001;0x5002;0x5003;0x5010;0x5011;0x5012;0x5013;0x5100;0x5101;0x5102;0x5103;0x5110;0x5111;0x5112;0x5113;0x5200;0x5201;0x5202;0x5210;0x5211;0x5212;0x5300;0x5301;0x5302;0x5303;0x5310;0x5311;0x5312;0x5313;0x6000;0x6001;0x6002;0x6003;0x6004;0x6005;0x6010;0x6011;0x6012;0x6013;0x6014;0x6015;0x6100;0x6101;0x6102;0x6103;0x6104;0x6105;0x6110;0x6111;0x6112;0x6113;0x6114;0x6115;0x6200;0x6201;0x6202;0x6204;0x6205;0x6210;0x6211;0x6212;0x6214;0x6215;0x6300;0x6301;0x6302;0x6303;0x6304;0x6305;0x6310;0x6311;0x6312;0x6313;0x6314;0x6315;0x6500;0x6510,WQLSC;WQMSC;WQNSC;WQSSC,WQLSC;WQMSC;WQNSC;WQSSC,,WQLSC;WQMSC;WQNSC;WQSSC,no,
SW2H01,20,BGSWORD,weapon,5332,S2,yes,,data/Items.bif,0x00100784,6DD75508A7FCC304EE628F5027A58368E9D3F3C435D7E7AE0589450DC963A5E7,78,78,0x5000;0x5001;0x5002;0x5003;0x5010;0x5011;0x5012;0x5013;0x5100;0x5101;0x5102;0x5103;0x5110;0x5111;0x5112;0x5113;0x5200;0x5201;0x5202;0x5210;0x5211;0x5212;0x5300;0x5301;0x5302;0x5303;0x5310;0x5311;0x5312;0x5313;0x6000;0x6001;0x6002;0x6003;0x6004;0x6005;0x6010;0x6011;0x6012;0x6013;0x6014;0x6015;0x6100;0x6101;0x6102;0x6103;0x6104;0x6105;0x6110;0x6111;0x6112;0x6113;0x6114;0x6115;0x6200;0x6201;0x6202;0x6204;0x6205;0x6210;0x6211;0x6212;0x6214;0x6215;0x6300;0x6301;0x6302;0x6303;0x6304;0x6305;0x6310;0x6311;0x6312;0x6313;0x6314;0x6315;0x6500;0x6510,WQLS2;WQMS2;WQNS2;WQSS2,WQLS2;WQMS2;WQNS2;WQSS2,,WQLS2;WQMS2;WQNS2;WQSS2,no,
SW2H01B,20,BGSWORD,weapon,5332,S2,yes,,data/Items.bif,0x00100785,01056E1DF76A99AACA9F8FE010429ACDB6C5BF35955C300BE031E2BE2E4D8722,78,78,0x5000;0x5001;0x5002;0x5003;0x5010;0x5011;0x5012;0x5013;0x5100;0x5101;0x5102;0x5103;0x5110;0x5111;0x5112;0x5113;0x5200;0x5201;0x5202;0x5210;0x5211;0x5212;0x5300;0x5301;0x5302;0x5303;0x5310;0x5311;0x5312;0x5313;0x6000;0x6001;0x6002;0x6003;0x6004;0x6005;0x6010;0x6011;0x6012;0x6013;0x6014;0x6015;0x6100;0x6101;0x6102;0x6103;0x6104;0x6105;0x6110;0x6111;0x6112;0x6113;0x6114;0x6115;0x6200;0x6201;0x6202;0x6204;0x6205;0x6210;0x6211;0x6212;0x6214;0x6215;0x6300;0x6301;0x6302;0x6303;0x6304;0x6305;0x6310;0x6311;0x6312;0x6313;0x6314;0x6315;0x6500;0x6510,WQLS2;WQMS2;WQNS2;WQSS2,WQLS2;WQMS2;WQNS2;WQSS2,,WQLS2;WQMS2;WQNS2;WQSS2,no,
SW2H02,20,BGSWORD,weapon,5332,S2,yes,,data/Items.bif,0x00100786,E17F4F4AD055E6337BDBDEA619D66227B64D4D1B6B869E64A6D045635F3FA9DD,78,78,0x5000;0x5001;0x5002;0x5003;0x5010;0x5011;0x5012;0x5013;0x5100;0x5101;0x5102;0x5103;0x5110;0x5111;0x5112;0x5113;0x5200;0x5201;0x5202;0x5210;0x5211;0x5212;0x5300;0x5301;0x5302;0x5303;0x5310;0x5311;0x5312;0x5313;0x6000;0x6001;0x6002;0x6003;0x6004;0x6005;0x6010;0x6011;0x6012;0x6013;0x6014;0x6015;0x6100;0x6101;0x6102;0x6103;0x6104;0x6105;0x6110;0x6111;0x6112;0x6113;0x6114;0x6115;0x6200;0x6201;0x6202;0x6204;0x6205;0x6210;0x6211;0x6212;0x6214;0x6215;0x6300;0x6301;0x6302;0x6303;0x6304;0x6305;0x6310;0x6311;0x6312;0x6313;0x6314;0x6315;0x6500;0x6510,WQLS2;WQMS2;WQNS2;WQSS2,WQLS2;WQMS2;WQNS2;WQSS2,,WQLS2;WQMS2;WQNS2;WQSS2,no,
SW2H03,20,BGSWORD,weapon,5332,S2,yes,,data/Items.bif,0x00100787,12E9919F1CF002A1781975C10C33A0F27661C1D575099DE52CFBD6BE6FF4405E,78,78,0x5000;0x5001;0x5002;0x5003;0x5010;0x5011;0x5012;0x5013;0x5100;0x5101;0x5102;0x5103;0x5110;0x5111;0x5112;0x5113;0x5200;0x5201;0x5202;0x5210;0x5211;0x5212;0x5300;0x5301;0x5302;0x5303;0x5310;0x5311;0x5312;0x5313;0x6000;0x6001;0x6002;0x6003;0x6004;0x6005;0x6010;0x6011;0x6012;0x6013;0x6014;0x6015;0x6100;0x6101;0x6102;0x6103;0x6104;0x6105;0x6110;0x6111;0x6112;0x6113;0x6114;0x6115;0x6200;0x6201;0x6202;0x6204;0x6205;0x6210;0x6211;0x6212;0x6214;0x6215;0x6300;0x6301;0x6302;0x6303;0x6304;0x6305;0x6310;0x6311;0x6312;0x6313;0x6314;0x6315;0x6500;0x6510,WQLS2;WQMS2;WQNS2;WQSS2,WQLS2;WQMS2;WQNS2;WQSS2,,WQLS2;WQMS2;WQNS2;WQSS2,no,
SW2H05,20,BGSWORD,weapon,2020,,no,,data/Items.bif,0x00100788,B9AE6C2AC7EEC434D8E97BF775305B00D8500BA40320132BCC6B495F467D2E57,0,0,,,,,,no,no-compatible-character-family;visual-animation-code-invalid
SW2H06,20,BGSWORD,weapon,5332,S2,yes,,data/Items.bif,0x00100789,1BC5A57802B7A779D9CD4C26189DB49A1928CC816A4BE43ABD52063037BFD0A2,78,78,0x5000;0x5001;0x5002;0x5003;0x5010;0x5011;0x5012;0x5013;0x5100;0x5101;0x5102;0x5103;0x5110;0x5111;0x5112;0x5113;0x5200;0x5201;0x5202;0x5210;0x5211;0x5212;0x5300;0x5301;0x5302;0x5303;0x5310;0x5311;0x5312;0x5313;0x6000;0x6001;0x6002;0x6003;0x6004;0x6005;0x6010;0x6011;0x6012;0x6013;0x6014;0x6015;0x6100;0x6101;0x6102;0x6103;0x6104;0x6105;0x6110;0x6111;0x6112;0x6113;0x6114;0x6115;0x6200;0x6201;0x6202;0x6204;0x6205;0x6210;0x6211;0x6212;0x6214;0x6215;0x6300;0x6301;0x6302;0x6303;0x6304;0x6305;0x6310;0x6311;0x6312;0x6313;0x6314;0x6315;0x6500;0x6510,WQLS2;WQMS2;WQNS2;WQSS2,WQLS2;WQMS2;WQNS2;WQSS2,,WQLS2;WQMS2;WQNS2;WQSS2,no,
SW2H07,20,BGSWORD,weapon,5332,S2,yes,,data/Items.bif,0x0010078A,F0548BE071F25FF3348474ED68802EEB0264EF1B5906657AAD7AD262C8F27F95,78,78,0x5000;0x5001;0x5002;0x5003;0x5010;0x5011;0x5012;0x5013;0x5100;0x5101;0x5102;0x5103;0x5110;0x5111;0x5112;0x5113;0x5200;0x5201;0x5202;0x5210;0x5211;0x5212;0x5300;0x5301;0x5302;0x5303;0x5310;0x5311;0x5312;0x5313;0x6000;0x6001;0x6002;0x6003;0x6004;0x6005;0x6010;0x6011;0x6012;0x6013;0x6014;0x6015;0x6100;0x6101;0x6102;0x6103;0x6104;0x6105;0x6110;0x6111;0x6112;0x6113;0x6114;0x6115;0x6200;0x6201;0x6202;0x6204;0x6205;0x6210;0x6211;0x6212;0x6214;0x6215;0x6300;0x6301;0x6302;0x6303;0x6304;0x6305;0x6310;0x6311;0x6312;0x6313;0x6314;0x6315;0x6500;0x6510,WQLS2;WQMS2;WQNS2;WQSS2,WQLS2;WQMS2;WQNS2;WQSS2,,WQLS2;WQMS2;WQNS2;WQSS2,no,
SW2H08,20,BGSWORD,weapon,5332,S2,yes,,data/Items.bif,0x0010078B,550B805CE6A78F98D4D3D910F77C3FB429405524F22C4FC50D5D5FE0F5DEE2C4,78,78,0x5000;0x5001;0x5002;0x5003;0x5010;0x5011;0x5012;0x5013;0x5100;0x5101;0x5102;0x5103;0x5110;0x5111;0x5112;0x5113;0x5200;0x5201;0x5202;0x5210;0x5211;0x5212;0x5300;0x5301;0x5302;0x5303;0x5310;0x5311;0x5312;0x5313;0x6000;0x6001;0x6002;0x6003;0x6004;0x6005;0x6010;0x6011;0x6012;0x6013;0x6014;0x6015;0x6100;0x6101;0x6102;0x6103;0x6104;0x6105;0x6110;0x6111;0x6112;0x6113;0x6114;0x6115;0x6200;0x6201;0x6202;0x6204;0x6205;0x6210;0x6211;0x6212;0x6214;0x6215;0x6300;0x6301;0x6302;0x6303;0x6304;0x6305;0x6310;0x6311;0x6312;0x6313;0x6314;0x6315;0x6500;0x6510,WQLS2;WQMS2;WQNS2;WQSS2,WQLS2;WQMS2;WQNS2;WQSS2,,WQLS2;WQMS2;WQNS2;WQSS2,no,
SW2H09,20,BGSWORD,weapon,5332,S2,yes,,data/Items.bif,0x0010078C,58E7FFFC47677BCAE0B923AC2F5C8CE8E253CDFEDE304D92CD34D457564A0FF4,78,78,0x5000;0x5001;0x5002;0x5003;0x5010;0x5011;0x5012;0x5013;0x5100;0x5101;0x5102;0x5103;0x5110;0x5111;0x5112;0x5113;0x5200;0x5201;0x5202;0x5210;0x5211;0x5212;0x5300;0x5301;0x5302;0x5303;0x5310;0x5311;0x5312;0x5313;0x6000;0x6001;0x6002;0x6003;0x6004;0x6005;0x6010;0x6011;0x6012;0x6013;0x6014;0x6015;0x6100;0x6101;0x6102;0x6103;0x6104;0x6105;0x6110;0x6111;0x6112;0x6113;0x6114;0x6115;0x6200;0x6201;0x6202;0x6204;0x6205;0x6210;0x6211;0x6212;0x6214;0x6215;0x6300;0x6301;0x6302;0x6303;0x6304;0x6305;0x6310;0x6311;0x6312;0x6313;0x6314;0x6315;0x6500;0x6510,WQLS2;WQMS2;WQNS2;WQSS2,WQLS2;WQMS2;WQNS2;WQSS2,,WQLS2;WQMS2;WQNS2;WQSS2,no,
SW2H10,20,BGSWORD,weapon,5332,S2,yes,,data/Items.bif,0x0010078D,27FE84C023F54DDB61C5B95382953F6261BDF86DDB4FFB78C0BA7615C3868E82,78,78,0x5000;0x5001;0x5002;0x5003;0x5010;0x5011;0x5012;0x5013;0x5100;0x5101;0x5102;0x5103;0x5110;0x5111;0x5112;0x5113;0x5200;0x5201;0x5202;0x5210;0x5211;0x5212;0x5300;0x5301;0x5302;0x5303;0x5310;0x5311;0x5312;0x5313;0x6000;0x6001;0x6002;0x6003;0x6004;0x6005;0x6010;0x6011;0x6012;0x6013;0x6014;0x6015;0x6100;0x6101;0x6102;0x6103;0x6104;0x6105;0x6110;0x6111;0x6112;0x6113;0x6114;0x6115;0x6200;0x6201;0x6202;0x6204;0x6205;0x6210;0x6211;0x6212;0x6214;0x6215;0x6300;0x6301;0x6302;0x6303;0x6304;0x6305;0x6310;0x6311;0x6312;0x6313;0x6314;0x6315;0x6500;0x6510,WQLS2;WQMS2;WQNS2;WQSS2,WQLS2;WQMS2;WQNS2;WQSS2,,WQLS2;WQMS2;WQNS2;WQSS2,no,
SW2H11,20,BGSWORD,weapon,5332,S2,yes,,data/Items.bif,0x0010078E,AFD4738220F5BAF6565B85C58E82DCFF4D864B7F9239F9C43B017094A6DCB219,78,78,0x5000;0x5001;0x5002;0x5003;0x5010;0x5011;0x5012;0x5013;0x5100;0x5101;0x5102;0x5103;0x5110;0x5111;0x5112;0x5113;0x5200;0x5201;0x5202;0x5210;0x5211;0x5212;0x5300;0x5301;0x5302;0x5303;0x5310;0x5311;0x5312;0x5313;0x6000;0x6001;0x6002;0x6003;0x6004;0x6005;0x6010;0x6011;0x6012;0x6013;0x6014;0x6015;0x6100;0x6101;0x6102;0x6103;0x6104;0x6105;0x6110;0x6111;0x6112;0x6113;0x6114;0x6115;0x6200;0x6201;0x6202;0x6204;0x6205;0x6210;0x6211;0x6212;0x6214;0x6215;0x6300;0x6301;0x6302;0x6303;0x6304;0x6305;0x6310;0x6311;0x6312;0x6313;0x6314;0x6315;0x6500;0x6510,WQLS2;WQMS2;WQNS2;WQSS2,WQLS2;WQMS2;WQNS2;WQSS2,,WQLS2;WQMS2;WQNS2;WQSS2,no,
SW2H12,20,BGSWORD,weapon,5332,S2,yes,,data/Items.bif,0x0010078F,2525B5A4AE6EB44A631CE57C2D102C6E88554F7535A75B28521A267AEA6EDBFA,78,78,0x5000;0x5001;0x5002;0x5003;0x5010;0x5011;0x5012;0x5013;0x5100;0x5101;0x5102;0x5103;0x5110;0x5111;0x5112;0x5113;0x5200;0x5201;0x5202;0x5210;0x5211;0x5212;0x5300;0x5301;0x5302;0x5303;0x5310;0x5311;0x5312;0x5313;0x6000;0x6001;0x6002;0x6003;0x6004;0x6005;0x6010;0x6011;0x6012;0x6013;0x6014;0x6015;0x6100;0x6101;0x6102;0x6103;0x6104;0x6105;0x6110;0x6111;0x6112;0x6113;0x6114;0x6115;0x6200;0x6201;0x6202;0x6204;0x6205;0x6210;0x6211;0x6212;0x6214;0x6215;0x6300;0x6301;0x6302;0x6303;0x6304;0x6305;0x6310;0x6311;0x6312;0x6313;0x6314;0x6315;0x6500;0x6510,WQLS2;WQMS2;WQNS2;WQSS2,WQLS2;WQMS2;WQNS2;WQSS2,,WQLS2;WQMS2;WQNS2;WQSS2,no,
SW2H13,20,BGSWORD,weapon,5332,S2,yes,,data/Items.bif,0x00100790,F0EC941932B683B66955252AC3F3229FFBD06FE75B24E04648408491C4B2E28B,78,78,0x5000;0x5001;0x5002;0x5003;0x5010;0x5011;0x5012;0x5013;0x5100;0x5101;0x5102;0x5103;0x5110;0x5111;0x5112;0x5113;0x5200;0x5201;0x5202;0x5210;0x5211;0x5212;0x5300;0x5301;0x5302;0x5303;0x5310;0x5311;0x5312;0x5313;0x6000;0x6001;0x6002;0x6003;0x6004;0x6005;0x6010;0x6011;0x6012;0x6013;0x6014;0x6015;0x6100;0x6101;0x6102;0x6103;0x6104;0x6105;0x6110;0x6111;0x6112;0x6113;0x6114;0x6115;0x6200;0x6201;0x6202;0x6204;0x6205;0x6210;0x6211;0x6212;0x6214;0x6215;0x6300;0x6301;0x6302;0x6303;0x6304;0x6305;0x6310;0x6311;0x6312;0x6313;0x6314;0x6315;0x6500;0x6510,WQLS2;WQMS2;WQNS2;WQSS2,WQLS2;WQMS2;WQNS2;WQSS2,,WQLS2;WQMS2;WQNS2;WQSS2,no,
SW2H14,20,BGSWORD,weapon,5332,S2,yes,,data/Items.bif,0x00100791,49138C31E779C968E7A57A30641B5166D4A0487E37BA68649E2AD251BC70781A,78,78,0x5000;0x5001;0x5002;0x5003;0x5010;0x5011;0x5012;0x5013;0x5100;0x5101;0x5102;0x5103;0x5110;0x5111;0x5112;0x5113;0x5200;0x5201;0x5202;0x5210;0x5211;0x5212;0x5300;0x5301;0x5302;0x5303;0x5310;0x5311;0x5312;0x5313;0x6000;0x6001;0x6002;0x6003;0x6004;0x6005;0x6010;0x6011;0x6012;0x6013;0x6014;0x6015;0x6100;0x6101;0x6102;0x6103;0x6104;0x6105;0x6110;0x6111;0x6112;0x6113;0x6114;0x6115;0x6200;0x6201;0x6202;0x6204;0x6205;0x6210;0x6211;0x6212;0x6214;0x6215;0x6300;0x6301;0x6302;0x6303;0x6304;0x6305;0x6310;0x6311;0x6312;0x6313;0x6314;0x6315;0x6500;0x6510,WQLS2;WQMS2;WQNS2;WQSS2,WQLS2;WQMS2;WQNS2;WQSS2,,WQLS2;WQMS2;WQNS2;WQSS2,no,
SW2H15,20,BGSWORD,weapon,5332,S2,yes,,data/Items.bif,0x00100792,86FACE33E0DA714728E5692FF1C92429E59FCF6E98D55DF5A0B2C8B9E6B4B171,78,78,0x5000;0x5001;0x5002;0x5003;0x5010;0x5011;0x5012;0x5013;0x5100;0x5101;0x5102;0x5103;0x5110;0x5111;0x5112;0x5113;0x5200;0x5201;0x5202;0x5210;0x5211;0x5212;0x5300;0x5301;0x5302;0x5303;0x5310;0x5311;0x5312;0x5313;0x6000;0x6001;0x6002;0x6003;0x6004;0x6005;0x6010;0x6011;0x6012;0x6013;0x6014;0x6015;0x6100;0x6101;0x6102;0x6103;0x6104;0x6105;0x6110;0x6111;0x6112;0x6113;0x6114;0x6115;0x6200;0x6201;0x6202;0x6204;0x6205;0x6210;0x6211;0x6212;0x6214;0x6215;0x6300;0x6301;0x6302;0x6303;0x6304;0x6305;0x6310;0x6311;0x6312;0x6313;0x6314;0x6315;0x6500;0x6510,WQLS2;WQMS2;WQNS2;WQSS2,WQLS2;WQMS2;WQNS2;WQSS2,,WQLS2;WQMS2;WQNS2;WQSS2,no,
SW2H15A,0,MISC,,2020,,no,,data/Items.bif,0x00100793,E9D759DDFBC944E71CB7A69D249F69361BDE4DB557ABFA15885915A5CFBDB0FF,0,0,,,,,,no,
SW2H16,20,BGSWORD,weapon,5332,S2,yes,,data/Items.bif,0x00100794,893B7F9EEE7CA3395E99BEFD8BE576607F769933C814C4457C4D6F070F83A0FF,78,78,0x5000;0x5001;0x5002;0x5003;0x5010;0x5011;0x5012;0x5013;0x5100;0x5101;0x5102;0x5103;0x5110;0x5111;0x5112;0x5113;0x5200;0x5201;0x5202;0x5210;0x5211;0x5212;0x5300;0x5301;0x5302;0x5303;0x5310;0x5311;0x5312;0x5313;0x6000;0x6001;0x6002;0x6003;0x6004;0x6005;0x6010;0x6011;0x6012;0x6013;0x6014;0x6015;0x6100;0x6101;0x6102;0x6103;0x6104;0x6105;0x6110;0x6111;0x6112;0x6113;0x6114;0x6115;0x6200;0x6201;0x6202;0x6204;0x6205;0x6210;0x6211;0x6212;0x6214;0x6215;0x6300;0x6301;0x6302;0x6303;0x6304;0x6305;0x6310;0x6311;0x6312;0x6313;0x6314;0x6315;0x6500;0x6510,WQLS2;WQMS2;WQNS2;WQSS2,WQLS2;WQMS2;WQNS2;WQSS2,,WQLS2;WQMS2;WQNS2;WQSS2,no,
SW2H17,20,BGSWORD,weapon,5332,S2,yes,,data/25Items.bif,0x084001C0,3F04BA52CA5700A8A9DF6E3C090026399B3A7EE077A8F2FD220791129045B7B5,78,78,0x5000;0x5001;0x5002;0x5003;0x5010;0x5011;0x5012;0x5013;0x5100;0x5101;0x5102;0x5103;0x5110;0x5111;0x5112;0x5113;0x5200;0x5201;0x5202;0x5210;0x5211;0x5212;0x5300;0x5301;0x5302;0x5303;0x5310;0x5311;0x5312;0x5313;0x6000;0x6001;0x6002;0x6003;0x6004;0x6005;0x6010;0x6011;0x6012;0x6013;0x6014;0x6015;0x6100;0x6101;0x6102;0x6103;0x6104;0x6105;0x6110;0x6111;0x6112;0x6113;0x6114;0x6115;0x6200;0x6201;0x6202;0x6204;0x6205;0x6210;0x6211;0x6212;0x6214;0x6215;0x6300;0x6301;0x6302;0x6303;0x6304;0x6305;0x6310;0x6311;0x6312;0x6313;0x6314;0x6315;0x6500;0x6510,WQLS2;WQMS2;WQNS2;WQSS2,WQLS2;WQMS2;WQNS2;WQSS2,,WQLS2;WQMS2;WQNS2;WQSS2,no,
SW2H18,20,BGSWORD,weapon,5332,S2,yes,,data/25Items.bif,0x084001C1,F3A996BB47386B5DD4BDE6CABF82A348C05439152791434D0A7DC3CB4CCD5865,78,78,0x5000;0x5001;0x5002;0x5003;0x5010;0x5011;0x5012;0x5013;0x5100;0x5101;0x5102;0x5103;0x5110;0x5111;0x5112;0x5113;0x5200;0x5201;0x5202;0x5210;0x5211;0x5212;0x5300;0x5301;0x5302;0x5303;0x5310;0x5311;0x5312;0x5313;0x6000;0x6001;0x6002;0x6003;0x6004;0x6005;0x6010;0x6011;0x6012;0x6013;0x6014;0x6015;0x6100;0x6101;0x6102;0x6103;0x6104;0x6105;0x6110;0x6111;0x6112;0x6113;0x6114;0x6115;0x6200;0x6201;0x6202;0x6204;0x6205;0x6210;0x6211;0x6212;0x6214;0x6215;0x6300;0x6301;0x6302;0x6303;0x6304;0x6305;0x6310;0x6311;0x6312;0x6313;0x6314;0x6315;0x6500;0x6510,WQLS2;WQMS2;WQNS2;WQSS2,WQLS2;WQMS2;WQNS2;WQSS2,,WQLS2;WQMS2;WQNS2;WQSS2,no,
SW2H19,20,BGSWORD,weapon,5332,S2,yes,,data/25Items.bif,0x084001C2,23842A432E84FE3D3BD43545A3D07A06A1584CD346CD454A5B25C42196D0A0E5,78,78,0x5000;0x5001;0x5002;0x5003;0x5010;0x5011;0x5012;0x5013;0x5100;0x5101;0x5102;0x5103;0x5110;0x5111;0x5112;0x5113;0x5200;0x5201;0x5202;0x5210;0x5211;0x5212;0x5300;0x5301;0x5302;0x5303;0x5310;0x5311;0x5312;0x5313;0x6000;0x6001;0x6002;0x6003;0x6004;0x6005;0x6010;0x6011;0x6012;0x6013;0x6014;0x6015;0x6100;0x6101;0x6102;0x6103;0x6104;0x6105;0x6110;0x6111;0x6112;0x6113;0x6114;0x6115;0x6200;0x6201;0x6202;0x6204;0x6205;0x6210;0x6211;0x6212;0x6214;0x6215;0x6300;0x6301;0x6302;0x6303;0x6304;0x6305;0x6310;0x6311;0x6312;0x6313;0x6314;0x6315;0x6500;0x6510,WQLS2;WQMS2;WQNS2;WQSS2,WQLS2;WQMS2;WQNS2;WQSS2,,WQLS2;WQMS2;WQNS2;WQSS2,no,
SW2H20,20,BGSWORD,weapon,5332,S2,yes,,data/25Items.bif,0x084001C3,1EFA8D07417C5AF1C5EA7C22A9890152A2D0AAEFC28AAECA56512BA29D85FF7A,78,78,0x5000;0x5001;0x5002;0x5003;0x5010;0x5011;0x5012;0x5013;0x5100;0x5101;0x5102;0x5103;0x5110;0x5111;0x5112;0x5113;0x5200;0x5201;0x5202;0x5210;0x5211;0x5212;0x5300;0x5301;0x5302;0x5303;0x5310;0x5311;0x5312;0x5313;0x6000;0x6001;0x6002;0x6003;0x6004;0x6005;0x6010;0x6011;0x6012;0x6013;0x6014;0x6015;0x6100;0x6101;0x6102;0x6103;0x6104;0x6105;0x6110;0x6111;0x6112;0x6113;0x6114;0x6115;0x6200;0x6201;0x6202;0x6204;0x6205;0x6210;0x6211;0x6212;0x6214;0x6215;0x6300;0x6301;0x6302;0x6303;0x6304;0x6305;0x6310;0x6311;0x6312;0x6313;0x6314;0x6315;0x6500;0x6510,WQLS2;WQMS2;WQNS2;WQSS2,WQLS2;WQMS2;WQNS2;WQSS2,,WQLS2;WQMS2;WQNS2;WQSS2,no,
SW2H21,20,BGSWORD,weapon,5332,S2,yes,,data/25Items.bif,0x084001C4,55B7FFF3EF723A9FC596FDC12D2471415D739E135ACB59CE19CBCB8DFD217084,78,78,0x5000;0x5001;0x5002;0x5003;0x5010;0x5011;0x5012;0x5013;0x5100;0x5101;0x5102;0x5103;0x5110;0x5111;0x5112;0x5113;0x5200;0x5201;0x5202;0x5210;0x5211;0x5212;0x5300;0x5301;0x5302;0x5303;0x5310;0x5311;0x5312;0x5313;0x6000;0x6001;0x6002;0x6003;0x6004;0x6005;0x6010;0x6011;0x6012;0x6013;0x6014;0x6015;0x6100;0x6101;0x6102;0x6103;0x6104;0x6105;0x6110;0x6111;0x6112;0x6113;0x6114;0x6115;0x6200;0x6201;0x6202;0x6204;0x6205;0x6210;0x6211;0x6212;0x6214;0x6215;0x6300;0x6301;0x6302;0x6303;0x6304;0x6305;0x6310;0x6311;0x6312;0x6313;0x6314;0x6315;0x6500;0x6510,WQLS2;WQMS2;WQNS2;WQSS2,WQLS2;WQMS2;WQNS2;WQSS2,,WQLS2;WQMS2;WQNS2;WQSS2,no,
SW2H99,20,BGSWORD,weapon,5332,S2,yes,,data/Items.bif,0x00100795,C4CC3140B861E30BFEAA259630CB4D52366A9ADDBCFC133AE4F10CA01D19BB19,78,78,0x5000;0x5001;0x5002;0x5003;0x5010;0x5011;0x5012;0x5013;0x5100;0x5101;0x5102;0x5103;0x5110;0x5111;0x5112;0x5113;0x5200;0x5201;0x5202;0x5210;0x5211;0x5212;0x5300;0x5301;0x5302;0x5303;0x5310;0x5311;0x5312;0x5313;0x6000;0x6001;0x6002;0x6003;0x6004;0x6005;0x6010;0x6011;0x6012;0x6013;0x6014;0x6015;0x6100;0x6101;0x6102;0x6103;0x6104;0x6105;0x6110;0x6111;0x6112;0x6113;0x6114;0x6115;0x6200;0x6201;0x6202;0x6204;0x6205;0x6210;0x6211;0x6212;0x6214;0x6215;0x6300;0x6301;0x6302;0x6303;0x6304;0x6305;0x6310;0x6311;0x6312;0x6313;0x6314;0x6315;0x6500;0x6510,WQLS2;WQMS2;WQNS2;WQSS2,WQLS2;WQMS2;WQNS2;WQSS2,,WQLS2;WQMS2;WQNS2;WQSS2,no,
SW2HD1,20,BGSWORD,weapon,5332,S2,yes,,data/Items.bif,0x00100796,5148BEF8E8F8553857699D73AC06F8DC2C7EB7AC944ECEFF8472BB7A570C5E9D,78,78,0x5000;0x5001;0x5002;0x5003;0x5010;0x5011;0x5012;0x5013;0x5100;0x5101;0x5102;0x5103;0x5110;0x5111;0x5112;0x5113;0x5200;0x5201;0x5202;0x5210;0x5211;0x5212;0x5300;0x5301;0x5302;0x5303;0x5310;0x5311;0x5312;0x5313;0x6000;0x6001;0x6002;0x6003;0x6004;0x6005;0x6010;0x6011;0x6012;0x6013;0x6014;0x6015;0x6100;0x6101;0x6102;0x6103;0x6104;0x6105;0x6110;0x6111;0x6112;0x6113;0x6114;0x6115;0x6200;0x6201;0x6202;0x6204;0x6205;0x6210;0x6211;0x6212;0x6214;0x6215;0x6300;0x6301;0x6302;0x6303;0x6304;0x6305;0x6310;0x6311;0x6312;0x6313;0x6314;0x6315;0x6500;0x6510,WQLS2;WQMS2;WQNS2;WQSS2,WQLS2;WQMS2;WQNS2;WQSS2,,WQLS2;WQMS2;WQNS2;WQSS2,no,
SW2HDEAT,20,BGSWORD,weapon,5332,S2,yes,,data/Items.bif,0x00100797,52A094889985DF90BF5C6C4096F337682CE875BDB1B52451B5321DC9B1844BD1,78,78,0x5000;0x5001;0x5002;0x5003;0x5010;0x5011;0x5012;0x5013;0x5100;0x5101;0x5102;0x5103;0x5110;0x5111;0x5112;0x5113;0x5200;0x5201;0x5202;0x5210;0x5211;0x5212;0x5300;0x5301;0x5302;0x5303;0x5310;0x5311;0x5312;0x5313;0x6000;0x6001;0x6002;0x6003;0x6004;0x6005;0x6010;0x6011;0x6012;0x6013;0x6014;0x6015;0x6100;0x6101;0x6102;0x6103;0x6104;0x6105;0x6110;0x6111;0x6112;0x6113;0x6114;0x6115;0x6200;0x6201;0x6202;0x6204;0x6205;0x6210;0x6211;0x6212;0x6214;0x6215;0x6300;0x6301;0x6302;0x6303;0x6304;0x6305;0x6310;0x6311;0x6312;0x6313;0x6314;0x6315;0x6500;0x6510,WQLS2;WQMS2;WQNS2;WQSS2,WQLS2;WQMS2;WQNS2;WQSS2,,WQLS2;WQMS2;WQNS2;WQSS2,no,
SWORDI,10,RING,,2020,,no,,data/Items.bif,0x00100798,B9C9A7AD16858062B0C3C3DB2BA5BE57B5CD86AFD319CE5BA68FD463ABCC7721,0,0,,,,,,no,
SWSPID,28,FIST,weapon,2020,,no,,data/Items.bif,0x00100799,427F647642082376437B98BAEF44107AA1879F578465CA2EE6D0EC752691A5D8,0,0,,,,,,no,no-compatible-character-family;visual-animation-code-invalid
SWUDROP,20,BGSWORD,weapon,5331,S1,yes,,data/Items.bif,0x0010079A,567AEAE2D2954FC2F9B0221BECB2A8ECC8098C04476890FEE22A0BF8E921C9B9,78,78,0x5000;0x5001;0x5002;0x5003;0x5010;0x5011;0x5012;0x5013;0x5100;0x5101;0x5102;0x5103;0x5110;0x5111;0x5112;0x5113;0x5200;0x5201;0x5202;0x5210;0x5211;0x5212;0x5300;0x5301;0x5302;0x5303;0x5310;0x5311;0x5312;0x5313;0x6000;0x6001;0x6002;0x6003;0x6004;0x6005;0x6010;0x6011;0x6012;0x6013;0x6014;0x6015;0x6100;0x6101;0x6102;0x6103;0x6104;0x6105;0x6110;0x6111;0x6112;0x6113;0x6114;0x6115;0x6200;0x6201;0x6202;0x6204;0x6205;0x6210;0x6211;0x6212;0x6214;0x6215;0x6300;0x6301;0x6302;0x6303;0x6304;0x6305;0x6310;0x6311;0x6312;0x6313;0x6314;0x6315;0x6500;0x6510,WQLS1;WQMS1;WQNS1;WQSS1,WQLS1;WQMS1;WQNS1;WQSS1,,WQLS1;WQMS1;WQNS1;WQSS1,no,
TAMCHAIN,2,ARMOR,body,3341,3A,yes,3,data/25Items.bif,0x084001C5,78DE05815E0E2292CFD0D87D16731190E4120072C0C30FC42D567BE9FAFA5C44,76,76,0x5000;0x5001;0x5002;0x5003;0x5010;0x5011;0x5012;0x5013;0x5100;0x5101;0x5102;0x5103;0x5110;0x5111;0x5112;0x5113;0x5200;0x5201;0x5202;0x5210;0x5211;0x5212;0x5300;0x5301;0x5302;0x5303;0x5310;0x5311;0x5312;0x5313;0x6000;0x6001;0x6002;0x6003;0x6004;0x6005;0x6010;0x6011;0x6012;0x6013;0x6014;0x6015;0x6100;0x6101;0x6102;0x6103;0x6104;0x6105;0x6110;0x6111;0x6112;0x6113;0x6114;0x6115;0x6200;0x6201;0x6202;0x6204;0x6205;0x6210;0x6211;0x6212;0x6214;0x6215;0x6300;0x6301;0x6302;0x6303;0x6304;0x6305;0x6310;0x6311;0x6312;0x6313;0x6314;0x6315,CDFB3;CDFT3;CDFW3;CDMB3;CDMT3;CDMW3;CEFB3;CEFT3;CEFW3;CEMB3;CEMT3;CEMW3;CHFB3;CHFT3;CHFW3;CHMB3;CHMT3;CHMW3;CIFB3;CIFT3;CIMB3;CIMT3,CDFB3;CDFT3;CDFW3;CDMB3;CDMT3;CDMW3;CEFB3;CEFT3;CEFW3;CEMB3;CEMT3;CEMW3;CHFB3;CHFT3;CHFW3;CHMB3;CHMT3;CHMW3;CIFB3;CIFT3;CIMB3;CIMT3,,CDFB3;CDFT3;CDFW3;CDMB3;CDMT3;CDMW3;CEFB3;CEFT3;CEFW3;CEMB3;CEMT3;CEMW3;CHFB3;CHFT3;CHFW3;CHMB3;CHMT3;CHMW3;CIFB3;CIFT3;CIMB3;CIMT3,no,
TASLOIIL,29,SPEAR,weapon,5350,SP,yes,,data/Items.bif,0x0010079B,E083F31337BAE2E43B7B0DF49346BE428FAA13E50499DD7514E4A3875C2D5F51,78,78,0x5000;0x5001;0x5002;0x5003;0x5010;0x5011;0x5012;0x5013;0x5100;0x5101;0x5102;0x5103;0x5110;0x5111;0x5112;0x5113;0x5200;0x5201;0x5202;0x5210;0x5211;0x5212;0x5300;0x5301;0x5302;0x5303;0x5310;0x5311;0x5312;0x5313;0x6000;0x6001;0x6002;0x6003;0x6004;0x6005;0x6010;0x6011;0x6012;0x6013;0x6014;0x6015;0x6100;0x6101;0x6102;0x6103;0x6104;0x6105;0x6110;0x6111;0x6112;0x6113;0x6114;0x6115;0x6200;0x6201;0x6202;0x6204;0x6205;0x6210;0x6211;0x6212;0x6214;0x6215;0x6300;0x6301;0x6302;0x6303;0x6304;0x6305;0x6310;0x6311;0x6312;0x6313;0x6314;0x6315;0x6500;0x6510,WQLSP;WQMSP;WQNSP;WQSSP,WQLSP;WQMSP;WQNSP;WQSSP,,WQLSP;WQMSP;WQNSP;WQSSP,no,
TBAG01,36,BROKEN1,,2020,,no,,data/Items.bif,0x0010079C,88071F1453EACAF86581893D922DF8A3D4B424F7AC14DEDAF6A881B23C0EF090,0,0,,,,,,no,
TBAG01NA,36,BROKEN1,,2020,,no,,data/Items.bif,0x0010079D,88071F1453EACAF86581893D922DF8A3D4B424F7AC14DEDAF6A881B23C0EF090,0,0,,,,,,no,
TELSLAV,0,MISC,,2020,,no,,data/25Items.bif,0x084001C6,7C38AE43D3FE95E5DEBA4D44EF3F3AE9C21F8D104F978E6FDB46FE2AC84A71A8,0,0,,,,,,no,
TELSLAV2,10,RING,,2020,,no,,data/25Items.bif,0x084001C7,2CFE60975DD161DA0DBD5AAA603384FCF622948EB5F57FB5760B0624A0EFFCDC,0,0,,,,,,no,
TELSWD,20,BGSWORD,weapon,5331,S1,yes,,data/25Items.bif,0x084001C8,01FAB0DCF39233FA86FBC24A1B3F3535738313F9B8F36457EE775A70486D1A5C,78,78,0x5000;0x5001;0x5002;0x5003;0x5010;0x5011;0x5012;0x5013;0x5100;0x5101;0x5102;0x5103;0x5110;0x5111;0x5112;0x5113;0x5200;0x5201;0x5202;0x5210;0x5211;0x5212;0x5300;0x5301;0x5302;0x5303;0x5310;0x5311;0x5312;0x5313;0x6000;0x6001;0x6002;0x6003;0x6004;0x6005;0x6010;0x6011;0x6012;0x6013;0x6014;0x6015;0x6100;0x6101;0x6102;0x6103;0x6104;0x6105;0x6110;0x6111;0x6112;0x6113;0x6114;0x6115;0x6200;0x6201;0x6202;0x6204;0x6205;0x6210;0x6211;0x6212;0x6214;0x6215;0x6300;0x6301;0x6302;0x6303;0x6304;0x6305;0x6310;0x6311;0x6312;0x6313;0x6314;0x6315;0x6500;0x6510,WQLS1;WQMS1;WQNS1;WQSS1,WQLS1;WQMS1;WQNS1;WQSS1,,WQLS1;WQMS1;WQNS1;WQSS1,no,
TELWRAI,0,MISC,,2020,,no,,data/25Items.bif,0x084001C9,803275A0C6A57237F7CCEE6418602FA56AD2E363885A4BAA5BB44262B301608A,0,0,,,,,,no,
TOME01,0,MISC,,2020,,no,,data/25Items.bif,0x084001CA,374BE0E3BF1C24D182F74B5DE8AB4F2C8C725782FE036CE2CE19AE275ADBD789,0,0,,,,,,no,
TOME02,0,MISC,,2020,,no,,data/25Items.bif,0x084001CB,D894536F9B9155F983C0031AA3BE6ABE6F708A2FE770FD57A116228AFD7298BA,0,0,,,,,,no,
TOME02A,37,BROKEN2,,2020,,no,,data/25Items.bif,0x084001CC,068C1EF7C85B2966EA5C1F4B4AA754D87F15A9EC28427E5292CCC0A8D7DDE65B,0,0,,,,,,no,
TOME03,0,MISC,,2020,,no,,data/25Items.bif,0x084001CD,2CD2C64AB18D3CB9A041FAC138B7A51B5DC46100B11F5568A97B284A19B7125F,0,0,,,,,,no,
TOME03A,37,BROKEN2,,2020,,no,,data/25Items.bif,0x084001CE,0FCF5E73515B28D683A4FB2E9EC12A91144B4CB47DFA5D716729C62C61E00661,0,0,,,,,,no,
TOME04,0,MISC,,2020,,no,,data/25Items.bif,0x084001CF,44B6AFEA47D47C9CA3D5ECB9C81895A3750C9555D861CD89725263EBFF93B873,0,0,,,,,,no,
TOME04A,37,BROKEN2,,2020,,no,,data/25Items.bif,0x084001D0,C9E1A89DFF256B4FCF10DDDA6469D6B6D69126044EB2AC886C0934E7D520149A,0,0,,,,,,no,
TROLL01,28,FIST,weapon,4836,H6,yes,,data/Items.bif,0x0010079E,5442BACEE441CE9A69167CDDD106B591A21609E8875CED9DF95FC652DAC0245B,78,78,0x5000;0x5001;0x5002;0x5003;0x5010;0x5011;0x5012;0x5013;0x5100;0x5101;0x5102;0x5103;0x5110;0x5111;0x5112;0x5113;0x5200;0x5201;0x5202;0x5210;0x5211;0x5212;0x5300;0x5301;0x5302;0x5303;0x5310;0x5311;0x5312;0x5313;0x6000;0x6001;0x6002;0x6003;0x6004;0x6005;0x6010;0x6011;0x6012;0x6013;0x6014;0x6015;0x6100;0x6101;0x6102;0x6103;0x6104;0x6105;0x6110;0x6111;0x6112;0x6113;0x6114;0x6115;0x6200;0x6201;0x6202;0x6204;0x6205;0x6210;0x6211;0x6212;0x6214;0x6215;0x6300;0x6301;0x6302;0x6303;0x6304;0x6305;0x6310;0x6311;0x6312;0x6313;0x6314;0x6315;0x6500;0x6510,WQLH6;WQMH6;WQNH6;WQSH6,WQLH6;WQMH6;WQNH6;WQSH6,,WQLH6;WQMH6;WQNH6;WQSH6,no,
TROLLALL,28,FIST,weapon,4836,H6,yes,,data/Items.bif,0x0010079F,705BA4F480351910379540B43C3E8EADB07C2C1E451D9F253876AEF5A2BCAB9A,78,78,0x5000;0x5001;0x5002;0x5003;0x5010;0x5011;0x5012;0x5013;0x5100;0x5101;0x5102;0x5103;0x5110;0x5111;0x5112;0x5113;0x5200;0x5201;0x5202;0x5210;0x5211;0x5212;0x5300;0x5301;0x5302;0x5303;0x5310;0x5311;0x5312;0x5313;0x6000;0x6001;0x6002;0x6003;0x6004;0x6005;0x6010;0x6011;0x6012;0x6013;0x6014;0x6015;0x6100;0x6101;0x6102;0x6103;0x6104;0x6105;0x6110;0x6111;0x6112;0x6113;0x6114;0x6115;0x6200;0x6201;0x6202;0x6204;0x6205;0x6210;0x6211;0x6212;0x6214;0x6215;0x6300;0x6301;0x6302;0x6303;0x6304;0x6305;0x6310;0x6311;0x6312;0x6313;0x6314;0x6315;0x6500;0x6510,WQLH6;WQMH6;WQNH6;WQSH6,WQLH6;WQMH6;WQNH6;WQSH6,,WQLH6;WQMH6;WQNH6;WQSH6,no,
TROLLBOO,4,BOOT,,2020,,no,,data/Items.bif,0x001007A0,DF9F2FE4A9B0071167160CDBD68C2E828CBFF311D191AF21FA02CD017A83FC48,0,0,,,,,,no,
TROLLDIE,3,BELT,,2020,,no,,data/Items.bif,0x001007A1,C968301BE9C3E914C9D5F7AC2B965E9CE804226C695255F2BE1A9C23937C54E6,0,0,,,,,,no,
TROLLIMM,10,RING,,0000,,no,,data/Items.bif,0x001007A2,BE9B4CD9B486213EB38B883CBDE204C75B131C7A13646B7B24EF496A8678AF47,0,0,,,,,,no,
TROLLREG,10,RING,,2020,,no,,data/Items.bif,0x001007A3,6BCBF3C7EA4F8A6AA41E52F3E036AB8FB72676546B4D07A1331FC324CF4FE6C5,0,0,,,,,,no,
TROLLSP,28,FIST,weapon,4836,H6,yes,,data/Items.bif,0x001007A4,B6368B8E9F86EBFF4B62AF482A02ACED82306E423E62794E2556FCF2351291D2,78,78,0x5000;0x5001;0x5002;0x5003;0x5010;0x5011;0x5012;0x5013;0x5100;0x5101;0x5102;0x5103;0x5110;0x5111;0x5112;0x5113;0x5200;0x5201;0x5202;0x5210;0x5211;0x5212;0x5300;0x5301;0x5302;0x5303;0x5310;0x5311;0x5312;0x5313;0x6000;0x6001;0x6002;0x6003;0x6004;0x6005;0x6010;0x6011;0x6012;0x6013;0x6014;0x6015;0x6100;0x6101;0x6102;0x6103;0x6104;0x6105;0x6110;0x6111;0x6112;0x6113;0x6114;0x6115;0x6200;0x6201;0x6202;0x6204;0x6205;0x6210;0x6211;0x6212;0x6214;0x6215;0x6300;0x6301;0x6302;0x6303;0x6304;0x6305;0x6310;0x6311;0x6312;0x6313;0x6314;0x6315;0x6500;0x6510,WQLH6;WQMH6;WQNH6;WQSH6,WQLH6;WQMH6;WQNH6;WQSH6,,WQLH6;WQMH6;WQNH6;WQSH6,no,
TROLLSPI,28,FIST,weapon,4836,H6,yes,,data/Items.bif,0x001007A5,BFCBFE90A10D49EEC4EEC78F72E6BFA794D448A315057586372B894B15E31959,78,78,0x5000;0x5001;0x5002;0x5003;0x5010;0x5011;0x5012;0x5013;0x5100;0x5101;0x5102;0x5103;0x5110;0x5111;0x5112;0x5113;0x5200;0x5201;0x5202;0x5210;0x5211;0x5212;0x5300;0x5301;0x5302;0x5303;0x5310;0x5311;0x5312;0x5313;0x6000;0x6001;0x6002;0x6003;0x6004;0x6005;0x6010;0x6011;0x6012;0x6013;0x6014;0x6015;0x6100;0x6101;0x6102;0x6103;0x6104;0x6105;0x6110;0x6111;0x6112;0x6113;0x6114;0x6115;0x6200;0x6201;0x6202;0x6204;0x6205;0x6210;0x6211;0x6212;0x6214;0x6215;0x6300;0x6301;0x6302;0x6303;0x6304;0x6305;0x6310;0x6311;0x6312;0x6313;0x6314;0x6315;0x6500;0x6510,WQLH6;WQMH6;WQNH6;WQSH6,WQLH6;WQMH6;WQNH6;WQSH6,,WQLH6;WQMH6;WQNH6;WQSH6,no,
TROLLTOR,28,FIST,weapon,4836,H6,yes,,data/Items.bif,0x001007A6,B246864EBA2A0A416EBC97DB7FECCBF3AC8BB38CCBBCF593EB59AD7EE070D791,78,78,0x5000;0x5001;0x5002;0x5003;0x5010;0x5011;0x5012;0x5013;0x5100;0x5101;0x5102;0x5103;0x5110;0x5111;0x5112;0x5113;0x5200;0x5201;0x5202;0x5210;0x5211;0x5212;0x5300;0x5301;0x5302;0x5303;0x5310;0x5311;0x5312;0x5313;0x6000;0x6001;0x6002;0x6003;0x6004;0x6005;0x6010;0x6011;0x6012;0x6013;0x6014;0x6015;0x6100;0x6101;0x6102;0x6103;0x6104;0x6105;0x6110;0x6111;0x6112;0x6113;0x6114;0x6115;0x6200;0x6201;0x6202;0x6204;0x6205;0x6210;0x6211;0x6212;0x6214;0x6215;0x6300;0x6301;0x6302;0x6303;0x6304;0x6305;0x6310;0x6311;0x6312;0x6313;0x6314;0x6315;0x6500;0x6510,WQLH6;WQMH6;WQNH6;WQSH6,WQLH6;WQMH6;WQNH6;WQSH6,,WQLH6;WQMH6;WQNH6;WQSH6,no,
TSTATUE,1,AMULET,,2020,,no,,data/Items.bif,0x001007A7,77DC710D15A8C3E062005AB2B01107213E71F93EE25EE7298216324523342B78,0,0,,,,,,no,
TTGEM01,34,GEM,,2020,,no,,data/Items.bif,0x001007A8,122A2395254D35CFC119ECEE4BA2E6EEB7FF9B1C21B2B9DAF71C51FEC49AD808,0,0,,,,,,no,
TTGEM02,34,GEM,,2020,,no,,data/Items.bif,0x001007A9,C8CADF012484E15BE17F2BC057E6C306EBDA051B459F88867C2AB2F2E2B49A5D,0,0,,,,,,no,
TTKEY01,8,KEY,,2020,,no,,data/Items.bif,0x001007AA,62455784C8161D14576C4870103A3DF0055B41A21999FCD993C7AD03C7E91785,0,0,,,,,,no,
TTLEAT,2,ARMOR,body,3241,2A,yes,2,data/Items.bif,0x001007AB,A64F6B7AD6AA47188AD0F34AB1483B90FCE71B5DF7197FD404D4227D1ED232CE,76,76,0x5000;0x5001;0x5002;0x5003;0x5010;0x5011;0x5012;0x5013;0x5100;0x5101;0x5102;0x5103;0x5110;0x5111;0x5112;0x5113;0x5200;0x5201;0x5202;0x5210;0x5211;0x5212;0x5300;0x5301;0x5302;0x5303;0x5310;0x5311;0x5312;0x5313;0x6000;0x6001;0x6002;0x6003;0x6004;0x6005;0x6010;0x6011;0x6012;0x6013;0x6014;0x6015;0x6100;0x6101;0x6102;0x6103;0x6104;0x6105;0x6110;0x6111;0x6112;0x6113;0x6114;0x6115;0x6200;0x6201;0x6202;0x6204;0x6205;0x6210;0x6211;0x6212;0x6214;0x6215;0x6300;0x6301;0x6302;0x6303;0x6304;0x6305;0x6310;0x6311;0x6312;0x6313;0x6314;0x6315,CDFB2;CDFT2;CDFW2;CDMB2;CDMT2;CDMW2;CEFB2;CEFT2;CEFW2;CEMB2;CEMT2;CEMW2;CHFB2;CHFT2;CHFW2;CHMB2;CHMT2;CHMW2;CIFB2;CIFT2;CIMB2;CIMT2,CDFB2;CDFT2;CDFW2;CDMB2;CDMT2;CDMW2;CEFB2;CEFT2;CEFW2;CEMB2;CEMT2;CEMW2;CHFB2;CHFT2;CHFW2;CHMB2;CHMT2;CHMW2;CIFB2;CIFT2;CIMB2;CIMT2,,CDFB2;CDFT2;CDFW2;CDMB2;CDMT2;CDMW2;CEFB2;CEFT2;CEFW2;CEMB2;CEMT2;CEMW2;CHFB2;CHFT2;CHFW2;CHMB2;CHMT2;CHMW2;CIFB2;CIFT2;CIMB2;CIMT2,no,
TTPOT,9,POTION,,2020,,no,,data/Items.bif,0x001007AC,67C52E5937403694BDF558DF72FD0FE07BD1C8A438FE6A34B0D1F13455BCE178,0,0,,,,,,no,
TTSCRL01,11,SCROLL,,2020,,no,,data/Items.bif,0x001007AD,310F328C344B1FAE15520A7A5B973E0B0EE2D98E7F9C97A28D59CF0F45BE8E48,0,0,,,,,,no,
TTSCRL02,11,SCROLL,,2020,,no,,data/Items.bif,0x001007AE,097BD25C5B86C21ED889DD33DA7589018AD745C56B2123AE6789C4F21880DAFF,0,0,,,,,,no,
TTSHLD01,12,SHIELD,shield,4433,D3,yes,,data/Items.bif,0x001007AF,94F737CC989C5D8C5156CBF9A4908796BAB20A5DEEAC482E03EF9CF88CF05A9D,78,78,0x5000;0x5001;0x5002;0x5003;0x5010;0x5011;0x5012;0x5013;0x5100;0x5101;0x5102;0x5103;0x5110;0x5111;0x5112;0x5113;0x5200;0x5201;0x5202;0x5210;0x5211;0x5212;0x5300;0x5301;0x5302;0x5303;0x5310;0x5311;0x5312;0x5313;0x6000;0x6001;0x6002;0x6003;0x6004;0x6005;0x6010;0x6011;0x6012;0x6013;0x6014;0x6015;0x6100;0x6101;0x6102;0x6103;0x6104;0x6105;0x6110;0x6111;0x6112;0x6113;0x6114;0x6115;0x6200;0x6201;0x6202;0x6204;0x6205;0x6210;0x6211;0x6212;0x6214;0x6215;0x6300;0x6301;0x6302;0x6303;0x6304;0x6305;0x6310;0x6311;0x6312;0x6313;0x6314;0x6315;0x6500;0x6510,WQHD3;WQLD3;WQMD3;WQND3;WQSD3,WQLD3;WQMD3;WQND3;WQSD3,WQHD3,WQLD3;WQMD3;WQND3;WQSD3,no,
TTSWORD1,20,BGSWORD,weapon,5331,S1,yes,,data/Items.bif,0x001007B0,2CD1FCA7FF842122D5C14AAF6A0A98546F9EB97F7F11B7C2F8BB52FAD007118E,78,78,0x5000;0x5001;0x5002;0x5003;0x5010;0x5011;0x5012;0x5013;0x5100;0x5101;0x5102;0x5103;0x5110;0x5111;0x5112;0x5113;0x5200;0x5201;0x5202;0x5210;0x5211;0x5212;0x5300;0x5301;0x5302;0x5303;0x5310;0x5311;0x5312;0x5313;0x6000;0x6001;0x6002;0x6003;0x6004;0x6005;0x6010;0x6011;0x6012;0x6013;0x6014;0x6015;0x6100;0x6101;0x6102;0x6103;0x6104;0x6105;0x6110;0x6111;0x6112;0x6113;0x6114;0x6115;0x6200;0x6201;0x6202;0x6204;0x6205;0x6210;0x6211;0x6212;0x6214;0x6215;0x6300;0x6301;0x6302;0x6303;0x6304;0x6305;0x6310;0x6311;0x6312;0x6313;0x6314;0x6315;0x6500;0x6510,WQLS1;WQMS1;WQNS1;WQSS1,WQLS1;WQMS1;WQNS1;WQSS1,,WQLS1;WQMS1;WQNS1;WQSS1,no,
TTSWORD2,20,BGSWORD,weapon,5332,S2,yes,,data/Items.bif,0x001007B1,E33C3AC2EC77516110E4EF2A65A55966EAA6D2F793C7FE31FED12B988B919CF4,78,78,0x5000;0x5001;0x5002;0x5003;0x5010;0x5011;0x5012;0x5013;0x5100;0x5101;0x5102;0x5103;0x5110;0x5111;0x5112;0x5113;0x5200;0x5201;0x5202;0x5210;0x5211;0x5212;0x5300;0x5301;0x5302;0x5303;0x5310;0x5311;0x5312;0x5313;0x6000;0x6001;0x6002;0x6003;0x6004;0x6005;0x6010;0x6011;0x6012;0x6013;0x6014;0x6015;0x6100;0x6101;0x6102;0x6103;0x6104;0x6105;0x6110;0x6111;0x6112;0x6113;0x6114;0x6115;0x6200;0x6201;0x6202;0x6204;0x6205;0x6210;0x6211;0x6212;0x6214;0x6215;0x6300;0x6301;0x6302;0x6303;0x6304;0x6305;0x6310;0x6311;0x6312;0x6313;0x6314;0x6315;0x6500;0x6510,WQLS2;WQMS2;WQNS2;WQSS2,WQLS2;WQMS2;WQNS2;WQSS2,,WQLS2;WQMS2;WQNS2;WQSS2,no,
TTTREAS,34,GEM,,2020,,no,,data/Items.bif,0x001007B2,D694188225E0BB48FE6F5CAC381FB78DBA4B67B3EC613C73D88C1736DC5A9017,0,0,,,,,,no,
TTWAND,35,WAND,,2020,,no,,data/Items.bif,0x001007B3,8B8A528DF7CE7BAB45B9B613580B14C2B447F1D295BF1552B994836963625092,0,0,,,,,,no,
UMBER01,28,FIST,weapon,4836,H6,yes,,data/Items.bif,0x001007B4,6DADFD6D030BD7A46ED75001FA87D22EFD305E8F688E0FF046863313FF60429F,78,78,0x5000;0x5001;0x5002;0x5003;0x5010;0x5011;0x5012;0x5013;0x5100;0x5101;0x5102;0x5103;0x5110;0x5111;0x5112;0x5113;0x5200;0x5201;0x5202;0x5210;0x5211;0x5212;0x5300;0x5301;0x5302;0x5303;0x5310;0x5311;0x5312;0x5313;0x6000;0x6001;0x6002;0x6003;0x6004;0x6005;0x6010;0x6011;0x6012;0x6013;0x6014;0x6015;0x6100;0x6101;0x6102;0x6103;0x6104;0x6105;0x6110;0x6111;0x6112;0x6113;0x6114;0x6115;0x6200;0x6201;0x6202;0x6204;0x6205;0x6210;0x6211;0x6212;0x6214;0x6215;0x6300;0x6301;0x6302;0x6303;0x6304;0x6305;0x6310;0x6311;0x6312;0x6313;0x6314;0x6315;0x6500;0x6510,WQLH6;WQMH6;WQNH6;WQSH6,WQLH6;WQMH6;WQNH6;WQSH6,,WQLH6;WQMH6;WQNH6;WQSH6,no,
UMBER02,28,FIST,weapon,4836,H6,yes,,data/25Items.bif,0x084001D1,07DEA2AC82D8EBD8516D145E2D9E47BB1ADFF2471717E129187A034C8C89D84C,78,78,0x5000;0x5001;0x5002;0x5003;0x5010;0x5011;0x5012;0x5013;0x5100;0x5101;0x5102;0x5103;0x5110;0x5111;0x5112;0x5113;0x5200;0x5201;0x5202;0x5210;0x5211;0x5212;0x5300;0x5301;0x5302;0x5303;0x5310;0x5311;0x5312;0x5313;0x6000;0x6001;0x6002;0x6003;0x6004;0x6005;0x6010;0x6011;0x6012;0x6013;0x6014;0x6015;0x6100;0x6101;0x6102;0x6103;0x6104;0x6105;0x6110;0x6111;0x6112;0x6113;0x6114;0x6115;0x6200;0x6201;0x6202;0x6204;0x6205;0x6210;0x6211;0x6212;0x6214;0x6215;0x6300;0x6301;0x6302;0x6303;0x6304;0x6305;0x6310;0x6311;0x6312;0x6313;0x6314;0x6315;0x6500;0x6510,WQLH6;WQMH6;WQNH6;WQSH6,WQLH6;WQMH6;WQNH6;WQSH6,,WQLH6;WQMH6;WQNH6;WQSH6,no,
VAMP,0,MISC,,2020,,no,,data/Items.bif,0x001007B5,5A6A83D10DE2E3D08CC1C0B59761A99B13621B8E5612489336B549BEE0AF0E8F,0,0,,,,,,no,
VAMP1,0,MISC,,2020,,no,,data/Items.bif,0x001007B6,8C4D24DC3BFBADCD01B952B92E6A46B5D16D95A51A4DA5A153CF97B1490DE504,0,0,,,,,,no,
VAMP2,0,MISC,,2020,,no,,data/Items.bif,0x001007B7,20D72DF121432FFF7CE6E0422249B1058682B451B9D2FDECAEF6E4066EEF7D1B,0,0,,,,,,no,
VAMP3,0,MISC,,2020,,no,,data/Items.bif,0x001007B8,2666D8EE620E760099644279EEABB69ABB6E9330E0BC876C7C703B6ED4502838,0,0,,,,,,no,
VAMPIRE,0,MISC,,2020,,no,,data/Items.bif,0x001007B9,7EB8F18B43272644E2BAF41DBF5FFC6A000F306E70F763B6A0E30BE71F5457AF,0,0,,,,,,no,
VAMPREG,10,RING,,2020,,no,,data/Items.bif,0x001007BA,3B57946CE347469D6A7A4C1D7EBB776ACEF6270A71AEB6E714E2B3A2E7B7D234,0,0,,,,,,no,
VAMPREG1,10,RING,,2020,,no,,data/Items.bif,0x001007BB,F59455BD344B2262736778DCFE476B890BBEB7835F54F1C0383BEA427CE2CC75,0,0,,,,,,no,
VAMPREG2,10,RING,,2020,,no,,data/Items.bif,0x001007BC,238D2FA07FADE2197CC1E08287C649C7C906543EE4D899A221CB7B30E6D39B71,0,0,,,,,,no,
VAMT01,17,MACE,weapon,2020,,no,,data/Items.bif,0x001007BD,3098687A24E333FE0D62FE2F95960C7C003C02D69880F90C323FA98A5DAF2497,0,0,,,,,,no,no-compatible-character-family;visual-animation-code-invalid
VAMT06,17,MACE,weapon,2020,,no,,data/Items.bif,0x001007BE,8E70AE814CD7FA4CDCA705916B05579C592B7FD73A1CF0F2DED31F8D8C91A50E,0,0,,,,,,no,no-compatible-character-family;visual-animation-code-invalid
VAMT08,17,MACE,weapon,2020,,no,,data/Items.bif,0x001007BF,B44211BFCB2DD965D3EFB602C254EE16AB68D32AA1E3F87A9708468D739BD074,0,0,,,,,,no,no-compatible-character-family;visual-animation-code-invalid
VAMT10,17,MACE,weapon,2020,,no,,data/Items.bif,0x001007C0,2EEF0AE05B89A243FF143690D1739F0FFC4F007E4B6391C892B6ED10944F51DF,0,0,,,,,,no,no-compatible-character-family;visual-animation-code-invalid
VAMT12,17,MACE,weapon,2020,,no,,data/Items.bif,0x001007C1,38E7BF1C05F5F1539B6F586026BD4E7AD7AA61478A9189CB9BF161AC0DE93813,0,0,,,,,,no,no-compatible-character-family;visual-animation-code-invalid
VISCHAN1,2,ARMOR,body,3341,3A,yes,3,data/Items.bif,0x001007C2,38D425FAA20FB717E3020229FECEC4112A1AECE4B13B58954090B45781515670,76,76,0x5000;0x5001;0x5002;0x5003;0x5010;0x5011;0x5012;0x5013;0x5100;0x5101;0x5102;0x5103;0x5110;0x5111;0x5112;0x5113;0x5200;0x5201;0x5202;0x5210;0x5211;0x5212;0x5300;0x5301;0x5302;0x5303;0x5310;0x5311;0x5312;0x5313;0x6000;0x6001;0x6002;0x6003;0x6004;0x6005;0x6010;0x6011;0x6012;0x6013;0x6014;0x6015;0x6100;0x6101;0x6102;0x6103;0x6104;0x6105;0x6110;0x6111;0x6112;0x6113;0x6114;0x6115;0x6200;0x6201;0x6202;0x6204;0x6205;0x6210;0x6211;0x6212;0x6214;0x6215;0x6300;0x6301;0x6302;0x6303;0x6304;0x6305;0x6310;0x6311;0x6312;0x6313;0x6314;0x6315,CDFB3;CDFT3;CDFW3;CDMB3;CDMT3;CDMW3;CEFB3;CEFT3;CEFW3;CEMB3;CEMT3;CEMW3;CHFB3;CHFT3;CHFW3;CHMB3;CHMT3;CHMW3;CIFB3;CIFT3;CIMB3;CIMT3,CDFB3;CDFT3;CDFW3;CDMB3;CDMT3;CDMW3;CEFB3;CEFT3;CEFW3;CEMB3;CEMT3;CEMW3;CHFB3;CHFT3;CHFW3;CHMB3;CHMT3;CHMW3;CIFB3;CIFT3;CIMB3;CIMT3,,CDFB3;CDFT3;CDFW3;CDMB3;CDMT3;CDMW3;CEFB3;CEFT3;CEFW3;CEMB3;CEMT3;CEMW3;CHFB3;CHFT3;CHFW3;CHMB3;CHMT3;CHMW3;CIFB3;CIFT3;CIMB3;CIMT3,no,
VISCHAN2,2,ARMOR,body,3341,3A,yes,3,data/Items.bif,0x001007C3,93304E73B70BC9DCD2426D3AF8ECC2F4F67F8E2479AF196A68F2FB8E2F35D7D6,76,76,0x5000;0x5001;0x5002;0x5003;0x5010;0x5011;0x5012;0x5013;0x5100;0x5101;0x5102;0x5103;0x5110;0x5111;0x5112;0x5113;0x5200;0x5201;0x5202;0x5210;0x5211;0x5212;0x5300;0x5301;0x5302;0x5303;0x5310;0x5311;0x5312;0x5313;0x6000;0x6001;0x6002;0x6003;0x6004;0x6005;0x6010;0x6011;0x6012;0x6013;0x6014;0x6015;0x6100;0x6101;0x6102;0x6103;0x6104;0x6105;0x6110;0x6111;0x6112;0x6113;0x6114;0x6115;0x6200;0x6201;0x6202;0x6204;0x6205;0x6210;0x6211;0x6212;0x6214;0x6215;0x6300;0x6301;0x6302;0x6303;0x6304;0x6305;0x6310;0x6311;0x6312;0x6313;0x6314;0x6315,CDFB3;CDFT3;CDFW3;CDMB3;CDMT3;CDMW3;CEFB3;CEFT3;CEFW3;CEMB3;CEMT3;CEMW3;CHFB3;CHFT3;CHFW3;CHMB3;CHMT3;CHMW3;CIFB3;CIFT3;CIMB3;CIMT3,CDFB3;CDFT3;CDFW3;CDMB3;CDMT3;CDMW3;CEFB3;CEFT3;CEFW3;CEMB3;CEMT3;CEMW3;CHFB3;CHFT3;CHFW3;CHMB3;CHMT3;CHMW3;CIFB3;CIFT3;CIMB3;CIMT3,,CDFB3;CDFT3;CDFW3;CDMB3;CDMT3;CDMW3;CEFB3;CEFT3;CEFW3;CEMB3;CEMT3;CEMW3;CHFB3;CHFT3;CHFW3;CHMB3;CHMT3;CHMW3;CIFB3;CIFT3;CIMB3;CIMT3,no,
VISCLCK1,2,ARMOR,body,3257,2W,yes,2,data/Items.bif,0x001007C4,6D6FA92FF1BAFCBE70F76509639DC42DDDD7D4CCE0922849DC0049096ED7C368,76,76,0x5000;0x5001;0x5002;0x5003;0x5010;0x5011;0x5012;0x5013;0x5100;0x5101;0x5102;0x5103;0x5110;0x5111;0x5112;0x5113;0x5200;0x5201;0x5202;0x5210;0x5211;0x5212;0x5300;0x5301;0x5302;0x5303;0x5310;0x5311;0x5312;0x5313;0x6000;0x6001;0x6002;0x6003;0x6004;0x6005;0x6010;0x6011;0x6012;0x6013;0x6014;0x6015;0x6100;0x6101;0x6102;0x6103;0x6104;0x6105;0x6110;0x6111;0x6112;0x6113;0x6114;0x6115;0x6200;0x6201;0x6202;0x6204;0x6205;0x6210;0x6211;0x6212;0x6214;0x6215;0x6300;0x6301;0x6302;0x6303;0x6304;0x6305;0x6310;0x6311;0x6312;0x6313;0x6314;0x6315,CDFB2;CDFT2;CDFW2;CDMB2;CDMT2;CDMW2;CEFB2;CEFT2;CEFW2;CEMB2;CEMT2;CEMW2;CHFB2;CHFT2;CHFW2;CHMB2;CHMT2;CHMW2;CIFB2;CIFT2;CIMB2;CIMT2,CDFB2;CDFT2;CDFW2;CDMB2;CDMT2;CDMW2;CEFB2;CEFT2;CEFW2;CEMB2;CEMT2;CEMW2;CHFB2;CHFT2;CHFW2;CHMB2;CHMT2;CHMW2;CIFB2;CIFT2;CIMB2;CIMT2,,CDFB2;CDFT2;CDFW2;CDMB2;CDMT2;CDMW2;CEFB2;CEFT2;CEFW2;CEMB2;CEMT2;CEMW2;CHFB2;CHFT2;CHFW2;CHMB2;CHMT2;CHMW2;CIFB2;CIFT2;CIMB2;CIMT2,no,
VISCLCK2,2,ARMOR,body,3357,3W,yes,3,data/Items.bif,0x001007C5,74AE8E028DAB15EDDD6F4E09FCBA66D8A4DF32DCB4D1BFA68649BCDEE4CEE347,76,76,0x5000;0x5001;0x5002;0x5003;0x5010;0x5011;0x5012;0x5013;0x5100;0x5101;0x5102;0x5103;0x5110;0x5111;0x5112;0x5113;0x5200;0x5201;0x5202;0x5210;0x5211;0x5212;0x5300;0x5301;0x5302;0x5303;0x5310;0x5311;0x5312;0x5313;0x6000;0x6001;0x6002;0x6003;0x6004;0x6005;0x6010;0x6011;0x6012;0x6013;0x6014;0x6015;0x6100;0x6101;0x6102;0x6103;0x6104;0x6105;0x6110;0x6111;0x6112;0x6113;0x6114;0x6115;0x6200;0x6201;0x6202;0x6204;0x6205;0x6210;0x6211;0x6212;0x6214;0x6215;0x6300;0x6301;0x6302;0x6303;0x6304;0x6305;0x6310;0x6311;0x6312;0x6313;0x6314;0x6315,CDFB3;CDFT3;CDFW3;CDMB3;CDMT3;CDMW3;CEFB3;CEFT3;CEFW3;CEMB3;CEMT3;CEMW3;CHFB3;CHFT3;CHFW3;CHMB3;CHMT3;CHMW3;CIFB3;CIFT3;CIMB3;CIMT3,CDFB3;CDFT3;CDFW3;CDMB3;CDMT3;CDMW3;CEFB3;CEFT3;CEFW3;CEMB3;CEMT3;CEMW3;CHFB3;CHFT3;CHFW3;CHMB3;CHMT3;CHMW3;CIFB3;CIFT3;CIMB3;CIMT3,,CDFB3;CDFT3;CDFW3;CDMB3;CDMT3;CDMW3;CEFB3;CEFT3;CEFW3;CEMB3;CEMT3;CEMW3;CHFB3;CHFT3;CHFW3;CHMB3;CHMT3;CHMW3;CIFB3;CIFT3;CIMB3;CIMT3,no,
VISCLCK3,2,ARMOR,body,3457,4W,yes,4,data/Items.bif,0x001007C6,A886E5DE644A2DB1B5127C55E9E6BFC16D95F2AC141033073F7A8543A592A8ED,76,76,0x5000;0x5001;0x5002;0x5003;0x5010;0x5011;0x5012;0x5013;0x5100;0x5101;0x5102;0x5103;0x5110;0x5111;0x5112;0x5113;0x5200;0x5201;0x5202;0x5210;0x5211;0x5212;0x5300;0x5301;0x5302;0x5303;0x5310;0x5311;0x5312;0x5313;0x6000;0x6001;0x6002;0x6003;0x6004;0x6005;0x6010;0x6011;0x6012;0x6013;0x6014;0x6015;0x6100;0x6101;0x6102;0x6103;0x6104;0x6105;0x6110;0x6111;0x6112;0x6113;0x6114;0x6115;0x6200;0x6201;0x6202;0x6204;0x6205;0x6210;0x6211;0x6212;0x6214;0x6215;0x6300;0x6301;0x6302;0x6303;0x6304;0x6305;0x6310;0x6311;0x6312;0x6313;0x6314;0x6315,CDFC4;CDFF4;CDFT4;CDFW4;CDMC4;CDMF4;CDMT4;CDMW4;CEFC4;CEFF4;CEFT4;CEFW4;CEMC4;CEMF4;CEMT4;CEMW4;CHFC4;CHFF4;CHFT4;CHFW4;CHMC4;CHMF4;CHMT4;CHMW4;CIFC4;CIFF4;CIFT4;CIMC4;CIMF4;CIMT4,CDFC4;CDFF4;CDFT4;CDFW4;CDMC4;CDMF4;CDMT4;CDMW4;CEFC4;CEFF4;CEFT4;CEFW4;CEMC4;CEMF4;CEMT4;CEMW4;CHFC4;CHFF4;CHFT4;CHFW4;CHMC4;CHMF4;CHMT4;CHMW4;CIFC4;CIFF4;CIFT4;CIMC4;CIMF4;CIMT4,,CDFC4;CDFF4;CDFT4;CDFW4;CDMC4;CDMF4;CDMT4;CDMW4;CEFC4;CEFF4;CEFT4;CEFW4;CEMC4;CEMF4;CEMT4;CEMW4;CHFC4;CHFF4;CHFT4;CHFW4;CHMC4;CHMF4;CHMT4;CHMW4;CIFC4;CIFF4;CIFT4;CIMC4;CIMF4;CIMT4,no,
VISCLCK4,2,ARMOR,body,3457,4W,yes,4,data/Items.bif,0x001007C7,2DCFB88E1AE2D4BF655374536F5354A87B17EF3A54CF21AA82A87B80CDB6B96B,76,76,0x5000;0x5001;0x5002;0x5003;0x5010;0x5011;0x5012;0x5013;0x5100;0x5101;0x5102;0x5103;0x5110;0x5111;0x5112;0x5113;0x5200;0x5201;0x5202;0x5210;0x5211;0x5212;0x5300;0x5301;0x5302;0x5303;0x5310;0x5311;0x5312;0x5313;0x6000;0x6001;0x6002;0x6003;0x6004;0x6005;0x6010;0x6011;0x6012;0x6013;0x6014;0x6015;0x6100;0x6101;0x6102;0x6103;0x6104;0x6105;0x6110;0x6111;0x6112;0x6113;0x6114;0x6115;0x6200;0x6201;0x6202;0x6204;0x6205;0x6210;0x6211;0x6212;0x6214;0x6215;0x6300;0x6301;0x6302;0x6303;0x6304;0x6305;0x6310;0x6311;0x6312;0x6313;0x6314;0x6315,CDFC4;CDFF4;CDFT4;CDFW4;CDMC4;CDMF4;CDMT4;CDMW4;CEFC4;CEFF4;CEFT4;CEFW4;CEMC4;CEMF4;CEMT4;CEMW4;CHFC4;CHFF4;CHFT4;CHFW4;CHMC4;CHMF4;CHMT4;CHMW4;CIFC4;CIFF4;CIFT4;CIMC4;CIMF4;CIMT4,CDFC4;CDFF4;CDFT4;CDFW4;CDMC4;CDMF4;CDMT4;CDMW4;CEFC4;CEFF4;CEFT4;CEFW4;CEMC4;CEMF4;CEMT4;CEMW4;CHFC4;CHFF4;CHFT4;CHFW4;CHMC4;CHMF4;CHMT4;CHMW4;CIFC4;CIFF4;CIFT4;CIMC4;CIMF4;CIMT4,,CDFC4;CDFF4;CDFT4;CDFW4;CDMC4;CDMF4;CDMT4;CDMW4;CEFC4;CEFF4;CEFT4;CEFW4;CEMC4;CEMF4;CEMT4;CEMW4;CHFC4;CHFF4;CHFT4;CHFW4;CHMC4;CHMF4;CHMT4;CHMW4;CIFC4;CIFF4;CIFT4;CIMC4;CIMF4;CIMT4,no,
VISCLCK5,2,ARMOR,body,3457,4W,yes,4,data/Items.bif,0x001007C8,3786EA367FE3DECC6183EC4E8A749A3EBF8C09671ACF92A1FC4318FE14E1356C,76,76,0x5000;0x5001;0x5002;0x5003;0x5010;0x5011;0x5012;0x5013;0x5100;0x5101;0x5102;0x5103;0x5110;0x5111;0x5112;0x5113;0x5200;0x5201;0x5202;0x5210;0x5211;0x5212;0x5300;0x5301;0x5302;0x5303;0x5310;0x5311;0x5312;0x5313;0x6000;0x6001;0x6002;0x6003;0x6004;0x6005;0x6010;0x6011;0x6012;0x6013;0x6014;0x6015;0x6100;0x6101;0x6102;0x6103;0x6104;0x6105;0x6110;0x6111;0x6112;0x6113;0x6114;0x6115;0x6200;0x6201;0x6202;0x6204;0x6205;0x6210;0x6211;0x6212;0x6214;0x6215;0x6300;0x6301;0x6302;0x6303;0x6304;0x6305;0x6310;0x6311;0x6312;0x6313;0x6314;0x6315,CDFC4;CDFF4;CDFT4;CDFW4;CDMC4;CDMF4;CDMT4;CDMW4;CEFC4;CEFF4;CEFT4;CEFW4;CEMC4;CEMF4;CEMT4;CEMW4;CHFC4;CHFF4;CHFT4;CHFW4;CHMC4;CHMF4;CHMT4;CHMW4;CIFC4;CIFF4;CIFT4;CIMC4;CIMF4;CIMT4,CDFC4;CDFF4;CDFT4;CDFW4;CDMC4;CDMF4;CDMT4;CDMW4;CEFC4;CEFF4;CEFT4;CEFW4;CEMC4;CEMF4;CEMT4;CEMW4;CHFC4;CHFF4;CHFT4;CHFW4;CHMC4;CHMF4;CHMT4;CHMW4;CIFC4;CIFF4;CIFT4;CIMC4;CIMF4;CIMT4,,CDFC4;CDFF4;CDFT4;CDFW4;CDMC4;CDMF4;CDMT4;CDMW4;CEFC4;CEFF4;CEFT4;CEFW4;CEMC4;CEMF4;CEMT4;CEMW4;CHFC4;CHFF4;CHFT4;CHFW4;CHMC4;CHMF4;CHMT4;CHMW4;CIFC4;CIFF4;CIFT4;CIMC4;CIMF4;CIMT4,no,
VISLEAT1,2,ARMOR,body,3241,2A,yes,2,data/Items.bif,0x001007C9,60784FFC16AFC1E3475B2421DCCE4809C5C6842E173EC4E6ED3C06374621AFAC,76,76,0x5000;0x5001;0x5002;0x5003;0x5010;0x5011;0x5012;0x5013;0x5100;0x5101;0x5102;0x5103;0x5110;0x5111;0x5112;0x5113;0x5200;0x5201;0x5202;0x5210;0x5211;0x5212;0x5300;0x5301;0x5302;0x5303;0x5310;0x5311;0x5312;0x5313;0x6000;0x6001;0x6002;0x6003;0x6004;0x6005;0x6010;0x6011;0x6012;0x6013;0x6014;0x6015;0x6100;0x6101;0x6102;0x6103;0x6104;0x6105;0x6110;0x6111;0x6112;0x6113;0x6114;0x6115;0x6200;0x6201;0x6202;0x6204;0x6205;0x6210;0x6211;0x6212;0x6214;0x6215;0x6300;0x6301;0x6302;0x6303;0x6304;0x6305;0x6310;0x6311;0x6312;0x6313;0x6314;0x6315,CDFB2;CDFT2;CDFW2;CDMB2;CDMT2;CDMW2;CEFB2;CEFT2;CEFW2;CEMB2;CEMT2;CEMW2;CHFB2;CHFT2;CHFW2;CHMB2;CHMT2;CHMW2;CIFB2;CIFT2;CIMB2;CIMT2,CDFB2;CDFT2;CDFW2;CDMB2;CDMT2;CDMW2;CEFB2;CEFT2;CEFW2;CEMB2;CEMT2;CEMW2;CHFB2;CHFT2;CHFW2;CHMB2;CHMT2;CHMW2;CIFB2;CIFT2;CIMB2;CIMT2,,CDFB2;CDFT2;CDFW2;CDMB2;CDMT2;CDMW2;CEFB2;CEFT2;CEFW2;CEMB2;CEMT2;CEMW2;CHFB2;CHFT2;CHFW2;CHMB2;CHMT2;CHMW2;CIFB2;CIFT2;CIMB2;CIMT2,no,
VISLEAT2,2,ARMOR,body,3241,2A,yes,2,data/Items.bif,0x001007CA,70E848D83AB174FB84F3D1AE2181EE2B44905D7F6387AD5F86AC547C93F37CFE,76,76,0x5000;0x5001;0x5002;0x5003;0x5010;0x5011;0x5012;0x5013;0x5100;0x5101;0x5102;0x5103;0x5110;0x5111;0x5112;0x5113;0x5200;0x5201;0x5202;0x5210;0x5211;0x5212;0x5300;0x5301;0x5302;0x5303;0x5310;0x5311;0x5312;0x5313;0x6000;0x6001;0x6002;0x6003;0x6004;0x6005;0x6010;0x6011;0x6012;0x6013;0x6014;0x6015;0x6100;0x6101;0x6102;0x6103;0x6104;0x6105;0x6110;0x6111;0x6112;0x6113;0x6114;0x6115;0x6200;0x6201;0x6202;0x6204;0x6205;0x6210;0x6211;0x6212;0x6214;0x6215;0x6300;0x6301;0x6302;0x6303;0x6304;0x6305;0x6310;0x6311;0x6312;0x6313;0x6314;0x6315,CDFB2;CDFT2;CDFW2;CDMB2;CDMT2;CDMW2;CEFB2;CEFT2;CEFW2;CEMB2;CEMT2;CEMW2;CHFB2;CHFT2;CHFW2;CHMB2;CHMT2;CHMW2;CIFB2;CIFT2;CIMB2;CIMT2,CDFB2;CDFT2;CDFW2;CDMB2;CDMT2;CDMW2;CEFB2;CEFT2;CEFW2;CEMB2;CEMT2;CEMW2;CHFB2;CHFT2;CHFW2;CHMB2;CHMT2;CHMW2;CIFB2;CIFT2;CIMB2;CIMT2,,CDFB2;CDFT2;CDFW2;CDMB2;CDMT2;CDMW2;CEFB2;CEFT2;CEFW2;CEMB2;CEMT2;CEMW2;CHFB2;CHFT2;CHFW2;CHMB2;CHMT2;CHMW2;CIFB2;CIFT2;CIMB2;CIMT2,no,
VISPLAT1,2,ARMOR,body,3441,4A,yes,4,data/Items.bif,0x001007CB,2269223AF85C43064B9C649B5E9A55E6842D7F048E701F84D7DD305A3A08459F,76,76,0x5000;0x5001;0x5002;0x5003;0x5010;0x5011;0x5012;0x5013;0x5100;0x5101;0x5102;0x5103;0x5110;0x5111;0x5112;0x5113;0x5200;0x5201;0x5202;0x5210;0x5211;0x5212;0x5300;0x5301;0x5302;0x5303;0x5310;0x5311;0x5312;0x5313;0x6000;0x6001;0x6002;0x6003;0x6004;0x6005;0x6010;0x6011;0x6012;0x6013;0x6014;0x6015;0x6100;0x6101;0x6102;0x6103;0x6104;0x6105;0x6110;0x6111;0x6112;0x6113;0x6114;0x6115;0x6200;0x6201;0x6202;0x6204;0x6205;0x6210;0x6211;0x6212;0x6214;0x6215;0x6300;0x6301;0x6302;0x6303;0x6304;0x6305;0x6310;0x6311;0x6312;0x6313;0x6314;0x6315,CDFC4;CDFF4;CDFT4;CDFW4;CDMC4;CDMF4;CDMT4;CDMW4;CEFC4;CEFF4;CEFT4;CEFW4;CEMC4;CEMF4;CEMT4;CEMW4;CHFC4;CHFF4;CHFT4;CHFW4;CHMC4;CHMF4;CHMT4;CHMW4;CIFC4;CIFF4;CIFT4;CIMC4;CIMF4;CIMT4,CDFC4;CDFF4;CDFT4;CDFW4;CDMC4;CDMF4;CDMT4;CDMW4;CEFC4;CEFF4;CEFT4;CEFW4;CEMC4;CEMF4;CEMT4;CEMW4;CHFC4;CHFF4;CHFT4;CHFW4;CHMC4;CHMF4;CHMT4;CHMW4;CIFC4;CIFF4;CIFT4;CIMC4;CIMF4;CIMT4,,CDFC4;CDFF4;CDFT4;CDFW4;CDMC4;CDMF4;CDMT4;CDMW4;CEFC4;CEFF4;CEFT4;CEFW4;CEMC4;CEMF4;CEMT4;CEMW4;CHFC4;CHFF4;CHFT4;CHFW4;CHMC4;CHMF4;CHMT4;CHMW4;CIFC4;CIFF4;CIFT4;CIMC4;CIMF4;CIMT4,no,
VISPLAT2,2,ARMOR,body,3441,4A,yes,4,data/Items.bif,0x001007CC,F778286160F0763E451488D73C33281CB3B5FC9CE0E369156D0F68A0C7202498,76,76,0x5000;0x5001;0x5002;0x5003;0x5010;0x5011;0x5012;0x5013;0x5100;0x5101;0x5102;0x5103;0x5110;0x5111;0x5112;0x5113;0x5200;0x5201;0x5202;0x5210;0x5211;0x5212;0x5300;0x5301;0x5302;0x5303;0x5310;0x5311;0x5312;0x5313;0x6000;0x6001;0x6002;0x6003;0x6004;0x6005;0x6010;0x6011;0x6012;0x6013;0x6014;0x6015;0x6100;0x6101;0x6102;0x6103;0x6104;0x6105;0x6110;0x6111;0x6112;0x6113;0x6114;0x6115;0x6200;0x6201;0x6202;0x6204;0x6205;0x6210;0x6211;0x6212;0x6214;0x6215;0x6300;0x6301;0x6302;0x6303;0x6304;0x6305;0x6310;0x6311;0x6312;0x6313;0x6314;0x6315,CDFC4;CDFF4;CDFT4;CDFW4;CDMC4;CDMF4;CDMT4;CDMW4;CEFC4;CEFF4;CEFT4;CEFW4;CEMC4;CEMF4;CEMT4;CEMW4;CHFC4;CHFF4;CHFT4;CHFW4;CHMC4;CHMF4;CHMT4;CHMW4;CIFC4;CIFF4;CIFT4;CIMC4;CIMF4;CIMT4,CDFC4;CDFF4;CDFT4;CDFW4;CDMC4;CDMF4;CDMT4;CDMW4;CEFC4;CEFF4;CEFT4;CEFW4;CEMC4;CEMF4;CEMT4;CEMW4;CHFC4;CHFF4;CHFT4;CHFW4;CHMC4;CHMF4;CHMT4;CHMW4;CIFC4;CIFF4;CIFT4;CIMC4;CIMF4;CIMT4,,CDFC4;CDFF4;CDFT4;CDFW4;CDMC4;CDMF4;CDMT4;CDMW4;CEFC4;CEFF4;CEFT4;CEFW4;CEMC4;CEMF4;CEMT4;CEMW4;CHFC4;CHFF4;CHFT4;CHFW4;CHMC4;CHMF4;CHMT4;CHMW4;CIFC4;CIFF4;CIFT4;CIMC4;CIMF4;CIMT4,no,
VORSQUI1,10,RING,,2020,,no,,data/Items.bif,0x001007CD,07576AD41E1AC73B12207D16E01FA92BE639F2E8E266677B9731D97A24536062,0,0,,,,,,no,
VORSQUI2,19,SMSWORD,weapon,5353,SS,yes,,data/Items.bif,0x001007CE,646FBB85C6D85E08C5429C7CB7913C6043EB7A861C18C50ADC28E3BF72321168,78,78,0x5000;0x5001;0x5002;0x5003;0x5010;0x5011;0x5012;0x5013;0x5100;0x5101;0x5102;0x5103;0x5110;0x5111;0x5112;0x5113;0x5200;0x5201;0x5202;0x5210;0x5211;0x5212;0x5300;0x5301;0x5302;0x5303;0x5310;0x5311;0x5312;0x5313;0x6000;0x6001;0x6002;0x6003;0x6004;0x6005;0x6010;0x6011;0x6012;0x6013;0x6014;0x6015;0x6100;0x6101;0x6102;0x6103;0x6104;0x6105;0x6110;0x6111;0x6112;0x6113;0x6114;0x6115;0x6200;0x6201;0x6202;0x6204;0x6205;0x6210;0x6211;0x6212;0x6214;0x6215;0x6300;0x6301;0x6302;0x6303;0x6304;0x6305;0x6310;0x6311;0x6312;0x6313;0x6314;0x6315;0x6500;0x6510,WQLSS;WQMSS;WQNSS;WQSSS,WQLSS;WQMSS;WQNSS;WQSSS,,WQLSS;WQMSS;WQNSS;WQSSS,no,
WA2AMU,1,AMULET,,2020,,no,,data/Items.bif,0x001007CF,A42EBF0A28DE2512F5900EC6B7EB59070AAA4E67E10D4A995ADD21D0BE5D77A9,0,0,,,,,,no,
WA2DAK,20,BGSWORD,weapon,5333,S3,yes,,data/Items.bif,0x001007D0,B046F63BF7E0A0C8B98F5A26A23B9F68421B6A38F4354E02F75ECEB9C1968C2C,78,78,0x5000;0x5001;0x5002;0x5003;0x5010;0x5011;0x5012;0x5013;0x5100;0x5101;0x5102;0x5103;0x5110;0x5111;0x5112;0x5113;0x5200;0x5201;0x5202;0x5210;0x5211;0x5212;0x5300;0x5301;0x5302;0x5303;0x5310;0x5311;0x5312;0x5313;0x6000;0x6001;0x6002;0x6003;0x6004;0x6005;0x6010;0x6011;0x6012;0x6013;0x6014;0x6015;0x6100;0x6101;0x6102;0x6103;0x6104;0x6105;0x6110;0x6111;0x6112;0x6113;0x6114;0x6115;0x6200;0x6201;0x6202;0x6204;0x6205;0x6210;0x6211;0x6212;0x6214;0x6215;0x6300;0x6301;0x6302;0x6303;0x6304;0x6305;0x6310;0x6311;0x6312;0x6313;0x6314;0x6315;0x6500;0x6510,WQLS3;WQMS3;WQNS3;WQSS3,WQLS3;WQMS3;WQNS3;WQSS3,,WQLS3;WQMS3;WQNS3;WQSS3,no,
WA2HALB,30,POLEARM,weapon,4842,HB,yes,,data/Items.bif,0x001007D1,A470409FFF533DC807AF6E8CAB59701532B44A09E450B287A54D06E8A493CE1D,78,78,0x5000;0x5001;0x5002;0x5003;0x5010;0x5011;0x5012;0x5013;0x5100;0x5101;0x5102;0x5103;0x5110;0x5111;0x5112;0x5113;0x5200;0x5201;0x5202;0x5210;0x5211;0x5212;0x5300;0x5301;0x5302;0x5303;0x5310;0x5311;0x5312;0x5313;0x6000;0x6001;0x6002;0x6003;0x6004;0x6005;0x6010;0x6011;0x6012;0x6013;0x6014;0x6015;0x6100;0x6101;0x6102;0x6103;0x6104;0x6105;0x6110;0x6111;0x6112;0x6113;0x6114;0x6115;0x6200;0x6201;0x6202;0x6204;0x6205;0x6210;0x6211;0x6212;0x6214;0x6215;0x6300;0x6301;0x6302;0x6303;0x6304;0x6305;0x6310;0x6311;0x6312;0x6313;0x6314;0x6315;0x6500;0x6510,WQLHB;WQMHB;WQNHB;WQSHB,WQLHB;WQMHB;WQNHB;WQSHB,,WQLHB;WQMHB;WQNHB;WQSHB,no,
WA2HARP,0,MISC,,2020,,no,,data/Items.bif,0x001007D2,492D8C353BCE7749EC21046F03C0CFA34831534CDD10285763FE0FB86919051B,0,0,,,,,,no,
WA2HELM,7,HELMET,helmet,4A33,J3,yes,,data/Items.bif,0x001007D3,B595768E7C16E7BAE735DBD12038C07914FE50B30768EF948781C3D42E3ABB79,78,78,0x5000;0x5001;0x5002;0x5003;0x5010;0x5011;0x5012;0x5013;0x5100;0x5101;0x5102;0x5103;0x5110;0x5111;0x5112;0x5113;0x5200;0x5201;0x5202;0x5210;0x5211;0x5212;0x5300;0x5301;0x5302;0x5303;0x5310;0x5311;0x5312;0x5313;0x6000;0x6001;0x6002;0x6003;0x6004;0x6005;0x6010;0x6011;0x6012;0x6013;0x6014;0x6015;0x6100;0x6101;0x6102;0x6103;0x6104;0x6105;0x6110;0x6111;0x6112;0x6113;0x6114;0x6115;0x6200;0x6201;0x6202;0x6204;0x6205;0x6210;0x6211;0x6212;0x6214;0x6215;0x6300;0x6301;0x6302;0x6303;0x6304;0x6305;0x6310;0x6311;0x6312;0x6313;0x6314;0x6315;0x6500;0x6510,WQLJ3;WQMJ3;WQNJ3;WQSJ3,WQLJ3;WQMJ3;WQNJ3;WQSJ3,,WQLJ3;WQMJ3;WQNJ3;WQSJ3,no,
WA2PLAT,2,ARMOR,body,3441,4A,yes,4,data/Items.bif,0x001007D4,3C58ACCB8C5B5CF7237BD9CBCDA2D521D2CF0528A52397BD9DD070A3AAFE7DC2,76,76,0x5000;0x5001;0x5002;0x5003;0x5010;0x5011;0x5012;0x5013;0x5100;0x5101;0x5102;0x5103;0x5110;0x5111;0x5112;0x5113;0x5200;0x5201;0x5202;0x5210;0x5211;0x5212;0x5300;0x5301;0x5302;0x5303;0x5310;0x5311;0x5312;0x5313;0x6000;0x6001;0x6002;0x6003;0x6004;0x6005;0x6010;0x6011;0x6012;0x6013;0x6014;0x6015;0x6100;0x6101;0x6102;0x6103;0x6104;0x6105;0x6110;0x6111;0x6112;0x6113;0x6114;0x6115;0x6200;0x6201;0x6202;0x6204;0x6205;0x6210;0x6211;0x6212;0x6214;0x6215;0x6300;0x6301;0x6302;0x6303;0x6304;0x6305;0x6310;0x6311;0x6312;0x6313;0x6314;0x6315,CDFC4;CDFF4;CDFT4;CDFW4;CDMC4;CDMF4;CDMT4;CDMW4;CEFC4;CEFF4;CEFT4;CEFW4;CEMC4;CEMF4;CEMT4;CEMW4;CHFC4;CHFF4;CHFT4;CHFW4;CHMC4;CHMF4;CHMT4;CHMW4;CIFC4;CIFF4;CIFT4;CIMC4;CIMF4;CIMT4,CDFC4;CDFF4;CDFT4;CDFW4;CDMC4;CDMF4;CDMT4;CDMW4;CEFC4;CEFF4;CEFT4;CEFW4;CEMC4;CEMF4;CEMT4;CEMW4;CHFC4;CHFF4;CHFT4;CHFW4;CHMC4;CHMF4;CHMT4;CHMW4;CIFC4;CIFF4;CIFT4;CIMC4;CIMF4;CIMT4,,CDFC4;CDFF4;CDFT4;CDFW4;CDMC4;CDMF4;CDMT4;CDMW4;CEFC4;CEFF4;CEFT4;CEFW4;CEMC4;CEMF4;CEMT4;CEMW4;CHFC4;CHFF4;CHFT4;CHFW4;CHMC4;CHMF4;CHMT4;CHMW4;CIFC4;CIFF4;CIFT4;CIMC4;CIMF4;CIMT4,no,
WA2RING,10,RING,,2020,,no,,data/Items.bif,0x001007D5,062902032959721700663ECCEA48E7D9E3E3E9086213C7403873020FBF6EB8A6,0,0,,,,,,no,
WA2ROBE,2,ARMOR,body,3257,2W,yes,2,data/Items.bif,0x001007D6,66EBDA81365E4FD200FF654DA71B933FD7D4DF5E456E73E2AE8C32D844A024E2,76,76,0x5000;0x5001;0x5002;0x5003;0x5010;0x5011;0x5012;0x5013;0x5100;0x5101;0x5102;0x5103;0x5110;0x5111;0x5112;0x5113;0x5200;0x5201;0x5202;0x5210;0x5211;0x5212;0x5300;0x5301;0x5302;0x5303;0x5310;0x5311;0x5312;0x5313;0x6000;0x6001;0x6002;0x6003;0x6004;0x6005;0x6010;0x6011;0x6012;0x6013;0x6014;0x6015;0x6100;0x6101;0x6102;0x6103;0x6104;0x6105;0x6110;0x6111;0x6112;0x6113;0x6114;0x6115;0x6200;0x6201;0x6202;0x6204;0x6205;0x6210;0x6211;0x6212;0x6214;0x6215;0x6300;0x6301;0x6302;0x6303;0x6304;0x6305;0x6310;0x6311;0x6312;0x6313;0x6314;0x6315,CDFB2;CDFT2;CDFW2;CDMB2;CDMT2;CDMW2;CEFB2;CEFT2;CEFW2;CEMB2;CEMT2;CEMW2;CHFB2;CHFT2;CHFW2;CHMB2;CHMT2;CHMW2;CIFB2;CIFT2;CIMB2;CIMT2,CDFB2;CDFT2;CDFW2;CDMB2;CDMT2;CDMW2;CEFB2;CEFT2;CEFW2;CEMB2;CEMT2;CEMW2;CHFB2;CHFT2;CHFW2;CHMB2;CHMT2;CHMW2;CIFB2;CIFT2;CIMB2;CIMT2,,CDFB2;CDFT2;CDFW2;CDMB2;CDMT2;CDMW2;CEFB2;CEFT2;CEFW2;CEMB2;CEMT2;CEMW2;CHFB2;CHFT2;CHFW2;CHMB2;CHMT2;CHMW2;CIFB2;CIFT2;CIMB2;CIMT2,no,
WA2S1H,20,BGSWORD,weapon,5331,S1,yes,,data/Items.bif,0x001007D7,CE4FD830F008638E64C4D8147B2BEF11697F3749745D1786702EA15B0762525D,78,78,0x5000;0x5001;0x5002;0x5003;0x5010;0x5011;0x5012;0x5013;0x5100;0x5101;0x5102;0x5103;0x5110;0x5111;0x5112;0x5113;0x5200;0x5201;0x5202;0x5210;0x5211;0x5212;0x5300;0x5301;0x5302;0x5303;0x5310;0x5311;0x5312;0x5313;0x6000;0x6001;0x6002;0x6003;0x6004;0x6005;0x6010;0x6011;0x6012;0x6013;0x6014;0x6015;0x6100;0x6101;0x6102;0x6103;0x6104;0x6105;0x6110;0x6111;0x6112;0x6113;0x6114;0x6115;0x6200;0x6201;0x6202;0x6204;0x6205;0x6210;0x6211;0x6212;0x6214;0x6215;0x6300;0x6301;0x6302;0x6303;0x6304;0x6305;0x6310;0x6311;0x6312;0x6313;0x6314;0x6315;0x6500;0x6510,WQLS1;WQMS1;WQNS1;WQSS1,WQLS1;WQMS1;WQNS1;WQSS1,,WQLS1;WQMS1;WQNS1;WQSS1,no,
WA2SHIEL,12,SHIELD,shield,4333,C3,yes,,data/Items.bif,0x001007D8,EFE3C21A2D0138872FA4EE778B6A91D1E0658BFF5B7FF6B85E90C6356591C41F,78,78,0x5000;0x5001;0x5002;0x5003;0x5010;0x5011;0x5012;0x5013;0x5100;0x5101;0x5102;0x5103;0x5110;0x5111;0x5112;0x5113;0x5200;0x5201;0x5202;0x5210;0x5211;0x5212;0x5300;0x5301;0x5302;0x5303;0x5310;0x5311;0x5312;0x5313;0x6000;0x6001;0x6002;0x6003;0x6004;0x6005;0x6010;0x6011;0x6012;0x6013;0x6014;0x6015;0x6100;0x6101;0x6102;0x6103;0x6104;0x6105;0x6110;0x6111;0x6112;0x6113;0x6114;0x6115;0x6200;0x6201;0x6202;0x6204;0x6205;0x6210;0x6211;0x6212;0x6214;0x6215;0x6300;0x6301;0x6302;0x6303;0x6304;0x6305;0x6310;0x6311;0x6312;0x6313;0x6314;0x6315;0x6500;0x6510,WQHC3;WQLC3;WQMC3;WQNC3;WQSC3,WQLC3;WQMC3;WQNC3;WQSC3,WQHC3,WQLC3;WQMC3;WQNC3;WQSC3,no,
WAAXE,25,AXE,weapon,4158,AX,yes,,data/Items.bif,0x001007D9,F83E972B64AB98274057466266F91574899A213F73542D118C7D854C0CB198E5,78,78,0x5000;0x5001;0x5002;0x5003;0x5010;0x5011;0x5012;0x5013;0x5100;0x5101;0x5102;0x5103;0x5110;0x5111;0x5112;0x5113;0x5200;0x5201;0x5202;0x5210;0x5211;0x5212;0x5300;0x5301;0x5302;0x5303;0x5310;0x5311;0x5312;0x5313;0x6000;0x6001;0x6002;0x6003;0x6004;0x6005;0x6010;0x6011;0x6012;0x6013;0x6014;0x6015;0x6100;0x6101;0x6102;0x6103;0x6104;0x6105;0x6110;0x6111;0x6112;0x6113;0x6114;0x6115;0x6200;0x6201;0x6202;0x6204;0x6205;0x6210;0x6211;0x6212;0x6214;0x6215;0x6300;0x6301;0x6302;0x6303;0x6304;0x6305;0x6310;0x6311;0x6312;0x6313;0x6314;0x6315;0x6500;0x6510,WQLAX;WQMAX;WQNAX;WQSAX,WQLAX;WQMAX;WQNAX;WQSAX,,WQLAX;WQMAX;WQNAX;WQSAX,no,
WAFLAIL,23,FLAIL,weapon,464C,FL,yes,,data/Items.bif,0x001007DA,FFBACF757B6BDB62AE2EDE3C5A7643559567A0D0817013AB3C24B37DBABEC68A,78,78,0x5000;0x5001;0x5002;0x5003;0x5010;0x5011;0x5012;0x5013;0x5100;0x5101;0x5102;0x5103;0x5110;0x5111;0x5112;0x5113;0x5200;0x5201;0x5202;0x5210;0x5211;0x5212;0x5300;0x5301;0x5302;0x5303;0x5310;0x5311;0x5312;0x5313;0x6000;0x6001;0x6002;0x6003;0x6004;0x6005;0x6010;0x6011;0x6012;0x6013;0x6014;0x6015;0x6100;0x6101;0x6102;0x6103;0x6104;0x6105;0x6110;0x6111;0x6112;0x6113;0x6114;0x6115;0x6200;0x6201;0x6202;0x6204;0x6205;0x6210;0x6211;0x6212;0x6214;0x6215;0x6300;0x6301;0x6302;0x6303;0x6304;0x6305;0x6310;0x6311;0x6312;0x6313;0x6314;0x6315;0x6500;0x6510,WQLFL;WQMFL;WQNFL;WQSFL,WQLFL;WQMFL;WQNFL;WQSFL,,WQLFL;WQMFL;WQNFL;WQSFL,no,
WALLPASS,1,AMULET,,2020,,no,,data/Items.bif,0x001007DB,8F134791DA5D70E8516D6F36B16F38520EB243A8C35254C603075928426B0075,0,0,,,,,,no,
WAMACE,17,MACE,weapon,4D43,MC,yes,,data/Items.bif,0x001007DC,3243A9B774719FF92249E131281AF5409F18BD64698A851D58ECE6BFD3501D8F,78,78,0x5000;0x5001;0x5002;0x5003;0x5010;0x5011;0x5012;0x5013;0x5100;0x5101;0x5102;0x5103;0x5110;0x5111;0x5112;0x5113;0x5200;0x5201;0x5202;0x5210;0x5211;0x5212;0x5300;0x5301;0x5302;0x5303;0x5310;0x5311;0x5312;0x5313;0x6000;0x6001;0x6002;0x6003;0x6004;0x6005;0x6010;0x6011;0x6012;0x6013;0x6014;0x6015;0x6100;0x6101;0x6102;0x6103;0x6104;0x6105;0x6110;0x6111;0x6112;0x6113;0x6114;0x6115;0x6200;0x6201;0x6202;0x6204;0x6205;0x6210;0x6211;0x6212;0x6214;0x6215;0x6300;0x6301;0x6302;0x6303;0x6304;0x6305;0x6310;0x6311;0x6312;0x6313;0x6314;0x6315;0x6500;0x6510,WQLMC;WQMMC;WQNMC;WQSMC,WQLMC;WQMMC;WQNMC;WQSMC,,WQLMC;WQMMC;WQNMC;WQSMC,no,
WAND02,35,WAND,,2020,,no,,data/Items.bif,0x001007DD,8782FC7DE1C5F20E14139E087F70CA24E88D1D37D148AF5517A04FB8B0A1EEEC,0,0,,,,,,no,
WAND03,35,WAND,,2020,,no,,data/Items.bif,0x001007DE,549FF95AEB913AA3121FCCBCC56988985E0FE9EDFF24262D396423361F98D28A,0,0,,,,,,no,
WAND04,35,WAND,,2020,,no,,data/Items.bif,0x001007DF,17DB4762E9E578933E9087D891103DC097D80983924924495A371C999BA80805,0,0,,,,,,no,
WAND05,35,WAND,,2020,,no,,data/Items.bif,0x001007E0,21526012CA8CECB922F55C72E5887FAE72553AEAB30D7E14AEA168C850CE24BF,0,0,,,,,,no,
WAND06,35,WAND,,2020,,no,,data/Items.bif,0x001007E1,29C13D2CA258BC0E9E1228851E0F7DA6942C7561170AB039C2F3DADD3E42509D,0,0,,,,,,no,
WAND07,35,WAND,,2020,,no,,data/Items.bif,0x001007E2,FC1FF986B2277853522B81332E536EE20971D234349C096AE94D711DFDDDF82C,0,0,,,,,,no,
WAND08,35,WAND,,2020,,no,,data/Items.bif,0x001007E3,38FD1097231C7E9913C140269B0A6197074E6368F1172F32AA576CC8E4E2537F,0,0,,,,,,no,
WAND09,35,WAND,,2020,,no,,data/Items.bif,0x001007E4,BCBB31B5AEFC9C7CEB991CB504918A227DDAEDEAF871DEE937C5FCFD417F7E31,0,0,,,,,,no,
WAND10,35,WAND,,2020,,no,,data/Items.bif,0x001007E5,C41CC984D73C1D8AB523E44E8997E7D83802D9C0C34D501567A67000E66E022D,0,0,,,,,,no,
WAND11,35,WAND,,2020,,no,,data/Items.bif,0x001007E6,7D842BF662F047AABB106B99A67DD82960A609CA3668BFC4D9336DCC6B04C163,0,0,,,,,,no,
WAND12,35,WAND,,2020,,no,,data/Items.bif,0x001007E7,B914C56D75F5557B9892709187E7787851B838BC75B34DDACC59DFBA8BD1D0C5,0,0,,,,,,no,
WAND13,35,WAND,,2020,,no,,data/Items.bif,0x001007E8,776242DC949ED2A9B4BF11962F70278A6363D363022D6155E56AE0D5831C9B00,0,0,,,,,,no,
WAND14,35,WAND,,2020,,no,,data/Items.bif,0x001007E9,6BB445482EB50C5BDC09FB39CBAB94F376609923E70A275F5B9EB6E940CB1D8F,0,0,,,,,,no,
WAND15,35,WAND,,2020,,no,,data/Items.bif,0x001007EA,4E4557900552AC7CF7CB3A687B4E1EAC337FE8D627ED710900EA7BB10B2A16E4,0,0,,,,,,no,
WAND16,9,POTION,,2020,,no,,data/Items.bif,0x001007EB,34163592786F80EE8933BD07493025D5E101A5264578FEF243C296CA23114DCB,0,0,,,,,,no,
WAND17,35,WAND,,2020,,no,,data/Items.bif,0x001007EC,55B3BEE44C46AB0252CF6B22F0481AE783BA07E7C7C2263C1401A247693FA740,0,0,,,,,,no,
WAND18,35,WAND,,2020,,no,,data/25Items.bif,0x084001D2,93D4A939AFD0FA6DEC2DF8E92CE3101FE5A95AB13CE8E273E835E74DDC3FFBC9,0,0,,,,,,no,
WAND19,35,WAND,,2020,,no,,data/25Items.bif,0x084001D3,4A1DB8ED46DEBDF635CE9F7C6257765469706593D6D346FE94FE709E71876EA9,0,0,,,,,,no,
WAND99,0,MISC,,2020,,no,,data/Items.bif,0x001007ED,BB87E2118392DE62C4271831641E40CCAE05808FE84E234A1FFE82600242981F,0,0,,,,,,no,
WANINJA,20,BGSWORD,weapon,5331,S1,yes,,data/Items.bif,0x001007EE,03E42CCA7EB750A73E06E358F867DEA0B2E2924898E987FBAAAFCD3467C58B7F,78,78,0x5000;0x5001;0x5002;0x5003;0x5010;0x5011;0x5012;0x5013;0x5100;0x5101;0x5102;0x5103;0x5110;0x5111;0x5112;0x5113;0x5200;0x5201;0x5202;0x5210;0x5211;0x5212;0x5300;0x5301;0x5302;0x5303;0x5310;0x5311;0x5312;0x5313;0x6000;0x6001;0x6002;0x6003;0x6004;0x6005;0x6010;0x6011;0x6012;0x6013;0x6014;0x6015;0x6100;0x6101;0x6102;0x6103;0x6104;0x6105;0x6110;0x6111;0x6112;0x6113;0x6114;0x6115;0x6200;0x6201;0x6202;0x6204;0x6205;0x6210;0x6211;0x6212;0x6214;0x6215;0x6300;0x6301;0x6302;0x6303;0x6304;0x6305;0x6310;0x6311;0x6312;0x6313;0x6314;0x6315;0x6500;0x6510,WQLS1;WQMS1;WQNS1;WQSS1,WQLS1;WQMS1;WQNS1;WQSS1,,WQLS1;WQMS1;WQNS1;WQSS1,no,
WAS2H,20,BGSWORD,weapon,5332,S2,yes,,data/Items.bif,0x001007EF,93DA5B01CFECF6E3533FF02BC74AD0E7967ED6579CF2ADC85614408712906E67,78,78,0x5000;0x5001;0x5002;0x5003;0x5010;0x5011;0x5012;0x5013;0x5100;0x5101;0x5102;0x5103;0x5110;0x5111;0x5112;0x5113;0x5200;0x5201;0x5202;0x5210;0x5211;0x5212;0x5300;0x5301;0x5302;0x5303;0x5310;0x5311;0x5312;0x5313;0x6000;0x6001;0x6002;0x6003;0x6004;0x6005;0x6010;0x6011;0x6012;0x6013;0x6014;0x6015;0x6100;0x6101;0x6102;0x6103;0x6104;0x6105;0x6110;0x6111;0x6112;0x6113;0x6114;0x6115;0x6200;0x6201;0x6202;0x6204;0x6205;0x6210;0x6211;0x6212;0x6214;0x6215;0x6300;0x6301;0x6302;0x6303;0x6304;0x6305;0x6310;0x6311;0x6312;0x6313;0x6314;0x6315;0x6500;0x6510,WQLS2;WQMS2;WQNS2;WQSS2,WQLS2;WQMS2;WQNS2;WQSS2,,WQLS2;WQMS2;WQNS2;WQSS2,no,
WASLING,18,SLING,weapon,534C,SL,yes,,data/Items.bif,0x001007F0,7AD7DA1C1832F9F8AFF9361E78B4B67CFEDC33023DB8572772B0BB7B4BE383AD,78,78,0x5000;0x5001;0x5002;0x5003;0x5010;0x5011;0x5012;0x5013;0x5100;0x5101;0x5102;0x5103;0x5110;0x5111;0x5112;0x5113;0x5200;0x5201;0x5202;0x5210;0x5211;0x5212;0x5300;0x5301;0x5302;0x5303;0x5310;0x5311;0x5312;0x5313;0x6000;0x6001;0x6002;0x6003;0x6004;0x6005;0x6010;0x6011;0x6012;0x6013;0x6014;0x6015;0x6100;0x6101;0x6102;0x6103;0x6104;0x6105;0x6110;0x6111;0x6112;0x6113;0x6114;0x6115;0x6200;0x6201;0x6202;0x6204;0x6205;0x6210;0x6211;0x6212;0x6214;0x6215;0x6300;0x6301;0x6302;0x6303;0x6304;0x6305;0x6310;0x6311;0x6312;0x6313;0x6314;0x6315;0x6500;0x6510,WQLSL;WQMSL;WQNSL;WQSSL,WQLSL;WQMSL;WQNSL;WQSSL,,WQLSL;WQMSL;WQNSL;WQSSL,no,
WASPEAR,29,SPEAR,weapon,5350,SP,yes,,data/Items.bif,0x001007F1,33B88734A1512DC8D316CBB22B65FEDAF6DEA3FFBE3962EC9097FFBB8E3567FA,78,78,0x5000;0x5001;0x5002;0x5003;0x5010;0x5011;0x5012;0x5013;0x5100;0x5101;0x5102;0x5103;0x5110;0x5111;0x5112;0x5113;0x5200;0x5201;0x5202;0x5210;0x5211;0x5212;0x5300;0x5301;0x5302;0x5303;0x5310;0x5311;0x5312;0x5313;0x6000;0x6001;0x6002;0x6003;0x6004;0x6005;0x6010;0x6011;0x6012;0x6013;0x6014;0x6015;0x6100;0x6101;0x6102;0x6103;0x6104;0x6105;0x6110;0x6111;0x6112;0x6113;0x6114;0x6115;0x6200;0x6201;0x6202;0x6204;0x6205;0x6210;0x6211;0x6212;0x6214;0x6215;0x6300;0x6301;0x6302;0x6303;0x6304;0x6305;0x6310;0x6311;0x6312;0x6313;0x6314;0x6315;0x6500;0x6510,WQLSP;WQMSP;WQNSP;WQSSP,WQLSP;WQMSP;WQNSP;WQSSP,,WQLSP;WQMSP;WQNSP;WQSSP,no,
WASTAFF,26,STAFF,weapon,5153,QS,yes,,data/Items.bif,0x001007F2,122AE97AB74F914AF108B90612640EF47623383467071ECDCCC2BE16D62F7386,78,78,0x5000;0x5001;0x5002;0x5003;0x5010;0x5011;0x5012;0x5013;0x5100;0x5101;0x5102;0x5103;0x5110;0x5111;0x5112;0x5113;0x5200;0x5201;0x5202;0x5210;0x5211;0x5212;0x5300;0x5301;0x5302;0x5303;0x5310;0x5311;0x5312;0x5313;0x6000;0x6001;0x6002;0x6003;0x6004;0x6005;0x6010;0x6011;0x6012;0x6013;0x6014;0x6015;0x6100;0x6101;0x6102;0x6103;0x6104;0x6105;0x6110;0x6111;0x6112;0x6113;0x6114;0x6115;0x6200;0x6201;0x6202;0x6204;0x6205;0x6210;0x6211;0x6212;0x6214;0x6215;0x6300;0x6301;0x6302;0x6303;0x6304;0x6305;0x6310;0x6311;0x6312;0x6313;0x6314;0x6315;0x6500;0x6510,WQLQS;WQMQS;WQNQS;WQSQS,WQLQS;WQMQS;WQNQS;WQSQS,,WQLQS;WQMQS;WQNQS;WQSQS,no,
WASTAR,22,MSTAR,weapon,4D53,MS,yes,,data/Items.bif,0x001007F3,D12E84C00C3F139CB9ED85D46BC3204EC556EB4622E36BC88E793D25A470548A,78,78,0x5000;0x5001;0x5002;0x5003;0x5010;0x5011;0x5012;0x5013;0x5100;0x5101;0x5102;0x5103;0x5110;0x5111;0x5112;0x5113;0x5200;0x5201;0x5202;0x5210;0x5211;0x5212;0x5300;0x5301;0x5302;0x5303;0x5310;0x5311;0x5312;0x5313;0x6000;0x6001;0x6002;0x6003;0x6004;0x6005;0x6010;0x6011;0x6012;0x6013;0x6014;0x6015;0x6100;0x6101;0x6102;0x6103;0x6104;0x6105;0x6110;0x6111;0x6112;0x6113;0x6114;0x6115;0x6200;0x6201;0x6202;0x6204;0x6205;0x6210;0x6211;0x6212;0x6214;0x6215;0x6300;0x6301;0x6302;0x6303;0x6304;0x6305;0x6310;0x6311;0x6312;0x6313;0x6314;0x6315;0x6500;0x6510,WQLMS;WQMMS;WQNMS;WQSMS,WQLMS;WQMMS;WQNMS;WQSMS,,WQLMS;WQMMS;WQNMS;WQSMS,no,
WATERELE,0,MISC,,2020,,no,,data/25Items.bif,0x084001D4,81EE817356A2F1F0FBC545FDED8A4B5D1C823DFE1F111399C06E2981DDC1A0B1,0,0,,,,,,no,
WAWAK,19,SMSWORD,weapon,5353,SS,yes,,data/Items.bif,0x001007F4,A523A0BFF8C29CE04D475FEE411BA752A5DB588A4250C54E145AB1FF03DEF439,78,78,0x5000;0x5001;0x5002;0x5003;0x5010;0x5011;0x5012;0x5013;0x5100;0x5101;0x5102;0x5103;0x5110;0x5111;0x5112;0x5113;0x5200;0x5201;0x5202;0x5210;0x5211;0x5212;0x5300;0x5301;0x5302;0x5303;0x5310;0x5311;0x5312;0x5313;0x6000;0x6001;0x6002;0x6003;0x6004;0x6005;0x6010;0x6011;0x6012;0x6013;0x6014;0x6015;0x6100;0x6101;0x6102;0x6103;0x6104;0x6105;0x6110;0x6111;0x6112;0x6113;0x6114;0x6115;0x6200;0x6201;0x6202;0x6204;0x6205;0x6210;0x6211;0x6212;0x6214;0x6215;0x6300;0x6301;0x6302;0x6303;0x6304;0x6305;0x6310;0x6311;0x6312;0x6313;0x6314;0x6315;0x6500;0x6510,WQLSS;WQMSS;WQNSS;WQSSS,WQLSS;WQMSS;WQNSS;WQSSS,,WQLSS;WQMSS;WQNSS;WQSSS,no,
WEREGRDR,0,MISC,,2020,,no,,data/25Items.bif,0x084001D5,F778AC293E54CE42659A8FFFBFFAC45865C63F262B96B2580ECF0EE6901B7FED,0,0,,,,,,no,
WEREWYV,0,MISC,,2020,,no,,data/25Items.bif,0x084001D6,A2E7EDDE2C2DE887EDEE172B636F73329CE6D39E7E97BB4698A9510F32026B3D,0,0,,,,,,no,
WIGHT,0,MISC,,2020,,no,,data/Items.bif,0x001007F5,1028DD4012C4F231E62D60CE6C8889985142C1C55F42107424B572BC1D20287C,0,0,,,,,,no,
WINGS01,7,HELMET,helmet,5A57,ZW,yes,,data/Items.bif,0x001007F6,3805219579375DDD9C72DB47DE2C80050B957625DF0EFF509E3926A12A37577E,78,78,0x5000;0x5001;0x5002;0x5003;0x5010;0x5011;0x5012;0x5013;0x5100;0x5101;0x5102;0x5103;0x5110;0x5111;0x5112;0x5113;0x5200;0x5201;0x5202;0x5210;0x5211;0x5212;0x5300;0x5301;0x5302;0x5303;0x5310;0x5311;0x5312;0x5313;0x6000;0x6001;0x6002;0x6003;0x6004;0x6005;0x6010;0x6011;0x6012;0x6013;0x6014;0x6015;0x6100;0x6101;0x6102;0x6103;0x6104;0x6105;0x6110;0x6111;0x6112;0x6113;0x6114;0x6115;0x6200;0x6201;0x6202;0x6204;0x6205;0x6210;0x6211;0x6212;0x6214;0x6215;0x6300;0x6301;0x6302;0x6303;0x6304;0x6305;0x6310;0x6311;0x6312;0x6313;0x6314;0x6315;0x6500;0x6510,WQLZW;WQMZW;WQNZW;WQSZW,WQLZW;WQMZW;WQNZW;WQSZW,,WQLZW;WQMZW;WQNZW;WQSZW,no,
WINGS01B,7,HELMET,helmet,5957,YW,yes,,data/Items.bif,0x001007F7,AA9A7AEA9988241E148D7CF2B6C77B171BC5A596ACB140BE556087B0C9F4F1B9,78,78,0x5000;0x5001;0x5002;0x5003;0x5010;0x5011;0x5012;0x5013;0x5100;0x5101;0x5102;0x5103;0x5110;0x5111;0x5112;0x5113;0x5200;0x5201;0x5202;0x5210;0x5211;0x5212;0x5300;0x5301;0x5302;0x5303;0x5310;0x5311;0x5312;0x5313;0x6000;0x6001;0x6002;0x6003;0x6004;0x6005;0x6010;0x6011;0x6012;0x6013;0x6014;0x6015;0x6100;0x6101;0x6102;0x6103;0x6104;0x6105;0x6110;0x6111;0x6112;0x6113;0x6114;0x6115;0x6200;0x6201;0x6202;0x6204;0x6205;0x6210;0x6211;0x6212;0x6214;0x6215;0x6300;0x6301;0x6302;0x6303;0x6304;0x6305;0x6310;0x6311;0x6312;0x6313;0x6314;0x6315;0x6500;0x6510,WQLYW;WQMYW;WQNYW;WQSYW,,WQLYW;WQMYW;WQNYW;WQSYW,,no,no-pipeline-ready-family
WISHSCRL,37,BROKEN2,,2020,,no,,data/Items.bif,0x001007F8,EC15346D82109B832BCBBC4478D5ED35B4BCB7E4702FD8417DAF73A24D8C7D72,0,0,,,,,,no,
WOLFDI,0,MISC,,2020,,no,,data/Items.bif,0x001007F9,4911842891E5A8395E037A0C775355691BF00AFB50A63A77D9112DBB1C33F606,0,0,,,,,,no,
WOLFDR,0,MISC,,2020,,no,,data/Items.bif,0x001007FA,227E2C40CCDC31A1A20C38B5446B310BC9CB9010AC1D8C74799603B866360366,0,0,,,,,,no,
WOLFGR,0,MISC,,2020,,no,,data/Items.bif,0x001007FB,0541F8EF43E4AAEFF826641AB8EC481B3053683D5412CEC9163B0DFD32017771,0,0,,,,,,no,
WOLFGRW,0,MISC,,2020,,no,,data/Items.bif,0x001007FC,16451F4D0D7FE45A899C688E9335ADD242DE892C02A4CE27574E1D3C1A1E8514,0,0,,,,,,no,
WOLFM,28,FIST,weapon,4836,H6,yes,,data/Items.bif,0x001007FD,965F74CDE0575071A95B602E006EABDC1E8EA000AA50879FEC2DB46B11FF12C6,78,78,0x5000;0x5001;0x5002;0x5003;0x5010;0x5011;0x5012;0x5013;0x5100;0x5101;0x5102;0x5103;0x5110;0x5111;0x5112;0x5113;0x5200;0x5201;0x5202;0x5210;0x5211;0x5212;0x5300;0x5301;0x5302;0x5303;0x5310;0x5311;0x5312;0x5313;0x6000;0x6001;0x6002;0x6003;0x6004;0x6005;0x6010;0x6011;0x6012;0x6013;0x6014;0x6015;0x6100;0x6101;0x6102;0x6103;0x6104;0x6105;0x6110;0x6111;0x6112;0x6113;0x6114;0x6115;0x6200;0x6201;0x6202;0x6204;0x6205;0x6210;0x6211;0x6212;0x6214;0x6215;0x6300;0x6301;0x6302;0x6303;0x6304;0x6305;0x6310;0x6311;0x6312;0x6313;0x6314;0x6315;0x6500;0x6510,WQLH6;WQMH6;WQNH6;WQSH6,WQLH6;WQMH6;WQNH6;WQSH6,,WQLH6;WQMH6;WQNH6;WQSH6,no,
WOLFSPIR,28,FIST,weapon,4836,H6,yes,,data/Items.bif,0x001007FE,122C18A8EE415B64C4B7326AC6597F3168F562E3D0F1D15580295603BB8CE2B4,78,78,0x5000;0x5001;0x5002;0x5003;0x5010;0x5011;0x5012;0x5013;0x5100;0x5101;0x5102;0x5103;0x5110;0x5111;0x5112;0x5113;0x5200;0x5201;0x5202;0x5210;0x5211;0x5212;0x5300;0x5301;0x5302;0x5303;0x5310;0x5311;0x5312;0x5313;0x6000;0x6001;0x6002;0x6003;0x6004;0x6005;0x6010;0x6011;0x6012;0x6013;0x6014;0x6015;0x6100;0x6101;0x6102;0x6103;0x6104;0x6105;0x6110;0x6111;0x6112;0x6113;0x6114;0x6115;0x6200;0x6201;0x6202;0x6204;0x6205;0x6210;0x6211;0x6212;0x6214;0x6215;0x6300;0x6301;0x6302;0x6303;0x6304;0x6305;0x6310;0x6311;0x6312;0x6313;0x6314;0x6315;0x6500;0x6510,WQLH6;WQMH6;WQNH6;WQSH6,WQLH6;WQMH6;WQNH6;WQSH6,,WQLH6;WQMH6;WQNH6;WQSH6,no,
WOLFVA1,0,MISC,,2020,,no,,data/Items.bif,0x001007FF,71734DA9E422234EC9C166F2FCFAE3C0BCC3602D5E0FDB8966E7A4F3EAA6BD2D,0,0,,,,,,no,
WOLFWI1,0,MISC,,2020,,no,,data/Items.bif,0x00100800,87DB0352E7882822BAE4C278FCB9536BB7C11E60CCE131A86A0736E290828BF3,0,0,,,,,,no,
WOLFWI2,0,MISC,,2020,,no,,data/Items.bif,0x00100801,37F9DF35B580406B6DD18F9ECCF7AE8CE22D74CF17BC7B431C117FE9DEE4CB5D,0,0,,,,,,no,
WRAITH1,0,MISC,,2020,,no,,data/Items.bif,0x00100802,DAC8C0AFEBD29B9220779E18EA05335B76ACE4417975F5D8404FF3A59C255568,0,0,,,,,,no,
WSWOLF,28,FIST,weapon,4836,H6,yes,,data/patch13.bif,0x0BC000BD,51205F240937D0EB40E842D2D802E653B96D0BF75A8FCFA572F983C9B7FF7FBA,78,78,0x5000;0x5001;0x5002;0x5003;0x5010;0x5011;0x5012;0x5013;0x5100;0x5101;0x5102;0x5103;0x5110;0x5111;0x5112;0x5113;0x5200;0x5201;0x5202;0x5210;0x5211;0x5212;0x5300;0x5301;0x5302;0x5303;0x5310;0x5311;0x5312;0x5313;0x6000;0x6001;0x6002;0x6003;0x6004;0x6005;0x6010;0x6011;0x6012;0x6013;0x6014;0x6015;0x6100;0x6101;0x6102;0x6103;0x6104;0x6105;0x6110;0x6111;0x6112;0x6113;0x6114;0x6115;0x6200;0x6201;0x6202;0x6204;0x6205;0x6210;0x6211;0x6212;0x6214;0x6215;0x6300;0x6301;0x6302;0x6303;0x6304;0x6305;0x6310;0x6311;0x6312;0x6313;0x6314;0x6315;0x6500;0x6510,WQLH6;WQMH6;WQNH6;WQSH6,WQLH6;WQMH6;WQNH6;WQSH6,,WQLH6;WQMH6;WQNH6;WQSH6,no,
WYVERN,28,FIST,weapon,2020,,no,,data/Items.bif,0x00100803,72C9D0B05E1ADCE91D236F4C3C1079AEF03476CABA5C5A6ECED4DDC620FD99C9,0,0,,,,,,no,no-compatible-character-family;visual-animation-code-invalid
WYVERN1,0,MISC,,2020,,no,,data/Items.bif,0x00100804,4A62EE07CE411B113E608E0117C9E1B6A68DC191DEE1C66DF1F4C13335CE1C88,0,0,,,,,,no,
WYVERN2,0,MISC,,2020,,no,,data/Items.bif,0x00100805,B48542E25369DD3BAE44C3F3E86493103ED72D46339B9FFA3470F546546D5760,0,0,,,,,,no,
XBOW01,27,XBOW,weapon,4342,CB,yes,,data/Items.bif,0x00100806,545616C8B9E2FB4A14200860F6CD255A71C7F784027137586A89AB409FE31E24,78,78,0x5000;0x5001;0x5002;0x5003;0x5010;0x5011;0x5012;0x5013;0x5100;0x5101;0x5102;0x5103;0x5110;0x5111;0x5112;0x5113;0x5200;0x5201;0x5202;0x5210;0x5211;0x5212;0x5300;0x5301;0x5302;0x5303;0x5310;0x5311;0x5312;0x5313;0x6000;0x6001;0x6002;0x6003;0x6004;0x6005;0x6010;0x6011;0x6012;0x6013;0x6014;0x6015;0x6100;0x6101;0x6102;0x6103;0x6104;0x6105;0x6110;0x6111;0x6112;0x6113;0x6114;0x6115;0x6200;0x6201;0x6202;0x6204;0x6205;0x6210;0x6211;0x6212;0x6214;0x6215;0x6300;0x6301;0x6302;0x6303;0x6304;0x6305;0x6310;0x6311;0x6312;0x6313;0x6314;0x6315;0x6500;0x6510,WQLCB;WQMCB;WQNCB;WQSCB,WQLCB;WQMCB;WQNCB;WQSCB,,WQLCB;WQMCB;WQNCB;WQSCB,no,
XBOW02,27,XBOW,weapon,4342,CB,yes,,data/Items.bif,0x00100807,EE3AC3874A02781CFF73443C5C753630BD6542B6F3196A20F33EB28E23FF601C,78,78,0x5000;0x5001;0x5002;0x5003;0x5010;0x5011;0x5012;0x5013;0x5100;0x5101;0x5102;0x5103;0x5110;0x5111;0x5112;0x5113;0x5200;0x5201;0x5202;0x5210;0x5211;0x5212;0x5300;0x5301;0x5302;0x5303;0x5310;0x5311;0x5312;0x5313;0x6000;0x6001;0x6002;0x6003;0x6004;0x6005;0x6010;0x6011;0x6012;0x6013;0x6014;0x6015;0x6100;0x6101;0x6102;0x6103;0x6104;0x6105;0x6110;0x6111;0x6112;0x6113;0x6114;0x6115;0x6200;0x6201;0x6202;0x6204;0x6205;0x6210;0x6211;0x6212;0x6214;0x6215;0x6300;0x6301;0x6302;0x6303;0x6304;0x6305;0x6310;0x6311;0x6312;0x6313;0x6314;0x6315;0x6500;0x6510,WQLCB;WQMCB;WQNCB;WQSCB,WQLCB;WQMCB;WQNCB;WQSCB,,WQLCB;WQMCB;WQNCB;WQSCB,no,
XBOW03,27,XBOW,weapon,4342,CB,yes,,data/Items.bif,0x00100808,FD14A6834E2E68FD61083F24983D404B148125E887C2A93DB30FEEBFD668F52C,78,78,0x5000;0x5001;0x5002;0x5003;0x5010;0x5011;0x5012;0x5013;0x5100;0x5101;0x5102;0x5103;0x5110;0x5111;0x5112;0x5113;0x5200;0x5201;0x5202;0x5210;0x5211;0x5212;0x5300;0x5301;0x5302;0x5303;0x5310;0x5311;0x5312;0x5313;0x6000;0x6001;0x6002;0x6003;0x6004;0x6005;0x6010;0x6011;0x6012;0x6013;0x6014;0x6015;0x6100;0x6101;0x6102;0x6103;0x6104;0x6105;0x6110;0x6111;0x6112;0x6113;0x6114;0x6115;0x6200;0x6201;0x6202;0x6204;0x6205;0x6210;0x6211;0x6212;0x6214;0x6215;0x6300;0x6301;0x6302;0x6303;0x6304;0x6305;0x6310;0x6311;0x6312;0x6313;0x6314;0x6315;0x6500;0x6510,WQLCB;WQMCB;WQNCB;WQSCB,WQLCB;WQMCB;WQNCB;WQSCB,,WQLCB;WQMCB;WQNCB;WQSCB,no,
XBOW04,27,XBOW,weapon,4342,CB,yes,,data/Items.bif,0x00100809,BBA9D8939D2E37FC6867F5E56D1A74B8922109F6CE599CD45E446EFE5E45031F,78,78,0x5000;0x5001;0x5002;0x5003;0x5010;0x5011;0x5012;0x5013;0x5100;0x5101;0x5102;0x5103;0x5110;0x5111;0x5112;0x5113;0x5200;0x5201;0x5202;0x5210;0x5211;0x5212;0x5300;0x5301;0x5302;0x5303;0x5310;0x5311;0x5312;0x5313;0x6000;0x6001;0x6002;0x6003;0x6004;0x6005;0x6010;0x6011;0x6012;0x6013;0x6014;0x6015;0x6100;0x6101;0x6102;0x6103;0x6104;0x6105;0x6110;0x6111;0x6112;0x6113;0x6114;0x6115;0x6200;0x6201;0x6202;0x6204;0x6205;0x6210;0x6211;0x6212;0x6214;0x6215;0x6300;0x6301;0x6302;0x6303;0x6304;0x6305;0x6310;0x6311;0x6312;0x6313;0x6314;0x6315;0x6500;0x6510,WQLCB;WQMCB;WQNCB;WQSCB,WQLCB;WQMCB;WQNCB;WQSCB,,WQLCB;WQMCB;WQNCB;WQSCB,no,
XBOW05,27,XBOW,weapon,4342,CB,yes,,data/Items.bif,0x0010080A,20A6E7BDC9590458056E780F4D1F1D3C9479F3595C7625B260855FF8232498D0,78,78,0x5000;0x5001;0x5002;0x5003;0x5010;0x5011;0x5012;0x5013;0x5100;0x5101;0x5102;0x5103;0x5110;0x5111;0x5112;0x5113;0x5200;0x5201;0x5202;0x5210;0x5211;0x5212;0x5300;0x5301;0x5302;0x5303;0x5310;0x5311;0x5312;0x5313;0x6000;0x6001;0x6002;0x6003;0x6004;0x6005;0x6010;0x6011;0x6012;0x6013;0x6014;0x6015;0x6100;0x6101;0x6102;0x6103;0x6104;0x6105;0x6110;0x6111;0x6112;0x6113;0x6114;0x6115;0x6200;0x6201;0x6202;0x6204;0x6205;0x6210;0x6211;0x6212;0x6214;0x6215;0x6300;0x6301;0x6302;0x6303;0x6304;0x6305;0x6310;0x6311;0x6312;0x6313;0x6314;0x6315;0x6500;0x6510,WQLCB;WQMCB;WQNCB;WQSCB,WQLCB;WQMCB;WQNCB;WQSCB,,WQLCB;WQMCB;WQNCB;WQSCB,no,
XBOW06,27,XBOW,weapon,4342,CB,yes,,data/Items.bif,0x0010080B,B91C6669D9E5602C7EA4F84820B8E6C641B70F8E7A702A3017459D814036E84E,78,78,0x5000;0x5001;0x5002;0x5003;0x5010;0x5011;0x5012;0x5013;0x5100;0x5101;0x5102;0x5103;0x5110;0x5111;0x5112;0x5113;0x5200;0x5201;0x5202;0x5210;0x5211;0x5212;0x5300;0x5301;0x5302;0x5303;0x5310;0x5311;0x5312;0x5313;0x6000;0x6001;0x6002;0x6003;0x6004;0x6005;0x6010;0x6011;0x6012;0x6013;0x6014;0x6015;0x6100;0x6101;0x6102;0x6103;0x6104;0x6105;0x6110;0x6111;0x6112;0x6113;0x6114;0x6115;0x6200;0x6201;0x6202;0x6204;0x6205;0x6210;0x6211;0x6212;0x6214;0x6215;0x6300;0x6301;0x6302;0x6303;0x6304;0x6305;0x6310;0x6311;0x6312;0x6313;0x6314;0x6315;0x6500;0x6510,WQLCB;WQMCB;WQNCB;WQSCB,WQLCB;WQMCB;WQNCB;WQSCB,,WQLCB;WQMCB;WQNCB;WQSCB,no,
XBOW07,27,XBOW,weapon,4342,CB,yes,,data/Items.bif,0x0010080C,72FA18617C84600F3B051A41F22F4D91FB1A5F4BAC715B452D488775BF46F859,78,78,0x5000;0x5001;0x5002;0x5003;0x5010;0x5011;0x5012;0x5013;0x5100;0x5101;0x5102;0x5103;0x5110;0x5111;0x5112;0x5113;0x5200;0x5201;0x5202;0x5210;0x5211;0x5212;0x5300;0x5301;0x5302;0x5303;0x5310;0x5311;0x5312;0x5313;0x6000;0x6001;0x6002;0x6003;0x6004;0x6005;0x6010;0x6011;0x6012;0x6013;0x6014;0x6015;0x6100;0x6101;0x6102;0x6103;0x6104;0x6105;0x6110;0x6111;0x6112;0x6113;0x6114;0x6115;0x6200;0x6201;0x6202;0x6204;0x6205;0x6210;0x6211;0x6212;0x6214;0x6215;0x6300;0x6301;0x6302;0x6303;0x6304;0x6305;0x6310;0x6311;0x6312;0x6313;0x6314;0x6315;0x6500;0x6510,WQLCB;WQMCB;WQNCB;WQSCB,WQLCB;WQMCB;WQNCB;WQSCB,,WQLCB;WQMCB;WQNCB;WQSCB,no,
XBOW08,27,XBOW,weapon,4342,CB,yes,,data/Items.bif,0x0010080D,30C3620E49F03403197DFB2722C93DB812BDC55051D04E1D7AC521D4E15426F3,78,78,0x5000;0x5001;0x5002;0x5003;0x5010;0x5011;0x5012;0x5013;0x5100;0x5101;0x5102;0x5103;0x5110;0x5111;0x5112;0x5113;0x5200;0x5201;0x5202;0x5210;0x5211;0x5212;0x5300;0x5301;0x5302;0x5303;0x5310;0x5311;0x5312;0x5313;0x6000;0x6001;0x6002;0x6003;0x6004;0x6005;0x6010;0x6011;0x6012;0x6013;0x6014;0x6015;0x6100;0x6101;0x6102;0x6103;0x6104;0x6105;0x6110;0x6111;0x6112;0x6113;0x6114;0x6115;0x6200;0x6201;0x6202;0x6204;0x6205;0x6210;0x6211;0x6212;0x6214;0x6215;0x6300;0x6301;0x6302;0x6303;0x6304;0x6305;0x6310;0x6311;0x6312;0x6313;0x6314;0x6315;0x6500;0x6510,WQLCB;WQMCB;WQNCB;WQSCB,WQLCB;WQMCB;WQNCB;WQSCB,,WQLCB;WQMCB;WQNCB;WQSCB,no,
XBOW09,27,XBOW,weapon,4342,CB,yes,,data/Items.bif,0x0010080E,E7EDC5B3655EA13ADF3579E101AC2B7163EB4D05C7376E8835C48353EF6443B5,78,78,0x5000;0x5001;0x5002;0x5003;0x5010;0x5011;0x5012;0x5013;0x5100;0x5101;0x5102;0x5103;0x5110;0x5111;0x5112;0x5113;0x5200;0x5201;0x5202;0x5210;0x5211;0x5212;0x5300;0x5301;0x5302;0x5303;0x5310;0x5311;0x5312;0x5313;0x6000;0x6001;0x6002;0x6003;0x6004;0x6005;0x6010;0x6011;0x6012;0x6013;0x6014;0x6015;0x6100;0x6101;0x6102;0x6103;0x6104;0x6105;0x6110;0x6111;0x6112;0x6113;0x6114;0x6115;0x6200;0x6201;0x6202;0x6204;0x6205;0x6210;0x6211;0x6212;0x6214;0x6215;0x6300;0x6301;0x6302;0x6303;0x6304;0x6305;0x6310;0x6311;0x6312;0x6313;0x6314;0x6315;0x6500;0x6510,WQLCB;WQMCB;WQNCB;WQSCB,WQLCB;WQMCB;WQNCB;WQSCB,,WQLCB;WQMCB;WQNCB;WQSCB,no,
XBOW10,27,XBOW,weapon,4342,CB,yes,,data/Items.bif,0x0010080F,565E38F867C8D6D999B22ED13B97846C18F83161D3ECA1AD8E1C148654457168,78,78,0x5000;0x5001;0x5002;0x5003;0x5010;0x5011;0x5012;0x5013;0x5100;0x5101;0x5102;0x5103;0x5110;0x5111;0x5112;0x5113;0x5200;0x5201;0x5202;0x5210;0x5211;0x5212;0x5300;0x5301;0x5302;0x5303;0x5310;0x5311;0x5312;0x5313;0x6000;0x6001;0x6002;0x6003;0x6004;0x6005;0x6010;0x6011;0x6012;0x6013;0x6014;0x6015;0x6100;0x6101;0x6102;0x6103;0x6104;0x6105;0x6110;0x6111;0x6112;0x6113;0x6114;0x6115;0x6200;0x6201;0x6202;0x6204;0x6205;0x6210;0x6211;0x6212;0x6214;0x6215;0x6300;0x6301;0x6302;0x6303;0x6304;0x6305;0x6310;0x6311;0x6312;0x6313;0x6314;0x6315;0x6500;0x6510,WQLCB;WQMCB;WQNCB;WQSCB,WQLCB;WQMCB;WQNCB;WQSCB,,WQLCB;WQMCB;WQNCB;WQSCB,no,
XBOW12,27,XBOW,weapon,4342,CB,yes,,data/Items.bif,0x00100810,3EA8D7D7667789BBC417B92E58DFB0378E28F71F2A2B65790CE5F89422127528,78,78,0x5000;0x5001;0x5002;0x5003;0x5010;0x5011;0x5012;0x5013;0x5100;0x5101;0x5102;0x5103;0x5110;0x5111;0x5112;0x5113;0x5200;0x5201;0x5202;0x5210;0x5211;0x5212;0x5300;0x5301;0x5302;0x5303;0x5310;0x5311;0x5312;0x5313;0x6000;0x6001;0x6002;0x6003;0x6004;0x6005;0x6010;0x6011;0x6012;0x6013;0x6014;0x6015;0x6100;0x6101;0x6102;0x6103;0x6104;0x6105;0x6110;0x6111;0x6112;0x6113;0x6114;0x6115;0x6200;0x6201;0x6202;0x6204;0x6205;0x6210;0x6211;0x6212;0x6214;0x6215;0x6300;0x6301;0x6302;0x6303;0x6304;0x6305;0x6310;0x6311;0x6312;0x6313;0x6314;0x6315;0x6500;0x6510,WQLCB;WQMCB;WQNCB;WQSCB,WQLCB;WQMCB;WQNCB;WQSCB,,WQLCB;WQMCB;WQNCB;WQSCB,no,
XBOW13,27,XBOW,weapon,4342,CB,yes,,data/Items.bif,0x00100811,FCBC91EA75C1E5454F330F1C382E5F07C890C270B8C4530FD9C1FB95102C7917,78,78,0x5000;0x5001;0x5002;0x5003;0x5010;0x5011;0x5012;0x5013;0x5100;0x5101;0x5102;0x5103;0x5110;0x5111;0x5112;0x5113;0x5200;0x5201;0x5202;0x5210;0x5211;0x5212;0x5300;0x5301;0x5302;0x5303;0x5310;0x5311;0x5312;0x5313;0x6000;0x6001;0x6002;0x6003;0x6004;0x6005;0x6010;0x6011;0x6012;0x6013;0x6014;0x6015;0x6100;0x6101;0x6102;0x6103;0x6104;0x6105;0x6110;0x6111;0x6112;0x6113;0x6114;0x6115;0x6200;0x6201;0x6202;0x6204;0x6205;0x6210;0x6211;0x6212;0x6214;0x6215;0x6300;0x6301;0x6302;0x6303;0x6304;0x6305;0x6310;0x6311;0x6312;0x6313;0x6314;0x6315;0x6500;0x6510,WQLCB;WQMCB;WQNCB;WQSCB,WQLCB;WQMCB;WQNCB;WQSCB,,WQLCB;WQMCB;WQNCB;WQSCB,no,
XBOW14,27,XBOW,weapon,4342,CB,yes,,data/Items.bif,0x00100812,ABCA7E2521D47322EF63A5E035AC2D6430EA317B9650300E36BA3E8580569F10,78,78,0x5000;0x5001;0x5002;0x5003;0x5010;0x5011;0x5012;0x5013;0x5100;0x5101;0x5102;0x5103;0x5110;0x5111;0x5112;0x5113;0x5200;0x5201;0x5202;0x5210;0x5211;0x5212;0x5300;0x5301;0x5302;0x5303;0x5310;0x5311;0x5312;0x5313;0x6000;0x6001;0x6002;0x6003;0x6004;0x6005;0x6010;0x6011;0x6012;0x6013;0x6014;0x6015;0x6100;0x6101;0x6102;0x6103;0x6104;0x6105;0x6110;0x6111;0x6112;0x6113;0x6114;0x6115;0x6200;0x6201;0x6202;0x6204;0x6205;0x6210;0x6211;0x6212;0x6214;0x6215;0x6300;0x6301;0x6302;0x6303;0x6304;0x6305;0x6310;0x6311;0x6312;0x6313;0x6314;0x6315;0x6500;0x6510,WQLCB;WQMCB;WQNCB;WQSCB,WQLCB;WQMCB;WQNCB;WQSCB,,WQLCB;WQMCB;WQNCB;WQSCB,no,
XBOW15,27,XBOW,weapon,4342,CB,yes,,data/25Items.bif,0x084001D7,0D3CA43F6A8A275B4137F0EE6997CBEAD9609B94658C71A6C8C84108475F7A7E,78,78,0x5000;0x5001;0x5002;0x5003;0x5010;0x5011;0x5012;0x5013;0x5100;0x5101;0x5102;0x5103;0x5110;0x5111;0x5112;0x5113;0x5200;0x5201;0x5202;0x5210;0x5211;0x5212;0x5300;0x5301;0x5302;0x5303;0x5310;0x5311;0x5312;0x5313;0x6000;0x6001;0x6002;0x6003;0x6004;0x6005;0x6010;0x6011;0x6012;0x6013;0x6014;0x6015;0x6100;0x6101;0x6102;0x6103;0x6104;0x6105;0x6110;0x6111;0x6112;0x6113;0x6114;0x6115;0x6200;0x6201;0x6202;0x6204;0x6205;0x6210;0x6211;0x6212;0x6214;0x6215;0x6300;0x6301;0x6302;0x6303;0x6304;0x6305;0x6310;0x6311;0x6312;0x6313;0x6314;0x6315;0x6500;0x6510,WQLCB;WQMCB;WQNCB;WQSCB,WQLCB;WQMCB;WQNCB;WQSCB,,WQLCB;WQMCB;WQNCB;WQSCB,no,
XBOW16,27,XBOW,weapon,4342,CB,yes,,data/25Items.bif,0x084001D8,221EED29E12EA79DA23D02B9737680B8C1CCBC2C758BF5FDA5219F348249A618,78,78,0x5000;0x5001;0x5002;0x5003;0x5010;0x5011;0x5012;0x5013;0x5100;0x5101;0x5102;0x5103;0x5110;0x5111;0x5112;0x5113;0x5200;0x5201;0x5202;0x5210;0x5211;0x5212;0x5300;0x5301;0x5302;0x5303;0x5310;0x5311;0x5312;0x5313;0x6000;0x6001;0x6002;0x6003;0x6004;0x6005;0x6010;0x6011;0x6012;0x6013;0x6014;0x6015;0x6100;0x6101;0x6102;0x6103;0x6104;0x6105;0x6110;0x6111;0x6112;0x6113;0x6114;0x6115;0x6200;0x6201;0x6202;0x6204;0x6205;0x6210;0x6211;0x6212;0x6214;0x6215;0x6300;0x6301;0x6302;0x6303;0x6304;0x6305;0x6310;0x6311;0x6312;0x6313;0x6314;0x6315;0x6500;0x6510,WQLCB;WQMCB;WQNCB;WQSCB,WQLCB;WQMCB;WQNCB;WQSCB,,WQLCB;WQMCB;WQNCB;WQSCB,no,
XBOW17,27,XBOW,weapon,4342,CB,yes,,data/25Items.bif,0x084001D9,8CAB472A586EEAD8A796576AFEC1F36853572FFC26DA5223510EBE8DE8F03645,78,78,0x5000;0x5001;0x5002;0x5003;0x5010;0x5011;0x5012;0x5013;0x5100;0x5101;0x5102;0x5103;0x5110;0x5111;0x5112;0x5113;0x5200;0x5201;0x5202;0x5210;0x5211;0x5212;0x5300;0x5301;0x5302;0x5303;0x5310;0x5311;0x5312;0x5313;0x6000;0x6001;0x6002;0x6003;0x6004;0x6005;0x6010;0x6011;0x6012;0x6013;0x6014;0x6015;0x6100;0x6101;0x6102;0x6103;0x6104;0x6105;0x6110;0x6111;0x6112;0x6113;0x6114;0x6115;0x6200;0x6201;0x6202;0x6204;0x6205;0x6210;0x6211;0x6212;0x6214;0x6215;0x6300;0x6301;0x6302;0x6303;0x6304;0x6305;0x6310;0x6311;0x6312;0x6313;0x6314;0x6315;0x6500;0x6510,WQLCB;WQMCB;WQNCB;WQSCB,WQLCB;WQMCB;WQNCB;WQSCB,,WQLCB;WQMCB;WQNCB;WQSCB,no,
XBOW18,27,XBOW,weapon,4342,CB,yes,,data/25Items.bif,0x084001DA,60CAEE909FBFF2B90EB0927120BF472B58EF5A9759B664E0F931D813BBCC737F,78,78,0x5000;0x5001;0x5002;0x5003;0x5010;0x5011;0x5012;0x5013;0x5100;0x5101;0x5102;0x5103;0x5110;0x5111;0x5112;0x5113;0x5200;0x5201;0x5202;0x5210;0x5211;0x5212;0x5300;0x5301;0x5302;0x5303;0x5310;0x5311;0x5312;0x5313;0x6000;0x6001;0x6002;0x6003;0x6004;0x6005;0x6010;0x6011;0x6012;0x6013;0x6014;0x6015;0x6100;0x6101;0x6102;0x6103;0x6104;0x6105;0x6110;0x6111;0x6112;0x6113;0x6114;0x6115;0x6200;0x6201;0x6202;0x6204;0x6205;0x6210;0x6211;0x6212;0x6214;0x6215;0x6300;0x6301;0x6302;0x6303;0x6304;0x6305;0x6310;0x6311;0x6312;0x6313;0x6314;0x6315;0x6500;0x6510,WQLCB;WQMCB;WQNCB;WQSCB,WQLCB;WQMCB;WQNCB;WQSCB,,WQLCB;WQMCB;WQNCB;WQSCB,no,
XVARTIL,19,SMSWORD,weapon,5353,SS,yes,,data/Items.bif,0x00100813,32C666F49ECF3645F0803C9906C9D7F384A046F68808407C180857A7F4C4CB21,78,78,0x5000;0x5001;0x5002;0x5003;0x5010;0x5011;0x5012;0x5013;0x5100;0x5101;0x5102;0x5103;0x5110;0x5111;0x5112;0x5113;0x5200;0x5201;0x5202;0x5210;0x5211;0x5212;0x5300;0x5301;0x5302;0x5303;0x5310;0x5311;0x5312;0x5313;0x6000;0x6001;0x6002;0x6003;0x6004;0x6005;0x6010;0x6011;0x6012;0x6013;0x6014;0x6015;0x6100;0x6101;0x6102;0x6103;0x6104;0x6105;0x6110;0x6111;0x6112;0x6113;0x6114;0x6115;0x6200;0x6201;0x6202;0x6204;0x6205;0x6210;0x6211;0x6212;0x6214;0x6215;0x6300;0x6301;0x6302;0x6303;0x6304;0x6305;0x6310;0x6311;0x6312;0x6313;0x6314;0x6315;0x6500;0x6510,WQLSS;WQMSS;WQNSS;WQSSS,WQLSS;WQMSS;WQNSS;WQSSS,,WQLSS;WQMSS;WQNSS;WQSSS,no,
XZARCLCK,2,ARMOR,body,3457,4W,yes,4,data/Items.bif,0x00100814,FDDC565D4B0A2DB378961A084A0F05D02BE1706B06C4E33CBD6FD19D894C069D,76,76,0x5000;0x5001;0x5002;0x5003;0x5010;0x5011;0x5012;0x5013;0x5100;0x5101;0x5102;0x5103;0x5110;0x5111;0x5112;0x5113;0x5200;0x5201;0x5202;0x5210;0x5211;0x5212;0x5300;0x5301;0x5302;0x5303;0x5310;0x5311;0x5312;0x5313;0x6000;0x6001;0x6002;0x6003;0x6004;0x6005;0x6010;0x6011;0x6012;0x6013;0x6014;0x6015;0x6100;0x6101;0x6102;0x6103;0x6104;0x6105;0x6110;0x6111;0x6112;0x6113;0x6114;0x6115;0x6200;0x6201;0x6202;0x6204;0x6205;0x6210;0x6211;0x6212;0x6214;0x6215;0x6300;0x6301;0x6302;0x6303;0x6304;0x6305;0x6310;0x6311;0x6312;0x6313;0x6314;0x6315,CDFC4;CDFF4;CDFT4;CDFW4;CDMC4;CDMF4;CDMT4;CDMW4;CEFC4;CEFF4;CEFT4;CEFW4;CEMC4;CEMF4;CEMT4;CEMW4;CHFC4;CHFF4;CHFT4;CHFW4;CHMC4;CHMF4;CHMT4;CHMW4;CIFC4;CIFF4;CIFT4;CIMC4;CIMF4;CIMT4,CDFC4;CDFF4;CDFT4;CDFW4;CDMC4;CDMF4;CDMT4;CDMW4;CEFC4;CEFF4;CEFT4;CEFW4;CEMC4;CEMF4;CEMT4;CEMW4;CHFC4;CHFF4;CHFT4;CHFW4;CHMC4;CHMF4;CHMT4;CHMW4;CIFC4;CIFF4;CIFT4;CIMC4;CIMF4;CIMT4,,CDFC4;CDFF4;CDFT4;CDFW4;CDMC4;CDMF4;CDMT4;CDMW4;CEFC4;CEFF4;CEFT4;CEFW4;CEMC4;CEMF4;CEMT4;CEMW4;CHFC4;CHFF4;CHFT4;CHFW4;CHMC4;CHMF4;CHMT4;CHMW4;CIFC4;CIFF4;CIFT4;CIMC4;CIMF4;CIMT4,no,
ZOMSEA,19,SMSWORD,weapon,5353,SS,yes,,data/Items.bif,0x00100815,EA87CD217B9FB9CE63F1897D53076BFC656B35166646858AF3E9AADB78DD1F50,78,78,0x5000;0x5001;0x5002;0x5003;0x5010;0x5011;0x5012;0x5013;0x5100;0x5101;0x5102;0x5103;0x5110;0x5111;0x5112;0x5113;0x5200;0x5201;0x5202;0x5210;0x5211;0x5212;0x5300;0x5301;0x5302;0x5303;0x5310;0x5311;0x5312;0x5313;0x6000;0x6001;0x6002;0x6003;0x6004;0x6005;0x6010;0x6011;0x6012;0x6013;0x6014;0x6015;0x6100;0x6101;0x6102;0x6103;0x6104;0x6105;0x6110;0x6111;0x6112;0x6113;0x6114;0x6115;0x6200;0x6201;0x6202;0x6204;0x6205;0x6210;0x6211;0x6212;0x6214;0x6215;0x6300;0x6301;0x6302;0x6303;0x6304;0x6305;0x6310;0x6311;0x6312;0x6313;0x6314;0x6315;0x6500;0x6510,WQLSS;WQMSS;WQNSS;WQSSS,WQLSS;WQMSS;WQNSS;WQSSS,,WQLSS;WQMSS;WQNSS;WQSSS,no,
