asset_key,resref,family,usage_count,owner_count
icon:1AMUL07B,1AMUL07B,item-inventory,1,1
icon:1BAND05,1BAND05,item-inventory,2,2
icon:1BAND06,1BAND06,item-inventory,1,1
icon:1BOLTS02,1BOLTS02,item-inventory,1,1
icon:1CBAND05,1CBAND05,item-description,2,2
icon:1CBAND06,1CBAND06,item-description,1,1
icon:1CHELM01,1CHELM01,item-description,1,1
icon:1CHELM03,1CHELM03,item-description,2,2
icon:1CHELM11,1CHELM11,item-description,1,1
icon:1CHELM17,1CHELM17,item-description,1,1
icon:1CHELM18,1CHELM18,item-description,2,2
icon:1CHELM20,1CHELM20,item-description,1,1
icon:1CHELM21,1CHELM21,item-description,2,2
icon:1CHELMX2,1CHELMX2,item-description,1,1
icon:1CHELMX3,1CHELMX3,item-description,1,1
icon:1CHELMX4,1CHELMX4,item-description,1,1
icon:1CHELMX6,1CHELMX6,item-description,2,2
icon:1CLCK07B,1CLCK07B,item-inventory,1,1
icon:1CLCK27B,1CLCK27B,item-inventory,1,1
icon:1CSHLDB1,1CSHLDB1,item-description,6,6
icon:1CSHLDL1,1CSHLDL1,item-description,1,1
icon:1CSHLDL2,1CSHLDL2,item-description,1,1
icon:1CSHLDL3,1CSHLDL3,item-description,1,1
icon:1CSHLDM2,1CSHLDM2,item-description,1,1
icon:1CSTAFM,1CSTAFM,item-description,1,1
icon:1GSTAFGS,1GSTAFGS,item-ground,3,3
icon:1HELM01,1HELM01,item-inventory,1,1
icon:1HELM02,1HELM02,item-inventory,1,1
icon:1HELM03,1HELM03,item-inventory,1,1
icon:1HELM05,1HELM05,item-inventory,1,1
icon:1HELM07,1HELM07,item-inventory,2,2
icon:1HELM08,1HELM08,item-inventory,1,1
icon:1HELM12,1HELM12,item-inventory,1,1
icon:1HELM15,1HELM15,item-inventory,1,1
icon:1HELM16,1HELM16,item-inventory,1,1
icon:1HELM17,1HELM17,item-inventory,1,1
icon:1HELM18,1HELM18,item-inventory,1,1
icon:1HELM19,1HELM19,item-inventory,1,1
icon:1HELM20,1HELM20,item-inventory,1,1
icon:1HELM21,1HELM21,item-inventory,2,2
icon:1HELM22,1HELM22,item-inventory,1,1
icon:1HELM24,1HELM24,item-inventory,1,1
icon:1HELM26,1HELM26,item-inventory,1,1
icon:1QBULL03,1QBULL03,item-inventory,1,1
icon:1QUIV02,1QUIV02,item-inventory,1,1
icon:1SHLDL02,1SHLDL02,item-inventory,1,1
icon:1SHLDL03,1SHLDL03,item-inventory,1,1
icon:1SHLDL05,1SHLDL05,item-inventory,1,1
icon:1SHLDM02,1SHLDM02,item-inventory,1,1
icon:1SWH00,1SWH00,item-inventory,1,1
icon:C6LANTHO,C6LANTHO,item-description,1,1
icon:CAMUL01,CAMUL01,item-description,1,1
icon:CAMUL02,CAMUL02,item-description,2,2
icon:CAMUL10,CAMUL10,item-description,13,13
icon:CAMUL14,CAMUL14,item-description,2,2
icon:CAMUL15,CAMUL15,item-description,1,1
icon:CAMUL16,CAMUL16,item-description,1,1
icon:CAMUL17,CAMUL17,item-description,3,3
icon:CAMUL19,CAMUL19,item-description,1,1
icon:CAMUL20,CAMUL20,item-description,1,1
icon:CAMUL21,CAMUL21,item-description,2,2
icon:CAMUL22,CAMUL22,item-description,1,1
icon:CAMUL23,CAMUL23,item-description,1,1
icon:CAMUL24,CAMUL24,item-description,1,1
icon:CAMUL25,CAMUL25,item-description,1,1
icon:CAROW01,CAROW01,item-description,4,4
icon:CAROW02,CAROW02,item-description,1,1
icon:CAROW03,CAROW03,item-description,1,1
icon:CAROW04,CAROW04,item-description,1,1
icon:CAROW05,CAROW05,item-description,3,3
icon:CAROW06,CAROW06,item-description,1,1
icon:CAROW07,CAROW07,item-description,1,1
icon:CAROW08,CAROW08,item-description,4,4
icon:CAROW09,CAROW09,item-description,2,2
icon:CAROW10,CAROW10,item-description,1,1
icon:CAROW11,CAROW11,item-description,1,1
icon:CAX1H01,CAX1H01,item-description,10,10
icon:CAX1H04,CAX1H04,item-description,1,1
icon:CAX1H05,CAX1H05,item-description,2,2
icon:CAX1H08,CAX1H08,item-description,1,1
icon:CAX1H09,CAX1H09,item-description,1,1
icon:CAX1H10,CAX1H10,item-description,1,1
icon:CAX1H11,CAX1H11,item-description,2,2
icon:CAX1H12,CAX1H12,item-description,1,1
icon:CAX1H13,CAX1H13,item-description,1,1
icon:CBAG02,CBAG02,item-description,11,11
icon:CBAG03,CBAG03,item-description,9,9
icon:CBAG04,CBAG04,item-description,20,20
icon:CBDAMU02,CBDAMU02,item-description,1,1
icon:CBDBLN16,CBDBLN16,item-description,1,1
icon:CBDBRD03,CBDBRD03,item-description,1,1
icon:CBDDUMPL,CBDDUMPL,item-description,1,1
icon:CBDHEL11,CBDHEL11,item-description,1,1
icon:CBDMSC5G,CBDMSC5G,item-description,1,1
icon:CBELT01,CBELT01,item-description,2,2
icon:CBELT02,CBELT02,item-description,1,1
icon:CBELT03,CBELT03,item-description,1,1
icon:CBELT04,CBELT04,item-description,1,1
icon:CBELT05,CBELT05,item-description,6,6
icon:CBELT06,CBELT06,item-description,1,1
icon:CBELT07,CBELT07,item-description,1,1
icon:CBELT08,CBELT08,item-description,1,1
icon:CBELT09,CBELT09,item-description,1,1
icon:CBELT10,CBELT10,item-description,2,2
icon:CBELTBW,CBELTBW,item-description,1,1
icon:CBELTSH,CBELTSH,item-description,1,1
icon:CBELTTY,CBELTTY,item-description,1,1
icon:CBLUN01,CBLUN01,item-description,89,89
icon:CBLUN02,CBLUN02,item-description,4,4
icon:CBLUN04,CBLUN04,item-description,1,1
icon:CBLUN05,CBLUN05,item-description,8,8
icon:CBLUN06,CBLUN06,item-description,2,2
icon:CBLUN07,CBLUN07,item-description,4,4
icon:CBLUN10,CBLUN10,item-description,1,1
icon:CBLUN12,CBLUN12,item-description,3,3
icon:CBLUN13,CBLUN13,item-description,3,3
icon:CBLUN14,CBLUN14,item-description,1,1
icon:CBLUN14A,CBLUN14A,item-description,1,1
icon:CBLUN14B,CBLUN14B,item-description,1,1
icon:CBLUN14C,CBLUN14C,item-description,1,1
icon:CBLUN14D,CBLUN14D,item-description,1,1
icon:CBLUN14E,CBLUN14E,item-description,1,1
icon:CBLUN14F,CBLUN14F,item-description,1,1
icon:CBLUN14G,CBLUN14G,item-description,1,1
icon:CBLUN14H,CBLUN14H,item-description,1,1
icon:CBLUN14I,CBLUN14I,item-description,1,1
icon:CBLUN15,CBLUN15,item-description,3,3
icon:CBLUN17,CBLUN17,item-description,1,1
icon:CBLUN18,CBLUN18,item-description,1,1
icon:CBLUN20,CBLUN20,item-description,2,2
icon:CBLUN21,CBLUN21,item-description,4,4
icon:CBLUN22,CBLUN22,item-description,1,1
icon:CBLUN23,CBLUN23,item-description,1,1
icon:CBLUN24,CBLUN24,item-description,1,1
icon:CBOLT01,CBOLT01,item-description,4,4
icon:CBOLT02,CBOLT02,item-description,6,6
icon:CBOLT03,CBOLT03,item-description,1,1
icon:CBOLT04,CBOLT04,item-description,1,1
icon:CBOLT05,CBOLT05,item-description,1,1
icon:CBOLT06,CBOLT06,item-description,1,1
icon:CBOOK01,CBOOK01,item-description,16,16
icon:CBOOK02,CBOOK02,item-description,3,3
icon:CBOOK09,CBOOK09,item-description,91,91
icon:CBOOK89,CBOOK89,item-description,4,4
icon:CBOOK90,CBOOK90,item-description,4,4
icon:CBOOK91,CBOOK91,item-description,5,5
icon:CBOOK92,CBOOK92,item-description,3,3
icon:CBOOK93,CBOOK93,item-description,2,2
icon:CBOOT01,CBOOT01,item-description,7,7
icon:CBOOT02,CBOOT02,item-description,1,1
icon:CBOOT03,CBOOT03,item-description,1,1
icon:CBOOT04,CBOOT04,item-description,1,1
icon:CBOOT05,CBOOT05,item-description,1,1
icon:CBOOT06,CBOOT06,item-description,1,1
icon:CBOOT07,CBOOT07,item-description,1,1
icon:CBOOT08,CBOOT08,item-description,1,1
icon:CBOOT09,CBOOT09,item-description,1,1
icon:CBOOT10,CBOOT10,item-description,1,1
icon:CBOOT11,CBOOT11,item-description,1,1
icon:CBOW01,CBOW01,item-description,2,2
icon:CBOW02,CBOW02,item-description,1,1
icon:CBOW03,CBOW03,item-description,3,3
icon:CBOW04,CBOW04,item-description,1,1
icon:CBOW05,CBOW05,item-description,3,3
icon:CBOW06,CBOW06,item-description,3,3
icon:CBOW07,CBOW07,item-description,1,1
icon:CBOW08,CBOW08,item-description,3,3
icon:CBOW09,CBOW09,item-description,1,1
icon:CBOW10,CBOW10,item-description,1,1
icon:CBOW11,CBOW11,item-description,1,1
icon:CBOW12,CBOW12,item-description,2,2
icon:CBOW13,CBOW13,item-description,1,1
icon:CBOW14,CBOW14,item-description,2,2
icon:CBOW15,CBOW15,item-description,2,2
icon:CBOW16,CBOW16,item-description,2,2
icon:CBOW17,CBOW17,item-description,3,3
icon:CBOW18,CBOW18,item-description,4,4
icon:CBOW19,CBOW19,item-description,3,3
icon:CBOW19A,CBOW19A,item-description,1,1
icon:CBOW19B,CBOW19B,item-description,2,2
icon:CBRAC01,CBRAC01,item-description,1,1
icon:CBRAC02,CBRAC02,item-description,2,2
icon:CBRAC03,CBRAC03,item-description,1,1
icon:CBRAC04,CBRAC04,item-description,1,1
icon:CBRAC05,CBRAC05,item-description,2,2
icon:CBRAC06,CBRAC06,item-description,1,1
icon:CBRAC07,CBRAC07,item-description,1,1
icon:CBRAC08,CBRAC08,item-description,1,1
icon:CBRAC09,CBRAC09,item-description,1,1
icon:CBRAC10,CBRAC10,item-description,4,4
icon:CBRAC12,CBRAC12,item-description,1,1
icon:CBRAC13,CBRAC13,item-description,1,1
icon:CBRAC14,CBRAC14,item-description,1,1
icon:CBRAC15,CBRAC15,item-description,1,1
icon:CBRAC16,CBRAC16,item-description,1,1
icon:CBRAC17,CBRAC17,item-description,1,1
icon:CBRAC18,CBRAC18,item-description,1,1
icon:CBRAC19,CBRAC19,item-description,1,1
icon:CBRAC20,CBRAC20,item-description,2,2
icon:CBULL01,CBULL01,item-description,4,4
icon:CBULL02,CBULL02,item-description,1,1
icon:CBULL03,CBULL03,item-description,3,3
icon:CBULL04,CBULL04,item-description,1,1
icon:CCHAN01,CCHAN01,item-description,3,3
icon:CCHAN02,CCHAN02,item-description,1,1
icon:CCHAN03,CCHAN03,item-description,3,3
icon:CCHAN04,CCHAN04,item-description,3,3
icon:CCHAN05,CCHAN05,item-description,2,2
icon:CCHAN06,CCHAN06,item-description,1,1
icon:CCHAN08,CCHAN08,item-description,1,1
icon:CCHAN09,CCHAN09,item-description,3,3
icon:CCHAN10,CCHAN10,item-description,1,1
icon:CCHAN11,CCHAN11,item-description,1,1
icon:CCHAN12,CCHAN12,item-description,2,2
icon:CCHAN13,CCHAN13,item-description,1,1
icon:CCHAN14,CCHAN14,item-description,1,1
icon:CCHAN15,CCHAN15,item-description,1,1
icon:CCHAN16,CCHAN16,item-description,1,1
icon:CCHAN17,CCHAN17,item-description,2,2
icon:CCHAN18,CCHAN18,item-description,1,1
icon:CCLCK01,CCLCK01,item-description,4,4
icon:CCLCK03,CCLCK03,item-description,1,1
icon:CCLCK04,CCLCK04,item-description,1,1
icon:CCLCK05,CCLCK05,item-description,2,2
icon:CCLCK06,CCLCK06,item-description,1,1
icon:CCLCK07,CCLCK07,item-description,2,2
icon:CCLCK08,CCLCK08,item-description,1,1
icon:CCLCK09,CCLCK09,item-description,5,5
icon:CCLCK12,CCLCK12,item-description,7,7
icon:CCLCK15,CCLCK15,item-description,9,9
icon:CCLCK20,CCLCK20,item-description,1,1
icon:CCLCK23,CCLCK23,item-description,1,1
icon:CCLCK24,CCLCK24,item-description,1,1
icon:CCLCK25,CCLCK25,item-description,1,1
icon:CCLCK26,CCLCK26,item-description,1,1
icon:CCLCK27,CCLCK27,item-description,2,2
icon:CCLCK28,CCLCK28,item-description,2,2
icon:CCLCK29,CCLCK29,item-description,1,1
icon:CDAGG01,CDAGG01,item-description,5,5
icon:CDAGG02,CDAGG02,item-description,1,1
icon:CDAGG03,CDAGG03,item-description,2,2
icon:CDAGG04,CDAGG04,item-description,2,2
icon:CDAGG05,CDAGG05,item-description,3,3
icon:CDAGG10,CDAGG10,item-description,4,4
icon:CDAGG11,CDAGG11,item-description,1,1
icon:CDAGG12,CDAGG12,item-description,3,3
icon:CDAGG13,CDAGG13,item-description,3,3
icon:CDAGG14,CDAGG14,item-description,1,1
icon:CDAGG15,CDAGG15,item-description,1,1
icon:CDAGG16,CDAGG16,item-description,1,1
icon:CDAGG17,CDAGG17,item-description,1,1
icon:CDAGG18,CDAGG18,item-description,1,1
icon:CDAGG19,CDAGG19,item-description,1,1
icon:CDART01,CDART01,item-description,2,2
icon:CDART02,CDART02,item-description,3,3
icon:CDART03,CDART03,item-description,2,2
icon:CDART04,CDART04,item-description,2,2
icon:CDART05,CDART05,item-description,1,1
icon:CDART06,CDART06,item-description,1,1
icon:CDBLUN01,CDBLUN01,item-description,4,4
icon:CDBOLT01,CDBOLT01,item-description,1,1
icon:CDBOLT02,CDBOLT02,item-description,1,1
icon:CDBOLT03,CDBOLT03,item-description,1,1
icon:CDCHAN01,CDCHAN01,item-description,1,1
icon:CDCHAN02,CDCHAN02,item-description,1,1
icon:CDCLCK01,CDCLCK01,item-description,2,2
icon:CDDUST01,CDDUST01,item-description,6,6
icon:CDHALB01,CDHALB01,item-description,1,1
icon:CDPLAT01,CDPLAT01,item-description,1,1
icon:CDSHLD01,CDSHLD01,item-description,1,1
icon:CDSPER01,CDSPER01,item-description,1,1
icon:CDSW1H01,CDSW1H01,item-description,1,1
icon:CDSW1H02,CDSW1H02,item-description,1,1
icon:CDXBOW01,CDXBOW01,item-description,1,1
icon:CFAMCAT,CFAMCAT,item-description,2,2
icon:CFAMFER,CFAMFER,item-description,2,2
icon:CFAMIMP,CFAMIMP,item-description,6,6
icon:CFAMPSD,CFAMPSD,item-description,4,4
icon:CFAMRAB,CFAMRAB,item-description,2,2
icon:CGBER01,CGBER01,item-description,3,3
icon:CHALB01,CHALB01,item-description,1,1
icon:CHALB02,CHALB02,item-description,2,2
icon:CHALB03,CHALB03,item-description,2,2
icon:CHALB04,CHALB04,item-description,2,2
icon:CHALB05,CHALB05,item-description,1,1
icon:CHALB06,CHALB06,item-description,1,1
icon:CHALB07,CHALB07,item-description,4,4
icon:CHALB08,CHALB08,item-description,1,1
icon:CHALB09,CHALB09,item-description,1,1
icon:CHALB09A,CHALB09A,item-description,1,1
icon:CHALB09B,CHALB09B,item-description,1,1
icon:CHAMM01,CHAMM01,item-description,2,2
icon:CHAMM02,CHAMM02,item-description,1,1
icon:CHAMM03,CHAMM03,item-description,2,2
icon:CHAMM05,CHAMM05,item-description,1,1
icon:CHAMM06,CHAMM06,item-description,3,3
icon:CHAMM07,CHAMM07,item-description,2,2
icon:CHAMM08,CHAMM08,item-description,3,3
icon:CHELM01,CHELM01,item-description,6,6
icon:CHELM03,CHELM03,item-description,1,1
icon:CHELM04,CHELM04,item-description,4,4
icon:CHELM05,CHELM05,item-description,2,2
icon:CHELM07,CHELM07,item-description,2,2
icon:CHELM16,CHELM16,item-description,1,1
icon:CHELM17,CHELM17,item-description,1,1
icon:CHELM18,CHELM18,item-description,8,8
icon:CHELM20,CHELM20,item-description,2,2
icon:CHELM21,CHELM21,item-description,1,1
icon:CKEY01,CKEY01,item-description,3,3
icon:CKEY02,CKEY02,item-description,3,3
icon:CKEY03,CKEY03,item-description,2,2
icon:CKEY04,CKEY04,item-description,1,1
icon:CKEY05,CKEY05,item-description,1,1
icon:CKEY06,CKEY06,item-description,1,1
icon:CKEY07,CKEY07,item-description,5,5
icon:CKEY08,CKEY08,item-description,1,1
icon:CKEY09,CKEY09,item-description,2,2
icon:CKEY10,CKEY10,item-description,4,4
icon:CKEY11,CKEY11,item-description,7,7
icon:CKEY12,CKEY12,item-description,1,1
icon:CKEY13,CKEY13,item-description,2,2
icon:CKEY14,CKEY14,item-description,1,1
icon:CKEY15,CKEY15,item-description,1,1
icon:CKEY16,CKEY16,item-description,1,1
icon:CKEY17,CKEY17,item-description,1,1
icon:CKEY18,CKEY18,item-description,1,1
icon:CKEY19,CKEY19,item-description,1,1
icon:CKEY20,CKEY20,item-description,1,1
icon:CKEY21,CKEY21,item-description,1,1
icon:CKEY22,CKEY22,item-description,3,3
icon:CKEY23,CKEY23,item-description,1,1
icon:CKEY24,CKEY24,item-description,2,2
icon:CKEY26,CKEY26,item-description,1,1
icon:CLEAT01,CLEAT01,item-description,2,2
icon:CLEAT02,CLEAT02,item-description,2,2
icon:CLEAT03,CLEAT03,item-description,2,2
icon:CLEAT04,CLEAT04,item-description,3,3
icon:CLEAT05,CLEAT05,item-description,1,1
icon:CLEAT07,CLEAT07,item-description,5,5
icon:CLEAT10,CLEAT10,item-description,5,5
icon:CLEAT11,CLEAT11,item-description,1,1
icon:CLEAT12,CLEAT12,item-description,1,1
icon:CLEAT13,CLEAT13,item-description,1,1
icon:CLEAT14,CLEAT14,item-description,1,1
icon:CLEAT15,CLEAT15,item-description,1,1
icon:CLEAT16,CLEAT16,item-description,1,1
icon:CLEAT17,CLEAT17,item-description,1,1
icon:CLEAT18,CLEAT18,item-description,1,1
icon:CLEAT19,CLEAT19,item-description,1,1
icon:CLEAT20,CLEAT20,item-description,1,1
icon:CLEAT21,CLEAT21,item-description,1,1
icon:CLEAT22,CLEAT22,item-description,1,1
icon:CMISC01,CMISC01,item-description,4,4
icon:CMISC02,CMISC02,item-description,1,1
icon:CMISC03,CMISC03,item-description,1,1
icon:CMISC07,CMISC07,item-description,1,1
icon:CMISC12,CMISC12,item-description,1,1
icon:CMISC16,CMISC16,item-description,20,20
icon:CMISC19,CMISC19,item-description,4,4
icon:CMISC1G,CMISC1G,item-description,1,1
icon:CMISC1H,CMISC1H,item-description,1,1
icon:CMISC1I,CMISC1I,item-description,1,1
icon:CMISC21,CMISC21,item-description,7,7
icon:CMISC22,CMISC22,item-description,8,8
icon:CMISC24,CMISC24,item-description,1,1
icon:CMISC2A,CMISC2A,item-description,1,1
icon:CMISC2B,CMISC2B,item-description,1,1
icon:CMISC2C,CMISC2C,item-description,3,3
icon:CMISC2F,CMISC2F,item-description,1,1
icon:CMISC2G,CMISC2G,item-description,1,1
icon:CMISC2I,CMISC2I,item-description,1,1
icon:CMISC2J,CMISC2J,item-description,3,3
icon:CMISC2K,CMISC2K,item-description,1,1
icon:CMISC2L,CMISC2L,item-description,1,1
icon:CMISC2M,CMISC2M,item-description,2,2
icon:CMISC2N,CMISC2N,item-description,1,1
icon:CMISC2P,CMISC2P,item-description,1,1
icon:CMISC3A,CMISC3A,item-description,11,11
icon:CMISC3C,CMISC3C,item-description,1,1
icon:CMISC3D,CMISC3D,item-description,1,1
icon:CMISC3E,CMISC3E,item-description,1,1
icon:CMISC3F,CMISC3F,item-description,1,1
icon:CMISC3H,CMISC3H,item-description,1,1
icon:CMISC3I,CMISC3I,item-description,1,1
icon:CMISC3J,CMISC3J,item-description,1,1
icon:CMISC3K,CMISC3K,item-description,1,1
icon:CMISC3L,CMISC3L,item-description,1,1
icon:CMISC3M,CMISC3M,item-description,2,2
icon:CMISC3N,CMISC3N,item-description,1,1
icon:CMISC3O,CMISC3O,item-description,1,1
icon:CMISC3P,CMISC3P,item-description,1,1
icon:CMISC47,CMISC47,item-description,1,1
icon:CMISC48,CMISC48,item-description,1,1
icon:CMISC49,CMISC49,item-description,3,3
icon:CMISC4A,CMISC4A,item-description,1,1
icon:CMISC4B,CMISC4B,item-description,1,1
icon:CMISC4C,CMISC4C,item-description,1,1
icon:CMISC4D,CMISC4D,item-description,1,1
icon:CMISC4E,CMISC4E,item-description,1,1
icon:CMISC4G,CMISC4G,item-description,1,1
icon:CMISC4H,CMISC4H,item-description,1,1
icon:CMISC4I,CMISC4I,item-description,1,1
icon:CMISC4J,CMISC4J,item-description,1,1
icon:CMISC4K,CMISC4K,item-description,1,1
icon:CMISC4L,CMISC4L,item-description,1,1
icon:CMISC4M,CMISC4M,item-description,1,1
icon:CMISC4N,CMISC4N,item-description,2,2
icon:CMISC4P,CMISC4P,item-description,3,3
icon:CMISC4Q,CMISC4Q,item-description,1,1
icon:CMISC4R,CMISC4R,item-description,1,1
icon:CMISC4S,CMISC4S,item-description,2,2
icon:CMISC4T,CMISC4T,item-description,1,1
icon:CMISC4U,CMISC4U,item-description,2,2
icon:CMISC4V,CMISC4V,item-description,2,2
icon:CMISC4W,CMISC4W,item-description,1,1
icon:CMISC4X,CMISC4X,item-description,1,1
icon:CMISC4Y,CMISC4Y,item-description,2,2
icon:CMISC4Z,CMISC4Z,item-description,1,1
icon:CMISC50,CMISC50,item-description,13,13
icon:CMISC51,CMISC51,item-description,2,2
icon:CMISC52,CMISC52,item-description,1,1
icon:CMISC53,CMISC53,item-description,2,2
icon:CMISC54,CMISC54,item-description,3,3
icon:CMISC56,CMISC56,item-description,1,1
icon:CMISC57,CMISC57,item-description,1,1
icon:CMISC58,CMISC58,item-description,2,2
icon:CMISC59,CMISC59,item-description,1,1
icon:CMISC5A,CMISC5A,item-description,1,1
icon:CMISC5B,CMISC5B,item-description,1,1
icon:CMISC5C,CMISC5C,item-description,2,2
icon:CMISC5D,CMISC5D,item-description,1,1
icon:CMISC5E,CMISC5E,item-description,1,1
icon:CMISC5F,CMISC5F,item-description,1,1
icon:CMISC5H,CMISC5H,item-description,1,1
icon:CMISC5I,CMISC5I,item-description,1,1
icon:CMISC5J,CMISC5J,item-description,2,2
icon:CMISC5K,CMISC5K,item-description,2,2
icon:CMISC5L,CMISC5L,item-description,1,1
icon:CMISC5M,CMISC5M,item-description,1,1
icon:CMISC5N,CMISC5N,item-description,1,1
icon:CMISC5O,CMISC5O,item-description,1,1
icon:CMISC5P,CMISC5P,item-description,3,3
icon:CMISC5Q,CMISC5Q,item-description,1,1
icon:CMISC5R,CMISC5R,item-description,1,1
icon:CMISC5S,CMISC5S,item-description,2,2
icon:CMISC5T,CMISC5T,item-description,1,1
icon:CMISC5U,CMISC5U,item-description,1,1
icon:CMISC5V,CMISC5V,item-description,1,1
icon:CMISC5W,CMISC5W,item-description,1,1
icon:CMISC5X,CMISC5X,item-description,1,1
icon:CMISC5Y,CMISC5Y,item-description,1,1
icon:CMISC60,CMISC60,item-description,1,1
icon:CMISC61,CMISC61,item-description,3,3
icon:CMISC62,CMISC62,item-description,1,1
icon:CMISC63,CMISC63,item-description,2,2
icon:CMISC64,CMISC64,item-description,1,1
icon:CMISC69,CMISC69,item-description,2,2
icon:CMISC6A,CMISC6A,item-description,1,1
icon:CMISC6B,CMISC6B,item-description,1,1
icon:CMISC6C,CMISC6C,item-description,1,1
icon:CMISC6D,CMISC6D,item-description,2,2
icon:CMISC6E,CMISC6E,item-description,1,1
icon:CMISC6F,CMISC6F,item-description,3,3
icon:CMISC6G,CMISC6G,item-description,1,1
icon:CMISC6H,CMISC6H,item-description,1,1
icon:CMISC6I,CMISC6I,item-description,1,1
icon:CMISC6J,CMISC6J,item-description,1,1
icon:CMISC6K,CMISC6K,item-description,1,1
icon:CMISC6L,CMISC6L,item-description,1,1
icon:CMISC6M,CMISC6M,item-description,4,4
icon:CMISC6N,CMISC6N,item-description,2,2
icon:CMISC6O,CMISC6O,item-description,2,2
icon:CMISC6P,CMISC6P,item-description,1,1
icon:CMISC6Q,CMISC6Q,item-description,1,1
icon:CMISC6R,CMISC6R,item-description,2,2
icon:CMISC6S,CMISC6S,item-description,1,1
icon:CMISC6T,CMISC6T,item-description,1,1
icon:CMISC6U,CMISC6U,item-description,2,2
icon:CMISC6V,CMISC6V,item-description,1,1
icon:CMISC6W,CMISC6W,item-description,1,1
icon:CMISC6X,CMISC6X,item-description,1,1
icon:CMISC6Y,CMISC6Y,item-description,1,1
icon:CMISC70,CMISC70,item-description,1,1
icon:CMISC72,CMISC72,item-description,2,2
icon:CMISC73,CMISC73,item-description,1,1
icon:CMISC74,CMISC74,item-description,1,1
icon:CMISC79,CMISC79,item-description,1,1
icon:CMISC7C,CMISC7C,item-description,2,2
icon:CMISC7D,CMISC7D,item-description,1,1
icon:CMISC7E,CMISC7E,item-description,3,3
icon:CMISC7F,CMISC7F,item-description,1,1
icon:CMISC7G,CMISC7G,item-description,1,1
icon:CMISC7H,CMISC7H,item-description,2,2
icon:CMISC7K,CMISC7K,item-description,1,1
icon:CMISC7L,CMISC7L,item-description,1,1
icon:CMISC7M,CMISC7M,item-description,2,2
icon:CMISC7O,CMISC7O,item-description,1,1
icon:CMISC7P,CMISC7P,item-description,2,2
icon:CMISC7Q,CMISC7Q,item-description,1,1
icon:CMISC7R,CMISC7R,item-description,1,1
icon:CMISC7S,CMISC7S,item-description,1,1
icon:CMISC7T,CMISC7T,item-description,1,1
icon:CMISC7U,CMISC7U,item-description,1,1
icon:CMISC7V,CMISC7V,item-description,1,1
icon:CMISC7X,CMISC7X,item-description,1,1
icon:CMISC7Y,CMISC7Y,item-description,2,2
icon:CMISC7Z,CMISC7Z,item-description,2,2
icon:CMISC80,CMISC80,item-description,6,6
icon:CMISC83,CMISC83,item-description,2,2
icon:CMISC84,CMISC84,item-description,1,1
icon:CMISC85,CMISC85,item-description,2,2
icon:CMISC86,CMISC86,item-description,1,1
icon:CMISC87,CMISC87,item-description,1,1
icon:CMISC88,CMISC88,item-description,1,1
icon:CMISC8A,CMISC8A,item-description,13,13
icon:CMISC8B,CMISC8B,item-description,1,1
icon:CMISC8C,CMISC8C,item-description,5,5
icon:CMISC8D,CMISC8D,item-description,1,1
icon:CMISC8E,CMISC8E,item-description,1,1
icon:CMISC8F,CMISC8F,item-description,2,2
icon:CMISC8G,CMISC8G,item-description,2,2
icon:CMISC8H,CMISC8H,item-description,3,3
icon:CMISC8I,CMISC8I,item-description,1,1
icon:CMISC8J,CMISC8J,item-description,1,1
icon:CMISC8K,CMISC8K,item-description,1,1
icon:CMISC8L,CMISC8L,item-description,1,1
icon:CMISC8M,CMISC8M,item-description,1,1
icon:CMISC8N,CMISC8N,item-description,4,4
icon:CMISC8O,CMISC8O,item-description,2,2
icon:CMISC8P,CMISC8P,item-description,2,2
icon:CMISC8Q,CMISC8Q,item-description,1,1
icon:CMISC8R,CMISC8R,item-description,1,1
icon:CMISC8S,CMISC8S,item-description,1,1
icon:CMISC8U,CMISC8U,item-description,1,1
icon:CMISC8V,CMISC8V,item-description,1,1
icon:CMISC8Z,CMISC8Z,item-description,2,2
icon:CMISC91,CMISC91,item-description,1,1
icon:CMISC92,CMISC92,item-description,1,1
icon:CMISC93,CMISC93,item-description,6,6
icon:CMISC94,CMISC94,item-description,1,1
icon:CMISC95,CMISC95,item-description,1,1
icon:CMISC96,CMISC96,item-description,3,3
icon:CMISC97,CMISC97,item-description,4,4
icon:CMISC98,CMISC98,item-description,1,1
icon:CMISC9A,CMISC9A,item-description,1,1
icon:CMISC9B,CMISC9B,item-description,1,1
icon:CMISC9C,CMISC9C,item-description,2,2
icon:CMISC9D,CMISC9D,item-description,1,1
icon:CMISC9E,CMISC9E,item-description,1,1
icon:CMISC9F,CMISC9F,item-description,1,1
icon:CMISC9G,CMISC9G,item-description,1,1
icon:CMISC9H,CMISC9H,item-description,1,1
icon:CMISC9I,CMISC9I,item-description,1,1
icon:CMISC9J,CMISC9J,item-description,1,1
icon:CMISC9K,CMISC9K,item-description,1,1
icon:CMISC9L,CMISC9L,item-description,5,5
icon:CMISC9M,CMISC9M,item-description,1,1
icon:CMISC9T,CMISC9T,item-description,5,5
icon:CMISC9Z,CMISC9Z,item-description,1,1
icon:CMISCA8,CMISCA8,item-description,3,3
icon:CMISCA9,CMISCA9,item-description,2,2
icon:CMISCAA,CMISCAA,item-description,1,1
icon:CMISCAB,CMISCAB,item-description,2,2
icon:CMISCAC,CMISCAC,item-description,1,1
icon:CMISCAD,CMISCAD,item-description,1,1
icon:CMISCAE,CMISCAE,item-description,2,2
icon:CMISCAF,CMISCAF,item-description,1,1
icon:CMISCAG,CMISCAG,item-description,1,1
icon:CMISCAH,CMISCAH,item-description,1,1
icon:CMISCAL,CMISCAL,item-description,1,1
icon:CMISCAN,CMISCAN,item-description,1,1
icon:CMISCAO,CMISCAO,item-description,1,1
icon:CMISCAP,CMISCAP,item-description,1,1
icon:CMISCAQ,CMISCAQ,item-description,1,1
icon:CMISCAR,CMISCAR,item-description,1,1
icon:CMISCAW,CMISCAW,item-description,1,1
icon:CMISCAY,CMISCAY,item-description,1,1
icon:CMISCB1,CMISCB1,item-description,1,1
icon:CMISCB2,CMISCB2,item-description,1,1
icon:CMISCB3,CMISCB3,item-description,1,1
icon:CMISCB4,CMISCB4,item-description,2,2
icon:CMISCB5,CMISCB5,item-description,2,2
icon:CMISCB6,CMISCB6,item-description,1,1
icon:CMISCB7,CMISCB7,item-description,2,2
icon:CMISCB9,CMISCB9,item-description,1,1
icon:CMISCBC,CMISCBC,item-description,1,1
icon:CMISCBD,CMISCBD,item-description,1,1
icon:CMISCBE,CMISCBE,item-description,2,2
icon:CMISCBG,CMISCBG,item-description,2,2
icon:CMISCBI,CMISCBI,item-description,2,2
icon:CMISCBJ,CMISCBJ,item-description,1,1
icon:CMISCBK,CMISCBK,item-description,1,1
icon:CMISCBL,CMISCBL,item-description,1,1
icon:CMISCBM,CMISCBM,item-description,1,1
icon:CMISCBN,CMISCBN,item-description,1,1
icon:CMISCBO,CMISCBO,item-description,1,1
icon:CMISCBP,CMISCBP,item-description,5,5
icon:CMISCBR,CMISCBR,item-description,1,1
icon:CMISCBS,CMISCBS,item-description,1,1
icon:CNPARM01,CNPARM01,item-description,1,1
icon:CNPCHAN,CNPCHAN,item-description,1,1
icon:CNPCLCK,CNPCLCK,item-description,1,1
icon:CNPMISC1,CNPMISC1,item-description,1,1
icon:CNPMISC2,CNPMISC2,item-description,1,1
icon:CNPPLAT,CNPPLAT,item-description,1,1
icon:CNPRING,CNPRING,item-description,1,1
icon:CNPSHLD,CNPSHLD,item-description,1,1
icon:CNPSTAF,CNPSTAF,item-description,3,3
icon:CNSW1H01,CNSW1H01,item-description,1,1
icon:CNSW1H02,CNSW1H02,item-description,1,1
icon:CNSW1H03,CNSW1H03,item-description,1,1
icon:CNSW1H04,CNSW1H04,item-description,1,1
icon:CNSW1H05,CNSW1H05,item-description,1,1
icon:CNSW1H06,CNSW1H06,item-description,1,1
icon:COHRHLM1,COHRHLM1,item-description,1,1
icon:CPLAT01,CPLAT01,item-description,7,7
icon:CPLAT02,CPLAT02,item-description,2,2
icon:CPLAT04,CPLAT04,item-description,3,3
icon:CPLAT05,CPLAT05,item-description,3,3
icon:CPLAT06,CPLAT06,item-description,2,2
icon:CPLAT08,CPLAT08,item-description,1,1
icon:CPLAT09,CPLAT09,item-description,2,2
icon:CPLAT10,CPLAT10,item-description,1,1
icon:CPLAT11,CPLAT11,item-description,1,1
icon:CPLAT12,CPLAT12,item-description,1,1
icon:CPLAT13,CPLAT13,item-description,1,1
icon:CPLAT14,CPLAT14,item-description,1,1
icon:CPLAT15,CPLAT15,item-description,2,2
icon:CPLAT16,CPLAT16,item-description,2,2
icon:CPLAT17,CPLAT17,item-description,1,1
icon:CPLAT18,CPLAT18,item-description,2,2
icon:CPOTN02,CPOTN02,item-description,4,4
icon:CPOTN06,CPOTN06,item-description,7,7
icon:CPOTN07,CPOTN07,item-description,1,1
icon:CPOTN08,CPOTN08,item-description,3,3
icon:CPOTN11,CPOTN11,item-description,27,27
icon:CPOTN13,CPOTN13,item-description,3,3
icon:CPOTN14,CPOTN14,item-description,1,1
icon:CPOTN17,CPOTN17,item-description,3,3
icon:CPOTN41,CPOTN41,item-description,12,12
icon:CPOTN52,CPOTN52,item-description,2,2
icon:CPOTN53,CPOTN53,item-description,1,1
icon:CPOTN54,CPOTN54,item-description,2,2
icon:CRING01,CRING01,item-description,42,42
icon:CRING02,CRING02,item-description,1,1
icon:CRING03,CRING03,item-description,1,1
icon:CRING04,CRING04,item-description,2,2
icon:CRING05,CRING05,item-description,23,23
icon:CRING06,CRING06,item-description,2,2
icon:CRING07,CRING07,item-description,2,2
icon:CRING08,CRING08,item-description,3,3
icon:CRING09,CRING09,item-description,16,16
icon:CRING10,CRING10,item-description,5,5
icon:CRING11,CRING11,item-description,9,9
icon:CRING20,CRING20,item-description,1,1
icon:CRING21,CRING21,item-description,1,1
icon:CRING22,CRING22,item-description,1,1
icon:CRING23,CRING23,item-description,1,1
icon:CRING26,CRING26,item-description,1,1
icon:CRING27,CRING27,item-description,1,1
icon:CRING28,CRING28,item-description,1,1
icon:CRING29,CRING29,item-description,1,1
icon:CRING30,CRING30,item-description,1,1
icon:CRING31,CRING31,item-description,1,1
icon:CRING33,CRING33,item-description,1,1
icon:CRING34,CRING34,item-description,1,1
icon:CRING35,CRING35,item-description,2,2
icon:CRING36,CRING36,item-description,1,1
icon:CRING37,CRING37,item-description,1,1
icon:CRING38,CRING38,item-description,1,1
icon:CRING39,CRING39,item-description,1,1
icon:CRODS01,CRODS01,item-description,1,1
icon:CRODS02,CRODS02,item-description,2,2
icon:CRODS03,CRODS03,item-description,1,1
icon:CRODS04,CRODS04,item-description,2,2
icon:CRODS05,CRODS05,item-description,1,1
icon:CSCALEB,CSCALEB,item-description,1,1
icon:CSCALER,CSCALER,item-description,4,4
icon:CSCRL01,CSCRL01,item-description,222,222
icon:CSCRL02,CSCRL02,item-description,4,4
icon:CSCRL2J,CSCRL2J,item-description,44,44
icon:CSCRL3D,CSCRL3D,item-description,22,22
icon:CSHLD01,CSHLD01,item-description,5,5
icon:CSHLD02,CSHLD02,item-description,2,2
icon:CSHLD03,CSHLD03,item-description,6,6
icon:CSHLD04,CSHLD04,item-description,3,3
icon:CSHLD05,CSHLD05,item-description,5,5
icon:CSHLD06,CSHLD06,item-description,2,2
icon:CSHLD07,CSHLD07,item-description,2,2
icon:CSHLD08,CSHLD08,item-description,3,3
icon:CSHLD09,CSHLD09,item-description,1,1
icon:CSHLD10,CSHLD10,item-description,2,2
icon:CSHLD17,CSHLD17,item-description,3,3
icon:CSHLD19,CSHLD19,item-description,1,1
icon:CSHLD20,CSHLD20,item-description,1,1
icon:CSHLD21,CSHLD21,item-description,2,2
icon:CSHLD22,CSHLD22,item-description,2,2
icon:CSHLD23,CSHLD23,item-description,1,1
icon:CSHLD25,CSHLD25,item-description,4,4
icon:CSHLD27,CSHLD27,item-description,3,3
icon:CSHLD28,CSHLD28,item-description,1,1
icon:CSHLD29,CSHLD29,item-description,2,2
icon:CSHLD30,CSHLD30,item-description,6,6
icon:CSHLDM0,CSHLDM0,item-description,4,4
icon:CSLNG01,CSLNG01,item-description,1,1
icon:CSLNG02,CSLNG02,item-description,1,1
icon:CSLNG03,CSLNG03,item-description,1,1
icon:CSLNG04,CSLNG04,item-description,2,2
icon:CSLNG05,CSLNG05,item-description,1,1
icon:CSLNG06,CSLNG06,item-description,1,1
icon:CSLNG07,CSLNG07,item-description,2,2
icon:CSPER01,CSPER01,item-description,13,13
icon:CSPER02,CSPER02,item-description,1,1
icon:CSPER03,CSPER03,item-description,1,1
icon:CSPER05,CSPER05,item-description,2,2
icon:CSPER06,CSPER06,item-description,1,1
icon:CSPER07,CSPER07,item-description,1,1
icon:CSPER08,CSPER08,item-description,2,2
icon:CSPER09,CSPER09,item-description,1,1
icon:CSPER10,CSPER10,item-description,1,1
icon:CSTAF01,CSTAF01,item-description,6,6
icon:CSTAF02,CSTAF02,item-description,5,5
icon:CSTAF09,CSTAF09,item-description,1,1
icon:CSTAF10,CSTAF10,item-description,1,1
icon:CSTAF12,CSTAF12,item-description,1,1
icon:CSTAF13,CSTAF13,item-description,1,1
icon:CSTAF14,CSTAF14,item-description,1,1
icon:CSTAF15,CSTAF15,item-description,1,1
icon:CSTAF16,CSTAF16,item-description,1,1
icon:CSTAF17,CSTAF17,item-description,1,1
icon:CSTAF18,CSTAF18,item-description,3,3
icon:CSTAF19,CSTAF19,item-description,2,2
icon:CSW1H01,CSW1H01,item-description,3,3
icon:CSW1H02,CSW1H02,item-description,3,3
icon:CSW1H03,CSW1H03,item-description,5,5
icon:CSW1H04,CSW1H04,item-description,3,3
icon:CSW1H05,CSW1H05,item-description,11,11
icon:CSW1H06,CSW1H06,item-description,3,3
icon:CSW1H07,CSW1H07,item-description,7,7
icon:CSW1H08,CSW1H08,item-description,7,7
icon:CSW1H09,CSW1H09,item-description,3,3
icon:CSW1H10,CSW1H10,item-description,5,5
icon:CSW1H13,CSW1H13,item-description,2,2
icon:CSW1H15,CSW1H15,item-description,7,7
icon:CSW1H20,CSW1H20,item-description,5,5
icon:CSW1H23,CSW1H23,item-description,1,1
icon:CSW1H24,CSW1H24,item-description,3,3
icon:CSW1H25,CSW1H25,item-description,1,1
icon:CSW1H26,CSW1H26,item-description,1,1
icon:CSW1H27,CSW1H27,item-description,1,1
icon:CSW1H28,CSW1H28,item-description,1,1
icon:CSW1H29,CSW1H29,item-description,1,1
icon:CSW1H30,CSW1H30,item-description,5,5
icon:CSW1H31,CSW1H31,item-description,1,1
icon:CSW1H32,CSW1H32,item-description,1,1
icon:CSW1H33,CSW1H33,item-description,2,2
icon:CSW1H34,CSW1H34,item-description,2,2
icon:CSW1H35,CSW1H35,item-description,1,1
icon:CSW1H36,CSW1H36,item-description,1,1
icon:CSW1H37,CSW1H37,item-description,2,2
icon:CSW1H38,CSW1H38,item-description,2,2
icon:CSW1H39,CSW1H39,item-description,2,2
icon:CSW1H40,CSW1H40,item-description,2,2
icon:CSW1H41,CSW1H41,item-description,2,2
icon:CSW1H42,CSW1H42,item-description,2,2
icon:CSW1H43,CSW1H43,item-description,1,1
icon:CSW1H44,CSW1H44,item-description,4,4
icon:CSW1H45,CSW1H45,item-description,1,1
icon:CSW1H46,CSW1H46,item-description,1,1
icon:CSW1H47,CSW1H47,item-description,4,4
icon:CSW1H48,CSW1H48,item-description,2,2
icon:CSW1H49,CSW1H49,item-description,3,3
icon:CSW1H50,CSW1H50,item-description,1,1
icon:CSW1H51,CSW1H51,item-description,1,1
icon:CSW1H54,CSW1H54,item-description,1,1
icon:CSW1H54A,CSW1H54A,item-description,1,1
icon:CSW1H54B,CSW1H54B,item-description,1,1
icon:CSW1H54C,CSW1H54C,item-description,1,1
icon:CSW2H01,CSW2H01,item-description,6,6
icon:CSW2H02,CSW2H02,item-description,4,4
icon:CSW2H03,CSW2H03,item-description,3,3
icon:CSW2H06,CSW2H06,item-description,3,3
icon:CSW2H07,CSW2H07,item-description,3,3
icon:CSW2H08,CSW2H08,item-description,2,2
icon:CSW2H09,CSW2H09,item-description,1,1
icon:CSW2H10,CSW2H10,item-description,2,2
icon:CSW2H11,CSW2H11,item-description,3,3
icon:CSW2H12,CSW2H12,item-description,2,2
icon:CSW2H13,CSW2H13,item-description,2,2
icon:CSW2H14,CSW2H14,item-description,1,1
icon:CSW2H15,CSW2H15,item-description,6,6
icon:CSW2H15A,CSW2H15A,item-description,1,1
icon:CSW2H16,CSW2H16,item-description,1,1
icon:CWAND02,CWAND02,item-description,3,3
icon:CWAND03,CWAND03,item-description,4,4
icon:CWAND04,CWAND04,item-description,1,1
icon:CWAND05,CWAND05,item-description,2,2
icon:CWAND06,CWAND06,item-description,3,3
icon:CWAND07,CWAND07,item-description,5,5
icon:CWAND08,CWAND08,item-description,1,1
icon:CWAND09,CWAND09,item-description,1,1
icon:CWAND10,CWAND10,item-description,1,1
icon:CWAND11,CWAND11,item-description,2,2
icon:CWAND12,CWAND12,item-description,2,2
icon:CWAND13,CWAND13,item-description,1,1
icon:CWAND14,CWAND14,item-description,2,2
icon:CWINGS01,CWINGS01,item-description,2,2
icon:CXBOW01,CXBOW01,item-description,4,4
icon:CXBOW02,CXBOW02,item-description,1,1
icon:CXBOW03,CXBOW03,item-description,1,1
icon:CXBOW04,CXBOW04,item-description,1,1
icon:CXBOW05,CXBOW05,item-description,1,1
icon:CXBOW06,CXBOW06,item-description,1,1
icon:CXBOW07,CXBOW07,item-description,2,2
icon:CXBOW08,CXBOW08,item-description,1,1
icon:CXBOW09,CXBOW09,item-description,2,2
icon:CXBOW10,CXBOW10,item-description,1,1
icon:CXBOW12,CXBOW12,item-description,1,1
icon:CXBOW13,CXBOW13,item-description,1,1
icon:CXBOW14,CXBOW14,item-description,1,1
icon:ENCHAXEC,ENCHAXEC,spellbook,1,1
icon:ENCHLSWC,ENCHLSWC,spellbook,4,4
icon:ENCHMACC,ENCHMACC,spellbook,1,1
icon:ENCHSSWC,ENCHSSWC,spellbook,1,1
icon:FAMCAT,FAMCAT,item-inventory,2,2
icon:FAMFER,FAMFER,item-inventory,2,2
icon:FAMIMP,FAMIMP,item-inventory,6,6
icon:FAMPSD,FAMPSD,item-inventory,4,4
icon:FAMRAB,FAMRAB,item-inventory,2,2
icon:FIST,FIST,item-description,1,1
icon:FIST,FIST,item-inventory,12,12
icon:GAMUL02,GAMUL02,item-ground,66,66
icon:GAROW01,GAROW01,item-ground,24,24
icon:GAX1H01,GAX1H01,item-ground,25,25
icon:GBELT01,GBELT01,item-ground,25,25
icon:GBLUN01,GBLUN01,item-ground,106,106
icon:GBLUN06,GBLUN06,item-ground,52,52
icon:GBOLT01,GBOLT01,item-ground,22,22
icon:GBOOK01,GBOOK01,item-ground,153,153
icon:GBOOT01,GBOOT01,item-ground,22,22
icon:GBOW01,GBOW01,item-ground,34,34
icon:GBOW02,GBOW02,item-ground,11,11
icon:GBRAC01,GBRAC01,item-ground,16,16
icon:GBRAC06,GBRAC06,item-ground,16,16
icon:GBSHLD,GBSHLD,item-ground,6,6
icon:GBULL01,GBULL01,item-ground,5,5
icon:GBULL03,GBULL03,item-ground,8,8
icon:GCHAN01,GCHAN01,item-ground,31,31
icon:GCLCK01,GCLCK01,item-ground,30,30
icon:GCLCK02,GCLCK02,item-ground,26,26
icon:GCRATE01,GCRATE01,item-ground,1,1
icon:GDAGG01,GDAGG01,item-ground,36,36
icon:GDART01,GDART01,item-ground,12,12
icon:GGEM01,GGEM01,item-ground,56,56
icon:GHALB01,GHALB01,item-ground,17,17
icon:GHAMM01,GHAMM01,item-ground,18,18
icon:GHELM01,GHELM01,item-ground,36,36
icon:GLEAT01,GLEAT01,item-ground,36,36
icon:GLSHLD,GLSHLD,item-ground,10,10
icon:GMISC01,GMISC01,item-ground,3,3
icon:GMISC12,GMISC12,item-ground,1,1
icon:GMISC2P,GMISC2P,item-ground,6,6
icon:GMISC54,GMISC54,item-ground,3,3
icon:GMISC55,GMISC55,item-ground,1,1
icon:GMISC79,GMISC79,item-ground,1,1
icon:GMISC7Z,GMISC7Z,item-ground,1,1
icon:GMISC80,GMISC80,item-ground,14,14
icon:GMISC83,GMISC83,item-ground,59,59
icon:GMISC85,GMISC85,item-ground,3,3
icon:GMISC86,GMISC86,item-ground,1,1
icon:GMISC96,GMISC96,item-ground,3,3
icon:GMSHLD,GMSHLD,item-ground,16,16
icon:GOHBCM12,GOHBCM12,item-ground,1,1
icon:GOHBCOM5,GOHBCOM5,item-ground,1,1
icon:GPLAT01,GPLAT01,item-ground,38,38
icon:GPOTN01,GPOTN01,item-ground,100,100
icon:GRING01,GRING01,item-ground,140,140
icon:GSACK01,GSACK01,item-ground,269,269
icon:GSCRL01,GSCRL01,item-ground,367,367
icon:GSHLD01,GSHLD01,item-ground,11,11
icon:GSHLD03,GSHLD03,item-ground,9,9
icon:GSHLD05,GSHLD05,item-ground,10,10
icon:GSHLD08,GSHLD08,item-ground,7,7
icon:GSLNG01,GSLNG01,item-ground,13,13
icon:GSPER01,GSPER01,item-ground,26,26
icon:GSSHLD,GSSHLD,item-ground,6,6
icon:GSTAF01,GSTAF01,item-ground,41,41
icon:GSW1H01,GSW1H01,item-ground,115,115
icon:GSW1H07,GSW1H07,item-ground,38,38
icon:GSW2H01,GSW2H01,item-ground,47,47
icon:GTREAS01,GTREAS01,item-ground,49,49
icon:GWAND01,GWAND01,item-ground,54,54
icon:GWARD01,GWARD01,item-ground,15,15
icon:GWINGS01,GWINGS01,item-ground,2,2
icon:GXBOW01,GXBOW01,item-ground,21,21
icon:I6LANTHO,I6LANTHO,item-inventory,1,1
icon:IAMUL01,IAMUL01,item-inventory,1,1
icon:IAMUL02,IAMUL02,item-inventory,2,2
icon:IAMUL04,IAMUL04,item-inventory,1,1
icon:IAMUL05,IAMUL05,item-inventory,1,1
icon:IAMUL06,IAMUL06,item-inventory,1,1
icon:IAMUL07,IAMUL07,item-inventory,1,1
icon:IAMUL08,IAMUL08,item-inventory,1,1
icon:IAMUL09,IAMUL09,item-inventory,1,1
icon:IAMUL10,IAMUL10,item-inventory,1,1
icon:IAMUL11,IAMUL11,item-inventory,1,1
icon:IAMUL12,IAMUL12,item-inventory,1,1
icon:IAMUL13,IAMUL13,item-inventory,2,2
icon:IAMUL14,IAMUL14,item-inventory,1,1
icon:IAMUL15,IAMUL15,item-inventory,1,1
icon:IAMUL16,IAMUL16,item-inventory,1,1
icon:IAMUL17,IAMUL17,item-inventory,3,3
icon:IAMUL18,IAMUL18,item-inventory,1,1
icon:IAMUL19,IAMUL19,item-inventory,1,1
icon:IAMUL20,IAMUL20,item-inventory,1,1
icon:IAMUL21,IAMUL21,item-inventory,2,2
icon:IAMUL22,IAMUL22,item-inventory,1,1
icon:IAMUL23,IAMUL23,item-inventory,1,1
icon:IAMUL24,IAMUL24,item-inventory,1,1
icon:IAMUL25,IAMUL25,item-inventory,1,1
icon:IAMUL26,IAMUL26,item-inventory,1,1
icon:IAMUL27,IAMUL27,item-inventory,1,1
icon:IAMUL28,IAMUL28,item-inventory,1,1
icon:IAROW01,IAROW01,item-inventory,4,4
icon:IAROW02,IAROW02,item-inventory,1,1
icon:IAROW03,IAROW03,item-inventory,1,1
icon:IAROW04,IAROW04,item-inventory,1,1
icon:IAROW05,IAROW05,item-inventory,3,3
icon:IAROW06,IAROW06,item-inventory,1,1
icon:IAROW07,IAROW07,item-inventory,1,1
icon:IAROW08,IAROW08,item-inventory,4,4
icon:IAROW09,IAROW09,item-inventory,2,2
icon:IAROW10,IAROW10,item-inventory,1,1
icon:IAROW11,IAROW11,item-inventory,1,1
icon:IAROW15,IAROW15,item-inventory,1,1
icon:IAX1H01,IAX1H01,item-inventory,4,4
icon:IAX1H02,IAX1H02,item-inventory,3,3
icon:IAX1H03,IAX1H03,item-inventory,2,2
icon:IAX1H04,IAX1H04,item-inventory,1,1
icon:IAX1H05,IAX1H05,item-inventory,2,2
icon:IAX1H07,IAX1H07,item-inventory,1,1
icon:IAX1H08,IAX1H08,item-inventory,1,1
icon:IAX1H09,IAX1H09,item-inventory,1,1
icon:IAX1H10,IAX1H10,item-inventory,1,1
icon:IAX1H11,IAX1H11,item-inventory,1,1
icon:IAX1H12,IAX1H12,item-inventory,1,1
icon:IAX1H13,IAX1H13,item-inventory,1,1
icon:IAX1H14,IAX1H14,item-inventory,3,3
icon:IAX1H16,IAX1H16,item-inventory,1,1
icon:IAX1H17,IAX1H17,item-inventory,1,1
icon:IBAG02,IBAG02,item-inventory,11,11
icon:IBAG03,IBAG03,item-inventory,9,9
icon:IBAG04,IBAG04,item-inventory,20,20
icon:IBAG05,IBAG05,item-inventory,1,1
icon:IBAG06,IBAG06,item-inventory,4,4
icon:IBDAMU02,IBDAMU02,item-inventory,1,1
icon:IBDAMU26,IBDAMU26,item-inventory,1,1
icon:IBDBLN16,IBDBLN16,item-inventory,1,1
icon:IBDBRD03,IBDBRD03,item-inventory,1,1
icon:IBDDAR01,IBDDAR01,item-inventory,1,1
icon:IBDDUMPL,IBDDUMPL,item-inventory,1,1
icon:IBDHAM02,IBDHAM02,item-inventory,1,1
icon:IBDHEL09,IBDHEL09,item-inventory,1,1
icon:IBDHEL11,IBDHEL11,item-inventory,1,1
icon:IBDHEL16,IBDHEL16,item-inventory,1,1
icon:IBDMSC5G,IBDMSC5G,item-inventory,1,1
icon:IBDROB05,IBDROB05,item-inventory,1,1
icon:IBDS1H06,IBDS1H06,item-inventory,1,1
icon:IBDS2H01,IBDS2H01,item-inventory,1,1
icon:IBDSHL01,IBDSHL01,item-inventory,1,1
icon:IBEAR,IBEAR,item-inventory,14,14
icon:IBELT01,IBELT01,item-inventory,3,3
icon:IBELT02,IBELT02,item-inventory,1,1
icon:IBELT03,IBELT03,item-inventory,1,1
icon:IBELT04,IBELT04,item-inventory,1,1
icon:IBELT05,IBELT05,item-inventory,6,6
icon:IBELT06,IBELT06,item-inventory,1,1
icon:IBELT07,IBELT07,item-inventory,1,1
icon:IBELT08,IBELT08,item-inventory,1,1
icon:IBELT09,IBELT09,item-inventory,1,1
icon:IBELT10,IBELT10,item-inventory,2,2
icon:IBELT11,IBELT11,item-inventory,1,1
icon:IBELT12,IBELT12,item-inventory,1,1
icon:IBELT13,IBELT13,item-inventory,1,1
icon:IBELT14,IBELT14,item-inventory,1,1
icon:IBELTBW,IBELTBW,item-inventory,1,1
icon:IBELTSH,IBELTSH,item-inventory,1,1
icon:IBELTTY,IBELTTY,item-inventory,1,1
icon:IBLKBLAD,IBLKBLAD,item-inventory,1,1
icon:IBLUN01,IBLUN01,item-inventory,2,2
icon:IBLUN02,IBLUN02,item-inventory,3,3
icon:IBLUN03,IBLUN03,item-inventory,1,1
icon:IBLUN04,IBLUN04,item-inventory,2,2
icon:IBLUN04,IBLUN04,spellbook,1,1
icon:IBLUN05,IBLUN05,item-inventory,5,5
icon:IBLUN06,IBLUN06,item-inventory,2,2
icon:IBLUN07,IBLUN07,item-inventory,2,2
icon:IBLUN09,IBLUN09,item-inventory,1,1
icon:IBLUN10,IBLUN10,item-inventory,1,1
icon:IBLUN11,IBLUN11,item-inventory,2,2
icon:IBLUN12,IBLUN12,item-inventory,3,3
icon:IBLUN13,IBLUN13,item-inventory,1,1
icon:IBLUN13B,IBLUN13B,item-inventory,1,1
icon:IBLUN14,IBLUN14,item-inventory,1,1
icon:IBLUN14A,IBLUN14A,item-inventory,1,1
icon:IBLUN14B,IBLUN14B,item-inventory,1,1
icon:IBLUN14C,IBLUN14C,item-inventory,1,1
icon:IBLUN14D,IBLUN14D,item-inventory,1,1
icon:IBLUN14E,IBLUN14E,item-inventory,1,1
icon:IBLUN14F,IBLUN14F,item-inventory,1,1
icon:IBLUN14G,IBLUN14G,item-inventory,1,1
icon:IBLUN14H,IBLUN14H,item-inventory,1,1
icon:IBLUN14I,IBLUN14I,item-inventory,1,1
icon:IBLUN15,IBLUN15,item-inventory,2,2
icon:IBLUN17,IBLUN17,item-inventory,1,1
icon:IBLUN18,IBLUN18,item-inventory,1,1
icon:IBLUN20,IBLUN20,item-inventory,2,2
icon:IBLUN21,IBLUN21,item-inventory,2,2
icon:IBLUN22,IBLUN22,item-inventory,1,1
icon:IBLUN23,IBLUN23,item-inventory,1,1
icon:IBLUN24,IBLUN24,item-inventory,1,1
icon:IBLUN26,IBLUN26,item-inventory,2,2
icon:IBLUN28,IBLUN28,item-inventory,2,2
icon:IBLUN30,IBLUN30,item-inventory,1,1
icon:IBLUN30A,IBLUN30A,item-inventory,1,1
icon:IBLUN30B,IBLUN30B,item-inventory,1,1
icon:IBLUN30C,IBLUN30C,item-inventory,1,1
icon:IBLUN30D,IBLUN30D,item-inventory,1,1
icon:IBLUN31,IBLUN31,item-inventory,4,4
icon:IBLUN32,IBLUN32,item-inventory,1,1
icon:IBLUN33,IBLUN33,item-inventory,1,1
icon:IBLUN34,IBLUN34,item-inventory,1,1
icon:IBLUN35,IBLUN35,item-inventory,1,1
icon:IBOLT01,IBOLT01,item-inventory,4,4
icon:IBOLT02,IBOLT02,item-inventory,6,6
icon:IBOLT03,IBOLT03,item-inventory,1,1
icon:IBOLT04,IBOLT04,item-inventory,1,1
icon:IBOLT05,IBOLT05,item-inventory,1,1
icon:IBOLT06,IBOLT06,item-inventory,1,1
icon:IBOLT09,IBOLT09,item-inventory,1,1
icon:IBOLTS01,IBOLTS01,item-inventory,1,1
icon:IBOOK01,IBOOK01,item-inventory,96,96
icon:IBOOK02,IBOOK02,item-inventory,1,1
icon:IBOOK03,IBOOK03,item-inventory,4,4
icon:IBOOK04,IBOOK04,item-inventory,1,1
icon:IBOOK05,IBOOK05,item-inventory,1,1
icon:IBOOK09,IBOOK09,item-inventory,2,2
icon:IBOOK768,IBOOK768,item-inventory,5,5
icon:IBOOK89,IBOOK89,item-inventory,4,4
icon:IBOOK90,IBOOK90,item-inventory,4,4
icon:IBOOK91,IBOOK91,item-inventory,5,5
icon:IBOOK92,IBOOK92,item-inventory,3,3
icon:IBOOK93,IBOOK93,item-inventory,2,2
icon:IBOOT01,IBOOT01,item-inventory,7,7
icon:IBOOT02,IBOOT02,item-inventory,1,1
icon:IBOOT03,IBOOT03,item-inventory,1,1
icon:IBOOT04,IBOOT04,item-inventory,1,1
icon:IBOOT05,IBOOT05,item-inventory,1,1
icon:IBOOT06,IBOOT06,item-inventory,1,1
icon:IBOOT07,IBOOT07,item-inventory,1,1
icon:IBOOT08,IBOOT08,item-inventory,1,1
icon:IBOOT09,IBOOT09,item-inventory,1,1
icon:IBOOT10,IBOOT10,item-inventory,1,1
icon:IBOOT11,IBOOT11,item-inventory,1,1
icon:IBOOT12,IBOOT12,item-inventory,3,3
icon:IBOTSMIT,IBOTSMIT,item-inventory,1,1
icon:IBOW01,IBOW01,item-inventory,1,1
icon:IBOW02,IBOW02,item-inventory,1,1
icon:IBOW03,IBOW03,item-inventory,4,4
icon:IBOW04,IBOW04,item-inventory,1,1
icon:IBOW05,IBOW05,item-inventory,2,2
icon:IBOW06,IBOW06,item-inventory,3,3
icon:IBOW07,IBOW07,item-inventory,1,1
icon:IBOW08,IBOW08,item-inventory,3,3
icon:IBOW09,IBOW09,item-inventory,1,1
icon:IBOW10,IBOW10,item-inventory,1,1
icon:IBOW11,IBOW11,item-inventory,1,1
icon:IBOW12,IBOW12,item-inventory,2,2
icon:IBOW13,IBOW13,item-inventory,1,1
icon:IBOW14,IBOW14,item-inventory,2,2
icon:IBOW15,IBOW15,item-inventory,2,2
icon:IBOW16,IBOW16,item-inventory,1,1
icon:IBOW17,IBOW17,item-inventory,1,1
icon:IBOW18,IBOW18,item-inventory,2,2
icon:IBOW19,IBOW19,item-inventory,3,3
icon:IBOW19A,IBOW19A,item-inventory,1,1
icon:IBOW19B,IBOW19B,item-inventory,2,2
icon:IBOW20,IBOW20,item-inventory,4,4
icon:IBOW22,IBOW22,item-inventory,2,2
icon:IBOW24,IBOW24,item-inventory,1,1
icon:IBOW25,IBOW25,item-inventory,2,2
icon:IBOW26,IBOW26,item-inventory,2,2
icon:IBRAC01,IBRAC01,item-inventory,1,1
icon:IBRAC02,IBRAC02,item-inventory,2,2
icon:IBRAC03,IBRAC03,item-inventory,1,1
icon:IBRAC04,IBRAC04,item-inventory,1,1
icon:IBRAC05,IBRAC05,item-inventory,1,1
icon:IBRAC06,IBRAC06,item-inventory,1,1
icon:IBRAC07,IBRAC07,item-inventory,1,1
icon:IBRAC08,IBRAC08,item-inventory,1,1
icon:IBRAC09,IBRAC09,item-inventory,1,1
icon:IBRAC10,IBRAC10,item-inventory,1,1
icon:IBRAC11,IBRAC11,item-inventory,2,2
icon:IBRAC12,IBRAC12,item-inventory,1,1
icon:IBRAC13,IBRAC13,item-inventory,1,1
icon:IBRAC14,IBRAC14,item-inventory,1,1
icon:IBRAC15,IBRAC15,item-inventory,1,1
icon:IBRAC16,IBRAC16,item-inventory,1,1
icon:IBRAC17,IBRAC17,item-inventory,1,1
icon:IBRAC18,IBRAC18,item-inventory,1,1
icon:IBRAC19,IBRAC19,item-inventory,1,1
icon:IBRAC20,IBRAC20,item-inventory,1,1
icon:IBRAC21,IBRAC21,item-inventory,2,2
icon:IBRAC22,IBRAC22,item-inventory,1,1
icon:IBRAC23,IBRAC23,item-inventory,1,1
icon:IBRAC24,IBRAC24,item-inventory,2,2
icon:IBRAC25,IBRAC25,item-inventory,1,1
icon:IBRAC26,IBRAC26,item-inventory,1,1
icon:IBRDFLUT,IBRDFLUT,item-inventory,4,4
icon:IBULL01,IBULL01,item-inventory,2,2
icon:IBULL02,IBULL02,item-inventory,1,1
icon:IBULL03,IBULL03,item-inventory,1,1
icon:IBULL04,IBULL04,item-inventory,1,1
icon:IBULL05,IBULL05,item-inventory,1,1
icon:IBULL06,IBULL06,item-inventory,1,1
icon:IBZPLO01,IBZPLO01,item-inventory,1,1
icon:IBZPLO02,IBZPLO02,item-inventory,1,1
icon:ICHAN01,ICHAN01,item-inventory,3,3
icon:ICHAN02,ICHAN02,item-inventory,1,1
icon:ICHAN03,ICHAN03,item-inventory,1,1
icon:ICHAN04,ICHAN04,item-inventory,3,3
icon:ICHAN05,ICHAN05,item-inventory,1,1
icon:ICHAN06,ICHAN06,item-inventory,1,1
icon:ICHAN07,ICHAN07,item-inventory,1,1
icon:ICHAN08,ICHAN08,item-inventory,1,1
icon:ICHAN09,ICHAN09,item-inventory,3,3
icon:ICHAN10,ICHAN10,item-inventory,1,1
icon:ICHAN11,ICHAN11,item-inventory,1,1
icon:ICHAN12,ICHAN12,item-inventory,1,1
icon:ICHAN13,ICHAN13,item-inventory,1,1
icon:ICHAN14,ICHAN14,item-inventory,1,1
icon:ICHAN15,ICHAN15,item-inventory,1,1
icon:ICHAN16,ICHAN16,item-inventory,1,1
icon:ICHAN17,ICHAN17,item-inventory,2,2
icon:ICHAN18,ICHAN18,item-inventory,1,1
icon:ICHAN19,ICHAN19,item-inventory,1,1
icon:ICHAN20,ICHAN20,item-inventory,1,1
icon:ICHAN21,ICHAN21,item-inventory,1,1
icon:ICHILL,ICHILL,item-inventory,1,1
icon:ICLCK01,ICLCK01,item-inventory,1,1
icon:ICLCK02,ICLCK02,item-inventory,1,1
icon:ICLCK03,ICLCK03,item-inventory,1,1
icon:ICLCK04,ICLCK04,item-inventory,1,1
icon:ICLCK05,ICLCK05,item-inventory,1,1
icon:ICLCK06,ICLCK06,item-inventory,1,1
icon:ICLCK07,ICLCK07,item-inventory,1,1
icon:ICLCK08,ICLCK08,item-inventory,2,2
icon:ICLCK09,ICLCK09,item-inventory,1,1
icon:ICLCK10,ICLCK10,item-inventory,2,2
icon:ICLCK11,ICLCK11,item-inventory,1,1
icon:ICLCK12,ICLCK12,item-inventory,3,3
icon:ICLCK13,ICLCK13,item-inventory,1,1
icon:ICLCK14,ICLCK14,item-inventory,1,1
icon:ICLCK15,ICLCK15,item-inventory,4,4
icon:ICLCK16,ICLCK16,item-inventory,2,2
icon:ICLCK17,ICLCK17,item-inventory,3,3
icon:ICLCK20,ICLCK20,item-inventory,1,1
icon:ICLCK23,ICLCK23,item-inventory,1,1
icon:ICLCK24,ICLCK24,item-inventory,1,1
icon:ICLCK25,ICLCK25,item-inventory,1,1
icon:ICLCK26,ICLCK26,item-inventory,1,1
icon:ICLCK27,ICLCK27,item-inventory,1,1
icon:ICLCK28,ICLCK28,item-inventory,2,2
icon:ICLCK29,ICLCK29,item-inventory,1,1
icon:ICLCK31,ICLCK31,item-inventory,1,1
icon:ICLCK32,ICLCK32,item-inventory,1,1
icon:ICLCK33,ICLCK33,item-inventory,1,1
icon:ICOMPO01,ICOMPO01,item-inventory,1,1
icon:ICOMPO02,ICOMPO02,item-inventory,1,1
icon:ICOMPO03,ICOMPO03,item-inventory,1,1
icon:ICOMPO08,ICOMPO08,item-inventory,1,1
icon:ICOMPO11,ICOMPO11,item-inventory,1,1
icon:ICOMPO12,ICOMPO12,item-inventory,1,1
icon:ICOMPO13,ICOMPO13,item-inventory,1,1
icon:ICOMPO14,ICOMPO14,item-inventory,1,1
icon:ICOMPO16,ICOMPO16,item-inventory,1,1
icon:ICOMPO18,ICOMPO18,item-inventory,1,1
icon:ICOMPO19,ICOMPO19,item-inventory,1,1
icon:ICRITICL,ICRITICL,item-inventory,1,1
icon:IDAGG01,IDAGG01,item-inventory,5,5
icon:IDAGG02,IDAGG02,item-inventory,1,1
icon:IDAGG03,IDAGG03,item-inventory,1,1
icon:IDAGG04,IDAGG04,item-inventory,1,1
icon:IDAGG05,IDAGG05,item-inventory,2,2
icon:IDAGG09,IDAGG09,item-inventory,1,1
icon:IDAGG10,IDAGG10,item-inventory,3,3
icon:IDAGG11,IDAGG11,item-inventory,1,1
icon:IDAGG12,IDAGG12,item-inventory,2,2
icon:IDAGG12H,IDAGG12H,item-inventory,1,1
icon:IDAGG13,IDAGG13,item-inventory,3,3
icon:IDAGG14,IDAGG14,item-inventory,1,1
icon:IDAGG15,IDAGG15,item-inventory,1,1
icon:IDAGG16,IDAGG16,item-inventory,1,1
icon:IDAGG17,IDAGG17,item-inventory,1,1
icon:IDAGG18,IDAGG18,item-inventory,1,1
icon:IDAGG19,IDAGG19,item-inventory,1,1
icon:IDAGG21,IDAGG21,item-inventory,2,2
icon:IDAGG23,IDAGG23,item-inventory,1,1
icon:IDAGG24,IDAGG24,item-inventory,1,1
icon:IDART01,IDART01,item-inventory,2,2
icon:IDART02,IDART02,item-inventory,1,1
icon:IDART03,IDART03,item-inventory,2,2
icon:IDART04,IDART04,item-inventory,2,2
icon:IDART05,IDART05,item-inventory,1,1
icon:IDART06,IDART06,item-inventory,1,1
icon:IDART08,IDART08,item-inventory,1,1
icon:IDBLUN01,IDBLUN01,item-inventory,4,4
icon:IDBOLT01,IDBOLT01,item-inventory,1,1
icon:IDBOLT02,IDBOLT02,item-inventory,1,1
icon:IDBOLT03,IDBOLT03,item-inventory,1,1
icon:IDCHAN01,IDCHAN01,item-inventory,1,1
icon:IDCHAN02,IDCHAN02,item-inventory,1,1
icon:IDCLCK01,IDCLCK01,item-inventory,2,2
icon:IDDUST01,IDDUST01,item-inventory,4,4
icon:IDHALB01,IDHALB01,item-inventory,1,1
icon:IDPLAT01,IDPLAT01,item-inventory,1,1
icon:IDSHLD01,IDSHLD01,item-inventory,1,1
icon:IDSPER01,IDSPER01,item-inventory,1,1
icon:IDSW1H01,IDSW1H01,item-inventory,1,1
icon:IDSW1H02,IDSW1H02,item-inventory,1,1
icon:IDXBOW01,IDXBOW01,item-inventory,1,1
icon:IENBLADE,IENBLADE,item-inventory,1,1
icon:IFIGUR01,IFIGUR01,item-inventory,1,1
icon:IFIRSEED,IFIRSEED,item-inventory,1,1
icon:IFIST,IFIST,item-inventory,1,1
icon:IFLAMS01,IFLAMS01,item-inventory,3,3
icon:IGBER01,IGBER01,item-inventory,1,1
icon:IGHOUL,IGHOUL,item-inventory,15,15
icon:IGLBBLU1,IGLBBLU1,item-inventory,4,4
icon:IGLBGRE1,IGLBGRE1,item-inventory,4,4
icon:IGLBPUR1,IGLBPUR1,item-inventory,4,4
icon:IGLBRED1,IGLBRED1,item-inventory,4,4
icon:IHALB01,IHALB01,item-inventory,2,2
icon:IHALB02,IHALB02,item-inventory,2,2
icon:IHALB03,IHALB03,item-inventory,2,2
icon:IHALB04,IHALB04,item-inventory,2,2
icon:IHALB05,IHALB05,item-inventory,1,1
icon:IHALB06,IHALB06,item-inventory,1,1
icon:IHALB07,IHALB07,item-inventory,1,1
icon:IHALB08,IHALB08,item-inventory,1,1
icon:IHALB09,IHALB09,item-inventory,1,1
icon:IHALB09A,IHALB09A,item-inventory,1,1
icon:IHALB09B,IHALB09B,item-inventory,1,1
icon:IHALB10,IHALB10,item-inventory,1,1
icon:IHALB11,IHALB11,item-inventory,1,1
icon:IHALB12,IHALB12,item-inventory,1,1
icon:IHAMM01,IHAMM01,item-inventory,2,2
icon:IHAMM02,IHAMM02,item-inventory,1,1
icon:IHAMM03,IHAMM03,item-inventory,1,1
icon:IHAMM04,IHAMM04,item-inventory,1,1
icon:IHAMM06,IHAMM06,item-inventory,3,3
icon:IHAMM07,IHAMM07,item-inventory,2,2
icon:IHAMM08,IHAMM08,item-inventory,1,1
icon:IHAMM10,IHAMM10,item-inventory,4,4
icon:IHAMM12,IHAMM12,item-inventory,1,1
icon:IHARM,IHARM,item-inventory,1,1
icon:IHELM00,IHELM00,item-inventory,5,5
icon:IHELM03,IHELM03,item-inventory,1,1
icon:IHELM05,IHELM05,item-inventory,1,1
icon:IHELM06,IHELM06,item-inventory,1,1
icon:IHELM14,IHELM14,item-inventory,1,1
icon:IHELM17,IHELM17,item-inventory,1,1
icon:IHELM18,IHELM18,item-inventory,1,1
icon:IHELM19,IHELM19,item-inventory,1,1
icon:IHELM20,IHELM20,item-inventory,2,2
icon:IHELM21,IHELM21,item-inventory,1,1
icon:IHELM23,IHELM23,item-inventory,1,1
icon:IHELM24,IHELM24,item-inventory,1,1
icon:IHELM25,IHELM25,item-inventory,1,1
icon:IHELM26,IHELM26,item-inventory,1,1
icon:IHELM27,IHELM27,item-inventory,1,1
icon:IHELM29,IHELM29,item-inventory,3,3
icon:IHELM31,IHELM31,item-inventory,1,1
icon:IHELM32,IHELM32,item-inventory,1,1
icon:IHELM33,IHELM33,item-inventory,1,1
icon:IHUMB,IHUMB,spellbook,11,11
icon:IJELLY,IJELLY,item-inventory,2,2
icon:IKEY01,IKEY01,item-inventory,2,2
icon:IKEY02,IKEY02,item-inventory,4,4
icon:IKEY03,IKEY03,item-inventory,2,2
icon:IKEY04,IKEY04,item-inventory,1,1
icon:IKEY05,IKEY05,item-inventory,1,1
icon:IKEY06,IKEY06,item-inventory,1,1
icon:IKEY07,IKEY07,item-inventory,5,5
icon:IKEY08,IKEY08,item-inventory,1,1
icon:IKEY09,IKEY09,item-inventory,2,2
icon:IKEY10,IKEY10,item-inventory,4,4
icon:IKEY11,IKEY11,item-inventory,7,7
icon:IKEY12,IKEY12,item-inventory,1,1
icon:IKEY13,IKEY13,item-inventory,2,2
icon:IKEY14,IKEY14,item-inventory,1,1
icon:IKEY15,IKEY15,item-inventory,1,1
icon:IKEY16,IKEY16,item-inventory,1,1
icon:IKEY17,IKEY17,item-inventory,1,1
icon:IKEY18,IKEY18,item-inventory,1,1
icon:IKEY19,IKEY19,item-inventory,1,1
icon:IKEY20,IKEY20,item-inventory,1,1
icon:IKEY21,IKEY21,item-inventory,1,1
icon:IKEY22,IKEY22,item-inventory,3,3
icon:IKEY23,IKEY23,item-inventory,1,1
icon:IKEY24,IKEY24,item-inventory,2,2
icon:IKEY26,IKEY26,item-inventory,1,1
icon:ILEAT01,ILEAT01,item-inventory,2,2
icon:ILEAT02,ILEAT02,item-inventory,2,2
icon:ILEAT03,ILEAT03,item-inventory,1,1
icon:ILEAT04,ILEAT04,item-inventory,3,3
icon:ILEAT05,ILEAT05,item-inventory,1,1
icon:ILEAT06,ILEAT06,item-inventory,1,1
icon:ILEAT07,ILEAT07,item-inventory,1,1
icon:ILEAT08,ILEAT08,item-inventory,1,1
icon:ILEAT09,ILEAT09,item-inventory,1,1
icon:ILEAT10,ILEAT10,item-inventory,2,2
icon:ILEAT11,ILEAT11,item-inventory,1,1
icon:ILEAT12,ILEAT12,item-inventory,1,1
icon:ILEAT13,ILEAT13,item-inventory,1,1
icon:ILEAT14,ILEAT14,item-inventory,1,1
icon:ILEAT15,ILEAT15,item-inventory,1,1
icon:ILEAT16,ILEAT16,item-inventory,1,1
icon:ILEAT17,ILEAT17,item-inventory,1,1
icon:ILEAT18,ILEAT18,item-inventory,1,1
icon:ILEAT19,ILEAT19,item-inventory,1,1
icon:ILEAT20,ILEAT20,item-inventory,1,1
icon:ILEAT21,ILEAT21,item-inventory,1,1
icon:ILEAT22,ILEAT22,item-inventory,1,1
icon:ILEAT23,ILEAT23,item-inventory,1,1
icon:ILEAT24,ILEAT24,item-inventory,1,1
icon:IMETEORS,IMETEORS,item-inventory,1,1
icon:IMISC01,IMISC01,item-inventory,4,4
icon:IMISC07,IMISC07,item-inventory,1,1
icon:IMISC12,IMISC12,item-inventory,1,1
icon:IMISC13,IMISC13,item-inventory,2,2
icon:IMISC16,IMISC16,item-inventory,1,1
icon:IMISC17,IMISC17,item-inventory,1,1
icon:IMISC18,IMISC18,item-inventory,1,1
icon:IMISC19,IMISC19,item-inventory,1,1
icon:IMISC1B,IMISC1B,item-inventory,1,1
icon:IMISC1C,IMISC1C,item-inventory,1,1
icon:IMISC1G,IMISC1G,item-inventory,1,1
icon:IMISC1H,IMISC1H,item-inventory,1,1
icon:IMISC1I,IMISC1I,item-inventory,1,1
icon:IMISC1J,IMISC1J,item-inventory,4,4
icon:IMISC20,IMISC20,item-inventory,2,2
icon:IMISC21,IMISC21,item-inventory,1,1
icon:IMISC22,IMISC22,item-inventory,1,1
icon:IMISC23,IMISC23,item-inventory,1,1
icon:IMISC24,IMISC24,item-inventory,1,1
icon:IMISC25,IMISC25,item-inventory,1,1
icon:IMISC26,IMISC26,item-inventory,1,1
icon:IMISC27,IMISC27,item-inventory,1,1
icon:IMISC28,IMISC28,item-inventory,1,1
icon:IMISC29,IMISC29,item-inventory,1,1
icon:IMISC2A,IMISC2A,item-inventory,1,1
icon:IMISC2B,IMISC2B,item-inventory,1,1
icon:IMISC2C,IMISC2C,item-inventory,1,1
icon:IMISC2D,IMISC2D,item-inventory,1,1
icon:IMISC2E,IMISC2E,item-inventory,1,1
icon:IMISC2F,IMISC2F,item-inventory,1,1
icon:IMISC2G,IMISC2G,item-inventory,1,1
icon:IMISC2H,IMISC2H,item-inventory,1,1
icon:IMISC2I,IMISC2I,item-inventory,2,2
icon:IMISC2J,IMISC2J,item-inventory,4,4
icon:IMISC2K,IMISC2K,item-inventory,2,2
icon:IMISC2L,IMISC2L,item-inventory,2,2
icon:IMISC2M,IMISC2M,item-inventory,2,2
icon:IMISC2N,IMISC2N,item-inventory,1,1
icon:IMISC2P,IMISC2P,item-inventory,1,1
icon:IMISC30,IMISC30,item-inventory,1,1
icon:IMISC31,IMISC31,item-inventory,1,1
icon:IMISC32,IMISC32,item-inventory,1,1
icon:IMISC33,IMISC33,item-inventory,2,2
icon:IMISC34,IMISC34,item-inventory,1,1
icon:IMISC35,IMISC35,item-inventory,1,1
icon:IMISC36,IMISC36,item-inventory,2,2
icon:IMISC37,IMISC37,item-inventory,1,1
icon:IMISC38,IMISC38,item-inventory,2,2
icon:IMISC39,IMISC39,item-inventory,2,2
icon:IMISC3A,IMISC3A,item-inventory,11,11
icon:IMISC3C,IMISC3C,item-inventory,1,1
icon:IMISC3D,IMISC3D,item-inventory,1,1
icon:IMISC3E,IMISC3E,item-inventory,1,1
icon:IMISC3F,IMISC3F,item-inventory,1,1
icon:IMISC3H,IMISC3H,item-inventory,1,1
icon:IMISC3I,IMISC3I,item-inventory,1,1
icon:IMISC3J,IMISC3J,item-inventory,1,1
icon:IMISC3K,IMISC3K,item-inventory,1,1
icon:IMISC3L,IMISC3L,item-inventory,1,1
icon:IMISC3M,IMISC3M,item-inventory,2,2
icon:IMISC3N,IMISC3N,item-inventory,1,1
icon:IMISC3O,IMISC3O,item-inventory,1,1
icon:IMISC3P,IMISC3P,item-inventory,1,1
icon:IMISC40,IMISC40,item-inventory,1,1
icon:IMISC41,IMISC41,item-inventory,3,3
icon:IMISC42,IMISC42,item-inventory,1,1
icon:IMISC43,IMISC43,item-inventory,1,1
icon:IMISC44,IMISC44,item-inventory,1,1
icon:IMISC45,IMISC45,item-inventory,2,2
icon:IMISC47,IMISC47,item-inventory,1,1
icon:IMISC48,IMISC48,item-inventory,2,2
icon:IMISC49,IMISC49,item-inventory,3,3
icon:IMISC4A,IMISC4A,item-inventory,1,1
icon:IMISC4B,IMISC4B,item-inventory,1,1
icon:IMISC4C,IMISC4C,item-inventory,1,1
icon:IMISC4D,IMISC4D,item-inventory,1,1
icon:IMISC4E,IMISC4E,item-inventory,1,1
icon:IMISC4G,IMISC4G,item-inventory,1,1
icon:IMISC4H,IMISC4H,item-inventory,1,1
icon:IMISC4I,IMISC4I,item-inventory,1,1
icon:IMISC4J,IMISC4J,item-inventory,1,1
icon:IMISC4K,IMISC4K,item-inventory,1,1
icon:IMISC4L,IMISC4L,item-inventory,1,1
icon:IMISC4M,IMISC4M,item-inventory,1,1
icon:IMISC4N,IMISC4N,item-inventory,1,1
icon:IMISC4P,IMISC4P,item-inventory,3,3
icon:IMISC4Q,IMISC4Q,item-inventory,1,1
icon:IMISC4R,IMISC4R,item-inventory,1,1
icon:IMISC4S,IMISC4S,item-inventory,2,2
icon:IMISC4T,IMISC4T,item-inventory,1,1
icon:IMISC4U,IMISC4U,item-inventory,2,2
icon:IMISC4V,IMISC4V,item-inventory,9,9
icon:IMISC4W,IMISC4W,item-inventory,1,1
icon:IMISC4X,IMISC4X,item-inventory,1,1
icon:IMISC4Y,IMISC4Y,item-inventory,1,1
icon:IMISC4Z,IMISC4Z,item-inventory,1,1
icon:IMISC50,IMISC50,item-inventory,13,13
icon:IMISC51,IMISC51,item-inventory,2,2
icon:IMISC52,IMISC52,item-inventory,1,1
icon:IMISC53,IMISC53,item-inventory,2,2
icon:IMISC54,IMISC54,item-inventory,3,3
icon:IMISC55,IMISC55,item-inventory,1,1
icon:IMISC56,IMISC56,item-inventory,1,1
icon:IMISC57,IMISC57,item-inventory,1,1
icon:IMISC58,IMISC58,item-inventory,2,2
icon:IMISC59,IMISC59,item-inventory,1,1
icon:IMISC5A,IMISC5A,item-inventory,1,1
icon:IMISC5B,IMISC5B,item-inventory,1,1
icon:IMISC5C,IMISC5C,item-inventory,1,1
icon:IMISC5D,IMISC5D,item-inventory,1,1
icon:IMISC5E,IMISC5E,item-inventory,1,1
icon:IMISC5F,IMISC5F,item-inventory,1,1
icon:IMISC5H,IMISC5H,item-inventory,1,1
icon:IMISC5I,IMISC5I,item-inventory,1,1
icon:IMISC5J,IMISC5J,item-inventory,2,2
icon:IMISC5K,IMISC5K,item-inventory,1,1
icon:IMISC5L,IMISC5L,item-inventory,1,1
icon:IMISC5M,IMISC5M,item-inventory,1,1
icon:IMISC5N,IMISC5N,item-inventory,1,1
icon:IMISC5O,IMISC5O,item-inventory,1,1
icon:IMISC5P,IMISC5P,item-inventory,3,3
icon:IMISC5Q,IMISC5Q,item-inventory,1,1
icon:IMISC5R,IMISC5R,item-inventory,1,1
icon:IMISC5S,IMISC5S,item-inventory,2,2
icon:IMISC5T,IMISC5T,item-inventory,1,1
icon:IMISC5U,IMISC5U,item-inventory,1,1
icon:IMISC5V,IMISC5V,item-inventory,1,1
icon:IMISC5W,IMISC5W,item-inventory,1,1
icon:IMISC5X,IMISC5X,item-inventory,1,1
icon:IMISC5Y,IMISC5Y,item-inventory,1,1
icon:IMISC5Z,IMISC5Z,item-inventory,1,1
icon:IMISC60,IMISC60,item-inventory,1,1
icon:IMISC61,IMISC61,item-inventory,2,2
icon:IMISC62,IMISC62,item-inventory,1,1
icon:IMISC63,IMISC63,item-inventory,2,2
icon:IMISC64,IMISC64,item-inventory,1,1
icon:IMISC69,IMISC69,item-inventory,1,1
icon:IMISC6A,IMISC6A,item-inventory,1,1
icon:IMISC6B,IMISC6B,item-inventory,1,1
icon:IMISC6C,IMISC6C,item-inventory,1,1
icon:IMISC6D,IMISC6D,item-inventory,2,2
icon:IMISC6E,IMISC6E,item-inventory,1,1
icon:IMISC6F,IMISC6F,item-inventory,3,3
icon:IMISC6G,IMISC6G,item-inventory,1,1
icon:IMISC6H,IMISC6H,item-inventory,1,1
icon:IMISC6I,IMISC6I,item-inventory,1,1
icon:IMISC6J,IMISC6J,item-inventory,1,1
icon:IMISC6K,IMISC6K,item-inventory,1,1
icon:IMISC6L,IMISC6L,item-inventory,1,1
icon:IMISC6M,IMISC6M,item-inventory,4,4
icon:IMISC6N,IMISC6N,item-inventory,2,2
icon:IMISC6O,IMISC6O,item-inventory,1,1
icon:IMISC6P,IMISC6P,item-inventory,1,1
icon:IMISC6Q,IMISC6Q,item-inventory,1,1
icon:IMISC6R,IMISC6R,item-inventory,2,2
icon:IMISC6S,IMISC6S,item-inventory,1,1
icon:IMISC6T,IMISC6T,item-inventory,1,1
icon:IMISC6U,IMISC6U,item-inventory,2,2
icon:IMISC6V,IMISC6V,item-inventory,1,1
icon:IMISC6W,IMISC6W,item-inventory,1,1
icon:IMISC6X,IMISC6X,item-inventory,1,1
icon:IMISC6Y,IMISC6Y,item-inventory,1,1
icon:IMISC72,IMISC72,item-inventory,2,2
icon:IMISC73,IMISC73,item-inventory,1,1
icon:IMISC74,IMISC74,item-inventory,1,1
icon:IMISC75,IMISC75,item-inventory,1,1
icon:IMISC76,IMISC76,item-inventory,1,1
icon:IMISC79,IMISC79,item-inventory,1,1
icon:IMISC7C,IMISC7C,item-inventory,2,2
icon:IMISC7D,IMISC7D,item-inventory,1,1
icon:IMISC7E,IMISC7E,item-inventory,3,3
icon:IMISC7F,IMISC7F,item-inventory,1,1
icon:IMISC7G,IMISC7G,item-inventory,1,1
icon:IMISC7H,IMISC7H,item-inventory,2,2
icon:IMISC7K,IMISC7K,item-inventory,1,1
icon:IMISC7L,IMISC7L,item-inventory,1,1
icon:IMISC7M,IMISC7M,item-inventory,2,2
icon:IMISC7O,IMISC7O,item-inventory,1,1
icon:IMISC7P,IMISC7P,item-inventory,2,2
icon:IMISC7Q,IMISC7Q,item-inventory,1,1
icon:IMISC7R,IMISC7R,item-inventory,1,1
icon:IMISC7S,IMISC7S,item-inventory,1,1
icon:IMISC7T,IMISC7T,item-inventory,1,1
icon:IMISC7U,IMISC7U,item-inventory,1,1
icon:IMISC7V,IMISC7V,item-inventory,1,1
icon:IMISC7X,IMISC7X,item-inventory,1,1
icon:IMISC7Y,IMISC7Y,item-inventory,2,2
icon:IMISC7Z,IMISC7Z,item-inventory,2,2
icon:IMISC80,IMISC80,item-inventory,4,4
icon:IMISC83,IMISC83,item-inventory,2,2
icon:IMISC84,IMISC84,item-inventory,1,1
icon:IMISC85,IMISC85,item-inventory,2,2
icon:IMISC86,IMISC86,item-inventory,1,1
icon:IMISC87,IMISC87,item-inventory,1,1
icon:IMISC88,IMISC88,item-inventory,1,1
icon:IMISC8A,IMISC8A,item-inventory,13,13
icon:IMISC8B,IMISC8B,item-inventory,1,1
icon:IMISC8C,IMISC8C,item-inventory,5,5
icon:IMISC8D,IMISC8D,item-inventory,1,1
icon:IMISC8E,IMISC8E,item-inventory,1,1
icon:IMISC8F,IMISC8F,item-inventory,2,2
icon:IMISC8G,IMISC8G,item-inventory,2,2
icon:IMISC8H,IMISC8H,item-inventory,3,3
icon:IMISC8I,IMISC8I,item-inventory,1,1
icon:IMISC8J,IMISC8J,item-inventory,1,1
icon:IMISC8K,IMISC8K,item-inventory,1,1
icon:IMISC8L,IMISC8L,item-inventory,1,1
icon:IMISC8M,IMISC8M,item-inventory,1,1
icon:IMISC8N,IMISC8N,item-inventory,4,4
icon:IMISC8O,IMISC8O,item-inventory,2,2
icon:IMISC8P,IMISC8P,item-inventory,2,2
icon:IMISC8Q,IMISC8Q,item-inventory,1,1
icon:IMISC8R,IMISC8R,item-inventory,1,1
icon:IMISC8S,IMISC8S,item-inventory,1,1
icon:IMISC8U,IMISC8U,item-inventory,1,1
icon:IMISC8V,IMISC8V,item-inventory,1,1
icon:IMISC8Z,IMISC8Z,item-inventory,1,1
icon:IMISC91,IMISC91,item-inventory,1,1
icon:IMISC92,IMISC92,item-inventory,1,1
icon:IMISC93,IMISC93,item-inventory,6,6
icon:IMISC94,IMISC94,item-inventory,1,1
icon:IMISC95,IMISC95,item-inventory,1,1
icon:IMISC96,IMISC96,item-inventory,3,3
icon:IMISC97,IMISC97,item-inventory,4,4
icon:IMISC98,IMISC98,item-inventory,1,1
icon:IMISC9A,IMISC9A,item-inventory,1,1
icon:IMISC9B,IMISC9B,item-inventory,1,1
icon:IMISC9C,IMISC9C,item-inventory,2,2
icon:IMISC9D,IMISC9D,item-inventory,1,1
icon:IMISC9E,IMISC9E,item-inventory,1,1
icon:IMISC9F,IMISC9F,item-inventory,1,1
icon:IMISC9G,IMISC9G,item-inventory,1,1
icon:IMISC9H,IMISC9H,item-inventory,1,1
icon:IMISC9I,IMISC9I,item-inventory,1,1
icon:IMISC9J,IMISC9J,item-inventory,1,1
icon:IMISC9K,IMISC9K,item-inventory,1,1
icon:IMISC9L,IMISC9L,item-inventory,5,5
icon:IMISC9M,IMISC9M,item-inventory,1,1
icon:IMISC9S,IMISC9S,item-inventory,1,1
icon:IMISC9T,IMISC9T,item-inventory,5,5
icon:IMISC9Z,IMISC9Z,item-inventory,1,1
icon:IMISCA8,IMISCA8,item-inventory,3,3
icon:IMISCA9,IMISCA9,item-inventory,2,2
icon:IMISCAA,IMISCAA,item-inventory,1,1
icon:IMISCAB,IMISCAB,item-inventory,2,2
icon:IMISCAC,IMISCAC,item-inventory,1,1
icon:IMISCAD,IMISCAD,item-inventory,1,1
icon:IMISCAE,IMISCAE,item-inventory,2,2
icon:IMISCAF,IMISCAF,item-inventory,1,1
icon:IMISCAG,IMISCAG,item-inventory,1,1
icon:IMISCAH,IMISCAH,item-inventory,1,1
icon:IMISCAL,IMISCAL,item-inventory,1,1
icon:IMISCAN,IMISCAN,item-inventory,1,1
icon:IMISCAO,IMISCAO,item-inventory,1,1
icon:IMISCAP,IMISCAP,item-inventory,1,1
icon:IMISCAQ,IMISCAQ,item-inventory,1,1
icon:IMISCAR,IMISCAR,item-inventory,1,1
icon:IMISCAV,IMISCAV,item-inventory,1,1
icon:IMISCAW,IMISCAW,item-inventory,1,1
icon:IMISCAY,IMISCAY,item-inventory,1,1
icon:IMISCB1,IMISCB1,item-inventory,1,1
icon:IMISCB2,IMISCB2,item-inventory,1,1
icon:IMISCB3,IMISCB3,item-inventory,1,1
icon:IMISCB4,IMISCB4,item-inventory,2,2
icon:IMISCB5,IMISCB5,item-inventory,2,2
icon:IMISCB6,IMISCB6,item-inventory,1,1
icon:IMISCB7,IMISCB7,item-inventory,1,1
icon:IMISCB8,IMISCB8,item-inventory,1,1
icon:IMISCB9,IMISCB9,item-inventory,1,1
icon:IMISCBC,IMISCBC,item-inventory,1,1
icon:IMISCBD,IMISCBD,item-inventory,1,1
icon:IMISCBE,IMISCBE,item-inventory,2,2
icon:IMISCBG,IMISCBG,item-inventory,2,2
icon:IMISCBH,IMISCBH,item-inventory,1,1
icon:IMISCBI,IMISCBI,item-inventory,2,2
icon:IMISCBJ,IMISCBJ,item-inventory,1,1
icon:IMISCBK,IMISCBK,item-inventory,1,1
icon:IMISCBL,IMISCBL,item-inventory,1,1
icon:IMISCBM,IMISCBM,item-inventory,1,1
icon:IMISCBN,IMISCBN,item-inventory,1,1
icon:IMISCBO,IMISCBO,item-inventory,1,1
icon:IMISCBP,IMISCBP,item-inventory,5,5
icon:IMISCBR,IMISCBR,item-inventory,1,1
icon:IMISCBS,IMISCBS,item-inventory,1,1
icon:IMISCCB,IMISCCB,item-inventory,1,1
icon:IMORSWOR,IMORSWOR,item-inventory,2,2
icon:INPARM01,INPARM01,item-inventory,1,1
icon:INPARM02,INPARM02,item-inventory,1,1
icon:INPBOW,INPBOW,item-inventory,1,1
icon:INPCHAN,INPCHAN,item-inventory,1,1
icon:INPCLCK,INPCLCK,item-inventory,1,1
icon:INPMISC1,INPMISC1,item-inventory,1,1
icon:INPPLAT,INPPLAT,item-inventory,1,1
icon:INPRING,INPRING,item-inventory,1,1
icon:INPSHLD,INPSHLD,item-inventory,1,1
icon:INPSTAF,INPSTAF,item-inventory,3,3
icon:INSW1H01,INSW1H01,item-inventory,1,1
icon:INSW1H02,INSW1H02,item-inventory,1,1
icon:INSW1H03,INSW1H03,item-inventory,1,1
icon:INSW1H04,INSW1H04,item-inventory,1,1
icon:INSW1H05,INSW1H05,item-inventory,1,1
icon:INSW1H06,INSW1H06,item-inventory,1,1
icon:IOHRHLM1,IOHRHLM1,item-inventory,1,1
icon:IPHABLAD,IPHABLAD,item-inventory,1,1
icon:IPLAT01,IPLAT01,item-inventory,6,6
icon:IPLAT02,IPLAT02,item-inventory,1,1
icon:IPLAT04,IPLAT04,item-inventory,3,3
icon:IPLAT05,IPLAT05,item-inventory,3,3
icon:IPLAT06,IPLAT06,item-inventory,1,1
icon:IPLAT08,IPLAT08,item-inventory,1,1
icon:IPLAT09,IPLAT09,item-inventory,1,1
icon:IPLAT10,IPLAT10,item-inventory,1,1
icon:IPLAT11,IPLAT11,item-inventory,1,1
icon:IPLAT12,IPLAT12,item-inventory,1,1
icon:IPLAT13,IPLAT13,item-inventory,1,1
icon:IPLAT14,IPLAT14,item-inventory,1,1
icon:IPLAT15,IPLAT15,item-inventory,2,2
icon:IPLAT16,IPLAT16,item-inventory,2,2
icon:IPLAT17,IPLAT17,item-inventory,1,1
icon:IPLAT18,IPLAT18,item-inventory,1,1
icon:IPLAT20,IPLAT20,item-inventory,1,1
icon:IPLAT21,IPLAT21,item-inventory,1,1
icon:IPLAT22,IPLAT22,item-inventory,1,1
icon:IPLAT23,IPLAT23,item-inventory,2,2
icon:IPLOT01B,IPLOT01B,item-inventory,1,1
icon:IPLOT01C,IPLOT01C,item-inventory,1,1
icon:IPLOT01D,IPLOT01D,item-inventory,1,1
icon:IPLOT01E,IPLOT01E,item-inventory,1,1
icon:IPLOT01F,IPLOT01F,item-inventory,1,1
icon:IPLOT01H,IPLOT01H,item-inventory,1,1
icon:IPLOT01J,IPLOT01J,item-inventory,1,1
icon:IPLOT01K,IPLOT01K,item-inventory,1,1
icon:IPLOT01L,IPLOT01L,item-inventory,1,1
icon:IPLOT01P,IPLOT01P,item-inventory,1,1
icon:IPLOT02A,IPLOT02A,item-inventory,1,1
icon:IPLOT02B,IPLOT02B,item-inventory,1,1
icon:IPLOT02C,IPLOT02C,item-inventory,1,1
icon:IPLOT02D,IPLOT02D,item-inventory,1,1
icon:IPLOT02E,IPLOT02E,item-inventory,1,1
icon:IPLOT02H,IPLOT02H,item-inventory,2,2
icon:IPLOT03A,IPLOT03A,item-inventory,1,1
icon:IPLOT03B,IPLOT03B,item-inventory,1,1
icon:IPLOT03C,IPLOT03C,item-inventory,1,1
icon:IPLOT03D,IPLOT03D,item-inventory,1,1
icon:IPLOT03E,IPLOT03E,item-inventory,1,1
icon:IPLOT04A,IPLOT04A,item-inventory,1,1
icon:IPLOT04B,IPLOT04B,item-inventory,1,1
icon:IPLOT04C,IPLOT04C,item-inventory,1,1
icon:IPLOT04D,IPLOT04D,item-inventory,1,1
icon:IPLOT04F,IPLOT04F,item-inventory,1,1
icon:IPLOT04G,IPLOT04G,item-inventory,1,1
icon:IPLOT04H,IPLOT04H,item-inventory,1,1
icon:IPLOT04I,IPLOT04I,item-inventory,1,1
icon:IPLOT05A,IPLOT05A,item-inventory,1,1
icon:IPLOT05B,IPLOT05B,item-inventory,1,1
icon:IPLOT05C,IPLOT05C,item-inventory,1,1
icon:IPLYSALA,IPLYSALA,item-inventory,1,1
icon:IPOTN02,IPOTN02,item-inventory,1,1
icon:IPOTN03,IPOTN03,item-inventory,1,1
icon:IPOTN04,IPOTN04,item-inventory,2,2
icon:IPOTN05,IPOTN05,item-inventory,1,1
icon:IPOTN06,IPOTN06,item-inventory,1,1
icon:IPOTN07,IPOTN07,item-inventory,1,1
icon:IPOTN08,IPOTN08,item-inventory,2,2
icon:IPOTN09,IPOTN09,item-inventory,1,1
icon:IPOTN10,IPOTN10,item-inventory,1,1
icon:IPOTN11,IPOTN11,item-inventory,1,1
icon:IPOTN12,IPOTN12,item-inventory,1,1
icon:IPOTN13,IPOTN13,item-inventory,1,1
icon:IPOTN14,IPOTN14,item-inventory,1,1
icon:IPOTN15,IPOTN15,item-inventory,2,2
icon:IPOTN16,IPOTN16,item-inventory,1,1
icon:IPOTN17,IPOTN17,item-inventory,1,1
icon:IPOTN18,IPOTN18,item-inventory,1,1
icon:IPOTN19,IPOTN19,item-inventory,2,2
icon:IPOTN20,IPOTN20,item-inventory,5,5
icon:IPOTN21,IPOTN21,item-inventory,1,1
icon:IPOTN22,IPOTN22,item-inventory,1,1
icon:IPOTN23,IPOTN23,item-inventory,1,1
icon:IPOTN24,IPOTN24,item-inventory,1,1
icon:IPOTN25,IPOTN25,item-inventory,1,1
icon:IPOTN26,IPOTN26,item-inventory,1,1
icon:IPOTN27,IPOTN27,item-inventory,1,1
icon:IPOTN28,IPOTN28,item-inventory,1,1
icon:IPOTN29,IPOTN29,item-inventory,1,1
icon:IPOTN30,IPOTN30,item-inventory,1,1
icon:IPOTN31,IPOTN31,item-inventory,1,1
icon:IPOTN32,IPOTN32,item-inventory,1,1
icon:IPOTN33,IPOTN33,item-inventory,2,2
icon:IPOTN34,IPOTN34,item-inventory,1,1
icon:IPOTN35,IPOTN35,item-inventory,1,1
icon:IPOTN36,IPOTN36,item-inventory,1,1
icon:IPOTN37,IPOTN37,item-inventory,1,1
icon:IPOTN38,IPOTN38,item-inventory,1,1
icon:IPOTN39,IPOTN39,item-inventory,1,1
icon:IPOTN40,IPOTN40,item-inventory,2,2
icon:IPOTN41,IPOTN41,item-inventory,2,2
icon:IPOTN42,IPOTN42,item-inventory,1,1
icon:IPOTN43,IPOTN43,item-inventory,1,1
icon:IPOTN44,IPOTN44,item-inventory,1,1
icon:IPOTN45,IPOTN45,item-inventory,4,4
icon:IPOTN46,IPOTN46,item-inventory,1,1
icon:IPOTN47,IPOTN47,item-inventory,1,1
icon:IPOTN49,IPOTN49,item-inventory,1,1
icon:IPOTN52,IPOTN52,item-inventory,2,2
icon:IPOTN53,IPOTN53,item-inventory,1,1
icon:IPOTN54,IPOTN54,item-inventory,3,3
icon:IPOTN55,IPOTN55,item-inventory,2,2
icon:IQBULL02,IQBULL02,item-inventory,1,1
icon:IQUIV01,IQUIV01,item-inventory,1,1
icon:IRING01,IRING01,item-inventory,42,42
icon:IRING02,IRING02,item-inventory,1,1
icon:IRING03,IRING03,item-inventory,1,1
icon:IRING04,IRING04,item-inventory,1,1
icon:IRING05,IRING05,item-inventory,23,23
icon:IRING06,IRING06,item-inventory,2,2
icon:IRING07,IRING07,item-inventory,1,1
icon:IRING08,IRING08,item-inventory,3,3
icon:IRING09,IRING09,item-inventory,16,16
icon:IRING10,IRING10,item-inventory,1,1
icon:IRING11,IRING11,item-inventory,1,1
icon:IRING12,IRING12,item-inventory,1,1
icon:IRING13,IRING13,item-inventory,1,1
icon:IRING14,IRING14,item-inventory,2,2
icon:IRING15,IRING15,item-inventory,1,1
icon:IRING16,IRING16,item-inventory,1,1
icon:IRING17,IRING17,item-inventory,2,2
icon:IRING18,IRING18,item-inventory,2,2
icon:IRING19,IRING19,item-inventory,1,1
icon:IRING20,IRING20,item-inventory,1,1
icon:IRING21,IRING21,item-inventory,1,1
icon:IRING22,IRING22,item-inventory,1,1
icon:IRING23,IRING23,item-inventory,1,1
icon:IRING26,IRING26,item-inventory,1,1
icon:IRING27,IRING27,item-inventory,1,1
icon:IRING28,IRING28,item-inventory,1,1
icon:IRING29,IRING29,item-inventory,1,1
icon:IRING31,IRING31,item-inventory,2,2
icon:IRING33,IRING33,item-inventory,1,1
icon:IRING34,IRING34,item-inventory,1,1
icon:IRING35,IRING35,item-inventory,2,2
icon:IRING36,IRING36,item-inventory,1,1
icon:IRING37,IRING37,item-inventory,1,1
icon:IRING38,IRING38,item-inventory,1,1
icon:IRING39,IRING39,item-inventory,1,1
icon:IRING41,IRING41,item-inventory,1,1
icon:IRING43,IRING43,item-inventory,1,1
icon:IRING44,IRING44,item-inventory,1,1
icon:IRING45,IRING45,item-inventory,1,1
icon:IRING46,IRING46,item-inventory,1,1
icon:IRODS01,IRODS01,item-inventory,1,1
icon:IRODS02,IRODS02,item-inventory,2,2
icon:IRODS03,IRODS03,item-inventory,1,1
icon:IRODS04,IRODS04,item-inventory,2,2
icon:IRODS05,IRODS05,item-inventory,1,1
icon:IRODS06,IRODS06,item-inventory,1,1
icon:ISCALEB,ISCALEB,item-inventory,1,1
icon:ISCALER,ISCALER,item-inventory,1,1
icon:ISCALES,ISCALES,item-inventory,1,1
icon:ISCRL02,ISCRL02,item-inventory,38,38
icon:ISCRL03,ISCRL03,item-inventory,2,2
icon:ISCRL04,ISCRL04,item-inventory,2,2
icon:ISCRL05,ISCRL05,item-inventory,2,2
icon:ISCRL06,ISCRL06,item-inventory,2,2
icon:ISCRL07,ISCRL07,item-inventory,2,2
icon:ISCRL08,ISCRL08,item-inventory,2,2
icon:ISCRL09,ISCRL09,item-inventory,3,3
icon:ISCRL10,ISCRL10,item-inventory,1,1
icon:ISCRL15,ISCRL15,item-inventory,1,1
icon:ISCRL18,ISCRL18,item-inventory,12,12
icon:ISCRL1B,ISCRL1B,item-inventory,1,1
icon:ISCRL1C,ISCRL1C,item-inventory,1,1
icon:ISCRL1D,ISCRL1D,item-inventory,1,1
icon:ISCRL1E,ISCRL1E,item-inventory,1,1
icon:ISCRL1F,ISCRL1F,item-inventory,2,2
icon:ISCRL1G,ISCRL1G,item-inventory,2,2
icon:ISCRL1H,ISCRL1H,item-inventory,1,1
icon:ISCRL1J,ISCRL1J,item-inventory,1,1
icon:ISCRL1K,ISCRL1K,item-inventory,1,1
icon:ISCRL1L,ISCRL1L,item-inventory,2,2
icon:ISCRL1M,ISCRL1M,item-inventory,1,1
icon:ISCRL1N,ISCRL1N,item-inventory,1,1
icon:ISCRL1O,ISCRL1O,item-inventory,1,1
icon:ISCRL1P,ISCRL1P,item-inventory,1,1
icon:ISCRL1Q,ISCRL1Q,item-inventory,1,1
icon:ISCRL1R,ISCRL1R,item-inventory,1,1
icon:ISCRL1S,ISCRL1S,item-inventory,1,1
icon:ISCRL1T,ISCRL1T,item-inventory,4,4
icon:ISCRL1U,ISCRL1U,item-inventory,1,1
icon:ISCRL1Y,ISCRL1Y,item-inventory,1,1
icon:ISCRL1Z,ISCRL1Z,item-inventory,1,1
icon:ISCRL2A,ISCRL2A,item-inventory,1,1
icon:ISCRL2D,ISCRL2D,item-inventory,1,1
icon:ISCRL2E,ISCRL2E,item-inventory,1,1
icon:ISCRL2F,ISCRL2F,item-inventory,1,1
icon:ISCRL2G,ISCRL2G,item-inventory,1,1
icon:ISCRL2H,ISCRL2H,item-inventory,1,1
icon:ISCRL2I,ISCRL2I,item-inventory,1,1
icon:ISCRL36,ISCRL36,item-inventory,1,1
icon:ISCRL3P,ISCRL3P,item-inventory,1,1
icon:ISCRL56,ISCRL56,item-inventory,1,1
icon:ISCRL58,ISCRL58,item-inventory,1,1
icon:ISCRL59,ISCRL59,item-inventory,1,1
icon:ISCRL5A,ISCRL5A,item-inventory,1,1
icon:ISCRL5B,ISCRL5B,item-inventory,1,1
icon:ISCRL5C,ISCRL5C,item-inventory,1,1
icon:ISCRL5D,ISCRL5D,item-inventory,1,1
icon:ISCRL5E,ISCRL5E,item-inventory,1,1
icon:ISCRL5F,ISCRL5F,item-inventory,1,1
icon:ISCRL5G,ISCRL5G,item-inventory,1,1
icon:ISCRL5H,ISCRL5H,item-inventory,1,1
icon:ISCRL5I,ISCRL5I,item-inventory,1,1
icon:ISCRL5J,ISCRL5J,item-inventory,1,1
icon:ISCRL5K,ISCRL5K,item-inventory,1,1
icon:ISCRL5L,ISCRL5L,item-inventory,1,1
icon:ISCRL5M,ISCRL5M,item-inventory,1,1
icon:ISCRL5N,ISCRL5N,item-inventory,1,1
icon:ISCRL5O,ISCRL5O,item-inventory,1,1
icon:ISCRL5P,ISCRL5P,item-inventory,1,1
icon:ISCRL5Q,ISCRL5Q,item-inventory,1,1
icon:ISCRL61,ISCRL61,item-inventory,1,1
icon:ISCRL62,ISCRL62,item-inventory,1,1
icon:ISCRL63,ISCRL63,item-inventory,1,1
icon:ISCRL66,ISCRL66,item-inventory,1,1
icon:ISCRL67,ISCRL67,item-inventory,1,1
icon:ISCRL68,ISCRL68,item-inventory,1,1
icon:ISCRL69,ISCRL69,item-inventory,2,2
icon:ISCRL70,ISCRL70,item-inventory,1,1
icon:ISCRL71,ISCRL71,item-inventory,1,1
icon:ISCRL72,ISCRL72,item-inventory,1,1
icon:ISCRL73,ISCRL73,item-inventory,1,1
icon:ISCRL75,ISCRL75,item-inventory,1,1
icon:ISCRL76,ISCRL76,item-inventory,1,1
icon:ISCRL77,ISCRL77,item-inventory,1,1
icon:ISCRL78,ISCRL78,item-inventory,2,2
icon:ISCRL79,ISCRL79,item-inventory,1,1
icon:ISCRL80,ISCRL80,item-inventory,1,1
icon:ISCRL81,ISCRL81,item-inventory,1,1
icon:ISCRL82,ISCRL82,item-inventory,1,1
icon:ISCRL83,ISCRL83,item-inventory,1,1
icon:ISCRL84,ISCRL84,item-inventory,1,1
icon:ISCRL85,ISCRL85,item-inventory,1,1
icon:ISCRL86,ISCRL86,item-inventory,1,1
icon:ISCRL87,ISCRL87,item-inventory,1,1
icon:ISCRL89,ISCRL89,item-inventory,1,1
icon:ISCRL90,ISCRL90,item-inventory,1,1
icon:ISCRL91,ISCRL91,item-inventory,1,1
icon:ISCRL92,ISCRL92,item-inventory,1,1
icon:ISCRL93,ISCRL93,item-inventory,1,1
icon:ISCRL94,ISCRL94,item-inventory,1,1
icon:ISCRL95,ISCRL95,item-inventory,1,1
icon:ISCRL96,ISCRL96,item-inventory,1,1
icon:ISCRL97,ISCRL97,item-inventory,1,1
icon:ISCRL98,ISCRL98,item-inventory,1,1
icon:ISCRL99,ISCRL99,item-inventory,1,1
icon:ISECRT01,ISECRT01,item-inventory,1,1
icon:ISECRT02,ISECRT02,item-inventory,1,1
icon:ISECRT04,ISECRT04,item-inventory,1,1
icon:ISECRT05,ISECRT05,item-inventory,1,1
icon:ISERIOUS,ISERIOUS,item-inventory,1,1
icon:ISGRASP,ISGRASP,item-inventory,33,33
icon:ISHAM01,ISHAM01,item-inventory,3,3
icon:ISHAPE02,ISHAPE02,item-inventory,2,2
icon:ISHAPE03,ISHAPE03,item-inventory,6,6
icon:ISHAPE04,ISHAPE04,item-inventory,2,2
icon:ISHAPE05,ISHAPE05,item-inventory,3,3
icon:ISHAPE06,ISHAPE06,item-inventory,4,4
icon:ISHAPE07,ISHAPE07,item-inventory,3,3
icon:ISHIL01,ISHIL01,item-inventory,2,2
icon:ISHLD01,ISHLD01,item-inventory,3,3
icon:ISHLD02,ISHLD02,item-inventory,2,2
icon:ISHLD03,ISHLD03,item-inventory,2,2
icon:ISHLD04,ISHLD04,item-inventory,2,2
icon:ISHLD05,ISHLD05,item-inventory,1,1
icon:ISHLD06,ISHLD06,item-inventory,1,1
icon:ISHLD07,ISHLD07,item-inventory,2,2
icon:ISHLD08,ISHLD08,item-inventory,1,1
icon:ISHLD09,ISHLD09,item-inventory,1,1
icon:ISHLD10,ISHLD10,item-inventory,2,2
icon:ISHLD11,ISHLD11,item-inventory,1,1
icon:ISHLD12,ISHLD12,item-inventory,1,1
icon:ISHLD13,ISHLD13,item-inventory,1,1
icon:ISHLD14,ISHLD14,item-inventory,1,1
icon:ISHLD15,ISHLD15,item-inventory,2,2
icon:ISHLD16,ISHLD16,item-inventory,1,1
icon:ISHLD17,ISHLD17,item-inventory,1,1
icon:ISHLD19,ISHLD19,item-inventory,1,1
icon:ISHLD20,ISHLD20,item-inventory,1,1
icon:ISHLD21,ISHLD21,item-inventory,1,1
icon:ISHLD22,ISHLD22,item-inventory,2,2
icon:ISHLD23,ISHLD23,item-inventory,1,1
icon:ISHLD25,ISHLD25,item-inventory,1,1
icon:ISHLD27,ISHLD27,item-inventory,2,2
icon:ISHLD28,ISHLD28,item-inventory,1,1
icon:ISHLD29,ISHLD29,item-inventory,1,1
icon:ISHLD32,ISHLD32,item-inventory,1,1
icon:ISHLDB01,ISHLDB01,item-inventory,1,1
icon:ISHLDB02,ISHLDB02,item-inventory,1,1
icon:ISHLDB03,ISHLDB03,item-inventory,1,1
icon:ISHLDB04,ISHLDB04,item-inventory,1,1
icon:ISHLDFS,ISHLDFS,item-inventory,1,1
icon:ISHLDGN,ISHLDGN,item-inventory,1,1
icon:ISHLDL01,ISHLDL01,item-inventory,1,1
icon:ISHLDL02,ISHLDL02,item-inventory,1,1
icon:ISHLDL03,ISHLDL03,item-inventory,1,1
icon:ISHLDL04,ISHLDL04,item-inventory,1,1
icon:ISHLDL05,ISHLDL05,item-inventory,1,1
icon:ISHLDL06,ISHLDL06,item-inventory,1,1
icon:ISHLDM01,ISHLDM01,item-inventory,1,1
icon:ISHLDM02,ISHLDM02,item-inventory,1,1
icon:ISHLDM03,ISHLDM03,item-inventory,1,1
icon:ISHLDM05,ISHLDM05,item-inventory,1,1
icon:ISHLDM06,ISHLDM06,item-inventory,1,1
icon:ISHLDM09,ISHLDM09,item-inventory,1,1
icon:ISHLDRF,ISHLDRF,item-inventory,1,1
icon:ISHLDS01,ISHLDS01,item-inventory,1,1
icon:ISHLDS02,ISHLDS02,item-inventory,1,1
icon:ISHLDS03,ISHLDS03,item-inventory,1,1
icon:ISHLDS04,ISHLDS04,item-inventory,1,1
icon:ISHLDS05,ISHLDS05,item-inventory,1,1
icon:ISHLDVR,ISHLDVR,item-inventory,1,1
icon:ISHLDZS,ISHLDZS,item-inventory,1,1
icon:ISLAYLIV,ISLAYLIV,item-inventory,1,1
icon:ISLNG01,ISLNG01,item-inventory,1,1
icon:ISLNG02,ISLNG02,item-inventory,1,1
icon:ISLNG03,ISLNG03,item-inventory,1,1
icon:ISLNG04,ISLNG04,item-inventory,1,1
icon:ISLNG05,ISLNG05,item-inventory,1,1
icon:ISLNG06,ISLNG06,item-inventory,1,1
icon:ISLNG07,ISLNG07,item-inventory,2,2
icon:ISLNG08,ISLNG08,item-inventory,2,2
icon:ISLNG10,ISLNG10,item-inventory,1,1
icon:ISORB,ISORB,item-inventory,1,1
icon:ISPER01,ISPER01,item-inventory,11,11
icon:ISPER02,ISPER02,item-inventory,1,1
icon:ISPER03,ISPER03,item-inventory,1,1
icon:ISPER04,ISPER04,item-inventory,1,1
icon:ISPER05,ISPER05,item-inventory,2,2
icon:ISPER06,ISPER06,item-inventory,1,1
icon:ISPER07,ISPER07,item-inventory,1,1
icon:ISPER08,ISPER08,item-inventory,2,2
icon:ISPER09,ISPER09,item-inventory,1,1
icon:ISPER10,ISPER10,item-inventory,1,1
icon:ISPER11,ISPER11,item-inventory,2,2
icon:ISPER12,ISPER12,item-inventory,1,1
icon:ISTAF01,ISTAF01,item-inventory,6,6
icon:ISTAF01,ISTAF01,spellbook,1,1
icon:ISTAF02,ISTAF02,item-inventory,3,3
icon:ISTAF05,ISTAF05,item-inventory,1,1
icon:ISTAF06,ISTAF06,item-inventory,1,1
icon:ISTAF07,ISTAF07,item-inventory,1,1
icon:ISTAF08,ISTAF08,item-inventory,1,1
icon:ISTAF09,ISTAF09,item-inventory,1,1
icon:ISTAF10,ISTAF10,item-inventory,1,1
icon:ISTAF11,ISTAF11,item-inventory,1,1
icon:ISTAF12,ISTAF12,item-inventory,1,1
icon:ISTAF13,ISTAF13,item-inventory,1,1
icon:ISTAF14,ISTAF14,item-inventory,1,1
icon:ISTAF15,ISTAF15,item-inventory,1,1
icon:ISTAF16,ISTAF16,item-inventory,1,1
icon:ISTAF17,ISTAF17,item-inventory,1,1
icon:ISTAF18,ISTAF18,item-inventory,2,2
icon:ISTAF19,ISTAF19,item-inventory,1,1
icon:ISTAF20,ISTAF20,item-inventory,1,1
icon:ISTAF21,ISTAF21,item-inventory,2,2
icon:ISTAF22,ISTAF22,item-inventory,1,1
icon:ISTAF23,ISTAF23,item-inventory,1,1
icon:ISTAF24,ISTAF24,item-inventory,1,1
icon:ISW1H01,ISW1H01,item-inventory,3,3
icon:ISW1H02,ISW1H02,item-inventory,3,3
icon:ISW1H03,ISW1H03,item-inventory,2,2
icon:ISW1H04,ISW1H04,item-inventory,3,3
icon:ISW1H05,ISW1H05,item-inventory,5,5
icon:ISW1H06,ISW1H06,item-inventory,2,2
icon:ISW1H07,ISW1H07,item-inventory,7,7
icon:ISW1H08,ISW1H08,item-inventory,7,7
icon:ISW1H09,ISW1H09,item-inventory,2,2
icon:ISW1H10,ISW1H10,item-inventory,5,5
icon:ISW1H13,ISW1H13,item-inventory,1,1
icon:ISW1H15,ISW1H15,item-inventory,4,4
icon:ISW1H16,ISW1H16,item-inventory,1,1
icon:ISW1H20,ISW1H20,item-inventory,3,3
icon:ISW1H22,ISW1H22,item-inventory,2,2
icon:ISW1H24,ISW1H24,item-inventory,3,3
icon:ISW1H25,ISW1H25,item-inventory,1,1
icon:ISW1H26,ISW1H26,item-inventory,1,1
icon:ISW1H27,ISW1H27,item-inventory,1,1
icon:ISW1H28,ISW1H28,item-inventory,1,1
icon:ISW1H29,ISW1H29,item-inventory,1,1
icon:ISW1H30,ISW1H30,item-inventory,2,2
icon:ISW1H31,ISW1H31,item-inventory,2,2
icon:ISW1H32,ISW1H32,item-inventory,1,1
icon:ISW1H33,ISW1H33,item-inventory,2,2
icon:ISW1H34,ISW1H34,item-inventory,1,1
icon:ISW1H35,ISW1H35,item-inventory,1,1
icon:ISW1H36,ISW1H36,item-inventory,1,1
icon:ISW1H37,ISW1H37,item-inventory,2,2
icon:ISW1H38,ISW1H38,item-inventory,2,2
icon:ISW1H39,ISW1H39,item-inventory,2,2
icon:ISW1H40,ISW1H40,item-inventory,2,2
icon:ISW1H41,ISW1H41,item-inventory,1,1
icon:ISW1H42,ISW1H42,item-inventory,2,2
icon:ISW1H43,ISW1H43,item-inventory,1,1
icon:ISW1H44,ISW1H44,item-inventory,2,2
icon:ISW1H45,ISW1H45,item-inventory,1,1
icon:ISW1H46,ISW1H46,item-inventory,1,1
icon:ISW1H47,ISW1H47,item-inventory,2,2
icon:ISW1H48,ISW1H48,item-inventory,2,2
icon:ISW1H49,ISW1H49,item-inventory,1,1
icon:ISW1H50,ISW1H50,item-inventory,1,1
icon:ISW1H51,ISW1H51,item-inventory,1,1
icon:ISW1H54,ISW1H54,item-inventory,1,1
icon:ISW1H54A,ISW1H54A,item-inventory,1,1
icon:ISW1H54B,ISW1H54B,item-inventory,1,1
icon:ISW1H54C,ISW1H54C,item-inventory,1,1
icon:ISW1H55,ISW1H55,item-inventory,1,1
icon:ISW1H58,ISW1H58,item-inventory,1,1
icon:ISW1H59,ISW1H59,item-inventory,1,1
icon:ISW1H60,ISW1H60,item-inventory,1,1
icon:ISW1H61,ISW1H61,item-inventory,1,1
icon:ISW1H62,ISW1H62,item-inventory,2,2
icon:ISW1H63,ISW1H63,item-inventory,2,2
icon:ISW1H64,ISW1H64,item-inventory,2,2
icon:ISW1H65,ISW1H65,item-inventory,2,2
icon:ISW1H66,ISW1H66,item-inventory,1,1
icon:ISW1H67,ISW1H67,item-inventory,1,1
icon:ISW1H68,ISW1H68,item-inventory,1,1
icon:ISW1H69,ISW1H69,item-inventory,1,1
icon:ISW1H70,ISW1H70,item-inventory,1,1
icon:ISW1H71,ISW1H71,item-inventory,1,1
icon:ISW1H72,ISW1H72,item-inventory,3,3
icon:ISW1H73,ISW1H73,item-inventory,1,1
icon:ISW1H74,ISW1H74,item-inventory,1,1
icon:ISW1H75,ISW1H75,item-inventory,1,1
icon:ISW1H76,ISW1H76,item-inventory,3,3
icon:ISW1H77,ISW1H77,item-inventory,1,1
icon:ISW1HBS,ISW1HBS,item-inventory,2,2
icon:ISW1HRC,ISW1HRC,item-inventory,1,1
icon:ISW1HRN,ISW1HRN,item-inventory,2,2
icon:ISW1HWK,ISW1HWK,item-inventory,2,2
icon:ISW2H01,ISW2H01,item-inventory,6,6
icon:ISW2H02,ISW2H02,item-inventory,3,3
icon:ISW2H03,ISW2H03,item-inventory,3,3
icon:ISW2H06,ISW2H06,item-inventory,2,2
icon:ISW2H07,ISW2H07,item-inventory,3,3
icon:ISW2H08,ISW2H08,item-inventory,2,2
icon:ISW2H09,ISW2H09,item-inventory,1,1
icon:ISW2H10,ISW2H10,item-inventory,2,2
icon:ISW2H11,ISW2H11,item-inventory,2,2
icon:ISW2H12,ISW2H12,item-inventory,2,2
icon:ISW2H13,ISW2H13,item-inventory,1,1
icon:ISW2H14,ISW2H14,item-inventory,1,1
icon:ISW2H15,ISW2H15,item-inventory,6,6
icon:ISW2H15A,ISW2H15A,item-inventory,1,1
icon:ISW2H16,ISW2H16,item-inventory,1,1
icon:ISW2H17,ISW2H17,item-inventory,2,2
icon:ISW2H20,ISW2H20,item-inventory,1,1
icon:ISW2H21,ISW2H21,item-inventory,1,1
icon:ISWOSPDR,ISWOSPDR,item-inventory,30,30
icon:ISWSEEK,ISWSEEK,item-inventory,1,1
icon:ITOME01,ITOME01,item-inventory,4,4
icon:ITOME02A,ITOME02A,item-inventory,3,3
icon:IWAND02,IWAND02,item-inventory,3,3
icon:IWAND03,IWAND03,item-inventory,4,4
icon:IWAND04,IWAND04,item-inventory,1,1
icon:IWAND05,IWAND05,item-inventory,2,2
icon:IWAND06,IWAND06,item-inventory,3,3
icon:IWAND07,IWAND07,item-inventory,5,5
icon:IWAND08,IWAND08,item-inventory,1,1
icon:IWAND09,IWAND09,item-inventory,1,1
icon:IWAND10,IWAND10,item-inventory,1,1
icon:IWAND11,IWAND11,item-inventory,2,2
icon:IWAND12,IWAND12,item-inventory,2,2
icon:IWAND13,IWAND13,item-inventory,1,1
icon:IWAND14,IWAND14,item-inventory,2,2
icon:IWAND18,IWAND18,item-inventory,1,1
icon:IWAND19,IWAND19,item-inventory,1,1
icon:IWINGS01,IWINGS01,item-inventory,2,2
icon:IWOLF,IWOLF,item-inventory,59,59
icon:IXBOW01,IXBOW01,item-inventory,4,4
icon:IXBOW02,IXBOW02,item-inventory,1,1
icon:IXBOW03,IXBOW03,item-inventory,1,1
icon:IXBOW04,IXBOW04,item-inventory,1,1
icon:IXBOW05,IXBOW05,item-inventory,1,1
icon:IXBOW06,IXBOW06,item-inventory,1,1
icon:IXBOW07,IXBOW07,item-inventory,1,1
icon:IXBOW08,IXBOW08,item-inventory,1,1
icon:IXBOW10,IXBOW10,item-inventory,1,1
icon:IXBOW11,IXBOW11,item-inventory,1,1
icon:IXBOW12,IXBOW12,item-inventory,1,1
icon:IXBOW13,IXBOW13,item-inventory,1,1
icon:IXBOW14,IXBOW14,item-inventory,1,1
icon:IXBOW15,IXBOW15,item-inventory,2,2
icon:IXBOW17,IXBOW17,item-inventory,1,1
icon:IXBOW18,IXBOW18,item-inventory,1,1
icon:MDKSUMM,MDKSUMM,item-inventory,1,1
icon:OHAROW50,OHAROW50,item-inventory,1,1
icon:OHBCNOSH,OHBCNOSH,item-description,1,1
icon:OHBCOM03,OHBCOM03,item-description,1,1
icon:OHBCOM05,OHBCOM05,item-description,1,1
icon:OHBCOM07,OHBCOM07,item-description,1,1
icon:OHBCOM12,OHBCOM12,item-inventory,1,1
icon:OHBDUST1,OHBDUST1,item-inventory,1,1
icon:OHBDUST2,OHBDUST2,item-inventory,1,1
icon:OHBINOSH,OHBINOSH,item-inventory,1,1
icon:OHBIOM03,OHBIOM03,item-inventory,1,1
icon:OHBIOM05,OHBIOM05,item-inventory,1,1
icon:OHBIOM07,OHBIOM07,item-inventory,1,1
icon:OHBIPN03,OHBIPN03,item-inventory,1,1
icon:OHBIPN05,OHBIPN05,item-inventory,1,1
icon:OHBIPN06,OHBIPN06,item-inventory,1,1
icon:OHBIPN07,OHBIPN07,item-inventory,1,1
icon:OHBIPN10,OHBIPN10,item-inventory,1,1
icon:OHBIRNG2,OHBIRNG2,item-inventory,1,1
icon:OHBISHL1,OHBISHL1,item-inventory,1,1
icon:OHBOLT50,OHBOLT50,item-inventory,1,1
icon:OHBPTN03,OHBPTN03,item-description,1,1
icon:OHBPTN05,OHBPTN05,item-description,1,1
icon:OHBPTN06,OHBPTN06,item-description,1,1
icon:OHBPTN07,OHBPTN07,item-description,1,1
icon:OHBPTN10,OHBPTN10,item-description,1,1
icon:OHBREW06,OHBREW06,item-inventory,1,1
icon:OHCHAN50,OHCHAN50,item-inventory,1,1
icon:OHDAPPLE,OHDAPPLE,item-description,1,1
icon:OHDART50,OHDART50,item-inventory,1,1
icon:OHDART51,OHDART51,item-inventory,1,1
icon:OHDCACOR,OHDCACOR,item-description,2,2
icon:OHDCCRYS,OHDCCRYS,item-description,1,1
icon:OHDCS2HA,OHDCS2HA,item-description,1,1
icon:OHDCS2HB,OHDCS2HB,item-description,1,1
icon:OHDCS2HC,OHDCS2HC,item-description,1,1
icon:OHDCS2HD,OHDCS2HD,item-description,1,1
icon:OHDCSMS1,OHDCSMS1,item-description,1,1
icon:OHDCSMS2,OHDCSMS2,item-description,1,1
icon:OHDCSMS3,OHDCSMS3,item-description,1,1
icon:OHDHSWDI,OHDHSWDI,item-inventory,1,1
icon:OHDIACOR,OHDIACOR,item-inventory,2,2
icon:OHDIAPPL,OHDIAPPL,item-inventory,1,1
icon:OHDICRYS,OHDICRYS,item-inventory,1,1
icon:OHDIINK,OHDIINK,item-inventory,1,1
icon:OHDIMASK,OHDIMASK,item-inventory,1,1
icon:OHDINK,OHDINK,item-description,1,1
icon:OHDISIG,OHDISIG,item-inventory,1,1
icon:OHDISMS1,OHDISMS1,item-inventory,1,1
icon:OHDISMS2,OHDISMS2,item-inventory,1,1
icon:OHDISMS3,OHDISMS3,item-inventory,1,1
icon:OHDISW2H,OHDISW2H,item-inventory,4,4
icon:OHDMASK,OHDMASK,item-description,1,1
icon:OHDSIGIL,OHDSIGIL,item-description,1,1
icon:OHHBAG,OHHBAG,item-description,1,1
icon:OHHCASK,OHHCASK,item-description,2,2
icon:OHHCCASQ,OHHCCASQ,item-description,1,1
icon:OHHCCLAW,OHHCCLAW,item-description,1,1
icon:OHHCCLK,OHHCCLK,item-description,1,1
icon:OHHCSHRO,OHHCSHRO,item-description,1,1
icon:OHHDRAIC,OHHDRAIC,spellbook,5,5
icon:OHHEXAM0,OHHEXAM0,item-description,2,2
icon:OHHEXAM2,OHHEXAM2,item-description,5,5
icon:OHHIBAG,OHHIBAG,item-inventory,1,1
icon:OHHICASK,OHHICASK,item-inventory,2,2
icon:OHHICASQ,OHHICASQ,item-inventory,1,1
icon:OHHICLAW,OHHICLAW,item-inventory,1,1
icon:OHHICLK,OHHICLK,item-inventory,1,1
icon:OHHIOIL,OHHIOIL,item-inventory,1,1
icon:OHHIPRSN,OHHIPRSN,item-inventory,1,1
icon:OHHISHRO,OHHISHRO,item-inventory,1,1
icon:OHHISILK,OHHISILK,item-inventory,1,1
icon:OHHISTAT,OHHISTAT,item-inventory,2,2
icon:OHHOIL,OHHOIL,item-description,1,1
icon:OHHPRISN,OHHPRISN,item-description,1,1
icon:OHHROD,OHHROD,item-inventory,2,2
icon:OHHSILK,OHHSILK,item-description,1,1
icon:OHHSTATU,OHHSTATU,item-description,2,2
icon:OHHSUMMC,OHHSUMMC,spellbook,1,1
icon:OHHXIAM0,OHHXIAM0,item-inventory,2,2
icon:OHHXIAM2,OHHXIAM2,item-inventory,5,5
icon:OHLEAT50,OHLEAT50,item-inventory,1,1
icon:OHLEAT51,OHLEAT51,item-inventory,1,1
icon:OHLEAT52,OHLEAT52,item-inventory,1,1
icon:OHLEAT53,OHLEAT53,item-inventory,1,1
icon:OHNCAM02,OHNCAM02,item-description,1,1
icon:OHNCAML1,OHNCAML1,item-description,1,1
icon:OHNCBELL,OHNCBELL,item-description,1,1
icon:OHNCCAT,OHNCCAT,item-description,2,2
icon:OHNCHAMM,OHNCHAMM,item-description,1,1
icon:OHNCHLM1,OHNCHLM1,item-description,1,1
icon:OHNCNOTE,OHNCNOTE,item-description,2,2
icon:OHNCROB1,OHNCROB1,item-description,1,1
icon:OHNCROB2,OHNCROB2,item-description,1,1
icon:OHNCSH1,OHNCSH1,item-description,1,1
icon:OHNCSL1,OHNCSL1,item-description,1,1
icon:OHNCTN1,OHNCTN1,item-description,1,1
icon:OHNCWND1,OHNCWND1,item-description,1,1
icon:OHNFOOD,OHNFOOD,item-description,1,1
icon:OHNIAM02,OHNIAM02,item-inventory,1,1
icon:OHNIAML1,OHNIAML1,item-inventory,1,1
icon:OHNIBELL,OHNIBELL,item-inventory,1,1
icon:OHNICAT,OHNICAT,item-inventory,2,2
icon:OHNIFOOD,OHNIFOOD,item-inventory,1,1
icon:OHNIHAMM,OHNIHAMM,item-inventory,1,1
icon:OHNIHLM1,OHNIHLM1,item-inventory,1,1
icon:OHNIKEY1,OHNIKEY1,item-description,1,1
icon:OHNIKEY1,OHNIKEY1,item-inventory,1,1
icon:OHNIMBRD,OHNIMBRD,item-inventory,1,1
icon:OHNINOTE,OHNINOTE,item-inventory,2,2
icon:OHNIPOT1,OHNIPOT1,item-inventory,1,1
icon:OHNIROB1,OHNIROB1,item-inventory,1,1
icon:OHNIROB2,OHNIROB2,item-inventory,1,1
icon:OHNIROB3,OHNIROB3,item-inventory,1,1
icon:OHNISH1,OHNISH1,item-inventory,1,1
icon:OHNISL1,OHNISL1,item-inventory,1,1
icon:OHNITNK,OHNITNK,item-inventory,1,1
icon:OHNITUN1,OHNITUN1,item-inventory,1,1
icon:OHNIWND1,OHNIWND1,item-inventory,1,1
icon:OHNMBIRD,OHNMBIRD,item-description,1,1
icon:OHNPOTN1,OHNPOTN1,item-description,1,1
icon:OHNTANK,OHNTANK,item-description,1,1
icon:OHPLAT50,OHPLAT50,item-inventory,1,1
icon:OHRCAML,OHRCAML,item-description,1,1
icon:OHRCAX01,OHRCAX01,item-description,1,1
icon:OHRCAX1,OHRCAX1,item-description,1,1
icon:OHRCBLT1,OHRCBLT1,item-description,1,1
icon:OHRCBLT2,OHRCBLT2,item-description,1,1
icon:OHRCBOT1,OHRCBOT1,item-description,1,1
icon:OHRCBRC1,OHRCBRC1,item-description,1,1
icon:OHRCCLK1,OHRCCLK1,item-description,1,1
icon:OHRCCLK2,OHRCCLK2,item-description,1,1
icon:OHRCCLK3,OHRCCLK3,item-description,1,1
icon:OHRCCLK4,OHRCCLK4,item-description,1,1
icon:OHRCEYE,OHRCEYE,item-description,1,1
icon:OHRCGM01,OHRCGM01,item-description,1,1
icon:OHRCRNG1,OHRCRNG1,item-description,1,1
icon:OHRCSLG1,OHRCSLG1,item-description,1,1
icon:OHRCSWH1,OHRCSWH1,item-description,1,1
icon:OHRCWHEL,OHRCWHEL,item-description,1,1
icon:OHRGAX01,OHRGAX01,item-ground,1,1
icon:OHRGGM01,OHRGGM01,item-ground,1,1
icon:OHRIAML,OHRIAML,item-inventory,1,1
icon:OHRIAX01,OHRIAX01,item-inventory,1,1
icon:OHRIAX1,OHRIAX1,item-inventory,1,1
icon:OHRIBLT1,OHRIBLT1,item-inventory,1,1
icon:OHRIBLT2,OHRIBLT2,item-inventory,1,1
icon:OHRIBOT1,OHRIBOT1,item-inventory,1,1
icon:OHRIBRC1,OHRIBRC1,item-inventory,1,1
icon:OHRICLK1,OHRICLK1,item-inventory,1,1
icon:OHRICLK2,OHRICLK2,item-inventory,1,1
icon:OHRICLK3,OHRICLK3,item-inventory,1,1
icon:OHRICLK4,OHRICLK4,item-inventory,1,1
icon:OHRIEYE,OHRIEYE,item-inventory,1,1
icon:OHRIGM01,OHRIGM01,item-inventory,1,1
icon:OHRIRNG1,OHRIRNG1,item-inventory,1,1
icon:OHRISLG1,OHRISLG1,item-inventory,1,1
icon:OHRISWH1,OHRISWH1,item-inventory,1,1
icon:OHRIWHEL,OHRIWHEL,item-inventory,1,1
icon:OHRSCRL1,OHRSCRL1,item-inventory,1,1
icon:OHSHLD50,OHSHLD50,item-inventory,1,1
icon:OHSHLD51,OHSHLD51,item-inventory,1,1
icon:OHSW1H51,OHSW1H51,item-inventory,1,1
icon:OHSW1H52,OHSW1H52,item-inventory,1,1
icon:OHSW1H53,OHSW1H53,item-inventory,1,1
icon:OHSW1H54,OHSW1H54,item-inventory,1,1
icon:OHSW1H55,OHSW1H55,item-inventory,1,1
icon:OHSWCREA,OHSWCREA,item-description,2,2
icon:OHSWIREA,OHSWIREA,item-inventory,2,2
icon:OHTEMPC,OHTEMPC,item-description,1,1
icon:OHTEMPI,OHTEMPI,item-inventory,1,1
icon:OHTMPS2C,OHTMPS2C,spellbook,3,3
icon:OHTYR1C,OHTYR1C,spellbook,1,1
icon:OHTYR2C,OHTYR2C,spellbook,1,1
icon:PAMUL26,PAMUL26,item-description,1,1
icon:PAMUL27,PAMUL27,item-description,1,1
icon:PAROW15,PAROW15,item-description,2,2
icon:PAX1H14,PAX1H14,item-description,3,3
icon:PAX1H16,PAX1H16,item-description,1,1
icon:PBAG05,PBAG05,item-description,1,1
icon:PBAG06,PBAG06,item-description,4,4
icon:PBELT11,PBELT11,item-description,1,1
icon:PBELT12,PBELT12,item-description,1,1
icon:PBELT13,PBELT13,item-description,1,1
icon:PBELT14,PBELT14,item-description,1,1
icon:PBLUN26,PBLUN26,item-description,2,2
icon:PBLUN28,PBLUN28,item-description,2,2
icon:PBLUN30,PBLUN30,item-description,3,3
icon:PBLUN30A,PBLUN30A,item-description,1,1
icon:PBLUN30B,PBLUN30B,item-description,1,1
icon:PBOLT09,PBOLT09,item-description,2,2
icon:PBOOT12,PBOOT12,item-description,3,3
icon:PBOTSMIT,PBOTSMIT,item-description,1,1
icon:PBOW20,PBOW20,item-description,4,4
icon:PBOW22,PBOW22,item-description,2,2
icon:PBRAC22,PBRAC22,item-description,2,2
icon:PBRAC24,PBRAC24,item-description,1,1
icon:PBRAC25,PBRAC25,item-description,1,1
icon:PBRAC26,PBRAC26,item-description,1,1
icon:PBRDFLUT,PBRDFLUT,item-description,4,4
icon:PBZPLO01,PBZPLO01,item-description,1,1
icon:PBZPLO02,PBZPLO02,item-description,1,1
icon:PCHAN20,PCHAN20,item-description,1,1
icon:PCLCK32,PCLCK32,item-description,1,1
icon:PCOMPO01,PCOMPO01,item-description,1,1
icon:PCOMPO02,PCOMPO02,item-description,1,1
icon:PCOMPO03,PCOMPO03,item-description,1,1
icon:PCOMPO11,PCOMPO11,item-description,1,1
icon:PCOMPO12,PCOMPO12,item-description,1,1
icon:PCOMPO13,PCOMPO13,item-description,1,1
icon:PCOMPO14,PCOMPO14,item-description,1,1
icon:PCOMPO17,PCOMPO17,item-description,1,1
icon:PDAGG21,PDAGG21,item-description,2,2
icon:PDAGG23,PDAGG23,item-description,1,1
icon:PDART08,PDART08,item-description,2,2
icon:PFIGUR01,PFIGUR01,item-description,2,2
icon:PGLBBLU1,PGLBBLU1,item-description,4,4
icon:PGLBGRE1,PGLBGRE1,item-description,4,4
icon:PGLBPUR1,PGLBPUR1,item-description,4,4
icon:PGLBRED1,PGLBRED1,item-description,4,4
icon:PHAMM10,PHAMM10,item-description,3,3
icon:PHELM23,PHELM23,item-description,5,5
icon:PHELM29,PHELM29,item-description,3,3
icon:PLEAT23,PLEAT23,item-description,1,1
icon:PLYBASSB,PLYBASSB,spellbook,1,1
icon:PLYBEA1B,PLYBEA1B,spellbook,1,1
icon:PLYBEA2B,PLYBEA2B,spellbook,1,1
icon:PLYFLINB,PLYFLINB,spellbook,1,1
icon:PLYJELLB,PLYJELLB,spellbook,1,1
icon:PLYMANB,PLYMANB,spellbook,5,5
icon:PLYOGREB,PLYOGREB,spellbook,1,1
icon:PLYSPIDB,PLYSPIDB,spellbook,4,4
icon:PLYWOLFB,PLYWOLFB,spellbook,1,1
icon:PLYWYVNB,PLYWYVNB,spellbook,1,1
icon:PMISCCB,PMISCCB,item-description,1,1
icon:POO,POO,item-description,1,1
icon:PPLAT20,PPLAT20,item-description,1,1
icon:PPLAT21,PPLAT21,item-description,1,1
icon:PPLOT01B,PPLOT01B,item-description,1,1
icon:PPLOT01C,PPLOT01C,item-description,1,1
icon:PPLOT01D,PPLOT01D,item-description,1,1
icon:PPLOT01E,PPLOT01E,item-description,1,1
icon:PPLOT01F,PPLOT01F,item-description,1,1
icon:PPLOT01H,PPLOT01H,item-description,1,1
icon:PPLOT01J,PPLOT01J,item-description,1,1
icon:PPLOT01K,PPLOT01K,item-description,1,1
icon:PPLOT01L,PPLOT01L,item-description,1,1
icon:PPLOT01P,PPLOT01P,item-description,1,1
icon:PPLOT02A,PPLOT02A,item-description,1,1
icon:PPLOT02B,PPLOT02B,item-description,1,1
icon:PPLOT02C,PPLOT02C,item-description,1,1
icon:PPLOT02D,PPLOT02D,item-description,1,1
icon:PPLOT02E,PPLOT02E,item-description,1,1
icon:PPLOT02H,PPLOT02H,item-description,2,2
icon:PPLOT03A,PPLOT03A,item-description,1,1
icon:PPLOT03B,PPLOT03B,item-description,1,1
icon:PPLOT03C,PPLOT03C,item-description,1,1
icon:PPLOT03D,PPLOT03D,item-description,1,1
icon:PPLOT03E,PPLOT03E,item-description,1,1
icon:PPLOT04A,PPLOT04A,item-description,1,1
icon:PPLOT04B,PPLOT04B,item-description,1,1
icon:PPLOT04C,PPLOT04C,item-description,1,1
icon:PPLOT04D,PPLOT04D,item-description,1,1
icon:PPLOT04F,PPLOT04F,item-description,1,1
icon:PPLOT04G,PPLOT04G,item-description,1,1
icon:PPLOT04H,PPLOT04H,item-description,1,1
icon:PPLOT04I,PPLOT04I,item-description,1,1
icon:PPLOT05A,PPLOT05A,item-description,1,1
icon:PPLOT05B,PPLOT05B,item-description,1,1
icon:PPLOT05C,PPLOT05C,item-description,1,1
icon:PPOTN55,PPOTN55,item-description,2,2
icon:PQUIVR01,PQUIVR01,item-description,4,4
icon:PQUIVR03,PQUIVR03,item-description,2,2
icon:PRING43,PRING43,item-description,1,1
icon:PRING44,PRING44,item-description,1,1
icon:PRING45,PRING45,item-description,1,1
icon:PRODS06,PRODS06,item-description,3,3
icon:PSECRT01,PSECRT01,item-description,1,1
icon:PSECRT02,PSECRT02,item-description,1,1
icon:PSECRT04,PSECRT04,item-description,1,1
icon:PSECRT05,PSECRT05,item-description,1,1
icon:PSLNG08,PSLNG08,item-description,2,2
icon:PSPER11,PSPER11,item-description,3,3
icon:PSTAF21,PSTAF21,item-description,3,3
icon:PSTAF23,PSTAF23,item-description,1,1
icon:PSW1H58,PSW1H58,item-description,2,2
icon:PSW1H60,PSW1H60,item-description,2,2
icon:PSW1H62,PSW1H62,item-description,4,4
icon:PSW1H64,PSW1H64,item-description,4,4
icon:PSW1H66,PSW1H66,item-description,1,1
icon:PSW1H67,PSW1H67,item-description,1,1
icon:PSW1H68,PSW1H68,item-description,2,2
icon:PSW1H70,PSW1H70,item-description,2,2
icon:PSW2H17,PSW2H17,item-description,2,2
icon:PTOME01,PTOME01,item-description,4,4
icon:PTOME02A,PTOME02A,item-description,3,3
icon:PWAND18,PWAND18,item-description,1,1
icon:PWAND19,PWAND19,item-description,1,1
icon:PXBOW15,PXBOW15,item-description,2,2
icon:SETSNARE,SETSNARE,spellbook,1,1
icon:SPCL121B,SPCL121B,spellbook,1,1
icon:SPCL152B,SPCL152B,spellbook,1,1
icon:SPCL222C,SPCL222C,spellbook,1,1
icon:SPCL236C,SPCL236C,spellbook,1,1
icon:SPCL237B,SPCL237B,spellbook,1,1
icon:SPCL238C,SPCL238C,spellbook,1,1
icon:SPCL239C,SPCL239C,spellbook,2,2
icon:SPCL412C,SPCL412C,spellbook,1,1
icon:SPCL414C,SPCL414C,spellbook,1,1
icon:SPCL423,SPCL423,spellbook,2,2
icon:SPCL423C,SPCL423C,spellbook,1,1
icon:SPCL521C,SPCL521C,spellbook,1,1
icon:SPCL522C,SPCL522C,spellbook,1,1
icon:SPCL621C,SPCL621C,spellbook,7,7
icon:SPCL632B,SPCL632B,spellbook,1,1
icon:SPCL641C,SPCL641C,spellbook,2,2
icon:SPCL721C,SPCL721C,spellbook,1,1
icon:SPCL731C,SPCL731C,spellbook,1,1
icon:SPCL741C,SPCL741C,spellbook,1,1
icon:SPCL811C,SPCL811C,spellbook,1,1
icon:SPCL815B,SPCL815B,spellbook,1,1
icon:SPCL815C,SPCL815C,spellbook,2,2
icon:SPCL820C,SPCL820C,spellbook,1,1
icon:SPCL900B,SPCL900B,spellbook,1,1
icon:SPCL936C,SPCL936C,spellbook,1,1
icon:SPCL937C,SPCL937C,spellbook,1,1
icon:SPCL938C,SPCL938C,spellbook,1,1
icon:SPCL940C,SPCL940C,spellbook,1,1
icon:SPCL941C,SPCL941C,spellbook,2,2
icon:SPDD03C,SPDD03C,spellbook,1,1
icon:SPDWD02C,SPDWD02C,spellbook,1,1
icon:SPENBARB,SPENBARB,spellbook,1,1
icon:SPIN107B,SPIN107B,spellbook,5,5
icon:SPIN110B,SPIN110B,spellbook,2,2
icon:SPIN111B,SPIN111B,spellbook,2,2
icon:SPIN117B,SPIN117B,spellbook,9,9
icon:SPIN117C,SPIN117C,spellbook,1,1
icon:SPIN152B,SPIN152B,spellbook,1,1
icon:SPIN153B,SPIN153B,spellbook,1,1
icon:SPIN154B,SPIN154B,spellbook,1,1
icon:SPIN155B,SPIN155B,spellbook,3,3
icon:SPIN156B,SPIN156B,spellbook,1,1
icon:SPIN157B,SPIN157B,spellbook,1,1
icon:SPIN160B,SPIN160B,spellbook,1,1
icon:SPIN758B,SPIN758B,spellbook,1,1
icon:SPIN822,SPIN822,spellbook,2,2
icon:SPIN829B,SPIN829B,spellbook,1,1
icon:SPPR101C,SPPR101C,spellbook,7,7
icon:SPPR102C,SPPR102C,spellbook,2,2
icon:SPPR103C,SPPR103C,spellbook,7,7
icon:SPPR104C,SPPR104C,spellbook,5,5
icon:SPPR105C,SPPR105C,spellbook,4,4
icon:SPPR106C,SPPR106C,spellbook,7,7
icon:SPPR107C,SPPR107C,spellbook,4,4
icon:SPPR108C,SPPR108C,spellbook,2,2
icon:SPPR109C,SPPR109C,spellbook,1,1
icon:SPPR110C,SPPR110C,spellbook,2,2
icon:SPPR111B,SPPR111B,spellbook,1,1
icon:SPPR111C,SPPR111C,spellbook,1,1
icon:SPPR113C,SPPR113C,spellbook,3,3
icon:SPPR150C,SPPR150C,spellbook,1,1
icon:SPPR201C,SPPR201C,spellbook,1,1
icon:SPPR202C,SPPR202C,spellbook,1,1
icon:SPPR203C,SPPR203C,spellbook,2,2
icon:SPPR204C,SPPR204C,spellbook,6,6
icon:SPPR205C,SPPR205C,spellbook,2,2
icon:SPPR206C,SPPR206C,spellbook,3,3
icon:SPPR207C,SPPR207C,spellbook,4,4
icon:SPPR208C,SPPR208C,spellbook,43,43
icon:SPPR209C,SPPR209C,spellbook,1,1
icon:SPPR210C,SPPR210C,spellbook,1,1
icon:SPPR211C,SPPR211C,spellbook,9,9
icon:SPPR212C,SPPR212C,spellbook,2,2
icon:SPPR213C,SPPR213C,spellbook,6,6
icon:SPPR214C,SPPR214C,spellbook,12,12
icon:SPPR250C,SPPR250C,spellbook,1,1
icon:SPPR301B,SPPR301B,spellbook,1,1
icon:SPPR301C,SPPR301C,spellbook,2,2
icon:SPPR302C,SPPR302C,spellbook,90,90
icon:SPPR303C,SPPR303C,spellbook,5,5
icon:SPPR304C,SPPR304C,spellbook,5,5
icon:SPPR305C,SPPR305C,spellbook,1,1
icon:SPPR306C,SPPR306C,spellbook,11,11
icon:SPPR307C,SPPR307C,spellbook,1,1
icon:SPPR308C,SPPR308C,spellbook,1,1
icon:SPPR309C,SPPR309C,spellbook,4,4
icon:SPPR310C,SPPR310C,spellbook,6,6
icon:SPPR311C,SPPR311C,spellbook,4,4
icon:SPPR312C,SPPR312C,spellbook,1,1
icon:SPPR313C,SPPR313C,spellbook,1,1
icon:SPPR314B,SPPR314B,spellbook,1,1
icon:SPPR314C,SPPR314C,spellbook,1,1
icon:SPPR315C,SPPR315C,spellbook,1,1
icon:SPPR317C,SPPR317C,spellbook,2,2
icon:SPPR318C,SPPR318C,spellbook,2,2
icon:SPPR319C,SPPR319C,spellbook,1,1
icon:SPPR350C,SPPR350C,spellbook,1,1
icon:SPPR401C,SPPR401C,spellbook,5,5
icon:SPPR402C,SPPR402C,spellbook,6,6
icon:SPPR403C,SPPR403C,spellbook,1,1
icon:SPPR404C,SPPR404C,spellbook,2,2
icon:SPPR405C,SPPR405C,spellbook,2,2
icon:SPPR406C,SPPR406C,spellbook,1,1
icon:SPPR407C,SPPR407C,spellbook,1,1
icon:SPPR408C,SPPR408C,spellbook,4,4
icon:SPPR409C,SPPR409C,spellbook,1,1
icon:SPPR410C,SPPR410C,spellbook,1,1
icon:SPPR411C,SPPR411C,spellbook,3,3
icon:SPPR412C,SPPR412C,spellbook,3,3
icon:SPPR413C,SPPR413C,spellbook,5,5
icon:SPPR414C,SPPR414C,spellbook,4,4
icon:SPPR415C,SPPR415C,spellbook,1,1
icon:SPPR416C,SPPR416C,spellbook,2,2
icon:SPPR417A,SPPR417A,item-inventory,1,1
icon:SPPR417C,SPPR417C,spellbook,2,2
icon:SPPR450C,SPPR450C,spellbook,2,2
icon:SPPR501C,SPPR501C,spellbook,6,6
icon:SPPR502C,SPPR502C,spellbook,1,1
icon:SPPR503C,SPPR503C,spellbook,9,9
icon:SPPR504C,SPPR504C,spellbook,7,7
icon:SPPR506C,SPPR506C,spellbook,1,1
icon:SPPR507C,SPPR507C,spellbook,1,1
icon:SPPR508C,SPPR508C,spellbook,2,2
icon:SPPR509C,SPPR509C,spellbook,7,7
icon:SPPR510C,SPPR510C,spellbook,1,1
icon:SPPR511C,SPPR511C,spellbook,1,1
icon:SPPR512C,SPPR512C,spellbook,1,1
icon:SPPR513C,SPPR513C,spellbook,2,2
icon:SPPR514C,SPPR514C,spellbook,2,2
icon:SPPR515C,SPPR515C,spellbook,1,1
icon:SPPR516C,SPPR516C,spellbook,1,1
icon:SPPR517C,SPPR517C,spellbook,1,1
icon:SPPR550C,SPPR550C,spellbook,2,2
icon:SPPR601C,SPPR601C,spellbook,1,1
icon:SPPR602C,SPPR602C,spellbook,2,2
icon:SPPR603C,SPPR603C,spellbook,3,3
icon:SPPR604C,SPPR604C,spellbook,1,1
icon:SPPR605C,SPPR605C,spellbook,4,4
icon:SPPR606C,SPPR606C,spellbook,1,1
icon:SPPR607C,SPPR607C,spellbook,11,11
icon:SPPR608C,SPPR608C,spellbook,2,2
icon:SPPR609C,SPPR609C,spellbook,1,1
icon:SPPR610C,SPPR610C,spellbook,1,1
icon:SPPR611C,SPPR611C,spellbook,1,1
icon:SPPR612C,SPPR612C,spellbook,1,1
icon:SPPR613C,SPPR613C,spellbook,1,1
icon:SPPR614C,SPPR614C,spellbook,1,1
icon:SPPR650C,SPPR650C,spellbook,1,1
icon:SPPR701C,SPPR701C,spellbook,4,4
icon:SPPR702C,SPPR702C,spellbook,1,1
icon:SPPR703C,SPPR703C,spellbook,1,1
icon:SPPR704C,SPPR704C,spellbook,1,1
icon:SPPR705C,SPPR705C,spellbook,1,1
icon:SPPR707C,SPPR707C,spellbook,1,1
icon:SPPR708C,SPPR708C,spellbook,1,1
icon:SPPR710C,SPPR710C,spellbook,1,1
icon:SPPR711C,SPPR711C,spellbook,2,2
icon:SPPR712C,SPPR712C,spellbook,4,4
icon:SPPR713C,SPPR713C,spellbook,4,4
icon:SPPR715C,SPPR715C,spellbook,1,1
icon:SPPR717C,SPPR717C,spellbook,2,2
icon:SPPR718A,SPPR718A,item-inventory,2,2
icon:SPPR718C,SPPR718C,spellbook,2,2
icon:SPPR719A,SPPR719A,item-inventory,2,2
icon:SPPR719C,SPPR719C,spellbook,2,2
icon:SPPR720A,SPPR720A,item-inventory,1,1
icon:SPPR720C,SPPR720C,spellbook,3,3
icon:SPPR721C,SPPR721C,spellbook,2,2
icon:SPPR722C,SPPR722C,spellbook,1,1
icon:SPPR723C,SPPR723C,spellbook,1,1
icon:SPPR724C,SPPR724C,spellbook,1,1
icon:SPPR725C,SPPR725C,spellbook,4,4
icon:SPPR726C,SPPR726C,spellbook,2,2
icon:SPPR727C,SPPR727C,spellbook,2,2
icon:SPPR728C,SPPR728C,spellbook,1,1
icon:SPPR729C,SPPR729C,spellbook,6,6
icon:SPPR730C,SPPR730C,spellbook,3,3
icon:SPPR731C,SPPR731C,spellbook,1,1
icon:SPPR732C,SPPR732C,spellbook,1,1
icon:SPPR750C,SPPR750C,spellbook,2,2
icon:SPPR751C,SPPR751C,spellbook,1,1
icon:SPSD02C,SPSD02C,spellbook,2,2
icon:SPWI101C,SPWI101C,spellbook,3,3
icon:SPWI102C,SPWI102C,spellbook,2,2
icon:SPWI103C,SPWI103C,spellbook,2,2
icon:SPWI104C,SPWI104C,spellbook,10,10
icon:SPWI105C,SPWI105C,spellbook,3,3
icon:SPWI106B,SPWI106B,spellbook,1,1
icon:SPWI106C,SPWI106C,spellbook,3,3
icon:SPWI107C,SPWI107C,spellbook,1,1
icon:SPWI108C,SPWI108C,spellbook,1,1
icon:SPWI110C,SPWI110C,spellbook,1,1
icon:SPWI111C,SPWI111C,spellbook,1,1
icon:SPWI112C,SPWI112C,spellbook,13,13
icon:SPWI113C,SPWI113C,spellbook,1,1
icon:SPWI114C,SPWI114C,spellbook,1,1
icon:SPWI115C,SPWI115C,spellbook,1,1
icon:SPWI116C,SPWI116C,spellbook,3,3
icon:SPWI117B,SPWI117B,spellbook,1,1
icon:SPWI117C,SPWI117C,spellbook,2,2
icon:SPWI118C,SPWI118C,spellbook,3,3
icon:SPWI119C,SPWI119C,spellbook,14,14
icon:SPWI120A,SPWI120A,item-inventory,1,1
icon:SPWI120C,SPWI120C,spellbook,1,1
icon:SPWI123A,SPWI123A,item-inventory,1,1
icon:SPWI123C,SPWI123C,spellbook,2,2
icon:SPWI124C,SPWI124C,spellbook,6,6
icon:SPWI125A,SPWI125A,item-inventory,1,1
icon:SPWI125C,SPWI125C,spellbook,2,2
icon:SPWI201B,SPWI201B,spellbook,1,1
icon:SPWI201C,SPWI201C,spellbook,3,3
icon:SPWI202C,SPWI202C,spellbook,1,1
icon:SPWI203C,SPWI203C,spellbook,5,5
icon:SPWI204C,SPWI204C,spellbook,2,2
icon:SPWI205C,SPWI205C,spellbook,15,15
icon:SPWI206C,SPWI206C,spellbook,3,3
icon:SPWI207C,SPWI207C,spellbook,1,1
icon:SPWI208C,SPWI208C,spellbook,1,1
icon:SPWI209C,SPWI209C,spellbook,1,1
icon:SPWI210C,SPWI210C,spellbook,2,2
icon:SPWI211C,SPWI211C,spellbook,4,4
icon:SPWI212B,SPWI212B,spellbook,1,1
icon:SPWI212C,SPWI212C,spellbook,6,6
icon:SPWI213C,SPWI213C,spellbook,6,6
icon:SPWI214C,SPWI214C,spellbook,9,9
icon:SPWI215C,SPWI215C,spellbook,5,5
icon:SPWI217C,SPWI217C,spellbook,11,11
icon:SPWI218B,SPWI218B,spellbook,1,1
icon:SPWI218C,SPWI218C,spellbook,1,1
icon:SPWI219C,SPWI219C,spellbook,1,1
icon:SPWI220A,SPWI220A,item-inventory,1,1
icon:SPWI220C,SPWI220C,spellbook,1,1
icon:SPWI221A,SPWI221A,item-inventory,2,2
icon:SPWI221C,SPWI221C,spellbook,1,1
icon:SPWI222C,SPWI222C,spellbook,1,1
icon:SPWI223A,SPWI223A,item-inventory,1,1
icon:SPWI223C,SPWI223C,spellbook,1,1
icon:SPWI224A,SPWI224A,item-inventory,1,1
icon:SPWI224C,SPWI224C,spellbook,1,1
icon:SPWI301C,SPWI301C,spellbook,21,21
icon:SPWI302C,SPWI302C,spellbook,19,19
icon:SPWI303C,SPWI303C,spellbook,25,25
icon:SPWI304C,SPWI304C,spellbook,18,18
icon:SPWI305C,SPWI305C,spellbook,8,8
icon:SPWI307C,SPWI307C,spellbook,1,1
icon:SPWI308C,SPWI308C,spellbook,18,18
icon:SPWI309C,SPWI309C,spellbook,2,2
icon:SPWI310C,SPWI310C,spellbook,15,15
icon:SPWI311C,SPWI311C,spellbook,4,4
icon:SPWI312C,SPWI312C,spellbook,11,11
icon:SPWI313C,SPWI313C,spellbook,4,4
icon:SPWI314C,SPWI314C,spellbook,14,14
icon:SPWI315C,SPWI315C,spellbook,1,1
icon:SPWI316C,SPWI316C,spellbook,4,4
icon:SPWI317C,SPWI317C,spellbook,2,2
icon:SPWI318A,SPWI318A,item-inventory,1,1
icon:SPWI318C,SPWI318C,spellbook,4,4
icon:SPWI319A,SPWI319A,item-inventory,1,1
icon:SPWI319C,SPWI319C,spellbook,1,1
icon:SPWI320A,SPWI320A,item-inventory,1,1
icon:SPWI320C,SPWI320C,spellbook,1,1
icon:SPWI321A,SPWI321A,item-inventory,1,1
icon:SPWI321C,SPWI321C,spellbook,1,1
icon:SPWI322A,SPWI322A,item-inventory,1,1
icon:SPWI322C,SPWI322C,spellbook,3,3
icon:SPWI324A,SPWI324A,item-inventory,1,1
icon:SPWI324C,SPWI324C,spellbook,2,2
icon:SPWI325A,SPWI325A,item-inventory,1,1
icon:SPWI325C,SPWI325C,spellbook,16,16
icon:SPWI326A,SPWI326A,item-inventory,1,1
icon:SPWI326C,SPWI326C,spellbook,4,4
icon:SPWI401C,SPWI401C,spellbook,9,9
icon:SPWI402C,SPWI402C,spellbook,14,14
icon:SPWI403A,SPWI403A,item-inventory,1,1
icon:SPWI403C,SPWI403C,spellbook,2,2
icon:SPWI404A,SPWI404A,item-inventory,1,1
icon:SPWI404C,SPWI404C,spellbook,2,2
icon:SPWI405C,SPWI405C,spellbook,9,9
icon:SPWI406C,SPWI406C,spellbook,3,3
icon:SPWI407C,SPWI407C,spellbook,13,13
icon:SPWI408A,SPWI408A,item-inventory,2,2
icon:SPWI408C,SPWI408C,spellbook,4,4
icon:SPWI409A,SPWI409A,item-inventory,1,1
icon:SPWI409C,SPWI409C,spellbook,16,16
icon:SPWI410A,SPWI410A,item-inventory,1,1
icon:SPWI410C,SPWI410C,spellbook,1,1
icon:SPWI411C,SPWI411C,spellbook,1,1
icon:SPWI412C,SPWI412C,spellbook,5,5
icon:SPWI413C,SPWI413C,spellbook,6,6
icon:SPWI414C,SPWI414C,spellbook,5,5
icon:SPWI415C,SPWI415C,spellbook,17,17
icon:SPWI416C,SPWI416C,spellbook,3,3
icon:SPWI417A,SPWI417A,item-inventory,1,1
icon:SPWI417C,SPWI417C,spellbook,7,7
icon:SPWI418A,SPWI418A,item-inventory,1,1
icon:SPWI418C,SPWI418C,spellbook,4,4
icon:SPWI419A,SPWI419A,item-inventory,1,1
icon:SPWI419C,SPWI419C,spellbook,1,1
icon:SPWI420A,SPWI420A,item-inventory,1,1
icon:SPWI420C,SPWI420C,spellbook,3,3
icon:SPWI421A,SPWI421A,item-inventory,1,1
icon:SPWI421C,SPWI421C,spellbook,1,1
icon:SPWI423A,SPWI423A,item-inventory,1,1
icon:SPWI423C,SPWI423C,spellbook,1,1
icon:SPWI424A,SPWI424A,item-inventory,2,2
icon:SPWI424C,SPWI424C,spellbook,1,1
icon:SPWI425A,SPWI425A,item-inventory,1,1
icon:SPWI425C,SPWI425C,spellbook,1,1
icon:SPWI501C,SPWI501C,spellbook,2,2
icon:SPWI502C,SPWI502C,spellbook,17,17
icon:SPWI503C,SPWI503C,spellbook,3,3
icon:SPWI504C,SPWI504C,spellbook,1,1
icon:SPWI505C,SPWI505C,spellbook,37,37
icon:SPWI506C,SPWI506C,spellbook,7,7
icon:SPWI507C,SPWI507C,spellbook,1,1
icon:SPWI508C,SPWI508C,spellbook,9,9
icon:SPWI509C,SPWI509C,spellbook,1,1
icon:SPWI510A,SPWI510A,item-inventory,1,1
icon:SPWI510C,SPWI510C,spellbook,1,1
icon:SPWI511A,SPWI511A,item-inventory,1,1
icon:SPWI511C,SPWI511C,spellbook,1,1
icon:SPWI512A,SPWI512A,item-inventory,1,1
icon:SPWI512C,SPWI512C,spellbook,1,1
icon:SPWI513A,SPWI513A,item-inventory,1,1
icon:SPWI513C,SPWI513C,spellbook,3,3
icon:SPWI514A,SPWI514A,item-inventory,1,1
icon:SPWI514C,SPWI514C,spellbook,1,1
icon:SPWI515A,SPWI515A,item-inventory,1,1
icon:SPWI515C,SPWI515C,spellbook,1,1
icon:SPWI516A,SPWI516A,item-inventory,1,1
icon:SPWI516C,SPWI516C,spellbook,3,3
icon:SPWI517A,SPWI517A,item-inventory,1,1
icon:SPWI517C,SPWI517C,spellbook,1,1
icon:SPWI518A,SPWI518A,item-inventory,1,1
icon:SPWI518C,SPWI518C,spellbook,1,1
icon:SPWI520A,SPWI520A,item-inventory,1,1
icon:SPWI520C,SPWI520C,spellbook,3,3
icon:SPWI521A,SPWI521A,item-inventory,1,1
icon:SPWI521C,SPWI521C,spellbook,1,1
icon:SPWI522A,SPWI522A,item-inventory,1,1
icon:SPWI522C,SPWI522C,spellbook,2,2
icon:SPWI523A,SPWI523A,item-inventory,2,2
icon:SPWI523C,SPWI523C,spellbook,2,2
icon:SPWI590C,SPWI590C,spellbook,1,1
icon:SPWI591C,SPWI591C,spellbook,1,1
icon:SPWI592C,SPWI592C,spellbook,1,1
icon:SPWI593C,SPWI593C,spellbook,1,1
icon:SPWI594C,SPWI594C,spellbook,1,1
icon:SPWI595C,SPWI595C,spellbook,1,1
icon:SPWI596C,SPWI596C,spellbook,1,1
icon:SPWI597C,SPWI597C,spellbook,1,1
icon:SPWI601A,SPWI601A,item-inventory,1,1
icon:SPWI601C,SPWI601C,spellbook,1,1
icon:SPWI602A,SPWI602A,item-inventory,1,1
icon:SPWI602C,SPWI602C,spellbook,3,3
icon:SPWI603A,SPWI603A,item-inventory,1,1
icon:SPWI603C,SPWI603C,spellbook,1,1
icon:SPWI604A,SPWI604A,item-inventory,1,1
icon:SPWI604C,SPWI604C,spellbook,1,1
icon:SPWI605A,SPWI605A,item-inventory,1,1
icon:SPWI605C,SPWI605C,spellbook,4,4
icon:SPWI606A,SPWI606A,item-inventory,1,1
icon:SPWI606C,SPWI606C,spellbook,2,2
icon:SPWI607A,SPWI607A,item-inventory,1,1
icon:SPWI607C,SPWI607C,spellbook,1,1
icon:SPWI608A,SPWI608A,item-inventory,1,1
icon:SPWI608C,SPWI608C,spellbook,1,1
icon:SPWI609A,SPWI609A,item-inventory,1,1
icon:SPWI609C,SPWI609C,spellbook,12,12
icon:SPWI611A,SPWI611A,item-inventory,1,1
icon:SPWI611C,SPWI611C,spellbook,2,2
icon:SPWI612A,SPWI612A,item-inventory,1,1
icon:SPWI612C,SPWI612C,spellbook,3,3
icon:SPWI613A,SPWI613A,item-inventory,1,1
icon:SPWI613C,SPWI613C,spellbook,7,7
icon:SPWI614A,SPWI614A,item-inventory,1,1
icon:SPWI614C,SPWI614C,spellbook,1,1
icon:SPWI615A,SPWI615A,item-inventory,1,1
icon:SPWI615C,SPWI615C,spellbook,5,5
icon:SPWI616A,SPWI616A,item-inventory,1,1
icon:SPWI616C,SPWI616C,spellbook,4,4
icon:SPWI617A,SPWI617A,item-inventory,1,1
icon:SPWI617C,SPWI617C,spellbook,1,1
icon:SPWI618A,SPWI618A,item-inventory,1,1
icon:SPWI618C,SPWI618C,spellbook,4,4
icon:SPWI619A,SPWI619A,item-inventory,1,1
icon:SPWI619C,SPWI619C,spellbook,1,1
icon:SPWI620A,SPWI620A,item-inventory,1,1
icon:SPWI620C,SPWI620C,spellbook,1,1
icon:SPWI621A,SPWI621A,item-inventory,1,1
icon:SPWI621C,SPWI621C,spellbook,2,2
icon:SPWI622A,SPWI622A,item-inventory,1,1
icon:SPWI622C,SPWI622C,spellbook,1,1
icon:SPWI623A,SPWI623A,item-inventory,1,1
icon:SPWI623C,SPWI623C,spellbook,1,1
icon:SPWI624A,SPWI624A,item-inventory,1,1
icon:SPWI624C,SPWI624C,spellbook,1,1
icon:SPWI625A,SPWI625A,item-inventory,1,1
icon:SPWI625C,SPWI625C,spellbook,1,1
icon:SPWI701A,SPWI701A,item-inventory,1,1
icon:SPWI701C,SPWI701C,spellbook,2,2
icon:SPWI702A,SPWI702A,item-inventory,1,1
icon:SPWI702C,SPWI702C,spellbook,1,1
icon:SPWI703A,SPWI703A,item-inventory,1,1
icon:SPWI703C,SPWI703C,spellbook,1,1
icon:SPWI704A,SPWI704A,item-inventory,1,1
icon:SPWI704C,SPWI704C,spellbook,1,1
icon:SPWI705A,SPWI705A,item-inventory,1,1
icon:SPWI705C,SPWI705C,spellbook,2,2
icon:SPWI707A,SPWI707A,item-inventory,1,1
icon:SPWI707C,SPWI707C,spellbook,1,1
icon:SPWI708A,SPWI708A,item-inventory,1,1
icon:SPWI708C,SPWI708C,spellbook,2,2
icon:SPWI710A,SPWI710A,item-inventory,1,1
icon:SPWI710C,SPWI710C,spellbook,3,3
icon:SPWI711A,SPWI711A,item-inventory,1,1
icon:SPWI711C,SPWI711C,spellbook,1,1
icon:SPWI712A,SPWI712A,item-inventory,1,1
icon:SPWI712C,SPWI712C,spellbook,1,1
icon:SPWI713A,SPWI713A,item-inventory,1,1
icon:SPWI713C,SPWI713C,spellbook,4,4
icon:SPWI714A,SPWI714A,item-inventory,1,1
icon:SPWI714C,SPWI714C,spellbook,1,1
icon:SPWI715A,SPWI715A,item-inventory,1,1
icon:SPWI715C,SPWI715C,spellbook,7,7
icon:SPWI716A,SPWI716A,item-inventory,1,1
icon:SPWI716C,SPWI716C,spellbook,1,1
icon:SPWI717A,SPWI717A,item-inventory,1,1
icon:SPWI717C,SPWI717C,spellbook,3,3
icon:SPWI718A,SPWI718A,item-inventory,1,1
icon:SPWI718C,SPWI718C,spellbook,3,3
icon:SPWI719A,SPWI719A,item-inventory,1,1
icon:SPWI719C,SPWI719C,spellbook,1,1
icon:SPWI720A,SPWI720A,item-inventory,1,1
icon:SPWI720C,SPWI720C,spellbook,1,1
icon:SPWI721A,SPWI721A,item-inventory,1,1
icon:SPWI721C,SPWI721C,spellbook,1,1
icon:SPWI722A,SPWI722A,item-inventory,1,1
icon:SPWI722C,SPWI722C,spellbook,1,1
icon:SPWI723C,SPWI723C,spellbook,1,1
icon:SPWI801A,SPWI801A,item-inventory,1,1
icon:SPWI801C,SPWI801C,spellbook,2,2
icon:SPWI803A,SPWI803A,item-inventory,1,1
icon:SPWI803C,SPWI803C,spellbook,2,2
icon:SPWI804A,SPWI804A,item-inventory,1,1
icon:SPWI804C,SPWI804C,spellbook,1,1
icon:SPWI805A,SPWI805A,item-inventory,1,1
icon:SPWI805C,SPWI805C,spellbook,1,1
icon:SPWI807A,SPWI807A,item-inventory,1,1
icon:SPWI807C,SPWI807C,spellbook,1,1
icon:SPWI808A,SPWI808A,item-inventory,1,1
icon:SPWI808C,SPWI808C,spellbook,1,1
icon:SPWI809A,SPWI809A,item-inventory,1,1
icon:SPWI809C,SPWI809C,spellbook,3,3
icon:SPWI810A,SPWI810A,item-inventory,1,1
icon:SPWI810C,SPWI810C,spellbook,1,1
icon:SPWI811A,SPWI811A,item-inventory,1,1
icon:SPWI811C,SPWI811C,spellbook,4,4
icon:SPWI812A,SPWI812A,item-inventory,1,1
icon:SPWI812C,SPWI812C,spellbook,3,3
icon:SPWI813A,SPWI813A,item-inventory,1,1
icon:SPWI813C,SPWI813C,spellbook,1,1
icon:SPWI815A,SPWI815A,item-inventory,1,1
icon:SPWI815C,SPWI815C,spellbook,4,4
icon:SPWI818A,SPWI818A,item-inventory,1,1
icon:SPWI818C,SPWI818C,spellbook,4,4
icon:SPWI902A,SPWI902A,item-inventory,1,1
icon:SPWI902C,SPWI902C,spellbook,4,4
icon:SPWI903A,SPWI903A,item-inventory,1,1
icon:SPWI903C,SPWI903C,spellbook,1,1
icon:SPWI905A,SPWI905A,item-inventory,1,1
icon:SPWI905C,SPWI905C,spellbook,3,3
icon:SPWI907A,SPWI907A,item-inventory,1,1
icon:SPWI907C,SPWI907C,spellbook,1,1
icon:SPWI908A,SPWI908A,item-inventory,1,1
icon:SPWI908C,SPWI908C,spellbook,1,1
icon:SPWI909A,SPWI909A,item-inventory,1,1
icon:SPWI909C,SPWI909C,spellbook,3,3
icon:SPWI910A,SPWI910A,item-inventory,1,1
icon:SPWI910C,SPWI910C,spellbook,4,4
icon:SPWI911A,SPWI911A,item-inventory,1,1
icon:SPWI911C,SPWI911C,spellbook,5,5
icon:SPWI912A,SPWI912A,item-inventory,1,1
icon:SPWI912C,SPWI912C,spellbook,4,4
icon:SPWI913A,SPWI913A,item-inventory,1,1
icon:SPWI913C,SPWI913C,spellbook,5,5
icon:SPWI914A,SPWI914A,item-inventory,1,1
icon:SPWI914C,SPWI914C,spellbook,3,3
icon:SPWI915A,SPWI915A,item-inventory,1,1
icon:SPWI915C,SPWI915C,spellbook,1,1
icon:SPWI916A,SPWI916A,item-inventory,1,1
icon:SPWI916C,SPWI916C,spellbook,1,1
icon:SPWI917A,SPWI917A,item-inventory,1,1
icon:SPWI917C,SPWI917C,spellbook,2,2
icon:SPWI918A,SPWI918A,item-inventory,1,1
icon:SPWI918C,SPWI918C,spellbook,3,3
icon:SPWI919A,SPWI919A,item-inventory,1,1
icon:SPWI919C,SPWI919C,spellbook,2,2
icon:SPWI921C,SPWI921C,spellbook,1,1
icon:SPWI922C,SPWI922C,spellbook,1,1
icon:SPWI923C,SPWI923C,spellbook,1,1
icon:SPWI924C,SPWI924C,spellbook,2,2
icon:SPWI925C,SPWI925C,spellbook,3,3
