asset_key,resref,frame_index,width,height,center_x,center_y,block_count
icon:1AMUL07B,1AMUL07B,0,29,33,14,16,
icon:1AMUL07B,1AMUL07B,1,32,32,0,0,
icon:1BAND05,1BAND05,0,46,41,23,20,
icon:1BAND05,1BAND05,1,32,33,0,0,
icon:1BAND06,1BAND06,0,46,41,23,20,
icon:1BAND06,1BAND06,1,32,33,0,0,
icon:1BOLTS02,1BOLTS02,0,58,42,29,21,
icon:1CBAND05,1CBAND05,0,153,205,74,101,
icon:1CBAND06,1CBAND06,0,153,205,74,101,
icon:1CHELM01,1CHELM01,0,120,136,0,0,3
icon:1CHELM03,1CHELM03,0,128,154,0,0,8
icon:1CHELM11,1CHELM11,0,160,197,0,0,7
icon:1CHELM17,1CHELM17,0,160,197,0,0,7
icon:1CHELM18,1CHELM18,0,160,197,0,0,10
icon:1CHELM20,1CHELM20,0,160,197,0,0,6
icon:1CHELM21,1CHELM21,0,160,197,0,0,11
icon:1CHELMX2,1CHELMX2,0,160,188,0,0,9
icon:1CHELMX3,1CHELMX3,0,160,188,0,0,8
icon:1CHELMX4,1CHELMX4,0,153,188,74,101,
icon:1CHELMX6,1CHELMX6,0,160,188,0,0,8
icon:1CLCK07B,1CLCK07B,0,56,63,28,31,
icon:1CLCK27B,1CLCK27B,0,54,64,27,32,
icon:1CSHLDB1,1CSHLDB1,0,160,205,0,0,6
icon:1CSHLDL1,1CSHLDL1,0,160,205,0,0,9
icon:1CSHLDL2,1CSHLDL2,0,160,205,0,0,8
icon:1CSHLDL3,1CSHLDL3,0,160,205,0,0,6
icon:1CSHLDM2,1CSHLDM2,0,160,205,0,0,10
icon:1CSTAFM,1CSTAFM,0,176,210,0,0,9
icon:1GSTAFGS,1GSTAFGS,0,73,35,34,21,
icon:1HELM01,1HELM01,0,34,38,17,19,
icon:1HELM02,1HELM02,0,62,48,31,24,
icon:1HELM03,1HELM03,0,63,46,31,23,
icon:1HELM05,1HELM05,0,52,37,26,18,
icon:1HELM07,1HELM07,0,52,38,26,19,
icon:1HELM08,1HELM08,0,42,39,21,19,
icon:1HELM12,1HELM12,0,28,44,14,22,
icon:1HELM15,1HELM15,0,28,32,14,16,
icon:1HELM16,1HELM16,0,41,45,20,22,
icon:1HELM17,1HELM17,0,43,48,21,24,
icon:1HELM18,1HELM18,0,60,56,30,28,
icon:1HELM19,1HELM19,0,59,56,29,28,
icon:1HELM20,1HELM20,0,60,56,30,28,
icon:1HELM21,1HELM21,0,56,42,28,21,
icon:1HELM22,1HELM22,0,56,26,28,13,
icon:1HELM24,1HELM24,0,50,41,25,20,
icon:1HELM26,1HELM26,0,50,35,25,17,
icon:1QBULL03,1QBULL03,0,49,64,24,32,
icon:1QUIV02,1QUIV02,0,52,42,26,21,
icon:1SHLDL02,1SHLDL02,0,45,66,22,33,
icon:1SHLDL03,1SHLDL03,0,45,66,22,33,
icon:1SHLDL05,1SHLDL05,0,45,66,22,33,
icon:1SHLDM02,1SHLDM02,0,45,62,22,31,
icon:1SWH00,1SWH00,0,50,48,25,24,
icon:C6LANTHO,C6LANTHO,0,112,180,0,0,7
icon:CAMUL01,CAMUL01,0,91,174,0,0,10
icon:CAMUL02,CAMUL02,0,90,180,0,0,11
icon:CAMUL10,CAMUL10,0,103,101,0,0,6
icon:CAMUL14,CAMUL14,0,88,180,0,0,10
icon:CAMUL15,CAMUL15,0,85,185,0,0,10
icon:CAMUL16,CAMUL16,0,98,187,0,0,11
icon:CAMUL17,CAMUL17,0,98,180,0,0,9
icon:CAMUL19,CAMUL19,0,84,142,0,0,6
icon:CAMUL20,CAMUL20,0,85,144,0,0,6
icon:CAMUL21,CAMUL21,0,86,149,0,0,6
icon:CAMUL22,CAMUL22,0,87,154,0,0,5
icon:CAMUL23,CAMUL23,0,86,156,0,0,9
icon:CAMUL24,CAMUL24,0,79,148,0,0,5
icon:CAMUL25,CAMUL25,0,106,152,0,0,9
icon:CAROW01,CAROW01,0,165,168,0,0,7
icon:CAROW02,CAROW02,0,87,150,0,0,5
icon:CAROW03,CAROW03,0,127,200,0,0,7
icon:CAROW04,CAROW04,0,126,200,0,0,5
icon:CAROW05,CAROW05,0,90,151,0,0,6
icon:CAROW06,CAROW06,0,88,144,0,0,5
icon:CAROW07,CAROW07,0,86,139,0,0,6
icon:CAROW08,CAROW08,0,91,149,0,0,5
icon:CAROW09,CAROW09,0,87,143,0,0,5
icon:CAROW10,CAROW10,0,86,142,0,0,5
icon:CAROW11,CAROW11,0,132,200,0,0,7
icon:CAX1H01,CAX1H01,0,114,174,0,0,6
icon:CAX1H04,CAX1H04,0,164,154,0,0,5
icon:CAX1H05,CAX1H05,0,147,136,0,0,7
icon:CAX1H08,CAX1H08,0,117,152,0,0,7
icon:CAX1H09,CAX1H09,0,127,146,0,0,6
icon:CAX1H10,CAX1H10,0,138,153,0,0,7
icon:CAX1H11,CAX1H11,0,151,162,0,0,7
icon:CAX1H12,CAX1H12,0,135,155,0,0,7
icon:CAX1H13,CAX1H13,0,153,145,0,0,7
icon:CBAG02,CBAG02,0,104,127,0,0,4
icon:CBAG03,CBAG03,0,111,122,0,0,5
icon:CBAG04,CBAG04,0,111,115,0,0,3
icon:CBDAMU02,CBDAMU02,0,123,190,0,0,10
icon:CBDBLN16,CBDBLN16,0,180,180,0,0,8
icon:CBDBRD03,CBDBRD03,0,180,180,0,0,7
icon:CBDDUMPL,CBDDUMPL,0,169,180,0,0,6
icon:CBDHEL11,CBDHEL11,0,180,180,0,0,6
icon:CBDMSC5G,CBDMSC5G,0,180,176,0,0,10
icon:CBELT01,CBELT01,0,133,102,0,0,5
icon:CBELT02,CBELT02,0,133,95,0,0,1
icon:CBELT03,CBELT03,0,153,115,0,0,4
icon:CBELT04,CBELT04,0,148,91,0,0,3
icon:CBELT05,CBELT05,0,152,96,0,0,4
icon:CBELT06,CBELT06,0,151,112,0,0,5
icon:CBELT07,CBELT07,0,148,114,0,0,1
icon:CBELT08,CBELT08,0,152,114,0,0,1
icon:CBELT09,CBELT09,0,155,122,0,0,5
icon:CBELT10,CBELT10,0,144,115,0,0,2
icon:CBELTBW,CBELTBW,0,170,180,0,0,7
icon:CBELTSH,CBELTSH,0,160,180,0,0,10
icon:CBELTTY,CBELTTY,0,113,147,0,0,7
icon:CBLUN01,CBLUN01,0,112,158,0,0,5
icon:CBLUN02,CBLUN02,0,159,154,0,0,7
icon:CBLUN04,CBLUN04,0,109,179,0,0,4
icon:CBLUN05,CBLUN05,0,104,164,0,0,5
icon:CBLUN06,CBLUN06,0,103,165,0,0,7
icon:CBLUN07,CBLUN07,0,96,174,0,0,8
icon:CBLUN10,CBLUN10,0,107,187,0,0,7
icon:CBLUN12,CBLUN12,0,114,214,0,0,8
icon:CBLUN13,CBLUN13,0,166,191,0,0,8
icon:CBLUN14,CBLUN14,0,156,185,0,0,8
icon:CBLUN14A,CBLUN14A,0,99,200,0,0,5
icon:CBLUN14B,CBLUN14B,0,93,199,0,0,11
icon:CBLUN14C,CBLUN14C,0,104,197,0,0,9
icon:CBLUN14D,CBLUN14D,0,163,172,0,0,11
icon:CBLUN14E,CBLUN14E,0,146,193,0,0,7
icon:CBLUN14F,CBLUN14F,0,132,161,0,0,3
icon:CBLUN14G,CBLUN14G,0,128,187,0,0,5
icon:CBLUN14H,CBLUN14H,0,127,182,0,0,7
icon:CBLUN14I,CBLUN14I,0,122,163,0,0,9
icon:CBLUN15,CBLUN15,0,105,198,0,0,9
icon:CBLUN17,CBLUN17,0,117,193,0,0,9
icon:CBLUN18,CBLUN18,0,136,226,0,0,9
icon:CBLUN20,CBLUN20,0,93,200,0,0,11
icon:CBLUN21,CBLUN21,0,114,190,0,0,7
icon:CBLUN22,CBLUN22,0,150,228,0,0,10
icon:CBLUN23,CBLUN23,0,123,153,0,0,5
icon:CBLUN24,CBLUN24,0,102,166,0,0,4
icon:CBOLT01,CBOLT01,0,86,89,0,0,3
icon:CBOLT02,CBOLT02,0,100,12,0,0,1
icon:CBOLT03,CBOLT03,0,92,14,0,0,1
icon:CBOLT04,CBOLT04,0,95,10,0,0,1
icon:CBOLT05,CBOLT05,0,92,10,0,0,1
icon:CBOLT06,CBOLT06,0,114,18,0,0,1
icon:CBOOK01,CBOOK01,0,153,143,0,0,4
icon:CBOOK02,CBOOK02,0,131,148,0,0,7
icon:CBOOK09,CBOOK09,0,108,116,0,0,4
icon:CBOOK89,CBOOK89,0,147,134,0,0,8
icon:CBOOK90,CBOOK90,0,139,127,0,0,6
icon:CBOOK91,CBOOK91,0,128,121,0,0,5
icon:CBOOK92,CBOOK92,0,136,124,0,0,5
icon:CBOOK93,CBOOK93,0,128,120,0,0,5
icon:CBOOT01,CBOOT01,0,132,126,0,0,3
icon:CBOOT02,CBOOT02,0,136,130,0,0,7
icon:CBOOT03,CBOOT03,0,141,129,0,0,6
icon:CBOOT04,CBOOT04,0,131,128,0,0,5
icon:CBOOT05,CBOOT05,0,148,128,0,0,3
icon:CBOOT06,CBOOT06,0,160,167,0,0,5
icon:CBOOT07,CBOOT07,0,157,171,0,0,8
icon:CBOOT08,CBOOT08,0,166,172,0,0,8
icon:CBOOT09,CBOOT09,0,147,173,0,0,7
icon:CBOOT10,CBOOT10,0,154,182,0,0,8
icon:CBOOT11,CBOOT11,0,160,187,0,0,5
icon:CBOW01,CBOW01,0,112,187,0,0,8
icon:CBOW02,CBOW02,0,117,204,0,0,9
icon:CBOW03,CBOW03,0,115,200,0,0,9
icon:CBOW04,CBOW04,0,122,208,0,0,9
icon:CBOW05,CBOW05,0,113,193,0,0,10
icon:CBOW06,CBOW06,0,117,197,0,0,10
icon:CBOW07,CBOW07,0,179,234,0,0,11
icon:CBOW08,CBOW08,0,136,218,0,0,9
icon:CBOW09,CBOW09,0,133,154,0,0,6
icon:CBOW10,CBOW10,0,130,154,0,0,6
icon:CBOW11,CBOW11,0,144,176,0,0,8
icon:CBOW12,CBOW12,0,155,208,0,0,10
icon:CBOW13,CBOW13,0,139,178,0,0,10
icon:CBOW14,CBOW14,0,113,136,0,0,6
icon:CBOW15,CBOW15,0,120,172,0,0,7
icon:CBOW16,CBOW16,0,137,206,0,0,8
icon:CBOW17,CBOW17,0,140,198,0,0,9
icon:CBOW18,CBOW18,0,112,147,0,0,6
icon:CBOW19,CBOW19,0,113,141,0,0,6
icon:CBOW19A,CBOW19A,0,114,141,0,0,5
icon:CBOW19B,CBOW19B,0,69,101,0,0,4
icon:CBRAC01,CBRAC01,0,159,161,0,0,6
icon:CBRAC02,CBRAC02,0,155,153,0,0,5
icon:CBRAC03,CBRAC03,0,126,131,0,0,2
icon:CBRAC04,CBRAC04,0,140,119,0,0,1
icon:CBRAC05,CBRAC05,0,125,116,0,0,1
icon:CBRAC06,CBRAC06,0,158,168,0,0,3
icon:CBRAC07,CBRAC07,0,170,162,0,0,9
icon:CBRAC08,CBRAC08,0,130,129,0,0,5
icon:CBRAC09,CBRAC09,0,156,144,0,0,5
icon:CBRAC10,CBRAC10,0,138,141,0,0,9
icon:CBRAC12,CBRAC12,0,126,117,0,0,6
icon:CBRAC13,CBRAC13,0,122,117,0,0,2
icon:CBRAC14,CBRAC14,0,116,118,0,0,4
icon:CBRAC15,CBRAC15,0,128,121,0,0,6
icon:CBRAC16,CBRAC16,0,140,132,0,0,4
icon:CBRAC17,CBRAC17,0,149,163,0,0,8
icon:CBRAC18,CBRAC18,0,154,160,0,0,6
icon:CBRAC19,CBRAC19,0,137,141,0,0,5
icon:CBRAC20,CBRAC20,0,153,160,0,0,4
icon:CBULL01,CBULL01,0,54,61,0,0,1
icon:CBULL02,CBULL02,0,51,53,0,0,1
icon:CBULL03,CBULL03,0,50,54,0,0,2
icon:CBULL04,CBULL04,0,52,51,0,0,2
icon:CCHAN01,CCHAN01,0,99,142,0,0,4
icon:CCHAN02,CCHAN02,0,95,135,0,0,5
icon:CCHAN03,CCHAN03,0,93,134,0,0,3
icon:CCHAN04,CCHAN04,0,94,132,0,0,5
icon:CCHAN05,CCHAN05,0,92,135,0,0,6
icon:CCHAN06,CCHAN06,0,120,212,0,0,7
icon:CCHAN08,CCHAN08,0,130,194,0,0,7
icon:CCHAN09,CCHAN09,0,126,187,0,0,8
icon:CCHAN10,CCHAN10,0,126,193,0,0,2
icon:CCHAN11,CCHAN11,0,125,190,0,0,2
icon:CCHAN12,CCHAN12,0,138,195,0,0,8
icon:CCHAN13,CCHAN13,0,125,191,0,0,7
icon:CCHAN14,CCHAN14,0,133,191,0,0,8
icon:CCHAN15,CCHAN15,0,138,201,0,0,9
icon:CCHAN16,CCHAN16,0,132,206,0,0,7
icon:CCHAN17,CCHAN17,0,132,201,0,0,10
icon:CCHAN18,CCHAN18,0,138,186,0,0,6
icon:CCLCK01,CCLCK01,0,135,182,0,0,6
icon:CCLCK03,CCLCK03,0,136,206,0,0,8
icon:CCLCK04,CCLCK04,0,133,196,0,0,12
icon:CCLCK05,CCLCK05,0,141,201,0,0,6
icon:CCLCK06,CCLCK06,0,156,230,0,0,12
icon:CCLCK07,CCLCK07,0,146,205,0,0,11
icon:CCLCK08,CCLCK08,0,143,167,0,0,9
icon:CCLCK09,CCLCK09,0,104,192,0,0,10
icon:CCLCK12,CCLCK12,0,99,194,0,0,9
icon:CCLCK15,CCLCK15,0,106,179,0,0,5
icon:CCLCK20,CCLCK20,0,144,198,0,0,6
icon:CCLCK23,CCLCK23,0,141,182,0,0,8
icon:CCLCK24,CCLCK24,0,141,178,0,0,4
icon:CCLCK25,CCLCK25,0,138,180,0,0,6
icon:CCLCK26,CCLCK26,0,150,204,0,0,8
icon:CCLCK27,CCLCK27,0,160,214,0,0,5
icon:CCLCK28,CCLCK28,0,152,218,0,0,7
icon:CCLCK29,CCLCK29,0,144,197,0,0,6
icon:CDAGG01,CDAGG01,0,75,125,0,0,6
icon:CDAGG02,CDAGG02,0,146,55,0,0,2
icon:CDAGG03,CDAGG03,0,147,54,0,0,1
icon:CDAGG04,CDAGG04,0,162,41,0,0,2
icon:CDAGG05,CDAGG05,0,146,19,0,0,1
icon:CDAGG10,CDAGG10,0,160,189,0,0,4
icon:CDAGG11,CDAGG11,0,123,142,0,0,8
icon:CDAGG12,CDAGG12,0,141,208,0,0,8
icon:CDAGG13,CDAGG13,0,165,211,0,0,15
icon:CDAGG14,CDAGG14,0,134,222,0,0,10
icon:CDAGG15,CDAGG15,0,112,223,0,0,10
icon:CDAGG16,CDAGG16,0,122,191,0,0,9
icon:CDAGG17,CDAGG17,0,122,199,0,0,7
icon:CDAGG18,CDAGG18,0,136,211,0,0,12
icon:CDAGG19,CDAGG19,0,132,202,0,0,9
icon:CDART01,CDART01,0,146,18,0,0,1
icon:CDART02,CDART02,0,142,20,0,0,1
icon:CDART03,CDART03,0,140,22,0,0,1
icon:CDART04,CDART04,0,141,26,0,0,1
icon:CDART05,CDART05,0,123,187,0,0,5
icon:CDART06,CDART06,0,110,172,0,0,6
icon:CDBLUN01,CDBLUN01,0,143,136,0,0,11
icon:CDBOLT01,CDBOLT01,0,125,134,0,0,6
icon:CDBOLT02,CDBOLT02,0,145,142,0,0,7
icon:CDBOLT03,CDBOLT03,0,134,154,0,0,8
icon:CDCHAN01,CDCHAN01,0,148,200,0,0,7
icon:CDCHAN02,CDCHAN02,0,141,201,0,0,6
icon:CDCLCK01,CDCLCK01,0,152,198,0,0,6
icon:CDDUST01,CDDUST01,0,152,108,0,0,4
icon:CDHALB01,CDHALB01,0,224,193,0,0,10
icon:CDPLAT01,CDPLAT01,0,103,138,0,0,8
icon:CDSHLD01,CDSHLD01,0,117,222,0,0,8
icon:CDSPER01,CDSPER01,0,167,224,0,0,9
icon:CDSW1H01,CDSW1H01,0,162,212,0,0,12
icon:CDSW1H02,CDSW1H02,0,166,179,0,0,7
icon:CDXBOW01,CDXBOW01,0,138,168,0,0,4
icon:CFAMCAT,CFAMCAT,0,100,148,0,0,6
icon:CFAMFER,CFAMFER,0,99,125,0,0,4
icon:CFAMIMP,CFAMIMP,0,137,109,0,0,6
icon:CFAMPSD,CFAMPSD,0,152,168,0,0,8
icon:CFAMRAB,CFAMRAB,0,98,125,0,0,4
icon:CGBER01,CGBER01,0,162,166,0,0,7
icon:CHALB01,CHALB01,0,129,199,0,0,9
icon:CHALB02,CHALB02,0,114,185,0,0,6
icon:CHALB03,CHALB03,0,152,247,0,0,5
icon:CHALB04,CHALB04,0,115,144,0,0,7
icon:CHALB05,CHALB05,0,120,133,0,0,7
icon:CHALB06,CHALB06,0,127,140,0,0,7
icon:CHALB07,CHALB07,0,151,190,0,0,9
icon:CHALB08,CHALB08,0,125,134,0,0,7
icon:CHALB09,CHALB09,0,147,143,0,0,8
icon:CHALB09A,CHALB09A,0,123,153,0,0,7
icon:CHALB09B,CHALB09B,0,83,114,0,0,5
icon:CHAMM01,CHAMM01,0,122,173,0,0,7
icon:CHAMM02,CHAMM02,0,112,164,0,0,7
icon:CHAMM03,CHAMM03,0,133,195,0,0,11
icon:CHAMM05,CHAMM05,0,121,123,0,0,4
icon:CHAMM06,CHAMM06,0,121,122,0,0,4
icon:CHAMM07,CHAMM07,0,120,132,0,0,3
icon:CHAMM08,CHAMM08,0,121,132,0,0,6
icon:CHELM01,CHELM01,0,122,169,0,0,3
icon:CHELM03,CHELM03,0,112,136,0,0,7
icon:CHELM04,CHELM04,0,134,132,0,0,6
icon:CHELM05,CHELM05,0,104,173,0,0,4
icon:CHELM07,CHELM07,0,168,131,0,0,5
icon:CHELM16,CHELM16,0,153,198,0,0,7
icon:CHELM17,CHELM17,0,128,196,0,0,7
icon:CHELM18,CHELM18,0,85,68,0,0,2
icon:CHELM20,CHELM20,0,84,68,0,0,4
icon:CHELM21,CHELM21,0,152,119,0,0,6
icon:CKEY01,CKEY01,0,83,132,0,0,8
icon:CKEY02,CKEY02,0,105,137,0,0,6
icon:CKEY03,CKEY03,0,99,130,0,0,6
icon:CKEY04,CKEY04,0,143,94,0,0,4
icon:CKEY05,CKEY05,0,88,144,0,0,6
icon:CKEY06,CKEY06,0,91,152,0,0,6
icon:CKEY07,CKEY07,0,88,131,0,0,4
icon:CKEY08,CKEY08,0,112,172,0,0,7
icon:CKEY09,CKEY09,0,93,136,0,0,2
icon:CKEY10,CKEY10,0,96,151,0,0,4
icon:CKEY11,CKEY11,0,132,169,0,0,9
icon:CKEY12,CKEY12,0,104,139,0,0,8
icon:CKEY13,CKEY13,0,92,142,0,0,5
icon:CKEY14,CKEY14,0,117,84,0,0,5
icon:CKEY15,CKEY15,0,116,108,0,0,5
icon:CKEY16,CKEY16,0,122,80,0,0,2
icon:CKEY17,CKEY17,0,88,94,0,0,3
icon:CKEY18,CKEY18,0,87,129,0,0,4
icon:CKEY19,CKEY19,0,112,139,0,0,7
icon:CKEY20,CKEY20,0,141,217,0,0,3
icon:CKEY21,CKEY21,0,101,130,0,0,8
icon:CKEY22,CKEY22,0,88,166,0,0,8
icon:CKEY23,CKEY23,0,156,164,0,0,6
icon:CKEY24,CKEY24,0,90,108,0,0,4
icon:CKEY26,CKEY26,0,92,112,0,0,5
icon:CLEAT01,CLEAT01,0,101,142,0,0,7
icon:CLEAT02,CLEAT02,0,92,131,0,0,5
icon:CLEAT03,CLEAT03,0,95,136,0,0,5
icon:CLEAT04,CLEAT04,0,94,142,0,0,1
icon:CLEAT05,CLEAT05,0,98,144,0,0,4
icon:CLEAT07,CLEAT07,0,98,139,0,0,6
icon:CLEAT10,CLEAT10,0,153,189,0,0,6
icon:CLEAT11,CLEAT11,0,124,195,0,0,6
icon:CLEAT12,CLEAT12,0,121,191,0,0,7
icon:CLEAT13,CLEAT13,0,122,193,0,0,7
icon:CLEAT14,CLEAT14,0,126,191,0,0,7
icon:CLEAT15,CLEAT15,0,130,190,0,0,7
icon:CLEAT16,CLEAT16,0,134,203,0,0,8
icon:CLEAT17,CLEAT17,0,124,188,0,0,4
icon:CLEAT18,CLEAT18,0,129,193,0,0,4
icon:CLEAT19,CLEAT19,0,144,206,0,0,5
icon:CLEAT20,CLEAT20,0,131,195,0,0,9
icon:CLEAT21,CLEAT21,0,126,194,0,0,6
icon:CLEAT22,CLEAT22,0,104,190,0,0,9
icon:CMISC01,CMISC01,0,128,193,0,0,9
icon:CMISC02,CMISC02,0,57,131,0,0,5
icon:CMISC03,CMISC03,0,118,107,0,0,1
icon:CMISC07,CMISC07,0,172,125,0,0,7
icon:CMISC12,CMISC12,0,160,162,0,0,7
icon:CMISC16,CMISC16,0,78,70,0,0,4
icon:CMISC19,CMISC19,0,112,80,0,0,4
icon:CMISC1G,CMISC1G,0,160,155,0,0,6
icon:CMISC1H,CMISC1H,0,160,170,0,0,7
icon:CMISC1I,CMISC1I,0,176,172,0,0,8
icon:CMISC21,CMISC21,0,77,90,0,0,4
icon:CMISC22,CMISC22,0,77,99,0,0,4
icon:CMISC24,CMISC24,0,83,98,0,0,3
icon:CMISC2A,CMISC2A,0,168,133,0,0,9
icon:CMISC2B,CMISC2B,0,160,129,0,0,6
icon:CMISC2C,CMISC2C,0,136,103,0,0,7
icon:CMISC2F,CMISC2F,0,144,140,0,0,8
icon:CMISC2G,CMISC2G,0,152,130,0,0,4
icon:CMISC2I,CMISC2I,0,136,90,0,0,2
icon:CMISC2J,CMISC2J,0,128,96,0,0,4
icon:CMISC2K,CMISC2K,0,128,100,0,0,6
icon:CMISC2L,CMISC2L,0,128,100,0,0,6
icon:CMISC2M,CMISC2M,0,128,102,0,0,5
icon:CMISC2N,CMISC2N,0,128,96,0,0,1
icon:CMISC2P,CMISC2P,0,136,161,0,0,3
icon:CMISC3A,CMISC3A,0,148,137,0,0,4
icon:CMISC3C,CMISC3C,0,151,223,0,0,9
icon:CMISC3D,CMISC3D,0,136,184,0,0,7
icon:CMISC3E,CMISC3E,0,133,159,0,0,4
icon:CMISC3F,CMISC3F,0,103,173,0,0,9
icon:CMISC3H,CMISC3H,0,130,156,0,0,8
icon:CMISC3I,CMISC3I,0,104,169,0,0,9
icon:CMISC3J,CMISC3J,0,142,158,0,0,5
icon:CMISC3K,CMISC3K,0,130,173,0,0,11
icon:CMISC3L,CMISC3L,0,128,138,0,0,6
icon:CMISC3M,CMISC3M,0,136,193,0,0,9
icon:CMISC3N,CMISC3N,0,144,165,0,0,9
icon:CMISC3O,CMISC3O,0,147,194,0,0,11
icon:CMISC3P,CMISC3P,0,128,90,0,0,6
icon:CMISC47,CMISC47,0,101,205,0,0,7
icon:CMISC48,CMISC48,0,143,195,0,0,10
icon:CMISC49,CMISC49,0,177,203,0,0,7
icon:CMISC4A,CMISC4A,0,103,99,0,0,5
icon:CMISC4B,CMISC4B,0,108,141,0,0,8
icon:CMISC4C,CMISC4C,0,156,156,0,0,6
icon:CMISC4D,CMISC4D,0,116,170,0,0,6
icon:CMISC4E,CMISC4E,0,153,175,0,0,7
icon:CMISC4G,CMISC4G,0,137,185,0,0,9
icon:CMISC4H,CMISC4H,0,106,145,0,0,8
icon:CMISC4I,CMISC4I,0,90,157,0,0,5
icon:CMISC4J,CMISC4J,0,112,166,0,0,8
icon:CMISC4K,CMISC4K,0,119,162,0,0,6
icon:CMISC4L,CMISC4L,0,108,184,0,0,5
icon:CMISC4M,CMISC4M,0,90,166,0,0,8
icon:CMISC4N,CMISC4N,0,92,122,0,0,4
icon:CMISC4P,CMISC4P,0,104,149,0,0,7
icon:CMISC4Q,CMISC4Q,0,122,182,0,0,10
icon:CMISC4R,CMISC4R,0,83,138,0,0,8
icon:CMISC4S,CMISC4S,0,103,166,0,0,6
icon:CMISC4T,CMISC4T,0,117,153,0,0,5
icon:CMISC4U,CMISC4U,0,103,180,0,0,8
icon:CMISC4V,CMISC4V,0,92,161,0,0,8
icon:CMISC4W,CMISC4W,0,140,134,0,0,6
icon:CMISC4X,CMISC4X,0,65,189,0,0,2
icon:CMISC4Y,CMISC4Y,0,97,199,0,0,10
icon:CMISC4Z,CMISC4Z,0,100,136,0,0,5
icon:CMISC50,CMISC50,0,210,224,0,0,7
icon:CMISC51,CMISC51,0,168,227,0,0,6
icon:CMISC52,CMISC52,0,151,158,0,0,7
icon:CMISC53,CMISC53,0,180,139,0,0,4
icon:CMISC54,CMISC54,0,166,67,0,0,4
icon:CMISC56,CMISC56,0,134,139,0,0,8
icon:CMISC57,CMISC57,0,140,200,0,0,9
icon:CMISC58,CMISC58,0,164,215,0,0,14
icon:CMISC59,CMISC59,0,160,173,0,0,5
icon:CMISC5A,CMISC5A,0,72,102,0,0,6
icon:CMISC5B,CMISC5B,0,87,140,0,0,7
icon:CMISC5C,CMISC5C,0,94,159,0,0,6
icon:CMISC5D,CMISC5D,0,136,183,0,0,9
icon:CMISC5E,CMISC5E,0,91,168,0,0,7
icon:CMISC5F,CMISC5F,0,128,78,0,0,5
icon:CMISC5H,CMISC5H,0,114,143,0,0,5
icon:CMISC5I,CMISC5I,0,92,135,0,0,7
icon:CMISC5J,CMISC5J,0,96,137,0,0,6
icon:CMISC5K,CMISC5K,0,127,122,0,0,4
icon:CMISC5L,CMISC5L,0,141,174,0,0,5
icon:CMISC5M,CMISC5M,0,153,174,0,0,8
icon:CMISC5N,CMISC5N,0,102,105,0,0,6
icon:CMISC5O,CMISC5O,0,75,214,0,0,7
icon:CMISC5P,CMISC5P,0,91,131,0,0,3
icon:CMISC5Q,CMISC5Q,0,77,115,0,0,5
icon:CMISC5R,CMISC5R,0,82,76,0,0,4
icon:CMISC5S,CMISC5S,0,128,135,0,0,6
icon:CMISC5T,CMISC5T,0,129,168,0,0,7
icon:CMISC5U,CMISC5U,0,132,93,0,0,3
icon:CMISC5V,CMISC5V,0,104,205,0,0,3
icon:CMISC5W,CMISC5W,0,70,171,0,0,7
icon:CMISC5X,CMISC5X,0,69,151,0,0,6
icon:CMISC5Y,CMISC5Y,0,92,163,0,0,7
icon:CMISC60,CMISC60,0,231,159,0,0,9
icon:CMISC61,CMISC61,0,56,193,0,0,4
icon:CMISC62,CMISC62,0,128,68,0,0,2
icon:CMISC63,CMISC63,0,112,117,0,0,4
icon:CMISC64,CMISC64,0,126,113,0,0,6
icon:CMISC69,CMISC69,0,131,128,0,0,7
icon:CMISC6A,CMISC6A,0,89,154,0,0,6
icon:CMISC6B,CMISC6B,0,99,122,0,0,4
icon:CMISC6C,CMISC6C,0,70,130,0,0,7
icon:CMISC6D,CMISC6D,0,82,139,0,0,5
icon:CMISC6E,CMISC6E,0,131,149,0,0,4
icon:CMISC6F,CMISC6F,0,141,127,0,0,6
icon:CMISC6G,CMISC6G,0,111,162,0,0,8
icon:CMISC6H,CMISC6H,0,110,180,0,0,7
icon:CMISC6I,CMISC6I,0,94,168,0,0,9
icon:CMISC6J,CMISC6J,0,130,169,0,0,7
icon:CMISC6K,CMISC6K,0,126,151,0,0,7
icon:CMISC6L,CMISC6L,0,106,174,0,0,6
icon:CMISC6M,CMISC6M,0,131,144,0,0,3
icon:CMISC6N,CMISC6N,0,67,66,0,0,4
icon:CMISC6O,CMISC6O,0,63,63,0,0,2
icon:CMISC6P,CMISC6P,0,102,112,0,0,6
icon:CMISC6Q,CMISC6Q,0,160,184,0,0,8
icon:CMISC6R,CMISC6R,0,149,166,0,0,13
icon:CMISC6S,CMISC6S,0,100,146,0,0,6
icon:CMISC6T,CMISC6T,0,117,115,0,0,5
icon:CMISC6U,CMISC6U,0,121,155,0,0,7
icon:CMISC6V,CMISC6V,0,112,141,0,0,6
icon:CMISC6W,CMISC6W,0,135,148,0,0,7
icon:CMISC6X,CMISC6X,0,107,126,0,0,6
icon:CMISC6Y,CMISC6Y,0,68,143,0,0,4
icon:CMISC70,CMISC70,0,78,167,0,0,7
icon:CMISC72,CMISC72,0,160,175,0,0,4
icon:CMISC73,CMISC73,0,187,140,0,0,8
icon:CMISC74,CMISC74,0,90,197,0,0,6
icon:CMISC79,CMISC79,0,168,78,0,0,2
icon:CMISC7C,CMISC7C,0,133,162,0,0,10
icon:CMISC7D,CMISC7D,0,74,134,0,0,7
icon:CMISC7E,CMISC7E,0,80,77,0,0,3
icon:CMISC7F,CMISC7F,0,119,100,0,0,2
icon:CMISC7G,CMISC7G,0,98,134,0,0,9
icon:CMISC7H,CMISC7H,0,106,110,0,0,6
icon:CMISC7K,CMISC7K,0,85,129,0,0,3
icon:CMISC7L,CMISC7L,0,117,123,0,0,5
icon:CMISC7M,CMISC7M,0,133,162,0,0,8
icon:CMISC7O,CMISC7O,0,86,147,0,0,3
icon:CMISC7P,CMISC7P,0,128,77,0,0,5
icon:CMISC7Q,CMISC7Q,0,140,90,0,0,5
icon:CMISC7R,CMISC7R,0,92,199,0,0,11
icon:CMISC7S,CMISC7S,0,92,153,0,0,6
icon:CMISC7T,CMISC7T,0,102,152,0,0,5
icon:CMISC7U,CMISC7U,0,117,120,0,0,5
icon:CMISC7V,CMISC7V,0,129,119,0,0,2
icon:CMISC7X,CMISC7X,0,83,88,0,0,3
icon:CMISC7Y,CMISC7Y,0,114,114,0,0,7
icon:CMISC7Z,CMISC7Z,0,97,129,0,0,6
icon:CMISC80,CMISC80,0,143,76,0,0,4
icon:CMISC83,CMISC83,0,147,166,0,0,8
icon:CMISC84,CMISC84,0,165,184,0,0,8
icon:CMISC85,CMISC85,0,149,151,0,0,5
icon:CMISC86,CMISC86,0,144,177,0,0,7
icon:CMISC87,CMISC87,0,153,190,0,0,8
icon:CMISC88,CMISC88,0,115,148,0,0,7
icon:CMISC8A,CMISC8A,0,105,131,0,0,8
icon:CMISC8B,CMISC8B,0,105,131,0,0,7
icon:CMISC8C,CMISC8C,0,149,146,0,0,8
icon:CMISC8D,CMISC8D,0,147,145,0,0,9
icon:CMISC8E,CMISC8E,0,147,145,0,0,5
icon:CMISC8F,CMISC8F,0,129,170,0,0,8
icon:CMISC8G,CMISC8G,0,137,165,0,0,7
icon:CMISC8H,CMISC8H,0,79,124,0,0,4
icon:CMISC8I,CMISC8I,0,118,185,0,0,8
icon:CMISC8J,CMISC8J,0,160,168,0,0,7
icon:CMISC8K,CMISC8K,0,171,170,0,0,4
icon:CMISC8L,CMISC8L,0,117,68,0,0,5
icon:CMISC8M,CMISC8M,0,88,127,0,0,5
icon:CMISC8N,CMISC8N,0,137,122,0,0,7
icon:CMISC8O,CMISC8O,0,77,71,0,0,4
icon:CMISC8P,CMISC8P,0,122,145,0,0,7
icon:CMISC8Q,CMISC8Q,0,120,117,0,0,5
icon:CMISC8R,CMISC8R,0,132,160,0,0,6
icon:CMISC8S,CMISC8S,0,132,160,0,0,6
icon:CMISC8U,CMISC8U,0,104,113,0,0,6
icon:CMISC8V,CMISC8V,0,84,102,0,0,5
icon:CMISC8Z,CMISC8Z,0,85,148,0,0,6
icon:CMISC91,CMISC91,0,144,210,0,0,9
icon:CMISC92,CMISC92,0,144,132,0,0,9
icon:CMISC93,CMISC93,0,115,178,0,0,7
icon:CMISC94,CMISC94,0,120,119,0,0,5
icon:CMISC95,CMISC95,0,160,180,0,0,8
icon:CMISC96,CMISC96,0,136,135,0,0,10
icon:CMISC97,CMISC97,0,155,182,0,0,8
icon:CMISC98,CMISC98,0,112,167,0,0,4
icon:CMISC9A,CMISC9A,0,136,142,0,0,5
icon:CMISC9B,CMISC9B,0,85,170,0,0,8
icon:CMISC9C,CMISC9C,0,140,142,0,0,7
icon:CMISC9D,CMISC9D,0,130,154,0,0,6
icon:CMISC9E,CMISC9E,0,60,184,0,0,6
icon:CMISC9F,CMISC9F,0,60,184,0,0,2
icon:CMISC9G,CMISC9G,0,143,190,0,0,12
icon:CMISC9H,CMISC9H,0,146,151,0,0,7
icon:CMISC9I,CMISC9I,0,157,138,0,0,7
icon:CMISC9J,CMISC9J,0,157,138,0,0,7
icon:CMISC9K,CMISC9K,0,157,138,0,0,8
icon:CMISC9L,CMISC9L,0,89,111,0,0,5
icon:CMISC9M,CMISC9M,0,145,118,0,0,5
icon:CMISC9T,CMISC9T,0,123,109,0,0,5
icon:CMISC9Z,CMISC9Z,0,128,181,0,0,11
icon:CMISCA8,CMISCA8,0,131,110,0,0,6
icon:CMISCA9,CMISCA9,0,95,195,0,0,13
icon:CMISCAA,CMISCAA,0,104,97,0,0,6
icon:CMISCAB,CMISCAB,0,68,114,0,0,4
icon:CMISCAC,CMISCAC,0,108,90,0,0,2
icon:CMISCAD,CMISCAD,0,71,156,0,0,6
icon:CMISCAE,CMISCAE,0,74,160,0,0,10
icon:CMISCAF,CMISCAF,0,109,164,0,0,5
icon:CMISCAG,CMISCAG,0,101,156,0,0,8
icon:CMISCAH,CMISCAH,0,68,146,0,0,6
icon:CMISCAL,CMISCAL,0,85,96,0,0,3
icon:CMISCAN,CMISCAN,0,87,112,0,0,3
icon:CMISCAO,CMISCAO,0,111,120,0,0,5
icon:CMISCAP,CMISCAP,0,139,159,0,0,1
icon:CMISCAQ,CMISCAQ,0,102,129,0,0,2
icon:CMISCAR,CMISCAR,0,109,129,0,0,3
icon:CMISCAW,CMISCAW,0,91,147,0,0,5
icon:CMISCAY,CMISCAY,0,77,138,0,0,7
icon:CMISCB1,CMISCB1,0,70,149,0,0,7
icon:CMISCB2,CMISCB2,0,53,112,0,0,2
icon:CMISCB3,CMISCB3,0,107,138,0,0,6
icon:CMISCB4,CMISCB4,0,86,136,0,0,6
icon:CMISCB5,CMISCB5,0,76,122,0,0,5
icon:CMISCB6,CMISCB6,0,76,122,0,0,5
icon:CMISCB7,CMISCB7,0,76,122,0,0,5
icon:CMISCB9,CMISCB9,0,76,122,0,0,5
icon:CMISCBC,CMISCBC,0,107,138,0,0,6
icon:CMISCBD,CMISCBD,0,159,149,0,0,7
icon:CMISCBE,CMISCBE,0,83,141,0,0,5
icon:CMISCBG,CMISCBG,0,39,134,0,0,2
icon:CMISCBI,CMISCBI,0,68,135,0,0,4
icon:CMISCBJ,CMISCBJ,0,99,89,0,0,5
icon:CMISCBK,CMISCBK,0,96,120,0,0,4
icon:CMISCBL,CMISCBL,0,115,56,0,0,1
icon:CMISCBM,CMISCBM,0,120,90,0,0,3
icon:CMISCBN,CMISCBN,0,121,93,0,0,2
icon:CMISCBO,CMISCBO,0,109,88,0,0,3
icon:CMISCBP,CMISCBP,0,102,104,0,0,3
icon:CMISCBR,CMISCBR,0,114,146,0,0,6
icon:CMISCBS,CMISCBS,0,102,104,0,0,6
icon:CNPARM01,CNPARM01,0,107,158,0,0,6
icon:CNPCHAN,CNPCHAN,0,110,145,0,0,4
icon:CNPCLCK,CNPCLCK,0,106,136,0,0,7
icon:CNPMISC1,CNPMISC1,0,102,90,0,0,4
icon:CNPMISC2,CNPMISC2,0,131,151,0,0,6
icon:CNPPLAT,CNPPLAT,0,123,160,0,0,5
icon:CNPRING,CNPRING,0,87,68,0,0,3
icon:CNPSHLD,CNPSHLD,0,121,172,0,0,2
icon:CNPSTAF,CNPSTAF,0,99,135,0,0,4
icon:CNSW1H01,CNSW1H01,0,100,133,0,0,6
icon:CNSW1H02,CNSW1H02,0,106,120,0,0,6
icon:CNSW1H03,CNSW1H03,0,101,124,0,0,4
icon:CNSW1H04,CNSW1H04,0,82,127,0,0,5
icon:CNSW1H05,CNSW1H05,0,93,117,0,0,4
icon:CNSW1H06,CNSW1H06,0,108,145,0,0,6
icon:COHRHLM1,COHRHLM1,0,180,108,0,0,4
icon:CPLAT01,CPLAT01,0,98,140,0,0,6
icon:CPLAT02,CPLAT02,0,93,136,0,0,6
icon:CPLAT04,CPLAT04,0,92,136,0,0,5
icon:CPLAT05,CPLAT05,0,103,140,0,0,6
icon:CPLAT06,CPLAT06,0,92,132,0,0,3
icon:CPLAT08,CPLAT08,0,141,175,0,0,8
icon:CPLAT09,CPLAT09,0,117,176,0,0,4
icon:CPLAT10,CPLAT10,0,105,176,0,0,3
icon:CPLAT11,CPLAT11,0,111,173,0,0,3
icon:CPLAT12,CPLAT12,0,114,169,0,0,4
icon:CPLAT13,CPLAT13,0,108,169,0,0,5
icon:CPLAT14,CPLAT14,0,106,169,0,0,2
icon:CPLAT15,CPLAT15,0,109,164,0,0,7
icon:CPLAT16,CPLAT16,0,109,166,0,0,7
icon:CPLAT17,CPLAT17,0,114,172,0,0,5
icon:CPLAT18,CPLAT18,0,129,193,0,0,9
icon:CPOTN02,CPOTN02,0,49,131,0,0,5
icon:CPOTN06,CPOTN06,0,93,136,0,0,7
icon:CPOTN07,CPOTN07,0,31,95,0,0,1
icon:CPOTN08,CPOTN08,0,23,66,0,0,1
icon:CPOTN11,CPOTN11,0,62,143,0,0,3
icon:CPOTN13,CPOTN13,0,76,148,0,0,7
icon:CPOTN14,CPOTN14,0,23,96,0,0,3
icon:CPOTN17,CPOTN17,0,44,141,0,0,5
icon:CPOTN41,CPOTN41,0,53,138,0,0,1
icon:CPOTN52,CPOTN52,0,80,117,0,0,4
icon:CPOTN53,CPOTN53,0,76,124,0,0,5
icon:CPOTN54,CPOTN54,0,65,139,0,0,6
icon:CRING01,CRING01,0,98,73,0,0,4
icon:CRING02,CRING02,0,66,59,0,0,1
icon:CRING03,CRING03,0,68,49,0,0,2
icon:CRING04,CRING04,0,63,44,0,0,2
icon:CRING05,CRING05,0,58,40,0,0,1
icon:CRING06,CRING06,0,61,39,0,0,1
icon:CRING07,CRING07,0,61,42,0,0,2
icon:CRING08,CRING08,0,64,41,0,0,1
icon:CRING09,CRING09,0,72,36,0,0,2
icon:CRING10,CRING10,0,102,69,0,0,4
icon:CRING11,CRING11,0,98,65,0,0,2
icon:CRING20,CRING20,0,59,37,0,0,1
icon:CRING21,CRING21,0,60,40,0,0,2
icon:CRING22,CRING22,0,60,42,0,0,1
icon:CRING23,CRING23,0,62,43,0,0,2
icon:CRING26,CRING26,0,68,60,0,0,2
icon:CRING27,CRING27,0,62,55,0,0,1
icon:CRING28,CRING28,0,66,58,0,0,3
icon:CRING29,CRING29,0,68,57,0,0,2
icon:CRING30,CRING30,0,62,58,0,0,1
icon:CRING31,CRING31,0,61,58,0,0,1
icon:CRING33,CRING33,0,66,63,0,0,3
icon:CRING34,CRING34,0,64,57,0,0,2
icon:CRING35,CRING35,0,62,59,0,0,1
icon:CRING36,CRING36,0,64,61,0,0,2
icon:CRING37,CRING37,0,67,62,0,0,2
icon:CRING38,CRING38,0,65,65,0,0,2
icon:CRING39,CRING39,0,93,81,0,0,3
icon:CRODS01,CRODS01,0,137,35,0,0,2
icon:CRODS02,CRODS02,0,128,43,0,0,2
icon:CRODS03,CRODS03,0,120,35,0,0,2
icon:CRODS04,CRODS04,0,125,43,0,0,2
icon:CRODS05,CRODS05,0,128,42,0,0,3
icon:CSCALEB,CSCALEB,0,98,147,0,0,2
icon:CSCALER,CSCALER,0,107,161,0,0,10
icon:CSCRL01,CSCRL01,0,119,105,0,0,6
icon:CSCRL02,CSCRL02,0,117,200,0,0,10
icon:CSCRL2J,CSCRL2J,0,95,94,0,0,3
icon:CSCRL3D,CSCRL3D,0,89,100,0,0,5
icon:CSHLD01,CSHLD01,0,109,110,0,0,7
icon:CSHLD02,CSHLD02,0,133,132,0,0,9
icon:CSHLD03,CSHLD03,0,84,161,0,0,6
icon:CSHLD04,CSHLD04,0,83,168,0,0,2
icon:CSHLD05,CSHLD05,0,96,156,0,0,0
icon:CSHLD06,CSHLD06,0,118,179,0,0,2
icon:CSHLD07,CSHLD07,0,119,183,0,0,5
icon:CSHLD08,CSHLD08,0,122,122,0,0,2
icon:CSHLD09,CSHLD09,0,124,123,0,0,3
icon:CSHLD10,CSHLD10,0,129,128,0,0,6
icon:CSHLD17,CSHLD17,0,124,126,0,0,5
icon:CSHLD19,CSHLD19,0,94,180,0,0,7
icon:CSHLD20,CSHLD20,0,63,60,63,60,
icon:CSHLD20,CSHLD20,1,57,60,0,60,
icon:CSHLD20,CSHLD20,2,63,57,63,0,
icon:CSHLD20,CSHLD20,3,57,57,0,0,
icon:CSHLD21,CSHLD21,0,151,219,0,0,6
icon:CSHLD22,CSHLD22,0,121,188,0,0,4
icon:CSHLD23,CSHLD23,0,159,216,0,0,16
icon:CSHLD25,CSHLD25,0,81,168,0,0,6
icon:CSHLD27,CSHLD27,0,116,170,0,0,6
icon:CSHLD28,CSHLD28,0,85,163,0,0,6
icon:CSHLD29,CSHLD29,0,121,165,0,0,3
icon:CSHLD30,CSHLD30,0,136,225,0,0,9
icon:CSHLDM0,CSHLDM0,0,153,205,74,101,
icon:CSLNG01,CSLNG01,0,131,126,0,0,5
icon:CSLNG02,CSLNG02,0,131,241,0,0,8
icon:CSLNG03,CSLNG03,0,147,200,0,0,9
icon:CSLNG04,CSLNG04,0,115,147,0,0,9
icon:CSLNG05,CSLNG05,0,120,147,0,0,8
icon:CSLNG06,CSLNG06,0,98,157,0,0,6
icon:CSLNG07,CSLNG07,0,115,155,0,0,7
icon:CSPER01,CSPER01,0,105,178,0,0,7
icon:CSPER02,CSPER02,0,101,172,0,0,6
icon:CSPER03,CSPER03,0,99,167,0,0,6
icon:CSPER05,CSPER05,0,98,156,0,0,8
icon:CSPER06,CSPER06,0,93,147,0,0,6
icon:CSPER07,CSPER07,0,90,150,0,0,7
icon:CSPER08,CSPER08,0,109,168,0,0,7
icon:CSPER09,CSPER09,0,109,164,0,0,8
icon:CSPER10,CSPER10,0,99,162,0,0,6
icon:CSTAF01,CSTAF01,0,112,185,0,0,5
icon:CSTAF02,CSTAF02,0,118,190,0,0,7
icon:CSTAF09,CSTAF09,0,117,157,0,0,7
icon:CSTAF10,CSTAF10,0,114,157,0,0,6
icon:CSTAF12,CSTAF12,0,111,166,0,0,7
icon:CSTAF13,CSTAF13,0,101,189,0,0,8
icon:CSTAF14,CSTAF14,0,123,186,0,0,8
icon:CSTAF15,CSTAF15,0,105,190,0,0,10
icon:CSTAF16,CSTAF16,0,126,190,0,0,9
icon:CSTAF17,CSTAF17,0,110,164,0,0,7
icon:CSTAF18,CSTAF18,0,112,164,0,0,8
icon:CSTAF19,CSTAF19,0,112,167,0,0,9
icon:CSW1H01,CSW1H01,0,126,200,0,0,7
icon:CSW1H02,CSW1H02,0,106,182,0,0,6
icon:CSW1H03,CSW1H03,0,93,153,0,0,2
icon:CSW1H04,CSW1H04,0,99,155,0,0,5
icon:CSW1H05,CSW1H05,0,90,145,0,0,7
icon:CSW1H06,CSW1H06,0,105,175,0,0,9
icon:CSW1H07,CSW1H07,0,105,182,0,0,8
icon:CSW1H08,CSW1H08,0,90,141,0,0,5
icon:CSW1H09,CSW1H09,0,95,151,0,0,3
icon:CSW1H10,CSW1H10,0,98,165,0,0,6
icon:CSW1H13,CSW1H13,0,153,207,0,0,6
icon:CSW1H15,CSW1H15,0,160,189,0,0,10
icon:CSW1H20,CSW1H20,0,170,224,0,0,10
icon:CSW1H23,CSW1H23,0,111,117,0,0,6
icon:CSW1H24,CSW1H24,0,119,138,0,0,8
icon:CSW1H25,CSW1H25,0,144,200,0,0,10
icon:CSW1H26,CSW1H26,0,139,188,0,0,8
icon:CSW1H27,CSW1H27,0,122,141,0,0,6
icon:CSW1H28,CSW1H28,0,134,146,0,0,8
icon:CSW1H29,CSW1H29,0,108,173,0,0,10
icon:CSW1H30,CSW1H30,0,121,172,0,0,9
icon:CSW1H31,CSW1H31,0,138,174,0,0,10
icon:CSW1H32,CSW1H32,0,129,180,0,0,7
icon:CSW1H33,CSW1H33,0,132,177,0,0,10
icon:CSW1H34,CSW1H34,0,129,152,0,0,10
icon:CSW1H35,CSW1H35,0,100,164,0,0,7
icon:CSW1H36,CSW1H36,0,104,166,0,0,9
icon:CSW1H37,CSW1H37,0,107,158,0,0,6
icon:CSW1H38,CSW1H38,0,132,157,0,0,6
icon:CSW1H39,CSW1H39,0,121,148,0,0,4
icon:CSW1H40,CSW1H40,0,140,166,0,0,7
icon:CSW1H41,CSW1H41,0,113,142,0,0,6
icon:CSW1H42,CSW1H42,0,123,142,0,0,5
icon:CSW1H43,CSW1H43,0,101,131,0,0,7
icon:CSW1H44,CSW1H44,0,102,149,0,0,7
icon:CSW1H45,CSW1H45,0,92,149,0,0,7
icon:CSW1H46,CSW1H46,0,94,125,0,0,5
icon:CSW1H47,CSW1H47,0,86,121,0,0,5
icon:CSW1H48,CSW1H48,0,95,128,0,0,4
icon:CSW1H49,CSW1H49,0,91,129,0,0,5
icon:CSW1H50,CSW1H50,0,94,131,0,0,3
icon:CSW1H51,CSW1H51,0,94,123,0,0,4
icon:CSW1H54,CSW1H54,0,103,125,0,0,4
icon:CSW1H54A,CSW1H54A,0,102,127,0,0,4
icon:CSW1H54B,CSW1H54B,0,104,145,0,0,8
icon:CSW1H54C,CSW1H54C,0,39,38,0,0,2
icon:CSW2H01,CSW2H01,0,106,163,0,0,5
icon:CSW2H02,CSW2H02,0,100,157,0,0,6
icon:CSW2H03,CSW2H03,0,102,164,0,0,9
icon:CSW2H06,CSW2H06,0,105,151,0,0,5
icon:CSW2H07,CSW2H07,0,121,155,0,0,5
icon:CSW2H08,CSW2H08,0,119,148,0,0,6
icon:CSW2H09,CSW2H09,0,122,148,0,0,5
icon:CSW2H10,CSW2H10,0,139,182,0,0,6
icon:CSW2H11,CSW2H11,0,147,169,0,0,8
icon:CSW2H12,CSW2H12,0,129,161,0,0,6
icon:CSW2H13,CSW2H13,0,140,180,0,0,10
icon:CSW2H14,CSW2H14,0,140,128,0,0,5
icon:CSW2H15,CSW2H15,0,141,158,0,0,7
icon:CSW2H15A,CSW2H15A,0,68,76,0,0,4
icon:CSW2H16,CSW2H16,0,180,180,0,0,8
icon:CWAND02,CWAND02,0,96,160,0,0,5
icon:CWAND03,CWAND03,0,126,212,0,0,7
icon:CWAND04,CWAND04,0,124,216,0,0,9
icon:CWAND05,CWAND05,0,140,230,0,0,13
icon:CWAND06,CWAND06,0,122,213,0,0,7
icon:CWAND07,CWAND07,0,105,176,0,0,7
icon:CWAND08,CWAND08,0,95,167,0,0,8
icon:CWAND09,CWAND09,0,104,170,0,0,9
icon:CWAND10,CWAND10,0,136,229,0,0,11
icon:CWAND11,CWAND11,0,135,239,0,0,11
icon:CWAND12,CWAND12,0,135,54,0,0,3
icon:CWAND13,CWAND13,0,135,38,0,0,2
icon:CWAND14,CWAND14,0,122,40,0,0,2
icon:CWINGS01,CWINGS01,0,158,213,76,104,
icon:CXBOW01,CXBOW01,0,154,173,0,0,10
icon:CXBOW02,CXBOW02,0,153,172,0,0,9
icon:CXBOW03,CXBOW03,0,153,170,0,0,9
icon:CXBOW04,CXBOW04,0,133,146,0,0,6
icon:CXBOW05,CXBOW05,0,139,173,0,0,7
icon:CXBOW06,CXBOW06,0,145,172,0,0,5
icon:CXBOW07,CXBOW07,0,121,134,0,0,6
icon:CXBOW08,CXBOW08,0,162,182,0,0,5
icon:CXBOW09,CXBOW09,0,121,141,0,0,6
icon:CXBOW10,CXBOW10,0,121,127,0,0,7
icon:CXBOW12,CXBOW12,0,124,170,0,0,6
icon:CXBOW13,CXBOW13,0,145,149,0,0,6
icon:CXBOW14,CXBOW14,0,139,153,0,0,6
icon:ENCHAXEC,ENCHAXEC,0,32,32,0,0,
icon:ENCHLSWC,ENCHLSWC,0,32,32,0,0,
icon:ENCHMACC,ENCHMACC,0,32,32,0,0,
icon:ENCHSSWC,ENCHSSWC,0,32,32,0,0,
icon:FAMCAT,FAMCAT,0,41,59,20,29,
icon:FAMFER,FAMFER,0,58,64,29,32,
icon:FAMIMP,FAMIMP,0,61,64,30,32,
icon:FAMPSD,FAMPSD,0,61,64,30,32,
icon:FAMRAB,FAMRAB,0,53,64,26,32,
icon:FIST,FIST,0,58,51,29,25,
icon:GAMUL02,GAMUL02,0,18,18,8,8,
icon:GAROW01,GAROW01,0,19,19,10,11,
icon:GAX1H01,GAX1H01,0,23,21,9,14,
icon:GBELT01,GBELT01,0,21,19,8,13,
icon:GBLUN01,GBLUN01,0,22,17,9,14,
icon:GBLUN06,GBLUN06,0,19,18,7,13,
icon:GBOLT01,GBOLT01,0,14,14,6,8,
icon:GBOOK01,GBOOK01,0,19,17,8,11,
icon:GBOOT01,GBOOT01,0,16,21,9,10,
icon:GBOW01,GBOW01,0,45,29,22,20,
icon:GBOW02,GBOW02,0,45,29,22,20,
icon:GBRAC01,GBRAC01,0,23,19,10,13,
icon:GBRAC06,GBRAC06,0,19,18,8,9,
icon:GBSHLD,GBSHLD,0,30,24,15,12,
icon:GBULL01,GBULL01,0,18,17,10,11,
icon:GBULL03,GBULL03,0,18,17,10,9,
icon:GCHAN01,GCHAN01,0,27,26,13,13,
icon:GCLCK01,GCLCK01,0,40,33,20,16,
icon:GCLCK02,GCLCK02,0,44,42,22,21,
icon:GCRATE01,GCRATE01,0,19,22,10,11,
icon:GDAGG01,GDAGG01,0,15,13,7,8,
icon:GDART01,GDART01,0,15,15,8,8,
icon:GGEM01,GGEM01,0,10,10,5,5,
icon:GHALB01,GHALB01,0,74,45,35,26,
icon:GHAMM01,GHAMM01,0,37,23,15,14,
icon:GHELM01,GHELM01,0,18,28,7,17,
icon:GLEAT01,GLEAT01,0,28,27,14,13,
icon:GLSHLD,GLSHLD,0,40,26,19,15,
icon:GMISC01,GMISC01,0,28,28,21,14,
icon:GMISC12,GMISC12,0,32,34,24,21,
icon:GMISC2P,GMISC2P,0,16,19,9,11,
icon:GMISC54,GMISC54,0,35,28,26,19,
icon:GMISC55,GMISC55,0,46,34,31,21,
icon:GMISC79,GMISC79,0,42,31,29,20,
icon:GMISC7Z,GMISC7Z,0,27,31,13,15,
icon:GMISC80,GMISC80,0,44,36,30,22,
icon:GMISC83,GMISC83,0,17,17,8,8,
icon:GMISC85,GMISC85,0,25,18,15,12,
icon:GMISC86,GMISC86,0,19,18,11,11,
icon:GMISC96,GMISC96,0,20,15,9,8,
icon:GMSHLD,GMSHLD,0,35,32,19,15,
icon:GOHBCM12,GOHBCM12,0,26,28,13,14,
icon:GOHBCOM5,GOHBCOM5,0,47,40,23,20,
icon:GPLAT01,GPLAT01,0,27,27,12,16,
icon:GPOTN01,GPOTN01,0,13,19,5,13,
icon:GRING01,GRING01,0,12,11,6,5,
icon:GSACK01,GSACK01,0,15,17,5,10,
icon:GSCRL01,GSCRL01,0,17,17,7,8,
icon:GSHLD01,GSHLD01,0,20,15,9,7,
icon:GSHLD03,GSHLD03,0,28,26,12,14,
icon:GSHLD05,GSHLD05,0,42,31,21,14,
icon:GSHLD08,GSHLD08,0,15,12,9,5,
icon:GSLNG01,GSLNG01,0,16,15,8,7,
icon:GSPER01,GSPER01,0,75,34,36,20,
icon:GSSHLD,GSSHLD,0,30,24,15,12,
icon:GSTAF01,GSTAF01,0,73,34,34,21,
icon:GSW1H01,GSW1H01,0,36,20,16,13,
icon:GSW1H07,GSW1H07,0,22,11,9,9,
icon:GSW2H01,GSW2H01,0,54,25,25,16,
icon:GTREAS01,GTREAS01,0,25,20,13,11,
icon:GWAND01,GWAND01,0,25,14,11,10,
icon:GWARD01,GWARD01,0,9,8,6,5,
icon:GWINGS01,GWINGS01,0,38,37,17,21,
icon:GXBOW01,GXBOW01,0,37,30,21,20,
icon:I6LANTHO,I6LANTHO,0,46,60,23,30,
icon:IAMUL01,IAMUL01,0,28,31,14,15,
icon:IAMUL01,IAMUL01,1,27,32,-3,0,
icon:IAMUL02,IAMUL02,0,31,32,15,16,
icon:IAMUL02,IAMUL02,1,24,32,-4,0,
icon:IAMUL04,IAMUL04,0,27,29,13,14,
icon:IAMUL04,IAMUL04,1,27,31,-3,0,
icon:IAMUL05,IAMUL05,0,27,30,13,15,
icon:IAMUL05,IAMUL05,1,27,32,-3,0,
icon:IAMUL06,IAMUL06,0,28,30,14,15,
icon:IAMUL06,IAMUL06,1,27,32,-3,0,
icon:IAMUL07,IAMUL07,0,27,29,13,14,
icon:IAMUL07,IAMUL07,1,26,31,-3,0,
icon:IAMUL08,IAMUL08,0,27,29,13,14,
icon:IAMUL08,IAMUL08,1,27,31,-3,0,
icon:IAMUL09,IAMUL09,0,27,28,13,14,
icon:IAMUL09,IAMUL09,1,27,31,-3,0,
icon:IAMUL10,IAMUL10,0,27,29,13,14,
icon:IAMUL10,IAMUL10,1,27,31,-3,0,
icon:IAMUL11,IAMUL11,0,27,29,13,14,
icon:IAMUL11,IAMUL11,1,27,31,-3,0,
icon:IAMUL12,IAMUL12,0,27,29,13,14,
icon:IAMUL12,IAMUL12,1,27,32,-3,0,
icon:IAMUL13,IAMUL13,0,26,29,13,14,
icon:IAMUL13,IAMUL13,1,26,31,-3,0,
icon:IAMUL14,IAMUL14,0,27,30,13,15,
icon:IAMUL14,IAMUL14,1,26,32,-4,0,
icon:IAMUL15,IAMUL15,0,25,31,12,15,
icon:IAMUL15,IAMUL15,1,23,30,-5,-1,
icon:IAMUL16,IAMUL16,0,25,31,12,15,
icon:IAMUL16,IAMUL16,1,23,30,-5,-1,
icon:IAMUL17,IAMUL17,0,31,34,15,17,
icon:IAMUL17,IAMUL17,1,33,32,-2,-1,
icon:IAMUL18,IAMUL18,0,27,28,13,14,
icon:IAMUL18,IAMUL18,1,27,31,-3,0,
icon:IAMUL19,IAMUL19,0,34,36,17,18,
icon:IAMUL19,IAMUL19,1,32,33,0,0,
icon:IAMUL20,IAMUL20,0,29,35,14,17,
icon:IAMUL20,IAMUL20,1,32,33,0,0,
icon:IAMUL21,IAMUL21,0,29,34,14,17,
icon:IAMUL21,IAMUL21,1,32,33,0,0,
icon:IAMUL22,IAMUL22,0,29,32,14,16,
icon:IAMUL22,IAMUL22,1,32,33,0,0,
icon:IAMUL23,IAMUL23,0,27,33,13,16,
icon:IAMUL23,IAMUL23,1,32,33,0,0,
icon:IAMUL24,IAMUL24,0,29,33,14,16,
icon:IAMUL24,IAMUL24,1,32,33,0,0,
icon:IAMUL25,IAMUL25,0,31,34,15,17,
icon:IAMUL25,IAMUL25,1,32,33,0,0,
icon:IAMUL26,IAMUL26,0,32,33,0,0,
icon:IAMUL26,IAMUL26,1,64,64,32,32,
icon:IAMUL27,IAMUL27,0,32,33,0,0,
icon:IAMUL27,IAMUL27,1,64,64,32,32,
icon:IAMUL28,IAMUL28,0,32,33,0,0,
icon:IAMUL28,IAMUL28,1,64,64,32,32,
icon:IAROW01,IAROW01,0,52,41,26,20,
icon:IAROW02,IAROW02,0,49,43,24,21,
icon:IAROW03,IAROW03,0,47,41,23,20,
icon:IAROW04,IAROW04,0,49,43,24,21,
icon:IAROW05,IAROW05,0,50,44,25,22,
icon:IAROW06,IAROW06,0,48,42,24,21,
icon:IAROW07,IAROW07,0,51,45,25,22,
icon:IAROW08,IAROW08,0,49,43,24,21,
icon:IAROW09,IAROW09,0,50,44,25,22,
icon:IAROW10,IAROW10,0,50,44,25,22,
icon:IAROW11,IAROW11,0,49,43,24,21,
icon:IAROW15,IAROW15,0,32,33,0,0,
icon:IAROW15,IAROW15,1,64,64,32,32,
icon:IAX1H01,IAX1H01,0,56,44,28,22,
icon:IAX1H02,IAX1H02,0,54,48,27,24,
icon:IAX1H03,IAX1H03,0,55,47,27,23,
icon:IAX1H04,IAX1H04,0,52,45,26,22,
icon:IAX1H05,IAX1H05,0,55,45,27,22,
icon:IAX1H07,IAX1H07,0,56,46,28,23,
icon:IAX1H08,IAX1H08,0,59,44,29,22,
icon:IAX1H09,IAX1H09,0,58,48,29,24,
icon:IAX1H10,IAX1H10,0,62,51,31,25,
icon:IAX1H11,IAX1H11,0,64,56,32,28,
icon:IAX1H12,IAX1H12,0,60,52,30,26,
icon:IAX1H13,IAX1H13,0,61,48,30,24,
icon:IAX1H14,IAX1H14,0,27,38,-2,2,
icon:IAX1H14,IAX1H14,1,39,55,19,27,
icon:IAX1H16,IAX1H16,0,32,39,0,-1,
icon:IAX1H16,IAX1H16,1,41,57,21,28,
icon:IAX1H17,IAX1H17,0,28,32,-1,-1,
icon:IAX1H17,IAX1H17,1,55,44,27,21,
icon:IBAG02,IBAG02,0,55,64,27,32,
icon:IBAG03,IBAG03,0,61,64,30,32,
icon:IBAG04,IBAG04,0,55,64,27,32,
icon:IBAG04,IBAG04,1,43,76,-2,-1,
icon:IBAG05,IBAG05,0,30,28,-1,-3,
icon:IBAG05,IBAG05,1,46,46,23,22,
icon:IBAG06,IBAG06,0,32,32,0,-1,
icon:IBAG06,IBAG06,1,40,40,20,20,
icon:IBDAMU02,IBDAMU02,0,64,64,32,32,
icon:IBDAMU26,IBDAMU26,0,32,33,32,32,
icon:IBDBLN16,IBDBLN16,0,64,64,14,29,
icon:IBDBRD03,IBDBRD03,0,64,64,32,32,
icon:IBDDAR01,IBDDAR01,0,35,27,32,32,
icon:IBDDUMPL,IBDDUMPL,0,64,59,14,29,
icon:IBDHAM02,IBDHAM02,0,55,53,32,32,
icon:IBDHEL09,IBDHEL09,0,64,64,32,32,
icon:IBDHEL11,IBDHEL11,0,64,64,32,32,
icon:IBDHEL16,IBDHEL16,0,40,35,32,32,
icon:IBDMSC5G,IBDMSC5G,0,64,63,0,0,
icon:IBDROB05,IBDROB05,0,36,62,32,32,
icon:IBDS1H06,IBDS1H06,0,55,50,32,32,
icon:IBDS2H01,IBDS2H01,0,65,62,32,32,
icon:IBDSHL01,IBDSHL01,0,64,64,32,32,
icon:IBEAR,IBEAR,0,31,30,15,15,
icon:IBELT01,IBELT01,0,50,32,25,16,
icon:IBELT02,IBELT02,0,51,31,25,15,
icon:IBELT03,IBELT03,0,51,38,25,19,
icon:IBELT04,IBELT04,0,51,34,25,17,
icon:IBELT05,IBELT05,0,51,37,25,18,
icon:IBELT06,IBELT06,0,51,43,25,21,
icon:IBELT07,IBELT07,0,65,53,32,26,
icon:IBELT08,IBELT08,0,65,54,32,27,
icon:IBELT09,IBELT09,0,65,51,32,25,
icon:IBELT10,IBELT10,0,53,32,26,16,
icon:IBELT11,IBELT11,0,32,28,0,-3,
icon:IBELT11,IBELT11,1,49,43,24,21,
icon:IBELT12,IBELT12,0,25,27,-4,-3,
icon:IBELT12,IBELT12,1,34,36,17,18,
icon:IBELT13,IBELT13,0,19,32,-7,-1,
icon:IBELT13,IBELT13,1,38,57,21,28,
icon:IBELT14,IBELT14,0,29,28,-1,-3,
icon:IBELT14,IBELT14,1,42,57,21,28,
icon:IBELTBW,IBELTBW,0,60,64,14,29,
icon:IBELTSH,IBELTSH,0,57,64,14,29,
icon:IBELTTY,IBELTTY,0,64,64,0,0,
icon:IBLKBLAD,IBLKBLAD,0,32,31,16,15,
icon:IBLUN01,IBLUN01,0,43,33,21,16,
icon:IBLUN02,IBLUN02,0,53,43,26,21,
icon:IBLUN03,IBLUN03,0,53,43,26,21,
icon:IBLUN04,IBLUN04,0,49,49,24,24,
icon:IBLUN05,IBLUN05,0,49,49,24,24,
icon:IBLUN06,IBLUN06,0,50,45,25,22,
icon:IBLUN07,IBLUN07,0,49,48,24,24,
icon:IBLUN09,IBLUN09,0,50,45,25,22,
icon:IBLUN10,IBLUN10,0,49,52,24,26,
icon:IBLUN11,IBLUN11,0,48,50,24,25,
icon:IBLUN12,IBLUN12,0,53,51,26,25,
icon:IBLUN13,IBLUN13,0,59,44,29,22,
icon:IBLUN13B,IBLUN13B,0,56,49,28,24,
icon:IBLUN14,IBLUN14,0,58,48,29,24,
icon:IBLUN14A,IBLUN14A,0,53,53,26,26,
icon:IBLUN14B,IBLUN14B,0,53,48,26,24,
icon:IBLUN14C,IBLUN14C,0,53,49,26,24,
icon:IBLUN14D,IBLUN14D,0,57,50,28,25,
icon:IBLUN14E,IBLUN14E,0,57,50,28,25,
icon:IBLUN14F,IBLUN14F,0,59,51,29,25,
icon:IBLUN14G,IBLUN14G,0,60,53,30,26,
icon:IBLUN14H,IBLUN14H,0,59,49,29,24,
icon:IBLUN14I,IBLUN14I,0,57,52,28,26,
icon:IBLUN15,IBLUN15,0,52,56,26,28,
icon:IBLUN17,IBLUN17,0,60,62,30,31,
icon:IBLUN18,IBLUN18,0,58,53,29,26,
icon:IBLUN20,IBLUN20,0,50,56,25,28,
icon:IBLUN21,IBLUN21,0,52,48,26,24,
icon:IBLUN22,IBLUN22,0,59,59,29,29,
icon:IBLUN23,IBLUN23,0,61,60,30,30,
icon:IBLUN24,IBLUN24,0,58,54,29,27,
icon:IBLUN26,IBLUN26,0,32,32,16,16,
icon:IBLUN26,IBLUN26,1,64,64,37,24,
icon:IBLUN28,IBLUN28,0,27,35,-2,-1,
icon:IBLUN28,IBLUN28,1,44,61,22,30,
icon:IBLUN30,IBLUN30,0,29,34,-2,-1,
icon:IBLUN30,IBLUN30,1,59,50,30,24,
icon:IBLUN30A,IBLUN30A,0,27,30,-2,-1,
icon:IBLUN30A,IBLUN30A,1,50,49,25,24,
icon:IBLUN30B,IBLUN30B,0,32,33,0,0,
icon:IBLUN30B,IBLUN30B,1,64,64,32,32,
icon:IBLUN30C,IBLUN30C,0,29,34,-5,-1,
icon:IBLUN30C,IBLUN30C,1,59,50,30,28,
icon:IBLUN30D,IBLUN30D,0,29,34,-5,-1,
icon:IBLUN30D,IBLUN30D,1,59,50,21,28,
icon:IBLUN31,IBLUN31,0,27,30,-2,-2,
icon:IBLUN31,IBLUN31,1,39,38,20,15,
icon:IBLUN32,IBLUN32,0,29,24,-2,-4,
icon:IBLUN32,IBLUN32,1,59,44,30,22,
icon:IBLUN33,IBLUN33,0,35,32,1,-1,
icon:IBLUN33,IBLUN33,1,50,54,25,23,
icon:IBLUN34,IBLUN34,0,30,33,-2,-1,
icon:IBLUN34,IBLUN34,1,52,56,26,27,
icon:IBLUN35,IBLUN35,0,30,33,-2,-1,
icon:IBLUN35,IBLUN35,1,61,60,28,30,
icon:IBOLT01,IBOLT01,0,38,33,19,16,
icon:IBOLT02,IBOLT02,0,37,31,18,15,
icon:IBOLT03,IBOLT03,0,38,33,19,16,
icon:IBOLT04,IBOLT04,0,37,31,18,15,
icon:IBOLT05,IBOLT05,0,40,34,20,17,
icon:IBOLT06,IBOLT06,0,38,32,19,16,
icon:IBOLT09,IBOLT09,0,32,33,0,0,
icon:IBOLT09,IBOLT09,1,64,64,32,32,
icon:IBOLTS01,IBOLTS01,0,58,42,29,21,
icon:IBOOK01,IBOOK01,0,44,36,22,18,
icon:IBOOK02,IBOOK02,0,44,36,22,18,
icon:IBOOK03,IBOOK03,0,48,38,24,19,
icon:IBOOK04,IBOOK04,0,48,38,24,19,
icon:IBOOK05,IBOOK05,0,48,38,24,19,
icon:IBOOK09,IBOOK09,0,48,38,24,19,
icon:IBOOK768,IBOOK768,0,48,38,24,19,
icon:IBOOK89,IBOOK89,0,50,40,25,20,
icon:IBOOK90,IBOOK90,0,42,54,21,27,
icon:IBOOK91,IBOOK91,0,36,46,18,23,
icon:IBOOK92,IBOOK92,0,36,46,18,23,
icon:IBOOK93,IBOOK93,0,44,54,22,27,
icon:IBOOT01,IBOOT01,0,45,35,22,17,
icon:IBOOT02,IBOOT02,0,44,35,22,17,
icon:IBOOT03,IBOOT03,0,40,36,20,18,
icon:IBOOT04,IBOOT04,0,34,36,17,18,
icon:IBOOT05,IBOOT05,0,36,39,18,19,
icon:IBOOT06,IBOOT06,0,42,42,21,21,
icon:IBOOT07,IBOOT07,0,44,35,22,17,
icon:IBOOT08,IBOOT08,0,44,35,22,17,
icon:IBOOT09,IBOOT09,0,44,35,22,17,
icon:IBOOT10,IBOOT10,0,43,35,21,17,
icon:IBOOT11,IBOOT11,0,42,35,21,17,
icon:IBOOT12,IBOOT12,0,32,33,0,0,
icon:IBOOT12,IBOOT12,1,64,64,32,32,
icon:IBOTSMIT,IBOTSMIT,0,23,32,-5,-1,
icon:IBOTSMIT,IBOTSMIT,1,30,37,15,19,
icon:IBOW01,IBOW01,0,64,62,32,31,
icon:IBOW02,IBOW02,0,64,61,32,30,
icon:IBOW03,IBOW03,0,62,61,31,30,
icon:IBOW04,IBOW04,0,62,60,31,30,
icon:IBOW05,IBOW05,0,51,50,25,25,
icon:IBOW06,IBOW06,0,52,52,26,26,
icon:IBOW07,IBOW07,0,62,60,31,30,
icon:IBOW08,IBOW08,0,62,60,31,30,
icon:IBOW09,IBOW09,0,63,61,31,30,
icon:IBOW10,IBOW10,0,63,58,31,29,
icon:IBOW11,IBOW11,0,62,58,31,29,
icon:IBOW12,IBOW12,0,59,58,29,29,
icon:IBOW13,IBOW13,0,62,60,31,30,
icon:IBOW14,IBOW14,0,52,49,26,24,
icon:IBOW15,IBOW15,0,49,48,24,24,
icon:IBOW16,IBOW16,0,62,58,31,29,
icon:IBOW17,IBOW17,0,60,59,30,29,
icon:IBOW18,IBOW18,0,51,49,25,24,
icon:IBOW19,IBOW19,0,64,62,32,31,
icon:IBOW19A,IBOW19A,0,64,62,32,31,
icon:IBOW19B,IBOW19B,0,55,58,27,29,
icon:IBOW20,IBOW20,0,32,31,0,-1,
icon:IBOW20,IBOW20,1,57,58,25,25,
icon:IBOW22,IBOW22,0,27,29,-3,-2,
icon:IBOW22,IBOW22,1,55,56,25,25,
icon:IBOW24,IBOW24,0,32,32,0,-1,
icon:IBOW24,IBOW24,1,62,58,31,29,
icon:IBOW25,IBOW25,0,33,33,0,0,
icon:IBOW25,IBOW25,1,60,59,30,30,
icon:IBOW26,IBOW26,0,32,32,16,16,
icon:IBOW26,IBOW26,1,64,64,32,30,
icon:IBRAC01,IBRAC01,0,42,31,21,15,
icon:IBRAC02,IBRAC02,0,48,33,24,16,
icon:IBRAC03,IBRAC03,0,52,37,26,18,
icon:IBRAC04,IBRAC04,0,52,37,26,18,
icon:IBRAC05,IBRAC05,0,52,37,26,18,
icon:IBRAC06,IBRAC06,0,37,46,18,23,
icon:IBRAC07,IBRAC07,0,48,35,24,17,
icon:IBRAC08,IBRAC08,0,48,34,24,17,
icon:IBRAC09,IBRAC09,0,50,35,25,17,
icon:IBRAC10,IBRAC10,0,52,36,26,18,
icon:IBRAC11,IBRAC11,0,50,37,25,18,
icon:IBRAC12,IBRAC12,0,46,33,23,16,
icon:IBRAC13,IBRAC13,0,48,37,24,18,
icon:IBRAC14,IBRAC14,0,50,37,25,18,
icon:IBRAC15,IBRAC15,0,50,37,25,18,
icon:IBRAC16,IBRAC16,0,50,35,25,17,
icon:IBRAC17,IBRAC17,0,40,48,20,24,
icon:IBRAC18,IBRAC18,0,40,48,20,24,
icon:IBRAC19,IBRAC19,0,55,58,27,29,
icon:IBRAC20,IBRAC20,0,40,46,20,23,
icon:IBRAC21,IBRAC21,0,44,35,22,17,
icon:IBRAC22,IBRAC22,0,32,33,0,0,
icon:IBRAC22,IBRAC22,1,64,64,32,32,
icon:IBRAC23,IBRAC23,0,51,38,25,19,
icon:IBRAC24,IBRAC24,0,32,33,0,0,
icon:IBRAC24,IBRAC24,1,64,64,32,32,
icon:IBRAC25,IBRAC25,0,32,33,0,0,
icon:IBRAC25,IBRAC25,1,64,64,32,32,
icon:IBRAC26,IBRAC26,0,32,33,0,0,
icon:IBRAC26,IBRAC26,1,64,64,32,32,
icon:IBRDFLUT,IBRDFLUT,0,30,33,2,2,
icon:IBRDFLUT,IBRDFLUT,1,49,63,14,18,
icon:IBULL01,IBULL01,0,31,11,15,5,
icon:IBULL02,IBULL02,0,31,11,15,5,
icon:IBULL03,IBULL03,0,31,11,15,5,
icon:IBULL04,IBULL04,0,31,11,15,5,
icon:IBULL05,IBULL05,0,10,9,-11,-11,
icon:IBULL05,IBULL05,1,22,12,6,5,
icon:IBULL06,IBULL06,0,10,9,-11,-11,
icon:IBULL06,IBULL06,1,22,12,6,5,
icon:IBZPLO01,IBZPLO01,0,30,30,-1,-1,
icon:IBZPLO01,IBZPLO01,1,37,39,18,19,
icon:IBZPLO02,IBZPLO02,0,25,32,-4,-1,
icon:IBZPLO02,IBZPLO02,1,54,64,27,32,
icon:ICHAN01,ICHAN01,0,52,58,26,29,
icon:ICHAN02,ICHAN02,0,50,61,25,30,
icon:ICHAN03,ICHAN03,0,50,61,25,30,
icon:ICHAN04,ICHAN04,0,53,61,26,30,
icon:ICHAN05,ICHAN05,0,50,59,25,29,
icon:ICHAN06,ICHAN06,0,51,62,25,31,
icon:ICHAN07,ICHAN07,0,50,56,25,28,
icon:ICHAN08,ICHAN08,0,51,60,25,30,
icon:ICHAN09,ICHAN09,0,52,59,26,29,
icon:ICHAN10,ICHAN10,0,51,60,25,30,
icon:ICHAN11,ICHAN11,0,49,59,24,29,
icon:ICHAN12,ICHAN12,0,53,58,26,29,
icon:ICHAN13,ICHAN13,0,54,59,27,29,
icon:ICHAN14,ICHAN14,0,54,59,27,29,
icon:ICHAN15,ICHAN15,0,53,60,26,30,
icon:ICHAN16,ICHAN16,0,53,61,26,30,
icon:ICHAN17,ICHAN17,0,50,61,25,30,
icon:ICHAN18,ICHAN18,0,51,58,25,29,
icon:ICHAN19,ICHAN19,0,32,33,0,0,
icon:ICHAN19,ICHAN19,1,64,64,32,32,
icon:ICHAN20,ICHAN20,0,32,33,0,0,
icon:ICHAN20,ICHAN20,1,64,64,32,32,
icon:ICHAN21,ICHAN21,0,32,33,0,0,
icon:ICHAN21,ICHAN21,1,64,64,32,32,
icon:ICHILL,ICHILL,0,30,30,15,15,
icon:ICLCK01,ICLCK01,0,51,62,25,31,
icon:ICLCK02,ICLCK02,0,52,62,26,31,
icon:ICLCK03,ICLCK03,0,51,65,25,32,
icon:ICLCK04,ICLCK04,0,51,63,25,31,
icon:ICLCK05,ICLCK05,0,50,65,25,32,
icon:ICLCK06,ICLCK06,0,50,65,25,32,
icon:ICLCK07,ICLCK07,0,55,62,27,31,
icon:ICLCK08,ICLCK08,0,53,63,26,31,
icon:ICLCK09,ICLCK09,0,37,63,18,31,
icon:ICLCK09,ICLCK09,1,41,48,-1,0,
icon:ICLCK10,ICLCK10,0,36,63,18,31,
icon:ICLCK10,ICLCK10,1,40,48,-1,0,
icon:ICLCK11,ICLCK11,0,38,63,19,31,
icon:ICLCK11,ICLCK11,1,42,48,-1,0,
icon:ICLCK12,ICLCK12,0,35,62,17,31,
icon:ICLCK12,ICLCK12,1,39,48,-2,0,
icon:ICLCK13,ICLCK13,0,36,62,18,31,
icon:ICLCK13,ICLCK13,1,40,48,-1,0,
icon:ICLCK14,ICLCK14,0,36,62,18,31,
icon:ICLCK14,ICLCK14,1,40,48,-1,0,
icon:ICLCK15,ICLCK15,0,40,62,20,31,
icon:ICLCK15,ICLCK15,1,44,48,-1,0,
icon:ICLCK16,ICLCK16,0,40,62,20,31,
icon:ICLCK16,ICLCK16,1,44,48,-1,0,
icon:ICLCK17,ICLCK17,0,40,62,20,31,
icon:ICLCK17,ICLCK17,1,44,48,-1,0,
icon:ICLCK20,ICLCK20,0,51,63,25,31,
icon:ICLCK23,ICLCK23,0,52,62,26,31,
icon:ICLCK24,ICLCK24,0,51,62,25,31,
icon:ICLCK25,ICLCK25,0,51,62,25,31,
icon:ICLCK26,ICLCK26,0,51,62,25,31,
icon:ICLCK27,ICLCK27,0,51,62,25,31,
icon:ICLCK28,ICLCK28,0,51,62,25,31,
icon:ICLCK29,ICLCK29,0,51,65,25,32,
icon:ICLCK31,ICLCK31,0,32,33,0,0,
icon:ICLCK31,ICLCK31,1,64,64,32,32,
icon:ICLCK32,ICLCK32,0,29,22,-2,-6,
icon:ICLCK32,ICLCK32,1,49,35,25,25,
icon:ICLCK33,ICLCK33,0,37,62,18,31,
icon:ICLCK33,ICLCK33,1,39,44,-1,0,
icon:ICOMPO01,ICOMPO01,0,20,28,-8,-2,
icon:ICOMPO01,ICOMPO01,1,34,47,17,24,
icon:ICOMPO02,ICOMPO02,0,29,32,-3,0,
icon:ICOMPO02,ICOMPO02,1,37,39,18,20,
icon:ICOMPO03,ICOMPO03,0,24,31,-4,-2,
icon:ICOMPO03,ICOMPO03,1,46,53,23,26,
icon:ICOMPO08,ICOMPO08,0,23,27,-2,-1,
icon:ICOMPO08,ICOMPO08,1,26,29,13,14,
icon:ICOMPO11,ICOMPO11,0,29,11,-2,-11,
icon:ICOMPO11,ICOMPO11,1,35,16,17,8,
icon:ICOMPO12,ICOMPO12,0,21,23,-5,-4,
icon:ICOMPO12,ICOMPO12,1,22,29,11,15,
icon:ICOMPO13,ICOMPO13,0,20,23,-6,-4,
icon:ICOMPO13,ICOMPO13,1,22,29,11,14,
icon:ICOMPO14,ICOMPO14,0,11,21,-11,-6,
icon:ICOMPO14,ICOMPO14,1,20,33,11,17,
icon:ICOMPO16,ICOMPO16,0,29,22,-2,-6,
icon:ICOMPO16,ICOMPO16,1,49,35,25,25,
icon:ICOMPO18,ICOMPO18,0,27,28,-2,-2,
icon:ICOMPO18,ICOMPO18,1,55,57,27,26,
icon:ICOMPO19,ICOMPO19,0,27,28,-2,-2,
icon:ICOMPO19,ICOMPO19,1,55,57,27,26,
icon:ICRITICL,ICRITICL,0,32,30,16,15,
icon:IDAGG01,IDAGG01,0,41,29,20,14,
icon:IDAGG02,IDAGG02,0,35,30,17,15,
icon:IDAGG03,IDAGG03,0,37,31,18,15,
icon:IDAGG04,IDAGG04,0,38,32,19,16,
icon:IDAGG05,IDAGG05,0,34,28,17,14,
icon:IDAGG09,IDAGG09,0,38,32,19,16,
icon:IDAGG10,IDAGG10,0,37,31,18,15,
icon:IDAGG11,IDAGG11,0,42,35,21,17,
icon:IDAGG12,IDAGG12,0,43,38,21,19,
icon:IDAGG12H,IDAGG12H,0,43,38,21,19,
icon:IDAGG13,IDAGG13,0,39,34,19,17,
icon:IDAGG14,IDAGG14,0,38,36,19,18,
icon:IDAGG15,IDAGG15,0,38,37,19,18,
icon:IDAGG16,IDAGG16,0,30,26,15,13,
icon:IDAGG17,IDAGG17,0,33,27,16,13,
icon:IDAGG18,IDAGG18,0,36,38,18,19,
icon:IDAGG19,IDAGG19,0,36,36,18,18,
icon:IDAGG21,IDAGG21,0,21,32,-5,-1,
icon:IDAGG21,IDAGG21,1,41,58,25,25,
icon:IDAGG23,IDAGG23,0,32,33,0,0,
icon:IDAGG23,IDAGG23,1,64,64,32,32,
icon:IDAGG24,IDAGG24,0,29,29,-2,-1,
icon:IDAGG24,IDAGG24,1,37,29,18,15,
icon:IDART01,IDART01,0,39,31,19,15,
icon:IDART02,IDART02,0,31,30,15,15,
icon:IDART03,IDART03,0,29,28,14,14,
icon:IDART04,IDART04,0,30,29,15,14,
icon:IDART05,IDART05,0,31,35,15,17,
icon:IDART06,IDART06,0,26,29,13,14,
icon:IDART08,IDART08,0,32,33,0,0,
icon:IDART08,IDART08,1,64,64,32,32,
icon:IDBLUN01,IDBLUN01,0,59,56,29,28,
icon:IDBOLT01,IDBOLT01,0,32,33,16,16,
icon:IDBOLT02,IDBOLT02,0,32,33,16,16,
icon:IDBOLT03,IDBOLT03,0,35,35,17,17,
icon:IDCHAN01,IDCHAN01,0,55,66,27,33,
icon:IDCHAN02,IDCHAN02,0,55,66,27,33,
icon:IDCLCK01,IDCLCK01,0,61,64,30,32,
icon:IDDUST01,IDDUST01,0,68,50,34,25,
icon:IDHALB01,IDHALB01,0,69,62,34,31,
icon:IDPLAT01,IDPLAT01,0,57,66,28,33,
icon:IDSHLD01,IDSHLD01,0,49,62,24,31,
icon:IDSPER01,IDSPER01,0,66,62,33,31,
icon:IDSW1H01,IDSW1H01,0,64,52,32,26,
icon:IDSW1H02,IDSW1H02,0,65,60,32,30,
icon:IDXBOW01,IDXBOW01,0,59,61,29,30,
icon:IENBLADE,IENBLADE,0,26,26,-3,-3,
icon:IENBLADE,IENBLADE,1,29,36,14,18,
icon:IFIGUR01,IFIGUR01,0,15,31,-9,-1,
icon:IFIGUR01,IFIGUR01,1,34,61,17,30,
icon:IFIRSEED,IFIRSEED,0,61,63,30,31,
icon:IFIST,IFIST,0,58,49,29,24,
icon:IFLAMS01,IFLAMS01,0,30,30,15,15,
icon:IGBER01,IGBER01,0,34,32,17,16,
icon:IGHOUL,IGHOUL,0,30,30,15,15,
icon:IGLBBLU1,IGLBBLU1,0,28,28,-2,-2,
icon:IGLBBLU1,IGLBBLU1,1,34,34,17,17,
icon:IGLBGRE1,IGLBGRE1,0,28,28,-2,-2,
icon:IGLBGRE1,IGLBGRE1,1,34,34,17,17,
icon:IGLBPUR1,IGLBPUR1,0,28,28,-2,-2,
icon:IGLBPUR1,IGLBPUR1,1,34,34,17,17,
icon:IGLBRED1,IGLBRED1,0,28,28,-2,-2,
icon:IGLBRED1,IGLBRED1,1,34,34,17,17,
icon:IHALB01,IHALB01,0,64,62,32,31,
icon:IHALB02,IHALB02,0,61,61,30,30,
icon:IHALB03,IHALB03,0,61,62,30,31,
icon:IHALB04,IHALB04,0,64,62,32,31,
icon:IHALB05,IHALB05,0,64,60,32,30,
icon:IHALB06,IHALB06,0,64,63,32,31,
icon:IHALB07,IHALB07,0,61,61,30,30,
icon:IHALB08,IHALB08,0,64,64,32,32,
icon:IHALB09,IHALB09,0,64,60,32,30,
icon:IHALB09A,IHALB09A,0,41,42,20,21,
icon:IHALB09B,IHALB09B,0,31,32,15,16,
icon:IHALB10,IHALB10,0,32,33,0,0,
icon:IHALB10,IHALB10,1,64,64,32,32,
icon:IHALB11,IHALB11,0,64,63,32,31,
icon:IHALB12,IHALB12,0,32,33,0,0,
icon:IHALB12,IHALB12,1,64,64,32,32,
icon:IHAMM01,IHAMM01,0,55,45,27,22,
icon:IHAMM02,IHAMM02,0,52,48,26,24,
icon:IHAMM03,IHAMM03,0,53,50,26,25,
icon:IHAMM04,IHAMM04,0,52,48,26,24,
icon:IHAMM06,IHAMM06,0,58,53,29,26,
icon:IHAMM07,IHAMM07,0,57,54,28,27,
icon:IHAMM08,IHAMM08,0,51,52,25,26,
icon:IHAMM10,IHAMM10,0,32,32,16,16,
icon:IHAMM10,IHAMM10,1,62,51,32,25,
icon:IHAMM12,IHAMM12,0,32,32,0,0,
icon:IHAMM12,IHAMM12,1,51,52,25,25,
icon:IHARM,IHARM,0,30,30,15,15,
icon:IHELM00,IHELM00,0,42,42,21,21,
icon:IHELM03,IHELM03,0,28,42,14,21,
icon:IHELM05,IHELM05,0,41,40,20,20,
icon:IHELM06,IHELM06,0,53,35,26,17,
icon:IHELM14,IHELM14,0,57,30,28,15,
icon:IHELM17,IHELM17,0,35,35,17,17,
icon:IHELM18,IHELM18,0,23,25,11,12,
icon:IHELM19,IHELM19,0,23,25,11,12,
icon:IHELM20,IHELM20,0,23,25,11,12,
icon:IHELM21,IHELM21,0,48,46,24,23,
icon:IHELM23,IHELM23,0,20,19,-6,-7,
icon:IHELM23,IHELM23,1,31,29,15,14,
icon:IHELM24,IHELM24,0,19,23,-6,-5,
icon:IHELM24,IHELM24,1,23,25,11,12,
icon:IHELM25,IHELM25,0,19,23,-6,-5,
icon:IHELM25,IHELM25,1,23,25,11,12,
icon:IHELM26,IHELM26,0,19,23,-6,-5,
icon:IHELM26,IHELM26,1,23,25,11,12,
icon:IHELM27,IHELM27,0,19,23,-6,-5,
icon:IHELM27,IHELM27,1,23,25,11,12,
icon:IHELM29,IHELM29,0,28,25,-2,-4,
icon:IHELM29,IHELM29,1,49,43,25,25,
icon:IHELM31,IHELM31,0,32,33,0,0,
icon:IHELM31,IHELM31,1,64,64,32,32,
icon:IHELM32,IHELM32,0,32,33,0,0,
icon:IHELM32,IHELM32,1,64,64,32,32,
icon:IHELM33,IHELM33,0,32,28,0,-1,
icon:IHELM33,IHELM33,1,47,40,24,20,
icon:IHUMB,IHUMB,0,29,31,14,15,
icon:IJELLY,IJELLY,0,30,30,15,15,
icon:IKEY01,IKEY01,0,28,32,14,16,
icon:IKEY02,IKEY02,0,36,31,18,15,
icon:IKEY03,IKEY03,0,35,35,17,17,
icon:IKEY04,IKEY04,0,40,27,20,13,
icon:IKEY05,IKEY05,0,36,35,18,17,
icon:IKEY06,IKEY06,0,35,35,17,17,
icon:IKEY07,IKEY07,0,37,29,18,14,
icon:IKEY08,IKEY08,0,43,38,21,19,
icon:IKEY09,IKEY09,0,31,32,15,16,
icon:IKEY10,IKEY10,0,36,32,18,16,
icon:IKEY11,IKEY11,0,35,32,17,16,
icon:IKEY12,IKEY12,0,36,37,18,18,
icon:IKEY13,IKEY13,0,34,35,17,17,
icon:IKEY14,IKEY14,0,69,56,34,28,
icon:IKEY15,IKEY15,0,52,53,26,26,
icon:IKEY16,IKEY16,0,62,48,31,24,
icon:IKEY17,IKEY17,0,48,47,24,23,
icon:IKEY18,IKEY18,0,46,47,23,23,
icon:IKEY19,IKEY19,0,52,57,26,28,
icon:IKEY20,IKEY20,0,67,65,33,32,
icon:IKEY21,IKEY21,0,34,33,17,16,
icon:IKEY22,IKEY22,0,33,35,16,17,
icon:IKEY23,IKEY23,0,73,58,36,29,
icon:IKEY24,IKEY24,0,29,31,14,15,
icon:IKEY26,IKEY26,0,33,36,16,18,
icon:ILEAT01,ILEAT01,0,60,56,30,28,
icon:ILEAT02,ILEAT02,0,49,60,24,30,
icon:ILEAT03,ILEAT03,0,51,59,25,29,
icon:ILEAT04,ILEAT04,0,52,61,26,30,
icon:ILEAT05,ILEAT05,0,53,59,26,29,
icon:ILEAT06,ILEAT06,0,54,60,27,30,
icon:ILEAT07,ILEAT07,0,53,60,26,30,
icon:ILEAT08,ILEAT08,0,53,60,26,30,
icon:ILEAT09,ILEAT09,0,53,59,26,29,
icon:ILEAT10,ILEAT10,0,51,61,25,30,
icon:ILEAT11,ILEAT11,0,52,63,26,31,
icon:ILEAT12,ILEAT12,0,52,63,26,31,
icon:ILEAT13,ILEAT13,0,52,63,26,31,
icon:ILEAT14,ILEAT14,0,52,64,26,32,
icon:ILEAT15,ILEAT15,0,52,62,26,31,
icon:ILEAT16,ILEAT16,0,52,62,26,31,
icon:ILEAT17,ILEAT17,0,50,62,25,31,
icon:ILEAT18,ILEAT18,0,52,62,26,31,
icon:ILEAT19,ILEAT19,0,52,62,26,31,
icon:ILEAT20,ILEAT20,0,52,63,26,31,
icon:ILEAT21,ILEAT21,0,52,53,26,26,
icon:ILEAT22,ILEAT22,0,57,53,28,26,
icon:ILEAT23,ILEAT23,0,25,32,-3,-1,
icon:ILEAT23,ILEAT23,1,48,57,25,25,
icon:ILEAT24,ILEAT24,0,26,34,-3,0,
icon:ILEAT24,ILEAT24,1,48,61,23,30,
icon:IMETEORS,IMETEORS,0,48,54,24,27,
icon:IMISC01,IMISC01,0,52,50,26,25,
icon:IMISC07,IMISC07,0,37,26,18,13,
icon:IMISC12,IMISC12,0,54,62,27,31,
icon:IMISC13,IMISC13,0,49,41,24,20,
icon:IMISC16,IMISC16,0,32,32,16,16,
icon:IMISC17,IMISC17,0,19,23,0,0,
icon:IMISC18,IMISC18,0,20,23,0,0,
icon:IMISC19,IMISC19,0,27,24,0,0,
icon:IMISC1B,IMISC1B,0,28,25,14,12,
icon:IMISC1C,IMISC1C,0,43,31,21,15,
icon:IMISC1G,IMISC1G,0,57,60,28,30,
icon:IMISC1H,IMISC1H,0,45,41,22,20,
icon:IMISC1I,IMISC1I,0,60,61,30,30,
icon:IMISC1J,IMISC1J,0,22,24,0,0,
icon:IMISC20,IMISC20,0,19,23,0,0,
icon:IMISC21,IMISC21,0,17,22,0,0,
icon:IMISC22,IMISC22,0,23,20,0,0,
icon:IMISC23,IMISC23,0,23,19,0,0,
icon:IMISC24,IMISC24,0,17,27,0,0,
icon:IMISC25,IMISC25,0,25,18,0,0,
icon:IMISC26,IMISC26,0,17,22,0,0,
icon:IMISC27,IMISC27,0,27,24,0,0,
icon:IMISC28,IMISC28,0,20,23,0,0,
icon:IMISC29,IMISC29,0,23,20,0,0,
icon:IMISC2A,IMISC2A,0,43,31,21,15,
icon:IMISC2B,IMISC2B,0,28,25,14,12,
icon:IMISC2C,IMISC2C,0,28,25,14,12,
icon:IMISC2D,IMISC2D,0,28,25,14,12,
icon:IMISC2E,IMISC2E,0,28,25,14,12,
icon:IMISC2F,IMISC2F,0,31,25,15,12,
icon:IMISC2G,IMISC2G,0,28,25,14,12,
icon:IMISC2H,IMISC2H,0,37,25,18,12,
icon:IMISC2I,IMISC2I,0,37,25,18,12,
icon:IMISC2J,IMISC2J,0,37,25,18,12,
icon:IMISC2K,IMISC2K,0,37,25,18,12,
icon:IMISC2L,IMISC2L,0,28,25,14,12,
icon:IMISC2M,IMISC2M,0,28,25,14,12,
icon:IMISC2N,IMISC2N,0,28,25,14,12,
icon:IMISC2P,IMISC2P,0,59,64,29,32,
icon:IMISC30,IMISC30,0,25,22,0,0,
icon:IMISC31,IMISC31,0,28,24,0,0,
icon:IMISC32,IMISC32,0,14,22,0,0,
icon:IMISC33,IMISC33,0,22,24,0,0,
icon:IMISC34,IMISC34,0,25,18,0,0,
icon:IMISC35,IMISC35,0,19,23,0,0,
icon:IMISC36,IMISC36,0,22,22,0,0,
icon:IMISC37,IMISC37,0,23,21,0,0,
icon:IMISC38,IMISC38,0,20,23,0,0,
icon:IMISC39,IMISC39,0,23,22,0,0,
icon:IMISC3A,IMISC3A,0,46,47,23,23,
icon:IMISC3C,IMISC3C,0,41,55,20,27,
icon:IMISC3D,IMISC3D,0,52,56,26,28,
icon:IMISC3E,IMISC3E,0,58,56,29,28,
icon:IMISC3F,IMISC3F,0,33,51,16,25,
icon:IMISC3H,IMISC3H,0,60,60,30,30,
icon:IMISC3I,IMISC3I,0,46,56,23,28,
icon:IMISC3J,IMISC3J,0,54,61,27,30,
icon:IMISC3K,IMISC3K,0,56,58,28,29,
icon:IMISC3L,IMISC3L,0,52,47,26,23,
icon:IMISC3M,IMISC3M,0,58,58,29,29,
icon:IMISC3N,IMISC3N,0,62,56,31,28,
icon:IMISC3O,IMISC3O,0,62,56,31,28,
icon:IMISC3P,IMISC3P,0,44,36,22,18,
icon:IMISC40,IMISC40,0,35,26,17,13,
icon:IMISC41,IMISC41,0,33,24,16,12,
icon:IMISC42,IMISC42,0,33,20,16,10,
icon:IMISC43,IMISC43,0,35,26,17,13,
icon:IMISC44,IMISC44,0,25,24,12,12,
icon:IMISC45,IMISC45,0,30,26,15,13,
icon:IMISC47,IMISC47,0,29,51,14,25,
icon:IMISC48,IMISC48,0,34,44,17,22,
icon:IMISC49,IMISC49,0,41,46,20,23,
icon:IMISC4A,IMISC4A,0,48,48,24,24,
icon:IMISC4B,IMISC4B,0,35,34,17,17,
icon:IMISC4C,IMISC4C,0,60,62,30,31,
icon:IMISC4D,IMISC4D,0,44,51,22,25,
icon:IMISC4E,IMISC4E,0,60,51,30,25,
icon:IMISC4G,IMISC4G,0,36,33,18,16,
icon:IMISC4H,IMISC4H,0,36,34,18,17,
icon:IMISC4I,IMISC4I,0,33,35,16,17,
icon:IMISC4J,IMISC4J,0,33,34,16,17,
icon:IMISC4K,IMISC4K,0,33,38,16,19,
icon:IMISC4L,IMISC4L,0,35,32,17,16,
icon:IMISC4M,IMISC4M,0,33,33,16,16,
icon:IMISC4N,IMISC4N,0,33,34,16,17,
icon:IMISC4P,IMISC4P,0,33,34,16,17,
icon:IMISC4Q,IMISC4Q,0,52,42,26,21,
icon:IMISC4R,IMISC4R,0,28,37,14,18,
icon:IMISC4S,IMISC4S,0,30,33,15,16,
icon:IMISC4T,IMISC4T,0,31,36,15,18,
icon:IMISC4U,IMISC4U,0,29,37,14,18,
icon:IMISC4V,IMISC4V,0,30,36,15,18,
icon:IMISC4W,IMISC4W,0,59,59,29,29,
icon:IMISC4X,IMISC4X,0,23,37,11,18,
icon:IMISC4Y,IMISC4Y,0,35,33,17,16,
icon:IMISC4Z,IMISC4Z,0,31,36,15,18,
icon:IMISC50,IMISC50,0,46,43,23,21,
icon:IMISC51,IMISC51,0,55,43,27,21,
icon:IMISC52,IMISC52,0,35,46,17,23,
icon:IMISC53,IMISC53,0,62,34,31,17,
icon:IMISC54,IMISC54,0,35,28,17,14,
icon:IMISC55,IMISC55,0,63,42,31,21,
icon:IMISC56,IMISC56,0,57,48,28,24,
icon:IMISC57,IMISC57,0,48,41,24,20,
icon:IMISC58,IMISC58,0,53,64,26,32,
icon:IMISC59,IMISC59,0,56,49,28,24,
icon:IMISC5A,IMISC5A,0,25,31,12,15,
icon:IMISC5B,IMISC5B,0,30,37,15,18,
icon:IMISC5C,IMISC5C,0,33,39,16,19,
icon:IMISC5D,IMISC5D,0,59,59,29,29,
icon:IMISC5E,IMISC5E,0,27,31,13,15,
icon:IMISC5F,IMISC5F,0,41,45,20,22,
icon:IMISC5H,IMISC5H,0,29,30,14,15,
icon:IMISC5I,IMISC5I,0,30,32,15,16,
icon:IMISC5J,IMISC5J,0,36,37,18,18,
icon:IMISC5K,IMISC5K,0,26,29,13,14,
icon:IMISC5L,IMISC5L,0,65,64,32,32,
icon:IMISC5M,IMISC5M,0,35,36,17,18,
icon:IMISC5N,IMISC5N,0,30,34,15,17,
icon:IMISC5O,IMISC5O,0,39,59,19,29,
icon:IMISC5P,IMISC5P,0,38,35,19,17,
icon:IMISC5Q,IMISC5Q,0,19,33,9,16,
icon:IMISC5R,IMISC5R,0,28,26,14,13,
icon:IMISC5S,IMISC5S,0,59,61,29,30,
icon:IMISC5T,IMISC5T,0,66,61,33,30,
icon:IMISC5U,IMISC5U,0,48,34,24,17,
icon:IMISC5V,IMISC5V,0,32,32,16,16,
icon:IMISC5W,IMISC5W,0,29,32,14,16,
icon:IMISC5X,IMISC5X,0,34,30,17,15,
icon:IMISC5Y,IMISC5Y,0,33,34,16,17,
icon:IMISC5Z,IMISC5Z,0,33,39,16,19,
icon:IMISC60,IMISC60,0,63,54,31,27,
icon:IMISC61,IMISC61,0,19,62,9,31,
icon:IMISC62,IMISC62,0,28,15,14,7,
icon:IMISC63,IMISC63,0,25,23,12,11,
icon:IMISC64,IMISC64,0,45,47,22,23,
icon:IMISC69,IMISC69,0,17,22,0,0,
icon:IMISC6A,IMISC6A,0,36,38,18,19,
icon:IMISC6B,IMISC6B,0,45,43,22,21,
icon:IMISC6C,IMISC6C,0,29,30,14,15,
icon:IMISC6D,IMISC6D,0,24,28,12,14,
icon:IMISC6E,IMISC6E,0,61,60,30,30,
icon:IMISC6F,IMISC6F,0,61,51,30,25,
icon:IMISC6G,IMISC6G,0,54,60,27,30,
icon:IMISC6H,IMISC6H,0,56,47,28,23,
icon:IMISC6I,IMISC6I,0,39,58,19,29,
icon:IMISC6J,IMISC6J,0,58,61,29,30,
icon:IMISC6K,IMISC6K,0,67,63,33,31,
icon:IMISC6L,IMISC6L,0,54,56,27,28,
icon:IMISC6M,IMISC6M,0,67,60,33,30,
icon:IMISC6N,IMISC6N,0,25,18,0,0,
icon:IMISC6O,IMISC6O,0,25,18,0,0,
icon:IMISC6P,IMISC6P,0,24,27,12,13,
icon:IMISC6Q,IMISC6Q,0,56,60,28,30,
icon:IMISC6R,IMISC6R,0,57,56,28,28,
icon:IMISC6S,IMISC6S,0,35,35,17,17,
icon:IMISC6T,IMISC6T,0,65,59,32,29,
icon:IMISC6U,IMISC6U,0,63,62,31,31,
icon:IMISC6V,IMISC6V,0,65,58,32,29,
icon:IMISC6W,IMISC6W,0,67,62,33,31,
icon:IMISC6X,IMISC6X,0,63,55,31,27,
icon:IMISC6Y,IMISC6Y,0,29,36,14,18,
icon:IMISC72,IMISC72,0,59,59,29,29,
icon:IMISC73,IMISC73,0,55,43,27,21,
icon:IMISC74,IMISC74,0,35,58,17,29,
icon:IMISC75,IMISC75,0,35,33,17,16,
icon:IMISC76,IMISC76,0,25,35,12,17,
icon:IMISC79,IMISC79,0,42,31,21,15,
icon:IMISC7C,IMISC7C,0,65,57,32,28,
icon:IMISC7D,IMISC7D,0,17,33,8,16,
icon:IMISC7E,IMISC7E,0,32,31,16,15,
icon:IMISC7F,IMISC7F,0,54,62,27,31,
icon:IMISC7G,IMISC7G,0,38,39,19,19,
icon:IMISC7H,IMISC7H,0,49,48,24,24,
icon:IMISC7K,IMISC7K,0,54,64,27,32,
icon:IMISC7L,IMISC7L,0,41,41,20,20,
icon:IMISC7M,IMISC7M,0,63,58,31,29,
icon:IMISC7O,IMISC7O,0,59,62,29,31,
icon:IMISC7P,IMISC7P,0,33,32,16,16,
icon:IMISC7Q,IMISC7Q,0,36,28,18,14,
icon:IMISC7R,IMISC7R,0,37,35,18,17,
icon:IMISC7S,IMISC7S,0,33,37,16,18,
icon:IMISC7T,IMISC7T,0,49,57,24,28,
icon:IMISC7U,IMISC7U,0,60,48,30,24,
icon:IMISC7V,IMISC7V,0,60,57,30,28,
icon:IMISC7X,IMISC7X,0,23,24,0,0,
icon:IMISC7Y,IMISC7Y,0,60,51,30,25,
icon:IMISC7Z,IMISC7Z,0,27,31,13,15,
icon:IMISC80,IMISC80,0,44,36,22,18,
icon:IMISC83,IMISC83,0,42,34,21,17,
icon:IMISC84,IMISC84,0,31,32,15,16,
icon:IMISC85,IMISC85,0,43,39,21,19,
icon:IMISC86,IMISC86,0,52,47,26,23,
icon:IMISC87,IMISC87,0,19,16,9,8,
icon:IMISC88,IMISC88,0,23,25,11,12,
icon:IMISC8A,IMISC8A,0,34,35,17,17,
icon:IMISC8B,IMISC8B,0,34,34,17,17,
icon:IMISC8C,IMISC8C,0,32,36,16,18,
icon:IMISC8D,IMISC8D,0,36,36,18,18,
icon:IMISC8E,IMISC8E,0,35,36,17,18,
icon:IMISC8F,IMISC8F,0,55,59,27,29,
icon:IMISC8G,IMISC8G,0,48,55,24,27,
icon:IMISC8H,IMISC8H,0,44,53,22,26,
icon:IMISC8I,IMISC8I,0,32,32,16,16,
icon:IMISC8J,IMISC8J,0,41,35,20,17,
icon:IMISC8K,IMISC8K,0,60,62,30,31,
icon:IMISC8L,IMISC8L,0,58,48,29,24,
icon:IMISC8M,IMISC8M,0,29,31,14,15,
icon:IMISC8N,IMISC8N,0,33,37,16,18,
icon:IMISC8O,IMISC8O,0,26,25,13,12,
icon:IMISC8P,IMISC8P,0,33,36,16,18,
icon:IMISC8Q,IMISC8Q,0,55,56,27,28,
icon:IMISC8R,IMISC8R,0,56,58,28,29,
icon:IMISC8S,IMISC8S,0,56,58,28,29,
icon:IMISC8U,IMISC8U,0,39,34,19,17,
icon:IMISC8V,IMISC8V,0,30,31,15,15,
icon:IMISC8Z,IMISC8Z,0,30,33,15,16,
icon:IMISC91,IMISC91,0,55,63,27,31,
icon:IMISC92,IMISC92,0,61,62,30,31,
icon:IMISC93,IMISC93,0,47,35,23,17,
icon:IMISC94,IMISC94,0,39,36,19,18,
icon:IMISC95,IMISC95,0,53,50,26,25,
icon:IMISC96,IMISC96,0,61,49,30,24,
icon:IMISC97,IMISC97,0,44,46,22,23,
icon:IMISC98,IMISC98,0,45,53,22,26,
icon:IMISC9A,IMISC9A,0,54,60,27,30,
icon:IMISC9B,IMISC9B,0,59,59,29,29,
icon:IMISC9C,IMISC9C,0,58,56,29,28,
icon:IMISC9D,IMISC9D,0,66,64,33,32,
icon:IMISC9E,IMISC9E,0,55,61,27,30,
icon:IMISC9F,IMISC9F,0,55,61,27,30,
icon:IMISC9G,IMISC9G,0,29,33,14,16,
icon:IMISC9H,IMISC9H,0,54,60,27,30,
icon:IMISC9I,IMISC9I,0,34,32,17,16,
icon:IMISC9J,IMISC9J,0,32,34,16,17,
icon:IMISC9K,IMISC9K,0,34,34,17,17,
icon:IMISC9L,IMISC9L,0,33,36,16,18,
icon:IMISC9M,IMISC9M,0,59,57,29,28,
icon:IMISC9S,IMISC9S,0,60,54,30,27,
icon:IMISC9T,IMISC9T,0,63,62,31,31,
icon:IMISC9Z,IMISC9Z,0,56,59,28,29,
icon:IMISCA8,IMISCA8,0,56,54,28,27,
icon:IMISCA9,IMISCA9,0,29,33,14,16,
icon:IMISCAA,IMISCAA,0,33,30,16,15,
icon:IMISCAB,IMISCAB,0,43,53,21,26,
icon:IMISCAC,IMISCAC,0,54,53,27,26,
icon:IMISCAD,IMISCAD,0,29,33,14,16,
icon:IMISCAE,IMISCAE,0,29,33,14,16,
icon:IMISCAF,IMISCAF,0,45,60,22,30,
icon:IMISCAG,IMISCAG,0,67,55,33,27,
icon:IMISCAH,IMISCAH,0,37,59,18,29,
icon:IMISCAL,IMISCAL,0,35,31,17,15,
icon:IMISCAN,IMISCAN,0,58,60,29,30,
icon:IMISCAO,IMISCAO,0,66,63,33,31,
icon:IMISCAP,IMISCAP,0,65,65,32,32,
icon:IMISCAQ,IMISCAQ,0,65,65,32,32,
icon:IMISCAR,IMISCAR,0,66,64,33,32,
icon:IMISCAV,IMISCAV,0,66,64,33,32,
icon:IMISCAW,IMISCAW,0,70,64,35,32,
icon:IMISCAY,IMISCAY,0,55,62,27,31,
icon:IMISCB1,IMISCB1,0,27,32,13,16,
icon:IMISCB2,IMISCB2,0,44,61,22,30,
icon:IMISCB3,IMISCB3,0,53,47,26,23,
icon:IMISCB4,IMISCB4,0,54,59,27,29,
icon:IMISCB5,IMISCB5,0,55,56,27,28,
icon:IMISCB6,IMISCB6,0,55,56,27,28,
icon:IMISCB7,IMISCB7,0,55,56,27,28,
icon:IMISCB8,IMISCB8,0,55,56,27,28,
icon:IMISCB9,IMISCB9,0,55,56,27,28,
icon:IMISCBC,IMISCBC,0,58,52,29,26,
icon:IMISCBD,IMISCBD,0,65,59,32,29,
icon:IMISCBE,IMISCBE,0,56,57,28,28,
icon:IMISCBG,IMISCBG,0,37,31,18,15,
icon:IMISCBH,IMISCBH,0,58,59,29,29,
icon:IMISCBI,IMISCBI,0,51,61,25,30,
icon:IMISCBJ,IMISCBJ,0,66,56,33,28,
icon:IMISCBK,IMISCBK,0,61,63,30,31,
icon:IMISCBL,IMISCBL,0,35,37,17,18,
icon:IMISCBM,IMISCBM,0,45,39,22,19,
icon:IMISCBN,IMISCBN,0,37,37,18,18,
icon:IMISCBO,IMISCBO,0,42,41,21,20,
icon:IMISCBP,IMISCBP,0,59,55,29,27,
icon:IMISCBR,IMISCBR,0,54,56,27,28,
icon:IMISCBS,IMISCBS,0,65,60,32,30,
icon:IMISCCB,IMISCCB,0,34,29,-1,-1,
icon:IMISCCB,IMISCCB,1,38,36,19,18,
icon:IMORSWOR,IMORSWOR,0,32,32,16,16,
icon:INPARM01,INPARM01,0,51,61,25,30,
icon:INPARM02,INPARM02,0,52,57,26,28,
icon:INPBOW,INPBOW,0,40,37,20,18,
icon:INPCHAN,INPCHAN,0,52,62,26,31,
icon:INPCLCK,INPCLCK,0,56,63,28,31,
icon:INPMISC1,INPMISC1,0,68,62,34,31,
icon:INPPLAT,INPPLAT,0,52,64,26,32,
icon:INPRING,INPRING,0,35,21,17,10,
icon:INPSHLD,INPSHLD,0,49,61,24,30,
icon:INPSTAF,INPSTAF,0,69,58,34,29,
icon:INSW1H01,INSW1H01,0,59,50,29,25,
icon:INSW1H02,INSW1H02,0,64,50,32,25,
icon:INSW1H03,INSW1H03,0,65,59,32,29,
icon:INSW1H04,INSW1H04,0,65,52,32,26,
icon:INSW1H05,INSW1H05,0,52,47,26,23,
icon:INSW1H06,INSW1H06,0,54,52,27,26,
icon:IOHRHLM1,IOHRHLM1,0,64,64,0,0,
icon:IPHABLAD,IPHABLAD,0,28,30,14,15,
icon:IPLAT01,IPLAT01,0,64,58,32,29,
icon:IPLAT02,IPLAT02,0,50,60,25,30,
icon:IPLAT04,IPLAT04,0,49,63,24,31,
icon:IPLAT05,IPLAT05,0,46,62,23,31,
icon:IPLAT06,IPLAT06,0,51,63,25,31,
icon:IPLAT08,IPLAT08,0,60,58,30,29,
icon:IPLAT09,IPLAT09,0,50,62,25,31,
icon:IPLAT10,IPLAT10,0,50,63,25,31,
icon:IPLAT11,IPLAT11,0,51,62,25,31,
icon:IPLAT12,IPLAT12,0,57,62,28,31,
icon:IPLAT13,IPLAT13,0,53,63,26,31,
icon:IPLAT14,IPLAT14,0,50,61,25,30,
icon:IPLAT15,IPLAT15,0,51,61,25,30,
icon:IPLAT16,IPLAT16,0,53,63,26,31,
icon:IPLAT17,IPLAT17,0,50,62,25,31,
icon:IPLAT18,IPLAT18,0,51,63,25,31,
icon:IPLAT20,IPLAT20,0,32,33,0,0,
icon:IPLAT20,IPLAT20,1,64,64,32,32,
icon:IPLAT21,IPLAT21,0,32,33,0,0,
icon:IPLAT21,IPLAT21,1,64,64,32,32,
icon:IPLAT22,IPLAT22,0,32,33,0,0,
icon:IPLAT22,IPLAT22,1,64,64,32,32,
icon:IPLAT23,IPLAT23,0,22,31,-5,-1,
icon:IPLAT23,IPLAT23,1,45,61,21,29,
icon:IPLOT01B,IPLOT01B,0,28,32,-3,-1,
icon:IPLOT01B,IPLOT01B,1,35,39,18,20,
icon:IPLOT01C,IPLOT01C,0,32,32,-1,1,
icon:IPLOT01C,IPLOT01C,1,35,39,25,25,
icon:IPLOT01D,IPLOT01D,0,31,31,-1,1,
icon:IPLOT01D,IPLOT01D,1,35,39,25,25,
icon:IPLOT01E,IPLOT01E,0,31,31,-1,1,
icon:IPLOT01E,IPLOT01E,1,35,39,25,25,
icon:IPLOT01F,IPLOT01F,0,19,31,9,15,
icon:IPLOT01F,IPLOT01F,1,33,56,14,28,
icon:IPLOT01H,IPLOT01H,0,32,33,0,0,
icon:IPLOT01H,IPLOT01H,1,42,39,25,25,
icon:IPLOT01J,IPLOT01J,0,26,24,-4,-4,
icon:IPLOT01J,IPLOT01J,1,48,41,25,25,
icon:IPLOT01K,IPLOT01K,0,24,25,-5,-3,
icon:IPLOT01K,IPLOT01K,1,48,41,25,25,
icon:IPLOT01L,IPLOT01L,0,30,30,-1,-2,
icon:IPLOT01L,IPLOT01L,1,35,34,25,25,
icon:IPLOT01P,IPLOT01P,0,31,32,-3,-1,
icon:IPLOT01P,IPLOT01P,1,35,38,25,25,
icon:IPLOT02A,IPLOT02A,0,25,32,-4,-1,
icon:IPLOT02A,IPLOT02A,1,43,62,25,25,
icon:IPLOT02B,IPLOT02B,0,25,32,-4,-1,
icon:IPLOT02B,IPLOT02B,1,48,62,25,25,
icon:IPLOT02C,IPLOT02C,0,27,28,-3,-2,
icon:IPLOT02C,IPLOT02C,1,32,35,25,25,
icon:IPLOT02D,IPLOT02D,0,27,28,-3,-2,
icon:IPLOT02D,IPLOT02D,1,32,35,25,25,
icon:IPLOT02E,IPLOT02E,0,27,28,-3,-2,
icon:IPLOT02E,IPLOT02E,1,32,35,25,25,
icon:IPLOT02H,IPLOT02H,0,32,32,0,0,
icon:IPLOT02H,IPLOT02H,1,35,40,25,25,
icon:IPLOT03A,IPLOT03A,0,30,32,-1,-1,
icon:IPLOT03A,IPLOT03A,1,33,38,25,25,
icon:IPLOT03B,IPLOT03B,0,30,32,-1,-1,
icon:IPLOT03B,IPLOT03B,1,34,37,25,25,
icon:IPLOT03C,IPLOT03C,0,29,32,-1,-1,
icon:IPLOT03C,IPLOT03C,1,34,36,25,25,
icon:IPLOT03D,IPLOT03D,0,29,32,-1,0,
icon:IPLOT03D,IPLOT03D,1,32,38,25,25,
icon:IPLOT03E,IPLOT03E,0,28,32,-3,0,
icon:IPLOT03E,IPLOT03E,1,32,37,16,18,
icon:IPLOT04A,IPLOT04A,0,17,32,-7,-2,
icon:IPLOT04A,IPLOT04A,1,23,36,11,18,
icon:IPLOT04B,IPLOT04B,0,18,32,-7,-2,
icon:IPLOT04B,IPLOT04B,1,24,37,25,25,
icon:IPLOT04C,IPLOT04C,0,16,32,-7,-1,
icon:IPLOT04C,IPLOT04C,1,22,36,11,18,
icon:IPLOT04D,IPLOT04D,0,31,32,-1,-2,
icon:IPLOT04D,IPLOT04D,1,56,64,27,31,
icon:IPLOT04F,IPLOT04F,0,32,32,-1,-1,
icon:IPLOT04F,IPLOT04F,1,39,37,19,19,
icon:IPLOT04G,IPLOT04G,0,32,36,-3,0,
icon:IPLOT04G,IPLOT04G,1,54,63,25,25,
icon:IPLOT04H,IPLOT04H,0,17,22,-8,-6,
icon:IPLOT04H,IPLOT04H,1,48,41,25,25,
icon:IPLOT04I,IPLOT04I,0,32,32,-2,0,
icon:IPLOT04I,IPLOT04I,1,53,64,25,25,
icon:IPLOT05A,IPLOT05A,0,31,30,-1,-1,
icon:IPLOT05A,IPLOT05A,1,35,35,18,17,
icon:IPLOT05B,IPLOT05B,0,29,32,-3,-1,
icon:IPLOT05B,IPLOT05B,1,34,38,17,19,
icon:IPLOT05C,IPLOT05C,0,29,32,-3,-1,
icon:IPLOT05C,IPLOT05C,1,35,38,18,19,
icon:IPLYSALA,IPLYSALA,0,28,30,14,15,
icon:IPOTN02,IPOTN02,0,24,32,12,16,
icon:IPOTN03,IPOTN03,0,17,32,8,16,
icon:IPOTN04,IPOTN04,0,16,32,8,16,
icon:IPOTN05,IPOTN05,0,25,32,12,16,
icon:IPOTN06,IPOTN06,0,26,30,13,15,
icon:IPOTN07,IPOTN07,0,24,32,12,16,
icon:IPOTN08,IPOTN08,0,16,32,8,16,
icon:IPOTN09,IPOTN09,0,18,33,9,16,
icon:IPOTN10,IPOTN10,0,17,32,8,16,
icon:IPOTN11,IPOTN11,0,19,34,9,17,
icon:IPOTN12,IPOTN12,0,16,32,8,16,
icon:IPOTN13,IPOTN13,0,23,34,11,17,
icon:IPOTN14,IPOTN14,0,21,33,10,16,
icon:IPOTN15,IPOTN15,0,15,32,7,16,
icon:IPOTN16,IPOTN16,0,14,32,7,16,
icon:IPOTN17,IPOTN17,0,16,32,8,16,
icon:IPOTN18,IPOTN18,0,26,30,13,15,
icon:IPOTN19,IPOTN19,0,15,32,7,16,
icon:IPOTN20,IPOTN20,0,15,32,7,16,
icon:IPOTN21,IPOTN21,0,17,33,8,16,
icon:IPOTN22,IPOTN22,0,14,33,7,16,
icon:IPOTN23,IPOTN23,0,28,32,14,16,
icon:IPOTN24,IPOTN24,0,16,32,8,16,
icon:IPOTN25,IPOTN25,0,16,32,8,16,
icon:IPOTN26,IPOTN26,0,23,32,11,16,
icon:IPOTN27,IPOTN27,0,23,32,11,16,
icon:IPOTN28,IPOTN28,0,14,33,7,16,
icon:IPOTN29,IPOTN29,0,22,33,11,16,
icon:IPOTN30,IPOTN30,0,18,34,9,17,
icon:IPOTN31,IPOTN31,0,26,31,13,15,
icon:IPOTN32,IPOTN32,0,15,34,7,17,
icon:IPOTN33,IPOTN33,0,19,34,9,17,
icon:IPOTN34,IPOTN34,0,19,34,9,17,
icon:IPOTN35,IPOTN35,0,19,34,9,17,
icon:IPOTN36,IPOTN36,0,17,33,8,16,
icon:IPOTN37,IPOTN37,0,22,32,11,16,
icon:IPOTN38,IPOTN38,0,30,33,15,16,
icon:IPOTN39,IPOTN39,0,15,34,7,17,
icon:IPOTN40,IPOTN40,0,27,31,13,15,
icon:IPOTN41,IPOTN41,0,15,33,7,16,
icon:IPOTN42,IPOTN42,0,18,35,9,17,
icon:IPOTN43,IPOTN43,0,15,35,7,17,
icon:IPOTN44,IPOTN44,0,19,33,9,16,
icon:IPOTN45,IPOTN45,0,24,33,12,16,
icon:IPOTN46,IPOTN46,0,17,33,8,16,
icon:IPOTN47,IPOTN47,0,16,33,8,16,
icon:IPOTN49,IPOTN49,0,16,33,8,16,
icon:IPOTN52,IPOTN52,0,24,37,12,18,
icon:IPOTN53,IPOTN53,0,18,35,9,17,
icon:IPOTN54,IPOTN54,0,17,34,8,17,
icon:IPOTN55,IPOTN55,0,20,31,-6,-1,
icon:IPOTN55,IPOTN55,1,37,52,25,25,
icon:IQBULL02,IQBULL02,0,33,56,16,28,
icon:IQUIV01,IQUIV01,0,32,29,16,14,
icon:IQUIV01,IQUIV01,1,42,42,21,22,
icon:IRING01,IRING01,0,50,19,25,9,
icon:IRING02,IRING02,0,29,28,14,14,
icon:IRING03,IRING03,0,31,20,15,10,
icon:IRING04,IRING04,0,29,25,14,12,
icon:IRING05,IRING05,0,28,20,14,10,
icon:IRING06,IRING06,0,29,22,14,11,
icon:IRING07,IRING07,0,29,20,14,10,
icon:IRING08,IRING08,0,31,20,15,10,
icon:IRING09,IRING09,0,28,16,14,8,
icon:IRING10,IRING10,0,29,22,14,11,
icon:IRING11,IRING11,0,29,21,14,10,
icon:IRING12,IRING12,0,29,21,14,10,
icon:IRING13,IRING13,0,29,22,14,11,
icon:IRING14,IRING14,0,30,23,15,11,
icon:IRING15,IRING15,0,30,23,15,11,
icon:IRING16,IRING16,0,29,23,14,11,
icon:IRING17,IRING17,0,29,22,14,11,
icon:IRING18,IRING18,0,29,22,14,11,
icon:IRING19,IRING19,0,28,21,14,10,
icon:IRING20,IRING20,0,32,24,16,12,
icon:IRING21,IRING21,0,28,22,14,11,
icon:IRING22,IRING22,0,31,22,15,11,
icon:IRING23,IRING23,0,29,23,14,11,
icon:IRING26,IRING26,0,30,22,15,11,
icon:IRING27,IRING27,0,28,20,14,10,
icon:IRING28,IRING28,0,28,20,14,10,
icon:IRING29,IRING29,0,28,20,14,10,
icon:IRING31,IRING31,0,28,16,14,8,
icon:IRING33,IRING33,0,31,25,15,12,
icon:IRING34,IRING34,0,30,22,15,11,
icon:IRING35,IRING35,0,28,16,14,8,
icon:IRING36,IRING36,0,31,22,15,11,
icon:IRING37,IRING37,0,29,20,14,10,
icon:IRING38,IRING38,0,29,28,14,14,
icon:IRING39,IRING39,0,28,25,14,12,
icon:IRING41,IRING41,0,29,20,14,10,
icon:IRING43,IRING43,0,32,33,0,0,
icon:IRING43,IRING43,1,64,64,32,32,
icon:IRING44,IRING44,0,32,33,0,0,
icon:IRING44,IRING44,1,64,64,32,32,
icon:IRING45,IRING45,0,32,33,0,0,
icon:IRING45,IRING45,1,64,64,32,32,
icon:IRING46,IRING46,0,20,15,-6,-8,
icon:IRING46,IRING46,1,28,20,14,10,
icon:IRODS01,IRODS01,0,58,61,29,30,
icon:IRODS02,IRODS02,0,62,62,31,31,
icon:IRODS03,IRODS03,0,59,56,29,28,
icon:IRODS04,IRODS04,0,61,61,30,30,
icon:IRODS05,IRODS05,0,54,51,27,25,
icon:IRODS06,IRODS06,0,32,22,1,-6,
icon:IRODS06,IRODS06,1,48,41,25,25,
icon:ISCALEB,ISCALEB,0,57,62,28,31,
icon:ISCALER,ISCALER,0,59,58,29,29,
icon:ISCALES,ISCALES,0,59,59,29,29,
icon:ISCRL02,ISCRL02,0,43,32,21,16,
icon:ISCRL02,ISCRL02,1,31,31,0,0,
icon:ISCRL03,ISCRL03,0,43,32,20,15,
icon:ISCRL03,ISCRL03,1,32,32,0,0,
icon:ISCRL04,ISCRL04,0,39,31,19,15,
icon:ISCRL04,ISCRL04,1,32,32,0,0,
icon:ISCRL05,ISCRL05,0,39,31,19,15,
icon:ISCRL05,ISCRL05,1,32,32,0,0,
icon:ISCRL06,ISCRL06,0,39,31,19,15,
icon:ISCRL06,ISCRL06,1,32,32,0,0,
icon:ISCRL07,ISCRL07,0,39,31,19,15,
icon:ISCRL07,ISCRL07,1,32,32,0,0,
icon:ISCRL08,ISCRL08,0,39,31,19,15,
icon:ISCRL08,ISCRL08,1,32,32,0,0,
icon:ISCRL09,ISCRL09,0,39,31,19,15,
icon:ISCRL09,ISCRL09,1,32,32,0,0,
icon:ISCRL10,ISCRL10,0,39,31,19,15,
icon:ISCRL10,ISCRL10,1,31,31,0,0,
icon:ISCRL15,ISCRL15,0,39,31,19,15,
icon:ISCRL15,ISCRL15,1,32,32,0,0,
icon:ISCRL18,ISCRL18,0,39,31,19,15,
icon:ISCRL18,ISCRL18,1,31,31,0,0,
icon:ISCRL1B,ISCRL1B,0,40,31,20,15,
icon:ISCRL1B,ISCRL1B,1,32,32,0,0,
icon:ISCRL1C,ISCRL1C,0,40,31,20,15,
icon:ISCRL1C,ISCRL1C,1,32,32,0,0,
icon:ISCRL1D,ISCRL1D,0,40,31,20,15,
icon:ISCRL1D,ISCRL1D,1,32,32,0,0,
icon:ISCRL1E,ISCRL1E,0,40,31,20,15,
icon:ISCRL1E,ISCRL1E,1,32,32,0,0,
icon:ISCRL1F,ISCRL1F,0,40,31,20,15,
icon:ISCRL1F,ISCRL1F,1,32,32,0,0,
icon:ISCRL1G,ISCRL1G,0,40,31,20,15,
icon:ISCRL1G,ISCRL1G,1,32,32,0,0,
icon:ISCRL1H,ISCRL1H,0,40,31,20,15,
icon:ISCRL1H,ISCRL1H,1,32,32,0,0,
icon:ISCRL1J,ISCRL1J,0,40,31,20,15,
icon:ISCRL1J,ISCRL1J,1,32,32,0,0,
icon:ISCRL1K,ISCRL1K,0,40,31,20,15,
icon:ISCRL1K,ISCRL1K,1,32,32,0,0,
icon:ISCRL1L,ISCRL1L,0,40,31,20,15,
icon:ISCRL1L,ISCRL1L,1,32,32,0,0,
icon:ISCRL1M,ISCRL1M,0,40,31,20,15,
icon:ISCRL1M,ISCRL1M,1,32,32,0,0,
icon:ISCRL1N,ISCRL1N,0,40,31,20,15,
icon:ISCRL1N,ISCRL1N,1,32,32,0,0,
icon:ISCRL1O,ISCRL1O,0,40,31,20,15,
icon:ISCRL1O,ISCRL1O,1,32,32,0,0,
icon:ISCRL1P,ISCRL1P,0,40,31,20,15,
icon:ISCRL1P,ISCRL1P,1,32,32,0,0,
icon:ISCRL1Q,ISCRL1Q,0,40,31,20,15,
icon:ISCRL1Q,ISCRL1Q,1,32,32,0,0,
icon:ISCRL1R,ISCRL1R,0,40,31,20,15,
icon:ISCRL1R,ISCRL1R,1,32,32,0,0,
icon:ISCRL1S,ISCRL1S,0,40,31,20,15,
icon:ISCRL1S,ISCRL1S,1,32,32,0,0,
icon:ISCRL1T,ISCRL1T,0,40,31,20,15,
icon:ISCRL1T,ISCRL1T,1,32,32,0,0,
icon:ISCRL1U,ISCRL1U,0,40,31,20,15,
icon:ISCRL1U,ISCRL1U,1,32,32,0,0,
icon:ISCRL1Y,ISCRL1Y,0,40,31,20,15,
icon:ISCRL1Y,ISCRL1Y,1,32,32,0,0,
icon:ISCRL1Z,ISCRL1Z,0,40,31,20,15,
icon:ISCRL1Z,ISCRL1Z,1,32,32,0,0,
icon:ISCRL2A,ISCRL2A,0,40,31,20,15,
icon:ISCRL2A,ISCRL2A,1,32,32,0,0,
icon:ISCRL2D,ISCRL2D,0,40,31,20,15,
icon:ISCRL2D,ISCRL2D,1,32,32,0,0,
icon:ISCRL2E,ISCRL2E,0,40,31,20,15,
icon:ISCRL2E,ISCRL2E,1,32,32,0,0,
icon:ISCRL2F,ISCRL2F,0,40,31,20,15,
icon:ISCRL2F,ISCRL2F,1,32,32,0,0,
icon:ISCRL2G,ISCRL2G,0,40,31,20,15,
icon:ISCRL2G,ISCRL2G,1,32,32,0,0,
icon:ISCRL2H,ISCRL2H,0,40,31,20,15,
icon:ISCRL2H,ISCRL2H,1,32,32,0,0,
icon:ISCRL2I,ISCRL2I,0,40,31,20,15,
icon:ISCRL2I,ISCRL2I,1,32,32,0,0,
icon:ISCRL36,ISCRL36,0,40,31,20,15,
icon:ISCRL36,ISCRL36,1,32,32,0,0,
icon:ISCRL3P,ISCRL3P,0,39,31,19,15,
icon:ISCRL3P,ISCRL3P,1,32,32,0,0,
icon:ISCRL56,ISCRL56,0,40,31,20,15,
icon:ISCRL56,ISCRL56,1,32,32,0,0,
icon:ISCRL58,ISCRL58,0,40,31,20,15,
icon:ISCRL58,ISCRL58,1,32,32,0,0,
icon:ISCRL59,ISCRL59,0,40,31,20,15,
icon:ISCRL59,ISCRL59,1,32,32,0,0,
icon:ISCRL5A,ISCRL5A,0,39,31,19,15,
icon:ISCRL5A,ISCRL5A,1,32,32,0,0,
icon:ISCRL5B,ISCRL5B,0,39,31,19,15,
icon:ISCRL5B,ISCRL5B,1,32,32,0,0,
icon:ISCRL5C,ISCRL5C,0,39,31,19,15,
icon:ISCRL5C,ISCRL5C,1,32,32,0,0,
icon:ISCRL5D,ISCRL5D,0,39,31,19,15,
icon:ISCRL5D,ISCRL5D,1,32,32,0,0,
icon:ISCRL5E,ISCRL5E,0,39,31,19,15,
icon:ISCRL5E,ISCRL5E,1,32,32,0,0,
icon:ISCRL5F,ISCRL5F,0,39,31,19,15,
icon:ISCRL5F,ISCRL5F,1,32,32,0,0,
icon:ISCRL5G,ISCRL5G,0,39,31,19,15,
icon:ISCRL5G,ISCRL5G,1,32,32,0,0,
icon:ISCRL5H,ISCRL5H,0,39,31,19,15,
icon:ISCRL5H,ISCRL5H,1,32,32,0,0,
icon:ISCRL5I,ISCRL5I,0,39,31,19,15,
icon:ISCRL5I,ISCRL5I,1,32,32,0,0,
icon:ISCRL5J,ISCRL5J,0,39,31,19,15,
icon:ISCRL5J,ISCRL5J,1,32,32,0,0,
icon:ISCRL5K,ISCRL5K,0,39,31,19,15,
icon:ISCRL5K,ISCRL5K,1,32,32,0,0,
icon:ISCRL5L,ISCRL5L,0,39,31,19,15,
icon:ISCRL5L,ISCRL5L,1,32,32,0,0,
icon:ISCRL5M,ISCRL5M,0,39,31,19,15,
icon:ISCRL5M,ISCRL5M,1,32,32,0,0,
icon:ISCRL5N,ISCRL5N,0,39,31,19,15,
icon:ISCRL5N,ISCRL5N,1,32,32,0,0,
icon:ISCRL5O,ISCRL5O,0,39,31,19,15,
icon:ISCRL5O,ISCRL5O,1,32,32,0,0,
icon:ISCRL5P,ISCRL5P,0,39,31,19,15,
icon:ISCRL5P,ISCRL5P,1,32,32,0,0,
icon:ISCRL5Q,ISCRL5Q,0,39,31,19,15,
icon:ISCRL5Q,ISCRL5Q,1,32,32,0,0,
icon:ISCRL61,ISCRL61,0,40,31,20,15,
icon:ISCRL61,ISCRL61,1,32,32,0,0,
icon:ISCRL62,ISCRL62,0,40,31,20,15,
icon:ISCRL62,ISCRL62,1,32,32,0,0,
icon:ISCRL63,ISCRL63,0,40,31,20,15,
icon:ISCRL63,ISCRL63,1,32,32,0,0,
icon:ISCRL66,ISCRL66,0,40,31,20,15,
icon:ISCRL66,ISCRL66,1,32,32,0,0,
icon:ISCRL67,ISCRL67,0,40,31,20,15,
icon:ISCRL67,ISCRL67,1,32,32,0,0,
icon:ISCRL68,ISCRL68,0,40,31,20,15,
icon:ISCRL68,ISCRL68,1,32,32,0,0,
icon:ISCRL69,ISCRL69,0,40,31,20,15,
icon:ISCRL69,ISCRL69,1,32,32,0,0,
icon:ISCRL70,ISCRL70,0,40,31,20,15,
icon:ISCRL70,ISCRL70,1,32,32,0,0,
icon:ISCRL71,ISCRL71,0,40,31,20,15,
icon:ISCRL71,ISCRL71,1,32,32,0,0,
icon:ISCRL72,ISCRL72,0,40,31,20,15,
icon:ISCRL72,ISCRL72,1,32,32,0,0,
icon:ISCRL73,ISCRL73,0,40,31,20,15,
icon:ISCRL73,ISCRL73,1,32,32,0,0,
icon:ISCRL75,ISCRL75,0,40,31,20,15,
icon:ISCRL75,ISCRL75,1,32,32,0,0,
icon:ISCRL76,ISCRL76,0,40,31,20,15,
icon:ISCRL76,ISCRL76,1,32,32,0,0,
icon:ISCRL77,ISCRL77,0,40,31,20,15,
icon:ISCRL77,ISCRL77,1,32,32,0,0,
icon:ISCRL78,ISCRL78,0,40,31,20,15,
icon:ISCRL78,ISCRL78,1,32,32,0,0,
icon:ISCRL79,ISCRL79,0,40,31,20,15,
icon:ISCRL79,ISCRL79,1,32,32,0,0,
icon:ISCRL80,ISCRL80,0,40,31,20,15,
icon:ISCRL80,ISCRL80,1,32,32,0,0,
icon:ISCRL81,ISCRL81,0,40,31,20,15,
icon:ISCRL81,ISCRL81,1,32,32,0,0,
icon:ISCRL82,ISCRL82,0,40,31,20,15,
icon:ISCRL82,ISCRL82,1,32,32,0,0,
icon:ISCRL83,ISCRL83,0,40,31,20,15,
icon:ISCRL83,ISCRL83,1,32,32,0,0,
icon:ISCRL84,ISCRL84,0,40,31,20,15,
icon:ISCRL84,ISCRL84,1,32,32,0,0,
icon:ISCRL85,ISCRL85,0,40,31,20,15,
icon:ISCRL85,ISCRL85,1,32,32,0,0,
icon:ISCRL86,ISCRL86,0,40,31,20,15,
icon:ISCRL86,ISCRL86,1,32,32,0,0,
icon:ISCRL87,ISCRL87,0,40,31,20,15,
icon:ISCRL87,ISCRL87,1,32,32,0,0,
icon:ISCRL89,ISCRL89,0,40,31,20,15,
icon:ISCRL89,ISCRL89,1,32,32,0,0,
icon:ISCRL90,ISCRL90,0,40,31,20,15,
icon:ISCRL90,ISCRL90,1,32,32,0,0,
icon:ISCRL91,ISCRL91,0,40,31,20,15,
icon:ISCRL91,ISCRL91,1,32,32,0,0,
icon:ISCRL92,ISCRL92,0,40,31,20,15,
icon:ISCRL92,ISCRL92,1,32,32,0,0,
icon:ISCRL93,ISCRL93,0,40,31,20,15,
icon:ISCRL93,ISCRL93,1,32,32,0,0,
icon:ISCRL94,ISCRL94,0,40,31,20,15,
icon:ISCRL94,ISCRL94,1,32,32,0,0,
icon:ISCRL95,ISCRL95,0,40,31,20,15,
icon:ISCRL95,ISCRL95,1,32,32,0,0,
icon:ISCRL96,ISCRL96,0,40,31,20,15,
icon:ISCRL96,ISCRL96,1,32,32,0,0,
icon:ISCRL97,ISCRL97,0,40,31,20,15,
icon:ISCRL97,ISCRL97,1,32,32,0,0,
icon:ISCRL98,ISCRL98,0,40,31,20,15,
icon:ISCRL98,ISCRL98,1,32,32,0,0,
icon:ISCRL99,ISCRL99,0,40,31,20,15,
icon:ISCRL99,ISCRL99,1,32,32,0,0,
icon:ISECRT01,ISECRT01,0,32,32,-1,0,
icon:ISECRT01,ISECRT01,1,48,60,25,25,
icon:ISECRT02,ISECRT02,0,32,33,1,0,
icon:ISECRT02,ISECRT02,1,48,41,25,25,
icon:ISECRT04,ISECRT04,0,32,34,1,0,
icon:ISECRT04,ISECRT04,1,48,50,25,25,
icon:ISECRT05,ISECRT05,0,32,31,-3,-3,
icon:ISECRT05,ISECRT05,1,48,64,25,25,
icon:ISERIOUS,ISERIOUS,0,28,30,-1,0,
icon:ISGRASP,ISGRASP,0,28,30,-1,0,
icon:ISHAM01,ISHAM01,0,31,30,15,15,
icon:ISHAPE02,ISHAPE02,0,66,57,33,28,
icon:ISHAPE03,ISHAPE03,0,68,60,34,30,
icon:ISHAPE04,ISHAPE04,0,63,58,31,29,
icon:ISHAPE05,ISHAPE05,0,68,60,34,30,
icon:ISHAPE06,ISHAPE06,0,70,62,35,31,
icon:ISHAPE07,ISHAPE07,0,65,63,32,31,
icon:ISHIL01,ISHIL01,0,30,30,15,15,
icon:ISHLD01,ISHLD01,0,44,37,22,18,
icon:ISHLD02,ISHLD02,0,45,41,22,20,
icon:ISHLD03,ISHLD03,0,37,58,18,29,
icon:ISHLD04,ISHLD04,0,37,58,18,29,
icon:ISHLD05,ISHLD05,0,43,65,21,32,
icon:ISHLD06,ISHLD06,0,42,65,21,32,
icon:ISHLD07,ISHLD07,0,42,66,21,33,
icon:ISHLD08,ISHLD08,0,31,28,15,14,
icon:ISHLD09,ISHLD09,0,32,28,16,14,
icon:ISHLD10,ISHLD10,0,31,28,15,14,
icon:ISHLD11,ISHLD11,0,45,40,22,20,
icon:ISHLD12,ISHLD12,0,45,40,22,20,
icon:ISHLD13,ISHLD13,0,28,54,14,27,
icon:ISHLD14,ISHLD14,0,37,58,18,29,
icon:ISHLD15,ISHLD15,0,42,66,21,33,
icon:ISHLD16,ISHLD16,0,42,66,21,33,
icon:ISHLD17,ISHLD17,0,32,28,16,14,
icon:ISHLD19,ISHLD19,0,42,66,21,33,
icon:ISHLD20,ISHLD20,0,31,28,15,14,
icon:ISHLD21,ISHLD21,0,46,63,23,31,
icon:ISHLD22,ISHLD22,0,44,62,22,31,
icon:ISHLD23,ISHLD23,0,42,66,21,33,
icon:ISHLD25,ISHLD25,0,45,42,22,21,
icon:ISHLD27,ISHLD27,0,44,62,22,31,
icon:ISHLD28,ISHLD28,0,45,40,22,20,
icon:ISHLD29,ISHLD29,0,37,58,18,29,
icon:ISHLD32,ISHLD32,0,32,33,0,0,
icon:ISHLD32,ISHLD32,1,64,64,32,32,
icon:ISHLDB01,ISHLDB01,0,30,40,15,20,
icon:ISHLDB02,ISHLDB02,0,30,40,15,20,
icon:ISHLDB03,ISHLDB03,0,30,40,15,20,
icon:ISHLDB04,ISHLDB04,0,30,40,15,20,
icon:ISHLDFS,ISHLDFS,0,42,66,21,33,
icon:ISHLDGN,ISHLDGN,0,28,54,14,27,
icon:ISHLDL01,ISHLDL01,0,45,66,22,33,
icon:ISHLDL02,ISHLDL02,0,45,66,22,33,
icon:ISHLDL03,ISHLDL03,0,45,66,22,33,
icon:ISHLDL04,ISHLDL04,0,45,66,22,33,
icon:ISHLDL05,ISHLDL05,0,45,66,22,33,
icon:ISHLDL06,ISHLDL06,0,45,66,22,33,
icon:ISHLDM01,ISHLDM01,0,47,61,23,30,
icon:ISHLDM02,ISHLDM02,0,47,61,23,30,
icon:ISHLDM03,ISHLDM03,0,47,61,23,30,
icon:ISHLDM05,ISHLDM05,0,47,61,23,30,
icon:ISHLDM06,ISHLDM06,0,44,62,22,31,
icon:ISHLDM09,ISHLDM09,0,44,62,22,31,
icon:ISHLDRF,ISHLDRF,0,45,41,22,20,
icon:ISHLDS01,ISHLDS01,0,32,64,16,32,
icon:ISHLDS02,ISHLDS02,0,32,64,16,32,
icon:ISHLDS03,ISHLDS03,0,32,64,16,32,
icon:ISHLDS04,ISHLDS04,0,32,64,16,32,
icon:ISHLDS05,ISHLDS05,0,32,64,16,32,
icon:ISHLDVR,ISHLDVR,0,28,54,14,27,
icon:ISHLDZS,ISHLDZS,0,42,66,21,33,
icon:ISLAYLIV,ISLAYLIV,0,29,30,14,15,
icon:ISLNG01,ISLNG01,0,44,46,22,23,
icon:ISLNG02,ISLNG02,0,30,26,15,13,
icon:ISLNG03,ISLNG03,0,34,27,17,13,
icon:ISLNG04,ISLNG04,0,44,53,22,26,
icon:ISLNG05,ISLNG05,0,47,54,23,27,
icon:ISLNG06,ISLNG06,0,47,57,23,28,
icon:ISLNG07,ISLNG07,0,51,58,25,29,
icon:ISLNG08,ISLNG08,0,28,30,-2,-2,
icon:ISLNG08,ISLNG08,1,44,50,25,25,
icon:ISLNG10,ISLNG10,0,28,34,-2,1,
icon:ISLNG10,ISLNG10,1,44,51,23,23,
icon:ISORB,ISORB,0,53,52,26,26,
icon:ISPER01,ISPER01,0,62,61,31,30,
icon:ISPER02,ISPER02,0,63,64,31,32,
icon:ISPER03,ISPER03,0,63,64,31,32,
icon:ISPER04,ISPER04,0,64,61,32,30,
icon:ISPER05,ISPER05,0,66,61,33,30,
icon:ISPER06,ISPER06,0,64,63,32,31,
icon:ISPER07,ISPER07,0,65,63,32,31,
icon:ISPER08,ISPER08,0,64,62,32,31,
icon:ISPER09,ISPER09,0,65,61,32,30,
icon:ISPER10,ISPER10,0,66,60,33,30,
icon:ISPER11,ISPER11,0,32,33,0,0,
icon:ISPER11,ISPER11,1,64,64,32,32,
icon:ISPER12,ISPER12,0,64,61,32,30,
icon:ISTAF01,ISTAF01,0,48,47,24,23,
icon:ISTAF02,ISTAF02,0,64,63,32,31,
icon:ISTAF05,ISTAF05,0,64,63,32,31,
icon:ISTAF06,ISTAF06,0,61,59,30,29,
icon:ISTAF07,ISTAF07,0,64,61,32,30,
icon:ISTAF08,ISTAF08,0,64,63,32,31,
icon:ISTAF09,ISTAF09,0,57,53,28,26,
icon:ISTAF10,ISTAF10,0,59,59,29,29,
icon:ISTAF11,ISTAF11,0,64,64,32,32,
icon:ISTAF12,ISTAF12,0,64,62,32,31,
icon:ISTAF13,ISTAF13,0,62,63,31,31,
icon:ISTAF14,ISTAF14,0,64,62,32,31,
icon:ISTAF15,ISTAF15,0,53,54,26,27,
icon:ISTAF16,ISTAF16,0,66,63,33,31,
icon:ISTAF17,ISTAF17,0,66,62,33,31,
icon:ISTAF18,ISTAF18,0,65,61,32,30,
icon:ISTAF19,ISTAF19,0,64,64,32,32,
icon:ISTAF20,ISTAF20,0,65,61,32,30,
icon:ISTAF21,ISTAF21,0,32,33,0,0,
icon:ISTAF21,ISTAF21,1,64,64,32,32,
icon:ISTAF22,ISTAF22,0,62,64,31,32,
icon:ISTAF23,ISTAF23,0,32,33,0,0,
icon:ISTAF23,ISTAF23,1,64,64,32,32,
icon:ISTAF24,ISTAF24,0,64,64,32,32,
icon:ISW1H01,ISW1H01,0,52,49,26,24,
icon:ISW1H02,ISW1H02,0,51,48,25,24,
icon:ISW1H03,ISW1H03,0,53,50,26,25,
icon:ISW1H04,ISW1H04,0,50,45,25,22,
icon:ISW1H05,ISW1H05,0,51,49,25,24,
icon:ISW1H06,ISW1H06,0,50,48,25,24,
icon:ISW1H07,ISW1H07,0,39,33,19,16,
icon:ISW1H08,ISW1H08,0,38,36,19,18,
icon:ISW1H09,ISW1H09,0,40,38,20,19,
icon:ISW1H10,ISW1H10,0,43,44,21,22,
icon:ISW1H13,ISW1H13,0,53,50,26,25,
icon:ISW1H15,ISW1H15,0,59,46,29,23,
icon:ISW1H16,ISW1H16,0,59,46,29,23,
icon:ISW1H20,ISW1H20,0,57,47,28,23,
icon:ISW1H22,ISW1H22,0,57,47,28,23,
icon:ISW1H24,ISW1H24,0,49,45,24,22,
icon:ISW1H25,ISW1H25,0,48,43,24,21,
icon:ISW1H26,ISW1H26,0,44,37,22,18,
icon:ISW1H27,ISW1H27,0,48,38,24,19,
icon:ISW1H28,ISW1H28,0,43,37,21,18,
icon:ISW1H29,ISW1H29,0,41,33,20,16,
icon:ISW1H30,ISW1H30,0,62,49,31,24,
icon:ISW1H31,ISW1H31,0,56,51,28,25,
icon:ISW1H32,ISW1H32,0,63,52,31,26,
icon:ISW1H33,ISW1H33,0,52,49,26,24,
icon:ISW1H34,ISW1H34,0,57,51,28,25,
icon:ISW1H35,ISW1H35,0,55,55,27,27,
icon:ISW1H36,ISW1H36,0,54,51,27,25,
icon:ISW1H37,ISW1H37,0,54,48,27,24,
icon:ISW1H38,ISW1H38,0,56,52,28,26,
icon:ISW1H39,ISW1H39,0,54,52,27,26,
icon:ISW1H40,ISW1H40,0,61,52,30,26,
icon:ISW1H41,ISW1H41,0,54,54,27,27,
icon:ISW1H42,ISW1H42,0,55,52,27,26,
icon:ISW1H43,ISW1H43,0,65,52,32,26,
icon:ISW1H44,ISW1H44,0,63,50,31,25,
icon:ISW1H45,ISW1H45,0,65,52,32,26,
icon:ISW1H46,ISW1H46,0,50,40,25,20,
icon:ISW1H47,ISW1H47,0,50,40,25,20,
icon:ISW1H48,ISW1H48,0,45,36,22,18,
icon:ISW1H49,ISW1H49,0,45,37,22,18,
icon:ISW1H50,ISW1H50,0,63,46,31,23,
icon:ISW1H51,ISW1H51,0,64,55,32,27,
icon:ISW1H54,ISW1H54,0,58,55,29,27,
icon:ISW1H54A,ISW1H54A,0,40,38,20,19,
icon:ISW1H54B,ISW1H54B,0,43,40,21,20,
icon:ISW1H54C,ISW1H54C,0,22,23,0,0,
icon:ISW1H55,ISW1H55,0,65,52,32,26,
icon:ISW1H58,ISW1H58,0,28,28,14,14,
icon:ISW1H58,ISW1H58,1,53,50,20,18,
icon:ISW1H59,ISW1H59,0,53,50,26,25,
icon:ISW1H60,ISW1H60,0,32,32,16,16,
icon:ISW1H60,ISW1H60,1,55,53,27,26,
icon:ISW1H61,ISW1H61,0,57,55,28,27,
icon:ISW1H62,ISW1H62,0,29,29,14,14,
icon:ISW1H62,ISW1H62,1,57,52,28,26,
icon:ISW1H63,ISW1H63,0,60,55,30,27,
icon:ISW1H64,ISW1H64,0,29,29,14,14,
icon:ISW1H64,ISW1H64,1,62,60,31,30,
icon:ISW1H65,ISW1H65,0,61,59,30,29,
icon:ISW1H66,ISW1H66,0,30,27,15,13,
icon:ISW1H66,ISW1H66,1,56,41,28,20,
icon:ISW1H67,ISW1H67,0,29,32,14,16,
icon:ISW1H67,ISW1H67,1,46,37,23,18,
icon:ISW1H68,ISW1H68,0,27,28,13,14,
icon:ISW1H68,ISW1H68,1,68,53,34,26,
icon:ISW1H69,ISW1H69,0,68,53,34,26,
icon:ISW1H70,ISW1H70,0,31,30,15,15,
icon:ISW1H70,ISW1H70,1,68,54,34,27,
icon:ISW1H71,ISW1H71,0,68,54,34,27,
icon:ISW1H72,ISW1H72,0,32,30,16,15,
icon:ISW1H72,ISW1H72,1,55,51,27,25,
icon:ISW1H73,ISW1H73,0,32,32,16,16,
icon:ISW1H73,ISW1H73,1,56,49,28,24,
icon:ISW1H74,ISW1H74,0,26,26,13,13,
icon:ISW1H74,ISW1H74,1,45,42,22,21,
icon:ISW1H75,ISW1H75,0,30,29,15,14,
icon:ISW1H75,ISW1H75,1,65,51,32,25,
icon:ISW1H76,ISW1H76,0,31,27,15,13,
icon:ISW1H76,ISW1H76,1,64,49,32,24,
icon:ISW1H77,ISW1H77,0,32,32,16,16,
icon:ISW1H77,ISW1H77,1,62,59,31,29,
icon:ISW1HBS,ISW1HBS,0,51,48,25,24,
icon:ISW1HRC,ISW1HRC,0,59,47,29,23,
icon:ISW1HRN,ISW1HRN,0,50,48,25,24,
icon:ISW1HWK,ISW1HWK,0,71,52,35,26,
icon:ISW2H01,ISW2H01,0,62,59,31,29,
icon:ISW2H02,ISW2H02,0,62,62,31,31,
icon:ISW2H03,ISW2H03,0,64,64,32,32,
icon:ISW2H06,ISW2H06,0,62,62,31,31,
icon:ISW2H07,ISW2H07,0,62,62,31,31,
icon:ISW2H08,ISW2H08,0,60,63,30,31,
icon:ISW2H09,ISW2H09,0,60,60,30,30,
icon:ISW2H10,ISW2H10,0,62,64,31,32,
icon:ISW2H11,ISW2H11,0,61,60,30,30,
icon:ISW2H12,ISW2H12,0,61,60,30,30,
icon:ISW2H13,ISW2H13,0,64,61,32,30,
icon:ISW2H14,ISW2H14,0,63,62,31,31,
icon:ISW2H15,ISW2H15,0,64,61,32,30,
icon:ISW2H15A,ISW2H15A,0,34,28,17,14,
icon:ISW2H16,ISW2H16,0,64,60,0,0,
icon:ISW2H17,ISW2H17,0,32,32,16,16,
icon:ISW2H17,ISW2H17,1,64,64,32,32,
icon:ISW2H20,ISW2H20,0,31,31,-2,-1,
icon:ISW2H20,ISW2H20,1,62,62,31,31,
icon:ISW2H21,ISW2H21,0,32,33,0,0,
icon:ISW2H21,ISW2H21,1,64,64,32,32,
icon:ISWOSPDR,ISWOSPDR,0,31,31,15,15,
icon:ISWSEEK,ISWSEEK,0,28,30,14,15,
icon:ITOME01,ITOME01,0,26,24,-4,-3,
icon:ITOME01,ITOME01,1,53,51,25,25,
icon:ITOME02A,ITOME02A,0,26,23,-4,-4,
icon:ITOME02A,ITOME02A,1,43,45,25,25,
icon:IWAND02,IWAND02,0,49,47,24,23,
icon:IWAND03,IWAND03,0,46,44,23,22,
icon:IWAND04,IWAND04,0,47,45,23,22,
icon:IWAND05,IWAND05,0,46,44,23,22,
icon:IWAND06,IWAND06,0,46,44,23,22,
icon:IWAND07,IWAND07,0,50,48,25,24,
icon:IWAND08,IWAND08,0,48,46,24,23,
icon:IWAND09,IWAND09,0,49,47,24,23,
icon:IWAND10,IWAND10,0,48,46,24,23,
icon:IWAND11,IWAND11,0,51,48,25,24,
icon:IWAND12,IWAND12,0,49,48,24,24,
icon:IWAND13,IWAND13,0,46,48,23,24,
icon:IWAND14,IWAND14,0,49,48,24,24,
icon:IWAND18,IWAND18,0,32,33,0,0,
icon:IWAND18,IWAND18,1,64,64,32,32,
icon:IWAND19,IWAND19,0,32,33,0,0,
icon:IWAND19,IWAND19,1,64,64,32,32,
icon:IWINGS01,IWINGS01,0,50,72,25,36,
icon:IWOLF,IWOLF,0,30,28,15,14,
icon:IXBOW01,IXBOW01,0,51,50,25,25,
icon:IXBOW02,IXBOW02,0,51,50,25,25,
icon:IXBOW03,IXBOW03,0,53,49,26,24,
icon:IXBOW04,IXBOW04,0,32,32,16,16,
icon:IXBOW05,IXBOW05,0,50,46,25,23,
icon:IXBOW06,IXBOW06,0,44,42,22,21,
icon:IXBOW07,IXBOW07,0,54,50,27,25,
icon:IXBOW08,IXBOW08,0,60,58,30,29,
icon:IXBOW10,IXBOW10,0,57,54,28,27,
icon:IXBOW11,IXBOW11,0,35,40,17,20,
icon:IXBOW12,IXBOW12,0,50,60,25,30,
icon:IXBOW13,IXBOW13,0,54,53,27,26,
icon:IXBOW14,IXBOW14,0,55,54,27,27,
icon:IXBOW15,IXBOW15,0,27,30,-3,-2,
icon:IXBOW15,IXBOW15,1,51,56,25,25,
icon:IXBOW17,IXBOW17,0,32,31,-2,-1,
icon:IXBOW17,IXBOW17,1,54,50,27,24,
icon:IXBOW18,IXBOW18,0,29,29,-2,-1,
icon:IXBOW18,IXBOW18,1,57,58,28,29,
icon:MDKSUMM,MDKSUMM,0,32,32,0,0,
icon:OHAROW50,OHAROW50,0,32,33,0,0,
icon:OHAROW50,OHAROW50,1,64,64,32,32,
icon:OHBCNOSH,OHBCNOSH,0,111,250,56,125,
icon:OHBCOM03,OHBCOM03,0,173,190,0,0,5
icon:OHBCOM05,OHBCOM05,0,200,180,0,0,7
icon:OHBCOM07,OHBCOM07,0,190,166,0,0,8
icon:OHBCOM12,OHBCOM12,0,26,28,-2,-1,
icon:OHBCOM12,OHBCOM12,1,30,33,15,15,
icon:OHBDUST1,OHBDUST1,0,68,50,34,25,
icon:OHBDUST2,OHBDUST2,0,68,50,34,25,
icon:OHBINOSH,OHBINOSH,0,32,32,0,0,
icon:OHBINOSH,OHBINOSH,1,38,63,19,32,
icon:OHBIOM03,OHBIOM03,0,50,55,25,27,
icon:OHBIOM05,OHBIOM05,0,56,50,28,25,
icon:OHBIOM07,OHBIOM07,0,24,25,12,12,
icon:OHBIPN03,OHBIPN03,0,28,58,14,29,
icon:OHBIPN05,OHBIPN05,0,28,58,14,29,
icon:OHBIPN06,OHBIPN06,0,28,58,14,29,
icon:OHBIPN07,OHBIPN07,0,28,58,14,29,
icon:OHBIPN10,OHBIPN10,0,28,58,14,29,
icon:OHBIRNG2,OHBIRNG2,0,29,21,11,8,
icon:OHBISHL1,OHBISHL1,0,46,63,23,31,
icon:OHBOLT50,OHBOLT50,0,32,33,0,0,
icon:OHBOLT50,OHBOLT50,1,64,64,32,32,
icon:OHBPTN03,OHBPTN03,0,92,190,0,0,3
icon:OHBPTN05,OHBPTN05,0,92,190,0,0,7
icon:OHBPTN06,OHBPTN06,0,92,190,0,0,7
icon:OHBPTN07,OHBPTN07,0,92,190,0,0,6
icon:OHBPTN10,OHBPTN10,0,92,190,0,0,6
icon:OHBREW06,OHBREW06,0,15,31,-9,-1,
icon:OHBREW06,OHBREW06,1,34,61,17,30,
icon:OHCHAN50,OHCHAN50,0,50,59,25,29,
icon:OHDAPPLE,OHDAPPLE,0,185,190,0,0,6
icon:OHDART50,OHDART50,0,31,30,15,15,
icon:OHDART51,OHDART51,0,31,30,15,15,
icon:OHDCACOR,OHDCACOR,0,198,190,0,0,8
icon:OHDCCRYS,OHDCCRYS,0,156,180,0,0,6
icon:OHDCS2HA,OHDCS2HA,0,147,190,0,0,6
icon:OHDCS2HB,OHDCS2HB,0,161,190,0,0,8
icon:OHDCS2HC,OHDCS2HC,0,161,190,0,0,7
icon:OHDCS2HD,OHDCS2HD,0,161,190,0,0,8
icon:OHDCSMS1,OHDCSMS1,0,151,190,0,0,6
icon:OHDCSMS2,OHDCSMS2,0,151,190,0,0,7
icon:OHDCSMS3,OHDCSMS3,0,151,190,0,0,5
icon:OHDHSWDI,OHDHSWDI,0,32,32,0,0,
icon:OHDHSWDI,OHDHSWDI,1,56,49,28,24,
icon:OHDIACOR,OHDIACOR,0,25,26,12,13,
icon:OHDIACOR,OHDIACOR,1,23,23,0,0,
icon:OHDIAPPL,OHDIAPPL,0,54,55,27,27,
icon:OHDICRYS,OHDICRYS,0,48,55,24,27,
icon:OHDIINK,OHDIINK,0,57,26,28,13,
icon:OHDIMASK,OHDIMASK,0,45,57,22,28,
icon:OHDINK,OHDINK,0,190,96,0,0,4
icon:OHDISIG,OHDISIG,0,60,58,30,29,
icon:OHDISMS1,OHDISMS1,0,48,55,24,27,
icon:OHDISMS2,OHDISMS2,0,48,55,24,27,
icon:OHDISMS3,OHDISMS3,0,48,55,24,27,
icon:OHDISW2H,OHDISW2H,0,59,55,29,27,
icon:OHDMASK,OHDMASK,0,116,190,0,0,7
icon:OHDSIGIL,OHDSIGIL,0,190,178,0,0,5
icon:OHHBAG,OHHBAG,0,190,115,0,0,5
icon:OHHCASK,OHHCASK,0,109,190,0,0,9
icon:OHHCCASQ,OHHCCASQ,0,155,170,0,0,4
icon:OHHCCLAW,OHHCCLAW,0,136,200,0,0,9
icon:OHHCCLK,OHHCCLK,0,101,230,0,0,8
icon:OHHCSHRO,OHHCSHRO,0,133,200,0,0,5
icon:OHHDRAIC,OHHDRAIC,0,27,28,13,14,
icon:OHHEXAM0,OHHEXAM0,0,190,132,0,0,11
icon:OHHEXAM2,OHHEXAM2,0,190,132,0,0,12
icon:OHHIBAG,OHHIBAG,0,55,40,27,20,
icon:OHHICASK,OHHICASK,0,45,57,22,28,
icon:OHHICASQ,OHHICASQ,0,45,49,22,24,
icon:OHHICASQ,OHHICASQ,1,37,43,0,0,
icon:OHHICLAW,OHHICLAW,0,55,55,27,27,
icon:OHHICLAW,OHHICLAW,1,32,33,0,0,
icon:OHHICLK,OHHICLK,0,52,63,26,31,
icon:OHHICLK,OHHICLK,1,30,35,32,32,
icon:OHHIOIL,OHHIOIL,0,57,35,28,17,
icon:OHHIPRSN,OHHIPRSN,0,50,55,25,27,
icon:OHHISHRO,OHHISHRO,0,49,54,24,27,
icon:OHHISHRO,OHHISHRO,1,27,36,19,26,
icon:OHHISILK,OHHISILK,0,57,45,28,22,
icon:OHHISTAT,OHHISTAT,0,55,57,27,28,
icon:OHHOIL,OHHOIL,0,190,87,0,0,4
icon:OHHPRISN,OHHPRISN,0,281,246,0,0,9
icon:OHHROD,OHHROD,0,32,22,1,-6,
icon:OHHROD,OHHROD,1,48,41,25,25,
icon:OHHSILK,OHHSILK,0,190,61,0,0,1
icon:OHHSTATU,OHHSTATU,0,68,190,0,0,7
icon:OHHSUMMC,OHHSUMMC,0,27,28,13,14,
icon:OHHSUMMC,OHHSUMMC,1,32,32,0,0,
icon:OHHXIAM0,OHHXIAM0,0,32,33,16,16,
icon:OHHXIAM2,OHHXIAM2,0,32,33,16,16,
icon:OHLEAT50,OHLEAT50,0,51,61,25,30,
icon:OHLEAT51,OHLEAT51,0,51,61,25,30,
icon:OHLEAT52,OHLEAT52,0,51,61,25,30,
icon:OHLEAT53,OHLEAT53,0,53,60,26,30,
icon:OHNCAM02,OHNCAM02,0,158,190,0,0,11
icon:OHNCAML1,OHNCAML1,0,96,150,0,0,5
icon:OHNCBELL,OHNCBELL,0,176,190,0,0,9
icon:OHNCCAT,OHNCCAT,0,190,157,0,0,7
icon:OHNCHAMM,OHNCHAMM,0,130,190,0,0,8
icon:OHNCHLM1,OHNCHLM1,0,200,86,0,0,7
icon:OHNCNOTE,OHNCNOTE,0,190,175,0,0,10
icon:OHNCROB1,OHNCROB1,0,127,230,0,0,6
icon:OHNCROB2,OHNCROB2,0,82,200,0,0,7
icon:OHNCSH1,OHNCSH1,0,136,190,0,0,7
icon:OHNCSL1,OHNCSL1,0,243,191,0,0,10
icon:OHNCTN1,OHNCTN1,0,148,190,0,0,7
icon:OHNCWND1,OHNCWND1,0,202,190,0,0,8
icon:OHNFOOD,OHNFOOD,0,258,190,0,0,7
icon:OHNIAM02,OHNIAM02,0,25,30,12,15,
icon:OHNIAM02,OHNIAM02,1,25,31,0,0,
icon:OHNIAML1,OHNIAML1,0,56,57,28,28,
icon:OHNIBELL,OHNIBELL,0,58,58,29,29,
icon:OHNICAT,OHNICAT,0,57,47,28,23,
icon:OHNIFOOD,OHNIFOOD,0,60,31,30,15,
icon:OHNIHAMM,OHNIHAMM,0,28,28,14,14,
icon:OHNIHAMM,OHNIHAMM,1,25,28,0,0,
icon:OHNIHLM1,OHNIHLM1,0,60,26,30,13,
icon:OHNIKEY1,OHNIKEY1,0,60,20,30,10,
icon:OHNIMBRD,OHNIMBRD,0,60,40,30,20,
icon:OHNINOTE,OHNINOTE,0,57,53,28,26,
icon:OHNIPOT1,OHNIPOT1,0,28,58,14,29,
icon:OHNIROB1,OHNIROB1,0,57,54,28,27,
icon:OHNIROB1,OHNIROB1,1,36,62,0,0,
icon:OHNIROB2,OHNIROB2,0,23,57,11,28,
icon:OHNIROB3,OHNIROB3,0,58,64,29,32,
icon:OHNISH1,OHNISH1,0,33,42,16,21,
icon:OHNISH1,OHNISH1,1,21,27,0,0,
icon:OHNISL1,OHNISL1,0,47,52,23,26,
icon:OHNISL1,OHNISL1,1,30,38,0,0,
icon:OHNITNK,OHNITNK,0,60,56,30,28,
icon:OHNITUN1,OHNITUN1,0,47,60,23,30,
icon:OHNIWND1,OHNIWND1,0,57,54,28,27,
icon:OHNMBIRD,OHNMBIRD,0,190,118,0,0,7
icon:OHNPOTN1,OHNPOTN1,0,92,190,0,0,7
icon:OHNTANK,OHNTANK,0,190,177,0,0,10
icon:OHPLAT50,OHPLAT50,0,50,60,25,30,
icon:OHRCAML,OHRCAML,0,178,200,0,0,8
icon:OHRCAX01,OHRCAX01,0,186,200,0,0,10
icon:OHRCAX1,OHRCAX1,0,165,200,0,0,6
icon:OHRCBLT1,OHRCBLT1,0,206,190,0,0,8
icon:OHRCBLT2,OHRCBLT2,0,190,102,0,0,4
icon:OHRCBOT1,OHRCBOT1,0,190,123,0,0,5
icon:OHRCBRC1,OHRCBRC1,0,191,198,0,0,6
icon:OHRCCLK1,OHRCCLK1,0,106,198,0,0,8
icon:OHRCCLK2,OHRCCLK2,0,150,198,0,0,8
icon:OHRCCLK3,OHRCCLK3,0,128,198,0,0,8
icon:OHRCCLK4,OHRCCLK4,0,147,198,0,0,7
icon:OHRCEYE,OHRCEYE,0,165,200,0,0,5
icon:OHRCGM01,OHRCGM01,0,200,184,0,0,10
icon:OHRCRNG1,OHRCRNG1,0,190,119,0,0,6
icon:OHRCSLG1,OHRCSLG1,0,165,190,0,0,8
icon:OHRCSWH1,OHRCSWH1,0,154,200,0,0,12
icon:OHRCWHEL,OHRCWHEL,0,143,190,0,0,6
icon:OHRGAX01,OHRGAX01,0,22,22,11,11,
icon:OHRGGM01,OHRGGM01,0,10,10,5,5,
icon:OHRIAML,OHRIAML,0,52,55,26,27,
icon:OHRIAX01,OHRIAX01,0,28,29,-2,-2,
icon:OHRIAX01,OHRIAX01,1,57,52,29,26,
icon:OHRIAX1,OHRIAX1,0,64,58,32,29,
icon:OHRIBLT1,OHRIBLT1,0,62,46,31,23,
icon:OHRIBLT2,OHRIBLT2,0,64,56,32,28,
icon:OHRIBOT1,OHRIBOT1,0,44,35,22,17,
icon:OHRIBRC1,OHRIBRC1,0,58,58,29,29,
icon:OHRICLK1,OHRICLK1,0,41,62,20,31,
icon:OHRICLK2,OHRICLK2,0,52,61,26,30,
icon:OHRICLK3,OHRICLK3,0,50,64,25,32,
icon:OHRICLK4,OHRICLK4,0,49,62,24,31,
icon:OHRIEYE,OHRIEYE,0,56,63,28,31,
icon:OHRIGM01,OHRIGM01,0,25,24,-4,-4,
icon:OHRIGM01,OHRIGM01,1,29,26,15,13,
icon:OHRIRNG1,OHRIRNG1,0,59,55,29,27,
icon:OHRISLG1,OHRISLG1,0,60,58,30,29,
icon:OHRISWH1,OHRISWH1,0,63,47,31,23,
icon:OHRIWHEL,OHRIWHEL,0,38,38,19,19,
icon:OHRIWHEL,OHRIWHEL,1,25,28,0,0,
icon:OHRSCRL1,OHRSCRL1,0,25,18,-4,-7,
icon:OHRSCRL1,OHRSCRL1,1,30,21,15,10,
icon:OHSHLD50,OHSHLD50,0,30,40,15,20,
icon:OHSHLD51,OHSHLD51,0,30,40,15,20,
icon:OHSW1H51,OHSW1H51,0,50,40,25,20,
icon:OHSW1H52,OHSW1H52,0,50,40,25,20,
icon:OHSW1H53,OHSW1H53,0,45,37,22,18,
icon:OHSW1H54,OHSW1H54,0,45,37,22,18,
icon:OHSW1H55,OHSW1H55,0,57,47,28,23,
icon:OHSWCREA,OHSWCREA,0,118,200,0,0,10
icon:OHSWIREA,OHSWIREA,0,51,60,25,30,
icon:OHTEMPC,OHTEMPC,0,115,189,0,0,7
icon:OHTEMPI,OHTEMPI,0,43,65,14,29,
icon:OHTMPS2C,OHTMPS2C,0,32,32,0,0,
icon:OHTYR1C,OHTYR1C,0,32,32,0,0,
icon:OHTYR2C,OHTYR2C,0,32,32,0,0,
icon:PAMUL26,PAMUL26,0,170,238,83,120,
icon:PAMUL27,PAMUL27,0,173,236,88,118,
icon:PAROW15,PAROW15,0,179,249,101,117,
icon:PAX1H14,PAX1H14,0,190,210,90,106,
icon:PAX1H16,PAX1H16,0,173,206,88,104,
icon:PBAG05,PBAG05,0,232,218,0,0,8
icon:PBAG06,PBAG06,0,192,204,0,0,7
icon:PBELT11,PBELT11,0,225,178,111,87,
icon:PBELT12,PBELT12,0,165,193,79,103,
icon:PBELT13,PBELT13,0,162,228,85,120,
icon:PBELT14,PBELT14,0,200,162,100,94,
icon:PBLUN26,PBLUN26,0,188,232,100,116,
icon:PBLUN28,PBLUN28,0,194,245,91,120,
icon:PBLUN30,PBLUN30,0,174,219,89,113,
icon:PBLUN30A,PBLUN30A,0,140,208,78,106,
icon:PBLUN30B,PBLUN30B,0,123,203,52,90,
icon:PBOLT09,PBOLT09,0,193,225,99,109,
icon:PBOOT12,PBOOT12,0,224,237,0,0,10
icon:PBOTSMIT,PBOTSMIT,0,152,222,73,116,
icon:PBOW20,PBOW20,0,188,241,93,123,
icon:PBOW22,PBOW22,0,199,248,96,122,
icon:PBRAC22,PBRAC22,0,211,226,100,108,
icon:PBRAC24,PBRAC24,0,225,214,114,115,
icon:PBRAC25,PBRAC25,0,209,235,105,116,
icon:PBRAC26,PBRAC26,0,191,199,100,92,
icon:PBRDFLUT,PBRDFLUT,0,176,222,91,110,
icon:PBZPLO01,PBZPLO01,0,133,171,66,98,
icon:PBZPLO02,PBZPLO02,0,200,245,100,122,
icon:PCHAN20,PCHAN20,0,187,235,95,114,
icon:PCLCK32,PCLCK32,0,206,172,111,100,
icon:PCOMPO01,PCOMPO01,0,132,187,67,72,
icon:PCOMPO02,PCOMPO02,0,103,116,47,68,
icon:PCOMPO03,PCOMPO03,0,194,237,81,113,
icon:PCOMPO11,PCOMPO11,0,149,105,78,51,
icon:PCOMPO12,PCOMPO12,0,152,145,74,67,
icon:PCOMPO13,PCOMPO13,0,144,147,72,75,
icon:PCOMPO14,PCOMPO14,0,128,131,55,77,
icon:PCOMPO17,PCOMPO17,0,157,173,82,88,
icon:PDAGG21,PDAGG21,0,230,253,116,121,
icon:PDAGG23,PDAGG23,0,196,243,88,125,
icon:PDART08,PDART08,0,180,224,96,105,
icon:PFIGUR01,PFIGUR01,0,135,248,65,114,
icon:PGLBBLU1,PGLBBLU1,0,150,176,90,88,
icon:PGLBGRE1,PGLBGRE1,0,150,176,90,88,
icon:PGLBPUR1,PGLBPUR1,0,150,176,90,88,
icon:PGLBRED1,PGLBRED1,0,150,176,90,88,
icon:PHAMM10,PHAMM10,0,127,174,60,84,
icon:PHELM23,PHELM23,0,150,147,74,77,
icon:PHELM29,PHELM29,0,213,240,104,127,
icon:PLEAT23,PLEAT23,0,177,225,80,118,
icon:PLYBASSB,PLYBASSB,0,32,32,0,0,
icon:PLYBEA1B,PLYBEA1B,0,30,29,-1,-2,
icon:PLYBEA2B,PLYBEA2B,0,30,30,-1,-1,
icon:PLYFLINB,PLYFLINB,0,29,30,-2,-1,
icon:PLYJELLB,PLYJELLB,0,28,29,-2,-2,
icon:PLYMANB,PLYMANB,0,28,31,-3,-1,
icon:PLYOGREB,PLYOGREB,0,30,29,-1,-2,
icon:PLYSPIDB,PLYSPIDB,0,31,30,-1,-1,
icon:PLYWOLFB,PLYWOLFB,0,30,29,-1,-2,
icon:PLYWYVNB,PLYWYVNB,0,32,32,0,0,
icon:PMISCCB,PMISCCB,0,179,154,86,81,
icon:POO,POO,0,199,226,0,0,8
icon:PPLAT20,PPLAT20,0,156,230,81,115,
icon:PPLAT21,PPLAT21,0,201,217,98,101,
icon:PPLOT01B,PPLOT01B,0,153,165,78,93,
icon:PPLOT01C,PPLOT01C,0,204,231,97,121,
icon:PPLOT01D,PPLOT01D,0,204,231,97,121,
icon:PPLOT01E,PPLOT01E,0,178,222,86,121,
icon:PPLOT01F,PPLOT01F,0,135,227,65,116,
icon:PPLOT01H,PPLOT01H,0,175,201,90,109,
icon:PPLOT01J,PPLOT01J,0,172,189,75,90,
icon:PPLOT01K,PPLOT01K,0,164,167,75,90,
icon:PPLOT01L,PPLOT01L,0,187,212,99,93,
icon:PPLOT01P,PPLOT01P,0,234,224,113,105,
icon:PPLOT02A,PPLOT02A,0,195,254,94,128,
icon:PPLOT02B,PPLOT02B,0,212,254,101,130,
icon:PPLOT02C,PPLOT02C,0,127,118,58,48,
icon:PPLOT02D,PPLOT02D,0,127,118,58,48,
icon:PPLOT02E,PPLOT02E,0,127,118,58,48,
icon:PPLOT02H,PPLOT02H,0,226,240,110,114,
icon:PPLOT03A,PPLOT03A,0,153,228,78,116,
icon:PPLOT03B,PPLOT03B,0,162,238,83,121,
icon:PPLOT03C,PPLOT03C,0,165,228,94,126,
icon:PPLOT03D,PPLOT03D,0,139,224,69,106,
icon:PPLOT03E,PPLOT03E,0,147,223,80,111,
icon:PPLOT04A,PPLOT04A,0,106,222,61,123,
icon:PPLOT04B,PPLOT04B,0,124,206,69,108,
icon:PPLOT04C,PPLOT04C,0,131,223,61,114,
icon:PPLOT04D,PPLOT04D,0,195,250,89,127,
icon:PPLOT04F,PPLOT04F,0,169,154,87,94,
icon:PPLOT04G,PPLOT04G,0,207,227,85,115,
icon:PPLOT04H,PPLOT04H,0,123,203,57,105,
icon:PPLOT04I,PPLOT04I,0,188,235,90,115,
icon:PPLOT05A,PPLOT05A,0,156,183,82,101,
icon:PPLOT05B,PPLOT05B,0,158,217,88,117,
icon:PPLOT05C,PPLOT05C,0,179,243,89,121,
icon:PPOTN55,PPOTN55,0,180,190,85,90,
icon:PQUIVR01,PQUIVR01,0,193,207,94,106,
icon:PQUIVR03,PQUIVR03,0,176,209,85,108,
icon:PRING43,PRING43,0,156,128,80,58,
icon:PRING44,PRING44,0,163,144,88,78,
icon:PRING45,PRING45,0,120,120,66,55,
icon:PRODS06,PRODS06,0,242,166,121,89,
icon:PSECRT01,PSECRT01,0,162,249,78,120,
icon:PSECRT02,PSECRT02,0,160,198,75,90,
icon:PSECRT04,PSECRT04,0,158,190,75,90,
icon:PSECRT05,PSECRT05,0,158,238,78,114,
icon:PSLNG08,PSLNG08,0,203,198,103,109,
icon:PSPER11,PSPER11,0,169,196,82,93,
icon:PSTAF21,PSTAF21,0,180,200,99,95,
icon:PSTAF23,PSTAF23,0,158,212,88,103,
icon:PSW1H58,PSW1H58,0,192,232,102,123,
icon:PSW1H60,PSW1H60,0,182,223,104,112,
icon:PSW1H62,PSW1H62,0,200,238,102,112,
icon:PSW1H64,PSW1H64,0,204,241,110,119,
icon:PSW1H66,PSW1H66,0,169,231,84,106,
icon:PSW1H67,PSW1H67,0,150,216,78,93,
icon:PSW1H68,PSW1H68,0,182,208,95,102,
icon:PSW1H70,PSW1H70,0,153,233,88,122,
icon:PSW2H17,PSW2H17,0,183,195,97,99,
icon:PTOME01,PTOME01,0,198,185,98,83,
icon:PTOME02A,PTOME02A,0,224,201,119,96,
icon:PWAND18,PWAND18,0,200,160,100,64,
icon:PWAND19,PWAND19,0,200,154,100,71,
icon:PXBOW15,PXBOW15,0,199,201,99,105,
icon:SETSNARE,SETSNARE,0,32,32,16,16,
icon:SETSNARE,SETSNARE,1,32,32,0,0,
icon:SPCL121B,SPCL121B,0,32,32,0,0,
icon:SPCL121B,SPCL121B,1,32,32,0,0,
icon:SPCL152B,SPCL152B,0,32,32,0,0,
icon:SPCL152B,SPCL152B,1,32,32,0,0,
icon:SPCL222C,SPCL222C,0,32,32,0,0,
icon:SPCL222C,SPCL222C,1,32,32,0,0,
icon:SPCL236C,SPCL236C,0,22,22,0,0,
icon:SPCL237B,SPCL237B,0,29,31,0,0,
icon:SPCL238C,SPCL238C,0,22,22,0,0,
icon:SPCL239C,SPCL239C,0,22,25,0,0,
icon:SPCL412C,SPCL412C,0,32,32,0,0,
icon:SPCL414C,SPCL414C,0,32,32,16,16,
icon:SPCL414C,SPCL414C,1,32,32,0,0,
icon:SPCL423,SPCL423,0,32,32,0,0,
icon:SPCL423C,SPCL423C,0,32,32,0,0,
icon:SPCL423C,SPCL423C,1,32,32,0,0,
icon:SPCL521C,SPCL521C,0,32,32,0,0,
icon:SPCL521C,SPCL521C,1,32,32,0,0,
icon:SPCL522C,SPCL522C,0,32,32,0,0,
icon:SPCL522C,SPCL522C,1,32,32,0,0,
icon:SPCL621C,SPCL621C,0,32,32,0,0,
icon:SPCL621C,SPCL621C,1,32,32,0,0,
icon:SPCL632B,SPCL632B,0,31,30,0,0,
icon:SPCL641C,SPCL641C,0,32,32,0,0,
icon:SPCL641C,SPCL641C,1,32,32,0,0,
icon:SPCL721C,SPCL721C,0,32,32,0,0,
icon:SPCL721C,SPCL721C,1,32,32,0,0,
icon:SPCL731C,SPCL731C,0,32,32,0,0,
icon:SPCL731C,SPCL731C,1,32,32,0,0,
icon:SPCL741C,SPCL741C,0,32,32,0,0,
icon:SPCL741C,SPCL741C,1,32,32,0,0,
icon:SPCL811C,SPCL811C,0,30,32,0,0,
icon:SPCL811C,SPCL811C,1,30,32,0,0,
icon:SPCL815B,SPCL815B,0,29,31,0,0,
icon:SPCL815C,SPCL815C,0,29,31,0,0,
icon:SPCL815C,SPCL815C,1,29,31,0,0,
icon:SPCL820C,SPCL820C,0,31,32,0,0,
icon:SPCL820C,SPCL820C,1,31,32,0,0,
icon:SPCL900B,SPCL900B,0,32,32,0,0,
icon:SPCL900B,SPCL900B,1,32,32,0,0,
icon:SPCL936C,SPCL936C,0,32,32,0,0,
icon:SPCL936C,SPCL936C,1,32,32,0,0,
icon:SPCL937C,SPCL937C,0,26,28,0,0,
icon:SPCL937C,SPCL937C,1,32,32,0,0,
icon:SPCL938C,SPCL938C,0,26,30,0,0,
icon:SPCL938C,SPCL938C,1,32,32,0,0,
icon:SPCL940C,SPCL940C,0,23,23,0,0,
icon:SPCL941C,SPCL941C,0,23,23,0,0,
icon:SPDD03C,SPDD03C,0,22,25,0,0,
icon:SPDD03C,SPDD03C,1,22,25,0,0,
icon:SPDWD02C,SPDWD02C,0,18,24,0,0,
icon:SPENBARB,SPENBARB,0,32,32,0,0,
icon:SPENBARB,SPENBARB,1,32,32,0,0,
icon:SPIN107B,SPIN107B,0,30,27,0,0,
icon:SPIN110B,SPIN110B,0,30,29,0,0,
icon:SPIN111B,SPIN111B,0,31,29,0,0,
icon:SPIN117B,SPIN117B,0,30,30,0,0,
icon:SPIN117C,SPIN117C,0,30,30,-1,-1,
icon:SPIN152B,SPIN152B,0,30,29,0,0,
icon:SPIN152B,SPIN152B,1,30,29,0,0,
icon:SPIN153B,SPIN153B,0,30,31,0,0,
icon:SPIN153B,SPIN153B,1,30,31,0,0,
icon:SPIN154B,SPIN154B,0,29,30,0,0,
icon:SPIN154B,SPIN154B,1,29,30,0,0,
icon:SPIN155B,SPIN155B,0,29,30,0,0,
icon:SPIN155B,SPIN155B,1,29,30,0,0,
icon:SPIN156B,SPIN156B,0,30,32,0,0,
icon:SPIN156B,SPIN156B,1,30,32,0,0,
icon:SPIN157B,SPIN157B,0,31,29,0,0,
icon:SPIN157B,SPIN157B,1,31,29,0,0,
icon:SPIN160B,SPIN160B,0,28,30,0,0,
icon:SPIN160B,SPIN160B,1,28,30,0,0,
icon:SPIN758B,SPIN758B,0,30,30,0,0,
icon:SPIN758B,SPIN758B,1,30,30,0,0,
icon:SPIN822,SPIN822,0,28,29,0,0,
icon:SPIN822,SPIN822,1,28,29,0,0,
icon:SPIN829B,SPIN829B,0,28,30,14,15,
icon:SPPR101C,SPPR101C,0,22,22,0,0,
icon:SPPR101C,SPPR101C,1,22,22,0,0,
icon:SPPR102C,SPPR102C,0,20,22,0,0,
icon:SPPR102C,SPPR102C,1,20,22,0,0,
icon:SPPR103C,SPPR103C,0,19,19,0,0,
icon:SPPR103C,SPPR103C,1,19,19,0,0,
icon:SPPR104C,SPPR104C,0,24,24,0,0,
icon:SPPR104C,SPPR104C,1,24,24,0,0,
icon:SPPR105C,SPPR105C,0,26,20,0,0,
icon:SPPR105C,SPPR105C,1,26,20,0,0,
icon:SPPR106C,SPPR106C,0,22,24,0,0,
icon:SPPR106C,SPPR106C,1,22,24,0,0,
icon:SPPR107C,SPPR107C,0,24,25,0,0,
icon:SPPR107C,SPPR107C,1,24,25,0,0,
icon:SPPR108C,SPPR108C,0,19,22,0,0,
icon:SPPR108C,SPPR108C,1,19,22,0,0,
icon:SPPR109C,SPPR109C,0,32,32,0,0,
icon:SPPR110C,SPPR110C,0,23,24,0,0,
icon:SPPR110C,SPPR110C,1,23,24,0,0,
icon:SPPR111B,SPPR111B,0,28,30,0,0,
icon:SPPR111B,SPPR111B,1,28,30,0,0,
icon:SPPR111C,SPPR111C,0,32,32,0,0,
icon:SPPR111C,SPPR111C,1,32,32,0,0,
icon:SPPR113C,SPPR113C,0,32,32,0,0,
icon:SPPR113C,SPPR113C,1,32,32,0,0,
icon:SPPR150C,SPPR150C,0,23,22,0,0,
icon:SPPR201C,SPPR201C,0,22,21,0,0,
icon:SPPR201C,SPPR201C,1,22,21,0,0,
icon:SPPR202C,SPPR202C,0,19,26,0,0,
icon:SPPR202C,SPPR202C,1,19,26,0,0,
icon:SPPR203C,SPPR203C,0,21,26,0,0,
icon:SPPR203C,SPPR203C,1,21,26,0,0,
icon:SPPR204C,SPPR204C,0,31,31,0,0,
icon:SPPR205C,SPPR205C,0,24,24,0,0,
icon:SPPR205C,SPPR205C,1,24,24,0,0,
icon:SPPR206C,SPPR206C,0,25,24,0,0,
icon:SPPR206C,SPPR206C,1,25,24,0,0,
icon:SPPR207C,SPPR207C,0,23,23,0,0,
icon:SPPR207C,SPPR207C,1,23,23,0,0,
icon:SPPR208C,SPPR208C,0,32,32,0,0,
icon:SPPR209C,SPPR209C,0,32,32,0,0,
icon:SPPR210C,SPPR210C,0,25,25,0,0,
icon:SPPR210C,SPPR210C,1,25,25,0,0,
icon:SPPR211C,SPPR211C,0,29,16,0,0,
icon:SPPR211C,SPPR211C,1,29,16,0,0,
icon:SPPR212C,SPPR212C,0,19,23,0,0,
icon:SPPR212C,SPPR212C,1,19,23,0,0,
icon:SPPR213C,SPPR213C,0,15,24,0,0,
icon:SPPR213C,SPPR213C,1,15,24,0,0,
icon:SPPR214C,SPPR214C,0,32,32,0,0,
icon:SPPR250C,SPPR250C,0,25,22,0,0,
icon:SPPR301B,SPPR301B,0,25,27,0,0,
icon:SPPR301B,SPPR301B,1,25,27,0,0,
icon:SPPR301C,SPPR301C,0,21,23,0,0,
icon:SPPR301C,SPPR301C,1,21,23,0,0,
icon:SPPR302C,SPPR302C,0,27,24,0,0,
icon:SPPR302C,SPPR302C,1,27,24,0,0,
icon:SPPR303C,SPPR303C,0,32,32,0,0,
icon:SPPR304C,SPPR304C,0,25,25,0,0,
icon:SPPR304C,SPPR304C,1,25,25,0,0,
icon:SPPR305C,SPPR305C,0,20,16,0,0,
icon:SPPR305C,SPPR305C,1,20,16,0,0,
icon:SPPR306C,SPPR306C,0,24,25,0,0,
icon:SPPR306C,SPPR306C,1,24,25,0,0,
icon:SPPR307C,SPPR307C,0,18,22,0,0,
icon:SPPR307C,SPPR307C,1,18,22,0,0,
icon:SPPR308C,SPPR308C,0,18,22,0,0,
icon:SPPR308C,SPPR308C,1,18,22,0,0,
icon:SPPR309C,SPPR309C,0,20,22,0,0,
icon:SPPR309C,SPPR309C,1,20,22,0,0,
icon:SPPR310C,SPPR310C,0,27,24,0,0,
icon:SPPR310C,SPPR310C,1,27,24,0,0,
icon:SPPR311C,SPPR311C,0,16,23,0,0,
icon:SPPR311C,SPPR311C,1,16,23,0,0,
icon:SPPR312C,SPPR312C,0,25,20,0,0,
icon:SPPR312C,SPPR312C,1,25,20,0,0,
icon:SPPR313C,SPPR313C,0,32,32,0,0,
icon:SPPR313C,SPPR313C,1,32,32,0,0,
icon:SPPR314B,SPPR314B,0,32,32,0,0,
icon:SPPR314B,SPPR314B,1,32,32,0,0,
icon:SPPR314C,SPPR314C,0,32,32,0,0,
icon:SPPR314C,SPPR314C,1,32,32,0,0,
icon:SPPR315C,SPPR315C,0,32,32,0,0,
icon:SPPR317C,SPPR317C,0,32,32,0,0,
icon:SPPR317C,SPPR317C,1,32,32,0,0,
icon:SPPR318C,SPPR318C,0,32,32,0,0,
icon:SPPR319C,SPPR319C,0,32,32,0,0,
icon:SPPR319C,SPPR319C,1,32,32,0,0,
icon:SPPR350C,SPPR350C,0,23,22,0,0,
icon:SPPR401C,SPPR401C,0,21,21,0,0,
icon:SPPR401C,SPPR401C,1,21,21,0,0,
icon:SPPR402C,SPPR402C,0,22,23,0,0,
icon:SPPR402C,SPPR402C,1,22,23,0,0,
icon:SPPR403C,SPPR403C,0,24,16,0,0,
icon:SPPR403C,SPPR403C,1,24,16,0,0,
icon:SPPR404C,SPPR404C,0,18,22,0,0,
icon:SPPR404C,SPPR404C,1,18,22,0,0,
icon:SPPR405C,SPPR405C,0,25,21,0,0,
icon:SPPR405C,SPPR405C,1,25,21,0,0,
icon:SPPR406C,SPPR406C,0,25,25,0,0,
icon:SPPR406C,SPPR406C,1,25,25,0,0,
icon:SPPR407C,SPPR407C,0,24,24,0,0,
icon:SPPR407C,SPPR407C,1,24,24,0,0,
icon:SPPR408C,SPPR408C,0,29,16,0,0,
icon:SPPR408C,SPPR408C,1,29,16,0,0,
icon:SPPR409C,SPPR409C,0,32,32,0,0,
icon:SPPR409C,SPPR409C,1,32,32,0,0,
icon:SPPR410C,SPPR410C,0,32,32,0,0,
icon:SPPR410C,SPPR410C,1,32,32,0,0,
icon:SPPR411C,SPPR411C,0,32,32,0,0,
icon:SPPR411C,SPPR411C,1,32,32,0,0,
icon:SPPR412C,SPPR412C,0,32,32,0,0,
icon:SPPR412C,SPPR412C,1,32,32,0,0,
icon:SPPR413C,SPPR413C,0,32,32,0,0,
icon:SPPR414C,SPPR414C,0,32,32,0,0,
icon:SPPR414C,SPPR414C,1,32,32,0,0,
icon:SPPR415C,SPPR415C,0,32,32,0,0,
icon:SPPR416C,SPPR416C,0,32,32,0,0,
icon:SPPR416C,SPPR416C,1,32,32,0,0,
icon:SPPR417A,SPPR417A,0,40,31,20,15,
icon:SPPR417A,SPPR417A,1,32,32,0,0,
icon:SPPR417C,SPPR417C,0,32,32,0,0,
icon:SPPR417C,SPPR417C,1,32,32,0,0,
icon:SPPR450C,SPPR450C,0,23,22,0,0,
icon:SPPR501C,SPPR501C,0,22,23,0,0,
icon:SPPR501C,SPPR501C,1,22,23,0,0,
icon:SPPR502C,SPPR502C,0,23,23,0,0,
icon:SPPR502C,SPPR502C,1,23,23,0,0,
icon:SPPR503C,SPPR503C,0,23,19,0,0,
icon:SPPR503C,SPPR503C,1,23,19,0,0,
icon:SPPR504C,SPPR504C,0,22,22,0,0,
icon:SPPR504C,SPPR504C,1,22,22,0,0,
icon:SPPR506C,SPPR506C,0,32,32,0,0,
icon:SPPR506C,SPPR506C,1,32,32,0,0,
icon:SPPR507C,SPPR507C,0,16,21,0,0,
icon:SPPR507C,SPPR507C,1,16,21,0,0,
icon:SPPR508C,SPPR508C,0,24,23,0,0,
icon:SPPR508C,SPPR508C,1,24,23,0,0,
icon:SPPR509C,SPPR509C,0,32,32,0,0,
icon:SPPR509C,SPPR509C,1,32,32,0,0,
icon:SPPR510C,SPPR510C,0,32,32,0,0,
icon:SPPR510C,SPPR510C,1,32,32,0,0,
icon:SPPR511C,SPPR511C,0,32,32,0,0,
icon:SPPR511C,SPPR511C,1,32,32,0,0,
icon:SPPR512C,SPPR512C,0,32,32,0,0,
icon:SPPR512C,SPPR512C,1,32,32,0,0,
icon:SPPR513C,SPPR513C,0,32,32,0,0,
icon:SPPR513C,SPPR513C,1,32,32,0,0,
icon:SPPR514C,SPPR514C,0,32,32,0,0,
icon:SPPR514C,SPPR514C,1,32,32,0,0,
icon:SPPR515C,SPPR515C,0,32,32,0,0,
icon:SPPR515C,SPPR515C,1,32,32,0,0,
icon:SPPR516C,SPPR516C,0,32,32,0,0,
icon:SPPR516C,SPPR516C,1,32,32,0,0,
icon:SPPR517C,SPPR517C,0,32,32,0,0,
icon:SPPR517C,SPPR517C,1,32,32,0,0,
icon:SPPR550C,SPPR550C,0,23,22,0,0,
icon:SPPR601C,SPPR601C,0,32,32,0,0,
icon:SPPR601C,SPPR601C,1,32,32,0,0,
icon:SPPR602C,SPPR602C,0,32,32,0,0,
icon:SPPR603C,SPPR603C,0,32,32,0,0,
icon:SPPR603C,SPPR603C,1,32,32,0,0,
icon:SPPR604C,SPPR604C,0,32,32,0,0,
icon:SPPR604C,SPPR604C,1,32,32,0,0,
icon:SPPR605C,SPPR605C,0,32,32,0,0,
icon:SPPR605C,SPPR605C,1,32,32,0,0,
icon:SPPR606C,SPPR606C,0,32,32,0,0,
icon:SPPR606C,SPPR606C,1,32,32,0,0,
icon:SPPR607C,SPPR607C,0,32,32,0,0,
icon:SPPR607C,SPPR607C,1,32,32,0,0,
icon:SPPR608C,SPPR608C,0,32,32,0,0,
icon:SPPR608C,SPPR608C,1,32,32,0,0,
icon:SPPR609C,SPPR609C,0,32,32,0,0,
icon:SPPR609C,SPPR609C,1,32,32,0,0,
icon:SPPR610C,SPPR610C,0,32,32,0,0,
icon:SPPR610C,SPPR610C,1,32,32,0,0,
icon:SPPR611C,SPPR611C,0,32,32,0,0,
icon:SPPR611C,SPPR611C,1,32,32,0,0,
icon:SPPR612C,SPPR612C,0,32,32,0,0,
icon:SPPR612C,SPPR612C,1,32,32,0,0,
icon:SPPR613C,SPPR613C,0,32,32,0,0,
icon:SPPR613C,SPPR613C,1,32,32,0,0,
icon:SPPR614C,SPPR614C,0,32,32,0,0,
icon:SPPR614C,SPPR614C,1,32,32,0,0,
icon:SPPR650C,SPPR650C,0,32,32,0,0,
icon:SPPR701C,SPPR701C,0,32,32,0,0,
icon:SPPR701C,SPPR701C,1,32,32,0,0,
icon:SPPR702C,SPPR702C,0,32,32,0,0,
icon:SPPR702C,SPPR702C,1,32,32,0,0,
icon:SPPR703C,SPPR703C,0,32,32,0,0,
icon:SPPR703C,SPPR703C,1,32,32,0,0,
icon:SPPR704C,SPPR704C,0,32,32,0,0,
icon:SPPR704C,SPPR704C,1,32,32,0,0,
icon:SPPR705C,SPPR705C,0,32,32,0,0,
icon:SPPR705C,SPPR705C,1,32,32,0,0,
icon:SPPR707C,SPPR707C,0,32,32,0,0,
icon:SPPR707C,SPPR707C,1,32,32,0,0,
icon:SPPR708C,SPPR708C,0,32,32,0,0,
icon:SPPR708C,SPPR708C,1,32,32,0,0,
icon:SPPR710C,SPPR710C,0,32,32,0,0,
icon:SPPR710C,SPPR710C,1,32,32,0,0,
icon:SPPR711C,SPPR711C,0,32,32,0,0,
icon:SPPR711C,SPPR711C,1,32,32,0,0,
icon:SPPR712C,SPPR712C,0,32,32,0,0,
icon:SPPR712C,SPPR712C,1,32,32,0,0,
icon:SPPR713C,SPPR713C,0,32,32,0,0,
icon:SPPR713C,SPPR713C,1,32,32,0,0,
icon:SPPR715C,SPPR715C,0,32,32,0,0,
icon:SPPR715C,SPPR715C,1,32,32,0,0,
icon:SPPR717C,SPPR717C,0,32,32,0,0,
icon:SPPR717C,SPPR717C,1,32,32,0,0,
icon:SPPR718A,SPPR718A,0,40,31,20,15,
icon:SPPR718A,SPPR718A,1,32,32,0,0,
icon:SPPR718C,SPPR718C,0,32,32,0,0,
icon:SPPR718C,SPPR718C,1,32,32,0,0,
icon:SPPR719A,SPPR719A,0,40,31,20,15,
icon:SPPR719A,SPPR719A,1,32,32,0,0,
icon:SPPR719C,SPPR719C,0,32,32,0,0,
icon:SPPR719C,SPPR719C,1,32,32,0,0,
icon:SPPR720A,SPPR720A,0,40,31,20,15,
icon:SPPR720A,SPPR720A,1,32,32,0,0,
icon:SPPR720C,SPPR720C,0,32,32,0,0,
icon:SPPR720C,SPPR720C,1,32,32,0,0,
icon:SPPR721C,SPPR721C,0,32,32,0,0,
icon:SPPR721C,SPPR721C,1,32,32,0,0,
icon:SPPR722C,SPPR722C,0,32,32,0,0,
icon:SPPR722C,SPPR722C,1,32,32,0,0,
icon:SPPR723C,SPPR723C,0,32,32,0,0,
icon:SPPR723C,SPPR723C,1,32,32,0,0,
icon:SPPR724C,SPPR724C,0,32,32,0,0,
icon:SPPR724C,SPPR724C,1,32,32,0,0,
icon:SPPR725C,SPPR725C,0,32,32,0,0,
icon:SPPR725C,SPPR725C,1,32,32,0,0,
icon:SPPR726C,SPPR726C,0,32,32,0,0,
icon:SPPR726C,SPPR726C,1,32,32,0,0,
icon:SPPR727C,SPPR727C,0,32,32,0,0,
icon:SPPR727C,SPPR727C,1,32,32,0,0,
icon:SPPR728C,SPPR728C,0,32,32,0,0,
icon:SPPR728C,SPPR728C,1,32,32,0,0,
icon:SPPR729C,SPPR729C,0,32,32,0,0,
icon:SPPR729C,SPPR729C,1,32,32,0,0,
icon:SPPR730C,SPPR730C,0,32,32,0,0,
icon:SPPR730C,SPPR730C,1,32,32,0,0,
icon:SPPR731C,SPPR731C,0,32,32,0,0,
icon:SPPR731C,SPPR731C,1,32,32,0,0,
icon:SPPR732C,SPPR732C,0,32,32,0,0,
icon:SPPR732C,SPPR732C,1,32,32,0,0,
icon:SPPR750C,SPPR750C,0,17,18,0,0,
icon:SPPR751C,SPPR751C,0,23,23,0,0,
icon:SPSD02C,SPSD02C,0,20,20,0,0,
icon:SPWI101C,SPWI101C,0,32,32,0,0,
icon:SPWI102C,SPWI102C,0,32,32,0,0,
icon:SPWI103C,SPWI103C,0,26,26,0,0,
icon:SPWI103C,SPWI103C,1,26,26,0,0,
icon:SPWI104C,SPWI104C,0,32,32,0,0,
icon:SPWI105C,SPWI105C,0,32,32,0,0,
icon:SPWI106B,SPWI106B,0,30,26,0,0,
icon:SPWI106B,SPWI106B,1,30,26,0,0,
icon:SPWI106C,SPWI106C,0,32,32,0,0,
icon:SPWI107C,SPWI107C,0,25,18,0,0,
icon:SPWI107C,SPWI107C,1,25,18,0,0,
icon:SPWI108C,SPWI108C,0,25,25,0,0,
icon:SPWI108C,SPWI108C,1,25,25,0,0,
icon:SPWI110C,SPWI110C,0,15,25,0,0,
icon:SPWI110C,SPWI110C,1,15,25,0,0,
icon:SPWI111C,SPWI111C,0,23,20,0,0,
icon:SPWI111C,SPWI111C,1,23,20,0,0,
icon:SPWI112C,SPWI112C,0,27,24,0,0,
icon:SPWI112C,SPWI112C,1,27,24,0,0,
icon:SPWI113C,SPWI113C,0,24,25,0,0,
icon:SPWI113C,SPWI113C,1,24,25,0,0,
icon:SPWI114C,SPWI114C,0,20,26,0,0,
icon:SPWI114C,SPWI114C,1,20,26,0,0,
icon:SPWI115C,SPWI115C,0,26,25,0,0,
icon:SPWI115C,SPWI115C,1,26,25,0,0,
icon:SPWI116C,SPWI116C,0,23,12,0,0,
icon:SPWI116C,SPWI116C,1,23,12,0,0,
icon:SPWI117B,SPWI117B,0,28,31,0,0,
icon:SPWI117B,SPWI117B,1,28,31,0,0,
icon:SPWI117C,SPWI117C,0,23,25,0,0,
icon:SPWI117C,SPWI117C,1,23,25,0,0,
icon:SPWI118C,SPWI118C,0,24,25,0,0,
icon:SPWI118C,SPWI118C,1,24,25,0,0,
icon:SPWI119C,SPWI119C,0,21,25,0,0,
icon:SPWI119C,SPWI119C,1,21,25,0,0,
icon:SPWI120A,SPWI120A,0,40,31,20,15,
icon:SPWI120A,SPWI120A,1,32,32,0,0,
icon:SPWI120C,SPWI120C,0,32,32,0,0,
icon:SPWI120C,SPWI120C,1,32,32,0,0,
icon:SPWI123A,SPWI123A,0,40,31,20,15,
icon:SPWI123A,SPWI123A,1,32,32,0,0,
icon:SPWI123C,SPWI123C,0,32,32,0,0,
icon:SPWI123C,SPWI123C,1,32,32,0,0,
icon:SPWI124C,SPWI124C,0,32,32,0,0,
icon:SPWI125A,SPWI125A,0,40,31,20,15,
icon:SPWI125A,SPWI125A,1,32,32,0,0,
icon:SPWI125C,SPWI125C,0,32,32,0,0,
icon:SPWI125C,SPWI125C,1,32,32,0,0,
icon:SPWI201B,SPWI201B,0,27,29,0,0,
icon:SPWI201B,SPWI201B,1,27,29,0,0,
icon:SPWI201C,SPWI201C,0,22,24,0,0,
icon:SPWI201C,SPWI201C,1,22,24,0,0,
icon:SPWI202C,SPWI202C,0,24,24,0,0,
icon:SPWI202C,SPWI202C,1,24,24,0,0,
icon:SPWI203C,SPWI203C,0,24,24,0,0,
icon:SPWI203C,SPWI203C,1,24,24,0,0,
icon:SPWI204C,SPWI204C,0,22,22,0,0,
icon:SPWI204C,SPWI204C,1,22,22,0,0,
icon:SPWI205C,SPWI205C,0,23,22,0,0,
icon:SPWI205C,SPWI205C,1,23,22,0,0,
icon:SPWI206C,SPWI206C,0,16,19,0,0,
icon:SPWI206C,SPWI206C,1,16,19,0,0,
icon:SPWI207C,SPWI207C,0,18,24,0,0,
icon:SPWI207C,SPWI207C,1,18,24,0,0,
icon:SPWI208C,SPWI208C,0,32,32,0,0,
icon:SPWI209C,SPWI209C,0,19,22,0,0,
icon:SPWI209C,SPWI209C,1,19,22,0,0,
icon:SPWI210C,SPWI210C,0,25,25,0,0,
icon:SPWI210C,SPWI210C,1,25,25,0,0,
icon:SPWI211C,SPWI211C,0,26,21,0,0,
icon:SPWI211C,SPWI211C,1,26,21,0,0,
icon:SPWI212B,SPWI212B,0,28,28,0,0,
icon:SPWI212B,SPWI212B,1,28,28,0,0,
icon:SPWI212C,SPWI212C,0,25,19,0,0,
icon:SPWI212C,SPWI212C,1,25,19,0,0,
icon:SPWI213C,SPWI213C,0,20,24,0,0,
icon:SPWI213C,SPWI213C,1,20,24,0,0,
icon:SPWI214C,SPWI214C,0,25,18,0,0,
icon:SPWI214C,SPWI214C,1,25,18,0,0,
icon:SPWI215C,SPWI215C,0,24,21,0,0,
icon:SPWI215C,SPWI215C,1,24,21,0,0,
icon:SPWI217C,SPWI217C,0,20,26,0,0,
icon:SPWI217C,SPWI217C,1,20,26,0,0,
icon:SPWI218B,SPWI218B,0,24,26,0,0,
icon:SPWI218B,SPWI218B,1,24,26,0,0,
icon:SPWI218C,SPWI218C,0,14,24,0,0,
icon:SPWI218C,SPWI218C,1,14,24,0,0,
icon:SPWI219C,SPWI219C,0,23,21,0,0,
icon:SPWI219C,SPWI219C,1,23,21,0,0,
icon:SPWI220A,SPWI220A,0,40,31,20,15,
icon:SPWI220A,SPWI220A,1,32,32,0,0,
icon:SPWI220C,SPWI220C,0,32,32,0,0,
icon:SPWI220C,SPWI220C,1,32,32,0,0,
icon:SPWI221A,SPWI221A,0,40,31,20,15,
icon:SPWI221A,SPWI221A,1,32,32,0,0,
icon:SPWI221C,SPWI221C,0,32,32,0,0,
icon:SPWI221C,SPWI221C,1,32,32,0,0,
icon:SPWI222C,SPWI222C,0,32,32,0,0,
icon:SPWI222C,SPWI222C,1,32,32,0,0,
icon:SPWI223A,SPWI223A,0,40,31,20,15,
icon:SPWI223A,SPWI223A,1,32,32,0,0,
icon:SPWI223C,SPWI223C,0,32,32,0,0,
icon:SPWI223C,SPWI223C,1,32,32,0,0,
icon:SPWI224A,SPWI224A,0,40,31,20,15,
icon:SPWI224A,SPWI224A,1,32,32,0,0,
icon:SPWI224C,SPWI224C,0,32,32,0,0,
icon:SPWI224C,SPWI224C,1,32,32,0,0,
icon:SPWI301C,SPWI301C,0,20,23,0,0,
icon:SPWI301C,SPWI301C,1,20,23,0,0,
icon:SPWI302C,SPWI302C,0,32,32,0,0,
icon:SPWI303C,SPWI303C,0,27,23,0,0,
icon:SPWI303C,SPWI303C,1,27,23,0,0,
icon:SPWI304C,SPWI304C,0,23,22,0,0,
icon:SPWI304C,SPWI304C,1,23,22,0,0,
icon:SPWI305C,SPWI305C,0,19,24,0,0,
icon:SPWI305C,SPWI305C,1,19,24,0,0,
icon:SPWI307C,SPWI307C,0,32,32,0,0,
icon:SPWI308C,SPWI308C,0,22,22,0,0,
icon:SPWI308C,SPWI308C,1,22,22,0,0,
icon:SPWI309C,SPWI309C,0,22,22,0,0,
icon:SPWI309C,SPWI309C,1,22,22,0,0,
icon:SPWI310C,SPWI310C,0,27,25,0,0,
icon:SPWI310C,SPWI310C,1,27,25,0,0,
icon:SPWI311C,SPWI311C,0,25,25,0,0,
icon:SPWI311C,SPWI311C,1,25,25,0,0,
icon:SPWI312C,SPWI312C,0,19,23,0,0,
icon:SPWI312C,SPWI312C,1,19,23,0,0,
icon:SPWI313C,SPWI313C,0,18,22,0,0,
icon:SPWI313C,SPWI313C,1,18,22,0,0,
icon:SPWI314C,SPWI314C,0,23,24,0,0,
icon:SPWI314C,SPWI314C,1,23,24,0,0,
icon:SPWI315C,SPWI315C,0,24,29,0,0,
icon:SPWI315C,SPWI315C,1,24,29,0,0,
icon:SPWI316C,SPWI316C,0,25,21,0,0,
icon:SPWI316C,SPWI316C,1,25,21,0,0,
icon:SPWI317C,SPWI317C,0,19,24,0,0,
icon:SPWI317C,SPWI317C,1,19,24,0,0,
icon:SPWI318A,SPWI318A,0,40,31,20,15,
icon:SPWI318A,SPWI318A,1,32,32,0,0,
icon:SPWI318C,SPWI318C,0,32,32,0,0,
icon:SPWI318C,SPWI318C,1,32,32,0,0,
icon:SPWI319A,SPWI319A,0,40,31,20,15,
icon:SPWI319A,SPWI319A,1,32,32,0,0,
icon:SPWI319C,SPWI319C,0,32,32,0,0,
icon:SPWI319C,SPWI319C,1,32,32,0,0,
icon:SPWI320A,SPWI320A,0,40,31,20,15,
icon:SPWI320A,SPWI320A,1,32,32,0,0,
icon:SPWI320C,SPWI320C,0,32,32,0,0,
icon:SPWI320C,SPWI320C,1,32,32,0,0,
icon:SPWI321A,SPWI321A,0,40,31,20,15,
icon:SPWI321A,SPWI321A,1,32,32,0,0,
icon:SPWI321C,SPWI321C,0,32,32,0,0,
icon:SPWI321C,SPWI321C,1,32,32,0,0,
icon:SPWI322A,SPWI322A,0,40,31,20,15,
icon:SPWI322A,SPWI322A,1,32,32,0,0,
icon:SPWI322C,SPWI322C,0,32,32,0,0,
icon:SPWI322C,SPWI322C,1,32,32,0,0,
icon:SPWI324A,SPWI324A,0,40,31,20,15,
icon:SPWI324A,SPWI324A,1,32,32,0,0,
icon:SPWI324C,SPWI324C,0,32,32,0,0,
icon:SPWI324C,SPWI324C,1,32,32,0,0,
icon:SPWI325A,SPWI325A,0,40,31,20,15,
icon:SPWI325A,SPWI325A,1,32,32,0,0,
icon:SPWI325C,SPWI325C,0,32,32,0,0,
icon:SPWI325C,SPWI325C,1,32,32,0,0,
icon:SPWI326A,SPWI326A,0,40,31,20,15,
icon:SPWI326A,SPWI326A,1,32,32,0,0,
icon:SPWI326C,SPWI326C,0,32,32,0,0,
icon:SPWI326C,SPWI326C,1,32,32,0,0,
icon:SPWI401C,SPWI401C,0,16,21,0,0,
icon:SPWI401C,SPWI401C,1,16,21,0,0,
icon:SPWI402C,SPWI402C,0,18,24,0,0,
icon:SPWI402C,SPWI402C,1,18,24,0,0,
icon:SPWI403A,SPWI403A,0,40,31,20,15,
icon:SPWI403A,SPWI403A,1,32,32,0,0,
icon:SPWI403C,SPWI403C,0,32,32,0,0,
icon:SPWI403C,SPWI403C,1,32,32,0,0,
icon:SPWI404A,SPWI404A,0,40,31,20,15,
icon:SPWI404A,SPWI404A,1,32,32,0,0,
icon:SPWI404C,SPWI404C,0,32,32,0,0,
icon:SPWI404C,SPWI404C,1,32,32,0,0,
icon:SPWI405C,SPWI405C,0,21,23,0,0,
icon:SPWI405C,SPWI405C,1,21,23,0,0,
icon:SPWI406C,SPWI406C,0,20,20,0,0,
icon:SPWI406C,SPWI406C,1,20,20,0,0,
icon:SPWI407C,SPWI407C,0,23,23,0,0,
icon:SPWI407C,SPWI407C,1,23,23,0,0,
icon:SPWI408A,SPWI408A,0,40,31,20,15,
icon:SPWI408A,SPWI408A,1,32,32,0,0,
icon:SPWI408C,SPWI408C,0,18,25,0,0,
icon:SPWI408C,SPWI408C,1,18,25,0,0,
icon:SPWI409A,SPWI409A,0,40,31,20,15,
icon:SPWI409A,SPWI409A,1,32,32,0,0,
icon:SPWI409C,SPWI409C,0,32,32,0,0,
icon:SPWI409C,SPWI409C,1,32,32,0,0,
icon:SPWI410A,SPWI410A,0,40,31,20,15,
icon:SPWI410A,SPWI410A,1,32,32,0,0,
icon:SPWI410C,SPWI410C,0,18,22,0,0,
icon:SPWI410C,SPWI410C,1,18,22,0,0,
icon:SPWI411C,SPWI411C,0,22,20,0,0,
icon:SPWI411C,SPWI411C,1,22,20,0,0,
icon:SPWI412C,SPWI412C,0,19,22,0,0,
icon:SPWI412C,SPWI412C,1,19,22,0,0,
icon:SPWI413C,SPWI413C,0,25,25,0,0,
icon:SPWI413C,SPWI413C,1,25,25,0,0,
icon:SPWI414C,SPWI414C,0,19,24,0,0,
icon:SPWI414C,SPWI414C,1,19,24,0,0,
icon:SPWI415C,SPWI415C,0,22,24,0,0,
icon:SPWI415C,SPWI415C,1,22,24,0,0,
icon:SPWI416C,SPWI416C,0,22,24,0,0,
icon:SPWI416C,SPWI416C,1,22,24,0,0,
icon:SPWI417A,SPWI417A,0,40,31,20,15,
icon:SPWI417A,SPWI417A,1,32,32,0,0,
icon:SPWI417C,SPWI417C,0,32,32,0,0,
icon:SPWI417C,SPWI417C,1,32,32,0,0,
icon:SPWI418A,SPWI418A,0,40,31,20,15,
icon:SPWI418A,SPWI418A,1,32,32,0,0,
icon:SPWI418C,SPWI418C,0,32,32,0,0,
icon:SPWI418C,SPWI418C,1,32,32,0,0,
icon:SPWI419A,SPWI419A,0,40,31,20,15,
icon:SPWI419A,SPWI419A,1,32,32,0,0,
icon:SPWI419C,SPWI419C,0,32,32,0,0,
icon:SPWI419C,SPWI419C,1,32,32,0,0,
icon:SPWI420A,SPWI420A,0,40,31,20,15,
icon:SPWI420A,SPWI420A,1,32,32,0,0,
icon:SPWI420C,SPWI420C,0,32,32,0,0,
icon:SPWI420C,SPWI420C,1,32,32,0,0,
icon:SPWI421A,SPWI421A,0,40,31,20,15,
icon:SPWI421A,SPWI421A,1,32,32,0,0,
icon:SPWI421C,SPWI421C,0,32,32,0,0,
icon:SPWI421C,SPWI421C,1,32,32,0,0,
icon:SPWI423A,SPWI423A,0,40,31,20,15,
icon:SPWI423A,SPWI423A,1,32,32,0,0,
icon:SPWI423C,SPWI423C,0,32,32,0,0,
icon:SPWI423C,SPWI423C,1,32,32,0,0,
icon:SPWI424A,SPWI424A,0,40,31,20,15,
icon:SPWI424A,SPWI424A,1,32,32,0,0,
icon:SPWI424C,SPWI424C,0,32,32,0,0,
icon:SPWI424C,SPWI424C,1,32,32,0,0,
icon:SPWI425A,SPWI425A,0,40,31,20,15,
icon:SPWI425A,SPWI425A,1,32,32,0,0,
icon:SPWI425C,SPWI425C,0,32,32,0,0,
icon:SPWI425C,SPWI425C,1,32,32,0,0,
icon:SPWI501C,SPWI501C,0,23,24,0,0,
icon:SPWI501C,SPWI501C,1,23,24,0,0,
icon:SPWI502C,SPWI502C,0,25,22,0,0,
icon:SPWI502C,SPWI502C,1,25,22,0,0,
icon:SPWI503C,SPWI503C,0,19,25,0,0,
icon:SPWI503C,SPWI503C,1,19,25,0,0,
icon:SPWI504C,SPWI504C,0,23,23,0,0,
icon:SPWI504C,SPWI504C,1,23,23,0,0,
icon:SPWI505C,SPWI505C,0,21,22,0,0,
icon:SPWI505C,SPWI505C,1,21,22,0,0,
icon:SPWI506C,SPWI506C,0,24,22,0,0,
icon:SPWI506C,SPWI506C,1,24,22,0,0,
icon:SPWI507C,SPWI507C,0,20,15,0,0,
icon:SPWI507C,SPWI507C,1,20,15,0,0,
icon:SPWI508C,SPWI508C,0,25,23,0,0,
icon:SPWI508C,SPWI508C,1,25,23,0,0,
icon:SPWI509C,SPWI509C,0,16,20,0,0,
icon:SPWI509C,SPWI509C,1,16,20,0,0,
icon:SPWI510A,SPWI510A,0,40,31,20,15,
icon:SPWI510A,SPWI510A,1,32,32,0,0,
icon:SPWI510C,SPWI510C,0,32,32,0,0,
icon:SPWI510C,SPWI510C,1,32,32,0,0,
icon:SPWI511A,SPWI511A,0,40,31,20,15,
icon:SPWI511A,SPWI511A,1,32,32,0,0,
icon:SPWI511C,SPWI511C,0,32,32,0,0,
icon:SPWI511C,SPWI511C,1,32,32,0,0,
icon:SPWI512A,SPWI512A,0,40,31,20,15,
icon:SPWI512A,SPWI512A,1,32,32,0,0,
icon:SPWI512C,SPWI512C,0,32,32,0,0,
icon:SPWI512C,SPWI512C,1,32,32,0,0,
icon:SPWI513A,SPWI513A,0,40,31,20,15,
icon:SPWI513A,SPWI513A,1,32,32,0,0,
icon:SPWI513C,SPWI513C,0,32,32,0,0,
icon:SPWI513C,SPWI513C,1,32,32,0,0,
icon:SPWI514A,SPWI514A,0,40,31,20,15,
icon:SPWI514A,SPWI514A,1,32,32,0,0,
icon:SPWI514C,SPWI514C,0,32,32,0,0,
icon:SPWI514C,SPWI514C,1,32,32,0,0,
icon:SPWI515A,SPWI515A,0,40,31,20,15,
icon:SPWI515A,SPWI515A,1,32,32,0,0,
icon:SPWI515C,SPWI515C,0,32,32,0,0,
icon:SPWI515C,SPWI515C,1,32,32,0,0,
icon:SPWI516A,SPWI516A,0,40,31,20,15,
icon:SPWI516A,SPWI516A,1,32,32,0,0,
icon:SPWI516C,SPWI516C,0,32,32,0,0,
icon:SPWI516C,SPWI516C,1,32,32,0,0,
icon:SPWI517A,SPWI517A,0,40,31,20,15,
icon:SPWI517A,SPWI517A,1,32,32,0,0,
icon:SPWI517C,SPWI517C,0,32,32,0,0,
icon:SPWI517C,SPWI517C,1,32,32,0,0,
icon:SPWI518A,SPWI518A,0,40,31,20,15,
icon:SPWI518A,SPWI518A,1,32,32,0,0,
icon:SPWI518C,SPWI518C,0,32,32,0,0,
icon:SPWI518C,SPWI518C,1,32,32,0,0,
icon:SPWI520A,SPWI520A,0,40,31,20,15,
icon:SPWI520A,SPWI520A,1,32,32,0,0,
icon:SPWI520C,SPWI520C,0,32,32,0,0,
icon:SPWI520C,SPWI520C,1,32,32,0,0,
icon:SPWI521A,SPWI521A,0,40,31,20,15,
icon:SPWI521A,SPWI521A,1,32,32,0,0,
icon:SPWI521C,SPWI521C,0,32,32,0,0,
icon:SPWI521C,SPWI521C,1,32,32,0,0,
icon:SPWI522A,SPWI522A,0,40,31,20,15,
icon:SPWI522A,SPWI522A,1,32,32,0,0,
icon:SPWI522C,SPWI522C,0,32,32,0,0,
icon:SPWI522C,SPWI522C,1,32,32,0,0,
icon:SPWI523A,SPWI523A,0,40,31,20,15,
icon:SPWI523A,SPWI523A,1,32,32,0,0,
icon:SPWI523C,SPWI523C,0,32,32,0,0,
icon:SPWI523C,SPWI523C,1,32,32,0,0,
icon:SPWI590C,SPWI590C,0,32,32,0,0,
icon:SPWI590C,SPWI590C,1,32,32,0,0,
icon:SPWI591C,SPWI591C,0,32,32,0,0,
icon:SPWI591C,SPWI591C,1,32,32,0,0,
icon:SPWI592C,SPWI592C,0,32,32,0,0,
icon:SPWI592C,SPWI592C,1,32,32,0,0,
icon:SPWI593C,SPWI593C,0,32,32,0,0,
icon:SPWI593C,SPWI593C,1,32,32,0,0,
icon:SPWI594C,SPWI594C,0,32,32,0,0,
icon:SPWI594C,SPWI594C,1,32,32,0,0,
icon:SPWI595C,SPWI595C,0,32,32,0,0,
icon:SPWI595C,SPWI595C,1,32,32,0,0,
icon:SPWI596C,SPWI596C,0,32,32,0,0,
icon:SPWI596C,SPWI596C,1,32,32,0,0,
icon:SPWI597C,SPWI597C,0,32,32,0,0,
icon:SPWI597C,SPWI597C,1,32,32,0,0,
icon:SPWI601A,SPWI601A,0,40,31,20,15,
icon:SPWI601A,SPWI601A,1,32,32,0,0,
icon:SPWI601C,SPWI601C,0,32,32,0,0,
icon:SPWI601C,SPWI601C,1,32,32,0,0,
icon:SPWI602A,SPWI602A,0,40,31,20,15,
icon:SPWI602A,SPWI602A,1,32,32,0,0,
icon:SPWI602C,SPWI602C,0,32,32,0,0,
icon:SPWI602C,SPWI602C,1,32,32,0,0,
icon:SPWI603A,SPWI603A,0,40,31,20,15,
icon:SPWI603A,SPWI603A,1,32,32,0,0,
icon:SPWI603C,SPWI603C,0,32,32,0,0,
icon:SPWI603C,SPWI603C,1,32,32,0,0,
icon:SPWI604A,SPWI604A,0,40,31,20,15,
icon:SPWI604A,SPWI604A,1,32,32,0,0,
icon:SPWI604C,SPWI604C,0,32,32,0,0,
icon:SPWI604C,SPWI604C,1,32,32,0,0,
icon:SPWI605A,SPWI605A,0,40,31,20,15,
icon:SPWI605A,SPWI605A,1,32,32,0,0,
icon:SPWI605C,SPWI605C,0,32,32,0,0,
icon:SPWI605C,SPWI605C,1,32,32,0,0,
icon:SPWI606A,SPWI606A,0,40,31,20,15,
icon:SPWI606A,SPWI606A,1,32,32,0,0,
icon:SPWI606C,SPWI606C,0,32,32,0,0,
icon:SPWI606C,SPWI606C,1,32,32,0,0,
icon:SPWI607A,SPWI607A,0,40,31,20,15,
icon:SPWI607A,SPWI607A,1,32,32,0,0,
icon:SPWI607C,SPWI607C,0,32,32,0,0,
icon:SPWI607C,SPWI607C,1,32,32,0,0,
icon:SPWI608A,SPWI608A,0,40,31,20,15,
icon:SPWI608A,SPWI608A,1,32,32,0,0,
icon:SPWI608C,SPWI608C,0,32,32,0,0,
icon:SPWI608C,SPWI608C,1,32,32,0,0,
icon:SPWI609A,SPWI609A,0,40,31,20,15,
icon:SPWI609A,SPWI609A,1,32,32,0,0,
icon:SPWI609C,SPWI609C,0,32,32,0,0,
icon:SPWI609C,SPWI609C,1,32,32,0,0,
icon:SPWI611A,SPWI611A,0,40,31,20,15,
icon:SPWI611A,SPWI611A,1,32,32,0,0,
icon:SPWI611C,SPWI611C,0,32,32,0,0,
icon:SPWI611C,SPWI611C,1,32,32,0,0,
icon:SPWI612A,SPWI612A,0,40,31,20,15,
icon:SPWI612A,SPWI612A,1,32,32,0,0,
icon:SPWI612C,SPWI612C,0,32,32,0,0,
icon:SPWI612C,SPWI612C,1,32,32,0,0,
icon:SPWI613A,SPWI613A,0,40,31,20,15,
icon:SPWI613A,SPWI613A,1,32,32,0,0,
icon:SPWI613C,SPWI613C,0,32,32,0,0,
icon:SPWI613C,SPWI613C,1,32,32,0,0,
icon:SPWI614A,SPWI614A,0,40,31,20,15,
icon:SPWI614A,SPWI614A,1,32,32,0,0,
icon:SPWI614C,SPWI614C,0,32,32,0,0,
icon:SPWI614C,SPWI614C,1,32,32,0,0,
icon:SPWI615A,SPWI615A,0,40,31,20,15,
icon:SPWI615A,SPWI615A,1,32,32,0,0,
icon:SPWI615C,SPWI615C,0,32,32,0,0,
icon:SPWI615C,SPWI615C,1,32,32,0,0,
icon:SPWI616A,SPWI616A,0,40,31,20,15,
icon:SPWI616A,SPWI616A,1,32,32,0,0,
icon:SPWI616C,SPWI616C,0,32,32,0,0,
icon:SPWI616C,SPWI616C,1,32,32,0,0,
icon:SPWI617A,SPWI617A,0,40,31,20,15,
icon:SPWI617A,SPWI617A,1,32,32,0,0,
icon:SPWI617C,SPWI617C,0,32,32,0,0,
icon:SPWI617C,SPWI617C,1,32,32,0,0,
icon:SPWI618A,SPWI618A,0,40,31,20,15,
icon:SPWI618A,SPWI618A,1,32,32,0,0,
icon:SPWI618C,SPWI618C,0,32,32,0,0,
icon:SPWI618C,SPWI618C,1,32,32,0,0,
icon:SPWI619A,SPWI619A,0,40,31,20,15,
icon:SPWI619A,SPWI619A,1,32,32,0,0,
icon:SPWI619C,SPWI619C,0,32,32,0,0,
icon:SPWI619C,SPWI619C,1,32,32,0,0,
icon:SPWI620A,SPWI620A,0,40,31,20,15,
icon:SPWI620A,SPWI620A,1,32,32,0,0,
icon:SPWI620C,SPWI620C,0,32,32,0,0,
icon:SPWI620C,SPWI620C,1,32,32,0,0,
icon:SPWI621A,SPWI621A,0,40,31,20,15,
icon:SPWI621A,SPWI621A,1,32,32,0,0,
icon:SPWI621C,SPWI621C,0,32,32,0,0,
icon:SPWI621C,SPWI621C,1,32,32,0,0,
icon:SPWI622A,SPWI622A,0,40,31,20,15,
icon:SPWI622A,SPWI622A,1,32,32,0,0,
icon:SPWI622C,SPWI622C,0,32,32,0,0,
icon:SPWI622C,SPWI622C,1,32,32,0,0,
icon:SPWI623A,SPWI623A,0,40,31,20,15,
icon:SPWI623A,SPWI623A,1,32,32,0,0,
icon:SPWI623C,SPWI623C,0,32,32,0,0,
icon:SPWI623C,SPWI623C,1,32,32,0,0,
icon:SPWI624A,SPWI624A,0,40,31,20,15,
icon:SPWI624A,SPWI624A,1,32,32,0,0,
icon:SPWI624C,SPWI624C,0,32,32,0,0,
icon:SPWI624C,SPWI624C,1,32,32,0,0,
icon:SPWI625A,SPWI625A,0,40,31,20,15,
icon:SPWI625A,SPWI625A,1,32,32,0,0,
icon:SPWI625C,SPWI625C,0,32,32,0,0,
icon:SPWI625C,SPWI625C,1,32,32,0,0,
icon:SPWI701A,SPWI701A,0,40,31,20,15,
icon:SPWI701A,SPWI701A,1,32,32,0,0,
icon:SPWI701C,SPWI701C,0,32,32,0,0,
icon:SPWI701C,SPWI701C,1,32,32,0,0,
icon:SPWI702A,SPWI702A,0,40,31,20,15,
icon:SPWI702A,SPWI702A,1,32,32,0,0,
icon:SPWI702C,SPWI702C,0,32,32,0,0,
icon:SPWI702C,SPWI702C,1,32,32,0,0,
icon:SPWI703A,SPWI703A,0,40,31,20,15,
icon:SPWI703A,SPWI703A,1,32,32,0,0,
icon:SPWI703C,SPWI703C,0,32,32,0,0,
icon:SPWI703C,SPWI703C,1,32,32,0,0,
icon:SPWI704A,SPWI704A,0,40,31,20,15,
icon:SPWI704A,SPWI704A,1,32,32,0,0,
icon:SPWI704C,SPWI704C,0,32,32,0,0,
icon:SPWI704C,SPWI704C,1,32,32,0,0,
icon:SPWI705A,SPWI705A,0,40,31,20,15,
icon:SPWI705A,SPWI705A,1,32,32,0,0,
icon:SPWI705C,SPWI705C,0,32,32,0,0,
icon:SPWI705C,SPWI705C,1,32,32,0,0,
icon:SPWI707A,SPWI707A,0,40,31,20,15,
icon:SPWI707A,SPWI707A,1,32,32,0,0,
icon:SPWI707C,SPWI707C,0,32,32,0,0,
icon:SPWI707C,SPWI707C,1,32,32,0,0,
icon:SPWI708A,SPWI708A,0,40,31,20,15,
icon:SPWI708A,SPWI708A,1,32,32,0,0,
icon:SPWI708C,SPWI708C,0,32,32,0,0,
icon:SPWI708C,SPWI708C,1,32,32,0,0,
icon:SPWI710A,SPWI710A,0,40,31,20,15,
icon:SPWI710A,SPWI710A,1,32,32,0,0,
icon:SPWI710C,SPWI710C,0,32,32,0,0,
icon:SPWI710C,SPWI710C,1,32,32,0,0,
icon:SPWI711A,SPWI711A,0,40,31,20,15,
icon:SPWI711A,SPWI711A,1,32,32,0,0,
icon:SPWI711C,SPWI711C,0,32,32,0,0,
icon:SPWI711C,SPWI711C,1,32,32,0,0,
icon:SPWI712A,SPWI712A,0,40,31,20,15,
icon:SPWI712A,SPWI712A,1,32,32,0,0,
icon:SPWI712C,SPWI712C,0,32,32,0,0,
icon:SPWI712C,SPWI712C,1,32,32,0,0,
icon:SPWI713A,SPWI713A,0,40,31,20,15,
icon:SPWI713A,SPWI713A,1,32,32,0,0,
icon:SPWI713C,SPWI713C,0,32,32,0,0,
icon:SPWI713C,SPWI713C,1,32,32,0,0,
icon:SPWI714A,SPWI714A,0,40,31,20,15,
icon:SPWI714A,SPWI714A,1,32,32,0,0,
icon:SPWI714C,SPWI714C,0,32,32,0,0,
icon:SPWI714C,SPWI714C,1,32,32,0,0,
icon:SPWI715A,SPWI715A,0,40,31,20,15,
icon:SPWI715A,SPWI715A,1,32,32,0,0,
icon:SPWI715C,SPWI715C,0,32,32,0,0,
icon:SPWI715C,SPWI715C,1,32,32,0,0,
icon:SPWI716A,SPWI716A,0,40,31,20,15,
icon:SPWI716A,SPWI716A,1,32,32,0,0,
icon:SPWI716C,SPWI716C,0,32,32,0,0,
icon:SPWI716C,SPWI716C,1,32,32,0,0,
icon:SPWI717A,SPWI717A,0,40,31,20,15,
icon:SPWI717A,SPWI717A,1,32,32,0,0,
icon:SPWI717C,SPWI717C,0,32,32,0,0,
icon:SPWI717C,SPWI717C,1,32,32,0,0,
icon:SPWI718A,SPWI718A,0,40,31,20,15,
icon:SPWI718A,SPWI718A,1,32,32,0,0,
icon:SPWI718C,SPWI718C,0,32,32,0,0,
icon:SPWI718C,SPWI718C,1,32,32,0,0,
icon:SPWI719A,SPWI719A,0,40,31,20,15,
icon:SPWI719A,SPWI719A,1,32,32,0,0,
icon:SPWI719C,SPWI719C,0,32,32,0,0,
icon:SPWI719C,SPWI719C,1,32,32,0,0,
icon:SPWI720A,SPWI720A,0,40,31,20,15,
icon:SPWI720A,SPWI720A,1,32,32,0,0,
icon:SPWI720C,SPWI720C,0,32,32,0,0,
icon:SPWI720C,SPWI720C,1,32,32,0,0,
icon:SPWI721A,SPWI721A,0,40,31,20,15,
icon:SPWI721A,SPWI721A,1,32,32,0,0,
icon:SPWI721C,SPWI721C,0,32,32,0,0,
icon:SPWI721C,SPWI721C,1,32,32,0,0,
icon:SPWI722A,SPWI722A,0,40,31,20,15,
icon:SPWI722A,SPWI722A,1,32,32,0,0,
icon:SPWI722C,SPWI722C,0,32,32,0,0,
icon:SPWI722C,SPWI722C,1,32,32,0,0,
icon:SPWI723C,SPWI723C,0,32,32,0,0,
icon:SPWI723C,SPWI723C,1,32,32,0,0,
icon:SPWI801A,SPWI801A,0,40,31,20,15,
icon:SPWI801A,SPWI801A,1,32,32,0,0,
icon:SPWI801C,SPWI801C,0,32,32,0,0,
icon:SPWI801C,SPWI801C,1,32,32,0,0,
icon:SPWI803A,SPWI803A,0,40,31,20,15,
icon:SPWI803A,SPWI803A,1,32,32,0,0,
icon:SPWI803C,SPWI803C,0,32,32,0,0,
icon:SPWI803C,SPWI803C,1,32,32,0,0,
icon:SPWI804A,SPWI804A,0,40,31,20,15,
icon:SPWI804A,SPWI804A,1,32,32,0,0,
icon:SPWI804C,SPWI804C,0,32,32,0,0,
icon:SPWI804C,SPWI804C,1,32,32,0,0,
icon:SPWI805A,SPWI805A,0,40,31,20,15,
icon:SPWI805A,SPWI805A,1,32,32,0,0,
icon:SPWI805C,SPWI805C,0,32,32,0,0,
icon:SPWI805C,SPWI805C,1,32,32,0,0,
icon:SPWI807A,SPWI807A,0,40,31,20,15,
icon:SPWI807A,SPWI807A,1,32,32,0,0,
icon:SPWI807C,SPWI807C,0,32,32,0,0,
icon:SPWI807C,SPWI807C,1,32,32,0,0,
icon:SPWI808A,SPWI808A,0,40,31,20,15,
icon:SPWI808A,SPWI808A,1,32,32,0,0,
icon:SPWI808C,SPWI808C,0,32,32,0,0,
icon:SPWI808C,SPWI808C,1,32,32,0,0,
icon:SPWI809A,SPWI809A,0,40,31,20,15,
icon:SPWI809A,SPWI809A,1,32,32,0,0,
icon:SPWI809C,SPWI809C,0,32,32,0,0,
icon:SPWI809C,SPWI809C,1,32,32,0,0,
icon:SPWI810A,SPWI810A,0,40,31,20,15,
icon:SPWI810A,SPWI810A,1,32,32,0,0,
icon:SPWI810C,SPWI810C,0,32,32,0,0,
icon:SPWI810C,SPWI810C,1,32,32,0,0,
icon:SPWI811A,SPWI811A,0,40,31,20,15,
icon:SPWI811A,SPWI811A,1,32,32,0,0,
icon:SPWI811C,SPWI811C,0,32,32,0,0,
icon:SPWI811C,SPWI811C,1,32,32,0,0,
icon:SPWI812A,SPWI812A,0,40,31,20,15,
icon:SPWI812A,SPWI812A,1,32,32,0,0,
icon:SPWI812C,SPWI812C,0,32,32,0,0,
icon:SPWI812C,SPWI812C,1,32,32,0,0,
icon:SPWI813A,SPWI813A,0,40,31,20,15,
icon:SPWI813A,SPWI813A,1,32,32,0,0,
icon:SPWI813C,SPWI813C,0,32,32,0,0,
icon:SPWI813C,SPWI813C,1,32,32,0,0,
icon:SPWI815A,SPWI815A,0,40,31,20,15,
icon:SPWI815A,SPWI815A,1,32,32,0,0,
icon:SPWI815C,SPWI815C,0,32,32,0,0,
icon:SPWI815C,SPWI815C,1,32,32,0,0,
icon:SPWI818A,SPWI818A,0,32,32,0,0,
icon:SPWI818A,SPWI818A,1,32,32,0,0,
icon:SPWI818C,SPWI818C,0,32,32,0,0,
icon:SPWI818C,SPWI818C,1,32,32,0,0,
icon:SPWI902A,SPWI902A,0,40,31,20,15,
icon:SPWI902A,SPWI902A,1,32,32,0,0,
icon:SPWI902C,SPWI902C,0,32,32,0,0,
icon:SPWI902C,SPWI902C,1,32,32,0,0,
icon:SPWI903A,SPWI903A,0,40,31,20,15,
icon:SPWI903A,SPWI903A,1,32,32,0,0,
icon:SPWI903C,SPWI903C,0,32,32,0,0,
icon:SPWI903C,SPWI903C,1,32,32,0,0,
icon:SPWI905A,SPWI905A,0,40,31,20,15,
icon:SPWI905A,SPWI905A,1,32,32,0,0,
icon:SPWI905C,SPWI905C,0,32,32,0,0,
icon:SPWI905C,SPWI905C,1,32,32,0,0,
icon:SPWI907A,SPWI907A,0,40,31,20,15,
icon:SPWI907A,SPWI907A,1,32,32,0,0,
icon:SPWI907C,SPWI907C,0,32,32,0,0,
icon:SPWI907C,SPWI907C,1,32,32,0,0,
icon:SPWI908A,SPWI908A,0,40,31,20,15,
icon:SPWI908A,SPWI908A,1,32,32,0,0,
icon:SPWI908C,SPWI908C,0,32,32,0,0,
icon:SPWI908C,SPWI908C,1,32,32,0,0,
icon:SPWI909A,SPWI909A,0,40,31,20,15,
icon:SPWI909A,SPWI909A,1,32,32,0,0,
icon:SPWI909C,SPWI909C,0,32,32,0,0,
icon:SPWI909C,SPWI909C,1,32,32,0,0,
icon:SPWI910A,SPWI910A,0,40,31,20,15,
icon:SPWI910A,SPWI910A,1,32,32,0,0,
icon:SPWI910C,SPWI910C,0,32,32,0,0,
icon:SPWI910C,SPWI910C,1,32,32,0,0,
icon:SPWI911A,SPWI911A,0,40,31,20,15,
icon:SPWI911A,SPWI911A,1,32,32,0,0,
icon:SPWI911C,SPWI911C,0,32,32,0,0,
icon:SPWI911C,SPWI911C,1,32,32,0,0,
icon:SPWI912A,SPWI912A,0,40,31,20,15,
icon:SPWI912A,SPWI912A,1,32,32,0,0,
icon:SPWI912C,SPWI912C,0,32,32,0,0,
icon:SPWI912C,SPWI912C,1,32,32,0,0,
icon:SPWI913A,SPWI913A,0,40,31,20,15,
icon:SPWI913A,SPWI913A,1,32,32,0,0,
icon:SPWI913C,SPWI913C,0,32,32,0,0,
icon:SPWI913C,SPWI913C,1,32,32,0,0,
icon:SPWI914A,SPWI914A,0,40,31,20,15,
icon:SPWI914A,SPWI914A,1,32,32,0,0,
icon:SPWI914C,SPWI914C,0,32,32,0,0,
icon:SPWI914C,SPWI914C,1,32,32,0,0,
icon:SPWI915A,SPWI915A,0,40,31,20,15,
icon:SPWI915A,SPWI915A,1,32,32,0,0,
icon:SPWI915C,SPWI915C,0,32,32,0,0,
icon:SPWI915C,SPWI915C,1,32,32,0,0,
icon:SPWI916A,SPWI916A,0,40,31,20,15,
icon:SPWI916A,SPWI916A,1,32,32,0,0,
icon:SPWI916C,SPWI916C,0,32,32,0,0,
icon:SPWI916C,SPWI916C,1,32,32,0,0,
icon:SPWI917A,SPWI917A,0,40,31,20,15,
icon:SPWI917A,SPWI917A,1,32,32,0,0,
icon:SPWI917C,SPWI917C,0,32,32,0,0,
icon:SPWI917C,SPWI917C,1,32,32,0,0,
icon:SPWI918A,SPWI918A,0,32,32,0,0,
icon:SPWI918A,SPWI918A,1,32,32,0,0,
icon:SPWI918C,SPWI918C,0,32,32,0,0,
icon:SPWI918C,SPWI918C,1,32,32,0,0,
icon:SPWI919A,SPWI919A,0,32,32,0,0,
icon:SPWI919C,SPWI919C,0,32,32,0,0,
icon:SPWI921C,SPWI921C,0,32,32,0,0,
icon:SPWI921C,SPWI921C,1,32,32,0,0,
icon:SPWI922C,SPWI922C,0,32,32,0,0,
icon:SPWI922C,SPWI922C,1,32,32,0,0,
icon:SPWI923C,SPWI923C,0,32,32,0,0,
icon:SPWI923C,SPWI923C,1,32,32,0,0,
icon:SPWI924C,SPWI924C,0,32,32,0,0,
icon:SPWI924C,SPWI924C,1,32,32,0,0,
icon:SPWI925C,SPWI925C,0,32,32,0,0,
icon:SPWI925C,SPWI925C,1,32,32,0,0,
