ensemble,categorie,ressource,nom,largeur,hauteur,sha256
par-creature,,25SPELL,Lazarus Librarus,169,266,c709fb62bd01cfaf
par-creature,,ABAZHALS,,169,266,b0f2ea5a59e88e65
par-creature,,ABELA,,169,266,a9c4a13adcdf11b5
par-creature,,ACHEN,,169,266,2949c213c75265b5
par-creature,,ACOLYTE1,Talon Zogas,169,266,e8a01ae550661e3a
par-creature,,ACOLYTE2,Aubemestre Alvanna,169,266,5c34944bfdb025df
par-creature,,ACOLYTE3,Chevalier de garde Aabir,169,266,c11d548af3f43dfd
par-creature,,ACOLYTED,,169,266,24f835e9c04573a9
par-creature,,ADA,,169,266,d11594e7085a2615
par-creature,,ADDY,,169,266,3f74e907d0186841
par-creature,,AEEXTORT,Hanj,169,266,430ad13fd6cd590d
par-creature,,AELOTUS,Bandon,169,266,07889216905dd442
par-creature,,AEMESS,Messager,169,266,94c9cf6701aa683b
par-creature,,AGNASI,,169,266,31d7c72ddf93bc11
par-creature,,AKAE,Akae,169,266,5c4e9fe9f6d00ea1
par-creature,,ALANBL,,169,266,2f3cc77297169182
par-creature,,ALATOS,,169,266,078d2a570d1514dd
par-creature,,ALBERT,,169,266,3850433dce1c293e
par-creature,,ALDETH,,169,266,7dc1b0bdd199a32f
par-creature,,ALDWIN,,169,266,abeba2f2b86be377
par-creature,,ALEX,Sire Beverus,169,266,750e9aa29a87654c
par-creature,,ALGERN,,169,266,23ce3c00a6eca73a
par-creature,,ALHEL,Alhelor,169,266,2b0862d35e62db3c
par-creature,,ALIBAK,,169,266,484ed162248aa3c1
par-creature,,ALPHEUS1,,169,266,d3b322b915ee6210
par-creature,,ALPHONSE,Alphonse,169,266,3fe430741754c9b5
par-creature,,ALVANH,,169,266,2f0efbb0a0225029
par-creature,,ALYNAR,Seigneur Alynar,169,266,b939493e5173dced
par-creature,,ALYTH,,169,266,35b242a2d89913c5
par-creature,,AMARAN,,169,266,9b17d807169c7039
par-creature,,AMARCH01,Capitaine Erelon,169,266,cb381796ffe2c661
par-creature,,AMASANA,Asana Haraad,169,266,3c4e7a0f1b490c3c
par-creature,,AMBAR01,Zakee Rafeha,169,266,0d739c251cc5a997
par-creature,,AMCARRAS,Carras,169,266,978373b9d867e03c
par-creature,,AMCLER02,Chyil,169,266,6b80f7e93620a3fb
par-creature,,AMCONM01,Roturier,169,266,b7f7f52fcb10af04
par-creature,,AMCONM02,Roturier,169,266,3402a0875598f666
par-creature,,AMCONW01,Roturier,169,266,d58032e1ce5882d4
par-creature,,AMDUEL01,Mercenaire,169,266,5a5ba1621394de60
par-creature,,AMDUEL02,Mercenaire,169,266,77e2a680433d0bc8
par-creature,,AMFAHEED,Faheed,169,266,07efd15fbad26e42
par-creature,,AMMAJIRA,Majira,169,266,c07ed27b64087884
par-creature,,AMMAYOR,Omar Haraad,169,266,e361142aa55b345c
par-creature,,AMMSLEEP,Homme endormi,169,266,8cc4915066732f67
par-creature,,AMSI,Am-Si,169,266,c8dee59d5094d6b2
par-creature,,AMSMITH,Kerric le Forgeron,169,266,817a4f3f9b3ea0fc
par-creature,,AMTGEN01,Jamis Tombelthen,169,266,5758d2ef6b512902
par-creature,,AMWENC01,Leila,169,266,7f3c357a5d14e30b
par-creature,,AMWYVERN,Lucy,169,266,07545de786216ab6
par-creature,,ANATH,,169,266,60e21e32fd2cc614
par-creature,,ANDARS,,169,266,b97692376d17e588
par-creature,,ANDOUT,,169,266,afc211a42c735e2d
par-creature,,ANDRIS,,169,266,a7fedbe6874a15fd
par-creature,,ANGAAR,,169,266,64376103613f58a9
par-creature,,ANGELO,,169,266,ab5f1503b3637b88
par-creature,,ANNO1,Annonceur,169,266,726384b052ca6c0d
par-creature,,ANTENOS,Antenos,169,266,5d1cff662c25fb27
par-creature,,AOLN,,169,266,e2f9e7e14e737063
par-creature,,APHRIL,,169,266,caafae087b476b3e
par-creature,,APPAR,,169,266,7124c74333076d46
par-creature,,APPARIT,,169,266,f0be6f216c6a00ee
par-creature,,APSEL,,169,266,abf07c7202263298
par-creature,,ARAN,Aran Linvail,169,266,70dbf78f7cc84e2d
par-creature,,ARDENO,,169,266,ad4b82ab69b87cb9
par-creature,,ARDROU,,169,266,f9578b19c39972ef
par-creature,,ARENTHIS,Arenthis,169,266,bf71ba5c11ee8429
par-creature,,ARGHAI,,169,266,9c9bef68b53971f2
par-creature,,ARGRIM,Seigneur Ketlaar Argrim,169,266,6f83da205acb68d3
par-creature,,ARKANIS,,169,261,79f7ce479cc618a8
par-creature,,ARKION,,169,266,b7e73f393237003f
par-creature,,ARKUSH,,169,266,83e74a9597d6ab73
par-creature,,ARLED,Arledrian,169,266,5069950d40f33e32
par-creature,,ARNBOY01,Apprenti bourreau Douglas,169,266,88842e99d9b30084
par-creature,,ARNGRL01,Demoiselle,169,266,a51f995f3378ae86
par-creature,,ARNMAN03,Cuchul,169,266,33dfffec94b79930
par-creature,,ARNMAN04,Mitsu,169,266,3bcad677790672df
par-creature,,ARNMAN05,Achon,169,266,084c7b879176f552
par-creature,,ARNMAN06,Prisonnier,169,266,54f25110617a2469
par-creature,,ARNWAR07,Dedral,169,266,3dcd0f07740c1ec3
par-creature,,ARNWAR08,Tizzak,169,266,a3c91b07520aa475
par-creature,,ARTEMIS,Artemis Entreri,169,266,42cefe5e677db606
par-creature,,arundel1,,169,266,0e78d4c454f0558f
par-creature,,ASHEN,,169,266,59d128c7fc9e0452
par-creature,,AVARICE,,169,266,359066530557c21d
par-creature,,AVERY,,169,266,57e86229e0931df5
par-creature,,BADLUCK,Jariel,169,266,7af942628e9c7830
par-creature,,BAELOTHM,,169,266,9ea2e8c85c9e9ad5
par-creature,,BANDIC,,169,266,65de4084bcb2a7d8
par-creature,,BARDOL,,169,266,09fa8115b144b339
par-creature,,BARESH,,169,266,fb58c399d9698441
par-creature,,BARL,Barl,169,266,8703bafa493cac27
par-creature,,BARONP,Baron Ployer,169,266,dba9f138d96e3637
par-creature,,BARUK,,169,266,7a7f19056f30be30
par-creature,,BASSIL,,169,266,7b261f764eabe794
par-creature,,BAYARD,,169,266,5cd2fca08cc6006a
par-creature,,BAZDRA01,Draconis,169,266,69b440f5a6d0b87f
par-creature,,BAZDRA03,Fll'Yissetat,169,266,47cfab6a143ec55f
par-creature,,BAZEYE01,Iycanth le Fou,169,266,a21c5833b3ad806c
par-creature,,BAZMONK,Moine,169,266,a1c5575df02ffc01
par-creature,,BAZPAT01,Bondari,169,266,cc282a276a280c1f
par-creature,,BAZPAT02,Nanoc the Barbare,169,266,cc7a00157ade25f3
par-creature,,BAZPAT03,Tim Maindor,169,266,1675d7fc2bd9f1cc
par-creature,,BDACT01,Wynn,169,266,28ff01a8c0d6070a
par-creature,,BDACT02,Ketrick,169,266,1f4e59099295e7ac
par-creature,,BDACT03,Jenna,169,266,b1b6c6796d5eeed6
par-creature,,BDACT04,Iltheia,169,266,c7a0a849d88663cf
par-creature,,BDACT05,Zaren,169,266,4d5097dc8b685c99
par-creature,,BDAHDREK,,169,266,b63f10a90ff93654
par-creature,,BDAILEEN,,169,266,fafeafc32a7e4fa6
par-creature,,BDAKANNA,,169,266,f525e6d7662a845c
par-creature,,BDALALAI,,169,266,d97d7cd60fc41f47
par-creature,,BDALMUR,,169,266,c28718b7b442c247
par-creature,,BDAMMON,,169,266,9706d73d6386fa18
par-creature,,BDANDRUS,,169,266,760dd2a385588924
par-creature,,BDANJI,,169,266,be99654939d7347e
par-creature,,BDARAYA,,169,266,95a4382c1d7bc2e5
par-creature,,BDARBING,,169,266,cf11835655c6dc3a
par-creature,,BDASERY,,169,266,89bd88d20f6366a9
par-creature,,BDASHA02,,169,266,e349292198c44003
par-creature,,BDASHA03,,169,266,dd3ace3a2187941b
par-creature,,BDASHA04,,169,266,197f919e5bcf45c2
par-creature,,BDASHA05,,169,266,e580132b17e8424b
par-creature,,BDASHA06,,169,266,b6a4d603febc0ffe
par-creature,,BDASHATI,,169,266,9823bda23cf941e7
par-creature,,BDAUDAM,,169,266,876a3594951ab4b0
par-creature,,BDAUN,,169,266,e2f96ebaa250ea0a
par-creature,,BDAUTINN,,169,266,81f3c8869239ce33
par-creature,,BDAUZIEL,,169,266,6bae14cd75dd45d2
par-creature,,BDBANNO,,169,266,7589ddee46d0e2ba
par-creature,,BDBARDYL,,169,266,96a1a3cd6a0afd39
par-creature,,BDBARGHE,,169,266,93da2280afe8d382
par-creature,,BDBARRE0,,169,266,4922ab0600fc6f81
par-creature,,BDBARTLE,,169,266,24a2c3191d415bbe
par-creature,,BDBELBEN,,169,266,3a6e135c93919912
par-creature,,BDBELEGA,,169,266,e9193a512ce49ad4
par-creature,,BDBELHIF,,169,266,641136bc29f2d646
par-creature,,BDBENCE,,169,266,f85b1b1c492242b4
par-creature,,BDBERAHL,,169,266,ef9e02d3ba6242a5
par-creature,,BDBERTA,,169,266,9caaf9f665bcb35a
par-creature,,BDBERTOR,,169,266,7fda4bde8bbce802
par-creature,,BDBF1,,169,266,8375c9380ec1d923
par-creature,,BDBF2,,169,266,a6e4b688a45bdca0
par-creature,,BDBFOR13,,169,266,d6ca670128a971b2
par-creature,,BDBFORT,,169,266,f7d206e060bc78f4
par-creature,,BDBJARN,,169,266,c6c6a1440e509acc
par-creature,,BDBRIELL,,169,266,93c75eee5cba84c6
par-creature,,BDBWOOSH,,169,266,4a09f8c2af8dcf82
par-creature,,BDBYZON,,169,266,d38dda572cd392cf
par-creature,,BDCARLIN,,169,266,b64e2b7662858401
par-creature,,BDCHAL02,,169,266,e00e38d9b11f552b
par-creature,,BDCHAL03,,169,266,455f4f7cfb9e8dbc
par-creature,,BDCHAL05,,169,266,b032d2ea36149c83
par-creature,,BDCHAL06,,169,266,bdd07413de17a48b
par-creature,,BDCHALME,,169,266,159313d62c1c0fa0
par-creature,,BDCHARRA,,169,266,ed765dc5124eb339
par-creature,,BDCHESKI,,169,266,955ef38e42ad0ef7
par-creature,,BDCHICKW,,169,266,0c025d2ad3ebc7e6
par-creature,,BDCHILD,,169,266,99e0c4c4c89ff1ca
par-creature,,BDCHORST,,169,266,cae04bd3a64ffdc4
par-creature,,BDCLOVIS,,169,266,feba4d4314e75268
par-creature,,BDCOLDH,,169,266,79f524e580acf811
par-creature,,BDCOOGAN,,169,266,761268bb12069d61
par-creature,,BDCORINT,,169,266,0e35eda652193f57
par-creature,,BDCOUN01,Membre du Conseil,169,266,b686d242dee45460
par-creature,,BDCROMMU,,169,266,feeb57e595c3c824
par-creature,,BDCRUBB1,,169,266,29f001f145adf0e5
par-creature,,BDCRUBBM,,169,266,0aaae0f84358757a
par-creature,,BDCRUM46,,169,266,3e40ec4a4b4d81ba
par-creature,,BDCRUS10,,169,266,9c31ef2c45e8344c
par-creature,,BDCRUS11,,169,266,f8addb3899315239
par-creature,,BDCRUS12,,169,266,0062732340bd7fa8
par-creature,,BDCRUS13,,169,266,902768b8d2e6fb78
par-creature,,BDCULT03,,169,266,3dfdd5051054f59a
par-creature,,BDCULT24,,169,266,e3e0c79b2ea74326
par-creature,,BDCULT41,,169,266,c93535940450678c
par-creature,,BDCULT42,,169,266,72e3d5aaaf6b5b85
par-creature,,BDCULT43,,169,266,b9ed13b1d195e87c
par-creature,,BDCULT44,,169,266,af7de6f04201533f
par-creature,,BDCUVIER,,169,266,600bc8caebfef6bc
par-creature,,BDDAEROS,,169,266,bb64d1b27f211274
par-creature,,BDDAGF21,,169,266,a87783c50cc0298e
par-creature,,BDDAGF22,,169,266,ef6cfb3275f9da92
par-creature,,BDDAMARR,,169,266,a2489b5e4901b624
par-creature,,BDDANINE,,169,266,5cafcb4cb5a03d15
par-creature,,BDDARAN,,169,266,d9b9b631f19336eb
par-creature,,BDDARNAS,,169,266,c249da7288030ddb
par-creature,,BDDARSKH,,169,266,c2dccbf4f9164007
par-creature,,BDDAUSTO,,169,266,5d03d9e99ce6f5dd
par-creature,,BDDAZZO,,169,266,5d6f4d8e60ff2d14
par-creature,,BDDEEP,,169,266,f2533a1062c6f862
par-creature,,BDDELANC,,169,266,67be6c1f2ce01230
par-creature,,BDDELEND,,169,266,9836c7424208c919
par-creature,,BDDELTON,,169,266,7eb1a24823d0fe66
par-creature,,BDDENELD,,169,266,8354db9e6254fa6b
par-creature,,BDDIRLA,,169,266,84f2e08f8b4afa82
par-creature,,BDDM02,,169,266,b554e688f199a6b8
par-creature,,BDDM09,,169,266,6fb3ca31f36c542e
par-creature,,BDDMAKGR,,169,266,f5fc745a09f3459b
par-creature,,BDDOGW01,,169,266,bdd42fde9e2ba70c
par-creature,,BDDOSIA,,169,266,2cfbbe5805f3f42a
par-creature,,BDDREON,,169,266,ef116b16f561c683
par-creature,,BDDUGRAF,,169,266,5d1555c1705f4cfd
par-creature,,BDDYINGM,,169,266,46548bfac4b96190
par-creature,,BDEINER,,169,266,a8805493742332c6
par-creature,,BDELANDR,,169,266,2ea425562a171c59
par-creature,,BDENTRAN,,169,266,25a0e456f4026b0d
par-creature,,BDEPHRIK,,169,266,98d7f740e55e0188
par-creature,,BDESSERI,,169,266,bc4147e1fcfdff33
par-creature,,BDESTEBA,,169,266,8250c9cfc5a38455
par-creature,,BDETTIN,,169,266,eb9cf50e156ad736
par-creature,,BDFAMARI,,169,266,7126d82d9d94e9ba
par-creature,,BDFARRL,,169,266,049d910f40445771
par-creature,,BDFENSTE,,169,266,acfb87d317a712a9
par-creature,,BDFERRUS,,169,266,7e78bfc005b00988
par-creature,,BDFFMAGE,,169,266,983053694aa91792
par-creature,,BDFFVIDA,,169,266,51a7a89d8561f0ad
par-creature,,BDFIST41,,169,266,48a4330d26b75ef8
par-creature,,BDFISTM1,,169,266,cc00c1936513b703
par-creature,,BDFISTM2,,169,266,81062cadbe56a384
par-creature,,BDFLOSS,,169,266,592c6fe929a7f2ac
par-creature,,BDFRAIR,,169,266,cc5afdb398a35bdd
par-creature,,BDFRAT,,169,266,58243959610e3364
par-creature,,BDFRITZ,,169,266,527bc53c2bbd3626
par-creature,,BDGARACH,,169,266,75ad5c794cbf437b
par-creature,,BDGARROL,,169,266,18a6fda48a90cdb7
par-creature,,BDGARRUS,,169,266,2907f9aa17cf5489
par-creature,,BDGAUTH,,169,266,f3e33c596f279fa1
par-creature,,BDGNARG,,169,266,98ed4f57f3feb81f
par-creature,,BDGOLT,,169,266,0a72488917a3eda8
par-creature,,BDGRIMGO,,169,266,d850252111ed4489
par-creature,,BDGURGLE,,169,266,a9dbf59cfb7c96fd
par-creature,,BDHALASA,,169,266,54034a693fd99e8f
par-creature,,BDHALAT,,169,266,e47967077ef5b129
par-creature,,BDHASTUS,,169,266,2342e20361bf1a97
par-creature,,BDHELDMO,,169,266,d5ff4d112d11863b
par-creature,,BDHELVDA,,169,266,ab717a4082ad87f0
par-creature,,BDHENSLE,,169,266,e24b604f4a1a57a2
par-creature,,BDHEROD,,169,266,a58ef7a116eb582e
par-creature,,BDHESTER,,169,266,afc0f5ddbb6ef4b9
par-creature,,BDHIGG01,Higgold,169,266,2b6ea3f19b1270ce
par-creature,,BDHOACH,,169,266,8ad445e14eb2a865
par-creature,,BDHORMOR,,169,266,5dadfead502c1354
par-creature,,BDHORST,,169,266,329be1ffac8f1250
par-creature,,BDHYRETH,,169,266,fc4f0b7d74dd9901
par-creature,,BDIDYLET,,169,266,297df083416bdf94
par-creature,,BDIKROS,,169,266,50f5d1a336b77ee7
par-creature,,BDILLARU,,169,266,b930584164b05fb8
par-creature,,BDIRINA,,169,266,1ab382254b9e8e40
par-creature,,BDISABEL,,169,266,cfe0fb2918793e77
par-creature,,BDIVANN,,169,266,a80f5856180148a0
par-creature,,BDJAMVEN,,169,266,6c0516f1ea288c20
par-creature,,BDJAYVIS,,169,266,b16e8eba404b3ca1
par-creature,,BDJEGG,,169,266,a2f580a7c019eeab
par-creature,,BDJENKS,,169,266,d08b090767bdfcbe
par-creature,,BDJOSPIL,,169,266,781ce152eba5de7c
par-creature,,BDJULANN,,169,266,38f1710c2eb283ac
par-creature,,BDJUNIA,,169,266,daac8b756ab2c9c7
par-creature,,BDKAELET,,169,266,6ab608bbbacbb5e3
par-creature,,BDKAMBAL,,169,266,a23db67c1d7a9e47
par-creature,,BDKATHEE,,169,266,fed777ae75d646d9
par-creature,,BDKAVA,,169,266,3701b289f8a811e5
par-creature,,BDKAZZRE,,169,266,11ff4b6cf1476d9d
par-creature,,BDKHARM,,169,266,23bd1fadf326dcd8
par-creature,,BDKHARMY,,169,266,79ab8e6d96f0aa4c
par-creature,,BDKHERR,,169,266,61585a24134ddea3
par-creature,,BDKIERAN,,169,266,00cd1a789bcfe7fd
par-creature,,BDKJARVA,,169,266,133fe11ac3d4ee54
par-creature,,BDKORDEO,,169,266,15adb6fabc322112
par-creature,,BDKORLAS,,169,266,ca87a18a50eb3eda
par-creature,,BDKRUNTU,,169,266,953ae1a3fa56de8b
par-creature,,BDLADLE,,169,266,4c7e2cd80796e4cd
par-creature,,BDLEOPAS,,169,266,83e1ed44562ce5a8
par-creature,,BDLITLA,,169,266,35f59434818129bf
par-creature,,BDLLUIS,,169,266,d352e6d02be59e7d
par-creature,,BDLON,,169,266,3a94182f73009d49
par-creature,,BDLORDDU,,169,266,5b0067bbd1181421
par-creature,,BDLUCILL,,169,266,7a3af48eda284eaa
par-creature,,BDLUGG,,169,266,39e6204c9ad3d7c0
par-creature,,BDMADELE,,169,266,120034a30b87f25e
par-creature,,BDMALDE2,,169,266,02b12e435f8f7e8a
par-creature,,BDMARI,,169,266,bba4ee28f29d9572
par-creature,,BDMAXWEL,,169,266,8ca4dd7420f67080
par-creature,,BDMEPHIW,,169,266,f9b11f6559bb15a3
par-creature,,BDMEROME,,169,266,f667357094b1f971
par-creature,,BDMIZHE2,,169,266,8e3053632a8c3280
par-creature,,BDMORDAU,,169,266,3771f0b38e89aebf
par-creature,,BDMORLIS,,169,266,58be98180ddffd2e
par-creature,,BDMUNSCH,,169,266,66e5a05658ce699b
par-creature,,BDMURS,,169,266,64e26804f18692bb
par-creature,,BDMYCELD,,169,266,6a5fb566bed5702c
par-creature,,BDNAN,,169,266,ab92ba7b218ffc20
par-creature,,BDNATHBA,,169,266,fb64418abd267789
par-creature,,BDNAZRAM,,169,266,392f99c87f757f7d
par-creature,,BDNEDERL,,169,266,5006c7ef4cc4a018
par-creature,,BDNUBER,,169,266,391cb59d709cec41
par-creature,,BDOLONEI,,169,266,3dd3e45d76206935
par-creature,,BDOLVENA,,169,266,ec91e20a43f95a18
par-creature,,BDONORO,,169,266,ecfec490778c2fdd
par-creature,,BDOPHYLL,,169,266,17956560804dbf36
par-creature,,BDORLAND,,169,266,acf90c38d47cb808
par-creature,,BDOTILDA,,169,266,b18b043b24774737
par-creature,,BDOZIL,,169,266,141eddafb46dd223
par-creature,,BDPATRES,,169,266,bbb4cac8ae9b0e31
par-creature,,BDPCRUS,,169,266,136a85fffc5ef1c8
par-creature,,BDPERREN,,169,266,d108281442529d15
par-creature,,BDPETR01,,169,266,c82003b51c809b9f
par-creature,,BDPETR02,,169,266,2924c9f746175760
par-creature,,BDPETR03,,169,266,f83f0dc456ab11ec
par-creature,,BDPETR04,,169,266,3d4c088f6ee9a7b3
par-creature,,BDPETR05,,169,266,0ce1f839adb290c9
par-creature,,BDPFAUG,,169,266,0efc3bf7b0eefd4a
par-creature,,BDPHILO,,169,266,f7904e6c47cfe039
par-creature,,BDPHOSSE,,169,266,ad39d0f5d9f12c7f
par-creature,,BDPOLVI,,169,266,90e2a566e2cd81b7
par-creature,,BDPORIOS,,169,266,e0e1ae4e809aa321
par-creature,,BDPREMAT,,169,266,a4036df61ad3753f
par-creature,,BDPRIN,,169,266,d2c68df818872bd2
par-creature,,BDPRITCH,,169,266,678d40735ead3579
par-creature,,BDPRST01,Shvanana,169,266,4749de55ad552733
par-creature,,BDPWATER,,169,266,3941b45840a6d083
par-creature,,BDQING,,169,266,96d4d0dfb9fa2a31
par-creature,,BDQUILA,,169,266,2f02618e3134fea6
par-creature,,BDRAEANN,,169,266,e3c12c8100a47a62
par-creature,,BDRAGGEM,,169,266,c26ea1d5eaaa7944
par-creature,,BDRAVOC,,169,266,3546186ecabae765
par-creature,,BDRAYPHU,,169,266,5ffacd32f4b7c841
par-creature,,BDREND,,169,266,d2730707fdcf29f9
par-creature,,BDRGOSZ,,169,266,279697de252bdeb8
par-creature,,BDRHAYLA,,169,266,c44d0a92cee1a1a7
par-creature,,BDRHONDA,,169,266,b7ec10e58939aeff
par-creature,,BDRHYNWI,,169,266,28643dcc9056d459
par-creature,,BDRIGAH,,169,266,508a4205b289d83d
par-creature,,BDRIGGS,,169,261,2fddc7b9a711c816
par-creature,,BDROARK,,169,266,33223bb9a593fade
par-creature,,BDROBEL,,169,266,8c8466b8c6c1e542
par-creature,,BDROHMA,,169,266,6e15bb32e9412f1f
par-creature,,BDROLFF,,169,266,14f7428106e321bf
par-creature,,BDSALLO,,169,266,4c926d34ec6053ad
par-creature,,BDSCRY,,169,266,932ecfe9380e1f5e
par-creature,,BDSEMAHL,,169,266,a90dc1366fb3e1cb
par-creature,,BDSENDER,,169,266,fb3c191519db690e
par-creature,,BDSENNA,,169,266,a122a187d535efd4
par-creature,,BDSETHYL,,169,266,22b30a2cbb3a142f
par-creature,,BDSHADOW,,169,266,5d928157027558d0
par-creature,,BDSHAPUR,,169,266,78107a2a2a888d72
par-creature,,BDSICKLY,,169,266,de5d5afbd39ae677
par-creature,,BDSIMONE,,169,266,80121a7cf6813d41
par-creature,,BDSINDR2,,169,266,5c1e03f2c686dbf0
par-creature,,BDSINDRE,,169,266,7a3016915e3e6965
par-creature,,BDSNORGA,,169,266,158d3373770357c8
par-creature,,BDSORALI,,169,266,b682ec7e89c654a1
par-creature,,BDSOTDAR,,169,266,dca825c32970c352
par-creature,,BDSOTUK,,169,266,f008025df0d71fbe
par-creature,,BDSPENSS,,169,266,8ef8f56a67881ffd
par-creature,,BDSPIRIT,,169,266,fbbc838c33740fb3
par-creature,,BDSTALIA,,169,266,fce7d2cfd5e994e1
par-creature,,BDSTONEH,,169,266,82d0a2db716f9901
par-creature,,BDSTRUN2,,169,266,a3a6d9cd4fae0b4c
par-creature,,BDSTYSIC,,169,266,2c6e2a73c08e9636
par-creature,,BDTAIEL2,,169,266,5fdeff073179fa9b
par-creature,,BDTAKOS,,169,266,172e4f04878e596b
par-creature,,BDTANORM,,169,266,2b83194094869207
par-creature,,BDTEERA,,169,266,1ae6b66e9ced4da2
par-creature,,BDTELERI,,169,266,197536e0d8f4f2e6
par-creature,,BDTHAIRD,,169,266,f85b4bf6c1f084e7
par-creature,,BDTHARAN,,169,266,27fba0b8a9405b19
par-creature,,BDTHERLI,,169,266,e16426ab025854e6
par-creature,,BDTHERTO,,169,266,7ab2957b7dd9104b
par-creature,,BDTHIRRI,,169,266,4b306f9e9c2ec479
par-creature,,BDTHRIX,,169,266,b8e8bafc9c971e01
par-creature,,BDTRISTI,,169,266,4cae341e6a13e1e8
par-creature,,BDTSOLAK,,169,266,ac1b7fb26a1efefd
par-creature,,BDTURIN,,169,266,5cbc928be49df558
par-creature,,BDTURM01,Chef turmish,169,266,02b777bc24e1fc7b
par-creature,,BDTUTOR,,169,266,b95c81eb979f519e
par-creature,,BDTYLE,,169,266,044c17807127e8e6
par-creature,,BDULORI,,169,266,2990889f194a439b
par-creature,,BDUMAR,,169,266,ddfaddf3c04f8a19
par-creature,,BDURE10A,,169,266,edfcfa7ce88988f3
par-creature,,BDURE4A,,169,266,a3735ea463eca557
par-creature,,BDUXLEY,,169,266,de64d2885a3e607e
par-creature,,BDVALIS,,169,266,630eb4b2abfc19a5
par-creature,,BDVESSAN,,169,266,12135d2da9ad43a9
par-creature,,BDVICHAN,,169,266,41772a591858e7ff
par-creature,,BDVIDYAD,,169,266,d5d4617a50ffb635
par-creature,,BDWAIZAH,,169,266,7a0f7739b3ee75c4
par-creature,,BDWELL01,,169,266,9ee6462be79d0031
par-creature,,BDWELL02,,169,266,923dbae6df30f947
par-creature,,BDWILCH,,169,266,b501f0caa958d8e0
par-creature,,BDWILHEL,,169,266,c5be07a4797fa466
par-creature,,BDWORIS,,169,266,045210ffa7c67904
par-creature,,BDWRAT,,169,266,f5d4f2d89ec3008d
par-creature,,BDWYNAN,,169,266,65d35784be423afa
par-creature,,BDXERRA,,169,266,f53083dec6451f3e
par-creature,,BDXHOST,,169,266,832bbb541b01f420
par-creature,,BDYAROK,,169,266,20b50abb2a7c0c60
par-creature,,BDYASHNA,,169,266,41b72682db04dbac
par-creature,,BDYESTIM,,169,266,9800962af7927827
par-creature,,BDZARE,,169,266,e8dcb049f39dc85d
par-creature,,BDZAVIAK,,169,266,4b6cc8eb4635fde4
par-creature,,BDZELMA,,169,266,503d09f3b1886277
par-creature,,BDZIATAR,,169,266,f6dca612a8f0ee5b
par-creature,,BDZIDRAN,,169,266,78a0863379ef4c92
par-creature,,BEAST,Dompteur,169,266,37b3c3f8fb5e2e7a
par-creature,,BECKY,Becky,169,266,68e71da6c8d3dcdd
par-creature,,BEELOO,Beelo Jansen,169,266,1018659a98db8d19
par-creature,,BEGGAR3,Mendiant,169,266,6d4d52ce775d384e
par-creature,,BELAND,,169,266,c4ab6a4df1941d3a
par-creature,,BELDIN,,169,266,70096baed189c9fa
par-creature,,belhif01,,169,266,eb25234968321306
par-creature,,BELLAM,,169,266,bda20acd339cfe08
par-creature,,BELMIN,Belmin Gergas,169,266,e0da417321196f4b
par-creature,,BELT,Ceinture,169,266,0215fcbeb48b77ba
par-creature,,BENDAL,,169,266,32c54d5e9b3e3045
par-creature,,BENJY,Benjy,169,266,55db4e2a670c3d5f
par-creature,,BENTAN,,169,266,81a6c824ba1d7d19
par-creature,,BENTHA,,169,266,2f68b35e3aa2d042
par-creature,,BENTLY,,169,266,6c54f50796f088b4
par-creature,,BERINVAR,Berinvar,169,266,53f9303c2f9bd35f
par-creature,,BERNARD,Bernard,169,266,a732c97cb081a3d5
par-creature,,BERRUN,,169,266,7b1adde77e172679
par-creature,,BERTRAND,Bertrand le Compagnon,169,266,639f4f39291f48bc
par-creature,,BHAAL,,169,266,785a0276b336ada0
par-creature,,BHALF1,Stivan le chasseur,169,266,5cbad1368917ac6b
par-creature,,BHARVAL,Grand Aubemestre Arval,169,266,b0e43008b9fbe385
par-creature,,BHCRYPT,Roi de la crypte,169,266,5887a963b1d34b1f
par-creature,,BHELM,Gardien Vottnar,169,266,14a9384bb11d06de
par-creature,,BHEREN,,169,266,aba17213f84a79f0
par-creature,,BHEYE,Œil aveugle,169,266,35fd9fd841ce644a
par-creature,,BHNALLA,Héraut de la tempête Nallabir,169,266,513ea0b7e75ec4fe
par-creature,,BILL,,169,266,2ce8d991f4c8e73b
par-creature,,BINKOS,,169,266,6eb087ec47d37dc4
par-creature,,BINKY,,169,266,473ae07b2d43dc62
par-creature,,BINNKEEP,Calbor,169,266,20f9f535490bd977
par-creature,,BJORNI,Bjornin,169,266,7499bbb5ac10ab4a
par-creature,,BLACKL,,169,266,ac067ef7b0b2db4c
par-creature,,BLANE,,169,266,6d5f11678973359a
par-creature,,BLANK,,169,266,3215ddac41fe3495
par-creature,,BMERCH1,Qadeel,169,266,751d1f458143a808
par-creature,,BMTHIEF,Voleur du marché noir,169,266,2f87e31940cbe3e8
par-creature,,BMTOWN4,Stanet,169,266,696a30262a4ee09d
par-creature,,BMUGG1,Brigand,169,266,4f2d8268d66ec2e5
par-creature,,BNOBLE1,Seigneur Feveron,169,266,88bb20a60bbf6199
par-creature,,BNOBLE2,Dame Diana,169,266,36d123d113bf1eee
par-creature,,BODFGT03,Contact de la guilde,169,266,1a3a27d9ac693b43
par-creature,,BODVAM01,Durst,169,266,3357b5e05757fc11
par-creature,,BODVAM02,Gellal,169,266,bd1eed10ba0801ac
par-creature,,BOOTER,Botteur,169,266,6597eef412ca7006
par-creature,,BORDA,,169,266,0c6b0fedb866ea90
par-creature,,BORIN,,169,266,b8d49183358a0f1c
par-creature,,BORINALL,Borinall,169,266,46426924405f4719
par-creature,,BORK,,169,266,8e926ed11610ac7a
par-creature,,BOY1,Giran,169,266,2cddc0cdde73cc96
par-creature,,boyboy02,,169,266,9e8851f7eae67c95
par-creature,,BPALUENA,,169,266,6e41acc8e4680aff
par-creature,,BPALUENO,,169,266,072a633df9cf143b
par-creature,,BPBELLOW,,169,266,ded97249c5911b9f
par-creature,,BPBRENDA,,169,266,8ecbb2323a13fe72
par-creature,,BPCARLOS,,169,266,bb5fbcd112fc5526
par-creature,,BPCIRIL,,169,266,adb6edb4c1d7be8c
par-creature,,BPCONCOC,,169,266,4150cbbf6c12164a
par-creature,,BPDEVLIN,,169,266,c6a5d8acdea3e7ff
par-creature,,BPDINGUE,,169,266,ae1a56405d5f39c4
par-creature,,BPELAN,,169,266,455788dc9570c239
par-creature,,BPGIAFIR,,169,266,49e1bad2a3142bea
par-creature,,BPGORCH,,169,266,8c28be1cc1b1520c
par-creature,,BPKRANCO,,169,266,663fcf3ed0e8bc40
par-creature,,BPMAGDA,,169,266,0a2b701420707c2e
par-creature,,BPNAJIM,,169,266,786bc95de48988e5
par-creature,,BPOWYN,,169,266,f049e49a7e75c5c7
par-creature,,BPSAMJOH,,169,266,7c9d0e7f4bd6a4dd
par-creature,,BPTHARDE,,169,266,5818c20843a8a130
par-creature,,BPWYLLIA,,169,266,965a6ed2fe1aa32b
par-creature,,BPXITHIS,,169,266,d8981ed68f1e55f8
par-creature,,BRAGE,,169,266,ed7492757a295b70
par-creature,,BRAN,,169,266,fc75afad596d6530
par-creature,,BRANDI,,169,266,29168fbc2d77d11a
par-creature,,BRATHL,,169,266,b3919b3f51d2d4af
par-creature,,BREG01,Visaj,169,266,5656e4767e4018d0
par-creature,,BREGG,Bregg,169,266,fb68a7a204635d1f
par-creature,,BRELM,Brelm,169,266,35cfb08233bb803b
par-creature,,BREVLI,,169,266,88b012f496f7d95a
par-creature,,BRIELB,,169,266,a157cd179765f78a
par-creature,,BRILLA,,169,266,d55333d7e069b01a
par-creature,,BRUENOR,Bruenor,169,266,3407a5d4a895cffd
par-creature,,BRUNOS,,169,266,323b6625c58d823d
par-creature,,BRUS,Brus,169,266,4f3bebc3300f442d
par-creature,,BSHOP01,Tire-laine,169,266,f25673201d84c162
par-creature,,BUB,,169,266,d9b51e671e246b55
par-creature,,BUBBLES,Bulles,169,266,2bf7a3edb78c0bd6
par-creature,,BULLRUSH,,169,266,4492f3173d3d1232
par-creature,,BUNKIN,Bunkin,169,266,961e777652f491aa
par-creature,,BWENCH,Elanda,169,266,8ed682ac63e7c13e
par-creature,,BYLANNA,Bylanna,169,266,908cc241e461fe99
par-creature,,BYSTAND1,Ler,169,266,be9914ee3659adc7
par-creature,,BYSTAND2,Dame Beth,169,266,d208ccb610dcf859
par-creature,,C6BGUARD,Défendre/Protéger,169,266,2836e0992c892e25
par-creature,,C6BRAN,Branet Al-Thon,169,266,dfebe614a8636b03
par-creature,,C6CLER3,Clerc de Talos,169,266,57cc1d3f4b67b512
par-creature,,C6CORAN,Coran,169,266,761a566494dc913e
par-creature,,C6ELHAN,Elhan,169,266,c9c05d1e91fc923e
par-creature,,C6ERIC,Eric Vanstraaten,169,266,44a3a157e6b74b0c
par-creature,,C6GENER,Général Sovalidaas,169,266,bc6ba8216ee7f849
par-creature,,C6GOFUS,Gofus,169,266,7c867586e111e40f
par-creature,,C6HARP,Malchor Harpell,169,266,07ca83a462e5b3c4
par-creature,,C6LANF,Lanfear,169,266,2b41ea6462bde195
par-creature,,C6NERIT,Nerit,169,266,8482f297b5fe2875
par-creature,,C6SQUIRE,Écuyer Cathras,169,266,864247b5fe99ee01
par-creature,,C6WARSA1,Conseiller militaire elfe,169,266,bbae4bf62280cd81
par-creature,,C6WARSA2,Conseiller militaire elfe,169,266,3f4845136d3c27ee
par-creature,,C6WILL,William Reirrac,169,266,60a1a7cb620a4b60
par-creature,,C6YEAN,Yeanasha,169,266,9849264e33333b70
par-creature,,CADDER,,169,266,1f64684aa4b31224
par-creature,,CADRIL,Sire Cadril,169,266,4126943d29cb0c27
par-creature,,CAEDMO,,169,266,19d3a009a54668f4
par-creature,,CAEHAN,Caehan,169,266,2d8295d97015d840
par-creature,,CAILAN,,169,266,09d440f63f8475f3
par-creature,,CALAHA,Calahan,169,266,a0f7c16e550b67cb
par-creature,,CALDO,,169,266,bd2197d0a959fd77
par-creature,,CAMITIS,Camitis,169,266,c19f6558a7177a9a
par-creature,,CANTIC,,169,266,30e7502e876b2b52
par-creature,,CANTO,,169,266,c9300cde7b7d44fa
par-creature,,CARBOS,Carbos,169,266,9fe8da7900757c39
par-creature,,CARSA,,169,266,9cc356538ab82460
par-creature,,CASSON,,169,266,268a59e5b64a0ebc
par-creature,,CATTAC,,169,266,14a75a7052bb9bdd
par-creature,,CATTI,Catti Brie,169,266,708d4df3ad61fd21
par-creature,,CAUTER,,169,266,ac298f3050f949cf
par-creature,,CDDAEN,,169,266,a31d18def9c8805b
par-creature,,CEBEGGAR,Catis,169,266,16957c840a208b80
par-creature,,CECHALLE,Maître Verthan,169,266,09f8fd213a024b59
par-creature,,CEDERIL,Deril,169,266,d2924513952c2175
par-creature,,CEDRUID1,Pauden,169,266,69d30ea28492af13
par-creature,,CEDRUID2,Dalok,169,266,b6f9360d14f0201b
par-creature,,CEGLUT,Glut,169,266,ad0f7fad3ea455ce
par-creature,,CEIGAROL,Igarol,169,266,8852a8adad97ebfe
par-creature,,CELOGAN,Haut Marchand Logan Coprith,169,266,834d7ed9ea2689e1
par-creature,,CELVAN,Celvan le dingue,169,266,431bf4fe944f749e
par-creature,,CENANNY,Nounou,169,266,40187c93b87bc643
par-creature,,CENTEO,,169,266,b8e0064185c24ed6
par-creature,,CERNICK,,169,266,05df170bca5f91f3
par-creature,,CESPENAR,,169,266,7d5e4bd7b461deef
par-creature,,CHALRV01,Le Ravageur,169,266,c24c5062308ef07c
par-creature,,CHALSP01,Gavid,169,266,f359fc1353d226d9
par-creature,,CHANTE2,Chantre,169,266,23f7f537d6134253
par-creature,,CHANTH,,169,266,fbd69d6b25511c5b
par-creature,,CHARLE,,169,266,28ac4868b8060cf3
par-creature,,CHASE,,169,266,3020145ec335f720
par-creature,,CHELAN,,169,266,155b5ae2ee777919
par-creature,,CHESS,,169,266,741f5684fd86c6b7
par-creature,,CHLOE,,169,266,68ac49714e55c66a
par-creature,,CHORE,Corvée,169,266,c5f1d85748d72a74
par-creature,,CIRCG1,Soldat amnien,169,266,aa2ba8080beae11e
par-creature,,CIVFRUS1,Jeremiah Douxpetons,169,266,39eb1ddfb402169a
par-creature,,CLAIRD,,169,266,6318a0c7635978d6
par-creature,,CLARDI01,Inspecteur Ardis,169,266,3cf80f3172bfb8dd
par-creature,,CLCOTI01,Cotirso,169,266,24af6563c9acdb92
par-creature,,CLDAD,Talon Nirkhas,169,266,d7aaf7b02e1a3dd3
par-creature,,CLELUN01,Eluno,169,266,d55a443abf67f935
par-creature,,CLERK01,Clerc,169,266,ca43204c23dd6df9
par-creature,,CLGLIN01,Glindin,169,266,6e11bed60fe01718
par-creature,,CLKID,Lanie,169,266,4f3d9fb88e3f75f8
par-creature,,CLMOM,Miranda,169,266,6f58d0f942f2d7e0
par-creature,,CLRANI01,Rania,169,266,c1fb6841dec9d92d
par-creature,,CLTIVA01,Ti'Vael,169,266,5af9647c23d917af
par-creature,,COHNTA,Cohn Ta'glaen,169,266,692c4df0a6679902
par-creature,,COHRVALE,Cohrvale,169,266,07fafa3ab29f6bca
par-creature,,COKSMTH,,169,266,1ce5160835de2fb7
par-creature,,conlan00,,169,266,977ff7c52c4ebfd6
par-creature,,CONNOL,,169,266,86a944afc94eab82
par-creature,,CONPANEL,Panneau de contrôle,169,266,9f0f5163a1233c37
par-creature,,COORDI,,169,266,85d50cfeec1aaabd
par-creature,,COPGREET,Frankie,169,266,0b42b89b3e79d12b
par-creature,,COPSPIR,,169,266,eabae76e15f8b678
par-creature,,COR,Cor Delryn,169,266,fb781207b3fd445f
par-creature,,CORDYR,,169,266,7328d03c64a942e7
par-creature,,CORGEIG,Corgeig Hachemain,169,266,eb6ee7f52c7870e4
par-creature,,CORNEIL,Corneil,169,266,866c2a74776a2eb1
par-creature,,CORSONE,,169,266,ca27bb5e3de2917a
par-creature,,COUNSEC,"Ewenn, secrétaire du Conseil",169,266,f62eb9767a4facf6
par-creature,,COW,Vache,169,266,c88246ba8decd5c5
par-creature,,CRAGMOON,Mme Rochelune,169,266,dd771e94352b4b48
par-creature,,CREDUS,,169,266,43c945bb3c77d6f3
par-creature,,CROBAR01,Groncaner,169,266,138e9a2899369d22
par-creature,,CRODRU01,Maunu,169,266,9a94457a109b86f3
par-creature,,CROGAM01,Carmine de la Roue,169,266,aba53c99764d9ba9
par-creature,,CROGAM02,Andrew des Dés,169,266,b7fabc502fdc2234
par-creature,,CROLUS,Crolus,169,266,c43f740e53c62e15
par-creature,,CROTHF01,Tiiro,169,266,befcad1a06550573
par-creature,,CROTHF02,Aulava,169,266,d4814138cb07a1e9
par-creature,,CROWEN01,Gwera,169,266,5919e1399e4281de
par-creature,,CRTHF03,Rilmi,169,266,5dfcd7e5bf257597
par-creature,,CSCLERIC,Aubemestre Kreel,169,266,e088b8b9238c6757
par-creature,,CTRAITOR,Tad,169,266,56839cf3c8e23f79
par-creature,,CUCHOL,,169,266,e89797986cd2d072
par-creature,,CULT2,,169,266,4d5064b213b4244f
par-creature,,CUSTOS,,169,266,6d07121bb9ca639a
par-creature,,CYDERM,,169,266,14aeb2963f070c9f
par-creature,,CYRANDO,Cyrando,169,266,a683836b399f7ab7
par-creature,,CYRIC,,169,266,8155cee383a0327f
par-creature,,CYTHAN,,169,266,3c71810288633225
par-creature,,D1GHOST,Alianna,169,266,8d7bc5cf90979d5e
par-creature,,D1MOTHHU,Alianna,169,266,8a1226dcfdbe6ffa
par-creature,,DAABOL,Aboleth,169,266,ed939b288e9941b1
par-creature,,DABRON,,169,266,93f8702e04a891c4
par-creature,,DADROW17,Taso Kala,169,266,ca158ca4304afba2
par-creature,,DADUER1,Duergar,169,266,7315cb0dffcfcaeb
par-creature,,DAERRAGH,,169,266,38c8ae3b25a50b2d
par-creature,,DALESON,Daleson,169,266,002c9d29082363fe
par-creature,,DALTON,,169,266,6d48c1862e4cfae5
par-creature,,DANDAL,,169,266,68d0ffef0eb0a63e
par-creature,,DANNO,Danno Fairfoot,169,266,b6e2bfcfcfc8a24a
par-creature,,DAQILUE,Qilue,169,266,e9fd778707f8fe6c
par-creature,,DARRYL,,169,266,c5cdbdc716f3a152
par-creature,,DARRYL2,,169,266,452e019b4ac8db4c
par-creature,,DAVAEO,Davaëorn,169,266,4a1b4acd610e4dae
par-creature,,DCLERIC,Clerc fou,169,266,0f9bf9f34bfb3228
par-creature,,DCOWL1,Rayic Gethras,169,266,f2e7420ab6a0a510
par-creature,,DEAGAN,,169,266,c4c944f04785b445
par-creature,,DEAN,,169,266,2e54c081ea145c27
par-creature,,DEATHK,,169,266,5baeb226709f51d7
par-creature,,DECK,Jeu de cartes merveilleuses,169,266,811196d2b917f60f
par-creature,,DEGARD,Degardan,169,266,8567e53ed9c48a81
par-creature,,DEGROD,,169,266,620cbefdbb80ad95
par-creature,,DEL,Del,169,266,252b08f7020f0a2b
par-creature,,DELAIN,,169,266,db7e325c1d40da5a
par-creature,,DELCIA,Dame Delcia Caan,169,266,97d71cc2e4cc0b05
par-creature,,DELON,Delon,169,266,0f9312a859f58263
par-creature,,DELORN,,169,266,405c2ab1cd287357
par-creature,,DELRYNG1,Garde de la maison de Delryn,169,266,a57da8b1f1fbcf20
par-creature,,DELSVIR,,169,266,453e3e12019b322e
par-creature,,DELTAN,,169,266,b8970da940e8814b
par-creature,,DELTHY,,169,266,4e64840c7343f342
par-creature,,DEMOGOR1,L'Emprisonné,169,266,f368031a688c2baf
par-creature,,DEMOGOR2,Démogorgon,169,266,e57f39500e69f503
par-creature,,DEMSON,Sire William Reirrac,169,266,4becbdf678a9de0c
par-creature,,DENAINI1,,169,266,f5e29588be46d1a7
par-creature,,DENAK,,169,266,434500a0711ff0c5
par-creature,,DENKOD,,169,266,eac5a47a47df1cf1
par-creature,,DESH,,169,266,5595c41268de0e83
par-creature,,DESRET,,169,266,82f9a34423909ad7
par-creature,,DESSLO,,169,266,da047dc6aa5d404e
par-creature,,DESTUS,,169,266,4ced5d3b5fa11489
par-creature,,DETRAN,,169,266,575c20db2729a6fc
par-creature,,DEZKIE,,169,266,fb122c43b89c8a00
par-creature,,DHANIA,,169,266,470a876b459f091e
par-creature,,DHARLOT2,Altheia,169,266,55297ee831ffbf76
par-creature,,DIANE,Diane,169,266,5557efc287579c13
par-creature,,DIARMID,,169,266,3a7f39a37d8c25e8
par-creature,,DIGBYDIG,,169,266,7287dcc216500cfd
par-creature,,DILI,,169,266,87d23a90ba6178fe
par-creature,,DILLAR,,169,266,a316289b99a0af4b
par-creature,,DIVINE,,169,266,bd20a2569e138b00
par-creature,,DMANNO,Annonceur,169,266,a33215259ac4e9d5
par-creature,,DMARK1,Fovem,169,266,069f864cc296e4a7
par-creature,,DMREST,Bessen,169,266,dae02c9064805499
par-creature,,DOLANDOL,,169,266,aa04cf9e1477189d
par-creature,,DOOGALS1,,169,266,362627baf6694b84
par-creature,,DOOMSA,,169,266,6bf44eacb84cf80c
par-creature,,DOPDUR,,169,266,340865ce0df1dae7
par-creature,,DOPMER,,169,266,43ec13df0abb06e1
par-creature,,DOROTEA,,169,266,b1d6412b251260cc
par-creature,,DOUG,Festule l'Alchimiste,169,266,6eabd29a16069870
par-creature,,DPIM,Pimlico,169,266,e892b9679ebeb2ec
par-creature,,DPSTAT01,Eliya,169,266,63768c4d3373c8f1
par-creature,,DRADEE,,169,266,adaef51848754c8c
par-creature,,DRAGBLAC,Nizidramanii'yt,169,266,a938c1c8d11af4ea
par-creature,,DRASUS,,169,261,3eac1fd0b7f148b4
par-creature,,DRATAN,,169,266,bf66ef085153dbed
par-creature,,DRELIK,,169,266,ba3fe2847f908ecd
par-creature,,DRENDEN,Drended Shale,169,266,8b067eaa0b7d4334
par-creature,,DREPPI,Dreppin,169,266,f96a23062ff73090
par-creature,,DRIENN,,169,266,c6939e1e725d5f33
par-creature,,DRIZZT,Drizzt,169,266,84db68684ed054ad
par-creature,,DROTH,,169,266,4c58e75328617cc3
par-creature,,DRSHCH01,Chaos,169,266,b77cb99fb8d309a6
par-creature,,DRSHLO01,Loren,169,266,8d854b7e7ce77aaa
par-creature,,DRSHSP01,Esprit du bosquet,169,266,233006352e9a1425
par-creature,,DRUNK,,169,266,d5bf2a500ee865de
par-creature,,DRUNK1,Garoll,169,266,821227430bf64221
par-creature,,DRY01,Dryade,169,266,ea89fb0b6d768ff4
par-creature,,DRYAD,,169,266,d3b8630c03099635
par-creature,,DSHOP01,Ikert,169,266,a4829047419b0e15
par-creature,,DSHOP02,Jahaboam,169,266,0148a392ab64f47b
par-creature,,DUECLA01,Ilyich,169,266,ed8187ffc4d57f0b
par-creature,,DUN,,169,266,f349feeaeee6ad65
par-creature,,DUNKIN,,169,266,796bf696fda7dba9
par-creature,,DURLAGT,,169,266,16c4935a115012c9
par-creature,,DURLYL,,169,266,7ac2557c085ff29f
par-creature,,DURSWORD,,169,266,66509ea4a46c75e4
par-creature,,DUSHAI,,169,266,56866a79a992d7f1
par-creature,,EBOY1,,169,266,5c77373ed48ebfdc
par-creature,,EBOY2,,169,266,290c82086f27a76d
par-creature,,EDIE,,169,266,28c5e00aee036e27
par-creature,,EGIRL1,,169,266,ab97fe9f583f0497
par-creature,,EGIRL2,,169,266,0e95176169fd8f13
par-creature,,ELELEV01,,169,266,f6b5692113a5a686
par-creature,,ELGEA,Dame Elgea,169,266,f026055b7ca773d6
par-creature,,ELKART,,169,266,cd2f18d457c815a6
par-creature,,ELMIN1,,169,266,9e9d8b3d039c9c09
par-creature,,ELOTTE,Écuyère Elotte,169,266,6dc3561d3ba4edd5
par-creature,,EMBARL,Embarl,169,266,ae3878af3e8b30a7
par-creature,,EMERSO,,169,266,bea00eea5ce86dab
par-creature,,EMITAR,,169,266,a48717d24c94ffef
par-creature,,ENDER,,169,266,e35c07ceee763096
par-creature,,ENTAR,,169,266,9b8f7eb05e71e3ac
par-creature,,ENTILL,,169,266,e5348f68cfde8727
par-creature,,ERDANE,,169,266,02027aaeca036ca1
par-creature,,ERIK,,169,266,52e99fbbc72b38c7
par-creature,,ERIM,,169,266,cc9be705fd0514a8
par-creature,,ESCORT1,Cominda,169,266,614af968b665c740
par-creature,,ESCORT2,Kerstia,169,266,93adaeea5af45fe4
par-creature,,ESCORT3,Jenthan,169,266,5585afc06720e821
par-creature,,ESCORT4,Virah,169,266,eaa8e80ef3e215d2
par-creature,,EURIC,,169,266,63368197a01d2215
par-creature,,EVALT,,169,266,84ec7215fb35da72
par-creature,,everard0,,169,266,d33fc59eda5be4f1
par-creature,,EXCULT1,Garuk,169,266,b88e56fcaa58f92b
par-creature,,EXCULT2,Zaelas,169,266,540489520ab22527
par-creature,,FABER,,169,266,e56051f5c981fa44
par-creature,,FAHRIN,,169,266,189380bccfcefcc6
par-creature,,FAIZAH,,169,266,08a86fc3266dfac2
par-creature,,FALDORN,,169,266,62f1943a41479cc1
par-creature,,FAMCAT,Chat,169,266,d3d7bcff30a0703b
par-creature,,FAMDUST,Méphite poussiéreux,169,266,ddc8adb466d15863
par-creature,,FAMFAIR,Dragon fée,169,266,0df8226d08bc543f
par-creature,,FAMFER,Furet,169,266,7c1c354a9f1384d5
par-creature,,FAMIMP,Diablotin,169,266,35da7d417c55684f
par-creature,,FAMPSD,Pseudo-dragon,169,266,a463073c1bc39a4d
par-creature,,FAMQUAS,Quasit,169,266,dbd96c373384c354
par-creature,,FARLUC,,169,266,ef44036374dc1fa0
par-creature,,FARMBR,,169,266,07f93423187e0631
par-creature,,FARTHIN,Seigneur Farthington Roenal,169,266,c7ad4b78ff9c8cdc
par-creature,,FATESP,Esprit du destin,169,266,cee2df6b0313bff5
par-creature,,FDWTH00M,,169,266,2c6d2238fa50c143
par-creature,,FEAR,,169,266,eea0977177016213
par-creature,,FELCL00M,,169,266,92d72fe16f64b055
par-creature,,FELCL01M,,169,266,fcb573e9e321a897
par-creature,,FELDAN,,169,261,eea5c98992b44264
par-creature,,FELMA12M,,169,266,23e701900bae9e04
par-creature,,FELONI,,169,266,addb26890f536426
par-creature,,FELSO02M,,169,266,d0dae0d45ea06733
par-creature,,FENGLA01,,169,266,8b21c4e7106e00e4
par-creature,,FENRUS,,169,266,8350869175e6a0f8
par-creature,,FENTEN,,169,266,50cae2d248e8f374
par-creature,,FERGUS,,169,266,3e5f79e5e327cd25
par-creature,,FETCH,Apporter,169,266,b8a4930f45f22dec
par-creature,,FFACTOR1,Kirinaldo,169,266,12e83ed77fc96695
par-creature,,FFACTOR2,Lunisia,169,266,759fc5dcadb9de86
par-creature,,FFCUST01,Ercias,169,266,efbf7cb7cab9d3d6
par-creature,,FFCUST06,Belle,169,266,de1b8e569459abd0
par-creature,,FFCUST07,H'rothgar Massefeu,169,266,8e00c29d49cd2699
par-creature,,FFCUST08,Jerry Douxpetons,169,266,3e2c5535296df79f
par-creature,,FFCUST09,Seigneur Sterk,169,266,34d5b39cdd899759
par-creature,,FFRECEP,Réceptionniste,169,266,f5f8e2604dabcd47
par-creature,,FFWENCH,Thalia Éructonnerre,169,266,b8b6bbf9f2866128
par-creature,,FGNTH00M,,169,266,cac1e50b7857ef44
par-creature,,FHAFI00M,,169,266,bbd3233adfef2af5
par-creature,,FHUCL02M,,169,266,0225b4e9857424db
par-creature,,FHUCL06M,,169,266,b25fe15adbfff01d
par-creature,,FHUCL07M,,169,266,816f38f4730d0fa4
par-creature,,FHUDR04M,,169,266,a36074fa80542498
par-creature,,FHUFI11M,,169,266,a98dac18894df1e2
par-creature,,FHUMA01M,,169,266,2743847a38690004
par-creature,,FHUTH07M,,169,266,ee4ec6d03a5b8416
par-creature,,FIRBAN02,Plath Rededge,169,266,3be5527aa6935c4e
par-creature,,FIREB1,Perleflamme Cheveux-d'Elfe,169,266,518ed10de88af438
par-creature,,FIRKRA01,Seigneur Jierdan,169,266,570a2149493418ec
par-creature,,FIRKRA02,Firkraag,169,266,019550ace73f372b
par-creature,,FIRMAG01,Conster,169,266,ec80d0ded9650f64
par-creature,,FIRORC01,Chef DigDag,169,266,6377fccbb1caa48e
par-creature,,FIRORC03,Flaylan l'orque,169,266,250afd55729a6bd6
par-creature,,FIRRAK01,Ruhk Transmutateur,169,266,990bac258bad1e23
par-creature,,FIRTRL01,Cuisinier troll,169,266,fe35974f59eee6b9
par-creature,,FIRWLF01,Grancor,169,266,a4969e7d48d9247e
par-creature,,FIRWLF02,Falik,169,266,93abe639be225314
par-creature,,FLAM13,Dilos,169,266,b83ef62138583937
par-creature,,FOOTY,,169,266,bd80135d2cc40243
par-creature,,FORESH,,169,266,2ffff08f1c5cae3a
par-creature,,FORTHE,,169,266,f28471a7c6105283
par-creature,,FRANCO,Franco,169,266,8e6c56101831f1f1
par-creature,,frostbit,,169,266,0bf10c70b6517a5b
par-creature,,FSDRAGON,Dragon,169,266,60884a9a56496222
par-creature,,FSSPIR1,Guerrier éthéré,169,266,4e2fe4e171ff89ef
par-creature,,FULADY,Dame Tandolan d'Um,169,266,f6232e3d76cba0b6
par-creature,,FULLER,,169,266,2ce5e7e450ba3d30
par-creature,,FULORD,Seigneur Milsire Donderbeg,169,266,517803cb1aa7c75e
par-creature,,FUMIN,Ministre Adelain,169,266,ca6d2b5377f3a8bb
par-creature,,FURNEL,,169,266,248c162c0eda2b72
par-creature,,GAAL,,169,266,2164407d0e4e4234
par-creature,,GAELAN,Gaelan Bayle,169,266,9501ca074c36cfe8
par-creature,,GALILE,,169,266,2e1e74e9f46475a0
par-creature,,GALKEN,,169,266,b7ecd7b96726e1c4
par-creature,,GALLOR,,169,266,e9ce8cb73845b35d
par-creature,,GALTOK,,169,266,405d905c92240212
par-creature,,GANDOL,,169,266,8763e7adfa6ca102
par-creature,,GANTOL,,169,266,b5f135cc8f3f1a00
par-creature,,GARAN,,169,266,4c59a1c34bcb2d2a
par-creature,,GARETH,,169,266,9cc1469d47a213e0
par-creature,,GARJUM,Jum,169,266,344bff755930fd8f
par-creature,,GARKID01,Iltha,169,266,442f44d97dc3c047
par-creature,,GARKID02,Taar,169,266,4e93eda71bc7a667
par-creature,,GAROCK,Garock,169,266,16aa73094a8d0212
par-creature,,GARREN,Garren Lancevent,169,266,ef315b080abb86b3
par-creature,,GARRICK,Garrick,169,266,c0fb797b12750c29
par-creature,,GASPAR,,169,266,8ccb69317d4b2600
par-creature,,GATEKE,,169,266,f41b1e6a0d65f6b7
par-creature,,GATEWA,,169,266,84d84f0eba5f5305
par-creature,,GAXIR,,169,266,9dce751222bd06da
par-creature,,GAZIB,,169,266,c55867e3989717cf
par-creature,,gbard000,,169,266,9f25bae465a00249
par-creature,,GELLAN,,169,266,952e6d39a54c63f3
par-creature,,GEMFAR01,Enna Hendrick,169,266,3abf42ecdea640ae
par-creature,,GEMFAR02,Erlin Hendrick,169,266,b99b7ff1b3a0e9ec
par-creature,,GEMJEB01,Jeb,169,266,5a674d9c5a5efc7f
par-creature,,GERDE,,169,266,86fd137462bfd264
par-creature,,GERETH,Gereth,169,266,1e4c8abd3ff2c945
par-creature,,GERHARDT,Oncle Gerhardt,169,266,c0ee31efc98067bd
par-creature,,GERTH,,169,266,0cb7e879c25b80ec
par-creature,,GERVIS,,169,266,9b22c81dab3730b8
par-creature,,GHEREG,,169,266,8ecd2692cf944522
par-creature,,GHORAK,,169,266,85f5a8c74e1e9c99
par-creature,,GIANTFI2,,169,266,9378aee45539bfd7
par-creature,,GIANTFIR,,169,266,5ca591116fc2fbe4
par-creature,,GLANMA,,169,266,b3afd540a6a3087a
par-creature,,GNARL,,169,266,69442c6a7d246db2
par-creature,,GOLINV,,169,266,112eb4a1c0056e56
par-creature,,GORALT1,Gardien,169,266,2fb250c304f5ac5a
par-creature,,GORAPR,Apprenti,169,266,c3b663d13e089412
par-creature,,GORARC,Archiviste,169,266,52deedd257f95e4c
par-creature,,GORBAT1,Ka'rashur,169,266,90218084ccefa68f
par-creature,,GORBEL,Jarre de la cloche,169,266,0c1139e2865aa162
par-creature,,GORCAMB,Aesgareth,169,266,50c922d1007b5f6f
par-creature,,GORCAR,Carston,169,266,58aeb164a95845b7
par-creature,,GORCH,Gorch,169,266,150e3675e7a44933
par-creature,,GORCHR,Démon chromatique,169,266,afd311dba0e3c4c9
par-creature,,GORF,Gorf l'Écrabouilleur,169,266,973216b6d87bfcd1
par-creature,,GORION,,169,266,20b318ae70650e57
par-creature,,GORIONW,,169,266,bc2a9dc742c3524f
par-creature,,GORJE,Gorje Sombremont,169,266,f2b5be2d816cc046
par-creature,,GORLUM,Machine de Lum le Fou,169,266,b34fbc10be62a832
par-creature,,GORMAD1,Elfe fou,169,266,ea888abb64d88d8f
par-creature,,GORPEL,,169,266,66e11d5338de9f09
par-creature,,GORPRI1,Prêtre,169,266,4f66da5e31842250
par-creature,,GORSAL,Saladrex,169,266,9b5f9f0310e9504f
par-creature,,GORSUC01,Succube,169,266,7be265704d963d97
par-creature,,GORTAN1,Tahazzar,169,266,cf40faef5aa02446
par-creature,,GPHIL01,Philosophe,169,266,127cc82a34b1fa72
par-creature,,GPHIL02,Philosophe,169,266,9b6d9ce8ea7137b7
par-creature,,GPHIL03,Huntley,169,266,c6af3f0b4031b3df
par-creature,,GRAE,Grae,169,266,4430e329eceb102e
par-creature,,GRAEL,,169,266,897fb6b44075d68a
par-creature,,GREGOR,,169,266,d398d6615411bb36
par-creature,,GRETEK,,169,266,6b97d507ea92d195
par-creature,,GREYWO,,169,266,4c8d7d6dc11ac997
par-creature,,GURKE,,169,266,9be6434f7c9ec0df
par-creature,,GYLLIA,,169,266,841a82bf5a2a9c55
par-creature,,HABIB,Habib,169,266,9bc393127d1ec1d1
par-creature,,HABREGA,Inspecteur en chef Brega,169,266,724aa56e1d6f87c6
par-creature,,HACK,,169,266,b6f29941796587cc
par-creature,,HACTON,Acton Balthis,169,266,b702b8d89e3f4123
par-creature,,HAEGAN,Capitaine Haegan,169,266,d4f5c71b32fc632b
par-creature,,HAFIZ,,169,266,11fc949ec14f52f1
par-creature,,hailee01,,169,266,5ad1305e4d6f2245
par-creature,,HAIRTO,,169,266,ed6ce3be32cb429f
par-creature,,HAJANOS,Janos,169,266,dd3327a550e1397f
par-creature,,HALBAZ,,169,266,3d82fa3e0208694d
par-creature,,HALFTR,,169,266,1a4035e899f399f6
par-creature,,HANNAH,,169,266,7bb48f96f8b93b15
par-creature,,HAPIP,Pip,169,266,e5467edf823f29ba
par-creature,,HAQUAT,Quataris,169,266,012ee1a2a3091d45
par-creature,,HARALD,,169,266,689461f5c65b1808
par-creature,,HARBOR,,169,266,0b32ce8753d18045
par-creature,,HARPASS1,Lucette,169,266,5bcb9ebafbb7044a
par-creature,,HASTEN,,169,266,98f7da1bfe724472
par-creature,,HAZ,,169,266,7179bf2a958edbc2
par-creature,,HDRAGSIL,Dragon,169,266,54258f23884a877e
par-creature,,HEARTG3,Sire Zarath,169,266,6475cf141e9b114e
par-creature,,HEARTG4,Sire Mardus,169,266,4e235289969801b0
par-creature,,HEARTG5,Sire Donalus,169,266,024e404646db1ff5
par-creature,,HECITO,,169,266,99d105e3e3fd6b13
par-creature,,HELLFEAR,Peur,169,266,63ecc6ca1f69be39
par-creature,,HELLGEN,Génie réduit en esclavage,169,266,e87022673919462f
par-creature,,HELLGREE,Cupidité,169,266,924f6911505d74e4
par-creature,,HELLPRID,Fierté,169,266,74d85f1fd3538fbf
par-creature,,HELLSELF,Égoïste,169,266,6f1ebeb4903e0524
par-creature,,HELMBYR,Acolyte Byron,169,266,1b6779d876b3c222
par-creature,,HELSHA,,169,266,1266c06d0063cdc6
par-creature,,HENDAK,Hendak,169,266,e1ca310871ab3bb5
par-creature,,HENTOL,,169,266,67167fdaefbf2bd3
par-creature,,HEPHIS,,169,266,41212cc6416c193e
par-creature,,HERMIT01,,169,266,e903edf766bc9729
par-creature,,HERSCH,,169,266,0abf7a32f7b63929
par-creature,,HERVO,Hervo,169,266,50fafd0be04dfcc4
par-creature,,HGBER01,Berenn,169,266,f7be1a7f688963ed
par-creature,,HGKAR01,Karthis al-Hezzar,169,266,2369532ca33e6122
par-creature,,HGNYA01,Nyalee,169,266,c9613b06d09e3d1f
par-creature,,HIDDEN,Obscur,169,266,981e53a177006d68
par-creature,,HIGHBAPT,,169,266,27d0ebae1a3b13ed
par-creature,,HIGHRITU,,169,266,f34ebff32a59b0c6
par-creature,,HIGHSUMM,,169,266,874e151a68377699
par-creature,,HIGHTORT,,169,266,a6eb68a6253d7cb5
par-creature,,HILDRETH,,169,266,d776a049ad45ad36
par-creature,,HIST1,Historien,169,266,5b23401e87f5c971
par-creature,,HJOLLDER,,169,266,1ee73334c4e01afd
par-creature,,HLSION,Sion,169,266,504793f45b6c924a
par-creature,,HLSKULL,Crâne doré,169,266,dde9f5818e9d3cd8
par-creature,,HMELVIN,Melvin l'écuyer,169,266,cf221be41e8214e7
par-creature,,HOBBART1,,169,266,e86b24237f9c2236
par-creature,,HORSE,Cheval,169,266,38c552186310b3c8
par-creature,,HOUSG1,,169,266,29f38432d8a4c530
par-creature,,HOUSG2,,169,266,6ef81870a6b3427f
par-creature,,HROTHGAR,,169,266,13d2ef88cf55e39a
par-creature,,HRPMAT00,,169,266,62bee69110207ae0
par-creature,,HULL,,169,266,0e7626b9a8b605ff
par-creature,,HULRIK,,169,266,0ca1da195758f079
par-creature,,HUNTER,,169,266,fdb0588355d4851c
par-creature,,HUNTER1,,169,266,5ba1762257db8a72
par-creature,,HUNTER2,,169,266,21f037e78c8054a5
par-creature,,HURGAN,,169,266,90b9eda7cebfdcd0
par-creature,,HURGISF,Hurgis Baltezan,169,266,22cb4ad2087bc766
par-creature,,HUSAM,,169,266,ccc76d039fd6b567
par-creature,,ICASA001,,169,266,14c566e88cef176e
par-creature,,ICHARY,,169,266,3ced63e6e1a77026
par-creature,,IDRYAD01,Ulene,169,266,b1244f609cfa82de
par-creature,,IDRYAD02,Cania,169,266,169440955b282469
par-creature,,IDRYAD03,Elyme,169,266,ace114e927a5bd3f
par-creature,,IGNATI,,169,266,a856f063d865da65
par-creature,,IGOLEM01,Golem des égouts,169,266,04a4590ea3f7edb2
par-creature,,IKE,,169,266,d098934ddc180c31
par-creature,,INNKPR,,169,266,90e54998919a3017
par-creature,,INSPECT,Lieutenant Aegisfield,169,266,c878834251508ca3
par-creature,,IRLANA,Dame Irlana,169,266,5e46295ef4edb55a
par-creature,,IRLENT,,169,266,97d19a3de610dbad
par-creature,,ISAEA,Isaéa Roenal,169,266,031e8fd4d96216b4
par-creature,,ISLA,,169,266,dd6ea6b3e27992cc
par-creature,,ISLSIR,,169,266,bb60b12d633093df
par-creature,,ITHMEE,,169,266,cb66b65b8537705b
par-creature,,ITHTYL,,169,266,adad6ea9d82ca100
par-creature,,IVANNE,,169,266,b82c86f31b88c725
par-creature,,IZEFIA,,169,266,c5f38992d5a6ec74
par-creature,,JACIL,,169,266,fc0d9d2f7bf7560c
par-creature,,JADERMIN,Dermin Valcourtisan,169,266,49180223460d2aa6
par-creature,,JAEL01,Hindra Jae'llat,169,266,4dca0b70bcec024b
par-creature,,JAEL02,Rilloa Jae'llat,169,266,10bc179136661908
par-creature,,JAEL03,Ist'tar Jae'llat,169,266,19c9db3d96664c8c
par-creature,,JAELLA2,Jaella,169,266,0d7beae6f8aad489
par-creature,,JAERTOF,Ertof Dand,169,266,31c1380a50593da1
par-creature,,JAGALVAR,Galvarey,169,266,ca27249fdffeaedf
par-creature,,JAHABOAM,Jahaboam,169,266,6f32e85fdbb12cc2
par-creature,,JALANT,,169,266,d87d0043b99fc495
par-creature,,JAMIE,,169,266,e195b86e7cd1c708
par-creature,,JARDAK,,169,266,2a0a70e4a842590e
par-creature,,JARED,,169,266,1decbe002c988122
par-creature,,JAREVIA,Reviane,169,266,198787120c45d1a3
par-creature,,JARLAXLE,Jarlaxle,169,266,c2496fc61a745d78
par-creature,,JASE,,169,266,b3113a9b7e134a39
par-creature,,JAYES,Jayes,169,266,fe3074a4fdc82b27
par-creature,,JAYLOS,Jaylos,169,266,fbbe46c5e2b82f77
par-creature,,JEB,,169,266,8079681dc0b7740b
par-creature,,JEBADO,,169,266,9ea6019686a4a3a8
par-creature,,JEMEL,,169,266,0fdb6c5a72bc8107
par-creature,,JENKAL,,169,266,f7f5cac071158639
par-creature,,JERMSY,,169,266,ee136598a73b70df
par-creature,,JESSUP,,169,266,35615ee15a92df84
par-creature,,JHASSO,,169,266,3de65d623d644b40
par-creature,,JOIA,,169,266,3c88808a8b3f3d74
par-creature,,JOLUS,Sire Jolus,169,266,b76bfe93331ec5ba
par-creature,,JONAVI,,169,266,34e999fe11e603b6
par-creature,,JONDAL,Jondalar,169,266,2c86e3b6226f19fb
par-creature,,JOPI,,169,266,31ffe3bdce1a7e4d
par-creature,,JORIL001,,169,266,691d77c0081270da
par-creature,,JORIN,,169,266,80b2d3d6fc5486e4
par-creature,,JORN,,169,266,d1d183bc0866d473
par-creature,,JUGCOL01,Colette,169,266,30cd7b0c87ba1dcd
par-creature,,JUGDAR01,Daar,169,266,af6e7c54bef76a57
par-creature,,JUGJER01,Jermien,169,266,49edb14dffd627f5
par-creature,,JUGJUG02,Golem de pierre,169,266,61c776c4f8404748
par-creature,,KAELLA,,169,266,48ab003a16878473
par-creature,,KAHLAG,,169,266,4e1095a8fad67083
par-creature,,KAHLAO,,169,266,a2fc5193cb983507
par-creature,,KAHRK,,169,266,4e77bcb17e71f041
par-creature,,KAISHA,,169,266,24c4bee48c01cf91
par-creature,,KALESS,,169,266,1bc897a375736a39
par-creature,,KAMIR,Kamir,169,266,4d2674d58f64cdd2
par-creature,,KANGA,,169,266,cfd461c5e4c0caf6
par-creature,,KARAN,,169,266,a20a2173de5a89ca
par-creature,,KARENI,,169,266,8b3d8fa73e5b709f
par-creature,,KARLAT,,169,266,a90462daf42ad2cd
par-creature,,KAROUG,,169,266,69022a9b43d18a51
par-creature,,KARP,,169,266,0a9f735d3f28fb71
par-creature,,KARRL,,169,266,0da0e038feb4250c
par-creature,,KAYLESSA,,169,266,742600d90d4ee61b
par-creature,,KAYPAL01,Anarg,169,266,2f22d851967685a7
par-creature,,KAYPAL02,Reynald de Châtillon,169,266,e66e4e498940e17a
par-creature,,KAYPAL03,Paladin déchu,169,266,57baba7bc3dcfc37
par-creature,,KAYSMG01,Rindus,169,266,3c1f270d7bef41de
par-creature,,KEELOR,,169,266,acfc57bf731831fd
par-creature,,KEEPER,Gardien du Portail,169,266,8fc2213a37d32f89
par-creature,,KELDDA,,169,266,1080abd50ffb53e0
par-creature,,KENT,,169,266,1142a3e2cca1e286
par-creature,,KERISH01,,169,266,e9163683ba24ac4c
par-creature,,KERRAC,,169,266,ab97a6d29c0ead87
par-creature,,KESHEE,,169,266,5e1e227f7823f82f
par-creature,,KETTA,,169,266,ecb33b7793caff5d
par-creature,,KFTOWN02,Hannah,169,266,6f492392c528acaf
par-creature,,KGENIE,,169,266,9b097adf30836853
par-creature,,KHALIDM,,169,266,867d17e98a814496
par-creature,,KHELLOR,Khellor Ahmson,169,266,16790aceadf74bd9
par-creature,,KIEL,,169,266,d02d11df2a9f5db0
par-creature,,KIERES,,169,266,ab5b4ef090173c67
par-creature,,KINDAI,Kindail,169,266,be4c2dd9aca3235a
par-creature,,KINGS,,169,266,fa43d19858637178
par-creature,,KIRIAN,,169,266,b54e3ae65247e62e
par-creature,,KIRINH,,169,266,cbaa28f9b31f1a1f
par-creature,,KISSIQ,,169,266,e9614499b3955c9a
par-creature,,KNOTT,,169,266,f8c70515ca15e8e7
par-creature,,KOLVAR,,169,266,06b33b516c11a079
par-creature,,KORAX,,169,266,159a2099a777a6a3
par-creature,,KORCRAZY,Rictus,169,266,29fb286e0cb32f7b
par-creature,,KORSCROO,Timbré,169,266,69a1f1a4ff20d41f
par-creature,,KORSHAG,Fourretouffe,169,266,012534a52fe928b1
par-creature,,KOVERA,,169,266,418d2077cc6faacc
par-creature,,KPBUTL01,Métigo le majordome,169,266,263ad2ac74d418cf
par-creature,,KPCAPT01,Capitaine Arat,169,266,f2855dd2444476cb
par-creature,,KPCHAP01,Bolumir,169,266,962692ea23608850
par-creature,,KPDOMO01,Majordome,169,266,f164a36d585a0b94
par-creature,,KPFARM04,Citoyen,169,266,06bb535fbf07b698
par-creature,,KPGLAI01,Glaicas,169,266,dfdbd473d4947e94
par-creature,,KPGRD01,Lastin,169,266,77bd4ab9817925d0
par-creature,,KPMAID01,Chanelle la servante,169,266,4af69da6792ddba2
par-creature,,KPMAID02,Talira la servante,169,266,927fef4084b62e00
par-creature,,KPMERC01,Tolmas Bendelia,169,266,793a68c23bba9585
par-creature,,KPRANG01,Jessup,169,266,27d47bd0eca83175
par-creature,,KPRANG02,Malvolio,169,266,6447313f83634510
par-creature,,KPROEN01,Seigneur Roenal,169,266,9858decc13b1e884
par-creature,,KPRUNNER,Coureur,169,266,e986e80b2d420ab1
par-creature,,KPSHAM01,Mage yuan-ti,169,266,9af1def31fe40f28
par-creature,,KREEL,,169,266,71ece3ed6ca625c5
par-creature,,KRUIN,Kruin,169,266,f940422e41598404
par-creature,,KRUMM,,169,266,3d6bbc368e8e89a5
par-creature,,KRYLA,,169,266,734a009716128d62
par-creature,,KRYLL,,169,266,4b9e68f6270a6435
par-creature,,KRYSTI,,169,266,f9f6b36534a211f4
par-creature,,KSLAVE01,Esclave sexuelle,169,266,c241d865f272f86d
par-creature,,KSLAVE02,Ginia,169,266,3a7430e3d9abc9cd
par-creature,,KYLEE,,169,266,729e810c89ba2ee1
par-creature,,KYLIE,Kylie Jansen,169,266,d100a4fec36b502b
par-creature,,LAERTA,,169,266,c26ce9c78e1a363b
par-creature,,LAHL,,169,266,43cc61fa7f8f3f05
par-creature,,LAKADA,,169,266,493dda975b65845f
par-creature,,LAMALH,,169,266,96619eaef761f488
par-creature,,LANDLORD,Propriétaire terrien,169,266,1731a5736b6fa893
par-creature,,LANDRI,,169,266,a88a56617b272832
par-creature,,LANTAN,,169,266,63f04e82cea31d7f
par-creature,,LAOLA,,169,266,410662e77bffefd6
par-creature,,LARREL00,,169,266,8f28b5b35e46d561
par-creature,,LARREL20,,169,266,faedca336a9a8ab1
par-creature,,LARRIA,,169,266,0140affd73c96ad7
par-creature,,LARRY,,169,266,7701118e698cb047
par-creature,,LARYSS,,169,266,f430e7e873b1c900
par-creature,,LARZE,,169,266,ad5843c2451f512b
par-creature,,LASKAL,,169,266,30cd35414c340108
par-creature,,LASSAL,Lassal,169,266,e6de9677c7c4ced2
par-creature,,LATLARA,Acolyte Lara,169,266,4daae0fcc7bac008
par-creature,,LAUNE,Meredath,169,266,92dbdb4215fd146d
par-creature,,LAUREL,,169,266,0df5cef448a8e2b0
par-creature,,LAVOK,,169,266,9d719b235784b971
par-creature,,LEHLAND1,,169,266,a37da2b6725d8043
par-creature,,LEHTIN,Lehtinan,169,266,2fdd8a84814cd529
par-creature,,LENA,,169,266,70add09a97d6a5ed
par-creature,,LENORE,,169,266,e95a6245f2c18882
par-creature,,LEONA,Leona,169,266,6dca720391eb869d
par-creature,,LESTER,Oncle Lester,169,266,497e376932e70447
par-creature,,LESTOR,,169,266,98fdf15a1ad45d14
par-creature,,LETHIAS1,,169,266,af99e23832ecc586
par-creature,,LIFE01,Âme torturée,169,266,a06dada99eb0c99d
par-creature,,LIFE02,Âme torturée,169,266,cb2f530a661c298c
par-creature,,LIFE03,Âme torturée,169,266,00d4e459878469f7
par-creature,,LIFE04,Âme torturée,169,266,61a9588440918693
par-creature,,LIIA,Liia Jannath,169,266,136ca077d3850172
par-creature,,LISSA,Lissa,169,266,01429968f3989d3c
par-creature,,LIZKING1,,169,266,1e0183d3209a6496
par-creature,,LLARSH,Llarsh,169,266,2133f0d330b288b8
par-creature,,LLINDE,,169,266,95b199b77ab41d60
par-creature,,LLYNIS,Llynis,169,266,e699239893104f93
par-creature,,LOBAR,,169,266,8cb0d499641be38b
par-creature,,LOTHAN,,169,266,3b77c3a32609dc7d
par-creature,,LOUISE,,169,266,08e5ded69af9acac
par-creature,,LOUT,Vittorio,169,266,5c7ac67df5903f6b
par-creature,,LOUTCAPT,Capitaine Dennis,169,266,0d39126c8eeed505
par-creature,,LOVE,,169,266,c1dc9881c203b7aa
par-creature,,LOVEONE1,Fayanna,169,266,dad20c8072df9509
par-creature,,LOVEONE3,Valas,169,266,6f82dad771d9b646
par-creature,,LOVEONE4,Moira,169,266,b1281ac9a4b98d12
par-creature,,LOVEONE5,Rowyn,169,266,4a0548de449003ce
par-creature,,LTALOS,Clerc de Talos ivre,169,266,ca33a5fded0c3e3a
par-creature,,LUCKY,,169,266,3940172c26bef809
par-creature,,LURRA,,169,266,80274a2636ed863a
par-creature,,LUSSEL,,169,266,f8fbe82a37c837d2
par-creature,,MADAM,Madame Nin,169,266,5240e614fdd29711
par-creature,,MADARC,,169,266,f0fe0a674f323d41
par-creature,,MADEEN,Madeen,169,266,1f7fc0cc78cd3faa
par-creature,,MAEGUY01,Kamuzu,169,266,bb4c59b53ccc9a9c
par-creature,,MAEVAR,Mae'Var,169,266,0072b89650101512
par-creature,,MAJAN,Ma Jansen,169,266,0ef6d65c0af9f21d
par-creature,,MALKAL,,169,266,ce7a1e8301eb83fc
par-creature,,MALLA02,Malla,169,266,6d76f54938466c13
par-creature,,MALTZ,,169,266,ea83f4f88bd88773
par-creature,,MAPLE,,169,266,63004fc8dba8c419
par-creature,,MARALE,,169,266,957220108bb39c93
par-creature,,MARCUS,Marcus,169,266,bfa755bd37afbcdc
par-creature,,MAREK,,169,266,408f1a5c3404432d
par-creature,,MARIA,Dame Maria,169,266,2bae49a36530a507
par-creature,,MARKUS,,169,266,344af9f39390480b
par-creature,,MARL,,169,266,1d476db50f51f839
par-creature,,MARLOWE,Marlowe,169,266,710e305eb5268cd6
par-creature,,MATRON,,169,266,a9b50cb35c05c31d
par-creature,,MDDUST,Méphite poussiéreux,169,266,19cc6f1c37375fef
par-creature,,MDRAK,Maharadjah,169,266,a7243eeb323831c6
par-creature,,MDWFI03M,,169,266,15c93bcb3993254a
par-creature,,MDWFI16M,,169,266,05b24b11a0724ed8
par-creature,,MDWFI21M,,169,266,029d463d0154efb8
par-creature,,MDWTH00M,,169,266,2c16e7cab86af3fe
par-creature,,MEBDING0,,169,266,8941e562108fa12b
par-creature,,MECK,,169,266,26bb5f7569756a32
par-creature,,MEIALA,,169,266,975dae415c3c4632
par-creature,,MEILUM,,169,266,78b1351814d47d0e
par-creature,,MEKRATH,,169,266,fccef86e3fc67ec8
par-creature,,MELMA00M,,169,266,8fcdc6d77f1ba422
par-creature,,MELMA07M,,169,266,c5ab30d5e9414499
par-creature,,MELTH07M,,169,266,2a25c69a2ecf6116
par-creature,,MELTH08M,,169,266,6cdf61b5876b1037
par-creature,,MENDAS,,169,266,1a5f22ffd106ada0
par-creature,,MERCHANT,Bel Dalemark,169,266,5d2c9abd148f1841
par-creature,,MERMAID1,,169,266,18ec0ebd726786e3
par-creature,,MERONI,,169,266,a867c44fbede057c
par-creature,,MERSIL,,169,266,f0e85cad0e90da9b
par-creature,,MERSIL2,,169,266,94f12265ff9c3208
par-creature,,MERSIL3,,169,266,3227a1bbb945eae9
par-creature,,MESSEN,Flydian,169,266,ec2a38d0d887ed2c
par-creature,,MEYM,,169,266,6d56cebdded055a3
par-creature,,MGAPPR01,Larz,169,266,351c2c722d85b37f
par-creature,,MGAPPR02,Morul,169,266,06689c7f3e50785f
par-creature,,MGAPPR03,Nara,169,266,271cb08dcbe694fc
par-creature,,MGASS01,Sergent Natula,169,261,2005323ab70dc672
par-creature,,MGBILL01,William 'Bill' Williamson,169,266,6a001df239194de1
par-creature,,MGKET01,Seigneur Ketlaar Argrim,169,266,01cdf2520ca7bd72
par-creature,,MGKETG01,Homme d'armes,169,266,cd98a7e56b84f02f
par-creature,,MGKETG02,Archer,169,266,7d3592f14b569a4c
par-creature,,MGKHOL01,Khollynnus Paac,169,266,5b341ca983f0280f
par-creature,,MGNCL00M,,169,266,a819068e0007d97b
par-creature,,MGNCL01M,,169,266,cd25e4276f9fa5e3
par-creature,,MGNCL02M,,169,266,033c78644b80f48e
par-creature,,MGNMA01M,,169,266,89d9532f3f352849
par-creature,,MGNMA02M,,169,266,535f71c9d1e14a03
par-creature,,MGNMA03M,,169,266,02a4e8667e038bf6
par-creature,,MGTEOS01,Teos,169,266,66dc8a7e142b173c
par-creature,,MHUBA02M,,169,266,158e4a72cde97410
par-creature,,MHUBD02M,,169,266,a56f53483f6f47b6
par-creature,,MHUCL01M,,169,266,8645a11f909083a1
par-creature,,MHUCL05M,,169,266,c043d50d14a5d5f1
par-creature,,MHUDR07M,,169,266,410b79b5b118eee9
par-creature,,MHUFI38M,,169,266,93b9bbcc12ae0ed8
par-creature,,MHUFI46M,,169,266,1d4074881fc74d2c
par-creature,,MHUFI47M,,169,266,779412788edb677b
par-creature,,MHUFI48M,,169,266,0a5b9d1ad9ed4e7c
par-creature,,MHUFI49M,,169,266,31e614b788fbdb45
par-creature,,MHUMA19M,,169,266,509a75eb53a56769
par-creature,,MHUMO03M,,169,266,c9694d6f018c6d5a
par-creature,,MHUPA08M,,169,266,54524fc6288912b1
par-creature,,MHURA02M,,169,266,de923118403dfe36
par-creature,,MHUTH05M,,169,266,c22dde14bd6e43af
par-creature,,MICK,,169,266,3cb65ed7b3178423
par-creature,,MIRIAN,,169,266,c11f2f9ba035f284
par-creature,,MOLKAR,,169,266,315df1233fffaaa6
par-creature,,MOOK,Mook,169,266,e4f48a453b85555f
par-creature,,MOONDOG,Cerebus,169,266,3a604297354fc5d6
par-creature,,MOORLOCK,,169,266,7d4ff284b5c1f827
par-creature,,MOURNER1,Nevin,169,266,9497bf7c89db9c3f
par-creature,,MOURNER3,Arthur,169,266,3fe1451e1ddff530
par-creature,,MOURNER4,Maggie,169,266,40b5d928b39fa78f
par-creature,,MOURNER7,Risa,169,266,a4ae1b3896b87705
par-creature,,MOUTHOF0,,169,266,0fba3d68e58399d8
par-creature,,MRSHADE,,169,266,0ac38402e5174256
par-creature,,MTBE11,,169,266,5f21231001df8dcb
par-creature,,MTBE9,,169,266,c9f812d82bc831f6
par-creature,,MUGGER2,Personnage dans l'ombre,169,266,77b3c81990fac1f0
par-creature,,MULAHE,,169,266,095ff9f0910d58fe
par-creature,,MURDBEGG,Rampah,169,266,736882198bf2b254
par-creature,,MURDBOY1,Faraji,169,266,617f0a57eac4290d
par-creature,,MURDGIRL,Bouquet de roses,169,266,f51a48264a1da9dc
par-creature,,MURTLEN,Murtlen,169,266,d8c7d24dd798a2be
par-creature,,MUTAMI,,169,266,d90774e13e42096b
par-creature,,NADARI,,169,266,a094c276f356a8e0
par-creature,,NADINE,,169,266,5078c1e385a7ae5c
par-creature,,NALBARG,Barg,169,266,630cba4d5651ca5a
par-creature,,NALDIRT,Officier Dirth,169,266,03e48cc9fadd2839
par-creature,,NALIAMES,Messager,169,266,ff997e6355abf34a
par-creature,,NALIN,Nalin,169,266,13212622a768ab26
par-creature,,NALJ,,169,266,d4138c5c9e00b0ef
par-creature,,NANTRI,,169,266,610d387273a683ba
par-creature,,NARCIL,,169,266,3ba35fea04637383
par-creature,,NARLEN,,169,266,c21497827b44f167
par-creature,,NASHA,,169,266,1376eb5cbac30a16
par-creature,,NATE,,169,266,3fdf48c6e0f31421
par-creature,,NEADOY,,169,266,f499d77b641bbc8e
par-creature,,NEB,Neb,169,266,36a730c5c81afddc
par-creature,,NEEBER,Neeber,169,266,1f1f794ebd11f8d8
par-creature,,NEEKANDO,,169,266,ebca7ddc31fee1b9
par-creature,,NEIRA,,169,266,ce3416ada81c52bd
par-creature,,NELIK,,169,266,0e6b9a86b5cb50c9
par-creature,,NELLES2,,169,266,7fa29b32b49aecf7
par-creature,,NEMAGREB,,169,266,359ef815785e9a25
par-creature,,NEMEKLIN,,169,266,b707c13593291fc4
par-creature,,NEMPHR,,169,266,96f5e07a421b2794
par-creature,,NERILSA,,169,266,083a96448236cb54
par-creature,,NEROGDOK,,169,266,229420af6d54585a
par-creature,,NESQRL,,169,266,2994bea48f5db58d
par-creature,,NESSIE,,169,266,da28905042a6ec6b
par-creature,,NESTOR,,169,266,8ade710d096e69ae
par-creature,,NETHAY01,,169,266,c28daf85ec6c2d28
par-creature,,NEVILL,,169,266,91989245edd805c6
par-creature,,NEXLIT,,169,266,cf33faf92b94d9d6
par-creature,,NHUNTC,,169,266,59f3e8bd6f61fbc9
par-creature,,NIEMAI,,169,266,29ad59b700cec1f9
par-creature,,NIKLOS,,169,266,d2d4d393293264da
par-creature,,NIKOLA,Nikolaï,169,266,c61d40c17a0827a7
par-creature,,NILA,,169,266,610168cc821440eb
par-creature,,NIMBUL,,169,266,6ae75ad2791d3375
par-creature,,NIMFUR,,169,266,113f1aea94815dc8
par-creature,,NIVEK,,169,266,b5d994305e24534d
par-creature,,NOBL10,,169,266,c7afaa22eb3c41d7
par-creature,,NOBLEM3,Seigneur Ophal,169,266,3de4e30a3daab3d3
par-creature,,NOBLEW3,Dame Ophal,169,266,40e3fdb0a6e1894f
par-creature,,NOBW8,,169,266,1c85a98bc130199a
par-creature,,NOOBER,,169,266,96a86e31627b4817
par-creature,,NORALE,,169,266,29c18f98c7f1ac0d
par-creature,,NORTUA,,169,266,5b65e8e46053dca7
par-creature,,NWNMALE,,169,266,cadca3cbe6db3487
par-creature,,nymnym01,,169,266,30ea14d15be4a33b
par-creature,,OAERIE,,169,266,1a10a6cf265e3cb5
par-creature,,OBE,,169,266,751c36d4c633ff5f
par-creature,,OBERAN,,169,266,da5746037e7e5c77
par-creature,,OBSHAL01,Entu,169,266,17a14222be54888e
par-creature,,OBSHAL03,Necre,169,266,61b9ab7d7a93e212
par-creature,,OBSSOL01,Reyna,169,266,db29d0ce3b59f93c
par-creature,,OBSSOL02,Onvo,169,266,31c81bc113d39c6a
par-creature,,OBSSOL03,Ancan,169,266,3a775c82bd4bd0dc
par-creature,,OCELLI,,169,266,bdb4c1caebc6aaca
par-creature,,OHBARZOL,Arzol,169,266,9ad83fdf16bf6878
par-creature,,OHBBANN2,Bannor,169,266,380b0d5c7495e4b7
par-creature,,OHBBANNO,Bannor,169,266,0bdeeac7b9c2d7c3
par-creature,,OHBBERYL,Beryl,169,266,fff6fc061aff6e41
par-creature,,OHBBRANS,Branson,169,266,a857a198d8e575e6
par-creature,,OHBBRODL,Brodle,169,266,e512d0fe6a99a7ca
par-creature,,OHBCOOK,Le Chef,169,266,1bfbc2dd70572a92
par-creature,,OHBCUREL,Curell de Tempus,169,266,a8672624e3263a63
par-creature,,OHBDULF,Dulf Ténébarbe,169,266,19f1e5c51396f579
par-creature,,OHBELLRA,Frère Ellraish,169,266,bbb5d2bd8ffa1e67
par-creature,,OHBFAN03,Éventail,169,266,f42e6b8df4b98ba3
par-creature,,OHBFAN04,Éventail,169,266,21231fb0458d328d
par-creature,,OHBFELDR,Feldrak Feldrak'i,169,266,2505852e742b7101
par-creature,,OHBGERRO,Gerrold Sombr'homme,169,266,f971927294d12eeb
par-creature,,OHBGEZZT,Gezzthemin,169,266,8c5a0332a43dd669
par-creature,,OHBHORFF,Hort Il-D'rth,169,266,0502c55c656da90d
par-creature,,OHBHUEGR,Hue Vert'Feuille,169,266,04959e871c715884
par-creature,,OHBIMIM,Marchand d'objets magiques,169,266,5d2dbd215b9f1025
par-creature,,OHBJOKER,Baladine,169,266,3dedb0c4ab788a6d
par-creature,,OHBJOKMY,Baladine,169,266,fd7c557974ea0c23
par-creature,,OHBLAMP1,,169,266,1b16ce134afdd6b3
par-creature,,OHBLARIS,Laris de Garagos,169,266,7ef437e4eeaad964
par-creature,,OHBLEA,Lea Gosh'Aar,169,266,7fad0a449da16469
par-creature,,OHBLEOKA,Leokas,169,266,a5e136c1efac0fc8
par-creature,,OHBLNGNS,Hautain du salon,169,266,b81c88904ae922b6
par-creature,,OHBMARDU,Marduuk,169,266,26720af2171fe59a
par-creature,,OHBMERCY,Mercy Blanche-Colombe,169,266,a4e0dd6e53864785
par-creature,,OHBMOLZA,Molzahn de Tymora,169,266,40b02e75eca7bd32
par-creature,,OHBMORT,Mort le Magicien,169,266,984e6e94c442f440
par-creature,,OHBNOSHU,Hautain,169,266,75524110d712e4fc
par-creature,,OHBPOL,Pol Pyrrus,169,266,671c4c3a00f8ddc4
par-creature,,OHBSDWM,Marchand d'armes,169,266,f824436bbc485a69
par-creature,,OHBSHORT,Bref-Ordre,169,266,bc1fb629fcdad6cc
par-creature,,OHBSTIRV,Stirv le dompteur de créatures,169,266,8fbd88e2fcad6de7
par-creature,,OHBSYMM,Symm Haximus,169,266,763558f62606b550
par-creature,,OHBTARTL,Tartle,169,266,b6786c0b835df660
par-creature,,OHBTHASS,Thassk Kun,169,266,a66b6ef786ce16c1
par-creature,,OHBTIMMO,Timmoth Beaubois,169,266,9597f48ed18503d5
par-creature,,OHBWING,L'Ailée,169,266,e1793050201f5fb4
par-creature,,OHDAZOT,,169,266,ccbc7f14d8c6029d
par-creature,,OHDAZOTH,Azothet,169,266,d1da98ce3a412df5
par-creature,,OHDBALD,Baldwin,169,266,0d53ff9ffefb19b9
par-creature,,OHDBBRO,Frère de la mariée,169,266,3dbdb9ac191b90b1
par-creature,,OHDBFATH,Père de la mariée,169,266,08e9799b906350b5
par-creature,,OHDBOLL,Bollard Mâchefeu,169,266,7f61afc5f8fc27d3
par-creature,,OHDBRIDE,Mariée,169,266,c0d9177c4bd95cad
par-creature,,OHDCOLIN,Colin,169,266,8c047a76da22b00e
par-creature,,OHDDDOLR,Dolrassa,169,266,bf95c4f88a03d1e0
par-creature,,OHDDIXTH,Ixthezzys,169,266,d944ee62afef81ad
par-creature,,OHDDOOR1,Portier,169,266,e33a1a1561e79792
par-creature,,OHDHAM01,Wagner,169,266,f4af452c87d9c5c2
par-creature,,OHDHAM02,Gros Mordim,169,266,14f9bad0e34ac6c1
par-creature,,OHDHAM03,Simon,169,266,8efbb62aaa20225e
par-creature,,OHDHAMMS,Garfunkle,169,266,6561fad9fcc9f9a7
par-creature,,OHDHOKK,Hokkney de Tyr,169,266,b2a9398ed925f9ae
par-creature,,OHDNAIMA,Naiman Alore,169,266,486a66899e04c4ea
par-creature,,OHDPLANJ,Planétaire de Justice,169,266,43d37fd57943591b
par-creature,,OHDRDEF,Prêtre de Tyr,169,266,df2379c5b65b835c
par-creature,,OHDRIKKO,Rikkon,169,266,9987826f6be19ce6
par-creature,,OHDSCROL,Parchemin de la Rétribution,169,266,856b7dcd22c71120
par-creature,,OHDSUMM,Estive,169,266,e78a8378a72a530e
par-creature,,OHDSWAZ,Azothet,169,266,114dcfa1b6b31aad
par-creature,,OHDTERP,Gardien Terpfen,169,266,5d61a233fdd5ccd0
par-creature,,OHDTMFIL,Fil le Magnifique,169,266,162c6245e9f2dd64
par-creature,,OHDTRAGG,Traggor le Marteau,169,266,89620c458ba4e8a1
par-creature,,OHDTREAD,Marchedoux,169,266,6462d5be897a2b42
par-creature,,OHDUGOTH,Ur-Gothoz,169,266,9b3787486b6e81ce
par-creature,,OHDVERN,Vernus,169,266,1b10b309ece9df0c
par-creature,,OHDWNTRB,Frivière,169,266,b28fec10de844f73
par-creature,,OHDXACH,Xachrimos,169,266,ba9699da161e5fcd
par-creature,,OHDYARR,Achilée,169,266,29a9972f48cbdaae
par-creature,,OHDZARA,Zara,169,266,88c03884bd532e04
par-creature,,OHHAUNT,Daxxii !,169,266,9686f8002713c52b
par-creature,,OHHAYESH,Rabi'ah,169,266,710b7435ddccd75d
par-creature,,OHHBURIC,Burich,169,266,89919a22434bb926
par-creature,,OHHCABRI,Cabrina,169,266,30996b2bce020066
par-creature,,OHHCULAK,Culak,169,266,0b97b43841ca3d4a
par-creature,,OHHDECOY,Liche,169,266,c4817cbc0ca899a2
par-creature,,OHHDRAGO,Dragomir le Rouge,169,266,fa5a2ee6894a1e99
par-creature,,OHHGHST1,Voleur,169,266,d7505c6d220cb323
par-creature,,OHHGHST2,Voleur,169,266,ebad7cea959dfc5f
par-creature,,OHHHAFIZ,Diya al-Hafiz,169,266,4ac6c2a885d669a9
par-creature,,OHHHAFSA,Bilqis,169,266,85102b6acabc6860
par-creature,,OHHIQBAL,Iqbal al-Din,169,266,af6aa88866260a64
par-creature,,OHHKENO,Keno,169,266,4b3feb1a1588112d
par-creature,,OHHKICHI,Ki Chin Sang,169,266,331b03b03f5f3e20
par-creature,,OHHKORK,Korkorran,169,266,6dee90dfb9d21c30
par-creature,,OHHMIRRI,Aminah,169,266,4d7fb11ac172e3b5
par-creature,,OHHPHREY,Phreya,169,266,57383b1c3a80d58f
par-creature,,OHHQAIS,Qais Ra'id,169,266,d7cb4c1e1ac02b04
par-creature,,OHHRAFFI,Raffiyah,169,266,c89555953abb2e65
par-creature,,OHHSARC,,169,266,87833fb672c59417
par-creature,,OHHSARC2,,169,266,c49807c0f52cb64b
par-creature,,OHHSPI01,Araignée,169,266,95aeb8e7ba38bb46
par-creature,,OHHSPI02,Araignée,169,266,5425676a80a050be
par-creature,,OHHSTONE,,169,266,79c7c5ef262a2a84
par-creature,,OHHUMOL,Umolex,169,266,87b9267f3ac87d2f
par-creature,,OHNAMANI,Amanis Khal,169,266,026854b3e9771bee
par-creature,,OHNAVRUM,Avrum,169,266,6d87187da6b0e760
par-creature,,OHNBARAD,Barad Ding,169,266,56a567a28b5250cd
par-creature,,OHNDAXUS,Daxus Taralom,169,266,4c15acd0eb25d59d
par-creature,,OHNDENNA,Dennaton,169,266,3a1ac48a1364220d
par-creature,,OHNETTIN,Ettin,169,266,64a0a087ea3af4ef
par-creature,,OHNFADEL,Fadell Œil-de-fer,169,266,c62fec39f06dc0d6
par-creature,,OHNGDUKE,Gul Dukeem,169,266,f3b9a7f13144cdb9
par-creature,,OHNGHALL,Ghallus,169,266,075c9cb7d9a667cf
par-creature,,OHNHAYES,Hayes,169,266,51e4ecab5bdbc572
par-creature,,OHNKING,« Roi » Gramm,169,266,bb78f89296c8ff21
par-creature,,OHNKIRIK,Kirik Khal,169,266,3b51d71eb30949d7
par-creature,,OHNKNOCK,Cognor Crépiton,169,266,d5892b1a2144b7cc
par-creature,,OHNLANNE,Lanneth,169,266,31bb4bd1de8cc7bc
par-creature,,OHNMERET,Mereth,169,266,6f6ee3d9031017d4
par-creature,,OHNMIRON,Mironda,169,266,fd0fde81cdb25ebc
par-creature,,OHNMOLZA,Molzahn de Tymora,169,266,b49291d9dfb575bd
par-creature,,OHNQUAID,Quaid,169,266,ae2e91bb36caf6e4
par-creature,,OHNREGI,Reginald,169,266,2fd3de5d56a5047f
par-creature,,OHNSCOLL,Collecteur étrange,169,266,adc25782b45c21eb
par-creature,,OHNSDWM,Marchand d'armes,169,266,9352836c45bb43ba
par-creature,,OHNSNAKE,Serpent loquace,169,266,0b699670e414740c
par-creature,,OHNSZASS,Szass Tam,169,266,a171bd0cefd3493e
par-creature,,OHNTELAN,Telana,169,266,acd6db50cafa45e1
par-creature,,OHNTHALL,Thallis,169,266,8fe2b239fbd03af6
par-creature,,OHNVICRO,Vicross,169,266,451b599b16b90f1b
par-creature,,OHNWMC13,Entropiste,169,266,044092aa1033edad
par-creature,,OHRAKUDA,Akuda le contremaître,169,266,dbe252fb4e8aff5a
par-creature,,OHRALDUN,Aldun Forgesort,169,266,b3dc22aa095d5273
par-creature,,OHRALOR,Alorgoth,169,266,edfe3a22925cc89a
par-creature,,OHRBLYNN,Hérétique Blynnyk,169,266,0d91e7962d30a7ae
par-creature,,OHRBRAIT,Braitenbach,169,266,1bbf0ca1a5b5434f
par-creature,,OHRCLESS,Cless Œil-de-fer,169,266,b0f074ace98844e7
par-creature,,OHRCLOAK,Personnage encapuchonné,169,266,1cef87608c1e997b
par-creature,,OHRCOLLU,Collus Darathon,169,266,4932868e608184ab
par-creature,,OHRCONF,Confesseur,169,266,b7f0e7a6d462a2b4
par-creature,,OHRCOREN,Hérétique Coren,169,266,cf6a8dbcd1911d99
par-creature,,OHRCUDDY,Cuddy Creusefond,169,266,9e0c558ad7136546
par-creature,,OHRDAD,Faheed,169,266,e9de5d03b41ac482
par-creature,,OHRDALTN,Dalton,169,266,260ca8b5e3c763e3
par-creature,,OHRDANYS,Danys Dixdents,169,266,a9f54956ce92a1a4
par-creature,,OHRDWS01,Courbehache Briserival,169,266,e71d9a6d31a8fecc
par-creature,,OHRDWS04,Halnur Tranchelong,169,266,1c627e4226f9dd9b
par-creature,,OHRFIDDI,Fiddich,169,266,ad7183542e029d83
par-creature,,OHRFILLI,Fillis,169,266,d7e43a8306fde226
par-creature,,OHRGELD,Geld Vivelame,169,266,c7d8b978f1df2e10
par-creature,,OHRGHELL,Ghell Rando,169,266,2051c8216c946afa
par-creature,,OHRHALDO,Haldorr Rocheprofonde,169,266,9a180a486cb406ef
par-creature,,OHRHDEEP,Haralt Rocheprofonde,169,266,1c673995051a221b
par-creature,,OHRHERAT,Herath,169,266,efc3bd75148b19aa
par-creature,,OHRHHELM,Martheaume,169,266,1991e6567c094357
par-creature,,OHRHMFEN,Fenuku,169,266,bbcb4ab743e07645
par-creature,,OHRHMKEL,Kelner,169,266,2a35be464675f153
par-creature,,OHRHOJAR,Hojar Tranchebotte,169,266,913f5ee459508ae9
par-creature,,OHRHORVA,Moine de la Conscience Solaire Horvat,169,266,96e1c7d11f0ed5af
par-creature,,OHRJADEN,Jaden,169,266,0dc210eaa81590d9
par-creature,,OHRJASSA,Jassar,169,266,13029ba69bf483f6
par-creature,,OHRJOLST,Jolstead,169,266,7dffd613c38e0d2d
par-creature,,OHRKILLI,Killis,169,266,5a9376118d0beafd
par-creature,,OHRLEMP,Lemp Âtrefroid,169,266,747242c396a62c8f
par-creature,,OHRLEMZE,Lemzenn,169,266,e0d89aeb2f2bcec0
par-creature,,OHRMEEMS,Meems Creusefond,169,266,1dbc2a4303b9478e
par-creature,,OHRMOCOM,Maître d'armes,169,266,cf5c89b7e8b45742
par-creature,,OHRMURUN,Inquisiteur Murundhi,169,266,b0f8245a191383f3
par-creature,,OHROAZMA,Azmadi le contremaître,169,266,514bd5b7f65fdde1
par-creature,,OHROVIDI,Ovidiu le garde sharran,169,266,adc8f8469949d8d6
par-creature,,OHROVS9,Contremaître sharran,169,266,4c29cbfa529be5f8
par-creature,,OHRPHYLL,Phyllidus,169,266,ded0e0e85bae69f7
par-creature,,OHRROLF,Rolf Vivenclume,169,266,61401acc818b6e9a
par-creature,,OHRSAHAN,Sahana,169,266,4295864737697da2
par-creature,,OHRSEPHO,Sephos,169,266,9d7b3f337f9a2ce7
par-creature,,OHRSHAD2,Créature de l'ombre,169,266,eef80c9dc91eaa6f
par-creature,,OHRSHANI,Shani,169,266,94d2b53ac0bfca1b
par-creature,,OHRSLARA,Moniale de la Conscience Solaire Lara,169,266,722d8823bafe3712
par-creature,,OHRSSCAR,Sixbalafres,169,266,a908bbb027db3136
par-creature,,OHRTADDA,Taddaus,169,266,8a2ae5118b1e5592
par-creature,,OHRTALLU,Tallus,169,266,9070c49a97f187df
par-creature,,OHRTHEYE,Theyeredahl,169,266,feb788dd4a262418
par-creature,,OHRTORCA,Torcadahl,169,266,2f581c8336010071
par-creature,,OHRTREYA,Treya,169,266,7bca4a8798eb24ac
par-creature,,OHRTRUTH,La Vérité,169,266,9c0576259d55b881
par-creature,,OHRYXTRA,Yxtrazzal,169,266,19f96d45f931fd5f
par-creature,,OISIG,Sentinelle suprême Oisig,169,266,0a0116f992f9822a
par-creature,,OLDJED01,,169,266,c71bfe1a577f6191
par-creature,,OLIVIA,,169,266,94bc15eb19601f50
par-creature,,OOGIEW,,169,266,00e3147b92b4555f
par-creature,,ORDULI,,169,266,3906a499e4fd2cf9
par-creature,,ORIANA,Oriana,169,266,1b1fa907f6a635ec
par-creature,,ORRICK,,169,266,64bcf22547433582
par-creature,,OSMADI,,169,266,65753d6f33c70823
par-creature,,OUBLEK,,169,266,9d569a2dde43f721
par-creature,,PACE,Pace,169,266,4ddbe0105a138a52
par-creature,,PALA,Pala Fentan,169,266,d50c26ab796b63b0
par-creature,,PALERN,Palern Flynn,169,266,cecee7e401451639
par-creature,,PALIN,,169,266,9494a29168f528b0
par-creature,,PALLON,,169,266,d08e9e752359f57d
par-creature,,PANGWA,,169,266,57cc1410803cb289
par-creature,,PARDA,,169,266,2b3d51a229c5944d
par-creature,,PBHUNT01,Aawill,169,266,f2fc6fd281c7802a
par-creature,,PBSPIRIT,,169,266,3dd5404aaf64a53b
par-creature,,PEHLLUS,Pehllus Tanislove,169,266,ebfdb777d7cafc30
par-creature,,PELANNA,Pelanna,169,266,0ab6696a803539e0
par-creature,,PEONY,Peony,169,266,30453418384e88f1
par-creature,,PERDUE,,169,266,febf4a3bdc7c7e7b
par-creature,,PERMID,,169,266,4c608148e2e238d1
par-creature,,PETRIN,,169,266,8fa117587a712393
par-creature,,PGOND,,169,266,8347230cc023f2b2
par-creature,,PHAERE,,169,266,2c101f2933ca54bf
par-creature,,PHAERS,,169,266,d842ae5ace820f7f
par-creature,,PHANDA,,169,266,557c9672f963fa0b
par-creature,,PHEIRK,,169,266,e3ce2a90939f2bb9
par-creature,,PHEOARCH,,169,266,fd29d458bc1674e4
par-creature,,PHEOGURD,,169,266,425f57951a1322a9
par-creature,,PHLYDI,Phlydia,169,266,173fc43dfad23dc7
par-creature,,PIATO,,169,266,098c08bd85975b76
par-creature,,PIQUE,,169,266,e653d1e1ae2449ca
par-creature,,PIRBOB01,Capitaine Bob Holmes,169,266,22e351737c61ebf9
par-creature,,PIRCOR02,Ginia,169,266,4d3b547286595dc1
par-creature,,PIRCOR03,Courtisane,169,266,d100788563be002e
par-creature,,PIRCOR05,Éllie,169,266,54ad4b59aa8088d7
par-creature,,PIREXE01,Bourreau,169,266,bec520e02fb80cd0
par-creature,,PIRKID01,Ason,169,266,138c114fb4aa8314
par-creature,,PIRMUR01,Galvena,169,266,84b458006c6fa5fe
par-creature,,PIRMUR03,Avant,169,266,22e721f61c62716e
par-creature,,PIRMUR07,Vadek,169,266,5f3571e2109116f2
par-creature,,PIRMUR09,Golin,169,266,325dbe1e7d8c609d
par-creature,,PIRMUR10,Claire,169,266,66dfcb8c4fb2349d
par-creature,,PIRPIR05,Chremy,169,266,5d34a8afc25f5d2a
par-creature,,PIRPIR07,Bill le pirate,169,266,cb0177a651781e9a
par-creature,,PIRPIR08,Dan le pirate,169,266,6d3f38a5ed97cbd7
par-creature,,PIRPIR09,Jimmy le pirate,169,266,dbd05c4c16caf2e0
par-creature,,PIRPIR10,Scotty le pirate,169,266,417a6d29e1173e30
par-creature,,PIRPIR11,Paul le pirate,169,266,d5aca200f6a4a579
par-creature,,PIRPIR12,Newf le pirate,169,266,12e5e0d36cb196cc
par-creature,,PIRPRV01,Corsaire,169,266,16626b58978d315f
par-creature,,PIRSEA01,Capitaine pirate,169,266,04cb92b5f14ee41b
par-creature,,PLFARM01,Lette,169,266,a91dce19ba3804f7
par-creature,,PLFARM02,Lanka,169,266,14ffa783373218af
par-creature,,PLFARM03,Petr,169,266,198b252114bedbe2
par-creature,,PLFARM04,Brunson,169,266,57883ce5d135b9e0
par-creature,,PLFARM05,Pardo,169,266,ab969bedb297778d
par-creature,,PLFARM06,Moreno,169,266,a409e764562774c4
par-creature,,PLGIRL01,Tyrianna,169,266,307bc7b1995c1bcd
par-creature,,PLMETR01,Baron Metrich,169,266,27e89bf50d63996f
par-creature,,PLMETW01,Sorcier Amin,169,266,dc349bc452010980
par-creature,,PMASTER,Maître des esclaves,169,266,a0340a2c194dd601
par-creature,,POE,,169,266,efbe09fcf715799d
par-creature,,POGHM9,Prêtre d'Oghma,169,266,71f448b1df0c4e70
par-creature,,POQUELIN,,169,266,1b4aee313d0027c6
par-creature,,PORTAL,,169,266,f0d6c14ee71c5049
par-creature,,PPALT,Autel,169,266,c3fd7d8b458a3996
par-creature,,PPCOWLED,Perth l'adepte,169,266,65f55d6928f28a59
par-creature,,PPDUEL1,Andante,169,266,997a8ca3b14bf495
par-creature,,PPDUEL2,Dirbish le Noir,169,266,681801b378b6be16
par-creature,,PPDUELC,Coordinateur du duel,169,266,5ebe7fb5e33face5
par-creature,,PPGIRL,Cayia,169,266,e59d17a02b95516d
par-creature,,PPJOYE,Dace Sontan,169,266,35ad12095274dc36
par-creature,,PPJOYE2,Apparition de Dace,169,266,b6db4fb404211c57
par-creature,,PPLDR01,Chef pirate,169,266,093442d6796493ab
par-creature,,PPLOVE,Algor,169,266,afaf4bee81590181
par-creature,,PPSAILOR,Marin,169,266,0c3b60d26cf9eba9
par-creature,,PPSANIK,Sanik,169,266,f49bb57240df29c2
par-creature,,PPSIME,Sime,169,266,306a6c2c20a1119c
par-creature,,PPSTAT01,Statue des énigmes,169,266,2b0b2bcfab1e3731
par-creature,,PPWORKER,Lonk le sensé,169,266,07cff573be652433
par-creature,,PRAT,,169,266,a565f40fa0ee2e74
par-creature,,PRELATE,Prélat Wessalen,169,266,371d80f50d901f91
par-creature,,PRIDE,,169,266,df8855864447efb5
par-creature,,PRISM,,169,266,a04abea85036e8a7
par-creature,,PRISONK1,Gardien de prison,169,266,223748605f0af467
par-creature,,PRISS,Priss,169,266,92a2abca50d02cff
par-creature,,PROPHET1,Prophète,169,266,18ca6215191c6c45
par-creature,,PTAGGET,Tagget,169,266,ce6ae672cfffaa2f
par-creature,,PTHRAL01,Chef des esclaves,169,266,dddb1f5bbaa251d3
par-creature,,PTHRAL04,Esclave,169,266,8f7c50bb3cce5e84
par-creature,,PWARDEN,Intendant,169,266,4cc988bf08ac7816
par-creature,,PWAUK1,Compteur Caravis,169,266,0c99ec00b38b2e5e
par-creature,,PWAUK2,Haletlatess Jillian,169,266,a0835ba70c36e0e6
par-creature,,PWYVV01,Wiverne,169,266,b21b74d136be5010
par-creature,,QUALLO,,169,266,085a6dd6f571efb9
par-creature,,QUAYLE,Quayle,169,266,6eacce61626dd7d3
par-creature,,QUAYLEM,Quayle,169,266,626233bbcd8fd844
par-creature,,QUENAS,,169,266,4c66731763383c1f
par-creature,,QUINT,Quint Roenal,169,266,e70ff51c7356f65e
par-creature,,RAELIS,Raelis Shai,169,266,f2887a5c7bba5543
par-creature,,RAEMON,,169,266,a00fa43cab1615d6
par-creature,,RAGEFA,,169,266,fa8303f049567415
par-creature,,RAHVIN,,169,266,12b0444a313936fa
par-creature,,RAIKEN,,169,266,8be2adb0e9325008
par-creature,,RAKSHASA,,169,266,0a59c5142b577703
par-creature,,RALEO,,169,266,8ace54fe1342f41e
par-creature,,RAMAZI,,169,266,50d9e9160b73c150
par-creature,,RANCE,,169,266,8fbab2b4d03a0777
par-creature,,RASHAD,,169,266,ccbb83db11e0f20d
par-creature,,RAWLEIGH,,169,266,ae98d12346f3f32b
par-creature,,RECKON,Duergar,169,266,75dd540a6d265dde
par-creature,,REDEDG,,169,266,090c34c357974698
par-creature,,REEDLE,Reedle,169,266,0decf4be14eb95e0
par-creature,,REEVOR,Reevor,169,266,e8f9fa83a7beac14
par-creature,,REGINA,,169,266,74c59a75d15cbc99
par-creature,,REGIS,Regis,169,266,e5bed42cca08f2e4
par-creature,,REJIEK,,169,266,1326c882620a434c
par-creature,,RENAL,Renal Scalpesang,169,266,8228b7ac3e544570
par-creature,,RENFELD,Renfeld,169,266,4438607700e117cd
par-creature,,RERAK01,Vadrouilleur,169,266,48740793f89fc48b
par-creature,,RERAK04,Vadrouilleur,169,266,a36b00d748968e8e
par-creature,,RESAR,,169,266,e402f62cd91c55c6
par-creature,,RESUNA,Suna Seni,169,266,73a2db01e9cecc4d
par-creature,,RETI,Reti,169,266,ba59ab5276bcc0a3
par-creature,,REVENT,,169,266,adb8fb1c54366cb5
par-creature,,RIBALD,Ribald,169,266,819692d878d3f0f6
par-creature,,RIELEV,Rielev,169,266,4419a7173c499b36
par-creature,,RIELTA,,169,266,a9448af4e0e180ff
par-creature,,RIFTCR04,Manifestation empathique,169,266,512502e20c95b1da
par-creature,,RIFTG01,Gardien,169,266,5ff97c6d97629e92
par-creature,,RIFTG03,Avatar,169,266,641851026b2913fd
par-creature,,RIFTM01,Malade,169,266,251cbd7096534516
par-creature,,RIFTM02,Malade,169,266,e3adf1f9f8f7dbe6
par-creature,,RIFTW01,Malade,169,266,e7f0c791fc38563f
par-creature,,RIGEN01,Seigneur Igen Tombelthen,169,266,f540cc54ed48c1d2
par-creature,,RIGEN02,Tamorlin,169,266,b6e867b4f6b66fcd
par-creature,,RIGGILO,,169,266,e42d319acee9eea7
par-creature,,RILLPUZZ,,169,266,8e258a621def87a8
par-creature,,RINNIE,,169,266,bd32fe02cc30b4ba
par-creature,,RNGSHA01,Ombre,169,266,1b37a405abee6320
par-creature,,RNGSHA02,Ombre de Patrick,169,266,c40ab4e9d8b84bd6
par-creature,,RNGSHA04,Geôlier de l'ombre,169,266,a3a987dffecf5ee2
par-creature,,ROCK,Rocher,169,266,e5402f608b36c33a
par-creature,,RODNIM,,169,266,5e33f1710d60058e
par-creature,,ROGER,Roger l'escrimeur,169,266,f63f836ee54e23f7
par-creature,,ROGER_,,169,266,11f96345b769e2c1
par-creature,,RSBASSAN,,169,266,a0405dc3ac62c245
par-creature,,RSGAMAZ,,169,266,c07ee8d4941cd7d3
par-creature,,RSJASPER,,169,266,b2a124a92a74a6c4
par-creature,,RSPIRIT1,Mairyn,169,266,c0ebbef312414563
par-creature,,RSSORREM,,169,266,3d29ff9c83c4bad0
par-creature,,RUFFIAN,Amalas,169,266,0c44614861f5f8e9
par-creature,,RUFFIE,,169,266,0151b0c619629eec
par-creature,,RUMAR,Rumar,169,266,5fe07018067a01f0
par-creature,,RUMAR01,Umar,169,266,ceaf36df47f336b3
par-creature,,RYAN,Sire Paritin,169,266,c5d482a327ebdeee
par-creature,,RYLOCK,Rylock,169,266,8789f961c81d6f53
par-creature,,SAABLIC1,,169,266,5af8d9bd32c504e3
par-creature,,SAEMON,,169,266,563617c4c296d36e
par-creature,,SAERK,Saerk Farrahd,169,266,986899533c637d45
par-creature,,SAFANA,,169,266,1cfa21da262147f7
par-creature,,SAHBAR03,Baron Thelokassyil,169,266,08facfb5b178b2ef
par-creature,,SAHCAPT0,Capitaine Alyittyl,169,266,4f2143f99860b75e
par-creature,,SAHCHF02,Chef sahuagin,169,266,1aca21b30ac4cabe
par-creature,,SAHCPT02,Capitaine Feerlattiys,169,266,4994121d35d8f44b
par-creature,,SAHPR1,Grande prêtresse royale Senityili,169,266,36ad963ae1c475b5
par-creature,,SAHPR2,Prince Villynaty,169,266,fb877bb947499b20
par-creature,,SAHPR3,Grande prêtresse Tlyysixxous,169,266,635773414a1abb16
par-creature,,SAHPR4,Prêtresse supérieure Sallinithyl,169,266,f896b215593b480c
par-creature,,SAHPRI01,Prince sahuagin,169,266,85fb9a05c49c92d7
par-creature,,SAHZOM01,Seigneur zombie des mers,169,266,e3174298f8c4fb1a
par-creature,,SAILAL,,169,266,ef966465343ac817
par-creature,,SAILDAN,,169,266,ec0223265f2ff48d
par-creature,,SAILJOS,,169,266,e6492f6f69ef973d
par-creature,,SAILNED,,169,266,e304e82072ccd3f8
par-creature,,SAILNEW,,169,266,0e0e64b7716a5e38
par-creature,,SALAMANR,,169,266,630f1ec5131920a7
par-creature,,SALVANAS,Salvanas,169,266,957bb81c51f885bc
par-creature,,SAMANT,,169,266,9c935f3327ba6c4b
par-creature,,SAMIA,Samia,169,266,a924e86e1607b8ef
par-creature,,SAMUEL,,169,266,0736207dba322e04
par-creature,,SANADAL,,169,266,4136747b5218a37c
par-creature,,SARBAR01,Pyrgam Bièritage,169,266,f6137497e50a6a63
par-creature,,SARBHA01,Alexander Ralisar,169,266,b13d2ee313bcd447
par-creature,,SARBHA02,Oris Fourbedoigts,169,266,62e333744e46ac31
par-creature,,SARBHA03,Asmay Jahag,169,266,7b60b887924bcd49
par-creature,,SARCNT01,Mirnielle Santele,169,266,d7229933d04e50c3
par-creature,,SARCPT01,Capitaine Samand,169,266,238416265e198f63
par-creature,,SAREV1,,169,266,921a25b7b566db23
par-creature,,SAREVO,,169,266,72b57184cb1a7206
par-creature,,SARHED,,169,266,e458870f405b7bdf
par-creature,,SARJAI01,Geôlier de Saradush,169,266,49bf7453bc987856
par-creature,,SARKIS01,Kiser Jhaeri,169,266,aa9084f08725a2c9
par-creature,,SARMAG01,Errard,169,266,5a23a951970b71c9
par-creature,,SARMAT01,Mateo,169,266,66d264e03e28c1df
par-creature,,SARMIST,Maîtresse du Froid,169,266,ab5b617f306dd867
par-creature,,SARPEL01,Peltje,169,266,ad99c84323e3bd8b
par-creature,,SARPRIS2,Vinke,169,266,228045cb7703ddf3
par-creature,,SARPROVM,Courtisane,169,266,1f2242ce5f976337
par-creature,,SARSON01,Ardic Santele,169,266,52f6d29a8cef369a
par-creature,,SARTEM01,Sœur Farielle,169,266,7500fcb25499622d
par-creature,,SARTHF01,Hectan,169,266,e96aaed9caa59cb0
par-creature,,SARTHF02,Squip,169,266,f955e94755046eac
par-creature,,SARVAM01,Phlydian,169,266,26bf3f390a61d5a1
par-creature,,SARWAI01,Serveuse,169,266,8f6421d887d9b704
par-creature,,SASSAR,Sassar,169,266,ca9c11b2d4a78bd9
par-creature,,SATOS,,169,266,a853f22a28e888c9
par-creature,,SBUTLER,Roturier,169,266,c6961d9f7444d699
par-creature,,SBWENCH,Gracie,169,266,549c9141fb30786d
par-creature,,SCAR,,169,266,fa06fc2b14992d9d
par-creature,,SCBUTLER,Maître d'hôtel,169,266,e1f7cede0e5ac4a2
par-creature,,SCDUR,Kalher Sombremont,169,266,4499552466c422d5
par-creature,,SCHLUM,"Schlumpsha, roi des Égouts",169,266,1f72c32df92828c3
par-creature,,SCJERLIA,Jerlia le marchand de minerai,169,266,49b30f359b497e9a
par-creature,,SCLJYSS,Dame Jysstev,169,266,a8a16ca0a8fddd73
par-creature,,SCOOK,Cuistot,169,266,e90ad49366bd60f3
par-creature,,SCQAR,Qar Jysstev,169,266,e8b078ea73f5c3a9
par-creature,,SCROLL01,Dame Yuth,169,266,c1de07292fec9df5
par-creature,,SCSAIN,Aubemestre Sain,169,266,7de1b0297de1edd4
par-creature,,SCSARLES,Sire Sarles,169,266,4d6e6d356a051d7e
par-creature,,SCTELWYN,Gardien Telwyn,169,266,89f94e5c0f88afc6
par-creature,,SCYARRYL,Talon Yarril,169,266,6d5c06489d6baaaf
par-creature,,seerseer,,169,266,ade026f87224df1a
par-creature,,SENDAI_,,169,266,122b0d268028cbaa
par-creature,,SENGUA03,Capitaine Egeissag,169,266,9d43889f9bb9043f
par-creature,,SENIYA,,169,266,36661a352dcb19ec
par-creature,,SENJACK,,169,266,fae070263d939fa6
par-creature,,SENKEN01,Thelynn'ss,169,266,ec2c298132dd52a8
par-creature,,SENMONK,Maître Bennon,169,266,b1912d687b730e8f
par-creature,,SENPRI01,Diaytha,169,266,3ebfe26bee061794
par-creature,,SETHLE,Sethle,169,266,4370172bb3bbab70
par-creature,,SEVBAR01,Patricia,169,266,c3c3ff81144a3012
par-creature,,SEVDRU01,Alatelo De Bonito,169,266,3632da6990e84b75
par-creature,,SEVPAT01,Mencar Brisecaillou,169,266,876f762f2ac5a6e3
par-creature,,SEVPAT02,Amon de la Confrérie Pourpre,169,266,25e693109a7d35d3
par-creature,,SEVPAT03,Pooky,169,266,e9100d3f75655330
par-creature,,SEVPAT04,Smaeluv Tranche-orques,169,266,d5e2555ae642f7ac
par-creature,,SEVPAT05,Brennan Risling,169,266,1151bd809005c51b
par-creature,,SEWERF1,,169,266,1c5801d8166aa7e6
par-creature,,SEWERF3,,169,266,33ba5092e55c49aa
par-creature,,SEWERF5,,169,266,d350ee8145277765
par-creature,,SEWSW,Bassin luisant,169,266,4bd656c155a269c5
par-creature,,SHAAVA01,Statue,169,266,a3028e107c32e3bb
par-creature,,SHADELD,Seigneur des ombres,169,266,b3d686a57c902e75
par-creature,,SHADRA01,Thaxll'ssillyia,169,266,7796486b7e4e9ce7
par-creature,,SHAELL,,169,266,672e9d07eff370f3
par-creature,,SHAGRL01,Amuana,169,266,7c9832dd6883bb1b
par-creature,,SHALAS,,169,266,e5b514e35d8ad513
par-creature,,SHANDAL2,,169,266,da563156619d86ef
par-creature,,SHANK,Shank,169,266,b1c5ea4ffad7fade
par-creature,,SHAPEA,,169,266,dadee10df4565e12
par-creature,,SHEEMISH,,169,266,bd8eb27c0e209779
par-creature,,SHELLI,,169,266,0a2f8ae08e7ac280
par-creature,,SHELTO,,169,266,9de3746a6a71905d
par-creature,,SHEP,,169,266,b90069a578adeece
par-creature,,SHIKATA1,,169,266,58f007442282c749
par-creature,,SHILOC,,169,266,b6df18b509ea45fc
par-creature,,SHISTA,,169,266,e6721bd0f0608e2e
par-creature,,SHOAL,,169,266,4178dc1d88542dff
par-creature,,SHOP01,Mira,169,266,6b07007f35feeb57
par-creature,,SHOP02,Arnolinus,169,266,56ff9081a028fdbb
par-creature,,SHOP03,Maheer,169,266,0be93e50c952341f
par-creature,,SHOP04,Enge,169,266,c7b04ffe43398a60
par-creature,,SHOP05,Perter,169,266,2a67c6e592afae72
par-creature,,SHOP2,Vendeurs,169,266,faefba86dcd7dd22
par-creature,,SHOP8,Galoomp le comptable,169,266,f089ff09d765fca2
par-creature,,SHTH01,Hanz,169,266,1cbbeae7dcbec682
par-creature,,SHTH02,Goshan,169,266,d203ce1025ce9f48
par-creature,,SHTH03,Kretor,169,266,209813509f0e808e
par-creature,,SHTH04,Morsa,169,266,3b4171c97f1387b7
par-creature,,SHTH05,Joster,169,266,fa013c7b980c9de4
par-creature,,SHTH06,Varia,169,266,793517aeee79ddeb
par-creature,,SHTHASS1,Ama,169,266,cf7dd5d633c373c0
par-creature,,SHTHDR01,Brannel,169,266,638a0c8d45b74cb7
par-creature,,SHTHLT01,Jariel,169,266,5f75bee1f6ff2c3f
par-creature,,SHTHLT02,Lathan,169,266,b133302d1fb6cad7
par-creature,,SHTHOFF1,Sire Greshal,169,266,5be7ec16ab26ca07
par-creature,,SHTHSTOR,Rattell,169,266,ed239cb8bcfabf55
par-creature,,SHUGAR01,Sœur Garlena,169,266,d2ca2e64cdd0355d
par-creature,,SHUGOD01,Odren,169,266,9f76cc7488c0c1ad
par-creature,,SHUPOL01,Frère Pol,169,266,2521711b7ca11772
par-creature,,SHVERT,,169,266,ba7a63eb02529256
par-creature,,SIL,,169,266,b01d3ef2d4957e0a
par-creature,,SILENC,,169,266,a793c092037e66ff
par-creature,,SILKE,,169,266,b9d9cf11e2e297e9
par-creature,,SIMMEON,,169,266,eada1c94c2128c72
par-creature,,SIRLOT,,169,266,cb5ccd183fc13475
par-creature,,SKALDAR1,,169,266,35bedfc8fd55d669
par-creature,,SLAVLEAD,,169,266,b2d4392146270e39
par-creature,,SLBOY,Garçon esclave,169,266,4f74b72ccf93ed9e
par-creature,,SLGIRL,Fille esclave,169,266,66c793bfafb4368c
par-creature,,SLYTHE,,169,266,51eb978b3f30efc0
par-creature,,SMITH,,169,266,d51bede99f90a857
par-creature,,SOLAF,,169,266,140eabab38f3397e
par-creature,,SOLIA1,,169,266,0f59e91752bba3b8
par-creature,,SONNER,,169,266,fdd873f206dff170
par-creature,,SORREL,,169,266,7264bedb5ff2aec4
par-creature,,SPBENE,Bene,169,266,812f02ff5eea598a
par-creature,,SPENGIL,,169,266,f12ad155395a6f1f
par-creature,,SPHURG,Hurg,169,266,2c2d36907a2186e8
par-creature,,SPJEAG,Jeagger,169,266,0a3b5762f349f0c3
par-creature,,SPPAIN,Pai'Na,169,266,f034c89f091a7778
par-creature,,SPPHIL,Philbert,169,266,ece0ac784ae0bda3
par-creature,,SPRAT,,169,266,15f8401beeff37c5
par-creature,,SPSAMAR,Samar,169,266,3dfc0047822828d6
par-creature,,SPTREDD,Treddin,169,266,473acc34c871e503
par-creature,,STEIN,Stein,169,266,6ed71394f775bfa3
par-creature,,STEPHA,,169,266,dfa0e4d372dcbdbf
par-creature,,STONEG,,169,266,1e9915212ea322e5
par-creature,,SUAVATAR,Avatar de Rillifane,169,266,e9fa991d5f642a9b
par-creature,,SUDEMIN,Grande prêtresse Demin,169,266,33bc6b64a035391b
par-creature,,SUELF10,Reirra,169,266,e939d7efbfe75bba
par-creature,,SUELF11,Elfe blessé,169,266,a68dc409bc31da12
par-creature,,SUELF12,Capitaine Aduo'on,169,266,9ad13a0f97b6d9fb
par-creature,,SUELF3,Guerrier elfe,169,266,75d0aa6bd710a161
par-creature,,SUELF4,Fille,169,266,f2ca40289a24903f
par-creature,,SUELF5,Garçon,169,266,4453b7351efb42e0
par-creature,,SUGAR,,169,266,5465464ad6ee287c
par-creature,,SUNIN,,169,266,afea2077528fd116
par-creature,,SURAAM,Raamilat,169,266,67d7c066992afff5
par-creature,,SURAYAH,Surayah,169,266,0b61ca3053e4072b
par-creature,,SURGEO,,169,266,f76d4d522519f47a
par-creature,,SURLY,Bourru,169,266,d1db2c45bda0af48
par-creature,,SURREY,,169,266,eb05dc43be41614f
par-creature,,SUSUNEER,Suneer,169,266,29df90497d789bcb
par-creature,,SVLAST,,169,266,1d41d570990d3e57
par-creature,,SWSHAMAN,Chaman Kobold,169,266,1698cab9499631cd
par-creature,,TAEROM,,169,266,e808e2e747ccf831
par-creature,,TAILAS,,169,266,3a3d43ee2a252f4f
par-creature,,TAKIYAH,,169,266,291f4db601c26c99
par-creature,,TALOUN,,169,266,9078f84f086afb6c
par-creature,,TALVILON,Acolyte Vilon,169,266,38d97c7c337186cd
par-creature,,TAMAH,,169,266,a2e0dee939e2b322
par-creature,,TAMOKO,,169,266,16e7e3cdd30b5316
par-creature,,TANALLY1,Fael,169,266,e7a6fd0e33dbce70
par-creature,,TANOVA,,169,266,98c07b138f7c4d39
par-creature,,TANWIZ1,Vellin Dahn,169,266,7ff3e53280e1b9f1
par-creature,,TARIS,,169,266,6ae00e9d5ad29a04
par-creature,,TARNES,,169,266,ead1004a97f7e6a2
par-creature,,TARNOR,"Tarnor, l'homme à la hachette",169,266,a3918213983b5cdc
par-creature,,TARNOR_,,169,266,6ce00e51bb73902d
par-creature,,TARTUS,,169,266,2d332fb2dac5bfcd
par-creature,,TASSA,Tassa,169,266,3f602ae1a21df57b
par-creature,,TAT,Tat,169,266,9d0aae80634fd5a7
par-creature,,TAUGOS,,169,266,adb15fd98e89f9e1
par-creature,,TAXEK,,169,266,e6b39d0f41d94999
par-creature,,TAZOK,Tazok,169,266,b1bcdb7872eeb2da
par-creature,,TDR10A,Kyland Lind,169,266,7c017a8fd732b550
par-creature,,TELANO,,169,266,1233caeb7cafefc3
par-creature,,TELLAN,,169,266,04e7a28443413485
par-creature,,TELMEN,,169,266,76992036e01eb994
par-creature,,TEMSUP,Or Suprême Renwellyn,169,266,6016f5488d157e98
par-creature,,TENYA,,169,266,e244c2c0342fdea0
par-creature,,TERL,Terl,169,266,811827daf1153a99
par-creature,,TERRECE,Terrece,169,266,e6e77ac7cff29ece
par-creature,,TETHTO,Téthtoril,169,266,31a5724adeb1f3da
par-creature,,TEVEN,,169,266,fa1b5dc06f27e104
par-creature,,TEYNGA,,169,266,c0011fed51a350a7
par-creature,,THALAN,,169,266,ad2e92c629f7ae8b
par-creature,,THALDO,,169,266,f28efb579e5b0a49
par-creature,,THEREL,,169,266,f98a483004e2c3f0
par-creature,,THERIK01,,169,266,8cdc11ca86b0bc79
par-creature,,THESHAL,Theshal,169,266,b24084e45645e927
par-creature,,THIEF1,Sidge,169,266,9eb5aba8cf0b8aa9
par-creature,,THIEF5,Gorvin,169,266,a4c793bf4f693fde
par-creature,,THIEF6,Zyntris,169,266,0a56bc49800b8845
par-creature,,THIEF7,Anishai,169,266,d2e40639c282c2c9
par-creature,,THNDRBP,,169,266,ea8fecb82fef4c51
par-creature,,THOM,,169,266,713a3e14928a7da0
par-creature,,THUMB,Thumb,169,266,ce93f8b281212423
par-creature,,TIANA,Tiana,169,266,9e1320ab742d4510
par-creature,,TIAX,,169,266,b723d4872de45156
par-creature,,TIBER,,169,266,43f2b7b54f8a1d06
par-creature,,TIPIAN,,169,266,6fa98b03846da48f
par-creature,,TIRDIR,Tirdir,169,266,354ceb34d5426482
par-creature,,TIRTHOLD,Tirthold,169,266,a475285c91da020f
par-creature,,TOADY,Larbin,169,266,861baa54a6524eb0
par-creature,,TOBPAR01,Eler Had,169,266,c82304c815865d60
par-creature,,TOKCRE01,,169,266,d1cfc319fd6610d6
par-creature,,TOLGER,Tolgerias,169,266,961b9f9725b9da8e
par-creature,,TORGAL,TorGal,169,266,0dbbc196ee13a3ac
par-creature,,TORLO,,169,266,8bf6c85f21393725
par-creature,,TORLOB,,169,266,b62e38b12856d070
par-creature,,TOT,Tot,169,266,9ddaed5daba69a46
par-creature,,TOUR1,Harrold,169,266,6a513adb2aa780b5
par-creature,,TOUR2,Mme Harrold,169,266,85cc1a3f5e752ee8
par-creature,,TOWNCR_,,169,266,961ab027919dd246
par-creature,,TRACEA,,169,266,7ea85b5b04e7e78a
par-creature,,TRAINER1,Fearghus,169,266,46a05f9703b17a56
par-creature,,TRALIT,,169,266,fc19cae16a424513
par-creature,,TRANZI,,169,266,8f78eebc5d08e3cd
par-creature,,TRAVIN,Travin,169,266,a5c3250b21ddc316
par-creature,,TRAWL,,169,266,804688a9f314b77a
par-creature,,TRAX,Trax,169,266,fe178805492ba6ce
par-creature,,TRCAR01,Raafee,169,266,43b068ff455be7ef
par-creature,,TRCAR02,Salahee,169,266,b28be1cc8b6ef00f
par-creature,,TRCAR03,Chef de caravane,169,266,fc514c66ba65f6c2
par-creature,,TREMAI,,169,266,ed29e1d1183c9fc0
par-creature,,TREVIL01,Seigneur Khellon Menold,169,266,82a19976776f8794
par-creature,,TREVIL02,Gardien de la Source,169,266,e4bb648a63c87d4a
par-creature,,TRFTOW01,Trissa,169,266,0807e6066302c08a
par-creature,,TRGENI01,Khan Zahraa,169,266,3b70a8e89c477abf
par-creature,,TRGENI02,Taquee,169,266,8aed736779623bf1
par-creature,,TRGENI03,Faafirah,169,266,0b0fbd5d5e36b022
par-creature,,TRGRD03,Capitaine de la milice,169,266,c465f0ea8c4daaf3
par-creature,,TRGYP01,Mastav,169,266,f30c8141bbed43c2
par-creature,,TRGYP02,Kveroslava,169,266,cc4e9b867f0ccf08
par-creature,,TRGYP03,Rinin,169,266,75beb1c114be0adc
par-creature,,TRGYP04,Jidek,169,266,79ea871665f7c8be
par-creature,,TRHMER01,Maîtresse de guilde Busya,169,266,7afddcb336ca29f5
par-creature,,TRIADO,,169,266,ccfaca1402832063
par-creature,,TRINNK01,Vyatri,169,266,46c59962f2edca26
par-creature,,TRKID01,Lise,169,266,f8d6e3680e4ac061
par-creature,,TRKID02,Amac,169,266,5ecfc2ec573125b9
par-creature,,TRMER01,Colporteur,169,266,63a92c7f192d0791
par-creature,,TRMER03,Fabricant de flèches,169,266,80cc6fb8429f918a
par-creature,,TRMER04,Forgeron,169,266,5096822053a0ed40
par-creature,,TRMTOW01,Roddy,169,266,fdaae35bdd51f361
par-creature,,TRMTOW02,Martur,169,266,dbd83e3f72122ee9
par-creature,,TRNOBF01,Maîtresse Mera,169,266,efdf82cf7be87188
par-creature,,TRNOBM01,Sire Parick,169,266,41673f69f642a1f8
par-creature,,TRPLE01,Wilfred le Rouge,169,266,1f2ded9f38b337eb
par-creature,,TRPLE02,Madame Jeanne,169,266,d22c212e428f6fc7
par-creature,,TRPLE03,Annalyn,169,266,615c5cdcd5ec17a7
par-creature,,TRRAK01,Adratha,169,266,d0074a2f6af55781
par-creature,,TRRAK02,Saaadat,169,266,4dfac1976c8d5bb1
par-creature,,TRRAK03,Jalaal,169,266,411c7f0751194987
par-creature,,TRSKIN01,Raïssa,169,266,4339ff41a2a29340
par-creature,,TRSKIN02,Tiris,169,266,e69ecb335bd9cefb
par-creature,,TRSKIN04,Gristor,169,266,fdd3fcb181ed4c53
par-creature,,TRSKIN05,Jenia,169,266,c3d0d083822eeb26
par-creature,,TRSKIN06,Darsidian Moor,169,266,0237f3f2c7449137
par-creature,,TRTAVP02,Dame Merana,169,266,acd7de4dad26bd69
par-creature,,TRTAVP05,Alenina,169,266,1e08b6985e002495
par-creature,,TRTHF01,Itona,169,266,e3f7ba6c07f950fe
par-creature,,TRTHF02,Kich,169,266,a8a8f6cf8ccc1e10
par-creature,,TRTHF03,Voleur de l'Ombre,169,266,7433a66b7bc98971
par-creature,,TRWEN01,Ulma,169,266,71c9ffad2c272722
par-creature,,TTSER2,Brevin,169,266,00a5f23b7a218f55
par-creature,,TURPIN,,169,266,74c47649c4fc07e3
par-creature,,TUTH,,169,266,a175f2f485755fdd
par-creature,,UDCHAL,Chalinthra,169,266,06091a7450e5b8c7
par-creature,,UDDEAR02,Uder Mordin,169,266,1fc8b45cf30637c5
par-creature,,UDDEAR03,Finderlig,169,266,bda980898b0dd1d3
par-creature,,UDDROW04,Szordrin,169,266,8d823407c7527bc6
par-creature,,UDDROW06,Ilmryn,169,266,feb9bd9d154ec444
par-creature,,UDDROW07,Merinid,169,266,5395c6f392ae5c3c
par-creature,,UDDROW08,Baragh,169,266,869e74966e60929a
par-creature,,UDDROW09,Tathlyn,169,266,971057128c096af3
par-creature,,UDDROW10,Nym Khalazza,169,266,5656e4767e4018d0
par-creature,,UDDROW16,Sondal,169,266,0209f89d1a59b32d
par-creature,,UDDUER01,Carlig,169,266,0978f09edfc3a296
par-creature,,UDIMRAE,Imrae,169,266,95c84b20ae5b8e73
par-creature,,UDKUO01,Chef kuo-toa,169,266,9d7025096bee28ba
par-creature,,UDLESA,Lesaonar,169,266,85e0828fdef39ecf
par-creature,,UDSILVER,Adalon,169,266,c5e0040c5ac5a8e2
par-creature,,UDSIMYAZ,Simyaz,169,266,3cb09c82cb34b3f3
par-creature,,UDSVIR01,Odendal Breachgnome,169,266,658d190301aff9b2
par-creature,,UDSVIR03,Goldander Rochenoire,169,266,16e84034b4d74f7e
par-creature,,UDSVIR05,Therndle Daglefodd,169,266,ca03279874d7b95e
par-creature,,UDTRAP01,Aganalo le psychopathe,169,266,cf3f78ed77d21c53
par-creature,,UDTRAP02,Raevilin Strathi,169,266,51109a21457630f0
par-creature,,UDTRAP05,Gont de Riatavin,169,266,5ccb11ea0a81bd73
par-creature,,UDTRAP06,Bedlen Daglefodd,169,266,3296fc9b20f13d8f
par-creature,,UDVITH,Vithal,169,266,c750cf39fe633c70
par-creature,,UHBOY01,Atta,169,266,73b5868ff83dca80
par-creature,,UHCREAT2,Grouilleux malade,169,266,8cf9a0d32e9cd954
par-creature,,UHFARM01,"Dale, le berger",169,266,a4b735a1940d0fa2
par-creature,,UHFARM02,"Groos, le berger",169,266,81991a4c045bbaee
par-creature,,UHFARM03,Margie,169,266,d2e89101adb7e60d
par-creature,,UHFEM01,Maîtresse Eina,169,266,026a553b5e3b6252
par-creature,,UHFEM02,Johanna,169,266,dd49a8c8bed134c4
par-creature,,UHGIRL01,Kaatje,169,266,56f16f577373641f
par-creature,,UHINN01,Vincenzo l'aubergiste,169,266,62e89e883d398b79
par-creature,,UHINN02,Willet le garçon d'écurie,169,266,25063fded8bde829
par-creature,,UHKID01,Dirbert,169,266,81db8bd3722e29a7
par-creature,,UHKID02,Valsben,169,266,099587defe942f77
par-creature,,UHKID03,Neler,169,266,b9b2a815fc6495c8
par-creature,,UHLK8010,,169,266,422cc5bd5d35e56a
par-creature,,UHMAN01,Ander,169,266,f43ffd47cb69e490
par-creature,,UHMAN02,Nelleck,169,266,d9f7b26f6868d492
par-creature,,UHMAY01,Lloyd le ministre,169,266,02d06d4fedf5c62f
par-creature,,UHMER01,Elence Fielding,169,266,2049ad49eabe7b81
par-creature,,UHMER02,Min Minling,169,266,cf4541f23433f104
par-creature,,UHMER03,Beherant Diir,169,266,1250844928feb91b
par-creature,,UHOGRE01,Madulf,169,266,2fb73e613d955742
par-creature,,UHOGRE03,Minotaure,169,266,c8fe2d3755d17880
par-creature,,UHPAT01,Travor,169,266,e6ced3b6558324f9
par-creature,,UHRANG01,Merella,169,266,494f83baa56a4aee
par-creature,,ULCAST,,169,266,14f9f7ab96a589f1
par-creature,,ULF,,169,266,b5aa4be9635b44c4
par-creature,,ULRAUN,,169,266,0cbcae74b75af924
par-creature,,ULVARYL,Ulvaryl,169,266,6097fb9cf87119c4
par-creature,,UNSHEY,,169,266,b5e4e48a83affc20
par-creature,,UTOR,,169,266,26c774eed18b6d23
par-creature,,vaarglan,,169,266,4e9e75b5410bf1c1
par-creature,,VAELAG,Vaelag,169,266,567f4cee6520df56
par-creature,,VAELASA,Vaelasa,169,266,e448dc9c531ead98
par-creature,,VAI,,169,266,26a15888110f6d3a
par-creature,,VAIL,,169,266,ab534b6a95f57552
par-creature,,VALEN,,169,266,3e39727496dcf84a
par-creature,,VALESTIS,,169,266,d8a27175727d002f
par-creature,,VALRAN01,Derrick,169,266,09583aa96f4e287c
par-creature,,VAMPAER,Aerie,169,266,b091af16d2fd664e
par-creature,,VAMPANO,Anomen,169,266,254429d960e890eb
par-creature,,VAMPJAH,Jaheira,169,266,0988035124cb7cae
par-creature,,VAMPVIC,Viconia,169,266,30b32a5797fac242
par-creature,,VARA,Vara Fentan,169,266,f0d7c0e5a731bd25
par-creature,,VARCI,,169,266,3bdc4b4bb42c0662
par-creature,,VAX,,169,266,050b84b01d3e677c
par-creature,,VELVET,,169,266,5df9b758cb06e1ab
par-creature,,VESPER,Vesper,169,266,24c65475890b4418
par-creature,,VEXING01,,169,266,81a6d3d9223c9227
par-creature,,VICG1,Fanatique,169,266,a04bea6f4fd6f423
par-creature,,VICG2,Fanatique,169,266,3d7c5350fa28fe3f
par-creature,,VICG3,Fanatique,169,266,53c37412a0b7768f
par-creature,,VICTOWN2,Roturier,169,266,4d5fba274c11fed0
par-creature,,VICTOWN3,Gentilhomme,169,266,6256ff271e23fbd4
par-creature,,VIEKANG,Viekang,169,266,18ed2cac05029f4e
par-creature,,VITIARE,,169,266,a359e637a58e8f2a
par-creature,,VIVIEN,,169,266,cf928cc9169f542e
par-creature,,VOGHILNM,,169,266,de82e60d6a724aa4
par-creature,,VOICE001,,169,266,3fe9c55b6b55edc8
par-creature,,VOLETA,,169,266,1501197a28305782
par-creature,,VOLO,,169,266,5345035934d98a1d
par-creature,,VOLTIN,,169,266,2d0ca70fceac6698
par-creature,,vsshad10,,169,266,066646999d68fb84
par-creature,,VULFGT01,Laen Torg,169,266,9f552500e07dfe71
par-creature,,VULOVA,Seigneur Armagaran Vulova,169,266,58b33e7d6dd51f56
par-creature,,VVDEL,Del,169,266,a4e8fe03543ee0d7
par-creature,,VVHAREIS,Hareishan,169,266,6c265eeb9c9c5c2a
par-creature,,VVMALE5,Vampire,169,266,7b752cde0408e948
par-creature,,VVPARIS,Parisa,169,266,c15b96de22f80e84
par-creature,,VVSALIA,Salia,169,266,c27a5692bd406b55
par-creature,,VVSANSUK,Sansuki,169,266,1c47716c1d11650e
par-creature,,VVSHAD2,Voleur de l'Ombre,169,266,6913a0971b4a7dc1
par-creature,,WALLA,Wallace,169,266,2462f88cb90faa18
par-creature,,WANEV,,169,266,0b29507aef1f9bfa
par-creature,,WARRID,,169,266,6c4a1c8c80f65012
par-creature,,WAYLANE,Waylane,169,266,fabf17949f54ec9e
par-creature,,WCUST01,Comte Claylan,169,266,6a3f4fec0f77e75e
par-creature,,WCUST02,Jeune Alicia,169,266,0d54b95ca0babdf8
par-creature,,WCUST03,Largo,169,266,0e8f90dc2b76db5d
par-creature,,WCUST05,Dame Lasalla,169,266,c3327c731f8d87dd
par-creature,,WEENOG01,,169,266,08ebee1397565c7f
par-creature,,WELLYN,Wellyn,169,266,afc58196643d774c
par-creature,,WELTHER,Welther,169,266,a1e36856baa8482a
par-creature,,WENRIC,,169,266,45042be4ba480670
par-creature,,WHELP,,169,266,5887b3481ce75bdd
par-creature,,WHITCOMB,,169,266,bd0e8061df7adcd7
par-creature,,WHITKD,,169,266,dcf459929e856de1
par-creature,,WILCO,,169,266,3f14c0c9cc4979a3
par-creature,,WILKID01,Enfant mendiant,169,266,4fbf402177a68439
par-creature,,WILLIA,Sire William de Thorpe,169,266,46017eb195c39e1c
par-creature,,WILLIAM,Sire Branet Al-Thon,169,266,065dc75accfb08e6
par-creature,,WILTON,,169,266,8907bf87760e09d1
par-creature,,WINNKEEP,Pugney,169,266,753b027cbc3fc997
par-creature,,WINSKI,,169,266,4b5878f66187ed9c
par-creature,,WINTHR2,Winthrop,169,266,601c341eeb785963
par-creature,,WIRTHI,,169,266,7a722e60ce640e3b
par-creature,,WIVEN,,169,266,194a225899ce1428
par-creature,,WMART1,Joluv,169,266,37521d61c533323b
par-creature,,WMART2,Deidre,169,266,f75039414f8b4f63
par-creature,,WPCUST2,Ivrogne,169,266,3f727e7a29b9e527
par-creature,,WRSAREVO,,169,266,a06ff171a8829003
par-creature,,WSMITH01,Cromwell,169,266,0d9046fb1761394c
par-creature,,WULFGAR,Wulfgar,169,266,462df7f5235734da
par-creature,,WWENCH,Rebecca,169,266,8b69e26ed868f6cb
par-creature,,WYLFDENE,,169,266,4153f4058640ebb8
par-creature,,XACTILE1,,169,266,3af240cb6d529fd2
par-creature,,XAPPREN1,Prebek,169,266,6d686a988da0a69b
par-creature,,XAPPREN2,Sanasha,169,266,671211aaac14c4e6
par-creature,,XZAR,Xzar,169,266,6c1d741a10e95afb
par-creature,,YAGO,,169,266,7295e418480c2412
par-creature,,YARIN,Yarin,169,266,339f4dcc9a6989e3
par-creature,,YETICHEF,,169,266,676e9eb3bd7bb3bd
par-creature,,YOUNGNED,,169,266,4dae7598ee7d88e4
par-creature,,YUSEF,Yusef,169,266,ec54532fd5da16a3
par-creature,,ZARGAL,,169,266,01b009fd70d75181
par-creature,,ZAVIERA,Zaviera,169,266,27257932694e20a9
par-creature,,ZEKE,,169,266,b1e680a317db7127
par-creature,,ZHALIM,,169,266,2052de25bbd0a955
par-creature,,ZHURLO,,169,266,59fffc1dc21744d1
par-creature,,ZOMBLO01,Seigneur zombie,169,266,cde2882ac8042dd5
par-creature,,ZORDRA,,169,266,42b181c99a2aa14a
par-creature,,ZORL,,169,266,fbd49fa4ba3b41a4
par-categorie,AmnSoldiers,S9AMN1,,169,266,d06d16ea9f6c0a18
par-categorie,AmnSoldiers,S9AMN10,,169,266,86bdc6b70bc428a9
par-categorie,AmnSoldiers,S9AMN11,,169,266,a480320295960290
par-categorie,AmnSoldiers,S9AMN2,,169,266,ed0921d411c71569
par-categorie,AmnSoldiers,S9AMN3,,169,266,6235ff9df6b14370
par-categorie,AmnSoldiers,S9AMN4,,169,266,f6f825e07e4173ba
par-categorie,AmnSoldiers,S9AMN5,,169,266,fad66d5d8a294cd4
par-categorie,AmnSoldiers,S9AMN6,,169,266,8bdc7a892e9d9b00
par-categorie,AmnSoldiers,S9AMN7,,169,266,4af1d70ac4c3b1d6
par-categorie,AmnSoldiers,S9AMN8,,169,266,94b48693acc8ef09
par-categorie,AmnSoldiers,S9AMN9,,169,266,b30cb8f648f6ca19
par-categorie,Bartenders,S9BART1,,169,266,8d5b3e7e53da3dd9
par-categorie,Bartenders,S9BART10,,169,266,fbd0db0d1d0f5892
par-categorie,Bartenders,S9BART11,,169,266,2a71f83def0d4ad9
par-categorie,Bartenders,S9BART12,,169,266,174f25bc18bc7eb4
par-categorie,Bartenders,S9BART13,,169,266,a0ea8cfd227b3011
par-categorie,Bartenders,S9BART14,,169,266,161c44e76691f620
par-categorie,Bartenders,S9BART2,,169,266,f15afccdc619e780
par-categorie,Bartenders,S9BART3,,169,266,042a26030d7fb578
par-categorie,Bartenders,S9BART4,,169,266,01cbfb1267f38048
par-categorie,Bartenders,S9BART5,,169,266,952ff4fd5eb11310
par-categorie,Bartenders,S9BART6,,169,266,734033c05b82a396
par-categorie,Bartenders,S9BART7,,169,266,45f4ee1007d65fe9
par-categorie,Bartenders,S9BART8,,169,266,82c51eb081e38716
par-categorie,Bartenders,S9BART9,,169,266,f399951ab130fc20
par-categorie,Beggars,S9BEGG1,,169,266,31e7ecb6ceb7ef59
par-categorie,Beggars,S9BEGG10,,169,266,83145a8489765158
par-categorie,Beggars,S9BEGG11,,169,266,081b8e50b12cd3b8
par-categorie,Beggars,S9BEGG2,,169,266,44462c8a97af0fb7
par-categorie,Beggars,S9BEGG3,,169,266,6a4807b7c251832b
par-categorie,Beggars,S9BEGG4,,169,266,5f9fb82b0dd57e77
par-categorie,Beggars,S9BEGG5,,169,266,18b7cde77b142072
par-categorie,Beggars,S9BEGG6,,169,266,56ad3a666a6b9cc0
par-categorie,Beggars,S9BEGG7,,169,266,0d046dd4c9f84d23
par-categorie,Beggars,S9BEGG8,,169,266,9dc3cb1370b532d3
par-categorie,Beggars,S9BEGG9,,169,266,269f9a2cde47184f
par-categorie,Beholders,S9BEH1,,169,266,525622dcfeb0f739
par-categorie,Beholders,S9BEH2,,169,266,ae0837e820ebd0c7
par-categorie,Beholders,S9BEH3,,169,266,5630038a5d6781bb
par-categorie,Beholders,S9BEH4,,169,266,a6f285887c2d52b1
par-categorie,Beholders,S9BEH5,,169,266,52c92159c2d4683c
par-categorie,Commoners,S9FEM1,,169,266,726d47d609c56061
par-categorie,Commoners,S9FEM10,,169,266,99855371240001f1
par-categorie,Commoners,S9FEM11,,169,266,13249c8ab01f1c77
par-categorie,Commoners,S9FEM12,,169,266,c8f7dc4582cf0ea6
par-categorie,Commoners,S9FEM13,,169,266,ef93bf31f923150e
par-categorie,Commoners,S9FEM14,,169,266,7887eeba5c9d3187
par-categorie,Commoners,S9FEM15,,169,266,a9566a0ee3b73011
par-categorie,Commoners,S9FEM16,,169,266,cfe6569b187d6f2b
par-categorie,Commoners,S9FEM17,,169,266,4cb5bf31ecef096e
par-categorie,Commoners,S9FEM18,,169,266,3708bac011a74673
par-categorie,Commoners,S9FEM19,,169,266,6e8c5fae39689e5a
par-categorie,Commoners,S9FEM2,,169,266,35d83c08d1a1347e
par-categorie,Commoners,S9FEM20,,169,266,83d776ee769430be
par-categorie,Commoners,S9FEM21,,169,266,84098c4351355b94
par-categorie,Commoners,S9FEM22,,169,266,72cd397e7629d75f
par-categorie,Commoners,S9FEM23,,169,266,f8f52421b2af63e8
par-categorie,Commoners,S9FEM24,,169,266,d59f6faa1d04889a
par-categorie,Commoners,S9FEM25,,169,266,a52b09837a9a1d9b
par-categorie,Commoners,S9FEM26,,169,266,c746d0dde69802ae
par-categorie,Commoners,S9FEM3,,169,266,c3b441af28aa120b
par-categorie,Commoners,S9FEM4,,169,266,4197f41262e3f5c0
par-categorie,Commoners,S9FEM5,,169,266,890d9f24e28a44c5
par-categorie,Commoners,S9FEM6,,169,266,d81b6813c8b2635e
par-categorie,Commoners,S9FEM7,,169,266,64a1a539acf8be1c
par-categorie,Commoners,S9FEM8,,169,266,636ec21336804280
par-categorie,Commoners,S9FEM9,,169,266,dfbd51f5f3d0927f
par-categorie,Commoners,S9MLE1,,169,266,04316bbd51433f6a
par-categorie,Commoners,S9MLE10,,169,266,412d26cc2339d8de
par-categorie,Commoners,S9MLE11,,169,266,3e29664afc7bb6c2
par-categorie,Commoners,S9MLE12,,169,266,4849f010c74dd8c7
par-categorie,Commoners,S9MLE13,,169,266,fd20b6b05b52a5a4
par-categorie,Commoners,S9MLE14,,169,266,d24f2dcd5bab4317
par-categorie,Commoners,S9MLE15,,169,266,d3e42442d1cb8b9d
par-categorie,Commoners,S9MLE16,,169,266,bad7cbfbaa2cccc0
par-categorie,Commoners,S9MLE17,,169,266,6783dc0d20984fff
par-categorie,Commoners,S9MLE18,,169,266,44800fa0cd42d325
par-categorie,Commoners,S9MLE19,,169,266,9dca15e09be7ab1a
par-categorie,Commoners,S9MLE2,,169,266,5cfd705255d8e929
par-categorie,Commoners,S9MLE20,,169,266,597b2b955ac05b34
par-categorie,Commoners,S9MLE21,,169,266,d7cac1d63f194323
par-categorie,Commoners,S9MLE22,,169,266,bfb7afb308babea8
par-categorie,Commoners,S9MLE23,,169,266,b7bfcb02fb15dfd0
par-categorie,Commoners,S9MLE24,,169,266,977ddf70457c2e80
par-categorie,Commoners,S9MLE25,,169,266,a2ced820cb35711f
par-categorie,Commoners,S9MLE26,,169,266,5ce6373863a3ddff
par-categorie,Commoners,S9MLE27,,169,266,6ee23ab8ceee1621
par-categorie,Commoners,S9MLE28,,169,266,295915b51f865348
par-categorie,Commoners,S9MLE29,,169,266,137d13ec07368380
par-categorie,Commoners,S9MLE3,,169,266,297a79e2923d1c55
par-categorie,Commoners,S9MLE30,,169,266,51db5e53f7992086
par-categorie,Commoners,S9MLE31,,169,266,a43f1594b540f345
par-categorie,Commoners,S9MLE32,,169,266,66bbe3d2a012a2bc
par-categorie,Commoners,S9MLE4,,169,266,8326f7707e85a2fa
par-categorie,Commoners,S9MLE5,,169,266,db9442173841467a
par-categorie,Commoners,S9MLE6,,169,266,c1f90e121f3cd57c
par-categorie,Commoners,S9MLE7,,169,266,2d5f9e8a68d1251d
par-categorie,Commoners,S9MLE8,,169,266,22bd22188b8c7ed6
par-categorie,Commoners,S9MLE9,,169,266,c680aeafe272b812
par-categorie,Commoners,S9WWCF1,,169,266,b6bf493e8bfe5a24
par-categorie,Commoners,S9WWCF2,,169,266,4fd37bb0d0ce5b9e
par-categorie,Commoners,S9WWCF3,,169,266,eb1a4f335aa67dda
par-categorie,Commoners,S9WWCF4,,169,266,2874f76bb9fe46e5
par-categorie,Commoners,S9WWCF5,,169,266,65632cb7fdd4254b
par-categorie,Commoners,S9WWCF6,,169,266,501610d2145a31e4
par-categorie,Commoners,S9WWCM1,,169,266,4b239f1b4760c949
par-categorie,Commoners,S9WWCM2,,169,266,bc3750446d00ac45
par-categorie,Commoners,S9WWCM3,,169,266,d413a11ec63667a9
par-categorie,Commoners,S9WWCM4,,169,266,491b24d21392980d
par-categorie,Commoners,S9WWCM5,,169,266,bdf5ddcbf6dab713
par-categorie,Commoners,S9WWCM6,,169,266,1f906b00ca08f7a0
par-categorie,Commoners,S9WWCM7,,169,266,96288a045d3973b0
par-categorie,Commoners,S9WWCM8,,169,266,2ab2856caa19c700
par-categorie,Commoners,S9WWCM9,,169,266,af1ebbf734a55c1d
par-categorie,Courtesan,S9CORT1,,169,266,15be415c9d983868
par-categorie,Courtesan,S9CORT10,,169,266,32cf9e580d75eed2
par-categorie,Courtesan,S9CORT11,,169,266,23a1c7dfff683173
par-categorie,Courtesan,S9CORT12,,169,266,03ae8a3ec0f41983
par-categorie,Courtesan,S9CORT13,,169,266,e07f6b1323a6ab85
par-categorie,Courtesan,S9CORT14,,169,266,20e3f4961d5a6b0e
par-categorie,Courtesan,S9CORT15,,169,266,4330831b3b071b19
par-categorie,Courtesan,S9CORT16,,169,266,ad7073c20faed90f
par-categorie,Courtesan,S9CORT17,,169,266,c4cdf4bbd62ff9a6
par-categorie,Courtesan,S9CORT18,,169,266,940270e5be916d7a
par-categorie,Courtesan,S9CORT19,,169,266,08fade631504e0ba
par-categorie,Courtesan,S9CORT2,,169,266,cf726ad0bdf675ff
par-categorie,Courtesan,S9CORT20,,169,266,00bae9540626dc33
par-categorie,Courtesan,S9CORT3,,169,266,e110eec7750d8c4a
par-categorie,Courtesan,S9CORT4,,169,266,2164b241417ad307
par-categorie,Courtesan,S9CORT5,,169,266,86604b83d08f8569
par-categorie,Courtesan,S9CORT6,,169,266,fd0b8e409d0497f4
par-categorie,Courtesan,S9CORT7,,169,266,9c396205c2a043be
par-categorie,Courtesan,S9CORT8,,169,266,844008608556778c
par-categorie,Courtesan,S9CORT9,,169,266,bb75ad5567abdab0
par-categorie,Demons,S9DEMM1,,169,266,c30d48d022520766
par-categorie,Demons,S9DEMM2,,169,266,96593d7badb581a9
par-categorie,Demons,S9DEMM3,,169,266,ad0f8b2cae87cf61
par-categorie,Demons,S9DEMM4,,169,266,7e07acbb917fe1ca
par-categorie,Drow,S9DRWF1,,169,266,b0f99d5c9ab6dc5b
par-categorie,Drow,S9DRWF10,,169,266,5cd310d2037dc57a
par-categorie,Drow,S9DRWF11,,169,266,616c67d1a1aefc27
par-categorie,Drow,S9DRWF12,,169,266,248f7abcafea5c6f
par-categorie,Drow,S9DRWF13,,169,266,49494df4bcc94760
par-categorie,Drow,S9DRWF14,,169,266,ecf911093568d449
par-categorie,Drow,S9DRWF15,,169,266,4b95b06ae16f6370
par-categorie,Drow,S9DRWF16,,169,266,722c1ddd93f5b405
par-categorie,Drow,S9DRWF17,,169,266,fbfbfaaeb655e928
par-categorie,Drow,S9DRWF18,,169,266,db1ea13dfc1a5db2
par-categorie,Drow,S9DRWF19,,169,266,f7d0ddd89d1a06fa
par-categorie,Drow,S9DRWF2,,169,266,87af7d397160e3c4
par-categorie,Drow,S9DRWF20,,169,266,9c7abdab653a8e9b
par-categorie,Drow,S9DRWF3,,169,266,9fa2b6dd24c84e74
par-categorie,Drow,S9DRWF4,,169,266,e93b989e42c75cb0
par-categorie,Drow,S9DRWF5,,169,266,46e9f5bf5c2e34e1
par-categorie,Drow,S9DRWF6,,169,266,abf35ae0746bac10
par-categorie,Drow,S9DRWF7,,169,266,b867a7f73d0aa9e4
par-categorie,Drow,S9DRWF8,,169,266,80bd98c31837b290
par-categorie,Drow,S9DRWF9,,169,266,c4b9433da01727d7
par-categorie,Drow,S9DRWM1,,169,266,b5603e9fd0c90a19
par-categorie,Drow,S9DRWM10,,169,266,a968d5f119e8103e
par-categorie,Drow,S9DRWM11,,169,266,86e1e21d4903c263
par-categorie,Drow,S9DRWM12,,169,266,80585a9f96985291
par-categorie,Drow,S9DRWM13,,169,266,1e4ff11df797c7c5
par-categorie,Drow,S9DRWM14,,169,266,8731b2a03afc839e
par-categorie,Drow,S9DRWM15,,169,266,44482e98ca1c201a
par-categorie,Drow,S9DRWM16,,169,266,9a2f83096a669935
par-categorie,Drow,S9DRWM17,,169,266,02f35eaacdec46ca
par-categorie,Drow,S9DRWM18,,169,266,df5d5b50d513d398
par-categorie,Drow,S9DRWM19,,169,266,971ac758f20cea80
par-categorie,Drow,S9DRWM2,,169,266,d8001912b3fe473e
par-categorie,Drow,S9DRWM20,,169,266,25477b1fe68e2bd3
par-categorie,Drow,S9DRWM3,,169,266,8ae44fab81074bd6
par-categorie,Drow,S9DRWM4,,169,266,e7990eb18de3827e
par-categorie,Drow,S9DRWM5,,169,266,0eb888523f0dd132
par-categorie,Drow,S9DRWM6,,169,266,6611b64390a4110b
par-categorie,Drow,S9DRWM7,,169,266,9c795388422860ca
par-categorie,Drow,S9DRWM8,,169,266,174c4b77fc6dc12c
par-categorie,Drow,S9DRWM9,,169,266,bdebccc7160304ba
par-categorie,Druids,S9DRUF1,,169,266,9d43af578fb762f3
par-categorie,Druids,S9DRUF2,,169,266,f9c9602c54e81c09
par-categorie,Druids,S9DRUF3,,169,266,9045005b1688c7c2
par-categorie,Druids,S9DRUF4,,169,266,3e60b26ac5298ab4
par-categorie,Druids,S9DRUM1,,169,266,c2083e087d91c36a
par-categorie,Druids,S9DRUM2,,169,266,471f839d1f2a6385
par-categorie,Druids,S9DRUM3,,169,266,2a2b09740530db1b
par-categorie,Druids,S9DRUM4,,169,266,604677fc4272dceb
par-categorie,Druids,S9DRUM5,,169,266,276526451c8d4abd
par-categorie,Druids,S9DRUM6,,169,266,fe8282eda88697d3
par-categorie,Druids,S9DRUM7,,169,266,af44d6a127688837
par-categorie,Dwarf,S9DFWF1,,169,266,d8d93ce1e3589be7
par-categorie,Dwarf,S9DFWF2,,169,266,91246a6137bd03a8
par-categorie,Dwarf,S9DFWF3,,169,266,23e98a7998a3edba
par-categorie,Dwarf,S9DFWF4,,169,266,36d0708ea589acb2
par-categorie,Dwarf,S9DFWF5,,169,266,5adc624a16bbcc77
par-categorie,Dwarf,S9DFWF6,,169,266,160c5842649db833
par-categorie,Dwarf,S9DFWM1,,169,266,0e7356486c3bee6b
par-categorie,Dwarf,S9DFWM10,,169,266,4e57d5609f02e1cb
par-categorie,Dwarf,S9DFWM11,,169,266,76f9de1793d53a3c
par-categorie,Dwarf,S9DFWM12,,169,266,f69fbbaaa402ff2a
par-categorie,Dwarf,S9DFWM13,,169,266,ac1d0e784a789998
par-categorie,Dwarf,S9DFWM14,,169,266,9f7f8ec7746d81ee
par-categorie,Dwarf,S9DFWM15,,169,266,c3719a7d4c0a1be3
par-categorie,Dwarf,S9DFWM16,,169,266,94f72e16141608de
par-categorie,Dwarf,S9DFWM17,,169,266,a7e640e773cdee6d
par-categorie,Dwarf,S9DFWM18,,169,266,695f7777be870592
par-categorie,Dwarf,S9DFWM19,,169,266,b906ad061e898401
par-categorie,Dwarf,S9DFWM2,,169,266,920f2d53a0e1b8d8
par-categorie,Dwarf,S9DFWM20,,169,266,591b876584eae5be
par-categorie,Dwarf,S9DFWM21,,169,266,92dd353e6d9d3418
par-categorie,Dwarf,S9DFWM22,,169,266,49563ef416369856
par-categorie,Dwarf,S9DFWM23,,169,266,6c74ea1534634b84
par-categorie,Dwarf,S9DFWM24,,169,266,ca927c63e2412304
par-categorie,Dwarf,S9DFWM25,,169,266,c07433d87ad5e2a5
par-categorie,Dwarf,S9DFWM26,,169,266,84b3573a51f1e53b
par-categorie,Dwarf,S9DFWM27,,169,266,08d0148fdf93c623
par-categorie,Dwarf,S9DFWM28,,169,266,0f23385307c052d6
par-categorie,Dwarf,S9DFWM29,,169,266,799b021b3b8c1e09
par-categorie,Dwarf,S9DFWM3,,169,266,98fabfb1be107162
par-categorie,Dwarf,S9DFWM30,,169,266,5ebf5673128851c7
par-categorie,Dwarf,S9DFWM31,,169,266,4806c5eaa47d4f93
par-categorie,Dwarf,S9DFWM32,,169,266,167565de188459f1
par-categorie,Dwarf,S9DFWM33,,169,266,c5f7c802f15f5a82
par-categorie,Dwarf,S9DFWM34,,169,266,0e11b28c0a05ead1
par-categorie,Dwarf,S9DFWM35,,169,266,78222555363174d2
par-categorie,Dwarf,S9DFWM4,,169,266,b9cb28f5b62070b2
par-categorie,Dwarf,S9DFWM5,,169,266,06c7862f3557278d
par-categorie,Dwarf,S9DFWM6,,169,266,84a70d2ff0dbab1f
par-categorie,Dwarf,S9DFWM7,,169,266,023aa8527f30fba5
par-categorie,Dwarf,S9DFWM8,,169,266,eef6ba27a7b30267
par-categorie,Dwarf,S9DFWM9,,169,266,f89fab1438d5d023
par-categorie,Elementals,S9AIR1,,169,266,d2556ea70f7330cc
par-categorie,Elementals,S9AIR2,,169,266,d8317a43b694f63d
par-categorie,Elementals,S9AIR3,,169,266,e7792311d0f9e59e
par-categorie,Elementals,S9URF1,,169,266,0e2adb9d298aa07d
par-categorie,Elementals,S9URF2,,169,266,4826dd2e4032d91c
par-categorie,Elves,S9ELFF1,,169,266,3825cd8f196f06f4
par-categorie,Elves,S9ELFF10,,169,266,f9467e0b6819c157
par-categorie,Elves,S9ELFF11,,169,266,6c2126b53cdb3460
par-categorie,Elves,S9ELFF12,,169,266,3410aa4470fa27a6
par-categorie,Elves,S9ELFF13,,169,266,63e213e42764c3e4
par-categorie,Elves,S9ELFF14,,169,266,b8952cbf4491cba6
par-categorie,Elves,S9ELFF15,,169,266,c8425421e54a8346
par-categorie,Elves,S9ELFF2,,169,266,0e230b532cd3a981
par-categorie,Elves,S9ELFF3,,169,266,6fcf9bb36d5c0c52
par-categorie,Elves,S9ELFF4,,169,266,5173e282a2f67117
par-categorie,Elves,S9ELFF5,,169,266,0e8373fba9dfedc1
par-categorie,Elves,S9ELFF6,,169,266,f82c6ff12b5c5e79
par-categorie,Elves,S9ELFF7,,169,266,49ee674a5e69665c
par-categorie,Elves,S9ELFF8,,169,266,a8319041bd419d22
par-categorie,Elves,S9ELFF9,,169,266,af54eb26f3a53f23
par-categorie,Elves,S9ELFM1,,169,266,b7fb2c621a3c98fd
par-categorie,Elves,S9ELFM10,,169,266,c085b20ab166d1df
par-categorie,Elves,S9ELFM11,,169,266,454b57f390c6fd4e
par-categorie,Elves,S9ELFM12,,169,266,2b17b3c07e538bdc
par-categorie,Elves,S9ELFM13,,169,266,a1d17c804c50da9a
par-categorie,Elves,S9ELFM14,,169,266,7827086a4ecd7fea
par-categorie,Elves,S9ELFM15,,169,266,0b712a7f6b8605cd
par-categorie,Elves,S9ELFM16,,169,266,2449181b7128ee8d
par-categorie,Elves,S9ELFM17,,169,266,f6742c5954b75853
par-categorie,Elves,S9ELFM18,,169,266,99fcb6c9769322d8
par-categorie,Elves,S9ELFM19,,169,266,096e287024d71ab7
par-categorie,Elves,S9ELFM2,,169,266,1bc9dae625cb35de
par-categorie,Elves,S9ELFM20,,169,266,c01064510e2d312b
par-categorie,Elves,S9ELFM21,,169,266,f6d898477bb3cd70
par-categorie,Elves,S9ELFM22,,169,266,ceba2a3279dfc77a
par-categorie,Elves,S9ELFM3,,169,266,b5aea3229530de56
par-categorie,Elves,S9ELFM4,,169,266,8866ae2b8b3e18fc
par-categorie,Elves,S9ELFM5,,169,266,050d49098bcc44b9
par-categorie,Elves,S9ELFM6,,169,266,b74a56df091d033b
par-categorie,Elves,S9ELFM7,,169,266,b6e4da99e24f12bf
par-categorie,Elves,S9ELFM8,,169,266,07bb16588b7baf22
par-categorie,Elves,S9ELFM9,,169,266,6252d9592463f974
par-categorie,Fighters,S9LFF1,,169,266,adac5617a658117d
par-categorie,Fighters,S9LFF10,,169,266,752913652697430a
par-categorie,Fighters,S9LFF11,,169,266,4cb440143e2edfeb
par-categorie,Fighters,S9LFF12,,169,266,8d674f1cc00e9f0b
par-categorie,Fighters,S9LFF13,,169,266,f4e78c811c81ed03
par-categorie,Fighters,S9LFF14,,169,266,dc889738cbfc2994
par-categorie,Fighters,S9LFF15,,169,266,3eb0f4a3533244a2
par-categorie,Fighters,S9LFF16,,169,266,ea6a9018e4fffba3
par-categorie,Fighters,S9LFF2,,169,266,551b76219f5d80ce
par-categorie,Fighters,S9LFF3,,169,266,0304cc831916b1f7
par-categorie,Fighters,S9LFF4,,169,266,5be4ccfef725e8d9
par-categorie,Fighters,S9LFF5,,169,266,9c39560dd03067b4
par-categorie,Fighters,S9LFF6,,169,266,5b3c137df9a2b861
par-categorie,Fighters,S9LFF7,,169,266,655af44669d5fb87
par-categorie,Fighters,S9LFF8,,169,266,656a12d47548d885
par-categorie,Fighters,S9LFF9,,169,266,c42a634030473010
par-categorie,Fighters,S9LFM1,,169,266,e0cf869216a14ae0
par-categorie,Fighters,S9LFM10,,169,266,b2b1e471c6fb10ef
par-categorie,Fighters,S9LFM11,,169,266,d331229520521288
par-categorie,Fighters,S9LFM12,,169,266,aa97a714cc97c3da
par-categorie,Fighters,S9LFM13,,169,266,efcfd6ba4c9a3483
par-categorie,Fighters,S9LFM14,,169,266,443b221ad0f56b28
par-categorie,Fighters,S9LFM15,,169,266,6b9abcd192262aac
par-categorie,Fighters,S9LFM16,,169,266,00c116155d486c83
par-categorie,Fighters,S9LFM17,,169,266,868d6d136c978e28
par-categorie,Fighters,S9LFM18,,169,266,a1d500916f1f551f
par-categorie,Fighters,S9LFM19,,169,266,81c08df03136c4a1
par-categorie,Fighters,S9LFM2,,169,266,88ceb2b1b0953ad7
par-categorie,Fighters,S9LFM20,,169,266,0b9ead4ffdd9e20d
par-categorie,Fighters,S9LFM21,,169,266,4f5bb2e95136415b
par-categorie,Fighters,S9LFM22,,169,266,74dd4c2b7783e4de
par-categorie,Fighters,S9LFM23,,169,266,57a068a350ec83c7
par-categorie,Fighters,S9LFM24,,169,266,c42a4e81b714a8d5
par-categorie,Fighters,S9LFM25,,169,266,15caa0efaf733bf2
par-categorie,Fighters,S9LFM26,,169,266,c850f9a0a5a142f1
par-categorie,Fighters,S9LFM27,,169,266,0059970a27c82113
par-categorie,Fighters,S9LFM28,,169,266,147c7fac5008c596
par-categorie,Fighters,S9LFM29,,169,266,38f3d47550473184
par-categorie,Fighters,S9LFM3,,169,266,4ae1df54a0e8ff18
par-categorie,Fighters,S9LFM30,,169,266,de1e946075e9c83b
par-categorie,Fighters,S9LFM31,,169,266,e7fd286f9114037b
par-categorie,Fighters,S9LFM32,,169,266,8a29b367b7cbd603
par-categorie,Fighters,S9LFM33,,169,266,11bdc1bd18a6fccb
par-categorie,Fighters,S9LFM34,,169,266,ccc28f3009d38587
par-categorie,Fighters,S9LFM35,,169,266,a3e9b39303cd8794
par-categorie,Fighters,S9LFM36,,169,266,09c3e168ab19d60b
par-categorie,Fighters,S9LFM37,,169,266,8b937eda970ebf12
par-categorie,Fighters,S9LFM38,,169,266,9e6848ff85e8fbcb
par-categorie,Fighters,S9LFM39,,169,266,dffb2bb4d4b7d1a5
par-categorie,Fighters,S9LFM4,,169,266,670ed83fd261c499
par-categorie,Fighters,S9LFM40,,169,266,b8156ff578b4d51e
par-categorie,Fighters,S9LFM41,,169,266,a9542ad39b1de1fc
par-categorie,Fighters,S9LFM42,,169,266,58876d656d447db0
par-categorie,Fighters,S9LFM43,,169,266,ae77e86e5010f793
par-categorie,Fighters,S9LFM44,,169,266,7a5dd0f706773f1f
par-categorie,Fighters,S9LFM45,,169,266,00436e847364aac6
par-categorie,Fighters,S9LFM46,,169,266,fbb90a22663c178c
par-categorie,Fighters,S9LFM47,,169,266,44025610f5f37f89
par-categorie,Fighters,S9LFM48,,169,266,75d8a4faa5d7df28
par-categorie,Fighters,S9LFM49,,169,266,2a74082b6139f9cc
par-categorie,Fighters,S9LFM5,,169,266,b3459ca92e1986c4
par-categorie,Fighters,S9LFM50,,169,266,68a908bddaa0d59c
par-categorie,Fighters,S9LFM51,,169,266,cf4e6b21ca0445f3
par-categorie,Fighters,S9LFM52,,169,266,7ffe3184268e6793
par-categorie,Fighters,S9LFM53,,169,266,8ba5557b10d44300
par-categorie,Fighters,S9LFM54,,169,266,163a8a2b764868af
par-categorie,Fighters,S9LFM55,,169,266,2364703fde30be63
par-categorie,Fighters,S9LFM56,,169,266,919a77ea4a4bf864
par-categorie,Fighters,S9LFM57,,169,266,71dc9fc4b6626303
par-categorie,Fighters,S9LFM58,,169,266,a7caf42e5a4101c6
par-categorie,Fighters,S9LFM59,,169,266,f406582ac64492cc
par-categorie,Fighters,S9LFM6,,169,266,4caaaf963f104be9
par-categorie,Fighters,S9LFM60,,169,266,c04c7692bea85d20
par-categorie,Fighters,S9LFM61,,169,266,c039bd6b4e771eeb
par-categorie,Fighters,S9LFM62,,169,266,2c8df505cdd4249f
par-categorie,Fighters,S9LFM63,,169,266,e11bd46b5144efda
par-categorie,Fighters,S9LFM64,,169,266,1582c9f1a040b2ba
par-categorie,Fighters,S9LFM65,,169,266,ceb012d22fadd5d4
par-categorie,Fighters,S9LFM66,,169,266,28fcbaf9bb7dcbb2
par-categorie,Fighters,S9LFM67,,169,266,7f8080bcd2add16e
par-categorie,Fighters,S9LFM68,,169,266,549db08dd72dc18a
par-categorie,Fighters,S9LFM69,,169,266,4eab618006e3f0b9
par-categorie,Fighters,S9LFM7,,169,266,27fa7119171970ff
par-categorie,Fighters,S9LFM70,,169,266,110de32480f21ff4
par-categorie,Fighters,S9LFM71,,169,266,621edc7e92fe2da1
par-categorie,Fighters,S9LFM72,,169,266,ae5ebed7193ee7f6
par-categorie,Fighters,S9LFM73,,169,266,91738889b5bde387
par-categorie,Fighters,S9LFM74,,169,266,55431d37da02f86b
par-categorie,Fighters,S9LFM75,,169,266,c039b80c10539ff5
par-categorie,Fighters,S9LFM76,,169,266,cc7fa191d70fbe2c
par-categorie,Fighters,S9LFM8,,169,266,a884f647a972a912
par-categorie,Fighters,S9LFM9,,169,266,53a2458213e8e837
par-categorie,Fighters,S9LFWF1,,169,266,31885dcbbfc6d505
par-categorie,Fighters,S9LFWF2,,169,266,f49d385b3e18b0e9
par-categorie,Fighters,S9LFWM1,,169,266,202d60afa2bee4d2
par-categorie,Fighters,S9LFWM2,,169,266,e73483b3bb819126
par-categorie,Fighters,S9LFWM3,,169,266,194935e42d86cb1a
par-categorie,Fighters,S9LFWM4,,169,266,2d61842a045b33d8
par-categorie,FlamingFist,S9FFF1,,169,266,c121f147e6ccb35f
par-categorie,FlamingFist,S9FFF2,,169,266,cf91a04f73badeba
par-categorie,FlamingFist,S9FFF3,,169,266,3d727465511df5cf
par-categorie,FlamingFist,S9FFF4,,169,266,d6e0f34786f293cf
par-categorie,FlamingFist,S9FFF5,,169,266,bfb1b9e3cb9a7499
par-categorie,FlamingFist,S9FFF6,,169,266,d0a897e27e0f8717
par-categorie,FlamingFist,S9FFM1,,169,266,d2d5577cee93cd06
par-categorie,FlamingFist,S9FFM10,,169,266,73b57ee57365124d
par-categorie,FlamingFist,S9FFM11,,169,266,b9635e15b0b49a90
par-categorie,FlamingFist,S9FFM12,,169,266,54bd6b1964c1d1ac
par-categorie,FlamingFist,S9FFM13,,169,266,ecb65409fdbb9724
par-categorie,FlamingFist,S9FFM2,,169,266,fde31b0bc8bc322e
par-categorie,FlamingFist,S9FFM3,,169,266,c1b5e43e4131dd32
par-categorie,FlamingFist,S9FFM4,,169,266,66523722f20a6943
par-categorie,FlamingFist,S9FFM5,,169,266,b85a54ce75f33588
par-categorie,FlamingFist,S9FFM6,,169,266,d2d5577cee93cd06
par-categorie,FlamingFist,S9FFM7,,169,266,1725eb7ef15578be
par-categorie,FlamingFist,S9FFM8,,169,266,a2fb21c052acd78a
par-categorie,FlamingFist,S9FFM9,,169,266,c1b5e43e4131dd32
par-categorie,Genie,S9EGRD1,,169,266,0b5753ab78a5a103
par-categorie,Genie,S9EGRD2,,169,266,d6bc75d4bdb9496c
par-categorie,Genie,S9EGRD3,,169,266,5397c0ffa9cce8ee
par-categorie,Genie,S9EGRD4,,169,266,92e2f519e2b69bdf
par-categorie,Genie,S9EGRD5,,169,266,84fc3758e9469907
par-categorie,Genie,S9GENI1,,169,266,60d94f4c41506a5c
par-categorie,Genie,S9GENI10,,169,266,be38624da7e3c348
par-categorie,Genie,S9GENI2,,169,266,a72e985196cab87a
par-categorie,Genie,S9GENI3,,169,266,825e18cc8a2b7faa
par-categorie,Genie,S9GENI4,,169,266,26f60d9330577065
par-categorie,Genie,S9GENI5,,169,266,08ac35c9d7a775a3
par-categorie,Genie,S9GENI6,,169,266,564d8509c6d6c034
par-categorie,Genie,S9GENI7,,169,266,3f04a44dcbaea9fa
par-categorie,Genie,S9GENI8,,169,266,51826abf969dbd6b
par-categorie,Genie,S9GENI9,,169,266,11d715a5ed1dcb44
par-categorie,Ghosts,S9GSTF1,,169,266,bf8234bb313f552f
par-categorie,Ghosts,S9GSTF2,,169,266,059b9b251512bd55
par-categorie,Ghosts,S9GSTF3,,169,266,0b4df0aa2456fd28
par-categorie,Ghosts,S9GSTM1,,169,266,7f5120e16a303061
par-categorie,Ghosts,S9GSTM10,,169,266,aee76c68ddad586f
par-categorie,Ghosts,S9GSTM11,,169,266,c9472eac8cc6fe84
par-categorie,Ghosts,S9GSTM12,,169,266,50df3fcc952cc414
par-categorie,Ghosts,S9GSTM13,,169,266,eb0a739ca03995b2
par-categorie,Ghosts,S9GSTM14,,169,266,36c800a0d82d4ba2
par-categorie,Ghosts,S9GSTM15,,169,266,b60274cf32d278f1
par-categorie,Ghosts,S9GSTM16,,169,266,a7b46eec27d5347c
par-categorie,Ghosts,S9GSTM17,,169,266,23f6172924d0ccc2
par-categorie,Ghosts,S9GSTM18,,169,266,6566958cc644ca8e
par-categorie,Ghosts,S9GSTM2,,169,266,036e6b2da08bb716
par-categorie,Ghosts,S9GSTM3,,169,266,24e1c77263f444cc
par-categorie,Ghosts,S9GSTM4,,169,266,8d1eb708d8c24e0e
par-categorie,Ghosts,S9GSTM5,,169,266,979680519ea41eec
par-categorie,Ghosts,S9GSTM6,,169,266,abfb3a2ecb372c51
par-categorie,Ghosts,S9GSTM7,,169,266,3e494a9762b73a54
par-categorie,Ghosts,S9GSTM8,,169,266,ace8c42124b3b37a
par-categorie,Ghosts,S9GSTM9,,169,266,3f1af154df991610
par-categorie,Ghouls,S9GHUL1,,169,266,299416169198ba01
par-categorie,Ghouls,S9GHUL2,,169,266,9c9ef252ea14a3ac
par-categorie,Ghouls,S9GHUL3,,169,266,5e30f174f57b9acb
par-categorie,Githyanki,S9GITH1,,169,266,02f52e3d341872f7
par-categorie,Githyanki,S9GITH2,,169,266,3986e7b360c3a2cc
par-categorie,Githyanki,S9GITH3,,169,266,ad859d0958d780e2
par-categorie,Gnoll,S9GNL1,,169,266,5432df6720d0ad15
par-categorie,Gnoll,S9GNL2,,169,266,cdbdf1d54a386785
par-categorie,Gnoll,S9GNL3,,169,266,2f8e9bd22d758330
par-categorie,Gnoll,S9GNL4,,169,266,fc526c2084de39ca
par-categorie,Gnoll,S9GNL5,,169,266,d2cf799be0812611
par-categorie,Gnoll,S9GNL6,,169,266,d0dd35d3e7849a63
par-categorie,Gnomes,S9GNF1,,169,266,ab0b7e606592885d
par-categorie,Gnomes,S9GNF2,,169,266,c7c8db3969016301
par-categorie,Gnomes,S9GNF3,,169,266,5da01a6874188186
par-categorie,Gnomes,S9GNM1,,169,266,01aebf56abcf05e8
par-categorie,Gnomes,S9GNM2,,169,266,7f9b5b454b849705
par-categorie,Gnomes,S9GNM3,,169,266,32881bc3cc17f027
par-categorie,Gnomes,S9GNM4,,169,266,be1bb6d56a729f23
par-categorie,Gnomes,S9GNM5,,169,266,af4b96690adb9fd0
par-categorie,Gnomes,S9GNM6,,169,266,1d866be51c5e7828
par-categorie,Gnomes,S9GNM7,,169,266,c79e00173402bfd5
par-categorie,Gnomes,S9GNM8,,169,266,224e3ff3c569637a
par-categorie,Gnomes,S9SVN1,,169,266,308a6affeb061567
par-categorie,Gnomes,S9SVN2,,169,266,ebae3f17ddc3c394
par-categorie,Gnomes,S9SVN3,,169,266,568135f2952bbf0d
par-categorie,Golem,S9GOL1,,169,266,66b9a2c9d421d13d
par-categorie,Golem,S9GOL2,,169,266,72988ae2ebd491c4
par-categorie,Golem,S9GOL3,,169,266,25821895768bb5d5
par-categorie,Golem,S9GOL4,,169,266,d4cb796620d32be6
par-categorie,HalfElves,S9HEF1,,169,266,6ad7005d19cf1ea8
par-categorie,HalfElves,S9HEF2,,169,266,8ef11c55350f695d
par-categorie,HalfElves,S9HEF3,,169,266,7756eaf3c6361f18
par-categorie,HalfElves,S9HEF4,,169,266,649954472432d717
par-categorie,HalfElves,S9HEM1,,169,266,50424233d5b8ff49
par-categorie,HalfElves,S9HEM2,,169,266,a17c63866de73896
par-categorie,HalfElves,S9HEM3,,169,266,a79428586702164a
par-categorie,Halflings,S9HFF1,,169,266,063fe2bb2e793632
par-categorie,Halflings,S9HFF2,,169,266,d6c0718db501cafc
par-categorie,Halflings,S9HFF3,,169,266,1a9b81ff77c9330e
par-categorie,Halflings,S9HFF4,,169,266,66aa4670f4513f88
par-categorie,Halflings,S9HFF5,,169,266,c567cac2a8826137
par-categorie,Halflings,S9HFF6,,169,266,61f420ab4113767f
par-categorie,Halflings,S9HFM1,,169,266,66616af71e6c944d
par-categorie,Halflings,S9HFM2,,169,266,2b6b357f78ebe0ab
par-categorie,Halflings,S9HFM3,,169,266,6bdecd996f1de0a6
par-categorie,Halflings,S9HFM4,,169,266,5a39f3a753a578f2
par-categorie,Halflings,S9HFM5,,169,266,3467fcbb1e668fad
par-categorie,Halflings,S9HFM6,,169,266,34f58892720f1a96
par-categorie,Halflings,S9HFTF1,,169,266,39b1c4854b9c02f9
par-categorie,Halflings,S9HFTF2,,169,266,41ee279a365d43cf
par-categorie,Halflings,S9HFTM1,,169,266,a9e30e5c53caab92
par-categorie,Halflings,S9HFTM2,,169,266,92f83cd5b2572284
par-categorie,Halforcs,S9HOF1,,169,266,6979229d122a2b5b
par-categorie,Halforcs,S9HOF2,,169,266,cbf79cfd0b389aa2
par-categorie,Halforcs,S9HOF3,,169,266,75c8fbf0a2916f1f
par-categorie,Halforcs,S9HOF4,,169,266,ed486b81a8a50c26
par-categorie,Halforcs,S9HOF5,,169,266,63d1b303fa955419
par-categorie,Halforcs,S9HOF6,,169,266,2aa8416fdc1f496a
par-categorie,Halforcs,S9HOF7,,169,266,ebe6246d86ff062d
par-categorie,Halforcs,S9HOM1,,169,266,852d0bfdc6da0407
par-categorie,Halforcs,S9HOM2,,169,266,2e41a576fe1deb8b
par-categorie,Halforcs,S9HOM3,,169,266,99c173d6ba2876d4
par-categorie,Halforcs,S9HOM4,,169,266,a28f041d832d2b28
par-categorie,Halforcs,S9HOM5,,169,266,04e8492479d0d24a
par-categorie,Halforcs,S9HOM6,,169,266,c6c44380e9b74e76
par-categorie,Halforcs,S9HOM7,,169,266,0e772f19125e875c
par-categorie,Halforcs,S9HOM8,,169,266,c564db49e8c171a0
par-categorie,Halforcs,S9HOM9,,169,266,e4cb4d76a3910830
par-categorie,Imps,S9IMPF1,,169,266,001771dc7a05d37a
par-categorie,Imps,S9IMPF2,,169,266,b2777c6781d319a9
par-categorie,Imps,S9IMPM1,,169,266,d9df187decac819f
par-categorie,Imps,S9IMPM2,,169,266,c103ef66448a0376
par-categorie,Imps,S9IMPM3,,169,266,5402cf811bf6fdd6
par-categorie,Imps,S9IMPM4,,169,266,222c02d54c686927
par-categorie,Kids,S9BYA1,,169,266,7f98f615a095daec
par-categorie,Kids,S9BYA2,,169,266,f70c1ee9c28e2cf9
par-categorie,Kids,S9BYA3,,169,266,04c6684e530cc1c9
par-categorie,Kids,S9BYA4,,169,266,916556a56304ffb0
par-categorie,Kids,S9BYA5,,169,266,40a1f05faaa2ab1e
par-categorie,Kids,S9BYA6,,169,266,7293dff6f9ee8fbb
par-categorie,Kids,S9BYA7,,169,266,b77d2a4f6456828b
par-categorie,Kids,S9BYA8,,169,266,f1366aa4a125f3f1
par-categorie,Kids,S9BYA9,,169,266,02fda04c6ade8176
par-categorie,Kids,S9BYB1,,169,266,71582bbca8625e72
par-categorie,Kids,S9BYB2,,169,266,4a017a19e4431fa3
par-categorie,Kids,S9BYB3,,169,266,398f2d8e7738d5dc
par-categorie,Kids,S9GIRL1,,169,266,f6426453c93eb7fb
par-categorie,Kids,S9GIRL10,,169,266,79ac434769baf8fb
par-categorie,Kids,S9GIRL11,,169,266,a4f1af08344e18de
par-categorie,Kids,S9GIRL12,,169,266,95e36eec530f6169
par-categorie,Kids,S9GIRL13,,169,266,719667eae2d5909f
par-categorie,Kids,S9GIRL14,,169,266,4acff30a8fe0abed
par-categorie,Kids,S9GIRL2,,169,266,cf88ea36ef0b969f
par-categorie,Kids,S9GIRL3,,169,266,414d7203ec378b0f
par-categorie,Kids,S9GIRL4,,169,266,dd75cfe97e4a0419
par-categorie,Kids,S9GIRL5,,169,266,62108477e416cdc4
par-categorie,Kids,S9GIRL6,,169,266,de859c91ac3cacfa
par-categorie,Kids,S9GIRL7,,169,266,eec771b22dae520b
par-categorie,Kids,S9GIRL8,,169,266,67fab30a0ac39cd9
par-categorie,Kids,S9GIRL9,,169,266,f4bb9c03f02adb3c
par-categorie,Knights,S9KF1,,169,266,0d9c9924d175f966
par-categorie,Knights,S9KF10,,169,266,896cdc9548045ec4
par-categorie,Knights,S9KF11,,169,266,21cd5b8ef7841c53
par-categorie,Knights,S9KF12,,169,266,8245e644a894a12d
par-categorie,Knights,S9KF2,,169,266,272814b31333fc8d
par-categorie,Knights,S9KF3,,169,266,949158c4ac41e854
par-categorie,Knights,S9KF4,,169,266,3a1b09357edbc808
par-categorie,Knights,S9KF5,,169,266,a5e37b252346adea
par-categorie,Knights,S9KF6,,169,266,2b257bc36390bf05
par-categorie,Knights,S9KF7,,169,266,8c496dc468efcd20
par-categorie,Knights,S9KF8,,169,266,77248b36d38a9a51
par-categorie,Knights,S9KF9,,169,266,f3da83ce74c5d6e9
par-categorie,Knights,S9KM1,,169,266,7eb8462dbd128af5
par-categorie,Knights,S9KM10,,169,266,d540c10eb80911da
par-categorie,Knights,S9KM11,,169,266,30c659ea9f8ea324
par-categorie,Knights,S9KM12,,169,266,da3584321a6318e3
par-categorie,Knights,S9KM13,,169,266,f45da11db776ebda
par-categorie,Knights,S9KM14,,169,266,a98212d8e3e31b9e
par-categorie,Knights,S9KM15,,169,266,52b5f30c02cfba84
par-categorie,Knights,S9KM16,,169,266,933ff7659d84d9f6
par-categorie,Knights,S9KM17,,169,266,25bb2df9e77adec1
par-categorie,Knights,S9KM18,,169,266,b14f19ab11daa8c5
par-categorie,Knights,S9KM19,,169,266,a03b775cbb131080
par-categorie,Knights,S9KM2,,169,266,e15acdb2b66f1e15
par-categorie,Knights,S9KM20,,169,266,c20716544643dd15
par-categorie,Knights,S9KM21,,169,266,7cf23a9af90de8dc
par-categorie,Knights,S9KM22,,169,266,7f2ad384b55539b0
par-categorie,Knights,S9KM23,,169,266,d355328c280cf18e
par-categorie,Knights,S9KM24,,169,266,9341cb65db94d0f5
par-categorie,Knights,S9KM25,,169,266,85c67639a6e126d8
par-categorie,Knights,S9KM26,,169,266,55f175cf552c5c6f
par-categorie,Knights,S9KM27,,169,266,01b0bafadcc387bd
par-categorie,Knights,S9KM28,,169,266,2ca61eda1dd666e4
par-categorie,Knights,S9KM29,,169,266,766e23bc8579c3ea
par-categorie,Knights,S9KM3,,169,266,1e935d4f001f052f
par-categorie,Knights,S9KM30,,169,266,5553ee611da9130a
par-categorie,Knights,S9KM31,,169,266,773fc3fe9a04624e
par-categorie,Knights,S9KM4,,169,266,a69cbf0a5b2eff17
par-categorie,Knights,S9KM5,,169,266,29630ef01f996c92
par-categorie,Knights,S9KM6,,169,266,3de628d817710033
par-categorie,Knights,S9KM7,,169,266,f0c4fedc514242bb
par-categorie,Knights,S9KM8,,169,266,87e7c825a04207f0
par-categorie,Knights,S9KM9,,169,266,6bf006a8bb66c454
par-categorie,Lich,S9LICH1,,169,266,7387be37d1ca31eb
par-categorie,Lich,S9LICH10,,169,266,25d36b5097685f87
par-categorie,Lich,S9LICH11,,169,266,1d32b8111b05543f
par-categorie,Lich,S9LICH12,,169,266,1e7d5836065ce6b6
par-categorie,Lich,S9LICH13,,169,266,05c600590a67ad41
par-categorie,Lich,S9LICH14,,169,266,b9832674784b596e
par-categorie,Lich,S9LICH2,,169,266,b605f0bbb67b326c
par-categorie,Lich,S9LICH3,,169,266,8c36541152405277
par-categorie,Lich,S9LICH4,,169,266,800fc5e6bb0e8f49
par-categorie,Lich,S9LICH5,,169,266,e05f16ae3d64a9e5
par-categorie,Lich,S9LICH6,,169,266,bdfd9e33e7f31f90
par-categorie,Lich,S9LICH7,,169,266,aa655dde1202b218
par-categorie,Lich,S9LICH8,,169,266,c83f1d2a31921f4d
par-categorie,Lich,S9LICH9,,169,266,39eb5dea8f4b9c8b
par-categorie,Merchants,S9MRF1,,169,266,bec7ae2d22dd28c2
par-categorie,Merchants,S9MRF2,,169,266,376852fdcd129010
par-categorie,Merchants,S9MRF3,,169,266,6c43d79e04689989
par-categorie,Merchants,S9MRM1,,169,266,7e29180d34ae8611
par-categorie,Merchants,S9MRM10,,169,266,7eacb8353742ab75
par-categorie,Merchants,S9MRM11,,169,266,dbd802c4c70e2faf
par-categorie,Merchants,S9MRM12,,169,266,3a3f1f22c98f7806
par-categorie,Merchants,S9MRM13,,169,266,a296f59380050f5a
par-categorie,Merchants,S9MRM14,,169,266,a97a43fb03230291
par-categorie,Merchants,S9MRM15,,169,266,43c418b1822d2fad
par-categorie,Merchants,S9MRM16,,169,266,59672ce255fb20bc
par-categorie,Merchants,S9MRM17,,169,266,f5afe6d06c935aa9
par-categorie,Merchants,S9MRM18,,169,266,4bc514face38a52c
par-categorie,Merchants,S9MRM19,,169,266,84b9426ab9622dc7
par-categorie,Merchants,S9MRM2,,169,266,1a937896f714577f
par-categorie,Merchants,S9MRM20,,169,266,9e56e116a1b026e9
par-categorie,Merchants,S9MRM21,,169,266,72bff2e585bb634a
par-categorie,Merchants,S9MRM22,,169,266,df29de6bfff85213
par-categorie,Merchants,S9MRM3,,169,266,1a9f3af1e1a8c0b4
par-categorie,Merchants,S9MRM4,,169,266,9c0443b2e83bffd9
par-categorie,Merchants,S9MRM5,,169,266,f8bba9054c53f734
par-categorie,Merchants,S9MRM6,,169,266,ebe1f8c637af9d74
par-categorie,Merchants,S9MRM7,,169,266,81d1f7449b919810
par-categorie,Merchants,S9MRM8,,169,266,254a72c905229a0b
par-categorie,Merchants,S9MRM9,,169,266,14aeb2963f070c9f
par-categorie,Monks,S9BMF1,,169,266,190bd1a69701216a
par-categorie,Monks,S9BMF2,,169,266,8cf5d2d6cfc98558
par-categorie,Monks,S9BMF3,,169,266,9c62713f3fb1d412
par-categorie,Monks,S9BMM1,,169,266,50ccbde0cb31a84c
par-categorie,Monks,S9BMM2,,169,266,50a53c30ec389a49
par-categorie,Monks,S9BMM3,,169,266,b7fe7debc319dccd
par-categorie,Monks,S9BMM4,,169,266,74c5b4ed277da466
par-categorie,Monks,S9BMM5,,169,266,6d03717fc2a4a7a8
par-categorie,Monks,S9BMM6,,169,266,2fc18e25cc75d357
par-categorie,Monks,S9GMF1,,169,266,1e7c1b93da614bac
par-categorie,Monks,S9GMF2,,169,266,23ca4c746d328b9f
par-categorie,Monks,S9GMF3,,169,266,a316b2450d5cca45
par-categorie,Monks,S9GMM1,,169,266,ad8b1932023d4fe0
par-categorie,Monks,S9GMM10,,169,266,d558edec9d4e83d1
par-categorie,Monks,S9GMM2,,169,266,ab91f6f8bd477fd9
par-categorie,Monks,S9GMM3,,169,266,bc3584675698361d
par-categorie,Monks,S9GMM4,,169,266,ddc7cfa873be8e70
par-categorie,Monks,S9GMM5,,169,266,5144aa6329ddb026
par-categorie,Monks,S9GMM6,,169,266,533c5e58159da0b5
par-categorie,Monks,S9GMM7,,169,266,4a089fa41a21d9b9
par-categorie,Monks,S9GMM8,,169,266,24cc7a7464be23ea
par-categorie,Monks,S9GMM9,,169,266,74738597d8bfaebd
par-categorie,Mummy,S9MUMM1,,169,266,8d537158935f8767
par-categorie,Mummy,S9MUMM2,,169,266,f915a9f8c6f09f11
par-categorie,Mummy,S9MUMM3,,169,266,f660c307ad1d04d3
par-categorie,Mummy,S9MUMM4,,169,266,1128d359c34873e5
par-categorie,Mummy,S9MUMM5,,169,266,dcba45920cccd32b
par-categorie,Mummy,S9MUMM6,,169,266,e4fab9b26bedd857
par-categorie,Mummy,S9MUMM7,,169,266,28a046eb8e24d7b8
par-categorie,Mummy,S9MUMM8,,169,266,568b0c9df644243d
par-categorie,Nobles,S9NBM1,,169,266,3d2333b34ff15385
par-categorie,Nobles,S9NBM10,,169,266,dec01c3773bbe48a
par-categorie,Nobles,S9NBM11,,169,266,bc6af1f0b75c8207
par-categorie,Nobles,S9NBM12,,169,266,39d16647501d7b1c
par-categorie,Nobles,S9NBM13,,169,266,6c06b8a9e2afd9b1
par-categorie,Nobles,S9NBM14,,169,266,d9444434bf235d2f
par-categorie,Nobles,S9NBM15,,169,266,c98c85d2810e81b2
par-categorie,Nobles,S9NBM16,,169,266,368753d7af1c6755
par-categorie,Nobles,S9NBM17,,169,266,5d2b4747ad5d5f46
par-categorie,Nobles,S9NBM18,,169,266,1959830af016b394
par-categorie,Nobles,S9NBM19,,169,266,6b08efe6c5888d49
par-categorie,Nobles,S9NBM2,,169,266,6fe25fa4d34338d8
par-categorie,Nobles,S9NBM20,,169,266,8c7bf3d60d220dfc
par-categorie,Nobles,S9NBM21,,169,266,c76306dc9dd37fec
par-categorie,Nobles,S9NBM22,,169,266,b9c8432b3f2cbc79
par-categorie,Nobles,S9NBM23,,169,266,5a7e0e51245d104f
par-categorie,Nobles,S9NBM24,,169,266,331f8df02cb4c54b
par-categorie,Nobles,S9NBM3,,169,266,94cf2079e4d89597
par-categorie,Nobles,S9NBM4,,169,266,cebccd3deedb0b72
par-categorie,Nobles,S9NBM5,,169,266,4a597baf863d366f
par-categorie,Nobles,S9NBM6,,169,266,72cc157feebc1930
par-categorie,Nobles,S9NBM7,,169,266,2616770d175dbc3b
par-categorie,Nobles,S9NBM8,,169,266,dda8c481e693e814
par-categorie,Nobles,S9NBM9,,169,266,661bced75beb60ab
par-categorie,Nobles,S9NBW1,,169,266,bbfbb3f562944d47
par-categorie,Nobles,S9NBW10,,169,266,474dbed065d01ac7
par-categorie,Nobles,S9NBW11,,169,266,e487e7b33f10f1fb
par-categorie,Nobles,S9NBW12,,169,266,16a8b54eac079477
par-categorie,Nobles,S9NBW13,,169,266,945feeb8fde274f2
par-categorie,Nobles,S9NBW14,,169,266,1f5af7e68f36debb
par-categorie,Nobles,S9NBW15,,169,266,aa268a89a48acc7a
par-categorie,Nobles,S9NBW16,,169,266,d222ecc2a6b1cd1a
par-categorie,Nobles,S9NBW17,,169,266,795e367d98772b6c
par-categorie,Nobles,S9NBW18,,169,266,461a2c70ee5f24e5
par-categorie,Nobles,S9NBW19,,169,266,24ba0c50c7c1e831
par-categorie,Nobles,S9NBW2,,169,266,dbc0563b127ef144
par-categorie,Nobles,S9NBW20,,169,266,cb0680c72173dbe4
par-categorie,Nobles,S9NBW21,,169,266,e03f4f171bfd207b
par-categorie,Nobles,S9NBW22,,169,266,3f94771e1f1064f6
par-categorie,Nobles,S9NBW23,,169,266,a9f4dfc2555b7184
par-categorie,Nobles,S9NBW24,,169,266,d91525308016d3e3
par-categorie,Nobles,S9NBW25,,169,266,a030be198313e29b
par-categorie,Nobles,S9NBW3,,169,266,dc655379ef38a38b
par-categorie,Nobles,S9NBW4,,169,266,628b04c9fac1bf2b
par-categorie,Nobles,S9NBW5,,169,266,30ce2c467100f851
par-categorie,Nobles,S9NBW6,,169,266,1eb9395afa2bb691
par-categorie,Nobles,S9NBW7,,169,266,ba03c3d52162eac3
par-categorie,Nobles,S9NBW8,,169,266,0837bdbb7fdf4312
par-categorie,Nobles,S9NBW9,,169,266,caf68c864695354c
par-categorie,Ogres,S9OGMM1,,169,266,5a690d2398c04673
par-categorie,Ogres,S9OGMM2,,169,266,e47322afe0c5a01e
par-categorie,Ogres,S9OGMM3,,169,266,416c5ea7eef9aaea
par-categorie,Ogres,S9OGRF1,,169,266,84a52989e0d6938a
par-categorie,Ogres,S9OGRF2,,169,266,2d04ffe3d60669c0
par-categorie,Ogres,S9OGRM1,,169,266,af43d0ba94aa5ee9
par-categorie,Ogres,S9OGRM2,,169,266,8b033027c45d5dbd
par-categorie,Ogres,S9OGRM3,,169,266,23ec422067bc015c
par-categorie,Ogres,S9OGRM4,,169,266,f08a54008f2820db
par-categorie,Ogres,S9OGRM5,,169,266,43cd7b8ef55651d1
par-categorie,Ogres,S9OGRM6,,169,266,1c984ba64c6136f2
par-categorie,Ogres,S9OGRM7,,169,266,5e40e5d293c22214
par-categorie,Ogres,S9OGRM8,,169,266,35be4b77c4ec6e6a
par-categorie,OGT,S9HOBM1,,169,266,e8085770d4d44ba7
par-categorie,OGT,S9HOBM2,,169,266,ef846000a19761d7
par-categorie,OGT,S9HOBM3,,169,266,9b009c51b0a8f73f
par-categorie,OGT,S9HOBM4,,169,266,91cda33b11dc66c4
par-categorie,OGT,S9HOBM5,,169,266,0870eb5cbc513a0a
par-categorie,OGT,S9HOBM6,,169,266,7620e259c3d6341c
par-categorie,OGT,S9KBLD1,,169,266,d71c8f0c5cf99abe
par-categorie,OGT,S9KBLD2,,169,266,03b63f6d99324689
par-categorie,OGT,S9KBLD3,,169,266,f8696158fb153ae3
par-categorie,OGT,S9KBLD4,,169,266,91968caa483c1c6d
par-categorie,OGT,S9KBLD5,,169,266,f999f890eef34624
par-categorie,OGT,S9ORC1,,169,266,cff24a13a717988f
par-categorie,OGT,S9ORC10,,169,266,00c1466b7239cc7e
par-categorie,OGT,S9ORC2,,169,266,df0c28dfc1659f4a
par-categorie,OGT,S9ORC3,,169,266,17bfdf9ceb6745ba
par-categorie,OGT,S9ORC4,,169,266,4c11fc0a9b1dc700
par-categorie,OGT,S9ORC5,,169,266,2c45c2a9f75c2f17
par-categorie,OGT,S9ORC6,,169,266,9a770455918c43ed
par-categorie,OGT,S9ORC7,,169,266,99235348c7c9e310
par-categorie,OGT,S9ORC8,,169,266,5d5a604e9201379c
par-categorie,OGT,S9ORC9,,169,266,5b61a6475bc0700b
par-categorie,OGT,S9TRL1,,169,266,889a4bc111ef4b7a
par-categorie,OGT,S9TRL2,,169,266,caf0f1691a85fe78
par-categorie,OGT,S9TRL3,,169,266,63862260a83975a1
par-categorie,OGT,S9TRL4,,169,266,af0ba158915d59d6
par-categorie,OGT,S9TRL5,,169,266,b1dd61cb3466a347
par-categorie,OGT,S9TRL6,,169,266,7b0f67fe76e368e5
par-categorie,OGT,S9TRL7,,169,266,939c1b3c030f9423
par-categorie,OGT,S9TRL8,,169,266,a0b11826a7192499
par-categorie,OGT,S9TRL9,,169,266,99ab50770526fd68
par-categorie,Planatar,S9PLNF1,,169,266,3bd8988014907c68
par-categorie,Planatar,S9PLNF2,,169,266,93fc57f7fc19f26f
par-categorie,Planatar,S9PLNF3,,169,266,7ac3eabe2b9be15b
par-categorie,Planatar,S9PLNM1,,169,266,6376d787a9d6820d
par-categorie,Planatar,S9PLNM2,,169,266,14eddda9f3840498
par-categorie,Priests,S9PRBF1,,169,266,e624bce70f38b9ea
par-categorie,Priests,S9PRBF2,,169,266,d0ef595e33e360ca
par-categorie,Priests,S9PRBF3,,169,266,31f8d19b5d2bcd91
par-categorie,Priests,S9PRBM1,,169,266,7afcf3bcd92e4793
par-categorie,Priests,S9PRBM2,,169,266,88a29ff676b62b11
par-categorie,Priests,S9PREF1,,169,266,73c54364e54b89f4
par-categorie,Priests,S9PREF2,,169,266,11eb3f428787c763
par-categorie,Priests,S9PREM1,,169,266,fe20a286826cfba7
par-categorie,Priests,S9PREM2,,169,266,c6d9381dab4bde9d
par-categorie,Priests,S9PREM3,,169,266,71fc20f7ae363e27
par-categorie,Priests,S9PREM4,,169,266,b0fb3633bd029ae9
par-categorie,Priests,S9PREM5,,169,266,430b8b82aa52cb50
par-categorie,Priests,S9PREM6,,169,266,35ca1f19ad92fb3b
par-categorie,Priests,S9PREM7,,169,266,73ba886bcd25d19f
par-categorie,Prophets,S9PROM1,,169,266,b2e615eb6af61fc6
par-categorie,Prophets,S9PROM2,,169,266,f78443011f1f76f1
par-categorie,Prophets,S9PROM3,,169,266,07c56fcdce77a961
par-categorie,Readers,S9READ1,,169,266,dee1850f4dddab37
par-categorie,Readers,S9READ2,,169,266,626b1748cde9fd82
par-categorie,Readers,S9READ3,,169,266,6e4b906a0b11cca6
par-categorie,Rogues,S9TFF1,,169,266,521c452b35d9819a
par-categorie,Rogues,S9TFF2,,169,266,218ee8d509e3e535
par-categorie,Rogues,S9TFF3,,169,266,4cb0c4514ad2b392
par-categorie,Rogues,S9TFF4,,169,266,cc7bab35cebd56e4
par-categorie,Rogues,S9TFF5,,169,266,a588a2d2cc512988
par-categorie,Rogues,S9TFF6,,169,266,30dfe52113770ddd
par-categorie,Rogues,S9TFF7,,169,266,5734e83bec9fbe64
par-categorie,Rogues,S9TFM1,,169,266,cf0e6c70ea8bbbc6
par-categorie,Rogues,S9TFM10,,169,266,1ff07408acfb236f
par-categorie,Rogues,S9TFM11,,169,266,263ad9192142b261
par-categorie,Rogues,S9TFM12,,169,266,3af697ad653b0774
par-categorie,Rogues,S9TFM13,,169,266,738e31afa2f2b6e2
par-categorie,Rogues,S9TFM14,,169,266,887c326224c5c2e6
par-categorie,Rogues,S9TFM15,,169,266,bbe48a529b6d2b36
par-categorie,Rogues,S9TFM16,,169,266,e7e888d1cba2a764
par-categorie,Rogues,S9TFM17,,169,266,82daf9b348e08315
par-categorie,Rogues,S9TFM18,,169,266,01782dd56134e1f4
par-categorie,Rogues,S9TFM19,,169,266,75140ada0d6c77fc
par-categorie,Rogues,S9TFM2,,169,266,33d485cd170b52e5
par-categorie,Rogues,S9TFM20,,169,266,1b2414e5f631cacd
par-categorie,Rogues,S9TFM21,,169,266,ae16c9f3d2e793f9
par-categorie,Rogues,S9TFM22,,169,266,f439f5022a7c4cc3
par-categorie,Rogues,S9TFM23,,169,266,52d31a2244ec1f21
par-categorie,Rogues,S9TFM24,,169,266,56a8ed42cdc11b55
par-categorie,Rogues,S9TFM25,,169,266,7dea04f53caf4da2
par-categorie,Rogues,S9TFM26,,169,266,911ea7a703f93729
par-categorie,Rogues,S9TFM27,,169,266,d488fdda19ee9c18
par-categorie,Rogues,S9TFM28,,169,266,889f7893e5d6f015
par-categorie,Rogues,S9TFM3,,169,266,99ad074c580322b6
par-categorie,Rogues,S9TFM4,,169,266,9f1c9c666a3011e9
par-categorie,Rogues,S9TFM5,,169,266,9849264e33333b70
par-categorie,Rogues,S9TFM6,,169,266,2ed7f8c17d331b14
par-categorie,Rogues,S9TFM7,,169,266,fab8c04bc94b3d27
par-categorie,Rogues,S9TFM8,,169,266,1de876009a0a6b7d
par-categorie,Rogues,S9TFM9,,169,266,e74c3ff481659881
par-categorie,Sahuagins,S9SHRF1,,169,266,d6e6d38c51ed16be
par-categorie,Sahuagins,S9SHRF2,,169,266,449f0fd6f18f957a
par-categorie,Sahuagins,S9SHRM1,,169,266,5456d6d0e3f4dff6
par-categorie,Sahuagins,S9SHRM2,,169,266,c02285d94064692c
par-categorie,Sahuagins,S9SHRM3,,169,266,d431b5d35a03c6a4
par-categorie,Sahuagins,S9SHRM4,,169,266,32a37e158be29e07
par-categorie,Sailors,S9SLRF1,,169,266,ef96e53823b6c81d
par-categorie,Sailors,S9SLRF2,,169,266,be8d6d15278838cf
par-categorie,Sailors,S9SLRF3,,169,266,c5a931f3d14d0649
par-categorie,Sailors,S9SLRF4,,169,266,f63ee8f8bb604090
par-categorie,Sailors,S9SLRM1,,169,266,fd4fda0e08c59e81
par-categorie,Sailors,S9SLRM2,,169,266,5427097ffa1cf2da
par-categorie,Sailors,S9SLRM3,,169,266,231df0cf1c120a86
par-categorie,Sailors,S9SLRM4,,169,266,38d5a821de0bd5ec
par-categorie,Sailors,S9SLRM5,,169,266,75dab50c18503af8
par-categorie,Sailors,S9SLRM6,,169,266,52458baed9093b5f
par-categorie,Sailors,S9SLRM7,,169,266,0063e2f5afa5bc1d
par-categorie,Sailors,S9SLRM8,,169,266,310e3f6c672afba9
par-categorie,Skeletons,S9SKEL1,,169,266,910cf80b92810970
par-categorie,Skeletons,S9SKEL10,,169,266,67eb364732c844e3
par-categorie,Skeletons,S9SKEL11,,169,266,8ad8cd9606668b2a
par-categorie,Skeletons,S9SKEL2,,169,266,de2c26a74f7f6df3
par-categorie,Skeletons,S9SKEL3,,169,266,94287953edb5d0f1
par-categorie,Skeletons,S9SKEL4,,169,266,cdbbc17a566ae8a8
par-categorie,Skeletons,S9SKEL5,,169,266,1f330930a331f359
par-categorie,Skeletons,S9SKEL6,,169,266,a934910c6513c1e6
par-categorie,Skeletons,S9SKEL7,,169,266,da12f289a8e93de8
par-categorie,Skeletons,S9SKEL8,,169,266,d9260f8057dcdc2c
par-categorie,Skeletons,S9SKEL9,,169,266,27ec43f1781b1cd4
par-categorie,Tieflings,S9TIFF1,,169,266,a72ccd75033339ea
par-categorie,Tieflings,S9TIFF2,,169,266,d275c4181c9a8431
par-categorie,Tieflings,S9TIFM1,,169,266,3654c49c37868acf
par-categorie,Tieflings,S9TIFM2,,169,266,3ae81cef7bf12a49
par-categorie,Tutor,S9TOOT1,,169,266,79d6f4b99a1f2988
par-categorie,Tutor,S9TOOT2,,169,266,00f753c0a00cefd5
par-categorie,Tutor,S9TOOT3,,169,266,a93fae424170213e
par-categorie,Waterdhavians,S9WDVF1,,169,266,f558d551f73f0a88
par-categorie,Waterdhavians,S9WDVF2,,169,266,b197d18d24d6cb30
par-categorie,Waterdhavians,S9WDVM1,,169,266,e869a151a2cf1fcc
par-categorie,Waterdhavians,S9WDVM10,,169,266,568d029159a7952d
par-categorie,Waterdhavians,S9WDVM11,,169,266,ce037c38cdfbaa9d
par-categorie,Waterdhavians,S9WDVM12,,169,266,a33332cec5625723
par-categorie,Waterdhavians,S9WDVM13,,169,266,df7bb400e509214c
par-categorie,Waterdhavians,S9WDVM14,,169,266,86674f7d1b6cc678
par-categorie,Waterdhavians,S9WDVM2,,169,266,c88bacf5d72d8734
par-categorie,Waterdhavians,S9WDVM3,,169,266,5c37eeaf89ad72d2
par-categorie,Waterdhavians,S9WDVM4,,169,266,9b9afcbe3bf74ed0
par-categorie,Waterdhavians,S9WDVM5,,169,266,fad5363fa54cdf91
par-categorie,Waterdhavians,S9WDVM6,,169,266,2242dfe6f6bc6187
par-categorie,Waterdhavians,S9WDVM7,,169,266,494e454b6b800746
par-categorie,Waterdhavians,S9WDVM8,,169,266,a93e26a98c1643b6
par-categorie,Waterdhavians,S9WDVM9,,169,266,20729affd25bf0c6
par-categorie,Wizards,S9COWL1,,169,266,1fa3f706a1adbb8a
par-categorie,Wizards,S9COWL2,,169,266,042868ebf510ee2c
par-categorie,Wizards,S9COWL3,,169,266,5fdf46e0ac3c2d87
par-categorie,Wizards,S9RWZF1,,169,266,1bb78deb85024200
par-categorie,Wizards,S9RWZF2,,169,266,88f7f5777b4238ee
par-categorie,Wizards,S9RWZM1,,169,266,2ec9a0d9fbcbd097
par-categorie,Wizards,S9RWZM2,,169,266,24eefd8fcc8a4a94
par-categorie,Wizards,S9RWZM3,,169,266,409e1e7e36bf2abc
par-categorie,Wizards,S9WIZF1,,169,266,39feb8932db2dbda
par-categorie,Wizards,S9WIZF2,,169,266,b1dd3809ac1e5a36
par-categorie,Wizards,S9WIZF3,,169,266,4c5dce4f68214911
par-categorie,Wizards,S9WIZF4,,169,266,084faf60d3d98085
par-categorie,Wizards,S9WIZF5,,169,266,94e5610bed1643aa
par-categorie,Wizards,S9WIZM1,,169,266,c0f66c83a7771251
par-categorie,Wizards,S9WIZM10,,169,266,b03baaae9cf094f7
par-categorie,Wizards,S9WIZM11,,169,266,dd349b6a21e1ab0e
par-categorie,Wizards,S9WIZM12,,169,266,3f13afd9d45f6c5a
par-categorie,Wizards,S9WIZM13,,169,266,a4c1e4f9e335fad6
par-categorie,Wizards,S9WIZM14,,169,266,6a49f61b5768eb6f
par-categorie,Wizards,S9WIZM2,,169,266,225c964613f4ee05
par-categorie,Wizards,S9WIZM3,,169,266,f4aae1f81a9cad0d
par-categorie,Wizards,S9WIZM4,,169,266,50cf5d12e5c1c650
par-categorie,Wizards,S9WIZM5,,169,266,f31c812ab9fe390b
par-categorie,Wizards,S9WIZM6,,169,266,88a79d9df9baa6a2
par-categorie,Wizards,S9WIZM7,,169,266,fa4a896a0505eb39
par-categorie,Wizards,S9WIZM8,,169,266,882ea64e49f30aa4
par-categorie,Wizards,S9WIZM9,,169,266,248dee3e3f2430f9
par-categorie,Zombies,S9ZOM1,,169,266,ff3c301000cfd0c8
par-categorie,Zombies,S9ZOM2,,169,266,0c78ad682e009754
par-categorie,Zombies,S9ZOM3,,169,266,1bf9925202854458
par-categorie,Zombies,S9ZOM4,,169,266,8534d81e7e94b9fc
par-categorie,Zombies,S9ZOM5,,169,266,44746c6a93e45ea0
par-categorie,Zombies,S9ZOM6,,169,266,a1c5a6d350ee6d7e
par-categorie,Zombies,S9ZOM7,,169,266,539c086d26d8e7e7
