run_key,domain,run_id,asset_count,asset_ids,path,run_kind,descriptor_path,recipe_path,result_state,qa_state,selection_state,selection_authority,inputs_state,outputs_state,provenance_state,legacy,notes
animations-pack:AR0516,animations,release-pack-ar0516,1,animations:pack:AR0516,animations/packs-par-zone/combined-20260827-ar0900-plus-ar0516-sphinct-spline-fit1/AR0516,area-animation-release-pack,animations/packs-par-zone/combined-20260827-ar0900-plus-ar0516-sphinct-spline-fit1/AR0516/manifest.json,,approved-for-release,approved,release-candidate,releases/BG2-HD-Upscale/manifests/animation-release-candidates.json,documented,present,verified,no,registre v3; QA: releases/BG2-HD-Upscale/manifests/animation-qa-approvals/AR0516/qa-approval.json
animations-pack:AR0602,animations,release-pack-ar0602,1,animations:pack:AR0602,animations/packs-par-zone/combined-20260828-ar0603-portal-spline-feather8/AR0602,area-animation-release-pack,animations/packs-par-zone/combined-20260828-ar0603-portal-spline-feather8/AR0602/manifest.json,,approved-for-release,approved,release-candidate,releases/BG2-HD-Upscale/manifests/animation-release-candidates.json,documented,present,verified,no,registre v3; QA: releases/BG2-HD-Upscale/manifests/animation-qa-approvals/AR0602/qa-approval.json
animations-pack:AR0603,animations,release-pack-ar0603,1,animations:pack:AR0603,animations/packs-par-zone/combined-20260828-ar0603-portal-spline-feather8/AR0603,area-animation-release-pack,animations/packs-par-zone/combined-20260828-ar0603-portal-spline-feather8/AR0603/manifest.json,,approved-for-release,approved,release-candidate,releases/BG2-HD-Upscale/manifests/animation-release-candidates.json,documented,present,verified,no,registre v2; QA: releases/BG2-HD-Upscale/manifests/animation-qa-approvals/AR0603/qa-approval.json
animations-pack:AR0700,animations,release-pack-ar0700,1,animations:pack:AR0700,animations/packs-par-zone/combined-20260827-plus-flame2s-ar0602-radialA/AR0700,area-animation-release-pack,animations/packs-par-zone/combined-20260827-plus-flame2s-ar0602-radialA/AR0700/manifest.json,,approved-for-release,approved,release-candidate,releases/BG2-HD-Upscale/manifests/animation-release-candidates.json,documented,present,verified,no,registre v3; QA: releases/BG2-HD-Upscale/manifests/animation-qa-approvals/AR0700/qa-approval.json
animations-pack:AR0900,animations,release-pack-ar0900,1,animations:pack:AR0900,animations/packs-par-zone/combined-20260827-ar0900-two-manual-masks-v3/AR0900,area-animation-release-pack,animations/packs-par-zone/combined-20260827-ar0900-two-manual-masks-v3/AR0900/manifest.json,,approved-for-release,approved,release-candidate,releases/BG2-HD-Upscale/manifests/animation-release-candidates.json,documented,present,verified,no,registre v3; QA: releases/BG2-HD-Upscale/manifests/animation-qa-approvals/AR0900/qa-approval.json
animations:1400T005-nightlight-x4,animations,1400T005-nightlight-x4,1,animations:bam:1400T005,animations/runs/1400T005-nightlight-x4,animation-prototype,animations/runs/1400T005-nightlight-x4/manifest.json,,prototype-pending-ingame-qa,not-assessed,historical,,documented,present,partial,yes,Migré depuis proto; rôle historique: rejected-experiment
animations:am0033ab-apo8-x4-30fps-v2,animations,am0033ab-apo8-x4-30fps-v2,1,animations:bam:AM0033AB,animations/runs/am0033ab-apo8-x4-30fps-v2,area-animation,animations/runs/am0033ab-apo8-x4-30fps-v2/manifest.json,request.json,completed,accepted,qa-approved,animations/runs/am0033ab-apo8-x4-30fps-v2/qa-approval.json,documented,present,verified,no,
animations:am0033ab-seedvr7b-lab-x4,animations,am0033ab-seedvr7b-lab-x4,1,animations:bam:AM0033AB,animations/runs/am0033ab-seedvr7b-lab-x4,area-animation,animations/runs/am0033ab-seedvr7b-lab-x4/manifest.json,,completed,not-assessed,historical,,documented,present,partial,no,
animations:AM0033AB-spline-contour-x4,animations,AM0033AB-spline-contour-x4,1,animations:bam:AM0033AB,animations/runs/AM0033AB-spline-contour-x4,animation-prototype,animations/runs/AM0033AB-spline-contour-x4/manifest.json,,validated-prototype-installed,validated,canonical-prototype,animations/index/animation_alpha_corrections.csv,documented,present,partial,yes,Migré depuis proto; rôle historique: canonical-prototype
animations:am0033ab-spline-fit1-30fps-v2,animations,am0033ab-spline-fit1-30fps-v2,1,animations:bam:AM0033AB,animations/runs/am0033ab-spline-fit1-30fps-v2,area-animation,animations/runs/am0033ab-spline-fit1-30fps-v2/manifest.json,,completed,pending-explicit-user-approval,historical,,documented,present,partial,no,
animations:am0033ab-spline-fit1-feather6-30fps-v2,animations,am0033ab-spline-fit1-feather6-30fps-v2,1,animations:bam:AM0033AB,animations/runs/am0033ab-spline-fit1-feather6-30fps-v2,area-animation,animations/runs/am0033ab-spline-fit1-feather6-30fps-v2/manifest.json,,completed,pending-explicit-user-approval,historical,,documented,present,partial,no,
animations:am0205-a-c-d-apo8-x4-30fps-v2,animations,am0205-a-c-d-apo8-x4-30fps-v2,3,animations:bam:AM0205A | animations:bam:AM0205C | animations:bam:AM0205D,animations/runs/am0205-a-c-d-apo8-x4-30fps-v2,area-animation,animations/runs/am0205-a-c-d-apo8-x4-30fps-v2/manifest.json,request.json,completed,accepted,qa-approved,animations/runs/am0205-a-c-d-apo8-x4-30fps-v2/qa-approval.json,documented,present,verified,no,
animations:AM0205A-pod-canvas-feather-x4,animations,AM0205A-pod-canvas-feather-x4,1,animations:bam:AM0205A,animations/runs/AM0205A-pod-canvas-feather-x4,animation-prototype,animations/runs/AM0205A-pod-canvas-feather-x4/manifest.json,,completed,validated,canonical-prototype,animations/index/animation_alpha_corrections.csv,documented,present,partial,yes,Migré depuis proto; rôle historique: canonical-prototype
animations:AM0205A-pod-interpolation-x4,animations,AM0205A-pod-interpolation-x4,1,animations:bam:AM0205A,animations/runs/AM0205A-pod-interpolation-x4,animation-prototype,,,unknown,not-assessed,historical,,unknown,present,partial,yes,Migré depuis proto; rôle historique: historical-base-run
animations:am0205b-apo8-x4-30fps-v2,animations,am0205b-apo8-x4-30fps-v2,1,animations:bam:AM0205B,animations/runs/am0205b-apo8-x4-30fps-v2,area-animation,animations/runs/am0205b-apo8-x4-30fps-v2/manifest.json,request.json,completed,accepted,qa-approved,animations/runs/am0205b-apo8-x4-30fps-v2/qa-approval.json,documented,present,verified,no,
animations:AM0205B-pod-canvas-feather-x4,animations,AM0205B-pod-canvas-feather-x4,1,animations:bam:AM0205B,animations/runs/AM0205B-pod-canvas-feather-x4,animation-prototype,animations/runs/AM0205B-pod-canvas-feather-x4/manifest.json,,completed,validated,canonical-prototype,animations/index/animation_alpha_corrections.csv,documented,present,partial,yes,Migré depuis proto; rôle historique: canonical-prototype
animations:AM0205C-pod-canvas-feather-x4,animations,AM0205C-pod-canvas-feather-x4,1,animations:bam:AM0205C,animations/runs/AM0205C-pod-canvas-feather-x4,animation-prototype,animations/runs/AM0205C-pod-canvas-feather-x4/manifest.json,,completed,validated,canonical-prototype,animations/index/animation_alpha_corrections.csv,documented,present,partial,yes,Migré depuis proto; rôle historique: canonical-prototype
animations:AM0205D-pod-canvas-feather-x4,animations,AM0205D-pod-canvas-feather-x4,1,animations:bam:AM0205D,animations/runs/AM0205D-pod-canvas-feather-x4,animation-prototype,animations/runs/AM0205D-pod-canvas-feather-x4/manifest.json,,completed,validated,canonical-prototype,animations/index/animation_alpha_corrections.csv,documented,present,partial,yes,Migré depuis proto; rôle historique: canonical-prototype
animations:AM0205E-orifice,animations,AM0205E-orifice,1,animations:bam:AM0205E,animations/runs/AM0205E-orifice,animation-prototype,,,unknown,not-assessed,historical,,unknown,present,partial,yes,Migré depuis proto; rôle historique: historical-base-run
animations:am0602aa-ab-ac-apo8-x4-30fps-v2,animations,am0602aa-ab-ac-apo8-x4-30fps-v2,3,animations:bam:AM0602AA | animations:bam:AM0602AB | animations:bam:AM0602AC,animations/runs/am0602aa-ab-ac-apo8-x4-30fps-v2,area-animation,animations/runs/am0602aa-ab-ac-apo8-x4-30fps-v2/manifest.json,request.json,completed,accepted,qa-approved,animations/runs/am0602aa-ab-ac-apo8-x4-30fps-v2/qa-approval.json,documented,present,verified,no,
animations:AM0602B-cheminee-manual-floor-mask-x4,animations,AM0602B-cheminee-manual-floor-mask-x4,1,animations:bam:AM0602B,animations/runs/AM0602B-cheminee-manual-floor-mask-x4,animation-prototype,,,unknown,validated,canonical-prototype,animations/index/animation_alpha_corrections.csv,unknown,present,partial,yes,Migré depuis proto; rôle historique: canonical-prototype
animations:am0602b-deheld-manual-floor-mask-30fps-v2,animations,am0602b-deheld-manual-floor-mask-30fps-v2,1,animations:bam:AM0602B,animations/runs/am0602b-deheld-manual-floor-mask-30fps-v2,area-animation,animations/runs/am0602b-deheld-manual-floor-mask-30fps-v2/manifest.json,,completed,accepted,qa-approved,animations/runs/am0602b-deheld-manual-floor-mask-30fps-v2/qa-approval.json,documented,present,verified,no,
animations:AM0602C-eau-alpha-feather-x4,animations,AM0602C-eau-alpha-feather-x4,1,animations:bam:AM0602C,animations/runs/AM0602C-eau-alpha-feather-x4,animation-prototype,animations/runs/AM0602C-eau-alpha-feather-x4/manifest.json,,completed,validated,canonical-prototype,animations/index/animation_alpha_corrections.csv,documented,present,partial,yes,Migré depuis proto; rôle historique: canonical-prototype
animations:AM0602C-eau-seedvr3b-x4-test,animations,AM0602C-eau-seedvr3b-x4-test,1,animations:bam:AM0602C,animations/runs/AM0602C-eau-seedvr3b-x4-test,animation-prototype,,,unknown,not-assessed,historical,,unknown,present,partial,yes,Migré depuis proto; rôle historique: historical-experiment
animations:AM0602D-eau-alpha-feather-x4,animations,AM0602D-eau-alpha-feather-x4,1,animations:bam:AM0602D,animations/runs/AM0602D-eau-alpha-feather-x4,animation-prototype,animations/runs/AM0602D-eau-alpha-feather-x4/manifest.json,,completed,validated,canonical-prototype,animations/index/animation_alpha_corrections.csv,documented,present,partial,yes,Migré depuis proto; rôle historique: canonical-prototype
animations:AM0602E-eau-alpha-feather-x4,animations,AM0602E-eau-alpha-feather-x4,1,animations:bam:AM0602E,animations/runs/AM0602E-eau-alpha-feather-x4,animation-prototype,animations/runs/AM0602E-eau-alpha-feather-x4/manifest.json,,completed,validated,canonical-prototype,animations/index/animation_alpha_corrections.csv,documented,present,partial,yes,Migré depuis proto; rôle historique: canonical-prototype
animations:am0602f-lantern-apo8-x4-30fps-v2,animations,am0602f-lantern-apo8-x4-30fps-v2,1,animations:bam:AM0602F,animations/runs/am0602f-lantern-apo8-x4-30fps-v2,area-animation,animations/runs/am0602f-lantern-apo8-x4-30fps-v2/manifest.json,request.json,completed,accepted,qa-approved,animations/runs/am0602f-lantern-apo8-x4-30fps-v2/qa-approval.json,documented,present,verified,no,
animations:am0602f-lantern-apo8-x4-30fps-v2-active-rebase,animations,am0602f-lantern-apo8-x4-30fps-v2-active-rebase,1,animations:bam:AM0602F,animations/runs/am0602f-lantern-apo8-x4-30fps-v2-active-rebase,area-animation,animations/runs/am0602f-lantern-apo8-x4-30fps-v2-active-rebase/manifest.json,request.json,completed,accepted,qa-approved,animations/runs/am0602f-lantern-apo8-x4-30fps-v2-active-rebase/qa-approval.json,documented,present,verified,no,
animations:AM0602F-lanterne-alpha-feather-x4,animations,AM0602F-lanterne-alpha-feather-x4,1,animations:bam:AM0602F,animations/runs/AM0602F-lanterne-alpha-feather-x4,animation-prototype,animations/runs/AM0602F-lanterne-alpha-feather-x4/manifest.json,,completed,not-assessed,historical,,documented,present,partial,yes,Migré depuis proto; rôle historique: superseded-prototype
animations:AM0602F-lanterne-canvas-feather-x4,animations,AM0602F-lanterne-canvas-feather-x4,1,animations:bam:AM0602F,animations/runs/AM0602F-lanterne-canvas-feather-x4,animation-prototype,animations/runs/AM0602F-lanterne-canvas-feather-x4/manifest.json,,completed,validated,canonical-prototype,animations/index/animation_alpha_corrections.csv,documented,present,partial,yes,Migré depuis proto; rôle historique: canonical-prototype
animations:AM0602G-eau-alpha-feather-x4,animations,AM0602G-eau-alpha-feather-x4,1,animations:bam:AM0602G,animations/runs/AM0602G-eau-alpha-feather-x4,animation-prototype,animations/runs/AM0602G-eau-alpha-feather-x4/manifest.json,,completed,validated,canonical-prototype,animations/index/animation_alpha_corrections.csv,documented,present,partial,yes,Migré depuis proto; rôle historique: canonical-prototype
animations:AM0604A-contour-workshop,animations,AM0604A-contour-workshop,1,animations:bam:AM0604A,animations/runs/AM0604A-contour-workshop,animation-prototype,,,unknown,not-assessed,historical,,unknown,present,partial,yes,Migré depuis proto; rôle historique: historical-workshop
animations:AM0604A-manual-mask-r2,animations,AM0604A-manual-mask-r2,1,animations:bam:AM0604A,animations/runs/AM0604A-manual-mask-r2,animation-prototype,,,unknown,not-assessed,historical,,unknown,present,partial,yes,Migré depuis proto; rôle historique: rejected-experiment
animations:AM0604A-silhouette-feather-x4,animations,AM0604A-silhouette-feather-x4,1,animations:bam:AM0604A,animations/runs/AM0604A-silhouette-feather-x4,animation-prototype,animations/runs/AM0604A-silhouette-feather-x4/manifest.json,,completed,not-assessed,historical,,documented,present,partial,yes,Migré depuis proto; rôle historique: rejected-experiment
animations:AM0604A-silhouette-feather-x4-r2,animations,AM0604A-silhouette-feather-x4-r2,1,animations:bam:AM0604A,animations/runs/AM0604A-silhouette-feather-x4-r2,animation-prototype,animations/runs/AM0604A-silhouette-feather-x4-r2/manifest.json,,completed,not-assessed,historical,,documented,present,partial,yes,Migré depuis proto; rôle historique: rejected-experiment
animations:AM0700A-fontaine,animations,AM0700A-fontaine,1,animations:bam:AM0700A,animations/runs/AM0700A-fontaine,animation-prototype,,,unknown,not-assessed,historical,,unknown,present,partial,yes,Migré depuis proto; rôle historique: superseded-prototype
animations:am0900dm-apo8-x4-30fps-v2,animations,am0900dm-apo8-x4-30fps-v2,1,animations:bam:AM0900DM,animations/runs/am0900dm-apo8-x4-30fps-v2,area-animation,animations/runs/am0900dm-apo8-x4-30fps-v2/manifest.json,request.json,completed,accepted,qa-approved,animations/runs/am0900dm-apo8-x4-30fps-v2/qa-approval.json,documented,present,verified,no,
animations:AM0900DM-inner-feather-4-x4,animations,AM0900DM-inner-feather-4-x4,1,animations:bam:AM0900DM,animations/runs/AM0900DM-inner-feather-4-x4,animation-prototype,animations/runs/AM0900DM-inner-feather-4-x4/manifest.json,,completed,not-assessed,historical,,documented,present,partial,yes,Migré depuis proto; rôle historique: historical-experiment
animations:AM0900DM-inner-feather-8-x4,animations,AM0900DM-inner-feather-8-x4,1,animations:bam:AM0900DM,animations/runs/AM0900DM-inner-feather-8-x4,animation-prototype,animations/runs/AM0900DM-inner-feather-8-x4/manifest.json,,completed,not-assessed,historical,,documented,present,partial,yes,Migré depuis proto; rôle historique: historical-experiment
animations:AM0900DM-occlusion-mask,animations,AM0900DM-occlusion-mask,1,animations:bam:AM0900DM,animations/runs/AM0900DM-occlusion-mask,animation-prototype,,,unknown,not-assessed,historical,,unknown,present,partial,yes,Migré depuis proto; rôle historique: qa-reference
animations:AM3000A-coupole,animations,AM3000A-coupole,1,animations:bam:AM3000A,animations/runs/AM3000A-coupole,animation-prototype,,,unknown,not-assessed,historical,,unknown,present,partial,yes,Migré depuis proto; rôle historique: incomplete-prototype
animations:ar0516-5of6-apo8-x4-30fps-v2,animations,ar0516-5of6-apo8-x4-30fps-v2,5,animations:bam:AM0516LA | animations:bam:AM0516LB | animations:bam:AM0516LC | animations:bam:SPHINCT | animations:bam:SPHINCT2,animations/runs/ar0516-5of6-apo8-x4-30fps-v2,area-animation,animations/runs/ar0516-5of6-apo8-x4-30fps-v2/manifest.json,request.json,completed,accepted,qa-approved,animations/runs/ar0516-5of6-apo8-x4-30fps-v2/qa-approval.json,documented,present,verified,no,
animations:ar0516-all-bam-seedvr7b-lab-x4,animations,ar0516-all-bam-seedvr7b-lab-x4,6,animations:bam:AM0516LA | animations:bam:AM0516LB | animations:bam:AM0516LC | animations:bam:AM0516LD | animations:bam:SPHINCT | animations:bam:SPHINCT2,animations/runs/ar0516-all-bam-seedvr7b-lab-x4,area-animation,animations/runs/ar0516-all-bam-seedvr7b-lab-x4/manifest.json,,completed,not-assessed,historical,,documented,present,partial,no,
animations:AR0516-SPHINCT-lower-native-occlusion-reference-20260827,animations,AR0516-SPHINCT-lower-native-occlusion-reference-20260827,1,animations:bam:SPHINCT,animations/runs/AR0516-SPHINCT-lower-native-occlusion-reference-20260827,animation-prototype,,,unknown,not-assessed,historical,,unknown,present,partial,yes,Migré depuis proto; rôle historique: qa-reference
animations:ar0516-sphinct-sphinct2-geometric-sigma3-erode2-alpha-30fps-v2,animations,ar0516-sphinct-sphinct2-geometric-sigma3-erode2-alpha-30fps-v2,5,animations:bam:AM0516LA | animations:bam:AM0516LB | animations:bam:AM0516LC | animations:bam:SPHINCT | animations:bam:SPHINCT2,animations/runs/ar0516-sphinct-sphinct2-geometric-sigma3-erode2-alpha-30fps-v2,area-animation,animations/runs/ar0516-sphinct-sphinct2-geometric-sigma3-erode2-alpha-30fps-v2/manifest.json,,completed,pending-explicit-user-approval,historical,,documented,present,partial,no,
animations:ar0516-sphinct-sphinct2-spline-fit1-inner8-alpha-30fps-v2,animations,ar0516-sphinct-sphinct2-spline-fit1-inner8-alpha-30fps-v2,5,animations:bam:AM0516LA | animations:bam:AM0516LB | animations:bam:AM0516LC | animations:bam:SPHINCT | animations:bam:SPHINCT2,animations/runs/ar0516-sphinct-sphinct2-spline-fit1-inner8-alpha-30fps-v2,area-animation,animations/runs/ar0516-sphinct-sphinct2-spline-fit1-inner8-alpha-30fps-v2/manifest.json,,completed,pending-explicit-user-approval,historical,,documented,present,partial,no,
animations:ar0516-sphinct-spline-fit1-alpha-30fps-v2,animations,ar0516-sphinct-spline-fit1-alpha-30fps-v2,6,animations:bam:AM0516LA | animations:bam:AM0516LB | animations:bam:AM0516LC | animations:bam:SPHINCT | animations:bam:SPHINCT2 | animations:pack:AR0516,animations/runs/ar0516-sphinct-spline-fit1-alpha-30fps-v2,area-animation,animations/runs/ar0516-sphinct-spline-fit1-alpha-30fps-v2/manifest.json,,completed,accepted,release-candidate,releases/BG2-HD-Upscale/manifests/animation-release-candidates.json,documented,present,verified,no,Candidat(s) de zone: AR0516
animations:ar0516-sphinct-spline-fit1-inner8-alpha-30fps-v2,animations,ar0516-sphinct-spline-fit1-inner8-alpha-30fps-v2,5,animations:bam:AM0516LA | animations:bam:AM0516LB | animations:bam:AM0516LC | animations:bam:SPHINCT | animations:bam:SPHINCT2,animations/runs/ar0516-sphinct-spline-fit1-inner8-alpha-30fps-v2,area-animation,animations/runs/ar0516-sphinct-spline-fit1-inner8-alpha-30fps-v2/manifest.json,,completed,pending-explicit-user-approval,historical,,documented,present,partial,no,
animations:AR0517-SPHINCT-occlusion-reference-20260827,animations,AR0517-SPHINCT-occlusion-reference-20260827,1,animations:bam:SPHINCT,animations/runs/AR0517-SPHINCT-occlusion-reference-20260827,animation-prototype,animations/runs/AR0517-SPHINCT-occlusion-reference-20260827/manifest.json,,reference-not-a-mask-not-installed,validated,canonical-prototype,animations/index/animation_alpha_corrections.csv,documented,present,partial,yes,Migré depuis proto; rôle historique: canonical-prototype
animations:ar0601-all-bam-apo8-x4-30fps-v2,animations,ar0601-all-bam-apo8-x4-30fps-v2,7,animations:bam:AM0602J | animations:bam:AM0602K1 | animations:bam:AM0602K2 | animations:bam:AM0602L1 | animations:bam:AM0602L2 | animations:bam:AM0602M | animations:bam:FPIT1S,animations/runs/ar0601-all-bam-apo8-x4-30fps-v2,area-animation,animations/runs/ar0601-all-bam-apo8-x4-30fps-v2/manifest.json,request.json,completed,accepted,qa-approved,animations/runs/ar0601-all-bam-apo8-x4-30fps-v2/qa-approval.json,documented,present,verified,no,
animations:ar0602-bubbles2-seedvr7b-lab-x4,animations,ar0602-bubbles2-seedvr7b-lab-x4,1,animations:bam:BUBBLES2,animations/runs/ar0602-bubbles2-seedvr7b-lab-x4,area-animation,animations/runs/ar0602-bubbles2-seedvr7b-lab-x4/manifest.json,,completed,not-assessed,historical,,documented,present,partial,no,
animations:ar0602-flame2s-seedvr7b-lab-x4,animations,ar0602-flame2s-seedvr7b-lab-x4,1,animations:bam:FLAME2S,animations/runs/ar0602-flame2s-seedvr7b-lab-x4,area-animation,animations/runs/ar0602-flame2s-seedvr7b-lab-x4/manifest.json,,completed,not-assessed,historical,,documented,present,partial,no,
animations:ar0602-portl1b-apo8-x4-30fps-v2,animations,ar0602-portl1b-apo8-x4-30fps-v2,2,animations:bam:PORTL1B | animations:pack:AR0602,animations/runs/ar0602-portl1b-apo8-x4-30fps-v2,area-animation,animations/runs/ar0602-portl1b-apo8-x4-30fps-v2/manifest.json,request.json,completed,accepted,release-candidate,releases/BG2-HD-Upscale/manifests/animation-release-candidates.json,documented,present,verified,no,Candidat(s) de zone: AR0602
animations:ar0602-with-bubbles2-merged,animations,ar0602-with-bubbles2-merged,13,animations:bam:AM0602AA | animations:bam:AM0602AB | animations:bam:AM0602AC | animations:bam:AM0602B | animations:bam:AM0602C | animations:bam:AM0602D | animations:bam:AM0602E | animations:bam:AM0602F | animations:bam:AM0602G | animations:bam:BUBBLES2 | animations:bam:FLAME2S | animations:bam:PORTL1A | animations:bam:PORTL1B,animations/runs/ar0602-with-bubbles2-merged,area-animation,animations/runs/ar0602-with-bubbles2-merged/manifest.json,,completed,not-assessed,historical,,documented,present,partial,no,
animations:ar0602-with-flame2s-merged,animations,ar0602-with-flame2s-merged,12,animations:bam:AM0602AA | animations:bam:AM0602AB | animations:bam:AM0602AC | animations:bam:AM0602B | animations:bam:AM0602C | animations:bam:AM0602D | animations:bam:AM0602E | animations:bam:AM0602F | animations:bam:AM0602G | animations:bam:FLAME2S | animations:bam:PORTL1A | animations:bam:PORTL1B,animations/runs/ar0602-with-flame2s-merged,area-animation,animations/runs/ar0602-with-flame2s-merged/manifest.json,,completed,not-assessed,historical,,documented,present,partial,no,
animations:ar0603-all-bam-apo8-x4-30fps-v2,animations,ar0603-all-bam-apo8-x4-30fps-v2,11,animations:bam:AM0603A | animations:bam:AM0603B | animations:bam:AM0603C1 | animations:bam:AM0603C2 | animations:bam:AM0603D1 | animations:bam:AM0603D2 | animations:bam:AM0603D3 | animations:bam:AM0603H | animations:bam:AM0603I | animations:bam:PORTL2A | animations:pack:AR0603,animations/runs/ar0603-all-bam-apo8-x4-30fps-v2,area-animation,animations/runs/ar0603-all-bam-apo8-x4-30fps-v2/manifest.json,request.json,completed,accepted,release-candidate,releases/BG2-HD-Upscale/manifests/animation-release-candidates.json,documented,present,verified,no,Candidat(s) de zone: AR0603
animations:ar0604-apo8-x4-30fps-v2,animations,ar0604-apo8-x4-30fps-v2,1,animations:bam:AM0604A,animations/runs/ar0604-apo8-x4-30fps-v2,area-animation,animations/runs/ar0604-apo8-x4-30fps-v2/manifest.json,request.json,completed,accepted,qa-approved,animations/runs/ar0604-apo8-x4-30fps-v2/qa-approval.json,documented,present,verified,no,
animations:ar0604-manual-mask-30fps-v2,animations,ar0604-manual-mask-30fps-v2,1,animations:bam:AM0604A,animations/runs/ar0604-manual-mask-30fps-v2,area-animation,animations/runs/ar0604-manual-mask-30fps-v2/manifest.json,,completed,accepted,qa-approved,animations/runs/ar0604-manual-mask-30fps-v2/qa-approval.json,documented,present,verified,no,
animations:ar0604-silhouette-feather-apo8-x4-30fps-v2,animations,ar0604-silhouette-feather-apo8-x4-30fps-v2,1,animations:bam:AM0604A,animations/runs/ar0604-silhouette-feather-apo8-x4-30fps-v2,area-animation,animations/runs/ar0604-silhouette-feather-apo8-x4-30fps-v2/manifest.json,request.json,completed,accepted,qa-approved,animations/runs/ar0604-silhouette-feather-apo8-x4-30fps-v2/qa-approval.json,documented,present,verified,no,
animations:ar0604-silhouette-feather-r2-apo8-x4-30fps-v2,animations,ar0604-silhouette-feather-r2-apo8-x4-30fps-v2,1,animations:bam:AM0604A,animations/runs/ar0604-silhouette-feather-r2-apo8-x4-30fps-v2,area-animation,animations/runs/ar0604-silhouette-feather-r2-apo8-x4-30fps-v2/manifest.json,request.json,completed,accepted,qa-approved,animations/runs/ar0604-silhouette-feather-r2-apo8-x4-30fps-v2/qa-approval.json,documented,present,verified,no,
animations:ar0604-spline-fit1-alpha-30fps-v2,animations,ar0604-spline-fit1-alpha-30fps-v2,1,animations:bam:AM0604A,animations/runs/ar0604-spline-fit1-alpha-30fps-v2,area-animation,animations/runs/ar0604-spline-fit1-alpha-30fps-v2/manifest.json,,completed,pending-explicit-user-approval,historical,,documented,present,partial,no,
animations:ar0604-spline-fit2-alpha-30fps-v2,animations,ar0604-spline-fit2-alpha-30fps-v2,1,animations:bam:AM0604A,animations/runs/ar0604-spline-fit2-alpha-30fps-v2,area-animation,animations/runs/ar0604-spline-fit2-alpha-30fps-v2/manifest.json,,completed,pending-explicit-user-approval,historical,,documented,present,partial,no,
animations:ar0700-all-bam-seedvr7b-lab-x4,animations,ar0700-all-bam-seedvr7b-lab-x4,6,animations:bam:AM0700A | animations:bam:AM0700B | animations:bam:AM0700C | animations:bam:AM0700D | animations:bam:FIRE_1 | animations:bam:FIRE_4,animations/runs/ar0700-all-bam-seedvr7b-lab-x4,area-animation,animations/runs/ar0700-all-bam-seedvr7b-lab-x4/manifest.json,,failed,not-assessed,historical,,documented,present,partial,no,
animations:ar0700-fire1-seedvr7b-lab-x4,animations,ar0700-fire1-seedvr7b-lab-x4,2,animations:bam:FIRE_1 | animations:pack:AR0700,animations/runs/ar0700-fire1-seedvr7b-lab-x4,area-animation,animations/runs/ar0700-fire1-seedvr7b-lab-x4/manifest.json,,completed,not-assessed,release-candidate,releases/BG2-HD-Upscale/manifests/animation-release-candidates.json,documented,present,partial,no,Candidat(s) de zone: AR0700
animations:ar0700-fire4-seedvr7b-lab-x4,animations,ar0700-fire4-seedvr7b-lab-x4,2,animations:bam:FIRE_4 | animations:pack:AR0700,animations/runs/ar0700-fire4-seedvr7b-lab-x4,area-animation,animations/runs/ar0700-fire4-seedvr7b-lab-x4/manifest.json,,completed,not-assessed,release-candidate,releases/BG2-HD-Upscale/manifests/animation-release-candidates.json,documented,present,partial,no,Candidat(s) de zone: AR0700
animations:ar0700-fountains-apo8-x4-30fps-v2,animations,ar0700-fountains-apo8-x4-30fps-v2,5,animations:bam:AM0700A | animations:bam:AM0700B | animations:bam:AM0700C | animations:bam:AM0700D | animations:pack:AR0700,animations/runs/ar0700-fountains-apo8-x4-30fps-v2,area-animation,animations/runs/ar0700-fountains-apo8-x4-30fps-v2/manifest.json,request.json,completed,accepted,release-candidate,releases/BG2-HD-Upscale/manifests/animation-release-candidates.json,documented,present,verified,no,Candidat(s) de zone: AR0700
animations:ar0700-fountains-fire4-seedvr7b-lab-x4,animations,ar0700-fountains-fire4-seedvr7b-lab-x4,5,animations:bam:AM0700A | animations:bam:AM0700B | animations:bam:AM0700C | animations:bam:AM0700D | animations:bam:FIRE_4,animations/runs/ar0700-fountains-fire4-seedvr7b-lab-x4,area-animation,animations/runs/ar0700-fountains-fire4-seedvr7b-lab-x4/manifest.json,,completed,not-assessed,historical,,documented,present,partial,no,
animations:ar0700-fountains-seedvr7b-lab-x4,animations,ar0700-fountains-seedvr7b-lab-x4,4,animations:bam:AM0700A | animations:bam:AM0700B | animations:bam:AM0700C | animations:bam:AM0700D,animations/runs/ar0700-fountains-seedvr7b-lab-x4,area-animation,animations/runs/ar0700-fountains-seedvr7b-lab-x4/manifest.json,,completed,not-assessed,historical,,documented,present,partial,no,
animations:ar0700-fountains30-fire4x4-fire1x4-merged,animations,ar0700-fountains30-fire4x4-fire1x4-merged,6,animations:bam:AM0700A | animations:bam:AM0700B | animations:bam:AM0700C | animations:bam:AM0700D | animations:bam:FIRE_1 | animations:bam:FIRE_4,animations/runs/ar0700-fountains30-fire4x4-fire1x4-merged,area-animation,animations/runs/ar0700-fountains30-fire4x4-fire1x4-merged/manifest.json,,completed,not-assessed,historical,,documented,present,partial,no,
animations:ar0700-fountains30-fire4x4-merged,animations,ar0700-fountains30-fire4x4-merged,5,animations:bam:AM0700A | animations:bam:AM0700B | animations:bam:AM0700C | animations:bam:AM0700D | animations:bam:FIRE_4,animations/runs/ar0700-fountains30-fire4x4-merged,area-animation,animations/runs/ar0700-fountains30-fire4x4-merged/manifest.json,,completed,not-assessed,historical,,documented,present,partial,no,
animations:ar0700-merge-lcut90-a,animations,ar0700-merge-lcut90-a,5,animations:bam:AM0700A | animations:bam:AM0700B | animations:bam:AM0700C | animations:bam:AM0700D | animations:bam:FIRE_4,animations/runs/ar0700-merge-lcut90-a,area-animation,animations/runs/ar0700-merge-lcut90-a/manifest.json,,completed,not-assessed,historical,,documented,present,partial,no,
animations:ar0700-merge-lcut90-b,animations,ar0700-merge-lcut90-b,6,animations:bam:AM0700A | animations:bam:AM0700B | animations:bam:AM0700C | animations:bam:AM0700D | animations:bam:FIRE_1 | animations:bam:FIRE_4,animations/runs/ar0700-merge-lcut90-b,area-animation,animations/runs/ar0700-merge-lcut90-b/manifest.json,,completed,not-assessed,historical,,documented,present,partial,no,
animations:ar0700-merge-lf40-a,animations,ar0700-merge-lf40-a,5,animations:bam:AM0700A | animations:bam:AM0700B | animations:bam:AM0700C | animations:bam:AM0700D | animations:bam:FIRE_4,animations/runs/ar0700-merge-lf40-a,area-animation,animations/runs/ar0700-merge-lf40-a/manifest.json,,completed,not-assessed,historical,,documented,present,partial,no,
animations:ar0700-merge-lf40-b,animations,ar0700-merge-lf40-b,6,animations:bam:AM0700A | animations:bam:AM0700B | animations:bam:AM0700C | animations:bam:AM0700D | animations:bam:FIRE_1 | animations:bam:FIRE_4,animations/runs/ar0700-merge-lf40-b,area-animation,animations/runs/ar0700-merge-lf40-b/manifest.json,,completed,not-assessed,historical,,documented,present,partial,no,
animations:ar0700-merge-lf64-a,animations,ar0700-merge-lf64-a,5,animations:bam:AM0700A | animations:bam:AM0700B | animations:bam:AM0700C | animations:bam:AM0700D | animations:bam:FIRE_4,animations/runs/ar0700-merge-lf64-a,area-animation,animations/runs/ar0700-merge-lf64-a/manifest.json,,completed,not-assessed,historical,,documented,present,partial,no,
animations:ar0700-merge-lf64-b,animations,ar0700-merge-lf64-b,6,animations:bam:AM0700A | animations:bam:AM0700B | animations:bam:AM0700C | animations:bam:AM0700D | animations:bam:FIRE_1 | animations:bam:FIRE_4,animations/runs/ar0700-merge-lf64-b,area-animation,animations/runs/ar0700-merge-lf64-b/manifest.json,,completed,not-assessed,historical,,documented,present,partial,no,
animations:AR1300-pont-levis-transition,animations,AR1300-pont-levis-transition,1,maps:AR1300:day,animations/runs/AR1300-pont-levis-transition,animation-prototype,,,unknown,not-assessed,historical,,unknown,present,partial,yes,Migré depuis proto; rôle historique: runtime-validated-upscale-pending
animations:ar1400-all-bam-seedvr7b-lab-x4,animations,ar1400-all-bam-seedvr7b-lab-x4,7,animations:bam:1400T001 | animations:bam:1400T002 | animations:bam:1400T003 | animations:bam:1400T004 | animations:bam:1400T005 | animations:bam:AM1400A | animations:bam:AM1400N,animations/runs/ar1400-all-bam-seedvr7b-lab-x4,area-animation,animations/runs/ar1400-all-bam-seedvr7b-lab-x4/manifest.json,,completed,not-assessed,historical,,documented,present,partial,no,
animations:ar1400-fountains-apo8-x4-30fps-v2,animations,ar1400-fountains-apo8-x4-30fps-v2,2,animations:bam:AM1400A | animations:bam:AM1400N,animations/runs/ar1400-fountains-apo8-x4-30fps-v2,area-animation,animations/runs/ar1400-fountains-apo8-x4-30fps-v2/manifest.json,request.json,completed,accepted,qa-approved,animations/runs/ar1400-fountains-apo8-x4-30fps-v2/qa-approval.json,documented,present,verified,no,
animations:FIRE_1-lum64-144-radial,animations,FIRE_1-lum64-144-radial,1,animations:bam:FIRE_1,animations/runs/FIRE_1-lum64-144-radial,animation-prototype,animations/runs/FIRE_1-lum64-144-radial/manifest.json,,completed,not-assessed,historical,,documented,present,partial,yes,Migré depuis proto; rôle historique: rejected-experiment
animations:FIRE_1-lum90-radialtight,animations,FIRE_1-lum90-radialtight,1,animations:bam:FIRE_1,animations/runs/FIRE_1-lum90-radialtight,animation-prototype,animations/runs/FIRE_1-lum90-radialtight/manifest.json,,completed,not-assessed,historical,,documented,present,partial,yes,Migré depuis proto; rôle historique: rejected-experiment
animations:FIRE_1-lumcut-100,animations,FIRE_1-lumcut-100,1,animations:bam:FIRE_1,animations/runs/FIRE_1-lumcut-100,animation-prototype,animations/runs/FIRE_1-lumcut-100/manifest.json,,completed,not-assessed,historical,,documented,present,partial,yes,Migré depuis proto; rôle historique: rejected-experiment
animations:FIRE_1-lumcut-120,animations,FIRE_1-lumcut-120,1,animations:bam:FIRE_1,animations/runs/FIRE_1-lumcut-120,animation-prototype,animations/runs/FIRE_1-lumcut-120/manifest.json,,completed,not-assessed,historical,,documented,present,partial,yes,Migré depuis proto; rôle historique: rejected-experiment
animations:FIRE_1-lumcut-80,animations,FIRE_1-lumcut-80,1,animations:bam:FIRE_1,animations/runs/FIRE_1-lumcut-80,animation-prototype,animations/runs/FIRE_1-lumcut-80/manifest.json,,completed,not-assessed,historical,,documented,present,partial,yes,Migré depuis proto; rôle historique: rejected-experiment
animations:FIRE_1-lumcut-90,animations,FIRE_1-lumcut-90,1,animations:bam:FIRE_1,animations/runs/FIRE_1-lumcut-90,animation-prototype,animations/runs/FIRE_1-lumcut-90/manifest.json,,completed,not-assessed,historical,,documented,present,partial,yes,Migré depuis proto; rôle historique: rejected-experiment
animations:FIRE_1-luminance-feather-112-200,animations,FIRE_1-luminance-feather-112-200,1,animations:bam:FIRE_1,animations/runs/FIRE_1-luminance-feather-112-200,animation-prototype,animations/runs/FIRE_1-luminance-feather-112-200/manifest.json,,completed,not-assessed,historical,,documented,present,partial,yes,Migré depuis proto; rôle historique: rejected-experiment
animations:FIRE_1-luminance-feather-24-64,animations,FIRE_1-luminance-feather-24-64,1,animations:bam:FIRE_1,animations/runs/FIRE_1-luminance-feather-24-64,animation-prototype,animations/runs/FIRE_1-luminance-feather-24-64/manifest.json,,completed,not-assessed,historical,,documented,present,partial,yes,Migré depuis proto; rôle historique: rejected-experiment
animations:FIRE_1-luminance-feather-32-88,animations,FIRE_1-luminance-feather-32-88,1,animations:bam:FIRE_1,animations/runs/FIRE_1-luminance-feather-32-88,animation-prototype,animations/runs/FIRE_1-luminance-feather-32-88/manifest.json,,completed,not-assessed,historical,,documented,present,partial,yes,Migré depuis proto; rôle historique: rejected-experiment
animations:FIRE_1-luminance-feather-40-104,animations,FIRE_1-luminance-feather-40-104,1,animations:bam:FIRE_1,animations/runs/FIRE_1-luminance-feather-40-104,animation-prototype,animations/runs/FIRE_1-luminance-feather-40-104/manifest.json,,completed,not-assessed,historical,,documented,present,partial,yes,Migré depuis proto; rôle historique: rejected-experiment
animations:FIRE_1-luminance-feather-64-144,animations,FIRE_1-luminance-feather-64-144,1,animations:bam:FIRE_1,animations/runs/FIRE_1-luminance-feather-64-144,animation-prototype,animations/runs/FIRE_1-luminance-feather-64-144/manifest.json,,completed,not-assessed,historical,,documented,present,partial,yes,Migré depuis proto; rôle historique: rejected-experiment
animations:FIRE_1-luminance-feather-88-176,animations,FIRE_1-luminance-feather-88-176,1,animations:bam:FIRE_1,animations/runs/FIRE_1-luminance-feather-88-176,animation-prototype,animations/runs/FIRE_1-luminance-feather-88-176/manifest.json,,completed,not-assessed,historical,,documented,present,partial,yes,Migré depuis proto; rôle historique: rejected-experiment
animations:FIRE_1-radialonly,animations,FIRE_1-radialonly,1,animations:bam:FIRE_1,animations/runs/FIRE_1-radialonly,animation-prototype,animations/runs/FIRE_1-radialonly/manifest.json,,completed,not-assessed,historical,,documented,present,partial,yes,Migré depuis proto; rôle historique: rejected-experiment
animations:FIRE_4-lum64-144-radial,animations,FIRE_4-lum64-144-radial,1,animations:bam:FIRE_4,animations/runs/FIRE_4-lum64-144-radial,animation-prototype,animations/runs/FIRE_4-lum64-144-radial/manifest.json,,completed,not-assessed,historical,,documented,present,partial,yes,Migré depuis proto; rôle historique: rejected-experiment
animations:FIRE_4-lum90-radialtight,animations,FIRE_4-lum90-radialtight,1,animations:bam:FIRE_4,animations/runs/FIRE_4-lum90-radialtight,animation-prototype,animations/runs/FIRE_4-lum90-radialtight/manifest.json,,completed,not-assessed,historical,,documented,present,partial,yes,Migré depuis proto; rôle historique: rejected-experiment
animations:FIRE_4-lumcut-100,animations,FIRE_4-lumcut-100,1,animations:bam:FIRE_4,animations/runs/FIRE_4-lumcut-100,animation-prototype,animations/runs/FIRE_4-lumcut-100/manifest.json,,completed,not-assessed,historical,,documented,present,partial,yes,Migré depuis proto; rôle historique: rejected-experiment
animations:FIRE_4-lumcut-120,animations,FIRE_4-lumcut-120,1,animations:bam:FIRE_4,animations/runs/FIRE_4-lumcut-120,animation-prototype,animations/runs/FIRE_4-lumcut-120/manifest.json,,completed,not-assessed,historical,,documented,present,partial,yes,Migré depuis proto; rôle historique: rejected-experiment
animations:FIRE_4-lumcut-80,animations,FIRE_4-lumcut-80,1,animations:bam:FIRE_4,animations/runs/FIRE_4-lumcut-80,animation-prototype,animations/runs/FIRE_4-lumcut-80/manifest.json,,completed,not-assessed,historical,,documented,present,partial,yes,Migré depuis proto; rôle historique: rejected-experiment
animations:FIRE_4-lumcut-90,animations,FIRE_4-lumcut-90,1,animations:bam:FIRE_4,animations/runs/FIRE_4-lumcut-90,animation-prototype,animations/runs/FIRE_4-lumcut-90/manifest.json,,completed,not-assessed,historical,,documented,present,partial,yes,Migré depuis proto; rôle historique: rejected-experiment
animations:FIRE_4-luminance-feather-112-200,animations,FIRE_4-luminance-feather-112-200,1,animations:bam:FIRE_4,animations/runs/FIRE_4-luminance-feather-112-200,animation-prototype,animations/runs/FIRE_4-luminance-feather-112-200/manifest.json,,completed,not-assessed,historical,,documented,present,partial,yes,Migré depuis proto; rôle historique: rejected-experiment
animations:FIRE_4-luminance-feather-24-64,animations,FIRE_4-luminance-feather-24-64,1,animations:bam:FIRE_4,animations/runs/FIRE_4-luminance-feather-24-64,animation-prototype,animations/runs/FIRE_4-luminance-feather-24-64/manifest.json,,completed,not-assessed,historical,,documented,present,partial,yes,Migré depuis proto; rôle historique: rejected-experiment
animations:FIRE_4-luminance-feather-32-88,animations,FIRE_4-luminance-feather-32-88,1,animations:bam:FIRE_4,animations/runs/FIRE_4-luminance-feather-32-88,animation-prototype,animations/runs/FIRE_4-luminance-feather-32-88/manifest.json,,completed,not-assessed,historical,,documented,present,partial,yes,Migré depuis proto; rôle historique: rejected-experiment
animations:FIRE_4-luminance-feather-40-104,animations,FIRE_4-luminance-feather-40-104,1,animations:bam:FIRE_4,animations/runs/FIRE_4-luminance-feather-40-104,animation-prototype,animations/runs/FIRE_4-luminance-feather-40-104/manifest.json,,completed,not-assessed,historical,,documented,present,partial,yes,Migré depuis proto; rôle historique: rejected-experiment
animations:FIRE_4-luminance-feather-64-144,animations,FIRE_4-luminance-feather-64-144,1,animations:bam:FIRE_4,animations/runs/FIRE_4-luminance-feather-64-144,animation-prototype,animations/runs/FIRE_4-luminance-feather-64-144/manifest.json,,completed,not-assessed,historical,,documented,present,partial,yes,Migré depuis proto; rôle historique: rejected-experiment
animations:FIRE_4-luminance-feather-88-176,animations,FIRE_4-luminance-feather-88-176,1,animations:bam:FIRE_4,animations/runs/FIRE_4-luminance-feather-88-176,animation-prototype,animations/runs/FIRE_4-luminance-feather-88-176/manifest.json,,completed,not-assessed,historical,,documented,present,partial,yes,Migré depuis proto; rôle historique: rejected-experiment
animations:FIRE_4-radialonly,animations,FIRE_4-radialonly,1,animations:bam:FIRE_4,animations/runs/FIRE_4-radialonly,animation-prototype,animations/runs/FIRE_4-radialonly/manifest.json,,completed,not-assessed,historical,,documented,present,partial,yes,Migré depuis proto; rôle historique: rejected-experiment
animations:FLAME2S-radial-A,animations,FLAME2S-radial-A,1,animations:bam:FLAME2S,animations/runs/FLAME2S-radial-A,animation-prototype,animations/runs/FLAME2S-radial-A/manifest.json,,completed,validated,canonical-prototype,animations/index/animation_alpha_corrections.csv,documented,present,partial,yes,Migré depuis proto; rôle historique: canonical-prototype
animations:FLAME2S-radial-B,animations,FLAME2S-radial-B,1,animations:bam:FLAME2S,animations/runs/FLAME2S-radial-B,animation-prototype,animations/runs/FLAME2S-radial-B/manifest.json,,completed,not-assessed,historical,,documented,present,partial,yes,Migré depuis proto; rôle historique: rejected-experiment
animations:FLAME2S-radial-C,animations,FLAME2S-radial-C,1,animations:bam:FLAME2S,animations/runs/FLAME2S-radial-C,animation-prototype,animations/runs/FLAME2S-radial-C/manifest.json,,completed,not-assessed,historical,,documented,present,partial,yes,Migré depuis proto; rôle historique: rejected-experiment
animations:MiniMax_H3_00161__frames,animations,MiniMax_H3_00161__frames,1,maps:AR1300:day,animations/runs/MiniMax_H3_00161__frames,animation-prototype,,,unknown,not-assessed,historical,,unknown,present,partial,yes,Migré depuis proto; rôle historique: immutable-source-copy
animations:portals-spline-fit1-feather8-workshop,animations,portals-spline-fit1-feather8-workshop,3,animations:bam:PORTL1A | animations:bam:PORTL1B | animations:bam:PORTL2A,animations/runs/portals-spline-fit1-feather8-workshop,animation-prototype,,,unknown,not-assessed,historical,,unknown,present,partial,yes,Migré depuis proto; rôle historique: historical-workshop
animations:PORTL1A-spline-fit1-feather8-x4,animations,PORTL1A-spline-fit1-feather8-x4,1,animations:bam:PORTL1A,animations/runs/PORTL1A-spline-fit1-feather8-x4,animation-prototype,animations/runs/PORTL1A-spline-fit1-feather8-x4/manifest.json,,validated-prototype-installed,validated,canonical-prototype,animations/index/animation_alpha_corrections.csv,documented,present,partial,yes,Migré depuis proto; rôle historique: canonical-prototype
animations:PORTL1B-spline-fit1-feather8-x4,animations,PORTL1B-spline-fit1-feather8-x4,1,animations:bam:PORTL1B,animations/runs/PORTL1B-spline-fit1-feather8-x4,animation-prototype,animations/runs/PORTL1B-spline-fit1-feather8-x4/manifest.json,,validated-prototype-installed,validated,canonical-prototype,animations/index/animation_alpha_corrections.csv,documented,present,partial,yes,Migré depuis proto; rôle historique: canonical-prototype
animations:PORTL2A-spline-fit1-feather8-x4,animations,PORTL2A-spline-fit1-feather8-x4,1,animations:bam:PORTL2A,animations/runs/PORTL2A-spline-fit1-feather8-x4,animation-prototype,animations/runs/PORTL2A-spline-fit1-feather8-x4/manifest.json,,validated-prototype-installed,validated,canonical-prototype,animations/index/animation_alpha_corrections.csv,documented,present,partial,yes,Migré depuis proto; rôle historique: canonical-prototype
animations:SPHINCT-SPHINCT2-geometric-sigma3-erode2-20260827,animations,SPHINCT-SPHINCT2-geometric-sigma3-erode2-20260827,2,animations:bam:SPHINCT | animations:bam:SPHINCT2,animations/runs/SPHINCT-SPHINCT2-geometric-sigma3-erode2-20260827,animation-prototype,animations/runs/SPHINCT-SPHINCT2-geometric-sigma3-erode2-20260827/manifest.json,,candidate-not-installed,validated,canonical-prototype,animations/index/animation_alpha_corrections.csv,documented,present,partial,yes,Migré depuis proto; rôle historique: canonical-prototype
animations:SPHINCT-SPHINCT2-spline-fit1-20260827,animations,SPHINCT-SPHINCT2-spline-fit1-20260827,2,animations:bam:SPHINCT | animations:bam:SPHINCT2,animations/runs/SPHINCT-SPHINCT2-spline-fit1-20260827,animation-prototype,,,unknown,not-assessed,historical,,unknown,present,partial,yes,Migré depuis proto; rôle historique: superseded-prototype
animations:SPHINCT-SPHINCT2-spline-fit1-inner8-20260827,animations,SPHINCT-SPHINCT2-spline-fit1-inner8-20260827,2,animations:bam:SPHINCT | animations:bam:SPHINCT2,animations/runs/SPHINCT-SPHINCT2-spline-fit1-inner8-20260827,animation-prototype,,,unknown,not-assessed,historical,,unknown,present,partial,yes,Migré depuis proto; rôle historique: superseded-prototype
maps:AR0011:seedvr2-7b-int8-lab-grid-2x3-x4,maps,seedvr2-7b-int8-lab-grid-2x3-x4,1,maps:AR0011:day,maps/AR0011/runs/seedvr2-7b-int8-lab-grid-2x3-x4,map-upscale,maps/AR0011/runs/seedvr2-7b-int8-lab-grid-2x3-x4/run.json,pipeline/comfyui/workflows/SeedVR-Image-BG2-Pipeline-7B.api.json,completed,from-areas-csv,selected,areas.csv,verified,present,verified,no,
maps:AR0012:upscale-01,maps,upscale-01,1,maps:AR0012:day,maps/AR0012/runs/upscale-01,map-upscale,maps/AR0012/runs/upscale-01/run.json,pipeline/comfyui/workflows/SeedVR-Image-BG2-Pipeline-7B.api.json,completed,from-areas-csv,selected,areas.csv,verified,present,verified,no,
maps:AR0013:upscale-01,maps,upscale-01,1,maps:AR0013:day,maps/AR0013/runs/upscale-01,map-upscale,maps/AR0013/runs/upscale-01/run.json,pipeline/comfyui/workflows/SeedVR-Image-BG2-Pipeline-7B.api.json,completed,from-areas-csv,selected,areas.csv,verified,present,verified,no,
maps:AR0014:upscale-01,maps,upscale-01,1,maps:AR0014:day,maps/AR0014/runs/upscale-01,map-upscale,maps/AR0014/runs/upscale-01/run.json,pipeline/comfyui/workflows/SeedVR-Image-BG2-Pipeline-7B.api.json,completed,from-areas-csv,selected,areas.csv,verified,present,verified,no,
maps:AR0015:upscale-01,maps,upscale-01,1,maps:AR0015:day,maps/AR0015/runs/upscale-01,map-upscale,maps/AR0015/runs/upscale-01/run.json,pipeline/comfyui/workflows/SeedVR-Image-BG2-Pipeline-7B.api.json,completed,from-areas-csv,selected,areas.csv,verified,present,verified,no,
maps:AR0016:upscale-01,maps,upscale-01,1,maps:AR0016:day,maps/AR0016/runs/upscale-01,map-upscale,maps/AR0016/runs/upscale-01/run.json,pipeline/comfyui/workflows/SeedVR-Image-BG2-Pipeline-7B.api.json,completed,from-areas-csv,selected,areas.csv,partial,partial,verified,no,
maps:AR0017:upscale-01,maps,upscale-01,1,maps:AR0017:day,maps/AR0017/runs/upscale-01,map-upscale,maps/AR0017/runs/upscale-01/run.json,pipeline/comfyui/workflows/SeedVR-Image-BG2-Pipeline-7B.api.json,completed,from-areas-csv,selected,areas.csv,partial,partial,verified,no,
maps:AR0018:upscale-01,maps,upscale-01,1,maps:AR0018:day,maps/AR0018/runs/upscale-01,map-upscale,maps/AR0018/runs/upscale-01/run.json,pipeline/comfyui/workflows/SeedVR-Image-BG2-Pipeline-7B.api.json,completed,from-areas-csv,selected,areas.csv,verified,present,verified,no,
maps:AR0020:seedvr2-7b-int8-lab-x4-jour,maps,seedvr2-7b-int8-lab-x4-jour,1,maps:AR0020:day,maps/AR0020/runs/seedvr2-7b-int8-lab-x4-jour,map-upscale,maps/AR0020/runs/seedvr2-7b-int8-lab-x4-jour/run.json,pipeline/comfyui/workflows/SeedVR-Image-BG2-Pipeline-7B.api.json,completed,from-areas-csv,selected,areas.csv,verified,present,verified,no,
maps:AR0020:seedvr2-7b-int8-lab-x4-nuit,maps,seedvr2-7b-int8-lab-x4-nuit,1,maps:AR0020:night,maps/AR0020/runs/seedvr2-7b-int8-lab-x4-nuit,map-upscale,maps/AR0020/runs/seedvr2-7b-int8-lab-x4-nuit/run.json,pipeline/comfyui/workflows/SeedVR-Image-BG2-Pipeline-7B.api.json,completed,from-areas-csv,selected,areas.csv,verified,present,verified,no,
maps:AR0021:seedvr2-7b-int8-lab-direct-x4,maps,seedvr2-7b-int8-lab-direct-x4,1,maps:AR0021:day,maps/AR0021/runs/seedvr2-7b-int8-lab-direct-x4,map-upscale,maps/AR0021/runs/seedvr2-7b-int8-lab-direct-x4/run.json,pipeline/comfyui/workflows/SeedVR-Image-BG2-Pipeline-7B.api.json,completed,from-areas-csv,selected,areas.csv,verified,present,verified,no,
maps:AR0022:seedvr2-7b-int8-lab-direct-x4,maps,seedvr2-7b-int8-lab-direct-x4,1,maps:AR0022:day,maps/AR0022/runs/seedvr2-7b-int8-lab-direct-x4,map-upscale,maps/AR0022/runs/seedvr2-7b-int8-lab-direct-x4/run.json,pipeline/comfyui/workflows/SeedVR-Image-BG2-Pipeline-7B.api.json,completed,from-areas-csv,selected,areas.csv,verified,present,verified,no,
maps:AR0041:upscale-01-jour,maps,upscale-01-jour,1,maps:AR0041:day,maps/AR0041/runs/upscale-01-jour,map-upscale,maps/AR0041/runs/upscale-01-jour/run.json,pipeline/comfyui/workflows/SeedVR-Image-BG2-Pipeline-7B.api.json,completed,from-areas-csv,selected,areas.csv,verified,present,verified,no,
maps:AR0041:upscale-01-nuit,maps,upscale-01-nuit,1,maps:AR0041:night,maps/AR0041/runs/upscale-01-nuit,map-upscale,maps/AR0041/runs/upscale-01-nuit/run.json,pipeline/comfyui/workflows/SeedVR-Image-BG2-Pipeline-7B.api.json,completed,from-areas-csv,selected,areas.csv,verified,present,verified,no,
maps:AR0042:upscale-01,maps,upscale-01,1,maps:AR0042:day,maps/AR0042/runs/upscale-01,map-upscale,maps/AR0042/runs/upscale-01/run.json,pipeline/comfyui/workflows/SeedVR-Image-BG2-Pipeline-7B.api.json,completed,from-areas-csv,selected,areas.csv,verified,present,verified,no,
maps:AR0043:upscale-01,maps,upscale-01,1,maps:AR0043:day,maps/AR0043/runs/upscale-01,map-upscale,maps/AR0043/runs/upscale-01/run.json,pipeline/comfyui/workflows/SeedVR-Image-BG2-Pipeline-7B.api.json,completed,from-areas-csv,selected,areas.csv,verified,present,verified,no,
maps:AR0044:upscale-01,maps,upscale-01,1,maps:AR0044:day,maps/AR0044/runs/upscale-01,map-upscale,maps/AR0044/runs/upscale-01/run.json,pipeline/comfyui/workflows/SeedVR-Image-BG2-Pipeline-7B.api.json,completed,from-areas-csv,selected,areas.csv,verified,present,verified,no,
maps:AR0045:upscale-01-jour,maps,upscale-01-jour,1,maps:AR0045:day,maps/AR0045/runs/upscale-01-jour,map-upscale,maps/AR0045/runs/upscale-01-jour/run.json,pipeline/comfyui/workflows/SeedVR-Image-BG2-Pipeline-7B.api.json,completed,from-areas-csv,selected,areas.csv,verified,present,verified,no,
maps:AR0045:upscale-01-nuit,maps,upscale-01-nuit,1,maps:AR0045:night,maps/AR0045/runs/upscale-01-nuit,map-upscale,maps/AR0045/runs/upscale-01-nuit/run.json,pipeline/comfyui/workflows/SeedVR-Image-BG2-Pipeline-7B.api.json,completed,from-areas-csv,selected,areas.csv,verified,present,verified,no,
maps:AR0046:upscale-01-jour,maps,upscale-01-jour,1,maps:AR0046:day,maps/AR0046/runs/upscale-01-jour,map-upscale,maps/AR0046/runs/upscale-01-jour/run.json,pipeline/comfyui/workflows/SeedVR-Image-BG2-Pipeline-7B.api.json,completed,from-areas-csv,selected,areas.csv,verified,present,verified,no,
maps:AR0046:upscale-01-nuit,maps,upscale-01-nuit,1,maps:AR0046:night,maps/AR0046/runs/upscale-01-nuit,map-upscale,maps/AR0046/runs/upscale-01-nuit/run.json,pipeline/comfyui/workflows/SeedVR-Image-BG2-Pipeline-7B.api.json,completed,from-areas-csv,selected,areas.csv,verified,present,verified,no,
maps:AR0069:upscale-01,maps,upscale-01,1,maps:AR0069:day,maps/AR0069/runs/upscale-01,map-upscale,maps/AR0069/runs/upscale-01/run.json,pipeline/comfyui/workflows/SeedVR-Image-BG2-Pipeline-7B.api.json,completed,from-areas-csv,selected,areas.csv,verified,present,verified,no,
maps:AR0070:upscale-01,maps,upscale-01,1,maps:AR0070:day,maps/AR0070/runs/upscale-01,map-upscale,maps/AR0070/runs/upscale-01/run.json,pipeline/comfyui/workflows/SeedVR-Image-BG2-Pipeline-7B.api.json,completed,from-areas-csv,selected,areas.csv,verified,present,verified,no,
maps:AR0071:upscale-01,maps,upscale-01,1,maps:AR0071:day,maps/AR0071/runs/upscale-01,map-upscale,maps/AR0071/runs/upscale-01/run.json,pipeline/comfyui/workflows/SeedVR-Image-BG2-Pipeline-7B.api.json,completed,from-areas-csv,selected,areas.csv,verified,present,verified,no,
maps:AR0072:upscale-01,maps,upscale-01,1,maps:AR0072:day,maps/AR0072/runs/upscale-01,map-upscale,maps/AR0072/runs/upscale-01/run.json,pipeline/comfyui/workflows/SeedVR-Image-BG2-Pipeline-7B.api.json,completed,from-areas-csv,selected,areas.csv,verified,present,verified,no,
maps:AR0082:seedvr2-7b-int8-lab-direct-x4,maps,seedvr2-7b-int8-lab-direct-x4,1,maps:AR0082:day,maps/AR0082/runs/seedvr2-7b-int8-lab-direct-x4,map-upscale,maps/AR0082/runs/seedvr2-7b-int8-lab-direct-x4/run.json,pipeline/comfyui/workflows/SeedVR-Image-BG2-Pipeline-7B.api.json,completed,from-areas-csv,selected,areas.csv,verified,present,verified,no,
maps:AR0201:seedvr2-7b-int8-lab-split-grid-2x2-x4,maps,seedvr2-7b-int8-lab-split-grid-2x2-x4,1,maps:AR0201:day,maps/AR0201/runs/seedvr2-7b-int8-lab-split-grid-2x2-x4,map-upscale,maps/AR0201/runs/seedvr2-7b-int8-lab-split-grid-2x2-x4/run.json,pipeline/comfyui/workflows/SeedVR-Image-BG2-Pipeline-7B.api.json,completed,from-areas-csv,selected,areas.csv,verified,present,verified,no,
maps:AR0202:seedvr2-7b-int8-lab-split-grid-2x3-x4,maps,seedvr2-7b-int8-lab-split-grid-2x3-x4,1,maps:AR0202:day,maps/AR0202/runs/seedvr2-7b-int8-lab-split-grid-2x3-x4,map-upscale,maps/AR0202/runs/seedvr2-7b-int8-lab-split-grid-2x3-x4/run.json,pipeline/comfyui/workflows/SeedVR-Image-BG2-Pipeline-7B.api.json,completed,from-areas-csv,selected,areas.csv,verified,present,verified,no,
maps:AR0203:seedvr2-7b-int8-lab-direct-x4,maps,seedvr2-7b-int8-lab-direct-x4,1,maps:AR0203:day,maps/AR0203/runs/seedvr2-7b-int8-lab-direct-x4,map-upscale,maps/AR0203/runs/seedvr2-7b-int8-lab-direct-x4/run.json,pipeline/comfyui/workflows/SeedVR-Image-BG2-Pipeline-7B.api.json,completed,from-areas-csv,selected,areas.csv,verified,present,verified,no,
maps:AR0204:seedvr2-7b-int8-lab-split-grid-2x5-x4,maps,seedvr2-7b-int8-lab-split-grid-2x5-x4,1,maps:AR0204:day,maps/AR0204/runs/seedvr2-7b-int8-lab-split-grid-2x5-x4,map-upscale,maps/AR0204/runs/seedvr2-7b-int8-lab-split-grid-2x5-x4/run.json,pipeline/comfyui/workflows/SeedVR-Image-BG2-Pipeline-7B.api.json,completed,from-areas-csv,selected,areas.csv,verified,present,verified,no,
maps:AR0205:seedvr2-7b-int8-lab-split-grid-2x3-x4,maps,seedvr2-7b-int8-lab-split-grid-2x3-x4,1,maps:AR0205:day,maps/AR0205/runs/seedvr2-7b-int8-lab-split-grid-2x3-x4,map-upscale,maps/AR0205/runs/seedvr2-7b-int8-lab-split-grid-2x3-x4/run.json,pipeline/comfyui/workflows/SeedVR-Image-BG2-Pipeline-7B.api.json,completed,from-areas-csv,selected,areas.csv,verified,present,verified,no,
maps:AR0206:seedvr2-7b-int8-lab-split-rows-x4,maps,seedvr2-7b-int8-lab-split-rows-x4,1,maps:AR0206:day,maps/AR0206/runs/seedvr2-7b-int8-lab-split-rows-x4,map-upscale,maps/AR0206/runs/seedvr2-7b-int8-lab-split-rows-x4/run.json,pipeline/comfyui/workflows/SeedVR-Image-BG2-Pipeline-7B.api.json,completed,from-areas-csv,selected,areas.csv,verified,present,verified,no,
maps:AR0300:seedvr2-7b-int8-lab-grid-2x5-x4-jour,maps,seedvr2-7b-int8-lab-grid-2x5-x4-jour,1,maps:AR0300:day,maps/AR0300/runs/seedvr2-7b-int8-lab-grid-2x5-x4-jour,map-upscale,maps/AR0300/runs/seedvr2-7b-int8-lab-grid-2x5-x4-jour/run.json,pipeline/comfyui/workflows/SeedVR-Image-BG2-Pipeline-7B.api.json,completed,from-areas-csv,selected,areas.csv,verified,present,verified,no,
maps:AR0300:seedvr2-7b-int8-lab-grid-2x5-x4-nuit,maps,seedvr2-7b-int8-lab-grid-2x5-x4-nuit,1,maps:AR0300:night,maps/AR0300/runs/seedvr2-7b-int8-lab-grid-2x5-x4-nuit,map-upscale,maps/AR0300/runs/seedvr2-7b-int8-lab-grid-2x5-x4-nuit/run.json,pipeline/comfyui/workflows/SeedVR-Image-BG2-Pipeline-7B.api.json,completed,from-areas-csv,selected,areas.csv,verified,present,verified,no,
maps:AR0301:seedvr2-7b-int8-lab-direct-x4,maps,seedvr2-7b-int8-lab-direct-x4,1,maps:AR0301:day,maps/AR0301/runs/seedvr2-7b-int8-lab-direct-x4,map-upscale,maps/AR0301/runs/seedvr2-7b-int8-lab-direct-x4/run.json,pipeline/comfyui/workflows/SeedVR-Image-BG2-Pipeline-7B.api.json,completed,from-areas-csv,selected,areas.csv,verified,present,verified,no,
maps:AR0302:seedvr2-7b-int8-lab-direct-x4,maps,seedvr2-7b-int8-lab-direct-x4,1,maps:AR0302:day,maps/AR0302/runs/seedvr2-7b-int8-lab-direct-x4,map-upscale,maps/AR0302/runs/seedvr2-7b-int8-lab-direct-x4/run.json,pipeline/comfyui/workflows/SeedVR-Image-BG2-Pipeline-7B.api.json,completed,from-areas-csv,selected,areas.csv,verified,present,verified,no,
maps:AR0303:seedvr2-7b-int8-lab-direct-x4,maps,seedvr2-7b-int8-lab-direct-x4,1,maps:AR0303:day,maps/AR0303/runs/seedvr2-7b-int8-lab-direct-x4,map-upscale,maps/AR0303/runs/seedvr2-7b-int8-lab-direct-x4/run.json,pipeline/comfyui/workflows/SeedVR-Image-BG2-Pipeline-7B.api.json,completed,from-areas-csv,selected,areas.csv,verified,present,verified,no,
maps:AR0304:seedvr2-7b-int8-lab-direct-x4,maps,seedvr2-7b-int8-lab-direct-x4,1,maps:AR0304:day,maps/AR0304/runs/seedvr2-7b-int8-lab-direct-x4,map-upscale,maps/AR0304/runs/seedvr2-7b-int8-lab-direct-x4/run.json,pipeline/comfyui/workflows/SeedVR-Image-BG2-Pipeline-7B.api.json,completed,from-areas-csv,selected,areas.csv,verified,present,verified,no,
maps:AR0305:seedvr2-7b-int8-lab-split-rows-x4,maps,seedvr2-7b-int8-lab-split-rows-x4,1,maps:AR0305:day,maps/AR0305/runs/seedvr2-7b-int8-lab-split-rows-x4,map-upscale,maps/AR0305/runs/seedvr2-7b-int8-lab-split-rows-x4/run.json,pipeline/comfyui/workflows/SeedVR-Image-BG2-Pipeline-7B.api.json,completed,from-areas-csv,selected,areas.csv,verified,present,verified,no,
maps:AR0306:seedvr2-7b-int8-lab-direct-x4,maps,seedvr2-7b-int8-lab-direct-x4,1,maps:AR0306:day,maps/AR0306/runs/seedvr2-7b-int8-lab-direct-x4,map-upscale,maps/AR0306/runs/seedvr2-7b-int8-lab-direct-x4/run.json,pipeline/comfyui/workflows/SeedVR-Image-BG2-Pipeline-7B.api.json,completed,from-areas-csv,selected,areas.csv,verified,present,verified,no,
maps:AR0307:seedvr2-7b-int8-lab-grid-2x5-x4,maps,seedvr2-7b-int8-lab-grid-2x5-x4,1,maps:AR0307:day,maps/AR0307/runs/seedvr2-7b-int8-lab-grid-2x5-x4,map-upscale,maps/AR0307/runs/seedvr2-7b-int8-lab-grid-2x5-x4/run.json,pipeline/comfyui/workflows/SeedVR-Image-BG2-Pipeline-7B.api.json,completed,from-areas-csv,selected,areas.csv,verified,present,verified,no,
maps:AR0308:seedvr2-7b-int8-lab-split-rows-x4,maps,seedvr2-7b-int8-lab-split-rows-x4,1,maps:AR0308:day,maps/AR0308/runs/seedvr2-7b-int8-lab-split-rows-x4,map-upscale,maps/AR0308/runs/seedvr2-7b-int8-lab-split-rows-x4/run.json,pipeline/comfyui/workflows/SeedVR-Image-BG2-Pipeline-7B.api.json,completed,from-areas-csv,selected,areas.csv,verified,present,verified,no,
maps:AR0309:seedvr2-7b-int8-lab-split-rows-x4,maps,seedvr2-7b-int8-lab-split-rows-x4,1,maps:AR0309:day,maps/AR0309/runs/seedvr2-7b-int8-lab-split-rows-x4,map-upscale,maps/AR0309/runs/seedvr2-7b-int8-lab-split-rows-x4/run.json,pipeline/comfyui/workflows/SeedVR-Image-BG2-Pipeline-7B.api.json,completed,from-areas-csv,selected,areas.csv,verified,present,verified,no,
maps:AR0310:seedvr2-7b-int8-lab-direct-x4,maps,seedvr2-7b-int8-lab-direct-x4,1,maps:AR0310:day,maps/AR0310/runs/seedvr2-7b-int8-lab-direct-x4,map-upscale,maps/AR0310/runs/seedvr2-7b-int8-lab-direct-x4/run.json,pipeline/comfyui/workflows/SeedVR-Image-BG2-Pipeline-7B.api.json,completed,from-areas-csv,selected,areas.csv,verified,present,verified,no,
maps:AR0311:seedvr2-7b-int8-lab-direct-x4,maps,seedvr2-7b-int8-lab-direct-x4,1,maps:AR0311:day,maps/AR0311/runs/seedvr2-7b-int8-lab-direct-x4,map-upscale,maps/AR0311/runs/seedvr2-7b-int8-lab-direct-x4/run.json,pipeline/comfyui/workflows/SeedVR-Image-BG2-Pipeline-7B.api.json,completed,from-areas-csv,selected,areas.csv,verified,present,verified,no,
maps:AR0312:seedvr2-7b-int8-lab-direct-x4,maps,seedvr2-7b-int8-lab-direct-x4,1,maps:AR0312:day,maps/AR0312/runs/seedvr2-7b-int8-lab-direct-x4,map-upscale,maps/AR0312/runs/seedvr2-7b-int8-lab-direct-x4/run.json,pipeline/comfyui/workflows/SeedVR-Image-BG2-Pipeline-7B.api.json,completed,from-areas-csv,selected,areas.csv,verified,present,verified,no,
maps:AR0313:seedvr2-7b-int8-lab-direct-x4,maps,seedvr2-7b-int8-lab-direct-x4,1,maps:AR0313:day,maps/AR0313/runs/seedvr2-7b-int8-lab-direct-x4,map-upscale,maps/AR0313/runs/seedvr2-7b-int8-lab-direct-x4/run.json,pipeline/comfyui/workflows/SeedVR-Image-BG2-Pipeline-7B.api.json,completed,from-areas-csv,selected,areas.csv,verified,present,verified,no,
maps:AR0314:seedvr2-7b-int8-lab-direct-x4,maps,seedvr2-7b-int8-lab-direct-x4,1,maps:AR0314:day,maps/AR0314/runs/seedvr2-7b-int8-lab-direct-x4,map-upscale,maps/AR0314/runs/seedvr2-7b-int8-lab-direct-x4/run.json,pipeline/comfyui/workflows/SeedVR-Image-BG2-Pipeline-7B.api.json,completed,from-areas-csv,selected,areas.csv,verified,present,verified,no,
maps:AR0315:seedvr2-7b-int8-lab-direct-x4,maps,seedvr2-7b-int8-lab-direct-x4,1,maps:AR0315:day,maps/AR0315/runs/seedvr2-7b-int8-lab-direct-x4,map-upscale,maps/AR0315/runs/seedvr2-7b-int8-lab-direct-x4/run.json,pipeline/comfyui/workflows/SeedVR-Image-BG2-Pipeline-7B.api.json,completed,from-areas-csv,selected,areas.csv,verified,present,verified,no,
maps:AR0316:seedvr2-7b-int8-lab-direct-x4,maps,seedvr2-7b-int8-lab-direct-x4,1,maps:AR0316:day,maps/AR0316/runs/seedvr2-7b-int8-lab-direct-x4,map-upscale,maps/AR0316/runs/seedvr2-7b-int8-lab-direct-x4/run.json,pipeline/comfyui/workflows/SeedVR-Image-BG2-Pipeline-7B.api.json,completed,from-areas-csv,selected,areas.csv,verified,present,verified,no,
maps:AR0317:seedvr2-7b-int8-lab-direct-x4,maps,seedvr2-7b-int8-lab-direct-x4,1,maps:AR0317:day,maps/AR0317/runs/seedvr2-7b-int8-lab-direct-x4,map-upscale,maps/AR0317/runs/seedvr2-7b-int8-lab-direct-x4/run.json,pipeline/comfyui/workflows/SeedVR-Image-BG2-Pipeline-7B.api.json,completed,from-areas-csv,selected,areas.csv,verified,present,verified,no,
maps:AR0318:seedvr2-7b-int8-lab-direct-x4,maps,seedvr2-7b-int8-lab-direct-x4,1,maps:AR0318:day,maps/AR0318/runs/seedvr2-7b-int8-lab-direct-x4,map-upscale,maps/AR0318/runs/seedvr2-7b-int8-lab-direct-x4/run.json,pipeline/comfyui/workflows/SeedVR-Image-BG2-Pipeline-7B.api.json,completed,from-areas-csv,selected,areas.csv,verified,present,verified,no,
maps:AR0319:seedvr2-7b-int8-lab-direct-x4,maps,seedvr2-7b-int8-lab-direct-x4,1,maps:AR0319:day,maps/AR0319/runs/seedvr2-7b-int8-lab-direct-x4,map-upscale,maps/AR0319/runs/seedvr2-7b-int8-lab-direct-x4/run.json,pipeline/comfyui/workflows/SeedVR-Image-BG2-Pipeline-7B.api.json,completed,from-areas-csv,selected,areas.csv,verified,present,verified,no,
maps:AR0325:seedvr2-7b-int8-lab-direct-x4,maps,seedvr2-7b-int8-lab-direct-x4,1,maps:AR0325:day,maps/AR0325/runs/seedvr2-7b-int8-lab-direct-x4,map-upscale,maps/AR0325/runs/seedvr2-7b-int8-lab-direct-x4/run.json,pipeline/comfyui/workflows/SeedVR-Image-BG2-Pipeline-7B.api.json,completed,from-areas-csv,selected,areas.csv,verified,present,verified,no,
maps:AR0330:seedvr2-7b-int8-lab-direct-x4,maps,seedvr2-7b-int8-lab-direct-x4,1,maps:AR0330:day,maps/AR0330/runs/seedvr2-7b-int8-lab-direct-x4,map-upscale,maps/AR0330/runs/seedvr2-7b-int8-lab-direct-x4/run.json,pipeline/comfyui/workflows/SeedVR-Image-BG2-Pipeline-7B.api.json,completed,from-areas-csv,selected,areas.csv,verified,present,verified,no,
maps:AR0331:seedvr2-7b-int8-lab-direct-x4,maps,seedvr2-7b-int8-lab-direct-x4,1,maps:AR0331:day,maps/AR0331/runs/seedvr2-7b-int8-lab-direct-x4,map-upscale,maps/AR0331/runs/seedvr2-7b-int8-lab-direct-x4/run.json,pipeline/comfyui/workflows/SeedVR-Image-BG2-Pipeline-7B.api.json,completed,from-areas-csv,selected,areas.csv,verified,present,verified,no,
maps:AR0332:seedvr2-7b-int8-lab-direct-x4,maps,seedvr2-7b-int8-lab-direct-x4,1,maps:AR0332:day,maps/AR0332/runs/seedvr2-7b-int8-lab-direct-x4,map-upscale,maps/AR0332/runs/seedvr2-7b-int8-lab-direct-x4/run.json,pipeline/comfyui/workflows/SeedVR-Image-BG2-Pipeline-7B.api.json,completed,from-areas-csv,selected,areas.csv,verified,present,verified,no,
maps:AR0334:seedvr2-7b-int8-lab-direct-x4,maps,seedvr2-7b-int8-lab-direct-x4,1,maps:AR0334:day,maps/AR0334/runs/seedvr2-7b-int8-lab-direct-x4,map-upscale,maps/AR0334/runs/seedvr2-7b-int8-lab-direct-x4/run.json,pipeline/comfyui/workflows/SeedVR-Image-BG2-Pipeline-7B.api.json,completed,from-areas-csv,selected,areas.csv,verified,present,verified,no,
maps:AR0335:seedvr2-7b-int8-lab-direct-x4,maps,seedvr2-7b-int8-lab-direct-x4,1,maps:AR0335:day,maps/AR0335/runs/seedvr2-7b-int8-lab-direct-x4,map-upscale,maps/AR0335/runs/seedvr2-7b-int8-lab-direct-x4/run.json,pipeline/comfyui/workflows/SeedVR-Image-BG2-Pipeline-7B.api.json,completed,from-areas-csv,selected,areas.csv,verified,present,verified,no,
maps:AR0400:seedvr2-7b-int8-lab-grid-2x4-x4-jour,maps,seedvr2-7b-int8-lab-grid-2x4-x4-jour,1,maps:AR0400:day,maps/AR0400/runs/seedvr2-7b-int8-lab-grid-2x4-x4-jour,map-upscale,maps/AR0400/runs/seedvr2-7b-int8-lab-grid-2x4-x4-jour/run.json,pipeline/comfyui/workflows/SeedVR-Image-BG2-Pipeline-7B.api.json,completed,from-areas-csv,selected,areas.csv,verified,present,verified,no,
maps:AR0400:seedvr2-7b-int8-lab-grid-2x4-x4-nuit,maps,seedvr2-7b-int8-lab-grid-2x4-x4-nuit,1,maps:AR0400:night,maps/AR0400/runs/seedvr2-7b-int8-lab-grid-2x4-x4-nuit,map-upscale,maps/AR0400/runs/seedvr2-7b-int8-lab-grid-2x4-x4-nuit/run.json,pipeline/comfyui/workflows/SeedVR-Image-BG2-Pipeline-7B.api.json,completed,from-areas-csv,selected,areas.csv,verified,present,verified,no,
maps:AR0401:upscale-01,maps,upscale-01,1,maps:AR0401:day,maps/AR0401/runs/upscale-01,map-upscale,maps/AR0401/runs/upscale-01/run.json,pipeline/comfyui/workflows/SeedVR-Image-BG2-Pipeline-7B.api.json,completed,from-areas-csv,selected,areas.csv,verified,present,verified,no,
maps:AR0402:upscale-01,maps,upscale-01,1,maps:AR0402:day,maps/AR0402/runs/upscale-01,map-upscale,maps/AR0402/runs/upscale-01/run.json,pipeline/comfyui/workflows/SeedVR-Image-BG2-Pipeline-7B.api.json,completed,from-areas-csv,selected,areas.csv,verified,present,verified,no,
maps:AR0403:upscale-01,maps,upscale-01,1,maps:AR0403:day,maps/AR0403/runs/upscale-01,map-upscale,maps/AR0403/runs/upscale-01/run.json,pipeline/comfyui/workflows/SeedVR-Image-BG2-Pipeline-7B.api.json,completed,from-areas-csv,selected,areas.csv,verified,present,verified,no,
maps:AR0404:upscale-01,maps,upscale-01,1,maps:AR0404:day,maps/AR0404/runs/upscale-01,map-upscale,maps/AR0404/runs/upscale-01/run.json,pipeline/comfyui/workflows/SeedVR-Image-BG2-Pipeline-7B.api.json,completed,from-areas-csv,selected,areas.csv,verified,present,verified,no,
maps:AR0405:upscale-01,maps,upscale-01,1,maps:AR0405:day,maps/AR0405/runs/upscale-01,map-upscale,maps/AR0405/runs/upscale-01/run.json,pipeline/comfyui/workflows/SeedVR-Image-BG2-Pipeline-7B.api.json,completed,from-areas-csv,selected,areas.csv,verified,present,verified,no,
maps:AR0406:seedvr2-7b-int8-lab-grid-2x4-x4-main-test,maps,seedvr2-7b-int8-lab-grid-2x4-x4-main-test,1,maps:AR0406:day,maps/AR0406/runs/seedvr2-7b-int8-lab-grid-2x4-x4-main-test,map-upscale,maps/AR0406/runs/seedvr2-7b-int8-lab-grid-2x4-x4-main-test/run.json,pipeline/comfyui/workflows/SeedVR-Image-BG2-Pipeline-7B.api.json,completed,from-areas-csv,selected,areas.csv,verified,present,verified,no,
maps:AR0407:seedvr2-7b-int8-lab-direct-x4,maps,seedvr2-7b-int8-lab-direct-x4,1,maps:AR0407:day,maps/AR0407/runs/seedvr2-7b-int8-lab-direct-x4,map-upscale,maps/AR0407/runs/seedvr2-7b-int8-lab-direct-x4/run.json,pipeline/comfyui/workflows/SeedVR-Image-BG2-Pipeline-7B.api.json,completed,from-areas-csv,selected,areas.csv,verified,present,verified,no,
maps:AR0408:seedvr2-7b-int8-lab-direct-x4,maps,seedvr2-7b-int8-lab-direct-x4,1,maps:AR0408:day,maps/AR0408/runs/seedvr2-7b-int8-lab-direct-x4,map-upscale,maps/AR0408/runs/seedvr2-7b-int8-lab-direct-x4/run.json,pipeline/comfyui/workflows/SeedVR-Image-BG2-Pipeline-7B.api.json,completed,from-areas-csv,selected,areas.csv,verified,present,verified,no,
maps:AR0409:seedvr2-7b-int8-lab-direct-x4,maps,seedvr2-7b-int8-lab-direct-x4,1,maps:AR0409:day,maps/AR0409/runs/seedvr2-7b-int8-lab-direct-x4,map-upscale,maps/AR0409/runs/seedvr2-7b-int8-lab-direct-x4/run.json,pipeline/comfyui/workflows/SeedVR-Image-BG2-Pipeline-7B.api.json,completed,from-areas-csv,selected,areas.csv,verified,present,verified,no,
maps:AR0410:legacy-upscale-tests-20260818,maps,legacy-upscale-tests-20260818,1,maps:AR0410:day,maps/AR0410/runs/legacy-upscale-tests-20260818,legacy-map-experiment,docs/workspace-cleanup-manifest.json,,historical-experiment,unknown,historical-unselected,,documented,present,verified-move,yes,Essais AR0410 retirés des maîtres x1; aucune sélection ni QA inférée.
maps:AR0410:upscale-01,maps,upscale-01,1,maps:AR0410:day,maps/AR0410/runs/upscale-01,map-upscale,maps/AR0410/runs/upscale-01/run.json,pipeline/comfyui/workflows/SeedVR-Image-BG2-Pipeline-7B.api.json,completed,from-areas-csv,selected,areas.csv,verified,present,verified,no,
maps:AR0411:upscale-01,maps,upscale-01,1,maps:AR0411:day,maps/AR0411/runs/upscale-01,map-upscale,maps/AR0411/runs/upscale-01/run.json,pipeline/comfyui/workflows/SeedVR-Image-BG2-Pipeline-7B.api.json,completed,from-areas-csv,selected,areas.csv,verified,present,verified,no,
maps:AR0412:upscale-01,maps,upscale-01,1,maps:AR0412:day,maps/AR0412/runs/upscale-01,map-upscale,maps/AR0412/runs/upscale-01/run.json,pipeline/comfyui/workflows/SeedVR-Image-BG2-Pipeline-7B.api.json,completed,from-areas-csv,selected,areas.csv,verified,present,verified,no,
maps:AR0413:upscale-01,maps,upscale-01,1,maps:AR0413:day,maps/AR0413/runs/upscale-01,map-upscale,maps/AR0413/runs/upscale-01/run.json,pipeline/comfyui/workflows/SeedVR-Image-BG2-Pipeline-7B.api.json,completed,from-areas-csv,selected,areas.csv,verified,present,verified,no,
maps:AR0413:wtoil-family-definitive,maps,wtoil-family-definitive,1,maps:AR0413:day,maps/AR0413/runs/wtoil-family-definitive,map-upscale,maps/AR0413/runs/wtoil-family-definitive/README.md,,completed-legacy,from-areas-csv,selected,areas.csv,documented,present,partial,yes,Run historique antérieur à run.json; conservé et sélectionné par areas.csv.
maps:AR0414:upscale-01,maps,upscale-01,1,maps:AR0414:day,maps/AR0414/runs/upscale-01,map-upscale,maps/AR0414/runs/upscale-01/run.json,pipeline/comfyui/workflows/SeedVR-Image-BG2-Pipeline-7B.api.json,completed,from-areas-csv,selected,areas.csv,verified,present,verified,no,
maps:AR0415:seedvr2-7b-int8-lab-direct-x4,maps,seedvr2-7b-int8-lab-direct-x4,1,maps:AR0415:day,maps/AR0415/runs/seedvr2-7b-int8-lab-direct-x4,map-upscale,maps/AR0415/runs/seedvr2-7b-int8-lab-direct-x4/run.json,pipeline/comfyui/workflows/SeedVR-Image-BG2-Pipeline-7B.api.json,completed,from-areas-csv,selected,areas.csv,verified,present,verified,no,
maps:AR0416:seedvr2-7b-int8-lab-direct-x4,maps,seedvr2-7b-int8-lab-direct-x4,1,maps:AR0416:day,maps/AR0416/runs/seedvr2-7b-int8-lab-direct-x4,map-upscale,maps/AR0416/runs/seedvr2-7b-int8-lab-direct-x4/run.json,pipeline/comfyui/workflows/SeedVR-Image-BG2-Pipeline-7B.api.json,completed,from-areas-csv,selected,areas.csv,verified,present,verified,no,
maps:AR0417:upscale-01,maps,upscale-01,1,maps:AR0417:day,maps/AR0417/runs/upscale-01,map-upscale,maps/AR0417/runs/upscale-01/run.json,pipeline/comfyui/workflows/SeedVR-Image-BG2-Pipeline-7B.api.json,completed,from-areas-csv,selected,areas.csv,verified,present,verified,no,
maps:AR0418:upscale-01,maps,upscale-01,1,maps:AR0418:day,maps/AR0418/runs/upscale-01,map-upscale,maps/AR0418/runs/upscale-01/run.json,pipeline/comfyui/workflows/SeedVR-Image-BG2-Pipeline-7B.api.json,completed,from-areas-csv,selected,areas.csv,verified,present,verified,no,
maps:AR0420:upscale-01,maps,upscale-01,1,maps:AR0420:day,maps/AR0420/runs/upscale-01,map-upscale,maps/AR0420/runs/upscale-01/run.json,pipeline/comfyui/workflows/SeedVR-Image-BG2-Pipeline-7B.api.json,completed,from-areas-csv,selected,areas.csv,verified,present,verified,no,
maps:AR0500:seedvr2-7b-int8-lab-grid-2x5-x4-jour,maps,seedvr2-7b-int8-lab-grid-2x5-x4-jour,1,maps:AR0500:day,maps/AR0500/runs/seedvr2-7b-int8-lab-grid-2x5-x4-jour,map-upscale,maps/AR0500/runs/seedvr2-7b-int8-lab-grid-2x5-x4-jour/run.json,pipeline/comfyui/workflows/SeedVR-Image-BG2-Pipeline-7B.api.json,completed,from-areas-csv,selected,areas.csv,verified,present,verified,no,
maps:AR0500:seedvr2-7b-int8-lab-grid-2x5-x4-nuit,maps,seedvr2-7b-int8-lab-grid-2x5-x4-nuit,1,maps:AR0500:night,maps/AR0500/runs/seedvr2-7b-int8-lab-grid-2x5-x4-nuit,map-upscale,maps/AR0500/runs/seedvr2-7b-int8-lab-grid-2x5-x4-nuit/run.json,pipeline/comfyui/workflows/SeedVR-Image-BG2-Pipeline-7B.api.json,completed,from-areas-csv,selected,areas.csv,verified,present,verified,no,
maps:AR0501:seedvr2-7b-int8-lab-direct-x4,maps,seedvr2-7b-int8-lab-direct-x4,1,maps:AR0501:day,maps/AR0501/runs/seedvr2-7b-int8-lab-direct-x4,map-upscale,maps/AR0501/runs/seedvr2-7b-int8-lab-direct-x4/run.json,pipeline/comfyui/workflows/SeedVR-Image-BG2-Pipeline-7B.api.json,completed,from-areas-csv,selected,areas.csv,verified,present,verified,no,
maps:AR0502:seedvr2-7b-int8-lab-direct-x4,maps,seedvr2-7b-int8-lab-direct-x4,1,maps:AR0502:day,maps/AR0502/runs/seedvr2-7b-int8-lab-direct-x4,map-upscale,maps/AR0502/runs/seedvr2-7b-int8-lab-direct-x4/run.json,pipeline/comfyui/workflows/SeedVR-Image-BG2-Pipeline-7B.api.json,completed,from-areas-csv,selected,areas.csv,verified,present,verified,no,
maps:AR0503:seedvr2-7b-int8-lab-direct-x4,maps,seedvr2-7b-int8-lab-direct-x4,1,maps:AR0503:day,maps/AR0503/runs/seedvr2-7b-int8-lab-direct-x4,map-upscale,maps/AR0503/runs/seedvr2-7b-int8-lab-direct-x4/run.json,pipeline/comfyui/workflows/SeedVR-Image-BG2-Pipeline-7B.api.json,completed,from-areas-csv,selected,areas.csv,verified,present,verified,no,
maps:AR0504:seedvr2-7b-int8-lab-grid-2x2-x4,maps,seedvr2-7b-int8-lab-grid-2x2-x4,1,maps:AR0504:day,maps/AR0504/runs/seedvr2-7b-int8-lab-grid-2x2-x4,map-upscale,maps/AR0504/runs/seedvr2-7b-int8-lab-grid-2x2-x4/run.json,pipeline/comfyui/workflows/SeedVR-Image-BG2-Pipeline-7B.api.json,completed,from-areas-csv,selected,areas.csv,verified,present,verified,no,
maps:AR0505:seedvr2-7b-int8-lab-grid-2x2-x4,maps,seedvr2-7b-int8-lab-grid-2x2-x4,1,maps:AR0505:day,maps/AR0505/runs/seedvr2-7b-int8-lab-grid-2x2-x4,map-upscale,maps/AR0505/runs/seedvr2-7b-int8-lab-grid-2x2-x4/run.json,pipeline/comfyui/workflows/SeedVR-Image-BG2-Pipeline-7B.api.json,completed,from-areas-csv,selected,areas.csv,verified,present,verified,no,
maps:AR0506:seedvr2-7b-int8-lab-direct-x4,maps,seedvr2-7b-int8-lab-direct-x4,1,maps:AR0506:day,maps/AR0506/runs/seedvr2-7b-int8-lab-direct-x4,map-upscale,maps/AR0506/runs/seedvr2-7b-int8-lab-direct-x4/run.json,pipeline/comfyui/workflows/SeedVR-Image-BG2-Pipeline-7B.api.json,completed,from-areas-csv,selected,areas.csv,verified,present,verified,no,
maps:AR0507:seedvr2-7b-int8-lab-direct-x4,maps,seedvr2-7b-int8-lab-direct-x4,1,maps:AR0507:day,maps/AR0507/runs/seedvr2-7b-int8-lab-direct-x4,map-upscale,maps/AR0507/runs/seedvr2-7b-int8-lab-direct-x4/run.json,pipeline/comfyui/workflows/SeedVR-Image-BG2-Pipeline-7B.api.json,completed,from-areas-csv,selected,areas.csv,verified,present,verified,no,
maps:AR0508:seedvr2-7b-int8-lab-direct-x4,maps,seedvr2-7b-int8-lab-direct-x4,1,maps:AR0508:day,maps/AR0508/runs/seedvr2-7b-int8-lab-direct-x4,map-upscale,maps/AR0508/runs/seedvr2-7b-int8-lab-direct-x4/run.json,pipeline/comfyui/workflows/SeedVR-Image-BG2-Pipeline-7B.api.json,completed,from-areas-csv,selected,areas.csv,verified,present,verified,no,
maps:AR0509:seedvr2-7b-int8-lab-direct-x4,maps,seedvr2-7b-int8-lab-direct-x4,1,maps:AR0509:day,maps/AR0509/runs/seedvr2-7b-int8-lab-direct-x4,map-upscale,maps/AR0509/runs/seedvr2-7b-int8-lab-direct-x4/run.json,pipeline/comfyui/workflows/SeedVR-Image-BG2-Pipeline-7B.api.json,completed,from-areas-csv,selected,areas.csv,verified,present,verified,no,
maps:AR0510:seedvr2-7b-int8-lab-split-rows-x4,maps,seedvr2-7b-int8-lab-split-rows-x4,1,maps:AR0510:day,maps/AR0510/runs/seedvr2-7b-int8-lab-split-rows-x4,map-upscale,maps/AR0510/runs/seedvr2-7b-int8-lab-split-rows-x4/run.json,pipeline/comfyui/workflows/SeedVR-Image-BG2-Pipeline-7B.api.json,completed,from-areas-csv,selected,areas.csv,verified,present,verified,no,
maps:AR0511:seedvr2-7b-int8-lab-split-rows-x4,maps,seedvr2-7b-int8-lab-split-rows-x4,1,maps:AR0511:day,maps/AR0511/runs/seedvr2-7b-int8-lab-split-rows-x4,map-upscale,maps/AR0511/runs/seedvr2-7b-int8-lab-split-rows-x4/run.json,pipeline/comfyui/workflows/SeedVR-Image-BG2-Pipeline-7B.api.json,completed,from-areas-csv,selected,areas.csv,verified,present,verified,no,
maps:AR0512:seedvr2-7b-int8-lab-direct-x4,maps,seedvr2-7b-int8-lab-direct-x4,1,maps:AR0512:day,maps/AR0512/runs/seedvr2-7b-int8-lab-direct-x4,map-upscale,maps/AR0512/runs/seedvr2-7b-int8-lab-direct-x4/run.json,pipeline/comfyui/workflows/SeedVR-Image-BG2-Pipeline-7B.api.json,completed,from-areas-csv,selected,areas.csv,verified,present,verified,no,
maps:AR0513:seedvr2-7b-int8-lab-direct-x4,maps,seedvr2-7b-int8-lab-direct-x4,1,maps:AR0513:day,maps/AR0513/runs/seedvr2-7b-int8-lab-direct-x4,map-upscale,maps/AR0513/runs/seedvr2-7b-int8-lab-direct-x4/run.json,pipeline/comfyui/workflows/SeedVR-Image-BG2-Pipeline-7B.api.json,completed,from-areas-csv,selected,areas.csv,verified,present,verified,no,
maps:AR0514:seedvr2-7b-int8-lab-direct-x4,maps,seedvr2-7b-int8-lab-direct-x4,1,maps:AR0514:day,maps/AR0514/runs/seedvr2-7b-int8-lab-direct-x4,map-upscale,maps/AR0514/runs/seedvr2-7b-int8-lab-direct-x4/run.json,pipeline/comfyui/workflows/SeedVR-Image-BG2-Pipeline-7B.api.json,completed,from-areas-csv,selected,areas.csv,verified,present,verified,no,
maps:AR0515:seedvr2-7b-int8-lab-direct-x4,maps,seedvr2-7b-int8-lab-direct-x4,1,maps:AR0515:day,maps/AR0515/runs/seedvr2-7b-int8-lab-direct-x4,map-upscale,maps/AR0515/runs/seedvr2-7b-int8-lab-direct-x4/run.json,pipeline/comfyui/workflows/SeedVR-Image-BG2-Pipeline-7B.api.json,completed,from-areas-csv,selected,areas.csv,verified,present,verified,no,
maps:AR0516:seedvr2-7b-int8-lab-grid-2x3-x4,maps,seedvr2-7b-int8-lab-grid-2x3-x4,1,maps:AR0516:day,maps/AR0516/runs/seedvr2-7b-int8-lab-grid-2x3-x4,map-upscale,maps/AR0516/runs/seedvr2-7b-int8-lab-grid-2x3-x4/run.json,pipeline/comfyui/workflows/SeedVR-Image-BG2-Pipeline-7B.api.json,completed,from-areas-csv,selected,areas.csv,verified,present,verified,no,
maps:AR0517:seedvr2-7b-int8-lab-direct-x4,maps,seedvr2-7b-int8-lab-direct-x4,1,maps:AR0517:day,maps/AR0517/runs/seedvr2-7b-int8-lab-direct-x4,map-upscale,maps/AR0517/runs/seedvr2-7b-int8-lab-direct-x4/run.json,pipeline/comfyui/workflows/SeedVR-Image-BG2-Pipeline-7B.api.json,completed,from-areas-csv,selected,areas.csv,verified,present,verified,no,
maps:AR0526:seedvr2-7b-int8-lab-direct-x4,maps,seedvr2-7b-int8-lab-direct-x4,1,maps:AR0526:day,maps/AR0526/runs/seedvr2-7b-int8-lab-direct-x4,map-upscale,maps/AR0526/runs/seedvr2-7b-int8-lab-direct-x4/run.json,pipeline/comfyui/workflows/SeedVR-Image-BG2-Pipeline-7B.api.json,completed,from-areas-csv,selected,areas.csv,verified,present,verified,no,
maps:AR0527:seedvr2-7b-int8-lab-direct-x4,maps,seedvr2-7b-int8-lab-direct-x4,1,maps:AR0527:day,maps/AR0527/runs/seedvr2-7b-int8-lab-direct-x4,map-upscale,maps/AR0527/runs/seedvr2-7b-int8-lab-direct-x4/run.json,pipeline/comfyui/workflows/SeedVR-Image-BG2-Pipeline-7B.api.json,completed,from-areas-csv,selected,areas.csv,verified,present,verified,no,
maps:AR0528:seedvr2-7b-int8-lab-direct-x4,maps,seedvr2-7b-int8-lab-direct-x4,1,maps:AR0528:day,maps/AR0528/runs/seedvr2-7b-int8-lab-direct-x4,map-upscale,maps/AR0528/runs/seedvr2-7b-int8-lab-direct-x4/run.json,pipeline/comfyui/workflows/SeedVR-Image-BG2-Pipeline-7B.api.json,completed,from-areas-csv,selected,areas.csv,verified,present,verified,no,
maps:AR0529:seedvr2-7b-int8-lab-direct-x4,maps,seedvr2-7b-int8-lab-direct-x4,1,maps:AR0529:day,maps/AR0529/runs/seedvr2-7b-int8-lab-direct-x4,map-upscale,maps/AR0529/runs/seedvr2-7b-int8-lab-direct-x4/run.json,pipeline/comfyui/workflows/SeedVR-Image-BG2-Pipeline-7B.api.json,completed,from-areas-csv,selected,areas.csv,verified,present,verified,no,
maps:AR0530:seedvr2-7b-int8-lab-direct-x4,maps,seedvr2-7b-int8-lab-direct-x4,1,maps:AR0530:day,maps/AR0530/runs/seedvr2-7b-int8-lab-direct-x4,map-upscale,maps/AR0530/runs/seedvr2-7b-int8-lab-direct-x4/run.json,pipeline/comfyui/workflows/SeedVR-Image-BG2-Pipeline-7B.api.json,completed,from-areas-csv,selected,areas.csv,verified,present,verified,no,
maps:AR0531:seedvr2-7b-int8-lab-direct-x4,maps,seedvr2-7b-int8-lab-direct-x4,1,maps:AR0531:day,maps/AR0531/runs/seedvr2-7b-int8-lab-direct-x4,map-upscale,maps/AR0531/runs/seedvr2-7b-int8-lab-direct-x4/run.json,pipeline/comfyui/workflows/SeedVR-Image-BG2-Pipeline-7B.api.json,completed,from-areas-csv,selected,areas.csv,verified,present,verified,no,
maps:AR0600:seedvr2-7b-int8-lab-grid-2x2-x4-png-review,maps,seedvr2-7b-int8-lab-grid-2x2-x4-png-review,1,maps:AR0600:day,maps/AR0600/runs/seedvr2-7b-int8-lab-grid-2x2-x4-png-review,map-upscale,maps/AR0600/runs/seedvr2-7b-int8-lab-grid-2x2-x4-png-review/run.json,pipeline/comfyui/workflows/SeedVR-Image-BG2-Pipeline-7B.api.json,completed,from-areas-csv,selected,areas.csv,verified,present,verified,no,
maps:AR0601:seedvr2-7b-int8-lab-split-rows-x4,maps,seedvr2-7b-int8-lab-split-rows-x4,1,maps:AR0601:day,maps/AR0601/runs/seedvr2-7b-int8-lab-split-rows-x4,map-upscale,maps/AR0601/runs/seedvr2-7b-int8-lab-split-rows-x4/run.json,pipeline/comfyui/workflows/SeedVR-Image-BG2-Pipeline-7B.api.json,completed,from-areas-csv,selected,areas.csv,verified,present,verified,no,
maps:AR0602:seedvr2-7b-int8-lab-grid-2x5-x4-png-review,maps,seedvr2-7b-int8-lab-grid-2x5-x4-png-review,1,maps:AR0602:day,maps/AR0602/runs/seedvr2-7b-int8-lab-grid-2x5-x4-png-review,map-upscale,maps/AR0602/runs/seedvr2-7b-int8-lab-grid-2x5-x4-png-review/run.json,pipeline/comfyui/workflows/SeedVR-Image-BG2-Pipeline-7B.api.json,completed,from-areas-csv,selected,areas.csv,verified,present,verified,no,
maps:AR0603:seedvr2-7b-int8-lab-grid-2x4-x4-primary-experimental-wtoil,maps,seedvr2-7b-int8-lab-grid-2x4-x4-primary-experimental-wtoil,1,maps:AR0603:day,maps/AR0603/runs/seedvr2-7b-int8-lab-grid-2x4-x4-primary-experimental-wtoil,map-upscale,maps/AR0603/runs/seedvr2-7b-int8-lab-grid-2x4-x4-primary-experimental-wtoil/run.json,pipeline/comfyui/workflows/SeedVR-Image-BG2-Pipeline-7B.api.json,completed,from-areas-csv,selected,areas.csv,verified,present,verified,no,
maps:AR0604:seedvr2-7b-int8-lab-direct-x4-png-review,maps,seedvr2-7b-int8-lab-direct-x4-png-review,1,maps:AR0604:day,maps/AR0604/runs/seedvr2-7b-int8-lab-direct-x4-png-review,map-upscale,maps/AR0604/runs/seedvr2-7b-int8-lab-direct-x4-png-review/run.json,pipeline/comfyui/workflows/SeedVR-Image-BG2-Pipeline-7B.api.json,completed,from-areas-csv,selected,areas.csv,verified,present,verified,no,
maps:AR0605:seedvr2-7b-int8-lab-direct-x4-png-review,maps,seedvr2-7b-int8-lab-direct-x4-png-review,1,maps:AR0605:day,maps/AR0605/runs/seedvr2-7b-int8-lab-direct-x4-png-review,map-upscale,maps/AR0605/runs/seedvr2-7b-int8-lab-direct-x4-png-review/run.json,pipeline/comfyui/workflows/SeedVR-Image-BG2-Pipeline-7B.api.json,completed,from-areas-csv,selected,areas.csv,verified,present,verified,no,
maps:AR0606:seedvr2-7b-int8-lab-direct-x4-png-review,maps,seedvr2-7b-int8-lab-direct-x4-png-review,1,maps:AR0606:day,maps/AR0606/runs/seedvr2-7b-int8-lab-direct-x4-png-review,map-upscale,maps/AR0606/runs/seedvr2-7b-int8-lab-direct-x4-png-review/run.json,pipeline/comfyui/workflows/SeedVR-Image-BG2-Pipeline-7B.api.json,completed,from-areas-csv,selected,areas.csv,verified,present,verified,no,
maps:AR0607:seedvr2-7b-int8-lab-direct-x4-png-review,maps,seedvr2-7b-int8-lab-direct-x4-png-review,1,maps:AR0607:day,maps/AR0607/runs/seedvr2-7b-int8-lab-direct-x4-png-review,map-upscale,maps/AR0607/runs/seedvr2-7b-int8-lab-direct-x4-png-review/run.json,pipeline/comfyui/workflows/SeedVR-Image-BG2-Pipeline-7B.api.json,completed,from-areas-csv,selected,areas.csv,verified,present,verified,no,
maps:AR0700:seedvr2-7b-int8-lab-grid-2x5-x4-jour,maps,seedvr2-7b-int8-lab-grid-2x5-x4-jour,1,maps:AR0700:day,maps/AR0700/runs/seedvr2-7b-int8-lab-grid-2x5-x4-jour,map-upscale,maps/AR0700/runs/seedvr2-7b-int8-lab-grid-2x5-x4-jour/run.json,pipeline/comfyui/workflows/SeedVR-Image-BG2-Pipeline-7B.api.json,completed-experimental,from-areas-csv,selected,areas.csv,verified,present,verified,no,
maps:AR0700:seedvr2-7b-int8-lab-grid-2x5-x4-nuit,maps,seedvr2-7b-int8-lab-grid-2x5-x4-nuit,1,maps:AR0700:night,maps/AR0700/runs/seedvr2-7b-int8-lab-grid-2x5-x4-nuit,map-upscale,maps/AR0700/runs/seedvr2-7b-int8-lab-grid-2x5-x4-nuit/run.json,pipeline/comfyui/workflows/SeedVR-Image-BG2-Pipeline-7B.api.json,completed-experimental,from-areas-csv,selected,areas.csv,verified,present,verified,no,
maps:AR0701:upscale-01,maps,upscale-01,1,maps:AR0701:day,maps/AR0701/runs/upscale-01,map-upscale,maps/AR0701/runs/upscale-01/run.json,pipeline/comfyui/workflows/SeedVR-Image-BG2-Pipeline-7B.api.json,completed,from-areas-csv,selected,areas.csv,verified,present,verified,no,
maps:AR0702:seedvr2-7b-int8-lab-direct-x4-test,maps,seedvr2-7b-int8-lab-direct-x4-test,1,maps:AR0702:day,maps/AR0702/runs/seedvr2-7b-int8-lab-direct-x4-test,map-upscale,maps/AR0702/runs/seedvr2-7b-int8-lab-direct-x4-test/run.json,pipeline/comfyui/workflows/SeedVR-Image-BG2-Pipeline-7B.api.json,completed,from-areas-csv,selected,areas.csv,partial,present,verified,no,
maps:AR0703:seedvr2-7b-int8-lab-direct-x4,maps,seedvr2-7b-int8-lab-direct-x4,1,maps:AR0703:day,maps/AR0703/runs/seedvr2-7b-int8-lab-direct-x4,map-upscale,maps/AR0703/runs/seedvr2-7b-int8-lab-direct-x4/run.json,pipeline/comfyui/workflows/SeedVR-Image-BG2-Pipeline-7B.api.json,completed,from-areas-csv,selected,areas.csv,partial,present,verified,no,
maps:AR0704:seedvr2-7b-int8-lab-direct-x4,maps,seedvr2-7b-int8-lab-direct-x4,1,maps:AR0704:day,maps/AR0704/runs/seedvr2-7b-int8-lab-direct-x4,map-upscale,maps/AR0704/runs/seedvr2-7b-int8-lab-direct-x4/run.json,pipeline/comfyui/workflows/SeedVR-Image-BG2-Pipeline-7B.api.json,completed,from-areas-csv,selected,areas.csv,partial,present,verified,no,
maps:AR0705:upscale-01,maps,upscale-01,1,maps:AR0705:day,maps/AR0705/runs/upscale-01,map-upscale,maps/AR0705/runs/upscale-01/run.json,pipeline/comfyui/workflows/SeedVR-Image-BG2-Pipeline-7B.api.json,completed,from-areas-csv,selected,areas.csv,verified,present,verified,no,
maps:AR0706:seedvr2-7b-int8-lab-direct-x4,maps,seedvr2-7b-int8-lab-direct-x4,1,maps:AR0706:day,maps/AR0706/runs/seedvr2-7b-int8-lab-direct-x4,map-upscale,maps/AR0706/runs/seedvr2-7b-int8-lab-direct-x4/run.json,pipeline/comfyui/workflows/SeedVR-Image-BG2-Pipeline-7B.api.json,completed,from-areas-csv,selected,areas.csv,partial,present,verified,no,
maps:AR0707:seedvr2-7b-int8-lab-direct-x4,maps,seedvr2-7b-int8-lab-direct-x4,1,maps:AR0707:day,maps/AR0707/runs/seedvr2-7b-int8-lab-direct-x4,map-upscale,maps/AR0707/runs/seedvr2-7b-int8-lab-direct-x4/run.json,pipeline/comfyui/workflows/SeedVR-Image-BG2-Pipeline-7B.api.json,completed,from-areas-csv,selected,areas.csv,partial,present,verified,no,
maps:AR0708:seedvr2-7b-int8-lab-direct-x4,maps,seedvr2-7b-int8-lab-direct-x4,1,maps:AR0708:day,maps/AR0708/runs/seedvr2-7b-int8-lab-direct-x4,map-upscale,maps/AR0708/runs/seedvr2-7b-int8-lab-direct-x4/run.json,pipeline/comfyui/workflows/SeedVR-Image-BG2-Pipeline-7B.api.json,completed,from-areas-csv,selected,areas.csv,partial,present,verified,no,
maps:AR0709:seedvr2-7b-int8-lab-direct-x4,maps,seedvr2-7b-int8-lab-direct-x4,1,maps:AR0709:day,maps/AR0709/runs/seedvr2-7b-int8-lab-direct-x4,map-upscale,maps/AR0709/runs/seedvr2-7b-int8-lab-direct-x4/run.json,pipeline/comfyui/workflows/SeedVR-Image-BG2-Pipeline-7B.api.json,completed,from-areas-csv,selected,areas.csv,partial,present,verified,no,
maps:AR0710:seedvr2-7b-int8-lab-direct-x4,maps,seedvr2-7b-int8-lab-direct-x4,1,maps:AR0710:day,maps/AR0710/runs/seedvr2-7b-int8-lab-direct-x4,map-upscale,maps/AR0710/runs/seedvr2-7b-int8-lab-direct-x4/run.json,pipeline/comfyui/workflows/SeedVR-Image-BG2-Pipeline-7B.api.json,completed,from-areas-csv,selected,areas.csv,verified,present,verified,no,
maps:AR0711:upscale-01,maps,upscale-01,1,maps:AR0711:day,maps/AR0711/runs/upscale-01,map-upscale,maps/AR0711/runs/upscale-01/run.json,pipeline/comfyui/workflows/SeedVR-Image-BG2-Pipeline-7B.api.json,completed,from-areas-csv,selected,areas.csv,verified,present,verified,no,
maps:AR0712:seedvr2-7b-int8-lab-direct-x4,maps,seedvr2-7b-int8-lab-direct-x4,1,maps:AR0712:day,maps/AR0712/runs/seedvr2-7b-int8-lab-direct-x4,map-upscale,maps/AR0712/runs/seedvr2-7b-int8-lab-direct-x4/run.json,pipeline/comfyui/workflows/SeedVR-Image-BG2-Pipeline-7B.api.json,completed,from-areas-csv,selected,areas.csv,partial,present,verified,no,
maps:AR0713:seedvr2-7b-int8-lab-direct-x4,maps,seedvr2-7b-int8-lab-direct-x4,1,maps:AR0713:day,maps/AR0713/runs/seedvr2-7b-int8-lab-direct-x4,map-upscale,maps/AR0713/runs/seedvr2-7b-int8-lab-direct-x4/run.json,pipeline/comfyui/workflows/SeedVR-Image-BG2-Pipeline-7B.api.json,completed,from-areas-csv,selected,areas.csv,verified,present,verified,no,
maps:AR0714:seedvr2-7b-int8-lab-direct-x4,maps,seedvr2-7b-int8-lab-direct-x4,1,maps:AR0714:day,maps/AR0714/runs/seedvr2-7b-int8-lab-direct-x4,map-upscale,maps/AR0714/runs/seedvr2-7b-int8-lab-direct-x4/run.json,pipeline/comfyui/workflows/SeedVR-Image-BG2-Pipeline-7B.api.json,completed,from-areas-csv,selected,areas.csv,verified,present,verified,no,
maps:AR0800:seedvr2-7b-int8-lab-grid-2x2-x4-jour,maps,seedvr2-7b-int8-lab-grid-2x2-x4-jour,1,maps:AR0800:day,maps/AR0800/runs/seedvr2-7b-int8-lab-grid-2x2-x4-jour,map-upscale,maps/AR0800/runs/seedvr2-7b-int8-lab-grid-2x2-x4-jour/run.json,pipeline/comfyui/workflows/SeedVR-Image-BG2-Pipeline-7B.api.json,completed,from-areas-csv,selected,areas.csv,verified,present,verified,no,
maps:AR0800:seedvr2-7b-int8-lab-grid-2x2-x4-nuit,maps,seedvr2-7b-int8-lab-grid-2x2-x4-nuit,1,maps:AR0800:night,maps/AR0800/runs/seedvr2-7b-int8-lab-grid-2x2-x4-nuit,map-upscale,maps/AR0800/runs/seedvr2-7b-int8-lab-grid-2x2-x4-nuit/run.json,pipeline/comfyui/workflows/SeedVR-Image-BG2-Pipeline-7B.api.json,completed,from-areas-csv,selected,areas.csv,verified,present,verified,no,
maps:AR0801:seedvr2-7b-int8-lab-split-grid-2x5-x4,maps,seedvr2-7b-int8-lab-split-grid-2x5-x4,1,maps:AR0801:day,maps/AR0801/runs/seedvr2-7b-int8-lab-split-grid-2x5-x4,map-upscale,maps/AR0801/runs/seedvr2-7b-int8-lab-split-grid-2x5-x4/run.json,pipeline/comfyui/workflows/SeedVR-Image-BG2-Pipeline-7B.api.json,completed,from-areas-csv,selected,areas.csv,verified,present,verified,no,
maps:AR0802:seedvr2-7b-int8-lab-split-grid-2x2-x4,maps,seedvr2-7b-int8-lab-split-grid-2x2-x4,1,maps:AR0802:day,maps/AR0802/runs/seedvr2-7b-int8-lab-split-grid-2x2-x4,map-upscale,maps/AR0802/runs/seedvr2-7b-int8-lab-split-grid-2x2-x4/run.json,pipeline/comfyui/workflows/SeedVR-Image-BG2-Pipeline-7B.api.json,completed,from-areas-csv,selected,areas.csv,verified,present,verified,no,
maps:AR0803:seedvr2-7b-int8-lab-split-rows-x4,maps,seedvr2-7b-int8-lab-split-rows-x4,1,maps:AR0803:day,maps/AR0803/runs/seedvr2-7b-int8-lab-split-rows-x4,map-upscale,maps/AR0803/runs/seedvr2-7b-int8-lab-split-rows-x4/run.json,pipeline/comfyui/workflows/SeedVR-Image-BG2-Pipeline-7B.api.json,completed,from-areas-csv,selected,areas.csv,verified,present,verified,no,
maps:AR0804:seedvr2-7b-int8-lab-direct-x4,maps,seedvr2-7b-int8-lab-direct-x4,1,maps:AR0804:day,maps/AR0804/runs/seedvr2-7b-int8-lab-direct-x4,map-upscale,maps/AR0804/runs/seedvr2-7b-int8-lab-direct-x4/run.json,pipeline/comfyui/workflows/SeedVR-Image-BG2-Pipeline-7B.api.json,completed,from-areas-csv,selected,areas.csv,verified,present,verified,no,
maps:AR0805:seedvr2-7b-int8-lab-direct-x4,maps,seedvr2-7b-int8-lab-direct-x4,1,maps:AR0805:day,maps/AR0805/runs/seedvr2-7b-int8-lab-direct-x4,map-upscale,maps/AR0805/runs/seedvr2-7b-int8-lab-direct-x4/run.json,pipeline/comfyui/workflows/SeedVR-Image-BG2-Pipeline-7B.api.json,completed,from-areas-csv,selected,areas.csv,verified,present,verified,no,
maps:AR0806:seedvr2-7b-int8-lab-direct-x4,maps,seedvr2-7b-int8-lab-direct-x4,1,maps:AR0806:day,maps/AR0806/runs/seedvr2-7b-int8-lab-direct-x4,map-upscale,maps/AR0806/runs/seedvr2-7b-int8-lab-direct-x4/run.json,pipeline/comfyui/workflows/SeedVR-Image-BG2-Pipeline-7B.api.json,completed,from-areas-csv,selected,areas.csv,verified,present,verified,no,
maps:AR0807:seedvr2-7b-int8-lab-direct-x4,maps,seedvr2-7b-int8-lab-direct-x4,1,maps:AR0807:day,maps/AR0807/runs/seedvr2-7b-int8-lab-direct-x4,map-upscale,maps/AR0807/runs/seedvr2-7b-int8-lab-direct-x4/run.json,pipeline/comfyui/workflows/SeedVR-Image-BG2-Pipeline-7B.api.json,completed,from-areas-csv,selected,areas.csv,verified,present,verified,no,
maps:AR0811:seedvr2-7b-int8-lab-direct-x4,maps,seedvr2-7b-int8-lab-direct-x4,1,maps:AR0811:day,maps/AR0811/runs/seedvr2-7b-int8-lab-direct-x4,map-upscale,maps/AR0811/runs/seedvr2-7b-int8-lab-direct-x4/run.json,pipeline/comfyui/workflows/SeedVR-Image-BG2-Pipeline-7B.api.json,completed,from-areas-csv,selected,areas.csv,verified,present,verified,no,
maps:AR0900:seedvr2-7b-int8-lab-grid-2x5-x4-jour,maps,seedvr2-7b-int8-lab-grid-2x5-x4-jour,1,maps:AR0900:day,maps/AR0900/runs/seedvr2-7b-int8-lab-grid-2x5-x4-jour,map-upscale,maps/AR0900/runs/seedvr2-7b-int8-lab-grid-2x5-x4-jour/run.json,pipeline/comfyui/workflows/SeedVR-Image-BG2-Pipeline-7B.api.json,completed,from-areas-csv,selected,areas.csv,verified,present,verified,no,
maps:AR0900:seedvr2-7b-int8-lab-grid-2x5-x4-nuit,maps,seedvr2-7b-int8-lab-grid-2x5-x4-nuit,1,maps:AR0900:night,maps/AR0900/runs/seedvr2-7b-int8-lab-grid-2x5-x4-nuit,map-upscale,maps/AR0900/runs/seedvr2-7b-int8-lab-grid-2x5-x4-nuit/run.json,pipeline/comfyui/workflows/SeedVR-Image-BG2-Pipeline-7B.api.json,completed,from-areas-csv,selected,areas.csv,verified,present,verified,no,
maps:AR0901:upscale-01,maps,upscale-01,1,maps:AR0901:day,maps/AR0901/runs/upscale-01,map-upscale,maps/AR0901/runs/upscale-01/run.json,pipeline/comfyui/workflows/SeedVR-Image-BG2-Pipeline-7B.api.json,completed,from-areas-csv,selected,areas.csv,verified,present,verified,no,
maps:AR0902:upscale-01,maps,upscale-01,1,maps:AR0902:day,maps/AR0902/runs/upscale-01,map-upscale,maps/AR0902/runs/upscale-01/run.json,pipeline/comfyui/workflows/SeedVR-Image-BG2-Pipeline-7B.api.json,completed,from-areas-csv,selected,areas.csv,verified,present,verified,no,
maps:AR0903:upscale-01,maps,upscale-01,1,maps:AR0903:day,maps/AR0903/runs/upscale-01,map-upscale,maps/AR0903/runs/upscale-01/run.json,pipeline/comfyui/workflows/SeedVR-Image-BG2-Pipeline-7B.api.json,completed,from-areas-csv,selected,areas.csv,verified,present,verified,no,
maps:AR0904:upscale-01,maps,upscale-01,1,maps:AR0904:day,maps/AR0904/runs/upscale-01,map-upscale,maps/AR0904/runs/upscale-01/run.json,pipeline/comfyui/workflows/SeedVR-Image-BG2-Pipeline-7B.api.json,completed,from-areas-csv,selected,areas.csv,verified,present,verified,no,
maps:AR0905:upscale-01,maps,upscale-01,1,maps:AR0905:day,maps/AR0905/runs/upscale-01,map-upscale,maps/AR0905/runs/upscale-01/run.json,pipeline/comfyui/workflows/SeedVR-Image-BG2-Pipeline-7B.api.json,completed,from-areas-csv,selected,areas.csv,verified,present,verified,no,
maps:AR0906:upscale-01,maps,upscale-01,1,maps:AR0906:day,maps/AR0906/runs/upscale-01,map-upscale,maps/AR0906/runs/upscale-01/run.json,pipeline/comfyui/workflows/SeedVR-Image-BG2-Pipeline-7B.api.json,completed,from-areas-csv,selected,areas.csv,verified,present,verified,no,
maps:AR0907:upscale-01,maps,upscale-01,1,maps:AR0907:day,maps/AR0907/runs/upscale-01,map-upscale,maps/AR0907/runs/upscale-01/run.json,pipeline/comfyui/workflows/SeedVR-Image-BG2-Pipeline-7B.api.json,completed,from-areas-csv,selected,areas.csv,verified,present,verified,no,
maps:AR1000:seedvr2-7b-int8-lab-grid-2x5-x4-jour,maps,seedvr2-7b-int8-lab-grid-2x5-x4-jour,1,maps:AR1000:day,maps/AR1000/runs/seedvr2-7b-int8-lab-grid-2x5-x4-jour,map-upscale,maps/AR1000/runs/seedvr2-7b-int8-lab-grid-2x5-x4-jour/run.json,pipeline/comfyui/workflows/SeedVR-Image-BG2-Pipeline-7B.api.json,completed,from-areas-csv,selected,areas.csv,verified,present,verified,no,
maps:AR1000:seedvr2-7b-int8-lab-grid-2x5-x4-nuit,maps,seedvr2-7b-int8-lab-grid-2x5-x4-nuit,1,maps:AR1000:night,maps/AR1000/runs/seedvr2-7b-int8-lab-grid-2x5-x4-nuit,map-upscale,maps/AR1000/runs/seedvr2-7b-int8-lab-grid-2x5-x4-nuit/run.json,pipeline/comfyui/workflows/SeedVR-Image-BG2-Pipeline-7B.api.json,completed,from-areas-csv,selected,areas.csv,verified,present,verified,no,
maps:AR1001:seedvr2-7b-int8-lab-direct-x4,maps,seedvr2-7b-int8-lab-direct-x4,1,maps:AR1001:day,maps/AR1001/runs/seedvr2-7b-int8-lab-direct-x4,map-upscale,maps/AR1001/runs/seedvr2-7b-int8-lab-direct-x4/run.json,pipeline/comfyui/workflows/SeedVR-Image-BG2-Pipeline-7B.api.json,completed,from-areas-csv,selected,areas.csv,verified,present,verified,no,
maps:AR1002:seedvr2-7b-int8-lab-split-rows-x4,maps,seedvr2-7b-int8-lab-split-rows-x4,1,maps:AR1002:day,maps/AR1002/runs/seedvr2-7b-int8-lab-split-rows-x4,map-upscale,maps/AR1002/runs/seedvr2-7b-int8-lab-split-rows-x4/run.json,pipeline/comfyui/workflows/SeedVR-Image-BG2-Pipeline-7B.api.json,completed,from-areas-csv,selected,areas.csv,verified,present,verified,no,
maps:AR1003:seedvr2-7b-int8-lab-direct-x4,maps,seedvr2-7b-int8-lab-direct-x4,1,maps:AR1003:day,maps/AR1003/runs/seedvr2-7b-int8-lab-direct-x4,map-upscale,maps/AR1003/runs/seedvr2-7b-int8-lab-direct-x4/run.json,pipeline/comfyui/workflows/SeedVR-Image-BG2-Pipeline-7B.api.json,completed,from-areas-csv,selected,areas.csv,verified,present,verified,no,
maps:AR1004:seedvr2-7b-int8-lab-direct-x4,maps,seedvr2-7b-int8-lab-direct-x4,1,maps:AR1004:day,maps/AR1004/runs/seedvr2-7b-int8-lab-direct-x4,map-upscale,maps/AR1004/runs/seedvr2-7b-int8-lab-direct-x4/run.json,pipeline/comfyui/workflows/SeedVR-Image-BG2-Pipeline-7B.api.json,completed,from-areas-csv,selected,areas.csv,verified,present,verified,no,
maps:AR1005:seedvr2-7b-int8-lab-direct-x4,maps,seedvr2-7b-int8-lab-direct-x4,1,maps:AR1005:day,maps/AR1005/runs/seedvr2-7b-int8-lab-direct-x4,map-upscale,maps/AR1005/runs/seedvr2-7b-int8-lab-direct-x4/run.json,pipeline/comfyui/workflows/SeedVR-Image-BG2-Pipeline-7B.api.json,completed,from-areas-csv,selected,areas.csv,verified,present,verified,no,
maps:AR1008:seedvr2-7b-int8-lab-direct-x4,maps,seedvr2-7b-int8-lab-direct-x4,1,maps:AR1008:day,maps/AR1008/runs/seedvr2-7b-int8-lab-direct-x4,map-upscale,maps/AR1008/runs/seedvr2-7b-int8-lab-direct-x4/run.json,pipeline/comfyui/workflows/SeedVR-Image-BG2-Pipeline-7B.api.json,completed,from-areas-csv,selected,areas.csv,verified,present,verified,no,
maps:AR1010:seedvr2-7b-int8-lab-split-rows-x4,maps,seedvr2-7b-int8-lab-split-rows-x4,1,maps:AR1010:day,maps/AR1010/runs/seedvr2-7b-int8-lab-split-rows-x4,map-upscale,maps/AR1010/runs/seedvr2-7b-int8-lab-split-rows-x4/run.json,pipeline/comfyui/workflows/SeedVR-Image-BG2-Pipeline-7B.api.json,completed,from-areas-csv,selected,areas.csv,verified,present,verified,no,
maps:AR1100:upscale-01,maps,upscale-01,1,maps:AR1100:day,maps/AR1100/runs/upscale-01,map-upscale,maps/AR1100/runs/upscale-01/run.json,pipeline/comfyui/workflows/SeedVR-Image-BG2-Pipeline-7B.api.json,completed,from-areas-csv,selected,areas.csv,verified,present,verified,no,
maps:AR1101:upscale-01,maps,upscale-01,1,maps:AR1101:day,maps/AR1101/runs/upscale-01,map-upscale,maps/AR1101/runs/upscale-01/run.json,pipeline/comfyui/workflows/SeedVR-Image-BG2-Pipeline-7B.api.json,completed,from-areas-csv,selected,areas.csv,verified,present,verified,no,
maps:AR1102:upscale-01,maps,upscale-01,1,maps:AR1102:day,maps/AR1102/runs/upscale-01,map-upscale,maps/AR1102/runs/upscale-01/run.json,pipeline/comfyui/workflows/SeedVR-Image-BG2-Pipeline-7B.api.json,completed,from-areas-csv,selected,areas.csv,verified,present,verified,no,
maps:AR1103:upscale-01,maps,upscale-01,1,maps:AR1103:day,maps/AR1103/runs/upscale-01,map-upscale,maps/AR1103/runs/upscale-01/run.json,pipeline/comfyui/workflows/SeedVR-Image-BG2-Pipeline-7B.api.json,completed,from-areas-csv,selected,areas.csv,verified,present,verified,no,
maps:AR1104:upscale-01,maps,upscale-01,1,maps:AR1104:day,maps/AR1104/runs/upscale-01,map-upscale,maps/AR1104/runs/upscale-01/run.json,pipeline/comfyui/workflows/SeedVR-Image-BG2-Pipeline-7B.api.json,completed,from-areas-csv,selected,areas.csv,verified,present,verified,no,
maps:AR1105:upscale-01,maps,upscale-01,1,maps:AR1105:day,maps/AR1105/runs/upscale-01,map-upscale,maps/AR1105/runs/upscale-01/run.json,pipeline/comfyui/workflows/SeedVR-Image-BG2-Pipeline-7B.api.json,completed,from-areas-csv,selected,areas.csv,verified,present,verified,no,
maps:AR1106:upscale-01,maps,upscale-01,1,maps:AR1106:day,maps/AR1106/runs/upscale-01,map-upscale,maps/AR1106/runs/upscale-01/run.json,pipeline/comfyui/workflows/SeedVR-Image-BG2-Pipeline-7B.api.json,completed,from-areas-csv,selected,areas.csv,verified,present,verified,no,
maps:AR1200:upscale-01,maps,upscale-01,1,maps:AR1200:day,maps/AR1200/runs/upscale-01,map-upscale,maps/AR1200/runs/upscale-01/run.json,pipeline/comfyui/workflows/SeedVR-Image-BG2-Pipeline-7B.api.json,completed,from-areas-csv,selected,areas.csv,verified,present,verified,no,
maps:AR1201:upscale-01,maps,upscale-01,1,maps:AR1201:day,maps/AR1201/runs/upscale-01,map-upscale,maps/AR1201/runs/upscale-01/run.json,pipeline/comfyui/workflows/SeedVR-Image-BG2-Pipeline-7B.api.json,completed,from-areas-csv,selected,areas.csv,verified,present,verified,no,
maps:AR1202:upscale-01,maps,upscale-01,1,maps:AR1202:day,maps/AR1202/runs/upscale-01,map-upscale,maps/AR1202/runs/upscale-01/run.json,pipeline/comfyui/workflows/SeedVR-Image-BG2-Pipeline-7B.api.json,completed,from-areas-csv,selected,areas.csv,verified,present,verified,no,
maps:AR1203:upscale-01,maps,upscale-01,1,maps:AR1203:day,maps/AR1203/runs/upscale-01,map-upscale,maps/AR1203/runs/upscale-01/run.json,pipeline/comfyui/workflows/SeedVR-Image-BG2-Pipeline-7B.api.json,completed,from-areas-csv,selected,areas.csv,verified,present,verified,no,
maps:AR1204:upscale-01,maps,upscale-01,1,maps:AR1204:day,maps/AR1204/runs/upscale-01,map-upscale,maps/AR1204/runs/upscale-01/run.json,pipeline/comfyui/workflows/SeedVR-Image-BG2-Pipeline-7B.api.json,completed,from-areas-csv,selected,areas.csv,verified,present,verified,no,
maps:AR1300:seedvr2-7b-x4-grid-2x5-preview,maps,seedvr2-7b-x4-grid-2x5-preview,1,maps:AR1300:day,maps/AR1300/runs/seedvr2-7b-x4-grid-2x5-preview,map-upscale,maps/AR1300/runs/seedvr2-7b-x4-grid-2x5-preview/run.json,pipeline/comfyui/workflows/SeedVR-Image-BG2-Pipeline-7B.api.json,completed,from-areas-csv,selected,areas.csv,verified,present,verified,no,
maps:AR1301:seedvr2-7b-x4-grid-2x2,maps,seedvr2-7b-x4-grid-2x2,1,maps:AR1301:day,maps/AR1301/runs/seedvr2-7b-x4-grid-2x2,map-upscale,maps/AR1301/runs/seedvr2-7b-x4-grid-2x2/run.json,pipeline/comfyui/workflows/SeedVR-Image-BG2-Pipeline-7B.api.json,completed,from-areas-csv,selected,areas.csv,verified,present,verified,no,
maps:AR1302:seedvr2-7b-x4-grid-2x2,maps,seedvr2-7b-x4-grid-2x2,1,maps:AR1302:day,maps/AR1302/runs/seedvr2-7b-x4-grid-2x2,map-upscale,maps/AR1302/runs/seedvr2-7b-x4-grid-2x2/run.json,pipeline/comfyui/workflows/SeedVR-Image-BG2-Pipeline-7B.api.json,completed,from-areas-csv,selected,areas.csv,verified,present,verified,no,
maps:AR1303:seedvr2-7b-x4-grid-2x2,maps,seedvr2-7b-x4-grid-2x2,1,maps:AR1303:day,maps/AR1303/runs/seedvr2-7b-x4-grid-2x2,map-upscale,maps/AR1303/runs/seedvr2-7b-x4-grid-2x2/run.json,pipeline/comfyui/workflows/SeedVR-Image-BG2-Pipeline-7B.api.json,completed,from-areas-csv,selected,areas.csv,verified,present,verified,no,
maps:AR1304:seedvr2-7b-x4-grid-2x5,maps,seedvr2-7b-x4-grid-2x5,1,maps:AR1304:day,maps/AR1304/runs/seedvr2-7b-x4-grid-2x5,map-upscale,maps/AR1304/runs/seedvr2-7b-x4-grid-2x5/run.json,pipeline/comfyui/workflows/SeedVR-Image-BG2-Pipeline-7B.api.json,completed,from-areas-csv,selected,areas.csv,verified,present,verified,no,
maps:AR1400:seedvr2-7b-int8-lab-grid-2x4-x4-jour,maps,seedvr2-7b-int8-lab-grid-2x4-x4-jour,1,maps:AR1400:day,maps/AR1400/runs/seedvr2-7b-int8-lab-grid-2x4-x4-jour,map-upscale,maps/AR1400/runs/seedvr2-7b-int8-lab-grid-2x4-x4-jour/run.json,pipeline/comfyui/workflows/SeedVR-Image-BG2-Pipeline-7B.api.json,completed,from-areas-csv,selected,areas.csv,verified,present,verified,no,
maps:AR1400:seedvr2-7b-int8-lab-grid-2x4-x4-nuit,maps,seedvr2-7b-int8-lab-grid-2x4-x4-nuit,1,maps:AR1400:night,maps/AR1400/runs/seedvr2-7b-int8-lab-grid-2x4-x4-nuit,map-upscale,maps/AR1400/runs/seedvr2-7b-int8-lab-grid-2x4-x4-nuit/run.json,pipeline/comfyui/workflows/SeedVR-Image-BG2-Pipeline-7B.api.json,completed,from-areas-csv,selected,areas.csv,verified,present,verified,no,
maps:AR1401:seedvr2-7b-int8-lab-grid-2x3-x4,maps,seedvr2-7b-int8-lab-grid-2x3-x4,1,maps:AR1401:day,maps/AR1401/runs/seedvr2-7b-int8-lab-grid-2x3-x4,map-upscale,maps/AR1401/runs/seedvr2-7b-int8-lab-grid-2x3-x4/run.json,pipeline/comfyui/workflows/SeedVR-Image-BG2-Pipeline-7B.api.json,completed,from-areas-csv,selected,areas.csv,verified,present,verified,no,
maps:AR1402:seedvr2-7b-int8-lab-grid-2x2-x4,maps,seedvr2-7b-int8-lab-grid-2x2-x4,1,maps:AR1402:day,maps/AR1402/runs/seedvr2-7b-int8-lab-grid-2x2-x4,map-upscale,maps/AR1402/runs/seedvr2-7b-int8-lab-grid-2x2-x4/run.json,pipeline/comfyui/workflows/SeedVR-Image-BG2-Pipeline-7B.api.json,completed,from-areas-csv,selected,areas.csv,verified,present,verified,no,
maps:AR1403:seedvr2-7b-int8-lab-direct-x4,maps,seedvr2-7b-int8-lab-direct-x4,1,maps:AR1403:day,maps/AR1403/runs/seedvr2-7b-int8-lab-direct-x4,map-upscale,maps/AR1403/runs/seedvr2-7b-int8-lab-direct-x4/run.json,pipeline/comfyui/workflows/SeedVR-Image-BG2-Pipeline-7B.api.json,completed,from-areas-csv,selected,areas.csv,verified,present,verified,no,
maps:AR1404:seedvr2-7b-int8-lab-grid-2x4-x4,maps,seedvr2-7b-int8-lab-grid-2x4-x4,1,maps:AR1404:day,maps/AR1404/runs/seedvr2-7b-int8-lab-grid-2x4-x4,map-upscale,maps/AR1404/runs/seedvr2-7b-int8-lab-grid-2x4-x4/run.json,pipeline/comfyui/workflows/SeedVR-Image-BG2-Pipeline-7B.api.json,completed,from-areas-csv,selected,areas.csv,verified,present,verified,no,
maps:AR1500:seedvr2-7b-int8-lab-grid-2x3-x4,maps,seedvr2-7b-int8-lab-grid-2x3-x4,1,maps:AR1500:day,maps/AR1500/runs/seedvr2-7b-int8-lab-grid-2x3-x4,map-upscale,maps/AR1500/runs/seedvr2-7b-int8-lab-grid-2x3-x4/run.json,pipeline/comfyui/workflows/SeedVR-Image-BG2-Pipeline-7B.api.json,completed,from-areas-csv,selected,areas.csv,verified,present,verified,no,
maps:AR1501:seedvr2-7b-int8-lab-direct-x4,maps,seedvr2-7b-int8-lab-direct-x4,1,maps:AR1501:day,maps/AR1501/runs/seedvr2-7b-int8-lab-direct-x4,map-upscale,maps/AR1501/runs/seedvr2-7b-int8-lab-direct-x4/run.json,pipeline/comfyui/workflows/SeedVR-Image-BG2-Pipeline-7B.api.json,completed,from-areas-csv,selected,areas.csv,verified,present,verified,no,
maps:AR1502:seedvr2-7b-int8-lab-split-rows-x4,maps,seedvr2-7b-int8-lab-split-rows-x4,1,maps:AR1502:day,maps/AR1502/runs/seedvr2-7b-int8-lab-split-rows-x4,map-upscale,maps/AR1502/runs/seedvr2-7b-int8-lab-split-rows-x4/run.json,pipeline/comfyui/workflows/SeedVR-Image-BG2-Pipeline-7B.api.json,completed,from-areas-csv,selected,areas.csv,verified,present,verified,no,
maps:AR1503:seedvr2-7b-int8-lab-direct-x4,maps,seedvr2-7b-int8-lab-direct-x4,1,maps:AR1503:day,maps/AR1503/runs/seedvr2-7b-int8-lab-direct-x4,map-upscale,maps/AR1503/runs/seedvr2-7b-int8-lab-direct-x4/run.json,pipeline/comfyui/workflows/SeedVR-Image-BG2-Pipeline-7B.api.json,completed,from-areas-csv,selected,areas.csv,verified,present,verified,no,
maps:AR1504:seedvr2-7b-int8-lab-direct-x4,maps,seedvr2-7b-int8-lab-direct-x4,1,maps:AR1504:day,maps/AR1504/runs/seedvr2-7b-int8-lab-direct-x4,map-upscale,maps/AR1504/runs/seedvr2-7b-int8-lab-direct-x4/run.json,pipeline/comfyui/workflows/SeedVR-Image-BG2-Pipeline-7B.api.json,completed,from-areas-csv,selected,areas.csv,verified,present,verified,no,
maps:AR1505:seedvr2-7b-int8-lab-direct-x4,maps,seedvr2-7b-int8-lab-direct-x4,1,maps:AR1505:day,maps/AR1505/runs/seedvr2-7b-int8-lab-direct-x4,map-upscale,maps/AR1505/runs/seedvr2-7b-int8-lab-direct-x4/run.json,pipeline/comfyui/workflows/SeedVR-Image-BG2-Pipeline-7B.api.json,completed,from-areas-csv,selected,areas.csv,verified,present,verified,no,
maps:AR1506:seedvr2-7b-int8-lab-grid-2x2-x4,maps,seedvr2-7b-int8-lab-grid-2x2-x4,1,maps:AR1506:day,maps/AR1506/runs/seedvr2-7b-int8-lab-grid-2x2-x4,map-upscale,maps/AR1506/runs/seedvr2-7b-int8-lab-grid-2x2-x4/run.json,pipeline/comfyui/workflows/SeedVR-Image-BG2-Pipeline-7B.api.json,completed,from-areas-csv,selected,areas.csv,verified,present,verified,no,
maps:AR1507:seedvr2-7b-int8-lab-direct-x4,maps,seedvr2-7b-int8-lab-direct-x4,1,maps:AR1507:day,maps/AR1507/runs/seedvr2-7b-int8-lab-direct-x4,map-upscale,maps/AR1507/runs/seedvr2-7b-int8-lab-direct-x4/run.json,pipeline/comfyui/workflows/SeedVR-Image-BG2-Pipeline-7B.api.json,completed,from-areas-csv,selected,areas.csv,verified,present,verified,no,
maps:AR1508:seedvr2-7b-int8-lab-direct-x4,maps,seedvr2-7b-int8-lab-direct-x4,1,maps:AR1508:day,maps/AR1508/runs/seedvr2-7b-int8-lab-direct-x4,map-upscale,maps/AR1508/runs/seedvr2-7b-int8-lab-direct-x4/run.json,pipeline/comfyui/workflows/SeedVR-Image-BG2-Pipeline-7B.api.json,completed,from-areas-csv,selected,areas.csv,verified,present,verified,no,
maps:AR1509:seedvr2-7b-int8-lab-direct-x4,maps,seedvr2-7b-int8-lab-direct-x4,1,maps:AR1509:day,maps/AR1509/runs/seedvr2-7b-int8-lab-direct-x4,map-upscale,maps/AR1509/runs/seedvr2-7b-int8-lab-direct-x4/run.json,pipeline/comfyui/workflows/SeedVR-Image-BG2-Pipeline-7B.api.json,completed,from-areas-csv,selected,areas.csv,verified,present,verified,no,
maps:AR1510:seedvr2-7b-int8-lab-direct-x4,maps,seedvr2-7b-int8-lab-direct-x4,1,maps:AR1510:day,maps/AR1510/runs/seedvr2-7b-int8-lab-direct-x4,map-upscale,maps/AR1510/runs/seedvr2-7b-int8-lab-direct-x4/run.json,pipeline/comfyui/workflows/SeedVR-Image-BG2-Pipeline-7B.api.json,completed,from-areas-csv,selected,areas.csv,verified,present,verified,no,
maps:AR1511:seedvr2-7b-int8-lab-direct-x4,maps,seedvr2-7b-int8-lab-direct-x4,1,maps:AR1511:day,maps/AR1511/runs/seedvr2-7b-int8-lab-direct-x4,map-upscale,maps/AR1511/runs/seedvr2-7b-int8-lab-direct-x4/run.json,pipeline/comfyui/workflows/SeedVR-Image-BG2-Pipeline-7B.api.json,completed,from-areas-csv,selected,areas.csv,verified,present,verified,no,
maps:AR1512:seedvr2-7b-int8-lab-grid-2x2-x4,maps,seedvr2-7b-int8-lab-grid-2x2-x4,1,maps:AR1512:day,maps/AR1512/runs/seedvr2-7b-int8-lab-grid-2x2-x4,map-upscale,maps/AR1512/runs/seedvr2-7b-int8-lab-grid-2x2-x4/run.json,pipeline/comfyui/workflows/SeedVR-Image-BG2-Pipeline-7B.api.json,completed,from-areas-csv,selected,areas.csv,verified,present,verified,no,
maps:AR1513:seedvr2-7b-int8-lab-grid-2x3-x4,maps,seedvr2-7b-int8-lab-grid-2x3-x4,1,maps:AR1513:day,maps/AR1513/runs/seedvr2-7b-int8-lab-grid-2x3-x4,map-upscale,maps/AR1513/runs/seedvr2-7b-int8-lab-grid-2x3-x4/run.json,pipeline/comfyui/workflows/SeedVR-Image-BG2-Pipeline-7B.api.json,completed,from-areas-csv,selected,areas.csv,verified,present,verified,no,
maps:AR1514:seedvr2-7b-int8-lab-grid-2x2-x4,maps,seedvr2-7b-int8-lab-grid-2x2-x4,1,maps:AR1514:day,maps/AR1514/runs/seedvr2-7b-int8-lab-grid-2x2-x4,map-upscale,maps/AR1514/runs/seedvr2-7b-int8-lab-grid-2x2-x4/run.json,pipeline/comfyui/workflows/SeedVR-Image-BG2-Pipeline-7B.api.json,completed,from-areas-csv,selected,areas.csv,verified,present,verified,no,
maps:AR1515:seedvr2-7b-int8-lab-split-rows-x4,maps,seedvr2-7b-int8-lab-split-rows-x4,1,maps:AR1515:day,maps/AR1515/runs/seedvr2-7b-int8-lab-split-rows-x4,map-upscale,maps/AR1515/runs/seedvr2-7b-int8-lab-split-rows-x4/run.json,pipeline/comfyui/workflows/SeedVR-Image-BG2-Pipeline-7B.api.json,completed,from-areas-csv,selected,areas.csv,verified,present,verified,no,
maps:AR1516:seedvr2-7b-int8-lab-grid-2x2-x4,maps,seedvr2-7b-int8-lab-grid-2x2-x4,1,maps:AR1516:day,maps/AR1516/runs/seedvr2-7b-int8-lab-grid-2x2-x4,map-upscale,maps/AR1516/runs/seedvr2-7b-int8-lab-grid-2x2-x4/run.json,pipeline/comfyui/workflows/SeedVR-Image-BG2-Pipeline-7B.api.json,completed,from-areas-csv,selected,areas.csv,verified,present,verified,no,
maps:AR1600:seedvr2-7b-int8-lab-grid-2x3-x4,maps,seedvr2-7b-int8-lab-grid-2x3-x4,1,maps:AR1600:day,maps/AR1600/runs/seedvr2-7b-int8-lab-grid-2x3-x4,map-upscale,maps/AR1600/runs/seedvr2-7b-int8-lab-grid-2x3-x4/run.json,pipeline/comfyui/workflows/SeedVR-Image-BG2-Pipeline-7B.api.json,completed,from-areas-csv,selected,areas.csv,verified,present,verified,no,
maps:AR1601:seedvr2-7b-int8-lab-direct-x4,maps,seedvr2-7b-int8-lab-direct-x4,1,maps:AR1601:day,maps/AR1601/runs/seedvr2-7b-int8-lab-direct-x4,map-upscale,maps/AR1601/runs/seedvr2-7b-int8-lab-direct-x4/run.json,pipeline/comfyui/workflows/SeedVR-Image-BG2-Pipeline-7B.api.json,completed,from-areas-csv,selected,areas.csv,verified,present,verified,no,
maps:AR1602:seedvr2-7b-int8-lab-direct-x4,maps,seedvr2-7b-int8-lab-direct-x4,1,maps:AR1602:day,maps/AR1602/runs/seedvr2-7b-int8-lab-direct-x4,map-upscale,maps/AR1602/runs/seedvr2-7b-int8-lab-direct-x4/run.json,pipeline/comfyui/workflows/SeedVR-Image-BG2-Pipeline-7B.api.json,completed,from-areas-csv,selected,areas.csv,verified,present,verified,no,
maps:AR1603:seedvr2-7b-int8-lab-direct-x4,maps,seedvr2-7b-int8-lab-direct-x4,1,maps:AR1603:day,maps/AR1603/runs/seedvr2-7b-int8-lab-direct-x4,map-upscale,maps/AR1603/runs/seedvr2-7b-int8-lab-direct-x4/run.json,pipeline/comfyui/workflows/SeedVR-Image-BG2-Pipeline-7B.api.json,completed,from-areas-csv,selected,areas.csv,verified,present,verified,no,
maps:AR1604:seedvr2-7b-int8-lab-direct-x4,maps,seedvr2-7b-int8-lab-direct-x4,1,maps:AR1604:day,maps/AR1604/runs/seedvr2-7b-int8-lab-direct-x4,map-upscale,maps/AR1604/runs/seedvr2-7b-int8-lab-direct-x4/run.json,pipeline/comfyui/workflows/SeedVR-Image-BG2-Pipeline-7B.api.json,completed,from-areas-csv,selected,areas.csv,verified,present,verified,no,
maps:AR1605:seedvr2-7b-int8-lab-direct-x4,maps,seedvr2-7b-int8-lab-direct-x4,1,maps:AR1605:day,maps/AR1605/runs/seedvr2-7b-int8-lab-direct-x4,map-upscale,maps/AR1605/runs/seedvr2-7b-int8-lab-direct-x4/run.json,pipeline/comfyui/workflows/SeedVR-Image-BG2-Pipeline-7B.api.json,completed,from-areas-csv,selected,areas.csv,verified,present,verified,no,
maps:AR1606:seedvr2-7b-int8-lab-direct-x4,maps,seedvr2-7b-int8-lab-direct-x4,1,maps:AR1606:day,maps/AR1606/runs/seedvr2-7b-int8-lab-direct-x4,map-upscale,maps/AR1606/runs/seedvr2-7b-int8-lab-direct-x4/run.json,pipeline/comfyui/workflows/SeedVR-Image-BG2-Pipeline-7B.api.json,completed,from-areas-csv,selected,areas.csv,verified,present,verified,no,
maps:AR1607:seedvr2-7b-int8-lab-grid-2x2-x4,maps,seedvr2-7b-int8-lab-grid-2x2-x4,1,maps:AR1607:day,maps/AR1607/runs/seedvr2-7b-int8-lab-grid-2x2-x4,map-upscale,maps/AR1607/runs/seedvr2-7b-int8-lab-grid-2x2-x4/run.json,pipeline/comfyui/workflows/SeedVR-Image-BG2-Pipeline-7B.api.json,completed,from-areas-csv,selected,areas.csv,verified,present,verified,no,
maps:AR1608:seedvr2-7b-int8-lab-direct-x4,maps,seedvr2-7b-int8-lab-direct-x4,1,maps:AR1608:day,maps/AR1608/runs/seedvr2-7b-int8-lab-direct-x4,map-upscale,maps/AR1608/runs/seedvr2-7b-int8-lab-direct-x4/run.json,pipeline/comfyui/workflows/SeedVR-Image-BG2-Pipeline-7B.api.json,completed,from-areas-csv,selected,areas.csv,verified,present,verified,no,
maps:AR1609:seedvr2-7b-int8-lab-direct-x4,maps,seedvr2-7b-int8-lab-direct-x4,1,maps:AR1609:day,maps/AR1609/runs/seedvr2-7b-int8-lab-direct-x4,map-upscale,maps/AR1609/runs/seedvr2-7b-int8-lab-direct-x4/run.json,pipeline/comfyui/workflows/SeedVR-Image-BG2-Pipeline-7B.api.json,completed,from-areas-csv,selected,areas.csv,verified,present,verified,no,
maps:AR1610:seedvr2-7b-int8-lab-direct-x4,maps,seedvr2-7b-int8-lab-direct-x4,1,maps:AR1610:day,maps/AR1610/runs/seedvr2-7b-int8-lab-direct-x4,map-upscale,maps/AR1610/runs/seedvr2-7b-int8-lab-direct-x4/run.json,pipeline/comfyui/workflows/SeedVR-Image-BG2-Pipeline-7B.api.json,completed,from-areas-csv,selected,areas.csv,verified,present,verified,no,
maps:AR1611:seedvr2-7b-int8-lab-direct-x4,maps,seedvr2-7b-int8-lab-direct-x4,1,maps:AR1611:day,maps/AR1611/runs/seedvr2-7b-int8-lab-direct-x4,map-upscale,maps/AR1611/runs/seedvr2-7b-int8-lab-direct-x4/run.json,pipeline/comfyui/workflows/SeedVR-Image-BG2-Pipeline-7B.api.json,completed,from-areas-csv,selected,areas.csv,verified,present,verified,no,
maps:AR1612:seedvr2-7b-int8-lab-direct-x4,maps,seedvr2-7b-int8-lab-direct-x4,1,maps:AR1612:day,maps/AR1612/runs/seedvr2-7b-int8-lab-direct-x4,map-upscale,maps/AR1612/runs/seedvr2-7b-int8-lab-direct-x4/run.json,pipeline/comfyui/workflows/SeedVR-Image-BG2-Pipeline-7B.api.json,completed,from-areas-csv,selected,areas.csv,verified,present,verified,no,
maps:AR1613:seedvr2-7b-int8-lab-direct-x4,maps,seedvr2-7b-int8-lab-direct-x4,1,maps:AR1613:day,maps/AR1613/runs/seedvr2-7b-int8-lab-direct-x4,map-upscale,maps/AR1613/runs/seedvr2-7b-int8-lab-direct-x4/run.json,pipeline/comfyui/workflows/SeedVR-Image-BG2-Pipeline-7B.api.json,completed,from-areas-csv,selected,areas.csv,verified,present,verified,no,
maps:AR1700:seedvr2-7b-int8-lab-grid-2x4-x4,maps,seedvr2-7b-int8-lab-grid-2x4-x4,1,maps:AR1700:day,maps/AR1700/runs/seedvr2-7b-int8-lab-grid-2x4-x4,map-upscale,maps/AR1700/runs/seedvr2-7b-int8-lab-grid-2x4-x4/run.json,pipeline/comfyui/workflows/SeedVR-Image-BG2-Pipeline-7B.api.json,completed,from-areas-csv,selected,areas.csv,verified,present,verified,no,
maps:AR1800:seedvr2-7b-int8-lab-grid-2x2-x4,maps,seedvr2-7b-int8-lab-grid-2x2-x4,1,maps:AR1800:day,maps/AR1800/runs/seedvr2-7b-int8-lab-grid-2x2-x4,map-upscale,maps/AR1800/runs/seedvr2-7b-int8-lab-grid-2x2-x4/run.json,pipeline/comfyui/workflows/SeedVR-Image-BG2-Pipeline-7B.api.json,completed,from-areas-csv,selected,areas.csv,verified,present,verified,no,
maps:AR1900:seedvr2-7b-int8-lab-grid-2x5-x4-jour,maps,seedvr2-7b-int8-lab-grid-2x5-x4-jour,1,maps:AR1900:day,maps/AR1900/runs/seedvr2-7b-int8-lab-grid-2x5-x4-jour,map-upscale,maps/AR1900/runs/seedvr2-7b-int8-lab-grid-2x5-x4-jour/run.json,pipeline/comfyui/workflows/SeedVR-Image-BG2-Pipeline-7B.api.json,completed,from-areas-csv,selected,areas.csv,verified,present,verified,no,
maps:AR1900:seedvr2-7b-int8-lab-grid-2x5-x4-nuit,maps,seedvr2-7b-int8-lab-grid-2x5-x4-nuit,1,maps:AR1900:night,maps/AR1900/runs/seedvr2-7b-int8-lab-grid-2x5-x4-nuit,map-upscale,maps/AR1900/runs/seedvr2-7b-int8-lab-grid-2x5-x4-nuit/run.json,pipeline/comfyui/workflows/SeedVR-Image-BG2-Pipeline-7B.api.json,completed,from-areas-csv,selected,areas.csv,verified,present,verified,no,
maps:AR1901:seedvr2-7b-int8-lab-split-rows-x4,maps,seedvr2-7b-int8-lab-split-rows-x4,1,maps:AR1901:day,maps/AR1901/runs/seedvr2-7b-int8-lab-split-rows-x4,map-upscale,maps/AR1901/runs/seedvr2-7b-int8-lab-split-rows-x4/run.json,pipeline/comfyui/workflows/SeedVR-Image-BG2-Pipeline-7B.api.json,completed,from-areas-csv,selected,areas.csv,verified,present,verified,no,
maps:AR1902:seedvr2-7b-int8-lab-direct-x4,maps,seedvr2-7b-int8-lab-direct-x4,1,maps:AR1902:day,maps/AR1902/runs/seedvr2-7b-int8-lab-direct-x4,map-upscale,maps/AR1902/runs/seedvr2-7b-int8-lab-direct-x4/run.json,pipeline/comfyui/workflows/SeedVR-Image-BG2-Pipeline-7B.api.json,completed,from-areas-csv,selected,areas.csv,verified,present,verified,no,
maps:AR1904:seedvr2-7b-int8-lab-split-rows-x4,maps,seedvr2-7b-int8-lab-split-rows-x4,1,maps:AR1904:day,maps/AR1904/runs/seedvr2-7b-int8-lab-split-rows-x4,map-upscale,maps/AR1904/runs/seedvr2-7b-int8-lab-split-rows-x4/run.json,pipeline/comfyui/workflows/SeedVR-Image-BG2-Pipeline-7B.api.json,completed,from-areas-csv,selected,areas.csv,verified,present,verified,no,
maps:AR1905:seedvr2-7b-int8-lab-direct-x4,maps,seedvr2-7b-int8-lab-direct-x4,1,maps:AR1905:day,maps/AR1905/runs/seedvr2-7b-int8-lab-direct-x4,map-upscale,maps/AR1905/runs/seedvr2-7b-int8-lab-direct-x4/run.json,pipeline/comfyui/workflows/SeedVR-Image-BG2-Pipeline-7B.api.json,completed,from-areas-csv,selected,areas.csv,verified,present,verified,no,
maps:AR2000:seedvr2-7b-int8-lab-grid-2x5-x4-jour,maps,seedvr2-7b-int8-lab-grid-2x5-x4-jour,1,maps:AR2000:day,maps/AR2000/runs/seedvr2-7b-int8-lab-grid-2x5-x4-jour,map-upscale,maps/AR2000/runs/seedvr2-7b-int8-lab-grid-2x5-x4-jour/run.json,pipeline/comfyui/workflows/SeedVR-Image-BG2-Pipeline-7B.api.json,completed,from-areas-csv,selected,areas.csv,verified,present,verified,no,
maps:AR2000:seedvr2-7b-int8-lab-grid-2x5-x4-nuit,maps,seedvr2-7b-int8-lab-grid-2x5-x4-nuit,1,maps:AR2000:night,maps/AR2000/runs/seedvr2-7b-int8-lab-grid-2x5-x4-nuit,map-upscale,maps/AR2000/runs/seedvr2-7b-int8-lab-grid-2x5-x4-nuit/run.json,pipeline/comfyui/workflows/SeedVR-Image-BG2-Pipeline-7B.api.json,completed,from-areas-csv,selected,areas.csv,verified,present,verified,no,
maps:AR2001:seedvr2-7b-int8-lab-direct-x4,maps,seedvr2-7b-int8-lab-direct-x4,1,maps:AR2001:day,maps/AR2001/runs/seedvr2-7b-int8-lab-direct-x4,map-upscale,maps/AR2001/runs/seedvr2-7b-int8-lab-direct-x4/run.json,pipeline/comfyui/workflows/SeedVR-Image-BG2-Pipeline-7B.api.json,completed,from-areas-csv,selected,areas.csv,verified,present,verified,no,
maps:AR2002:seedvr2-7b-int8-lab-direct-x4,maps,seedvr2-7b-int8-lab-direct-x4,1,maps:AR2002:day,maps/AR2002/runs/seedvr2-7b-int8-lab-direct-x4,map-upscale,maps/AR2002/runs/seedvr2-7b-int8-lab-direct-x4/run.json,pipeline/comfyui/workflows/SeedVR-Image-BG2-Pipeline-7B.api.json,completed,from-areas-csv,selected,areas.csv,verified,present,verified,no,
maps:AR2006:seedvr2-7b-int8-lab-direct-x4,maps,seedvr2-7b-int8-lab-direct-x4,1,maps:AR2006:day,maps/AR2006/runs/seedvr2-7b-int8-lab-direct-x4,map-upscale,maps/AR2006/runs/seedvr2-7b-int8-lab-direct-x4/run.json,pipeline/comfyui/workflows/SeedVR-Image-BG2-Pipeline-7B.api.json,completed,from-areas-csv,selected,areas.csv,verified,present,verified,no,
maps:AR2007:seedvr2-7b-int8-lab-direct-x4,maps,seedvr2-7b-int8-lab-direct-x4,1,maps:AR2007:day,maps/AR2007/runs/seedvr2-7b-int8-lab-direct-x4,map-upscale,maps/AR2007/runs/seedvr2-7b-int8-lab-direct-x4/run.json,pipeline/comfyui/workflows/SeedVR-Image-BG2-Pipeline-7B.api.json,completed,from-areas-csv,selected,areas.csv,verified,present,verified,no,
maps:AR2008:seedvr2-7b-int8-lab-split-rows-x4,maps,seedvr2-7b-int8-lab-split-rows-x4,1,maps:AR2008:day,maps/AR2008/runs/seedvr2-7b-int8-lab-split-rows-x4,map-upscale,maps/AR2008/runs/seedvr2-7b-int8-lab-split-rows-x4/run.json,pipeline/comfyui/workflows/SeedVR-Image-BG2-Pipeline-7B.api.json,completed,from-areas-csv,selected,areas.csv,verified,present,verified,no,
maps:AR2009:seedvr2-7b-int8-lab-direct-x4,maps,seedvr2-7b-int8-lab-direct-x4,1,maps:AR2009:day,maps/AR2009/runs/seedvr2-7b-int8-lab-direct-x4,map-upscale,maps/AR2009/runs/seedvr2-7b-int8-lab-direct-x4/run.json,pipeline/comfyui/workflows/SeedVR-Image-BG2-Pipeline-7B.api.json,completed,from-areas-csv,selected,areas.csv,verified,present,verified,no,
maps:AR2010:seedvr2-7b-int8-lab-direct-x4,maps,seedvr2-7b-int8-lab-direct-x4,1,maps:AR2010:day,maps/AR2010/runs/seedvr2-7b-int8-lab-direct-x4,map-upscale,maps/AR2010/runs/seedvr2-7b-int8-lab-direct-x4/run.json,pipeline/comfyui/workflows/SeedVR-Image-BG2-Pipeline-7B.api.json,completed,from-areas-csv,selected,areas.csv,verified,present,verified,no,
maps:AR2011:seedvr2-7b-int8-lab-direct-x4,maps,seedvr2-7b-int8-lab-direct-x4,1,maps:AR2011:day,maps/AR2011/runs/seedvr2-7b-int8-lab-direct-x4,map-upscale,maps/AR2011/runs/seedvr2-7b-int8-lab-direct-x4/run.json,pipeline/comfyui/workflows/SeedVR-Image-BG2-Pipeline-7B.api.json,completed,from-areas-csv,selected,areas.csv,verified,present,verified,no,
maps:AR2012:seedvr2-7b-int8-lab-direct-x4,maps,seedvr2-7b-int8-lab-direct-x4,1,maps:AR2012:day,maps/AR2012/runs/seedvr2-7b-int8-lab-direct-x4,map-upscale,maps/AR2012/runs/seedvr2-7b-int8-lab-direct-x4/run.json,pipeline/comfyui/workflows/SeedVR-Image-BG2-Pipeline-7B.api.json,completed,from-areas-csv,selected,areas.csv,verified,present,verified,no,
maps:AR2013:seedvr2-7b-int8-lab-direct-x4,maps,seedvr2-7b-int8-lab-direct-x4,1,maps:AR2013:day,maps/AR2013/runs/seedvr2-7b-int8-lab-direct-x4,map-upscale,maps/AR2013/runs/seedvr2-7b-int8-lab-direct-x4/run.json,pipeline/comfyui/workflows/SeedVR-Image-BG2-Pipeline-7B.api.json,completed,from-areas-csv,selected,areas.csv,verified,present,verified,no,
maps:AR2014:seedvr2-7b-int8-lab-direct-x4,maps,seedvr2-7b-int8-lab-direct-x4,1,maps:AR2014:day,maps/AR2014/runs/seedvr2-7b-int8-lab-direct-x4,map-upscale,maps/AR2014/runs/seedvr2-7b-int8-lab-direct-x4/run.json,pipeline/comfyui/workflows/SeedVR-Image-BG2-Pipeline-7B.api.json,completed,from-areas-csv,selected,areas.csv,verified,present,verified,no,
maps:AR2015:seedvr2-7b-int8-lab-direct-x4,maps,seedvr2-7b-int8-lab-direct-x4,1,maps:AR2015:day,maps/AR2015/runs/seedvr2-7b-int8-lab-direct-x4,map-upscale,maps/AR2015/runs/seedvr2-7b-int8-lab-direct-x4/run.json,pipeline/comfyui/workflows/SeedVR-Image-BG2-Pipeline-7B.api.json,completed,from-areas-csv,selected,areas.csv,verified,present,verified,no,
maps:AR2100:seedvr2-7b-int8-lab-batch-underdark-x4,maps,seedvr2-7b-int8-lab-batch-underdark-x4,1,maps:AR2100:day,maps/AR2100/runs/seedvr2-7b-int8-lab-batch-underdark-x4,map-upscale,maps/AR2100/runs/seedvr2-7b-int8-lab-batch-underdark-x4/run.json,pipeline/comfyui/workflows/SeedVR-Image-BG2-Pipeline-7B.api.json,completed,from-areas-csv,selected,areas.csv,verified,present,verified,no,
maps:AR2101:seedvr2-7b-int8-lab-batch-underdark-x4,maps,seedvr2-7b-int8-lab-batch-underdark-x4,1,maps:AR2101:day,maps/AR2101/runs/seedvr2-7b-int8-lab-batch-underdark-x4,map-upscale,maps/AR2101/runs/seedvr2-7b-int8-lab-batch-underdark-x4/run.json,pipeline/comfyui/workflows/SeedVR-Image-BG2-Pipeline-7B.api.json,completed,from-areas-csv,selected,areas.csv,verified,present,verified,no,
maps:AR2102:seedvr2-7b-int8-lab-batch-underdark-x4,maps,seedvr2-7b-int8-lab-batch-underdark-x4,1,maps:AR2102:day,maps/AR2102/runs/seedvr2-7b-int8-lab-batch-underdark-x4,map-upscale,maps/AR2102/runs/seedvr2-7b-int8-lab-batch-underdark-x4/run.json,pipeline/comfyui/workflows/SeedVR-Image-BG2-Pipeline-7B.api.json,completed,from-areas-csv,selected,areas.csv,verified,present,verified,no,
maps:AR2200:seedvr2-7b-int8-lab-batch-underdark-x4,maps,seedvr2-7b-int8-lab-batch-underdark-x4,1,maps:AR2200:day,maps/AR2200/runs/seedvr2-7b-int8-lab-batch-underdark-x4,map-upscale,maps/AR2200/runs/seedvr2-7b-int8-lab-batch-underdark-x4/run.json,pipeline/comfyui/workflows/SeedVR-Image-BG2-Pipeline-7B.api.json,completed,from-areas-csv,selected,areas.csv,verified,present,verified,no,
maps:AR2201:seedvr2-7b-int8-lab-batch-underdark-x4,maps,seedvr2-7b-int8-lab-batch-underdark-x4,1,maps:AR2201:day,maps/AR2201/runs/seedvr2-7b-int8-lab-batch-underdark-x4,map-upscale,maps/AR2201/runs/seedvr2-7b-int8-lab-batch-underdark-x4/run.json,pipeline/comfyui/workflows/SeedVR-Image-BG2-Pipeline-7B.api.json,completed,from-areas-csv,selected,areas.csv,verified,present,verified,no,
maps:AR2202:seedvr2-7b-int8-lab-batch-underdark-x4,maps,seedvr2-7b-int8-lab-batch-underdark-x4,1,maps:AR2202:day,maps/AR2202/runs/seedvr2-7b-int8-lab-batch-underdark-x4,map-upscale,maps/AR2202/runs/seedvr2-7b-int8-lab-batch-underdark-x4/run.json,pipeline/comfyui/workflows/SeedVR-Image-BG2-Pipeline-7B.api.json,completed,from-areas-csv,selected,areas.csv,verified,present,verified,no,
maps:AR2203:seedvr2-7b-int8-lab-batch-underdark-x4,maps,seedvr2-7b-int8-lab-batch-underdark-x4,1,maps:AR2203:day,maps/AR2203/runs/seedvr2-7b-int8-lab-batch-underdark-x4,map-upscale,maps/AR2203/runs/seedvr2-7b-int8-lab-batch-underdark-x4/run.json,pipeline/comfyui/workflows/SeedVR-Image-BG2-Pipeline-7B.api.json,completed,from-areas-csv,selected,areas.csv,verified,present,verified,no,
maps:AR2204:seedvr2-7b-int8-lab-batch-underdark-x4,maps,seedvr2-7b-int8-lab-batch-underdark-x4,1,maps:AR2204:day,maps/AR2204/runs/seedvr2-7b-int8-lab-batch-underdark-x4,map-upscale,maps/AR2204/runs/seedvr2-7b-int8-lab-batch-underdark-x4/run.json,pipeline/comfyui/workflows/SeedVR-Image-BG2-Pipeline-7B.api.json,completed,from-areas-csv,selected,areas.csv,verified,present,verified,no,
maps:AR2205:seedvr2-7b-int8-lab-batch-underdark-x4,maps,seedvr2-7b-int8-lab-batch-underdark-x4,1,maps:AR2205:day,maps/AR2205/runs/seedvr2-7b-int8-lab-batch-underdark-x4,map-upscale,maps/AR2205/runs/seedvr2-7b-int8-lab-batch-underdark-x4/run.json,pipeline/comfyui/workflows/SeedVR-Image-BG2-Pipeline-7B.api.json,completed,from-areas-csv,selected,areas.csv,verified,present,verified,no,
maps:AR2208:seedvr2-7b-int8-lab-batch-underdark-x4,maps,seedvr2-7b-int8-lab-batch-underdark-x4,1,maps:AR2208:day,maps/AR2208/runs/seedvr2-7b-int8-lab-batch-underdark-x4,map-upscale,maps/AR2208/runs/seedvr2-7b-int8-lab-batch-underdark-x4/run.json,pipeline/comfyui/workflows/SeedVR-Image-BG2-Pipeline-7B.api.json,completed,from-areas-csv,selected,areas.csv,verified,present,verified,no,
maps:AR2210:seedvr2-7b-int8-lab-batch-underdark-x4,maps,seedvr2-7b-int8-lab-batch-underdark-x4,1,maps:AR2210:day,maps/AR2210/runs/seedvr2-7b-int8-lab-batch-underdark-x4,map-upscale,maps/AR2210/runs/seedvr2-7b-int8-lab-batch-underdark-x4/run.json,pipeline/comfyui/workflows/SeedVR-Image-BG2-Pipeline-7B.api.json,completed,from-areas-csv,selected,areas.csv,verified,present,verified,no,
maps:AR2300:seedvr2-7b-int8-lab-batch-underdark-x4,maps,seedvr2-7b-int8-lab-batch-underdark-x4,1,maps:AR2300:day,maps/AR2300/runs/seedvr2-7b-int8-lab-batch-underdark-x4,map-upscale,maps/AR2300/runs/seedvr2-7b-int8-lab-batch-underdark-x4/run.json,pipeline/comfyui/workflows/SeedVR-Image-BG2-Pipeline-7B.api.json,completed,from-areas-csv,selected,areas.csv,verified,present,verified,no,
maps:AR2400:seedvr2-7b-int8-lab-batch-underdark-x4,maps,seedvr2-7b-int8-lab-batch-underdark-x4,1,maps:AR2400:day,maps/AR2400/runs/seedvr2-7b-int8-lab-batch-underdark-x4,map-upscale,maps/AR2400/runs/seedvr2-7b-int8-lab-batch-underdark-x4/run.json,pipeline/comfyui/workflows/SeedVR-Image-BG2-Pipeline-7B.api.json,completed,from-areas-csv,selected,areas.csv,verified,present,verified,no,
maps:AR2401:seedvr2-7b-int8-lab-batch-underdark-x4,maps,seedvr2-7b-int8-lab-batch-underdark-x4,1,maps:AR2401:day,maps/AR2401/runs/seedvr2-7b-int8-lab-batch-underdark-x4,map-upscale,maps/AR2401/runs/seedvr2-7b-int8-lab-batch-underdark-x4/run.json,pipeline/comfyui/workflows/SeedVR-Image-BG2-Pipeline-7B.api.json,completed,from-areas-csv,selected,areas.csv,verified,present,verified,no,
maps:AR2402:seedvr2-7b-int8-lab-batch-underdark-x4,maps,seedvr2-7b-int8-lab-batch-underdark-x4,1,maps:AR2402:day,maps/AR2402/runs/seedvr2-7b-int8-lab-batch-underdark-x4,map-upscale,maps/AR2402/runs/seedvr2-7b-int8-lab-batch-underdark-x4/run.json,pipeline/comfyui/workflows/SeedVR-Image-BG2-Pipeline-7B.api.json,completed,from-areas-csv,selected,areas.csv,verified,present,verified,no,
maps:AR2500:seedvr2-7b-int8-lab-batch-underdark-x4,maps,seedvr2-7b-int8-lab-batch-underdark-x4,1,maps:AR2500:day,maps/AR2500/runs/seedvr2-7b-int8-lab-batch-underdark-x4,map-upscale,maps/AR2500/runs/seedvr2-7b-int8-lab-batch-underdark-x4/run.json,pipeline/comfyui/workflows/SeedVR-Image-BG2-Pipeline-7B.api.json,completed,from-areas-csv,selected,areas.csv,verified,present,verified,no,
maps:AR2600:seedvr2-7b-int8-lab-batch-tethyr-x4,maps,seedvr2-7b-int8-lab-batch-tethyr-x4,1,maps:AR2600:day,maps/AR2600/runs/seedvr2-7b-int8-lab-batch-tethyr-x4,map-upscale,maps/AR2600/runs/seedvr2-7b-int8-lab-batch-tethyr-x4/run.json,pipeline/comfyui/workflows/SeedVR-Image-BG2-Pipeline-7B.api.json,completed,from-areas-csv,selected,areas.csv,verified,present,verified,no,
maps:AR2602:seedvr2-7b-int8-lab-batch-tethyr-x4,maps,seedvr2-7b-int8-lab-batch-tethyr-x4,1,maps:AR2602:day,maps/AR2602/runs/seedvr2-7b-int8-lab-batch-tethyr-x4,map-upscale,maps/AR2602/runs/seedvr2-7b-int8-lab-batch-tethyr-x4/run.json,pipeline/comfyui/workflows/SeedVR-Image-BG2-Pipeline-7B.api.json,completed,from-areas-csv,selected,areas.csv,verified,present,verified,no,
maps:AR2603:seedvr2-7b-int8-lab-batch-tethyr-x4,maps,seedvr2-7b-int8-lab-batch-tethyr-x4,1,maps:AR2603:day,maps/AR2603/runs/seedvr2-7b-int8-lab-batch-tethyr-x4,map-upscale,maps/AR2603/runs/seedvr2-7b-int8-lab-batch-tethyr-x4/run.json,pipeline/comfyui/workflows/SeedVR-Image-BG2-Pipeline-7B.api.json,completed,from-areas-csv,selected,areas.csv,verified,present,verified,no,
maps:AR2700:seedvr2-7b-int8-lab-batch-tethyr-x4,maps,seedvr2-7b-int8-lab-batch-tethyr-x4,1,maps:AR2700:day,maps/AR2700/runs/seedvr2-7b-int8-lab-batch-tethyr-x4,map-upscale,maps/AR2700/runs/seedvr2-7b-int8-lab-batch-tethyr-x4/run.json,pipeline/comfyui/workflows/SeedVR-Image-BG2-Pipeline-7B.api.json,completed,from-areas-csv,selected,areas.csv,verified,present,verified,no,
maps:AR2800:seedvr2-7b-int8-lab-batch-tethyr-x4-jour,maps,seedvr2-7b-int8-lab-batch-tethyr-x4-jour,1,maps:AR2800:day,maps/AR2800/runs/seedvr2-7b-int8-lab-batch-tethyr-x4-jour,map-upscale,maps/AR2800/runs/seedvr2-7b-int8-lab-batch-tethyr-x4-jour/run.json,pipeline/comfyui/workflows/SeedVR-Image-BG2-Pipeline-7B.api.json,completed,from-areas-csv,selected,areas.csv,verified,present,verified,no,
maps:AR2800:seedvr2-7b-int8-lab-batch-tethyr-x4-nuit,maps,seedvr2-7b-int8-lab-batch-tethyr-x4-nuit,1,maps:AR2800:night,maps/AR2800/runs/seedvr2-7b-int8-lab-batch-tethyr-x4-nuit,map-upscale,maps/AR2800/runs/seedvr2-7b-int8-lab-batch-tethyr-x4-nuit/run.json,pipeline/comfyui/workflows/SeedVR-Image-BG2-Pipeline-7B.api.json,completed,from-areas-csv,selected,areas.csv,verified,present,verified,no,
maps:AR2801:seedvr2-7b-int8-lab-batch-tethyr-x4,maps,seedvr2-7b-int8-lab-batch-tethyr-x4,1,maps:AR2801:day,maps/AR2801/runs/seedvr2-7b-int8-lab-batch-tethyr-x4,map-upscale,maps/AR2801/runs/seedvr2-7b-int8-lab-batch-tethyr-x4/run.json,pipeline/comfyui/workflows/SeedVR-Image-BG2-Pipeline-7B.api.json,completed,from-areas-csv,selected,areas.csv,verified,present,verified,no,
maps:AR2802:seedvr2-7b-int8-lab-batch-tethyr-x4,maps,seedvr2-7b-int8-lab-batch-tethyr-x4,1,maps:AR2802:day,maps/AR2802/runs/seedvr2-7b-int8-lab-batch-tethyr-x4,map-upscale,maps/AR2802/runs/seedvr2-7b-int8-lab-batch-tethyr-x4/run.json,pipeline/comfyui/workflows/SeedVR-Image-BG2-Pipeline-7B.api.json,completed,from-areas-csv,selected,areas.csv,verified,present,verified,no,
maps:AR2803:seedvr2-7b-int8-lab-batch-tethyr-x4,maps,seedvr2-7b-int8-lab-batch-tethyr-x4,1,maps:AR2803:day,maps/AR2803/runs/seedvr2-7b-int8-lab-batch-tethyr-x4,map-upscale,maps/AR2803/runs/seedvr2-7b-int8-lab-batch-tethyr-x4/run.json,pipeline/comfyui/workflows/SeedVR-Image-BG2-Pipeline-7B.api.json,completed,from-areas-csv,selected,areas.csv,verified,present,verified,no,
maps:AR2804:seedvr2-7b-int8-lab-batch-tethyr-x4,maps,seedvr2-7b-int8-lab-batch-tethyr-x4,1,maps:AR2804:day,maps/AR2804/runs/seedvr2-7b-int8-lab-batch-tethyr-x4,map-upscale,maps/AR2804/runs/seedvr2-7b-int8-lab-batch-tethyr-x4/run.json,pipeline/comfyui/workflows/SeedVR-Image-BG2-Pipeline-7B.api.json,completed,from-areas-csv,selected,areas.csv,verified,present,verified,no,
maps:AR2805:seedvr2-7b-int8-lab-batch-tethyr-x4,maps,seedvr2-7b-int8-lab-batch-tethyr-x4,1,maps:AR2805:day,maps/AR2805/runs/seedvr2-7b-int8-lab-batch-tethyr-x4,map-upscale,maps/AR2805/runs/seedvr2-7b-int8-lab-batch-tethyr-x4/run.json,pipeline/comfyui/workflows/SeedVR-Image-BG2-Pipeline-7B.api.json,completed,from-areas-csv,selected,areas.csv,verified,present,verified,no,
maps:AR2806:seedvr2-7b-int8-lab-batch-tethyr-x4,maps,seedvr2-7b-int8-lab-batch-tethyr-x4,1,maps:AR2806:day,maps/AR2806/runs/seedvr2-7b-int8-lab-batch-tethyr-x4,map-upscale,maps/AR2806/runs/seedvr2-7b-int8-lab-batch-tethyr-x4/run.json,pipeline/comfyui/workflows/SeedVR-Image-BG2-Pipeline-7B.api.json,completed,from-areas-csv,selected,areas.csv,verified,present,verified,no,
maps:AR2807:seedvr2-7b-int8-lab-batch-tethyr-x4-jour,maps,seedvr2-7b-int8-lab-batch-tethyr-x4-jour,1,maps:AR2807:day,maps/AR2807/runs/seedvr2-7b-int8-lab-batch-tethyr-x4-jour,map-upscale,maps/AR2807/runs/seedvr2-7b-int8-lab-batch-tethyr-x4-jour/run.json,pipeline/comfyui/workflows/SeedVR-Image-BG2-Pipeline-7B.api.json,completed,from-areas-csv,selected,areas.csv,verified,present,verified,no,
maps:AR2807:seedvr2-7b-int8-lab-batch-tethyr-x4-nuit,maps,seedvr2-7b-int8-lab-batch-tethyr-x4-nuit,1,maps:AR2807:night,maps/AR2807/runs/seedvr2-7b-int8-lab-batch-tethyr-x4-nuit,map-upscale,maps/AR2807/runs/seedvr2-7b-int8-lab-batch-tethyr-x4-nuit/run.json,pipeline/comfyui/workflows/SeedVR-Image-BG2-Pipeline-7B.api.json,completed,from-areas-csv,selected,areas.csv,verified,present,verified,no,
maps:AR2900:seedvr2-7b-int8-lab-batch-tethyr-x4,maps,seedvr2-7b-int8-lab-batch-tethyr-x4,1,maps:AR2900:day,maps/AR2900/runs/seedvr2-7b-int8-lab-batch-tethyr-x4,map-upscale,maps/AR2900/runs/seedvr2-7b-int8-lab-batch-tethyr-x4/run.json,pipeline/comfyui/workflows/SeedVR-Image-BG2-Pipeline-7B.api.json,completed,from-areas-csv,selected,areas.csv,verified,present,verified,no,
maps:AR2901:seedvr2-7b-int8-lab-batch-tethyr-x4,maps,seedvr2-7b-int8-lab-batch-tethyr-x4,1,maps:AR2901:day,maps/AR2901/runs/seedvr2-7b-int8-lab-batch-tethyr-x4,map-upscale,maps/AR2901/runs/seedvr2-7b-int8-lab-batch-tethyr-x4/run.json,pipeline/comfyui/workflows/SeedVR-Image-BG2-Pipeline-7B.api.json,completed,from-areas-csv,selected,areas.csv,verified,present,verified,no,
maps:AR2902:seedvr2-7b-int8-lab-batch-tethyr-x4,maps,seedvr2-7b-int8-lab-batch-tethyr-x4,1,maps:AR2902:day,maps/AR2902/runs/seedvr2-7b-int8-lab-batch-tethyr-x4,map-upscale,maps/AR2902/runs/seedvr2-7b-int8-lab-batch-tethyr-x4/run.json,pipeline/comfyui/workflows/SeedVR-Image-BG2-Pipeline-7B.api.json,completed,from-areas-csv,selected,areas.csv,verified,present,verified,no,
maps:AR2903:seedvr2-7b-int8-lab-batch-tethyr-x4,maps,seedvr2-7b-int8-lab-batch-tethyr-x4,1,maps:AR2903:day,maps/AR2903/runs/seedvr2-7b-int8-lab-batch-tethyr-x4,map-upscale,maps/AR2903/runs/seedvr2-7b-int8-lab-batch-tethyr-x4/run.json,pipeline/comfyui/workflows/SeedVR-Image-BG2-Pipeline-7B.api.json,completed,from-areas-csv,selected,areas.csv,verified,present,verified,no,
maps:AR2904:seedvr2-7b-int8-lab-batch-tethyr-x4,maps,seedvr2-7b-int8-lab-batch-tethyr-x4,1,maps:AR2904:day,maps/AR2904/runs/seedvr2-7b-int8-lab-batch-tethyr-x4,map-upscale,maps/AR2904/runs/seedvr2-7b-int8-lab-batch-tethyr-x4/run.json,pipeline/comfyui/workflows/SeedVR-Image-BG2-Pipeline-7B.api.json,completed,from-areas-csv,selected,areas.csv,verified,present,verified,no,
maps:AR2905:seedvr2-7b-int8-lab-batch-tethyr-x4,maps,seedvr2-7b-int8-lab-batch-tethyr-x4,1,maps:AR2905:day,maps/AR2905/runs/seedvr2-7b-int8-lab-batch-tethyr-x4,map-upscale,maps/AR2905/runs/seedvr2-7b-int8-lab-batch-tethyr-x4/run.json,pipeline/comfyui/workflows/SeedVR-Image-BG2-Pipeline-7B.api.json,completed,from-areas-csv,selected,areas.csv,verified,present,verified,no,
maps:AR3000:seedvr2-7b-int8-lab-x4-primary-secondary-grid3x2,maps,seedvr2-7b-int8-lab-x4-primary-secondary-grid3x2,1,maps:AR3000:day,maps/AR3000/runs/seedvr2-7b-int8-lab-x4-primary-secondary-grid3x2,map-upscale,maps/AR3000/runs/seedvr2-7b-int8-lab-x4-primary-secondary-grid3x2/run.json,pipeline/comfyui/workflows/SeedVR-Image-BG2-Pipeline-7B.api.json,completed,from-areas-csv,selected,areas.csv,verified,present,verified,no,
maps:OH4000:seedvr2-7b-int8-lab-grid-2x5-x4-jour,maps,seedvr2-7b-int8-lab-grid-2x5-x4-jour,1,maps:OH4000:day,maps/OH4000/runs/seedvr2-7b-int8-lab-grid-2x5-x4-jour,map-upscale,maps/OH4000/runs/seedvr2-7b-int8-lab-grid-2x5-x4-jour/run.json,pipeline/comfyui/workflows/SeedVR-Image-BG2-Pipeline-7B.api.json,completed,from-areas-csv,selected,areas.csv,verified,present,verified,no,
maps:OH4000:seedvr2-7b-int8-lab-grid-2x5-x4-nuit,maps,seedvr2-7b-int8-lab-grid-2x5-x4-nuit,1,maps:OH4000:night,maps/OH4000/runs/seedvr2-7b-int8-lab-grid-2x5-x4-nuit,map-upscale,maps/OH4000/runs/seedvr2-7b-int8-lab-grid-2x5-x4-nuit/run.json,pipeline/comfyui/workflows/SeedVR-Image-BG2-Pipeline-7B.api.json,completed,from-areas-csv,selected,areas.csv,verified,present,verified,no,
maps:OH4100:seedvr2-7b-int8-lab-grid-2x5-x4-jour,maps,seedvr2-7b-int8-lab-grid-2x5-x4-jour,1,maps:OH4100:day,maps/OH4100/runs/seedvr2-7b-int8-lab-grid-2x5-x4-jour,map-upscale,maps/OH4100/runs/seedvr2-7b-int8-lab-grid-2x5-x4-jour/run.json,pipeline/comfyui/workflows/SeedVR-Image-BG2-Pipeline-7B.api.json,completed,from-areas-csv,selected,areas.csv,verified,present,verified,no,
maps:OH4100:seedvr2-7b-int8-lab-grid-2x5-x4-nuit,maps,seedvr2-7b-int8-lab-grid-2x5-x4-nuit,1,maps:OH4100:night,maps/OH4100/runs/seedvr2-7b-int8-lab-grid-2x5-x4-nuit,map-upscale,maps/OH4100/runs/seedvr2-7b-int8-lab-grid-2x5-x4-nuit/run.json,pipeline/comfyui/workflows/SeedVR-Image-BG2-Pipeline-7B.api.json,completed,from-areas-csv,selected,areas.csv,verified,present,verified,no,
maps:OH4101:seedvr2-7b-int8-lab-grid-2x2-x4-jour,maps,seedvr2-7b-int8-lab-grid-2x2-x4-jour,1,maps:OH4101:day,maps/OH4101/runs/seedvr2-7b-int8-lab-grid-2x2-x4-jour,map-upscale,maps/OH4101/runs/seedvr2-7b-int8-lab-grid-2x2-x4-jour/run.json,pipeline/comfyui/workflows/SeedVR-Image-BG2-Pipeline-7B.api.json,completed,from-areas-csv,selected,areas.csv,verified,present,verified,no,
maps:OH4101:seedvr2-7b-int8-lab-grid-2x2-x4-nuit,maps,seedvr2-7b-int8-lab-grid-2x2-x4-nuit,1,maps:OH4101:night,maps/OH4101/runs/seedvr2-7b-int8-lab-grid-2x2-x4-nuit,map-upscale,maps/OH4101/runs/seedvr2-7b-int8-lab-grid-2x2-x4-nuit/run.json,pipeline/comfyui/workflows/SeedVR-Image-BG2-Pipeline-7B.api.json,completed,from-areas-csv,selected,areas.csv,verified,present,verified,no,
maps:OH5000:upscale-01,maps,upscale-01,1,maps:OH5000:day,maps/OH5000/runs/upscale-01,map-upscale,maps/OH5000/runs/upscale-01/run.json,pipeline/comfyui/workflows/SeedVR-Image-BG2-Pipeline-7B.api.json,completed,from-areas-csv,selected,areas.csv,verified,present,verified,no,
maps:OH5100:seedvr2-7b-int8-lab-grid-2x5-x4-jour,maps,seedvr2-7b-int8-lab-grid-2x5-x4-jour,1,maps:OH5100:day,maps/OH5100/runs/seedvr2-7b-int8-lab-grid-2x5-x4-jour,map-upscale,maps/OH5100/runs/seedvr2-7b-int8-lab-grid-2x5-x4-jour/run.json,pipeline/comfyui/workflows/SeedVR-Image-BG2-Pipeline-7B.api.json,completed,from-areas-csv,selected,areas.csv,verified,present,verified,no,
maps:OH5100:seedvr2-7b-int8-lab-grid-2x5-x4-nuit,maps,seedvr2-7b-int8-lab-grid-2x5-x4-nuit,1,maps:OH5100:night,maps/OH5100/runs/seedvr2-7b-int8-lab-grid-2x5-x4-nuit,map-upscale,maps/OH5100/runs/seedvr2-7b-int8-lab-grid-2x5-x4-nuit/run.json,pipeline/comfyui/workflows/SeedVR-Image-BG2-Pipeline-7B.api.json,completed,from-areas-csv,selected,areas.csv,verified,present,verified,no,
maps:OH5300:seedvr2-7b-int8-lab-grid-2x2-x4-jour,maps,seedvr2-7b-int8-lab-grid-2x2-x4-jour,1,maps:OH5300:day,maps/OH5300/runs/seedvr2-7b-int8-lab-grid-2x2-x4-jour,map-upscale,maps/OH5300/runs/seedvr2-7b-int8-lab-grid-2x2-x4-jour/run.json,pipeline/comfyui/workflows/SeedVR-Image-BG2-Pipeline-7B.api.json,completed,from-areas-csv,selected,areas.csv,verified,present,verified,no,
maps:OH5300:seedvr2-7b-int8-lab-grid-2x2-x4-nuit,maps,seedvr2-7b-int8-lab-grid-2x2-x4-nuit,1,maps:OH5300:night,maps/OH5300/runs/seedvr2-7b-int8-lab-grid-2x2-x4-nuit,map-upscale,maps/OH5300/runs/seedvr2-7b-int8-lab-grid-2x2-x4-nuit/run.json,pipeline/comfyui/workflows/SeedVR-Image-BG2-Pipeline-7B.api.json,completed,from-areas-csv,selected,areas.csv,verified,present,verified,no,
maps:OH6000:seedvr2-7b-int8-lab-grid-2x5-x4-jour,maps,seedvr2-7b-int8-lab-grid-2x5-x4-jour,1,maps:OH6000:day,maps/OH6000/runs/seedvr2-7b-int8-lab-grid-2x5-x4-jour,map-upscale,maps/OH6000/runs/seedvr2-7b-int8-lab-grid-2x5-x4-jour/run.json,pipeline/comfyui/workflows/SeedVR-Image-BG2-Pipeline-7B.api.json,completed,from-areas-csv,selected,areas.csv,verified,present,verified,no,
maps:OH6000:seedvr2-7b-int8-lab-grid-2x5-x4-nuit,maps,seedvr2-7b-int8-lab-grid-2x5-x4-nuit,1,maps:OH6000:night,maps/OH6000/runs/seedvr2-7b-int8-lab-grid-2x5-x4-nuit,map-upscale,maps/OH6000/runs/seedvr2-7b-int8-lab-grid-2x5-x4-nuit/run.json,pipeline/comfyui/workflows/SeedVR-Image-BG2-Pipeline-7B.api.json,completed,from-areas-csv,selected,areas.csv,verified,present,verified,no,
maps:OH6100:seedvr2-7b-int8-lab-grid-2x2-x4-jour,maps,seedvr2-7b-int8-lab-grid-2x2-x4-jour,1,maps:OH6100:day,maps/OH6100/runs/seedvr2-7b-int8-lab-grid-2x2-x4-jour,map-upscale,maps/OH6100/runs/seedvr2-7b-int8-lab-grid-2x2-x4-jour/run.json,pipeline/comfyui/workflows/SeedVR-Image-BG2-Pipeline-7B.api.json,completed,from-areas-csv,selected,areas.csv,verified,present,verified,no,
maps:OH6100:seedvr2-7b-int8-lab-grid-2x2-x4-nuit,maps,seedvr2-7b-int8-lab-grid-2x2-x4-nuit,1,maps:OH6100:night,maps/OH6100/runs/seedvr2-7b-int8-lab-grid-2x2-x4-nuit,map-upscale,maps/OH6100/runs/seedvr2-7b-int8-lab-grid-2x2-x4-nuit/run.json,pipeline/comfyui/workflows/SeedVR-Image-BG2-Pipeline-7B.api.json,completed,from-areas-csv,selected,areas.csv,verified,present,verified,no,
maps:OH6200:seedvr2-7b-int8-lab-grid-2x2-x4-jour,maps,seedvr2-7b-int8-lab-grid-2x2-x4-jour,1,maps:OH6200:day,maps/OH6200/runs/seedvr2-7b-int8-lab-grid-2x2-x4-jour,map-upscale,maps/OH6200/runs/seedvr2-7b-int8-lab-grid-2x2-x4-jour/run.json,pipeline/comfyui/workflows/SeedVR-Image-BG2-Pipeline-7B.api.json,completed,from-areas-csv,selected,areas.csv,verified,present,verified,no,
maps:OH6200:seedvr2-7b-int8-lab-grid-2x2-x4-nuit,maps,seedvr2-7b-int8-lab-grid-2x2-x4-nuit,1,maps:OH6200:night,maps/OH6200/runs/seedvr2-7b-int8-lab-grid-2x2-x4-nuit,map-upscale,maps/OH6200/runs/seedvr2-7b-int8-lab-grid-2x2-x4-nuit/run.json,pipeline/comfyui/workflows/SeedVR-Image-BG2-Pipeline-7B.api.json,completed,from-areas-csv,selected,areas.csv,verified,present,verified,no,
maps:OH6300:seedvr2-7b-int8-lab-split-grid-2x2-x4,maps,seedvr2-7b-int8-lab-split-grid-2x2-x4,1,maps:OH6300:day,maps/OH6300/runs/seedvr2-7b-int8-lab-split-grid-2x2-x4,map-upscale,maps/OH6300/runs/seedvr2-7b-int8-lab-split-grid-2x2-x4/run.json,pipeline/comfyui/workflows/SeedVR-Image-BG2-Pipeline-7B.api.json,completed,from-areas-csv,selected,areas.csv,verified,present,verified,no,
maps:OH7000:seedvr2-7b-int8-lab-split-grid-2x2-x4,maps,seedvr2-7b-int8-lab-split-grid-2x2-x4,1,maps:OH7000:day,maps/OH7000/runs/seedvr2-7b-int8-lab-split-grid-2x2-x4,map-upscale,maps/OH7000/runs/seedvr2-7b-int8-lab-split-grid-2x2-x4/run.json,pipeline/comfyui/workflows/SeedVR-Image-BG2-Pipeline-7B.api.json,completed,from-areas-csv,selected,areas.csv,verified,present,verified,no,
maps:OH7100:seedvr2-7b-int8-lab-grid-2x2-x4,maps,seedvr2-7b-int8-lab-grid-2x2-x4,1,maps:OH7100:day,maps/OH7100/runs/seedvr2-7b-int8-lab-grid-2x2-x4,map-upscale,maps/OH7100/runs/seedvr2-7b-int8-lab-grid-2x2-x4/run.json,pipeline/comfyui/workflows/SeedVR-Image-BG2-Pipeline-7B.api.json,completed,from-areas-csv,selected,areas.csv,verified,present,verified,no,
maps:OH7200:seedvr2-7b-int8-lab-grid-2x2-x4,maps,seedvr2-7b-int8-lab-grid-2x2-x4,1,maps:OH7200:day,maps/OH7200/runs/seedvr2-7b-int8-lab-grid-2x2-x4,map-upscale,maps/OH7200/runs/seedvr2-7b-int8-lab-grid-2x2-x4/run.json,pipeline/comfyui/workflows/SeedVR-Image-BG2-Pipeline-7B.api.json,completed,from-areas-csv,selected,areas.csv,verified,present,verified,no,
sprites:sprite/catalogs/creature-x2-nearest/runs/catalog-x2-nearest/runs/catalog-xbr2x-x2/generations/29ac83da2db4e8ba24181e9eb24298f08ac147b4dcceccbe9a8dd4cbe794c340,sprites,29AC83DA2DB4E8BA24181E9EB24298F08AC147B4DCCECCBE9A8DD4CBE794C340,133,sprites:family:0x6102:body:armor-code:1:CDMB1 | sprites:family:0x6102:body:armor-code:2:CDMB2 | sprites:family:0x6102:body:armor-code:3:CDMB3 | sprites:family:0x6102:body:armor-code:4:CDMF4 | sprites:family:0x6102:helmet:item-animation-code:H0:WQSH0 | sprites:family:0x6102:helmet:item-animation-code:H1:WQSH1 | sprites:family:0x6102:helmet:item-animation-code:H2:WQSH2 | sprites:family:0x6102:helmet:item-animation-code:H5:WQSH5 | sprites:family:0x6102:helmet:item-animation-code:J0:WQSJ0 | sprites:family:0x6102:helmet:item-animation-code:J1:WQSJ1 | sprites:family:0x6102:helmet:item-animation-code:J2:WQSJ2 | sprites:family:0x6102:helmet:item-animation-code:J3:WQSJ3 | sprites:family:0x6102:helmet:item-animation-code:J4:WQSJ4 | sprites:family:0x6102:helmet:item-animation-code:J5:WQSJ5 | sprites:family:0x6102:helmet:item-animation-code:J6:WQSJ6 | sprites:family:0x6102:helmet:item-animation-code:J7:WQSJ7 | sprites:family:0x6102:helmet:item-animation-code:J8:WQSJ8 | sprites:family:0x6102:helmet:item-animation-code:J9:WQSJ9 | sprites:family:0x6102:helmet:item-animation-code:JA:WQSJA | sprites:family:0x6102:helmet:item-animation-code:JB:WQSJB | sprites:family:0x6102:helmet:item-animation-code:JC:WQSJC | sprites:family:0x6102:helmet:item-animation-code:YW:WQSYW | sprites:family:0x6102:helmet:item-animation-code:ZW:WQSZW | sprites:family:0x6102:shield:item-animation-code:C0:WQSC0 | sprites:family:0x6102:shield:item-animation-code:C1:WQSC1 | sprites:family:0x6102:shield:item-animation-code:C2:WQSC2 | sprites:family:0x6102:shield:item-animation-code:C3:WQSC3 | sprites:family:0x6102:shield:item-animation-code:C4:WQSC4 | sprites:family:0x6102:shield:item-animation-code:C5:WQSC5 | sprites:family:0x6102:shield:item-animation-code:C6:WQSC6 | sprites:family:0x6102:shield:item-animation-code:C7:WQSC7 | sprites:family:0x6102:shield:item-animation-code:D1:WQSD1 | sprites:family:0x6102:shield:item-animation-code:D2:WQSD2 | sprites:family:0x6102:shield:item-animation-code:D3:WQSD3 | sprites:family:0x6102:shield:item-animation-code:D4:WQSD4 | sprites:family:0x6102:weapon:item-animation-code:AX:WQSAX | sprites:family:0x6102:weapon:item-animation-code:BS:WQSBS | sprites:family:0x6102:weapon:item-animation-code:BW:WQSBW | sprites:family:0x6102:weapon:item-animation-code:CB:WQSCB | sprites:family:0x6102:weapon:item-animation-code:CL:WQSCL | sprites:family:0x6102:weapon:item-animation-code:DD:WQSDD | sprites:family:0x6102:weapon:item-animation-code:F0:WQSF0 | sprites:family:0x6102:weapon:item-animation-code:F1:WQSF1 | sprites:family:0x6102:weapon:item-animation-code:F2:WQSF2 | sprites:family:0x6102:weapon:item-animation-code:F3:WQSF3 | sprites:family:0x6102:weapon:item-animation-code:FL:WQSFL | sprites:family:0x6102:weapon:item-animation-code:FS:WQSFS | sprites:family:0x6102:weapon:item-animation-code:GS:WQSGS | sprites:family:0x6102:weapon:item-animation-code:H6:WQSH6 | sprites:family:0x6102:weapon:item-animation-code:HB:WQSHB | sprites:family:0x6102:weapon:item-animation-code:M2:WQSM2 | sprites:family:0x6102:weapon:item-animation-code:MC:WQSMC | sprites:family:0x6102:weapon:item-animation-code:MS:WQSMS | sprites:family:0x6102:weapon:item-animation-code:Q2:WQSQ2 | sprites:family:0x6102:weapon:item-animation-code:Q3:WQSQ3 | sprites:family:0x6102:weapon:item-animation-code:Q4:WQSQ4 | sprites:family:0x6102:weapon:item-animation-code:QS:WQSQS | sprites:family:0x6102:weapon:item-animation-code:S0:WQSS0 | sprites:family:0x6102:weapon:item-animation-code:S1:WQSS1 | sprites:family:0x6102:weapon:item-animation-code:S2:WQSS2 | sprites:family:0x6102:weapon:item-animation-code:S3:WQSS3 | sprites:family:0x6102:weapon:item-animation-code:SC:WQSSC | sprites:family:0x6102:weapon:item-animation-code:SL:WQSSL | sprites:family:0x6102:weapon:item-animation-code:SP:WQSSP | sprites:family:0x6102:weapon:item-animation-code:SS:WQSSS | sprites:family:0x6102:weapon:item-animation-code:WH:WQSWH | sprites:family:0x6110:body:armor-code:1:CHFB1 | sprites:family:0x6110:body:armor-code:2:CHFB2 | sprites:family:0x6110:body:armor-code:3:CHFB3 | sprites:family:0x6110:body:armor-code:4:CHFF4 | sprites:family:0x6110:helmet:item-animation-code:H0:WQNH0 | sprites:family:0x6110:helmet:item-animation-code:H1:WQNH1 | sprites:family:0x6110:helmet:item-animation-code:H2:WQNH2 | sprites:family:0x6110:helmet:item-animation-code:H5:WQNH5 | sprites:family:0x6110:helmet:item-animation-code:J0:WQNJ0 | sprites:family:0x6110:helmet:item-animation-code:J1:WQNJ1 | sprites:family:0x6110:helmet:item-animation-code:J2:WQNJ2 | sprites:family:0x6110:helmet:item-animation-code:J3:WQNJ3 | sprites:family:0x6110:helmet:item-animation-code:J4:WQNJ4 | sprites:family:0x6110:helmet:item-animation-code:J5:WQNJ5 | sprites:family:0x6110:helmet:item-animation-code:J6:WQNJ6 | sprites:family:0x6110:helmet:item-animation-code:J7:WQNJ7 | sprites:family:0x6110:helmet:item-animation-code:J8:WQNJ8 | sprites:family:0x6110:helmet:item-animation-code:J9:WQNJ9 | sprites:family:0x6110:helmet:item-animation-code:JA:WQNJA | sprites:family:0x6110:helmet:item-animation-code:JB:WQNJB | sprites:family:0x6110:helmet:item-animation-code:JC:WQNJC | sprites:family:0x6110:helmet:item-animation-code:YW:WQNYW | sprites:family:0x6110:helmet:item-animation-code:ZW:WQNZW | sprites:family:0x6110:shield:item-animation-code:C0:WQNC0 | sprites:family:0x6110:shield:item-animation-code:C1:WQNC1 | sprites:family:0x6110:shield:item-animation-code:C2:WQNC2 | sprites:family:0x6110:shield:item-animation-code:C3:WQNC3 | sprites:family:0x6110:shield:item-animation-code:C4:WQNC4 | sprites:family:0x6110:shield:item-animation-code:C5:WQNC5 | sprites:family:0x6110:shield:item-animation-code:C6:WQNC6 | sprites:family:0x6110:shield:item-animation-code:C7:WQNC7 | sprites:family:0x6110:shield:item-animation-code:D1:WQND1 | sprites:family:0x6110:shield:item-animation-code:D2:WQND2 | sprites:family:0x6110:shield:item-animation-code:D3:WQND3 | sprites:family:0x6110:shield:item-animation-code:D4:WQND4 | sprites:family:0x6110:weapon:item-animation-code:AX:WQNAX | sprites:family:0x6110:weapon:item-animation-code:BS:WQNBS | sprites:family:0x6110:weapon:item-animation-code:BW:WQNBW | sprites:family:0x6110:weapon:item-animation-code:CB:WQNCB | sprites:family:0x6110:weapon:item-animation-code:CL:WQNCL | sprites:family:0x6110:weapon:item-animation-code:DD:WQNDD | sprites:family:0x6110:weapon:item-animation-code:F0:WQNF0 | sprites:family:0x6110:weapon:item-animation-code:F1:WQNF1 | sprites:family:0x6110:weapon:item-animation-code:F2:WQNF2 | sprites:family:0x6110:weapon:item-animation-code:F3:WQNF3 | sprites:family:0x6110:weapon:item-animation-code:FL:WQNFL | sprites:family:0x6110:weapon:item-animation-code:FS:WQNFS | sprites:family:0x6110:weapon:item-animation-code:GS:WQNGS | sprites:family:0x6110:weapon:item-animation-code:H6:WQNH6 | sprites:family:0x6110:weapon:item-animation-code:HB:WQNHB | sprites:family:0x6110:weapon:item-animation-code:M2:WQNM2 | sprites:family:0x6110:weapon:item-animation-code:MC:WQNMC | sprites:family:0x6110:weapon:item-animation-code:MS:WQNMS | sprites:family:0x6110:weapon:item-animation-code:Q2:WQNQ2 | sprites:family:0x6110:weapon:item-animation-code:Q3:WQNQ3 | sprites:family:0x6110:weapon:item-animation-code:Q4:WQNQ4 | sprites:family:0x6110:weapon:item-animation-code:QS:WQNQS | sprites:family:0x6110:weapon:item-animation-code:S0:WQNS0 | sprites:family:0x6110:weapon:item-animation-code:S1:WQNS1 | sprites:family:0x6110:weapon:item-animation-code:S2:WQNS2 | sprites:family:0x6110:weapon:item-animation-code:S3:WQNS3 | sprites:family:0x6110:weapon:item-animation-code:SC:WQNSC | sprites:family:0x6110:weapon:item-animation-code:SL:WQNSL | sprites:family:0x6110:weapon:item-animation-code:SP:WQNSP | sprites:family:0x6110:weapon:item-animation-code:SS:WQNSS | sprites:family:0x6110:weapon:item-animation-code:WH:WQNWH | sprites:family:0xE400:body:base-resref:MGO1:MGO1,sprite/catalogs/creature-x2-nearest/runs/catalog-x2-nearest/runs/catalog-xbr2x-x2/generations/29ac83da2db4e8ba24181e9eb24298f08ac147b4dcceccbe9a8dd4cbe794c340,sprite-build,sprite/catalogs/creature-x2-nearest/runs/catalog-x2-nearest/runs/catalog-xbr2x-x2/generations/29ac83da2db4e8ba24181e9eb24298f08ac147b4dcceccbe9a8dd4cbe794c340/build/build-manifest.json,sprite/catalogs/creature-x2-nearest/jobs/qa-refresh-current-catalog-v1.json,built-pending-ingame-qa,pending,historical,,verified,present,verified,no,Agrégat catalogue
sprites:sprite/catalogs/creature-x2-nearest/runs/catalog-x2-nearest/runs/catalog-xbr2x-x2/generations/2d9ed4d3087cb651faa4748abdb043f54d64b0d483cdd018c2a2a9bd176806ec,sprites,2D9ED4D3087CB651FAA4748ABDB043F54D64B0D483CDD018C2A2A9BD176806EC,133,sprites:family:0x6102:body:armor-code:1:CDMB1 | sprites:family:0x6102:body:armor-code:2:CDMB2 | sprites:family:0x6102:body:armor-code:3:CDMB3 | sprites:family:0x6102:body:armor-code:4:CDMF4 | sprites:family:0x6102:helmet:item-animation-code:H0:WQSH0 | sprites:family:0x6102:helmet:item-animation-code:H1:WQSH1 | sprites:family:0x6102:helmet:item-animation-code:H2:WQSH2 | sprites:family:0x6102:helmet:item-animation-code:H5:WQSH5 | sprites:family:0x6102:helmet:item-animation-code:J0:WQSJ0 | sprites:family:0x6102:helmet:item-animation-code:J1:WQSJ1 | sprites:family:0x6102:helmet:item-animation-code:J2:WQSJ2 | sprites:family:0x6102:helmet:item-animation-code:J3:WQSJ3 | sprites:family:0x6102:helmet:item-animation-code:J4:WQSJ4 | sprites:family:0x6102:helmet:item-animation-code:J5:WQSJ5 | sprites:family:0x6102:helmet:item-animation-code:J6:WQSJ6 | sprites:family:0x6102:helmet:item-animation-code:J7:WQSJ7 | sprites:family:0x6102:helmet:item-animation-code:J8:WQSJ8 | sprites:family:0x6102:helmet:item-animation-code:J9:WQSJ9 | sprites:family:0x6102:helmet:item-animation-code:JA:WQSJA | sprites:family:0x6102:helmet:item-animation-code:JB:WQSJB | sprites:family:0x6102:helmet:item-animation-code:JC:WQSJC | sprites:family:0x6102:helmet:item-animation-code:YW:WQSYW | sprites:family:0x6102:helmet:item-animation-code:ZW:WQSZW | sprites:family:0x6102:shield:item-animation-code:C0:WQSC0 | sprites:family:0x6102:shield:item-animation-code:C1:WQSC1 | sprites:family:0x6102:shield:item-animation-code:C2:WQSC2 | sprites:family:0x6102:shield:item-animation-code:C3:WQSC3 | sprites:family:0x6102:shield:item-animation-code:C4:WQSC4 | sprites:family:0x6102:shield:item-animation-code:C5:WQSC5 | sprites:family:0x6102:shield:item-animation-code:C6:WQSC6 | sprites:family:0x6102:shield:item-animation-code:C7:WQSC7 | sprites:family:0x6102:shield:item-animation-code:D1:WQSD1 | sprites:family:0x6102:shield:item-animation-code:D2:WQSD2 | sprites:family:0x6102:shield:item-animation-code:D3:WQSD3 | sprites:family:0x6102:shield:item-animation-code:D4:WQSD4 | sprites:family:0x6102:weapon:item-animation-code:AX:WQSAX | sprites:family:0x6102:weapon:item-animation-code:BS:WQSBS | sprites:family:0x6102:weapon:item-animation-code:BW:WQSBW | sprites:family:0x6102:weapon:item-animation-code:CB:WQSCB | sprites:family:0x6102:weapon:item-animation-code:CL:WQSCL | sprites:family:0x6102:weapon:item-animation-code:DD:WQSDD | sprites:family:0x6102:weapon:item-animation-code:F0:WQSF0 | sprites:family:0x6102:weapon:item-animation-code:F1:WQSF1 | sprites:family:0x6102:weapon:item-animation-code:F2:WQSF2 | sprites:family:0x6102:weapon:item-animation-code:F3:WQSF3 | sprites:family:0x6102:weapon:item-animation-code:FL:WQSFL | sprites:family:0x6102:weapon:item-animation-code:FS:WQSFS | sprites:family:0x6102:weapon:item-animation-code:GS:WQSGS | sprites:family:0x6102:weapon:item-animation-code:H6:WQSH6 | sprites:family:0x6102:weapon:item-animation-code:HB:WQSHB | sprites:family:0x6102:weapon:item-animation-code:M2:WQSM2 | sprites:family:0x6102:weapon:item-animation-code:MC:WQSMC | sprites:family:0x6102:weapon:item-animation-code:MS:WQSMS | sprites:family:0x6102:weapon:item-animation-code:Q2:WQSQ2 | sprites:family:0x6102:weapon:item-animation-code:Q3:WQSQ3 | sprites:family:0x6102:weapon:item-animation-code:Q4:WQSQ4 | sprites:family:0x6102:weapon:item-animation-code:QS:WQSQS | sprites:family:0x6102:weapon:item-animation-code:S0:WQSS0 | sprites:family:0x6102:weapon:item-animation-code:S1:WQSS1 | sprites:family:0x6102:weapon:item-animation-code:S2:WQSS2 | sprites:family:0x6102:weapon:item-animation-code:S3:WQSS3 | sprites:family:0x6102:weapon:item-animation-code:SC:WQSSC | sprites:family:0x6102:weapon:item-animation-code:SL:WQSSL | sprites:family:0x6102:weapon:item-animation-code:SP:WQSSP | sprites:family:0x6102:weapon:item-animation-code:SS:WQSSS | sprites:family:0x6102:weapon:item-animation-code:WH:WQSWH | sprites:family:0x6110:body:armor-code:1:CHFB1 | sprites:family:0x6110:body:armor-code:2:CHFB2 | sprites:family:0x6110:body:armor-code:3:CHFB3 | sprites:family:0x6110:body:armor-code:4:CHFF4 | sprites:family:0x6110:helmet:item-animation-code:H0:WQNH0 | sprites:family:0x6110:helmet:item-animation-code:H1:WQNH1 | sprites:family:0x6110:helmet:item-animation-code:H2:WQNH2 | sprites:family:0x6110:helmet:item-animation-code:H5:WQNH5 | sprites:family:0x6110:helmet:item-animation-code:J0:WQNJ0 | sprites:family:0x6110:helmet:item-animation-code:J1:WQNJ1 | sprites:family:0x6110:helmet:item-animation-code:J2:WQNJ2 | sprites:family:0x6110:helmet:item-animation-code:J3:WQNJ3 | sprites:family:0x6110:helmet:item-animation-code:J4:WQNJ4 | sprites:family:0x6110:helmet:item-animation-code:J5:WQNJ5 | sprites:family:0x6110:helmet:item-animation-code:J6:WQNJ6 | sprites:family:0x6110:helmet:item-animation-code:J7:WQNJ7 | sprites:family:0x6110:helmet:item-animation-code:J8:WQNJ8 | sprites:family:0x6110:helmet:item-animation-code:J9:WQNJ9 | sprites:family:0x6110:helmet:item-animation-code:JA:WQNJA | sprites:family:0x6110:helmet:item-animation-code:JB:WQNJB | sprites:family:0x6110:helmet:item-animation-code:JC:WQNJC | sprites:family:0x6110:helmet:item-animation-code:YW:WQNYW | sprites:family:0x6110:helmet:item-animation-code:ZW:WQNZW | sprites:family:0x6110:shield:item-animation-code:C0:WQNC0 | sprites:family:0x6110:shield:item-animation-code:C1:WQNC1 | sprites:family:0x6110:shield:item-animation-code:C2:WQNC2 | sprites:family:0x6110:shield:item-animation-code:C3:WQNC3 | sprites:family:0x6110:shield:item-animation-code:C4:WQNC4 | sprites:family:0x6110:shield:item-animation-code:C5:WQNC5 | sprites:family:0x6110:shield:item-animation-code:C6:WQNC6 | sprites:family:0x6110:shield:item-animation-code:C7:WQNC7 | sprites:family:0x6110:shield:item-animation-code:D1:WQND1 | sprites:family:0x6110:shield:item-animation-code:D2:WQND2 | sprites:family:0x6110:shield:item-animation-code:D3:WQND3 | sprites:family:0x6110:shield:item-animation-code:D4:WQND4 | sprites:family:0x6110:weapon:item-animation-code:AX:WQNAX | sprites:family:0x6110:weapon:item-animation-code:BS:WQNBS | sprites:family:0x6110:weapon:item-animation-code:BW:WQNBW | sprites:family:0x6110:weapon:item-animation-code:CB:WQNCB | sprites:family:0x6110:weapon:item-animation-code:CL:WQNCL | sprites:family:0x6110:weapon:item-animation-code:DD:WQNDD | sprites:family:0x6110:weapon:item-animation-code:F0:WQNF0 | sprites:family:0x6110:weapon:item-animation-code:F1:WQNF1 | sprites:family:0x6110:weapon:item-animation-code:F2:WQNF2 | sprites:family:0x6110:weapon:item-animation-code:F3:WQNF3 | sprites:family:0x6110:weapon:item-animation-code:FL:WQNFL | sprites:family:0x6110:weapon:item-animation-code:FS:WQNFS | sprites:family:0x6110:weapon:item-animation-code:GS:WQNGS | sprites:family:0x6110:weapon:item-animation-code:H6:WQNH6 | sprites:family:0x6110:weapon:item-animation-code:HB:WQNHB | sprites:family:0x6110:weapon:item-animation-code:M2:WQNM2 | sprites:family:0x6110:weapon:item-animation-code:MC:WQNMC | sprites:family:0x6110:weapon:item-animation-code:MS:WQNMS | sprites:family:0x6110:weapon:item-animation-code:Q2:WQNQ2 | sprites:family:0x6110:weapon:item-animation-code:Q3:WQNQ3 | sprites:family:0x6110:weapon:item-animation-code:Q4:WQNQ4 | sprites:family:0x6110:weapon:item-animation-code:QS:WQNQS | sprites:family:0x6110:weapon:item-animation-code:S0:WQNS0 | sprites:family:0x6110:weapon:item-animation-code:S1:WQNS1 | sprites:family:0x6110:weapon:item-animation-code:S2:WQNS2 | sprites:family:0x6110:weapon:item-animation-code:S3:WQNS3 | sprites:family:0x6110:weapon:item-animation-code:SC:WQNSC | sprites:family:0x6110:weapon:item-animation-code:SL:WQNSL | sprites:family:0x6110:weapon:item-animation-code:SP:WQNSP | sprites:family:0x6110:weapon:item-animation-code:SS:WQNSS | sprites:family:0x6110:weapon:item-animation-code:WH:WQNWH | sprites:family:0xE400:body:base-resref:MGO1:MGO1,sprite/catalogs/creature-x2-nearest/runs/catalog-x2-nearest/runs/catalog-xbr2x-x2/generations/2d9ed4d3087cb651faa4748abdb043f54d64b0d483cdd018c2a2a9bd176806ec,sprite-build,sprite/catalogs/creature-x2-nearest/runs/catalog-x2-nearest/runs/catalog-xbr2x-x2/generations/2d9ed4d3087cb651faa4748abdb043f54d64b0d483cdd018c2a2a9bd176806ec/build/build-manifest.json,sprite/catalogs/creature-x2-nearest/jobs/creature-sprites-progressive-xn-xbr2x-goblin-mgo1.json,built-pending-ingame-qa,pending,historical,,verified,present,verified,no,Agrégat catalogue
sprites:sprite/catalogs/creature-x2-nearest/runs/catalog-x2-nearest/runs/catalog-xbr2x-x2/generations/41ee22e9e2dc1f04f692ea6c0399fbd5b4ea902d2bcf12a905ab8b6dbc4c563f,sprites,41EE22E9E2DC1F04F692EA6C0399FBD5B4EA902D2BCF12A905AB8B6DBC4C563F,132,sprites:family:0x6102:body:armor-code:1:CDMB1 | sprites:family:0x6102:body:armor-code:2:CDMB2 | sprites:family:0x6102:body:armor-code:3:CDMB3 | sprites:family:0x6102:body:armor-code:4:CDMF4 | sprites:family:0x6102:helmet:item-animation-code:H0:WQSH0 | sprites:family:0x6102:helmet:item-animation-code:H1:WQSH1 | sprites:family:0x6102:helmet:item-animation-code:H2:WQSH2 | sprites:family:0x6102:helmet:item-animation-code:H5:WQSH5 | sprites:family:0x6102:helmet:item-animation-code:J0:WQSJ0 | sprites:family:0x6102:helmet:item-animation-code:J1:WQSJ1 | sprites:family:0x6102:helmet:item-animation-code:J2:WQSJ2 | sprites:family:0x6102:helmet:item-animation-code:J3:WQSJ3 | sprites:family:0x6102:helmet:item-animation-code:J4:WQSJ4 | sprites:family:0x6102:helmet:item-animation-code:J5:WQSJ5 | sprites:family:0x6102:helmet:item-animation-code:J6:WQSJ6 | sprites:family:0x6102:helmet:item-animation-code:J7:WQSJ7 | sprites:family:0x6102:helmet:item-animation-code:J8:WQSJ8 | sprites:family:0x6102:helmet:item-animation-code:J9:WQSJ9 | sprites:family:0x6102:helmet:item-animation-code:JA:WQSJA | sprites:family:0x6102:helmet:item-animation-code:JB:WQSJB | sprites:family:0x6102:helmet:item-animation-code:JC:WQSJC | sprites:family:0x6102:helmet:item-animation-code:YW:WQSYW | sprites:family:0x6102:helmet:item-animation-code:ZW:WQSZW | sprites:family:0x6102:shield:item-animation-code:C0:WQSC0 | sprites:family:0x6102:shield:item-animation-code:C1:WQSC1 | sprites:family:0x6102:shield:item-animation-code:C2:WQSC2 | sprites:family:0x6102:shield:item-animation-code:C3:WQSC3 | sprites:family:0x6102:shield:item-animation-code:C4:WQSC4 | sprites:family:0x6102:shield:item-animation-code:C5:WQSC5 | sprites:family:0x6102:shield:item-animation-code:C6:WQSC6 | sprites:family:0x6102:shield:item-animation-code:C7:WQSC7 | sprites:family:0x6102:shield:item-animation-code:D1:WQSD1 | sprites:family:0x6102:shield:item-animation-code:D2:WQSD2 | sprites:family:0x6102:shield:item-animation-code:D3:WQSD3 | sprites:family:0x6102:shield:item-animation-code:D4:WQSD4 | sprites:family:0x6102:weapon:item-animation-code:AX:WQSAX | sprites:family:0x6102:weapon:item-animation-code:BS:WQSBS | sprites:family:0x6102:weapon:item-animation-code:BW:WQSBW | sprites:family:0x6102:weapon:item-animation-code:CB:WQSCB | sprites:family:0x6102:weapon:item-animation-code:CL:WQSCL | sprites:family:0x6102:weapon:item-animation-code:DD:WQSDD | sprites:family:0x6102:weapon:item-animation-code:F0:WQSF0 | sprites:family:0x6102:weapon:item-animation-code:F1:WQSF1 | sprites:family:0x6102:weapon:item-animation-code:F2:WQSF2 | sprites:family:0x6102:weapon:item-animation-code:F3:WQSF3 | sprites:family:0x6102:weapon:item-animation-code:FL:WQSFL | sprites:family:0x6102:weapon:item-animation-code:FS:WQSFS | sprites:family:0x6102:weapon:item-animation-code:GS:WQSGS | sprites:family:0x6102:weapon:item-animation-code:H6:WQSH6 | sprites:family:0x6102:weapon:item-animation-code:HB:WQSHB | sprites:family:0x6102:weapon:item-animation-code:M2:WQSM2 | sprites:family:0x6102:weapon:item-animation-code:MC:WQSMC | sprites:family:0x6102:weapon:item-animation-code:MS:WQSMS | sprites:family:0x6102:weapon:item-animation-code:Q2:WQSQ2 | sprites:family:0x6102:weapon:item-animation-code:Q3:WQSQ3 | sprites:family:0x6102:weapon:item-animation-code:Q4:WQSQ4 | sprites:family:0x6102:weapon:item-animation-code:QS:WQSQS | sprites:family:0x6102:weapon:item-animation-code:S0:WQSS0 | sprites:family:0x6102:weapon:item-animation-code:S1:WQSS1 | sprites:family:0x6102:weapon:item-animation-code:S2:WQSS2 | sprites:family:0x6102:weapon:item-animation-code:S3:WQSS3 | sprites:family:0x6102:weapon:item-animation-code:SC:WQSSC | sprites:family:0x6102:weapon:item-animation-code:SL:WQSSL | sprites:family:0x6102:weapon:item-animation-code:SP:WQSSP | sprites:family:0x6102:weapon:item-animation-code:SS:WQSSS | sprites:family:0x6102:weapon:item-animation-code:WH:WQSWH | sprites:family:0x6110:body:armor-code:1:CHFB1 | sprites:family:0x6110:body:armor-code:2:CHFB2 | sprites:family:0x6110:body:armor-code:3:CHFB3 | sprites:family:0x6110:body:armor-code:4:CHFF4 | sprites:family:0x6110:helmet:item-animation-code:H0:WQNH0 | sprites:family:0x6110:helmet:item-animation-code:H1:WQNH1 | sprites:family:0x6110:helmet:item-animation-code:H2:WQNH2 | sprites:family:0x6110:helmet:item-animation-code:H5:WQNH5 | sprites:family:0x6110:helmet:item-animation-code:J0:WQNJ0 | sprites:family:0x6110:helmet:item-animation-code:J1:WQNJ1 | sprites:family:0x6110:helmet:item-animation-code:J2:WQNJ2 | sprites:family:0x6110:helmet:item-animation-code:J3:WQNJ3 | sprites:family:0x6110:helmet:item-animation-code:J4:WQNJ4 | sprites:family:0x6110:helmet:item-animation-code:J5:WQNJ5 | sprites:family:0x6110:helmet:item-animation-code:J6:WQNJ6 | sprites:family:0x6110:helmet:item-animation-code:J7:WQNJ7 | sprites:family:0x6110:helmet:item-animation-code:J8:WQNJ8 | sprites:family:0x6110:helmet:item-animation-code:J9:WQNJ9 | sprites:family:0x6110:helmet:item-animation-code:JA:WQNJA | sprites:family:0x6110:helmet:item-animation-code:JB:WQNJB | sprites:family:0x6110:helmet:item-animation-code:JC:WQNJC | sprites:family:0x6110:helmet:item-animation-code:YW:WQNYW | sprites:family:0x6110:helmet:item-animation-code:ZW:WQNZW | sprites:family:0x6110:shield:item-animation-code:C0:WQNC0 | sprites:family:0x6110:shield:item-animation-code:C1:WQNC1 | sprites:family:0x6110:shield:item-animation-code:C2:WQNC2 | sprites:family:0x6110:shield:item-animation-code:C3:WQNC3 | sprites:family:0x6110:shield:item-animation-code:C4:WQNC4 | sprites:family:0x6110:shield:item-animation-code:C5:WQNC5 | sprites:family:0x6110:shield:item-animation-code:C6:WQNC6 | sprites:family:0x6110:shield:item-animation-code:C7:WQNC7 | sprites:family:0x6110:shield:item-animation-code:D1:WQND1 | sprites:family:0x6110:shield:item-animation-code:D2:WQND2 | sprites:family:0x6110:shield:item-animation-code:D3:WQND3 | sprites:family:0x6110:shield:item-animation-code:D4:WQND4 | sprites:family:0x6110:weapon:item-animation-code:AX:WQNAX | sprites:family:0x6110:weapon:item-animation-code:BS:WQNBS | sprites:family:0x6110:weapon:item-animation-code:BW:WQNBW | sprites:family:0x6110:weapon:item-animation-code:CB:WQNCB | sprites:family:0x6110:weapon:item-animation-code:CL:WQNCL | sprites:family:0x6110:weapon:item-animation-code:DD:WQNDD | sprites:family:0x6110:weapon:item-animation-code:F0:WQNF0 | sprites:family:0x6110:weapon:item-animation-code:F1:WQNF1 | sprites:family:0x6110:weapon:item-animation-code:F2:WQNF2 | sprites:family:0x6110:weapon:item-animation-code:F3:WQNF3 | sprites:family:0x6110:weapon:item-animation-code:FL:WQNFL | sprites:family:0x6110:weapon:item-animation-code:FS:WQNFS | sprites:family:0x6110:weapon:item-animation-code:GS:WQNGS | sprites:family:0x6110:weapon:item-animation-code:H6:WQNH6 | sprites:family:0x6110:weapon:item-animation-code:HB:WQNHB | sprites:family:0x6110:weapon:item-animation-code:M2:WQNM2 | sprites:family:0x6110:weapon:item-animation-code:MC:WQNMC | sprites:family:0x6110:weapon:item-animation-code:MS:WQNMS | sprites:family:0x6110:weapon:item-animation-code:Q2:WQNQ2 | sprites:family:0x6110:weapon:item-animation-code:Q3:WQNQ3 | sprites:family:0x6110:weapon:item-animation-code:Q4:WQNQ4 | sprites:family:0x6110:weapon:item-animation-code:QS:WQNQS | sprites:family:0x6110:weapon:item-animation-code:S0:WQNS0 | sprites:family:0x6110:weapon:item-animation-code:S1:WQNS1 | sprites:family:0x6110:weapon:item-animation-code:S2:WQNS2 | sprites:family:0x6110:weapon:item-animation-code:S3:WQNS3 | sprites:family:0x6110:weapon:item-animation-code:SC:WQNSC | sprites:family:0x6110:weapon:item-animation-code:SL:WQNSL | sprites:family:0x6110:weapon:item-animation-code:SP:WQNSP | sprites:family:0x6110:weapon:item-animation-code:SS:WQNSS | sprites:family:0x6110:weapon:item-animation-code:WH:WQNWH,sprite/catalogs/creature-x2-nearest/runs/catalog-x2-nearest/runs/catalog-xbr2x-x2/generations/41ee22e9e2dc1f04f692ea6c0399fbd5b4ea902d2bcf12a905ab8b6dbc4c563f,sprite-build,sprite/catalogs/creature-x2-nearest/runs/catalog-x2-nearest/runs/catalog-xbr2x-x2/generations/41ee22e9e2dc1f04f692ea6c0399fbd5b4ea902d2bcf12a905ab8b6dbc4c563f/build/build-manifest.json,sprite/catalogs/creature-x2-nearest/jobs/creature-sprites-progressive-xn-xbr2x.json,built-pending-ingame-qa,pending,historical,,verified,present,verified,no,Agrégat catalogue
sprites:sprite/catalogs/creature-x2-nearest/runs/catalog-x2-nearest/runs/catalog-xbr2x-x2/generations/6aafad64e4a39207ee70b140dc2e061091c95d265de50d688ef73d83ea0f1c33,sprites,6AAFAD64E4A39207EE70B140DC2E061091C95D265DE50D688EF73D83EA0F1C33,132,sprites:family:0x6102:body:armor-code:1:CDMB1 | sprites:family:0x6102:body:armor-code:2:CDMB2 | sprites:family:0x6102:body:armor-code:3:CDMB3 | sprites:family:0x6102:body:armor-code:4:CDMF4 | sprites:family:0x6102:helmet:item-animation-code:H0:WQSH0 | sprites:family:0x6102:helmet:item-animation-code:H1:WQSH1 | sprites:family:0x6102:helmet:item-animation-code:H2:WQSH2 | sprites:family:0x6102:helmet:item-animation-code:H5:WQSH5 | sprites:family:0x6102:helmet:item-animation-code:J0:WQSJ0 | sprites:family:0x6102:helmet:item-animation-code:J1:WQSJ1 | sprites:family:0x6102:helmet:item-animation-code:J2:WQSJ2 | sprites:family:0x6102:helmet:item-animation-code:J3:WQSJ3 | sprites:family:0x6102:helmet:item-animation-code:J4:WQSJ4 | sprites:family:0x6102:helmet:item-animation-code:J5:WQSJ5 | sprites:family:0x6102:helmet:item-animation-code:J6:WQSJ6 | sprites:family:0x6102:helmet:item-animation-code:J7:WQSJ7 | sprites:family:0x6102:helmet:item-animation-code:J8:WQSJ8 | sprites:family:0x6102:helmet:item-animation-code:J9:WQSJ9 | sprites:family:0x6102:helmet:item-animation-code:JA:WQSJA | sprites:family:0x6102:helmet:item-animation-code:JB:WQSJB | sprites:family:0x6102:helmet:item-animation-code:JC:WQSJC | sprites:family:0x6102:helmet:item-animation-code:YW:WQSYW | sprites:family:0x6102:helmet:item-animation-code:ZW:WQSZW | sprites:family:0x6102:shield:item-animation-code:C0:WQSC0 | sprites:family:0x6102:shield:item-animation-code:C1:WQSC1 | sprites:family:0x6102:shield:item-animation-code:C2:WQSC2 | sprites:family:0x6102:shield:item-animation-code:C3:WQSC3 | sprites:family:0x6102:shield:item-animation-code:C4:WQSC4 | sprites:family:0x6102:shield:item-animation-code:C5:WQSC5 | sprites:family:0x6102:shield:item-animation-code:C6:WQSC6 | sprites:family:0x6102:shield:item-animation-code:C7:WQSC7 | sprites:family:0x6102:shield:item-animation-code:D1:WQSD1 | sprites:family:0x6102:shield:item-animation-code:D2:WQSD2 | sprites:family:0x6102:shield:item-animation-code:D3:WQSD3 | sprites:family:0x6102:shield:item-animation-code:D4:WQSD4 | sprites:family:0x6102:weapon:item-animation-code:AX:WQSAX | sprites:family:0x6102:weapon:item-animation-code:BS:WQSBS | sprites:family:0x6102:weapon:item-animation-code:BW:WQSBW | sprites:family:0x6102:weapon:item-animation-code:CB:WQSCB | sprites:family:0x6102:weapon:item-animation-code:CL:WQSCL | sprites:family:0x6102:weapon:item-animation-code:DD:WQSDD | sprites:family:0x6102:weapon:item-animation-code:F0:WQSF0 | sprites:family:0x6102:weapon:item-animation-code:F1:WQSF1 | sprites:family:0x6102:weapon:item-animation-code:F2:WQSF2 | sprites:family:0x6102:weapon:item-animation-code:F3:WQSF3 | sprites:family:0x6102:weapon:item-animation-code:FL:WQSFL | sprites:family:0x6102:weapon:item-animation-code:FS:WQSFS | sprites:family:0x6102:weapon:item-animation-code:GS:WQSGS | sprites:family:0x6102:weapon:item-animation-code:H6:WQSH6 | sprites:family:0x6102:weapon:item-animation-code:HB:WQSHB | sprites:family:0x6102:weapon:item-animation-code:M2:WQSM2 | sprites:family:0x6102:weapon:item-animation-code:MC:WQSMC | sprites:family:0x6102:weapon:item-animation-code:MS:WQSMS | sprites:family:0x6102:weapon:item-animation-code:Q2:WQSQ2 | sprites:family:0x6102:weapon:item-animation-code:Q3:WQSQ3 | sprites:family:0x6102:weapon:item-animation-code:Q4:WQSQ4 | sprites:family:0x6102:weapon:item-animation-code:QS:WQSQS | sprites:family:0x6102:weapon:item-animation-code:S0:WQSS0 | sprites:family:0x6102:weapon:item-animation-code:S1:WQSS1 | sprites:family:0x6102:weapon:item-animation-code:S2:WQSS2 | sprites:family:0x6102:weapon:item-animation-code:S3:WQSS3 | sprites:family:0x6102:weapon:item-animation-code:SC:WQSSC | sprites:family:0x6102:weapon:item-animation-code:SL:WQSSL | sprites:family:0x6102:weapon:item-animation-code:SP:WQSSP | sprites:family:0x6102:weapon:item-animation-code:SS:WQSSS | sprites:family:0x6102:weapon:item-animation-code:WH:WQSWH | sprites:family:0x6110:body:armor-code:1:CHFB1 | sprites:family:0x6110:body:armor-code:2:CHFB2 | sprites:family:0x6110:body:armor-code:3:CHFB3 | sprites:family:0x6110:body:armor-code:4:CHFF4 | sprites:family:0x6110:helmet:item-animation-code:H0:WQNH0 | sprites:family:0x6110:helmet:item-animation-code:H1:WQNH1 | sprites:family:0x6110:helmet:item-animation-code:H2:WQNH2 | sprites:family:0x6110:helmet:item-animation-code:H5:WQNH5 | sprites:family:0x6110:helmet:item-animation-code:J0:WQNJ0 | sprites:family:0x6110:helmet:item-animation-code:J1:WQNJ1 | sprites:family:0x6110:helmet:item-animation-code:J2:WQNJ2 | sprites:family:0x6110:helmet:item-animation-code:J3:WQNJ3 | sprites:family:0x6110:helmet:item-animation-code:J4:WQNJ4 | sprites:family:0x6110:helmet:item-animation-code:J5:WQNJ5 | sprites:family:0x6110:helmet:item-animation-code:J6:WQNJ6 | sprites:family:0x6110:helmet:item-animation-code:J7:WQNJ7 | sprites:family:0x6110:helmet:item-animation-code:J8:WQNJ8 | sprites:family:0x6110:helmet:item-animation-code:J9:WQNJ9 | sprites:family:0x6110:helmet:item-animation-code:JA:WQNJA | sprites:family:0x6110:helmet:item-animation-code:JB:WQNJB | sprites:family:0x6110:helmet:item-animation-code:JC:WQNJC | sprites:family:0x6110:helmet:item-animation-code:YW:WQNYW | sprites:family:0x6110:helmet:item-animation-code:ZW:WQNZW | sprites:family:0x6110:shield:item-animation-code:C0:WQNC0 | sprites:family:0x6110:shield:item-animation-code:C1:WQNC1 | sprites:family:0x6110:shield:item-animation-code:C2:WQNC2 | sprites:family:0x6110:shield:item-animation-code:C3:WQNC3 | sprites:family:0x6110:shield:item-animation-code:C4:WQNC4 | sprites:family:0x6110:shield:item-animation-code:C5:WQNC5 | sprites:family:0x6110:shield:item-animation-code:C6:WQNC6 | sprites:family:0x6110:shield:item-animation-code:C7:WQNC7 | sprites:family:0x6110:shield:item-animation-code:D1:WQND1 | sprites:family:0x6110:shield:item-animation-code:D2:WQND2 | sprites:family:0x6110:shield:item-animation-code:D3:WQND3 | sprites:family:0x6110:shield:item-animation-code:D4:WQND4 | sprites:family:0x6110:weapon:item-animation-code:AX:WQNAX | sprites:family:0x6110:weapon:item-animation-code:BS:WQNBS | sprites:family:0x6110:weapon:item-animation-code:BW:WQNBW | sprites:family:0x6110:weapon:item-animation-code:CB:WQNCB | sprites:family:0x6110:weapon:item-animation-code:CL:WQNCL | sprites:family:0x6110:weapon:item-animation-code:DD:WQNDD | sprites:family:0x6110:weapon:item-animation-code:F0:WQNF0 | sprites:family:0x6110:weapon:item-animation-code:F1:WQNF1 | sprites:family:0x6110:weapon:item-animation-code:F2:WQNF2 | sprites:family:0x6110:weapon:item-animation-code:F3:WQNF3 | sprites:family:0x6110:weapon:item-animation-code:FL:WQNFL | sprites:family:0x6110:weapon:item-animation-code:FS:WQNFS | sprites:family:0x6110:weapon:item-animation-code:GS:WQNGS | sprites:family:0x6110:weapon:item-animation-code:H6:WQNH6 | sprites:family:0x6110:weapon:item-animation-code:HB:WQNHB | sprites:family:0x6110:weapon:item-animation-code:M2:WQNM2 | sprites:family:0x6110:weapon:item-animation-code:MC:WQNMC | sprites:family:0x6110:weapon:item-animation-code:MS:WQNMS | sprites:family:0x6110:weapon:item-animation-code:Q2:WQNQ2 | sprites:family:0x6110:weapon:item-animation-code:Q3:WQNQ3 | sprites:family:0x6110:weapon:item-animation-code:Q4:WQNQ4 | sprites:family:0x6110:weapon:item-animation-code:QS:WQNQS | sprites:family:0x6110:weapon:item-animation-code:S0:WQNS0 | sprites:family:0x6110:weapon:item-animation-code:S1:WQNS1 | sprites:family:0x6110:weapon:item-animation-code:S2:WQNS2 | sprites:family:0x6110:weapon:item-animation-code:S3:WQNS3 | sprites:family:0x6110:weapon:item-animation-code:SC:WQNSC | sprites:family:0x6110:weapon:item-animation-code:SL:WQNSL | sprites:family:0x6110:weapon:item-animation-code:SP:WQNSP | sprites:family:0x6110:weapon:item-animation-code:SS:WQNSS | sprites:family:0x6110:weapon:item-animation-code:WH:WQNWH,sprite/catalogs/creature-x2-nearest/runs/catalog-x2-nearest/runs/catalog-xbr2x-x2/generations/6aafad64e4a39207ee70b140dc2e061091c95d265de50d688ef73d83ea0f1c33,sprite-build,sprite/catalogs/creature-x2-nearest/runs/catalog-x2-nearest/runs/catalog-xbr2x-x2/generations/6aafad64e4a39207ee70b140dc2e061091c95d265de50d688ef73d83ea0f1c33/build/build-manifest.json,sprite/catalogs/creature-x2-nearest/jobs/creature-sprites-progressive-xn-xbr2x.json,built-pending-ingame-qa,pending,historical,,verified,present,verified,no,Agrégat catalogue
sprites:sprite/catalogs/creature-x2-nearest/runs/catalog-x2-nearest/runs/catalog-xbr2x-x2/generations/9aa530e6a1444884be7f16e21df249a5f17135a0c55f2de5a22b8995952da2e9,sprites,9AA530E6A1444884BE7F16E21DF249A5F17135A0C55F2DE5A22B8995952DA2E9,132,sprites:family:0x6102:body:armor-code:1:CDMB1 | sprites:family:0x6102:body:armor-code:2:CDMB2 | sprites:family:0x6102:body:armor-code:3:CDMB3 | sprites:family:0x6102:body:armor-code:4:CDMF4 | sprites:family:0x6102:helmet:item-animation-code:H0:WQSH0 | sprites:family:0x6102:helmet:item-animation-code:H1:WQSH1 | sprites:family:0x6102:helmet:item-animation-code:H2:WQSH2 | sprites:family:0x6102:helmet:item-animation-code:H5:WQSH5 | sprites:family:0x6102:helmet:item-animation-code:J0:WQSJ0 | sprites:family:0x6102:helmet:item-animation-code:J1:WQSJ1 | sprites:family:0x6102:helmet:item-animation-code:J2:WQSJ2 | sprites:family:0x6102:helmet:item-animation-code:J3:WQSJ3 | sprites:family:0x6102:helmet:item-animation-code:J4:WQSJ4 | sprites:family:0x6102:helmet:item-animation-code:J5:WQSJ5 | sprites:family:0x6102:helmet:item-animation-code:J6:WQSJ6 | sprites:family:0x6102:helmet:item-animation-code:J7:WQSJ7 | sprites:family:0x6102:helmet:item-animation-code:J8:WQSJ8 | sprites:family:0x6102:helmet:item-animation-code:J9:WQSJ9 | sprites:family:0x6102:helmet:item-animation-code:JA:WQSJA | sprites:family:0x6102:helmet:item-animation-code:JB:WQSJB | sprites:family:0x6102:helmet:item-animation-code:JC:WQSJC | sprites:family:0x6102:helmet:item-animation-code:YW:WQSYW | sprites:family:0x6102:helmet:item-animation-code:ZW:WQSZW | sprites:family:0x6102:shield:item-animation-code:C0:WQSC0 | sprites:family:0x6102:shield:item-animation-code:C1:WQSC1 | sprites:family:0x6102:shield:item-animation-code:C2:WQSC2 | sprites:family:0x6102:shield:item-animation-code:C3:WQSC3 | sprites:family:0x6102:shield:item-animation-code:C4:WQSC4 | sprites:family:0x6102:shield:item-animation-code:C5:WQSC5 | sprites:family:0x6102:shield:item-animation-code:C6:WQSC6 | sprites:family:0x6102:shield:item-animation-code:C7:WQSC7 | sprites:family:0x6102:shield:item-animation-code:D1:WQSD1 | sprites:family:0x6102:shield:item-animation-code:D2:WQSD2 | sprites:family:0x6102:shield:item-animation-code:D3:WQSD3 | sprites:family:0x6102:shield:item-animation-code:D4:WQSD4 | sprites:family:0x6102:weapon:item-animation-code:AX:WQSAX | sprites:family:0x6102:weapon:item-animation-code:BS:WQSBS | sprites:family:0x6102:weapon:item-animation-code:BW:WQSBW | sprites:family:0x6102:weapon:item-animation-code:CB:WQSCB | sprites:family:0x6102:weapon:item-animation-code:CL:WQSCL | sprites:family:0x6102:weapon:item-animation-code:DD:WQSDD | sprites:family:0x6102:weapon:item-animation-code:F0:WQSF0 | sprites:family:0x6102:weapon:item-animation-code:F1:WQSF1 | sprites:family:0x6102:weapon:item-animation-code:F2:WQSF2 | sprites:family:0x6102:weapon:item-animation-code:F3:WQSF3 | sprites:family:0x6102:weapon:item-animation-code:FL:WQSFL | sprites:family:0x6102:weapon:item-animation-code:FS:WQSFS | sprites:family:0x6102:weapon:item-animation-code:GS:WQSGS | sprites:family:0x6102:weapon:item-animation-code:H6:WQSH6 | sprites:family:0x6102:weapon:item-animation-code:HB:WQSHB | sprites:family:0x6102:weapon:item-animation-code:M2:WQSM2 | sprites:family:0x6102:weapon:item-animation-code:MC:WQSMC | sprites:family:0x6102:weapon:item-animation-code:MS:WQSMS | sprites:family:0x6102:weapon:item-animation-code:Q2:WQSQ2 | sprites:family:0x6102:weapon:item-animation-code:Q3:WQSQ3 | sprites:family:0x6102:weapon:item-animation-code:Q4:WQSQ4 | sprites:family:0x6102:weapon:item-animation-code:QS:WQSQS | sprites:family:0x6102:weapon:item-animation-code:S0:WQSS0 | sprites:family:0x6102:weapon:item-animation-code:S1:WQSS1 | sprites:family:0x6102:weapon:item-animation-code:S2:WQSS2 | sprites:family:0x6102:weapon:item-animation-code:S3:WQSS3 | sprites:family:0x6102:weapon:item-animation-code:SC:WQSSC | sprites:family:0x6102:weapon:item-animation-code:SL:WQSSL | sprites:family:0x6102:weapon:item-animation-code:SP:WQSSP | sprites:family:0x6102:weapon:item-animation-code:SS:WQSSS | sprites:family:0x6102:weapon:item-animation-code:WH:WQSWH | sprites:family:0x6110:body:armor-code:1:CHFB1 | sprites:family:0x6110:body:armor-code:2:CHFB2 | sprites:family:0x6110:body:armor-code:3:CHFB3 | sprites:family:0x6110:body:armor-code:4:CHFF4 | sprites:family:0x6110:helmet:item-animation-code:H0:WQNH0 | sprites:family:0x6110:helmet:item-animation-code:H1:WQNH1 | sprites:family:0x6110:helmet:item-animation-code:H2:WQNH2 | sprites:family:0x6110:helmet:item-animation-code:H5:WQNH5 | sprites:family:0x6110:helmet:item-animation-code:J0:WQNJ0 | sprites:family:0x6110:helmet:item-animation-code:J1:WQNJ1 | sprites:family:0x6110:helmet:item-animation-code:J2:WQNJ2 | sprites:family:0x6110:helmet:item-animation-code:J3:WQNJ3 | sprites:family:0x6110:helmet:item-animation-code:J4:WQNJ4 | sprites:family:0x6110:helmet:item-animation-code:J5:WQNJ5 | sprites:family:0x6110:helmet:item-animation-code:J6:WQNJ6 | sprites:family:0x6110:helmet:item-animation-code:J7:WQNJ7 | sprites:family:0x6110:helmet:item-animation-code:J8:WQNJ8 | sprites:family:0x6110:helmet:item-animation-code:J9:WQNJ9 | sprites:family:0x6110:helmet:item-animation-code:JA:WQNJA | sprites:family:0x6110:helmet:item-animation-code:JB:WQNJB | sprites:family:0x6110:helmet:item-animation-code:JC:WQNJC | sprites:family:0x6110:helmet:item-animation-code:YW:WQNYW | sprites:family:0x6110:helmet:item-animation-code:ZW:WQNZW | sprites:family:0x6110:shield:item-animation-code:C0:WQNC0 | sprites:family:0x6110:shield:item-animation-code:C1:WQNC1 | sprites:family:0x6110:shield:item-animation-code:C2:WQNC2 | sprites:family:0x6110:shield:item-animation-code:C3:WQNC3 | sprites:family:0x6110:shield:item-animation-code:C4:WQNC4 | sprites:family:0x6110:shield:item-animation-code:C5:WQNC5 | sprites:family:0x6110:shield:item-animation-code:C6:WQNC6 | sprites:family:0x6110:shield:item-animation-code:C7:WQNC7 | sprites:family:0x6110:shield:item-animation-code:D1:WQND1 | sprites:family:0x6110:shield:item-animation-code:D2:WQND2 | sprites:family:0x6110:shield:item-animation-code:D3:WQND3 | sprites:family:0x6110:shield:item-animation-code:D4:WQND4 | sprites:family:0x6110:weapon:item-animation-code:AX:WQNAX | sprites:family:0x6110:weapon:item-animation-code:BS:WQNBS | sprites:family:0x6110:weapon:item-animation-code:BW:WQNBW | sprites:family:0x6110:weapon:item-animation-code:CB:WQNCB | sprites:family:0x6110:weapon:item-animation-code:CL:WQNCL | sprites:family:0x6110:weapon:item-animation-code:DD:WQNDD | sprites:family:0x6110:weapon:item-animation-code:F0:WQNF0 | sprites:family:0x6110:weapon:item-animation-code:F1:WQNF1 | sprites:family:0x6110:weapon:item-animation-code:F2:WQNF2 | sprites:family:0x6110:weapon:item-animation-code:F3:WQNF3 | sprites:family:0x6110:weapon:item-animation-code:FL:WQNFL | sprites:family:0x6110:weapon:item-animation-code:FS:WQNFS | sprites:family:0x6110:weapon:item-animation-code:GS:WQNGS | sprites:family:0x6110:weapon:item-animation-code:H6:WQNH6 | sprites:family:0x6110:weapon:item-animation-code:HB:WQNHB | sprites:family:0x6110:weapon:item-animation-code:M2:WQNM2 | sprites:family:0x6110:weapon:item-animation-code:MC:WQNMC | sprites:family:0x6110:weapon:item-animation-code:MS:WQNMS | sprites:family:0x6110:weapon:item-animation-code:Q2:WQNQ2 | sprites:family:0x6110:weapon:item-animation-code:Q3:WQNQ3 | sprites:family:0x6110:weapon:item-animation-code:Q4:WQNQ4 | sprites:family:0x6110:weapon:item-animation-code:QS:WQNQS | sprites:family:0x6110:weapon:item-animation-code:S0:WQNS0 | sprites:family:0x6110:weapon:item-animation-code:S1:WQNS1 | sprites:family:0x6110:weapon:item-animation-code:S2:WQNS2 | sprites:family:0x6110:weapon:item-animation-code:S3:WQNS3 | sprites:family:0x6110:weapon:item-animation-code:SC:WQNSC | sprites:family:0x6110:weapon:item-animation-code:SL:WQNSL | sprites:family:0x6110:weapon:item-animation-code:SP:WQNSP | sprites:family:0x6110:weapon:item-animation-code:SS:WQNSS | sprites:family:0x6110:weapon:item-animation-code:WH:WQNWH,sprite/catalogs/creature-x2-nearest/runs/catalog-x2-nearest/runs/catalog-xbr2x-x2/generations/9aa530e6a1444884be7f16e21df249a5f17135a0c55f2de5a22b8995952da2e9,sprite-build,sprite/catalogs/creature-x2-nearest/runs/catalog-x2-nearest/runs/catalog-xbr2x-x2/generations/9aa530e6a1444884be7f16e21df249a5f17135a0c55f2de5a22b8995952da2e9/build/build-manifest.json,sprite/catalogs/creature-x2-nearest/jobs/creature-sprites-progressive-xn-xbr2x.json,built-pending-ingame-qa,pending,historical,,verified,present,verified,no,Agrégat catalogue
sprites:sprite/catalogs/creature-x2-nearest/runs/catalog-x2-nearest/runs/catalog-xbr2x-x2/generations/d55efd6d1b342b1240ac2bbd222bc088b38f86d4503e6f46b03cb447a704b8f2,sprites,D55EFD6D1B342B1240AC2BBD222BC088B38F86D4503E6F46B03CB447A704B8F2,133,sprites:family:0x6102:body:armor-code:1:CDMB1 | sprites:family:0x6102:body:armor-code:2:CDMB2 | sprites:family:0x6102:body:armor-code:3:CDMB3 | sprites:family:0x6102:body:armor-code:4:CDMF4 | sprites:family:0x6102:helmet:item-animation-code:H0:WQSH0 | sprites:family:0x6102:helmet:item-animation-code:H1:WQSH1 | sprites:family:0x6102:helmet:item-animation-code:H2:WQSH2 | sprites:family:0x6102:helmet:item-animation-code:H5:WQSH5 | sprites:family:0x6102:helmet:item-animation-code:J0:WQSJ0 | sprites:family:0x6102:helmet:item-animation-code:J1:WQSJ1 | sprites:family:0x6102:helmet:item-animation-code:J2:WQSJ2 | sprites:family:0x6102:helmet:item-animation-code:J3:WQSJ3 | sprites:family:0x6102:helmet:item-animation-code:J4:WQSJ4 | sprites:family:0x6102:helmet:item-animation-code:J5:WQSJ5 | sprites:family:0x6102:helmet:item-animation-code:J6:WQSJ6 | sprites:family:0x6102:helmet:item-animation-code:J7:WQSJ7 | sprites:family:0x6102:helmet:item-animation-code:J8:WQSJ8 | sprites:family:0x6102:helmet:item-animation-code:J9:WQSJ9 | sprites:family:0x6102:helmet:item-animation-code:JA:WQSJA | sprites:family:0x6102:helmet:item-animation-code:JB:WQSJB | sprites:family:0x6102:helmet:item-animation-code:JC:WQSJC | sprites:family:0x6102:helmet:item-animation-code:YW:WQSYW | sprites:family:0x6102:helmet:item-animation-code:ZW:WQSZW | sprites:family:0x6102:shield:item-animation-code:C0:WQSC0 | sprites:family:0x6102:shield:item-animation-code:C1:WQSC1 | sprites:family:0x6102:shield:item-animation-code:C2:WQSC2 | sprites:family:0x6102:shield:item-animation-code:C3:WQSC3 | sprites:family:0x6102:shield:item-animation-code:C4:WQSC4 | sprites:family:0x6102:shield:item-animation-code:C5:WQSC5 | sprites:family:0x6102:shield:item-animation-code:C6:WQSC6 | sprites:family:0x6102:shield:item-animation-code:C7:WQSC7 | sprites:family:0x6102:shield:item-animation-code:D1:WQSD1 | sprites:family:0x6102:shield:item-animation-code:D2:WQSD2 | sprites:family:0x6102:shield:item-animation-code:D3:WQSD3 | sprites:family:0x6102:shield:item-animation-code:D4:WQSD4 | sprites:family:0x6102:weapon:item-animation-code:AX:WQSAX | sprites:family:0x6102:weapon:item-animation-code:BS:WQSBS | sprites:family:0x6102:weapon:item-animation-code:BW:WQSBW | sprites:family:0x6102:weapon:item-animation-code:CB:WQSCB | sprites:family:0x6102:weapon:item-animation-code:CL:WQSCL | sprites:family:0x6102:weapon:item-animation-code:DD:WQSDD | sprites:family:0x6102:weapon:item-animation-code:F0:WQSF0 | sprites:family:0x6102:weapon:item-animation-code:F1:WQSF1 | sprites:family:0x6102:weapon:item-animation-code:F2:WQSF2 | sprites:family:0x6102:weapon:item-animation-code:F3:WQSF3 | sprites:family:0x6102:weapon:item-animation-code:FL:WQSFL | sprites:family:0x6102:weapon:item-animation-code:FS:WQSFS | sprites:family:0x6102:weapon:item-animation-code:GS:WQSGS | sprites:family:0x6102:weapon:item-animation-code:H6:WQSH6 | sprites:family:0x6102:weapon:item-animation-code:HB:WQSHB | sprites:family:0x6102:weapon:item-animation-code:M2:WQSM2 | sprites:family:0x6102:weapon:item-animation-code:MC:WQSMC | sprites:family:0x6102:weapon:item-animation-code:MS:WQSMS | sprites:family:0x6102:weapon:item-animation-code:Q2:WQSQ2 | sprites:family:0x6102:weapon:item-animation-code:Q3:WQSQ3 | sprites:family:0x6102:weapon:item-animation-code:Q4:WQSQ4 | sprites:family:0x6102:weapon:item-animation-code:QS:WQSQS | sprites:family:0x6102:weapon:item-animation-code:S0:WQSS0 | sprites:family:0x6102:weapon:item-animation-code:S1:WQSS1 | sprites:family:0x6102:weapon:item-animation-code:S2:WQSS2 | sprites:family:0x6102:weapon:item-animation-code:S3:WQSS3 | sprites:family:0x6102:weapon:item-animation-code:SC:WQSSC | sprites:family:0x6102:weapon:item-animation-code:SL:WQSSL | sprites:family:0x6102:weapon:item-animation-code:SP:WQSSP | sprites:family:0x6102:weapon:item-animation-code:SS:WQSSS | sprites:family:0x6102:weapon:item-animation-code:WH:WQSWH | sprites:family:0x6110:body:armor-code:1:CHFB1 | sprites:family:0x6110:body:armor-code:2:CHFB2 | sprites:family:0x6110:body:armor-code:3:CHFB3 | sprites:family:0x6110:body:armor-code:4:CHFF4 | sprites:family:0x6110:helmet:item-animation-code:H0:WQNH0 | sprites:family:0x6110:helmet:item-animation-code:H1:WQNH1 | sprites:family:0x6110:helmet:item-animation-code:H2:WQNH2 | sprites:family:0x6110:helmet:item-animation-code:H5:WQNH5 | sprites:family:0x6110:helmet:item-animation-code:J0:WQNJ0 | sprites:family:0x6110:helmet:item-animation-code:J1:WQNJ1 | sprites:family:0x6110:helmet:item-animation-code:J2:WQNJ2 | sprites:family:0x6110:helmet:item-animation-code:J3:WQNJ3 | sprites:family:0x6110:helmet:item-animation-code:J4:WQNJ4 | sprites:family:0x6110:helmet:item-animation-code:J5:WQNJ5 | sprites:family:0x6110:helmet:item-animation-code:J6:WQNJ6 | sprites:family:0x6110:helmet:item-animation-code:J7:WQNJ7 | sprites:family:0x6110:helmet:item-animation-code:J8:WQNJ8 | sprites:family:0x6110:helmet:item-animation-code:J9:WQNJ9 | sprites:family:0x6110:helmet:item-animation-code:JA:WQNJA | sprites:family:0x6110:helmet:item-animation-code:JB:WQNJB | sprites:family:0x6110:helmet:item-animation-code:JC:WQNJC | sprites:family:0x6110:helmet:item-animation-code:YW:WQNYW | sprites:family:0x6110:helmet:item-animation-code:ZW:WQNZW | sprites:family:0x6110:shield:item-animation-code:C0:WQNC0 | sprites:family:0x6110:shield:item-animation-code:C1:WQNC1 | sprites:family:0x6110:shield:item-animation-code:C2:WQNC2 | sprites:family:0x6110:shield:item-animation-code:C3:WQNC3 | sprites:family:0x6110:shield:item-animation-code:C4:WQNC4 | sprites:family:0x6110:shield:item-animation-code:C5:WQNC5 | sprites:family:0x6110:shield:item-animation-code:C6:WQNC6 | sprites:family:0x6110:shield:item-animation-code:C7:WQNC7 | sprites:family:0x6110:shield:item-animation-code:D1:WQND1 | sprites:family:0x6110:shield:item-animation-code:D2:WQND2 | sprites:family:0x6110:shield:item-animation-code:D3:WQND3 | sprites:family:0x6110:shield:item-animation-code:D4:WQND4 | sprites:family:0x6110:weapon:item-animation-code:AX:WQNAX | sprites:family:0x6110:weapon:item-animation-code:BS:WQNBS | sprites:family:0x6110:weapon:item-animation-code:BW:WQNBW | sprites:family:0x6110:weapon:item-animation-code:CB:WQNCB | sprites:family:0x6110:weapon:item-animation-code:CL:WQNCL | sprites:family:0x6110:weapon:item-animation-code:DD:WQNDD | sprites:family:0x6110:weapon:item-animation-code:F0:WQNF0 | sprites:family:0x6110:weapon:item-animation-code:F1:WQNF1 | sprites:family:0x6110:weapon:item-animation-code:F2:WQNF2 | sprites:family:0x6110:weapon:item-animation-code:F3:WQNF3 | sprites:family:0x6110:weapon:item-animation-code:FL:WQNFL | sprites:family:0x6110:weapon:item-animation-code:FS:WQNFS | sprites:family:0x6110:weapon:item-animation-code:GS:WQNGS | sprites:family:0x6110:weapon:item-animation-code:H6:WQNH6 | sprites:family:0x6110:weapon:item-animation-code:HB:WQNHB | sprites:family:0x6110:weapon:item-animation-code:M2:WQNM2 | sprites:family:0x6110:weapon:item-animation-code:MC:WQNMC | sprites:family:0x6110:weapon:item-animation-code:MS:WQNMS | sprites:family:0x6110:weapon:item-animation-code:Q2:WQNQ2 | sprites:family:0x6110:weapon:item-animation-code:Q3:WQNQ3 | sprites:family:0x6110:weapon:item-animation-code:Q4:WQNQ4 | sprites:family:0x6110:weapon:item-animation-code:QS:WQNQS | sprites:family:0x6110:weapon:item-animation-code:S0:WQNS0 | sprites:family:0x6110:weapon:item-animation-code:S1:WQNS1 | sprites:family:0x6110:weapon:item-animation-code:S2:WQNS2 | sprites:family:0x6110:weapon:item-animation-code:S3:WQNS3 | sprites:family:0x6110:weapon:item-animation-code:SC:WQNSC | sprites:family:0x6110:weapon:item-animation-code:SL:WQNSL | sprites:family:0x6110:weapon:item-animation-code:SP:WQNSP | sprites:family:0x6110:weapon:item-animation-code:SS:WQNSS | sprites:family:0x6110:weapon:item-animation-code:WH:WQNWH | sprites:family:0xE400:body:base-resref:MGO1:MGO1,sprite/catalogs/creature-x2-nearest/runs/catalog-x2-nearest/runs/catalog-xbr2x-x2/generations/d55efd6d1b342b1240ac2bbd222bc088b38f86d4503e6f46b03cb447a704b8f2,sprite-build,sprite/catalogs/creature-x2-nearest/runs/catalog-x2-nearest/runs/catalog-xbr2x-x2/generations/d55efd6d1b342b1240ac2bbd222bc088b38f86d4503e6f46b03cb447a704b8f2/build/build-manifest.json,sprite/catalogs/creature-x2-nearest/jobs/qa-refresh-current-catalog-v1.json,built-pending-ingame-qa,pending,current-generation,sprite/catalogs/creature-x2-nearest/runs/catalog-x2-nearest/runs/catalog-xbr2x-x2/current-generation.json,verified,present,verified,no,Agrégat catalogue
sprites:sprite/families/monster-icewind/e4xx-goblins/e400-mgo1-goblin-axe/catalog-x2-nearest/runs/xbr2x-x2,sprites,goblin-mgo1-xbr2x-catalog,1,sprites:family:0xE400:body:base-resref:MGO1:MGO1,sprite/families/monster-icewind/e4xx-goblins/e400-mgo1-goblin-axe/catalog-x2-nearest/runs/xbr2x-x2,sprite-build,sprite/families/monster-icewind/e4xx-goblins/e400-mgo1-goblin-axe/catalog-x2-nearest/runs/xbr2x-x2/build/build-manifest.json,sprite/families/monster-icewind/e4xx-goblins/e400-mgo1-goblin-axe/catalog-x2-nearest/source/manifest.json,built-pending-ingame-qa,pending,historical,,verified,present,verified,no,
sprites:sprite/families/playable-characters/6102-dwarf-male-fighter/aegis-wqswh/runs/xbr2x-x2,sprites,dwarf-male-fighter-aegis-wqswh-xbr2x,1,sprites:family:0x6102:weapon:item-animation-code:WH:WQSWH,sprite/families/playable-characters/6102-dwarf-male-fighter/aegis-wqswh/runs/xbr2x-x2,sprite-build,sprite/families/playable-characters/6102-dwarf-male-fighter/aegis-wqswh/runs/xbr2x-x2/build/build-manifest.json,sprite/families/playable-characters/6102-dwarf-male-fighter/aegis-wqswh/source/manifest.json,built-pending-ingame-qa,pending,historical,,verified,present,verified,no,
sprites:sprite/families/playable-characters/6102-dwarf-male-fighter/arropheo-wqsbw/runs/xbr2x-x2,sprites,dwarf-male-fighter-arropheo-wqsbw-xbr2x,1,sprites:family:0x6102:weapon:item-animation-code:BW:WQSBW,sprite/families/playable-characters/6102-dwarf-male-fighter/arropheo-wqsbw/runs/xbr2x-x2,sprite-build,sprite/families/playable-characters/6102-dwarf-male-fighter/arropheo-wqsbw/runs/xbr2x-x2/build/build-manifest.json,sprite/families/playable-characters/6102-dwarf-male-fighter/arropheo-wqsbw/source/manifest.json,built-pending-ingame-qa,pending,historical,,verified,present,verified,no,
sprites:sprite/families/playable-characters/6102-dwarf-male-fighter/ax1h01-wqsax/runs/xbr2x-x2,sprites,dwarf-male-fighter-ax1h01-wqsax-xbr2x,1,sprites:family:0x6102:weapon:item-animation-code:AX:WQSAX,sprite/families/playable-characters/6102-dwarf-male-fighter/ax1h01-wqsax/runs/xbr2x-x2,sprite-build,sprite/families/playable-characters/6102-dwarf-male-fighter/ax1h01-wqsax/runs/xbr2x-x2/build/build-manifest.json,sprite/families/playable-characters/6102-dwarf-male-fighter/ax1h01-wqsax/source/manifest.json,built-pending-ingame-qa,pending,historical,,verified,present,verified,no,
sprites:sprite/families/playable-characters/6102-dwarf-male-fighter/barlfl-wqsfl/runs/xbr2x-x2,sprites,dwarf-male-fighter-barlfl-wqsfl-xbr2x,1,sprites:family:0x6102:weapon:item-animation-code:FL:WQSFL,sprite/families/playable-characters/6102-dwarf-male-fighter/barlfl-wqsfl/runs/xbr2x-x2,sprite-build,sprite/families/playable-characters/6102-dwarf-male-fighter/barlfl-wqsfl/runs/xbr2x-x2/build/build-manifest.json,sprite/families/playable-characters/6102-dwarf-male-fighter/barlfl-wqsfl/source/manifest.json,built-pending-ingame-qa,pending,historical,,verified,present,verified,no,
sprites:sprite/families/playable-characters/6102-dwarf-male-fighter/bdhelm09-wqsh0/runs/xbr2x-x2,sprites,dwarf-male-fighter-bdhelm09-wqsh0-xbr2x,1,sprites:family:0x6102:helmet:item-animation-code:H0:WQSH0,sprite/families/playable-characters/6102-dwarf-male-fighter/bdhelm09-wqsh0/runs/xbr2x-x2,sprite-build,sprite/families/playable-characters/6102-dwarf-male-fighter/bdhelm09-wqsh0/runs/xbr2x-x2/build/build-manifest.json,sprite/families/playable-characters/6102-dwarf-male-fighter/bdhelm09-wqsh0/source/manifest.json,built-pending-ingame-qa,pending,historical,,verified,present,verified,no,
sprites:sprite/families/playable-characters/6102-dwarf-male-fighter/bdhelm16-wqsjb/runs/xbr2x-x2,sprites,dwarf-male-fighter-bdhelm16-wqsjb-xbr2x,1,sprites:family:0x6102:helmet:item-animation-code:JB:WQSJB,sprite/families/playable-characters/6102-dwarf-male-fighter/bdhelm16-wqsjb/runs/xbr2x-x2,sprite-build,sprite/families/playable-characters/6102-dwarf-male-fighter/bdhelm16-wqsjb/runs/xbr2x-x2/build/build-manifest.json,sprite/families/playable-characters/6102-dwarf-male-fighter/bdhelm16-wqsjb/source/manifest.json,built-pending-ingame-qa,pending,historical,,verified,present,verified,no,
sprites:sprite/families/playable-characters/6102-dwarf-male-fighter/bdshld01-wqsd1/runs/xbr2x-x2,sprites,dwarf-male-fighter-bdshld01-wqsd1-xbr2x,1,sprites:family:0x6102:shield:item-animation-code:D1:WQSD1,sprite/families/playable-characters/6102-dwarf-male-fighter/bdshld01-wqsd1/runs/xbr2x-x2,sprite-build,sprite/families/playable-characters/6102-dwarf-male-fighter/bdshld01-wqsd1/runs/xbr2x-x2/build/build-manifest.json,sprite/families/playable-characters/6102-dwarf-male-fighter/bdshld01-wqsd1/source/manifest.json,built-pending-ingame-qa,pending,historical,,verified,present,verified,no,
sprites:sprite/families/playable-characters/6102-dwarf-male-fighter/bdsw1h06-wqss1/runs/xbr2x-x2,sprites,dwarf-male-fighter-bdsw1h06-wqss1-xbr2x,1,sprites:family:0x6102:weapon:item-animation-code:S1:WQSS1,sprite/families/playable-characters/6102-dwarf-male-fighter/bdsw1h06-wqss1/runs/xbr2x-x2,sprite-build,sprite/families/playable-characters/6102-dwarf-male-fighter/bdsw1h06-wqss1/runs/xbr2x-x2/build/build-manifest.json,sprite/families/playable-characters/6102-dwarf-male-fighter/bdsw1h06-wqss1/source/manifest.json,built-pending-ingame-qa,pending,historical,,verified,present,verified,no,
sprites:sprite/families/playable-characters/6102-dwarf-male-fighter/bdsw2h01-wqss2/runs/xbr2x-x2,sprites,dwarf-male-fighter-bdsw2h01-wqss2-xbr2x,1,sprites:family:0x6102:weapon:item-animation-code:S2:WQSS2,sprite/families/playable-characters/6102-dwarf-male-fighter/bdsw2h01-wqss2/runs/xbr2x-x2,sprite-build,sprite/families/playable-characters/6102-dwarf-male-fighter/bdsw2h01-wqss2/runs/xbr2x-x2/build/build-manifest.json,sprite/families/playable-characters/6102-dwarf-male-fighter/bdsw2h01-wqss2/source/manifest.json,built-pending-ingame-qa,pending,historical,,verified,present,verified,no,
sprites:sprite/families/playable-characters/6102-dwarf-male-fighter/bearspir-wqsh6/runs/xbr2x-x2,sprites,dwarf-male-fighter-bearspir-wqsh6-xbr2x,1,sprites:family:0x6102:weapon:item-animation-code:H6:WQSH6,sprite/families/playable-characters/6102-dwarf-male-fighter/bearspir-wqsh6/runs/xbr2x-x2,sprite-build,sprite/families/playable-characters/6102-dwarf-male-fighter/bearspir-wqsh6/runs/xbr2x-x2/build/build-manifest.json,sprite/families/playable-characters/6102-dwarf-male-fighter/bearspir-wqsh6/source/manifest.json,built-pending-ingame-qa,pending,historical,,verified,present,verified,no,
sprites:sprite/families/playable-characters/6102-dwarf-male-fighter/blun01-wqscl/runs/xbr2x-x2,sprites,dwarf-male-fighter-blun01-wqscl-xbr2x,1,sprites:family:0x6102:weapon:item-animation-code:CL:WQSCL,sprite/families/playable-characters/6102-dwarf-male-fighter/blun01-wqscl/runs/xbr2x-x2,sprite-build,sprite/families/playable-characters/6102-dwarf-male-fighter/blun01-wqscl/runs/xbr2x-x2/build/build-manifest.json,sprite/families/playable-characters/6102-dwarf-male-fighter/blun01-wqscl/source/manifest.json,built-pending-ingame-qa,pending,historical,,verified,present,verified,no,
sprites:sprite/families/playable-characters/6102-dwarf-male-fighter/blun04-wqsmc/runs/xbr2x-x2,sprites,dwarf-male-fighter-blun04-wqsmc-xbr2x,1,sprites:family:0x6102:weapon:item-animation-code:MC:WQSMC,sprite/families/playable-characters/6102-dwarf-male-fighter/blun04-wqsmc/runs/xbr2x-x2,sprite-build,sprite/families/playable-characters/6102-dwarf-male-fighter/blun04-wqsmc/runs/xbr2x-x2/build/build-manifest.json,sprite/families/playable-characters/6102-dwarf-male-fighter/blun04-wqsmc/source/manifest.json,built-pending-ingame-qa,pending,historical,,verified,present,verified,no,
sprites:sprite/families/playable-characters/6102-dwarf-male-fighter/blun06-wqsms/runs/xbr2x-x2,sprites,dwarf-male-fighter-blun06-wqsms-xbr2x,1,sprites:family:0x6102:weapon:item-animation-code:MS:WQSMS,sprite/families/playable-characters/6102-dwarf-male-fighter/blun06-wqsms/runs/xbr2x-x2,sprite-build,sprite/families/playable-characters/6102-dwarf-male-fighter/blun06-wqsms/runs/xbr2x-x2/build/build-manifest.json,sprite/families/playable-characters/6102-dwarf-male-fighter/blun06-wqsms/source/manifest.json,built-pending-ingame-qa,pending,historical,,verified,present,verified,no,
sprites:sprite/families/playable-characters/6102-dwarf-male-fighter/blun12-wqsm2/runs/xbr2x-x2,sprites,dwarf-male-fighter-blun12-wqsm2-xbr2x,1,sprites:family:0x6102:weapon:item-animation-code:M2:WQSM2,sprite/families/playable-characters/6102-dwarf-male-fighter/blun12-wqsm2/runs/xbr2x-x2,sprite-build,sprite/families/playable-characters/6102-dwarf-male-fighter/blun12-wqsm2/runs/xbr2x-x2/build/build-manifest.json,sprite/families/playable-characters/6102-dwarf-male-fighter/blun12-wqsm2/source/manifest.json,built-pending-ingame-qa,pending,historical,,verified,present,verified,no,
sprites:sprite/families/playable-characters/6102-dwarf-male-fighter/blun13-wqsf0/runs/xbr2x-x2,sprites,dwarf-male-fighter-blun13-wqsf0-xbr2x,1,sprites:family:0x6102:weapon:item-animation-code:F0:WQSF0,sprite/families/playable-characters/6102-dwarf-male-fighter/blun13-wqsf0/runs/xbr2x-x2,sprite-build,sprite/families/playable-characters/6102-dwarf-male-fighter/blun13-wqsf0/runs/xbr2x-x2/build/build-manifest.json,sprite/families/playable-characters/6102-dwarf-male-fighter/blun13-wqsf0/source/manifest.json,built-pending-ingame-qa,pending,historical,,verified,present,verified,no,
sprites:sprite/families/playable-characters/6102-dwarf-male-fighter/blun14-wqsf3/runs/xbr2x-x2,sprites,dwarf-male-fighter-blun14-wqsf3-xbr2x,1,sprites:family:0x6102:weapon:item-animation-code:F3:WQSF3,sprite/families/playable-characters/6102-dwarf-male-fighter/blun14-wqsf3/runs/xbr2x-x2,sprite-build,sprite/families/playable-characters/6102-dwarf-male-fighter/blun14-wqsf3/runs/xbr2x-x2/build/build-manifest.json,sprite/families/playable-characters/6102-dwarf-male-fighter/blun14-wqsf3/source/manifest.json,built-pending-ingame-qa,pending,historical,,verified,present,verified,no,
sprites:sprite/families/playable-characters/6102-dwarf-male-fighter/blun14d-wqsf1/runs/xbr2x-x2,sprites,dwarf-male-fighter-blun14d-wqsf1-xbr2x,1,sprites:family:0x6102:weapon:item-animation-code:F1:WQSF1,sprite/families/playable-characters/6102-dwarf-male-fighter/blun14d-wqsf1/runs/xbr2x-x2,sprite-build,sprite/families/playable-characters/6102-dwarf-male-fighter/blun14d-wqsf1/runs/xbr2x-x2/build/build-manifest.json,sprite/families/playable-characters/6102-dwarf-male-fighter/blun14d-wqsf1/source/manifest.json,built-pending-ingame-qa,pending,historical,,verified,present,verified,no,
sprites:sprite/families/playable-characters/6102-dwarf-male-fighter/bow05-wqsbs/runs/xbr2x-x2,sprites,dwarf-male-fighter-bow05-wqsbs-xbr2x,1,sprites:family:0x6102:weapon:item-animation-code:BS:WQSBS,sprite/families/playable-characters/6102-dwarf-male-fighter/bow05-wqsbs/runs/xbr2x-x2,sprite-build,sprite/families/playable-characters/6102-dwarf-male-fighter/bow05-wqsbs/runs/xbr2x-x2/build/build-manifest.json,sprite/families/playable-characters/6102-dwarf-male-fighter/bow05-wqsbs/source/manifest.json,built-pending-ingame-qa,pending,historical,,verified,present,verified,no,
sprites:sprite/families/playable-characters/6102-dwarf-male-fighter/cdmb1/variants/xbr2x-aa/runs/xbr2x-aa-x2,sprites,dwarf-male-fighter-cdmb1-aa-xbr2x,1,sprites:family:0x6102:body:armor-code:1:CDMB1,sprite/families/playable-characters/6102-dwarf-male-fighter/cdmb1/variants/xbr2x-aa/runs/xbr2x-aa-x2,sprite-build,sprite/families/playable-characters/6102-dwarf-male-fighter/cdmb1/variants/xbr2x-aa/runs/xbr2x-aa-x2/build/build-manifest.json,sprite/families/playable-characters/6102-dwarf-male-fighter/cdmb1/variants/xbr2x-legacy/source/manifest.json,built-pending-ingame-qa,pending,historical,,verified,present,verified,no,
sprites:sprite/families/playable-characters/6102-dwarf-male-fighter/cdmb1/variants/xbr2x-legacy/runs/xbr2x-x2,sprites,dwarf-male-fighter-cdmb1-xbr2x,1,sprites:family:0x6102:body:armor-code:1:CDMB1,sprite/families/playable-characters/6102-dwarf-male-fighter/cdmb1/variants/xbr2x-legacy/runs/xbr2x-x2,sprite-build,sprite/families/playable-characters/6102-dwarf-male-fighter/cdmb1/variants/xbr2x-legacy/runs/xbr2x-x2/build/build-manifest.json,sprite/families/playable-characters/6102-dwarf-male-fighter/cdmb1/variants/xbr2x-legacy/source/manifest.json,built-pending-ingame-qa,pending,historical,,verified,present,verified,no,
sprites:sprite/families/playable-characters/6102-dwarf-male-fighter/cdmb1/variants/xbr4-direct/runs/xbr4x-x4,sprites,dwarf-male-fighter-cdmb1-xbr4x,1,sprites:family:0x6102:body:armor-code:1:CDMB1,sprite/families/playable-characters/6102-dwarf-male-fighter/cdmb1/variants/xbr4-direct/runs/xbr4x-x4,sprite-build,sprite/families/playable-characters/6102-dwarf-male-fighter/cdmb1/variants/xbr4-direct/runs/xbr4x-x4/build/build-manifest.json,sprite/families/playable-characters/6102-dwarf-male-fighter/cdmb1/variants/xbr4-direct/source/manifest.json,built-pending-ingame-qa,pending,historical,,verified,present,verified,no,
sprites:sprite/families/playable-characters/6102-dwarf-male-fighter/cdmb2/runs/xbr2x-x2,sprites,dwarf-male-fighter-cdmb2-xbr2x,1,sprites:family:0x6102:body:armor-code:2:CDMB2,sprite/families/playable-characters/6102-dwarf-male-fighter/cdmb2/runs/xbr2x-x2,sprite-build,sprite/families/playable-characters/6102-dwarf-male-fighter/cdmb2/runs/xbr2x-x2/build/build-manifest.json,sprite/families/playable-characters/6102-dwarf-male-fighter/cdmb2/source/manifest.json,built-pending-ingame-qa,pending,historical,,verified,present,verified,no,
sprites:sprite/families/playable-characters/6102-dwarf-male-fighter/cdmb3/runs/xbr2x-x2,sprites,dwarf-male-fighter-cdmb3-xbr2x,1,sprites:family:0x6102:body:armor-code:3:CDMB3,sprite/families/playable-characters/6102-dwarf-male-fighter/cdmb3/runs/xbr2x-x2,sprite-build,sprite/families/playable-characters/6102-dwarf-male-fighter/cdmb3/runs/xbr2x-x2/build/build-manifest.json,sprite/families/playable-characters/6102-dwarf-male-fighter/cdmb3/source/manifest.json,built-pending-ingame-qa,pending,historical,,verified,present,verified,no,
sprites:sprite/families/playable-characters/6102-dwarf-male-fighter/cdnebdag-wqsdd/runs/xbr2x-x2,sprites,dwarf-male-fighter-cdnebdag-wqsdd-xbr2x,1,sprites:family:0x6102:weapon:item-animation-code:DD:WQSDD,sprite/families/playable-characters/6102-dwarf-male-fighter/cdnebdag-wqsdd/runs/xbr2x-x2,sprite-build,sprite/families/playable-characters/6102-dwarf-male-fighter/cdnebdag-wqsdd/runs/xbr2x-x2/build/build-manifest.json,sprite/families/playable-characters/6102-dwarf-male-fighter/cdnebdag-wqsdd/source/manifest.json,built-pending-ingame-qa,pending,historical,,verified,present,verified,no,
sprites:sprite/families/playable-characters/6102-dwarf-male-fighter/chalcy1-wqsss/runs/xbr2x-x2,sprites,dwarf-male-fighter-chalcy1-wqsss-xbr2x,1,sprites:family:0x6102:weapon:item-animation-code:SS:WQSSS,sprite/families/playable-characters/6102-dwarf-male-fighter/chalcy1-wqsss/runs/xbr2x-x2,sprite-build,sprite/families/playable-characters/6102-dwarf-male-fighter/chalcy1-wqsss/runs/xbr2x-x2/build/build-manifest.json,sprite/families/playable-characters/6102-dwarf-male-fighter/chalcy1-wqsss/source/manifest.json,built-pending-ingame-qa,pending,historical,,verified,present,verified,no,
sprites:sprite/families/playable-characters/6102-dwarf-male-fighter/chalhelm-wqsj1/runs/xbr2x-x2,sprites,dwarf-male-fighter-chalhelm-wqsj1-xbr2x,1,sprites:family:0x6102:helmet:item-animation-code:J1:WQSJ1,sprite/families/playable-characters/6102-dwarf-male-fighter/chalhelm-wqsj1/runs/xbr2x-x2,sprite-build,sprite/families/playable-characters/6102-dwarf-male-fighter/chalhelm-wqsj1/runs/xbr2x-x2/build/build-manifest.json,sprite/families/playable-characters/6102-dwarf-male-fighter/chalhelm-wqsj1/source/manifest.json,built-pending-ingame-qa,pending,historical,,verified,present,verified,no,
sprites:sprite/families/playable-characters/6102-dwarf-male-fighter/chalshld-wqsc3/runs/xbr2x-x2,sprites,dwarf-male-fighter-chalshld-wqsc3-xbr2x,1,sprites:family:0x6102:shield:item-animation-code:C3:WQSC3,sprite/families/playable-characters/6102-dwarf-male-fighter/chalshld-wqsc3/runs/xbr2x-x2,sprite-build,sprite/families/playable-characters/6102-dwarf-male-fighter/chalshld-wqsc3/runs/xbr2x-x2/build/build-manifest.json,sprite/families/playable-characters/6102-dwarf-male-fighter/chalshld-wqsc3/source/manifest.json,built-pending-ingame-qa,pending,historical,,verified,present,verified,no,
sprites:sprite/families/playable-characters/6102-dwarf-male-fighter/compon05-wqsj9/runs/xbr2x-x2,sprites,dwarf-male-fighter-compon05-wqsj9-xbr2x,1,sprites:family:0x6102:helmet:item-animation-code:J9:WQSJ9,sprite/families/playable-characters/6102-dwarf-male-fighter/compon05-wqsj9/runs/xbr2x-x2,sprite-build,sprite/families/playable-characters/6102-dwarf-male-fighter/compon05-wqsj9/runs/xbr2x-x2/build/build-manifest.json,sprite/families/playable-characters/6102-dwarf-male-fighter/compon05-wqsj9/source/manifest.json,built-pending-ingame-qa,pending,historical,,verified,present,verified,no,
sprites:sprite/families/playable-characters/6102-dwarf-male-fighter/comps39-wqsfs/runs/xbr2x-x2,sprites,dwarf-male-fighter-comps39-wqsfs-xbr2x,1,sprites:family:0x6102:weapon:item-animation-code:FS:WQSFS,sprite/families/playable-characters/6102-dwarf-male-fighter/comps39-wqsfs/runs/xbr2x-x2,sprite-build,sprite/families/playable-characters/6102-dwarf-male-fighter/comps39-wqsfs/runs/xbr2x-x2/build/build-manifest.json,sprite/families/playable-characters/6102-dwarf-male-fighter/comps39-wqsfs/source/manifest.json,built-pending-ingame-qa,pending,historical,,verified,present,verified,no,
sprites:sprite/families/playable-characters/6102-dwarf-male-fighter/dhelm01-wqsh2/runs/xbr2x-x2,sprites,dwarf-male-fighter-dhelm01-wqsh2-xbr2x,1,sprites:family:0x6102:helmet:item-animation-code:H2:WQSH2,sprite/families/playable-characters/6102-dwarf-male-fighter/dhelm01-wqsh2/runs/xbr2x-x2,sprite-build,sprite/families/playable-characters/6102-dwarf-male-fighter/dhelm01-wqsh2/runs/xbr2x-x2/build/build-manifest.json,sprite/families/playable-characters/6102-dwarf-male-fighter/dhelm01-wqsh2/source/manifest.json,built-pending-ingame-qa,pending,historical,,verified,present,verified,no,
sprites:sprite/families/playable-characters/6102-dwarf-male-fighter/dshld01-wqsd2/runs/xbr2x-x2,sprites,dwarf-male-fighter-dshld01-wqsd2-xbr2x,1,sprites:family:0x6102:shield:item-animation-code:D2:WQSD2,sprite/families/playable-characters/6102-dwarf-male-fighter/dshld01-wqsd2/runs/xbr2x-x2,sprite-build,sprite/families/playable-characters/6102-dwarf-male-fighter/dshld01-wqsd2/runs/xbr2x-x2/build/build-manifest.json,sprite/families/playable-characters/6102-dwarf-male-fighter/dshld01-wqsd2/source/manifest.json,built-pending-ingame-qa,pending,historical,,verified,present,verified,no,
sprites:sprite/families/playable-characters/6102-dwarf-male-fighter/dwhalb01-wqshb/runs/xbr2x-x2,sprites,dwarf-male-fighter-dwhalb01-wqshb-xbr2x,1,sprites:family:0x6102:weapon:item-animation-code:HB:WQSHB,sprite/families/playable-characters/6102-dwarf-male-fighter/dwhalb01-wqshb/runs/xbr2x-x2,sprite-build,sprite/families/playable-characters/6102-dwarf-male-fighter/dwhalb01-wqshb/runs/xbr2x-x2/build/build-manifest.json,sprite/families/playable-characters/6102-dwarf-male-fighter/dwhalb01-wqshb/source/manifest.json,built-pending-ingame-qa,pending,historical,,verified,present,verified,no,
sprites:sprite/families/playable-characters/6102-dwarf-male-fighter/dwshld01-wqsc7/runs/xbr2x-x2,sprites,dwarf-male-fighter-dwshld01-wqsc7-xbr2x,1,sprites:family:0x6102:shield:item-animation-code:C7:WQSC7,sprite/families/playable-characters/6102-dwarf-male-fighter/dwshld01-wqsc7/runs/xbr2x-x2,sprite-build,sprite/families/playable-characters/6102-dwarf-male-fighter/dwshld01-wqsc7/runs/xbr2x-x2/build/build-manifest.json,sprite/families/playable-characters/6102-dwarf-male-fighter/dwshld01-wqsc7/source/manifest.json,built-pending-ingame-qa,pending,historical,,verified,present,verified,no,
sprites:sprite/families/playable-characters/6102-dwarf-male-fighter/dwsper01-wqssp/runs/xbr2x-x2,sprites,dwarf-male-fighter-dwsper01-wqssp-xbr2x,1,sprites:family:0x6102:weapon:item-animation-code:SP:WQSSP,sprite/families/playable-characters/6102-dwarf-male-fighter/dwsper01-wqssp/runs/xbr2x-x2,sprite-build,sprite/families/playable-characters/6102-dwarf-male-fighter/dwsper01-wqssp/runs/xbr2x-x2/build/build-manifest.json,sprite/families/playable-characters/6102-dwarf-male-fighter/dwsper01-wqssp/source/manifest.json,built-pending-ingame-qa,pending,historical,,verified,present,verified,no,
sprites:sprite/families/playable-characters/6102-dwarf-male-fighter/dwsw1h01-wqssc/runs/xbr2x-x2,sprites,dwarf-male-fighter-dwsw1h01-wqssc-xbr2x,1,sprites:family:0x6102:weapon:item-animation-code:SC:WQSSC,sprite/families/playable-characters/6102-dwarf-male-fighter/dwsw1h01-wqssc/runs/xbr2x-x2,sprite-build,sprite/families/playable-characters/6102-dwarf-male-fighter/dwsw1h01-wqssc/runs/xbr2x-x2/build/build-manifest.json,sprite/families/playable-characters/6102-dwarf-male-fighter/dwsw1h01-wqssc/source/manifest.json,built-pending-ingame-qa,pending,historical,,verified,present,verified,no,
sprites:sprite/families/playable-characters/6102-dwarf-male-fighter/dwxbow01-wqscb/runs/xbr2x-x2,sprites,dwarf-male-fighter-dwxbow01-wqscb-xbr2x,1,sprites:family:0x6102:weapon:item-animation-code:CB:WQSCB,sprite/families/playable-characters/6102-dwarf-male-fighter/dwxbow01-wqscb/runs/xbr2x-x2,sprite-build,sprite/families/playable-characters/6102-dwarf-male-fighter/dwxbow01-wqscb/runs/xbr2x-x2/build/build-manifest.json,sprite/families/playable-characters/6102-dwarf-male-fighter/dwxbow01-wqscb/source/manifest.json,built-pending-ingame-qa,pending,historical,,verified,present,verified,no,
sprites:sprite/families/playable-characters/6102-dwarf-male-fighter/enstaff-wqsqs/runs/xbr2x-x2,sprites,dwarf-male-fighter-enstaff-wqsqs-xbr2x,1,sprites:family:0x6102:weapon:item-animation-code:QS:WQSQS,sprite/families/playable-characters/6102-dwarf-male-fighter/enstaff-wqsqs/runs/xbr2x-x2,sprite-build,sprite/families/playable-characters/6102-dwarf-male-fighter/enstaff-wqsqs/runs/xbr2x-x2/build/build-manifest.json,sprite/families/playable-characters/6102-dwarf-male-fighter/enstaff-wqsqs/source/manifest.json,built-pending-ingame-qa,pending,historical,,verified,present,verified,no,
sprites:sprite/families/playable-characters/6102-dwarf-male-fighter/family-runs/complete-xn-xbr2x/runs/xbr2x-x2-xn,sprites,dwarf-male-fighter-complete-xn-xbr2x,66,sprites:family:0x6102:body:armor-code:1:CDMB1 | sprites:family:0x6102:body:armor-code:2:CDMB2 | sprites:family:0x6102:body:armor-code:3:CDMB3 | sprites:family:0x6102:body:armor-code:4:CDMF4 | sprites:family:0x6102:helmet:item-animation-code:H0:WQSH0 | sprites:family:0x6102:helmet:item-animation-code:H1:WQSH1 | sprites:family:0x6102:helmet:item-animation-code:H2:WQSH2 | sprites:family:0x6102:helmet:item-animation-code:H5:WQSH5 | sprites:family:0x6102:helmet:item-animation-code:J0:WQSJ0 | sprites:family:0x6102:helmet:item-animation-code:J1:WQSJ1 | sprites:family:0x6102:helmet:item-animation-code:J2:WQSJ2 | sprites:family:0x6102:helmet:item-animation-code:J3:WQSJ3 | sprites:family:0x6102:helmet:item-animation-code:J4:WQSJ4 | sprites:family:0x6102:helmet:item-animation-code:J5:WQSJ5 | sprites:family:0x6102:helmet:item-animation-code:J6:WQSJ6 | sprites:family:0x6102:helmet:item-animation-code:J7:WQSJ7 | sprites:family:0x6102:helmet:item-animation-code:J8:WQSJ8 | sprites:family:0x6102:helmet:item-animation-code:J9:WQSJ9 | sprites:family:0x6102:helmet:item-animation-code:JA:WQSJA | sprites:family:0x6102:helmet:item-animation-code:JB:WQSJB | sprites:family:0x6102:helmet:item-animation-code:JC:WQSJC | sprites:family:0x6102:helmet:item-animation-code:YW:WQSYW | sprites:family:0x6102:helmet:item-animation-code:ZW:WQSZW | sprites:family:0x6102:shield:item-animation-code:C0:WQSC0 | sprites:family:0x6102:shield:item-animation-code:C1:WQSC1 | sprites:family:0x6102:shield:item-animation-code:C2:WQSC2 | sprites:family:0x6102:shield:item-animation-code:C3:WQSC3 | sprites:family:0x6102:shield:item-animation-code:C4:WQSC4 | sprites:family:0x6102:shield:item-animation-code:C5:WQSC5 | sprites:family:0x6102:shield:item-animation-code:C6:WQSC6 | sprites:family:0x6102:shield:item-animation-code:C7:WQSC7 | sprites:family:0x6102:shield:item-animation-code:D1:WQSD1 | sprites:family:0x6102:shield:item-animation-code:D2:WQSD2 | sprites:family:0x6102:shield:item-animation-code:D3:WQSD3 | sprites:family:0x6102:shield:item-animation-code:D4:WQSD4 | sprites:family:0x6102:weapon:item-animation-code:AX:WQSAX | sprites:family:0x6102:weapon:item-animation-code:BS:WQSBS | sprites:family:0x6102:weapon:item-animation-code:BW:WQSBW | sprites:family:0x6102:weapon:item-animation-code:CB:WQSCB | sprites:family:0x6102:weapon:item-animation-code:CL:WQSCL | sprites:family:0x6102:weapon:item-animation-code:DD:WQSDD | sprites:family:0x6102:weapon:item-animation-code:F0:WQSF0 | sprites:family:0x6102:weapon:item-animation-code:F1:WQSF1 | sprites:family:0x6102:weapon:item-animation-code:F2:WQSF2 | sprites:family:0x6102:weapon:item-animation-code:F3:WQSF3 | sprites:family:0x6102:weapon:item-animation-code:FL:WQSFL | sprites:family:0x6102:weapon:item-animation-code:FS:WQSFS | sprites:family:0x6102:weapon:item-animation-code:GS:WQSGS | sprites:family:0x6102:weapon:item-animation-code:H6:WQSH6 | sprites:family:0x6102:weapon:item-animation-code:HB:WQSHB | sprites:family:0x6102:weapon:item-animation-code:M2:WQSM2 | sprites:family:0x6102:weapon:item-animation-code:MC:WQSMC | sprites:family:0x6102:weapon:item-animation-code:MS:WQSMS | sprites:family:0x6102:weapon:item-animation-code:Q2:WQSQ2 | sprites:family:0x6102:weapon:item-animation-code:Q3:WQSQ3 | sprites:family:0x6102:weapon:item-animation-code:Q4:WQSQ4 | sprites:family:0x6102:weapon:item-animation-code:QS:WQSQS | sprites:family:0x6102:weapon:item-animation-code:S0:WQSS0 | sprites:family:0x6102:weapon:item-animation-code:S1:WQSS1 | sprites:family:0x6102:weapon:item-animation-code:S2:WQSS2 | sprites:family:0x6102:weapon:item-animation-code:S3:WQSS3 | sprites:family:0x6102:weapon:item-animation-code:SC:WQSSC | sprites:family:0x6102:weapon:item-animation-code:SL:WQSSL | sprites:family:0x6102:weapon:item-animation-code:SP:WQSSP | sprites:family:0x6102:weapon:item-animation-code:SS:WQSSS | sprites:family:0x6102:weapon:item-animation-code:WH:WQSWH,sprite/families/playable-characters/6102-dwarf-male-fighter/family-runs/complete-xn-xbr2x/runs/xbr2x-x2-xn,sprite-build,sprite/families/playable-characters/6102-dwarf-male-fighter/family-runs/complete-xn-xbr2x/runs/xbr2x-x2-xn/build/build-manifest.json,,built-pending-ingame-qa,pending,historical,,documented,present,partial,no,
sprites:sprite/families/playable-characters/6102-dwarf-male-fighter/gaurox-cdmf4/runs/xbr2x-x2,sprites,gaurox-dwarf-male-cdmf4-xbr2x,1,sprites:family:0x6102:body:armor-code:4:CDMF4,sprite/families/playable-characters/6102-dwarf-male-fighter/gaurox-cdmf4/runs/xbr2x-x2,sprite-build,sprite/families/playable-characters/6102-dwarf-male-fighter/gaurox-cdmf4/runs/xbr2x-x2/build/build-manifest.json,sprite/families/playable-characters/6102-dwarf-male-fighter/gaurox-cdmf4/source/manifest.json,built-pending-ingame-qa,pending,historical,,verified,present,verified,no,
sprites:sprite/families/playable-characters/6102-dwarf-male-fighter/gaurox-helm01-wqsj6/runs/xbr2x-x2,sprites,gaurox-dwarf-male-helm01-wqsj6-xbr2x,1,sprites:family:0x6102:helmet:item-animation-code:J6:WQSJ6,sprite/families/playable-characters/6102-dwarf-male-fighter/gaurox-helm01-wqsj6/runs/xbr2x-x2,sprite-build,sprite/families/playable-characters/6102-dwarf-male-fighter/gaurox-helm01-wqsj6/runs/xbr2x-x2/build/build-manifest.json,sprite/families/playable-characters/6102-dwarf-male-fighter/gaurox-helm01-wqsj6/source/manifest.json,built-pending-ingame-qa,pending,historical,,verified,present,verified,no,
sprites:sprite/families/playable-characters/6102-dwarf-male-fighter/gaurox-shld13-wqsc1/runs/xbr2x-x2,sprites,gaurox-dwarf-male-shld13-wqsc1-xbr2x,1,sprites:family:0x6102:shield:item-animation-code:C1:WQSC1,sprite/families/playable-characters/6102-dwarf-male-fighter/gaurox-shld13-wqsc1/runs/xbr2x-x2,sprite-build,sprite/families/playable-characters/6102-dwarf-male-fighter/gaurox-shld13-wqsc1/runs/xbr2x-x2/build/build-manifest.json,sprite/families/playable-characters/6102-dwarf-male-fighter/gaurox-shld13-wqsc1/source/manifest.json,built-pending-ingame-qa,pending,historical,,verified,present,verified,no,
sprites:sprite/families/playable-characters/6102-dwarf-male-fighter/helm02-wqsj3/runs/xbr2x-x2,sprites,dwarf-male-fighter-helm02-wqsj3-xbr2x,1,sprites:family:0x6102:helmet:item-animation-code:J3:WQSJ3,sprite/families/playable-characters/6102-dwarf-male-fighter/helm02-wqsj3/runs/xbr2x-x2,sprite-build,sprite/families/playable-characters/6102-dwarf-male-fighter/helm02-wqsj3/runs/xbr2x-x2/build/build-manifest.json,sprite/families/playable-characters/6102-dwarf-male-fighter/helm02-wqsj3/source/manifest.json,built-pending-ingame-qa,pending,historical,,verified,present,verified,no,
sprites:sprite/families/playable-characters/6102-dwarf-male-fighter/helm03-wqsj8/runs/xbr2x-x2,sprites,dwarf-male-fighter-helm03-wqsj8-xbr2x,1,sprites:family:0x6102:helmet:item-animation-code:J8:WQSJ8,sprite/families/playable-characters/6102-dwarf-male-fighter/helm03-wqsj8/runs/xbr2x-x2,sprite-build,sprite/families/playable-characters/6102-dwarf-male-fighter/helm03-wqsj8/runs/xbr2x-x2/build/build-manifest.json,sprite/families/playable-characters/6102-dwarf-male-fighter/helm03-wqsj8/source/manifest.json,built-pending-ingame-qa,pending,historical,,verified,present,verified,no,
sprites:sprite/families/playable-characters/6102-dwarf-male-fighter/helm05-wqsja/runs/xbr2x-x2,sprites,dwarf-male-fighter-helm05-wqsja-xbr2x,1,sprites:family:0x6102:helmet:item-animation-code:JA:WQSJA,sprite/families/playable-characters/6102-dwarf-male-fighter/helm05-wqsja/runs/xbr2x-x2,sprite-build,sprite/families/playable-characters/6102-dwarf-male-fighter/helm05-wqsja/runs/xbr2x-x2/build/build-manifest.json,sprite/families/playable-characters/6102-dwarf-male-fighter/helm05-wqsja/source/manifest.json,built-pending-ingame-qa,pending,historical,,verified,present,verified,no,
sprites:sprite/families/playable-characters/6102-dwarf-male-fighter/helm07-wqsj7/runs/xbr2x-x2,sprites,dwarf-male-fighter-helm07-wqsj7-xbr2x,1,sprites:family:0x6102:helmet:item-animation-code:J7:WQSJ7,sprite/families/playable-characters/6102-dwarf-male-fighter/helm07-wqsj7/runs/xbr2x-x2,sprite-build,sprite/families/playable-characters/6102-dwarf-male-fighter/helm07-wqsj7/runs/xbr2x-x2/build/build-manifest.json,sprite/families/playable-characters/6102-dwarf-male-fighter/helm07-wqsj7/source/manifest.json,built-pending-ingame-qa,pending,historical,,verified,present,verified,no,
sprites:sprite/families/playable-characters/6102-dwarf-male-fighter/helm12-wqsjc/runs/xbr2x-x2,sprites,dwarf-male-fighter-helm12-wqsjc-xbr2x,1,sprites:family:0x6102:helmet:item-animation-code:JC:WQSJC,sprite/families/playable-characters/6102-dwarf-male-fighter/helm12-wqsjc/runs/xbr2x-x2,sprite-build,sprite/families/playable-characters/6102-dwarf-male-fighter/helm12-wqsjc/runs/xbr2x-x2/build/build-manifest.json,sprite/families/playable-characters/6102-dwarf-male-fighter/helm12-wqsjc/source/manifest.json,built-pending-ingame-qa,pending,historical,,verified,present,verified,no,
sprites:sprite/families/playable-characters/6102-dwarf-male-fighter/helm13-wqsj5/runs/xbr2x-x2,sprites,dwarf-male-fighter-helm13-wqsj5-xbr2x,1,sprites:family:0x6102:helmet:item-animation-code:J5:WQSJ5,sprite/families/playable-characters/6102-dwarf-male-fighter/helm13-wqsj5/runs/xbr2x-x2,sprite-build,sprite/families/playable-characters/6102-dwarf-male-fighter/helm13-wqsj5/runs/xbr2x-x2/build/build-manifest.json,sprite/families/playable-characters/6102-dwarf-male-fighter/helm13-wqsj5/source/manifest.json,built-pending-ingame-qa,pending,historical,,verified,present,verified,no,
sprites:sprite/families/playable-characters/6102-dwarf-male-fighter/helm15-wqsj0/runs/xbr2x-x2,sprites,dwarf-male-fighter-helm15-wqsj0-xbr2x,1,sprites:family:0x6102:helmet:item-animation-code:J0:WQSJ0,sprite/families/playable-characters/6102-dwarf-male-fighter/helm15-wqsj0/runs/xbr2x-x2,sprite-build,sprite/families/playable-characters/6102-dwarf-male-fighter/helm15-wqsj0/runs/xbr2x-x2/build/build-manifest.json,sprite/families/playable-characters/6102-dwarf-male-fighter/helm15-wqsj0/source/manifest.json,built-pending-ingame-qa,pending,historical,,verified,present,verified,no,
sprites:sprite/families/playable-characters/6102-dwarf-male-fighter/helm16-wqsj4/runs/xbr2x-x2,sprites,dwarf-male-fighter-helm16-wqsj4-xbr2x,1,sprites:family:0x6102:helmet:item-animation-code:J4:WQSJ4,sprite/families/playable-characters/6102-dwarf-male-fighter/helm16-wqsj4/runs/xbr2x-x2,sprite-build,sprite/families/playable-characters/6102-dwarf-male-fighter/helm16-wqsj4/runs/xbr2x-x2/build/build-manifest.json,sprite/families/playable-characters/6102-dwarf-male-fighter/helm16-wqsj4/source/manifest.json,built-pending-ingame-qa,pending,historical,,verified,present,verified,no,
sprites:sprite/families/playable-characters/6102-dwarf-male-fighter/helm21-wqsj2/runs/xbr2x-x2,sprites,dwarf-male-fighter-helm21-wqsj2-xbr2x,1,sprites:family:0x6102:helmet:item-animation-code:J2:WQSJ2,sprite/families/playable-characters/6102-dwarf-male-fighter/helm21-wqsj2/runs/xbr2x-x2,sprite-build,sprite/families/playable-characters/6102-dwarf-male-fighter/helm21-wqsj2/runs/xbr2x-x2/build/build-manifest.json,sprite/families/playable-characters/6102-dwarf-male-fighter/helm21-wqsj2/source/manifest.json,built-pending-ingame-qa,pending,historical,,verified,present,verified,no,
sprites:sprite/families/playable-characters/6102-dwarf-male-fighter/ihelm10-wqsh5/runs/xbr2x-x2,sprites,dwarf-male-fighter-ihelm10-wqsh5-xbr2x,1,sprites:family:0x6102:helmet:item-animation-code:H5:WQSH5,sprite/families/playable-characters/6102-dwarf-male-fighter/ihelm10-wqsh5/runs/xbr2x-x2,sprite-build,sprite/families/playable-characters/6102-dwarf-male-fighter/ihelm10-wqsh5/runs/xbr2x-x2/build/build-manifest.json,sprite/families/playable-characters/6102-dwarf-male-fighter/ihelm10-wqsh5/source/manifest.json,built-pending-ingame-qa,pending,historical,,verified,present,verified,no,
sprites:sprite/families/playable-characters/6102-dwarf-male-fighter/ishld03-wqsd3/runs/xbr2x-x2,sprites,dwarf-male-fighter-ishld03-wqsd3-xbr2x,1,sprites:family:0x6102:shield:item-animation-code:D3:WQSD3,sprite/families/playable-characters/6102-dwarf-male-fighter/ishld03-wqsd3/runs/xbr2x-x2,sprite-build,sprite/families/playable-characters/6102-dwarf-male-fighter/ishld03-wqsd3/runs/xbr2x-x2/build/build-manifest.json,sprite/families/playable-characters/6102-dwarf-male-fighter/ishld03-wqsd3/source/manifest.json,built-pending-ingame-qa,pending,historical,,verified,present,verified,no,
sprites:sprite/families/playable-characters/6102-dwarf-male-fighter/misc5t-wqsq3/runs/xbr2x-x2,sprites,dwarf-male-fighter-misc5t-wqsq3-xbr2x,1,sprites:family:0x6102:weapon:item-animation-code:Q3:WQSQ3,sprite/families/playable-characters/6102-dwarf-male-fighter/misc5t-wqsq3/runs/xbr2x-x2,sprite-build,sprite/families/playable-characters/6102-dwarf-male-fighter/misc5t-wqsq3/runs/xbr2x-x2/build/build-manifest.json,sprite/families/playable-characters/6102-dwarf-male-fighter/misc5t-wqsq3/source/manifest.json,built-pending-ingame-qa,pending,historical,,verified,present,verified,no,
sprites:sprite/families/playable-characters/6102-dwarf-male-fighter/misc9p-wqsh1/runs/xbr2x-x2,sprites,dwarf-male-fighter-misc9p-wqsh1-xbr2x,1,sprites:family:0x6102:helmet:item-animation-code:H1:WQSH1,sprite/families/playable-characters/6102-dwarf-male-fighter/misc9p-wqsh1/runs/xbr2x-x2,sprite-build,sprite/families/playable-characters/6102-dwarf-male-fighter/misc9p-wqsh1/runs/xbr2x-x2/build/build-manifest.json,sprite/families/playable-characters/6102-dwarf-male-fighter/misc9p-wqsh1/source/manifest.json,built-pending-ingame-qa,pending,historical,,verified,present,verified,no,
sprites:sprite/families/playable-characters/6102-dwarf-male-fighter/misc9q-wqss3/runs/xbr2x-x2,sprites,dwarf-male-fighter-misc9q-wqss3-xbr2x,1,sprites:family:0x6102:weapon:item-animation-code:S3:WQSS3,sprite/families/playable-characters/6102-dwarf-male-fighter/misc9q-wqss3/runs/xbr2x-x2,sprite-build,sprite/families/playable-characters/6102-dwarf-male-fighter/misc9q-wqss3/runs/xbr2x-x2/build/build-manifest.json,sprite/families/playable-characters/6102-dwarf-male-fighter/misc9q-wqss3/source/manifest.json,built-pending-ingame-qa,pending,historical,,verified,present,verified,no,
sprites:sprite/families/playable-characters/6102-dwarf-male-fighter/npsw06-wqsf2/runs/xbr2x-x2,sprites,dwarf-male-fighter-npsw06-wqsf2-xbr2x,1,sprites:family:0x6102:weapon:item-animation-code:F2:WQSF2,sprite/families/playable-characters/6102-dwarf-male-fighter/npsw06-wqsf2/runs/xbr2x-x2,sprite-build,sprite/families/playable-characters/6102-dwarf-male-fighter/npsw06-wqsf2/runs/xbr2x-x2/build/build-manifest.json,sprite/families/playable-characters/6102-dwarf-male-fighter/npsw06-wqsf2/source/manifest.json,built-pending-ingame-qa,pending,historical,,verified,present,verified,no,
sprites:sprite/families/playable-characters/6102-dwarf-male-fighter/ohnslng1-wqssl/runs/xbr2x-x2,sprites,dwarf-male-fighter-ohnslng1-wqssl-xbr2x,1,sprites:family:0x6102:weapon:item-animation-code:SL:WQSSL,sprite/families/playable-characters/6102-dwarf-male-fighter/ohnslng1-wqssl/runs/xbr2x-x2,sprite-build,sprite/families/playable-characters/6102-dwarf-male-fighter/ohnslng1-wqssl/runs/xbr2x-x2/build/build-manifest.json,sprite/families/playable-characters/6102-dwarf-male-fighter/ohnslng1-wqssl/source/manifest.json,built-pending-ingame-qa,pending,historical,,verified,present,verified,no,
sprites:sprite/families/playable-characters/6102-dwarf-male-fighter/ohshld50-wqsc4/runs/xbr2x-x2,sprites,dwarf-male-fighter-ohshld50-wqsc4-xbr2x,1,sprites:family:0x6102:shield:item-animation-code:C4:WQSC4,sprite/families/playable-characters/6102-dwarf-male-fighter/ohshld50-wqsc4/runs/xbr2x-x2,sprite-build,sprite/families/playable-characters/6102-dwarf-male-fighter/ohshld50-wqsc4/runs/xbr2x-x2/build/build-manifest.json,sprite/families/playable-characters/6102-dwarf-male-fighter/ohshld50-wqsc4/source/manifest.json,built-pending-ingame-qa,pending,historical,,verified,present,verified,no,
sprites:sprite/families/playable-characters/6102-dwarf-male-fighter/shld01-wqsc0/runs/xbr2x-x2,sprites,dwarf-male-fighter-shld01-wqsc0-xbr2x,1,sprites:family:0x6102:shield:item-animation-code:C0:WQSC0,sprite/families/playable-characters/6102-dwarf-male-fighter/shld01-wqsc0/runs/xbr2x-x2,sprite-build,sprite/families/playable-characters/6102-dwarf-male-fighter/shld01-wqsc0/runs/xbr2x-x2/build/build-manifest.json,sprite/families/playable-characters/6102-dwarf-male-fighter/shld01-wqsc0/source/manifest.json,built-pending-ingame-qa,pending,historical,,verified,present,verified,no,
sprites:sprite/families/playable-characters/6102-dwarf-male-fighter/shld05-wqsc2/runs/xbr2x-x2,sprites,dwarf-male-fighter-shld05-wqsc2-xbr2x,1,sprites:family:0x6102:shield:item-animation-code:C2:WQSC2,sprite/families/playable-characters/6102-dwarf-male-fighter/shld05-wqsc2/runs/xbr2x-x2,sprite-build,sprite/families/playable-characters/6102-dwarf-male-fighter/shld05-wqsc2/runs/xbr2x-x2/build/build-manifest.json,sprite/families/playable-characters/6102-dwarf-male-fighter/shld05-wqsc2/source/manifest.json,built-pending-ingame-qa,pending,historical,,verified,present,verified,no,
sprites:sprite/families/playable-characters/6102-dwarf-male-fighter/shld05a-wqsd4/runs/xbr2x-x2,sprites,dwarf-male-fighter-shld05a-wqsd4-xbr2x,1,sprites:family:0x6102:shield:item-animation-code:D4:WQSD4,sprite/families/playable-characters/6102-dwarf-male-fighter/shld05a-wqsd4/runs/xbr2x-x2,sprite-build,sprite/families/playable-characters/6102-dwarf-male-fighter/shld05a-wqsd4/runs/xbr2x-x2/build/build-manifest.json,sprite/families/playable-characters/6102-dwarf-male-fighter/shld05a-wqsd4/source/manifest.json,built-pending-ingame-qa,pending,historical,,verified,present,verified,no,
sprites:sprite/families/playable-characters/6102-dwarf-male-fighter/shld07-wqsc6/runs/xbr2x-x2,sprites,dwarf-male-fighter-shld07-wqsc6-xbr2x,1,sprites:family:0x6102:shield:item-animation-code:C6:WQSC6,sprite/families/playable-characters/6102-dwarf-male-fighter/shld07-wqsc6/runs/xbr2x-x2,sprite-build,sprite/families/playable-characters/6102-dwarf-male-fighter/shld07-wqsc6/runs/xbr2x-x2/build/build-manifest.json,sprite/families/playable-characters/6102-dwarf-male-fighter/shld07-wqsc6/source/manifest.json,built-pending-ingame-qa,pending,historical,,verified,present,verified,no,
sprites:sprite/families/playable-characters/6102-dwarf-male-fighter/shld26-wqsc5/runs/xbr2x-x2,sprites,dwarf-male-fighter-shld26-wqsc5-xbr2x,1,sprites:family:0x6102:shield:item-animation-code:C5:WQSC5,sprite/families/playable-characters/6102-dwarf-male-fighter/shld26-wqsc5/runs/xbr2x-x2,sprite-build,sprite/families/playable-characters/6102-dwarf-male-fighter/shld26-wqsc5/runs/xbr2x-x2/build/build-manifest.json,sprite/families/playable-characters/6102-dwarf-male-fighter/shld26-wqsc5/source/manifest.json,built-pending-ingame-qa,pending,historical,,verified,present,verified,no,
sprites:sprite/families/playable-characters/6102-dwarf-male-fighter/staf02-wqsq2/runs/xbr2x-x2,sprites,dwarf-male-fighter-staf02-wqsq2-xbr2x,1,sprites:family:0x6102:weapon:item-animation-code:Q2:WQSQ2,sprite/families/playable-characters/6102-dwarf-male-fighter/staf02-wqsq2/runs/xbr2x-x2,sprite-build,sprite/families/playable-characters/6102-dwarf-male-fighter/staf02-wqsq2/runs/xbr2x-x2/build/build-manifest.json,sprite/families/playable-characters/6102-dwarf-male-fighter/staf02-wqsq2/source/manifest.json,built-pending-ingame-qa,pending,historical,,verified,present,verified,no,
sprites:sprite/families/playable-characters/6102-dwarf-male-fighter/staf09-wqsq4/runs/xbr2x-x2,sprites,dwarf-male-fighter-staf09-wqsq4-xbr2x,1,sprites:family:0x6102:weapon:item-animation-code:Q4:WQSQ4,sprite/families/playable-characters/6102-dwarf-male-fighter/staf09-wqsq4/runs/xbr2x-x2,sprite-build,sprite/families/playable-characters/6102-dwarf-male-fighter/staf09-wqsq4/runs/xbr2x-x2/build/build-manifest.json,sprite/families/playable-characters/6102-dwarf-male-fighter/staf09-wqsq4/source/manifest.json,built-pending-ingame-qa,pending,historical,,verified,present,verified,no,
sprites:sprite/families/playable-characters/6102-dwarf-male-fighter/staf11-wqsgs/runs/xbr2x-x2,sprites,dwarf-male-fighter-staf11-wqsgs-xbr2x,1,sprites:family:0x6102:weapon:item-animation-code:GS:WQSGS,sprite/families/playable-characters/6102-dwarf-male-fighter/staf11-wqsgs/runs/xbr2x-x2,sprite-build,sprite/families/playable-characters/6102-dwarf-male-fighter/staf11-wqsgs/runs/xbr2x-x2/build/build-manifest.json,sprite/families/playable-characters/6102-dwarf-male-fighter/staf11-wqsgs/source/manifest.json,built-pending-ingame-qa,pending,historical,,verified,present,verified,no,
sprites:sprite/families/playable-characters/6102-dwarf-male-fighter/sw1h01-wqss0/runs/xbr2x-x2,sprites,dwarf-male-fighter-sw1h01-wqss0-xbr2x,1,sprites:family:0x6102:weapon:item-animation-code:S0:WQSS0,sprite/families/playable-characters/6102-dwarf-male-fighter/sw1h01-wqss0/runs/xbr2x-x2,sprite-build,sprite/families/playable-characters/6102-dwarf-male-fighter/sw1h01-wqss0/runs/xbr2x-x2/build/build-manifest.json,sprite/families/playable-characters/6102-dwarf-male-fighter/sw1h01-wqss0/source/manifest.json,built-pending-ingame-qa,pending,historical,,verified,present,verified,no,
sprites:sprite/families/playable-characters/6102-dwarf-male-fighter/wings01-wqszw/runs/xbr2x-x2,sprites,dwarf-male-fighter-wings01-wqszw-xbr2x,1,sprites:family:0x6102:helmet:item-animation-code:ZW:WQSZW,sprite/families/playable-characters/6102-dwarf-male-fighter/wings01-wqszw/runs/xbr2x-x2,sprite-build,sprite/families/playable-characters/6102-dwarf-male-fighter/wings01-wqszw/runs/xbr2x-x2/build/build-manifest.json,sprite/families/playable-characters/6102-dwarf-male-fighter/wings01-wqszw/source/manifest.json,built-pending-ingame-qa,pending,historical,,verified,present,verified,no,
sprites:sprite/families/playable-characters/6110-human-female-fighter/aegis-wqnwh/runs/xbr2x-x2,sprites,human-female-fighter-aegis-wqnwh-xbr2x,1,sprites:family:0x6110:weapon:item-animation-code:WH:WQNWH,sprite/families/playable-characters/6110-human-female-fighter/aegis-wqnwh/runs/xbr2x-x2,sprite-build,sprite/families/playable-characters/6110-human-female-fighter/aegis-wqnwh/runs/xbr2x-x2/build/build-manifest.json,sprite/families/playable-characters/6110-human-female-fighter/aegis-wqnwh/source/manifest.json,built-pending-ingame-qa,pending,historical,,verified,present,verified,no,
sprites:sprite/families/playable-characters/6110-human-female-fighter/arropheo-wqnbw/runs/xbr2x-x2,sprites,human-female-fighter-arropheo-wqnbw-xbr2x,1,sprites:family:0x6110:weapon:item-animation-code:BW:WQNBW,sprite/families/playable-characters/6110-human-female-fighter/arropheo-wqnbw/runs/xbr2x-x2,sprite-build,sprite/families/playable-characters/6110-human-female-fighter/arropheo-wqnbw/runs/xbr2x-x2/build/build-manifest.json,sprite/families/playable-characters/6110-human-female-fighter/arropheo-wqnbw/source/manifest.json,built-pending-ingame-qa,pending,historical,,verified,present,verified,no,
sprites:sprite/families/playable-characters/6110-human-female-fighter/ax1h01-wqnax/runs/xbr2x-x2,sprites,human-female-fighter-ax1h01-wqnax-xbr2x,1,sprites:family:0x6110:weapon:item-animation-code:AX:WQNAX,sprite/families/playable-characters/6110-human-female-fighter/ax1h01-wqnax/runs/xbr2x-x2,sprite-build,sprite/families/playable-characters/6110-human-female-fighter/ax1h01-wqnax/runs/xbr2x-x2/build/build-manifest.json,sprite/families/playable-characters/6110-human-female-fighter/ax1h01-wqnax/source/manifest.json,built-pending-ingame-qa,pending,historical,,verified,present,verified,no,
sprites:sprite/families/playable-characters/6110-human-female-fighter/barlfl-wqnfl/runs/xbr2x-x2,sprites,human-female-fighter-barlfl-wqnfl-xbr2x,1,sprites:family:0x6110:weapon:item-animation-code:FL:WQNFL,sprite/families/playable-characters/6110-human-female-fighter/barlfl-wqnfl/runs/xbr2x-x2,sprite-build,sprite/families/playable-characters/6110-human-female-fighter/barlfl-wqnfl/runs/xbr2x-x2/build/build-manifest.json,sprite/families/playable-characters/6110-human-female-fighter/barlfl-wqnfl/source/manifest.json,built-pending-ingame-qa,pending,historical,,verified,present,verified,no,
sprites:sprite/families/playable-characters/6110-human-female-fighter/bdhelm09-wqnh0/runs/xbr2x-x2,sprites,human-female-fighter-bdhelm09-wqnh0-xbr2x,1,sprites:family:0x6110:helmet:item-animation-code:H0:WQNH0,sprite/families/playable-characters/6110-human-female-fighter/bdhelm09-wqnh0/runs/xbr2x-x2,sprite-build,sprite/families/playable-characters/6110-human-female-fighter/bdhelm09-wqnh0/runs/xbr2x-x2/build/build-manifest.json,sprite/families/playable-characters/6110-human-female-fighter/bdhelm09-wqnh0/source/manifest.json,built-pending-ingame-qa,pending,historical,,verified,present,verified,no,
sprites:sprite/families/playable-characters/6110-human-female-fighter/bdhelm16-wqnjb/runs/xbr2x-x2,sprites,human-female-fighter-bdhelm16-wqnjb-xbr2x,1,sprites:family:0x6110:helmet:item-animation-code:JB:WQNJB,sprite/families/playable-characters/6110-human-female-fighter/bdhelm16-wqnjb/runs/xbr2x-x2,sprite-build,sprite/families/playable-characters/6110-human-female-fighter/bdhelm16-wqnjb/runs/xbr2x-x2/build/build-manifest.json,sprite/families/playable-characters/6110-human-female-fighter/bdhelm16-wqnjb/source/manifest.json,built-pending-ingame-qa,pending,historical,,verified,present,verified,no,
sprites:sprite/families/playable-characters/6110-human-female-fighter/bdshld01-wqnd1/runs/xbr2x-x2,sprites,human-female-fighter-bdshld01-wqnd1-xbr2x,1,sprites:family:0x6110:shield:item-animation-code:D1:WQND1,sprite/families/playable-characters/6110-human-female-fighter/bdshld01-wqnd1/runs/xbr2x-x2,sprite-build,sprite/families/playable-characters/6110-human-female-fighter/bdshld01-wqnd1/runs/xbr2x-x2/build/build-manifest.json,sprite/families/playable-characters/6110-human-female-fighter/bdshld01-wqnd1/source/manifest.json,built-pending-ingame-qa,pending,historical,,verified,present,verified,no,
sprites:sprite/families/playable-characters/6110-human-female-fighter/bdsw1h06-wqns1/runs/xbr2x-x2,sprites,human-female-fighter-bdsw1h06-wqns1-xbr2x,1,sprites:family:0x6110:weapon:item-animation-code:S1:WQNS1,sprite/families/playable-characters/6110-human-female-fighter/bdsw1h06-wqns1/runs/xbr2x-x2,sprite-build,sprite/families/playable-characters/6110-human-female-fighter/bdsw1h06-wqns1/runs/xbr2x-x2/build/build-manifest.json,sprite/families/playable-characters/6110-human-female-fighter/bdsw1h06-wqns1/source/manifest.json,built-pending-ingame-qa,pending,historical,,verified,present,verified,no,
sprites:sprite/families/playable-characters/6110-human-female-fighter/bdsw2h01-wqns2/runs/xbr2x-x2,sprites,human-female-fighter-bdsw2h01-wqns2-xbr2x,1,sprites:family:0x6110:weapon:item-animation-code:S2:WQNS2,sprite/families/playable-characters/6110-human-female-fighter/bdsw2h01-wqns2/runs/xbr2x-x2,sprite-build,sprite/families/playable-characters/6110-human-female-fighter/bdsw2h01-wqns2/runs/xbr2x-x2/build/build-manifest.json,sprite/families/playable-characters/6110-human-female-fighter/bdsw2h01-wqns2/source/manifest.json,built-pending-ingame-qa,pending,historical,,verified,present,verified,no,
sprites:sprite/families/playable-characters/6110-human-female-fighter/bearspir-wqnh6/runs/xbr2x-x2,sprites,human-female-fighter-bearspir-wqnh6-xbr2x,1,sprites:family:0x6110:weapon:item-animation-code:H6:WQNH6,sprite/families/playable-characters/6110-human-female-fighter/bearspir-wqnh6/runs/xbr2x-x2,sprite-build,sprite/families/playable-characters/6110-human-female-fighter/bearspir-wqnh6/runs/xbr2x-x2/build/build-manifest.json,sprite/families/playable-characters/6110-human-female-fighter/bearspir-wqnh6/source/manifest.json,built-pending-ingame-qa,pending,historical,,verified,present,verified,no,
sprites:sprite/families/playable-characters/6110-human-female-fighter/blun01-wqncl/runs/xbr2x-x2,sprites,human-female-fighter-blun01-wqncl-xbr2x,1,sprites:family:0x6110:weapon:item-animation-code:CL:WQNCL,sprite/families/playable-characters/6110-human-female-fighter/blun01-wqncl/runs/xbr2x-x2,sprite-build,sprite/families/playable-characters/6110-human-female-fighter/blun01-wqncl/runs/xbr2x-x2/build/build-manifest.json,sprite/families/playable-characters/6110-human-female-fighter/blun01-wqncl/source/manifest.json,built-pending-ingame-qa,pending,historical,,verified,present,verified,no,
sprites:sprite/families/playable-characters/6110-human-female-fighter/blun04-wqnmc/runs/xbr2x-x2,sprites,human-female-fighter-blun04-wqnmc-xbr2x,1,sprites:family:0x6110:weapon:item-animation-code:MC:WQNMC,sprite/families/playable-characters/6110-human-female-fighter/blun04-wqnmc/runs/xbr2x-x2,sprite-build,sprite/families/playable-characters/6110-human-female-fighter/blun04-wqnmc/runs/xbr2x-x2/build/build-manifest.json,sprite/families/playable-characters/6110-human-female-fighter/blun04-wqnmc/source/manifest.json,built-pending-ingame-qa,pending,historical,,verified,present,verified,no,
sprites:sprite/families/playable-characters/6110-human-female-fighter/blun06-wqnms/runs/xbr2x-x2,sprites,human-female-fighter-blun06-wqnms-xbr2x,1,sprites:family:0x6110:weapon:item-animation-code:MS:WQNMS,sprite/families/playable-characters/6110-human-female-fighter/blun06-wqnms/runs/xbr2x-x2,sprite-build,sprite/families/playable-characters/6110-human-female-fighter/blun06-wqnms/runs/xbr2x-x2/build/build-manifest.json,sprite/families/playable-characters/6110-human-female-fighter/blun06-wqnms/source/manifest.json,built-pending-ingame-qa,pending,historical,,verified,present,verified,no,
sprites:sprite/families/playable-characters/6110-human-female-fighter/blun12-wqnm2/runs/xbr2x-x2,sprites,human-female-fighter-blun12-wqnm2-xbr2x,1,sprites:family:0x6110:weapon:item-animation-code:M2:WQNM2,sprite/families/playable-characters/6110-human-female-fighter/blun12-wqnm2/runs/xbr2x-x2,sprite-build,sprite/families/playable-characters/6110-human-female-fighter/blun12-wqnm2/runs/xbr2x-x2/build/build-manifest.json,sprite/families/playable-characters/6110-human-female-fighter/blun12-wqnm2/source/manifest.json,built-pending-ingame-qa,pending,historical,,verified,present,verified,no,
sprites:sprite/families/playable-characters/6110-human-female-fighter/blun13-wqnf0/runs/xbr2x-x2,sprites,human-female-fighter-blun13-wqnf0-xbr2x,1,sprites:family:0x6110:weapon:item-animation-code:F0:WQNF0,sprite/families/playable-characters/6110-human-female-fighter/blun13-wqnf0/runs/xbr2x-x2,sprite-build,sprite/families/playable-characters/6110-human-female-fighter/blun13-wqnf0/runs/xbr2x-x2/build/build-manifest.json,sprite/families/playable-characters/6110-human-female-fighter/blun13-wqnf0/source/manifest.json,built-pending-ingame-qa,pending,historical,,verified,present,verified,no,
sprites:sprite/families/playable-characters/6110-human-female-fighter/blun14-wqnf3/runs/xbr2x-x2,sprites,human-female-fighter-blun14-wqnf3-xbr2x,1,sprites:family:0x6110:weapon:item-animation-code:F3:WQNF3,sprite/families/playable-characters/6110-human-female-fighter/blun14-wqnf3/runs/xbr2x-x2,sprite-build,sprite/families/playable-characters/6110-human-female-fighter/blun14-wqnf3/runs/xbr2x-x2/build/build-manifest.json,sprite/families/playable-characters/6110-human-female-fighter/blun14-wqnf3/source/manifest.json,built-pending-ingame-qa,pending,historical,,verified,present,verified,no,
sprites:sprite/families/playable-characters/6110-human-female-fighter/blun14d-wqnf1/runs/xbr2x-x2,sprites,human-female-fighter-blun14d-wqnf1-xbr2x,1,sprites:family:0x6110:weapon:item-animation-code:F1:WQNF1,sprite/families/playable-characters/6110-human-female-fighter/blun14d-wqnf1/runs/xbr2x-x2,sprite-build,sprite/families/playable-characters/6110-human-female-fighter/blun14d-wqnf1/runs/xbr2x-x2/build/build-manifest.json,sprite/families/playable-characters/6110-human-female-fighter/blun14d-wqnf1/source/manifest.json,built-pending-ingame-qa,pending,historical,,verified,present,verified,no,
sprites:sprite/families/playable-characters/6110-human-female-fighter/bow05-wqnbs/runs/xbr2x-x2,sprites,human-female-fighter-bow05-wqnbs-xbr2x,1,sprites:family:0x6110:weapon:item-animation-code:BS:WQNBS,sprite/families/playable-characters/6110-human-female-fighter/bow05-wqnbs/runs/xbr2x-x2,sprite-build,sprite/families/playable-characters/6110-human-female-fighter/bow05-wqnbs/runs/xbr2x-x2/build/build-manifest.json,sprite/families/playable-characters/6110-human-female-fighter/bow05-wqnbs/source/manifest.json,built-pending-ingame-qa,pending,historical,,verified,present,verified,no,
sprites:sprite/families/playable-characters/6110-human-female-fighter/cdnebdag-wqndd/runs/xbr2x-x2,sprites,human-female-fighter-cdnebdag-wqndd-xbr2x,1,sprites:family:0x6110:weapon:item-animation-code:DD:WQNDD,sprite/families/playable-characters/6110-human-female-fighter/cdnebdag-wqndd/runs/xbr2x-x2,sprite-build,sprite/families/playable-characters/6110-human-female-fighter/cdnebdag-wqndd/runs/xbr2x-x2/build/build-manifest.json,sprite/families/playable-characters/6110-human-female-fighter/cdnebdag-wqndd/source/manifest.json,built-pending-ingame-qa,pending,historical,,verified,present,verified,no,
sprites:sprite/families/playable-characters/6110-human-female-fighter/chalcy1-wqnss/runs/xbr2x-x2,sprites,human-female-fighter-chalcy1-wqnss-xbr2x,1,sprites:family:0x6110:weapon:item-animation-code:SS:WQNSS,sprite/families/playable-characters/6110-human-female-fighter/chalcy1-wqnss/runs/xbr2x-x2,sprite-build,sprite/families/playable-characters/6110-human-female-fighter/chalcy1-wqnss/runs/xbr2x-x2/build/build-manifest.json,sprite/families/playable-characters/6110-human-female-fighter/chalcy1-wqnss/source/manifest.json,built-pending-ingame-qa,pending,historical,,verified,present,verified,no,
sprites:sprite/families/playable-characters/6110-human-female-fighter/chalhelm-wqnj1/runs/xbr2x-x2,sprites,human-female-fighter-chalhelm-wqnj1-xbr2x,1,sprites:family:0x6110:helmet:item-animation-code:J1:WQNJ1,sprite/families/playable-characters/6110-human-female-fighter/chalhelm-wqnj1/runs/xbr2x-x2,sprite-build,sprite/families/playable-characters/6110-human-female-fighter/chalhelm-wqnj1/runs/xbr2x-x2/build/build-manifest.json,sprite/families/playable-characters/6110-human-female-fighter/chalhelm-wqnj1/source/manifest.json,built-pending-ingame-qa,pending,historical,,verified,present,verified,no,
sprites:sprite/families/playable-characters/6110-human-female-fighter/chalshld-wqnc3/runs/xbr2x-x2,sprites,human-female-fighter-chalshld-wqnc3-xbr2x,1,sprites:family:0x6110:shield:item-animation-code:C3:WQNC3,sprite/families/playable-characters/6110-human-female-fighter/chalshld-wqnc3/runs/xbr2x-x2,sprite-build,sprite/families/playable-characters/6110-human-female-fighter/chalshld-wqnc3/runs/xbr2x-x2/build/build-manifest.json,sprite/families/playable-characters/6110-human-female-fighter/chalshld-wqnc3/source/manifest.json,built-pending-ingame-qa,pending,historical,,verified,present,verified,no,
sprites:sprite/families/playable-characters/6110-human-female-fighter/chfb1/runs/xbr2x-x2,sprites,human-female-fighter-chfb1-xbr2x,1,sprites:family:0x6110:body:armor-code:1:CHFB1,sprite/families/playable-characters/6110-human-female-fighter/chfb1/runs/xbr2x-x2,sprite-build,sprite/families/playable-characters/6110-human-female-fighter/chfb1/runs/xbr2x-x2/build/build-manifest.json,sprite/families/playable-characters/6110-human-female-fighter/chfb1/source/manifest.json,built-pending-ingame-qa,pending,historical,,verified,present,verified,no,
sprites:sprite/families/playable-characters/6110-human-female-fighter/chfb2/runs/xbr2x-x2,sprites,human-female-fighter-chfb2-xbr2x,1,sprites:family:0x6110:body:armor-code:2:CHFB2,sprite/families/playable-characters/6110-human-female-fighter/chfb2/runs/xbr2x-x2,sprite-build,sprite/families/playable-characters/6110-human-female-fighter/chfb2/runs/xbr2x-x2/build/build-manifest.json,sprite/families/playable-characters/6110-human-female-fighter/chfb2/source/manifest.json,built-pending-ingame-qa,pending,historical,,verified,present,verified,no,
sprites:sprite/families/playable-characters/6110-human-female-fighter/chfb3/runs/xbr2x-x2,sprites,human-female-fighter-chfb3-xbr2x,1,sprites:family:0x6110:body:armor-code:3:CHFB3,sprite/families/playable-characters/6110-human-female-fighter/chfb3/runs/xbr2x-x2,sprite-build,sprite/families/playable-characters/6110-human-female-fighter/chfb3/runs/xbr2x-x2/build/build-manifest.json,sprite/families/playable-characters/6110-human-female-fighter/chfb3/source/manifest.json,built-pending-ingame-qa,pending,historical,,verified,present,verified,no,
sprites:sprite/families/playable-characters/6110-human-female-fighter/chff4/runs/xbr2x-x2,sprites,human-female-fighter-chff4-xbr2x,1,sprites:family:0x6110:body:armor-code:4:CHFF4,sprite/families/playable-characters/6110-human-female-fighter/chff4/runs/xbr2x-x2,sprite-build,sprite/families/playable-characters/6110-human-female-fighter/chff4/runs/xbr2x-x2/build/build-manifest.json,sprite/families/playable-characters/6110-human-female-fighter/chff4/source/manifest.json,built-pending-ingame-qa,pending,historical,,verified,present,verified,no,
sprites:sprite/families/playable-characters/6110-human-female-fighter/compon05-wqnj9/runs/xbr2x-x2,sprites,human-female-fighter-compon05-wqnj9-xbr2x,1,sprites:family:0x6110:helmet:item-animation-code:J9:WQNJ9,sprite/families/playable-characters/6110-human-female-fighter/compon05-wqnj9/runs/xbr2x-x2,sprite-build,sprite/families/playable-characters/6110-human-female-fighter/compon05-wqnj9/runs/xbr2x-x2/build/build-manifest.json,sprite/families/playable-characters/6110-human-female-fighter/compon05-wqnj9/source/manifest.json,built-pending-ingame-qa,pending,historical,,verified,present,verified,no,
sprites:sprite/families/playable-characters/6110-human-female-fighter/comps39-wqnfs/runs/xbr2x-x2,sprites,human-female-fighter-comps39-wqnfs-xbr2x,1,sprites:family:0x6110:weapon:item-animation-code:FS:WQNFS,sprite/families/playable-characters/6110-human-female-fighter/comps39-wqnfs/runs/xbr2x-x2,sprite-build,sprite/families/playable-characters/6110-human-female-fighter/comps39-wqnfs/runs/xbr2x-x2/build/build-manifest.json,sprite/families/playable-characters/6110-human-female-fighter/comps39-wqnfs/source/manifest.json,built-pending-ingame-qa,pending,historical,,verified,present,verified,no,
sprites:sprite/families/playable-characters/6110-human-female-fighter/dhelm01-wqnh2/runs/xbr2x-x2,sprites,human-female-fighter-dhelm01-wqnh2-xbr2x,1,sprites:family:0x6110:helmet:item-animation-code:H2:WQNH2,sprite/families/playable-characters/6110-human-female-fighter/dhelm01-wqnh2/runs/xbr2x-x2,sprite-build,sprite/families/playable-characters/6110-human-female-fighter/dhelm01-wqnh2/runs/xbr2x-x2/build/build-manifest.json,sprite/families/playable-characters/6110-human-female-fighter/dhelm01-wqnh2/source/manifest.json,built-pending-ingame-qa,pending,historical,,verified,present,verified,no,
sprites:sprite/families/playable-characters/6110-human-female-fighter/dshld01-wqnd2/runs/xbr2x-x2,sprites,human-female-fighter-dshld01-wqnd2-xbr2x,1,sprites:family:0x6110:shield:item-animation-code:D2:WQND2,sprite/families/playable-characters/6110-human-female-fighter/dshld01-wqnd2/runs/xbr2x-x2,sprite-build,sprite/families/playable-characters/6110-human-female-fighter/dshld01-wqnd2/runs/xbr2x-x2/build/build-manifest.json,sprite/families/playable-characters/6110-human-female-fighter/dshld01-wqnd2/source/manifest.json,built-pending-ingame-qa,pending,historical,,verified,present,verified,no,
sprites:sprite/families/playable-characters/6110-human-female-fighter/dwhalb01-wqnhb/runs/xbr2x-x2,sprites,human-female-fighter-dwhalb01-wqnhb-xbr2x,1,sprites:family:0x6110:weapon:item-animation-code:HB:WQNHB,sprite/families/playable-characters/6110-human-female-fighter/dwhalb01-wqnhb/runs/xbr2x-x2,sprite-build,sprite/families/playable-characters/6110-human-female-fighter/dwhalb01-wqnhb/runs/xbr2x-x2/build/build-manifest.json,sprite/families/playable-characters/6110-human-female-fighter/dwhalb01-wqnhb/source/manifest.json,built-pending-ingame-qa,pending,historical,,verified,present,verified,no,
sprites:sprite/families/playable-characters/6110-human-female-fighter/dwshld01-wqnc7/runs/xbr2x-x2,sprites,human-female-fighter-dwshld01-wqnc7-xbr2x,1,sprites:family:0x6110:shield:item-animation-code:C7:WQNC7,sprite/families/playable-characters/6110-human-female-fighter/dwshld01-wqnc7/runs/xbr2x-x2,sprite-build,sprite/families/playable-characters/6110-human-female-fighter/dwshld01-wqnc7/runs/xbr2x-x2/build/build-manifest.json,sprite/families/playable-characters/6110-human-female-fighter/dwshld01-wqnc7/source/manifest.json,built-pending-ingame-qa,pending,historical,,verified,present,verified,no,
sprites:sprite/families/playable-characters/6110-human-female-fighter/dwsper01-wqnsp/runs/xbr2x-x2,sprites,human-female-fighter-dwsper01-wqnsp-xbr2x,1,sprites:family:0x6110:weapon:item-animation-code:SP:WQNSP,sprite/families/playable-characters/6110-human-female-fighter/dwsper01-wqnsp/runs/xbr2x-x2,sprite-build,sprite/families/playable-characters/6110-human-female-fighter/dwsper01-wqnsp/runs/xbr2x-x2/build/build-manifest.json,sprite/families/playable-characters/6110-human-female-fighter/dwsper01-wqnsp/source/manifest.json,built-pending-ingame-qa,pending,historical,,verified,present,verified,no,
sprites:sprite/families/playable-characters/6110-human-female-fighter/dwsw1h01-wqnsc/runs/xbr2x-x2,sprites,human-female-fighter-dwsw1h01-wqnsc-xbr2x,1,sprites:family:0x6110:weapon:item-animation-code:SC:WQNSC,sprite/families/playable-characters/6110-human-female-fighter/dwsw1h01-wqnsc/runs/xbr2x-x2,sprite-build,sprite/families/playable-characters/6110-human-female-fighter/dwsw1h01-wqnsc/runs/xbr2x-x2/build/build-manifest.json,sprite/families/playable-characters/6110-human-female-fighter/dwsw1h01-wqnsc/source/manifest.json,built-pending-ingame-qa,pending,historical,,verified,present,verified,no,
sprites:sprite/families/playable-characters/6110-human-female-fighter/dwxbow01-wqncb/runs/xbr2x-x2,sprites,human-female-fighter-dwxbow01-wqncb-xbr2x,1,sprites:family:0x6110:weapon:item-animation-code:CB:WQNCB,sprite/families/playable-characters/6110-human-female-fighter/dwxbow01-wqncb/runs/xbr2x-x2,sprite-build,sprite/families/playable-characters/6110-human-female-fighter/dwxbow01-wqncb/runs/xbr2x-x2/build/build-manifest.json,sprite/families/playable-characters/6110-human-female-fighter/dwxbow01-wqncb/source/manifest.json,built-pending-ingame-qa,pending,historical,,verified,present,verified,no,
sprites:sprite/families/playable-characters/6110-human-female-fighter/enstaff-wqnqs/runs/xbr2x-x2,sprites,human-female-fighter-enstaff-wqnqs-xbr2x,1,sprites:family:0x6110:weapon:item-animation-code:QS:WQNQS,sprite/families/playable-characters/6110-human-female-fighter/enstaff-wqnqs/runs/xbr2x-x2,sprite-build,sprite/families/playable-characters/6110-human-female-fighter/enstaff-wqnqs/runs/xbr2x-x2/build/build-manifest.json,sprite/families/playable-characters/6110-human-female-fighter/enstaff-wqnqs/source/manifest.json,built-pending-ingame-qa,pending,historical,,verified,present,verified,no,
sprites:sprite/families/playable-characters/6110-human-female-fighter/family-runs/armor-set/runs/xbr2x-x2,sprites,human-female-fighter-armor-set-xbr2x,66,sprites:family:0x6110:body:armor-code:1:CHFB1 | sprites:family:0x6110:body:armor-code:2:CHFB2 | sprites:family:0x6110:body:armor-code:3:CHFB3 | sprites:family:0x6110:body:armor-code:4:CHFF4 | sprites:family:0x6110:helmet:item-animation-code:H0:WQNH0 | sprites:family:0x6110:helmet:item-animation-code:H1:WQNH1 | sprites:family:0x6110:helmet:item-animation-code:H2:WQNH2 | sprites:family:0x6110:helmet:item-animation-code:H5:WQNH5 | sprites:family:0x6110:helmet:item-animation-code:J0:WQNJ0 | sprites:family:0x6110:helmet:item-animation-code:J1:WQNJ1 | sprites:family:0x6110:helmet:item-animation-code:J2:WQNJ2 | sprites:family:0x6110:helmet:item-animation-code:J3:WQNJ3 | sprites:family:0x6110:helmet:item-animation-code:J4:WQNJ4 | sprites:family:0x6110:helmet:item-animation-code:J5:WQNJ5 | sprites:family:0x6110:helmet:item-animation-code:J6:WQNJ6 | sprites:family:0x6110:helmet:item-animation-code:J7:WQNJ7 | sprites:family:0x6110:helmet:item-animation-code:J8:WQNJ8 | sprites:family:0x6110:helmet:item-animation-code:J9:WQNJ9 | sprites:family:0x6110:helmet:item-animation-code:JA:WQNJA | sprites:family:0x6110:helmet:item-animation-code:JB:WQNJB | sprites:family:0x6110:helmet:item-animation-code:JC:WQNJC | sprites:family:0x6110:helmet:item-animation-code:YW:WQNYW | sprites:family:0x6110:helmet:item-animation-code:ZW:WQNZW | sprites:family:0x6110:shield:item-animation-code:C0:WQNC0 | sprites:family:0x6110:shield:item-animation-code:C1:WQNC1 | sprites:family:0x6110:shield:item-animation-code:C2:WQNC2 | sprites:family:0x6110:shield:item-animation-code:C3:WQNC3 | sprites:family:0x6110:shield:item-animation-code:C4:WQNC4 | sprites:family:0x6110:shield:item-animation-code:C5:WQNC5 | sprites:family:0x6110:shield:item-animation-code:C6:WQNC6 | sprites:family:0x6110:shield:item-animation-code:C7:WQNC7 | sprites:family:0x6110:shield:item-animation-code:D1:WQND1 | sprites:family:0x6110:shield:item-animation-code:D2:WQND2 | sprites:family:0x6110:shield:item-animation-code:D3:WQND3 | sprites:family:0x6110:shield:item-animation-code:D4:WQND4 | sprites:family:0x6110:weapon:item-animation-code:AX:WQNAX | sprites:family:0x6110:weapon:item-animation-code:BS:WQNBS | sprites:family:0x6110:weapon:item-animation-code:BW:WQNBW | sprites:family:0x6110:weapon:item-animation-code:CB:WQNCB | sprites:family:0x6110:weapon:item-animation-code:CL:WQNCL | sprites:family:0x6110:weapon:item-animation-code:DD:WQNDD | sprites:family:0x6110:weapon:item-animation-code:F0:WQNF0 | sprites:family:0x6110:weapon:item-animation-code:F1:WQNF1 | sprites:family:0x6110:weapon:item-animation-code:F2:WQNF2 | sprites:family:0x6110:weapon:item-animation-code:F3:WQNF3 | sprites:family:0x6110:weapon:item-animation-code:FL:WQNFL | sprites:family:0x6110:weapon:item-animation-code:FS:WQNFS | sprites:family:0x6110:weapon:item-animation-code:GS:WQNGS | sprites:family:0x6110:weapon:item-animation-code:H6:WQNH6 | sprites:family:0x6110:weapon:item-animation-code:HB:WQNHB | sprites:family:0x6110:weapon:item-animation-code:M2:WQNM2 | sprites:family:0x6110:weapon:item-animation-code:MC:WQNMC | sprites:family:0x6110:weapon:item-animation-code:MS:WQNMS | sprites:family:0x6110:weapon:item-animation-code:Q2:WQNQ2 | sprites:family:0x6110:weapon:item-animation-code:Q3:WQNQ3 | sprites:family:0x6110:weapon:item-animation-code:Q4:WQNQ4 | sprites:family:0x6110:weapon:item-animation-code:QS:WQNQS | sprites:family:0x6110:weapon:item-animation-code:S0:WQNS0 | sprites:family:0x6110:weapon:item-animation-code:S1:WQNS1 | sprites:family:0x6110:weapon:item-animation-code:S2:WQNS2 | sprites:family:0x6110:weapon:item-animation-code:S3:WQNS3 | sprites:family:0x6110:weapon:item-animation-code:SC:WQNSC | sprites:family:0x6110:weapon:item-animation-code:SL:WQNSL | sprites:family:0x6110:weapon:item-animation-code:SP:WQNSP | sprites:family:0x6110:weapon:item-animation-code:SS:WQNSS | sprites:family:0x6110:weapon:item-animation-code:WH:WQNWH,sprite/families/playable-characters/6110-human-female-fighter/family-runs/armor-set/runs/xbr2x-x2,sprite-build,sprite/families/playable-characters/6110-human-female-fighter/family-runs/armor-set/runs/xbr2x-x2/build/build-manifest.json,,built-pending-ingame-qa,pending,historical,,documented,present,partial,no,
sprites:sprite/families/playable-characters/6110-human-female-fighter/family-runs/character-set/runs/xbr2x-x2,sprites,human-female-fighter-character-set-xbr2x,66,sprites:family:0x6110:body:armor-code:1:CHFB1 | sprites:family:0x6110:body:armor-code:2:CHFB2 | sprites:family:0x6110:body:armor-code:3:CHFB3 | sprites:family:0x6110:body:armor-code:4:CHFF4 | sprites:family:0x6110:helmet:item-animation-code:H0:WQNH0 | sprites:family:0x6110:helmet:item-animation-code:H1:WQNH1 | sprites:family:0x6110:helmet:item-animation-code:H2:WQNH2 | sprites:family:0x6110:helmet:item-animation-code:H5:WQNH5 | sprites:family:0x6110:helmet:item-animation-code:J0:WQNJ0 | sprites:family:0x6110:helmet:item-animation-code:J1:WQNJ1 | sprites:family:0x6110:helmet:item-animation-code:J2:WQNJ2 | sprites:family:0x6110:helmet:item-animation-code:J3:WQNJ3 | sprites:family:0x6110:helmet:item-animation-code:J4:WQNJ4 | sprites:family:0x6110:helmet:item-animation-code:J5:WQNJ5 | sprites:family:0x6110:helmet:item-animation-code:J6:WQNJ6 | sprites:family:0x6110:helmet:item-animation-code:J7:WQNJ7 | sprites:family:0x6110:helmet:item-animation-code:J8:WQNJ8 | sprites:family:0x6110:helmet:item-animation-code:J9:WQNJ9 | sprites:family:0x6110:helmet:item-animation-code:JA:WQNJA | sprites:family:0x6110:helmet:item-animation-code:JB:WQNJB | sprites:family:0x6110:helmet:item-animation-code:JC:WQNJC | sprites:family:0x6110:helmet:item-animation-code:YW:WQNYW | sprites:family:0x6110:helmet:item-animation-code:ZW:WQNZW | sprites:family:0x6110:shield:item-animation-code:C0:WQNC0 | sprites:family:0x6110:shield:item-animation-code:C1:WQNC1 | sprites:family:0x6110:shield:item-animation-code:C2:WQNC2 | sprites:family:0x6110:shield:item-animation-code:C3:WQNC3 | sprites:family:0x6110:shield:item-animation-code:C4:WQNC4 | sprites:family:0x6110:shield:item-animation-code:C5:WQNC5 | sprites:family:0x6110:shield:item-animation-code:C6:WQNC6 | sprites:family:0x6110:shield:item-animation-code:C7:WQNC7 | sprites:family:0x6110:shield:item-animation-code:D1:WQND1 | sprites:family:0x6110:shield:item-animation-code:D2:WQND2 | sprites:family:0x6110:shield:item-animation-code:D3:WQND3 | sprites:family:0x6110:shield:item-animation-code:D4:WQND4 | sprites:family:0x6110:weapon:item-animation-code:AX:WQNAX | sprites:family:0x6110:weapon:item-animation-code:BS:WQNBS | sprites:family:0x6110:weapon:item-animation-code:BW:WQNBW | sprites:family:0x6110:weapon:item-animation-code:CB:WQNCB | sprites:family:0x6110:weapon:item-animation-code:CL:WQNCL | sprites:family:0x6110:weapon:item-animation-code:DD:WQNDD | sprites:family:0x6110:weapon:item-animation-code:F0:WQNF0 | sprites:family:0x6110:weapon:item-animation-code:F1:WQNF1 | sprites:family:0x6110:weapon:item-animation-code:F2:WQNF2 | sprites:family:0x6110:weapon:item-animation-code:F3:WQNF3 | sprites:family:0x6110:weapon:item-animation-code:FL:WQNFL | sprites:family:0x6110:weapon:item-animation-code:FS:WQNFS | sprites:family:0x6110:weapon:item-animation-code:GS:WQNGS | sprites:family:0x6110:weapon:item-animation-code:H6:WQNH6 | sprites:family:0x6110:weapon:item-animation-code:HB:WQNHB | sprites:family:0x6110:weapon:item-animation-code:M2:WQNM2 | sprites:family:0x6110:weapon:item-animation-code:MC:WQNMC | sprites:family:0x6110:weapon:item-animation-code:MS:WQNMS | sprites:family:0x6110:weapon:item-animation-code:Q2:WQNQ2 | sprites:family:0x6110:weapon:item-animation-code:Q3:WQNQ3 | sprites:family:0x6110:weapon:item-animation-code:Q4:WQNQ4 | sprites:family:0x6110:weapon:item-animation-code:QS:WQNQS | sprites:family:0x6110:weapon:item-animation-code:S0:WQNS0 | sprites:family:0x6110:weapon:item-animation-code:S1:WQNS1 | sprites:family:0x6110:weapon:item-animation-code:S2:WQNS2 | sprites:family:0x6110:weapon:item-animation-code:S3:WQNS3 | sprites:family:0x6110:weapon:item-animation-code:SC:WQNSC | sprites:family:0x6110:weapon:item-animation-code:SL:WQNSL | sprites:family:0x6110:weapon:item-animation-code:SP:WQNSP | sprites:family:0x6110:weapon:item-animation-code:SS:WQNSS | sprites:family:0x6110:weapon:item-animation-code:WH:WQNWH,sprite/families/playable-characters/6110-human-female-fighter/family-runs/character-set/runs/xbr2x-x2,sprite-build,sprite/families/playable-characters/6110-human-female-fighter/family-runs/character-set/runs/xbr2x-x2/build/build-manifest.json,,built-pending-ingame-qa,pending,historical,,documented,present,partial,no,
sprites:sprite/families/playable-characters/6110-human-female-fighter/family-runs/complete-xn-xbr2x/runs/xbr2x-x2-xn,sprites,human-female-fighter-complete-xn-xbr2x,66,sprites:family:0x6110:body:armor-code:1:CHFB1 | sprites:family:0x6110:body:armor-code:2:CHFB2 | sprites:family:0x6110:body:armor-code:3:CHFB3 | sprites:family:0x6110:body:armor-code:4:CHFF4 | sprites:family:0x6110:helmet:item-animation-code:H0:WQNH0 | sprites:family:0x6110:helmet:item-animation-code:H1:WQNH1 | sprites:family:0x6110:helmet:item-animation-code:H2:WQNH2 | sprites:family:0x6110:helmet:item-animation-code:H5:WQNH5 | sprites:family:0x6110:helmet:item-animation-code:J0:WQNJ0 | sprites:family:0x6110:helmet:item-animation-code:J1:WQNJ1 | sprites:family:0x6110:helmet:item-animation-code:J2:WQNJ2 | sprites:family:0x6110:helmet:item-animation-code:J3:WQNJ3 | sprites:family:0x6110:helmet:item-animation-code:J4:WQNJ4 | sprites:family:0x6110:helmet:item-animation-code:J5:WQNJ5 | sprites:family:0x6110:helmet:item-animation-code:J6:WQNJ6 | sprites:family:0x6110:helmet:item-animation-code:J7:WQNJ7 | sprites:family:0x6110:helmet:item-animation-code:J8:WQNJ8 | sprites:family:0x6110:helmet:item-animation-code:J9:WQNJ9 | sprites:family:0x6110:helmet:item-animation-code:JA:WQNJA | sprites:family:0x6110:helmet:item-animation-code:JB:WQNJB | sprites:family:0x6110:helmet:item-animation-code:JC:WQNJC | sprites:family:0x6110:helmet:item-animation-code:YW:WQNYW | sprites:family:0x6110:helmet:item-animation-code:ZW:WQNZW | sprites:family:0x6110:shield:item-animation-code:C0:WQNC0 | sprites:family:0x6110:shield:item-animation-code:C1:WQNC1 | sprites:family:0x6110:shield:item-animation-code:C2:WQNC2 | sprites:family:0x6110:shield:item-animation-code:C3:WQNC3 | sprites:family:0x6110:shield:item-animation-code:C4:WQNC4 | sprites:family:0x6110:shield:item-animation-code:C5:WQNC5 | sprites:family:0x6110:shield:item-animation-code:C6:WQNC6 | sprites:family:0x6110:shield:item-animation-code:C7:WQNC7 | sprites:family:0x6110:shield:item-animation-code:D1:WQND1 | sprites:family:0x6110:shield:item-animation-code:D2:WQND2 | sprites:family:0x6110:shield:item-animation-code:D3:WQND3 | sprites:family:0x6110:shield:item-animation-code:D4:WQND4 | sprites:family:0x6110:weapon:item-animation-code:AX:WQNAX | sprites:family:0x6110:weapon:item-animation-code:BS:WQNBS | sprites:family:0x6110:weapon:item-animation-code:BW:WQNBW | sprites:family:0x6110:weapon:item-animation-code:CB:WQNCB | sprites:family:0x6110:weapon:item-animation-code:CL:WQNCL | sprites:family:0x6110:weapon:item-animation-code:DD:WQNDD | sprites:family:0x6110:weapon:item-animation-code:F0:WQNF0 | sprites:family:0x6110:weapon:item-animation-code:F1:WQNF1 | sprites:family:0x6110:weapon:item-animation-code:F2:WQNF2 | sprites:family:0x6110:weapon:item-animation-code:F3:WQNF3 | sprites:family:0x6110:weapon:item-animation-code:FL:WQNFL | sprites:family:0x6110:weapon:item-animation-code:FS:WQNFS | sprites:family:0x6110:weapon:item-animation-code:GS:WQNGS | sprites:family:0x6110:weapon:item-animation-code:H6:WQNH6 | sprites:family:0x6110:weapon:item-animation-code:HB:WQNHB | sprites:family:0x6110:weapon:item-animation-code:M2:WQNM2 | sprites:family:0x6110:weapon:item-animation-code:MC:WQNMC | sprites:family:0x6110:weapon:item-animation-code:MS:WQNMS | sprites:family:0x6110:weapon:item-animation-code:Q2:WQNQ2 | sprites:family:0x6110:weapon:item-animation-code:Q3:WQNQ3 | sprites:family:0x6110:weapon:item-animation-code:Q4:WQNQ4 | sprites:family:0x6110:weapon:item-animation-code:QS:WQNQS | sprites:family:0x6110:weapon:item-animation-code:S0:WQNS0 | sprites:family:0x6110:weapon:item-animation-code:S1:WQNS1 | sprites:family:0x6110:weapon:item-animation-code:S2:WQNS2 | sprites:family:0x6110:weapon:item-animation-code:S3:WQNS3 | sprites:family:0x6110:weapon:item-animation-code:SC:WQNSC | sprites:family:0x6110:weapon:item-animation-code:SL:WQNSL | sprites:family:0x6110:weapon:item-animation-code:SP:WQNSP | sprites:family:0x6110:weapon:item-animation-code:SS:WQNSS | sprites:family:0x6110:weapon:item-animation-code:WH:WQNWH,sprite/families/playable-characters/6110-human-female-fighter/family-runs/complete-xn-xbr2x/runs/xbr2x-x2-xn,sprite-build,sprite/families/playable-characters/6110-human-female-fighter/family-runs/complete-xn-xbr2x/runs/xbr2x-x2-xn/build/build-manifest.json,,built-pending-ingame-qa,pending,historical,,documented,present,partial,no,
sprites:sprite/families/playable-characters/6110-human-female-fighter/helm01-wqnj6/runs/xbr2x-x2,sprites,human-female-fighter-helm01-wqnj6-xbr2x,1,sprites:family:0x6110:helmet:item-animation-code:J6:WQNJ6,sprite/families/playable-characters/6110-human-female-fighter/helm01-wqnj6/runs/xbr2x-x2,sprite-build,sprite/families/playable-characters/6110-human-female-fighter/helm01-wqnj6/runs/xbr2x-x2/build/build-manifest.json,sprite/families/playable-characters/6110-human-female-fighter/helm01-wqnj6/source/manifest.json,built-pending-ingame-qa,pending,historical,,verified,present,verified,no,
sprites:sprite/families/playable-characters/6110-human-female-fighter/helm02-wqnj3/runs/xbr2x-x2,sprites,human-female-fighter-helm02-wqnj3-xbr2x,1,sprites:family:0x6110:helmet:item-animation-code:J3:WQNJ3,sprite/families/playable-characters/6110-human-female-fighter/helm02-wqnj3/runs/xbr2x-x2,sprite-build,sprite/families/playable-characters/6110-human-female-fighter/helm02-wqnj3/runs/xbr2x-x2/build/build-manifest.json,sprite/families/playable-characters/6110-human-female-fighter/helm02-wqnj3/source/manifest.json,built-pending-ingame-qa,pending,historical,,verified,present,verified,no,
sprites:sprite/families/playable-characters/6110-human-female-fighter/helm03-wqnj8/runs/xbr2x-x2,sprites,human-female-fighter-helm03-wqnj8-xbr2x,1,sprites:family:0x6110:helmet:item-animation-code:J8:WQNJ8,sprite/families/playable-characters/6110-human-female-fighter/helm03-wqnj8/runs/xbr2x-x2,sprite-build,sprite/families/playable-characters/6110-human-female-fighter/helm03-wqnj8/runs/xbr2x-x2/build/build-manifest.json,sprite/families/playable-characters/6110-human-female-fighter/helm03-wqnj8/source/manifest.json,built-pending-ingame-qa,pending,historical,,verified,present,verified,no,
sprites:sprite/families/playable-characters/6110-human-female-fighter/helm05-wqnja/runs/xbr2x-x2,sprites,human-female-fighter-helm05-wqnja-xbr2x,1,sprites:family:0x6110:helmet:item-animation-code:JA:WQNJA,sprite/families/playable-characters/6110-human-female-fighter/helm05-wqnja/runs/xbr2x-x2,sprite-build,sprite/families/playable-characters/6110-human-female-fighter/helm05-wqnja/runs/xbr2x-x2/build/build-manifest.json,sprite/families/playable-characters/6110-human-female-fighter/helm05-wqnja/source/manifest.json,built-pending-ingame-qa,pending,historical,,verified,present,verified,no,
sprites:sprite/families/playable-characters/6110-human-female-fighter/helm07-wqnj7/runs/xbr2x-x2,sprites,human-female-fighter-helm07-wqnj7-xbr2x,1,sprites:family:0x6110:helmet:item-animation-code:J7:WQNJ7,sprite/families/playable-characters/6110-human-female-fighter/helm07-wqnj7/runs/xbr2x-x2,sprite-build,sprite/families/playable-characters/6110-human-female-fighter/helm07-wqnj7/runs/xbr2x-x2/build/build-manifest.json,sprite/families/playable-characters/6110-human-female-fighter/helm07-wqnj7/source/manifest.json,built-pending-ingame-qa,pending,historical,,verified,present,verified,no,
sprites:sprite/families/playable-characters/6110-human-female-fighter/helm12-wqnjc/runs/xbr2x-x2,sprites,human-female-fighter-helm12-wqnjc-xbr2x,1,sprites:family:0x6110:helmet:item-animation-code:JC:WQNJC,sprite/families/playable-characters/6110-human-female-fighter/helm12-wqnjc/runs/xbr2x-x2,sprite-build,sprite/families/playable-characters/6110-human-female-fighter/helm12-wqnjc/runs/xbr2x-x2/build/build-manifest.json,sprite/families/playable-characters/6110-human-female-fighter/helm12-wqnjc/source/manifest.json,built-pending-ingame-qa,pending,historical,,verified,present,verified,no,
sprites:sprite/families/playable-characters/6110-human-female-fighter/helm13-wqnj5/runs/xbr2x-x2,sprites,human-female-fighter-helm13-wqnj5-xbr2x,1,sprites:family:0x6110:helmet:item-animation-code:J5:WQNJ5,sprite/families/playable-characters/6110-human-female-fighter/helm13-wqnj5/runs/xbr2x-x2,sprite-build,sprite/families/playable-characters/6110-human-female-fighter/helm13-wqnj5/runs/xbr2x-x2/build/build-manifest.json,sprite/families/playable-characters/6110-human-female-fighter/helm13-wqnj5/source/manifest.json,built-pending-ingame-qa,pending,historical,,verified,present,verified,no,
sprites:sprite/families/playable-characters/6110-human-female-fighter/helm15-wqnj0/runs/xbr2x-x2,sprites,human-female-fighter-helm15-wqnj0-xbr2x,1,sprites:family:0x6110:helmet:item-animation-code:J0:WQNJ0,sprite/families/playable-characters/6110-human-female-fighter/helm15-wqnj0/runs/xbr2x-x2,sprite-build,sprite/families/playable-characters/6110-human-female-fighter/helm15-wqnj0/runs/xbr2x-x2/build/build-manifest.json,sprite/families/playable-characters/6110-human-female-fighter/helm15-wqnj0/source/manifest.json,built-pending-ingame-qa,pending,historical,,verified,present,verified,no,
sprites:sprite/families/playable-characters/6110-human-female-fighter/helm16-wqnj4/runs/xbr2x-x2,sprites,human-female-fighter-helm16-wqnj4-xbr2x,1,sprites:family:0x6110:helmet:item-animation-code:J4:WQNJ4,sprite/families/playable-characters/6110-human-female-fighter/helm16-wqnj4/runs/xbr2x-x2,sprite-build,sprite/families/playable-characters/6110-human-female-fighter/helm16-wqnj4/runs/xbr2x-x2/build/build-manifest.json,sprite/families/playable-characters/6110-human-female-fighter/helm16-wqnj4/source/manifest.json,built-pending-ingame-qa,pending,historical,,verified,present,verified,no,
sprites:sprite/families/playable-characters/6110-human-female-fighter/helm21-wqnj2/runs/xbr2x-x2,sprites,human-female-fighter-helm21-wqnj2-xbr2x,1,sprites:family:0x6110:helmet:item-animation-code:J2:WQNJ2,sprite/families/playable-characters/6110-human-female-fighter/helm21-wqnj2/runs/xbr2x-x2,sprite-build,sprite/families/playable-characters/6110-human-female-fighter/helm21-wqnj2/runs/xbr2x-x2/build/build-manifest.json,sprite/families/playable-characters/6110-human-female-fighter/helm21-wqnj2/source/manifest.json,built-pending-ingame-qa,pending,historical,,verified,present,verified,no,
sprites:sprite/families/playable-characters/6110-human-female-fighter/ihelm10-wqnh5/runs/xbr2x-x2,sprites,human-female-fighter-ihelm10-wqnh5-xbr2x,1,sprites:family:0x6110:helmet:item-animation-code:H5:WQNH5,sprite/families/playable-characters/6110-human-female-fighter/ihelm10-wqnh5/runs/xbr2x-x2,sprite-build,sprite/families/playable-characters/6110-human-female-fighter/ihelm10-wqnh5/runs/xbr2x-x2/build/build-manifest.json,sprite/families/playable-characters/6110-human-female-fighter/ihelm10-wqnh5/source/manifest.json,built-pending-ingame-qa,pending,historical,,verified,present,verified,no,
sprites:sprite/families/playable-characters/6110-human-female-fighter/ishld03-wqnd3/runs/xbr2x-x2,sprites,human-female-fighter-ishld03-wqnd3-xbr2x,1,sprites:family:0x6110:shield:item-animation-code:D3:WQND3,sprite/families/playable-characters/6110-human-female-fighter/ishld03-wqnd3/runs/xbr2x-x2,sprite-build,sprite/families/playable-characters/6110-human-female-fighter/ishld03-wqnd3/runs/xbr2x-x2/build/build-manifest.json,sprite/families/playable-characters/6110-human-female-fighter/ishld03-wqnd3/source/manifest.json,built-pending-ingame-qa,pending,historical,,verified,present,verified,no,
sprites:sprite/families/playable-characters/6110-human-female-fighter/misc5t-wqnq3/runs/xbr2x-x2,sprites,human-female-fighter-misc5t-wqnq3-xbr2x,1,sprites:family:0x6110:weapon:item-animation-code:Q3:WQNQ3,sprite/families/playable-characters/6110-human-female-fighter/misc5t-wqnq3/runs/xbr2x-x2,sprite-build,sprite/families/playable-characters/6110-human-female-fighter/misc5t-wqnq3/runs/xbr2x-x2/build/build-manifest.json,sprite/families/playable-characters/6110-human-female-fighter/misc5t-wqnq3/source/manifest.json,built-pending-ingame-qa,pending,historical,,verified,present,verified,no,
sprites:sprite/families/playable-characters/6110-human-female-fighter/misc9p-wqnh1/runs/xbr2x-x2,sprites,human-female-fighter-misc9p-wqnh1-xbr2x,1,sprites:family:0x6110:helmet:item-animation-code:H1:WQNH1,sprite/families/playable-characters/6110-human-female-fighter/misc9p-wqnh1/runs/xbr2x-x2,sprite-build,sprite/families/playable-characters/6110-human-female-fighter/misc9p-wqnh1/runs/xbr2x-x2/build/build-manifest.json,sprite/families/playable-characters/6110-human-female-fighter/misc9p-wqnh1/source/manifest.json,built-pending-ingame-qa,pending,historical,,verified,present,verified,no,
sprites:sprite/families/playable-characters/6110-human-female-fighter/misc9q-wqns3/runs/xbr2x-x2,sprites,human-female-fighter-misc9q-wqns3-xbr2x,1,sprites:family:0x6110:weapon:item-animation-code:S3:WQNS3,sprite/families/playable-characters/6110-human-female-fighter/misc9q-wqns3/runs/xbr2x-x2,sprite-build,sprite/families/playable-characters/6110-human-female-fighter/misc9q-wqns3/runs/xbr2x-x2/build/build-manifest.json,sprite/families/playable-characters/6110-human-female-fighter/misc9q-wqns3/source/manifest.json,built-pending-ingame-qa,pending,historical,,verified,present,verified,no,
sprites:sprite/families/playable-characters/6110-human-female-fighter/npsw06-wqnf2/runs/xbr2x-x2,sprites,human-female-fighter-npsw06-wqnf2-xbr2x,1,sprites:family:0x6110:weapon:item-animation-code:F2:WQNF2,sprite/families/playable-characters/6110-human-female-fighter/npsw06-wqnf2/runs/xbr2x-x2,sprite-build,sprite/families/playable-characters/6110-human-female-fighter/npsw06-wqnf2/runs/xbr2x-x2/build/build-manifest.json,sprite/families/playable-characters/6110-human-female-fighter/npsw06-wqnf2/source/manifest.json,built-pending-ingame-qa,pending,historical,,verified,present,verified,no,
sprites:sprite/families/playable-characters/6110-human-female-fighter/ohnslng1-wqnsl/runs/xbr2x-x2,sprites,human-female-fighter-ohnslng1-wqnsl-xbr2x,1,sprites:family:0x6110:weapon:item-animation-code:SL:WQNSL,sprite/families/playable-characters/6110-human-female-fighter/ohnslng1-wqnsl/runs/xbr2x-x2,sprite-build,sprite/families/playable-characters/6110-human-female-fighter/ohnslng1-wqnsl/runs/xbr2x-x2/build/build-manifest.json,sprite/families/playable-characters/6110-human-female-fighter/ohnslng1-wqnsl/source/manifest.json,built-pending-ingame-qa,pending,historical,,verified,present,verified,no,
sprites:sprite/families/playable-characters/6110-human-female-fighter/shld01-wqnc0/runs/xbr2x-x2,sprites,human-female-fighter-shld01-wqnc0-xbr2x,1,sprites:family:0x6110:shield:item-animation-code:C0:WQNC0,sprite/families/playable-characters/6110-human-female-fighter/shld01-wqnc0/runs/xbr2x-x2,sprite-build,sprite/families/playable-characters/6110-human-female-fighter/shld01-wqnc0/runs/xbr2x-x2/build/build-manifest.json,sprite/families/playable-characters/6110-human-female-fighter/shld01-wqnc0/source/manifest.json,built-pending-ingame-qa,pending,historical,,verified,present,verified,no,
sprites:sprite/families/playable-characters/6110-human-female-fighter/shld03-wqnc1/runs/xbr2x-x2,sprites,human-female-fighter-shld03-wqnc1-xbr2x,1,sprites:family:0x6110:shield:item-animation-code:C1:WQNC1,sprite/families/playable-characters/6110-human-female-fighter/shld03-wqnc1/runs/xbr2x-x2,sprite-build,sprite/families/playable-characters/6110-human-female-fighter/shld03-wqnc1/runs/xbr2x-x2/build/build-manifest.json,sprite/families/playable-characters/6110-human-female-fighter/shld03-wqnc1/source/manifest.json,built-pending-ingame-qa,pending,historical,,verified,present,verified,no,
sprites:sprite/families/playable-characters/6110-human-female-fighter/shld05-wqnc2/runs/xbr2x-x2,sprites,human-female-fighter-shld05-wqnc2-xbr2x,1,sprites:family:0x6110:shield:item-animation-code:C2:WQNC2,sprite/families/playable-characters/6110-human-female-fighter/shld05-wqnc2/runs/xbr2x-x2,sprite-build,sprite/families/playable-characters/6110-human-female-fighter/shld05-wqnc2/runs/xbr2x-x2/build/build-manifest.json,sprite/families/playable-characters/6110-human-female-fighter/shld05-wqnc2/source/manifest.json,built-pending-ingame-qa,pending,historical,,verified,present,verified,no,
sprites:sprite/families/playable-characters/6110-human-female-fighter/shld05a-wqnd4/runs/xbr2x-x2,sprites,human-female-fighter-shld05a-wqnd4-xbr2x,1,sprites:family:0x6110:shield:item-animation-code:D4:WQND4,sprite/families/playable-characters/6110-human-female-fighter/shld05a-wqnd4/runs/xbr2x-x2,sprite-build,sprite/families/playable-characters/6110-human-female-fighter/shld05a-wqnd4/runs/xbr2x-x2/build/build-manifest.json,sprite/families/playable-characters/6110-human-female-fighter/shld05a-wqnd4/source/manifest.json,built-pending-ingame-qa,pending,historical,,verified,present,verified,no,
sprites:sprite/families/playable-characters/6110-human-female-fighter/shld07-wqnc6/runs/xbr2x-x2,sprites,human-female-fighter-shld07-wqnc6-xbr2x,1,sprites:family:0x6110:shield:item-animation-code:C6:WQNC6,sprite/families/playable-characters/6110-human-female-fighter/shld07-wqnc6/runs/xbr2x-x2,sprite-build,sprite/families/playable-characters/6110-human-female-fighter/shld07-wqnc6/runs/xbr2x-x2/build/build-manifest.json,sprite/families/playable-characters/6110-human-female-fighter/shld07-wqnc6/source/manifest.json,built-pending-ingame-qa,pending,historical,,verified,present,verified,no,
sprites:sprite/families/playable-characters/6110-human-female-fighter/shld08-wqnc4/runs/xbr2x-x2,sprites,human-female-fighter-shld08-wqnc4-xbr2x,1,sprites:family:0x6110:shield:item-animation-code:C4:WQNC4,sprite/families/playable-characters/6110-human-female-fighter/shld08-wqnc4/runs/xbr2x-x2,sprite-build,sprite/families/playable-characters/6110-human-female-fighter/shld08-wqnc4/runs/xbr2x-x2/build/build-manifest.json,sprite/families/playable-characters/6110-human-female-fighter/shld08-wqnc4/source/manifest.json,built-pending-ingame-qa,pending,historical,,verified,present,verified,no,
sprites:sprite/families/playable-characters/6110-human-female-fighter/shld26-wqnc5/runs/xbr2x-x2,sprites,human-female-fighter-shld26-wqnc5-xbr2x,1,sprites:family:0x6110:shield:item-animation-code:C5:WQNC5,sprite/families/playable-characters/6110-human-female-fighter/shld26-wqnc5/runs/xbr2x-x2,sprite-build,sprite/families/playable-characters/6110-human-female-fighter/shld26-wqnc5/runs/xbr2x-x2/build/build-manifest.json,sprite/families/playable-characters/6110-human-female-fighter/shld26-wqnc5/source/manifest.json,built-pending-ingame-qa,pending,historical,,verified,present,verified,no,
sprites:sprite/families/playable-characters/6110-human-female-fighter/staf02-wqnq2/runs/xbr2x-x2,sprites,human-female-fighter-staf02-wqnq2-xbr2x,1,sprites:family:0x6110:weapon:item-animation-code:Q2:WQNQ2,sprite/families/playable-characters/6110-human-female-fighter/staf02-wqnq2/runs/xbr2x-x2,sprite-build,sprite/families/playable-characters/6110-human-female-fighter/staf02-wqnq2/runs/xbr2x-x2/build/build-manifest.json,sprite/families/playable-characters/6110-human-female-fighter/staf02-wqnq2/source/manifest.json,built-pending-ingame-qa,pending,historical,,verified,present,verified,no,
sprites:sprite/families/playable-characters/6110-human-female-fighter/staf09-wqnq4/runs/xbr2x-x2,sprites,human-female-fighter-staf09-wqnq4-xbr2x,1,sprites:family:0x6110:weapon:item-animation-code:Q4:WQNQ4,sprite/families/playable-characters/6110-human-female-fighter/staf09-wqnq4/runs/xbr2x-x2,sprite-build,sprite/families/playable-characters/6110-human-female-fighter/staf09-wqnq4/runs/xbr2x-x2/build/build-manifest.json,sprite/families/playable-characters/6110-human-female-fighter/staf09-wqnq4/source/manifest.json,built-pending-ingame-qa,pending,historical,,verified,present,verified,no,
sprites:sprite/families/playable-characters/6110-human-female-fighter/staf11-wqngs/runs/xbr2x-x2,sprites,human-female-fighter-staf11-wqngs-xbr2x,1,sprites:family:0x6110:weapon:item-animation-code:GS:WQNGS,sprite/families/playable-characters/6110-human-female-fighter/staf11-wqngs/runs/xbr2x-x2,sprite-build,sprite/families/playable-characters/6110-human-female-fighter/staf11-wqngs/runs/xbr2x-x2/build/build-manifest.json,sprite/families/playable-characters/6110-human-female-fighter/staf11-wqngs/source/manifest.json,built-pending-ingame-qa,pending,historical,,verified,present,verified,no,
sprites:sprite/families/playable-characters/6110-human-female-fighter/sw1h01-wqns0/runs/xbr2x-x2,sprites,human-female-fighter-sw1h01-wqns0-xbr2x,1,sprites:family:0x6110:weapon:item-animation-code:S0:WQNS0,sprite/families/playable-characters/6110-human-female-fighter/sw1h01-wqns0/runs/xbr2x-x2,sprite-build,sprite/families/playable-characters/6110-human-female-fighter/sw1h01-wqns0/runs/xbr2x-x2/build/build-manifest.json,sprite/families/playable-characters/6110-human-female-fighter/sw1h01-wqns0/source/manifest.json,built-pending-ingame-qa,pending,historical,,verified,present,verified,no,
sprites:sprite/families/playable-characters/6110-human-female-fighter/wings01-wqnzw/runs/xbr2x-x2,sprites,human-female-fighter-wings01-wqnzw-xbr2x,1,sprites:family:0x6110:helmet:item-animation-code:ZW:WQNZW,sprite/families/playable-characters/6110-human-female-fighter/wings01-wqnzw/runs/xbr2x-x2,sprite-build,sprite/families/playable-characters/6110-human-female-fighter/wings01-wqnzw/runs/xbr2x-x2/build/build-manifest.json,sprite/families/playable-characters/6110-human-female-fighter/wings01-wqnzw/source/manifest.json,built-pending-ingame-qa,pending,historical,,verified,present,verified,no,
videos:flythr03-interpolation-apollo8-30fps-v1,videos,flythr03-interpolation-apollo8-30fps-v1,1,videos:movie-default-flythr03,video/flythr03/runs/flythr03-interpolation-apollo8-30fps-v1,topaz-video-apollo8-30fps-v1,video/flythr03/runs/flythr03-interpolation-apollo8-30fps-v1/run.json,pipeline/topaz/recipes/Video-Interpolation-Apollo8-30fps-v1.json,failed,not-assessed,unselected,,verified,none,verified,no,sortie interpolation invalide: topaz_exact_double_frame_count
videos:flythr03-interpolation-apollo8-30fps-v2,videos,flythr03-interpolation-apollo8-30fps-v2,1,videos:movie-default-flythr03,video/flythr03/runs/flythr03-interpolation-apollo8-30fps-v2,topaz-video-apollo8-30fps-v1,video/flythr03/runs/flythr03-interpolation-apollo8-30fps-v2/run.json,pipeline/topaz/recipes/Video-Interpolation-Apollo8-30fps-v1.json,completed,not-assessed,unselected,,verified,verified,verified,no,"interpolation Apollo 8 vérifiée; encodage final, audio, intégration, QA et release non évalués"
videos:flythr03-interpolation-comparison-20260831,videos,flythr03-interpolation-comparison-20260831,1,videos:movie-default-flythr03,video/flythr03/runs/flythr03-interpolation-comparison-20260831,topaz-video-interpolation-comparison-prototype-v1,video/flythr03/runs/flythr03-interpolation-comparison-20260831/run.json,video/runs/flythr03-interpolation-comparison-20260831/run_trials.py,completed,not-assessed,unselected,,verified,verified,verified,no,"Comparison completed; Apollo 8 selected. Canonical recipe disables approximate duplicate detection. Asset QA, final encoding, audio, integration and release remain not assessed."
videos:flythr03-lab-interpolation-apollo8-30fps-v1,videos,flythr03-lab-interpolation-apollo8-30fps-v1,1,videos:movie-default-flythr03,video/flythr03/runs/flythr03-lab-interpolation-apollo8-30fps-v1,topaz-video-apollo8-30fps-v1,video/flythr03/runs/flythr03-lab-interpolation-apollo8-30fps-v1/run.json,pipeline/topaz/recipes/Video-Interpolation-Apollo8-30fps-v1.json,completed,pipeline-method,validated-interpolation,video/index/processing.csv,verified,verified,verified,no,"interpolation Apollo 8 vérifiée; encodage final, audio, intégration, QA et release non évalués"
videos:flythr03-method-prototype-20260831,videos,flythr03-method-prototype-20260831,1,videos:movie-default-flythr03,video/flythr03/runs/flythr03-method-prototype-20260831,seedvr2-video-3b-int8-1080p-v1,video/flythr03/runs/flythr03-method-prototype-20260831/run.json,pipeline/comfyui/workflows/SeedVR-Video-BG2-3B-INT8-1080p-v1.api.json,completed,not-assessed,unselected,,verified,verified,verified,no,"Method validation only. Asset QA, interpolation, final encoding, audio mastering, in-game integration and release selection are not assessed."
videos:flythr03-upscale-seedvr2-lab-prototype-v1,videos,flythr03-upscale-seedvr2-lab-prototype-v1,1,videos:movie-default-flythr03,video/flythr03/runs/flythr03-upscale-seedvr2-lab-prototype-v1,seedvr2-video-3b-int8-1080p-lab-experiment-v1,video/flythr03/runs/flythr03-upscale-seedvr2-lab-prototype-v1/run.json,video/runs/flythr03-upscale-seedvr2-lab-prototype-v1/workflow-lab.api.json,completed,pipeline-method,validated-upscale,video/index/processing.csv,verified,verified,verified,no,SeedVR LAB experiment verified; not selected as canonical recipe
videos:video-daynite-comfyui-experiment,videos,video-daynite-comfyui-experiment,1,videos:movie-default-daynite,video/daynite/runs/daynite-comfyui-experiment-20260814,historical-video-work-products,docs/workspace-cleanup-manifest.json,,historical-work-products-unselected,not-assessed,historical-unselected,,documented,present,verified-move,yes,One MP4 experiment retained without QA inference.
videos:video-legacy-webm-conversions,videos,video-legacy-webm-conversions,37,videos:movie-de_de-end15fps | videos:movie-de_de-intro | videos:movie-de_de-intro15f | videos:movie-de_de-melissan | videos:movie-default-blackpit | videos:movie-default-daynite | videos:movie-default-deathand | videos:movie-default-dorngorg | videos:movie-default-dorntree | videos:movie-default-end15fps | videos:movie-default-endcrdit | videos:movie-default-flythr01 | videos:movie-default-flythr02 | videos:movie-default-flythr03 | videos:movie-default-flythr04 | videos:movie-default-hexxatdr | videos:movie-default-intro | videos:movie-default-intro15f | videos:movie-default-logo | videos:movie-default-manaforg | videos:movie-default-melissan | videos:movie-default-neeraes | videos:movie-default-niteday | videos:movie-default-outro | videos:movie-default-pocketzz | videos:movie-default-rasaadmi | videos:movie-default-rasaadte | videos:movie-default-rest | videos:movie-default-restdung | videos:movie-default-restinn | videos:movie-default-saradush | videos:movie-it_it-end15fps | videos:movie-it_it-intro15f | videos:movie-pl_pl-end15fps | videos:movie-pl_pl-intro | videos:movie-pl_pl-intro15f | videos:movie-pl_pl-melissan,video/<movie-source-directory>/runs/legacy-webm-conversion-20260814,historical-video-work-products,docs/workspace-cleanup-manifest.json,,historical-work-products-unselected,not-assessed,historical-unselected,,documented,present,verified-move,yes,Systematic WebM derivatives retained per movie asset; canonical WBM sources remain unchanged.
videos:video-pocketzz-comfyui-experiments,videos,video-pocketzz-comfyui-experiments,1,videos:movie-default-pocketzz,video/pocketzz/runs/pocketzz-comfyui-experiments-20260814,historical-video-work-products,docs/workspace-cleanup-manifest.json,,historical-work-products-unselected,not-assessed,historical-unselected,,documented,present,verified-move,yes,Five MP4 experiments and three 90-frame review sequences retained without QA inference.
videos:video-restdung-comfyui-experiment,videos,video-restdung-comfyui-experiment,1,videos:movie-default-restdung,video/restdung/runs/restdung-comfyui-experiment-20260814,historical-video-work-products,docs/workspace-cleanup-manifest.json,,historical-work-products-unselected,not-assessed,historical-unselected,,documented,present,verified-move,yes,One MP4 experiment retained without QA inference.
